cycle_index,true_soh,pred_soh_deepopinn,pred_soh_lax,pred_soh_fusion_raw,pred_soh_fusion_post,true_kpd,pred_kpd,true_knee_cycle,pred_knee_cycle,split
0,1.0914104,1.0822241,1.0854999,1.0804026,1.0803694478231765,1.5702249,1.4730068,1750,1742,train
1,1.0914152,1.080802,1.0851829,1.0795844,1.080403397944097,1.5702245,1.4667397,1750,1742,train
2,1.0908148,1.0770801,1.0856509,1.0780203,1.0804351688326665,1.5702243,1.4471369,1750,1742,train
3,1.0908794,1.0817144,1.0873822,1.080835,1.080464760488885,1.5702239,1.4283568,1750,1742,train
4,1.0910647,1.0811667,1.0867906,1.0802637,1.0804921729127526,1.5702236,1.4165667,1750,1742,train
5,1.0901572,1.0814843,1.0857961,1.0800495,1.0805174061042693,1.5702232,1.4380697,1750,1742,train
6,1.0902443,1.0818427,1.0856094,1.0801153,1.0805404600634347,1.570223,1.435361,1750,1742,train
7,1.0902528,1.0820819,1.0855818,1.0801979,1.0805613347902494,1.5702226,1.4322902,1750,1742,train
8,1.090305,1.080624,1.0854733,1.0799704,1.080580030284713,1.5702223,1.5465838,1750,1742,train
9,1.0902275,1.0821459,1.0867993,1.0813004,1.0805965465468257,1.5702219,1.5547538,1750,1742,train
10,1.0901967,1.0805962,1.0861309,1.0802684,1.0806108835765873,1.5702217,1.5492179,1750,1742,train
11,1.0896573,1.0816889,1.0865855,1.0809125,1.080623041373998,1.5702213,1.5344707,1750,1742,train
12,1.0896308,1.0791397,1.0860236,1.0795842,1.0806330199390577,1.570221,1.5559201,1750,1742,train
13,1.0895889,1.0804584,1.0871153,1.080751,1.0806408192717663,1.5702206,1.5731783,1750,1742,train
14,1.0895201,1.0794566,1.0872614,1.0803367,1.080646439372124,1.5702202,1.5668347,1750,1742,train
15,1.0889878,1.0825198,1.0872363,1.0816745,1.0806498802401308,1.57022,1.5559393,1750,1742,train
16,1.089052,1.0828652,1.0867968,1.0812366,1.0806511418757865,1.5702196,1.4615932,1750,1742,train
17,1.0890781,1.084264,1.0877209,1.0822873,1.0806502242790912,1.5702193,1.4599943,1750,1742,train
18,1.0890726,1.0832963,1.0867292,1.0814178,1.080647127450045,1.5702189,1.4653277,1750,1742,train
19,1.089106,1.082092,1.0870001,1.0809221,1.0806418513886478,1.5702187,1.4487655,1750,1742,train
20,1.0884973,1.0803051,1.0866537,1.0800099,1.0806343960948996,1.5702183,1.4622087,1750,1742,train
21,1.0884908,1.0804291,1.0866809,1.0800827,1.0806247615688005,1.570218,1.4631313,1750,1742,train
22,1.088965,1.082099,1.0872531,1.0810689,1.0806129478103503,1.5702176,1.4552759,1750,1742,train
23,1.088464,1.0802763,1.0866705,1.0799732,1.0805989548195492,1.5702173,1.4550002,1750,1742,train
24,1.0880016,1.0829028,1.0867771,1.0816284,1.080582782596397,1.5702169,1.5532728,1750,1742,train
25,1.0879738,1.0826205,1.0865694,1.0813184,1.0805644311408726,1.5702167,1.5319355,1750,1742,train
26,1.0880271,1.0791962,1.0869486,1.0798813,1.0805244001111494,1.5702163,1.5191153,1750,1742,train
27,1.0879653,1.0805435,1.0855143,1.0799239,1.080496430002789,1.570216,1.5395436,1750,1742,train
28,1.0874026,1.081186,1.0866103,1.0807405,1.0804576989102845,1.5702156,1.5455534,1750,1742,train
29,1.0873861,1.080533,1.0866023,1.0804417,1.0804286954756377,1.5702152,1.5460215,1750,1742,train
30,1.0874852,1.0800216,1.0856497,1.0797085,1.0803941834561082,1.570215,1.5298178,1750,1742,train
31,1.0874269,1.0827522,1.0866752,1.0814254,1.080331641165991,1.5702146,1.531687,1750,1742,train
32,1.0874525,1.0821955,1.0860903,1.0808339,1.0802828924807286,1.5702143,1.5143745,1750,1742,train
33,1.087457,1.0819366,1.0861095,1.0806993,1.0802137550323203,1.5702139,1.5082363,1750,1742,train
34,1.0874407,1.07952,1.0852461,1.0791829,1.0801329853315824,1.5702136,1.5026205,1750,1742,train
35,1.086868,1.0791614,1.0871125,1.0798627,1.0801071800643525,1.5702132,1.5005572,1750,1742,train
36,1.0868188,1.0788425,1.0874515,1.0798182,1.0800471843340467,1.5702128,1.4877727,1750,1742,train
37,1.0868244,1.0783675,1.0873971,1.07957,1.0800025019684034,1.5702126,1.486055,1750,1742,train
38,1.0868477,1.0792139,1.0871049,1.0798404,1.0799567462709279,1.5702122,1.4904468,1750,1742,train
39,1.0868628,1.0796777,1.0869999,1.080019,1.0799320447663143,1.5702119,1.4941349,1750,1742,train
40,1.0868512,1.079681,1.0869545,1.0800025,1.0799030605648954,1.5702115,1.4947764,1750,1742,train
41,1.0868672,1.0788586,1.0868489,1.07954,1.079890383348597,1.5702112,1.4852707,1750,1742,train
42,1.0862938,1.078859,1.0852294,1.0788723,1.0798593392504006,1.5702108,1.5020198,1750,1742,train
43,1.0862242,1.079454,1.0856628,1.0793405,1.0798814346648122,1.5702105,1.5019983,1750,1742,train
44,1.0861949,1.0816922,1.0870605,1.0809499,1.0798973695870184,1.5702102,1.4911354,1750,1742,train
45,1.086259,1.0814421,1.0865922,1.0806601,1.0798936880129584,1.5702099,1.5000203,1750,1742,train
46,1.0857346,1.0821302,1.0875139,1.0813323,1.0798568780884965,1.5702095,1.4855708,1750,1742,train
47,1.0857662,1.0822272,1.0875329,1.081379,1.079822110887805,1.5702091,1.4841322,1750,1742,train
48,1.0857853,1.0801682,1.0861251,1.0798075,1.0798169515819014,1.5702088,1.4857612,1750,1742,train
49,1.0858102,1.079669,1.0863149,1.0796378,1.0797782266997609,1.5702084,1.4788717,1750,1742,train
50,1.085198,1.0807981,1.0855834,1.0798943,1.0797835886822482,1.5702081,1.4969602,1750,1742,train
51,1.0851784,1.0811203,1.0857196,1.0800948,1.0798114595300885,1.5702077,1.4950638,1750,1742,train
52,1.0852298,1.0794636,1.0863163,1.0796101,1.0797991177301562,1.5702074,1.4942098,1750,1742,train
53,1.0852512,1.079454,1.0872144,1.0798838,1.0797900465158876,1.570207,1.4634084,1750,1742,train
54,1.085229,1.0796351,1.0872393,1.0799782,1.0798283550309153,1.5702068,1.4635491,1750,1742,train
55,1.0852536,1.0789173,1.0870101,1.0795449,1.079840901524449,1.5702064,1.4629889,1750,1742,train
56,1.0846671,1.0811665,1.0864058,1.0801798,1.0798319105966876,1.570206,1.4373152,1750,1742,train
57,1.084641,1.0805352,1.0860071,1.0796754,1.0798552360520195,1.5702057,1.4292649,1750,1742,train
58,1.0846157,1.0810869,1.0870531,1.0803834,1.079875858084543,1.5702053,1.4247274,1750,1742,train
59,1.0846102,1.0812981,1.0872135,1.0805551,1.079923794880802,1.570205,1.4252684,1750,1742,train
60,1.0840542,1.07944,1.0879483,1.0801048,1.0799171286705451,1.5702046,1.4387004,1750,1742,train
61,1.0840943,1.0802058,1.0876917,1.0803283,1.0799249740372392,1.5702043,1.4369972,1750,1742,train
62,1.0841058,1.0813012,1.0873224,1.0805571,1.0799406149014037,1.5702039,1.4142457,1750,1742,train
63,1.0841241,1.0785992,1.0868818,1.0791934,1.0799366947656561,1.5702035,1.429064,1750,1742,train
64,1.0840889,1.0799117,1.0858766,1.0794544,1.0799282858678205,1.5702032,1.4571021,1750,1742,train
65,1.0840265,1.0791283,1.0857731,1.0790635,1.0799482693750053,1.5702028,1.4600323,1750,1742,train
66,1.0835714,1.0811796,1.0855467,1.0798678,1.0799719261208618,1.5702025,1.4542284,1750,1742,train
67,1.0835203,1.0817893,1.0858395,1.080293,1.0799808338702468,1.5702021,1.4575418,1750,1742,train
68,1.0835302,1.0812848,1.0852253,1.0798504,1.0799663314225303,1.5702018,1.4730816,1750,1742,train
69,1.0835227,1.080624,1.0850809,1.07945,1.0799529485630586,1.5702014,1.4651555,1750,1742,train
70,1.0835465,1.080932,1.0855381,1.079751,1.0799577891665755,1.570201,1.454147,1750,1742,train
71,1.0834564,1.0808922,1.0861866,1.0800202,1.0799976538071432,1.5702007,1.4521859,1750,1742,train
72,1.0829058,1.0796235,1.0874816,1.0800279,1.080020389091572,1.5702003,1.45074,1750,1742,train
73,1.0829593,1.0798683,1.0874407,1.0801303,1.0800363799691586,1.5702,1.4529785,1750,1742,train
74,1.0830015,1.080645,1.0869153,1.0803151,1.0800520675649634,1.5701996,1.4694774,1750,1742,train
75,1.0830231,1.0816157,1.0868208,1.0807316,1.0800400024043515,1.5701994,1.4737079,1750,1742,train
76,1.0824677,1.0798123,1.0872097,1.0800236,1.0800383544761294,1.570199,1.4585572,1750,1742,train
77,1.0825053,1.0797086,1.0875745,1.0800892,1.0800563707397697,1.5701987,1.4461844,1750,1742,train
78,1.082457,1.0795269,1.085172,1.0789555,1.0800482005575305,1.5701983,1.4565642,1750,1742,train
79,1.082399,1.0797988,1.085494,1.0792382,1.0800613221496838,1.5701979,1.4593477,1750,1742,train
80,1.0824075,1.0790211,1.0878634,1.0798609,1.0800755456008417,1.5701976,1.4353657,1750,1742,train
81,1.0819232,1.0810776,1.0855771,1.0798715,1.0800726102749358,1.5701972,1.4625641,1750,1742,train
82,1.0818776,1.0825253,1.0861169,1.0806838,1.0800832982062971,1.5701967,1.4414003,1750,1742,train
83,1.0818968,1.0823658,1.086,1.0805565,1.0800778792693706,1.5701964,1.4410994,1750,1742,train
84,1.0819141,1.0807924,1.0855656,1.0797048,1.0800840699763479,1.570196,1.4552305,1750,1742,train
85,1.0818582,1.0809755,1.0861869,1.0800414,1.080094707385047,1.5701957,1.4483033,1750,1742,train
86,1.0817897,1.081101,1.0864096,1.0801928,1.0801091307640271,1.5701953,1.4466777,1750,1742,train
87,1.0812807,1.0800982,1.0868375,1.0798924,1.0801193118999737,1.570195,1.4376049,1750,1742,train
88,1.0813274,1.0811579,1.0865817,1.0802957,1.0801403111851164,1.5701946,1.4462924,1750,1742,train
89,1.0813411,1.081331,1.0875624,1.0807916,1.0801255578980928,1.5701942,1.439394,1750,1742,train
90,1.081357,1.0809728,1.0864289,1.0800995,1.0800875873942835,1.5701939,1.4366426,1750,1742,train
91,1.081361,1.080573,1.0866601,1.079986,1.0800473364582661,1.5701935,1.4282401,1750,1742,train
92,1.0812842,1.0801814,1.087091,1.0799932,1.080043724010959,1.5701932,1.4256935,1750,1742,train
93,1.0807151,1.0812457,1.0859823,1.0799735,1.080041419879462,1.5701928,1.4261703,1750,1742,train
94,1.0808314,1.0805843,1.0873551,1.0802565,1.079997237364426,1.5701925,1.4165915,1750,1742,train
95,1.0807359,1.0800991,1.0874922,1.0801183,1.079943186410678,1.5701921,1.4210278,1750,1742,train
96,1.0807923,1.0798724,1.0869145,1.0797653,1.0798929009654117,1.5701917,1.4241405,1750,1742,train
97,1.0807836,1.0795399,1.0868216,1.0795593,1.0798519978358545,1.5701914,1.4213235,1750,1742,train
98,1.0807165,1.0809047,1.0857844,1.0796978,1.0798318873510246,1.570191,1.419384,1750,1742,train
99,1.0801407,1.0805359,1.0856472,1.0795333,1.0798009379824827,1.5701907,1.4342055,1750,1742,train
100,1.080159,1.0811387,1.0866117,1.0802357,1.079773647371663,1.5701903,1.431521,1750,1742,train
101,1.0802387,1.0816028,1.0857828,1.0801343,1.0797430599269415,1.57019,1.4465173,1750,1742,train
102,1.0802562,1.0813569,1.0850899,1.0796491,1.0796901524281375,1.5701895,1.4334891,1750,1742,train
103,1.0797517,1.0807163,1.0865197,1.0799935,1.0796559951149052,1.5701891,1.429684,1750,1742,train
104,1.0797442,1.0801948,1.0858772,1.0794446,1.079607450691219,1.5701888,1.4254836,1750,1742,train
105,1.0796838,1.0798299,1.0861318,1.0793797,1.0795495483045519,1.5701884,1.4220499,1750,1742,train
106,1.0796567,1.079777,1.0861719,1.0793695,1.0795209189741395,1.570188,1.4211017,1750,1742,train
107,1.0797037,1.0799781,1.085979,1.079409,1.0794808948595218,1.5701877,1.4292036,1750,1742,train
108,1.07973,1.0801609,1.0855713,1.079331,1.0794589336402782,1.5701873,1.4348602,1750,1742,train
109,1.0791789,1.0798835,1.0865481,1.0795645,1.0794541963637192,1.570187,1.415416,1750,1742,train
110,1.0791641,1.07986,1.0867846,1.0796252,1.0794248711809076,1.5701866,1.4072735,1750,1742,train
111,1.0791421,1.0802314,1.0847251,1.0790124,1.0793915047764484,1.5701863,1.4429214,1750,1742,train
112,1.0790696,1.0803661,1.0850985,1.0792996,1.0793664242047094,1.5701858,1.4556241,1750,1742,train
113,1.0791045,1.0803511,1.0847268,1.0791472,1.0793299801084972,1.5701854,1.4612066,1750,1742,train
114,1.0791562,1.0774449,1.0870206,1.0788339,1.0793007454214913,1.5701851,1.4523523,1750,1742,train
115,1.0791597,1.0798929,1.086642,1.0796666,1.0792535927107054,1.5701847,1.4278098,1750,1742,train
116,1.0786879,1.0804329,1.0848124,1.0791553,1.0792289468023515,1.5701844,1.4455264,1750,1742,train
117,1.0786397,1.0794125,1.0843254,1.0784409,1.0791775013420706,1.570184,1.4391105,1750,1742,train
118,1.0785687,1.079479,1.0846777,1.0786232,1.0791589929421748,1.5701836,1.4371154,1750,1742,train
119,1.0785899,1.080317,1.0858448,1.0795166,1.0791132190996353,1.5701832,1.432555,1750,1742,train
120,1.0785961,1.0801973,1.0854797,1.0793604,1.0790838564521268,1.5701828,1.4472826,1750,1742,train
121,1.0786,1.0805538,1.0851488,1.0794258,1.0790621809069332,1.5701824,1.4597827,1750,1742,train
122,1.078081,1.0797782,1.0858898,1.0793239,1.0790364375840351,1.5701821,1.4397662,1750,1742,train
123,1.0780716,1.0791919,1.0846967,1.0785177,1.0790165457310241,1.5701817,1.4408581,1750,1742,train
124,1.078041,1.0794373,1.0851904,1.0788538,1.0790004847654282,1.5701814,1.4406831,1750,1742,train
125,1.0780052,1.0794408,1.0851784,1.0788519,1.0789764561942703,1.5701809,1.4411463,1750,1742,train
126,1.0780594,1.0797464,1.0861952,1.0794452,1.0789666196687293,1.5701805,1.4389639,1750,1742,train
127,1.0775065,1.0801811,1.0860229,1.0796143,1.078914891002343,1.5701802,1.4503653,1750,1742,train
128,1.0775831,1.0790555,1.0858434,1.0790694,1.0788994171456707,1.5701798,1.4615711,1750,1742,train
129,1.0776432,1.0798197,1.0862023,1.0795137,1.0788850492630442,1.5701795,1.4462233,1750,1742,train
130,1.0775512,1.0793731,1.085464,1.0789796,1.0788426366369817,1.570179,1.4475582,1750,1742,train
131,1.0775119,1.0780957,1.085284,1.0784249,1.0788093801019643,1.5701786,1.4725786,1750,1742,train
132,1.0775309,1.0788918,1.0853157,1.0786791,1.0787806234428865,1.5701783,1.4443583,1750,1742,train
133,1.0775492,1.0786045,1.0859439,1.0788704,1.0787278771030315,1.5701779,1.4524453,1750,1742,train
134,1.0770133,1.0785937,1.0844026,1.0781829,1.0786737878205361,1.5701776,1.4572115,1750,1742,train
135,1.0769931,1.0774847,1.0851173,1.0780271,1.0786170396111412,1.5701771,1.4623777,1750,1742,train
136,1.0769038,1.0791415,1.0841017,1.0783418,1.0785678961600327,1.5701767,1.4681159,1750,1742,train
137,1.0769498,1.0789503,1.0837661,1.078124,1.07849010645932,1.5701764,1.4732969,1750,1742,train
138,1.076924,1.0771108,1.0855858,1.0780973,1.0784212638195971,1.570176,1.4685295,1750,1742,train
139,1.0770211,1.0774918,1.0853491,1.078174,1.0783528247023335,1.5701756,1.4711618,1750,1742,train
140,1.0770068,1.0795602,1.0862603,1.0794288,1.0782921501090241,1.5701752,1.4477571,1750,1742,train
141,1.076462,1.0787463,1.0840917,1.0781115,1.0782459784116576,1.5701748,1.4574525,1750,1742,train
142,1.0764847,1.0797596,1.0850624,1.0789306,1.078185233274012,1.5701745,1.4380863,1750,1742,train
143,1.0763614,1.0784676,1.0838507,1.077816,1.0780966473169868,1.5701741,1.4439774,1750,1742,train
144,1.0764103,1.079379,1.0849221,1.078707,1.0780232055759067,1.5701736,1.4411685,1750,1742,train
145,1.076451,1.0792975,1.0845526,1.0785264,1.0779532074034317,1.5701733,1.4468553,1750,1742,train
146,1.0764506,1.0788231,1.0842451,1.0781977,1.07790502257873,1.5701729,1.4531475,1750,1742,train
147,1.0764687,1.0786266,1.0839868,1.0779641,1.0778532881367051,1.5701725,1.4471054,1750,1742,train
148,1.0758904,1.0773435,1.0840364,1.077425,1.0777955391730332,1.5701721,1.4521012,1750,1742,train
149,1.0757773,1.0768416,1.0841182,1.0772376,1.0777209835383421,1.5701717,1.4529078,1750,1742,train
150,1.0758128,1.0769198,1.0837654,1.0771347,1.0776484758441276,1.5701714,1.4580777,1750,1742,train
151,1.075865,1.0773544,1.0834146,1.0772172,1.0775792985980857,1.5701709,1.4684628,1750,1742,train
152,1.075891,1.0790173,1.0850683,1.0786229,1.0775462908799573,1.5701705,1.4442997,1750,1742,train
153,1.0759472,1.0763669,1.0837369,1.0769236,1.077506296261869,1.5701702,1.4704275,1750,1742,train
154,1.0759326,1.0769789,1.0836047,1.0771028,1.0774616634549312,1.5701698,1.4614462,1750,1742,train
155,1.0752786,1.0781128,1.0833068,1.0774275,1.0774547538848052,1.5701693,1.448812,1750,1742,train
156,1.0753576,1.077102,1.0830009,1.076913,1.0774089426909759,1.570169,1.4683547,1750,1742,train
157,1.0752921,1.0771518,1.0822029,1.0765353,1.0773526044871202,1.5701686,1.459975,1750,1742,train
158,1.0752935,1.0765975,1.0842896,1.0772276,1.077325112390487,1.5701681,1.4581709,1750,1742,train
159,1.0752472,1.0764525,1.0842261,1.077104,1.0772635963630424,1.5701678,1.45154,1750,1742,train
160,1.0752771,1.0780649,1.0832373,1.0773839,1.0771929867775187,1.5701674,1.4510813,1750,1742,train
161,1.0753133,1.0779498,1.0829375,1.0771983,1.0771332610441435,1.570167,1.4518809,1750,1742,train
162,1.0746845,1.0767844,1.0848458,1.0775474,1.0770929462223806,1.5701666,1.4537694,1750,1742,train
163,1.0747774,1.0771673,1.0843835,1.0775357,1.0770433722472295,1.5701662,1.4595734,1750,1742,train
164,1.0747834,1.0770634,1.0842142,1.0773847,1.0770114752689266,1.5701658,1.4534569,1750,1742,train
165,1.0747937,1.0766147,1.0832323,1.0767107,1.0769810561304736,1.5701654,1.4484373,1750,1742,train
166,1.0747641,1.0768919,1.0836068,1.0769821,1.0769725776441577,1.570165,1.44262,1750,1742,train
167,1.0747155,1.0765765,1.0839074,1.076972,1.0769247562256634,1.5701646,1.4417142,1750,1742,train
168,1.0741537,1.0768542,1.0838181,1.0771183,1.0769101413973583,1.5701642,1.4556303,1750,1742,train
169,1.0741898,1.0764282,1.0830436,1.07663,1.0768965710847955,1.5701638,1.4692438,1750,1742,train
170,1.0742238,1.0769956,1.0842373,1.077397,1.0769014727280917,1.5701634,1.4609308,1750,1742,train
171,1.0742196,1.0764346,1.083034,1.076575,1.076899228113484,1.570163,1.4568703,1750,1742,train
172,1.0741373,1.0764236,1.0835071,1.0767866,1.0768804520171926,1.5701627,1.4570438,1750,1742,train
173,1.0741231,1.0766284,1.0836892,1.0769696,1.0768533204024953,1.5701622,1.4585894,1750,1742,train
174,1.0741677,1.0765046,1.0832574,1.0767384,1.0768196723256211,1.5701618,1.4636884,1750,1742,train
175,1.0736383,1.0763474,1.0840204,1.0769795,1.0767764762729242,1.5701615,1.4555207,1750,1742,train
176,1.0736504,1.0763295,1.0838349,1.0769023,1.0767540990456894,1.570161,1.4590771,1750,1742,train
177,1.0737046,1.0762184,1.0825192,1.0763159,1.0767095598397396,1.5701606,1.4740427,1750,1742,train
178,1.07359,1.0767343,1.0832604,1.0768615,1.0767015440228513,1.5701602,1.4676924,1750,1742,train
179,1.0735977,1.0765383,1.0829087,1.0766286,1.0766352831692052,1.5701598,1.4715743,1750,1742,train
180,1.0736331,1.075664,1.0820045,1.0758611,1.0765909780048781,1.5701594,1.4815559,1750,1742,train
181,1.0730999,1.0766041,1.0831256,1.0767407,1.076585001139639,1.570159,1.4677124,1750,1742,train
182,1.0730782,1.0762358,1.0832705,1.076624,1.0765445871977644,1.5701586,1.4641352,1750,1742,train
183,1.0731101,1.0756997,1.0822196,1.0758832,1.0764753156405928,1.5701581,1.4601028,1750,1742,train
184,1.0731251,1.0765642,1.0845778,1.0773443,1.0764245510306316,1.5701578,1.4582115,1750,1742,train
185,1.0730286,1.0762782,1.0844238,1.0771714,1.076395147070701,1.5701574,1.4645877,1750,1742,train
186,1.0731332,1.0762765,1.0832993,1.0767176,1.0763764942042349,1.5701569,1.4785477,1750,1742,train
187,1.0731122,1.0760208,1.0827866,1.0763952,1.076338740820156,1.5701566,1.4850451,1750,1742,train
188,1.0731182,1.0761762,1.0830202,1.0765159,1.0763469902304401,1.5701561,1.4718628,1750,1742,train
189,1.0725334,1.0746349,1.0829852,1.0758506,1.076359159995185,1.5701557,1.4839072,1750,1742,train
190,1.0724642,1.0744135,1.0830624,1.0757883,1.0763826941619545,1.5701553,1.4846554,1750,1742,train
191,1.072559,1.0750444,1.0837963,1.0764147,1.076369023649217,1.5701549,1.4857385,1750,1742,train
192,1.0725204,1.0764647,1.0831183,1.0766456,1.0763628636241385,1.5701544,1.4611167,1750,1742,train
193,1.0724849,1.0763278,1.0830508,1.0765294,1.0763442689703857,1.5701541,1.4557871,1750,1742,train
194,1.072537,1.0744022,1.0824411,1.0754404,1.0763269203424903,1.5701536,1.4708066,1750,1742,train
195,1.0724307,1.0743515,1.0830526,1.07568,1.076297526702565,1.5701532,1.4670074,1750,1742,train
196,1.0724062,1.0745716,1.0832263,1.0758483,1.0762980764547982,1.5701529,1.4644407,1750,1742,train
197,1.0724392,1.0745854,1.0839219,1.076209,1.07628216656306,1.5701524,1.4730166,1750,1742,train
198,1.0719893,1.0746362,1.084401,1.0764021,1.076276758448368,1.570152,1.4617584,1750,1742,train
199,1.072495,1.0762032,1.0823205,1.076159,1.076255667401045,1.5701516,1.460278,1750,1742,train
200,1.0724312,1.0748564,1.0836867,1.0762988,1.0762397269462147,1.5701512,1.4903662,1750,1742,train
201,1.0717779,1.075115,1.081445,1.0753992,1.0762235415897252,1.5701507,1.491674,1750,1742,train
202,1.071874,1.073846,1.0843893,1.076136,1.0762322163235474,1.5701504,1.4847205,1750,1742,train
203,1.0718707,1.075619,1.0834298,1.0764667,1.0761921124948557,1.5701499,1.4758615,1750,1742,train
204,1.0723999,1.0761042,1.0838424,1.0769717,1.0761629910821913,1.5701495,1.4984453,1750,1742,train
205,1.0717554,1.0752442,1.0839082,1.0764922,1.076092306424166,1.5701491,1.4706876,1750,1742,train
206,1.0717616,1.0733001,1.083561,1.0755153,1.0760322738799017,1.5701487,1.4860206,1750,1742,train
207,1.0719354,1.0744718,1.0836118,1.0761237,1.0760247205623312,1.5701482,1.4983647,1750,1742,train
208,1.0717309,1.0745575,1.0849674,1.0767163,1.0759757335205935,1.5701479,1.4830743,1750,1742,train
209,1.0718449,1.07564,1.0842391,1.0768777,1.0758985512069934,1.5701474,1.4833876,1750,1742,train
210,1.0715724,1.0760592,1.0822592,1.0761273,1.0758590910231403,1.5701469,1.4746189,1750,1742,train
211,1.0713388,1.0733747,1.0848489,1.076085,1.0758215304195644,1.5701466,1.4739015,1750,1742,train
212,1.0716733,1.0770245,1.0824766,1.0766594,1.0758007579558209,1.5701461,1.4732234,1750,1742,train
213,1.0711527,1.0723963,1.0846221,1.0755295,1.0757666681654476,1.5701457,1.4722528,1750,1742,train
214,1.0712278,1.0725365,1.0841424,1.0753881,1.0756843245991303,1.5701452,1.4754442,1750,1742,train
215,1.0712517,1.072686,1.0826914,1.0747827,1.075595704855024,1.5701449,1.4728118,1750,1742,train
216,1.0712379,1.0748303,1.0813966,1.0752225,1.0754817101868202,1.5701444,1.4857775,1750,1742,train
217,1.0711704,1.0733075,1.0825057,1.0750959,1.075377842986216,1.570144,1.4998832,1750,1742,train
218,1.070587,1.0738316,1.0827229,1.0754229,1.0753119946762582,1.5701436,1.497426,1750,1742,train
219,1.070682,1.0743065,1.0823872,1.0755085,1.0752272178541724,1.5701431,1.502807,1750,1742,train
220,1.0707011,1.0752463,1.0813403,1.0753849,1.0751080329713527,1.5701427,1.4854779,1750,1742,train
221,1.0707306,1.0750777,1.0809361,1.0750903,1.0749752159342443,1.5701423,1.4777044,1750,1742,train
222,1.0706929,1.0737605,1.0813432,1.0747263,1.0748524235292063,1.5701419,1.4892561,1750,1742,train
223,1.0706116,1.0733685,1.0808972,1.0743665,1.0747583865330725,1.5701414,1.4943835,1750,1742,train
224,1.0701157,1.0732276,1.0824014,1.0749432,1.0746514452346259,1.5701411,1.4836788,1750,1742,train
225,1.070185,1.073094,1.0812969,1.0744157,1.074548102680183,1.5701406,1.4924403,1750,1742,train
226,1.0701267,1.0729661,1.0817138,1.0745208,1.0744042835293919,1.5701401,1.4860985,1750,1742,train
227,1.0700926,1.0733075,1.0788811,1.073392,1.074307382526634,1.5701398,1.4881268,1750,1742,train
228,1.0700113,1.0738395,1.0801586,1.0741765,1.0742054470597928,1.5701393,1.478638,1750,1742,train
229,1.0700297,1.0738134,1.0800605,1.0741562,1.0740923405708651,1.5701388,1.4871507,1750,1742,train
230,1.0701729,1.0731292,1.0832226,1.075298,1.0740048372828195,1.5701385,1.489506,1750,1742,train
231,1.0700877,1.0722501,1.0813386,1.0740374,1.07392023247972,1.570138,1.489269,1750,1742,train
232,1.0694889,1.072134,1.0783644,1.0727867,1.0738061690870864,1.5701376,1.527295,1750,1742,train
233,1.06952,1.073076,1.0798466,1.0738024,1.0737437197256179,1.5701371,1.5058788,1750,1742,train
234,1.0695107,1.0731533,1.079675,1.0737804,1.073711303069445,1.5701367,1.5109572,1750,1742,train
235,1.069045,1.0716648,1.0811431,1.0738158,1.0736633878798527,1.5701363,1.5211383,1750,1742,train
236,1.0690213,1.071399,1.0808767,1.0735623,1.0735631341499157,1.5701358,1.5184844,1750,1742,train
237,1.0690781,1.071878,1.0776777,1.0723461,1.0734597718249137,1.5701354,1.5246693,1750,1742,train
238,1.0690014,1.07128,1.0777608,1.072095,1.073406007357963,1.570135,1.5205736,1750,1742,train
239,1.0689933,1.0727665,1.0796473,1.0736071,1.0733293713322936,1.5701345,1.5145684,1750,1742,train
240,1.0690583,1.0721471,1.078886,1.0729655,1.0732507640263427,1.570134,1.5116361,1750,1742,train
241,1.0690609,1.0712583,1.0809792,1.0735158,1.073177275426715,1.5701337,1.5114694,1750,1742,train
242,1.0690688,1.0728406,1.0799634,1.0736965,1.073048493114673,1.5701332,1.4935179,1750,1742,train
243,1.0685323,1.0718956,1.0783737,1.072547,1.0729573099806686,1.5701327,1.4949087,1750,1742,train
244,1.0684203,1.0718937,1.0793937,1.0729486,1.0728811101979772,1.5701324,1.4800892,1750,1742,train
245,1.0684322,1.0719028,1.0791185,1.07284,1.0727857730270107,1.5701319,1.4831377,1750,1742,train
246,1.0684601,1.0724018,1.0795617,1.0733305,1.0726622979328446,1.5701314,1.4975531,1750,1742,train
247,1.0685581,1.0724263,1.0789968,1.0730245,1.0725549548724418,1.570131,1.4835668,1750,1742,train
248,1.0684355,1.0706468,1.0788976,1.0722435,1.0724577958884578,1.5701306,1.5009245,1750,1742,train
249,1.0683595,1.0717218,1.0791692,1.0727651,1.0723238141920624,1.5701301,1.4794466,1750,1742,train
250,1.0684079,1.071398,1.0784762,1.0723224,1.0722117882929925,1.5701296,1.484321,1750,1742,train
251,1.0679116,1.0735185,1.079747,1.0738841,1.0721106986156417,1.5701292,1.4883649,1750,1742,train
252,1.0679111,1.0712225,1.0763004,1.0712895,1.072027396212305,1.5701288,1.4937438,1750,1742,train
253,1.0679376,1.0708737,1.0779436,1.071914,1.0719313859809754,1.5701283,1.5015553,1750,1742,train
254,1.0678741,1.0714302,1.078972,1.0726056,1.0718223064001557,1.5701278,1.4942677,1750,1742,train
255,1.0678633,1.0711153,1.0788046,1.0723833,1.0717021715395363,1.5701275,1.4936299,1750,1742,train
256,1.067906,1.0706306,1.0780139,1.0719157,1.071668625485444,1.570127,1.5207314,1750,1742,train
257,1.0678806,1.0706165,1.0779546,1.0718912,1.0715640692881423,1.5701265,1.5228677,1750,1742,train
258,1.0673565,1.0704807,1.0753087,1.0705658,1.0714352819916078,1.570126,1.5094604,1750,1742,train
259,1.0673108,1.0694487,1.0750052,1.0699232,1.0714304516270912,1.5701256,1.5012264,1750,1742,train
260,1.0672992,1.0701091,1.0756662,1.070512,1.071382742897004,1.5701252,1.4981167,1750,1742,train
261,1.0674018,1.071191,1.0769198,1.0715913,1.071342647746621,1.5701247,1.5016202,1750,1742,train
262,1.0668576,1.0710309,1.0775111,1.0717938,1.07134491728369,1.5701243,1.5029368,1750,1742,train
263,1.0668786,1.0695064,1.0768769,1.0708394,1.071297456333631,1.5701238,1.5097091,1750,1742,train
264,1.0668141,1.0693438,1.0762421,1.0704987,1.0711708555685988,1.5701234,1.5151893,1750,1742,train
265,1.0668054,1.0691103,1.0760026,1.0703002,1.0710674804988494,1.570123,1.5192945,1750,1742,train
266,1.0668436,1.0678434,1.0748076,1.0692406,1.0709573857449077,1.5701225,1.5342531,1750,1742,train
267,1.0668602,1.0707024,1.0770086,1.0714067,1.0708199702112775,1.570122,1.500949,1750,1742,train
268,1.0668799,1.0698111,1.0747917,1.0699939,1.070802875481969,1.5701215,1.5020163,1750,1742,train
269,1.06682,1.0683281,1.0754881,1.0696915,1.0706966864314287,1.570121,1.5149496,1750,1742,train
270,1.0667102,1.0692949,1.076088,1.0704305,1.070564675799302,1.5701207,1.5210602,1750,1742,train
271,1.0662689,1.0704355,1.0773861,1.0714748,1.0704138562585597,1.5701202,1.5050068,1750,1742,train
272,1.0662823,1.0697755,1.0767641,1.070882,1.0703014280818033,1.5701197,1.502958,1750,1742,train
273,1.066287,1.0693268,1.075841,1.0702714,1.0701979039606146,1.5701193,1.5064865,1750,1742,train
274,1.0662827,1.0700998,1.0774398,1.071257,1.0700529999834176,1.5701188,1.4838779,1750,1742,train
275,1.0661962,1.0702709,1.0774655,1.0713378,1.0700503072262342,1.5701183,1.4818354,1750,1742,train
276,1.0663092,1.0698774,1.0763857,1.0706619,1.0699022867587091,1.570118,1.4808999,1750,1742,train
277,1.0662533,1.0692511,1.0760674,1.0702696,1.0698522056641242,1.5701175,1.4897537,1750,1742,train
278,1.0662495,1.068438,1.0751352,1.0694945,1.0697353637464788,1.570117,1.4945507,1750,1742,train
279,1.0662175,1.0698674,1.076499,1.0706815,1.0696679175287316,1.5701165,1.4744766,1750,1742,train
280,1.066161,1.0700594,1.0777273,1.0712706,1.0696157680939744,1.570116,1.460825,1750,1742,train
281,1.0656264,1.0697883,1.0745854,1.069756,1.0695421170366215,1.5701156,1.4707726,1750,1742,train
282,1.0656824,1.0697764,1.0778675,1.0712011,1.069483670670659,1.5701151,1.4597343,1750,1742,train
283,1.0657269,1.0698938,1.0772653,1.070966,1.069488569003561,1.5701146,1.4566113,1750,1742,train
284,1.065688,1.0661552,1.0733988,1.0676188,1.0694075394044846,1.5701143,1.4841112,1750,1742,train
285,1.0656514,1.0677016,1.0745168,1.0688194,1.069362122088149,1.5701138,1.4810107,1750,1742,train
286,1.0656886,1.0673237,1.0741625,1.0684919,1.0692457750042172,1.5701133,1.4824758,1750,1742,train
287,1.0651652,1.065479,1.0714779,1.0664902,1.069160059839314,1.5701128,1.4972115,1750,1742,train
288,1.0652007,1.0654287,1.0712553,1.0663456,1.0690922717572224,1.5701123,1.4925176,1750,1742,train
289,1.0651554,1.0674887,1.073533,1.0682354,1.0690062052693203,1.5701119,1.4721555,1750,1742,train
290,1.0650291,1.0679581,1.0743469,1.0688158,1.0689344113025532,1.5701114,1.4710894,1750,1742,train
291,1.0651741,1.0676653,1.0736711,1.0683943,1.0688231700208872,1.5701109,1.4757483,1750,1742,train
292,1.0651826,1.0693719,1.0754071,1.0700048,1.0686972529872443,1.5701104,1.48548,1750,1742,train
293,1.0652485,1.0652654,1.0709913,1.0661213,1.0686293996909288,1.57011,1.4856316,1750,1742,train
294,1.0652299,1.0676062,1.0723636,1.0677425,1.0685108301984911,1.5701095,1.4692714,1750,1742,train
295,1.0650818,1.0683312,1.0745032,1.0690188,1.0683924545963217,1.570109,1.4622674,1750,1742,train
296,1.0646145,1.0681434,1.0762248,1.0698084,1.068305975686238,1.5701085,1.4829438,1750,1742,train
297,1.0646346,1.0688794,1.0746453,1.069353,1.0682744148290428,1.570108,1.4669003,1750,1742,train
298,1.0646319,1.0688052,1.0741818,1.0690768,1.0682187296125738,1.5701076,1.4597653,1750,1742,train
299,1.0646187,1.0680412,1.076915,1.0700176,1.0681569131169117,1.5701071,1.4691325,1750,1742,train
300,1.0645375,1.0645336,1.0707924,1.0657048,1.0682506875118485,1.5701066,1.4873041,1750,1742,train
301,1.0645938,1.067892,1.0775628,1.0702512,1.0683086307870135,1.5701061,1.4704838,1750,1742,train
302,1.0640616,1.0682688,1.0743682,1.0690116,1.068259552447523,1.5701057,1.4814708,1750,1742,train
303,1.0640981,1.0684587,1.0742826,1.0690087,1.0683516176017425,1.5701052,1.4697945,1750,1742,train
304,1.0640569,1.0676508,1.0728381,1.0680183,1.0683066480526606,1.5701047,1.4782978,1750,1742,train
305,1.0640061,1.0676694,1.0734746,1.0683436,1.0683269577200694,1.5701042,1.4844227,1750,1742,train
306,1.0640408,1.0682496,1.0748024,1.069195,1.0682957440303296,1.5701038,1.4800627,1750,1742,train
307,1.0640432,1.0678746,1.0736275,1.0685335,1.0682958408256047,1.5701033,1.4907138,1750,1742,train
308,1.0640231,1.0657852,1.0709901,1.0663878,1.068349406995629,1.5701028,1.4927657,1750,1742,train
309,1.0640193,1.0672705,1.0728354,1.0678393,1.0684014257022207,1.5701023,1.4771476,1750,1742,train
310,1.0639493,1.0652685,1.0697997,1.0656092,1.0683824305987886,1.5701019,1.4927602,1750,1742,train
311,1.0634742,1.0680683,1.0730135,1.0682913,1.0683516705194451,1.5701014,1.4789765,1750,1742,train
312,1.0635333,1.0682757,1.0731332,1.0684854,1.0683269242705082,1.5701009,1.4895427,1750,1742,train
313,1.0635729,1.0658096,1.0692868,1.0655862,1.0682440929340913,1.5701004,1.4845991,1750,1742,train
314,1.0634915,1.0669012,1.0741215,1.068303,1.0681397785980704,1.5701,1.4875648,1750,1742,train
315,1.0634755,1.0659925,1.0732477,1.0675339,1.06806778298078,1.5700995,1.4977442,1750,1742,train
316,1.0630053,1.067136,1.0748148,1.068739,1.0680362710504536,1.570099,1.4905783,1750,1742,train
317,1.0630156,1.0675708,1.073271,1.068198,1.067977045216289,1.5700985,1.4825974,1750,1742,train
318,1.0630131,1.0669701,1.0745623,1.0685132,1.0679594948217637,1.570098,1.4823419,1750,1742,train
319,1.0629678,1.0669415,1.075985,1.0691197,1.0678387990167546,1.5700976,1.4753699,1750,1742,train
320,1.0629644,1.0671527,1.0752275,1.0689989,1.0677423529420702,1.570097,1.5056689,1750,1742,train
321,1.0630367,1.0671604,1.0748482,1.0688692,1.0677417372465705,1.5700965,1.515208,1750,1742,train
322,1.0630441,1.0667529,1.0742114,1.0683922,1.0677208506201332,1.570096,1.5149459,1750,1742,train
323,1.0630393,1.0674018,1.0751865,1.0690396,1.0677513496967732,1.5700955,1.492901,1750,1742,train
324,1.062963,1.0669067,1.0756412,1.0690174,1.0677190453887877,1.5700951,1.4918894,1750,1742,train
325,1.0622857,1.0648413,1.0682337,1.0647397,1.0676929999289748,1.5700946,1.502163,1750,1742,train
326,1.0624315,1.0659721,1.069582,1.0658889,1.0676050973631186,1.5700941,1.5066681,1750,1742,train
327,1.0624292,1.0665379,1.0762546,1.0691029,1.0676264048119295,1.5700936,1.4855804,1750,1742,train
328,1.0624127,1.0622667,1.0686901,1.063909,1.067595405390553,1.570093,1.5338318,1750,1742,train
329,1.0623232,1.0678093,1.0713763,1.0675355,1.0675954041538807,1.5700926,1.5047026,1750,1742,train
330,1.0623597,1.0672455,1.0698202,1.0665892,1.0675727428726907,1.5700921,1.5096271,1750,1742,train
331,1.0624135,1.0666862,1.0766362,1.0693874,1.0675537417047027,1.5700916,1.4956793,1750,1742,train
332,1.0624537,1.0667315,1.0718892,1.0672666,1.0675573874233608,1.5700911,1.5016856,1750,1742,train
333,1.0618434,1.0659986,1.0722582,1.0671481,1.0675434587457862,1.5700907,1.5127256,1750,1742,train
334,1.061787,1.0661712,1.0726042,1.0673727,1.0674705566637475,1.57009,1.5099022,1750,1742,train
335,1.0618311,1.0651003,1.0715806,1.0664465,1.0674348403655078,1.5700896,1.5166415,1750,1742,train
336,1.0618527,1.0676632,1.0724264,1.0679133,1.0673334949804643,1.5700891,1.4964002,1750,1742,train
337,1.0618566,1.0676651,1.0713422,1.0674393,1.0673213932732097,1.5700886,1.5011235,1750,1742,train
338,1.0618039,1.0659022,1.0724537,1.0671695,1.0672798169779831,1.5700881,1.5070055,1750,1742,train
339,1.0617908,1.0660164,1.0726023,1.0672872,1.0672620601374536,1.5700876,1.5065242,1750,1742,train
340,1.0612918,1.0660522,1.073807,1.0678468,1.0672129449732037,1.5700871,1.5049407,1750,1742,train
341,1.0613002,1.0655303,1.0724587,1.0670409,1.0671549941510963,1.5700866,1.516154,1750,1742,train
342,1.0614392,1.0662688,1.0730155,1.0675423,1.0671340122630737,1.5700861,1.4950771,1750,1742,train
343,1.0613133,1.0660961,1.0740455,1.067936,1.0670775580874183,1.5700856,1.4955684,1750,1742,train
344,1.0613189,1.0658455,1.0733495,1.0675333,1.06706532379699,1.570085,1.5024014,1750,1742,train
345,1.0613446,1.0659764,1.0743456,1.0681047,1.067073492302431,1.5700846,1.5160394,1750,1742,train
346,1.0614005,1.0647218,1.0710653,1.0660418,1.0671108319817535,1.5700841,1.5172842,1750,1742,train
347,1.0613445,1.0658159,1.0735763,1.0675999,1.0670935301719031,1.5700836,1.4968841,1750,1742,train
348,1.0606939,1.0640984,1.0703454,1.0654808,1.0671007675277482,1.570083,1.5296202,1750,1742,train
349,1.0607631,1.064721,1.0738034,1.0673413,1.0671362090092746,1.5700825,1.5293182,1750,1742,train
350,1.0608243,1.0669403,1.074142,1.0684483,1.0672127701028506,1.5700821,1.515555,1750,1742,train
351,1.0608612,1.0656986,1.0704112,1.0661771,1.0670964698288627,1.5700815,1.5148046,1750,1742,train
352,1.060809,1.0645711,1.0728701,1.0668323,1.0670361464478462,1.570081,1.5257576,1750,1742,train
353,1.060729,1.0663025,1.0731883,1.0676674,1.0670470000204195,1.5700805,1.502388,1750,1742,train
354,1.0608025,1.066142,1.0713094,1.0668037,1.0669111847653177,1.57008,1.5183347,1750,1742,train
355,1.0608145,1.0657802,1.0711827,1.0665836,1.0668876529881886,1.5700794,1.5189141,1750,1742,train
356,1.0607902,1.0657976,1.0716126,1.0667262,1.0668521500510588,1.570079,1.5042362,1750,1742,train
357,1.0601815,1.0655909,1.0721607,1.0669113,1.0668673673359879,1.5700785,1.5111178,1750,1742,train
358,1.0601506,1.0655801,1.0724068,1.0670097,1.0668255350441518,1.5700779,1.5089334,1750,1742,train
359,1.060233,1.0654689,1.071811,1.066747,1.0668201109229214,1.5700774,1.523244,1750,1742,train
360,1.0602748,1.0639653,1.0696483,1.0651146,1.0667716362065227,1.570077,1.5326649,1750,1742,train
361,1.0602846,1.0655842,1.0710484,1.0664052,1.0666999566454636,1.5700763,1.5122313,1750,1742,train
362,1.0601788,1.0647893,1.070349,1.0656873,1.066657575281834,1.5700759,1.5034592,1750,1742,train
363,1.0601867,1.0655372,1.0721226,1.0668468,1.0666042312187327,1.5700754,1.50573,1750,1742,train
364,1.0602367,1.064965,1.0706191,1.0659635,1.0665629143034145,1.5700748,1.5208341,1750,1742,train
365,1.0596647,1.0652313,1.0727156,1.0669655,1.06649756389185,1.5700743,1.5026333,1750,1742,train
366,1.0596237,1.0650141,1.071984,1.0665038,1.0664337240838557,1.5700738,1.4958242,1750,1742,train
367,1.0596114,1.0648196,1.072098,1.0664668,1.0663604625729428,1.5700732,1.4957131,1750,1742,train
368,1.0597063,1.0655019,1.073491,1.0672971,1.0663045075215525,1.5700728,1.4686352,1750,1742,train
369,1.0597543,1.0648496,1.0716538,1.0662479,1.0663099607396889,1.5700722,1.488716,1750,1742,train
370,1.0597612,1.064866,1.0718052,1.0663075,1.0662546028067093,1.5700717,1.4847535,1750,1742,train
371,1.0596886,1.0642266,1.0703111,1.0653213,1.0662173604761949,1.5700712,1.4816852,1750,1742,train
372,1.059256,1.0662348,1.0726295,1.0672619,1.0661074358295268,1.5700706,1.4743507,1750,1742,train
373,1.0591862,1.0654261,1.0709758,1.0662136,1.066077685955014,1.5700701,1.4917595,1750,1742,train
374,1.0592046,1.0653462,1.0708251,1.0660838,1.0659450660267626,1.5700696,1.485986,1750,1742,train
375,1.0591617,1.0647856,1.0685589,1.0647917,1.0658572811554072,1.5700691,1.4854441,1750,1742,train
376,1.0590817,1.0655792,1.0724354,1.0668563,1.065807609383222,1.5700685,1.4699975,1750,1742,train
377,1.0592275,1.0640832,1.0711032,1.0656848,1.0657611255367532,1.570068,1.4974022,1750,1742,train
378,1.059191,1.0655885,1.0714011,1.0664521,1.065687301315547,1.5700674,1.4848697,1750,1742,train
379,1.0592529,1.065431,1.070725,1.0660527,1.0656219198521617,1.5700669,1.4804106,1750,1742,train
380,1.0591904,1.0639782,1.0707498,1.0654335,1.0655316135054658,1.5700665,1.4874915,1750,1742,train
381,1.0585463,1.064095,1.068768,1.0645847,1.0654488879774529,1.5700659,1.488204,1750,1742,train
382,1.0586123,1.0632061,1.0718634,1.0655667,1.0653522648830893,1.5700654,1.4819185,1750,1742,train
383,1.0585749,1.063227,1.071624,1.0654609,1.0653081896102414,1.5700648,1.4804981,1750,1742,train
384,1.0585738,1.0638803,1.0671623,1.0638157,1.0652046881136794,1.5700643,1.5027598,1750,1742,train
385,1.0584972,1.064254,1.0699394,1.0652169,1.065124168636613,1.5700637,1.4940453,1750,1742,train
386,1.0585061,1.0641129,1.0692179,1.0648437,1.0650498932594545,1.5700632,1.4988766,1750,1742,train
387,1.0585923,1.0625815,1.0712982,1.065143,1.0649875097170451,1.5700626,1.5098193,1750,1742,train
388,1.0586306,1.0630105,1.0705525,1.0649987,1.0649023368222366,1.5700622,1.5100838,1750,1742,train
389,1.0586059,1.0639298,1.0678396,1.0641266,1.0648394105696066,1.5700616,1.4978168,1750,1742,train
390,1.058503,1.0641766,1.0693138,1.064858,1.0647414443624932,1.5700611,1.4851499,1750,1742,train
391,1.0580021,1.0642542,1.0703087,1.0653728,1.0646657930305587,1.5700605,1.4910731,1750,1742,train
392,1.0580097,1.0638976,1.0695815,1.0648906,1.0646183445606314,1.5700599,1.4938793,1750,1742,train
393,1.058005,1.0623544,1.0666566,1.0628672,1.0645181384128843,1.5700594,1.497229,1750,1742,train
394,1.0579611,1.0632796,1.0657864,1.0628908,1.064466553778343,1.5700588,1.4972419,1750,1742,train
395,1.0579929,1.064362,1.0679488,1.0643946,1.06438105351094,1.5700583,1.5028939,1750,1742,train
396,1.0580794,1.063268,1.0689847,1.0643862,1.0642987417524874,1.5700577,1.5067989,1750,1742,train
397,1.0575508,1.0643425,1.0687732,1.0647347,1.0642183886726773,1.5700573,1.4964195,1750,1742,train
398,1.0576234,1.062417,1.0676432,1.0633901,1.0641175819503168,1.5700567,1.5076288,1750,1742,train
399,1.0574464,1.0628955,1.0697356,1.064525,1.0640313694756551,1.5700561,1.4985933,1750,1742,train
400,1.0575316,1.0644395,1.0688207,1.064752,1.0639567708571442,1.5700556,1.4850444,1750,1742,train
401,1.0575536,1.0643361,1.0689623,1.064789,1.0638413639737383,1.570055,1.4895828,1750,1742,train
402,1.057564,1.0607116,1.0668843,1.0623058,1.0638116999318585,1.5700545,1.5167232,1750,1742,train
403,1.0574933,1.0618637,1.068521,1.0635315,1.0637147563476037,1.5700539,1.505809,1750,1742,train
404,1.0574546,1.062188,1.0693878,1.0640687,1.063702378068533,1.5700533,1.5043436,1750,1742,train
405,1.0570049,1.0616243,1.0701602,1.0641196,1.063628034712189,1.5700529,1.4936633,1750,1742,train
406,1.0570381,1.0616996,1.0689054,1.0635799,1.0635514832176753,1.5700523,1.49344,1750,1742,train
407,1.057054,1.0621281,1.0698062,1.0641487,1.063425601299591,1.5700517,1.4846547,1750,1742,train
408,1.0569376,1.0623537,1.0657315,1.0624509,1.0633651063127125,1.5700512,1.4987719,1750,1742,train
409,1.0569899,1.062142,1.0706551,1.0645611,1.0633304239455952,1.5700506,1.4889987,1750,1742,train
410,1.0569956,1.0616581,1.0690548,1.063638,1.0632321252085843,1.57005,1.4954692,1750,1742,train
411,1.0570171,1.0615261,1.0687699,1.063407,1.063139672357533,1.5700495,1.4858959,1750,1742,train
412,1.0569245,1.0624092,1.0660615,1.0625721,1.063039517015965,1.5700489,1.4859557,1750,1742,train
413,1.0569094,1.0622854,1.0656239,1.0623384,1.0629997916522635,1.5700483,1.4911987,1750,1742,train
414,1.0564312,1.0618577,1.0661898,1.0625205,1.0629245599357324,1.5700479,1.5191791,1750,1742,train
415,1.0564505,1.0622294,1.0664666,1.0626951,1.0628237776444045,1.5700473,1.4905944,1750,1742,train
416,1.0564588,1.0623953,1.0665306,1.0628848,1.062729511358927,1.5700467,1.510604,1750,1742,train
417,1.0563513,1.0606904,1.06494,1.0613655,1.0626562357720886,1.5700462,1.5065308,1750,1742,train
418,1.0563856,1.0623579,1.066791,1.0630165,1.0626198270965532,1.5700456,1.5177134,1750,1742,train
419,1.0564243,1.0617039,1.0658387,1.0622963,1.0626193510586421,1.570045,1.5206276,1750,1742,train
420,1.0564151,1.0620332,1.0658679,1.062454,1.0624987757670987,1.5700444,1.5193169,1750,1742,train
421,1.0563289,1.0599742,1.0645248,1.0609012,1.0624461593912637,1.5700439,1.518699,1750,1742,train
422,1.0563325,1.0601418,1.0650156,1.0611693,1.0624523717643115,1.5700433,1.511006,1750,1742,train
423,1.0558867,1.0622206,1.0689726,1.0638876,1.0623779245868799,1.5700427,1.5028342,1750,1742,train
424,1.055936,1.0615363,1.0668709,1.062692,1.0622460944252345,1.5700421,1.5208102,1750,1742,train
425,1.055941,1.0617139,1.0658937,1.0622694,1.0621828646694094,1.5700417,1.5071561,1750,1742,train
426,1.0558856,1.0617582,1.065981,1.0623132,1.0621052040740666,1.5700411,1.5033206,1750,1742,train
427,1.0558783,1.0604488,1.0652606,1.061441,1.0620620670144285,1.5700405,1.5157728,1750,1742,train
428,1.055921,1.061398,1.0670183,1.0626802,1.0619508923348677,1.5700399,1.5169443,1750,1742,train
429,1.0559295,1.0596932,1.0641947,1.0606185,1.0618937860925806,1.5700393,1.5177305,1750,1742,train
430,1.0559124,1.061501,1.0664352,1.0624069,1.0618734703822175,1.5700388,1.5041003,1750,1742,train
431,1.0558726,1.061332,1.0657337,1.0620167,1.0618287683702223,1.5700382,1.5057715,1750,1742,train
432,1.0553257,1.061053,1.0680138,1.0629264,1.0617613804947956,1.5700376,1.5046873,1750,1742,train
433,1.0554003,1.0608279,1.0656946,1.0617844,1.0617308593686627,1.570037,1.509323,1750,1742,train
434,1.0553443,1.0599973,1.0642068,1.060802,1.0616263370772487,1.5700364,1.527174,1750,1742,train
435,1.0552423,1.0598551,1.0649748,1.0611073,1.0616334649389738,1.5700358,1.5318617,1750,1742,train
436,1.0553133,1.0589037,1.0685213,1.0622443,1.0615984752263359,1.5700353,1.5199742,1750,1742,train
437,1.0552757,1.058974,1.0685605,1.0623064,1.0615946980234687,1.5700347,1.5229259,1750,1742,train
438,1.055332,1.0598673,1.063901,1.0605832,1.0615323672907557,1.5700341,1.5224199,1750,1742,train
439,1.0552291,1.0603834,1.0657439,1.061652,1.0614779512324009,1.5700336,1.5205793,1750,1742,train
440,1.0552127,1.0603833,1.0658984,1.0616901,1.0614776725058583,1.570033,1.5128837,1750,1742,train
441,1.0552936,1.0590224,1.0685496,1.0623155,1.0614835938369414,1.5700324,1.5209988,1750,1742,train
442,1.0553013,1.0610793,1.0670614,1.0624498,1.0614559523270477,1.5700318,1.4920638,1750,1742,train
443,1.0553038,1.0601892,1.0644424,1.0609405,1.0613268260040354,1.5700312,1.513702,1750,1742,train
444,1.0546252,1.0601153,1.0613399,1.059465,1.0613182046793448,1.5700307,1.5077885,1750,1742,train
445,1.0547084,1.0615581,1.0643184,1.0614843,1.0612838143748518,1.5700301,1.508396,1750,1742,train
446,1.0547289,1.0607966,1.063009,1.0605673,1.0612569159107246,1.5700295,1.5148927,1750,1742,train
447,1.0547174,1.0593607,1.0595987,1.0583127,1.0611788511232831,1.5700289,1.5045565,1750,1742,train
448,1.0546296,1.0597665,1.0657501,1.0612898,1.061068207284047,1.5700283,1.5005472,1750,1742,train
449,1.0546461,1.061677,1.0657111,1.0620834,1.0610586966919162,1.5700277,1.4869782,1750,1742,train
450,1.0547065,1.0609374,1.0639988,1.061056,1.0610294736587937,1.5700271,1.5084417,1750,1742,train
451,1.054261,1.061522,1.0659165,1.0620939,1.0609370999196812,1.5700265,1.4839861,1750,1742,train
452,1.054159,1.059449,1.066257,1.0613596,1.0608896657713935,1.5700259,1.4965078,1750,1742,train
453,1.0541062,1.0590928,1.0664574,1.0612869,1.0608563379683977,1.5700253,1.4960316,1750,1742,train
454,1.0542121,1.0589594,1.0649941,1.0605978,1.0607963135570104,1.5700247,1.5053991,1750,1742,train
455,1.0541674,1.0582204,1.0640473,1.0598607,1.0606559466828354,1.5700241,1.5128801,1750,1742,train
456,1.0542195,1.059418,1.0650735,1.060821,1.0605991815704492,1.5700235,1.5003023,1750,1742,train
457,1.0540887,1.0589774,1.0664514,1.0612463,1.060544623078743,1.570023,1.4994705,1750,1742,train
458,1.0541544,1.0587474,1.0655702,1.0607796,1.06049749207993,1.5700223,1.5089878,1750,1742,train
459,1.0541798,1.05936,1.0671383,1.0617678,1.060414150275883,1.5700217,1.507414,1750,1742,train
460,1.0542157,1.0589882,1.0642343,1.0602721,1.0603232271644243,1.5700212,1.5073658,1750,1742,train
461,1.054139,1.0591627,1.0658727,1.0610276,1.060220371561933,1.5700206,1.4903655,1750,1742,train
462,1.053512,1.0591115,1.0632448,1.0598583,1.0602746357201818,1.57002,1.5030777,1750,1742,train
463,1.0536817,1.0587344,1.0662599,1.0610508,1.0602929182086316,1.5700194,1.5000495,1750,1742,train
464,1.0535951,1.0581119,1.0657662,1.0605698,1.060175721471282,1.5700188,1.5065807,1750,1742,train
465,1.0535755,1.0579805,1.0617028,1.0587196,1.0600980565637863,1.5700182,1.5221431,1750,1742,train
466,1.0534928,1.0597012,1.0593313,1.0583307,1.0600215038217997,1.5700175,1.5010704,1750,1742,train
467,1.0535545,1.0587034,1.0626986,1.0594434,1.0600014521113161,1.5700169,1.5078708,1750,1742,train
468,1.0536016,1.0587474,1.0668819,1.0613381,1.0599702450774664,1.5700163,1.4994075,1750,1742,train
469,1.0536342,1.0587714,1.0613763,1.0588384,1.0598480094207718,1.5700157,1.5003158,1750,1742,train
470,1.0529895,1.0582732,1.0618067,1.058796,1.0597915610288557,1.5700151,1.4974414,1750,1742,train
471,1.0529867,1.0576916,1.0615182,1.0584378,1.0596873432693974,1.5700145,1.5064428,1750,1742,train
472,1.0530341,1.059094,1.0636735,1.0600232,1.0595413675561616,1.5700139,1.4976722,1750,1742,train
473,1.0530334,1.0590835,1.0632342,1.0598159,1.0593043773851114,1.5700133,1.4972482,1750,1742,train
474,1.052982,1.0585742,1.0622604,1.0591007,1.0591625226021961,1.5700126,1.4882135,1750,1742,train
475,1.0530044,1.0579858,1.0618145,1.0586349,1.0590846048950784,1.570012,1.4894965,1750,1742,train
476,1.0530329,1.0592618,1.0644233,1.0604146,1.0589558532325336,1.5700114,1.4912633,1750,1742,train
477,1.0530485,1.0580399,1.0625103,1.0590138,1.0588189950871845,1.5700108,1.4980624,1750,1742,train
478,1.0530406,1.0570889,1.0599648,1.0573899,1.05871614779038,1.5700102,1.4913967,1750,1742,train
479,1.0524181,1.0557314,1.0656822,1.0593603,1.0586095963515916,1.5700096,1.4859643,1750,1742,train
480,1.0524589,1.0587639,1.0643575,1.060052,1.0584559842990173,1.5700089,1.4666582,1750,1742,train
481,1.0524889,1.0579399,1.0626909,1.0589818,1.058273412435554,1.5700083,1.4819183,1750,1742,train
482,1.0524843,1.0574415,1.0621984,1.0585011,1.058150297442602,1.5700077,1.4752275,1750,1742,train
483,1.052455,1.0577617,1.0635372,1.0592473,1.0581129267735623,1.5700071,1.4726343,1750,1742,train
484,1.0524588,1.0579975,1.0638773,1.0595254,1.0580323292133178,1.5700065,1.4762435,1750,1742,train
485,1.0519868,1.058841,1.0612439,1.0587548,1.0579741578206776,1.5700058,1.4874717,1750,1742,train
486,1.0520079,1.057827,1.0636253,1.0593518,1.0578622559668807,1.5700052,1.4806479,1750,1742,train
487,1.0519987,1.0545661,1.0567077,1.054825,1.0578072456900853,1.5700046,1.5080302,1750,1742,train
488,1.0519074,1.0557119,1.0572863,1.0555675,1.0577471083553767,1.570004,1.4979024,1750,1742,train
489,1.0519698,1.0564339,1.0620899,1.0581048,1.0577880198797258,1.5700033,1.5012891,1750,1742,train
490,1.0519732,1.0578463,1.0599036,1.0576667,1.0577592190622591,1.5700027,1.4820731,1750,1742,train
491,1.0519284,1.0533116,1.0502064,1.0512015,1.0576884349655034,1.5700021,1.4888315,1750,1742,train
492,1.0518677,1.0558399,1.0584989,1.0561695,1.057583899297505,1.5700014,1.4955051,1750,1742,train
493,1.0518858,1.0567427,1.0585234,1.0565743,1.0575645741024187,1.5700008,1.4914734,1750,1742,train
494,1.0519245,1.0564275,1.0622241,1.0581446,1.0576477784144038,1.5700002,1.4969274,1750,1742,train
495,1.051972,1.0537906,1.0555065,1.0539058,1.0575452205556697,1.5699995,1.5039607,1750,1742,train
496,1.0519156,1.0574199,1.058831,1.056991,1.0574536481047387,1.5699989,1.4839984,1750,1742,train
497,1.051284,1.0574505,1.0598644,1.0574224,1.0574225905732548,1.5699983,1.471374,1750,1742,train
498,1.051391,1.0580645,1.0604075,1.0579969,1.0574252651691733,1.5699975,1.4822224,1750,1742,train
499,1.0513723,1.0576968,1.059854,1.0575875,1.0573877236314155,1.569997,1.4847202,1750,1742,train
500,1.0513507,1.056853,1.0578334,1.0562806,1.0573410040773263,1.5699964,1.4847791,1750,1742,train
501,1.0512655,1.0570531,1.0592883,1.0570047,1.0572596144526412,1.5699956,1.4774711,1750,1742,train
502,1.0513318,1.0580598,1.0618417,1.0586064,1.0572344408226455,1.569995,1.4721838,1750,1742,train
503,1.0513562,1.0570302,1.0593174,1.0570726,1.057132125775648,1.5699944,1.4925982,1750,1742,train
504,1.0514555,1.0577748,1.0592008,1.0573044,1.0570075696217969,1.5699937,1.480059,1750,1742,train
505,1.0507525,1.0574408,1.0622206,1.058482,1.056978748896063,1.5699931,1.4685608,1750,1742,train
506,1.0507932,1.0573227,1.0635667,1.0590458,1.0569509220365014,1.5699924,1.469136,1750,1742,train
507,1.0508622,1.0574332,1.0617702,1.058325,1.0569100721675675,1.5699918,1.4806237,1750,1742,train
508,1.0508745,1.0558107,1.058363,1.0560395,1.0568215105146672,1.5699912,1.4827679,1750,1742,train
509,1.0507993,1.054446,1.0620506,1.0571512,1.0567978204218555,1.5699905,1.4940103,1750,1742,train
510,1.0507857,1.0567861,1.0612738,1.0577394,1.0567914652590358,1.5699899,1.4657559,1750,1742,train
511,1.0508571,1.0571077,1.062614,1.0585401,1.056722648513831,1.5699892,1.4754373,1750,1742,train
512,1.0500436,1.0568535,1.0612178,1.0577914,1.056708618264401,1.5699886,1.4765556,1750,1742,train
513,1.0503407,1.0560583,1.060345,1.0570576,1.0565719774439941,1.5699879,1.4827749,1750,1742,train
514,1.0502714,1.0552278,1.0562719,1.0548229,1.0565067784789095,1.5699873,1.4837193,1750,1742,train
515,1.050277,1.0552852,1.0604869,1.0567895,1.0565439641060992,1.5699866,1.4871469,1750,1742,train
516,1.0503708,1.0553169,1.0595713,1.0564034,1.0564812412860973,1.569986,1.4912847,1750,1742,train
517,1.0503355,1.055898,1.0604424,1.057021,1.0564421437794085,1.5699853,1.4808763,1750,1742,train
518,1.0502222,1.0556717,1.0563037,1.0550606,1.056458038336948,1.5699847,1.4886118,1750,1742,train
519,1.0502757,1.0540724,1.0539083,1.0532551,1.0563874796035058,1.569984,1.4924955,1750,1742,train
520,1.0502939,1.0559616,1.0602851,1.0570133,1.056316988482028,1.5699834,1.4890636,1750,1742,train
521,1.050319,1.0558685,1.0596437,1.0566639,1.0561229456169898,1.5699826,1.4857856,1750,1742,train
522,1.0502518,1.0553997,1.054368,1.0540038,1.0560692970435346,1.569982,1.4773735,1750,1742,train
523,1.0502063,1.055243,1.054661,1.0540975,1.0559868515732422,1.5699813,1.4845657,1750,1742,train
524,1.0497746,1.0563605,1.0559624,1.0552005,1.0559248219324828,1.5699806,1.4845144,1750,1742,train
525,1.0497223,1.0557442,1.0556128,1.0547537,1.0558121519646497,1.56998,1.482991,1750,1742,train
526,1.0496866,1.0544018,1.0582271,1.0553522,1.0557456088472537,1.5699793,1.4864469,1750,1742,train
527,1.0495847,1.0539765,1.0585325,1.0553279,1.0556249849663615,1.5699787,1.4934037,1750,1742,train
528,1.0496918,1.0556402,1.060284,1.0568639,1.0555556534467743,1.569978,1.4884325,1750,1742,train
529,1.0497249,1.0551205,1.059114,1.0561148,1.0553989807728479,1.5699773,1.493553,1750,1742,train
530,1.0497361,1.0539254,1.0575151,1.0548067,1.0552657754556733,1.5699767,1.4856619,1750,1742,train
531,1.0496464,1.0544834,1.0589521,1.0556818,1.0552047177909039,1.569976,1.4774835,1750,1742,train
532,1.0491182,1.055672,1.056947,1.055316,1.0551798628362932,1.5699753,1.4796289,1750,1742,train
533,1.049135,1.0563054,1.0592645,1.0566896,1.0551166513605397,1.5699747,1.485802,1750,1742,train
534,1.0491589,1.0541818,1.0589538,1.0555385,1.0550417398314818,1.569974,1.4759173,1750,1742,train
535,1.0490996,1.0555362,1.0575784,1.0555463,1.0549420400984273,1.5699732,1.4804918,1750,1742,train
536,1.0491027,1.0563356,1.0607758,1.0573695,1.0548451682411781,1.5699726,1.4801704,1750,1742,train
537,1.0492024,1.0547346,1.0607667,1.0566951,1.0547964145552229,1.5699719,1.4937727,1750,1742,train
538,1.0492576,1.0546833,1.0603452,1.0564514,1.0547312855269382,1.5699712,1.4872732,1750,1742,train
539,1.0492318,1.0544612,1.055842,1.0542865,1.0547412482254772,1.5699706,1.4857364,1750,1742,train
540,1.0485648,1.0541809,1.053011,1.0528462,1.0546553745693814,1.5699699,1.4813222,1750,1742,train
541,1.0486507,1.054666,1.0587485,1.0556624,1.0545840472574757,1.5699692,1.4752901,1750,1742,train
542,1.0486776,1.0543793,1.057139,1.0548104,1.0544743506769798,1.5699685,1.4784663,1750,1742,train
543,1.0486695,1.0527763,1.0503341,1.0509734,1.0544251856408058,1.5699679,1.4789127,1750,1742,train
544,1.0485941,1.0527152,1.0558922,1.0535693,1.0543216314533543,1.5699672,1.4984462,1750,1742,train
545,1.0486985,1.0522064,1.0596699,1.0550114,1.0541532336794546,1.5699664,1.4862816,1750,1742,train
546,1.0486579,1.0517962,1.0593581,1.0547056,1.0541284907139103,1.5699657,1.4917344,1750,1742,train
547,1.048708,1.0522051,1.0539099,1.0524106,1.0541017982934642,1.5699651,1.4935831,1750,1742,train
548,1.0485992,1.053187,1.0553108,1.0534484,1.0540296670094194,1.5699644,1.4821507,1750,1742,train
549,1.0480479,1.0524408,1.0554857,1.0531652,1.053932819650707,1.5699637,1.4767399,1750,1742,train
550,1.0480773,1.0538952,1.0568161,1.0544566,1.0538378303951395,1.569963,1.4817171,1750,1742,train
551,1.0481079,1.0508949,1.0527513,1.0512409,1.053750173740802,1.5699623,1.4833459,1750,1742,train
552,1.0479958,1.052768,1.0555207,1.0533208,1.0536804863295477,1.5699615,1.4745908,1750,1742,train
553,1.0480072,1.0524555,1.0554912,1.053152,1.0536012166234587,1.569961,1.4715456,1750,1742,train
554,1.0480568,1.0542079,1.0571132,1.0547295,1.0535691756241115,1.5699602,1.4805301,1750,1742,train
555,1.0481095,1.0540271,1.0564647,1.0543247,1.0534566029942851,1.5699595,1.4745041,1750,1742,train
556,1.0480963,1.0528941,1.0552757,1.0532314,1.0533996916116228,1.5699588,1.4665551,1750,1742,train
557,1.0479956,1.0521297,1.0550697,1.0528033,1.0533107821648309,1.5699581,1.4697763,1750,1742,train
558,1.0474975,1.0529627,1.0560985,1.0536938,1.0532063386964383,1.5699574,1.4792826,1750,1742,train
559,1.0475264,1.053052,1.0518456,1.0517555,1.0531880459527874,1.5699567,1.4710948,1750,1742,train
560,1.0475382,1.053251,1.0555534,1.0535632,1.0531445945785203,1.569956,1.4763227,1750,1742,train
561,1.0474051,1.0528977,1.0576818,1.0543606,1.0530349933541152,1.5699552,1.4730567,1750,1742,train
562,1.0475247,1.0547259,1.0552258,1.0540456,1.0529980639989511,1.5699546,1.4673193,1750,1742,train
563,1.0475677,1.0545661,1.0560682,1.0544097,1.0529874576177716,1.5699539,1.4792986,1750,1742,train
564,1.0476218,1.05229,1.0515609,1.0513037,1.0530212740792184,1.5699532,1.4768586,1750,1742,train
565,1.0468926,1.0514044,1.0538309,1.0520046,1.0529430043821626,1.5699525,1.4923172,1750,1742,train
566,1.0470309,1.0511276,1.0571821,1.0533651,1.0527996601892196,1.5699518,1.481947,1750,1742,train
567,1.04703,1.0519934,1.058979,1.0545999,1.0527451035822237,1.569951,1.4865052,1750,1742,train
568,1.0470909,1.0541456,1.0546689,1.0535425,1.0527009033595496,1.5699503,1.4708753,1750,1742,train
569,1.0470289,1.0510876,1.0578032,1.0535966,1.0525462098071645,1.5699496,1.4740576,1750,1742,train
570,1.0470021,1.05085,1.058541,1.0538307,1.052460085452169,1.5699489,1.4752463,1750,1742,train
571,1.0470698,1.0504671,1.0561839,1.052662,1.05240572441224,1.5699482,1.4943873,1750,1742,train
572,1.0471117,1.0509751,1.0555202,1.0525597,1.0523782204052086,1.5699475,1.4873295,1750,1742,train
573,1.0465251,1.0514059,1.0522988,1.0512154,1.0522817307418688,1.5699468,1.4715099,1750,1742,train
574,1.0464772,1.051609,1.0529962,1.0515994,1.0523099863217666,1.5699459,1.4652933,1750,1742,train
575,1.0465963,1.0526371,1.0535334,1.0523386,1.0522390747235355,1.5699452,1.4712225,1750,1742,train
576,1.0465102,1.0510855,1.0529642,1.0514103,1.0522456010142889,1.5699445,1.4799938,1750,1742,train
577,1.0465436,1.0509075,1.0524392,1.051085,1.0521853246538289,1.5699438,1.4789479,1750,1742,train
578,1.0464132,1.049993,1.0534034,1.0511316,1.0521186373317777,1.5699431,1.4840899,1750,1742,train
579,1.04649,1.049947,1.0530715,1.0509846,1.0520519400002395,1.5699424,1.4900475,1750,1742,train
580,1.0465689,1.0502257,1.0577676,1.0532045,1.0519736461718687,1.5699416,1.4778347,1750,1742,train
581,1.0465381,1.0495735,1.0513241,1.049975,1.0519511811192843,1.5699409,1.480486,1750,1742,train
582,1.0464684,1.0513239,1.0535631,1.0517502,1.0519066355706628,1.5699402,1.4702427,1750,1742,train
583,1.0459285,1.0533664,1.0522035,1.0520053,1.051815717943226,1.5699394,1.4580798,1750,1742,train
584,1.0459733,1.0518203,1.0503719,1.0505638,1.0517805955367079,1.5699387,1.4808382,1750,1742,train
585,1.0459961,1.0518076,1.0498624,1.0502663,1.0516969540609904,1.569938,1.4672784,1750,1742,train
586,1.0458997,1.0519519,1.0548596,1.0526484,1.0516682207744832,1.5699372,1.4748448,1750,1742,train
587,1.0458715,1.0532773,1.0535483,1.0525709,1.051623604144194,1.5699365,1.4561796,1750,1742,train
588,1.0459453,1.0527439,1.051858,1.0516137,1.0516088900310674,1.5699358,1.4694278,1750,1742,train
589,1.0460021,1.0521889,1.0493075,1.0501904,1.0515914816459682,1.569935,1.4682906,1750,1742,train
590,1.045432,1.0508981,1.054544,1.0519967,1.0515219190738339,1.5699342,1.4684136,1750,1742,train
591,1.0453633,1.0508401,1.0564518,1.0528616,1.0514600182603282,1.5699335,1.4729056,1750,1742,train
592,1.0454444,1.052892,1.0548161,1.0530047,1.0514181019557662,1.5699328,1.4629775,1750,1742,train
593,1.045489,1.0527377,1.0534006,1.0522931,1.0514443255990265,1.569932,1.4642081,1750,1742,train
594,1.0453972,1.0508373,1.0549036,1.0521684,1.0514917498323328,1.5699313,1.4764848,1750,1742,train
595,1.0453519,1.050487,1.0556002,1.05228,1.0515533557102457,1.5699306,1.465589,1750,1742,train
596,1.0454656,1.0511999,1.0563304,1.0529673,1.051517032702633,1.5699297,1.4723254,1750,1742,train
597,1.0455275,1.0524552,1.0534691,1.0521911,1.051490481243952,1.569929,1.4631366,1750,1742,train
598,1.0454919,1.0508767,1.055316,1.0523793,1.0514839319424494,1.5699283,1.4775277,1750,1742,train
599,1.044782,1.0511978,1.0474629,1.0488933,1.0514805200872035,1.5699276,1.4675652,1750,1742,train
600,1.0449053,1.047076,1.0436738,1.0453343,1.051475247501558,1.5699267,1.4788249,1750,1742,train
601,1.0449089,1.0501688,1.0517174,1.0503829,1.0514324816380842,1.569926,1.4706395,1750,1742,train
602,1.0451189,1.0477111,1.0509398,1.0490086,1.0514345413377497,1.5699252,1.4937166,1750,1742,train
603,1.0448306,1.0511804,1.0515804,1.0508347,1.0513763692727705,1.5699245,1.4830929,1750,1742,train
604,1.0449072,1.0511146,1.0510335,1.0505522,1.051322623466614,1.5699238,1.4825059,1750,1742,train
605,1.0449303,1.0511559,1.0560204,1.052754,1.0512009017229516,1.5699229,1.4604845,1750,1742,train
606,1.0444067,1.0509727,1.0519043,1.0508488,1.0511864580063786,1.5699222,1.4740264,1750,1742,train
607,1.0443588,1.050815,1.0515466,1.0505592,1.0510570802878265,1.5699215,1.4615695,1750,1742,train
608,1.0443416,1.0512567,1.0535916,1.0517138,1.0509869751053773,1.5699207,1.4659181,1750,1742,train
609,1.0443575,1.0504614,1.0522108,1.0508043,1.0508969616259527,1.56992,1.4851294,1750,1742,train
610,1.044404,1.0506504,1.0511938,1.0503892,1.050759987870625,1.5699191,1.4767351,1750,1742,train
611,1.044342,1.0503676,1.0510256,1.0501508,1.0506182612885269,1.5699184,1.469166,1750,1742,train
612,1.0442817,1.0509418,1.0539277,1.0517099,1.0505504787876625,1.5699176,1.4626904,1750,1742,train
613,1.0444148,1.0505539,1.0520407,1.05073,1.0504621131068528,1.5699168,1.4761903,1750,1742,train
614,1.0439032,1.0508904,1.0535841,1.0515478,1.0503771326847295,1.569916,1.4668466,1750,1742,train
615,1.043809,1.0471966,1.0544966,1.0502803,1.050268996911848,1.5699153,1.4661145,1750,1742,train
616,1.0438384,1.0478151,1.0542909,1.05046,1.0501715170545503,1.5699145,1.4643201,1750,1742,train
617,1.0437897,1.0508283,1.05301,1.0511838,1.0501336466105076,1.5699137,1.4501497,1750,1742,train
618,1.0438315,1.0504048,1.0516748,1.0504173,1.0500959785892334,1.5699129,1.4584233,1750,1742,train
619,1.0438046,1.0455861,1.0526688,1.0487609,1.0500816329721128,1.5699122,1.4773369,1750,1742,train
620,1.0437176,1.0469576,1.0499561,1.0481727,1.05002244401401,1.5699114,1.4836416,1750,1742,train
621,1.0437973,1.0502996,1.0551996,1.0519427,1.049944400503816,1.5699106,1.4498837,1750,1742,train
622,1.0438513,1.0502536,1.0526122,1.0508467,1.0498961558679076,1.5699098,1.4743899,1750,1742,train
623,1.0438689,1.0504446,1.0511651,1.0501887,1.0499108309880478,1.569909,1.4552906,1750,1742,train
624,1.0432161,1.0498188,1.0480781,1.0485077,1.0499980306567913,1.5699083,1.4586512,1750,1742,train
625,1.0432533,1.0497245,1.0480429,1.0484844,1.0498726893806063,1.5699074,1.4668174,1750,1742,train
626,1.0432588,1.0484499,1.0533162,1.0503359,1.0498375166593383,1.5699066,1.4717503,1750,1742,train
627,1.0432961,1.0489174,1.0469588,1.0476466,1.0497686461566813,1.5699059,1.4725351,1750,1742,train
628,1.0431906,1.0497618,1.0488713,1.0488827,1.049580342237833,1.569905,1.4674078,1750,1742,train
629,1.0432211,1.0494325,1.0480347,1.0483602,1.0494086438714108,1.5699042,1.4696459,1750,1742,train
630,1.0432523,1.0488285,1.0526567,1.0502406,1.0492486565101355,1.5699035,1.4795494,1750,1742,train
631,1.0432779,1.0476546,1.0507774,1.048804,1.0492321080066538,1.5699027,1.4695323,1750,1742,train
632,1.0432382,1.0504665,1.0492349,1.0492859,1.0490610095209043,1.5699018,1.4483823,1750,1742,train
633,1.043163,1.0499376,1.0484717,1.0487276,1.048883398831128,1.5699011,1.4554567,1750,1742,train
634,1.0427108,1.0502522,1.0500264,1.0495819,1.0487252227630532,1.5699003,1.455557,1750,1742,train
635,1.0427028,1.0501416,1.0503662,1.0496484,1.0485652621414459,1.5698994,1.4468752,1750,1742,train
636,1.0426389,1.0480893,1.0513647,1.049232,1.0484075781070206,1.5698986,1.4607668,1750,1742,train
637,1.0426155,1.0474886,1.0514364,1.048976,1.0482392254419661,1.5698979,1.4572732,1750,1742,train
638,1.0426916,1.0482795,1.0523323,1.0497679,1.0481027651109418,1.569897,1.4624029,1750,1742,train
639,1.042711,1.0498593,1.0486977,1.0487682,1.0479484996281552,1.5698962,1.449311,1750,1742,train
640,1.0427191,1.0472714,1.0489777,1.0477977,1.0478881198867338,1.5698954,1.4673702,1750,1742,train
641,1.0425955,1.0478725,1.0510831,1.0489889,1.0477789130609536,1.5698947,1.4572059,1750,1742,train
642,1.0420982,1.0480156,1.0484256,1.0478724,1.0477477808403906,1.5698938,1.4646895,1750,1742,train
643,1.0421515,1.0468373,1.0500827,1.0480958,1.0476745804610619,1.569893,1.4652427,1750,1742,train
644,1.0421175,1.0472451,1.0463102,1.0465323,1.0476504476124902,1.5698922,1.4595628,1750,1742,train
645,1.042042,1.0423489,1.0410887,1.0419084,1.0474932692961165,1.5698913,1.4577229,1750,1742,train
646,1.0421209,1.0485368,1.0497563,1.0486594,1.0473659562104192,1.5698905,1.4514573,1750,1742,train
647,1.042116,1.0471733,1.0510185,1.0486372,1.047293684815159,1.5698897,1.4562907,1750,1742,train
648,1.0421773,1.0465876,1.0452507,1.0457716,1.0472942410477726,1.5698888,1.4648056,1750,1742,train
649,1.0420548,1.0450196,1.0408263,1.0429838,1.047304908331023,1.5698881,1.4531355,1750,1742,train
650,1.0420982,1.0465529,1.0456278,1.0459433,1.0471876582088435,1.5698873,1.4682331,1750,1742,train
651,1.0415618,1.0477233,1.0426841,1.0451233,1.0470180469621948,1.5698864,1.4666759,1750,1742,train
652,1.0415745,1.0450199,1.0436378,1.0443918,1.046974534280833,1.5698856,1.4810638,1750,1742,train
653,1.0414829,1.046576,1.046669,1.0464299,1.0467896691324083,1.5698848,1.468256,1750,1742,train
654,1.0415411,1.0476347,1.047745,1.047421,1.0466485451473422,1.569884,1.4722433,1750,1742,train
655,1.0415748,1.0472764,1.0462968,1.0466701,1.0464832225648488,1.5698831,1.4893363,1750,1742,train
656,1.0416244,1.0467429,1.040864,1.0438057,1.046373600943448,1.5698823,1.4577099,1750,1742,train
657,1.0415596,1.0475528,1.0470641,1.0470632,1.0462106697237668,1.5698814,1.4701622,1750,1742,train
658,1.0415337,1.0480618,1.0464675,1.0470544,1.0461122534515646,1.5698806,1.4774998,1750,1742,train
659,1.041017,1.0474372,1.0486991,1.0477941,1.0459465041468516,1.5698798,1.4784664,1750,1742,train
660,1.0410419,1.0471996,1.0478342,1.0472627,1.0458932145297428,1.5698789,1.4720234,1750,1742,train
661,1.0409516,1.0467341,1.047552,1.0468981,1.0458097805368907,1.5698781,1.4666033,1750,1742,train
662,1.0409338,1.04687,1.0477827,1.0470952,1.0457579416851441,1.5698773,1.4734169,1750,1742,train
663,1.0410098,1.047514,1.0489082,1.0478988,1.0456652710609242,1.5698763,1.472507,1750,1742,train
664,1.0410321,1.0475981,1.0491914,1.0480232,1.0456508782018337,1.5698755,1.4625944,1750,1742,train
665,1.0410094,1.0438111,1.0483614,1.0459796,1.0456114210043554,1.5698746,1.476239,1750,1742,train
666,1.0409532,1.044158,1.0492396,1.0465379,1.0455888919364176,1.5698738,1.4759947,1750,1742,train
667,1.0404029,1.0453361,1.0423384,1.043971,1.0456474084470928,1.569873,1.487835,1750,1742,train
668,1.0404364,1.0458724,1.0465558,1.0461141,1.0455850598906347,1.5698721,1.4811966,1750,1742,train
669,1.0404868,1.045008,1.0422064,1.0436871,1.045570332954456,1.5698713,1.4707831,1750,1742,train
670,1.0402951,1.0474805,1.0456679,1.0463789,1.0455364370705522,1.5698704,1.4671224,1750,1742,train
671,1.0404152,1.0459876,1.0429361,1.0444993,1.0454820716725675,1.5698695,1.4782711,1750,1742,train
672,1.0404412,1.0462224,1.0471299,1.0464739,1.0454823808379947,1.5698687,1.4669504,1750,1742,train
673,1.0404571,1.0452124,1.0408133,1.0431517,1.045636068667812,1.5698678,1.4726944,1750,1742,train
674,1.0403508,1.0430675,1.0400202,1.0418245,1.045612885645831,1.569867,1.4753879,1750,1742,train
675,1.0403887,1.0456727,1.0423837,1.0440749,1.045488770905761,1.5698661,1.471727,1750,1742,train
676,1.0404568,1.0457029,1.0458435,1.0456672,1.0454324493996845,1.5698652,1.4710227,1750,1742,train
677,1.0398179,1.0450786,1.041122,1.0432051,1.04533255165592,1.5698644,1.466578,1750,1742,train
678,1.0397642,1.0463803,1.0441003,1.0451866,1.045164617285891,1.5698634,1.4728478,1750,1742,train
679,1.0398791,1.0455508,1.043932,1.0448633,1.0450292909646568,1.5698626,1.503247,1750,1742,train
680,1.0398123,1.0460919,1.0441813,1.0451828,1.0448999469521807,1.5698618,1.4937325,1750,1742,train
681,1.0399432,1.0469868,1.0440195,1.0454097,1.0448127978871042,1.5698608,1.469195,1750,1742,train
682,1.0398417,1.0451273,1.0473496,1.0461907,1.044603035021662,1.56986,1.4934452,1750,1742,train
683,1.03928,1.0425763,1.0467408,1.044763,1.0445417628428144,1.5698591,1.4961791,1750,1742,train
684,1.039353,1.0470296,1.0471454,1.0468527,1.044498161696166,1.5698582,1.4679554,1750,1742,train
685,1.0393583,1.0425954,1.0456138,1.0442595,1.0444845030371233,1.5698574,1.4968761,1750,1742,train
686,1.0392848,1.043525,1.0478228,1.0457296,1.044420436164716,1.5698565,1.5056086,1750,1742,train
687,1.0392472,1.0421157,1.0470243,1.0446608,1.044301232024367,1.5698556,1.4910618,1750,1742,train
688,1.0393403,1.0445418,1.0481504,1.0462229,1.0442312978321435,1.5698547,1.4778849,1750,1742,train
689,1.039376,1.0436473,1.0461673,1.0448953,1.044255429473744,1.5698538,1.474647,1750,1742,train
690,1.039321,1.0434153,1.0471033,1.0451925,1.0443139857199495,1.569853,1.4689124,1750,1742,train
691,1.0387088,1.0460567,1.0415385,1.0438268,1.0442573220120086,1.569852,1.4633979,1750,1742,train
692,1.0387963,1.0449557,1.0390418,1.0422118,1.044186813380004,1.5698512,1.469712,1750,1742,train
693,1.038793,1.0456948,1.0452769,1.0453343,1.044041788956845,1.5698502,1.4550475,1750,1742,train
694,1.038785,1.045068,1.0430825,1.0442187,1.0440488768211247,1.5698494,1.4947035,1750,1742,train
695,1.0386683,1.0450065,1.0411464,1.0432755,1.043867025095285,1.5698484,1.487682,1750,1742,train
696,1.0387746,1.0453339,1.0455043,1.0453076,1.0437817066754442,1.5698476,1.4626981,1750,1742,train
697,1.0388013,1.0453947,1.0443194,1.0447638,1.043649422911503,1.5698466,1.455914,1750,1742,train
698,1.0389322,1.042758,1.0353737,1.0395408,1.0436636266893073,1.5698458,1.4711752,1750,1742,train
699,1.0387057,1.0444691,1.0394237,1.042196,1.0435270443111273,1.5698448,1.4768114,1750,1742,train
700,1.0382276,1.041631,1.041877,1.0420798,1.043351938498818,1.5698439,1.4892819,1750,1742,train
701,1.0382676,1.0441557,1.0393811,1.0420009,1.043241028307865,1.569843,1.4692574,1750,1742,train
702,1.038179,1.0418351,1.0419338,1.0421622,1.0432098396647935,1.5698421,1.4808638,1750,1742,train
703,1.0381172,1.0427723,1.043408,1.0432316,1.0430991945510828,1.5698413,1.4736986,1750,1742,train
704,1.0382117,1.0438882,1.0438004,1.0439761,1.04300011942135,1.5698403,1.4868698,1750,1742,train
705,1.0383108,1.0451002,1.0453383,1.0450703,1.0429091050661417,1.5698394,1.4502096,1750,1742,train
706,1.0382768,1.0452454,1.0409014,1.0431575,1.0429021958416358,1.5698385,1.4614106,1750,1742,train
707,1.03814,1.0438766,1.0446823,1.0443124,1.0428383427434624,1.5698376,1.4726962,1750,1742,train
708,1.0376402,1.0439355,1.0405285,1.0423639,1.0428051645508387,1.5698366,1.4553077,1750,1742,train
709,1.0376996,1.0432134,1.039707,1.0416758,1.0427305244632963,1.5698357,1.4590349,1750,1742,train
710,1.0377623,1.0428927,1.0392652,1.0413325,1.042745673334314,1.5698348,1.4600474,1750,1742,train
711,1.0376477,1.0441525,1.0407825,1.0425998,1.0427522808458294,1.5698339,1.4600693,1750,1742,train
712,1.037694,1.0447991,1.0441544,1.044447,1.0427122824502197,1.5698329,1.4626408,1750,1742,train
713,1.0377452,1.0443547,1.0422021,1.0434002,1.0426599414095283,1.569832,1.4735913,1750,1742,train
714,1.0377707,1.0427444,1.03915,1.0412569,1.04267458005323,1.5698311,1.4702091,1750,1742,train
715,1.0371385,1.0440221,1.035816,1.0402923,1.0427574744923467,1.5698302,1.4652655,1750,1742,train
716,1.037102,1.0429106,1.0407013,1.0421909,1.0427188603977018,1.5698292,1.5046633,1750,1742,train
717,1.037203,1.0445113,1.0421973,1.0434506,1.0427132774153571,1.5698283,1.4693155,1750,1742,train
718,1.0371736,1.0446486,1.0424552,1.0436056,1.0426730207091015,1.5698273,1.4635316,1750,1742,train
719,1.0370833,1.0435263,1.0365546,1.040464,1.0427453526986143,1.5698264,1.4788543,1750,1742,train
720,1.0370705,1.0444434,1.0442599,1.0443966,1.0426783207661579,1.5698254,1.4771415,1750,1742,train
721,1.037161,1.0441754,1.0439743,1.0441612,1.042621544747832,1.5698245,1.4810759,1750,1742,train
722,1.0372293,1.044345,1.0441595,1.0443019,1.0426672431884505,1.5698236,1.4761935,1750,1742,train
723,1.0371413,1.0425584,1.0394585,1.0414945,1.042698801529098,1.5698227,1.5121714,1750,1742,train
724,1.0365512,1.0435445,1.0425982,1.0432638,1.0425597654549514,1.5698217,1.4853963,1750,1742,train
725,1.036585,1.0433512,1.041898,1.0429083,1.042385348747346,1.5698208,1.4976008,1750,1742,train
726,1.0366324,1.0435221,1.0413084,1.042676,1.0422164832466225,1.5698198,1.4881772,1750,1742,train
727,1.036618,1.0426283,1.0396789,1.0415094,1.0420963752768797,1.5698189,1.4847338,1750,1742,train
728,1.0365059,1.0415194,1.0407336,1.0415128,1.0419346451011189,1.5698179,1.4908016,1750,1742,train
729,1.0366116,1.0435252,1.0419912,1.0429873,1.0417695785368366,1.569817,1.4876777,1750,1742,train
730,1.036622,1.0433547,1.0412304,1.0425571,1.0416278265840508,1.569816,1.4865751,1750,1742,train
731,1.0366249,1.0375192,1.041085,1.0399104,1.0416085050260777,1.5698149,1.504282,1750,1742,train
732,1.0359637,1.0423234,1.0409615,1.0419865,1.0415262207363358,1.569814,1.4915906,1750,1742,train
733,1.0360531,1.0427486,1.0405337,1.041976,1.0414044166243437,1.569813,1.4896361,1750,1742,train
734,1.0359592,1.0427728,1.0410058,1.0421888,1.0412539893896036,1.569812,1.4863837,1750,1742,train
735,1.0359999,1.0375459,1.0314677,1.0354857,1.041155600140586,1.5698111,1.495006,1750,1742,train
736,1.0359061,1.0416644,1.0355126,1.0391821,1.0410048105256986,1.5698102,1.4885418,1750,1742,train
737,1.0359777,1.0429955,1.0409143,1.0422001,1.0408497657610207,1.5698092,1.4752991,1750,1742,train
738,1.0360122,1.0428578,1.040185,1.0418456,1.0407417766904405,1.5698081,1.4848492,1750,1742,train
739,1.0360872,1.0429268,1.0393617,1.0414299,1.0406341844162255,1.5698072,1.4686081,1750,1742,train
740,1.0359247,1.0405681,1.0335907,1.0377393,1.0405961685308551,1.5698062,1.4736162,1750,1742,train
741,1.0359386,1.0427158,1.0411227,1.0421226,1.04041289668105,1.5698053,1.4649295,1750,1742,train
742,1.0354419,1.0419616,1.0364727,1.0397218,1.040267799809943,1.5698043,1.4805888,1750,1742,train
743,1.0354608,1.0416902,1.0347519,1.0387776,1.0401479144007495,1.5698032,1.472827,1750,1742,train
744,1.0353637,1.0405068,1.0332534,1.037544,1.040070322559538,1.5698023,1.4706204,1750,1742,train
745,1.0353683,1.0430992,1.0385001,1.0410877,1.0399070072315355,1.5698013,1.4625616,1750,1742,train
746,1.0354475,1.0416577,1.0368087,1.0397775,1.0398263780821386,1.5698003,1.4898893,1750,1742,train
747,1.035537,1.0406699,1.0343605,1.0381669,1.0398425967585816,1.5697993,1.4803149,1750,1742,train
748,1.0348911,1.0388331,1.0357338,1.0379517,1.0398014944923488,1.5697984,1.478729,1750,1742,train
749,1.0349046,1.0387597,1.0355767,1.0378096,1.0397104218029203,1.5697973,1.4702826,1750,1742,train
750,1.0349214,1.0403703,1.0408838,1.0410293,1.0396761120036475,1.5697963,1.484064,1750,1742,train
751,1.0349095,1.0397084,1.0406673,1.0406238,1.0396829437498105,1.5697954,1.4828466,1750,1742,train
752,1.0348601,1.0398474,1.0361664,1.0385408,1.0395715246573192,1.5697943,1.4626592,1750,1742,train
753,1.0347748,1.0413952,1.0371523,1.0397038,1.039466915701624,1.5697933,1.4643861,1750,1742,train
754,1.0348634,1.0421914,1.0389295,1.0408427,1.039317731444263,1.5697923,1.4561679,1750,1742,train
755,1.0349135,1.040617,1.0409098,1.0410846,1.039225382803122,1.5697913,1.4682662,1750,1742,train
756,1.0343528,1.0402877,1.0350657,1.0382698,1.0392093611491304,1.5697902,1.4698948,1750,1742,train
757,1.0342814,1.0402887,1.0353359,1.0384405,1.039080595437662,1.5697893,1.4805669,1750,1742,train
758,1.0342996,1.0426183,1.039235,1.0411264,1.0389826764806187,1.5697882,1.4448771,1750,1742,train
759,1.0343521,1.0425144,1.0379287,1.0404868,1.0388947126373698,1.5697873,1.4459953,1750,1742,train
760,1.0343143,1.0396421,1.0345043,1.0378076,1.0389185273883903,1.5697862,1.4901769,1750,1742,train
761,1.0342326,1.0403279,1.0360391,1.0387714,1.0388741216485666,1.5697852,1.4786192,1750,1742,train
762,1.0342902,1.0392776,1.0399172,1.040044,1.038720422896609,1.5697842,1.4734783,1750,1742,train
763,1.0343466,1.042284,1.0385134,1.0406682,1.0386724561879959,1.5697832,1.4502581,1750,1742,train
764,1.0344027,1.0405629,1.0388145,1.0400908,1.038622929136196,1.5697821,1.4657212,1750,1742,train
765,1.03426,1.0363712,1.0322547,1.0352579,1.0385949260184004,1.5697811,1.482797,1750,1742,train
766,1.0336777,1.0393431,1.0364202,1.0384628,1.0384733040914904,1.5697801,1.4707313,1750,1742,train
767,1.0337502,1.0397944,1.0365362,1.0387667,1.038460041885893,1.569779,1.4811252,1750,1742,train
768,1.0338653,1.0406599,1.0369269,1.0392866,1.0383981592768543,1.569778,1.4690728,1750,1742,train
769,1.0336916,1.038897,1.0363772,1.0382422,1.038401489962641,1.569777,1.4712418,1750,1742,train
770,1.0337274,1.038943,1.0354614,1.0378453,1.03833274132893,1.5697759,1.4714351,1750,1742,train
771,1.0337638,1.0401027,1.0367274,1.038989,1.0382363997125703,1.5697749,1.4798708,1750,1742,train
772,1.033295,1.0368495,1.0327151,1.0356759,1.038147531194778,1.5697738,1.4804473,1750,1742,train
773,1.0332394,1.0393388,1.03509,1.0379109,1.0379570770912583,1.5697728,1.4840837,1750,1742,train
774,1.0331687,1.0399858,1.0323586,1.0368522,1.0377781798057448,1.5697718,1.4603281,1750,1742,train
775,1.0331975,1.0395386,1.0320525,1.0365568,1.0376310792659578,1.5697707,1.4712706,1750,1742,train
776,1.0332726,1.0366303,1.0305624,1.034639,1.0376112424502737,1.5697696,1.4913446,1750,1742,train
777,1.0332305,1.0400503,1.0353919,1.0384322,1.0375148537188514,1.5697685,1.4977982,1750,1742,train
778,1.0326272,1.0391269,1.0336066,1.0372019,1.0373618295744478,1.5697675,1.4992815,1750,1742,train
779,1.0327107,1.0388535,1.0375994,1.0388412,1.0373177182409856,1.5697664,1.4849651,1750,1742,train
780,1.0327343,1.0393898,1.0370129,1.0388424,1.0372301095873622,1.5697654,1.4907985,1750,1742,train
781,1.0326902,1.0387862,1.0317806,1.0361494,1.0372371116460115,1.5697644,1.4848241,1750,1742,train
782,1.0325786,1.0394328,1.0334977,1.0372345,1.0371763407353545,1.5697633,1.4861431,1750,1742,train
783,1.0326457,1.0380182,1.0374047,1.03836,1.0370832845528286,1.5697622,1.482239,1750,1742,train
784,1.0326986,1.0389668,1.036696,1.0384558,1.0370908193014103,1.5697612,1.4794993,1750,1742,train
785,1.032657,1.037188,1.0309331,1.0350492,1.037100397208488,1.5697601,1.4882734,1750,1742,train
786,1.0325613,1.0387907,1.0330284,1.0366868,1.0369803732703724,1.569759,1.4767559,1750,1742,train
787,1.0320607,1.0395226,1.0354215,1.0381021,1.0369628644771864,1.5697579,1.4739785,1750,1742,train
788,1.0321077,1.0396099,1.0346014,1.0377644,1.0369490261334082,1.5697569,1.473414,1750,1742,train
789,1.0320871,1.0395759,1.0351182,1.0379697,1.0369938969647017,1.5697558,1.4698675,1750,1742,train
790,1.0320395,1.0316293,1.0256754,1.0299602,1.0370640045799935,1.5697547,1.4533482,1750,1742,train
791,1.032085,1.0352576,1.0363796,1.0366231,1.0368715780378248,1.5697535,1.4795783,1750,1742,train
792,1.0321668,1.039465,1.0336266,1.0373304,1.0369270196784124,1.5697525,1.4912696,1750,1742,train
793,1.0321172,1.039182,1.0329384,1.0368204,1.0369622055899541,1.5697514,1.4760182,1750,1742,train
794,1.032042,1.0336733,1.0304418,1.0332028,1.0368659014949944,1.5697503,1.4833183,1750,1742,train
795,1.0320194,1.0340906,1.0305805,1.0334455,1.0367775883646657,1.5697492,1.4808531,1750,1742,train
796,1.0315354,1.0400076,1.033958,1.0376513,1.0365926793872715,1.5697482,1.4734447,1750,1742,train
797,1.0316007,1.0388334,1.0322928,1.0363438,1.0364870871932264,1.569747,1.4708405,1750,1742,train
798,1.0315202,1.0401399,1.0352756,1.0382266,1.0364254739411811,1.5697459,1.4536268,1750,1742,train
799,1.0314469,1.039264,1.0346918,1.0376184,1.0363863118224041,1.5697448,1.4666214,1750,1742,train
800,1.0315226,1.0385134,1.0320418,1.0361636,1.0362201490883507,1.5697438,1.4891975,1750,1742,train
801,1.031565,1.0370977,1.0306394,1.0348833,1.0360296555571196,1.5697426,1.4904544,1750,1742,train
802,1.0314794,1.0392718,1.0340731,1.037316,1.035813014335381,1.5697415,1.4614023,1750,1742,train
803,1.031488,1.0396843,1.0338616,1.0374275,1.035638770848332,1.5697404,1.46605,1750,1742,train
804,1.03089,1.0382024,1.0295846,1.034856,1.0353980497389272,1.5697392,1.4794718,1750,1742,train
805,1.0310225,1.0392866,1.0347948,1.0377125,1.0352168544431755,1.5697381,1.4749719,1750,1742,train
806,1.0310384,1.0369837,1.0315071,1.0351858,1.0350872184787818,1.569737,1.480727,1750,1742,train
807,1.0309066,1.0358055,1.0314082,1.0345904,1.034871440494957,1.5697359,1.4775678,1750,1742,train
808,1.030951,1.0369081,1.0323384,1.0355874,1.034682464806421,1.5697348,1.4935918,1750,1742,train
809,1.03095,1.0362701,1.0314329,1.0349342,1.034558477370715,1.5697336,1.5054944,1750,1742,train
810,1.0309798,1.0359036,1.0307369,1.0344274,1.0345547749541326,1.5697325,1.5004714,1750,1742,train
811,1.0308796,1.0374389,1.0332464,1.0361838,1.0343047169483812,1.5697314,1.4796923,1750,1742,train
812,1.0302962,1.0357906,1.0289999,1.0334729,1.034108014022377,1.5697303,1.4754361,1750,1742,train
813,1.0303916,1.0367768,1.0302138,1.0345147,1.033928487923995,1.5697291,1.4840467,1750,1742,train
814,1.0304143,1.0357196,1.0286068,1.0332502,1.0337838258431806,1.5697279,1.4730299,1750,1742,train
815,1.0303677,1.0352248,1.0257244,1.0317043,1.033690674053449,1.5697268,1.4725014,1750,1742,train
816,1.0303128,1.037657,1.0312682,1.0353945,1.0336147984760664,1.5697256,1.4833639,1750,1742,train
817,1.0304455,1.0315549,1.0244718,1.0294551,1.0335635715044957,1.5697246,1.4712462,1750,1742,train
818,1.0303829,1.0316348,1.0246413,1.0295352,1.0334449594359616,1.5697234,1.4636153,1750,1742,train
819,1.0303308,1.035903,1.0305227,1.0342157,1.0334451652204273,1.5697222,1.4743234,1750,1742,train
820,1.0297179,1.036042,1.0276253,1.0329272,1.033301110029897,1.5697211,1.4682853,1750,1742,train
821,1.0297991,1.0362413,1.0340548,1.0358921,1.0331068917841757,1.5697199,1.4533029,1750,1742,train
822,1.0298457,1.0352294,1.0325335,1.0347012,1.0330587282988253,1.5697187,1.445544,1750,1742,train
823,1.0298265,1.032245,1.0238659,1.02944,1.0330085080245799,1.5697175,1.4594969,1750,1742,train
824,1.0297458,1.0324007,1.0246826,1.029932,1.033070867292566,1.5697165,1.4702188,1750,1742,train
825,1.029181,1.0344899,1.0286907,1.0326859,1.0331212299110573,1.5697153,1.4633086,1750,1742,train
826,1.0293493,1.0354164,1.0281594,1.0329171,1.0330756231975171,1.5697141,1.475222,1750,1742,train
827,1.0293175,1.0345509,1.0255371,1.0312594,1.032987186202826,1.5697129,1.4606357,1750,1742,train
828,1.029164,1.0287864,1.0222342,1.0271057,1.032966904654866,1.5697117,1.4565086,1750,1742,train
829,1.0292848,1.0365988,1.0305743,1.0344719,1.0328641109913062,1.5697105,1.4552627,1750,1742,train
830,1.028777,1.0382352,1.029026,1.0344995,1.0327026389776819,1.5697094,1.4532118,1750,1742,train
831,1.0286242,1.0372822,1.0271623,1.0332313,1.0326694038063176,1.5697082,1.4572611,1750,1742,train
832,1.028775,1.0359001,1.0291815,1.033627,1.0325751402101975,1.569707,1.4802827,1750,1742,train
833,1.0287709,1.0364618,1.0292387,1.0339035,1.0324659838989791,1.5697058,1.4790372,1750,1742,train
834,1.0287588,1.0357672,1.0281374,1.033119,1.0324861629705306,1.5697047,1.4871222,1750,1742,train
835,1.0287477,1.0333533,1.022045,1.0291241,1.0324768144527023,1.5697035,1.4622877,1750,1742,train
836,1.0286546,1.0362687,1.0294342,1.0338656,1.032399433194138,1.5697023,1.4700694,1750,1742,train
837,1.0286384,1.0362375,1.0291543,1.0337929,1.0323706596941729,1.5697011,1.4859412,1750,1742,train
838,1.0286877,1.0376961,1.0308206,1.0351719,1.0323265783702702,1.5696999,1.4751699,1750,1742,train
839,1.0287485,1.0372949,1.0295222,1.0343845,1.0323206051151428,1.5696987,1.4726957,1750,1742,train
840,1.0286875,1.0361696,1.0286577,1.0334177,1.0322809148399987,1.5696974,1.459265,1750,1742,train
841,1.0280586,1.0341381,1.0283289,1.0324653,1.0321656584310155,1.5696962,1.4872596,1750,1742,train
842,1.0281948,1.0281842,1.0313237,1.0310614,1.0321995367719907,1.569695,1.4728826,1750,1742,train
843,1.0281589,1.0359282,1.031038,1.0343275,1.0319970790255664,1.5696938,1.4437948,1750,1742,train
844,1.0281897,1.0328872,1.0242169,1.0300092,1.0317720722624346,1.5696926,1.485867,1750,1742,train
845,1.0280497,1.0326033,1.0263374,1.0307966,1.0317205640396734,1.5696913,1.4737488,1750,1742,train
846,1.0281118,1.0343077,1.0276341,1.0321558,1.0316251794782285,1.5696901,1.4714694,1750,1742,train
847,1.0281339,1.0299356,1.0300672,1.0313293,1.0315611554249315,1.5696889,1.4831715,1750,1742,train
848,1.028193,1.0290766,1.0283574,1.0301409,1.0315182693693106,1.5696877,1.4796846,1750,1742,train
849,1.0274891,1.0307188,1.0222368,1.0280424,1.0312481956110835,1.5696864,1.4690709,1750,1742,train
850,1.0275116,1.0293171,1.0226341,1.0276295,1.0309890361249885,1.5696852,1.4789317,1750,1742,train
851,1.0275967,1.0305552,1.024754,1.0292023,1.0307983471562983,1.569684,1.4879656,1750,1742,train
852,1.0276119,1.0312743,1.0237944,1.0290774,1.0306181638015792,1.5696827,1.4849008,1750,1742,train
853,1.0275303,1.0315888,1.0235062,1.0290487,1.0304000669406932,1.5696815,1.4757856,1750,1742,train
854,1.0269498,1.0352829,1.0274718,1.0324434,1.0302357456903106,1.5696802,1.4529488,1750,1742,train
855,1.0270771,1.0356088,1.0270795,1.0324811,1.0301022111698344,1.569679,1.4684649,1750,1742,train
856,1.0271028,1.0349629,1.0255978,1.0315775,1.0299603048813997,1.5696777,1.4839723,1750,1742,train
857,1.0270447,1.0351989,1.0257939,1.0317044,1.029859427476995,1.5696765,1.4679875,1750,1742,train
858,1.0270169,1.034879,1.0265535,1.0319586,1.0298731561754442,1.5696752,1.4798982,1750,1742,train
859,1.0264947,1.0248294,1.0293088,1.0286844,1.0298639220039207,1.569674,1.4893588,1750,1742,train
860,1.0265512,1.0254109,1.0292832,1.0289309,1.0297466315602768,1.5696727,1.4878559,1750,1742,train
861,1.0265473,1.0336945,1.0250385,1.0307641,1.0295261769211477,1.5696715,1.4885476,1750,1742,train
862,1.0264257,1.0335778,1.0263546,1.0312911,1.0294770578848709,1.5696702,1.4835285,1750,1742,train
863,1.0264958,1.0258633,1.0297046,1.0293183,1.0294961969337428,1.5696689,1.4852557,1750,1742,train
864,1.0265595,1.0257311,1.0287888,1.0289264,1.0294017072344661,1.5696677,1.5053728,1750,1742,train
865,1.026593,1.0321047,1.0216854,1.028613,1.0293594760239404,1.5696664,1.5131539,1750,1742,train
866,1.0265107,1.0321348,1.0231698,1.0292255,1.0293431896599285,1.5696651,1.494565,1750,1742,train
867,1.0259368,1.0318594,1.0198885,1.0275925,1.0292907532388447,1.5696639,1.4930321,1750,1742,train
868,1.0260135,1.0295464,1.0194132,1.0263551,1.0291555942599222,1.5696626,1.500653,1750,1742,train
869,1.0260031,1.0291402,1.019253,1.0261508,1.029174922600693,1.5696613,1.5131681,1750,1742,train
870,1.0259233,1.0314386,1.0200274,1.0274835,1.0291154472529986,1.56966,1.4974244,1750,1742,train
871,1.0258939,1.0302861,1.0207157,1.0273331,1.029076815148298,1.5696586,1.5111941,1750,1742,train
872,1.0259813,1.0326599,1.0226223,1.0292697,1.029071649251308,1.5696573,1.5074248,1750,1742,train
873,1.0260304,1.0316509,1.0201327,1.0276521,1.028982944519719,1.5696561,1.502908,1750,1742,train
874,1.0259621,1.0326006,1.0238025,1.0298553,1.028927248167797,1.5696548,1.5244642,1750,1742,train
875,1.0253342,1.0290358,1.0266082,1.0294536,1.028887763669018,1.5696535,1.5099931,1750,1742,train
876,1.0253512,1.0297973,1.0263458,1.0296673,1.0288044334675515,1.5696522,1.5069343,1750,1742,train
877,1.0253563,1.0304778,1.0256369,1.0296565,1.0287609006754106,1.5696509,1.5078104,1750,1742,train
878,1.0253571,1.0294279,1.0260491,1.0292405,1.0286868809870435,1.5696496,1.4786092,1750,1742,train
879,1.0252787,1.0285404,1.0270641,1.0293664,1.0286182357666958,1.5696483,1.4937083,1750,1742,train
880,1.0253795,1.0307028,1.0262754,1.0299532,1.0286174387177627,1.569647,1.4851807,1750,1742,train
881,1.0253929,1.032105,1.0270559,1.0309689,1.0286304321198998,1.5696455,1.4898723,1750,1742,train
882,1.0254285,1.0291176,1.0253521,1.0288093,1.0285468019308441,1.5696442,1.4852394,1750,1742,train
883,1.0248613,1.0274317,1.0188731,1.0252067,1.0285544630144332,1.5696429,1.5149071,1750,1742,train
884,1.024836,1.0285594,1.019774,1.0259997,1.0285441491792064,1.5696416,1.4843138,1750,1742,train
885,1.0248905,1.031719,1.0232031,1.0289953,1.028445025479026,1.5696403,1.4817023,1750,1742,train
886,1.0248882,1.0332669,1.0202422,1.0284153,1.0283184545939457,1.569639,1.4976884,1750,1742,train
887,1.0248291,1.029707,1.0208428,1.0271748,1.0282413477146688,1.5696375,1.5222443,1750,1742,train
888,1.0248309,1.0270509,1.0183883,1.024762,1.028214308410284,1.5696362,1.5034232,1750,1742,train
889,1.0243279,1.0341784,1.0236366,1.0304819,1.0281343439750612,1.5696349,1.5207651,1750,1742,train
890,1.0243814,1.0323277,1.022028,1.0289172,1.0279785454017853,1.5696335,1.5239285,1750,1742,train
891,1.0243456,1.0308765,1.0208366,1.0276585,1.0278586311116986,1.5696322,1.5114841,1750,1742,train
892,1.0242913,1.0310812,1.0221777,1.0283148,1.0278526914978436,1.5696309,1.4998438,1750,1742,train
893,1.0243554,1.0335197,1.0238388,1.0301412,1.0277322492755028,1.5696294,1.4897808,1750,1742,train
894,1.0243739,1.0322624,1.022145,1.0288445,1.0276589106831704,1.5696281,1.5014035,1750,1742,train
895,1.0243279,1.0311165,1.0205088,1.0275505,1.0275643668295182,1.5696267,1.4958887,1750,1742,train
896,1.0236766,1.0275245,1.0245674,1.0275325,1.027466193884783,1.5696254,1.4417489,1750,1742,train
897,1.0237267,1.0287411,1.0241802,1.0279307,1.0273646421482405,1.569624,1.4465113,1750,1742,train
898,1.0237607,1.0329077,1.0255471,1.0304791,1.0272781795147115,1.5696226,1.4523522,1750,1742,train
899,1.0238309,1.0308495,1.0234816,1.0285922,1.0271415664222303,1.5696212,1.4512767,1750,1742,train
900,1.0237101,1.0225301,1.0249836,1.0255749,1.0270448022904977,1.5696199,1.4700582,1750,1742,train
901,1.0237178,1.0229249,1.0251288,1.025775,1.0269068319553378,1.5696185,1.4596405,1750,1742,train
902,1.023245,1.0291084,1.0176014,1.0252209,1.0267807594438785,1.569617,1.4763771,1750,1742,train
903,1.0232298,1.029546,1.0177543,1.0254942,1.0267150346634635,1.5696157,1.4772973,1750,1742,train
904,1.0231922,1.0278921,1.0174389,1.024601,1.026627022282169,1.5696143,1.4782487,1750,1742,train
905,1.0231318,1.0293765,1.0175796,1.0253661,1.0265485324304047,1.5696129,1.4839095,1750,1742,train
906,1.0232157,1.0281892,1.0179158,1.0250378,1.0264613338282238,1.5696115,1.4973077,1750,1742,train
907,1.0232769,1.0302082,1.0218419,1.0277095,1.0264099127125699,1.5696101,1.4873457,1750,1742,train
908,1.0232185,1.0290166,1.017143,1.0249969,1.026386520930549,1.5696087,1.4826405,1750,1742,train
909,1.0231436,1.0299184,1.0185404,1.0260375,1.0262815349976506,1.5696073,1.4805167,1750,1742,train
910,1.0226425,1.0334866,1.0220034,1.0291488,1.0261812148249179,1.5696058,1.4584625,1750,1742,train
911,1.0226325,1.0324656,1.0177103,1.0267508,1.026155166656846,1.5696044,1.4654669,1750,1742,train
912,1.0226703,1.0294607,1.0212345,1.0270536,1.0260925911277798,1.569603,1.4787004,1750,1742,train
913,1.0225646,1.0268276,1.0221753,1.026239,1.0260113278029996,1.5696015,1.4682547,1750,1742,train
914,1.0225556,1.0307536,1.0183924,1.0262297,1.0258471252542773,1.5696001,1.453369,1750,1742,train
915,1.0226424,1.0329332,1.0212709,1.0286006,1.0258347786534638,1.5695987,1.4672412,1750,1742,train
916,1.0227094,1.0294033,1.021741,1.0273048,1.0257871484223793,1.5695972,1.4891318,1750,1742,train
917,1.0220857,1.0207062,1.0232971,1.0238662,1.0257098157288624,1.5695958,1.4460562,1750,1742,train
918,1.022085,1.0242608,1.0236472,1.0257055,1.0256320347361605,1.5695944,1.4596221,1750,1742,train
919,1.0220879,1.0245891,1.022723,1.0255126,1.0256121423890205,1.569593,1.4778523,1750,1742,train
920,1.0221555,1.0267246,1.0221436,1.026241,1.025541366452143,1.5695915,1.4826353,1750,1742,train
921,1.0220973,1.0225153,1.0223951,1.024373,1.0254015903996097,1.5695901,1.4675587,1750,1742,train
922,1.0219808,1.0260069,1.0173416,1.0236763,1.0253229453805475,1.5695885,1.4732702,1750,1742,train
923,1.0221138,1.0228457,1.0226841,1.024673,1.025277283589178,1.5695871,1.471462,1750,1742,train
924,1.0215755,1.0290227,1.016109,1.0244693,1.0253050871355718,1.5695857,1.4696274,1750,1742,train
925,1.0215955,1.029978,1.0167325,1.0251681,1.0252736421232693,1.5695843,1.4648036,1750,1742,train
926,1.0215257,1.0296819,1.0195544,1.0264094,1.0251964956785724,1.5695827,1.4841223,1750,1742,train
927,1.021547,1.0303946,1.0192549,1.0266137,1.0251165259888415,1.5695813,1.4879533,1750,1742,train
928,1.021578,1.030155,1.0156653,1.0248427,1.0250403101645094,1.5695798,1.4834499,1750,1742,train
929,1.0215688,1.0303364,1.0166509,1.0253354,1.0249811343399768,1.5695783,1.4741682,1750,1742,train
930,1.0214851,1.0293019,1.0174743,1.0253432,1.0248756323717219,1.5695769,1.4975154,1750,1742,train
931,1.0214291,1.0299482,1.0197899,1.0266595,1.0248771824408067,1.5695753,1.4889336,1750,1742,train
932,1.0209613,1.0294955,1.0216249,1.0272682,1.0247427440585346,1.5695739,1.4833138,1750,1742,train
933,1.0210308,1.0277042,1.0177206,1.0246876,1.0246726127709547,1.5695723,1.4881232,1750,1742,train
934,1.0209804,1.0261016,1.0169375,1.0234739,1.024572977064054,1.5695708,1.4595865,1750,1742,train
935,1.0209196,1.0217148,1.0207305,1.0233408,1.024484170925319,1.5695693,1.4889113,1750,1742,train
936,1.0209634,1.0222602,1.0202078,1.0234406,1.0243782905055743,1.5695678,1.5098062,1750,1742,train
937,1.0209836,1.0265765,1.0174555,1.0240675,1.0243175850332547,1.5695664,1.4914662,1750,1742,train
938,1.0209976,1.0260572,1.0163751,1.0232681,1.0242624163030687,1.5695648,1.4757925,1750,1742,train
939,1.0203077,1.0260782,1.0155075,1.0230452,1.0241854664325976,1.5695633,1.5135766,1750,1742,train
940,1.0203228,1.027121,1.0151911,1.0233469,1.0241768710861299,1.5695617,1.506992,1750,1742,train
941,1.02038,1.026975,1.0148879,1.0231763,1.0241812490877236,1.5695603,1.5150146,1750,1742,train
942,1.0203775,1.0259588,1.0152231,1.0228411,1.024156402400998,1.5695587,1.5090082,1750,1742,train
943,1.0204052,1.025771,1.0168154,1.0234333,1.0240177877324592,1.5695572,1.4972962,1750,1742,train
944,1.0203091,1.0270234,1.0156764,1.0235715,1.0239598010306479,1.5695556,1.5179327,1750,1742,train
945,1.0198117,1.0295695,1.0151619,1.0244746,1.02389162244626,1.5695541,1.513104,1750,1742,train
946,1.0198084,1.0310035,1.0170965,1.026013,1.023878029563074,1.5695525,1.513246,1750,1742,train
947,1.0198448,1.0266147,1.0174992,1.0242848,1.0237759502777,1.569551,1.5333573,1750,1742,train
948,1.0197282,1.0279136,1.0152571,1.0237689,1.023666048385266,1.5695494,1.5141704,1750,1742,train
949,1.0198209,1.0269132,1.017346,1.0243593,1.0235609707252895,1.5695479,1.5353888,1750,1742,train
950,1.0198523,1.0308816,1.0156096,1.0252678,1.023438743358081,1.5695463,1.5110302,1750,1742,train
951,1.0198904,1.0281346,1.0155776,1.0241083,1.023350116844678,1.5695448,1.5358014,1750,1742,train
952,1.0192513,1.0298202,1.0145288,1.0243608,1.0233126918565536,1.5695432,1.5275297,1750,1742,train
953,1.0192581,1.0166869,1.0173221,1.0195442,1.023303102009376,1.5695416,1.5008578,1750,1742,train
954,1.0193403,1.0235486,1.0178277,1.0229851,1.0232424143716017,1.56954,1.5206515,1750,1742,train
955,1.0193481,1.024571,1.0175006,1.0233269,1.0232052645269096,1.5695385,1.5267441,1750,1742,train
956,1.01934,1.0167102,1.0179962,1.0198197,1.023168837922323,1.5695369,1.4908653,1750,1742,train
957,1.0186776,1.0273975,1.0154061,1.0235589,1.0232058280391498,1.5695353,1.50414,1750,1742,train
958,1.0187185,1.0287788,1.0150963,1.0241812,1.0233288443872184,1.5695337,1.5357503,1750,1742,train
959,1.0187509,1.0261617,1.0142317,1.0225179,1.023366013789157,1.5695322,1.5178299,1750,1742,train
960,1.0187715,1.0264401,1.0151802,1.0229796,1.02330344745413,1.5695305,1.4949174,1750,1742,train
961,1.0186664,1.0281096,1.0138929,1.023255,1.0232127752494828,1.5695289,1.5190827,1750,1742,train
962,1.0186994,1.0271153,1.0137432,1.0227245,1.0231260450923683,1.5695273,1.5168813,1750,1742,train
963,1.0187279,1.0279093,1.0135171,1.0229939,1.0230509758227615,1.5695257,1.5195341,1750,1742,train
964,1.0187567,1.0280707,1.0135136,1.0230879,1.0229476959038912,1.569524,1.5246925,1750,1742,train
965,1.0181615,1.0223007,1.0143108,1.0206484,1.0228306936103424,1.5695225,1.4837453,1750,1742,train
966,1.0181081,1.0211766,1.0141537,1.0200988,1.0227311327653312,1.5695208,1.4915538,1750,1742,train
967,1.0182033,1.027055,1.0141418,1.0228847,1.022648827087635,1.5695192,1.5181291,1750,1742,train
968,1.0181797,1.0264184,1.0160179,1.0234318,1.0225049346194452,1.5695176,1.5131403,1750,1742,train
969,1.0182126,1.0269593,1.013515,1.0224799,1.0223551406771367,1.569516,1.5008599,1750,1742,train
970,1.0181091,1.0208547,1.013945,1.0198038,1.022219481801704,1.5695143,1.479484,1750,1742,train
971,1.0175978,1.0247247,1.0137007,1.021605,1.022114038434985,1.5695126,1.5141705,1750,1742,train
972,1.0176564,1.0274204,1.0134444,1.0227007,1.0221044038326832,1.5695109,1.5108277,1750,1742,train
973,1.0175993,1.025449,1.0142113,1.0220399,1.0220382842648208,1.5695093,1.484584,1750,1742,train
974,1.017555,1.027206,1.0139649,1.0226846,1.0219256059453978,1.5695077,1.4749278,1750,1742,train
975,1.0176115,1.0278854,1.013839,1.0230663,1.0218392965458531,1.569506,1.5046525,1750,1742,train
976,1.017084,1.0279219,1.012953,1.0226915,1.0218587887754333,1.5695044,1.5078609,1750,1742,train
977,1.0171298,1.0277336,1.0124366,1.0224074,1.0218636557135945,1.5695027,1.5166749,1750,1742,train
978,1.0171797,1.0267177,1.0126002,1.0219803,1.0217961908431539,1.569501,1.5075399,1750,1742,train
979,1.0170759,1.0269698,1.0126688,1.0221039,1.0216786665036959,1.5694993,1.5023177,1750,1742,train
980,1.0171639,1.0265954,1.0122771,1.0218462,1.021601849273102,1.5694976,1.5236886,1750,1742,train
981,1.0171665,1.026989,1.0121174,1.0219355,1.0215172914257553,1.5694959,1.5197225,1750,1742,train
982,1.016624,1.0247301,1.0124353,1.020938,1.0213199887432858,1.5694942,1.4932749,1750,1742,train
983,1.0165229,1.0197098,1.0126421,1.018724,1.0212423009465483,1.5694926,1.4880201,1750,1742,train
984,1.0165114,1.019854,1.0126765,1.0188061,1.021161176809529,1.5694908,1.4881984,1750,1742,train
985,1.0165532,1.024121,1.0122522,1.020581,1.0210299753797476,1.5694891,1.4942,1750,1742,train
986,1.0165838,1.025168,1.0124874,1.0211282,1.0209055877724789,1.5694875,1.4857273,1750,1742,train
987,1.016554,1.0224421,1.0143139,1.0208641,1.0208064852199383,1.5694857,1.5183411,1750,1742,train
988,1.016483,1.017309,1.0143123,1.0184368,1.0207594483783458,1.569484,1.4976656,1750,1742,train
989,1.0159733,1.0250335,1.0122895,1.0209517,1.0206859916729882,1.5694823,1.4801003,1750,1742,train
990,1.0160344,1.025176,1.0120945,1.0209724,1.0206019551344072,1.5694805,1.4903487,1750,1742,train
991,1.0160319,1.0238601,1.012386,1.0204352,1.0204946049104844,1.5694788,1.4741211,1750,1742,train
992,1.015949,1.0207076,1.0127012,1.019304,1.020390151086985,1.5694771,1.5107796,1750,1742,train
993,1.0159485,1.0241492,1.0122135,1.020683,1.020296065936228,1.5694753,1.5189508,1750,1742,train
994,1.0159692,1.0257125,1.0121665,1.0213448,1.0203040134391106,1.5694736,1.5122877,1750,1742,train
995,1.0160143,1.0254462,1.0117629,1.0209914,1.0202941653028885,1.5694718,1.501336,1750,1742,train
996,1.0159793,1.0254788,1.0112174,1.0209405,1.0202217818186567,1.56947,1.5443027,1750,1742,train
997,1.0153378,1.0221909,1.0113657,1.019415,1.0200644777316088,1.5694683,1.5216064,1750,1742,train
998,1.0153791,1.0229352,1.0112107,1.0196909,1.019964213260442,1.5694666,1.5234373,1750,1742,train
999,1.0153939,1.0241473,1.0123168,1.0207933,1.0198745144844694,1.5694648,1.5339322,1750,1742,train
1000,1.0154011,1.025193,1.0108752,1.0206567,1.0197998340322603,1.569463,1.5449837,1750,1742,train
1001,1.0153549,1.0194435,1.0111489,1.018055,1.0197289926354447,1.5694612,1.5192728,1750,1742,train
1002,1.0153562,1.0175097,1.0112221,1.017152,1.0196358314059597,1.5694594,1.5062895,1750,1742,train
1003,1.0153812,1.0233738,1.0108705,1.0197455,1.019553867233487,1.5694577,1.5258956,1750,1742,train
1004,1.0153973,1.0261037,1.0104997,1.0208762,1.0194774260809434,1.5694559,1.5394125,1750,1742,train
1005,1.0148544,1.0213507,1.0114202,1.0189711,1.0193886753710586,1.5694541,1.5015833,1750,1742,train
1006,1.0147748,1.022613,1.0112553,1.0194955,1.0192881808545033,1.5694523,1.5073621,1750,1742,train
1007,1.0148355,1.0227423,1.0111932,1.0194988,1.019215210571866,1.5694504,1.5011232,1750,1742,train
1008,1.0148934,1.0218165,1.0105224,1.0188395,1.019110947201333,1.5694486,1.5171144,1750,1742,train
1009,1.0143347,1.0237203,1.0107247,1.0197151,1.0189885423581189,1.5694468,1.4977386,1750,1742,train
1010,1.0142783,1.023823,1.0110354,1.0199231,1.018944545406063,1.569445,1.5021312,1750,1742,train
1011,1.0142404,1.024734,1.0108912,1.0202876,1.0189052466565751,1.5694431,1.5057619,1750,1742,train
1012,1.0142908,1.0247084,1.0098424,1.019934,1.0188850412638801,1.5694413,1.5379815,1750,1742,train
1013,1.014355,1.0190212,1.0106761,1.0176058,1.0187494238655794,1.5694395,1.509842,1750,1742,train
1014,1.0143968,1.0213947,1.0104728,1.018621,1.0186104332755994,1.5694376,1.516248,1750,1742,train
1015,1.014275,1.02275,1.0101861,1.0191437,1.018478421471604,1.5694358,1.5248157,1750,1742,train
1016,1.0137609,1.018923,1.0099361,1.017229,1.0183545825122036,1.5694339,1.511349,1750,1742,train
1017,1.0137746,1.0228412,1.0096158,1.018881,1.0182517029053046,1.569432,1.5146992,1750,1742,train
1018,1.0137998,1.0227553,1.0096977,1.0188148,1.0180962560222495,1.5694302,1.4998047,1750,1742,train
1019,1.013728,1.0161026,1.0098541,1.0158093,1.0179917743142153,1.5694283,1.4888365,1750,1742,train
1020,1.0136219,1.0145544,1.0096819,1.0150101,1.0179165826572327,1.5694264,1.4853019,1750,1742,train
1021,1.0136802,1.018986,1.0095282,1.0169817,1.0178205156739755,1.5694246,1.490804,1750,1742,train
1022,1.013129,1.0227739,1.0093505,1.0187514,1.017777599811307,1.5694227,1.5199296,1750,1742,train
1023,1.013227,1.0213109,1.0094277,1.0180124,1.01768421717154,1.5694208,1.4949131,1750,1742,train
1024,1.0131599,1.0190799,1.0095181,1.016998,1.0175572518959353,1.5694189,1.4858041,1750,1742,train
1025,1.0131675,1.0192993,1.0093899,1.0170847,1.0174544197065167,1.569417,1.4962078,1750,1742,train
1026,1.0132118,1.0201842,1.009274,1.0174773,1.0173955242340218,1.5694151,1.5060273,1750,1742,train
1027,1.0131838,1.021801,1.0090601,1.0181468,1.0172925314148846,1.5694132,1.5132302,1750,1742,train
1028,1.0126052,1.0207305,1.0092752,1.0177709,1.0171260037652354,1.5694113,1.5162728,1750,1742,train
1029,1.0125053,1.019968,1.009167,1.0173303,1.0170286729836786,1.5694094,1.506098,1750,1742,train
1030,1.0126071,1.0218593,1.0090661,1.0180807,1.0169662087713394,1.5694075,1.4912739,1750,1742,train
1031,1.0126204,1.0229402,1.0088718,1.0185696,1.0168654806856898,1.5694056,1.5109904,1750,1742,train
1032,1.0126178,1.0217752,1.0088458,1.0180845,1.016763544978534,1.5694035,1.5242991,1750,1742,train
1033,1.0126395,1.0228412,1.0083201,1.0184321,1.016649330790159,1.5694016,1.5485332,1750,1742,train
1034,1.0125748,1.0191426,1.008354,1.016686,1.0165720392983575,1.5693997,1.5301927,1750,1742,train
1035,1.0120404,1.0118121,1.0083263,1.0132679,1.01653796256325,1.5693977,1.5144395,1750,1742,train
1036,1.0120384,1.0134711,1.0082135,1.0140005,1.0164574533170834,1.5693958,1.521133,1750,1742,train
1037,1.0120724,1.0120649,1.0081227,1.0132985,1.0163923243104003,1.5693938,1.5164502,1750,1742,train
1038,1.0117924,1.0195117,1.0081131,1.0166919,1.0163327400950228,1.5693918,1.5180473,1750,1742,train
1039,1.01203,1.020215,1.0081666,1.0170045,1.0162507105139151,1.5693898,1.510607,1750,1742,train
1040,1.0115335,1.020457,1.0080074,1.0169724,1.0161930281037452,1.5693879,1.4946156,1750,1742,train
1041,1.0115353,1.0203025,1.0079272,1.0169338,1.0161606807309347,1.5693859,1.5103823,1750,1742,train
1042,1.0114771,1.0179288,1.0078552,1.0157669,1.0160720431927852,1.5693839,1.4981145,1750,1742,train
1043,1.0114193,1.0190115,1.0078163,1.0163076,1.0159712452351388,1.569382,1.5132582,1750,1742,train
1044,1.0114125,1.0183206,1.0077212,1.0159135,1.0158689689003113,1.5693799,1.5049131,1750,1742,train
1045,1.0109508,1.0179927,1.0074124,1.0157144,1.0156405646440756,1.5693779,1.5261569,1750,1742,train
1046,1.0111115,1.0193117,1.0074978,1.0163116,1.0154165732052747,1.5693759,1.5162905,1750,1742,train
1047,1.0109432,1.0156887,1.0073595,1.0145905,1.0152697133008963,1.5693738,1.5143611,1750,1742,train
1048,1.01092,1.0159652,1.0071892,1.0146347,1.0151699770238989,1.5693718,1.5134994,1750,1742,train
1049,1.0109904,1.0188687,1.0070817,1.0159565,1.0150414058858388,1.5693698,1.5248688,1750,1742,train
1050,1.0110289,1.0201789,1.0069973,1.0164956,1.0149527481559053,1.5693678,1.5204804,1750,1742,train
1051,1.0110445,1.0174472,1.0069442,1.0151759,1.0147709379449996,1.5693657,1.5085249,1750,1742,train
1052,1.0109458,1.0147984,1.0068781,1.0138924,1.0146253901690547,1.5693637,1.497671,1750,1742,train
1053,1.0103806,1.0166047,1.0068142,1.0145986,1.014478740323493,1.5693616,1.4778234,1750,1742,train
1054,1.0104436,1.016521,1.0067152,1.0145556,1.0144451203660672,1.5693595,1.4870112,1750,1742,train
1055,1.0104833,1.0168127,1.0066152,1.0146185,1.014278214378335,1.5693575,1.4815321,1750,1742,train
1056,1.0104699,1.015665,1.0065138,1.0140449,1.01419816190175,1.5693554,1.4804482,1750,1742,train
1057,1.0103798,1.0165777,1.0064244,1.0145408,1.014142888848247,1.5693533,1.508188,1750,1742,train
1058,1.0097954,1.0176744,1.0063353,1.0150816,1.014078642026489,1.5693512,1.5273218,1750,1742,train
1059,1.0099144,1.0136647,1.0062425,1.0131246,1.014043363329407,1.5693492,1.5066774,1750,1742,train
1060,1.0099361,1.012054,1.006145,1.0122803,1.0139644923934987,1.569347,1.4915028,1750,1742,train
1061,1.0098945,1.0158861,1.0060117,1.0140593,1.0137799731812573,1.569345,1.5133501,1750,1742,train
1062,1.0098255,1.0163078,1.0059125,1.0141889,1.0136014702133642,1.5693429,1.5093877,1750,1742,train
1063,1.0098618,1.0158796,1.0058181,1.0139729,1.013405002112028,1.5693407,1.5145272,1750,1742,train
1064,1.0093879,1.0125502,1.0057054,1.012332,1.0133227769584536,1.5693386,1.4976037,1750,1742,train
1065,1.0093945,1.0123641,1.0055988,1.012187,1.0132821789062842,1.5693364,1.494984,1750,1742,train
1066,1.0093493,1.0112855,1.0055212,1.0116491,1.0132334584754785,1.5693344,1.4924344,1750,1742,train
1067,1.0093198,1.0101578,1.0055863,1.01127,1.0131279313282473,1.5693322,1.5165309,1750,1742,train
1068,1.0093699,1.0149122,1.005295,1.0131277,1.0130186034570698,1.5693301,1.4766635,1750,1742,train
1069,1.0088629,1.0149196,1.0054168,1.0133035,1.0129078268240477,1.569328,1.5032961,1750,1742,train
1070,1.0088457,1.0179129,1.0052457,1.0146528,1.0128061673349873,1.5693257,1.5182471,1750,1742,train
1071,1.0088325,1.0155655,1.0051143,1.0134369,1.012761074431873,1.5693235,1.4981776,1750,1742,train
1072,1.0087316,1.0137656,1.00498,1.012439,1.01272702199279,1.5693214,1.4716327,1750,1742,train
1073,1.0088239,1.0141407,1.004849,1.0125717,1.0125849472981812,1.5693192,1.4765664,1750,1742,train
1074,1.0088643,1.0150051,1.0047588,1.0129684,1.0124192533008107,1.569317,1.4865932,1750,1742,train
1075,1.0083631,1.009223,1.0048537,1.0104178,1.012308861729266,1.5693148,1.4954597,1750,1742,train
1076,1.0082797,1.0160652,1.004647,1.0134854,1.0122486155295745,1.5693127,1.506167,1750,1742,train
1077,1.0082048,1.0150608,1.0043721,1.0127814,1.0121811630582604,1.5693104,1.4785674,1750,1742,train
1078,1.0082661,1.0173655,1.0042706,1.0137894,1.0120278007784311,1.5693083,1.4797164,1750,1742,train
1079,1.0082462,1.0083256,1.0043709,1.0096415,1.0119913349243432,1.569306,1.4623013,1750,1742,train
1080,1.0082805,1.0175102,1.0040519,1.0137502,1.0118823385056996,1.5693038,1.4785788,1750,1742,train
1081,1.0082368,1.0132262,1.0040951,1.0118695,1.0117775477051425,1.5693016,1.4900076,1750,1742,train
1082,1.0076678,1.0136915,1.0038352,1.0118088,1.0116545741383822,1.5692993,1.4553561,1750,1742,train
1083,1.0077082,1.0139887,1.003746,1.0119803,1.011557160929092,1.5692971,1.4726086,1750,1742,train
1084,1.0077007,1.0133746,1.0037079,1.0117246,1.0114783858974072,1.5692948,1.4819577,1750,1742,train
1085,1.0077274,1.0135638,1.0035353,1.0117221,1.0113693039107465,1.5692925,1.4797897,1750,1742,train
1086,1.0076556,1.0137092,1.0034297,1.0116779,1.0112087945845674,1.5692903,1.4658024,1750,1742,train
1087,1.0075052,1.0139818,1.0033596,1.0117551,1.0111144480800862,1.569288,1.4624699,1750,1742,train
1088,1.007057,1.0121417,1.0037334,1.0111816,1.01103956642558,1.5692858,1.4834787,1750,1742,train
1089,1.0070415,1.0104915,1.0036306,1.0103697,1.0109647326448805,1.5692835,1.480433,1750,1742,train
1090,1.0071586,1.008514,1.003117,1.0091485,1.0108413351721657,1.5692812,1.4611573,1750,1742,train
1091,1.0071262,1.0086546,1.0030886,1.0092454,1.01075125208536,1.5692788,1.471446,1750,1742,train
1092,1.0070871,1.0132257,1.0028085,1.0112418,1.0106703752855428,1.5692766,1.4811947,1750,1742,train
1093,1.0065488,1.011421,1.0027645,1.0103482,1.010564635238929,1.5692743,1.469528,1750,1742,train
1094,1.0065713,1.0129441,1.002691,1.0110435,1.0104574943933822,1.5692719,1.477505,1750,1742,train
1095,1.0065463,1.0119233,1.0026028,1.0105175,1.010331555817876,1.5692697,1.4727902,1750,1742,train
1096,1.0065569,1.0072511,1.0024776,1.0082937,1.0102591742696578,1.5692673,1.4640657,1750,1742,train
1097,1.0065205,1.0073276,1.0023153,1.0082859,1.010205833727563,1.5692649,1.4711361,1750,1742,train
1098,1.0060147,1.0112855,1.0022924,1.0101228,1.0101270993899638,1.5692626,1.4813105,1750,1742,train
1099,1.0060996,1.012751,1.0026795,1.0110023,1.009975415161323,1.5692602,1.4892886,1750,1742,train
1100,1.0061135,1.0130903,1.0019134,1.0107048,1.009840744997461,1.5692579,1.4663671,1750,1742,train
1101,1.0060724,1.0111454,1.0019634,1.0099151,1.00963991319997,1.5692555,1.4828631,1750,1742,train
1102,1.0060028,1.0093783,1.0018266,1.0090184,1.009577404578127,1.5692531,1.4761571,1750,1742,train
1103,1.0054457,1.0132022,1.0016265,1.0106921,1.0094863880249896,1.5692507,1.481638,1750,1742,train
1104,1.0055548,1.0057828,1.0017147,1.0072851,1.0094053500230207,1.5692483,1.4661114,1750,1742,train
1105,1.005543,1.0029374,1.0015852,1.0059047,1.0091843833663707,1.5692459,1.4604161,1750,1742,train
1106,1.0054967,1.0112457,1.0012383,1.0095971,1.009102624657045,1.5692436,1.4756463,1750,1742,train
1107,1.0054232,1.0116854,1.0011678,1.0097712,1.0089709525761683,1.5692412,1.4770426,1750,1742,train
1108,1.0048876,1.0113039,1.001163,1.0095544,1.0088545553961987,1.5692387,1.4678278,1750,1742,train
1109,1.0049418,1.0118021,1.0010617,1.009755,1.008757574476855,1.5692363,1.4723487,1750,1742,train
1110,1.0050399,1.0096421,1.0013227,1.0089597,1.0086469730733072,1.5692338,1.4878752,1750,1742,train
1111,1.004913,1.012089,1.0007627,1.0097499,1.008625256820527,1.5692314,1.4725866,1750,1742,train
1112,1.004873,1.0113642,1.0006413,1.0093274,1.0085980843254325,1.5692289,1.4643288,1750,1742,train
1113,1.004844,1.0108042,1.0005133,1.0089854,1.0084767198586182,1.5692265,1.4579797,1750,1742,train
1114,1.0049099,1.0106335,1.0004946,1.00895,1.0083421101324,1.569224,1.4693521,1750,1742,train
1115,1.0049027,1.0108178,1.000385,1.0089939,1.008197356986046,1.5692215,1.4716022,1750,1742,train
1116,1.0043701,1.0074654,1.0004079,1.0074663,1.0080348228597478,1.569219,1.4690417,1750,1742,train
1117,1.0042388,1.004339,1.0004358,1.0060432,1.007904543350421,1.5692165,1.4662983,1750,1742,train
1118,1.0042217,1.0042679,1.0000799,1.0057148,1.007859145175508,1.5692141,1.4367619,1750,1742,train
1119,1.0043027,1.006884,1.0003006,1.0071211,1.0077754491025894,1.5692115,1.4620117,1750,1742,train
1120,1.0043527,1.0087702,1.000088,1.0078928,1.0076625025791413,1.569209,1.4642951,1750,1742,train
1121,1.0043373,1.0082686,1.0000252,1.0076277,1.0075738700011823,1.5692065,1.4625149,1750,1742,train
1122,1.0037397,1.0050367,0.99947846,1.0058317,1.0074314855687125,1.569204,1.4460505,1750,1742,train
1123,1.0037227,1.0041192,0.99937207,1.0053807,1.0072610889729168,1.5692015,1.4494851,1750,1742,train
1124,1.0037842,1.0095317,0.9993209,1.0078367,1.0071208290520128,1.5691988,1.4527428,1750,1742,train
1125,1.0037163,1.0094423,0.999344,1.0078381,1.0069879665577393,1.5691963,1.4597731,1750,1742,train
1126,1.00374,1.0089562,0.99905574,1.0075057,1.006859984121696,1.5691937,1.4644005,1750,1742,train
1127,1.0037104,1.0047269,0.99923295,1.0057325,1.0066985507878397,1.5691912,1.480514,1750,1742,train
1128,1.0030799,1.00579,0.9989619,1.0059797,1.0065244948618879,1.5691886,1.4552104,1750,1742,train
1129,1.0031279,1.007575,0.998902,1.006824,1.006421642885709,1.569186,1.4683425,1750,1742,train
1130,1.0031983,1.0090497,0.9988005,1.0074831,1.0062056292320665,1.5691835,1.4759982,1750,1742,train
1131,1.0032076,1.0084183,0.9985402,1.0069717,1.0060569940194972,1.5691808,1.452609,1750,1742,train
1132,1.0031719,1.0083973,0.9985911,1.0071099,1.005913880101456,1.5691782,1.4804207,1750,1742,train
1133,1.0026125,1.0078876,0.99825364,1.0066779,1.005816287604354,1.5691756,1.4702129,1750,1742,train
1134,1.002607,1.0073249,0.99812305,1.0063099,1.0057237015949954,1.569173,1.4585946,1750,1742,train
1135,1.0026766,1.008173,0.998009,1.0066679,1.005625730738209,1.5691704,1.4639441,1750,1742,train
1136,1.0026687,1.0012133,0.99820805,1.0035509,1.0056188811629005,1.5691676,1.455283,1750,1742,train
1137,1.0026307,1.0008866,0.99803865,1.003318,1.005608232520193,1.569165,1.4538186,1750,1742,train
1138,1.0025805,1.0082772,0.99770373,1.0065751,1.0055387582283846,1.5691624,1.4638402,1750,1742,train
1139,1.0019647,1.0087717,0.9976846,1.0067686,1.0053969705727555,1.5691596,1.4587195,1750,1742,train
1140,1.002022,1.0084317,0.9975531,1.0065106,1.005339560539706,1.569157,1.4492024,1750,1742,train
1141,1.0020721,1.0071077,0.99746186,1.0058422,1.0052663314968466,1.5691543,1.4439436,1750,1742,train
1142,1.0021152,1.0036879,0.997757,1.0045177,1.005136703550573,1.5691516,1.4656055,1750,1742,train
1143,1.0021127,1.0015864,0.9972758,1.0033028,1.0049617204483081,1.5691489,1.4572163,1750,1742,train
1144,1.0014597,1.002432,0.9970806,1.0034326,1.0047913362367886,1.5691462,1.4207996,1750,1742,train
1145,1.0015103,1.0053399,0.9973257,1.0050495,1.0046071375211887,1.5691434,1.4604542,1750,1742,train
1146,1.0014871,1.0026906,0.99712676,1.0037215,1.0044818365057142,1.5691407,1.4536717,1750,1742,train
1147,1.0015166,1.0015931,0.9967323,1.0029142,1.0044034768218322,1.5691379,1.4257855,1750,1742,train
1148,1.0015393,1.0023478,0.99659747,1.0032254,1.0042609306836312,1.5691352,1.432181,1750,1742,train
1149,1.0014948,1.0029457,0.99676263,1.0037073,1.0040741239634172,1.5691324,1.4617602,1750,1742,train
1150,1.0008657,1.004924,0.9963821,1.0044352,1.0039686007273656,1.5691297,1.4620252,1750,1742,train
1151,1.000858,1.004548,0.99632734,1.0042297,1.0038313255682156,1.5691268,1.4599761,1750,1742,train
1152,1.0007849,1.0055647,0.9963211,1.0048103,1.0037131559138714,1.5691241,1.4870497,1750,1742,train
1153,1.0009474,1.0051969,0.9960288,1.0044769,1.0035419839554642,1.5691212,1.4797801,1750,1742,train
1154,1.0009557,1.0042212,0.995831,1.0038961,1.0033619108333585,1.5691185,1.4694457,1750,1742,train
1155,1.0009158,1.0051498,0.99575883,1.0043491,1.0032300574165995,1.5691156,1.4836549,1750,1742,train
1156,1.0003226,1.0050627,0.9957873,1.0043159,1.003105445381622,1.5691128,1.4821433,1750,1742,train
1157,1.0003461,1.0053167,0.9957389,1.0044248,1.0029753041784546,1.56911,1.485647,1750,1742,train
1158,1.0003155,1.003309,0.995496,1.003269,1.002878229489363,1.5691072,1.4564193,1750,1742,train
1159,1.0003843,1.002888,0.9953197,1.0030007,1.0027822456426303,1.5691043,1.4573407,1750,1742,train
1160,1.0003853,1.0038595,0.99529177,1.0035812,1.0026797344196807,1.5691015,1.4911848,1750,1742,train
1161,0.999769,0.9952756,0.99523944,0.9995485,1.0025942002936423,1.5690986,1.4686843,1750,1742,train
1162,0.9997531,0.9961467,0.9953431,1.0000418,1.0024610416365538,1.5690956,1.4797404,1750,1742,train
1163,0.9998092,0.9993301,0.9953147,1.0014862,1.0023182015294168,1.5690928,1.4814591,1750,1742,train
1164,0.99985516,1.0038207,0.9958753,1.003823,1.0022645052333632,1.5690899,1.4895074,1750,1742,train
1165,0.99986935,0.99885774,0.9949609,1.001127,1.0022705932614202,1.5690869,1.485502,1750,1742,train
1166,0.9993634,1.0005639,0.99459624,1.0017632,1.0022501513429574,1.569084,1.4914511,1750,1742,train
1167,0.9993427,1.0020678,0.99430996,1.0022197,1.0022732966815286,1.5690811,1.469498,1750,1742,train
1168,0.9992799,1.0021836,0.9942644,1.002201,1.0022366380010348,1.5690781,1.4582214,1750,1742,train
1169,0.999311,1.000374,0.9941559,1.001359,1.0021302629460385,1.5690751,1.4652914,1750,1742,train
1170,0.9992728,1.004204,0.9940399,1.0031024,1.0020424276141249,1.5690722,1.4770458,1750,1742,train
1171,0.998704,1.001855,0.99407846,1.0020611,1.0018388533373852,1.5690693,1.4794468,1750,1742,train
1172,0.9987303,0.99821705,0.9938475,1.0001981,1.0016027108931893,1.5690662,1.456927,1750,1742,train
1173,0.9986458,0.9984269,0.9937291,1.0002459,1.0013174806967509,1.5690632,1.4583495,1750,1742,train
1174,0.99867964,0.99960184,0.99372745,1.0008508,1.001050854885436,1.5690602,1.4741142,1750,1742,train
1175,0.99871516,0.99858457,0.99369895,1.0003517,1.0007876818165142,1.5690572,1.4689881,1750,1742,train
1176,0.998697,1.0013714,0.9936127,1.0015973,1.0005966835959916,1.5690541,1.4726088,1750,1742,train
1177,0.9981615,0.9933035,0.99329954,0.99763733,1.000430354537586,1.5690511,1.4409502,1750,1742,train
1178,0.9981903,1.0003265,0.99307185,1.000881,1.00036805939296,1.569048,1.4741647,1750,1742,train
1179,0.9981462,1.0014787,0.99302256,1.0013771,1.000255808924423,1.5690451,1.4728358,1750,1742,train
1180,0.9981621,0.99076337,0.99352765,0.9966267,1.000122710092042,1.569042,1.4501157,1750,1742,train
1181,0.99752706,1.0016819,0.99284077,1.0013268,0.9999888938289464,1.5690389,1.4595343,1750,1742,train
1182,0.9975875,1.0020529,0.9926906,1.0013936,0.9998790853538899,1.5690358,1.4521387,1750,1742,train
1183,0.9975736,1.0009553,0.9925494,1.0007528,0.9996971486905201,1.5690327,1.4353416,1750,1742,train
1184,0.9976259,1.0006783,0.99238384,1.0005637,0.9995213462576159,1.5690296,1.4381752,1750,1742,train
1185,0.9975219,1.000963,0.99227434,1.0006559,0.999344022166693,1.5690265,1.4409307,1750,1742,train
1186,0.99758387,1.0012248,0.9922427,1.0007373,0.9991870802059778,1.5690233,1.4358288,1750,1742,train
1187,0.99705774,0.99805784,0.9921743,0.99916124,0.9989046319664526,1.5690202,1.4135331,1750,1742,train
1188,0.9970553,0.9972498,0.99195945,0.99868983,0.9987040759442314,1.5690169,1.4124424,1750,1742,train
1189,0.9970649,0.99700934,0.9920786,0.99864185,0.9985261410383448,1.5690138,1.4139484,1750,1742,train
1190,0.9970439,0.9931252,0.9918664,0.9967314,0.9984442822760026,1.5690106,1.4043623,1750,1742,train
1191,0.99704844,0.9946813,0.99156004,0.99722505,0.9983123422017128,1.5690074,1.3884401,1750,1742,train
1192,0.9964425,0.98844206,0.9920826,0.994717,0.9982263637106201,1.5690042,1.4084738,1750,1742,train
1193,0.9965385,0.98867536,0.99185914,0.99469787,0.9981123886091134,1.569001,1.4035387,1750,1742,train
1194,0.99652386,0.98937386,0.99176806,0.99497646,0.9980126868819919,1.5689977,1.4040211,1750,1742,train
1195,0.9965065,0.9863742,0.991517,0.9934458,0.9978767522933933,1.5689945,1.3933902,1750,1742,train
1196,0.9964675,0.99816954,0.9909318,0.99854684,0.9978157466498738,1.5689913,1.3929038,1750,1742,train
1197,0.9959182,0.99755394,0.99099815,0.9984541,0.9976228114532313,1.568988,1.4266943,1750,1742,train
1198,0.9959271,0.9993423,0.9910675,0.99935186,0.9973834771748399,1.5689847,1.4379557,1750,1742,train
1199,0.99599165,0.9995365,0.9906278,0.99911934,0.9971366838522052,1.5689814,1.4119962,1750,1742,train
1200,0.99599284,1.0007396,0.99051404,0.9997152,0.9969030131464338,1.5689782,1.4336886,1750,1742,train
1201,0.9959991,0.9974957,0.9905278,0.99829817,0.9966822105379026,1.5689749,1.4454623,1750,1742,train
1202,0.9959713,0.99597883,0.9903123,0.9974315,0.9965281114915245,1.5689715,1.4285704,1750,1742,train
1203,0.99537873,0.98957443,0.990194,0.99436736,0.9964349131024605,1.5689682,1.4083289,1750,1742,train
1204,0.9953695,0.99216145,0.99015623,0.9955222,0.9963280804772856,1.5689648,1.4070717,1750,1742,train
1205,0.9954404,0.9924943,0.9899813,0.9955376,0.9962642374817549,1.5689615,1.3950729,1750,1742,train
1206,0.9954055,0.993579,0.98989516,0.9960036,0.9961922475739492,1.568958,1.3975419,1750,1742,train
1207,0.9953788,0.9920639,0.98977077,0.99522,0.9960817297619023,1.5689547,1.3897119,1750,1742,train
1208,0.9948717,0.9984507,0.9895191,0.99811876,0.9960105470245733,1.5689514,1.4122977,1750,1742,train
1209,0.9947928,0.9966924,0.9893998,0.99724615,0.9959442882932514,1.5689479,1.4085798,1750,1742,train
1210,0.9947485,0.9968991,0.98935574,0.9973524,0.9958100465837607,1.5689445,1.4155291,1750,1742,train
1211,0.9948163,0.99785906,0.98920876,0.997682,0.9956974637567868,1.568941,1.4068718,1750,1742,train
1212,0.9948102,0.9985447,0.9895796,0.9981225,0.9956112513671802,1.5689375,1.3979906,1750,1742,train
1213,0.9942992,0.9935414,0.98896784,0.9955176,0.995522484522499,1.5689341,1.3881044,1750,1742,train
1214,0.9943264,0.9945697,0.9887746,0.99587566,0.995421653351555,1.5689306,1.3835195,1750,1742,train
1215,0.9942756,0.99282116,0.9886508,0.99500066,0.9953757612582824,1.5689272,1.3788702,1750,1742,train
1216,0.9942614,0.99033636,0.9885008,0.99388045,0.9952815737458736,1.5689237,1.3957944,1750,1742,train
1217,0.9936742,0.98673016,0.98873985,0.99244356,0.9951876101359927,1.5689201,1.416321,1750,1742,train
1218,0.99371487,0.98895484,0.98873425,0.9934701,0.9950515988196954,1.5689167,1.4197801,1750,1742,train
1219,0.9937655,0.9874824,0.9885951,0.99272746,0.9948890601841324,1.5689131,1.417959,1750,1742,train
1220,0.9937394,0.98775136,0.988418,0.99279463,0.9947098851684348,1.5689095,1.4235313,1750,1742,train
1221,0.9937326,0.9857245,0.9882443,0.99173945,0.9944858286166665,1.568906,1.4121691,1750,1742,train
1222,0.99369127,0.99406916,0.9876527,0.9953074,0.994402845524602,1.5689024,1.4205625,1750,1742,train
1223,0.99308586,0.9942014,0.987629,0.9952698,0.9942058341379116,1.5688988,1.4018694,1750,1742,train
1224,0.9931693,0.9950517,0.9875259,0.9957252,0.9940528463430391,1.5688952,1.4267168,1750,1742,train
1225,0.9932152,0.99608415,0.9874012,0.9962334,0.9939630630021584,1.5688915,1.4474971,1750,1742,train
1226,0.9932231,0.9949658,0.98722017,0.9956884,0.9938632075334224,1.568888,1.4578965,1750,1742,train
1227,0.99325675,0.99339545,0.98725146,0.9950586,0.9937618217621109,1.5688843,1.4736593,1750,1742,train
1228,0.99262345,0.98784363,0.9871196,0.99241173,0.9936862522152716,1.5688807,1.4606569,1750,1742,train
1229,0.99259907,0.98884696,0.9870979,0.99284405,0.9935342858160364,1.568877,1.4574242,1750,1742,train
1230,0.99261063,0.98722523,0.98683316,0.99188626,0.9933952329064025,1.5688733,1.4358678,1750,1742,train
1231,0.9924055,0.9860883,0.9869048,0.9913475,0.9932511434697642,1.5688696,1.4241607,1750,1742,train
1232,0.9926741,0.9908797,0.98661935,0.9934492,0.9931701999706362,1.5688658,1.435149,1750,1742,train
1233,0.9921086,0.9894946,0.9864471,0.99256086,0.9930610425402021,1.5688621,1.3966415,1750,1742,train
1234,0.9920499,0.9883517,0.9863631,0.9920004,0.9929746945864468,1.5688584,1.3963026,1750,1742,train
1235,0.9920002,0.9936902,0.9861769,0.9945406,0.9928777933298742,1.5688546,1.4382286,1750,1742,train
1236,0.99201715,0.99391294,0.98603386,0.99461865,0.9927972637704163,1.5688508,1.4474657,1750,1742,train
1237,0.9920858,0.99363714,0.9863212,0.99459505,0.9927095322879413,1.5688471,1.4409811,1750,1742,train
1238,0.9915741,0.9920698,0.9858524,0.9937052,0.9926958098714105,1.5688432,1.4494226,1750,1742,train
1239,0.99157,0.9928924,0.9857359,0.9940283,0.9925769049369547,1.5688394,1.4498272,1750,1742,train
1240,0.99155897,0.98918116,0.9855555,0.9923586,0.9924917950246892,1.5688355,1.4726151,1750,1742,train
1241,0.9915303,0.9886015,0.98535687,0.99197924,0.9924192098966843,1.5688317,1.4671417,1750,1742,train
1242,0.9915169,0.98928946,0.9852325,0.99224764,0.9923428980641731,1.5688279,1.4698347,1750,1742,train
1243,0.9909888,0.9855327,0.98542875,0.990658,0.9921799050270671,1.5688239,1.4767958,1750,1742,train
1244,0.99101,0.98618513,0.9850515,0.99066025,0.9920335262071963,1.56882,1.4497033,1750,1742,train
1245,0.9909699,0.98630327,0.9849865,0.99068415,0.9918489755651119,1.5688162,1.4496754,1750,1742,train
1246,0.99099225,0.98389935,0.98499966,0.98966897,0.9916794142781425,1.5688123,1.4659038,1750,1742,train
1247,0.9909726,0.98316437,0.9848209,0.98922247,0.9914234476388026,1.5688083,1.4592452,1750,1742,train
1248,0.9903847,0.9917658,0.9845151,0.9931215,0.9913045155461546,1.5688043,1.4865582,1750,1742,train
1249,0.99040633,0.9920614,0.9843714,0.993163,0.9911833236545587,1.5688003,1.4804177,1750,1742,train
1250,0.9904255,0.987973,0.9846283,0.9913653,0.9910793587541261,1.5687963,1.4684259,1750,1742,train
1251,0.9904532,0.9918952,0.9840857,0.9929523,0.9910155441035071,1.5687923,1.479456,1750,1742,train
1252,0.99048936,0.9906479,0.9838888,0.99230003,0.9909356938026262,1.5687883,1.4807653,1750,1742,train
1253,0.9899349,0.9873951,0.9839171,0.9908932,0.990857253460965,1.5687842,1.4945831,1750,1742,train
1254,0.98987806,0.9857635,0.9840143,0.9902122,0.9907256101408246,1.5687802,1.4985512,1750,1742,train
1255,0.98985887,0.98716813,0.9835879,0.99053544,0.9906159846446966,1.5687761,1.4712663,1750,1742,train
1256,0.98988557,0.9865763,0.9837259,0.9905089,0.9905412417634769,1.5687721,1.5119119,1750,1742,train
1257,0.98937297,0.98273057,0.98340106,0.98851144,0.9903612823639392,1.5687679,1.4896964,1750,1742,train
1258,0.9893795,0.9821446,0.98326355,0.98815477,0.9902246052021016,1.5687639,1.4836457,1750,1742,train
1259,0.9893285,0.9868059,0.98315704,0.99017626,0.9900483686350432,1.5687597,1.4719543,1750,1742,train
1260,0.9892652,0.9864817,0.98305273,0.98999554,0.9899215010390159,1.5687555,1.4752173,1750,1742,train
1261,0.9892853,0.9862655,0.9829562,0.9898284,0.9897852717200366,1.5687513,1.469759,1750,1742,train
1262,0.9887906,0.9884344,0.98274904,0.99086875,0.9896660881481437,1.5687472,1.5029814,1750,1742,train
1263,0.9888414,0.98545057,0.98276275,0.9893503,0.9895498375867711,1.568743,1.4656501,1750,1742,train
1264,0.98883957,0.98898685,0.98232603,0.9906941,0.9894655207704066,1.5687387,1.4509559,1750,1742,train
1265,0.9887721,0.9875727,0.98234814,0.9901934,0.9893763900280894,1.5687345,1.480499,1750,1742,train
1266,0.9887575,0.9851826,0.982191,0.98900825,0.9892668354340683,1.5687302,1.4749317,1750,1742,train
1267,0.9881808,0.982784,0.98197305,0.987739,0.989142385092671,1.568726,1.4577783,1750,1742,train
1268,0.9882361,0.98491836,0.9818632,0.9887328,0.989049294439924,1.5687217,1.473796,1750,1742,train
1269,0.98825485,0.985074,0.9818346,0.98878175,0.9888922966520851,1.5687174,1.471826,1750,1742,train
1270,0.98819816,0.9855841,0.9817593,0.9890078,0.9887446111000471,1.568713,1.4781196,1750,1742,train
1271,0.98822635,0.9840129,0.9815056,0.988143,0.9885810730481357,1.5687087,1.470725,1750,1742,train
1272,0.9876696,0.98718333,0.981331,0.9895857,0.9884045112389074,1.5687042,1.4884018,1750,1742,train
1273,0.9876491,0.98456407,0.9814656,0.988368,0.9882380790817071,1.5686998,1.4690006,1750,1742,train
1274,0.98759574,0.98494613,0.9814653,0.98856086,0.9881244955774107,1.5686955,1.4732357,1750,1742,train
1275,0.9875976,0.98541874,0.9813899,0.98871285,0.9880436893948342,1.568691,1.4668648,1750,1742,train
1276,0.9871337,0.98506266,0.9808062,0.9882598,0.9879233727177043,1.5686866,1.461604,1750,1742,train
1277,0.9871591,0.9860803,0.98067933,0.9887142,0.9878505607318482,1.5686822,1.4725181,1750,1742,train
1278,0.9871828,0.98572403,0.98052216,0.9884502,0.9877968937676144,1.5686777,1.4658675,1750,1742,train
1279,0.98711026,0.9842704,0.9803507,0.98764443,0.9877167404806186,1.5686731,1.4514441,1750,1742,train
1280,0.98702735,0.9831515,0.9802612,0.98705345,0.9876024639253368,1.5686687,1.44256,1750,1742,train
1281,0.9865591,0.9770027,0.9802085,0.9843028,0.9875100772619165,1.5686642,1.458646,1750,1742,train
1282,0.98660433,0.9818232,0.98016644,0.986582,0.9874457945780054,1.5686595,1.4816535,1750,1742,train
1283,0.9866173,0.9824339,0.98030186,0.9869172,0.9873064011068536,1.568655,1.4805615,1750,1742,train
1284,0.98655945,0.9833459,0.9801964,0.98730797,0.9871366244620072,1.5686504,1.4858917,1750,1742,train
1285,0.98656565,0.9782082,0.97968173,0.984696,0.9869830647749533,1.5686458,1.4775848,1750,1742,train
1286,0.9859815,0.9841663,0.97956586,0.987436,0.9868363558863795,1.5686412,1.4955922,1750,1742,train
1287,0.9859365,0.98472464,0.97927713,0.98739403,0.986709716402427,1.5686365,1.4589641,1750,1742,train
1288,0.9859955,0.9851141,0.97934985,0.9878274,0.9866519921398034,1.5686319,1.5089493,1750,1742,train
1289,0.98601127,0.98217404,0.9793194,0.9862644,0.9864838951405891,1.5686271,1.4616996,1750,1742,train
1290,0.98549235,0.98368067,0.97917354,0.98708826,0.9863328622643885,1.5686225,1.5076128,1750,1742,train
1291,0.98555315,0.98250926,0.978802,0.98638105,0.9861773905979303,1.5686177,1.5067445,1750,1742,train
1292,0.9855661,0.9828745,0.9787578,0.9865718,0.9860261289022136,1.5686129,1.5169557,1750,1742,train
1293,0.9854968,0.9816637,0.9785621,0.98581934,0.9858485735076288,1.5686082,1.491596,1750,1742,train
1294,0.98485494,0.98260456,0.97876245,0.9863321,0.9856995276198808,1.5686034,1.4899503,1750,1742,train
1295,0.9849025,0.9821134,0.97843325,0.9858365,0.9855756317262921,1.5685985,1.4628836,1750,1742,train
1296,0.98498,0.9831091,0.97839874,0.986246,0.9855049253508933,1.5685937,1.4566851,1750,1742,train
1297,0.9850064,0.98179233,0.9781202,0.9854166,0.9853671738473643,1.5685889,1.4343226,1750,1742,train
1298,0.98440653,0.9781436,0.9784485,0.98404616,0.9852726158435325,1.568584,1.4651496,1750,1742,train
1299,0.9843618,0.9830367,0.9777536,0.98600984,0.9851418689894544,1.5685791,1.4771035,1750,1742,train
1300,0.98439634,0.9821129,0.97747684,0.98536474,0.9850301168310847,1.5685741,1.4554632,1750,1742,train
1301,0.9843399,0.9815497,0.9774055,0.9851309,0.9849054286313912,1.5685692,1.4676583,1750,1742,train
1302,0.9843424,0.98199224,0.9773088,0.98536146,0.9847315566739758,1.5685642,1.4839795,1750,1742,train
1303,0.9837731,0.9803405,0.97714955,0.98439056,0.9845580998199992,1.5685592,1.4516448,1750,1742,train
1304,0.98385775,0.9789107,0.9772263,0.9839298,0.9843928564236988,1.5685542,1.4860624,1750,1742,train
1305,0.98390996,0.9798174,0.9770775,0.9842933,0.984270445137907,1.5685492,1.4902706,1750,1742,train
1306,0.9838605,0.9788328,0.9768876,0.9837574,0.9841381990587251,1.568544,1.4901203,1750,1742,train
1307,0.98377466,0.9764453,0.97674465,0.9825741,0.9839247885075595,1.568539,1.4832021,1750,1742,train
1308,0.9831915,0.97719985,0.97665286,0.9826725,0.9837227878722865,1.5685339,1.4383861,1750,1742,train
1309,0.98331064,0.97761655,0.9764178,0.9827262,0.9835972587258363,1.5685288,1.4322284,1750,1742,train
1310,0.9833042,0.9800225,0.9763627,0.9839048,0.9833909062305525,1.5685236,1.4558601,1750,1742,train
1311,0.9833402,0.979364,0.9762513,0.98350245,0.9831247001615481,1.5685184,1.4445771,1750,1742,train
1312,0.98319757,0.97754633,0.97614074,0.9825492,0.9829509987879849,1.5685133,1.4282842,1750,1742,train
1313,0.98263556,0.9743677,0.9758359,0.98105043,0.9827783812714708,1.568508,1.4474186,1750,1742,train
1314,0.9826939,0.97875005,0.9757296,0.9831529,0.9826316425758492,1.5685028,1.4818821,1750,1742,train
1315,0.98273945,0.9808893,0.97571373,0.9841334,0.9824344726210118,1.5684975,1.4849514,1750,1742,train
1316,0.9827179,0.98116577,0.97565264,0.98423654,0.9822789997691839,1.5684922,1.486122,1750,1742,train
1317,0.98273945,0.9792476,0.9753086,0.9831465,0.982114149009655,1.5684868,1.4728878,1750,1742,train
1318,0.98217946,0.9785644,0.97515804,0.9826558,0.9819368949486882,1.5684816,1.4484899,1750,1742,train
1319,0.9821355,0.978539,0.9750376,0.9825231,0.9817951858514654,1.5684762,1.43412,1750,1742,train
1320,0.9821439,0.97651166,0.97498685,0.98160625,0.9816814900219332,1.5684707,1.4405276,1750,1742,train
1321,0.9815745,0.9725893,0.9748702,0.97972506,0.9815624602861599,1.5684654,1.4314333,1750,1742,train
1322,0.98163295,0.974487,0.9748973,0.98075044,0.9814364211581079,1.5684599,1.4639822,1750,1742,train
1323,0.9816463,0.9742935,0.97466034,0.9805427,0.9812665972712916,1.5684544,1.4615242,1750,1742,train
1324,0.98161536,0.97397566,0.97467446,0.98042256,0.9810738611154695,1.5684489,1.4655102,1750,1742,train
1325,0.98150307,0.9724006,0.97470194,0.97972465,0.9809396617633623,1.5684434,1.4669864,1750,1742,train
1326,0.9809892,0.97426724,0.9739253,0.98014134,0.9807842484365246,1.5684378,1.4498888,1750,1742,train
1327,0.9810936,0.97713596,0.9737723,0.9813788,0.9806520070826201,1.5684322,1.45017,1750,1742,train
1328,0.9810915,0.97852933,0.9736954,0.9820871,0.9805243675329313,1.5684266,1.4742409,1750,1742,train
1329,0.98109937,0.97839034,0.97350943,0.9819369,0.9803631976953743,1.568421,1.4738364,1750,1742,train
1330,0.9804719,0.9735476,0.973576,0.9797933,0.9802157111787562,1.5684154,1.4807111,1750,1742,train
1331,0.98047596,0.972906,0.97339034,0.9793156,0.9800813162501321,1.5684097,1.4584231,1750,1742,train
1332,0.9805131,0.9717113,0.97335106,0.9787218,0.9799768052980329,1.568404,1.4514256,1750,1742,train
1333,0.9805239,0.97457755,0.97334105,0.9800953,0.9798049708112297,1.5683982,1.4675215,1750,1742,train
1334,0.97993875,0.9693889,0.97302896,0.97750807,0.9795725335310274,1.5683925,1.4494852,1750,1742,train
1335,0.9799707,0.97641355,0.97258013,0.9804852,0.9793687911991344,1.5683867,1.4460578,1750,1742,train
1336,0.97992814,0.9749987,0.97243583,0.9798095,0.9792171479845482,1.5683808,1.4536103,1750,1742,train
1337,0.97989297,0.9740073,0.9722807,0.97925526,0.9790643490090467,1.568375,1.4466363,1750,1742,train
1338,0.9798669,0.97407943,0.9721724,0.9792914,0.9788815710965022,1.5683692,1.4582119,1750,1742,train
1339,0.979372,0.9733711,0.97227144,0.9790427,0.9786494227818425,1.5683632,1.4644879,1750,1742,train
1340,0.97942644,0.9741036,0.9721612,0.9793443,0.9784989571711024,1.5683573,1.4685973,1750,1742,train
1341,0.9794434,0.9733678,0.97192776,0.978877,0.9784100981430163,1.5683514,1.4629706,1750,1742,train
1342,0.97938263,0.97292197,0.9718217,0.97861123,0.978334183648252,1.5683453,1.4598342,1750,1742,train
1343,0.97879934,0.97483164,0.97148913,0.9794068,0.9781758510992528,1.5683393,1.4771625,1750,1742,train
1344,0.9787934,0.97034454,0.97175765,0.97752935,0.9780309869642417,1.5683333,1.4866635,1750,1742,train
1345,0.97887313,0.96919614,0.97171015,0.9769745,0.9778887215088479,1.5683272,1.484369,1750,1742,train
1346,0.978806,0.9687196,0.97121376,0.97651494,0.9777551038585975,1.5683211,1.4809252,1750,1742,train
1347,0.9788546,0.969758,0.9712884,0.9770918,0.9775884993502917,1.5683149,1.4966071,1750,1742,train
1348,0.9782753,0.9720984,0.97071177,0.97783345,0.9774515017039632,1.5683087,1.4831493,1750,1742,train
1349,0.9782047,0.97079664,0.97060895,0.97717863,0.9773165780492385,1.5683025,1.4797856,1750,1742,train
1350,0.97819436,0.9709555,0.9704461,0.9771424,0.977157011319976,1.5682963,1.4722204,1750,1742,train
1351,0.9782676,0.9716154,0.9703794,0.977419,0.9769744212439448,1.5682901,1.4737163,1750,1742,train
1352,0.97775996,0.9698847,0.97031355,0.97651744,0.9767834127047672,1.5682838,1.4553126,1750,1742,train
1353,0.9778006,0.9704298,0.9701527,0.97670513,0.9766720809029941,1.5682775,1.4581997,1750,1742,train
1354,0.9777045,0.9711524,0.9700964,0.9770267,0.9765530183035942,1.568271,1.4622319,1750,1742,train
1355,0.977694,0.9693816,0.96987885,0.9761184,0.9764293847884393,1.5682647,1.4616901,1750,1742,train
1356,0.97769487,0.96944296,0.9696964,0.9760048,0.9762537153491331,1.5682583,1.4489567,1750,1742,train
1357,0.97711676,0.9657167,0.96965677,0.974291,0.9760669673965149,1.5682518,1.4491493,1750,1742,train
1358,0.9771272,0.96741164,0.9695447,0.97503155,0.9758872317874486,1.5682453,1.4535621,1750,1742,train
1359,0.97711474,0.9720479,0.96911967,0.9770475,0.975762275750951,1.5682387,1.4755495,1750,1742,train
1360,0.97716385,0.97045213,0.96888757,0.97616297,0.9755435746769882,1.5682322,1.4640921,1750,1742,train
1361,0.97654647,0.9690227,0.96905565,0.97564423,0.9754556888345625,1.5682256,1.4762722,1750,1742,train
1362,0.97648764,0.968648,0.9689203,0.9754144,0.9753344457088124,1.5682191,1.4768678,1750,1742,train
1363,0.9765575,0.9691978,0.96871716,0.97552794,0.9751784504749061,1.5682124,1.4671835,1750,1742,train
1364,0.97659546,0.9694675,0.9685629,0.9755833,0.9750315917869493,1.5682057,1.467885,1750,1742,train
1365,0.9760932,0.96797216,0.9684811,0.9748344,0.9748547387885979,1.5681989,1.4611223,1750,1742,train
1366,0.97601503,0.9661497,0.9682468,0.9738381,0.9747161070334576,1.5681921,1.4481443,1750,1742,train
1367,0.97597003,0.96565884,0.96826535,0.97368515,0.9745596377084539,1.5681853,1.4617105,1750,1742,train
1368,0.9759968,0.97036874,0.96782726,0.9757393,0.9744326898731719,1.5681785,1.4861816,1750,1742,train
1369,0.9754796,0.9693463,0.967671,0.9751951,0.9743373984455878,1.5681716,1.4845841,1750,1742,train
1370,0.9754357,0.9698647,0.9675596,0.9753336,0.9741845063294752,1.5681647,1.474235,1750,1742,train
1371,0.9754145,0.96792877,0.967336,0.9743532,0.9740162210954739,1.5681578,1.4749577,1750,1742,train
1372,0.9754732,0.96639425,0.967084,0.9734127,0.9738521648197278,1.5681509,1.4471618,1750,1742,train
1373,0.97537935,0.9657967,0.9669845,0.97310096,0.9737168309637019,1.5681438,1.4484417,1750,1742,train
1374,0.9747883,0.96477056,0.96701235,0.97254217,0.9735927984664038,1.5681368,1.4258567,1750,1742,train
1375,0.974831,0.9654675,0.9671028,0.97299474,0.973417280199511,1.5681297,1.4461627,1750,1742,train
1376,0.97492707,0.96550906,0.96683973,0.97281873,0.9732445204022048,1.5681225,1.4300256,1750,1742,train
1377,0.97492385,0.9666081,0.96671826,0.97331995,0.9731209692256777,1.5681154,1.4422444,1750,1742,train
1378,0.97430587,0.9636036,0.9665237,0.9717697,0.9729404326362479,1.5681082,1.4221017,1750,1742,train
1379,0.9742569,0.9664513,0.9660531,0.9728708,0.9727528236260936,1.5681009,1.426431,1750,1742,train
1380,0.9742797,0.9672058,0.96606225,0.9732794,0.9725862980272146,1.5680937,1.4395735,1750,1742,train
1381,0.97431546,0.96742463,0.96579665,0.973174,0.9724358035558323,1.5680863,1.4215921,1750,1742,train
1382,0.9737375,0.9670905,0.9659285,0.9731266,0.9722675691995641,1.568079,1.4311246,1750,1742,train
1383,0.97378117,0.9652916,0.96562886,0.9721976,0.9720448858335591,1.5680715,1.4369677,1750,1742,train
1384,0.97384506,0.9643991,0.965428,0.9715945,0.9718462377270037,1.5680641,1.41448,1750,1742,train
1385,0.9737288,0.9653017,0.9654533,0.971987,0.9717148075492605,1.5680566,1.4080988,1750,1742,train
1386,0.9730938,0.96199054,0.96528375,0.97029114,0.9715193953475347,1.5680491,1.3847467,1750,1742,train
1387,0.97322536,0.9627508,0.9651366,0.9706782,0.9713757711468243,1.5680416,1.4075793,1750,1742,train
1388,0.973265,0.96427035,0.96501446,0.97128046,0.971218189237787,1.5680339,1.4004562,1750,1742,train
1389,0.9732595,0.9639182,0.96482193,0.97103167,0.9710542695252476,1.5680263,1.4003869,1750,1742,train
1390,0.97268945,0.9660095,0.9645223,0.9719295,0.9709045933395436,1.5680186,1.4179928,1750,1742,train
1391,0.9726752,0.9644717,0.964301,0.9711372,0.9707461020860391,1.5680108,1.4199498,1750,1742,train
1392,0.9726322,0.9656078,0.96421254,0.97147727,0.9705527425568168,1.568003,1.3910013,1750,1742,train
1393,0.97214055,0.9634277,0.9641526,0.9703199,0.9703435971379267,1.5679952,1.3623934,1750,1742,train
1394,0.9721302,0.9630885,0.96403503,0.9701358,0.9702020825223068,1.5679873,1.3673835,1750,1742,train
1395,0.9721582,0.96358603,0.963852,0.9702614,0.9700667517228599,1.5679795,1.3638448,1750,1742,train
1396,0.97216445,0.96344316,0.96369356,0.9700937,0.969938963191936,1.5679715,1.3576366,1750,1742,train
1397,0.9720528,0.961789,0.96355057,0.9692072,0.9697861175360974,1.5679635,1.343712,1750,1742,train
1398,0.9714567,0.96001273,0.9635122,0.9684326,0.9696137489093762,1.5679554,1.3542703,1750,1742,train
1399,0.97158,0.96034753,0.96340317,0.9685433,0.9694433793084135,1.5679474,1.3559644,1750,1742,train
1400,0.97161436,0.96250665,0.963419,0.96957564,0.9692981983543765,1.5679392,1.3646526,1750,1742,train
1401,0.97153485,0.9624938,0.96318305,0.9694708,0.9691067850452663,1.567931,1.3665287,1750,1742,train
1402,0.97155416,0.9601159,0.9627515,0.9680375,0.9689487969554635,1.5679228,1.3351218,1750,1742,train
1403,0.970974,0.9620065,0.9625152,0.96898615,0.9687920123977769,1.5679145,1.3754528,1750,1742,train
1404,0.9709242,0.9631533,0.96254045,0.9694607,0.9686239957984764,1.5679061,1.3632039,1750,1742,train
1405,0.9708805,0.9627137,0.96247953,0.9692464,0.9684906687959676,1.5678978,1.366034,1750,1742,train
1406,0.9704153,0.960075,0.9621851,0.96781456,0.9683495436079806,1.5678893,1.3463542,1750,1742,train
1407,0.9704191,0.9609444,0.9620021,0.9681808,0.9682322829875856,1.5678809,1.3574812,1750,1742,train
1408,0.9704128,0.960748,0.96186227,0.9680993,0.9681291977042271,1.5678724,1.3723311,1750,1742,train
1409,0.9703427,0.96015817,0.96167946,0.9677212,0.9679763381952265,1.5678638,1.3669868,1750,1742,train
1410,0.9703307,0.9597303,0.9615019,0.96741474,0.9678038891388895,1.5678551,1.3607126,1750,1742,train
1411,0.96979094,0.96288335,0.961317,0.9689569,0.967642606638577,1.5678465,1.4006233,1750,1742,train
1412,0.96979797,0.9580225,0.96165824,0.9668018,0.9674395600159751,1.5678377,1.379972,1750,1742,train
1413,0.969826,0.9588385,0.9612888,0.9669619,0.9672469504206236,1.567829,1.3711882,1750,1742,train
1414,0.96987677,0.9597145,0.9610854,0.96731055,0.9670787510152049,1.5678202,1.380129,1750,1742,train
1415,0.9692279,0.95955646,0.96068615,0.9669858,0.9669438092734696,1.5678113,1.3656186,1750,1742,train
1416,0.969251,0.95880926,0.9605135,0.96656275,0.9668266270251694,1.5678023,1.3648095,1750,1742,train
1417,0.9692295,0.95910585,0.96036977,0.96663296,0.9667159456091801,1.5677934,1.3650248,1750,1742,train
1418,0.9687071,0.95928913,0.96051806,0.96687347,0.966630669448167,1.5677843,1.3835362,1750,1742,train
1419,0.9686617,0.9592592,0.9603044,0.96674496,0.9664808261078119,1.5677751,1.379974,1750,1742,train
1420,0.9687162,0.9586435,0.96001166,0.96625555,0.9663406921546939,1.5677661,1.3644176,1750,1742,train
1421,0.968713,0.9589894,0.9598789,0.9663977,0.9662061891454825,1.5677568,1.3738191,1750,1742,train
1422,0.96808106,0.95961547,0.9594556,0.9665391,0.9660755902411788,1.5677476,1.3842793,1750,1742,train
1423,0.96807414,0.95942634,0.9593896,0.96640575,0.9659288376370421,1.5677382,1.3807212,1750,1742,train
1424,0.9681773,0.95892894,0.95907557,0.9660563,0.9657751949444211,1.5677289,1.3850584,1750,1742,train
1425,0.96820337,0.9552869,0.95935714,0.96445215,0.965623837868312,1.5677195,1.3694233,1750,1742,train
1426,0.9676206,0.95954484,0.9591442,0.96635973,0.9655037486430682,1.5677099,1.3833154,1750,1742,train
1427,0.96757346,0.9572903,0.9588497,0.96508014,0.9653861786250322,1.5677004,1.3587897,1750,1742,train
1428,0.96759033,0.9585007,0.9586578,0.96558446,0.9652003841671699,1.5676907,1.3672838,1750,1742,train
1429,0.9670293,0.9560334,0.95849484,0.96434313,0.9650437653411506,1.5676811,1.3583034,1750,1742,train
1430,0.9670525,0.9554456,0.9584275,0.964062,0.9649181538925248,1.5676713,1.3618472,1750,1742,train
1431,0.9670754,0.95684344,0.95845175,0.9647859,0.9648067271167329,1.5676615,1.3776634,1750,1742,train
1432,0.9670726,0.9558579,0.95798826,0.9640134,0.9646576861783749,1.5676516,1.3546379,1750,1742,train
1433,0.9670408,0.95504236,0.95783854,0.96356285,0.9645281639297985,1.5676417,1.3524276,1750,1742,train
1434,0.9664052,0.95707166,0.9577251,0.96441364,0.9644213813736594,1.5676317,1.3481315,1750,1742,train
1435,0.96644074,0.9575542,0.95754373,0.9645771,0.9642798293419456,1.5676217,1.3536187,1750,1742,train
1436,0.96649176,0.95808715,0.9574278,0.9647617,0.9641599514472928,1.5676116,1.352618,1750,1742,train
1437,0.9664251,0.95776236,0.9572645,0.96457875,0.964040170154854,1.5676014,1.3607616,1750,1742,train
1438,0.9659956,0.957879,0.95714283,0.9646119,0.9638829413347191,1.5675912,1.3681448,1750,1742,train
1439,0.965907,0.95774263,0.9570126,0.964525,0.9637232408166624,1.5675809,1.3753426,1750,1742,train
1440,0.965819,0.9548908,0.9569742,0.96323955,0.9635819282417384,1.5675706,1.3816212,1750,1742,train
1441,0.9653085,0.9564589,0.9563375,0.96366477,0.9634453009464247,1.5675601,1.3822501,1750,1742,train
1442,0.96537274,0.9545632,0.9564752,0.96281326,0.9632978174863858,1.5675496,1.3715318,1750,1742,train
1443,0.96534365,0.95348877,0.9564017,0.9623442,0.9631726953847514,1.567539,1.3826623,1750,1742,train
1444,0.96529496,0.9564287,0.95587313,0.96348053,0.9630595388537896,1.5675284,1.3910418,1750,1742,train
1445,0.9653231,0.95592904,0.95567256,0.9630662,0.9629141568540647,1.5675176,1.371277,1750,1742,train
1446,0.96473813,0.9559191,0.95586073,0.96311224,0.9627576708663841,1.5675069,1.3639268,1750,1742,train
1447,0.9646814,0.9556337,0.95572925,0.96296424,0.9626123806976935,1.5674961,1.372612,1750,1742,train
1448,0.9647547,0.95544857,0.9555007,0.9626867,0.9624857028444914,1.5674851,1.3543967,1750,1742,train
1449,0.9642338,0.95416486,0.9553254,0.9620006,0.962370956403609,1.5674741,1.3499748,1750,1742,train
1450,0.9642211,0.9538451,0.95513177,0.96178526,0.9622522735139726,1.567463,1.3538435,1750,1742,train
1451,0.96419376,0.9536094,0.9551243,0.96163815,0.9620824488711119,1.5674518,1.3464003,1750,1742,train
1452,0.96415114,0.9534533,0.9549451,0.961446,0.9619708942671253,1.5674406,1.3384717,1750,1742,train
1453,0.96361613,0.9555545,0.9546473,0.96229696,0.9618546138312007,1.5674293,1.3447417,1750,1742,train
1454,0.9636442,0.9556719,0.9544757,0.9623124,0.9617478503165781,1.567418,1.35304,1750,1742,train
1455,0.9636741,0.95503414,0.95423925,0.961948,0.961584449411108,1.5674065,1.3600245,1750,1742,train
1456,0.963125,0.9540618,0.95408624,0.9614646,0.9614137575773016,1.567395,1.3660412,1750,1742,train
1457,0.96302336,0.9537938,0.95422816,0.9613592,0.9612636255738217,1.5673834,1.3561091,1750,1742,train
1458,0.96302783,0.95362073,0.95386535,0.96101844,0.9610965219101992,1.5673717,1.336595,1750,1742,train
1459,0.9625723,0.9515303,0.95377064,0.9600784,0.9609158078258622,1.5673599,1.3477278,1750,1742,train
1460,0.96256256,0.95300573,0.95373297,0.9607832,0.9607727776626818,1.5673481,1.3580389,1750,1742,train
1461,0.9625586,0.9508526,0.95351034,0.9595859,0.9606298395465482,1.5673361,1.3345672,1750,1742,train
1462,0.9626372,0.9548602,0.95289433,0.9611887,0.9604891102004205,1.5673242,1.3468958,1750,1742,train
1463,0.9620227,0.9532718,0.9528947,0.96045,0.9603446595474028,1.567312,1.3436776,1750,1742,train
1464,0.9619786,0.953864,0.95296514,0.960642,0.9602424589790177,1.5672998,1.3214709,1750,1742,train
1465,0.96200603,0.953738,0.9527188,0.96041036,0.9601334917909379,1.5672876,1.3091726,1750,1742,train
1466,0.9614942,0.9529432,0.95252377,0.95995784,0.959984196675877,1.5672752,1.3088953,1750,1742,train
1467,0.9614476,0.9528814,0.9523854,0.9598603,0.9598500666233329,1.5672628,1.3076872,1750,1742,train
1468,0.96144456,0.95157045,0.952114,0.95906013,0.9597217655267558,1.5672503,1.2919894,1750,1742,train
1469,0.96140796,0.9508955,0.95201194,0.95876354,0.9595691622303777,1.5672376,1.3033679,1750,1742,train
1470,0.9608294,0.953175,0.9518417,0.9597337,0.9594524288766475,1.5672249,1.3054589,1750,1742,train
1471,0.9608782,0.9531155,0.95170736,0.95971394,0.9593173814682664,1.5672121,1.319206,1750,1742,train
1472,0.960907,0.9529278,0.9514509,0.9595707,0.959197139072492,1.5671992,1.3312024,1750,1742,train
1473,0.9603879,0.95246387,0.9512585,0.9592059,0.959065082269008,1.5671862,1.3180299,1750,1742,train
1474,0.96033657,0.95186937,0.95110303,0.9587716,0.9589392539301652,1.5671731,1.2995949,1750,1742,train
1475,0.9603024,0.95147777,0.9508409,0.9586118,0.9588065043578624,1.56716,1.3272616,1750,1742,train
1476,0.96032286,0.9515818,0.9507324,0.9586503,0.9586468959570567,1.5671467,1.3354919,1750,1742,train
1477,0.9597564,0.95138985,0.950882,0.95856434,0.9584474284240063,1.5671333,1.3219862,1750,1742,train
1478,0.9597363,0.9492759,0.95067716,0.95742637,0.9582156016887516,1.5671198,1.3055973,1750,1742,train
1479,0.9598018,0.9494823,0.9503346,0.9574653,0.9580407315057579,1.5671064,1.3259729,1750,1742,train
1480,0.95921224,0.9514514,0.9500203,0.95805043,0.9578900344023448,1.5670927,1.2926632,1750,1742,train
1481,0.9591229,0.95128775,0.949898,0.9578626,0.9577342880555312,1.5670788,1.2813878,1750,1742,train
1482,0.9592312,0.9512691,0.949723,0.95780325,0.9575304184705771,1.567065,1.2871404,1750,1742,train
1483,0.9592571,0.95120084,0.9495506,0.9575355,0.9573022042312325,1.567051,1.2563442,1750,1742,train
1484,0.95866567,0.9510004,0.94947666,0.95736283,0.9570762989040154,1.567037,1.2471483,1750,1742,train
1485,0.95869315,0.94982904,0.94925123,0.9567656,0.9568355141235274,1.5670228,1.2547281,1750,1742,train
1486,0.95865685,0.9500432,0.94911766,0.9568632,0.9566057461118309,1.5670085,1.266633,1750,1742,train
1487,0.9580125,0.95046246,0.94887936,0.95702934,0.9563472647529464,1.5669941,1.283149,1750,1742,train
1488,0.9581309,0.950868,0.94881386,0.95711267,0.9561405880834056,1.5669795,1.2692013,1750,1742,train
1489,0.95818895,0.9491191,0.9486914,0.95577496,0.9559013541833998,1.566965,1.1767015,1750,1742,train
1490,0.9576256,0.95102894,0.94848174,0.9559236,0.9556889472959313,1.5669502,1.0632209,1750,1742,train
1491,0.9575145,0.95010835,0.9482742,0.95596033,0.9554783236402684,1.5669353,1.1630176,1750,1742,train
1492,0.9575645,0.9498921,0.9480753,0.95578647,0.95523031079113,1.5669204,1.1659214,1750,1742,train
1493,0.9570276,0.9487073,0.9478748,0.954531,0.954950243622763,1.5669053,1.0530363,1750,1742,train
1494,0.9570076,0.94964993,0.94776183,0.9544857,0.954644262277631,1.5668901,0.97939825,1750,1742,train
1495,0.9570896,0.94814396,0.9475151,0.9540902,0.9543261060577041,1.5668747,1.0495828,1750,1742,train
1496,0.95706457,0.94861525,0.9476046,0.9540824,0.954059150054829,1.5668594,1.0035284,1750,1742,train
1497,0.9565297,0.94922197,0.94725007,0.95337635,0.9537897318869409,1.5668437,0.86472523,1750,1742,train
1498,0.95650107,0.94937253,0.94698024,0.9533732,0.9535327017537957,1.5668281,0.87337655,1750,1742,train
1499,0.9565086,0.9489088,0.9469004,0.95258385,0.9532658528270487,1.5668123,0.7845099,1750,1742,train
1500,0.9559463,0.948604,0.9466417,0.95164555,0.9529718418534704,1.5667963,0.6754695,1750,1742,train
1501,0.955926,0.94849306,0.94642264,0.9517644,0.9526556023341748,1.5667803,0.7183858,1750,1742,train
1502,0.95599765,0.9488665,0.9463627,0.95251864,0.9523461056056763,1.5667641,0.8171936,1750,1742,train
1503,0.9558752,0.94882846,0.9463752,0.9531457,0.9520459719569597,1.5667478,0.9231801,1750,1742,train
1504,0.95528954,0.94750947,0.94615906,0.9518539,0.9517116555149671,1.5667313,0.8247888,1750,1742,train
1505,0.9554107,0.9470423,0.9459494,0.9507693,0.9513878085561273,1.5667148,0.69965947,1750,1742,train
1506,0.9554271,0.9473087,0.9457576,0.9501859,0.9510424506766963,1.566698,0.6024383,1750,1742,train
1507,0.954823,0.9471158,0.9453655,0.9509693,0.9507006094497059,1.5666811,0.76927626,1750,1742,train
1508,0.9548287,0.9480239,0.94524974,0.95147425,0.9503588262774694,1.5666641,0.79271364,1750,1742,train
1509,0.9548227,0.948007,0.94512755,0.9508629,0.9500257119540598,1.5666469,0.7046765,1750,1742,train
1510,0.9542626,0.94760334,0.94497496,0.9500475,0.9496815861325676,1.5666296,0.61600626,1750,1742,train
1511,0.9542728,0.9469849,0.9447906,0.949966,0.9491514727513909,1.5666122,0.6607797,1750,1742,train
1512,0.9542904,0.9464788,0.94453263,0.9492887,0.9486658378253019,1.5665947,0.609146,1750,1742,train
1513,0.95374715,0.9462019,0.94466925,0.94867694,0.948237588607886,1.566577,0.5238302,1750,1742,train
1514,0.95365703,0.9458926,0.9445698,0.94870436,0.9478645265262857,1.5665591,0.55698,1750,1742,train
1515,0.95366985,0.94589907,0.944353,0.9475805,0.9475091632547625,1.5665411,0.39866388,1750,1742,train
1516,0.9537093,0.94595176,0.94419277,0.9467904,0.947180064645955,1.5665228,0.28538662,1750,1742,train
1517,0.95314884,0.9459974,0.9436885,0.94709635,0.9468739864420936,1.5665045,0.36438954,1750,1742,train
1518,0.95321214,0.9462681,0.9434171,0.9477116,0.9466025977891207,1.566486,0.4589523,1750,1742,train
1519,0.95321935,0.94575655,0.9432666,0.94745684,0.9463418428726318,1.5664674,0.46621168,1750,1742,train
1520,0.9525195,0.9451481,0.94343436,0.947169,0.9461373177067891,1.5664486,0.45269758,1750,1742,train
1521,0.95257044,0.94425964,0.94319344,0.9460153,0.9459406372758039,1.5664295,0.35481492,1750,1742,train
1522,0.95265514,0.9442208,0.9429057,0.9457484,0.9457994867117291,1.5664104,0.33690992,1750,1742,train
1523,0.95206237,0.94425976,0.9428265,0.94483036,0.9456691637123025,1.5663911,0.19930685,1750,1742,train
1524,0.95203,0.94495857,0.9423659,0.94437164,0.9455431985145852,1.5663716,0.11240567,1750,1742,train
1525,0.9520607,0.9457614,0.94227535,0.94442695,0.9454276182958663,1.5663519,0.07087625,1750,1742,train
1526,0.95146435,0.9446031,0.94215214,0.9446709,0.9453147089265963,1.5663321,0.19838405,1750,1742,train
1527,0.9514943,0.9444293,0.94201183,0.94420534,0.9452039364545182,1.5663121,0.14894836,1750,1742,train
1528,0.951578,0.94421166,0.94179475,0.9435202,0.9451590539031872,1.5662918,0.07387397,1750,1742,train
1529,0.95156336,0.9440048,0.9416301,0.9431504,0.9451568149670129,1.5662714,0.042836875,1750,1742,train
1530,0.9509874,0.94239223,0.9414677,0.94233084,0.9451567931497334,1.5662509,0.041129064,1750,1742,train
1531,0.9509594,0.94277585,0.9414785,0.94333595,0.9451439723012138,1.5662302,0.16864014,1750,1742,train
1532,0.95041984,0.943398,0.9410232,0.9429309,0.9451401465305989,1.5662092,0.0948336,1750,1742,train
1533,0.95040125,0.9432046,0.94085425,0.94281036,0.9451555014034451,1.5661881,0.10180677,1750,1742,train
1534,0.95048183,0.9428565,0.94058925,0.9422015,0.9452216613548752,1.5661668,0.050887,1750,1742,train
1535,0.9504681,0.9428201,0.94044495,0.94238746,0.9452403580975638,1.5661452,0.092543155,1750,1742,train
1536,0.9498307,0.94210434,0.9402721,0.9487559,0.9452830169875155,1.5661235,1.1825309,1750,1742,train
1537,0.9497973,0.9422829,0.9403907,0.94863737,0.9453582555057455,1.5661016,1.1357012,1750,1742,train
1538,0.94991606,0.94224656,0.94011533,0.948183,0.9454112487723786,1.5660794,1.0795407,1750,1742,train
1539,0.94938433,0.9417989,0.94000214,0.94772315,0.945449079695554,1.566057,1.0434239,1750,1742,train
1540,0.94932747,0.9410541,0.93977046,0.9469397,0.9455186896041641,1.5660344,0.9846897,1750,1742,train
1541,0.9493062,0.9418607,0.93927383,0.94725853,0.9455584193758739,1.5660117,1.0156791,1750,1742,train
1542,0.9487461,0.94142437,0.9392997,0.947738,0.9455608477281546,1.5659887,1.1341035,1750,1742,train
1543,0.9487504,0.9416486,0.93918526,0.947705,0.9455979890740983,1.5659654,1.1191027,1750,1742,train
1544,0.94878453,0.94140637,0.9388203,0.9472828,0.9456723286745226,1.565942,1.09306,1750,1742,train
1545,0.9482419,0.9405538,0.93877786,0.9463193,0.9457462521562485,1.5659183,0.99540913,1750,1742,train
1546,0.94813824,0.9399333,0.93857265,0.94659674,0.945821943158909,1.5658944,1.1106449,1750,1742,train
1547,0.9481668,0.93938315,0.93833715,0.945594,0.9458558431146517,1.5658703,0.9970573,1750,1742,train
1548,0.94822,0.94003654,0.9382031,0.9452728,0.9458872941807095,1.5658458,0.902498,1750,1742,train
1549,0.9476701,0.93953586,0.9383227,0.94589597,0.9458871158690045,1.5658213,1.0386178,1750,1742,train
1550,0.9476784,0.9399346,0.9377258,0.9455342,0.9458571213655488,1.5657964,0.9918134,1750,1742,train
1551,0.9476717,0.93982756,0.937493,0.9450912,0.9457930128337487,1.5657712,0.942714,1750,1742,train
1552,0.94705623,0.9392477,0.9374351,0.9457108,0.9457305193935457,1.5657458,1.1011717,1750,1742,train
1553,0.94705707,0.93895006,0.9373029,0.94492173,0.945629205793416,1.5657202,0.9968884,1750,1742,train
1554,0.9471523,0.9390082,0.9369964,0.94490767,0.9455137512333147,1.5656943,1.0141761,1750,1742,train
1555,0.9465849,0.9386814,0.93700385,0.9442793,0.9453507919238863,1.5656682,0.9315652,1750,1742,train
1556,0.9464789,0.9384328,0.9368906,0.9441149,0.9451396875617384,1.5656418,0.9316916,1750,1742,train
1557,0.94647723,0.93806076,0.9366827,0.94352794,0.9449254257411103,1.565615,0.8777782,1750,1742,train
1558,0.9459816,0.9385381,0.93619186,0.94402456,0.9446777252854383,1.565588,0.96255636,1750,1742,train
1559,0.94600534,0.9379777,0.93604136,0.9433318,0.9443363807498701,1.5655608,0.900377,1750,1742,train
1560,0.94603574,0.9385283,0.93598306,0.94499826,0.9439618689708202,1.5655332,1.1520133,1750,1742,train
1561,0.9454434,0.9377402,0.93582624,0.9440137,0.9435612016370521,1.5655054,1.0525314,1750,1742,train
1562,0.94538754,0.93721235,0.9357449,0.9432597,0.9433588901690042,1.5654773,0.96996117,1750,1742,train
1563,0.9454175,0.93724406,0.93543035,0.9437148,0.9431644491791232,1.5654488,1.0716707,1750,1742,train
1564,0.9449368,0.93746376,0.9355187,0.9439829,0.9429847866120395,1.56542,1.0943924,1750,1742,train
1565,0.9449215,0.9366084,0.935095,0.94323194,0.9427785108660559,1.565391,1.0645953,1750,1742,train
1566,0.9443681,0.93689775,0.9347378,0.9432845,0.9425724655623837,1.5653616,1.0795958,1750,1742,train
1567,0.9443579,0.93695205,0.93475085,0.943826,0.9423711562580955,1.5653319,1.1722046,1750,1742,train
1568,0.9443787,0.93654954,0.93444985,0.942969,0.9422122957795424,1.5653019,1.0751483,1750,1742,train
1569,0.9437969,0.9362264,0.9345031,0.9423107,0.942070972602447,1.5652715,0.9817595,1750,1742,train
1570,0.9438391,0.9358314,0.9342458,0.9420424,0.9419315456034294,1.5652409,0.98680395,1750,1742,train
1571,0.94387954,0.93568337,0.93401986,0.9415845,0.9418141501749298,1.5652097,0.93796146,1750,1742,train
1572,0.9437556,0.9356402,0.9338423,0.94159406,0.9416935331942924,1.5651784,0.9566821,1750,1742,train
1573,0.9432004,0.9356626,0.93335366,0.9409952,0.9415244108882616,1.5651467,0.89196527,1750,1742,train
1574,0.9432413,0.9350269,0.9332016,0.94055223,0.9413516960688423,1.5651146,0.8780248,1750,1742,train
1575,0.94267213,0.93503726,0.9332547,0.94034135,0.9411986467832646,1.5650821,0.83847666,1750,1742,train
1576,0.94269633,0.93534887,0.93294674,0.9408064,0.9410494033667848,1.5650493,0.91544,1750,1742,train
1577,0.9426892,0.93512666,0.9327834,0.94030327,0.9409193226053114,1.565016,0.8610586,1750,1742,train
1578,0.9425916,0.9343406,0.932736,0.9404357,0.9407663555098527,1.5649824,0.94655645,1750,1742,train
1579,0.9420786,0.9337121,0.9324818,0.9393343,0.9405917411034057,1.5649484,0.83035576,1750,1742,train
1580,0.94217116,0.9341738,0.93223923,0.9395173,0.9404249643857527,1.564914,0.8441545,1750,1742,train
1581,0.9421608,0.9339007,0.93206394,0.9391675,0.94025605796818,1.5648792,0.8204186,1750,1742,train
1582,0.9415527,0.9340441,0.9318308,0.93912244,0.9400953802034248,1.564844,0.8198514,1750,1742,train
1583,0.9415346,0.9337188,0.9315083,0.9387422,0.9399396298387758,1.5648084,0.80614257,1750,1742,train
1584,0.941537,0.9335006,0.9314382,0.9408338,0.9398051634491116,1.5647722,1.1899769,1750,1742,train
1585,0.9409828,0.9334476,0.9312838,0.94050497,0.9396495466923461,1.5647358,1.146821,1750,1742,train
1586,0.9410381,0.93324447,0.9312674,0.9406912,0.9395460911106263,1.5646988,1.1997201,1750,1742,train
1587,0.94103616,0.9330008,0.93107074,0.94006705,0.939465806899704,1.5646614,1.1219324,1750,1742,train
1588,0.9409287,0.9326914,0.9308282,0.9400199,0.9393446225928529,1.5646236,1.1592225,1750,1742,train
1589,0.9404085,0.9322697,0.93038154,0.93934214,0.939179532323881,1.5645852,1.1081643,1750,1742,train
1590,0.94044524,0.9326182,0.9305495,0.9400413,0.9390580919016129,1.5645465,1.1929729,1750,1742,train
1591,0.9398696,0.93220675,0.93030715,0.93945616,0.9388972863005624,1.5645071,1.1401174,1750,1742,train
1592,0.93995667,0.93218267,0.9299066,0.93981004,0.9387399038279186,1.5644673,1.2422762,1750,1742,train
1593,0.9393884,0.93176776,0.92977214,0.9391528,0.9386299840590864,1.564427,1.1660242,1750,1742,train
1594,0.93926805,0.9319997,0.9296472,0.9388416,0.9385264848536087,1.5643861,1.1007674,1750,1742,train
1595,0.9393177,0.9317603,0.9294101,0.93864477,0.9384145187481947,1.5643448,1.104479,1750,1742,train
1596,0.93884486,0.92828,0.929128,0.93697256,0.9382937227092587,1.5643029,1.1117531,1750,1742,train
1597,0.93882596,0.92825764,0.9289847,0.9372664,0.9381863505289986,1.5642605,1.1791786,1750,1742,train
1598,0.93824077,0.9310103,0.92889977,0.9379057,0.9380548708087506,1.5642174,1.0752609,1750,1742,train
1599,0.9382206,0.9307654,0.9287676,0.9376748,0.9378794100349788,1.5641739,1.0648508,1750,1742,train
1600,0.937656,0.92951787,0.92826056,0.9376648,0.9377769897601116,1.5641297,1.2083981,1750,1742,train
1601,0.93786645,0.9292105,0.92804885,0.93725467,0.9375807263550775,1.564085,1.1761138,1750,1742,train
1602,0.9378932,0.9273095,0.9277968,0.9360721,0.93747793596951,1.5640397,1.1390377,1750,1742,train
1603,0.9372711,0.9296596,0.9278156,0.9374854,0.9372866204061308,1.5639937,1.200877,1750,1742,train
1604,0.9371899,0.9308179,0.9275774,0.93764883,0.9370654406718874,1.5639471,1.1538471,1750,1742,train
1605,0.93715394,0.9304613,0.9274088,0.93757457,0.9368345187380838,1.5638999,1.1842675,1750,1742,train
1606,0.9372013,0.92947865,0.92728686,0.9371702,0.936540650683885,1.563852,1.2026219,1750,1742,train
1607,0.93707794,0.929844,0.9271143,0.93677807,0.9362001424508016,1.5638034,1.1147342,1750,1742,train
1608,0.9366609,0.9296919,0.9267672,0.93593735,0.9359889273619115,1.5637542,1.0069023,1750,1742,train
1609,0.9365838,0.92913544,0.9266683,0.9355561,0.9356882142065667,1.5637043,0.99266195,1750,1742,train
1610,0.93591446,0.9278438,0.92648935,0.93541765,0.935392573534885,1.5636536,1.0853993,1750,1742,train
1611,0.93595517,0.92771906,0.9262093,0.93528485,0.9351279888852988,1.5636022,1.0947139,1750,1742,train
1612,0.93602353,0.9241868,0.9260576,0.93342966,0.9349144708192291,1.5635501,1.0630264,1750,1742,train
1613,0.935977,0.9243984,0.9258565,0.9337346,0.9346620207823765,1.5634972,1.1165638,1750,1742,train
1614,0.9354478,0.92872053,0.9258003,0.93560725,0.9344826471106316,1.5634435,1.1043892,1750,1742,train
1615,0.9353986,0.9284141,0.9253807,0.9345391,0.9341970208927732,1.5633891,0.97579545,1750,1742,train
1616,0.9348302,0.9292066,0.92546076,0.9352542,0.9339751461269786,1.5633337,1.0305319,1750,1742,train
1617,0.9348959,0.9286734,0.9252428,0.93540084,0.9337723359747916,1.5632777,1.1170428,1750,1742,train
1618,0.9349,0.9283376,0.9250369,0.93459934,0.9336197650033587,1.5632207,1.0192108,1750,1742,train
1619,0.9342788,0.9268,0.92479205,0.93365896,0.9334394224702568,1.5631629,0.9970148,1750,1742,train
1620,0.9342739,0.92833734,0.9244815,0.93320864,0.9332500948579365,1.5631042,0.8285948,1750,1742,train
1621,0.934277,0.92718756,0.9244075,0.9330836,0.9330652244320523,1.5630445,0.8997698,1750,1742,train
1622,0.93371314,0.9269141,0.9242803,0.9318833,0.9328987956905523,1.562984,0.7341827,1750,1742,train
1623,0.93378776,0.9269172,0.9238858,0.93238366,0.9327151105963674,1.5629225,0.84401286,1750,1742,train
1624,0.9338113,0.926732,0.92367256,0.9330787,0.9325499702570097,1.56286,0.9908074,1750,1742,train
1625,0.9331438,0.9204198,0.9235299,0.9296584,0.9323525700880241,1.5627965,0.9091151,1750,1742,train
1626,0.9331402,0.9258208,0.92330843,0.9320406,0.932187539850322,1.562732,0.9135511,1750,1742,train
1627,0.9332023,0.9194713,0.92305493,0.92875445,0.9320452994159453,1.5626664,0.86688656,1750,1742,train
1628,0.93265134,0.9256501,0.92289823,0.9306135,0.9317779855610885,1.5625998,0.7245138,1750,1742,train
1629,0.93266606,0.9264879,0.9226288,0.93142015,0.931670762167652,1.5625321,0.812742,1750,1742,train
1630,0.93265295,0.9254483,0.9224848,0.9302502,0.9315362224740897,1.5624632,0.7115053,1750,1742,train
1631,0.93200225,0.92714214,0.922582,0.9322254,0.9313697230505454,1.5623932,0.8996732,1750,1742,train
1632,0.93210334,0.9265832,0.92231435,0.93347,0.9312214361232971,1.5623219,1.1830053,1750,1742,train
1633,0.9316646,0.91681516,0.9217273,0.9287231,0.9310729269500678,1.5622495,1.1764786,1750,1742,train
1634,0.93154234,0.92117006,0.92163974,0.9308315,0.9309136244880001,1.5621759,1.2076634,1750,1742,train
1635,0.93149704,0.9259007,0.92166775,0.93283933,0.9308163539820773,1.5621009,1.1785568,1750,1742,train
1636,0.9310023,0.9240472,0.9213954,0.93188334,0.930623978717265,1.5620246,1.1807404,1750,1742,train
1637,0.9310519,0.9222566,0.9212869,0.93059754,0.9305380009201132,1.561947,1.1041416,1750,1742,train
1638,0.93095404,0.9242935,0.92099094,0.9315518,0.9303644556913049,1.561868,1.1335154,1750,1742,train
1639,0.9305081,0.919121,0.9206194,0.9291472,0.9301959896277013,1.5617876,1.1549889,1750,1742,train
1640,0.93040663,0.9256619,0.920768,0.9322683,0.930058450016396,1.5617057,1.1692878,1750,1742,train
1641,0.929862,0.9242683,0.9203691,0.9312727,0.9298626163051061,1.5616223,1.1366245,1750,1742,train
1642,0.92993045,0.92341524,0.92012656,0.93040216,0.9296940970605344,1.5615374,1.0702683,1750,1742,train
1643,0.92993903,0.9226279,0.9199163,0.92926526,0.9295897888538728,1.5614508,0.95256793,1750,1742,train
1644,0.9298504,0.9234592,0.919688,0.9297465,0.9294986541121059,1.5613626,0.9878876,1750,1742,train
1645,0.9293023,0.9234488,0.9197475,0.9299854,0.9294783431324202,1.5612729,1.0251191,1750,1742,train
1646,0.9293102,0.9232257,0.9195553,0.92991847,0.9293210375265332,1.5611812,1.04646,1750,1742,train
1647,0.9287661,0.91758645,0.9190553,0.9275482,0.9291882597038241,1.5610878,1.1215332,1750,1742,train
1648,0.9288064,0.9179378,0.918763,0.9281141,0.9290050643832558,1.5609927,1.220783,1750,1742,train
1649,0.9287021,0.9187472,0.9186043,0.9280206,0.9287898065376785,1.5608957,1.1488616,1750,1742,train
1650,0.92811453,0.9223023,0.9186036,0.92897785,0.92877921024159,1.5607966,1.0317446,1750,1742,train
1651,0.9282629,0.9211528,0.9183136,0.92800903,0.9285549755671277,1.5606956,0.9779148,1750,1742,train
1652,0.9282501,0.9176296,0.91823804,0.92678285,0.9283753963120788,1.5605927,1.048779,1750,1742,train
1653,0.92760557,0.92452896,0.9182834,0.929902,0.9281523322602032,1.5604874,1.041842,1750,1742,train
1654,0.9276117,0.9163161,0.9174447,0.9259468,0.9279449174186813,1.56038,1.0706567,1750,1742,train
1655,0.927106,0.9191365,0.91748077,0.92705315,0.9277155563721464,1.5602704,1.036906,1750,1742,train
1656,0.92708117,0.9202065,0.9172786,0.92841005,0.9274645482009345,1.5601584,1.2102635,1750,1742,train
1657,0.92712164,0.92115617,0.9170156,0.9278378,0.9272601038494801,1.560044,1.0507054,1750,1742,train
1658,0.92644066,0.9217631,0.91690373,0.92784005,0.9272414072715012,1.5599272,1.0120968,1750,1742,train
1659,0.92649525,0.91987145,0.9169042,0.9276848,0.9270275462097207,1.5598078,1.1364418,1750,1742,train
1660,0.92658854,0.9160133,0.91670334,0.92520887,0.9268747290459527,1.5596857,1.0251853,1750,1742,train
1661,0.9260112,0.9225958,0.9166674,0.928396,0.9267453007574855,1.5595609,1.0617386,1750,1742,train
1662,0.92594284,0.9166116,0.91596967,0.92474604,0.9265772072279744,1.5594332,0.9570016,1750,1742,train
1663,0.9254274,0.91795707,0.915895,0.92555135,0.9264041804241631,1.5593026,0.9957135,1750,1742,train
1664,0.9254368,0.91474247,0.915831,0.92534643,0.9262041207477434,1.5591689,1.2259966,1750,1742,train
1665,0.92539567,0.9178786,0.9155438,0.92617184,0.9260301970120924,1.5590322,1.1394204,1750,1742,train
1666,0.92498446,0.91977316,0.9155017,0.9274335,0.9259551906926269,1.5588921,1.2166512,1750,1742,train
1667,0.9248572,0.92084235,0.9151736,0.9277536,0.9258094296230761,1.5587487,1.2136954,1750,1742,train
1668,0.92426485,0.91819733,0.91491646,0.9262851,0.9256535302947431,1.5586019,1.1861757,1750,1742,train
1669,0.9243172,0.91646624,0.9146182,0.92536974,0.9253875500210775,1.5584513,1.1877255,1750,1742,train
1670,0.9243751,0.90796053,0.9144113,0.9218273,0.9251148686686604,1.5582969,1.2666948,1750,1742,train
1671,0.923738,0.91832554,0.9142419,0.92581165,0.9249803478546053,1.5581387,1.1453897,1750,1742,train
1672,0.92375016,0.91562206,0.91402066,0.92495716,0.9248119408961171,1.5579765,1.2334669,1750,1742,train
1673,0.92326254,0.9163171,0.914256,0.9254645,0.9245766061786302,1.5578101,1.2493109,1750,1742,train
1674,0.9232278,0.92036927,0.9138792,0.9272566,0.924279286719967,1.5576392,1.2726736,1750,1742,train
1675,0.92331415,0.9071239,0.91325057,0.9209392,0.9240043598443392,1.5574638,1.2712151,1750,1742,train
1676,0.9226311,0.91534406,0.91315407,0.9242019,0.9238811945555376,1.5572836,1.1901205,1750,1742,train
1677,0.92268753,0.91654176,0.9129355,0.9248407,0.9236725851113232,1.5570985,1.2263379,1750,1742,train
1678,0.9228095,0.9128399,0.91265106,0.9226073,0.9234238283442668,1.5569084,1.1487699,1750,1742,train
1679,0.9221842,0.9153274,0.9128143,0.9232702,0.9232382181803103,1.5567127,1.0521297,1750,1742,train
1680,0.9221405,0.91796374,0.9124997,0.9246732,0.9228872400090968,1.5565116,1.1136751,1750,1742,train
1681,0.9221333,0.9179727,0.9122825,0.9241963,0.9226280729828098,1.5563046,1.0463337,1750,1742,train
1682,0.9216086,0.91889006,0.91226673,0.9246801,0.9223973774437803,1.5560915,1.0592365,1750,1742,train
1683,0.92160356,0.9096025,0.9115625,0.9196471,0.9221106427690804,1.5558721,0.9753228,1750,1742,train
1684,0.92160165,0.91428775,0.91152805,0.92091954,0.9218378528473475,1.555646,0.83535016,1750,1742,train
1685,0.9209754,0.913954,0.9113845,0.92022824,0.9217037182247856,1.5554129,0.75891984,1750,1742,train
1686,0.92099345,0.9159092,0.9111697,0.92122567,0.9215168822011034,1.5551726,0.7920761,1750,1742,train
1687,0.92048323,0.91537863,0.9110555,0.9216966,0.9213595816526131,1.5549246,0.91729856,1750,1742,train
1688,0.9204932,0.9104365,0.9110643,0.9204813,0.9210462717011356,1.5546687,1.09379,1750,1742,train
1689,0.92048496,0.91748166,0.9107926,0.9223652,0.9207463041432071,1.5544044,0.8895149,1750,1742,train
1690,0.9199089,0.9102222,0.9101626,0.9188593,0.9204963865564889,1.5541312,0.90349823,1750,1742,train
1691,0.91987175,0.9086846,0.9100281,0.9181509,0.92032304853783,1.5538487,0.9121984,1750,1742,train
1692,0.91938835,0.9107217,0.90997744,0.91944605,0.9202833007331127,1.5535567,0.9780892,1750,1742,train
1693,0.9193876,0.9083378,0.90973246,0.9187833,0.9201896286282735,1.5532542,1.0701795,1750,1742,train
1694,0.91933507,0.9145499,0.9097258,0.9213148,0.9199407340127347,1.5529411,1.0197073,1750,1742,train
1695,0.9187964,0.9170937,0.90931743,0.9223042,0.9197490166131448,1.5526165,1.023109,1750,1742,train
1696,0.9182781,0.90490353,0.90896755,0.9179426,0.9195644259790157,1.55228,1.266015,1750,1742,train
1697,0.9182892,0.9080138,0.9086259,0.9188762,0.9194528715235378,1.5519307,1.2049675,1750,1742,train
1698,0.91825646,0.9082242,0.90848327,0.9185293,0.9193034533757629,1.5515679,1.135938,1750,1742,train
1699,0.91765004,0.914302,0.908295,0.9210571,0.9191107679977679,1.551191,1.1091835,1750,1742,train
1700,0.9176995,0.9134724,0.90811366,0.9203457,0.9189936204100502,1.550799,1.0647938,1750,1742,train
1701,0.9171988,0.9036201,0.90771323,0.91594696,0.9187094456474445,1.550391,1.111428,1750,1742,train
1702,0.9171442,0.90733117,0.9074768,0.91747415,0.9184979172186826,1.549966,1.1022477,1750,1742,train
1703,0.91717887,0.9089898,0.90718085,0.9171983,0.9183700482392414,1.549523,0.94786686,1750,1742,train
1704,0.91658264,0.9091209,0.9070986,0.918088,0.9182716461361202,1.5490606,1.0975261,1750,1742,train
1705,0.916549,0.9122604,0.9072663,0.9199179,0.9180904593782692,1.5485778,1.1560048,1750,1742,train
1706,0.91664755,0.9090644,0.90693873,0.9178424,0.9180192011026611,1.5480729,1.0716383,1750,1742,train
1707,0.916113,0.9099157,0.9069401,0.9183178,0.9179118967665788,1.5475447,1.0870843,1750,1742,train
1708,0.91603684,0.913392,0.90658695,0.9201015,0.9177809619895823,1.5469913,1.1524243,1750,1742,train
1709,0.9160351,0.9148682,0.9063386,0.9202855,0.9176047706501755,1.5464109,1.0855863,1750,1742,train
1710,0.9154769,0.90532744,0.905985,0.9157006,0.9174096513062708,1.5458015,1.0705761,1750,1742,train
1711,0.91546595,0.903537,0.90580374,0.91454977,0.9172291941041956,1.5451609,1.0264156,1750,1742,train
1712,0.91499096,0.90641505,0.9056394,0.9165068,0.9170399435314422,1.5444866,1.1544185,1750,1742,train
1713,0.91493577,0.91007876,0.90543574,0.9183265,0.916806814609737,1.5437759,1.1997803,1750,1742,train
1714,0.9149163,0.9116245,0.9051159,0.91886747,0.9165239225613903,1.5430257,1.1969604,1750,1742,train
1715,0.91440076,0.9086821,0.9051082,0.91714984,0.916260081849973,1.5422326,1.1283588,1750,1742,train
1716,0.91384006,0.90561616,0.90435535,0.9153428,0.9158273129766081,1.541393,1.116081,1750,1742,train
1717,0.91391766,0.900157,0.90404075,0.91180557,0.9154147872266,1.5405025,0.9582205,1750,1742,train
1718,0.91381735,0.90446496,0.903864,0.9138017,0.9150715707104228,1.5395565,0.9782946,1750,1742,train
1719,0.9132216,0.91319233,0.90399224,0.91804516,0.9147311385705006,1.5385494,1.0152942,1750,1742,train
1720,0.91331965,0.9073111,0.9037026,0.91565967,0.9144398879795709,1.5374753,1.088623,1750,1742,train
1721,0.9126942,0.9006558,0.9035303,0.91132325,0.9141152728837433,1.5363272,0.87917304,1750,1742,train
1722,0.9127484,0.90082324,0.9030845,0.9120522,0.9136854615248352,1.5350972,1.0232303,1750,1742,train
1723,0.9127458,0.9015926,0.9028983,0.9121955,0.9132742325825625,1.5337762,1.0024503,1750,1742,train
1724,0.91211563,0.90598035,0.9027678,0.9141531,0.9127949807200288,1.5323538,1.0063394,1750,1742,train
1725,0.9121665,0.9046178,0.90243614,0.9138445,0.9123619685353981,1.5308176,1.0867009,1750,1742,train
1726,0.9115987,0.9059335,0.90263176,0.9132101,0.9118508764221879,1.5291537,0.8626393,1750,1742,train
1727,0.9116084,0.90662646,0.9024507,0.9137936,0.9111834124475385,1.5273454,0.92063415,1750,1742,train
1728,0.9116955,0.90517545,0.9020577,0.91169333,0.910534272574829,1.5253731,0.71650606,1750,1742,train
1729,0.9110751,0.89819896,0.9014775,0.90792745,0.9099650002961642,1.5232133,0.6648979,1750,1742,train
1730,0.9110057,0.9050988,0.9012796,0.910724,0.9093319020262156,1.5208379,0.6258658,1750,1742,train
1731,0.91104317,0.9011594,0.90092295,0.9080431,0.908714227341392,1.5182133,0.5136586,1750,1742,train
1732,0.9105238,0.9015777,0.9013904,0.90841913,0.9080583188414202,1.5152978,0.5092903,1750,1742,train
1733,0.9104927,0.9040042,0.9009572,0.9096104,0.9073941289261873,1.5120405,0.5533744,1750,1742,train
1734,0.9099924,0.89794946,0.90015835,0.9053918,0.9066890168128797,1.5083776,0.38508773,1750,1742,train
1735,0.90991515,0.8992018,0.90001655,0.90597266,0.9061351589712038,1.5042281,0.39674133,1750,1742,train
1736,0.9099061,0.9011091,0.90011984,0.9034319,0.9054305448629454,1.4994888,-0.13799073,1750,1742,train
1737,0.909355,0.9011821,0.9001016,0.9032686,0.9046838907680234,1.4940244,-0.16837238,1750,1742,train
1738,0.909385,0.9035212,0.89977247,0.9041153,0.9038149162111844,1.487655,-0.17909513,1750,1742,train
1739,0.90886366,0.9019729,0.8997102,0.90356636,0.903215782375409,1.4801364,-0.14935479,1750,1742,train
1740,0.9088501,0.8997905,0.8996931,0.9039664,0.9026198340689592,1.4711276,0.071534246,1750,1742,train
1741,0.90881443,0.9042969,0.89929163,0.9055168,0.9019943453541285,1.4601392,0.022594638,1750,1742,train
1742,0.90825343,0.8995061,0.89878035,0.9030589,0.9013433362077188,1.4464413,0.015648983,1750,1742,train
1743,0.90824795,0.8975928,0.8984008,0.9006387,0.9005204978384646,1.4288993,-0.20373923,1750,1742,train
1744,0.9076538,0.9005352,0.8985325,0.8982495,0.899694933577034,1.4056476,-0.90885735,1750,1742,train
1745,0.9077469,0.8989234,0.89825326,0.89751816,0.8990695750489867,1.3734008,-0.8802333,1750,1742,train
1746,0.9071796,0.9021447,0.89791155,0.898602,0.8984849781176477,1.3258177,-0.93018126,1750,1742,train
1747,0.90714025,0.89860684,0.8972469,0.8965223,0.897852523928613,1.2490457,-0.96819794,1750,1742,train
1748,0.90717435,0.89710814,0.8974787,0.89502454,0.8972008317515054,1.1071488,-1.199461,1750,1742,train
1749,0.9065237,0.8979839,0.8974338,0.89530045,0.8965116572335604,0.7853982,-1.2276611,1750,1742,train
1750,0.90655416,0.897757,0.897045,0.89496696,0.8959321498765366,-0.0,-1.2424339,1750,1742,train
1751,0.90605587,0.89962053,0.89727604,0.8960567,0.8954384718781611,-0.7853982,-1.2043176,1750,1742,train
1752,0.90606415,0.900587,0.89706475,0.8958873,0.8949877229975316,-1.1071488,-1.354235,1750,1742,train
1753,0.90604615,0.9001085,0.8966635,0.8955505,0.8945784818956111,-1.2490457,-1.3343012,1750,1742,train
1754,0.9055753,0.8911496,0.8960414,0.89115375,0.894098002121232,-1.3258177,-1.3459731,1750,1742,train
1755,0.90545374,0.89497566,0.89580923,0.8927781,0.8935984063924346,-1.3734008,-1.3489244,1750,1742,train
1756,0.90494007,0.8959341,0.8958682,0.89333165,0.8932009148012686,-1.4056476,-1.3210104,1750,1742,train
1757,0.9049579,0.892801,0.89582986,0.8918903,0.8927584748842652,-1.4288993,-1.3206999,1750,1742,train
1758,0.9043716,0.8937681,0.8949992,0.8918866,0.8923898418966539,-1.4464413,-1.3401887,1750,1742,train
1759,0.90447545,0.90053046,0.8950792,0.89502734,0.8921703216324601,-1.4601392,-1.3313892,1750,1742,train
1760,0.9038584,0.89078736,0.89499,0.8902879,0.8918027558972745,-1.4711276,-1.416702,1750,1742,train
1761,0.903872,0.8913444,0.89450085,0.8903507,0.89143995152001,-1.4801364,-1.4057375,1750,1742,train
1762,0.90388167,0.8900776,0.89437443,0.88974583,0.891023814243449,-1.487655,-1.3962367,1750,1742,train
1763,0.9032853,0.9037585,0.89397013,0.89576685,0.8907541268927281,-1.4940244,-1.401663,1750,1742,train
1764,0.9027389,0.8889973,0.8935231,0.8888046,0.890530104955639,-1.4994888,-1.4162467,1750,1742,train
1765,0.9027326,0.8905625,0.8933731,0.889433,0.8902736248636438,-1.5042281,-1.4211318,1750,1742,train
1766,0.9028166,0.89007354,0.89299893,0.88904554,0.8900909289913597,-1.5083776,-1.4191812,1750,1742,train
1767,0.90225106,0.8881682,0.89301056,0.88818085,0.8899492094080719,-1.5120405,-1.4203598,1750,1742,train
1768,0.9021968,0.89343596,0.8926454,0.8903551,0.8897289935385424,-1.5152978,-1.4386601,1750,1742,train
1769,0.901644,0.89861786,0.8926951,0.89280105,0.8895269791041105,-1.5182133,-1.4163651,1750,1742,train
1770,0.90160364,0.8959181,0.8925475,0.89150494,0.8893606359157766,-1.5208379,-1.4165709,1750,1742,train
1771,0.9010576,0.8904736,0.89238423,0.8889931,0.8891832192971788,-1.5232133,-1.403726,1750,1742,train
1772,0.90112704,0.8856741,0.8919679,0.886599,0.889034628317253,-1.5253731,-1.4107695,1750,1742,train
1773,0.90058184,0.8891256,0.8916942,0.8880451,0.8887962717000346,-1.5273454,-1.4101822,1750,1742,train
1774,0.90057206,0.89405465,0.8913909,0.89013916,0.888465291291492,-1.5291537,-1.4131279,1750,1742,train
1775,0.90054286,0.89295137,0.89128315,0.8895894,0.8882277624469579,-1.5308176,-1.4126971,1750,1742,train
1776,0.8999688,0.8890297,0.89080197,0.8876912,0.8880402008704847,-1.5323538,-1.3783879,1750,1742,train
1777,0.8999954,0.8873185,0.89046776,0.8867509,0.8879494675855563,-1.5337762,-1.3814079,1750,1742,train
1778,0.8993934,0.8884886,0.89039123,0.8872295,0.8878035933253688,-1.5350972,-1.3873587,1750,1742,train
1779,0.89938694,0.89270663,0.8902764,0.88913125,0.887619576743548,-1.5363272,-1.3757623,1750,1742,train
1780,0.8993913,0.8887129,0.8899896,0.88719827,0.8873298772990658,-1.5374753,-1.3711693,1750,1742,train
1781,0.89890623,0.88938797,0.89015514,0.8876404,0.8871619664987187,-1.5385494,-1.352394,1750,1742,train
1782,0.8989165,0.89013016,0.8899139,0.8878366,0.8870006711726542,-1.5395565,-1.3621521,1750,1742,train
1783,0.8989136,0.8885058,0.8895611,0.8869273,0.8867816899464652,-1.5405025,-1.3651278,1750,1742,train
1784,0.8983476,0.8832472,0.88899094,0.88425004,0.8865599554160929,-1.541393,-1.373251,1750,1742,train
1785,0.8983542,0.8870603,0.88903093,0.88603914,0.8864675443378409,-1.5422326,-1.3614459,1750,1742,train
1786,0.897718,0.8904209,0.88901865,0.8875695,0.8861493707855977,-1.5430257,-1.3590273,1750,1742,train
1787,0.8977351,0.8920511,0.88843995,0.8880966,0.8859162805585113,-1.5437759,-1.3432646,1750,1742,train
1788,0.8972476,0.8830337,0.887857,0.8837102,0.885668800696323,-1.5444866,-1.3493338,1750,1742,train
1789,0.8972152,0.8826133,0.8878833,0.8835163,0.8855843480862969,-1.5451609,-1.3539506,1750,1742,train
1790,0.8966314,0.88596755,0.8875699,0.8848737,0.885311239805098,-1.5458015,-1.3616663,1750,1742,train
1791,0.896712,0.8837348,0.88729346,0.8837316,0.8849635728596303,-1.5464109,-1.3618302,1750,1742,train
1792,0.896093,0.8870549,0.8874723,0.8852321,0.8846346433860397,-1.5469913,-1.390975,1750,1742,train
1793,0.89609647,0.8915894,0.8872433,0.88717437,0.8843687646599283,-1.5475447,-1.3959297,1750,1742,train
1794,0.8961109,0.8883815,0.886959,0.8855556,0.8841395304371295,-1.5480729,-1.4057667,1750,1742,train
1795,0.89554495,0.88253593,0.88637745,0.8825712,0.8840073476078062,-1.5485778,-1.4259729,1750,1742,train
1796,0.8955568,0.8825193,0.88594884,0.88232714,0.8838291082712202,-1.5490606,-1.4397423,1750,1742,train
1797,0.8949877,0.8830734,0.8861485,0.88271165,0.8835768960832134,-1.549523,-1.4257153,1750,1742,train
1798,0.89498687,0.8862144,0.8860416,0.88415223,0.8832181009253198,-1.549966,-1.4053259,1750,1742,train
1799,0.89453286,0.8915874,0.885675,0.8863749,0.8828924514447436,-1.550391,-1.4230453,1750,1742,train
1800,0.89439243,0.88600117,0.8861214,0.88400096,0.8826859930479007,-1.550799,-1.4357228,1750,1742,train
1801,0.8944312,0.883114,0.88507444,0.8821591,0.8825143260343671,-1.551191,-1.4531052,1750,1742,train
1802,0.8938922,0.8783733,0.8849229,0.8799271,0.882183120107252,-1.5515679,-1.4556563,1750,1742,train
1803,0.8938606,0.8824903,0.884799,0.88175756,0.881886657669388,-1.5519307,-1.4503711,1750,1742,train
1804,0.89333457,0.8859359,0.88462263,0.88322645,0.881570898508257,-1.55228,-1.4563525,1750,1742,train
1805,0.8933579,0.884616,0.8845622,0.88264096,0.8813296806480264,-1.5526165,-1.4417634,1750,1742,train
1806,0.89278585,0.8791185,0.88388634,0.87983453,0.8811191418110863,-1.5529411,-1.4410605,1750,1742,train
1807,0.8927638,0.8794992,0.88364416,0.87990266,0.8808982849253224,-1.5532542,-1.4391282,1750,1742,train
1808,0.8927748,0.87964517,0.8839526,0.8802063,0.880723935309901,-1.5535567,-1.4067552,1750,1742,train
1809,0.8922537,0.8797965,0.88343465,0.8800497,0.8804875409490346,-1.5538487,-1.4030133,1750,1742,train
1810,0.89222664,0.8771436,0.88338566,0.8788269,0.8801577945452451,-1.5541312,-1.4011543,1750,1742,train
1811,0.89163744,0.883736,0.8835493,0.88189936,0.8798738434840058,-1.5544044,-1.4010212,1750,1742,train
1812,0.89168084,0.8782835,0.88240165,0.8788556,0.8796643327755479,-1.5546687,-1.4143513,1750,1742,train
1813,0.89113766,0.8767203,0.8824601,0.8781851,0.8795416998175585,-1.5549246,-1.409904,1750,1742,train
1814,0.8910654,0.8782174,0.88217527,0.87873846,0.8792774788293445,-1.5551726,-1.4089046,1750,1742,train
1815,0.8911498,0.87755644,0.8818792,0.87826645,0.8790270955017687,-1.5554129,-1.420989,1750,1742,train
1816,0.89053226,0.8844557,0.8816103,0.8812252,0.8787844833702382,-1.555646,-1.4397268,1750,1742,train
1817,0.8905781,0.8820451,0.88179517,0.88029295,0.8785193436018539,-1.5558721,-1.4129294,1750,1742,train
1818,0.89001733,0.87534976,0.8810998,0.87690467,0.8783222619286927,-1.5560915,-1.421848,1750,1742,train
1819,0.8899969,0.87660486,0.88091874,0.8773793,0.8782412217598466,-1.5563046,-1.4263031,1750,1742,train
1820,0.8894788,0.87453926,0.88102275,0.87660146,0.8780392321466202,-1.5565116,-1.3886261,1750,1742,train
1821,0.88952285,0.8758062,0.8809676,0.87714213,0.8777603777003585,-1.5567127,-1.391896,1750,1742,train
1822,0.8894512,0.8765356,0.88041115,0.8772098,0.8774782860828929,-1.5569084,-1.3950682,1750,1742,train
1823,0.88896316,0.8791479,0.880083,0.8782152,0.8772122794637831,-1.5570985,-1.4056956,1750,1742,train
1824,0.8888975,0.8795676,0.8800038,0.87841797,0.8770074410890262,-1.5572836,-1.3898513,1750,1742,train
1825,0.8883771,0.8759576,0.87975407,0.8766184,0.8769651769973225,-1.5574638,-1.4043943,1750,1742,train
1826,0.8883889,0.87259793,0.8794732,0.87494904,0.8768396480560842,-1.5576392,-1.4089723,1750,1742,train
1827,0.88778377,0.88112915,0.87897813,0.8785776,0.8767147085472556,-1.5578101,-1.4168987,1750,1742,train
1828,0.88783044,0.8766035,0.8788756,0.87653077,0.8764372548661745,-1.5579765,-1.3977581,1750,1742,train
1829,0.8872293,0.8788742,0.8791709,0.8776785,0.8762433458344835,-1.5581387,-1.4041915,1750,1742,train
1830,0.8872721,0.8787737,0.8787592,0.877469,0.8761850190423319,-1.5582969,-1.3961885,1750,1742,train
1831,0.8867462,0.8734279,0.87810224,0.87470603,0.8760778548336656,-1.5584513,-1.4069593,1750,1742,train
1832,0.88669246,0.87439686,0.87864554,0.87546027,0.8758573070552755,-1.5586019,-1.3854349,1750,1742,train
1833,0.8867212,0.872156,0.8780594,0.87414485,0.8756381146915572,-1.5587487,-1.3949053,1750,1742,train
1834,0.8861341,0.8753942,0.8776842,0.87543327,0.8754006260928827,-1.5588921,-1.3988795,1750,1742,train
1835,0.88612837,0.8768074,0.8774031,0.8759256,0.8751910010219194,-1.5590322,-1.4060482,1750,1742,train
1836,0.88614863,0.87763876,0.87710404,0.87622595,0.8749861085535409,-1.5591689,-1.3866673,1750,1742,train
1837,0.8855795,0.8755257,0.8779288,0.8756726,0.8748949351117548,-1.5593026,-1.3768166,1750,1742,train
1838,0.88561183,0.87260044,0.8767796,0.8737445,0.8746948718090231,-1.5594332,-1.4007118,1750,1742,train
1839,0.8850505,0.8739618,0.87643766,0.87423277,0.8743994650426058,-1.5595609,-1.3922906,1750,1742,train
1840,0.88504195,0.8721677,0.87609345,0.873223,0.8741683162779522,-1.5596857,-1.4044677,1750,1742,train
1841,0.88451767,0.8737956,0.8764441,0.87415516,0.8739817038503302,-1.5598078,-1.3939277,1750,1742,train
1842,0.88448757,0.8729345,0.87637776,0.87377095,0.873873522462324,-1.5599272,-1.3816817,1750,1742,train
1843,0.8839239,0.87239724,0.87529963,0.8729553,0.8736955053906198,-1.560044,-1.4075687,1750,1742,train
1844,0.88397086,0.8684905,0.8751193,0.8711288,0.8734129360462941,-1.5601584,-1.3971257,1750,1742,train
1845,0.88336027,0.87448144,0.8753639,0.87402767,0.873152044175075,-1.5602704,-1.3762771,1750,1742,train
1846,0.8833761,0.87489974,0.87485486,0.87398535,0.8728783882234645,-1.56038,-1.3762577,1750,1742,train
1847,0.8833723,0.8747978,0.8748423,0.87393016,0.8726747241826621,-1.5604874,-1.3772521,1750,1742,train
1848,0.8828085,0.8750983,0.87454396,0.873921,0.8725078323127076,-1.5605927,-1.3803082,1750,1742,train
1849,0.8828582,0.8748348,0.8742169,0.8736605,0.8722649083979463,-1.5606956,-1.3775178,1750,1742,train
1850,0.8822677,0.8688816,0.8739828,0.87088984,0.8720007338565059,-1.5607966,-1.3638945,1750,1742,train
1851,0.8823102,0.87109315,0.87368643,0.87176794,0.8717966880916216,-1.5608957,-1.3612847,1750,1742,train
1852,0.88229835,0.8669379,0.87369365,0.86992514,0.8715336659169973,-1.5609927,-1.3478367,1750,1742,train
1853,0.88169366,0.8735311,0.8732415,0.8726604,0.8713785000421184,-1.5610878,-1.3652431,1750,1742,train
1854,0.88172376,0.8713254,0.87316567,0.8716479,0.8710637103768815,-1.5611812,-1.3573627,1750,1742,train
1855,0.88117504,0.865043,0.87259096,0.8685052,0.8707909659217643,-1.5612729,-1.3652751,1750,1742,train
1856,0.881174,0.86769366,0.87232596,0.86954826,0.8705495157912151,-1.5613626,-1.3783113,1750,1742,train
1857,0.8806458,0.87004673,0.8722684,0.87052256,0.8702371035330216,-1.5614508,-1.4008592,1750,1742,train
1858,0.88061184,0.8699417,0.87199706,0.87036914,0.8700345357659465,-1.5615374,-1.3948255,1750,1742,train
1859,0.8800587,0.8722342,0.8717492,0.8713026,0.8697475423188741,-1.5616223,-1.3933487,1750,1742,train
1860,0.88006616,0.8700602,0.87175745,0.8702871,0.8695007659518836,-1.5617057,-1.4035885,1750,1742,train
1861,0.87951803,0.8668678,0.8712624,0.8686715,0.8692245952766785,-1.5617876,-1.3833737,1750,1742,train
1862,0.87950116,0.86494297,0.8710113,0.8676618,0.8689426554162111,-1.561868,-1.3899853,1750,1742,train
1863,0.8794785,0.86599815,0.8710113,0.8681351,0.8687804791580951,-1.561947,-1.3920498,1750,1742,train
1864,0.87889665,0.87157625,0.87071043,0.87052155,0.8684491863938884,-1.5620246,-1.3957934,1750,1742,train
1865,0.87893414,0.86836433,0.87034875,0.8688428,0.8681399669594985,-1.5621009,-1.4136248,1750,1742,train
1866,0.8783426,0.8636656,0.86985964,0.8664968,0.8678255618400085,-1.5621759,-1.4093368,1750,1742,train
1867,0.8783525,0.8635904,0.8699766,0.8665421,0.8675618229610119,-1.5622495,-1.4006603,1750,1742,train
1868,0.8777793,0.867514,0.869627,0.86819506,0.8673113277118737,-1.5623219,-1.3909618,1750,1742,train
1869,0.87780344,0.86843276,0.8692131,0.8684219,0.8670510471713483,-1.5623932,-1.3915259,1750,1742,train
1870,0.8772686,0.86755484,0.8691301,0.86799705,0.8667856496836532,-1.5624632,-1.3875673,1750,1742,train
1871,0.877248,0.86566365,0.86977655,0.8674317,0.8666332263757781,-1.5625321,-1.3879204,1750,1742,train
1872,0.87671274,0.8622518,0.8682407,0.8651507,0.8663995323176875,-1.5625998,-1.3974881,1750,1742,train
1873,0.8767197,0.85812163,0.868173,0.8632658,0.8661540539181506,-1.5626664,-1.3900342,1750,1742,train
1874,0.876131,0.86455214,0.8687281,0.8664814,0.8659547615430199,-1.562732,-1.3769549,1750,1742,train
1875,0.8761574,0.8679492,0.8681192,0.8676788,0.8658108649530385,-1.5627965,-1.3993684,1750,1742,train
1876,0.8756029,0.8601476,0.8674592,0.8637795,0.8655333952843198,-1.56286,-1.416892,1750,1742,train
1877,0.8755684,0.8598237,0.8668208,0.8633835,0.865292780955376,-1.5629225,-1.4026332,1750,1742,train
1878,0.8756153,0.85868406,0.8667508,0.86282146,0.8650218348083983,-1.562984,-1.4066916,1750,1742,train
1879,0.87503374,0.86586475,0.86696434,0.866194,0.8648808090010885,-1.5630445,-1.4027028,1750,1742,train
1880,0.8750527,0.86658466,0.86641943,0.8662582,0.8647257060466487,-1.5631042,-1.4074514,1750,1742,train
1881,0.8744793,0.8645539,0.86655813,0.86543435,0.8644730966707539,-1.5631629,-1.3955754,1750,1742,train
1882,0.8744584,0.86349934,0.86701155,0.8652205,0.8642376384561262,-1.5632207,-1.3765004,1750,1742,train
1883,0.87395465,0.85783964,0.86574924,0.8619339,0.8640322484444254,-1.5632777,-1.4223437,1750,1742,train
1884,0.8739159,0.86007804,0.8657322,0.862988,0.8638590529117708,-1.5633337,-1.4072821,1750,1742,train
1885,0.8738968,0.8596275,0.86521125,0.86256945,0.8636842664728371,-1.5633891,-1.3992885,1750,1742,train
1886,0.8733843,0.8624711,0.8656567,0.86409354,0.8635251501880354,-1.5634435,-1.3898671,1750,1742,train
1887,0.8728016,0.86454535,0.8656575,0.86503494,0.8633533232859771,-1.5634972,-1.3904113,1750,1742,train
1888,0.87280864,0.85621274,0.86429584,0.8605892,0.8630492075814822,-1.5635501,-1.402875,1750,1742,train
1889,0.87226504,0.86438704,0.86444545,0.86436,0.8628427344809272,-1.5636022,-1.4068487,1750,1742,train
1890,0.8722341,0.8646681,0.8641069,0.86437285,0.8627081792574043,-1.5636536,-1.3936832,1750,1742,train
1891,0.87232167,0.86366147,0.863882,0.8637787,0.8625532915622859,-1.5637043,-1.4049492,1750,1742,train
1892,0.871684,0.86259913,0.8636986,0.8631833,0.8622413906978766,-1.5637542,-1.4146254,1750,1742,train
1893,0.87176484,0.8607563,0.86409384,0.86255735,0.8619752209230502,-1.5638034,-1.404222,1750,1742,train
1894,0.87161964,0.86066616,0.86343133,0.8621473,0.861784031736531,-1.563852,-1.4267106,1750,1742,train
1895,0.8711012,0.8569335,0.86279017,0.86015797,0.8616359057603196,-1.5638999,-1.4269177,1750,1742,train
1896,0.8711051,0.8539029,0.86273354,0.85875124,0.8614654426636748,-1.5639471,-1.4282646,1750,1742,train
1897,0.8705573,0.86064315,0.86214185,0.8615113,0.8613162865271125,-1.5639937,-1.4394047,1750,1742,train
1898,0.870581,0.8618562,0.8626965,0.8623424,0.8610135679992877,-1.5640397,-1.4302018,1750,1742,train
1899,0.8699635,0.85968435,0.86260206,0.86132,0.8607725465499229,-1.564085,-1.4275815,1750,1742,train
1900,0.86998713,0.8571112,0.86135334,0.85952955,0.8605834618519452,-1.5641297,-1.445256,1750,1742,train
1901,0.8694904,0.86132336,0.8613531,0.86145425,0.8604376200962636,-1.5641739,-1.441516,1750,1742,train
1902,0.86943716,0.86091065,0.86145407,0.8613175,0.860179620341667,-1.5642174,-1.439886,1750,1742,train
1903,0.8688995,0.8597803,0.8610868,0.86064184,0.8598458453300195,-1.5642605,-1.4379638,1750,1742,train
1904,0.8689376,0.85641193,0.86089665,0.8590536,0.8595228870877876,-1.5643029,-1.4279633,1750,1742,train
1905,0.86832607,0.8553548,0.8609812,0.8586753,0.859337289444465,-1.5643448,-1.4065392,1750,1742,train
1906,0.8684064,0.85577655,0.86052895,0.8586457,0.8591685898050161,-1.5643861,-1.4114876,1750,1742,train
1907,0.8677903,0.85691684,0.85992223,0.858801,0.8590140916576878,-1.564427,-1.4408046,1750,1742,train
1908,0.8678109,0.8571882,0.859558,0.85873896,0.8588757833842141,-1.5644673,-1.4474442,1750,1742,train
1909,0.8673102,0.85348916,0.860374,0.85752285,0.8586217034210948,-1.5645071,-1.4158506,1750,1742,train
1910,0.86723566,0.85643506,0.8600892,0.85870993,0.858357596059593,-1.5645465,-1.4230688,1750,1742,train
1911,0.8672796,0.85451686,0.8593714,0.85744435,0.8580793727699376,-1.5645852,-1.4459684,1750,1742,train
1912,0.8667013,0.8523017,0.8585707,0.8561285,0.8578799257904924,-1.5646236,-1.4266855,1750,1742,train
1913,0.8666914,0.8597403,0.8586625,0.8595102,0.8576902995474126,-1.5646614,-1.4404334,1750,1742,train
1914,0.8661816,0.85352224,0.85857236,0.8566481,0.8573462442459552,-1.5646988,-1.4389334,1750,1742,train
1915,0.8661176,0.8534262,0.8585817,0.8566594,0.8571552898841042,-1.5647358,-1.421578,1750,1742,train
1916,0.86557716,0.8519963,0.8580343,0.85582507,0.8569459101684266,-1.5647722,-1.3996997,1750,1742,train
1917,0.8655531,0.8575649,0.8590329,0.8588758,0.8567905702102906,-1.5648084,-1.3782892,1750,1742,train
1918,0.865015,0.8566585,0.85721815,0.8574426,0.8566326853677916,-1.564844,-1.4432843,1750,1742,train
1919,0.8650575,0.85535485,0.85676515,0.85664403,0.8563516474790092,-1.5648792,-1.4431224,1750,1742,train
1920,0.86442834,0.8516849,0.8578315,0.85559183,0.8561218244245855,-1.564914,-1.3994441,1750,1742,train
1921,0.8644962,0.8537055,0.85716987,0.856132,0.8559017688702059,-1.5649484,-1.4249911,1750,1742,train
1922,0.8644709,0.8507327,0.8575845,0.8549886,0.8556349235495205,-1.5649824,-1.418906,1750,1742,train
1923,0.86389065,0.8597275,0.8556808,0.8580577,0.8554612221651564,-1.565016,-1.4708663,1750,1742,train
1924,0.86392075,0.85041606,0.8554577,0.8537588,0.8552680675779507,-1.5650493,-1.4588845,1750,1742,train
1925,0.8633275,0.85220647,0.8559175,0.8547728,0.855106548145496,-1.5650821,-1.462126,1750,1742,train
1926,0.86333835,0.85231656,0.8555854,0.85467404,0.8548675587461758,-1.5651146,-1.4611638,1750,1742,train
1927,0.86279076,0.85218006,0.85545045,0.8545562,0.8547277863334556,-1.5651467,-1.4591377,1750,1742,train
1928,0.86275715,0.85521305,0.8564751,0.8565428,0.8546001464759486,-1.5651784,-1.4104308,1750,1742,train
1929,0.8622525,0.8554689,0.8543326,0.8554797,0.854446935391484,-1.5652097,-1.4809046,1750,1742,train
1930,0.8622174,0.8524664,0.8544747,0.8541637,0.8541819535351086,-1.5652409,-1.4869483,1750,1742,train
1931,0.86163807,0.8510468,0.85502136,0.85389256,0.8539230365893845,-1.5652715,-1.4426689,1750,1742,train
1932,0.8617233,0.8488388,0.8546964,0.8527023,0.8537034272024148,-1.5653019,-1.4563196,1750,1742,train
1933,0.86109436,0.8482388,0.8534866,0.8518512,0.8535322203863137,-1.5653319,-1.4658006,1750,1742,train
1934,0.8611281,0.8493372,0.852914,0.8520979,0.8533594404458262,-1.5653616,-1.4625916,1750,1742,train
1935,0.8605557,0.85009074,0.8541463,0.8530812,0.8531404591156813,-1.565391,-1.434984,1750,1742,train
1936,0.8605681,0.85053337,0.85342836,0.85295206,0.852876660395776,-1.56542,-1.4359204,1750,1742,train
1937,0.8600519,0.8482076,0.8530259,0.85166246,0.8526477499206092,-1.5654488,-1.4532132,1750,1742,train
1938,0.859995,0.84988594,0.8529147,0.85240906,0.852422449488259,-1.5654773,-1.4409623,1750,1742,train
1939,0.8599941,0.852349,0.8523779,0.85324,0.8522821212033965,-1.5655054,-1.4560838,1750,1742,train
1940,0.8594828,0.84960294,0.85204816,0.8518026,0.851983485599814,-1.5655332,-1.4701483,1750,1742,train
1941,0.8594602,0.85185194,0.85202116,0.85284454,0.8517325633044371,-1.5655608,-1.4585578,1750,1742,train
1942,0.85891515,0.8481982,0.85122514,0.85075414,0.8514802483241033,-1.565588,-1.4827783,1750,1742,train
1943,0.8588931,0.8472705,0.8511778,0.85031515,0.8513400436619393,-1.565615,-1.4813404,1750,1742,train
1944,0.85835516,0.85506296,0.8517864,0.8542519,0.8511682243257246,-1.5656418,-1.439033,1750,1742,train
1945,0.8583723,0.85116345,0.85211736,0.85269386,0.8509692522906266,-1.5656682,-1.4175541,1750,1742,train
1946,0.85778594,0.8473797,0.8510878,0.85042375,0.8506977668342778,-1.5656943,-1.4457114,1750,1742,train
1947,0.85782224,0.8473375,0.85063154,0.850145,0.850434817717837,-1.5657202,-1.463881,1750,1742,train
1948,0.8572588,0.8454463,0.85063136,0.84939086,0.8502463354359805,-1.5657458,-1.4272063,1750,1742,train
1949,0.8572287,0.8492827,0.8504272,0.85105467,0.8501642653025452,-1.5657712,-1.4222703,1750,1742,train
1950,0.8567229,0.8461987,0.8496701,0.84918207,0.8498536690506787,-1.5657964,-1.4664512,1750,1742,train
1951,0.85668457,0.84792525,0.8495912,0.8499463,0.8496129977186926,-1.5658213,-1.4607706,1750,1742,train
1952,0.85615975,0.8453512,0.8488813,0.84845716,0.8494350402435328,-1.5658458,-1.4594383,1750,1742,train
1953,0.8561687,0.8443716,0.8488092,0.8479338,0.8492476123019449,-1.5658703,-1.47576,1750,1742,train
1954,0.8561148,0.84514046,0.8485642,0.84814084,0.8491393334368736,-1.5658944,-1.4868193,1750,1742,train
1955,0.85560113,0.8493878,0.8491643,0.8504782,0.8489967451005982,-1.5659183,-1.4389219,1750,1742,train
1956,0.85557103,0.8482748,0.84933865,0.8500994,0.848788460990359,-1.565942,-1.4226046,1750,1742,train
1957,0.85499924,0.84650075,0.84843,0.84880567,0.8486238623729637,-1.5659654,-1.4480765,1750,1742,train
1958,0.85510385,0.84305984,0.8483902,0.8471923,0.8484412588433939,-1.5659887,-1.4595388,1750,1742,train
1959,0.8544792,0.8430308,0.84794545,0.8469731,0.8482465028948959,-1.5660117,-1.4606731,1750,1742,train
1960,0.85449135,0.8438394,0.84742177,0.84706414,0.8480450861837101,-1.5660344,-1.4740653,1750,1742,train
1961,0.8539089,0.8486618,0.84854233,0.84987247,0.847795445749342,-1.566057,-1.4362183,1750,1742,train
1962,0.85389614,0.8456377,0.84690595,0.8476455,0.8475696089251415,-1.5660794,-1.4741377,1750,1742,train
1963,0.8534041,0.84231126,0.8464444,0.8458577,0.8473789527066714,-1.5661016,-1.4985163,1750,1742,train
1964,0.8533287,0.8430145,0.84623104,0.8461458,0.8472327414181231,-1.5661235,-1.4743582,1750,1742,train
1965,0.8528284,0.84832036,0.84676,0.8488788,0.8470774803221611,-1.5661452,-1.4452361,1750,1742,train
1966,0.85282564,0.8448807,0.8469831,0.847412,0.8468725302418549,-1.5661668,-1.4474185,1750,1742,train
1967,0.8522231,0.8450186,0.8452526,0.8465227,0.8466906345412368,-1.5661881,-1.5064578,1750,1742,train
1968,0.8522724,0.8441425,0.8446507,0.84580517,0.8464719098179372,-1.5662092,-1.5235641,1750,1742,train
1969,0.8516899,0.8423144,0.8457815,0.8456442,0.8462735706337948,-1.5662302,-1.4667263,1750,1742,train
1970,0.8516858,0.8432579,0.8453004,0.84584254,0.8462184685057137,-1.5662509,-1.4706048,1750,1742,train
1971,0.8511422,0.845641,0.8463034,0.8473969,0.8460505076687329,-1.5662714,-1.4653149,1750,1742,train
1972,0.8511445,0.8478608,0.84544003,0.8480247,0.8458534591778173,-1.5662918,-1.460634,1750,1742,train
1973,0.8505856,0.8419379,0.8437492,0.844451,0.845641077334317,-1.5663121,-1.501699,1750,1742,train
1974,0.8506187,0.8403244,0.84408563,0.8438707,0.8455044497514365,-1.5663321,-1.5020255,1750,1742,train
1975,0.8499902,0.8466908,0.8453659,0.8475592,0.8453429714437433,-1.5663519,-1.4257293,1750,1742,train
1976,0.8500754,0.84474534,0.844854,0.84642863,0.845157176169083,-1.5663716,-1.430383,1750,1742,train
1977,0.8494888,0.8424257,0.84290403,0.8442604,0.8449765414302481,-1.5663911,-1.5117931,1750,1742,train
1978,0.84950614,0.84308153,0.8425402,0.84437585,0.8447654048660124,-1.5664104,-1.5180879,1750,1742,train
1979,0.8489421,0.840497,0.8435702,0.8438112,0.8445847745108844,-1.5664295,-1.4665812,1750,1742,train
1980,0.84893095,0.84150624,0.8433398,0.8442116,0.8444005843399357,-1.5664486,-1.4498513,1750,1742,train
1981,0.8484089,0.84621215,0.8417933,0.8454346,0.8442242766399065,-1.5664674,-1.5268221,1750,1742,train
1982,0.84842795,0.8427388,0.8418844,0.8438768,0.8440744336519224,-1.566486,-1.535169,1750,1742,train
1983,0.8478163,0.840815,0.84202164,0.8432051,0.8438772781415819,-1.5665045,-1.4827585,1750,1742,train
1984,0.8478813,0.83953416,0.8416683,0.8424034,0.843671109312417,-1.5665228,-1.5045474,1750,1742,train
1985,0.8478455,0.83934224,0.8419572,0.84245336,0.8434576841290933,-1.5665411,-1.5025166,1750,1742,train
1986,0.84729767,0.8443308,0.8425133,0.8451063,0.8432271258620622,-1.5665591,-1.4538472,1750,1742,train
1987,0.8473091,0.84299445,0.84272987,0.8445578,0.8431041184272163,-1.566577,-1.4682028,1750,1742,train
1988,0.8467125,0.840377,0.8403752,0.8420946,0.8429255707136494,-1.5665947,-1.5436976,1750,1742,train
1989,0.8467582,0.8390695,0.8394213,0.8410289,0.8427053034709079,-1.5666122,-1.5584103,1750,1742,train
1990,0.8462091,0.8389405,0.84151924,0.84210175,0.8424949677952299,-1.5666296,-1.4912367,1750,1742,train
1991,0.84613574,0.84087044,0.8403679,0.8424475,0.8422819922935724,-1.5666469,-1.4934558,1750,1742,train
1992,0.84565973,0.84360826,0.8391167,0.8429222,0.8420562818826836,-1.5666641,-1.5702043,1750,1742,train
1993,0.84563166,0.84198177,0.83922154,0.8422467,0.8418096946172308,-1.5666811,-1.5639613,1750,1742,train
1994,0.845079,0.8386768,0.83934116,0.84090537,0.8415856228878724,-1.566698,-1.5228293,1750,1742,train
1995,0.8450878,0.83700794,0.839058,0.8399705,0.8413755579219668,-1.5667148,-1.5413694,1750,1742,train
1996,0.84454393,0.84192944,0.83984166,0.842736,0.8411451843012122,-1.5667313,-1.4761206,1750,1742,train
1997,0.8439634,0.8401891,0.83982354,0.84183663,0.8409403960643451,-1.5667478,-1.5134301,1750,1742,train
1998,0.84394383,0.8426713,0.838291,0.8422298,0.8407901639943479,-1.5667641,-1.5271479,1750,1742,train
1999,0.84397477,0.8370081,0.8366111,0.83871704,0.8405088615832057,-1.5667803,-1.597476,1750,1742,train
2000,0.8433905,0.8394868,0.83880466,0.84108895,0.8402420843335117,-1.5667963,-1.500118,1750,1742,train
2001,0.8433882,0.8384001,0.8377596,0.8400974,0.8400742507914445,-1.5668123,-1.508346,1750,1742,train
2002,0.84285563,0.8411993,0.8366058,0.8406641,0.8399103943031122,-1.5668281,-1.5784848,1750,1742,train
2003,0.8428123,0.84043145,0.83636886,0.84019506,0.8396701733642836,-1.5668437,-1.583564,1750,1742,train
2004,0.8422854,0.83598524,0.83642757,0.8382566,0.839454363776456,-1.5668594,-1.5616935,1750,1742,train
2005,0.8422666,0.8353234,0.8365222,0.8380342,0.839221836911751,-1.5668747,-1.5477904,1750,1742,train
2006,0.84174556,0.83974576,0.8363858,0.84005713,0.8390269942908712,-1.5668901,-1.5180264,1750,1742,train
2007,0.841242,0.838076,0.83621025,0.83911145,0.8389238879732795,-1.5669053,-1.5599229,1750,1742,train
2008,0.84114826,0.8397117,0.835701,0.8396284,0.8387355348494459,-1.5669204,-1.5575175,1750,1742,train
2009,0.8406151,0.8363322,0.83580655,0.83822817,0.8385415943420091,-1.5669353,-1.523761,1750,1742,train
2010,0.84060055,0.83567727,0.8356924,0.83788127,0.8383167544297604,-1.5669502,-1.5228109,1750,1742,train
2011,0.8400475,0.83646,0.83571756,0.83823717,0.8381419688130249,-1.566965,-1.5270259,1750,1742,train
2012,0.8400767,0.83461404,0.83564305,0.8373907,0.838059298883972,-1.5669795,-1.5172033,1750,1742,train
2013,0.83948,0.8352814,0.8344301,0.8370714,0.8379202124005696,-1.5669941,-1.5442028,1750,1742,train
2014,0.8395032,0.83494693,0.8331602,0.8363054,0.8377756260240943,-1.5670085,-1.5584317,1750,1742,train
2015,0.83889776,0.83372414,0.83298635,0.83565384,0.8375861113880081,-1.5670228,-1.5653296,1750,1742,train
2016,0.83835185,0.8381948,0.83443207,0.8384597,0.8373708952099236,-1.567037,-1.5192616,1750,1742,train
2017,0.83841527,0.8383781,0.8330713,0.8378236,0.8371588685209472,-1.567051,-1.5581836,1750,1742,train
2018,0.83843213,0.8378062,0.83359313,0.83782154,0.8370246834040747,-1.567065,-1.5502261,1750,1742,train
2019,0.837837,0.8346486,0.8332643,0.83628017,0.8369004967614888,-1.5670788,-1.5337086,1750,1742,train
2020,0.8378908,0.83299977,0.83290404,0.8353266,0.8366936354996749,-1.5670927,-1.5497262,1750,1742,train
2021,0.8372877,0.8354077,0.83208644,0.83594465,0.8364492548225001,-1.5671064,-1.5914958,1750,1742,train
2022,0.8372885,0.8379265,0.83141404,0.836751,0.8362540018815121,-1.5671198,-1.6046948,1750,1742,train
2023,0.8367811,0.8296628,0.83113796,0.83290267,0.8361340161924891,-1.5671333,-1.592247,1750,1742,train
2024,0.83672214,0.8352189,0.83440477,0.8370585,0.8360021171241534,-1.5671467,-1.533705,1750,1742,train
2025,0.83564985,0.83520865,0.8320371,0.8358784,0.835713027179658,-1.56716,-1.572354,1750,1742,train
2026,0.8356389,0.83667266,0.83170325,0.83640975,0.8355331546266622,-1.5671731,-1.5648329,1750,1742,train
2027,0.8351253,0.8339163,0.8325618,0.8356521,0.8353371358964741,-1.5671862,-1.5243062,1750,1742,train
2028,0.83505434,0.8359452,0.8320616,0.8363302,0.8351340517214205,-1.5671992,-1.5302291,1750,1742,train
2029,0.83453286,0.8374076,0.8296832,0.83574814,0.8349465836554801,-1.5672121,-1.5960168,1750,1742,train
2030,0.8340068,0.834448,0.8325694,0.83585477,0.8347219121102529,-1.5672249,-1.5406649,1750,1742,train
2031,0.8339441,0.8338115,0.8314159,0.83506167,0.8344640014919324,-1.5672376,-1.5324539,1750,1742,train
2032,0.8339687,0.8319353,0.82940215,0.83323306,0.8342642360490647,-1.5672503,-1.5560653,1750,1742,train
2033,0.83289605,0.83485353,0.82958657,0.8346373,0.8340272551530583,-1.5672628,-1.5579374,1750,1742,train
2034,0.8328438,0.8333991,0.8299985,0.8341745,0.8338939928247414,-1.5672752,-1.5539217,1750,1742,train
2035,0.83228356,0.8339691,0.82959664,0.8343346,0.8336862109317983,-1.5672876,-1.5210155,1750,1742,train
2036,0.83232707,0.8312553,0.8283196,0.83242136,0.8333667977638735,-1.5672998,-1.560159,1750,1742,train
2037,0.83179337,0.82981265,0.8285193,0.83177775,0.8330540497315426,-1.567312,-1.5926882,1750,1742,train
2038,0.83171195,0.8344856,0.8273817,0.8333637,0.8327581341013894,-1.5673242,-1.6002955,1750,1742,train
2039,0.8312013,0.82940906,0.82720166,0.8310284,0.8324950575671777,-1.5673361,-1.5788543,1750,1742,train
2040,0.8311503,0.8279699,0.82830054,0.8309275,0.8321642651085553,-1.5673481,-1.5576873,1750,1742,train
2041,0.8300702,0.83213556,0.8278009,0.8325399,0.8317985809098393,-1.5673599,-1.5784322,1750,1742,train
2042,0.82954574,0.8327682,0.8276368,0.8328466,0.8316041848762442,-1.5673717,-1.5406575,1750,1742,train
2043,0.8295542,0.8288423,0.82693917,0.8307307,0.8313874617060508,-1.5673834,-1.5469878,1750,1742,train
2044,0.82897663,0.82266724,0.83020616,0.8295099,0.8310412392642784,-1.567395,-1.5104746,1750,1742,train
2045,0.82894933,0.82721627,0.8283054,0.83065516,0.8307112379911953,-1.5674065,-1.5310796,1750,1742,train
2046,0.8289878,0.82875824,0.8268961,0.8306445,0.8303890651548137,-1.567418,-1.5583065,1750,1742,train
2047,0.8284577,0.8308712,0.82733506,0.8317579,0.8300977046633902,-1.5674293,-1.5767844,1750,1742,train
2048,0.8278623,0.8248892,0.82596827,0.8283649,0.8298126749982593,-1.5674406,-1.5998529,1750,1742,train
2049,0.8278514,0.8268169,0.8255717,0.8290014,0.8295620498472047,-1.5674518,-1.6246829,1750,1742,train
2050,0.827283,0.8273804,0.828356,0.8306748,0.8292475553106218,-1.567463,-1.5618072,1750,1742,train
2051,0.82678735,0.8284397,0.8244029,0.829177,0.828977889470712,-1.5674741,-1.6375673,1750,1742,train
2052,0.82676226,0.82744026,0.82411826,0.82858366,0.8287182982711546,-1.5674851,-1.6420715,1750,1742,train
2053,0.8262527,0.8287096,0.82441926,0.8292997,0.8284185566152216,-1.5674961,-1.640809,1750,1742,train
2054,0.8261954,0.82667136,0.824176,0.8282787,0.8281710016332788,-1.5675069,-1.6341717,1750,1742,train
2055,0.8256666,0.8231572,0.825118,0.8272309,0.8279135735886031,-1.5675176,-1.5836257,1750,1742,train
2056,0.825646,0.82378274,0.8253753,0.8275686,0.8276505677337355,-1.5675284,-1.6101713,1750,1742,train
2057,0.8250932,0.82603,0.8229371,0.82732177,0.8273619382607386,-1.567539,-1.6806033,1750,1742,train
2058,0.82506996,0.82690763,0.8225747,0.82753605,0.8270225963677905,-1.5675496,-1.6897355,1750,1742,train
2059,0.82455784,0.81936145,0.82253736,0.82417905,0.8267466034669588,-1.5675601,-1.6504811,1750,1742,train
2060,0.8244894,0.82056886,0.82250607,0.82469606,0.8265455593681704,-1.5675706,-1.6580061,1750,1742,train
2061,0.8234077,0.8265468,0.8233842,0.8278116,0.8262786058696922,-1.5675809,-1.6567214,1750,1742,train
2062,0.8234306,0.8284052,0.8220806,0.82802725,0.8259871615680544,-1.5675912,-1.6728914,1750,1742,train
2063,0.82344866,0.82582885,0.8215219,0.8266089,0.8256966854432837,-1.5676014,-1.6704067,1750,1742,train
2064,0.8228987,0.82145655,0.82179517,0.82483166,0.8254726871973838,-1.5676116,-1.6329746,1750,1742,train
2065,0.8223006,0.8252843,0.82069904,0.8259353,0.8250985454426294,-1.5676217,-1.6949911,1750,1742,train
2066,0.82231444,0.8260425,0.8203429,0.8261074,0.8248800690393894,-1.5676317,-1.6999025,1750,1742,train
2067,0.8217461,0.81841797,0.82041234,0.8227234,0.8246447960043194,-1.5676417,-1.6785238,1750,1742,train
2068,0.8217876,0.8191079,0.8191645,0.8224283,0.8244138167029518,-1.5676516,-1.6978493,1750,1742,train
2069,0.8206609,0.82783544,0.8201715,0.82685703,0.8241094511190558,-1.5676615,-1.6933872,1750,1742,train
2070,0.8206527,0.8247582,0.8192507,0.8249952,0.8238869885922492,-1.5676713,-1.7157744,1750,1742,train
2071,0.82010245,0.8207116,0.81984216,0.8235218,0.8236250002920437,-1.5676811,-1.6707208,1750,1742,train
2072,0.819552,0.81753445,0.8210806,0.822672,0.8233504158572438,-1.5676907,-1.6574904,1750,1742,train
2073,0.819553,0.8192889,0.8201779,0.82303303,0.8231318381359634,-1.5677004,-1.6687465,1750,1742,train
2074,0.81900316,0.81825066,0.816509,0.82074755,0.8228146320396446,-1.5677099,-1.7397568,1750,1742,train
2075,0.8178482,0.82005596,0.8212908,0.8239468,0.8225219211639445,-1.5677195,-1.641789,1750,1742,train
2076,0.8173488,0.819901,0.8159359,0.82132065,0.8222933421332114,-1.5677289,-1.6979289,1750,1742,train
2077,0.81678706,0.8165067,0.8192855,0.8213803,0.8220385029233754,-1.5677382,-1.6616342,1750,1742,train
2078,0.8167642,0.8186877,0.8184939,0.82201296,0.8218175155866317,-1.5677476,-1.660319,1750,1742,train
2079,0.8162154,0.816519,0.8183016,0.821015,0.8216008839230259,-1.5677568,-1.627496,1750,1742,train
2080,0.8162124,0.8162973,0.8182644,0.8208744,0.8213886079325736,-1.5677661,-1.6376666,1750,1742,train
2081,0.81566334,0.8256966,0.81713647,0.82448906,0.8211806876152751,-1.5677751,-1.7017689,1750,1742,train
2082,0.81513536,0.81707966,0.81964505,0.8217999,0.8209771229711302,-1.5677843,-1.6634045,1750,1742,train
2083,0.81508636,0.81858003,0.8184395,0.82193303,0.8207779140001391,-1.5677934,-1.6632398,1750,1742,train
2084,0.8145277,0.8210669,0.81500643,0.8214464,0.8205830607023016,-1.5678023,-1.688825,1750,1742,train
2085,0.8140027,0.814767,0.81486124,0.81856364,0.8203925630776178,-1.5678113,-1.6691071,1750,1742,train
2086,0.8139986,0.8177819,0.81727004,0.82113415,0.8202064211260877,-1.5678202,-1.6208804,1750,1742,train
2087,0.8134111,0.8175777,0.81544244,0.82033116,0.8200246348477112,-1.567829,-1.5700854,1750,1742,train
2088,0.81290007,0.81864715,0.8131129,0.81963116,0.8198472042424885,-1.5678377,-1.623435,1750,1742,train
2089,0.8128993,0.817624,0.81275445,0.8189968,0.8196741293104193,-1.5678465,-1.6265836,1750,1742,train
2090,0.8123447,0.8194095,0.8174567,0.8220517,0.8195054100515039,-1.5678551,-1.5809925,1750,1742,train
2091,0.8123226,0.81176925,0.8132214,0.8165773,0.8193410464657421,-1.5678638,-1.6159432,1750,1742,train
2092,0.81123435,0.81632316,0.81318235,0.8185754,0.8191810385531341,-1.5678724,-1.6379323,1750,1742,train
2093,0.8106671,0.8162164,0.81447977,0.8190944,0.8190253863136797,-1.5678809,-1.6478533,1750,1742,train
2094,0.8106571,0.8180959,0.81430614,0.8198778,0.8188740897473791,-1.5678893,-1.6436017,1750,1742,train
2095,0.80956244,0.81248486,0.8109336,0.81572396,0.818727148854232,-1.5678978,-1.6782528,1750,1742,train
2096,0.8079142,0.8173923,0.81091756,0.8179596,0.8185845636342387,-1.5679061,-1.670613,1750,1742,train
2097,0.8073489,0.81234574,0.8121112,0.8162624,0.8184463340873991,-1.5679145,-1.6476433,1750,1742,train
2098,0.80676407,0.81535506,0.81336147,0.8183132,0.8183124602137131,-1.5679228,-1.5964854,1750,1742,train
2099,0.8056288,0.811338,0.80935234,0.8147022,0.8181829420131808,-1.567931,-1.5824778,1750,1742,train
2100,0.80460006,0.8141284,0.8104981,0.8165189,0.8180577794858022,-1.5679392,-1.5699837,1750,1742,train
2101,0.80399454,0.81810236,0.8116793,0.81906074,0.8179369726315772,-1.5679474,-1.4909215,1750,1742,train
2102,0.80399364,0.8189198,0.8097389,0.8186188,0.817820521450506,-1.5679554,-1.465286,1750,1742,train
