cycle_index,true_soh,pred_soh_deepopinn,pred_soh_lax,pred_soh_fusion_raw,pred_soh_fusion_post,true_kpd,pred_kpd,true_knee_cycle,pred_knee_cycle,split
0,1.114295,1.0697244,1.0738372,1.0695693,1.0676267752728414,1.5701296,1.5140381,1500,1467,train
1,1.1137916,1.0648764,1.0719311,1.0664959,1.0678275783941524,1.5701292,1.5145557,1500,1467,train
2,1.1132003,1.0680009,1.0736418,1.0686126,1.0680248673531711,1.5701288,1.4942482,1500,1467,train
3,1.1126943,1.0642332,1.0717584,1.0660563,1.0682186421498976,1.5701283,1.4983836,1500,1467,train
4,1.112653,1.0645583,1.072426,1.066444,1.0684089027843322,1.5701278,1.4831492,1500,1467,train
5,1.112133,1.0669425,1.0720708,1.0673282,1.0685956492564743,1.5701275,1.4742181,1500,1467,train
6,1.1121275,1.0674205,1.072873,1.0679281,1.0687788815663244,1.570127,1.4779538,1500,1467,train
7,1.1114511,1.0646814,1.0717716,1.0661364,1.0689585997138824,1.5701265,1.4680519,1500,1467,train
8,1.1109598,1.0677214,1.0727607,1.0684063,1.0691348036991482,1.570126,1.57251,1500,1467,train
9,1.1109492,1.0682888,1.0743536,1.0694685,1.0693074935221216,1.5701256,1.5918975,1500,1467,train
10,1.1109452,1.0684168,1.0741811,1.0693696,1.069476669182803,1.5701252,1.5721532,1500,1467,train
11,1.1104465,1.070539,1.0768958,1.0716077,1.0696423306811922,1.5701247,1.5806844,1500,1467,train
12,1.1104031,1.0719477,1.0758051,1.071854,1.0698044780172893,1.5701243,1.6068845,1500,1467,train
13,1.1103233,1.0696217,1.0762982,1.0709654,1.069963111191094,1.5701238,1.5927278,1500,1467,train
14,1.1097939,1.0710357,1.07419,1.0706793,1.0701182302026069,1.5701234,1.6010257,1500,1467,train
15,1.1098757,1.0688078,1.0738379,1.069505,1.0702698350518274,1.570123,1.6009812,1500,1467,train
16,1.1093001,1.0724527,1.0767363,1.072016,1.0704179257387558,1.5701225,1.4862111,1500,1467,train
17,1.1093712,1.0712806,1.0761373,1.0711716,1.070562502263392,1.570122,1.4773644,1500,1467,train
18,1.1092075,1.0708611,1.0765226,1.0711771,1.0707035646257361,1.5701215,1.48213,1500,1467,train
19,1.1091976,1.0731409,1.0755427,1.0717465,1.070841112825788,1.570121,1.4774051,1500,1467,train
20,1.1085583,1.0687522,1.0736587,1.0688998,1.0709751468635476,1.5701207,1.4796478,1500,1467,train
21,1.1085048,1.0708073,1.0748998,1.0704237,1.071105666739015,1.5701202,1.4848865,1500,1467,train
22,1.1084405,1.0693934,1.0743141,1.069455,1.0712326724521906,1.5701197,1.4713465,1500,1467,train
23,1.1084788,1.0681856,1.0746945,1.069101,1.0713561640030738,1.5701193,1.4764034,1500,1467,train
24,1.1078961,1.0766969,1.07737,1.0744897,1.0714761413916647,1.5701188,1.5470849,1500,1467,train
25,1.1078842,1.0767602,1.0769018,1.0743088,1.0715926046179427,1.5701183,1.54804,1500,1467,train
26,1.1079217,1.0752199,1.0770234,1.0736486,1.0717779468276385,1.570118,1.5443373,1500,1467,train
27,1.1073215,1.0673438,1.0727475,1.0680957,1.0720439440542482,1.5701175,1.5397599,1500,1467,train
28,1.1073306,1.0674505,1.0729417,1.0682886,1.0722874327638245,1.570117,1.553387,1500,1467,train
29,1.1071848,1.0715927,1.0744323,1.0708566,1.0724712500186087,1.5701165,1.5542377,1500,1467,train
30,1.1071696,1.0711306,1.0752676,1.0710374,1.0724690459900805,1.570116,1.5566651,1500,1467,train
31,1.1071566,1.0723896,1.0752677,1.0716157,1.0725032644889,1.5701156,1.558039,1500,1467,train
32,1.1065934,1.0753274,1.07623,1.0733008,1.0725654296587057,1.5701151,1.5358963,1500,1467,train
33,1.1066357,1.0741391,1.0756078,1.0724773,1.072489654394905,1.5701146,1.5361335,1500,1467,train
34,1.1061349,1.0787715,1.0787095,1.0759736,1.072468358716084,1.5701143,1.5298576,1500,1467,train
35,1.1058989,1.0677028,1.0744284,1.0690035,1.0725055695681531,1.5701138,1.5342528,1500,1467,train
36,1.1060133,1.0773131,1.0779088,1.0749612,1.0724885156031347,1.5701133,1.5337495,1500,1467,train
37,1.1054628,1.0766855,1.077053,1.0742434,1.0724712936747682,1.5701128,1.523652,1500,1467,train
38,1.1054883,1.0744197,1.0752296,1.0724045,1.0724713905510483,1.5701123,1.5293896,1500,1467,train
39,1.1048505,1.0775157,1.0768218,1.0745127,1.0725019544935919,1.5701119,1.5229926,1500,1467,train
40,1.1048745,1.0767243,1.0780165,1.0747361,1.0725054818319089,1.5701114,1.5322024,1500,1467,train
41,1.1049196,1.0758554,1.0770378,1.0738273,1.072442867166748,1.5701109,1.516041,1500,1467,train
42,1.104903,1.0753502,1.0763592,1.0733061,1.0726532941469291,1.5701104,1.520443,1500,1467,train
43,1.1041573,1.0756577,1.0759834,1.0732434,1.0727918896740458,1.57011,1.5129972,1500,1467,train
44,1.1042563,1.0747402,1.0750622,1.0724412,1.0728437548793377,1.5701095,1.5215398,1500,1467,train
45,1.1042335,1.0754555,1.0758349,1.0731113,1.0729257733924966,1.570109,1.5196339,1500,1467,train
46,1.1042604,1.0735822,1.0738956,1.0713806,1.072897042322819,1.5701085,1.5211763,1500,1467,train
47,1.1042736,1.0717186,1.0735148,1.0703765,1.0727932464252954,1.570108,1.5253664,1500,1467,train
48,1.103682,1.0774177,1.0774393,1.0747403,1.072740836903189,1.5701076,1.520658,1500,1467,train
49,1.1037452,1.0764987,1.0769101,1.0740477,1.0726095379868918,1.5701071,1.5127228,1500,1467,train
50,1.1035885,1.0734849,1.0774602,1.072931,1.0725873641895842,1.5701066,1.5134511,1500,1467,train
51,1.1037499,1.0742345,1.0769438,1.0730332,1.072614199440305,1.5701061,1.5127372,1500,1467,train
52,1.1033278,1.0711426,1.0734042,1.0700146,1.0726089789164122,1.5701057,1.5135067,1500,1467,train
53,1.1033137,1.0714725,1.0734936,1.0702106,1.0725846953666043,1.5701052,1.5147138,1500,1467,train
54,1.1032951,1.066103,1.0731561,1.0675639,1.072512290453916,1.5701047,1.5028439,1500,1467,train
55,1.1027225,1.074791,1.0764921,1.0730588,1.0724492085614605,1.5701042,1.507647,1500,1467,train
56,1.1027119,1.0736758,1.0757883,1.0720263,1.0724163953816384,1.5701038,1.4599234,1500,1467,train
57,1.1026119,1.0714334,1.0755154,1.0708938,1.0723232955024502,1.5701033,1.4626658,1500,1467,train
58,1.102717,1.0744121,1.0769295,1.0729381,1.0723005590299517,1.5701028,1.472843,1500,1467,train
59,1.1026807,1.0744151,1.0764261,1.072698,1.0722333207837986,1.5701023,1.4701257,1500,1467,train
60,1.1027167,1.0717592,1.0758406,1.0712407,1.0722972056682354,1.5701019,1.4743036,1500,1467,train
61,1.1026851,1.0750268,1.0754647,1.0725033,1.0721485484169742,1.5701014,1.4622867,1500,1467,train
62,1.1020731,1.0773209,1.0782392,1.0748047,1.0720574843140487,1.5701009,1.4603301,1500,1467,train
63,1.1021534,1.0780526,1.0777615,1.0749829,1.0719374217825703,1.5701004,1.4750254,1500,1467,train
64,1.1020972,1.0745423,1.0775629,1.073352,1.0718098074564104,1.5701,1.4881539,1500,1467,train
65,1.1021127,1.0769957,1.0766188,1.0740464,1.0717308728561692,1.5700995,1.4903866,1500,1467,train
66,1.1020656,1.0781351,1.0778579,1.0751879,1.071719541730896,1.570099,1.5040494,1500,1467,train
67,1.1020157,1.0663781,1.0739936,1.068025,1.0716791984656655,1.5700985,1.4919016,1500,1467,train
68,1.1019934,1.0692327,1.0727991,1.0687515,1.0715720969641258,1.570098,1.4855986,1500,1467,train
69,1.101569,1.071806,1.0753857,1.0710664,1.0716462606546358,1.5700976,1.4771013,1500,1467,train
70,1.1015635,1.0704519,1.0747315,1.0701835,1.071562004390672,1.570097,1.4845068,1500,1467,train
71,1.1016054,1.0707831,1.0748471,1.0703789,1.0715193961975424,1.5700965,1.4826113,1500,1467,train
72,1.1010907,1.0767803,1.076594,1.0739655,1.0714358361937022,1.570096,1.4970772,1500,1467,train
73,1.1011488,1.0708222,1.0756928,1.0708499,1.0714007327827981,1.5700955,1.4983954,1500,1467,train
74,1.1010844,1.0738497,1.076392,1.0724754,1.0714947242542625,1.5700951,1.4817985,1500,1467,train
75,1.1010998,1.0771673,1.0768929,1.0742776,1.0715799802680444,1.5700946,1.4969957,1500,1467,train
76,1.1010978,1.0755097,1.0760034,1.0731204,1.0716004726470658,1.5700941,1.497617,1500,1467,train
77,1.1010703,1.0774107,1.0763365,1.0741432,1.071653590231688,1.5700936,1.4990608,1500,1467,train
78,1.1005425,1.0693256,1.0728399,1.068799,1.0715746807591202,1.570093,1.4825068,1500,1467,train
79,1.1005057,1.0701088,1.0728865,1.0691686,1.0715150366461308,1.5700926,1.4806511,1500,1467,train
80,1.1004528,1.0722897,1.073254,1.0703862,1.0714199029617952,1.5700921,1.4941585,1500,1467,train
81,1.1004515,1.0690035,1.0729884,1.0687375,1.0713279628546077,1.5700916,1.4865186,1500,1467,train
82,1.1004596,1.0714643,1.0747,1.0706733,1.0712098589288672,1.5700911,1.4947531,1500,1467,train
83,1.1004449,1.070813,1.0731165,1.0696044,1.071091613954957,1.5700907,1.4830878,1500,1467,train
84,1.1005144,1.0706874,1.0739485,1.0699601,1.0710088901766468,1.57009,1.4908248,1500,1467,train
85,1.1004941,1.0692718,1.0731956,1.068899,1.0709419130439028,1.5700896,1.4736807,1500,1467,train
86,1.1004664,1.0692768,1.0724384,1.068592,1.0708544523238535,1.5700891,1.4821246,1500,1467,train
87,1.0998309,1.073447,1.0763184,1.0723002,1.0707810687522838,1.5700886,1.4915366,1500,1467,train
88,1.0998477,1.076287,1.07561,1.0732548,1.0708797920621882,1.5700881,1.488291,1500,1467,train
89,1.0998218,1.0746541,1.0746872,1.0720998,1.0710514058380503,1.5700876,1.4903848,1500,1467,train
90,1.0999086,1.0750525,1.0760943,1.0729902,1.071157896058849,1.5700871,1.5062096,1500,1467,train
91,1.0999514,1.0738406,1.0742582,1.0715398,1.0713332872751924,1.5700866,1.4917467,1500,1467,train
92,1.0994468,1.074372,1.0749449,1.0720998,1.071522667747162,1.5700861,1.4929026,1500,1467,train
93,1.0993878,1.076818,1.0776147,1.0744877,1.0714280672792906,1.5700856,1.5063539,1500,1467,train
94,1.0994456,1.0688698,1.0725679,1.068517,1.0713055362522776,1.570085,1.4940771,1500,1467,train
95,1.0994436,1.0751677,1.0763646,1.0731307,1.071178673355876,1.5700846,1.4978454,1500,1467,train
96,1.0994639,1.0747612,1.0763402,1.0728457,1.0710741853456722,1.5700841,1.4769857,1500,1467,train
97,1.0994722,1.0742021,1.0769023,1.072826,1.0709572660306885,1.5700836,1.4718957,1500,1467,train
98,1.0989013,1.0706006,1.0740992,1.0699421,1.0709495751886544,1.570083,1.4797488,1500,1467,train
99,1.0988097,1.0703098,1.0739996,1.0697234,1.0709075777497352,1.5700825,1.470211,1500,1467,train
100,1.0987332,1.0694976,1.0743526,1.0694677,1.070885613546817,1.5700821,1.4593048,1500,1467,train
101,1.0987799,1.071449,1.0748572,1.0706327,1.0709237655930708,1.5700815,1.4701262,1500,1467,train
102,1.0988125,1.069765,1.0743518,1.0696547,1.0710568831307983,1.570081,1.4744824,1500,1467,train
103,1.0988623,1.0732458,1.0736654,1.0708994,1.0711057138360696,1.5700805,1.4686477,1500,1467,train
104,1.098812,1.0726427,1.0723947,1.0699837,1.0710059128038756,1.57008,1.4545712,1500,1467,train
105,1.0987754,1.067232,1.0723244,1.0675105,1.0709139654440625,1.5700794,1.4591658,1500,1467,train
106,1.0987802,1.0753746,1.0748109,1.0723823,1.0708267447275848,1.570079,1.4667376,1500,1467,train
107,1.0982903,1.0754869,1.0753928,1.072667,1.0708363702735557,1.5700785,1.459358,1500,1467,train
108,1.0982519,1.0738298,1.074817,1.0716856,1.0707844718509163,1.5700779,1.4674567,1500,1467,train
109,1.0982667,1.0753138,1.0756601,1.0727658,1.0706918188857317,1.5700774,1.4721625,1500,1467,train
110,1.0982627,1.0750122,1.0754561,1.0724877,1.0706450052473264,1.570077,1.4611192,1500,1467,train
111,1.0982468,1.0740467,1.0752225,1.071978,1.0706270572382879,1.5700763,1.4694226,1500,1467,train
112,1.0982825,1.0756294,1.0758716,1.0730478,1.070517091165791,1.5700759,1.481903,1500,1467,train
113,1.0977806,1.071164,1.0735468,1.0699499,1.0704648279679636,1.5700754,1.4806042,1500,1467,train
114,1.0978279,1.0678445,1.0722362,1.0678618,1.0704741686661332,1.5700748,1.4853418,1500,1467,train
115,1.0978793,1.0689505,1.0723232,1.0684,1.070438700255928,1.5700743,1.4842627,1500,1467,train
116,1.0978905,1.0655469,1.0716645,1.0665414,1.0704020986945832,1.5700738,1.4820604,1500,1467,train
117,1.0979269,1.0674188,1.0711633,1.0670998,1.0703320544250057,1.5700732,1.4671268,1500,1467,train
118,1.0978304,1.0713149,1.0717877,1.0691767,1.070290580336172,1.5700728,1.4715981,1500,1467,train
119,1.0978179,1.0715702,1.0735596,1.0701284,1.0703368876570905,1.5700722,1.4777904,1500,1467,train
120,1.0972718,1.0749091,1.075272,1.0724794,1.0702168935746252,1.5700717,1.4896078,1500,1467,train
121,1.0972463,1.073544,1.07333,1.0709362,1.0702606183912249,1.5700712,1.481217,1500,1467,train
122,1.0972323,1.0732952,1.074685,1.0714793,1.070311648669763,1.5700706,1.4900563,1500,1467,train
123,1.0973088,1.0739064,1.0746391,1.0717325,1.0703495412686046,1.5700701,1.4891526,1500,1467,train
124,1.0972672,1.0721673,1.0727433,1.0700703,1.0703360443814471,1.5700696,1.4878031,1500,1467,train
125,1.0972391,1.073471,1.0737559,1.0711079,1.070286250475701,1.5700691,1.4836863,1500,1467,train
126,1.096851,1.0723548,1.0756105,1.0714447,1.0702098980179577,1.5700685,1.4831891,1500,1467,train
127,1.0967262,1.0675099,1.0714966,1.06736,1.0702073207843474,1.570068,1.4825714,1500,1467,train
128,1.0967785,1.073304,1.0749723,1.0715699,1.0702039742594323,1.5700674,1.4796543,1500,1467,train
129,1.0967638,1.0727055,1.0756348,1.0716044,1.0702365840093266,1.5700669,1.4806291,1500,1467,train
130,1.0967423,1.0727962,1.0754184,1.0715415,1.0702317942632915,1.5700665,1.4793993,1500,1467,train
131,1.0966815,1.0748996,1.0757407,1.0726744,1.0701339485291415,1.5700659,1.4861786,1500,1467,train
132,1.0967419,1.0684754,1.0706255,1.0673513,1.0701461176107463,1.5700654,1.4709021,1500,1467,train
133,1.0967973,1.0721344,1.0745807,1.0708356,1.0701728936928976,1.5700648,1.474179,1500,1467,train
134,1.0962651,1.0742255,1.0729028,1.0710577,1.0701487905649687,1.5700643,1.482758,1500,1467,train
135,1.0963105,1.0717405,1.0721499,1.0695665,1.0702159618822975,1.5700637,1.4787675,1500,1467,train
136,1.0963221,1.0671062,1.0707806,1.0667456,1.070253423147049,1.5700632,1.4585515,1500,1467,train
137,1.0962262,1.0692109,1.072651,1.068557,1.0702671656838099,1.5700626,1.4585342,1500,1467,train
138,1.0963178,1.0723199,1.0725108,1.0699601,1.0702691378956457,1.5700622,1.4707209,1500,1467,train
139,1.0963284,1.0704805,1.0722152,1.0689943,1.070223291324342,1.5700616,1.4720591,1500,1467,train
140,1.0962592,1.0727091,1.0711681,1.0694901,1.07010716050689,1.5700611,1.4628918,1500,1467,train
141,1.0957457,1.0727417,1.0738394,1.0707144,1.069993218367566,1.5700605,1.4605145,1500,1467,train
142,1.0957321,1.072983,1.0737172,1.0707811,1.069810553694261,1.5700599,1.4634821,1500,1467,train
143,1.0956779,1.0728403,1.0735644,1.0706726,1.0696299869467627,1.5700594,1.4695169,1500,1467,train
144,1.095742,1.0715626,1.0747535,1.0706755,1.0695001799813426,1.5700588,1.4790581,1500,1467,train
145,1.0956968,1.072541,1.0738125,1.0705968,1.0693776288219494,1.5700583,1.4573226,1500,1467,train
146,1.0957277,1.0710104,1.0733176,1.0696788,1.069321161866445,1.5700577,1.458272,1500,1467,train
147,1.0957017,1.0711044,1.0727948,1.0695025,1.0692535968579326,1.5700573,1.4627627,1500,1467,train
148,1.0957955,1.0720937,1.0735284,1.0703449,1.069214218105454,1.5700567,1.4760752,1500,1467,train
149,1.0957342,1.0709424,1.0726036,1.0693376,1.0691077114325909,1.5700561,1.4618922,1500,1467,train
150,1.0956315,1.0714889,1.0738512,1.0701681,1.0690424030057877,1.5700556,1.4647319,1500,1467,train
151,1.0956552,1.0713841,1.0751504,1.070717,1.0690512581776894,1.570055,1.4655199,1500,1467,train
152,1.0951204,1.0714365,1.07191,1.0692809,1.0689814159285567,1.5700545,1.4699875,1500,1467,train
153,1.0950541,1.070025,1.0705537,1.0679883,1.0689053293986055,1.5700539,1.462814,1500,1467,train
154,1.0951412,1.0695727,1.0700828,1.0675434,1.0688993023077213,1.5700533,1.4572569,1500,1467,train
155,1.0951831,1.0692745,1.070078,1.0674256,1.0688853515401517,1.5700529,1.4618725,1500,1467,train
156,1.0951251,1.0682956,1.0707505,1.0672996,1.0687891585513065,1.5700523,1.4646821,1500,1467,train
157,1.0951406,1.0704052,1.0701619,1.0679259,1.068804215695246,1.5700517,1.4498831,1500,1467,train
158,1.0951457,1.0699755,1.0702589,1.0677823,1.0686808325495711,1.5700512,1.4516172,1500,1467,train
159,1.0948924,1.0708473,1.071153,1.0686285,1.068611350574462,1.5700506,1.4611098,1500,1467,train
160,1.0950489,1.0681131,1.0696739,1.0666436,1.068601947186717,1.57005,1.4460708,1500,1467,train
161,1.0950799,1.0696796,1.0697995,1.0674036,1.0685310695078745,1.5700495,1.4438012,1500,1467,train
162,1.0950177,1.0698293,1.070475,1.0678045,1.0683083191644425,1.5700489,1.4493237,1500,1467,train
163,1.0944443,1.0718138,1.0726589,1.0696907,1.0681416310389837,1.5700483,1.4462031,1500,1467,train
164,1.0945495,1.0696672,1.0722965,1.0685284,1.068046601129833,1.5700479,1.4415815,1500,1467,train
165,1.0945437,1.06979,1.0721742,1.0685266,1.0679235804291092,1.5700473,1.4411767,1500,1467,train
166,1.0945625,1.0700661,1.0719345,1.068541,1.0678203955450112,1.5700467,1.4407933,1500,1467,train
167,1.0945497,1.0697623,1.0720083,1.0684197,1.0677033340612916,1.5700462,1.4369776,1500,1467,train
168,1.0945113,1.0693966,1.0714952,1.0681354,1.0676530678114506,1.5700456,1.4635094,1500,1467,train
169,1.0945252,1.0686506,1.0717903,1.0679226,1.0675276822256676,1.570045,1.4616222,1500,1467,train
170,1.0945247,1.0694882,1.0720178,1.0683888,1.0674737756871873,1.5700444,1.4573236,1500,1467,train
171,1.09449,1.0702455,1.071845,1.0686713,1.067409508230819,1.5700439,1.4612211,1500,1467,train
172,1.0939319,1.0695778,1.0703527,1.0677164,1.0673843471511593,1.5700433,1.468171,1500,1467,train
173,1.0939674,1.0691005,1.0699998,1.0673109,1.0673526436716019,1.5700427,1.4619153,1500,1467,train
174,1.0939922,1.0716584,1.07368,1.0701963,1.0673381251714444,1.5700421,1.4714757,1500,1467,train
175,1.0939273,1.069149,1.0700454,1.0673777,1.0672490307098044,1.5700417,1.4674022,1500,1467,train
176,1.0939318,1.0668389,1.0684849,1.0656581,1.0672579162800886,1.5700411,1.4775543,1500,1467,train
177,1.0941159,1.070254,1.0717719,1.068723,1.0672883772547948,1.5700405,1.4800065,1500,1467,train
178,1.094004,1.0649041,1.0677468,1.0644482,1.0672791267851156,1.5700399,1.4792943,1500,1467,train
179,1.093512,1.0667564,1.0685184,1.0656142,1.0672452346652326,1.5700393,1.4725428,1500,1467,train
180,1.0934596,1.0670284,1.0687388,1.0658433,1.0672388113936193,1.5700388,1.4736278,1500,1467,train
181,1.0933939,1.0697821,1.0724858,1.0688503,1.0672967072405033,1.5700382,1.4837096,1500,1467,train
182,1.0933552,1.0678387,1.0699662,1.0667094,1.0673955046967551,1.5700376,1.4591123,1500,1467,train
183,1.0933841,1.0663345,1.0697187,1.0659187,1.067451204218663,1.570037,1.4606249,1500,1467,train
184,1.0933892,1.0676508,1.0710629,1.0673107,1.0675099699998536,1.5700364,1.5024114,1500,1467,train
185,1.0934246,1.0657198,1.0691844,1.0655886,1.0674558398936649,1.5700358,1.505752,1500,1467,train
186,1.093356,1.0669191,1.0692292,1.0660663,1.067358043591313,1.5700353,1.4849712,1500,1467,train
187,1.0932976,1.0693024,1.0711576,1.0681297,1.067342942907321,1.5700347,1.508223,1500,1467,train
188,1.0933242,1.0685123,1.0714153,1.0678475,1.0673669516917184,1.5700341,1.4986421,1500,1467,train
189,1.0932723,1.0665044,1.0711035,1.0668206,1.0673851137774086,1.5700336,1.5054948,1500,1467,train
190,1.0933291,1.0669085,1.0705847,1.0667604,1.0673451983036608,1.570033,1.5037837,1500,1467,train
191,1.0932027,1.066152,1.0707107,1.0664798,1.067326424283791,1.5700324,1.5052164,1500,1467,train
192,1.0931299,1.0697888,1.0713063,1.0684235,1.0673466092254866,1.5700318,1.5093261,1500,1467,train
193,1.0929997,1.0673107,1.069878,1.0666366,1.067315885438971,1.5700312,1.5075531,1500,1467,train
194,1.0930632,1.0716605,1.0721684,1.0696263,1.0672676215995367,1.5700307,1.4993541,1500,1467,train
195,1.0931075,1.0685719,1.0713454,1.0678817,1.0672647642488027,1.5700301,1.5078689,1500,1467,train
196,1.0929933,1.0710386,1.0707759,1.0687563,1.0672162187666547,1.5700295,1.5108491,1500,1467,train
197,1.0930916,1.0683827,1.0695363,1.0669408,1.067208352889558,1.5700289,1.5010369,1500,1467,train
198,1.0929531,1.0682062,1.070282,1.067172,1.0671838857937885,1.5700283,1.494225,1500,1467,train
199,1.0927595,1.0683852,1.0714364,1.067784,1.0671694922002546,1.5700277,1.495018,1500,1467,train
200,1.0927453,1.0713527,1.0728508,1.069927,1.0672094124775844,1.5700271,1.5301895,1500,1467,train
201,1.0930227,1.0689673,1.071247,1.0680696,1.0672053366561083,1.5700265,1.5205109,1500,1467,train
202,1.092709,1.0698835,1.0712582,1.068533,1.0671549163001317,1.5700259,1.5304759,1500,1467,train
203,1.0924011,1.0694228,1.0730478,1.0691198,1.067180439549326,1.5700253,1.5255423,1500,1467,train
204,1.0924661,1.0698421,1.0725795,1.0691328,1.0670929943335856,1.5700247,1.5342393,1500,1467,train
205,1.092376,1.0688409,1.0710245,1.0679338,1.0670820466685957,1.5700241,1.5260983,1500,1467,train
206,1.0923941,1.065292,1.0689012,1.0653896,1.0670466569815062,1.5700235,1.5356867,1500,1467,train
207,1.0924203,1.0625337,1.0667812,1.0631547,1.0671621637545687,1.570023,1.5327685,1500,1467,train
208,1.0924126,1.0646341,1.0678945,1.064512,1.0671875305970928,1.5700223,1.5072484,1500,1467,train
209,1.0923941,1.0637693,1.0669078,1.0636585,1.0671543636857306,1.5700217,1.5049936,1500,1467,train
210,1.0923715,1.068929,1.071637,1.0681818,1.067137200258994,1.5700212,1.5089365,1500,1467,train
211,1.0923556,1.0673136,1.0724896,1.067829,1.0670396448998696,1.5700206,1.5072505,1500,1467,train
212,1.0923146,1.0659807,1.0689911,1.0655556,1.0669576024363066,1.57002,1.4907956,1500,1467,train
213,1.0923822,1.0654455,1.0665075,1.064169,1.0668812933539065,1.5700194,1.4887042,1500,1467,train
214,1.0918325,1.0672718,1.0687987,1.0660949,1.066795488025317,1.5700188,1.5001671,1500,1467,train
215,1.0917796,1.0687222,1.0696428,1.0671291,1.0667218684437094,1.5700182,1.4975516,1500,1467,train
216,1.0918025,1.0677658,1.0693487,1.0665857,1.0666253680526403,1.5700175,1.5036812,1500,1467,train
217,1.0918517,1.0654578,1.0688158,1.0652913,1.0664737873210677,1.5700169,1.5034082,1500,1467,train
218,1.0919092,1.0677953,1.0701478,1.0669556,1.0663845058302615,1.5700163,1.5017163,1500,1467,train
219,1.0913645,1.0682219,1.0709492,1.0675159,1.0662735543619886,1.5700157,1.5017741,1500,1467,train
220,1.0913936,1.0666274,1.0690016,1.0658652,1.0662424473717047,1.5700151,1.4932896,1500,1467,train
221,1.0914962,1.0698764,1.0704857,1.068074,1.0663016478783844,1.5700145,1.5058202,1500,1467,train
222,1.0914884,1.069161,1.0697025,1.0673996,1.066368795736738,1.5700139,1.5078684,1500,1467,train
223,1.0914954,1.0686044,1.0700403,1.0672957,1.0662859296843856,1.5700133,1.5067086,1500,1467,train
224,1.091402,1.0675602,1.0696104,1.066633,1.0662366676477242,1.5700126,1.508731,1500,1467,train
225,1.0914218,1.0694622,1.0708392,1.0680879,1.0662245569948452,1.570012,1.5155826,1500,1467,train
226,1.0914515,1.0693796,1.0691518,1.0672519,1.0661923673949854,1.5700114,1.5089164,1500,1467,train
227,1.0914494,1.0690279,1.0689718,1.06705,1.0661781252668323,1.5700108,1.518474,1500,1467,train
228,1.0914129,1.0692892,1.0700642,1.0676506,1.0662092740204647,1.5700102,1.5144129,1500,1467,train
229,1.0913842,1.0687286,1.0696787,1.067216,1.06620037974487,1.5700096,1.5135782,1500,1467,train
230,1.0907775,1.0662774,1.0679004,1.0652444,1.06614844259656,1.5700089,1.5030266,1500,1467,train
231,1.0908071,1.0664327,1.0688003,1.0657507,1.0661414443964372,1.5700083,1.5088663,1500,1467,train
232,1.0906764,1.0633976,1.0661446,1.0632149,1.0660185350340416,1.5700077,1.5226133,1500,1467,train
233,1.0908144,1.0646871,1.0657104,1.063614,1.0658572328063725,1.5700071,1.5251625,1500,1467,train
234,1.0908418,1.0643692,1.0670255,1.0641181,1.0656317927542356,1.5700065,1.5368304,1500,1467,train
235,1.0908353,1.0650988,1.0669886,1.0644332,1.0653255094166467,1.5700058,1.5368166,1500,1467,train
236,1.0907698,1.0655954,1.0675842,1.0649724,1.065173400480104,1.5700052,1.5468842,1500,1467,train
237,1.0907679,1.0641251,1.0677212,1.0643367,1.0650293919375087,1.5700046,1.5397115,1500,1467,train
238,1.0903196,1.0679625,1.0675806,1.065978,1.0648281554996928,1.570004,1.5299864,1500,1467,train
239,1.0903614,1.0673103,1.0685171,1.0661587,1.0645781577236726,1.5700033,1.5420191,1500,1467,train
240,1.0904253,1.066115,1.0664092,1.0646114,1.0643867430037297,1.5700027,1.5320799,1500,1467,train
241,1.090441,1.0668921,1.0664797,1.0650176,1.0642450306838676,1.5700021,1.5370212,1500,1467,train
242,1.0904454,1.0678139,1.0687553,1.0664542,1.0640752498807775,1.5700014,1.5317788,1500,1467,train
243,1.0904632,1.0677271,1.0687755,1.0664417,1.0638819170844727,1.5700008,1.5360467,1500,1467,train
244,1.0904785,1.0667864,1.0676352,1.0654775,1.0637445476884475,1.5700002,1.5322943,1500,1467,train
245,1.0904665,1.066966,1.0684541,1.0659281,1.0636177148637094,1.5699995,1.5310752,1500,1467,train
246,1.0898651,1.0606267,1.0640298,1.0610024,1.063474060616987,1.5699989,1.5259459,1500,1467,train
247,1.0898176,1.0604628,1.0640576,1.0609679,1.0634082498284292,1.5699983,1.5325575,1500,1467,train
248,1.0897256,1.0647032,1.0662535,1.0638385,1.0633629330335876,1.5699975,1.5177945,1500,1467,train
249,1.0897436,1.062642,1.0655842,1.0625615,1.0633109714407443,1.569997,1.5097917,1500,1467,train
250,1.0897874,1.0613387,1.0643494,1.061427,1.0632562771418752,1.5699964,1.5151298,1500,1467,train
251,1.0897772,1.0644393,1.0672992,1.0642449,1.0633769751232118,1.5699956,1.529531,1500,1467,train
252,1.0897672,1.0617726,1.0649546,1.0618913,1.0633861887438305,1.569995,1.5128595,1500,1467,train
253,1.0897266,1.0599998,1.0635654,1.0604709,1.063494750558492,1.5699944,1.5177943,1500,1467,train
254,1.0896995,1.0621996,1.065297,1.0622692,1.0635894005310662,1.5699937,1.5193729,1500,1467,train
255,1.0896704,1.0643154,1.0670768,1.0640572,1.0636619023119342,1.5699931,1.5223875,1500,1467,train
256,1.089639,1.0605477,1.0648956,1.0615011,1.0637233630860392,1.5699924,1.5598278,1500,1467,train
257,1.0897074,1.0621682,1.0656626,1.0625873,1.0637845053791708,1.5699918,1.5594816,1500,1467,train
258,1.0897504,1.0605528,1.0636208,1.0608472,1.0637201391645124,1.5699912,1.5416896,1500,1467,train
259,1.0891957,1.0656635,1.064519,1.0636024,1.0636686502694845,1.5699905,1.546517,1500,1467,train
260,1.0892241,1.0665079,1.0671017,1.0651941,1.0636334492505573,1.5699899,1.5534232,1500,1467,train
261,1.0893102,1.0658926,1.0666348,1.0646526,1.0635971059107525,1.5699892,1.5415964,1500,1467,train
262,1.0893269,1.0659424,1.0663592,1.0645549,1.0636050415275387,1.5699886,1.5429387,1500,1467,train
263,1.0893743,1.0646695,1.0673839,1.0645028,1.0636224711655837,1.5699879,1.5574516,1500,1467,train
264,1.0893748,1.065097,1.0673872,1.0647168,1.063645388988815,1.5699873,1.5618734,1500,1467,train
265,1.0893105,1.0663167,1.066172,1.0646726,1.06367453736256,1.5699866,1.5509584,1500,1467,train
266,1.0892671,1.0652097,1.0665082,1.064297,1.063694267559793,1.569986,1.5447308,1500,1467,train
267,1.0887442,1.0649413,1.0684727,1.065088,1.0637408432737483,1.5699853,1.5487281,1500,1467,train
268,1.0887537,1.0649253,1.0679578,1.0648623,1.0638465043893344,1.5699847,1.5527909,1500,1467,train
269,1.0887632,1.0652636,1.067777,1.0649256,1.0639857408773317,1.569984,1.5507798,1500,1467,train
270,1.0887147,1.0670872,1.0677444,1.0657427,1.0640849982434495,1.5699834,1.5513903,1500,1467,train
271,1.0887061,1.0659008,1.0677048,1.0652103,1.0642279500979885,1.5699826,1.5576286,1500,1467,train
272,1.0887549,1.0656736,1.0683502,1.0653527,1.0643648281192029,1.569982,1.545645,1500,1467,train
273,1.088712,1.0612152,1.0619372,1.0604054,1.064441575237486,1.5699813,1.5479027,1500,1467,train
274,1.0888873,1.0654713,1.0686265,1.0654349,1.064603259769771,1.5699806,1.5574565,1500,1467,train
275,1.0886816,1.0663031,1.0681897,1.0655291,1.064629180641579,1.56998,1.5367047,1500,1467,train
276,1.0885953,1.0623136,1.0630842,1.0613991,1.0645823949390116,1.5699793,1.5406637,1500,1467,train
277,1.0886459,1.064421,1.0682907,1.064728,1.064654583452912,1.5699787,1.5389334,1500,1467,train
278,1.0886587,1.0631799,1.0624552,1.0614755,1.0646309056215193,1.569978,1.5332973,1500,1467,train
279,1.0882163,1.0636418,1.0647141,1.0627499,1.0644981365446227,1.5699773,1.5411963,1500,1467,train
280,1.0881613,1.0646418,1.0655639,1.0635221,1.064470688233757,1.5699767,1.5241163,1500,1467,train
281,1.0883037,1.0631256,1.0640066,1.0621116,1.0643927811463616,1.569976,1.5218405,1500,1467,train
282,1.0882823,1.0630466,1.0650314,1.062607,1.0642570466340942,1.5699753,1.5371037,1500,1467,train
283,1.0881972,1.0649903,1.0669144,1.0643445,1.0640976415376584,1.5699747,1.5354835,1500,1467,train
284,1.0877029,1.0641253,1.0676659,1.0642754,1.063899381281844,1.569974,1.5309787,1500,1467,train
285,1.0878063,1.064201,1.0675763,1.0642719,1.0637432599694454,1.5699732,1.5316986,1500,1467,train
286,1.0878032,1.0651282,1.0678456,1.0648,1.0636504114938976,1.5699726,1.5276772,1500,1467,train
287,1.0877892,1.0643053,1.0670934,1.0640754,1.06352233278911,1.5699719,1.5260266,1500,1467,train
288,1.0877475,1.0642114,1.0652727,1.0631943,1.063408007381214,1.5699712,1.524341,1500,1467,train
289,1.0877049,1.065534,1.0675999,1.0649153,1.0634119485241933,1.5699706,1.5380185,1500,1467,train
290,1.0877326,1.0668879,1.0676962,1.065569,1.063328906848144,1.5699699,1.5365287,1500,1467,train
291,1.0876849,1.0661665,1.0668486,1.0648937,1.0633248003393687,1.5699692,1.5462112,1500,1467,train
292,1.0876755,1.0660682,1.0666674,1.0647496,1.0632405688898596,1.5699685,1.5421572,1500,1467,train
293,1.0877091,1.0660776,1.0666493,1.0647081,1.0631910790381407,1.5699679,1.5330609,1500,1467,train
294,1.0876466,1.0641662,1.0673481,1.0641783,1.0630968023786547,1.5699672,1.5380998,1500,1467,train
295,1.0876732,1.065959,1.0677285,1.0651536,1.0630867584566537,1.5699664,1.5346936,1500,1467,train
296,1.0876516,1.0660237,1.0666758,1.0647143,1.0630877884563452,1.5699657,1.5375729,1500,1467,train
297,1.087099,1.0605422,1.0609814,1.0596141,1.0629994711218702,1.5699651,1.5361248,1500,1467,train
298,1.0871694,1.0600741,1.0629512,1.0603329,1.0629157889682677,1.5699644,1.5439527,1500,1467,train
299,1.0871091,1.0597088,1.0610923,1.0592943,1.06286176684141,1.5699637,1.5382538,1500,1467,train
300,1.0870786,1.0628545,1.0636723,1.0619303,1.0628142802560476,1.569963,1.5446727,1500,1467,train
301,1.0871093,1.0634507,1.0647231,1.0626724,1.0627865099675038,1.5699623,1.5424789,1500,1467,train
302,1.0871862,1.0608798,1.0634989,1.0609322,1.06262860082898,1.5699615,1.5397284,1500,1467,train
303,1.0872494,1.061682,1.0633172,1.0612265,1.0625732227150173,1.569961,1.5426885,1500,1467,train
304,1.0866781,1.0649469,1.0631534,1.062712,1.0624054405691135,1.5699602,1.5609722,1500,1467,train
305,1.0867326,1.0598494,1.0624176,1.0600597,1.0622982268138919,1.5699595,1.5617372,1500,1467,train
306,1.0867002,1.0635979,1.0653293,1.0630767,1.0622317194303912,1.5699588,1.5573031,1500,1467,train
307,1.0867239,1.0625757,1.0642723,1.0621346,1.06213508188208,1.5699581,1.5586734,1500,1467,train
308,1.0866824,1.0648644,1.0651342,1.0635782,1.0620247878942566,1.5699574,1.5608451,1500,1467,train
309,1.08672,1.0644971,1.0636034,1.062693,1.0619100930588004,1.5699567,1.556097,1500,1467,train
310,1.0867238,1.0646493,1.065416,1.0636523,1.0618933717910888,1.569956,1.5715363,1500,1467,train
311,1.086688,1.0631025,1.0659696,1.0632073,1.061860131907948,1.5699552,1.5730369,1500,1467,train
312,1.0866868,1.0654148,1.0656768,1.06413,1.0618349346218656,1.5699546,1.574103,1500,1467,train
313,1.0867089,1.0651197,1.0654155,1.063841,1.0617886858538799,1.5699539,1.565305,1500,1467,train
314,1.0861288,1.0604513,1.0608753,1.0596061,1.0617514198537774,1.5699532,1.5560423,1500,1467,train
315,1.0862212,1.0628331,1.0648707,1.0625124,1.0617297530867986,1.5699525,1.5555967,1500,1467,train
316,1.0861521,1.0605426,1.060652,1.059571,1.0617658106337462,1.5699518,1.5622551,1500,1467,train
317,1.0860249,1.062386,1.0632292,1.0615938,1.0617976624086987,1.569951,1.5640244,1500,1467,train
318,1.0860107,1.0618654,1.0628157,1.061104,1.0618575966482993,1.5699503,1.5483031,1500,1467,train
319,1.0860837,1.0581691,1.0593005,1.0578197,1.0619618694612856,1.5699496,1.5490124,1500,1467,train
320,1.0861146,1.0609819,1.0602995,1.0595937,1.0619968412502725,1.5699489,1.5582654,1500,1467,train
321,1.0860858,1.0605593,1.061253,1.0598265,1.0621078014184557,1.5699482,1.5557425,1500,1467,train
322,1.086182,1.0617794,1.0657856,1.0624651,1.0622223849047836,1.5699475,1.5591338,1500,1467,train
323,1.0856235,1.0632172,1.0651808,1.0628765,1.0621650109498995,1.5699468,1.5673499,1500,1467,train
324,1.0856514,1.0619113,1.0634605,1.0614887,1.0621255728911434,1.5699459,1.5653567,1500,1467,train
325,1.0856096,1.062211,1.0649763,1.0623031,1.062052670682197,1.5699452,1.5618447,1500,1467,train
326,1.0856801,1.0639993,1.062945,1.062178,1.0619804412149958,1.5699445,1.5590999,1500,1467,train
327,1.0856931,1.0644184,1.0633707,1.0625604,1.0619730693723655,1.5699438,1.5584421,1500,1467,train
328,1.0856724,1.062984,1.0645267,1.0624619,1.0618392217685322,1.5699431,1.5649136,1500,1467,train
329,1.0856558,1.0646299,1.064442,1.0631435,1.0617853710963272,1.5699424,1.5578668,1500,1467,train
330,1.085661,1.0632216,1.0638045,1.0622683,1.0617624799749612,1.5699416,1.5718646,1500,1467,train
331,1.0856845,1.0630699,1.0625814,1.0616183,1.0616174016593418,1.5699409,1.5662855,1500,1467,train
332,1.0851384,1.0610873,1.0633854,1.0610144,1.061543296913288,1.5699402,1.5493801,1500,1467,train
333,1.0851066,1.0625736,1.0633336,1.0616838,1.0614806219130897,1.5699394,1.553458,1500,1467,train
334,1.0850136,1.0634611,1.0669526,1.0637774,1.0614635538991475,1.5699387,1.5626975,1500,1467,train
335,1.0849249,1.0610087,1.0626742,1.060665,1.061445477052055,1.569938,1.5520834,1500,1467,train
336,1.085047,1.06098,1.0640545,1.0612715,1.0614265743966433,1.5699372,1.5494735,1500,1467,train
337,1.0850571,1.0611279,1.064967,1.0617591,1.061415055599566,1.5699365,1.5503573,1500,1467,train
338,1.0850147,1.0614376,1.0652722,1.0620606,1.0615224799563356,1.5699358,1.5555699,1500,1467,train
339,1.085011,1.0612909,1.0631641,1.0609696,1.0616007928208226,1.569935,1.5405127,1500,1467,train
340,1.0849731,1.0606804,1.0668166,1.0623878,1.0615456571243733,1.5699342,1.5473937,1500,1467,train
341,1.0849205,1.0608485,1.064946,1.0616281,1.0615106337785634,1.5699335,1.5517558,1500,1467,train
342,1.0850158,1.0605873,1.0651523,1.0615866,1.061395062366411,1.5699328,1.5476527,1500,1467,train
343,1.0845095,1.0621017,1.061951,1.060852,1.0613419333331175,1.569932,1.5569453,1500,1467,train
344,1.0845723,1.0613912,1.0596384,1.0594747,1.0612938238212315,1.5699313,1.5574589,1500,1467,train
345,1.0845526,1.0632368,1.0622483,1.0615063,1.0612703411167796,1.5699306,1.5574363,1500,1467,train
346,1.0845982,1.0615716,1.0611169,1.0602632,1.0611197339704908,1.5699297,1.5651401,1500,1467,train
347,1.0846807,1.0612084,1.0608462,1.059999,1.0609185845722782,1.569929,1.5712256,1500,1467,train
348,1.0846758,1.0617794,1.0615608,1.0605423,1.0608107579621233,1.5699283,1.5606768,1500,1467,train
349,1.0846968,1.0612777,1.0608541,1.0600417,1.0607552919877092,1.5699276,1.5731175,1500,1467,train
350,1.0845743,1.0602527,1.0605417,1.059382,1.0606285388824448,1.5699267,1.5606018,1500,1467,train
351,1.0840442,1.0614465,1.0641631,1.061543,1.0605619280855805,1.569926,1.5518265,1500,1467,train
352,1.0842034,1.0609705,1.0612181,1.0600333,1.0604790633347045,1.5699252,1.5645001,1500,1467,train
353,1.0841286,1.0633193,1.0641787,1.0625421,1.060402060921853,1.5699245,1.5864753,1500,1467,train
354,1.0841337,1.0606163,1.061284,1.0599282,1.0603659052106493,1.5699238,1.5709335,1500,1467,train
355,1.0841523,1.0611045,1.0612051,1.0601127,1.0602967561407595,1.5699229,1.5705057,1500,1467,train
356,1.0840759,1.0618218,1.0632738,1.0613959,1.0602479761201602,1.5699222,1.5735581,1500,1467,train
357,1.0840755,1.0617127,1.0647002,1.0620179,1.0602217786333332,1.5699215,1.578644,1500,1467,train
358,1.0838774,1.0600033,1.0640087,1.0608557,1.0601501004412541,1.5699207,1.5616329,1500,1467,train
359,1.0840989,1.0598041,1.0641255,1.0608681,1.0600922331458442,1.56992,1.5739285,1500,1467,train
360,1.0841103,1.0602247,1.0622748,1.0601355,1.0601008888975534,1.5699191,1.5544293,1500,1467,train
361,1.0840008,1.0605617,1.0644518,1.0613114,1.0601348950613234,1.5699184,1.5614419,1500,1467,train
362,1.0840096,1.0599898,1.0641863,1.0609531,1.06015234553649,1.5699176,1.5671504,1500,1467,train
363,1.0834541,1.0597736,1.0577961,1.057916,1.0601827617641726,1.5699168,1.5620635,1500,1467,train
364,1.0834763,1.0598207,1.0591196,1.0585572,1.0602055638802201,1.569916,1.5658119,1500,1467,train
365,1.0835307,1.0598102,1.0588068,1.058435,1.0601919912185196,1.5699153,1.5720887,1500,1467,train
366,1.0834812,1.0611548,1.0614166,1.0603027,1.0601705447520575,1.5699145,1.5881398,1500,1467,train
367,1.0835614,1.0608741,1.060903,1.0598878,1.0601730256602195,1.5699137,1.5749388,1500,1467,train
368,1.0836291,1.0604247,1.0603637,1.0594147,1.0601802047817501,1.5699129,1.5694246,1500,1467,train
369,1.083061,1.059905,1.0587937,1.0583948,1.0602124633841559,1.5699122,1.5530567,1500,1467,train
370,1.083174,1.059106,1.0598792,1.0585825,1.060175490526741,1.5699114,1.5667404,1500,1467,train
371,1.0831505,1.0611434,1.0603423,1.0596931,1.0601655741224165,1.5699106,1.5598273,1500,1467,train
372,1.0830513,1.0622858,1.0627192,1.0613201,1.0600931303598504,1.5699098,1.5652177,1500,1467,train
373,1.082964,1.0608596,1.063208,1.0608641,1.0599830938186214,1.569909,1.5577734,1500,1467,train
374,1.0828855,1.0596505,1.0618945,1.0597227,1.059914139870272,1.5699083,1.5598321,1500,1467,train
375,1.0829164,1.061734,1.0624133,1.0609025,1.0598582393674802,1.5699074,1.5585991,1500,1467,train
376,1.0829682,1.0599493,1.0618857,1.0597876,1.0597211087275542,1.5699066,1.5434781,1500,1467,train
377,1.082819,1.0607839,1.0622121,1.060354,1.0597034562643444,1.5699059,1.5526224,1500,1467,train
378,1.0828848,1.0619473,1.062187,1.0608188,1.0596368635612408,1.569905,1.5396987,1500,1467,train
379,1.0828769,1.0609967,1.0603886,1.0595834,1.059621688849708,1.5699042,1.5441978,1500,1467,train
380,1.0828911,1.0626945,1.0634931,1.0618048,1.0595170344422478,1.5699035,1.5517826,1500,1467,train
381,1.0828286,1.0600915,1.0638062,1.0607692,1.0594489243311747,1.5699027,1.5532231,1500,1467,train
382,1.0827317,1.0592878,1.0619413,1.0595231,1.0594502897148308,1.5699018,1.5461962,1500,1467,train
383,1.0827478,1.0609107,1.0625266,1.0604949,1.059487095008521,1.5699011,1.5379493,1500,1467,train
384,1.0827974,1.0610095,1.0631332,1.0608743,1.059487676649624,1.5699003,1.5519125,1500,1467,train
385,1.0827272,1.0615059,1.0634347,1.0612423,1.0594749939007015,1.5698994,1.5530242,1500,1467,train
386,1.0823783,1.0586722,1.0578266,1.0573764,1.0594706801844769,1.5698986,1.5492176,1500,1467,train
387,1.0821723,1.059042,1.0590764,1.0581238,1.0595113162062728,1.5698979,1.5512638,1500,1467,train
388,1.0822746,1.0591456,1.0585994,1.0579386,1.059584935936389,1.569897,1.5477457,1500,1467,train
389,1.0822254,1.0591296,1.0596449,1.0583975,1.0595020919956333,1.5698962,1.5449922,1500,1467,train
390,1.0822206,1.0589856,1.0599328,1.0584378,1.0594628425294348,1.5698954,1.5387723,1500,1467,train
391,1.0823277,1.0581344,1.0646652,1.0602552,1.0593953680653314,1.5698947,1.5493801,1500,1467,train
392,1.082311,1.0571661,1.0628136,1.0589482,1.0593945817927304,1.5698938,1.5442805,1500,1467,train
393,1.0822028,1.0597341,1.0599743,1.0588117,1.0593927925139202,1.569893,1.5422503,1500,1467,train
394,1.0822173,1.0575664,1.0583422,1.0570517,1.0593208082291945,1.5698922,1.5354147,1500,1467,train
395,1.0822829,1.0584825,1.0583397,1.0575415,1.0592410800065215,1.5698913,1.5533992,1500,1467,train
396,1.0822513,1.0587131,1.0599945,1.0583886,1.059168323060692,1.5698905,1.5500835,1500,1467,train
397,1.0816798,1.0608741,1.0597907,1.0592648,1.0591356949848234,1.5698897,1.5466574,1500,1467,train
398,1.0815444,1.0596716,1.0633252,1.060325,1.0591588476705254,1.5698888,1.5450411,1500,1467,train
399,1.0816574,1.0600357,1.061413,1.0595841,1.0591281661090857,1.5698881,1.5369341,1500,1467,train
400,1.0816323,1.058955,1.0603083,1.0585904,1.0590595068263133,1.5698873,1.5375768,1500,1467,train
401,1.0816914,1.0609303,1.0626944,1.060631,1.0590785632584416,1.5698864,1.5502346,1500,1467,train
402,1.0816737,1.0595198,1.0603501,1.0588579,1.059043323500343,1.5698856,1.5355055,1500,1467,train
403,1.0816455,1.0602214,1.0600002,1.0590478,1.059039118711205,1.5698848,1.5428619,1500,1467,train
404,1.081559,1.0609118,1.061597,1.0600821,1.0590382226474666,1.569884,1.5406386,1500,1467,train
405,1.0815859,1.0605104,1.0638834,1.0609616,1.0590099987188242,1.5698831,1.545055,1500,1467,train
406,1.0815909,1.0594374,1.0631384,1.0601304,1.0590651867038394,1.5698823,1.5443807,1500,1467,train
407,1.0811185,1.0572655,1.0634155,1.0592593,1.0591851546352713,1.5698814,1.542105,1500,1467,train
408,1.0811007,1.0573643,1.0626328,1.058969,1.0592049533463213,1.5698806,1.547502,1500,1467,train
409,1.0811094,1.0568339,1.0639588,1.0592959,1.0592507889333809,1.5698798,1.538449,1500,1467,train
410,1.0812037,1.0580095,1.0642895,1.0600222,1.059269028870036,1.5698789,1.5482879,1500,1467,train
411,1.0812417,1.0575793,1.0630356,1.0591972,1.05934694412271,1.5698781,1.5345124,1500,1467,train
412,1.0812764,1.0573179,1.0628206,1.0589914,1.059325126044259,1.5698773,1.5372665,1500,1467,train
413,1.0806653,1.0593945,1.0577276,1.0575982,1.059298857632374,1.5698763,1.53432,1500,1467,train
414,1.0806062,1.0603334,1.0613159,1.0597062,1.0592432149514988,1.5698755,1.5444721,1500,1467,train
415,1.080648,1.058788,1.0604206,1.0585628,1.0592016587022477,1.5698746,1.5368532,1500,1467,train
416,1.0805808,1.0594976,1.0608176,1.0590777,1.0591559317776593,1.5698738,1.5394683,1500,1467,train
417,1.0806359,1.0586848,1.0604626,1.0585307,1.0591634758147854,1.569873,1.53581,1500,1467,train
418,1.0806286,1.0587169,1.0592781,1.0580486,1.0591225058779117,1.5698721,1.5465508,1500,1467,train
419,1.0805244,1.0605512,1.0615234,1.0599146,1.059031941266473,1.5698713,1.5480042,1500,1467,train
420,1.0805541,1.0585481,1.0617458,1.0590683,1.0589136315373657,1.5698704,1.5391787,1500,1467,train
421,1.0805336,1.0585713,1.0609965,1.0587288,1.0588083009913618,1.5698695,1.5372363,1500,1467,train
422,1.0806121,1.0582982,1.0602385,1.0582333,1.0587317778107086,1.5698687,1.5311956,1500,1467,train
423,1.0805937,1.058721,1.0591072,1.0579243,1.0586265893416351,1.5698678,1.5348909,1500,1467,train
424,1.0804999,1.059593,1.0616772,1.0595105,1.0585926066260398,1.569867,1.5386963,1500,1467,train
425,1.0800352,1.0589393,1.0632268,1.0599239,1.058537779039256,1.5698661,1.5394516,1500,1467,train
426,1.080049,1.0566268,1.0618898,1.0582836,1.058403883175493,1.5698652,1.5449231,1500,1467,train
427,1.0800526,1.0585885,1.0617288,1.0591048,1.0584291738060487,1.5698644,1.5454278,1500,1467,train
428,1.0800978,1.0576674,1.0617317,1.0587105,1.0584165415932891,1.5698634,1.5511609,1500,1467,train
429,1.0800135,1.0569961,1.0636607,1.0592847,1.058374359990072,1.5698626,1.5508965,1500,1467,train
430,1.0801494,1.0583647,1.0621136,1.0591786,1.0583724788302746,1.5698618,1.5454173,1500,1467,train
431,1.0801519,1.0579818,1.0617858,1.058834,1.0583317252165843,1.5698608,1.5403901,1500,1467,train
432,1.0796905,1.0572774,1.0555314,1.0556579,1.0583223821179741,1.56986,1.5406213,1500,1467,train
433,1.0797085,1.0582563,1.0584997,1.0575483,1.0582979274024304,1.5698591,1.5624042,1500,1467,train
434,1.0796001,1.0584798,1.0583833,1.057556,1.0581805945068974,1.5698582,1.5523888,1500,1467,train
435,1.0796274,1.0586791,1.0615574,1.0590938,1.0581089569035984,1.5698574,1.5518019,1500,1467,train
436,1.0796176,1.0581224,1.0591929,1.0577723,1.0580833664852658,1.5698565,1.5546128,1500,1467,train
437,1.0796256,1.0572351,1.0586101,1.0571059,1.0580256543733544,1.5698556,1.5554973,1500,1467,train
438,1.0795727,1.0581918,1.058527,1.0574957,1.0579590754572594,1.5698547,1.5536432,1500,1467,train
439,1.079432,1.0584931,1.0593079,1.0579382,1.0578114192761932,1.5698538,1.5411503,1500,1467,train
440,1.0795164,1.0570168,1.059903,1.0575888,1.0577333798270374,1.569853,1.5534717,1500,1467,train
441,1.079472,1.0571648,1.0594746,1.057446,1.0576459103530746,1.569852,1.5499423,1500,1467,train
442,1.0794668,1.0570298,1.0593253,1.0572953,1.0575731918142977,1.5698512,1.5448259,1500,1467,train
443,1.0794402,1.0572132,1.0596839,1.0575505,1.057525026981568,1.5698502,1.5467782,1500,1467,train
444,1.0793257,1.0585874,1.0615717,1.0590545,1.0574178040269073,1.5698494,1.550777,1500,1467,train
445,1.079444,1.0569868,1.0611016,1.0580571,1.0574127079776128,1.5698484,1.5375932,1500,1467,train
446,1.0793849,1.0567621,1.060393,1.057662,1.0573686299560034,1.5698476,1.545039,1500,1467,train
447,1.0788728,1.0572119,1.0588409,1.057127,1.0573365319266126,1.5698466,1.5375686,1500,1467,train
448,1.0788822,1.0586184,1.061189,1.0588634,1.0572670425341686,1.5698458,1.5433602,1500,1467,train
449,1.0788734,1.0555983,1.0616013,1.0576444,1.0572176758879739,1.5698448,1.5354098,1500,1467,train
450,1.0789275,1.0566651,1.0606524,1.0576777,1.0572242162897547,1.5698439,1.530885,1500,1467,train
451,1.0789428,1.058143,1.0628933,1.059452,1.057268677331521,1.569843,1.5498891,1500,1467,train
452,1.0785432,1.0564553,1.0574335,1.0561361,1.057291608326125,1.5698421,1.5366663,1500,1467,train
453,1.0784982,1.0568924,1.0551144,1.055341,1.0573415374693007,1.5698413,1.552471,1500,1467,train
454,1.0784907,1.0569885,1.0566717,1.0560932,1.057329695957402,1.5698403,1.5517828,1500,1467,train
455,1.0786035,1.055748,1.0566385,1.05548,1.0574127454774112,1.5698394,1.543637,1500,1467,train
456,1.078594,1.0558175,1.0615383,1.0577812,1.0574649697740577,1.5698385,1.5513921,1500,1467,train
457,1.0785465,1.0562072,1.0574869,1.0560789,1.0574934194359353,1.5698376,1.5442365,1500,1467,train
458,1.0783763,1.0563573,1.0560805,1.0555598,1.0574411206527217,1.5698366,1.5576304,1500,1467,train
459,1.0784048,1.0586423,1.060028,1.0583968,1.0574247770723548,1.5698357,1.5562418,1500,1467,train
460,1.0784059,1.0563207,1.060083,1.0573397,1.0573976769874065,1.5698348,1.5499382,1500,1467,train
461,1.078436,1.0556059,1.059203,1.0566137,1.0574173330463923,1.5698339,1.5502099,1500,1467,train
462,1.0778751,1.0572667,1.0582873,1.0569636,1.057396113819854,1.5698329,1.5532393,1500,1467,train
463,1.0778595,1.0557002,1.0602651,1.05711,1.0573414548633573,1.569832,1.5425303,1500,1467,train
464,1.0777736,1.0577965,1.0612454,1.0585254,1.057343284053207,1.5698311,1.5458748,1500,1467,train
465,1.0778067,1.0575423,1.0614102,1.0585409,1.057358357398097,1.5698302,1.5595357,1500,1467,train
466,1.0778552,1.057225,1.0606359,1.0580379,1.0573280090712953,1.5698292,1.5583167,1500,1467,train
467,1.0778537,1.0577347,1.0606141,1.0582925,1.0572628805479407,1.5698283,1.5663424,1500,1467,train
468,1.0777701,1.0558357,1.0598365,1.0570604,1.0572141673670599,1.5698273,1.5631607,1500,1467,train
469,1.0778097,1.0572867,1.061962,1.0586729,1.0572005972273077,1.5698264,1.5586548,1500,1467,train
470,1.0773628,1.0550915,1.0612249,1.0573313,1.0572348595847985,1.5698254,1.5571816,1500,1467,train
471,1.0774424,1.0555758,1.0625259,1.0581225,1.0572653297481436,1.5698245,1.5514789,1500,1467,train
472,1.0774693,1.0557629,1.0611306,1.0576133,1.0572708056962126,1.5698236,1.5619605,1500,1467,train
473,1.0774632,1.0572394,1.0617913,1.058593,1.0572331894423739,1.5698227,1.5634704,1500,1467,train
474,1.0774888,1.0552907,1.0619023,1.0577426,1.05728221704589,1.5698217,1.5599571,1500,1467,train
475,1.0775594,1.055538,1.0614041,1.057605,1.0572958777192507,1.5698208,1.5543759,1500,1467,train
476,1.0770534,1.05621,1.0594593,1.0570459,1.057285594333709,1.5698198,1.5600847,1500,1467,train
477,1.0770353,1.0561479,1.0575734,1.0562125,1.0573477518647667,1.5698189,1.5739429,1500,1467,train
478,1.0769085,1.0554318,1.05802,1.0560338,1.0573373125882848,1.5698179,1.5599174,1500,1467,train
479,1.0769384,1.0573297,1.0601965,1.057874,1.0572806528279757,1.569817,1.5556393,1500,1467,train
480,1.0769918,1.0561779,1.0560127,1.055332,1.0572340831488742,1.569816,1.5297107,1500,1467,train
481,1.0770628,1.0554044,1.0587932,1.0562886,1.0571460511509292,1.5698149,1.5389899,1500,1467,train
482,1.0770171,1.0564485,1.0590395,1.0568993,1.0571191090063412,1.569814,1.5445963,1500,1467,train
483,1.0769551,1.0552506,1.0590168,1.0562776,1.057063139649512,1.569813,1.5286142,1500,1467,train
484,1.0770327,1.057067,1.0578438,1.0566111,1.0569902647607679,1.569812,1.5388625,1500,1467,train
485,1.0769473,1.055541,1.0599142,1.0568974,1.0569924898451302,1.5698111,1.5473846,1500,1467,train
486,1.0764447,1.0563022,1.0594732,1.0569558,1.0569284152097675,1.5698102,1.5265241,1500,1467,train
487,1.0764153,1.056343,1.0597862,1.057189,1.0569045332788078,1.5698092,1.5437794,1500,1467,train
488,1.0764722,1.0564643,1.0608969,1.0577092,1.0568300145120788,1.5698081,1.5335798,1500,1467,train
489,1.0763903,1.0544827,1.0594386,1.0561018,1.0567355688199822,1.5698072,1.5240692,1500,1467,train
490,1.0764872,1.053864,1.0597543,1.0559298,1.0567212993041233,1.5698062,1.5157979,1500,1467,train
491,1.0765415,1.0566201,1.0593051,1.0570723,1.056710347937216,1.5698053,1.5382,1500,1467,train
492,1.07641,1.0572236,1.0611717,1.058243,1.0566967674639578,1.5698043,1.548803,1500,1467,train
493,1.076502,1.0559043,1.0614727,1.0576984,1.0566874648407207,1.5698032,1.529012,1500,1467,train
494,1.0764152,1.0539831,1.061424,1.0567904,1.056622124970574,1.5698023,1.5262613,1500,1467,train
495,1.0759706,1.0547113,1.0553474,1.0543374,1.056620760610278,1.5698013,1.5241458,1500,1467,train
496,1.0759848,1.0564368,1.0572885,1.05603,1.0566473998592065,1.5698003,1.5291076,1500,1467,train
497,1.0758458,1.0556629,1.0589598,1.0564348,1.056688877234133,1.5697993,1.5275534,1500,1467,train
498,1.0759659,1.0555934,1.0609952,1.0573611,1.0566826627954642,1.5697984,1.5343676,1500,1467,train
499,1.0759516,1.0562856,1.057968,1.0562638,1.0566966426653404,1.5697973,1.5272337,1500,1467,train
500,1.0759854,1.0562395,1.0580205,1.0563114,1.0566926630208036,1.5697963,1.5379462,1500,1467,train
501,1.0753593,1.0565871,1.0596691,1.0572114,1.0566981051979925,1.5697954,1.5352569,1500,1467,train
502,1.075378,1.0556792,1.0598052,1.0568178,1.0567089989435212,1.5697943,1.5250248,1500,1467,train
503,1.0754015,1.0546521,1.058998,1.0559969,1.0566767350704063,1.5697933,1.5286793,1500,1467,train
504,1.0754436,1.0555131,1.0589453,1.0563574,1.056603685122298,1.5697923,1.5269281,1500,1467,train
505,1.0754025,1.0557882,1.058712,1.0563838,1.05659712788503,1.5697913,1.5288043,1500,1467,train
506,1.0753329,1.0557431,1.0597943,1.0568506,1.0564819931046783,1.5697902,1.5271165,1500,1467,train
507,1.0753748,1.0544969,1.061318,1.0569702,1.0564046558289926,1.5697893,1.5249385,1500,1467,train
508,1.0754516,1.0544957,1.0595331,1.0561333,1.0563174381204914,1.5697882,1.5198494,1500,1467,train
509,1.0754163,1.0540581,1.0591038,1.0557299,1.0562172244393027,1.5697873,1.5179197,1500,1467,train
510,1.0753587,1.0542742,1.0588752,1.0557549,1.0561511094833107,1.5697862,1.5253367,1500,1467,train
511,1.0748233,1.0547553,1.0611148,1.0569928,1.0561107280027395,1.5697852,1.524394,1500,1467,train
512,1.0747753,1.0513823,1.0597713,1.0546778,1.0560551298879772,1.5697842,1.4851532,1500,1467,train
513,1.0748732,1.0541868,1.0607378,1.056439,1.0560011133018445,1.5697832,1.495297,1500,1467,train
514,1.0748247,1.0555868,1.0610088,1.057262,1.0559776022511302,1.5697821,1.509887,1500,1467,train
515,1.0748217,1.0564535,1.0576264,1.05608,1.0559170164201255,1.5697811,1.5025171,1500,1467,train
516,1.0748521,1.0535258,1.0608026,1.0561513,1.0558575850202079,1.5697801,1.4914246,1500,1467,train
517,1.0748564,1.054273,1.0593246,1.055854,1.0558142669986597,1.569779,1.5002687,1500,1467,train
518,1.0749142,1.0545807,1.0595382,1.0560644,1.0558056869809906,1.569778,1.4938983,1500,1467,train
519,1.0747975,1.0551487,1.0606345,1.0568497,1.0557763678438334,1.569777,1.50003,1500,1467,train
520,1.0748034,1.0563602,1.058524,1.056496,1.0557328091571743,1.5697759,1.5139539,1500,1467,train
521,1.0747783,1.0540452,1.055935,1.0541896,1.0556950925627522,1.5697749,1.4973912,1500,1467,train
522,1.0748135,1.0538943,1.0561363,1.0542083,1.0556206058901048,1.5697738,1.496347,1500,1467,train
523,1.0742835,1.0538325,1.0582588,1.0552009,1.0555716459417557,1.5697728,1.5083698,1500,1467,train
524,1.0742377,1.0545137,1.0583249,1.0555823,1.0555496887079459,1.5697718,1.5180948,1500,1467,train
525,1.0743186,1.0536516,1.0590363,1.0554897,1.0554841072573349,1.5697707,1.5121386,1500,1467,train
526,1.0741944,1.0529186,1.0588678,1.0550512,1.0554058902376675,1.5697696,1.5055314,1500,1467,train
527,1.0742532,1.052346,1.0575066,1.0541457,1.0554080216427373,1.5697685,1.5001006,1500,1467,train
528,1.074229,1.0527916,1.0577224,1.0544384,1.0553642424746508,1.5697675,1.49804,1500,1467,train
529,1.0741746,1.0531046,1.0594655,1.0553365,1.055295246303926,1.5697664,1.4885337,1500,1467,train
530,1.074181,1.0541599,1.0573038,1.0548257,1.0552015612950303,1.5697654,1.4877133,1500,1467,train
531,1.0742352,1.0548713,1.0588006,1.0558691,1.0551357546026128,1.5697644,1.4960967,1500,1467,train
532,1.0736817,1.0539103,1.0586871,1.0553452,1.0550670274135587,1.5697633,1.488,1500,1467,train
533,1.0735072,1.0541842,1.0603986,1.056292,1.0550460502778147,1.5697622,1.4974366,1500,1467,train
534,1.0736109,1.0529042,1.06153,1.0561992,1.0549999194554445,1.5697612,1.4910814,1500,1467,train
535,1.0736637,1.0531987,1.0593717,1.0553463,1.0549089893748773,1.5697601,1.490829,1500,1467,train
536,1.0736736,1.0526919,1.0583392,1.0546482,1.0548752044701803,1.569759,1.4918169,1500,1467,train
537,1.0736611,1.0532452,1.0588151,1.0551399,1.054864657514085,1.5697579,1.4970895,1500,1467,train
538,1.0736355,1.0533874,1.0592054,1.0553484,1.0547972648350767,1.5697569,1.4890261,1500,1467,train
539,1.073652,1.0524273,1.0592195,1.0549318,1.0547179136976133,1.5697558,1.4922565,1500,1467,train
540,1.073656,1.0510994,1.0596718,1.0545093,1.0547450333263075,1.5697547,1.4864813,1500,1467,train
541,1.0731215,1.0525391,1.0570889,1.0539716,1.0546910544910881,1.5697535,1.4834855,1500,1467,train
542,1.0730374,1.0524651,1.0579957,1.0543348,1.054624721224596,1.5697525,1.4794306,1500,1467,train
543,1.0730534,1.0535042,1.0569714,1.0543828,1.0545435402546448,1.5697514,1.4894438,1500,1467,train
544,1.073125,1.0539987,1.0572461,1.0547233,1.0544961023963395,1.5697503,1.4871061,1500,1467,train
545,1.0731337,1.0536604,1.0567942,1.0543586,1.0544588150919878,1.5697492,1.486118,1500,1467,train
546,1.072999,1.0528536,1.056907,1.0540897,1.0544143644188293,1.5697482,1.496996,1500,1467,train
547,1.0730265,1.0535942,1.0570709,1.0544599,1.0542837000100351,1.569747,1.487293,1500,1467,train
548,1.0730274,1.0527449,1.0565788,1.0538379,1.0541693843659115,1.5697459,1.4847997,1500,1467,train
549,1.0730771,1.0526555,1.0565032,1.0537702,1.054104660010354,1.5697448,1.4865365,1500,1467,train
550,1.0730231,1.0534858,1.0563864,1.0541081,1.0540688315826403,1.5697438,1.4896876,1500,1467,train
551,1.0724508,1.052182,1.0586971,1.0545295,1.0540202500155764,1.5697426,1.4801651,1500,1467,train
552,1.0724555,1.050527,1.0560888,1.0526143,1.0539361384476964,1.5697415,1.4870523,1500,1467,train
553,1.0724825,1.0513058,1.0575889,1.0536839,1.0538305736656588,1.5697404,1.4939882,1500,1467,train
554,1.0724359,1.0519383,1.0569181,1.0536299,1.0537339894805764,1.5697392,1.4857101,1500,1467,train
555,1.0722612,1.0524012,1.0588206,1.054824,1.0536638059854355,1.5697381,1.5125729,1500,1467,train
556,1.0724907,1.0511092,1.0584723,1.0539883,1.053570991091757,1.569737,1.4917375,1500,1467,train
557,1.0725403,1.0518305,1.0592712,1.0546895,1.0535087873123876,1.5697359,1.4936007,1500,1467,train
558,1.0725188,1.0506588,1.0575087,1.0533378,1.0534301005785798,1.5697348,1.4904981,1500,1467,train
559,1.0718492,1.0522186,1.0558493,1.0533227,1.0533828118284172,1.5697336,1.4982353,1500,1467,train
560,1.0719266,1.0536221,1.056796,1.0544118,1.0533444372405154,1.5697325,1.5024111,1500,1467,train
561,1.0719848,1.0516661,1.0543221,1.0523549,1.0532950931595437,1.5697314,1.4938862,1500,1467,train
562,1.0720311,1.0515581,1.0550572,1.0526352,1.053216935883579,1.5697303,1.492395,1500,1467,train
563,1.0719535,1.0511903,1.0538803,1.051965,1.0531535392363687,1.5697291,1.5005643,1500,1467,train
564,1.0719689,1.0533857,1.0560528,1.0539454,1.0531036979374437,1.5697279,1.4978876,1500,1467,train
565,1.0720009,1.0519006,1.0514656,1.0511706,1.0530660651451351,1.5697268,1.497204,1500,1467,train
566,1.0715052,1.0509965,1.0555438,1.0526264,1.0529704263475836,1.5697256,1.4981085,1500,1467,train
567,1.0714246,1.0511007,1.0564457,1.0531151,1.0528879312321806,1.5697246,1.5049839,1500,1467,train
568,1.0714232,1.0521479,1.0560514,1.0533962,1.0528223418809062,1.5697234,1.5013837,1500,1467,train
569,1.0713668,1.0501864,1.0560211,1.0524883,1.0527718764241851,1.5697222,1.5010679,1500,1467,train
570,1.0714438,1.0503857,1.0570384,1.0530449,1.0527215140406077,1.5697211,1.5013307,1500,1467,train
571,1.0715057,1.0516148,1.0560201,1.0531888,1.0526740948133948,1.5697199,1.5130451,1500,1467,train
572,1.0712981,1.0517358,1.0574654,1.0539068,1.05260948545218,1.5697187,1.5136817,1500,1467,train
573,1.0713916,1.0503916,1.0575165,1.0532618,1.0525668076948722,1.5697175,1.5003525,1500,1467,train
574,1.0714383,1.0493155,1.0567192,1.0524261,1.0525011927109948,1.5697165,1.5046585,1500,1467,train
575,1.070942,1.0477769,1.0564985,1.0516812,1.0524329259286358,1.5697153,1.5179536,1500,1467,train
576,1.0708519,1.0473253,1.0575072,1.0518774,1.05235750789038,1.5697141,1.5040109,1500,1467,train
577,1.070867,1.052495,1.0538622,1.052561,1.0523436355354079,1.5697129,1.503017,1500,1467,train
578,1.0709068,1.0517787,1.0537778,1.0522223,1.0522479703384084,1.5697117,1.5091074,1500,1467,train
579,1.0709702,1.0486714,1.0563041,1.0519454,1.0522024253342863,1.5697105,1.5051503,1500,1467,train
580,1.0709422,1.0475538,1.0570983,1.051776,1.0521148642709532,1.5697094,1.4996165,1500,1467,train
581,1.0709436,1.0516721,1.0532947,1.0519212,1.0520892673587396,1.5697082,1.5016243,1500,1467,train
582,1.0709665,1.0488939,1.0558602,1.0519043,1.0520368940457563,1.569707,1.5194647,1500,1467,train
583,1.0704426,1.0511657,1.0539275,1.0520045,1.0520114766346673,1.5697058,1.5073808,1500,1467,train
584,1.0703386,1.0512412,1.053951,1.0520333,1.0519151079843225,1.5697047,1.5035585,1500,1467,train
585,1.0703248,1.0510498,1.055856,1.0528383,1.0518486384597414,1.5697035,1.5087221,1500,1467,train
586,1.0704232,1.049982,1.0542392,1.0515511,1.0518138893663116,1.5697023,1.4940348,1500,1467,train
587,1.07054,1.0502785,1.054443,1.0518458,1.0517503288194916,1.5697011,1.5096549,1500,1467,train
588,1.0704812,1.0508939,1.0538851,1.0518888,1.0516738700160129,1.5696999,1.5138903,1500,1467,train
589,1.0703808,1.051255,1.0560313,1.0530119,1.0515974081073522,1.5696987,1.5087163,1500,1467,train
590,1.0704188,1.0492887,1.0536472,1.0510043,1.051579600757661,1.5696974,1.5032074,1500,1467,train
591,1.0703799,1.0506529,1.055689,1.0526371,1.0514786807501584,1.5696962,1.5219322,1500,1467,train
592,1.0698254,1.0492706,1.055157,1.0517371,1.0513998329114047,1.569695,1.5153236,1500,1467,train
593,1.0698112,1.047617,1.056187,1.0514991,1.0513451772085984,1.5696938,1.5258281,1500,1467,train
594,1.0698608,1.0479041,1.0548174,1.050996,1.0513029556376379,1.5696926,1.5238663,1500,1467,train
595,1.0699098,1.0486227,1.0549277,1.0513426,1.0512393203396349,1.5696913,1.516519,1500,1467,train
596,1.0698749,1.0482265,1.054469,1.0509024,1.0511694019298363,1.5696901,1.5046242,1500,1467,train
597,1.0696988,1.0467532,1.0564948,1.0511893,1.0511218449756485,1.5696889,1.512214,1500,1467,train
598,1.0696466,1.0462651,1.0562059,1.0508139,1.051107640598409,1.5696877,1.5071875,1500,1467,train
599,1.0697438,1.0470539,1.0555693,1.0509454,1.0510858157452612,1.5696864,1.522201,1500,1467,train
600,1.0696758,1.0476515,1.0549887,1.0509081,1.0510207031177383,1.5696852,1.5117079,1500,1467,train
601,1.0696664,1.0480058,1.0560611,1.0515349,1.0509491472617323,1.569684,1.5059383,1500,1467,train
602,1.0697073,1.0459509,1.0546008,1.0499153,1.0508685041444166,1.5696827,1.5019522,1500,1467,train
603,1.0696139,1.0505615,1.051409,1.050613,1.0508121382099351,1.5696815,1.5154943,1500,1467,train
604,1.0691451,1.0482323,1.0520033,1.0497435,1.0507350469051715,1.5696802,1.4964501,1500,1467,train
605,1.0692383,1.0494988,1.0535663,1.0510427,1.0506743615814331,1.569679,1.4984312,1500,1467,train
606,1.0691184,1.0479608,1.05328,1.050249,1.0506055288755922,1.5696777,1.5071807,1500,1467,train
607,1.0692439,1.0481737,1.0534866,1.0504426,1.0505329491600548,1.5696765,1.5077168,1500,1467,train
608,1.0693357,1.0486941,1.05273,1.05038,1.0504342682156345,1.5696752,1.5186603,1500,1467,train
609,1.0691605,1.0498314,1.0545036,1.0516701,1.050364019762785,1.569674,1.5096978,1500,1467,train
610,1.0691352,1.0489701,1.0533867,1.0508013,1.0502940277682722,1.5696727,1.5176194,1500,1467,train
611,1.0691928,1.0493582,1.0535021,1.0510375,1.0502238032577265,1.5696715,1.5192499,1500,1467,train
612,1.0686885,1.0473001,1.053292,1.0500343,1.0501389647289228,1.5696702,1.5262864,1500,1467,train
613,1.0685798,1.0476159,1.0543437,1.0506337,1.0500924880324731,1.5696689,1.5203791,1500,1467,train
614,1.0686662,1.0462332,1.0538486,1.0498002,1.0500504474585248,1.5696677,1.5256263,1500,1467,train
615,1.0686164,1.0471432,1.0526979,1.0496823,1.0499714083054534,1.5696664,1.5240966,1500,1467,train
616,1.0686003,1.0464528,1.0531923,1.0495403,1.0498915666086273,1.5696651,1.5113807,1500,1467,train
617,1.0685443,1.046904,1.053667,1.0499789,1.0498413066771568,1.5696639,1.5152454,1500,1467,train
618,1.068519,1.0461168,1.0536716,1.0495944,1.0497934569988057,1.5696626,1.5085385,1500,1467,train
619,1.068684,1.0460733,1.0532395,1.0494512,1.0496885714685942,1.5696613,1.5261391,1500,1467,train
620,1.0686262,1.0462409,1.052559,1.0491954,1.0495934505614077,1.56966,1.5210731,1500,1467,train
621,1.0684998,1.045792,1.0547384,1.0499293,1.0495246181174827,1.5696586,1.5074497,1500,1467,train
622,1.068041,1.0486972,1.0506698,1.0493919,1.0494180146952468,1.5696573,1.5072589,1500,1467,train
623,1.0680689,1.0490258,1.0494727,1.0490874,1.0493015116663709,1.5696561,1.5293038,1500,1467,train
624,1.0680416,1.0476003,1.0503622,1.0487932,1.04921162070393,1.5696548,1.5169897,1500,1467,train
625,1.068016,1.0478795,1.0515935,1.0494404,1.0491284036255961,1.5696535,1.5069345,1500,1467,train
626,1.0681173,1.0490321,1.0488836,1.0487993,1.049033381671112,1.5696522,1.5241045,1500,1467,train
627,1.0680623,1.0485734,1.0500797,1.0491266,1.048954453675458,1.5696509,1.5216218,1500,1467,train
628,1.0676018,1.047173,1.0510515,1.0489315,1.048870427945611,1.5696496,1.5211966,1500,1467,train
629,1.0675682,1.0469782,1.0520853,1.0493184,1.048805532583627,1.5696483,1.5219777,1500,1467,train
630,1.0675792,1.0466235,1.0504595,1.048422,1.0486890363726509,1.569647,1.5238506,1500,1467,train
631,1.0675997,1.0456223,1.0513688,1.0483536,1.048595301148911,1.5696455,1.5171485,1500,1467,train
632,1.0676136,1.0472424,1.0499934,1.0484803,1.0484914969484007,1.5696442,1.5213673,1500,1467,train
633,1.0675013,1.0470859,1.0520531,1.0493371,1.0483975690710647,1.5696429,1.5182732,1500,1467,train
634,1.0675504,1.0461457,1.0511149,1.0484931,1.0483409543628972,1.5696416,1.5212814,1500,1467,train
635,1.0676076,1.0459099,1.0513362,1.0484887,1.0483211095817462,1.5696403,1.5217063,1500,1467,train
636,1.0675459,1.0464287,1.0504676,1.0483272,1.048238212237259,1.569639,1.5214998,1500,1467,train
637,1.0669264,1.0481782,1.0489062,1.0484344,1.048164597151415,1.5696375,1.5273035,1500,1467,train
638,1.0670029,1.04278,1.0518247,1.0472988,1.0480564513339445,1.5696362,1.5244825,1500,1467,train
639,1.067003,1.042489,1.051427,1.0469869,1.0480127800263823,1.5696349,1.5250415,1500,1467,train
640,1.0668994,1.0488622,1.0473017,1.0480244,1.0479355842119906,1.5696335,1.530136,1500,1467,train
641,1.0668709,1.0477409,1.0466186,1.0471336,1.0478535059146266,1.5696322,1.5139247,1500,1467,train
642,1.0668968,1.048032,1.0474771,1.0477004,1.047764015058945,1.5696309,1.5238829,1500,1467,train
643,1.06697,1.0478891,1.045549,1.0467242,1.0476757402978658,1.5696294,1.5167376,1500,1467,train
644,1.0668586,1.0480076,1.0489565,1.0484211,1.0475980356062378,1.5696281,1.5372474,1500,1467,train
645,1.0668863,1.0476276,1.0476882,1.0476301,1.047505933727165,1.5696267,1.5279785,1500,1467,train
646,1.0668973,1.0473466,1.0465947,1.0470008,1.0474111726565771,1.5696254,1.5275867,1500,1467,train
647,1.0664653,1.0467182,1.0488735,1.0477945,1.0473286620935682,1.569624,1.5367695,1500,1467,train
648,1.066253,1.0462725,1.0509824,1.0485297,1.0472537151060313,1.5696226,1.5306944,1500,1467,train
649,1.0664288,1.0461684,1.0484673,1.0473326,1.0471612868912243,1.5696212,1.5305679,1500,1467,train
650,1.0664092,1.0453416,1.0489633,1.0471895,1.0470788554995576,1.5696199,1.5321127,1500,1467,train
651,1.0663841,1.0461663,1.0488776,1.047564,1.0470320936852906,1.5696185,1.5413333,1500,1467,train
652,1.0663056,1.0452032,1.050439,1.0478009,1.0469605375700692,1.569617,1.5321697,1500,1467,train
653,1.0663841,1.0449321,1.0474151,1.0463189,1.046915662167408,1.5696157,1.5376838,1500,1467,train
654,1.0663683,1.0443023,1.0475851,1.0461051,1.0468525757224854,1.5696143,1.5365449,1500,1467,train
655,1.0663459,1.0458595,1.0474483,1.046783,1.0468547769806509,1.5696129,1.544158,1500,1467,train
656,1.0662179,1.0447841,1.0496422,1.0472916,1.0467841621271183,1.5696115,1.5431432,1500,1467,train
657,1.0662487,1.0443726,1.0492512,1.04691,1.0467535244513517,1.5696101,1.5393708,1500,1467,train
658,1.0657696,1.0440491,1.0492464,1.0467546,1.0466894734504748,1.5696087,1.537894,1500,1467,train
659,1.0655892,1.0467943,1.0433494,1.045297,1.046648403434933,1.5696073,1.5349276,1500,1467,train
660,1.0657003,1.0471141,1.042838,1.0452194,1.0465882649580578,1.5696058,1.537457,1500,1467,train
661,1.065728,1.0432771,1.0496837,1.0465801,1.0465322028885928,1.5696044,1.532435,1500,1467,train
662,1.0657691,1.0439031,1.0492684,1.0467124,1.0464665432278961,1.569603,1.541337,1500,1467,train
663,1.065585,1.0474354,1.0465897,1.0470979,1.0463988341740378,1.5696015,1.5417383,1500,1467,train
664,1.0652674,1.0455763,1.0453225,1.0456078,1.046316411482281,1.5696001,1.526187,1500,1467,train
665,1.0653208,1.0457169,1.0457078,1.0459027,1.046218524705725,1.5695987,1.5393276,1500,1467,train
666,1.0653008,1.0456573,1.045854,1.0459095,1.0461390731331723,1.5695972,1.5314304,1500,1467,train
667,1.0652857,1.0451996,1.046488,1.04599,1.0460247018279851,1.5695958,1.5312063,1500,1467,train
668,1.0653104,1.0455228,1.0471689,1.0464698,1.0459505110980898,1.5695944,1.5363766,1500,1467,train
669,1.0653483,1.0451334,1.046133,1.045826,1.0458636140333888,1.569593,1.5379983,1500,1467,train
670,1.0647373,1.0433172,1.048795,1.0462221,1.0458213508529886,1.5695915,1.5395929,1500,1467,train
671,1.0647049,1.0439651,1.0478928,1.0461228,1.0457813550009276,1.5695901,1.5439329,1500,1467,train
672,1.0647389,1.0442771,1.0486608,1.0466172,1.0457509117284594,1.5695885,1.5442709,1500,1467,train
673,1.0647119,1.0444514,1.0473411,1.046035,1.0456880906577968,1.5695871,1.5302228,1500,1467,train
674,1.0645878,1.0445442,1.0481846,1.0464624,1.0456742245725918,1.5695857,1.5301268,1500,1467,train
675,1.0646281,1.0435376,1.0479141,1.0459197,1.0455821820321984,1.5695843,1.5395257,1500,1467,train
676,1.0646967,1.043682,1.0467492,1.0454016,1.045510258557738,1.5695827,1.5271828,1500,1467,train
677,1.0646473,1.0445099,1.0464634,1.0456481,1.0454218493746776,1.5695813,1.5272216,1500,1467,train
678,1.0646615,1.0432091,1.0464765,1.0450819,1.0453751911519846,1.5695798,1.5319883,1500,1467,train
679,1.0645627,1.0428225,1.0479926,1.0455477,1.045266897365838,1.5695783,1.5198365,1500,1467,train
680,1.0640994,1.0451361,1.0416187,1.0436747,1.0451624265772441,1.5695769,1.5167271,1500,1467,train
681,1.0640106,1.0457904,1.0440625,1.0451504,1.045053881765479,1.5695753,1.5312072,1500,1467,train
682,1.0640225,1.0448533,1.0415432,1.0435526,1.0449650836732163,1.5695739,1.5264665,1500,1467,train
683,1.0641341,1.0450839,1.0436083,1.0446271,1.044875526110123,1.5695723,1.5325983,1500,1467,train
684,1.0640523,1.0451092,1.0391849,1.042544,1.0447973400261696,1.5695708,1.5153227,1500,1467,train
685,1.0640976,1.0446315,1.0441939,1.0446688,1.0446931089873328,1.5695693,1.5278437,1500,1467,train
686,1.064194,1.0446942,1.0438343,1.0445527,1.0445912016372396,1.5695678,1.5325257,1500,1467,train
687,1.0637408,1.0445926,1.0443422,1.0447661,1.0444814760084407,1.5695664,1.5391366,1500,1467,train
688,1.063564,1.0425388,1.047103,1.0450646,1.044414974324974,1.5695648,1.5323526,1500,1467,train
689,1.0637461,1.0438104,1.0444976,1.0444429,1.0443718020903734,1.5695633,1.5299886,1500,1467,train
690,1.0637512,1.0442624,1.0441364,1.044495,1.0443043856013694,1.5695617,1.5327195,1500,1467,train
691,1.0634882,1.0435927,1.045566,1.0448812,1.044241182444804,1.5695603,1.5417942,1500,1467,train
692,1.0637158,1.04376,1.046169,1.0452595,1.0441331590822132,1.5695587,1.5482035,1500,1467,train
693,1.0636815,1.0434448,1.0449454,1.0444969,1.0440378455511325,1.5695572,1.5337603,1500,1467,train
694,1.0632396,1.0413289,1.0455256,1.0438269,1.0439383327689395,1.5695556,1.540507,1500,1467,train
695,1.0630827,1.0455978,1.041598,1.0439248,1.043869830462571,1.5695541,1.5284593,1500,1467,train
696,1.0631158,1.0446779,1.0404986,1.0430131,1.043797039594653,1.5695525,1.5307249,1500,1467,train
697,1.0631596,1.0443791,1.0380515,1.0416948,1.0437057288430662,1.569551,1.5156088,1500,1467,train
698,1.0631404,1.0418372,1.0440317,1.0433049,1.0436426577890459,1.5695494,1.5235859,1500,1467,train
699,1.0630771,1.0445325,1.039307,1.04235,1.0435469024283603,1.5695479,1.5183222,1500,1467,train
700,1.0631248,1.0406588,1.046364,1.0438215,1.0434756299917718,1.5695463,1.5205477,1500,1467,train
701,1.0631202,1.0452709,1.03982,1.0429745,1.0433905782773687,1.5695448,1.5311048,1500,1467,train
702,1.0624526,1.0441226,1.043152,1.0439528,1.043287011091355,1.5695432,1.5258937,1500,1467,train
703,1.0625552,1.0441585,1.0408028,1.0429014,1.0431982416963745,1.5695416,1.5273056,1500,1467,train
704,1.0626005,1.0439105,1.0423089,1.0435047,1.0431158580246056,1.56954,1.5339298,1500,1467,train
705,1.0625842,1.0434387,1.0417821,1.0430273,1.043040051792689,1.5695385,1.5287209,1500,1467,train
706,1.0625656,1.0438992,1.0430369,1.0438075,1.0429152376171091,1.5695369,1.528022,1500,1467,train
707,1.0626073,1.0435468,1.0433503,1.0438291,1.042845310053774,1.5695353,1.537284,1500,1467,train
708,1.0621383,1.0431162,1.0435137,1.0436816,1.042717382268935,1.5695337,1.5310551,1500,1467,train
709,1.0620028,1.0414352,1.0443702,1.0432667,1.0426535938854564,1.5695322,1.5212398,1500,1467,train
710,1.0620944,1.0416338,1.0427465,1.0425779,1.0425955625797299,1.5695305,1.5124546,1500,1467,train
711,1.0621436,1.04122,1.0419077,1.042061,1.0425274672601241,1.5695289,1.5254647,1500,1467,train
712,1.0620198,1.0426513,1.0437118,1.0435729,1.042445649484835,1.5695273,1.5339897,1500,1467,train
713,1.0620846,1.0404997,1.0431048,1.0423224,1.0423569130911894,1.5695257,1.5355085,1500,1467,train
714,1.0621531,1.0406753,1.0420629,1.0419217,1.0422972920996558,1.569524,1.5344616,1500,1467,train
715,1.0615267,1.0439476,1.0369693,1.0410655,1.042221513695571,1.5695225,1.5302557,1500,1467,train
716,1.0615702,1.0439777,1.0364522,1.0408428,1.0421549832743189,1.5695208,1.5302479,1500,1467,train
717,1.0615128,1.0439857,1.039225,1.042169,1.0420898142026869,1.5695192,1.5434124,1500,1467,train
718,1.0615573,1.0435181,1.0387291,1.0417459,1.0420295443010057,1.5695176,1.5473945,1500,1467,train
719,1.061463,1.0438298,1.0399017,1.0424054,1.0419652482256596,1.569516,1.5429506,1500,1467,train
720,1.0614502,1.0436442,1.0362685,1.0406573,1.0418519212418038,1.5695143,1.5422504,1500,1467,train
721,1.0615923,1.0436295,1.0370287,1.0410252,1.041775743678715,1.5695126,1.5487669,1500,1467,train
722,1.0614586,1.0431354,1.0387422,1.0415343,1.041671759653061,1.5695109,1.5369697,1500,1467,train
723,1.0614196,1.0433334,1.0375559,1.0411383,1.0415225170398785,1.5695093,1.550433,1500,1467,train
724,1.0609536,1.042413,1.0399448,1.0417875,1.041417039521557,1.5695077,1.5447258,1500,1467,train
725,1.0609858,1.042704,1.0392749,1.0415696,1.0413079798031022,1.569506,1.534141,1500,1467,train
726,1.0608822,1.0410752,1.0411419,1.0416946,1.0411814475059842,1.5695044,1.5372701,1500,1467,train
727,1.0609399,1.0416731,1.0411078,1.0419729,1.0410839223319297,1.5695027,1.5424726,1500,1467,train
728,1.06091,1.0408306,1.0417463,1.041908,1.0410340405549312,1.569501,1.548969,1500,1467,train
729,1.0608373,1.0416064,1.0396632,1.0412412,1.0409291467028317,1.5694993,1.5326324,1500,1467,train
730,1.0609136,1.0404967,1.0414542,1.0415883,1.0408627854735002,1.5694976,1.5407003,1500,1467,train
731,1.0604101,1.0390344,1.042541,1.0413861,1.0407759525105578,1.5694959,1.5327647,1500,1467,train
732,1.060423,1.0434593,1.0370399,1.0409279,1.040713921581823,1.5694942,1.5427732,1500,1467,train
733,1.0603019,1.0382792,1.0428736,1.0412242,1.0406649063018296,1.5694926,1.539934,1500,1467,train
734,1.0602773,1.0432924,1.0349256,1.0399245,1.0406136248248632,1.5694908,1.5521692,1500,1467,train
735,1.0603472,1.0424678,1.0352014,1.0396694,1.0405508839300013,1.5694891,1.5507576,1500,1467,train
736,1.0603681,1.0426124,1.0353,1.0397389,1.0404799600271484,1.5694875,1.5408255,1500,1467,train
737,1.0598756,1.0425104,1.0359261,1.0399587,1.0403623360653496,1.5694857,1.5360355,1500,1467,train
738,1.0597547,1.0425369,1.0368961,1.0403856,1.0403200264314256,1.569484,1.5292361,1500,1467,train
739,1.0597612,1.0415148,1.0365136,1.0397394,1.0402246849996093,1.5694823,1.5277935,1500,1467,train
740,1.0598258,1.0418533,1.0359792,1.0396429,1.0401206875325675,1.5694805,1.526299,1500,1467,train
741,1.0597454,1.0422515,1.0348583,1.0392977,1.0400192672397317,1.5694788,1.5229888,1500,1467,train
742,1.0597093,1.0412556,1.0366232,1.0396358,1.0398753224370734,1.5694771,1.5193317,1500,1467,train
743,1.0597234,1.0413834,1.037326,1.040033,1.0397765601692848,1.5694753,1.523524,1500,1467,train
744,1.0597173,1.0417883,1.0359467,1.0395896,1.039708222356561,1.5694736,1.5241982,1500,1467,train
745,1.0596665,1.0408576,1.0392581,1.0407288,1.0396626222206065,1.5694718,1.5358855,1500,1467,train
746,1.0597032,1.0408324,1.0370842,1.039695,1.039546458496325,1.56947,1.5290773,1500,1467,train
747,1.059142,1.040693,1.0373107,1.0397043,1.039455336439902,1.5694683,1.5217806,1500,1467,train
748,1.0595086,1.0406318,1.0373989,1.0397065,1.039363680610782,1.5694666,1.5193398,1500,1467,train
749,1.0594742,1.0395304,1.0383064,1.0396615,1.0392504968082215,1.5694648,1.5292115,1500,1467,train
750,1.0591707,1.0393622,1.036294,1.0386432,1.0391664776316585,1.569463,1.5240202,1500,1467,train
751,1.0590814,1.0402666,1.0398818,1.0407025,1.0390582719975805,1.5694612,1.5257984,1500,1467,train
752,1.0590982,1.0392205,1.0372981,1.0389878,1.0389816904908076,1.5694594,1.5122395,1500,1467,train
753,1.0586714,1.041837,1.0331162,1.038273,1.0389225702409335,1.5694577,1.5136566,1500,1467,train
754,1.0584389,1.0416656,1.0349382,1.0390476,1.0388355312748128,1.5694559,1.5182806,1500,1467,train
755,1.0585703,1.0412331,1.0337379,1.0382967,1.0387922680367763,1.5694541,1.5170212,1500,1467,train
756,1.0586647,1.0409929,1.0343133,1.0384581,1.0387526532526585,1.5694523,1.5188491,1500,1467,train
757,1.058637,1.0415658,1.0336552,1.0384206,1.0387049034126612,1.5694504,1.5194511,1500,1467,train
758,1.058664,1.0411365,1.0334647,1.0381092,1.0386644371444187,1.5694486,1.5126681,1500,1467,train
759,1.0586249,1.0410147,1.0336615,1.0381516,1.038621990598967,1.5694468,1.5145195,1500,1467,train
760,1.0580449,1.0395741,1.0351988,1.0382379,1.0385164336473887,1.569445,1.5237744,1500,1467,train
761,1.0580169,1.0399326,1.0340481,1.0378395,1.0384308441964563,1.5694431,1.5153924,1500,1467,train
762,1.0580578,1.039812,1.036352,1.0389009,1.0383579717675562,1.5694413,1.5302672,1500,1467,train
763,1.0580798,1.039615,1.0346464,1.0379952,1.038272019396445,1.5694395,1.5216978,1500,1467,train
764,1.057975,1.0390915,1.0367416,1.0387254,1.0381982166603987,1.5694376,1.5242076,1500,1467,train
765,1.0579879,1.0394634,1.0364743,1.0387415,1.038105300391976,1.5694358,1.5168638,1500,1467,train
766,1.0580497,1.0396959,1.0339705,1.0377251,1.0380083601721188,1.5694339,1.5221741,1500,1467,train
767,1.0579584,1.038707,1.0372727,1.0387952,1.0379010118545076,1.569432,1.5247095,1500,1467,train
768,1.0580324,1.0392662,1.0363246,1.0386586,1.0377987175015235,1.5694302,1.534732,1500,1467,train
769,1.0574799,1.0409162,1.031696,1.0372353,1.037722548929962,1.5694283,1.5208964,1500,1467,train
770,1.0573424,1.0406739,1.0315963,1.0370557,1.0376324850304812,1.5694264,1.5153483,1500,1467,train
771,1.0574739,1.0405952,1.0327157,1.0375988,1.0375766018816068,1.5694246,1.5311761,1500,1467,train
772,1.0570694,1.0396128,1.0322224,1.0368923,1.0374938785461227,1.5694227,1.52318,1500,1467,train
773,1.0569775,1.0401406,1.0324765,1.0372795,1.0374119284900776,1.5694208,1.5304669,1500,1467,train
774,1.0570914,1.0399462,1.033324,1.037584,1.0373414927056441,1.5694189,1.5317752,1500,1467,train
775,1.0572336,1.0399952,1.0326258,1.0372676,1.0372651439201164,1.569417,1.5271564,1500,1467,train
776,1.0570426,1.0395036,1.0347244,1.0380095,1.0371614948896042,1.5694151,1.5286398,1500,1467,train
777,1.0570925,1.0400252,1.0324514,1.0372175,1.0371347027928137,1.5694132,1.5309355,1500,1467,train
778,1.0570835,1.0399504,1.0321285,1.037037,1.0370580588772818,1.5694113,1.5312343,1500,1467,train
779,1.0563519,1.0382316,1.0364323,1.0382059,1.0369580002877863,1.5694094,1.5273776,1500,1467,train
780,1.0565033,1.0383332,1.032056,1.0362215,1.0368820409649935,1.5694075,1.5202985,1500,1467,train
781,1.0565404,1.038233,1.0325941,1.0364453,1.0367882955778576,1.5694056,1.5258257,1500,1467,train
782,1.056404,1.0402416,1.0309476,1.0366105,1.0367016624644327,1.5694035,1.5266722,1500,1467,train
783,1.0564456,1.0377059,1.0320176,1.0359179,1.0366210865702585,1.5694016,1.5201976,1500,1467,train
784,1.0564746,1.0370593,1.033403,1.0362843,1.0365269196479068,1.5693997,1.5266452,1500,1467,train
785,1.0563743,1.037906,1.0345684,1.0371892,1.0364330505017145,1.5693977,1.523507,1500,1467,train
786,1.0564003,1.0395621,1.0307487,1.0361841,1.0363444067424004,1.5693958,1.5205038,1500,1467,train
787,1.0564646,1.0371504,1.0319525,1.0356025,1.0362398699349353,1.5693938,1.5124753,1500,1467,train
788,1.0557452,1.0396304,1.0305272,1.0360963,1.0361787643585565,1.5693918,1.5163902,1500,1467,train
789,1.0557781,1.0394541,1.0306072,1.0360826,1.036095892214647,1.5693898,1.5234283,1500,1467,train
790,1.0558832,1.0394527,1.0306445,1.036063,1.0360464205295934,1.5693879,1.514946,1500,1467,train
791,1.0557415,1.039219,1.030727,1.0360327,1.035987526766299,1.5693859,1.5239755,1500,1467,train
792,1.0557688,1.0393991,1.0304054,1.0359426,1.0359073424220822,1.5693839,1.5180652,1500,1467,train
793,1.0557835,1.0394721,1.030581,1.0360376,1.0358742804199708,1.569382,1.5137315,1500,1467,train
794,1.0552809,1.0383815,1.0305848,1.035538,1.0358188321666955,1.5693799,1.5126007,1500,1467,train
795,1.0553097,1.0378478,1.0311123,1.035534,1.0357351133530437,1.5693779,1.5120834,1500,1467,train
796,1.0553811,1.0378863,1.0311409,1.0355884,1.035644474735666,1.5693759,1.5176653,1500,1467,train
797,1.0553939,1.038531,1.0305697,1.035592,1.035571436616951,1.5693738,1.5109345,1500,1467,train
798,1.0553163,1.0376521,1.0314952,1.0356396,1.0354740632727983,1.5693718,1.5166764,1500,1467,train
799,1.0553565,1.038718,1.029754,1.0353223,1.0354004059051753,1.5693698,1.515173,1500,1467,train
800,1.0547807,1.0394595,1.0295306,1.0355709,1.0353448489138244,1.5693678,1.5182619,1500,1467,train
801,1.0547976,1.0391315,1.029781,1.0355169,1.035270121848782,1.5693657,1.5137706,1500,1467,train
802,1.0548307,1.0385102,1.0294603,1.0350915,1.0352332050790558,1.5693637,1.5147425,1500,1467,train
803,1.05475,1.0389724,1.0292759,1.0352328,1.0351790090728028,1.5693616,1.5183194,1500,1467,train
804,1.0547231,1.0388799,1.0295502,1.035289,1.0351140842412914,1.5693595,1.5119528,1500,1467,train
805,1.0548098,1.0386314,1.029667,1.0352565,1.035094798738532,1.5693575,1.5183237,1500,1467,train
806,1.0541388,1.0384508,1.0296005,1.0351332,1.0350292628422921,1.5693554,1.5158361,1500,1467,train
807,1.0541834,1.0383554,1.0295446,1.0350227,1.034945750477345,1.5693533,1.506138,1500,1467,train
808,1.0541295,1.0378816,1.0294136,1.03475,1.0348758453685263,1.5693512,1.5067679,1500,1467,train
809,1.0541958,1.0383246,1.0291457,1.0348456,1.034783478779433,1.5693492,1.5106194,1500,1467,train
810,1.0541736,1.0377342,1.029653,1.0348313,1.0347034747841906,1.569347,1.5158901,1500,1467,train
811,1.0542425,1.0376184,1.0295779,1.0347197,1.0346549433752679,1.569345,1.5101442,1500,1467,train
812,1.0541503,1.0383639,1.0291086,1.0348356,1.034584693145714,1.5693429,1.5080751,1500,1467,train
813,1.0540725,1.037408,1.029262,1.0344648,1.0345060178308758,1.5693407,1.5067401,1500,1467,train
814,1.054175,1.0371784,1.029185,1.0343357,1.0344429771482364,1.5693386,1.5092003,1500,1467,train
815,1.0535752,1.0363607,1.0292107,1.0339328,1.0343899523842566,1.5693364,1.4993412,1500,1467,train
816,1.0536109,1.0377747,1.0287502,1.0343803,1.0343345606560954,1.5693344,1.5026939,1500,1467,train
817,1.0536264,1.0376331,1.0283179,1.0341547,1.0342807683694137,1.5693322,1.5111952,1500,1467,train
818,1.0535986,1.0362448,1.0287408,1.0336607,1.0342280769291774,1.5693301,1.4983159,1500,1467,train
819,1.0535177,1.0381069,1.0286149,1.0344763,1.0341947968136778,1.569328,1.5042269,1500,1467,train
820,1.0536453,1.0374063,1.0286034,1.0341299,1.0341288670156423,1.5693257,1.4990478,1500,1467,train
821,1.0530679,1.0373532,1.0287501,1.0341381,1.0340569042970809,1.5693235,1.4910492,1500,1467,train
822,1.0530312,1.0376192,1.0282869,1.0340928,1.0339896761684209,1.5693214,1.5015565,1500,1467,train
823,1.0532076,1.0376756,1.0285774,1.0342389,1.0339274593580872,1.5693192,1.4986801,1500,1467,train
824,1.0531394,1.0371569,1.0281161,1.0338131,1.0338713709620786,1.569317,1.503609,1500,1467,train
825,1.0526626,1.036504,1.0281564,1.0335186,1.0338116168851417,1.5693148,1.4999518,1500,1467,train
826,1.053129,1.0374601,1.0279821,1.0339044,1.033763368971241,1.5693127,1.5070028,1500,1467,train
827,1.0525557,1.0364044,1.0281051,1.0334827,1.0337168301279476,1.5693104,1.5076095,1500,1467,train
828,1.0526301,1.036219,1.02808,1.0333704,1.0336618361304064,1.5693083,1.5037947,1500,1467,train
829,1.0526196,1.0366646,1.0282305,1.0335929,1.033614648676683,1.569306,1.4923954,1500,1467,train
830,1.0526098,1.0364734,1.0278509,1.0333797,1.0335782660036728,1.5693038,1.5033945,1500,1467,train
831,1.0526052,1.0356107,1.0280759,1.0330274,1.0335358451178256,1.5693016,1.4889394,1500,1467,train
832,1.0521095,1.0372671,1.027984,1.0338211,1.0334985908742123,1.5692993,1.5078502,1500,1467,train
833,1.0520374,1.0370831,1.0276605,1.0336008,1.0334654301138106,1.5692971,1.5105187,1500,1467,train
834,1.0520786,1.0371283,1.0278476,1.0337044,1.0334258482095207,1.5692948,1.509915,1500,1467,train
835,1.0521052,1.0372298,1.0276238,1.0336804,1.033386505361047,1.5692925,1.5174632,1500,1467,train
836,1.0520289,1.0373445,1.0275897,1.0336907,1.0333440329831811,1.5692903,1.5112809,1500,1467,train
837,1.0521148,1.0369738,1.0278199,1.0336018,1.0332907632635389,1.569288,1.505353,1500,1467,train
838,1.0516452,1.0364578,1.0276989,1.0333139,1.0332506504433199,1.5692858,1.5058994,1500,1467,train
839,1.0515558,1.0368618,1.0271353,1.0332624,1.0332051992588986,1.5692835,1.5111097,1500,1467,train
840,1.0515839,1.0361478,1.0270499,1.0329242,1.033146910187959,1.5692812,1.5171559,1500,1467,train
841,1.051679,1.0361215,1.0273749,1.0329942,1.0330844902744167,1.5692788,1.5016102,1500,1467,train
842,1.0515087,1.0362444,1.0269957,1.0329393,1.0330355926565222,1.5692766,1.5162141,1500,1467,train
843,1.0516181,1.0360503,1.0270704,1.0328382,1.0329795167892484,1.5692743,1.5052651,1500,1467,train
844,1.0510823,1.0349181,1.0269343,1.03226,1.0329116813598807,1.5692719,1.5051318,1500,1467,train
845,1.0509034,1.0363824,1.0266513,1.0328399,1.032867626932255,1.5692697,1.5150976,1500,1467,train
846,1.0510478,1.0366037,1.0269232,1.0330641,1.032819300983779,1.5692673,1.5149076,1500,1467,train
847,1.0510635,1.0366457,1.0267783,1.0330238,1.0327736952152942,1.5692649,1.5165124,1500,1467,train
848,1.0509734,1.036537,1.0267228,1.0329362,1.032724051198036,1.5692626,1.5135074,1500,1467,train
849,1.0509267,1.0363413,1.0268234,1.0328647,1.0326891227492903,1.5692602,1.5068804,1500,1467,train
850,1.050961,1.0361462,1.0267205,1.0327351,1.0326435199860815,1.5692579,1.5083482,1500,1467,train
851,1.0508318,1.036311,1.0262817,1.0326496,1.0325842558339702,1.5692555,1.5177288,1500,1467,train
852,1.0509691,1.0360007,1.0266039,1.032624,1.0325413469593114,1.5692531,1.5103269,1500,1467,train
853,1.0503954,1.0359186,1.0265452,1.0325354,1.0324893961941028,1.5692507,1.5046566,1500,1467,train
854,1.0502558,1.035639,1.0266238,1.0324361,1.0324259864052219,1.5692483,1.502795,1500,1467,train
855,1.0503908,1.0353428,1.0262207,1.0321537,1.0323726231466952,1.5692459,1.5113591,1500,1467,train
856,1.0503738,1.03576,1.0262817,1.0323732,1.0323186295443099,1.5692436,1.511734,1500,1467,train
857,1.0504775,1.0354025,1.0260338,1.0321267,1.032243393882847,1.5692412,1.5186836,1500,1467,train
858,1.0498884,1.0349039,1.0260694,1.0318813,1.032197645219284,1.5692387,1.5105755,1500,1467,train
859,1.0499501,1.0346975,1.0261122,1.0317829,1.0321481677585918,1.5692363,1.5049765,1500,1467,train
860,1.0498949,1.0349196,1.0259546,1.0318273,1.0320968855174806,1.5692338,1.5085579,1500,1467,train
861,1.0500238,1.035056,1.0259515,1.0319206,1.0320493990752269,1.5692314,1.5161618,1500,1467,train
862,1.0493585,1.035797,1.0260164,1.0322251,1.0320111051275531,1.5692289,1.5016096,1500,1467,train
863,1.0493246,1.0352964,1.0258683,1.0319703,1.031970119019431,1.5692265,1.5110967,1500,1467,train
864,1.0493906,1.0349957,1.0255448,1.0318118,1.0319251688412852,1.569224,1.5409188,1500,1467,train
865,1.0492941,1.0355319,1.0258377,1.0321368,1.0318760294053122,1.5692215,1.5283167,1500,1467,train
866,1.0493726,1.0351071,1.0255584,1.0318629,1.0318185199726846,1.569219,1.539509,1500,1467,train
867,1.0493312,1.0350118,1.0256532,1.0318319,1.0317674150347693,1.5692165,1.5321372,1500,1467,train
868,1.0492587,1.0353144,1.0254723,1.0318708,1.0317071641260016,1.5692141,1.5283551,1500,1467,train
869,1.0492557,1.0349504,1.0255064,1.0317342,1.0316504901304577,1.5692115,1.5315334,1500,1467,train
870,1.0487416,1.0350615,1.0254089,1.0317366,1.0315930692522222,1.569209,1.5307016,1500,1467,train
871,1.0485827,1.0346824,1.0254586,1.0315788,1.0315296650688701,1.5692065,1.528809,1500,1467,train
872,1.0486655,1.0346326,1.0251443,1.0315024,1.031479942887429,1.569204,1.5502498,1500,1467,train
873,1.0486978,1.0348701,1.0252813,1.0316222,1.0314284068422368,1.5692015,1.5380571,1500,1467,train
874,1.0486414,1.0342503,1.0251464,1.031308,1.0313773322811022,1.5691988,1.545167,1500,1467,train
875,1.048615,1.0343466,1.0248586,1.0312396,1.0313247874918647,1.5691963,1.5497925,1500,1467,train
876,1.0486026,1.0345552,1.0249466,1.0313578,1.031271381608639,1.5691937,1.5457069,1500,1467,train
877,1.0485289,1.0339569,1.0251526,1.0311571,1.0312160744899386,1.5691912,1.5403476,1500,1467,train
878,1.0485303,1.0339328,1.0248017,1.0309907,1.0311618216696545,1.5691886,1.5415393,1500,1467,train
879,1.0479949,1.0345603,1.0244989,1.0311853,1.0311154110919816,1.569186,1.5528632,1500,1467,train
880,1.0479743,1.0341824,1.0246252,1.0310163,1.0310593219507291,1.5691835,1.5397915,1500,1467,train
881,1.0481251,1.0334295,1.0247806,1.0307515,1.0309966531851966,1.5691808,1.5414228,1500,1467,train
882,1.0479243,1.0344108,1.0243276,1.0310099,1.030932001374793,1.5691782,1.5459152,1500,1467,train
883,1.0481324,1.0338842,1.0242609,1.0307552,1.0308632024128308,1.5691756,1.5496271,1500,1467,train
884,1.0475836,1.033433,1.0247065,1.0306565,1.0307809167055055,1.569173,1.5265385,1500,1467,train
885,1.0473791,1.0341356,1.0243766,1.0308355,1.0306896801353682,1.5691704,1.5289173,1500,1467,train
886,1.04753,1.0338354,1.0243734,1.0307348,1.0305994750824112,1.5691676,1.5377837,1500,1467,train
887,1.0475582,1.0333655,1.0243613,1.0304711,1.0305112568194448,1.569165,1.5272907,1500,1467,train
888,1.0473708,1.0337847,1.0240045,1.0305053,1.0304369785828187,1.5691624,1.5288383,1500,1467,train
889,1.0474273,1.0334532,1.023964,1.0303596,1.0303534751391947,1.5691596,1.5344602,1500,1467,train
890,1.0474284,1.0336818,1.0239524,1.0304412,1.030278199005059,1.569157,1.5304068,1500,1467,train
891,1.0474504,1.0335553,1.0239934,1.0303613,1.0302039850565021,1.5691543,1.5207217,1500,1467,train
892,1.0473914,1.0332587,1.0237869,1.0301546,1.0301288421211763,1.5691516,1.5260882,1500,1467,train
893,1.0467674,1.0337694,1.0237869,1.0303743,1.0300580364852576,1.5691489,1.523072,1500,1467,train
894,1.0468357,1.0331609,1.0240555,1.0301176,1.029992600948502,1.5691462,1.4991632,1500,1467,train
895,1.0469217,1.0317824,1.0236431,1.0293882,1.0299167960774653,1.5691434,1.5193548,1500,1467,train
896,1.0467492,1.0337268,1.0234388,1.0300056,1.0298560235305125,1.5691407,1.4790453,1500,1467,train
897,1.046781,1.0329227,1.0237354,1.0297356,1.0297880177319556,1.5691379,1.4700389,1500,1467,train
898,1.0468775,1.0330806,1.0235636,1.0297438,1.0297133164804269,1.5691352,1.4734148,1500,1467,train
899,1.0467379,1.0330944,1.0233194,1.02963,1.0296687555787054,1.5691324,1.4715258,1500,1467,train
900,1.0463202,1.0331773,1.0230603,1.0295926,1.0295814479306307,1.5691297,1.4813946,1500,1467,train
901,1.0463048,1.0329267,1.0231929,1.029466,1.0294980289776605,1.5691268,1.4648019,1500,1467,train
902,1.0463687,1.0327781,1.0231626,1.0294044,1.029425486648515,1.5691241,1.4692807,1500,1467,train
903,1.046494,1.0326071,1.023131,1.0293003,1.029341553958023,1.5691212,1.4666256,1500,1467,train
904,1.0458717,1.0319319,1.0228266,1.028865,1.02926280880629,1.5691185,1.4691925,1500,1467,train
905,1.0458505,1.0322553,1.0227841,1.0289919,1.029190714973441,1.5691156,1.4689765,1500,1467,train
906,1.0459499,1.0317894,1.0229467,1.028815,1.0291186801606527,1.5691128,1.4601461,1500,1467,train
907,1.04586,1.0324103,1.0225962,1.029005,1.0290401200561692,1.56911,1.4754415,1500,1467,train
908,1.0459459,1.0320004,1.0226471,1.0288267,1.0289749756018804,1.5691072,1.4720374,1500,1467,train
909,1.0453607,1.0322082,1.0226699,1.0289364,1.028912027459067,1.5691043,1.4731048,1500,1467,train
910,1.045215,1.0324287,1.0228351,1.0290501,1.0288573027024122,1.5691015,1.4590225,1500,1467,train
911,1.0452895,1.0325183,1.022487,1.0289896,1.0287908820722977,1.5690986,1.4721154,1500,1467,train
912,1.0452895,1.0323907,1.0226761,1.0289731,1.0287236097879489,1.5690956,1.4619699,1500,1467,train
913,1.0451527,1.0322356,1.0224758,1.0288068,1.0286547978733271,1.5690928,1.4610457,1500,1467,train
914,1.0452973,1.0323708,1.0224777,1.0288885,1.0285967069184034,1.5690899,1.4653934,1500,1467,train
915,1.045201,1.03184,1.0219427,1.0284209,1.0285456042756225,1.5690869,1.469659,1500,1467,train
916,1.0452482,1.0321312,1.0223869,1.0287037,1.028471650768136,1.569084,1.4576883,1500,1467,train
917,1.0447016,1.0318079,1.0222842,1.0284934,1.0284025047845269,1.5690811,1.4540744,1500,1467,train
918,1.0446573,1.0318446,1.0218068,1.0283047,1.0283307502778736,1.5690781,1.456985,1500,1467,train
919,1.0446526,1.0314575,1.0218116,1.0281447,1.0282609567233958,1.5690751,1.46014,1500,1467,train
920,1.0447401,1.0317582,1.0220844,1.0283674,1.028201660890327,1.5690722,1.4514055,1500,1467,train
921,1.0445979,1.0309879,1.0216458,1.0278529,1.0281346187890743,1.5690693,1.4596672,1500,1467,train
922,1.0447565,1.0310822,1.0216767,1.0279013,1.028075494224347,1.5690662,1.4577193,1500,1467,train
923,1.0447043,1.0315592,1.0214204,1.0280361,1.0280216126326294,1.5690632,1.4655753,1500,1467,train
924,1.0441992,1.0294064,1.0215836,1.027069,1.0279595876766447,1.5690602,1.4517118,1500,1467,train
925,1.0442876,1.0315858,1.0217775,1.0281651,1.027911814104956,1.5690572,1.4551201,1500,1467,train
926,1.0441576,1.031517,1.0214645,1.0280057,1.027868474706254,1.5690541,1.4585079,1500,1467,train
927,1.0442519,1.0311115,1.0213434,1.0277891,1.0278013049226151,1.5690511,1.4637806,1500,1467,train
928,1.0437598,1.0314686,1.0215454,1.0280296,1.0277259606445839,1.569048,1.4605042,1500,1467,train
929,1.0436146,1.0310434,1.0212413,1.0277245,1.0276522091926446,1.5690451,1.4667313,1500,1467,train
930,1.0437268,1.031005,1.0213834,1.0277293,1.027558657649874,1.569042,1.4571128,1500,1467,train
931,1.0436717,1.0310965,1.0209333,1.0276119,1.027472496572726,1.5690389,1.467675,1500,1467,train
932,1.04366,1.0309047,1.0212244,1.0275917,1.0273866441182733,1.5690358,1.4528115,1500,1467,train
933,1.043677,1.030591,1.021151,1.0274248,1.0273114683355216,1.5690327,1.4549423,1500,1467,train
934,1.0430049,1.0302156,1.0208516,1.027105,1.0272435483182942,1.5690296,1.4522637,1500,1467,train
935,1.0430738,1.0293335,1.020691,1.0266552,1.0271769481384525,1.5690265,1.4579498,1500,1467,train
936,1.0431346,1.0304104,1.0207586,1.0272063,1.0271222453799873,1.5690233,1.4646727,1500,1467,train
937,1.0429878,1.0303658,1.0207409,1.027199,1.0270523526945974,1.5690202,1.4694514,1500,1467,train
938,1.0431427,1.0300711,1.0207165,1.0270259,1.0270007483840025,1.5690169,1.4631732,1500,1467,train
939,1.0430017,1.0295151,1.0205139,1.0266896,1.0269464309948326,1.5690138,1.4653049,1500,1467,train
940,1.0430564,1.02844,1.0205315,1.0262415,1.0269011977914921,1.5690106,1.47286,1500,1467,train
941,1.0425175,1.0304086,1.0204908,1.0270964,1.0268225194470764,1.5690074,1.4677038,1500,1467,train
942,1.0424548,1.0301888,1.0203835,1.026948,1.0267690277987218,1.5690042,1.4678576,1500,1467,train
943,1.0425403,1.0301306,1.0203458,1.0269032,1.0266928470602468,1.569001,1.4676255,1500,1467,train
944,1.0425286,1.0304757,1.0202435,1.0271788,1.0266197606816023,1.5689977,1.5054628,1500,1467,train
945,1.0424131,1.0296179,1.0201658,1.0266888,1.026531609204352,1.5689945,1.4907374,1500,1467,train
946,1.0420321,1.0285995,1.0200936,1.0261757,1.0264651390857358,1.5689913,1.4869775,1500,1467,train
947,1.0419623,1.0293448,1.0199784,1.0264714,1.0263809569654192,1.568988,1.4890192,1500,1467,train
948,1.0419557,1.0284146,1.0199112,1.0260156,1.0263131080649617,1.5689847,1.488686,1500,1467,train
949,1.0420341,1.029024,1.0198823,1.0262753,1.0262474552140641,1.5689814,1.4876251,1500,1467,train
950,1.0419484,1.0277677,1.019766,1.0256332,1.0261461772492737,1.5689782,1.4837927,1500,1467,train
951,1.0420601,1.0271742,1.0196903,1.0253229,1.0260737389761292,1.5689749,1.4825317,1500,1467,train
952,1.0419322,1.0284817,1.0193614,1.025926,1.0260059101540489,1.5689715,1.5191041,1500,1467,train
953,1.0419866,1.0288355,1.0195847,1.0261538,1.0259261608134376,1.5689682,1.5108426,1500,1467,train
954,1.0414617,1.028687,1.0194727,1.026027,1.0258552971754182,1.5689648,1.5089753,1500,1467,train
955,1.0414166,1.0293188,1.0193413,1.0262779,1.0257580611586177,1.5689615,1.5144056,1500,1467,train
956,1.0414369,1.0290776,1.0192927,1.0261743,1.0256784796301455,1.568958,1.5210544,1500,1467,train
957,1.0414499,1.028843,1.0192059,1.0259959,1.0255994117041871,1.5689547,1.5135851,1500,1467,train
958,1.0414001,1.0284995,1.0191065,1.0258216,1.0255242494573293,1.5689514,1.5200467,1500,1467,train
959,1.0409983,1.0277218,1.0189897,1.025358,1.0254488757988758,1.5689479,1.5069692,1500,1467,train
960,1.0407703,1.0276031,1.0189246,1.025358,1.0253575548649916,1.5689445,1.5265586,1500,1467,train
961,1.0409358,1.0270188,1.0188624,1.02502,1.0252680797620335,1.568941,1.5163639,1500,1467,train
962,1.0409501,1.028076,1.0187699,1.0254725,1.0251958657343372,1.5689375,1.5195172,1500,1467,train
963,1.0408659,1.026807,1.0186722,1.0248368,1.0251266661606862,1.5689341,1.5164046,1500,1467,train
964,1.0403906,1.0265932,1.0186235,1.0247009,1.0250455026877607,1.5689306,1.5126013,1500,1467,train
965,1.0402772,1.0259916,1.0184857,1.0243932,1.0249524791690496,1.5689272,1.519448,1500,1467,train
966,1.0404576,1.0273331,1.0184938,1.0250031,1.0248561776608418,1.5689237,1.518358,1500,1467,train
967,1.0404263,1.0261917,1.0183369,1.0243847,1.0247703988424064,1.5689201,1.5121026,1500,1467,train
968,1.0403658,1.0273076,1.018278,1.0249277,1.0246866339073502,1.5689167,1.5265665,1500,1467,train
969,1.0398452,1.0268528,1.0181836,1.0246315,1.024610973586589,1.5689131,1.515792,1500,1467,train
970,1.0399411,1.0276891,1.0181028,1.024978,1.0245302242909478,1.5689095,1.5164247,1500,1467,train
971,1.0397738,1.0266618,1.0180358,1.0244781,1.0244464899621861,1.568906,1.5160673,1500,1467,train
972,1.0399431,1.0267891,1.0179492,1.0245329,1.0243401598418744,1.5689024,1.5246049,1500,1467,train
973,1.0398009,1.0256861,1.0178338,1.0239232,1.0242440312437047,1.5688988,1.5117908,1500,1467,train
974,1.0398763,1.0255767,1.0177733,1.0238614,1.0241489856925368,1.5688952,1.5154704,1500,1467,train
975,1.0391902,1.0257683,1.0176827,1.02393,1.0240660119632712,1.5688915,1.5207801,1500,1467,train
976,1.0392573,1.0259929,1.0176169,1.0239209,1.023956095465681,1.568888,1.5018917,1500,1467,train
977,1.0393983,1.0253062,1.0175176,1.0235655,1.0238263345055583,1.5688843,1.5025032,1500,1467,train
978,1.0391955,1.0255157,1.017454,1.0236872,1.0237281015012019,1.5688807,1.5153706,1500,1467,train
979,1.0393091,1.0254833,1.0173732,1.0235983,1.0236363484420812,1.568877,1.506731,1500,1467,train
980,1.0386534,1.0270246,1.0172887,1.0242398,1.0235463453258642,1.5688733,1.5017104,1500,1467,train
981,1.0387435,1.0259053,1.0172217,1.023708,1.023475275371448,1.5688696,1.5036927,1500,1467,train
982,1.038687,1.0258121,1.0171541,1.0235909,1.0233776253987759,1.5688658,1.4935818,1500,1467,train
983,1.0386992,1.0255355,1.0170236,1.0234482,1.023297924671815,1.5688621,1.5035058,1500,1467,train
984,1.0387355,1.0253669,1.0169595,1.0232815,1.0232219412690104,1.5688584,1.4895321,1500,1467,train
985,1.0386187,1.0258893,1.016836,1.0234822,1.0231222809420661,1.5688546,1.4939891,1500,1467,train
986,1.0386713,1.0246736,1.0167948,1.0228618,1.0230242234182985,1.5688508,1.4829994,1500,1467,train
987,1.0382109,1.024339,1.0166875,1.0226809,1.0229154225154184,1.5688471,1.4876773,1500,1467,train
988,1.0381589,1.0241128,1.0165781,1.022474,1.0228179773767565,1.5688432,1.4754319,1500,1467,train
989,1.0381744,1.0244298,1.0165373,1.0226215,1.022713926673393,1.5688394,1.4803778,1500,1467,train
990,1.0376309,1.0245908,1.0164082,1.0225984,1.0225991280222495,1.5688355,1.4718795,1500,1467,train
991,1.0376413,1.023372,1.0163404,1.0220739,1.0224733502357706,1.5688317,1.4858425,1500,1467,train
992,1.0377377,1.0246016,1.0162648,1.0224413,1.0223698774985948,1.5688279,1.4502243,1500,1467,train
993,1.037618,1.0241431,1.0161699,1.0222119,1.02226431651568,1.5688239,1.4553201,1500,1467,train
994,1.037771,1.023543,1.0160865,1.0218383,1.022166574497311,1.56882,1.4414823,1500,1467,train
995,1.0371575,1.0246149,1.015998,1.0223023,1.0220753376517575,1.5688162,1.4451268,1500,1467,train
996,1.0371485,1.0238849,1.0159129,1.0219575,1.0219737699329778,1.5688123,1.4510487,1500,1467,train
997,1.0371698,1.0244147,1.0158247,1.0221801,1.0218825575913608,1.5688083,1.4558861,1500,1467,train
998,1.0371118,1.0244467,1.0157582,1.0221264,1.0217922368582213,1.5688043,1.4474678,1500,1467,train
999,1.0371791,1.0233581,1.0156542,1.0215902,1.021652906893443,1.5688003,1.4490258,1500,1467,train
1000,1.0370363,1.0229986,1.0155317,1.0213345,1.0215179704723694,1.5687963,1.4410236,1500,1467,train
1001,1.037123,1.0234196,1.0154933,1.0214891,1.0213920589416492,1.5687923,1.4367061,1500,1467,train
1002,1.0365738,1.0239226,1.0153866,1.0217105,1.0212672841829802,1.5687883,1.4458331,1500,1467,train
1003,1.0364577,1.0227823,1.0152875,1.0211262,1.0211311328931758,1.5687842,1.4414417,1500,1467,train
1004,1.0366349,1.0227469,1.0152384,1.0210704,1.021014797120207,1.5687802,1.4376202,1500,1467,train
1005,1.0364646,1.0224715,1.015106,1.0208411,1.0209057639848107,1.5687761,1.4280945,1500,1467,train
1006,1.0366057,1.021492,1.015034,1.0203934,1.020816184704344,1.5687721,1.4349598,1500,1467,train
1007,1.0358839,1.0234507,1.014971,1.0212302,1.020723192183451,1.5687679,1.4291981,1500,1467,train
1008,1.0359764,1.0221138,1.0148696,1.0205053,1.0206202805769757,1.5687639,1.413922,1500,1467,train
1009,1.0360497,1.021397,1.0147823,1.0201706,1.0205427311984538,1.5687597,1.4208167,1500,1467,train
1010,1.0359294,1.0221591,1.0146798,1.0204499,1.020433998315262,1.5687555,1.4162948,1500,1467,train
1011,1.0360966,1.0219648,1.0146024,1.020346,1.0203420791370015,1.5687513,1.4206624,1500,1467,train
1012,1.0359737,1.0220469,1.0145108,1.0203146,1.0202413695204346,1.5687472,1.4147916,1500,1467,train
1013,1.035995,1.0221997,1.0144283,1.0203753,1.0201391110120523,1.568743,1.4210836,1500,1467,train
1014,1.0354425,1.0214565,1.0143265,1.0199406,1.0200400529068179,1.5687387,1.4102662,1500,1467,train
1015,1.0354404,1.0217708,1.0142618,1.0200793,1.0199448923829089,1.5687345,1.4157287,1500,1467,train
1016,1.0355684,1.0217347,1.0141872,1.0200574,1.0198620127082578,1.5687302,1.4219989,1500,1467,train
1017,1.0353863,1.021423,1.0140713,1.019868,1.0197657917970755,1.568726,1.423226,1500,1467,train
1018,1.035513,1.0200893,1.0139779,1.0192347,1.0196952115109699,1.5687217,1.426893,1500,1467,train
1019,1.0348524,1.02067,1.01388,1.0194149,1.0196228924282136,1.5687174,1.4182492,1500,1467,train
1020,1.0349159,1.0194541,1.0138026,1.018827,1.0195331453194074,1.568713,1.4184955,1500,1467,train
1021,1.0349561,1.0209928,1.0137192,1.0195109,1.0194746018476513,1.5687087,1.423205,1500,1467,train
1022,1.0349156,1.0192302,1.0136064,1.018658,1.0193944215833737,1.5687042,1.4234806,1500,1467,train
1023,1.0349166,1.0191506,1.013517,1.0185918,1.0193211823568673,1.5686998,1.4258784,1500,1467,train
1024,1.0342838,1.0209113,1.0134522,1.0196382,1.0192628942768855,1.5686955,1.487237,1500,1467,train
1025,1.0343797,1.0206016,1.0133723,1.0194777,1.0191772570655528,1.568691,1.4911656,1500,1467,train
1026,1.0343637,1.0203264,1.013259,1.019291,1.0190860793804681,1.5686866,1.4889634,1500,1467,train
1027,1.0342733,1.0204372,1.0131847,1.0193199,1.019001504311512,1.5686822,1.4918029,1500,1467,train
1028,1.0343802,1.0207317,1.0131031,1.0194405,1.01893259210761,1.5686777,1.4972802,1500,1467,train
1029,1.0343249,1.0198609,1.0130078,1.0189549,1.018842624633483,1.5686731,1.4868546,1500,1467,train
1030,1.0337627,1.0192287,1.0128887,1.018644,1.0187569917532044,1.5686687,1.49407,1500,1467,train
1031,1.0337305,1.0194558,1.0127927,1.0187211,1.0186703624416025,1.5686642,1.4981072,1500,1467,train
1032,1.0338491,1.0189229,1.0127151,1.0184318,1.0185846790656632,1.5686595,1.4955277,1500,1467,train
1033,1.033751,1.0196838,1.0126193,1.0187582,1.0185103343268378,1.568655,1.501008,1500,1467,train
1034,1.0337116,1.0177939,1.0125307,1.0178154,1.018413630810959,1.5686504,1.4914267,1500,1467,train
1035,1.0331675,1.019923,1.0124625,1.0187786,1.0183272141368245,1.5686458,1.4971404,1500,1467,train
1036,1.0330755,1.0195884,1.0123615,1.0185981,1.018213898550337,1.5686412,1.5013022,1500,1467,train
1037,1.0331869,1.0192478,1.012268,1.0184256,1.0181188617584829,1.5686365,1.507162,1500,1467,train
1038,1.0330341,1.0193555,1.0121677,1.0183817,1.018011126699896,1.5686319,1.4963024,1500,1467,train
1039,1.0332193,1.0187646,1.0120875,1.0181159,1.0179145029223924,1.5686271,1.5055134,1500,1467,train
1040,1.033068,1.0190145,1.0119925,1.0181895,1.0178067302262988,1.5686225,1.5062813,1500,1467,train
1041,1.0331306,1.0182776,1.011902,1.0178266,1.0177187399755014,1.5686177,1.5095017,1500,1467,train
1042,1.032682,1.0183219,1.0118048,1.0177722,1.0176230343949346,1.5686129,1.5025538,1500,1467,train
1043,1.0324401,1.0173486,1.0117034,1.0172508,1.0175272528022106,1.5686082,1.495228,1500,1467,train
1044,1.032646,1.0171238,1.0116152,1.0170418,1.0174248769881502,1.5686034,1.4801261,1500,1467,train
1045,1.0325187,1.0175447,1.0115166,1.0171952,1.0173165747505082,1.5685985,1.4816649,1500,1467,train
1046,1.0325209,1.0161263,1.0114172,1.0165339,1.0171866592171226,1.5685937,1.488523,1500,1467,train
1047,1.0324595,1.0170245,1.0113333,1.0168784,1.017074696226341,1.5685889,1.4825476,1500,1467,train
1048,1.0320133,1.0173087,1.0112418,1.0168835,1.0169417708507806,1.568584,1.4639363,1500,1467,train
1049,1.0319412,1.0162901,1.0111338,1.0163462,1.0168141521773657,1.5685791,1.4585551,1500,1467,train
1050,1.031923,1.0171535,1.0110531,1.0167308,1.0167036536714509,1.5685741,1.4649082,1500,1467,train
1051,1.032004,1.0170256,1.0109628,1.0166464,1.016572477507051,1.5685692,1.4683167,1500,1467,train
1052,1.0318463,1.0169597,1.0108677,1.0165715,1.0164546662514706,1.5685642,1.4679992,1500,1467,train
1053,1.031499,1.0165313,1.0107635,1.0162969,1.0163469997823054,1.5685592,1.4608417,1500,1467,train
1054,1.0313789,1.0168892,1.0106632,1.0164547,1.0162367151154283,1.5685542,1.4700062,1500,1467,train
1055,1.0314591,1.0164939,1.0105709,1.0162498,1.016118455949486,1.5685492,1.4739076,1500,1467,train
1056,1.0308579,1.0161246,1.0104717,1.0160184,1.01599207394318,1.568544,1.4698671,1500,1467,train
1057,1.030914,1.0149068,1.0103813,1.0153893,1.015868357344154,1.568539,1.4624231,1500,1467,train
1058,1.0309955,1.0158373,1.0102916,1.0157423,1.0157497407447542,1.5685339,1.455785,1500,1467,train
1059,1.0308924,1.0158315,1.0101945,1.0157646,1.0156423159262575,1.5685288,1.4713466,1500,1467,train
1060,1.0310339,1.0141841,1.0100981,1.014924,1.0155011028872696,1.5685236,1.4609376,1500,1467,train
1061,1.0303371,1.0166072,1.0099992,1.0160165,1.0153978499672824,1.5685184,1.4686593,1500,1467,train
1062,1.030426,1.0151613,1.0099057,1.0152818,1.0152861864591605,1.5685133,1.4611232,1500,1467,train
1063,1.0303371,1.0160364,1.009807,1.0156593,1.0151851487463563,1.568508,1.4665726,1500,1467,train
1064,1.0304872,1.0155584,1.0097148,1.0153698,1.0150654812426394,1.5685028,1.4599051,1500,1467,train
1065,1.0302168,1.0155983,1.0096189,1.0153061,1.01495271088292,1.5684975,1.4514364,1500,1467,train
1066,1.0302632,1.0143574,1.0095235,1.0147102,1.0148480145501015,1.5684922,1.4542606,1500,1467,train
1067,1.0297484,1.014885,1.0094216,1.0148978,1.0147368131173722,1.5684868,1.4529556,1500,1467,train
1068,1.0296416,1.0144932,1.0093302,1.0146745,1.0146371924827553,1.5684816,1.4522779,1500,1467,train
1069,1.0297706,1.0134078,1.0092286,1.0141104,1.0145191202973758,1.5684762,1.4470725,1500,1467,train
1070,1.0296992,1.0138634,1.0091366,1.0142952,1.014396276492124,1.5684707,1.4513798,1500,1467,train
1071,1.0296897,1.0139571,1.0090405,1.0142568,1.0142904878345598,1.5684654,1.4431584,1500,1467,train
1072,1.0295975,1.0137765,1.00894,1.0141838,1.0141629584337792,1.5684599,1.4554136,1500,1467,train
1073,1.0296936,1.0132283,1.0088459,1.0138794,1.0140435895108686,1.5684544,1.4528134,1500,1467,train
1074,1.0295293,1.0121279,1.0087389,1.0133357,1.0139225322221648,1.5684489,1.4542336,1500,1467,train
1075,1.0296088,1.0128356,1.0086502,1.0136149,1.0137819181457957,1.5684434,1.4536786,1500,1467,train
1076,1.0290852,1.0141592,1.0085484,1.0141832,1.0136586322814247,1.5684378,1.4563693,1500,1467,train
1077,1.0290216,1.0129583,1.0084499,1.013575,1.0135379874365036,1.5684322,1.4527528,1500,1467,train
1078,1.0291129,1.0123079,1.0083548,1.0132262,1.0134208037868215,1.5684266,1.4507077,1500,1467,train
1079,1.0290437,1.0128062,1.0082531,1.0134506,1.013289045511491,1.568421,1.4605539,1500,1467,train
1080,1.028559,1.012616,1.008155,1.0132642,1.0131744825949691,1.5684154,1.4482907,1500,1467,train
1081,1.0284837,1.012543,1.0080603,1.0131986,1.0130538074137692,1.5684097,1.4507481,1500,1467,train
1082,1.0287114,1.0125685,1.0079609,1.0131649,1.012941450683202,1.568404,1.4507942,1500,1467,train
1083,1.0285171,1.0115236,1.0078582,1.0126505,1.0128081088811252,1.5683982,1.4526647,1500,1467,train
1084,1.0280762,1.0114129,1.0077623,1.0125315,1.0126919160572376,1.5683925,1.4471819,1500,1467,train
1085,1.0279381,1.0118155,1.0076628,1.0126547,1.0125812374642635,1.5683867,1.443927,1500,1467,train
1086,1.0280507,1.0110037,1.0075647,1.0122697,1.0124531721522614,1.5683808,1.450494,1500,1467,train
1087,1.0279441,1.0115042,1.0074655,1.0124147,1.0123511694298764,1.568375,1.4421747,1500,1467,train
1088,1.0279747,1.0103658,1.0073661,1.0118996,1.012233298873419,1.5683692,1.4529845,1500,1467,train
1089,1.0274554,1.0119401,1.0072645,1.0125457,1.0121380676647656,1.5683632,1.4476066,1500,1467,train
1090,1.0273682,1.0111468,1.0071656,1.0121436,1.0120317413948796,1.5683573,1.4485826,1500,1467,train
1091,1.0274161,1.0109391,1.0070648,1.0120164,1.011929383312759,1.5683514,1.4515767,1500,1467,train
1092,1.0273432,1.0109124,1.0069658,1.0119461,1.0118203032189093,1.5683453,1.4487331,1500,1467,train
1093,1.0273703,1.0101291,1.0068651,1.0115284,1.0117160018571492,1.5683393,1.4454173,1500,1467,train
1094,1.0272918,1.0103562,1.0067654,1.0116205,1.0116045366567545,1.5683333,1.4530423,1500,1467,train
1095,1.0268468,1.0103542,1.0066649,1.0115341,1.0114827265126087,1.5683272,1.4442815,1500,1467,train
1096,1.0267057,1.0093551,1.0065645,1.011052,1.0113677594903931,1.5683211,1.4484353,1500,1467,train
1097,1.0268118,1.0094187,1.0064641,1.0110159,1.0112685145153022,1.5683149,1.4441928,1500,1467,train
1098,1.0261877,1.0094684,1.0063635,1.0109769,1.0111713509005467,1.5683087,1.4407521,1500,1467,train
1099,1.0262299,1.0095426,1.0062631,1.0110111,1.0110700552632197,1.5683025,1.4510323,1500,1467,train
1100,1.0261923,1.0099354,1.0061619,1.0111146,1.0109400524607175,1.5682963,1.4445758,1500,1467,train
1101,1.026317,1.009534,1.006061,1.0109055,1.0108308230292118,1.5682901,1.449,1500,1467,train
1102,1.0256573,1.0094433,1.0059602,1.0107647,1.0107323114414208,1.5682838,1.4372016,1500,1467,train
1103,1.0257125,1.0091501,1.0058571,1.0106059,1.0106396420889758,1.5682775,1.4420322,1500,1467,train
1104,1.0257871,1.0097003,1.0057575,1.0108812,1.0105259867199656,1.568271,1.4576446,1500,1467,train
1105,1.0257485,1.009137,1.0056543,1.0105362,1.0104424919546502,1.5682647,1.4484438,1500,1467,train
1106,1.025269,1.0094956,1.0055526,1.0106345,1.010348217587599,1.5682583,1.4443685,1500,1467,train
1107,1.0252206,1.0086786,1.0054519,1.0101836,1.010261205790471,1.5682518,1.4371227,1500,1467,train
1108,1.0252227,1.0088269,1.0053499,1.0102504,1.01017318238983,1.5682453,1.4472996,1500,1467,train
1109,1.0251936,1.0084301,1.005247,1.0100025,1.010079747321089,1.5682387,1.4428308,1500,1467,train
1110,1.0252483,1.0082468,1.0051457,1.0098605,1.0099770807782824,1.5682322,1.4401567,1500,1467,train
1111,1.0250958,1.0076663,1.0050433,1.0095526,1.0098865900188738,1.5682256,1.4408847,1500,1467,train
1112,1.0246922,1.0081578,1.0049405,1.0097623,1.009773958452692,1.5682191,1.448159,1500,1467,train
1113,1.0246065,1.0080177,1.0048374,1.0096583,1.0096765084348438,1.5682124,1.4496951,1500,1467,train
1114,1.0246633,1.0074904,1.0047325,1.0093281,1.0095645261217292,1.5682057,1.4404125,1500,1467,train
1115,1.0245146,1.007966,1.0046347,1.0095167,1.009478544815722,1.5681989,1.4440861,1500,1467,train
1116,1.024139,1.0079123,1.0045291,1.0094426,1.0093913542654132,1.5681921,1.443802,1500,1467,train
1117,1.0239979,1.0073073,1.004425,1.009142,1.0092950757544534,1.5681853,1.4488132,1500,1467,train
1118,1.0241371,1.007632,1.004322,1.0092162,1.0092065124328555,1.5681785,1.4429266,1500,1467,train
1119,1.024048,1.0079502,1.004218,1.0093437,1.0091071017868507,1.5681716,1.4496319,1500,1467,train
1120,1.0240307,1.0077453,1.004115,1.0092006,1.0090224226942952,1.5681647,1.449037,1500,1467,train
1121,1.0235494,1.0079373,1.0040113,1.0092118,1.0089348813178167,1.5681578,1.4426472,1500,1467,train
1122,1.0235889,1.0069733,1.003907,1.0087038,1.0088450226735706,1.5681509,1.437975,1500,1467,train
1123,1.0235816,1.0068244,1.0038022,1.0085945,1.0087363846280393,1.5681438,1.4393862,1500,1467,train
1124,1.0236073,1.0065662,1.0036939,1.008445,1.0086396341024042,1.5681368,1.4432983,1500,1467,train
1125,1.0231154,1.0076698,1.0035986,1.0088747,1.0085482597566886,1.5681297,1.4368476,1500,1467,train
1126,1.022971,1.0068147,1.0034927,1.0084612,1.0084604326035542,1.5681225,1.442226,1500,1467,train
1127,1.0231482,1.0076481,1.0033857,1.0087918,1.0083642194931293,1.5681154,1.4422361,1500,1467,train
1128,1.0231642,1.0063496,1.0032804,1.0081146,1.0082924095036225,1.5681082,1.4339228,1500,1467,train
1129,1.0225811,1.0073863,1.0031823,1.0085279,1.0081968506361576,1.5681009,1.4308773,1500,1467,train
1130,1.0224946,1.0058881,1.0030745,1.0077726,1.0081295084798119,1.5680937,1.4256792,1500,1467,train
1131,1.0226048,1.0064708,1.002971,1.0079874,1.00805046743933,1.5680863,1.4249858,1500,1467,train
1132,1.0224278,1.0059264,1.0028633,1.007723,1.0079839998831641,1.568079,1.4321687,1500,1467,train
1133,1.0225834,1.0061977,1.0027593,1.0077829,1.0078924642110898,1.5680715,1.4286706,1500,1467,train
1134,1.022493,1.00562,1.002653,1.0074747,1.0078128160103086,1.5680641,1.4294332,1500,1467,train
1135,1.0219659,1.0061389,1.002545,1.0076566,1.0077191347384318,1.5680566,1.4283415,1500,1467,train
1136,1.0219419,1.0056168,1.0024465,1.0073845,1.0076341177318633,1.5680491,1.430707,1500,1467,train
1137,1.022051,1.0065323,1.0023319,1.0077951,1.0075302694188666,1.5680416,1.4408447,1500,1467,train
1138,1.0218883,1.0060236,1.002227,1.0074929,1.0074473653644864,1.5680339,1.4358692,1500,1467,train
1139,1.0220673,1.0061206,1.0021201,1.0075108,1.0073582166755666,1.5680263,1.4408514,1500,1467,train
1140,1.0214152,1.0059997,1.0020174,1.0073495,1.0072773373754031,1.5680186,1.4278644,1500,1467,train
1141,1.0213993,1.0055085,1.001912,1.0070835,1.007199142140613,1.5680108,1.429161,1500,1467,train
1142,1.0214299,1.0061537,1.0018018,1.007346,1.007128398135808,1.568003,1.4333539,1500,1467,train
1143,1.0214863,1.0058066,1.001696,1.007116,1.0070409413336883,1.5679952,1.4282056,1500,1467,train
1144,1.0208119,1.0059891,1.0015904,1.007136,1.0069582054451678,1.5679873,1.4249625,1500,1467,train
1145,1.0209249,1.0052804,1.0014735,1.0067673,1.0068805409750978,1.5679795,1.4266179,1500,1467,train
1146,1.0209502,1.005552,1.0013776,1.0068231,1.0068160408973905,1.5679715,1.4213728,1500,1467,train
1147,1.0209013,1.0048094,1.0012594,1.0064104,1.006735109824391,1.5679635,1.4169447,1500,1467,train
1148,1.0203907,1.0060441,1.0011619,1.0070038,1.006665163991785,1.5679554,1.4334776,1500,1467,train
1149,1.0204673,1.0053457,1.0010567,1.0065974,1.0065786525258926,1.5679474,1.4246824,1500,1467,train
1150,1.0204574,1.0052487,1.0009514,1.0064652,1.006498726422117,1.5679392,1.4160337,1500,1467,train
1151,1.0199431,1.005368,1.0008451,1.0065033,1.0064256407428136,1.567931,1.4230957,1500,1467,train
1152,1.0199462,1.0054646,1.000733,1.006679,1.0063391895336544,1.5679228,1.4634596,1500,1467,train
1153,1.0198512,1.0036298,1.0006202,1.0057356,1.0062705187536078,1.5679145,1.4509296,1500,1467,train
1154,1.0199691,1.0051212,1.000517,1.0063857,1.0061927272086872,1.5679061,1.4549377,1500,1467,train
1155,1.0197587,1.0038873,1.000415,1.0057554,1.0061059990631904,1.5678978,1.4501454,1500,1467,train
1156,1.019328,1.004177,1.0002939,1.0058355,1.006019087301528,1.5678893,1.4509524,1500,1467,train
1157,1.0192966,1.0036141,1.0001897,1.0055264,1.0059266741320032,1.5678809,1.4498149,1500,1467,train
1158,1.019283,1.0046227,1.0000917,1.0059597,1.005832003927143,1.5678724,1.4539927,1500,1467,train
1159,1.0192744,1.0041078,0.9999751,1.0056679,1.0057292746704594,1.5678638,1.4531202,1500,1467,train
1160,1.0188391,1.004847,0.9998714,1.0059563,1.0056221286811111,1.5678551,1.4529485,1500,1467,train
1161,1.0186479,1.0040169,0.9997636,1.0055647,1.0055176468704707,1.5678465,1.4608928,1500,1467,train
1162,1.0187742,1.0049251,0.99965227,1.0059242,1.0054276100994806,1.5678377,1.4602044,1500,1467,train
1163,1.0187141,1.0039979,0.99954116,1.0054624,1.0053332217722477,1.567829,1.4627136,1500,1467,train
1164,1.0187626,1.0044272,0.9994348,1.0056216,1.0052444673928476,1.5678202,1.4654548,1500,1467,train
1165,1.0181186,1.0032572,0.99932885,1.0050068,1.0051396598729097,1.5678113,1.4580128,1500,1467,train
1166,1.0182791,1.0035893,0.99920213,1.0050648,1.0050556957957775,1.5678023,1.4501766,1500,1467,train
1167,1.0180963,1.0028373,0.99909914,1.0047156,1.0049514966647113,1.5677934,1.4591353,1500,1467,train
1168,1.018254,1.0035213,0.998979,1.0049464,1.0048694359615788,1.5677843,1.4534314,1500,1467,train
1169,1.0176351,1.0033866,0.9988848,1.004849,1.0047687227916038,1.5677751,1.4549705,1500,1467,train
1170,1.0176996,1.0035111,0.9987751,1.0048355,1.0046844243619673,1.5677661,1.4505758,1500,1467,train
1171,1.0171485,1.0024071,0.99864805,1.0042518,1.0045765094350345,1.5677568,1.4455192,1500,1467,train
1172,1.0172487,1.0038652,0.9985541,1.0048516,1.0044804285756637,1.5677476,1.440856,1500,1467,train
1173,1.0171726,1.0021354,0.99843276,1.0039599,1.0043604354463544,1.5677382,1.4302421,1500,1467,train
1174,1.0172423,1.0030209,0.9983169,1.0043244,1.004275202178706,1.5677289,1.4333912,1500,1467,train
1175,1.0170788,1.0021496,0.9982239,1.0038626,1.0041733619896507,1.5677195,1.4284524,1500,1467,train
1176,1.01731,1.0026516,0.9980918,1.0040023,1.0040758847164046,1.5677099,1.4222596,1500,1467,train
1177,1.0171323,1.0028074,0.99798024,1.0040396,1.0039781688517695,1.5677004,1.4260677,1500,1467,train
1178,1.0166293,1.0024364,0.99788046,1.003769,1.0039023928994282,1.5676907,1.4139028,1500,1467,train
1179,1.0165584,1.0016088,0.9977635,1.0033377,1.0037874559137736,1.5676811,1.4137243,1500,1467,train
1180,1.0166708,1.0031551,0.99765337,1.0040268,1.003690505608825,1.5676713,1.4213797,1500,1467,train
1181,1.0165349,1.0016217,0.9975363,1.0032425,1.0035834741142904,1.5676615,1.414354,1500,1467,train
1182,1.0166428,1.0023803,0.997424,1.003543,1.0034769515104929,1.5676516,1.4157501,1500,1467,train
1183,1.0159739,1.0019712,0.9973321,1.0032881,1.0033652503243615,1.5676417,1.4100184,1500,1467,train
1184,1.016055,1.0025691,0.9972056,1.0035709,1.0032751314685588,1.5676317,1.4248465,1500,1467,train
1185,1.0159191,1.0022664,0.9971026,1.003379,1.003177129989277,1.5676217,1.4233346,1500,1467,train
1186,1.0160627,1.002543,0.99699414,1.0034441,1.0031028221103127,1.5676116,1.420896,1500,1467,train
1187,1.0154115,1.0008913,0.99686396,1.0026039,1.0030231320260257,1.5676014,1.4147277,1500,1467,train
1188,1.0155481,1.0021315,0.9967526,1.0030994,1.0029397591742084,1.5675912,1.41079,1500,1467,train
1189,1.0153683,1.0010905,0.9966427,1.0025892,1.002876372127411,1.5675809,1.4138595,1500,1467,train
1190,1.0150081,1.0024583,0.996544,1.0031482,1.0027828341947886,1.5675706,1.4098122,1500,1467,train
1191,1.0150003,1.0007372,0.996416,1.0022662,1.00269041549804,1.5675601,1.4012902,1500,1467,train
1192,1.0150285,1.001625,0.9962975,1.0026159,1.0026037196612876,1.5675496,1.4012234,1500,1467,train
1193,1.014444,1.000682,0.9961809,1.0020741,1.0025019448619665,1.567539,1.3886262,1500,1467,train
1194,1.0141976,1.0015285,0.9960691,1.0024486,1.0023928985659982,1.5675284,1.3971807,1500,1467,train
1195,1.0139345,1.0005109,0.9959576,1.0018818,1.0022949584545648,1.5675176,1.3860476,1500,1467,train
1196,1.0139542,1.0015091,0.995844,1.002271,1.0021806197092369,1.5675069,1.3832246,1500,1467,train
1197,1.0142915,1.0006806,0.9957267,1.0018886,1.0020490840336078,1.5674961,1.3935468,1500,1467,train
1198,1.0137908,1.0016757,0.9956256,1.0022492,1.0019185842183642,1.5674851,1.383711,1500,1467,train
1199,1.0137205,1.0004883,0.99551165,1.0016556,1.0017504686177592,1.5674741,1.3835453,1500,1467,train
1200,1.0136802,1.0012295,0.99539244,1.0018191,1.0016280191665794,1.567463,1.3584481,1500,1467,train
1201,1.0136862,1.0007192,0.9952723,1.001517,1.0014539978431565,1.5674518,1.3553836,1500,1467,train
1202,1.0137577,1.0009584,0.99515843,1.0015429,1.0012840918823278,1.5674406,1.34895,1500,1467,train
1203,1.013611,0.99978834,0.9950503,1.0009596,1.0011141327931843,1.5674293,1.3487571,1500,1467,train
1204,1.0131614,1.0006295,0.9949299,1.0012686,1.0009268324732294,1.567418,1.3448365,1500,1467,train
1205,1.0130622,1.000661,0.9948162,1.0012716,1.0007403883937278,1.5674065,1.3532747,1500,1467,train
1206,1.0132002,1.0004759,0.9947125,1.0009555,1.0005754471059911,1.567395,1.315337,1500,1467,train
1207,1.0130333,1.00034,0.99459004,1.0009418,1.0003875723044027,1.5673834,1.3366944,1500,1467,train
1208,1.0130748,1.0009289,0.99448407,1.000724,1.0002076682068073,1.5673717,1.2487837,1500,1467,train
1209,1.0130779,1.0001494,0.99434566,1.0003315,1.0000180092999122,1.5673599,1.2538829,1500,1467,train
1210,1.0125535,1.0003462,0.99422586,1.0002196,0.9998264311582873,1.5673481,1.225215,1500,1467,train
1211,1.0124801,0.9992438,0.994112,0.999587,0.9996413828243721,1.5673361,1.2100787,1500,1467,train
1212,1.0124785,0.99875873,0.9939829,0.9991981,0.9994756514905628,1.5673242,1.1892349,1500,1467,train
1213,1.0120995,1.0000658,0.993901,0.99954426,0.9992794554666296,1.567312,1.1493511,1500,1467,train
1214,1.0120264,0.9978008,0.9937599,0.9982097,0.99911759023705,1.5672998,1.1052414,1500,1467,train
1215,1.0120667,0.99987185,0.9936416,0.99918514,0.9989177417008605,1.5672876,1.1211475,1500,1467,train
1216,1.0114731,0.9991068,0.99353755,0.9983457,0.9987368498597011,1.5672752,1.0407923,1500,1467,train
1217,1.0115938,0.9988287,0.9934232,0.9978934,0.9985136686047535,1.5672628,0.9925462,1500,1467,train
1218,1.0115219,0.9985268,0.99331033,0.9977019,0.998313673784787,1.5672503,0.99214816,1500,1467,train
1219,1.0115724,0.9990352,0.99317133,0.9978655,0.9981141442088489,1.5672376,0.9914334,1500,1467,train
1220,1.010879,0.99802274,0.9930794,0.9970856,0.9979335945601031,1.5672249,0.9434707,1500,1467,train
1221,1.0109775,0.9987411,0.9929607,0.9973161,0.9977043888523264,1.5672121,0.93624234,1500,1467,train
1222,1.0108798,0.99821466,0.9928398,0.99699384,0.9974752736160541,1.5671992,0.9316013,1500,1467,train
1223,1.0109347,0.9991018,0.99271774,0.99729234,0.9972486924243591,1.5671862,0.92314565,1500,1467,train
1224,1.0101867,0.99955714,0.9926081,0.9974861,0.997036413215227,1.5671731,0.92942286,1500,1467,train
1225,1.0103452,0.99717015,0.99247706,0.9959857,0.9968054214607293,1.56716,0.86958885,1500,1467,train
1226,1.0102637,0.9988193,0.9923731,0.9969548,0.9965965549438922,1.5671467,0.9144789,1500,1467,train
1227,1.0103312,0.99887854,0.9922607,0.996734,0.9963909298915103,1.5671333,0.88128805,1500,1467,train
1228,1.0102509,0.99839467,0.9921403,0.99658936,0.996177644824802,1.5671198,0.9033972,1500,1467,train
1229,1.0096437,0.99883264,0.99202144,0.9967591,0.995936898456766,1.5671064,0.9076066,1500,1467,train
1230,1.0097097,0.9980836,0.99189603,0.9960879,0.9957194754689908,1.5670927,0.8616847,1500,1467,train
1231,1.0097973,0.99781096,0.9917723,0.99582744,0.9955374514379481,1.5670788,0.8483974,1500,1467,train
1232,1.0096755,0.9975926,0.9916469,0.99560505,0.9953441144860999,1.567065,0.8375186,1500,1467,train
1233,1.0091693,0.99755573,0.991529,0.99538916,0.9951779210485461,1.567051,0.8135277,1500,1467,train
1234,1.0092301,0.9974977,0.9914131,0.9952506,0.9949897329313873,1.567037,0.80381083,1500,1467,train
1235,1.0091949,0.99797815,0.9912907,0.9954551,0.994784685347014,1.5670228,0.8107058,1500,1467,train
1236,1.0087607,0.9973466,0.9911771,0.99493945,0.9945930045116179,1.5670085,0.78182244,1500,1467,train
1237,1.0086076,0.99619627,0.99105513,0.99417484,0.9944222292429197,1.5669941,0.7517153,1500,1467,train
1238,1.0088382,0.996672,0.99092674,0.9941047,0.9942161637636644,1.5669795,0.71491015,1500,1467,train
1239,1.0081931,0.99495155,0.9908153,0.99310225,0.994029058495046,1.566965,0.68797624,1500,1467,train
1240,1.0083363,0.9970394,0.99070823,0.99356586,0.9937908807579153,1.5669502,0.61841524,1500,1467,train
1241,1.0077373,0.9965523,0.99060416,0.9932595,0.9935887039197613,1.5669353,0.6126013,1500,1467,train
1242,1.0077434,0.9971209,0.990453,0.9936378,0.9933814919816363,1.5669204,0.6424457,1500,1467,train
1243,1.0076486,0.9967006,0.9903487,0.9930211,0.993153504528589,1.5669053,0.5829359,1500,1467,train
1244,1.0077802,0.99555045,0.9902054,0.99219614,0.9929339246097969,1.5668901,0.5460967,1500,1467,train
1245,1.0076413,0.99448866,0.99007785,0.9915787,0.9927112838279888,1.5668747,0.53433657,1500,1467,train
1246,1.0071285,0.9968671,0.9899949,0.9923949,0.9924903203561756,1.5668594,0.4987968,1500,1467,train
1247,1.0070244,0.99663574,0.9898702,0.9926791,0.9922434185087778,1.5668437,0.56840396,1500,1467,train
1248,1.0071056,0.99622566,0.9897331,0.9921602,0.9920208547044331,1.5668281,0.5263753,1500,1467,train
1249,1.0070832,0.9958392,0.9896132,0.9919909,0.991787663959903,1.5668123,0.53598857,1500,1467,train
1250,1.0065554,0.99627584,0.98948586,0.9920286,0.9915529572357873,1.5667963,0.5200099,1500,1467,train
1251,1.00659,0.9949475,0.9893693,0.99141586,0.9912957025412752,1.5667803,0.52710974,1500,1467,train
1252,1.0064597,0.9946807,0.9892552,0.9909365,0.9910849580157253,1.5667641,0.4796968,1500,1467,train
1253,1.006667,0.9944338,0.9890902,0.991186,0.990866263399191,1.5667478,0.54770505,1500,1467,train
1254,1.0059613,0.99571294,0.9890138,0.99158543,0.990654827630412,1.5667313,0.5246532,1500,1467,train
1255,1.0060706,0.99545133,0.9889027,0.9912039,0.9903834433422449,1.5667148,0.49182373,1500,1467,train
1256,1.0054688,0.99452996,0.9887942,0.9900665,0.9900923347256395,1.566698,0.38877103,1500,1467,train
1257,1.005454,0.9948495,0.98866093,0.9901438,0.989851322113893,1.5666811,0.38769576,1500,1467,train
1258,1.0054412,0.9931471,0.9885441,0.98918545,0.9896157488671207,1.5666641,0.36778632,1500,1467,train
1259,1.0054759,0.9944758,0.98842967,0.9897127,0.9894166018320619,1.5666469,0.3639342,1500,1467,train
1260,1.005403,0.9941618,0.98830307,0.9899954,0.989232104562657,1.5666296,0.43834576,1500,1467,train
1261,1.0049613,0.99402696,0.9881791,0.9895488,0.989091714884295,1.5666122,0.38782102,1500,1467,train
1262,1.00485,0.99150056,0.9880147,0.98815525,0.9889500511807835,1.5665947,0.3620491,1500,1467,train
1263,1.0048985,0.9932248,0.9879179,0.98882574,0.9888062092757585,1.566577,0.3512887,1500,1467,train
1264,1.0049369,0.99272054,0.98777187,0.98850334,0.9886745349713014,1.5665591,0.34734327,1500,1467,train
1265,1.0043344,0.99357456,0.98768127,0.98886395,0.9885477711801605,1.5665411,0.3493925,1500,1467,train
1266,1.0043857,0.9929577,0.9875306,0.9886348,0.9884739087098617,1.5665228,0.36795282,1500,1467,train
1267,1.0042436,0.99227023,0.98742676,0.98798937,0.988394744428754,1.5665045,0.32426867,1500,1467,train
1268,1.0043826,0.9924694,0.9872941,0.98817205,0.9883401345179328,1.566486,0.34772444,1500,1467,train
1269,1.0036297,0.99173355,0.98718894,0.9876007,0.9882882497567442,1.5664674,0.31889272,1500,1467,train
1270,1.0038048,0.99221,0.9870447,0.98781246,0.9882293316677234,1.5664486,0.32825324,1500,1467,train
1271,1.0037131,0.9904836,0.98690283,0.9868651,0.9881841580690279,1.5664295,0.3135102,1500,1467,train
1272,1.0031686,0.99235153,0.9867965,0.98789644,0.988176201679924,1.5664104,0.34873274,1500,1467,train
1273,1.0031006,0.99026114,0.9866545,0.98672134,0.9882124835695256,1.5663911,0.3244753,1500,1467,train
1274,1.0030799,0.99066037,0.9865774,0.9873769,0.9882348020737175,1.5663716,0.40264606,1500,1467,train
1275,1.0031713,0.9921816,0.986416,0.98785424,0.988250647751641,1.5663519,0.38095275,1500,1467,train
1276,1.0026308,0.99146897,0.9862951,0.987287,0.9882794924885328,1.5663321,0.35220173,1500,1467,train
1277,1.0026196,0.9906668,0.9861671,0.9867578,0.9883188018239915,1.5663121,0.336068,1500,1467,train
1278,1.0025953,0.9913613,0.9860457,0.9870074,0.9883351070769608,1.5662918,0.33440515,1500,1467,train
1279,1.002597,0.99065036,0.9859084,0.98686755,0.9883423946463,1.5662714,0.3722862,1500,1467,train
1280,1.002017,0.98924506,0.9857724,0.98965436,0.988387872775601,1.5662509,0.9292877,1500,1467,train
1281,1.0020428,0.99113846,0.9856403,0.9906093,0.9884235002602332,1.5662302,0.95557225,1500,1467,train
1282,1.0020126,0.9897693,0.9855305,0.98955095,0.9884491513956759,1.5662092,0.89007246,1500,1467,train
1283,1.0014386,0.9905985,0.9854131,0.98998284,0.9884886768815081,1.5661881,0.9083494,1500,1467,train
1284,1.0013199,0.9898018,0.9852971,0.9893526,0.9884970049325533,1.5661668,0.87224567,1500,1467,train
1285,1.0014201,0.9902161,0.9851614,0.9895018,0.9885266158299173,1.5661452,0.87606966,1500,1467,train
1286,1.0014035,0.9896049,0.9850371,0.98901373,0.9885690722079951,1.5661235,0.85055506,1500,1467,train
1287,1.0008676,0.9897863,0.98490024,0.9893464,0.9885959080162985,1.5661016,0.90303767,1500,1467,train
1288,1.0008512,0.9891049,0.98474824,0.9894179,0.9885680476788246,1.5660794,0.9804349,1500,1467,train
1289,1.0003358,0.98938745,0.9846703,0.9896861,0.9885727528072982,1.566057,1.0110505,1500,1467,train
1290,1.000401,0.98899895,0.98451304,0.98917276,0.9885647377451043,1.5660344,0.96501267,1500,1467,train
1291,1.0002899,0.9876792,0.98438966,0.98834646,0.9885655314458413,1.5660117,0.93601143,1500,1467,train
1292,0.9998553,0.98812,0.9842961,0.988734,0.9885595489426715,1.5659887,0.9755622,1500,1467,train
1293,0.99978137,0.98864335,0.9841609,0.98888993,0.9885420349854324,1.5659654,0.97202504,1500,1467,train
1294,0.9998407,0.9881591,0.9840063,0.9888108,0.9885133371290525,1.565942,1.0090456,1500,1467,train
1295,0.9998174,0.9881963,0.9838959,0.98872954,0.988439085322926,1.5659183,1.0007035,1500,1467,train
1296,0.9992435,0.9880821,0.98375976,0.9879537,0.9883492235235447,1.5658944,0.88726735,1500,1467,train
1297,0.9993181,0.98761636,0.9836048,0.98776996,0.988229608521706,1.5658703,0.9040469,1500,1467,train
1298,0.99922115,0.9860622,0.98347366,0.9868517,0.988130715108578,1.5658458,0.8787055,1500,1467,train
1299,0.9987831,0.9873019,0.9833716,0.9870532,0.9879863180051001,1.5658213,0.82605493,1500,1467,train
1300,0.99868685,0.98737633,0.983281,0.9873736,0.9878524629447799,1.5657964,0.8806902,1500,1467,train
1301,0.9987685,0.9875614,0.9831244,0.9872868,0.9877191788909891,1.5657712,0.8640822,1500,1467,train
1302,0.99869275,0.9864364,0.98300135,0.9865334,0.9875590697309725,1.5657458,0.833369,1500,1467,train
1303,0.99811715,0.98717386,0.9828807,0.9869441,0.9873267152173728,1.5657202,0.8549932,1500,1467,train
1304,0.9981823,0.987406,0.9827074,0.9877356,0.9870917536928174,1.5656943,0.98517346,1500,1467,train
1305,0.998141,0.98681563,0.98258626,0.9871924,0.9868493324071267,1.5656682,0.94736445,1500,1467,train
1306,0.9983074,0.98708594,0.98242986,0.9875086,0.9867005209417233,1.5656418,0.99318004,1500,1467,train
1307,0.9976533,0.9864017,0.9823215,0.98692703,0.9866045462998303,1.565615,0.95502377,1500,1467,train
1308,0.99773216,0.9859754,0.98220956,0.98658204,0.9864753880001931,1.565588,0.93794227,1500,1467,train
1309,0.997059,0.9855482,0.9821209,0.9866412,0.9863742316842852,1.5655608,0.98875225,1500,1467,train
1310,0.997154,0.9853427,0.98198366,0.9863646,0.9862639944848415,1.5655332,0.967906,1500,1467,train
1311,0.9970782,0.9849458,0.9818529,0.98618996,0.9861602410122055,1.5655054,0.9793569,1500,1467,train
1312,0.9965825,0.98580545,0.981709,0.9862523,0.9860405318585462,1.5654773,0.9340594,1500,1467,train
1313,0.9965451,0.9860802,0.98153996,0.98657405,0.9859477750223217,1.5654488,0.98126817,1500,1467,train
1314,0.99658495,0.98543656,0.98143625,0.9859125,0.9858850941722304,1.56542,0.9260925,1500,1467,train
1315,0.99663794,0.9851096,0.98126364,0.98576957,0.9858217299741727,1.565391,0.94061553,1500,1467,train
1316,0.9959543,0.9853029,0.9811734,0.98557186,0.9857683907781066,1.5653616,0.8990902,1500,1467,train
1317,0.9959727,0.98496145,0.9810324,0.98530495,0.9856900703936788,1.5653319,0.8912171,1500,1467,train
1318,0.99594444,0.98386306,0.9809042,0.9846307,0.985635426959042,1.5653019,0.8718574,1500,1467,train
1319,0.9954202,0.98427397,0.9808148,0.9846935,0.9855794794937467,1.5652715,0.8579483,1500,1467,train
1320,0.9953852,0.98412114,0.9806677,0.9852119,0.9855331357692936,1.5652409,0.96913123,1500,1467,train
1321,0.99545974,0.9847464,0.98049605,0.9855679,0.9855020306475194,1.5652097,0.9951941,1500,1467,train
1322,0.9954536,0.9841265,0.9803351,0.98518664,0.9854533633166771,1.5651784,0.99078715,1500,1467,train
1323,0.99487793,0.98404294,0.980214,0.98504436,0.9854124795459054,1.5651467,0.9823314,1500,1467,train
1324,0.99490887,0.98356515,0.9801086,0.98492044,0.9853386389468889,1.5651146,1.0070975,1500,1467,train
1325,0.9942862,0.9833844,0.9800147,0.9846538,0.9852774544961854,1.5650821,0.98244166,1500,1467,train
1326,0.99436563,0.9836169,0.97988105,0.984652,0.9852286667207312,1.5650493,0.97440207,1500,1467,train
1327,0.99431884,0.9831541,0.9797574,0.98453796,0.985172598270792,1.565016,1.0010909,1500,1467,train
1328,0.99377936,0.98318416,0.9796189,0.9860511,0.985105712323745,1.5649824,1.2917593,1500,1467,train
1329,0.99385256,0.98325104,0.97943366,0.9861168,0.9850489611590265,1.5649484,1.3159122,1500,1467,train
1330,0.9938311,0.9833088,0.979334,0.98596686,0.9850270162824913,1.564914,1.2896719,1500,1467,train
1331,0.99392617,0.98257536,0.9791697,0.98552865,0.9849812727708303,1.5648792,1.2839024,1500,1467,train
1332,0.99325687,0.9816076,0.97905123,0.98493636,0.9849524776695986,1.564844,1.2646432,1500,1467,train
1333,0.99332607,0.9825654,0.97892714,0.9852505,0.9849178232288686,1.5648084,1.251859,1500,1467,train
1334,0.9927221,0.98241276,0.9788383,0.98495615,0.9848661406460841,1.5647722,1.2161883,1500,1467,train
1335,0.9927388,0.98235947,0.97870076,0.9848341,0.9848104193798015,1.5647358,1.2095221,1500,1467,train
1336,0.9927316,0.9819442,0.97855866,0.98495144,0.9847523417434086,1.5646988,1.2819324,1500,1467,train
1337,0.9926862,0.9823252,0.97839344,0.9852323,0.98468865296877,1.5646614,1.3186462,1500,1467,train
1338,0.99220216,0.9819744,0.9782201,0.9848882,0.9846235684417949,1.5646236,1.2975066,1500,1467,train
1339,0.9921956,0.98086184,0.9781643,0.9841445,0.9845757893172304,1.5645852,1.2556186,1500,1467,train
1340,0.9922215,0.98171836,0.97797716,0.98469394,0.9845153381107189,1.5645465,1.3042403,1500,1467,train
1341,0.9915956,0.9809175,0.9778855,0.9841102,0.9844453999857147,1.5645071,1.2689931,1500,1467,train
1342,0.9916629,0.9814864,0.9777355,0.9842649,0.9843749656364156,1.5644673,1.2619857,1500,1467,train
1343,0.99163073,0.98103505,0.9775883,0.9839591,0.9842918861189975,1.564427,1.2555534,1500,1467,train
1344,0.99161077,0.9811401,0.97744334,0.98436755,0.9841788708508682,1.5643861,1.341089,1500,1467,train
1345,0.9911099,0.98099154,0.9773432,0.9842413,0.9840533466295065,1.5643448,1.3384767,1500,1467,train
1346,0.9910427,0.9805452,0.97721756,0.9838953,0.9839444544599253,1.5643029,1.3211006,1500,1467,train
1347,0.9911252,0.98051363,0.9770813,0.983884,0.9838372296286545,1.5642605,1.3344228,1500,1467,train
1348,0.99049526,0.98005766,0.9769367,0.9835055,0.9837226832384517,1.5642174,1.3131698,1500,1467,train
1349,0.9905613,0.98065186,0.9767715,0.983677,0.983605301794072,1.5641739,1.3084626,1500,1467,train
1350,0.99049485,0.9801025,0.9766278,0.98336387,0.9834708496936457,1.5641297,1.3090268,1500,1467,train
1351,0.99003357,0.98013324,0.9765073,0.98321223,0.9833240799475537,1.564085,1.2869304,1500,1467,train
1352,0.9900315,0.98013747,0.9763777,0.98337585,0.9831776794238102,1.5640397,1.3314471,1500,1467,train
1353,0.98938864,0.9794263,0.97627914,0.982911,0.9830118419697288,1.5639937,1.3119929,1500,1467,train
1354,0.98948145,0.97951704,0.97613454,0.9828427,0.9828955387012657,1.5639471,1.3032767,1500,1467,train
1355,0.9892004,0.9789472,0.975952,0.98242074,0.9827855851453524,1.5638999,1.2875061,1500,1467,train
1356,0.9892664,0.97940844,0.9757807,0.98270005,0.9826782690136286,1.563852,1.3171445,1500,1467,train
1357,0.98916996,0.9790577,0.9756373,0.9824764,0.9825519382860295,1.5638034,1.317493,1500,1467,train
1358,0.98874617,0.97836643,0.975497,0.98207945,0.9824221719849936,1.5637542,1.3138762,1500,1467,train
1359,0.9887604,0.97877854,0.9753841,0.9822187,0.9822868381276175,1.5637043,1.3145454,1500,1467,train
1360,0.98816395,0.978727,0.97524416,0.9823546,0.9821518854421404,1.5636536,1.3602391,1500,1467,train
1361,0.98820484,0.9785798,0.9751257,0.98209745,0.9820112606690939,1.5636022,1.3323178,1500,1467,train
1362,0.988153,0.97836155,0.9749682,0.98200715,0.9818751571180886,1.5635501,1.3489633,1500,1467,train
1363,0.987602,0.9787429,0.9748212,0.9820251,0.9817517640547324,1.5634972,1.3308568,1500,1467,train
1364,0.98759454,0.9782167,0.9746965,0.98170996,0.98160977150974,1.5634435,1.327108,1500,1467,train
1365,0.98760605,0.9778259,0.9745289,0.9813665,0.9814480695236318,1.5633891,1.3091669,1500,1467,train
1366,0.987041,0.97787637,0.97442377,0.9813553,0.9813124141678556,1.5633337,1.3119845,1500,1467,train
1367,0.9869865,0.9773235,0.9743171,0.98094404,0.9811795207189667,1.5632777,1.2898104,1500,1467,train
1368,0.9870206,0.97702247,0.9741745,0.98081195,0.9810600360227184,1.5632207,1.3038567,1500,1467,train
1369,0.9864359,0.9774148,0.97400796,0.980785,0.9809022310995051,1.5631629,1.2781044,1500,1467,train
1370,0.9864425,0.97764164,0.9738232,0.9808814,0.9807574654446681,1.5631042,1.2935414,1500,1467,train
1371,0.986445,0.9772226,0.97368443,0.98050505,0.9806108390972341,1.5630445,1.2693655,1500,1467,train
1372,0.9858694,0.9772553,0.973575,0.98056376,0.9804607038346629,1.562984,1.2879668,1500,1467,train
1373,0.98629004,0.9768861,0.9734355,0.9801952,0.9803023579306807,1.5629225,1.2610023,1500,1467,train
1374,0.985708,0.97616214,0.97332346,0.97982895,0.9801286132128257,1.56286,1.2639,1500,1467,train
1375,0.985802,0.9767241,0.9731692,0.9799535,0.9800015891534246,1.5627965,1.2520257,1500,1467,train
1376,0.98522365,0.97623897,0.9730171,0.97976834,0.979866569720034,1.562732,1.272697,1500,1467,train
1377,0.9852843,0.97575694,0.9728912,0.97937274,0.9796966761569825,1.5626664,1.2494781,1500,1467,train
1378,0.98535454,0.97594625,0.9726944,0.97954285,0.9795334592470504,1.5625998,1.2837037,1500,1467,train
1379,0.9847154,0.9756055,0.9726075,0.9791583,0.9793339118217158,1.5625321,1.2464787,1500,1467,train
1380,0.984834,0.97532374,0.9724792,0.97893703,0.979111981405658,1.5624632,1.2398351,1500,1467,train
1381,0.9846983,0.97500724,0.9723209,0.97862,0.9788580593572478,1.5623932,1.2204797,1500,1467,train
1382,0.9843103,0.97522825,0.97219,0.97872627,0.9786039848335975,1.5623219,1.2331046,1500,1467,train
1383,0.9843,0.97398925,0.97205245,0.97804606,0.9783707134123872,1.5622495,1.2228844,1500,1467,train
1384,0.98373246,0.9750369,0.97188413,0.9783315,0.9781083110469538,1.5621759,1.201014,1500,1467,train
1385,0.98374736,0.97446364,0.9717618,0.9778421,0.9778243608254635,1.5621009,1.1685115,1500,1467,train
1386,0.9837216,0.9740295,0.97162473,0.9776801,0.9775060786093993,1.5620246,1.1870289,1500,1467,train
1387,0.9831602,0.97413343,0.9714681,0.977426,0.9771758079577216,1.561947,1.1441116,1500,1467,train
1388,0.9831525,0.9731245,0.9713223,0.97709775,0.9768276213924375,1.561868,1.1810545,1500,1467,train
1389,0.98315537,0.97369456,0.9711698,0.97724336,0.9764601594945406,1.5617876,1.1727834,1500,1467,train
1390,0.98316324,0.9730968,0.9710163,0.9769664,0.976073317446585,1.5617057,1.1851058,1500,1467,train
1391,0.98254216,0.972179,0.9709512,0.9763849,0.9756657065274462,1.5616223,1.1600254,1500,1467,train
1392,0.98259443,0.9727867,0.9707457,0.9753623,0.9752448589597085,1.5615374,0.9454577,1500,1467,train
1393,0.9824946,0.9716279,0.9706552,0.97456473,0.9748213649965054,1.5614508,0.90666103,1500,1467,train
1394,0.9819732,0.9726001,0.9704703,0.9750918,0.9743659323213529,1.5613626,0.9353564,1500,1467,train
1395,0.9820396,0.9722742,0.97029674,0.97468334,0.9738960373349874,1.5612729,0.90476453,1500,1467,train
1396,0.98192006,0.97178185,0.9701804,0.97426593,0.97343655426845,1.5611812,0.8812548,1500,1467,train
1397,0.98149735,0.97125727,0.97005,0.9736099,0.9729566191308542,1.5610878,0.8219516,1500,1467,train
1398,0.98137486,0.97062826,0.9699547,0.97340786,0.9724935112394837,1.5609927,0.8430928,1500,1467,train
1399,0.9809588,0.9708306,0.96982276,0.9730717,0.9719926539575683,1.5608957,0.7827084,1500,1467,train
1400,0.9808869,0.971163,0.96960723,0.9710065,0.971500264427489,1.5607966,0.44888434,1500,1467,train
1401,0.98095155,0.97074205,0.96949744,0.9701028,0.9710119142991507,1.5606956,0.34725055,1500,1467,train
1402,0.98041034,0.97043294,0.96933043,0.9702536,0.970547826080201,1.5605927,0.4037464,1500,1467,train
1403,0.9803849,0.96991605,0.9691936,0.9693381,0.9700784242129484,1.5604874,0.30911395,1500,1467,train
1404,0.97987735,0.9705351,0.9690896,0.9692288,0.9696251282432764,1.56038,0.25652936,1500,1467,train
1405,0.97989756,0.9700414,0.9689127,0.96907026,0.9691783212724714,1.5602704,0.27911738,1500,1467,train
1406,0.9798526,0.9699058,0.96874845,0.96891004,0.9687282648217908,1.5601584,0.2755839,1500,1467,train
1407,0.979399,0.96974516,0.9685836,0.9683965,0.968292036871461,1.560044,0.21972184,1500,1467,train
1408,0.97931767,0.9694031,0.9684906,0.96655506,0.9678761279756404,1.5599272,-0.034601226,1500,1467,train
1409,0.9793729,0.96934885,0.96832347,0.96606493,0.9674363226301089,1.5598078,-0.0960086,1500,1467,train
1410,0.9787486,0.96891505,0.9682101,0.9658864,0.967041610639968,1.5596857,-0.084740564,1500,1467,train
1411,0.9787712,0.9694528,0.96800053,0.96631414,0.9666509467420273,1.5595609,-0.040647753,1500,1467,train
1412,0.97882473,0.96893466,0.9678564,0.9656834,0.9662940827225114,1.5594332,-0.0925812,1500,1467,train
1413,0.97818124,0.9685226,0.9677613,0.96542525,0.9659703064592169,1.5593026,-0.09684472,1500,1467,train
1414,0.97823405,0.9683277,0.9676019,0.9654153,0.9656615637796304,1.5591689,-0.07274953,1500,1467,train
1415,0.97762847,0.9683383,0.96747565,0.96514696,0.965337193364049,1.5590322,-0.10690603,1500,1467,train
1416,0.9776715,0.96808344,0.9673091,0.9649106,0.9650792630912762,1.5588921,-0.113876194,1500,1467,train
1417,0.97763443,0.9676716,0.96713555,0.96481,0.9648013570567222,1.5587487,-0.0873854,1500,1467,train
1418,0.9770622,0.96560997,0.9669925,0.96394145,0.9645246004971153,1.5586019,-0.06592336,1500,1467,train
1419,0.9770975,0.967211,0.9668716,0.9643794,0.9642822029039635,1.5584513,-0.10323697,1500,1467,train
1420,0.9765361,0.9674953,0.96673477,0.9644952,0.9641060294747072,1.5582969,-0.0954003,1500,1467,train
1421,0.9765239,0.9671327,0.96665156,0.963985,0.963907996318408,1.5581387,-0.14438203,1500,1467,train
1422,0.9765977,0.96717685,0.9664029,0.9641123,0.9637194237986105,1.5579765,-0.10899514,1500,1467,train
1423,0.97601175,0.96566033,0.96626985,0.9634548,0.963522790624446,1.5578101,-0.09405659,1500,1467,train
1424,0.9761159,0.96686023,0.9660903,0.96434194,0.9633730897147422,1.5576392,-0.027207166,1500,1467,train
1425,0.9754763,0.9665792,0.9660419,0.96374404,0.9632350307455355,1.5574638,-0.09792003,1500,1467,train
1426,0.97556573,0.9670159,0.96585786,0.9638374,0.963072127946371,1.5572836,-0.10123269,1500,1467,train
1427,0.97553456,0.9661023,0.9657247,0.9629789,0.9629082197648579,1.5570985,-0.16228323,1500,1467,train
1428,0.9750032,0.9661227,0.9655441,0.96289116,0.9627871060684965,1.5569084,-0.16455199,1500,1467,train
1429,0.9749974,0.9657834,0.9653523,0.962723,0.9626796904089371,1.5567127,-0.15256807,1500,1467,train
1430,0.9749658,0.9650473,0.9652072,0.9623844,0.9625519750982061,1.5565116,-0.14243543,1500,1467,train
1431,0.97443485,0.9662226,0.9651042,0.96259594,0.9624132884650479,1.5563046,-0.18694547,1500,1467,train
1432,0.97441906,0.96436566,0.96495533,0.96218663,0.9623037928910877,1.5560915,-0.10596508,1500,1467,train
1433,0.97442895,0.9645411,0.96476734,0.962031,0.9622222434183798,1.5558721,-0.12976767,1500,1467,train
1434,0.97389054,0.9655459,0.964651,0.96270955,0.962111934670141,1.555646,-0.08603184,1500,1467,train
1435,0.97381663,0.9653749,0.9644984,0.9621032,0.9620044982099117,1.5554129,-0.1592661,1500,1467,train
1436,0.973841,0.9650293,0.9643425,0.96216327,0.9618617323692791,1.5551726,-0.11296412,1500,1467,train
1437,0.9732453,0.9647473,0.9642004,0.96154505,0.9617589603245368,1.5549246,-0.18114227,1500,1467,train
1438,0.9732452,0.96347266,0.9639958,0.9608095,0.9616509133666125,1.5546687,-0.19108158,1500,1467,train
1439,0.9732891,0.9630167,0.9638604,0.9605883,0.9615069876297722,1.5544044,-0.1832267,1500,1467,train
1440,0.97264457,0.9645893,0.9637749,0.96211594,0.9613778134613047,1.5541312,-0.047422767,1500,1467,train
1441,0.9727039,0.9617065,0.9636141,0.9605399,0.9612556638397546,1.5538487,-0.077411704,1500,1467,train
1442,0.97209615,0.964228,0.9634527,0.9615753,0.9611453778795017,1.5535567,-0.0834592,1500,1467,train
1443,0.9721277,0.9643188,0.9633249,0.96150535,0.9610354590165728,1.5532542,-0.09181939,1500,1467,train
1444,0.9721682,0.9627328,0.9631072,0.96034336,0.9608934589813415,1.5529411,-0.14610109,1500,1467,train
1445,0.9715555,0.9603403,0.9630017,0.959293,0.9607824684849797,1.5526165,-0.13212897,1500,1467,train
1446,0.9716172,0.96294457,0.96284974,0.96043193,0.9606874626774422,1.55228,-0.12840092,1500,1467,train
1447,0.97101754,0.9634327,0.9627603,0.96066374,0.960545226464763,1.5519307,-0.12029542,1500,1467,train
1448,0.9710457,0.9631707,0.96256375,0.9613384,0.9604299078738341,1.5515679,0.019131899,1500,1467,train
1449,0.9710936,0.962495,0.9624206,0.9606093,0.9602828613925662,1.551191,-0.036575533,1500,1467,train
1450,0.9704945,0.9624178,0.96226263,0.9609488,0.9601777879637378,1.550799,0.03338438,1500,1467,train
1451,0.97053844,0.9629143,0.9620917,0.96065795,0.960075237905761,1.550391,-0.03517565,1500,1467,train
1452,0.97048664,0.9619337,0.96191967,0.96046257,0.959999694335795,1.549966,0.016502274,1500,1467,train
1453,0.96996236,0.96125036,0.96176445,0.9597497,0.9599175296239141,1.549523,-0.03526,1500,1467,train
1454,0.97001874,0.95927817,0.9616381,0.9587991,0.9598500913419321,1.5490606,-0.034437492,1500,1467,train
1455,0.9693788,0.9616654,0.96149886,0.9597908,0.9597615906640073,1.5485778,-0.039317384,1500,1467,train
1456,0.96940565,0.9619176,0.96135986,0.960644,0.9596414010765792,1.5480729,0.085766725,1500,1467,train
1457,0.96934205,0.9612197,0.9612249,0.96020967,0.9595247151956824,1.5475447,0.077316836,1500,1467,train
1458,0.9688125,0.9598698,0.96101344,0.9593372,0.9594261240517773,1.5469913,0.05238118,1500,1467,train
1459,0.9688668,0.9592702,0.9608499,0.9587542,0.9592973311078619,1.5464109,0.015810369,1500,1467,train
1460,0.96880394,0.95889884,0.96069634,0.9581686,0.9592298496678993,1.5458015,-0.038392946,1500,1467,train
1461,0.9682921,0.961269,0.96059537,0.9592303,0.9591149855568178,1.5451609,-0.033811375,1500,1467,train
1462,0.9681887,0.96103615,0.9604548,0.95845,0.9589942375698991,1.5444866,-0.13048165,1500,1467,train
1463,0.9677032,0.9607108,0.9602674,0.95807165,0.9589028731216138,1.5437759,-0.1536243,1500,1467,train
1464,0.9677251,0.9596551,0.9600501,0.9591415,0.9587739500152166,1.5430257,0.10572698,1500,1467,train
1465,0.96768296,0.95945984,0.9599649,0.95884204,0.9586336113644464,1.5422326,0.079222485,1500,1467,train
1466,0.96715266,0.95911956,0.9598205,0.95850706,0.9585235676340463,1.541393,0.061602272,1500,1467,train
1467,0.9670973,0.9587215,0.95966446,0.957955,0.9584072492082444,1.5405025,0.015047425,1500,1467,train
1468,0.9671622,0.95849615,0.95945513,0.9578879,0.9583090567764664,1.5395565,0.0355691,1500,1467,train
1469,0.966595,0.9600002,0.959309,0.95812696,0.9581542772240387,1.5385494,-0.02358289,1500,1467,train
1470,0.96649283,0.95887434,0.9591881,0.9575002,0.9579533253613084,1.5374753,-0.032795288,1500,1467,train
1471,0.9661483,0.9586905,0.9589888,0.95706314,0.9577175159883913,1.5363272,-0.07409859,1500,1467,train
1472,0.96601146,0.9584916,0.95886934,0.9582311,0.9575029797655243,1.5350972,0.13065918,1500,1467,train
1473,0.96551317,0.9572055,0.95866895,0.9575826,0.9572876390885402,1.5337762,0.13514422,1500,1467,train
1474,0.9654771,0.9593757,0.95855796,0.9581233,0.9571211936965138,1.5323538,0.07393962,1500,1467,train
1475,0.9654576,0.95888704,0.95839703,0.9577968,0.9568826596127401,1.5308176,0.0692786,1500,1467,train
1476,0.9654352,0.95945257,0.95823157,0.95732147,0.9566533349589391,1.5291537,-0.033198208,1500,1467,train
1477,0.9647988,0.9583883,0.95812094,0.95659,0.9563985184830861,1.5273454,-0.06411607,1500,1467,train
1478,0.96484894,0.9575465,0.9579116,0.955886,0.9561145649930541,1.5253731,-0.09973724,1500,1467,train
1479,0.9643201,0.9558376,0.9577218,0.95504,0.955816352212663,1.5232133,-0.096702605,1500,1467,train
1480,0.9642823,0.9557905,0.9576045,0.95530397,0.9555088591541951,1.5208379,-0.043028556,1500,1467,train
1481,0.96373683,0.95845133,0.9574866,0.9558433,0.9551907025508458,1.5182133,-0.14116424,1500,1467,train
1482,0.9637209,0.95788616,0.9573163,0.9558301,0.9548756989939177,1.5152978,-0.089728445,1500,1467,train
1483,0.9637181,0.95730585,0.9571016,0.95461416,0.9545559869238672,1.5120405,-0.22718364,1500,1467,train
1484,0.96376973,0.95763844,0.95695627,0.955232,0.9541841737113912,1.5083776,-0.14078194,1500,1467,train
1485,0.9631218,0.9554243,0.9568373,0.9535874,0.9538006757082556,1.5042281,-0.23521438,1500,1467,train
1486,0.96316206,0.95691174,0.95664895,0.95432794,0.9534087864622696,1.4994888,-0.21066958,1500,1467,train
1487,0.9625746,0.9577434,0.95649636,0.9544167,0.9530374104283765,1.4940244,-0.24666598,1500,1467,train
1488,0.9626095,0.95681185,0.9562993,0.9524542,0.9526596192057943,1.487655,-0.49414107,1500,1467,train
1489,0.9625995,0.9570785,0.956146,0.9523798,0.9522336203691742,1.4801364,-0.51660275,1500,1467,train
1490,0.9620123,0.956324,0.95604813,0.9518458,0.9518667381858174,1.4711276,-0.5429752,1500,1467,train
1491,0.96202594,0.95697457,0.95589876,0.9517847,0.9515006714813241,1.4601392,-0.59607816,1500,1467,train
1492,0.96152693,0.9539903,0.9557017,0.9497255,0.9511268458030522,1.4464413,-0.71281505,1500,1467,train
1493,0.9615177,0.9529814,0.9554832,0.9492318,0.9507498466449108,1.4288993,-0.6999601,1500,1467,train
1494,0.9610103,0.9561754,0.9553989,0.95042026,0.9503749906550788,1.4056476,-0.7446308,1500,1467,train
1495,0.96093225,0.9563476,0.95526206,0.9502257,0.9499975587169123,1.3734008,-0.78704107,1500,1467,train
1496,0.9604452,0.95674413,0.9551543,0.9495341,0.9496174288143072,1.3258177,-0.96352124,1500,1467,train
1497,0.9604549,0.9564418,0.9549092,0.94910455,0.949238629483567,1.2490457,-1.0046823,1500,1467,train
1498,0.96043456,0.955188,0.9547838,0.9486501,0.9488972662467023,1.1071488,-0.9648944,1500,1467,train
1499,0.9599496,0.9523751,0.95458424,0.94692266,0.9485311794260298,0.7853982,-1.0477659,1500,1467,train
1500,0.9598617,0.95481116,0.9544443,0.9479233,0.9482103147488488,-0.0,-1.0581722,1500,1467,train
1501,0.9599503,0.9538229,0.954252,0.94733894,0.947894829466126,-0.7853982,-1.0694387,1500,1467,train
1502,0.9593107,0.9542436,0.9541186,0.9473529,0.947610508057922,-1.1071488,-1.0979233,1500,1467,train
1503,0.9593743,0.954988,0.9539379,0.94767296,0.9473169480782868,-1.2490457,-1.0821121,1500,1467,train
1504,0.9587853,0.9543452,0.95382226,0.9469406,0.9470470132283543,-1.3258177,-1.1802101,1500,1467,train
1505,0.95872813,0.9514262,0.953637,0.9455276,0.9467653488056365,-1.3734008,-1.1802768,1500,1467,train
1506,0.9587328,0.95294106,0.9534737,0.94613034,0.9465061867030882,-1.4056476,-1.1832932,1500,1467,train
1507,0.9582283,0.9539625,0.953287,0.9465077,0.9462446422063039,-1.4288993,-1.18377,1500,1467,train
1508,0.9581486,0.95299166,0.95314026,0.9460005,0.9460081991602328,-1.4464413,-1.1833054,1500,1467,train
1509,0.9582015,0.95464146,0.95297635,0.94665605,0.9457582726211398,-1.4601392,-1.1885495,1500,1467,train
1510,0.95755714,0.9538558,0.95288,0.94620734,0.9455746324602894,-1.4711276,-1.2010989,1500,1467,train
1511,0.95764923,0.9526363,0.95263255,0.94551486,0.9453679266776414,-1.4801364,-1.2076107,1500,1467,train
1512,0.95708257,0.9531191,0.95245683,0.94557214,0.9452048138831142,-1.487655,-1.229781,1500,1467,train
1513,0.9571083,0.95144063,0.95237696,0.94475776,0.9450611273478987,-1.4940244,-1.2336872,1500,1467,train
1514,0.9565539,0.95392144,0.9522172,0.94577205,0.9448887457752686,-1.4994888,-1.2449884,1500,1467,train
1515,0.95655936,0.9520261,0.9520148,0.94476193,0.9447152043374826,-1.5042281,-1.2603607,1500,1467,train
1516,0.9566461,0.9515198,0.9518211,0.94440955,0.9445631550298862,-1.5083776,-1.2697423,1500,1467,train
1517,0.9560752,0.9513843,0.9517077,0.9443172,0.9444108115089891,-1.5120405,-1.2637477,1500,1467,train
1518,0.95606834,0.95045906,0.95154595,0.9438166,0.9442127700078508,-1.5152978,-1.2653317,1500,1467,train
1519,0.9555241,0.9502155,0.95137656,0.94359845,0.9439755602653265,-1.5182133,-1.273737,1500,1467,train
1520,0.9554913,0.9514682,0.95120335,0.9439897,0.943796445371354,-1.5208379,-1.3021979,1500,1467,train
1521,0.95548815,0.9507454,0.9509584,0.94358885,0.9436464127283001,-1.5232133,-1.2905722,1500,1467,train
1522,0.95499307,0.95009553,0.95084965,0.94316304,0.9434795308273299,-1.5253731,-1.3139256,1500,1467,train
1523,0.95489734,0.9504312,0.9507235,0.9432659,0.9433308652757819,-1.5273454,-1.3116027,1500,1467,train
1524,0.9543803,0.95196337,0.95061386,0.94389486,0.9431986484676665,-1.5291537,-1.3167931,1500,1467,train
1525,0.95441574,0.95113903,0.9503907,0.9434572,0.9430114103823103,-1.5308176,-1.3052254,1500,1467,train
1526,0.95384157,0.95176107,0.9502307,0.94360703,0.942825877193117,-1.5323538,-1.3227867,1500,1467,train
1527,0.95391226,0.95005673,0.95003235,0.94269013,0.9426103575550397,-1.5337762,-1.3378868,1500,1467,train
1528,0.95377296,0.9504659,0.9498838,0.9428009,0.9424294604836739,-1.5350972,-1.3400846,1500,1467,train
1529,0.95325917,0.9482624,0.949736,0.94169396,0.942308813068202,-1.5363272,-1.3512049,1500,1467,train
1530,0.95327544,0.947887,0.9495169,0.9414695,0.9421729880007248,-1.5374753,-1.3371587,1500,1467,train
1531,0.95327824,0.947518,0.94938123,0.9411939,0.9419776191635416,-1.5385494,-1.3509057,1500,1467,train
1532,0.95268524,0.9502796,0.9492265,0.942305,0.9418016439529074,-1.5395565,-1.3735921,1500,1467,train
1533,0.952684,0.95011884,0.949072,0.942185,0.9416266834496179,-1.5405025,-1.3662498,1500,1467,train
1534,0.9521385,0.9502906,0.9488554,0.9421371,0.9414964864031263,-1.541393,-1.3745213,1500,1467,train
1535,0.9521576,0.94834524,0.9486743,0.94115806,0.9413580357624551,-1.5422326,-1.3780013,1500,1467,train
1536,0.9521646,0.94785005,0.9485184,0.9408217,0.9411943595933954,-1.5430257,-1.3903842,1500,1467,train
1537,0.951644,0.9474535,0.9484221,0.9405642,0.9410362125736242,-1.5437759,-1.4008095,1500,1467,train
1538,0.95149904,0.9477665,0.9482174,0.94064265,0.9408560138050517,-1.5444866,-1.3913975,1500,1467,train
1539,0.95156705,0.94701475,0.9480696,0.940185,0.9406627851228014,-1.5451609,-1.4066021,1500,1467,train
1540,0.95109975,0.9481244,0.9478344,0.9405707,0.9405246129980602,-1.5458015,-1.4102263,1500,1467,train
1541,0.95099837,0.94638634,0.9476868,0.93971467,0.9403730586173326,-1.5464109,-1.4095385,1500,1467,train
1542,0.9504823,0.9473509,0.94756985,0.94005364,0.9402028753461947,-1.5469913,-1.4244273,1500,1467,train
1543,0.95052403,0.94695544,0.9473518,0.9398259,0.9400234841679731,-1.5475447,-1.4077039,1500,1467,train
1544,0.94995314,0.9494247,0.9471804,0.9408462,0.9398842724039752,-1.5480729,-1.415526,1500,1467,train
1545,0.9500438,0.94868404,0.9470655,0.9404475,0.9396842324225106,-1.5485778,-1.4184816,1500,1467,train
1546,0.94939154,0.947282,0.9468962,0.93971115,0.9395172613515125,-1.5490606,-1.4253024,1500,1467,train
1547,0.94940823,0.94822675,0.9467133,0.9399819,0.939374332653531,-1.549523,-1.4500418,1500,1467,train
1548,0.9493676,0.9468036,0.9464532,0.939245,0.9392296547565396,-1.549966,-1.4402544,1500,1467,train
1549,0.9488537,0.9450965,0.94632804,0.9383751,0.939095779089961,-1.550391,-1.4521992,1500,1467,train
1550,0.9488986,0.9452838,0.9461583,0.9384395,0.9389381155767391,-1.550799,-1.4333981,1500,1467,train
1551,0.9482604,0.9476022,0.9461218,0.93940544,0.9387976533856254,-1.551191,-1.4572341,1500,1467,train
1552,0.9483371,0.9492602,0.9458748,0.9401313,0.9386858324542232,-1.5515679,-1.4292264,1500,1467,train
1553,0.94831353,0.9475805,0.9456779,0.93925166,0.9385434867433738,-1.5519307,-1.4375498,1500,1467,train
1554,0.9477579,0.9443322,0.94550025,0.9376636,0.9384476367272881,-1.55228,-1.4471604,1500,1467,train
1555,0.9477415,0.94407743,0.94535816,0.93743676,0.9383018851231424,-1.5526165,-1.4625125,1500,1467,train
1556,0.9471419,0.9451654,0.9452691,0.9379201,0.9381367554615607,-1.5529411,-1.4527295,1500,1467,train
1557,0.9472048,0.9450375,0.94498837,0.9377559,0.9380001355930323,-1.5532542,-1.4452415,1500,1467,train
1558,0.9466273,0.9461238,0.944878,0.9381737,0.9378635663835243,-1.5535567,-1.4538095,1500,1467,train
1559,0.9466689,0.9419259,0.94462776,0.9361161,0.9377330861903309,-1.5538487,-1.4650776,1500,1467,train
1560,0.9466458,0.9439417,0.9444593,0.9369916,0.9376000488432553,-1.5541312,-1.4531158,1500,1467,train
1561,0.9460101,0.94535094,0.94432247,0.9375747,0.9374775141467273,-1.5544044,-1.4515308,1500,1467,train
1562,0.9460914,0.9438537,0.94409144,0.9368091,0.9373438026079219,-1.5546687,-1.4444573,1500,1467,train
1563,0.94556266,0.94608754,0.9440174,0.9377492,0.9371872001678134,-1.5549246,-1.4585297,1500,1467,train
1564,0.9456472,0.9458783,0.94380367,0.9375727,0.937027064184424,-1.5551726,-1.4529994,1500,1467,train
1565,0.9450426,0.94463843,0.9436337,0.9369116,0.9368612351885887,-1.5554129,-1.4594669,1500,1467,train
1566,0.94506377,0.94401735,0.94341457,0.9365083,0.9367280823705926,-1.555646,-1.466346,1500,1467,train
1567,0.94506806,0.94494146,0.94328606,0.93686604,0.9365781774801288,-1.5558721,-1.4676621,1500,1467,train
1568,0.9445501,0.9459854,0.9430907,0.93725187,0.9364669833040751,-1.5560915,-1.4675121,1500,1467,train
1569,0.94451493,0.94209796,0.9429387,0.9354105,0.9363249550197872,-1.5563046,-1.4686949,1500,1467,train
1570,0.94396454,0.9463501,0.9428252,0.9372685,0.9361817780381984,-1.5565116,-1.4769711,1500,1467,train
1571,0.9439627,0.94544125,0.9426378,0.9367524,0.936046363217925,-1.5567127,-1.4827669,1500,1467,train
1572,0.9439422,0.9431638,0.9424437,0.93564576,0.9359016090441612,-1.5569084,-1.4765369,1500,1467,train
1573,0.9434245,0.94244546,0.9422066,0.9352177,0.9357543603493872,-1.5570985,-1.4740494,1500,1467,train
1574,0.94331115,0.9417848,0.94205654,0.93484414,0.9355934916982899,-1.5572836,-1.4755058,1500,1467,train
1575,0.9428127,0.9453798,0.94192564,0.9364222,0.9353741351635955,-1.5574638,-1.4746151,1500,1467,train
1576,0.9427651,0.9438929,0.94172585,0.9357057,0.9352077923114315,-1.5576392,-1.4572347,1500,1467,train
1577,0.9427857,0.9427771,0.9415525,0.9350903,0.9350662048833419,-1.5578101,-1.4668521,1500,1467,train
1578,0.9422679,0.94348794,0.9414114,0.9353695,0.934935853426947,-1.5579765,-1.4599566,1500,1467,train
1579,0.9421458,0.9406348,0.94119155,0.93393165,0.9347851994707137,-1.5581387,-1.4732771,1500,1467,train
1580,0.9416375,0.9418293,0.94103587,0.9344187,0.9346184076240738,-1.5582969,-1.4681967,1500,1467,train
1581,0.9416344,0.9427754,0.9408554,0.93476105,0.9344316508945907,-1.5584513,-1.470042,1500,1467,train
1582,0.94167316,0.9398214,0.9406593,0.933326,0.9342631628557487,-1.5586019,-1.4705528,1500,1467,train
1583,0.94115,0.94216585,0.94052875,0.9343428,0.9340952533663284,-1.5587487,-1.4671378,1500,1467,train
1584,0.941001,0.94188863,0.94038975,0.93416387,0.9339201457935159,-1.5588921,-1.4634601,1500,1467,train
1585,0.9405533,0.9425413,0.94021785,0.93440074,0.9336934837104782,-1.5590322,-1.4571748,1500,1467,train
1586,0.94055724,0.9399509,0.94002557,0.93312097,0.933453441275066,-1.5591689,-1.4616843,1500,1467,train
1587,0.9399976,0.93996185,0.93977463,0.9330157,0.9332731398248728,-1.5593026,-1.4601345,1500,1467,train
1588,0.9400129,0.94097394,0.9396454,0.9334168,0.9330881095550168,-1.5594332,-1.4601882,1500,1467,train
1589,0.9399564,0.9414392,0.9394928,0.93359184,0.9329083614280164,-1.5595609,-1.4490237,1500,1467,train
1590,0.9393866,0.9410812,0.9393548,0.93331057,0.932747730941683,-1.5596857,-1.4676406,1500,1467,train
1591,0.93949723,0.9394855,0.93914783,0.9325133,0.9325745290636563,-1.5598078,-1.4597197,1500,1467,train
1592,0.93893653,0.9384325,0.93899095,0.9320399,0.932390771017944,-1.5599272,-1.4339347,1500,1467,train
1593,0.9389516,0.9356763,0.93874896,0.9307155,0.9322234009053989,-1.560044,-1.4207952,1500,1467,train
1594,0.93885994,0.9369006,0.9385954,0.93117803,0.9320717722379157,-1.5601584,-1.4286687,1500,1467,train
1595,0.93834925,0.93928844,0.93844306,0.93216926,0.9318617146852949,-1.5602704,-1.4369502,1500,1467,train
1596,0.93836325,0.93826264,0.9381956,0.9316092,0.9317137815948929,-1.56038,-1.4304277,1500,1467,train
1597,0.9377406,0.93731546,0.93809927,0.9311476,0.9315801813107109,-1.5604874,-1.4260662,1500,1467,train
1598,0.93780535,0.938232,0.93793726,0.9314675,0.9313825624424024,-1.5605927,-1.4335582,1500,1467,train
1599,0.9372256,0.9377821,0.9377421,0.9311794,0.9311691335517613,-1.5606956,-1.4316139,1500,1467,train
1600,0.9372941,0.9401426,0.9375907,0.9322603,0.9309617391099355,-1.5607966,-1.4068038,1500,1467,train
1601,0.93728536,0.9362283,0.9373313,0.93038976,0.9308210098974657,-1.5608957,-1.3975598,1500,1467,train
1602,0.93668824,0.936341,0.9371816,0.930354,0.9306883576510194,-1.5609927,-1.4034677,1500,1467,train
1603,0.9367117,0.9375648,0.9370223,0.9308123,0.9305264424428594,-1.5610878,-1.4116654,1500,1467,train
1604,0.93612415,0.93771565,0.9368757,0.930837,0.9303688693781909,-1.5611812,-1.4042192,1500,1467,train
1605,0.93622124,0.9355362,0.93660724,0.92972946,0.9301201453937566,-1.5612729,-1.4020324,1500,1467,train
1606,0.9361692,0.93613094,0.93645203,0.92990494,0.9299145173712006,-1.5613626,-1.4097352,1500,1467,train
1607,0.93556416,0.93553895,0.9362875,0.92956215,0.9297377509156234,-1.5614508,-1.4091377,1500,1467,train
1608,0.9356302,0.9348724,0.93609774,0.9291971,0.929566940512465,-1.5615374,-1.4011111,1500,1467,train
1609,0.93502533,0.9362787,0.93594015,0.9297902,0.9294280566070903,-1.5616223,-1.3929803,1500,1467,train
1610,0.93500745,0.93548447,0.9357122,0.92932683,0.929250239706223,-1.5617057,-1.3922508,1500,1467,train
1611,0.93443483,0.93821436,0.935608,0.9305105,0.9290895533225624,-1.5617876,-1.3955921,1500,1467,train
1612,0.9345026,0.93539184,0.9352821,0.929095,0.9288896269327078,-1.561868,-1.3899742,1500,1467,train
1613,0.9344682,0.9339529,0.9350804,0.9283502,0.9287366823984219,-1.561947,-1.3892901,1500,1467,train
1614,0.93393266,0.9355861,0.9350064,0.92904955,0.9285996509380108,-1.5620246,-1.3923695,1500,1467,train
1615,0.9339072,0.93422514,0.9347986,0.92830026,0.9284634949215794,-1.5621009,-1.4035382,1500,1467,train
1616,0.93339264,0.93359655,0.9346864,0.928029,0.9283039794372715,-1.5621759,-1.3825784,1500,1467,train
1617,0.9334423,0.9335044,0.9344399,0.9278692,0.9281032638424442,-1.5622495,-1.384153,1500,1467,train
1618,0.93283457,0.9330561,0.93428314,0.9275753,0.9279105093808985,-1.5623219,-1.3898945,1500,1467,train
1619,0.93281984,0.9329892,0.9340811,0.92743266,0.9276826530434886,-1.5623932,-1.3961504,1500,1467,train
1620,0.93231064,0.9332487,0.9339603,0.9275006,0.9275065407768683,-1.5624632,-1.3944991,1500,1467,train
1621,0.9322907,0.9328215,0.93372464,0.927227,0.9273511309642865,-1.5625321,-1.3854272,1500,1467,train
1622,0.93229294,0.9309753,0.9335706,0.92628765,0.9271645497329437,-1.5625998,-1.394625,1500,1467,train
1623,0.9318056,0.93347055,0.93345535,0.92734456,0.9269875232102682,-1.5626664,-1.4027324,1500,1467,train
1624,0.9316852,0.93376523,0.93325746,0.9274771,0.9268392691425965,-1.562732,-1.3745513,1500,1467,train
1625,0.93116826,0.9326684,0.93304145,0.9268577,0.9266655232717742,-1.5627965,-1.3812934,1500,1467,train
1626,0.93112487,0.93135136,0.932858,0.92618954,0.9265376314422433,-1.56286,-1.376606,1500,1467,train
1627,0.9311556,0.9295508,0.9325247,0.92521304,0.9263547562011423,-1.5629225,-1.3781266,1500,1467,train
1628,0.9306342,0.93011755,0.9324759,0.92548347,0.9261608027558972,-1.562984,-1.3672144,1500,1467,train
1629,0.9305395,0.9305771,0.9322785,0.9255878,0.9259566249573218,-1.5630445,-1.3717005,1500,1467,train
1630,0.93002033,0.93456733,0.93219376,0.92735404,0.9257694100366236,-1.5631042,-1.3748555,1500,1467,train
1631,0.93000025,0.9330628,0.9319452,0.92654985,0.9255994537664455,-1.5631629,-1.3767067,1500,1467,train
1632,0.9299505,0.9321465,0.9317249,0.92610216,0.9254335103000983,-1.5632207,-1.3549936,1500,1467,train
1633,0.9294655,0.9285911,0.9315325,0.92440236,0.9252517384827437,-1.5632777,-1.3532524,1500,1467,train
1634,0.9294618,0.928139,0.9312918,0.9241072,0.9250475767447098,-1.5633337,-1.3469173,1500,1467,train
1635,0.9289215,0.9307676,0.93121326,0.9252607,0.9248361127808775,-1.5633891,-1.3488435,1500,1467,train
1636,0.9289306,0.9306056,0.9310225,0.92510253,0.9246207755047428,-1.5634435,-1.3479781,1500,1467,train
1637,0.92846745,0.9312703,0.9308306,0.9253112,0.924487887800441,-1.5634972,-1.3497412,1500,1467,train
1638,0.92844105,0.92764324,0.93060434,0.9235463,0.9243220286181857,-1.5635501,-1.3532125,1500,1467,train
1639,0.9279212,0.927146,0.93039644,0.92323893,0.9240840156825181,-1.5636022,-1.3489305,1500,1467,train
1640,0.9279575,0.9274103,0.93022716,0.9233279,0.9238641293956631,-1.5636536,-1.3348681,1500,1467,train
1641,0.9279059,0.9288371,0.9300821,0.923916,0.9236422184463968,-1.5637043,-1.3332362,1500,1467,train
1642,0.92734736,0.93073213,0.92993784,0.92469233,0.9234123393987902,-1.5637542,-1.3391798,1500,1467,train
1643,0.92740005,0.9296034,0.9297401,0.9240792,0.9232326916555755,-1.5638034,-1.3419428,1500,1467,train
1644,0.92680395,0.92926556,0.9295584,0.9238792,0.9230318962359678,-1.563852,-1.3307791,1500,1467,train
1645,0.92677885,0.9261134,0.92930245,0.9223209,0.9228393928499934,-1.5638999,-1.3329501,1500,1467,train
1646,0.92673993,0.92650217,0.9291048,0.922409,0.9226406762579726,-1.5639471,-1.3324217,1500,1467,train
1647,0.9261559,0.92767173,0.92894256,0.9228739,0.9224075460523422,-1.5639937,-1.3302598,1500,1467,train
1648,0.9261427,0.9257919,0.92872465,0.9219833,0.922140459352354,-1.5640397,-1.3110828,1500,1467,train
1649,0.9256082,0.9241094,0.9285306,0.92110693,0.9219471203173335,-1.564085,-1.3176501,1500,1467,train
1650,0.9256093,0.925226,0.9282857,0.9214954,0.9217665496870077,-1.5641297,-1.3198304,1500,1467,train
1651,0.9250083,0.9242669,0.9281161,0.92097527,0.9215603721417319,-1.5641739,-1.3216867,1500,1467,train
1652,0.9250621,0.9241472,0.9279287,0.92086697,0.9212944840352705,-1.5642174,-1.3121514,1500,1467,train
1653,0.92498755,0.9245797,0.9277767,0.9209949,0.9210179771566027,-1.5642605,-1.3119323,1500,1467,train
1654,0.9244474,0.92654866,0.92755914,0.9217915,0.9207456141542013,-1.5643029,-1.3117652,1500,1467,train
1655,0.9244682,0.925824,0.9273617,0.9213886,0.9204853892936409,-1.5643448,-1.3066773,1500,1467,train
1656,0.92385966,0.9221404,0.9271717,0.9195953,0.9203272150522235,-1.5643861,-1.3157853,1500,1467,train
1657,0.92389846,0.92173356,0.9269897,0.9193176,0.9201564669984209,-1.564427,-1.3185366,1500,1467,train
1658,0.923312,0.9216935,0.92680776,0.919222,0.9199733108071968,-1.5644673,-1.316792,1500,1467,train
1659,0.9233138,0.9220456,0.9266354,0.91933846,0.9196906763850055,-1.5645071,-1.306339,1500,1467,train
1660,0.9228091,0.92388684,0.92653096,0.9200844,0.9194078397614583,-1.5645465,-1.3193381,1500,1467,train
1661,0.92289335,0.92340606,0.9263085,0.91978896,0.9191629311317784,-1.5645852,-1.3118606,1500,1467,train
1662,0.9223098,0.9201272,0.9260137,0.91817355,0.9189200862006982,-1.5646236,-1.308589,1500,1467,train
1663,0.92239267,0.9194743,0.92582715,0.9177397,0.9186707625732052,-1.5646614,-1.3239067,1500,1467,train
1664,0.92179364,0.9230173,0.92571247,0.9192886,0.9184227698226952,-1.5646988,-1.3269894,1500,1467,train
1665,0.9218036,0.92351526,0.925544,0.91945684,0.9181775789292653,-1.5647358,-1.3213205,1500,1467,train
1666,0.92128456,0.9224286,0.92536294,0.91888857,0.9179350254762251,-1.5647722,-1.3186352,1500,1467,train
1667,0.9212645,0.92266756,0.92519486,0.91891944,0.9177130345199178,-1.5648084,-1.3188975,1500,1467,train
1668,0.92130053,0.9186595,0.92489994,0.9169264,0.9175292607484836,-1.564844,-1.329366,1500,1467,train
1669,0.9206863,0.9190325,0.9248264,0.91707605,0.917326327957806,-1.5648792,-1.3252319,1500,1467,train
1670,0.9207123,0.91774744,0.92458975,0.9163626,0.9171448362332741,-1.564914,-1.3314505,1500,1467,train
1671,0.9207041,0.91797113,0.92432487,0.9163584,0.9169335093672804,-1.5649484,-1.3268135,1500,1467,train
1672,0.9200929,0.91981,0.9241743,0.9171059,0.9166916198399679,-1.5649824,-1.3328468,1500,1467,train
1673,0.9201362,0.92024285,0.9239923,0.91721493,0.9165185322501923,-1.565016,-1.3342173,1500,1467,train
1674,0.9195812,0.91700345,0.92370164,0.9156068,0.9163146094748195,-1.5650493,-1.3346946,1500,1467,train
1675,0.9195397,0.91622126,0.9234849,0.91514343,0.9160934855123463,-1.5650821,-1.3372362,1500,1467,train
1676,0.9189859,0.91645515,0.92344964,0.91523886,0.9158741203965487,-1.5651146,-1.3356674,1500,1467,train
1677,0.91898596,0.91956383,0.9232048,0.91654044,0.9156709498366802,-1.5651467,-1.3357738,1500,1467,train
1678,0.9189531,0.9181986,0.9230095,0.91584325,0.9154392502842827,-1.5651784,-1.3317523,1500,1467,train
1679,0.9184303,0.91837794,0.9228258,0.9158259,0.9152318571209821,-1.5652097,-1.3362545,1500,1467,train
1680,0.91840684,0.9177503,0.9226161,0.9154433,0.9150714431684447,-1.5652409,-1.336581,1500,1467,train
1681,0.91787595,0.9142006,0.9224454,0.9137335,0.9149414087322375,-1.5652715,-1.3417859,1500,1467,train
1682,0.91786546,0.91344815,0.922259,0.9133271,0.9147567711680067,-1.5653019,-1.3353287,1500,1467,train
1683,0.9178542,0.9133851,0.922037,0.91319823,0.9145455192975599,-1.5653319,-1.3349092,1500,1467,train
1684,0.9173725,0.91701704,0.9219308,0.9147992,0.9143363435693926,-1.5653616,-1.3356162,1500,1467,train
1685,0.9173513,0.9165011,0.9216441,0.91444266,0.9141669013634552,-1.565391,-1.3327675,1500,1467,train
1686,0.916862,0.9164519,0.9215504,0.9143583,0.9140281810066699,-1.56542,-1.3385566,1500,1467,train
1687,0.9168425,0.9166198,0.921348,0.9143488,0.913883133648366,-1.5654488,-1.3365045,1500,1467,train
1688,0.9163152,0.91864216,0.9211141,0.91516143,0.9136923543809813,-1.5654773,-1.336565,1500,1467,train
1689,0.9162843,0.9154839,0.92084205,0.91358715,0.9134697022369069,-1.5655054,-1.340563,1500,1467,train
1690,0.91631144,0.9145934,0.92064714,0.91309184,0.913341215104822,-1.5655332,-1.3408896,1500,1467,train
1691,0.9157427,0.914475,0.92055416,0.91299725,0.9132307900310627,-1.5655608,-1.3403271,1500,1467,train
1692,0.9157927,0.9145316,0.92036295,0.91292363,0.9131129109205036,-1.565588,-1.3439481,1500,1467,train
1693,0.915215,0.9140065,0.9201795,0.9126214,0.91299384740575,-1.565615,-1.337649,1500,1467,train
1694,0.9151636,0.91497105,0.92010665,0.91298777,0.9127931330570456,-1.5656418,-1.349585,1500,1467,train
1695,0.9151894,0.91388017,0.91980803,0.91237354,0.9126502930849164,-1.5656682,-1.3438773,1500,1467,train
1696,0.9146176,0.91329813,0.91957104,0.91195273,0.9124833346749605,-1.5656943,-1.3585259,1500,1467,train
1697,0.9146519,0.91612196,0.9194952,0.91322166,0.9123065996181744,-1.5657202,-1.3525939,1500,1467,train
1698,0.91406417,0.9128055,0.9191891,0.9115912,0.9121626926501345,-1.5657458,-1.3469996,1500,1467,train
1699,0.9141035,0.9136818,0.919037,0.911895,0.9119873322412474,-1.5657712,-1.3547525,1500,1467,train
1700,0.91350514,0.913219,0.9189452,0.9116628,0.9117706436843837,-1.5657964,-1.3484654,1500,1467,train
1701,0.9134882,0.9144588,0.918661,0.9120979,0.9115552596037046,-1.5658213,-1.3481014,1500,1467,train
1702,0.91349095,0.9124923,0.91852486,0.9111439,0.9113746812576764,-1.5658458,-1.3472308,1500,1467,train
1703,0.91297823,0.9148096,0.9183935,0.912134,0.9112368162651432,-1.5658703,-1.3484137,1500,1467,train
1704,0.9129134,0.9140848,0.91812146,0.91169345,0.9110737343145242,-1.5658944,-1.3442178,1500,1467,train
1705,0.91291267,0.91329074,0.91789925,0.91122675,0.9109103583558167,-1.5659183,-1.3453896,1500,1467,train
1706,0.9123907,0.9110408,0.91769373,0.910085,0.9107496251595112,-1.565942,-1.3528609,1500,1467,train
1707,0.91233176,0.91146225,0.9174986,0.9102029,0.9105125807706319,-1.5659654,-1.3480694,1500,1467,train
1708,0.9117654,0.91304487,0.9172697,0.9108309,0.9102664400749128,-1.5659887,-1.344108,1500,1467,train
1709,0.91173905,0.91307664,0.9170822,0.9107515,0.9100509057115223,-1.5660117,-1.3465579,1500,1467,train
1710,0.9112779,0.9107918,0.9167385,0.90955055,0.909879174320814,-1.5660344,-1.3479209,1500,1467,train
1711,0.9112096,0.91037506,0.91658986,0.90930194,0.90967559655682,-1.566057,-1.3451657,1500,1467,train
1712,0.9112116,0.91078997,0.9163792,0.9093765,0.9094584916125923,-1.5660794,-1.3506103,1500,1467,train
1713,0.91067743,0.9109305,0.9161879,0.9093649,0.9092541521217865,-1.5661016,-1.3469245,1500,1467,train
1714,0.910738,0.9125125,0.9160396,0.9099928,0.909083330938246,-1.5661235,-1.3542428,1500,1467,train
1715,0.91010046,0.909382,0.9156964,0.9084097,0.9088778009624888,-1.5661452,-1.3549163,1500,1467,train
1716,0.9101408,0.9088402,0.9155109,0.90808874,0.908708370363182,-1.5661668,-1.3517057,1500,1467,train
1717,0.9095831,0.90845126,0.9154626,0.907893,0.9085298794744469,-1.5661881,-1.3506914,1500,1467,train
1718,0.9096257,0.9092486,0.91517746,0.9081188,0.9083227593876073,-1.5662092,-1.3526615,1500,1467,train
1719,0.90900904,0.9114737,0.9150245,0.9090501,0.9081125857592307,-1.5662302,-1.3559841,1500,1467,train
1720,0.90900344,0.9076596,0.91467977,0.9071875,0.9079087758869275,-1.5662509,-1.3467239,1500,1467,train
1721,0.9089894,0.9075199,0.91449845,0.90706545,0.907702601414432,-1.5662714,-1.3392082,1500,1467,train
1722,0.9084399,0.9078564,0.9144076,0.90716594,0.9074871884339586,-1.5662918,-1.3425862,1500,1467,train
1723,0.90836936,0.90706927,0.9140831,0.9066807,0.9073462631994454,-1.5663121,-1.3360662,1500,1467,train
1724,0.9078946,0.9101004,0.91394734,0.9079773,0.9071474801092758,-1.5663321,-1.3421698,1500,1467,train
1725,0.90787035,0.91018784,0.91373587,0.9079384,0.9069598742218545,-1.5663519,-1.3366114,1500,1467,train
1726,0.9073301,0.90917224,0.91356623,0.90740013,0.9067592759826579,-1.5663716,-1.3362184,1500,1467,train
1727,0.90734047,0.9067196,0.9132534,0.90613276,0.9065800304631265,-1.5663911,-1.3388734,1500,1467,train
1728,0.90730554,0.90621597,0.913061,0.90585953,0.9064118241898551,-1.5664104,-1.3255188,1500,1467,train
1729,0.9067379,0.9065207,0.91304004,0.90601814,0.9062846128636742,-1.5664295,-1.3166064,1500,1467,train
1730,0.9067485,0.9068199,0.91279685,0.9060351,0.9061343924151587,-1.5664486,-1.3189458,1500,1467,train
1731,0.9067194,0.90603215,0.9126111,0.9055806,0.9059497813718826,-1.5664674,-1.3223271,1500,1467,train
1732,0.90615016,0.90803677,0.9123361,0.90637743,0.905749721090628,-1.566486,-1.3190236,1500,1467,train
1733,0.9061974,0.9076445,0.91212976,0.9061016,0.9055560430318296,-1.5665045,-1.3199322,1500,1467,train
1734,0.9055955,0.9045105,0.91194665,0.90458643,0.9053873491396677,-1.5665228,-1.3217134,1500,1467,train
1735,0.9056478,0.90431756,0.911731,0.90439755,0.9052231001698233,-1.5665411,-1.3224554,1500,1467,train
1736,0.9050851,0.90594196,0.911572,0.9050613,0.9050480169497387,-1.5665591,-1.3231374,1500,1467,train
1737,0.9050601,0.9071371,0.9113234,0.90551496,0.9048694832148914,-1.566577,-1.3159528,1500,1467,train
1738,0.90451837,0.9066464,0.9112433,0.90522784,0.9046850801162079,-1.5665947,-1.3241677,1500,1467,train
1739,0.9045625,0.90673757,0.9110174,0.9051753,0.904505710467699,-1.5666122,-1.3213397,1500,1467,train
1740,0.90456283,0.9066662,0.9107331,0.9050294,0.9043425256869507,-1.5666296,-1.3163292,1500,1467,train
1741,0.90397197,0.90299696,0.9104985,0.90323794,0.9041379561642573,-1.5666469,-1.3209091,1500,1467,train
1742,0.9039868,0.9031709,0.9102689,0.9032174,0.9039470797856786,-1.5666641,-1.3192878,1500,1467,train
1743,0.9034321,0.9051345,0.9100741,0.9040152,0.9037642415718484,-1.5666811,-1.3211098,1500,1467,train
1744,0.9034079,0.9049203,0.9097992,0.9038074,0.9035783783652552,-1.566698,-1.3164796,1500,1467,train
1745,0.9034093,0.9056038,0.90961003,0.90402406,0.9034337223449462,-1.5667148,-1.3187704,1500,1467,train
1746,0.90287405,0.9046212,0.90962255,0.9035778,0.903230212963812,-1.5667313,-1.320288,1500,1467,train
1747,0.9028638,0.9046211,0.9094008,0.9034698,0.9030197142687758,-1.5667478,-1.3222618,1500,1467,train
1748,0.90231216,0.90220726,0.90904033,0.90223217,0.9027905446580653,-1.5667641,-1.3146868,1500,1467,train
1749,0.90231013,0.90302247,0.9088489,0.90253514,0.9025821734488192,-1.5667803,-1.3087559,1500,1467,train
1750,0.9022809,0.90286416,0.9086741,0.9023893,0.9024254873200039,-1.5667963,-1.3069249,1500,1467,train
1751,0.9017389,0.9035377,0.9085382,0.9026137,0.9022815117503915,-1.5668123,-1.312814,1500,1467,train
1752,0.90176433,0.90332705,0.9082835,0.9024359,0.9021228277406852,-1.5668281,-1.3024997,1500,1467,train
1753,0.9011683,0.9006495,0.9079994,0.901093,0.9019219132643469,-1.5668437,-1.3010643,1500,1467,train
1754,0.90119404,0.8997237,0.9077718,0.90057856,0.9017167377613233,-1.5668594,-1.2978919,1500,1467,train
1755,0.9011311,0.90067077,0.90755594,0.9009275,0.9015019667569906,-1.5668747,-1.2928514,1500,1467,train
1756,0.9006388,0.90263397,0.90742576,0.90174353,0.9013238981703161,-1.5668901,-1.2979326,1500,1467,train
1757,0.9006218,0.9016437,0.90720487,0.9011835,0.9011362619493163,-1.5669053,-1.3004626,1500,1467,train
1758,0.9000658,0.9014321,0.907055,0.9010433,0.9009723937800992,-1.5669204,-1.2932055,1500,1467,train
1759,0.900119,0.90142137,0.90682054,0.9008985,0.9008046982377234,-1.5669353,-1.3028357,1500,1467,train
1760,0.9000906,0.90152234,0.90664375,0.9008533,0.9005677499906811,-1.5669502,-1.3058996,1500,1467,train
1761,0.89953554,0.8999907,0.9064504,0.900074,0.9003303139181864,-1.566965,-1.3041732,1500,1467,train
1762,0.89957106,0.8997243,0.9060887,0.8998276,0.9001595149380481,-1.5669795,-1.2922468,1500,1467,train
1763,0.8989902,0.90031874,0.9059961,0.9000385,0.900005450974827,-1.5669941,-1.2972852,1500,1467,train
1764,0.8990163,0.9001809,0.90575063,0.8998765,0.8998415482462836,-1.5670085,-1.2934451,1500,1467,train
1765,0.8984665,0.9008613,0.90557086,0.9001171,0.8996656119435804,-1.5670228,-1.2894914,1500,1467,train
1766,0.8984496,0.9010125,0.90537035,0.9001008,0.899503711888709,-1.567037,-1.2875106,1500,1467,train
1767,0.89792013,0.8994729,0.90511906,0.8992765,0.8992778416595,-1.567051,-1.2901907,1500,1467,train
1768,0.89791316,0.898411,0.90484786,0.89864343,0.8990514056971701,-1.567065,-1.297885,1500,1467,train
1769,0.89788115,0.89899075,0.9046768,0.89883757,0.8988896904883867,-1.5670788,-1.2952862,1500,1467,train
1770,0.89738655,0.8982145,0.90448236,0.89839965,0.898720476250066,-1.5670927,-1.2940892,1500,1467,train
1771,0.89730936,0.89852315,0.90436685,0.898516,0.8985618120676219,-1.5671064,-1.2856007,1500,1467,train
1772,0.89730036,0.8987259,0.90412915,0.8984983,0.8983627124014407,-1.5671198,-1.2859263,1500,1467,train
1773,0.89678276,0.9004597,0.904017,0.8992325,0.8981708257491771,-1.5671333,-1.2868136,1500,1467,train
1774,0.89680797,0.8983913,0.90345347,0.8980207,0.897960675632429,-1.5671467,-1.290703,1500,1467,train
1775,0.8962102,0.8973481,0.9033743,0.89752316,0.8977555910302351,-1.56716,-1.2868395,1500,1467,train
1776,0.89624906,0.8966208,0.9031929,0.89712596,0.8975538143150413,-1.5671731,-1.2820022,1500,1467,train
1777,0.8962399,0.89691156,0.90298736,0.8971478,0.897384677040683,-1.5671862,-1.2867875,1500,1467,train
1778,0.8956506,0.8973537,0.9028107,0.8972908,0.8972154517614147,-1.5671992,-1.280115,1500,1467,train
1779,0.8956849,0.8970609,0.90258133,0.89704955,0.8969823847489394,-1.5672121,-1.2810407,1500,1467,train
1780,0.89511317,0.8981783,0.90241265,0.89749736,0.896748662809014,-1.5672249,-1.2761099,1500,1467,train
1781,0.89508146,0.89579266,0.90205514,0.8962387,0.8965227672685208,-1.5672376,-1.2790911,1500,1467,train
1782,0.894577,0.89529246,0.90192235,0.89595735,0.8963187283971408,-1.5672503,-1.2770808,1500,1467,train
1783,0.89456123,0.8952772,0.90172935,0.89586955,0.8961060886588199,-1.5672628,-1.2749102,1500,1467,train
1784,0.8945296,0.89534676,0.90149844,0.8957555,0.8959106194864537,-1.5672752,-1.2865989,1500,1467,train
1785,0.8939732,0.8971855,0.9014896,0.8965931,0.895705929631205,-1.5672876,-1.2849889,1500,1467,train
1786,0.8939485,0.8971649,0.90111554,0.896384,0.8955025512347505,-1.5672998,-1.2934136,1500,1467,train
1787,0.89341164,0.8936228,0.90081394,0.8946743,0.8952922047557392,-1.567312,-1.2819276,1500,1467,train
1788,0.8934261,0.8934455,0.90058815,0.89444387,0.8950643209968716,-1.5673242,-1.2956171,1500,1467,train
1789,0.89343476,0.8935606,0.90041375,0.8944522,0.8948642633671722,-1.5673361,-1.2850475,1500,1467,train
1790,0.8928871,0.89451104,0.9003649,0.8948596,0.8946608345601121,-1.5673481,-1.2857723,1500,1467,train
1791,0.8929215,0.893646,0.9001764,0.8943393,0.8944655314987854,-1.5673599,-1.2977743,1500,1467,train
1792,0.892375,0.89492804,0.89985454,0.8946916,0.8942706281607957,-1.5673717,-1.3228409,1500,1467,train
1793,0.89233243,0.8948606,0.8996291,0.89457905,0.8940535499157333,-1.5673834,-1.3164029,1500,1467,train
1794,0.89181465,0.8917411,0.8994249,0.893056,0.8938205680081981,-1.567395,-1.3197662,1500,1467,train
1795,0.89183015,0.89174706,0.8992498,0.89295644,0.8935994768931509,-1.5674065,-1.326477,1500,1467,train
1796,0.89179593,0.89148486,0.89899194,0.8927214,0.8933809280770653,-1.567418,-1.3258286,1500,1467,train
1797,0.8912165,0.89385515,0.8987361,0.89368594,0.8931801174501657,-1.5674293,-1.3246939,1500,1467,train
1798,0.89126396,0.8935063,0.8986579,0.89346975,0.8929720494821994,-1.5674406,-1.3313448,1500,1467,train
1799,0.89068025,0.8923448,0.898492,0.89285016,0.8927947669912657,-1.5674518,-1.3360758,1500,1467,train
1800,0.89069396,0.8928546,0.8982576,0.8929065,0.8926072179880798,-1.567463,-1.3572779,1500,1467,train
1801,0.8906843,0.8925647,0.89804184,0.89264244,0.8924065192813926,-1.5674741,-1.3678528,1500,1467,train
1802,0.8901306,0.8907894,0.89773154,0.8917218,0.8921971405674738,-1.5674851,-1.3588524,1500,1467,train
1803,0.8901516,0.8905274,0.89749014,0.891482,0.8919870387133555,-1.5674961,-1.3620784,1500,1467,train
1804,0.88954777,0.8923268,0.89736176,0.8922205,0.8917855788954923,-1.5675069,-1.3687055,1500,1467,train
1805,0.8895806,0.891144,0.89703417,0.89153934,0.8915685358213422,-1.5675176,-1.3666289,1500,1467,train
1806,0.8890462,0.8908971,0.89695287,0.89140797,0.8913743227099723,-1.5675284,-1.3609335,1500,1467,train
1807,0.88900346,0.89123935,0.89676356,0.8914464,0.8911527233832771,-1.567539,-1.3706121,1500,1467,train
1808,0.8890195,0.8907468,0.8965361,0.89122665,0.8909331199825585,-1.5675496,-1.3367838,1500,1467,train
1809,0.8884887,0.88952905,0.89612067,0.89046586,0.8907303102043436,-1.5675601,-1.3420442,1500,1467,train
1810,0.8884798,0.88989943,0.89591753,0.8905848,0.8905167427577785,-1.5675706,-1.3286693,1500,1467,train
1811,0.88793683,0.8898309,0.89586246,0.89051163,0.8903371948002646,-1.5675809,-1.3338275,1500,1467,train
1812,0.88791335,0.8888092,0.8954717,0.8899183,0.8901469556725499,-1.5675912,-1.3185878,1500,1467,train
1813,0.88793904,0.889602,0.89526,0.89015895,0.8899190606135196,-1.5676014,-1.3255749,1500,1467,train
1814,0.88736725,0.8880184,0.89504373,0.88933396,0.8897038354547084,-1.5676116,-1.3274292,1500,1467,train
1815,0.88734525,0.8879149,0.8948349,0.8891843,0.8894836040079659,-1.5676217,-1.3295854,1500,1467,train
1816,0.88679457,0.88806516,0.8945576,0.8891163,0.8893046852858957,-1.5676317,-1.3325057,1500,1467,train
1817,0.8868212,0.88844395,0.89428794,0.8891567,0.8890892443209815,-1.5676417,-1.3350954,1500,1467,train
1818,0.88624626,0.8883993,0.8943261,0.8891596,0.8888901039364127,-1.5676516,-1.3333328,1500,1467,train
1819,0.88625777,0.88848215,0.8940729,0.88906777,0.8886861481732056,-1.5676615,-1.3375521,1500,1467,train
1820,0.8862486,0.8882939,0.89384675,0.88886327,0.8884497052486418,-1.5676713,-1.3423408,1500,1467,train
1821,0.8856485,0.88739616,0.8934635,0.8883232,0.8882261696897205,-1.5676811,-1.3289773,1500,1467,train
1822,0.8856802,0.88659996,0.89311635,0.8877607,0.888004895871161,-1.5676907,-1.3418208,1500,1467,train
1823,0.88514715,0.8870212,0.8931395,0.8879682,0.8878127338148994,-1.5677004,-1.3401549,1500,1467,train
1824,0.8851643,0.8868626,0.8929287,0.8877931,0.8876211126097997,-1.5677099,-1.3421834,1500,1467,train
1825,0.8845435,0.8855582,0.89254725,0.88700974,0.8874021876036071,-1.5677195,-1.3471133,1500,1467,train
1826,0.8845836,0.8853949,0.89231884,0.8868648,0.8871977905427256,-1.5677289,-1.3366632,1500,1467,train
1827,0.88459134,0.88513184,0.89213765,0.8866254,0.8870148993018362,-1.5677382,-1.3481045,1500,1467,train
1828,0.8840337,0.885169,0.89182365,0.88654846,0.8868053105020999,-1.5677476,-1.3326962,1500,1467,train
1829,0.88408154,0.8849984,0.8915987,0.8863456,0.8865901967504709,-1.5677568,-1.339601,1500,1467,train
1830,0.88346195,0.8856968,0.8915597,0.8866647,0.8864006617646415,-1.5677661,-1.3336453,1500,1467,train
1831,0.8834473,0.88553596,0.89135194,0.88648534,0.8861927103233577,-1.5677751,-1.3370968,1500,1467,train
1832,0.8834351,0.8852796,0.8911556,0.8862665,0.885981494030197,-1.5677843,-1.3409517,1500,1467,train
1833,0.8828981,0.8848612,0.89073026,0.88589835,0.8857786990893519,-1.5677934,-1.3358195,1500,1467,train
1834,0.8828879,0.8836011,0.8904034,0.88515484,0.8856050684248342,-1.5678023,-1.3423681,1500,1467,train
1835,0.88234454,0.8838831,0.89047205,0.8853246,0.8854087816256285,-1.5678113,-1.3392123,1500,1467,train
1836,0.882382,0.883591,0.890201,0.88507205,0.8852195834521475,-1.5678202,-1.3379216,1500,1467,train
1837,0.88181037,0.8846045,0.89000213,0.88544923,0.8850257361852278,-1.567829,-1.3356627,1500,1467,train
1838,0.8818154,0.8841604,0.8897836,0.88514215,0.8848195269616946,-1.5678377,-1.3372788,1500,1467,train
1839,0.8812837,0.8828423,0.8894142,0.8843895,0.8846224083922201,-1.5678465,-1.3324697,1500,1467,train
1840,0.8812773,0.8832941,0.8892573,0.88446337,0.8844178590140579,-1.5678551,-1.3510509,1500,1467,train
1841,0.8813168,0.88140017,0.88880837,0.8833867,0.8842192862270688,-1.5678638,-1.3542895,1500,1467,train
1842,0.88073325,0.8828052,0.88882816,0.8840556,0.8840145936919129,-1.5678724,-1.3476915,1500,1467,train
1843,0.88066405,0.8827911,0.8885747,0.88392293,0.883816934338781,-1.5678809,-1.3509225,1500,1467,train
1844,0.8801723,0.8834135,0.8883735,0.8841566,0.8836219769233704,-1.5678893,-1.3376511,1500,1467,train
1845,0.8801697,0.8828874,0.8881782,0.88382757,0.8834304321449018,-1.5678978,-1.3378222,1500,1467,train
1846,0.8801328,0.8819081,0.8878249,0.88320345,0.8832720535177008,-1.5679061,-1.34319,1500,1467,train
1847,0.8795861,0.8810925,0.88764274,0.88274014,0.8830849810479051,-1.5679145,-1.3460648,1500,1467,train
1848,0.8795676,0.8810821,0.8874737,0.88266194,0.8828793712662688,-1.5679228,-1.3448856,1500,1467,train
1849,0.8795917,0.88100404,0.88720405,0.88250554,0.8826629659357613,-1.567931,-1.3441354,1500,1467,train
1850,0.8790141,0.8820179,0.88704324,0.88291603,0.8824504107042951,-1.5679392,-1.3369886,1500,1467,train
1851,0.8789927,0.8816168,0.8868139,0.8826177,0.882237893084684,-1.5679474,-1.3404229,1500,1467,train
1852,0.8784294,0.879926,0.8865198,0.8817026,0.882016069530092,-1.5679554,-1.3441452,1500,1467,train
1853,0.8784317,0.87999284,0.88620484,0.8816355,0.8817880111789875,-1.5679635,-1.329766,1500,1467,train
1854,0.87783676,0.8799489,0.8859533,0.8814736,0.8815679884274813,-1.5679715,-1.3380618,1500,1467,train
1855,0.8778905,0.8797602,0.8857876,0.88133246,0.8813471308882792,-1.5679795,-1.3317648,1500,1467,train
1856,0.87784916,0.88009375,0.88560474,0.8813376,0.8811439346890573,-1.5679873,-1.3513141,1500,1467,train
1857,0.8772765,0.8802206,0.8854977,0.88138306,0.8809130452395084,-1.5679952,-1.3398612,1500,1467,train
1858,0.87729263,0.8802181,0.8852502,0.8812631,0.8807056636504362,-1.568003,-1.3416286,1500,1467,train
1859,0.8772649,0.8781672,0.8848342,0.8801191,0.8805144616719168,-1.5680108,-1.3483045,1500,1467,train
1860,0.8767549,0.8782037,0.8846201,0.8800609,0.8803060219259021,-1.5680186,-1.3411118,1500,1467,train
1861,0.8767083,0.8781185,0.8843274,0.8798675,0.880070375976017,-1.5680263,-1.3476295,1500,1467,train
1862,0.8761888,0.8783933,0.88424623,0.8799559,0.8798398178507443,-1.5680339,-1.3474467,1500,1467,train
1863,0.8762009,0.87824255,0.8840045,0.879794,0.8796479832939853,-1.5680416,-1.3420947,1500,1467,train
1864,0.8762322,0.8785698,0.88375664,0.87976384,0.8794518456069724,-1.5680491,-1.3627042,1500,1467,train
1865,0.87566996,0.87733454,0.88361514,0.8791913,0.8792314173402895,-1.5680566,-1.3458154,1500,1467,train
1866,0.87571794,0.8767267,0.88325775,0.87872034,0.8790305857979638,-1.5680641,-1.3556193,1500,1467,train
1867,0.8751629,0.87701285,0.88303137,0.8787573,0.8787928694058335,-1.5680715,-1.352371,1500,1467,train
1868,0.87513906,0.8767368,0.88279426,0.87851375,0.8785250571139019,-1.568079,-1.3554325,1500,1467,train
1869,0.8746217,0.8766871,0.8826841,0.87843364,0.8783030636572481,-1.5680863,-1.3576753,1500,1467,train
1870,0.8746241,0.8765475,0.8824457,0.878286,0.8780877190474832,-1.5680937,-1.3498771,1500,1467,train
1871,0.8745883,0.8739266,0.8820913,0.87692404,0.8778532775045658,-1.5681009,-1.3525771,1500,1467,train
1872,0.8740708,0.8749951,0.88180816,0.8772379,0.8776342579644804,-1.5681082,-1.3660042,1500,1467,train
1873,0.8740503,0.8750396,0.88159263,0.87718844,0.8774155211336709,-1.5681154,-1.3568635,1500,1467,train
1874,0.8734387,0.8763128,0.88159096,0.87774247,0.8772062965623401,-1.5681225,-1.364456,1500,1467,train
1875,0.8734929,0.8760817,0.88137376,0.87753326,0.8769949816674979,-1.5681297,-1.366005,1500,1467,train
1876,0.8728677,0.8745168,0.8811227,0.87673086,0.8768415753170345,-1.5681368,-1.3584787,1500,1467,train
1877,0.8728819,0.8749085,0.88082683,0.87679964,0.8766727460483852,-1.5681438,-1.3503083,1500,1467,train
1878,0.87288135,0.8748753,0.88065374,0.8767073,0.8764570079323981,-1.5681509,-1.349731,1500,1467,train
1879,0.872305,0.874464,0.8802273,0.8762893,0.8762707187798807,-1.5681578,-1.361125,1500,1467,train
1880,0.8723205,0.87418276,0.8799542,0.87603104,0.8760925912757517,-1.5681647,-1.3629119,1500,1467,train
1881,0.8717622,0.8735348,0.879913,0.8757012,0.8759389643750067,-1.5681716,-1.3681614,1500,1467,train
1882,0.87176543,0.8753738,0.8799015,0.8765584,0.8757798358881895,-1.5681785,-1.3597248,1500,1467,train
1883,0.8717332,0.8738918,0.879455,0.8756769,0.8756269858067917,-1.5681853,-1.3609296,1500,1467,train
1884,0.8711669,0.8723307,0.8789629,0.8747401,0.8754768174240787,-1.5681921,-1.3616569,1500,1467,train
1885,0.87122804,0.87184286,0.87877154,0.87441313,0.8752977268112802,-1.5681989,-1.3673322,1500,1467,train
1886,0.8706856,0.8739734,0.8788017,0.8754309,0.8750877094950684,-1.5682057,-1.3560503,1500,1467,train
1887,0.8707021,0.8735432,0.87853515,0.875064,0.8749050589165899,-1.5682124,-1.37181,1500,1467,train
1888,0.8701613,0.871677,0.8782836,0.87415147,0.874764560515003,-1.5682191,-1.3556652,1500,1467,train
1889,0.8702172,0.87157387,0.8780197,0.87400156,0.874618548298327,-1.5682256,-1.3501252,1500,1467,train
1890,0.86966133,0.8718447,0.87785995,0.8740555,0.8744429090589414,-1.5682322,-1.3489356,1500,1467,train
1891,0.86964995,0.8709225,0.87732494,0.8734039,0.8742578039150452,-1.5682387,-1.3451605,1500,1467,train
1892,0.86965734,0.8711218,0.8772284,0.87344146,0.8740811209713146,-1.5682453,-1.3479505,1500,1467,train
1893,0.869156,0.87463385,0.8775321,0.87520754,0.873950053249323,-1.5682518,-1.3382847,1500,1467,train
1894,0.86912525,0.87195426,0.8770436,0.87375146,0.8737711820851414,-1.5682583,-1.3429143,1500,1467,train
1895,0.8690655,0.8725514,0.87687886,0.87395364,0.873596839719645,-1.5682647,-1.3410184,1500,1467,train
1896,0.86852354,0.8740908,0.8767612,0.87461895,0.8734192994432466,-1.568271,-1.335017,1500,1467,train
1897,0.8685116,0.8724336,0.87645733,0.8737805,0.873202585051268,-1.5682775,-1.318483,1500,1467,train
1898,0.8679435,0.87213236,0.87618995,0.87346905,0.872996873234699,-1.5682838,-1.3346033,1500,1467,train
1899,0.86795735,0.8717769,0.8759241,0.8731906,0.8727895755935491,-1.5682901,-1.3331758,1500,1467,train
1900,0.8679464,0.8720812,0.8757919,0.8732557,0.8726553367394758,-1.5682963,-1.3371425,1500,1467,train
1901,0.86737394,0.8693122,0.8753209,0.8718171,0.8725111469757549,-1.5683025,-1.3262613,1500,1467,train
1902,0.86737555,0.8702822,0.8750907,0.8721404,0.872306539016308,-1.5683087,-1.3300729,1500,1467,train
1903,0.8668138,0.87209857,0.8751284,0.8729897,0.8721089160842613,-1.5683149,-1.3280641,1500,1467,train
1904,0.866807,0.8702272,0.8747287,0.8720641,0.8719095634415972,-1.5683211,-1.2953539,1500,1467,train
1905,0.8668451,0.86967367,0.8745097,0.8716885,0.8717531332513381,-1.5683272,-1.3025619,1500,1467,train
1906,0.86622745,0.86791426,0.8741312,0.87069136,0.871589211695941,-1.5683333,-1.3099774,1500,1467,train
1907,0.86624116,0.8684938,0.8738868,0.8708422,0.8713753794434997,-1.5683393,-1.3102533,1500,1467,train
1908,0.86569047,0.8683455,0.87368405,0.870723,0.871186763698218,-1.5683453,-1.2979045,1500,1467,train
1909,0.86572045,0.8683894,0.87342167,0.87061214,0.8709738274460614,-1.5683514,-1.3012018,1500,1467,train
1910,0.86568666,0.8683303,0.8732058,0.8704822,0.8707369943000179,-1.5683573,-1.3025227,1500,1467,train
1911,0.8651441,0.870591,0.87330425,0.8715545,0.8704789762707494,-1.5683632,-1.302585,1500,1467,train
1912,0.8651803,0.8689196,0.8728429,0.870566,0.8703120390813379,-1.5683692,-1.3080323,1500,1467,train
1913,0.86462104,0.866278,0.8724344,0.8691882,0.8701295959843746,-1.568375,-1.3051884,1500,1467,train
1914,0.8646138,0.8663725,0.8721949,0.86910725,0.869886606727132,-1.5683808,-1.3096018,1500,1467,train
1915,0.86411285,0.86861914,0.87219334,0.87013006,0.8696397818355968,-1.5683867,-1.3088244,1500,1467,train
1916,0.864125,0.8686399,0.8720255,0.87003314,0.8694410764816347,-1.5683925,-1.3178794,1500,1467,train
1917,0.86356425,0.86738205,0.8716166,0.86932105,0.8692159104456143,-1.5683982,-1.3037579,1500,1467,train
1918,0.863583,0.86418355,0.871173,0.8676541,0.8689369355155883,-1.568404,-1.3070157,1500,1467,train
1919,0.8630511,0.8670626,0.8711437,0.86889386,0.8687111805291361,-1.5684097,-1.3238676,1500,1467,train
1920,0.86301583,0.8669402,0.87096083,0.8686657,0.8684490971658069,-1.5684154,-1.3516282,1500,1467,train
1921,0.8630335,0.86717314,0.87070835,0.86866164,0.8682046269405815,-1.568421,-1.3499233,1500,1467,train
1922,0.86242783,0.86698824,0.8706275,0.8685795,0.8679883772363988,-1.5684266,-1.3377416,1500,1467,train
1923,0.86247075,0.8669804,0.8703196,0.8684107,0.867753999872194,-1.5684322,-1.3454279,1500,1467,train
1924,0.8624428,0.8671227,0.87008786,0.8683789,0.8675671652606947,-1.5684378,-1.3425126,1500,1467,train
1925,0.86190003,0.86330336,0.8694221,0.8663364,0.8673746372546768,-1.5684434,-1.3433342,1500,1467,train
1926,0.86183304,0.863321,0.86926234,0.86625576,0.8671410247953706,-1.5684489,-1.3482759,1500,1467,train
1927,0.8613518,0.8657388,0.86937475,0.867381,0.866873745206873,-1.5684544,-1.3561445,1500,1467,train
1928,0.8613238,0.86559325,0.8691293,0.86718535,0.8666203828472788,-1.5684599,-1.3616688,1500,1467,train
1929,0.8613116,0.8658462,0.8688705,0.8671751,0.8664652712415318,-1.5684654,-1.3639135,1500,1467,train
1930,0.8607745,0.8617902,0.8684349,0.86515105,0.8662791815308079,-1.5684707,-1.358141,1500,1467,train
1931,0.86072683,0.86122125,0.86821043,0.8647792,0.8660651866235296,-1.5684762,-1.361586,1500,1467,train
1932,0.86018413,0.8638525,0.86803555,0.8658717,0.8657817245744622,-1.5684816,-1.3690405,1500,1467,train
1933,0.86017126,0.8640092,0.8678044,0.86583734,0.8655008351660356,-1.5684868,-1.3690634,1500,1467,train
1934,0.8596886,0.8640438,0.86765873,0.8658164,0.8652235017432555,-1.5684922,-1.3594815,1500,1467,train
1935,0.8596177,0.86380017,0.8674654,0.8656006,0.8649484600771471,-1.5684975,-1.3648534,1500,1467,train
1936,0.8596035,0.8644562,0.8672434,0.8658527,0.8646796899067526,-1.5685028,-1.3472607,1500,1467,train
1937,0.8590636,0.86019844,0.86655176,0.8635831,0.8644681424040723,-1.568508,-1.353255,1500,1467,train
1938,0.8590781,0.8601431,0.8663112,0.86345935,0.8642735438950554,-1.5685133,-1.3497009,1500,1467,train
1939,0.85860366,0.86216277,0.86631596,0.8643548,0.863998086860893,-1.5685184,-1.3574498,1500,1467,train
1940,0.85861343,0.8618569,0.86605513,0.8641288,0.8637241933979566,-1.5685236,-1.3472662,1500,1467,train
1941,0.8580959,0.8579492,0.8657284,0.8622029,0.8634880229072163,-1.5685288,-1.3476396,1500,1467,train
1942,0.85814464,0.8575397,0.86550224,0.86191314,0.8633205898310294,-1.5685339,-1.3477706,1500,1467,train
1943,0.8575756,0.86103183,0.8652977,0.8633823,0.8630808080675508,-1.568539,-1.3554118,1500,1467,train
1944,0.85764265,0.8613153,0.8649558,0.86334896,0.8628017178839673,-1.568544,-1.357325,1500,1467,train
1945,0.85753113,0.86120945,0.86484325,0.86323315,0.8625542092556424,-1.5685492,-1.3625243,1500,1467,train
1946,0.8570342,0.860518,0.8646351,0.8628587,0.8623141049677036,-1.5685542,-1.351455,1500,1467,train
1947,0.8570737,0.8604777,0.8643526,0.8627066,0.8620832173812637,-1.5685592,-1.352973,1500,1467,train
1948,0.8570158,0.8605647,0.8641845,0.8626772,0.8618794781721038,-1.5685642,-1.3504844,1500,1467,train
1949,0.8564552,0.856685,0.86378825,0.86073,0.8617106134490258,-1.5685692,-1.3516052,1500,1467,train
1950,0.85641205,0.85658485,0.8633251,0.86044,0.8615026117469948,-1.5685741,-1.3621376,1500,1467,train
1951,0.85587424,0.85966855,0.8633888,0.861882,0.8612518189849626,-1.5685791,-1.3583438,1500,1467,train
1952,0.85586214,0.8594747,0.86309206,0.86163914,0.8610051224454528,-1.568584,-1.3645022,1500,1467,train
1953,0.8558635,0.8593062,0.86289823,0.8614758,0.8607934184631976,-1.5685889,-1.3639526,1500,1467,train
1954,0.8552876,0.85408455,0.8624573,0.85891193,0.8605882740470967,-1.5685937,-1.3608315,1500,1467,train
1955,0.8552733,0.85414916,0.86219823,0.85878766,0.8604468755072325,-1.5685985,-1.3721858,1500,1467,train
1956,0.85522896,0.85492915,0.86201847,0.8591025,0.8602011999367345,-1.5686034,-1.3585224,1500,1467,train
1957,0.85473627,0.8577903,0.86189497,0.8603152,0.8599415871737129,-1.5686082,-1.3683867,1500,1467,train
1958,0.85469913,0.85815376,0.861555,0.8603553,0.8597185978946212,-1.5686129,-1.3587122,1500,1467,train
1959,0.8541188,0.8577491,0.8614663,0.86016047,0.8594661977674952,-1.5686177,-1.3493183,1500,1467,train
1960,0.8541456,0.8579336,0.8611102,0.86004496,0.859235493673014,-1.5686225,-1.361028,1500,1467,train
1961,0.8541125,0.85753447,0.8609179,0.8597976,0.8590205341139259,-1.5686271,-1.3540795,1500,1467,train
1962,0.853579,0.85631067,0.86076796,0.8591094,0.8588837288079748,-1.5686319,-1.3745577,1500,1467,train
1963,0.8536083,0.8534138,0.8603028,0.85761464,0.858681742429538,-1.5686365,-1.3637077,1500,1467,train
1964,0.85305256,0.85643,0.8600973,0.85888964,0.8584306466057866,-1.5686412,-1.3641536,1500,1467,train
1965,0.8531074,0.8562939,0.85984397,0.85871375,0.8582213871970131,-1.5686458,-1.3636653,1500,1467,train
1966,0.8525726,0.8559965,0.8596703,0.85855615,0.8580184444468014,-1.5686504,-1.3455763,1500,1467,train
1967,0.85260487,0.85135025,0.8591851,0.8561577,0.857828776711739,-1.568655,-1.3667061,1500,1467,train
1968,0.8520523,0.8551628,0.8593255,0.8578842,0.8575426942926824,-1.5686595,-1.3893383,1500,1467,train
1969,0.8520537,0.8547849,0.85894763,0.85752565,0.8573373180706902,-1.5686642,-1.394088,1500,1467,train
1970,0.8514802,0.8552971,0.8586849,0.8576897,0.8571406761858149,-1.5686687,-1.3772773,1500,1467,train
1971,0.85153854,0.85485643,0.8584243,0.8573748,0.856950726675731,-1.5686731,-1.3758903,1500,1467,train
1972,0.8514894,0.8548916,0.8580488,0.8572428,0.8567458972047463,-1.5686777,-1.3682973,1500,1467,train
1973,0.8509156,0.8531765,0.85804796,0.85641026,0.856550293687353,-1.5686822,-1.385549,1500,1467,train
1974,0.8509827,0.85082716,0.85744965,0.85508734,0.8563929945213439,-1.5686866,-1.3798637,1500,1467,train
1975,0.85094494,0.8539627,0.85750043,0.85649943,0.8561899154522895,-1.568691,-1.3915056,1500,1467,train
1976,0.85042125,0.85327774,0.8570775,0.8560024,0.8559964441662148,-1.5686955,-1.3891568,1500,1467,train
1977,0.8503538,0.85278064,0.8568455,0.85566956,0.8558083919250727,-1.5686998,-1.3895336,1500,1467,train
1978,0.8503517,0.8529386,0.8565922,0.8556445,0.8556239379081538,-1.5687042,-1.3833356,1500,1467,train
1979,0.84987175,0.85251105,0.8564416,0.855418,0.8555064314896468,-1.5687087,-1.3714743,1500,1467,train
1980,0.84980756,0.8484648,0.85593724,0.85327876,0.8552983330179921,-1.568713,-1.3947674,1500,1467,train
1981,0.84929043,0.8513062,0.8560592,0.85464895,0.8550775006307647,-1.5687174,-1.3868957,1500,1467,train
1982,0.84926355,0.85140526,0.85583127,0.8545856,0.854811829190407,-1.5687217,-1.3883137,1500,1467,train
1983,0.84920937,0.851162,0.85565364,0.85439837,0.8546053607921775,-1.568726,-1.3868771,1500,1467,train
1984,0.84874475,0.8538559,0.85570323,0.85561275,0.8543755602057712,-1.5687302,-1.3974637,1500,1467,train
1985,0.84868056,0.85326153,0.8554723,0.8552677,0.8541529730815092,-1.5687345,-1.3874483,1500,1467,train
1986,0.8486589,0.8527736,0.855188,0.85491925,0.8539318217151293,-1.5687387,-1.3864768,1500,1467,train
1987,0.84807736,0.8487908,0.8545649,0.85276574,0.8537701396467388,-1.568743,-1.4063983,1500,1467,train
1988,0.8481197,0.8487087,0.854308,0.8526237,0.85359589513498,-1.5687472,-1.4022267,1500,1467,train
1989,0.8475679,0.8517286,0.8544481,0.85405976,0.8533297231028212,-1.5687513,-1.4021146,1500,1467,train
1990,0.847566,0.85119903,0.85415256,0.8536862,0.8531088932753439,-1.5687555,-1.4014797,1500,1467,train
1991,0.8476282,0.85099524,0.85390556,0.85348547,0.8528952257379604,-1.5687597,-1.3999814,1500,1467,train
1992,0.8470372,0.846,0.85346293,0.85095286,0.8527447663767365,-1.5687639,-1.4207633,1500,1467,train
1993,0.8470563,0.8517527,0.85345733,0.8536581,0.8525081192108476,-1.5687679,-1.389003,1500,1467,train
1994,0.84646946,0.84965616,0.853063,0.8524481,0.8522744955863866,-1.5687721,-1.4149799,1500,1467,train
1995,0.84650356,0.84953564,0.8527781,0.852261,0.8520423209073811,-1.5687761,-1.4157913,1500,1467,train
1996,0.8464603,0.8494491,0.8525332,0.8520967,0.8518168111952101,-1.5687802,-1.4203056,1500,1467,train
1997,0.8459505,0.8502224,0.8524662,0.85246146,0.8515869009486241,-1.5687842,-1.4054224,1500,1467,train
1998,0.8459485,0.85014224,0.852141,0.8522781,0.8513674826856105,-1.5687883,-1.4049288,1500,1467,train
1999,0.84538656,0.84803945,0.85196674,0.8511684,0.8511790428623934,-1.5687923,-1.4304341,1500,1467,train
2000,0.8453779,0.84766835,0.8513907,0.8507325,0.850935936993414,-1.5687963,-1.431992,1500,1467,train
2001,0.84538645,0.8458819,0.8510314,0.84980214,0.8507158043184625,-1.5688003,-1.4166405,1500,1467,train
2002,0.8448599,0.84843075,0.851055,0.85096234,0.8505235454898774,-1.5688043,-1.4194496,1500,1467,train
2003,0.84483933,0.84827787,0.85083354,0.8507979,0.8503047490908752,-1.5688083,-1.4174004,1500,1467,train
2004,0.8442515,0.8433302,0.85045636,0.8483558,0.8500825891208581,-1.5688123,-1.425212,1500,1467,train
2005,0.8442747,0.84387404,0.850142,0.8484536,0.849847490528166,-1.5688162,-1.4272115,1500,1467,train
2006,0.84426576,0.843581,0.849785,0.8481512,0.8495379340721656,-1.56882,-1.4294448,1500,1467,train
2007,0.8436824,0.8469254,0.84960353,0.84958637,0.849238225919797,-1.5688239,-1.4297944,1500,1467,train
2008,0.843707,0.8452586,0.84921443,0.8486686,0.8489654675251126,-1.5688279,-1.4240633,1500,1467,train
2009,0.8431296,0.8470752,0.8493937,0.8495854,0.848711835533109,-1.5688317,-1.4206333,1500,1467,train
2010,0.84320635,0.84686893,0.8491303,0.8493687,0.8485142423487066,-1.5688355,-1.4216244,1500,1467,train
2011,0.8431196,0.8473432,0.8488685,0.84946793,0.8483190199478594,-1.5688394,-1.4205205,1500,1467,train
2012,0.84260535,0.8431665,0.84841716,0.8473145,0.8481060835782461,-1.5688432,-1.4379417,1500,1467,train
2013,0.8426066,0.8425712,0.84815025,0.84691435,0.8478169754711357,-1.5688471,-1.4407711,1500,1467,train
2014,0.8419921,0.8459513,0.8479823,0.84837997,0.8475437887449373,-1.5688508,-1.4383056,1500,1467,train
2015,0.8420153,0.845715,0.8477336,0.8481348,0.8473480030154605,-1.5688546,-1.4468074,1500,1467,train
2016,0.842021,0.84554857,0.8474375,0.84787226,0.8471425592571085,-1.5688584,-1.4652069,1500,1467,train
2017,0.84146625,0.84088916,0.846977,0.845525,0.8469366600981552,-1.5688621,-1.4728355,1500,1467,train
2018,0.84149086,0.84134334,0.8467392,0.8456273,0.8466213259135914,-1.5688658,-1.4712071,1500,1467,train
2019,0.84098047,0.8444753,0.84661067,0.8469915,0.8463982677575115,-1.5688696,-1.4710742,1500,1467,train
2020,0.8409653,0.8439808,0.8463596,0.84664035,0.8461367657139665,-1.5688733,-1.475421,1500,1467,train
2021,0.8404464,0.84410447,0.8461964,0.846668,0.8458923702885266,-1.568877,-1.458967,1500,1467,train
2022,0.8404492,0.84428364,0.846014,0.8466636,0.845709633595249,-1.5688807,-1.4599085,1500,1467,train
2023,0.84046984,0.84399873,0.84560394,0.84634453,0.845527979299585,-1.5688843,-1.4608741,1500,1467,train
2024,0.83986884,0.8403873,0.8450006,0.84439874,0.8453520738947936,-1.568888,-1.4718599,1500,1467,train
2025,0.8399326,0.84100944,0.84474146,0.8445712,0.8451221398854645,-1.5688915,-1.4689656,1500,1467,train
2026,0.83931994,0.8421405,0.8444941,0.8449969,0.8448884508051159,-1.5688952,-1.4600627,1500,1467,train
2027,0.8388032,0.83936805,0.84389925,0.8434119,0.8446757997058785,-1.5688988,-1.4798017,1500,1467,train
2028,0.8388061,0.8403677,0.8436278,0.843725,0.8444922990392572,-1.5689024,-1.486031,1500,1467,train
2029,0.8387878,0.8404538,0.84334385,0.84363997,0.8443071731662455,-1.568906,-1.4841008,1500,1467,train
2030,0.83819914,0.8406809,0.84328127,0.84374744,0.8440510922616058,-1.5689095,-1.4721656,1500,1467,train
2031,0.8382249,0.8412002,0.84309983,0.84391034,0.8437935100527407,-1.5689131,-1.468644,1500,1467,train
2032,0.8376428,0.84305376,0.8431436,0.8448298,0.8435281243998396,-1.5689167,-1.4481246,1500,1467,train
2033,0.8376512,0.84159684,0.8425826,0.8439428,0.8432723259830629,-1.5689201,-1.4374778,1500,1467,train
2034,0.83765066,0.8402403,0.8420557,0.84308326,0.8430098903570794,-1.5689237,-1.4386275,1500,1467,train
2035,0.8370758,0.83901674,0.8419397,0.8424127,0.8428196832046392,-1.5689272,-1.4605384,1500,1467,train
2036,0.8370554,0.8384816,0.8417361,0.84208953,0.8426256215600001,-1.5689306,-1.4560401,1500,1467,train
2037,0.83709973,0.83969206,0.8414036,0.8424834,0.842444833603382,-1.5689341,-1.4575415,1500,1467,train
2038,0.8365236,0.8405607,0.8416234,0.842991,0.8421740861988571,-1.5689375,-1.4529549,1500,1467,train
2039,0.8364975,0.8393499,0.8410727,0.8422151,0.8419057566065452,-1.568941,-1.444167,1500,1467,train
2040,0.8359713,0.83728784,0.84043396,0.84094095,0.8416925221597048,-1.5689445,-1.4607136,1500,1467,train
2041,0.83590317,0.8373066,0.8402575,0.8408798,0.8415133715642392,-1.5689479,-1.4568746,1500,1467,train
2042,0.8359302,0.83720964,0.83997786,0.84069806,0.841336629188674,-1.5689514,-1.4605392,1500,1467,train
2043,0.83538336,0.8393675,0.84019935,0.8417959,0.8410843519363024,-1.5689547,-1.4544506,1500,1467,train
2044,0.83539414,0.8389761,0.8399042,0.84146154,0.8408325171170217,-1.568958,-1.4623289,1500,1467,train
2045,0.8349035,0.83988076,0.83983827,0.84188825,0.8406204442067353,-1.5689615,-1.4460242,1500,1467,train
2046,0.8349547,0.8391468,0.8395257,0.8413941,0.8403784742066046,-1.5689648,-1.4525106,1500,1467,train
2047,0.8344338,0.8351304,0.83883584,0.83919984,0.8401486628222653,-1.5689682,-1.4726775,1500,1467,train
2048,0.8344202,0.8362647,0.83844113,0.83952177,0.8399637810476158,-1.5689715,-1.4774582,1500,1467,train
2049,0.83442265,0.836011,0.8381337,0.83926046,0.8397818419014504,-1.5689749,-1.4796622,1500,1467,train
2050,0.83389795,0.8376952,0.8383435,0.8401303,0.8395222290236719,-1.5689782,-1.4761796,1500,1467,train
2051,0.8338702,0.8377234,0.8380152,0.83997464,0.8392907252381528,-1.5689814,-1.4830897,1500,1467,train
2052,0.8333535,0.8342659,0.83772504,0.8382497,0.8390868341896401,-1.5689847,-1.4915061,1500,1467,train
2053,0.83335197,0.8346262,0.83747125,0.8382865,0.8388481558215564,-1.568988,-1.4956167,1500,1467,train
2054,0.8333338,0.83488524,0.83709395,0.8382342,0.838613932332624,-1.5689913,-1.4949063,1500,1467,train
2055,0.83274585,0.83497596,0.83658206,0.83807296,0.8383694840178334,-1.5689945,-1.483545,1500,1467,train
2056,0.83271194,0.83499527,0.836311,0.8379178,0.8381213635039321,-1.5689977,-1.4984674,1500,1467,train
2057,0.83269703,0.8346123,0.83596957,0.8375895,0.8378982197258319,-1.569001,-1.4980655,1500,1467,train
2058,0.8321239,0.8366583,0.83626735,0.8386757,0.8376650106512771,-1.5690042,-1.4900774,1500,1467,train
2059,0.8320672,0.8358497,0.83591497,0.8381473,0.8374371952685186,-1.5690074,-1.4903522,1500,1467,train
2060,0.83158207,0.8333066,0.8353021,0.83666646,0.8372345980089642,-1.5690106,-1.5078968,1500,1467,train
2061,0.83151525,0.8336827,0.8348954,0.83665013,0.8370173723771102,-1.5690138,-1.508578,1500,1467,train
2062,0.83150935,0.83338314,0.8346869,0.8364329,0.8367822822575148,-1.5690169,-1.5034184,1500,1467,train
2063,0.8309563,0.83553964,0.834787,0.83743525,0.8365655077789133,-1.5690202,-1.5118195,1500,1467,train
2064,0.83092284,0.8345807,0.83455324,0.83693755,0.836357751172953,-1.5690233,-1.4952816,1500,1467,train
2065,0.83095026,0.83429927,0.8341695,0.8366227,0.8361545380099865,-1.5690265,-1.4998465,1500,1467,train
2066,0.83037835,0.83176,0.83396614,0.83536446,0.8359423518969128,-1.5690296,-1.504662,1500,1467,train
2067,0.8303915,0.8315124,0.8335663,0.8350568,0.8357594165664883,-1.5690327,-1.5096109,1500,1467,train
2068,0.82981354,0.8321485,0.83297145,0.83512384,0.8355166814319459,-1.5690358,-1.4912174,1500,1467,train
2069,0.829864,0.8319256,0.8327426,0.83491325,0.835314668173433,-1.5690389,-1.4931166,1500,1467,train
2070,0.8298201,0.8319642,0.8325299,0.8348297,0.8350891713423672,-1.569042,-1.4946836,1500,1467,train
2071,0.82923204,0.83348024,0.8328258,0.8356551,0.8348951307711137,-1.5690451,-1.493791,1500,1467,train
2072,0.82930106,0.83372784,0.83239543,0.83555883,0.834733353766507,-1.569048,-1.4985238,1500,1467,train
2073,0.8287162,0.83133525,0.83198845,0.83427286,0.8345273463433558,-1.5690511,-1.5039372,1500,1467,train
2074,0.8287696,0.83150214,0.83126104,0.83400583,0.8343281737323975,-1.5690541,-1.5082718,1500,1467,train
2075,0.8282006,0.8330807,0.83136,0.83476365,0.8341164338690886,-1.5690572,-1.5097396,1500,1467,train
2076,0.82825685,0.8316484,0.8309549,0.83395207,0.8339384315848015,-1.5690602,-1.5010484,1500,1467,train
2077,0.8277408,0.83087176,0.8306756,0.8334191,0.833744941747289,-1.5690632,-1.5212411,1500,1467,train
2078,0.8276916,0.830123,0.8302202,0.83285713,0.8335536605150727,-1.5690662,-1.5268713,1500,1467,train
2079,0.82767475,0.8303115,0.82983506,0.83275586,0.8333532620551896,-1.5690693,-1.5313139,1500,1467,train
2080,0.8271168,0.83062416,0.8296882,0.8328604,0.8331478634556353,-1.5690722,-1.5199723,1500,1467,train
2081,0.82714057,0.83143824,0.8293055,0.8330491,0.8329470521739476,-1.5690751,-1.5225177,1500,1467,train
2082,0.8270842,0.830144,0.8291112,0.83238494,0.8327445630692345,-1.5690781,-1.5179864,1500,1467,train
2083,0.8265433,0.83334476,0.82936704,0.8339462,0.8325193243206506,-1.5690811,-1.5211307,1500,1467,train
2084,0.8265224,0.832505,0.8288889,0.8333595,0.8323334489417435,-1.569084,-1.5164838,1500,1467,train
2085,0.82596743,0.82975733,0.82832706,0.8318323,0.8321430735532394,-1.5690869,-1.52573,1500,1467,train
2086,0.82594407,0.82965297,0.8279233,0.83160913,0.8319712570832426,-1.5690899,-1.5226251,1500,1467,train
2087,0.8259247,0.8303966,0.8276843,0.83182824,0.8317753071652393,-1.5690928,-1.5263665,1500,1467,train
2088,0.8253411,0.83011097,0.8274331,0.8316263,0.8315701626478823,-1.5690956,-1.5102406,1500,1467,train
2089,0.8253824,0.8310041,0.8275207,0.83204573,0.8314013996519191,-1.5690986,-1.5201426,1500,1467,train
2090,0.82530373,0.83013874,0.8268368,0.83136547,0.8312223400301877,-1.5691015,-1.5110323,1500,1467,train
2091,0.82474357,0.8285132,0.8263837,0.8303628,0.8310755518852166,-1.5691043,-1.5335257,1500,1467,train
2092,0.824756,0.8259092,0.82589996,0.82899743,0.8309010685836067,-1.5691072,-1.5193496,1500,1467,train
2093,0.8241722,0.8293117,0.8260641,0.83062017,0.8306980376597255,-1.56911,-1.5179644,1500,1467,train
2094,0.8241914,0.8292667,0.8256687,0.83042437,0.83046987371758,-1.5691128,-1.5161994,1500,1467,train
2095,0.82364684,0.8307551,0.825868,0.83118844,0.8302216158331245,-1.5691156,-1.5170851,1500,1467,train
2096,0.82366294,0.83058465,0.8256074,0.83099663,0.8299861485041122,-1.5691185,-1.5154719,1500,1467,train
2097,0.82363904,0.8284585,0.8250444,0.82979757,0.8297909994139133,-1.5691212,-1.506983,1500,1467,train
2098,0.8230915,0.827615,0.824559,0.82913285,0.829590961872042,-1.5691241,-1.5303385,1500,1467,train
2099,0.8231276,0.8279018,0.8241712,0.82907856,0.8293622644960699,-1.5691268,-1.5334628,1500,1467,train
2100,0.82253706,0.82794493,0.8242192,0.8291898,0.8291250687120139,-1.5691297,-1.5066627,1500,1467,train
2101,0.82257456,0.8278473,0.8238963,0.8289922,0.8289390749014629,-1.5691324,-1.5090421,1500,1467,train
2102,0.8225601,0.8293323,0.8238988,0.82963514,0.8287318806844769,-1.5691352,-1.521388,1500,1467,train
2103,0.8220018,0.8260345,0.82344186,0.8278978,0.8285128406650407,-1.5691379,-1.5339986,1500,1467,train
2104,0.8220331,0.8267005,0.823115,0.8280667,0.8282705278190583,-1.5691407,-1.528002,1500,1467,train
2105,0.82145643,0.827198,0.82263577,0.8281041,0.8280572687562244,-1.5691434,-1.5165963,1500,1467,train
2106,0.8214197,0.82667404,0.82231927,0.8277319,0.827802020275292,-1.5691462,-1.5128856,1500,1467,train
2107,0.82142866,0.82658976,0.82208407,0.8275746,0.8275586479722409,-1.5691489,-1.5175099,1500,1467,train
2108,0.8208833,0.8273978,0.82223606,0.8280179,0.8273067462389867,-1.5691516,-1.5146753,1500,1467,train
2109,0.8208941,0.82737714,0.82209265,0.82795686,0.8271196250623853,-1.5691543,-1.5094893,1500,1467,train
2110,0.82089406,0.8274762,0.8218461,0.8278913,0.8269286705614762,-1.569157,-1.5088569,1500,1467,train
2111,0.8203693,0.8239178,0.8208184,0.82575953,0.8266958105404374,-1.5691596,-1.5277302,1500,1467,train
2112,0.8203351,0.82500947,0.82095647,0.82632196,0.8264793719750312,-1.5691624,-1.5261273,1500,1467,train
2113,0.81980634,0.825038,0.8208412,0.8262853,0.8262598062658225,-1.569165,-1.5250068,1500,1467,train
2114,0.8197598,0.8247902,0.8205813,0.82605296,0.8260347807095887,-1.5691676,-1.5256441,1500,1467,train
2115,0.819792,0.8250045,0.82028043,0.8260114,0.8258158849690619,-1.5691704,-1.5264121,1500,1467,train
2116,0.81921035,0.8223566,0.81977,0.8245703,0.8255937971310742,-1.569173,-1.529204,1500,1467,train
2117,0.8192678,0.82114,0.81965125,0.82395416,0.8253843460542626,-1.5691756,-1.5331101,1500,1467,train
2118,0.81923443,0.8222073,0.8191637,0.8242173,0.8250940261849534,-1.5691782,-1.5328892,1500,1467,train
2119,0.8186586,0.8237635,0.8190993,0.8248908,0.8248588310548509,-1.5691808,-1.5342301,1500,1467,train
2120,0.8187079,0.82446665,0.8192612,0.82528484,0.8246202218972254,-1.5691835,-1.5337269,1500,1467,train
2121,0.81808925,0.8235772,0.8188478,0.82472056,0.8244079648455923,-1.569186,-1.5230587,1500,1467,train
2122,0.8181424,0.82279307,0.8184583,0.8241744,0.8242037986063945,-1.5691886,-1.5281583,1500,1467,train
2123,0.8181211,0.82339346,0.8182572,0.82436204,0.8239743465901759,-1.5691912,-1.5255702,1500,1467,train
2124,0.81761277,0.82324225,0.8179736,0.82410944,0.8237563528969384,-1.5691937,-1.5471832,1500,1467,train
2125,0.81752336,0.8234356,0.817747,0.8240926,0.8235145845824333,-1.5691963,-1.5477614,1500,1467,train
2126,0.817051,0.82175833,0.8171965,0.8231044,0.82328422377798,-1.5691988,-1.5385351,1500,1467,train
2127,0.8170189,0.821804,0.8168888,0.8229737,0.8230531888303999,-1.5692015,-1.5430498,1500,1467,train
2128,0.81702244,0.82154167,0.8166019,0.82271993,0.8228990359145135,-1.569204,-1.5447698,1500,1467,train
2129,0.8164458,0.8219642,0.8164114,0.82278025,0.8226870369426621,-1.5692065,-1.5627092,1500,1467,train
2130,0.8165169,0.8196152,0.8156955,0.82141364,0.8224528600247103,-1.569209,-1.5527322,1500,1467,train
2131,0.8159348,0.8221622,0.8160933,0.8227427,0.8222258585439228,-1.5692115,-1.5557823,1500,1467,train
2132,0.81594086,0.82201594,0.815809,0.82254887,0.8219865029936844,-1.5692141,-1.5550578,1500,1467,train
2133,0.81593716,0.8213464,0.8156189,0.82217145,0.8217516487396684,-1.5692165,-1.5498738,1500,1467,train
2134,0.8153556,0.82058936,0.81509936,0.82161087,0.821542661077528,-1.569219,-1.5422525,1500,1467,train
2135,0.81542116,0.820195,0.81490123,0.82133424,0.8213379789541825,-1.5692215,-1.545271,1500,1467,train
2136,0.8148315,0.82056254,0.8144971,0.8212576,0.8211748747961114,-1.569224,-1.5693438,1500,1467,train
2137,0.8148502,0.8191202,0.8138064,0.8203202,0.8209543567154127,-1.5692265,-1.5566996,1500,1467,train
2138,0.8143127,0.81958514,0.81374276,0.8204992,0.8207231273402329,-1.5692289,-1.5579107,1500,1467,train
2139,0.8142709,0.8196259,0.81356657,0.82043606,0.8205000078338559,-1.5692314,-1.5585333,1500,1467,train
2140,0.81430143,0.8208061,0.81303585,0.82073164,0.8202742557419733,-1.5692338,-1.5580019,1500,1467,train
2141,0.8137806,0.8196855,0.81312144,0.82029027,0.8200989875151412,-1.5692363,-1.5466877,1500,1467,train
2142,0.813716,0.81721807,0.8122456,0.8187133,0.8198834460435841,-1.5692387,-1.5706357,1500,1467,train
2143,0.8131997,0.8197016,0.8120637,0.81974506,0.8195988695041713,-1.5692412,-1.5757704,1500,1467,train
2144,0.8131927,0.81910104,0.8117552,0.81931376,0.819325846650581,-1.5692436,-1.583458,1500,1467,train
2145,0.8131797,0.81919694,0.8114507,0.81922174,0.8190929638712579,-1.5692459,-1.5822704,1500,1467,train
2146,0.81267154,0.81909937,0.8114531,0.8192131,0.8188697644860972,-1.5692483,-1.5680249,1500,1467,train
2147,0.81268436,0.8190823,0.8110012,0.8189925,0.8186369743154537,-1.5692507,-1.5710678,1500,1467,train
2148,0.8121319,0.8188808,0.81092644,0.8188119,0.8183948172942577,-1.5692531,-1.5940588,1500,1467,train
2149,0.81208926,0.8171238,0.81014466,0.81769633,0.818200044530524,-1.5692555,-1.5785906,1500,1467,train
2150,0.81157756,0.81861013,0.8101356,0.81835747,0.8179936082803795,-1.5692579,-1.5824282,1500,1467,train
2151,0.81155294,0.8185497,0.809688,0.81812197,0.8177730657362464,-1.5692602,-1.5843644,1500,1467,train
2152,0.8115861,0.8184992,0.80951273,0.81803143,0.8175389966572172,-1.5692626,-1.579351,1500,1467,train
2153,0.8110584,0.8148611,0.80889523,0.81608284,0.8173362637160574,-1.5692649,-1.5865798,1500,1467,train
2154,0.8110584,0.81520313,0.8086686,0.81612784,0.8171256069240517,-1.5692673,-1.5896082,1500,1467,train
2155,0.8105129,0.8170732,0.808493,0.81688654,0.8169061634820618,-1.5692697,-1.5938116,1500,1467,train
2156,0.8104946,0.81688446,0.80825245,0.8166794,0.8166299542985487,-1.5692719,-1.5989784,1500,1467,train
2157,0.81049657,0.81738204,0.8079339,0.81676745,0.8163915490082765,-1.5692743,-1.5960274,1500,1467,train
2158,0.8099423,0.81697875,0.8077313,0.8165158,0.816159192520861,-1.5692766,-1.5861428,1500,1467,train
2159,0.8099227,0.8163131,0.8076769,0.8161982,0.8158959624677982,-1.5692788,-1.5823355,1500,1467,train
2160,0.8099355,0.81649417,0.80745745,0.8162042,0.8156457469172594,-1.5692812,-1.5725777,1500,1467,train
2161,0.8093493,0.8144884,0.80663085,0.81489336,0.8154202930295114,-1.5692835,-1.5830646,1500,1467,train
2162,0.80933475,0.81422293,0.8062637,0.8145967,0.8152034978204443,-1.5692858,-1.5870094,1500,1467,train
2163,0.8088074,0.81612986,0.806118,0.8153935,0.8149431468732912,-1.569288,-1.587924,1500,1467,train
2164,0.80880934,0.8158733,0.80580986,0.8151424,0.8147009558463011,-1.5692903,-1.5857205,1500,1467,train
2165,0.8087992,0.81599635,0.8055588,0.8150888,0.8144818725878796,-1.5692925,-1.5837628,1500,1467,train
2166,0.80823946,0.8128661,0.80481815,0.81330454,0.814294008423565,-1.5692948,-1.5954627,1500,1467,train
2167,0.80824536,0.8123383,0.8045471,0.81293654,0.814094345562412,-1.5692971,-1.5977681,1500,1467,train
2168,0.8076878,0.8151936,0.80479217,0.81435883,0.813809722967749,-1.5692993,-1.5911429,1500,1467,train
2169,0.80768305,0.8151636,0.8042313,0.814082,0.8135614966116919,-1.5693016,-1.5947235,1500,1467,train
2170,0.80765903,0.8138974,0.80371106,0.81331456,0.8133029012966758,-1.5693038,-1.5765477,1500,1467,train
2171,0.80711544,0.81388766,0.8039895,0.8134285,0.8130534024019065,-1.569306,-1.5799317,1500,1467,train
2172,0.807112,0.8142368,0.8034189,0.8133109,0.8128082652335265,-1.5693083,-1.586956,1500,1467,train
2173,0.8071157,0.8139704,0.80334854,0.8131561,0.8126086806054105,-1.5693104,-1.5878015,1500,1467,train
2174,0.80654454,0.8118648,0.8022989,0.8117054,0.8124073399860362,-1.5693127,-1.595767,1500,1467,train
2175,0.8065477,0.81242335,0.80193293,0.8117695,0.8121354251910143,-1.5693148,-1.6056564,1500,1467,train
2176,0.805984,0.8132505,0.8022287,0.81227624,0.8118946098474342,-1.569317,-1.606885,1500,1467,train
2177,0.8059778,0.8130005,0.80132055,0.8117859,0.8116593014108203,-1.5693192,-1.5917337,1500,1467,train
2178,0.80543697,0.8106274,0.8008206,0.81043047,0.8114238961161468,-1.5693214,-1.6140189,1500,1467,train
2179,0.8054209,0.81032306,0.80058885,0.8101835,0.8111883939634297,-1.5693235,-1.6156558,1500,1467,train
2180,0.80545765,0.8110978,0.8002312,0.8103492,0.8109527949526689,-1.5693257,-1.6258926,1500,1467,train
2181,0.8048922,0.81190616,0.8001938,0.8107345,0.8107170990838645,-1.569328,-1.6103238,1500,1467,train
2182,0.80486673,0.8123786,0.7997093,0.8107277,0.8104813063570163,-1.5693301,-1.6108054,1500,1467,train
2183,0.8043361,0.8118669,0.79954565,0.8104488,0.8102454167721246,-1.5693322,-1.5989592,1500,1467,train
2184,0.80434674,0.8138078,0.7996255,0.81133306,0.8100094303291892,-1.5693344,-1.6129918,1500,1467,train
2185,0.80430245,0.81267375,0.7990438,0.81054884,0.8097733470282101,-1.5693364,-1.6154819,1500,1467,train
2186,0.8037437,0.8110289,0.7983695,0.8094716,0.8095371668691874,-1.5693386,-1.6264971,1500,1467,train
2187,0.8037824,0.81066203,0.7978686,0.80904955,0.809300889852121,-1.5693407,-1.6391337,1500,1467,train
2188,0.80316764,0.81169933,0.7978015,0.809536,0.809064515977011,-1.5693429,-1.6185106,1500,1467,train
2189,0.8031857,0.8113846,0.79709136,0.8090579,0.8088280452438573,-1.569345,-1.6242505,1500,1467,train
2190,0.802628,0.80959624,0.7969202,0.8081319,0.8085914776526599,-1.569347,-1.6408377,1500,1467,train
2191,0.8026004,0.80826455,0.7962135,0.80722797,0.808354813203419,-1.5693492,-1.6315095,1500,1467,train
2192,0.8026275,0.808392,0.7956548,0.8070252,0.8081180518961343,-1.5693512,-1.6346464,1500,1467,train
2193,0.8020518,0.81032795,0.79621065,0.8081603,0.807881193730806,-1.5693533,-1.6325388,1500,1467,train
2194,0.80200803,0.8104202,0.7955767,0.8079078,0.8076442387074341,-1.5693554,-1.6355016,1500,1467,train
2195,0.80149543,0.81067306,0.7952192,0.8079003,0.8074071868260184,-1.5693575,-1.6177216,1500,1467,train
2196,0.8014972,0.8102625,0.794942,0.8075768,0.8071700380865592,-1.5693595,-1.6228108,1500,1467,train
2197,0.80149037,0.8105646,0.7945558,0.8075414,0.8069327924890562,-1.5693616,-1.6215581,1500,1467,train
2198,0.8009272,0.8074495,0.7938572,0.8057914,0.8066954500335097,-1.5693637,-1.6305022,1500,1467,train
2199,0.8009226,0.8071494,0.7936543,0.80555105,0.8064580107199195,-1.5693657,-1.6359289,1500,1467,train
2200,0.8003854,0.80981034,0.79369926,0.8067781,0.8062204745482856,-1.5693678,-1.6360877,1500,1467,train
2201,0.8003664,0.80976415,0.79307973,0.80646706,0.8059828415186081,-1.5693698,-1.6401842,1500,1467,train
