cycle_index,true_soh,pred_soh_deepopinn,pred_soh_lax,pred_soh_fusion_raw,pred_soh_fusion_post,true_kpd,pred_kpd,true_knee_cycle,pred_knee_cycle,split
0,1.0919653,1.0675634,1.0719868,1.0677078,1.068170273150305,1.5702249,1.506002,1750,1750,train
1,1.0916698,1.0688491,1.0734075,1.068868,1.0686606917690276,1.5702245,1.4887114,1750,1750,train
2,1.091656,1.0719427,1.0746378,1.070823,1.0691377317120283,1.5702243,1.4854473,1750,1750,train
3,1.0910448,1.0671831,1.0725158,1.0677162,1.069601392979307,1.5702239,1.4918123,1750,1750,train
4,1.0911007,1.0668076,1.0724734,1.0674613,1.0700516755708636,1.5702236,1.476684,1750,1750,train
5,1.0911034,1.0758368,1.0762826,1.0732687,1.0704885794866985,1.5702232,1.467731,1750,1750,train
6,1.0904586,1.074063,1.0746409,1.0717269,1.0709121047268113,1.570223,1.4710658,1750,1750,train
7,1.0905387,1.0746777,1.0750837,1.072203,1.0713222512912022,1.5702226,1.4697589,1750,1750,train
8,1.0899686,1.0770248,1.0767092,1.0744536,1.0717190191798711,1.5702223,1.5759017,1750,1750,train
9,1.0899497,1.0759854,1.0766817,1.0739487,1.072102408392818,1.5702219,1.5709826,1750,1750,train
10,1.0899706,1.0780606,1.0772432,1.0751513,1.072472418930043,1.5702217,1.5716467,1750,1750,train
11,1.0893962,1.0753787,1.0757085,1.0732788,1.0728290507915461,1.5702213,1.5835702,1750,1750,train
12,1.0894303,1.0743147,1.0757008,1.0728961,1.073172303977327,1.570221,1.6102271,1750,1750,train
13,1.0888467,1.0794824,1.0770935,1.0758373,1.0735021784873864,1.5702206,1.5988029,1750,1750,train
14,1.088858,1.0775527,1.0771152,1.0749524,1.0738186743217235,1.5702202,1.5944225,1750,1750,train
15,1.0888382,1.0771474,1.076987,1.0747095,1.074121791480339,1.57022,1.5944241,1750,1750,train
16,1.0882849,1.0698518,1.0749712,1.0700834,1.0744115299632322,1.5702196,1.4994246,1750,1750,train
17,1.0882223,1.0746899,1.0770885,1.0732099,1.0746878897704035,1.5702193,1.4898543,1750,1750,train
18,1.0883129,1.0753057,1.0748798,1.072463,1.074950870901853,1.5702189,1.4854801,1750,1750,train
19,1.088315,1.0734288,1.0763639,1.0723271,1.0752004733575804,1.5702187,1.4949497,1750,1750,train
20,1.0877784,1.0798172,1.0779014,1.0759717,1.075436697137586,1.5702183,1.5038135,1750,1750,train
21,1.0878005,1.0809084,1.0778214,1.0763367,1.0756595422418695,1.570218,1.4815178,1750,1750,train
22,1.087766,1.0799793,1.0777406,1.075881,1.0758690086704312,1.5702176,1.4823587,1750,1750,train
23,1.0877075,1.0800698,1.0777246,1.075909,1.076065096423271,1.5702173,1.4810038,1750,1750,train
24,1.0877025,1.0805895,1.078602,1.0768508,1.0762478055003886,1.5702169,1.5541316,1750,1750,train
25,1.0871648,1.0799212,1.0785851,1.0765297,1.0764171359017634,1.5702167,1.551788,1750,1750,train
26,1.0872072,1.0816551,1.0798932,1.0779233,1.0765536093366561,1.5702163,1.5538384,1750,1750,train
27,1.0871304,1.0821657,1.0795904,1.0780058,1.0766532140484393,1.570216,1.5510014,1750,1750,train
28,1.0872438,1.0775487,1.0781864,1.0753188,1.0767210723535483,1.5702156,1.5641383,1750,1750,train
29,1.0866542,1.0793654,1.0781225,1.0760465,1.0767529030294636,1.5702152,1.5470245,1750,1750,train
30,1.0866255,1.0806476,1.0795168,1.0773244,1.0767044033717024,1.570215,1.5615046,1750,1750,train
31,1.086623,1.0788784,1.0782819,1.0759121,1.0768180151763582,1.5702146,1.5505773,1750,1750,train
32,1.0866256,1.0780145,1.0780133,1.0753423,1.0768553282483204,1.5702143,1.5372696,1750,1750,train
33,1.0866071,1.0801233,1.0787066,1.0765927,1.0768975834848549,1.5702139,1.5311897,1750,1750,train
34,1.0861412,1.0838393,1.080607,1.0791702,1.076958042956551,1.5702136,1.5362412,1750,1750,train
35,1.0860516,1.0825912,1.0802318,1.0784719,1.0769944119181578,1.5702132,1.5460893,1750,1750,train
36,1.0860224,1.0820235,1.0790269,1.0776238,1.0770654383190206,1.5702128,1.5362792,1750,1750,train
37,1.0861282,1.0824622,1.080082,1.0782893,1.0770813946345812,1.5702126,1.5325294,1750,1750,train
38,1.086091,1.082851,1.0800525,1.0784862,1.0770856545609515,1.5702122,1.5407108,1750,1750,train
39,1.0860293,1.0829934,1.0806153,1.07882,1.0772117656090705,1.5702119,1.5437055,1750,1750,train
40,1.0855024,1.0812836,1.0787793,1.0771028,1.077335904353548,1.5702115,1.5189925,1750,1750,train
41,1.0854939,1.0797249,1.0792049,1.076655,1.0773971401423617,1.5702112,1.5351216,1750,1750,train
42,1.0854459,1.0774114,1.0767328,1.074431,1.0773365213262227,1.5702108,1.5244951,1750,1750,train
43,1.0854557,1.0796679,1.0786458,1.0763514,1.077281140366293,1.5702105,1.52964,1750,1750,train
44,1.084975,1.081623,1.0789677,1.0773797,1.0771857730291576,1.5702102,1.5278081,1750,1750,train
45,1.0854626,1.0793922,1.079797,1.0767562,1.0770663794835036,1.5702099,1.5308449,1750,1750,train
46,1.0848984,1.0809462,1.0802594,1.0776656,1.0770208219074444,1.5702095,1.5288274,1750,1750,train
47,1.084928,1.0826305,1.0798799,1.0782636,1.0770002141965607,1.5702091,1.5301087,1750,1750,train
48,1.0849739,1.0825278,1.0808368,1.0786701,1.0769659036358432,1.5702088,1.5341471,1750,1750,train
49,1.0843563,1.0784602,1.0773557,1.0751923,1.0769998395765958,1.5702084,1.524539,1750,1750,train
50,1.0844468,1.0789104,1.0771186,1.0752636,1.0770726390796201,1.5702081,1.5184708,1750,1750,train
51,1.0844287,1.0798776,1.078375,1.0762923,1.0770901874625274,1.5702077,1.5221808,1750,1750,train
52,1.0844506,1.0797784,1.0785154,1.0763164,1.077117320465106,1.5702074,1.5233964,1750,1750,train
53,1.0844127,1.079431,1.0783755,1.0760905,1.0771685825765367,1.570207,1.5224192,1750,1750,train
54,1.0843842,1.0791131,1.078391,1.0758966,1.077179600953273,1.5702068,1.5089478,1750,1750,train
55,1.0838362,1.0796217,1.0800714,1.0769441,1.077110779480091,1.5702064,1.5207592,1750,1750,train
56,1.0838792,1.0788085,1.0799209,1.0763581,1.0771254041018705,1.570206,1.4857438,1750,1750,train
57,1.0838666,1.0803249,1.0795219,1.0768856,1.0770085815740618,1.5702057,1.4904197,1750,1750,train
58,1.0838743,1.0794106,1.0797001,1.0765548,1.0768754136675809,1.5702053,1.4912994,1750,1750,train
59,1.0833395,1.0821524,1.0799692,1.0778798,1.076766558715632,1.570205,1.4808588,1750,1750,train
60,1.0833274,1.0827215,1.0800607,1.0781859,1.0767451022936863,1.5702046,1.4821668,1750,1750,train
61,1.0833275,1.0825078,1.0805005,1.0782851,1.0767209896530991,1.5702043,1.4811412,1750,1750,train
62,1.0832897,1.0827295,1.0803174,1.0782665,1.0767008030724075,1.5702039,1.4727879,1750,1750,train
63,1.0832534,1.0821854,1.0801787,1.07798,1.0766729281068257,1.5702035,1.4784274,1750,1750,train
64,1.0827608,1.0802513,1.0788213,1.0765362,1.0766648077209064,1.5702032,1.4913188,1750,1750,train
65,1.082794,1.0783478,1.0782832,1.0754039,1.0766696113727572,1.5702028,1.486393,1750,1750,train
66,1.0827966,1.0803255,1.0795091,1.0768992,1.0766470984247642,1.5702025,1.4949493,1750,1750,train
67,1.0826937,1.0782896,1.0785778,1.0755267,1.076631362342217,1.5702021,1.4898713,1750,1750,train
68,1.0821995,1.0813377,1.0797614,1.0774697,1.0765582079087823,1.5702018,1.4938047,1750,1750,train
69,1.0821507,1.0812885,1.0798051,1.0774603,1.0765669411091323,1.5702014,1.4921564,1750,1750,train
70,1.0821826,1.080968,1.0798908,1.0773886,1.0765550235445744,1.570201,1.500419,1750,1750,train
71,1.0821347,1.0818455,1.0807279,1.0781553,1.0765548353327392,1.5702007,1.4970073,1750,1750,train
72,1.082192,1.0813977,1.0801567,1.0777044,1.0765543953203403,1.5702003,1.5001799,1750,1750,train
73,1.0821536,1.0814408,1.080021,1.0776757,1.0765929759303217,1.5702,1.5034149,1750,1750,train
74,1.0816691,1.0776241,1.0780882,1.0750388,1.0766309296418466,1.5701996,1.4988571,1750,1750,train
75,1.0816587,1.0770428,1.0765994,1.0740585,1.0765879098230826,1.5701994,1.4902838,1750,1750,train
76,1.0817618,1.0781658,1.0776135,1.0750903,1.0764889128980353,1.570199,1.5040362,1750,1750,train
77,1.0816143,1.0788302,1.0788683,1.0759407,1.0764252106928094,1.5701987,1.4982383,1750,1750,train
78,1.081719,1.0776693,1.0782937,1.0751532,1.076356441627,1.5701983,1.4988946,1750,1750,train
79,1.0816768,1.0755831,1.0764004,1.0732838,1.0762806754897343,1.5701979,1.4855917,1750,1750,train
80,1.0816427,1.0797324,1.0782012,1.0760852,1.0762086593809426,1.5701976,1.5074136,1750,1750,train
81,1.0817008,1.0766175,1.0773331,1.0741911,1.0761643942842647,1.5701972,1.4881957,1750,1750,train
82,1.0811387,1.081015,1.0789948,1.0769839,1.0760815724740065,1.5701967,1.4963577,1750,1750,train
83,1.0811216,1.0803304,1.0791818,1.076771,1.0760878293510636,1.5701964,1.4994338,1750,1750,train
84,1.0811481,1.0809426,1.0792619,1.0770648,1.0760460610718807,1.570196,1.4944124,1750,1750,train
85,1.0811466,1.0806115,1.0793588,1.0769359,1.076035139868442,1.5701957,1.489117,1750,1750,train
86,1.081119,1.0803262,1.0792176,1.0767516,1.076059214218084,1.5701953,1.4914443,1750,1750,train
87,1.0811231,1.079733,1.0780702,1.0759612,1.0760962835710566,1.570195,1.4921718,1750,1750,train
88,1.0805532,1.0802596,1.07994,1.0771074,1.0761534809787894,1.5701946,1.5048101,1750,1750,train
89,1.0805161,1.0802895,1.0797516,1.0770562,1.076195649202722,1.5701942,1.5098395,1750,1750,train
90,1.0805213,1.0805259,1.080479,1.0774716,1.0761512229173933,1.5701939,1.5041182,1750,1750,train
91,1.0804907,1.0802546,1.0799023,1.077076,1.0760748536565647,1.5701935,1.5019383,1750,1750,train
92,1.0799581,1.0801661,1.0787146,1.0764872,1.0760762560458905,1.5701932,1.5004176,1750,1750,train
93,1.0799693,1.0794601,1.0781387,1.0759236,1.076007702657927,1.5701928,1.5052052,1750,1750,train
94,1.0799911,1.077573,1.0771072,1.0745562,1.0760015007911954,1.5701925,1.496129,1750,1750,train
95,1.0799934,1.0797511,1.0782642,1.076088,1.076005724748757,1.5701921,1.4992393,1750,1750,train
96,1.0799865,1.0782374,1.0775323,1.0749602,1.0759878994214118,1.5701917,1.4745495,1750,1750,train
97,1.0800358,1.0796266,1.0779759,1.075783,1.0760435428799326,1.5701914,1.4718894,1750,1750,train
98,1.0799807,1.078537,1.077612,1.0751443,1.0760159654555965,1.570191,1.4771781,1750,1750,train
99,1.0800071,1.0794249,1.0780941,1.0757786,1.0760098132906788,1.5701907,1.4796523,1750,1750,train
100,1.0799723,1.0783299,1.0774711,1.074953,1.0759360505871798,1.5701903,1.4695811,1750,1750,train
101,1.0794036,1.0800033,1.0793527,1.0765765,1.075835642410887,1.57019,1.4704252,1750,1750,train
102,1.0794604,1.07984,1.0788747,1.0762948,1.0758303284723172,1.5701895,1.4729221,1750,1750,train
103,1.0794116,1.0799465,1.079163,1.0764679,1.0758133602346251,1.5701891,1.4713328,1750,1750,train
104,1.079396,1.0798291,1.0793353,1.0764507,1.0757660159044042,1.5701888,1.4615154,1750,1750,train
105,1.0794474,1.0794624,1.0786477,1.0760133,1.0755812779118348,1.5701884,1.471507,1750,1750,train
106,1.0794489,1.0788184,1.0792936,1.0760475,1.0755414507602654,1.570188,1.47899,1750,1750,train
107,1.0794493,1.0799545,1.0798856,1.0768255,1.0754209081595392,1.5701877,1.4769311,1750,1750,train
108,1.0789163,1.0766882,1.0773774,1.0742044,1.0753690021926572,1.5701873,1.4790632,1750,1750,train
109,1.0788705,1.078986,1.0774323,1.0752549,1.0753045642428924,1.570187,1.4745028,1750,1750,train
110,1.0788841,1.0791322,1.077907,1.0755264,1.075248956466964,1.5701866,1.471788,1750,1750,train
111,1.0788993,1.0786808,1.0767277,1.0747684,1.0751975687792703,1.5701863,1.4684808,1750,1750,train
112,1.0788795,1.0780149,1.0766534,1.0745157,1.0751429980855485,1.5701858,1.4880288,1750,1750,train
113,1.0789163,1.0769885,1.0761993,1.0738506,1.0750751895659587,1.5701854,1.4901472,1750,1750,train
114,1.0788745,1.077435,1.0762331,1.0740688,1.0750172935732658,1.5701851,1.4900602,1750,1750,train
115,1.0783119,1.0785164,1.078396,1.0755837,1.0749472591214637,1.5701847,1.4985255,1750,1750,train
116,1.0783157,1.0784787,1.0781585,1.0754496,1.0749159735319083,1.5701844,1.4964982,1750,1750,train
117,1.0783253,1.076908,1.0768312,1.0741189,1.0748827276355148,1.570184,1.4940042,1750,1750,train
118,1.0782939,1.0774958,1.077998,1.0749038,1.0748357240868744,1.5701836,1.4904844,1750,1750,train
119,1.0783741,1.0772225,1.0776798,1.0746341,1.0747771667903077,1.5701832,1.4904445,1750,1750,train
120,1.0783689,1.077304,1.0768822,1.0743248,1.0746759579090677,1.5701828,1.4946196,1750,1750,train
121,1.0783149,1.07887,1.0770715,1.0751166,1.0746883708743722,1.5701824,1.4930229,1750,1750,train
122,1.0777715,1.0764602,1.0758662,1.073518,1.0746351077944192,1.5701821,1.504226,1750,1750,train
123,1.0777872,1.0792692,1.0789269,1.0761794,1.0746419646304533,1.5701817,1.5011444,1750,1750,train
124,1.0777607,1.0788729,1.0786833,1.0759181,1.0746091103893238,1.5701814,1.5083009,1750,1750,train
125,1.0778097,1.0793712,1.0779797,1.0757776,1.0745815558029268,1.5701809,1.4974147,1750,1750,train
126,1.0777977,1.0791975,1.0775763,1.0755067,1.074527060481424,1.5701805,1.495546,1750,1750,train
127,1.0777392,1.0763987,1.0745791,1.0728301,1.0745161817730773,1.5701802,1.4871601,1750,1750,train
128,1.0777674,1.0767939,1.0756911,1.0736029,1.0745094160484852,1.5701798,1.5073249,1750,1750,train
129,1.0778353,1.0761739,1.076041,1.0734574,1.0745127287809195,1.5701795,1.501791,1750,1750,train
130,1.0777926,1.0786667,1.078689,1.075825,1.0745038161010456,1.570179,1.5078442,1750,1750,train
131,1.0777868,1.0760093,1.0759643,1.0733645,1.0744390186036,1.5701786,1.5058488,1750,1750,train
132,1.0772891,1.0766494,1.0764248,1.0737578,1.0743999386290393,1.5701783,1.4803953,1750,1750,train
133,1.077282,1.0771716,1.0762569,1.0739256,1.0743765761032338,1.5701779,1.4820513,1750,1750,train
134,1.0772411,1.0773957,1.0764588,1.0741512,1.0743025263594046,1.5701776,1.4894247,1750,1750,train
135,1.0772175,1.0769966,1.0770127,1.0742162,1.0742569076112587,1.5701771,1.4879638,1750,1750,train
136,1.0772221,1.077059,1.0765957,1.0740422,1.074234530100507,1.5701767,1.4851148,1750,1750,train
137,1.0772281,1.0770266,1.0766803,1.0740376,1.0741780242411214,1.5701764,1.4784745,1750,1750,train
138,1.0771804,1.0760741,1.0766479,1.073655,1.074118289632326,1.570176,1.4937915,1750,1750,train
139,1.0766183,1.0777084,1.0769429,1.0745251,1.074089696991665,1.5701756,1.4919502,1750,1750,train
140,1.0764654,1.0780698,1.0782424,1.0752251,1.0739929994242352,1.5701752,1.4784807,1750,1750,train
141,1.0766329,1.0778531,1.0774336,1.0747389,1.074029748446626,1.5701748,1.4741683,1750,1750,train
142,1.0766649,1.0779362,1.0774884,1.0748018,1.0740804353298297,1.5701745,1.4741982,1750,1750,train
143,1.076628,1.078047,1.0777786,1.0750198,1.073963578110387,1.5701741,1.482408,1750,1750,train
144,1.0766846,1.0776072,1.0783178,1.0751178,1.0738832429353264,1.5701736,1.4946082,1750,1750,train
145,1.0766561,1.0779757,1.0784167,1.0753112,1.0739149011386295,1.5701733,1.4900259,1750,1750,train
146,1.0760975,1.0757039,1.0754801,1.0729045,1.0738638772027633,1.5701729,1.4822755,1750,1750,train
147,1.0760492,1.0763699,1.0768328,1.0738301,1.0738466004044798,1.5701725,1.4835222,1750,1750,train
148,1.0761313,1.0750929,1.0748814,1.0723724,1.073744764470874,1.5701721,1.486725,1750,1750,train
149,1.0760643,1.07561,1.0752903,1.0727755,1.073692518232741,1.5701717,1.4823477,1750,1750,train
150,1.0760994,1.075781,1.0756863,1.0730069,1.073653465964505,1.5701714,1.4760168,1750,1750,train
151,1.0760732,1.0757005,1.0755049,1.0728834,1.0736159951438933,1.5701709,1.4750568,1750,1750,train
152,1.0760796,1.0755785,1.0756632,1.072903,1.073593408368172,1.5701705,1.4757636,1750,1750,train
153,1.0760589,1.0749987,1.0752673,1.072475,1.0734883067118883,1.5701702,1.4795463,1750,1750,train
154,1.0760717,1.0747849,1.0750393,1.0722549,1.0733904672529064,1.5701698,1.4751813,1750,1750,train
155,1.0760589,1.0753787,1.0753306,1.0726663,1.0733144441550744,1.5701693,1.477139,1750,1750,train
156,1.0754943,1.0770109,1.077223,1.074323,1.0732840229564002,1.570169,1.4889596,1750,1750,train
157,1.0755445,1.0770282,1.0760938,1.073769,1.0732097557904232,1.5701686,1.4781017,1750,1750,train
158,1.0755081,1.0770828,1.0774361,1.074402,1.073133407339715,1.5701681,1.4770297,1750,1750,train
159,1.0755066,1.0770223,1.0760814,1.0737184,1.0730397553915576,1.5701678,1.468289,1750,1750,train
160,1.0755649,1.0774238,1.0760419,1.0738199,1.072954326459637,1.5701674,1.4537802,1750,1750,train
161,1.0755213,1.0767667,1.075852,1.0734302,1.0728721044787484,1.570167,1.4528288,1750,1750,train
162,1.0754713,1.0766724,1.0769333,1.0739338,1.0727799678405376,1.5701666,1.4649917,1750,1750,train
163,1.075536,1.0772576,1.0762577,1.0738442,1.0727093147203612,1.5701662,1.4540851,1750,1750,train
164,1.0749317,1.0744401,1.074799,1.0718939,1.0726477344993528,1.5701658,1.4534172,1750,1750,train
165,1.0749588,1.076688,1.0775206,1.0741938,1.072604485855672,1.5701654,1.4614755,1750,1750,train
166,1.0749981,1.0736176,1.0737504,1.07105,1.0725989513411691,1.570165,1.4554684,1750,1750,train
167,1.074952,1.0725077,1.0728036,1.0700716,1.0725826704503783,1.5701646,1.4460318,1750,1750,train
168,1.0749704,1.0767181,1.077427,1.0742546,1.072551570685718,1.5701642,1.4823132,1750,1750,train
169,1.0749238,1.0757064,1.0777436,1.0739685,1.0725489429915493,1.5701638,1.4892218,1750,1750,train
170,1.0749382,1.0716454,1.0726112,1.0696818,1.0725618036458031,1.5701634,1.4667011,1750,1750,train
171,1.0749984,1.0743772,1.0742406,1.0717095,1.0726035091112032,1.570163,1.4762819,1750,1750,train
172,1.074949,1.0731475,1.0740956,1.071101,1.072654120273867,1.5701627,1.4802061,1750,1750,train
173,1.074364,1.0754316,1.0740587,1.072099,1.0726795329785803,1.5701622,1.4746522,1750,1750,train
174,1.0744054,1.0762298,1.0754493,1.0731263,1.0726690440461868,1.5701618,1.4814844,1750,1750,train
175,1.0744289,1.0757097,1.0752612,1.0727894,1.0726551102167101,1.5701615,1.478112,1750,1750,train
176,1.0743303,1.0757855,1.0753134,1.0729325,1.072638390898513,1.570161,1.4980007,1750,1750,train
177,1.0744247,1.0747148,1.0753714,1.072442,1.0726142250108042,1.5701606,1.4909366,1750,1750,train
178,1.0743423,1.0757655,1.0746061,1.0725418,1.0725840601732615,1.5701602,1.4842029,1750,1750,train
179,1.0743681,1.0757735,1.0754168,1.0729123,1.072566704770669,1.5701598,1.4834502,1750,1750,train
180,1.0744234,1.074993,1.0738078,1.0718727,1.0724981582114057,1.5701594,1.4951329,1750,1750,train
181,1.0743532,1.0754205,1.0753552,1.0727547,1.0724349258985308,1.570159,1.4907391,1750,1750,train
182,1.0744073,1.0748237,1.0740889,1.0718505,1.0723802939598182,1.5701586,1.4779236,1750,1750,train
183,1.0744065,1.0749947,1.074489,1.0721343,1.072331615632581,1.5701581,1.4833758,1750,1750,train
184,1.0738161,1.0752709,1.0756266,1.0728757,1.0723197805686606,1.5701578,1.5061185,1750,1750,train
185,1.0738801,1.0758321,1.0752047,1.0729352,1.0722902306327708,1.5701574,1.5053753,1750,1750,train
186,1.0737939,1.0753883,1.075901,1.0730599,1.0722812826402268,1.5701569,1.5074537,1750,1750,train
187,1.073796,1.075509,1.076675,1.0734372,1.0722688758285834,1.5701566,1.5001158,1750,1750,train
188,1.0738555,1.0751017,1.0756269,1.0728911,1.072288107276873,1.5701561,1.528204,1750,1750,train
189,1.0738167,1.0750867,1.0744103,1.0722414,1.0722907171310956,1.5701557,1.507221,1750,1750,train
190,1.0737743,1.074784,1.0753694,1.0725566,1.0722805548260532,1.5701553,1.5108091,1750,1750,train
191,1.0738719,1.074841,1.0745614,1.0722109,1.072345570493591,1.5701549,1.5101395,1750,1750,train
192,1.073829,1.0745974,1.0748857,1.0723435,1.0723118475251256,1.5701544,1.5330365,1750,1750,train
193,1.0737429,1.0747827,1.0767463,1.0732409,1.0722445105395828,1.5701541,1.524327,1750,1750,train
194,1.0739692,1.0753068,1.07562,1.0729233,1.0722872282700346,1.5701536,1.5142796,1750,1750,train
195,1.073796,1.0750858,1.0757562,1.0729433,1.072334329834422,1.5701532,1.52832,1750,1750,train
196,1.0738074,1.074655,1.0756292,1.0726221,1.072220253270416,1.5701529,1.5121257,1750,1750,train
197,1.073248,1.0716039,1.0727323,1.0698806,1.0721332020887788,1.5701524,1.5046796,1750,1750,train
198,1.0732527,1.0743918,1.0732156,1.0713838,1.072010276179813,1.570152,1.5081315,1750,1750,train
199,1.0732328,1.0727177,1.0739232,1.0709362,1.071945460172782,1.5701516,1.5059626,1750,1750,train
200,1.0732824,1.0740503,1.07281,1.0711334,1.071879487393626,1.5701512,1.5296942,1750,1750,train
201,1.0732963,1.0741843,1.0728756,1.071241,1.0718276621479772,1.5701507,1.5337267,1750,1750,train
202,1.073242,1.0740674,1.0728593,1.0711803,1.07173946552948,1.5701504,1.5337241,1750,1750,train
203,1.0732743,1.0741363,1.0729157,1.0712141,1.0716502272412072,1.5701499,1.5280913,1750,1750,train
204,1.0732505,1.0729691,1.0713776,1.0700228,1.0715833818464877,1.5701495,1.5381577,1750,1750,train
205,1.073261,1.0739688,1.0728654,1.0711571,1.071476141702619,1.5701491,1.538289,1750,1750,train
206,1.0732851,1.0740049,1.07281,1.071146,1.0713505615272267,1.5701487,1.537748,1750,1750,train
207,1.0726995,1.0745742,1.0754622,1.0726267,1.0712868537812756,1.5701482,1.5404832,1750,1750,train
208,1.0727212,1.0741798,1.0750968,1.0722113,1.0711116292133036,1.5701479,1.5237323,1750,1750,train
209,1.0727128,1.0741392,1.0744516,1.0718837,1.0709739205207844,1.5701474,1.5202091,1750,1750,train
210,1.0726727,1.0742612,1.0747961,1.0720899,1.0708843797229746,1.5701469,1.5186589,1750,1750,train
211,1.0727328,1.0740288,1.0740837,1.0717232,1.070713542350635,1.5701466,1.534124,1750,1750,train
212,1.0727173,1.0740322,1.0741028,1.0716225,1.0706225675554464,1.5701461,1.5074923,1750,1750,train
213,1.0726866,1.0735688,1.0736295,1.0712003,1.070494251244827,1.5701457,1.5085547,1750,1750,train
214,1.0726568,1.0742106,1.0745908,1.0719087,1.0703675565277861,1.5701452,1.5032918,1750,1750,train
215,1.0721383,1.0729177,1.0724756,1.0703592,1.0702475921362617,1.5701449,1.5042536,1750,1750,train
216,1.0722256,1.0719454,1.0724144,1.0699339,1.0701130303270527,1.5701444,1.51493,1750,1750,train
217,1.0721372,1.0720046,1.0721786,1.0698563,1.0700003948402412,1.570144,1.5156714,1750,1750,train
218,1.0721909,1.0714635,1.0714566,1.0692803,1.069918849861947,1.5701436,1.5156235,1750,1750,train
219,1.0721678,1.0714681,1.0714593,1.0692611,1.0698652276366363,1.5701431,1.5102373,1750,1750,train
220,1.072181,1.0706553,1.0709105,1.068716,1.0698083013328992,1.5701427,1.5282621,1750,1750,train
221,1.0721372,1.071598,1.0715504,1.0693828,1.0697756761678008,1.5701423,1.5152469,1750,1750,train
222,1.0721444,1.0719855,1.0722594,1.0698854,1.0697443036115464,1.5701419,1.5158888,1750,1750,train
223,1.0721546,1.0722092,1.0725652,1.0701056,1.069629243423068,1.5701414,1.5108157,1750,1750,train
224,1.0721787,1.070617,1.0708581,1.0686766,1.0695676247545052,1.5701411,1.5287092,1750,1750,train
225,1.0721601,1.071673,1.0715159,1.069444,1.0694928614074355,1.5701406,1.5254824,1750,1750,train
226,1.0721803,1.0702691,1.0705918,1.0683972,1.0694392642638957,1.5701401,1.5287933,1750,1750,train
227,1.0721784,1.0715001,1.0719073,1.0695683,1.069400096126466,1.5701398,1.5313816,1750,1750,train
228,1.0721903,1.0708876,1.0711786,1.0689558,1.0693631418866427,1.5701393,1.5310738,1750,1750,train
229,1.0722011,1.0693992,1.0707388,1.0679722,1.0693393558869078,1.5701388,1.5057535,1750,1750,train
230,1.0722201,1.0715677,1.071782,1.0695224,1.0692851244302763,1.5701385,1.5266845,1750,1750,train
231,1.0722315,1.0702773,1.0719143,1.068974,1.0692861585153075,1.570138,1.5214473,1750,1750,train
232,1.0721638,1.0685238,1.0702063,1.067433,1.0692829262529915,1.5701376,1.5301917,1750,1750,train
233,1.072149,1.0724298,1.0721259,1.0701301,1.0693306915864973,1.5701371,1.5408807,1750,1750,train
234,1.0722052,1.0700327,1.0721798,1.0690812,1.0693771460309422,1.5701367,1.5449831,1750,1750,train
235,1.072178,1.0691653,1.0709156,1.0680494,1.0694955708191956,1.5701363,1.5303836,1750,1750,train
236,1.0716096,1.0729157,1.0735477,1.0710262,1.069599419642522,1.5701358,1.5472383,1750,1750,train
237,1.0722405,1.0695641,1.0717931,1.0687068,1.0697070620667777,1.5701354,1.5487119,1750,1750,train
238,1.0715601,1.0724199,1.0733281,1.0706558,1.0698187700249058,1.570135,1.5363631,1750,1750,train
239,1.0715784,1.072421,1.0730625,1.0705466,1.069926718487805,1.5701345,1.5391564,1750,1750,train
240,1.0718057,1.0721439,1.0721501,1.0699974,1.0700551798779303,1.570134,1.5375264,1750,1750,train
241,1.0715594,1.0728488,1.0739805,1.0711821,1.0701195955432885,1.5701337,1.5445191,1750,1750,train
242,1.0715915,1.0723163,1.0731004,1.0705284,1.0701578017331168,1.5701332,1.5421122,1750,1750,train
243,1.0716187,1.0721474,1.071968,1.0699102,1.0702122888029355,1.5701327,1.5361508,1750,1750,train
244,1.071624,1.0720187,1.0728817,1.070257,1.07024321109159,1.5701324,1.533283,1750,1750,train
245,1.0715566,1.0722476,1.0733749,1.0705928,1.0702720153571588,1.5701319,1.5348891,1750,1750,train
246,1.071616,1.0720254,1.0730807,1.0703268,1.0702850507305566,1.5701314,1.5275002,1750,1750,train
247,1.0716152,1.0721605,1.0731198,1.0704798,1.0702993478204321,1.570131,1.5453703,1750,1750,train
248,1.0710524,1.071593,1.0746583,1.0708582,1.070315386164102,1.5701306,1.5294305,1750,1750,train
249,1.0710665,1.0718428,1.0741564,1.0707331,1.070357270968617,1.5701301,1.5271003,1750,1750,train
250,1.0710319,1.0718567,1.0747637,1.0710381,1.0704164224674235,1.5701296,1.5323225,1750,1750,train
251,1.0710613,1.0718316,1.0743194,1.0708079,1.0704975467151492,1.5701292,1.5284499,1750,1750,train
252,1.0711212,1.0721953,1.0738147,1.0707173,1.0705006968629502,1.5701288,1.5222409,1750,1750,train
253,1.0710171,1.072201,1.074196,1.0708886,1.070550620802921,1.5701283,1.5209907,1750,1750,train
254,1.0710431,1.0721073,1.0740091,1.07079,1.0705320174789594,1.5701278,1.5280552,1750,1750,train
255,1.071104,1.0724089,1.0738598,1.0708277,1.0705069159512919,1.5701275,1.5205015,1750,1750,train
256,1.0710729,1.0710852,1.0735589,1.0702205,1.0704839555357628,1.570127,1.5525961,1750,1750,train
257,1.0710602,1.0713139,1.0741513,1.0705767,1.070434260901337,1.5701265,1.5481358,1750,1750,train
258,1.0710845,1.072214,1.0736274,1.0707531,1.0703309399562613,1.570126,1.549632,1750,1750,train
259,1.0710438,1.0722269,1.0740812,1.0709612,1.0703274437480697,1.5701256,1.5484463,1750,1750,train
260,1.070505,1.0703193,1.0705069,1.0684909,1.0702107069475872,1.5701252,1.5554717,1750,1750,train
261,1.0705078,1.0712038,1.0715078,1.0693413,1.0700374165111182,1.5701247,1.5533258,1750,1750,train
262,1.0704904,1.0708939,1.0711459,1.0690575,1.069930061694226,1.5701243,1.558818,1750,1750,train
263,1.0705092,1.0708226,1.071042,1.0689687,1.0697843114226082,1.5701238,1.5566379,1750,1750,train
264,1.070525,1.0706122,1.0707899,1.0687639,1.0696697714844337,1.5701234,1.5580838,1750,1750,train
265,1.0704912,1.0708767,1.0708829,1.0689085,1.0695924118730384,1.570123,1.5536306,1750,1750,train
266,1.0699148,1.0715908,1.0718576,1.0696905,1.0694848596583724,1.5701225,1.5566468,1750,1750,train
267,1.0699576,1.0721201,1.072579,1.0702592,1.0693996174396994,1.570122,1.5563468,1750,1750,train
268,1.0699829,1.0714713,1.0718654,1.0696843,1.0692822158764401,1.5701215,1.5676742,1750,1750,train
269,1.0699713,1.0715197,1.0722281,1.0698587,1.0691684008875713,1.570121,1.5644021,1750,1750,train
270,1.0699701,1.0715593,1.0721112,1.0698135,1.06912642165852,1.5701207,1.5619621,1750,1750,train
271,1.0699772,1.0714003,1.0718074,1.0696223,1.0689990561384481,1.5701202,1.5668819,1750,1750,train
272,1.0699365,1.0716792,1.07271,1.0700989,1.0688731623342669,1.5701197,1.5515167,1750,1750,train
273,1.0700066,1.0717118,1.0737622,1.0705996,1.0687763504205325,1.5701193,1.552899,1750,1750,train
274,1.0699589,1.0713358,1.0729762,1.0700631,1.0687369501045896,1.5701188,1.5512507,1750,1750,train
275,1.069456,1.0696692,1.0696814,1.0677738,1.0687103341958293,1.5701183,1.5445824,1750,1750,train
276,1.0693941,1.0688593,1.0692073,1.0671818,1.068709741651487,1.570118,1.5428269,1750,1750,train
277,1.0694416,1.0695502,1.0706762,1.0681918,1.0686048967073551,1.5701175,1.5489905,1750,1750,train
278,1.0694021,1.0692029,1.0690428,1.067211,1.0685776162464309,1.570117,1.5302486,1750,1750,train
279,1.069432,1.0700492,1.0707713,1.0684499,1.0684653599482519,1.5701165,1.5459843,1750,1750,train
280,1.0694072,1.0678061,1.0699633,1.0670485,1.0684515373841992,1.570116,1.5430503,1750,1750,train
281,1.0694354,1.0693,1.0704368,1.0678968,1.0684041752707352,1.5701156,1.5315006,1750,1750,train
282,1.0694277,1.068642,1.0708576,1.0678095,1.0683425968021292,1.5701151,1.5363235,1750,1750,train
283,1.0694251,1.068648,1.0700159,1.0673958,1.0683199561015462,1.5701146,1.5285416,1750,1750,train
284,1.0694337,1.067146,1.0683993,1.0659549,1.0682750466147863,1.5701143,1.523846,1750,1750,train
285,1.0694232,1.0697833,1.0707262,1.0682625,1.068223835458043,1.5701138,1.5348159,1750,1750,train
286,1.0687894,1.070674,1.0709869,1.0687426,1.0680961414340102,1.5701133,1.524223,1750,1750,train
287,1.0689043,1.0707009,1.0722717,1.0693766,1.068001707166283,1.5701128,1.5327157,1750,1750,train
288,1.0688694,1.0701592,1.0702697,1.0682796,1.06790726101786,1.5701123,1.5480819,1750,1750,train
289,1.0688848,1.0705109,1.071619,1.0690265,1.0677748850192106,1.5701119,1.5410063,1750,1750,train
290,1.0689082,1.069179,1.0699334,1.067643,1.0676839272809218,1.5701114,1.5390185,1750,1750,train
291,1.0689278,1.0697392,1.0699545,1.0679545,1.0675561952683617,1.5701109,1.5505033,1750,1750,train
292,1.0688587,1.069972,1.0707339,1.0683707,1.067500092953037,1.5701104,1.5393903,1750,1750,train
293,1.0683194,1.0698138,1.0720787,1.0689657,1.067453544229864,1.57011,1.5523775,1750,1750,train
294,1.0683221,1.066336,1.0667137,1.0648949,1.0673989861377813,1.5701095,1.5427172,1750,1750,train
295,1.0683273,1.0674329,1.0677757,1.0658988,1.067348743330715,1.570109,1.5475814,1750,1750,train
296,1.0684339,1.0694437,1.0725454,1.0690238,1.0673428675080998,1.5701085,1.5557053,1750,1750,train
297,1.0683863,1.0696048,1.0721245,1.0689197,1.067348276478742,1.570108,1.5593321,1750,1750,train
298,1.0684993,1.0681978,1.0721126,1.0682204,1.067418046466238,1.5701076,1.5460894,1750,1750,train
299,1.0683279,1.0682658,1.068508,1.0666327,1.0675322567420835,1.5701071,1.5526544,1750,1750,train
300,1.0683224,1.067022,1.068096,1.0658814,1.0675836428825864,1.5701066,1.5532863,1750,1750,train
301,1.0683463,1.0661991,1.0670103,1.0650077,1.067581891900122,1.5701061,1.5524096,1750,1750,train
302,1.0683206,1.069618,1.0707839,1.0683014,1.067553513236207,1.5701057,1.5562651,1750,1750,train
303,1.0682949,1.0666528,1.0678858,1.065625,1.067570842177248,1.5701052,1.5551391,1750,1750,train
304,1.0683699,1.069341,1.071994,1.0688125,1.0674880835803962,1.5701047,1.5773065,1750,1750,train
305,1.0683252,1.0665338,1.0676154,1.0655321,1.0674935437244386,1.5701042,1.5761036,1750,1750,train
306,1.0683085,1.0681384,1.068626,1.066684,1.067370943854189,1.5701038,1.5663277,1750,1750,train
307,1.0677836,1.0686293,1.0680379,1.0666189,1.0673143069777218,1.5701033,1.5613773,1750,1750,train
308,1.0677712,1.0672843,1.0671133,1.0656155,1.0671911382435184,1.5701028,1.5689368,1750,1750,train
309,1.067757,1.0682181,1.0683486,1.066593,1.0671111133436504,1.5701023,1.5661707,1750,1750,train
310,1.0677649,1.0692668,1.068931,1.0672953,1.0669263803517746,1.5701019,1.5561359,1750,1750,train
311,1.067748,1.0685134,1.0702244,1.0676016,1.0668352208441554,1.5701014,1.5706183,1750,1750,train
312,1.0677686,1.0692939,1.0690504,1.0673671,1.0667533562697225,1.5701009,1.5573307,1750,1750,train
313,1.0672859,1.0671537,1.0706385,1.0671518,1.0667132000039563,1.5701004,1.5656055,1750,1750,train
314,1.067252,1.0696388,1.0711539,1.0685053,1.0666601941410845,1.5701,1.5625489,1750,1750,train
315,1.0672153,1.0670809,1.0703553,1.067017,1.0666496355473065,1.5700995,1.5724698,1750,1750,train
316,1.0672418,1.0689616,1.0717484,1.068537,1.0666422443148396,1.570099,1.5796117,1750,1750,train
317,1.0672023,1.0688778,1.0689359,1.0671271,1.0666520104661545,1.5700985,1.5577368,1750,1750,train
318,1.0673016,1.0688692,1.0699774,1.0676738,1.0666196691389982,1.570098,1.5763967,1750,1750,train
319,1.0672609,1.0689265,1.0700985,1.067752,1.06660034800765,1.5700976,1.5756049,1750,1750,train
320,1.0672255,1.06819,1.0718408,1.0681881,1.0665555486576475,1.570097,1.5696269,1750,1750,train
321,1.0672603,1.0687336,1.0687395,1.0669999,1.0664288200374188,1.5700965,1.5646701,1750,1750,train
322,1.0672437,1.0678719,1.068812,1.0666325,1.06639462833227,1.570096,1.5625563,1750,1750,train
323,1.0666927,1.0661331,1.0669066,1.0649894,1.0663613079007066,1.5700955,1.5669739,1750,1750,train
324,1.066723,1.0651901,1.0654739,1.0639141,1.0663174263615178,1.5700951,1.568887,1750,1750,train
325,1.0667245,1.0669372,1.0673181,1.0655358,1.066242343202297,1.5700946,1.565146,1750,1750,train
326,1.0666766,1.0665523,1.0663906,1.0649347,1.066074676183043,1.5700941,1.564512,1750,1750,train
327,1.066691,1.0662338,1.0665213,1.0648012,1.0658890474190459,1.5700936,1.5526254,1750,1750,train
328,1.06665,1.0646515,1.0657525,1.0637643,1.06579093995315,1.570093,1.5610049,1750,1750,train
329,1.066695,1.0670158,1.0678626,1.0658103,1.065650758471845,1.5700926,1.5627322,1750,1750,train
330,1.0666788,1.0647477,1.0655926,1.0637307,1.0655406515347892,1.5700921,1.559914,1750,1750,train
331,1.0666821,1.0679381,1.0682969,1.0664158,1.0653590700299929,1.5700916,1.5596768,1750,1750,train
332,1.0666462,1.0660267,1.0666782,1.064838,1.0652379547769906,1.5700911,1.5672717,1750,1750,train
333,1.0661899,1.0683986,1.0690266,1.0669637,1.0650938784442203,1.5700907,1.5609933,1750,1750,train
334,1.0666316,1.0660697,1.067117,1.065024,1.064939231869189,1.57009,1.5589014,1750,1750,train
335,1.0661,1.067989,1.0692362,1.0668949,1.0648203001748147,1.5700896,1.566401,1750,1750,train
336,1.0662972,1.0677695,1.0674812,1.0659684,1.0647011215455613,1.5700891,1.5600841,1750,1750,train
337,1.0661148,1.0677663,1.0681802,1.0663012,1.0646290802766945,1.5700886,1.5638297,1750,1750,train
338,1.0660664,1.0672886,1.0675591,1.0658014,1.0645635430006735,1.5700881,1.5640763,1750,1750,train
339,1.06609,1.066438,1.0674477,1.065303,1.064503332175756,1.5700876,1.5491885,1750,1750,train
340,1.0660671,1.065901,1.0665107,1.0646516,1.0644770269337114,1.5700871,1.5542694,1750,1750,train
341,1.0655392,1.0635943,1.0649883,1.0629406,1.0644582220105299,1.5700866,1.5625312,1750,1750,train
342,1.0655271,1.0627688,1.0640851,1.0621358,1.0644866341105053,1.5700861,1.5583615,1750,1750,train
343,1.0655082,1.0645325,1.0655781,1.0636258,1.0644785247493322,1.5700856,1.5598183,1750,1750,train
344,1.0655338,1.06459,1.0656524,1.0637175,1.0645265025339947,1.570085,1.5676414,1750,1750,train
345,1.0655591,1.0646242,1.0659431,1.0638683,1.0645973939350417,1.5700846,1.5682682,1750,1750,train
346,1.0655171,1.0646775,1.0662512,1.0640354,1.0646706594016866,1.5700841,1.5688223,1750,1750,train
347,1.0655793,1.0652906,1.0653073,1.0638713,1.0646886941290097,1.5700836,1.56581,1750,1750,train
348,1.0655371,1.0646557,1.0659763,1.0639048,1.064713241362778,1.570083,1.5699749,1750,1750,train
349,1.0655591,1.065195,1.0650076,1.0636706,1.0646437130097497,1.5700825,1.5607842,1750,1750,train
350,1.0655705,1.0646327,1.0639687,1.0629667,1.0646036637242557,1.5700821,1.5672572,1750,1750,train
351,1.0655382,1.0664508,1.0668787,1.065119,1.064601957796633,1.5700815,1.5664265,1750,1750,train
352,1.064994,1.0660709,1.066151,1.0646313,1.0645959097714215,1.570081,1.5707177,1750,1750,train
353,1.0650134,1.0655855,1.0673115,1.0649627,1.0645195708738735,1.5700805,1.5763179,1750,1750,train
354,1.06499,1.0648581,1.0653428,1.063709,1.0644171522218013,1.57008,1.5703402,1750,1750,train
355,1.0650092,1.0659288,1.0693134,1.0660464,1.0643789277465008,1.5700794,1.5797236,1750,1750,train
356,1.0650613,1.0656745,1.0685056,1.0655471,1.064280248654389,1.570079,1.575993,1750,1750,train
357,1.0650492,1.0658705,1.0664326,1.0646683,1.0642284189021758,1.5700785,1.5706218,1750,1750,train
358,1.0650855,1.0664524,1.0676664,1.065517,1.0641576700964892,1.5700779,1.5757787,1750,1750,train
359,1.0649908,1.0652548,1.06758,1.064938,1.064139609596155,1.5700774,1.577076,1750,1750,train
360,1.0649205,1.0634929,1.0688287,1.0646944,1.0640595434594693,1.570077,1.5741332,1750,1750,train
361,1.064406,1.0652919,1.069053,1.0656413,1.064111803549414,1.5700763,1.5806161,1750,1750,train
362,1.0644803,1.0641102,1.0681728,1.064699,1.0641428007539608,1.5700759,1.5799053,1750,1750,train
363,1.0644264,1.0639458,1.0679237,1.0645111,1.0641432942672968,1.5700754,1.580041,1750,1750,train
364,1.0644757,1.0642532,1.0672514,1.0643233,1.0640913263425822,1.5700748,1.5748546,1750,1750,train
365,1.0644042,1.0644522,1.0683082,1.0649083,1.0640727637154073,1.5700743,1.5778505,1750,1750,train
366,1.0644306,1.0625731,1.0670997,1.0634774,1.0640402686061345,1.5700738,1.5718365,1750,1750,train
367,1.0644215,1.0629265,1.0670787,1.0636133,1.063924198023814,1.5700732,1.5680206,1750,1750,train
368,1.0638837,1.0647035,1.0655624,1.0637286,1.0637783371915142,1.5700728,1.5677817,1750,1750,train
369,1.0639294,1.0635577,1.0639937,1.0624962,1.063662226074417,1.5700722,1.5690435,1750,1750,train
370,1.063875,1.0615203,1.0645702,1.0618345,1.0635118621232875,1.5700717,1.5695455,1750,1750,train
371,1.063867,1.0623223,1.0647545,1.0623031,1.063362263842551,1.5700712,1.5744262,1750,1750,train
372,1.0639013,1.0638638,1.0652463,1.063204,1.063254911174985,1.5700706,1.5682117,1750,1750,train
373,1.0638579,1.0625612,1.0655512,1.0627558,1.063086801119155,1.5700701,1.569536,1750,1750,train
374,1.0639223,1.0655828,1.0661217,1.0643877,1.0629397370153042,1.5700696,1.568681,1750,1750,train
375,1.0639222,1.0617294,1.0648957,1.0620745,1.0627498308090093,1.5700691,1.5686235,1750,1750,train
376,1.0638666,1.0621198,1.0643779,1.0619915,1.062563224760511,1.5700685,1.5626134,1750,1750,train
377,1.0638831,1.0606725,1.0640111,1.0611699,1.0624138544919437,1.570068,1.5637146,1750,1750,train
378,1.0633434,1.0625064,1.0664598,1.0631166,1.0622715895063775,1.5700674,1.562309,1750,1750,train
379,1.0633211,1.0627342,1.0654742,1.0627117,1.0621299554695054,1.5700669,1.5479492,1750,1750,train
380,1.0633548,1.0626228,1.0648655,1.0623655,1.0619976088620793,1.5700665,1.5436617,1750,1750,train
381,1.0633875,1.0625851,1.0643011,1.0620766,1.0618798840304664,1.5700659,1.5402464,1750,1750,train
382,1.0633662,1.0631506,1.0658573,1.0630575,1.0617679888001579,1.5700654,1.543417,1750,1750,train
383,1.0633272,1.061996,1.0650486,1.0621439,1.0616603198333463,1.5700648,1.5387976,1750,1750,train
384,1.0633205,1.0605738,1.0671474,1.0625311,1.0617227187909595,1.5700643,1.5573955,1750,1750,train
385,1.0633022,1.0611713,1.0673171,1.0628599,1.0617130343032328,1.5700637,1.5523379,1750,1750,train
386,1.0627574,1.0621829,1.0604832,1.060199,1.0616940506160697,1.5700632,1.5521368,1750,1750,train
387,1.062791,1.0623913,1.0594567,1.0597858,1.0616771528633107,1.5700626,1.5425957,1750,1750,train
388,1.0627581,1.0628328,1.0616722,1.061014,1.0616612550223787,1.5700622,1.5463617,1750,1750,train
389,1.0627491,1.0634446,1.0641162,1.0624368,1.0616556012310823,1.5700616,1.5533013,1750,1750,train
390,1.0627041,1.0623984,1.0617784,1.0608665,1.061684255764772,1.5700611,1.5467367,1750,1750,train
391,1.0627897,1.062525,1.0608419,1.0604763,1.0616972270310112,1.5700605,1.5418488,1750,1750,train
392,1.062742,1.0620458,1.0627857,1.0612209,1.061641072365017,1.5700599,1.5601859,1750,1750,train
393,1.0622163,1.060551,1.0635542,1.0608541,1.061608284904203,1.5700594,1.5509778,1750,1750,train
394,1.0622277,1.0603448,1.0636653,1.0608013,1.0616298075718331,1.5700588,1.548592,1750,1750,train
395,1.0621737,1.0617596,1.0643706,1.0617853,1.061540215025489,1.5700583,1.553066,1750,1750,train
396,1.0622329,1.0613594,1.0648392,1.0617764,1.0614577569562575,1.5700577,1.5431219,1750,1750,train
397,1.0622203,1.0598854,1.0630711,1.0602787,1.0614078634011688,1.5700573,1.5383329,1750,1750,train
398,1.0622239,1.0613338,1.0653715,1.0619881,1.0613676849860039,1.5700567,1.538348,1750,1750,train
399,1.0622323,1.0609897,1.0640386,1.0612181,1.0613260287363895,1.5700561,1.5371665,1750,1750,train
400,1.0622543,1.060736,1.0667328,1.0623841,1.0613412092856644,1.5700556,1.5496544,1750,1750,train
401,1.0622184,1.0606472,1.0648896,1.0614592,1.0612981565573711,1.570055,1.539199,1750,1750,train
402,1.0622331,1.0607501,1.066748,1.0623955,1.0612907095936361,1.5700545,1.5491481,1750,1750,train
403,1.0622458,1.0609847,1.0654888,1.0619433,1.06124015501279,1.5700539,1.5530529,1750,1750,train
404,1.062202,1.0618039,1.0659875,1.06255,1.0612314558722364,1.5700533,1.5545897,1750,1750,train
405,1.0622272,1.0599885,1.064829,1.0611267,1.061238746945031,1.5700529,1.5379577,1750,1750,train
406,1.0616434,1.061665,1.0679318,1.0633144,1.0612531337719682,1.5700523,1.5399554,1750,1750,train
407,1.0616584,1.0622356,1.0675104,1.063385,1.0612537315141153,1.5700517,1.5407628,1750,1750,train
408,1.0616636,1.0612061,1.0675975,1.0629793,1.061269713338071,1.5700512,1.5463669,1750,1750,train
409,1.0616297,1.0573606,1.060928,1.0581856,1.0612448128128886,1.5700506,1.5466969,1750,1750,train
410,1.0615871,1.0614955,1.0607091,1.0599523,1.0612393386874264,1.57005,1.5430802,1750,1750,train
411,1.0616305,1.0612937,1.0612752,1.06007,1.06121397657828,1.5700495,1.5312796,1750,1750,train
412,1.0615977,1.0614403,1.06349,1.061221,1.061152567004577,1.5700489,1.5489143,1750,1750,train
413,1.0611068,1.0598354,1.0638311,1.0606065,1.0610225075689537,1.5700483,1.5391953,1750,1750,train
414,1.0610777,1.0587595,1.064157,1.0602599,1.0609241045086264,1.5700479,1.5378036,1750,1750,train
415,1.0610783,1.058021,1.0620066,1.0589305,1.060853182846905,1.5700473,1.5350442,1750,1750,train
416,1.061099,1.0609249,1.0617654,1.060135,1.0607564114598464,1.5700467,1.533406,1750,1750,train
417,1.0611063,1.060706,1.064449,1.0613215,1.0606566090586722,1.5700462,1.5481361,1750,1750,train
418,1.0611147,1.0603741,1.0638616,1.0609075,1.0606149956308688,1.5700456,1.5494118,1750,1750,train
419,1.0611371,1.0583767,1.0624115,1.0592694,1.060519338002413,1.570045,1.5331368,1750,1750,train
420,1.0605115,1.0604986,1.0659839,1.0619096,1.0604439366835376,1.5700444,1.5436462,1750,1750,train
421,1.0605391,1.0588036,1.0659825,1.061115,1.0603849699943673,1.5700439,1.5381708,1750,1750,train
422,1.060523,1.0588385,1.064511,1.0604316,1.060332006812898,1.5700433,1.5315446,1750,1750,train
423,1.0605848,1.0588537,1.0659918,1.0611014,1.0602165449515688,1.5700427,1.528352,1750,1750,train
424,1.0605841,1.0593895,1.06486,1.0609082,1.0601659271546156,1.5700421,1.5476743,1750,1750,train
425,1.0605946,1.0593785,1.0648984,1.0609335,1.0601034235685678,1.5700417,1.5507885,1750,1750,train
426,1.0605559,1.059009,1.0651826,1.060867,1.060047760628405,1.5700411,1.543919,1750,1750,train
427,1.0605222,1.0571294,1.0640572,1.0594854,1.0600030028257386,1.5700405,1.5409213,1750,1750,train
428,1.0604756,1.060002,1.0620123,1.059864,1.0599665348790277,1.5700399,1.5421728,1750,1750,train
429,1.0605725,1.0579065,1.0651625,1.0603366,1.0599381097021858,1.5700393,1.5391666,1750,1750,train
430,1.0599765,1.059366,1.0618163,1.059467,1.059957416827813,1.5700388,1.5377755,1750,1750,train
431,1.0599638,1.059242,1.0603212,1.0587538,1.0599295448243047,1.5700382,1.5440911,1750,1750,train
432,1.0599762,1.0589427,1.060445,1.0586954,1.0600020840887705,1.5700376,1.5492783,1750,1750,train
433,1.0599594,1.058179,1.0618743,1.0590405,1.060060467848862,1.570037,1.5590566,1750,1750,train
434,1.0599442,1.0591141,1.0621397,1.0595143,1.0601593710730155,1.5700364,1.5412126,1750,1750,train
435,1.0599773,1.0585622,1.0619948,1.0592338,1.0600932180474913,1.5700358,1.550196,1750,1750,train
436,1.0598791,1.0603162,1.0628178,1.0604093,1.0600324856869952,1.5700353,1.5505602,1750,1750,train
437,1.0599481,1.0575261,1.0622746,1.0589006,1.0600216375498408,1.5700347,1.5527564,1750,1750,train
438,1.059926,1.0601572,1.0631562,1.0604578,1.0599951880491378,1.5700341,1.5423641,1750,1750,train
439,1.0593737,1.0591569,1.0642791,1.060489,1.0599796627166471,1.5700336,1.5359992,1750,1750,train
440,1.059441,1.0587751,1.0660381,1.0611913,1.05994748544841,1.570033,1.5537391,1750,1750,train
441,1.0594059,1.0587218,1.0650986,1.060725,1.0598468797933387,1.5700324,1.5505236,1750,1750,train
442,1.0594069,1.0575455,1.0655204,1.0603976,1.0597674162509847,1.5700318,1.5542607,1750,1750,train
443,1.059405,1.0569147,1.063131,1.0589979,1.0597380116646173,1.5700312,1.5489695,1750,1750,train
444,1.059461,1.0590018,1.0640256,1.060336,1.0597227400930052,1.5700307,1.5440652,1750,1750,train
445,1.0594214,1.0562255,1.0649792,1.0594819,1.0596520958266482,1.5700301,1.5377065,1750,1750,train
446,1.0594568,1.0575665,1.0643572,1.0598475,1.059661141524421,1.5700295,1.5472754,1750,1750,train
447,1.0594226,1.0571427,1.0644091,1.0597055,1.0596347969815718,1.5700289,1.5539224,1750,1750,train
448,1.0593919,1.0573347,1.0655681,1.0603085,1.0596178605328437,1.5700283,1.5505912,1750,1750,train
449,1.0593518,1.0572072,1.0646583,1.0598391,1.059621314329649,1.5700277,1.5516013,1750,1750,train
450,1.0594319,1.0563477,1.0648834,1.0595205,1.0596293978476066,1.5700271,1.5442194,1750,1750,train
451,1.059414,1.0588878,1.0648106,1.060633,1.05963372621489,1.5700265,1.5417243,1750,1750,train
452,1.0593873,1.0587735,1.0626272,1.0595574,1.0596520812511934,1.5700259,1.5352966,1750,1750,train
453,1.0594044,1.0576293,1.0655384,1.0604273,1.0596682397492083,1.5700253,1.5501931,1750,1750,train
454,1.059393,1.0587623,1.0637037,1.0600253,1.059671455038329,1.5700247,1.5308182,1750,1750,train
455,1.0594534,1.0564142,1.0642544,1.0592529,1.0597399214109908,1.5700241,1.5415955,1750,1750,train
456,1.0593884,1.0568775,1.0643549,1.0595655,1.0597538418368813,1.5700235,1.5552843,1750,1750,train
457,1.0588423,1.0579845,1.0609583,1.0585039,1.0597529439343352,1.570023,1.5517333,1750,1750,train
458,1.0587238,1.0594332,1.0616173,1.059452,1.059664165029397,1.5700223,1.5488126,1750,1750,train
459,1.0588496,1.0574242,1.0604728,1.0580225,1.0596215217720117,1.5700217,1.5505803,1750,1750,train
460,1.0588359,1.0574893,1.061736,1.0586152,1.05959695469208,1.5700212,1.5472394,1750,1750,train
461,1.058839,1.0600724,1.0620003,1.0598763,1.0595399753626338,1.5700206,1.5387154,1750,1750,train
462,1.0587806,1.0567801,1.061346,1.0581189,1.0595195606563665,1.57002,1.5483236,1750,1750,train
463,1.0588212,1.0587698,1.0628616,1.0597383,1.0594465301844997,1.5700194,1.5536824,1750,1750,train
464,1.0582675,1.0579362,1.0616938,1.0588268,1.0594238738743011,1.5700188,1.5539443,1750,1750,train
465,1.058261,1.0579294,1.0620135,1.0589609,1.0593969957774687,1.5700182,1.5517836,1750,1750,train
466,1.0582978,1.0583992,1.0634601,1.0598078,1.0594007827198069,1.5700175,1.5450941,1750,1750,train
467,1.0582647,1.058793,1.0640266,1.0602633,1.0593954724723533,1.5700169,1.5493759,1750,1750,train
468,1.058284,1.0586346,1.0635408,1.0599701,1.0593622661197784,1.5700163,1.5495596,1750,1750,train
469,1.0582942,1.0577275,1.0629851,1.0592834,1.0592550233054534,1.5700157,1.5446421,1750,1750,train
470,1.0583017,1.0582292,1.0629746,1.0594916,1.0591749770446326,1.5700151,1.540948,1750,1750,train
471,1.0582933,1.0562671,1.0603389,1.0573999,1.0591133644649269,1.5700145,1.5420868,1750,1750,train
472,1.0582644,1.0588845,1.0639943,1.0602956,1.059034885276088,1.5700139,1.550708,1750,1750,train
473,1.0582737,1.0580744,1.0631328,1.0595233,1.0589796317150277,1.5700133,1.5482137,1750,1750,train
474,1.0582479,1.0580915,1.0634953,1.0596776,1.05892177486383,1.5700126,1.543578,1750,1750,train
475,1.0582778,1.0578116,1.0635976,1.0595641,1.05885155164396,1.570012,1.5356203,1750,1750,train
476,1.0582633,1.0581353,1.0641383,1.0599762,1.058820478365153,1.5700114,1.5399607,1750,1750,train
477,1.0577079,1.0566232,1.0651671,1.059712,1.058814410415473,1.5700108,1.5288622,1750,1750,train
478,1.0577129,1.0571764,1.0615228,1.0583949,1.0588083950459763,1.5700102,1.5519692,1750,1750,train
479,1.0577277,1.0550005,1.0651463,1.0590471,1.0587865384551676,1.5700096,1.5489943,1750,1750,train
480,1.0577257,1.0579716,1.0582894,1.0571085,1.0587690724567906,1.5700089,1.5107267,1750,1750,train
481,1.05775,1.056735,1.0607883,1.0577437,1.058707443948851,1.5700083,1.52415,1750,1750,train
482,1.0577517,1.0555419,1.0604142,1.0570416,1.058667607576241,1.5700077,1.5269902,1750,1750,train
483,1.0576862,1.0590414,1.0624954,1.0595869,1.0586007812068372,1.5700071,1.527544,1750,1750,train
484,1.0577683,1.0587487,1.0596272,1.0581236,1.0585439656257916,1.5700065,1.5227164,1750,1750,train
485,1.0577048,1.0573212,1.0599976,1.0576355,1.0584171221975314,1.5700058,1.5208848,1750,1750,train
486,1.057728,1.0579034,1.0605417,1.058138,1.0582983877335208,1.5700052,1.5182679,1750,1750,train
487,1.057154,1.0563763,1.0614489,1.0578802,1.05822878599829,1.5700046,1.5236974,1750,1750,train
488,1.0571463,1.05556,1.0623403,1.0579245,1.0580919437109708,1.570004,1.525798,1750,1750,train
489,1.0571895,1.0557758,1.0612773,1.057524,1.058018975658664,1.5700033,1.522615,1750,1750,train
490,1.0571231,1.0549201,1.0623556,1.0575919,1.0579291228764616,1.5700027,1.5142537,1750,1750,train
491,1.0572227,1.0557142,1.0608507,1.0572128,1.0578572054638564,1.5700021,1.501666,1750,1750,train
492,1.0566062,1.054892,1.0612617,1.0570084,1.0578121660859805,1.5700014,1.4974368,1750,1750,train
493,1.0566489,1.0547696,1.0624439,1.057565,1.0577870640236817,1.5700008,1.5145226,1750,1750,train
494,1.0565792,1.055366,1.0641855,1.0586226,1.0577468925884257,1.5700002,1.5123588,1750,1750,train
495,1.0566598,1.0556062,1.0651168,1.0591403,1.0577262328643924,1.5699995,1.5083447,1750,1750,train
496,1.0566596,1.0553057,1.0622548,1.057732,1.05768885702995,1.5699989,1.5167525,1750,1750,train
497,1.056648,1.0559485,1.06366,1.0586574,1.0576266714253462,1.5699983,1.5146531,1750,1750,train
498,1.0566484,1.055001,1.0625659,1.0577501,1.057591825739153,1.5699975,1.5202646,1750,1750,train
499,1.0566522,1.056011,1.0632763,1.058508,1.0575104487863105,1.569997,1.5140389,1750,1750,train
500,1.0566143,1.0550423,1.0644946,1.0586381,1.0574874081355772,1.5699964,1.517517,1750,1750,train
501,1.0566814,1.054028,1.06188,1.0569541,1.0574383801513387,1.5699956,1.5107566,1750,1750,train
502,1.0560812,1.0560365,1.0603253,1.0571302,1.0573720549232182,1.569995,1.5041773,1750,1750,train
503,1.0560973,1.0560004,1.0575339,1.0558898,1.0573102564052104,1.5699944,1.5162946,1750,1750,train
504,1.0560793,1.0561637,1.0601958,1.0571424,1.057223788484771,1.5699937,1.5073633,1750,1750,train
505,1.0560544,1.0558957,1.0592006,1.0565759,1.0571740057252785,1.5699931,1.5097377,1750,1750,train
506,1.056093,1.056311,1.0601808,1.0572007,1.057036108251191,1.5699924,1.5069207,1750,1750,train
507,1.0560858,1.0563835,1.058897,1.0566553,1.0568954928571446,1.5699918,1.5088055,1750,1750,train
508,1.0560757,1.0563335,1.0579844,1.0562432,1.056742578039451,1.5699912,1.5153424,1750,1750,train
509,1.0560954,1.0546566,1.0604845,1.0565873,1.0566600308622953,1.5699905,1.5071028,1750,1750,train
510,1.0560309,1.0545582,1.0622011,1.0573475,1.056559127560672,1.5699899,1.512059,1750,1750,train
511,1.0555156,1.054729,1.0623766,1.0574957,1.0564610215312602,1.5699892,1.5097644,1750,1750,train
512,1.0555445,1.0541167,1.062265,1.0570873,1.056424515847137,1.5699886,1.4912133,1750,1750,train
513,1.0555221,1.0542642,1.0632284,1.0575833,1.056392480561325,1.5699879,1.4886107,1750,1750,train
514,1.0555129,1.053549,1.0626768,1.0569971,1.0562816108889477,1.5699873,1.4865433,1750,1750,train
515,1.0555264,1.0528312,1.0625899,1.0566103,1.0562165978081617,1.5699866,1.481825,1750,1750,train
516,1.054937,1.0551059,1.0588964,1.0559261,1.0560940654148685,1.569986,1.4743395,1750,1750,train
517,1.054997,1.0549366,1.0585629,1.0556799,1.0559951099345515,1.5699853,1.4704764,1750,1750,train
518,1.0549619,1.055356,1.0574398,1.0553834,1.0558771340719197,1.5699847,1.4764314,1750,1750,train
519,1.0549488,1.055734,1.0574964,1.0555662,1.0557609456600907,1.569984,1.4729334,1750,1750,train
520,1.0549805,1.0551134,1.0545532,1.0539852,1.0557032099406953,1.5699834,1.4836165,1750,1750,train
521,1.0549793,1.0549623,1.0556935,1.0544068,1.0556642388419184,1.5699826,1.4764998,1750,1750,train
522,1.0550195,1.0555804,1.0565885,1.0550971,1.0555844594458448,1.569982,1.4765579,1750,1750,train
523,1.0549896,1.0562758,1.0555143,1.054925,1.0555286730868454,1.5699813,1.4770501,1750,1750,train
524,1.0550116,1.0555354,1.0580901,1.0558225,1.0554409804555982,1.5699806,1.4904133,1750,1750,train
525,1.0550209,1.0561326,1.0535415,1.0539691,1.0554009715293708,1.56998,1.4795513,1750,1750,train
526,1.0550187,1.055987,1.0551351,1.0546358,1.0553787736763531,1.5699793,1.4806156,1750,1750,train
527,1.0549763,1.0542656,1.0594076,1.0557775,1.055310310724792,1.5699787,1.47442,1750,1750,train
528,1.0550282,1.054561,1.0588921,1.0556498,1.055238139678216,1.569978,1.4682665,1750,1750,train
529,1.0549968,1.0540116,1.0586654,1.0552863,1.0551372084974582,1.5699773,1.4660059,1750,1750,train
530,1.0549867,1.0535896,1.057751,1.0546778,1.0550628858756295,1.5699767,1.4663205,1750,1750,train
531,1.054455,1.0536985,1.0596837,1.0556487,1.055007510259313,1.569976,1.475132,1750,1750,train
532,1.0544167,1.0535877,1.061509,1.056348,1.0549544633243333,1.5699753,1.4558239,1750,1750,train
533,1.0544599,1.0532918,1.0612482,1.056081,1.0549114450905623,1.5699747,1.4528261,1750,1750,train
534,1.0544628,1.0540485,1.061154,1.0564601,1.0548597148553838,1.569974,1.4706192,1750,1750,train
535,1.0543662,1.0535047,1.0605441,1.055953,1.0548146756422179,1.5699732,1.4750168,1750,1750,train
536,1.0544037,1.0536289,1.0593175,1.0554297,1.0547750758061765,1.5699726,1.4705075,1750,1750,train
537,1.0544211,1.0526749,1.0565406,1.0537035,1.0547379112159199,1.5699719,1.4651722,1750,1750,train
538,1.0537508,1.0543852,1.0532223,1.0529693,1.0547393394241593,1.5699712,1.4660311,1750,1750,train
539,1.0538427,1.0529377,1.06028,1.0555569,1.0547732942741206,1.5699706,1.4709884,1750,1750,train
540,1.0537938,1.0547566,1.0539919,1.0535128,1.0547880109685985,1.5699699,1.47127,1750,1750,train
541,1.0538372,1.0522934,1.0606157,1.0554237,1.054843148287843,1.5699692,1.4725332,1750,1750,train
542,1.0538324,1.0547559,1.0554329,1.0541937,1.0548633147226536,1.5699685,1.476486,1750,1750,train
543,1.0532613,1.052532,1.0582994,1.0544522,1.0548760920095193,1.5699679,1.467496,1750,1750,train
544,1.0533013,1.0524223,1.0593079,1.054889,1.0548556948272794,1.5699672,1.4734579,1750,1750,train
545,1.0532938,1.0527512,1.057215,1.0540463,1.054861557699935,1.5699664,1.4651488,1750,1750,train
546,1.0533286,1.0525415,1.0574886,1.0541221,1.0547719460499705,1.5699657,1.4758039,1750,1750,train
547,1.0533041,1.0535388,1.0567697,1.054262,1.054683532395448,1.5699651,1.4791256,1750,1750,train
548,1.0532564,1.0524217,1.0586585,1.0545635,1.0546330234445769,1.5699644,1.466922,1750,1750,train
549,1.0532701,1.0522275,1.0599161,1.0550343,1.0545820639020864,1.5699637,1.4633799,1750,1750,train
550,1.0532861,1.0528436,1.0579844,1.0544719,1.054573366125113,1.569963,1.472506,1750,1750,train
551,1.0533152,1.0522312,1.0583667,1.0543436,1.0544721946707674,1.5699623,1.4669366,1750,1750,train
552,1.0533016,1.0525186,1.0582315,1.0544504,1.0543798943516596,1.5699615,1.4756219,1750,1750,train
553,1.0532796,1.0521889,1.0596169,1.0549022,1.054358525919773,1.569961,1.4684559,1750,1750,train
554,1.0532936,1.0530367,1.0583147,1.054726,1.054319583596583,1.5699602,1.4760406,1750,1750,train
555,1.0533197,1.0523822,1.0600787,1.0552074,1.054334979856106,1.5699595,1.4698901,1750,1750,train
556,1.053341,1.0511078,1.059024,1.0541553,1.0543133986166415,1.5699588,1.4721735,1750,1750,train
557,1.0532756,1.0520952,1.0594856,1.0548464,1.0542860428537022,1.5699581,1.4792752,1750,1750,train
558,1.0527098,1.0505881,1.0594453,1.0541298,1.0543003469126864,1.5699574,1.4764454,1750,1750,train
559,1.0527073,1.0518289,1.0580724,1.0540268,1.054302980919825,1.5699567,1.4671038,1750,1750,train
560,1.0526973,1.0519493,1.0582153,1.054173,1.0543141690204123,1.569956,1.4731269,1750,1750,train
561,1.052767,1.0498174,1.0620089,1.0549992,1.054316730282586,1.5699552,1.4878447,1750,1750,train
562,1.052718,1.0520344,1.0610198,1.0555575,1.0543076775806024,1.5699546,1.488109,1750,1750,train
563,1.0520426,1.0534443,1.0567019,1.0542507,1.0542727302523498,1.5699539,1.4937022,1750,1750,train
564,1.052136,1.0527512,1.0568122,1.0539244,1.0541920665922295,1.5699532,1.4794664,1750,1750,train
565,1.0521874,1.0522935,1.0580467,1.0542924,1.0541495523106066,1.5699525,1.4823005,1750,1750,train
566,1.0521699,1.052962,1.0537876,1.0526392,1.0540312651440222,1.5699518,1.479666,1750,1750,train
567,1.0521874,1.0514904,1.0561463,1.0530457,1.0539698019505752,1.569951,1.4793278,1750,1750,train
568,1.0521412,1.053085,1.0542446,1.0529141,1.053904919595254,1.5699503,1.4820055,1750,1750,train
569,1.0521988,1.0527387,1.0560943,1.053631,1.0538159517602383,1.5699496,1.4888171,1750,1750,train
570,1.0521679,1.0516002,1.0554652,1.0528057,1.0537277092309494,1.5699489,1.4842153,1750,1750,train
571,1.0516282,1.0507237,1.0595217,1.0542885,1.0536493438726844,1.5699482,1.4908739,1750,1750,train
572,1.0516222,1.0500833,1.0607439,1.0545549,1.0535197616279401,1.5699475,1.4907825,1750,1750,train
573,1.0516136,1.0511987,1.0581831,1.0539184,1.0534067394487558,1.5699468,1.4967638,1750,1750,train
574,1.0516001,1.0513862,1.0575207,1.0536939,1.0532707579962095,1.5699459,1.495042,1750,1750,train
575,1.0516394,1.0508704,1.0567924,1.053092,1.0531603716386704,1.5699452,1.4870356,1750,1750,train
576,1.0515158,1.0516887,1.0585232,1.0542883,1.0530855759599052,1.5699445,1.4947867,1750,1750,train
577,1.0516343,1.0509639,1.0598848,1.0546011,1.0530079622204096,1.5699438,1.4996216,1750,1750,train
578,1.0516164,1.0507951,1.0574157,1.0533749,1.0529274806157638,1.5699431,1.4945958,1750,1750,train
579,1.0516162,1.0504718,1.0589854,1.0539286,1.052833825251906,1.5699424,1.4908059,1750,1750,train
580,1.0510458,1.0529021,1.0516362,1.0516028,1.0527670994228973,1.5699416,1.4736831,1750,1750,train
581,1.0510113,1.053548,1.0513971,1.0518553,1.052782327041332,1.5699409,1.4893337,1750,1750,train
582,1.0510402,1.0519596,1.0550417,1.052805,1.0527194729774347,1.5699402,1.491022,1750,1750,train
583,1.0510116,1.0526549,1.0526998,1.052084,1.0526990538186063,1.5699394,1.498645,1750,1750,train
584,1.051099,1.0523076,1.0534304,1.052221,1.052660540974498,1.5699387,1.4895694,1750,1750,train
585,1.0509969,1.0525273,1.0536705,1.0523894,1.0526232836770057,1.569938,1.4800011,1750,1750,train
586,1.0510309,1.0514746,1.0543302,1.0522778,1.0525962919116083,1.5699372,1.4953653,1750,1750,train
587,1.0510488,1.0526029,1.0529563,1.0521557,1.0525582683334869,1.5699365,1.4935498,1750,1750,train
588,1.05106,1.0514958,1.0515467,1.050994,1.0525556263581812,1.5699358,1.4903369,1750,1750,train
589,1.0510279,1.0516626,1.0516757,1.0511804,1.0525059300523574,1.569935,1.5023683,1750,1750,train
590,1.0504115,1.0509335,1.0546684,1.0521567,1.0524183786042884,1.5699342,1.4885075,1750,1750,train
591,1.0504671,1.0514541,1.0549443,1.0525756,1.0524209628799108,1.5699335,1.5016,1750,1750,train
592,1.0504936,1.0500765,1.0561036,1.0524848,1.0522992223188452,1.5699328,1.5031271,1750,1750,train
593,1.0505122,1.051046,1.0525702,1.0512532,1.0522080824764792,1.569932,1.4894637,1750,1750,train
594,1.0504452,1.0493934,1.0559438,1.0521,1.0521226393363254,1.5699313,1.502903,1750,1750,train
595,1.0504072,1.0495192,1.0567085,1.0524919,1.0520397781307576,1.5699306,1.4994692,1750,1750,train
596,1.0504593,1.0508904,1.0524763,1.0511835,1.051949409386103,1.5699297,1.4997214,1750,1750,train
597,1.0504524,1.0501072,1.0568398,1.0528442,1.0518716912719879,1.569929,1.5052565,1750,1750,train
598,1.0498862,1.0504801,1.0555619,1.0524259,1.0518112646504176,1.5699283,1.504267,1750,1750,train
599,1.0499456,1.0497385,1.0590298,1.053643,1.051748256002457,1.5699276,1.497318,1750,1750,train
600,1.0498691,1.0497559,1.058992,1.0535804,1.0516927161652119,1.5699267,1.4848669,1750,1750,train
601,1.0498217,1.0486853,1.0565897,1.0519862,1.0516273676788597,1.569926,1.4826988,1750,1750,train
602,1.0501801,1.0476648,1.057376,1.0519158,1.0516106795690927,1.5699252,1.4907835,1750,1750,train
603,1.049878,1.0466009,1.0588425,1.0521108,1.0515985191873976,1.5699245,1.4929734,1750,1750,train
604,1.0499045,1.0487788,1.0591224,1.0531979,1.0515308943433772,1.5699238,1.4854889,1750,1750,train
605,1.0498948,1.047661,1.0583111,1.0523634,1.0515469448701613,1.5699229,1.4959849,1750,1750,train
606,1.0495746,1.05166,1.0493757,1.0500643,1.0514946021472713,1.5699222,1.4874902,1750,1750,train
607,1.0499119,1.0496621,1.0545365,1.051557,1.0514334088832509,1.5699215,1.4976759,1750,1750,train
608,1.0498825,1.0488092,1.0536546,1.0507638,1.0514427947118667,1.5699207,1.4972036,1750,1750,train
609,1.049283,1.0519125,1.0500723,1.0505428,1.051398407206212,1.56992,1.4980216,1750,1750,train
610,1.0493329,1.0511751,1.0499791,1.0501692,1.0513437753917063,1.5699191,1.4990917,1750,1750,train
611,1.0493094,1.0498351,1.0503172,1.04969,1.051271098551474,1.5699184,1.4935244,1750,1750,train
612,1.0490518,1.050011,1.0525135,1.0508038,1.0512329609726687,1.5699176,1.5005466,1750,1750,train
613,1.0491055,1.0501056,1.0513414,1.0503054,1.051190298590062,1.5699168,1.4991744,1750,1750,train
614,1.0490538,1.0491016,1.0531663,1.0506899,1.0510629506399205,1.569916,1.5009732,1750,1750,train
615,1.0493315,1.0493836,1.0552046,1.0517526,1.0509545699005758,1.5699153,1.501668,1750,1750,train
616,1.0489879,1.0478799,1.0508744,1.0490332,1.050846378337023,1.5699145,1.4885089,1750,1750,train
617,1.0487763,1.0478331,1.0560387,1.0514404,1.0507499802252511,1.5699137,1.5046113,1750,1750,train
618,1.0487376,1.0482924,1.0539681,1.0507114,1.0506617159218852,1.5699129,1.5065047,1750,1750,train
619,1.0487449,1.0479926,1.0531808,1.0502125,1.0505235002611415,1.5699122,1.5058411,1750,1750,train
620,1.0487295,1.0475755,1.0547291,1.0507492,1.0504167351075226,1.5699114,1.5103747,1750,1750,train
621,1.048762,1.0476863,1.0531558,1.0500845,1.050364684347351,1.5699106,1.5112399,1750,1750,train
622,1.0487185,1.047481,1.0557227,1.0511717,1.0502720717927363,1.5699098,1.513113,1750,1750,train
623,1.0487665,1.0473841,1.0558926,1.0511882,1.050145503043481,1.569909,1.5091014,1750,1750,train
624,1.048765,1.0467778,1.0559822,1.0509421,1.0501034649509784,1.5699083,1.5064486,1750,1750,train
625,1.0487669,1.0464801,1.055697,1.0506539,1.0500954545533079,1.5699074,1.5012202,1750,1750,train
626,1.0484881,1.0453274,1.0563527,1.0504699,1.0500552300923431,1.5699066,1.5109024,1750,1750,train
627,1.0487804,1.0458719,1.0551664,1.0501307,1.0500155574330319,1.5699059,1.5002937,1750,1750,train
628,1.0487487,1.0472807,1.0546938,1.0505946,1.0499717780462325,1.569905,1.5093435,1750,1750,train
629,1.048738,1.0478014,1.0564511,1.0516404,1.0499319033880776,1.5699042,1.510781,1750,1750,train
630,1.0481772,1.049603,1.050244,1.0496042,1.0499445745236193,1.5699035,1.5060083,1750,1750,train
631,1.0481688,1.0506377,1.0488768,1.0494883,1.0499212938558131,1.5699027,1.5149437,1750,1750,train
632,1.0482334,1.0494826,1.0507492,1.049763,1.0498374297628434,1.5699018,1.5019528,1750,1750,train
633,1.0481977,1.0493363,1.047125,1.0480361,1.0497667444567798,1.5699011,1.5009813,1750,1750,train
634,1.0482144,1.0504318,1.0477008,1.0488168,1.0496699093324846,1.5699003,1.5054164,1750,1750,train
635,1.0482079,1.0492213,1.0493253,1.0490481,1.0495794534159189,1.5698994,1.514806,1750,1750,train
636,1.0479056,1.048737,1.0512513,1.0497173,1.0494340412419245,1.5698986,1.5170858,1750,1750,train
637,1.0482012,1.0492986,1.0475796,1.0482761,1.0493295154619064,1.5698979,1.5125545,1750,1750,train
638,1.0482209,1.0494223,1.0468493,1.0479859,1.0492176472088794,1.569897,1.509576,1750,1750,train
639,1.0476036,1.0475786,1.0517305,1.0493861,1.0491009247786398,1.5698962,1.5116913,1750,1750,train
640,1.0476308,1.0477365,1.0498773,1.0486008,1.0489928440808873,1.5698954,1.5091985,1750,1750,train
641,1.0476234,1.0467412,1.0525908,1.0493737,1.0488948501836504,1.5698947,1.5059317,1750,1750,train
642,1.0476868,1.0479598,1.0514444,1.0494357,1.0487243433727926,1.5698938,1.5133001,1750,1750,train
643,1.0476702,1.0477585,1.0510033,1.0491458,1.0486076687164538,1.569893,1.5140663,1750,1750,train
644,1.0475688,1.0470718,1.0525874,1.0495943,1.0484492506952932,1.5698922,1.5229033,1750,1750,train
645,1.0470467,1.0468255,1.0523678,1.04936,1.0482869470410077,1.5698913,1.5177065,1750,1750,train
646,1.0470822,1.0467465,1.0491666,1.0478551,1.048206825599679,1.5698905,1.5162376,1750,1750,train
647,1.0471234,1.0492473,1.0462896,1.047656,1.048127634130677,1.5698897,1.5109104,1750,1750,train
648,1.0470912,1.0472382,1.0545131,1.0505251,1.0480483578956052,1.5698888,1.5170152,1750,1750,train
649,1.0470538,1.0488675,1.0461799,1.047418,1.0480085583018515,1.5698881,1.5073544,1750,1750,train
650,1.0470471,1.0488741,1.0461963,1.0474751,1.047953261670566,1.5698873,1.518336,1750,1750,train
651,1.0470897,1.0446099,1.0532446,1.0487906,1.0478906744822163,1.5698864,1.5268893,1750,1750,train
652,1.0470796,1.048178,1.0465177,1.0473247,1.0478326989725613,1.5698856,1.5229867,1750,1750,train
653,1.0470868,1.0487722,1.0458001,1.0472639,1.0477656719300916,1.5698848,1.5221968,1750,1750,train
654,1.0470535,1.0480148,1.0464534,1.0472364,1.047703365455601,1.569884,1.5266649,1750,1750,train
655,1.0470287,1.0471609,1.0458227,1.0465462,1.0476862272753449,1.5698831,1.523478,1750,1750,train
656,1.0470767,1.0476238,1.0462443,1.0469828,1.0476156306073785,1.5698823,1.5313835,1750,1750,train
657,1.0471481,1.0473245,1.045479,1.0465213,1.0475351033592564,1.5698814,1.5372591,1750,1750,train
658,1.047116,1.0485432,1.0460632,1.0473361,1.0474602623637341,1.5698806,1.5356,1750,1750,train
659,1.0465449,1.0463197,1.0484666,1.0473822,1.047349084641095,1.5698798,1.5260272,1750,1750,train
660,1.0465261,1.0462078,1.0472344,1.0467701,1.047265693013727,1.5698789,1.5264677,1750,1750,train
661,1.0466098,1.0466704,1.0497278,1.0481263,1.0471802677810236,1.5698781,1.5279839,1750,1750,train
662,1.0465275,1.0457333,1.0459903,1.0459864,1.0471131822369233,1.5698773,1.5266533,1750,1750,train
663,1.0465121,1.0456508,1.048342,1.047059,1.047011963030278,1.5698763,1.5351772,1750,1750,train
664,1.0465871,1.0459591,1.0471689,1.0465825,1.0468816895855069,1.5698755,1.5159041,1750,1750,train
665,1.0464752,1.0463774,1.046502,1.0464939,1.046821548467877,1.5698746,1.5220064,1750,1750,train
666,1.0459418,1.0452367,1.0493416,1.047276,1.0467539487191277,1.5698738,1.5229261,1750,1750,train
667,1.046,1.0466881,1.047191,1.046995,1.0467131312331923,1.569873,1.5327239,1750,1750,train
668,1.0459764,1.0449724,1.050238,1.0475758,1.0466528267343826,1.5698721,1.5254363,1750,1750,train
669,1.0459622,1.0456485,1.0517889,1.0486093,1.0465882533230755,1.5698713,1.5295115,1750,1750,train
670,1.0459484,1.0450244,1.0524455,1.0485853,1.0465632242946583,1.5698704,1.5199926,1750,1750,train
671,1.0454519,1.0480167,1.044864,1.0464908,1.0465180605987936,1.5698695,1.5218451,1750,1750,train
672,1.0456988,1.0463763,1.0447615,1.0456831,1.046443533539878,1.5698687,1.5184944,1750,1750,train
673,1.0454441,1.0483233,1.0451206,1.0467635,1.0463826717904954,1.5698678,1.5256484,1750,1750,train
674,1.0453774,1.0461389,1.0446852,1.0455635,1.046407652580584,1.569867,1.5240272,1750,1750,train
675,1.0454539,1.04619,1.0454074,1.0458987,1.0463712567145997,1.5698661,1.5197301,1750,1750,train
676,1.0454661,1.0469818,1.0447404,1.045937,1.04632929593573,1.5698652,1.5156207,1750,1750,train
677,1.0454593,1.0456748,1.0453053,1.045641,1.0463261072593697,1.5698644,1.5252954,1750,1750,train
678,1.0454026,1.0453131,1.0455893,1.0456061,1.0462707916675726,1.5698634,1.525289,1750,1750,train
679,1.045438,1.0471534,1.0445822,1.0459888,1.046227316880233,1.5698626,1.5265319,1750,1750,train
680,1.045463,1.0451946,1.0460856,1.0457839,1.0461640517793354,1.5698618,1.5264626,1750,1750,train
681,1.0455083,1.0454957,1.0457293,1.0457634,1.0460855758171856,1.5698608,1.5276933,1750,1750,train
682,1.044864,1.0455076,1.0463325,1.0460322,1.045993169911087,1.56986,1.5248246,1750,1750,train
683,1.0449193,1.0458698,1.046455,1.0462525,1.0459137329571917,1.5698591,1.5246602,1750,1750,train
684,1.0448849,1.0435755,1.0475569,1.045752,1.0458557877514134,1.5698582,1.5343034,1750,1750,train
685,1.0449107,1.0455993,1.044964,1.0454321,1.0457890318372407,1.5698574,1.5208876,1750,1750,train
686,1.0449113,1.0452447,1.0459,1.0456917,1.045686194757835,1.5698565,1.5193121,1750,1750,train
687,1.0448489,1.0454926,1.0460036,1.0458544,1.0455889171396953,1.5698556,1.519891,1750,1750,train
688,1.0448415,1.0450718,1.0458874,1.0456322,1.0454374522800165,1.5698547,1.5252333,1750,1750,train
689,1.0448741,1.0444283,1.0478817,1.0462818,1.045327516028068,1.5698538,1.5326624,1750,1750,train
690,1.0448794,1.0432037,1.0470814,1.0453571,1.0451750888724674,1.569853,1.5323007,1750,1750,train
691,1.0442988,1.0461518,1.0430249,1.0448232,1.0450388951361744,1.569852,1.5270288,1750,1750,train
692,1.04431,1.0455801,1.0432591,1.044646,1.044956716773643,1.5698512,1.5213196,1750,1750,train
693,1.044314,1.0468384,1.0437745,1.0455102,1.0448756206075638,1.5698502,1.5346388,1750,1750,train
694,1.0443536,1.0467176,1.0440847,1.045609,1.044782836052864,1.5698494,1.5375342,1750,1750,train
695,1.0443255,1.0462366,1.0432336,1.0449501,1.0447676646490254,1.5698484,1.5253345,1750,1750,train
696,1.044174,1.0468038,1.0443004,1.0456948,1.0447474262063925,1.5698476,1.5251185,1750,1750,train
697,1.0443398,1.0465147,1.0439264,1.0453817,1.044695654993612,1.5698466,1.5225729,1750,1750,train
698,1.0437733,1.0446873,1.0441796,1.0446689,1.0446252160931957,1.5698458,1.5233827,1750,1750,train
699,1.0438323,1.0448995,1.0442301,1.0448076,1.0445629487331984,1.5698448,1.5278876,1750,1750,train
700,1.0437995,1.0441002,1.0431482,1.0439019,1.0444996423171786,1.5698439,1.5166557,1750,1750,train
701,1.0437813,1.0425314,1.0446271,1.0439111,1.0444545472944402,1.569843,1.5279105,1750,1750,train
702,1.0437889,1.0439233,1.0432231,1.0438317,1.0444014656867273,1.5698421,1.5110103,1750,1750,train
703,1.0435082,1.0425742,1.045073,1.0440905,1.044329520143873,1.5698413,1.5174755,1750,1750,train
704,1.0432621,1.0425187,1.0437224,1.0434234,1.044259328529356,1.5698403,1.5117018,1750,1750,train
705,1.0435077,1.0427531,1.0443782,1.0438592,1.0441885278563283,1.5698394,1.518644,1750,1750,train
706,1.0435158,1.0412984,1.0448183,1.0434339,1.0441382834615687,1.5698385,1.5271397,1750,1750,train
707,1.0431778,1.0408002,1.0468497,1.0441161,1.0440742901522746,1.5698376,1.5225191,1750,1750,train
708,1.0432234,1.0408572,1.0443088,1.0429628,1.0439996531915154,1.5698366,1.5182333,1750,1750,train
709,1.0431939,1.040953,1.0436994,1.0427226,1.04393505269492,1.5698357,1.516971,1750,1750,train
710,1.0432085,1.0409254,1.0439581,1.0428485,1.0438566960878684,1.5698348,1.5217572,1750,1750,train
711,1.0432016,1.040419,1.0454301,1.043273,1.0437789259957055,1.5698339,1.5175747,1750,1750,train
712,1.0433166,1.040487,1.0479423,1.0445185,1.0437167698930316,1.5698329,1.5334101,1750,1750,train
713,1.0432147,1.0406852,1.0473484,1.0443475,1.0436781800188069,1.569832,1.5358703,1750,1750,train
714,1.0432305,1.040994,1.0462748,1.0440053,1.0436139229823496,1.5698311,1.5377244,1750,1750,train
715,1.0432674,1.0414561,1.0482856,1.0451164,1.04358618466638,1.5698302,1.5334204,1750,1750,train
716,1.0433185,1.0422149,1.0464319,1.0446452,1.0435396079398656,1.5698292,1.5406944,1750,1750,train
717,1.0431582,1.0441399,1.0425774,1.0437094,1.043489382600123,1.5698283,1.5285938,1750,1750,train
718,1.0432372,1.0447885,1.0413151,1.0434642,1.0434395150286577,1.5698273,1.537303,1750,1750,train
719,1.0432492,1.0409479,1.0478107,1.044663,1.043427997894878,1.5698264,1.5321838,1750,1750,train
720,1.04322,1.0452113,1.0408275,1.0434706,1.0434495905290104,1.5698254,1.5461363,1750,1750,train
721,1.043162,1.0452611,1.0421672,1.0441048,1.0434332244671256,1.5698245,1.5459704,1750,1750,train
722,1.0425633,1.0438716,1.0420662,1.0433835,1.0434634873582176,1.5698236,1.5356978,1750,1750,train
723,1.0426604,1.0430276,1.0423492,1.0431609,1.0434461568483848,1.5698227,1.5434343,1750,1750,train
724,1.0426725,1.0442259,1.0430393,1.0440263,1.043425074779088,1.5698217,1.5445403,1750,1750,train
725,1.0423514,1.0423867,1.0423926,1.0429076,1.04340699834512,1.5698208,1.5479605,1750,1750,train
726,1.0421281,1.0423784,1.041535,1.0424542,1.0433615635668605,1.5698198,1.534094,1750,1750,train
727,1.0420874,1.0423062,1.041905,1.0426267,1.0433278921741194,1.5698189,1.5427784,1750,1750,train
728,1.0423037,1.0417213,1.0430046,1.0428747,1.0432779419535079,1.5698179,1.5455947,1750,1750,train
729,1.0423315,1.0423855,1.041942,1.0426795,1.0432324280714105,1.569817,1.5427406,1750,1750,train
730,1.0420457,1.0431973,1.0420278,1.0430561,1.0431631191737496,1.569816,1.5350347,1750,1750,train
731,1.0420653,1.0412644,1.0418469,1.0421127,1.0431282231755066,1.5698149,1.5396031,1750,1750,train
732,1.0421131,1.0408508,1.0430609,1.0424638,1.043090865942455,1.569814,1.5359094,1750,1750,train
733,1.0420501,1.0424315,1.0429223,1.0431501,1.0430633244356247,1.569813,1.5431292,1750,1750,train
734,1.0414829,1.0443985,1.0411872,1.0432326,1.043001400481762,1.569812,1.5383424,1750,1750,train
735,1.0415463,1.0450792,1.0408671,1.0434226,1.0429065396295234,1.5698111,1.5446858,1750,1750,train
736,1.0415478,1.0445788,1.0411202,1.0432463,1.0428035252388217,1.5698102,1.5293359,1750,1750,train
737,1.0415006,1.0441481,1.0412908,1.043122,1.0427455991528647,1.5698092,1.5278685,1750,1750,train
738,1.0421916,1.043058,1.0413574,1.0426326,1.0427174897244358,1.5698081,1.5222292,1750,1750,train
739,1.0419844,1.042489,1.0437034,1.0434796,1.0426908445702612,1.5698072,1.5302551,1750,1750,train
740,1.041534,1.0446696,1.0409468,1.0432066,1.0426243108413153,1.5698062,1.5288792,1750,1750,train
741,1.0415131,1.0444119,1.0412003,1.043204,1.0426004609072315,1.5698053,1.5286132,1750,1750,train
742,1.0415306,1.0438648,1.0411965,1.0429238,1.0425747610406817,1.5698043,1.5216517,1750,1750,train
743,1.0414945,1.0438659,1.0406986,1.042767,1.0425359167062371,1.5698032,1.5383914,1750,1750,train
744,1.040948,1.0427637,1.0411109,1.0423946,1.0424929362260797,1.5698023,1.5242901,1750,1750,train
745,1.0410323,1.0409678,1.0407629,1.0414208,1.0424815589443002,1.5698013,1.5249586,1750,1750,train
746,1.0410334,1.0415488,1.0414687,1.0420389,1.0424351917986738,1.5698003,1.5323288,1750,1750,train
747,1.0409358,1.0408868,1.0403612,1.0412053,1.0424142496353803,1.5697993,1.5261242,1750,1750,train
748,1.0409127,1.0433552,1.0410205,1.0426406,1.042395979675665,1.5697984,1.5285802,1750,1750,train
749,1.0409855,1.0425066,1.0409253,1.0422103,1.0423610994355457,1.5697973,1.5284857,1750,1750,train
750,1.0403625,1.0430812,1.0406866,1.0423355,1.042307640035182,1.5697963,1.5219982,1750,1750,train
751,1.0404446,1.0436014,1.0402526,1.0424081,1.042238017967759,1.5697954,1.5301148,1750,1750,train
752,1.0404389,1.0425093,1.0405089,1.0419573,1.0421606475854324,1.5697943,1.5133353,1750,1750,train
753,1.0404354,1.0438596,1.0399379,1.0423722,1.0420845788468245,1.5697933,1.5278447,1750,1750,train
754,1.0404952,1.0439465,1.0401834,1.0425062,1.0420185337169265,1.5697923,1.5236079,1750,1750,train
755,1.0404217,1.0442839,1.0403001,1.042672,1.0419267657772335,1.5697913,1.5138901,1750,1750,train
756,1.0404086,1.0425938,1.040255,1.0418924,1.041852966313779,1.5697902,1.5163391,1750,1750,train
757,1.0404974,1.0413333,1.0404986,1.0413914,1.0417637453497217,1.5697893,1.5072572,1750,1750,train
758,1.0398895,1.042268,1.0399214,1.0415937,1.041675632176917,1.5697882,1.5168179,1750,1750,train
759,1.0399046,1.0419016,1.0400544,1.0414349,1.0416008990257182,1.5697873,1.5043985,1750,1750,train
760,1.0399147,1.042905,1.0402218,1.0420614,1.0415408741175016,1.5697862,1.5264039,1750,1750,train
761,1.0399327,1.0435133,1.0401846,1.0422925,1.041495156746073,1.5697852,1.5195643,1750,1750,train
762,1.0399452,1.0409306,1.0398748,1.0409702,1.0414405644780864,1.5697842,1.5183694,1750,1750,train
763,1.0399334,1.041268,1.0397362,1.0410452,1.0413794497616715,1.5697832,1.5147915,1750,1750,train
764,1.0398997,1.041134,1.0391883,1.0407768,1.041317066470377,1.5697821,1.5249593,1750,1750,train
765,1.0399071,1.0428919,1.0397943,1.0417876,1.0412894080142896,1.5697811,1.509301,1750,1750,train
766,1.0398587,1.0426029,1.0395962,1.0416309,1.0412691002261911,1.5697801,1.5247114,1750,1750,train
767,1.0393144,1.0422279,1.0397335,1.041457,1.0412542450702946,1.569779,1.5091627,1750,1750,train
768,1.0393096,1.0407803,1.0400661,1.0410292,1.0412289697037342,1.569778,1.5278454,1750,1750,train
769,1.0393269,1.0406371,1.0398248,1.0408306,1.041216069316651,1.569777,1.5223668,1750,1750,train
770,1.039353,1.0405984,1.040181,1.0409735,1.041188956719169,1.5697759,1.5218322,1750,1750,train
771,1.0392883,1.0382532,1.0396985,1.0397109,1.041125230976663,1.5697749,1.5278945,1750,1750,train
772,1.0393548,1.0401328,1.0401071,1.0408137,1.0410702252172321,1.5697738,1.5423021,1750,1750,train
773,1.0393437,1.038788,1.0395572,1.0399216,1.0410072131130685,1.5697728,1.5354804,1750,1750,train
774,1.0393572,1.0386068,1.0400461,1.04004,1.0409846401864593,1.5697718,1.5300895,1750,1750,train
775,1.0387795,1.0427603,1.0392392,1.04156,1.0409513310955605,1.5697707,1.52965,1750,1750,train
776,1.0388186,1.042008,1.0389136,1.0411134,1.0409123228345045,1.5697696,1.5402906,1750,1750,train
777,1.0387508,1.0430794,1.0395283,1.0418415,1.0408887115431131,1.5697685,1.5306085,1750,1750,train
778,1.0389001,1.0409038,1.0395161,1.0408362,1.040853754226975,1.5697675,1.5283636,1750,1750,train
779,1.038846,1.0410471,1.0389382,1.0406532,1.0408362426634261,1.5697664,1.5321789,1750,1750,train
780,1.0388436,1.0424796,1.0389147,1.041306,1.0408193427154384,1.5697654,1.5348985,1750,1750,train
781,1.0387908,1.0424984,1.0385007,1.0411252,1.040811442254714,1.5697644,1.5348842,1750,1750,train
782,1.0388058,1.0410908,1.0389179,1.0406505,1.0407824331200328,1.5697633,1.5289941,1750,1750,train
783,1.0388533,1.041555,1.0388418,1.0408354,1.0407528890974898,1.5697622,1.5309732,1750,1750,train
784,1.0388207,1.0421616,1.0388209,1.0410975,1.0407378615256841,1.5697612,1.5299175,1750,1750,train
785,1.0387474,1.0418285,1.0384831,1.0407982,1.0406939969461897,1.5697601,1.531522,1750,1750,train
786,1.0387741,1.0417362,1.0382146,1.0406184,1.0406541117277157,1.569759,1.5279484,1750,1750,train
787,1.0382724,1.041772,1.0388833,1.0408893,1.0406213170304772,1.5697579,1.5158385,1750,1750,train
788,1.0382254,1.0427308,1.0385127,1.0411757,1.0405867407363791,1.5697569,1.5204295,1750,1750,train
789,1.0381995,1.0419269,1.0386702,1.0408722,1.040523288557713,1.5697558,1.5181779,1750,1750,train
790,1.0382626,1.0419536,1.0382084,1.0406867,1.0404488920676531,1.5697547,1.5213628,1750,1750,train
791,1.0380597,1.041076,1.0383338,1.0403333,1.0404259113658347,1.5697535,1.518701,1750,1750,train
792,1.0376959,1.04175,1.037541,1.0402687,1.040425028549073,1.5697525,1.5165758,1750,1750,train
793,1.0377203,1.041864,1.0378069,1.0404726,1.0404130034102077,1.5697514,1.5237703,1750,1750,train
794,1.0376583,1.040645,1.0379536,1.0399753,1.040368512226574,1.5697503,1.5215137,1750,1750,train
795,1.0370831,1.0405492,1.0383034,1.0400956,1.040334448363121,1.5697492,1.5224718,1750,1750,train
796,1.0372108,1.0407994,1.0385557,1.0402899,1.0402911238827939,1.5697482,1.5142226,1750,1750,train
797,1.0371805,1.0418564,1.0380367,1.04056,1.0402390318831045,1.569747,1.5203995,1750,1750,train
798,1.0371875,1.0400144,1.0383996,1.0398967,1.0401783930452915,1.5697459,1.5226252,1750,1750,train
799,1.0371709,1.0405176,1.0379313,1.0398622,1.0400937206653298,1.5697448,1.5109476,1750,1750,train
800,1.0372024,1.0402063,1.0380127,1.0398061,1.0400207921028384,1.5697438,1.5223464,1750,1750,train
801,1.0371794,1.040918,1.0381466,1.0401518,1.0399821733531205,1.5697426,1.5130484,1750,1750,train
802,1.0371364,1.0400304,1.038153,1.0397623,1.0399344168032298,1.5697415,1.5157732,1750,1750,train
803,1.0371385,1.0400311,1.0379945,1.0396935,1.0398552678752222,1.5697404,1.516551,1750,1750,train
804,1.0371642,1.0398616,1.0376678,1.0395039,1.039773919303744,1.5697392,1.5252969,1750,1750,train
805,1.0365927,1.0403062,1.0378015,1.0396777,1.0396872231821248,1.5697381,1.5041697,1750,1750,train
806,1.0365944,1.0401767,1.0378324,1.0396662,1.0396219071219743,1.569737,1.511982,1750,1750,train
807,1.0366024,1.0374874,1.0374135,1.0382724,1.0395595449081154,1.5697359,1.5171434,1750,1750,train
808,1.0365859,1.0398095,1.0370387,1.039143,1.039477436876608,1.5697348,1.5135728,1750,1750,train
809,1.0366437,1.0380102,1.0377263,1.0386744,1.0394037930907811,1.5697336,1.522091,1750,1750,train
810,1.0365299,1.0403819,1.0369762,1.039361,1.039347837888182,1.5697325,1.510273,1750,1750,train
811,1.0366349,1.0413843,1.037016,1.0399034,1.039275758754995,1.5697314,1.5262809,1750,1750,train
812,1.0366092,1.0418427,1.0370559,1.0401195,1.0391897306741449,1.5697303,1.5237472,1750,1750,train
813,1.0360637,1.0400522,1.036297,1.038894,1.0391350490012161,1.5697291,1.5088205,1750,1750,train
814,1.0360183,1.0409293,1.037417,1.0398512,1.0390508709581383,1.5697279,1.51958,1750,1750,train
815,1.0360234,1.0412984,1.0373029,1.0399513,1.0389732837665995,1.5697268,1.5158727,1750,1750,train
816,1.0360329,1.0401796,1.036858,1.0392374,1.0389015085065292,1.5697256,1.5155816,1750,1750,train
817,1.035515,1.0379326,1.0371188,1.0382894,1.0388261437937,1.5697246,1.5051892,1750,1750,train
818,1.0354806,1.03834,1.0368742,1.0383575,1.0387431269699077,1.5697234,1.5039006,1750,1750,train
819,1.0354846,1.0392624,1.0370957,1.0389204,1.0386967008474233,1.5697222,1.5136685,1750,1750,train
820,1.0354829,1.037845,1.0369328,1.0381992,1.03863598285987,1.5697211,1.5133157,1750,1750,train
821,1.0349236,1.0395671,1.0358516,1.0384556,1.0385963103166655,1.5697199,1.5055412,1750,1750,train
822,1.0349882,1.0398407,1.0361089,1.0386953,1.038557297546345,1.5697187,1.5049809,1750,1750,train
823,1.0349991,1.0402415,1.0356756,1.0386807,1.0385029925590026,1.5697175,1.505199,1750,1750,train
824,1.0348593,1.0396231,1.0356697,1.0383924,1.0384576245367572,1.5697165,1.5042462,1750,1750,train
825,1.0349551,1.0379006,1.035952,1.0377476,1.0384079319868538,1.5697153,1.5066502,1750,1750,train
826,1.0349625,1.0379974,1.0361084,1.0378666,1.0383414892370424,1.5697141,1.5074441,1750,1750,train
827,1.034376,1.0375055,1.0360752,1.0376103,1.0382905292895284,1.5697129,1.5034194,1750,1750,train
828,1.0344256,1.0391382,1.0358824,1.0382731,1.0382702840127949,1.5697117,1.5052145,1750,1750,train
829,1.0343744,1.0389559,1.0361096,1.0382826,1.0382337473713565,1.5697105,1.5025705,1750,1750,train
830,1.0344396,1.0387615,1.0361289,1.0382115,1.0381847426543827,1.5697094,1.5045382,1750,1750,train
831,1.0343835,1.0391577,1.0355235,1.0381196,1.0381294586787395,1.5697082,1.5056099,1750,1750,train
832,1.034402,1.0380152,1.0359648,1.0378537,1.0380850520451628,1.569707,1.5179082,1750,1750,train
833,1.0344422,1.0384865,1.0359076,1.0380135,1.0380470937460688,1.5697058,1.5111831,1750,1750,train
834,1.0338391,1.0381399,1.0359222,1.0378709,1.0379815676352027,1.5697047,1.513189,1750,1750,train
835,1.0338033,1.0373046,1.0359553,1.0375104,1.0378997780387658,1.5697035,1.5142714,1750,1750,train
836,1.0337878,1.0383117,1.0354846,1.0377452,1.037857341535203,1.5697023,1.5122992,1750,1750,train
837,1.0338197,1.0397929,1.0346651,1.0380559,1.0378257635590042,1.5697011,1.5148885,1750,1750,train
838,1.0338391,1.0366464,1.0360347,1.0372646,1.0378022145413641,1.5696999,1.5184066,1750,1750,train
839,1.0337905,1.0414138,1.0344387,1.0386944,1.0377724905694703,1.5696987,1.5158557,1750,1750,train
840,1.033825,1.0403749,1.0348324,1.0384448,1.0377670525532254,1.5696974,1.526102,1750,1750,train
841,1.033808,1.0407416,1.0342035,1.0382687,1.0377515936176278,1.5696962,1.512993,1750,1750,train
842,1.0338364,1.039998,1.0346972,1.0381833,1.0377256628146374,1.569695,1.5194526,1750,1750,train
843,1.03381,1.0406461,1.0347935,1.0385251,1.037677356952639,1.5696938,1.5201001,1750,1750,train
844,1.033304,1.0389117,1.0346253,1.0376077,1.0376418010951065,1.5696926,1.5081215,1750,1750,train
845,1.0332903,1.0383176,1.0351082,1.0376167,1.0376154784505414,1.5696913,1.5219207,1750,1750,train
846,1.0333188,1.0373591,1.0347279,1.0369649,1.0375488534913468,1.5696901,1.5121341,1750,1750,train
847,1.0333217,1.0374006,1.0348723,1.0370798,1.0375114693836192,1.5696889,1.519182,1750,1750,train
848,1.0332588,1.0395472,1.0347403,1.0379802,1.0374574081395678,1.5696877,1.5153053,1750,1750,train
849,1.0327631,1.0376215,1.0348461,1.0371109,1.0374159607039966,1.5696864,1.505717,1750,1750,train
850,1.0327555,1.0380191,1.0346658,1.0371959,1.0373698237900695,1.5696852,1.5025325,1750,1750,train
851,1.0327485,1.0390466,1.0347494,1.0377549,1.0373060333598705,1.569684,1.5149192,1750,1750,train
852,1.0327173,1.038968,1.0347692,1.0377191,1.0372651166107152,1.5696827,1.5128171,1750,1750,train
853,1.0327283,1.0354463,1.0351883,1.0363047,1.037208171991804,1.5696815,1.5121462,1750,1750,train
854,1.0327324,1.0363623,1.0350283,1.0366836,1.0371706997698102,1.5696802,1.5203948,1750,1750,train
855,1.0326995,1.0369713,1.0348206,1.0368648,1.03716024415197,1.569679,1.5201303,1750,1750,train
856,1.0321263,1.038676,1.0339628,1.0372764,1.0371206346628628,1.5696777,1.5266688,1750,1750,train
857,1.0321803,1.0381727,1.0338305,1.0369657,1.0371105721772729,1.5696765,1.5217147,1750,1750,train
858,1.032182,1.0376995,1.0339085,1.0368217,1.0370876182367237,1.5696752,1.530197,1750,1750,train
859,1.032137,1.0388184,1.0337778,1.0372508,1.0370492912283116,1.569674,1.5253174,1750,1750,train
860,1.0321707,1.0390025,1.0337669,1.0373448,1.0370084914230127,1.5696727,1.5289121,1750,1750,train
861,1.0321829,1.0383066,1.0331653,1.0366868,1.0369388635475494,1.5696715,1.5132974,1750,1750,train
862,1.0321846,1.0382873,1.0336908,1.0369519,1.036873340150342,1.5696702,1.5212132,1750,1750,train
863,1.0321721,1.0385919,1.0336822,1.0371264,1.0368486675860256,1.5696689,1.5306354,1750,1750,train
864,1.0316374,1.0369092,1.0332385,1.0361902,1.0367742984539698,1.5696677,1.5383843,1750,1750,train
865,1.0315357,1.0365244,1.0338677,1.0363204,1.0367513760620704,1.5696664,1.5426712,1750,1750,train
866,1.0316532,1.0381949,1.0336217,1.0369617,1.036721768191584,1.5696651,1.5410463,1750,1750,train
867,1.0315549,1.0380074,1.0334235,1.0368154,1.0366962105153708,1.5696639,1.5481724,1750,1750,train
868,1.0315702,1.0379505,1.0332134,1.0366653,1.0366779395808983,1.5696626,1.5414294,1750,1750,train
869,1.0315925,1.0368594,1.0333833,1.0362086,1.036664124750099,1.5696613,1.5324272,1750,1750,train
870,1.0315721,1.036721,1.0338544,1.0364201,1.0366413385460844,1.56966,1.5465869,1750,1750,train
871,1.0315945,1.0387679,1.0333804,1.0371178,1.0366369264387911,1.5696586,1.5424004,1750,1750,train
872,1.0315888,1.0374472,1.0331111,1.0363985,1.0366125985415833,1.5696573,1.5436087,1750,1750,train
873,1.0315937,1.0394162,1.03309,1.0372999,1.0365924466282241,1.5696561,1.547102,1750,1750,train
874,1.0310775,1.0392205,1.032664,1.0370513,1.0365957316705348,1.5696548,1.5556178,1750,1750,train
875,1.0309657,1.0394535,1.0325024,1.0370762,1.0365691076423986,1.5696535,1.5538625,1750,1750,train
876,1.0311239,1.0396044,1.0324231,1.0371081,1.0365647966830358,1.5696522,1.5537193,1750,1750,train
877,1.0310004,1.0380843,1.0324765,1.0364203,1.036550850535437,1.5696509,1.5488447,1750,1750,train
878,1.0310555,1.0383303,1.0326358,1.0366254,1.0365262211547521,1.5696496,1.5537469,1750,1750,train
879,1.0309858,1.0385801,1.0324129,1.0366133,1.036463729975932,1.5696483,1.5479853,1750,1750,train
880,1.0304902,1.0364693,1.032485,1.0356784,1.0364233605677684,1.569647,1.546305,1750,1750,train
881,1.0304856,1.0381337,1.0327615,1.0365754,1.0363703355850757,1.5696455,1.549429,1750,1750,train
882,1.0304483,1.0358453,1.0325329,1.0354365,1.0363325514380928,1.5696442,1.5511825,1750,1750,train
883,1.0304699,1.0358914,1.0324634,1.0354351,1.0363032590514043,1.5696429,1.5534482,1750,1750,train
884,1.0304841,1.0371373,1.0324985,1.0360073,1.0362463480197623,1.5696416,1.5507807,1750,1750,train
885,1.030461,1.0369114,1.032494,1.0359031,1.0362005414189022,1.5696403,1.550955,1750,1750,train
886,1.0304779,1.0384051,1.0323149,1.0364864,1.0361689404481549,1.569639,1.547383,1750,1750,train
887,1.0304239,1.0387402,1.0323094,1.0366148,1.0361035141891433,1.5696375,1.5421954,1750,1750,train
888,1.029938,1.0363455,1.0325015,1.0355443,1.0360523195600688,1.5696362,1.5259627,1750,1750,train
889,1.029897,1.0391328,1.0316416,1.0363888,1.0360055523130836,1.5696349,1.5185947,1750,1750,train
890,1.0299507,1.0385079,1.0316845,1.0361578,1.0359331402908785,1.5696335,1.5265952,1750,1750,train
891,1.0299203,1.038483,1.0320417,1.0363473,1.0358698560053559,1.5696322,1.5354979,1750,1750,train
892,1.0299559,1.0383373,1.0320448,1.036228,1.0358030350119671,1.5696309,1.5226004,1750,1750,train
893,1.0299096,1.0380005,1.031917,1.0360508,1.035737533577848,1.5696294,1.5308024,1750,1750,train
894,1.0299033,1.039128,1.0316428,1.0364609,1.0356730886967769,1.5696281,1.5360606,1750,1750,train
895,1.0292984,1.0383925,1.0314828,1.0360234,1.0355910642000672,1.5696267,1.5290439,1750,1750,train
896,1.0293217,1.0377262,1.031232,1.0354064,1.0355359412078626,1.5696254,1.4826324,1750,1750,train
897,1.0292966,1.0371909,1.0314873,1.0353096,1.035494182516942,1.569624,1.4895568,1750,1750,train
898,1.0293819,1.0369205,1.031329,1.0350931,1.0354382104248527,1.5696226,1.4847333,1750,1750,train
899,1.02936,1.036834,1.0313891,1.0351042,1.0353782274419943,1.5696212,1.4900271,1750,1750,train
900,1.0293459,1.0372773,1.0312103,1.0351866,1.0353236920150404,1.5696199,1.481383,1750,1750,train
901,1.0293379,1.0355543,1.0310525,1.0343156,1.0352757690489922,1.5696185,1.4780675,1750,1750,train
902,1.0288292,1.0369221,1.0312871,1.0350747,1.0352296228681215,1.569617,1.484764,1750,1750,train
903,1.0287554,1.0377419,1.0313238,1.0354581,1.0351683597348047,1.5696157,1.4832275,1750,1750,train
904,1.0288112,1.0373124,1.0313919,1.0352788,1.0351143180885023,1.5696143,1.4798223,1750,1750,train
905,1.0288161,1.0364393,1.0310405,1.0346929,1.0350752848104798,1.5696129,1.4734812,1750,1750,train
906,1.0288314,1.0369476,1.0314409,1.0351441,1.0350090265300842,1.5696115,1.4818783,1750,1750,train
907,1.0287997,1.0367885,1.0312907,1.0349802,1.035003352703613,1.5696101,1.4766798,1750,1750,train
908,1.0282693,1.0359004,1.030754,1.034264,1.0349349121849676,1.5696087,1.461549,1750,1750,train
909,1.0282346,1.0372798,1.0306972,1.0349065,1.0348725020405984,1.5696073,1.4707382,1750,1750,train
910,1.0282468,1.0373585,1.0305688,1.034917,1.0348096715544834,1.5696058,1.4783665,1750,1750,train
911,1.0282453,1.0365881,1.0305529,1.0345186,1.0347525746871455,1.5696044,1.4691551,1750,1750,train
912,1.0282338,1.0375795,1.0305089,1.0349662,1.0346975211835154,1.569603,1.4728959,1750,1750,train
913,1.0282403,1.0369449,1.0305601,1.0347021,1.0346689177125197,1.5696015,1.4731755,1750,1750,train
914,1.0282136,1.0368823,1.0306154,1.034715,1.0346098179352459,1.5696001,1.4768853,1750,1750,train
915,1.0282236,1.0367625,1.03043,1.0345665,1.0345429010295337,1.5695987,1.4747822,1750,1750,train
916,1.0282532,1.0361072,1.0303222,1.034189,1.034474665463705,1.5695972,1.4679976,1750,1750,train
917,1.0277164,1.0377035,1.0302659,1.0348731,1.0344349505172141,1.5695958,1.4641647,1750,1750,train
918,1.0282094,1.0372711,1.0303334,1.0347219,1.0343797524633087,1.5695944,1.4675028,1750,1750,train
919,1.0276301,1.0372009,1.0300919,1.0345291,1.0343217319204134,1.569593,1.4561253,1750,1750,train
920,1.0276856,1.0370514,1.0303539,1.0346067,1.0342778377147819,1.5695915,1.4619273,1750,1750,train
921,1.0277071,1.0354971,1.0300938,1.0337589,1.0342284074393562,1.5695901,1.4571455,1750,1750,train
922,1.0270869,1.0357234,1.0300833,1.0338956,1.0341882366602388,1.5695885,1.465831,1750,1750,train
923,1.0271229,1.0350199,1.0300797,1.0335517,1.034146006621582,1.5695871,1.4608536,1750,1750,train
924,1.0265996,1.0375658,1.0299044,1.0345905,1.0341086851170251,1.5695857,1.4518472,1750,1750,train
925,1.0265518,1.0368706,1.0299096,1.0343187,1.034029194543386,1.5695843,1.4613914,1750,1750,train
926,1.0265579,1.0366046,1.029932,1.0342463,1.0339868374757808,1.5695827,1.4701083,1750,1750,train
927,1.0266173,1.0372844,1.0296663,1.0343777,1.0339225801612073,1.5695813,1.4573116,1750,1750,train
928,1.026594,1.0369322,1.0297343,1.0343263,1.033874143452237,1.5695798,1.4749398,1750,1750,train
929,1.0265942,1.0371382,1.0296367,1.0343802,1.03380423018084,1.5695783,1.4760066,1750,1750,train
930,1.0265706,1.0364888,1.0294963,1.0339528,1.0337634251966377,1.5695769,1.4606967,1750,1750,train
931,1.0265557,1.0360433,1.0297412,1.0339153,1.0336848517290707,1.5695753,1.472778,1750,1750,train
932,1.026066,1.0334924,1.0295072,1.0326146,1.033630006188934,1.5695739,1.4654132,1750,1750,train
933,1.0260363,1.0354114,1.0293814,1.0334134,1.0335754921931368,1.5695723,1.4615301,1750,1750,train
934,1.0260099,1.0341322,1.0295309,1.0329571,1.0335118739358327,1.5695708,1.4745986,1750,1750,train
935,1.0260998,1.0351248,1.0294515,1.0333627,1.0334678576344427,1.5695693,1.4723446,1750,1750,train
936,1.0259844,1.0346484,1.0290755,1.0329489,1.0334263718647239,1.5695678,1.4666438,1750,1750,train
937,1.0260358,1.0356487,1.0291048,1.0334228,1.033381815034841,1.5695664,1.4678295,1750,1750,train
938,1.0260643,1.0337864,1.0292305,1.0326823,1.03334344182402,1.5695648,1.4791853,1750,1750,train
939,1.0259893,1.0334009,1.0292135,1.0325215,1.0332961301198116,1.5695633,1.4843204,1750,1750,train
940,1.0254409,1.0358777,1.0290678,1.0335982,1.0332479710222184,1.5695617,1.487956,1750,1750,train
941,1.0254557,1.0359325,1.0289558,1.0335627,1.033202495595776,1.5695603,1.485819,1750,1750,train
942,1.0254476,1.0345973,1.0287775,1.0328827,1.033173467757098,1.5695587,1.4879719,1750,1750,train
943,1.0256069,1.0356754,1.0288019,1.0334021,1.0331363286320348,1.5695572,1.4919899,1750,1750,train
944,1.0254418,1.035614,1.0287868,1.0334866,1.033137284315269,1.5695556,1.5197841,1750,1750,train
945,1.0253608,1.0360558,1.0287765,1.0336511,1.0331169853782893,1.5695541,1.5123115,1750,1750,train
946,1.0254915,1.0361068,1.0287789,1.0336709,1.03312034955954,1.5695525,1.511238,1750,1750,train
947,1.0249106,1.0344965,1.0286717,1.0328462,1.0331012041598955,1.569551,1.5013137,1750,1750,train
948,1.0248412,1.0344676,1.0285808,1.0327886,1.0330567283050605,1.5695494,1.5006737,1750,1750,train
949,1.0249518,1.0336907,1.0284194,1.0323118,1.0329911072593276,1.5695479,1.4892792,1750,1750,train
950,1.0243505,1.0366092,1.0285765,1.0337526,1.03296380815111,1.5695463,1.4985747,1750,1750,train
951,1.0243539,1.0344169,1.0284368,1.0326294,1.0329359397739144,1.5695448,1.4844521,1750,1750,train
952,1.0244062,1.0336654,1.0283959,1.0323582,1.0329113407079074,1.5695432,1.5051405,1750,1750,train
953,1.0243335,1.0337784,1.0283319,1.0324235,1.0328959847698487,1.5695416,1.5152404,1750,1750,train
954,1.0243764,1.0364717,1.0283173,1.0336331,1.0329017377460608,1.56954,1.5129249,1750,1750,train
955,1.0243902,1.0344856,1.0281526,1.03262,1.0329115837356566,1.5695385,1.5050825,1750,1750,train
956,1.0243273,1.0360826,1.0281421,1.0333867,1.0329096134868359,1.5695369,1.5154645,1750,1750,train
957,1.0243955,1.0354973,1.0281743,1.0331571,1.0329126010824063,1.5695353,1.5206712,1750,1750,train
958,1.0243531,1.0355641,1.0281004,1.0331223,1.0328829582205683,1.5695337,1.5132946,1750,1750,train
959,1.0237542,1.0349139,1.027959,1.0327424,1.0328595294166765,1.5695322,1.5087963,1750,1750,train
960,1.0238416,1.0348177,1.0279112,1.0327134,1.0327993943393006,1.5695305,1.5173991,1750,1750,train
961,1.0238309,1.034902,1.0278252,1.0327079,1.0327517456931363,1.5695289,1.5163015,1750,1750,train
962,1.023835,1.034334,1.0277835,1.032435,1.0326913303312266,1.5695273,1.5174263,1750,1750,train
963,1.0238421,1.0349298,1.0277334,1.0327164,1.0326539090342184,1.5695257,1.5252008,1750,1750,train
964,1.023798,1.0355347,1.0275426,1.0328765,1.0326228304631009,1.569524,1.5185919,1750,1750,train
965,1.0238303,1.0358738,1.0275936,1.033063,1.0325615382409785,1.5695225,1.5206977,1750,1750,train
966,1.0238147,1.0356271,1.0275366,1.0329778,1.0325260903114744,1.5695208,1.5332367,1750,1750,train
967,1.0231977,1.0340633,1.027224,1.03206,1.0324889992951316,1.5695192,1.5184046,1750,1750,train
968,1.0232644,1.0360311,1.0275077,1.0330933,1.032437481651518,1.5695176,1.5202161,1750,1750,train
969,1.0232812,1.0333289,1.0272661,1.031763,1.032406048968138,1.569516,1.522618,1750,1750,train
970,1.0232079,1.0345111,1.0272733,1.0323141,1.032364725148515,1.5695143,1.524884,1750,1750,train
971,1.0232778,1.0331715,1.0271221,1.0316044,1.0323231029964999,1.5695126,1.5176632,1750,1750,train
972,1.0232981,1.0326691,1.0270902,1.0313905,1.0322782392747232,1.5695109,1.5246131,1750,1750,train
973,1.0232092,1.0345335,1.0271572,1.0322706,1.032210594789751,1.5695093,1.52475,1750,1750,train
974,1.0227399,1.035484,1.0270919,1.0326428,1.0321450020929808,1.5695077,1.517562,1750,1750,train
975,1.0226482,1.0350819,1.0270408,1.032479,1.0320772130901352,1.569506,1.5275971,1750,1750,train
976,1.0227597,1.0350124,1.0269941,1.0323882,1.0320545548979263,1.5695044,1.5186808,1750,1750,train
977,1.0226662,1.0350314,1.0268985,1.0323337,1.031990952223236,1.5695027,1.5141195,1750,1750,train
978,1.022693,1.0350252,1.0268312,1.0322917,1.0319230659552874,1.569501,1.5121465,1750,1750,train
979,1.022103,1.0336692,1.0267092,1.0316188,1.0318385844171152,1.5694993,1.5122066,1750,1750,train
980,1.0220945,1.0337728,1.0265781,1.0315789,1.0317935832113774,1.5694976,1.505875,1750,1750,train
981,1.02216,1.0338867,1.0264596,1.0315775,1.031734294687637,1.5694959,1.506104,1750,1750,train
982,1.0221171,1.033276,1.0264913,1.0313479,1.0316830789703262,1.5694942,1.5140162,1750,1750,train
983,1.0221434,1.0324595,1.0264589,1.0309563,1.0316250929435546,1.5694926,1.512827,1750,1750,train
984,1.0221738,1.033327,1.026403,1.0313083,1.0315731507270474,1.5694908,1.5087991,1750,1750,train
985,1.0215583,1.034856,1.0264765,1.0320117,1.0315128039005559,1.5694891,1.5026735,1750,1750,train
986,1.0215943,1.0348265,1.0264131,1.031979,1.031449041546603,1.5694875,1.5049058,1750,1750,train
987,1.0216376,1.0348607,1.0263602,1.0319896,1.0313836878948486,1.5694857,1.5094016,1750,1750,train
988,1.0215648,1.0342853,1.0262691,1.0316588,1.031318310722015,1.569484,1.5030634,1750,1750,train
989,1.020982,1.0318686,1.0261631,1.0305213,1.031252353568675,1.5694823,1.5056682,1750,1750,train
990,1.0210143,1.033202,1.0261321,1.0310727,1.0311920756475241,1.5694805,1.4960687,1750,1750,train
991,1.0209907,1.0333945,1.0259813,1.0311226,1.03116603443776,1.5694788,1.5033002,1750,1750,train
992,1.0210149,1.0337908,1.0259556,1.0311162,1.031122467993546,1.5694771,1.4632381,1750,1750,train
993,1.0209955,1.0332493,1.0258354,1.0308174,1.0310506319421116,1.5694753,1.4638286,1750,1750,train
994,1.02099,1.0325269,1.0257914,1.0304877,1.0310154416401125,1.5694736,1.4681796,1750,1750,train
995,1.0209838,1.0332023,1.0257658,1.03082,1.0309310273250818,1.5694718,1.4765022,1750,1750,train
996,1.0209908,1.0337546,1.0257791,1.0310026,1.0308673570222264,1.56947,1.4595236,1750,1750,train
997,1.020495,1.0342271,1.0257306,1.0312175,1.0307988208207706,1.5694683,1.4644706,1750,1750,train
998,1.0204619,1.0343019,1.0256624,1.03121,1.0307128466890836,1.5694666,1.4621282,1750,1750,train
999,1.020475,1.0338762,1.025605,1.0310371,1.0306442778103118,1.5694648,1.472817,1750,1750,train
1000,1.0198609,1.032809,1.0255302,1.0304785,1.030586872498489,1.569463,1.4640839,1750,1750,train
1001,1.0198647,1.0324571,1.0254749,1.0302676,1.0305420367233509,1.5694612,1.4583696,1750,1750,train
1002,1.0198777,1.0330778,1.0253519,1.0304645,1.030478928404446,1.5694594,1.4517624,1750,1750,train
1003,1.0198889,1.032442,1.0253032,1.0301394,1.030426764985569,1.5694577,1.4487613,1750,1750,train
1004,1.0193907,1.033427,1.0252613,1.0305756,1.030374553908898,1.5694559,1.4503167,1750,1750,train
1005,1.0193019,1.0331609,1.0251781,1.0304235,1.030310816490907,1.5694541,1.4518974,1750,1750,train
1006,1.0193487,1.0319366,1.025155,1.0298418,1.0302443410070765,1.5694523,1.4488211,1750,1750,train
1007,1.0193563,1.0329299,1.0250787,1.0302643,1.030186053372621,1.5694504,1.4499705,1750,1750,train
1008,1.0193567,1.0332544,1.0250031,1.030316,1.030126343988704,1.5694486,1.4363075,1750,1750,train
1009,1.0194138,1.032901,1.0249168,1.0301093,1.0300529292735086,1.5694468,1.4348745,1750,1750,train
1010,1.0193661,1.0327688,1.0248317,1.0299983,1.0300144160783797,1.569445,1.4322631,1750,1750,train
1011,1.0193762,1.0328419,1.0248011,1.030044,1.029995459125484,1.5694431,1.4380901,1750,1750,train
1012,1.0192971,1.0329154,1.0247405,1.030076,1.0299608611545152,1.5694413,1.443965,1750,1750,train
1013,1.0187246,1.0324045,1.0246812,1.029752,1.0299440115428786,1.5694395,1.4297051,1750,1750,train
1014,1.0188155,1.0330402,1.0246171,1.0300167,1.02993081686284,1.5694376,1.4307084,1750,1750,train
1015,1.0187769,1.0330321,1.0245782,1.0300401,1.029891608417447,1.5694358,1.4406898,1750,1750,train
1016,1.0187644,1.0310873,1.0244589,1.0290877,1.0298452152233932,1.5694339,1.4379108,1750,1750,train
1017,1.0187807,1.0322583,1.024429,1.0296154,1.029792768884628,1.569432,1.4397587,1750,1750,train
1018,1.018766,1.0323999,1.0243777,1.029658,1.0297341155839324,1.5694302,1.4400871,1750,1750,train
1019,1.0187731,1.0321764,1.0242889,1.0294683,1.0296818542384136,1.5694283,1.4296302,1750,1750,train
1020,1.0182067,1.0330064,1.0242296,1.0298399,1.029614706272054,1.5694264,1.4342251,1750,1750,train
1021,1.018265,1.0327711,1.0241567,1.0296826,1.0295534718468202,1.5694246,1.4305164,1750,1750,train
1022,1.0181795,1.0315523,1.0240616,1.0290605,1.029509940701776,1.5694227,1.4252619,1750,1750,train
1023,1.018205,1.0319269,1.0240217,1.0292464,1.0294740471678445,1.5694208,1.4327068,1750,1750,train
1024,1.0178835,1.0319494,1.023961,1.0294676,1.0294318247058318,1.5694189,1.4864513,1750,1750,train
1025,1.0176538,1.0321192,1.0239383,1.0295678,1.0293919624603047,1.569417,1.494092,1750,1750,train
1026,1.0176785,1.0311341,1.0238411,1.0290916,1.0293496662758692,1.5694151,1.4979331,1750,1750,train
1027,1.0173635,1.0326574,1.0238122,1.029752,1.0292915738304582,1.5694132,1.4933673,1750,1750,train
1028,1.0174121,1.0322152,1.0237666,1.0295057,1.029252276355445,1.5694113,1.4878107,1750,1750,train
1029,1.0173745,1.0325677,1.0236802,1.029646,1.0292060413231647,1.5694094,1.4922751,1750,1750,train
1030,1.0171809,1.0323275,1.0236267,1.0294936,1.0291630381049743,1.5694075,1.4879947,1750,1750,train
1031,1.0171657,1.0324963,1.0235982,1.0296204,1.0291378954646957,1.5694056,1.5025191,1750,1750,train
1032,1.0171597,1.0321693,1.0234686,1.0294194,1.0290672147273003,1.5694035,1.504158,1750,1750,train
1033,1.0169181,1.0319303,1.0233909,1.029276,1.0290301131965411,1.5694016,1.504406,1750,1750,train
1034,1.0171362,1.0322218,1.0233155,1.0293334,1.0289652578158013,1.5693997,1.4949265,1750,1750,train
1035,1.0170823,1.0303255,1.0232053,1.0284121,1.0288988579553047,1.5693977,1.4931998,1750,1750,train
1036,1.0170939,1.0303404,1.0230876,1.0283958,1.0288545834809772,1.5693958,1.5002893,1750,1750,train
1037,1.017095,1.0316758,1.0230814,1.0289847,1.0287895535971059,1.5693938,1.4965336,1750,1750,train
1038,1.016577,1.0307537,1.0230323,1.0285189,1.0287261567500836,1.5693918,1.4911292,1750,1750,train
1039,1.0165365,1.0298685,1.0229543,1.0280976,1.0286725050417445,1.5693898,1.4951355,1750,1750,train
1040,1.0165472,1.0289336,1.0228708,1.0276757,1.028608089541096,1.5693879,1.5048481,1750,1750,train
1041,1.0165907,1.0303042,1.0228084,1.0282882,1.0285505927803114,1.5693859,1.5087954,1750,1750,train
1042,1.016595,1.0308561,1.0227582,1.0285239,1.0284660920602144,1.5693839,1.5105202,1750,1750,train
1043,1.0159968,1.031505,1.022716,1.028781,1.0284015088689338,1.569382,1.5060833,1750,1750,train
1044,1.0160002,1.030513,1.0226477,1.0282835,1.0283461621470116,1.5693799,1.5026921,1750,1750,train
1045,1.0160195,1.0309172,1.0225633,1.028396,1.0282953061393916,1.5693779,1.4951005,1750,1750,train
1046,1.0160007,1.031244,1.0224487,1.028504,1.02824358369417,1.5693759,1.4977716,1750,1750,train
1047,1.0160276,1.0304607,1.0224112,1.0281024,1.0282117827766994,1.5693738,1.4913623,1750,1750,train
1048,1.0160053,1.0307246,1.0223392,1.028095,1.0281466880188244,1.5693718,1.4697595,1750,1750,train
1049,1.0160265,1.0313886,1.0223206,1.0284129,1.0280958605275763,1.5693698,1.4752429,1750,1750,train
1050,1.0160352,1.0311878,1.022264,1.0282946,1.0280081014157314,1.5693678,1.4750178,1750,1750,train
1051,1.0154346,1.0302755,1.0221711,1.0278469,1.0279487400525205,1.5693657,1.4773178,1750,1750,train
1052,1.01555,1.0309973,1.0220902,1.0281283,1.0278824840618592,1.5693637,1.4750111,1750,1750,train
1053,1.0154494,1.0300499,1.0220218,1.0276407,1.0278360693772455,1.5693616,1.469346,1750,1750,train
1054,1.015486,1.0296216,1.0219799,1.027445,1.0277464973845065,1.5693595,1.4735162,1750,1750,train
1055,1.0154713,1.0302626,1.0219167,1.0277038,1.0276991086906841,1.5693575,1.4725624,1750,1750,train
1056,1.0154351,1.0285448,1.0217823,1.0268726,1.0276109654624173,1.5693554,1.4754024,1750,1750,train
1057,1.0149137,1.0305438,1.0217377,1.0277158,1.0275306455972546,1.5693533,1.4648559,1750,1750,train
1058,1.0148839,1.0287989,1.0216707,1.0268855,1.0274882059858097,1.5693512,1.463681,1750,1750,train
1059,1.0149124,1.0307716,1.0216476,1.0278469,1.0274001910555657,1.5693492,1.4804312,1750,1750,train
1060,1.0149745,1.0306208,1.0215769,1.0277506,1.02733787614308,1.569347,1.4814953,1750,1750,train
1061,1.0149355,1.0287515,1.0214723,1.0268365,1.0272426189535033,1.569345,1.4780289,1750,1750,train
1062,1.0143226,1.0304195,1.0213823,1.0275275,1.027153434503687,1.5693429,1.4718378,1750,1750,train
1063,1.014419,1.0304887,1.0213622,1.0275425,1.0270921239528898,1.5693407,1.470187,1750,1750,train
1064,1.014346,1.0291736,1.0212635,1.0268514,1.0269978192063571,1.5693386,1.4595455,1750,1750,train
1065,1.0143446,1.0305358,1.0212101,1.0274512,1.0268969022122312,1.5693364,1.4604397,1750,1750,train
1066,1.0143673,1.0302511,1.0211225,1.0273029,1.0267759575525315,1.5693344,1.4652648,1750,1750,train
1067,1.0143632,1.0302047,1.0210558,1.0272367,1.026671329717329,1.5693322,1.4619906,1750,1750,train
1068,1.0143863,1.0297917,1.0209872,1.0270051,1.0265745601663785,1.5693301,1.4592514,1750,1750,train
1069,1.0143548,1.0291672,1.0209079,1.0266705,1.0265075214754256,1.569328,1.4560857,1750,1750,train
1070,1.01385,1.0282176,1.0208338,1.0261935,1.0264174021497952,1.5693257,1.453683,1750,1750,train
1071,1.0138029,1.0289426,1.0207366,1.0264839,1.0263535814454212,1.5693235,1.4547476,1750,1750,train
1072,1.013821,1.0268959,1.0206782,1.0255225,1.026278496766011,1.5693214,1.454124,1750,1750,train
1073,1.0138233,1.0276375,1.0205895,1.0257859,1.0261827090628288,1.5693192,1.4466028,1750,1750,train
1074,1.013738,1.0262636,1.0205263,1.0251973,1.0260898432468644,1.569317,1.4613287,1750,1750,train
1075,1.0132318,1.029164,1.0205252,1.0265206,1.0260242474314114,1.5693148,1.4620808,1750,1750,train
1076,1.013227,1.0272022,1.0204256,1.0256042,1.025962122572269,1.5693127,1.4671375,1750,1750,train
1077,1.0132198,1.026355,1.0203582,1.0251681,1.0258410347690763,1.5693104,1.4626906,1750,1750,train
1078,1.0132279,1.0260073,1.020274,1.0249468,1.0257543107737226,1.5693083,1.4572078,1750,1750,train
1079,1.0127523,1.0284444,1.0202668,1.0261234,1.0256602893034992,1.569306,1.473076,1750,1750,train
1080,1.0126923,1.0257499,1.0201349,1.0247971,1.025569344822988,1.5693038,1.4642031,1750,1750,train
1081,1.0127485,1.0283474,1.0201249,1.0260122,1.0254831734825376,1.5693016,1.472597,1750,1750,train
1082,1.0127624,1.0283887,1.0200611,1.0260035,1.0253816941615415,1.5692993,1.4729627,1750,1750,train
1083,1.0126665,1.0253248,1.0199084,1.0245239,1.0252860939222506,1.5692971,1.4696186,1750,1750,train
1084,1.0121214,1.0283986,1.0198938,1.0259246,1.0251726939882173,1.5692948,1.4714139,1750,1750,train
1085,1.0122063,1.0269648,1.0198113,1.0251949,1.0251081683724128,1.5692925,1.4625814,1750,1750,train
1086,1.0121496,1.0273821,1.0197409,1.0253654,1.0250598053453626,1.5692903,1.4654226,1750,1750,train
1087,1.0121206,1.0267804,1.0196629,1.0250354,1.0249550267036183,1.569288,1.460865,1750,1750,train
1088,1.012219,1.0259391,1.0195808,1.0245769,1.0248772015120247,1.5692858,1.4523548,1750,1750,train
1089,1.0121429,1.0272908,1.0195142,1.025186,1.0248059331850772,1.5692835,1.4577465,1750,1750,train
1090,1.0122075,1.0267975,1.0194422,1.0249181,1.0247298099599746,1.5692812,1.4554156,1750,1750,train
1091,1.012173,1.0270219,1.0193645,1.0250307,1.0246634981138387,1.5692788,1.4657966,1750,1750,train
1092,1.0121636,1.0270998,1.0193027,1.0249931,1.024606952346113,1.5692766,1.455683,1750,1750,train
1093,1.011542,1.0272043,1.0192068,1.0249671,1.0245527167285378,1.5692743,1.4490691,1750,1750,train
1094,1.0116129,1.0257534,1.019099,1.0242218,1.0244833355854408,1.5692719,1.4411861,1750,1750,train
1095,1.0116043,1.0262904,1.0190607,1.0244737,1.0244346499677763,1.5692697,1.446706,1750,1750,train
1096,1.0115736,1.0244325,1.0189708,1.0235933,1.0243858443901783,1.5692673,1.4482086,1750,1750,train
1097,1.0116438,1.0252403,1.0189104,1.023992,1.024347655068239,1.5692649,1.4613183,1750,1750,train
1098,1.0115918,1.0259292,1.0188264,1.024273,1.0242778231958147,1.5692626,1.4626219,1750,1750,train
1099,1.0110683,1.0258348,1.0187682,1.0241534,1.0241915207302767,1.5692602,1.4514066,1750,1750,train
1100,1.0110121,1.0245246,1.0186503,1.0235214,1.0240966311969566,1.5692579,1.4555421,1750,1750,train
1101,1.0110543,1.0239354,1.0185853,1.0232255,1.024049680649724,1.5692555,1.4560219,1750,1750,train
1102,1.0109792,1.0274891,1.0185679,1.0248262,1.0239693627691773,1.5692531,1.453907,1750,1750,train
1103,1.0110173,1.025852,1.01848,1.0240859,1.0238690229311918,1.5692507,1.4640837,1750,1750,train
1104,1.0104842,1.0254477,1.0184103,1.0239089,1.0237682726097384,1.5692483,1.4728659,1750,1750,train
1105,1.0104567,1.0249454,1.0183265,1.0235851,1.0237046363207771,1.5692459,1.4600741,1750,1750,train
1106,1.0104927,1.0251288,1.0182652,1.0236709,1.0235953243400313,1.5692436,1.4669127,1750,1750,train
1107,1.0105019,1.0243872,1.0181857,1.0232934,1.023516783066452,1.5692412,1.4661232,1750,1750,train
1108,1.009954,1.0258881,1.0181209,1.0239261,1.023451330075873,1.5692387,1.4614218,1750,1750,train
1109,1.009958,1.0256628,1.0180501,1.0237638,1.023343166634469,1.5692363,1.4552695,1750,1750,train
1110,1.0099205,1.0242434,1.0179452,1.0230899,1.0232795461117323,1.5692338,1.459823,1750,1750,train
1111,1.0099267,1.0229458,1.0178485,1.0224597,1.0232091668443128,1.5692314,1.4609369,1750,1750,train
1112,1.0099698,1.0251135,1.0178224,1.0234467,1.0231375594260834,1.5692289,1.4636085,1750,1750,train
1113,1.009935,1.0248795,1.0177463,1.0233015,1.023060122827774,1.5692265,1.4627341,1750,1750,train
1114,1.0099581,1.024812,1.0176847,1.0232538,1.022986759372384,1.569224,1.4652728,1750,1750,train
1115,1.0093974,1.0239278,1.0176026,1.0228047,1.0229223826190075,1.5692215,1.4632726,1750,1750,train
1116,1.0093622,1.0247753,1.0175251,1.023163,1.022853940331758,1.569219,1.465034,1750,1750,train
1117,1.0094156,1.0242326,1.0174325,1.0228568,1.0227837224933034,1.5692165,1.4612727,1750,1750,train
1118,1.0094173,1.024355,1.0173492,1.0228698,1.0227191478723257,1.5692141,1.460233,1750,1750,train
1119,1.0093155,1.0253981,1.0172869,1.0233624,1.0226603744307858,1.5692115,1.4706337,1750,1750,train
1120,1.0093453,1.0236111,1.0172049,1.0224717,1.0225899180900473,1.569209,1.4617153,1750,1750,train
1121,1.00935,1.0225503,1.0171205,1.0219592,1.0225172413254193,1.5692065,1.4637518,1750,1750,train
1122,1.0093522,1.0222931,1.0170499,1.0217988,1.02241576024932,1.569204,1.4613147,1750,1750,train
1123,1.0088646,1.0223199,1.0169727,1.0217698,1.0223363013377371,1.5692015,1.4599642,1750,1750,train
1124,1.0088574,1.0239769,1.0169175,1.0224787,1.0222648499373557,1.5691988,1.4554272,1750,1750,train
1125,1.0088491,1.0232053,1.016836,1.0220938,1.0221865125770324,1.5691963,1.4562359,1750,1750,train
1126,1.0088272,1.0225496,1.0167419,1.0217286,1.022097689132983,1.5691937,1.4510003,1750,1750,train
1127,1.0088111,1.0230181,1.0166701,1.021939,1.021986014573113,1.5691912,1.4576844,1750,1750,train
1128,1.0082544,1.0235772,1.0165858,1.0221108,1.0219475401873597,1.5691886,1.4478073,1750,1750,train
1129,1.0082538,1.0229206,1.0165125,1.0217766,1.0218969733072918,1.569186,1.4474039,1750,1750,train
1130,1.00825,1.0227396,1.0164359,1.021641,1.021810300228824,1.5691835,1.4433771,1750,1750,train
1131,1.008319,1.0231651,1.0163714,1.0218318,1.0217091334781538,1.5691808,1.4492925,1750,1750,train
1132,1.0081716,1.0235323,1.0162832,1.022024,1.0216215165863478,1.5691782,1.4639544,1750,1750,train
1133,1.008323,1.0230955,1.0162199,1.0217301,1.0215172209084207,1.5691756,1.4491385,1750,1750,train
1134,1.008212,1.0230488,1.0161295,1.0217117,1.021448895235609,1.569173,1.4590536,1750,1750,train
1135,1.0076813,1.0229713,1.0160526,1.0216217,1.021390986616976,1.5691704,1.4546714,1750,1750,train
1136,1.0076938,1.0219891,1.0159723,1.0211861,1.0213063951364574,1.5691676,1.4655231,1750,1750,train
1137,1.0076995,1.0225813,1.0159103,1.0214196,1.0211955037170048,1.569165,1.4637649,1750,1750,train
1138,1.0077052,1.022576,1.0158366,1.0213381,1.0211272383927312,1.5691624,1.4536028,1750,1750,train
1139,1.0077096,1.0210937,1.0157479,1.0206707,1.0210593998689823,1.5691596,1.4643722,1750,1750,train
1140,1.0076771,1.0217581,1.0156852,1.0209068,1.0209861727175837,1.569157,1.4559289,1750,1750,train
1141,1.0071583,1.0215976,1.015613,1.0207856,1.020903713460283,1.5691543,1.4525392,1750,1750,train
1142,1.0070883,1.0220997,1.015531,1.0209922,1.020809721073465,1.5691516,1.4560056,1750,1750,train
1143,1.0071529,1.0218841,1.0154446,1.0208409,1.0207135607295337,1.5691489,1.4529504,1750,1750,train
1144,1.0071477,1.0216386,1.0153629,1.0206922,1.020660835666926,1.5691462,1.4530814,1750,1750,train
1145,1.0071247,1.0209805,1.0152766,1.0203232,1.0205943830021336,1.5691434,1.4464023,1750,1750,train
1146,1.0071373,1.0216064,1.0152093,1.0206038,1.0205073824106623,1.5691407,1.4522984,1750,1750,train
1147,1.0071448,1.021732,1.0151457,1.020653,1.0204047072273494,1.5691379,1.4570329,1750,1750,train
1148,1.0071148,1.0208834,1.0150558,1.0201952,1.0203004261491786,1.5691352,1.4502732,1750,1750,train
1149,1.0071373,1.0208244,1.0149726,1.02014,1.0202257667366028,1.5691324,1.4524262,1750,1750,train
1150,1.0065538,1.0211136,1.0148855,1.0202404,1.0201658663920898,1.5691297,1.454332,1750,1750,train
1151,1.0065349,1.0203946,1.0147983,1.0198817,1.0200974274314356,1.5691268,1.4562631,1750,1750,train
1152,1.0065551,1.0208948,1.0147296,1.0202123,1.0200008781567003,1.5691241,1.4866079,1750,1750,train
1153,1.0065807,1.018854,1.0146494,1.0192778,1.0198917817862962,1.5691212,1.4938046,1750,1750,train
1154,1.0065715,1.018071,1.0145668,1.0188885,1.0198224330613002,1.5691185,1.4949466,1750,1750,train
1155,1.0060322,1.0204089,1.0144998,1.0198853,1.0197096697138917,1.5691156,1.4864724,1750,1750,train
1156,1.0059955,1.0209649,1.014424,1.0201042,1.0196163065503665,1.5691128,1.4865608,1750,1750,train
1157,1.0060011,1.020331,1.0143548,1.0197755,1.0195336228208043,1.56911,1.4846338,1750,1750,train
1158,1.0054232,1.0208263,1.014268,1.0199983,1.019452031291781,1.5691072,1.4930971,1750,1750,train
1159,1.0060225,1.0198369,1.0141789,1.0194684,1.0193903816632026,1.5691043,1.4842784,1750,1750,train
1160,1.0054418,1.0187958,1.0140887,1.0189905,1.0193092350527657,1.5691015,1.4928237,1750,1750,train
1161,1.0054603,1.0193133,1.0140136,1.0191847,1.0192455437129768,1.5690986,1.4911973,1750,1750,train
1162,1.0057214,1.0197735,1.013934,1.019347,1.0191636362816312,1.5690956,1.4886932,1750,1750,train
1163,1.0055225,1.0186256,1.0138572,1.0188143,1.0191093416142936,1.5690928,1.494495,1750,1750,train
1164,1.0054413,1.0182186,1.0137774,1.0186262,1.019013562845935,1.5690899,1.5022475,1750,1750,train
1165,1.0054183,1.0185705,1.0137013,1.0187426,1.018900409206843,1.5690869,1.5001521,1750,1750,train
1166,1.0048769,1.018338,1.0136019,1.018568,1.0187978091014318,1.569084,1.494817,1750,1750,train
1167,1.0048516,1.0201392,1.0135349,1.019363,1.0186995647159078,1.5690811,1.4960824,1750,1750,train
1168,1.0048715,1.0200226,1.0134634,1.0192804,1.0186121578748173,1.5690781,1.4968138,1750,1750,train
1169,1.0049523,1.0168736,1.0133749,1.0178202,1.018525421688249,1.5690751,1.5000715,1750,1750,train
1170,1.0048908,1.0191364,1.0132974,1.0188187,1.018436003040201,1.5690722,1.5009074,1750,1750,train
1171,1.0049225,1.0191146,1.0132226,1.018752,1.018334483916171,1.5690693,1.4956956,1750,1750,train
1172,1.0045711,1.0193521,1.0131394,1.0187865,1.018248284553478,1.5690662,1.4875722,1750,1750,train
1173,1.0043315,1.0192417,1.0130539,1.0186448,1.0181644638493519,1.5690632,1.4756477,1750,1750,train
1174,1.0040557,1.0166482,1.0129619,1.0174518,1.0180758610298382,1.5690602,1.4824681,1750,1750,train
1175,1.0043142,1.0168788,1.012887,1.0174865,1.0179787427723421,1.5690572,1.4742891,1750,1750,train
1176,1.004363,1.0164626,1.0128069,1.0172684,1.0179188620903818,1.5690541,1.476142,1750,1750,train
1177,1.0043652,1.0175394,1.012729,1.0177195,1.0178388663360225,1.5690511,1.4753333,1750,1750,train
1178,1.0037534,1.0189227,1.0126477,1.0183394,1.0177705204039227,1.569048,1.4814782,1750,1750,train
1179,1.0037748,1.0165261,1.0125587,1.0171597,1.0176761066817006,1.5690451,1.4706764,1750,1750,train
1180,1.0037464,1.0190454,1.012489,1.0183098,1.0175607655741514,1.569042,1.4785868,1750,1750,train
1181,1.0037664,1.0175054,1.0124024,1.01755,1.0174714282251702,1.5690389,1.4742794,1750,1750,train
1182,1.0038105,1.0171226,1.0123295,1.0173552,1.0174053733125987,1.5690358,1.4772037,1750,1750,train
1183,1.0032415,1.0177315,1.0122416,1.0175594,1.0173063038477983,1.5690327,1.4697559,1750,1750,train
1184,1.0035795,1.0155926,1.0121565,1.0165882,1.0172201818851436,1.5690296,1.4792073,1750,1750,train
1185,1.002926,1.0169469,1.0120746,1.0172024,1.017133604527288,1.5690265,1.4871538,1750,1750,train
1186,1.0032263,1.0155638,1.0119946,1.0165097,1.0170258695443055,1.5690233,1.481139,1750,1750,train
1187,1.0029491,1.0159689,1.011901,1.0166093,1.0169499632364214,1.5690202,1.471643,1750,1750,train
1188,1.0029374,1.0142125,1.011817,1.0157688,1.0168557083105099,1.5690169,1.4711249,1750,1750,train
1189,1.0029662,1.0170431,1.0117472,1.0170553,1.0167877811837656,1.5690138,1.4777956,1750,1750,train
1190,1.0027275,1.0170774,1.011669,1.0170214,1.016708113549945,1.5690106,1.474692,1750,1750,train
1191,1.0027298,1.0169885,1.0115784,1.0169176,1.0165950407076902,1.5690074,1.4697472,1750,1750,train
1192,1.0026945,1.0165246,1.0114979,1.0166742,1.0164955351187186,1.5690042,1.4707996,1750,1750,train
1193,1.0026237,1.0162956,1.011412,1.0165422,1.0163998881207863,1.569001,1.4734193,1750,1750,train
1194,1.0027444,1.0160708,1.0113348,1.0164105,1.0163100589892706,1.5689977,1.4747729,1750,1750,train
1195,1.0026826,1.0162148,1.0112442,1.0163841,1.0161863604030006,1.5689945,1.4634035,1750,1750,train
1196,1.0021487,1.0164423,1.0111548,1.0164418,1.0160807127936065,1.5689913,1.4622905,1750,1750,train
1197,1.0021745,1.0159626,1.0110722,1.0162262,1.0159760368631843,1.568988,1.4714149,1750,1750,train
1198,1.0021167,1.0161704,1.0109874,1.0162661,1.0159071799990274,1.5689847,1.4678354,1750,1750,train
1199,1.002373,1.0156835,1.0109073,1.0160146,1.015803768174723,1.5689814,1.4693675,1750,1750,train
1200,1.0021062,1.0165057,1.0108196,1.0162748,1.0156680569783225,1.5689782,1.4527752,1750,1750,train
1201,1.0021309,1.0140934,1.0107287,1.015084,1.01556011851951,1.5689749,1.4415275,1750,1750,train
1202,1.0021099,1.0146557,1.0106486,1.0152951,1.0154395451180775,1.5689715,1.4396793,1750,1750,train
1203,1.0018108,1.014452,1.0105685,1.0151595,1.015328786076587,1.5689682,1.4383137,1750,1750,train
1204,1.0018288,1.0141313,1.0104793,1.0149857,1.0152501520174675,1.5689648,1.4411919,1750,1750,train
1205,1.0018548,1.0144845,1.0103968,1.0150784,1.0151336835965208,1.5689615,1.4344931,1750,1750,train
1206,1.0015537,1.0145041,1.01031,1.0150641,1.0150533786389322,1.568958,1.4381322,1750,1750,train
1207,1.0012908,1.0133036,1.0102232,1.0144594,1.0149840253857707,1.5689547,1.4340845,1750,1750,train
1208,1.001272,1.0151656,1.0101484,1.0152662,1.0148686365070203,1.5689514,1.432576,1750,1750,train
1209,1.0012907,1.0150328,1.0100626,1.0151606,1.0147892284718207,1.5689479,1.4312806,1750,1750,train
1210,1.0012903,1.0139685,1.0099782,1.0147088,1.0146788280707582,1.5689445,1.4470588,1750,1750,train
1211,1.0007348,1.0147183,1.0098861,1.014925,1.0145515691880387,1.568941,1.4287437,1750,1750,train
1212,1.0007468,1.0125551,1.0097998,1.0139477,1.0144487272672493,1.5689375,1.4391282,1750,1750,train
1213,1.0006843,1.0142415,1.0097188,1.01469,1.014319895558511,1.5689341,1.4416815,1750,1750,train
1214,1.0007162,1.0109953,1.0096302,1.0131453,1.0141619011111855,1.5689306,1.4359512,1750,1750,train
1215,1.0007168,1.0108881,1.009544,1.0130467,1.014046055786873,1.5689272,1.4336553,1750,1750,train
1216,1.000186,1.0131874,1.0094573,1.0141172,1.01393586738334,1.5689237,1.4476186,1750,1750,train
1217,1.0002689,1.0116496,1.0093701,1.013367,1.0138296603173433,1.5689201,1.4454069,1750,1750,train
1218,1.0001439,1.0130852,1.0092844,1.0140048,1.013727368175789,1.5689167,1.4505658,1750,1750,train
1219,1.0001336,1.0128547,1.0092014,1.0138574,1.0136284469847825,1.5689131,1.449573,1750,1750,train
1220,1.0001475,1.0122303,1.0091116,1.0135198,1.0135543446256683,1.5689095,1.4468403,1750,1750,train
1221,1.0002049,1.013146,1.0090297,1.0138716,1.0134653910636897,1.568906,1.4407111,1750,1750,train
1222,1.0001769,1.013253,1.008948,1.0139031,1.0133999484390182,1.5689024,1.4451989,1750,1750,train
1223,1.0002128,1.0108929,1.0088533,1.0127834,1.0133197223071513,1.5688988,1.444822,1750,1750,train
1224,1.0001336,1.0134051,1.0087712,1.0139068,1.0132553311025274,1.5688952,1.448609,1750,1750,train
1225,0.99961716,1.0133517,1.0086815,1.0139195,1.0131706115156978,1.5688915,1.4660335,1750,1750,train
1226,0.99961865,1.0114282,1.0085918,1.0129449,1.0131032925861136,1.568888,1.4531575,1750,1750,train
1227,0.9996278,1.0116477,1.0085067,1.0130147,1.0129882057227715,1.5688843,1.4550879,1750,1750,train
1228,0.99965775,1.0118327,1.0084195,1.0130599,1.0129063293108445,1.5688807,1.4552648,1750,1750,train
1229,0.9996713,1.0109613,1.0083311,1.0126201,1.0128339448761567,1.568877,1.454731,1750,1750,train
1230,0.99958795,1.0111502,1.0082453,1.0127046,1.0127246597106832,1.5688733,1.4631408,1750,1750,train
1231,0.99904186,1.0111448,1.0081571,1.0126466,1.0126425886038406,1.5688696,1.4597614,1750,1750,train
1232,0.9991457,1.0085906,1.0080689,1.0114958,1.0125588457992822,1.5688658,1.4715836,1750,1750,train
1233,0.99906105,1.0116874,1.0079831,1.0128093,1.0124575504400717,1.5688621,1.4586997,1750,1750,train
1234,0.9991361,1.0095073,1.007893,1.0118104,1.012393394313931,1.5688584,1.4665508,1750,1750,train
1235,0.99934447,1.0095261,1.0078055,1.0117722,1.0123377910904696,1.5688546,1.4650273,1750,1750,train
1236,0.9990371,1.0121849,1.0077204,1.0129545,1.0122778775583834,1.5688508,1.4674141,1750,1750,train
1237,0.99899215,1.0089203,1.00763,1.0114226,1.0122122105073532,1.5688471,1.4665291,1750,1750,train
1238,0.999008,1.0110288,1.007543,1.0123082,1.0121190691429327,1.5688432,1.4587506,1750,1750,train
1239,0.9984728,1.0113537,1.0074557,1.0124191,1.0120614505807066,1.5688394,1.4593866,1750,1750,train
1240,0.9985149,1.0110527,1.0073663,1.0123113,1.0119635873657316,1.5688355,1.4751568,1750,1750,train
1241,0.99856865,1.0111214,1.0072777,1.0122628,1.0118477425679497,1.5688317,1.4663272,1750,1750,train
1242,0.99850863,1.0110925,1.0071889,1.0122147,1.0117773516601478,1.5688279,1.4675863,1750,1750,train
1243,0.998459,1.0107476,1.0071014,1.0120062,1.0116808075292143,1.5688239,1.46503,1750,1750,train
1244,0.99852145,1.0104586,1.0070109,1.0118954,1.011588382854315,1.56882,1.4790542,1750,1750,train
1245,0.99821675,1.0085617,1.0069214,1.0109667,1.0115067267402045,1.5688162,1.473623,1750,1750,train
1246,0.99825704,1.0097104,1.0068327,1.0114717,1.011399540151276,1.5688123,1.478734,1750,1750,train
1247,0.9982339,1.0083461,1.0067432,1.0107845,1.011320341035426,1.5688083,1.4730711,1750,1750,train
1248,0.99825776,1.0089397,1.0066539,1.0111139,1.0112479633781355,1.5688043,1.495789,1750,1750,train
1249,0.99823374,1.00797,1.0065645,1.0106729,1.0112086024602025,1.5688003,1.5053375,1750,1750,train
1250,0.9982127,1.0092741,1.0064751,1.0111955,1.0111429783227885,1.5687963,1.4983404,1750,1750,train
1251,0.9982221,1.0088725,1.0063857,1.0110242,1.0110894454970196,1.5687923,1.5104605,1750,1750,train
1252,0.99771595,1.0103505,1.0062956,1.0115978,1.010996047614859,1.5687883,1.4970229,1750,1750,train
1253,0.997667,1.0086284,1.0062066,1.0107329,1.0108880257454558,1.5687842,1.4878931,1750,1750,train
1254,0.99765605,1.0075436,1.0061169,1.0102335,1.0108399352237831,1.5687802,1.4960489,1750,1750,train
1255,0.997676,1.0100516,1.0060261,1.0113336,1.0107143291214709,1.5687761,1.4959359,1750,1750,train
1256,0.9976943,1.0084151,1.0059355,1.0105829,1.0106100320340612,1.5687721,1.5041988,1750,1750,train
1257,0.99770623,1.0087471,1.0058447,1.010682,1.0105127660023008,1.5687679,1.5017655,1750,1750,train
1258,0.9971181,1.0088683,1.0057548,1.0107144,1.0103778835681927,1.5687639,1.5059733,1750,1750,train
1259,0.99712723,1.0081192,1.0056646,1.010319,1.010287576919079,1.5687597,1.5029895,1750,1750,train
1260,0.996525,1.0078176,1.0055753,1.0100178,1.010138566970438,1.5687555,1.4749413,1750,1750,train
1261,0.9971347,1.0070775,1.0054833,1.0097337,1.0099979955835718,1.5687513,1.4965775,1750,1750,train
1262,0.9966084,1.0080804,1.0053915,1.0101994,1.0098975866188329,1.5687472,1.5083182,1750,1750,train
1263,0.9965825,1.0082077,1.0053005,1.0102164,1.0097650965357947,1.568743,1.5084374,1750,1750,train
1264,0.9966312,1.0081307,1.0052097,1.0097842,1.0096632437613016,1.5687387,1.4285618,1750,1750,train
1265,0.99653286,1.0072616,1.0051175,1.0095226,1.0095922746442976,1.5687345,1.4676399,1750,1750,train
1266,0.99607635,1.0081779,1.0050286,1.0098239,1.009535586648433,1.5687302,1.4508367,1750,1750,train
1267,0.99604416,1.0070801,1.0049365,1.0092378,1.0094767607833193,1.568726,1.4410968,1750,1750,train
1268,0.99606675,1.0071871,1.004844,1.0092709,1.0093932996565764,1.5687217,1.4469912,1750,1750,train
1269,0.9960598,1.0082939,1.0047501,1.0097358,1.0093268189263382,1.5687174,1.4478674,1750,1750,train
1270,0.9960537,1.0074862,1.0046624,1.009271,1.0092700681706936,1.568713,1.4353237,1750,1750,train
1271,0.99608326,1.0087677,1.0045675,1.0098438,1.0091947322415522,1.5687087,1.4425215,1750,1750,train
1272,0.9960549,1.0078743,1.0044788,1.0093286,1.0091092207738925,1.5687042,1.4276121,1750,1750,train
1273,0.99607277,1.0075583,1.0043817,1.0092216,1.0090538733796306,1.5686998,1.4454908,1750,1750,train
1274,0.9955103,1.0024669,1.0043014,1.0067536,1.0089854520861123,1.5686955,1.4207507,1750,1750,train
1275,0.9954918,1.0062251,1.0042032,1.0085139,1.0088838684228978,1.568691,1.441328,1750,1750,train
1276,0.9955054,1.0056049,1.0041128,1.0081539,1.0088090242357883,1.5686866,1.4333763,1750,1750,train
1277,0.9955091,1.0063845,1.0040213,1.0085169,1.0087339707513074,1.5686822,1.4443532,1750,1750,train
1278,0.9955137,1.0077788,1.0039252,1.0091081,1.0086891544578116,1.5686777,1.4444093,1750,1750,train
1279,0.9955369,1.0033854,1.0038348,1.0070469,1.008668409611287,1.5686731,1.440186,1750,1750,train
1280,0.99551046,1.0072193,1.0037402,1.0091697,1.0086000522575178,1.5686687,1.5357661,1750,1750,train
1281,0.99547255,1.0060849,1.0036496,1.0086147,1.0085761891169596,1.5686642,1.5364792,1750,1750,train
1282,0.9955323,1.0057262,1.0035592,1.0083549,1.0085147718343046,1.5686595,1.5235728,1750,1750,train
1283,0.9955263,1.0059338,1.0034657,1.0084093,1.0084895523475206,1.568655,1.5241985,1750,1750,train
1284,0.99494636,1.0055647,1.0033736,1.008165,1.0084887444520514,1.5686504,1.5162705,1750,1750,train
1285,0.99501264,1.0080845,1.0032729,1.0092556,1.0084668857254175,1.5686458,1.5137792,1750,1750,train
1286,0.99487835,1.0077015,1.0031835,1.0090362,1.0084108581423745,1.5686412,1.5128264,1750,1750,train
1287,0.99494123,1.0078446,1.0030891,1.0090784,1.0083638302437063,1.5686365,1.5175226,1750,1750,train
1288,0.9949054,1.0073043,1.0029937,1.0088285,1.0082887260988551,1.5686319,1.526783,1750,1750,train
1289,0.9944041,1.0073532,1.0028954,1.0088015,1.0082334699699445,1.5686271,1.5257746,1750,1750,train
1290,0.99443024,1.0057746,1.0028061,1.0080384,1.0082023393289743,1.5686225,1.5249779,1750,1750,train
1291,0.994353,1.0046415,1.0027134,1.0075284,1.0081615233497268,1.5686177,1.5363077,1750,1750,train
1292,0.9943886,1.0049103,1.0026191,1.0076137,1.0080942143513252,1.5686129,1.5377125,1750,1750,train
1293,0.99439424,1.007204,1.002514,1.0085914,1.0079784587019702,1.5686082,1.5333223,1750,1750,train
1294,0.99385756,1.0061697,1.0024306,1.0080441,1.0078701488930846,1.5686034,1.5244368,1750,1750,train
1295,0.99387825,1.0054938,1.0023347,1.0077578,1.007855476537906,1.5685985,1.539749,1750,1750,train
1296,0.9938469,1.0052017,1.0022408,1.0074881,1.0078273348749873,1.5685937,1.5178367,1750,1750,train
1297,0.9938113,1.0073576,1.0021387,1.0084172,1.0077210455783694,1.5685889,1.5164607,1750,1750,train
1298,0.99388933,1.0037193,1.0020502,1.006718,1.007650049235669,1.568584,1.5160131,1750,1750,train
1299,0.9938571,1.0052129,1.0019509,1.0073962,1.0075812955634624,1.5685791,1.5261177,1750,1750,train
1300,0.9933387,1.0071781,1.0018641,1.0081413,1.0074082786044278,1.5685741,1.5006497,1750,1750,train
1301,0.9933125,1.0068052,1.0017637,1.0078975,1.0072961442237975,1.5685692,1.4942441,1750,1750,train
1302,0.99325436,1.0068521,1.0016705,1.0079095,1.0071576002211022,1.5685642,1.5018594,1750,1750,train
1303,0.99329215,1.0063511,1.0015757,1.0076768,1.0070563551928426,1.5685592,1.5107884,1750,1750,train
1304,0.9933584,1.0027989,1.0014845,1.0060326,1.0069541914492166,1.5685542,1.514262,1750,1750,train
1305,0.99326915,1.0051119,1.0013905,1.0070201,1.0068235418291898,1.5685492,1.5090123,1750,1750,train
1306,0.993346,1.0042975,1.0012919,1.0066292,1.0067218559946847,1.568544,1.5147979,1750,1750,train
1307,0.99272203,1.0058224,1.0012037,1.0072603,1.0065811652338192,1.568539,1.5095162,1750,1750,train
1308,0.9927342,1.0034633,1.0011162,1.006159,1.006443673704233,1.5685339,1.5125074,1750,1750,train
1309,0.99277705,1.0014632,1.0010167,1.0052401,1.00633687095631,1.5685288,1.5211849,1750,1750,train
1310,0.99279964,1.0017806,1.0009103,1.0053617,1.0061870797411616,1.5685236,1.5271606,1750,1750,train
1311,0.9927208,1.0036288,1.0008293,1.0060731,1.0060833038977137,1.5685184,1.5055854,1750,1750,train
1312,0.9927356,1.002036,1.0007256,1.0053073,1.0059491999624512,1.5685133,1.5072088,1750,1750,train
1313,0.992711,1.0049719,1.0006226,1.0066558,1.005854095634237,1.568508,1.5207732,1750,1750,train
1314,0.99219096,1.0039386,1.0005208,1.0060825,1.0057776031327827,1.5685028,1.5077792,1750,1750,train
1315,0.992195,1.0009042,1.0004243,1.0047168,1.0056790799937145,1.5684975,1.521699,1750,1750,train
1316,0.992176,1.0005896,1.0003169,1.004481,1.0055407528353335,1.5684922,1.5116636,1750,1750,train
1317,0.99162054,1.0029736,1.0002321,1.0054963,1.0053993547409952,1.5684868,1.5043887,1750,1750,train
1318,0.99162894,1.0054593,1.0001199,1.0065781,1.0052044757557335,1.5684816,1.5046775,1750,1750,train
1319,0.9916489,1.0052135,1.000023,1.0064453,1.0051286504147965,1.5684762,1.5100857,1750,1750,train
1320,0.99165726,0.99902415,0.99993765,1.0036045,1.005000423538821,1.5684707,1.5139654,1750,1750,train
1321,0.9916648,0.99821,0.99984777,1.0031904,1.00484097536676,1.5684654,1.5134243,1750,1750,train
1322,0.99163055,1.0052955,0.99972904,1.0063281,1.0046609513807854,1.5684599,1.5054603,1750,1750,train
1323,0.9910682,1.0018061,0.9996489,1.0047176,1.004521799510349,1.5684544,1.508952,1750,1750,train
1324,0.9910934,1.0013438,0.99955976,1.0044228,1.004386334139062,1.5684489,1.4989686,1750,1750,train
1325,0.991083,1.0030975,0.9994608,1.0052072,1.0042314237072603,1.5684434,1.5060947,1750,1750,train
1326,0.9911141,1.0018473,0.9993602,1.004585,1.0041759013751417,1.5684378,1.5045481,1750,1750,train
1327,0.9910814,1.0027142,0.999256,1.00494,1.0041233264710383,1.5684322,1.5063641,1750,1750,train
1328,0.99113244,1.0001425,0.9991683,1.0038093,1.0040852989722873,1.5684266,1.5250032,1750,1750,train
1329,0.9910916,1.0011929,0.99905384,1.0042646,1.0040481583648366,1.568421,1.5318226,1750,1750,train
1330,0.99111557,0.99812114,0.99897635,1.0027955,1.0039654039370294,1.5684154,1.5236905,1750,1750,train
1331,0.99050224,0.99981755,0.99887145,1.0035313,1.0039052929828676,1.5684097,1.5263197,1750,1750,train
1332,0.99052125,1.0015646,0.99877584,1.0042282,1.0038118069675392,1.568404,1.5135944,1750,1750,train
1333,0.9905032,1.0007681,0.9986887,1.0037681,1.0037869776617325,1.5683982,1.5003556,1750,1750,train
1334,0.9905623,0.9981511,0.9985851,1.0025411,1.003712222411088,1.5683925,1.5031173,1750,1750,train
1335,0.99052435,1.0004072,0.9984797,1.0035123,1.0035937280910574,1.5683867,1.5013065,1750,1750,train
1336,0.9900326,0.9993176,0.9983901,1.0029637,1.0034328531404906,1.5683808,1.4986919,1750,1750,train
1337,0.9898993,1.0012878,0.99828446,1.003858,1.0032574587096088,1.568375,1.5091296,1750,1750,train
1338,0.989953,0.99873596,0.99819124,1.0026584,1.0030812212136957,1.5683692,1.5102998,1750,1750,train
1339,0.9900181,0.99669236,0.9980794,1.0016724,1.002942989418156,1.5683632,1.5093262,1750,1750,train
1340,0.98944855,0.99811524,0.99799454,1.0022762,1.0028182570614235,1.5683573,1.5080979,1750,1750,train
1341,0.98940927,0.9994287,0.9978901,1.0028322,1.002663659438913,1.5683514,1.5094075,1750,1750,train
1342,0.98943156,0.9983406,0.9977751,1.0023165,1.0025583559147433,1.5683453,1.5168796,1750,1750,train
1343,0.9894914,1.0028125,0.9976697,1.0042394,1.002547270696938,1.5683393,1.5018903,1750,1750,train
1344,0.98940146,0.9960949,0.9975742,1.0012354,1.002569105991598,1.5683333,1.5246689,1750,1750,train
1345,0.9889604,0.99882513,0.99746406,1.0024354,1.0025444872684381,1.5683272,1.5263264,1750,1750,train
1346,0.98890716,1.0009911,0.99736726,1.0033472,1.0024381643210973,1.5683211,1.5192734,1750,1750,train
1347,0.988919,1.0026872,0.99727404,1.0040526,1.002310732499988,1.5683149,1.5136735,1750,1750,train
1348,0.98885316,1.0028567,0.9971626,1.0040337,1.002219468133071,1.5683087,1.5033078,1750,1750,train
1349,0.98893714,0.99944204,0.9970536,1.0024471,1.0020675224575508,1.5683025,1.507481,1750,1750,train
1350,0.9888968,1.0029358,0.9969653,1.0039457,1.0019523414815403,1.5682963,1.4955872,1750,1750,train
1351,0.9888626,0.9976387,0.99688697,1.0015658,1.0018357131923203,1.5682901,1.5111811,1750,1750,train
1352,0.98836046,0.9972072,0.9967979,1.0013046,1.001726150536977,1.5682838,1.5056975,1750,1750,train
1353,0.9883113,0.99639934,0.9966986,1.0008658,1.0016557079994477,1.5682775,1.4998574,1750,1750,train
1354,0.98834425,0.99580604,0.99658835,1.0006094,1.0015736447932684,1.568271,1.5146075,1750,1750,train
1355,0.9883601,0.9954086,0.99647605,1.0003351,1.0015183608257254,1.5682647,1.5049574,1750,1750,train
1356,0.9883066,0.9954832,0.99638784,1.0003332,1.0014341191831186,1.5682583,1.5059859,1750,1750,train
1357,0.98830223,0.99715406,0.9962946,1.0010276,1.001394515079477,1.5682518,1.5005261,1750,1750,train
1358,0.98838115,0.99339616,0.99618065,0.99924856,1.001352727247098,1.5682453,1.496962,1750,1750,train
1359,0.98779464,0.99437666,0.9961002,0.9996324,1.0012876315738692,1.5682387,1.4910926,1750,1750,train
1360,0.98778546,0.9950291,0.9959911,0.999906,1.0011747242472688,1.5682322,1.4971008,1750,1750,train
1361,0.9877625,0.9982032,0.99587,1.0013001,1.0010711595251496,1.5682256,1.4980167,1750,1750,train
1362,0.98779315,1.0015864,0.99575686,1.0027292,1.0008865263891786,1.5682191,1.4844548,1750,1750,train
1363,0.9877906,1.0007827,0.9956547,1.0023398,1.0007955344128823,1.5682124,1.4897598,1750,1750,train
1364,0.9872042,1.0021089,0.9955542,1.0028396,1.0006381580155947,1.5682057,1.4766235,1750,1750,train
1365,0.9872711,1.0011426,0.99546635,1.002354,1.0004374765845203,1.5681989,1.4754117,1750,1750,train
1366,0.9872028,1.0013119,0.9953567,1.0023342,1.0002351337163318,1.5681921,1.4649618,1750,1750,train
1367,0.9872085,0.9971359,0.99526894,1.0004375,1.000082733419206,1.5681853,1.4750565,1750,1750,train
1368,0.98723334,0.9916777,0.9951519,0.9979486,0.9998908190093146,1.5681785,1.4863628,1750,1750,train
1369,0.98669964,0.9910181,0.9950794,0.9975865,0.9998390001238884,1.5681716,1.479913,1750,1750,train
1370,0.9866158,0.9941264,0.99495137,0.99895877,0.9997133021392386,1.5681647,1.4833951,1750,1750,train
1371,0.9866671,0.9936289,0.9948541,0.9986917,0.9996396268439145,1.5681578,1.4842997,1750,1750,train
1372,0.9866416,0.99315375,0.9947499,0.9984704,0.9995913439400121,1.5681509,1.494003,1750,1750,train
1373,0.9861387,0.9973642,0.99464357,1.0003233,0.9994815243403034,1.5681438,1.4904176,1750,1750,train
1374,0.98611534,0.9994034,0.99452317,1.0011674,0.9994405325793996,1.5681368,1.4837506,1750,1750,train
1375,0.9861149,0.99655336,0.99442065,0.99981827,0.9993836985846248,1.5681297,1.4827641,1750,1750,train
1376,0.9861154,0.9990172,0.99433506,1.0008996,0.9993648469068519,1.5681225,1.4824176,1750,1750,train
1377,0.9860966,0.9978716,0.99422693,1.0003909,0.9992673269724544,1.5681154,1.4965999,1750,1750,train
1378,0.9861371,0.9963879,0.99412906,0.99965835,0.9991961751654388,1.5681082,1.4938424,1750,1750,train
1379,0.9861339,0.9949015,0.9940058,0.9989859,0.99909637678075,1.5681009,1.5077229,1750,1750,train
1380,0.98546356,0.994016,0.99395883,0.9984517,0.998980554429384,1.5680937,1.4828236,1750,1750,train
1381,0.98559976,0.9924329,0.9938179,0.99770063,0.9988167068826262,1.5680863,1.4905733,1750,1750,train
1382,0.98561937,0.9897832,0.99372566,0.9964317,0.9986439339193478,1.568079,1.4860332,1750,1750,train
1383,0.985579,0.99067354,0.99363816,0.9968179,0.9985115902550946,1.5680715,1.4907358,1750,1750,train
1384,0.98548144,0.99097764,0.9935162,0.996887,0.9983156727052389,1.5680641,1.487668,1750,1750,train
1385,0.98558646,0.99111897,0.993431,0.99691665,0.9981315096587303,1.5680566,1.4886388,1750,1750,train
1386,0.9855703,0.992104,0.9933195,0.99726367,0.9979936780388038,1.5680491,1.4772261,1750,1750,train
1387,0.98501045,0.99712485,0.99319816,0.9994945,0.9978472229502611,1.5680416,1.4772384,1750,1750,train
1388,0.984974,0.9923671,0.99311507,0.9973165,0.9977085027149829,1.5680339,1.4832233,1750,1750,train
1389,0.9850204,0.99486953,0.9929861,0.9983754,0.997635902719906,1.5680263,1.4783658,1750,1750,train
1390,0.9849423,0.995971,0.9928937,0.9988338,0.9975581269439102,1.5680186,1.4781504,1750,1750,train
1391,0.98496383,0.9977668,0.9927558,0.999573,0.9974830367615773,1.5680108,1.4746876,1750,1750,train
1392,0.98507524,0.99609065,0.99266315,0.99863094,0.9974226129738235,1.568003,1.4443984,1750,1750,train
1393,0.9843882,0.9985296,0.9925848,0.9996952,0.9973069862043752,1.5679952,1.4420801,1750,1750,train
1394,0.9843977,0.9928846,0.9924582,0.99712527,0.997097616518436,1.5679873,1.4550048,1750,1750,train
1395,0.9844451,0.9916488,0.99234414,0.9965131,0.9968703746358031,1.5679795,1.4556272,1750,1750,train
1396,0.9838661,0.9897377,0.99224794,0.9955462,0.9967308432068124,1.5679715,1.4440225,1750,1750,train
1397,0.98393184,0.9893424,0.992146,0.9953373,0.9965920006138598,1.5679635,1.4479288,1750,1750,train
1398,0.9832903,0.99620336,0.9920205,0.9983614,0.9963985688986051,1.5679554,1.438542,1750,1750,train
1399,0.9833555,0.99214524,0.9919113,0.996467,0.9963051654446675,1.5679474,1.4393098,1750,1750,train
1400,0.98337185,0.9903123,0.99180317,0.9954932,0.99623810689,1.5679392,1.4198015,1750,1750,train
1401,0.98333937,0.99096364,0.9917258,0.99575675,0.9961397074411348,1.567931,1.420316,1750,1750,train
1402,0.9833369,0.9918325,0.991583,0.99613184,0.9960837717228778,1.5679228,1.4300349,1750,1750,train
1403,0.98335403,0.9889586,0.99149764,0.9947533,0.99599964705788,1.5679145,1.4233503,1750,1750,train
1404,0.98277336,0.9894737,0.99141276,0.9949241,0.9958953888378994,1.5679061,1.4179633,1750,1750,train
1405,0.98280555,0.9893961,0.9913095,0.99483544,0.9957621555875873,1.5678978,1.4166491,1750,1750,train
1406,0.9827752,0.99176913,0.9911773,0.99590063,0.9956338910903061,1.5678893,1.4264159,1750,1750,train
1407,0.9827214,0.99234086,0.9910711,0.9960386,0.9955032597611514,1.5678809,1.4104759,1750,1750,train
1408,0.9828004,0.9907065,0.9909756,0.99523705,0.9952750631862425,1.5678724,1.4075631,1750,1750,train
1409,0.9828004,0.9910156,0.99086237,0.9953562,0.9950771528115422,1.5678638,1.4140548,1750,1750,train
1410,0.9828486,0.9902055,0.9907602,0.99495244,0.9949119089346138,1.5678551,1.4166299,1750,1750,train
1411,0.98274803,0.9861705,0.9906994,0.9931519,0.9947646100290459,1.5678465,1.4306616,1750,1750,train
1412,0.9827441,0.9894202,0.9905971,0.9945043,0.9946025285896893,1.5678377,1.4131968,1750,1750,train
1413,0.9828174,0.99267405,0.9904374,0.9959384,0.9945175977235716,1.567829,1.4187069,1750,1750,train
1414,0.98227364,0.9877005,0.99038756,0.99364656,0.9943596226377314,1.5678202,1.4177904,1750,1750,train
1415,0.98219573,0.98995227,0.9902775,0.99460566,0.9942278198408406,1.5678113,1.4143655,1750,1750,train
1416,0.9821656,0.9896077,0.99015594,0.99445707,0.9941223543152725,1.5678023,1.4282207,1750,1750,train
1417,0.9822402,0.9895187,0.9900123,0.9943551,0.9940813549061706,1.5677934,1.4291447,1750,1750,train
1418,0.98223007,0.99026555,0.9899117,0.9946336,0.9940859504689703,1.5677843,1.4257777,1750,1750,train
1419,0.981616,0.99199396,0.9898015,0.9953369,0.9941288483769362,1.5677751,1.4185549,1750,1750,train
1420,0.9816241,0.99220246,0.9896699,0.99541485,0.9941049988586768,1.5677661,1.4279234,1750,1750,train
1421,0.9817094,0.9884229,0.9895481,0.9935964,0.9940598220616437,1.5677568,1.4189175,1750,1750,train
1422,0.98103726,0.9871644,0.9894531,0.99299884,0.9939728920050585,1.5677476,1.4230273,1750,1750,train
1423,0.9805454,0.99041647,0.9893676,0.9943932,0.99387237372306,1.5677382,1.4128121,1750,1750,train
1424,0.9812038,0.9869823,0.9892801,0.99279594,0.9938683485012008,1.5677289,1.4142255,1750,1750,train
1425,0.9811031,0.9871971,0.98915136,0.9928568,0.9938095178136045,1.5677195,1.4189572,1750,1750,train
1426,0.9812015,0.9868816,0.9890362,0.9926813,0.9937186008693075,1.5677099,1.4234904,1750,1750,train
1427,0.98117155,0.9862552,0.98897636,0.99242264,0.9936626140019519,1.5677004,1.4352075,1750,1750,train
1428,0.9805531,0.98814416,0.98885596,0.9931321,0.9936147722202135,1.5676907,1.4144957,1750,1750,train
1429,0.9805936,0.9887778,0.98875046,0.993372,0.9934964039476241,1.5676811,1.4144149,1750,1750,train
1430,0.9805297,0.9902294,0.98863244,0.9939636,0.9934307139519986,1.5676713,1.4110947,1750,1750,train
1431,0.9805756,0.9892227,0.98848844,0.9934743,0.9933571563309238,1.5676615,1.418654,1750,1750,train
1432,0.98055124,0.9878673,0.98838484,0.99281687,0.9933162715840449,1.5676516,1.4202051,1750,1750,train
1433,0.98051465,0.99246985,0.9882822,0.9948393,0.9932946058998293,1.5676417,1.4145238,1750,1750,train
1434,0.98052764,0.9911588,0.98818576,0.9942529,0.9932106393304508,1.5676317,1.4263475,1750,1750,train
1435,0.9805819,0.9890117,0.98806214,0.9931698,0.993183283682268,1.5676217,1.4157901,1750,1750,train
1436,0.9805893,0.9872526,0.9879464,0.992403,0.9931233148252882,1.5676116,1.4346964,1750,1750,train
1437,0.9799693,0.98910576,0.9878701,0.99312955,0.9929681165201575,1.5676014,1.4168438,1750,1750,train
1438,0.9799919,0.98878676,0.9877349,0.99296504,0.9928937612439643,1.5675912,1.4260552,1750,1750,train
1439,0.9800241,0.99045545,0.98763216,0.99357784,0.992871436914181,1.5675809,1.4045212,1750,1750,train
1440,0.9799667,0.991564,0.9875027,0.9940971,0.9927542455649971,1.5675706,1.4203703,1750,1750,train
1441,0.9799367,0.9919478,0.9873967,0.994258,0.9926240366756113,1.5675601,1.42787,1750,1750,train
1442,0.98000157,0.9902802,0.98730934,0.9935024,0.9925236278283293,1.5675496,1.437391,1750,1750,train
1443,0.97947633,0.98579043,0.9872141,0.99145746,0.9924305407397912,1.567539,1.4468534,1750,1750,train
1444,0.97949266,0.98609084,0.9871316,0.99154097,0.9923596131323209,1.5675284,1.4434379,1750,1750,train
1445,0.97939366,0.9860049,0.9869915,0.99146426,0.9922963947711639,1.5675176,1.4492816,1750,1750,train
1446,0.9794782,0.98635405,0.9869162,0.99153894,0.9922917946599474,1.5675069,1.4383411,1750,1750,train
1447,0.9793802,0.9871215,0.98672783,0.9918745,0.9922008215051048,1.5674961,1.45422,1750,1750,train
1448,0.97887135,0.9874465,0.9866358,0.9919694,0.9921480898149585,1.5674851,1.4518073,1750,1750,train
1449,0.9789375,0.98736817,0.98654366,0.9918696,0.9920884825469793,1.5674741,1.4469821,1750,1750,train
1450,0.97888064,0.9881522,0.9864148,0.9921541,0.9919958707875609,1.567463,1.4440166,1750,1750,train
1451,0.9782739,0.98886806,0.98628473,0.9923935,0.9919076176723013,1.5674518,1.4380864,1750,1750,train
1452,0.97836953,0.986889,0.98619187,0.99148977,0.9918176676789991,1.5674406,1.4468372,1750,1750,train
1453,0.9784015,0.987403,0.9861206,0.9916248,0.9916926972560581,1.5674293,1.4323258,1750,1750,train
1454,0.97829545,0.9899177,0.98595,0.9927283,0.9915900847137178,1.567418,1.4402885,1750,1750,train
1455,0.9782756,0.98641247,0.98588383,0.9910494,0.9915126204333856,1.5674065,1.4288663,1750,1750,train
1456,0.978408,0.9863494,0.9857563,0.9910337,0.9914348774413616,1.567395,1.4444275,1750,1750,train
1457,0.978332,0.9862004,0.9856719,0.99090976,0.9913592014772329,1.5673834,1.4406211,1750,1750,train
1458,0.9783017,0.98505133,0.985572,0.9904092,0.9912790579864117,1.5673717,1.4556458,1750,1750,train
1459,0.9777603,0.98818225,0.9854289,0.991795,0.9912657750881507,1.5673599,1.4613014,1750,1750,train
1460,0.97782856,0.9844594,0.9853457,0.989993,0.9912413606481686,1.5673481,1.4461555,1750,1750,train
1461,0.9777776,0.9858227,0.98523307,0.99058497,0.9911750304004537,1.5673361,1.4511588,1750,1750,train
1462,0.9777391,0.98896325,0.9851035,0.991906,0.9910857404554518,1.5673242,1.4402537,1750,1750,train
1463,0.97774154,0.9855452,0.98500955,0.99036014,0.9909972886125901,1.567312,1.4519993,1750,1750,train
1464,0.9778627,0.98480326,0.9848815,0.98998874,0.9909117956585659,1.5672998,1.4575341,1750,1750,train
1465,0.97776216,0.98686796,0.9847642,0.99087924,0.9908686265764004,1.5672876,1.4584284,1750,1750,train
1466,0.9771911,0.9902238,0.98466325,0.9923725,0.9908171215884289,1.5672752,1.4609543,1750,1750,train
1467,0.9771936,0.98842365,0.9845203,0.9914612,0.9907844176570124,1.5672628,1.4551594,1750,1750,train
1468,0.97725797,0.98797345,0.9844053,0.99124616,0.9907345128355127,1.5672503,1.4645911,1750,1750,train
1469,0.9772336,0.9874435,0.9843141,0.9908948,0.9906378808630287,1.5672376,1.4495,1750,1750,train
1470,0.9771674,0.9890581,0.98418367,0.99161875,0.9905340894720696,1.5672249,1.4601946,1750,1750,train
1471,0.97665226,0.9856334,0.9841019,0.9900117,0.9904241329959352,1.5672121,1.4579425,1750,1750,train
1472,0.9767101,0.98838234,0.9839691,0.99125457,0.9903148718051675,1.5671992,1.469449,1750,1750,train
1473,0.97664773,0.9838707,0.9839014,0.9892,0.990225841292727,1.5671862,1.476327,1750,1750,train
1474,0.97599727,0.9873131,0.98375416,0.9907203,0.9901454808927875,1.5671731,1.4808445,1750,1750,train
1475,0.9761534,0.98627687,0.9836173,0.9902443,0.9900653852649725,1.56716,1.4940295,1750,1750,train
1476,0.976078,0.9858627,0.98349583,0.98995554,0.9899874585798283,1.5671467,1.4839756,1750,1750,train
1477,0.97609115,0.98513025,0.9833895,0.98958176,0.9899272387066804,1.5671333,1.4858586,1750,1750,train
1478,0.97548586,0.9867669,0.98327744,0.990265,0.9898512345248076,1.5671198,1.4834594,1750,1750,train
1479,0.97555405,0.98643965,0.9831685,0.9900827,0.9897676712132732,1.5671064,1.4871801,1750,1750,train
1480,0.97562087,0.98501754,0.9830314,0.98936445,0.9897098610424125,1.5670927,1.4853947,1750,1750,train
1481,0.9755476,0.9865063,0.982916,0.98995906,0.9896040930289087,1.5670788,1.4785552,1750,1750,train
1482,0.9755759,0.98541236,0.9828135,0.98944163,0.9894917996143536,1.567065,1.4847443,1750,1750,train
1483,0.97557366,0.9842132,0.98271036,0.9887809,0.9893730950491961,1.567051,1.4696584,1750,1750,train
1484,0.97507995,0.983457,0.9826385,0.9884519,0.989243072554439,1.567037,1.4804237,1750,1750,train
1485,0.9749626,0.98336047,0.9825319,0.9882978,0.989179615126665,1.5670228,1.4667389,1750,1750,train
1486,0.9750298,0.9840781,0.9824207,0.98858505,0.9890512038433773,1.5670085,1.4692577,1750,1750,train
1487,0.97496843,0.98379785,0.982306,0.98841196,0.9889436728465553,1.5669941,1.4708251,1750,1750,train
1488,0.97502685,0.98546267,0.9821782,0.9889928,0.9888598627621518,1.5669795,1.444619,1750,1750,train
1489,0.9749355,0.9849747,0.9820429,0.9887284,0.9887140995270743,1.566965,1.4489338,1750,1750,train
1490,0.97502804,0.98313516,0.9819051,0.98787504,0.9885497087570658,1.5669502,1.4593647,1750,1750,train
1491,0.9743703,0.9852303,0.98178697,0.98880607,0.9884063319867127,1.5669353,1.4662461,1750,1750,train
1492,0.9744303,0.9851343,0.98166656,0.9886417,0.9883275847545074,1.5669204,1.4517697,1750,1750,train
1493,0.97439533,0.98549074,0.98152375,0.98876065,0.9882323867470008,1.5669053,1.456628,1750,1750,train
1494,0.9744508,0.9847329,0.98146677,0.9883215,0.9881333698610333,1.5668901,1.4416914,1750,1750,train
1495,0.9744755,0.98517346,0.98132145,0.98847485,0.9880232039552195,1.5668747,1.4459169,1750,1750,train
1496,0.9738729,0.98574144,0.9812087,0.98847336,0.987941496129027,1.5668594,1.4009112,1750,1750,train
1497,0.97385323,0.9856773,0.9810904,0.988407,0.9878083063337126,1.5668437,1.4045371,1750,1750,train
1498,0.97388226,0.98469085,0.98099303,0.9879532,0.9877152031603313,1.5668281,1.4130778,1750,1750,train
1499,0.9739352,0.9842903,0.9808608,0.9876482,0.9875743374049057,1.5668123,1.3998146,1750,1750,train
1500,0.9732993,0.98391587,0.98081124,0.98741305,0.9874789206265219,1.5667963,1.3909259,1750,1750,train
1501,0.9732955,0.98438555,0.9806845,0.9875393,0.9873784021852141,1.5667803,1.3846606,1750,1750,train
1502,0.97332656,0.98355675,0.9805864,0.9871556,0.9872764544137511,1.5667641,1.3928331,1750,1750,train
1503,0.9733882,0.9826165,0.98046863,0.98665154,0.9871713535378133,1.5667478,1.3881756,1750,1750,train
1504,0.9732416,0.9835544,0.98027956,0.9868385,0.987086966317521,1.5667313,1.3560739,1750,1750,train
1505,0.97276765,0.9840883,0.9801614,0.98706394,0.9869984072905248,1.5667148,1.3636305,1750,1750,train
1506,0.9727424,0.9841206,0.9800514,0.9870072,0.9868935770906075,1.566698,1.3592558,1750,1750,train
1507,0.97280926,0.9842437,0.97993064,0.9870768,0.9868132256133413,1.5666811,1.3736091,1750,1750,train
1508,0.97268665,0.9843403,0.97980726,0.98705584,0.9867137002200587,1.5666641,1.3718387,1750,1750,train
1509,0.9727129,0.98387676,0.9797182,0.9867621,0.9865951059199163,1.5666469,1.3630977,1750,1750,train
1510,0.97222483,0.9815162,0.9796158,0.9856987,0.986471488050829,1.5666296,1.375281,1750,1750,train
1511,0.9721956,0.9818713,0.97951114,0.9858154,0.9863418501261203,1.5666122,1.3758944,1750,1750,train
1512,0.9721544,0.9807838,0.9793874,0.985293,0.9862188659909403,1.5665947,1.3820662,1750,1750,train
1513,0.97217256,0.98158395,0.9792689,0.9856111,0.9861119100144333,1.566577,1.3837645,1750,1750,train
1514,0.97220343,0.9828128,0.97910166,0.986066,0.9859952627485007,1.5665591,1.3778627,1750,1750,train
1515,0.97219247,0.9831788,0.9789864,0.98612344,0.9858748688319919,1.5665411,1.3660756,1750,1750,train
1516,0.97158784,0.9833253,0.9788667,0.986193,0.9857589485107818,1.5665228,1.3781223,1750,1750,train
1517,0.9716193,0.98220533,0.97883165,0.9856067,0.9856811852986226,1.5665045,1.3655207,1750,1750,train
1518,0.97163886,0.9818112,0.97867095,0.98539245,0.9855711539795002,1.566486,1.3736178,1750,1750,train
1519,0.97162837,0.98186606,0.9785646,0.9853588,0.9854681244152587,1.5664674,1.3715408,1750,1750,train
1520,0.97161114,0.98225373,0.97841704,0.98543054,0.9853527136274239,1.5664486,1.3637972,1750,1750,train
1521,0.97159815,0.98199624,0.97827494,0.9853097,0.985255384037987,1.5664295,1.3766248,1750,1750,train
1522,0.9710126,0.9827369,0.978161,0.98553795,0.9851534453944091,1.5664104,1.364768,1750,1750,train
1523,0.97103924,0.98273814,0.9780079,0.9855355,0.9850548447621476,1.5663911,1.378772,1750,1750,train
1524,0.97110677,0.9820465,0.97796285,0.9851362,0.9849576963708846,1.5663716,1.365468,1750,1750,train
1525,0.9711578,0.9820377,0.97782815,0.9850901,0.9848554594286667,1.5663519,1.3695371,1750,1750,train
1526,0.97101593,0.9818948,0.9776794,0.98488015,0.9847749381100922,1.5663321,1.353607,1750,1750,train
1527,0.970492,0.9813613,0.9776348,0.984657,0.9846729511822833,1.5663121,1.3619244,1750,1750,train
1528,0.97053725,0.98083955,0.97753,0.98432916,0.9845795763270726,1.5662918,1.3531752,1750,1750,train
1529,0.9705416,0.9808486,0.9773549,0.9842841,0.9844678989482375,1.5662714,1.3595982,1750,1750,train
1530,0.97049844,0.98092586,0.9772595,0.98430926,0.9843313075258769,1.5662509,1.3665825,1750,1750,train
1531,0.9704985,0.98081905,0.9771601,0.98415154,0.9842195796014279,1.5662302,1.3534094,1750,1750,train
1532,0.9705395,0.9804707,0.977018,0.9839159,0.984101096780022,1.5662092,1.3509471,1750,1750,train
1533,0.9698823,0.98102415,0.9769176,0.98409516,0.9839790802668262,1.5661881,1.3454359,1750,1750,train
1534,0.96988255,0.98097354,0.9768013,0.9840682,0.983861260110174,1.5661668,1.3556147,1750,1750,train
1535,0.9699526,0.9806208,0.9765917,0.9838086,0.983796605101433,1.5661452,1.3549857,1750,1750,train
1536,0.9696773,0.98079675,0.9765272,0.98371106,0.9836334177379832,1.5661235,1.3246353,1750,1750,train
1537,0.9693485,0.98071295,0.9763881,0.9836592,0.9835079183837295,1.5661016,1.3348258,1750,1750,train
1538,0.9693533,0.979001,0.9762863,0.9827882,0.9833274929611675,1.5660794,1.3256848,1750,1750,train
1539,0.96937007,0.9808193,0.97609985,0.9836216,0.9831717917826025,1.566057,1.344248,1750,1750,train
1540,0.9691156,0.980923,0.97598064,0.9835556,0.9830352964548262,1.5660344,1.3322464,1750,1750,train
1541,0.9690353,0.9785944,0.9759191,0.9824367,0.9828852578012197,1.5660117,1.3260548,1750,1750,train
1542,0.9691157,0.9775111,0.9758136,0.9818432,0.9827699730338237,1.5659887,1.3155286,1750,1750,train
1543,0.96857387,0.97938913,0.9756552,0.98269296,0.9826117781550966,1.5659654,1.3291525,1750,1750,train
1544,0.9682184,0.97954273,0.97560275,0.9826125,0.9824403736158525,1.565942,1.3036145,1750,1750,train
1545,0.96827245,0.97988886,0.97542214,0.98264116,0.9822881160774469,1.5659183,1.2943679,1750,1750,train
1546,0.9685999,0.97902024,0.97524226,0.9822065,0.9821339201129362,1.5658944,1.3030204,1750,1750,train
1547,0.96801525,0.9796757,0.9751533,0.9824276,0.9819758284680119,1.5658703,1.2956771,1750,1750,train
1548,0.96795297,0.9798066,0.97501266,0.98237044,0.9818514924985704,1.5658458,1.2852645,1750,1750,train
1549,0.9683007,0.9790565,0.97489536,0.9819371,0.9817365742047619,1.5658213,1.2777196,1750,1750,train
1550,0.96773994,0.978846,0.97482944,0.98178923,0.9816178613528185,1.5657964,1.2733984,1750,1750,train
1551,0.96767294,0.97640306,0.97470915,0.9806717,0.9814883501033371,1.5657712,1.2832876,1750,1750,train
1552,0.9676198,0.97826016,0.97458935,0.98137903,0.9813369655477168,1.5657458,1.2668129,1750,1750,train
1553,0.9674838,0.9765309,0.97445166,0.98056984,0.9811822929337092,1.5657202,1.2749527,1750,1750,train
1554,0.9674258,0.9762309,0.9743496,0.9804219,0.9810196055869267,1.5656943,1.2819614,1750,1750,train
1555,0.9673874,0.97808546,0.97418284,0.98127466,0.9808672012368633,1.5656682,1.2988274,1750,1750,train
1556,0.96715987,0.97688776,0.974038,0.98057824,0.9807127014505388,1.5656418,1.2819489,1750,1750,train
1557,0.96692127,0.9771988,0.97392964,0.9806785,0.9805580678862204,1.565615,1.2835971,1750,1750,train
1558,0.9668396,0.9779539,0.9737905,0.98087484,0.980403346379096,1.565588,1.267048,1750,1750,train
1559,0.96686155,0.9777509,0.97365844,0.98078114,0.9802580179734635,1.5655608,1.2787412,1750,1750,train
1560,0.9663412,0.97293633,0.9735514,0.97854567,0.9801276020305377,1.5655332,1.279887,1750,1750,train
1561,0.9663484,0.9776875,0.9734167,0.98059005,0.9799974429914744,1.5655054,1.2685868,1750,1750,train
1562,0.9663088,0.97451603,0.97335756,0.97921264,0.9798765162797268,1.5654773,1.2871151,1750,1750,train
1563,0.9663714,0.9773293,0.9731451,0.9803172,0.9797537746201137,1.5654488,1.2714546,1750,1750,train
1564,0.96582174,0.97586066,0.9730464,0.97962284,0.979590035870835,1.56542,1.2753294,1750,1750,train
1565,0.9657339,0.9752128,0.97298086,0.9792715,0.9794653747942318,1.565391,1.2701256,1750,1750,train
1566,0.9657473,0.9763161,0.97280157,0.97974616,0.9793453927058698,1.5653616,1.2808942,1750,1750,train
1567,0.96580833,0.9739818,0.97270525,0.97859204,0.9791918701729944,1.5653319,1.2715849,1750,1750,train
1568,0.9652348,0.976121,0.97254574,0.9793849,0.9790271272564387,1.5653019,1.2503961,1750,1750,train
1569,0.9652034,0.9765776,0.97244227,0.97961324,0.9788940967124117,1.5652715,1.2636688,1750,1750,train
1570,0.96529394,0.97498494,0.97233427,0.97889876,0.9787621430711764,1.5652409,1.2755005,1750,1750,train
1571,0.96524036,0.97518426,0.97219145,0.9789969,0.9786631012127948,1.5652097,1.2899337,1750,1750,train
1572,0.9651854,0.97556096,0.9720384,0.97902566,0.9785535682996949,1.5651784,1.2755433,1750,1750,train
1573,0.96458226,0.9735156,0.9719727,0.97809917,0.9784409840699886,1.5651467,1.2824386,1750,1750,train
1574,0.9647553,0.97279805,0.9718467,0.9777175,0.978333728270602,1.5651146,1.2829949,1750,1750,train
1575,0.9646647,0.9719824,0.97173095,0.9773322,0.9782229473186765,1.5650821,1.2907536,1750,1750,train
1576,0.9646369,0.9725741,0.97165906,0.9775357,0.9781077186470699,1.5650493,1.2842079,1750,1750,train
1577,0.9641402,0.9738785,0.97150147,0.9780541,0.9779535687837124,1.565016,1.2835524,1750,1750,train
1578,0.9640325,0.97395223,0.97137845,0.9779836,0.9778287361214987,1.5649824,1.2741132,1750,1750,train
1579,0.964055,0.97398525,0.9711888,0.97795624,0.97768077989209,1.5649484,1.2829012,1750,1750,train
1580,0.9641025,0.97325236,0.97106886,0.9775632,0.9775336747795846,1.564914,1.2820449,1750,1750,train
1581,0.9635471,0.973751,0.9709543,0.9776825,0.9774271807893649,1.5648792,1.2711157,1750,1750,train
1582,0.96351886,0.97369176,0.97077644,0.97759324,0.9773152107984229,1.564844,1.2749028,1750,1750,train
1583,0.96357024,0.9733723,0.97068,0.9774097,0.9772053542429974,1.5648084,1.2761128,1750,1750,train
1584,0.9635885,0.9730847,0.9705759,0.9773395,0.9771106923748756,1.5647722,1.2976416,1750,1750,train
1585,0.9629406,0.97211045,0.97049177,0.9768923,0.9770244825153174,1.5647358,1.3046234,1750,1750,train
1586,0.96301603,0.97173613,0.9703342,0.9766703,0.9768666011897744,1.5646988,1.3087673,1750,1750,train
1587,0.96301717,0.97073966,0.9702127,0.97626495,0.9767585751121745,1.5646614,1.329775,1750,1750,train
1588,0.9630141,0.97113186,0.9700266,0.97628415,0.9766173685657175,1.5646236,1.3147573,1750,1750,train
1589,0.96237344,0.972454,0.96995354,0.97683316,0.9765145661185425,1.5645852,1.3108401,1750,1750,train
1590,0.9624799,0.97179455,0.96982753,0.97643083,0.976397369265086,1.5645465,1.3019445,1750,1750,train
1591,0.962457,0.9717557,0.9696704,0.9763801,0.9762766862858291,1.5645071,1.3097476,1750,1750,train
1592,0.9623971,0.9722205,0.9695126,0.9765187,0.9761641633294652,1.5644673,1.3096066,1750,1750,train
1593,0.9619148,0.9719086,0.9694222,0.97629637,0.9760302864640162,1.564427,1.3017861,1750,1750,train
1594,0.96195066,0.9713399,0.96931875,0.9760888,0.9759142848531902,1.5643861,1.321666,1750,1750,train
1595,0.9618598,0.9715849,0.96917975,0.97609484,0.9758135772495913,1.5643448,1.3132148,1750,1750,train
1596,0.9618465,0.9692905,0.9691156,0.9750778,0.975698715819767,1.5643029,1.3247218,1750,1750,train
1597,0.9618813,0.9692978,0.9689332,0.9749764,0.975601797847864,1.5642605,1.3204398,1750,1750,train
1598,0.96131474,0.9701111,0.9688281,0.9753389,0.9755099667906203,1.5642174,1.3286036,1750,1750,train
1599,0.9613323,0.9700926,0.9686904,0.975235,0.975395395781724,1.5641739,1.3220332,1750,1750,train
1600,0.9613408,0.9696992,0.9685265,0.9750315,0.9752639534816199,1.5641297,1.3323191,1750,1750,train
1601,0.9613077,0.9698933,0.9683975,0.9751306,0.9751220716350182,1.564085,1.3465797,1750,1750,train
1602,0.960742,0.9705534,0.96830547,0.9753901,0.9749823637155794,1.5640397,1.3467919,1750,1750,train
1603,0.9607585,0.97002876,0.9681839,0.97516716,0.9748699158128162,1.5639937,1.3615348,1750,1750,train
1604,0.96077704,0.97038144,0.9680177,0.97522545,0.974752078426454,1.5639471,1.3561352,1750,1750,train
1605,0.96081114,0.9700916,0.9678737,0.97507095,0.974638170984164,1.5638999,1.3651046,1750,1750,train
1606,0.9607959,0.9692983,0.9677428,0.9746214,0.9745237357284274,1.563852,1.3592243,1750,1750,train
1607,0.96025616,0.96823794,0.9676753,0.97416097,0.9743980688023487,1.5638034,1.3702509,1750,1750,train
1608,0.9601575,0.968533,0.96755636,0.97418875,0.9742765165408731,1.5637542,1.3594625,1750,1750,train
1609,0.9602316,0.9680964,0.9674028,0.9739253,0.9741516495987995,1.5637043,1.3606284,1750,1750,train
1610,0.9602597,0.96758956,0.9672657,0.9736066,0.9740248435501812,1.5636536,1.3554329,1750,1750,train
1611,0.96021724,0.9678481,0.9671421,0.97366124,0.9738882385649253,1.5636022,1.3541136,1750,1750,train
1612,0.95970505,0.9685732,0.9669887,0.9739301,0.9737508262971366,1.5635501,1.3559585,1750,1750,train
1613,0.9597151,0.96841747,0.96688247,0.9737108,0.9736082891302116,1.5634972,1.3355322,1750,1750,train
1614,0.9596591,0.9680652,0.9667721,0.9735247,0.973462577300748,1.5634435,1.3405888,1750,1750,train
1615,0.95965785,0.9678932,0.96666586,0.97338873,0.9733399499793393,1.5633891,1.3387661,1750,1750,train
1616,0.95971304,0.9675036,0.9665276,0.97313356,0.9732139794704107,1.5633337,1.335814,1750,1750,train
1617,0.9590702,0.9682538,0.9663731,0.97336704,0.9730881458743594,1.5632777,1.3282382,1750,1750,train
1618,0.95906377,0.9673576,0.96623707,0.9729343,0.9729748603136323,1.5632207,1.335871,1750,1750,train
1619,0.9591153,0.96769065,0.9660393,0.97310203,0.9728633407023474,1.5631629,1.3577212,1750,1750,train
1620,0.9591269,0.9677581,0.96589863,0.97294146,0.9727388967468243,1.5631042,1.3317589,1750,1750,train
1621,0.9590976,0.9674915,0.9658201,0.97281057,0.9726291259875792,1.5630445,1.3371416,1750,1750,train
1622,0.9585508,0.96668833,0.96571815,0.97233194,0.9724907058870487,1.562984,1.3236947,1750,1750,train
1623,0.95853215,0.9665602,0.96558714,0.9722258,0.9723496048479275,1.5629225,1.3261656,1750,1750,train
1624,0.9585553,0.96642184,0.9654654,0.9720429,0.9722311075455725,1.56286,1.3132341,1750,1750,train
1625,0.957982,0.9667081,0.9653647,0.97211367,0.9721001566729321,1.5627965,1.3105302,1750,1750,train
1626,0.95801634,0.96633357,0.96526945,0.9719187,0.9719639154908072,1.562732,1.3143821,1750,1750,train
1627,0.957987,0.96645075,0.9650953,0.971887,0.9718421164456623,1.5626664,1.3133222,1750,1750,train
1628,0.9579794,0.9655741,0.9649005,0.9713819,0.9717319835249828,1.5625998,1.3099624,1750,1750,train
1629,0.9574067,0.96595126,0.96477747,0.97144556,0.9716109704257199,1.5625321,1.2996156,1750,1750,train
1630,0.9574312,0.96560794,0.9646058,0.971266,0.9715006109941593,1.5624632,1.3106878,1750,1750,train
1631,0.95746994,0.9646702,0.96457875,0.9708208,0.9713942501811481,1.5623932,1.3095188,1750,1750,train
1632,0.9574546,0.9658904,0.96431446,0.9712764,0.9712720040329883,1.5623219,1.3137496,1750,1750,train
1633,0.95740443,0.965372,0.96427166,0.9710813,0.9711422528271877,1.5622495,1.32595,1750,1750,train
1634,0.95755476,0.9654887,0.9641185,0.9710441,0.971017022401952,1.5621759,1.3218784,1750,1750,train
1635,0.95717865,0.9653987,0.96405804,0.97109944,0.9708871700090683,1.5621009,1.3470757,1750,1750,train
1636,0.95714146,0.9655333,0.96398747,0.9710409,0.9707683643904859,1.5620246,1.3292563,1750,1750,train
1637,0.95659524,0.96534365,0.9638132,0.970859,0.970628552925376,1.561947,1.3260686,1750,1750,train
1638,0.9566486,0.9651223,0.9636272,0.97057784,0.9704993482950723,1.561868,1.3069319,1750,1750,train
1639,0.95656145,0.96524847,0.96351683,0.9706396,0.9703738099005798,1.5617876,1.3179333,1750,1750,train
1640,0.95663106,0.9648682,0.9633702,0.9704258,0.9702386433504132,1.5617057,1.3232762,1750,1750,train
1641,0.9560417,0.9646699,0.9631864,0.97017366,0.9701050674986134,1.5616223,1.3076562,1750,1750,train
1642,0.95543885,0.9647551,0.96312165,0.97013,0.9699726654825889,1.5615374,1.2971225,1750,1750,train
1643,0.95556676,0.9643218,0.962942,0.9698835,0.9698568119430443,1.5614508,1.3037198,1750,1750,train
1644,0.9555275,0.9638949,0.9628253,0.9696356,0.9697223152400529,1.5613626,1.303693,1750,1750,train
1645,0.9548727,0.96481544,0.96269524,0.9699119,0.9696097238373761,1.5612729,1.287154,1750,1750,train
1646,0.9549649,0.9641028,0.9625064,0.9694794,0.9694885720836335,1.5611812,1.2828822,1750,1750,train
1647,0.9550403,0.9640609,0.9623295,0.9693922,0.9693577831718893,1.5610878,1.2854481,1750,1750,train
1648,0.954945,0.964112,0.96218884,0.9692532,0.9692208186295018,1.5609927,1.2662008,1750,1750,train
1649,0.9549682,0.96311706,0.96209383,0.9687259,0.9690917318894604,1.5608957,1.2601832,1750,1750,train
1650,0.95446116,0.96354127,0.96197355,0.9689678,0.9689663780089364,1.5607966,1.2805524,1750,1750,train
1651,0.9544085,0.96342945,0.96187985,0.96890277,0.9688357937840436,1.5606956,1.286246,1750,1750,train
1652,0.95443815,0.96284693,0.9617139,0.96845907,0.9686985362029243,1.5605927,1.2660826,1750,1750,train
1653,0.95447224,0.96258307,0.96160734,0.9682967,0.9685772366708671,1.5604874,1.2673743,1750,1750,train
1654,0.95384777,0.9633662,0.96148884,0.96847516,0.9684346744613241,1.56038,1.2432858,1750,1750,train
1655,0.95389444,0.9628565,0.9613706,0.96823466,0.9682958615161099,1.5602704,1.2521555,1750,1750,train
1656,0.95389146,0.96260583,0.96126664,0.968005,0.9681592759935955,1.5601584,1.2389998,1750,1750,train
1657,0.9538298,0.96305496,0.96106184,0.9681396,0.9680033842729582,1.560044,1.2436316,1750,1750,train
1658,0.95390457,0.96273476,0.9609076,0.9679331,0.9678584789186803,1.5599272,1.245552,1750,1750,train
1659,0.9533705,0.96263343,0.9608401,0.9677776,0.9677207732786904,1.5598078,1.2304311,1750,1750,train
1660,0.9533229,0.96248585,0.9606986,0.9676378,0.9675858704826886,1.5596857,1.2289354,1750,1750,train
1661,0.9533571,0.9610052,0.9605249,0.9668085,0.9674518580395904,1.5595609,1.2144712,1750,1750,train
1662,0.95277125,0.96230763,0.96048856,0.96744573,0.9673276371022936,1.5594332,1.2261122,1750,1750,train
1663,0.952793,0.96228653,0.96026576,0.9673597,0.967200282347753,1.5593026,1.2310421,1750,1750,train
1664,0.9527497,0.9616366,0.9601114,0.9670357,0.9670712171131225,1.5591689,1.2392526,1750,1750,train
1665,0.9522356,0.96205646,0.95998704,0.9671902,0.9669466999860095,1.5590322,1.2431672,1750,1750,train
1666,0.95223945,0.9618743,0.9598316,0.96703154,0.9668220581655852,1.5588921,1.2422969,1750,1750,train
1667,0.95218694,0.96119094,0.9596387,0.96673363,0.9666844502996782,1.5587487,1.2620151,1750,1750,train
1668,0.951697,0.9608613,0.95953226,0.9663876,0.966560512715645,1.5586019,1.2335024,1750,1750,train
1669,0.9515861,0.9614251,0.9593171,0.96658707,0.966430687823874,1.5584513,1.2414775,1750,1750,train
1670,0.9516945,0.96051437,0.95924306,0.9659983,0.9663015709635665,1.5582969,1.2145864,1750,1750,train
1671,0.95172954,0.9608126,0.9592031,0.96612287,0.9661756549181811,1.5581387,1.2159432,1750,1750,train
1672,0.9516057,0.96138245,0.95907116,0.96637416,0.9660310354377649,1.5579765,1.2259429,1750,1750,train
1673,0.9511138,0.9612159,0.9588591,0.9661532,0.9659141253546224,1.5578101,1.216778,1750,1750,train
1674,0.95113605,0.9605355,0.9587753,0.96575874,0.9657742620626739,1.5576392,1.2079635,1750,1750,train
1675,0.95107937,0.9598289,0.9586235,0.965373,0.9656390448440365,1.5574638,1.2090058,1750,1750,train
1676,0.9511378,0.96044177,0.95842016,0.96556574,0.9655072165779024,1.5572836,1.2103186,1750,1750,train
1677,0.95059216,0.9608222,0.9583744,0.96560216,0.9653732817981077,1.5570985,1.188431,1750,1750,train
1678,0.9505263,0.959619,0.95824707,0.96500695,0.9652401230870162,1.5569084,1.1904925,1750,1750,train
1679,0.95058805,0.96018606,0.9580451,0.9651556,0.9651038246939366,1.5567127,1.1873007,1750,1750,train
1680,0.9499955,0.9600779,0.95792806,0.965033,0.9649804851909207,1.5565116,1.1835983,1750,1750,train
1681,0.94996536,0.9595564,0.9577769,0.9647133,0.9648578709382782,1.5563046,1.1811464,1750,1750,train
1682,0.9500259,0.9598545,0.95761883,0.9648262,0.9647281997462689,1.5560915,1.1904749,1750,1750,train
1683,0.94997185,0.95989186,0.9574715,0.964877,0.9646320539791423,1.5558721,1.2096183,1750,1750,train
1684,0.95003355,0.95934886,0.9573692,0.9644424,0.9645197638101777,1.555646,1.1830984,1750,1750,train
1685,0.9494808,0.9591439,0.95726836,0.96428484,0.9643766097286315,1.5554129,1.179733,1750,1750,train
1686,0.9494175,0.95968074,0.95701456,0.9643269,0.9642531388399619,1.5551726,1.163683,1750,1750,train
1687,0.9494705,0.95901835,0.9569813,0.963975,0.964107928190934,1.5549246,1.1571765,1750,1750,train
1688,0.9489042,0.95911366,0.95684683,0.9639293,0.963973443573851,1.5546687,1.1520984,1750,1750,train
1689,0.9488837,0.9589054,0.9566748,0.96371895,0.9638587803910001,1.5544044,1.1453267,1750,1750,train
1690,0.94890386,0.9586695,0.95657027,0.96364266,0.9637400197354542,1.5541312,1.1599225,1750,1750,train
1691,0.9483139,0.9584989,0.9564048,0.9634628,0.9636402425024553,1.5538487,1.1550494,1750,1750,train
1692,0.9483149,0.95912546,0.95635235,0.9636923,0.9635351343954934,1.5535567,1.1491804,1750,1750,train
1693,0.9483658,0.95837075,0.95605075,0.9632257,0.9634341346793174,1.5532542,1.1519946,1750,1750,train
1694,0.9477335,0.95839125,0.9559561,0.96319455,0.9633119488148922,1.5529411,1.1525264,1750,1750,train
1695,0.9477685,0.9579533,0.95584273,0.9629108,0.9632147979205825,1.5526165,1.1465465,1750,1750,train
1696,0.9477881,0.95814246,0.9556949,0.9631131,0.9630969957982877,1.55228,1.1807052,1750,1750,train
1697,0.9471893,0.9588086,0.955614,0.96343696,0.9629808256800315,1.5519307,1.1915267,1750,1750,train
1698,0.94716585,0.9568588,0.9554182,0.96246636,0.9628873081889575,1.5515679,1.1927886,1750,1750,train
1699,0.94732124,0.9583619,0.9552263,0.9631642,0.9627788085710928,1.551191,1.2119738,1750,1750,train
1700,0.94720083,0.95721966,0.95510745,0.96252644,0.9626783350806706,1.550799,1.1999891,1750,1750,train
1701,0.94665426,0.9577165,0.9549736,0.9626719,0.96256590478564,1.550391,1.1963223,1750,1750,train
1702,0.94676596,0.95813763,0.95484436,0.9627877,0.962478406314677,1.549966,1.1931896,1750,1750,train
1703,0.94660616,0.95734715,0.95472586,0.9623975,0.9623675799933415,1.549523,1.1977105,1750,1750,train
1704,0.9466958,0.9574534,0.95450795,0.9623674,0.9622572175349032,1.5490606,1.2017375,1750,1750,train
1705,0.94669616,0.9572679,0.9543841,0.96215636,0.9621428034133057,1.5485778,1.1885904,1750,1750,train
1706,0.94612306,0.95691985,0.9543294,0.9619414,0.9620171844271876,1.5480729,1.182699,1750,1750,train
1707,0.9461233,0.95717067,0.9541205,0.9619866,0.9618968246906333,1.5475447,1.187696,1750,1750,train
1708,0.94613117,0.95497626,0.9539981,0.96096265,0.9617899013590402,1.5469913,1.1935425,1750,1750,train
1709,0.9461322,0.95592856,0.9539037,0.96125656,0.9617070690154644,1.5464109,1.1754934,1750,1750,train
1710,0.94558567,0.95810103,0.95379174,0.9622408,0.9616161926167446,1.5458015,1.1841991,1750,1750,train
1711,0.9456054,0.95684344,0.9536921,0.9615733,0.9615024406441706,1.5451609,1.1749706,1750,1750,train
1712,0.945566,0.95652425,0.9535023,0.96149844,0.9614040559516701,1.5444866,1.2045329,1750,1750,train
1713,0.9450337,0.9575213,0.95339286,0.96183836,0.9612759949815222,1.5437759,1.1925063,1750,1750,train
1714,0.9450254,0.9561964,0.9531964,0.96121633,0.9611544564422515,1.5430257,1.2059162,1750,1750,train
1715,0.9449325,0.9559428,0.9531189,0.96110135,0.961011915650364,1.5422326,1.2127348,1750,1750,train
1716,0.9444276,0.9552649,0.9529004,0.9606574,0.9608714282775739,1.541393,1.2060608,1750,1750,train
1717,0.9444801,0.9556499,0.9527724,0.960738,0.9607333266175142,1.5405025,1.1992513,1750,1750,train
1718,0.94450575,0.9549647,0.9526285,0.9603314,0.9606031670424697,1.5395565,1.1938287,1750,1750,train
1719,0.9443522,0.9558221,0.9524244,0.9607175,0.9605631945994314,1.5385494,1.2107052,1750,1750,train
1720,0.9444825,0.9548071,0.9523623,0.960089,0.9604657214412267,1.5374753,1.1847045,1750,1750,train
1721,0.9438536,0.9550429,0.9522675,0.9601788,0.960365458896623,1.5363272,1.1895498,1750,1750,train
1722,0.9438895,0.9552655,0.9521061,0.9602413,0.9602474852305699,1.5350972,1.1961629,1750,1750,train
1723,0.943932,0.95464236,0.9518486,0.9597595,0.9601624343113632,1.5337762,1.1811197,1750,1750,train
1724,0.9432853,0.95513445,0.95183396,0.9601221,0.9600143316739702,1.5323538,1.208475,1750,1750,train
1725,0.94331497,0.9542416,0.95156753,0.95949185,0.9598824190751415,1.5308176,1.1892881,1750,1750,train
1726,0.943383,0.9543082,0.9514605,0.95945346,0.9596891310218101,1.5291537,1.1856042,1750,1750,train
1727,0.9432685,0.9528046,0.9512756,0.95869255,0.9596917954745838,1.5273454,1.1871573,1750,1750,train
1728,0.9427605,0.95483834,0.9511713,0.9594884,0.9596595434470636,1.5253731,1.1718096,1750,1750,train
1729,0.94279385,0.9536476,0.9510523,0.9588549,0.9595749774249877,1.5232133,1.1649485,1750,1750,train
1730,0.9421555,0.95425147,0.950956,0.959082,0.959448278432246,1.5208379,1.1642827,1750,1750,train
1731,0.9422168,0.9548383,0.9507333,0.9593807,0.9592824151349494,1.5182133,1.1891934,1750,1750,train
1732,0.9421857,0.95401925,0.9506475,0.95890766,0.9590488844391372,1.5152978,1.1778014,1750,1750,train
1733,0.9421774,0.9533004,0.9505137,0.9585316,0.9587505684816464,1.5120405,1.1801329,1750,1750,train
1734,0.94194025,0.95175236,0.9502723,0.9576764,0.9584147761776701,1.5083776,1.1726853,1750,1750,train
1735,0.9419564,0.95127684,0.9501258,0.95732373,0.9580810172697669,1.5042281,1.1598761,1750,1750,train
1736,0.9413532,0.9533861,0.95004475,0.95775485,0.9577182450797398,1.4994888,1.07064,1750,1750,train
1737,0.9413983,0.95206124,0.9498539,0.957108,0.9572975198251236,1.4940244,1.0784491,1750,1750,train
1738,0.94107056,0.95326847,0.94978297,0.95760304,0.9568428060144699,1.487655,1.0745151,1750,1750,train
1739,0.9410838,0.95287496,0.94961536,0.9571969,0.9563698512330006,1.4801364,1.0478802,1750,1750,train
1740,0.94111055,0.9535373,0.94940984,0.957583,0.9558502680304857,1.4711276,1.0796312,1750,1750,train
1741,0.94110274,0.95340854,0.94933426,0.957357,0.9552887550401683,1.4601392,1.0560186,1750,1750,train
1742,0.94055915,0.9527533,0.94921625,0.9569804,0.9546893586815004,1.4464413,1.0517316,1750,1750,train
1743,0.9404902,0.95289475,0.9490005,0.95682776,0.9540994757582298,1.4288993,1.0309607,1750,1750,train
1744,0.9405596,0.9493579,0.9487988,0.95281553,0.9534269556358754,1.4056476,0.6496849,1750,1750,train
1745,0.9402563,0.95133513,0.9487835,0.9539949,0.9527856952922634,1.3734008,0.69500506,1750,1750,train
1746,0.94058895,0.94995195,0.94854176,0.9531402,0.9521180523632716,1.3258177,0.67689896,1750,1750,train
1747,0.93993634,0.9498094,0.94846356,0.9532734,0.9514361348286224,1.2490457,0.7141155,1750,1750,train
1748,0.9399874,0.94957936,0.94826376,0.95181,0.950751778270667,1.1071488,0.51536596,1750,1750,train
1749,0.9400633,0.9498319,0.94803035,0.9522263,0.950048546845979,0.7853982,0.57877886,1750,1750,train
1750,0.9394169,0.9504172,0.94803536,0.9516648,0.9493294758740772,-0.0,0.45034292,1750,1750,train
1751,0.93944633,0.95087725,0.94781244,0.9525174,0.9485747207817224,-0.7853982,0.5655776,1750,1750,train
1752,0.9394907,0.9520802,0.9476547,0.9447942,0.9478804098970691,-1.1071488,-0.78686345,1750,1750,train
1753,0.93881553,0.9501824,0.9476509,0.944211,0.9471595311462224,-1.2490457,-0.72999346,1750,1750,train
1754,0.9389113,0.9492803,0.9474348,0.9437219,0.9464673348986558,-1.3258177,-0.7259232,1750,1750,train
1755,0.93888855,0.9497596,0.94730914,0.94325686,0.9458073752418041,-1.3734008,-0.85416293,1750,1750,train
1756,0.93882906,0.9496792,0.94713116,0.9425153,0.9451680208089903,-1.4056476,-0.99209476,1750,1750,train
1757,0.93834513,0.95039433,0.9469658,0.94279957,0.9445507836875222,-1.4288993,-0.98409724,1750,1750,train
1758,0.93834794,0.95193917,0.9469136,0.94346994,0.9439411507559574,-1.4464413,-0.98606217,1750,1750,train
1759,0.93835646,0.9495011,0.9466461,0.94212675,0.9433182261128149,-1.4601392,-1.0118816,1750,1750,train
1760,0.93771833,0.94850737,0.94645727,0.9405508,0.942718715568502,-1.4711276,-1.2785172,1750,1750,train
1761,0.9377919,0.94926363,0.94639516,0.9408785,0.942183019657257,-1.4801364,-1.2750621,1750,1750,train
1762,0.93778855,0.9490538,0.94627273,0.9407489,0.9416670034732356,-1.487655,-1.2688524,1750,1750,train
1763,0.9377679,0.94865614,0.9460412,0.94044495,0.9411833241219569,-1.4940244,-1.2736759,1750,1750,train
1764,0.93725985,0.94812995,0.945964,0.94015145,0.940767928858352,-1.4994888,-1.2790011,1750,1750,train
1765,0.9371909,0.94783694,0.9457921,0.9399476,0.9403839457582741,-1.5042281,-1.276664,1750,1750,train
1766,0.93717974,0.948418,0.9456806,0.94018614,0.9400367186550955,-1.5083776,-1.269491,1750,1750,train
1767,0.93725616,0.94839525,0.9454632,0.9400771,0.9397220212394175,-1.5120405,-1.269211,1750,1750,train
1768,0.9366148,0.94627005,0.94530785,0.9388821,0.9394727398370004,-1.5152978,-1.314558,1750,1750,train
1769,0.93669796,0.94986874,0.9452665,0.94049793,0.9392474059226866,-1.5182133,-1.3152251,1750,1750,train
1770,0.9366632,0.9472977,0.9450463,0.93923336,0.9389769248334268,-1.5208379,-1.3134987,1750,1750,train
1771,0.9360754,0.94686323,0.9449302,0.9388904,0.938769508969895,-1.5232133,-1.3409173,1750,1750,train
1772,0.9361257,0.9470821,0.94478714,0.9389365,0.9386174724921008,-1.5253731,-1.3373059,1750,1750,train
1773,0.936082,0.9466469,0.944574,0.93871516,0.9385201443377977,-1.5273454,-1.3152246,1750,1750,train
1774,0.936145,0.9466538,0.94443715,0.9385971,0.9384208850032649,-1.5291537,-1.3325819,1750,1750,train
1775,0.93550295,0.9486432,0.9442879,0.9394425,0.9383584779991797,-1.5308176,-1.3299751,1750,1750,train
1776,0.9355708,0.9500745,0.94416296,0.94026256,0.9383255196034934,-1.5323538,-1.2643592,1750,1750,train
1777,0.93500996,0.94631785,0.9440217,0.93839866,0.938401288297809,-1.5337762,-1.2900972,1750,1750,train
1778,0.93498147,0.94713753,0.94375074,0.9386887,0.9382634295790938,-1.5350972,-1.2782643,1750,1750,train
1779,0.93503433,0.9477052,0.9437058,0.93886685,0.938161636965478,-1.5363272,-1.295382,1750,1750,train
1780,0.93443733,0.94477,0.9435674,0.9375589,0.9380363337898767,-1.5374753,-1.2693748,1750,1750,train
1781,0.9344303,0.94488114,0.9433844,0.9374949,0.9379399295500954,-1.5385494,-1.2781249,1750,1750,train
1782,0.93445706,0.94547445,0.94316995,0.9376801,0.9378325973240778,-1.5395565,-1.2742469,1750,1750,train
1783,0.93383944,0.9456356,0.94311154,0.93776065,0.9376917203413937,-1.5405025,-1.2646179,1750,1750,train
1784,0.9339338,0.9482028,0.94290936,0.93883836,0.9376023457896313,-1.541393,-1.2639322,1750,1750,train
1785,0.9338913,0.947028,0.94278586,0.9382746,0.9374585017636318,-1.5422326,-1.2562447,1750,1750,train
1786,0.9333588,0.94372225,0.9426267,0.936663,0.9372950130989662,-1.5430257,-1.2660713,1750,1750,train
1787,0.93334657,0.94556123,0.94243777,0.9374117,0.937176394038372,-1.5437759,-1.2664295,1750,1750,train
1788,0.9333356,0.9443814,0.94230306,0.93680245,0.9370389978945785,-1.5444866,-1.2695031,1750,1750,train
1789,0.933331,0.94309646,0.9421395,0.9361334,0.9369110923590444,-1.5451609,-1.2722279,1750,1750,train
1790,0.9327353,0.9427275,0.94202685,0.9358968,0.9367738176602717,-1.5458015,-1.2771133,1750,1750,train
1791,0.93282825,0.9440049,0.94188416,0.93646544,0.9366409401814694,-1.5464109,-1.2620939,1750,1750,train
1792,0.93271744,0.9453303,0.9417838,0.93683445,0.9364825697640996,-1.5469913,-1.3163409,1750,1750,train
1793,0.9327799,0.9437275,0.9415468,0.93599117,0.9363304557958121,-1.5475447,-1.3180006,1750,1750,train
1794,0.9322263,0.94574696,0.9415089,0.93689114,0.9361594893356535,-1.5480729,-1.3183943,1750,1750,train
1795,0.93219155,0.94398826,0.9413456,0.93602014,0.936036282615623,-1.5485778,-1.317259,1750,1750,train
1796,0.9322599,0.9451995,0.94111645,0.936488,0.935895560781336,-1.5490606,-1.3108261,1750,1750,train
1797,0.93167603,0.9428032,0.9408575,0.9352752,0.9357503044888316,-1.549523,-1.312026,1750,1750,train
1798,0.9316249,0.9422862,0.9407865,0.9349934,0.935598847802532,-1.549966,-1.3161871,1750,1750,train
1799,0.931742,0.9425377,0.94052374,0.9350183,0.9354432359573547,-1.550391,-1.307102,1750,1750,train
1800,0.93108577,0.9442906,0.9405241,0.93570536,0.9352663321906267,-1.550799,-1.3399756,1750,1750,train
1801,0.93113136,0.94479483,0.94038177,0.93586034,0.9350770371975687,-1.551191,-1.3427627,1750,1750,train
1802,0.93105364,0.94262916,0.9402106,0.934806,0.9349688960972746,-1.5515679,-1.3399607,1750,1750,train
1803,0.9311684,0.94437593,0.9400567,0.9355249,0.9348096259709529,-1.5519307,-1.3415537,1750,1750,train
1804,0.93050206,0.9414442,0.9399352,0.93411815,0.9346443034951158,-1.55228,-1.3468237,1750,1750,train
1805,0.93053347,0.9429204,0.93977845,0.9347168,0.9345276694896607,-1.5526165,-1.3471439,1750,1750,train
1806,0.9306061,0.9405048,0.93949544,0.9334776,0.9343595981689521,-1.5529411,-1.3504137,1750,1750,train
1807,0.9299371,0.93977076,0.9394355,0.93311065,0.934191475079458,-1.5532542,-1.3521006,1750,1750,train
1808,0.92975545,0.9431935,0.93925035,0.93468064,0.934026677738511,-1.5535567,-1.3226879,1750,1750,train
1809,0.9294032,0.94195455,0.9390813,0.93399876,0.9338670785506454,-1.5538487,-1.3348949,1750,1750,train
1810,0.9294858,0.9440469,0.939011,0.9349231,0.9337487839721266,-1.5541312,-1.3334982,1750,1750,train
1811,0.9294149,0.94278324,0.93875265,0.9342273,0.9335948395840666,-1.5544044,-1.3342714,1750,1750,train
1812,0.92888397,0.9398994,0.9387778,0.9329871,0.9334200349568665,-1.5546687,-1.3163223,1750,1750,train
1813,0.9292126,0.94117916,0.93850625,0.93344903,0.9332741883057978,-1.5549246,-1.3151116,1750,1750,train
1814,0.9288576,0.939805,0.9384271,0.9327718,0.9331089929615151,-1.5551726,-1.3198075,1750,1750,train
1815,0.92888564,0.9397098,0.938285,0.9326678,0.9329304105509137,-1.5554129,-1.3185229,1750,1750,train
1816,0.92833334,0.9386813,0.93813336,0.9321335,0.9327475672391848,-1.555646,-1.3176234,1750,1750,train
1817,0.92830265,0.9412338,0.9378154,0.933166,0.932550852622845,-1.5558721,-1.3125992,1750,1750,train
1818,0.92837346,0.9408734,0.9376608,0.932919,0.9323361833402266,-1.5560915,-1.3162282,1750,1750,train
1819,0.92828286,0.93955624,0.9375235,0.93227684,0.9321627949136619,-1.5563046,-1.3103337,1750,1750,train
1820,0.92837507,0.9397512,0.937286,0.93221205,0.9320241787492355,-1.5565116,-1.3235726,1750,1750,train
1821,0.92773646,0.9381735,0.9372629,0.9314996,0.9318489560200713,-1.5567127,-1.3188503,1750,1750,train
1822,0.927542,0.93745774,0.93708897,0.93105835,0.931699291569255,-1.5569084,-1.3295894,1750,1750,train
1823,0.9277572,0.9375125,0.93693936,0.9310496,0.9315358060691747,-1.5570985,-1.3192161,1750,1750,train
1824,0.9271953,0.936862,0.93688977,0.93071383,0.931353181034194,-1.5572836,-1.3242925,1750,1750,train
1825,0.9272366,0.9378383,0.93670833,0.9310943,0.9311574459340359,-1.5574638,-1.3185269,1750,1750,train
1826,0.9268808,0.9409581,0.9365536,0.9324337,0.931010525065483,-1.5576392,-1.3211964,1750,1750,train
1827,0.9266902,0.93766457,0.9362583,0.9307638,0.9308553227614182,-1.5578101,-1.332068,1750,1750,train
1828,0.9266029,0.937647,0.936111,0.9306905,0.930676838625779,-1.5579765,-1.3314011,1750,1750,train
1829,0.92666584,0.9387783,0.93603003,0.9311915,0.9305241907281857,-1.5581387,-1.3244005,1750,1750,train
1830,0.9260776,0.9357835,0.9358808,0.92973655,0.9303465376337725,-1.5582969,-1.3316586,1750,1750,train
1831,0.92610914,0.9365935,0.9357028,0.9300329,0.9302093919539646,-1.5584513,-1.3288324,1750,1750,train
1832,0.92615193,0.93611044,0.93554366,0.9297585,0.9300333503585878,-1.5586019,-1.3233988,1750,1750,train
1833,0.926095,0.9360957,0.9353775,0.929653,0.9297927110572294,-1.5587487,-1.3301797,1750,1750,train
1834,0.92555374,0.9356957,0.9353069,0.9294353,0.9295744952287178,-1.5588921,-1.3312092,1750,1750,train
1835,0.9255591,0.93525434,0.93504727,0.9291166,0.9293785597754626,-1.5590322,-1.3309062,1750,1750,train
1836,0.92501664,0.93704844,0.9350563,0.92993677,0.9292469285817331,-1.5591689,-1.3309598,1750,1750,train
1837,0.9250285,0.9354462,0.9347259,0.92905307,0.9290982892892246,-1.5593026,-1.3319992,1750,1750,train
1838,0.9243623,0.9347625,0.93461585,0.92869496,0.9289577247283587,-1.5594332,-1.3310125,1750,1750,train
1839,0.9245004,0.93484646,0.93445885,0.9286567,0.9288031073136875,-1.5595609,-1.33238,1750,1750,train
1840,0.9244342,0.93413776,0.9343115,0.92825073,0.9286088960451756,-1.5596857,-1.3372304,1750,1750,train
1841,0.92445046,0.9334708,0.93409944,0.92786235,0.9284207580753571,-1.5598078,-1.3335667,1750,1750,train
1842,0.9238581,0.935573,0.933931,0.92874736,0.9282451253474032,-1.5599272,-1.3318214,1750,1750,train
1843,0.9239112,0.9383006,0.93380785,0.9299236,0.9280969676888844,-1.560044,-1.3343103,1750,1750,train
1844,0.92334086,0.93391955,0.93357503,0.9277947,0.9279609577091653,-1.5601584,-1.3431523,1750,1750,train
1845,0.92328405,0.93321145,0.93345034,0.9274566,0.9277989028987702,-1.5602704,-1.3307122,1750,1750,train
1846,0.92335105,0.9342477,0.933246,0.9278453,0.9275746231519151,-1.56038,-1.3274691,1750,1750,train
1847,0.9227232,0.9335452,0.9332055,0.9274943,0.9273771856802424,-1.5604874,-1.331321,1750,1750,train
1848,0.9228023,0.9320281,0.93292594,0.9266784,0.9271759275804065,-1.5605927,-1.330648,1750,1750,train
1849,0.9227588,0.93257785,0.9327762,0.92682827,0.9269946867100328,-1.5606956,-1.340206,1750,1750,train
1850,0.9228171,0.93339354,0.932722,0.9271658,0.9267925985045756,-1.5607966,-1.3428364,1750,1750,train
1851,0.9221493,0.9314489,0.93242085,0.9261297,0.9266102191097472,-1.5608957,-1.3469698,1750,1750,train
1852,0.9222313,0.93265414,0.932197,0.92659533,0.9264783420288009,-1.5609927,-1.3409166,1750,1750,train
1853,0.9222559,0.9323474,0.93204653,0.9263659,0.9263200539581595,-1.5610878,-1.3473117,1750,1750,train
1854,0.9216875,0.932121,0.9320606,0.92624366,0.9261575798847318,-1.5611812,-1.3551805,1750,1750,train
1855,0.9216357,0.9309848,0.9318094,0.92565185,0.9260214764633341,-1.5612729,-1.3429453,1750,1750,train
1856,0.9216379,0.92906946,0.93162155,0.92467946,0.925840542841275,-1.5613626,-1.3475213,1750,1750,train
1857,0.9217044,0.92884666,0.9314116,0.9244559,0.925605317661111,-1.5614508,-1.355524,1750,1750,train
1858,0.9210965,0.93244296,0.931291,0.9260182,0.9253759062606736,-1.5615374,-1.3612105,1750,1750,train
1859,0.92111397,0.93472856,0.9311544,0.92699,0.9251580568584964,-1.5616223,-1.3629003,1750,1750,train
1860,0.92054224,0.932199,0.9311677,0.92584354,0.9249608890988877,-1.5617057,-1.3634453,1750,1750,train
1861,0.9205374,0.9300824,0.93085206,0.9247469,0.9247515458650492,-1.5617876,-1.3601246,1750,1750,train
1862,0.92051923,0.9302723,0.9307469,0.9247805,0.9245828989569922,-1.561868,-1.3615475,1750,1750,train
1863,0.92000705,0.92701006,0.93049145,0.9231468,0.9244017367395303,-1.561947,-1.3717381,1750,1750,train
1864,0.92002094,0.9287446,0.9303291,0.9238755,0.924197813719793,-1.5620246,-1.3673604,1750,1750,train
1865,0.9194203,0.93032676,0.9302429,0.9245165,0.9239371771782445,-1.5621009,-1.3796389,1750,1750,train
1866,0.9196541,0.92997414,0.9298997,0.9242029,0.9237221869750597,-1.5621759,-1.378398,1750,1750,train
1867,0.9189145,0.9275206,0.92996633,0.9231057,0.923496033859714,-1.5622495,-1.3820429,1750,1750,train
1868,0.91885215,0.92777425,0.9296435,0.9230761,0.9233003831003511,-1.5623219,-1.3811861,1750,1750,train
1869,0.9186468,0.9264617,0.92948353,0.92236817,0.923155129282542,-1.5623932,-1.393079,1750,1750,train
1870,0.91862667,0.9267326,0.9293641,0.92249584,0.9229556660251922,-1.5624632,-1.3744148,1750,1750,train
1871,0.9183386,0.9317085,0.92922485,0.924656,0.9227656370521492,-1.5625321,-1.3869228,1750,1750,train
1872,0.91832566,0.92876285,0.929011,0.9232029,0.9225699691602816,-1.5625998,-1.3917336,1750,1750,train
1873,0.9183601,0.92805415,0.92881775,0.9228319,0.9223712569209158,-1.5626664,-1.3791231,1750,1750,train
1874,0.9178038,0.9263597,0.9287456,0.9219861,0.9221606157533762,-1.562732,-1.392407,1750,1750,train
1875,0.9177871,0.9270197,0.92850626,0.9221683,0.9219605144486164,-1.5627965,-1.3950965,1750,1750,train
1876,0.9178324,0.92607456,0.9284847,0.92173886,0.9217894276126999,-1.56286,-1.3917956,1750,1750,train
1877,0.91777724,0.92556983,0.92818916,0.9213892,0.921590947983873,-1.5629225,-1.3869416,1750,1750,train
1878,0.9172379,0.92393714,0.92807627,0.92057365,0.9214295857451852,-1.562984,-1.3937063,1750,1750,train
1879,0.91724366,0.9237591,0.9279399,0.9204143,0.9211989649262865,-1.5630445,-1.3987788,1750,1750,train
1880,0.9172356,0.92282015,0.92767036,0.91984355,0.9210051125884697,-1.5631042,-1.405282,1750,1750,train
1881,0.91725945,0.92254835,0.9274796,0.9196471,0.9208110659121581,-1.5631629,-1.4006405,1750,1750,train
1882,0.9166701,0.92707986,0.9273839,0.9216646,0.9205918741208732,-1.5632207,-1.4006326,1750,1750,train
1883,0.9166814,0.92638034,0.9272796,0.921304,0.9203681012058851,-1.5632777,-1.3989172,1750,1750,train
1884,0.9166808,0.9255931,0.92711794,0.9208673,0.9202284345624163,-1.5633337,-1.4003925,1750,1750,train
1885,0.916127,0.9235776,0.92702615,0.91990894,0.9201236480497105,-1.5633891,-1.4002316,1750,1750,train
1886,0.9161702,0.92367226,0.9268962,0.9198871,0.9199907337637002,-1.5634435,-1.4019651,1750,1750,train
1887,0.91615486,0.92256135,0.9266499,0.9192709,0.9197814619355484,-1.5634972,-1.4013815,1750,1750,train
1888,0.9160977,0.9215737,0.92631996,0.91871387,0.9195871916820779,-1.5635501,-1.3875535,1750,1750,train
1889,0.9156447,0.92231256,0.92619216,0.9189566,0.9193876125609348,-1.5636022,-1.3986909,1750,1750,train
1890,0.9155728,0.92662436,0.92620385,0.9209209,0.919220728665898,-1.5636536,-1.3994787,1750,1750,train
1891,0.9150135,0.9229183,0.9259056,0.91907847,0.9190557676373037,-1.5637043,-1.4059345,1750,1750,train
1892,0.915016,0.9226112,0.92592156,0.9189806,0.9189189260695767,-1.5637542,-1.3948287,1750,1750,train
1893,0.9150342,0.92268306,0.92555606,0.91883814,0.9187611580345764,-1.5638034,-1.3973377,1750,1750,train
1894,0.9150137,0.92219216,0.92541957,0.91854846,0.9186009978118658,-1.563852,-1.3985736,1750,1750,train
1895,0.91443664,0.9221011,0.92532694,0.91845304,0.9184083422490188,-1.5638999,-1.4023228,1750,1750,train
1896,0.9144877,0.9207842,0.9250573,0.9177446,0.9181814699370552,-1.5639471,-1.3978257,1750,1750,train
1897,0.9138802,0.92229575,0.9248891,0.918342,0.9180297296166753,-1.5639937,-1.4020607,1750,1750,train
1898,0.9139631,0.92232424,0.9246379,0.91823655,0.9178646394476093,-1.5640397,-1.403153,1750,1750,train
1899,0.9133624,0.92154044,0.92463267,0.91787875,0.9177157628435866,-1.564085,-1.402786,1750,1750,train
1900,0.9133945,0.9212678,0.92443717,0.9176729,0.9175566800677496,-1.5641297,-1.4003446,1750,1750,train
1901,0.91337985,0.920053,0.9243163,0.9170675,0.9174037434395271,-1.5641739,-1.3994968,1750,1750,train
1902,0.9127926,0.91993076,0.92418087,0.9169361,0.9172456794644751,-1.5642174,-1.4039655,1750,1750,train
1903,0.9128074,0.9180617,0.9240705,0.91603523,0.917042167531691,-1.5642605,-1.4040077,1750,1750,train
1904,0.91276556,0.9231381,0.9238033,0.91827756,0.9168814380386529,-1.5643029,-1.3862624,1750,1750,train
1905,0.91224647,0.92102677,0.9235593,0.9171751,0.9166778281643762,-1.5643448,-1.3959389,1750,1750,train
1906,0.91222924,0.92012185,0.92338145,0.9167005,0.9164668236324814,-1.5643861,-1.3900502,1750,1750,train
1907,0.91225684,0.92002827,0.92320216,0.9165443,0.9162770057551155,-1.564427,-1.4001591,1750,1750,train
1908,0.9122085,0.91968375,0.9230913,0.9163518,0.9161239105033927,-1.5644673,-1.39537,1750,1750,train
1909,0.91171086,0.916763,0.92294824,0.9149816,0.9159350976587042,-1.5645071,-1.3877547,1750,1750,train
1910,0.9116899,0.9167531,0.9227005,0.9148764,0.9157392597405676,-1.5645465,-1.3837254,1750,1750,train
1911,0.9116759,0.91680104,0.9226259,0.91485,0.9155514083101995,-1.5645852,-1.3881903,1750,1750,train
1912,0.91106045,0.92063737,0.9224986,0.91653395,0.9153628298379032,-1.5646236,-1.389087,1750,1750,train
1913,0.9111665,0.92063075,0.9220928,0.9163607,0.9151752041043183,-1.5646614,-1.3841672,1750,1750,train
1914,0.911159,0.9173501,0.9222988,0.91496235,0.9150034700917562,-1.5646988,-1.3842711,1750,1750,train
1915,0.910529,0.916549,0.9219401,0.9144241,0.9148200261446603,-1.5647358,-1.3873236,1750,1750,train
1916,0.9106153,0.9181923,0.9217044,0.91505605,0.9147110483733102,-1.5647722,-1.3897846,1750,1750,train
1917,0.90996057,0.91566795,0.9216727,0.9138994,0.9145604388211802,-1.5648084,-1.387825,1750,1750,train
1918,0.91004765,0.91484326,0.92143583,0.91339934,0.9144054968636803,-1.564844,-1.3931038,1750,1750,train
1919,0.9100228,0.91459155,0.9213129,0.9132387,0.9142358809943606,-1.5648792,-1.3898852,1750,1750,train
1920,0.91002876,0.9155051,0.9209546,0.9134252,0.9140367159816477,-1.564914,-1.4108126,1750,1750,train
1921,0.90942997,0.91834915,0.9209198,0.9146561,0.9138428826070427,-1.5649484,-1.4261856,1750,1750,train
1922,0.9095005,0.918356,0.9207822,0.9146163,0.9136393251806412,-1.5649824,-1.4195955,1750,1750,train
1923,0.9094558,0.91737854,0.92051256,0.91404665,0.9134819517683787,-1.565016,-1.4201148,1750,1750,train
1924,0.9088547,0.9158482,0.92040443,0.91332316,0.913328676059675,-1.5650493,-1.4128846,1750,1750,train
1925,0.90889317,0.91505224,0.92018545,0.9128573,0.9131889089514159,-1.5650821,-1.4140553,1750,1750,train
1926,0.9089109,0.91510624,0.92002714,0.91282165,0.9130163332671046,-1.5651146,-1.4100697,1750,1750,train
1927,0.90837735,0.914633,0.91997564,0.9125762,0.9128453624623916,-1.5651467,-1.4122221,1750,1750,train
1928,0.90833193,0.9177527,0.91977227,0.91387314,0.9126731541818719,-1.5651784,-1.4217457,1750,1750,train
1929,0.90839356,0.9128687,0.9195851,0.9115601,0.912502544269519,-1.5652097,-1.4236635,1750,1750,train
1930,0.90797406,0.9154106,0.9194459,0.9126598,0.9124238198806531,-1.5652409,-1.4212658,1750,1750,train
1931,0.9078147,0.9146399,0.9192146,0.9121965,0.9123041820921783,-1.5652715,-1.4235528,1750,1750,train
1932,0.9072235,0.9121869,0.9189458,0.9109565,0.9121296491994609,-1.5653019,-1.4239768,1750,1750,train
1933,0.90693593,0.913634,0.9188801,0.9115897,0.9119561083854115,-1.5653319,-1.4223117,1750,1750,train
1934,0.90664643,0.9162877,0.9186927,0.91270906,0.9117967958909055,-1.5653616,-1.4229641,1750,1750,train
1935,0.9067576,0.91685814,0.918568,0.91289634,0.9116088659763857,-1.565391,-1.4279587,1750,1750,train
1936,0.90664923,0.9148304,0.91830385,0.9118989,0.9114294862333345,-1.56542,-1.412883,1750,1750,train
1937,0.9066728,0.9152424,0.918175,0.9120123,0.9112575004769123,-1.5654488,-1.417815,1750,1750,train
1938,0.90619045,0.91414976,0.91803443,0.91142607,0.9111416562367131,-1.5654773,-1.4260023,1750,1750,train
1939,0.90578246,0.91155154,0.9178102,0.9101571,0.9110352114946809,-1.5655054,-1.4209249,1750,1750,train
1940,0.90615666,0.9127101,0.9175254,0.91057426,0.9108735706347569,-1.5655332,-1.4141762,1750,1750,train
1941,0.9055809,0.91151255,0.91755545,0.91006553,0.9107114828311275,-1.5655608,-1.4069452,1750,1750,train
1942,0.9055749,0.91089153,0.917413,0.90969104,0.9105643919187544,-1.565588,-1.4156983,1750,1750,train
1943,0.9055794,0.9110336,0.91714895,0.9096382,0.9103965690072106,-1.565615,-1.4145708,1750,1750,train
1944,0.90560764,0.91198033,0.91692924,0.9099662,0.9102222407162893,-1.5656418,-1.4152801,1750,1750,train
1945,0.9049941,0.9138704,0.91685,0.9107891,0.9100471977353138,-1.5656682,-1.4154608,1750,1750,train
1946,0.9050516,0.91396487,0.9166026,0.91072047,0.9098890370392408,-1.5656943,-1.4149307,1750,1750,train
1947,0.9049744,0.9136458,0.91641843,0.9105013,0.9097460950443299,-1.5657202,-1.4115818,1750,1750,train
1948,0.90439904,0.9117531,0.9163939,0.90963274,0.9096313718491102,-1.5657458,-1.4104044,1750,1750,train
1949,0.9044585,0.9116923,0.91617835,0.9095042,0.909498638299547,-1.5657712,-1.4111552,1750,1750,train
1950,0.9041626,0.9102679,0.91596735,0.90873873,0.9093215702646376,-1.5657964,-1.4180343,1750,1750,train
1951,0.90389043,0.9126603,0.91568387,0.90973115,0.9091593845748684,-1.5658213,-1.4069264,1750,1750,train
1952,0.9036169,0.9117203,0.9154645,0.9091836,0.9090092498550295,-1.5658458,-1.4133146,1750,1750,train
1953,0.90336657,0.9117301,0.91537476,0.90913653,0.9088515884546814,-1.5658703,-1.416753,1750,1750,train
1954,0.9029949,0.90961426,0.91512954,0.9080743,0.9087476996960133,-1.5658944,-1.4127094,1750,1750,train
1955,0.9027704,0.907689,0.91498816,0.90708935,0.9085734839220392,-1.5659183,-1.4274106,1750,1750,train
1956,0.90281016,0.9084051,0.91487586,0.9073876,0.9084600357294264,-1.565942,-1.4194918,1750,1750,train
1957,0.9025188,0.91194516,0.9146527,0.9088836,0.9083097297277447,-1.5659654,-1.4234886,1750,1750,train
1958,0.9025334,0.9123926,0.91437685,0.9089569,0.9081188939149943,-1.5659887,-1.4248229,1750,1750,train
1959,0.9022208,0.91156024,0.91429603,0.9085356,0.9079592402095823,-1.5660117,-1.4267049,1750,1750,train
1960,0.902236,0.91115314,0.91403854,0.90822315,0.9078325762149427,-1.5660344,-1.429846,1750,1750,train
1961,0.9016605,0.9101235,0.9140289,0.90774727,0.9077328448373825,-1.566057,-1.4308958,1750,1750,train
1962,0.90172696,0.9094116,0.9138769,0.9073453,0.9076161788580026,-1.5660794,-1.4337546,1750,1750,train
1963,0.90166545,0.90915215,0.9137188,0.9071654,0.9074695751810977,-1.5661016,-1.4302888,1750,1750,train
1964,0.90173095,0.9087896,0.9134573,0.90688616,0.9073245437685787,-1.5661235,-1.4284983,1750,1750,train
1965,0.901099,0.9104746,0.9131814,0.9075237,0.9071628566738437,-1.5661452,-1.4293909,1750,1750,train
1966,0.9011889,0.90968597,0.9129654,0.9070507,0.9070059285649403,-1.5661668,-1.434539,1750,1750,train
1967,0.90055406,0.910242,0.91288817,0.9072653,0.9068346322358909,-1.5661881,-1.4355569,1750,1750,train
1968,0.90060437,0.9097189,0.9126853,0.9068946,0.9066612773722943,-1.5662092,-1.4490077,1750,1750,train
1969,0.9005753,0.90900356,0.91253984,0.90651715,0.9064740581556445,-1.5662302,-1.4441204,1750,1750,train
1970,0.90061146,0.9085333,0.9123522,0.90620357,0.9062953440259203,-1.5662509,-1.4488002,1750,1750,train
1971,0.90058076,0.90740687,0.9121678,0.9056088,0.9061550460030822,-1.5662714,-1.4481609,1750,1750,train
1972,0.90004283,0.9089778,0.9121295,0.9063252,0.9059999604646636,-1.5662918,-1.4416031,1750,1750,train
1973,0.89999527,0.9072656,0.9119936,0.9055005,0.9058466294189155,-1.5663121,-1.4361421,1750,1750,train
1974,0.90004605,0.9078133,0.9117439,0.9056566,0.9056744493942025,-1.5663321,-1.4290628,1750,1750,train
1975,0.8994651,0.9100635,0.9115921,0.9065954,0.9055193155256503,-1.5663519,-1.4341507,1750,1750,train
1976,0.89942706,0.9084369,0.91133845,0.9057285,0.9053710526905646,-1.5663716,-1.4378256,1750,1750,train
1977,0.89893115,0.90757215,0.9112469,0.90526307,0.9052415652092266,-1.5663911,-1.4480221,1750,1750,train
1978,0.8989065,0.9077086,0.91102016,0.9052329,0.9050887202176272,-1.5664104,-1.4441236,1750,1750,train
1979,0.8989125,0.90697354,0.9107499,0.904781,0.9049418737006338,-1.5664295,-1.4420953,1750,1750,train
1980,0.89828634,0.9071135,0.91075325,0.9048558,0.9047714946801686,-1.5664486,-1.4388478,1750,1750,train
1981,0.8983552,0.9048633,0.9105507,0.9037335,0.9045417662500931,-1.5664674,-1.4409294,1750,1750,train
1982,0.8977669,0.90677786,0.9102224,0.9044453,0.904357588595728,-1.566486,-1.4439294,1750,1750,train
1983,0.8978035,0.9070416,0.9099821,0.9044696,0.9042120045553071,-1.5665045,-1.4391065,1750,1750,train
1984,0.8977813,0.90593773,0.90980196,0.90387267,0.9040884238457986,-1.5665228,-1.4432982,1750,1750,train
1985,0.8972704,0.90607965,0.9096563,0.90387297,0.9039336168503116,-1.5665411,-1.4424958,1750,1750,train
1986,0.89717805,0.90482646,0.90962017,0.9032844,0.9038294658968203,-1.5665591,-1.4431971,1750,1750,train
1987,0.8972665,0.9042687,0.90938985,0.90289575,0.9036764779480388,-1.566577,-1.4532392,1750,1750,train
1988,0.89670044,0.907154,0.90914595,0.90412295,0.9035229096893325,-1.5665947,-1.4442782,1750,1750,train
1989,0.89637226,0.9063639,0.90898216,0.9036737,0.9034003549184774,-1.5666122,-1.4493324,1750,1750,train
1990,0.8961239,0.9048355,0.9088329,0.90291935,0.9032746539812043,-1.5666296,-1.4462466,1750,1750,train
1991,0.89587903,0.9053412,0.9086294,0.90303564,0.9031601310351258,-1.5666469,-1.4532765,1750,1750,train
1992,0.8961356,0.9051008,0.9085964,0.9029231,0.9030367783620878,-1.5666641,-1.4492145,1750,1750,train
1993,0.8961049,0.90441203,0.90827763,0.9024378,0.902912495716723,-1.5666811,-1.4581811,1750,1750,train
1994,0.8956069,0.9050308,0.90813243,0.9026624,0.9027852779560649,-1.566698,-1.4548967,1750,1750,train
1995,0.8955903,0.9049943,0.9080199,0.9026071,0.9026354148478508,-1.5667148,-1.4505572,1750,1750,train
1996,0.8955241,0.9042986,0.9077674,0.90215284,0.9025026620394084,-1.5667313,-1.4581776,1750,1750,train
1997,0.8950124,0.9058315,0.907596,0.9027645,0.9023772868249333,-1.5667478,-1.4606454,1750,1750,train
1998,0.8950498,0.90596133,0.9074104,0.90275735,0.9022732242395232,-1.5667641,-1.4542289,1750,1750,train
1999,0.8949841,0.9060652,0.9073123,0.90275025,0.9021358937379286,-1.5667803,-1.4574686,1750,1750,train
2000,0.89449954,0.90482527,0.9072834,0.9021647,0.9020062156753664,-1.5667963,-1.4603597,1750,1750,train
2001,0.894463,0.90269035,0.90698373,0.9010937,0.9018841777337144,-1.5668123,-1.4476502,1750,1750,train
2002,0.89453125,0.90370226,0.90662885,0.9013817,0.9017374861450549,-1.5668281,-1.4510543,1750,1750,train
2003,0.8938931,0.9046708,0.90647066,0.9017261,0.9016173871546889,-1.5668437,-1.4591814,1750,1750,train
2004,0.89393467,0.90456086,0.9062835,0.90159684,0.901488414490936,-1.5668594,-1.4570194,1750,1750,train
2005,0.8938868,0.9042738,0.9060687,0.90136683,0.9013592533169803,-1.5668747,-1.4574454,1750,1750,train
2006,0.89394474,0.9065811,0.90592897,0.9023523,0.9012380841620675,-1.5668901,-1.4574836,1750,1750,train
2007,0.8932656,0.9036846,0.9059229,0.90100145,0.9010664619063582,-1.5669053,-1.4680395,1750,1750,train
2008,0.8933617,0.9042301,0.905707,0.9011953,0.9009366027792797,-1.5669204,-1.4527081,1750,1750,train
2009,0.8930413,0.90325016,0.9055942,0.9007126,0.9007741867943578,-1.5669353,-1.447741,1750,1750,train
2010,0.8927129,0.90567034,0.9051939,0.90160775,0.9006128984347018,-1.5669502,-1.4554659,1750,1750,train
2011,0.8925417,0.90164155,0.90506184,0.899723,0.9004423669767988,-1.566965,-1.4526823,1750,1750,train
2012,0.89254034,0.9046989,0.90482914,0.90097034,0.9002893742568376,-1.5669795,-1.4653587,1750,1750,train
2013,0.892207,0.9043008,0.904652,0.9007209,0.9001256211683679,-1.5669941,-1.461004,1750,1750,train
2014,0.8913555,0.90143186,0.9047173,0.8994707,0.8999911162433945,-1.5670085,-1.4524559,1750,1750,train
2015,0.89147365,0.9009983,0.9044727,0.8991373,0.8998566276030756,-1.5670228,-1.4608171,1750,1750,train
2016,0.8913962,0.90165395,0.9041929,0.8993148,0.8996943304035183,-1.567037,-1.4583294,1750,1750,train
2017,0.8913928,0.90157473,0.9039308,0.8991387,0.8995456454256814,-1.567051,-1.4653132,1750,1750,train
2018,0.8910999,0.9024784,0.9036679,0.89942914,0.8993610484488803,-1.567065,-1.4654242,1750,1750,train
2019,0.89091676,0.9022841,0.90354955,0.89925885,0.8991651241486288,-1.5670788,-1.4751134,1750,1750,train
2020,0.89084506,0.9034452,0.9034394,0.8997679,0.8989698488327791,-1.5670927,-1.4642107,1750,1750,train
2021,0.89059067,0.9018124,0.903242,0.8989481,0.8987865148590812,-1.5671064,-1.4596794,1750,1750,train
2022,0.89023465,0.89979935,0.90308154,0.8979674,0.8986251780086321,-1.5671198,-1.4568324,1750,1750,train
2023,0.89032286,0.899599,0.9029187,0.8977825,0.8984804313683099,-1.5671333,-1.4634902,1750,1750,train
2024,0.8897435,0.89987904,0.90296686,0.8979592,0.8983131346946708,-1.5671467,-1.4541004,1750,1750,train
2025,0.8897138,0.8995888,0.90274656,0.89771676,0.8981465458972362,-1.56716,-1.4574256,1750,1750,train
2026,0.88973594,0.90177065,0.9022924,0.89847606,0.897982877188714,-1.5671731,-1.4661882,1750,1750,train
2027,0.88946253,0.902454,0.9020833,0.8986877,0.8978070027412375,-1.5671862,-1.4674387,1750,1750,train
2028,0.8891835,0.8996915,0.90194595,0.8973818,0.8976592417386756,-1.5671992,-1.4628024,1750,1750,train
2029,0.88919175,0.9004718,0.9017143,0.8976199,0.8975256042773635,-1.5672121,-1.4665813,1750,1750,train
2030,0.8886307,0.8994001,0.9017178,0.8971286,0.8973925043568189,-1.5672249,-1.4684789,1750,1750,train
2031,0.8885978,0.89889497,0.90150905,0.89683163,0.8972474858173047,-1.5672376,-1.4587095,1750,1750,train
2032,0.88860226,0.8999473,0.9013548,0.8972922,0.8971503027735601,-1.5672503,-1.4407616,1750,1750,train
2033,0.8886269,0.898375,0.9010583,0.8964339,0.8969770451588653,-1.5672628,-1.443347,1750,1750,train
2034,0.8880834,0.90103585,0.9009048,0.8975655,0.8968531248369445,-1.5672752,-1.4461918,1750,1750,train
2035,0.88804233,0.90011054,0.90054953,0.8969859,0.896689462076871,-1.5672876,-1.4449446,1750,1750,train
2036,0.88808197,0.9008438,0.90055907,0.8973258,0.8965502287264575,-1.5672998,-1.444241,1750,1750,train
2037,0.88747567,0.8983368,0.900283,0.89607316,0.8963904967191544,-1.567312,-1.4395473,1750,1750,train
2038,0.8875509,0.89789253,0.90006053,0.8957883,0.8962867208460048,-1.5673242,-1.4331651,1750,1750,train
2039,0.8875494,0.8983335,0.8998649,0.89588207,0.896160439704113,-1.5673361,-1.4390249,1750,1750,train
2040,0.887248,0.8972572,0.89981925,0.8953898,0.8960282734686128,-1.5673481,-1.4329057,1750,1750,train
2041,0.8869653,0.8974642,0.8996841,0.8954371,0.8958351632517585,-1.5673599,-1.4278634,1750,1750,train
2042,0.8872366,0.89657885,0.899403,0.8948992,0.8956653063568567,-1.5673717,-1.4301382,1750,1750,train
2043,0.8863317,0.8989137,0.8993218,0.8959198,0.8954950125007349,-1.5673834,-1.4315312,1750,1750,train
2044,0.88646835,0.8989443,0.8990779,0.8958203,0.8953658938097203,-1.567395,-1.4321711,1750,1750,train
2045,0.88636005,0.8995585,0.898996,0.8960645,0.8952190760669639,-1.5674065,-1.4313872,1750,1750,train
2046,0.8864054,0.8989889,0.89877856,0.89570194,0.8950774632803378,-1.567418,-1.4327765,1750,1750,train
2047,0.88613355,0.89637345,0.8986362,0.8944445,0.894925932808162,-1.5674293,-1.4337101,1750,1750,train
2048,0.8858634,0.8966808,0.89829075,0.8943815,0.8947784908387557,-1.5674406,-1.4489259,1750,1750,train
2049,0.88528764,0.898819,0.89805937,0.89522517,0.8946087190069416,-1.5674518,-1.4568641,1750,1750,train
2050,0.8853035,0.89942724,0.8979442,0.8954412,0.8944033432115744,-1.567463,-1.4596279,1750,1750,train
2051,0.88530463,0.89861894,0.89771473,0.8949777,0.8942018323026656,-1.5674741,-1.4564854,1750,1750,train
2052,0.88529754,0.8974239,0.89743245,0.894325,0.8940586894456775,-1.5674851,-1.449652,1750,1750,train
2053,0.884699,0.89557534,0.8974639,0.8934961,0.8939145736986963,-1.5674961,-1.4505165,1750,1750,train
2054,0.88469785,0.8953602,0.8970939,0.8932109,0.8937193379766181,-1.5675069,-1.4567671,1750,1750,train
2055,0.884191,0.8948621,0.8970288,0.8929445,0.8935300550046649,-1.5675176,-1.4602708,1750,1750,train
2056,0.88415307,0.89525276,0.8968054,0.893011,0.8933121546734516,-1.5675284,-1.46342,1750,1750,train
2057,0.8842159,0.894057,0.8965707,0.89234877,0.8930993690401764,-1.567539,-1.4672682,1750,1750,train
2058,0.8836077,0.8970544,0.89644027,0.89365065,0.8929088053844835,-1.5675496,-1.4678664,1750,1750,train
2059,0.8839414,0.89394784,0.89631283,0.89217585,0.8927198903131514,-1.5675601,-1.4691572,1750,1750,train
2060,0.8833462,0.8958964,0.89620364,0.893021,0.8925647704071177,-1.5675706,-1.4660645,1750,1750,train
2061,0.88334197,0.89670163,0.89599836,0.8932776,0.892399573716806,-1.5675809,-1.4716017,1750,1750,train
2062,0.8833471,0.89440477,0.895723,0.89215875,0.8922589893003259,-1.5675912,-1.4536498,1750,1750,train
2063,0.88312,0.8929159,0.8955616,0.89139396,0.8920957140170213,-1.5676014,-1.458426,1750,1750,train
2064,0.8827871,0.8942787,0.8953899,0.89193946,0.8918959843917538,-1.5676116,-1.4569882,1750,1750,train
2065,0.8828148,0.89182717,0.8953029,0.8907821,0.891726642792365,-1.5676217,-1.4579163,1750,1750,train
2066,0.88224477,0.8956985,0.8949586,0.89235926,0.8915367086380817,-1.5676317,-1.4669852,1750,1750,train
2067,0.88230973,0.8946535,0.8945583,0.89172447,0.8913460323155827,-1.5676417,-1.4588337,1750,1750,train
2068,0.88220876,0.89422804,0.8944677,0.8915141,0.8911572742571069,-1.5676516,-1.4503484,1750,1750,train
2069,0.88199276,0.89170355,0.8942839,0.8902904,0.8909887323312051,-1.5676615,-1.447486,1750,1750,train
2070,0.8817526,0.8924822,0.8942541,0.89059156,0.8908136312522734,-1.5676713,-1.4610392,1750,1750,train
2071,0.8817195,0.8934714,0.8940722,0.8909616,0.8906525897032883,-1.5676811,-1.459883,1750,1750,train
2072,0.8810602,0.89304674,0.893638,0.8905479,0.8904983409898352,-1.5676907,-1.4676015,1750,1750,train
2073,0.8811751,0.8903801,0.89339435,0.88921654,0.8903214215351871,-1.5677004,-1.4701223,1750,1750,train
2074,0.88114256,0.8905087,0.8937236,0.8894184,0.890152419515809,-1.5677099,-1.4726288,1750,1750,train
2075,0.8805276,0.8937318,0.8931974,0.8906334,0.8900170489187289,-1.5677195,-1.4762361,1750,1750,train
2076,0.88056964,0.892979,0.89304745,0.89022076,0.8899089017214773,-1.5677289,-1.4768598,1750,1750,train
2077,0.880033,0.89013976,0.89293253,0.8889026,0.8897819972561384,-1.5677382,-1.4678637,1750,1750,train
2078,0.88005024,0.89100677,0.8925712,0.88910604,0.8896493581365117,-1.5677476,-1.4768974,1750,1750,train
2079,0.88001084,0.8919816,0.8924328,0.8895169,0.88948800777177,-1.5677568,-1.4661031,1750,1750,train
2080,0.87946504,0.8923643,0.89212704,0.8895368,0.8893432669124869,-1.5677661,-1.4711366,1750,1750,train
2081,0.8794766,0.8937635,0.891994,0.8900916,0.889151518080354,-1.5677751,-1.4784389,1750,1750,train
2082,0.8795047,0.8930692,0.89179826,0.88969016,0.8889841275559618,-1.5677843,-1.4770963,1750,1750,train
2083,0.8789203,0.89263827,0.89174235,0.88947755,0.8887763584293675,-1.5677934,-1.4739466,1750,1750,train
2084,0.8788803,0.8907763,0.8915442,0.88855267,0.8885914004103479,-1.5678023,-1.4695868,1750,1750,train
2085,0.8788916,0.8908934,0.8913591,0.8885227,0.88839644917965,-1.5678113,-1.4690971,1750,1750,train
2086,0.87867236,0.89068073,0.8912822,0.88837326,0.8882373594293039,-1.5678202,-1.4752855,1750,1750,train
2087,0.87834513,0.88979524,0.8912047,0.8879556,0.8880836763409646,-1.567829,-1.4680781,1750,1750,train
2088,0.8783471,0.88884383,0.8909415,0.8874387,0.8879387059290723,-1.5678377,-1.4555387,1750,1750,train
2089,0.8778484,0.8912584,0.8904904,0.8883059,0.8877578235249663,-1.5678465,-1.4641224,1750,1750,train
2090,0.8778697,0.88937634,0.8902414,0.8873143,0.8875879244981445,-1.5678551,-1.4717898,1750,1750,train
2091,0.87778825,0.8893661,0.8903612,0.8874017,0.8873899334859162,-1.5678638,-1.4587681,1750,1750,train
2092,0.87731445,0.8895693,0.8901216,0.8873806,0.8872041935523507,-1.5678724,-1.4601531,1750,1750,train
2093,0.8772606,0.8880184,0.8900062,0.88662165,0.8870333487518755,-1.5678809,-1.460479,1750,1750,train
2094,0.87729037,0.88881725,0.88973,0.88686144,0.8868876090999808,-1.5678893,-1.4595166,1750,1750,train
2095,0.87669235,0.8895928,0.8894521,0.8870938,0.886688941444279,-1.5678978,-1.4572098,1750,1750,train
2096,0.8767456,0.8898974,0.8891295,0.8870733,0.8865288675685816,-1.5679061,-1.4612496,1750,1750,train
2097,0.87670165,0.88915765,0.8890325,0.8867122,0.8863797896232035,-1.5679145,-1.4544113,1750,1750,train
2098,0.8761651,0.8885482,0.8887912,0.88628787,0.8862327222562113,-1.5679228,-1.4672668,1750,1750,train
2099,0.87613773,0.8878904,0.8885635,0.8858733,0.8859970871933645,-1.567931,-1.4712489,1750,1750,train
2100,0.8761796,0.8873739,0.888345,0.88556546,0.885800242106725,-1.5679392,-1.4618528,1750,1750,train
2101,0.87562704,0.8859676,0.8883263,0.88493276,0.8856275954784542,-1.5679474,-1.4565227,1750,1750,train
2102,0.8756167,0.8866665,0.88819706,0.8851984,0.885482237796355,-1.5679554,-1.4541075,1750,1750,train
2103,0.875586,0.88596004,0.8880317,0.88478523,0.8853010092846059,-1.5679635,-1.4598105,1750,1750,train
2104,0.8750186,0.886476,0.8876494,0.8848702,0.8851172407366279,-1.5679715,-1.4511448,1750,1750,train
2105,0.8750479,0.8843504,0.88749135,0.8838273,0.8849468949240596,-1.5679795,-1.4525427,1750,1750,train
2106,0.8747321,0.887246,0.88723075,0.88498753,0.8847917520396787,-1.5679873,-1.4655582,1750,1750,train
2107,0.87419903,0.8852338,0.8873259,0.884135,0.8846650204776276,-1.5679952,-1.4589232,1750,1750,train
2108,0.8745378,0.88701385,0.8868309,0.8847312,0.8845296974532865,-1.568003,-1.4544299,1750,1750,train
2109,0.8738877,0.8886474,0.88669205,0.8853955,0.8843908652910457,-1.5680108,-1.4596584,1750,1750,train
2110,0.87388426,0.88673407,0.886412,0.8844092,0.8841914713265087,-1.5680186,-1.4556024,1750,1750,train
2111,0.8733993,0.8861653,0.8861891,0.88405675,0.8840312744761507,-1.5680263,-1.4528065,1750,1750,train
2112,0.87342787,0.8870321,0.88599503,0.88431454,0.883855879792804,-1.5680339,-1.4694364,1750,1750,train
2113,0.8733797,0.8840509,0.885996,0.8829623,0.8836954271915508,-1.5680416,-1.4684088,1750,1750,train
2114,0.8728215,0.88496345,0.8857199,0.8832585,0.8835170534829362,-1.5680491,-1.465794,1750,1750,train
2115,0.8728608,0.8852882,0.88569367,0.8833562,0.8833376616296751,-1.5680566,-1.4792058,1750,1750,train
2116,0.8727968,0.88483375,0.88541925,0.88306123,0.8831520041913464,-1.5680641,-1.4661282,1750,1750,train
2117,0.8725105,0.8880845,0.8850261,0.88432986,0.8829886032588745,-1.5680715,-1.4767168,1750,1750,train
2118,0.872301,0.88622403,0.88499796,0.883493,0.8828162125381083,-1.568079,-1.4689071,1750,1750,train
2119,0.87232774,0.8845448,0.8846873,0.8825402,0.8826630912595592,-1.5680863,-1.4856772,1750,1750,train
2120,0.8716771,0.88555914,0.88486016,0.8831079,0.8824895455730741,-1.5680937,-1.4759054,1750,1750,train
2121,0.87177825,0.88383275,0.8842224,0.8820141,0.8823593535340263,-1.5681009,-1.4821036,1750,1750,train
2122,0.87168956,0.8837996,0.8840891,0.8819412,0.8822121678258452,-1.5681082,-1.4809952,1750,1750,train
2123,0.87119937,0.8825162,0.88412845,0.8813931,0.8820941483651072,-1.5681154,-1.4747925,1750,1750,train
2124,0.87114334,0.88657933,0.88366926,0.8829981,0.8819223431561208,-1.5681225,-1.4864821,1750,1750,train
2125,0.87122625,0.88422704,0.8833803,0.8817998,0.8817742911021437,-1.5681297,-1.4852643,1750,1750,train
2126,0.8706114,0.88498473,0.8835329,0.8822308,0.8816063978082732,-1.5681368,-1.479286,1750,1750,train
2127,0.87066245,0.88261276,0.8831657,0.8809936,0.8814449442988339,-1.5681438,-1.4760425,1750,1750,train
2128,0.8706362,0.8822648,0.8830105,0.88074636,0.8812664444064209,-1.5681509,-1.4824989,1750,1750,train
2129,0.87008274,0.88236946,0.88305044,0.8808293,0.8810878781225149,-1.5681578,-1.4764079,1750,1750,train
2130,0.87002593,0.8825727,0.88258827,0.8806978,0.8809038402215942,-1.5681647,-1.4809686,1750,1750,train
2131,0.87010896,0.88139606,0.8826176,0.8801593,0.8806995214450528,-1.5681716,-1.4869854,1750,1750,train
2132,0.86980593,0.8803757,0.8826318,0.87974316,0.8805216143143447,-1.5681785,-1.4722755,1750,1750,train
2133,0.86951554,0.8810653,0.881799,0.8796706,0.8803469908812687,-1.5681853,-1.4742684,1750,1750,train
2134,0.8695278,0.88107735,0.8816736,0.8796195,0.8801782904533736,-1.5681921,-1.4740341,1750,1750,train
2135,0.8694893,0.88403875,0.8815273,0.8808701,0.8800409459231064,-1.5681989,-1.4844201,1750,1750,train
2136,0.86889863,0.88118917,0.88155854,0.8796005,0.8798795942420377,-1.5682057,-1.4801698,1750,1750,train
2137,0.8689261,0.8823083,0.8813534,0.88002175,0.8796905526682884,-1.5682124,-1.4780107,1750,1750,train
2138,0.86835915,0.8803335,0.8813647,0.87911505,0.8794838583829145,-1.5682191,-1.4829726,1750,1750,train
2139,0.8684035,0.8804933,0.8811097,0.8791093,0.8792629038094733,-1.5682256,-1.4694401,1750,1750,train
2140,0.86829066,0.88325244,0.8806766,0.88011074,0.8790718893826003,-1.5682322,-1.4891849,1750,1750,train
2141,0.8678169,0.8822929,0.8803371,0.8795222,0.8788655506486738,-1.5682387,-1.4881393,1750,1750,train
2142,0.867834,0.88106173,0.88020205,0.87889946,0.8786512045075018,-1.5682453,-1.4885823,1750,1750,train
2143,0.8678225,0.88206774,0.88002026,0.87927395,0.8784426157248989,-1.5682518,-1.4885693,1750,1750,train
2144,0.8672553,0.87895876,0.8800496,0.8778353,0.8782510168487582,-1.5682583,-1.5025009,1750,1750,train
2145,0.8669765,0.88096315,0.8799757,0.87870026,0.8780172137987773,-1.5682647,-1.5071194,1750,1750,train
2146,0.8672781,0.8785991,0.8796085,0.8774708,0.8778336711946466,-1.568271,-1.5023329,1750,1750,train
2147,0.8669573,0.8799829,0.8796096,0.8780648,0.8776105442358327,-1.5682775,-1.5154427,1750,1750,train
2148,0.8664433,0.87735707,0.8791876,0.87671244,0.877398617741631,-1.5682838,-1.5028518,1750,1750,train
2149,0.866675,0.8807611,0.87885463,0.87811077,0.877189688020838,-1.5682901,-1.5018857,1750,1750,train
2150,0.86615306,0.87823886,0.87872946,0.8768908,0.8770448079076401,-1.5682963,-1.5077372,1750,1750,train
2151,0.8661253,0.8790123,0.8785167,0.8771592,0.8768670012295718,-1.5683025,-1.5026289,1750,1750,train
2152,0.86585206,0.876787,0.8784785,0.8761086,0.876688743661517,-1.5683087,-1.5104988,1750,1750,train
2153,0.8658312,0.8782924,0.8783449,0.8767429,0.8764495673545378,-1.5683149,-1.5064769,1750,1750,train
2154,0.8653486,0.87754714,0.8778646,0.87618077,0.8762332911253498,-1.5683211,-1.5079268,1750,1750,train
2155,0.86529535,0.87794894,0.87769353,0.87628937,0.8760270181753801,-1.5683272,-1.5064545,1750,1750,train
2156,0.86534274,0.87697065,0.87742877,0.87569654,0.8758360467660794,-1.5683333,-1.5164835,1750,1750,train
2157,0.8647569,0.8772322,0.87726307,0.875746,0.8756326630368123,-1.5683393,-1.5141733,1750,1750,train
2158,0.864781,0.8748876,0.87703073,0.87455547,0.8754173651546374,-1.5683453,-1.5210562,1750,1750,train
2159,0.8641779,0.875014,0.8770801,0.8746671,0.8751902390048404,-1.5683514,-1.5093174,1750,1750,train
2160,0.8642479,0.8739509,0.87685955,0.874146,0.8749602917417841,-1.5683573,-1.4864132,1750,1750,train
2161,0.8641589,0.8734588,0.8766707,0.8738214,0.8747580093692924,-1.5683632,-1.4917217,1750,1750,train
2162,0.8642145,0.8745741,0.8764123,0.87421215,0.8745392542989135,-1.5683692,-1.4910533,1750,1750,train
2163,0.86364627,0.876744,0.87617755,0.8750607,0.874339072127112,-1.568375,-1.502268,1750,1750,train
2164,0.86364555,0.87482643,0.8759376,0.8741413,0.8741149274016736,-1.5683808,-1.4798459,1750,1750,train
2165,0.86363727,0.87285084,0.87574756,0.8731509,0.8739028275924099,-1.5683867,-1.4818134,1750,1750,train
2166,0.8630951,0.87392455,0.87551975,0.87355363,0.8737200770608208,-1.5683925,-1.475142,1750,1750,train
2167,0.86309046,0.87352234,0.8755771,0.87339574,0.8735207262664153,-1.5683982,-1.4755769,1750,1750,train
2168,0.8625348,0.8767533,0.87494004,0.87460774,0.8733278111427496,-1.568404,-1.4635209,1750,1750,train
2169,0.86251795,0.8744448,0.8747616,0.8734566,0.8731610403762456,-1.5684097,-1.4706392,1750,1750,train
2170,0.862222,0.87579924,0.8747072,0.8740409,0.8729661137102381,-1.5684154,-1.4729927,1750,1750,train
2171,0.8619218,0.8734744,0.8746871,0.87299645,0.872814941925743,-1.568421,-1.4653132,1750,1750,train
2172,0.86195105,0.8746113,0.8742069,0.8732858,0.8726212184664827,-1.5684266,-1.468231,1750,1750,train
2173,0.8620248,0.873503,0.87425435,0.8728106,0.8724718889028019,-1.5684322,-1.4657669,1750,1750,train
2174,0.8613944,0.8721151,0.873978,0.87202394,0.872272737076312,-1.5684378,-1.4762423,1750,1750,train
2175,0.86142343,0.87083906,0.8737303,0.87135553,0.8721236491362985,-1.5684434,-1.4674388,1750,1750,train
2176,0.8613963,0.87080026,0.8735653,0.8712187,0.8719410067730514,-1.5684489,-1.4830923,1750,1750,train
2177,0.86084306,0.87202066,0.8733498,0.8716457,0.8717934676978517,-1.5684544,-1.4936762,1750,1750,train
2178,0.8608424,0.87432176,0.87311375,0.8725889,0.8715867380701059,-1.5684599,-1.4919116,1750,1750,train
2179,0.8603245,0.87211686,0.873176,0.8715977,0.8714419382893179,-1.5684654,-1.4981756,1750,1750,train
2180,0.8601953,0.87148863,0.8729937,0.8713017,0.8712582503518663,-1.5684707,-1.4719596,1750,1750,train
2181,0.8603416,0.87022465,0.8726753,0.87058073,0.8711066156063267,-1.5684762,-1.4723256,1750,1750,train
2182,0.85998994,0.8698928,0.87239623,0.87030613,0.8709106489432914,-1.5684816,-1.4710178,1750,1750,train
2183,0.85978246,0.8695252,0.87225854,0.87006915,0.870740158803211,-1.5684868,-1.4735285,1750,1750,train
2184,0.8594898,0.87021685,0.8718126,0.8701877,0.8705351668826014,-1.5684922,-1.4707415,1750,1750,train
2185,0.8592201,0.8701368,0.8716433,0.87008476,0.8703274837344479,-1.5684975,-1.4669442,1750,1750,train
2186,0.8595136,0.8711507,0.87145793,0.87046903,0.8701028056980402,-1.5685028,-1.4641094,1750,1750,train
2187,0.8589236,0.8698606,0.87148225,0.8698866,0.8698731062244625,-1.568508,-1.4666162,1750,1750,train
2188,0.8589842,0.86970824,0.87124944,0.8697269,0.8696410053205326,-1.5685133,-1.4610288,1750,1750,train
2189,0.8587182,0.86962706,0.87124753,0.86969244,0.8694644448370824,-1.5685184,-1.4598513,1750,1750,train
2190,0.85866165,0.8689417,0.87094295,0.8692786,0.86924712952352,-1.5685236,-1.447036,1750,1750,train
2191,0.85870796,0.86940485,0.8708395,0.8694333,0.8690436435608586,-1.5685288,-1.4500077,1750,1750,train
2192,0.85806894,0.8703596,0.87049925,0.86971974,0.8688482652785217,-1.5685339,-1.447288,1750,1750,train
2193,0.8578523,0.8694804,0.8700942,0.8691176,0.8686454546038542,-1.568539,-1.4533802,1750,1750,train
2194,0.85780865,0.86911035,0.8698031,0.86880666,0.8684684352446985,-1.568544,-1.4568415,1750,1750,train
2195,0.85782623,0.8684798,0.86965,0.8684307,0.8682760670245994,-1.5685492,-1.4636827,1750,1750,train
2196,0.857291,0.8669099,0.8697796,0.8678447,0.8680542643179296,-1.5685542,-1.4398469,1750,1750,train
2197,0.85726726,0.86777395,0.8694649,0.868103,0.8678598883789128,-1.5685592,-1.4366429,1750,1750,train
2198,0.8570147,0.8656433,0.86955976,0.86718524,0.8676716610824566,-1.5685642,-1.4341652,1750,1750,train
2199,0.85673726,0.8672718,0.8685813,0.86745834,0.8675026124866976,-1.5685692,-1.4411235,1750,1750,train
2200,0.85670316,0.8667755,0.8684181,0.8671734,0.8673329990124183,-1.5685741,-1.4359314,1750,1750,train
2201,0.8561971,0.86664665,0.8685442,0.86717594,0.8671201785363002,-1.5685791,-1.4347178,1750,1750,train
2202,0.8558576,0.864647,0.868518,0.8662307,0.8669291670485498,-1.568584,-1.4431177,1750,1750,train
2203,0.8561849,0.8670407,0.86812747,0.86716664,0.8667326265978218,-1.5685889,-1.4340539,1750,1750,train
2204,0.855594,0.86355346,0.8683022,0.8656569,0.8665972493975045,-1.5685937,-1.4356537,1750,1750,train
2205,0.85561955,0.86624604,0.8671887,0.86638063,0.8663997123763948,-1.5685985,-1.4327741,1750,1750,train
2206,0.85534537,0.8640316,0.8672402,0.86537564,0.8661928410632416,-1.5686034,-1.4403429,1750,1750,train
2207,0.85506463,0.8660377,0.8671309,0.8662832,0.8659589402081259,-1.5686082,-1.4247074,1750,1750,train
2208,0.8550449,0.86460406,0.8669585,0.86549985,0.865784154891108,-1.5686129,-1.4428957,1750,1750,train
2209,0.8545211,0.8642449,0.86710393,0.8653873,0.8655948789220156,-1.5686177,-1.4483411,1750,1750,train
2210,0.85451865,0.8647564,0.8667549,0.8654605,0.8653983751232367,-1.5686225,-1.4483261,1750,1750,train
2211,0.8545117,0.8649152,0.86658525,0.8654191,0.8651869038001229,-1.5686271,-1.4609659,1750,1750,train
2212,0.8545372,0.8644782,0.8663125,0.8651195,0.8649925374547683,-1.5686319,-1.4527102,1750,1750,train
2213,0.8540019,0.8657428,0.8660046,0.8655307,0.8648088968996948,-1.5686365,-1.4607718,1750,1750,train
2214,0.8539735,0.86384976,0.8657824,0.86457145,0.8646126778744628,-1.5686412,-1.459892,1750,1750,train
2215,0.85395867,0.86536926,0.8655697,0.86514115,0.8643979394839925,-1.5686458,-1.4683057,1750,1750,train
2216,0.85344064,0.8619391,0.8654753,0.863576,0.8641917981991427,-1.5686504,-1.4552999,1750,1750,train
2217,0.8534065,0.86189026,0.86522496,0.86344814,0.8639721526543529,-1.568655,-1.4522991,1750,1750,train
2218,0.85342926,0.86191815,0.86503065,0.863367,0.8637973409284367,-1.5686595,-1.4540823,1750,1750,train
2219,0.85287094,0.86261517,0.8651391,0.863739,0.8636039320484207,-1.5686642,-1.4520743,1750,1750,train
2220,0.8529248,0.86184317,0.86474144,0.8632158,0.86341749224057,-1.5686687,-1.4488721,1750,1750,train
2221,0.8528306,0.8664741,0.86414814,0.8650572,0.8632126423995908,-1.5686731,-1.4462731,1750,1750,train
2222,0.85236114,0.86266565,0.8642992,0.8633843,0.8630292750316848,-1.5686777,-1.4500555,1750,1750,train
2223,0.85233104,0.86336607,0.8641032,0.86362576,0.8628436299546811,-1.5686822,-1.445687,1750,1750,train
2224,0.8523574,0.8614997,0.8638495,0.86264503,0.8626473185273313,-1.5686866,-1.451535,1750,1750,train
2225,0.85173094,0.85969883,0.86376464,0.8617972,0.8624463280118346,-1.568691,-1.4483001,1750,1750,train
2226,0.85180295,0.86143726,0.8634267,0.8624267,0.8622428069741167,-1.5686955,-1.450454,1750,1750,train
2227,0.85181373,0.8591308,0.8633584,0.8613297,0.8620287058817628,-1.5686998,-1.4566787,1750,1750,train
2228,0.8512024,0.860503,0.8628906,0.8617616,0.8618186508794412,-1.5687042,-1.4490018,1750,1750,train
2229,0.85121715,0.8581123,0.86264634,0.86058825,0.8616360601621226,-1.5687087,-1.4405091,1750,1750,train
2230,0.85123736,0.8608505,0.8624264,0.861743,0.8614066774616681,-1.568713,-1.4367812,1750,1750,train
2231,0.85063183,0.8610794,0.86256135,0.8618797,0.8611751336503519,-1.5687174,-1.4467816,1750,1750,train
2232,0.85068995,0.8619997,0.8622862,0.8622092,0.8609404446716766,-1.5687217,-1.434021,1750,1750,train
2233,0.8501082,0.8568863,0.86219025,0.85983413,0.8607401636092769,-1.568726,-1.4366953,1750,1750,train
2234,0.8500774,0.8569656,0.8620405,0.85978264,0.860536407241961,-1.5687302,-1.4433166,1750,1750,train
2235,0.84950536,0.8577872,0.86150503,0.85991603,0.8603457537952035,-1.5687345,-1.4417536,1750,1750,train
2236,0.8495409,0.8588559,0.8611314,0.86021245,0.860154972930675,-1.5687387,-1.4482555,1750,1750,train
2237,0.84954613,0.85833627,0.86119294,0.86002356,0.8599884647032645,-1.568743,-1.4416107,1750,1750,train
2238,0.84896654,0.85645956,0.8609487,0.859029,0.8597819414432184,-1.5687472,-1.452186,1750,1750,train
2239,0.84899,0.85683376,0.8607774,0.85917413,0.8596028834982854,-1.5687513,-1.4336851,1750,1750,train
2240,0.84897184,0.8585313,0.8604934,0.85978127,0.8594175947382232,-1.5687555,-1.4456613,1750,1750,train
2241,0.8484091,0.8575753,0.86000717,0.8591172,0.8592745799429938,-1.5687597,-1.4483523,1750,1750,train
2242,0.84845775,0.8592774,0.85987127,0.85982734,0.8590824867178182,-1.5687639,-1.4488219,1750,1750,train
2243,0.84843564,0.8573665,0.85956895,0.8587769,0.8588957310670485,-1.5687679,-1.4643569,1750,1750,train
2244,0.84789973,0.8575965,0.8597013,0.85895395,0.858674186496864,-1.5687721,-1.4600446,1750,1750,train
2245,0.8478956,0.8568931,0.8594675,0.85851973,0.8584694498816237,-1.5687761,-1.4628687,1750,1750,train
2246,0.8478835,0.85772187,0.8594357,0.85888505,0.8582563123691167,-1.5687802,-1.4617128,1750,1750,train
2247,0.8473553,0.8546576,0.85963213,0.8575761,0.8581273257374449,-1.5687842,-1.4639502,1750,1750,train
2248,0.8473307,0.85537845,0.8594464,0.8578629,0.857962642800856,-1.5687883,-1.4484556,1750,1750,train
2249,0.84738827,0.85418993,0.8592808,0.85723877,0.8578301301566449,-1.5687923,-1.4514549,1750,1750,train
2250,0.8467887,0.85595334,0.8583354,0.85758924,0.8576921083416169,-1.5687963,-1.4582396,1750,1750,train
2251,0.84683216,0.85569423,0.8581039,0.8573991,0.857523731881417,-1.5688003,-1.4465822,1750,1750,train
2252,0.8467758,0.8569131,0.8579149,0.85784113,0.8573801082814916,-1.5688043,-1.4555466,1750,1750,train
2253,0.8462828,0.8544163,0.85797775,0.85675657,0.8572014759220117,-1.5688083,-1.448111,1750,1750,train
2254,0.8462404,0.8542784,0.85800385,0.8567223,0.8569891262954505,-1.5688123,-1.4423717,1750,1750,train
2255,0.84626544,0.85460454,0.85779464,0.8567841,0.8567701390438582,-1.5688162,-1.4392264,1750,1750,train
2256,0.8456706,0.85697806,0.85721254,0.8576496,0.8565724256929602,-1.56882,-1.4211316,1750,1750,train
2257,0.84575504,0.85555625,0.8569175,0.8568674,0.856404629878855,-1.5688239,-1.4216845,1750,1750,train
2258,0.8456711,0.8553118,0.8567904,0.85668737,0.8562573129173283,-1.5688279,-1.4254265,1750,1750,train
2259,0.84512323,0.8543082,0.8565607,0.8561114,0.8560354257510566,-1.5688317,-1.4306064,1750,1750,train
2260,0.8451251,0.85311633,0.85636723,0.8555144,0.8558122803029083,-1.5688355,-1.4194102,1750,1750,train
2261,0.84512645,0.8534877,0.8561388,0.8555702,0.8555819053793273,-1.5688394,-1.4223902,1750,1750,train
2262,0.844543,0.85106057,0.8565712,0.85468256,0.8553885535158545,-1.5688432,-1.4163904,1750,1750,train
2263,0.84455025,0.8540394,0.85605264,0.8557841,0.855188879593503,-1.5688471,-1.4215019,1750,1750,train
2264,0.8440493,0.8536532,0.85568166,0.85547054,0.8549820693120281,-1.5688508,-1.4109519,1750,1750,train
2265,0.8440167,0.85291904,0.85507095,0.854861,0.8547506861749828,-1.5688546,-1.4100585,1750,1750,train
2266,0.8439971,0.8511949,0.85502183,0.85403347,0.854557017269721,-1.5688584,-1.4174625,1750,1750,train
2267,0.84346175,0.8510844,0.85521185,0.8540762,0.8543670343883805,-1.5688621,-1.4153476,1750,1750,train
2268,0.8434096,0.850362,0.85484564,0.8535757,0.8542069227212669,-1.5688658,-1.4171203,1750,1750,train
2269,0.8428989,0.8531192,0.8543066,0.8545862,0.8539859327487499,-1.5688696,-1.4158082,1750,1750,train
2270,0.84291756,0.85306627,0.8541547,0.8544872,0.8537975005696811,-1.5688733,-1.417744,1750,1750,train
2271,0.84287405,0.853205,0.8537899,0.8543831,0.8535796648532561,-1.568877,-1.4179635,1750,1750,train
2272,0.8428936,0.85175794,0.85372233,0.8536209,0.853410864767918,-1.5688807,-1.4434022,1750,1750,train
2273,0.8423593,0.8514324,0.85362816,0.8534129,0.8531994898998596,-1.5688843,-1.4493871,1750,1750,train
2274,0.8423854,0.8500839,0.85331774,0.8526635,0.8529737959180843,-1.568888,-1.4477031,1750,1750,train
2275,0.8423715,0.84854513,0.8531202,0.8518245,0.8527589275527931,-1.5688915,-1.4653292,1750,1750,train
2276,0.8418235,0.8481201,0.853356,0.85177743,0.852558770149544,-1.5688952,-1.4517283,1750,1750,train
2277,0.8417943,0.84716195,0.8533696,0.8513503,0.8523731068586222,-1.5688988,-1.4510748,1750,1750,train
2278,0.8418263,0.8471537,0.8530477,0.8512039,0.8522091290859286,-1.5689024,-1.449623,1750,1750,train
2279,0.841294,0.8510927,0.8524157,0.85268605,0.8520118578468028,-1.568906,-1.4562519,1750,1750,train
2280,0.8412773,0.84925693,0.8521018,0.85169035,0.851833895681468,-1.5689095,-1.4628506,1750,1750,train
2281,0.8412533,0.8502705,0.8519381,0.85208505,0.8516494303103833,-1.5689131,-1.4596789,1750,1750,train
2282,0.8407162,0.84834343,0.8521848,0.85133463,0.8515082731133697,-1.5689167,-1.4552684,1750,1750,train
2283,0.84067345,0.84777933,0.85228634,0.8511297,0.8513498794624877,-1.5689201,-1.4535161,1750,1750,train
2284,0.84071153,0.84858733,0.85190153,0.8513233,0.8511716856627217,-1.5689237,-1.452777,1750,1750,train
2285,0.84067374,0.8484678,0.8516948,0.8511914,0.8509710006660883,-1.5689272,-1.4469117,1750,1750,train
2286,0.8401941,0.85034496,0.8506588,0.85154194,0.8507747108494554,-1.5689306,-1.4573549,1750,1750,train
2287,0.8401215,0.848433,0.85051954,0.85060567,0.850610802469481,-1.5689341,-1.4588616,1750,1750,train
2288,0.8401345,0.8487449,0.8502244,0.85064906,0.8504164289754573,-1.5689375,-1.4460721,1750,1750,train
2289,0.8395622,0.8463361,0.85075915,0.8497908,0.850255442031774,-1.568941,-1.448878,1750,1750,train
2290,0.8395893,0.84886986,0.8501471,0.8506508,0.8500392503620938,-1.5689445,-1.453021,1750,1750,train
2291,0.8390332,0.8470101,0.85063183,0.850025,0.8498313946292715,-1.5689479,-1.4537544,1750,1750,train
2292,0.8389897,0.84583384,0.8499712,0.8492088,0.8496048444691463,-1.5689514,-1.4469565,1750,1750,train
2293,0.8389856,0.84516424,0.84985316,0.84884495,0.8494418656510742,-1.5689547,-1.4490248,1750,1750,train
2294,0.83844423,0.84800535,0.8493756,0.8499142,0.84923700549414,-1.568958,-1.4502339,1750,1750,train
2295,0.83848304,0.8466709,0.84882975,0.84904873,0.8490734725482282,-1.5689615,-1.453892,1750,1750,train
2296,0.8384422,0.8483673,0.84854114,0.84970057,0.8489454521034066,-1.5689648,-1.4493344,1750,1750,train
2297,0.8379227,0.8450535,0.8491918,0.84850276,0.8488200640456284,-1.5689682,-1.4456275,1750,1750,train
2298,0.83790076,0.8457019,0.84877014,0.8486146,0.8486496441204647,-1.5689715,-1.4422506,1750,1750,train
2299,0.83736885,0.8481767,0.84813845,0.84942406,0.8485082667849437,-1.5689749,-1.4515777,1750,1750,train
2300,0.83732384,0.84677464,0.847494,0.8484906,0.8483172679190836,-1.5689782,-1.4525403,1750,1750,train
2301,0.8373867,0.8465689,0.8473593,0.84833384,0.8481098986710849,-1.5689814,-1.4532053,1750,1750,train
2302,0.836754,0.84463567,0.84778535,0.8476481,0.8479174574508556,-1.5689847,-1.4538989,1750,1750,train
2303,0.8368124,0.8441058,0.84764135,0.8473546,0.8477118286169021,-1.568988,-1.4493724,1750,1750,train
2304,0.8367716,0.84454244,0.84731925,0.84738886,0.8474728498116529,-1.5689913,-1.4554449,1750,1750,train
2305,0.836255,0.84229213,0.8477751,0.8465783,0.8472693625758669,-1.5689945,-1.4541785,1750,1750,train
2306,0.8362257,0.84318215,0.84727657,0.84675676,0.8470800727428117,-1.5689977,-1.4536127,1750,1750,train
2307,0.83625203,0.8420678,0.847139,0.84618056,0.8469333062882124,-1.569001,-1.4562438,1750,1750,train
2308,0.83621573,0.8419214,0.84694266,0.8460325,0.8467602173078552,-1.5690042,-1.4534279,1750,1750,train
2309,0.8356775,0.8442244,0.8459841,0.84660393,0.846569535518886,-1.5690074,-1.4667397,1750,1750,train
2310,0.83564353,0.84463555,0.8463224,0.8469652,0.8463863901444961,-1.5690106,-1.4594934,1750,1750,train
2311,0.8356833,0.8439862,0.8456032,0.8463227,0.8462009967735504,-1.5690138,-1.4665167,1750,1750,train
2312,0.83510023,0.84121937,0.84591925,0.8452333,0.8460091867990328,-1.5690169,-1.4583052,1750,1750,train
2313,0.8351404,0.84159493,0.8455297,0.8452191,0.8458094693042264,-1.5690202,-1.4608479,1750,1750,train
2314,0.83511096,0.8416613,0.84522235,0.84511316,0.8456102747882337,-1.5690233,-1.4594016,1750,1750,train
2315,0.8345947,0.846169,0.84473073,0.84691775,0.8454192734112261,-1.5690265,-1.4660289,1750,1750,train
2316,0.83457106,0.8451257,0.8445966,0.84637284,0.8452521677710878,-1.5690296,-1.4695715,1750,1750,train
2317,0.8345651,0.8455444,0.84424543,0.84639925,0.8450759838179642,-1.5690327,-1.4709084,1750,1750,train
2318,0.834025,0.84076285,0.84435034,0.84428746,0.8448448405778345,-1.5690358,-1.4666026,1750,1750,train
2319,0.8340251,0.84244066,0.84447634,0.8451081,0.8446103844041092,-1.5690389,-1.4661592,1750,1750,train
2320,0.8340552,0.8417976,0.8443583,0.844785,0.8444148011082016,-1.569042,-1.4580448,1750,1750,train
2321,0.8339815,0.8398407,0.8436543,0.8435625,0.8442159847318305,-1.5690451,-1.4626635,1750,1750,train
2322,0.8335422,0.8391101,0.8439833,0.84337455,0.8440488479737175,-1.569048,-1.4648471,1750,1750,train
2323,0.8334267,0.841251,0.8436899,0.84420544,0.8438510252124042,-1.5690511,-1.4675579,1750,1750,train
2324,0.83343446,0.83848286,0.84370947,0.84302485,0.843655277862978,-1.5690541,-1.4436493,1750,1750,train
2325,0.83285815,0.8416153,0.8427192,0.84392583,0.8434987403198245,-1.5690572,-1.4685001,1750,1750,train
2326,0.8328691,0.84096855,0.8426138,0.84357667,0.8433288580380343,-1.5690602,-1.4711599,1750,1750,train
2327,0.83233994,0.8384041,0.8433988,0.84282863,0.8431605886148104,-1.5690632,-1.450247,1750,1750,train
2328,0.832322,0.8388767,0.8423859,0.84257734,0.8429669973647517,-1.5690662,-1.4517157,1750,1750,train
2329,0.8317648,0.8411698,0.8419012,0.8433521,0.842768578116865,-1.5690693,-1.4679675,1750,1750,train
2330,0.83178455,0.8423319,0.84156907,0.84372705,0.8425817149363406,-1.5690722,-1.4684846,1750,1750,train
2331,0.8312158,0.83855647,0.8422595,0.8423652,0.8423808280664208,-1.5690751,-1.4549557,1750,1750,train
2332,0.8312112,0.83724576,0.84108365,0.84119993,0.8421741324755204,-1.5690781,-1.4671507,1750,1750,train
2333,0.8311927,0.8372813,0.84094274,0.8411513,0.8419756523390637,-1.5690811,-1.4673464,1750,1750,train
2334,0.8306608,0.83725303,0.84135044,0.84135205,0.8417268059875049,-1.569084,-1.4574353,1750,1750,train
2335,0.83066225,0.83681285,0.8413075,0.84117657,0.8415087304200668,-1.5690869,-1.4419355,1750,1750,train
2336,0.8306472,0.8372197,0.8406507,0.84106255,0.8413550398225874,-1.5690899,-1.4417145,1750,1750,train
2337,0.830416,0.83951825,0.8400265,0.8417249,0.8411859223093374,-1.5690928,-1.4762278,1750,1750,train
2338,0.8300761,0.83815783,0.8402015,0.84118044,0.8409940827559357,-1.5690956,-1.4785843,1750,1750,train
2339,0.8301258,0.8388302,0.83981,0.8412707,0.8407858420615419,-1.5690986,-1.4920082,1750,1750,train
2340,0.82950914,0.8360439,0.83984625,0.84008455,0.8405842914171031,-1.5691015,-1.4692264,1750,1750,train
2341,0.82955945,0.8354979,0.84029603,0.84003896,0.8404520384984204,-1.5691043,-1.470196,1750,1750,train
2342,0.8295384,0.8357266,0.83932793,0.83969015,0.8403030710880737,-1.5691072,-1.4743404,1750,1750,train
2343,0.82900363,0.83878165,0.83866274,0.8407086,0.8401613054738368,-1.56911,-1.4984164,1750,1750,train
2344,0.82896847,0.8383988,0.83842146,0.8404548,0.8399721667794431,-1.5691128,-1.4873402,1750,1750,train
2345,0.82899153,0.83816636,0.83832085,0.84029853,0.8398010756097729,-1.5691156,-1.489145,1750,1750,train
2346,0.8284555,0.8360293,0.8389038,0.8396485,0.8396341614459611,-1.5691185,-1.4692128,1750,1750,train
2347,0.8284393,0.83567864,0.83848417,0.8392854,0.8394160377320004,-1.5691212,-1.4738123,1750,1750,train
2348,0.8284424,0.83548075,0.83836305,0.839164,0.8392044509568671,-1.5691241,-1.4652739,1750,1750,train
2349,0.82842904,0.8360885,0.8378686,0.8391997,0.8390284385691029,-1.5691268,-1.4706267,1750,1750,train
2350,0.8278798,0.8345323,0.8384801,0.83880234,0.8388113282839622,-1.5691297,-1.4597068,1750,1750,train
2351,0.8279157,0.8347312,0.8375298,0.8384367,0.8386337519807016,-1.5691324,-1.4678793,1750,1750,train
2352,0.8278781,0.83380556,0.8379806,0.8382585,0.8384531442326494,-1.5691352,-1.4548147,1750,1750,train
2353,0.8273351,0.83546394,0.8368815,0.8384608,0.8382715769698386,-1.5691379,-1.4726802,1750,1750,train
2354,0.8273627,0.8354506,0.83667195,0.83834434,0.83806941250786,-1.5691407,-1.4780954,1750,1750,train
2355,0.8273338,0.83481055,0.83654606,0.83799934,0.837904607163644,-1.5691434,-1.4770044,1750,1750,train
2356,0.82678837,0.83354485,0.8368596,0.8375991,0.8377703510771602,-1.5691462,-1.4656256,1750,1750,train
2357,0.82676375,0.8346761,0.8364047,0.83790773,0.8376107574205691,-1.5691489,-1.4647752,1750,1750,train
2358,0.82677734,0.8327871,0.8362087,0.83695245,0.8374119609308638,-1.5691516,-1.4678233,1750,1750,train
2359,0.82610065,0.83667773,0.8357214,0.8384638,0.837217722069434,-1.5691543,-1.4797959,1750,1750,train
2360,0.82619727,0.8363581,0.835369,0.83816457,0.8370365119295621,-1.569157,-1.4774461,1750,1750,train
2361,0.82561636,0.83278793,0.83523095,0.8364785,0.8368644852346894,-1.5691596,-1.4782829,1750,1750,train
2362,0.825652,0.83218414,0.8355843,0.83636916,0.8366726660647823,-1.5691624,-1.476905,1750,1750,train
2363,0.8256231,0.83208174,0.8347398,0.8359115,0.8365077613560902,-1.569165,-1.486604,1750,1750,train
2364,0.82508326,0.8322552,0.8352076,0.83626866,0.8363311191942008,-1.5691676,-1.4628556,1750,1750,train
2365,0.825087,0.8307517,0.835675,0.83579785,0.8361862000664153,-1.5691704,-1.4633298,1750,1750,train
2366,0.82452327,0.83126837,0.83411753,0.83525556,0.8359987535234369,-1.569173,-1.4877943,1750,1750,train
2367,0.8245246,0.8320405,0.8337792,0.83545625,0.835836006493705,-1.5691756,-1.4862031,1750,1750,train
2368,0.8245423,0.8326648,0.8332381,0.83547246,0.8356542257212753,-1.5691782,-1.49389,1750,1750,train
2369,0.823999,0.8308163,0.83407915,0.8350378,0.8355223973066326,-1.5691808,-1.4859755,1750,1750,train
2370,0.8239713,0.83138305,0.8339578,0.835242,0.8353649422213312,-1.5691835,-1.4851761,1750,1750,train
2371,0.82400274,0.8311567,0.8334726,0.8348812,0.8352102185270787,-1.569186,-1.4988987,1750,1750,train
2372,0.8234633,0.8331982,0.83281255,0.83544123,0.8350432636489297,-1.5691886,-1.523911,1750,1750,train
2373,0.8234712,0.83245134,0.83266973,0.8350177,0.8348695963392135,-1.5691912,-1.5314269,1750,1750,train
2374,0.82345945,0.83212465,0.83224154,0.8346822,0.8347457334118578,-1.5691937,-1.5283809,1750,1750,train
2375,0.82344246,0.8328869,0.83215487,0.83496594,0.8345975235066255,-1.5691963,-1.5372727,1750,1750,train
2376,0.822875,0.83127946,0.83280647,0.8346296,0.8344545898309023,-1.5691988,-1.5003664,1750,1750,train
2377,0.82288766,0.83182544,0.8322604,0.8345715,0.8342891228047901,-1.5692015,-1.5220315,1750,1750,train
2378,0.82287043,0.83076364,0.8319516,0.8339385,0.8341330749299473,-1.569204,-1.5260448,1750,1750,train
2379,0.8229298,0.8319018,0.83176386,0.8344233,0.8339933848032017,-1.5692065,-1.505613,1750,1750,train
2380,0.8223024,0.83042794,0.8324586,0.83410084,0.8338405031124004,-1.569209,-1.4943266,1750,1750,train
2381,0.8223052,0.8306765,0.8314413,0.8337243,0.8336837377636401,-1.5692115,-1.5040572,1750,1750,train
2382,0.8223206,0.8302124,0.83123744,0.8334172,0.8335344964397832,-1.5692141,-1.505438,1750,1750,train
2383,0.82176274,0.8313101,0.8305919,0.83358395,0.833395665637072,-1.5692165,-1.5196961,1750,1750,train
2384,0.8217791,0.83050865,0.83081055,0.8333149,0.8332340489935177,-1.569219,-1.5215334,1750,1750,train
2385,0.821454,0.83022743,0.83047044,0.83302903,0.833127112689014,-1.5692215,-1.5228148,1750,1750,train
2386,0.82151383,0.8291926,0.8303653,0.83248204,0.8330066264041396,-1.569224,-1.5341524,1750,1750,train
2387,0.82146335,0.83012563,0.83049524,0.8330149,0.8328405849530973,-1.5692265,-1.5148736,1750,1750,train
2388,0.82094055,0.8299073,0.8304106,0.83289826,0.8326813228313948,-1.5692289,-1.5069251,1750,1750,train
2389,0.82091457,0.83023006,0.8302208,0.8329576,0.8325081167465214,-1.5692314,-1.5071938,1750,1750,train
2390,0.8203538,0.82922256,0.82950175,0.83212245,0.8323431756248443,-1.5692338,-1.5264368,1750,1750,train
2391,0.82063454,0.8303693,0.82912636,0.8324379,0.8321772218155405,-1.5692363,-1.539734,1750,1750,train
2392,0.8200285,0.828685,0.828735,0.83149356,0.8320128284101778,-1.5692387,-1.5403521,1750,1750,train
2393,0.82000214,0.82888806,0.8288832,0.8316801,0.8318331504197898,-1.5692412,-1.5298603,1750,1750,train
2394,0.8197683,0.8272655,0.8289317,0.8309735,0.8316667554424192,-1.5692436,-1.5268618,1750,1750,train
2395,0.8197879,0.82881546,0.8288822,0.8317065,0.8314551631630135,-1.5692459,-1.5070162,1750,1750,train
2396,0.8192124,0.82947403,0.82831705,0.8316719,0.831271526515069,-1.5692483,-1.5362941,1750,1750,train
2397,0.81923497,0.82986563,0.82787395,0.8316301,0.8310842208758021,-1.5692507,-1.543273,1750,1750,train
2398,0.81922936,0.8301427,0.8276249,0.83164847,0.8309099324162663,-1.5692531,-1.540956,1750,1750,train
2399,0.8186354,0.8265832,0.8271891,0.82982945,0.8307231964483006,-1.5692555,-1.5428908,1750,1750,train
2400,0.8186331,0.8282786,0.8271959,0.83064395,0.8305218909755372,-1.5692579,-1.5265534,1750,1750,train
2401,0.8186599,0.8271634,0.82712054,0.83007646,0.8303458129388238,-1.5692602,-1.5370437,1750,1750,train
2402,0.81811845,0.8290128,0.82626617,0.8304566,0.8301701959662938,-1.5692626,-1.5650525,1750,1750,train
2403,0.81812835,0.8266806,0.8272928,0.82993627,0.8300057286143949,-1.5692649,-1.5368564,1750,1750,train
2404,0.81809217,0.8259955,0.8270687,0.82953775,0.829819398658435,-1.5692673,-1.531213,1750,1750,train
2405,0.81784075,0.82783824,0.8261534,0.829894,0.8296503989814443,-1.5692697,-1.5562713,1750,1750,train
2406,0.8175229,0.827573,0.8261006,0.8297466,0.8295080488463855,-1.5692719,-1.557446,1750,1750,train
2407,0.8172954,0.82661515,0.82558143,0.8290671,0.8293307873046301,-1.5692743,-1.5608698,1750,1750,train
2408,0.8169784,0.82586664,0.8260318,0.82898027,0.8291606470146123,-1.5692766,-1.5418022,1750,1750,train
2409,0.8170245,0.82559246,0.825773,0.8287257,0.8289985420933291,-1.5692788,-1.5466697,1750,1750,train
2410,0.8167341,0.82638615,0.82436764,0.828372,0.8288214632982887,-1.5692812,-1.576632,1750,1750,train
2411,0.8164218,0.8271439,0.8243817,0.8287135,0.8286160896995002,-1.5692835,-1.5802906,1750,1750,train
2412,0.8164353,0.82657534,0.8247222,0.8286584,0.8284173108499291,-1.5692858,-1.560705,1750,1750,train
2413,0.81645054,0.8260687,0.8243357,0.82824624,0.828235413477913,-1.569288,-1.5632663,1750,1750,train
2414,0.8158812,0.8251658,0.8249366,0.8281442,0.8280609735732475,-1.5692903,-1.5495424,1750,1750,train
2415,0.8158867,0.8253455,0.82474434,0.82814455,0.8278937900092402,-1.5692925,-1.5470326,1750,1750,train
2416,0.81560105,0.8247462,0.82413876,0.8276323,0.8277128777481338,-1.5692948,-1.5331705,1750,1750,train
2417,0.8153622,0.82403284,0.82320035,0.8267928,0.8275358691936616,-1.5692971,-1.5684752,1750,1750,train
2418,0.81531763,0.82548124,0.82279885,0.82726204,0.8273245215823515,-1.5692993,-1.5706825,1750,1750,train
2419,0.81533825,0.82453877,0.82243073,0.8266493,0.8271326410256952,-1.5693016,-1.5778505,1750,1750,train
2420,0.81478274,0.8255499,0.8233901,0.8276291,0.8269162301625632,-1.5693038,-1.5438776,1750,1750,train
2421,0.81479156,0.824708,0.8225862,0.8268211,0.826746222400366,-1.569306,-1.5679421,1750,1750,train
2422,0.8147859,0.82415897,0.8223225,0.82645357,0.8265487361705844,-1.5693083,-1.5672721,1750,1750,train
2423,0.8145006,0.82361114,0.8228613,0.82649386,0.8263694989715912,-1.5693104,-1.5497068,1750,1750,train
2424,0.81424046,0.82331425,0.8230883,0.8264995,0.8261967956305449,-1.5693127,-1.535078,1750,1750,train
2425,0.8142027,0.82388073,0.8229331,0.82667387,0.8259695933997371,-1.5693148,-1.5398375,1750,1750,train
2426,0.81365347,0.8241502,0.8216195,0.82614076,0.8257688777050037,-1.569317,-1.5628393,1750,1750,train
2427,0.8136317,0.82391626,0.82111585,0.8258039,0.8255343897612156,-1.5693192,-1.5635004,1750,1750,train
2428,0.8131259,0.82220906,0.8217472,0.82533336,0.8253221246914623,-1.5693214,-1.5566378,1750,1750,train
2429,0.81310934,0.8224468,0.8215816,0.82536656,0.8250966998479672,-1.5693235,-1.5563816,1750,1750,train
2430,0.8130619,0.8221833,0.8215662,0.82523143,0.824885005466125,-1.5693257,-1.559799,1750,1750,train
2431,0.812512,0.820823,0.82012546,0.8239181,0.8246851694033167,-1.569328,-1.5763378,1750,1750,train
2432,0.8124913,0.8236028,0.8190118,0.824582,0.8244912623764933,-1.5693301,-1.6146922,1750,1750,train
2433,0.8125487,0.8213279,0.81970155,0.82389235,0.8242707519993462,-1.5693322,-1.602218,1750,1750,train
2434,0.8119759,0.82053405,0.8198768,0.82360995,0.8240698339912006,-1.5693344,-1.6030278,1750,1750,train
2435,0.8117116,0.82020754,0.82042265,0.82372075,0.823873261603,-1.5693364,-1.59848,1750,1750,train
2436,0.8114448,0.82060724,0.8212608,0.82435846,0.8236704600859195,-1.5693386,-1.567426,1750,1750,train
2437,0.8113988,0.8203619,0.81978226,0.82351863,0.8234931650297992,-1.5693407,-1.5904753,1750,1750,train
2438,0.8114315,0.8203304,0.8195056,0.82338214,0.8233221680376006,-1.5693429,-1.5889394,1750,1750,train
2439,0.81083685,0.8202643,0.81881654,0.82297695,0.8231388452331077,-1.569345,-1.615165,1750,1750,train
2440,0.81085145,0.81963784,0.8189796,0.8227647,0.8229694022063222,-1.569347,-1.6160829,1750,1750,train
2441,0.8109115,0.819637,0.81801856,0.82230526,0.822800334741857,-1.5693492,-1.6256611,1750,1750,train
2442,0.8103344,0.81882113,0.81891584,0.82238674,0.8226410740876904,-1.5693512,-1.6068225,1750,1750,train
2443,0.8103348,0.8192114,0.818848,0.82254255,0.8224070395031837,-1.5693533,-1.6027436,1750,1750,train
2444,0.810327,0.818186,0.81861174,0.8219596,0.8222286108368969,-1.5693554,-1.6071002,1750,1750,train
2445,0.8097936,0.81890815,0.8178779,0.8219383,0.822032689751184,-1.5693575,-1.6136492,1750,1750,train
2446,0.8097843,0.81788725,0.8167306,0.82092476,0.8218694845329374,-1.5693595,-1.6260914,1750,1750,train
2447,0.8098202,0.81945,0.8170351,0.82178164,0.8216840955862014,-1.5693616,-1.6220202,1750,1750,train
2448,0.8092434,0.8179722,0.8171433,0.8211755,0.8214909987027285,-1.5693637,-1.6154003,1750,1750,train
2449,0.80918306,0.8173028,0.81746733,0.8210308,0.8213114083432786,-1.5693657,-1.6103911,1750,1750,train
2450,0.8092853,0.8183729,0.81640816,0.82100445,0.8211626865703842,-1.5693678,-1.6235017,1750,1750,train
2451,0.80920595,0.8181261,0.8162643,0.82081723,0.8210074459807746,-1.5693698,-1.6277919,1750,1750,train
2452,0.80869097,0.8185949,0.81697965,0.82143015,0.8208470182547296,-1.5693718,-1.5955791,1750,1750,train
2453,0.8086811,0.8180805,0.81697655,0.8211774,0.8206769096240679,-1.5693738,-1.6031568,1750,1750,train
2454,0.8086804,0.817978,0.8172375,0.8212638,0.8205035979778553,-1.5693759,-1.5971335,1750,1750,train
2455,0.8081215,0.8179938,0.81567276,0.82046854,0.820336261408027,-1.5693779,-1.6365278,1750,1750,train
2456,0.8081375,0.8179217,0.81574786,0.8204803,0.8201491216219343,-1.5693799,-1.6319416,1750,1750,train
2457,0.80813015,0.81790143,0.815292,0.8202616,0.8199655150402531,-1.569382,-1.6329474,1750,1750,train
2458,0.8081289,0.8194976,0.8145579,0.82061803,0.8197981241729407,-1.5693839,-1.6481991,1750,1750,train
2459,0.807531,0.81716335,0.8153254,0.81996316,0.8196504941334575,-1.5693859,-1.6236141,1750,1750,train
2460,0.8076046,0.8168914,0.8148136,0.8195924,0.8194719775878179,-1.5693879,-1.6300552,1750,1750,train
2461,0.8070214,0.81802523,0.8134843,0.8194401,0.8193001230307381,-1.5693898,-1.6581287,1750,1750,train
2462,0.80696493,0.8171984,0.8132154,0.8189086,0.8191553820985508,-1.5693918,-1.6739035,1750,1750,train
2463,0.80644375,0.8155701,0.81411695,0.81865776,0.8189843476322052,-1.5693938,-1.6382532,1750,1750,train
2464,0.80642396,0.8165049,0.8133385,0.8186903,0.8187958621074584,-1.5693958,-1.6552645,1750,1750,train
2465,0.80645466,0.81574994,0.8128654,0.81811535,0.8185841155612577,-1.5693977,-1.6632214,1750,1750,train
2466,0.8058759,0.81496054,0.8136444,0.81811047,0.8184115931605201,-1.5693997,-1.6635594,1750,1750,train
2467,0.805858,0.8154959,0.8113723,0.8172121,0.8182022934667347,-1.5694016,-1.715481,1750,1750,train
2468,0.80588496,0.8159531,0.81424654,0.8188735,0.8180059669657512,-1.5694035,-1.6458087,1750,1750,train
2469,0.8053199,0.814899,0.8124374,0.8174784,0.8178079803291296,-1.5694056,-1.689606,1750,1750,train
2470,0.80536115,0.8149967,0.8121718,0.81739336,0.8176198042155245,-1.5694075,-1.6938033,1750,1750,train
2471,0.8053317,0.81469434,0.81227386,0.81728864,0.8174356854313614,-1.5694094,-1.7005086,1750,1750,train
2472,0.804746,0.8151569,0.8118192,0.81734717,0.817221065410431,-1.5694113,-1.6742268,1750,1750,train
2473,0.80478925,0.81414753,0.81273663,0.8173163,0.8170508375772303,-1.5694132,-1.6694663,1750,1750,train
2474,0.8047879,0.8140971,0.8120792,0.81697655,0.816862437815543,-1.5694151,-1.6779284,1750,1750,train
2475,0.80421513,0.8134178,0.8106539,0.81595886,0.8166738685971794,-1.569417,-1.7076119,1750,1750,train
2476,0.80419946,0.8149102,0.8102019,0.8164202,0.8164851299221554,-1.5694189,-1.7127719,1750,1750,train
2477,0.80424887,0.81431085,0.8103193,0.8161957,0.816296221790471,-1.5694208,-1.7156608,1750,1750,train
2478,0.8036478,0.81332797,0.8114134,0.816299,0.8161071442021265,-1.5694227,-1.6902804,1750,1750,train
2479,0.803752,0.81327325,0.81086576,0.8160267,0.8159178971571215,-1.5694246,-1.6896832,1750,1750,train
2480,0.8036914,0.8128807,0.81105363,0.8159408,0.8157284806554563,-1.5694264,-1.6863983,1750,1750,train
2481,0.8034032,0.8135337,0.8119668,0.8166866,0.8155388946971308,-1.5694283,-1.6701379,1750,1750,train
2482,0.8034026,0.81277007,0.809886,0.81532764,0.815349139282145,-1.5694302,-1.7020321,1750,1750,train
2483,0.8031393,0.814184,0.80873156,0.81539214,0.8151592144104989,-1.569432,-1.7281475,1750,1750,train
2484,0.8028193,0.8107254,0.8088429,0.81391263,0.8149691200821925,-1.5694339,-1.7087028,1750,1750,train
2485,0.80259466,0.8127592,0.80807626,0.81444454,0.8147788562972258,-1.5694358,-1.7299461,1750,1750,train
2486,0.80260724,0.811397,0.8087363,0.81417733,0.8145884230555988,-1.5694376,-1.7045751,1750,1750,train
2487,0.80260724,0.81107515,0.8083552,0.81383073,0.8143978203573115,-1.5694395,-1.7181189,1750,1750,train
2488,0.80257654,0.81162316,0.80777395,0.81384385,0.8142070482023639,-1.5694413,-1.7040894,1750,1750,train
2489,0.8020276,0.8119372,0.80842245,0.81428385,0.814016106590756,-1.5694431,-1.7026356,1750,1750,train
2490,0.8020125,0.8130894,0.8083315,0.8147582,0.8138249955224878,-1.569445,-1.7060566,1750,1750,train
2491,0.8017465,0.81053704,0.80758536,0.8132064,0.8136337149975593,-1.5694468,-1.733531,1750,1750,train
2492,0.8014832,0.81311685,0.8065827,0.8139058,0.8134422650159705,-1.5694486,-1.7416259,1750,1750,train
2493,0.801436,0.8112884,0.8074521,0.8135191,0.8132506455777213,-1.5694504,-1.7172577,1750,1750,train
2494,0.80146563,0.81221133,0.8071767,0.8137815,0.813058856682812,-1.5694523,-1.7329669,1750,1750,train
2495,0.8009359,0.8107936,0.80658793,0.8128795,0.8128668983312423,-1.5694541,-1.7286434,1750,1750,train
2496,0.801195,0.811384,0.8055059,0.8126321,0.8126747705230123,-1.5694559,-1.7409143,1750,1750,train
2497,0.8008838,0.81103647,0.8055321,0.8124956,0.812482473258122,-1.5694577,-1.7361512,1750,1750,train
2498,0.8003623,0.80972093,0.80507636,0.81164575,0.8122900065365714,-1.5694594,-1.7601736,1750,1750,train
