cycle_index,true_soh,pred_soh_deepopinn,pred_soh_lax,pred_soh_fusion_raw,pred_soh_fusion_post,true_kpd,pred_kpd,true_knee_cycle,pred_knee_cycle,split
0,1.073744,1.0798044,1.0727836,1.0750506,1.0751106743522298,1.5700821,1.4746346,1400,1390,train
1,1.0743095,1.0814432,1.0741503,1.0765421,1.0756362914448767,1.5700815,1.470112,1400,1390,train
2,1.0753938,1.0777036,1.0757227,1.0743439,1.076145923692215,1.570081,1.4598387,1400,1390,train
3,1.075899,1.0795834,1.0759134,1.0756807,1.076639571094245,1.5700805,1.4523356,1400,1390,train
4,1.0765015,1.0797203,1.0762769,1.0758574,1.0771172336509665,1.57008,1.4458886,1400,1390,train
5,1.077058,1.0798292,1.0759354,1.0758277,1.0775789113623795,1.5700794,1.4402307,1400,1390,train
6,1.0770551,1.0802283,1.0771737,1.0764368,1.078024604228484,1.570079,1.4405397,1400,1390,train
7,1.0776154,1.0819097,1.0813859,1.0787427,1.07845431224928,1.5700785,1.4458008,1400,1390,train
8,1.0781285,1.0837328,1.0803902,1.07995,1.0788680354247677,1.5700779,1.5319908,1400,1390,train
9,1.0787783,1.0848922,1.0797035,1.080585,1.079265773754947,1.5700774,1.5380965,1400,1390,train
10,1.0787461,1.0852332,1.080378,1.0809749,1.0796475272398176,1.570077,1.5269152,1400,1390,train
11,1.0792837,1.0844817,1.0832684,1.0812305,1.08001329587938,1.5700763,1.528296,1400,1390,train
12,1.0798409,1.0859287,1.0829422,1.0822203,1.0803630796736339,1.5700759,1.5586681,1400,1390,train
13,1.0798316,1.0852512,1.0834653,1.0818689,1.0806968786225792,1.5700754,1.5497645,1400,1390,train
14,1.0803462,1.0855932,1.0835493,1.082134,1.081014692726216,1.5700748,1.5520221,1400,1390,train
15,1.0809878,1.084429,1.0843422,1.0815439,1.0813165219845446,1.5700743,1.5541435,1400,1390,train
16,1.0809901,1.0854992,1.0852237,1.0822766,1.0816023663975647,1.5700738,1.4530482,1400,1390,train
17,1.0808914,1.084629,1.0849904,1.0816197,1.0818722259652762,1.5700732,1.4567616,1400,1390,train
18,1.0809892,1.0846164,1.0860196,1.0818772,1.0821261006876794,1.5700728,1.4529524,1400,1390,train
19,1.081487,1.0846176,1.0860935,1.0818697,1.0823639905647742,1.5700722,1.4413922,1400,1390,train
20,1.0820267,1.0856557,1.0858176,1.0825632,1.0825858955965604,1.5700717,1.4608916,1400,1390,train
21,1.0820366,1.086206,1.0866859,1.0831674,1.082791815783038,1.5700712,1.4569398,1400,1390,train
22,1.082004,1.0860944,1.0869097,1.0831418,1.0829817511242075,1.5700706,1.4536264,1400,1390,train
23,1.0819832,1.0863392,1.0873559,1.0834601,1.0831557016200684,1.5700701,1.465625,1400,1390,train
24,1.0825657,1.086353,1.0866332,1.0834084,1.0833136672706207,1.5700696,1.5200475,1400,1390,train
25,1.0825562,1.0867342,1.0876633,1.0839593,1.0834556480758433,1.5700691,1.5245533,1400,1390,train
26,1.0825354,1.0866966,1.0871686,1.0837762,1.0835371733240808,1.5700685,1.514416,1400,1390,train
27,1.0831127,1.0855775,1.0875645,1.0831268,1.0836341522561077,1.570068,1.5229508,1400,1390,train
28,1.0831274,1.085337,1.0877172,1.0829891,1.0836372541655808,1.5700674,1.5180833,1400,1390,train
29,1.0831052,1.08515,1.0878097,1.0828818,1.083629914071412,1.5700669,1.517113,1400,1390,train
30,1.0836985,1.0861914,1.0877864,1.0836015,1.0835932360280829,1.5700665,1.5186157,1400,1390,train
31,1.0836822,1.0860298,1.0879021,1.0835143,1.083528523447916,1.5700659,1.5161778,1400,1390,train
32,1.083692,1.0859072,1.0882342,1.0834856,1.0834600890397286,1.5700654,1.5027635,1400,1390,train
33,1.0836767,1.0866513,1.0882306,1.0840082,1.0834377252457812,1.5700648,1.505864,1400,1390,train
34,1.0836848,1.086304,1.0885429,1.0838435,1.0834296720884036,1.5700643,1.5028137,1400,1390,train
35,1.0836599,1.0859195,1.0883031,1.0835242,1.0834395408295334,1.5700637,1.5075768,1400,1390,train
36,1.0836505,1.0862432,1.0883355,1.0837455,1.083443539820705,1.5700632,1.5026386,1400,1390,train
37,1.0836716,1.0858644,1.0887498,1.0836157,1.0834466453861922,1.5700626,1.5117186,1400,1390,train
38,1.0837197,1.0860467,1.0886989,1.0837232,1.0834964770023496,1.5700622,1.5095811,1400,1390,train
39,1.0837085,1.085895,1.0888062,1.0836498,1.0835126664981818,1.5700616,1.5108376,1400,1390,train
40,1.0836681,1.0851349,1.0891924,1.0831966,1.0834914469854264,1.5700611,1.4987689,1400,1390,train
41,1.0836529,1.0845927,1.0893717,1.0828689,1.0834449827691088,1.5700605,1.4989051,1400,1390,train
42,1.0838304,1.0848678,1.0891526,1.082989,1.0834415549748282,1.5700599,1.4938558,1400,1390,train
43,1.0835276,1.0841048,1.0894687,1.0825489,1.083411261188525,1.5700594,1.4957377,1400,1390,train
44,1.0837134,1.084415,1.0894191,1.0827532,1.0833698296541863,1.5700588,1.4967427,1400,1390,train
45,1.0831348,1.0844997,1.0890522,1.0827413,1.0833020478121604,1.5700583,1.5080653,1400,1390,train
46,1.0831155,1.0842472,1.0891552,1.0825888,1.08327414165975,1.5700577,1.5060371,1400,1390,train
47,1.0830985,1.0858295,1.0888033,1.0835891,1.083215890607039,1.5700573,1.5048428,1400,1390,train
48,1.0831227,1.0856981,1.0889465,1.0835137,1.0831669349411412,1.5700567,1.4955431,1400,1390,train
49,1.0830787,1.0851288,1.0888636,1.0830996,1.0831302979429187,1.5700561,1.4967511,1400,1390,train
50,1.0831358,1.0836191,1.0894608,1.0822144,1.0830795073844361,1.5700556,1.4975322,1400,1390,train
51,1.0831581,1.0851064,1.089103,1.0831329,1.0830528610232906,1.570055,1.4904693,1400,1390,train
52,1.0831398,1.0850577,1.0892382,1.0831574,1.0830087053100264,1.5700545,1.4995902,1400,1390,train
53,1.083065,1.0850433,1.0889934,1.0830691,1.0829489717947949,1.5700539,1.4942781,1400,1390,train
54,1.0831441,1.0854878,1.0896723,1.08358,1.0828727057961207,1.5700533,1.5029707,1400,1390,train
55,1.083099,1.085697,1.0896335,1.0837221,1.0827988096696988,1.5700529,1.5059934,1400,1390,train
56,1.0825397,1.0857763,1.0892645,1.0835664,1.0827436821925316,1.5700523,1.4598953,1400,1390,train
57,1.0825835,1.0851972,1.089288,1.0831692,1.0826799874667437,1.5700517,1.4591198,1400,1390,train
58,1.082534,1.0848432,1.0894465,1.0829563,1.0826128627568476,1.5700512,1.4550918,1400,1390,train
59,1.0825038,1.0849843,1.0892757,1.0830168,1.0825736064430478,1.5700506,1.4584606,1400,1390,train
60,1.0825324,1.0841982,1.0894446,1.0824941,1.0825284917901583,1.57005,1.4491504,1400,1390,train
61,1.0825042,1.0842032,1.0896285,1.0825746,1.0825017999934488,1.5700495,1.460618,1400,1390,train
62,1.0825683,1.084059,1.0894349,1.0823932,1.0824709591199682,1.5700489,1.4483874,1400,1390,train
63,1.0820025,1.0824668,1.0895224,1.0813236,1.0824243684633368,1.5700483,1.453082,1400,1390,train
64,1.0821191,1.0826052,1.089968,1.0816295,1.0824118535751561,1.5700479,1.4904056,1400,1390,train
65,1.0818326,1.0844828,1.0895844,1.0828192,1.082396869961928,1.5700473,1.4863937,1400,1390,train
66,1.0814496,1.0845809,1.0893457,1.0828212,1.0823705852734882,1.5700467,1.4854733,1400,1390,train
67,1.0814383,1.083077,1.0892789,1.0817311,1.0822842533222214,1.5700462,1.4734241,1400,1390,train
68,1.0814339,1.0827467,1.0892544,1.0815015,1.0821950004260918,1.5700456,1.4758854,1400,1390,train
69,1.0814767,1.0827703,1.0895259,1.0816028,1.0821052341569621,1.570045,1.4809921,1400,1390,train
70,1.0809383,1.0834863,1.0892845,1.0820329,1.08201402803921,1.5700444,1.4801686,1400,1390,train
71,1.0808791,1.0818511,1.0893056,1.08092,1.0819489453321418,1.5700439,1.4865997,1400,1390,train
72,1.0808634,1.0838671,1.0891562,1.0822577,1.0818382163542137,1.5700433,1.4781487,1400,1390,train
73,1.0808867,1.0831375,1.0892495,1.0817697,1.0817729814473214,1.5700427,1.4752796,1400,1390,train
74,1.0809423,1.0825505,1.0896479,1.0814869,1.0816945595342404,1.5700421,1.4826198,1400,1390,train
75,1.0808804,1.0831848,1.0890927,1.0817722,1.0816039245512759,1.5700417,1.4800572,1400,1390,train
76,1.0808568,1.082664,1.0891405,1.0814177,1.0814989307906182,1.5700411,1.4775255,1400,1390,train
77,1.0808743,1.0832483,1.0890288,1.0817978,1.0814262246779698,1.5700405,1.4795235,1400,1390,train
78,1.0809115,1.0828872,1.0892482,1.0815976,1.0813708280490215,1.5700399,1.4759914,1400,1390,train
79,1.0803677,1.0831965,1.0894616,1.0818846,1.0813026389961198,1.5700393,1.4824225,1400,1390,train
80,1.0803281,1.0828178,1.0893347,1.0815408,1.08123847947588,1.5700388,1.4629066,1400,1390,train
81,1.0803219,1.082895,1.0890532,1.0815012,1.081211661217256,1.5700382,1.4555846,1400,1390,train
82,1.0803635,1.0830941,1.0891784,1.0816715,1.0811692131246138,1.5700376,1.4550195,1400,1390,train
83,1.0803268,1.0832398,1.0891218,1.0817536,1.0811421976248248,1.570037,1.4534794,1400,1390,train
84,1.0803082,1.0826062,1.0891488,1.081358,1.081101737153822,1.5700364,1.4685555,1400,1390,train
85,1.0803272,1.0826461,1.089362,1.0814421,1.0810632360419017,1.5700358,1.4682952,1400,1390,train
86,1.0797744,1.0811508,1.0895474,1.0804297,1.0809812749098073,1.5700353,1.4580274,1400,1390,train
87,1.0798131,1.0815389,1.0893464,1.0806599,1.0809314045436782,1.5700347,1.4641436,1400,1390,train
88,1.0798197,1.0821955,1.0889583,1.0810225,1.080866550248402,1.5700341,1.4687095,1400,1390,train
89,1.0792446,1.080451,1.0893104,1.079876,1.0807669575145211,1.5700336,1.4559989,1400,1390,train
90,1.079274,1.0802366,1.0891669,1.0796885,1.0806874569664968,1.570033,1.4559224,1400,1390,train
91,1.0791981,1.0796095,1.0895722,1.0793478,1.0806738849420339,1.5700324,1.4500611,1400,1390,train
92,1.078697,1.0820489,1.0887734,1.0808504,1.080654687691249,1.5700318,1.4600656,1400,1390,train
93,1.0786715,1.0822883,1.0888002,1.081025,1.0805893993266222,1.5700312,1.4606559,1400,1390,train
94,1.0787224,1.0815566,1.0887866,1.0805082,1.080519054372815,1.5700307,1.4583144,1400,1390,train
95,1.0786864,1.0817426,1.0887188,1.0806203,1.0804484163789254,1.5700301,1.458819,1400,1390,train
96,1.0787209,1.0800629,1.088941,1.0795212,1.080382309977035,1.5700295,1.4614753,1400,1390,train
97,1.078663,1.0817938,1.0889739,1.0807319,1.0802779055475318,1.5700289,1.4619931,1400,1390,train
98,1.078716,1.0809153,1.0890832,1.080169,1.0802159927669241,1.5700283,1.4690506,1400,1390,train
99,1.078643,1.0817814,1.0886302,1.0806241,1.0801304829139593,1.5700277,1.459059,1400,1390,train
100,1.0786728,1.0819976,1.0886042,1.0807374,1.0800242736851358,1.5700271,1.4467776,1400,1390,train
101,1.0780611,1.0811427,1.0891712,1.0803127,1.0799337976901928,1.5700265,1.4536213,1400,1390,train
102,1.0781564,1.0809159,1.0888063,1.0800639,1.0798261073462276,1.5700259,1.4561436,1400,1390,train
103,1.0780578,1.0800238,1.088886,1.079461,1.079731078357831,1.5700253,1.4539173,1400,1390,train
104,1.0781008,1.08045,1.0888559,1.0797567,1.07963405706302,1.5700247,1.4572802,1400,1390,train
105,1.0781066,1.0812317,1.0885199,1.0802233,1.079557647232313,1.5700241,1.4631248,1400,1390,train
106,1.0781422,1.0797498,1.0887507,1.079231,1.079474887112572,1.5700235,1.45236,1400,1390,train
107,1.078123,1.0804987,1.088566,1.0797188,1.0793789647362935,1.570023,1.4597095,1400,1390,train
108,1.0775541,1.07922,1.0886576,1.0788513,1.07929910705993,1.5700223,1.4575611,1400,1390,train
109,1.0775725,1.0793813,1.0890069,1.0790547,1.0792290586672104,1.5700217,1.4567667,1400,1390,train
110,1.0775789,1.0794842,1.0887241,1.0790435,1.0791778670245114,1.5700212,1.4539167,1400,1390,train
111,1.0775807,1.0809593,1.0885811,1.0800724,1.0791357557604182,1.5700206,1.4720454,1400,1390,train
112,1.0775373,1.079491,1.0888238,1.0791292,1.0790444017765966,1.57002,1.4763029,1400,1390,train
113,1.0770364,1.0802047,1.0883348,1.0794768,1.0789681566528466,1.5700194,1.4694715,1400,1390,train
114,1.0770134,1.080248,1.0884075,1.0795462,1.0789191155701403,1.5700188,1.4776889,1400,1390,train
115,1.0770069,1.0794557,1.0884869,1.0790291,1.0788385976510655,1.5700182,1.4822593,1400,1390,train
116,1.0764605,1.0775748,1.0889541,1.077843,1.0787582578479336,1.5700175,1.4796107,1400,1390,train
117,1.0764512,1.0777874,1.08892,1.077941,1.0786672591860453,1.5700169,1.4629662,1400,1390,train
118,1.0764475,1.0783836,1.088602,1.0782923,1.0786248818969546,1.5700163,1.4724028,1400,1390,train
119,1.0764318,1.0779364,1.0887372,1.0780193,1.0785907402392405,1.5700157,1.4728148,1400,1390,train
120,1.0765212,1.077811,1.0886095,1.0778908,1.0785299252809013,1.5700151,1.4697968,1400,1390,train
121,1.0764399,1.0779841,1.0885483,1.0780069,1.0784774798493892,1.5700145,1.4749227,1400,1390,train
122,1.0764723,1.0779895,1.0885806,1.0780059,1.078426091373249,1.5700139,1.4694071,1400,1390,train
123,1.0765182,1.0775344,1.0887936,1.0777373,1.078405138147407,1.5700133,1.4653292,1400,1390,train
124,1.0764468,1.0779656,1.0885849,1.0779984,1.0783741298911123,1.5700126,1.4726641,1400,1390,train
125,1.0759178,1.0785346,1.0885763,1.0783833,1.0783524024137738,1.570012,1.4696046,1400,1390,train
126,1.0759046,1.0801454,1.0881693,1.0793915,1.078328766712951,1.5700114,1.4694772,1400,1390,train
127,1.0758966,1.0785753,1.0885049,1.0783956,1.078298217394465,1.5700108,1.4708977,1400,1390,train
128,1.0758711,1.0786433,1.088387,1.0784276,1.0782198379224728,1.5700102,1.4776187,1400,1390,train
129,1.0759587,1.0785991,1.0884926,1.0784214,1.0781414081168292,1.5700096,1.4760724,1400,1390,train
130,1.0758637,1.0782778,1.0882766,1.0781418,1.0780619868238521,1.5700089,1.4765016,1400,1390,train
131,1.0759506,1.0782573,1.0882151,1.0781403,1.0779920424115292,1.5700083,1.4884984,1400,1390,train
132,1.0754956,1.0791214,1.0883106,1.0787187,1.077900908501411,1.5700077,1.4693341,1400,1390,train
133,1.0753324,1.0789379,1.0882432,1.0785956,1.0778426991013428,1.5700071,1.478543,1400,1390,train
134,1.0753794,1.079006,1.0882378,1.0786366,1.0777664879860864,1.5700065,1.4765458,1400,1390,train
135,1.0753313,1.077726,1.0885099,1.0778098,1.077723133339591,1.5700058,1.4716983,1400,1390,train
136,1.0753274,1.0777755,1.0878711,1.077699,1.0776836019201608,1.5700052,1.4823203,1400,1390,train
137,1.0747534,1.0790339,1.0875,1.0784693,1.0776869803636477,1.5700046,1.4810016,1400,1390,train
138,1.0747676,1.0786151,1.088003,1.0783,1.0776447816306263,1.570004,1.4754479,1400,1390,train
139,1.074828,1.0779521,1.0880153,1.0778711,1.0776386102189803,1.5700033,1.4868305,1400,1390,train
140,1.0742701,1.0780377,1.0877095,1.0778211,1.0776258168067694,1.5700027,1.4755106,1400,1390,train
141,1.0743133,1.0774726,1.087934,1.077508,1.0775705940680165,1.5700021,1.4832941,1400,1390,train
142,1.0742368,1.077347,1.0876353,1.0773251,1.0775122862741786,1.5700014,1.4766973,1400,1390,train
143,1.0742527,1.0768728,1.0878578,1.0770633,1.077478171348032,1.5700008,1.4798839,1400,1390,train
144,1.0742465,1.0768151,1.087775,1.0770031,1.0774317923757122,1.5700002,1.480673,1400,1390,train
145,1.0742685,1.0775063,1.0876749,1.0774711,1.077378227906788,1.5699995,1.48699,1400,1390,train
146,1.074258,1.0775255,1.087527,1.077404,1.0772844114946876,1.5699989,1.4701674,1400,1390,train
147,1.0736861,1.0755789,1.0879475,1.0761747,1.0772071444366191,1.5699983,1.4736785,1400,1390,train
148,1.0737116,1.075605,1.0878834,1.0761768,1.0771108763995736,1.5699975,1.4741044,1400,1390,train
149,1.0736833,1.0751145,1.0879347,1.0758424,1.0769973450434347,1.569997,1.4708934,1400,1390,train
150,1.0737045,1.0751663,1.0878925,1.0758631,1.0769095417569998,1.5699964,1.4692161,1400,1390,train
151,1.0736843,1.0754242,1.0878215,1.0760316,1.0767992843023184,1.5699956,1.4727781,1400,1390,train
152,1.0736551,1.0751591,1.0877512,1.0758345,1.0767127699526569,1.569995,1.475114,1400,1390,train
153,1.0731012,1.0774319,1.0871971,1.0772908,1.0766433891470797,1.5699944,1.4866009,1400,1390,train
154,1.0731258,1.0767783,1.0871389,1.0768077,1.0765650586127566,1.5699937,1.480823,1400,1390,train
155,1.0730858,1.0773584,1.0873394,1.0772407,1.0764796774034342,1.5699931,1.4713095,1400,1390,train
156,1.0731977,1.0780227,1.0871803,1.077668,1.0764118010558676,1.5699924,1.4750015,1400,1390,train
157,1.0732254,1.078104,1.0870557,1.0776868,1.076341735112119,1.5699918,1.473266,1400,1390,train
158,1.0731672,1.0774233,1.087291,1.0772772,1.0762842048207681,1.5699912,1.4731072,1400,1390,train
159,1.0731593,1.0772208,1.0872576,1.077168,1.0762337826934878,1.5699905,1.4896804,1400,1390,train
160,1.0725464,1.0758848,1.0874815,1.0762551,1.0761837843938573,1.5699899,1.4706701,1400,1390,train
161,1.072651,1.075695,1.0872316,1.076041,1.076114328472576,1.5699892,1.4642749,1400,1390,train
162,1.0725862,1.0751083,1.087115,1.0756018,1.0760525608362788,1.5699886,1.4638883,1400,1390,train
163,1.0726489,1.0759389,1.0873532,1.0762508,1.0760101286178672,1.5699879,1.4675779,1400,1390,train
164,1.0727003,1.0747783,1.0870482,1.0753676,1.075955315387825,1.5699873,1.4690535,1400,1390,train
165,1.0725929,1.0752103,1.0870311,1.0756657,1.0758871388150555,1.5699866,1.4702872,1400,1390,train
166,1.0726715,1.0767224,1.0869637,1.0767071,1.0758675276678027,1.569986,1.4746752,1400,1390,train
167,1.0724788,1.0751839,1.0868213,1.0755908,1.0758159056306684,1.5699853,1.4701176,1400,1390,train
168,1.0720315,1.0733906,1.0873394,1.074533,1.0757517512326291,1.5699847,1.489737,1400,1390,train
169,1.0721211,1.0741252,1.0871704,1.0749729,1.075696009804264,1.569984,1.4796028,1400,1390,train
170,1.0719901,1.0737288,1.0869901,1.0746622,1.0756207207957738,1.5699834,1.4847696,1400,1390,train
171,1.0719794,1.0752416,1.0869302,1.0756707,1.0755908328189638,1.5699826,1.4745665,1400,1390,train
172,1.0720901,1.074468,1.0864806,1.0750542,1.0755689309059977,1.569982,1.4911762,1400,1390,train
173,1.0714446,1.0751498,1.0865619,1.0755464,1.0754720804529037,1.5699813,1.4901491,1400,1390,train
174,1.0715193,1.0753769,1.0868177,1.0757751,1.075359468022744,1.5699806,1.4913192,1400,1390,train
175,1.0715054,1.0743148,1.0867343,1.0750425,1.0752453205849828,1.56998,1.5021565,1400,1390,train
176,1.0713987,1.0761213,1.086338,1.0761923,1.0751348716944769,1.5699793,1.5032802,1400,1390,train
177,1.0715064,1.0747585,1.0860991,1.075195,1.0750176057466696,1.5699787,1.5081997,1400,1390,train
178,1.071475,1.0741358,1.0863643,1.0748084,1.074906128649377,1.569978,1.4976649,1400,1390,train
179,1.0714086,1.0746272,1.0862366,1.0751312,1.074839584119798,1.5699773,1.5042816,1400,1390,train
180,1.0715142,1.0751257,1.0860765,1.0754412,1.0747607664526135,1.5699767,1.5072494,1400,1390,train
181,1.0709845,1.0737846,1.0863847,1.0745881,1.0747061183912554,1.569976,1.5050521,1400,1390,train
182,1.0709727,1.0739096,1.086179,1.0745971,1.0746686821731724,1.5699753,1.4957213,1400,1390,train
183,1.0709387,1.0740721,1.0864438,1.0747908,1.074663506407104,1.5699747,1.4998791,1400,1390,train
184,1.0709616,1.0737009,1.0861884,1.0745356,1.074663327348805,1.569974,1.529013,1400,1390,train
185,1.0709077,1.0738754,1.086418,1.0746834,1.0746670281479926,1.5699732,1.5146868,1400,1390,train
186,1.0708755,1.0738423,1.0861353,1.0745962,1.0746317420956795,1.5699726,1.5193732,1400,1390,train
187,1.0709356,1.0734162,1.0857334,1.0741901,1.0746023727436782,1.5699719,1.5181428,1400,1390,train
188,1.0709622,1.0736678,1.0856073,1.0743369,1.07451403113748,1.5699712,1.5206529,1400,1390,train
189,1.0703902,1.0741863,1.0857944,1.074765,1.0744502702362124,1.5699706,1.5282012,1400,1390,train
190,1.0703783,1.0744921,1.0858977,1.0750002,1.0743744569514821,1.5699699,1.5262876,1400,1390,train
191,1.0704354,1.0720924,1.0859861,1.073354,1.0743117493630732,1.5699692,1.5242025,1400,1390,train
192,1.070477,1.073148,1.0861148,1.0740827,1.0742988549001373,1.5699685,1.5085571,1400,1390,train
193,1.0709474,1.0735815,1.085973,1.074358,1.0742417485849456,1.5699679,1.5136647,1400,1390,train
194,1.0707715,1.0729451,1.085528,1.0737962,1.0741521701955314,1.5699672,1.5131459,1400,1390,train
195,1.0702814,1.0737394,1.0857035,1.0743785,1.0740723130348984,1.5699664,1.5067323,1400,1390,train
196,1.0703773,1.0722166,1.0856041,1.0733008,1.0740122072812417,1.5699657,1.5088835,1400,1390,train
197,1.0704037,1.0715046,1.0857896,1.0728799,1.0739793018019077,1.5699651,1.5185547,1400,1390,train
198,1.0703206,1.0733595,1.0855412,1.074091,1.0739203191115991,1.5699644,1.514701,1400,1390,train
199,1.0697948,1.0742267,1.0850592,1.0745921,1.073880241555448,1.5699637,1.5264723,1400,1390,train
200,1.0698173,1.073633,1.0853608,1.0742724,1.0738410619963483,1.569963,1.5311732,1400,1390,train
201,1.0698247,1.0733373,1.0853432,1.0740598,1.0737676161915297,1.5699623,1.5300481,1400,1390,train
202,1.0698084,1.0739758,1.08493,1.0743955,1.0737291737459491,1.5699615,1.5314264,1400,1390,train
203,1.0697842,1.0732579,1.0851086,1.0739365,1.0736672648697707,1.569961,1.5277922,1400,1390,train
204,1.0698128,1.0731454,1.0852051,1.0738935,1.073595811522575,1.5699602,1.5316314,1400,1390,train
205,1.0697994,1.073379,1.0848532,1.0739738,1.073565142900294,1.5699595,1.5366762,1400,1390,train
206,1.069825,1.0731599,1.0846469,1.0737373,1.0735178462251667,1.5699588,1.5246239,1400,1390,train
207,1.0697925,1.073103,1.0850399,1.0738274,1.0734524615836953,1.5699581,1.5347192,1400,1390,train
208,1.0692466,1.0721539,1.0847654,1.0730004,1.0733773112823375,1.5699574,1.4955165,1400,1390,train
209,1.0692652,1.0713816,1.0849938,1.0725403,1.073318408684125,1.5699567,1.5014772,1400,1390,train
210,1.069151,1.0711207,1.0849056,1.0723393,1.0732687120380815,1.569956,1.5029844,1400,1390,train
211,1.069284,1.0718726,1.0844083,1.0727434,1.0732161785436058,1.5699552,1.5093844,1400,1390,train
212,1.0693156,1.070885,1.0852251,1.0722317,1.0731542929832945,1.5699546,1.4908047,1400,1390,train
213,1.06871,1.073555,1.0839509,1.073757,1.0731113764293851,1.5699539,1.496569,1400,1390,train
214,1.0687253,1.0734137,1.0841568,1.073721,1.073059950971877,1.5699532,1.4994396,1400,1390,train
215,1.0686728,1.0728979,1.0840071,1.0733503,1.0730118833232456,1.5699525,1.5105903,1400,1390,train
216,1.0687174,1.0726092,1.084166,1.0732179,1.072970366245191,1.5699518,1.5210588,1400,1390,train
217,1.0687191,1.071928,1.08396,1.0726686,1.0728948069697544,1.569951,1.512115,1400,1390,train
218,1.0686868,1.0726674,1.0839483,1.0731646,1.072840101122308,1.5699503,1.5064617,1400,1390,train
219,1.0687509,1.072807,1.0835803,1.0731771,1.072791310649396,1.5699496,1.5122991,1400,1390,train
220,1.0687484,1.0728102,1.0837672,1.073213,1.072721324994855,1.5699489,1.5055411,1400,1390,train
221,1.0681002,1.0710213,1.0841317,1.0720772,1.072670142243777,1.5699482,1.5086939,1400,1390,train
222,1.0681432,1.070904,1.0840092,1.0719752,1.0725788873341644,1.5699475,1.5137339,1400,1390,train
223,1.0681194,1.0710597,1.084219,1.072124,1.0724708344345417,1.5699468,1.5073837,1400,1390,train
224,1.0681531,1.0707254,1.084163,1.0718567,1.0723910170499409,1.5699459,1.4990032,1400,1390,train
225,1.0681385,1.0710245,1.0839843,1.0720251,1.072344041893465,1.5699452,1.5025816,1400,1390,train
226,1.0681653,1.0717773,1.0836749,1.0724616,1.0722865115157094,1.5699445,1.5013733,1400,1390,train
227,1.0681338,1.0717871,1.0839838,1.072546,1.072220483596621,1.5699438,1.4992728,1400,1390,train
228,1.0681137,1.0717866,1.083852,1.0725114,1.0721606508316701,1.5699431,1.4997064,1400,1390,train
229,1.0681149,1.0718503,1.0835845,1.0724964,1.0720977097146687,1.5699424,1.5048301,1400,1390,train
230,1.0681157,1.0701994,1.0836954,1.0713878,1.0720383011364891,1.5699416,1.5076994,1400,1390,train
231,1.0680664,1.0715172,1.0836813,1.0722804,1.0720069067440543,1.5699409,1.5003402,1400,1390,train
232,1.0680976,1.0711001,1.0838752,1.0721,1.0719623174879702,1.5699402,1.5238874,1400,1390,train
233,1.0679992,1.0716792,1.0836546,1.0724535,1.0719237587708723,1.5699394,1.5282772,1400,1390,train
234,1.0680032,1.0712712,1.0836326,1.0721519,1.0718308059099042,1.5699387,1.5231159,1400,1390,train
235,1.0682093,1.0703295,1.0839076,1.0715674,1.0717296502946874,1.569938,1.5211259,1400,1390,train
236,1.0679034,1.0707923,1.0833923,1.0717686,1.071621573142243,1.5699372,1.5285653,1400,1390,train
237,1.0681176,1.0711582,1.0834386,1.0720289,1.0715581102709497,1.5699365,1.5260891,1400,1390,train
238,1.0680948,1.069449,1.0836215,1.0708973,1.0714649534940253,1.5699358,1.5283012,1400,1390,train
239,1.0680742,1.0698059,1.0836289,1.0711646,1.071419862400017,1.569935,1.535572,1400,1390,train
240,1.068102,1.0702195,1.0839112,1.0714455,1.071379097739979,1.5699342,1.5019448,1400,1390,train
241,1.067867,1.0706987,1.0829394,1.0715537,1.0713304731107904,1.5699335,1.516664,1400,1390,train
242,1.0676678,1.0697858,1.0832851,1.0710003,1.0712700336364671,1.5699328,1.5115209,1400,1390,train
243,1.0674272,1.0695689,1.0831742,1.070819,1.0711885559542185,1.569932,1.5110803,1400,1390,train
244,1.0675145,1.0695789,1.0831141,1.0707932,1.0711268016405024,1.5699313,1.5041852,1400,1390,train
245,1.0674996,1.0695407,1.0835137,1.0708508,1.0710306076066958,1.5699306,1.4947923,1400,1390,train
246,1.0675068,1.0695,1.0830784,1.070715,1.0709492107347856,1.5699297,1.4984186,1400,1390,train
247,1.0669626,1.0698946,1.0826414,1.0708973,1.0708595785501176,1.569929,1.5089763,1400,1390,train
248,1.0669725,1.0697553,1.0826814,1.0708314,1.0707768514344114,1.5699283,1.5172167,1400,1390,train
249,1.0669435,1.0701048,1.0822787,1.0709726,1.0706866884445208,1.5699276,1.5198351,1400,1390,train
250,1.067003,1.0690863,1.0829041,1.0703967,1.0705832929750754,1.5699267,1.5047437,1400,1390,train
251,1.066961,1.069233,1.082773,1.0704706,1.0704821211886104,1.569926,1.5077628,1400,1390,train
252,1.0669432,1.0695592,1.0822496,1.0705767,1.0703733115831198,1.5699252,1.5159298,1400,1390,train
253,1.0669314,1.0698503,1.0823755,1.0708048,1.0702924629810562,1.5699245,1.5127996,1400,1390,train
254,1.0669326,1.0694578,1.0825343,1.070568,1.0702109843051495,1.5699238,1.5099394,1400,1390,train
255,1.0669318,1.0693455,1.0824003,1.0704659,1.0701352661793986,1.5699229,1.5147628,1400,1390,train
256,1.0663323,1.0680232,1.0825412,1.0695924,1.0700267698354757,1.5699222,1.5172834,1400,1390,train
257,1.0664395,1.0682789,1.0823997,1.0697457,1.0699587123531886,1.5699215,1.5229557,1400,1390,train
258,1.0663863,1.068196,1.0820401,1.0695906,1.0698763908471642,1.5699207,1.522417,1400,1390,train
259,1.0663713,1.0696539,1.0820494,1.0706099,1.0697983532287159,1.56992,1.5246255,1400,1390,train
260,1.066403,1.0694367,1.0818753,1.0704036,1.0697262497022986,1.5699191,1.5208633,1400,1390,train
261,1.066366,1.0693644,1.0818676,1.0703381,1.0696107348665633,1.5699184,1.5154179,1400,1390,train
262,1.0657512,1.0676003,1.0815272,1.0690335,1.0695405890278302,1.5699176,1.5197341,1400,1390,train
263,1.0659219,1.0677485,1.0819883,1.0692403,1.0694737331051936,1.5699168,1.5116942,1400,1390,train
264,1.0658282,1.0674381,1.0816474,1.0689662,1.0693852267461355,1.569916,1.5250615,1400,1390,train
265,1.0658319,1.0670916,1.0817825,1.0687461,1.0692979520021904,1.5699153,1.5185652,1400,1390,train
266,1.0658853,1.0667741,1.0820434,1.068563,1.0692275337579853,1.5699145,1.5051019,1400,1390,train
267,1.0652987,1.0671477,1.0815244,1.0687389,1.0691630765776932,1.5699137,1.5280224,1400,1390,train
268,1.065318,1.0672812,1.081373,1.0688014,1.0690950993522117,1.5699129,1.5323343,1400,1390,train
269,1.0653588,1.0668898,1.0814333,1.068533,1.0690146966758935,1.5699122,1.5269324,1400,1390,train
270,1.0653769,1.0690571,1.0805824,1.0697982,1.0689318684527593,1.5699114,1.5225271,1400,1390,train
271,1.0652918,1.0686092,1.0807258,1.0695493,1.0688473930115445,1.5699106,1.5322206,1400,1390,train
272,1.0653193,1.0672109,1.0815345,1.0687243,1.068757238573055,1.5699098,1.5028278,1400,1390,train
273,1.0653523,1.0666951,1.0807288,1.0681922,1.068677015441064,1.569909,1.5198885,1400,1390,train
274,1.0653446,1.0667607,1.0813925,1.0683984,1.0686144809436038,1.5699083,1.5129265,1400,1390,train
275,1.0653533,1.0667562,1.0814204,1.0684245,1.0685519844130698,1.5699074,1.5218353,1400,1390,train
276,1.0653793,1.0669389,1.0808146,1.0683773,1.0684782907688197,1.5699066,1.5169684,1400,1390,train
277,1.0653476,1.0681722,1.0803702,1.0690839,1.0684038636049615,1.5699059,1.5045924,1400,1390,train
278,1.0647589,1.066963,1.0806649,1.0683023,1.0683300139077616,1.569905,1.4957135,1400,1390,train
279,1.0648036,1.0669887,1.0807188,1.0683341,1.0682630958166797,1.5699042,1.4955579,1400,1390,train
280,1.0647517,1.0667331,1.0808755,1.0681847,1.0681888931115822,1.5699035,1.4897689,1400,1390,train
281,1.0647526,1.0668247,1.0805194,1.0681524,1.0681037845507457,1.5699027,1.4895214,1400,1390,train
282,1.0647599,1.0658917,1.0808072,1.0675868,1.0680035164181643,1.5699018,1.4914615,1400,1390,train
283,1.0646266,1.0664214,1.0805542,1.0678799,1.0679268781918658,1.5699011,1.4887007,1400,1390,train
284,1.0647181,1.0669897,1.0801892,1.0681866,1.067838278734049,1.5699003,1.4928842,1400,1390,train
285,1.064126,1.0662123,1.0808183,1.0678138,1.067778315084324,1.5698994,1.4921246,1400,1390,train
286,1.0641394,1.0677657,1.0806909,1.0688398,1.0677362028670754,1.5698986,1.4848449,1400,1390,train
287,1.0641898,1.066192,1.0800714,1.0676079,1.067679579972028,1.5698979,1.4954777,1400,1390,train
288,1.0642449,1.0666873,1.0795102,1.0678394,1.0675951430512713,1.569897,1.5111252,1400,1390,train
289,1.0636817,1.0660338,1.0798054,1.0674559,1.0675371074198914,1.5698962,1.5073824,1400,1390,train
290,1.0636836,1.0663571,1.0795808,1.0676162,1.0674832610004357,1.5698954,1.5057914,1400,1390,train
291,1.0636722,1.0657754,1.0800335,1.0673294,1.0674224879809555,1.5698947,1.503971,1400,1390,train
292,1.0636511,1.0656297,1.0803041,1.0672753,1.0673502549630456,1.5698938,1.4935266,1400,1390,train
293,1.0636736,1.0651268,1.079933,1.0668201,1.0672825186105872,1.569893,1.4906884,1400,1390,train
294,1.063683,1.0653174,1.0799949,1.0669689,1.0672115497500982,1.5698922,1.4906808,1400,1390,train
295,1.063758,1.0654494,1.0795422,1.0669571,1.0671341388437954,1.5698913,1.4980116,1400,1390,train
296,1.0637299,1.0653434,1.0800929,1.0670422,1.0670750803519424,1.5698905,1.5026109,1400,1390,train
297,1.0637064,1.0655526,1.0797265,1.0671065,1.0670157085985221,1.5698897,1.5097198,1400,1390,train
298,1.0636417,1.0654391,1.0795846,1.0669872,1.0669387257564178,1.5698888,1.508613,1400,1390,train
299,1.0630201,1.0643063,1.080142,1.0663214,1.0668422353505342,1.5698881,1.4967473,1400,1390,train
300,1.0630726,1.0644672,1.080189,1.0664499,1.0667577712634848,1.5698873,1.4984807,1400,1390,train
301,1.0630958,1.0643715,1.0795445,1.0662246,1.0666737835383662,1.5698864,1.5040665,1400,1390,train
302,1.0630561,1.0645046,1.079288,1.0662589,1.066574824013212,1.5698856,1.508407,1400,1390,train
303,1.0630708,1.0647135,1.0790607,1.0663425,1.0665105816440146,1.5698848,1.508199,1400,1390,train
304,1.0630994,1.0646522,1.0793831,1.0664132,1.066417647535646,1.569884,1.5192664,1400,1390,train
305,1.063088,1.064738,1.0795944,1.0665538,1.0663558132351403,1.5698831,1.5294166,1400,1390,train
306,1.0630677,1.0655615,1.0792294,1.0670078,1.0662827117734113,1.5698823,1.5212562,1400,1390,train
307,1.0630711,1.0655011,1.0786183,1.0667883,1.066217019883625,1.5698814,1.515499,1400,1390,train
308,1.0631149,1.0645878,1.0784826,1.066149,1.0661293629322697,1.5698806,1.5281574,1400,1390,train
309,1.0630563,1.0650036,1.0785286,1.0663958,1.0660453491452226,1.5698798,1.5058608,1400,1390,train
310,1.0625311,1.0652612,1.078479,1.0665946,1.0659816222632499,1.5698789,1.5196339,1400,1390,train
311,1.0625918,1.064043,1.0794383,1.0660051,1.065915270830093,1.5698781,1.5192354,1400,1390,train
312,1.0626115,1.0655019,1.0781672,1.0666668,1.0659048042820118,1.5698773,1.5149424,1400,1390,train
313,1.0625898,1.065388,1.0776408,1.0664806,1.0658738212694974,1.5698763,1.5288575,1400,1390,train
314,1.0619701,1.0640254,1.0788519,1.0657967,1.0658434371601977,1.5698755,1.5030811,1400,1390,train
315,1.0620133,1.0634018,1.0784049,1.0652872,1.065802737738685,1.5698746,1.520729,1400,1390,train
316,1.0619998,1.0632124,1.0782493,1.0651222,1.0657677566584531,1.5698738,1.5240511,1400,1390,train
317,1.0620432,1.0632343,1.078258,1.0651197,1.0657203920257414,1.569873,1.5157954,1400,1390,train
318,1.0620075,1.0629205,1.0783646,1.0649441,1.065666937504564,1.5698721,1.5214467,1400,1390,train
319,1.0620236,1.063148,1.0778428,1.064953,1.0655640617318896,1.5698713,1.5175595,1400,1390,train
320,1.0619942,1.0628133,1.0777153,1.0647278,1.0654792958724466,1.5698704,1.5345582,1400,1390,train
321,1.0620371,1.0636889,1.077912,1.0653634,1.0653970421998,1.5698695,1.5244133,1400,1390,train
322,1.0614489,1.0638001,1.0772979,1.0653071,1.0653108237415874,1.5698687,1.5371327,1400,1390,train
323,1.0614425,1.0636321,1.0772761,1.0651691,1.0652481965179903,1.5698678,1.5307184,1400,1390,train
324,1.0614827,1.0637641,1.077435,1.0652802,1.065179627182892,1.569867,1.5211921,1400,1390,train
325,1.061445,1.0634289,1.0774382,1.0650392,1.0650917916619669,1.5698661,1.5174062,1400,1390,train
326,1.0615002,1.0634425,1.0773606,1.0650337,1.0650319477048598,1.5698652,1.5197928,1400,1390,train
327,1.0615451,1.064259,1.0771468,1.0655522,1.0649386076816916,1.5698644,1.523543,1400,1390,train
328,1.0614773,1.0639544,1.0768056,1.065249,1.0648517551615024,1.5698634,1.5233289,1400,1390,train
329,1.0614144,1.0642569,1.0775173,1.0656352,1.0647851273320392,1.5698626,1.5174735,1400,1390,train
330,1.0614518,1.0629821,1.0772915,1.0647036,1.0647126563599776,1.5698618,1.5230194,1400,1390,train
331,1.0614713,1.0635643,1.0767577,1.0649778,1.0646422068992425,1.5698608,1.5284042,1400,1390,train
332,1.061452,1.0634391,1.0761571,1.0647476,1.0645824872385234,1.56986,1.5355946,1400,1390,train
333,1.0609031,1.0636816,1.0764344,1.0649432,1.0645254343567645,1.5698591,1.516275,1400,1390,train
334,1.0609542,1.064074,1.0762379,1.0651647,1.0644578962850317,1.5698582,1.5169885,1400,1390,train
335,1.0608393,1.0637077,1.0762904,1.0649126,1.0644087104873403,1.5698574,1.512043,1400,1390,train
336,1.0607854,1.063668,1.0756829,1.0647333,1.064368993450927,1.5698565,1.5165591,1400,1390,train
337,1.0608326,1.0622911,1.0762968,1.0639662,1.0643044326925621,1.5698556,1.5264359,1400,1390,train
338,1.0603116,1.0614443,1.0765305,1.0634173,1.0642734654462718,1.5698547,1.5166612,1400,1390,train
339,1.0603637,1.0617015,1.0762599,1.063506,1.064239919165366,1.5698538,1.5094802,1400,1390,train
340,1.0603273,1.0615525,1.0761287,1.0633624,1.0641765201636177,1.569853,1.5074093,1400,1390,train
341,1.0603678,1.0613993,1.0759845,1.063199,1.0641011528613367,1.569852,1.4997816,1400,1390,train
342,1.0604125,1.0612353,1.076448,1.0632081,1.0640109587818232,1.5698512,1.4993165,1400,1390,train
343,1.0603449,1.0613028,1.0764052,1.0632389,1.0639364103160525,1.5698502,1.4974297,1400,1390,train
344,1.0598263,1.063376,1.0753393,1.0644376,1.0638403944278914,1.5698494,1.5161303,1400,1390,train
345,1.0598507,1.0627508,1.0753403,1.0640175,1.06374034921498,1.5698484,1.5216646,1400,1390,train
346,1.0598235,1.0629466,1.0745873,1.0639539,1.0636432794172255,1.5698476,1.5224662,1400,1390,train
347,1.0598824,1.0631684,1.0751302,1.0642605,1.06355734914151,1.5698466,1.5255529,1400,1390,train
348,1.0598332,1.0621984,1.0752425,1.0636158,1.0634800749145208,1.5698458,1.5248742,1400,1390,train
349,1.0598103,1.0624725,1.0750506,1.0637603,1.0634186120963958,1.5698448,1.5272218,1400,1390,train
350,1.059835,1.0625446,1.074952,1.0637729,1.0633654161315782,1.5698439,1.5226189,1400,1390,train
351,1.0597697,1.0610783,1.0753378,1.062858,1.063306864813162,1.569843,1.5223634,1400,1390,train
352,1.0598173,1.0623846,1.0749071,1.0636809,1.0632499809073106,1.5698421,1.5354387,1400,1390,train
353,1.0598418,1.0621333,1.0747044,1.0634699,1.0632037158924723,1.5698413,1.5426805,1400,1390,train
354,1.0598094,1.0607926,1.0755923,1.0627885,1.063145428671141,1.5698403,1.5473607,1400,1390,train
355,1.0592587,1.0613523,1.0750089,1.0629706,1.06310899499754,1.5698394,1.5267246,1400,1390,train
356,1.0593077,1.0612034,1.0756841,1.0630268,1.0630497210195524,1.5698385,1.5179592,1400,1390,train
357,1.0592861,1.0616362,1.075195,1.0632099,1.0629886223474783,1.5698376,1.5235937,1400,1390,train
358,1.0592833,1.0614305,1.0751054,1.0630467,1.0629202719466164,1.5698366,1.5250837,1400,1390,train
359,1.059204,1.0610528,1.0752258,1.0628152,1.0628618057290902,1.5698357,1.5244017,1400,1390,train
360,1.059171,1.0608635,1.0742939,1.0624188,1.0628089764943747,1.5698348,1.5179626,1400,1390,train
361,1.0591898,1.0607646,1.0740489,1.062299,1.062717505342583,1.5698339,1.5239236,1400,1390,train
362,1.0586919,1.0609305,1.074513,1.0625618,1.0626313350713958,1.5698329,1.5335464,1400,1390,train
363,1.0586787,1.0602816,1.0745206,1.0621116,1.062534278488216,1.569832,1.5327656,1400,1390,train
364,1.0586784,1.0602907,1.0743049,1.0620723,1.0624242892672617,1.5698311,1.5377419,1400,1390,train
365,1.0586913,1.0609312,1.0740093,1.0624398,1.0623119761010487,1.5698302,1.5386286,1400,1390,train
366,1.0586603,1.0607034,1.0741842,1.0623081,1.0622084749177048,1.5698292,1.5302181,1400,1390,train
367,1.0581188,1.061186,1.0741636,1.0625892,1.0621052698742246,1.5698283,1.5103039,1400,1390,train
368,1.0581523,1.0604026,1.0737898,1.0619707,1.0619920217025898,1.5698273,1.5206792,1400,1390,train
369,1.0581179,1.0611751,1.0735903,1.062427,1.0618709790865464,1.5698264,1.5098355,1400,1390,train
370,1.0581788,1.0613596,1.0734322,1.0625354,1.0617853568583921,1.5698254,1.5191562,1400,1390,train
371,1.0581725,1.0611141,1.0727019,1.062142,1.0617089824240604,1.5698245,1.5078385,1400,1390,train
372,1.0581301,1.0611546,1.0734937,1.0623775,1.0616134248175695,1.5698236,1.5059044,1400,1390,train
373,1.0581282,1.0610752,1.0725713,1.0620785,1.0615269118395885,1.5698227,1.5071511,1400,1390,train
374,1.0582058,1.0597365,1.0732924,1.0613618,1.061447286660357,1.5698217,1.5151198,1400,1390,train
375,1.0581306,1.0594833,1.0729207,1.0610785,1.061329186849658,1.5698208,1.5118297,1400,1390,train
376,1.0580992,1.0592723,1.0729135,1.0608766,1.0612509707345437,1.5698198,1.4897665,1400,1390,train
377,1.0575982,1.0586822,1.0735921,1.060637,1.061130010376123,1.5698189,1.4849453,1400,1390,train
378,1.057614,1.0587592,1.0735041,1.0606833,1.0610431148154102,1.5698179,1.4916754,1400,1390,train
379,1.0576695,1.0588953,1.0733769,1.0607433,1.0609818146899244,1.569817,1.4915497,1400,1390,train
380,1.0575393,1.0584071,1.0731466,1.0603563,1.0608627314788661,1.569816,1.4970747,1400,1390,train
381,1.0575393,1.0583092,1.0724658,1.0600882,1.0607631745355834,1.5698149,1.4896569,1400,1390,train
382,1.0575335,1.0583553,1.073117,1.0602775,1.060659939266531,1.569814,1.4826797,1400,1390,train
383,1.057578,1.0583243,1.0729105,1.0601972,1.06056413145797,1.569813,1.4812244,1400,1390,train
384,1.0575783,1.0581087,1.0723727,1.0599632,1.0604756295379723,1.569812,1.5057936,1400,1390,train
385,1.0575393,1.0581293,1.0722828,1.0599542,1.0603901098645312,1.5698111,1.5060532,1400,1390,train
386,1.0569756,1.0600376,1.0715109,1.0611215,1.060298140004299,1.5698102,1.5264934,1400,1390,train
387,1.0570511,1.0600392,1.0709698,1.0609584,1.060213332492214,1.5698092,1.5185299,1400,1390,train
388,1.057055,1.059526,1.0711927,1.0606456,1.0601327646094094,1.5698081,1.511822,1400,1390,train
389,1.0570419,1.0591404,1.071568,1.0604693,1.0600466153913566,1.5698072,1.5079985,1400,1390,train
390,1.057055,1.0594485,1.0709746,1.0605383,1.0599624714809803,1.5698062,1.5137889,1400,1390,train
391,1.0565172,1.0586565,1.0710154,1.059966,1.0599170129359274,1.5698053,1.4999622,1400,1390,train
392,1.0565246,1.0578115,1.0716301,1.059563,1.0598705086357594,1.5698043,1.5077714,1400,1390,train
393,1.0565503,1.057996,1.0715036,1.0596662,1.0598339273985062,1.5698032,1.51145,1400,1390,train
394,1.0565445,1.0582922,1.0711601,1.0597657,1.059783534881162,1.5698023,1.5056794,1400,1390,train
395,1.0565159,1.0582347,1.0711308,1.059722,1.0597464635300722,1.5698013,1.5072709,1400,1390,train
396,1.0565728,1.0573332,1.0706689,1.0589814,1.0597175765991562,1.5698003,1.5108676,1400,1390,train
397,1.0564126,1.0580239,1.0710328,1.0595331,1.0596521054176107,1.5697993,1.5005629,1400,1390,train
398,1.0566016,1.0582387,1.0708301,1.0596191,1.0595965980956716,1.5697984,1.496939,1400,1390,train
399,1.0565401,1.0571429,1.0703768,1.058753,1.0595570833578198,1.5697973,1.5034357,1400,1390,train
400,1.0559936,1.0596607,1.0695232,1.060264,1.0595036126518933,1.5697963,1.500202,1400,1390,train
401,1.0559531,1.057699,1.0701022,1.0590615,1.059445583668303,1.5697954,1.5018673,1400,1390,train
402,1.0559494,1.0583422,1.0704713,1.0596144,1.0593834400565614,1.5697943,1.5050085,1400,1390,train
403,1.0559698,1.0580757,1.0702138,1.0593475,1.0593178528924154,1.5697933,1.4996321,1400,1390,train
404,1.0559189,1.0563482,1.0707421,1.0582979,1.0592564600191916,1.5697923,1.5028771,1400,1390,train
405,1.055911,1.0582863,1.0704532,1.0595766,1.0592073146428702,1.5697913,1.507387,1400,1390,train
406,1.0559388,1.0579488,1.0697781,1.0591607,1.0591595319770482,1.5697902,1.50699,1400,1390,train
407,1.0559367,1.0580041,1.0707464,1.0594443,1.059088274566841,1.5697893,1.5012351,1400,1390,train
408,1.0559043,1.0582309,1.0706084,1.0595696,1.0590108661554842,1.5697882,1.5032499,1400,1390,train
409,1.0559143,1.0580509,1.0703703,1.0593759,1.0589297766479955,1.5697873,1.5011349,1400,1390,train
410,1.0558779,1.057885,1.0700713,1.0592152,1.058838425961067,1.5697862,1.5153155,1400,1390,train
411,1.0553006,1.0580646,1.0695125,1.0591536,1.0587478811741908,1.5697852,1.5002382,1400,1390,train
412,1.0553403,1.0575218,1.0696371,1.0588459,1.0586988420031964,1.5697842,1.5149052,1400,1390,train
413,1.0553713,1.0580287,1.069227,1.0590501,1.0586512547559324,1.5697832,1.4993194,1400,1390,train
414,1.055373,1.0577914,1.0692582,1.0588866,1.0585998155060155,1.5697821,1.496419,1400,1390,train
415,1.0545168,1.0574738,1.0698166,1.0588326,1.0585814583608881,1.5697811,1.5033998,1400,1390,train
416,1.054805,1.0561324,1.0697987,1.057904,1.0585536359160859,1.5697801,1.5063044,1400,1390,train
417,1.0548036,1.0559343,1.0698564,1.0577763,1.0585013527100855,1.569779,1.5040176,1400,1390,train
418,1.0548404,1.0560474,1.0693557,1.0577215,1.0584343540813816,1.569778,1.5043061,1400,1390,train
419,1.0548179,1.0560622,1.0686901,1.0575535,1.058313053756828,1.569777,1.5042797,1400,1390,train
420,1.0548873,1.0559883,1.0688645,1.0575418,1.0582140500975858,1.5697759,1.5013657,1400,1390,train
421,1.0548582,1.0557623,1.0690851,1.0574375,1.0581364762556298,1.5697749,1.4986904,1400,1390,train
422,1.0542854,1.0574713,1.0683687,1.0584476,1.0580134459342418,1.5697738,1.5051961,1400,1390,train
423,1.0543293,1.0578268,1.0681344,1.0586405,1.057896754234504,1.5697728,1.5088451,1400,1390,train
424,1.0543157,1.0569067,1.0684271,1.0580814,1.05778647319934,1.5697718,1.5093042,1400,1390,train
425,1.0543228,1.0568563,1.0682116,1.0579863,1.0576520845107815,1.5697707,1.5082929,1400,1390,train
426,1.0542417,1.056967,1.067569,1.0579184,1.0575629382682052,1.5697696,1.5195177,1400,1390,train
427,1.0543257,1.056839,1.0678445,1.0578836,1.0574478171749562,1.5697685,1.5114173,1400,1390,train
428,1.0543244,1.0568683,1.0671992,1.0577519,1.0573671051441997,1.5697675,1.5198896,1400,1390,train
429,1.0543004,1.0565524,1.0676572,1.0576253,1.057287919731653,1.5697664,1.5075638,1400,1390,train
430,1.0536842,1.0557132,1.0683844,1.0572218,1.0571805677877295,1.5697654,1.5011203,1400,1390,train
431,1.0537403,1.0551182,1.067616,1.0566382,1.0571087497733525,1.5697644,1.5155977,1400,1390,train
432,1.0537024,1.0556993,1.0673696,1.0569531,1.057004171345647,1.5697633,1.5062948,1400,1390,train
433,1.0537707,1.0558926,1.0677985,1.0572109,1.0569206165180098,1.5697622,1.5099608,1400,1390,train
434,1.0537677,1.0558219,1.0678903,1.0571711,1.05684592189267,1.5697612,1.5036261,1400,1390,train
435,1.0537555,1.0558975,1.0677164,1.0571909,1.0567732247688484,1.5697601,1.5093571,1400,1390,train
436,1.0537221,1.0557928,1.067384,1.057046,1.0567167571437046,1.569759,1.5162722,1400,1390,train
437,1.0537239,1.055332,1.0676501,1.0567961,1.056669999082658,1.5697579,1.5157053,1400,1390,train
438,1.0537328,1.0554204,1.0669687,1.0566666,1.0566114722114752,1.5697569,1.5122495,1400,1390,train
439,1.0537723,1.0555444,1.0661244,1.0565271,1.0565674445640196,1.5697558,1.5124753,1400,1390,train
440,1.0531772,1.0531576,1.066932,1.0551041,1.0565348273022845,1.5697547,1.5196297,1400,1390,train
441,1.0531962,1.0534263,1.0669525,1.0552758,1.056509095220146,1.5697535,1.5112526,1400,1390,train
442,1.0532075,1.0535243,1.0668168,1.0553269,1.0564437870633587,1.5697525,1.519258,1400,1390,train
443,1.0532379,1.0532267,1.0670042,1.0551448,1.0563974045511313,1.5697514,1.5086613,1400,1390,train
444,1.0532452,1.0564204,1.0655563,1.0569752,1.056340510857206,1.5697503,1.5092105,1400,1390,train
445,1.0526649,1.0554254,1.0658437,1.0563679,1.0562659819891844,1.5697492,1.5117993,1400,1390,train
446,1.0527583,1.0544536,1.0652175,1.0555375,1.0561981601254122,1.5697482,1.516676,1400,1390,train
447,1.0526272,1.0553001,1.0655286,1.0562162,1.0560926836925546,1.569747,1.5198822,1400,1390,train
448,1.0527029,1.0556834,1.0659289,1.0565331,1.056026356825438,1.5697459,1.4967477,1400,1390,train
449,1.0526713,1.0557195,1.0656875,1.0564944,1.0559742697265357,1.5697448,1.4970865,1400,1390,train
450,1.0526257,1.0557094,1.0656309,1.0564797,1.0559143134374425,1.5697438,1.5001788,1400,1390,train
451,1.0525836,1.0557437,1.0659561,1.0565823,1.0558698399830484,1.5697426,1.4967561,1400,1390,train
452,1.0526474,1.055526,1.0659392,1.056438,1.0558165045307517,1.5697415,1.5013919,1400,1390,train
453,1.0526618,1.0548351,1.0655234,1.055893,1.0557909426692935,1.5697404,1.520272,1400,1390,train
454,1.0526371,1.0543919,1.0657874,1.0556182,1.0557417742525212,1.5697392,1.5047053,1400,1390,train
455,1.0525622,1.0541692,1.065567,1.0554199,1.0556986231250585,1.5697381,1.510989,1400,1390,train
456,1.0526153,1.05407,1.0657643,1.0554174,1.055662591885753,1.569737,1.5165627,1400,1390,train
457,1.0525677,1.0552707,1.0656328,1.0562288,1.0555999234874418,1.5697359,1.5220037,1400,1390,train
458,1.0526258,1.0550412,1.065426,1.0559828,1.0555528685007858,1.5697348,1.5091211,1400,1390,train
459,1.0526187,1.0552409,1.065103,1.0560385,1.0555245329556988,1.5697336,1.5105658,1400,1390,train
460,1.0525675,1.0554712,1.0645254,1.0560329,1.0555067494781072,1.5697325,1.5061231,1400,1390,train
461,1.0526341,1.0548041,1.0643812,1.0555184,1.0554957998555023,1.5697314,1.500798,1400,1390,train
462,1.0525584,1.0542281,1.0649261,1.0552542,1.05548741301526,1.5697303,1.4966121,1400,1390,train
463,1.0520861,1.0546207,1.0645344,1.0554595,1.055458435634441,1.5697291,1.5120467,1400,1390,train
464,1.0520736,1.0544307,1.0645218,1.0553081,1.0554376034701969,1.5697279,1.5054512,1400,1390,train
465,1.0519876,1.0537379,1.064687,1.0548686,1.0554127269008189,1.5697268,1.5042396,1400,1390,train
466,1.05201,1.0535357,1.0643808,1.0546355,1.0553348676629293,1.5697256,1.499829,1400,1390,train
467,1.0520504,1.0539899,1.0647607,1.0550559,1.0552377148812089,1.5697246,1.5012218,1400,1390,train
468,1.0520248,1.0528982,1.0640545,1.0541686,1.0551572241014253,1.5697234,1.5257144,1400,1390,train
469,1.0519955,1.0531654,1.0639596,1.0542856,1.055056773956572,1.5697222,1.5080332,1400,1390,train
470,1.0520352,1.0535061,1.064204,1.0545752,1.0549750272656506,1.5697211,1.5029447,1400,1390,train
471,1.0519677,1.0531849,1.0635629,1.0541928,1.0548915049074175,1.5697199,1.5079811,1400,1390,train
472,1.0514526,1.054672,1.063898,1.0553061,1.0547942740938219,1.5697187,1.5044241,1400,1390,train
473,1.0514822,1.054373,1.06391,1.0551289,1.0547046903877961,1.5697175,1.5155696,1400,1390,train
474,1.0514455,1.05443,1.0637863,1.0551014,1.0546382055479173,1.5697165,1.5016108,1400,1390,train
475,1.051474,1.0544469,1.0636227,1.0550548,1.0545690639547656,1.5697153,1.4956223,1400,1390,train
476,1.0514787,1.0540345,1.0628233,1.0545905,1.0544798051803914,1.5697141,1.5104175,1400,1390,train
477,1.0514643,1.0546107,1.0628955,1.0549809,1.0544156666646833,1.5697129,1.4985387,1400,1390,train
478,1.0515182,1.0532207,1.0632792,1.054131,1.0543474851425232,1.5697117,1.503593,1400,1390,train
479,1.0514057,1.0546515,1.0625414,1.0549322,1.0542579751400192,1.5697105,1.5058918,1400,1390,train
480,1.0514568,1.0545211,1.0625763,1.0547967,1.0541608408111807,1.5697094,1.4835066,1400,1390,train
481,1.0514364,1.0539455,1.0619013,1.05425,1.0540560699620933,1.5697082,1.4972756,1400,1390,train
482,1.0514812,1.0542376,1.0625119,1.0545708,1.0539527505075046,1.569707,1.4786072,1400,1390,train
483,1.0514982,1.053817,1.0626813,1.0543592,1.0538813160965192,1.5697058,1.4929967,1400,1390,train
484,1.050889,1.053256,1.0628645,1.0540061,1.0538191673625774,1.5697047,1.4877354,1400,1390,train
485,1.0508931,1.0528884,1.062218,1.053604,1.053763687487748,1.5697035,1.4985247,1400,1390,train
486,1.0508591,1.052333,1.0628383,1.0533485,1.0536969383806742,1.5697023,1.483686,1400,1390,train
487,1.0509195,1.051967,1.062619,1.0530347,1.0536210734797178,1.5697011,1.4832456,1400,1390,train
488,1.0509006,1.0526328,1.0621212,1.0533967,1.0535216789077555,1.5696999,1.4969289,1400,1390,train
489,1.0508848,1.0516981,1.0626423,1.0528798,1.053413538247587,1.5696987,1.4937344,1400,1390,train
490,1.0503534,1.0515904,1.0622445,1.0527004,1.0533042262128383,1.5696974,1.4944782,1400,1390,train
491,1.0503069,1.0516286,1.0623944,1.0527598,1.0531967507312712,1.5696962,1.4915216,1400,1390,train
492,1.0503724,1.0524645,1.0620213,1.0532191,1.053098205618315,1.569695,1.4828973,1400,1390,train
493,1.0503104,1.0509973,1.0624685,1.0523362,1.0530158658430195,1.5696938,1.489424,1400,1390,train
494,1.0503387,1.0510477,1.0625517,1.0523894,1.0528735061007974,1.5696926,1.4876761,1400,1390,train
495,1.0497828,1.0531497,1.060991,1.0534356,1.0527322628011353,1.5696913,1.4897271,1400,1390,train
496,1.0498582,1.0526328,1.0605032,1.052938,1.052601290506789,1.5696901,1.4863892,1400,1390,train
497,1.0499091,1.0518935,1.0604784,1.0524065,1.0524638233785337,1.5696889,1.4816061,1400,1390,train
498,1.0498394,1.0520488,1.0610386,1.0526412,1.0523651053339378,1.5696877,1.4720333,1400,1390,train
499,1.0497636,1.0511737,1.0612038,1.0520837,1.0522745956167177,1.5696864,1.4744686,1400,1390,train
500,1.0498134,1.0511739,1.0608959,1.0520462,1.0521640116885942,1.5696852,1.4928339,1400,1390,train
501,1.0494297,1.0521437,1.0609863,1.0527147,1.052078421894742,1.569684,1.4809909,1400,1390,train
502,1.0497997,1.051263,1.0606257,1.0520015,1.0519915264393354,1.5696827,1.4788119,1400,1390,train
503,1.0498176,1.0511997,1.0605912,1.0519891,1.051901923888905,1.5696815,1.4955685,1400,1390,train
504,1.0497665,1.0515462,1.0603342,1.0521419,1.0517962155178482,1.5696802,1.4877738,1400,1390,train
505,1.0492827,1.0512679,1.060677,1.052056,1.0517189232268,1.569679,1.4941462,1400,1390,train
506,1.0492488,1.0513203,1.0604136,1.0520157,1.051654217523936,1.5696777,1.4916028,1400,1390,train
507,1.0492598,1.0512459,1.0600019,1.0518496,1.0515779094756967,1.5696765,1.4899272,1400,1390,train
508,1.049225,1.0509737,1.0595336,1.0515251,1.051510372889051,1.5696752,1.4857599,1400,1390,train
509,1.049249,1.0497452,1.0603865,1.0509081,1.0514528003996262,1.569674,1.4887192,1400,1390,train
510,1.0492574,1.049301,1.060394,1.0506123,1.0513883071452188,1.5696727,1.4930955,1400,1390,train
511,1.0493387,1.0498793,1.0600101,1.0509095,1.0513180400855782,1.5696715,1.4924792,1400,1390,train
512,1.0492625,1.049458,1.0602813,1.0506134,1.051248890086834,1.5696702,1.4611236,1400,1390,train
513,1.049219,1.0505421,1.0589634,1.051029,1.051167042531499,1.5696689,1.4676526,1400,1390,train
514,1.0486764,1.0514061,1.0586467,1.0515295,1.05109848802837,1.5696677,1.4617324,1400,1390,train
515,1.0487044,1.0512792,1.0588294,1.0514982,1.0509895957062296,1.5696664,1.4649858,1400,1390,train
516,1.0487666,1.0507724,1.058177,1.0509961,1.0508986038163386,1.5696651,1.4749727,1400,1390,train
517,1.0487463,1.049741,1.0583518,1.0503076,1.0508206393559796,1.5696639,1.4670538,1400,1390,train
518,1.0487425,1.0492399,1.0584874,1.0499781,1.0507790228337948,1.5696626,1.4596963,1400,1390,train
519,1.0481461,1.0507581,1.0582938,1.050982,1.050689887003029,1.5696613,1.4604182,1400,1390,train
520,1.0481809,1.0506643,1.0582612,1.0509652,1.0505997135986276,1.56966,1.4839091,1400,1390,train
521,1.0482213,1.0505867,1.05808,1.0508646,1.0505532052158202,1.5696586,1.484605,1400,1390,train
522,1.048189,1.0505064,1.0576692,1.0506482,1.0504980723761383,1.5696573,1.4637995,1400,1390,train
523,1.0481646,1.050164,1.0578352,1.0504537,1.0504458331827184,1.5696561,1.4632809,1400,1390,train
524,1.048219,1.0496106,1.0578291,1.0500759,1.05038414892191,1.5696548,1.4665351,1400,1390,train
525,1.0481908,1.0508204,1.0574671,1.0508646,1.0503365964877869,1.5696535,1.4854004,1400,1390,train
526,1.0482337,1.0493307,1.0586741,1.0501392,1.0502831827038976,1.5696522,1.4794381,1400,1390,train
527,1.0481863,1.0488154,1.0587401,1.0497673,1.0502435500771339,1.5696509,1.4663363,1400,1390,train
528,1.048143,1.0498078,1.0583339,1.0503477,1.0501487046941023,1.5696496,1.4664172,1400,1390,train
529,1.0476007,1.0496907,1.0580239,1.0501719,1.0500762461589699,1.5696483,1.4617047,1400,1390,train
530,1.0476183,1.0499747,1.0572162,1.0501449,1.050011843632582,1.569647,1.4585081,1400,1390,train
531,1.0476526,1.0495002,1.057076,1.049781,1.0499449262948444,1.5696455,1.4597042,1400,1390,train
532,1.0476166,1.0493081,1.0574402,1.0497591,1.0498388016295794,1.5696442,1.4654889,1400,1390,train
533,1.0475831,1.049499,1.0576298,1.049943,1.0497578834552361,1.5696429,1.4656414,1400,1390,train
534,1.0476235,1.0490371,1.0573301,1.049583,1.0496643872873126,1.5696416,1.4824927,1400,1390,train
535,1.0475832,1.0492578,1.0570104,1.0496013,1.0495626391250532,1.5696403,1.4622592,1400,1390,train
536,1.0476207,1.0490665,1.0569732,1.0494819,1.049452259099385,1.569639,1.471796,1400,1390,train
537,1.0476048,1.048624,1.0569186,1.0492041,1.0493345866400428,1.5696375,1.4899397,1400,1390,train
538,1.0476098,1.0489131,1.0567145,1.0492935,1.0492099338664262,1.5696362,1.4666173,1400,1390,train
539,1.0475534,1.0487664,1.0566106,1.0492128,1.0490971531002964,1.5696349,1.4867821,1400,1390,train
540,1.0470252,1.050386,1.0561519,1.0501726,1.04901433950122,1.5696335,1.4696231,1400,1390,train
541,1.0470307,1.0492401,1.0565504,1.0494757,1.0489452829927572,1.5696322,1.4662937,1400,1390,train
542,1.047047,1.0486842,1.0565934,1.0490897,1.0488644531729947,1.5696309,1.4614788,1400,1390,train
543,1.0470432,1.0478442,1.0557218,1.0482752,1.0487604305836795,1.5696294,1.4623934,1400,1390,train
544,1.0465045,1.0488529,1.055474,1.0489411,1.048686839078318,1.5696281,1.4755381,1400,1390,train
545,1.0465506,1.0490158,1.0552697,1.0489829,1.0486256291651213,1.5696267,1.4687105,1400,1390,train
546,1.0465,1.0484915,1.0552658,1.0486042,1.0485358866492847,1.5696254,1.463087,1400,1390,train
547,1.0465261,1.0483155,1.0552422,1.048496,1.0484581559416308,1.569624,1.4714007,1400,1390,train
548,1.046587,1.0475261,1.0547915,1.0478206,1.048361965472033,1.5696226,1.4686058,1400,1390,train
549,1.0464873,1.0480125,1.0553988,1.0483178,1.048260949193086,1.5696212,1.4673958,1400,1390,train
550,1.0460246,1.04608,1.056025,1.0471616,1.048181949780945,1.5696199,1.474632,1400,1390,train
551,1.0459756,1.0460603,1.0556808,1.0470588,1.048119688139883,1.5696185,1.4759396,1400,1390,train
552,1.0459425,1.0461233,1.0555692,1.0470898,1.0480235605353716,1.569617,1.4829481,1400,1390,train
553,1.0458812,1.0481757,1.0546868,1.0482291,1.0479376248809404,1.5696157,1.4627237,1400,1390,train
554,1.0459174,1.0466199,1.0557611,1.0474324,1.0478483726976529,1.5696143,1.4609344,1400,1390,train
555,1.0459645,1.04654,1.0551443,1.0472381,1.0477654728906214,1.5696129,1.4717941,1400,1390,train
556,1.045944,1.0463955,1.0553746,1.0471828,1.0476978996628274,1.5696115,1.4649174,1400,1390,train
557,1.0459104,1.0487761,1.0543576,1.0485713,1.0476091442195647,1.5696101,1.4683076,1400,1390,train
558,1.0459372,1.0473359,1.0547128,1.0477103,1.0475587626054597,1.5696087,1.4862874,1400,1390,train
559,1.0459094,1.0475572,1.0548027,1.0478874,1.047500964663616,1.5696073,1.4860129,1400,1390,train
560,1.0459454,1.0471612,1.0545533,1.0475452,1.0474535195202836,1.5696058,1.4857713,1400,1390,train
561,1.0458939,1.0470681,1.0544155,1.0474287,1.0473953133982075,1.5696044,1.4796404,1400,1390,train
562,1.0454754,1.0480777,1.0538571,1.0479212,1.0473197050257919,1.569603,1.4554694,1400,1390,train
563,1.0453585,1.0479636,1.0538523,1.0478766,1.0472486094063707,1.5696015,1.4701865,1400,1390,train
564,1.0454398,1.048043,1.0538558,1.0479397,1.0472044818827593,1.5696001,1.4730971,1400,1390,train
565,1.0453393,1.0473399,1.0543692,1.0475569,1.0471376292165133,1.5695987,1.4598426,1400,1390,train
566,1.0453475,1.0470088,1.053792,1.0471947,1.047112846680149,1.5695972,1.4690287,1400,1390,train
567,1.0452982,1.0469682,1.0538473,1.0471694,1.0471092394495474,1.5695958,1.4641411,1400,1390,train
568,1.0447707,1.0473027,1.0531822,1.0472643,1.0470562354902875,1.5695944,1.4808718,1400,1390,train
569,1.0448697,1.0449724,1.0532966,1.04568,1.0469915568835124,1.569593,1.48206,1400,1390,train
570,1.0449228,1.045435,1.0534042,1.0460174,1.046956135969092,1.5695915,1.4768897,1400,1390,train
571,1.044869,1.0471154,1.0526149,1.0469818,1.0469296331915654,1.5695901,1.4806521,1400,1390,train
572,1.0448827,1.0463738,1.0529354,1.0465615,1.0468650030688331,1.5695885,1.4842125,1400,1390,train
573,1.0448468,1.0472566,1.0525286,1.0470679,1.0468130029582312,1.5695871,1.4852773,1400,1390,train
574,1.0443367,1.047664,1.0518944,1.0471823,1.0467259183945368,1.5695857,1.4858184,1400,1390,train
575,1.0443255,1.0458734,1.0525117,1.0460765,1.0466555479485344,1.5695843,1.4743065,1400,1390,train
576,1.0443337,1.0462453,1.0524032,1.0463006,1.0465574951608445,1.5695827,1.4722562,1400,1390,train
577,1.0443484,1.0472875,1.0517185,1.0468405,1.0464623630372003,1.5695813,1.4721644,1400,1390,train
578,1.0443561,1.0465217,1.0511491,1.0461444,1.0463811876484763,1.5695798,1.4671977,1400,1390,train
579,1.044279,1.0473747,1.0517817,1.0469134,1.0463229820340298,1.5695783,1.4702497,1400,1390,train
580,1.0442835,1.0471443,1.0516391,1.046721,1.0462833495719754,1.5695769,1.4726046,1400,1390,train
581,1.0443348,1.0468062,1.0510668,1.0463223,1.046217749403867,1.5695753,1.4682376,1400,1390,train
582,1.0441998,1.047483,1.0512301,1.0468245,1.0461149252582198,1.5695739,1.463502,1400,1390,train
583,1.0437759,1.0452409,1.0522966,1.0455621,1.0460561987859338,1.5695723,1.4670806,1400,1390,train
584,1.0438032,1.0459123,1.0522459,1.0460263,1.0459789006868452,1.5695708,1.471868,1400,1390,train
585,1.043773,1.0450416,1.051977,1.0453355,1.045900842539093,1.5695693,1.465971,1400,1390,train
586,1.0437181,1.0455146,1.0521725,1.045706,1.045830541786877,1.5695678,1.461755,1400,1390,train
587,1.043711,1.0464771,1.0516386,1.0462756,1.045740324350994,1.5695664,1.4799886,1400,1390,train
588,1.0437443,1.0461897,1.0512866,1.0459547,1.045648196442395,1.5695648,1.4688432,1400,1390,train
589,1.0436958,1.0451717,1.0507957,1.0451354,1.0455992490065795,1.5695633,1.4766058,1400,1390,train
590,1.0437815,1.0461068,1.0510759,1.0458517,1.045554980399696,1.5695617,1.4733139,1400,1390,train
591,1.0437207,1.0456163,1.051333,1.045568,1.0455066921508303,1.5695603,1.4684339,1400,1390,train
592,1.0432334,1.0435873,1.0516124,1.0442386,1.0454544903384022,1.5695587,1.4702058,1400,1390,train
593,1.0431713,1.0457917,1.050604,1.045542,1.0453913401778439,1.5695572,1.4879034,1400,1390,train
594,1.0431476,1.0452332,1.0505917,1.045137,1.0453471481798522,1.5695556,1.4821879,1400,1390,train
595,1.0431956,1.0447524,1.0504644,1.044759,1.045248366049699,1.5695541,1.4780338,1400,1390,train
596,1.0431386,1.0443572,1.0503995,1.0444831,1.0451150256490043,1.5695525,1.4845325,1400,1390,train
597,1.0426759,1.0460217,1.0498748,1.0454493,1.04503860290074,1.569551,1.464431,1400,1390,train
598,1.0426601,1.045505,1.0494634,1.0449932,1.0449387123636977,1.5695494,1.469693,1400,1390,train
599,1.042649,1.0461617,1.0497963,1.0455456,1.0448497828763306,1.5695479,1.4727275,1400,1390,train
600,1.0426061,1.0462872,1.0496035,1.045573,1.0447913258150405,1.5695463,1.4693998,1400,1390,train
601,1.0426829,1.046112,1.0493996,1.0453923,1.0446877235755718,1.5695448,1.4675593,1400,1390,train
602,1.0426431,1.045792,1.0490677,1.0450697,1.0446124226080802,1.5695432,1.462826,1400,1390,train
603,1.0426681,1.0449855,1.0487149,1.0444202,1.0445391087167963,1.5695416,1.4648378,1400,1390,train
604,1.0426717,1.0453511,1.0485919,1.0446696,1.0444492018342217,1.56954,1.4765539,1400,1390,train
605,1.042138,1.0427792,1.0492377,1.0430597,1.0443892760083147,1.5695385,1.4776967,1400,1390,train
606,1.0420732,1.0431973,1.0492272,1.0433702,1.0443240611203963,1.5695369,1.4871454,1400,1390,train
607,1.0421019,1.0448401,1.0486727,1.0443306,1.0442383314313417,1.5695353,1.4741046,1400,1390,train
608,1.0420145,1.044657,1.0486419,1.0442154,1.044165887204348,1.5695337,1.4824702,1400,1390,train
609,1.0420729,1.0444281,1.04863,1.0440288,1.0440378972726652,1.5695322,1.472342,1400,1390,train
610,1.0420425,1.0447837,1.0485142,1.0442408,1.0439452024496265,1.5695305,1.4707685,1400,1390,train
611,1.0421586,1.0436559,1.0490263,1.0436165,1.0438389728400084,1.5695289,1.4796485,1400,1390,train
612,1.0420809,1.0446281,1.0484447,1.0441297,1.0437240738266802,1.5695273,1.4771346,1400,1390,train
613,1.0414937,1.0457633,1.0480386,1.044822,1.0435989952677989,1.5695257,1.4825057,1400,1390,train
614,1.0414938,1.043493,1.0487646,1.0434512,1.0435023457901886,1.569524,1.4869527,1400,1390,train
615,1.0415192,1.0436568,1.0481913,1.0433875,1.0433504670745446,1.5695225,1.477156,1400,1390,train
616,1.0416163,1.0433699,1.0481294,1.0431465,1.0432503892059186,1.5695208,1.4667993,1400,1390,train
617,1.0415323,1.0429395,1.0481116,1.0428288,1.0431475067908549,1.5695192,1.4609565,1400,1390,train
618,1.0415442,1.0432916,1.048085,1.0430748,1.043008012842762,1.5695176,1.4645516,1400,1390,train
619,1.0415343,1.0423892,1.0479596,1.0424271,1.0429133941272204,1.569516,1.4696599,1400,1390,train
620,1.0416032,1.0423343,1.0479273,1.0424184,1.0428132952918654,1.5695143,1.4852864,1400,1390,train
621,1.0415072,1.0447966,1.0462974,1.0436783,1.0427082255973559,1.5695126,1.4798918,1400,1390,train
622,1.0409793,1.0430734,1.0468962,1.0426333,1.0425942970722302,1.5695109,1.4762148,1400,1390,train
623,1.0409403,1.0438263,1.046206,1.0429406,1.0425566973379596,1.5695093,1.463685,1400,1390,train
624,1.0409912,1.0438105,1.046695,1.0430894,1.0425080663174964,1.5695077,1.4755187,1400,1390,train
625,1.0409998,1.0426642,1.0464687,1.0422046,1.0424571381967485,1.569506,1.4638903,1400,1390,train
626,1.0410113,1.0429933,1.0468087,1.0425491,1.0424032629909048,1.5695044,1.4741169,1400,1390,train
627,1.0409055,1.0417936,1.0465742,1.0416195,1.0423255974353711,1.5695027,1.4602151,1400,1390,train
628,1.0409988,1.0424438,1.0461276,1.0419489,1.0422829691611646,1.569501,1.459208,1400,1390,train
629,1.0403523,1.0422913,1.0454725,1.0417018,1.0422548668638536,1.5694993,1.4732724,1400,1390,train
630,1.040445,1.0417593,1.0454576,1.0413224,1.0422195100700928,1.5694976,1.470774,1400,1390,train
631,1.0403786,1.0414712,1.0458462,1.0412291,1.04211816264913,1.5694959,1.4718711,1400,1390,train
632,1.0404364,1.0418804,1.0455978,1.0414413,1.0420124106462152,1.5694942,1.4696728,1400,1390,train
633,1.0404311,1.0419383,1.0456734,1.0414817,1.0419208957032555,1.5694926,1.4614273,1400,1390,train
634,1.0403892,1.0427343,1.045933,1.0421222,1.0418266839339747,1.5694908,1.4689825,1400,1390,train
635,1.0404083,1.0416658,1.0458573,1.0413477,1.0417196384310183,1.5694891,1.4638942,1400,1390,train
636,1.0404061,1.041374,1.0451179,1.0409734,1.0416259410391966,1.5694875,1.474722,1400,1390,train
637,1.0403675,1.0419695,1.0455832,1.041514,1.041511209946014,1.5694857,1.4757597,1400,1390,train
638,1.0398195,1.0437453,1.0450691,1.0425868,1.041426455969968,1.569484,1.4664776,1400,1390,train
639,1.0398723,1.0440602,1.0450413,1.0427904,1.041371513145827,1.5694823,1.463363,1400,1390,train
640,1.0398012,1.044012,1.0447283,1.042711,1.0412856453463748,1.5694805,1.478996,1400,1390,train
641,1.0397729,1.0429707,1.0443296,1.041861,1.041192502977495,1.5694788,1.4706668,1400,1390,train
642,1.039825,1.0431316,1.0439391,1.0418491,1.0410883006683427,1.5694771,1.4628763,1400,1390,train
643,1.0399104,1.0432515,1.0434313,1.0418015,1.040994312620679,1.5694753,1.4649462,1400,1390,train
644,1.0398355,1.0429804,1.0434889,1.0416205,1.0408963888114515,1.5694736,1.4615862,1400,1390,train
645,1.0398345,1.0427258,1.0437574,1.0415279,1.0408067856102825,1.5694718,1.4665936,1400,1390,train
646,1.0398159,1.0425463,1.0436641,1.0413717,1.0407179953916812,1.56947,1.4638987,1400,1390,train
647,1.039231,1.0424647,1.0439035,1.0413986,1.0406637583052196,1.5694683,1.47191,1400,1390,train
648,1.0392692,1.0400283,1.0440483,1.0397112,1.040604900173214,1.5694666,1.4577,1400,1390,train
649,1.0392557,1.0396698,1.0440087,1.0394652,1.0405311420086811,1.5694648,1.463266,1400,1390,train
650,1.0393181,1.0405742,1.0437694,1.0400132,1.040436643695899,1.569463,1.4567583,1400,1390,train
651,1.0392659,1.0409744,1.043499,1.0402324,1.0403261148051026,1.5694612,1.4624094,1400,1390,train
652,1.0392463,1.0422168,1.0432756,1.0410798,1.0402413071715104,1.5694594,1.4807338,1400,1390,train
653,1.0386747,1.0403349,1.0432683,1.0397272,1.0401811480384242,1.5694577,1.4626391,1400,1390,train
654,1.0387546,1.038389,1.0433493,1.0384291,1.0400840327673033,1.5694559,1.4755601,1400,1390,train
655,1.0387479,1.0392015,1.0422541,1.0386711,1.0400021813885438,1.5694541,1.4637138,1400,1390,train
656,1.038759,1.0394502,1.0428503,1.0390133,1.0399004294271617,1.5694523,1.4677048,1400,1390,train
657,1.0386854,1.0396225,1.0427983,1.0391397,1.0397969756558978,1.5694504,1.4762213,1400,1390,train
658,1.0387452,1.0378101,1.0427246,1.037876,1.0397000644249403,1.5694486,1.482204,1400,1390,train
659,1.0386792,1.036653,1.0428202,1.0370853,1.0396355131927337,1.5694468,1.4769031,1400,1390,train
660,1.038157,1.0409102,1.042033,1.0397966,1.0395657840370318,1.569445,1.463015,1400,1390,train
661,1.038149,1.0407007,1.0421098,1.0396701,1.0394629152010642,1.5694431,1.4623373,1400,1390,train
662,1.0381752,1.0410581,1.0418999,1.0398741,1.0393536487233863,1.5694413,1.4673022,1400,1390,train
663,1.0381302,1.0403173,1.0423526,1.0394878,1.0392389501887132,1.5694395,1.4701406,1400,1390,train
664,1.038125,1.0403107,1.0419939,1.0393927,1.0392556189653468,1.5694376,1.4724102,1400,1390,train
665,1.03814,1.0402236,1.0416999,1.039243,1.0391720161396953,1.5694358,1.4680538,1400,1390,train
666,1.0381367,1.040905,1.0409386,1.039502,1.0391519962262759,1.5694339,1.4638956,1400,1390,train
667,1.0382286,1.0413659,1.0407484,1.0397627,1.0391144492909012,1.569432,1.4604952,1400,1390,train
668,1.0381669,1.0403693,1.0410831,1.0391645,1.0390846236958493,1.5694302,1.4621794,1400,1390,train
669,1.0376277,1.0409744,1.0411317,1.0396161,1.0390274581634853,1.5694283,1.4697108,1400,1390,train
670,1.0375317,1.0397578,1.0409266,1.0387006,1.0389381958249022,1.5694264,1.4632033,1400,1390,train
671,1.0375323,1.0396378,1.0406094,1.0385373,1.0388536820198377,1.5694246,1.465223,1400,1390,train
672,1.0375601,1.03984,1.0404463,1.0386467,1.0387796793937716,1.5694227,1.4704871,1400,1390,train
673,1.0376488,1.0382093,1.0413562,1.0377618,1.0387039138802423,1.5694208,1.471991,1400,1390,train
674,1.0375876,1.0398306,1.0400388,1.0385313,1.0385937288087048,1.5694189,1.4705818,1400,1390,train
675,1.0369905,1.0415444,1.0395508,1.0395981,1.038477435474124,1.569417,1.4736848,1400,1390,train
676,1.0370549,1.0415543,1.0393157,1.0395237,1.0384008280431312,1.5694151,1.466163,1400,1390,train
677,1.037098,1.0411942,1.0390186,1.0391926,1.0383366999122319,1.5694132,1.4655361,1400,1390,train
678,1.0370568,1.0383931,1.0395752,1.0373827,1.038305289656367,1.5694113,1.4597839,1400,1390,train
679,1.0370293,1.0407912,1.0388217,1.0388596,1.0382632739400761,1.5694094,1.4653862,1400,1390,train
680,1.0370603,1.0397466,1.0386732,1.0380925,1.038157024824514,1.5694075,1.4645283,1400,1390,train
681,1.0365332,1.0399624,1.0388365,1.0382953,1.0380490228309762,1.5694056,1.4683233,1400,1390,train
682,1.0365238,1.0398606,1.0384696,1.0381505,1.037995595743407,1.5694035,1.4782759,1400,1390,train
683,1.0364847,1.039727,1.0384498,1.0380425,1.0379215700093858,1.5694016,1.4742072,1400,1390,train
684,1.036479,1.0375158,1.0395658,1.0368078,1.0378417161024431,1.5693997,1.4749076,1400,1390,train
685,1.0365417,1.038539,1.0395193,1.0374932,1.03772714957581,1.5693977,1.4697156,1400,1390,train
686,1.0365452,1.0391097,1.03931,1.0378335,1.0376038810302544,1.5693958,1.4697363,1400,1390,train
687,1.036486,1.0388067,1.0392475,1.0375924,1.0374636478328172,1.5693938,1.4640033,1400,1390,train
688,1.036471,1.039881,1.0391111,1.0383238,1.0373890725301733,1.5693918,1.4730241,1400,1390,train
689,1.035943,1.0348555,1.0392717,1.0348699,1.0372511691535393,1.5693898,1.4700912,1400,1390,train
690,1.0359604,1.0383565,1.0382366,1.0370507,1.0371198509068091,1.5693879,1.4811406,1400,1390,train
691,1.0359617,1.0371265,1.0380102,1.0361203,1.0370046108229831,1.5693859,1.4747275,1400,1390,train
692,1.0359408,1.0366988,1.0382105,1.0358579,1.0369180109539076,1.5693839,1.4668742,1400,1390,train
693,1.035957,1.036202,1.0380061,1.0354773,1.0368203846238218,1.569382,1.4747707,1400,1390,train
694,1.0359495,1.0374551,1.0379951,1.0363384,1.0367087488409255,1.5693799,1.4722862,1400,1390,train
695,1.0353478,1.0393298,1.0373158,1.0374389,1.0366513321371345,1.5693779,1.4643393,1400,1390,train
696,1.0353802,1.0393062,1.0375519,1.0374985,1.0365472635128206,1.5693759,1.4695785,1400,1390,train
697,1.035352,1.0393562,1.0366712,1.0372915,1.0364451887529118,1.5693738,1.4671798,1400,1390,train
698,1.0354149,1.0398796,1.0369248,1.0377241,1.036387831536309,1.5693718,1.4677112,1400,1390,train
699,1.0354401,1.0396638,1.0364099,1.0374275,1.0362871704253862,1.5693698,1.4640946,1400,1390,train
700,1.0354152,1.0395613,1.0366266,1.0374112,1.0362017954156273,1.5693678,1.4627715,1400,1390,train
701,1.034795,1.0384686,1.0364105,1.0366025,1.036107569435413,1.5693657,1.4659896,1400,1390,train
702,1.0348791,1.038225,1.036329,1.0363876,1.0360287135366864,1.5693637,1.4561557,1400,1390,train
703,1.0348835,1.038164,1.0357723,1.0362108,1.0360128545456324,1.5693616,1.4622037,1400,1390,train
704,1.034882,1.036633,1.0359559,1.0351703,1.0358888678065674,1.5693595,1.4513105,1400,1390,train
705,1.0348626,1.0373819,1.0360994,1.0357293,1.0357992597424135,1.5693575,1.4515308,1400,1390,train
706,1.0348556,1.037435,1.0357529,1.0356793,1.0356349729001486,1.5693554,1.4539526,1400,1390,train
707,1.0342842,1.0341933,1.0367373,1.0337037,1.0355818259351035,1.5693533,1.4588137,1400,1390,train
708,1.0343219,1.0346167,1.0366454,1.0339787,1.0354565864062844,1.5693512,1.4611301,1400,1390,train
709,1.0343629,1.034828,1.0365582,1.0340998,1.0353718594696235,1.5693492,1.4602287,1400,1390,train
710,1.0343174,1.0363783,1.0361011,1.0350293,1.0352407019606176,1.569347,1.4500842,1400,1390,train
711,1.0342895,1.0371845,1.0359607,1.0355974,1.0351999432139263,1.569345,1.4689546,1400,1390,train
712,1.0337653,1.0383005,1.0353166,1.036172,1.0351132540560153,1.5693429,1.4575064,1400,1390,train
713,1.0337853,1.0356944,1.0346673,1.0341738,1.0350586946678564,1.5693407,1.4515461,1400,1390,train
714,1.0337461,1.038284,1.0343987,1.0359592,1.0350010076242149,1.5693386,1.4758315,1400,1390,train
715,1.0337855,1.0381303,1.0342643,1.0358076,1.0348538438899224,1.5693364,1.4721661,1400,1390,train
716,1.0337381,1.0370407,1.034894,1.0352101,1.0347731317646605,1.5693344,1.4682304,1400,1390,train
717,1.0337687,1.0361273,1.0347557,1.0345107,1.0346856872779628,1.5693322,1.4567034,1400,1390,train
718,1.0337241,1.037159,1.0347526,1.0352495,1.0346022891675146,1.5693301,1.4661961,1400,1390,train
719,1.033256,1.037334,1.0344616,1.0353101,1.0344620533455235,1.569328,1.4732444,1400,1390,train
720,1.0331964,1.0354352,1.0344076,1.034003,1.0343513920416634,1.5693257,1.4838784,1400,1390,train
721,1.0332026,1.0364729,1.0342041,1.0346814,1.0342765515834726,1.5693235,1.4889506,1400,1390,train
722,1.0331727,1.0362402,1.0338831,1.0344317,1.0341926878793255,1.5693214,1.4880519,1400,1390,train
723,1.0331762,1.0340471,1.0337648,1.0328553,1.0341983982011365,1.5693192,1.4791167,1400,1390,train
724,1.0333216,1.0345979,1.0333323,1.0331045,1.034135542187725,1.569317,1.4719905,1400,1390,train
725,1.0331573,1.0342827,1.0339557,1.0330691,1.034086712748828,1.5693148,1.4787992,1400,1390,train
726,1.0332141,1.0364006,1.0338553,1.0345073,1.034026067565643,1.5693127,1.4764352,1400,1390,train
727,1.033148,1.0359882,1.0338978,1.0342339,1.033951533162297,1.5693104,1.4771088,1400,1390,train
728,1.0333071,1.0324513,1.034175,1.0318297,1.0338931595548004,1.5693083,1.4679427,1400,1390,train
729,1.0330769,1.0350904,1.0335753,1.03352,1.0338506006314603,1.569306,1.4753867,1400,1390,train
730,1.0331658,1.0356461,1.0332662,1.0338666,1.0337892732451759,1.5693038,1.4933496,1400,1390,train
731,1.0325655,1.0388339,1.0331016,1.0360148,1.0337526457974135,1.5693016,1.4845341,1400,1390,train
732,1.0325793,1.0336503,1.034049,1.0326843,1.033772887939263,1.5692993,1.4908186,1400,1390,train
733,1.0325986,1.0380647,1.0320725,1.0351794,1.033730784454326,1.5692971,1.4740121,1400,1390,train
734,1.032571,1.0369238,1.0308101,1.0340266,1.0336471909280203,1.5692948,1.4648569,1400,1390,train
735,1.0326321,1.0372193,1.031832,1.0345275,1.0335737730428385,1.5692925,1.4738653,1400,1390,train
736,1.0320671,1.0336919,1.0319806,1.0320885,1.0335038733559379,1.5692903,1.4618752,1400,1390,train
737,1.0320202,1.0365018,1.0317249,1.0340132,1.033400347622755,1.569288,1.47902,1400,1390,train
738,1.0319945,1.0345559,1.0323608,1.0328236,1.0334367585259208,1.5692858,1.4754417,1400,1390,train
739,1.0320625,1.0363665,1.0315607,1.0338712,1.0333295974669892,1.5692835,1.4773979,1400,1390,train
740,1.0320655,1.0359939,1.0311234,1.0334914,1.0332414268267152,1.5692812,1.475741,1400,1390,train
741,1.0320631,1.0354464,1.0318346,1.0332947,1.0331564021327961,1.5692788,1.4728655,1400,1390,train
742,1.0320897,1.0345094,1.0314348,1.0325217,1.033109967515614,1.5692766,1.4666374,1400,1390,train
743,1.0314585,1.0334281,1.0316539,1.0318183,1.0330230529295854,1.5692743,1.4620447,1400,1390,train
744,1.031554,1.0309631,1.0310502,1.0299683,1.0329707941438169,1.5692719,1.4717704,1400,1390,train
745,1.031489,1.0286965,1.0311402,1.0284228,1.0328859308221596,1.5692697,1.473636,1400,1390,train
746,1.0315121,1.0282422,1.031051,1.0280758,1.0327559585287458,1.5692673,1.4705437,1400,1390,train
747,1.0314127,1.0364969,1.0296272,1.0334287,1.0327178077245651,1.5692649,1.4712099,1400,1390,train
748,1.0314857,1.0314145,1.0309469,1.0302361,1.032659726522613,1.5692626,1.4643772,1400,1390,train
749,1.0310038,1.0357811,1.0302188,1.0330815,1.032561769501438,1.5692602,1.4676439,1400,1390,train
750,1.0308825,1.0352302,1.0301187,1.0326892,1.0324600096339922,1.5692579,1.4746885,1400,1390,train
751,1.031,1.036171,1.0306867,1.033499,1.0323410517426816,1.5692555,1.4764521,1400,1390,train
752,1.030921,1.0364938,1.0303957,1.0336277,1.032270781972082,1.5692531,1.4692314,1400,1390,train
753,1.0308441,1.0362079,1.0295752,1.0332288,1.0321449407966865,1.5692507,1.4772023,1400,1390,train
754,1.0308944,1.0356386,1.029413,1.0327829,1.03194976582277,1.5692483,1.4743409,1400,1390,train
755,1.0309993,1.0354149,1.0288917,1.0324786,1.0316999934586668,1.5692459,1.470502,1400,1390,train
756,1.0309232,1.0349773,1.0289425,1.0322199,1.031465533219853,1.5692436,1.4835005,1400,1390,train
757,1.0303656,1.0318656,1.0292742,1.0301075,1.0313558738799404,1.5692412,1.4669259,1400,1390,train
758,1.0303062,1.0311033,1.0296776,1.0297059,1.031127272093623,1.5692387,1.4750415,1400,1390,train
759,1.0304073,1.0329007,1.0290707,1.0307785,1.0309875131573931,1.5692363,1.4696925,1400,1390,train
760,1.030386,1.0318834,1.0289822,1.0300437,1.0308431057042082,1.5692338,1.4678243,1400,1390,train
761,1.0303406,1.0323424,1.029152,1.0304439,1.0307151756215347,1.5692314,1.4825473,1400,1390,train
762,1.0298928,1.0354922,1.0273422,1.0321262,1.0305536123074572,1.5692289,1.4742446,1400,1390,train
763,1.0298271,1.0287122,1.0287752,1.027818,1.0304389681998751,1.5692265,1.4810394,1400,1390,train
764,1.0298365,1.0331347,1.0266662,1.0302839,1.0303047989639837,1.569224,1.4643617,1400,1390,train
765,1.0298749,1.034444,1.0272505,1.0313855,1.0302020630271083,1.5692215,1.4790994,1400,1390,train
766,1.0298913,1.0344872,1.027179,1.0313898,1.0300759753893622,1.569219,1.4763819,1400,1390,train
767,1.0292642,1.0319438,1.0268133,1.0295266,1.0299610693178203,1.5692165,1.47685,1400,1390,train
768,1.0293288,1.0321946,1.028009,1.0300225,1.0298365747140779,1.5692141,1.4774015,1400,1390,train
769,1.0292583,1.0315031,1.0276468,1.0294417,1.0296999966804523,1.5692115,1.4759753,1400,1390,train
770,1.0293094,1.033407,1.027081,1.0306445,1.029607920539289,1.569209,1.4891812,1400,1390,train
771,1.0292916,1.0337886,1.027293,1.030966,1.0294017543306273,1.5692065,1.4891037,1400,1390,train
772,1.0287868,1.0299363,1.027665,1.0283751,1.0293059909774729,1.569204,1.4828146,1400,1390,train
773,1.0287814,1.0302737,1.0272384,1.0284891,1.0292092423041468,1.5692015,1.4803927,1400,1390,train
774,1.0287415,1.0291934,1.0272733,1.0277586,1.0289456768347176,1.5691988,1.4846122,1400,1390,train
775,1.0287901,1.0288216,1.0270848,1.0274385,1.0287855517356663,1.5691963,1.4800036,1400,1390,train
776,1.0287175,1.0287805,1.0267124,1.0273077,1.0287120495272406,1.5691937,1.4789989,1400,1390,train
777,1.028737,1.027765,1.0263188,1.0265095,1.028689205178017,1.5691912,1.4841042,1400,1390,train
778,1.0288086,1.0294023,1.026712,1.0277495,1.0285813669382804,1.5691886,1.4831045,1400,1390,train
779,1.0287449,1.0286429,1.0264938,1.027178,1.028522954921032,1.569186,1.4890511,1400,1390,train
780,1.0281571,1.0336025,1.025749,1.03043,1.0284478099821888,1.5691835,1.4918872,1400,1390,train
781,1.0281831,1.033783,1.0255553,1.0305203,1.0284046121176853,1.5691808,1.4988497,1400,1390,train
782,1.0281758,1.0316249,1.0249326,1.0288156,1.028393354363814,1.5691782,1.4827596,1400,1390,train
783,1.0281312,1.0329742,1.0248702,1.0297523,1.0283294702057197,1.5691756,1.4894366,1400,1390,train
784,1.0282059,1.0325043,1.0251653,1.0294828,1.0282763026681687,1.569173,1.4803597,1400,1390,train
785,1.0281906,1.0316386,1.0248768,1.0288155,1.0282311526864076,1.5691704,1.4849182,1400,1390,train
786,1.028176,1.0321022,1.0243855,1.029017,1.0280872587223304,1.5691676,1.4895635,1400,1390,train
787,1.0275584,1.0300603,1.0248921,1.0277214,1.027975176327848,1.569165,1.4841223,1400,1390,train
788,1.0276499,1.0305303,1.0245147,1.027939,1.0279038036910846,1.5691624,1.4809157,1400,1390,train
789,1.0276489,1.029641,1.0245825,1.0273776,1.027715016478999,1.5691596,1.496609,1400,1390,train
790,1.027636,1.0295037,1.0247881,1.0272921,1.0276467132148008,1.569157,1.47803,1400,1390,train
791,1.027595,1.030246,1.0246468,1.027791,1.0276103694267702,1.5691543,1.4867386,1400,1390,train
792,1.0276529,1.0294704,1.0248737,1.0272906,1.0275893014523,1.5691516,1.4774375,1400,1390,train
793,1.0270678,1.0287021,1.0248635,1.0267686,1.0275104373693937,1.5691489,1.4833612,1400,1390,train
794,1.027089,1.0279336,1.0247111,1.0261929,1.0274496121747543,1.5691462,1.4829153,1400,1390,train
795,1.0270785,1.0271599,1.024729,1.0256566,1.0273774590113267,1.5691434,1.4814005,1400,1390,train
796,1.0269996,1.0333228,1.0228682,1.0294437,1.0273434308196652,1.5691407,1.4836004,1400,1390,train
797,1.0270547,1.0277579,1.0240183,1.0258615,1.027331218689436,1.5691379,1.4732089,1400,1390,train
798,1.0270396,1.0286047,1.0243235,1.0265695,1.0272753769096874,1.5691352,1.4887842,1400,1390,train
799,1.0270218,1.0330238,1.0226716,1.0291843,1.0272373998336928,1.5691324,1.4840147,1400,1390,train
800,1.026987,1.0326264,1.0225378,1.0288842,1.027152673836687,1.5691297,1.4888195,1400,1390,train
801,1.0270233,1.02777,1.0239002,1.0258632,1.0270815345530058,1.5691268,1.4834338,1400,1390,train
802,1.0271078,1.0266529,1.0233605,1.024973,1.0269275617970826,1.5691241,1.4958723,1400,1390,train
803,1.0265211,1.0318644,1.022747,1.0284019,1.0267356943604955,1.5691212,1.4850669,1400,1390,train
804,1.0264614,1.0297606,1.0227547,1.026958,1.0264786407791755,1.5691185,1.4913099,1400,1390,train
805,1.0264353,1.0306809,1.0227696,1.0275946,1.0262672226491805,1.5691156,1.4885864,1400,1390,train
806,1.0264755,1.0297482,1.0217452,1.0266613,1.0261533999945622,1.5691128,1.4840481,1400,1390,train
807,1.0257332,1.0279598,1.0223621,1.0255649,1.0260559835801841,1.56911,1.4760008,1400,1390,train
808,1.0259991,1.027442,1.0220594,1.0251504,1.0259111533551113,1.5691072,1.4868324,1400,1390,train
809,1.0259293,1.0254579,1.0226257,1.0239339,1.0258611238038486,1.5691043,1.4909116,1400,1390,train
810,1.0258538,1.0260156,1.0225664,1.0243108,1.0258275269894799,1.5691015,1.4931327,1400,1390,train
811,1.0253806,1.0303502,1.0209818,1.0268657,1.0257577293712639,1.5690986,1.480339,1400,1390,train
812,1.0254654,1.0298375,1.020179,1.0263221,1.0256320838277388,1.5690956,1.4916701,1400,1390,train
813,1.0254154,1.0308485,1.0201111,1.0270085,1.0255027162374806,1.5690928,1.4926285,1400,1390,train
814,1.0253366,1.0306827,1.0201197,1.0268989,1.0253773089397245,1.5690899,1.4939398,1400,1390,train
815,1.0248446,1.0280118,1.0205531,1.025151,1.0252397092876988,1.5690869,1.490289,1400,1390,train
816,1.0248395,1.0282719,1.0204206,1.0252657,1.0251009331793945,1.569084,1.477801,1400,1390,train
817,1.024825,1.0279765,1.0201409,1.0249872,1.0249884052695906,1.5690811,1.4784588,1400,1390,train
818,1.0248482,1.0281348,1.0203743,1.0251745,1.0249377170660092,1.5690781,1.4845186,1400,1390,train
819,1.0248343,1.0281186,1.0200264,1.0250591,1.024823669677214,1.5690751,1.4800509,1400,1390,train
820,1.0248485,1.028043,1.0194869,1.0248607,1.024688204662348,1.5690722,1.4795022,1400,1390,train
821,1.0248502,1.0280014,1.0195451,1.0248462,1.0245348132073078,1.5690693,1.4790151,1400,1390,train
822,1.0248334,1.0275944,1.0199101,1.0246785,1.024490210482834,1.5690662,1.486043,1400,1390,train
823,1.0242697,1.0257435,1.0204606,1.0235106,1.0244602625625094,1.5690632,1.473819,1400,1390,train
824,1.024312,1.0242981,1.0206106,1.0225518,1.024437257367555,1.5690602,1.4758883,1400,1390,train
825,1.02425,1.0249333,1.0201936,1.0228584,1.0244884732549757,1.5690572,1.4665079,1400,1390,train
826,1.0242863,1.0226445,1.0204018,1.0213491,1.0245040494638495,1.5690541,1.4766594,1400,1390,train
827,1.0242754,1.0255051,1.0205262,1.023345,1.024466275642272,1.5690511,1.4666594,1400,1390,train
828,1.0242544,1.0253772,1.0205483,1.0232798,1.0243472756608936,1.569048,1.4738891,1400,1390,train
829,1.0237156,1.0305253,1.0194156,1.0265596,1.0243057527261958,1.5690451,1.4770154,1400,1390,train
830,1.0236804,1.0278184,1.0187311,1.0244648,1.0241146100229017,1.569042,1.464162,1400,1390,train
831,1.0237006,1.0281618,1.0178754,1.0245168,1.0239470441893812,1.5690389,1.481751,1400,1390,train
832,1.0237517,1.0281568,1.0179379,1.0245364,1.0237792162865944,1.5690358,1.4843171,1400,1390,train
833,1.0236166,1.028465,1.0183214,1.0248423,1.0236013247560511,1.5690327,1.4798329,1400,1390,train
834,1.0231185,1.0253129,1.0186062,1.0227537,1.0233982064995994,1.5690296,1.4899143,1400,1390,train
835,1.02319,1.0242548,1.0184517,1.0219494,1.0231778697871847,1.5690265,1.4784274,1400,1390,train
836,1.0231981,1.0250521,1.0182743,1.0224681,1.0229630576688915,1.5690233,1.4835055,1400,1390,train
837,1.0226485,1.0289972,1.0168364,1.0248033,1.0228338659048424,1.5690202,1.4754467,1400,1390,train
838,1.0226098,1.0280262,1.0161276,1.0239458,1.0227021710076276,1.5690169,1.478281,1400,1390,train
839,1.0226343,1.0284121,1.016023,1.0242064,1.022609347189926,1.5690138,1.4867078,1400,1390,train
840,1.022659,1.028203,1.0167818,1.024261,1.0225241617582823,1.5690106,1.4852853,1400,1390,train
841,1.022683,1.0284863,1.0165236,1.0243977,1.0224031571442669,1.5690074,1.4890455,1400,1390,train
842,1.0225583,1.0284193,1.0160935,1.0242517,1.022295092876978,1.5690042,1.4955308,1400,1390,train
843,1.022085,1.0244273,1.0168409,1.0216601,1.0222032176086921,1.569001,1.4876776,1400,1390,train
844,1.0220752,1.0267017,1.0164378,1.0231198,1.0221040600755278,1.5689977,1.4827331,1400,1390,train
845,1.0221205,1.0266985,1.0165803,1.023174,1.022016833945233,1.5689945,1.4902203,1400,1390,train
846,1.0220901,1.0263813,1.0170236,1.0230577,1.0219159317425743,1.5689913,1.4841611,1400,1390,train
847,1.0221027,1.0271273,1.0160673,1.0233258,1.0218957105269517,1.568988,1.4867113,1400,1390,train
848,1.0215343,1.0206141,1.0171291,1.0190918,1.021806007428026,1.5689847,1.4890409,1400,1390,train
849,1.0216024,1.02015,1.016958,1.0187306,1.0216997852060403,1.5689814,1.491996,1400,1390,train
850,1.0215333,1.0196967,1.0165387,1.0183059,1.0215804451451223,1.5689782,1.4929851,1400,1390,train
851,1.0214822,1.0208766,1.0163071,1.0190258,1.0214847474085151,1.5689749,1.4775541,1400,1390,train
852,1.0214791,1.0182989,1.0163603,1.0172746,1.0214202969273156,1.5689715,1.4879156,1400,1390,train
853,1.0215169,1.0195774,1.0164964,1.0182011,1.0213768840600062,1.5689682,1.4886935,1400,1390,train
854,1.0215613,1.0199858,1.0164399,1.0184906,1.0212796102787913,1.5689648,1.497214,1400,1390,train
855,1.0209855,1.0260758,1.014914,1.0222669,1.021288336083408,1.5689615,1.4786948,1400,1390,train
856,1.021069,1.0266392,1.0146064,1.0226183,1.0212395154497271,1.568958,1.496123,1400,1390,train
857,1.0209932,1.0259223,1.0149298,1.022211,1.0211273669607697,1.5689547,1.4977822,1400,1390,train
858,1.0209808,1.0252947,1.0147301,1.0217203,1.0210469176554176,1.5689514,1.4972782,1400,1390,train
859,1.0210025,1.0265079,1.0138013,1.0223172,1.0209909465272846,1.5689479,1.4985521,1400,1390,train
860,1.0209932,1.0253515,1.014514,1.0217011,1.0209152797639454,1.5689445,1.4969873,1400,1390,train
861,1.020451,1.0255607,1.0143092,1.0217918,1.0207924799010701,1.568941,1.4970937,1400,1390,train
862,1.0204662,1.0252199,1.0146904,1.0216486,1.0206665687672727,1.5689375,1.4935417,1400,1390,train
863,1.0204285,1.0252345,1.0144498,1.0216107,1.0206421727234694,1.5689341,1.5002985,1400,1390,train
864,1.0204794,1.0248399,1.014444,1.0214303,1.0206083887395263,1.5689306,1.5394298,1400,1390,train
865,1.0204567,1.0232172,1.0140951,1.0201857,1.020597839520698,1.5689272,1.5295858,1400,1390,train
866,1.0199857,1.0191915,1.0146189,1.0175065,1.0206130760280543,1.5689237,1.5201223,1400,1390,train
867,1.0199103,1.0192604,1.0143185,1.0174624,1.020692320312153,1.5689201,1.5154178,1400,1390,train
868,1.0199184,1.0247054,1.012716,1.0208151,1.0207313065507173,1.5689167,1.5153244,1400,1390,train
869,1.0193045,1.0254831,1.0131246,1.0214896,1.0207111268716302,1.5689131,1.5254664,1400,1390,train
870,1.0193447,1.0251505,1.0131931,1.0212927,1.0207820606246607,1.5689095,1.5319542,1400,1390,train
871,1.0193955,1.0262249,1.0127997,1.0219204,1.0208289169822709,1.568906,1.5266016,1400,1390,train
872,1.0191747,1.022429,1.0129869,1.0193477,1.0208847072348985,1.5689024,1.5322635,1400,1390,train
873,1.0194027,1.0259573,1.0126095,1.0217116,1.0209993347824098,1.5688988,1.5380526,1400,1390,train
874,1.0193396,1.0254792,1.0126296,1.0213716,1.020971283906914,1.5688952,1.532627,1400,1390,train
875,1.0193549,1.0247006,1.0126984,1.0208496,1.0208000086147981,1.5688915,1.5327657,1400,1390,train
876,1.0193106,1.0239294,1.0123067,1.0201807,1.0206051714873905,1.568888,1.521173,1400,1390,train
877,1.0187792,1.0192688,1.0124404,1.0169609,1.0203812574000248,1.5688843,1.5137683,1400,1390,train
878,1.0187898,1.0198162,1.0126126,1.0174015,1.0201268685779465,1.5688807,1.5195745,1400,1390,train
879,1.0187534,1.0214282,1.0132604,1.0187247,1.0198642399932494,1.568877,1.5317755,1400,1390,train
880,1.0188415,1.0212169,1.0128207,1.0184283,1.019661862309219,1.5688733,1.5187756,1400,1390,train
881,1.0187593,1.0214036,1.0124567,1.0184479,1.0195770970222098,1.5688696,1.5136285,1400,1390,train
882,1.0182391,1.0252703,1.0115638,1.0208979,1.0194859802769982,1.5688658,1.5149465,1400,1390,train
883,1.0181694,1.0244333,1.0115538,1.0203142,1.0193769387630103,1.5688621,1.5151668,1400,1390,train
884,1.0181797,1.0244925,1.0111926,1.0202637,1.0192429080371403,1.5688584,1.5172527,1400,1390,train
885,1.0181942,1.0227268,1.0112922,1.0190521,1.0190345061270942,1.5688546,1.5124438,1400,1390,train
886,1.0181918,1.0237064,1.0113263,1.0197493,1.0187992807606188,1.5688508,1.5155467,1400,1390,train
887,1.0182979,1.0246217,1.0113587,1.0203991,1.0185711238172837,1.5688471,1.5177106,1400,1390,train
888,1.0181738,1.0237286,1.0108815,1.0196024,1.0183584492793223,1.5688432,1.4978416,1400,1390,train
889,1.0176464,1.0235023,1.0108273,1.0194621,1.0182962759766399,1.5688394,1.510742,1400,1390,train
890,1.0176808,1.0232666,1.0107573,1.0192794,1.0180629323045933,1.5688355,1.5106509,1400,1390,train
891,1.0176083,1.022619,1.0107111,1.018809,1.0178628569186527,1.5688317,1.5072986,1400,1390,train
892,1.0175769,1.0197809,1.0112273,1.0169598,1.0176907465377736,1.5688279,1.5007526,1400,1390,train
893,1.0176625,1.0220654,1.0105847,1.0183728,1.017542453775483,1.5688239,1.4999716,1400,1390,train
894,1.0176282,1.0212994,1.0105942,1.0178444,1.0173436947086218,1.56882,1.500528,1400,1390,train
895,1.0170909,1.0185585,1.0106753,1.0159601,1.0171989943179616,1.5688162,1.4997039,1400,1390,train
896,1.0170779,1.0195346,1.0109737,1.0166588,1.0170645085560115,1.5688123,1.4753758,1400,1390,train
897,1.0171344,1.0190196,1.0103191,1.0161293,1.0169486867365767,1.5688083,1.4768382,1400,1390,train
898,1.0169529,1.0161103,1.0103593,1.014113,1.016886270884073,1.5688043,1.4744282,1400,1390,train
899,1.0171561,1.0157459,1.0104065,1.0138829,1.0169152808423023,1.5688003,1.4786892,1400,1390,train
900,1.0164845,1.0211658,1.0098255,1.0174621,1.0168802925742493,1.5687963,1.4662547,1400,1390,train
901,1.01653,1.0208287,1.0096495,1.0171803,1.0167749574325757,1.5687923,1.466054,1400,1390,train
902,1.0165371,1.022542,1.0095416,1.0183548,1.016575412511638,1.5687883,1.4714919,1400,1390,train
903,1.0165077,1.0205832,1.0095232,1.0169913,1.01630477539778,1.5687842,1.4723691,1400,1390,train
904,1.0164685,1.0211338,1.0094216,1.0173783,1.0160540772249937,1.5687802,1.4854307,1400,1390,train
905,1.0159292,1.0173719,1.0093038,1.0147108,1.015826259127226,1.5687761,1.4761623,1400,1390,train
906,1.0159372,1.0158849,1.0092232,1.0136492,1.0156071095016135,1.5687721,1.47333,1400,1390,train
907,1.0159525,1.0160339,1.0091684,1.0137359,1.0154481899098442,1.5687679,1.4724662,1400,1390,train
908,1.0159417,1.0157597,1.0090578,1.0135043,1.0153644899621985,1.5687639,1.4677515,1400,1390,train
909,1.0159193,1.015562,1.0090334,1.013372,1.0152662965151613,1.5687597,1.4725095,1400,1390,train
910,1.0153867,1.0199885,1.008812,1.0163528,1.0151525836165782,1.5687555,1.4581118,1400,1390,train
911,1.0153716,1.0208058,1.0086836,1.0168991,1.0150129932539322,1.5687513,1.46343,1400,1390,train
912,1.0154262,1.0210794,1.0086029,1.0170588,1.0149075735297994,1.5687472,1.4598489,1400,1390,train
913,1.0153818,1.0206213,1.0085211,1.0167127,1.014937603402629,1.568743,1.4574114,1400,1390,train
914,1.015388,1.0127714,1.0087861,1.0113616,1.0149572849160073,1.5687387,1.4703887,1400,1390,train
915,1.0153468,1.0208714,1.0083066,1.0168318,1.014833385786279,1.5687345,1.458561,1400,1390,train
916,1.0153545,1.0200648,1.008279,1.0162523,1.014823753584418,1.5687302,1.453748,1400,1390,train
917,1.0153273,1.0189695,1.0081892,1.015464,1.0147351895661791,1.568726,1.4523542,1400,1390,train
918,1.014905,1.0180259,1.0080755,1.0147605,1.0145013236079095,1.5687217,1.445236,1400,1390,train
919,1.014836,1.0198858,1.0079384,1.0160608,1.0143453085116387,1.5687174,1.4636712,1400,1390,train
920,1.014817,1.0186384,1.0078471,1.0151954,1.0141870611431836,1.568713,1.4742063,1400,1390,train
921,1.0148755,1.0183136,1.0077653,1.0149276,1.0140031607532254,1.5687087,1.4658715,1400,1390,train
922,1.0148532,1.0188854,1.0076587,1.0152996,1.0139575143905604,1.5687042,1.4672306,1400,1390,train
923,1.0143176,1.0124109,1.0075674,1.0107458,1.0138511472375775,1.5686998,1.4545313,1400,1390,train
924,1.0142487,1.0103767,1.0074663,1.0092996,1.0135786733869268,1.5686955,1.4522104,1400,1390,train
925,1.0143551,1.0124359,1.0073955,1.0107027,1.0133102584844629,1.568691,1.4486289,1400,1390,train
926,1.0142367,1.0149181,1.0073037,1.0124439,1.013156743826599,1.5686866,1.4655097,1400,1390,train
927,1.0137477,1.0190293,1.0072109,1.015238,1.0130114473516885,1.5686822,1.4502851,1400,1390,train
928,1.01368,1.0180625,1.0071124,1.0145631,1.0129121805215162,1.5686777,1.4597107,1400,1390,train
929,1.0137521,1.0173999,1.0070122,1.0141007,1.0128010729786918,1.5686731,1.4698603,1400,1390,train
930,1.0136564,1.0181683,1.0069029,1.0146252,1.0127362695381976,1.5686687,1.4780437,1400,1390,train
931,1.0137151,1.0175387,1.0068057,1.014148,1.0125957818778406,1.5686642,1.4724182,1400,1390,train
932,1.0131525,1.0144966,1.0067157,1.0119882,1.0124365989099289,1.5686595,1.46339,1400,1390,train
933,1.01314,1.0142692,1.0066135,1.0118139,1.0122542830835777,1.568655,1.4679097,1400,1390,train
934,1.0131489,1.014437,1.0065145,1.0118868,1.0120667294064178,1.5686504,1.4608777,1400,1390,train
935,1.0131567,1.0154774,1.0064213,1.0126079,1.0119157017887757,1.5686458,1.4703875,1400,1390,train
936,1.0131632,1.0153322,1.0063224,1.0125157,1.0118509350407328,1.5686412,1.4848241,1400,1390,train
937,1.013148,1.0150087,1.0062276,1.0122645,1.0119051448609955,1.5686365,1.4844306,1400,1390,train
938,1.0126934,1.0093589,1.00613,1.0083139,1.0119640216726962,1.5686319,1.4848623,1400,1390,train
939,1.0125675,1.0081842,1.0060326,1.0074637,1.0120036405583543,1.5686271,1.4816732,1400,1390,train
940,1.0126209,1.0078785,1.0059402,1.0072279,1.0118424499336287,1.5686225,1.4822313,1400,1390,train
941,1.0126334,1.0092721,1.0058331,1.0081748,1.0118555153624889,1.5686177,1.4851674,1400,1390,train
942,1.0125817,1.0123435,1.0057487,1.0102831,1.0118379556875194,1.5686129,1.4838946,1400,1390,train
943,1.0120009,1.0172445,1.0056183,1.013633,1.0116640458023305,1.5686082,1.4756194,1400,1390,train
944,1.0120811,1.0162046,1.0055115,1.0129286,1.0114742307884823,1.5686034,1.4947436,1400,1390,train
945,1.012073,1.0164037,1.0054086,1.0130683,1.011329129883339,1.5685985,1.5066185,1400,1390,train
946,1.0119869,1.0154839,1.0053082,1.0123936,1.011206409132402,1.5685937,1.5030497,1400,1390,train
947,1.011472,1.0094416,1.0052342,1.0081841,1.0110916717721519,1.5685889,1.5065119,1400,1390,train
948,1.011592,1.0110555,1.0051198,1.0092607,1.0110734628144136,1.568584,1.5007647,1400,1390,train
949,1.0109736,1.0159757,1.0050123,1.0126615,1.0108869921545536,1.5685791,1.5052977,1400,1390,train
950,1.0110576,1.0153458,1.0048387,1.0121601,1.0107267210093394,1.5685741,1.4982142,1400,1390,train
951,1.0110267,1.0151685,1.0046613,1.0119889,1.0104776339292159,1.5685692,1.4979985,1400,1390,train
952,1.0110387,1.0150645,1.0045769,1.01191,1.010445765756202,1.5685642,1.5046046,1400,1390,train
953,1.0109841,1.0154188,1.0045705,1.0121502,1.0104214619147045,1.5685592,1.5028422,1400,1390,train
954,1.0109912,1.0150332,1.0044394,1.0118341,1.0102334145027956,1.5685542,1.4974902,1400,1390,train
955,1.010982,1.0140879,1.0043602,1.0111451,1.0100694713798837,1.5685492,1.4929917,1400,1390,train
956,1.0109633,1.0144343,1.0041615,1.0113063,1.009956091867148,1.568544,1.4822156,1400,1390,train
957,1.0103886,1.0135885,1.0042121,1.0107677,1.009844465334994,1.568539,1.4967426,1400,1390,train
958,1.0104705,1.0146654,1.0040734,1.0114704,1.0096943353201806,1.5685339,1.4933856,1400,1390,train
959,1.010472,1.0144696,1.0039718,1.0113045,1.0095277975287364,1.5685288,1.4922905,1400,1390,train
960,1.0104069,1.0120864,1.0038838,1.009624,1.0093480913270945,1.5685236,1.4918213,1400,1390,train
961,1.010415,1.0119386,1.0037901,1.0095034,1.00927885672969,1.5685184,1.4948199,1400,1390,train
962,1.0098317,1.0068642,1.0035188,1.0058706,1.0092544271526205,1.5685133,1.4808174,1400,1390,train
963,1.0098577,1.0061944,1.0036402,1.0054833,1.009187661855397,1.568508,1.4995285,1400,1390,train
964,1.0098342,1.0061696,1.0035219,1.0054276,1.0089030609538059,1.5685028,1.4967815,1400,1390,train
965,1.0098364,1.0071497,1.0034764,1.0061064,1.0085656541198653,1.5684975,1.5008218,1400,1390,train
966,1.0098248,1.0055205,1.0032551,1.0049038,1.0083710129024446,1.5684922,1.4962429,1400,1390,train
967,1.0097768,1.005692,1.0032619,1.0050582,1.0080434440899328,1.5684868,1.5099136,1400,1390,train
968,1.0092298,1.0126215,1.0026708,1.0096813,1.0077965815541399,1.5684816,1.4962413,1400,1390,train
969,1.0094118,1.0131037,1.0026832,1.010016,1.0076742262939329,1.5684762,1.4947233,1400,1390,train
970,1.0092514,1.0136738,1.0028374,1.0104735,1.0075479384394475,1.5684707,1.5029378,1400,1390,train
971,1.0091685,1.0123751,1.0027976,1.0095627,1.007452744752194,1.5684654,1.5038571,1400,1390,train
972,1.0092664,1.0125642,1.0024226,1.0095825,1.0073777438937985,1.5684599,1.4993554,1400,1390,train
973,1.0087194,1.009067,1.0021144,1.0070482,1.0071669565099857,1.5684544,1.4904299,1400,1390,train
974,1.0087897,1.0103508,1.002465,1.0080621,1.0069953759001682,1.5684489,1.5018482,1400,1390,train
975,1.0087006,1.0057924,1.0022631,1.0048124,1.0068872713951198,1.5684434,1.4903128,1400,1390,train
976,1.0081234,1.0112318,1.0015328,1.0083674,1.0068061401215822,1.5684378,1.4785099,1400,1390,train
977,1.0082029,1.0016499,1.0022507,1.0019398,1.006805888704441,1.5684322,1.49422,1400,1390,train
978,1.0082223,1.0044994,1.0017252,1.0037373,1.006800436398958,1.5684266,1.4770702,1400,1390,train
979,1.0081872,1.0118873,1.0014856,1.0088382,1.0068024939006948,1.568421,1.489972,1400,1390,train
980,1.0081822,1.0111644,1.000948,1.0081539,1.0068326042976457,1.5684154,1.474447,1400,1390,train
981,1.0076656,1.0101023,1.0011297,1.0074792,1.0067134177191264,1.5684097,1.4804249,1400,1390,train
982,1.0075943,1.010086,1.0010633,1.0074462,1.006610232435405,1.568404,1.4787886,1400,1390,train
983,1.0076275,1.0092728,1.0008614,1.0068233,1.0065300487932292,1.5683982,1.4772688,1400,1390,train
984,1.0076154,1.0097957,1.0010046,1.0072275,1.0065981045771168,1.5683925,1.4783527,1400,1390,train
985,1.0076616,1.0107152,1.0010698,1.0078999,1.0066083005261321,1.5683867,1.484855,1400,1390,train
986,1.0070841,1.006459,1.0009999,1.0049148,1.0065776876405188,1.5683808,1.4812056,1400,1390,train
987,1.0070958,1.0038857,1.0005574,1.0029796,1.0065474533657048,1.568375,1.4696023,1400,1390,train
988,1.0071089,1.0047798,1.0010056,1.003764,1.006392004530435,1.5683692,1.4872062,1400,1390,train
989,1.0070603,1.0028265,1.0002294,1.0021404,1.0062227622091175,1.5683632,1.4633985,1400,1390,train
990,1.0065145,1.0103049,0.9999821,1.0072792,1.005968585673486,1.5683573,1.4667708,1400,1390,train
991,1.006556,1.0100672,0.9997733,1.0070583,1.0057415944533001,1.5683514,1.4668881,1400,1390,train
992,1.0065484,1.0108916,0.9997325,1.007637,1.005461699436227,1.5683453,1.4738375,1400,1390,train
993,1.0064749,1.0098989,0.9994834,1.0068765,1.0051978421255867,1.5683393,1.4721514,1400,1390,train
994,1.0063192,1.0090603,0.9995388,1.0063035,1.0050704113480884,1.5683333,1.4701254,1400,1390,train
995,1.0064694,1.0090919,0.9993271,1.0062835,1.0050059930770778,1.5683272,1.4761919,1400,1390,train
996,1.0065286,1.0086685,0.9990244,1.0058751,1.004983603796336,1.5683211,1.4625678,1400,1390,train
997,1.0059575,1.0072445,0.9989919,1.0048878,1.004920409004861,1.5683149,1.4671142,1400,1390,train
998,1.005936,1.0074291,0.9995381,1.0051584,1.0048685886248971,1.5683087,1.4654282,1400,1390,train
999,1.005902,1.0066266,0.99904495,1.0044634,1.0048209236805776,1.5683025,1.4633013,1400,1390,train
1000,1.0059661,1.008532,0.999073,1.0058091,1.0047538769161515,1.5682963,1.4690729,1400,1390,train
1001,1.0059524,1.0073419,0.99867535,1.0048642,1.004585647705035,1.5682901,1.4644717,1400,1390,train
1002,1.0054222,1.003228,0.99885523,1.0020459,1.0045675176189208,1.5682838,1.461298,1400,1390,train
1003,1.0053682,1.0030266,0.99915266,1.0020077,1.0042117950656821,1.5682775,1.4703312,1400,1390,train
1004,1.0053878,1.002909,0.99917114,1.0019395,1.0038929916313073,1.568271,1.4738903,1400,1390,train
1005,1.005385,1.0011543,0.9986358,1.0005474,1.003737886191372,1.5682647,1.4618747,1400,1390,train
1006,1.0048095,1.0080116,0.9977933,1.005085,1.0036317926859337,1.5682583,1.4611309,1400,1390,train
1007,1.0049398,1.0084176,0.99763995,1.0053376,1.0034859242162357,1.5682518,1.4658613,1400,1390,train
1008,1.0048506,1.0075272,0.99738026,1.0046164,1.0033840924017217,1.5682453,1.4523718,1400,1390,train
1009,1.0042907,1.0014737,0.9976128,1.0004832,1.0032623679565507,1.5682387,1.4570129,1400,1390,train
1010,1.0042945,1.0042219,0.9975543,1.0023798,1.0031893848549116,1.5682322,1.4579687,1400,1390,train
1011,1.0043112,1.0039788,0.99758965,1.0022445,1.0030055048443982,1.5682256,1.4678636,1400,1390,train
1012,1.004286,1.0036474,0.99804145,1.00213,1.0027338018929972,1.5682191,1.4657338,1400,1390,train
1013,1.0043474,1.0044805,0.9971977,1.0024686,1.0025487028474087,1.5682124,1.4599236,1400,1390,train
1014,1.0043514,1.0037428,0.99696046,1.001888,1.0023174544442133,1.5682057,1.4581766,1400,1390,train
1015,1.0037631,1.0073204,0.99651694,1.0042025,1.0021057853129014,1.5681989,1.436518,1400,1390,train
1016,1.0037265,1.0067141,0.9963567,1.0037017,1.0019258351438547,1.5681921,1.4215872,1400,1390,train
1017,1.003746,1.0070174,0.996342,1.0039773,1.0017534756409687,1.5681853,1.4497585,1400,1390,train
1018,1.0032248,1.0058599,0.99615484,1.0031228,1.0016143598338472,1.5681785,1.449789,1400,1390,train
1019,1.003241,1.0058274,0.99598306,1.0030512,1.001497003606246,1.5681716,1.4485261,1400,1390,train
1020,1.0031958,1.003756,0.9958567,1.0015604,1.001380923184549,1.5681647,1.4414408,1400,1390,train
1021,1.003252,1.0027978,0.9956757,1.0008283,1.0013344407489129,1.5681578,1.4341235,1400,1390,train
1022,1.0031592,1.0038626,0.9955879,1.0015633,1.0012713334628185,1.5681509,1.4417815,1400,1390,train
1023,1.0031753,1.0038099,0.9955072,1.0015017,1.0011891370807808,1.5681438,1.4403708,1400,1390,train
1024,1.0026195,0.99973375,0.9953987,0.9986628,1.0010941110031546,1.5681368,1.449827,1400,1390,train
1025,1.002632,1.0016075,0.99525005,0.99993134,1.0009550343955815,1.5681297,1.4523231,1400,1390,train
1026,1.0025766,1.0012102,0.9951963,0.99964666,1.0007716780996747,1.5681225,1.4547176,1400,1390,train
1027,1.0026485,0.99823654,0.9948989,0.99748635,1.0005909130147475,1.5681154,1.4490256,1400,1390,train
1028,1.0020841,1.0045706,0.9948354,1.0018824,1.0003480390529151,1.5681082,1.4535837,1400,1390,train
1029,1.0020757,1.0045127,0.9946789,1.0017874,1.0000990612117466,1.5681009,1.4482968,1400,1390,train
1030,1.002068,1.0039059,0.9945638,1.0013382,0.9999070356835904,1.5680937,1.4496832,1400,1390,train
1031,1.0015442,1.0008764,0.99445474,0.99922746,0.9996670643244453,1.5680863,1.4594705,1400,1390,train
1032,1.0015737,1.0019281,0.9942837,0.99993134,0.9995747836368386,1.568079,1.467198,1400,1390,train
1033,1.0015078,0.99972445,0.9940797,0.99834013,0.9995522046132715,1.5680715,1.4651444,1400,1390,train
1034,1.0015765,0.99951744,0.99394673,0.9981564,0.9994998591267696,1.5680641,1.463443,1400,1390,train
1035,1.0010068,0.9972625,0.9938422,0.9965447,0.9993371811535869,1.5680566,1.4566946,1400,1390,train
1036,1.0009544,1.00388,0.99366575,1.0010813,0.9990968497931338,1.5680491,1.4504497,1400,1390,train
1037,1.0009528,1.0044229,0.993613,1.0014887,0.9988596248406177,1.5680416,1.4686017,1400,1390,train
1038,1.000996,0.9967429,0.99348587,0.9960956,0.9986347664052827,1.5680339,1.4597782,1400,1390,train
1039,1.0010518,0.9987296,0.9934138,0.997465,0.9984146286121811,1.5680263,1.4630177,1400,1390,train
1040,1.0004729,1.0020032,0.99313366,0.9996556,0.9982086921667415,1.5680186,1.4591699,1400,1390,train
1041,1.0004307,1.001725,0.9929767,0.99942183,0.9981069508993363,1.5680108,1.4598389,1400,1390,train
1042,1.0004046,1.0017092,0.9928799,0.99938536,0.9980032118198943,1.568003,1.4600267,1400,1390,train
1043,1.0004445,1.0017395,0.9927392,0.9993683,0.9978910684099346,1.5679952,1.4598553,1400,1390,train
1044,1.000401,1.0003814,0.9925496,0.9983448,0.9977904678905642,1.5679873,1.4480782,1400,1390,train
1045,1.0004514,0.999989,0.99235696,0.99800426,0.9977162694139144,1.5679795,1.4414597,1400,1390,train
1046,0.9998558,0.9966003,0.99233407,0.9956441,0.9976130418646149,1.5679715,1.4419274,1400,1390,train
1047,0.9998384,0.9966718,0.9921274,0.99562263,0.9973897732851971,1.5679635,1.43549,1400,1390,train
1048,0.9998475,0.9957146,0.9921542,0.99498326,0.9971751827756473,1.5679554,1.443159,1400,1390,train
1049,0.9998146,0.99639547,0.9919063,0.99537104,0.9969949117292369,1.5679474,1.4353952,1400,1390,train
1050,0.99982285,0.9973042,0.9918103,0.99598193,0.9967397860110022,1.5679392,1.4374285,1400,1390,train
1051,0.9992719,1.0019674,0.991597,0.9991384,0.9965874407701044,1.567931,1.4262581,1400,1390,train
1052,0.99933714,1.0014491,0.99149126,0.9987811,0.9964325072060466,1.5679228,1.4390726,1400,1390,train
1053,0.9992016,1.0008337,0.9914061,0.99834234,0.996191105031659,1.5679145,1.4438646,1400,1390,train
1054,0.9992722,1.0011518,0.99124503,0.99850935,0.996087895847486,1.5679061,1.4394239,1400,1390,train
1055,0.9987196,0.9980869,0.99105287,0.99633026,0.9960104153716041,1.5678978,1.440449,1400,1390,train
1056,0.9987654,0.9977404,0.9908628,0.9960386,0.9959502259589423,1.5678893,1.4405353,1400,1390,train
1057,0.99874306,0.99673647,0.9906637,0.9952912,0.9958520055562246,1.5678809,1.4420525,1400,1390,train
1058,0.9982062,0.9936887,0.9906329,0.9931626,0.9957631408132532,1.5678724,1.4412425,1400,1390,train
1059,0.9982193,0.99383533,0.99060565,0.99327993,0.9956157114211848,1.5678638,1.4505491,1400,1390,train
1060,0.99818707,0.99246734,0.99038327,0.9922355,0.9953830928793543,1.5678551,1.4366593,1400,1390,train
1061,0.9976539,0.9983006,0.99017537,0.99624896,0.9951130599934237,1.5678465,1.4426903,1400,1390,train
1062,0.9976964,0.99815667,0.99005264,0.9960917,0.9950186545714883,1.5678377,1.432769,1400,1390,train
1063,0.9976989,0.99751353,0.9899219,0.9956011,0.9949592225532344,1.567829,1.4292772,1400,1390,train
1064,0.9976873,0.99790865,0.98976046,0.9958731,0.9947725513850183,1.5678202,1.4458966,1400,1390,train
1065,0.9976566,0.9965428,0.9895433,0.9948592,0.9946242400780405,1.5678113,1.4432986,1400,1390,train
1066,0.99709654,0.99490696,0.98947823,0.9937036,0.9945553127316508,1.5678023,1.442832,1400,1390,train
1067,0.9971294,0.99456155,0.98938066,0.9934495,0.9944942662401363,1.5677934,1.4477885,1400,1390,train
1068,0.99708617,0.9958246,0.98924786,0.9943042,0.9944471286502365,1.5677843,1.4528702,1400,1390,train
1069,0.99716854,0.9945823,0.9890458,0.9933622,0.9943042054700287,1.5677751,1.442921,1400,1390,train
1070,0.99708545,0.9933794,0.98894465,0.9925084,0.9942467284203996,1.5677661,1.4467661,1400,1390,train
1071,0.99703014,0.9926277,0.9887379,0.9918978,0.9941721794632005,1.5677568,1.4334245,1400,1390,train
1072,0.9965371,0.9975242,0.98865366,0.9952535,0.9939229832777798,1.5677476,1.4231284,1400,1390,train
1073,0.99644625,0.99887687,0.98854893,0.9961785,0.9936882102094241,1.5677382,1.4284286,1400,1390,train
1074,0.9965181,0.99810284,0.98836946,0.9955772,0.9934754499603371,1.5677289,1.4221936,1400,1390,train
1075,0.996549,0.9981734,0.98820376,0.9956017,0.9932477710219787,1.5677195,1.4303288,1400,1390,train
1076,0.99591875,0.99501604,0.98805237,0.99337125,0.9930864725650805,1.5677099,1.4322549,1400,1390,train
1077,0.9959171,0.9946487,0.98788524,0.99305373,0.9929594107912182,1.5677004,1.4251337,1400,1390,train
1078,0.99599004,0.9953633,0.9877518,0.99352837,0.9928914504012238,1.5676907,1.4307404,1400,1390,train
1079,0.9959641,0.9949859,0.9875914,0.993215,0.9928510552200491,1.5676811,1.4274807,1400,1390,train
1080,0.99594575,0.9942898,0.98741025,0.99261785,0.9927963834796528,1.5676713,1.4009652,1400,1390,train
1081,0.9959013,0.9932216,0.987263,0.99183434,0.9926861728956695,1.5676615,1.4003456,1400,1390,train
1082,0.9953746,0.9919569,0.9872139,0.99091935,0.9925321369884434,1.5676516,1.3910537,1400,1390,train
1083,0.99536115,0.9921943,0.98709095,0.9910649,0.9923777508261313,1.5676417,1.396575,1400,1390,train
1084,0.9953837,0.99247193,0.98694956,0.99122715,0.992148510866846,1.5676317,1.3995029,1400,1390,train
1085,0.9948387,0.9962984,0.9868139,0.99385226,0.9919338414316684,1.5676217,1.4002419,1400,1390,train
1086,0.994897,0.9958665,0.98664683,0.99351215,0.9916869038827776,1.5676116,1.4022408,1400,1390,train
1087,0.99484164,0.9941925,0.98638076,0.9922582,0.9916007536427149,1.5676014,1.3944502,1400,1390,train
1088,0.99478763,0.9939261,0.9862401,0.9920468,0.9915165057073893,1.5675912,1.3991334,1400,1390,train
1089,0.99428296,0.99237365,0.98616844,0.9909897,0.9914302265050652,1.5675809,1.4159989,1400,1390,train
1090,0.9943156,0.99186605,0.9860048,0.9905894,0.9913945228813689,1.5675706,1.4145312,1400,1390,train
1091,0.99434036,0.9909659,0.9858312,0.9899168,0.9912952935455946,1.5675601,1.4143825,1400,1390,train
1092,0.99427396,0.9902774,0.9856612,0.9893905,0.991153775849094,1.5675496,1.4135082,1400,1390,train
1093,0.9942274,0.9894792,0.9855589,0.98879844,0.9909517704318407,1.567539,1.4095318,1400,1390,train
1094,0.99369067,0.99457407,0.9854888,0.9923019,0.9907826434099836,1.5675284,1.4016448,1400,1390,train
1095,0.9937273,0.98921204,0.9854569,0.9885929,0.9905658484182792,1.5675176,1.4126236,1400,1390,train
1096,0.99373776,0.989331,0.9852579,0.9886205,0.9903586104371273,1.5675069,1.4119031,1400,1390,train
1097,0.9937697,0.99447775,0.985023,0.9921181,0.9901250836740956,1.5674961,1.4049413,1400,1390,train
1098,0.99367505,0.9938546,0.984849,0.99164015,0.9899778284152367,1.5674851,1.4057052,1400,1390,train
1099,0.99311835,0.9916097,0.9847628,0.9900509,0.9898710386645259,1.5674741,1.4034014,1400,1390,train
1100,0.99312973,0.99247813,0.9846792,0.99065673,0.9897087563536416,1.567463,1.4134234,1400,1390,train
1101,0.9931405,0.98988026,0.9844233,0.98873746,0.9895766001843317,1.5674518,1.3951056,1400,1390,train
1102,0.9931462,0.9930014,0.98424155,0.9909004,0.9894611623773627,1.5674406,1.4123192,1400,1390,train
1103,0.9926813,0.9904661,0.9841272,0.9890776,0.9892679893278242,1.5674293,1.4001466,1400,1390,train
1104,0.99251616,0.9888925,0.9839942,0.9879495,0.9891019006037601,1.567418,1.4007295,1400,1390,train
1105,0.9926301,0.9902789,0.9838541,0.9888779,0.9889613569434699,1.5674065,1.4016402,1400,1390,train
1106,0.9926094,0.99027264,0.98368573,0.98881996,0.9887994620175491,1.567395,1.3982024,1400,1390,train
1107,0.9920543,0.9923795,0.98353374,0.9901978,0.9886238971472741,1.5673834,1.3794062,1400,1390,train
1108,0.9920442,0.9917026,0.9833836,0.98967403,0.9884155606485632,1.5673717,1.3741081,1400,1390,train
1109,0.99206805,0.9922625,0.9832727,0.99003875,0.9882126240965651,1.5673599,1.3762571,1400,1390,train
1110,0.9919921,0.9914266,0.983107,0.9894234,0.9880327901315319,1.5673481,1.3804102,1400,1390,train
1111,0.9920211,0.9910118,0.9829164,0.9890775,0.9879272414964408,1.5673361,1.377753,1400,1390,train
1112,0.99140525,0.9886041,0.98274356,0.98736405,0.9878124307242867,1.5673242,1.3804536,1400,1390,train
1113,0.9914457,0.9883628,0.98254985,0.9871146,0.9876863016985136,1.567312,1.3683065,1400,1390,train
1114,0.9914512,0.9876154,0.98239255,0.98659533,0.9875335093721519,1.5672998,1.3856597,1400,1390,train
1115,0.9908819,0.9852532,0.9822706,0.98488665,0.9873531961263172,1.5672876,1.3718566,1400,1390,train
1116,0.99095106,0.9863962,0.98217636,0.98567873,0.9871592202468068,1.5672752,1.3811369,1400,1390,train
1117,0.990954,0.98623246,0.9820415,0.98553103,0.9869495499441416,1.5672628,1.3820852,1400,1390,train
1118,0.9904852,0.9883752,0.9818801,0.98695046,0.9867485489925327,1.5672503,1.371088,1400,1390,train
1119,0.9903981,0.98786193,0.98168755,0.9865219,0.9865382233290418,1.5672376,1.3628626,1400,1390,train
1120,0.9904028,0.98868686,0.9814908,0.9870895,0.9864130851695663,1.5672249,1.3820646,1400,1390,train
1121,0.98983365,0.9865616,0.98137003,0.9855883,0.9861640813623251,1.5672121,1.3855801,1400,1390,train
1122,0.989865,0.9861986,0.9811404,0.98527694,0.9859828700141324,1.5671992,1.3866153,1400,1390,train
1123,0.98984313,0.98647237,0.981028,0.98542255,0.9858468176581288,1.5671862,1.3806429,1400,1390,train
1124,0.98993707,0.9861604,0.9808545,0.98517287,0.9857272333125376,1.5671731,1.3862816,1400,1390,train
1125,0.98930824,0.98868686,0.9807937,0.9869084,0.9855662681874834,1.56716,1.3844069,1400,1390,train
1126,0.9892528,0.98820627,0.98066014,0.98651075,0.9854421725820852,1.5671467,1.3730904,1400,1390,train
1127,0.9893124,0.98445904,0.9804884,0.98386896,0.9852701341104719,1.5671333,1.3768938,1400,1390,train
1128,0.98938817,0.9878097,0.9803294,0.9861252,0.9851615790556567,1.5671198,1.3644173,1400,1390,train
1129,0.9892561,0.9875383,0.98018503,0.9858895,0.9850194454300926,1.5671064,1.3610365,1400,1390,train
1130,0.9887163,0.9861445,0.9799382,0.98486954,0.9848308772683506,1.5670927,1.3672478,1400,1390,train
1131,0.9886723,0.98642755,0.97980994,0.9850466,0.9846760279708335,1.5670788,1.3732475,1400,1390,train
1132,0.98874414,0.98593086,0.97975796,0.9846819,0.9845399672497395,1.567065,1.3710043,1400,1390,train
1133,0.9887132,0.9860295,0.97947407,0.98468614,0.9844170496626615,1.567051,1.3758273,1400,1390,train
1134,0.98871446,0.9856893,0.9793106,0.9844034,0.9842905703345495,1.567037,1.3748624,1400,1390,train
1135,0.9881803,0.98442715,0.97924817,0.9835032,0.9841917954448707,1.5670228,1.3724072,1400,1390,train
1136,0.9881156,0.98457795,0.9791202,0.98358417,0.9840852872963709,1.5670085,1.3766552,1400,1390,train
1137,0.9882222,0.98505837,0.97895175,0.9838675,0.9840293066825818,1.5669941,1.3744248,1400,1390,train
1138,0.9881805,0.98417974,0.978746,0.98318577,0.9839222925554653,1.5669795,1.3680043,1400,1390,train
1139,0.9875936,0.9853789,0.9786831,0.9840061,0.9838062509201922,1.566965,1.3694544,1400,1390,train
1140,0.98759556,0.98548496,0.9785153,0.98403,0.983667188605907,1.5669502,1.3674605,1400,1390,train
1141,0.98762226,0.98573023,0.9783307,0.984168,0.9834869873693896,1.5669353,1.3744098,1400,1390,train
1142,0.9875994,0.98561484,0.97820216,0.98404866,0.9833394699305584,1.5669204,1.3725245,1400,1390,train
1143,0.9870706,0.98427284,0.9779328,0.98307085,0.9831207726584186,1.5669053,1.3837097,1400,1390,train
1144,0.9870613,0.9834416,0.97774446,0.98241615,0.9830023215773733,1.5668901,1.3729658,1400,1390,train
1145,0.98710793,0.9842605,0.97766244,0.9829808,0.9828172679916503,1.5668747,1.3800513,1400,1390,train
1146,0.98649323,0.98518115,0.977587,0.9835787,0.982666043193597,1.5668594,1.3710742,1400,1390,train
1147,0.9865458,0.98144495,0.9773242,0.98089623,0.9824735567376153,1.5668437,1.3651788,1400,1390,train
1148,0.9865154,0.9842245,0.977173,0.9827759,0.9822620332258414,1.5668281,1.360201,1400,1390,train
1149,0.98589814,0.98332345,0.97697854,0.98214054,0.9820867193433824,1.5668123,1.3778319,1400,1390,train
1150,0.98601186,0.9833807,0.97695464,0.982164,0.9819237718862989,1.5667963,1.3738014,1400,1390,train
1151,0.98600835,0.9827374,0.97674453,0.98164845,0.9817555163540393,1.5667803,1.368893,1400,1390,train
1152,0.9859172,0.98224616,0.9765669,0.9813404,0.9815922668545465,1.5667641,1.4020519,1400,1390,train
1153,0.985953,0.98237365,0.9764312,0.98139656,0.9813488895602526,1.5667478,1.4036376,1400,1390,train
1154,0.9854882,0.98162353,0.976234,0.9808086,0.9811752588808841,1.5667313,1.3981156,1400,1390,train
1155,0.9854011,0.9820387,0.9761283,0.98109615,0.9810066918462105,1.5667148,1.4092433,1400,1390,train
1156,0.9853867,0.98164165,0.9759341,0.98075306,0.9808080511326884,1.566698,1.4031258,1400,1390,train
1157,0.98542404,0.9806264,0.9757281,0.9799663,0.9806595253359349,1.5666811,1.3926525,1400,1390,train
1158,0.98483783,0.98218465,0.9756312,0.98103064,0.9804858777117228,1.5666641,1.3955004,1400,1390,train
1159,0.98482794,0.9821955,0.97547317,0.98101574,0.9803081320410318,1.5666469,1.4036249,1400,1390,train
1160,0.9848628,0.9820294,0.9753006,0.980865,0.9801400803774756,1.5666296,1.4081368,1400,1390,train
1161,0.9849326,0.9822356,0.9751775,0.98097646,0.9799640859066118,1.5666122,1.4085797,1400,1390,train
1162,0.98426753,0.9797808,0.9750006,0.9791912,0.9797761468345051,1.5665947,1.3958856,1400,1390,train
1163,0.9842284,0.9798211,0.9748426,0.9791765,0.9796033272178912,1.566577,1.3957565,1400,1390,train
1164,0.98427695,0.9796624,0.9747351,0.97906125,0.9793591257974769,1.5665591,1.4054887,1400,1390,train
1165,0.9842904,0.97981966,0.97457236,0.97913235,0.9791432382587788,1.5665411,1.4077152,1400,1390,train
1166,0.98378277,0.9788835,0.97434705,0.9784026,0.97892304900606,1.5665228,1.4001963,1400,1390,train
1167,0.9837112,0.977597,0.9741189,0.9774709,0.9787599708302624,1.5665045,1.4099544,1400,1390,train
1168,0.98364806,0.980352,0.9740072,0.9793343,0.9786162408616502,1.566486,1.4009364,1400,1390,train
1169,0.98374146,0.97719747,0.9737882,0.97709376,0.9784372886967693,1.5664674,1.4056289,1400,1390,train
1170,0.9832242,0.97965294,0.9737222,0.9787741,0.9782016075651715,1.5664486,1.4018419,1400,1390,train
1171,0.9831307,0.9789537,0.97356373,0.9782335,0.9779578062218145,1.5664295,1.3969821,1400,1390,train
1172,0.9831657,0.97882456,0.9733993,0.97807574,0.9778157093400044,1.5664104,1.3872615,1400,1390,train
1173,0.9831909,0.97909,0.97324485,0.9782356,0.9775468646452405,1.5663911,1.3940958,1400,1390,train
1174,0.982655,0.97721624,0.9731669,0.9769045,0.977328512954213,1.5663716,1.3910575,1400,1390,train
1175,0.98264927,0.9757508,0.97293055,0.9758029,0.9771185227124889,1.5663519,1.383196,1400,1390,train
1176,0.982656,0.97830683,0.97272575,0.97756714,0.9769309268656061,1.5663321,1.4003186,1400,1390,train
1177,0.9825871,0.9778321,0.9725321,0.9771868,0.9767223593453999,1.5663121,1.401001,1400,1390,train
1178,0.98203784,0.9779591,0.9723862,0.9771823,0.976542972611639,1.5662918,1.379111,1400,1390,train
1179,0.9820649,0.97776175,0.97220826,0.97699445,0.9763559068787384,1.5662714,1.3779085,1400,1390,train
1180,0.98207545,0.97743565,0.9720522,0.9767288,0.9761515726559412,1.5662509,1.3790939,1400,1390,train
1181,0.9820172,0.9775749,0.9718921,0.9767971,0.9759285380708934,1.5662302,1.3849812,1400,1390,train
1182,0.98149776,0.97527325,0.9717641,0.9751739,0.9756952186233172,1.5662092,1.3896788,1400,1390,train
1183,0.98148453,0.9757762,0.9716314,0.9754863,0.975429840645616,1.5661881,1.3889719,1400,1390,train
1184,0.9815705,0.9758713,0.97144014,0.9755252,0.9752210785574016,1.5661668,1.3987929,1400,1390,train
1185,0.9814989,0.97489357,0.97121745,0.9747844,0.9750406074427608,1.5661452,1.3983091,1400,1390,train
1186,0.9809338,0.9735771,0.97102976,0.97381425,0.9748756605238436,1.5661235,1.3964951,1400,1390,train
1187,0.9809387,0.97366893,0.9708742,0.97386503,0.974724313979702,1.5661016,1.4081862,1400,1390,train
1188,0.98091346,0.9729003,0.97067696,0.9732573,0.9745200047063679,1.5660794,1.3998873,1400,1390,train
1189,0.9804424,0.9751075,0.9705697,0.9747425,0.974317933561861,1.566057,1.3913858,1400,1390,train
1190,0.98041826,0.97489935,0.9704313,0.9745587,0.9741169112236482,1.5660344,1.3905896,1400,1390,train
1191,0.9803799,0.9753471,0.9702673,0.9748486,0.9739082763601432,1.5660117,1.3998235,1400,1390,train
1192,0.97988653,0.97295886,0.97013104,0.97311795,0.9736530937063704,1.5659887,1.3861365,1400,1390,train
1193,0.97983944,0.9717633,0.9700202,0.97224045,0.973395476849074,1.5659654,1.3794427,1400,1390,train
1194,0.97985244,0.9718862,0.9697634,0.97225124,0.9731823410012146,1.565942,1.3770813,1400,1390,train
1195,0.9798469,0.97348684,0.969529,0.9733449,0.9729037666734272,1.5659183,1.3948495,1400,1390,train
1196,0.9792451,0.97488636,0.9694187,0.9742698,0.9726874444294913,1.5658944,1.387235,1400,1390,train
1197,0.9793191,0.97099185,0.969201,0.9715092,0.9724690484072643,1.5658703,1.3896348,1400,1390,train
1198,0.9793344,0.9732355,0.96901923,0.97296715,0.9722436954595347,1.5658458,1.3678306,1400,1390,train
1199,0.97931135,0.97347564,0.96890336,0.97312444,0.9720349001283212,1.5658213,1.376536,1400,1390,train
1200,0.97869503,0.9723588,0.96876764,0.97232676,0.9717789873962921,1.5657964,1.3827918,1400,1390,train
1201,0.97875506,0.97141665,0.96858114,0.9715767,0.9714979788528301,1.5657712,1.3644744,1400,1390,train
1202,0.97875315,0.9716974,0.9683879,0.9717312,0.9712964294005112,1.5657458,1.3690045,1400,1390,train
1203,0.9781354,0.96969885,0.9681319,0.97026145,0.9710977516084155,1.5657202,1.3643873,1400,1390,train
1204,0.9782,0.9698536,0.9679864,0.9703274,0.9709014545405076,1.5656943,1.3633265,1400,1390,train
1205,0.9782341,0.9695937,0.9677899,0.97009015,0.9707124227467318,1.5656682,1.3617423,1400,1390,train
1206,0.9776146,0.97077924,0.96769524,0.9708842,0.970536844136701,1.5656418,1.3597174,1400,1390,train
1207,0.9776478,0.97088736,0.9675051,0.97091633,0.9703729542217588,1.565615,1.3629534,1400,1390,train
1208,0.977592,0.9713447,0.9673915,0.9712422,0.9701546839067525,1.565588,1.3785994,1400,1390,train
1209,0.9776701,0.97034544,0.96722424,0.97046584,0.9699490538806791,1.5655608,1.3636577,1400,1390,train
1210,0.97714406,0.9691433,0.96706444,0.96959186,0.9697426004453771,1.5655332,1.365652,1400,1390,train
1211,0.97703135,0.9682889,0.9668738,0.96893626,0.9695223051020881,1.5655054,1.3614285,1400,1390,train
1212,0.97706044,0.9679041,0.9666683,0.96859854,0.9692892592035007,1.5654773,1.3553237,1400,1390,train
1213,0.9764963,0.9677791,0.96650493,0.9685079,0.9690701779404963,1.5654488,1.3716598,1400,1390,train
1214,0.976531,0.9674104,0.9662937,0.9681835,0.9688239107059077,1.56542,1.3670355,1400,1390,train
1215,0.97648734,0.96692866,0.96613055,0.96780133,0.9686226390917793,1.565391,1.3656472,1400,1390,train
1216,0.97654474,0.9671466,0.965956,0.967959,0.9684001758993837,1.5653616,1.3872288,1400,1390,train
1217,0.97597206,0.96844494,0.96585,0.96874845,0.968221875151747,1.5653319,1.3525772,1400,1390,train
1218,0.97595984,0.96710193,0.96565163,0.96773106,0.9680317220294746,1.5653019,1.3402486,1400,1390,train
1219,0.97600657,0.9676067,0.96543807,0.9680138,0.9678070810162877,1.5652715,1.3357638,1400,1390,train
1220,0.97537655,0.9675569,0.9652676,0.96799093,0.9675858659140206,1.5652409,1.3592017,1400,1390,train
1221,0.97538096,0.9670233,0.96505743,0.967532,0.9674107176228207,1.5652097,1.3463535,1400,1390,train
1222,0.975418,0.9665552,0.96487665,0.9671459,0.9672538421440533,1.5651784,1.3414679,1400,1390,train
1223,0.97537947,0.96681505,0.964727,0.9673023,0.9670352369473119,1.5651467,1.3479321,1400,1390,train
1224,0.9748513,0.9665879,0.96458024,0.9670538,0.9668775465702147,1.5651146,1.3270555,1400,1390,train
1225,0.97486883,0.9672406,0.9644332,0.9674573,0.9667196070738111,1.5650821,1.3225901,1400,1390,train
1226,0.9748792,0.96693885,0.96426064,0.96719253,0.9665249734546357,1.5650493,1.3190545,1400,1390,train
1227,0.97426945,0.96564984,0.96408683,0.9662668,0.966326052845403,1.565016,1.3261178,1400,1390,train
1228,0.97429216,0.9652019,0.96387905,0.9658846,0.9661433607398395,1.5649824,1.3200427,1400,1390,train
1229,0.9743006,0.965342,0.9637016,0.965909,0.9659518284644539,1.5649484,1.3096685,1400,1390,train
1230,0.9743187,0.965048,0.9634912,0.965627,0.9657488832084955,1.564914,1.3010697,1400,1390,train
1231,0.9737118,0.9641379,0.96332145,0.96501285,0.9655340097183039,1.5648792,1.3272935,1400,1390,train
1232,0.9737441,0.9638783,0.96311784,0.96478015,0.9653356325510345,1.564844,1.3282878,1400,1390,train
1233,0.9737416,0.96438617,0.96296865,0.96503603,0.9651279766029259,1.5648084,1.3049293,1400,1390,train
1234,0.97321576,0.96442765,0.96282595,0.9649209,0.9649432282957521,1.5647722,1.2618792,1400,1390,train
1235,0.9731931,0.96477616,0.9626335,0.965111,0.9647602529746331,1.5647358,1.2616148,1400,1390,train
1236,0.9731294,0.9645146,0.9624531,0.9649793,0.9645709929648263,1.5646988,1.3017887,1400,1390,train
1237,0.9726835,0.9638411,0.96228987,0.96442175,0.9643683899660853,1.5646614,1.2833271,1400,1390,train
1238,0.9726872,0.9631364,0.96215904,0.96385217,0.9641572851435605,1.5646236,1.2652223,1400,1390,train
1239,0.97263485,0.96343404,0.9618515,0.9639988,0.9639693008181505,1.5645852,1.2742448,1400,1390,train
1240,0.97210777,0.9636302,0.96175295,0.96396106,0.9637821600424498,1.5645465,1.214094,1400,1390,train
1241,0.9721124,0.9648416,0.9615767,0.96478283,0.9635474390993003,1.5645071,1.224874,1400,1390,train
1242,0.9721337,0.9638655,0.96137464,0.96394897,0.9633252905320517,1.5644673,1.1838491,1400,1390,train
1243,0.97151047,0.96210915,0.9611962,0.962734,0.9631280370289158,1.564427,1.206019,1400,1390,train
1244,0.9715549,0.96241534,0.96102417,0.96285653,0.9629219651178835,1.5643861,1.1880137,1400,1390,train
1245,0.97147924,0.9621206,0.96083677,0.9625527,0.9627484662237918,1.5643448,1.1682422,1400,1390,train
1246,0.97156256,0.9615059,0.96059966,0.96198475,0.9625669671575295,1.5643029,1.1369749,1400,1390,train
1247,0.97096306,0.9620433,0.9604308,0.9624654,0.9623615270281902,1.5642605,1.198918,1400,1390,train
1248,0.97099274,0.9613245,0.9602946,0.96187,0.9621433879881308,1.5642174,1.1749326,1400,1390,train
1249,0.97101,0.96045995,0.9602002,0.96115786,0.9619634089138894,1.5641739,1.1401465,1400,1390,train
1250,0.97097135,0.9610154,0.9599703,0.9614214,0.9617809314250096,1.5641297,1.1152595,1400,1390,train
1251,0.97038835,0.96200883,0.9597992,0.9620818,0.9615953871867682,1.564085,1.121522,1400,1390,train
1252,0.97042817,0.9615123,0.95955896,0.9616409,0.961435264817577,1.5640397,1.1088611,1400,1390,train
1253,0.970429,0.9612134,0.9593527,0.96135676,0.9612504136384216,1.5639937,1.1003683,1400,1390,train
1254,0.9698723,0.9595055,0.9593132,0.96009743,0.9610715427375053,1.5639471,1.0756493,1400,1390,train
1255,0.9698965,0.9596781,0.95913464,0.960298,0.960879173935522,1.5638999,1.1278598,1400,1390,train
1256,0.96990126,0.9599581,0.9589633,0.9602921,0.9606918801094477,1.563852,1.0649652,1400,1390,train
1257,0.96985024,0.96015996,0.95878637,0.9605046,0.9604792118102021,1.5638034,1.1135782,1400,1390,train
1258,0.9693064,0.96135455,0.9584807,0.9610641,0.9602514781261337,1.5637542,1.0365682,1400,1390,train
1259,0.9692591,0.96119976,0.9582886,0.96098477,0.9600631803906476,1.5637043,1.0690293,1400,1390,train
1260,0.9693003,0.9607896,0.9580744,0.96049833,0.9598744904909179,1.5636536,1.0106175,1400,1390,train
1261,0.968798,0.9600721,0.95796555,0.96000654,0.9597084481839253,1.5636022,1.025451,1400,1390,train
1262,0.9687322,0.9599222,0.95775646,0.9598308,0.9595573624318746,1.5635501,1.0192207,1400,1390,train
1263,0.9687441,0.9598278,0.95758694,0.9597573,0.9593987080253541,1.5634972,1.0345056,1400,1390,train
1264,0.96825683,0.95857036,0.9574666,0.9587833,0.9592152915523692,1.5634435,1.007253,1400,1390,train
1265,0.968248,0.9579039,0.95728105,0.9582131,0.9590501712549366,1.5633891,0.9841628,1400,1390,train
1266,0.9676374,0.959547,0.95700145,0.9592812,0.9588905721089234,1.5633337,0.9842284,1400,1390,train
1267,0.96765596,0.95935494,0.9568011,0.9589692,0.9587613013652434,1.5632777,0.93356794,1400,1390,train
1268,0.96757394,0.9593382,0.95663923,0.9590063,0.9586303572267979,1.5632207,0.97103804,1400,1390,train
1269,0.9676282,0.95852613,0.9564239,0.95837253,0.9584749107622672,1.5631629,0.9665088,1400,1390,train
1270,0.9670971,0.9573565,0.95628697,0.9574885,0.9583199456266083,1.5631042,0.9528135,1400,1390,train
1271,0.96711504,0.9577019,0.95609367,0.9577148,0.9581781698341247,1.5630445,0.9682289,1400,1390,train
1272,0.96716666,0.95822406,0.95587665,0.95814043,0.9580325422955033,1.562984,1.0172527,1400,1390,train
1273,0.96646935,0.95864797,0.9556944,0.95830536,0.9578952430549915,1.5629225,0.98432106,1400,1390,train
1274,0.96656716,0.9572379,0.95548546,0.9572483,0.9577461131963698,1.56286,0.97610956,1400,1390,train
1275,0.9665646,0.95708007,0.955313,0.957115,0.9575738843487445,1.5627965,0.9853618,1400,1390,train
1276,0.9660231,0.95811325,0.95515484,0.95779824,0.9574206495163877,1.562732,0.98821115,1400,1390,train
1277,0.9659793,0.95710546,0.9549933,0.9569166,0.9572951607764564,1.5626664,0.9324434,1400,1390,train
1278,0.96592987,0.95718724,0.954797,0.95695215,0.9571643964442533,1.5625998,0.9451654,1400,1390,train
1279,0.9655034,0.9562831,0.9546956,0.95638245,0.9570262530869991,1.5625321,0.98030037,1400,1390,train
1280,0.96540135,0.95591855,0.9545161,0.9569131,0.9568731038253594,1.5624632,1.318774,1400,1390,train
1281,0.96543086,0.9555868,0.954261,0.95657057,0.9567143057312639,1.5623932,1.3011255,1400,1390,train
1282,0.9648158,0.9562854,0.9540262,0.9569085,0.9565483344991887,1.5623219,1.2665485,1400,1390,train
1283,0.9648346,0.9569636,0.95381695,0.9573327,0.9563960196944756,1.5622495,1.2700367,1400,1390,train
1284,0.96483946,0.9558135,0.95365036,0.9564101,0.9562654646285924,1.5621759,1.2383285,1400,1390,train
1285,0.96491987,0.9559604,0.95346177,0.95646006,0.956143186336398,1.5621009,1.2376766,1400,1390,train
1286,0.96434695,0.9553959,0.9532936,0.95607436,0.9560145478158869,1.5620246,1.2588558,1400,1390,train
1287,0.9642794,0.9548424,0.9530904,0.95562017,0.9558881546511768,1.561947,1.2528964,1400,1390,train
1288,0.9642891,0.95447606,0.9528666,0.955446,0.9557581358718374,1.561868,1.310142,1400,1390,train
1289,0.9637534,0.9550145,0.9526471,0.9558203,0.9556222385427237,1.5617876,1.3340037,1400,1390,train
1290,0.96378905,0.95469725,0.9524553,0.9554756,0.955462224040807,1.5617057,1.3044889,1400,1390,train
1291,0.96372676,0.95468384,0.95226675,0.9554157,0.9552878348275639,1.5616223,1.3044955,1400,1390,train
1292,0.9632024,0.9548918,0.9521717,0.9555219,0.955150288912739,1.5615374,1.2991868,1400,1390,train
1293,0.96323174,0.95442104,0.9519461,0.95509475,0.9549971084912723,1.5614508,1.2832694,1400,1390,train
1294,0.96315926,0.9541156,0.9517267,0.9548628,0.9548544279918434,1.5613626,1.2992694,1400,1390,train
1295,0.96313107,0.9544196,0.9514997,0.9550736,0.9546985426989333,1.5612729,1.3237976,1400,1390,train
1296,0.9626427,0.9537888,0.95139694,0.954427,0.9545250134037592,1.5611812,1.2504759,1400,1390,train
1297,0.9626132,0.9531729,0.9512125,0.95396173,0.9543434187032894,1.5610878,1.2555894,1400,1390,train
1298,0.96203357,0.95368445,0.9509388,0.9541594,0.9541855030236323,1.5609927,1.2211456,1400,1390,train
1299,0.9620809,0.9536562,0.95079964,0.95402217,0.9540458566772538,1.5608957,1.1885306,1400,1390,train
1300,0.96210265,0.9536506,0.95059586,0.9540738,0.9538739001527452,1.5607966,1.2333378,1400,1390,train
1301,0.96144134,0.95313257,0.95041865,0.9536494,0.953685318901986,1.5606956,1.2266233,1400,1390,train
1302,0.9614882,0.95287275,0.9501775,0.9534106,0.9535260005872889,1.5605927,1.2293158,1400,1390,train
1303,0.9615114,0.95273906,0.949989,0.9532366,0.953325608083955,1.5604874,1.2169238,1400,1390,train
1304,0.96148545,0.9526392,0.9497883,0.9532704,0.9531294681180082,1.56038,1.280815,1400,1390,train
1305,0.96102726,0.95146585,0.94976246,0.9524183,0.9529226073354725,1.5602704,1.2690496,1400,1390,train
1306,0.96097434,0.9519072,0.9495875,0.9525989,0.9527283166782559,1.5601584,1.2367291,1400,1390,train
1307,0.96095616,0.95226824,0.94919735,0.95273364,0.9525276327333341,1.560044,1.2319477,1400,1390,train
1308,0.9603459,0.9520005,0.9490209,0.9524443,0.9523439733149545,1.5599272,1.2093011,1400,1390,train
1309,0.96036845,0.95194364,0.94880927,0.9523249,0.9521771034931428,1.5598078,1.1999502,1400,1390,train
1310,0.9603516,0.9516932,0.94864035,0.9521041,0.9519871265021976,1.5596857,1.1994156,1400,1390,train
1311,0.9598125,0.95141476,0.9485179,0.9519478,0.9518016964914536,1.5595609,1.2279668,1400,1390,train
1312,0.9597711,0.9507372,0.9483475,0.9513953,0.9516126910255714,1.5594332,1.2135462,1400,1390,train
1313,0.95988476,0.9507276,0.94821024,0.95129454,0.9514266651546907,1.5593026,1.1903003,1400,1390,train
1314,0.9592969,0.9512061,0.9478306,0.9514154,0.9512394272502452,1.5591689,1.145529,1400,1390,train
1315,0.95921916,0.9510745,0.94759566,0.95120645,0.9510748319256932,1.5590322,1.1234361,1400,1390,train
1316,0.95925564,0.9507781,0.94739294,0.95093095,0.9509030920267861,1.5588921,1.1173773,1400,1390,train
1317,0.9586763,0.95034754,0.94725525,0.9506048,0.9507390423812785,1.5587487,1.121554,1400,1390,train
1318,0.95869356,0.9506106,0.9470911,0.950804,0.9505869631653785,1.5586019,1.1460488,1400,1390,train
1319,0.9587218,0.95028204,0.9469344,0.9504919,0.9504200989949982,1.5584513,1.1291996,1400,1390,train
1320,0.95819736,0.94985723,0.9468227,0.9502661,0.9502393109519749,1.5582969,1.169709,1400,1390,train
1321,0.9580801,0.9492691,0.9465691,0.949785,0.9500860100413437,1.5581387,1.1680862,1400,1390,train
1322,0.95760536,0.95009613,0.9461939,0.9500649,0.9499213560234501,1.5579765,1.0889757,1400,1390,train
1323,0.95764935,0.94945776,0.9460355,0.9495704,0.9497440903086002,1.5578101,1.0857933,1400,1390,train
1324,0.95705056,0.94888103,0.94591635,0.94901973,0.9495809072235513,1.5576392,1.0380808,1400,1390,train
1325,0.9571105,0.9487967,0.94574845,0.9488762,0.9494097185714153,1.5574638,1.021909,1400,1390,train
1326,0.9570726,0.9492175,0.94545096,0.9490788,0.9492479026656278,1.5572836,1.0176995,1400,1390,train
1327,0.9565458,0.9487196,0.9452232,0.94863564,0.9490741095514853,1.5570985,1.0032274,1400,1390,train
1328,0.9565125,0.94845873,0.94514424,0.9490588,0.9488985182939131,1.5569084,1.2574207,1400,1390,train
1329,0.9559376,0.9483535,0.94485915,0.9488638,0.948739571087625,1.5567127,1.2390347,1400,1390,train
1330,0.95594096,0.948097,0.9445856,0.94852865,0.9485864557332233,1.5565116,1.2051727,1400,1390,train
1331,0.95598024,0.948211,0.9444454,0.94852865,0.9484159471969642,1.5563046,1.1882322,1400,1390,train
1332,0.95544523,0.94786906,0.9443362,0.9483644,0.9482461817064718,1.5560915,1.2300527,1400,1390,train
1333,0.9554868,0.94763696,0.94409597,0.9481089,0.9480790549348946,1.5558721,1.2180527,1400,1390,train
1334,0.95539224,0.94772077,0.9437703,0.94805986,0.9479107553968048,1.555646,1.2099377,1400,1390,train
1335,0.95482445,0.9477658,0.94353753,0.94803005,0.9477433499405373,1.5554129,1.2104616,1400,1390,train
1336,0.9549033,0.94769627,0.943341,0.9480102,0.947568278050317,1.5551726,1.2434771,1400,1390,train
1337,0.95483327,0.94750553,0.94319427,0.94784355,0.9473915251171325,1.5549246,1.2456977,1400,1390,train
1338,0.9542867,0.94698524,0.9430887,0.9472977,0.9471989511571203,1.5546687,1.182487,1400,1390,train
1339,0.95432067,0.94696045,0.94277936,0.94710386,0.9469940497431172,1.5544044,1.144448,1400,1390,train
1340,0.95423216,0.9465067,0.9426136,0.94667304,0.9468009303376241,1.5541312,1.1157722,1400,1390,train
1341,0.9537705,0.94637895,0.94248897,0.9465511,0.9466083325743662,1.5538487,1.1159048,1400,1390,train
1342,0.95372355,0.946112,0.94216585,0.94619346,0.9464040362725925,1.5535567,1.0813181,1400,1390,train
1343,0.95373726,0.9457213,0.94209886,0.9458651,0.9461871275556202,1.5532542,1.0656562,1400,1390,train
1344,0.9531536,0.94547373,0.9417998,0.9459262,0.9459812927373894,1.5529411,1.1929775,1400,1390,train
1345,0.95317715,0.9460333,0.9416166,0.946191,0.9457752116323178,1.5526165,1.1624049,1400,1390,train
1346,0.9531369,0.94542885,0.9413857,0.9455209,0.9455779344865957,1.55228,1.086237,1400,1390,train
1347,0.95259213,0.9450745,0.9413601,0.9452472,0.9453530743056082,1.5519307,1.0779816,1400,1390,train
1348,0.95259255,0.9449485,0.9410673,0.94511986,0.9451342427275936,1.5515679,1.0937902,1400,1390,train
1349,0.95258045,0.94443667,0.94086975,0.94474375,0.9449138391714097,1.551191,1.1071657,1400,1390,train
1350,0.9520618,0.94469905,0.94069576,0.9448308,0.9446725917498457,1.550799,1.0873418,1400,1390,train
1351,0.9520785,0.9442797,0.94051766,0.94456244,0.9444194921237561,1.550391,1.1162704,1400,1390,train
1352,0.95198786,0.9445173,0.94011277,0.9445503,0.9441719870987927,1.549966,1.0883305,1400,1390,train
1353,0.95145476,0.94423455,0.939953,0.94436455,0.9439134062498749,1.549523,1.1101751,1400,1390,train
1354,0.9514701,0.9434049,0.93985623,0.9435501,0.9436590429915452,1.5490606,1.0244467,1400,1390,train
1355,0.95148945,0.94323456,0.9396276,0.9432625,0.9434017526279418,1.5485778,0.9807447,1400,1390,train
1356,0.9509121,0.94286036,0.93951595,0.942799,0.9431349491678108,1.5480729,0.9105085,1400,1390,train
1357,0.9509291,0.942819,0.9392811,0.94270766,0.9428749500431857,1.5475447,0.910697,1400,1390,train
1358,0.9504351,0.94311637,0.9388963,0.9425928,0.9426135893218766,1.5469913,0.8221215,1400,1390,train
1359,0.9503433,0.94274855,0.9387006,0.9421956,0.9423538817090438,1.5464109,0.7861433,1400,1390,train
1360,0.94983715,0.94192827,0.93856984,0.94186586,0.9420874606885361,1.5458015,0.8980651,1400,1390,train
1361,0.94985044,0.9418324,0.9383349,0.9417256,0.9418308898982232,1.5451609,0.8937975,1400,1390,train
1362,0.94981414,0.94176435,0.93810886,0.94144917,0.9415797023622446,1.5444866,0.825543,1400,1390,train
1363,0.9492671,0.9416419,0.9379754,0.9412168,0.9413312300973692,1.5437759,0.7804268,1400,1390,train
1364,0.9493706,0.9417133,0.93777937,0.94131947,0.9410686075637269,1.5430257,0.8232206,1400,1390,train
1365,0.9487137,0.94126,0.9374362,0.9408719,0.9408086150787911,1.5422326,0.8069719,1400,1390,train
1366,0.9487372,0.94088745,0.9371536,0.9404645,0.9405334087570284,1.541393,0.777665,1400,1390,train
1367,0.9487604,0.9407907,0.936987,0.9403926,0.9402915310429087,1.5405025,0.7939247,1400,1390,train
1368,0.94817144,0.940672,0.93684906,0.9403077,0.940034902404404,1.5395565,0.8079914,1400,1390,train
1369,0.9481949,0.9403718,0.93670195,0.9399712,0.9397679481512317,1.5385494,0.7722781,1400,1390,train
1370,0.94820046,0.9401873,0.93649924,0.9394999,0.9395030836491369,1.5374753,0.6554161,1400,1390,train
1371,0.94758576,0.93933976,0.93631154,0.9387175,0.9392352110005664,1.5363272,0.5977838,1400,1390,train
1372,0.94765174,0.93984675,0.93590593,0.93886995,0.9389490164952382,1.5350972,0.5607542,1400,1390,train
1373,0.94755244,0.9397178,0.93568623,0.9387082,0.9386569204685381,1.5337762,0.5554307,1400,1390,train
1374,0.947069,0.9388881,0.9356044,0.93801165,0.9383556098532131,1.5323538,0.51609224,1400,1390,train
1375,0.9470955,0.93870544,0.9354608,0.93781024,0.9380694242206048,1.5308176,0.50161797,1400,1390,train
1376,0.9470571,0.93859375,0.9352004,0.93769896,0.9377872216509339,1.5291537,0.51635,1400,1390,train
1377,0.94651127,0.9384176,0.93495476,0.93739367,0.9375006642591787,1.5273454,0.46905205,1400,1390,train
1378,0.9464475,0.9381775,0.93475,0.9370055,0.9372014172357972,1.5253731,0.40182018,1400,1390,train
1379,0.94591707,0.9384012,0.9345025,0.937016,0.9369004151594621,1.5232133,0.36992317,1400,1390,train
1380,0.9459341,0.9380702,0.934277,0.936739,0.9365744184628279,1.5208379,0.37557682,1400,1390,train
1381,0.94592667,0.93793917,0.9341079,0.9365395,0.9362422582241587,1.5182133,0.3500792,1400,1390,train
1382,0.9453838,0.93740225,0.9339242,0.93612117,0.9359006493457916,1.5152978,0.35197073,1400,1390,train
1383,0.9454221,0.93691224,0.933757,0.93582433,0.9355633766327652,1.5120405,0.38802338,1400,1390,train
1384,0.94535905,0.93684137,0.9335333,0.93531,0.9352269680824566,1.5083776,0.224112,1400,1390,train
1385,0.9447836,0.93708074,0.93309456,0.93530285,0.9348764846018484,1.5042281,0.20146202,1400,1390,train
1386,0.9447169,0.9366979,0.9329109,0.9347936,0.9345144530071938,1.4994888,0.12312327,1400,1390,train
1387,0.944246,0.93620014,0.9328927,0.9344598,0.9341336078015987,1.4940244,0.13025631,1400,1390,train
1388,0.94428235,0.9360156,0.9326563,0.9340861,0.9337534578152162,1.487655,0.056644738,1400,1390,train
1389,0.94370884,0.93579054,0.93244946,0.9338839,0.9333804757879096,1.4801364,0.060676154,1400,1390,train
1390,0.9437299,0.9355316,0.9321174,0.933432,0.9330122142367768,1.4711276,-0.01318866,1400,1390,train
1391,0.9431869,0.93553114,0.93186784,0.9333378,0.9326410239278732,1.4601392,-0.024066932,1400,1390,train
1392,0.9431578,0.93514836,0.93161905,0.93179667,0.9322594729170948,1.4464413,-0.51323617,1400,1390,train
1393,0.94317377,0.93512386,0.93135273,0.9315386,0.9318943980604061,1.4288993,-0.5819799,1400,1390,train
1394,0.9426612,0.9345924,0.9313617,0.9311411,0.9315409563943517,1.4056476,-0.59410006,1400,1390,train
1395,0.9426317,0.9341948,0.9311084,0.9307192,0.9311903869744547,1.3734008,-0.62535644,1400,1390,train
1396,0.94205123,0.9344777,0.93072546,0.9307877,0.9308385249374681,1.3258177,-0.63574016,1400,1390,train
1397,0.94208276,0.9342125,0.9305124,0.93049663,0.930503678340991,1.2490457,-0.65572095,1400,1390,train
1398,0.9420938,0.9338877,0.93023646,0.93014103,0.9301311413146259,1.1071488,-0.6781995,1400,1390,train
1399,0.94153076,0.9338357,0.9300742,0.93007994,0.9297653223294072,0.7853982,-0.67061716,1400,1390,train
1400,0.9415405,0.9335835,0.92994344,0.9288894,0.9294040659934084,-0.0,-1.0684143,1400,1390,train
1401,0.94097674,0.9331122,0.929781,0.9284758,0.9290439835444876,-0.7853982,-1.0854602,1400,1390,train
1402,0.94092673,0.9327395,0.929549,0.92801106,0.9286716522350844,-1.1071488,-1.1435907,1400,1390,train
1403,0.9409266,0.9331409,0.92922,0.92815274,0.9282977464080129,-1.2490457,-1.1636794,1400,1390,train
1404,0.9403923,0.93293726,0.92901653,0.92784023,0.9279557023356791,-1.3258177,-1.2109424,1400,1390,train
1405,0.94040745,0.9327938,0.9288251,0.9276676,0.9276166940135391,-1.3734008,-1.2196106,1400,1390,train
1406,0.94040996,0.93253374,0.9285337,0.92735016,0.9273106709698619,-1.4056476,-1.2432815,1400,1390,train
1407,0.9398498,0.9318756,0.9284187,0.92694604,0.9269881293067052,-1.4288993,-1.2086809,1400,1390,train
1408,0.93981016,0.9317124,0.92821455,0.926424,0.926712172199172,-1.4464413,-1.3526324,1400,1390,train
1409,0.9393512,0.9312632,0.92796826,0.9260092,0.9263764234581997,-1.4601392,-1.3673083,1400,1390,train
1410,0.9392556,0.9311577,0.92772305,0.92583776,0.9260775379806168,-1.4711276,-1.3803982,1400,1390,train
1411,0.93928427,0.9309747,0.92752296,0.9256694,0.9257981674260942,-1.4801364,-1.3751938,1400,1390,train
1412,0.9387643,0.93165237,0.92722476,0.92603403,0.9255321044776315,-1.487655,-1.3862189,1400,1390,train
1413,0.9387045,0.93119746,0.92703,0.92568266,0.9253074332172709,-1.4940244,-1.3790202,1400,1390,train
1414,0.9381789,0.9304699,0.92693627,0.9251399,0.9250654780950126,-1.4994888,-1.3835063,1400,1390,train
1415,0.9381855,0.9304368,0.9266566,0.9250653,0.9247797715798464,-1.5042281,-1.3739414,1400,1390,train
1416,0.9381707,0.9302043,0.92643607,0.9247526,0.9245297684453622,-1.5083776,-1.411274,1400,1390,train
1417,0.93765414,0.9304254,0.92608994,0.92474,0.9243122537170078,-1.5120405,-1.441249,1400,1390,train
1418,0.93708307,0.92964464,0.9259425,0.92417085,0.9240813120585476,-1.5152978,-1.4355279,1400,1390,train
1419,0.9370941,0.9291148,0.92574245,0.92376655,0.9238072738860266,-1.5182133,-1.4280777,1400,1390,train
1420,0.9370487,0.92882645,0.9254715,0.92341965,0.9235115419462935,-1.5208379,-1.457964,1400,1390,train
1421,0.93660957,0.9284742,0.9250136,0.9230576,0.9232333240664055,-1.5232133,-1.4554496,1400,1390,train
1422,0.9365079,0.9263295,0.9250393,0.9215888,0.9229740361999332,-1.5253731,-1.4483345,1400,1390,train
1423,0.9359957,0.9283992,0.92475677,0.9229688,0.9227548174421673,-1.5273454,-1.442256,1400,1390,train
1424,0.9361009,0.92819643,0.92446584,0.9227668,0.9225759099338549,-1.5291537,-1.4352047,1400,1390,train
1425,0.93538135,0.9271997,0.92438805,0.92205167,0.922362765826211,-1.5308176,-1.4352989,1400,1390,train
1426,0.9354372,0.92715824,0.9241152,0.92189586,0.9220839766859785,-1.5323538,-1.4571766,1400,1390,train
1427,0.9350166,0.92797565,0.92377746,0.9224115,0.9218573275961026,-1.5337762,-1.4419966,1400,1390,train
1428,0.9348858,0.9281485,0.92358285,0.922508,0.9215786006526671,-1.5350972,-1.4304142,1400,1390,train
1429,0.93492806,0.9266225,0.92333484,0.92132974,0.9213214493809687,-1.5363272,-1.4504647,1400,1390,train
1430,0.93435353,0.92687017,0.9232304,0.92151237,0.9211223157467957,-1.5374753,-1.4348767,1400,1390,train
1431,0.93434334,0.9254151,0.92296124,0.92039454,0.9208834661076699,-1.5385494,-1.4480902,1400,1390,train
1432,0.93380696,0.92647934,0.9227046,0.9210659,0.9206177544025516,-1.5395565,-1.4483782,1400,1390,train
1433,0.93376005,0.9240937,0.9224881,0.919336,0.9204236165324431,-1.5405025,-1.4527404,1400,1390,train
1434,0.93379146,0.92720616,0.9223134,0.9214244,0.9201762714513575,-1.541393,-1.4656974,1400,1390,train
1435,0.9332433,0.92547035,0.9220668,0.92013043,0.9199402504791838,-1.5422326,-1.4735188,1400,1390,train
1436,0.93328005,0.9251989,0.9217483,0.9198419,0.9197108065688405,-1.5430257,-1.4792049,1400,1390,train
1437,0.9326198,0.9242982,0.9217111,0.91924274,0.9194349521577788,-1.5437759,-1.4637489,1400,1390,train
1438,0.93267584,0.9222326,0.92136663,0.9176947,0.9191584682750096,-1.5444866,-1.4707769,1400,1390,train
1439,0.9326936,0.922766,0.9210991,0.9180353,0.9189083632081986,-1.5451609,-1.454005,1400,1390,train
1440,0.9320937,0.92522484,0.9208238,0.91970766,0.9186472361275385,-1.5458015,-1.4400804,1400,1390,train
1441,0.9321573,0.9236372,0.92070085,0.91853255,0.9184181612613331,-1.5464109,-1.4550087,1400,1390,train
1442,0.9316003,0.92258364,0.9203582,0.91768736,0.9181799999128137,-1.5469913,-1.4629712,1400,1390,train
1443,0.93148124,0.92124355,0.920198,0.9167346,0.917925855777732,-1.5475447,-1.4534657,1400,1390,train
1444,0.93108237,0.92318267,0.92006344,0.9180442,0.9176351256531182,-1.5480729,-1.4552482,1400,1390,train
1445,0.9309916,0.9243057,0.9197479,0.91872346,0.9173459038679926,-1.5485778,-1.4625723,1400,1390,train
1446,0.93050504,0.9234127,0.919482,0.9180678,0.9170768503470348,-1.5490606,-1.447267,1400,1390,train
1447,0.9304958,0.92315555,0.9194049,0.91782963,0.9168489796555834,-1.549523,-1.462936,1400,1390,train
1448,0.9304218,0.92128634,0.91891617,0.91643375,0.916568156907315,-1.549966,-1.4478807,1400,1390,train
1449,0.9298781,0.9188324,0.9187726,0.914704,0.9162826016361166,-1.550391,-1.440716,1400,1390,train
1450,0.929878,0.92057365,0.9186075,0.9158104,0.9160533967572881,-1.550799,-1.4658811,1400,1390,train
1451,0.9294121,0.9224784,0.918346,0.91706955,0.915786227219143,-1.551191,-1.4646251,1400,1390,train
1452,0.92940086,0.91956395,0.91820216,0.91496766,0.9155194908214942,-1.5515679,-1.4784285,1400,1390,train
1453,0.9288339,0.9216093,0.9178789,0.91628546,0.9152877764101254,-1.5519307,-1.486429,1400,1390,train
1454,0.9288052,0.9210869,0.91763175,0.9158608,0.9150710171685171,-1.55228,-1.4842153,1400,1390,train
1455,0.9282609,0.91777813,0.91748124,0.9135585,0.914796203810245,-1.5526165,-1.4670025,1400,1390,train
1456,0.92827356,0.91941845,0.91723174,0.91464996,0.91452463245646,-1.5529411,-1.4603927,1400,1390,train
1457,0.9276776,0.92068225,0.9169096,0.9153926,0.9142377893231509,-1.5532542,-1.4811234,1400,1390,train
1458,0.9276892,0.91658616,0.91675454,0.91252816,0.9140403712602163,-1.5535567,-1.4690964,1400,1390,train
1459,0.92783743,0.9183691,0.9163378,0.9136186,0.9137947374463166,-1.5538487,-1.4850397,1400,1390,train
1460,0.9271122,0.916945,0.9162988,0.91264904,0.9135854712088429,-1.5541312,-1.471786,1400,1390,train
1461,0.9272141,0.9160737,0.9159542,0.9119673,0.9133808723664802,-1.5544044,-1.4646119,1400,1390,train
1462,0.9266255,0.9179747,0.91572744,0.9132114,0.91315204318093,-1.5546687,-1.4722669,1400,1390,train
1463,0.92661357,0.91875875,0.91551524,0.91372466,0.9129651343272275,-1.5549246,-1.4623778,1400,1390,train
1464,0.92663896,0.91716695,0.91530573,0.9126477,0.9127448959937311,-1.5551726,-1.4265952,1400,1390,train
1465,0.9260244,0.91713995,0.915024,0.9125431,0.9124811441647752,-1.5554129,-1.430706,1400,1390,train
1466,0.92605346,0.91563153,0.91467416,0.9113578,0.9122666456509694,-1.555646,-1.4473879,1400,1390,train
1467,0.92545384,0.91547084,0.91465473,0.9112706,0.9120381383175395,-1.5558721,-1.4351943,1400,1390,train
1468,0.9254209,0.91636544,0.9143984,0.91183543,0.9117764911823376,-1.5560915,-1.430842,1400,1390,train
1469,0.9250429,0.9178008,0.91410977,0.9127259,0.9115387680222604,-1.5563046,-1.4436722,1400,1390,train
1470,0.9249729,0.91759825,0.9139342,0.9125539,0.9112834720482431,-1.5565116,-1.4370794,1400,1390,train
1471,0.9248974,0.91651976,0.9134981,0.9117216,0.9110345781171945,-1.5567127,-1.422463,1400,1390,train
1472,0.9244018,0.9138562,0.91337174,0.9099257,0.910812609314336,-1.5569084,-1.3846409,1400,1390,train
1473,0.92433614,0.91400695,0.9131086,0.90996075,0.9106136377895679,-1.5570985,-1.3843076,1400,1390,train
1474,0.9238519,0.9161855,0.91287804,0.91144013,0.9104212005777235,-1.5572836,-1.3744607,1400,1390,train
1475,0.9238313,0.9134091,0.9126532,0.90941936,0.9101333578714569,-1.5574638,-1.3854349,1400,1390,train
1476,0.92331064,0.9143355,0.9123035,0.90994644,0.9098915663720419,-1.5576392,-1.3952461,1400,1390,train
1477,0.92324877,0.91413474,0.91210026,0.9097748,0.9096172766946249,-1.5578101,-1.385977,1400,1390,train
1478,0.92271256,0.913268,0.9119739,0.9091537,0.9093675962223091,-1.5579765,-1.3793015,1400,1390,train
1479,0.9226963,0.91297185,0.9117255,0.9088658,0.9091569581923534,-1.5581387,-1.385375,1400,1390,train
1480,0.92212635,0.9144337,0.91157275,0.90984213,0.9089488414919299,-1.5582969,-1.385637,1400,1390,train
1481,0.92221856,0.915099,0.9112677,0.9102272,0.9086821596118274,-1.5584513,-1.384165,1400,1390,train
1482,0.92214906,0.9148445,0.91103,0.9099439,0.9083726571103906,-1.5586019,-1.401351,1400,1390,train
1483,0.9215677,0.9116783,0.91076493,0.9076923,0.9081785013152811,-1.5587487,-1.391315,1400,1390,train
1484,0.9216686,0.9114711,0.910396,0.9074571,0.9079499524534169,-1.5588921,-1.3880007,1400,1390,train
1485,0.92101675,0.9128214,0.9101651,0.90836763,0.9076968845946899,-1.5590322,-1.3748868,1400,1390,train
1486,0.9210733,0.9111493,0.90995187,0.9071138,0.9074587643331294,-1.5591689,-1.3879384,1400,1390,train
1487,0.92049265,0.91215914,0.9096457,0.90772647,0.9071732078954626,-1.5593026,-1.3913518,1400,1390,train
1488,0.9199585,0.90924454,0.90948594,0.9056511,0.9068946058289488,-1.5594332,-1.3924304,1400,1390,train
1489,0.91999227,0.9081229,0.9092443,0.9047817,0.9066512204679318,-1.5595609,-1.4019343,1400,1390,train
1490,0.9194138,0.9103327,0.90876406,0.9061785,0.9064406662292889,-1.5596857,-1.4072862,1400,1390,train
1491,0.91949517,0.9104361,0.9085267,0.90619063,0.9061959335027726,-1.5598078,-1.4056998,1400,1390,train
1492,0.91944116,0.9096657,0.9083202,0.9055931,0.9059349233079158,-1.5599272,-1.4079652,1400,1390,train
1493,0.9187895,0.91003335,0.9082539,0.9058409,0.905671617015883,-1.560044,-1.4040616,1400,1390,train
1494,0.91836536,0.9071492,0.90806973,0.90378666,0.9054293743483651,-1.5601584,-1.4024885,1400,1390,train
1495,0.91829675,0.9097679,0.90768933,0.90550137,0.9052186306747153,-1.5602704,-1.4052906,1400,1390,train
1496,0.91831857,0.9110025,0.9074192,0.9063114,0.9050571492510393,-1.56038,-1.3960199,1400,1390,train
1497,0.9177664,0.90946984,0.90719754,0.90515506,0.9048471596047001,-1.5604874,-1.4079726,1400,1390,train
1498,0.9177709,0.90851253,0.9067503,0.9043711,0.9045150682281686,-1.5605927,-1.4068091,1400,1390,train
1499,0.9171981,0.90611434,0.90673864,0.9026892,0.904232082632837,-1.5606956,-1.4102668,1400,1390,train
1500,0.9171827,0.90791094,0.90657574,0.9038776,0.9039873137282493,-1.5607966,-1.4180493,1400,1390,train
1501,0.9171864,0.9069755,0.9063267,0.90318125,0.9037450097320356,-1.5608957,-1.4090548,1400,1390,train
1502,0.91671354,0.9108989,0.90607226,0.90581596,0.9035162425637213,-1.5609927,-1.421041,1400,1390,train
1503,0.9166573,0.9072614,0.9055798,0.90315694,0.9032740269436894,-1.5610878,-1.41832,1400,1390,train
1504,0.91605806,0.9073743,0.90556544,0.90318537,0.9030890698130215,-1.5611812,-1.4372091,1400,1390,train
1505,0.9160575,0.90704525,0.9052998,0.90286785,0.902867493517327,-1.5612729,-1.4441245,1400,1390,train
1506,0.91611516,0.9066546,0.90496963,0.90250844,0.9027245992652652,-1.5613626,-1.4435663,1400,1390,train
1507,0.9154765,0.9105818,0.90484875,0.9052044,0.9025478258959327,-1.5614508,-1.4463071,1400,1390,train
1508,0.91556287,0.9066444,0.90472305,0.9024396,0.9023409556965947,-1.5615374,-1.4417381,1400,1390,train
1509,0.914965,0.90410364,0.9044344,0.90057874,0.9021424555749162,-1.5616223,-1.4473219,1400,1390,train
1510,0.9148578,0.9066987,0.9039437,0.90223664,0.9018894729817886,-1.5617057,-1.4545255,1400,1390,train
1511,0.9144838,0.9043454,0.9038241,0.9005989,0.9016571568090869,-1.5617876,-1.4409189,1400,1390,train
1512,0.914376,0.9052967,0.90364593,0.90119046,0.9014317433413589,-1.561868,-1.45033,1400,1390,train
1513,0.9138759,0.9068091,0.90335834,0.9021557,0.9012097463272465,-1.561947,-1.4547541,1400,1390,train
1514,0.91387767,0.90632254,0.90309477,0.90174365,0.9009463604183454,-1.5620246,-1.4557185,1400,1390,train
1515,0.91323024,0.903399,0.90283364,0.89961,0.900666518861707,-1.5621009,-1.4668348,1400,1390,train
1516,0.91330314,0.9049624,0.90233934,0.9005898,0.900421334601216,-1.5621759,-1.4571778,1400,1390,train
1517,0.91270655,0.9039348,0.9023373,0.89987403,0.900143776360554,-1.5622495,-1.456969,1400,1390,train
1518,0.9128155,0.90369105,0.9021896,0.899655,0.8999327143665906,-1.5623219,-1.4608822,1400,1390,train
1519,0.9122538,0.9034371,0.90183705,0.89938474,0.8997219780967747,-1.5623932,-1.4603257,1400,1390,train
1520,0.9116607,0.9034399,0.9014633,0.8992888,0.8994507789935656,-1.5624632,-1.459322,1400,1390,train
1521,0.91178757,0.9009898,0.90119207,0.8975196,0.8991937405074805,-1.5625321,-1.4551446,1400,1390,train
1522,0.91173315,0.90223145,0.90099275,0.8983243,0.8989198913311909,-1.5625998,-1.4578407,1400,1390,train
1523,0.9111333,0.9059286,0.9007477,0.9008273,0.8986852842145653,-1.5626664,-1.4604055,1400,1390,train
1524,0.91110474,0.9039304,0.90056425,0.8993615,0.8984091419423252,-1.562732,-1.4704719,1400,1390,train
1525,0.91110754,0.9047357,0.9002039,0.8998419,0.8981243397412314,-1.5627965,-1.4638014,1400,1390,train
1526,0.9104589,0.9021145,0.89997923,0.89792895,0.8978284506522844,-1.56286,-1.4747791,1400,1390,train
1527,0.9104902,0.9022175,0.8997202,0.8979454,0.8976128196272763,-1.5629225,-1.4689449,1400,1390,train
1528,0.90999025,0.9027735,0.8997082,0.8983446,0.8974557245729847,-1.562984,-1.4627855,1400,1390,train
1529,0.9099225,0.89911234,0.89945215,0.89568895,0.8971585889140979,-1.5630445,-1.4777462,1400,1390,train
1530,0.9099235,0.90018773,0.8991651,0.8963671,0.8969430807678946,-1.5631042,-1.4752228,1400,1390,train
1531,0.90939957,0.89758325,0.8987736,0.89444584,0.8966144507216103,-1.5631629,-1.4759935,1400,1390,train
1532,0.9093793,0.89984405,0.89851046,0.8959569,0.8963832132000527,-1.5632207,-1.4731613,1400,1390,train
1533,0.90882456,0.90150124,0.8983744,0.89704514,0.8961919661140385,-1.5632777,-1.4851556,1400,1390,train
1534,0.90883183,0.8980476,0.898121,0.89457846,0.8959061946357634,-1.5633337,-1.482312,1400,1390,train
1535,0.9083219,0.9002452,0.89771897,0.8960134,0.8956898475706219,-1.5633891,-1.4773502,1400,1390,train
1536,0.9082441,0.90087694,0.89747447,0.8963787,0.8954319043262885,-1.5634435,-1.4810019,1400,1390,train
1537,0.90768707,0.8989439,0.89735866,0.89500564,0.8951338300707694,-1.5634972,-1.4791753,1400,1390,train
1538,0.90771174,0.899958,0.8968602,0.8955681,0.8948833427438958,-1.5635501,-1.4832484,1400,1390,train
1539,0.90713894,0.8990045,0.8967869,0.89489985,0.8946586888820054,-1.5636022,-1.476892,1400,1390,train
1540,0.9072029,0.898145,0.8966223,0.8942596,0.8944684161872722,-1.5636536,-1.4758205,1400,1390,train
1541,0.9071064,0.89818746,0.89632565,0.8942201,0.8942056123366489,-1.5637043,-1.471453,1400,1390,train
1542,0.9066083,0.90008086,0.89592457,0.8954083,0.8939331112157491,-1.5637542,-1.4808146,1400,1390,train
1543,0.9065545,0.89597744,0.8956945,0.89249474,0.893743298109563,-1.5638034,-1.4781338,1400,1390,train
1544,0.90606034,0.8959311,0.8957388,0.892444,0.8934490351315592,-1.563852,-1.4905055,1400,1390,train
1545,0.906073,0.8955518,0.8952271,0.8920309,0.8932513045009979,-1.5638999,-1.4951395,1400,1390,train
1546,0.90549403,0.897026,0.89481324,0.8929674,0.8930040668916136,-1.5639471,-1.4866657,1400,1390,train
1547,0.9053955,0.8995265,0.8946733,0.89464724,0.8926612881683051,-1.5639937,-1.4965668,1400,1390,train
1548,0.9049337,0.89646375,0.89452994,0.8924691,0.8923531991146926,-1.5640397,-1.4991039,1400,1390,train
1549,0.9044082,0.89758134,0.8943053,0.8931614,0.8920816312643627,-1.564085,-1.5096073,1400,1390,train
1550,0.90438086,0.8954474,0.894032,0.8916024,0.8919038033252481,-1.5641297,-1.5092647,1400,1390,train
1551,0.9038099,0.8976159,0.8936269,0.89301866,0.8917329676324071,-1.5641739,-1.5033345,1400,1390,train
1552,0.9038502,0.89250433,0.89323485,0.88936937,0.8915118745921471,-1.5642174,-1.4965069,1400,1390,train
1553,0.90328944,0.8931444,0.8930953,0.8897641,0.8913165922626358,-1.5642605,-1.5021058,1400,1390,train
1554,0.90326405,0.89641136,0.89284086,0.89196545,0.891082073230575,-1.5643029,-1.5045323,1400,1390,train
1555,0.9027842,0.8923674,0.89269066,0.88911116,0.890763563007742,-1.5643448,-1.5032706,1400,1390,train
1556,0.90272665,0.8975987,0.89224887,0.89265406,0.8904976115245146,-1.5643861,-1.4961517,1400,1390,train
1557,0.9021899,0.8924825,0.8920717,0.88902915,0.8901676123332535,-1.564427,-1.5016129,1400,1390,train
1558,0.902243,0.8947212,0.891813,0.8905278,0.8898616447859301,-1.5644673,-1.4980872,1400,1390,train
1559,0.90212095,0.8962387,0.8913612,0.8914658,0.889499649450352,-1.5645071,-1.4971361,1400,1390,train
1560,0.9016171,0.88994783,0.8914194,0.88704604,0.8891977424254075,-1.5645465,-1.5187521,1400,1390,train
1561,0.9010848,0.89408934,0.89107084,0.88982916,0.8889283488546118,-1.5645852,-1.522136,1400,1390,train
1562,0.9010613,0.89387596,0.89073795,0.8896155,0.8887064265336286,-1.5646236,-1.5121717,1400,1390,train
1563,0.90047014,0.8923094,0.8907334,0.8885134,0.8884382607963739,-1.5646614,-1.5160975,1400,1390,train
1564,0.900496,0.89273024,0.8902224,0.88867974,0.8881388610763392,-1.5646988,-1.5118077,1400,1390,train
1565,0.90051687,0.8906385,0.8902084,0.88720924,0.8879092702638827,-1.5647358,-1.5157087,1400,1390,train
1566,0.89991623,0.8909949,0.8899315,0.88737285,0.8876115683574954,-1.5647722,-1.5199072,1400,1390,train
1567,0.89990884,0.8930287,0.88937235,0.8886431,0.8873336024698822,-1.5648084,-1.5183954,1400,1390,train
1568,0.89937484,0.88784707,0.88920075,0.8849712,0.8870605691531787,-1.564844,-1.5249486,1400,1390,train
1569,0.89933217,0.8924719,0.88889074,0.88810456,0.8866608610304015,-1.5648792,-1.527054,1400,1390,train
1570,0.8988868,0.88705707,0.88900256,0.88436055,0.886411945082262,-1.564914,-1.5278242,1400,1390,train
1571,0.89883035,0.88897055,0.8885272,0.8855685,0.8861127572166488,-1.5649484,-1.5267551,1400,1390,train
1572,0.8982045,0.89092433,0.88811105,0.8868264,0.8858070536881057,-1.5649824,-1.523217,1400,1390,train
1573,0.8982638,0.8903069,0.88779885,0.8863073,0.8855326297088639,-1.565016,-1.5252833,1400,1390,train
1574,0.89767003,0.8926487,0.8878254,0.88795006,0.8851495589355779,-1.5650493,-1.523541,1400,1390,train
1575,0.8977335,0.8865475,0.88755906,0.88362384,0.8849960065848541,-1.5650821,-1.5252974,1400,1390,train
1576,0.89718616,0.8869605,0.8872333,0.8838004,0.8846961161258963,-1.5651146,-1.5349385,1400,1390,train
1577,0.89715064,0.88665575,0.8868623,0.8834927,0.884406898578669,-1.5651467,-1.5331624,1400,1390,train
1578,0.8965746,0.8851371,0.88647383,0.8823183,0.8839879890968163,-1.5651784,-1.5380597,1400,1390,train
1579,0.8965444,0.88753605,0.8862145,0.8839334,0.8836331875959313,-1.5652097,-1.5325443,1400,1390,train
1580,0.8966912,0.8878468,0.8860525,0.8840708,0.8834552442790516,-1.5652409,-1.5470335,1400,1390,train
1581,0.89604086,0.8858657,0.8859984,0.88269126,0.8831779763175597,-1.5652715,-1.5408732,1400,1390,train
1582,0.8959892,0.8858049,0.88546073,0.8824905,0.8830445281116943,-1.5653019,-1.5465484,1400,1390,train
1583,0.8955415,0.8863837,0.8850561,0.8828012,0.8826901884404875,-1.5653319,-1.5399451,1400,1390,train
1584,0.8948852,0.89115274,0.885071,0.8861098,0.8823811037453477,-1.5653616,-1.547177,1400,1390,train
1585,0.8949781,0.88505733,0.8848124,0.8817799,0.8822411334933776,-1.565391,-1.552853,1400,1390,train
1586,0.89440584,0.8852701,0.88445073,0.8818679,0.8819594346476914,-1.56542,-1.5378143,1400,1390,train
1587,0.89440846,0.88353205,0.8841383,0.8805433,0.8816777789221837,-1.5654488,-1.5499446,1400,1390,train
1588,0.89386046,0.8836827,0.8837212,0.88054824,0.8814342777959292,-1.5654773,-1.5450356,1400,1390,train
1589,0.89331275,0.8860012,0.8837705,0.88217115,0.8811709066703948,-1.5655054,-1.5473437,1400,1390,train
1590,0.89334893,0.881701,0.8834675,0.879091,0.880952453685628,-1.5655332,-1.5484673,1400,1390,train
1591,0.8927623,0.883975,0.88294953,0.8805443,0.8806526009195301,-1.5655608,-1.5451274,1400,1390,train
1592,0.8928009,0.8829725,0.8825656,0.87972367,0.8804243932739724,-1.565588,-1.5528438,1400,1390,train
1593,0.8921795,0.8846334,0.8826028,0.88088936,0.8801830091190914,-1.565615,-1.5534599,1400,1390,train
1594,0.89215827,0.8872534,0.8822845,0.8826386,0.8798616154700954,-1.5656418,-1.5496238,1400,1390,train
1595,0.8916755,0.87958324,0.88218415,0.87728614,0.8796689675986498,-1.5656682,-1.5421654,1400,1390,train
1596,0.8917171,0.88080204,0.8817006,0.8779983,0.8793913199543959,-1.5656943,-1.5450418,1400,1390,train
1597,0.8915937,0.8822361,0.8813676,0.8788942,0.8790880738048353,-1.5657202,-1.5506384,1400,1390,train
1598,0.8910685,0.8836254,0.88114804,0.87979275,0.8788179114355127,-1.5657458,-1.5548378,1400,1390,train
1599,0.89108366,0.8867979,0.88083553,0.88193524,0.8785969366959386,-1.5657712,-1.5482299,1400,1390,train
1600,0.8905491,0.87679404,0.8808282,0.87495714,0.8784409524962296,-1.5657964,-1.5508497,1400,1390,train
1601,0.8905039,0.881518,0.8804799,0.87814164,0.8782103223131817,-1.5658213,-1.5562127,1400,1390,train
1602,0.8899923,0.8837266,0.87990177,0.87951905,0.8779061183391612,-1.5658458,-1.5586324,1400,1390,train
1603,0.8899335,0.8855462,0.87969506,0.8807226,0.8776171500624496,-1.5658703,-1.5621521,1400,1390,train
1604,0.8899228,0.8833857,0.87932056,0.8791146,0.8773180431543333,-1.5658944,-1.5630016,1400,1390,train
1605,0.8894355,0.8778919,0.8793465,0.87529975,0.8771078531548968,-1.5659183,-1.5606443,1400,1390,train
1606,0.8887811,0.8782972,0.8789488,0.87549317,0.8768797945094752,-1.565942,-1.5533412,1400,1390,train
1607,0.8888828,0.8761467,0.8786516,0.8738817,0.8765694520009364,-1.5659654,-1.5669022,1400,1390,train
1608,0.8883087,0.88192695,0.8783476,0.87781847,0.8762811899141804,-1.5659887,-1.5704851,1400,1390,train
1609,0.8882949,0.88254327,0.87803334,0.87816113,0.8760140847707607,-1.5660117,-1.5714202,1400,1390,train
1610,0.8878085,0.8760959,0.87812907,0.8736761,0.8759159669133056,-1.5660344,-1.5790137,1400,1390,train
1611,0.88768774,0.87629414,0.87772316,0.8737233,0.8756588622517405,-1.566057,-1.571605,1400,1390,train
1612,0.8871761,0.8803562,0.87713075,0.87637806,0.8753873151993804,-1.5660794,-1.5782487,1400,1390,train
1613,0.8871837,0.8788398,0.8767906,0.8752489,0.8751220915060254,-1.5661016,-1.5705793,1400,1390,train
1614,0.88667774,0.87853456,0.8768789,0.87504804,0.8748388164901739,-1.5661235,-1.575449,1400,1390,train
1615,0.8866987,0.87683827,0.8765447,0.8737904,0.8746424417427616,-1.5661452,-1.5697293,1400,1390,train
1616,0.8860311,0.8788991,0.8764204,0.8751731,0.8743703366581327,-1.5661668,-1.5777729,1400,1390,train
1617,0.8861045,0.8757508,0.8760822,0.872882,0.8740445358309826,-1.5661881,-1.5804472,1400,1390,train
1618,0.8854901,0.8786617,0.8755926,0.87478375,0.8738176946761457,-1.5662092,-1.5783569,1400,1390,train
1619,0.8855778,0.8776101,0.8753245,0.8739864,0.873549132118224,-1.5662302,-1.5753529,1400,1390,train
1620,0.88501894,0.875862,0.8752713,0.87275726,0.8733598415075232,-1.5662509,-1.5740823,1400,1390,train
1621,0.88481843,0.87446964,0.87498784,0.8717272,0.8730398975519265,-1.5662714,-1.567434,1400,1390,train
1622,0.884431,0.8773976,0.8743322,0.87356514,0.8727578436246212,-1.5662918,-1.5780206,1400,1390,train
1623,0.8838311,0.8780635,0.87432945,0.8740233,0.8724346826842044,-1.5663121,-1.5800774,1400,1390,train
1624,0.8838744,0.87556225,0.8740749,0.8721956,0.8721896488130811,-1.5663321,-1.5867937,1400,1390,train
1625,0.8839071,0.8754307,0.87368464,0.8720164,0.872027030953523,-1.5663519,-1.5797644,1400,1390,train
1626,0.8832634,0.8729643,0.87358433,0.8702689,0.8716799085800352,-1.5663716,-1.5805912,1400,1390,train
1627,0.88332707,0.87662864,0.873332,0.87275684,0.8714552182511565,-1.5663911,-1.5795319,1400,1390,train
1628,0.8827682,0.8758068,0.8727406,0.8719932,0.8712370374139964,-1.5664104,-1.5926151,1400,1390,train
1629,0.882734,0.87445277,0.8724767,0.87099296,0.8710765034664236,-1.5664295,-1.5868415,1400,1390,train
1630,0.88215965,0.87203705,0.8723501,0.86929315,0.8708374579348622,-1.5664486,-1.5797486,1400,1390,train
1631,0.88165253,0.8729298,0.8723119,0.86991024,0.8705088888095494,-1.5664674,-1.577589,1400,1390,train
1632,0.88162965,0.87544817,0.8714509,0.8713837,0.8702295785077099,-1.566486,-1.5978938,1400,1390,train
1633,0.8816514,0.8739696,0.871833,0.87049013,0.8698954109375958,-1.5665045,-1.5840743,1400,1390,train
1634,0.881104,0.8736843,0.8712357,0.87011826,0.8695661350606945,-1.5665228,-1.5891677,1400,1390,train
1635,0.8810376,0.87067515,0.87086254,0.86793923,0.8692665193914484,-1.5665411,-1.5818431,1400,1390,train
1636,0.88053703,0.87245834,0.8708066,0.86917746,0.8690490110908209,-1.5665591,-1.5774536,1400,1390,train
1637,0.8805457,0.87345,0.87056834,0.8698019,0.868738483134059,-1.566577,-1.5784883,1400,1390,train
1638,0.8799447,0.87127674,0.87024546,0.8681849,0.8684379510445808,-1.5665947,-1.5849488,1400,1390,train
1639,0.87993324,0.8720479,0.86958647,0.8685681,0.8681688773129377,-1.5666122,-1.5756061,1400,1390,train
1640,0.8793851,0.870016,0.869653,0.8671661,0.8678316402703526,-1.5666296,-1.5772645,1400,1390,train
1641,0.8794049,0.86892885,0.8693393,0.86632216,0.8675681553682474,-1.5666469,-1.5781419,1400,1390,train
1642,0.8788208,0.87359166,0.8688309,0.8694251,0.8672419056033248,-1.5666641,-1.5819876,1400,1390,train
1643,0.87887734,0.86732507,0.8690709,0.86511266,0.8668701308546041,-1.5666811,-1.5862107,1400,1390,train
1644,0.8782244,0.87104535,0.8683793,0.86750984,0.8666498657814399,-1.566698,-1.5899861,1400,1390,train
1645,0.8783042,0.87039375,0.867998,0.8669611,0.8664087001139194,-1.5667148,-1.5868015,1400,1390,train
1646,0.8776361,0.8690343,0.86805916,0.8660454,0.8661171589117003,-1.5667313,-1.5806327,1400,1390,train
1647,0.8777402,0.8675448,0.86771375,0.86491835,0.8657613045947858,-1.5667478,-1.5791335,1400,1390,train
1648,0.87727726,0.8707125,0.86730856,0.86700183,0.8654672451911678,-1.5667641,-1.5852253,1400,1390,train
1649,0.87708694,0.86842966,0.8670343,0.8653594,0.8652047610608904,-1.5667803,-1.5762458,1400,1390,train
1650,0.8772516,0.8681334,0.8666194,0.8650311,0.8649851085051395,-1.5667963,-1.5804617,1400,1390,train
1651,0.8765795,0.8669448,0.86648375,0.8641623,0.864709236748261,-1.5668123,-1.5821373,1400,1390,train
1652,0.8766145,0.86466813,0.8662944,0.86252713,0.8643544688319451,-1.5668281,-1.581265,1400,1390,train
1653,0.8760429,0.86612546,0.8661461,0.86351365,0.8640679553839163,-1.5668437,-1.5768306,1400,1390,train
1654,0.8760306,0.8655565,0.86576086,0.8630175,0.8638975432014566,-1.5668594,-1.5752633,1400,1390,train
1655,0.87546283,0.86777884,0.86556053,0.8645158,0.8636921612834804,-1.5668747,-1.5738397,1400,1390,train
1656,0.87552685,0.8669251,0.8652848,0.86384237,0.8633702490299274,-1.5668901,-1.5756414,1400,1390,train
1657,0.8749682,0.8643929,0.86492157,0.8619605,0.8630894651571887,-1.5669053,-1.5836316,1400,1390,train
1658,0.8748963,0.8638829,0.8645587,0.86153996,0.8628316072176067,-1.5669204,-1.5704645,1400,1390,train
1659,0.8744892,0.86949414,0.8640387,0.865292,0.8625727477312516,-1.5669353,-1.5779254,1400,1390,train
1660,0.8743118,0.86984503,0.8639011,0.8655145,0.8623459863876941,-1.5669502,-1.57182,1400,1390,train
1661,0.8738441,0.8592534,0.8638878,0.85812366,0.8619560296018133,-1.566965,-1.5744997,1400,1390,train
1662,0.87331283,0.86263514,0.8635123,0.86037946,0.8616042912536788,-1.5669795,-1.5744412,1400,1390,train
1663,0.8732404,0.86587024,0.8631771,0.86255366,0.8613830061525075,-1.5669941,-1.5704124,1400,1390,train
1664,0.87273973,0.86324394,0.86253977,0.8604824,0.8610916054246749,-1.5670085,-1.5988214,1400,1390,train
1665,0.87269664,0.86651766,0.86233157,0.86271226,0.8609110033861074,-1.5670228,-1.5969808,1400,1390,train
1666,0.87213886,0.8610637,0.8621539,0.8588733,0.8606145877325366,-1.567037,-1.593147,1400,1390,train
1667,0.87155235,0.86627734,0.86180043,0.86239403,0.8602871209212054,-1.567051,-1.600235,1400,1390,train
1668,0.87163997,0.8658246,0.86141795,0.86196905,0.8600775831315098,-1.567065,-1.6029545,1400,1390,train
1669,0.8710582,0.8612963,0.86112434,0.8587529,0.8598212557807203,-1.5670788,-1.5954894,1400,1390,train
1670,0.8710911,0.8611096,0.86097795,0.8585763,0.8595899028962487,-1.5670927,-1.5984161,1400,1390,train
1671,0.8705485,0.86166835,0.8608102,0.8589006,0.8593490905795462,-1.5671064,-1.6065375,1400,1390,train
1672,0.870456,0.86324406,0.8605469,0.8599121,0.8590385725634171,-1.5671198,-1.6129601,1400,1390,train
1673,0.8699808,0.86337715,0.85977477,0.85977554,0.858809323657157,-1.5671333,-1.6218225,1400,1390,train
1674,0.8699684,0.8631135,0.8596805,0.85958076,0.8586612791609234,-1.5671467,-1.6160231,1400,1390,train
1675,0.86946917,0.85857594,0.859505,0.85636175,0.8584146104910976,-1.56716,-1.6199669,1400,1390,train
1676,0.8693515,0.86085474,0.8592774,0.85790753,0.8580984724653526,-1.5671731,-1.6122956,1400,1390,train
1677,0.86885154,0.8623652,0.8587999,0.85881263,0.8578224143354461,-1.5671862,-1.6200728,1400,1390,train
1678,0.86885935,0.86311734,0.85849136,0.85926205,0.8574961060418921,-1.5671992,-1.6167344,1400,1390,train
1679,0.8682886,0.85664284,0.85830265,0.8547102,0.8572356251631206,-1.5672121,-1.6123147,1400,1390,train
1680,0.8683601,0.85653156,0.8579249,0.85453635,0.8569413255034657,-1.5672249,-1.6101975,1400,1390,train
1681,0.8677005,0.8592806,0.8579412,0.8564585,0.8567190309656588,-1.5672376,-1.6093893,1400,1390,train
1682,0.86777693,0.8579865,0.85746944,0.8554385,0.856446466824414,-1.5672503,-1.6058812,1400,1390,train
1683,0.8671409,0.85911465,0.8573051,0.8561796,0.8560901101740964,-1.5672628,-1.6062505,1400,1390,train
1684,0.8671852,0.8583109,0.85695547,0.85554814,0.8556827471983453,-1.5672752,-1.5970442,1400,1390,train
1685,0.86662567,0.8564265,0.8565375,0.8541053,0.8555332074556913,-1.5672876,-1.6040525,1400,1390,train
1686,0.86604345,0.86148125,0.85612965,0.85753775,0.8553572168352535,-1.5672998,-1.5961568,1400,1390,train
1687,0.8660749,0.8622048,0.85576445,0.85792726,0.8548928934379146,-1.567312,-1.6028869,1400,1390,train
1688,0.8655014,0.8573773,0.8558444,0.85455585,0.8545566009687622,-1.5673242,-1.6145499,1400,1390,train
1689,0.86559576,0.8590112,0.8552175,0.8555207,0.8542284884199698,-1.5673361,-1.616683,1400,1390,train
1690,0.86493915,0.85406744,0.8552114,0.85209394,0.8539633846365953,-1.5673481,-1.6084883,1400,1390,train
1691,0.8649922,0.8576335,0.8548129,0.85448235,0.8537305061302727,-1.5673599,-1.6042793,1400,1390,train
1692,0.8643836,0.8580663,0.85449576,0.8546895,0.8533611061059883,-1.5673717,-1.6080623,1400,1390,train
1693,0.8644275,0.8573583,0.85410726,0.8540672,0.8530751403540223,-1.5673834,-1.6179767,1400,1390,train
1694,0.863881,0.8534437,0.8539025,0.8512739,0.8528587363506425,-1.567395,-1.622109,1400,1390,train
1695,0.8638527,0.8553786,0.85344744,0.85252786,0.8525703942041922,-1.5674065,-1.6108153,1400,1390,train
1696,0.86331373,0.8552152,0.85348016,0.85240895,0.8522121231119262,-1.567418,-1.61644,1400,1390,train
1697,0.8633276,0.8579327,0.85276747,0.8540842,0.8518656398686122,-1.5674293,-1.6274339,1400,1390,train
1698,0.8627905,0.85231984,0.8524673,0.8501008,0.8516395831516186,-1.5674406,-1.6237705,1400,1390,train
1699,0.8621724,0.85073847,0.8526028,0.84904444,0.8514258699059553,-1.5674518,-1.6199768,1400,1390,train
1700,0.86220306,0.8531248,0.8520943,0.85058075,0.8512088061337414,-1.567463,-1.6159511,1400,1390,train
1701,0.8616346,0.8563105,0.8518605,0.85272425,0.8508737020731185,-1.5674741,-1.6215895,1400,1390,train
1702,0.86169827,0.85335064,0.85146433,0.85059565,0.8505858633792872,-1.5674851,-1.605048,1400,1390,train
1703,0.86160785,0.8531668,0.8511946,0.85039103,0.850310107217536,-1.5674961,-1.6066797,1400,1390,train
1704,0.8611119,0.8509334,0.85084677,0.8487231,0.8501069044960818,-1.5675069,-1.6139417,1400,1390,train
1705,0.8610648,0.8513877,0.85061276,0.84896994,0.8497394681349321,-1.5675176,-1.6167579,1400,1390,train
1706,0.8606103,0.8496607,0.8505337,0.84773624,0.8493305615340242,-1.5675284,-1.6203554,1400,1390,train
1707,0.8605456,0.8510934,0.850126,0.8486504,0.8490516447330065,-1.567539,-1.6100945,1400,1390,train
1708,0.85994714,0.85249174,0.8498705,0.8495339,0.8487587089692207,-1.5675496,-1.6191776,1400,1390,train
1709,0.85997146,0.8545196,0.8495106,0.85085404,0.8484989398521815,-1.5675601,-1.617738,1400,1390,train
1710,0.8594185,0.8475567,0.84926534,0.84594345,0.8482092487592893,-1.5675706,-1.6144664,1400,1390,train
1711,0.85941786,0.8496516,0.8488487,0.8473234,0.8479363253970823,-1.5675809,-1.601465,1400,1390,train
1712,0.8588434,0.8533615,0.8484444,0.8497728,0.8477261505387835,-1.5675912,-1.6126683,1400,1390,train
1713,0.85836524,0.8499034,0.84830844,0.84732914,0.8475637657690419,-1.5676014,-1.6114533,1400,1390,train
1714,0.85829157,0.8528496,0.8481196,0.8493558,0.8472781688789535,-1.5676116,-1.6016673,1400,1390,train
1715,0.8578416,0.84699416,0.84784687,0.8451812,0.847060333933424,-1.5676217,-1.6099296,1400,1390,train
1716,0.857674,0.84848607,0.84763634,0.84617186,0.8467350101108418,-1.5676317,-1.6068993,1400,1390,train
1717,0.8572591,0.849868,0.8469701,0.8469517,0.8465062748921508,-1.5676417,-1.6086186,1400,1390,train
1718,0.85716283,0.8512296,0.8467991,0.84786767,0.846284105732145,-1.5676516,-1.6033523,1400,1390,train
1719,0.85667205,0.8479526,0.84682137,0.8455887,0.8460723223746858,-1.5676615,-1.6037734,1400,1390,train
1720,0.8566835,0.84702015,0.84607095,0.8447784,0.8457776667842118,-1.5676713,-1.586997,1400,1390,train
1721,0.856059,0.8501458,0.8456713,0.8468371,0.8455185347695277,-1.5676811,-1.5920193,1400,1390,train
1722,0.85608804,0.8504224,0.8453265,0.84694546,0.8452815518187007,-1.5676907,-1.588654,1400,1390,train
1723,0.855573,0.8461452,0.845387,0.844007,0.8450724898468535,-1.5677004,-1.5779479,1400,1390,train
1724,0.8555942,0.8455061,0.8449557,0.8434466,0.8448104420783611,-1.5677099,-1.5775414,1400,1390,train
1725,0.8549097,0.8454454,0.84496486,0.84339225,0.844493655995719,-1.5677195,-1.583442,1400,1390,train
1726,0.8549798,0.84658587,0.84433895,0.8440472,0.844226099030758,-1.5677289,-1.5719469,1400,1390,train
1727,0.8544756,0.8464384,0.843986,0.843843,0.8440367664744476,-1.5677382,-1.574613,1400,1390,train
1728,0.8544663,0.84760946,0.8436494,0.8445905,0.8438042087077807,-1.5677476,-1.5657699,1400,1390,train
1729,0.85385627,0.84545875,0.8433339,0.8429926,0.8435547705868247,-1.5677568,-1.5715033,1400,1390,train
1730,0.8533466,0.8472388,0.8427753,0.8440877,0.8432978697548108,-1.5677661,-1.5696261,1400,1390,train
1731,0.8532728,0.8489665,0.8425896,0.84524214,0.8430402468275583,-1.5677751,-1.5695636,1400,1390,train
1732,0.8528217,0.8455414,0.8424497,0.8428018,0.8427644269069686,-1.5677843,-1.5758698,1400,1390,train
1733,0.8527802,0.8447291,0.84214556,0.84219146,0.8424946535197532,-1.5677934,-1.560602,1400,1390,train
1734,0.8522078,0.8441412,0.8418704,0.8417118,0.8422416884196011,-1.5678023,-1.558957,1400,1390,train
1735,0.8521985,0.8448412,0.84163016,0.84211016,0.8420268127895341,-1.5678113,-1.5690851,1400,1390,train
1736,0.8516612,0.8416648,0.841297,0.83983207,0.8416711506698886,-1.5678202,-1.5587878,1400,1390,train
1737,0.85169053,0.8436528,0.8407663,0.84107476,0.8413515796318073,-1.567829,-1.5589075,1400,1390,train
1738,0.8510718,0.8427404,0.8404302,0.84033,0.8411100002608803,-1.5678377,-1.5664049,1400,1390,train
1739,0.85104644,0.8443718,0.8404848,0.8415011,0.8408098737108798,-1.5678465,-1.5585523,1400,1390,train
1740,0.85056484,0.8430394,0.83989435,0.8404132,0.8405548943533767,-1.5678551,-1.5587634,1400,1390,train
1741,0.850579,0.84356797,0.8394134,0.84066236,0.8402002493941704,-1.5678638,-1.554699,1400,1390,train
1742,0.84998703,0.84225863,0.8393958,0.83973444,0.8398962733027112,-1.5678724,-1.5590198,1400,1390,train
1743,0.8499889,0.8427089,0.8390352,0.8399739,0.8396298764621213,-1.5678809,-1.5498357,1400,1390,train
1744,0.84944594,0.8417962,0.8387819,0.83928275,0.8392775299384279,-1.5678893,-1.5445479,1400,1390,train
1745,0.84947354,0.8418311,0.838719,0.83929175,0.8389372649032037,-1.5678978,-1.5439045,1400,1390,train
1746,0.8488398,0.8420603,0.838037,0.839279,0.838687160704494,-1.5679061,-1.5395186,1400,1390,train
1747,0.8484001,0.8409164,0.8379883,0.8384796,0.8384205755224611,-1.5679145,-1.5350535,1400,1390,train
1748,0.84826976,0.8425549,0.8377065,0.839566,0.8381828876075504,-1.5679228,-1.526895,1400,1390,train
1749,0.8478086,0.8395767,0.8379306,0.83752644,0.8378966468444597,-1.567931,-1.5366455,1400,1390,train
1750,0.84774536,0.8406204,0.83663815,0.8379153,0.8375595186452565,-1.5679392,-1.5330485,1400,1390,train
1751,0.84776896,0.8401805,0.83626264,0.8375058,0.8371868533694719,-1.5679474,-1.5338634,1400,1390,train
1752,0.84726346,0.83960176,0.8362537,0.8371022,0.8368587689252773,-1.5679554,-1.53296,1400,1390,train
1753,0.8472009,0.8389297,0.83600223,0.8365696,0.836574731310463,-1.5679635,-1.5315783,1400,1390,train
1754,0.8466926,0.8394529,0.8359781,0.8369314,0.8362828253681581,-1.5679715,-1.5301149,1400,1390,train
1755,0.84607655,0.83741343,0.8352465,0.8353076,0.8359172122524601,-1.5679795,-1.5323908,1400,1390,train
1756,0.8461215,0.8373239,0.8349256,0.835161,0.83568256481032,-1.5679873,-1.5315529,1400,1390,train
1757,0.8456193,0.83568573,0.834831,0.834008,0.8354599870799087,-1.5679952,-1.5257826,1400,1390,train
1758,0.84555733,0.8359615,0.83458567,0.83415765,0.8351611485337771,-1.568003,-1.5162964,1400,1390,train
1759,0.84495455,0.8363794,0.8338559,0.83421993,0.834868579182825,-1.5680108,-1.5296092,1400,1390,train
1760,0.84500325,0.8367419,0.83346534,0.8343499,0.8345376516109805,-1.5680186,-1.5368199,1400,1390,train
1761,0.8444653,0.83631504,0.8335061,0.8340681,0.8342519754455938,-1.5680263,-1.5348524,1400,1390,train
1762,0.84452647,0.836052,0.8331135,0.83377576,0.8339004176070931,-1.5680339,-1.5362749,1400,1390,train
1763,0.84442025,0.8358649,0.83278203,0.83356273,0.8336384776586224,-1.5680416,-1.5336378,1400,1390,train
1764,0.84387267,0.835174,0.8328979,0.8331443,0.8332744577875404,-1.5680491,-1.5206616,1400,1390,train
1765,0.8438587,0.83611107,0.8327875,0.8337727,0.8329893677657706,-1.5680566,-1.5186687,1400,1390,train
1766,0.8433611,0.8353012,0.83202785,0.83299994,0.8326924061077862,-1.5680641,-1.5203205,1400,1390,train
1767,0.8432495,0.833953,0.8314289,0.8318994,0.8324087001021148,-1.5680715,-1.5202773,1400,1390,train
1768,0.8427273,0.832862,0.83133143,0.83113134,0.832067747996756,-1.568079,-1.5127172,1400,1390,train
1769,0.84218884,0.8390333,0.8309198,0.8353034,0.8318178156307211,-1.5680863,-1.5203633,1400,1390,train
1770,0.842205,0.8360443,0.8305531,0.83311766,0.8314954527571972,-1.5680937,-1.5218984,1400,1390,train
1771,0.8416586,0.83008355,0.8303737,0.8289258,0.8312144367828996,-1.5681009,-1.5173473,1400,1390,train
1772,0.84162235,0.8336315,0.82988787,0.8312786,0.830955893786151,-1.5681082,-1.513159,1400,1390,train
1773,0.84111124,0.83261395,0.83009034,0.83064353,0.8306830545392762,-1.5681154,-1.5051324,1400,1390,train
1774,0.8411385,0.8306943,0.8298982,0.829233,0.8304476461641708,-1.5681225,-1.513588,1400,1390,train
1775,0.8404791,0.8321717,0.82892525,0.8299864,0.8301406082092866,-1.5681297,-1.5196111,1400,1390,train
1776,0.8406011,0.8336843,0.8284515,0.8309356,0.8298041836578399,-1.5681368,-1.5106301,1400,1390,train
1777,0.83995205,0.8323866,0.8285202,0.8300401,0.8295688872907018,-1.5681438,-1.5144228,1400,1390,train
1778,0.83999836,0.82980675,0.8282773,0.82818615,0.8293393262123886,-1.5681509,-1.5105331,1400,1390,train
1779,0.83942866,0.83111095,0.8283825,0.8291261,0.8290445143192003,-1.5681578,-1.5094906,1400,1390,train
1780,0.83940285,0.83301425,0.82743824,0.83018124,0.8287216237969388,-1.5681647,-1.5167003,1400,1390,train
1781,0.8388878,0.8282939,0.82712215,0.8268208,0.8283705980327353,-1.5681716,-1.51068,1400,1390,train
1782,0.8388824,0.82941186,0.82729,0.8276517,0.8280584372132842,-1.5681785,-1.5080364,1400,1390,train
1783,0.83834404,0.8300428,0.82693505,0.8280045,0.8276968172051123,-1.5681853,-1.5046303,1400,1390,train
1784,0.83832306,0.829018,0.8264701,0.8271589,0.8273835395313273,-1.5681921,-1.5071704,1400,1390,train
1785,0.8377516,0.83041346,0.82587594,0.82795995,0.8270304688481246,-1.5681989,-1.5120158,1400,1390,train
1786,0.83777636,0.82887053,0.8257664,0.8268771,0.8267095061281953,-1.5682057,-1.5030575,1400,1390,train
1787,0.8372519,0.82881117,0.8252776,0.82669073,0.8264129426787586,-1.5682124,-1.5085756,1400,1390,train
1788,0.837191,0.82584834,0.8248932,0.8245282,0.8261152316687876,-1.5682191,-1.5061194,1400,1390,train
1789,0.8365952,0.82965887,0.82454884,0.8270852,0.8257561155808771,-1.5682256,-1.5088072,1400,1390,train
1790,0.8366433,0.8277473,0.82431793,0.82568365,0.8254135785946424,-1.5682322,-1.5116414,1400,1390,train
1791,0.8367179,0.82665133,0.82465667,0.82502663,0.825155751376112,-1.5682387,-1.5052044,1400,1390,train
1792,0.836012,0.8266171,0.8240988,0.82480574,0.8248345072159813,-1.5682453,-1.5242712,1400,1390,train
1793,0.8360502,0.82841635,0.8236631,0.82594025,0.824515166836224,-1.5682518,-1.5253251,1400,1390,train
1794,0.83552474,0.8243604,0.82357025,0.82309127,0.8242034023527611,-1.5682583,-1.5239835,1400,1390,train
1795,0.8349893,0.82719266,0.8227489,0.82482374,0.824003946335886,-1.5682647,-1.5325289,1400,1390,train
1796,0.83493215,0.8253499,0.82248384,0.82348555,0.8237343004393455,-1.568271,-1.5254023,1400,1390,train
1797,0.8344241,0.824334,0.8220797,0.82267565,0.8233632030563904,-1.5682775,-1.52263,1400,1390,train
1798,0.834404,0.8238561,0.8217526,0.8222517,0.8230724734839594,-1.5682838,-1.5238181,1400,1390,train
1799,0.83390677,0.8234924,0.82190293,0.82205325,0.822756320562791,-1.5682901,-1.5178561,1400,1390,train
1800,0.833314,0.8244237,0.8213174,0.8224868,0.8224105398196665,-1.5682963,-1.5414107,1400,1390,train
1801,0.8333099,0.8268422,0.82090795,0.82406914,0.8221637556424682,-1.5683025,-1.5388193,1400,1390,train
1802,0.8328104,0.8214928,0.8208597,0.82032543,0.821869531900465,-1.5683087,-1.5395099,1400,1390,train
1803,0.8328375,0.8203499,0.8204421,0.81941557,0.8216573418033073,-1.5683149,-1.5398817,1400,1390,train
1804,0.8321343,0.82259953,0.8200236,0.82087934,0.8213467963022667,-1.5683211,-1.536616,1400,1390,train
1805,0.83221763,0.8249886,0.81945854,0.82237124,0.8210895142511007,-1.5683272,-1.5453699,1400,1390,train
1806,0.8316933,0.8243666,0.8195402,0.8219749,0.820854559682153,-1.5683333,-1.539202,1400,1390,train
1807,0.8317291,0.82245284,0.8192097,0.820536,0.8205858580012745,-1.5683393,-1.545644,1400,1390,train
1808,0.831091,0.82334733,0.8183985,0.820969,0.8202661788232025,-1.5683453,-1.5345323,1400,1390,train
1809,0.83115715,0.82081926,0.8185959,0.8192702,0.8199622464095044,-1.5683514,-1.5303037,1400,1390,train
1810,0.8305582,0.8228984,0.8180973,0.8205645,0.8196741624548927,-1.5683573,-1.5388,1400,1390,train
1811,0.8306105,0.82178533,0.81762296,0.81965214,0.8194804570245893,-1.5683632,-1.5424311,1400,1390,train
1812,0.82995766,0.8201212,0.8175225,0.81848353,0.819186851045057,-1.5683692,-1.5349815,1400,1390,train
1813,0.83002293,0.8196703,0.81719774,0.8180791,0.8189235547922127,-1.568375,-1.5361271,1400,1390,train
1814,0.82945734,0.82273126,0.81650865,0.8200158,0.8186265760962292,-1.5683808,-1.540935,1400,1390,train
1815,0.82951856,0.8217566,0.8163002,0.8192638,0.818429836657334,-1.5683867,-1.5476127,1400,1390,train
1816,0.82885545,0.81850284,0.81673694,0.8170922,0.8181948084051162,-1.5683925,-1.5560474,1400,1390,train
1817,0.8289085,0.8209362,0.815935,0.81858367,0.8179418779574459,-1.5683982,-1.5516944,1400,1390,train
1818,0.828365,0.81942225,0.8157829,0.8175025,0.8176668285634846,-1.568404,-1.5455849,1400,1390,train
1819,0.8283688,0.81776786,0.8154896,0.8162623,0.8174767618098262,-1.5684097,-1.5488505,1400,1390,train
1820,0.8277445,0.8187088,0.8150461,0.8167926,0.8172034871219204,-1.5684154,-1.5514272,1400,1390,train
1821,0.82775503,0.8201351,0.81443006,0.8176148,0.817022210049174,-1.568421,-1.5540878,1400,1390,train
1822,0.82728386,0.81914485,0.81481683,0.81700563,0.8168039484664793,-1.5684266,-1.5633087,1400,1390,train
1823,0.82724446,0.8187607,0.8142489,0.81659484,0.8165429690601779,-1.5684322,-1.5594018,1400,1390,train
1824,0.8266305,0.81971776,0.81355125,0.8170658,0.8162238758893652,-1.5684378,-1.5629468,1400,1390,train
1825,0.8266949,0.819606,0.81298894,0.8168308,0.8159779030935401,-1.5684434,-1.5653453,1400,1390,train
1826,0.8260753,0.81556624,0.8134404,0.8141489,0.8157360718990982,-1.5684489,-1.5601046,1400,1390,train
1827,0.82563955,0.8196857,0.8131024,0.8169192,0.8155577071766106,-1.5684544,-1.5644172,1400,1390,train
1828,0.8255019,0.81499314,0.8125751,0.8135099,0.8152697991035611,-1.5684599,-1.5629056,1400,1390,train
1829,0.8250302,0.8172754,0.81186897,0.8149135,0.8150226912219332,-1.5684654,-1.561932,1400,1390,train
1830,0.8249944,0.81600296,0.8118723,0.81404006,0.8147643459807297,-1.5684707,-1.5567964,1400,1390,train
1831,0.8244847,0.81690323,0.8116997,0.81461084,0.8144809391238197,-1.5684762,-1.5610205,1400,1390,train
1832,0.824485,0.8138529,0.8113666,0.8123987,0.8141952536379351,-1.5684816,-1.5594698,1400,1390,train
1833,0.823905,0.8177825,0.81039363,0.8148478,0.8139072895230915,-1.5684868,-1.5711188,1400,1390,train
1834,0.8239129,0.81815255,0.81010634,0.8150304,0.813617046779289,-1.5684922,-1.5703716,1400,1390,train
1835,0.82337725,0.8165904,0.81027055,0.81397736,0.8133245254065278,-1.5684975,-1.5736716,1400,1390,train
1836,0.8233781,0.8134079,0.80992705,0.8116802,0.8130297254048077,-1.5685028,-1.5680876,1400,1390,train
1837,0.82274944,0.81702626,0.80992895,0.81419826,0.8127326467741286,-1.568508,-1.5700836,1400,1390,train
1838,0.8222861,0.81617165,0.80903774,0.81333786,0.8124332895144908,-1.5685133,-1.5802548,1400,1390,train
1839,0.82222545,0.81489646,0.8086392,0.8123618,0.812131653625894,-1.5685184,-1.5721463,1400,1390,train
1840,0.8217313,0.81370246,0.80865055,0.8115238,0.8118277391083384,-1.5685236,-1.5756524,1400,1390,train
1841,0.8216801,0.813871,0.8084368,0.8115746,0.8115215459618239,-1.5685288,-1.5794077,1400,1390,train
1842,0.82112896,0.81415224,0.80775154,0.81159306,0.8112130741863505,-1.5685339,-1.5767049,1400,1390,train
1843,0.82112974,0.81544316,0.80701953,0.8122763,0.8109023237819183,-1.568539,-1.5848031,1400,1390,train
1844,0.8205723,0.8132748,0.8071465,0.8107949,0.8105892947485271,-1.568544,-1.5863764,1400,1390,train
1845,0.820576,0.8135072,0.80669457,0.81083393,0.8102739870861773,-1.5685492,-1.5869842,1400,1390,train
1846,0.8200689,0.81125563,0.80702966,0.8093653,0.8099564007948684,-1.5685542,-1.5825518,1400,1390,train
1847,0.8200357,0.8110995,0.8067539,0.809191,0.8096365358746007,-1.5685592,-1.5790584,1400,1390,train
1848,0.8194633,0.8122029,0.80571246,0.80966836,0.8093143923253742,-1.5685642,-1.5838675,1400,1390,train
1849,0.8194707,0.8146644,0.8051909,0.81123185,0.8089899701471887,-1.5685692,-1.5888878,1400,1390,train
1850,0.8189282,0.8105787,0.8054905,0.80848384,0.8086632693400444,-1.5685741,-1.5808532,1400,1390,train
1851,0.8189075,0.8108293,0.8051533,0.8085709,0.8083342899039412,-1.5685791,-1.5796385,1400,1390,train
1852,0.8172378,0.810655,0.8036188,0.80805993,0.8080030318388792,-1.568584,-1.5703478,1400,1390,train
1853,0.8167144,0.81091785,0.80258745,0.80793154,0.8076694951448583,-1.5685889,-1.5842775,1400,1390,train
1854,0.81447303,0.80725896,0.80054617,0.8048731,0.8073336798218785,-1.5685937,-1.567686,1400,1390,train
1855,0.8139026,0.80943346,0.7989213,0.80591977,0.8069955858699398,-1.5685985,-1.580904,1400,1390,train
