cycle_index,true_soh,pred_soh_deepopinn,pred_soh_lax,pred_soh_fusion_raw,pred_soh_fusion_post,true_kpd,pred_kpd,true_knee_cycle,pred_knee_cycle,split
0,1.0658706,1.0668178,1.0731287,1.0678277,1.0663211986042151,1.5697963,1.4913176,1000,985,valid
1,1.0658628,1.0669106,1.0731351,1.0678134,1.0663278429923246,1.5697954,1.4773986,1000,985,valid
2,1.0658745,1.066892,1.0721014,1.0672704,1.0663338036584333,1.5697943,1.4629481,1000,985,valid
3,1.065333,1.0631676,1.0710483,1.0651605,1.0663390806025415,1.5697933,1.4780844,1000,985,valid
4,1.0653008,1.0629556,1.0708497,1.0648739,1.0663436738246488,1.5697923,1.4551325,1000,985,valid
5,1.0647812,1.0670484,1.0716707,1.0670577,1.0663475833247553,1.5697913,1.4430319,1000,985,valid
6,1.0648003,1.0655963,1.0721195,1.0667508,1.0663508091028613,1.5697902,1.4771721,1000,985,valid
7,1.0647618,1.0648222,1.072438,1.0665203,1.0663533511589665,1.5697893,1.4716812,1000,985,valid
8,1.0647455,1.0649972,1.0720401,1.0667847,1.066355209493071,1.5697882,1.5592632,1000,985,valid
9,1.064234,1.0632949,1.0703604,1.0652997,1.0663563841051749,1.5697873,1.5732232,1000,985,valid
10,1.0641953,1.0636215,1.0704358,1.065429,1.0663568749952779,1.5697862,1.5598531,1000,985,valid
11,1.063666,1.064795,1.0727565,1.0671235,1.0663566821633803,1.5697852,1.5851957,1000,985,valid
12,1.0636687,1.0637019,1.0722969,1.0665133,1.066355805609482,1.5697842,1.6098723,1000,985,valid
13,1.0636624,1.0647076,1.0728215,1.067205,1.0663542453335828,1.5697832,1.6084708,1000,985,valid
14,1.0637008,1.0635226,1.0724783,1.066482,1.066352001335683,1.5697821,1.601495,1000,985,valid
15,1.0630581,1.063551,1.0713321,1.06602,1.0663490736157826,1.5697811,1.6138625,1000,985,valid
16,1.0631176,1.0633254,1.0709159,1.0652936,1.0663454621738815,1.5697801,1.5066429,1000,985,valid
17,1.0632066,1.0634004,1.0681664,1.0639167,1.0663411670099796,1.569779,1.4702137,1000,985,valid
18,1.0630823,1.0617602,1.0697457,1.064056,1.0663361881240772,1.569778,1.5087634,1000,985,valid
19,1.0625863,1.0625272,1.069978,1.0643481,1.0663305255161737,1.569777,1.4705862,1000,985,valid
20,1.0625978,1.0622131,1.071832,1.0651648,1.0663241791862699,1.5697759,1.4970018,1000,985,valid
21,1.0625824,1.0616031,1.0693244,1.0635759,1.066317149134365,1.5697749,1.4582924,1000,985,valid
22,1.0625733,1.0632596,1.0725204,1.0659405,1.0663094353604596,1.5697738,1.493503,1000,985,valid
23,1.0625374,1.0617768,1.0719261,1.0649905,1.0663010378645534,1.5697728,1.4925585,1000,985,valid
24,1.0619851,1.0657128,1.0738963,1.0678877,1.0662919566466467,1.5697718,1.5421262,1000,985,valid
25,1.0619979,1.0687945,1.0737107,1.069162,1.0662821917067182,1.5697707,1.5316843,1000,985,valid
26,1.0620154,1.06701,1.0725551,1.0678293,1.0662851594642258,1.5697696,1.533277,1000,985,valid
27,1.0619953,1.0652874,1.0738612,1.0676609,1.0663004326397316,1.5697685,1.5379612,1000,985,valid
28,1.0619472,1.0688788,1.0745796,1.0696846,1.0663337560657709,1.5697675,1.5531213,1000,985,valid
29,1.0614668,1.0624332,1.0709503,1.0651728,1.066364708914817,1.5697664,1.5721805,1000,985,valid
30,1.0613812,1.0622611,1.0704246,1.0647924,1.066313077810551,1.5697654,1.5567765,1000,985,valid
31,1.0614064,1.063633,1.0727041,1.0664697,1.066356449465344,1.5697644,1.5599009,1000,985,valid
32,1.061443,1.064646,1.0726092,1.0668623,1.066400226851326,1.5697633,1.5537504,1000,985,valid
33,1.0614184,1.0628912,1.0691543,1.0643508,1.0664220119446426,1.5697622,1.5207362,1000,985,valid
34,1.0608554,1.062615,1.0715411,1.0653777,1.0663845246638657,1.5697612,1.5359318,1000,985,valid
35,1.0608249,1.0681416,1.0749068,1.0694903,1.0662593498281394,1.5697601,1.5510488,1000,985,valid
36,1.0608073,1.0728567,1.0755676,1.0719311,1.0662057567051353,1.569759,1.5496752,1000,985,valid
37,1.0609043,1.0645207,1.0738924,1.0673825,1.066255217168331,1.5697579,1.5516872,1000,985,valid
38,1.0608382,1.0742259,1.0752568,1.0724455,1.0663320240006153,1.5697569,1.5578859,1000,985,valid
39,1.0603037,1.0609436,1.068101,1.063027,1.0663414395201718,1.5697558,1.5311122,1000,985,valid
40,1.0602947,1.0607188,1.0677891,1.0627166,1.0664217808731944,1.5697547,1.5153637,1000,985,valid
41,1.060292,1.0608842,1.0680465,1.0629005,1.066497420780759,1.5697535,1.5132724,1000,985,valid
42,1.0603098,1.0604,1.0678855,1.0626284,1.0664608595759804,1.5697525,1.5184299,1000,985,valid
43,1.0602878,1.0612364,1.0698555,1.06394,1.0664262479665116,1.5697514,1.5260441,1000,985,valid
44,1.0597527,1.0687989,1.0725746,1.0686622,1.0664022364765555,1.5697503,1.5357454,1000,985,valid
45,1.0597503,1.063406,1.073547,1.0666754,1.066357689990979,1.5697492,1.5413177,1000,985,valid
46,1.0598938,1.062392,1.0697823,1.0644333,1.0661754169810385,1.5697482,1.5262694,1000,985,valid
47,1.0596731,1.0673337,1.0724217,1.0678909,1.0660709035326428,1.569747,1.527282,1000,985,valid
48,1.059773,1.0639892,1.0710154,1.0656586,1.0659786314652917,1.5697459,1.5108612,1000,985,valid
49,1.0591973,1.0606431,1.0683534,1.0629793,1.0659128828667803,1.5697448,1.5248315,1000,985,valid
50,1.0591866,1.0635657,1.0745938,1.0671842,1.0660314662488324,1.5697438,1.5311884,1000,985,valid
51,1.0591805,1.0635501,1.0745405,1.0671178,1.0661342360888957,1.5697426,1.522792,1000,985,valid
52,1.059233,1.0639195,1.0744021,1.0671929,1.0662070160643748,1.5697415,1.5156182,1000,985,valid
53,1.0592281,1.0626359,1.073992,1.0664275,1.0662501161291436,1.5697404,1.5170106,1000,985,valid
54,1.0586904,1.0621707,1.0696057,1.0642455,1.0663347700184216,1.5697392,1.5246601,1000,985,valid
55,1.0586712,1.0655267,1.0709758,1.0663706,1.066272692668565,1.5697381,1.5181389,1000,985,valid
56,1.0586908,1.064043,1.0702951,1.0652208,1.0661602216969994,1.569737,1.479454,1000,985,valid
57,1.0586499,1.0627174,1.0708442,1.0648314,1.0661073157237844,1.5697359,1.4708322,1000,985,valid
58,1.0586895,1.0625584,1.0717165,1.0652412,1.066038133814569,1.5697348,1.4903908,1000,985,valid
59,1.0581635,1.0653856,1.0743827,1.0677025,1.065808940194051,1.5697336,1.4805392,1000,985,valid
60,1.05815,1.0700083,1.0742103,1.0696851,1.0655828820567743,1.5697325,1.4708493,1000,985,valid
61,1.0581168,1.065906,1.073925,1.0677233,1.0655599253674637,1.5697314,1.4788712,1000,985,valid
62,1.0581521,1.064075,1.0721992,1.0660678,1.0656398371198976,1.5697303,1.4708658,1000,985,valid
63,1.0580796,1.0617058,1.071156,1.0644674,1.0655924682668387,1.5697291,1.4602208,1000,985,valid
64,1.0580844,1.066973,1.0723951,1.0675459,1.0656347877212384,1.5697279,1.4872063,1000,985,valid
65,1.0575722,1.0611176,1.0714664,1.0645249,1.0654350298361137,1.5697268,1.5029914,1000,985,valid
66,1.0575174,1.0613978,1.069866,1.0638655,1.0651166812893105,1.5697256,1.4897475,1000,985,valid
67,1.0574536,1.066711,1.0707774,1.0666952,1.0648418768078085,1.5697246,1.4888544,1000,985,valid
68,1.0575196,1.0638362,1.0696361,1.0648922,1.0645989249761107,1.5697234,1.494973,1000,985,valid
69,1.057572,1.062495,1.0689893,1.0639116,1.0644209113282073,1.5697222,1.4774096,1000,985,valid
70,1.0575563,1.0614136,1.0702937,1.0641044,1.0643020071727474,1.5697211,1.4983083,1000,985,valid
71,1.0572209,1.0703565,1.0731003,1.0694425,1.0643313861157113,1.5697199,1.4955431,1000,985,valid
72,1.0569285,1.0615451,1.0724993,1.0650618,1.0642650536511664,1.5697187,1.4727235,1000,985,valid
73,1.05702,1.064524,1.0728225,1.0666445,1.0643070931018486,1.5697175,1.4913588,1000,985,valid
74,1.0570254,1.0605936,1.0721378,1.0645077,1.0642620102892262,1.5697165,1.4829359,1000,985,valid
75,1.0564597,1.0594106,1.0646348,1.0604626,1.064154393111451,1.5697153,1.4642678,1000,985,valid
76,1.0564668,1.0592273,1.0673803,1.0617708,1.0639924714269613,1.5697141,1.4962913,1000,985,valid
77,1.0564592,1.058708,1.0664413,1.0610616,1.0638709522383754,1.5697129,1.485986,1000,985,valid
78,1.0564259,1.058893,1.0669839,1.0613725,1.0637676354704444,1.5697117,1.481103,1000,985,valid
79,1.0564888,1.0593847,1.0672601,1.0617609,1.0637809019287914,1.5697105,1.4900565,1000,985,valid
80,1.056471,1.0593238,1.0674117,1.0618556,1.0637003285754663,1.5697094,1.5025699,1000,985,valid
81,1.055989,1.0600626,1.0682269,1.0624312,1.0636061034188,1.5697082,1.4715307,1000,985,valid
82,1.0559062,1.0587263,1.0674284,1.0614451,1.0635058140413727,1.569707,1.4684298,1000,985,valid
83,1.0559404,1.0590944,1.0682352,1.0619357,1.063589238505366,1.5697058,1.4579811,1000,985,valid
84,1.0559101,1.0607116,1.0719144,1.0645218,1.0636237610825148,1.5697047,1.4975688,1000,985,valid
85,1.0559359,1.0625732,1.0718936,1.0653034,1.0637007054797647,1.5697035,1.4844466,1000,985,valid
86,1.0559385,1.06041,1.0685894,1.0627257,1.0638760121028483,1.5697023,1.4647903,1000,985,valid
87,1.0559616,1.059685,1.0682364,1.0622668,1.063975855187308,1.5697011,1.4722385,1000,985,valid
88,1.0559213,1.0596116,1.068713,1.062455,1.0639840963648095,1.5696999,1.4731665,1000,985,valid
89,1.0553907,1.061743,1.0725615,1.0652902,1.063986507503581,1.5696987,1.4984465,1000,985,valid
90,1.0554143,1.0607123,1.0723974,1.0647322,1.0640665584923787,1.5696974,1.49511,1000,985,valid
91,1.0553638,1.0683471,1.0729523,1.0684435,1.0638688305889774,1.5696962,1.4914665,1000,985,valid
92,1.0553871,1.0669918,1.0719187,1.0673584,1.0637755631595656,1.569695,1.492212,1000,985,valid
93,1.0553432,1.064277,1.0715055,1.0659238,1.063748436829078,1.5696938,1.489686,1000,985,valid
94,1.0554054,1.0604022,1.0727842,1.0647763,1.0635881568300447,1.5696926,1.4971519,1000,985,valid
95,1.0553925,1.0691026,1.0713125,1.0680261,1.0634779050456957,1.5696913,1.4885154,1000,985,valid
96,1.0547919,1.0581712,1.0679264,1.0614985,1.063354534760875,1.5696901,1.4866778,1000,985,valid
97,1.0548215,1.058797,1.0685053,1.062018,1.063425613766222,1.5696889,1.479785,1000,985,valid
98,1.0548143,1.0578979,1.0682814,1.0614585,1.063313080396698,1.5696877,1.468601,1000,985,valid
99,1.0547596,1.0589972,1.0684221,1.0619975,1.0633157004170164,1.5696864,1.462766,1000,985,valid
100,1.0548137,1.0571811,1.0674578,1.0607337,1.0633070494391872,1.5696852,1.4634306,1000,985,valid
101,1.054263,1.0657845,1.0717944,1.0667018,1.0631656231713973,1.569684,1.4803969,1000,985,valid
102,1.0542185,1.0662158,1.0704284,1.066127,1.0630594234768327,1.5696827,1.4465144,1000,985,valid
103,1.0542824,1.0657569,1.071233,1.0664271,1.0628925437076377,1.5696815,1.4790425,1000,985,valid
104,1.0542892,1.0608225,1.0670788,1.062099,1.0628279706851533,1.5696802,1.4364402,1000,985,valid
105,1.0542457,1.0618025,1.0677942,1.0628791,1.0627988274660107,1.569679,1.4381177,1000,985,valid
106,1.054243,1.0642712,1.0709726,1.0655975,1.0627433155430022,1.5696777,1.4709997,1000,985,valid
107,1.0542333,1.0633982,1.0707632,1.0651029,1.0626501959418577,1.5696765,1.4705726,1000,985,valid
108,1.0536677,1.0555403,1.0632215,1.0580534,1.062540113727451,1.5696752,1.4637048,1000,985,valid
109,1.0536954,1.0564809,1.064703,1.0591538,1.0623400509269485,1.569674,1.4627445,1000,985,valid
110,1.0537404,1.0561743,1.0659449,1.0597013,1.0623022388198264,1.5696727,1.4905018,1000,985,valid
111,1.0536845,1.0561389,1.0632825,1.0582867,1.062159512790328,1.5696715,1.4484413,1000,985,valid
112,1.0537091,1.0562348,1.0640496,1.0588181,1.0620272446738042,1.5696702,1.4799652,1000,985,valid
113,1.0537312,1.0565736,1.0662051,1.0600938,1.061881138923644,1.5696689,1.5121903,1000,985,valid
114,1.0536968,1.0560251,1.062924,1.0581849,1.0616873645866505,1.5696677,1.4744931,1000,985,valid
115,1.0536906,1.0558312,1.0629795,1.0581282,1.0615576699208147,1.5696664,1.475927,1000,985,valid
116,1.0531427,1.064728,1.0684289,1.0647279,1.0614502467791165,1.5696651,1.490541,1000,985,valid
117,1.0531619,1.0569686,1.0671706,1.0606257,1.061402444302233,1.5696639,1.4912652,1000,985,valid
118,1.05317,1.0589409,1.066489,1.0612026,1.061348859252702,1.5696626,1.4890844,1000,985,valid
119,1.0528431,1.062527,1.0700341,1.0644096,1.061265008665924,1.5696613,1.4788959,1000,985,valid
120,1.0531558,1.0602784,1.0671217,1.0620489,1.0611696874204914,1.56966,1.4771181,1000,985,valid
121,1.0531616,1.0618603,1.0670855,1.0627781,1.0612738855578991,1.5696586,1.4831572,1000,985,valid
122,1.053135,1.0604684,1.0672715,1.062187,1.0612393702792786,1.5696573,1.4732223,1000,985,valid
123,1.0525956,1.0622951,1.0714145,1.0650537,1.06118816789805,1.5696561,1.5069451,1000,985,valid
124,1.0525697,1.0600786,1.0705357,1.0636326,1.0611375041228013,1.5696548,1.5042557,1000,985,valid
125,1.0526162,1.0583417,1.06983,1.0624923,1.0610871026166295,1.5696535,1.497682,1000,985,valid
126,1.0525578,1.0589011,1.07012,1.0628978,1.0609696195652927,1.5696522,1.5021057,1000,985,valid
127,1.0525814,1.0588772,1.0698457,1.0627005,1.0610174742011345,1.5696509,1.4876959,1000,985,valid
128,1.0525877,1.0608069,1.0704563,1.0638819,1.0610782947785031,1.5696496,1.4934354,1000,985,valid
129,1.0520419,1.0594552,1.0641005,1.0602641,1.0611006229222604,1.5696483,1.470116,1000,985,valid
130,1.0520672,1.0551667,1.0644915,1.0585437,1.0610444463174797,1.569647,1.4822608,1000,985,valid
131,1.0520358,1.0562882,1.0634226,1.0585244,1.061010626505136,1.5696455,1.4726291,1000,985,valid
132,1.0520502,1.0589197,1.0631677,1.059557,1.0610648811264258,1.5696442,1.4615166,1000,985,valid
133,1.0520574,1.0565692,1.0627437,1.0582873,1.0610959502955917,1.5696429,1.4600227,1000,985,valid
134,1.0519879,1.0582614,1.0668843,1.0610933,1.0609351027232803,1.5696416,1.493622,1000,985,valid
135,1.0520387,1.0566803,1.0614651,1.0577022,1.0607841505129594,1.5696403,1.4482818,1000,985,valid
136,1.0520262,1.0601542,1.0671365,1.0620285,1.0606448112542362,1.569639,1.4839759,1000,985,valid
137,1.052071,1.0561408,1.0646923,1.0590712,1.060350582481838,1.5696375,1.480514,1000,985,valid
138,1.0520302,1.055477,1.0639946,1.0584352,1.0602296593829021,1.5696362,1.4769651,1000,985,valid
139,1.0514691,1.0560117,1.0663817,1.0596519,1.0601006740081538,1.5696349,1.4501053,1000,985,valid
140,1.0514791,1.0567361,1.0667689,1.0602226,1.0598884682365772,1.5696335,1.4648277,1000,985,valid
141,1.051472,1.0550683,1.0658512,1.0590156,1.0596551294734187,1.5696322,1.4582082,1000,985,valid
142,1.051474,1.0575618,1.068239,1.0612675,1.0593326329164068,1.5696309,1.4643371,1000,985,valid
143,1.0515276,1.0589879,1.0672722,1.0614922,1.0590147658699347,1.5696294,1.4683027,1000,985,valid
144,1.0515027,1.0593693,1.0681198,1.0620742,1.0587512927054177,1.5696281,1.473223,1000,985,valid
145,1.051494,1.0597277,1.0679004,1.0621477,1.0587385662274311,1.5696267,1.4757012,1000,985,valid
146,1.0514834,1.0560207,1.065839,1.0594406,1.0584761998929102,1.5696254,1.4575052,1000,985,valid
147,1.0509341,1.0548077,1.0631062,1.0577246,1.058399432391132,1.569624,1.4769428,1000,985,valid
148,1.0509368,1.055933,1.0631266,1.0582472,1.0582919765802181,1.5696226,1.4772118,1000,985,valid
149,1.0509177,1.0540639,1.0625112,1.0570681,1.0583210249995025,1.5696212,1.4662321,1000,985,valid
150,1.0509332,1.0539598,1.0621436,1.0568966,1.0583095527261535,1.5696199,1.4763626,1000,985,valid
151,1.0509346,1.054707,1.0621192,1.0571824,1.058254666189513,1.5696185,1.4664353,1000,985,valid
152,1.0509057,1.054582,1.0626734,1.0573611,1.0582752843689105,1.569617,1.4623938,1000,985,valid
153,1.0509162,1.0536072,1.0621111,1.0567107,1.0582597784559584,1.5696157,1.4738859,1000,985,valid
154,1.0503218,1.0548422,1.0656214,1.0588713,1.0583015565475167,1.5696143,1.4728012,1000,985,valid
155,1.0503588,1.0616267,1.0682287,1.0631784,1.0580705524546459,1.5696129,1.4795736,1000,985,valid
156,1.0503728,1.0618327,1.0679648,1.0631776,1.057828110256229,1.5696115,1.4856219,1000,985,valid
157,1.0503428,1.0547862,1.0625609,1.0572999,1.0577821973096333,1.5696101,1.4390097,1000,985,valid
158,1.0503609,1.0547314,1.0643089,1.0581524,1.0576191943089435,1.5696087,1.4569381,1000,985,valid
159,1.0503806,1.0558584,1.0618486,1.0574999,1.0574191121267045,1.5696073,1.4475088,1000,985,valid
160,1.0503633,1.055821,1.0620365,1.0575228,1.057419210339563,1.5696058,1.4371,1000,985,valid
161,1.0503623,1.0551618,1.0617878,1.0570658,1.05732910427981,1.5696044,1.4273869,1000,985,valid
162,1.0503297,1.0581136,1.0660887,1.0605141,1.0573880059437681,1.569603,1.459143,1000,985,valid
163,1.0498068,1.0515722,1.059291,1.0544314,1.0575016588016308,1.5696015,1.459017,1000,985,valid
164,1.0497903,1.0529804,1.0590456,1.0548968,1.0575392613764676,1.5696001,1.4446349,1000,985,valid
165,1.0497854,1.0531129,1.0585823,1.0547304,1.057572326197544,1.5695987,1.4412193,1000,985,valid
166,1.049792,1.0527103,1.0575671,1.0540664,1.0576292451379499,1.5695972,1.4374154,1000,985,valid
167,1.0498226,1.0631104,1.0685586,1.0639341,1.0576238705997263,1.5695958,1.4633877,1000,985,valid
168,1.0498092,1.0591272,1.0658875,1.0608358,1.0577367522626722,1.5695944,1.4483069,1000,985,valid
169,1.0498078,1.0592581,1.063911,1.0600001,1.0578128005961838,1.569593,1.4500197,1000,985,valid
170,1.0497794,1.053333,1.0587451,1.0549473,1.057881879783276,1.5695915,1.450792,1000,985,valid
171,1.0498155,1.0601718,1.0663769,1.0615851,1.0580327304622439,1.5695901,1.4597926,1000,985,valid
172,1.0492362,1.0557909,1.0599138,1.0565746,1.0581136165965084,1.5695885,1.4450903,1000,985,valid
173,1.0492061,1.0545228,1.0622815,1.0572016,1.0580702085786835,1.5695871,1.4730653,1000,985,valid
174,1.0492591,1.0527155,1.0610583,1.0558099,1.0579937834029765,1.5695857,1.4706511,1000,985,valid
175,1.0492647,1.0534244,1.0613344,1.0562447,1.0579228534004659,1.5695843,1.4674957,1000,985,valid
176,1.049241,1.0540173,1.0621877,1.0569788,1.0578197787989339,1.5695827,1.4847162,1000,985,valid
177,1.0492421,1.0522428,1.059988,1.0550884,1.0577154935544186,1.5695813,1.4666572,1000,985,valid
178,1.0492374,1.0537748,1.0612333,1.0563996,1.057629299619044,1.5695798,1.4770607,1000,985,valid
179,1.049251,1.0539103,1.0606982,1.0561768,1.0574471138026156,1.5695783,1.4678388,1000,985,valid
180,1.0486636,1.0623745,1.0665903,1.0627788,1.057399190933773,1.5695769,1.4815406,1000,985,valid
181,1.0486906,1.0619829,1.0664608,1.062504,1.0572980445638984,1.5695753,1.4728383,1000,985,valid
182,1.0486928,1.0520835,1.0623679,1.0560255,1.0572209682693146,1.5695739,1.4489181,1000,985,valid
183,1.0486693,1.0595772,1.0660142,1.061213,1.057209682846921,1.5695723,1.4746015,1000,985,valid
184,1.0486946,1.0609035,1.0660156,1.06193,1.0569988976097342,1.5695708,1.5009173,1000,985,valid
185,1.0487049,1.0549222,1.0646644,1.0585485,1.0569770943605528,1.5695693,1.4909282,1000,985,valid
186,1.0486666,1.0546987,1.064616,1.0584244,1.0569595773021823,1.5695678,1.4908375,1000,985,valid
187,1.0486598,1.0571868,1.0612133,1.0579424,1.0568872436466719,1.5695664,1.4768538,1000,985,valid
188,1.048129,1.0506765,1.0567503,1.0530043,1.056739976436912,1.5695648,1.4916158,1000,985,valid
189,1.0481449,1.0509031,1.0589044,1.0541409,1.0566337514904673,1.5695633,1.5032418,1000,985,valid
190,1.0481052,1.0524204,1.0593823,1.0549923,1.056343004059189,1.5695617,1.4897549,1000,985,valid
191,1.0480815,1.0506604,1.0598314,1.05448,1.0559775159756717,1.5695603,1.5093725,1000,985,valid
192,1.048117,1.0516353,1.0602622,1.0551,1.0557866291609812,1.5695587,1.5045555,1000,985,valid
193,1.048202,1.0511756,1.0564859,1.0530567,1.0559007427927602,1.5695572,1.4791265,1000,985,valid
194,1.0481621,1.0503869,1.0600455,1.0544841,1.0558539389748307,1.5695556,1.5167358,1000,985,valid
195,1.0481174,1.0524133,1.0607252,1.055643,1.055740479491506,1.5695541,1.4992495,1000,985,valid
196,1.0481325,1.051211,1.0569184,1.0532838,1.0555482805942846,1.5695525,1.4822192,1000,985,valid
197,1.0481148,1.0515676,1.055779,1.0528172,1.0555405039277184,1.569551,1.4573247,1000,985,valid
198,1.0481102,1.0520769,1.0596235,1.0549644,1.0553716286011185,1.5695494,1.4940348,1000,985,valid
199,1.0475541,1.0553405,1.0598371,1.056526,1.055190168022913,1.5695479,1.4890403,1000,985,valid
200,1.0475335,1.057291,1.062041,1.0584408,1.0550453420829913,1.5695463,1.4938362,1000,985,valid
201,1.0476032,1.0518582,1.0610023,1.055627,1.054906588440004,1.5695448,1.5253751,1000,985,valid
202,1.0475988,1.054635,1.0586028,1.0557132,1.054761494190751,1.5695432,1.5059549,1000,985,valid
203,1.0475578,1.0538206,1.058018,1.0550375,1.0546189576745642,1.5695416,1.4970627,1000,985,valid
204,1.0477083,1.0556905,1.0613048,1.0575478,1.054458960965341,1.56954,1.5346504,1000,985,valid
205,1.0475957,1.0536985,1.0584676,1.0552306,1.0542704634721423,1.5695385,1.5072587,1000,985,valid
206,1.0475821,1.0541041,1.0589125,1.0556512,1.0541884040380842,1.5695369,1.5150046,1000,985,valid
207,1.0475652,1.0529053,1.0576324,1.0544795,1.0541509644286027,1.5695353,1.5052092,1000,985,valid
208,1.047037,1.0489615,1.0552087,1.0515761,1.0540119870153954,1.5695337,1.504936,1000,985,valid
209,1.0470114,1.0562749,1.0645239,1.0591501,1.0540061700832335,1.5695322,1.5027217,1000,985,valid
210,1.0470146,1.0493052,1.056064,1.052127,1.0541315647982519,1.5695305,1.5058217,1000,985,valid
211,1.0469829,1.0490243,1.0545404,1.0512409,1.0541310520732894,1.5695289,1.4912611,1000,985,valid
212,1.0470144,1.049442,1.0555863,1.051856,1.0541174936981268,1.5695273,1.4789529,1000,985,valid
213,1.0470903,1.0551953,1.063354,1.058057,1.054207659172163,1.5695257,1.4868731,1000,985,valid
214,1.0470458,1.0489147,1.0530367,1.0504196,1.0541535783168619,1.569524,1.4717199,1000,985,valid
215,1.0470041,1.0557522,1.0592115,1.0562773,1.0540964488964153,1.5695225,1.454448,1000,985,valid
216,1.0470185,1.0555503,1.0641434,1.0586041,1.0540534039337772,1.5695208,1.4927026,1000,985,valid
217,1.0469823,1.0484707,1.0554068,1.0514003,1.054005716675349,1.5695192,1.4948589,1000,985,valid
218,1.0469803,1.0481879,1.0536377,1.050433,1.0539760849786657,1.5695176,1.487802,1000,985,valid
219,1.0464122,1.0534492,1.054759,1.0532244,1.05386290637931,1.569516,1.4611913,1000,985,valid
220,1.046447,1.0536337,1.0587466,1.0552284,1.0537618905026862,1.5695143,1.4837735,1000,985,valid
221,1.0464529,1.0531834,1.0542161,1.0528483,1.0536837496328837,1.5695126,1.4595628,1000,985,valid
222,1.0464958,1.0515261,1.056488,1.0532205,1.0534341699331764,1.5695109,1.4798915,1000,985,valid
223,1.0464604,1.0520656,1.0575575,1.0539812,1.053254878473152,1.5695093,1.4860443,1000,985,valid
224,1.0464369,1.0535091,1.0585338,1.0551269,1.0531086998781205,1.5695077,1.4960219,1000,985,valid
225,1.046461,1.0525597,1.0538094,1.0523703,1.052990523752847,1.569506,1.457706,1000,985,valid
226,1.0464611,1.0520172,1.0537632,1.0521135,1.052854133917556,1.5695044,1.4602609,1000,985,valid
227,1.0464933,1.0497692,1.0570709,1.0527606,1.052763550715527,1.5695027,1.4969822,1000,985,valid
228,1.0464935,1.048285,1.0533199,1.0502154,1.052658490865795,1.569501,1.4609144,1000,985,valid
229,1.0464512,1.0509274,1.0533214,1.0513971,1.0525166495323683,1.5694993,1.4560363,1000,985,valid
230,1.0459011,1.0492402,1.0556848,1.0517098,1.0525409331523803,1.5694976,1.4561415,1000,985,valid
231,1.0459033,1.0519702,1.0605342,1.0553188,1.0524918932010405,1.5694959,1.4909896,1000,985,valid
232,1.0458819,1.0532271,1.0590451,1.0551583,1.052469237587483,1.5694942,1.4788287,1000,985,valid
233,1.0458986,1.0498347,1.0574747,1.0529038,1.052417683948059,1.5694926,1.48039,1000,985,valid
234,1.0458857,1.0516672,1.0582887,1.0541669,1.0522529663819393,1.5694908,1.4937226,1000,985,valid
235,1.0459511,1.0497053,1.054579,1.0515219,1.0522835052319115,1.5694891,1.4804121,1000,985,valid
236,1.0458752,1.0487565,1.0589703,1.0532129,1.052048927468707,1.5694875,1.5076915,1000,985,valid
237,1.0459015,1.0507516,1.0593821,1.0543094,1.0518087699525471,1.5694857,1.5077862,1000,985,valid
238,1.0453309,1.0494078,1.0531962,1.0508325,1.0516895981519945,1.569484,1.4985301,1000,985,valid
239,1.0453548,1.0492735,1.0525829,1.0504445,1.0517314253162298,1.5694823,1.4876723,1000,985,valid
240,1.0453311,1.0492498,1.053755,1.0510145,1.0516635738884241,1.5694805,1.4981962,1000,985,valid
241,1.0453123,1.048923,1.0540137,1.0509909,1.0516982522080043,1.5694788,1.4998268,1000,985,valid
242,1.0453975,1.0464361,1.0546937,1.0502244,1.0517305745557475,1.5694771,1.5127482,1000,985,valid
243,1.0453639,1.0476646,1.0525686,1.0497426,1.051577674237904,1.5694753,1.4962467,1000,985,valid
244,1.0453603,1.0487043,1.0520828,1.0499098,1.0515590815390659,1.5694736,1.476759,1000,985,valid
245,1.0453073,1.0496356,1.0521722,1.0503272,1.0516124096820336,1.5694718,1.4658791,1000,985,valid
246,1.0453044,1.0489424,1.0530057,1.0504509,1.0516561168692997,1.56947,1.4792838,1000,985,valid
247,1.044799,1.0514094,1.0579199,1.053911,1.0516836638979536,1.5694683,1.5007353,1000,985,valid
248,1.0448034,1.0522105,1.0581911,1.0543604,1.0517057842294262,1.5694666,1.4915593,1000,985,valid
249,1.0447834,1.0491879,1.0552254,1.0515784,1.0517688876178422,1.5694648,1.4796431,1000,985,valid
250,1.0448426,1.0491583,1.0571593,1.0524596,1.0517601244403343,1.569463,1.4821868,1000,985,valid
251,1.044809,1.0490694,1.0559802,1.0519288,1.0517263058241608,1.5694612,1.4934704,1000,985,valid
252,1.0448081,1.0487919,1.0545654,1.0511116,1.0516760563018006,1.5694594,1.4830965,1000,985,valid
253,1.0448109,1.0494295,1.0557289,1.0519341,1.0516098213885752,1.5694577,1.48327,1000,985,valid
254,1.044808,1.0498893,1.0572593,1.0528961,1.0514672933643863,1.5694559,1.495764,1000,985,valid
255,1.0447935,1.0494126,1.0521618,1.0501978,1.0513117501045806,1.5694541,1.4606057,1000,985,valid
256,1.0448326,1.0494463,1.0527127,1.0506363,1.051162511574037,1.5694523,1.5002255,1000,985,valid
257,1.0448681,1.0494221,1.0519968,1.0502946,1.0511532386336404,1.5694504,1.4993671,1000,985,valid
258,1.0447633,1.0496119,1.051733,1.0501535,1.0511862012537245,1.5694486,1.4745638,1000,985,valid
259,1.0447395,1.0506682,1.0520866,1.0508208,1.0511347509385587,1.5694468,1.4803087,1000,985,valid
260,1.0447452,1.0520844,1.0535614,1.0521803,1.0511223453149847,1.569445,1.4898121,1000,985,valid
261,1.0447881,1.0544461,1.0573299,1.055057,1.0510462180531455,1.5694431,1.5086246,1000,985,valid
262,1.0447772,1.0533268,1.0575812,1.0547341,1.050990660726975,1.5694413,1.5256946,1000,985,valid
263,1.0447832,1.0477024,1.0556624,1.0511945,1.0510024440828636,1.5694395,1.5012271,1000,985,valid
264,1.0446941,1.0520551,1.0538796,1.0523213,1.0509090849830767,1.5694376,1.4918964,1000,985,valid
265,1.0441852,1.0462538,1.0508864,1.0484085,1.0508244033010694,1.5694358,1.5142906,1000,985,valid
266,1.0443101,1.0463774,1.0554852,1.050463,1.0505940317364852,1.5694339,1.4900967,1000,985,valid
267,1.044744,1.0509689,1.0582922,1.0539236,1.0504812552771081,1.569432,1.5109156,1000,985,valid
268,1.0442336,1.0500207,1.0592935,1.0539469,1.0503287934514747,1.5694302,1.5102898,1000,985,valid
269,1.0440865,1.0464686,1.0498892,1.0479846,1.0501508190854747,1.5694283,1.4987581,1000,985,valid
270,1.0441738,1.0439813,1.0508925,1.0474564,1.0499654659698392,1.5694264,1.533247,1000,985,valid
271,1.0443196,1.044151,1.05572,1.0495709,1.0497659390967593,1.5694246,1.4934074,1000,985,valid
272,1.044029,1.044791,1.0504627,1.0475376,1.0494933874329464,1.5694227,1.5115664,1000,985,valid
273,1.0441715,1.0454712,1.0499284,1.0475384,1.049355385330424,1.5694208,1.4964174,1000,985,valid
274,1.0441507,1.0436326,1.0491472,1.0463989,1.0491609078803052,1.5694189,1.509131,1000,985,valid
275,1.0435823,1.0509244,1.0500362,1.0499468,1.0489615594876904,1.569417,1.4679794,1000,985,valid
276,1.0436631,1.0457323,1.0508021,1.0480506,1.0487392787341916,1.5694151,1.495017,1000,985,valid
277,1.0436497,1.0457797,1.0506423,1.0479004,1.0485928661677417,1.5694132,1.472184,1000,985,valid
278,1.0436419,1.0472586,1.0510414,1.0487809,1.0484354349302387,1.5694113,1.4779252,1000,985,valid
279,1.0435925,1.0462813,1.0510144,1.048406,1.048335024024086,1.5694094,1.496999,1000,985,valid
280,1.0435017,1.048404,1.0516886,1.0495728,1.0482737984121693,1.5694075,1.4721066,1000,985,valid
281,1.0435721,1.0481448,1.0516963,1.0494816,1.0480871337540347,1.5694056,1.4774467,1000,985,valid
282,1.0436628,1.0474229,1.0502255,1.0484507,1.0480744202665098,1.5694035,1.4705418,1000,985,valid
283,1.0436285,1.0475671,1.0472254,1.0471191,1.0479580966172517,1.5694016,1.4645928,1000,985,valid
284,1.0436631,1.0456825,1.050207,1.047739,1.047863067834067,1.5693997,1.4910611,1000,985,valid
285,1.0430696,1.0450335,1.0511639,1.047694,1.0477909220393713,1.5693977,1.4482038,1000,985,valid
286,1.0430506,1.0441861,1.0506332,1.0470705,1.047748056513054,1.5693958,1.4492891,1000,985,valid
287,1.043088,1.0457668,1.050815,1.0478879,1.0478251712632924,1.5693938,1.4526583,1000,985,valid
288,1.0431046,1.0444865,1.0495658,1.0468153,1.047881913991366,1.5693918,1.4711409,1000,985,valid
289,1.0430231,1.0450338,1.0490186,1.0467218,1.0478490695950136,1.5693898,1.4500543,1000,985,valid
290,1.0431143,1.0431535,1.0478094,1.0453748,1.0477698661319084,1.5693879,1.4640445,1000,985,valid
291,1.043003,1.0485437,1.0539614,1.0506556,1.0475866344820601,1.5693859,1.467648,1000,985,valid
292,1.0424402,1.0444648,1.0490168,1.0466017,1.0474812307185632,1.5693839,1.4819928,1000,985,valid
293,1.0425222,1.0449034,1.0488706,1.0467014,1.047511680425509,1.569382,1.4743817,1000,985,valid
294,1.0425191,1.044668,1.0486584,1.0465009,1.0475565075601405,1.5693799,1.4751935,1000,985,valid
295,1.0425743,1.0451651,1.0476155,1.0462891,1.0474340519566498,1.5693779,1.4840846,1000,985,valid
296,1.0425153,1.0444658,1.0489789,1.0466578,1.04723758395792,1.5693759,1.4989591,1000,985,valid
297,1.0420791,1.047364,1.0513036,1.0490803,1.047115405892902,1.5693738,1.5085671,1000,985,valid
298,1.0420438,1.046488,1.0506607,1.0483335,1.0469395960359127,1.5693718,1.495834,1000,985,valid
299,1.0419962,1.0453088,1.0500572,1.0474377,1.0467520339801615,1.5693698,1.4765223,1000,985,valid
300,1.041995,1.046236,1.0511919,1.0484252,1.0465684157810489,1.5693678,1.4873747,1000,985,valid
301,1.0419806,1.0492134,1.0530992,1.0506581,1.0464637632069962,1.5693657,1.4888246,1000,985,valid
302,1.0420502,1.0463861,1.0503659,1.0481542,1.0464104233831435,1.5693637,1.4962544,1000,985,valid
303,1.0420268,1.0461402,1.0502915,1.0479379,1.0462771411978624,1.5693616,1.4799176,1000,985,valid
304,1.042024,1.045824,1.0483327,1.0469654,1.0461687378122897,1.5693595,1.4953704,1000,985,valid
305,1.0419888,1.0457835,1.048164,1.0468419,1.0460843859357198,1.5693575,1.4888676,1000,985,valid
306,1.0416757,1.0492859,1.0488846,1.0486779,1.0460612203405606,1.5693554,1.468733,1000,985,valid
307,1.0414765,1.0425303,1.0427824,1.0429173,1.046018048853904,1.5693533,1.4925662,1000,985,valid
308,1.0414289,1.0454459,1.0455798,1.045539,1.0459572811024327,1.5693512,1.4962957,1000,985,valid
309,1.0414579,1.0442274,1.0441463,1.0442505,1.0458621924783393,1.5693492,1.4780889,1000,985,valid
310,1.0414574,1.0440131,1.0430367,1.0436263,1.0457785391057246,1.569347,1.4736278,1000,985,valid
311,1.0414616,1.0431577,1.0437598,1.0436747,1.0456943849077451,1.569345,1.4983983,1000,985,valid
312,1.0414811,1.0424246,1.0420327,1.042542,1.0455795511788446,1.5693429,1.496177,1000,985,valid
313,1.0414671,1.0430272,1.043078,1.0432694,1.0455440497700046,1.5693407,1.4904653,1000,985,valid
314,1.0414579,1.0428774,1.0423789,1.0428663,1.0454608931644165,1.5693386,1.4869055,1000,985,valid
315,1.0408685,1.0452528,1.0463151,1.0457345,1.0453469218039793,1.5693364,1.4840598,1000,985,valid
316,1.0409446,1.0447594,1.0462846,1.0455576,1.0451920412872315,1.5693344,1.4984125,1000,985,valid
317,1.0409033,1.0451531,1.0447397,1.0449522,1.045220487808825,1.5693322,1.4801512,1000,985,valid
318,1.0408796,1.0445836,1.043808,1.0442405,1.0450938845056439,1.5693301,1.4740655,1000,985,valid
319,1.0409001,1.0450737,1.0440905,1.0445849,1.044981999446832,1.569328,1.4722816,1000,985,valid
320,1.0409071,1.0443132,1.0448288,1.044625,1.0449401225537807,1.5693257,1.4835092,1000,985,valid
321,1.0403734,1.0449514,1.048414,1.0465205,1.0448898633432524,1.5693235,1.475711,1000,985,valid
322,1.0403908,1.043745,1.0491285,1.0463686,1.0448591625053825,1.5693214,1.4920945,1000,985,valid
323,1.0403702,1.0442295,1.0488954,1.0464246,1.0449106235131755,1.5693192,1.4786552,1000,985,valid
324,1.0403639,1.0441091,1.0501018,1.0469644,1.0448758474046616,1.569317,1.4886625,1000,985,valid
325,1.040408,1.0437768,1.047726,1.0456494,1.0448769523175452,1.5693148,1.4706831,1000,985,valid
326,1.0403584,1.0474393,1.0464122,1.046696,1.0448615946972881,1.5693127,1.4660969,1000,985,valid
327,1.0403403,1.0448328,1.0411422,1.04318,1.0449069222603613,1.5693104,1.4843274,1000,985,valid
328,1.03983,1.0441324,1.0468143,1.045584,1.0449071806007084,1.5693083,1.5147407,1000,985,valid
329,1.0398368,1.0452943,1.046325,1.0458153,1.0449196477770912,1.569306,1.4974045,1000,985,valid
330,1.0398376,1.0452545,1.0443606,1.0448165,1.0449171993005308,1.5693038,1.4782174,1000,985,valid
331,1.0398018,1.0440083,1.0439153,1.0440322,1.0449173108683723,1.5693016,1.4751041,1000,985,valid
332,1.0398601,1.0444176,1.0452423,1.0448953,1.044991361524855,1.5692993,1.4912908,1000,985,valid
333,1.0398366,1.0446556,1.0446689,1.0447308,1.0448410451127126,1.5692971,1.488824,1000,985,valid
334,1.0397832,1.0445211,1.0447067,1.0446007,1.0447763554217877,1.5692948,1.4689901,1000,985,valid
335,1.0397679,1.0451221,1.0446938,1.044832,1.0448309019139905,1.5692925,1.4606707,1000,985,valid
336,1.039258,1.045489,1.0446806,1.0449115,1.0447068792034164,1.5692903,1.4423084,1000,985,valid
337,1.0393178,1.0451654,1.0460894,1.0454513,1.044718437560513,1.569288,1.4520041,1000,985,valid
338,1.0392901,1.0425384,1.0445571,1.04361,1.0445394389461584,1.5692858,1.4644637,1000,985,valid
339,1.0393173,1.0449575,1.0433064,1.0440505,1.0443803541209014,1.5692835,1.4443672,1000,985,valid
340,1.0392064,1.045533,1.0446537,1.0449367,1.0442234858016035,1.5692812,1.4462506,1000,985,valid
341,1.0392387,1.0460467,1.0439816,1.0448635,1.044146533533392,1.5692788,1.4462808,1000,985,valid
342,1.0392437,1.0453931,1.0431498,1.0441335,1.044235981210842,1.5692766,1.4346111,1000,985,valid
343,1.0392269,1.0430989,1.0486366,1.0457902,1.0442431031187178,1.5692743,1.4783082,1000,985,valid
344,1.0392295,1.0443624,1.0468329,1.045615,1.044141278658085,1.5692719,1.4954319,1000,985,valid
345,1.038704,1.0441031,1.0415304,1.0429915,1.0440859061847527,1.5692697,1.4765714,1000,985,valid
346,1.0387161,1.0444895,1.0406191,1.0427147,1.0440350920079855,1.5692673,1.4683052,1000,985,valid
347,1.0387052,1.0437065,1.0399375,1.0420198,1.0440157978944213,1.5692649,1.4622233,1000,985,valid
348,1.0387268,1.0431986,1.039046,1.0414425,1.0439628916835924,1.5692626,1.4762526,1000,985,valid
349,1.0386965,1.043071,1.0442083,1.0437958,1.0439107818574578,1.5692602,1.4880829,1000,985,valid
350,1.0386789,1.0428373,1.0402719,1.0417701,1.0438981045871565,1.5692579,1.4606365,1000,985,valid
351,1.0381775,1.0424001,1.0441824,1.0434159,1.0438405283256105,1.5692555,1.4736577,1000,985,valid
352,1.0381447,1.0439503,1.0445759,1.0442945,1.0438556927090379,1.5692531,1.4720309,1000,985,valid
353,1.038155,1.0449007,1.0432541,1.0441082,1.0437439203602341,1.5692507,1.46869,1000,985,valid
354,1.0381446,1.0449946,1.0430269,1.0440061,1.0437458533387696,1.5692483,1.4593872,1000,985,valid
355,1.0381422,1.0440552,1.0438546,1.0439667,1.043737907898808,1.5692459,1.4616077,1000,985,valid
356,1.038153,1.0455164,1.0427563,1.0441103,1.0437972944220941,1.5692436,1.4571981,1000,985,valid
357,1.0381701,1.0455943,1.0423973,1.0439863,1.0438037347020046,1.5692412,1.4582758,1000,985,valid
358,1.038131,1.045397,1.047268,1.0462284,1.0438456040994164,1.5692387,1.482369,1000,985,valid
359,1.0381768,1.045507,1.047102,1.0462418,1.04385851012173,1.5692363,1.4914654,1000,985,valid
360,1.0376141,1.0413456,1.0394127,1.0408006,1.0438619165550578,1.5692338,1.484041,1000,985,valid
361,1.0376304,1.0457299,1.0464131,1.045918,1.0438427075099819,1.5692314,1.4660193,1000,985,valid
362,1.0376271,1.0421427,1.0392346,1.0410149,1.0438295591160573,1.5692289,1.4686304,1000,985,valid
363,1.0376345,1.045144,1.046935,1.0458883,1.0437911443957022,1.5692265,1.4656729,1000,985,valid
364,1.0376621,1.0453659,1.0465381,1.0459064,1.0436862962437823,1.569224,1.488336,1000,985,valid
365,1.0376519,1.0448402,1.045933,1.0453526,1.0436478348295894,1.5692215,1.4795513,1000,985,valid
366,1.0376269,1.0449233,1.0466398,1.0456337,1.0436666159319743,1.569219,1.4613014,1000,985,valid
367,1.0375779,1.0416217,1.0368994,1.0396464,1.0436017120131886,1.5692165,1.4542456,1000,985,valid
368,1.0375597,1.0419176,1.0399959,1.0411888,1.0434958379064145,1.5692141,1.4523839,1000,985,valid
369,1.037045,1.0436742,1.0437747,1.0438366,1.04343645448561,1.5692115,1.479864,1000,985,valid
370,1.0370188,1.0441982,1.0403769,1.0423588,1.0434049682904925,1.569209,1.442862,1000,985,valid
371,1.0370531,1.0457957,1.0377641,1.0418566,1.0433263847972378,1.5692065,1.4351778,1000,985,valid
372,1.0370439,1.0459651,1.0390098,1.0425233,1.0432228625661601,1.569204,1.4396133,1000,985,valid
373,1.0371169,1.0429593,1.0442469,1.0437334,1.0430807215718638,1.5692015,1.4813399,1000,985,valid
374,1.0370326,1.0450146,1.0432851,1.0441566,1.0429093372608558,1.5691988,1.4646723,1000,985,valid
375,1.0370269,1.0448947,1.0427208,1.0438411,1.0428942086734274,1.5691963,1.4640114,1000,985,valid
376,1.0364189,1.0450113,1.0442821,1.0445099,1.0427991518112962,1.5691937,1.441865,1000,985,valid
377,1.0364556,1.043982,1.0430508,1.0435054,1.0427334964492518,1.5691912,1.4479274,1000,985,valid
378,1.0364957,1.0421727,1.046848,1.0444816,1.0426728103100653,1.5691886,1.4623895,1000,985,valid
379,1.0364687,1.0446918,1.0415187,1.0430655,1.0426568476275317,1.569186,1.4339375,1000,985,valid
380,1.0364501,1.042372,1.0453155,1.0438809,1.0426190850143113,1.5691835,1.4644696,1000,985,valid
381,1.0359153,1.0438145,1.0367827,1.0405442,1.0424953520253246,1.5691808,1.4436517,1000,985,valid
382,1.0358924,1.0418731,1.0397962,1.0410801,1.042323768688347,1.5691782,1.4530324,1000,985,valid
383,1.0359622,1.042733,1.0373261,1.0402741,1.0421887637669573,1.5691756,1.4378097,1000,985,valid
384,1.0359232,1.043619,1.0373437,1.0406868,1.0421451169984337,1.569173,1.4381016,1000,985,valid
385,1.035923,1.044456,1.0361601,1.040499,1.042061079252882,1.5691704,1.4319915,1000,985,valid
386,1.0359179,1.0445492,1.0376022,1.0412091,1.041824270381262,1.5691676,1.433816,1000,985,valid
387,1.0359384,1.0454175,1.0361519,1.040893,1.0417443419607504,1.569165,1.4231348,1000,985,valid
388,1.0359837,1.0425569,1.0418146,1.0422958,1.0415298635307222,1.5691624,1.4489079,1000,985,valid
389,1.035921,1.04287,1.0425473,1.0427948,1.041483107235579,1.5691596,1.4537269,1000,985,valid
390,1.0359242,1.0421653,1.038907,1.0408,1.0414278809947208,1.569157,1.4515693,1000,985,valid
391,1.0359426,1.0420032,1.036165,1.0393814,1.041373750580714,1.5691543,1.4312094,1000,985,valid
392,1.0353715,1.043412,1.0404139,1.0420178,1.0413642105514571,1.5691516,1.442847,1000,985,valid
393,1.0352972,1.0441171,1.0415814,1.0428315,1.041178435438879,1.5691489,1.4336839,1000,985,valid
394,1.0353594,1.04359,1.0430695,1.0432951,1.0410473510069576,1.5691462,1.4388455,1000,985,valid
395,1.0353757,1.0423486,1.0428538,1.0427086,1.0409778902901952,1.5691434,1.4562072,1000,985,valid
396,1.0354086,1.0434136,1.0400112,1.041818,1.0409489262103557,1.5691407,1.4391732,1000,985,valid
397,1.0353767,1.0429497,1.0412376,1.042199,1.0408782853758998,1.5691379,1.4462488,1000,985,valid
398,1.035355,1.0447185,1.0405802,1.0426118,1.0408576199842343,1.5691352,1.4257835,1000,985,valid
399,1.035395,1.0439504,1.0415909,1.0427495,1.04084066756947,1.5691324,1.4313579,1000,985,valid
400,1.0348177,1.0396929,1.0383508,1.0393829,1.0408455924962312,1.5691297,1.4431752,1000,985,valid
401,1.0348383,1.0397338,1.0381716,1.0393723,1.040829923288505,1.5691268,1.4550385,1000,985,valid
402,1.0347878,1.0402317,1.0376644,1.0393038,1.040861250401095,1.5691241,1.4408021,1000,985,valid
403,1.0347551,1.0403371,1.038207,1.0395958,1.0408407603415093,1.5691212,1.4399391,1000,985,valid
404,1.0348684,1.0378983,1.0356796,1.0373935,1.040852100201795,1.5691185,1.454206,1000,985,valid
405,1.0348194,1.0383017,1.0351684,1.0373302,1.0407865753735037,1.5691156,1.4512006,1000,985,valid
406,1.0342067,1.0436177,1.0354772,1.039773,1.0407987256377054,1.5691128,1.4248605,1000,985,valid
407,1.0342172,1.0431957,1.0398784,1.0415643,1.0406983624541508,1.56911,1.4183854,1000,985,valid
408,1.0342218,1.0438797,1.0364833,1.0403017,1.040631433157412,1.5691072,1.4136851,1000,985,valid
409,1.0342904,1.0429039,1.0358396,1.0395923,1.0405486880451509,1.5691043,1.4201095,1000,985,valid
410,1.0342757,1.0423112,1.0404375,1.0415057,1.0404768265123225,1.5691015,1.4379535,1000,985,valid
411,1.0342689,1.0422077,1.0403318,1.0414588,1.0404763297452955,1.5690986,1.4488668,1000,985,valid
412,1.0342556,1.0423095,1.0403211,1.0414397,1.040535844855521,1.5690956,1.4352878,1000,985,valid
413,1.0336654,1.0432283,1.0392208,1.0413115,1.0405351001221557,1.5690928,1.4256814,1000,985,valid
414,1.0337182,1.0431852,1.0378039,1.0406384,1.0404810829392876,1.5690899,1.4244665,1000,985,valid
415,1.0336896,1.0412686,1.0418091,1.0416273,1.0404640207576876,1.5690869,1.431063,1000,985,valid
416,1.0337309,1.0417523,1.0416958,1.0418158,1.0403644429043788,1.569084,1.4355359,1000,985,valid
417,1.033696,1.0418351,1.04059,1.0413382,1.040219656084351,1.5690811,1.4333918,1000,985,valid
418,1.033703,1.0415123,1.0412633,1.0415171,1.0401844952221782,1.5690781,1.4374118,1000,985,valid
419,1.0337237,1.042186,1.0393345,1.0409138,1.040075887448122,1.5690751,1.4311613,1000,985,valid
420,1.0336499,1.0428963,1.040135,1.0416012,1.0400383486564246,1.5690722,1.4307119,1000,985,valid
421,1.033095,1.0395241,1.0371181,1.0388037,1.039994055210785,1.5690693,1.4569705,1000,985,valid
422,1.0331291,1.0413852,1.0366149,1.0393816,1.0398970633503999,1.5690662,1.4481634,1000,985,valid
423,1.033179,1.0405993,1.0344079,1.0379784,1.0398553606445615,1.5690632,1.4400399,1000,985,valid
424,1.0331242,1.0417112,1.035238,1.0388522,1.039809357388471,1.5690602,1.4374022,1000,985,valid
425,1.033127,1.041231,1.0350709,1.03858,1.0397614101642005,1.5690572,1.4424489,1000,985,valid
426,1.0331348,1.0410382,1.0363201,1.0390835,1.0395745505006324,1.5690541,1.4469259,1000,985,valid
427,1.0331796,1.0407338,1.0349021,1.0383284,1.0394060744356426,1.5690511,1.4541306,1000,985,valid
428,1.0331272,1.0406859,1.0371326,1.0392808,1.0392150174029713,1.569048,1.4438398,1000,985,valid
429,1.0331414,1.0415545,1.0367825,1.0395277,1.0392217319946653,1.5690451,1.4464154,1000,985,valid
430,1.0325791,1.0392454,1.0427672,1.0412514,1.0389349062355249,1.569042,1.4550809,1000,985,valid
431,1.0326016,1.040523,1.0387077,1.039971,1.0387510365517671,1.5690389,1.453754,1000,985,valid
432,1.0325558,1.0418609,1.0390394,1.0407104,1.0385396452640459,1.5690358,1.4489422,1000,985,valid
433,1.0325975,1.040433,1.039077,1.0401187,1.0385508994564085,1.5690327,1.4582053,1000,985,valid
434,1.0326537,1.0405321,1.0381724,1.039739,1.0385160027993268,1.5690296,1.4556999,1000,985,valid
435,1.0325835,1.0404878,1.0379725,1.0395874,1.0384099115917231,1.5690265,1.4466729,1000,985,valid
436,1.0320579,1.0362117,1.0352622,1.0365003,1.0383419713152082,1.5690233,1.469052,1000,985,valid
437,1.0320696,1.0362031,1.0305493,1.0342561,1.0381922262214638,1.5690202,1.449837,1000,985,valid
438,1.0320809,1.0374424,1.0310833,1.0350047,1.0380246888611124,1.5690169,1.4364884,1000,985,valid
439,1.0320425,1.0375514,1.0367234,1.0377266,1.0379201933660698,1.5690138,1.4573137,1000,985,valid
440,1.0320642,1.0365462,1.0358477,1.0368947,1.0377839066903272,1.5690106,1.4631922,1000,985,valid
441,1.0320575,1.0373123,1.0363716,1.0374912,1.0376495809262583,1.5690074,1.4650637,1000,985,valid
442,1.0320536,1.0387747,1.034226,1.0371133,1.037526700820078,1.5690042,1.4509553,1000,985,valid
443,1.0320607,1.0350475,1.0342569,1.0354867,1.0374230699697315,1.569001,1.4635836,1000,985,valid
444,1.0315127,1.0412071,1.035702,1.0387895,1.0373986635573198,1.5689977,1.4272792,1000,985,valid
445,1.0314959,1.039724,1.0335126,1.0371679,1.037359405771934,1.5689945,1.4394963,1000,985,valid
446,1.0314791,1.0397755,1.0330763,1.0369911,1.037379270350646,1.5689913,1.4393122,1000,985,valid
447,1.0315068,1.0408418,1.034358,1.0380522,1.0372539878110048,1.568988,1.4369948,1000,985,valid
448,1.0314825,1.0403013,1.0319083,1.0366756,1.0372662663138255,1.5689847,1.434744,1000,985,valid
449,1.0314815,1.0395076,1.0342973,1.0374058,1.0372386567927072,1.5689814,1.434467,1000,985,valid
450,1.0315163,1.0381856,1.0365958,1.038005,1.0372180770824653,1.5689782,1.4681883,1000,985,valid
451,1.0314434,1.0395162,1.0389783,1.0396821,1.0371572981847403,1.5689749,1.4640799,1000,985,valid
452,1.0314629,1.0393636,1.0380106,1.039169,1.0371107646202562,1.5689715,1.463817,1000,985,valid
453,1.0309298,1.0400605,1.0393331,1.0400113,1.037008287852677,1.5689682,1.4458585,1000,985,valid
454,1.0309333,1.0333903,1.0309644,1.0331818,1.0369380253833056,1.5689648,1.453515,1000,985,valid
455,1.0309314,1.0387486,1.0414467,1.0403986,1.036900034207084,1.5689615,1.4499341,1000,985,valid
456,1.0309638,1.0410635,1.0306953,1.036395,1.0368561063466792,1.568958,1.4186597,1000,985,valid
457,1.0308908,1.0398715,1.0382335,1.0394653,1.036815976958289,1.5689547,1.4554949,1000,985,valid
458,1.0308388,1.0339738,1.0312288,1.0335493,1.0368013005906753,1.5689514,1.4492433,1000,985,valid
459,1.0309064,1.0336068,1.0307467,1.0331819,1.036776316479392,1.5689479,1.4537662,1000,985,valid
460,1.030303,1.0371943,1.0294217,1.034135,1.0367705800821518,1.5689445,1.437211,1000,985,valid
461,1.030356,1.0373154,1.0295601,1.0342739,1.0367821942353201,1.568941,1.4417593,1000,985,valid
462,1.0303589,1.038105,1.0345578,1.0370373,1.0367187845112427,1.5689375,1.4683869,1000,985,valid
463,1.0303775,1.0390013,1.0359741,1.0380578,1.0366230723719911,1.5689341,1.4603928,1000,985,valid
464,1.0303807,1.0379181,1.0328645,1.036157,1.0365919768303786,1.5689306,1.4636712,1000,985,valid
465,1.0303276,1.0387392,1.0333273,1.0367572,1.0366167294111868,1.5689272,1.4670007,1000,985,valid
466,1.0298245,1.0416946,1.0335784,1.0381298,1.036572563731638,1.5689237,1.4472452,1000,985,valid
467,1.0298065,1.041357,1.0352154,1.0387142,1.036552949044478,1.5689201,1.4448596,1000,985,valid
468,1.0298567,1.0410547,1.0347586,1.0383891,1.03649624103504,1.5689167,1.4496827,1000,985,valid
469,1.0297999,1.0399255,1.0316511,1.0364623,1.036337140694673,1.5689131,1.4515579,1000,985,valid
470,1.0298804,1.0406681,1.0318422,1.0367794,1.0362745000566895,1.5689095,1.4274404,1000,985,valid
471,1.0297639,1.039023,1.0313984,1.035863,1.0361587483252643,1.568906,1.4352982,1000,985,valid
472,1.029827,1.0374553,1.038072,1.038374,1.0360331033541728,1.5689024,1.4742204,1000,985,valid
473,1.0292568,1.0347354,1.03197,1.0343204,1.0359346401478187,1.5688988,1.4685066,1000,985,valid
474,1.0292825,1.0353212,1.0303507,1.0338072,1.0357898480246799,1.5688952,1.4596043,1000,985,valid
475,1.0292273,1.0355539,1.030399,1.0339233,1.0356845802870587,1.5688915,1.4568893,1000,985,valid
476,1.0292441,1.0372443,1.030475,1.0346744,1.0355918176738454,1.568888,1.4449717,1000,985,valid
477,1.0292906,1.0352316,1.0317969,1.0344627,1.0355470980568178,1.5688843,1.4675008,1000,985,valid
478,1.029239,1.0369844,1.0321884,1.035457,1.0355093025259674,1.5688807,1.471419,1000,985,valid
479,1.0292509,1.0365577,1.0322418,1.0352957,1.0354863355085515,1.568877,1.4733846,1000,985,valid
480,1.0292586,1.0365082,1.0307884,1.0344793,1.035261708541588,1.5688733,1.4442192,1000,985,valid
481,1.0287049,1.0381517,1.0341578,1.0368137,1.0352541184154591,1.5688696,1.454377,1000,985,valid
482,1.0287212,1.037451,1.0332732,1.0360448,1.0351649121456634,1.5688658,1.4441792,1000,985,valid
483,1.0286634,1.0383247,1.0333879,1.0365099,1.0351884677273886,1.5688621,1.4475176,1000,985,valid
484,1.0286183,1.0382447,1.0346166,1.0369945,1.0350216558509744,1.5688584,1.4383847,1000,985,valid
485,1.028703,1.0383697,1.03371,1.0366309,1.03477388218996,1.5688546,1.4370759,1000,985,valid
486,1.028685,1.0388799,1.0329412,1.0364813,1.0346209993205395,1.5688508,1.4303458,1000,985,valid
487,1.0286876,1.0383172,1.0328302,1.0361887,1.0345311064085845,1.5688471,1.4335288,1000,985,valid
488,1.0286664,1.0375695,1.0303124,1.0345877,1.034509206304724,1.5688432,1.4095484,1000,985,valid
489,1.0281084,1.0324254,1.0298183,1.0321535,1.0344956014625368,1.5688394,1.4390012,1000,985,valid
490,1.028147,1.0322495,1.0297921,1.0321083,1.034437263410725,1.5688355,1.4495059,1000,985,valid
491,1.0281498,1.0335689,1.0305711,1.0330508,1.0343811082938046,1.5688317,1.4462132,1000,985,valid
492,1.0281423,1.0339048,1.0286815,1.0322791,1.034334710493281,1.5688279,1.4328083,1000,985,valid
493,1.0281049,1.0329758,1.0301578,1.0326424,1.0343162266918273,1.5688239,1.4576098,1000,985,valid
494,1.0275958,1.0361099,1.0299897,1.0339724,1.0342970926733501,1.56882,1.4531187,1000,985,valid
495,1.0276107,1.036525,1.0293372,1.033784,1.0342189866625917,1.5688162,1.4355084,1000,985,valid
496,1.0275452,1.0368686,1.0292985,1.0339365,1.0341690036377569,1.5688123,1.4385848,1000,985,valid
497,1.0275983,1.0353246,1.0307434,1.0339335,1.0340822876321718,1.5688083,1.4472831,1000,985,valid
498,1.0275689,1.035093,1.0311655,1.034032,1.0341004456298226,1.5688043,1.4497194,1000,985,valid
499,1.0276134,1.035777,1.0309472,1.0342095,1.0340049941935565,1.5688003,1.4420962,1000,985,valid
500,1.0275897,1.0347197,1.0304132,1.0334886,1.0339028896698024,1.5687963,1.4431685,1000,985,valid
501,1.0275644,1.0352203,1.0303607,1.0336579,1.0338571306862343,1.5687923,1.4354568,1000,985,valid
502,1.0276034,1.0354505,1.0308702,1.0340084,1.0338018166497285,1.5687883,1.4382437,1000,985,valid
503,1.0275767,1.0350795,1.0305517,1.0337251,1.0337444984882156,1.5687842,1.445237,1000,985,valid
504,1.0270193,1.0380912,1.0297337,1.0346682,1.033686480877692,1.5687802,1.4332583,1000,985,valid
505,1.0270164,1.035464,1.0326729,1.0348358,1.0336127660561003,1.5687761,1.437518,1000,985,valid
506,1.0270526,1.0367876,1.0314225,1.0349183,1.03350482746768,1.5687721,1.4491011,1000,985,valid
507,1.0269905,1.0377057,1.0290275,1.0341886,1.0334918700613536,1.5687679,1.4374812,1000,985,valid
508,1.0270326,1.037128,1.028749,1.033762,1.0334236466543376,1.5687639,1.4294188,1000,985,valid
509,1.0270107,1.0379701,1.0292789,1.0344021,1.0333453991957857,1.5687597,1.4326088,1000,985,valid
510,1.027022,1.0365659,1.034893,1.0365355,1.033284649837793,1.5687555,1.4787848,1000,985,valid
511,1.02706,1.0370624,1.0292616,1.0340283,1.0332262016465232,1.5687513,1.4431394,1000,985,valid
512,1.0264467,1.0323815,1.0281725,1.0313919,1.033189913022727,1.5687472,1.4414812,1000,985,valid
513,1.0264748,1.0322347,1.0280771,1.0312442,1.0331166198578579,1.568743,1.4332098,1000,985,valid
514,1.0264417,1.033339,1.0282949,1.0318333,1.0330113473220552,1.5687387,1.4302883,1000,985,valid
515,1.0266044,1.0315971,1.0284446,1.0312604,1.0328584685541753,1.5687345,1.4642069,1000,985,valid
516,1.026442,1.0328517,1.027919,1.0314747,1.032691285513999,1.5687302,1.4381051,1000,985,valid
517,1.0264341,1.0349365,1.0282305,1.0325661,1.032525527225859,1.568726,1.4380298,1000,985,valid
518,1.0264413,1.0346568,1.0286034,1.0325983,1.0323468856966416,1.5687217,1.4356098,1000,985,valid
519,1.0259198,1.0361543,1.0276423,1.0327818,1.0321902810613044,1.5687174,1.4226606,1000,985,valid
520,1.0259506,1.0346314,1.0298977,1.0332229,1.0320647370842344,1.568713,1.4454415,1000,985,valid
521,1.0258876,1.0362066,1.0276974,1.0328301,1.0319508295852413,1.5687087,1.422508,1000,985,valid
522,1.0258898,1.0357847,1.029139,1.0333884,1.0318580508331818,1.5687042,1.4426353,1000,985,valid
523,1.0258834,1.033973,1.0295122,1.0327443,1.0317872497038272,1.5686998,1.4448664,1000,985,valid
524,1.0258955,1.0351436,1.0284553,1.0327672,1.0317033515861624,1.5686955,1.4389313,1000,985,valid
525,1.025776,1.034212,1.0281909,1.032222,1.0316391373013118,1.568691,1.4389203,1000,985,valid
526,1.0253376,1.0298369,1.027317,1.0298616,1.0315375159924902,1.5686866,1.4458567,1000,985,valid
527,1.0253512,1.0300486,1.0282841,1.0302957,1.0313996850854055,1.5686822,1.4226674,1000,985,valid
528,1.0253496,1.0295086,1.0270509,1.029569,1.0312798443314304,1.5686777,1.4410961,1000,985,valid
529,1.0253375,1.0307028,1.0270116,1.030099,1.0311551126375866,1.5686731,1.4420385,1000,985,valid
530,1.025348,1.0309402,1.0270462,1.030162,1.0310270243175352,1.5686687,1.4285371,1000,985,valid
531,1.0253712,1.0306337,1.0270646,1.0301455,1.0309711297550916,1.5686642,1.4540514,1000,985,valid
532,1.0253557,1.0288587,1.0265143,1.0289689,1.0309308467978968,1.5686595,1.4280754,1000,985,valid
533,1.0253137,1.0304878,1.0269767,1.0299743,1.030868075153632,1.568655,1.4396298,1000,985,valid
534,1.0247741,1.0329125,1.0265796,1.0308857,1.030865973620414,1.5686504,1.4372282,1000,985,valid
535,1.0247838,1.0334332,1.0266607,1.0311339,1.0308908669793764,1.5686458,1.4314674,1000,985,valid
536,1.0247643,1.0332676,1.0269809,1.0311292,1.0309854095423525,1.5686412,1.4147923,1000,985,valid
537,1.024783,1.0325015,1.0265791,1.0306064,1.0310198106879813,1.5686365,1.4169344,1000,985,valid
538,1.0247997,1.033982,1.0279418,1.0320349,1.0309691676337474,1.5686319,1.4459071,1000,985,valid
539,1.0248022,1.0338327,1.0279832,1.0319642,1.0309047278748766,1.5686271,1.4411355,1000,985,valid
540,1.0247796,1.0333247,1.0267309,1.031126,1.030788601015857,1.5686225,1.4335384,1000,985,valid
541,1.0242565,1.0336869,1.0267452,1.0312439,1.0306241165976073,1.5686177,1.4217361,1000,985,valid
542,1.024239,1.0338023,1.0280962,1.0319963,1.0304617842568398,1.5686129,1.4398401,1000,985,valid
543,1.024227,1.0335989,1.0273147,1.0315764,1.030344318397411,1.5686082,1.4465717,1000,985,valid
544,1.0242205,1.032639,1.0269922,1.0309741,1.0302619342477137,1.5686034,1.4425828,1000,985,valid
545,1.0242519,1.0329299,1.027226,1.0311719,1.030191032019032,1.5685985,1.4333652,1000,985,valid
546,1.0241802,1.024909,1.0254943,1.0267503,1.0302096453308787,1.5685937,1.4383311,1000,985,valid
547,1.0236499,1.0315621,1.0260425,1.0299628,1.0302228533415987,1.5685889,1.4234172,1000,985,valid
548,1.0237193,1.029978,1.0253682,1.0290254,1.0302405568945041,1.568584,1.443856,1000,985,valid
549,1.0236441,1.0306828,1.0254626,1.0293661,1.0302478514775044,1.5685791,1.4386586,1000,985,valid
550,1.0236872,1.029412,1.025178,1.0287073,1.030243513629965,1.5685741,1.4497838,1000,985,valid
551,1.0236696,1.0299621,1.0255877,1.0290409,1.0301571184382905,1.5685692,1.4266688,1000,985,valid
552,1.0230902,1.0329032,1.0256264,1.0303667,1.0300002337992358,1.5685642,1.419841,1000,985,valid
553,1.0231773,1.0324827,1.0257294,1.0302303,1.0298318234506991,1.5685592,1.4215777,1000,985,valid
554,1.023121,1.0320655,1.0259733,1.0302603,1.0296594703498883,1.5685542,1.4455869,1000,985,valid
555,1.0231286,1.0330698,1.0279853,1.0316995,1.0294965897608757,1.5685492,1.4594234,1000,985,valid
556,1.0231293,1.0322363,1.0252168,1.0299007,1.029352878459808,1.568544,1.4253536,1000,985,valid
557,1.0231259,1.0318084,1.0255014,1.0298107,1.0292138719847967,1.568539,1.4197776,1000,985,valid
558,1.0231558,1.0317719,1.0260313,1.0302045,1.028997934359512,1.5685339,1.4570996,1000,985,valid
559,1.022551,1.0282335,1.0244439,1.0278063,1.028828094206942,1.5685288,1.4434139,1000,985,valid
560,1.0225872,1.0268795,1.0249491,1.0274085,1.0286864514296576,1.5685236,1.440645,1000,985,valid
561,1.0225694,1.0269653,1.0244766,1.0273384,1.0285433591290836,1.5685184,1.4646068,1000,985,valid
562,1.0225693,1.025527,1.0254567,1.0270196,1.0284010857892276,1.5685133,1.4394635,1000,985,valid
563,1.0225917,1.0257403,1.0249587,1.0269253,1.0282466104177346,1.568508,1.4475865,1000,985,valid
564,1.0225693,1.0254999,1.0245879,1.0266305,1.0281348829833648,1.5685028,1.4440801,1000,985,valid
565,1.0225779,1.0298342,1.024377,1.0285981,1.0280310285653098,1.5684975,1.4644252,1000,985,valid
566,1.021968,1.0322213,1.0242107,1.0296085,1.027884531265192,1.5684922,1.4643261,1000,985,valid
567,1.0219914,1.0325809,1.0243099,1.0297896,1.0277896871647356,1.5684868,1.4580332,1000,985,valid
568,1.0220305,1.0321432,1.0241004,1.0295343,1.0277081268684434,1.5684816,1.4670202,1000,985,valid
569,1.0220746,1.0303669,1.023798,1.0285647,1.0276233988571195,1.5684762,1.4619161,1000,985,valid
570,1.0220112,1.0303556,1.0237556,1.0284963,1.0275040343975708,1.5684707,1.4520738,1000,985,valid
571,1.0214311,1.0237024,1.0247412,1.0258731,1.0273850097880484,1.5684654,1.4420259,1000,985,valid
572,1.0214269,1.0235133,1.0236996,1.025388,1.0272713160659896,1.5684599,1.4593804,1000,985,valid
573,1.021482,1.0238539,1.0237129,1.0255615,1.027139556591789,1.5684544,1.4621595,1000,985,valid
574,1.0215372,1.0227807,1.0236019,1.0250566,1.0270336396659039,1.5684489,1.4699569,1000,985,valid
575,1.0214229,1.0228783,1.0239968,1.0252255,1.0269104954950408,1.5684434,1.4572896,1000,985,valid
576,1.0208806,1.0279579,1.0239829,1.0274528,1.0268228637280623,1.5684378,1.4395854,1000,985,valid
577,1.020915,1.0282636,1.0236108,1.0274422,1.0267309019413036,1.5684322,1.4441779,1000,985,valid
578,1.0209255,1.0300255,1.0232807,1.028125,1.0266796513028456,1.5684266,1.4512265,1000,985,valid
579,1.020948,1.0287073,1.0228139,1.0273713,1.0266195368033757,1.568421,1.4646981,1000,985,valid
580,1.0209984,1.0285432,1.0229609,1.0273408,1.0264936122632924,1.5684154,1.4594932,1000,985,valid
581,1.0203682,1.0270407,1.0226197,1.0265096,1.0264238314157597,1.5684097,1.4615383,1000,985,valid
582,1.0203654,1.0254638,1.0232415,1.0259894,1.026320764137057,1.568404,1.4421153,1000,985,valid
583,1.0203491,1.0280895,1.0228617,1.0270412,1.0262557341829817,1.5683982,1.4488071,1000,985,valid
584,1.0203818,1.026433,1.022459,1.0261188,1.0262150295879653,1.5683925,1.4523956,1000,985,valid
585,1.0203943,1.025737,1.0224917,1.0258046,1.0261179135689005,1.5683867,1.4496706,1000,985,valid
586,1.0203319,1.0259845,1.0227014,1.0259693,1.0260612597948424,1.5683808,1.4398904,1000,985,valid
587,1.0204023,1.0261723,1.022218,1.0258745,1.0260058667922065,1.568375,1.4489896,1000,985,valid
588,1.0198337,1.0253212,1.022511,1.0256611,1.0259234050885624,1.5683692,1.457973,1000,985,valid
589,1.01984,1.0253994,1.0223761,1.0256417,1.0258191402896457,1.5683632,1.4594818,1000,985,valid
590,1.0198069,1.0251342,1.0222653,1.0254672,1.025704364878765,1.5683573,1.4587799,1000,985,valid
591,1.0198011,1.0272518,1.021827,1.0262573,1.0256055241740774,1.5683514,1.4647379,1000,985,valid
592,1.0198249,1.0232453,1.0225581,1.0247017,1.0255425231702646,1.5683453,1.4499439,1000,985,valid
593,1.0198134,1.0246136,1.0219438,1.0251025,1.025496772657093,1.5683393,1.4631445,1000,985,valid
594,1.0198197,1.0246134,1.0216663,1.0250032,1.025471541011496,1.5683333,1.4694229,1000,985,valid
595,1.0192163,1.0263503,1.021818,1.0258067,1.025389791561013,1.5683272,1.4566252,1000,985,valid
596,1.0192391,1.0279722,1.0211861,1.0263581,1.0253532188319585,1.5683211,1.47969,1000,985,valid
597,1.019272,1.0271904,1.0213203,1.0259968,1.025212868666363,1.5683149,1.4645547,1000,985,valid
598,1.019254,1.0276875,1.0211678,1.026257,1.025074023055984,1.5683087,1.488138,1000,985,valid
599,1.0192691,1.0241098,1.0209584,1.0244598,1.0249097693824638,1.5683025,1.471622,1000,985,valid
600,1.0191985,1.0260854,1.0206991,1.0252806,1.024723064689082,1.5682963,1.4806811,1000,985,valid
601,1.0187016,1.0207481,1.0216027,1.0231917,1.0245275648267163,1.5682901,1.4643478,1000,985,valid
602,1.0186472,1.0217314,1.020733,1.0232574,1.0244107193664629,1.5682838,1.467922,1000,985,valid
603,1.0186881,1.0205352,1.0213051,1.0229751,1.0243492758625705,1.5682775,1.4680597,1000,985,valid
604,1.0186666,1.0204747,1.0216293,1.0230639,1.0242830975392632,1.568271,1.4608705,1000,985,valid
605,1.0181236,1.0268989,1.0205338,1.0255437,1.0242228274890735,1.5682647,1.4734728,1000,985,valid
606,1.0181208,1.0275002,1.0203662,1.0257442,1.0241017756816913,1.5682583,1.4742483,1000,985,valid
607,1.0180956,1.0279465,1.0198705,1.025768,1.0239711977724686,1.5682518,1.4850596,1000,985,valid
608,1.0181644,1.0247605,1.0214484,1.0248439,1.0238633857728703,1.5682453,1.4410387,1000,985,valid
609,1.0181632,1.025713,1.0201988,1.0248457,1.0237850541125815,1.5682387,1.4723892,1000,985,valid
610,1.0176564,1.0254254,1.0199504,1.0246123,1.0236694620064155,1.5682322,1.4749079,1000,985,valid
611,1.0175893,1.0206865,1.0202471,1.0226328,1.023558393362072,1.5682256,1.4846389,1000,985,valid
612,1.0176675,1.0189638,1.0208455,1.022049,1.023489419483854,1.5682191,1.4679765,1000,985,valid
613,1.0175446,1.0196638,1.0202658,1.0221292,1.0234444918925325,1.5682124,1.4740391,1000,985,valid
614,1.0175704,1.0204389,1.0197345,1.0222747,1.0233532802664576,1.5682057,1.48215,1000,985,valid
615,1.0176033,1.0186796,1.020699,1.021803,1.0232555509766352,1.5681989,1.456825,1000,985,valid
616,1.017076,1.0221356,1.0196991,1.0229663,1.023155370377786,1.5681921,1.4674311,1000,985,valid
617,1.0170151,1.0222967,1.0196083,1.0229443,1.0230726670585752,1.5681853,1.4553417,1000,985,valid
618,1.0170021,1.0224488,1.0193708,1.0228821,1.0229286772955808,1.5681785,1.4502131,1000,985,valid
619,1.0170213,1.0206325,1.0198606,1.0222508,1.0228174914967683,1.5681716,1.4438971,1000,985,valid
620,1.0170021,1.0243555,1.0186067,1.0235119,1.0226881361598283,1.5681647,1.4752523,1000,985,valid
621,1.0170056,1.0206962,1.0195901,1.022158,1.0225642707199751,1.5681578,1.4443457,1000,985,valid
622,1.0164579,1.0232912,1.0189037,1.0230329,1.0224956393433389,1.5681509,1.4459742,1000,985,valid
623,1.0164593,1.0216935,1.0186164,1.0222021,1.0224008699778646,1.5681438,1.4522667,1000,985,valid
624,1.0164579,1.0230851,1.0190661,1.0229248,1.0223354910472278,1.5681368,1.426368,1000,985,valid
625,1.0164402,1.0236738,1.0182405,1.0229278,1.022228936389851,1.5681297,1.4513441,1000,985,valid
626,1.0164708,1.0244796,1.0177964,1.0231472,1.0221739006127601,1.5681225,1.4638412,1000,985,valid
627,1.0164638,1.0234163,1.017864,1.0226903,1.022045148553292,1.5681154,1.4630191,1000,985,valid
628,1.0158943,1.0184014,1.0188903,1.0208075,1.0219445933722802,1.5681082,1.4475852,1000,985,valid
629,1.0158886,1.0210443,1.0178593,1.021672,1.02180883101598,1.5681009,1.4774519,1000,985,valid
630,1.0158627,1.0186315,1.0184827,1.0207793,1.0216859332561645,1.5680937,1.4595463,1000,985,valid
631,1.0158595,1.0239546,1.0177794,1.0229692,1.021617484518237,1.5680863,1.4794337,1000,985,valid
632,1.0153323,1.023859,1.0175459,1.0227662,1.0215395193909387,1.568079,1.4674791,1000,985,valid
633,1.0153477,1.0213401,1.017562,1.0215368,1.021504597360469,1.5680715,1.4473548,1000,985,valid
634,1.0153143,1.0216057,1.0174277,1.0216267,1.0214130394957937,1.5680641,1.45414,1000,985,valid
635,1.0153519,1.0226612,1.0175247,1.0221134,1.0213327486357315,1.5680566,1.4456022,1000,985,valid
636,1.0153496,1.0219815,1.0172865,1.0217113,1.0212774754472207,1.5680491,1.4492488,1000,985,valid
637,1.0148686,1.0192482,1.0167843,1.0203608,1.0211943190684458,1.5680416,1.4770898,1000,985,valid
638,1.0148212,1.0158495,1.0178751,1.0191628,1.0210874476041938,1.5680339,1.4435376,1000,985,valid
639,1.014832,1.0186343,1.017221,1.0202374,1.0209477988614248,1.5680263,1.4672213,1000,985,valid
640,1.0147252,1.0191205,1.0169052,1.0202881,1.0208136541132693,1.5680186,1.4613198,1000,985,valid
641,1.0147958,1.018681,1.0168297,1.0200497,1.0206579700024048,1.5680108,1.4604715,1000,985,valid
642,1.0142006,1.0189562,1.0171037,1.0201935,1.020503431633518,1.568003,1.4366487,1000,985,valid
643,1.0142381,1.0207858,1.0161656,1.0206939,1.020355416282793,1.5679952,1.4581445,1000,985,valid
644,1.014222,1.0190537,1.0161446,1.0198479,1.0202282164876382,1.5679873,1.4474909,1000,985,valid
645,1.0142324,1.0199409,1.0161537,1.0202551,1.0200903619892703,1.5679795,1.4472866,1000,985,valid
646,1.0137277,1.0216193,1.0160702,1.0209798,1.0199669877163158,1.5679715,1.4469876,1000,985,valid
647,1.0136852,1.019491,1.015893,1.0199027,1.0198190688854498,1.5679635,1.4410261,1000,985,valid
648,1.0136733,1.0208888,1.0163093,1.0207107,1.0197295449150263,1.5679554,1.4368296,1000,985,valid
649,1.0136609,1.0203861,1.0159209,1.0203322,1.0196018468488568,1.5679474,1.4430586,1000,985,valid
650,1.0137057,1.0199196,1.0159459,1.0201241,1.0194734095468434,1.5679392,1.4414479,1000,985,valid
651,1.0131059,1.0180494,1.0156641,1.0192237,1.019371537036893,1.567931,1.4593271,1000,985,valid
652,1.0131198,1.018889,1.0153418,1.0195185,1.0192797008614993,1.5679228,1.4728512,1000,985,valid
653,1.0130981,1.0157931,1.0158379,1.0182513,1.0191797681398838,1.5679145,1.4538244,1000,985,valid
654,1.013075,1.0172422,1.0153584,1.018723,1.0190130686332581,1.5679061,1.4608548,1000,985,valid
655,1.0131254,1.0153368,1.0156374,1.0179188,1.0188231425780994,1.5678978,1.4464943,1000,985,valid
656,1.0125736,1.0166621,1.0152524,1.0183516,1.018642574518324,1.5678893,1.4476812,1000,985,valid
657,1.012573,1.0183685,1.0152104,1.0191048,1.0185140433993103,1.5678809,1.4466993,1000,985,valid
658,1.0125283,1.0160954,1.0149311,1.0179332,1.0184089151248663,1.5678724,1.4447635,1000,985,valid
659,1.0125264,1.019131,1.0146149,1.019168,1.0182780322624634,1.5678638,1.444128,1000,985,valid
660,1.0125835,1.0192916,1.0142419,1.0190959,1.018143242754304,1.5678551,1.449786,1000,985,valid
661,1.0119799,1.017024,1.0144954,1.018255,1.0180676955836767,1.5678465,1.4667368,1000,985,valid
662,1.0120062,1.014436,1.014665,1.0170965,1.0179757888612464,1.5678377,1.4538244,1000,985,valid
663,1.0119807,1.0141196,1.0145559,1.0168464,1.0178624601411888,1.567829,1.4413408,1000,985,valid
664,1.0119773,1.0161135,1.0139318,1.017608,1.0176924293304401,1.5678202,1.4724967,1000,985,valid
665,1.0119897,1.0153338,1.0139933,1.017233,1.0175406304773784,1.5678113,1.4616421,1000,985,valid
666,1.0113965,1.0151505,1.0141255,1.0171152,1.0173909023703298,1.5678023,1.440501,1000,985,valid
667,1.0114698,1.0177662,1.013352,1.0180473,1.0172323152517546,1.5677934,1.4616803,1000,985,valid
668,1.0114573,1.0172341,1.0133619,1.0178316,1.017085785144713,1.5677843,1.4666243,1000,985,valid
669,1.0114388,1.0156386,1.0132539,1.0170221,1.016974640728527,1.5677751,1.4590989,1000,985,valid
670,1.0114543,1.0148113,1.0131892,1.0165625,1.016821221577963,1.5677661,1.4471931,1000,985,valid
671,1.0108587,1.0163212,1.0133541,1.0172738,1.0166802578445926,1.5677568,1.4357483,1000,985,valid
672,1.0109016,1.0155672,1.0128012,1.0167489,1.0165625753676628,1.5677476,1.4515957,1000,985,valid
673,1.0108892,1.0124073,1.0131681,1.015461,1.0164373609071133,1.5677382,1.4478353,1000,985,valid
674,1.010857,1.0131283,1.0129725,1.0156977,1.0163021588039622,1.5677289,1.4473845,1000,985,valid
675,1.0108601,1.0151598,1.012295,1.0163459,1.0161665573500962,1.5677195,1.4547417,1000,985,valid
676,1.010301,1.0129629,1.0127265,1.0154464,1.016038165040821,1.5677099,1.4333354,1000,985,valid
677,1.0103484,1.0127335,1.0125427,1.0153002,1.0159010623745348,1.5677004,1.4426798,1000,985,valid
678,1.0103292,1.0124371,1.0124251,1.0150942,1.0157615611738167,1.5676907,1.438876,1000,985,valid
679,1.0102925,1.0129212,1.0122365,1.0152766,1.015567560779569,1.5676811,1.4495682,1000,985,valid
680,1.0097162,1.0167956,1.0117223,1.0168457,1.015400135389383,1.5676713,1.4585418,1000,985,valid
681,1.0097858,1.0143673,1.0115628,1.015622,1.0152123095578656,1.5676615,1.4484859,1000,985,valid
682,1.0097636,1.0154431,1.0117979,1.0161322,1.0150440046235094,1.5676516,1.4292573,1000,985,valid
683,1.0097698,1.0141406,1.0114269,1.0154492,1.014910110628256,1.5676417,1.4468668,1000,985,valid
684,1.0097401,1.0136495,1.0114567,1.0152327,1.0147811165292964,1.5676317,1.445436,1000,985,valid
685,1.0091923,1.0144083,1.0111877,1.0155414,1.0146728502037603,1.5676217,1.4646797,1000,985,valid
686,1.009212,1.0114067,1.0112228,1.0141006,1.0145464193056877,1.5676116,1.4445908,1000,985,valid
687,1.0091827,1.0118699,1.0110525,1.0142776,1.0143951665380446,1.5676014,1.4543811,1000,985,valid
688,1.0091988,1.010371,1.0110295,1.013505,1.0141993730982657,1.5675912,1.4367263,1000,985,valid
689,1.0091845,1.0112369,1.010843,1.0138403,1.0140170008494063,1.5675809,1.4425638,1000,985,valid
690,1.0086007,1.0118192,1.0107303,1.0139862,1.0138595682564238,1.5675706,1.4276485,1000,985,valid
691,1.0086533,1.0116234,1.0105493,1.0138106,1.013678814471659,1.5675601,1.4268568,1000,985,valid
692,1.0086603,1.0115561,1.0104235,1.0137216,1.013519579782215,1.5675496,1.4266783,1000,985,valid
693,1.0085789,1.010744,1.0101216,1.0132952,1.0134171754301813,1.567539,1.4446512,1000,985,valid
694,1.0080953,1.0089755,1.0101321,1.0124243,1.0133247900236848,1.5675284,1.4291351,1000,985,valid
695,1.0081002,1.0099617,1.0099652,1.0128206,1.0131878448063305,1.5675176,1.4343208,1000,985,valid
696,1.0080587,1.0097349,1.0098279,1.0126494,1.012999659000507,1.5675069,1.4331921,1000,985,valid
697,1.0080765,1.0097272,1.0096742,1.012574,1.0128524437309927,1.5674961,1.4328454,1000,985,valid
698,1.0081105,1.008022,1.0095364,1.0116751,1.0127008580824317,1.5674851,1.419884,1000,985,valid
699,1.0074874,1.0105598,1.0093563,1.0128038,1.0125218688889297,1.5674741,1.4320217,1000,985,valid
700,1.0074899,1.0102601,1.0092199,1.0126159,1.0123436762988345,1.567463,1.4344331,1000,985,valid
701,1.007519,1.0097902,1.0090804,1.0122925,1.012209543558283,1.5674518,1.424443,1000,985,valid
702,1.0075645,1.0086313,1.0088595,1.0116757,1.0120538902913272,1.5674406,1.4270674,1000,985,valid
703,1.0075549,1.009443,1.008738,1.0120115,1.0118964627476406,1.5674293,1.4318379,1000,985,valid
704,1.0069766,1.0110035,1.0086083,1.0126032,1.0117506737449522,1.567418,1.4187953,1000,985,valid
705,1.0070014,1.010289,1.0084906,1.0121686,1.0115424349325688,1.5674065,1.4068251,1000,985,valid
706,1.0069383,1.0101707,1.0083331,1.0120089,1.011451821307856,1.567395,1.3995308,1000,985,valid
707,1.0069237,1.0096358,1.0081753,1.0116968,1.0112950897704782,1.5673834,1.4003384,1000,985,valid
708,1.0064325,1.0086482,1.0080141,1.0112985,1.0111451360328008,1.5673717,1.4275191,1000,985,valid
709,1.0063834,1.0057447,1.0078726,1.0098093,1.0109762275806589,1.5673599,1.4052577,1000,985,valid
710,1.0063741,1.0065387,1.0077181,1.010146,1.0108363199170085,1.5673481,1.4151876,1000,985,valid
711,1.0064064,1.0079839,1.0075607,1.0107701,1.0107455559285794,1.5673361,1.4234555,1000,985,valid
712,1.0063758,1.0083004,1.0073956,1.0108991,1.010633503306043,1.5673242,1.4367253,1000,985,valid
713,1.0057656,1.0092199,1.0072254,1.0112901,1.0105216447843868,1.567312,1.4478066,1000,985,valid
714,1.005824,1.0077081,1.007095,1.0104934,1.0103695767174403,1.5672998,1.4370799,1000,985,valid
715,1.0058682,1.0074941,1.0069377,1.0103225,1.0102351620965615,1.5672876,1.4367385,1000,985,valid
716,1.0058129,1.0084584,1.0067804,1.0107702,1.0100822011223616,1.5672752,1.4546146,1000,985,valid
717,1.0052568,1.0069768,1.0066421,1.0099183,1.009926201927323,1.5672628,1.4294167,1000,985,valid
718,1.0052639,1.0049655,1.0064871,1.0088693,1.0097715560165308,1.5672503,1.4158756,1000,985,valid
719,1.0053475,1.0037355,1.006331,1.0082335,1.0096017637377677,1.5672376,1.4149632,1000,985,valid
720,1.0052568,1.0048736,1.0061762,1.0088214,1.0094295847188641,1.5672249,1.4457314,1000,985,valid
721,1.0047051,1.0079367,1.0060222,1.0101073,1.009259173909435,1.5672121,1.4372529,1000,985,valid
722,1.0047226,1.0070331,1.0058613,1.0095904,1.0091168488237447,1.5671992,1.4302751,1000,985,valid
723,1.004714,1.006794,1.0057014,1.0093789,1.008970076860823,1.5671862,1.4238242,1000,985,valid
724,1.004754,1.0059769,1.0055746,1.0090066,1.0087953067348956,1.5671731,1.4365009,1000,985,valid
725,1.0041991,1.0067345,1.0053911,1.0091258,1.008611643256828,1.56716,1.4055964,1000,985,valid
726,1.0041403,1.0047271,1.0052533,1.0082545,1.0084453592424638,1.5671467,1.4286128,1000,985,valid
727,1.0041364,1.0042311,1.005114,1.0079825,1.0082975337830724,1.5671333,1.4324825,1000,985,valid
728,1.0036305,1.0039332,1.0049188,1.0076951,1.0081017796413978,1.5671198,1.4188576,1000,985,valid
729,1.0036403,1.0023041,1.004758,1.0068021,1.007925464428178,1.5671064,1.4020724,1000,985,valid
730,1.0036168,1.0069163,1.0046372,1.0089953,1.0077886064394384,1.5670927,1.4342754,1000,985,valid
731,1.0035799,1.0023777,1.0044402,1.0066842,1.0076698259863313,1.5670788,1.4007865,1000,985,valid
732,1.0030333,1.0050617,1.0042664,1.0077982,1.0075464570272883,1.567065,1.3946428,1000,985,valid
733,1.0030763,1.0059867,1.0041523,1.0083282,1.0074204226933674,1.567051,1.4294907,1000,985,valid
734,1.0030758,1.0068805,1.0039935,1.0086641,1.007277824527166,1.567037,1.4298388,1000,985,valid
735,1.003126,1.0050396,1.0038171,1.0077499,1.0070955723003436,1.5670228,1.4309227,1000,985,valid
736,1.0030149,1.0027504,1.0036361,1.0065371,1.006915590250528,1.5670085,1.4118606,1000,985,valid
737,1.0024704,1.0012888,1.0034772,1.0057199,1.0067414056539319,1.5669941,1.3948596,1000,985,valid
738,1.0025389,1.0013341,1.0033128,1.0056466,1.0065789364988427,1.5669795,1.3908708,1000,985,valid
739,1.0025271,1.0022116,1.0031427,1.0060304,1.006466994855513,1.566965,1.4042042,1000,985,valid
740,1.0024647,1.0014458,1.0029769,1.0055695,1.0063353887341038,1.5669502,1.39639,1000,985,valid
741,1.0019674,1.0032768,1.0028182,1.0062801,1.006211249152577,1.5669353,1.3855789,1000,985,valid
742,1.001959,1.0034227,1.0026504,1.0062685,1.0060978807671936,1.5669204,1.3853574,1000,985,valid
743,1.0018936,1.0034325,1.0024904,1.0062209,1.005943323246084,1.5669053,1.3898764,1000,985,valid
744,1.0019488,1.0039228,1.0023239,1.0064164,1.0057753974409573,1.5668901,1.400217,1000,985,valid
745,1.0014348,1.002238,1.0021794,1.0056006,1.0055952811338695,1.5668747,1.404,1000,985,valid
746,1.0013711,1.0033405,1.0019891,1.0058628,1.0054085116474887,1.5668594,1.3714716,1000,985,valid
747,1.0013375,1.0004165,1.0019367,1.0046486,1.0052659862289526,1.5668437,1.4015217,1000,985,valid
748,1.001425,1.0004846,1.001653,1.0045397,1.0051418874144162,1.5668281,1.3994102,1000,985,valid
749,1.000872,1.000334,1.0015249,1.0043415,1.0050014048195564,1.5668123,1.3842158,1000,985,valid
750,1.0008445,1.0033572,1.0013456,1.0057176,1.0048517845838325,1.5667963,1.401665,1000,985,valid
751,1.0008316,1.0021899,1.0011744,1.0051088,1.0047073210969626,1.5667803,1.4018874,1000,985,valid
752,1.0002962,1.0005009,1.0010111,1.0041857,1.0045483193717777,1.5667641,1.384959,1000,985,valid
753,1.0003322,1.0027804,1.0008254,1.0051965,1.0044139397827525,1.5667478,1.3972697,1000,985,valid
754,1.0002973,1.0023391,1.0006773,1.0049778,1.0042719075791853,1.5667313,1.4080409,1000,985,valid
755,1.0003295,1.0013642,1.0005112,1.0044042,1.0040913933686673,1.5667148,1.3965038,1000,985,valid
756,0.9997127,0.9996473,1.000351,1.0034581,1.0039768522653747,1.566698,1.3771957,1000,985,valid
757,0.9996799,0.99964446,1.0002017,1.0034721,1.003777157977079,1.5666811,1.3949578,1000,985,valid
758,0.9998089,0.9993241,1.0000246,1.0032694,1.003643399288109,1.5666641,1.4001684,1000,985,valid
759,0.9997967,1.0001174,0.99981695,1.0034437,1.0034868460813373,1.5666469,1.3805792,1000,985,valid
760,0.9991343,0.9993968,0.99968207,1.0031755,1.0033430155966316,1.5666296,1.4065663,1000,985,valid
761,0.9992151,0.99992406,0.9994739,1.0032307,1.003212168312865,1.5666122,1.3873783,1000,985,valid
762,0.999198,1.0010383,0.99929506,1.0036469,1.0030283404707605,1.5665947,1.3854017,1000,985,valid
763,0.9992134,1.0007522,0.99913645,1.0035245,1.0028442881388433,1.566577,1.4026006,1000,985,valid
764,0.9986345,0.9982663,0.99898463,1.0023282,1.0026873703175432,1.5665591,1.4037006,1000,985,valid
765,0.99866116,0.9982315,0.9988337,1.0022233,1.002546548765059,1.5665411,1.3994175,1000,985,valid
766,0.9986164,0.9973877,0.99865836,1.001736,1.0023437102490593,1.5665228,1.3945804,1000,985,valid
767,0.9981078,0.99779665,0.99848807,1.0018079,1.0021778100459988,1.5665045,1.3868023,1000,985,valid
768,0.99814445,0.99906605,0.9982983,1.002438,1.0020091365373323,1.566486,1.416606,1000,985,valid
769,0.9980521,0.9979262,0.99812454,1.0017991,1.0018502862653775,1.5664674,1.407921,1000,985,valid
770,0.99746615,0.9968648,0.99797684,1.0013131,1.001714728020795,1.5664486,1.4219626,1000,985,valid
771,0.997547,0.99811167,0.9979585,1.0019237,1.0015665702016168,1.5664295,1.4331036,1000,985,valid
772,0.9975352,0.9984037,0.99759996,1.0017915,1.0014162646265596,1.5664104,1.4111571,1000,985,valid
773,0.99754417,0.99652636,0.997421,1.0007557,1.0012139341358965,1.5663911,1.3899479,1000,985,valid
774,0.99694794,0.99727005,0.9973021,1.0011368,1.0010233970025086,1.5663716,1.4107047,1000,985,valid
775,0.99694175,0.9974194,0.9971341,1.001157,1.0008285130287045,1.5663519,1.4170115,1000,985,valid
776,0.99696225,0.9978393,0.9968817,1.0012292,1.0006674564411875,1.5663321,1.4162296,1000,985,valid
777,0.9969836,0.99719435,0.99677366,1.000944,1.000476971091436,1.5663121,1.4288391,1000,985,valid
778,0.99639165,0.9948984,0.9965701,0.99972934,1.0002621786964492,1.5662918,1.4123566,1000,985,valid
779,0.99638975,0.9944204,0.99639106,0.9994554,1.0001126514217762,1.5662714,1.4179058,1000,985,valid
780,0.9964122,0.9946741,0.99621034,0.9995503,0.9999846814901661,1.5662509,1.4314048,1000,985,valid
781,0.9958928,0.994492,0.9960649,0.9993678,0.9998522706500241,1.5662302,1.4242127,1000,985,valid
782,0.9959167,0.99574655,0.99588394,0.99989563,0.9996885572471313,1.5662092,1.432798,1000,985,valid
783,0.9958718,0.99327534,0.99568677,0.99859023,0.9994922196079947,1.5661881,1.4132922,1000,985,valid
784,0.995274,0.996533,0.9954913,0.99994206,0.999303939513993,1.5661668,1.4042222,1000,985,valid
785,0.99529415,0.997081,0.9953103,1.0002037,0.9991143411041451,1.5661452,1.424725,1000,985,valid
786,0.99535286,0.9945948,0.9952241,0.9991359,0.9989273889439534,1.5661235,1.4474621,1000,985,valid
787,0.99532384,0.996501,0.99496424,0.9998246,0.998738381632513,1.5661016,1.4341983,1000,985,valid
788,0.9947979,0.99497664,0.9947803,0.9989576,0.9985781751061377,1.5660794,1.4149334,1000,985,valid
789,0.99470425,0.9919668,0.99464715,0.99766093,0.9984308221663515,1.566057,1.4443529,1000,985,valid
790,0.9946979,0.99097604,0.99448067,0.99710584,0.9982213470918828,1.5660344,1.4382521,1000,985,valid
791,0.9941925,0.99418473,0.99430764,0.99849397,0.9980292334656611,1.5660117,1.439607,1000,985,valid
792,0.9942806,0.9930706,0.99412084,0.997854,0.9978150835584949,1.5659887,1.4293101,1000,985,valid
793,0.9936764,0.99333495,0.99390614,0.99791306,0.9976150163459339,1.5659654,1.4373746,1000,985,valid
794,0.99364614,0.992736,0.99373084,0.9975368,0.997452682686139,1.565942,1.432286,1000,985,valid
795,0.9936409,0.9915889,0.9935375,0.99693257,0.9972714076736134,1.5659183,1.4337302,1000,985,valid
796,0.9936802,0.9907095,0.993349,0.99643713,0.9970821049176002,1.5658944,1.4318429,1000,985,valid
797,0.9936856,0.9913336,0.99317575,0.9966548,0.9969380805615276,1.5658703,1.4346354,1000,985,valid
798,0.9930603,0.99256855,0.9930551,0.99713063,0.9967880004132381,1.5658458,1.4278126,1000,985,valid
799,0.99308074,0.9913341,0.9928661,0.99645954,0.9965951047482633,1.5658213,1.4229357,1000,985,valid
800,0.9931436,0.99074,0.9926539,0.9961852,0.9963968968944213,1.5657964,1.4432962,1000,985,valid
801,0.9925426,0.9912378,0.99252117,0.99636036,0.9962291621322458,1.5657712,1.4453305,1000,985,valid
802,0.9925337,0.9928117,0.9922596,0.99691087,0.9960650871403522,1.5657458,1.4351501,1000,985,valid
803,0.9925067,0.9930084,0.9920748,0.99694365,0.9959168367583966,1.5657202,1.4412361,1000,985,valid
804,0.9919817,0.9906466,0.9919056,0.99583554,0.9957350521706432,1.5656943,1.4510903,1000,985,valid
805,0.9919475,0.9889762,0.99172777,0.9949308,0.9955168070724153,1.5656682,1.437328,1000,985,valid
806,0.9920346,0.98803604,0.9915208,0.99441195,0.9953303552205083,1.5656418,1.4381969,1000,985,valid
807,0.99197984,0.98799765,0.9913522,0.99429643,0.9951345975429764,1.565615,1.4336312,1000,985,valid
808,0.99139744,0.99029624,0.9911751,0.9952464,0.9949574622835753,1.565588,1.43022,1000,985,valid
809,0.99137753,0.9890921,0.9910168,0.9946845,0.9947607240246493,1.5655608,1.4430853,1000,985,valid
810,0.991369,0.98962677,0.99085295,0.9948405,0.9945924820917369,1.5655332,1.4403605,1000,985,valid
811,0.99140126,0.98895836,0.9906569,0.99445397,0.9944586702879529,1.5655054,1.4420192,1000,985,valid
812,0.990785,0.98938996,0.99042994,0.99456966,0.9943124333492509,1.5654773,1.4470913,1000,985,valid
813,0.9908373,0.98851293,0.990226,0.9940769,0.9942056192566125,1.5654488,1.4470866,1000,985,valid
814,0.990818,0.98768336,0.99003726,0.9935924,0.9940808973670437,1.56542,1.4426136,1000,985,valid
815,0.9902942,0.9898473,0.98987126,0.99456847,0.9939083201260912,1.565391,1.4572991,1000,985,valid
816,0.9902519,0.9887311,0.989734,0.993907,0.9937262321985022,1.5653616,1.4374163,1000,985,valid
817,0.9903045,0.9895589,0.9895216,0.9941639,0.9935979423197329,1.5653319,1.4324327,1000,985,valid
818,0.98971915,0.98858744,0.9893879,0.9937596,0.993448490418629,1.5653019,1.4542124,1000,985,valid
819,0.9897051,0.98747045,0.9891751,0.9931429,0.9933239917916505,1.5652715,1.4518611,1000,985,valid
820,0.98914367,0.9881433,0.988923,0.99319184,0.9931850485556973,1.5652409,1.4208293,1000,985,valid
821,0.989165,0.98757297,0.98875713,0.9929623,0.9930448050409552,1.5652097,1.4439566,1000,985,valid
822,0.989153,0.9856452,0.9885566,0.9919818,0.9928925122722341,1.5651784,1.4415772,1000,985,valid
823,0.98921335,0.98603636,0.9883638,0.99202895,0.992748543631228,1.5651467,1.4322504,1000,985,valid
824,0.9886014,0.9869266,0.9882429,0.99242115,0.9926268248523394,1.5651146,1.4414372,1000,985,valid
825,0.9886316,0.9883162,0.98798203,0.9930609,0.9924939745465802,1.5650821,1.469388,1000,985,valid
826,0.9886049,0.9867683,0.9878375,0.9922081,0.9923678927384759,1.5650493,1.4512515,1000,985,valid
827,0.9880637,0.9873122,0.9875961,0.99232066,0.992235033040216,1.565016,1.445842,1000,985,valid
828,0.9880859,0.98594797,0.98739946,0.99165756,0.9921340792226812,1.5649824,1.4564396,1000,985,valid
829,0.98807037,0.9859774,0.9871865,0.9915897,0.9920266856747179,1.5649484,1.4600338,1000,985,valid
830,0.9874715,0.9881628,0.9869973,0.9925676,0.9919012191543896,1.564914,1.4754746,1000,985,valid
831,0.9875153,0.9864186,0.9868141,0.99164313,0.9917566650569567,1.5648792,1.4651185,1000,985,valid
832,0.987477,0.9868695,0.98663664,0.9918114,0.9916142680282485,1.564844,1.4749801,1000,985,valid
833,0.9875128,0.9871517,0.98643094,0.99185675,0.9914619650326777,1.5648084,1.4774482,1000,985,valid
834,0.9869308,0.98630023,0.986226,0.99129903,0.9913298538939077,1.5647722,1.4604573,1000,985,valid
835,0.9869522,0.98769325,0.98596275,0.991827,0.9911809755806851,1.5647358,1.4636128,1000,985,valid
836,0.9869369,0.98666483,0.9858075,0.9912823,0.9910717178798718,1.5646988,1.4624178,1000,985,valid
837,0.98639137,0.9861533,0.9856299,0.9908933,0.9909337425048668,1.5646614,1.4459187,1000,985,valid
838,0.9863764,0.9851738,0.9854752,0.9904494,0.9908060953555822,1.5646236,1.4620141,1000,985,valid
839,0.98646796,0.9852536,0.9852537,0.99039763,0.990662111308823,1.5645852,1.4649398,1000,985,valid
840,0.9858216,0.9864866,0.98504865,0.9908209,0.9905166818025127,1.5645465,1.4551334,1000,985,valid
841,0.98589605,0.98593694,0.98486674,0.99057573,0.9904016055899449,1.5645071,1.4747608,1000,985,valid
842,0.9857738,0.9853284,0.9846668,0.99020046,0.9902797431761344,1.5644673,1.4732739,1000,985,valid
843,0.98532,0.9860982,0.98447686,0.9904616,0.9901503059919958,1.564427,1.4727248,1000,985,valid
844,0.9853992,0.9849408,0.9842545,0.9898228,0.9900188124469369,1.5643861,1.4705005,1000,985,valid
845,0.9853422,0.9855801,0.9840399,0.9900764,0.9898732110390976,1.5643448,1.4840972,1000,985,valid
846,0.984754,0.98473054,0.9839781,0.98959607,0.9897382425090917,1.5643029,1.4694968,1000,985,valid
847,0.98474616,0.9844875,0.98374015,0.9894788,0.9896001799014218,1.5642605,1.4924613,1000,985,valid
848,0.9841678,0.9847336,0.9834643,0.9893908,0.9894439862544819,1.5642174,1.4758594,1000,985,valid
849,0.98419863,0.98440886,0.98326373,0.98918396,0.9892676298044445,1.5641739,1.4832264,1000,985,valid
850,0.9841593,0.98407215,0.9830535,0.9889606,0.9891041308103233,1.5641297,1.4891146,1000,985,valid
851,0.98368263,0.98324645,0.982881,0.98841786,0.988976156783923,1.564085,1.4694353,1000,985,valid
852,0.98365533,0.98421204,0.98268074,0.98881954,0.9888184787668004,1.5640397,1.4814264,1000,985,valid
853,0.9837388,0.9838471,0.98243606,0.9884149,0.9886715121670167,1.5639937,1.4533255,1000,985,valid
854,0.98305434,0.9850397,0.9822481,0.98892367,0.9885116154581566,1.5639471,1.4647589,1000,985,valid
855,0.98311967,0.9847389,0.9820192,0.98866653,0.9883648861307343,1.5638999,1.4613571,1000,985,valid
856,0.98308706,0.9844867,0.9818268,0.9884599,0.9882229979387605,1.563852,1.4605331,1000,985,valid
857,0.9825232,0.9830487,0.98164314,0.98773926,0.988066915161671,1.5638034,1.4645648,1000,985,valid
858,0.98260075,0.98306334,0.9814688,0.9877503,0.9879166234438268,1.5637542,1.4833335,1000,985,valid
859,0.98198783,0.98382366,0.9812445,0.98796093,0.9877645769092928,1.5637043,1.4759774,1000,985,valid
860,0.9819711,0.9841701,0.9810231,0.988033,0.9875980768485111,1.5636536,1.4794804,1000,985,valid
861,0.982056,0.9816622,0.98086846,0.98681206,0.9874531844887453,1.5636022,1.4776278,1000,985,valid
862,0.98199785,0.9831056,0.9806279,0.98733383,0.9873074768026744,1.5635501,1.4719758,1000,985,valid
863,0.9813905,0.98263377,0.9804371,0.98709077,0.9871491617912034,1.5634972,1.485188,1000,985,valid
864,0.981446,0.9826675,0.9802194,0.98714435,0.986973040468252,1.5634435,1.5164952,1000,985,valid
865,0.98088247,0.9819005,0.9800102,0.9866126,0.9867941832031353,1.5633891,1.4967221,1000,985,valid
866,0.98087335,0.9821081,0.9796705,0.9865034,0.9866400017168737,1.5633337,1.4858303,1000,985,valid
867,0.98094517,0.981152,0.97961146,0.9860524,0.9864914258672852,1.5632777,1.4883869,1000,985,valid
868,0.9801833,0.9822606,0.97940135,0.98657405,0.9863148552460902,1.5632207,1.5140524,1000,985,valid
869,0.98031986,0.98202616,0.9792308,0.98631734,0.9861420003411074,1.5631629,1.497669,1000,985,valid
870,0.9803515,0.98181975,0.978942,0.9861746,0.9859621285117541,1.5631042,1.5166812,1000,985,valid
871,0.97977227,0.9813628,0.9787399,0.98580754,0.9857779266005168,1.5630445,1.5015152,1000,985,valid
872,0.9797329,0.98121935,0.9784948,0.9856108,0.9855833866322823,1.562984,1.4971349,1000,985,valid
873,0.9797575,0.9798958,0.97835255,0.9850348,0.9853834707527943,1.5629225,1.5180444,1000,985,valid
874,0.97922534,0.9811968,0.9781213,0.9855072,0.9851806090937376,1.56286,1.5148089,1000,985,valid
875,0.9792114,0.9810578,0.97789264,0.9853279,0.9849760640061268,1.5627965,1.5122004,1000,985,valid
876,0.978685,0.97991794,0.97775334,0.9847053,0.9847459310950356,1.562732,1.5031308,1000,985,valid
877,0.978695,0.98044926,0.9774607,0.9847902,0.9844890878587484,1.5626664,1.4979068,1000,985,valid
878,0.9786458,0.97998464,0.9772706,0.984429,0.9842517697048676,1.5625998,1.4837912,1000,985,valid
879,0.97868407,0.9792171,0.97702646,0.9840247,0.9840065743237746,1.5625321,1.4966055,1000,985,valid
880,0.978063,0.97769576,0.9768473,0.98319846,0.9837761419246234,1.5624632,1.4850123,1000,985,valid
881,0.9781222,0.97930586,0.9765125,0.98383474,0.9835565095350051,1.5623932,1.4977033,1000,985,valid
882,0.9780939,0.9783324,0.97637475,0.9832951,0.9833133623171512,1.5623219,1.4901757,1000,985,valid
883,0.97760475,0.97827655,0.97619224,0.9830883,0.9830506942223873,1.5622495,1.4683473,1000,985,valid
884,0.9775723,0.978361,0.9759835,0.9830811,0.9827903645106292,1.5621759,1.4794357,1000,985,valid
885,0.9770391,0.97838163,0.97574914,0.98289967,0.982532284865098,1.5621009,1.4609038,1000,985,valid
886,0.9770295,0.9778569,0.97552794,0.9825967,0.9822805428826608,1.5620246,1.4691331,1000,985,valid
887,0.9770846,0.9765346,0.9753805,0.9819575,0.9820106631605106,1.561947,1.4758657,1000,985,valid
888,0.97641635,0.9765343,0.9752296,0.9817731,0.9817588613709165,1.561868,1.4504299,1000,985,valid
889,0.97646874,0.97649205,0.97497314,0.98167026,0.9814849277579762,1.5617876,1.4578621,1000,985,valid
890,0.9764033,0.97642475,0.97466755,0.9814349,0.9812234044520343,1.5617057,1.4436553,1000,985,valid
891,0.9758945,0.9752461,0.9744642,0.9807624,0.9809531295941163,1.5616223,1.434371,1000,985,valid
892,0.97583556,0.9738762,0.9742582,0.98002404,0.9806945053374532,1.5615374,1.4299697,1000,985,valid
893,0.97594166,0.97461766,0.97407275,0.9802652,0.9804086384153319,1.5614508,1.4274749,1000,985,valid
894,0.97538465,0.97462803,0.97384244,0.9801457,0.9801444594240304,1.5613626,1.4234209,1000,985,valid
895,0.9753871,0.97334266,0.973628,0.9794525,0.979887112914685,1.5612729,1.4213202,1000,985,valid
896,0.97534853,0.9741476,0.97323805,0.9795437,0.979638424325276,1.5611812,1.4006613,1000,985,valid
897,0.97478926,0.97344226,0.97315115,0.97913164,0.9793865176075299,1.5610878,1.389858,1000,985,valid
898,0.97489464,0.9731676,0.97286254,0.97887063,0.9791491606132218,1.5609927,1.3890644,1000,985,valid
899,0.97428143,0.97264934,0.97271335,0.9785621,0.9788798484400485,1.5608957,1.3881664,1000,985,valid
900,0.97412956,0.9716912,0.97250086,0.97806776,0.9786386789059013,1.5607966,1.3964288,1000,985,valid
901,0.9737107,0.9727481,0.97231436,0.9783932,0.9783964180096145,1.5606956,1.3816113,1000,985,valid
902,0.97368777,0.97321415,0.9720149,0.9784841,0.9781387759935929,1.5605927,1.3849409,1000,985,valid
903,0.973706,0.9723852,0.97185093,0.97797495,0.9778738006729505,1.5604874,1.3730919,1000,985,valid
904,0.9731038,0.9717455,0.9716449,0.9775823,0.9776142328054612,1.56038,1.3716165,1000,985,valid
905,0.97313225,0.97155,0.97136563,0.9773704,0.9773422118496646,1.5602704,1.3726571,1000,985,valid
906,0.9725995,0.9701551,0.9711972,0.9765379,0.9770637994422711,1.5601584,1.3477831,1000,985,valid
907,0.97258925,0.9714859,0.970781,0.9769219,0.9767845626913939,1.560044,1.3413705,1000,985,valid
908,0.97253865,0.97080463,0.9706619,0.97666717,0.9765125458398383,1.5599272,1.3640077,1000,985,valid
909,0.9720043,0.97053033,0.97047293,0.97636473,0.9762365465922842,1.5598078,1.3452471,1000,985,valid
910,0.97201204,0.970773,0.9701822,0.97634214,0.9759896059679131,1.5596857,1.3452864,1000,985,valid
911,0.9720482,0.9705263,0.969999,0.97613704,0.9757241382153482,1.5595609,1.3434525,1000,985,valid
912,0.97144467,0.96890795,0.96984214,0.9753497,0.9754609719886276,1.5594332,1.3478292,1000,985,valid
913,0.9714642,0.96845984,0.9696391,0.9749854,0.9751765316722019,1.5593026,1.3340876,1000,985,valid
914,0.9709164,0.96976644,0.96935713,0.9753391,0.9749043407805916,1.5591689,1.3113933,1000,985,valid
915,0.9709388,0.9694389,0.96913385,0.97488093,0.9746311004440998,1.5590322,1.2702965,1000,985,valid
916,0.97093177,0.9689666,0.96885985,0.9745215,0.9743409188377474,1.5588921,1.2665899,1000,985,valid
917,0.970341,0.9676099,0.96871597,0.9738199,0.9740435393397138,1.5587487,1.2630727,1000,985,valid
918,0.9703677,0.9682844,0.96844035,0.9740945,0.9737023098308899,1.5586019,1.2815093,1000,985,valid
919,0.97041583,0.9680672,0.96821404,0.9737792,0.9733486387985372,1.5584513,1.2593489,1000,985,valid
920,0.96980345,0.96763784,0.9679952,0.973228,0.9729982769128084,1.5582969,1.2100478,1000,985,valid
921,0.96981305,0.9668504,0.9676211,0.972683,0.9726145490073931,1.5581387,1.2071979,1000,985,valid
922,0.96926177,0.96691495,0.96754956,0.97227657,0.9722701615837624,1.5579765,1.1318338,1000,985,valid
923,0.96924686,0.966661,0.9673275,0.97135764,0.9718836645161338,1.5578101,1.0063077,1000,985,valid
924,0.969262,0.96600026,0.96703506,0.97160244,0.9715169721593071,1.5576392,1.1278198,1000,985,valid
925,0.9686931,0.96534866,0.96687925,0.9709091,0.9711426234900706,1.5574638,1.0689456,1000,985,valid
926,0.9687391,0.9650991,0.9665941,0.97059655,0.9707556829281887,1.5572836,1.056771,1000,985,valid
927,0.9681317,0.96612924,0.9663636,0.97029966,0.9703675372046452,1.5570985,0.9418108,1000,985,valid
928,0.9681967,0.96535975,0.9661074,0.9704846,0.9699944424673301,1.5569084,1.0554304,1000,985,valid
929,0.9681371,0.96525,0.9658494,0.9698286,0.9696111582127772,1.5567127,0.9701047,1000,985,valid
930,0.96754014,0.96479034,0.96564364,0.96969426,0.9692450515054384,1.5565116,0.9994199,1000,985,valid
931,0.96762484,0.9642199,0.96538496,0.96882397,0.9688705986289923,1.5563046,0.915081,1000,985,valid
932,0.9670351,0.96451455,0.96512234,0.9692787,0.9684855353656813,1.5560915,0.99057186,1000,985,valid
933,0.9670309,0.963761,0.9649709,0.96836084,0.9681217073908005,1.5558721,0.9042439,1000,985,valid
934,0.96650267,0.96442246,0.9647487,0.96807957,0.9677663780791683,1.555646,0.82427067,1000,985,valid
935,0.96655643,0.9645032,0.9644931,0.9668225,0.9673790077371377,1.5554129,0.6351162,1000,985,valid
936,0.96649796,0.9635634,0.96422416,0.967004,0.9670237011905404,1.5551726,0.7519758,1000,985,valid
937,0.96593755,0.96243197,0.964073,0.96639085,0.966670821990415,1.5549246,0.74735767,1000,985,valid
938,0.9659405,0.96218264,0.9637755,0.9661928,0.9663225345701674,1.5546687,0.7557572,1000,985,valid
939,0.965412,0.96336246,0.9635314,0.9652421,0.9659754982250738,1.5544044,0.5381795,1000,985,valid
940,0.9653898,0.96267015,0.9632768,0.9647844,0.9656711385815259,1.5541312,0.53420377,1000,985,valid
941,0.96483225,0.96257055,0.9631105,0.964784,0.9653733162332269,1.5538487,0.5530716,1000,985,valid
942,0.9648446,0.96162975,0.9628364,0.9639765,0.9650770612714775,1.5535567,0.51373357,1000,985,valid
943,0.9648359,0.96214443,0.9626784,0.96428657,0.9647729173192765,1.5532542,0.53673613,1000,985,valid
944,0.9643242,0.9615079,0.9623651,0.9646504,0.9645053189649386,1.5529411,0.6617398,1000,985,valid
945,0.9642825,0.96214443,0.9622932,0.964248,0.9642308586375157,1.5526165,0.5582472,1000,985,valid
946,0.9637544,0.96195126,0.96183616,0.9645464,0.9639762774885606,1.55228,0.6517496,1000,985,valid
947,0.9637241,0.96117395,0.96168244,0.96311086,0.9637033436308384,1.5519307,0.49387822,1000,985,valid
948,0.9637395,0.9607012,0.9613441,0.963969,0.963426376464283,1.5515679,0.6862721,1000,985,valid
949,0.96315944,0.960269,0.96128607,0.9629122,0.9631509356337706,1.551191,0.55521613,1000,985,valid
950,0.9631561,0.9597487,0.9609726,0.9626785,0.9628726609101494,1.550799,0.57814944,1000,985,valid
951,0.96317333,0.9598844,0.96063894,0.9624214,0.9626072753625545,1.550391,0.552318,1000,985,valid
952,0.9625742,0.96023625,0.9605254,0.96270454,0.9623249713587363,1.549966,0.57960653,1000,985,valid
953,0.96260184,0.9600981,0.9602238,0.96235734,0.9620389385105362,1.549523,0.5568683,1000,985,valid
954,0.96206367,0.95985055,0.95987254,0.9623091,0.9617862801240679,1.5490606,0.5921061,1000,985,valid
955,0.96206075,0.9595825,0.95973104,0.9613876,0.9615215794743299,1.5485778,0.4780284,1000,985,valid
956,0.962087,0.9590091,0.95939827,0.96149695,0.9612722857780922,1.5480729,0.559114,1000,985,valid
957,0.96146226,0.9594385,0.95944154,0.9610489,0.9610195152648492,1.5475447,0.45641503,1000,985,valid
958,0.9614992,0.9582041,0.9590167,0.9607397,0.9607965768972428,1.5469913,0.5256149,1000,985,valid
959,0.9609849,0.9598662,0.9589984,0.9602851,0.9606026271431141,1.5464109,0.34054193,1000,985,valid
960,0.960951,0.9590229,0.9585115,0.96128,0.9603902029719324,1.5458015,0.5878048,1000,985,valid
961,0.9603811,0.9586453,0.95830137,0.9604872,0.9601615152679271,1.5451609,0.50626963,1000,985,valid
962,0.9604049,0.95783335,0.95801824,0.9605429,0.9599204730867471,1.5444866,0.5926431,1000,985,valid
963,0.9598057,0.95881253,0.95789313,0.95990914,0.9596666300044668,1.5437759,0.4342905,1000,985,valid
964,0.959848,0.9584033,0.95756775,0.9597387,0.9594175188146298,1.5430257,0.45972753,1000,985,valid
965,0.9598443,0.957957,0.95734787,0.9589004,0.9591445097250965,1.5422326,0.37768558,1000,985,valid
966,0.9593003,0.95806,0.9569341,0.95846564,0.9588747788397229,1.541393,0.33302474,1000,985,valid
967,0.95930046,0.95778453,0.9567939,0.9582836,0.9586201999899526,1.5405025,0.33421844,1000,985,valid
968,0.9586903,0.9581268,0.95667285,0.95806086,0.9583257753548202,1.5395565,0.28480148,1000,985,valid
969,0.95876443,0.95671284,0.9563151,0.9572914,0.9580251431596727,1.5385494,0.29070386,1000,985,valid
970,0.9581381,0.9574244,0.9560429,0.95746934,0.9577320755215044,1.5374753,0.2874863,1000,985,valid
971,0.9581957,0.95710164,0.95572793,0.9564652,0.9574157783565287,1.5363272,0.17832908,1000,985,valid
972,0.95760435,0.9562804,0.9556339,0.9567092,0.9571047617750676,1.5350972,0.27960956,1000,985,valid
973,0.95763206,0.95606154,0.9553854,0.9566548,0.956725155448011,1.5337762,0.30399334,1000,985,valid
974,0.95767343,0.9554369,0.95496356,0.95580095,0.9563719689388173,1.5323538,0.24649647,1000,985,valid
975,0.9570895,0.956781,0.9550016,0.95627475,0.9560271318362208,1.5308176,0.22266757,1000,985,valid
976,0.95703447,0.955839,0.95458853,0.9553029,0.9556458971678903,1.5291537,0.16848284,1000,985,valid
977,0.95649594,0.9552778,0.9542931,0.955685,0.9552476532262119,1.5273454,0.28696442,1000,985,valid
978,0.9565191,0.9556787,0.95403844,0.95573294,0.9548475067921355,1.5253731,0.2842677,1000,985,valid
979,0.95650876,0.9551562,0.95372427,0.95504415,0.9544234601105754,1.5232133,0.23734203,1000,985,valid
980,0.95591813,0.95502824,0.95348525,0.9550591,0.9540166254356498,1.5208379,0.2653557,1000,985,valid
981,0.9559904,0.9556438,0.9534788,0.95466495,0.9535718954576743,1.5182133,0.16244194,1000,985,valid
982,0.9553352,0.9548018,0.9529956,0.9540974,0.953130696930357,1.5152978,0.16822812,1000,985,valid
983,0.9553715,0.9548103,0.9527649,0.95370513,0.952693965962134,1.5120405,0.12356897,1000,985,valid
984,0.9548634,0.9543866,0.9525541,0.9518203,0.9522501783799135,1.5083776,-0.12627319,1000,985,valid
985,0.95488375,0.9541321,0.9521469,0.9520249,0.9517848552287065,1.5042281,-0.04572544,1000,985,valid
986,0.95421565,0.95426637,0.9520068,0.95107895,0.9513536847181077,1.4994888,-0.19645627,1000,985,valid
987,0.95430684,0.9539735,0.9516515,0.95139295,0.9509201394128687,1.4940244,-0.09830438,1000,985,valid
988,0.95423675,0.95323217,0.9513791,0.95099694,0.9504618429997577,1.487655,-0.0877418,1000,985,valid
989,0.9537015,0.95281726,0.95122516,0.9503599,0.9499925710965251,1.4801364,-0.14804009,1000,985,valid
990,0.9537775,0.9521145,0.95091945,0.94983536,0.9495507556896883,1.4711276,-0.15837196,1000,985,valid
991,0.95317465,0.95157945,0.9506115,0.9487016,0.9490702077835645,1.4601392,-0.28083605,1000,985,valid
992,0.95316285,0.95317554,0.95062006,0.9474703,0.9485889570140797,1.4464413,-0.62652916,1000,985,valid
993,0.9526574,0.9527531,0.95013446,0.94720167,0.9481008677439862,1.4288993,-0.59901917,1000,985,valid
994,0.95258534,0.95265526,0.94993794,0.9469394,0.9476334075875811,1.4056476,-0.62294316,1000,985,valid
995,0.9525949,0.9522555,0.94970804,0.9463834,0.9471329033540656,1.3734008,-0.67418563,1000,985,valid
996,0.9520346,0.95072234,0.9494527,0.9461648,0.946650617152171,1.3258177,-0.56195515,1000,985,valid
997,0.9520656,0.9507467,0.9490712,0.9457477,0.9461640078199498,1.2490457,-0.6089097,1000,985,valid
998,0.95151895,0.95215845,0.9488622,0.946128,0.945701645908068,1.1071488,-0.64026725,1000,985,valid
999,0.95147645,0.9516175,0.94863087,0.94564813,0.9452734126877403,0.7853982,-0.66465986,1000,985,valid
1000,0.95095193,0.949401,0.9482872,0.9437543,0.9448258647489405,-0.0,-0.8097099,1000,985,valid
1001,0.9509072,0.9508566,0.94812983,0.94406503,0.9443949653868899,-0.7853982,-0.86854994,1000,985,valid
1002,0.950445,0.9507748,0.9478808,0.9437944,0.9439496524622846,-1.1071488,-0.8942456,1000,985,valid
1003,0.9503184,0.9509059,0.94779444,0.943658,0.9435418603517222,-1.2490457,-0.9286182,1000,985,valid
1004,0.9504376,0.95102537,0.94733936,0.94377416,0.9431583495228346,-1.3258177,-0.8696202,1000,985,valid
1005,0.94980294,0.94961774,0.94707257,0.94281864,0.9427849110540154,-1.3734008,-0.9114189,1000,985,valid
1006,0.94984037,0.9504558,0.9467796,0.94281733,0.9424138498248305,-1.4056476,-0.9669071,1000,985,valid
1007,0.94919354,0.9494482,0.9464783,0.94247305,0.9420664451281892,-1.4288993,-0.91053325,1000,985,valid
1008,0.9492859,0.94991493,0.9461905,0.9415262,0.941760877668724,-1.4464413,-1.1544204,1000,985,valid
1009,0.94871503,0.9498369,0.94606686,0.9410444,0.9414687025138847,-1.4601392,-1.2593796,1000,985,valid
1010,0.9487126,0.949796,0.94565123,0.9409253,0.941124653094722,-1.4711276,-1.2343662,1000,985,valid
1011,0.9481372,0.9486945,0.94555587,0.9405195,0.9408068889067311,-1.4801364,-1.1966676,1000,985,valid
1012,0.9481888,0.9467037,0.9450132,0.939614,0.940456971274,-1.487655,-1.1317649,1000,985,valid
1013,0.94822043,0.94873136,0.944867,0.9403903,0.9401581139577181,-1.4940244,-1.1520773,1000,985,valid
1014,0.94759417,0.94863373,0.94452757,0.9401622,0.9398702952626092,-1.4994888,-1.1593728,1000,985,valid
1015,0.9475887,0.94639,0.94406766,0.9390361,0.9395960870665192,-1.5042281,-1.1322218,1000,985,valid
1016,0.9470839,0.94825965,0.9441934,0.9394771,0.9392910911671162,-1.5083776,-1.2570035,1000,985,valid
1017,0.9470641,0.94716537,0.94373393,0.93906045,0.9389851184219881,-1.5120405,-1.1776965,1000,985,valid
1018,0.94652325,0.94766426,0.9436859,0.9391621,0.9386826921714504,-1.5152978,-1.2052209,1000,985,valid
1019,0.9465306,0.9462713,0.9432166,0.93832815,0.9383729427418852,-1.5182133,-1.2012469,1000,985,valid
1020,0.94592124,0.9478925,0.9431265,0.93878263,0.9380804402306521,-1.5208379,-1.2679057,1000,985,valid
1021,0.94597685,0.9475748,0.9428211,0.9385545,0.9378086547327112,-1.5232133,-1.2520475,1000,985,valid
1022,0.94590926,0.946706,0.9425222,0.9378842,0.9375078716567672,-1.5253731,-1.2913277,1000,985,valid
1023,0.9454031,0.94581646,0.9423381,0.93745506,0.9372229231151927,-1.5273454,-1.2741348,1000,985,valid
1024,0.945441,0.94534826,0.941917,0.9364154,0.936952737359799,-1.5291537,-1.4707384,1000,985,valid
1025,0.94478756,0.9454674,0.9417083,0.93634415,0.9367011377580596,-1.5308176,-1.4809368,1000,985,valid
1026,0.9448216,0.94569993,0.9413118,0.9365032,0.9364298674111737,-1.5323538,-1.4032359,1000,985,valid
1027,0.9442589,0.9458012,0.9414176,0.93637455,0.9361297780842057,-1.5337762,-1.4769708,1000,985,valid
1028,0.9444174,0.94491637,0.940955,0.9358661,0.9358403340963017,-1.5350972,-1.4413421,1000,985,valid
1029,0.9437154,0.9442706,0.9406543,0.9355892,0.9355957692831804,-1.5363272,-1.3913933,1000,985,valid
1030,0.9437363,0.9436072,0.9401827,0.9350709,0.935382225827522,-1.5374753,-1.3915955,1000,985,valid
1031,0.9432004,0.9451246,0.940067,0.9356059,0.935123741663173,-1.5385494,-1.4244256,1000,985,valid
1032,0.9431841,0.9448799,0.9398169,0.93512887,0.9348679565865287,-1.5395565,-1.509712,1000,985,valid
1033,0.9425611,0.9416895,0.9395761,0.93373555,0.9346090167785639,-1.5405025,-1.4518034,1000,985,valid
1034,0.9426293,0.94144136,0.9392852,0.93337137,0.9343335333328029,-1.541393,-1.4921136,1000,985,valid
1035,0.94206697,0.942436,0.93906695,0.9336501,0.9340764571808593,-1.5422326,-1.5181875,1000,985,valid
1036,0.94208074,0.94220376,0.9387563,0.93334323,0.9337871060378989,-1.5430257,-1.5395606,1000,985,valid
1037,0.94143635,0.9438286,0.9383994,0.933967,0.933493596088147,-1.5437759,-1.5221814,1000,985,valid
1038,0.941513,0.94196343,0.9379381,0.93307555,0.933200746502614,-1.5444866,-1.4635321,1000,985,valid
1039,0.94098186,0.9415717,0.9377969,0.93285316,0.9329135690087003,-1.5451609,-1.4566278,1000,985,valid
1040,0.94098496,0.9404062,0.93771684,0.9322611,0.9326629207037882,-1.5458015,-1.4651487,1000,985,valid
1041,0.9404357,0.94279444,0.93743384,0.93336016,0.9323919499529683,-1.5464109,-1.4179871,1000,985,valid
1042,0.94042957,0.9421153,0.9373861,0.9328634,0.9321262881103232,-1.5469913,-1.4732707,1000,985,valid
1043,0.93995625,0.9404292,0.9368335,0.93185925,0.9318530760863414,-1.5475447,-1.4678742,1000,985,valid
1044,0.93981314,0.9408385,0.9362789,0.9320826,0.9315950615119257,-1.5480729,-1.373194,1000,985,valid
1045,0.9392757,0.9401891,0.9361645,0.93151003,0.9313379994818101,-1.5485778,-1.4455724,1000,985,valid
1046,0.93930066,0.93776214,0.9356343,0.93039995,0.9310804355678675,-1.5490606,-1.3694648,1000,985,valid
1047,0.9393358,0.940114,0.93570125,0.9313414,0.9308058031175026,-1.549523,-1.4200313,1000,985,valid
1048,0.93871385,0.9386525,0.9353722,0.93064106,0.9305272252822093,-1.549966,-1.383198,1000,985,valid
1049,0.93878275,0.93956995,0.93528944,0.93083745,0.9302704508986093,-1.550391,-1.4423516,1000,985,valid
1050,0.93820745,0.93858993,0.93477714,0.93009865,0.9300004407642126,-1.550799,-1.4619977,1000,985,valid
1051,0.93817794,0.93648255,0.9345348,0.9289435,0.9297343194626284,-1.551191,-1.4914222,1000,985,valid
1052,0.93761873,0.939471,0.93434775,0.9302792,0.9294491697808608,-1.5515679,-1.4700916,1000,985,valid
1053,0.93761784,0.93854314,0.9338602,0.92990017,0.929179772240832,-1.5519307,-1.3828506,1000,985,valid
1054,0.9370858,0.93561065,0.9337543,0.9283765,0.9289179095249898,-1.55228,-1.4281952,1000,985,valid
1055,0.93649715,0.93395317,0.9336458,0.9274504,0.92864934290333,-1.5526165,-1.4691701,1000,985,valid
1056,0.9364836,0.93539524,0.9329319,0.9280352,0.9283514221518112,-1.5529411,-1.3853323,1000,985,valid
1057,0.935985,0.9354838,0.93307835,0.92803794,0.9281789402223971,-1.5532542,-1.4188671,1000,985,valid
1058,0.9359848,0.93589604,0.9327037,0.9279691,0.9279435797575508,-1.5535567,-1.4468554,1000,985,valid
1059,0.9353649,0.9353223,0.9321426,0.9277034,0.9276710803445012,-1.5538487,-1.3657308,1000,985,valid
1060,0.9354142,0.9332615,0.9319647,0.9265461,0.9274695055336457,-1.5541312,-1.4094864,1000,985,valid
1061,0.9348903,0.9353609,0.9317841,0.9275007,0.9272653924349136,-1.5544044,-1.3832793,1000,985,valid
1062,0.9348621,0.9350976,0.93160105,0.9273463,0.9269611847157737,-1.5546687,-1.3678799,1000,985,valid
1063,0.9342766,0.9338171,0.9310868,0.9263934,0.9266713904903343,-1.5549246,-1.4106429,1000,985,valid
1064,0.9343421,0.93526924,0.9308506,0.9270083,0.9264122520654743,-1.5551726,-1.3906898,1000,985,valid
1065,0.9337311,0.93249834,0.9305425,0.925658,0.926139246044671,-1.5554129,-1.3744947,1000,985,valid
1066,0.9337115,0.93158865,0.93007946,0.92513037,0.9258839834905136,-1.555646,-1.3441765,1000,985,valid
1067,0.93319446,0.9322127,0.930155,0.9253071,0.9255773536848103,-1.5558721,-1.3882108,1000,985,valid
1068,0.9331928,0.93242085,0.9297921,0.9251774,0.9252874564942337,-1.5560915,-1.406821,1000,985,valid
1069,0.9331725,0.93171096,0.9292817,0.92482394,0.9250463828184069,-1.5563046,-1.3432171,1000,985,valid
1070,0.93261516,0.9303928,0.92900306,0.92393416,0.9247710424985877,-1.5565116,-1.3938118,1000,985,valid
1071,0.93215746,0.93139863,0.92878103,0.9244154,0.9244333131064347,-1.5567127,-1.354615,1000,985,valid
1072,0.9320559,0.9327726,0.92838025,0.92501307,0.9240673799868739,-1.5569084,-1.3075815,1000,985,valid
1073,0.93151414,0.9327313,0.9282005,0.92477524,0.923790020712778,-1.5570985,-1.3486813,1000,985,valid
1074,0.9315421,0.9309751,0.9279899,0.9237788,0.9234583920664278,-1.5572836,-1.3800685,1000,985,valid
1075,0.93091726,0.92971957,0.92769855,0.923162,0.9232092425613442,-1.5574638,-1.3527462,1000,985,valid
1076,0.9309788,0.9292697,0.92737824,0.9228343,0.9228893130961473,-1.5576392,-1.3455276,1000,985,valid
1077,0.93044,0.9314773,0.92714,0.9236755,0.9224928846882685,-1.5578101,-1.3621619,1000,985,valid
1078,0.93045425,0.93070847,0.9268437,0.9231869,0.9222361250772344,-1.5579765,-1.3631402,1000,985,valid
1079,0.92985284,0.92971957,0.9264388,0.92252296,0.9219257561125446,-1.5581387,-1.3720859,1000,985,valid
1080,0.92983294,0.9300666,0.92590636,0.9225345,0.92156614006467,-1.5582969,-1.342031,1000,985,valid
1081,0.92930835,0.9316505,0.92574006,0.92315614,0.9211332684516313,-1.5584513,-1.3490169,1000,985,valid
1082,0.92931765,0.92376864,0.9251847,0.919372,0.9207808636342202,-1.5586019,-1.3320148,1000,985,valid
1083,0.92875,0.9269823,0.925379,0.9208597,0.9204021448168005,-1.5587487,-1.3512552,1000,985,valid
1084,0.9288008,0.9269662,0.92492837,0.92060655,0.9200838591013311,-1.5588921,-1.3634698,1000,985,valid
1085,0.9282615,0.9200293,0.9248666,0.91730344,0.9197374268910092,-1.5590322,-1.4011874,1000,985,valid
1086,0.9282018,0.9195039,0.9244829,0.916882,0.9193217753148759,-1.5591689,-1.4033821,1000,985,valid
1087,0.92763174,0.9252219,0.92419654,0.91952205,0.9189538633410899,-1.5593026,-1.3498888,1000,985,valid
1088,0.92762864,0.92618555,0.9238364,0.91961914,0.9186568196725468,-1.5594332,-1.4054809,1000,985,valid
1089,0.92703766,0.9216372,0.92357284,0.917541,0.9182930180579615,-1.5595609,-1.3699636,1000,985,valid
1090,0.9270853,0.92193294,0.92308277,0.9174367,0.9178793770170113,-1.5596857,-1.3745112,1000,985,valid
1091,0.92655206,0.9185637,0.92293,0.9157561,0.917529813572147,-1.5598078,-1.3993517,1000,985,valid
1092,0.9259757,0.9243924,0.92267936,0.9183754,0.9171388731955457,-1.5599272,-1.3731272,1000,985,valid
1093,0.9259285,0.9222887,0.9223049,0.9174299,0.916819759984158,-1.560044,-1.3171321,1000,985,valid
1094,0.9254278,0.916471,0.9222236,0.9144808,0.9164574872788668,-1.5601584,-1.3993535,1000,985,valid
1095,0.92542344,0.918855,0.92149985,0.91543525,0.9160414041985332,-1.5602704,-1.3364447,1000,985,valid
1096,0.92485845,0.92190063,0.92170477,0.91687393,0.9156080675615291,-1.56038,-1.3488438,1000,985,valid
1097,0.92487484,0.9222615,0.92124045,0.9166874,0.9152327021449779,-1.5604874,-1.3921163,1000,985,valid
1098,0.9243403,0.9177964,0.9209967,0.91444874,0.9148964849589396,-1.5605927,-1.4232645,1000,985,valid
1099,0.92429405,0.9203124,0.9202298,0.91543716,0.9145801018951776,-1.5606956,-1.3609465,1000,985,valid
1100,0.92374486,0.91495955,0.919958,0.91257477,0.9142199443913062,-1.5607966,-1.4595406,1000,985,valid
1101,0.9237933,0.9180099,0.91945654,0.9139052,0.9138442027954489,-1.5608957,-1.402331,1000,985,valid
1102,0.9231912,0.9206909,0.919574,0.9152097,0.9134919468458661,-1.5609927,-1.3922951,1000,985,valid
1103,0.9226936,0.91314715,0.9195336,0.911579,0.9131866250900073,-1.5610878,-1.4517844,1000,985,valid
1104,0.9226827,0.91648376,0.91882694,0.91277915,0.91287561676428,-1.5611812,-1.4498298,1000,985,valid
1105,0.9220978,0.91673994,0.9187561,0.9127463,0.9125556110803641,-1.5612729,-1.4902126,1000,985,valid
1106,0.92213583,0.9196876,0.9186458,0.91413736,0.9122983849035742,-1.5613626,-1.455364,1000,985,valid
1107,0.9215479,0.91506374,0.9181649,0.9118099,0.9120610204986818,-1.5614508,-1.4567599,1000,985,valid
1108,0.9216629,0.9171603,0.9175665,0.91254306,0.911715417398973,-1.5615374,-1.4387683,1000,985,valid
1109,0.9210065,0.91212475,0.9174984,0.9102238,0.9114117279846724,-1.5616223,-1.4379797,1000,985,valid
1110,0.9210022,0.91331553,0.9171051,0.91062343,0.9111277695060981,-1.5617057,-1.4253323,1000,985,valid
1111,0.92041314,0.91556513,0.9172184,0.9116544,0.9107921271486635,-1.5617876,-1.4400363,1000,985,valid
1112,0.92051023,0.91456866,0.916984,0.91096365,0.9104367315656958,-1.561868,-1.4847007,1000,985,valid
1113,0.91986275,0.90948856,0.91633505,0.9082529,0.9100755238851997,-1.561947,-1.5215979,1000,985,valid
1114,0.9197513,0.9118563,0.9159191,0.90927833,0.9098101105462253,-1.5620246,-1.472281,1000,985,valid
1115,0.919332,0.91724086,0.91579205,0.9117376,0.9095080225188683,-1.5621009,-1.4489692,1000,985,valid
1116,0.91879046,0.9102181,0.9155763,0.90832543,0.9091920635190202,-1.5621759,-1.4901054,1000,985,valid
1117,0.91878355,0.9120279,0.91520923,0.90898794,0.9088308528480988,-1.5622495,-1.4875476,1000,985,valid
1118,0.9182861,0.90678835,0.9149973,0.90642416,0.908512993441725,-1.5623219,-1.5174804,1000,985,valid
1119,0.91821676,0.90957034,0.91430646,0.9074473,0.908171353853107,-1.5623932,-1.4910303,1000,985,valid
1120,0.91768,0.9124757,0.91443396,0.90894246,0.9078251095279015,-1.5624632,-1.4510696,1000,985,valid
1121,0.91769063,0.912436,0.9141402,0.90879524,0.9075350838867435,-1.5625321,-1.4493203,1000,985,valid
1122,0.91713506,0.9098128,0.91351753,0.90739614,0.9072311629460179,-1.5625998,-1.4228759,1000,985,valid
1123,0.9171263,0.9090044,0.91294533,0.90679103,0.9069497613148584,-1.5626664,-1.4148169,1000,985,valid
1124,0.9165658,0.9075557,0.9130449,0.9060477,0.9066195319094491,-1.562732,-1.4583874,1000,985,valid
1125,0.91597265,0.9092169,0.912622,0.9067157,0.9064083649414305,-1.5627965,-1.4227453,1000,985,valid
1126,0.9160012,0.9100287,0.9122283,0.90686125,0.9060472683008951,-1.56286,-1.4372933,1000,985,valid
1127,0.9154911,0.9081937,0.91186535,0.90592825,0.9057501965399049,-1.5629225,-1.4148002,1000,985,valid
1128,0.9154056,0.90698344,0.9115585,0.9054077,0.9055262274570649,-1.562984,-1.3603084,1000,985,valid
1129,0.91487354,0.90727,0.91146183,0.9054694,0.9052268407679943,-1.5630445,-1.3679397,1000,985,valid
1130,0.9149498,0.90754795,0.9114208,0.9055001,0.9049587137226581,-1.5631042,-1.3923992,1000,985,valid
1131,0.91434085,0.9040096,0.9108694,0.9036656,0.9046639254734061,-1.5631629,-1.3837202,1000,985,valid
1132,0.913779,0.9050819,0.9102369,0.9039498,0.9044229090409358,-1.5632207,-1.3566415,1000,985,valid
1133,0.91376436,0.90565884,0.91001683,0.90404177,0.9041717459265388,-1.5632777,-1.3785794,1000,985,valid
1134,0.91319174,0.90612197,0.90974087,0.90424144,0.9039573443794686,-1.5633337,-1.3425434,1000,985,valid
1135,0.91324544,0.90497047,0.9094947,0.9036628,0.9036375822646838,-1.5633891,-1.3249409,1000,985,valid
1136,0.91268384,0.9017433,0.909192,0.9020176,0.9033108384220921,-1.5634435,-1.3367904,1000,985,valid
1137,0.91267526,0.90164614,0.9089126,0.90173715,0.9030637316367285,-1.5634972,-1.3704658,1000,985,valid
1138,0.91208935,0.9080399,0.90874344,0.9046353,0.902813280842997,-1.5635501,-1.3493491,1000,985,valid
1139,0.9115713,0.90269995,0.90824324,0.9019521,0.9024998310287188,-1.5636022,-1.3573103,1000,985,valid
1140,0.9115626,0.90127957,0.90797734,0.90118456,0.9021667169402231,-1.5636536,-1.3572638,1000,985,valid
1141,0.9109989,0.9022906,0.90758294,0.9014848,0.9019762371163456,-1.5637043,-1.3507698,1000,985,valid
1142,0.91097695,0.90233827,0.9069547,0.9012231,0.9017039633825282,-1.5637542,-1.3495096,1000,985,valid
1143,0.9104546,0.90527725,0.9071874,0.90256983,0.9014463277726321,-1.5638034,-1.3797863,1000,985,valid
1144,0.9104729,0.90659726,0.90659016,0.90309346,0.9010519991698703,-1.563852,-1.3189318,1000,985,valid
1145,0.90985924,0.90146863,0.9062164,0.9004895,0.9007274812581407,-1.5638999,-1.3495852,1000,985,valid
1146,0.90988845,0.8991873,0.9059205,0.899267,0.9004604546744777,-1.5639471,-1.3650606,1000,985,valid
1147,0.90930176,0.90369225,0.9057648,0.9013453,0.9002115873386383,-1.5639937,-1.3338511,1000,985,valid
1148,0.90880036,0.90335065,0.90549463,0.9009736,0.8999126018782427,-1.5640397,-1.362569,1000,985,valid
1149,0.9087903,0.9034028,0.90509975,0.9007958,0.8995943473739033,-1.564085,-1.3691452,1000,985,valid
1150,0.9082587,0.89751345,0.9047536,0.8978341,0.8992163445453141,-1.5641297,-1.4093118,1000,985,valid
1151,0.9076408,0.9023063,0.90459305,0.90000683,0.8989418511936047,-1.5641739,-1.3877691,1000,985,valid
1152,0.9076733,0.9010079,0.9043764,0.89920664,0.8986285065261916,-1.5642174,-1.4238877,1000,985,valid
1153,0.9070855,0.8993635,0.90373665,0.89827406,0.8983166945928469,-1.5642605,-1.3886096,1000,985,valid
1154,0.9070573,0.8972764,0.9032816,0.8971365,0.8980069291081406,-1.5643029,-1.3822641,1000,985,valid
1155,0.9066164,0.8973962,0.90302414,0.89696133,0.8977307349564089,-1.5643448,-1.41866,1000,985,valid
1156,0.90635264,0.89915276,0.9030273,0.897817,0.8974439659707972,-1.5643861,-1.4004847,1000,985,valid
1157,0.9059432,0.89931285,0.9025578,0.89769113,0.8970653257927885,-1.564427,-1.3952804,1000,985,valid
1158,0.9060048,0.8960227,0.9019939,0.89585423,0.8967365737101486,-1.5644673,-1.4224207,1000,985,valid
1159,0.9054229,0.89470595,0.90188456,0.89521325,0.8963903837283294,-1.5645071,-1.4198263,1000,985,valid
1160,0.9048764,0.89744604,0.9016387,0.8963608,0.8960766385275319,-1.5645465,-1.4152024,1000,985,valid
1161,0.9049072,0.8991559,0.9012683,0.8969874,0.8957631639082495,-1.5645852,-1.4091694,1000,985,valid
1162,0.90430963,0.8964004,0.90067345,0.89546883,0.8954224665641778,-1.5646236,-1.4069754,1000,985,valid
1163,0.90435016,0.89588803,0.9001509,0.89500237,0.895116001790801,-1.5646614,-1.4051721,1000,985,valid
1164,0.9038464,0.8943009,0.9002243,0.89420223,0.8948488957779306,-1.5646988,-1.4424701,1000,985,valid
1165,0.90321535,0.8975326,0.8999652,0.8956798,0.8945320512611622,-1.5647358,-1.4004622,1000,985,valid
1166,0.9032281,0.893002,0.89980066,0.8934675,0.8941890862498812,-1.5647722,-1.4257692,1000,985,valid
1167,0.9026988,0.8921295,0.8990976,0.8927449,0.8938650529544664,-1.5648084,-1.4272128,1000,985,valid
1168,0.90264165,0.8921229,0.8988181,0.89259624,0.8935645105139313,-1.564844,-1.4331837,1000,985,valid
1169,0.90208626,0.8962483,0.89868534,0.89445376,0.8933192769688002,-1.5648792,-1.4190943,1000,985,valid
1170,0.90158176,0.89347583,0.89787966,0.8928721,0.8930966913903787,-1.564914,-1.4034066,1000,985,valid
1171,0.90155774,0.89261675,0.89761955,0.89233017,0.8927758263419263,-1.5649484,-1.4140432,1000,985,valid
1172,0.9010662,0.8913156,0.8973204,0.89161426,0.8924344131710338,-1.5649824,-1.4098778,1000,985,valid
1173,0.9010165,0.89225185,0.8970232,0.8918972,0.8921935642307339,-1.565016,-1.4121506,1000,985,valid
1174,0.9004335,0.8921658,0.8970935,0.89187795,0.8919433896861495,-1.5650493,-1.4162233,1000,985,valid
1175,0.8999478,0.8951494,0.89698637,0.8932016,0.8917103876826857,-1.5650821,-1.411001,1000,985,valid
1176,0.8999027,0.8897353,0.8960618,0.8903487,0.8913881798414518,-1.5651146,-1.4005202,1000,985,valid
1177,0.89935464,0.893064,0.89596313,0.8918699,0.8910930746827185,-1.5651467,-1.383467,1000,985,valid
1178,0.8993415,0.89158833,0.89583063,0.89105153,0.8908409795533254,-1.5651784,-1.4117126,1000,985,valid
1179,0.8988383,0.8907492,0.8953446,0.8904625,0.8905548937860726,-1.5652097,-1.4068363,1000,985,valid
1180,0.8982195,0.88878006,0.8948282,0.88928497,0.8902472344356545,-1.5652409,-1.4220743,1000,985,valid
1181,0.8982644,0.8897854,0.894327,0.8896227,0.8899781224913711,-1.5652715,-1.3860842,1000,985,valid
1182,0.89759856,0.8926927,0.89443725,0.89095765,0.8897144476749808,-1.5653019,-1.3982465,1000,985,valid
1183,0.89712167,0.8901285,0.89388114,0.8895486,0.889473246222262,-1.5653319,-1.3945675,1000,985,valid
1184,0.89717185,0.8922442,0.893502,0.8903117,0.889150070267615,-1.5653616,-1.4029664,1000,985,valid
1185,0.89654523,0.890908,0.893313,0.8896354,0.8888648708367805,-1.565391,-1.3971555,1000,985,valid
1186,0.89601475,0.8905222,0.89294916,0.8892407,0.8886000716920175,-1.56542,-1.4145622,1000,985,valid
1187,0.8960093,0.8891978,0.89251584,0.88849187,0.8883517956125451,-1.5654488,-1.3975818,1000,985,valid
1188,0.89546365,0.8855257,0.89222807,0.8866925,0.8880592238341507,-1.5654773,-1.3969618,1000,985,valid
1189,0.89549184,0.8891543,0.8920004,0.8882455,0.8877959579324358,-1.5655054,-1.3946247,1000,985,valid
1190,0.89492035,0.8877243,0.89177454,0.8874563,0.8874689152052698,-1.5655332,-1.4063227,1000,985,valid
1191,0.8942971,0.88818806,0.8913082,0.8874818,0.8872263920547566,-1.5655608,-1.3971997,1000,985,valid
1192,0.8943603,0.8875295,0.8909712,0.8870709,0.8869266026222223,-1.565588,-1.3833756,1000,985,valid
1193,0.893771,0.8855404,0.8903786,0.88590366,0.8865945144561792,-1.565615,-1.3807619,1000,985,valid
1194,0.8937699,0.88452244,0.8900973,0.8853195,0.8862647885884439,-1.5656418,-1.378437,1000,985,valid
1195,0.893225,0.8846414,0.88992715,0.8852719,0.8859844899827574,-1.5656682,-1.3861005,1000,985,valid
1196,0.89274436,0.88707745,0.88952965,0.8862132,0.8856821871699567,-1.5656943,-1.3811548,1000,985,valid
1197,0.89268845,0.88635266,0.88914126,0.8856782,0.8853558628050605,-1.5657202,-1.3901739,1000,985,valid
1198,0.892097,0.88382936,0.8886724,0.8843474,0.8850533673616158,-1.5657458,-1.3801978,1000,985,valid
1199,0.89170206,0.8842083,0.8886079,0.8844674,0.8847343872950344,-1.5657712,-1.3875476,1000,985,valid
1200,0.8915842,0.8834059,0.8881779,0.8839144,0.8844037017829326,-1.5657964,-1.3848372,1000,985,valid
1201,0.8916011,0.8838545,0.8878014,0.88395256,0.884120742284631,-1.5658213,-1.3828099,1000,985,valid
1202,0.8910009,0.8868937,0.88787705,0.8853561,0.8837408674457311,-1.5658458,-1.3869827,1000,985,valid
1203,0.89049006,0.88329387,0.8871869,0.883445,0.8834634814846205,-1.5658703,-1.37373,1000,985,valid
1204,0.8904454,0.8844285,0.8869129,0.8838097,0.8831658647061243,-1.5658944,-1.3820667,1000,985,valid
1205,0.8899247,0.88408124,0.8864525,0.8834586,0.8828533415537789,-1.5659183,-1.3765022,1000,985,valid
1206,0.88937366,0.88085294,0.88604116,0.8818151,0.8825358439956212,-1.565942,-1.3725994,1000,985,valid
1207,0.88941467,0.8826601,0.8855595,0.8824034,0.882228943130475,-1.5659654,-1.3767946,1000,985,valid
1208,0.88881636,0.88130105,0.88523644,0.88160187,0.8819432009070651,-1.5659887,-1.3884087,1000,985,valid
1209,0.8882604,0.8834288,0.8852763,0.8825752,0.8816137647933187,-1.5660117,-1.3924077,1000,985,valid
1210,0.88825923,0.87949145,0.88438195,0.8804263,0.8813380086126663,-1.5660344,-1.3762496,1000,985,valid
1211,0.8877146,0.8800645,0.8842854,0.88063437,0.8810679157535194,-1.566057,-1.3789196,1000,985,valid
1212,0.8877984,0.88077736,0.88396305,0.8807817,0.8808059033233488,-1.5660794,-1.3884268,1000,985,valid
1213,0.8871259,0.88122183,0.88383305,0.88090765,0.8805145822366858,-1.5661016,-1.3938785,1000,985,valid
1214,0.88660574,0.87847936,0.88315517,0.87937254,0.8801834414225383,-1.5661235,-1.3868601,1000,985,valid
1215,0.8865931,0.88148355,0.88294697,0.8806248,0.8799168783169999,-1.5661452,-1.392879,1000,985,valid
1216,0.8860729,0.87903136,0.8824501,0.87929475,0.8796284203634598,-1.5661668,-1.3889859,1000,985,valid
1217,0.88606805,0.8786617,0.88205725,0.878969,0.8793524873116372,-1.5661881,-1.3818917,1000,985,valid
1218,0.8854902,0.87920177,0.88193464,0.8790916,0.8790707004772418,-1.5662092,-1.4037472,1000,985,valid
1219,0.8849465,0.8785138,0.88155717,0.8785974,0.8787700533650694,-1.5662302,-1.4067171,1000,985,valid
1220,0.8844443,0.87906486,0.8813542,0.87875706,0.8784531081553473,-1.5662509,-1.4060992,1000,985,valid
1221,0.88438326,0.8778872,0.8806122,0.87798434,0.8781202392358266,-1.5662714,-1.3729377,1000,985,valid
1222,0.88384736,0.8781847,0.8808632,0.87816864,0.8778083768905259,-1.5662918,-1.3942102,1000,985,valid
1223,0.88384265,0.8752768,0.8797928,0.8763877,0.8775032691060127,-1.5663121,-1.3843801,1000,985,valid
1224,0.8832636,0.87639403,0.8798138,0.87692374,0.8771877884540613,-1.5663321,-1.3784014,1000,985,valid
1225,0.8827485,0.87758607,0.87932414,0.87721753,0.8768735341060114,-1.5663519,-1.3862846,1000,985,valid
1226,0.8827317,0.8775383,0.879034,0.87709844,0.8765550514571951,-1.5663716,-1.3748944,1000,985,valid
1227,0.8821456,0.87906384,0.87889284,0.87772536,0.8762291782779528,-1.5663911,-1.3755823,1000,985,valid
1228,0.88164026,0.875541,0.878321,0.8758136,0.8759684281825963,-1.5664104,-1.3914577,1000,985,valid
1229,0.88155824,0.87564445,0.87791955,0.8757139,0.8756795801020819,-1.5664295,-1.3795412,1000,985,valid
1230,0.8810975,0.8756522,0.87767076,0.8756247,0.8754026311264931,-1.5664486,-1.3727795,1000,985,valid
1231,0.8810436,0.8736923,0.8770099,0.87442565,0.8751267663495235,-1.5664674,-1.3747616,1000,985,valid
1232,0.8805193,0.873127,0.8768235,0.8740969,0.8748109076740576,-1.566486,-1.3704765,1000,985,valid
1233,0.88001007,0.87494063,0.87638706,0.874719,0.874509173652307,-1.5665045,-1.371378,1000,985,valid
1234,0.87996894,0.8759192,0.8760388,0.8749993,0.874191028129057,-1.5665228,-1.3731663,1000,985,valid
1235,0.87937826,0.87431484,0.8757525,0.8741461,0.8739048349225049,-1.5665411,-1.370939,1000,985,valid
1236,0.8788541,0.8732734,0.8752622,0.8734619,0.873573950611247,-1.5665591,-1.3666732,1000,985,valid
1237,0.8788395,0.87235403,0.8748168,0.8728722,0.8732771682208235,-1.566577,-1.3565919,1000,985,valid
1238,0.8783564,0.8729806,0.87491393,0.8731809,0.8729467471176743,-1.5665947,-1.3631004,1000,985,valid
1239,0.877757,0.8723228,0.8743704,0.8726407,0.8726377554672902,-1.5666122,-1.3608148,1000,985,valid
1240,0.87770164,0.87137437,0.8737418,0.8718727,0.872294033246562,-1.5666296,-1.3767724,1000,985,valid
1241,0.8773892,0.8715331,0.87336767,0.8718104,0.8719926629293863,-1.5666469,-1.3650905,1000,985,valid
1242,0.87720466,0.8706378,0.87340105,0.87139565,0.8716604156781156,-1.5666641,-1.37245,1000,985,valid
1243,0.8766554,0.8705137,0.8730325,0.8711922,0.8713377857791853,-1.5666811,-1.3656049,1000,985,valid
1244,0.87609446,0.8697536,0.87249786,0.87055856,0.871026521178732,-1.566698,-1.3797593,1000,985,valid
1245,0.8760912,0.8696838,0.87192804,0.8702782,0.8706873445435734,-1.5667148,-1.375978,1000,985,valid
1246,0.87554663,0.8705673,0.8717482,0.87057716,0.8703754888973655,-1.5667313,-1.3826367,1000,985,valid
1247,0.87495494,0.8713976,0.8716713,0.87087244,0.8700584794198252,-1.5667478,-1.3980312,1000,985,valid
1248,0.87501806,0.8705101,0.8713178,0.87030494,0.869753879355531,-1.5667641,-1.3988934,1000,985,valid
1249,0.8744407,0.86887175,0.8707158,0.86930376,0.869372849837129,-1.5667803,-1.392822,1000,985,valid
1250,0.8738442,0.86884135,0.87062657,0.8692548,0.8690272896105339,-1.5667963,-1.3909702,1000,985,valid
1251,0.8738565,0.8683961,0.8699063,0.86873645,0.8687128703246635,-1.5668123,-1.3867381,1000,985,valid
1252,0.8732969,0.8689011,0.8698756,0.8689529,0.8683978668770915,-1.5668281,-1.3864278,1000,985,valid
1253,0.8727655,0.8679433,0.8692811,0.86829126,0.8681025836496677,-1.5668437,-1.3717505,1000,985,valid
1254,0.8727624,0.86633146,0.86904526,0.8674019,0.8677892099569029,-1.5668594,-1.3876836,1000,985,valid
1255,0.87206507,0.8666517,0.86850005,0.8673094,0.8674811831689409,-1.5668747,-1.3841338,1000,985,valid
1256,0.8716119,0.86604977,0.8682983,0.8669513,0.8671707673322029,-1.5668901,-1.3816428,1000,985,valid
1257,0.8710673,0.86559486,0.86788386,0.8665492,0.8668416571221651,-1.5669053,-1.3836324,1000,985,valid
1258,0.87110305,0.8657468,0.8675965,0.8665174,0.8665197522670459,-1.5669204,-1.3737606,1000,985,valid
1259,0.87054867,0.8654824,0.8671548,0.86619663,0.8662179332713132,-1.5669353,-1.3734031,1000,985,valid
1260,0.87051255,0.8657686,0.866775,0.8661075,0.8659133257343307,-1.5669502,-1.3882833,1000,985,valid
1261,0.86995053,0.86450976,0.86648136,0.8654282,0.8655952050808893,-1.566965,-1.3795218,1000,985,valid
1262,0.86943895,0.86228836,0.8659061,0.86417323,0.8652971393902723,-1.5669795,-1.3739492,1000,985,valid
1263,0.8694779,0.8651006,0.8656216,0.8653004,0.8649527794097007,-1.5669941,-1.3807504,1000,985,valid
1264,0.86880815,0.86398494,0.86542666,0.8647422,0.8646103468925914,-1.5670085,-1.3685007,1000,985,valid
1265,0.8683177,0.8637159,0.8648057,0.86431485,0.86429745984666,-1.5670228,-1.3754611,1000,985,valid
1266,0.8682795,0.8636086,0.8644846,0.86408794,0.8639617799894265,-1.567037,-1.3857285,1000,985,valid
1267,0.86775506,0.86319554,0.8642924,0.8638309,0.8636282294689417,-1.567051,-1.379718,1000,985,valid
1268,0.86723596,0.8616434,0.8640765,0.8630631,0.8632892752809259,-1.567065,-1.3680353,1000,985,valid
1269,0.8671646,0.861384,0.8635351,0.86267334,0.8629635688459104,-1.5670788,-1.3760021,1000,985,valid
1270,0.8666562,0.8628943,0.86297446,0.8630892,0.8626186525881727,-1.5670927,-1.3807342,1000,985,valid
1271,0.86609447,0.8614553,0.8628024,0.8623421,0.8622632331614571,-1.5671064,-1.3855004,1000,985,valid
1272,0.86610043,0.86036956,0.86245435,0.86169183,0.8619120716670452,-1.5671198,-1.384854,1000,985,valid
1273,0.8655586,0.86040515,0.8617134,0.8613767,0.8616068861814261,-1.5671333,-1.3825864,1000,985,valid
1274,0.86495525,0.8621646,0.8616115,0.8621198,0.8612961252361035,-1.5671467,-1.3858471,1000,985,valid
1275,0.86499214,0.86097324,0.8611792,0.86137766,0.8609376649383438,-1.56716,-1.3869464,1000,985,valid
1276,0.86445427,0.85911214,0.86135757,0.86059076,0.8606241932608836,-1.5671731,-1.3943946,1000,985,valid
1277,0.86387026,0.85957336,0.8607672,0.8605269,0.8603099750193509,-1.5671862,-1.3957071,1000,985,valid
1278,0.86385757,0.860731,0.86006534,0.86070985,0.8600018080634704,-1.5671992,-1.4032657,1000,985,valid
1279,0.8633459,0.858359,0.8598018,0.8595434,0.8596950253356509,-1.5672121,-1.3927655,1000,985,valid
1280,0.8627422,0.85823774,0.8593416,0.8591729,0.8593819074828866,-1.5672249,-1.4281707,1000,985,valid
1281,0.8627718,0.8584509,0.8590479,0.85914433,0.8590752559800612,-1.5672376,-1.4252374,1000,985,valid
1282,0.8622437,0.8576157,0.8584561,0.85849196,0.8587244761341262,-1.5672503,-1.4262015,1000,985,valid
1283,0.8622151,0.85620713,0.85809636,0.8576603,0.8583942180138834,-1.5672628,-1.4356316,1000,985,valid
1284,0.8616522,0.8560059,0.8576858,0.85739034,0.858049501220891,-1.5672752,-1.4325981,1000,985,valid
1285,0.8610584,0.8570763,0.85750324,0.85778683,0.857694074965475,-1.5672876,-1.4348664,1000,985,valid
1286,0.8605294,0.85649574,0.8575136,0.85749984,0.8574083204333935,-1.5672998,-1.4445199,1000,985,valid
1287,0.8605577,0.8541864,0.8565285,0.8560526,0.8570671247427024,-1.567312,-1.426769,1000,985,valid
1288,0.85996056,0.85625845,0.85651374,0.856897,0.8567179929262456,-1.5673242,-1.4581621,1000,985,valid
1289,0.8594131,0.85726166,0.85623455,0.85721546,0.856372607607806,-1.5673361,-1.461691,1000,985,valid
1290,0.85943073,0.85441613,0.8557928,0.85573584,0.8560358358173498,-1.5673481,-1.4564652,1000,985,valid
1291,0.8588745,0.85477257,0.8553143,0.85564965,0.8557312923524242,-1.5673599,-1.4670513,1000,985,valid
1292,0.85834485,0.8547052,0.8549671,0.85543925,0.8553940052489039,-1.5673717,-1.4747248,1000,985,valid
1293,0.8577932,0.8545413,0.8544794,0.8551629,0.8550675482468304,-1.5673834,-1.4673536,1000,985,valid
1294,0.85773045,0.85343754,0.8540097,0.8544317,0.8547648484486539,-1.567395,-1.4729067,1000,985,valid
1295,0.8571984,0.8533487,0.8537881,0.8543353,0.8544043389089417,-1.5674065,-1.4568269,1000,985,valid
1296,0.8572848,0.85364765,0.85346335,0.8543216,0.8540779426334287,-1.567418,-1.4573228,1000,985,valid
1297,0.8566162,0.8544562,0.8531698,0.85453063,0.8537297088518263,-1.5674293,-1.4660032,1000,985,valid
1298,0.8561041,0.8525916,0.8525249,0.8534156,0.8533825396535429,-1.5674406,-1.4566443,1000,985,valid
1299,0.8560951,0.8524451,0.8520986,0.85315675,0.8530560654244594,-1.5674518,-1.4559052,1000,985,valid
1300,0.85551214,0.85406023,0.8520922,0.8539182,0.8527541748785815,-1.567463,-1.4451811,1000,985,valid
1301,0.85503054,0.85125595,0.8516871,0.85243756,0.8525158763417683,-1.5674741,-1.4528403,1000,985,valid
1302,0.8549662,0.85071075,0.85107297,0.851914,0.852200288428728,-1.5674851,-1.4513761,1000,985,valid
1303,0.8544277,0.8512701,0.85048115,0.8519465,0.851851979716382,-1.5674961,-1.4345312,1000,985,valid
1304,0.8538684,0.85010964,0.8502618,0.8512843,0.8515563917450402,-1.5675069,-1.4466708,1000,985,valid
1305,0.853303,0.8484973,0.8501021,0.8504924,0.8512276768827326,-1.5675176,-1.4420109,1000,985,valid
1306,0.8533212,0.8481607,0.8492865,0.8499688,0.8508854407535379,-1.5675284,-1.4416006,1000,985,valid
1307,0.85278296,0.85066664,0.849178,0.85103524,0.8505883240052101,-1.567539,-1.4494421,1000,985,valid
1308,0.8521672,0.848505,0.8488689,0.84991,0.8502656202799013,-1.5675496,-1.450251,1000,985,valid
1309,0.85221916,0.84982574,0.848595,0.85035896,0.8499535395687472,-1.5675601,-1.4594823,1000,985,valid
1310,0.8516567,0.8508462,0.84795606,0.8505433,0.8496145363485563,-1.5675706,-1.45519,1000,985,valid
1311,0.85113364,0.8460607,0.8473745,0.8480955,0.8493151445399857,-1.5675809,-1.4583206,1000,985,valid
1312,0.8510387,0.8489175,0.84705275,0.84922945,0.8490207547868487,-1.5675912,-1.4643886,1000,985,valid
1313,0.85054463,0.8466828,0.8467769,0.84811586,0.8486918630655214,-1.5676014,-1.4546744,1000,985,valid
1314,0.8500846,0.8492761,0.84634453,0.84908533,0.8483856824716567,-1.5676116,-1.4587314,1000,985,valid
1315,0.84997046,0.8482692,0.8458313,0.84841377,0.8481201850524522,-1.5676217,-1.4516983,1000,985,valid
1316,0.8494321,0.84515244,0.8456343,0.84688705,0.8477828642307048,-1.5676317,-1.4592059,1000,985,valid
1317,0.8488883,0.84710467,0.8455919,0.8477679,0.8474679794118887,-1.5676417,-1.4544251,1000,985,valid
1318,0.8483448,0.8465097,0.84515834,0.84725684,0.847118483803102,-1.5676516,-1.4698507,1000,985,valid
1319,0.84834516,0.84369206,0.84429497,0.8456133,0.8467803839802799,-1.5676615,-1.459162,1000,985,valid
1320,0.84772366,0.8470119,0.84425014,0.8471175,0.8464912972962253,-1.5676713,-1.4532347,1000,985,valid
1321,0.84718615,0.84586865,0.844033,0.84652495,0.8461875078545602,-1.5676811,-1.4441496,1000,985,valid
1322,0.8472381,0.84658134,0.8437952,0.84672034,0.8458901662870005,-1.5676907,-1.4511943,1000,985,valid
1323,0.84666866,0.84625316,0.8430247,0.84618694,0.8455896691429712,-1.5677004,-1.4629478,1000,985,valid
1324,0.84606767,0.844344,0.8426472,0.8451996,0.8452858451176782,-1.5677099,-1.4445722,1000,985,valid
1325,0.8461039,0.8447291,0.8423293,0.84520906,0.8449646035537495,-1.5677195,-1.4518206,1000,985,valid
1326,0.8455538,0.83902305,0.84157383,0.8422538,0.8447105286885292,-1.5677289,-1.458766,1000,985,valid
1327,0.84504074,0.8429527,0.84127575,0.8438939,0.8444397721372181,-1.5677382,-1.4618347,1000,985,valid
1328,0.84441423,0.8452569,0.84143186,0.8450676,0.8440836399524115,-1.5677476,-1.4419957,1000,985,valid
1329,0.8439746,0.8432467,0.840513,0.84370613,0.8438142176802828,-1.5677568,-1.4524484,1000,985,valid
1330,0.8438733,0.84381133,0.8401505,0.84381455,0.8434831382393839,-1.5677661,-1.4463844,1000,985,valid
1331,0.8433286,0.8443353,0.8401562,0.8440598,0.8430886149700583,-1.5677751,-1.4447408,1000,985,valid
1332,0.84334284,0.84181476,0.83946013,0.8426211,0.8427129037901344,-1.5677843,-1.4366046,1000,985,valid
1333,0.8427379,0.8430705,0.83895826,0.84290004,0.8424167367239388,-1.5677934,-1.4587042,1000,985,valid
1334,0.8422449,0.8407072,0.83854467,0.84165305,0.8420772753003823,-1.5678023,-1.4534543,1000,985,valid
1335,0.84168774,0.84186494,0.8384929,0.8421845,0.8417073280201609,-1.5678113,-1.4431199,1000,985,valid
1336,0.8416953,0.8403589,0.83776426,0.8412151,0.8414244668157226,-1.5678202,-1.426918,1000,985,valid
1337,0.8411076,0.8400998,0.83715713,0.84072995,0.8410597669745721,-1.567829,-1.458795,1000,985,valid
1338,0.8405419,0.8392658,0.83690274,0.8402912,0.8406558053085987,-1.5678377,-1.4390275,1000,985,valid
1339,0.84055865,0.83928275,0.83670336,0.84021825,0.8402546943293685,-1.5678465,-1.4354646,1000,985,valid
1340,0.8400427,0.8372899,0.83641726,0.8391397,0.8398950529756104,-1.5678551,-1.4507024,1000,985,valid
1341,0.83945525,0.8396324,0.83622473,0.84008574,0.8395132662342603,-1.5678638,-1.4613467,1000,985,valid
1342,0.83941376,0.838578,0.8352748,0.8392061,0.8391013897332694,-1.5678724,-1.4499786,1000,985,valid
1343,0.8388822,0.8409624,0.83523077,0.84024733,0.8387981598926652,-1.5678809,-1.4576223,1000,985,valid
1344,0.8383302,0.84028035,0.8349909,0.8397905,0.8384102100980092,-1.5678893,-1.4712148,1000,985,valid
1345,0.83833057,0.8353131,0.8345024,0.8373397,0.8379984845709706,-1.5678978,-1.4614055,1000,985,valid
1346,0.8377867,0.83620185,0.83386046,0.83750874,0.8376595056886567,-1.5679061,-1.4408659,1000,985,valid
1347,0.8372248,0.83588034,0.8335662,0.8371432,0.8372858322426107,-1.5679145,-1.4713544,1000,985,valid
1348,0.83667886,0.83667815,0.8335804,0.83747303,0.8369447339115281,-1.5679228,-1.4855447,1000,985,valid
1349,0.83665824,0.835446,0.83245534,0.83646005,0.8366190022880854,-1.567931,-1.4641159,1000,985,valid
1350,0.8360861,0.83604753,0.8324004,0.8367006,0.836323247845233,-1.5679392,-1.4668303,1000,985,valid
1351,0.8355526,0.83299255,0.8320456,0.83514327,0.8359960057127256,-1.5679474,-1.4700043,1000,985,valid
1352,0.83554614,0.83071053,0.83179414,0.83399254,0.8355615162917303,-1.5679554,-1.4701006,1000,985,valid
1353,0.8350244,0.836491,0.8309926,0.83617157,0.8351732326197986,-1.5679635,-1.4996817,1000,985,valid
1354,0.83443093,0.82995135,0.83061516,0.83305967,0.8348223097059753,-1.5679715,-1.4888756,1000,985,valid
1355,0.8338278,0.8324537,0.8304611,0.83416533,0.8344733808320675,-1.5679795,-1.4742537,1000,985,valid
1356,0.8339351,0.8356651,0.83017546,0.8354219,0.8341385405607114,-1.5679873,-1.5006183,1000,985,valid
1357,0.8333123,0.83340764,0.8295388,0.83414584,0.8338484721112434,-1.5679952,-1.4862186,1000,985,valid
1358,0.83281434,0.8296389,0.82913613,0.83226895,0.83350054207045,-1.568003,-1.4798487,1000,985,valid
1359,0.8327681,0.83029556,0.8286655,0.8323206,0.8331772768863712,-1.5680108,-1.4917014,1000,985,valid
1360,0.8321779,0.83326936,0.8288208,0.8337236,0.8328306441393415,-1.5680186,-1.498318,1000,985,valid
1361,0.83169,0.82826936,0.82777506,0.83093387,0.832516176693447,-1.5680263,-1.5148911,1000,985,valid
1362,0.8311013,0.82845485,0.8274176,0.8308847,0.8321783334504689,-1.5680339,-1.5037649,1000,985,valid
1363,0.8311064,0.83347094,0.82753724,0.8332005,0.8318545544721649,-1.5680416,-1.5097235,1000,985,valid
1364,0.83055884,0.8308573,0.8275707,0.8320848,0.8315303017024815,-1.5680491,-1.4888716,1000,985,valid
1365,0.8300449,0.8313403,0.8264318,0.8317069,0.8311865438896167,-1.5680566,-1.5185397,1000,985,valid
1366,0.82997346,0.8325621,0.8259414,0.8319964,0.8308552084278066,-1.5680641,-1.5347794,1000,985,valid
1367,0.8294031,0.8322822,0.82524306,0.8316003,0.8305514964347823,-1.5680715,-1.5159361,1000,985,valid
1368,0.8288697,0.8259281,0.825117,0.8286385,0.830224572183813,-1.568079,-1.5236294,1000,985,valid
1369,0.8283876,0.8312103,0.8249258,0.8309537,0.8299636283385964,-1.5680863,-1.5219083,1000,985,valid
1370,0.8283322,0.8301004,0.82431513,0.8301328,0.8296954359953316,-1.5680937,-1.5371115,1000,985,valid
1371,0.82776,0.82811385,0.82388693,0.82911575,0.8293506797476259,-1.5681009,-1.5064353,1000,985,valid
1372,0.8271956,0.83011246,0.8236804,0.8298396,0.8290159846111291,-1.5681082,-1.540978,1000,985,valid
1373,0.8272618,0.82920015,0.8232042,0.8291671,0.8286782221595881,-1.5681154,-1.5575165,1000,985,valid
1374,0.82660407,0.8275106,0.822842,0.8282997,0.8283842376894136,-1.5681225,-1.5320888,1000,985,valid
1375,0.8260914,0.8236871,0.8220812,0.82617974,0.8280996476870116,-1.5681297,-1.5471892,1000,985,valid
1376,0.8255496,0.82529724,0.8224192,0.8270682,0.8278009504874174,-1.5681368,-1.5456446,1000,985,valid
1377,0.82557625,0.82710224,0.8217229,0.8275422,0.8274553749360739,-1.5681438,-1.5570147,1000,985,valid
1378,0.82496876,0.8270004,0.8214584,0.8274341,0.8270747989646147,-1.5681509,-1.5338295,1000,985,valid
1379,0.8244612,0.8284118,0.82058024,0.8275628,0.8267692438043707,-1.5681578,-1.5790292,1000,985,valid
1380,0.82444966,0.82559407,0.8207115,0.82636553,0.8263790677386329,-1.5681647,-1.56995,1000,985,valid
1381,0.82396734,0.8248967,0.8206034,0.82609546,0.8260200296042931,-1.5681716,-1.5318413,1000,985,valid
1382,0.8233458,0.82371455,0.8196762,0.82495564,0.8257216062129032,-1.5681785,-1.6057853,1000,985,valid
1383,0.82277197,0.8255472,0.8190139,0.82558817,0.8253546768105278,-1.5681853,-1.5634415,1000,985,valid
1384,0.8227751,0.82477254,0.8188957,0.8251827,0.8249993209077366,-1.5681921,-1.563496,1000,985,valid
1385,0.82229435,0.82378906,0.818999,0.8248468,0.8246191478782029,-1.5681989,-1.5381348,1000,985,valid
1386,0.8216264,0.8244462,0.8175353,0.8243899,0.8243004478571915,-1.5682057,-1.5741006,1000,985,valid
1387,0.8216703,0.823821,0.81809354,0.82435924,0.8239171289326057,-1.5682124,-1.5744016,1000,985,valid
1388,0.82114637,0.8224251,0.8175683,0.8234388,0.8235554686799242,-1.5682191,-1.594399,1000,985,valid
1389,0.82057077,0.8217433,0.8171429,0.8229629,0.823221889312298,-1.5682256,-1.5831437,1000,985,valid
1390,0.8199895,0.82281184,0.81733185,0.8235955,0.8228498740388748,-1.5682322,-1.5578744,1000,985,valid
1391,0.8199993,0.8208862,0.8160272,0.82206863,0.8225074001283383,-1.5682387,-1.5823052,1000,985,valid
1392,0.8194476,0.8209686,0.8158765,0.82201487,0.8221908468276948,-1.5682453,-1.5917573,1000,985,valid
1393,0.8189526,0.82123977,0.8155399,0.82199514,0.8218903177812948,-1.5682518,-1.5874419,1000,985,valid
1394,0.8183392,0.81889105,0.8153488,0.8209157,0.8215091677953297,-1.5682583,-1.5574061,1000,985,valid
1395,0.8183694,0.819914,0.8144062,0.8209186,0.821240991638164,-1.5682647,-1.5707035,1000,985,valid
1396,0.81777966,0.8204278,0.8144781,0.8211594,0.8209084301856708,-1.568271,-1.5810058,1000,985,valid
1397,0.81725657,0.8199415,0.81454563,0.8209945,0.8206157688052227,-1.5682775,-1.5707042,1000,985,valid
1398,0.8166445,0.821198,0.8131754,0.82081324,0.8203231435515428,-1.5682838,-1.6251779,1000,985,valid
1399,0.8166514,0.81910825,0.8128567,0.8197398,0.8199959461458077,-1.5682901,-1.6165559,1000,985,valid
1400,0.8161421,0.81518006,0.8133808,0.81831276,0.8196853231299721,-1.5682963,-1.5673323,1000,985,valid
1401,0.8154984,0.8179012,0.81219566,0.8189186,0.8192792150244473,-1.5683025,-1.6049414,1000,985,valid
1402,0.81502485,0.81887174,0.81127566,0.81890166,0.8189076180717014,-1.5683087,-1.621926,1000,985,valid
1403,0.8149881,0.8186716,0.8110509,0.81873035,0.8186445739272388,-1.5683149,-1.6125064,1000,985,valid
1404,0.8144526,0.8175355,0.8113719,0.81832355,0.8182941264842934,-1.5683211,-1.6287124,1000,985,valid
1405,0.8138887,0.8183583,0.80997765,0.8180078,0.8179271494538255,-1.5683272,-1.653643,1000,985,valid
1406,0.8133299,0.8178483,0.80999684,0.81786317,0.817565984778751,-1.5683333,-1.618847,1000,985,valid
1407,0.813337,0.81616527,0.8100428,0.81714255,0.8172995686185284,-1.5683393,-1.6092632,1000,985,valid
1408,0.8128193,0.81904376,0.80990016,0.81845915,0.8169925055413713,-1.5683453,-1.5774518,1000,985,valid
1409,0.81236964,0.815632,0.80859995,0.8161805,0.8167029293199642,-1.5683514,-1.6375706,1000,985,valid
1410,0.81166613,0.8163928,0.8090481,0.8168505,0.8164046123242628,-1.5683573,-1.5852286,1000,985,valid
1411,0.811705,0.81461406,0.809415,0.8162134,0.8160961270410181,-1.5683632,-1.583877,1000,985,valid
1412,0.8111536,0.8155755,0.80728257,0.81552315,0.8157892614210135,-1.5683692,-1.6525924,1000,985,valid
1413,0.81053185,0.8122463,0.8076687,0.8143051,0.8154840154642647,-1.568375,-1.6010315,1000,985,valid
1414,0.80997825,0.816408,0.8065857,0.81559,0.8151803891707718,-1.5683808,-1.6500483,1000,985,valid
1415,0.8101384,0.8150947,0.80857056,0.81612694,0.8148783825405348,-1.5683867,-1.5514779,1000,985,valid
1416,0.80946517,0.81431997,0.80714345,0.8150199,0.8145779955735536,-1.5683925,-1.5956485,1000,985,valid
1417,0.8088979,0.8137473,0.80686384,0.8146808,0.8142792282698282,-1.5683982,-1.5756534,1000,985,valid
1418,0.80833876,0.814124,0.80532223,0.8140155,0.8139820806293587,-1.568404,-1.6339722,1000,985,valid
1419,0.8083414,0.8137295,0.80517256,0.8137757,0.813686552652145,-1.5684097,-1.6308099,1000,985,valid
1420,0.8077767,0.80969757,0.8053895,0.8121215,0.8133926443381871,-1.5684154,-1.597692,1000,985,valid
1421,0.8072808,0.8137502,0.80483216,0.81361294,0.8131003556874851,-1.568421,-1.6386533,1000,985,valid
1422,0.8066853,0.8100718,0.8032508,0.81123656,0.812809686700039,-1.5684266,-1.6340064,1000,985,valid
1423,0.80669665,0.8098545,0.8047012,0.8118913,0.8125206373758486,-1.5684322,-1.5929358,1000,985,valid
1424,0.8061295,0.8118729,0.80411386,0.8125978,0.8122332077149141,-1.5684378,-1.5688499,1000,985,valid
1425,0.8055753,0.8104664,0.80288833,0.8112952,0.8119473977172355,-1.5684434,-1.6145017,1000,985,valid
1426,0.80499816,0.8118881,0.80374026,0.81234944,0.8116632073828126,-1.5684489,-1.6048028,1000,985,valid
1427,0.80503345,0.81124943,0.8035615,0.81207067,0.8113806367116456,-1.5684544,-1.5661747,1000,985,valid
1428,0.804436,0.8055043,0.80196524,0.8087676,0.8110996857037345,-1.5684599,-1.5550193,1000,985,valid
1429,0.8038474,0.8123523,0.801554,0.81165904,0.8108203543590792,-1.5684654,-1.566203,1000,985,valid
1430,0.80336446,0.8143434,0.8022999,0.8129155,0.8105426426776797,-1.5684707,-1.5602751,1000,985,valid
1431,0.80328876,0.8112399,0.803262,0.81214464,0.8102665506595361,-1.5684762,-1.4824779,1000,985,valid
1432,0.80282307,0.8080509,0.79960585,0.8088574,0.8099920783046484,-1.5684816,-1.5523753,1000,985,valid
1433,0.8022278,0.81189585,0.8016476,0.8116745,0.8097192256130165,-1.5684868,-1.4953408,1000,985,valid
1434,0.8017283,0.80781406,0.7985707,0.80824834,0.8094479925846403,-1.5684922,-1.5652633,1000,985,valid
1435,0.8011107,0.808123,0.799605,0.80897,0.8091783792195201,-1.5684975,-1.5205395,1000,985,valid
