cycle_index,true_soh,pred_soh_deepopinn,pred_soh_lax,pred_soh_fusion_raw,pred_soh_fusion_post,true_kpd,pred_kpd,true_knee_cycle,pred_knee_cycle,split
0,1.0805306,1.0867294,1.0894924,1.0843298,1.0841905927715079,1.5702249,1.4770001,1750,1737,train
1,1.0806339,1.0857251,1.0897553,1.0836749,1.0841313424648196,1.5702245,1.4650927,1750,1737,train
2,1.0800884,1.0843487,1.0903312,1.0828626,1.0840727195413287,1.5702243,1.4602439,1750,1737,train
3,1.0800835,1.0841244,1.0896847,1.082527,1.0840147240010354,1.5702239,1.4573474,1750,1737,train
4,1.0800859,1.0835764,1.0897061,1.0821195,1.0839573558439393,1.5702236,1.4436423,1750,1737,train
5,1.080033,1.083511,1.0904125,1.0822992,1.0839006150700408,1.5702232,1.4585196,1750,1737,train
6,1.0800776,1.0831076,1.089956,1.0818797,1.0838445016793394,1.570223,1.451288,1750,1737,train
7,1.0794668,1.0856135,1.0898134,1.0835407,1.0837890156718357,1.5702226,1.4353063,1750,1737,train
8,1.0795451,1.0866868,1.089541,1.0845279,1.0837341570475294,1.5702223,1.5654352,1750,1737,train
9,1.0794082,1.0870444,1.089944,1.0848854,1.0836799258064205,1.5702219,1.5661913,1750,1737,train
10,1.0794942,1.0859234,1.0895135,1.0839651,1.083626321948509,1.5702217,1.5547334,1750,1737,train
11,1.0800503,1.0830674,1.089738,1.0820395,1.0835733454737948,1.5702213,1.5526649,1750,1737,train
12,1.0795029,1.0857978,1.0893998,1.0839033,1.0835209963822783,1.570221,1.5777313,1750,1737,train
13,1.0794073,1.0865889,1.089866,1.0846254,1.083469274673959,1.5702206,1.597834,1750,1737,train
14,1.0794914,1.0854238,1.0897487,1.08375,1.0834181803488372,1.5702202,1.5829877,1750,1737,train
15,1.0793843,1.0858538,1.0896465,1.0840261,1.0833677134069126,1.57022,1.5851507,1750,1737,train
16,1.0795361,1.0852402,1.089312,1.0832322,1.0833178738481857,1.5702196,1.4700754,1750,1737,train
17,1.0794504,1.0859108,1.0893942,1.0837508,1.0832686616726561,1.5702193,1.4831207,1750,1737,train
18,1.0789038,1.084043,1.09015,1.0826483,1.083220076880324,1.5702189,1.4792613,1750,1737,train
19,1.0789095,1.0830646,1.0902373,1.0819831,1.0831721194711892,1.5702187,1.4751596,1750,1737,train
20,1.0789022,1.0830897,1.0902776,1.082023,1.0831247894452518,1.5702183,1.4799758,1750,1737,train
21,1.078399,1.0839509,1.0898188,1.0824821,1.0830780868025118,1.570218,1.4736521,1750,1737,train
22,1.0783716,1.084611,1.0902597,1.0830715,1.0830320115429692,1.5702176,1.4792532,1750,1737,train
23,1.0784742,1.083682,1.0899581,1.0823762,1.0829865636666243,1.5702173,1.4914751,1750,1737,train
24,1.078315,1.0861009,1.0900787,1.0842845,1.0829417431734765,1.5702169,1.5733478,1750,1737,train
25,1.0783997,1.0845621,1.0898963,1.0831027,1.082897550063505,1.5702167,1.5461862,1750,1737,train
26,1.0783892,1.085509,1.0894877,1.0837183,1.0828609036471302,1.5702163,1.5743501,1750,1737,train
27,1.0784438,1.0851059,1.0895253,1.0834262,1.0827925981228996,1.570216,1.5649974,1750,1737,train
28,1.0783747,1.0844923,1.0899171,1.0831043,1.08269898570506,1.5702156,1.5644809,1750,1737,train
29,1.078424,1.0824956,1.0899111,1.0816512,1.082678847332995,1.5702152,1.5369791,1750,1737,train
30,1.0777951,1.0848567,1.0897508,1.0833219,1.082646508808603,1.570215,1.5683466,1750,1737,train
31,1.0778185,1.0836707,1.0899897,1.0825279,1.082591549211079,1.5702146,1.5537474,1750,1737,train
32,1.0777943,1.0831429,1.0900592,1.0821171,1.0825177307574108,1.5702143,1.5276558,1750,1737,train
33,1.0778593,1.0827204,1.0900416,1.0818517,1.082487967217397,1.5702139,1.5409888,1750,1737,train
34,1.0778111,1.0837647,1.0899023,1.0825139,1.0824807963043477,1.5702136,1.5307717,1750,1737,train
35,1.0777761,1.0832024,1.0900416,1.0821586,1.082513944506313,1.5702132,1.5296564,1750,1737,train
36,1.0777826,1.0834738,1.0900499,1.0823274,1.082508511404356,1.5702128,1.520735,1750,1737,train
37,1.0773363,1.083699,1.0900033,1.0824817,1.0824083240929137,1.5702126,1.5251378,1750,1737,train
38,1.0772458,1.0821838,1.0903248,1.0815091,1.08237622874478,1.5702122,1.5219308,1750,1737,train
39,1.0772135,1.0838226,1.0903724,1.0826682,1.0823659729818575,1.5702119,1.525954,1750,1737,train
40,1.0772778,1.0828824,1.0904411,1.0820135,1.0823021515781428,1.5702115,1.5172856,1750,1737,train
41,1.0773335,1.0828122,1.0896155,1.0817521,1.082275086263133,1.5702112,1.5206102,1750,1737,train
42,1.0767686,1.0840392,1.0901526,1.0827345,1.0822280748813333,1.5702108,1.5155836,1750,1737,train
43,1.0766562,1.0844774,1.0904623,1.0831246,1.08219921579175,1.5702105,1.5169575,1750,1737,train
44,1.0767901,1.0834582,1.089969,1.082309,1.0821640017607597,1.5702102,1.5265191,1750,1737,train
45,1.0767417,1.0838618,1.0900623,1.0825703,1.0821001598790438,1.5702099,1.5086067,1750,1737,train
46,1.0767473,1.0839819,1.0900522,1.0826621,1.0820297295003278,1.5702095,1.5131829,1750,1737,train
47,1.0761417,1.0826629,1.0904764,1.0818944,1.081986657306593,1.5702091,1.5270281,1750,1737,train
48,1.0761547,1.0819304,1.0904274,1.081328,1.0819632857541581,1.5702088,1.5084187,1750,1737,train
49,1.0762675,1.0838355,1.090258,1.082618,1.0819102554413527,1.5702084,1.5141749,1750,1737,train
50,1.076152,1.0822753,1.0905063,1.081609,1.081906984809787,1.5702081,1.5169502,1750,1737,train
51,1.0761629,1.0827296,1.090315,1.0818784,1.0818972639104254,1.5702077,1.5191821,1750,1737,train
52,1.0761732,1.083468,1.0904001,1.082351,1.081886673257668,1.5702074,1.4935265,1750,1737,train
53,1.076233,1.0836073,1.090064,1.0823653,1.0818668462219572,1.570207,1.4966576,1750,1737,train
54,1.0757068,1.0819685,1.0901717,1.0812762,1.0818486184549159,1.5702068,1.5043366,1750,1737,train
55,1.0755911,1.0819438,1.0903,1.0812821,1.0818000022529215,1.5702064,1.4996955,1750,1737,train
56,1.0756433,1.0833055,1.0899802,1.0820682,1.0817876667686597,1.570206,1.4696786,1750,1737,train
57,1.0755814,1.0843624,1.0898772,1.0828245,1.081755862945819,1.5702057,1.4906837,1750,1737,train
58,1.075729,1.0816586,1.0905105,1.0810125,1.081741575908633,1.5702053,1.4469041,1750,1737,train
59,1.0755568,1.0819865,1.0901557,1.0811987,1.0816959743658958,1.570205,1.469014,1750,1737,train
60,1.0756449,1.0806533,1.0901169,1.080236,1.0816590149363683,1.5702046,1.4576645,1750,1737,train
61,1.0756527,1.0811154,1.0901588,1.0805887,1.0816322491445203,1.5702043,1.4662881,1750,1737,train
62,1.0750962,1.0827957,1.090067,1.0817326,1.0816043086541969,1.5702039,1.4675525,1750,1737,train
63,1.0750545,1.0820284,1.0901402,1.0812073,1.0816014341331561,1.5702035,1.4622941,1750,1737,train
64,1.0751464,1.0820252,1.0902034,1.0813421,1.0815591540146627,1.5702032,1.5118129,1750,1737,train
65,1.0751377,1.0838374,1.090176,1.0825777,1.0815396077198125,1.5702028,1.5060943,1750,1737,train
66,1.0745046,1.0830498,1.0899643,1.0819117,1.0815150276089167,1.5702025,1.4800804,1750,1737,train
67,1.0745524,1.0831124,1.0901619,1.0820057,1.081460703293841,1.5702021,1.4791199,1750,1737,train
68,1.075163,1.0831281,1.0903896,1.0821254,1.0814531224589568,1.5702018,1.4988774,1750,1737,train
69,1.074475,1.0821154,1.0902818,1.0813446,1.0814312154399912,1.5702014,1.4783888,1750,1737,train
70,1.0746052,1.0823967,1.0901281,1.0815349,1.0813932576269258,1.570201,1.4933747,1750,1737,train
71,1.0745462,1.0823826,1.0905231,1.0816566,1.0813761711249998,1.5702007,1.5040159,1750,1737,train
72,1.0744975,1.0816742,1.0902808,1.0810521,1.0813475659907064,1.5702003,1.4840636,1750,1737,train
73,1.0740331,1.0814533,1.0901212,1.0808742,1.08130077195005,1.5702,1.4915047,1750,1737,train
74,1.0740321,1.0819151,1.0899171,1.0810941,1.081230556728049,1.5701996,1.4726493,1750,1737,train
75,1.07405,1.0821909,1.0904075,1.0814085,1.0812102607504428,1.5701994,1.4692994,1750,1737,train
76,1.0740607,1.0809999,1.0902119,1.0805793,1.081151586623426,1.570199,1.4895654,1750,1737,train
77,1.0739524,1.0820458,1.0903225,1.0813131,1.08109003083345,1.5701987,1.4808489,1750,1737,train
78,1.0739958,1.0824195,1.0903283,1.0815697,1.0810508371606231,1.5701983,1.479099,1750,1737,train
79,1.0734766,1.0823313,1.089917,1.0813911,1.0810131623376502,1.5701979,1.476079,1750,1737,train
80,1.0734396,1.0816392,1.090099,1.0809431,1.0809419774428946,1.5701976,1.4691973,1750,1737,train
81,1.073447,1.082297,1.0900012,1.0813872,1.0808899646982522,1.5701972,1.4749833,1750,1737,train
82,1.0734677,1.0824467,1.0895952,1.0813999,1.0808694450503316,1.5701967,1.4822215,1750,1737,train
83,1.073438,1.0806683,1.0901445,1.0803307,1.0808475148937096,1.5701964,1.4893327,1750,1737,train
84,1.0735012,1.0817931,1.0898277,1.080966,1.0807677114338252,1.570196,1.4645715,1750,1737,train
85,1.0734127,1.0822191,1.0899404,1.0813177,1.080763679476421,1.5701957,1.4753146,1750,1737,train
86,1.0728626,1.0810653,1.090305,1.0806029,1.0807030087929408,1.5701953,1.4703697,1750,1737,train
87,1.0728941,1.0812271,1.0903505,1.0807339,1.0806620812107504,1.570195,1.4730659,1750,1737,train
88,1.0728755,1.080134,1.0902992,1.0799408,1.0806385029422951,1.5701946,1.4643192,1750,1737,train
89,1.0729386,1.0804526,1.0900371,1.0800798,1.080525109129521,1.5701942,1.4594342,1750,1737,train
90,1.0729425,1.0808263,1.0897652,1.0803113,1.0804672985536363,1.5701939,1.4779769,1750,1737,train
91,1.0729834,1.0798149,1.0900933,1.0796998,1.0804460633556614,1.5701935,1.4788771,1750,1737,train
92,1.0729214,1.0807267,1.0898486,1.0802395,1.0804080458879985,1.5701932,1.4676374,1750,1737,train
93,1.072782,1.0796934,1.0897213,1.0794946,1.080375073336732,1.5701928,1.4700799,1750,1737,train
94,1.0723325,1.0808854,1.0898584,1.0804007,1.0803405564380164,1.5701925,1.4876496,1750,1737,train
95,1.0723071,1.0805677,1.0902547,1.0802085,1.0802817341533129,1.5701921,1.4556184,1750,1737,train
96,1.0723637,1.0799756,1.0900246,1.07974,1.0802227975655074,1.5701917,1.45718,1750,1737,train
97,1.0722682,1.0806837,1.0902091,1.0802604,1.080169731264992,1.5701914,1.4488698,1750,1737,train
98,1.0723311,1.080467,1.0901765,1.0801384,1.0800843701529481,1.570191,1.4641297,1750,1737,train
99,1.0723674,1.0807285,1.090032,1.08028,1.079982362532476,1.5701907,1.4636195,1750,1737,train
100,1.072377,1.0802174,1.0896862,1.0798438,1.079882635608827,1.5701903,1.4680946,1750,1737,train
101,1.0723081,1.0804805,1.0900935,1.0801337,1.0798183760342208,1.57019,1.4674793,1750,1737,train
102,1.0717897,1.0811869,1.0897281,1.0805032,1.0797056458906593,1.5701895,1.4580865,1750,1737,train
103,1.0717566,1.0809511,1.089774,1.0803225,1.0796765600795826,1.5701891,1.4459682,1750,1737,train
104,1.0717634,1.0811011,1.0896786,1.0804472,1.0796433460126553,1.5701888,1.4650393,1750,1737,train
105,1.0717691,1.0813341,1.0896316,1.0805907,1.079606305621581,1.5701884,1.4627131,1750,1737,train
106,1.0717694,1.0802909,1.0897801,1.0798898,1.0795830577849996,1.570188,1.455703,1750,1737,train
107,1.0718087,1.0799303,1.089327,1.0795367,1.0795886315544043,1.5701877,1.4631901,1750,1737,train
108,1.0711695,1.0810516,1.0899398,1.080498,1.0796127232768646,1.5701873,1.4712775,1750,1737,train
109,1.0711777,1.081648,1.0896517,1.0808461,1.0796037317226665,1.570187,1.4760267,1750,1737,train
110,1.0712932,1.0778503,1.0901116,1.0782924,1.079616789261664,1.5701866,1.458451,1750,1737,train
111,1.0712268,1.0785316,1.0902714,1.0788229,1.0796039558142057,1.5701863,1.4647197,1750,1737,train
112,1.0712717,1.0773325,1.0903219,1.0780048,1.0796212061212358,1.5701858,1.46477,1750,1737,train
113,1.0712496,1.0775845,1.0902358,1.0781605,1.0796372682425,1.5701854,1.4663848,1750,1737,train
114,1.0707219,1.08139,1.0893966,1.0806203,1.0796392275826812,1.5701851,1.4848384,1750,1737,train
115,1.070623,1.0786871,1.0898378,1.0788493,1.0796272490242471,1.5701847,1.4789517,1750,1737,train
116,1.0707078,1.0786799,1.089661,1.0787978,1.0796162388694928,1.5701844,1.4792905,1750,1737,train
117,1.0706409,1.0786482,1.0896301,1.0787244,1.0795927936810408,1.570184,1.4614652,1750,1737,train
118,1.0706677,1.0784376,1.0896289,1.0786232,1.0795487858230455,1.5701836,1.4801104,1750,1737,train
119,1.0706722,1.0788302,1.0895339,1.0788277,1.0794874687729672,1.5701832,1.4626559,1750,1737,train
120,1.0706576,1.0788645,1.0895455,1.0788894,1.0794815044310624,1.5701828,1.4769753,1750,1737,train
121,1.0706716,1.0790194,1.0898432,1.0790894,1.0794184944492233,1.5701824,1.4823442,1750,1737,train
122,1.0706165,1.0792756,1.0891112,1.0790868,1.0793555918337792,1.5701821,1.4887038,1750,1737,train
123,1.0706595,1.0801774,1.0888835,1.0796809,1.079301668413909,1.5701817,1.5008957,1750,1737,train
124,1.0705818,1.0808209,1.0892285,1.0802162,1.0792244826441062,1.5701814,1.4995041,1750,1737,train
125,1.0706164,1.0815321,1.0887467,1.080608,1.07916615474489,1.5701809,1.5108122,1750,1737,train
126,1.0706362,1.0808057,1.0884732,1.0800056,1.079078596835342,1.5701805,1.50039,1750,1737,train
127,1.0706421,1.0822259,1.0891441,1.0811124,1.0789919856445025,1.5701802,1.4765275,1750,1737,train
128,1.0705308,1.0796256,1.0887083,1.079217,1.07893451040938,1.5701798,1.4867601,1750,1737,train
129,1.0704286,1.0805752,1.0881077,1.0798018,1.078861495965653,1.5701795,1.5225048,1750,1737,train
130,1.0701178,1.0807005,1.0889078,1.0800433,1.0787959199153587,1.570179,1.4980009,1750,1737,train
131,1.0700501,1.0796722,1.0889981,1.0793207,1.078759849990885,1.5701786,1.4841895,1750,1737,train
132,1.069931,1.078975,1.0891193,1.0788792,1.0786767771361077,1.5701783,1.4882257,1750,1737,train
133,1.0700197,1.0781628,1.0891691,1.0783217,1.0785970306117614,1.5701779,1.4850936,1750,1737,train
134,1.0700085,1.0781932,1.0889223,1.0782928,1.0785318564422304,1.5701776,1.491756,1750,1737,train
135,1.0694892,1.0778166,1.0890564,1.0780475,1.0785256397462293,1.5701771,1.4835273,1750,1737,train
136,1.0699419,1.0799432,1.0885386,1.0793662,1.0784250937295548,1.5701767,1.476213,1750,1737,train
137,1.0694776,1.0774158,1.0887977,1.0776646,1.078296888203731,1.5701764,1.4688263,1750,1737,train
138,1.0693887,1.0774176,1.0886143,1.0776672,1.0781948852113303,1.570176,1.4895571,1750,1737,train
139,1.0694107,1.0764763,1.0888758,1.0770853,1.0780528827324556,1.5701756,1.4900041,1750,1737,train
140,1.069467,1.0769062,1.088801,1.0773574,1.077984112500178,1.5701752,1.4875114,1750,1737,train
141,1.0693792,1.0767449,1.0892233,1.0772948,1.0778779136615637,1.5701748,1.4613036,1750,1737,train
142,1.0693934,1.0760175,1.0888917,1.0767719,1.0777694333835828,1.5701745,1.4902554,1750,1737,train
143,1.0688465,1.07803,1.0874771,1.0777339,1.0776352476659252,1.5701741,1.4674029,1750,1737,train
144,1.0687873,1.0794702,1.0886835,1.079081,1.0775107247807245,1.5701736,1.4778696,1750,1737,train
145,1.068292,1.0750351,1.0886928,1.0760372,1.0773852408281739,1.5701733,1.49026,1750,1737,train
146,1.0683953,1.0772105,1.0888401,1.0775474,1.0772910434912388,1.5701729,1.474507,1750,1737,train
147,1.0684507,1.0763953,1.0884985,1.0768843,1.0771979637120292,1.5701725,1.4719604,1750,1737,train
148,1.0676756,1.076245,1.0889277,1.0768702,1.0771087896902243,1.5701721,1.4618065,1750,1737,train
149,1.0677857,1.0771312,1.0885957,1.0774236,1.0770407075770931,1.5701717,1.4731014,1750,1737,train
150,1.0678359,1.0762688,1.0887519,1.0768329,1.076994756963289,1.5701714,1.4590058,1750,1737,train
151,1.0678686,1.0771354,1.0879483,1.0772765,1.076957538251059,1.5701709,1.4826523,1750,1737,train
152,1.0678385,1.0775181,1.0879798,1.0774941,1.076912589671407,1.5701705,1.4594718,1750,1737,train
153,1.0677384,1.0763677,1.0885633,1.076883,1.0769238634264164,1.5701702,1.4721282,1750,1737,train
154,1.06784,1.0767238,1.089167,1.0772578,1.0768920805352027,1.5701698,1.4582367,1750,1737,train
155,1.067813,1.0768403,1.0885357,1.0772097,1.0768820141181825,1.5701693,1.4747229,1750,1737,train
156,1.0672277,1.0756193,1.0887372,1.0764003,1.076898688773061,1.570169,1.4679651,1750,1737,train
157,1.0671552,1.077149,1.0882777,1.0773268,1.0768915972095643,1.5701686,1.4631681,1750,1737,train
158,1.0672785,1.0763483,1.0886699,1.0768578,1.0768846459327925,1.5701681,1.4555635,1750,1737,train
159,1.0672523,1.0773045,1.0882775,1.0774106,1.076858055305615,1.5701678,1.4533249,1750,1737,train
160,1.0672681,1.0749682,1.0887119,1.0759054,1.0768186161262934,1.5701674,1.4529954,1750,1737,train
161,1.067156,1.0755926,1.0888091,1.0764151,1.0767605552106307,1.570167,1.473768,1750,1737,train
162,1.0672144,1.0779,1.0879338,1.0777475,1.0767593484720768,1.5701666,1.4597769,1750,1737,train
163,1.0672219,1.0750123,1.0881232,1.07583,1.0767308003948284,1.5701662,1.4741783,1750,1737,train
164,1.0666854,1.076668,1.0883473,1.077008,1.076698279277631,1.5701658,1.4616183,1750,1737,train
165,1.0666394,1.0766343,1.0884265,1.0770378,1.076654914905165,1.5701654,1.4748273,1750,1737,train
166,1.0666182,1.0760721,1.0888149,1.0766442,1.076598917428887,1.570165,1.430548,1750,1737,train
167,1.0666538,1.0760863,1.0882192,1.0765728,1.0765738488728527,1.5701646,1.4627159,1750,1737,train
168,1.0661236,1.0772785,1.0878705,1.0773463,1.0765150604022315,1.5701642,1.4791476,1750,1737,train
169,1.0660913,1.0763934,1.0885488,1.0769218,1.076510367270561,1.5701638,1.4824173,1750,1737,train
170,1.0661294,1.0769345,1.088265,1.0771687,1.0764870867836656,1.5701634,1.460798,1750,1737,train
171,1.0662862,1.0755756,1.0878623,1.076143,1.0763930712861924,1.570163,1.4709651,1750,1737,train
172,1.0661254,1.0754973,1.0884297,1.0762327,1.076352004826759,1.5701627,1.4677141,1750,1737,train
173,1.0661122,1.0751327,1.0887743,1.0760581,1.0763213356158434,1.5701622,1.4620222,1750,1737,train
174,1.0661501,1.075319,1.0877101,1.0759519,1.0762844639630624,1.5701618,1.4823086,1750,1737,train
175,1.0656085,1.0751678,1.0878154,1.0758725,1.0762615330197614,1.5701615,1.4812238,1750,1737,train
176,1.0656502,1.0754473,1.0884027,1.0762575,1.0762105337633425,1.570161,1.4951991,1750,1737,train
177,1.06551,1.0753484,1.0886396,1.076256,1.0761756535691258,1.5701606,1.4967731,1750,1737,train
178,1.0656036,1.0750134,1.088137,1.0758344,1.0761060557815267,1.5701602,1.4741745,1750,1737,train
179,1.0655826,1.0748674,1.0878061,1.0756801,1.0760527482407667,1.5701598,1.4888189,1750,1737,train
180,1.065584,1.0746785,1.0884582,1.0756979,1.0759902298821526,1.5701594,1.4782269,1750,1737,train
181,1.0655589,1.0741436,1.0882313,1.0752748,1.0759384237725258,1.570159,1.4818103,1750,1737,train
182,1.0656717,1.0747477,1.0878048,1.0755758,1.0758454181828663,1.5701586,1.4801931,1750,1737,train
183,1.065596,1.074316,1.0876523,1.075262,1.075785349345774,1.5701581,1.4910632,1750,1737,train
184,1.0655583,1.0742129,1.0883659,1.0754163,1.075715768925593,1.5701578,1.5054381,1750,1737,train
185,1.0655227,1.075233,1.0873438,1.0758964,1.0756503390321681,1.5701574,1.5243787,1750,1737,train
186,1.064985,1.0757906,1.0881283,1.076448,1.0755688796002896,1.5701569,1.5058044,1750,1737,train
187,1.0649987,1.0756661,1.0872223,1.0761492,1.0754595563922855,1.5701566,1.5181777,1750,1737,train
188,1.064975,1.0748205,1.0871888,1.0755847,1.0754282784306772,1.5701561,1.5309471,1750,1737,train
189,1.064995,1.0748675,1.0876647,1.0757428,1.0753285534754435,1.5701557,1.5301963,1750,1737,train
190,1.0644646,1.0744421,1.0882127,1.0754988,1.0752627229487286,1.5701553,1.4908203,1750,1737,train
191,1.0644776,1.0756245,1.0876409,1.0761957,1.0752050670352125,1.5701549,1.503072,1750,1737,train
192,1.0644891,1.0740421,1.0874156,1.0750699,1.0751250834909691,1.5701544,1.5162966,1750,1737,train
193,1.0643435,1.0748322,1.0873045,1.0755721,1.07504738901944,1.5701541,1.5096866,1750,1737,train
194,1.0644795,1.0734024,1.0874168,1.0745903,1.0750021906211404,1.5701536,1.5014346,1750,1737,train
195,1.0645307,1.0736713,1.0871805,1.0747309,1.0749330454340784,1.5701532,1.5084893,1750,1737,train
196,1.0645068,1.0748938,1.0874846,1.0756519,1.0748825610654484,1.5701529,1.5050566,1750,1737,train
197,1.0644947,1.074377,1.0875112,1.0752906,1.0748084374047853,1.5701524,1.5009952,1750,1737,train
198,1.0639156,1.0726886,1.0876822,1.0741503,1.074756203371368,1.570152,1.4948797,1750,1737,train
199,1.0639058,1.0723786,1.0880393,1.0740553,1.074690253543558,1.5701516,1.5049899,1750,1737,train
200,1.0638925,1.0723954,1.0871629,1.0738949,1.074614836982289,1.5701512,1.5307049,1750,1737,train
201,1.0639311,1.0723637,1.0877827,1.0740346,1.0745373365954396,1.5701507,1.5289866,1750,1737,train
202,1.063959,1.0721146,1.0872318,1.0737,1.0744767744151213,1.5701504,1.5230513,1750,1737,train
203,1.0638981,1.0742809,1.0865954,1.075053,1.0744406904309236,1.5701499,1.5315061,1750,1737,train
204,1.0639969,1.0723152,1.0872415,1.0738438,1.0743855325472733,1.5701495,1.5239259,1750,1737,train
205,1.0639032,1.073233,1.0871094,1.074423,1.0743463259325874,1.5701491,1.5147583,1750,1737,train
206,1.0639323,1.0722952,1.0876864,1.0739706,1.0743061199785076,1.5701487,1.5328392,1750,1737,train
207,1.0633259,1.0732069,1.0872198,1.0744596,1.0742685778521153,1.5701482,1.5251291,1750,1737,train
208,1.0633345,1.0732138,1.086596,1.0742247,1.0742225027502121,1.5701479,1.4951353,1750,1737,train
209,1.063404,1.0729418,1.0866413,1.0740618,1.0741708567005699,1.5701474,1.5008056,1750,1737,train
210,1.0632771,1.0731448,1.0877599,1.0745159,1.0740958305632922,1.5701469,1.5065944,1750,1737,train
211,1.0633304,1.0720451,1.0868918,1.0734665,1.0740486391889392,1.5701466,1.4842215,1750,1737,train
212,1.063334,1.0739995,1.0866712,1.0747799,1.0740229055002062,1.5701461,1.4910494,1750,1737,train
213,1.0628613,1.0721283,1.0869533,1.0735276,1.0740066246391167,1.5701457,1.478804,1750,1737,train
214,1.0627357,1.0723103,1.0876478,1.0738735,1.0739612961120875,1.5701452,1.4927819,1750,1737,train
215,1.0627959,1.0724646,1.0872312,1.07382,1.0739231227534842,1.5701449,1.4725559,1750,1737,train
216,1.0629473,1.0722989,1.0866627,1.0736058,1.0738911754145284,1.5701444,1.4942925,1750,1737,train
217,1.062878,1.072486,1.0877181,1.0740106,1.0738990272319011,1.570144,1.491303,1750,1737,train
218,1.0627671,1.0724307,1.0872718,1.0739082,1.0738746370582417,1.5701436,1.5140941,1750,1737,train
219,1.0622658,1.0722326,1.0870522,1.0736849,1.0738223762689556,1.5701431,1.5029517,1750,1737,train
220,1.0622967,1.0731989,1.0867627,1.0742732,1.0737670808716426,1.5701427,1.501036,1750,1737,train
221,1.0623482,1.0729452,1.0870348,1.074137,1.0737173416765042,1.5701423,1.4874454,1750,1737,train
222,1.0621897,1.0730205,1.0865835,1.07409,1.0737089905728574,1.5701419,1.4963325,1750,1737,train
223,1.062308,1.0723284,1.0861944,1.0734758,1.0736904986007247,1.5701414,1.4839983,1750,1737,train
224,1.062292,1.0726453,1.0864185,1.0737866,1.0736511768296872,1.5701411,1.4967328,1750,1737,train
225,1.0622771,1.0728538,1.0869352,1.0740699,1.0736066484135702,1.5701406,1.4968972,1750,1737,train
226,1.0622205,1.0727266,1.0876936,1.074163,1.0735322406476493,1.5701401,1.4879997,1750,1737,train
227,1.0622895,1.073117,1.0865289,1.0741245,1.0734580469934825,1.5701398,1.4889395,1750,1737,train
228,1.0623305,1.0723312,1.0860347,1.073426,1.073399955020599,1.5701393,1.4802564,1750,1737,train
229,1.0621419,1.0721686,1.0874144,1.0737236,1.0733884631170987,1.5701388,1.4972214,1750,1737,train
230,1.061658,1.0714071,1.0869147,1.0730226,1.0733389621704295,1.5701385,1.481183,1750,1737,train
231,1.06168,1.0712885,1.0870432,1.0730045,1.0732675707378638,1.570138,1.4934777,1750,1737,train
232,1.0617223,1.0706072,1.0862043,1.0723352,1.0731977747127415,1.5701376,1.5049464,1750,1737,train
233,1.0617034,1.0709953,1.0866218,1.0727556,1.0731377261403372,1.5701371,1.5211188,1750,1737,train
234,1.0617858,1.070652,1.0865849,1.0724969,1.0730740259467295,1.5701367,1.5167851,1750,1737,train
235,1.0617298,1.0720276,1.0863253,1.0733759,1.0730200141236756,1.5701363,1.5144075,1750,1737,train
236,1.0612276,1.0714185,1.0864509,1.07297,1.0730118812225224,1.5701358,1.5073531,1750,1737,train
237,1.0611957,1.0711873,1.0869256,1.0729315,1.072959844635482,1.5701354,1.5052506,1750,1737,train
238,1.061213,1.0706244,1.0865027,1.0724502,1.0729298313416245,1.570135,1.5144379,1750,1737,train
239,1.0611835,1.0711547,1.0871438,1.072953,1.0728809883155308,1.5701345,1.4993622,1750,1737,train
240,1.061247,1.0714489,1.0866786,1.0729852,1.0728499333896997,1.570134,1.4797933,1750,1737,train
241,1.0611441,1.0709109,1.0864614,1.0726275,1.072806866688087,1.5701337,1.5102111,1750,1737,train
242,1.0612262,1.0701274,1.0864538,1.0720484,1.0727194427522941,1.5701332,1.4964118,1750,1737,train
243,1.061204,1.0699674,1.0866531,1.0720167,1.072667744700303,1.5701327,1.5070492,1750,1737,train
244,1.0606494,1.0721643,1.0869474,1.0735769,1.07262479465633,1.5701324,1.4895228,1750,1737,train
245,1.0606599,1.0714966,1.0859159,1.0728631,1.072579962531806,1.5701319,1.4999963,1750,1737,train
246,1.0605879,1.0712713,1.0864071,1.0728395,1.0725519772458558,1.5701314,1.500486,1750,1737,train
247,1.0606847,1.0710658,1.0856019,1.0724618,1.0725204377226116,1.570131,1.4923649,1750,1737,train
248,1.0606147,1.0709013,1.0866562,1.0726032,1.072484485959766,1.5701306,1.4814417,1750,1737,train
249,1.0606675,1.0705321,1.0859212,1.0721732,1.0724359310999687,1.5701301,1.490869,1750,1737,train
250,1.060695,1.070237,1.0864985,1.0721049,1.072400613299194,1.5701296,1.4833968,1750,1737,train
251,1.0605974,1.0715299,1.0861202,1.0728644,1.07237797668125,1.5701292,1.4685004,1750,1737,train
252,1.0600231,1.0715115,1.086645,1.072998,1.0723658891876289,1.5701288,1.4709245,1750,1737,train
253,1.060594,1.0704726,1.0855328,1.0720261,1.072367533125017,1.5701283,1.4900839,1750,1737,train
254,1.060098,1.0696961,1.0863222,1.0716938,1.072316346194094,1.5701278,1.4880573,1750,1737,train
255,1.060082,1.0697905,1.0860466,1.0716699,1.072294666906481,1.5701275,1.4816417,1750,1737,train
256,1.0600632,1.0715598,1.0862566,1.0729681,1.0722241732900573,1.570127,1.4876143,1750,1737,train
257,1.0600781,1.0712211,1.085503,1.0725489,1.0721922019358934,1.5701265,1.4947487,1750,1737,train
258,1.0601575,1.0716101,1.0854174,1.0727922,1.0721344770927357,1.570126,1.4932635,1750,1737,train
259,1.0601237,1.0715377,1.0857638,1.0728307,1.0720847594124587,1.5701256,1.4916009,1750,1737,train
260,1.060054,1.0709033,1.0858588,1.0724251,1.0720119742688763,1.5701252,1.4954523,1750,1737,train
261,1.0595641,1.0693547,1.0856601,1.0713025,1.0719607446862527,1.5701247,1.4974589,1750,1737,train
262,1.0595721,1.0695142,1.0863491,1.0716033,1.071950935556518,1.5701243,1.4998246,1750,1737,train
263,1.0595452,1.0703672,1.0863636,1.0721576,1.0719037333491297,1.5701238,1.4827948,1750,1737,train
264,1.0595603,1.0693173,1.0866636,1.071551,1.0718451169001948,1.5701234,1.4998852,1750,1737,train
265,1.0595388,1.0687039,1.0866475,1.0711281,1.0718020381828774,1.570123,1.5027852,1750,1737,train
266,1.0595894,1.0692142,1.0862118,1.0713446,1.071765413772793,1.5701225,1.4941013,1750,1737,train
267,1.059538,1.0709791,1.0864261,1.0726362,1.0717430438656872,1.570122,1.4981556,1750,1737,train
268,1.0594913,1.0699396,1.0865246,1.0719166,1.0716881376610936,1.5701215,1.4879262,1750,1737,train
269,1.0589862,1.069672,1.0858003,1.071542,1.071628174851118,1.570121,1.4899666,1750,1737,train
270,1.0590081,1.0696868,1.0849499,1.0713362,1.0716471555060032,1.5701207,1.4946892,1750,1737,train
271,1.05901,1.069467,1.0855204,1.0713416,1.0716235181688847,1.5701202,1.496862,1750,1737,train
272,1.0589222,1.0694697,1.0857415,1.071385,1.0716018378417107,1.5701197,1.4895792,1750,1737,train
273,1.0590103,1.0697045,1.085836,1.0715725,1.071562050733489,1.5701193,1.4893141,1750,1737,train
274,1.0589839,1.0696256,1.0854391,1.0714293,1.0715294648232925,1.5701188,1.4965852,1750,1737,train
275,1.0590084,1.0696708,1.0848858,1.0712945,1.0715061309461666,1.5701183,1.4891262,1750,1737,train
276,1.0590029,1.0692686,1.085761,1.0712066,1.0714724037708545,1.570118,1.4713943,1750,1737,train
277,1.0588893,1.0692655,1.0849656,1.071034,1.0714708835493199,1.5701175,1.4888494,1750,1737,train
278,1.0584381,1.0683554,1.0858114,1.0705911,1.0714658143666003,1.570117,1.473297,1750,1737,train
279,1.0583394,1.0703819,1.0849357,1.0717697,1.0714003734484292,1.5701165,1.4761589,1750,1737,train
280,1.0584797,1.0692551,1.0857564,1.0711874,1.0713655280241514,1.570116,1.4678514,1750,1737,train
281,1.0583858,1.0706921,1.0862099,1.0722902,1.0713040943866372,1.5701156,1.4615213,1750,1737,train
282,1.058443,1.0692744,1.0850328,1.0710385,1.0712484370871052,1.5701151,1.480746,1750,1737,train
283,1.0584704,1.0693467,1.0852937,1.0711489,1.07122110254741,1.5701146,1.4768701,1750,1737,train
284,1.0584866,1.0673933,1.0857768,1.0699098,1.0711488965175824,1.5701143,1.4714339,1750,1737,train
285,1.0581671,1.0699928,1.0858662,1.0717214,1.0711516321640806,1.5701138,1.4649255,1750,1737,train
286,1.0578816,1.0703443,1.0861149,1.0720077,1.0711153522050922,1.5701133,1.4549973,1750,1737,train
287,1.0579476,1.0680015,1.0854751,1.0702488,1.0710199581336897,1.5701128,1.4705375,1750,1737,train
288,1.0579287,1.0702146,1.0842974,1.0714496,1.0709486453000325,1.5701123,1.4624811,1750,1737,train
289,1.0578222,1.0698677,1.0849549,1.0714009,1.0708951018788424,1.5701119,1.4691005,1750,1737,train
290,1.057893,1.0696635,1.0855969,1.0714319,1.0708328264372715,1.5701114,1.4694325,1750,1737,train
291,1.0579596,1.069797,1.085034,1.0713599,1.0707704778970144,1.5701109,1.4636793,1750,1737,train
292,1.0579692,1.0685291,1.0849916,1.0705259,1.070705301729366,1.5701104,1.4871185,1750,1737,train
293,1.0573148,1.06876,1.0860807,1.0709385,1.070684567159644,1.57011,1.4710844,1750,1737,train
294,1.0572574,1.0686569,1.0864717,1.0709589,1.070618949121888,1.5701095,1.4658767,1750,1737,train
295,1.0574026,1.0675586,1.0848536,1.0697694,1.0705647918602068,1.570109,1.4681084,1750,1737,train
296,1.057382,1.0687566,1.0842947,1.0704892,1.0705091951873293,1.5701085,1.4838668,1750,1737,train
297,1.0573868,1.0683028,1.0850803,1.0703969,1.0704651303802948,1.570108,1.4889672,1750,1737,train
298,1.0572933,1.0685046,1.0856386,1.0706227,1.0704148630476904,1.5701076,1.4627106,1750,1737,train
299,1.0573598,1.0686212,1.0849583,1.0705127,1.0703754968968506,1.5701071,1.4590728,1750,1737,train
300,1.0573235,1.0673996,1.0847293,1.069655,1.070317583868859,1.5701066,1.4800804,1750,1737,train
301,1.057374,1.0677704,1.084159,1.069717,1.07025352242647,1.5701061,1.4625921,1750,1737,train
302,1.0573848,1.0668343,1.0846397,1.0692061,1.0701883629376998,1.5701057,1.4666957,1750,1737,train
303,1.057268,1.0668508,1.0850071,1.069361,1.0701154802589987,1.5701052,1.485273,1750,1737,train
304,1.0568099,1.0683177,1.0851504,1.0703973,1.0700291627454785,1.5701047,1.4771154,1750,1737,train
305,1.0567867,1.0660696,1.0849162,1.0688245,1.0699651781549953,1.5701042,1.4975476,1750,1737,train
306,1.0569072,1.066691,1.0854305,1.0693853,1.069881727990895,1.5701038,1.4942598,1750,1737,train
307,1.0567975,1.0683445,1.0852286,1.0704756,1.069835300707343,1.5701033,1.4931011,1750,1737,train
308,1.0568727,1.0664207,1.0853599,1.0691687,1.069770924493998,1.5701028,1.4900956,1750,1737,train
309,1.0563334,1.0696343,1.0840735,1.0710703,1.069698068168842,1.5701023,1.4967477,1750,1737,train
310,1.0567263,1.0657718,1.085064,1.0687045,1.0695909127208392,1.5701019,1.5169073,1750,1737,train
311,1.056296,1.0679586,1.0829074,1.0696069,1.0695145080771362,1.5701014,1.5013621,1750,1737,train
312,1.0562664,1.0686305,1.084688,1.070523,1.0694809581726181,1.5701009,1.4904796,1750,1737,train
313,1.0562512,1.0684053,1.0831532,1.0700097,1.0693974577180692,1.5701004,1.5125401,1750,1737,train
314,1.0562037,1.0683428,1.083534,1.0700094,1.069312751839943,1.5701,1.4882846,1750,1737,train
315,1.0561954,1.068168,1.0830251,1.0697296,1.0692479422457881,1.5700995,1.4791058,1750,1737,train
316,1.0562316,1.067189,1.0833727,1.0691717,1.0692014318459624,1.570099,1.4907544,1750,1737,train
317,1.0561967,1.0673574,1.083315,1.0692991,1.0691419135090474,1.5700985,1.5014629,1750,1737,train
318,1.0562994,1.0672514,1.0827031,1.0690522,1.069061206970413,1.570098,1.4975128,1750,1737,train
319,1.0561035,1.0678862,1.0844685,1.0699683,1.0689972592289905,1.5700976,1.4988666,1750,1737,train
320,1.0562528,1.0674399,1.083024,1.0692483,1.0689428526940938,1.570097,1.4890474,1750,1737,train
321,1.0561897,1.066961,1.0832679,1.069,1.0688509965078268,1.5700965,1.4967854,1750,1737,train
322,1.0556405,1.065897,1.0839342,1.0684433,1.068805501651045,1.570096,1.4981084,1750,1737,train
323,1.0556296,1.0660714,1.0837102,1.0685036,1.0687450060350296,1.5700955,1.4977696,1750,1737,train
324,1.0555774,1.0655912,1.0836762,1.0681442,1.0687134624858492,1.5700951,1.4907135,1750,1737,train
325,1.0557247,1.0658641,1.0842724,1.0684797,1.068717548025195,1.5700946,1.4852052,1750,1737,train
326,1.055689,1.0660222,1.083369,1.0684268,1.0686556659372872,1.5700941,1.5178285,1750,1737,train
327,1.0556759,1.0657623,1.0834993,1.068225,1.0685665244145877,1.5700936,1.4946324,1750,1737,train
328,1.0556623,1.0653139,1.0842192,1.0681314,1.0685220148185743,1.570093,1.5048773,1750,1737,train
329,1.0556204,1.0650408,1.0841686,1.0678904,1.0684357735953272,1.5700926,1.4892237,1750,1737,train
330,1.0556864,1.0652624,1.0846077,1.0681543,1.0684001488540558,1.5700921,1.4861844,1750,1737,train
331,1.0550953,1.0656488,1.0836357,1.0681882,1.0683048395838257,1.5700916,1.4968418,1750,1737,train
332,1.0550975,1.0654994,1.0834032,1.0680585,1.0681903692611325,1.5700911,1.5117614,1750,1737,train
333,1.0550593,1.0649314,1.0823339,1.0673745,1.0680988011466557,1.5700907,1.5102229,1750,1737,train
334,1.055133,1.0652574,1.0823432,1.0676038,1.068026249909688,1.57009,1.5104417,1750,1737,train
335,1.055127,1.0666642,1.0833853,1.0688422,1.0679942666316253,1.5700896,1.5036079,1750,1737,train
336,1.055037,1.0661768,1.0833707,1.0684959,1.0678999440721482,1.5700891,1.5019132,1750,1737,train
337,1.0550746,1.0648284,1.083024,1.0674809,1.0678712100944003,1.5700886,1.5074092,1750,1737,train
338,1.0551994,1.0651447,1.081637,1.067342,1.067839146100505,1.5700881,1.5127048,1750,1737,train
339,1.0550643,1.0662491,1.0835768,1.0685878,1.067814353171231,1.5700876,1.4963777,1750,1737,train
340,1.054495,1.0659952,1.0822705,1.0680757,1.0678109053363753,1.5700871,1.5019598,1750,1737,train
341,1.0544963,1.0655661,1.0816163,1.0676272,1.067782754114896,1.5700866,1.5120335,1750,1737,train
342,1.054576,1.0661037,1.0822586,1.0681705,1.0677481090801677,1.5700861,1.5113766,1750,1737,train
343,1.0544444,1.065956,1.0827783,1.0682231,1.0677469485818245,1.5700856,1.5179619,1750,1737,train
344,1.0545259,1.0663075,1.0816866,1.0682181,1.067745310047453,1.570085,1.535741,1750,1737,train
345,1.0545222,1.06596,1.0823387,1.0681183,1.0677385717591696,1.5700846,1.5220687,1750,1737,train
346,1.0545177,1.0662125,1.0823745,1.0683174,1.0677089656545868,1.5700841,1.5279946,1750,1737,train
347,1.0545754,1.0652075,1.0821775,1.0674909,1.0677077178331238,1.5700836,1.4965057,1750,1737,train
348,1.0545111,1.0657581,1.0824345,1.0679823,1.0676857304439458,1.570083,1.5132148,1750,1737,train
349,1.0539297,1.0647911,1.0824376,1.0673177,1.067664679067349,1.5700825,1.5155072,1750,1737,train
350,1.053958,1.062595,1.0829061,1.0659268,1.0676446406686453,1.5700821,1.5185609,1750,1737,train
351,1.0539773,1.0647517,1.081826,1.0671537,1.0676154628226724,1.5700815,1.526581,1750,1737,train
352,1.0540075,1.0660495,1.0823971,1.068148,1.0675900780942997,1.570081,1.5023158,1750,1737,train
353,1.0539361,1.062639,1.0829443,1.0659885,1.0675445077896943,1.5700805,1.5272311,1750,1737,train
354,1.0540115,1.0646757,1.082579,1.0673298,1.0674929174713197,1.57008,1.5378507,1750,1737,train
355,1.0540755,1.0643578,1.0807655,1.0666183,1.0674305738885532,1.5700794,1.5355895,1750,1737,train
356,1.0540175,1.0638835,1.0835238,1.0669756,1.067357085175519,1.570079,1.5142593,1750,1737,train
357,1.0534543,1.066295,1.0813802,1.0681598,1.0672783918749258,1.5700785,1.5490773,1750,1737,train
358,1.0533725,1.0671257,1.0815705,1.0687981,1.0671941365155149,1.5700779,1.5536444,1750,1737,train
359,1.0534928,1.0652754,1.0799936,1.0670543,1.0670960628664017,1.5700774,1.5379581,1750,1737,train
360,1.053428,1.065769,1.0812117,1.0677621,1.0669682995320051,1.570077,1.5541936,1750,1737,train
361,1.0534134,1.065874,1.0808235,1.0677345,1.0669044502032528,1.5700763,1.5555623,1750,1737,train
362,1.0534915,1.0638204,1.08114,1.0663704,1.0668178714494152,1.5700759,1.5457693,1750,1737,train
363,1.053444,1.0659482,1.0800565,1.0675377,1.0667160871077344,1.5700754,1.5378424,1750,1737,train
364,1.0534309,1.0652748,1.0800234,1.0670447,1.066611507702572,1.5700748,1.5309004,1750,1737,train
365,1.0534644,1.0646325,1.0793735,1.0664546,1.0665550844383291,1.5700743,1.5430629,1750,1737,train
366,1.0534323,1.0650531,1.0809444,1.0671555,1.0664973219171623,1.5700738,1.5383997,1750,1737,train
367,1.05283,1.0644449,1.0816723,1.0669475,1.0664196536236683,1.5700732,1.5463278,1750,1737,train
368,1.0529007,1.0631335,1.081447,1.0659254,1.0663756957645045,1.5700728,1.524926,1750,1737,train
369,1.0529104,1.0630089,1.0804026,1.0655575,1.066347364607175,1.5700722,1.5241128,1750,1737,train
370,1.0528628,1.0641019,1.0818571,1.0666747,1.066330694977291,1.5700717,1.5115569,1750,1737,train
371,1.052869,1.0645505,1.0817207,1.066937,1.0663050046747018,1.5700712,1.5064197,1750,1737,train
372,1.0529187,1.0629675,1.081293,1.0657705,1.0662720579909521,1.5700706,1.5255626,1750,1737,train
373,1.0528718,1.0630194,1.0812124,1.0657927,1.0662313756074382,1.5700701,1.5287535,1750,1737,train
374,1.0524279,1.0622535,1.0826918,1.0656586,1.0661943349895502,1.5700696,1.5293589,1750,1737,train
375,1.0523345,1.0614324,1.082414,1.065019,1.066130749625575,1.5700691,1.5312198,1750,1737,train
376,1.0523123,1.0621203,1.0822085,1.0654161,1.0660542337866523,1.5700685,1.5207975,1750,1737,train
377,1.0523634,1.061716,1.0819906,1.0650401,1.0660287244351727,1.570068,1.5055351,1750,1737,train
378,1.0523586,1.0619835,1.0821296,1.0653188,1.0660008894778368,1.5700674,1.5285629,1750,1737,train
379,1.052401,1.0617336,1.082533,1.0652388,1.065893374706266,1.5700669,1.5225437,1750,1737,train
380,1.0522976,1.0616232,1.0823578,1.0651441,1.0658464122135332,1.5700665,1.5343679,1750,1737,train
381,1.0523705,1.0632956,1.0798607,1.065629,1.0657510234776433,1.5700659,1.5313861,1750,1737,train
382,1.0523942,1.063247,1.080676,1.0657948,1.0656190111012143,1.5700654,1.523713,1750,1737,train
383,1.0522714,1.063246,1.0806261,1.0658387,1.0655532169942346,1.5700648,1.5475531,1750,1737,train
384,1.0518291,1.063443,1.078816,1.0655183,1.0655312420176843,1.5700643,1.5588185,1750,1737,train
385,1.0517362,1.0644467,1.0807449,1.0667031,1.0654596343456404,1.5700637,1.547339,1750,1737,train
386,1.0517582,1.0636982,1.079567,1.065916,1.0654199660362842,1.5700632,1.566935,1750,1737,train
387,1.0517256,1.064268,1.0805683,1.066576,1.0653869538115914,1.5700626,1.5655528,1750,1737,train
388,1.0518239,1.0640193,1.0800143,1.0662243,1.0653046172575853,1.5700622,1.5528337,1750,1737,train
389,1.0517136,1.0638998,1.0801219,1.0661871,1.0652667156186133,1.5700616,1.5598607,1750,1737,train
390,1.0517116,1.0639179,1.0791721,1.0658937,1.0652291931790752,1.5700611,1.5384343,1750,1737,train
391,1.0517672,1.0635868,1.0785655,1.0655487,1.0651682341402882,1.5700605,1.5578088,1750,1737,train
392,1.051741,1.0641435,1.0782577,1.0658138,1.0651315835980717,1.5700599,1.5418582,1750,1737,train
393,1.0517308,1.063317,1.0781095,1.0652486,1.0650865984393747,1.5700594,1.5616612,1750,1737,train
394,1.0516351,1.0624179,1.0788697,1.0647852,1.0650219295855714,1.5700588,1.5439512,1750,1737,train
395,1.0512291,1.0613675,1.0802038,1.0643408,1.0649493850206948,1.5700583,1.5140835,1750,1737,train
396,1.0512356,1.0618757,1.0792369,1.0644931,1.064907313956559,1.5700577,1.5380826,1750,1737,train
397,1.0512544,1.0618601,1.0812973,1.0649849,1.0648903583745093,1.5700573,1.5180155,1750,1737,train
398,1.051195,1.0615257,1.0799147,1.064425,1.0648384872207683,1.5700567,1.5353795,1750,1737,train
399,1.051218,1.0617728,1.080597,1.064767,1.064783270830088,1.5700561,1.5303969,1750,1737,train
400,1.0506805,1.0623193,1.0801793,1.0650437,1.0647235726194264,1.5700556,1.5342124,1750,1737,train
401,1.0506785,1.0602852,1.0809618,1.0638607,1.0646464673494438,1.570055,1.5420538,1750,1737,train
402,1.0507603,1.0591745,1.0803624,1.0629222,1.0645895891328259,1.5700545,1.5391057,1750,1737,train
403,1.0506014,1.0597893,1.0820881,1.0638015,1.0645157153313127,1.5700539,1.5353053,1750,1737,train
404,1.0506876,1.0612845,1.0795058,1.0641904,1.0644489222710618,1.5700533,1.5527459,1750,1737,train
405,1.0507176,1.0593923,1.0808473,1.0632058,1.064378919424613,1.5700529,1.5401999,1750,1737,train
406,1.0506756,1.0601406,1.0814831,1.0639272,1.064299576843951,1.5700523,1.5533184,1750,1737,train
407,1.0506147,1.0635293,1.078658,1.0655309,1.0642396101295466,1.5700517,1.5568023,1750,1737,train
408,1.050642,1.062792,1.0775381,1.0647175,1.0641959031393917,1.5700512,1.5559531,1750,1737,train
409,1.0506927,1.0583752,1.079233,1.062145,1.064147861163866,1.5700506,1.5719261,1750,1737,train
410,1.0506566,1.0614696,1.0793707,1.0643363,1.0640978612900431,1.57005,1.574838,1750,1737,train
411,1.0505878,1.0619893,1.0771295,1.0640798,1.0640888170881582,1.5700495,1.5677434,1750,1737,train
412,1.0500818,1.0613331,1.0783027,1.0640066,1.0640720637506664,1.5700489,1.5958301,1750,1737,train
413,1.0501142,1.0621003,1.0781026,1.0644186,1.0640589694868157,1.5700483,1.5682759,1750,1737,train
414,1.0500612,1.0617949,1.0781294,1.0642011,1.0640440367472703,1.5700479,1.5630318,1750,1737,train
415,1.0501539,1.0614996,1.0776393,1.0638517,1.064044289417285,1.5700473,1.557519,1750,1737,train
416,1.0500293,1.0617443,1.077859,1.0641227,1.0640513949595014,1.5700467,1.5749841,1750,1737,train
417,1.0501077,1.0627455,1.0795211,1.0652082,1.0640401086109534,1.5700462,1.5527325,1750,1737,train
418,1.0501403,1.0621206,1.0780951,1.06442,1.0640404180652978,1.5700456,1.56393,1750,1737,train
419,1.0501529,1.0617297,1.0782768,1.0641936,1.0640931739016095,1.570045,1.5623556,1750,1737,train
420,1.0500615,1.0615838,1.0781546,1.064064,1.0641222341124854,1.5700444,1.5641264,1750,1737,train
421,1.0500941,1.0615188,1.0787433,1.0642067,1.0641280202601422,1.5700439,1.576579,1750,1737,train
422,1.0496235,1.0610441,1.0787834,1.0638044,1.064097849876474,1.5700433,1.5421233,1750,1737,train
423,1.0496534,1.0610511,1.0791422,1.0639135,1.0640610935393546,1.5700427,1.5454688,1750,1737,train
424,1.0496091,1.0607411,1.0804628,1.0640702,1.0640264784520816,1.5700421,1.5531297,1750,1737,train
425,1.0495796,1.0609404,1.0800434,1.0641329,1.063992710228963,1.5700417,1.5681944,1750,1737,train
426,1.0495647,1.0605173,1.0809942,1.0640633,1.063960214963081,1.5700411,1.5556222,1750,1737,train
427,1.0495739,1.0606277,1.0793334,1.0636966,1.063890380660514,1.5700405,1.5561416,1750,1737,train
428,1.0490909,1.0615321,1.0773259,1.0638078,1.063806979906611,1.5700399,1.5647267,1750,1737,train
429,1.0489861,1.060773,1.0790678,1.0637649,1.0637416040541547,1.5700393,1.5719919,1750,1737,train
430,1.049075,1.0577592,1.0802962,1.0619928,1.063667067320572,1.5700388,1.5681262,1750,1737,train
431,1.0490359,1.0614852,1.0777797,1.0639088,1.0635744046294175,1.5700382,1.5697411,1750,1737,train
432,1.0491337,1.0607233,1.0790755,1.0637362,1.0634921516858133,1.5700376,1.5735452,1750,1737,train
433,1.0490786,1.0610546,1.0765796,1.0633761,1.0634613361830203,1.570037,1.60565,1750,1737,train
434,1.0490053,1.0602983,1.0796841,1.0636191,1.0634208481704028,1.5700364,1.5796762,1750,1737,train
435,1.0491123,1.061081,1.0768524,1.0634108,1.0633546341402018,1.5700358,1.5823038,1750,1737,train
436,1.0489798,1.061032,1.0766834,1.0633262,1.0633001036032346,1.5700353,1.5801145,1750,1737,train
437,1.0484905,1.0598412,1.0782136,1.0629364,1.0632444812518513,1.5700347,1.5912807,1750,1737,train
438,1.0485567,1.0610249,1.0780894,1.063651,1.0631892670726004,1.5700341,1.5609307,1750,1737,train
439,1.04847,1.0609132,1.0782343,1.0636637,1.0631306557485662,1.5700336,1.5821224,1750,1737,train
440,1.0485375,1.0606213,1.0781108,1.0633683,1.0630431496199542,1.570033,1.5575194,1750,1737,train
441,1.0482838,1.060177,1.0778403,1.0630257,1.062971427253285,1.5700324,1.5732012,1750,1737,train
442,1.0482261,1.0598639,1.0802752,1.0634546,1.0629157334341117,1.5700318,1.5709162,1750,1737,train
443,1.0484842,1.0604913,1.0790006,1.0635362,1.0628589017358214,1.5700312,1.5656955,1750,1737,train
444,1.0482804,1.057729,1.0772249,1.0611683,1.0628025477954433,1.5700307,1.5757005,1750,1737,train
445,1.0482795,1.0576196,1.0775427,1.0611815,1.0627346323603848,1.5700301,1.5774097,1750,1737,train
446,1.0483094,1.0577114,1.077141,1.061135,1.062679053746166,1.5700295,1.5763113,1750,1737,train
447,1.0483416,1.0594443,1.0767368,1.0622115,1.0626037259012981,1.5700289,1.5689155,1750,1737,train
448,1.0482352,1.0593091,1.0793687,1.0628844,1.0625426966286933,1.5700283,1.594583,1750,1737,train
449,1.0477024,1.060084,1.0749613,1.0622203,1.0624542598095126,1.5700277,1.5854158,1750,1737,train
450,1.047744,1.0592381,1.0780817,1.0624557,1.062347053285315,1.5700271,1.5801386,1750,1737,train
451,1.0477599,1.059685,1.0779213,1.0627403,1.0622785424248453,1.5700265,1.5873619,1750,1737,train
452,1.0476729,1.0594629,1.0788221,1.0628396,1.0621920772936695,1.5700259,1.5924369,1750,1737,train
453,1.0476685,1.0590779,1.0771092,1.0621178,1.0621011038485597,1.5700253,1.5940077,1750,1737,train
454,1.0478,1.0591716,1.0769125,1.0620687,1.0620036043071082,1.5700247,1.5686768,1750,1737,train
455,1.0477294,1.0596792,1.0774771,1.0626382,1.0619108425903472,1.5700241,1.5959358,1750,1737,train
456,1.0477246,1.0591483,1.076917,1.062094,1.0618376131681155,1.5700235,1.5852587,1750,1737,train
457,1.0477532,1.0589433,1.0779587,1.0622323,1.061752890819024,1.570023,1.5859379,1750,1737,train
458,1.0476696,1.0595369,1.0759071,1.0621048,1.0616664247427927,1.5700223,1.5899519,1750,1737,train
459,1.0471807,1.0588528,1.076133,1.0616796,1.0615975375990603,1.5700217,1.58543,1750,1737,train
460,1.0472169,1.0590532,1.0769907,1.0619626,1.0615588298440242,1.5700212,1.5502038,1750,1737,train
461,1.047144,1.059137,1.0754343,1.0616262,1.0614920131546877,1.5700206,1.5592604,1750,1737,train
462,1.0471587,1.0582359,1.0763615,1.0612614,1.0614249687988029,1.57002,1.5643278,1750,1737,train
463,1.0471758,1.0580719,1.0756062,1.0609527,1.061347771855745,1.5700194,1.567344,1750,1737,train
464,1.0472171,1.0585856,1.075394,1.0613203,1.0612874377686008,1.5700188,1.5953021,1750,1737,train
465,1.0471852,1.05904,1.0772249,1.0620747,1.0612453144888032,1.5700182,1.5742918,1750,1737,train
466,1.0471499,1.0581124,1.0758369,1.0611256,1.0612010410027335,1.5700175,1.6015937,1750,1737,train
467,1.0466381,1.0571456,1.0766898,1.0606639,1.0611402293898904,1.5700169,1.5937114,1750,1737,train
468,1.0465647,1.056727,1.077365,1.060505,1.0610918203980453,1.5700163,1.573478,1750,1737,train
469,1.0466187,1.0567691,1.0776833,1.0606436,1.061104477789781,1.5700157,1.5834222,1750,1737,train
470,1.0465474,1.0569683,1.0774924,1.0607234,1.0610495800825857,1.5700151,1.5804266,1750,1737,train
471,1.0465868,1.0558288,1.0778245,1.0600216,1.060998699619632,1.5700145,1.5804745,1750,1737,train
472,1.0466175,1.0569485,1.0775543,1.0607098,1.0609083974446805,1.5700139,1.5736485,1750,1737,train
473,1.0466217,1.05607,1.0758885,1.0596665,1.0608400339588513,1.5700133,1.578713,1750,1737,train
474,1.0465642,1.0566689,1.0775706,1.0605329,1.060805192722519,1.5700126,1.5789354,1750,1737,train
475,1.0459858,1.0586847,1.0755438,1.0613734,1.0607184507306104,1.570012,1.5723169,1750,1737,train
476,1.0460844,1.057741,1.0734683,1.0601811,1.0606326759165101,1.5700114,1.5798393,1750,1737,train
477,1.0460885,1.0576242,1.0759414,1.0607433,1.0605739991406378,1.5700108,1.5721256,1750,1737,train
478,1.0461135,1.0580467,1.0740896,1.0605743,1.0605288779749664,1.5700102,1.5858476,1750,1737,train
479,1.0459714,1.0575854,1.0770086,1.0609729,1.060456168276508,1.5700096,1.5601349,1750,1737,train
480,1.046047,1.0576961,1.076417,1.0608958,1.060380630713044,1.5700089,1.5619309,1750,1737,train
481,1.0460933,1.0585614,1.0718395,1.0602789,1.0603089969385693,1.5700083,1.5651846,1750,1737,train
482,1.0460465,1.0578496,1.0761994,1.0609611,1.060231565162743,1.5700077,1.568963,1750,1737,train
483,1.0460753,1.0584968,1.0750161,1.0610677,1.0601790752299214,1.5700071,1.5583076,1750,1737,train
484,1.0458895,1.0575047,1.0744475,1.0602291,1.0601039605922549,1.5700065,1.5591788,1750,1737,train
485,1.0460727,1.057211,1.0721713,1.0594182,1.0600313782602642,1.5700058,1.5600649,1750,1737,train
486,1.0457733,1.0576539,1.0739278,1.0601588,1.0599601354930153,1.5700052,1.5448763,1750,1737,train
487,1.0457299,1.0577729,1.0734183,1.0601466,1.0598975340478298,1.5700046,1.5620148,1750,1737,train
488,1.0457356,1.0576,1.0739326,1.0601414,1.0598251194820751,1.570004,1.5525749,1750,1737,train
489,1.0457176,1.0577139,1.0744987,1.0604041,1.0597400448028256,1.5700033,1.5658202,1750,1737,train
490,1.0457375,1.057509,1.073577,1.0600016,1.0596711352720802,1.5700027,1.5602133,1750,1737,train
491,1.0457658,1.0573198,1.0739044,1.0599352,1.059611261443122,1.5700021,1.5508623,1750,1737,train
492,1.0452428,1.0572264,1.0756367,1.0603023,1.0595426659596903,1.5700014,1.5377178,1750,1737,train
493,1.0451356,1.0571603,1.0765928,1.0605501,1.059461031130928,1.5700008,1.5533638,1750,1737,train
494,1.0454335,1.0555528,1.0739182,1.0587198,1.059382472039004,1.5700002,1.5537906,1750,1737,train
495,1.044934,1.0566704,1.0698868,1.0583993,1.059316364962074,1.5699995,1.5468178,1750,1737,train
496,1.0449358,1.0536492,1.0749078,1.05773,1.0592575111233204,1.5699989,1.5811884,1750,1737,train
497,1.0452055,1.0552666,1.0738074,1.0585058,1.05913878586955,1.5699983,1.5596745,1750,1737,train
498,1.0452322,1.0552366,1.073845,1.058525,1.0590477637999893,1.5699975,1.5720508,1750,1737,train
499,1.0451638,1.0536401,1.0757357,1.0578872,1.058957503501793,1.569997,1.5572809,1750,1737,train
500,1.0446419,1.0570877,1.0706632,1.0588795,1.0588203063893695,1.5699964,1.539727,1750,1737,train
501,1.0452708,1.0557487,1.0746623,1.0590811,1.0587567637418989,1.5699956,1.5646124,1750,1737,train
502,1.0450637,1.0549788,1.0744704,1.0584852,1.0586376003388385,1.569995,1.5603654,1750,1737,train
503,1.044625,1.0557507,1.0711509,1.0581408,1.058525817283907,1.5699944,1.5638615,1750,1737,train
504,1.04467,1.0561612,1.0708781,1.0583286,1.058400887741363,1.5699937,1.5540087,1750,1737,train
505,1.0446628,1.0564399,1.0700281,1.058322,1.0583376392437387,1.5699931,1.5652916,1750,1737,train
506,1.0445907,1.0559441,1.0732657,1.058835,1.0582783956614337,1.5699924,1.5613841,1750,1737,train
507,1.0445924,1.0565891,1.0708088,1.0586243,1.0581864937452854,1.5699918,1.56104,1750,1737,train
508,1.0446048,1.055903,1.0700787,1.0579557,1.0581221207991318,1.5699912,1.5623128,1750,1737,train
509,1.0446156,1.0570374,1.0698262,1.058671,1.0580765860556114,1.5699905,1.5605377,1750,1737,train
510,1.0441724,1.0553589,1.072627,1.0582361,1.0580272982567396,1.5699899,1.5524144,1750,1737,train
511,1.0445203,1.0561724,1.0715138,1.0585506,1.057947272563025,1.5699892,1.5720849,1750,1737,train
512,1.0440668,1.0552593,1.0719045,1.0579958,1.0578964002410485,1.5699886,1.5614816,1750,1737,train
513,1.0441052,1.0554438,1.0712898,1.0579369,1.0578538460807871,1.5699879,1.5522847,1750,1737,train
514,1.0440046,1.0553511,1.0716865,1.0579895,1.0578039231479759,1.5699873,1.5567013,1750,1737,train
515,1.0441241,1.054861,1.0723206,1.0577526,1.057806080258553,1.5699866,1.5293919,1750,1737,train
516,1.0440742,1.0554904,1.0725919,1.0583127,1.0577679124757766,1.569986,1.5501858,1750,1737,train
517,1.0440369,1.0552597,1.0711178,1.0577836,1.057722417897111,1.5699853,1.5607823,1750,1737,train
518,1.0441295,1.0550504,1.0716549,1.0577176,1.057702881633349,1.5699847,1.5341995,1750,1737,train
519,1.0440427,1.0540944,1.0726789,1.0573256,1.057714347218406,1.569984,1.5331147,1750,1737,train
520,1.0434829,1.0528904,1.0740477,1.0568511,1.0577228726685755,1.5699834,1.5309697,1750,1737,train
521,1.0435399,1.0526648,1.0731269,1.0564599,1.0576915857613425,1.5699826,1.5358789,1750,1737,train
522,1.0435277,1.053976,1.0739725,1.0576062,1.0576356235734339,1.569982,1.5398839,1750,1737,train
523,1.0435259,1.0532589,1.074658,1.0572731,1.0575555452671344,1.5699813,1.5321267,1750,1737,train
524,1.0436157,1.0517522,1.0734769,1.0559508,1.0574890108199466,1.5699806,1.5484132,1750,1737,train
525,1.0434084,1.0554379,1.0726973,1.0582615,1.0573995438228638,1.56998,1.5325218,1750,1737,train
526,1.0434684,1.0553744,1.0669092,1.0567217,1.0573423529333135,1.5699793,1.5546069,1750,1737,train
527,1.043528,1.0550432,1.0705565,1.0574496,1.0572678588487312,1.5699787,1.5469228,1750,1737,train
528,1.0435282,1.0557972,1.0702597,1.0578697,1.057196123532103,1.569978,1.5371727,1750,1737,train
529,1.0429003,1.0552708,1.0738366,1.058408,1.0571066273193073,1.5699773,1.5150504,1750,1737,train
530,1.0429308,1.0550075,1.0686353,1.0569265,1.057002327439934,1.5699767,1.5535301,1750,1737,train
531,1.0430094,1.0549812,1.0685608,1.0568309,1.0569171260638557,1.569976,1.5298995,1750,1737,train
532,1.0430101,1.0553585,1.0698627,1.057452,1.0568529249071748,1.5699753,1.5342741,1750,1737,train
533,1.0429703,1.0549816,1.0707618,1.0574193,1.056831227423195,1.5699747,1.5294665,1750,1737,train
534,1.0429271,1.0547397,1.0704242,1.0571834,1.0567714018406655,1.569974,1.538668,1750,1737,train
535,1.0430285,1.053555,1.0714978,1.0566504,1.056737346957939,1.5699732,1.5394403,1750,1737,train
536,1.0429022,1.0541369,1.0709629,1.0568973,1.056651622698903,1.5699726,1.5337634,1750,1737,train
537,1.0427059,1.053826,1.0709263,1.0566828,1.0565523785203583,1.5699719,1.5383071,1750,1737,train
538,1.0427481,1.054102,1.0693529,1.056478,1.0565063332039015,1.5699712,1.5485424,1750,1737,train
539,1.0427055,1.0540423,1.0709814,1.056855,1.0564218110067454,1.5699706,1.5413307,1750,1737,train
540,1.0426906,1.0524441,1.0698643,1.0554345,1.05631852281999,1.5699699,1.5362787,1750,1737,train
541,1.042167,1.0530663,1.0721103,1.0564649,1.05622599494234,1.5699692,1.5352292,1750,1737,train
542,1.0421834,1.0531027,1.0734113,1.0568317,1.0562017885090538,1.5699685,1.5324383,1750,1737,train
543,1.04237,1.0534242,1.0715926,1.0565679,1.0560705373477568,1.5699679,1.5324129,1750,1737,train
544,1.0420979,1.0522429,1.0725616,1.0560238,1.0559741881952556,1.5699672,1.5391723,1750,1737,train
545,1.0422113,1.0502621,1.070923,1.0541995,1.055890044201174,1.5699664,1.5347393,1750,1737,train
546,1.0422131,1.0521277,1.0685087,1.0548426,1.0557422814475594,1.5699657,1.5324523,1750,1737,train
547,1.0421714,1.0541672,1.062291,1.0545931,1.0556832688043944,1.5699651,1.5322899,1750,1737,train
548,1.0416,1.0537035,1.0684589,1.0559086,1.055594583986473,1.5699644,1.5265087,1750,1737,train
549,1.0415696,1.053119,1.0678744,1.0553651,1.0554455149340667,1.5699637,1.5342131,1750,1737,train
550,1.0416782,1.0523293,1.0696354,1.0553048,1.0553086389946742,1.569963,1.5409267,1750,1737,train
551,1.0416663,1.0536587,1.0652066,1.0550259,1.0552206068509207,1.5699623,1.5343959,1750,1737,train
552,1.041537,1.0537962,1.0677173,1.0558337,1.055081364544082,1.5699615,1.5509229,1750,1737,train
553,1.0415798,1.0516585,1.0708458,1.0551643,1.0549617423058189,1.569961,1.5414131,1750,1737,train
554,1.0416539,1.0537407,1.0660456,1.0553253,1.0548673678276979,1.5699602,1.5417019,1750,1737,train
555,1.0415977,1.054357,1.0671614,1.056007,1.054804371991988,1.5699595,1.5232879,1750,1737,train
556,1.0416071,1.0535536,1.0668594,1.0553876,1.0547066080105314,1.5699588,1.5311729,1750,1737,train
557,1.0412656,1.0524076,1.0690691,1.0552185,1.0546303228488338,1.5699581,1.5454104,1750,1737,train
558,1.0412918,1.0509715,1.0662735,1.0534666,1.0545939117647571,1.5699574,1.5427202,1750,1737,train
559,1.0412508,1.0513648,1.0665659,1.053803,1.054521910860557,1.5699567,1.5365567,1750,1737,train
560,1.0412298,1.0503651,1.0675362,1.0533876,1.0544262030712603,1.569956,1.5443289,1750,1737,train
561,1.0412611,1.0521529,1.0674777,1.05459,1.0544162748186412,1.5699552,1.5349402,1750,1737,train
562,1.0411397,1.0529765,1.0685867,1.0554694,1.0544124239878567,1.5699546,1.5393718,1750,1737,train
563,1.0412459,1.0505707,1.0657867,1.0530714,1.0543596739838867,1.5699539,1.5481762,1750,1737,train
564,1.0413184,1.0517027,1.0668249,1.0541201,1.054299584328574,1.5699532,1.5419834,1750,1737,train
565,1.0406936,1.0515409,1.0696574,1.0548115,1.054212270019209,1.5699525,1.5607649,1750,1737,train
566,1.0406473,1.051026,1.0688919,1.0542306,1.0541682230332197,1.5699518,1.5530617,1750,1737,train
567,1.0406797,1.0484992,1.0684164,1.0523111,1.0541762606808875,1.569951,1.5373281,1750,1737,train
568,1.0406716,1.0518179,1.0712622,1.0554061,1.0541472646284737,1.5699503,1.5495241,1750,1737,train
569,1.0407429,1.0507698,1.0700525,1.0543122,1.0541131570899602,1.5699496,1.5319729,1750,1737,train
570,1.0408196,1.0496515,1.0698,1.0534513,1.054103004292175,1.5699489,1.5249598,1750,1737,train
571,1.040694,1.051509,1.0709578,1.0550978,1.0539961060180512,1.5699482,1.5443587,1750,1737,train
572,1.0407333,1.0473373,1.0680567,1.0513945,1.0538569125408754,1.5699475,1.531662,1750,1737,train
573,1.0407915,1.049275,1.0695195,1.053163,1.053720381425201,1.5699468,1.5447931,1750,1737,train
574,1.040186,1.0520416,1.0690635,1.0549543,1.0536358927316092,1.5699459,1.5418777,1750,1737,train
575,1.0401158,1.0516834,1.0631328,1.0531529,1.053539194224524,1.5699452,1.5563155,1750,1737,train
576,1.040115,1.051904,1.0647577,1.053743,1.0534417889618002,1.5699445,1.5571047,1750,1737,train
577,1.0402106,1.0512501,1.067777,1.0540712,1.0533579088973937,1.5699438,1.546293,1750,1737,train
578,1.0401756,1.0514368,1.0679499,1.0542595,1.0532894694426105,1.5699431,1.5513957,1750,1737,train
579,1.0402247,1.0521827,1.0654012,1.0540879,1.0531967988912947,1.5699424,1.5485063,1750,1737,train
580,1.0401735,1.0523468,1.0643522,1.053916,1.0531644490964422,1.5699416,1.5464817,1750,1737,train
581,1.0401024,1.0519286,1.0653626,1.0538871,1.0531402446963751,1.5699409,1.5427222,1750,1737,train
582,1.0401863,1.0512398,1.0645345,1.0531315,1.0531481120153567,1.5699402,1.5197346,1750,1737,train
583,1.0401505,1.0515642,1.0608096,1.0524042,1.0531170245877197,1.5699394,1.5381594,1750,1737,train
584,1.0402012,1.0510918,1.0671391,1.0537343,1.0529886652527782,1.5699387,1.5231528,1750,1737,train
585,1.0395834,1.052049,1.0680311,1.0546837,1.052977524418462,1.569938,1.5421759,1750,1737,train
586,1.039578,1.0489993,1.0637094,1.0513372,1.0528556393125212,1.5699372,1.5122651,1750,1737,train
587,1.0396514,1.048748,1.063527,1.0511359,1.0527824260426368,1.5699365,1.5213108,1750,1737,train
588,1.0394157,1.0490699,1.0676789,1.052496,1.0527467368512866,1.5699358,1.5316119,1750,1737,train
589,1.0396346,1.0499191,1.0657479,1.0525916,1.0526222483445016,1.569935,1.5411222,1750,1737,train
590,1.0396104,1.0516362,1.0669875,1.0541509,1.0525397507989558,1.5699342,1.5558181,1750,1737,train
591,1.039628,1.0480564,1.0656601,1.0513196,1.0524751953761036,1.5699335,1.559501,1750,1737,train
592,1.039346,1.0462743,1.0664703,1.0502527,1.0524173835311446,1.5699328,1.5402647,1750,1737,train
593,1.0394211,1.0483788,1.0666788,1.0517688,1.0522694781497672,1.569932,1.5399517,1750,1737,train
594,1.0393343,1.047941,1.0679824,1.0517704,1.052251179001341,1.5699313,1.5221078,1750,1737,train
595,1.0393603,1.046794,1.0655258,1.0503238,1.0522296535336464,1.5699306,1.5251002,1750,1737,train
596,1.0391207,1.0503944,1.0603062,1.0514674,1.0521354295218477,1.5699297,1.5423405,1750,1737,train
597,1.0387979,1.0508163,1.0653456,1.0530696,1.0520310807642084,1.569929,1.5258715,1750,1737,train
598,1.0388334,1.050101,1.0658804,1.0527751,1.0518425431385567,1.5699283,1.5501051,1750,1737,train
599,1.0385329,1.0511553,1.061921,1.0524287,1.0518096908955443,1.5699276,1.5426357,1750,1737,train
600,1.0384321,1.0510254,1.0624505,1.0524721,1.0517259330565045,1.5699267,1.5392653,1750,1737,train
601,1.0385696,1.0510217,1.0628667,1.0525877,1.0516091051067777,1.569926,1.5420566,1750,1737,train
602,1.038605,1.0493317,1.0649387,1.0519383,1.0515204422654447,1.5699252,1.5292655,1750,1737,train
603,1.0385287,1.0510515,1.061947,1.0523641,1.0514089123935582,1.5699245,1.5428196,1750,1737,train
604,1.0384766,1.0508814,1.0639452,1.0527788,1.0513874352127952,1.5699238,1.5419494,1750,1737,train
605,1.0385497,1.0504822,1.0583632,1.0509948,1.0513540087595152,1.5699229,1.5368418,1750,1737,train
606,1.038473,1.0507436,1.0595126,1.051488,1.05128024390669,1.5699222,1.5385138,1750,1737,train
607,1.0385181,1.0489026,1.0579885,1.049793,1.0512671738281574,1.5699215,1.5347927,1750,1737,train
608,1.0383772,1.0500225,1.0591222,1.050858,1.0511339107356956,1.5699207,1.5282452,1750,1737,train
609,1.0384351,1.0506186,1.0632247,1.0524178,1.0510020558433002,1.56992,1.5478189,1750,1737,train
610,1.0379955,1.0450972,1.0627939,1.0484335,1.0509311368925376,1.5699191,1.5329435,1750,1737,train
611,1.0379354,1.0478636,1.0665331,1.0513474,1.0508315326424813,1.5699184,1.529785,1750,1737,train
612,1.0379559,1.047403,1.0655907,1.050804,1.0507378841127244,1.5699176,1.5415838,1750,1737,train
613,1.0379472,1.0469931,1.0654899,1.0504613,1.050578435271024,1.5699168,1.5287697,1750,1737,train
614,1.0379107,1.0474155,1.0663954,1.0510318,1.050469910005705,1.569916,1.5431159,1750,1737,train
615,1.0377063,1.0497882,1.0583476,1.0505074,1.0503551972087957,1.5699153,1.5362414,1750,1737,train
616,1.0379417,1.0475216,1.0644588,1.0505955,1.0503282980939304,1.5699145,1.5466588,1750,1737,train
617,1.0379492,1.0461718,1.0649384,1.0497607,1.0501861947965445,1.5699137,1.5358607,1750,1737,train
618,1.0379337,1.0475913,1.064633,1.0506635,1.0500324989688583,1.5699129,1.5354823,1750,1737,train
619,1.0379521,1.0461792,1.0628053,1.0492138,1.0499005822590384,1.5699122,1.5436889,1750,1737,train
620,1.0373582,1.0496225,1.0496277,1.048063,1.0497446828699515,1.5699114,1.5385544,1750,1737,train
621,1.0374032,1.0479571,1.0588716,1.0493703,1.049551087461649,1.5699106,1.5335988,1750,1737,train
622,1.0373398,1.0495427,1.06276,1.051511,1.0494038781351833,1.5699098,1.5332551,1750,1737,train
623,1.0372648,1.0490091,1.0614196,1.0507741,1.0493537259346295,1.569909,1.5300566,1750,1737,train
624,1.0373707,1.0467323,1.0523685,1.0467328,1.0492503585792323,1.5699083,1.5147623,1750,1737,train
625,1.0372976,1.0478392,1.0615462,1.0500367,1.0491747275200867,1.5699074,1.5468878,1750,1737,train
626,1.03734,1.0479232,1.0592752,1.049446,1.04909390820934,1.5699066,1.529995,1750,1737,train
627,1.0374218,1.0487092,1.0556737,1.0489793,1.0489174851166954,1.5699059,1.5102627,1750,1737,train
628,1.0372521,1.0472623,1.0635227,1.050177,1.0488323205734766,1.569905,1.5516136,1750,1737,train
629,1.0373704,1.0491308,1.0482241,1.0473293,1.0487510686730661,1.5699042,1.5317715,1750,1737,train
630,1.036876,1.046988,1.0538727,1.0473552,1.0486710517305646,1.5699035,1.5320727,1750,1737,train
631,1.0367675,1.046824,1.0583941,1.0484722,1.0485661231814312,1.5699027,1.5403678,1750,1737,train
632,1.036801,1.0459489,1.0523858,1.0462215,1.048427744552632,1.5699018,1.5262337,1750,1737,train
633,1.0368018,1.0474813,1.060527,1.0494481,1.0483060285009032,1.5699011,1.5191679,1750,1737,train
634,1.036753,1.0461444,1.0612062,1.0487113,1.048202248061786,1.5699003,1.5230148,1750,1737,train
635,1.0368919,1.0474402,1.0549855,1.0479572,1.0481229360307154,1.5698994,1.5280147,1750,1737,train
636,1.0363485,1.0498072,1.0573806,1.0502783,1.0479577955739008,1.5698986,1.543091,1750,1737,train
637,1.0362574,1.0490884,1.04654,1.0468183,1.047882307763554,1.5698979,1.5192137,1750,1737,train
638,1.036291,1.0486455,1.0535244,1.0484416,1.0478740355909348,1.569897,1.5440731,1750,1737,train
639,1.0362525,1.0483489,1.0524012,1.0479143,1.0477882360352837,1.5698962,1.535553,1750,1737,train
640,1.0362856,1.048926,1.052087,1.0482118,1.0476885223910135,1.5698954,1.5277826,1750,1737,train
641,1.0362792,1.0427499,1.0629269,1.0468841,1.0476194762160564,1.5698947,1.5512426,1750,1737,train
642,1.036258,1.0484372,1.0523754,1.0479472,1.0475791309095064,1.5698938,1.5266856,1750,1737,train
643,1.0362524,1.0478752,1.0499195,1.0469128,1.0474893386270514,1.569893,1.5322316,1750,1737,train
644,1.0362526,1.0469924,1.0537206,1.0473415,1.0474321012623755,1.5698922,1.541929,1750,1737,train
645,1.0362488,1.0473337,1.0557084,1.0481046,1.0473564241142275,1.5698913,1.5394275,1750,1737,train
646,1.0357473,1.0486404,1.0512999,1.0478173,1.047271059122056,1.5698905,1.5337347,1750,1737,train
647,1.0356007,1.0472052,1.0527407,1.0471706,1.0472092286827763,1.5698897,1.5188403,1750,1737,train
648,1.0356334,1.0472528,1.0456777,1.045324,1.0471923019276166,1.5698888,1.5237125,1750,1737,train
649,1.0357156,1.0476208,1.050254,1.0468237,1.0471385956787798,1.5698881,1.531394,1750,1737,train
650,1.0356941,1.0468374,1.0475444,1.0455332,1.0469528955252965,1.5698873,1.5227194,1750,1737,train
651,1.0357242,1.047224,1.0469264,1.0456567,1.0468720032103696,1.5698864,1.5312002,1750,1737,train
652,1.0356653,1.0485818,1.0570339,1.0493566,1.0468005382713943,1.5698856,1.5520394,1750,1737,train
653,1.0356189,1.0470719,1.0484923,1.0459652,1.0466290792011033,1.5698848,1.5290171,1750,1737,train
654,1.0357454,1.0477122,1.0481762,1.0463359,1.0465760532976562,1.569884,1.5335586,1750,1737,train
655,1.0351399,1.0453165,1.0569748,1.0470177,1.0464527816820206,1.5698831,1.528884,1750,1737,train
656,1.0351088,1.0440911,1.0573071,1.0462922,1.0462592140718483,1.5698823,1.5437634,1750,1737,train
657,1.0351778,1.0465281,1.058028,1.0481542,1.0461801136548852,1.5698814,1.5343922,1750,1737,train
658,1.0351963,1.0436027,1.057509,1.0460112,1.0460077442613192,1.5698806,1.5454149,1750,1737,train
659,1.0351833,1.04395,1.0580124,1.0463789,1.0459587579162222,1.5698798,1.542072,1750,1737,train
660,1.0352,1.0464232,1.0557562,1.047452,1.045912132883875,1.5698789,1.5257196,1750,1737,train
661,1.035204,1.0462142,1.0529088,1.0465329,1.0457691615692952,1.5698781,1.5209287,1750,1737,train
662,1.0351431,1.0438473,1.0581661,1.0463727,1.0458766847275578,1.5698773,1.5518475,1750,1737,train
663,1.0345905,1.0443909,1.0463058,1.0434873,1.0458178138184033,1.5698763,1.5163022,1750,1737,train
664,1.0346593,1.0470521,1.0472015,1.0455987,1.0457790766802437,1.5698755,1.5261198,1750,1737,train
665,1.0346743,1.0476433,1.0502619,1.0468582,1.0457147890833947,1.5698746,1.5382695,1750,1737,train
666,1.0345993,1.0468162,1.0475515,1.0455439,1.0455860190543729,1.5698738,1.532401,1750,1737,train
667,1.0346658,1.0463943,1.045463,1.0446923,1.0455911703192051,1.569873,1.5326589,1750,1737,train
668,1.0345916,1.0462997,1.0488485,1.045536,1.0456065919008124,1.5698721,1.5338237,1750,1737,train
669,1.0345685,1.0463494,1.0485479,1.0454535,1.0455126844690754,1.5698713,1.5188128,1750,1737,train
670,1.0346885,1.0456735,1.0472109,1.0446451,1.0454962810667012,1.5698704,1.526505,1750,1737,train
671,1.034568,1.0470968,1.0390555,1.043421,1.0455213563326293,1.5698695,1.5150466,1750,1737,train
672,1.0345718,1.046985,1.0394742,1.0434653,1.0455561119226402,1.5698687,1.519034,1750,1737,train
673,1.0340668,1.0463667,1.043321,1.0440648,1.045557463168267,1.5698678,1.5184196,1750,1737,train
674,1.0340441,1.0451521,1.049343,1.0448866,1.045464895830503,1.569867,1.5398922,1750,1737,train
675,1.0341203,1.0440918,1.0539533,1.0453305,1.0454080371441306,1.5698661,1.5174584,1750,1737,train
676,1.0340039,1.04638,1.0587409,1.0482143,1.0452682347623534,1.5698652,1.5228676,1750,1737,train
677,1.0340455,1.0428604,1.0533763,1.0443187,1.0451505036015691,1.5698644,1.5164671,1750,1737,train
678,1.034078,1.0462826,1.056695,1.0475978,1.0451256242618285,1.5698634,1.5224016,1750,1737,train
679,1.0340537,1.0446577,1.0524532,1.0453236,1.04499274599053,1.5698626,1.5182369,1750,1737,train
680,1.0335411,1.0436319,1.0538357,1.0450181,1.0448785182608609,1.5698618,1.5331914,1750,1737,train
681,1.03348,1.0452828,1.0588402,1.047547,1.0447376428064663,1.5698608,1.5507498,1750,1737,train
682,1.0335528,1.0439284,1.0530328,1.0450196,1.0445809573715916,1.56986,1.5376176,1750,1737,train
683,1.0335513,1.0440198,1.0561497,1.0459167,1.044502108274564,1.5698591,1.537137,1750,1737,train
684,1.0335331,1.0435603,1.0542015,1.0450543,1.044335905162343,1.5698582,1.5282553,1750,1737,train
685,1.0335863,1.0434376,1.0523267,1.0444624,1.0442065715157751,1.5698574,1.526391,1750,1737,train
686,1.0335673,1.0455043,1.0574644,1.0473032,1.0440985370015303,1.5698565,1.5387406,1750,1737,train
687,1.0335153,1.040805,1.0473675,1.0413231,1.044001243838579,1.5698556,1.5332009,1750,1737,train
688,1.0329953,1.0460901,1.0410255,1.0432416,1.0438628358509587,1.5698547,1.5116893,1750,1737,train
689,1.0329949,1.0454036,1.045656,1.0440395,1.0436344927830106,1.5698538,1.5257932,1750,1737,train
690,1.0330017,1.0459565,1.0459789,1.0444977,1.0434435711470784,1.569853,1.520823,1750,1737,train
691,1.032951,1.0473099,1.0532777,1.0474354,1.0433148492132767,1.569852,1.5386907,1750,1737,train
692,1.0329411,1.0420294,1.0453988,1.0416551,1.043179351888316,1.5698512,1.5369669,1750,1737,train
693,1.0329885,1.0423714,1.0455235,1.0419292,1.0430015432931354,1.5698502,1.538304,1750,1737,train
694,1.0329852,1.0456408,1.0466946,1.0444822,1.0428236443371568,1.5698494,1.5257387,1750,1737,train
695,1.0328553,1.0450957,1.039364,1.0421515,1.0426853568170997,1.5698484,1.530341,1750,1737,train
696,1.032374,1.04088,1.0467829,1.0412118,1.042491352928847,1.5698476,1.530411,1750,1737,train
697,1.0324471,1.0428979,1.0380918,1.0402081,1.0422507554623917,1.5698466,1.4988067,1750,1737,train
698,1.0324924,1.0424491,1.0390371,1.0401692,1.0420703279647578,1.5698458,1.5068235,1750,1737,train
699,1.0324223,1.0403049,1.0468252,1.0408529,1.041992633714642,1.5698448,1.5423598,1750,1737,train
700,1.0324992,1.0429453,1.0390576,1.040528,1.0418890844414788,1.5698439,1.510447,1750,1737,train
701,1.0324063,1.0433298,1.0418693,1.0415705,1.0417110000467273,1.569843,1.5196509,1750,1737,train
702,1.0323633,1.0429088,1.0386341,1.0403712,1.0415003635990645,1.5698421,1.5030353,1750,1737,train
703,1.0324265,1.0429224,1.0396141,1.0406781,1.041352967607954,1.5698413,1.5173963,1750,1737,train
704,1.0323796,1.0432862,1.0393752,1.0408391,1.041243112684774,1.5698403,1.5060319,1750,1737,train
705,1.0323277,1.042362,1.039195,1.0401664,1.0411090206680103,1.5698394,1.5131499,1750,1737,train
706,1.0318472,1.045587,1.0360008,1.0415597,1.0409333792603979,1.5698385,1.5171865,1750,1737,train
707,1.0318753,1.0445194,1.0378447,1.0413301,1.0407857706615213,1.5698376,1.5244278,1750,1737,train
708,1.0319442,1.0436078,1.0373625,1.0405686,1.040592855387997,1.5698366,1.5247059,1750,1737,train
709,1.0317951,1.0456953,1.0353714,1.0414382,1.040431359089149,1.5698357,1.5056052,1750,1737,train
710,1.0317812,1.0443119,1.0353276,1.0404621,1.040194046867516,1.5698348,1.5040133,1750,1737,train
711,1.0318881,1.0437466,1.0380987,1.0408474,1.040107079239578,1.5698339,1.518601,1750,1737,train
712,1.0318652,1.0424232,1.0368227,1.0395772,1.0400861255196066,1.5698329,1.5146726,1750,1737,train
713,1.0318787,1.0435222,1.0382178,1.0407617,1.0398288466181753,1.569832,1.5342982,1750,1737,train
714,1.0313402,1.041896,1.0424529,1.0407327,1.0396500690063788,1.5698311,1.5202415,1750,1737,train
715,1.031249,1.0429394,1.0422913,1.0413944,1.0395100354640479,1.5698302,1.512155,1750,1737,train
716,1.0312382,1.0443842,1.0359827,1.0407261,1.0394700752270751,1.5698292,1.5197461,1750,1737,train
717,1.0312953,1.0418359,1.0386118,1.0396957,1.0395195332628286,1.5698283,1.534056,1750,1737,train
718,1.0313298,1.0436153,1.0357257,1.0401038,1.039372313554254,1.5698273,1.5116895,1750,1737,train
719,1.0312783,1.0433303,1.0393705,1.0409327,1.0392378109676175,1.5698264,1.532412,1750,1737,train
720,1.0312548,1.041644,1.0385426,1.0395458,1.0392211057118448,1.5698254,1.5347881,1750,1737,train
721,1.0312461,1.0426847,1.0395715,1.0405859,1.039172189052434,1.5698245,1.552045,1750,1737,train
722,1.0312432,1.0433336,1.0389503,1.0408626,1.0390535439636635,1.5698236,1.5489645,1750,1737,train
723,1.0308043,1.0394124,1.0402645,1.0384908,1.0389253711043556,1.5698227,1.5484657,1750,1737,train
724,1.0307308,1.0353025,1.0371435,1.0347344,1.0387759985460538,1.5698217,1.5211196,1750,1737,train
725,1.0306982,1.0356119,1.0389887,1.0354707,1.0386625715456335,1.5698208,1.5323269,1750,1737,train
726,1.0306603,1.0387832,1.040195,1.0379927,1.0385874892450633,1.5698198,1.5309625,1750,1737,train
727,1.0306826,1.0419313,1.0350567,1.0387678,1.0385077890176313,1.5698189,1.5168533,1750,1737,train
728,1.0307366,1.035552,1.0394043,1.0355493,1.0384171289663964,1.5698179,1.5359313,1750,1737,train
729,1.0307422,1.038605,1.0384742,1.037398,1.0383421998080051,1.569817,1.5268483,1750,1737,train
730,1.0306859,1.0365664,1.0384523,1.0360072,1.0382584182966774,1.569816,1.5394499,1750,1737,train
731,1.0301532,1.038345,1.037346,1.0369463,1.0381932729864383,1.5698149,1.5395858,1750,1737,train
732,1.0302175,1.041079,1.0376698,1.0389283,1.038175567697331,1.569814,1.5383193,1750,1737,train
733,1.0301697,1.0417804,1.0346049,1.0385623,1.0381211391804455,1.569813,1.52518,1750,1737,train
734,1.0301802,1.0405729,1.038845,1.0389104,1.0380979523323401,1.569812,1.5460033,1750,1737,train
735,1.030203,1.0442921,1.0387989,1.0414729,1.0380389336462212,1.5698111,1.5429697,1750,1737,train
736,1.0298588,1.0381706,1.0354391,1.0362732,1.0380028527294034,1.5698102,1.5226607,1750,1737,train
737,1.0302026,1.0406817,1.0327024,1.0372303,1.0379839244251874,1.5698092,1.5006826,1750,1737,train
738,1.0295459,1.0422183,1.0376831,1.0397131,1.0379393464530648,1.5698081,1.5343287,1750,1737,train
739,1.0296445,1.0421377,1.0361425,1.0392437,1.0379403280038157,1.5698072,1.5339724,1750,1737,train
740,1.0295709,1.042033,1.0364387,1.0392513,1.0379352081283242,1.5698062,1.5343684,1750,1737,train
741,1.0296204,1.0395564,1.0337495,1.0367587,1.0379871952673654,1.5698053,1.5127181,1750,1737,train
742,1.0296543,1.0398105,1.0351025,1.0373077,1.0380843984124386,1.5698043,1.5168877,1750,1737,train
743,1.0296234,1.0414271,1.0364989,1.0388311,1.0381092106100422,1.5698032,1.5279238,1750,1737,train
744,1.0295973,1.0416098,1.036523,1.0389618,1.0381262639594244,1.5698023,1.5268538,1750,1737,train
745,1.0295542,1.0406121,1.0357212,1.0380335,1.0381676599434788,1.5698013,1.5182953,1750,1737,train
746,1.0295513,1.0399007,1.0344638,1.0372012,1.0381909121354154,1.5698003,1.5177348,1750,1737,train
747,1.0290378,1.0424179,1.0339831,1.0388263,1.0382431378820467,1.5697993,1.5202258,1750,1737,train
748,1.029078,1.0423033,1.0324796,1.0382824,1.0383360141233222,1.5697984,1.494841,1750,1737,train
749,1.0290325,1.043246,1.0326997,1.0390315,1.0383394971925437,1.5697973,1.5094827,1750,1737,train
750,1.0289588,1.0425975,1.0330137,1.0386782,1.0382138506688612,1.5697963,1.5148077,1750,1737,train
751,1.0290788,1.0398806,1.034114,1.0370977,1.0380815892973332,1.5697954,1.5193758,1750,1737,train
752,1.029062,1.0423108,1.0329183,1.03841,1.0379946708905805,1.5697943,1.4968611,1750,1737,train
753,1.0291132,1.0409834,1.0339168,1.0377698,1.0378978908711163,1.5697933,1.502632,1750,1737,train
754,1.0288414,1.041168,1.032827,1.0375838,1.0377016293858947,1.5697923,1.4935246,1750,1737,train
755,1.0288041,1.0425094,1.0316495,1.0381956,1.0375726303078432,1.5697913,1.4918127,1750,1737,train
756,1.0288335,1.0399276,1.0335935,1.0369511,1.0374409831548284,1.5697902,1.5030601,1750,1737,train
757,1.0288624,1.0393326,1.0344133,1.0367508,1.037298284604841,1.5697893,1.5002358,1750,1737,train
758,1.0286436,1.0418832,1.0327681,1.0380349,1.0371799721215724,1.5697882,1.4812667,1750,1737,train
759,1.0284919,1.0392034,1.0335356,1.036377,1.0370479649753497,1.5697873,1.4801149,1750,1737,train
760,1.028506,1.0410593,1.0372965,1.0387329,1.0369979595094994,1.5697862,1.5047324,1750,1737,train
761,1.0284708,1.0409698,1.0325273,1.037359,1.0370101026884855,1.5697852,1.4906262,1750,1737,train
762,1.0285332,1.0407842,1.0330054,1.0373757,1.0369352632428541,1.5697842,1.4978368,1750,1737,train
763,1.027952,1.04038,1.0330812,1.0371015,1.0367680170459745,1.5697832,1.4921945,1750,1737,train
764,1.0279678,1.0392807,1.0347322,1.0368271,1.0366801900224476,1.5697821,1.5113533,1750,1737,train
765,1.0280658,1.0409803,1.032117,1.0372463,1.0366040563072296,1.5697811,1.48654,1750,1737,train
766,1.0279225,1.0385001,1.0345013,1.0362473,1.036488934301327,1.5697801,1.5212312,1750,1737,train
767,1.0279591,1.0353339,1.0345339,1.0340469,1.036411343696788,1.569779,1.5169504,1750,1737,train
768,1.0279466,1.0368241,1.0351307,1.0352559,1.0363319437944654,1.569778,1.5228173,1750,1737,train
769,1.0279256,1.0388418,1.0323793,1.0358653,1.0361806793162351,1.569777,1.5003614,1750,1737,train
770,1.0278306,1.0379335,1.0352122,1.0360383,1.0360306006260314,1.5697759,1.5187876,1750,1737,train
771,1.0273632,1.038198,1.0322175,1.0353689,1.0359254465839765,1.5697749,1.4978873,1750,1737,train
772,1.0274408,1.0384562,1.0318744,1.0354736,1.0358154329751923,1.5697738,1.5050142,1750,1737,train
773,1.0273908,1.036915,1.0323101,1.0345026,1.035719796021849,1.5697728,1.4978504,1750,1737,train
774,1.0273924,1.0378895,1.0319921,1.0350945,1.0356107086510726,1.5697718,1.4979881,1750,1737,train
775,1.0272563,1.0380217,1.0317526,1.0351362,1.035518564976249,1.5697707,1.5037489,1750,1737,train
776,1.0274061,1.0377885,1.0325991,1.0352366,1.0354753386196753,1.5697696,1.5183672,1750,1737,train
777,1.027441,1.0386226,1.0324018,1.0357426,1.0353386353797087,1.5697685,1.5100372,1750,1737,train
778,1.0271528,1.0403019,1.0322963,1.0368712,1.0352031104834314,1.5697675,1.5062361,1750,1737,train
779,1.0268657,1.0407283,1.0315603,1.0369335,1.035105138578984,1.5697664,1.4911883,1750,1737,train
780,1.0271256,1.0390456,1.0330496,1.0362059,1.0349913741991823,1.5697654,1.5083851,1750,1737,train
781,1.0271477,1.0368636,1.0321089,1.034414,1.034973647349311,1.5697644,1.4982908,1750,1737,train
782,1.0266454,1.0378697,1.0320798,1.0350963,1.0348460437616809,1.5697633,1.4947045,1750,1737,train
783,1.0268607,1.0389749,1.0327522,1.0360844,1.034723965151594,1.5697622,1.5113477,1750,1737,train
784,1.0268545,1.0397313,1.0318427,1.0363133,1.0346715635490518,1.5697612,1.4897453,1750,1737,train
785,1.0262576,1.035768,1.0326757,1.0338079,1.0345481160127017,1.5697601,1.4993656,1750,1737,train
786,1.0262171,1.0369914,1.0314363,1.034318,1.0345268127707372,1.569759,1.4963293,1750,1737,train
787,1.0263184,1.0331414,1.031749,1.0317085,1.0344896074701935,1.5697579,1.4882435,1750,1737,train
788,1.0263069,1.0378592,1.0321344,1.0351398,1.0344673151602373,1.5697569,1.509568,1750,1737,train
789,1.0263028,1.0380008,1.0312291,1.0349466,1.0344743819740831,1.5697558,1.489393,1750,1737,train
790,1.0262225,1.0368367,1.0315241,1.0342404,1.0344706777645958,1.5697547,1.498909,1750,1737,train
791,1.0262297,1.0389837,1.0318848,1.035805,1.0345174511679418,1.5697535,1.4895306,1750,1737,train
792,1.0263041,1.0332265,1.0318495,1.0318247,1.0344733504380015,1.5697525,1.5006751,1750,1737,train
793,1.0263505,1.0329784,1.0319244,1.031661,1.0343747987312586,1.5697514,1.495979,1750,1737,train
794,1.0262537,1.0385239,1.0316664,1.0354445,1.0343536909510544,1.5697503,1.4966502,1750,1737,train
795,1.0261903,1.0393573,1.0313333,1.0359703,1.0343328757546053,1.5697492,1.5115659,1750,1737,train
796,1.0257303,1.0360024,1.0316252,1.0337334,1.034311424079538,1.5697482,1.5175694,1750,1737,train
797,1.0257118,1.0348191,1.0314378,1.0328324,1.0342203026009484,1.569747,1.505623,1750,1737,train
798,1.0257225,1.0361384,1.0318085,1.0338609,1.0341501324877922,1.5697459,1.5109754,1750,1737,train
799,1.0256524,1.0362991,1.0316302,1.0339123,1.034045190953597,1.5697448,1.5058527,1750,1737,train
800,1.0256523,1.0373404,1.0306332,1.0343264,1.0339668626253034,1.5697438,1.4886222,1750,1737,train
801,1.0256985,1.0346463,1.0307797,1.032491,1.0338983608535663,1.5697426,1.487098,1750,1737,train
802,1.0251546,1.036805,1.031098,1.034086,1.033866925829149,1.5697415,1.4914534,1750,1737,train
803,1.025114,1.0393435,1.0305332,1.0356762,1.0338301750516552,1.5697404,1.482725,1750,1737,train
804,1.025187,1.0369247,1.0311927,1.0341778,1.0337915327646574,1.5697392,1.4845718,1750,1737,train
805,1.0250342,1.0379206,1.0308675,1.0348015,1.0337716719364654,1.5697381,1.4924836,1750,1737,train
806,1.0252049,1.034292,1.0310714,1.0323162,1.0338011663976023,1.569737,1.4842687,1750,1737,train
807,1.0251052,1.0380924,1.030933,1.0349462,1.0337788203733969,1.5697359,1.495723,1750,1737,train
808,1.0246567,1.0379125,1.0310043,1.034832,1.0338262374701845,1.5697348,1.4922671,1750,1737,train
809,1.0246153,1.0368565,1.0308207,1.0340638,1.033883301390191,1.5697336,1.4981855,1750,1737,train
810,1.0245222,1.0385177,1.0305204,1.0351442,1.0339204912107267,1.5697325,1.50116,1750,1737,train
811,1.0245943,1.0375353,1.0306591,1.0344923,1.0339358467221602,1.5697314,1.4983003,1750,1737,train
812,1.0246835,1.0370332,1.0306207,1.0341389,1.0338686882575847,1.5697303,1.5006325,1750,1737,train
813,1.0245998,1.0368404,1.0304953,1.0339737,1.0337355627057874,1.5697291,1.5015655,1750,1737,train
814,1.0246273,1.0353925,1.0303978,1.0329089,1.0337469527107128,1.5697279,1.487939,1750,1737,train
815,1.024023,1.0358641,1.0299636,1.0330957,1.0336947883953835,1.5697268,1.4778836,1750,1737,train
816,1.0240769,1.0336235,1.0309806,1.03184,1.0337249352390714,1.5697256,1.489337,1750,1737,train
817,1.0241354,1.036782,1.0310489,1.0340295,1.0337590897171371,1.5697246,1.4801742,1750,1737,train
818,1.0240661,1.0364275,1.0306212,1.0336668,1.0336323438320962,1.5697234,1.4793868,1750,1737,train
819,1.0240712,1.0343567,1.0297649,1.0319488,1.0334579722576371,1.5697222,1.4586177,1750,1737,train
820,1.0240633,1.0348306,1.0298563,1.0323153,1.0333742141512814,1.5697211,1.4639248,1750,1737,train
821,1.0240985,1.0350008,1.0299467,1.0324273,1.0334072936801202,1.5697199,1.4514846,1750,1737,train
822,1.0241143,1.0371591,1.0308498,1.0341985,1.0333362055239368,1.5697187,1.463996,1750,1737,train
823,1.0235568,1.0366706,1.030245,1.0337584,1.0332165493905863,1.5697175,1.4891233,1750,1737,train
824,1.0235556,1.037146,1.0303067,1.0340432,1.0331907761742356,1.5697165,1.4636805,1750,1737,train
825,1.0235028,1.0369618,1.0297948,1.0337803,1.033109957851747,1.5697153,1.4645607,1750,1737,train
826,1.0232136,1.0363964,1.0302318,1.0335608,1.0330430412160507,1.5697141,1.4875591,1750,1737,train
827,1.0233295,1.0348895,1.0297627,1.0323647,1.0329452820111742,1.5697129,1.4777507,1750,1737,train
828,1.0233562,1.0360016,1.0294166,1.0330403,1.0328657473628509,1.5697117,1.4761394,1750,1737,train
829,1.0233192,1.0380614,1.0298272,1.034624,1.0328692617161066,1.5697105,1.4939018,1750,1737,train
830,1.0233531,1.0380707,1.03045,1.0347414,1.032808871414366,1.5697094,1.4709605,1750,1737,train
831,1.0232823,1.0353453,1.0300968,1.0328074,1.0327764180819428,1.5697082,1.4927932,1750,1737,train
832,1.0233291,1.0351782,1.0306116,1.0328292,1.0326777404911187,1.569707,1.4927554,1750,1737,train
833,1.0227934,1.0326164,1.0303187,1.030926,1.032611349921867,1.5697058,1.473985,1750,1737,train
834,1.022673,1.033756,1.0292249,1.0314226,1.0325815112958507,1.5697047,1.4733254,1750,1737,train
835,1.0226984,1.0352018,1.0293611,1.0324652,1.0324734773054367,1.5697035,1.4741185,1750,1737,train
836,1.0227562,1.0323855,1.0295367,1.0305626,1.0325466180706704,1.5697023,1.4767307,1750,1737,train
837,1.0226574,1.0366527,1.0300645,1.0336792,1.0324710855970047,1.5697011,1.4815369,1750,1737,train
838,1.02249,1.0360283,1.0297961,1.0331705,1.0324721144221274,1.5696999,1.4802048,1750,1737,train
839,1.0224289,1.0338796,1.0288929,1.0314219,1.0324851664258006,1.5696987,1.4742644,1750,1737,train
840,1.0223465,1.0364348,1.0298539,1.0334706,1.0323772899059196,1.5696974,1.4811862,1750,1737,train
841,1.0224385,1.0311444,1.0300889,1.029834,1.032304776589975,1.5696962,1.4707148,1750,1737,train
842,1.0224216,1.032938,1.0295898,1.0309961,1.032157491961494,1.569695,1.491296,1750,1737,train
843,1.0224606,1.0346689,1.0299007,1.032234,1.0321101784292785,1.5696938,1.4717917,1750,1737,train
844,1.0224361,1.0361867,1.0295297,1.0332654,1.0320740218135225,1.5696926,1.5033133,1750,1737,train
845,1.0217943,1.0374213,1.0295949,1.0340846,1.0319405489322597,1.5696913,1.4804482,1750,1737,train
846,1.0219374,1.0327283,1.0300874,1.0309649,1.031844366420029,1.5696901,1.4835182,1750,1737,train
847,1.0217849,1.0348415,1.0292858,1.0322603,1.0317286672093833,1.5696889,1.5010113,1750,1737,train
848,1.0216137,1.035654,1.029617,1.0329025,1.0317422786939598,1.5696877,1.4966416,1750,1737,train
849,1.0216566,1.032462,1.0288764,1.030488,1.031705728279014,1.5696864,1.4968985,1750,1737,train
850,1.0216043,1.0349402,1.0290481,1.0322037,1.0317032021188988,1.5696852,1.4757826,1750,1737,train
851,1.0216843,1.0347947,1.02954,1.03217,1.031707572041619,1.569684,1.449347,1750,1737,train
852,1.0216644,1.0333135,1.0295681,1.0311797,1.0315819417242864,1.5696827,1.461999,1750,1737,train
853,1.0216053,1.0344622,1.0293995,1.03192,1.0315094001511853,1.5696815,1.4569284,1750,1737,train
854,1.0211169,1.0329779,1.0288583,1.0307456,1.0314462675119542,1.5696802,1.4575028,1750,1737,train
855,1.0209727,1.0342294,1.0283648,1.0314618,1.0313909052263195,1.569679,1.449011,1750,1737,train
856,1.021119,1.0332072,1.0295771,1.031166,1.0314146043457606,1.5696777,1.48567,1750,1737,train
857,1.0210284,1.0326031,1.0294794,1.0307239,1.031370316540751,1.5696765,1.4871671,1750,1737,train
858,1.0211344,1.0350102,1.0289164,1.0321869,1.031392799522387,1.5696752,1.4634087,1750,1737,train
859,1.0207993,1.0331863,1.0293678,1.0310614,1.031362379841202,1.569674,1.4716976,1750,1737,train
860,1.0207376,1.0365385,1.0286331,1.0332112,1.0312128481571703,1.5696727,1.4794194,1750,1737,train
861,1.0207874,1.0290966,1.0290836,1.0281801,1.0311592506356082,1.5696715,1.4861796,1750,1737,train
862,1.0207268,1.0354756,1.0290452,1.0326266,1.0310214841435004,1.5696702,1.4970984,1750,1737,train
863,1.0206765,1.0315135,1.028779,1.0298195,1.0310055198300712,1.5696689,1.5036144,1750,1737,train
864,1.0207763,1.0302365,1.0288578,1.0290155,1.0309623613608776,1.5696677,1.5289619,1750,1737,train
865,1.0206847,1.0346481,1.0283362,1.0319402,1.0308839414162123,1.5696664,1.5292728,1750,1737,train
866,1.0201944,1.032986,1.0289866,1.030932,1.0308769624331167,1.5696651,1.5176511,1750,1737,train
867,1.0201948,1.0347694,1.0287987,1.0321432,1.0307169862963994,1.5696639,1.5271478,1750,1737,train
868,1.0201344,1.0331777,1.0286003,1.0309745,1.0305845258340978,1.5696626,1.5229547,1750,1737,train
869,1.0202237,1.0320808,1.0289425,1.0302818,1.0304562169516145,1.5696613,1.5136744,1750,1737,train
870,1.0201129,1.0345807,1.0280169,1.031812,1.0304264406047496,1.56966,1.530904,1750,1737,train
871,1.0202268,1.0327793,1.0289924,1.0307857,1.0304539788173865,1.5696586,1.5158718,1750,1737,train
872,1.020192,1.0338265,1.0287768,1.0314524,1.0303366327504815,1.5696573,1.5147649,1750,1737,train
873,1.0196017,1.0298818,1.0287122,1.028728,1.0302780178352364,1.5696561,1.5280933,1750,1737,train
874,1.0196173,1.0315617,1.0287399,1.0298903,1.0302468044398139,1.5696548,1.5232481,1750,1737,train
875,1.0196347,1.0307261,1.0274533,1.0289637,1.0302327459008251,1.5696535,1.5225968,1750,1737,train
876,1.0196154,1.0293373,1.0286279,1.0282931,1.0301711534670006,1.5696522,1.514082,1750,1737,train
877,1.0196997,1.0357236,1.0281781,1.0326588,1.0301550263448254,1.5696509,1.5350771,1750,1737,train
878,1.0194412,1.0316638,1.0285858,1.0298696,1.0301193990897066,1.5696496,1.5025347,1750,1737,train
879,1.0196435,1.0322636,1.0279664,1.0301546,1.0301084591660705,1.5696483,1.5166743,1750,1737,train
880,1.0190111,1.0346704,1.0282502,1.031839,1.030053815889393,1.569647,1.4907753,1750,1737,train
881,1.0190554,1.0318766,1.0277095,1.0297952,1.0300586313004332,1.5696455,1.5077477,1750,1737,train
882,1.019094,1.0327085,1.027701,1.0303998,1.0300377732011685,1.5696442,1.5196725,1750,1737,train
883,1.0190682,1.0293962,1.0277463,1.0280576,1.030009662649474,1.5696429,1.4975796,1750,1737,train
884,1.0190635,1.0283829,1.0279073,1.0274031,1.0300394264460027,1.5696416,1.5000951,1750,1737,train
885,1.0189945,1.0344326,1.0279948,1.0316298,1.0300425118494079,1.5696403,1.5007334,1750,1737,train
886,1.0185916,1.0312488,1.0281022,1.0294701,1.0300903485886004,1.569639,1.5100815,1750,1737,train
887,1.0184773,1.0325274,1.0277265,1.0302712,1.0299799117272999,1.5696375,1.5156949,1750,1737,train
888,1.0184996,1.0309789,1.0278922,1.0292109,1.0300249792408254,1.5696362,1.5037024,1750,1737,train
889,1.018421,1.0319968,1.0274929,1.0298166,1.029994022087727,1.5696349,1.506093,1750,1737,train
890,1.0184973,1.0311233,1.0277321,1.0292661,1.0299498628399553,1.5696335,1.5027943,1750,1737,train
891,1.018443,1.0306258,1.0274426,1.0288503,1.0298816653598597,1.5696322,1.505779,1750,1737,train
892,1.0184718,1.0327072,1.0275861,1.0303355,1.0299143720967407,1.5696309,1.5062983,1750,1737,train
893,1.0184642,1.032735,1.0279001,1.0304124,1.0298769221807549,1.5696294,1.4954379,1750,1737,train
894,1.0179039,1.0348129,1.0273199,1.0317323,1.0298474209206192,1.5696281,1.508694,1750,1737,train
895,1.0179379,1.0227937,1.027892,1.0234889,1.029794411296427,1.5696267,1.4886024,1750,1737,train
896,1.0179069,1.0310384,1.0275196,1.0290277,1.0297926354023017,1.5696254,1.4524815,1750,1737,train
897,1.0179133,1.03406,1.0272406,1.0310862,1.0297435467104041,1.569624,1.466733,1750,1737,train
898,1.0179049,1.0333977,1.027382,1.030642,1.029673899131885,1.5696226,1.4576722,1750,1737,train
899,1.0176948,1.0337726,1.0267918,1.0307775,1.0296191674331234,1.5696212,1.4713442,1750,1737,train
900,1.0173165,1.0293216,1.0273806,1.0277648,1.0295077933252696,1.5696199,1.438848,1750,1737,train
901,1.0174855,1.0340506,1.0273491,1.0310527,1.0294639202672782,1.5696185,1.4437395,1750,1737,train
902,1.0173938,1.0322803,1.0271801,1.0298154,1.0293818078777153,1.569617,1.4591364,1750,1737,train
903,1.0174375,1.0319746,1.0271622,1.0295973,1.0294385187547215,1.5696157,1.4587373,1750,1737,train
904,1.0173362,1.0320394,1.0268978,1.0295776,1.0293375627811099,1.5696143,1.4612613,1750,1737,train
905,1.0174114,1.0326037,1.0271708,1.0299718,1.0292081873279906,1.5696129,1.4321384,1750,1737,train
906,1.0174767,1.0307912,1.0267087,1.0286311,1.0292688308586784,1.5696115,1.4493601,1750,1737,train
907,1.0168178,1.0317073,1.0262836,1.0291435,1.0291783501357588,1.5696101,1.4452491,1750,1737,train
908,1.0168095,1.031121,1.0267779,1.0288506,1.029203487011199,1.5696087,1.4378039,1750,1737,train
909,1.0167878,1.0303944,1.0265728,1.0282873,1.0290971981871084,1.5696073,1.4362801,1750,1737,train
910,1.0168891,1.0298475,1.0268842,1.0279769,1.02891572545279,1.5696058,1.4305226,1750,1737,train
911,1.0168129,1.0309486,1.0266329,1.0286852,1.0289086998109584,1.5696044,1.4350123,1750,1737,train
912,1.0168232,1.0313845,1.0266004,1.0289357,1.028685856598281,1.569603,1.4171209,1750,1737,train
913,1.0167398,1.0300101,1.0262977,1.027896,1.0286221243537939,1.5696015,1.415499,1750,1737,train
914,1.0162436,1.029375,1.0262014,1.0275009,1.0284700869903476,1.5696001,1.4450045,1750,1737,train
915,1.0163118,1.0279093,1.0263622,1.0265101,1.0283135190150599,1.5695987,1.4384642,1750,1737,train
916,1.0162601,1.0331634,1.0258602,1.0300955,1.028178748521415,1.5695972,1.4674927,1750,1737,train
917,1.0162963,1.0266452,1.0262903,1.0256318,1.0279960185771833,1.5695958,1.446231,1750,1737,train
918,1.01621,1.0317993,1.0259049,1.0291494,1.0278783155034457,1.5695944,1.4631196,1750,1737,train
919,1.0163066,1.0212466,1.0263647,1.0218778,1.027664494483663,1.569593,1.4363852,1750,1737,train
920,1.0162138,1.029931,1.0260595,1.0278896,1.0276556729881359,1.5695915,1.461636,1750,1737,train
921,1.0156908,1.0295968,1.0260597,1.0276587,1.0275535307485706,1.5695901,1.4620938,1750,1737,train
922,1.0156721,1.0305641,1.0260067,1.0283337,1.027425336730822,1.5695885,1.4692205,1750,1737,train
923,1.015688,1.0331224,1.0256768,1.030009,1.0272628080777442,1.5695871,1.463882,1750,1737,train
924,1.0157111,1.028384,1.0260055,1.0267463,1.0271191154968742,1.5695857,1.4393017,1750,1737,train
925,1.015803,1.0325197,1.0258489,1.029618,1.027027290073511,1.5695843,1.4562397,1750,1737,train
926,1.0151969,1.0275146,1.0259569,1.0261644,1.0269460079664294,1.5695827,1.453675,1750,1737,train
927,1.0151151,1.0275002,1.0256587,1.0260661,1.0268987989627425,1.5695813,1.4502053,1750,1737,train
928,1.0151956,1.026568,1.0250843,1.025301,1.0267316975240506,1.5695798,1.4650735,1750,1737,train
929,1.0152191,1.0301152,1.0255508,1.0278035,1.0266363467793882,1.5695783,1.4297044,1750,1737,train
930,1.0152229,1.0320587,1.0253805,1.0291502,1.0265550324081152,1.5695769,1.4471987,1750,1737,train
931,1.0151707,1.0252843,1.0249931,1.0243616,1.0264072874188421,1.5695753,1.4555262,1750,1737,train
932,1.0151273,1.0293707,1.0252795,1.0272338,1.026399376902728,1.5695739,1.4379492,1750,1737,train
933,1.0151796,1.0239803,1.0252126,1.0235163,1.0263718899120944,1.5695723,1.4562123,1750,1737,train
934,1.014626,1.0259477,1.0252818,1.0248709,1.0263873643952033,1.5695708,1.4437288,1750,1737,train
935,1.0147545,1.0275462,1.0252997,1.0259807,1.0262453748257856,1.5695693,1.4415601,1750,1737,train
936,1.0146099,1.0243753,1.025176,1.0237694,1.0261305234108484,1.5695678,1.4515092,1750,1737,train
937,1.0146185,1.0319629,1.0245839,1.0289419,1.0260599772466432,1.5695664,1.4765606,1750,1737,train
938,1.0146418,1.0250639,1.0253476,1.0242995,1.0259790023500743,1.5695648,1.4538873,1750,1737,train
939,1.0140774,1.0274434,1.0249571,1.0258985,1.025849085396405,1.5695633,1.47477,1750,1737,train
940,1.0140649,1.0283083,1.0250095,1.0265245,1.025764443979159,1.5695617,1.4794437,1750,1737,train
941,1.0140135,1.0262005,1.0249807,1.0250504,1.025768917461051,1.5695603,1.4784151,1750,1737,train
942,1.014049,1.0275617,1.0248866,1.0259558,1.0257655154046792,1.5695587,1.4723393,1750,1737,train
943,1.0140189,1.0263469,1.0248461,1.0250635,1.025530552223577,1.5695572,1.4568461,1750,1737,train
944,1.0135685,1.0317222,1.0239214,1.0286806,1.0255893888731227,1.5695556,1.510834,1750,1737,train
945,1.0135018,1.0239028,1.0243938,1.0233214,1.0254666147670572,1.5695541,1.488373,1750,1737,train
946,1.013509,1.0256069,1.0240752,1.0244201,1.0254526049227237,1.5695525,1.4885745,1750,1737,train
947,1.0134683,1.0251358,1.024649,1.0242333,1.0253864401164088,1.569551,1.4830886,1750,1737,train
948,1.013511,1.0300558,1.0246485,1.0276515,1.0253002467426673,1.5695494,1.4835467,1750,1737,train
949,1.0134926,1.0295032,1.0245434,1.027245,1.0253862379015528,1.5695479,1.485741,1750,1737,train
950,1.0134647,1.0279827,1.024466,1.0261482,1.0254146770112118,1.5695463,1.4775438,1750,1737,train
951,1.0134574,1.0231358,1.0237719,1.0226029,1.0254573554651603,1.5695448,1.4805636,1750,1737,train
952,1.0130123,1.0254991,1.0244163,1.0244629,1.0254537396156538,1.5695432,1.4993757,1750,1737,train
953,1.0129439,1.0302302,1.0242587,1.027769,1.0253683587789533,1.5695416,1.5249325,1750,1737,train
954,1.0129945,1.02716,1.0242301,1.0255865,1.0252436442770176,1.56954,1.507453,1750,1737,train
955,1.0129329,1.0268178,1.0241829,1.0253258,1.025238286601283,1.5695385,1.5031863,1750,1737,train
956,1.0129825,1.0315198,1.0239362,1.0285649,1.025221559711842,1.5695369,1.5194501,1750,1737,train
957,1.012974,1.0231844,1.0241448,1.0227492,1.0249940271612166,1.5695353,1.4856802,1750,1737,train
958,1.0123653,1.0247427,1.0232754,1.0236712,1.0249087369796315,1.5695337,1.5155017,1750,1737,train
959,1.0124424,1.0216644,1.0236818,1.021623,1.024735841422415,1.5695322,1.5077962,1750,1737,train
960,1.0123858,1.0285256,1.0236267,1.026324,1.0246931483363082,1.5695305,1.487242,1750,1737,train
961,1.0123924,1.0271033,1.0235811,1.0253164,1.0245910832267655,1.5695289,1.4841247,1750,1737,train
962,1.0124173,1.0261726,1.023573,1.0246407,1.0243515035471857,1.5695273,1.4730079,1750,1737,train
963,1.012411,1.0274107,1.0234615,1.0255041,1.0243513528783512,1.5695257,1.4866763,1750,1737,train
964,1.0124758,1.0288081,1.0235755,1.0265143,1.0242950104811501,1.569524,1.4904321,1750,1737,train
965,1.0117732,1.0263797,1.0235041,1.0247769,1.0241996294002091,1.5695225,1.4774721,1750,1737,train
966,1.0118395,1.0199171,1.0232893,1.0202298,1.0240874612865007,1.5695208,1.4772689,1750,1737,train
967,1.011858,1.024861,1.0232613,1.0237448,1.0239728409862145,1.5695192,1.5135665,1750,1737,train
968,1.0118825,1.0302849,1.023239,1.0274566,1.0238365029696619,1.5695176,1.4932405,1750,1737,train
969,1.0118618,1.0209328,1.0231928,1.0209789,1.0238293354345105,1.569516,1.5058236,1750,1737,train
970,1.0112824,1.0282182,1.0230919,1.0259632,1.0238256409698947,1.5695143,1.485597,1750,1737,train
971,1.0112879,1.0229962,1.0229876,1.0224032,1.023715052656714,1.5695126,1.5247012,1750,1737,train
972,1.0116308,1.0251455,1.0231014,1.0238782,1.0235928333602786,1.5695109,1.5047756,1750,1737,train
973,1.0113064,1.0276589,1.0228863,1.0255513,1.0233682624999048,1.5695093,1.4985833,1750,1737,train
974,1.0112798,1.0221788,1.0228783,1.0217586,1.0232161390257097,1.5695077,1.505127,1750,1737,train
975,1.0107759,1.0201253,1.0224628,1.0201926,1.023192137277925,1.569506,1.493586,1750,1737,train
976,1.0107766,1.023321,1.0224571,1.0224049,1.0231075679846071,1.5695044,1.4910611,1750,1737,train
977,1.0107694,1.0203229,1.0225013,1.0203565,1.0229068686568836,1.5695027,1.5002825,1750,1737,train
978,1.0107552,1.0237174,1.022024,1.022579,1.0227806423147046,1.569501,1.49717,1750,1737,train
979,1.0107144,1.0240209,1.0222846,1.0228873,1.0227070219446508,1.5694993,1.5085471,1750,1737,train
980,1.0107814,1.0214763,1.0225483,1.0211359,1.0226104734313604,1.5694976,1.4861581,1750,1737,train
981,1.0107925,1.0242875,1.0225254,1.0231053,1.0225460187784163,1.5694959,1.495491,1750,1737,train
982,1.0101596,1.0282965,1.0223974,1.0258665,1.0225404377239846,1.5694942,1.4999831,1750,1737,train
983,1.010208,1.0260391,1.0223383,1.0242434,1.0224408549401869,1.5694926,1.4838179,1750,1737,train
984,1.0102441,1.0250169,1.0222179,1.0235267,1.022343312436516,1.5694908,1.4943193,1750,1737,train
985,1.0101807,1.0197719,1.0222112,1.0198435,1.0221501245496076,1.5694891,1.4787095,1750,1737,train
986,1.0102552,1.0236849,1.0219889,1.0225172,1.022057866220662,1.5694875,1.4849473,1750,1737,train
987,1.010215,1.0271283,1.0220059,1.0249331,1.022022735235741,1.5694857,1.4929583,1750,1737,train
988,1.0095983,1.0233285,1.0218531,1.0222173,1.0219070625487503,1.569484,1.4783409,1750,1737,train
989,1.0096242,1.0191462,1.0218405,1.0192463,1.021814912647362,1.5694823,1.4528434,1750,1737,train
990,1.0096548,1.0225302,1.021799,1.0216182,1.0215864615433794,1.5694805,1.4660599,1750,1737,train
991,1.009677,1.0243884,1.0216469,1.0228684,1.0214607174926784,1.5694788,1.4661115,1750,1737,train
992,1.0096984,1.022396,1.021613,1.0214627,1.0211785075380746,1.5694771,1.4609323,1750,1737,train
993,1.0095962,1.0248079,1.0214144,1.0230818,1.0209802058942334,1.5694753,1.4596634,1750,1737,train
994,1.009102,1.0166665,1.0212979,1.0174206,1.0208325403652192,1.5694736,1.4701695,1750,1737,train
995,1.0094651,1.0212716,1.0212965,1.0206095,1.0206113705783593,1.5694718,1.4661502,1750,1737,train
996,1.0091037,1.0184025,1.0212137,1.0185635,1.0206027750077789,1.56947,1.4535843,1750,1737,train
997,1.008823,1.0193374,1.0212406,1.0192342,1.0204175254216135,1.5694683,1.4592972,1750,1737,train
998,1.0088143,1.0235939,1.0212451,1.0221741,1.020351197674245,1.5694666,1.4518306,1750,1737,train
999,1.0089022,1.025557,1.0210503,1.023553,1.0203421235735068,1.5694648,1.479536,1750,1737,train
1000,1.008863,1.0194814,1.0210952,1.0192628,1.0202713022793704,1.569463,1.4459738,1750,1737,train
1001,1.0083497,1.0209247,1.020943,1.0202657,1.0200935544863547,1.5694612,1.4628154,1750,1737,train
1002,1.008265,1.0211719,1.0208741,1.0204048,1.0199589843147554,1.5694594,1.4569659,1750,1737,train
1003,1.00829,1.0194757,1.0208827,1.0192459,1.0197349197610677,1.5694577,1.4640355,1750,1737,train
1004,1.0083334,1.0217984,1.0208261,1.0208638,1.019539006628671,1.5694559,1.4720081,1750,1737,train
1005,1.008354,1.0202506,1.020737,1.0197651,1.0194167830632856,1.5694541,1.4722137,1750,1737,train
1006,1.0082285,1.0182223,1.0205873,1.0182774,1.0191160447033132,1.5694523,1.4563525,1750,1737,train
1007,1.0083103,1.020318,1.0205021,1.0197239,1.0188341958003786,1.5694504,1.4619296,1750,1737,train
1008,1.0077276,1.016533,1.0205172,1.0169824,1.0188012193608842,1.5694486,1.4142909,1750,1737,train
1009,1.0078067,1.0168345,1.0203668,1.0170276,1.0187571735764651,1.5694468,1.3634907,1750,1737,train
1010,1.0077544,1.0174041,1.020285,1.0173922,1.018589280103034,1.569445,1.3596778,1750,1737,train
1011,1.0076945,1.0186559,1.0200717,1.0182605,1.0183814660228538,1.5694431,1.3825784,1750,1737,train
1012,1.0077088,1.0141467,1.0200952,1.0151029,1.0183348290693082,1.5694413,1.3697833,1750,1737,train
1013,1.0077443,1.0164559,1.020075,1.0167012,1.0182343182221956,1.5694395,1.3696058,1750,1737,train
1014,1.0076984,1.0161881,1.0198789,1.0165333,1.0181975751455532,1.5694376,1.398508,1750,1737,train
1015,1.0072124,1.0250635,1.0199593,1.022771,1.0180145573050414,1.5694358,1.4192717,1750,1737,train
1016,1.007193,1.0187938,1.019926,1.0182961,1.0179105657459455,1.5694339,1.3739183,1750,1737,train
1017,1.0071359,1.019632,1.0198654,1.0188401,1.0177014055342384,1.569432,1.3648517,1750,1737,train
1018,1.0068995,1.0202029,1.0197304,1.019314,1.0176251789254738,1.5694302,1.4114058,1750,1737,train
1019,1.0072669,1.0243794,1.0197252,1.0221792,1.0176712807913462,1.5694283,1.3972063,1750,1737,train
1020,1.0065362,1.0196157,1.0195607,1.0187769,1.0174936436265172,1.5694264,1.3770669,1750,1737,train
1021,1.0066319,1.0164189,1.019554,1.0164584,1.0173371171796641,1.5694246,1.3378158,1750,1737,train
1022,1.0066447,1.0200771,1.0194842,1.0190141,1.0171634776235254,1.5694227,1.3513594,1750,1737,train
1023,1.0066589,1.0161695,1.0193145,1.0164112,1.0170284391364677,1.5694208,1.4157934,1750,1737,train
1024,1.0060481,1.0156227,1.0193213,1.0161834,1.0170731875317822,1.5694189,1.4774163,1750,1737,train
1025,1.0060004,1.0128744,1.0192758,1.014165,1.0170862760415955,1.569417,1.43774,1750,1737,train
1026,1.0061736,1.0145217,1.0191272,1.015357,1.0170383666276424,1.5694151,1.4735261,1750,1737,train
1027,1.0061257,1.0147618,1.0191213,1.0154713,1.017079929457179,1.5694132,1.4526772,1750,1737,train
1028,1.006126,1.0155123,1.01901,1.0159453,1.0170786555197846,1.5694113,1.4454362,1750,1737,train
1029,1.0060058,1.016952,1.0189098,1.0168957,1.017059610622733,1.5694094,1.4359837,1750,1737,train
1030,1.0061173,1.0135015,1.0188955,1.0145437,1.0171739614121171,1.5694075,1.4561248,1750,1737,train
1031,1.0055234,1.0197618,1.0187937,1.0187812,1.0172329478880475,1.5694056,1.4214804,1750,1737,train
1032,1.0055633,1.0225035,1.0187186,1.0206945,1.0172427862955993,1.5694035,1.4333199,1750,1737,train
1033,1.0054859,1.0154079,1.0185994,1.0157999,1.0172812992234121,1.5694016,1.460675,1750,1737,train
1034,1.0054843,1.0142639,1.0185289,1.0149518,1.0172710407117291,1.5693997,1.4465911,1750,1737,train
1035,1.0055552,1.0203342,1.0185183,1.0189838,1.017074656995741,1.5693977,1.3718379,1750,1737,train
1036,1.005091,1.0173862,1.0184339,1.0170128,1.016953461815352,1.5693958,1.4126399,1750,1737,train
1037,1.0049232,1.0131572,1.0182747,1.0140257,1.0168755918524337,1.5693938,1.4100448,1750,1737,train
1038,1.0049746,1.0199249,1.0180122,1.0188024,1.016765040736634,1.5693918,1.4696774,1750,1737,train
1039,1.0049667,1.0138882,1.0181668,1.01453,1.0166031895694791,1.5693898,1.4203929,1750,1737,train
1040,1.0050282,1.0164753,1.0180445,1.0163825,1.0165053002790754,1.5693879,1.4564638,1750,1737,train
1041,1.0049448,1.0160651,1.0179138,1.01606,1.0165144532811397,1.5693859,1.4554628,1750,1737,train
1042,1.0043952,1.0244371,1.0180081,1.0217792,1.0164242206919682,1.5693839,1.4054286,1750,1737,train
1043,1.0043797,1.0172671,1.0178944,1.0168483,1.0164263295021132,1.569382,1.4384139,1750,1737,train
1044,1.0044727,1.0140189,1.0177183,1.0146616,1.0164331786696978,1.5693799,1.4864521,1750,1737,train
1045,1.004434,1.0169238,1.0177625,1.0165564,1.0166063530938645,1.5693779,1.4310006,1750,1737,train
1046,1.0043918,1.0208219,1.0176998,1.0192188,1.016633849356842,1.5693759,1.4191751,1750,1737,train
1047,1.0043389,1.0193255,1.0175705,1.0182269,1.0165368024402288,1.5693738,1.4529397,1750,1737,train
1048,1.004137,1.0187218,1.0175627,1.0177932,1.0165451335600044,1.5693718,1.4478835,1750,1737,train
1049,1.0038319,1.0146163,1.01744,1.0148841,1.016538590134046,1.5693698,1.4381244,1750,1737,train
1050,1.0039228,1.0191851,1.0173028,1.0180823,1.0164903505501337,1.5693678,1.4630547,1750,1737,train
1051,1.0038192,1.0170436,1.0172424,1.0165224,1.0163062584219333,1.5693657,1.4401132,1750,1737,train
1052,1.0038207,1.0141612,1.0171824,1.0145093,1.0161482210015884,1.5693637,1.4423832,1750,1737,train
1053,1.0038766,1.0166602,1.0171442,1.0162421,1.015914881925211,1.5693616,1.4451945,1750,1737,train
1054,1.0038648,1.0161597,1.017046,1.0158957,1.0156775378633114,1.5693595,1.4565303,1750,1737,train
1055,1.0032477,1.0119811,1.0168369,1.0129553,1.015412328883119,1.5693575,1.464223,1750,1737,train
1056,1.0035733,1.0128934,1.016767,1.0135761,1.0151507165273057,1.5693554,1.466568,1750,1737,train
1057,1.0035777,1.0126848,1.0167683,1.0134392,1.0149545522180823,1.5693533,1.469669,1750,1737,train
1058,1.0032221,1.012959,1.0167161,1.0136399,1.0148741326603743,1.5693512,1.4796114,1750,1737,train
1059,1.0032711,1.01077,1.0165213,1.012061,1.0146235787651476,1.5693492,1.4772637,1750,1737,train
1060,1.0029621,1.0194615,1.0165747,1.0181345,1.0143104790479964,1.569347,1.4857645,1750,1737,train
1061,1.0029907,1.016551,1.0165715,1.0161037,1.0141342495648036,1.569345,1.4824619,1750,1737,train
1062,1.0029328,1.0158141,1.016438,1.0155319,1.0139888646786093,1.5693429,1.4726267,1750,1737,train
1063,1.0029867,1.0121961,1.0163716,1.013002,1.0138176877424605,1.5693407,1.4732852,1750,1737,train
1064,1.0029017,1.0161614,1.0162767,1.015743,1.0137326791279841,1.5693386,1.4779214,1750,1737,train
1065,1.0024471,1.0122416,1.0162139,1.0129566,1.0135277901374096,1.5693364,1.4590318,1750,1737,train
1066,1.0024647,1.0162435,1.0160962,1.0157374,1.0133510333673001,1.5693344,1.4721421,1750,1737,train
1067,1.0023972,1.0156032,1.0159959,1.0152477,1.0131176607981593,1.5693322,1.4647534,1750,1737,train
1068,1.0023166,1.0118716,1.015905,1.0126168,1.0129646640630627,1.5693301,1.4590029,1750,1737,train
1069,1.0018836,1.0121295,1.0158163,1.0127897,1.0127265580299865,1.569328,1.4661536,1750,1737,train
1070,1.00192,1.0081652,1.0157293,1.010002,1.0124703109832556,1.5693257,1.4621339,1750,1737,train
1071,1.001871,1.010248,1.0156194,1.0114212,1.012222656874451,1.5693235,1.4627848,1750,1737,train
1072,1.0018963,1.0125566,1.0155381,1.0129983,1.01214046129301,1.5693214,1.4606744,1750,1737,train
1073,1.0016385,1.0107911,1.0153011,1.0117437,1.0120888784324729,1.5693192,1.4752278,1750,1737,train
1074,1.0016536,1.0070108,1.0154006,1.0090702,1.0121023282801724,1.569317,1.4451025,1750,1737,train
1075,1.0016009,1.0072657,1.0151718,1.009212,1.0120090452222439,1.5693148,1.4557446,1750,1737,train
1076,1.0017173,1.0094552,1.0152262,1.0107505,1.0120362264253486,1.5693127,1.456833,1750,1737,train
1077,1.0015712,1.0084692,1.0150918,1.0100422,1.0120249311905798,1.5693104,1.4620278,1750,1737,train
1078,1.0010788,1.0112109,1.0151409,1.0119777,1.011799123765703,1.5693083,1.4691688,1750,1737,train
1079,1.0010881,1.0114967,1.0150455,1.0121484,1.011623492397279,1.569306,1.468198,1750,1737,train
1080,1.0013916,1.0141275,1.0150043,1.0139666,1.0116115854659444,1.5693038,1.4688071,1750,1737,train
1081,1.0006908,1.0102603,1.0148913,1.0112104,1.0115306687226853,1.5693016,1.452811,1750,1737,train
1082,1.0007805,1.0129429,1.0148132,1.0130714,1.0114901213740888,1.5692993,1.4602383,1750,1737,train
1083,1.0007678,1.0107561,1.014711,1.0115869,1.011375967072525,1.5692971,1.485728,1750,1737,train
1084,1.0007668,1.0123932,1.0146266,1.0127211,1.0112791507764336,1.5692948,1.4936886,1750,1737,train
1085,1.000697,1.014285,1.0145293,1.013951,1.0112456100092513,1.5692925,1.4697207,1750,1737,train
1086,1.0007254,1.0139931,1.0144912,1.013724,1.0113657030363181,1.5692903,1.4639735,1750,1737,train
1087,1.0007625,1.0101678,1.0144132,1.0110425,1.0114181147887553,1.569288,1.4628243,1750,1737,train
1088,1.000147,1.0062522,1.0142267,1.0082927,1.0115304137089334,1.5692858,1.471462,1750,1737,train
1089,1.0002085,1.0081161,1.0142251,1.0095918,1.011535134765641,1.5692835,1.4732085,1750,1737,train
1090,1.0001557,1.0073512,1.0141968,1.0090108,1.0117744910827244,1.5692812,1.4560285,1750,1737,train
1091,1.0001925,1.0077801,1.014151,1.0093207,1.0118332549630038,1.5692788,1.4659331,1750,1737,train
1092,1.0001501,1.0097826,1.01403,1.0106946,1.0120670228947257,1.5692766,1.4721065,1750,1737,train
1093,0.99960434,1.0153677,1.0139564,1.0145509,1.0122816202883291,1.5692743,1.4702353,1750,1737,train
1094,0.99959326,1.0142646,1.013786,1.0137982,1.01226352729969,1.5692719,1.4946404,1750,1737,train
1095,0.9996054,1.0126891,1.0137595,1.0126641,1.012265605387434,1.5692697,1.4812726,1750,1737,train
1096,0.9996171,1.0157956,1.0136915,1.0147898,1.012114619492638,1.5692673,1.4753977,1750,1737,train
1097,0.9996334,1.0129772,1.0135988,1.0128474,1.0121149053124965,1.5692649,1.4920887,1750,1737,train
1098,0.9996161,1.0114464,1.0135224,1.0117309,1.0121902453728802,1.5692626,1.4787656,1750,1737,train
1099,0.99904954,1.0084734,1.0134182,1.0095996,1.0121802315306425,1.5692602,1.4633063,1750,1737,train
1100,0.9991407,1.0096308,1.013331,1.0104179,1.0121337163326358,1.5692579,1.4786814,1750,1737,train
1101,0.99910027,1.0087255,1.0132463,1.0097231,1.012036379470322,1.5692555,1.4609941,1750,1737,train
1102,0.99902153,1.0088897,1.0131484,1.0098193,1.011968177178544,1.5692531,1.4644434,1750,1737,train
1103,0.9985229,1.0173534,1.0130419,1.0157123,1.0118028475540384,1.5692507,1.4812685,1750,1737,train
1104,0.998575,1.0193368,1.0130004,1.0170577,1.0117075163261204,1.5692483,1.4725356,1750,1737,train
1105,0.9985331,1.0124696,1.0129406,1.0122707,1.011485294627784,1.5692459,1.47255,1750,1737,train
1106,0.99840933,1.0121145,1.0128547,1.0119822,1.0114131617830477,1.5692436,1.4648508,1750,1737,train
1107,0.9985716,1.0110357,1.0127813,1.011229,1.0112785798225574,1.5692412,1.4714313,1750,1737,train
1108,0.99854773,1.0147631,1.0127068,1.0138239,1.0111716168553402,1.5692387,1.4816854,1750,1737,train
1109,0.99850816,1.0149834,1.0126199,1.0139451,1.0110217941887474,1.5692363,1.4781985,1750,1737,train
1110,0.9978813,1.0097568,1.0125245,1.0102434,1.011020743878465,1.5692338,1.459879,1750,1737,train
1111,0.9979811,1.0113496,1.0123998,1.0113317,1.0110215101968962,1.5692314,1.4660332,1750,1737,train
1112,0.9979725,1.0129398,1.0123643,1.0124778,1.011039000923323,1.5692289,1.4868289,1750,1737,train
1113,0.9979342,1.0101537,1.0122875,1.0104489,1.0110210178149266,1.5692265,1.4571472,1750,1737,train
1114,0.99787205,1.0121329,1.0121814,1.0118037,1.0108801117920398,1.569224,1.4604319,1750,1737,train
1115,0.9973499,1.0045155,1.0120612,1.0064805,1.0107206328813765,1.5692215,1.4611877,1750,1737,train
1116,0.9974098,1.0089074,1.0119325,1.0095384,1.010598321706654,1.569219,1.4778386,1750,1737,train
1117,0.99740696,1.0040342,1.0118471,1.006109,1.0104514180354098,1.5692165,1.469581,1750,1737,train
1118,0.997321,1.0038122,1.0117605,1.0059308,1.010381543208867,1.5692141,1.4692367,1750,1737,train
1119,0.9968989,1.0112635,1.0117675,1.0110973,1.0103184628906037,1.5692115,1.463959,1750,1737,train
1120,0.99678,1.0107807,1.0116876,1.0107456,1.0102223308632328,1.569209,1.4660895,1750,1737,train
1121,0.99687225,1.0143694,1.0116009,1.0132735,1.0101003806888769,1.5692065,1.4897072,1750,1737,train
1122,0.9967692,1.0089561,1.0115074,1.009411,1.0100905869500445,1.569204,1.4584848,1750,1737,train
1123,0.99680936,1.0070375,1.0114037,1.0080893,1.00995789533799,1.5692015,1.4745815,1750,1737,train
1124,0.9969272,1.0089718,1.0113376,1.0094409,1.0096885002564555,1.5691988,1.4848906,1750,1737,train
1125,0.9963002,1.0059226,1.0112368,1.0072726,1.0094019400443848,1.5691963,1.4757075,1750,1737,train
1126,0.9962905,1.007013,1.0111033,1.0080332,1.0093679045028925,1.5691937,1.4915242,1750,1737,train
1127,0.9962913,1.0065864,1.011038,1.0076972,1.009211278935928,1.5691912,1.4825082,1750,1737,train
1128,0.9963467,1.0094022,1.010966,1.009654,1.0089957596704728,1.5691886,1.4905443,1750,1737,train
1129,0.9963526,1.0082564,1.0108821,1.0088278,1.0088911863298657,1.569186,1.4873989,1750,1737,train
1130,0.99561006,1.0151429,1.0107747,1.013513,1.008974946855563,1.5691835,1.4583383,1750,1737,train
1131,0.99572384,1.011294,1.0106968,1.0108459,1.0089219967401604,1.5691808,1.4698517,1750,1737,train
1132,0.99576676,1.0106997,1.0106512,1.0104342,1.0088427683059908,1.5691782,1.4753487,1750,1737,train
1133,0.99573755,1.012459,1.0105451,1.011579,1.0086873599946975,1.5691756,1.4552121,1750,1737,train
1134,0.9956631,1.0130495,1.0104513,1.0119634,1.0086952765294646,1.569173,1.4549032,1750,1737,train
1135,0.99573135,1.0074825,1.0103766,1.0080982,1.0087702161563696,1.5691704,1.4643128,1750,1737,train
1136,0.99523175,1.0092204,1.0102924,1.0093137,1.0085728798839309,1.5691676,1.4768124,1750,1737,train
1137,0.99517477,1.0084672,1.0102047,1.0087664,1.0083796081193044,1.569165,1.4766214,1750,1737,train
1138,0.995105,1.0061135,1.0100987,1.0070662,1.00824587647377,1.5691624,1.4617538,1750,1737,train
1139,0.9951491,1.0070035,1.010023,1.0076497,1.008129804274055,1.5691596,1.4557475,1750,1737,train
1140,0.99518824,1.0086273,1.0099436,1.0087782,1.008086334274096,1.569157,1.4645597,1750,1737,train
1141,0.99463445,1.0047256,1.0098106,1.0060596,1.0079366727853534,1.5691543,1.4761267,1750,1737,train
1142,0.9945756,1.0047827,1.0097202,1.0060534,1.0078759941769087,1.5691516,1.4672735,1750,1737,train
1143,0.9945939,1.0013622,1.0096503,1.0036205,1.0076464806200318,1.5691489,1.451995,1750,1737,train
1144,0.99466723,1.005744,1.0095788,1.0066755,1.0074250447136688,1.5691462,1.4639581,1750,1737,train
1145,0.9946429,1.0064346,1.0094509,1.0071836,1.0074387380481442,1.5691434,1.4895799,1750,1737,train
1146,0.99461883,1.006228,1.0093786,1.0069591,1.0073034007264652,1.5691407,1.4643629,1750,1737,train
1147,0.99407333,1.0038861,1.0093186,1.0052755,1.0071565237165838,1.5691379,1.4478917,1750,1737,train
1148,0.99409676,1.0072585,1.0092274,1.0076427,1.006955637834922,1.5691352,1.46766,1750,1737,train
1149,0.99413383,1.0130347,1.0090977,1.0116696,1.0067652238476548,1.5691324,1.4874249,1750,1737,train
1150,0.994037,1.0115466,1.0090214,1.0106056,1.0065931377195971,1.5691297,1.4834303,1750,1737,train
1151,0.9935189,0.9996843,1.0089505,1.0023048,1.0063465581792972,1.5691268,1.4675282,1750,1737,train
1152,0.9936163,1.0030323,1.0088605,1.0046916,1.0061108932648504,1.5691241,1.5020696,1750,1737,train
1153,0.99354637,1.0050955,1.0087807,1.0060594,1.0058779264079973,1.5691212,1.4838115,1750,1737,train
1154,0.9935318,1.008527,1.0086827,1.0084543,1.005767511706896,1.5691185,1.4989141,1750,1737,train
1155,0.99358404,1.0026616,1.0086085,1.0042691,1.0056032511884747,1.5691156,1.4621766,1750,1737,train
1156,0.9935042,1.0026585,1.0084995,1.0043175,1.005574590857545,1.5691128,1.4949111,1750,1737,train
1157,0.9929438,1.00325,1.008393,1.0047342,1.0055064897785015,1.56911,1.5088837,1750,1737,train
1158,0.9929704,1.0058627,1.0082701,1.0065482,1.0054395271132062,1.5691072,1.5217714,1750,1737,train
1159,0.99299884,1.0018786,1.0082396,1.0037146,1.0054659313538554,1.5691043,1.4984161,1750,1737,train
1160,0.9930034,0.9987854,1.008154,1.0015205,1.0055238849409252,1.5691015,1.4896219,1750,1737,train
1161,0.9928936,1.0067971,1.0080591,1.0070686,1.0053906423426648,1.5690986,1.4921331,1750,1737,train
1162,0.9924903,1.0089301,1.007964,1.0084984,1.0052716573984681,1.5690956,1.481102,1750,1737,train
1163,0.9924938,1.0089152,1.0078791,1.008486,1.005074409915335,1.5690928,1.4896547,1750,1737,train
1164,0.9924208,1.0060511,1.0077888,1.0064623,1.0048784705049976,1.5690899,1.4857879,1750,1737,train
1165,0.99238175,1.0049173,1.007697,1.0056485,1.0047357063411635,1.5690869,1.4852431,1750,1737,train
1166,0.9923779,1.0020155,1.0076143,1.0035903,1.0045674401162767,1.569084,1.4772465,1750,1737,train
1167,0.991841,1.0008552,1.0075195,1.0028276,1.004308893892839,1.5690811,1.5055349,1750,1737,train
1168,0.99192077,1.003147,1.0074276,1.0044045,1.0042129136440674,1.5690781,1.5091553,1750,1737,train
1169,0.9919061,1.0010866,1.0073406,1.0029088,1.0041037369169519,1.5690751,1.4925667,1750,1737,train
1170,0.9918384,0.9956424,1.0072501,0.9990556,1.0039979376126633,1.5690722,1.473969,1750,1737,train
1171,0.9919099,1.0017029,1.007157,1.0032969,1.0039426258766926,1.5690693,1.4962072,1750,1737,train
1172,0.99138194,1.0068605,1.0070654,1.0067871,1.0038829385584698,1.5690662,1.4678714,1750,1737,train
1173,0.9913262,1.00499,1.0069741,1.0054557,1.003707818057299,1.5690632,1.4649638,1750,1737,train
1174,0.9913205,1.0025393,1.0068839,1.0037029,1.003559740014298,1.5690602,1.4544408,1750,1737,train
1175,0.9913232,1.0034024,1.0067928,1.0042787,1.003540969620741,1.5690572,1.4546137,1750,1737,train
1176,0.99137247,1.0037001,1.0067004,1.0045178,1.0035435987216923,1.5690541,1.4779575,1750,1737,train
1177,0.9908834,1.0041126,1.00661,1.0047196,1.0032017851807749,1.5690511,1.4531429,1750,1737,train
1178,0.99138886,1.0032644,1.0065188,1.0041325,1.0031005007329041,1.569048,1.4641176,1750,1737,train
1179,0.9907677,0.9997804,1.0064269,1.001666,1.0030514586754409,1.5690451,1.4556178,1750,1737,train
1180,0.990784,1.0008531,1.0063349,1.0023925,1.0030753608278862,1.569042,1.4579779,1750,1737,train
1181,0.9907408,1.0014007,1.0062428,1.0027466,1.002961647586383,1.5690389,1.4572114,1750,1737,train
1182,0.9907814,1.000238,1.0061501,1.0019097,1.0028853048843116,1.5690358,1.4556167,1750,1737,train
1183,0.9902975,0.9997589,1.0060627,1.00161,1.00288637712258,1.5690327,1.4788055,1750,1737,train
1184,0.99030364,0.9970425,1.0059675,0.9996629,1.0028713771261413,1.5690296,1.4649789,1750,1737,train
1185,0.9901793,0.9961708,1.0058811,0.99903834,1.0027610830478624,1.5690265,1.466811,1750,1737,train
1186,0.9902461,0.9999745,1.0057796,1.001663,1.0025872112362557,1.5690233,1.4702287,1750,1737,train
1187,0.9902749,1.0012453,1.0056876,1.0025425,1.0024974650846554,1.5690202,1.4788752,1750,1737,train
1188,0.98963827,1.0051701,1.0055997,1.0052623,1.002491615144408,1.5690169,1.4853535,1750,1737,train
1189,0.98959494,1.0035357,1.0055107,1.0040928,1.0024957901953522,1.5690138,1.4813128,1750,1737,train
1190,0.9897253,1.0022861,1.0054141,1.003158,1.0024762552992206,1.5690106,1.4647338,1750,1737,train
1191,0.98970526,1.0060093,1.0053235,1.0058022,1.0024393481758098,1.5690074,1.4980063,1750,1737,train
1192,0.9897012,1.0078205,1.0052403,1.0070403,1.002307371891047,1.5690042,1.4987482,1750,1737,train
1193,0.9896489,1.0003902,1.0051364,1.0017573,1.002194688472375,1.569001,1.4611552,1750,1737,train
1194,0.9890974,0.99642533,1.0050372,0.9990094,1.0021500434512711,1.5689977,1.4751422,1750,1737,train
1195,0.98915035,0.9995932,1.004995,1.001233,1.0021407911495346,1.5689945,1.488811,1750,1737,train
1196,0.98910946,0.99767005,1.0048705,0.9997797,1.0019955836799428,1.5689913,1.4546571,1750,1737,train
1197,0.98915267,0.9970316,1.004757,0.9993527,1.0018765279335446,1.568988,1.4739311,1750,1737,train
1198,0.9886359,0.9997658,1.0046655,1.0012429,1.0018453009792772,1.5689847,1.4798869,1750,1737,train
1199,0.98858154,1.0021322,1.0045733,1.0027926,1.001792668344439,1.5689814,1.4511552,1750,1737,train
1200,0.9883161,1.0030884,1.0044888,1.0034132,1.00165661572517,1.5689782,1.4424827,1750,1737,train
1201,0.9883815,1.0024525,1.0043874,1.002968,1.001651974605299,1.5689749,1.4522445,1750,1737,train
1202,0.9880967,1.0084903,1.00431,1.0071888,1.0016661667535216,1.5689715,1.4710448,1750,1737,train
1203,0.9880572,1.0003852,1.004214,1.0015277,1.0015945822299346,1.5689682,1.469808,1750,1737,train
1204,0.9880246,0.9997446,1.0040966,1.0010121,1.0015421790423995,1.5689648,1.453886,1750,1737,train
1205,0.9880561,1.0000336,1.0040021,1.0011969,1.0014871433976162,1.5689615,1.4576559,1750,1737,train
1206,0.9876006,1.0010678,1.0039145,1.0019006,1.0013875407555044,1.568958,1.4611521,1750,1737,train
1207,0.9874709,0.99902916,1.0038182,1.0004518,1.0014109579662662,1.5689547,1.4585996,1750,1737,train
1208,0.9875055,0.99511147,1.003714,0.997677,1.0012954672213437,1.5689514,1.4487602,1750,1737,train
1209,0.9875371,0.99787843,1.0036305,0.99966097,1.0012141951939533,1.5689479,1.482841,1750,1737,train
1210,0.9875139,0.99817055,1.0035576,0.99984574,1.0009821187521075,1.5689445,1.4833653,1750,1737,train
1211,0.9874265,0.99719006,1.0034364,0.9990766,1.0007940862828746,1.568941,1.4607593,1750,1737,train
1212,0.9869308,1.0008167,1.0033472,1.0015616,1.000667154687695,1.5689375,1.4560504,1750,1737,train
1213,0.986977,1.0063971,1.00327,1.0055145,1.000449603311442,1.5689341,1.4952464,1750,1737,train
1214,0.9868891,1.0005156,1.0031594,1.0013392,1.000318654372115,1.5689306,1.4713254,1750,1737,train
1215,0.9868742,0.9998707,1.0030686,1.0008327,1.000171561342818,1.5689272,1.4573742,1750,1737,train
1216,0.9869303,1.0001788,1.0029641,1.0010597,1.0000713020627057,1.5689237,1.4741063,1750,1737,train
1217,0.9863907,1.002317,1.0029284,1.0026011,1.0001785538726082,1.5689201,1.5008014,1750,1737,train
1218,0.9863703,1.0005391,1.0028247,1.001322,1.0003079692057157,1.5689167,1.4943784,1750,1737,train
1219,0.98633015,0.9919387,1.00269,0.99522895,1.000386207900904,1.5689131,1.4617159,1750,1737,train
1220,0.9863532,0.99548244,1.0025923,0.9976484,1.000305915365394,1.5689095,1.4545934,1750,1737,train
1221,0.98636466,0.9950076,1.0025059,0.99730486,1.0002906393074689,1.568906,1.4585571,1750,1737,train
1222,0.9860776,0.9986406,1.0023838,0.99983,1.0001715355063532,1.5689024,1.4720116,1750,1737,train
1223,0.98557216,0.9997582,1.0023152,1.0006225,1.0000325234109624,1.5688988,1.4860212,1750,1737,train
1224,0.98556125,0.99979156,1.002216,1.0006299,0.9998832970608331,1.5688952,1.4904814,1750,1737,train
1225,0.98560476,1.0021546,1.002098,1.0022064,0.9999147737675945,1.5688915,1.4765003,1750,1737,train
1226,0.98505646,0.9968069,1.0020041,0.9985259,0.9999897022144942,1.568888,1.5015466,1750,1737,train
1227,0.9850075,0.99614793,1.00189,0.9980378,0.9999077720113633,1.5688843,1.5017738,1750,1737,train
1228,0.9853455,1.0010734,1.001839,1.0014327,0.9999274074991928,1.5688807,1.4958068,1750,1737,train
1229,0.9851433,1.0001612,1.0017332,1.000735,0.9997566912681061,1.568877,1.4812924,1750,1737,train
1230,0.98528534,0.9967368,1.0016153,0.9983197,0.9996204721624757,1.5688733,1.4797314,1750,1737,train
1231,0.9852588,0.99963695,1.0015317,1.000334,0.9995146313311023,1.5688696,1.4883875,1750,1737,train
1232,0.9846103,0.9937848,1.0013946,0.9962154,0.9995806211604076,1.5688658,1.4824384,1750,1737,train
1233,0.9845964,0.9987902,1.0013206,0.9997201,0.999604302461504,1.5688621,1.501166,1750,1737,train
1234,0.98472065,0.9963526,1.00119,0.99797606,0.9993831593549083,1.5688584,1.4950529,1750,1737,train
1235,0.9847102,1.0002861,1.0011216,1.0007612,0.9992128702632157,1.5688546,1.5236192,1750,1737,train
1236,0.9846262,0.9964574,1.0010091,0.9980131,0.9990626802360338,1.5688508,1.500246,1750,1737,train
1237,0.98409164,0.99632263,1.0009273,0.9978558,0.99887700582316,1.5688471,1.4831761,1750,1737,train
1238,0.98414093,1.0019923,1.0008308,1.0018382,0.9987092516441461,1.5688432,1.5110371,1750,1737,train
1239,0.9841415,1.0029858,1.0007108,1.0024669,0.9985012064101627,1.5688394,1.4989485,1750,1737,train
1240,0.984039,1.0035791,1.0006536,1.0029702,0.9983427492880095,1.5688355,1.5424864,1750,1737,train
1241,0.9841028,1.0012053,1.0005425,1.0012598,0.9981011263068255,1.5688317,1.5298077,1750,1737,train
1242,0.9835848,0.99562365,1.0004493,0.99731493,0.9979541246090333,1.5688279,1.5131109,1750,1737,train
1243,0.9834853,0.99719536,1.0003679,0.9984075,0.99792693199776,1.5688239,1.5221334,1750,1737,train
1244,0.98356783,0.992307,1.0002058,0.994897,0.99785681963964,1.56882,1.4936705,1750,1737,train
1245,0.983546,0.99483156,1.0001525,0.9966532,0.9979159967588983,1.5688162,1.5001544,1750,1737,train
1246,0.9835431,0.9937294,1.0000695,0.99587154,0.9978004209427878,1.5688123,1.5028853,1750,1737,train
1247,0.9835569,0.9958455,0.9999651,0.99731266,0.9977220859748047,1.5688083,1.5021999,1750,1737,train
1248,0.9829823,0.99520403,0.99981284,0.99687046,0.9976731271200197,1.5688043,1.5204213,1750,1737,train
1249,0.98302555,0.99770945,0.99981105,0.9987166,0.997650270509377,1.5688003,1.5635719,1750,1737,train
1250,0.98298633,0.990884,0.9996151,0.99381274,0.9976593995826385,1.5687963,1.5195547,1750,1737,train
1251,0.98302245,0.9886884,0.99952185,0.99228,0.9975471632656311,1.5687923,1.5270612,1750,1737,train
1252,0.98246145,0.99535674,0.9994416,0.9968672,0.9973479250408257,1.5687883,1.5163721,1750,1737,train
1253,0.9824388,0.9974995,0.99934256,0.99838054,0.9972414627018618,1.5687842,1.5371089,1750,1737,train
1254,0.982431,1.0000128,0.99925995,1.0001465,0.9970879144243266,1.5687802,1.5541196,1750,1737,train
1255,0.98251677,0.99830616,0.99913096,0.9988997,0.996905225471198,1.5687761,1.5434004,1750,1737,train
1256,0.9824705,0.9974807,0.9990306,0.99829555,0.9967836345380554,1.5687721,1.5419452,1750,1737,train
1257,0.98183775,0.98984295,0.9989089,0.9929462,0.9967391607110393,1.5687679,1.5385652,1750,1737,train
1258,0.9818568,0.98864883,0.998804,0.99208564,0.9965730189099632,1.5687639,1.5375401,1750,1737,train
1259,0.9818946,0.99536693,0.99872136,0.9967847,0.9965204569733701,1.5687597,1.5587559,1750,1737,train
1260,0.9819019,0.9950505,0.9987482,0.9965989,0.9964680361767525,1.5687555,1.5698075,1750,1737,train
1261,0.98187655,0.9939551,0.99863064,0.99579436,0.9961876305219394,1.5687513,1.5650327,1750,1737,train
1262,0.98189694,0.9941631,0.9984318,0.9958158,0.9958572143560299,1.5687472,1.5364227,1750,1737,train
1263,0.9813372,0.9969293,0.9983158,0.9976578,0.9956416394362616,1.568743,1.5161688,1750,1737,train
1264,0.9812434,0.99851286,0.99823713,0.9987456,0.9954924329282457,1.5687387,1.5195717,1750,1737,train
1265,0.9813203,0.997583,0.9981154,0.9980582,0.9955562395431937,1.5687345,1.5160698,1750,1737,train
1266,0.9813408,1.0019516,0.99803483,1.0011106,0.9957453772709308,1.5687302,1.5316422,1750,1737,train
1267,0.9807511,0.99886024,0.9979563,0.9989307,0.9958512448325213,1.568726,1.5273386,1750,1737,train
1268,0.9807962,0.99607843,0.99784684,0.99699944,0.9958492357824256,1.5687217,1.5402081,1750,1737,train
1269,0.9807545,0.9971811,0.997749,0.9977082,0.9957873808297586,1.5687174,1.5273745,1750,1737,train
1270,0.9807492,0.9899468,0.9976418,0.99257326,0.9957340282233565,1.568713,1.4953918,1750,1737,train
1271,0.9807197,0.9932368,0.9975494,0.9948718,0.9957184451520306,1.5687087,1.5103607,1750,1737,train
1272,0.9801801,0.9895255,0.99750817,0.9922972,0.9954726706760835,1.5687042,1.5169159,1750,1737,train
1273,0.98025733,0.99043876,0.9974576,0.9929184,0.9953193881602809,1.5686998,1.5169206,1750,1737,train
1274,0.9802741,0.98962563,0.997285,0.99229515,0.9951470915103303,1.5686955,1.512106,1750,1737,train
1275,0.98022616,0.987273,0.99715674,0.9906032,0.9951180375678719,1.568691,1.5029948,1750,1737,train
1276,0.97972196,0.99551815,0.9970025,0.9962977,0.9949498264883186,1.5686866,1.5050117,1750,1737,train
1277,0.97969633,0.9950531,0.99690557,0.99593204,0.9946638646623828,1.5686822,1.4982665,1750,1737,train
1278,0.97942823,0.98919827,0.99682295,0.99184656,0.9946209546145052,1.5686777,1.5007799,1750,1737,train
1279,0.97975206,0.99634427,0.996698,0.99679756,0.9946804972109925,1.5686731,1.5079885,1750,1737,train
1280,0.9797479,0.99778944,0.99664366,0.9979441,0.9946857821525622,1.5686687,1.5722187,1750,1737,train
1281,0.9791674,0.9918037,0.9965373,0.9937338,0.9946683200140618,1.5686642,1.5633813,1750,1737,train
1282,0.97914594,0.99071944,0.9964007,0.9929147,0.9947178667635166,1.5686595,1.5515578,1750,1737,train
1283,0.9791451,0.9900864,0.99629796,0.9924177,0.9945514383757371,1.568655,1.5394933,1750,1737,train
1284,0.9790853,0.98868513,0.99619496,0.9913969,0.9942785021729277,1.5686504,1.5316375,1750,1737,train
1285,0.97908485,0.9851174,0.99608576,0.9888573,0.9940520082922022,1.5686458,1.5192533,1750,1737,train
1286,0.97854954,1.0003759,0.99597704,0.9995419,0.9939707363120646,1.5686412,1.563601,1750,1737,train
1287,0.9785596,1.0007493,0.99592495,0.9997431,0.9939111262372706,1.5686365,1.545412,1750,1737,train
1288,0.9784883,0.9958376,0.99575853,0.9963411,0.9936245264827316,1.5686319,1.568476,1750,1737,train
1289,0.9786143,0.99973524,0.9956248,0.9990373,0.9935565320612917,1.5686271,1.5780053,1750,1737,train
1290,0.97800916,0.9920586,0.99555314,0.9936193,0.9933920089511237,1.5686225,1.5520182,1750,1737,train
1291,0.97796685,0.9875154,0.995463,0.9903772,0.9932589752276603,1.5686177,1.5274196,1750,1737,train
1292,0.9780275,0.98954076,0.99534965,0.99178576,0.9933095069098145,1.5686129,1.5401499,1750,1737,train
1293,0.9780536,0.9890687,0.9952538,0.99141425,0.9933118971696115,1.5686082,1.5329064,1750,1737,train
1294,0.9779844,0.993418,0.9951719,0.99448353,0.9933571185084562,1.5686034,1.5608536,1750,1737,train
1295,0.9775205,0.98748523,0.9950756,0.9903216,0.9934852191925326,1.5685985,1.555738,1750,1737,train
1296,0.9775765,0.98688716,0.99494755,0.9898448,0.9934323930332973,1.5685937,1.5448185,1750,1737,train
1297,0.97717696,0.9967446,0.994804,0.9966749,0.9934868718635831,1.5685889,1.5517937,1750,1737,train
1298,0.9772323,0.9949995,0.9946867,0.99540037,0.9933445240466103,1.568584,1.5394275,1750,1737,train
1299,0.9769261,0.9959385,0.9946228,0.99607265,0.9930899273325924,1.5685791,1.5545185,1750,1737,train
1300,0.9766402,0.9922512,0.99454725,0.99349475,0.9929290075917994,1.5685741,1.5566108,1750,1737,train
1301,0.97666746,0.9918546,0.99442685,0.9931907,0.9927329996568443,1.5685692,1.5581995,1750,1737,train
1302,0.9764391,0.9945671,0.9943211,0.99506116,0.9925848863767774,1.5685642,1.5637357,1750,1737,train
1303,0.9763838,0.9886691,0.9942092,0.990883,0.9925979681685968,1.5685592,1.5438076,1750,1737,train
1304,0.97637945,0.98514444,0.99410236,0.9883824,0.9924692050735816,1.5685542,1.534817,1750,1737,train
1305,0.97641027,0.9902123,0.9939691,0.9919433,0.9924518723442185,1.5685492,1.5651008,1750,1737,train
1306,0.9763862,0.99014395,0.99388564,0.99188,0.9925311121123023,1.568544,1.5678008,1750,1737,train
1307,0.9763734,0.986142,0.9937736,0.98900473,0.9925341924340096,1.568539,1.5418308,1750,1737,train
1308,0.9763932,0.9880026,0.9936402,0.9903036,0.9924660345976384,1.5685339,1.5587128,1750,1737,train
1309,0.9757932,0.99053293,0.9935415,0.9920991,0.9923871882061693,1.5685288,1.5845915,1750,1737,train
1310,0.9758109,0.9949576,0.9934459,0.9951204,0.9922353495622246,1.5685236,1.5729327,1750,1737,train
1311,0.9758251,0.9878873,0.9932891,0.9901775,0.9918268592933274,1.5685184,1.5784525,1750,1737,train
1312,0.97590464,0.98491216,0.9933127,0.98806286,0.9918193406930423,1.5685133,1.556777,1750,1737,train
1313,0.9757651,0.9959453,0.9931389,0.99572086,0.9919029138642047,1.568508,1.5714324,1750,1737,train
1314,0.9752686,0.9886213,0.9930142,0.99053174,0.9918462873239433,1.5685028,1.5447831,1750,1737,train
1315,0.97528464,0.9957958,0.99293816,0.99559045,0.9919247119277319,1.5684975,1.5826533,1750,1737,train
1316,0.9751934,0.9950898,0.9928324,0.99504256,0.991953191460111,1.5684922,1.570776,1750,1737,train
1317,0.97529465,0.99234897,0.9927,0.99309397,0.9918271677850651,1.5684868,1.5674912,1750,1737,train
1318,0.9752542,0.99336904,0.9925953,0.9937848,0.991743064232605,1.5684816,1.571536,1750,1737,train
1319,0.97522724,0.9896329,0.9924494,0.99108374,0.9916392064569034,1.5684762,1.544877,1750,1737,train
1320,0.9747078,0.9868253,0.9923947,0.98913753,0.9913984996461869,1.5684707,1.5530902,1750,1737,train
1321,0.9746566,0.98778206,0.99233246,0.9897888,0.9911531405855467,1.5684654,1.554259,1750,1737,train
1322,0.9746506,0.985022,0.99216187,0.9877161,0.9909263134917842,1.5684599,1.5099092,1750,1737,train
1323,0.9741217,0.9901229,0.99204147,0.991241,0.9909521582191277,1.5684544,1.5146253,1750,1737,train
1324,0.97413784,0.99645764,0.99193966,0.9956945,0.990936680451276,1.5684489,1.5464748,1750,1737,train
1325,0.97408885,0.9912307,0.9918083,0.9919798,0.9910180445338139,1.5684434,1.5274243,1750,1737,train
1326,0.97416997,0.98971695,0.9916818,0.9908607,0.9909875600461291,1.5684378,1.5139296,1750,1737,train
1327,0.97411007,0.99560887,0.99160016,0.9950027,0.9909394942106541,1.5684322,1.5420178,1750,1737,train
1328,0.9735101,0.9880231,0.9914855,0.98966086,0.9910038604563645,1.5684266,1.5262837,1750,1737,train
1329,0.97360885,0.9884153,0.99139035,0.989985,0.9908945034194268,1.568421,1.5578169,1750,1737,train
1330,0.9735766,0.9900096,0.99124587,0.9909969,0.990744861895655,1.5684154,1.5342498,1750,1737,train
1331,0.97353,0.987586,0.99116206,0.9892795,0.9906043541515205,1.5684097,1.5300496,1750,1737,train
1332,0.9730494,0.9850148,0.99111485,0.98747826,0.9904579554004307,1.568404,1.529541,1750,1737,train
1333,0.973065,0.9863532,0.99096894,0.9883684,0.9902554568465137,1.5683982,1.5290802,1750,1737,train
1334,0.9730207,0.9850271,0.9908997,0.98743147,0.9900880731157201,1.5683925,1.530494,1750,1737,train
1335,0.973031,0.9858067,0.9907154,0.9879276,0.9899550209123734,1.5683867,1.5319804,1750,1737,train
1336,0.9730094,0.9936627,0.99061584,0.99338627,0.9898767494035111,1.5683808,1.5420839,1750,1737,train
1337,0.97244304,0.98998135,0.99054015,0.9908427,0.9897130916657323,1.568375,1.556639,1750,1737,train
1338,0.9724634,0.9875049,0.99041295,0.9890153,0.9894750624575606,1.5683692,1.5271826,1750,1737,train
1339,0.9725031,0.9906864,0.9902874,0.991225,0.9894779445039423,1.5683632,1.5402493,1750,1737,train
1340,0.972528,0.9893554,0.9901861,0.99030685,0.9893289053814411,1.5683573,1.5542525,1750,1737,train
1341,0.97202104,0.9845823,0.9900596,0.9869199,0.9893528351929579,1.5683514,1.539855,1750,1737,train
1342,0.97195655,0.9865346,0.9899484,0.9882536,0.989298223015354,1.5683453,1.5424829,1750,1737,train
1343,0.9719094,0.9854635,0.9898392,0.98747665,0.9891746166867434,1.5683393,1.5412204,1750,1737,train
1344,0.9719152,0.98479956,0.98976445,0.9870226,0.9891274797394815,1.5683333,1.552475,1750,1737,train
1345,0.9713876,0.9962149,0.9897324,0.99500966,0.9889770606119667,1.5683272,1.5774782,1750,1737,train
1346,0.97141296,0.9915162,0.98957455,0.9916276,0.9888276236440885,1.5683211,1.5472226,1750,1737,train
1347,0.97136456,0.9896017,0.98944175,0.99021244,0.9886564093809509,1.5683149,1.5272396,1750,1737,train
1348,0.9713899,0.9971488,0.98940694,0.99553,0.9885160318600517,1.5683087,1.5604904,1750,1737,train
1349,0.97134364,0.9881782,0.9892405,0.98910916,0.988405272837462,1.5683025,1.5027323,1750,1737,train
1350,0.97083014,0.9849734,0.98905027,0.98682755,0.9884310237694061,1.5682963,1.5015922,1750,1737,train
1351,0.9708622,0.9868974,0.9889368,0.98815525,0.9885140521525762,1.5682901,1.5100417,1750,1737,train
1352,0.9704857,0.98730224,0.98892176,0.9884852,0.9883950461444444,1.5682838,1.531554,1750,1737,train
1353,0.9705943,0.98479,0.9887241,0.9866259,0.9884500338074141,1.5682775,1.5070186,1750,1737,train
1354,0.9706151,0.98713344,0.98862195,0.9882233,0.9883549843194155,1.568271,1.5053242,1750,1737,train
1355,0.9704982,0.98449653,0.98852205,0.98631555,0.9883410049139664,1.5682647,1.4856923,1750,1737,train
1356,0.96997434,0.9883517,0.98846054,0.98899007,0.9883332827514458,1.5682583,1.4902413,1750,1737,train
1357,0.9700373,0.9886672,0.9883596,0.98919576,0.9882668033631865,1.5682518,1.495747,1750,1737,train
1358,0.96994895,0.9869314,0.98816955,0.9879184,0.9881743263970213,1.5682453,1.4876456,1750,1737,train
1359,0.9696922,0.98621243,0.98806465,0.98740464,0.9881302190152408,1.5682387,1.4934416,1750,1737,train
1360,0.9695121,0.9866564,0.987941,0.9877196,0.9880068206379728,1.5682322,1.5095924,1750,1737,train
1361,0.96967334,0.9889144,0.98782265,0.9892533,0.9879108637509709,1.5682256,1.5078822,1750,1737,train
1362,0.9694598,0.98629826,0.98770964,0.9873955,0.9879178726720723,1.5682191,1.5042515,1750,1737,train
1363,0.9691667,0.98588675,0.98761666,0.9871148,0.9878218982704934,1.5682124,1.516612,1750,1737,train
1364,0.969144,0.9849089,0.98752797,0.9863782,0.9876685721214823,1.5682057,1.5030963,1750,1737,train
1365,0.9691915,0.9849439,0.98736393,0.9863366,0.9876324923036288,1.5681989,1.4941205,1750,1737,train
1366,0.9688891,0.98368144,0.987326,0.98546946,0.9875874588188485,1.5681921,1.502586,1750,1737,train
1367,0.9685773,0.98772556,0.9872489,0.9882171,0.987512916082814,1.5681853,1.485009,1750,1737,train
1368,0.9683809,0.9894459,0.9871447,0.9894369,0.9874892982057365,1.5681785,1.5062304,1750,1737,train
1369,0.968372,0.9878444,0.9870055,0.9882806,0.987392661329765,1.5681716,1.5038815,1750,1737,train
1370,0.96834475,0.9899167,0.98678505,0.98969096,0.9872450440633804,1.5681647,1.5157244,1750,1737,train
1371,0.9683651,0.98738307,0.98674023,0.98783755,0.9874168604766737,1.5681578,1.4829296,1750,1737,train
1372,0.96833605,0.9893532,0.98654556,0.9891864,0.9874907967733512,1.5681509,1.4958241,1750,1737,train
1373,0.9677674,0.98429555,0.98647773,0.9856843,0.987609485174011,1.5681438,1.508858,1750,1737,train
1374,0.9677381,0.98739475,0.98638093,0.9878477,0.9875770246416156,1.5681368,1.5231798,1750,1737,train
1375,0.96778286,0.98824394,0.986282,0.9883905,0.98745272595191,1.5681297,1.5146,1750,1737,train
1376,0.9672717,0.9808163,0.9861125,0.9831139,0.9872606368269249,1.5681225,1.4869134,1750,1737,train
1377,0.96731806,0.9889894,0.98608255,0.9888565,0.9871064471024802,1.5681154,1.5151114,1750,1737,train
1378,0.96718717,0.98773915,0.9858613,0.98790383,0.987014644060729,1.5681082,1.5051789,1750,1737,train
1379,0.96722484,0.9883894,0.9857476,0.9883275,0.9868100894429097,1.5681009,1.5060909,1750,1737,train
1380,0.9667041,0.9850388,0.98564947,0.98591447,0.9867526240633648,1.5680937,1.482533,1750,1737,train
1381,0.9666277,0.9862334,0.9855604,0.9867286,0.9866138052453065,1.5680863,1.4856317,1750,1737,train
1382,0.966752,0.9867963,0.9854151,0.98709464,0.9864813974887452,1.568079,1.4912246,1750,1737,train
1383,0.96671075,0.9851144,0.985319,0.9858543,0.9863963723884523,1.5680715,1.4726757,1750,1737,train
1384,0.9661197,0.9830283,0.9852575,0.9844514,0.9864112103321896,1.5680641,1.4987568,1750,1737,train
1385,0.9661248,0.98463094,0.9851357,0.98554,0.9862744978266298,1.5680566,1.5016726,1750,1737,train
1386,0.96622545,0.98325354,0.9849669,0.9844144,0.9860907021744625,1.5680491,1.4514692,1750,1737,train
1387,0.96611136,0.9859351,0.98494923,0.98638546,0.9859634144986049,1.5680416,1.4971229,1750,1737,train
1388,0.9656488,0.98840624,0.98482525,0.9880214,0.9858121107249709,1.5680339,1.4772093,1750,1737,train
1389,0.9655524,0.9892649,0.98473597,0.9886428,0.985696330566279,1.5680263,1.4970665,1750,1737,train
1390,0.96557355,0.987593,0.9845563,0.98736376,0.985512331837905,1.5680186,1.4689748,1750,1737,train
1391,0.96563035,0.9875266,0.98434496,0.987251,0.9853608286400284,1.5680108,1.4649054,1750,1737,train
1392,0.96504164,0.983939,0.9842706,0.9847082,0.9851547968979011,1.568003,1.4531218,1750,1737,train
1393,0.9650425,0.9823974,0.98413837,0.9836231,0.9850331078572061,1.5679952,1.4621495,1750,1737,train
1394,0.964988,0.98402685,0.98404884,0.984716,0.9850007571780517,1.5679873,1.4556277,1750,1737,train
1395,0.96507543,0.9850972,0.9839164,0.9854664,0.9849182055712862,1.5679795,1.4727579,1750,1737,train
1396,0.9645023,0.9812036,0.98381853,0.9826599,0.9848720487895941,1.5679715,1.4427108,1750,1737,train
1397,0.9644717,0.98169154,0.9837098,0.9829139,0.9847746552671585,1.5679635,1.4198141,1750,1737,train
1398,0.9644982,0.97694975,0.9835557,0.9796026,0.9846860220398118,1.5679554,1.4307165,1750,1737,train
1399,0.9645134,0.9809064,0.9834713,0.9823313,0.9845534375065856,1.5679474,1.4309038,1750,1737,train
1400,0.9644137,0.98619646,0.9834335,0.9859638,0.984449466191927,1.5679392,1.4166207,1750,1737,train
1401,0.9639862,0.9864369,0.98327076,0.9861077,0.9844231960438399,1.567931,1.4249684,1750,1737,train
1402,0.9639497,0.98666686,0.9831747,0.98621833,0.9841672327540462,1.5679228,1.4153758,1750,1737,train
1403,0.9639107,0.98434,0.9829767,0.98452395,0.9841610387380251,1.5679145,1.4056753,1750,1737,train
1404,0.9640104,0.9871375,0.9828094,0.9864784,0.9841273842698759,1.5679061,1.4279671,1750,1737,train
1405,0.96334016,0.9820619,0.98274934,0.9829061,0.9841387010195065,1.5678978,1.4166687,1750,1737,train
1406,0.9635563,0.982655,0.98261106,0.9832617,0.9840328268992314,1.5678893,1.408632,1750,1737,train
1407,0.96371984,0.98615474,0.9824201,0.9855878,0.9840381815899406,1.5678809,1.385856,1750,1737,train
1408,0.9635983,0.9846915,0.98230875,0.9844848,0.9840207463666183,1.5678724,1.3630255,1750,1737,train
1409,0.96303564,0.97730726,0.9822625,0.97945243,0.9840278328754186,1.5678638,1.4095361,1750,1737,train
1410,0.963336,0.9832744,0.9821602,0.9834916,0.9839320338126705,1.5678551,1.3760228,1750,1737,train
1411,0.9629772,0.98611945,0.9821147,0.985415,0.9838218495052778,1.5678465,1.358758,1750,1737,train
1412,0.963106,0.9860185,0.9819652,0.98543733,0.9836811838207828,1.5678377,1.4129305,1750,1737,train
1413,0.9625197,0.9854923,0.9818821,0.9847257,0.9835782640962816,1.567829,1.2807609,1750,1737,train
1414,0.96247816,0.982909,0.9817643,0.9831634,0.983587703049162,1.5678202,1.3891045,1750,1737,train
1415,0.9622621,0.98501235,0.9815761,0.98457503,0.9836262493887341,1.5678113,1.3890445,1750,1737,train
1416,0.96244425,0.983342,0.98148704,0.98321307,0.9836280181746928,1.5678023,1.3167906,1750,1737,train
1417,0.9622695,0.9843864,0.9812496,0.9838358,0.9837278422122356,1.5677934,1.3005897,1750,1737,train
1418,0.9622299,0.9843243,0.98112357,0.9836046,0.9836823003672988,1.5677843,1.2376415,1750,1737,train
1419,0.9621529,0.98189014,0.98104155,0.9819116,0.9835503829972901,1.5677751,1.2463541,1750,1737,train
1420,0.96168655,0.98264295,0.980948,0.98252714,0.983442614162423,1.5677661,1.2942076,1750,1737,train
1421,0.9619124,0.9832592,0.98082983,0.98294663,0.9834091305305909,1.5677568,1.3034818,1750,1737,train
1422,0.96168315,0.98392516,0.98067987,0.9831386,0.9833576695443991,1.5677476,1.2092645,1750,1737,train
1423,0.96144027,0.9862481,0.9805449,0.98465455,0.9832041939686269,1.5677382,1.1836209,1750,1737,train
1424,0.9613318,0.983627,0.9804591,0.9829062,0.9829655185666671,1.5677289,1.2232001,1750,1737,train
1425,0.96141696,0.98517317,0.9803673,0.9842129,0.9827406412734262,1.5677195,1.327855,1750,1737,train
1426,0.9612737,0.98340803,0.9802495,0.98248804,0.9826512961506896,1.5677099,1.1376446,1750,1737,train
1427,0.961347,0.98643094,0.98018634,0.98501587,0.9825859677859173,1.5677004,1.3185025,1750,1737,train
1428,0.9608259,0.9830701,0.9800106,0.9823403,0.9825945097988579,1.5676907,1.1993507,1750,1737,train
1429,0.96075755,0.98367715,0.9798392,0.98264575,0.9826166758183591,1.5676811,1.1705245,1750,1737,train
1430,0.96082443,0.9825565,0.9796823,0.98181117,0.9826159580703756,1.5676713,1.165102,1750,1737,train
1431,0.9602167,0.9851953,0.97960997,0.9835789,0.9823786087296664,1.5676615,1.1457204,1750,1737,train
1432,0.9603044,0.98109883,0.9794339,0.9805783,0.9821866547017025,1.5676516,1.1028042,1750,1737,train
1433,0.9603434,0.98212636,0.9793544,0.9816419,0.9820952407419642,1.5676417,1.2539291,1750,1737,train
1434,0.9602306,0.97910804,0.9792813,0.979331,0.9819712697421219,1.5676317,1.1753144,1750,1737,train
1435,0.9599699,0.9818979,0.97916067,0.9808908,0.9816492601141097,1.5676217,1.0336208,1750,1737,train
1436,0.96000254,0.9836774,0.97904,0.98222417,0.981564767757753,1.5676116,1.0859487,1750,1737,train
1437,0.9594667,0.9830201,0.9789946,0.9820209,0.9814226819884447,1.5676014,1.1943808,1750,1737,train
1438,0.95947516,0.98428017,0.97888124,0.9827566,0.9812314418350869,1.5675912,1.1495469,1750,1737,train
1439,0.9591372,0.9820531,0.97861004,0.9809012,0.9811290605545561,1.5675809,1.0540532,1750,1737,train
1440,0.95917743,0.98144674,0.97847044,0.98094964,0.9810579862366842,1.5675706,1.2609946,1750,1737,train
1441,0.95914406,0.9817722,0.97836506,0.9813696,0.9808660382152221,1.5675601,1.3515756,1750,1737,train
1442,0.9591561,0.97729075,0.9782406,0.9780116,0.9807351600362441,1.5675496,1.2664089,1750,1737,train
1443,0.95915383,0.98034066,0.9781121,0.9801611,0.9805073446291841,1.567539,1.292237,1750,1737,train
1444,0.95852214,0.98288566,0.97808826,0.9818231,0.9803546799163547,1.5675284,1.2510006,1750,1737,train
1445,0.9586953,0.9834234,0.97784245,0.98212653,0.9800816809321641,1.5675176,1.2491523,1750,1737,train
1446,0.9585725,0.9809962,0.9777608,0.9804558,0.9798680690382928,1.5675069,1.2649772,1750,1737,train
1447,0.9585643,0.9775401,0.97764015,0.9777636,0.979636775361543,1.5674961,1.1602281,1750,1737,train
1448,0.95803756,0.98147875,0.97756374,0.9807998,0.979440793353508,1.5674851,1.2899926,1750,1737,train
1449,0.9579566,0.97963506,0.9775071,0.9795977,0.9792381093797193,1.5674741,1.3287687,1750,1737,train
1450,0.9581045,0.98199445,0.9773139,0.98105013,0.9790530491016537,1.567463,1.2731875,1750,1737,train
1451,0.957919,0.98060155,0.9772489,0.97994983,0.9789143319675072,1.5674518,1.2264869,1750,1737,train
1452,0.95748025,0.9797403,0.97698843,0.9793911,0.9786378220363107,1.5674406,1.2713451,1750,1737,train
1453,0.95760256,0.976111,0.977003,0.97688746,0.978463162795085,1.5674293,1.2778599,1750,1737,train
1454,0.9574441,0.97214156,0.97675955,0.97400963,0.9782349304673796,1.567418,1.2565001,1750,1737,train
1455,0.9574798,0.97527367,0.9766176,0.97604036,0.9781348547804819,1.5674065,1.2119937,1750,1737,train
1456,0.9568663,0.9810546,0.9765545,0.9803233,0.9778870076441095,1.567395,1.3263475,1750,1737,train
1457,0.9569609,0.9791372,0.9764365,0.97897416,0.9777790615600499,1.5673834,1.3327353,1750,1737,train
1458,0.95693225,0.9773956,0.9763793,0.97777355,0.9776852515689259,1.5673717,1.3432014,1750,1737,train
1459,0.9569214,0.97735673,0.97623885,0.9777075,0.9775122104461749,1.5673599,1.3426409,1750,1737,train
1460,0.9568885,0.9790678,0.9761121,0.97887665,0.9773699632803033,1.5673481,1.3481396,1750,1737,train
1461,0.9563479,0.9723179,0.97596896,0.9739001,0.9770667859375268,1.5673361,1.2482889,1750,1737,train
1462,0.95637476,0.9769554,0.97585917,0.9773062,0.9768849092946262,1.5673242,1.3343254,1750,1737,train
1463,0.95640457,0.9799486,0.975806,0.9793068,0.9767484472057989,1.567312,1.3072515,1750,1737,train
1464,0.9564124,0.9747922,0.9756223,0.97572386,0.9766287480265248,1.5672998,1.3283211,1750,1737,train
1465,0.9558155,0.97006637,0.9754013,0.9724117,0.9764384116323569,1.5672876,1.3418796,1750,1737,train
1466,0.95575875,0.9776003,0.97529733,0.97746587,0.9761806852701397,1.5672752,1.2779908,1750,1737,train
1467,0.955863,0.9723714,0.97528744,0.97377706,0.9760172626216447,1.5672628,1.2574753,1750,1737,train
1468,0.9557809,0.9774924,0.9749979,0.9774202,0.9757678554188515,1.5672503,1.3227395,1750,1737,train
1469,0.9552523,0.9734141,0.97495973,0.97454333,0.9756374497743293,1.5672376,1.3101366,1750,1737,train
1470,0.9552817,0.9765124,0.974826,0.9766296,0.9755118500011877,1.5672249,1.2970235,1750,1737,train
1471,0.9552196,0.97429335,0.97468865,0.9749082,0.9753806728903825,1.5672121,1.2392373,1750,1737,train
1472,0.9547201,0.97499436,0.97467923,0.97566646,0.9753413823966288,1.5671992,1.3507446,1750,1737,train
1473,0.9546531,0.9733086,0.97460544,0.97447574,0.9750682873934581,1.5671862,1.3512384,1750,1737,train
1474,0.9547345,0.97606,0.9743972,0.9763304,0.9749466414364891,1.5671731,1.3502191,1750,1737,train
1475,0.9547093,0.973066,0.974087,0.9741014,0.9747725853660788,1.56716,1.324098,1750,1737,train
1476,0.9540823,0.9726451,0.97401464,0.9737241,0.9747207039098842,1.5671467,1.2975011,1750,1737,train
1477,0.954227,0.97737545,0.9738854,0.9768615,0.9745206494150689,1.5671333,1.2497039,1750,1737,train
1478,0.95413196,0.97673863,0.9737812,0.97653115,0.9744249098327581,1.5671198,1.3069742,1750,1737,train
1479,0.95419174,0.976343,0.97373545,0.9762526,0.9742498101903104,1.5671064,1.3105779,1750,1737,train
1480,0.95355177,0.9705804,0.973645,0.9721903,0.9738972035927682,1.5670927,1.297946,1750,1737,train
1481,0.95366436,0.9766872,0.973467,0.97637385,0.9736697515392627,1.5670788,1.2917767,1750,1737,train
1482,0.953635,0.9730682,0.97336066,0.9736967,0.9735596971270363,1.567065,1.2378871,1750,1737,train
1483,0.95339286,0.9678598,0.9732045,0.9698255,0.9734173294476988,1.567051,1.153387,1750,1737,train
1484,0.95339954,0.97199064,0.9731678,0.9730063,0.9731644369156517,1.567037,1.2829908,1750,1737,train
1485,0.9532664,0.9663556,0.9730619,0.9689442,0.9729659856371369,1.5670228,1.2360888,1750,1737,train
1486,0.9528269,0.9758894,0.97277963,0.9754961,0.9728048885796472,1.5670085,1.2352313,1750,1737,train
1487,0.95315725,0.972325,0.9727932,0.97298187,0.9724890069474355,1.5669941,1.2191937,1750,1737,train
1488,0.9528408,0.9704532,0.9724692,0.97126925,0.9722185439046837,1.5669795,1.0871893,1750,1737,train
1489,0.95248514,0.9705357,0.9724432,0.9714508,0.9721200480372145,1.566965,1.1406144,1750,1737,train
1490,0.95261693,0.97159344,0.9722562,0.97205555,0.971939067568759,1.5669502,1.1077702,1750,1737,train
1491,0.95260596,0.9751126,0.9721284,0.97465914,0.9716128238035882,1.5669353,1.18543,1750,1737,train
1492,0.952467,0.97186893,0.9720608,0.9722731,0.9714139521995286,1.5669204,1.1396981,1750,1737,train
1493,0.9520045,0.97162694,0.9719008,0.97170925,0.9711919468270761,1.5669053,0.9960766,1750,1737,train
1494,0.9519524,0.96811444,0.97175777,0.96935475,0.9709798579885558,1.5668901,1.0476418,1750,1737,train
1495,0.9519139,0.9704079,0.9716377,0.9707416,0.9706562293820686,1.5668747,0.9760343,1750,1737,train
1496,0.9520057,0.97206837,0.9714955,0.9716205,0.9704502865710058,1.5668594,0.8793129,1750,1737,train
1497,0.9519347,0.9651267,0.9713949,0.9667839,0.970240822594188,1.5668437,0.8867085,1750,1737,train
1498,0.9513575,0.97214526,0.9712194,0.9716365,0.97006584710907,1.5668281,0.89417255,1750,1737,train
1499,0.95138973,0.96984667,0.9711486,0.9695171,0.969807203034595,1.5668123,0.6901938,1750,1737,train
1500,0.9514772,0.9703846,0.9711176,0.9701884,0.9696060652038607,1.5667963,0.8143414,1750,1737,train
1501,0.95070505,0.9664474,0.97095764,0.9675005,0.9693601303803624,1.5667803,0.852316,1750,1737,train
1502,0.95087045,0.9727189,0.9707128,0.971703,0.9691020385476667,1.5667641,0.81424916,1750,1737,train
1503,0.950769,0.9678113,0.9705744,0.96782845,0.9690086691049233,1.5667478,0.6418662,1750,1737,train
1504,0.9508227,0.9680483,0.9704027,0.9676198,0.9688680839729013,1.5667313,0.50886536,1750,1737,train
1505,0.95028514,0.97108054,0.97041774,0.97013104,0.9687665670630008,1.5667148,0.6706215,1750,1737,train
1506,0.9503476,0.9677987,0.97008455,0.9672063,0.9686017953195546,1.566698,0.44613668,1750,1737,train
1507,0.95024216,0.967382,0.9701692,0.9671946,0.9685138629601519,1.5666811,0.54985,1750,1737,train
1508,0.9497185,0.9673366,0.96990573,0.9669878,0.9683451762031584,1.5666641,0.50738084,1750,1737,train
1509,0.94978374,0.9714195,0.96975267,0.9696624,0.9680488531083145,1.5666469,0.45696887,1750,1737,train
1510,0.9496912,0.9688416,0.9696623,0.96791315,0.9678531723569428,1.5666296,0.48458612,1750,1737,train
1511,0.94923127,0.9694019,0.9695064,0.967998,0.9676170051347441,1.5666122,0.37778628,1750,1737,train
1512,0.9491494,0.9692621,0.96949685,0.9681822,0.9675320364245578,1.5665947,0.4930769,1750,1737,train
1513,0.9492756,0.9720302,0.96928895,0.9700602,0.9673961195111954,1.566577,0.49652037,1750,1737,train
1514,0.94914156,0.96771705,0.9691249,0.9666846,0.9672261496511203,1.5665591,0.3619101,1750,1737,train
1515,0.9491846,0.9664112,0.96902525,0.96587634,0.9669783029670244,1.5665411,0.41337016,1750,1737,train
1516,0.9486349,0.96776074,0.9689232,0.966886,0.9668600832058425,1.5665228,0.45330378,1750,1737,train
1517,0.9486343,0.9685047,0.9688331,0.96738863,0.9667718613462651,1.5665045,0.45708236,1750,1737,train
1518,0.9486471,0.96426743,0.9687332,0.96419334,0.9666512893205637,1.566486,0.36735556,1750,1737,train
1519,0.9486218,0.96925527,0.9684392,0.9672679,0.9665321352695017,1.5664674,0.2390126,1750,1737,train
1520,0.9480694,0.97058815,0.96835434,0.9685112,0.9664052974157182,1.5664486,0.37664753,1750,1737,train
1521,0.94802856,0.9683444,0.96818745,0.9668855,0.9662837502588922,1.5664295,0.36841592,1750,1737,train
1522,0.94813174,0.96652234,0.96795845,0.96535945,0.9662664689135422,1.5664104,0.28837752,1750,1737,train
1523,0.9479876,0.96543866,0.96787965,0.9648009,0.966042582088325,1.5663911,0.37621638,1750,1737,train
1524,0.9475033,0.96756965,0.96789086,0.9664422,0.9660136497866487,1.5663716,0.43953118,1750,1737,train
1525,0.9474895,0.96809083,0.96774757,0.9666554,0.9659104621105871,1.5663519,0.39452752,1750,1737,train
1526,0.94749844,0.96783644,0.967564,0.9662707,0.9658779043603413,1.5663321,0.33018506,1750,1737,train
1527,0.947559,0.9681679,0.96739995,0.9664137,0.9657212801029538,1.5663121,0.3124878,1750,1737,train
1528,0.9469698,0.9654609,0.96717083,0.96420443,0.9657963405578933,1.5662918,0.20507699,1750,1737,train
1529,0.9469802,0.96757835,0.96721065,0.96604097,0.965700126159493,1.5662714,0.34827414,1750,1737,train
1530,0.94698095,0.9668538,0.9668757,0.9651171,0.9656004668707596,1.5662509,0.21435481,1750,1737,train
1531,0.9469113,0.9644515,0.9667666,0.96326435,0.9656033291290314,1.5662302,0.15252267,1750,1737,train
1532,0.94640124,0.966726,0.9667816,0.96497935,0.9655009829370578,1.5662092,0.20476171,1750,1737,train
1533,0.9464393,0.96729034,0.966658,0.9656383,0.9654251246595896,1.5661881,0.32633492,1750,1737,train
1534,0.9463055,0.9684754,0.96651185,0.96623516,0.9653525925464932,1.5661668,0.24994776,1750,1737,train
1535,0.9465075,0.9689147,0.96634114,0.96616375,0.9653055785009874,1.5661452,0.11551567,1750,1737,train
1536,0.94576967,0.96202695,0.966205,0.9633095,0.9651979008491164,1.5661235,0.916813,1750,1737,train
1537,0.9458364,0.963631,0.966143,0.9647229,0.965101206787842,1.5661016,1.044609,1750,1737,train
1538,0.94587547,0.9642737,0.96585333,0.9645119,0.9650890966695944,1.5660794,0.8087028,1750,1737,train
1539,0.94584286,0.96345025,0.965731,0.96412313,0.9650917540560539,1.566057,0.8968055,1750,1737,train
1540,0.9452491,0.967959,0.9656261,0.9672896,0.9650106654301668,1.5660344,0.92064905,1750,1737,train
1541,0.94528306,0.9643809,0.9653963,0.9639424,0.9648698712005848,1.5660117,0.596882,1750,1737,train
1542,0.94524866,0.9669952,0.96533275,0.966242,0.9648082724888921,1.5659887,0.79927254,1750,1737,train
1543,0.9452916,0.96660376,0.9651419,0.9659455,0.9647431889393743,1.5659654,0.8102113,1750,1737,train
1544,0.9452981,0.9665302,0.96497655,0.96607065,0.9646134512735174,1.565942,0.8999201,1750,1737,train
1545,0.94468707,0.9641966,0.9649564,0.9643114,0.9645801094810013,1.5659183,0.84678555,1750,1737,train
1546,0.94470876,0.9662435,0.9647764,0.96576864,0.9645576202714504,1.5658944,0.88003945,1750,1737,train
1547,0.9447401,0.96328646,0.96466637,0.963551,0.9645327709588204,1.5658703,0.82665026,1750,1737,train
1548,0.944145,0.96639663,0.96458673,0.96582747,0.9644815186422139,1.5658458,0.8813509,1750,1737,train
1549,0.9442043,0.96479416,0.9642625,0.9642719,0.9644341650855517,1.5658213,0.7375115,1750,1737,train
1550,0.94421697,0.9661339,0.9641484,0.96511674,0.9643818640139539,1.5657964,0.71455526,1750,1737,train
1551,0.94407517,0.9637861,0.96422255,0.96367913,0.964294239673761,1.5657712,0.7858912,1750,1737,train
1552,0.94372016,0.96631175,0.96384645,0.9653524,0.9642060893521781,1.5657458,0.7929808,1750,1737,train
1553,0.94353646,0.96160454,0.9637729,0.9618529,0.9641499829434135,1.5657202,0.70950055,1750,1737,train
1554,0.94364774,0.96515924,0.9636873,0.96388894,0.964012791327162,1.5656943,0.5415299,1750,1737,train
1555,0.94358945,0.963962,0.96358895,0.96371996,0.9639250635196026,1.5656682,0.82181203,1750,1737,train
1556,0.9430171,0.9622954,0.9634583,0.9628338,0.9638322033861213,1.5656418,0.9470613,1750,1737,train
1557,0.9430607,0.96376556,0.9632987,0.9635459,0.963659078319498,1.565615,0.83829916,1750,1737,train
1558,0.9430894,0.9628063,0.9630488,0.96241,0.9635579230093992,1.565588,0.67515063,1750,1737,train
1559,0.9430422,0.9611753,0.9630376,0.96169794,0.9634239788033518,1.5655608,0.8479216,1750,1737,train
1560,0.94250315,0.9632265,0.9628707,0.9635048,0.9633226029510717,1.5655332,1.0206764,1750,1737,train
1561,0.9424653,0.9639036,0.9626924,0.964188,0.9632100893615574,1.5655054,1.1264538,1750,1737,train
1562,0.94249743,0.9636354,0.96276736,0.9642138,0.9630282291950227,1.5654773,1.2047045,1750,1737,train
1563,0.9419171,0.96070623,0.96246445,0.96165353,0.9629021561664831,1.5654488,1.0250117,1750,1737,train
1564,0.94200516,0.9627518,0.9622563,0.9633157,0.9627624170575155,1.56542,1.1451039,1750,1737,train
1565,0.94188905,0.96249884,0.9621973,0.9631084,0.9626298966516995,1.565391,1.1387763,1750,1737,train
1566,0.9420243,0.9643517,0.96197164,0.9643762,0.9625920346105495,1.5653616,1.1549242,1750,1737,train
1567,0.9413779,0.96208763,0.96200335,0.9627539,0.9624569900886379,1.5653319,1.132099,1750,1737,train
1568,0.9413782,0.9635878,0.96181333,0.9635209,0.962385477113846,1.5653019,1.0403756,1750,1737,train
1569,0.941391,0.9621288,0.9617288,0.9623927,0.9623353548256459,1.5652715,1.0034828,1750,1737,train
1570,0.94149053,0.9616218,0.9614234,0.96192557,0.9623007384719992,1.5652409,0.990229,1750,1737,train
1571,0.9413808,0.962992,0.9614328,0.96305245,0.9621804862854504,1.5652097,1.0599133,1750,1737,train
1572,0.94086397,0.96147317,0.9610652,0.96174455,0.9621410662691525,1.5651784,0.99775374,1750,1737,train
1573,0.94072324,0.96044034,0.9610232,0.9608681,0.9619973966085765,1.5651467,0.9381174,1750,1737,train
1574,0.9408843,0.95866495,0.9610487,0.95954865,0.961933460105213,1.5651146,0.9009836,1750,1737,train
1575,0.9402527,0.9606224,0.96079385,0.96087563,0.9618165484559787,1.5650821,0.9147115,1750,1737,train
1576,0.9403508,0.9619886,0.9606322,0.96229607,0.9617737624952266,1.5650493,1.1234918,1750,1737,train
1577,0.9402704,0.9614874,0.9605459,0.962074,0.9616560338131876,1.565016,1.1844035,1750,1737,train
1578,0.9402593,0.9604582,0.9603931,0.9611754,0.9616137188545517,1.5649824,1.1267245,1750,1737,train
1579,0.9397457,0.9614871,0.9602791,0.96154225,0.9614588742485592,1.5649484,0.99730396,1750,1737,train
1580,0.9397284,0.96100473,0.9601053,0.9615543,0.9613380366339358,1.564914,1.1576388,1750,1737,train
1581,0.9397347,0.9601677,0.959916,0.960696,0.9612761968858605,1.5648792,1.065959,1750,1737,train
1582,0.93974406,0.9608975,0.9597651,0.96117914,0.9611220937689939,1.564844,1.0724955,1750,1737,train
1583,0.939077,0.9591365,0.9596721,0.9600093,0.960981007062313,1.5648084,1.1050278,1750,1737,train
1584,0.9391658,0.9610855,0.9595016,0.9616476,0.9608181735478606,1.5647722,1.238677,1750,1737,train
1585,0.93919176,0.96072763,0.9593245,0.9612889,0.9606448352510852,1.5647358,1.2132971,1750,1737,train
1586,0.93869275,0.96165276,0.9591702,0.96185154,0.9605119089358696,1.5646988,1.1972493,1750,1737,train
1587,0.9385617,0.96080357,0.9591633,0.96135634,0.9603965005376749,1.5646614,1.2368553,1750,1737,train
1588,0.9384336,0.9599783,0.9588665,0.9606467,0.9602908200876054,1.5646236,1.2140663,1750,1737,train
1589,0.9380166,0.96010405,0.95876634,0.9607551,0.9600959274584433,1.5645852,1.2335112,1750,1737,train
1590,0.9381438,0.95910805,0.9587022,0.9598729,0.9599749745943124,1.5645465,1.1634192,1750,1737,train
1591,0.93808883,0.95880085,0.9585954,0.95979476,0.9598133081922405,1.5645071,1.2302496,1750,1737,train
1592,0.9381307,0.9587236,0.9584638,0.9597259,0.9597139734787379,1.5644673,1.2384424,1750,1737,train
1593,0.9380692,0.9588875,0.95834863,0.95979,0.9595793146217887,1.564427,1.2307286,1750,1737,train
1594,0.93756604,0.9577155,0.9580344,0.9588444,0.9594752901180614,1.5643861,1.2119472,1750,1737,train
1595,0.9374433,0.9573901,0.95789707,0.958424,0.9593474108537174,1.5643448,1.1479983,1750,1737,train
1596,0.9375552,0.95866305,0.957744,0.95950854,0.9593075990606486,1.5643029,1.2457137,1750,1737,train
1597,0.93746626,0.95705765,0.9576222,0.95815206,0.9591840310526848,1.5642605,1.161432,1750,1737,train
1598,0.93700033,0.9585951,0.9575218,0.95935875,0.9591182251676144,1.5642174,1.228257,1750,1737,train
1599,0.93695,0.95809346,0.9573132,0.9589435,0.9589247179599835,1.5641739,1.2240312,1750,1737,train
1600,0.93698126,0.9586543,0.9572153,0.95930946,0.9587129329891796,1.5641297,1.2249029,1750,1737,train
1601,0.9363469,0.95626837,0.9571688,0.957609,0.9585147149422399,1.564085,1.2133219,1750,1737,train
1602,0.93647164,0.95778435,0.95704794,0.95860577,0.958361914900176,1.5640397,1.2030663,1750,1737,train
1603,0.9363552,0.95662755,0.9566618,0.9576909,0.958204328853146,1.5639937,1.2003467,1750,1737,train
1604,0.9359047,0.9565788,0.956622,0.9577669,0.9580153744526578,1.5639471,1.2494266,1750,1737,train
1605,0.93586326,0.95765036,0.95638573,0.9583699,0.9578290188789457,1.5638999,1.2172894,1750,1737,train
1606,0.9358386,0.9542225,0.9563359,0.95597076,0.9576662037080188,1.563852,1.2166986,1750,1737,train
1607,0.93587285,0.95725703,0.95608604,0.9578866,0.9574757616458551,1.5638034,1.1646568,1750,1737,train
1608,0.9352845,0.95740336,0.95609844,0.95806015,0.9573251676952402,1.5637542,1.1925275,1750,1737,train
1609,0.93524426,0.95674413,0.9559778,0.9575287,0.9571343868604134,1.5637043,1.1760352,1750,1737,train
1610,0.93532497,0.9556338,0.9557792,0.956771,0.9569917092029013,1.5636536,1.2036419,1750,1737,train
1611,0.93527764,0.95651114,0.9556805,0.9568901,0.9568701534015183,1.5636022,1.0147474,1750,1737,train
1612,0.9347396,0.9560177,0.95540094,0.9569752,0.9567547189170942,1.5635501,1.2193735,1750,1737,train
1613,0.9347789,0.951237,0.9551519,0.9533021,0.9566977992435958,1.5634972,1.1051989,1750,1737,train
1614,0.9346884,0.9565019,0.95508504,0.95718056,0.9566209369365587,1.5634435,1.2003858,1750,1737,train
1615,0.93422735,0.95506984,0.9549173,0.9561629,0.9564936067035057,1.5633891,1.2099385,1750,1737,train
1616,0.9341643,0.95700395,0.9548296,0.9573753,0.956320389970558,1.5633337,1.165426,1750,1737,train
1617,0.9342021,0.9567582,0.95463765,0.9567808,0.9561835909937783,1.5632777,1.014177,1750,1737,train
1618,0.93394476,0.9562134,0.95469916,0.95654625,0.9560201804622436,1.5632207,1.0661743,1750,1737,train
1619,0.93396413,0.9560065,0.9544767,0.95639306,0.9558621471582898,1.5631629,1.0866477,1750,1737,train
1620,0.93359774,0.95576316,0.95419705,0.95617306,0.9557017477461051,1.5631042,1.096533,1750,1737,train
1621,0.93343633,0.9502763,0.95404434,0.9523163,0.9555470211937348,1.5630445,1.0969547,1750,1737,train
1622,0.93306404,0.9560508,0.9539021,0.95599383,0.9553905389106714,1.562984,0.97455597,1750,1737,train
1623,0.93312144,0.951443,0.95377696,0.9524976,0.9552132553234736,1.5629225,0.8701464,1750,1737,train
1624,0.9331303,0.9553518,0.9536511,0.95552593,0.9550564498301094,1.56286,1.0093699,1750,1737,train
1625,0.9330803,0.9537355,0.95346165,0.95441926,0.9548856599927069,1.5627965,1.0372224,1750,1737,train
1626,0.932534,0.95449144,0.95333457,0.9548549,0.9547624252382829,1.562732,1.0143989,1750,1737,train
1627,0.9323074,0.9493171,0.9532279,0.9505086,0.9545707791012711,1.5626664,0.7229954,1750,1737,train
1628,0.93226147,0.9539655,0.95306504,0.95464194,0.9544050305863545,1.5625998,1.1059372,1750,1737,train
1629,0.9319643,0.9545675,0.95308733,0.9548317,0.954229465523018,1.5625321,1.0104547,1750,1737,train
1630,0.932008,0.95495546,0.9526664,0.9551864,0.954056767728097,1.5624632,1.0907944,1750,1737,train
1631,0.9316843,0.9539289,0.9526309,0.9545337,0.9538963496510677,1.5623932,1.1196412,1750,1737,train
1632,0.93197805,0.954035,0.9523772,0.9546636,0.9536708321826919,1.5623219,1.170078,1750,1737,train
1633,0.93139124,0.9530338,0.9522716,0.953786,0.9535069228981642,1.5622495,1.1079991,1750,1737,train
1634,0.93146884,0.95371556,0.95206344,0.953879,0.9533731572859884,1.5621759,0.97577083,1750,1737,train
1635,0.93135524,0.9534608,0.9520234,0.9538932,0.9532127526651982,1.5621009,1.0578866,1750,1737,train
1636,0.93148947,0.95216376,0.95175755,0.9529145,0.9530748605225731,1.5620246,1.0558288,1750,1737,train
1637,0.9311354,0.9530098,0.95170367,0.9534012,0.9529028888285753,1.561947,1.0203246,1750,1737,train
1638,0.93062925,0.9494514,0.9516469,0.9509332,0.9527406302952853,1.561868,1.0295748,1750,1737,train
1639,0.9306032,0.9488827,0.9515382,0.9505958,0.9525552841366078,1.5617876,1.0650421,1750,1737,train
1640,0.9306792,0.9511994,0.95141685,0.9522582,0.9524698858460839,1.5617057,1.0989109,1750,1737,train
1641,0.9300447,0.9527332,0.9510591,0.9529995,0.9522882511832711,1.5616223,1.0055566,1750,1737,train
1642,0.9301553,0.94463575,0.9509233,0.94692373,0.9522162917346013,1.5615374,0.84086215,1750,1737,train
1643,0.9300826,0.9525735,0.9507415,0.9524536,0.9521860388718973,1.5614508,0.8636364,1750,1737,train
1644,0.9301031,0.9522772,0.9506011,0.9524305,0.9520542336016615,1.5613626,0.9532336,1750,1737,train
1645,0.9295565,0.95126736,0.95056665,0.95154095,0.951945666297578,1.5612729,0.8810513,1750,1737,train
1646,0.92953527,0.9505357,0.9503869,0.9506528,0.9518394281514091,1.5611812,0.74679625,1750,1737,train
1647,0.9294998,0.95195633,0.95026267,0.9516572,0.9516141433030222,1.5610878,0.7668066,1750,1737,train
1648,0.92955023,0.95071715,0.9501828,0.95092595,0.9514603019935061,1.5609927,0.8286507,1750,1737,train
1649,0.92898667,0.95158726,0.94996536,0.95137274,0.9512900965851201,1.5608957,0.7879505,1750,1737,train
1650,0.92890537,0.9516883,0.94974613,0.9515661,0.9511408800298153,1.5607966,0.86178756,1750,1737,train
1651,0.9290252,0.95006347,0.94948995,0.9504144,0.951066730421981,1.5606956,0.8810302,1750,1737,train
1652,0.9289327,0.9512795,0.9493313,0.95100707,0.9508751498137615,1.5605927,0.7954875,1750,1737,train
1653,0.9284586,0.951674,0.9492203,0.9511572,0.9506944280380237,1.5604874,0.757133,1750,1737,train
1654,0.92831904,0.9513306,0.9492036,0.950634,0.9505200944952943,1.56038,0.64364505,1750,1737,train
1655,0.928485,0.95123094,0.94894266,0.9505885,0.950464731122846,1.5602704,0.6817385,1750,1737,train
1656,0.92833203,0.9511615,0.9488586,0.95089865,0.9503096926495368,1.5601584,0.8362833,1750,1737,train
1657,0.9281202,0.9509538,0.9487258,0.9507221,0.9502110008666809,1.560044,0.83774626,1750,1737,train
1658,0.9280745,0.9507201,0.94860566,0.95052546,0.9500887156418301,1.5599272,0.8370199,1750,1737,train
1659,0.9275687,0.9503192,0.9484631,0.9498254,0.9500949814523609,1.5598078,0.6817013,1750,1737,train
1660,0.9274933,0.9504468,0.94810057,0.95035505,0.9499293022235066,1.5596857,0.90003896,1750,1737,train
1661,0.9275485,0.9481186,0.94824076,0.94882476,0.9497885575931329,1.5595609,0.92105174,1750,1737,train
1662,0.9268793,0.9499896,0.9478513,0.9500574,0.9495952368435842,1.5594332,0.9354422,1750,1737,train
1663,0.92700726,0.9504039,0.9476658,0.9499558,0.9494707455110836,1.5593026,0.7974702,1750,1737,train
1664,0.92694193,0.9506195,0.947477,0.9508016,0.9491885380203742,1.5591689,1.1004856,1750,1737,train
1665,0.92640585,0.94648474,0.9474937,0.94794357,0.9490134435905823,1.5590322,1.1061755,1750,1737,train
1666,0.9263934,0.9502415,0.94717777,0.95027137,0.9488591303298443,1.5588921,1.0245463,1750,1737,train
1667,0.92589647,0.94689363,0.94703853,0.9479166,0.948782593111068,1.5587487,1.0293087,1750,1737,train
1668,0.9259551,0.9436701,0.94685256,0.9457476,0.9485768774494736,1.5586019,1.0794716,1750,1737,train
1669,0.9258245,0.94911224,0.946736,0.9488894,0.9484408696582329,1.5584513,0.8306135,1750,1737,train
1670,0.92588437,0.94730824,0.94663966,0.9481408,0.9482751336909521,1.5582969,1.0466535,1750,1737,train
1671,0.9252608,0.9478399,0.9465517,0.9479705,0.947978852143444,1.5581387,0.8370322,1750,1737,train
1672,0.9253998,0.9391758,0.94630516,0.9423091,0.9476617936215781,1.5579765,1.0126598,1750,1737,train
1673,0.9252977,0.9492485,0.94627297,0.9490689,0.9475089372339605,1.5578101,0.91541624,1750,1737,train
1674,0.92538863,0.94506866,0.9461007,0.9458945,0.9471810004195719,1.5576392,0.8261504,1750,1737,train
1675,0.92472005,0.94853765,0.9460076,0.9478668,0.9470233918829233,1.5574638,0.6573038,1750,1737,train
1676,0.9248436,0.94200426,0.94577587,0.94392675,0.9468939836296308,1.5572836,0.92815673,1750,1737,train
1677,0.9247361,0.9483685,0.94574773,0.94808507,0.9465959399156024,1.5570985,0.82183456,1750,1737,train
1678,0.9242668,0.9484275,0.9453596,0.9476916,0.9463132435220775,1.5569084,0.68786764,1750,1737,train
1679,0.9242198,0.9478232,0.94528747,0.94765276,0.9459707053072707,1.5567127,0.85048056,1750,1737,train
1680,0.9239924,0.9427293,0.9450885,0.9436693,0.945690484196128,1.5565116,0.6940603,1750,1737,train
1681,0.9241849,0.94832724,0.9448991,0.9473672,0.9453266628501361,1.5563046,0.63472605,1750,1737,train
1682,0.92365843,0.9454904,0.9448613,0.9449271,0.9450250914697212,1.5560915,0.44991377,1750,1737,train
1683,0.92366177,0.9458153,0.9445964,0.94585145,0.9448600916182508,1.5558721,0.76171327,1750,1737,train
1684,0.9237007,0.9382823,0.9445394,0.9401417,0.9447718878969871,1.555646,0.5782517,1750,1737,train
1685,0.9230632,0.94691163,0.94420874,0.9455817,0.9445330875208997,1.5554129,0.38537976,1750,1737,train
1686,0.9231069,0.9456287,0.9443923,0.9448049,0.9443191237653483,1.5551726,0.41239235,1750,1737,train
1687,0.9228539,0.94715655,0.9439291,0.94564176,0.9439078295696995,1.5549246,0.37108144,1750,1737,train
1688,0.9228695,0.9443663,0.94368374,0.9437351,0.9436638450422019,1.5546687,0.4119428,1750,1737,train
1689,0.9228524,0.9479757,0.9435934,0.9465123,0.9434293126335567,1.5544044,0.52937806,1750,1737,train
1690,0.92255443,0.9414874,0.94354796,0.9420445,0.9431512289582873,1.5541312,0.5533904,1750,1737,train
1691,0.9222633,0.9428553,0.94340694,0.942282,0.9427380229560445,1.5538487,0.2793627,1750,1737,train
1692,0.92202634,0.9386494,0.9432652,0.93975574,0.9425260581681976,1.5535567,0.457009,1750,1737,train
1693,0.92230284,0.94186765,0.94302404,0.9421891,0.9422721414296484,1.5532542,0.5617428,1750,1737,train
1694,0.92166,0.9388192,0.9430932,0.9400755,0.9419823933809667,1.5529411,0.55735934,1750,1737,train
1695,0.9217631,0.9396718,0.94292796,0.9405173,0.9416537595261089,1.5526165,0.51394236,1750,1737,train
1696,0.9217339,0.9437752,0.9426857,0.94388175,0.9414445573984936,1.55228,0.7465596,1750,1737,train
1697,0.9211637,0.9436518,0.94235945,0.94372874,0.9411120528018843,1.5519307,0.75482905,1750,1737,train
1698,0.92118347,0.93674606,0.94227016,0.9387674,0.9409346976442899,1.5515679,0.7013062,1750,1737,train
1699,0.9206825,0.94363576,0.9421669,0.94368285,0.9406828108564123,1.551191,0.7616924,1750,1737,train
1700,0.9206183,0.9356941,0.9420482,0.93803346,0.9406104069954356,1.550799,0.7246742,1750,1737,train
1701,0.9206184,0.9337118,0.94174874,0.9363967,0.9403692182928645,1.550391,0.6530298,1750,1737,train
1702,0.920619,0.93897206,0.9417614,0.94032884,0.9400810934025025,1.549966,0.76166606,1750,1737,train
1703,0.9201308,0.9396785,0.94153726,0.94016516,0.9398450387674552,1.549523,0.520617,1750,1737,train
1704,0.9200227,0.94224375,0.9412569,0.94247097,0.9397491475793553,1.5490606,0.7620537,1750,1737,train
1705,0.9201736,0.93891287,0.9411961,0.93997777,0.9395294511190303,1.5485778,0.6975912,1750,1737,train
1706,0.9200399,0.9433797,0.94087255,0.9429804,0.9393752047884665,1.5480729,0.68999326,1750,1737,train
1707,0.92012835,0.9419337,0.9406378,0.9416462,0.9393051274824519,1.5475447,0.58262956,1750,1737,train
1708,0.9194346,0.93421584,0.94079566,0.9367863,0.9391834616050648,1.5469913,0.7723156,1750,1737,train
1709,0.91931987,0.92964184,0.9404956,0.9331724,0.9389527011825811,1.5464109,0.63051534,1750,1737,train
1710,0.91949546,0.9350265,0.94034016,0.93680394,0.9387117470981162,1.5458015,0.6005602,1750,1737,train
1711,0.91906184,0.93452066,0.94019353,0.93609214,0.938617581068167,1.5451609,0.4708175,1750,1737,train
1712,0.9188663,0.9411158,0.94006836,0.94129604,0.93847836863858,1.5444866,0.7332612,1750,1737,train
1713,0.9190079,0.9351828,0.93989766,0.93703336,0.9384657253619217,1.5437759,0.69749975,1750,1737,train
1714,0.91836923,0.9343355,0.93996274,0.93652713,0.9381969414274703,1.5430257,0.7242143,1750,1737,train
1715,0.91843486,0.9380461,0.93948364,0.9391459,0.938024376712552,1.5422326,0.7911291,1750,1737,train
1716,0.9183862,0.9418284,0.939353,0.94154584,0.9377913738369374,1.541393,0.7113184,1750,1737,train
1717,0.91843057,0.93702334,0.9391993,0.9375835,0.9375407015208674,1.5405025,0.47752792,1750,1737,train
1718,0.9178312,0.93582135,0.9391041,0.9368066,0.937290663469286,1.5395565,0.5120117,1750,1737,train
1719,0.91789776,0.9339114,0.93888414,0.9354414,0.9371712569439706,1.5385494,0.52131915,1750,1737,train
1720,0.9178924,0.94036233,0.9387028,0.9399744,0.93688344589166,1.5374753,0.5587312,1750,1737,train
1721,0.91794956,0.93355685,0.93854666,0.93557006,0.9367168621948244,1.5363272,0.70995843,1750,1737,train
1722,0.91724974,0.9407762,0.93853176,0.93997157,0.9363877812004995,1.5350972,0.45951262,1750,1737,train
1723,0.9173805,0.9338767,0.9382814,0.9350467,0.9361865471968764,1.5337762,0.43679008,1750,1737,train
1724,0.9167011,0.9395321,0.9380169,0.93924195,0.9357252635351654,1.5323538,0.57063293,1750,1737,train
1725,0.91686296,0.9264021,0.93806136,0.9298793,0.9355651942267853,1.5308176,0.47477856,1750,1737,train
1726,0.9167288,0.93696934,0.93770134,0.93727165,0.9351889074068602,1.5291537,0.5292711,1750,1737,train
1727,0.91684175,0.93427485,0.93752086,0.9350159,0.9348861966811428,1.5273454,0.39482564,1750,1737,train
1728,0.9167153,0.9379182,0.93731606,0.93763,0.9344593806443082,1.5253731,0.44887248,1750,1737,train
1729,0.91624653,0.93032336,0.9373287,0.93295556,0.9339997252131644,1.5232133,0.6948502,1750,1737,train
1730,0.91611755,0.9375964,0.93725336,0.93764883,0.9336953434472196,1.5208379,0.55398107,1750,1737,train
1731,0.9163149,0.92943054,0.9369565,0.93153155,0.9333881350367412,1.5182133,0.41049382,1750,1737,train
1732,0.9155995,0.9301837,0.93686426,0.93197143,0.9330473904196477,1.5152978,0.38640615,1750,1737,train
1733,0.9156729,0.9294321,0.9368113,0.9310671,0.9327584536524336,1.5120405,0.23790847,1750,1737,train
1734,0.91559994,0.93655807,0.9365679,0.9358083,0.9323777389738414,1.5083776,0.17591275,1750,1737,train
1735,0.915672,0.9286855,0.93632305,0.93007785,0.9318531703380676,1.5042281,0.10096635,1750,1737,train
1736,0.9150278,0.92825586,0.9360957,0.9296264,0.9312325189123098,1.4994888,0.06399856,1750,1737,train
1737,0.9148825,0.92915,0.9359721,0.93002933,0.930675136913103,1.4940244,-0.011360697,1750,1737,train
1738,0.9150493,0.92350835,0.93576014,0.9259976,0.930277123427237,1.487655,-0.030672386,1750,1737,train
1739,0.9151111,0.9330649,0.93555605,0.93246937,0.9299168478062901,1.4801364,-0.0815026,1750,1737,train
1740,0.9147368,0.9325294,0.93552625,0.93249804,0.9296510202886812,1.4711276,0.08419671,1750,1737,train
1741,0.9147625,0.92973787,0.935284,0.93031955,0.9293942246966876,1.4601392,0.015232887,1750,1737,train
1742,0.9144689,0.9310433,0.93521965,0.9309196,0.9290811878824248,1.4464413,-0.1026915,1750,1737,train
1743,0.9142503,0.9264876,0.93495405,0.9277476,0.9285623168696173,1.4288993,-0.074148886,1750,1737,train
1744,0.913671,0.9236192,0.9347812,0.9245969,0.9282191037907416,1.4056476,-0.5225222,1750,1737,train
1745,0.9137092,0.92738837,0.93449426,0.9271337,0.9278742478680416,1.3734008,-0.5266162,1750,1737,train
1746,0.91342175,0.920091,0.93447554,0.9221085,0.9275613130576595,1.3258177,-0.50228226,1750,1737,train
1747,0.9134554,0.9318346,0.93428314,0.93045384,0.9272542090650036,1.2490457,-0.41247222,1750,1737,train
1748,0.91283613,0.9268015,0.93425405,0.92627233,0.9272104155023733,1.1071488,-0.68401015,1750,1737,train
1749,0.91287136,0.9328428,0.9340402,0.9300107,0.9267487175972238,0.7853982,-0.850345,1750,1737,train
1750,0.91294783,0.925034,0.9337683,0.924506,0.926426184891842,-0.0,-0.8484502,1750,1737,train
1751,0.91287905,0.9266134,0.9337388,0.9256062,0.9257130024076479,-0.7853982,-0.84500575,1750,1737,train
1752,0.9123364,0.91985935,0.93357813,0.919829,0.9253168306214652,-1.1071488,-1.2643578,1750,1737,train
1753,0.912322,0.92992467,0.9332838,0.9267828,0.924804492632256,-1.2490457,-1.2541044,1750,1737,train
1754,0.91236,0.93146104,0.9330691,0.927802,0.9245655385874587,-1.3258177,-1.2511309,1750,1737,train
1755,0.9117147,0.927586,0.93294466,0.9250548,0.9243414617561512,-1.3734008,-1.2576647,1750,1737,train
1756,0.911799,0.9238846,0.93280923,0.92245567,0.9241537803804039,-1.4056476,-1.2518597,1750,1737,train
1757,0.9117684,0.9300754,0.93266857,0.9267418,0.9238694019273053,-1.4288993,-1.2462604,1750,1737,train
1758,0.9118111,0.9265712,0.9324695,0.92426527,0.9236755746780094,-1.4464413,-1.2395108,1750,1737,train
1759,0.9112093,0.92361885,0.9323944,0.92221045,0.9235486712036285,-1.4601392,-1.231,1750,1737,train
1760,0.91126984,0.92400306,0.9321779,0.92225146,0.9234120541743168,-1.4711276,-1.2995675,1750,1737,train
1761,0.91117257,0.9332396,0.93208194,0.9286337,0.9232879262142715,-1.4801364,-1.3087294,1750,1737,train
1762,0.9111978,0.9294841,0.9319128,0.9259893,0.9228861369714729,-1.487655,-1.3023971,1750,1737,train
1763,0.91060954,0.9301035,0.93155015,0.92629373,0.9225776382336393,-1.4940244,-1.3143461,1750,1737,train
1764,0.91066664,0.92237955,0.9316807,0.9209671,0.9220749927003238,-1.4994888,-1.3078727,1750,1737,train
1765,0.9103301,0.9155476,0.9312886,0.9161398,0.9219425008135801,-1.5042281,-1.2936833,1750,1737,train
1766,0.91067296,0.91745013,0.9310169,0.9173386,0.9217207759551747,-1.5083776,-1.3152314,1750,1737,train
1767,0.9100734,0.9237222,0.9309567,0.9217348,0.9216331070232171,-1.5120405,-1.2967453,1750,1737,train
1768,0.9101299,0.92952365,0.93069327,0.92564726,0.9214349401213262,-1.5152978,-1.3195033,1750,1737,train
1769,0.9094732,0.9202647,0.9307275,0.9192047,0.9212450464734675,-1.5182133,-1.321691,1750,1737,train
1770,0.9095444,0.91747636,0.9306756,0.91728663,0.9207848750002169,-1.5208379,-1.3065104,1750,1737,train
1771,0.9095041,0.9225896,0.9303856,0.9207282,0.9203934307794738,-1.5232133,-1.3230624,1750,1737,train
1772,0.9089919,0.91621774,0.92997897,0.9161667,0.9198572880082283,-1.5253731,-1.3294821,1750,1737,train
1773,0.9089748,0.908609,0.9299451,0.9108752,0.919550950189545,-1.5273454,-1.3230834,1750,1737,train
1774,0.9090035,0.9215016,0.92975295,0.91986334,0.9192675061559339,-1.5291537,-1.2975669,1750,1737,train
1775,0.9084416,0.9218969,0.9295498,0.9200461,0.9190328618419275,-1.5308176,-1.3130095,1750,1737,train
1776,0.9084301,0.92855334,0.92949057,0.92473376,0.9186340719525387,-1.5323538,-1.2848725,1750,1737,train
1777,0.9084777,0.92509985,0.9292892,0.9222728,0.9181135079917694,-1.5337762,-1.2858971,1750,1737,train
1778,0.90782857,0.92986745,0.9290149,0.92553073,0.9176836320288734,-1.5350972,-1.2808815,1750,1737,train
1779,0.90790546,0.92257804,0.92878985,0.92038804,0.9172935833215027,-1.5363272,-1.2837838,1750,1737,train
1780,0.907814,0.9159028,0.92867243,0.9156795,0.9169226178669332,-1.5374753,-1.2956531,1750,1737,train
1781,0.9074052,0.9217093,0.92841876,0.91967446,0.9164707231093179,-1.5385494,-1.2874705,1750,1737,train
1782,0.90729713,0.9186371,0.9284295,0.917548,0.9160099987043975,-1.5395565,-1.2834897,1750,1737,train
1783,0.90680605,0.9147132,0.9280993,0.9147023,0.9157101117259439,-1.5405025,-1.293586,1750,1737,train
1784,0.9067831,0.9091484,0.9279572,0.9107331,0.9152650848831121,-1.541393,-1.3164299,1750,1737,train
1785,0.9068252,0.9162919,0.9276649,0.9156268,0.9149221755247944,-1.5422326,-1.3172197,1750,1737,train
1786,0.9062111,0.9071183,0.92762244,0.90920556,0.9146580680660871,-1.5430257,-1.3262014,1750,1737,train
1787,0.90621424,0.91921306,0.92745745,0.91764325,0.914640700117209,-1.5437759,-1.3016825,1750,1737,train
1788,0.9062465,0.91561526,0.9271995,0.91502804,0.91451744276786,-1.5444866,-1.3182734,1750,1737,train
1789,0.9056321,0.9189972,0.9271709,0.9174553,0.9144713596559372,-1.5451609,-1.2856952,1750,1737,train
1790,0.90573585,0.9101323,0.92708147,0.91120356,0.9141321849054892,-1.5458015,-1.3080364,1750,1737,train
1791,0.9056817,0.9150662,0.9269066,0.9145863,0.913755955527382,-1.5464109,-1.3104386,1750,1737,train
1792,0.90517634,0.9057227,0.9265038,0.9077927,0.913503572102085,-1.5469913,-1.3833969,1750,1737,train
1793,0.90507156,0.9113988,0.92640436,0.9118071,0.9132196559673934,-1.5475447,-1.3473343,1750,1737,train
1794,0.90521264,0.90602964,0.9261507,0.90793586,0.9131401685664405,-1.5480729,-1.3735068,1750,1737,train
1795,0.90509295,0.913503,0.92604816,0.913189,0.9127770546511267,-1.5485778,-1.3422909,1750,1737,train
1796,0.9045922,0.9136211,0.925804,0.91318893,0.9126459977500196,-1.5490606,-1.349106,1750,1737,train
1797,0.9045565,0.91286105,0.9256673,0.91266817,0.9124132639694827,-1.549523,-1.3306775,1750,1737,train
1798,0.9046089,0.91383344,0.9254546,0.9132354,0.9122040252560726,-1.549966,-1.3521566,1750,1737,train
1799,0.9040258,0.9068672,0.92547786,0.9084063,0.9117612948168852,-1.550391,-1.3458104,1750,1737,train
1800,0.90402335,0.90995747,0.9252187,0.9104399,0.9115068274337005,-1.550799,-1.3656416,1750,1737,train
1801,0.90402126,0.9102312,0.9251858,0.9106386,0.9112660508684441,-1.551191,-1.3587737,1750,1737,train
1802,0.9040331,0.91833633,0.9249755,0.91625094,0.9111624909202048,-1.5515679,-1.3485776,1750,1737,train
1803,0.90405,0.9051629,0.9248228,0.9070536,0.9111162366371459,-1.5519307,-1.3416808,1750,1737,train
1804,0.90396535,0.91255426,0.92465293,0.91211873,0.9111725768445188,-1.55228,-1.3564596,1750,1737,train
1805,0.90349066,0.9145885,0.9244565,0.9134721,0.9111573663869402,-1.5526165,-1.360701,1750,1737,train
1806,0.90338546,0.9163261,0.92417896,0.9146333,0.9111767963373686,-1.5529411,-1.3501897,1750,1737,train
1807,0.9029115,0.91414243,0.924018,0.9130126,0.911184430528731,-1.5532542,-1.3733585,1750,1737,train
1808,0.9028999,0.91345567,0.9238287,0.9125659,0.91126106841481,-1.5535567,-1.3398309,1750,1737,train
1809,0.90287536,0.91890866,0.9237145,0.9163301,0.9111059570156248,-1.5538487,-1.340705,1750,1737,train
1810,0.9029082,0.91233116,0.92342126,0.9116717,0.9109111389499851,-1.5541312,-1.3405118,1750,1737,train
1811,0.90236944,0.90865976,0.92335737,0.9090728,0.9106545701915411,-1.5544044,-1.3507318,1750,1737,train
1812,0.90242803,0.9063924,0.92321074,0.9074429,0.9104090663767638,-1.5546687,-1.3554473,1750,1737,train
1813,0.902276,0.90894383,0.9231912,0.90927804,0.9103432404700197,-1.5549246,-1.3295556,1750,1737,train
1814,0.90237325,0.90696377,0.9228399,0.90779555,0.9101988493757441,-1.5551726,-1.3333051,1750,1737,train
1815,0.9017217,0.91499954,0.9225267,0.9132632,0.9102136141114391,-1.5554129,-1.3512307,1750,1737,train
1816,0.9018087,0.91010666,0.9224049,0.90982246,0.9099487005812193,-1.555646,-1.3515606,1750,1737,train
1817,0.9018039,0.9045833,0.92221606,0.905935,0.9098795982429696,-1.5558721,-1.3476378,1750,1737,train
1818,0.90122604,0.9122644,0.922222,0.91128534,0.9095050441186869,-1.5560915,-1.3477213,1750,1737,train
1819,0.90122867,0.9095834,0.9220654,0.9093909,0.9094439907863212,-1.5563046,-1.3417656,1750,1737,train
1820,0.9012266,0.9159901,0.92180145,0.9137944,0.9092408819952744,-1.5565116,-1.3364675,1750,1737,train
1821,0.9007148,0.90191895,0.92165184,0.90394765,0.9090978805887799,-1.5567127,-1.3396218,1750,1737,train
1822,0.9006267,0.91169244,0.92149353,0.91071403,0.9089187209059315,-1.5569084,-1.3384738,1750,1737,train
1823,0.9007047,0.9041062,0.92126846,0.90534145,0.9086913495466573,-1.5570985,-1.350374,1750,1737,train
1824,0.9006874,0.9060285,0.9210963,0.9066662,0.9086176018452377,-1.5572836,-1.3372089,1750,1737,train
1825,0.9000946,0.90906495,0.9208056,0.9087093,0.9082225831346631,-1.5574638,-1.3344998,1750,1737,train
1826,0.90036297,0.9095089,0.9209231,0.9090782,0.9080091651013583,-1.5576392,-1.3230402,1750,1737,train
1827,0.9000715,0.9118045,0.92044866,0.91050434,0.9076567536915107,-1.5578101,-1.3413639,1750,1737,train
1828,0.8995781,0.9078092,0.9202696,0.9076785,0.9074658907421697,-1.5579765,-1.3395092,1750,1737,train
1829,0.8995292,0.90989345,0.920122,0.9090891,0.9070808719909684,-1.5581387,-1.3399892,1750,1737,train
1830,0.8992164,0.90825886,0.9200684,0.9079673,0.9067564948344418,-1.5582969,-1.327404,1750,1737,train
1831,0.8989201,0.89984375,0.92017186,0.90213454,0.906555544281288,-1.5584513,-1.3275187,1750,1737,train
1832,0.8990314,0.90622264,0.9198121,0.9064652,0.9064187021843301,-1.5586019,-1.3336427,1750,1737,train
1833,0.89902043,0.90015036,0.9197303,0.90223134,0.9061873873963922,-1.5587487,-1.3267175,1750,1737,train
1834,0.8984252,0.90749735,0.919155,0.90716416,0.9059446484802781,-1.5588921,-1.3385766,1750,1737,train
1835,0.8984758,0.90313417,0.9189148,0.90403694,0.9057513515231745,-1.5590322,-1.3484225,1750,1737,train
1836,0.8984219,0.9131343,0.9188751,0.9110402,0.9056050832167333,-1.5591689,-1.3280972,1750,1737,train
1837,0.89796007,0.90331787,0.91878486,0.90416,0.9053948103588885,-1.5593026,-1.3361735,1750,1737,train
1838,0.8978363,0.90628296,0.9185854,0.90618944,0.9051166513951048,-1.5594332,-1.3288081,1750,1737,train
1839,0.8979209,0.9072525,0.91839266,0.9068312,0.9049436055241251,-1.5595609,-1.3213363,1750,1737,train
1840,0.897876,0.90370363,0.91830003,0.9043262,0.9046167614152048,-1.5596857,-1.3248663,1750,1737,train
1841,0.89734095,0.908914,0.9179816,0.9078296,0.9045453573877509,-1.5598078,-1.3409967,1750,1737,train
1842,0.8973209,0.9043787,0.9178103,0.90463865,0.9043291711291881,-1.5599272,-1.3354881,1750,1737,train
1843,0.8973189,0.90931314,0.91753995,0.9080092,0.9040488689120398,-1.560044,-1.3327401,1750,1737,train
1844,0.8967965,0.8987035,0.9173993,0.9005507,0.9039135041392012,-1.5601584,-1.345728,1750,1737,train
1845,0.8967218,0.89787287,0.9172418,0.89994794,0.9036552776469099,-1.5602704,-1.3383725,1750,1737,train
1846,0.8968194,0.9008871,0.91694653,0.9019563,0.9037760310854482,-1.56038,-1.3430451,1750,1737,train
1847,0.8962419,0.90221715,0.9169265,0.90285647,0.903356156638567,-1.5604874,-1.3515303,1750,1737,train
1848,0.89617425,0.9036471,0.91681564,0.90385854,0.9032316793117877,-1.5605927,-1.336866,1750,1737,train
1849,0.8962975,0.89643073,0.91671276,0.8987866,0.903043559505934,-1.5606956,-1.3443823,1750,1737,train
1850,0.89614505,0.9041634,0.91658103,0.9041226,0.9027798538321344,-1.5607966,-1.3500819,1750,1737,train
1851,0.89568466,0.897052,0.9162854,0.89907706,0.9026738476646671,-1.5608957,-1.355558,1750,1737,train
1852,0.89588,0.90320164,0.9160174,0.9032779,0.9024379093362389,-1.5609927,-1.3596478,1750,1737,train
1853,0.89570105,0.9040038,0.91574514,0.9038,0.9024123763813252,-1.5610878,-1.344717,1750,1737,train
1854,0.89562297,0.90003526,0.9159186,0.9010909,0.9023802686219139,-1.5611812,-1.3414185,1750,1737,train
1855,0.89540166,0.90397376,0.91529644,0.9036404,0.9022676260539371,-1.5612729,-1.3521073,1750,1737,train
1856,0.89540774,0.90025693,0.9152392,0.9010394,0.9020528417850766,-1.5613626,-1.3509196,1750,1737,train
1857,0.8950553,0.89908475,0.9152304,0.90026665,0.9016435679302357,-1.5614508,-1.33221,1750,1737,train
1858,0.8945693,0.9021004,0.914986,0.90226865,0.9015218519608619,-1.5615374,-1.345441,1750,1737,train
1859,0.8945719,0.9029048,0.9147371,0.9027554,0.9013172335234504,-1.5616223,-1.3481658,1750,1737,train
1860,0.89452636,0.9079407,0.91445243,0.9061732,0.9011358546317842,-1.5617057,-1.3533623,1750,1737,train
1861,0.89404696,0.90065295,0.9142946,0.90107644,0.900921592823307,-1.5617876,-1.3448074,1750,1737,train
1862,0.8939398,0.90009123,0.9141067,0.9006289,0.9007849402531611,-1.561868,-1.3471495,1750,1737,train
1863,0.89406693,0.9006277,0.91391957,0.9009175,0.9005937152098894,-1.561947,-1.3613396,1750,1737,train
1864,0.8934271,0.8974181,0.91387665,0.8986923,0.9004350512286076,-1.5620246,-1.3524871,1750,1737,train
1865,0.8934299,0.9024901,0.91365373,0.9021556,0.900222807729069,-1.5621009,-1.3562489,1750,1737,train
1866,0.89354694,0.8983275,0.9134791,0.89919,0.900073134548641,-1.5621759,-1.3642306,1750,1737,train
1867,0.89342684,0.90104324,0.91336286,0.9010716,0.8999124569134933,-1.5622495,-1.3554978,1750,1737,train
1868,0.89291245,0.8983347,0.9131602,0.8991176,0.8997484945303521,-1.5623219,-1.3608499,1750,1737,train
1869,0.8928509,0.89864,0.91304266,0.8993476,0.8997141883479414,-1.5623932,-1.3409343,1750,1737,train
1870,0.8928813,0.9029234,0.91249216,0.9021271,0.8993376476915331,-1.5624632,-1.3636469,1750,1737,train
1871,0.89231133,0.8912918,0.9124464,0.8939838,0.8990219276867478,-1.5625321,-1.3758025,1750,1737,train
1872,0.89229596,0.90330654,0.912284,0.9023814,0.8986837444735861,-1.5625998,-1.3459816,1750,1737,train
1873,0.89177895,0.8990709,0.91206443,0.89930785,0.8984467313903425,-1.5626664,-1.372279,1750,1737,train
1874,0.89201117,0.89395446,0.91215193,0.8958398,0.8982293241552908,-1.562732,-1.3430005,1750,1737,train
1875,0.8917962,0.89897287,0.9116949,0.89913356,0.8977986582259769,-1.5627965,-1.3750224,1750,1737,train
1876,0.89150196,0.8938796,0.9117507,0.89560896,0.8976389368572975,-1.56286,-1.371851,1750,1737,train
1877,0.8914828,0.90129334,0.91120064,0.9006355,0.897411867765896,-1.5629225,-1.3674626,1750,1737,train
1878,0.89093876,0.89374715,0.91126597,0.8954134,0.8971119231269113,-1.562984,-1.3608999,1750,1737,train
1879,0.89092404,0.889569,0.91113126,0.89246833,0.8968692354179498,-1.5630445,-1.3603692,1750,1737,train
1880,0.89065623,0.8953784,0.9107579,0.8963329,0.8964589810033161,-1.5631042,-1.3934982,1750,1737,train
1881,0.89038134,0.89951664,0.91057444,0.8991795,0.8962956616021247,-1.5631629,-1.3879329,1750,1737,train
1882,0.89038384,0.9010621,0.9103919,0.9002092,0.8960143937381582,-1.5632207,-1.3869889,1750,1737,train
1883,0.89038736,0.8928657,0.9103435,0.8944841,0.8957200814741644,-1.5632777,-1.3883514,1750,1737,train
1884,0.8897461,0.8894772,0.910071,0.89204466,0.8955188736796279,-1.5633337,-1.3908299,1750,1737,train
1885,0.8895709,0.89439005,0.9097842,0.8954144,0.895333382318587,-1.5633891,-1.3806655,1750,1737,train
1886,0.8895928,0.8909704,0.90965617,0.89298356,0.8952227069280008,-1.5634435,-1.3866217,1750,1737,train
1887,0.8891995,0.8976355,0.9095572,0.89762056,0.8950757860391969,-1.5634972,-1.3779538,1750,1737,train
1888,0.8893566,0.8911214,0.90914166,0.8929642,0.8948454835541129,-1.5635501,-1.3810273,1750,1737,train
1889,0.8892422,0.8918771,0.90917003,0.89347184,0.8945563786372396,-1.5636022,-1.3917618,1750,1737,train
1890,0.88874704,0.89580184,0.9089254,0.8961831,0.8941915544294972,-1.5636536,-1.3741136,1750,1737,train
1891,0.8884829,0.8890947,0.9089922,0.89152235,0.8939144407564016,-1.5637043,-1.3769578,1750,1737,train
1892,0.88837695,0.8950278,0.9083961,0.89549005,0.8937940566914205,-1.5637542,-1.3788673,1750,1737,train
1893,0.88847953,0.89114624,0.9082408,0.892747,0.8935631914096387,-1.5638034,-1.3779432,1750,1737,train
1894,0.8881834,0.8898576,0.9081415,0.8918117,0.8933536309278124,-1.563852,-1.3824079,1750,1737,train
1895,0.88817734,0.8961205,0.907781,0.89608073,0.8932648273002246,-1.5638999,-1.3809341,1750,1737,train
1896,0.8879224,0.8915187,0.90779316,0.892907,0.8932094547215862,-1.5639471,-1.3694384,1750,1737,train
1897,0.8875531,0.8950729,0.90761197,0.8952783,0.8928768601678524,-1.5639937,-1.3920782,1750,1737,train
1898,0.8873713,0.8912841,0.9075254,0.89266604,0.892783336884939,-1.5640397,-1.371731,1750,1737,train
1899,0.88736975,0.8918465,0.9072995,0.8929553,0.89247721830156,-1.564085,-1.388722,1750,1737,train
1900,0.88730234,0.8947878,0.9071146,0.89496833,0.8922657295421739,-1.5641297,-1.383009,1750,1737,train
1901,0.88681984,0.8890397,0.9066887,0.8908375,0.8920908143340402,-1.5641739,-1.3881533,1750,1737,train
1902,0.88675696,0.883743,0.90657437,0.8871484,0.8918168149843955,-1.5642174,-1.3755409,1750,1737,train
1903,0.8868119,0.89247197,0.9062587,0.89312553,0.8917949127474103,-1.5642605,-1.3829075,1750,1737,train
1904,0.88677496,0.8909251,0.90615284,0.89203423,0.89171837784537,-1.5643029,-1.3769726,1750,1737,train
1905,0.88620436,0.89581025,0.906108,0.89542794,0.8913354019394462,-1.5643448,-1.3757055,1750,1737,train
1906,0.8862357,0.88783604,0.9060012,0.889856,0.891097006253637,-1.5643861,-1.3712113,1750,1737,train
1907,0.8862338,0.88979405,0.9058391,0.89117694,0.8909529749784086,-1.564427,-1.3709462,1750,1737,train
1908,0.88566494,0.8891318,0.905491,0.89059055,0.8910620001051353,-1.5644673,-1.3837755,1750,1737,train
1909,0.8857316,0.8871527,0.90531766,0.88918316,0.8909615625416696,-1.5645071,-1.376554,1750,1737,train
1910,0.8856386,0.88698906,0.90524423,0.8890774,0.8906997435629919,-1.5645465,-1.365165,1750,1737,train
1911,0.88514006,0.88924617,0.9048065,0.8905186,0.8905945623559941,-1.5645852,-1.3706224,1750,1737,train
1912,0.88515496,0.8841945,0.90471876,0.886955,0.8904447610908562,-1.5646236,-1.3792378,1750,1737,train
1913,0.8851042,0.8872292,0.9046513,0.8890606,0.8902325351787987,-1.5646614,-1.3752303,1750,1737,train
1914,0.8845427,0.89105445,0.9042851,0.89159703,0.8899851460135784,-1.5646988,-1.387315,1750,1737,train
1915,0.88460374,0.8922205,0.90410054,0.8924016,0.889807958728877,-1.5647358,-1.3702548,1750,1737,train
1916,0.88457,0.89418596,0.90397334,0.89373803,0.8896841460244658,-1.5647722,-1.3695877,1750,1737,train
1917,0.8840598,0.8827259,0.9039842,0.8857729,0.8895177280714484,-1.5648084,-1.3636882,1750,1737,train
1918,0.88396925,0.89095104,0.9039103,0.8914814,0.8894129801332042,-1.564844,-1.3640802,1750,1737,train
1919,0.8840302,0.88818,0.90320337,0.8893025,0.8892013240463574,-1.5648792,-1.3879703,1750,1737,train
1920,0.8835094,0.88225645,0.9034101,0.8852349,0.8888338076525151,-1.564914,-1.3867382,1750,1737,train
1921,0.8834351,0.88465637,0.9031154,0.8868358,0.8886221664624413,-1.5649484,-1.3833396,1750,1737,train
1922,0.8834688,0.8861695,0.90296733,0.8878878,0.8883304740756579,-1.5649824,-1.3679649,1750,1737,train
1923,0.88291925,0.8867742,0.9026487,0.88819903,0.8882632553043966,-1.565016,-1.3778743,1750,1737,train
1924,0.8829245,0.8945019,0.9023963,0.893517,0.8880316064380209,-1.5650493,-1.3766456,1750,1737,train
1925,0.8829461,0.8857125,0.90224636,0.8873572,0.887931341402521,-1.5650821,-1.3755121,1750,1737,train
1926,0.882334,0.8888853,0.90232265,0.8895893,0.8879167452228591,-1.5651146,-1.3748643,1750,1737,train
1927,0.88235706,0.88948387,0.90180576,0.8898968,0.8877426545836719,-1.5651467,-1.3628912,1750,1737,train
1928,0.88239443,0.88510364,0.90160716,0.8867767,0.8874398429219863,-1.5651784,-1.3692181,1750,1737,train
1929,0.8823261,0.88005537,0.9014363,0.88323206,0.8873320066709163,-1.5652097,-1.3619726,1750,1737,train
1930,0.8818044,0.8900793,0.9011332,0.8901141,0.8870806270915779,-1.5652409,-1.369688,1750,1737,train
1931,0.88181597,0.88877875,0.9010644,0.88922405,0.8870186999299271,-1.5652715,-1.3557087,1750,1737,train
1932,0.8817924,0.8896088,0.9007677,0.88968587,0.8868203931368839,-1.5653019,-1.3706392,1750,1737,train
1933,0.88126314,0.87956685,0.90094936,0.88277733,0.8866036678214149,-1.5653319,-1.3552773,1750,1737,train
1934,0.8812652,0.8812741,0.9007665,0.8838866,0.8864410239606823,-1.5653616,-1.3678466,1750,1737,train
1935,0.88120425,0.88482505,0.90050066,0.8862781,0.8862181810369218,-1.565391,-1.3721614,1750,1737,train
1936,0.8807396,0.881505,0.9000386,0.8838381,0.8858098098922591,-1.56542,-1.3733964,1750,1737,train
1937,0.88064486,0.87913656,0.8999728,0.88219535,0.8854628540118834,-1.5654488,-1.363337,1750,1737,train
1938,0.8804122,0.8891145,0.899546,0.88902986,0.8850469824038989,-1.5654773,-1.3638875,1750,1737,train
1939,0.8802033,0.8849596,0.8995074,0.8860929,0.8847477604366366,-1.5655054,-1.3770034,1750,1737,train
1940,0.88011086,0.8818522,0.8993665,0.88389605,0.884571517826624,-1.5655332,-1.374742,1750,1737,train
1941,0.88012356,0.88315195,0.89907086,0.8847275,0.884402868852946,-1.5655608,-1.37252,1750,1737,train
1942,0.8795952,0.8778201,0.8992239,0.88105726,0.8844382229141465,-1.565588,-1.3713353,1750,1737,train
1943,0.879543,0.87969244,0.89874685,0.8822543,0.8841293110682911,-1.565615,-1.3628235,1750,1737,train
1944,0.8795804,0.8806445,0.89856887,0.8828466,0.8840023794555606,-1.5656418,-1.3722085,1750,1737,train
1945,0.87906116,0.8868626,0.8983301,0.88709426,0.883727050765323,-1.5656682,-1.3802414,1750,1737,train
1946,0.8789641,0.8864306,0.8981186,0.88672996,0.8833870536249563,-1.5656943,-1.382874,1750,1737,train
1947,0.8790466,0.88709444,0.89776564,0.88709235,0.8831608461446232,-1.5657202,-1.3849978,1750,1737,train
1948,0.8784795,0.880094,0.89774716,0.88220954,0.882990512678529,-1.5657458,-1.3855295,1750,1737,train
1949,0.8784715,0.8847026,0.89761925,0.88542926,0.8827932442840196,-1.5657712,-1.36776,1750,1737,train
1950,0.87850285,0.87877357,0.89759827,0.88126755,0.8827288641567953,-1.5657964,-1.3782628,1750,1737,train
1951,0.8779262,0.8774368,0.89717066,0.8801793,0.8825282598530432,-1.5658213,-1.3953788,1750,1737,train
1952,0.8779061,0.8789755,0.8968481,0.88114506,0.8823542739502971,-1.5658458,-1.4032943,1750,1737,train
1953,0.8779543,0.87863094,0.8966247,0.8808892,0.882175106871715,-1.5658703,-1.3853078,1750,1737,train
1954,0.8778901,0.876617,0.896448,0.87944126,0.8818706005542175,-1.5658944,-1.3843012,1750,1737,train
1955,0.8773995,0.8821294,0.8962761,0.8831992,0.8816295594112483,-1.5659183,-1.3988795,1750,1737,train
1956,0.8773678,0.8782892,0.89635813,0.88056684,0.881619453528714,-1.565942,-1.3904562,1750,1737,train
1957,0.87733644,0.8769761,0.8960284,0.87954843,0.8815595299493387,-1.5659654,-1.3965659,1750,1737,train
1958,0.87708026,0.8793059,0.8957647,0.88114774,0.8815152971870568,-1.5659887,-1.377382,1750,1737,train
1959,0.8765495,0.8753201,0.89597476,0.87842286,0.8813235998590936,-1.5660117,-1.379293,1750,1737,train
1960,0.8764807,0.87561005,0.89530814,0.8783747,0.8808932422365566,-1.5660344,-1.4081743,1750,1737,train
1961,0.8762161,0.8843227,0.8949499,0.8843918,0.8806262835726758,-1.566057,-1.3903116,1750,1737,train
1962,0.87625974,0.88434345,0.8947357,0.8843422,0.8803144538574381,-1.5660794,-1.3929627,1750,1737,train
1963,0.87619865,0.8830953,0.89473605,0.88344973,0.8801081457784088,-1.5661016,-1.4023366,1750,1737,train
1964,0.8759756,0.8804433,0.89448965,0.8815529,0.8800250104217165,-1.5661235,-1.395484,1750,1737,train
1965,0.87592655,0.878318,0.8944105,0.88005173,0.8799538424367026,-1.5661452,-1.3951962,1750,1737,train
1966,0.87564486,0.8798601,0.8942503,0.8810976,0.8798095747356119,-1.5661668,-1.3892334,1750,1737,train
1967,0.8754074,0.87251085,0.8940867,0.8759146,0.8796719938888389,-1.5661881,-1.3970697,1750,1737,train
1968,0.87506163,0.8773444,0.8941988,0.8793134,0.8795134199200345,-1.5662092,-1.3964968,1750,1737,train
1969,0.8751175,0.8767891,0.89337575,0.8786595,0.879191852464548,-1.5662302,-1.4151571,1750,1737,train
1970,0.8748457,0.88166654,0.89320004,0.8820158,0.878880966874517,-1.5662509,-1.4128287,1750,1737,train
1971,0.8747564,0.8792145,0.89306283,0.8802479,0.8787577930680665,-1.5662714,-1.4221344,1750,1737,train
1972,0.8742487,0.8752856,0.89282525,0.87745506,0.878791840195938,-1.5662918,-1.4188358,1750,1737,train
1973,0.8743048,0.8732415,0.8927436,0.8759898,0.8787972012698217,-1.5663121,-1.4266672,1750,1737,train
1974,0.87422305,0.8744046,0.8924643,0.87674356,0.8786899443269182,-1.5663321,-1.4191337,1750,1737,train
1975,0.87371,0.8762106,0.89216924,0.877918,0.8784792646173187,-1.5663519,-1.4209067,1750,1737,train
1976,0.8737491,0.87439066,0.8925847,0.8767692,0.8781529811152682,-1.5663716,-1.4179349,1750,1737,train
1977,0.87370545,0.87660927,0.89232063,0.8782239,0.8779280140930664,-1.5663911,-1.4260263,1750,1737,train
1978,0.8734629,0.87871116,0.89150465,0.87942654,0.8777478471553101,-1.5664104,-1.4432507,1750,1737,train
1979,0.87347573,0.8815562,0.891433,0.88138574,0.8775534179907722,-1.5664295,-1.4446969,1750,1737,train
1980,0.87285304,0.8731428,0.89143145,0.8755345,0.8772577263306511,-1.5664486,-1.4404409,1750,1737,train
1981,0.87262326,0.8710901,0.89134514,0.8741118,0.8771104937679729,-1.5664674,-1.4280314,1750,1737,train
1982,0.87262636,0.8725896,0.8911358,0.87509143,0.8768696164584596,-1.566486,-1.4315572,1750,1737,train
1983,0.8726035,0.87314034,0.89094317,0.87539643,0.8764741300764141,-1.5665045,-1.4425052,1750,1737,train
1984,0.87263256,0.86991125,0.8908442,0.8731458,0.8762157346581685,-1.5665228,-1.4320812,1750,1737,train
1985,0.87201744,0.8832428,0.8899592,0.88217103,0.8759079116214529,-1.5665411,-1.4420907,1750,1737,train
1986,0.87199205,0.879829,0.8900795,0.8798747,0.875690732822495,-1.5665591,-1.4219193,1750,1737,train
1987,0.8720891,0.8795673,0.889711,0.87959313,0.875629062899527,-1.566577,-1.4220145,1750,1737,train
1988,0.87145525,0.8716,0.8898448,0.8740816,0.8756087644458759,-1.5665947,-1.4207457,1750,1737,train
1989,0.87147665,0.87551636,0.8894576,0.8767406,0.8755310944742334,-1.5666122,-1.4066956,1750,1737,train
1990,0.8714931,0.87147534,0.88922775,0.8738471,0.8752665017025706,-1.5666296,-1.4133391,1750,1737,train
1991,0.87089324,0.8715612,0.8892473,0.8738877,0.8751306758209959,-1.5666469,-1.4232996,1750,1737,train
1992,0.87089646,0.8719771,0.88917744,0.87423545,0.8750243454900721,-1.5666641,-1.3920708,1750,1737,train
1993,0.8709563,0.8667487,0.88895214,0.8704895,0.8747160891062983,-1.5666811,-1.4094734,1750,1737,train
1994,0.87031126,0.8756446,0.8882693,0.87647885,0.8745758771375058,-1.566698,-1.4195558,1750,1737,train
1995,0.8703553,0.8762962,0.8879076,0.8768197,0.8743812127770278,-1.5667148,-1.4260461,1750,1737,train
1996,0.87036926,0.87405396,0.8877975,0.87521607,0.874342772135153,-1.5667313,-1.4308501,1750,1737,train
1997,0.8697185,0.8660455,0.8882321,0.86981946,0.8743098816930008,-1.5667478,-1.4040158,1750,1737,train
1998,0.86978924,0.8682076,0.887717,0.871181,0.8741990706289098,-1.5667641,-1.4065986,1750,1737,train
1999,0.8698355,0.86629945,0.88772476,0.86982006,0.8738815158854492,-1.5667803,-1.420255,1750,1737,train
2000,0.86925507,0.8763215,0.88723993,0.87672484,0.8736442636721345,-1.5667963,-1.3988156,1750,1737,train
2001,0.86925566,0.8773986,0.8868921,0.8773743,0.8734230047408978,-1.5668123,-1.401836,1750,1737,train
2002,0.8687875,0.87099665,0.8867904,0.8728916,0.873226850406059,-1.5668281,-1.399879,1750,1737,train
2003,0.8686559,0.86958015,0.8867626,0.87188405,0.8731265757444948,-1.5668437,-1.4052474,1750,1737,train
2004,0.8687271,0.8694074,0.886351,0.8716769,0.87302685452358,-1.5668594,-1.3955564,1750,1737,train
2005,0.86875975,0.8717465,0.88606966,0.87326336,0.8728206181715562,-1.5668747,-1.3823601,1750,1737,train
2006,0.8681233,0.869731,0.88619685,0.8718921,0.8724962370012442,-1.5668901,-1.3829012,1750,1737,train
2007,0.8679365,0.87054807,0.8860887,0.8724475,0.8722783160151698,-1.5669053,-1.3767087,1750,1737,train
2008,0.86789393,0.8772581,0.8857049,0.8768742,0.8719786318834096,-1.5669204,-1.4356434,1750,1737,train
2009,0.8675916,0.87373036,0.88515735,0.87429714,0.8717534029391006,-1.5669353,-1.4242983,1750,1737,train
2010,0.86765355,0.872377,0.885077,0.8733067,0.8715572346970963,-1.5669502,-1.4348696,1750,1737,train
2011,0.8670163,0.8670245,0.8849362,0.86955273,0.871591867811976,-1.566965,-1.429556,1750,1737,train
2012,0.8670436,0.8675927,0.8850064,0.86999464,0.8715629773452027,-1.5669795,-1.4185281,1750,1737,train
2013,0.86708546,0.86605877,0.88475096,0.8688623,0.871444772634703,-1.5669941,-1.416479,1750,1737,train
2014,0.86651844,0.86818236,0.8845947,0.8702866,0.8712247441102582,-1.5670085,-1.4218593,1750,1737,train
2015,0.86645913,0.8759255,0.88413465,0.87557954,0.8710908775756149,-1.5670228,-1.4129541,1750,1737,train
2016,0.86654407,0.8683937,0.88412535,0.8702897,0.8709108345454237,-1.567037,-1.4291801,1750,1737,train
2017,0.8659375,0.868838,0.88368905,0.87043643,0.8707370213259025,-1.567051,-1.4477001,1750,1737,train
2018,0.8658728,0.87121284,0.88332784,0.8720408,0.8705945257414157,-1.567065,-1.4286306,1750,1737,train
2019,0.8659599,0.86759084,0.88320506,0.8694556,0.8703161866865229,-1.5670788,-1.4403073,1750,1737,train
2020,0.8659109,0.8691801,0.8830141,0.87055194,0.8701861335004161,-1.5670927,-1.4238677,1750,1737,train
2021,0.8653334,0.8666705,0.88295376,0.8687839,0.8699855444957607,-1.5671064,-1.4252113,1750,1737,train
2022,0.86539626,0.8640835,0.882699,0.8668939,0.8698046406078455,-1.5671198,-1.432991,1750,1737,train
2023,0.8653752,0.863135,0.882643,0.86621076,0.8694227641145831,-1.5671333,-1.435904,1750,1737,train
2024,0.8648306,0.87060034,0.8821589,0.8713212,0.8691709580141862,-1.5671467,-1.4199476,1750,1737,train
2025,0.86483246,0.86756784,0.88223517,0.86918575,0.8688842305192072,-1.56716,-1.4374943,1750,1737,train
2026,0.86480117,0.868321,0.8821877,0.86974114,0.868749494688845,-1.5671731,-1.4198488,1750,1737,train
2027,0.86422145,0.8655597,0.8815223,0.86757207,0.8686481344353796,-1.5671862,-1.4468107,1750,1737,train
2028,0.86426955,0.86233276,0.88134754,0.8652728,0.8684158237912523,-1.5671992,-1.4484011,1750,1737,train
2029,0.86370397,0.8634394,0.88154614,0.86617255,0.8680578045643536,-1.5672121,-1.4177897,1750,1737,train
2030,0.86371136,0.87295014,0.8807658,0.872581,0.8676980259993504,-1.5672249,-1.4211426,1750,1737,train
2031,0.86373216,0.87198454,0.880509,0.8718113,0.8673947924878807,-1.5672376,-1.432518,1750,1737,train
2032,0.8631335,0.8644132,0.88048804,0.8665943,0.8670740378219001,-1.5672503,-1.4065452,1750,1737,train
2033,0.8632445,0.86940956,0.88010585,0.86999106,0.8669020701659891,-1.5672628,-1.399098,1750,1737,train
2034,0.863183,0.86611444,0.88015056,0.8676945,0.8667980438315543,-1.5672752,-1.4042642,1750,1737,train
2035,0.86257976,0.8603563,0.8799416,0.863626,0.8666412809669398,-1.5672876,-1.4044007,1750,1737,train
2036,0.86267555,0.86153907,0.8798512,0.8644154,0.8663992560685403,-1.5672998,-1.4086373,1750,1737,train
2037,0.86264485,0.86216825,0.8793851,0.86475694,0.8660945668396184,-1.567312,-1.3970736,1750,1737,train
2038,0.8622967,0.8671316,0.8793963,0.868223,0.8658428569553129,-1.5673242,-1.3951101,1750,1737,train
2039,0.86208034,0.86484724,0.879248,0.8665819,0.8655619032709674,-1.5673361,-1.3990223,1750,1737,train
2040,0.8621028,0.86453885,0.8791112,0.8663385,0.8653090333513962,-1.5673481,-1.395671,1750,1737,train
2041,0.8620389,0.8625645,0.8789177,0.8649191,0.8652407591057996,-1.5673599,-1.3923228,1750,1737,train
2042,0.86152154,0.8618829,0.87828577,0.8642433,0.8650408557145437,-1.5673717,-1.4049318,1750,1737,train
2043,0.86156523,0.8600529,0.87819374,0.8629437,0.8648424524515943,-1.5673834,-1.40484,1750,1737,train
2044,0.86117005,0.85984284,0.87817883,0.86282784,0.8646313057388132,-1.567395,-1.3908272,1750,1737,train
2045,0.86122113,0.8604043,0.87776315,0.86311936,0.864338597132596,-1.5674065,-1.3859127,1750,1737,train
2046,0.86068773,0.864889,0.87775147,0.866228,0.8640834686291481,-1.567418,-1.3912208,1750,1737,train
2047,0.86063033,0.86229295,0.87782204,0.86442155,0.8638357612381193,-1.5674293,-1.3979414,1750,1737,train
2048,0.860396,0.86461633,0.8767644,0.8656359,0.8635636102899512,-1.5674406,-1.4468057,1750,1737,train
2049,0.8604369,0.8586666,0.87766325,0.86177456,0.8632575762080269,-1.5674518,-1.4294677,1750,1737,train
2050,0.8597549,0.8569239,0.87688506,0.8603324,0.8629634297324037,-1.567463,-1.4370487,1750,1737,train
2051,0.8598375,0.8585413,0.8765869,0.8614042,0.8627122802119539,-1.5674741,-1.4269011,1750,1737,train
2052,0.8598568,0.8583639,0.87635505,0.86117715,0.8624438113481758,-1.5674851,-1.4436202,1750,1737,train
2053,0.85979754,0.858231,0.87618434,0.86110353,0.8621219513224354,-1.5674961,-1.4172525,1750,1737,train
2054,0.8592693,0.8627768,0.87593997,0.86417407,0.8619009910867619,-1.5675069,-1.4299352,1750,1737,train
2055,0.8592687,0.8626314,0.8759515,0.8640782,0.8616101794038664,-1.5675176,-1.4289625,1750,1737,train
2056,0.8592773,0.86255574,0.8758832,0.8639749,0.8616076769430406,-1.5675284,-1.4420713,1750,1737,train
2057,0.8590087,0.86203605,0.87528896,0.86345375,0.8615803702109259,-1.567539,-1.4417765,1750,1737,train
2058,0.85849005,0.8552262,0.8752073,0.8586949,0.8613791393529873,-1.5675496,-1.4385071,1750,1737,train
2059,0.8584265,0.8584625,0.8747456,0.8608874,0.8613680962603519,-1.5675601,-1.413471,1750,1737,train
2060,0.8584958,0.8582036,0.8747426,0.8606591,0.8612211765650177,-1.5675706,-1.4326015,1750,1737,train
2061,0.85790956,0.8618251,0.87438095,0.8630902,0.8609239375170692,-1.5675809,-1.430598,1750,1737,train
2062,0.85789627,0.8599341,0.8742542,0.8617095,0.8607129116458233,-1.5675912,-1.44241,1750,1737,train
2063,0.85738283,0.8577103,0.8739418,0.86004627,0.8605567337880593,-1.5676014,-1.454465,1750,1737,train
2064,0.8574315,0.85683507,0.873695,0.859374,0.8603046430153715,-1.5676116,-1.452882,1750,1737,train
2065,0.8573027,0.85690904,0.87332284,0.85934997,0.8600780649248084,-1.5676217,-1.4429399,1750,1737,train
2066,0.8568486,0.8556906,0.8733045,0.85855436,0.8598648606846392,-1.5676317,-1.4192458,1750,1737,train
2067,0.8568398,0.8548035,0.8732492,0.8578728,0.8597142929053087,-1.5676417,-1.4389803,1750,1737,train
2068,0.8568016,0.8544926,0.8730941,0.8576195,0.8596380833709956,-1.5676516,-1.4368887,1750,1737,train
2069,0.85627276,0.85776824,0.8726151,0.8597606,0.8594734015212201,-1.5676615,-1.4420444,1750,1737,train
2070,0.8562661,0.85865724,0.87221014,0.8603037,0.8592780084528162,-1.5676713,-1.4288396,1750,1737,train
2071,0.85626334,0.85894424,0.8722403,0.86048895,0.859079275292624,-1.5676811,-1.438113,1750,1737,train
2072,0.8562391,0.8563613,0.8722123,0.85868436,0.8588095829979131,-1.5676907,-1.4369924,1750,1737,train
2073,0.85573155,0.85438454,0.8720163,0.8572388,0.8586162922646746,-1.5677004,-1.4432588,1750,1737,train
2074,0.8556773,0.85422176,0.8715335,0.8569751,0.8585479930399132,-1.5677099,-1.451619,1750,1737,train
2075,0.8551934,0.8614314,0.8712193,0.86191607,0.8583465407244399,-1.5677195,-1.450908,1750,1737,train
2076,0.8551248,0.8573707,0.8712753,0.8591316,0.8581085524209665,-1.5677289,-1.4387183,1750,1737,train
2077,0.8551403,0.8601264,0.8708807,0.86090446,0.857931300358117,-1.5677382,-1.4554896,1750,1737,train
2078,0.8551683,0.8609007,0.8704325,0.8612963,0.8577705859009103,-1.5677476,-1.46655,1750,1737,train
2079,0.85458547,0.85229594,0.8707924,0.8554054,0.8574367450472524,-1.5677568,-1.4631841,1750,1737,train
2080,0.85457855,0.8565566,0.869897,0.8581254,0.8572300046445248,-1.5677661,-1.4665147,1750,1737,train
2081,0.8546038,0.85199183,0.8699517,0.854956,0.85706858856333,-1.5677751,-1.4678571,1750,1737,train
2082,0.8539704,0.853038,0.86981976,0.8556589,0.8569893633342487,-1.5677843,-1.464042,1750,1737,train
2083,0.8540398,0.85457915,0.8695346,0.85667133,0.8569932503255531,-1.5677934,-1.4578669,1750,1737,train
2084,0.85406315,0.8501813,0.8697015,0.8536686,0.8568303067553479,-1.5678023,-1.4510014,1750,1737,train
2085,0.85344255,0.8539868,0.8693563,0.8562032,0.8566322532695567,-1.5678113,-1.4608881,1750,1737,train
2086,0.85344917,0.8557915,0.8685788,0.8572732,0.856458150105685,-1.5678202,-1.4521618,1750,1737,train
2087,0.8529751,0.8520965,0.86877406,0.8547785,0.8563863865602519,-1.567829,-1.4409573,1750,1737,train
2088,0.8528533,0.8490747,0.8687533,0.8526285,0.8562264664815217,-1.5678377,-1.4567053,1750,1737,train
2089,0.85238695,0.8595311,0.8677269,0.8596514,0.8560665813158383,-1.5678465,-1.4516275,1750,1737,train
2090,0.85238606,0.85749626,0.8678223,0.8582484,0.8558885933747923,-1.5678551,-1.4559863,1750,1737,train
2091,0.85236245,0.8577588,0.8677521,0.8584127,0.8556749119909968,-1.5678638,-1.4559077,1750,1737,train
2092,0.85182625,0.853484,0.8673371,0.85534686,0.8554634395635182,-1.5678724,-1.4459178,1750,1737,train
2093,0.851871,0.8482715,0.86789894,0.8518546,0.855120588579923,-1.5678809,-1.4504039,1750,1737,train
2094,0.8517849,0.84979695,0.8677789,0.8529178,0.8547597654060217,-1.5678893,-1.4372141,1750,1737,train
2095,0.8512702,0.85060173,0.8669275,0.8532869,0.8544875836341963,-1.5678978,-1.422133,1750,1737,train
2096,0.85125554,0.85059434,0.8668878,0.8532603,0.8543780909197036,-1.5679061,-1.4265195,1750,1737,train
2097,0.8512267,0.859572,0.86640227,0.8593414,0.854278151251931,-1.5679145,-1.4444972,1750,1737,train
2098,0.8507381,0.8548623,0.865888,0.8559607,0.8541282223287081,-1.5679228,-1.4284708,1750,1737,train
2099,0.85074115,0.85111994,0.86612666,0.8533789,0.8538523780823924,-1.567931,-1.4439616,1750,1737,train
2100,0.8507025,0.8522593,0.86589694,0.8541197,0.8536025914115,-1.5679392,-1.4404697,1750,1737,train
2101,0.8501333,0.85167557,0.8652692,0.8535656,0.8534885643022438,-1.5679474,-1.4317966,1750,1737,train
2102,0.85015565,0.8494437,0.8654057,0.85204333,0.8532891328257577,-1.5679554,-1.4332794,1750,1737,train
2103,0.8501106,0.8473975,0.8653821,0.8505819,0.8531683796383343,-1.5679635,-1.4451556,1750,1737,train
2104,0.8496128,0.8557547,0.8645253,0.8561514,0.8530869224840391,-1.5679715,-1.4548323,1750,1737,train
2105,0.8496277,0.8549103,0.86439586,0.85550964,0.852825817741789,-1.5679795,-1.4623634,1750,1737,train
2106,0.8495354,0.85370785,0.8644253,0.85468525,0.8527173936473521,-1.5679873,-1.4600815,1750,1737,train
2107,0.84902936,0.850646,0.8637222,0.8523481,0.8523458355080319,-1.5679952,-1.4659785,1750,1737,train
2108,0.84907234,0.84551483,0.8646828,0.8490375,0.8520093374326242,-1.568003,-1.4631853,1750,1737,train
2109,0.849013,0.84595007,0.86414814,0.8492454,0.8517529871696413,-1.5680108,-1.443562,1750,1737,train
2110,0.8484645,0.8501473,0.8637184,0.8520605,0.8515184713116164,-1.5680186,-1.4412229,1750,1737,train
2111,0.848536,0.84858173,0.8635453,0.85087353,0.8513138992656252,-1.5680263,-1.4613019,1750,1737,train
2112,0.8478885,0.84708494,0.86340344,0.84975606,0.8511779650131964,-1.5680339,-1.4760177,1750,1737,train
2113,0.8479627,0.8498425,0.8628465,0.85155,0.8509672223264544,-1.5680416,-1.4670752,1750,1737,train
2114,0.847973,0.8473633,0.8629714,0.8498653,0.8506439072569507,-1.5680491,-1.4632807,1750,1737,train
2115,0.8473328,0.8467929,0.86267793,0.849428,0.8506036933239032,-1.5680566,-1.447406,1750,1737,train
2116,0.8473873,0.84830654,0.86200833,0.85028386,0.8505187880539363,-1.5680641,-1.455074,1750,1737,train
2117,0.8474229,0.8463895,0.8621415,0.8490354,0.8503409718564601,-1.5680715,-1.4341092,1750,1737,train
2118,0.84677947,0.851761,0.86156,0.85257846,0.8501573743675617,-1.568079,-1.4519072,1750,1737,train
2119,0.84683156,0.85260075,0.8611461,0.85305077,0.849835473867798,-1.5680863,-1.452568,1750,1737,train
2120,0.8468734,0.8518954,0.86109555,0.85252047,0.8495671145615937,-1.5680937,-1.462796,1750,1737,train
2121,0.84621197,0.8446416,0.8615998,0.8476767,0.849412870582868,-1.5681009,-1.4321008,1750,1737,train
2122,0.84630495,0.844394,0.86108494,0.8473213,0.8491853920651106,-1.5681082,-1.4501542,1750,1737,train
2123,0.8463386,0.84365624,0.8610927,0.8468549,0.8489630777972468,-1.5681154,-1.4315975,1750,1737,train
2124,0.8456995,0.84734446,0.8605434,0.84928405,0.8487230135175535,-1.5681225,-1.4289223,1750,1737,train
2125,0.8457358,0.8453874,0.85996544,0.8477268,0.8485473116763473,-1.5681297,-1.4443679,1750,1737,train
2126,0.84520924,0.8458758,0.8600943,0.8480683,0.8483256870464688,-1.5681368,-1.4579653,1750,1737,train
2127,0.8451469,0.846789,0.85963154,0.8485752,0.8482155414782476,-1.5681438,-1.4600387,1750,1737,train
2128,0.8451279,0.84608084,0.8595127,0.8480636,0.8481172322848739,-1.5681509,-1.4544246,1750,1737,train
2129,0.84519243,0.8456426,0.8594264,0.84773266,0.8479252201265515,-1.5681578,-1.4553684,1750,1737,train
2130,0.84458727,0.84626514,0.8591269,0.8481047,0.8479145802607082,-1.5681647,-1.447767,1750,1737,train
2131,0.8446677,0.84201986,0.8598279,0.84534407,0.8477446271807673,-1.5681716,-1.4439719,1750,1737,train
2132,0.84404653,0.85102606,0.85823727,0.8511272,0.8477471383428531,-1.5681785,-1.4705627,1750,1737,train
2133,0.84407043,0.8509461,0.8580189,0.85102695,0.8476946600909167,-1.5681853,-1.4648046,1750,1737,train
2134,0.8440743,0.8491245,0.8581749,0.84978074,0.8475169102633318,-1.5681921,-1.4723964,1750,1737,train
2135,0.84354717,0.8434879,0.8580195,0.84584576,0.8473329914515436,-1.5681989,-1.4582503,1750,1737,train
2136,0.8435314,0.84511393,0.857798,0.8469066,0.8472656485040512,-1.5682057,-1.4634256,1750,1737,train
2137,0.8435619,0.84322333,0.8577366,0.8455913,0.847137315869625,-1.5682124,-1.4557934,1750,1737,train
2138,0.8435035,0.84291095,0.8577856,0.8453697,0.8469326551531348,-1.5682191,-1.4627326,1750,1737,train
2139,0.8429339,0.8448933,0.8567804,0.84647626,0.8466958232005612,-1.5682256,-1.4646518,1750,1737,train
2140,0.8429813,0.8410217,0.85672224,0.8437165,0.8465145352826291,-1.5682322,-1.4833348,1750,1737,train
2141,0.84294546,0.84161204,0.8563534,0.84406966,0.8463368539580608,-1.5682387,-1.4667195,1750,1737,train
2142,0.84237635,0.84746796,0.8560339,0.8480331,0.8461920664508426,-1.5682453,-1.4795804,1750,1737,train
2143,0.84245104,0.84425944,0.85590553,0.8457783,0.846013579770304,-1.5682518,-1.473182,1750,1737,train
2144,0.8424307,0.8459479,0.8557652,0.8469074,0.8458851453723111,-1.5682583,-1.4771968,1750,1737,train
2145,0.8417831,0.8445423,0.8556379,0.84590715,0.8458436839121181,-1.5682647,-1.4716942,1750,1737,train
2146,0.8419066,0.8387655,0.855598,0.8418616,0.8457170153191088,-1.568271,-1.4753072,1750,1737,train
2147,0.84183824,0.84143966,0.8553976,0.84366786,0.8454237507367933,-1.5682775,-1.4767473,1750,1737,train
2148,0.8412944,0.8515143,0.8544537,0.8504305,0.8451551480720703,-1.5682838,-1.4786404,1750,1737,train
2149,0.8413497,0.85010797,0.85426927,0.8494007,0.8449917275850519,-1.5682901,-1.4787072,1750,1737,train
2150,0.84103066,0.8444292,0.8541006,0.84535974,0.8448758229450114,-1.5682963,-1.4941441,1750,1737,train
2151,0.841007,0.848488,0.85383165,0.84813434,0.8446944868873065,-1.5683025,-1.4867214,1750,1737,train
2152,0.8407954,0.842925,0.85388935,0.8442372,0.8444393390250736,-1.5683087,-1.5012226,1750,1737,train
2153,0.84049076,0.8396171,0.85407984,0.84201694,0.8442309071419201,-1.5683149,-1.4874814,1750,1737,train
2154,0.84047186,0.8413876,0.853402,0.8431065,0.8440825293016914,-1.5683211,-1.4721091,1750,1737,train
2155,0.8402405,0.8402701,0.85386956,0.84240776,0.8439593459150789,-1.5683272,-1.4906349,1750,1737,train
2156,0.83991694,0.8489409,0.8527211,0.84811383,0.843736102302675,-1.5683333,-1.5020077,1750,1737,train
2157,0.8394098,0.84048134,0.85287154,0.8423032,0.8433398425088825,-1.5683393,-1.4839056,1750,1737,train
2158,0.8394045,0.8399746,0.8525169,0.8418574,0.8431393062734213,-1.5683453,-1.48282,1750,1737,train
2159,0.8393527,0.8407398,0.8523537,0.8423513,0.8430225758318118,-1.5683514,-1.4809752,1750,1737,train
2160,0.839089,0.84049106,0.8518292,0.84210145,0.842943951999542,-1.5683573,-1.4548186,1750,1737,train
2161,0.83912283,0.8380895,0.8520011,0.8404677,0.8427589043771183,-1.5683632,-1.4573871,1750,1737,train
2162,0.8387965,0.8386974,0.85231626,0.84098494,0.8425739749122728,-1.5683692,-1.453781,1750,1737,train
2163,0.8385105,0.8490833,0.8506743,0.84774995,0.8424099438236032,-1.568375,-1.4666543,1750,1737,train
2164,0.838563,0.8452931,0.85098827,0.8451678,0.8422037863175523,-1.5683808,-1.4768326,1750,1737,train
2165,0.8379602,0.8404763,0.85088754,0.8418165,0.8418530424282757,-1.5683867,-1.4635525,1750,1737,train
2166,0.8379909,0.8393869,0.8502699,0.84090924,0.8414716339656054,-1.5683925,-1.4562263,1750,1737,train
2167,0.8379675,0.838515,0.850186,0.840257,0.8411156959869858,-1.5683982,-1.4651884,1750,1737,train
2168,0.83738774,0.83732194,0.85092723,0.8396735,0.8409623311028533,-1.568404,-1.445434,1750,1737,train
2169,0.83739865,0.84026426,0.84990144,0.8414588,0.8407839270566102,-1.5684097,-1.441187,1750,1737,train
2170,0.8374494,0.83730704,0.84987056,0.8393713,0.8406201499043296,-1.5684154,-1.4485507,1750,1737,train
2171,0.8368713,0.84175736,0.8492948,0.84229386,0.8404448583278785,-1.568421,-1.4583781,1750,1737,train
2172,0.8368304,0.8438273,0.84883344,0.84362876,0.8401606218005013,-1.5684266,-1.4517977,1750,1737,train
2173,0.8368992,0.8424116,0.8485459,0.8425187,0.8399159327625464,-1.5684322,-1.4704968,1750,1737,train
2174,0.83620346,0.8356426,0.8491216,0.83797383,0.8398303753705941,-1.5684378,-1.4632132,1750,1737,train
2175,0.83632135,0.83623743,0.8480879,0.8381061,0.8397261771616319,-1.5684434,-1.4649885,1750,1737,train
2176,0.8360364,0.8365316,0.8482274,0.8382783,0.8395821604699587,-1.5684489,-1.4935048,1750,1737,train
2177,0.8357355,0.84028566,0.84802425,0.84085554,0.8395796384437856,-1.5684544,-1.4872305,1750,1737,train
2178,0.8354517,0.8390103,0.8473226,0.83980346,0.8394424182423084,-1.5684599,-1.476938,1750,1737,train
2179,0.8352323,0.8350046,0.8472719,0.8369677,0.8391497282806843,-1.5684654,-1.4892817,1750,1737,train
2180,0.8349958,0.8322511,0.8473462,0.835029,0.8388639137105824,-1.5684707,-1.5053077,1750,1737,train
2181,0.8346422,0.8369717,0.84687126,0.83826387,0.8385250946938421,-1.5684762,-1.4758971,1750,1737,train
2182,0.8343872,0.84154016,0.8464891,0.8412914,0.8385151566180469,-1.5684816,-1.497685,1750,1737,train
2183,0.83436966,0.841207,0.84604394,0.8409646,0.8383401177210611,-1.5684868,-1.4875419,1750,1737,train
2184,0.83409077,0.83840436,0.84591746,0.8389498,0.8381482422339521,-1.5684922,-1.4986839,1750,1737,train
2185,0.8338694,0.83545715,0.8457818,0.83690023,0.8379714267786018,-1.5684975,-1.4820684,1750,1737,train
2186,0.83326685,0.8343964,0.8465835,0.8363997,0.837779462502187,-1.5685028,-1.4726489,1750,1737,train
2187,0.8333291,0.83594066,0.84513843,0.837097,0.8374713341032172,-1.568508,-1.4687936,1750,1737,train
2188,0.8333278,0.8321876,0.84566677,0.83458745,0.83720750379686,-1.5685133,-1.483319,1750,1737,train
2189,0.833242,0.83275235,0.8457782,0.835039,0.8370334940044631,-1.5685184,-1.4719701,1750,1737,train
2190,0.8329926,0.8420217,0.8442575,0.841091,0.8369612493596718,-1.5685236,-1.471808,1750,1737,train
2191,0.83296657,0.8400497,0.8446766,0.83975947,0.8367748468869097,-1.5685288,-1.500089,1750,1737,train
2192,0.83294976,0.83952975,0.8441262,0.839255,0.8365861743694493,-1.5685339,-1.49775,1750,1737,train
2193,0.8323696,0.8356151,0.84386694,0.83650297,0.8363267218135709,-1.568539,-1.479048,1750,1737,train
2194,0.83241373,0.8335526,0.8439547,0.8350901,0.83596993036621,-1.568544,-1.478636,1750,1737,train
2195,0.8323566,0.8344677,0.84366906,0.83560133,0.8356246004995715,-1.5685492,-1.4987948,1750,1737,train
2196,0.83181083,0.83353585,0.8435519,0.83495474,0.8353956149222014,-1.5685542,-1.4848721,1750,1737,train
2197,0.83183867,0.8321064,0.8436948,0.83399624,0.8352035348157452,-1.5685592,-1.4851375,1750,1737,train
2198,0.8318258,0.8315406,0.8434751,0.8335656,0.8350493183583831,-1.5685642,-1.4759116,1750,1737,train
2199,0.8312794,0.83404666,0.84270346,0.83506083,0.8349107243069034,-1.5685692,-1.4937212,1750,1737,train
2200,0.83129984,0.83515567,0.84221375,0.83566916,0.8346503297454427,-1.5685741,-1.5070872,1750,1737,train
2201,0.8312556,0.8320165,0.84206474,0.8334338,0.8343801363553514,-1.5685791,-1.5100954,1750,1737,train
2202,0.8307278,0.8291446,0.8419851,0.83142555,0.8340790409817963,-1.568584,-1.5040989,1750,1737,train
2203,0.8307076,0.82973933,0.8424531,0.8319759,0.8338493534132164,-1.5685889,-1.5000479,1750,1737,train
2204,0.83019596,0.83425754,0.84094465,0.834725,0.8335997683401943,-1.5685937,-1.4977655,1750,1737,train
2205,0.8301837,0.83542067,0.8412608,0.8355837,0.8332158606109854,-1.5685985,-1.5127723,1750,1737,train
2206,0.8301891,0.8377821,0.84040797,0.83700067,0.8328597888948744,-1.5686034,-1.5126244,1750,1737,train
2207,0.8296582,0.8306137,0.84069073,0.8320764,0.8325834879289299,-1.5686082,-1.5142772,1750,1737,train
2208,0.829621,0.8306039,0.8404807,0.83198893,0.8323860570307927,-1.5686129,-1.5240592,1750,1737,train
2209,0.82964814,0.83022434,0.84032667,0.83167225,0.8321242682007325,-1.5686177,-1.5284152,1750,1737,train
2210,0.8290872,0.82953864,0.84032524,0.83122295,0.8318869543711553,-1.5686225,-1.5166485,1750,1737,train
2211,0.8290783,0.82939714,0.8403679,0.83110696,0.8315915772659773,-1.5686271,-1.5283525,1750,1737,train
2212,0.8288158,0.83268815,0.83942497,0.83311343,0.8313403604508317,-1.5686319,-1.5420713,1750,1737,train
2213,0.82852775,0.8311544,0.83874166,0.83185667,0.8311280457332676,-1.5686365,-1.5437207,1750,1737,train
2214,0.82860327,0.8276666,0.83913505,0.8295374,0.830823489138822,-1.5686412,-1.5412979,1750,1737,train
2215,0.8280147,0.8267053,0.8395015,0.8289884,0.8305263225131696,-1.5686458,-1.5321925,1750,1737,train
2216,0.8279938,0.82753485,0.8390405,0.8294196,0.8303753545136731,-1.5686504,-1.5415157,1750,1737,train
2217,0.82792354,0.8258683,0.838426,0.8280967,0.8301763377342516,-1.568655,-1.5399516,1750,1737,train
2218,0.8274121,0.8274116,0.8388103,0.8292814,0.830005723955272,-1.5686595,-1.5376289,1750,1737,train
2219,0.8274072,0.8314837,0.8375397,0.83175564,0.829769241440987,-1.5686642,-1.5467017,1750,1737,train
2220,0.8274013,0.8341004,0.83721983,0.83350503,0.8295318682025263,-1.5686687,-1.5420542,1750,1737,train
2221,0.82686114,0.825301,0.83749497,0.82743853,0.8293743981596979,-1.5686731,-1.5449919,1750,1737,train
2222,0.8268183,0.82734156,0.83712554,0.82878405,0.8291876127491334,-1.5686777,-1.5358375,1750,1737,train
2223,0.82684624,0.8280859,0.83673775,0.82920206,0.8288880453722189,-1.5686822,-1.5344539,1750,1737,train
2224,0.82683486,0.8263249,0.83682585,0.82798266,0.8286212731029666,-1.5686866,-1.5407698,1750,1737,train
2225,0.8262691,0.82548994,0.83665717,0.8273613,0.8284079068762497,-1.568691,-1.5383838,1750,1737,train
2226,0.8262947,0.8252184,0.83669734,0.8271965,0.828341402836895,-1.5686955,-1.5328426,1750,1737,train
2227,0.82625866,0.8264553,0.836419,0.8279582,0.8281987983415222,-1.5686998,-1.5431864,1750,1737,train
2228,0.8257305,0.82681304,0.8361274,0.8280959,0.8279656674352006,-1.5687042,-1.5566663,1750,1737,train
2229,0.8256918,0.826605,0.8359965,0.82794225,0.8277073638641903,-1.5687087,-1.5459304,1750,1737,train
2230,0.82569075,0.829591,0.83497703,0.8297533,0.8275228253768688,-1.568713,-1.5443579,1750,1737,train
2231,0.82517415,0.82482773,0.8349103,0.8264073,0.8273810939925389,-1.5687174,-1.5475845,1750,1737,train
2232,0.8254067,0.8247303,0.8348067,0.8263344,0.8272891716213413,-1.5687217,-1.5383154,1750,1737,train
2233,0.8250818,0.8255215,0.83456314,0.82683015,0.8270867095060607,-1.568726,-1.5343947,1750,1737,train
2234,0.82459784,0.82978296,0.8335756,0.8295081,0.8269496976866013,-1.5687302,-1.5452657,1750,1737,train
2235,0.8243073,0.82681036,0.83348644,0.8274044,0.8267897965859337,-1.5687345,-1.5484195,1750,1737,train
2236,0.8245697,0.8269798,0.8336474,0.8275621,0.8266196768238696,-1.5687387,-1.5499132,1750,1737,train
2237,0.82404405,0.8241736,0.8329834,0.82543623,0.8263825136037228,-1.568743,-1.5464077,1750,1737,train
2238,0.8237613,0.8227281,0.8332187,0.8244891,0.8261644636945394,-1.5687472,-1.5475758,1750,1737,train
2239,0.8240217,0.8231222,0.83276474,0.8246162,0.8259343802719499,-1.5687513,-1.5579538,1750,1737,train
2240,0.8234967,0.82229716,0.8331597,0.8241743,0.8257403923740347,-1.5687555,-1.5469823,1750,1737,train
2241,0.823449,0.82425827,0.8326942,0.8254305,0.8255303952995598,-1.5687597,-1.5411296,1750,1737,train
2242,0.8229392,0.8265844,0.8315761,0.8267125,0.825318759922927,-1.5687639,-1.556884,1750,1737,train
2243,0.82295847,0.8259724,0.83141553,0.8262309,0.8249977285406721,-1.5687679,-1.5616732,1750,1737,train
2244,0.8229456,0.82640386,0.83116436,0.82645047,0.8247231899059577,-1.5687721,-1.5672135,1750,1737,train
2245,0.8229354,0.82496065,0.8308486,0.82539654,0.8245136912483062,-1.5687761,-1.5522523,1750,1737,train
2246,0.8223665,0.8216283,0.83120954,0.8231983,0.8243751990346475,-1.5687802,-1.5410914,1750,1737,train
2247,0.82209647,0.8219947,0.83111274,0.82343113,0.8240724886261988,-1.5687842,-1.5397198,1750,1737,train
2248,0.8218014,0.82662064,0.83033454,0.82642615,0.8238038923622009,-1.5687883,-1.5478771,1750,1737,train
2249,0.8218171,0.8247944,0.83001435,0.82510424,0.8236016859465128,-1.5687923,-1.532841,1750,1737,train
2250,0.8218009,0.82483894,0.82980216,0.825044,0.8233731047853547,-1.5687963,-1.5467265,1750,1737,train
2251,0.8212836,0.8185963,0.83015907,0.8207923,0.8230727758085353,-1.5688003,-1.545223,1750,1737,train
2252,0.8212528,0.8188795,0.8294935,0.82078725,0.8227722405477211,-1.5688043,-1.5547554,1750,1737,train
2253,0.8212647,0.81967354,0.8289621,0.8212218,0.8224700044814843,-1.5688083,-1.545037,1750,1737,train
2254,0.8207195,0.82050544,0.82989347,0.82206184,0.8222211180676765,-1.5688123,-1.5410988,1750,1737,train
2255,0.8207097,0.82107294,0.8292295,0.82224894,0.8219617884243547,-1.5688162,-1.553235,1750,1737,train
2256,0.82017344,0.82102424,0.82855785,0.8220406,0.821787064710099,-1.56882,-1.5507271,1750,1737,train
2257,0.8201672,0.82184285,0.8282038,0.822505,0.8214898178681431,-1.5688239,-1.5551822,1750,1737,train
2258,0.8201762,0.8208576,0.82801664,0.82180405,0.8211841154331642,-1.5688279,-1.5405383,1750,1737,train
2259,0.81960213,0.817097,0.82833827,0.8192494,0.8208756375743048,-1.5688317,-1.5485976,1750,1737,train
2260,0.8196183,0.81728,0.82793033,0.81926763,0.8206806651676153,-1.5688355,-1.5484544,1750,1737,train
2261,0.81961995,0.8165334,0.82769215,0.8186896,0.820458659904519,-1.5688394,-1.5458499,1750,1737,train
2262,0.8191186,0.8191899,0.8276535,0.8205342,0.8202169387037263,-1.5688432,-1.5445237,1750,1737,train
2263,0.81906646,0.8220291,0.8264487,0.82219183,0.8199863804960988,-1.5688471,-1.543504,1750,1737,train
2264,0.819075,0.82172203,0.8266319,0.8219353,0.8197288210212166,-1.5688508,-1.5806879,1750,1737,train
2265,0.8185028,0.8166527,0.82629156,0.81833524,0.8194649544193313,-1.5688546,-1.5705452,1750,1737,train
2266,0.8185242,0.81566817,0.8263515,0.8176571,0.8191593548590342,-1.5688584,-1.5737824,1750,1737,train
2267,0.8185242,0.81547433,0.82613647,0.81746256,0.8188239575396167,-1.5688621,-1.5744402,1750,1737,train
2268,0.8179347,0.8180211,0.826383,0.8193319,0.8186533214438283,-1.5688658,-1.5631645,1750,1737,train
2269,0.8180095,0.81714374,0.82592607,0.81859326,0.8185053394535593,-1.5688696,-1.5648673,1750,1737,train
2270,0.81795,0.8176901,0.8257321,0.8189151,0.8183280556260473,-1.5688733,-1.56763,1750,1737,train
2271,0.81739134,0.81787306,0.8249792,0.81884646,0.8181666159522194,-1.568877,-1.565129,1750,1737,train
2272,0.81739664,0.8177258,0.8246254,0.81858695,0.8179184864049384,-1.5688807,-1.5901372,1750,1737,train
2273,0.81741345,0.8179448,0.8242147,0.81860447,0.8176404856231795,-1.5688843,-1.600179,1750,1737,train
2274,0.81686157,0.8149931,0.82452095,0.8166638,0.8175338683801829,-1.568888,-1.5861658,1750,1737,train
2275,0.8168531,0.8141635,0.82422817,0.8159897,0.8173934010047654,-1.5688915,-1.5931091,1750,1737,train
2276,0.81683475,0.81639844,0.8237586,0.817438,0.8173329438876072,-1.5688952,-1.5863634,1750,1737,train
2277,0.8163005,0.81570655,0.8239466,0.8170198,0.8171287938021066,-1.5688988,-1.580853,1750,1737,train
2278,0.8163323,0.81689453,0.8236233,0.8177453,0.8168967761548585,-1.5689024,-1.5872211,1750,1737,train
2279,0.81575,0.8148492,0.8226577,0.8160541,0.8166635440344525,-1.568906,-1.5895975,1750,1737,train
2280,0.8157463,0.8149454,0.82294655,0.8161688,0.8164177325258342,-1.5689095,-1.6017777,1750,1737,train
2281,0.81573445,0.81379396,0.8223692,0.8151975,0.8162801220083715,-1.5689131,-1.6071951,1750,1737,train
2282,0.8152605,0.8147686,0.82278395,0.8160329,0.8161537887210222,-1.5689167,-1.5891916,1750,1737,train
2283,0.8152017,0.8149459,0.82273686,0.8161126,0.8160427191154223,-1.5689201,-1.6018378,1750,1737,train
2284,0.8151804,0.8160177,0.822348,0.81675935,0.8158769932561839,-1.5689237,-1.6001406,1750,1737,train
2285,0.81463677,0.8153487,0.8214499,0.81602955,0.8156052104584015,-1.5689272,-1.6090424,1750,1737,train
2286,0.8146389,0.8141609,0.82167685,0.81529427,0.8153642868195717,-1.5689306,-1.5962112,1750,1737,train
2287,0.8146434,0.8162438,0.8208512,0.8165235,0.8151208022925405,-1.5689341,-1.5965188,1750,1737,train
2288,0.81406134,0.81286263,0.82102513,0.81420934,0.8149130575848278,-1.5689375,-1.5981218,1750,1737,train
2289,0.8141044,0.8125662,0.8205906,0.813895,0.8148002605205424,-1.568941,-1.5944523,1750,1737,train
2290,0.81409454,0.8126415,0.8203894,0.8139274,0.8147246781520014,-1.5689445,-1.5806484,1750,1737,train
2291,0.81352496,0.8138916,0.820122,0.8147229,0.814563340101332,-1.5689479,-1.5822867,1750,1737,train
2292,0.81354046,0.81802994,0.81910145,0.8172937,0.8143607756514013,-1.5689514,-1.5983443,1750,1737,train
2293,0.81298584,0.8123818,0.8195503,0.8134908,0.814066840198551,-1.5689547,-1.5928123,1750,1737,train
2294,0.81296384,0.81097215,0.8192748,0.81244266,0.81387905079892,-1.568958,-1.5893288,1750,1737,train
2295,0.812988,0.81316674,0.81929886,0.8139838,0.8136178376898657,-1.5689615,-1.5873601,1750,1737,train
2296,0.81243414,0.8114355,0.8192642,0.8127682,0.813375746988608,-1.5689648,-1.5871247,1750,1737,train
2297,0.8124109,0.8127983,0.8188745,0.8136248,0.8132804045374822,-1.5689682,-1.5825329,1750,1737,train
2298,0.811876,0.81546205,0.8176452,0.815097,0.8131592424880361,-1.5689715,-1.6045055,1750,1737,train
2299,0.81187254,0.8120666,0.8179184,0.8128154,0.8130078511091158,-1.5689749,-1.5996823,1750,1737,train
2300,0.811888,0.81311065,0.8169043,0.81325614,0.8127828479776965,-1.5689782,-1.6055272,1750,1737,train
2301,0.81130683,0.8093599,0.81766045,0.81086725,0.8125086274513338,-1.5689814,-1.5964456,1750,1737,train
2302,0.8113337,0.81026083,0.8172275,0.8113658,0.8122845128704629,-1.5689847,-1.6017365,1750,1737,train
2303,0.811319,0.811256,0.81685555,0.8119498,0.812075692699143,-1.568988,-1.6056659,1750,1737,train
2304,0.81083316,0.81189734,0.8164619,0.81226885,0.8118869423091166,-1.5689913,-1.614665,1750,1737,train
2305,0.81076014,0.814369,0.8155724,0.81374747,0.8116607544940366,-1.5689945,-1.6167979,1750,1737,train
2306,0.81021863,0.8095042,0.81603634,0.81047076,0.8114657440920693,-1.5689977,-1.6209166,1750,1737,train
2307,0.81022125,0.8088177,0.81528044,0.8097818,0.8112067882451643,-1.569001,-1.6238023,1750,1737,train
2308,0.81020117,0.808814,0.81496155,0.8096714,0.8109605013115706,-1.5690042,-1.6327701,1750,1737,train
2309,0.8096574,0.81035376,0.81550395,0.8109538,0.810729431972074,-1.5690074,-1.607162,1750,1737,train
2310,0.8096402,0.81217396,0.815199,0.81212854,0.810509772981846,-1.5690106,-1.6120805,1750,1737,train
2311,0.80969036,0.8107802,0.81484735,0.81105536,0.8102672381652987,-1.5690138,-1.6149454,1750,1737,train
2312,0.8091061,0.81009835,0.81425774,0.8103523,0.8100344913551477,-1.5690169,-1.6429684,1750,1737,train
2313,0.809095,0.8108584,0.81432843,0.81095254,0.8098727457952347,-1.5690202,-1.6221638,1750,1737,train
2314,0.80910707,0.8092436,0.81394196,0.809714,0.8096665856308779,-1.5690233,-1.6257894,1750,1737,train
2315,0.80856526,0.80756134,0.8137628,0.80851066,0.8094367615490444,-1.5690265,-1.6186783,1750,1737,train
2316,0.80856156,0.80649495,0.8134315,0.8076529,0.8092156449620534,-1.5690296,-1.6289327,1750,1737,train
2317,0.80852854,0.8066718,0.8134644,0.80780315,0.8090100709129622,-1.5690327,-1.6215725,1750,1737,train
2318,0.8079883,0.8105076,0.8131782,0.8103937,0.8089014812286164,-1.5690358,-1.6242173,1750,1737,train
2319,0.80800164,0.80826896,0.81259286,0.80866015,0.8086865412240747,-1.5690389,-1.6305304,1750,1737,train
2320,0.8079936,0.81142706,0.81175435,0.8106147,0.8084978665437874,-1.569042,-1.639282,1750,1737,train
2321,0.8079931,0.8118132,0.8110815,0.81071687,0.8083863594450362,-1.5690451,-1.6336845,1750,1737,train
2322,0.8074385,0.80435145,0.81183326,0.8057142,0.8081917941007137,-1.569048,-1.6349224,1750,1737,train
2323,0.807435,0.8047925,0.8117049,0.8059698,0.8080219821566977,-1.5690511,-1.6419505,1750,1737,train
2324,0.8074371,0.8063081,0.81110084,0.80683446,0.8078957520869505,-1.5690541,-1.6538899,1750,1737,train
2325,0.806875,0.80664474,0.8115879,0.8072364,0.8077233415456717,-1.5690572,-1.6391791,1750,1737,train
2326,0.8068855,0.8080246,0.81087446,0.80801016,0.80749724358241,-1.5690602,-1.6376905,1750,1737,train
2327,0.806896,0.8074934,0.81126845,0.80772734,0.8072726926343539,-1.5690632,-1.6451486,1750,1737,train
2328,0.8063157,0.8067229,0.8100389,0.80681545,0.8070681237921002,-1.5690662,-1.663066,1750,1737,train
2329,0.8063198,0.80677444,0.8101332,0.8069143,0.8068787871315493,-1.5690693,-1.6478255,1750,1737,train
2330,0.8063423,0.8063439,0.8097507,0.8065022,0.8067260481508656,-1.5690722,-1.6515331,1750,1737,train
2331,0.8057919,0.8048827,0.80916655,0.80533683,0.8066444375357729,-1.5690751,-1.6473823,1750,1737,train
2332,0.80576414,0.8061511,0.8093182,0.8062854,0.8064640051589531,-1.5690781,-1.6378391,1750,1737,train
2333,0.8057504,0.80688196,0.8087318,0.8066269,0.806264978272839,-1.5690811,-1.6420096,1750,1737,train
2334,0.8057756,0.8062195,0.8091315,0.8062884,0.8060628185172367,-1.569084,-1.6355913,1750,1737,train
2335,0.80521107,0.8074344,0.8080493,0.8068103,0.8058749088741555,-1.5690869,-1.6494064,1750,1737,train
2336,0.8052101,0.8080253,0.80820537,0.8072823,0.8057607370499144,-1.5690899,-1.6420609,1750,1737,train
2337,0.80525064,0.80702657,0.80799615,0.8065399,0.8056251399446532,-1.5690928,-1.6379868,1750,1737,train
2338,0.80463994,0.8058211,0.8078407,0.8056439,0.8055067061729733,-1.5690956,-1.6435783,1750,1737,train
2339,0.80465776,0.8050965,0.80714643,0.8049339,0.8054007857679344,-1.5690986,-1.6509631,1750,1737,train
2340,0.80464673,0.805733,0.80685043,0.8053014,0.8052264929758234,-1.5691015,-1.649621,1750,1737,train
2341,0.80464554,0.8054549,0.80630076,0.80496025,0.8050501453238779,-1.5691043,-1.6494391,1750,1737,train
2342,0.8041078,0.80575365,0.8067223,0.8053003,0.8048717428121137,-1.5691072,-1.6419384,1750,1737,train
2343,0.8040912,0.8054333,0.80669105,0.8050695,0.8046912854405308,-1.56911,-1.641555,1750,1737,train
2344,0.8040834,0.8061213,0.8059522,0.80532783,0.8045087732091293,-1.5691128,-1.650759,1750,1737,train
2345,0.80353034,0.8031911,0.80596113,0.80326045,0.8043242061179089,-1.5691156,-1.6617205,1750,1737,train
2346,0.80353594,0.80127084,0.8056084,0.80183536,0.80413758416687,-1.5691185,-1.6582855,1750,1737,train
2347,0.80354655,0.80332,0.805403,0.8031994,0.8039489073560122,-1.5691212,-1.6620471,1750,1737,train
2348,0.8029712,0.8031216,0.8055947,0.8031511,0.8037581756853359,-1.5691241,-1.6464945,1750,1737,train
2349,0.8029733,0.8039109,0.80459225,0.8034093,0.8035653891548408,-1.5691268,-1.6556056,1750,1737,train
2350,0.80298334,0.8032215,0.8045491,0.80294424,0.803370547764527,-1.5691297,-1.6446168,1750,1737,train
2351,0.8024236,0.8074271,0.80357397,0.80556196,0.8031736515143945,-1.5691324,-1.6657174,1750,1737,train
2352,0.8023995,0.80422086,0.80361915,0.8033915,0.8029747004044433,-1.5691352,-1.644381,1750,1737,train
2353,0.80244666,0.8039275,0.80352724,0.80311745,0.8027736944346734,-1.5691379,-1.6625385,1750,1737,train
2354,0.80241,0.8041342,0.8033353,0.80324453,0.8025706336050848,-1.5691407,-1.6485462,1750,1737,train
2355,0.8018746,0.80332965,0.8026873,0.80247533,0.8023655179156776,-1.5691434,-1.6623666,1750,1737,train
2356,0.8018715,0.80233675,0.80283237,0.80180645,0.8021583473664515,-1.5691462,-1.6687018,1750,1737,train
2357,0.8018553,0.80281454,0.80234516,0.80200845,0.8019491219574069,-1.5691489,-1.6687486,1750,1737,train
2358,0.8013113,0.8022819,0.8026663,0.8017527,0.8017378416885435,-1.5691516,-1.6569173,1750,1737,train
2359,0.8013194,0.80192775,0.8027383,0.8014839,0.8015245065598614,-1.5691543,-1.6736012,1750,1737,train
2360,0.8013236,0.80316883,0.8023248,0.8022448,0.8013091165713606,-1.569157,-1.6708579,1750,1737,train
2361,0.80076385,0.80219275,0.8009509,0.8011585,0.8010916717230411,-1.5691596,-1.6856396,1750,1737,train
2362,0.80076367,0.80209196,0.80067086,0.8010219,0.8008721720149029,-1.5691624,-1.6820186,1750,1737,train
2363,0.8002237,0.8000713,0.80102503,0.79971,0.800650617446946,-1.569165,-1.6813605,1750,1737,train
2364,0.80021995,0.8003792,0.8006066,0.7998121,0.8004270080191704,-1.5691676,-1.6814064,1750,1737,train
