cycle_index,true_soh,pred_soh_deepopinn,pred_soh_lax,pred_soh_fusion_raw,pred_soh_fusion_post,true_kpd,pred_kpd,true_knee_cycle,pred_knee_cycle,split
0,1.0930574,1.0791675,1.0801182,1.0764446,1.067132789380502,1.5701296,1.4223886,1500,1405,train
1,1.0906899,1.0664507,1.072869,1.0658991,1.0672062411683232,1.5701292,1.5116378,1500,1405,train
2,1.0899695,1.0672165,1.070639,1.0657439,1.067281283570806,1.5701288,1.4747231,1500,1405,train
3,1.0898275,1.0682495,1.0721028,1.0668678,1.067357916587951,1.5701283,1.4810749,1500,1405,train
4,1.0895909,1.0688444,1.0726821,1.0674199,1.0674361402197576,1.5701278,1.4745412,1500,1405,train
5,1.0891013,1.0644512,1.0697913,1.0635523,1.0675159544662263,1.5701275,1.4557867,1500,1405,train
6,1.088517,1.0676441,1.0719213,1.0663366,1.0675973593273567,1.570127,1.4552944,1500,1405,train
7,1.0885248,1.0676298,1.0716114,1.0662162,1.067680354803149,1.5701265,1.4439293,1500,1405,train
8,1.0879653,1.0672436,1.0745704,1.0669272,1.0677649408936032,1.570126,1.5209609,1500,1405,train
9,1.0879487,1.0691202,1.0750352,1.0684838,1.0678511175987193,1.5701256,1.5745971,1500,1405,train
10,1.0879457,1.0715704,1.0744585,1.0699465,1.0679388849184972,1.5701252,1.5404186,1500,1405,train
11,1.0874104,1.0659565,1.0701706,1.0649052,1.068028242852937,1.5701247,1.5409572,1500,1405,train
12,1.087044,1.0678644,1.0744674,1.0674725,1.0681191914020387,1.5701243,1.5795178,1500,1405,train
13,1.0870405,1.0666078,1.0735958,1.0663865,1.0682117305658023,1.5701238,1.5873611,1500,1405,train
14,1.0868133,1.0711026,1.0735109,1.0694277,1.068305860344228,1.5701234,1.5649302,1500,1405,train
15,1.0864928,1.0720739,1.0757921,1.0707535,1.0684015807373153,1.570123,1.5819463,1500,1405,train
16,1.0865803,1.070998,1.0751971,1.0695835,1.0684988917450644,1.5701225,1.4730524,1500,1405,train
17,1.0862645,1.0661201,1.0701976,1.064767,1.0685977933674755,1.570122,1.4343762,1500,1405,train
18,1.0856992,1.0661998,1.0719624,1.065325,1.0686982856045484,1.5701215,1.4468822,1500,1405,train
19,1.0859985,1.0662601,1.0720239,1.0654187,1.0688003684562832,1.570121,1.4614524,1500,1405,train
20,1.0853916,1.0743206,1.0756218,1.0720094,1.06890404192268,1.5701207,1.476018,1500,1405,train
21,1.0854485,1.0750957,1.073751,1.0719995,1.0690093060037387,1.5701202,1.4566826,1500,1405,train
22,1.085404,1.0743685,1.0742916,1.0716311,1.069116160699459,1.5701197,1.4531159,1500,1405,train
23,1.0848359,1.0669887,1.0725803,1.0660644,1.0692246060098414,1.5701193,1.4577842,1500,1405,train
24,1.0846446,1.0675716,1.0736884,1.0668684,1.0693346419348857,1.5701188,1.5001929,1500,1405,train
25,1.0849026,1.0674094,1.0721002,1.0663965,1.069446268474571,1.5701183,1.5272824,1500,1405,train
26,1.0842887,1.073585,1.0742908,1.0712398,1.0698239930545457,1.570118,1.5159218,1500,1405,train
27,1.084626,1.0758947,1.0748395,1.0730351,1.0699564107382389,1.5701175,1.53495,1500,1405,train
28,1.0845579,1.0760624,1.0763469,1.0735619,1.070061257224161,1.570117,1.537841,1500,1405,train
29,1.0839715,1.07436,1.076334,1.0723698,1.0703670564017624,1.5701165,1.5346718,1500,1405,train
30,1.0841861,1.0755697,1.0767752,1.0733197,1.0705309482567684,1.570116,1.531611,1500,1405,train
31,1.0839525,1.0772339,1.0756218,1.0741186,1.0705356480038268,1.5701156,1.5123564,1500,1405,train
32,1.0836985,1.0696108,1.0734594,1.068249,1.0707613928390336,1.5701151,1.5113469,1500,1405,train
33,1.0839216,1.075922,1.0777992,1.0738218,1.0708545981297024,1.5701146,1.5249612,1500,1405,train
34,1.0833758,1.071344,1.0743256,1.0696812,1.0709386565962689,1.5701143,1.5104747,1500,1405,train
35,1.0834073,1.0698264,1.0753186,1.0689149,1.07107632507533,1.5701138,1.5191056,1500,1405,train
36,1.0833738,1.067951,1.0734718,1.0670766,1.0712453367491241,1.5701133,1.5013983,1500,1405,train
37,1.0833651,1.0679353,1.0733893,1.067024,1.07126069962929,1.5701128,1.4933071,1500,1405,train
38,1.0833526,1.0671809,1.0730292,1.0664122,1.0715025043311286,1.5701123,1.4966344,1500,1405,train
39,1.0827537,1.0769069,1.0764325,1.0741066,1.0714633247666288,1.5701119,1.5114365,1500,1405,train
40,1.082772,1.0771365,1.07479,1.07377,1.071512445857726,1.5701114,1.4882755,1500,1405,train
41,1.0828017,1.0769331,1.0766644,1.0741808,1.0716306425852076,1.5701109,1.5089798,1500,1405,train
42,1.0827384,1.0763501,1.0767801,1.0738031,1.0717219255791672,1.5701104,1.5072402,1500,1405,train
43,1.0827479,1.0778595,1.0768019,1.0748572,1.071717831131999,1.57011,1.5077236,1500,1405,train
44,1.0821794,1.0703043,1.074157,1.0688801,1.0717254503361329,1.5701095,1.4961873,1500,1405,train
45,1.0821658,1.0720973,1.0735517,1.0699465,1.0717012713904583,1.570109,1.489823,1500,1405,train
46,1.0821674,1.0686905,1.0729699,1.0674337,1.0718170871237362,1.5701085,1.492481,1500,1405,train
47,1.0821425,1.0727637,1.0754519,1.0709761,1.0720690465269713,1.570108,1.5140129,1500,1405,train
48,1.0821259,1.0679765,1.0733457,1.0670146,1.0721872505340797,1.5701076,1.4825063,1500,1405,train
49,1.0816025,1.0764482,1.0771221,1.0739634,1.07208447000679,1.5701071,1.5075479,1500,1405,train
50,1.0815923,1.0769027,1.0753384,1.0737587,1.0720283503996515,1.5701066,1.4899473,1500,1405,train
51,1.0813751,1.0772824,1.0764227,1.0743078,1.0719495685662677,1.5701061,1.4881287,1500,1405,train
52,1.0815973,1.0762099,1.0751262,1.0732,1.0720235165681313,1.5701057,1.4811879,1500,1405,train
53,1.0810146,1.0763774,1.0774739,1.0739723,1.072039771799318,1.5701052,1.4926562,1500,1405,train
54,1.0810143,1.0691403,1.07321,1.0677859,1.072138277014735,1.5701047,1.4825318,1500,1405,train
55,1.0810146,1.0652382,1.0719738,1.0647504,1.0722120341937103,1.5701042,1.4837642,1500,1405,train
56,1.0810404,1.0758927,1.0787992,1.073958,1.072335228193295,1.5701038,1.4791818,1500,1405,train
57,1.0809883,1.0695583,1.0747573,1.0684185,1.0724050060220507,1.5701033,1.4530996,1500,1405,train
58,1.0804417,1.0743887,1.0756602,1.0720034,1.0722715067656419,1.5701028,1.4498236,1500,1405,train
59,1.080428,1.075145,1.0761726,1.0726695,1.0723082036236742,1.5701023,1.4516168,1500,1405,train
60,1.0804386,1.0748242,1.0755819,1.0722585,1.0721896375145348,1.5701019,1.4390734,1500,1405,train
61,1.080411,1.07635,1.0737271,1.0727854,1.0720688517942538,1.5701014,1.4246128,1500,1405,train
62,1.0804287,1.0754771,1.0756814,1.0727501,1.071846570036296,1.5701009,1.4440305,1500,1405,train
63,1.0796446,1.0678828,1.0722284,1.0665365,1.0716712750292936,1.5701004,1.435573,1500,1405,train
64,1.0798486,1.0762966,1.0785723,1.0741445,1.0714091928621343,1.5701,1.4655995,1500,1405,train
65,1.0798439,1.0766574,1.0779767,1.0742593,1.0712315980627891,1.5700995,1.475421,1500,1405,train
66,1.0799001,1.0758847,1.0777957,1.0736516,1.071065003811035,1.570099,1.4658422,1500,1405,train
67,1.0798563,1.0758519,1.0782044,1.0737417,1.0709462530569693,1.5700985,1.467284,1500,1405,train
68,1.0798748,1.0647621,1.0724281,1.06449,1.070912502263372,1.570098,1.4624499,1500,1405,train
69,1.0792875,1.0730381,1.073983,1.0706213,1.0708869830131122,1.5700976,1.4513478,1500,1405,train
70,1.0793117,1.0730454,1.0733521,1.0704589,1.0707220512245323,1.570097,1.4519044,1500,1405,train
71,1.0793381,1.0747097,1.0736549,1.0716952,1.0706043990190777,1.5700965,1.4522139,1500,1405,train
72,1.0795416,1.067687,1.0733722,1.0667441,1.0703837475411073,1.570096,1.4508548,1500,1405,train
73,1.0791523,1.0727007,1.0742198,1.070458,1.0702533139526467,1.5700955,1.4544029,1500,1405,train
74,1.0788231,1.0743477,1.075149,1.0718567,1.070191971650688,1.5700951,1.4574703,1500,1405,train
75,1.07879,1.071444,1.0757613,1.0700067,1.0701539721390778,1.5700946,1.4577026,1500,1405,train
76,1.078858,1.069601,1.076477,1.068953,1.0701599170911458,1.5700941,1.4714689,1500,1405,train
77,1.0782872,1.0694267,1.0712929,1.0674301,1.070146885230654,1.5700936,1.4655309,1500,1405,train
78,1.078306,1.0730598,1.0745692,1.0708503,1.0701493602929733,1.570093,1.474829,1500,1405,train
79,1.0782814,1.071167,1.0712955,1.0686226,1.0702052317042594,1.5700926,1.4590247,1500,1405,train
80,1.0783292,1.069716,1.0727103,1.0679934,1.070023976362387,1.5700921,1.4586186,1500,1405,train
81,1.0782619,1.0685918,1.071262,1.0668279,1.0700131878420283,1.5700916,1.4594624,1500,1405,train
82,1.0782932,1.0715243,1.0729969,1.0693485,1.0700721719283186,1.5700911,1.4683695,1500,1405,train
83,1.0777358,1.0727477,1.0729353,1.0701408,1.0699649459845826,1.5700907,1.4519236,1500,1405,train
84,1.0777544,1.0719264,1.0735388,1.069719,1.0700649654190824,1.57009,1.446362,1500,1405,train
85,1.0777411,1.0731214,1.0745245,1.0708475,1.0702159029810443,1.5700896,1.4610431,1500,1405,train
86,1.0776842,1.0712645,1.0750077,1.0696735,1.07036149119726,1.5700891,1.4548215,1500,1405,train
87,1.0777057,1.0724151,1.0750335,1.0704949,1.070526279499427,1.5700886,1.4614748,1500,1405,train
88,1.0777339,1.0692499,1.0727277,1.0676653,1.070623253808783,1.5700881,1.4547719,1500,1405,train
89,1.0777054,1.0696068,1.0749774,1.068547,1.0705497582967498,1.5700876,1.4679065,1500,1405,train
90,1.077147,1.0758525,1.0760331,1.0731463,1.0705793882977337,1.5700871,1.4612193,1500,1405,train
91,1.0771405,1.0756638,1.0773288,1.0734061,1.070670530459536,1.5700866,1.4793262,1500,1405,train
92,1.0771556,1.0758516,1.0761917,1.0731785,1.0706950402637097,1.5700861,1.457278,1500,1405,train
93,1.077125,1.0731378,1.0736268,1.0706447,1.0706117530190618,1.5700856,1.4717941,1500,1405,train
94,1.0771254,1.0750232,1.0743694,1.0721309,1.070504918703588,1.570085,1.4633297,1500,1405,train
95,1.0766003,1.0733082,1.0752058,1.071178,1.0703762739241096,1.5700846,1.4686594,1500,1405,train
96,1.0765643,1.0721543,1.0749965,1.0702649,1.0702080796800437,1.5700841,1.445414,1500,1405,train
97,1.0766469,1.065182,1.0721878,1.0646396,1.0701268873613268,1.5700836,1.430569,1500,1405,train
98,1.0766474,1.0650787,1.0698941,1.0639598,1.0698936086361883,1.570083,1.4329879,1500,1405,train
99,1.0766529,1.0640526,1.0703007,1.0633565,1.0698996498867026,1.5700825,1.4329717,1500,1405,train
100,1.0760815,1.0747733,1.0717189,1.0711462,1.0698385755646562,1.5700821,1.4213527,1500,1405,train
101,1.0761368,1.072234,1.0736363,1.0699244,1.0697190985463076,1.5700815,1.4322834,1500,1405,train
102,1.0761455,1.0740552,1.0753775,1.0717051,1.0695951078137085,1.570081,1.4534309,1500,1405,train
103,1.076067,1.0741522,1.0717168,1.0707024,1.0695748034710122,1.5700805,1.416227,1500,1405,train
104,1.0760998,1.0725967,1.0735555,1.0701288,1.0696079803297576,1.57008,1.4218036,1500,1405,train
105,1.0760801,1.0743763,1.0759026,1.0720699,1.0695420048477433,1.5700794,1.4540482,1500,1405,train
106,1.0760659,1.0738814,1.0742545,1.0712228,1.069392034452789,1.570079,1.4282329,1500,1405,train
107,1.0761087,1.0732548,1.0738158,1.0706688,1.0692945341525928,1.5700785,1.4274261,1500,1405,train
108,1.0760869,1.0743866,1.0717002,1.0708526,1.0692069645864613,1.5700779,1.412991,1500,1405,train
109,1.0754714,1.0682712,1.072628,1.0669372,1.069147068259784,1.5700774,1.4455221,1500,1405,train
110,1.0754855,1.0665753,1.0711203,1.0653104,1.0690545025772171,1.570077,1.4263713,1500,1405,train
111,1.0754931,1.0655341,1.0702114,1.0643394,1.068865327530592,1.5700763,1.4242058,1500,1405,train
112,1.0754477,1.0643533,1.0695553,1.0633558,1.0687805124364622,1.5700759,1.4288927,1500,1405,train
113,1.0754223,1.0663755,1.0700374,1.0649359,1.0686368749388222,1.5700754,1.448617,1500,1405,train
114,1.0754547,1.0641668,1.069598,1.0632534,1.0682467897793144,1.5700748,1.4353461,1500,1405,train
115,1.0755057,1.0677646,1.0718877,1.0664339,1.0679232548629205,1.5700743,1.4645946,1500,1405,train
116,1.075461,1.0658219,1.0697222,1.0644636,1.0677497262481863,1.5700738,1.4470615,1500,1405,train
117,1.0748755,1.0665092,1.074067,1.0661058,1.0676407540148607,1.5700732,1.4480363,1500,1405,train
118,1.074882,1.0735354,1.0719867,1.0704311,1.0675892644636946,1.5700728,1.4509747,1500,1405,train
119,1.0748725,1.072824,1.0721774,1.0699792,1.0674793443424917,1.5700722,1.4471016,1500,1405,train
120,1.0748681,1.0731225,1.0719272,1.0701183,1.0675169137242824,1.5700717,1.4466777,1500,1405,train
121,1.0748878,1.0747732,1.0738063,1.0718342,1.067604742756727,1.5700712,1.4746205,1500,1405,train
122,1.0744313,1.0729506,1.0749383,1.0708263,1.0676404491399851,1.5700706,1.4554965,1500,1405,train
123,1.0743802,1.073238,1.0760331,1.071322,1.067725195317974,1.5700701,1.4568205,1500,1405,train
124,1.0743723,1.0684888,1.0709548,1.0666625,1.067787903567922,1.5700696,1.4546738,1500,1405,train
125,1.074376,1.0723891,1.0751812,1.0705172,1.0677400122855316,1.5700691,1.4618429,1500,1405,train
126,1.0743933,1.0733385,1.0754278,1.0712421,1.067631043621815,1.5700685,1.4619474,1500,1405,train
127,1.0743694,1.0733501,1.0734109,1.0706584,1.0675347745236075,1.570068,1.4406201,1500,1405,train
128,1.0743611,1.0665246,1.0702002,1.0650723,1.0674823532531121,1.5700674,1.4442104,1500,1405,train
129,1.0738238,1.0667977,1.0724661,1.0658643,1.0674705884365103,1.5700669,1.4425828,1500,1405,train
130,1.0738124,1.0677404,1.0723289,1.0664698,1.0674590692452102,1.5700665,1.4376543,1500,1405,train
131,1.0738292,1.0692306,1.0744274,1.0681179,1.0675125140863202,1.5700659,1.4592766,1500,1405,train
132,1.0737602,1.0648375,1.0714202,1.06421,1.0676062960741022,1.5700654,1.4367818,1500,1405,train
133,1.0738466,1.0663798,1.0715348,1.0653068,1.0677491729236437,1.5700648,1.4350721,1500,1405,train
134,1.0738094,1.0653651,1.0709805,1.0644532,1.067852969180288,1.5700643,1.4346151,1500,1405,train
135,1.073783,1.0649681,1.0719146,1.0644226,1.0678485596921485,1.5700637,1.4324567,1500,1405,train
136,1.0738087,1.0702585,1.0738033,1.0686259,1.0677994374642843,1.5700632,1.443624,1500,1405,train
137,1.0738695,1.0643831,1.0706586,1.0636578,1.0676508449844206,1.5700626,1.423142,1500,1405,train
138,1.0737773,1.067208,1.0719424,1.065963,1.0675349380046928,1.5700622,1.4236802,1500,1405,train
139,1.0732085,1.0739837,1.0752108,1.071586,1.067415614611852,1.5700616,1.443162,1500,1405,train
140,1.0732126,1.0736542,1.0723758,1.0705469,1.067201802232576,1.5700611,1.4218558,1500,1405,train
141,1.0732024,1.0736365,1.0732994,1.0708473,1.0670049783610802,1.5700605,1.4487734,1500,1405,train
142,1.0732213,1.0727167,1.0731844,1.070157,1.066801737401334,1.5700599,1.440018,1500,1405,train
143,1.0732099,1.0713316,1.0726409,1.0690737,1.0666383002826907,1.5700594,1.4494755,1500,1405,train
144,1.0732585,1.0710578,1.0740831,1.0692862,1.0665720783464263,1.5700588,1.4563113,1500,1405,train
145,1.0726643,1.0667514,1.0735728,1.0661681,1.0664674018300695,1.5700583,1.4588882,1500,1405,train
146,1.0727124,1.064738,1.0689764,1.0634289,1.0664260203755673,1.5700577,1.4128697,1500,1405,train
147,1.072715,1.0649768,1.0696957,1.0638472,1.0664426543660614,1.5700573,1.4376016,1500,1405,train
148,1.0727729,1.0626752,1.0687623,1.0620174,1.0665414771227968,1.5700567,1.4447036,1500,1405,train
149,1.072738,1.064055,1.0660074,1.0621699,1.0666855752323439,1.5700561,1.4168884,1500,1405,train
150,1.0722402,1.0674964,1.0702503,1.0657191,1.0665763824365861,1.5700556,1.427387,1500,1405,train
151,1.0721952,1.070755,1.0729234,1.0687612,1.066570900961293,1.570055,1.4544445,1500,1405,train
152,1.0721859,1.0698519,1.0716915,1.0677829,1.0666135270834736,1.5700545,1.445338,1500,1405,train
153,1.0721817,1.0714649,1.0713626,1.06883,1.066702620837672,1.5700539,1.4519613,1500,1405,train
154,1.0722073,1.0700788,1.0692457,1.0672476,1.0666426799988848,1.5700533,1.4296628,1500,1405,train
155,1.0722034,1.0698926,1.0694907,1.0671732,1.0666158973040456,1.5700529,1.4252702,1500,1405,train
156,1.0721867,1.0695028,1.0719603,1.0676138,1.0664652508542525,1.5700523,1.4458754,1500,1405,train
157,1.0721785,1.068526,1.069185,1.0661405,1.0664128891276483,1.5700517,1.4241496,1500,1405,train
158,1.072183,1.0660061,1.0685945,1.0642352,1.0661574998078078,1.5700512,1.4246933,1500,1405,train
159,1.0722275,1.06851,1.0689337,1.0660594,1.0660416880734647,1.5700506,1.4229469,1500,1405,train
160,1.0721807,1.0673876,1.0713487,1.0659666,1.0659437642264347,1.57005,1.4393389,1500,1405,train
161,1.0716318,1.0664549,1.071886,1.0654142,1.0657562912003034,1.5700495,1.419127,1500,1405,train
162,1.0716969,1.0686202,1.0729034,1.0672421,1.0656329305604482,1.5700489,1.4410148,1500,1405,train
163,1.0716807,1.0652652,1.0706859,1.0642545,1.0653682524232804,1.5700483,1.4138334,1500,1405,train
164,1.0716717,1.0660142,1.0710531,1.0648731,1.0651980172564497,1.5700479,1.414036,1500,1405,train
165,1.0716709,1.0667543,1.0712183,1.0654179,1.06512995085824,1.5700473,1.4086804,1500,1405,train
166,1.0716234,1.069659,1.0711122,1.06743,1.0651028295095444,1.5700467,1.4190093,1500,1405,train
167,1.0716501,1.0594841,1.0651693,1.058753,1.0650816853447072,1.5700462,1.4084792,1500,1405,train
168,1.0713699,1.0669442,1.0676329,1.0646487,1.0650221709311223,1.5700456,1.4328662,1500,1405,train
169,1.0711465,1.0674152,1.069361,1.0654917,1.0649204843540736,1.570045,1.4549136,1500,1405,train
170,1.0711108,1.0686502,1.0710166,1.0667775,1.0648802709043546,1.5700444,1.4490647,1500,1405,train
171,1.071124,1.0673156,1.0685952,1.0651706,1.0647606853045397,1.5700439,1.4355948,1500,1405,train
172,1.0712401,1.0677797,1.0681546,1.0654045,1.0645561315953236,1.5700433,1.4479052,1500,1405,train
173,1.0707741,1.0633678,1.0666125,1.0618939,1.0643527382980453,1.5700427,1.4329209,1500,1405,train
174,1.0711306,1.0628738,1.0634825,1.0606949,1.0641061344455198,1.5700421,1.4253684,1500,1405,train
175,1.0709575,1.0657521,1.0695041,1.0643696,1.0637977566815293,1.5700417,1.4522744,1500,1405,train
176,1.0711356,1.0667408,1.0685108,1.0648079,1.06354105837624,1.5700411,1.4597896,1500,1405,train
177,1.0708687,1.0651668,1.0713936,1.0645047,1.063453302955511,1.5700405,1.466904,1500,1405,train
178,1.0706556,1.0632873,1.0701002,1.0628196,1.0631848356861768,1.5700399,1.4526212,1500,1405,train
179,1.0706123,1.0628259,1.0682148,1.0619614,1.0630217547157153,1.5700393,1.4389378,1500,1405,train
180,1.0706489,1.0615294,1.066673,1.0606537,1.0628939700203661,1.5700388,1.4408705,1500,1405,train
181,1.0706624,1.0673747,1.0676069,1.0649463,1.0626909090585737,1.5700382,1.4352717,1500,1405,train
182,1.070564,1.0638409,1.0702409,1.0632428,1.0625348125876313,1.5700376,1.4531902,1500,1405,train
183,1.0706002,1.068411,1.0691932,1.0661199,1.0623812870157279,1.570037,1.447586,1500,1405,train
184,1.07005,1.0634238,1.0663948,1.061985,1.0621594424242022,1.5700364,1.4783673,1500,1405,train
185,1.070104,1.0600922,1.065378,1.0594149,1.0620522636036291,1.5700358,1.4841537,1500,1405,train
186,1.0700557,1.0625921,1.0655763,1.0611799,1.0621289447678455,1.5700353,1.4747256,1500,1405,train
187,1.0700456,1.0645242,1.0663178,1.0627319,1.0619881242724731,1.5700347,1.4799678,1500,1405,train
188,1.0700696,1.0636848,1.0662436,1.0621339,1.0619402951288262,1.5700341,1.4817681,1500,1405,train
189,1.0700632,1.062476,1.0627942,1.0603417,1.061838466553152,1.5700336,1.4694167,1500,1405,train
190,1.0700477,1.0642338,1.0659328,1.0624557,1.061730261567112,1.570033,1.4916881,1500,1405,train
191,1.0700684,1.0626438,1.0630069,1.0605166,1.0618917718500802,1.5700324,1.4700847,1500,1405,train
192,1.069995,1.0629613,1.0638933,1.0609598,1.0621163353525225,1.5700318,1.4641356,1500,1405,train
193,1.070047,1.0630832,1.0676273,1.0621078,1.062167560514987,1.5700312,1.4903885,1500,1405,train
194,1.0694863,1.0643362,1.0682536,1.0630878,1.0622225709942945,1.5700307,1.466906,1500,1405,train
195,1.0695131,1.062585,1.0678333,1.0617822,1.0623597239240277,1.5700301,1.4759878,1500,1405,train
196,1.0695281,1.0624739,1.067255,1.0615381,1.062483255289493,1.5700295,1.4709668,1500,1405,train
197,1.0694999,1.0619926,1.0675691,1.0612755,1.0624626326575344,1.5700289,1.4657223,1500,1405,train
198,1.0699857,1.0620964,1.0660312,1.060989,1.0624458933257637,1.5700283,1.4876289,1500,1405,train
199,1.0698483,1.0609251,1.0644667,1.0596857,1.0622774706888065,1.5700277,1.4581026,1500,1405,train
200,1.0694666,1.0613776,1.067347,1.0608318,1.062038703027837,1.5700271,1.4832411,1500,1405,train
201,1.0694451,1.0630367,1.067902,1.0621449,1.0619753628976407,1.5700265,1.4886771,1500,1405,train
202,1.0695045,1.0598315,1.066396,1.0595233,1.0619463540896787,1.5700259,1.4910955,1500,1405,train
203,1.0692017,1.0674427,1.0682023,1.065306,1.061931179399747,1.5700253,1.4982837,1500,1405,train
204,1.0692033,1.0660828,1.0663323,1.0638754,1.061897325379098,1.5700247,1.5038868,1500,1405,train
205,1.0694618,1.0619655,1.0692474,1.0618355,1.061819221320554,1.5700241,1.5190821,1500,1405,train
206,1.0689061,1.066977,1.0682704,1.0650423,1.0617322441043535,1.5700235,1.5152882,1500,1405,train
207,1.0689143,1.0679154,1.0657994,1.0649838,1.0617443497079364,1.570023,1.4954288,1500,1405,train
208,1.0688782,1.0659529,1.0686113,1.0643684,1.0617622923166583,1.5700223,1.4928198,1500,1405,train
209,1.0688921,1.0679126,1.067645,1.0654507,1.0618577770026738,1.5700217,1.485088,1500,1405,train
210,1.0688533,1.0655606,1.068402,1.0640128,1.0618432973253924,1.5700212,1.4815156,1500,1405,train
211,1.0689116,1.0592055,1.0615335,1.0577458,1.061692002921308,1.5700206,1.4740754,1500,1405,train
212,1.0688227,1.0665809,1.0683,1.0646782,1.0616269324918597,1.57002,1.4752666,1500,1405,train
213,1.0688592,1.0660561,1.0680366,1.0642403,1.0616208261945315,1.5700194,1.4739486,1500,1405,train
214,1.0688548,1.0655243,1.0677893,1.0637879,1.0615995622371703,1.5700188,1.4668368,1500,1405,train
215,1.0688533,1.0667424,1.069736,1.0651939,1.0615205322970394,1.5700182,1.4831803,1500,1405,train
216,1.0683242,1.0570291,1.0629771,1.0565814,1.0615428866998362,1.5700175,1.457432,1500,1405,train
217,1.0683533,1.0567806,1.0607706,1.0558386,1.0614850443997916,1.5700169,1.4658539,1500,1405,train
218,1.0683349,1.0593684,1.0662678,1.0591464,1.0614388394364744,1.5700163,1.4823291,1500,1405,train
219,1.0683193,1.0581185,1.0659761,1.0581975,1.0614274918807376,1.5700157,1.4810022,1500,1405,train
220,1.0683413,1.0564376,1.0611688,1.0557036,1.0614858487688539,1.5700151,1.4644405,1500,1405,train
221,1.0683347,1.0571839,1.0641713,1.0570691,1.0615962927234703,1.5700145,1.4823622,1500,1405,train
222,1.0683175,1.0620426,1.064276,1.0604725,1.0615593534722259,1.5700139,1.4837611,1500,1405,train
223,1.0683559,1.0629208,1.0639763,1.0609877,1.0617566380393333,1.5700133,1.4780606,1500,1405,train
224,1.0678345,1.0640448,1.0684111,1.0629867,1.0618257540700862,1.5700126,1.4911369,1500,1405,train
225,1.0677835,1.0670459,1.0660222,1.064408,1.06182871034382,1.570012,1.4821942,1500,1405,train
226,1.0677328,1.063554,1.0680295,1.0625495,1.0618272659346304,1.5700114,1.4933963,1500,1405,train
227,1.067742,1.0642946,1.0659283,1.0624592,1.061702194007338,1.5700108,1.476263,1500,1405,train
228,1.0677644,1.0640657,1.0660782,1.0623317,1.0615823484362803,1.5700102,1.4725803,1500,1405,train
229,1.0677905,1.0622143,1.0681837,1.0616682,1.0616306453202524,1.5700096,1.4963034,1500,1405,train
230,1.0677378,1.0646515,1.0651071,1.0624714,1.0615678765867582,1.5700089,1.4697706,1500,1405,train
231,1.0677445,1.0631089,1.0649788,1.0613832,1.0614583561807918,1.5700083,1.4766593,1500,1405,train
232,1.0677724,1.0647057,1.064954,1.0625312,1.0614777516853007,1.5700077,1.4958045,1500,1405,train
233,1.0677326,1.0627313,1.0646133,1.0610838,1.061519585105803,1.5700071,1.5015475,1500,1405,train
234,1.0677396,1.0637691,1.0648003,1.0618534,1.0615666546598135,1.5700065,1.5012597,1500,1405,train
235,1.067669,1.0637426,1.065213,1.0619569,1.0617049027332577,1.5700058,1.505923,1500,1405,train
236,1.0676581,1.0655122,1.0684764,1.0640985,1.0617556329135,1.5700052,1.5224762,1500,1405,train
237,1.0676209,1.0650234,1.0658083,1.0630093,1.061615956761424,1.5700046,1.5076759,1500,1405,train
238,1.0676453,1.0647624,1.065815,1.0628152,1.0616415590874546,1.570004,1.5016273,1500,1405,train
239,1.0676986,1.0653588,1.0652597,1.0630814,1.061723377459479,1.5700033,1.5020639,1500,1405,train
240,1.0674704,1.0651791,1.0669085,1.063414,1.0618304885384802,1.5700027,1.5086007,1500,1405,train
241,1.0676534,1.0632342,1.0672965,1.0621823,1.061999961264307,1.5700021,1.5143886,1500,1405,train
242,1.0676298,1.0653945,1.0650706,1.0630293,1.0618932460474162,1.5700014,1.4912076,1500,1405,train
243,1.0675862,1.0649579,1.0662557,1.0630693,1.061719315881338,1.5700008,1.501874,1500,1405,train
244,1.0675808,1.0648575,1.0669601,1.0631821,1.061588448893166,1.5700002,1.499332,1500,1405,train
245,1.0673382,1.056874,1.0607301,1.0559651,1.0614434950872473,1.5699995,1.4956815,1500,1405,train
246,1.0670867,1.0598345,1.0635241,1.0587662,1.0612103370240835,1.5699989,1.4950931,1500,1405,train
247,1.0674677,1.0654045,1.0660365,1.0632973,1.060946514421278,1.5699983,1.4922411,1500,1405,train
248,1.0669985,1.0547099,1.0605519,1.0543942,1.060724603476062,1.5699975,1.4870023,1500,1405,train
249,1.0670143,1.0576158,1.0632855,1.0571381,1.0605016651098056,1.569997,1.4850246,1500,1405,train
250,1.0670145,1.0573454,1.0629972,1.0568823,1.0603268601464357,1.5699964,1.4887204,1500,1405,train
251,1.0669763,1.0572608,1.0636034,1.0569742,1.0602002379232454,1.5699956,1.4838914,1500,1405,train
252,1.0670074,1.0644531,1.0637333,1.0620465,1.0600124700020235,1.569995,1.5029233,1500,1405,train
253,1.0670172,1.0612803,1.060327,1.0588791,1.0598134585729657,1.5699944,1.4808308,1500,1405,train
254,1.0670043,1.06093,1.0600617,1.0585723,1.0594739693985322,1.5699937,1.4838632,1500,1405,train
255,1.0670407,1.0632875,1.0636561,1.0612148,1.0591674511606703,1.5699931,1.502043,1500,1405,train
256,1.0664253,1.0633901,1.0626667,1.0609868,1.0589086972329547,1.5699924,1.4879133,1500,1405,train
257,1.066451,1.0623175,1.0617414,1.0600636,1.0586250483639834,1.5699918,1.5162897,1500,1405,train
258,1.0664308,1.06088,1.0641551,1.0597022,1.058378997630789,1.5699912,1.5121441,1500,1405,train
259,1.0664359,1.0606861,1.0629569,1.0592625,1.058089248323833,1.5699905,1.5185988,1500,1405,train
260,1.0664761,1.0584714,1.0619984,1.057477,1.0578689574358053,1.5699899,1.521918,1500,1405,train
261,1.0664737,1.0606104,1.0631362,1.0592487,1.0576520437302903,1.5699892,1.5147655,1500,1405,train
262,1.0664482,1.0603269,1.0633786,1.0591197,1.0575528741895222,1.5699886,1.5159285,1500,1405,train
263,1.0664058,1.0628132,1.06151,1.0603006,1.0575433665405642,1.5699879,1.4977419,1500,1405,train
264,1.0663795,1.0593557,1.063237,1.058404,1.0576014133830014,1.5699873,1.514337,1500,1405,train
265,1.0658916,1.0587354,1.0602124,1.057194,1.057631761032063,1.5699866,1.5268571,1500,1405,train
266,1.0659434,1.0584146,1.0587481,1.0565493,1.057642141774513,1.569986,1.5145129,1500,1405,train
267,1.0658828,1.0590425,1.0575235,1.0566621,1.057535075231923,1.5699853,1.5165211,1500,1405,train
268,1.066028,1.0654671,1.0629582,1.0625732,1.0575034603175586,1.5699847,1.515498,1500,1405,train
269,1.0654155,1.0593827,1.0591174,1.0572829,1.0575215679923584,1.569984,1.4992101,1500,1405,train
270,1.0654578,1.056252,1.0612655,1.0557373,1.057520353372042,1.5699834,1.5206379,1500,1405,train
271,1.0653931,1.0548496,1.0606012,1.0545741,1.0575276947217844,1.5699826,1.5157052,1500,1405,train
272,1.0654789,1.0557867,1.0604259,1.0551636,1.057480703839587,1.569982,1.509933,1500,1405,train
273,1.0654516,1.0569702,1.0602953,1.0559485,1.0575449544199655,1.5699813,1.5093048,1500,1405,train
274,1.065426,1.0563347,1.0612686,1.0557775,1.0573245917995318,1.5699806,1.5131913,1500,1405,train
275,1.0655147,1.0565473,1.0603479,1.0556855,1.0572302254488872,1.56998,1.5160547,1500,1405,train
276,1.0654255,1.0570688,1.0579535,1.0553641,1.057192125739802,1.5699793,1.4986975,1500,1405,train
277,1.0654087,1.0560054,1.0610101,1.0554717,1.057122695302615,1.5699787,1.5099005,1500,1405,train
278,1.065399,1.0562477,1.0606606,1.0555379,1.0571936711727148,1.569978,1.5064361,1500,1405,train
279,1.0648501,1.0631437,1.0612509,1.0604641,1.057181087562805,1.5699773,1.4991462,1500,1405,train
280,1.0648526,1.0603805,1.0638995,1.059283,1.0571635099587844,1.5699767,1.5104396,1500,1405,train
281,1.0648605,1.0615308,1.0598327,1.0589516,1.0572250259268257,1.569976,1.4935831,1500,1405,train
282,1.0648522,1.0606555,1.0628304,1.0591787,1.057231278410725,1.5699753,1.5067586,1500,1405,train
283,1.0648448,1.0610454,1.0634426,1.0596128,1.0572436009423274,1.5699747,1.5065949,1500,1405,train
284,1.064893,1.0637038,1.0593762,1.0603085,1.0572465748696962,1.569974,1.4816958,1500,1405,train
285,1.0648457,1.0609932,1.062463,1.0592974,1.0572253503481475,1.5699732,1.4996693,1500,1405,train
286,1.064846,1.0617669,1.0628116,1.059926,1.0571540035005962,1.5699726,1.4989603,1500,1405,train
287,1.0648341,1.0603294,1.0627525,1.0589172,1.0569985043991794,1.5699719,1.5008526,1500,1405,train
288,1.0642853,1.0572553,1.0573357,1.0553209,1.0568914130961375,1.5699712,1.4956864,1500,1405,train
289,1.064302,1.0539173,1.0560834,1.0526931,1.0568484176976054,1.5699706,1.5057287,1500,1405,train
290,1.0643082,1.0547544,1.0574958,1.0536757,1.0567817965078317,1.5699699,1.5152915,1500,1405,train
291,1.0643848,1.0560809,1.058281,1.0547994,1.0566697451273677,1.5699692,1.512384,1500,1405,train
292,1.0637658,1.060163,1.0599554,1.0580684,1.0565020171736415,1.5699685,1.5072438,1500,1405,train
293,1.0637648,1.0589808,1.059474,1.0571017,1.0564566308605239,1.5699679,1.5001364,1500,1405,train
294,1.0638195,1.0584385,1.0572724,1.0561435,1.0562679118814393,1.5699672,1.5032587,1500,1405,train
295,1.0638719,1.0592182,1.0610776,1.0577257,1.0560979768696073,1.5699664,1.5124333,1500,1405,train
296,1.0638077,1.0588541,1.0599233,1.0571561,1.0560223125796133,1.5699657,1.5091914,1500,1405,train
297,1.0637974,1.0582793,1.0572358,1.0560095,1.0556899097222687,1.5699651,1.4975884,1500,1405,train
298,1.0638119,1.0588979,1.059998,1.0572157,1.0554096464063014,1.5699644,1.5129776,1500,1405,train
299,1.063811,1.0596495,1.0617957,1.0582316,1.0552810280964753,1.5699637,1.5183308,1500,1405,train
300,1.0637895,1.0576763,1.0595711,1.056262,1.0551262532342227,1.569963,1.5164593,1500,1405,train
301,1.063263,1.0551419,1.0555964,1.0534354,1.0549854147422955,1.5699623,1.5150535,1500,1405,train
302,1.0632309,1.0555243,1.0555739,1.0536815,1.0547928490906702,1.5699615,1.5095491,1500,1405,train
303,1.0632751,1.0546839,1.0573902,1.0536419,1.0546238828173382,1.569961,1.5332022,1500,1405,train
304,1.063212,1.0543528,1.0563757,1.0531467,1.0544595467376863,1.5699602,1.5358043,1500,1405,train
305,1.063252,1.0534964,1.0559208,1.0524374,1.0543965499164187,1.5699595,1.538649,1500,1405,train
306,1.0631936,1.0529891,1.0555332,1.051992,1.054365518122844,1.5699588,1.5429881,1500,1405,train
307,1.0632123,1.0543813,1.0580858,1.0536525,1.0542900333474752,1.5699581,1.547396,1500,1405,train
308,1.063198,1.0540273,1.0550001,1.0525376,1.0542411898758552,1.5699574,1.5296667,1500,1405,train
309,1.063218,1.0536628,1.0550632,1.052307,1.0542689675682337,1.5699567,1.5319421,1500,1405,train
310,1.0631831,1.053892,1.055165,1.0524733,1.054269629441841,1.569956,1.5237079,1500,1405,train
311,1.063239,1.053235,1.0549992,1.0519736,1.054265761338144,1.5699552,1.5239414,1500,1405,train
312,1.0626639,1.0598012,1.0554857,1.0566312,1.0543017116321034,1.5699546,1.5116309,1500,1405,train
313,1.0627127,1.0563393,1.0595726,1.0554159,1.0544016491519002,1.5699539,1.5499556,1500,1405,train
314,1.0627987,1.0579827,1.0539201,1.0549455,1.0543402422837558,1.5699532,1.5097593,1500,1405,train
315,1.0625998,1.0555639,1.057287,1.0542231,1.0541733745842683,1.5699525,1.5324152,1500,1405,train
316,1.062679,1.0566336,1.0561047,1.0546224,1.0541344592464608,1.5699518,1.5214384,1500,1405,train
317,1.0621306,1.0566508,1.0608959,1.0559404,1.0541533947763002,1.569951,1.5310276,1500,1405,train
318,1.0621189,1.0529944,1.0543728,1.0516481,1.0542702115149696,1.5699503,1.5278088,1500,1405,train
319,1.0620911,1.0583624,1.0580566,1.0563289,1.0543676725089612,1.5699496,1.5148801,1500,1405,train
320,1.0621442,1.0587974,1.0582778,1.0566968,1.05440515999495,1.5699489,1.5176669,1500,1405,train
321,1.0621208,1.0539571,1.0525291,1.0518138,1.0545030270171483,1.5699482,1.5241458,1500,1405,train
322,1.062116,1.0628377,1.0571778,1.0592133,1.0546161835184082,1.5699475,1.5205526,1500,1405,train
323,1.0621262,1.0605131,1.0603034,1.0584624,1.0546400020928532,1.5699468,1.5310419,1500,1405,train
324,1.0621276,1.0570331,1.0532606,1.0541506,1.0547216940029625,1.5699459,1.526593,1500,1405,train
325,1.0616117,1.05702,1.054958,1.0546012,1.0548089732318706,1.5699452,1.5287087,1500,1405,train
326,1.0615739,1.0554079,1.0556847,1.0537133,1.0548166382333897,1.5699445,1.543769,1500,1405,train
327,1.0615506,1.0578896,1.053674,1.0548158,1.054770501044046,1.5699438,1.5101376,1500,1405,train
328,1.0615833,1.0555928,1.0556523,1.0537863,1.0547800283798587,1.5699431,1.5245314,1500,1405,train
329,1.0615208,1.0557612,1.0532753,1.0532331,1.0547828548164802,1.5699424,1.5106845,1500,1405,train
330,1.0615362,1.0581479,1.0532664,1.0548772,1.054707148760437,1.5699416,1.5065393,1500,1405,train
331,1.0615758,1.0557748,1.0529515,1.0531662,1.0546929992153125,1.5699409,1.514941,1500,1405,train
332,1.0615338,1.0590034,1.0508128,1.0547829,1.0546490640860813,1.5699402,1.4937629,1500,1405,train
333,1.0615256,1.0574982,1.0543514,1.0547243,1.054609694600546,1.5699394,1.5096254,1500,1405,train
334,1.0615352,1.0553203,1.0539297,1.0531157,1.054561833106302,1.5699387,1.5162019,1500,1405,train
335,1.061523,1.057344,1.0575736,1.0555205,1.0545785856904497,1.569938,1.5263292,1500,1405,train
336,1.0609487,1.057215,1.0587316,1.0557137,1.0545625204748044,1.5699372,1.5150138,1500,1405,train
337,1.0610249,1.0581236,1.0579064,1.0560901,1.0544230220120465,1.5699365,1.5013515,1500,1405,train
338,1.060908,1.0607747,1.0621284,1.0591173,1.0544867807882894,1.5699358,1.5247915,1500,1405,train
339,1.0609945,1.0590262,1.0558964,1.056187,1.0545053445441308,1.569935,1.5049013,1500,1405,train
340,1.0609542,1.059438,1.0591153,1.0573641,1.0544401104715875,1.5699342,1.5170412,1500,1405,train
341,1.0604408,1.0562625,1.054194,1.0538173,1.054374843041288,1.5699335,1.5066196,1500,1405,train
342,1.0604984,1.0559313,1.0503258,1.0525168,1.054327578174026,1.5699328,1.4923193,1500,1405,train
343,1.0605133,1.0535891,1.0552685,1.052305,1.054325686000283,1.569932,1.5295413,1500,1405,train
344,1.0605115,1.0539696,1.0534947,1.0520523,1.0541814282600763,1.5699313,1.5123031,1500,1405,train
345,1.0604955,1.0557413,1.0529835,1.0531132,1.0541680639857942,1.5699306,1.4991589,1500,1405,train
346,1.0604719,1.0548673,1.0539335,1.0527952,1.0541741798713844,1.5699297,1.5132848,1500,1405,train
347,1.0604563,1.0541315,1.0523365,1.0518676,1.0539836356986838,1.569929,1.5176864,1500,1405,train
348,1.0604756,1.0565102,1.0538042,1.0538862,1.0540438595950676,1.5699283,1.5071868,1500,1405,train
349,1.0598879,1.0561087,1.0533026,1.0534482,1.0541280623121918,1.5699276,1.4968934,1500,1405,train
350,1.0599068,1.0575312,1.0549626,1.0549402,1.0541161377974264,1.5699267,1.521725,1500,1405,train
351,1.0599083,1.0595026,1.055964,1.0565698,1.0541269783012335,1.569926,1.5189202,1500,1405,train
352,1.0601133,1.0597873,1.0534533,1.0561112,1.0541057348623757,1.5699252,1.52555,1500,1405,train
353,1.0599089,1.0564693,1.0561731,1.0545468,1.0541115403485664,1.5699245,1.5297499,1500,1405,train
354,1.0598727,1.0571141,1.0550156,1.054683,1.0540513217093908,1.5699238,1.5291471,1500,1405,train
355,1.059894,1.0587302,1.0592558,1.0569735,1.0539252752544592,1.5699229,1.542957,1500,1405,train
356,1.0598567,1.0564847,1.0545319,1.054101,1.0539245043430585,1.5699222,1.5227453,1500,1405,train
357,1.0598392,1.0566463,1.0544412,1.054188,1.053838697178361,1.5699215,1.5223739,1500,1405,train
358,1.0598444,1.0582452,1.0550742,1.0554515,1.0538673345309437,1.5699207,1.5158846,1500,1405,train
359,1.059887,1.0581224,1.0517063,1.0544467,1.0538806756459682,1.56992,1.5085607,1500,1405,train
360,1.0592995,1.0543277,1.0497699,1.0512977,1.0538272673082985,1.5699191,1.5099666,1500,1405,train
361,1.0594225,1.0545648,1.0502177,1.051565,1.0538167473402853,1.5699184,1.5028874,1500,1405,train
362,1.0593252,1.055624,1.0582595,1.0545256,1.0538346074699712,1.5699176,1.5325619,1500,1405,train
363,1.0593145,1.0560651,1.0480053,1.0520092,1.053844681779554,1.5699168,1.5009627,1500,1405,train
364,1.0593698,1.0548029,1.0517442,1.0521773,1.0538130120195737,1.569916,1.5186323,1500,1405,train
365,1.0588204,1.0580082,1.0522552,1.0545015,1.0538539459012337,1.5699153,1.5032803,1500,1405,train
366,1.0587983,1.0571074,1.0518911,1.0537802,1.0539514209009466,1.5699145,1.503837,1500,1405,train
367,1.0588233,1.055845,1.0537087,1.0534375,1.053915559091175,1.5699137,1.5231028,1500,1405,train
368,1.0588477,1.0557945,1.0530438,1.0532074,1.0538344925431329,1.5699129,1.5161064,1500,1405,train
369,1.058837,1.0571151,1.0507706,1.0534577,1.0537536361403115,1.5699122,1.492403,1500,1405,train
370,1.0588579,1.0560942,1.0532932,1.0534763,1.0536961865269912,1.5699114,1.5136594,1500,1405,train
371,1.0588263,1.0560949,1.053307,1.0534728,1.0536229211467512,1.5699106,1.5105153,1500,1405,train
372,1.058228,1.0594859,1.0515981,1.0553005,1.053512639236736,1.5699098,1.4823937,1500,1405,train
373,1.058237,1.0571649,1.0547652,1.0545845,1.0534001150450498,1.569909,1.5017316,1500,1405,train
374,1.0582908,1.0564084,1.0543615,1.0539535,1.0533424643293383,1.5699083,1.5026058,1500,1405,train
375,1.0582968,1.0540975,1.0574427,1.0532372,1.0532730133088444,1.5699074,1.52838,1500,1405,train
376,1.05824,1.0535514,1.0572145,1.05277,1.0532330337306375,1.5699066,1.5172288,1500,1405,train
377,1.0582106,1.0549588,1.0536522,1.0527452,1.0532441733444824,1.5699059,1.4975579,1500,1405,train
378,1.0582465,1.0553888,1.0524855,1.0527327,1.0532456645663164,1.569905,1.4981263,1500,1405,train
379,1.0582649,1.0566252,1.0535653,1.0538741,1.053219098159559,1.5699042,1.495738,1500,1405,train
380,1.058292,1.0594072,1.0529163,1.0556114,1.0531900277852873,1.5699035,1.4875798,1500,1405,train
381,1.0582732,1.0561538,1.0518553,1.0530844,1.0532280990995075,1.5699027,1.493815,1500,1405,train
382,1.0576892,1.0580574,1.0509909,1.0541941,1.0531847106983327,1.5699018,1.5020083,1500,1405,train
383,1.0576677,1.0547872,1.0501125,1.0517251,1.0531365323459105,1.5699011,1.5168979,1500,1405,train
384,1.0576929,1.0553226,1.0495849,1.0519296,1.0531129946554345,1.5699003,1.5061823,1500,1405,train
385,1.0576692,1.0555419,1.0502253,1.0522349,1.0530783476873926,1.5698994,1.4986135,1500,1405,train
386,1.057784,1.0557969,1.0523975,1.0530328,1.0529456271809439,1.5698986,1.5147715,1500,1405,train
387,1.0577419,1.0559111,1.0498109,1.0523996,1.0527665039326821,1.5698979,1.5066607,1500,1405,train
388,1.0576906,1.0557092,1.0535386,1.0532801,1.052703660755823,1.569897,1.5158354,1500,1405,train
389,1.0572181,1.0544587,1.0540814,1.0525081,1.0526046393889426,1.5698962,1.4955432,1500,1405,train
390,1.0571387,1.0551735,1.0520128,1.0524435,1.052484963741548,1.5698954,1.4926757,1500,1405,train
391,1.0571915,1.0539749,1.053673,1.0520623,1.0523897205171902,1.5698947,1.4952368,1500,1405,train
392,1.0572226,1.055121,1.055177,1.0532788,1.0523203758775335,1.5698938,1.5028086,1500,1405,train
393,1.0572106,1.0554506,1.055013,1.0534195,1.052249257773894,1.569893,1.4846313,1500,1405,train
394,1.0572678,1.054888,1.0546038,1.0529207,1.0521701994767003,1.5698922,1.4851164,1500,1405,train
395,1.0572704,1.0537457,1.0515811,1.051342,1.0520832347271312,1.5698913,1.4947885,1500,1405,train
396,1.056622,1.0576639,1.0457274,1.0524433,1.0520169651573736,1.5698905,1.4739137,1500,1405,train
397,1.0566605,1.056605,1.0508575,1.053137,1.051937984235917,1.5698897,1.4965237,1500,1405,train
398,1.0566692,1.0553715,1.0492554,1.051862,1.0519379721446076,1.5698888,1.5007453,1500,1405,train
399,1.0566201,1.0549021,1.049228,1.0515503,1.0519293061403974,1.5698881,1.5095489,1500,1405,train
400,1.0566851,1.055391,1.0466253,1.0511423,1.0519267137453985,1.5698873,1.4888467,1500,1405,train
401,1.0566592,1.0544126,1.0499814,1.0513697,1.0518943565359111,1.5698864,1.4920112,1500,1405,train
402,1.056659,1.0544968,1.049705,1.0513549,1.051822933657302,1.5698856,1.4923599,1500,1405,train
403,1.0566387,1.0543523,1.0504565,1.0514749,1.0518213273277186,1.5698848,1.5002129,1500,1405,train
404,1.0566548,1.0554717,1.0456328,1.0509065,1.051791271800685,1.569884,1.4781504,1500,1405,train
405,1.0566473,1.0554742,1.0461324,1.0510166,1.051794215440378,1.5698831,1.4676454,1500,1405,train
406,1.0560387,1.0537604,1.0512534,1.051218,1.051889393420811,1.5698823,1.4757164,1500,1405,train
407,1.056053,1.05284,1.0538015,1.051305,1.0519458195985245,1.5698814,1.493649,1500,1405,train
408,1.0560354,1.0530568,1.0540836,1.0515348,1.0520264115046374,1.5698806,1.4951651,1500,1405,train
409,1.0560638,1.053158,1.056354,1.0521824,1.052070209857349,1.5698798,1.4825889,1500,1405,train
410,1.0561051,1.0548453,1.0508691,1.0518543,1.0520812139016447,1.5698789,1.4699883,1500,1405,train
411,1.0560545,1.0560095,1.0481327,1.0519147,1.0521140517555134,1.5698781,1.4639026,1500,1405,train
412,1.0555282,1.0548539,1.0568864,1.0535176,1.052141178107602,1.5698773,1.4890018,1500,1405,train
413,1.0555792,1.0561247,1.050471,1.0526792,1.0521544301660046,1.5698763,1.4879045,1500,1405,train
414,1.0555611,1.0556378,1.0470197,1.0513756,1.0522159705110752,1.5698755,1.4708681,1500,1405,train
415,1.0555546,1.0566123,1.0465084,1.0519329,1.052236226880059,1.5698746,1.4782362,1500,1405,train
416,1.0555762,1.0564382,1.0528297,1.0535806,1.0522922107637396,1.5698738,1.5094342,1500,1405,train
417,1.0555764,1.0557754,1.0501637,1.0523365,1.0523180853980367,1.569873,1.480485,1500,1405,train
418,1.0550604,1.0560598,1.0487788,1.0521779,1.052401983251086,1.5698721,1.4866139,1500,1405,train
419,1.0550461,1.0563933,1.0483851,1.05229,1.0524930945797804,1.5698713,1.4809096,1500,1405,train
420,1.05503,1.0558524,1.052202,1.0529675,1.0525412251096986,1.5698704,1.4935839,1500,1405,train
421,1.0550731,1.0552732,1.051945,1.0524948,1.052542919380738,1.5698695,1.4928074,1500,1405,train
422,1.0550928,1.0558996,1.0528456,1.053159,1.0525788509193974,1.5698687,1.4879978,1500,1405,train
423,1.05505,1.0554528,1.0525041,1.0527557,1.0526459017259608,1.5698678,1.4872676,1500,1405,train
424,1.0550586,1.0555826,1.0525758,1.0528772,1.0526331846472252,1.569867,1.4922764,1500,1405,train
425,1.0549877,1.0544932,1.053714,1.0524348,1.0526205135224844,1.5698661,1.4960003,1500,1405,train
426,1.0544615,1.0539956,1.0571351,1.0530142,1.0526030452883763,1.5698652,1.4995683,1500,1405,train
427,1.0544477,1.0558686,1.0568581,1.054218,1.0525725014620124,1.5698644,1.4905431,1500,1405,train
428,1.0545166,1.0529251,1.0562506,1.0520201,1.052501582141328,1.5698634,1.4937464,1500,1405,train
429,1.0544676,1.0545566,1.0558486,1.0530503,1.0524698549732816,1.5698626,1.4959816,1500,1405,train
430,1.0544951,1.0552852,1.0552996,1.0533957,1.0523985000657579,1.5698618,1.4904898,1500,1405,train
431,1.0544468,1.0538065,1.0559247,1.0525689,1.0523080584249291,1.5698608,1.5037136,1500,1405,train
432,1.0544778,1.0539274,1.0524566,1.0516939,1.0522263821406361,1.56986,1.4912803,1500,1405,train
433,1.0544312,1.0544316,1.0529249,1.0521563,1.052146635907907,1.5698591,1.4859616,1500,1405,train
434,1.0544608,1.0530148,1.0518448,1.0509108,1.0520682660619791,1.5698582,1.4971386,1500,1405,train
435,1.0544326,1.0555179,1.0492605,1.0519698,1.0520221809073864,1.5698574,1.5027058,1500,1405,train
436,1.0538409,1.0549289,1.0485451,1.0513742,1.0519466024716264,1.5698565,1.5047084,1500,1405,train
437,1.0538713,1.0552545,1.0512991,1.0523565,1.0518847374757205,1.5698556,1.5124282,1500,1405,train
438,1.053944,1.0552611,1.0510422,1.0522957,1.051866288614316,1.5698547,1.513796,1500,1405,train
439,1.0539484,1.0554309,1.048065,1.0515934,1.0518230684168033,1.5698538,1.5044172,1500,1405,train
440,1.053938,1.0545576,1.052726,1.052296,1.0517361763500952,1.569853,1.529386,1500,1405,train
441,1.0533828,1.0537833,1.0499213,1.050955,1.0516454415476777,1.569852,1.5077528,1500,1405,train
442,1.0534161,1.0533516,1.0527482,1.0514083,1.051601401700907,1.5698512,1.5060674,1500,1405,train
443,1.053482,1.0525763,1.0514743,1.0505183,1.0515127121550083,1.5698502,1.5016278,1500,1405,train
444,1.053588,1.0525522,1.0508325,1.0503209,1.0514214964381934,1.5698494,1.4980154,1500,1405,train
445,1.0534219,1.053427,1.0520172,1.0512438,1.0513470302057446,1.5698484,1.4974241,1500,1405,train
446,1.0533941,1.0531642,1.0521659,1.0510886,1.0512864358152376,1.5698476,1.4921757,1500,1405,train
447,1.053403,1.0522127,1.0534817,1.050792,1.0512094202661155,1.5698466,1.4969219,1500,1405,train
448,1.0533483,1.0523895,1.0511783,1.050305,1.0511431062112502,1.5698458,1.4998631,1500,1405,train
449,1.0533794,1.0541785,1.0516605,1.0516543,1.0510546501615419,1.5698448,1.4909911,1500,1405,train
450,1.053351,1.0546708,1.0487711,1.0511973,1.050966021909237,1.5698439,1.4806844,1500,1405,train
451,1.053339,1.053859,1.0487719,1.0506413,1.0508944121175685,1.569843,1.4836911,1500,1405,train
452,1.0533555,1.0525789,1.0531753,1.0509644,1.0508004628873806,1.5698421,1.4970424,1500,1405,train
453,1.053102,1.0542555,1.0532053,1.0521405,1.0507729127184426,1.5698413,1.498844,1500,1405,train
454,1.0533087,1.0527437,1.0519056,1.0507387,1.0507078625239805,1.5698403,1.4970236,1500,1405,train
455,1.0533397,1.0539665,1.0504085,1.0511866,1.0506819356740218,1.5698394,1.4969809,1500,1405,train
456,1.0530996,1.0537758,1.0525426,1.0516603,1.0506750601744934,1.5698385,1.5113046,1500,1405,train
457,1.0527512,1.055338,1.0471733,1.0513208,1.0506543018784806,1.5698376,1.5170654,1500,1405,train
458,1.0530647,1.0542679,1.0492204,1.0510678,1.0506043731349284,1.5698366,1.4930066,1500,1405,train
459,1.0527703,1.0551364,1.0466003,1.0509753,1.0505864215049776,1.5698357,1.4955432,1500,1405,train
460,1.0528189,1.0543132,1.0459762,1.0502656,1.050545138317337,1.5698348,1.5074017,1500,1405,train
461,1.0527753,1.0546725,1.0465897,1.0506904,1.0505201417394225,1.5698339,1.5120369,1500,1405,train
462,1.0528071,1.0542748,1.0451189,1.049997,1.0504424044460827,1.5698329,1.5023396,1500,1405,train
463,1.0527849,1.0543993,1.044584,1.0499444,1.0504714348985138,1.569832,1.5040873,1500,1405,train
464,1.0528218,1.0539514,1.0452707,1.0498476,1.050468312292327,1.5698311,1.516521,1500,1405,train
465,1.0521674,1.0522496,1.0492668,1.0497156,1.0504449324531062,1.5698302,1.5079709,1500,1405,train
466,1.0522153,1.053063,1.0484855,1.0500556,1.0504419538571637,1.5698292,1.5015874,1500,1405,train
467,1.0522084,1.0531564,1.0482689,1.0500357,1.0504221477152778,1.5698283,1.4906348,1500,1405,train
468,1.0522071,1.0532906,1.048848,1.0503092,1.0503945341844247,1.5698273,1.5009596,1500,1405,train
469,1.0522143,1.0530381,1.0488827,1.050129,1.0503431278251363,1.5698264,1.4951816,1500,1405,train
470,1.0521642,1.0522782,1.0485413,1.0494986,1.0502618007685192,1.5698254,1.4904327,1500,1405,train
471,1.0521816,1.050998,1.0518991,1.0495756,1.050190386692426,1.5698245,1.5178101,1500,1405,train
472,1.0521915,1.0503569,1.053585,1.0495825,1.0501253762631955,1.5698236,1.5179446,1500,1405,train
473,1.052157,1.0507486,1.0537362,1.0498785,1.0500657035069267,1.5698227,1.5112262,1500,1405,train
474,1.0521691,1.0518976,1.0524423,1.0503446,1.0499896269729614,1.5698217,1.51736,1500,1405,train
475,1.0515879,1.0533737,1.0498871,1.0506586,1.0499299395602333,1.5698208,1.5065386,1500,1405,train
476,1.0516541,1.0538269,1.0453548,1.0497544,1.0499033873887103,1.5698198,1.5044283,1500,1405,train
477,1.0516572,1.0532501,1.0526307,1.0513018,1.049851620155963,1.5698189,1.5042272,1500,1405,train
478,1.0515757,1.0524988,1.0525616,1.0507536,1.0498182761574175,1.5698179,1.5008264,1500,1405,train
479,1.0515946,1.0515584,1.0527434,1.050138,1.0497644481071389,1.569817,1.4961039,1500,1405,train
480,1.05159,1.0536606,1.0467043,1.0499799,1.049694973025534,1.569816,1.4960507,1500,1405,train
481,1.0515733,1.0538561,1.0461526,1.0499574,1.049651918139814,1.5698149,1.4917382,1500,1405,train
482,1.0510194,1.0523283,1.0497276,1.049844,1.0496012407935695,1.569814,1.4874884,1500,1405,train
483,1.0510464,1.0527442,1.0495298,1.0500653,1.0495622109852503,1.569813,1.481576,1500,1405,train
484,1.0510042,1.0512046,1.0513282,1.0494905,1.0495068301117256,1.569812,1.48666,1500,1405,train
485,1.0510513,1.051254,1.0490059,1.048912,1.0494385923371674,1.5698111,1.4904181,1500,1405,train
486,1.0510582,1.0527337,1.0466154,1.049272,1.049365899822516,1.5698102,1.4793084,1500,1405,train
487,1.0510724,1.0521982,1.0525904,1.0505406,1.0493090989006302,1.5698092,1.4958704,1500,1405,train
488,1.0505025,1.0486053,1.052007,1.047894,1.0492383098652849,1.5698081,1.4973605,1500,1405,train
489,1.0505366,1.049254,1.0538821,1.0488706,1.0491511271265341,1.5698072,1.5073023,1500,1405,train
490,1.0504841,1.0522223,1.0463895,1.0488477,1.0490579702335032,1.5698062,1.4757087,1500,1405,train
491,1.0505795,1.0504861,1.0509695,1.048874,1.0489226661993758,1.5698053,1.4777505,1500,1405,train
492,1.0505282,1.0511382,1.0458168,1.0479984,1.0488575429386293,1.5698043,1.4990041,1500,1405,train
493,1.050562,1.0504318,1.0497468,1.048512,1.0487786932772687,1.5698032,1.4790101,1500,1405,train
494,1.0505357,1.0493624,1.0514014,1.0482254,1.0486754413509396,1.5698023,1.4842395,1500,1405,train
495,1.0505099,1.0504041,1.0507891,1.048776,1.0485747714753029,1.5698013,1.480711,1500,1405,train
496,1.0498992,1.052912,1.046195,1.0492842,1.0484865917138941,1.5698003,1.4797199,1500,1405,train
497,1.0499334,1.0534469,1.0434964,1.0489392,1.0483755614306998,1.5697993,1.4823908,1500,1405,train
498,1.0499414,1.0517716,1.0456214,1.048372,1.048276693384209,1.5697984,1.4933344,1500,1405,train
499,1.0499347,1.0515252,1.045718,1.0482227,1.048186911459561,1.5697973,1.4915866,1500,1405,train
500,1.0499281,1.0516746,1.0480019,1.0489564,1.0481125888026304,1.5697963,1.4991486,1500,1405,train
501,1.04992,1.052016,1.0411935,1.047338,1.0480525119055657,1.5697954,1.4860101,1500,1405,train
502,1.0498928,1.0507597,1.044454,1.0473726,1.0479573400409914,1.5697943,1.4997762,1500,1405,train
503,1.0499198,1.0515773,1.0401878,1.0467533,1.047909819503839,1.5697933,1.4815607,1500,1405,train
504,1.0499531,1.0520024,1.0458591,1.0486042,1.0478507341454106,1.5697923,1.4967846,1500,1405,train
505,1.0497594,1.050475,1.0468514,1.0478232,1.0477913586171688,1.5697913,1.5022829,1500,1405,train
506,1.0493622,1.0521643,1.0406306,1.047265,1.0477315235084808,1.5697902,1.4756345,1500,1405,train
507,1.0493894,1.0499675,1.049005,1.0480258,1.0477225317652716,1.5697893,1.4933231,1500,1405,train
508,1.04934,1.0500109,1.0465362,1.0473722,1.0477349295367853,1.5697882,1.4840415,1500,1405,train
509,1.0494015,1.051321,1.0444615,1.0476933,1.047713419662505,1.5697873,1.4705427,1500,1405,train
510,1.049349,1.0497451,1.0499923,1.0481218,1.0477219073050579,1.5697862,1.4875457,1500,1405,train
511,1.0488528,1.0517368,1.0429192,1.047581,1.0476814195840574,1.5697852,1.4755441,1500,1405,train
512,1.0489359,1.0499015,1.0470816,1.0474086,1.0476577440396986,1.5697842,1.4701664,1500,1405,train
513,1.0488564,1.0506371,1.0437603,1.0470798,1.0476310082304086,1.5697832,1.4907374,1500,1405,train
514,1.0489222,1.0508319,1.0446582,1.0474243,1.0475697188488526,1.5697821,1.4778872,1500,1405,train
515,1.04888,1.0495491,1.0407586,1.0454576,1.0475137006785615,1.5697811,1.4648529,1500,1405,train
516,1.0489159,1.0519354,1.0465083,1.0487044,1.0474622295073728,1.5697801,1.4855418,1500,1405,train
517,1.0488719,1.0502818,1.0429906,1.0466185,1.0474051748759112,1.569779,1.4872812,1500,1405,train
518,1.0488987,1.0498451,1.0451257,1.0468953,1.0473197709933597,1.569778,1.4905509,1500,1405,train
519,1.0483234,1.0513191,1.0456567,1.0480123,1.0472843858479364,1.569777,1.470645,1500,1405,train
520,1.0483183,1.0509073,1.0462117,1.0478853,1.0472447698541476,1.5697759,1.4749024,1500,1405,train
521,1.0483192,1.0493789,1.0460602,1.0467908,1.047196781762981,1.5697749,1.477792,1500,1405,train
522,1.0483098,1.0505725,1.045814,1.047533,1.0471499445710948,1.5697738,1.4693694,1500,1405,train
523,1.048272,1.0500035,1.0455263,1.0470705,1.047126912301653,1.5697728,1.4732801,1500,1405,train
524,1.0483012,1.0498483,1.0456486,1.0469978,1.0470752749708216,1.5697718,1.4742194,1500,1405,train
525,1.0482906,1.0513526,1.0418316,1.0469657,1.0470362613283504,1.5697707,1.4519968,1500,1405,train
526,1.0483017,1.048271,1.0494028,1.046917,1.0470403497163632,1.5697696,1.4778547,1500,1405,train
527,1.048286,1.0483856,1.0507315,1.0473275,1.0469993209538404,1.5697685,1.4675975,1500,1405,train
528,1.0482243,1.0487375,1.0505478,1.0475285,1.046932887292762,1.5697675,1.4700395,1500,1405,train
529,1.0482733,1.0499375,1.048589,1.0478137,1.0468436033880142,1.5697664,1.4604365,1500,1405,train
530,1.0482794,1.0501423,1.0471433,1.0475615,1.0468264543531218,1.5697654,1.4575149,1500,1405,train
531,1.0482144,1.0503918,1.0470904,1.0477062,1.0467911305903974,1.5697644,1.45163,1500,1405,train
532,1.0477103,1.0501891,1.0415254,1.0461063,1.046726304973503,1.5697633,1.4644624,1500,1405,train
533,1.0476876,1.0490277,1.0410335,1.0451826,1.0466589259086931,1.5697622,1.470346,1500,1405,train
534,1.0477339,1.0472887,1.0505573,1.0465567,1.046574145670907,1.5697612,1.4829888,1500,1405,train
535,1.0477067,1.048881,1.040525,1.0449388,1.0464998747895122,1.5697601,1.4679557,1500,1405,train
536,1.0472082,1.0483694,1.0450433,1.0458446,1.046451648082655,1.569759,1.4888165,1500,1405,train
537,1.0471606,1.0475466,1.045918,1.0455194,1.046399551114674,1.5697579,1.4937093,1500,1405,train
538,1.0472519,1.0497481,1.0461113,1.0470854,1.0463059332209135,1.5697569,1.4879261,1500,1405,train
539,1.0472463,1.0487208,1.0436925,1.0457137,1.046220169974291,1.5697558,1.4834421,1500,1405,train
540,1.0471904,1.0489179,1.0457087,1.0464028,1.04613255265586,1.5697547,1.4885585,1500,1405,train
541,1.0472175,1.0484147,1.046605,1.0462852,1.0460356357896718,1.5697535,1.4851123,1500,1405,train
542,1.0473012,1.0503376,1.042902,1.046599,1.0460167134420053,1.5697525,1.4730765,1500,1405,train
543,1.046691,1.0486381,1.0478315,1.0467632,1.0459212542346836,1.5697514,1.4828143,1500,1405,train
544,1.0466805,1.0494504,1.0412428,1.0455319,1.0458760849602915,1.5697503,1.4702439,1500,1405,train
545,1.046671,1.0493383,1.0404603,1.0452332,1.0458294874533585,1.5697492,1.46562,1500,1405,train
546,1.0466713,1.0476755,1.0474265,1.0460074,1.0457756494907988,1.5697482,1.4914721,1500,1405,train
547,1.0466733,1.0477314,1.0498595,1.0466832,1.0456969568139425,1.569747,1.4854225,1500,1405,train
548,1.0467231,1.0474194,1.0472288,1.0457492,1.0456613325884014,1.5697459,1.4801322,1500,1405,train
549,1.0467222,1.0472895,1.0493559,1.0462621,1.0456252984059236,1.5697448,1.4939077,1500,1405,train
550,1.0466849,1.0481939,1.0452137,1.0457419,1.0455508496002965,1.5697438,1.477971,1500,1405,train
551,1.0466481,1.0469515,1.0457935,1.045028,1.0455023175595366,1.5697426,1.4751811,1500,1405,train
552,1.0467179,1.0465484,1.045916,1.0448015,1.0454201563889132,1.5697415,1.4836863,1500,1405,train
553,1.0467372,1.048043,1.0446012,1.0454679,1.045343979719577,1.5697404,1.4758099,1500,1405,train
554,1.04666,1.0489938,1.0420368,1.0454109,1.0452733983399072,1.5697392,1.4633919,1500,1405,train
555,1.0460873,1.0477054,1.0423368,1.0446587,1.0452319654176871,1.5697381,1.4888482,1500,1405,train
556,1.046094,1.0472764,1.0423305,1.0443659,1.0451697868010932,1.569737,1.4915837,1500,1405,train
557,1.0461197,1.0476255,1.0422711,1.0445662,1.0451302346174456,1.5697359,1.4808211,1500,1405,train
558,1.0461364,1.0482156,1.0434635,1.045305,1.0450250797761438,1.5697348,1.4848946,1500,1405,train
559,1.0461422,1.0484794,1.0425713,1.0452285,1.0449089108891596,1.5697336,1.4763643,1500,1405,train
560,1.0456489,1.048356,1.0425278,1.04515,1.0448803587697748,1.5697325,1.4841053,1500,1405,train
561,1.0456682,1.0483615,1.0408146,1.0446935,1.044763621634473,1.5697314,1.4834865,1500,1405,train
562,1.0456104,1.0477129,1.0406528,1.0442034,1.0446737024229753,1.5697303,1.4849489,1500,1405,train
563,1.0456097,1.0484191,1.0432439,1.0453804,1.0445807578190913,1.5697291,1.4819497,1500,1405,train
564,1.0456471,1.0481141,1.0416625,1.0447484,1.0445338408564278,1.5697279,1.4833426,1500,1405,train
565,1.0456944,1.0474916,1.0444894,1.0451118,1.044449459615636,1.5697268,1.499146,1500,1405,train
566,1.0456719,1.0481491,1.0441985,1.0454894,1.0443959859206342,1.5697256,1.4987421,1500,1405,train
567,1.0454242,1.0473993,1.0418397,1.0442806,1.0443513147309462,1.5697246,1.4755152,1500,1405,train
568,1.0450875,1.0460682,1.047132,1.0448147,1.04431204193538,1.5697234,1.492287,1500,1405,train
569,1.0451152,1.0468999,1.0387552,1.0431414,1.0442760749868445,1.5697222,1.4893653,1500,1405,train
570,1.0451213,1.0466948,1.0430938,1.0441611,1.044210533204259,1.5697211,1.489399,1500,1405,train
571,1.0451617,1.0469408,1.043256,1.0443814,1.044115551692746,1.5697199,1.491873,1500,1405,train
572,1.0450654,1.0465276,1.0433896,1.0441357,1.0440388402165526,1.5697187,1.494064,1500,1405,train
573,1.0450865,1.0471797,1.038646,1.043307,1.0440047498645464,1.5697175,1.4895611,1500,1405,train
574,1.0444865,1.0462098,1.038686,1.0426617,1.0439519888142288,1.5697165,1.4967163,1500,1405,train
575,1.0445343,1.0475161,1.0393229,1.0437148,1.0439037371552087,1.5697153,1.4866931,1500,1405,train
576,1.0447848,1.0457685,1.0397599,1.0426427,1.0438460474033084,1.5697141,1.4966434,1500,1405,train
577,1.044514,1.0474697,1.0389445,1.0435832,1.0437753831476793,1.5697129,1.4874934,1500,1405,train
578,1.0445026,1.0467391,1.0416179,1.043817,1.043698430261131,1.5697117,1.4977808,1500,1405,train
579,1.0444984,1.0478728,1.039444,1.0439801,1.0436499256377791,1.5697105,1.480628,1500,1405,train
580,1.0445901,1.0464512,1.0410776,1.0434705,1.0436358750480563,1.5697094,1.4969673,1500,1405,train
581,1.0444889,1.0472183,1.0416828,1.0441685,1.0435835459339644,1.5697082,1.4983586,1500,1405,train
582,1.0439116,1.0465443,1.0422466,1.0438466,1.0435219408606986,1.569707,1.4963009,1500,1405,train
583,1.0442262,1.047329,1.043437,1.0447085,1.043439432041992,1.5697058,1.4956172,1500,1405,train
584,1.0442126,1.0470879,1.0421567,1.0441957,1.043413077932482,1.5697047,1.49453,1500,1405,train
585,1.0436751,1.0438502,1.0441585,1.0424731,1.0433540033152833,1.5697035,1.4901013,1500,1405,train
586,1.0439287,1.044631,1.0465596,1.0436687,1.0432906588162307,1.5697023,1.4943788,1500,1405,train
587,1.0439458,1.046457,1.0414435,1.0435371,1.043207706102297,1.5697011,1.4824516,1500,1405,train
588,1.0439832,1.0447052,1.0447317,1.0432155,1.0431165647316416,1.5696999,1.4881535,1500,1405,train
589,1.0440059,1.0452332,1.0434165,1.043233,1.043058472351034,1.5696987,1.4894558,1500,1405,train
590,1.0433878,1.0471978,1.0381582,1.0431863,1.0430109783348365,1.5696974,1.4885188,1500,1405,train
591,1.0433893,1.0464747,1.0384386,1.0427945,1.042986323596965,1.5696962,1.502965,1500,1405,train
592,1.0434133,1.0458733,1.0383222,1.0423459,1.0429756331247548,1.569695,1.5030015,1500,1405,train
593,1.0436587,1.0461457,1.037982,1.0424609,1.0429799316093862,1.5696938,1.5100148,1500,1405,train
594,1.0434202,1.0466195,1.0374547,1.0426005,1.0429431166518295,1.5696926,1.4902227,1500,1405,train
595,1.0431359,1.0460495,1.0379779,1.0423777,1.0428549278097883,1.5696913,1.5037341,1500,1405,train
596,1.0428227,1.0468631,1.038245,1.0429963,1.042847831431909,1.5696901,1.4963908,1500,1405,train
597,1.0428078,1.0460949,1.0409203,1.0432175,1.042838440783511,1.5696889,1.5120208,1500,1405,train
598,1.0428517,1.0462875,1.0383304,1.0426445,1.0428270163596671,1.5696877,1.5066147,1500,1405,train
599,1.0431054,1.0462009,1.0379708,1.0424702,1.042825799595425,1.5696864,1.4993281,1500,1405,train
600,1.042702,1.0465856,1.0389495,1.042974,1.042736926379357,1.5696852,1.4888633,1500,1405,train
601,1.0428407,1.0459279,1.0405301,1.0429926,1.0426582599831418,1.569684,1.5101919,1500,1405,train
602,1.042868,1.0460203,1.0397865,1.0428228,1.042570032431631,1.5696827,1.4958696,1500,1405,train
603,1.0425572,1.0463114,1.039048,1.0428224,1.0424709742210905,1.5696815,1.4939137,1500,1405,train
604,1.0422602,1.0438361,1.0396316,1.0412527,1.0423671485030186,1.5696802,1.4908779,1500,1405,train
605,1.0425621,1.0432122,1.0414417,1.0413306,1.0422815956392315,1.569679,1.5016862,1500,1405,train
606,1.0422765,1.0451676,1.0377947,1.041727,1.0421581498957864,1.5696777,1.508096,1500,1405,train
607,1.0423305,1.0449376,1.0376658,1.0415413,1.0420796867296866,1.5696765,1.5116036,1500,1405,train
608,1.0420752,1.0457084,1.0385185,1.0423125,1.0420040556192378,1.5696752,1.5147448,1500,1405,train
609,1.0423012,1.0444593,1.0372949,1.041076,1.04195039813526,1.569674,1.4976588,1500,1405,train
610,1.0423039,1.0457063,1.0378155,1.0421118,1.0418861770811125,1.5696727,1.5102435,1500,1405,train
611,1.0423297,1.0459316,1.0379848,1.0423117,1.0417794139661134,1.5696715,1.5094333,1500,1405,train
612,1.0417833,1.0465755,1.0378289,1.0426778,1.0417019094993247,1.5696702,1.4933214,1500,1405,train
613,1.0418808,1.0465853,1.0373628,1.0425719,1.0416443617838527,1.5696689,1.4983593,1500,1405,train
614,1.0417356,1.0466969,1.0380147,1.0428311,1.0415751873270744,1.5696677,1.5012815,1500,1405,train
615,1.0415668,1.0460553,1.036987,1.042065,1.0415780914715518,1.5696664,1.4826199,1500,1405,train
616,1.0417346,1.0451516,1.0379932,1.0417702,1.0415260380166222,1.5696651,1.5086014,1500,1405,train
617,1.0417149,1.0451503,1.0383995,1.0418693,1.0414451212409612,1.5696639,1.5049497,1500,1405,train
618,1.0417186,1.0426502,1.038265,1.0401336,1.041370640230546,1.5696626,1.519803,1500,1405,train
619,1.0414212,1.0454094,1.0382609,1.0420216,1.0413363911200313,1.5696613,1.5088425,1500,1405,train
620,1.0417078,1.0457447,1.0379748,1.0421578,1.0412576996987488,1.56966,1.5006188,1500,1405,train
621,1.0411605,1.0435712,1.036341,1.040273,1.0411875592441315,1.5696586,1.5260695,1500,1405,train
622,1.0412053,1.0433401,1.0374346,1.0403913,1.0411128892388348,1.5696573,1.5202838,1500,1405,train
623,1.0412003,1.0428265,1.0374047,1.0400403,1.0410360338496034,1.5696561,1.5258479,1500,1405,train
624,1.0412387,1.0407029,1.0370659,1.0384256,1.0409467179803813,1.5696548,1.5055022,1500,1405,train
625,1.0411929,1.0432458,1.037093,1.0402198,1.0408620821551628,1.5696535,1.5143155,1500,1405,train
626,1.0412166,1.0408633,1.0368218,1.0384862,1.0408187793949093,1.5696522,1.511548,1500,1405,train
627,1.0411849,1.0424201,1.0371137,1.0396428,1.0407306833033063,1.5696509,1.5104606,1500,1405,train
628,1.041173,1.0434836,1.0382044,1.0406744,1.0406522565488414,1.5696496,1.5109164,1500,1405,train
629,1.0406395,1.0446455,1.0365856,1.041071,1.0405841607405073,1.5696483,1.5205971,1500,1405,train
630,1.0409795,1.0442044,1.036262,1.0406766,1.0405072265336546,1.569647,1.5199533,1500,1405,train
631,1.0406922,1.0453923,1.0365553,1.04155,1.0403957125359988,1.5696455,1.5076916,1500,1405,train
632,1.0406799,1.0444909,1.0362732,1.0408769,1.0403186308735006,1.5696442,1.5192621,1500,1405,train
633,1.0406268,1.0439011,1.0367055,1.0405785,1.0402869158399652,1.5696429,1.5173718,1500,1405,train
634,1.0406414,1.0444617,1.0365834,1.0408952,1.0402862522706586,1.5696416,1.5009902,1500,1405,train
635,1.0406674,1.0446787,1.0365782,1.0410486,1.0402311526186228,1.5696403,1.5027316,1500,1405,train
636,1.0403734,1.0443709,1.0367028,1.0408794,1.040209268040673,1.569639,1.5072826,1500,1405,train
637,1.0401039,1.0447457,1.036752,1.0411689,1.0401480242485899,1.5696375,1.5139304,1500,1405,train
638,1.0398403,1.0436363,1.037261,1.0405359,1.0401213687933115,1.5696362,1.5142974,1500,1405,train
639,1.0404017,1.044201,1.0363897,1.0407171,1.040068766566306,1.5696349,1.5235201,1500,1405,train
640,1.0397749,1.0406833,1.0360444,1.0381594,1.0400523160920718,1.5696335,1.5141957,1500,1405,train
641,1.0398272,1.042799,1.0366554,1.0397849,1.040010324266782,1.5696322,1.5112389,1500,1405,train
642,1.0398496,1.0436766,1.0367777,1.0403821,1.039962644088169,1.5696309,1.4927603,1500,1405,train
643,1.0401115,1.0425164,1.0367721,1.0396502,1.0399583851743577,1.5696294,1.5236844,1500,1405,train
644,1.0398163,1.0408003,1.0354741,1.0381023,1.0398620500194773,1.5696281,1.520087,1500,1405,train
645,1.0394821,1.0427014,1.0358269,1.0394894,1.0398284236464752,1.5696267,1.5088323,1500,1405,train
646,1.0398172,1.0416063,1.0360475,1.0388036,1.0398000704828558,1.5696254,1.5152107,1500,1405,train
647,1.0394826,1.0426058,1.0360708,1.039466,1.0397357243060719,1.569624,1.499641,1500,1405,train
648,1.0392269,1.0433495,1.035572,1.0398648,1.0396689779099568,1.5696226,1.5062091,1500,1405,train
649,1.0395294,1.0434079,1.0352671,1.0398457,1.0395837869375886,1.5696212,1.5153081,1500,1405,train
650,1.039222,1.0429956,1.0352359,1.0395638,1.0394922365604518,1.5696199,1.520544,1500,1405,train
651,1.0392345,1.0414889,1.0359304,1.0386567,1.0394098088815027,1.5696185,1.501187,1500,1405,train
652,1.0392448,1.0439162,1.0356157,1.0403419,1.0393431863146483,1.569617,1.5358014,1500,1405,train
653,1.0392212,1.0438068,1.0354328,1.0401452,1.0392510762540956,1.5696157,1.5063211,1500,1405,train
654,1.0389495,1.0437591,1.0352297,1.0400729,1.0391872614873698,1.5696143,1.5125883,1500,1405,train
655,1.0389166,1.044106,1.0356698,1.0404238,1.0391287955560602,1.5696129,1.5093292,1500,1405,train
656,1.0389723,1.0443882,1.0354838,1.0405753,1.0390595404779548,1.5696115,1.5115483,1500,1405,train
657,1.0389123,1.0434909,1.0352814,1.0398989,1.0390167816699947,1.5696101,1.5118911,1500,1405,train
658,1.038371,1.0409911,1.0347941,1.0380586,1.0389648626451469,1.5696087,1.5225725,1500,1405,train
659,1.0383849,1.0402534,1.0346096,1.0375104,1.0388971343526612,1.5696073,1.528107,1500,1405,train
660,1.0383072,1.040731,1.0345783,1.0378176,1.038871094843997,1.5696058,1.5215077,1500,1405,train
661,1.0383779,1.0402353,1.0346181,1.0374255,1.038855693173357,1.5696044,1.4974307,1500,1405,train
662,1.0383179,1.0417438,1.0360756,1.0389203,1.038826824827631,1.569603,1.5208573,1500,1405,train
663,1.0383937,1.0412927,1.0348186,1.0382375,1.0388349077542538,1.5696015,1.5073218,1500,1405,train
664,1.0380923,1.042835,1.0344591,1.039222,1.0388219761506403,1.5696001,1.5114126,1500,1405,train
665,1.0380671,1.0416651,1.0349936,1.0385385,1.0388812748134753,1.5695987,1.5054268,1500,1405,train
666,1.037827,1.0420554,1.0351609,1.038868,1.038811680698091,1.5695972,1.5111208,1500,1405,train
667,1.0375518,1.0422833,1.0349928,1.0389581,1.0388095274325397,1.5695958,1.5015649,1500,1405,train
668,1.037877,1.0405715,1.0345818,1.0376633,1.0387897936143946,1.5695944,1.5032439,1500,1405,train
669,1.037505,1.0423921,1.0347667,1.0389993,1.038754158364107,1.569593,1.5124028,1500,1405,train
670,1.0378885,1.0421163,1.0350205,1.0388569,1.0386312392946422,1.5695915,1.504613,1500,1405,train
671,1.0376086,1.042606,1.0348511,1.0391443,1.038563953431197,1.5695901,1.5016261,1500,1405,train
672,1.037585,1.0419216,1.0347083,1.0386392,1.038497903079193,1.5695885,1.5050806,1500,1405,train
673,1.037604,1.0421854,1.0345714,1.0388062,1.0384497491335019,1.5695871,1.5135034,1500,1405,train
674,1.0375832,1.0426497,1.034351,1.0390797,1.038412236935664,1.5695857,1.517686,1500,1405,train
675,1.0370145,1.0402453,1.0342333,1.0373532,1.0383504977050324,1.5695843,1.5072097,1500,1405,train
676,1.0369604,1.0418915,1.0343058,1.0384781,1.0382994718736553,1.5695827,1.4918082,1500,1405,train
677,1.0370404,1.0416796,1.0343714,1.0383726,1.038209541218887,1.5695813,1.5016586,1500,1405,train
678,1.0367159,1.0414464,1.0339541,1.0380993,1.0381663206514529,1.5695798,1.5017918,1500,1405,train
679,1.0367558,1.0415107,1.0334326,1.0380498,1.0381548976586927,1.5695783,1.5205725,1500,1405,train
680,1.0367072,1.0418315,1.0338702,1.0383244,1.0381447421607497,1.5695769,1.4936477,1500,1405,train
681,1.0367271,1.0417237,1.0344138,1.038411,1.0381551822067765,1.5695753,1.500169,1500,1405,train
682,1.0367383,1.0421203,1.0339745,1.0385933,1.0381641008242986,1.5695739,1.5102953,1500,1405,train
683,1.0365044,1.0421083,1.0336125,1.0384862,1.0381538685662544,1.5695723,1.5095886,1500,1405,train
684,1.0361699,1.0424212,1.0345539,1.038936,1.038123286511049,1.5695708,1.501488,1500,1405,train
685,1.0365024,1.041355,1.0338516,1.0380225,1.0380352186198993,1.5695693,1.5076336,1500,1405,train
686,1.0360177,1.0414097,1.0335476,1.037971,1.0379418093970738,1.5695678,1.5043464,1500,1405,train
687,1.0362731,1.0421181,1.0335708,1.03848,1.037866258670338,1.5695664,1.5088693,1500,1405,train
688,1.0359769,1.0411963,1.033175,1.0377487,1.0378219662507582,1.5695648,1.5148675,1500,1405,train
689,1.0359641,1.0414679,1.0336044,1.0380042,1.0377744507088984,1.5695633,1.4951031,1500,1405,train
690,1.0359495,1.0382653,1.0331941,1.0356895,1.0377079096247215,1.5695617,1.502912,1500,1405,train
691,1.0356812,1.0403836,1.0331275,1.0371726,1.0376055678326561,1.5695603,1.5152755,1500,1405,train
692,1.0356536,1.0390214,1.0330043,1.0361507,1.0375081882808397,1.5695587,1.4975889,1500,1405,train
693,1.0353831,1.0404885,1.0331854,1.0372312,1.0374233709995817,1.5695572,1.5030409,1500,1405,train
694,1.0356592,1.0401467,1.0332062,1.0370219,1.0373179045276082,1.5695556,1.5122703,1500,1405,train
695,1.0351101,1.0420779,1.032989,1.0383177,1.0372491695674988,1.5695541,1.5176088,1500,1405,train
696,1.0350876,1.0413172,1.0330722,1.0377631,1.0371673089622984,1.5695525,1.4976059,1500,1405,train
697,1.0353564,1.0402124,1.0328728,1.0369235,1.0370876835670544,1.569551,1.4898125,1500,1405,train
698,1.0353752,1.0398729,1.0330572,1.0367843,1.03701938975071,1.5695494,1.509153,1500,1405,train
699,1.0353587,1.0398722,1.0329804,1.0367328,1.036979047128117,1.5695479,1.4966408,1500,1405,train
700,1.0350908,1.0411383,1.0327275,1.0375838,1.0369317334419927,1.5695463,1.5129199,1500,1405,train
701,1.0347973,1.0402337,1.033004,1.0370029,1.0368224574381562,1.5695448,1.5019032,1500,1405,train
702,1.0351083,1.0408522,1.0328662,1.0373588,1.0367062262153173,1.5695432,1.4868293,1500,1405,train
703,1.0350702,1.0410266,1.033066,1.0375463,1.0365957928345209,1.5695416,1.49211,1500,1405,train
704,1.0345223,1.0394468,1.0330105,1.0364336,1.036489974013488,1.56954,1.4917619,1500,1405,train
705,1.0345739,1.0393292,1.0330795,1.0363661,1.0363881137811575,1.5695385,1.4899945,1500,1405,train
706,1.0345111,1.0390091,1.0328798,1.0360891,1.036296759095295,1.5695369,1.4894725,1500,1405,train
707,1.0347797,1.0395836,1.0326259,1.0364527,1.036221975602344,1.5695353,1.502923,1500,1405,train
708,1.0345579,1.0397531,1.0329303,1.0366174,1.0361736948383173,1.5695337,1.4887203,1500,1405,train
709,1.0344479,1.0381721,1.0321145,1.0353279,1.036114325917363,1.5695322,1.4997408,1500,1405,train
710,1.0344756,1.0395336,1.0323906,1.0363493,1.0360630425799875,1.5695305,1.5006051,1500,1405,train
711,1.034421,1.040016,1.031852,1.0365665,1.0360210828190775,1.5695289,1.5114833,1500,1405,train
712,1.0344436,1.0379876,1.0320873,1.0351862,1.036024566347326,1.5695273,1.4971728,1500,1405,train
713,1.0344878,1.0380096,1.0321622,1.0352335,1.0359887998963457,1.5695257,1.5020974,1500,1405,train
714,1.0344104,1.0367913,1.0316732,1.0342913,1.035933212530914,1.569524,1.5163727,1500,1405,train
715,1.0342044,1.0386593,1.0320255,1.0356524,1.0358834288398666,1.5695225,1.503863,1500,1405,train
716,1.0340787,1.0393864,1.0320085,1.0361525,1.0357734448194174,1.5695208,1.503804,1500,1405,train
717,1.0339924,1.0397356,1.0316081,1.0363355,1.0357003291926579,1.5695192,1.5234519,1500,1405,train
718,1.0334138,1.0392833,1.0321113,1.0360745,1.035594177039781,1.5695176,1.489857,1500,1405,train
719,1.0334827,1.0383384,1.0317737,1.0353627,1.0355067189955884,1.569516,1.5041165,1500,1405,train
720,1.0334951,1.0381842,1.0318122,1.0352824,1.0354394948631627,1.5695143,1.5108845,1500,1405,train
721,1.0331762,1.0340548,1.0322976,1.032542,1.035408936788063,1.5695126,1.5097241,1500,1405,train
722,1.0334451,1.0390694,1.031886,1.0358825,1.0353723712117284,1.5695109,1.4967904,1500,1405,train
723,1.0334607,1.0379381,1.0314722,1.0350364,1.0353267873631287,1.5695093,1.517475,1500,1405,train
724,1.0328916,1.0365791,1.0317196,1.034122,1.0352648150818327,1.5695077,1.5022829,1500,1405,train
725,1.032866,1.0371331,1.0318112,1.0345259,1.035204305954225,1.569506,1.5000455,1500,1405,train
726,1.032901,1.0374936,1.0317035,1.0347462,1.0351814721356187,1.5695044,1.499615,1500,1405,train
727,1.0325531,1.0395274,1.0313919,1.0360668,1.0351458731484575,1.5695027,1.4962125,1500,1405,train
728,1.0325894,1.0394609,1.0312097,1.0359621,1.0351251164185364,1.569501,1.4922165,1500,1405,train
729,1.0323142,1.0389882,1.0313051,1.0356725,1.0351318130838796,1.5694993,1.4976153,1500,1405,train
730,1.03263,1.038926,1.0310259,1.0355786,1.0351361324731365,1.5694976,1.5075253,1500,1405,train
731,1.0326115,1.0389291,1.0313313,1.0356231,1.0351087877079417,1.5694959,1.4912622,1500,1405,train
732,1.0325605,1.0385053,1.0312256,1.0353034,1.035049933747681,1.5694942,1.4924412,1500,1405,train
733,1.0322479,1.0377319,1.0309407,1.034703,1.0350016443944505,1.5694926,1.4978118,1500,1405,train
734,1.0319966,1.0382905,1.0310967,1.0351043,1.0349780187706188,1.5694908,1.4861438,1500,1405,train
735,1.0323174,1.0390255,1.0309299,1.0355558,1.0349180606913204,1.5694891,1.4803088,1500,1405,train
736,1.0320231,1.0375745,1.0307975,1.0345262,1.034890380226243,1.5694875,1.4858518,1500,1405,train
737,1.0317155,1.0349374,1.0312524,1.0327979,1.0348600234020435,1.5694857,1.4781199,1500,1405,train
738,1.0316862,1.0377464,1.0306319,1.0345893,1.0347935880830677,1.569484,1.4809508,1500,1405,train
739,1.03176,1.0350945,1.0304065,1.0327361,1.0347451869675843,1.5694823,1.5009905,1500,1405,train
740,1.0314553,1.0380979,1.0307803,1.034883,1.0346612935157933,1.5694805,1.4850466,1500,1405,train
741,1.03138,1.0355115,1.030959,1.0331042,1.0345941343545768,1.5694788,1.4724184,1500,1405,train
742,1.0311599,1.0379223,1.0305334,1.0346738,1.0345556317602693,1.5694771,1.4763541,1500,1405,train
743,1.0311908,1.0381204,1.0300398,1.0347192,1.034570017688054,1.5694753,1.4927866,1500,1405,train
744,1.0312296,1.0386727,1.0305414,1.0351813,1.0345199614889287,1.5694736,1.4698827,1500,1405,train
745,1.0311611,1.0376605,1.029923,1.0343679,1.0344582583594135,1.5694718,1.4925473,1500,1405,train
746,1.0309502,1.0379179,1.0301354,1.03457,1.034436492880047,1.56947,1.4787703,1500,1405,train
747,1.0312047,1.0377935,1.0301559,1.0344791,1.0344201754912161,1.5694683,1.4746113,1500,1405,train
748,1.0309118,1.0371788,1.0301088,1.0340425,1.0343576543757402,1.5694666,1.4757947,1500,1405,train
749,1.0309193,1.0378168,1.0300603,1.0344825,1.0343009174557074,1.5694648,1.4799061,1500,1405,train
750,1.0308679,1.037705,1.030294,1.0344439,1.0342056066247853,1.569463,1.4701931,1500,1405,train
751,1.0303285,1.0341488,1.0303028,1.0319712,1.0340712573639383,1.5694612,1.4679575,1500,1405,train
752,1.0306208,1.037404,1.0299087,1.0341439,1.0339702650056934,1.5694594,1.4752781,1500,1405,train
753,1.0304048,1.0374292,1.0298388,1.0341457,1.0339115727039112,1.5694577,1.4764812,1500,1405,train
754,1.0303224,1.0367047,1.0296346,1.0335741,1.0338497886074491,1.5694559,1.4708508,1500,1405,train
755,1.030088,1.0350189,1.0300096,1.0324907,1.0337786110301226,1.5694541,1.4653989,1500,1405,train
756,1.0300521,1.0362777,1.0298746,1.033336,1.0337003526791317,1.5694523,1.4684267,1500,1405,train
757,1.0304552,1.0375204,1.0294604,1.034115,1.0336314387444285,1.5694504,1.4794891,1500,1405,train
758,1.030334,1.0377572,1.0292518,1.0342195,1.0335492035246636,1.5694486,1.4778531,1500,1405,train
759,1.0297353,1.0369301,1.0294104,1.0336733,1.0334746175185923,1.5694468,1.4719768,1500,1405,train
760,1.0300312,1.036819,1.0292804,1.0335897,1.0334416362836165,1.569445,1.4836098,1500,1405,train
761,1.0298142,1.0365714,1.0293674,1.0334594,1.0334229848671355,1.5694431,1.4911798,1500,1405,train
762,1.0295068,1.0373085,1.0289601,1.0338806,1.033385276540598,1.5694413,1.4987427,1500,1405,train
763,1.0298092,1.0370955,1.0293443,1.0337731,1.0332789330032,1.5694395,1.4729953,1500,1405,train
764,1.0295112,1.036125,1.0291314,1.0330607,1.0331807547391527,1.5694376,1.4806656,1500,1405,train
765,1.029531,1.0361679,1.0288825,1.0330279,1.0331433097104534,1.5694358,1.4823651,1500,1405,train
766,1.0291517,1.0370245,1.0288986,1.0336366,1.033064215190636,1.5694339,1.486227,1500,1405,train
767,1.0290134,1.0363774,1.0290451,1.0331942,1.0329880728322114,1.569432,1.4729972,1500,1405,train
768,1.0289001,1.0338844,1.0290936,1.0314939,1.0329096288453363,1.5694302,1.4803916,1500,1405,train
769,1.0286683,1.0366086,1.0289557,1.0333704,1.0328577992929349,1.5694283,1.4893053,1500,1405,train
770,1.0286596,1.036334,1.0285971,1.0330895,1.0328170463137818,1.5694264,1.4916875,1500,1405,train
771,1.0289484,1.0338776,1.0289129,1.0314445,1.0327545846422914,1.5694246,1.4819655,1500,1405,train
772,1.0289985,1.0336086,1.0286722,1.0312111,1.0326977773183301,1.5694227,1.4892938,1500,1405,train
773,1.0288942,1.0362778,1.0283945,1.0329769,1.0326589103538588,1.5694208,1.4837799,1500,1405,train
774,1.028925,1.0346017,1.0285993,1.0318651,1.0326117248037474,1.5694189,1.4826462,1500,1405,train
775,1.0289056,1.0347296,1.0285618,1.0319378,1.0326158990162924,1.569417,1.4801853,1500,1405,train
776,1.0282658,1.0370095,1.0284213,1.0334682,1.0326218310292017,1.5694151,1.4739523,1500,1405,train
777,1.0283571,1.0357102,1.0279462,1.0324858,1.032605842014724,1.5694132,1.4932774,1500,1405,train
778,1.0282795,1.0355415,1.0280095,1.0323606,1.0325918735449164,1.5694113,1.4830061,1500,1405,train
779,1.0282849,1.0357735,1.0279534,1.0324957,1.032558977351427,1.5694094,1.4784997,1500,1405,train
780,1.0282415,1.0360558,1.0279729,1.0326786,1.0324873545800974,1.5694075,1.4709744,1500,1405,train
781,1.028244,1.0365009,1.0279144,1.033015,1.0323567776942348,1.5694056,1.4885709,1500,1405,train
782,1.0282972,1.0365034,1.0276713,1.0329776,1.0322355739570448,1.5694035,1.4992971,1500,1405,train
783,1.0283401,1.0370139,1.0279671,1.0333719,1.032150596561799,1.5694016,1.4830961,1500,1405,train
784,1.0281355,1.0360457,1.0279559,1.0326701,1.0320737955780572,1.5693997,1.4722383,1500,1405,train
785,1.0274833,1.03457,1.0277202,1.0316473,1.0319955567060088,1.5693977,1.4989922,1500,1405,train
786,1.0278461,1.0346797,1.0273137,1.0316043,1.03192232272591,1.5693958,1.4947523,1500,1405,train
787,1.0277113,1.0339358,1.0277163,1.0311345,1.031859604682488,1.5693938,1.4696953,1500,1405,train
788,1.0275024,1.0342772,1.0275476,1.0313795,1.031843248438379,1.5693918,1.4914883,1500,1405,train
789,1.0273044,1.0362337,1.0276601,1.0327145,1.0317478772967208,1.5693898,1.4693731,1500,1405,train
790,1.0276135,1.033361,1.0274827,1.0306929,1.0316402998706762,1.5693879,1.4779942,1500,1405,train
791,1.0272242,1.0356512,1.0274113,1.0322806,1.0315336303080622,1.5693859,1.4846609,1500,1405,train
792,1.0270524,1.03528,1.027379,1.03197,1.031463072165955,1.5693839,1.4665755,1500,1405,train
793,1.0270259,1.0357182,1.027307,1.0322509,1.0313966314088605,1.569382,1.4648476,1500,1405,train
794,1.0267358,1.0346701,1.0270226,1.0314791,1.0312600759863608,1.5693799,1.4781156,1500,1405,train
795,1.0267781,1.0349771,1.0271008,1.0316677,1.0311904482783072,1.5693779,1.4594302,1500,1405,train
796,1.0267751,1.0350628,1.0270326,1.0317061,1.0311231699969063,1.5693759,1.4582424,1500,1405,train
797,1.026778,1.0352254,1.026925,1.0318074,1.0310045777691357,1.5693738,1.4652954,1500,1405,train
798,1.0267348,1.0343075,1.0269127,1.0311804,1.0308884041082718,1.5693718,1.4709606,1500,1405,train
799,1.0264826,1.0341032,1.0268424,1.0309907,1.0308307708436835,1.5693698,1.4590654,1500,1405,train
800,1.0261666,1.0319254,1.0266984,1.0295175,1.0307183335295913,1.5693678,1.4910117,1500,1405,train
801,1.0261446,1.0314171,1.0266343,1.0291423,1.0306106237822885,1.5693657,1.4889271,1500,1405,train
802,1.0261725,1.0316901,1.0265394,1.0292933,1.0305589451606365,1.5693637,1.4835179,1500,1405,train
803,1.0261453,1.0311902,1.0265636,1.0289195,1.0304951997933798,1.5693616,1.4699268,1500,1405,train
804,1.026169,1.0317538,1.0264635,1.0292976,1.0303984457143363,1.5693595,1.4754732,1500,1405,train
805,1.0261539,1.0326034,1.0263727,1.0298449,1.0303081820004398,1.5693575,1.4679502,1500,1405,train
806,1.0256246,1.033659,1.0263076,1.0305552,1.030220722892385,1.5693554,1.4657725,1500,1405,train
807,1.0255629,1.0343108,1.0262506,1.030983,1.0301582602893398,1.5693533,1.4617263,1500,1405,train
808,1.025535,1.0338194,1.0261421,1.0306178,1.0301180628839615,1.5693512,1.4638958,1500,1405,train
809,1.0255715,1.0338386,1.0261047,1.0306046,1.0300745271432479,1.5693492,1.457109,1500,1405,train
810,1.0255797,1.0332642,1.0259871,1.030211,1.0300188515096407,1.569347,1.4722196,1500,1405,train
811,1.0250722,1.0330352,1.0259035,1.0299641,1.0299451813540679,1.569345,1.4453489,1500,1405,train
812,1.0250821,1.0321732,1.025852,1.0294126,1.0298829453456084,1.5693429,1.470399,1500,1405,train
813,1.0250715,1.0303004,1.0258403,1.0280731,1.0298123509700767,1.5693407,1.455764,1500,1405,train
814,1.0245485,1.0339986,1.0257583,1.0306473,1.0297683569638938,1.5693386,1.4671578,1500,1405,train
815,1.0245631,1.0338906,1.0256661,1.0305388,1.0297751270384408,1.5693364,1.4634973,1500,1405,train
816,1.0245765,1.0340128,1.0255756,1.0306084,1.0297787181706983,1.5693344,1.4671997,1500,1405,train
817,1.0244429,1.0334158,1.0254431,1.0301656,1.0297634229078974,1.5693322,1.4701891,1500,1405,train
818,1.0245644,1.032802,1.0254242,1.0297103,1.029739456240569,1.5693301,1.4603573,1500,1405,train
819,1.0244772,1.0337617,1.0253496,1.0303462,1.0297284190572302,1.569328,1.4559734,1500,1405,train
820,1.0242147,1.033261,1.0252752,1.0299685,1.0296624881143275,1.5693257,1.4518839,1500,1405,train
821,1.0239705,1.0329621,1.0251226,1.029744,1.0296646229620994,1.5693235,1.4617532,1500,1405,train
822,1.0239755,1.0330901,1.0250347,1.0297931,1.0296198172991267,1.5693214,1.4550794,1500,1405,train
823,1.0237334,1.0322812,1.024885,1.0292107,1.0295850417522459,1.5693192,1.463058,1500,1405,train
824,1.0240227,1.0316706,1.0249449,1.028794,1.0295521538509427,1.569317,1.459555,1500,1405,train
825,1.023698,1.0297854,1.0248799,1.0274467,1.0295225466095932,1.5693148,1.451081,1500,1405,train
826,1.0240241,1.0324146,1.0247233,1.0292544,1.0294496379337679,1.5693127,1.4607781,1500,1405,train
827,1.0240159,1.0318958,1.0246861,1.0288916,1.0293220276470447,1.5693104,1.4638113,1500,1405,train
828,1.0234334,1.0310612,1.0246782,1.0283196,1.0292144374546517,1.5693083,1.467874,1500,1405,train
829,1.0234156,1.0324702,1.0245948,1.0292752,1.0290871963416743,1.569306,1.4675685,1500,1405,train
830,1.023458,1.0324651,1.0244501,1.0292711,1.0289760683532512,1.5693038,1.4833124,1500,1405,train
831,1.0231825,1.0329101,1.0244169,1.0295193,1.0288700653436191,1.5693016,1.4619601,1500,1405,train
832,1.0231506,1.0324895,1.0243541,1.0292416,1.028826683776545,1.5692993,1.4747063,1500,1405,train
833,1.0234257,1.031729,1.02427,1.0286562,1.0287730507830029,1.5692971,1.4605174,1500,1405,train
834,1.0231395,1.0328839,1.0241793,1.0294592,1.0286899862825152,1.5692948,1.4708686,1500,1405,train
835,1.0228717,1.0331455,1.0240755,1.0295517,1.0286495028412657,1.5692925,1.4456838,1500,1405,train
836,1.0229023,1.0328809,1.0240161,1.0293678,1.0285461031082703,1.5692903,1.4521474,1500,1405,train
837,1.022854,1.032434,1.0238873,1.029029,1.028476012439172,1.569288,1.4546462,1500,1405,train
838,1.0228963,1.0322065,1.0237268,1.028853,1.0283346608928632,1.5692858,1.464936,1500,1405,train
839,1.0226136,1.0312192,1.0236773,1.0281138,1.0281725292602637,1.5692835,1.4484171,1500,1405,train
840,1.0222937,1.0306494,1.023598,1.0277145,1.0280997707888453,1.5692812,1.4556744,1500,1405,train
841,1.0223807,1.0274453,1.0235868,1.0255013,1.0280159950504557,1.5692788,1.4618654,1500,1405,train
842,1.0223186,1.0302005,1.0234582,1.0273954,1.0279418403865748,1.5692766,1.4680283,1500,1405,train
843,1.0223649,1.0302217,1.0233806,1.0273927,1.0278647460306323,1.5692743,1.4694346,1500,1405,train
844,1.0223353,1.0301005,1.0232747,1.0272698,1.0277855666232376,1.5692719,1.4651976,1500,1405,train
845,1.0223552,1.0318987,1.0233,1.0284889,1.0277798444288304,1.5692697,1.4500898,1500,1405,train
846,1.0220908,1.0288765,1.0231664,1.0263828,1.0277591472266,1.5692673,1.4619343,1500,1405,train
847,1.0217569,1.0312651,1.0231135,1.0280406,1.0277202404293928,1.5692649,1.4672941,1500,1405,train
848,1.0217937,1.0312752,1.0230206,1.0280353,1.027673147789029,1.5692626,1.4724553,1500,1405,train
849,1.0217988,1.0305667,1.0229747,1.0275022,1.027586813464323,1.5692602,1.4606376,1500,1405,train
850,1.021726,1.030215,1.0228387,1.0272287,1.0275237721687478,1.5692579,1.4636165,1500,1405,train
851,1.0217575,1.0300466,1.0226803,1.0270737,1.0275044427614142,1.5692555,1.4654466,1500,1405,train
852,1.0216935,1.031871,1.0226538,1.0283505,1.0274630628730037,1.5692531,1.4723207,1500,1405,train
853,1.0211531,1.0309784,1.0225543,1.0276647,1.0273825994917263,1.5692507,1.4562052,1500,1405,train
854,1.0214493,1.0310934,1.0224247,1.0277274,1.0272878084709824,1.5692483,1.4634205,1500,1405,train
855,1.0211768,1.0305346,1.0223142,1.0273051,1.0272277721950993,1.5692459,1.4615576,1500,1405,train
856,1.0211838,1.0308335,1.0222526,1.0275086,1.0271517253790765,1.5692436,1.4666572,1500,1405,train
857,1.0209146,1.0286243,1.0222349,1.0259347,1.0270896331459474,1.5692412,1.4523773,1500,1405,train
858,1.0211529,1.0296006,1.0221047,1.0266047,1.0270197260525125,1.5692387,1.4633183,1500,1405,train
859,1.0209818,1.0285378,1.0220554,1.0258574,1.0269145048035169,1.5692363,1.465104,1500,1405,train
860,1.0208752,1.0285473,1.0219176,1.0258312,1.0268588295911345,1.5692338,1.4667455,1500,1405,train
861,1.0206548,1.0311261,1.0219414,1.0275731,1.026824731233159,1.5692314,1.4438742,1500,1405,train
862,1.0206255,1.0291421,1.0217316,1.0261959,1.0267717136137982,1.5692289,1.4672906,1500,1405,train
863,1.0203189,1.0318462,1.0217369,1.0280536,1.0267599593494152,1.5692265,1.4583821,1500,1405,train
864,1.0206844,1.0307562,1.0216639,1.0273521,1.0267038606793042,1.569224,1.4891617,1500,1405,train
865,1.0203773,1.0300747,1.0216014,1.0268412,1.0266528966221489,1.5692215,1.4806213,1500,1405,train
866,1.0203599,1.0308025,1.0214967,1.0273144,1.0265656820323303,1.569219,1.4789464,1500,1405,train
867,1.0206058,1.0308666,1.0213747,1.0273361,1.0264230081968921,1.5692165,1.482931,1500,1405,train
868,1.020311,1.0308173,1.0213251,1.0272534,1.0263294815387811,1.5692141,1.468518,1500,1405,train
869,1.0200058,1.0305743,1.0212045,1.0270343,1.026247574428754,1.5692115,1.4610826,1500,1405,train
870,1.0197914,1.0279343,1.021054,1.0251834,1.0261475596898295,1.569209,1.4705987,1500,1405,train
871,1.0197684,1.0279915,1.0209985,1.0251997,1.0260945080619748,1.5692065,1.4670181,1500,1405,train
872,1.0198145,1.028419,1.0209346,1.0254859,1.025976712950641,1.569204,1.4696963,1500,1405,train
873,1.0198413,1.0287962,1.0209397,1.0257783,1.0259330722601736,1.5692015,1.4816412,1500,1405,train
874,1.0198061,1.0299809,1.0208468,1.0265763,1.0258731256781497,1.5691988,1.4816444,1500,1405,train
875,1.0192287,1.0281544,1.020746,1.0252975,1.0257983779946986,1.5691963,1.4885789,1500,1405,train
876,1.0192419,1.0266507,1.0206721,1.0242307,1.0257102136484935,1.5691937,1.4875016,1500,1405,train
877,1.0194964,1.0271143,1.0205822,1.0245315,1.0256118772982774,1.5691912,1.4886988,1500,1405,train
878,1.0195239,1.028292,1.0204527,1.0253403,1.025532128006269,1.5691886,1.4992057,1500,1405,train
879,1.0195125,1.0279918,1.0203824,1.0250922,1.025423485821395,1.569186,1.4906683,1500,1405,train
880,1.0189595,1.0274905,1.0202839,1.0247099,1.0253300507013507,1.5691835,1.4874551,1500,1405,train
881,1.0191817,1.0282979,1.020226,1.0252289,1.0252248082588125,1.5691808,1.4766492,1500,1405,train
882,1.018909,1.0281417,1.0201358,1.0250758,1.0251297015409584,1.5691782,1.4682692,1500,1405,train
883,1.0188714,1.0282831,1.0199901,1.0251584,1.0249841348153026,1.5691756,1.4779212,1500,1405,train
884,1.0188366,1.0293978,1.019968,1.0258915,1.024870408005504,1.569173,1.4634258,1500,1405,train
885,1.0188622,1.0283751,1.0198331,1.0251838,1.0247963205755652,1.5691704,1.4793597,1500,1405,train
886,1.0188378,1.0277278,1.0197144,1.0247185,1.0246475441312153,1.5691676,1.4859719,1500,1405,train
887,1.0188713,1.0287292,1.0197449,1.0253974,1.0245530053916627,1.569165,1.4758186,1500,1405,train
888,1.0188689,1.0264803,1.0195794,1.0237696,1.0244428988056273,1.5691624,1.4670112,1500,1405,train
889,1.0186329,1.0285715,1.0195401,1.0251721,1.0243871569668381,1.5691596,1.4507992,1500,1405,train
890,1.0183878,1.0273678,1.019449,1.024329,1.0243374052159637,1.569157,1.4578741,1500,1405,train
891,1.0187062,1.028535,1.019362,1.0251421,1.0242320262993236,1.5691543,1.4684517,1500,1405,train
892,1.0184056,1.0278057,1.0192623,1.0245807,1.0241349555376122,1.5691516,1.456946,1500,1405,train
893,1.0186692,1.0276878,1.0191565,1.0244964,1.0240643609919704,1.5691489,1.4676106,1500,1405,train
894,1.0183432,1.0269363,1.0190889,1.0239301,1.0240041597175134,1.5691462,1.4568564,1500,1405,train
895,1.0183723,1.0274143,1.0189924,1.0242394,1.0239607613608546,1.5691434,1.45811,1500,1405,train
896,1.0180855,1.0269578,1.018909,1.023805,1.0238367255950147,1.5691407,1.4191493,1500,1405,train
897,1.0177847,1.0269166,1.0187988,1.0237281,1.0237446737012728,1.5691379,1.4114487,1500,1405,train
898,1.018159,1.0252317,1.0187316,1.0225661,1.0236544393029952,1.5691352,1.422286,1500,1405,train
899,1.0178727,1.0258482,1.0186341,1.0229303,1.0235687913558333,1.5691324,1.4066857,1500,1405,train
900,1.0178673,1.0255793,1.0185449,1.022717,1.0235047877157335,1.5691297,1.4055973,1500,1405,train
901,1.017907,1.0254568,1.0184555,1.0226465,1.023420942731784,1.5691268,1.4214875,1500,1405,train
902,1.0178851,1.0253795,1.018357,1.0225629,1.0232910661562824,1.5691241,1.4199955,1500,1405,train
903,1.017841,1.0262614,1.0181992,1.0231283,1.0231850414265766,1.5691212,1.4179839,1500,1405,train
904,1.017283,1.0268476,1.0181768,1.0235319,1.0231173739929589,1.5691185,1.4190199,1500,1405,train
905,1.0173395,1.0263724,1.0180871,1.0231647,1.0230360451029346,1.5691156,1.4136058,1500,1405,train
906,1.0172898,1.0264416,1.017998,1.0231944,1.0229338517844744,1.5691128,1.41592,1500,1405,train
907,1.0173188,1.0263493,1.0179062,1.0231116,1.022846624744226,1.56911,1.418329,1500,1405,train
908,1.017292,1.0265725,1.0178277,1.0232043,1.0227474035845314,1.5691072,1.401352,1500,1405,train
909,1.0170286,1.0257452,1.0177314,1.0226399,1.022592763873303,1.5691043,1.4161748,1500,1405,train
910,1.017247,1.024677,1.0175567,1.0218763,1.0224674391490884,1.5691015,1.4265146,1500,1405,train
911,1.0170056,1.0260293,1.017528,1.0227915,1.022332646009216,1.5690986,1.419738,1500,1405,train
912,1.0167279,1.0259211,1.0174329,1.0226843,1.0221844680036538,1.5690956,1.4170549,1500,1405,train
913,1.0167449,1.024709,1.0173631,1.0217984,1.0220533826941811,1.5690928,1.406732,1500,1405,train
914,1.016457,1.024698,1.0172389,1.0217701,1.02189529570973,1.5690899,1.4118936,1500,1405,train
915,1.0164878,1.0234492,1.0171552,1.0208938,1.0218282281486843,1.5690869,1.4174595,1500,1405,train
916,1.016296,1.0254784,1.017099,1.0222754,1.0217247043758162,1.569084,1.4122336,1500,1405,train
917,1.0162439,1.0261021,1.0170027,1.0226821,1.0216677792682491,1.5690811,1.4118732,1500,1405,train
918,1.0159405,1.0252714,1.016912,1.0220873,1.0216060675009275,1.5690781,1.4145998,1500,1405,train
919,1.0156517,1.025038,1.016802,1.0218897,1.021545972186083,1.5690751,1.4121349,1500,1405,train
920,1.0156373,1.0241686,1.016702,1.0212703,1.021427314344465,1.5690722,1.4167247,1500,1405,train
921,1.0159308,1.0255477,1.0166211,1.0221906,1.0213250262585485,1.5690693,1.4101591,1500,1405,train
922,1.0156099,1.0238922,1.0165164,1.0209785,1.0211959494078369,1.5690662,1.3961887,1500,1405,train
923,1.0156285,1.0239279,1.0163927,1.021004,1.021089223719732,1.5690632,1.4100533,1500,1405,train
924,1.0153438,1.02401,1.0163181,1.0210388,1.0209366239889128,1.5690602,1.40917,1500,1405,train
925,1.0156517,1.0242548,1.0162392,1.0211596,1.020786383956149,1.5690572,1.3976774,1500,1405,train
926,1.0153209,1.0233854,1.0161315,1.0205562,1.0206380919256013,1.5690541,1.4097275,1500,1405,train
927,1.0156232,1.0238209,1.0160425,1.0208261,1.0204793711734907,1.5690511,1.4060861,1500,1405,train
928,1.0150659,1.0226711,1.0159376,1.0199927,1.0203327502169226,1.569048,1.4034058,1500,1405,train
929,1.015033,1.0215107,1.0158473,1.0191561,1.0202137590542613,1.5690451,1.4008324,1500,1405,train
930,1.015322,1.0213294,1.0157602,1.0190328,1.0201253749313701,1.569042,1.4115161,1500,1405,train
931,1.0150182,1.0213177,1.0156572,1.0189877,1.0200159174228918,1.5690389,1.4076546,1500,1405,train
932,1.0153252,1.0208609,1.015568,1.0186499,1.019914874701294,1.5690358,1.4090788,1500,1405,train
933,1.0150286,1.0207989,1.0154762,1.0186019,1.019829392808468,1.5690327,1.4171231,1500,1405,train
934,1.01479,1.0235076,1.0153825,1.0204823,1.0197385465273143,1.5690296,1.4268967,1500,1405,train
935,1.0151652,1.0235746,1.0152876,1.0204387,1.0196783205896112,1.5690265,1.4003731,1500,1405,train
936,1.0150118,1.0233631,1.0151725,1.0202936,1.0195914106424546,1.5690233,1.4137628,1500,1405,train
937,1.0150315,1.0235636,1.0151062,1.0204473,1.0195334003682615,1.5690202,1.4269825,1500,1405,train
938,1.0147374,1.0241513,1.0150008,1.0208178,1.019448177674433,1.5690169,1.4230498,1500,1405,train
939,1.014469,1.0235057,1.014904,1.0203032,1.0193591729228528,1.5690138,1.4065892,1500,1405,train
940,1.0142152,1.0210671,1.0147952,1.0186104,1.0192638635149145,1.5690106,1.4190177,1500,1405,train
941,1.0139899,1.0216134,1.0146953,1.0189633,1.0190501888491128,1.5690074,1.4191442,1500,1405,train
942,1.0139434,1.0204737,1.0145866,1.0181531,1.018893013070888,1.5690042,1.4234796,1500,1405,train
943,1.0139976,1.0198159,1.0144944,1.0176594,1.0187920932847985,1.569001,1.418577,1500,1405,train
944,1.0142587,1.0193347,1.0143988,1.017336,1.0186580341991656,1.5689977,1.4335649,1500,1405,train
945,1.0139704,1.0212102,1.0143299,1.0186577,1.0185244398647824,1.5689945,1.4488194,1500,1405,train
946,1.0139426,1.0209606,1.0142338,1.0184405,1.018423493582039,1.5689913,1.4414178,1500,1405,train
947,1.0139385,1.021802,1.014137,1.0190078,1.0183394478548193,1.568988,1.445007,1500,1405,train
948,1.0136771,1.020718,1.0140326,1.018235,1.0182017195186488,1.5689847,1.4483534,1500,1405,train
949,1.0133916,1.0212371,1.0139377,1.0185654,1.0180908550305754,1.5689814,1.4463856,1500,1405,train
950,1.0133234,1.021573,1.0138273,1.018796,1.0179923537978919,1.5689782,1.4574165,1500,1405,train
951,1.013377,1.0212281,1.0137308,1.0185034,1.017913077768032,1.5689749,1.4463313,1500,1405,train
952,1.013317,1.0215698,1.0136237,1.0187755,1.017800340317842,1.5689715,1.4723136,1500,1405,train
953,1.0130807,1.0209221,1.0135283,1.0182623,1.0177082896931742,1.5689682,1.456847,1500,1405,train
954,1.0133852,1.0203567,1.0134269,1.017863,1.017585073390282,1.5689648,1.4654028,1500,1405,train
955,1.0130931,1.019497,1.0133216,1.017236,1.017410460980602,1.5689615,1.4646606,1500,1405,train
956,1.0134122,1.0200298,1.0132232,1.0176163,1.0172413739102872,1.568958,1.4796503,1500,1405,train
957,1.0133616,1.0198534,1.0131338,1.0174224,1.0170436639413376,1.5689547,1.4603171,1500,1405,train
958,1.0133706,1.0190227,1.0130222,1.0168369,1.0168474597291741,1.5689514,1.469093,1500,1405,train
959,1.0133886,1.0195495,1.0129397,1.017159,1.0166484913487404,1.5689479,1.4601339,1500,1405,train
960,1.0128406,1.0170984,1.0128235,1.0154718,1.016527867065525,1.5689445,1.4793311,1500,1405,train
961,1.0128051,1.0168474,1.0127294,1.0152664,1.0164007782576774,1.568941,1.4769845,1500,1405,train
962,1.0128342,1.0163193,1.0126277,1.0148631,1.016265958904668,1.5689375,1.4732054,1500,1405,train
963,1.0128447,1.017159,1.0125191,1.0155008,1.016137123361705,1.5689341,1.5074421,1500,1405,train
964,1.0128449,1.0157773,1.0124276,1.0144873,1.0160606377672556,1.5689306,1.49549,1500,1405,train
965,1.0128802,1.0155177,1.0123245,1.0142624,1.015962841502706,1.5689272,1.4885997,1500,1405,train
966,1.012287,1.0198076,1.0122392,1.0172216,1.0158138007371582,1.5689237,1.4892915,1500,1405,train
967,1.0123255,1.0192919,1.0121324,1.0168464,1.0156536630634698,1.5689201,1.4941229,1500,1405,train
968,1.012257,1.0174825,1.0120385,1.0155584,1.0155048508150206,1.5689167,1.4916865,1500,1405,train
969,1.0122914,1.0185473,1.0119252,1.0162773,1.015324648380983,1.5689131,1.4956053,1500,1405,train
970,1.0122294,1.0186753,1.0118382,1.0162942,1.0151424892907217,1.5689095,1.4756495,1500,1405,train
971,1.0117157,1.0162381,1.011704,1.0145981,1.015001027164829,1.568906,1.48922,1500,1405,train
972,1.0117898,1.016769,1.0116222,1.0149214,1.014854017974098,1.5689024,1.4795319,1500,1405,train
973,1.0117815,1.0178473,1.0115297,1.0156312,1.0147152683678475,1.5688988,1.473546,1500,1405,train
974,1.0117208,1.0166686,1.0114214,1.0147597,1.014529637438323,1.5688952,1.4638578,1500,1405,train
975,1.0117453,1.0160829,1.011318,1.0143135,1.014381654443595,1.5688915,1.4591208,1500,1405,train
976,1.0114801,1.0151958,1.0112169,1.0136824,1.0142530891351766,1.568888,1.464112,1500,1405,train
977,1.0111567,1.0158254,1.011109,1.0141008,1.0141368522312046,1.5688843,1.4682186,1500,1405,train
978,1.0111705,1.0150964,1.011008,1.0135639,1.0140854653238567,1.5688807,1.4668437,1500,1405,train
979,1.0112073,1.0151947,1.0108974,1.0136349,1.0140352631865746,1.568877,1.48011,1500,1405,train
980,1.0108371,1.0162618,1.010809,1.0143503,1.0139849932807192,1.5688733,1.4791772,1500,1405,train
981,1.010913,1.0155072,1.0107007,1.0138113,1.0139478373390696,1.5688696,1.4850578,1500,1405,train
982,1.0105975,1.0166891,1.0106015,1.0145502,1.0138590993334295,1.5688658,1.4622036,1500,1405,train
983,1.0106553,1.0158651,1.0104983,1.0139902,1.0137878136498646,1.5688621,1.4786407,1500,1405,train
984,1.0106514,1.0156192,1.0103967,1.0137879,1.01371039231015,1.5688584,1.4769363,1500,1405,train
985,1.0106349,1.0144366,1.0102859,1.0128739,1.0136652609270795,1.5688546,1.451262,1500,1405,train
986,1.0109718,1.0147144,1.0101874,1.0130768,1.0135640865943651,1.5688508,1.4661256,1500,1405,train
987,1.0105828,1.0151296,1.0100818,1.0133009,1.0134598258105842,1.5688471,1.4513375,1500,1405,train
988,1.0106761,1.0153424,1.0099745,1.0134503,1.0133281248758157,1.5688432,1.4637676,1500,1405,train
989,1.0101162,1.0137019,1.0098665,1.012248,1.0132380951819404,1.5688394,1.4500004,1500,1405,train
990,1.0103941,1.0142946,1.009766,1.0126268,1.0131195679307796,1.5688355,1.4474984,1500,1405,train
991,1.0103471,1.0144998,1.0096622,1.0127312,1.01298333230423,1.5688317,1.44328,1500,1405,train
992,1.0098647,1.0157088,1.0095613,1.0135235,1.0129350249598452,1.5688279,1.4347816,1500,1405,train
993,1.0098076,1.0141187,1.0094464,1.0123531,1.0128493983277327,1.5688239,1.4205266,1500,1405,train
994,1.0098462,1.0147693,1.0093541,1.0127914,1.0127298409310717,1.56882,1.4250548,1500,1405,train
995,1.0095567,1.0141753,1.0092479,1.0123613,1.0126513078281714,1.5688162,1.429564,1500,1405,train
996,1.0095536,1.014005,1.0091414,1.0122106,1.012580569428895,1.5688123,1.4280101,1500,1405,train
997,1.0092502,1.0141108,1.0090339,1.0122322,1.0124581177622354,1.5688083,1.4185281,1500,1405,train
998,1.009288,1.0148084,1.0089304,1.0127004,1.0123509207668966,1.5688043,1.4231669,1500,1405,train
999,1.0092921,1.0165838,1.0088243,1.0138862,1.0122630488370368,1.5688003,1.4152672,1500,1405,train
1000,1.009246,1.015891,1.0087183,1.0133677,1.0121634190218816,1.5687963,1.4116855,1500,1405,train
1001,1.0089998,1.0159717,1.00861,1.0134153,1.0120431885216545,1.5687923,1.4201151,1500,1405,train
1002,1.0092652,1.0156889,1.0085003,1.0131987,1.011912508211628,1.5687883,1.4239392,1500,1405,train
1003,1.0089757,1.0135195,1.008397,1.0116321,1.0118001430673673,1.5687842,1.4109453,1500,1405,train
1004,1.0089272,1.0130398,1.008288,1.0112801,1.0116538490999711,1.5687802,1.4152279,1500,1405,train
1005,1.0089734,1.0126216,1.0081793,1.0109855,1.0115245482117239,1.5687761,1.425517,1500,1405,train
1006,1.0086329,1.0110319,1.0080736,1.0098269,1.011443151194005,1.5687721,1.415039,1500,1405,train
1007,1.008936,1.014178,1.0079714,1.0119987,1.0113216725779977,1.5687679,1.420419,1500,1405,train
1008,1.0086637,1.0135484,1.0078645,1.0114813,1.011215004638179,1.5687639,1.399432,1500,1405,train
1009,1.0086663,1.0133066,1.0077562,1.0112691,1.0111074592063103,1.5687597,1.3931606,1500,1405,train
1010,1.0089197,1.0123391,1.0076497,1.0105932,1.0109944188658608,1.5687555,1.4033742,1500,1405,train
1011,1.0083643,1.0125993,1.0075402,1.0107676,1.0108086584475444,1.5687513,1.4127848,1500,1405,train
1012,1.0087318,1.0122472,1.0074332,1.010469,1.0106385064725916,1.5687472,1.4024068,1500,1405,train
1013,1.0081383,1.0127345,1.0073237,1.0107753,1.0104948923718233,1.568743,1.4012475,1500,1405,train
1014,1.0083907,1.0113853,1.0072176,1.0097675,1.0103554018961336,1.5687387,1.3840396,1500,1405,train
1015,1.0081198,1.0108144,1.0071082,1.0093533,1.0101640319961187,1.5687345,1.3888936,1500,1405,train
1016,1.0081933,1.010692,1.0069997,1.0092278,1.009986799409511,1.5687302,1.3842561,1500,1405,train
1017,1.0079116,1.0103501,1.006891,1.0089777,1.0098233990994256,1.568726,1.3910316,1500,1405,train
1018,1.0076227,1.0119464,1.006783,1.0100298,1.0096834327154325,1.5687217,1.3795424,1500,1405,train
1019,1.0079087,1.011985,1.0066738,1.0100486,1.0095210295387116,1.5687174,1.388227,1500,1405,train
1020,1.0079397,1.0111786,1.0065646,1.0094674,1.009364627820272,1.568713,1.3916402,1500,1405,train
1021,1.0079069,1.0110412,1.006455,1.0093671,1.0092282289502514,1.5687087,1.4017496,1500,1405,train
1022,1.007642,1.0112319,1.0063455,1.0094572,1.0090847345826035,1.5687042,1.3963823,1500,1405,train
1023,1.0073227,1.0108895,1.0062364,1.009186,1.0089182612115364,1.5686998,1.3947084,1500,1405,train
1024,1.0077358,1.0109568,1.0061265,1.0092924,1.0087428564484988,1.5686955,1.4312193,1500,1405,train
1025,1.007372,1.0102918,1.0060167,1.0088723,1.0086615668592787,1.568691,1.4604808,1500,1405,train
1026,1.007313,1.0106304,1.0059066,1.0090717,1.0085669708628693,1.5686866,1.4578921,1500,1405,train
1027,1.0072685,1.0100267,1.0057964,1.0086561,1.0085152420803762,1.5686822,1.471603,1500,1405,train
1028,1.0073271,1.0095258,1.0056856,1.0082536,1.0084031029825693,1.5686777,1.4614205,1500,1405,train
1029,1.0070362,1.0103204,1.005574,1.008703,1.0083015826596686,1.5686731,1.4316018,1500,1405,train
1030,1.0073184,1.0092545,1.0054643,1.0080029,1.0081931103795567,1.5686687,1.4602714,1500,1405,train
1031,1.0067652,1.0076432,1.0053545,1.0068378,1.0080455157485997,1.5686642,1.4537042,1500,1405,train
1032,1.0067849,1.008604,1.0052428,1.007416,1.0078405027478539,1.5686595,1.4293361,1500,1405,train
1033,1.0067964,1.0087528,1.0051329,1.0075512,1.0077151756448,1.568655,1.4544001,1500,1405,train
1034,1.0067773,1.0079683,1.005022,1.0069438,1.0076173027065551,1.5686504,1.4410954,1500,1405,train
1035,1.0067552,1.0077596,1.0049119,1.0067519,1.0074935110269265,1.5686458,1.4339598,1500,1405,train
1036,1.0064658,1.0098999,1.0047925,1.0081921,1.0073594003142667,1.5686412,1.427797,1500,1405,train
1037,1.0061982,1.0093905,1.0046868,1.0078292,1.007254383610364,1.5686365,1.4357989,1500,1405,train
1038,1.0064423,1.0083518,1.0045758,1.0070918,1.0071553584497615,1.5686319,1.4415014,1500,1405,train
1039,1.0058835,1.0083648,1.0044639,1.0070463,1.007094871784771,1.5686271,1.4315194,1500,1405,train
1040,1.0061853,1.0090775,1.0043523,1.0075357,1.0070061767278489,1.5686225,1.4413254,1500,1405,train
1041,1.006104,1.0088413,1.0042365,1.0073559,1.0068867903160128,1.5686177,1.4476664,1500,1405,train
1042,1.0056523,1.0083344,1.0041261,1.0069418,1.0067548578183674,1.5686129,1.4344461,1500,1405,train
1043,1.0056413,1.0084193,1.0040133,1.0069863,1.0066238058666503,1.5686082,1.4408681,1500,1405,train
1044,1.0059043,1.0078952,1.0039024,1.0066016,1.0065305113033476,1.5686034,1.4446092,1500,1405,train
1045,1.0056185,1.0083776,1.0037878,1.0068185,1.0064816565855683,1.5685985,1.4087775,1500,1405,train
1046,1.0056256,1.0067708,1.0036726,1.005646,1.006407187939178,1.5685937,1.3984697,1500,1405,train
1047,1.0053176,1.0066202,1.0035609,1.0055404,1.006325000304303,1.5685889,1.4103646,1500,1405,train
1048,1.0055895,1.0077169,1.0034494,1.0062418,1.006239535716792,1.568584,1.3977675,1500,1405,train
1049,1.0051212,1.0090542,1.0033264,1.0071671,1.006182143195619,1.5685791,1.4096406,1500,1405,train
1050,1.0053381,1.0066445,1.0032223,1.0054462,1.006109364524316,1.5685741,1.4020247,1500,1405,train
1051,1.0050783,1.0068747,1.0031106,1.0056399,1.0060140573494085,1.5685692,1.4281504,1500,1405,train
1052,1.0046977,1.005192,1.002996,1.0044091,1.0059494456147544,1.5685642,1.415541,1500,1405,train
1053,1.0047692,1.0082518,1.0028708,1.0065539,1.0058818988593123,1.5685592,1.4368559,1500,1405,train
1054,1.0050232,1.0058751,1.0027623,1.004864,1.005799660231948,1.5685542,1.4330959,1500,1405,train
1055,1.0050285,1.0056537,1.002653,1.0046631,1.0057146534238777,1.5685492,1.4258107,1500,1405,train
1056,1.0047462,1.0071507,1.0025324,1.0056763,1.005609231385709,1.568544,1.4279747,1500,1405,train
1057,1.004484,1.0084316,1.0024192,1.0065259,1.0054752850910893,1.568539,1.4238122,1500,1405,train
1058,1.004501,1.0080712,1.0023029,1.0062419,1.0053530681545924,1.5685339,1.4228556,1500,1405,train
1059,1.0044358,1.00647,1.0021864,1.0051049,1.0052332889939286,1.5685288,1.4256862,1500,1405,train
1060,1.0044789,1.0078909,1.002075,1.0060384,1.0051058404520892,1.5685236,1.415823,1500,1405,train
1061,1.0044495,1.0079274,1.0019577,1.0060229,1.0049712144871183,1.5685184,1.4120111,1500,1405,train
1062,1.0041558,1.007239,1.0018466,1.0054514,1.0048860943156015,1.5685133,1.3860447,1500,1405,train
1063,1.0038435,1.0067828,1.0017323,1.0051308,1.004805619199436,1.568508,1.3971076,1500,1405,train
1064,1.0038065,1.0055177,1.0016221,1.0042355,1.0046998705420171,1.5685028,1.4026086,1500,1405,train
1065,1.003849,1.005481,1.0014982,1.0041748,1.0045973385129976,1.5684975,1.401787,1500,1405,train
1066,1.003887,1.0063653,1.001369,1.0047455,1.0045109917540622,1.5684922,1.3980224,1500,1405,train
1067,1.0038941,1.0067753,1.0012532,1.0050594,1.0044327704114415,1.5684868,1.4225948,1500,1405,train
1068,1.0033537,1.0065148,1.0011475,1.0047939,1.0043347157876439,1.5684816,1.3995912,1500,1405,train
1069,1.0033926,1.0063523,1.0010304,1.0046524,1.0042576586182812,1.5684762,1.4007268,1500,1405,train
1070,1.0030869,1.0043657,1.0009086,1.0032458,1.0041477932940919,1.5684707,1.4034796,1500,1405,train
1071,1.0034676,1.0047501,1.0007899,1.0034959,1.0040449265372462,1.5684654,1.4095075,1500,1405,train
1072,1.0034609,1.005033,1.0006733,1.0036385,1.0039112507795886,1.5684599,1.4001759,1500,1405,train
1073,1.00288,1.0054859,1.0005674,1.0039039,1.0037724038758336,1.5684544,1.3915969,1500,1405,train
1074,1.0031638,1.0037309,1.000448,1.002677,1.0036648503164887,1.5684489,1.4017241,1500,1405,train
1075,1.0028838,1.0046582,1.0003328,1.0032715,1.0035946772790607,1.5684434,1.3939278,1500,1405,train
1076,1.0028218,1.005327,1.0002091,1.0036967,1.0034770223680474,1.5684378,1.391287,1500,1405,train
1077,1.0029029,1.0042231,1.0000926,1.0029228,1.0033778446511996,1.5684322,1.4013565,1500,1405,train
1078,1.0028512,1.0038295,0.99996686,1.0025908,1.0032400402056665,1.5684266,1.391203,1500,1405,train
1079,1.0028228,1.0038974,0.99985665,1.0026054,1.003149326856007,1.568421,1.3900025,1500,1405,train
1080,1.0025731,1.0047467,0.9997233,1.0031731,1.0030224633034668,1.5684154,1.3953997,1500,1405,train
1081,1.0022664,1.0049812,0.9996096,1.003272,1.0028730228064817,1.5684097,1.381698,1500,1405,train
1082,1.0022756,1.0046705,0.99948305,1.0030196,1.0027645161452539,1.568404,1.3805556,1500,1405,train
1083,1.0022949,1.0048037,0.9993689,1.0031022,1.002700174280623,1.5683982,1.3890367,1500,1405,train
1084,1.0020745,1.0049448,0.99926376,1.0031745,1.0026503084372589,1.5683925,1.390044,1500,1405,train
1085,1.0023041,1.0044246,0.99912286,1.002805,1.0025768959604942,1.5683867,1.4022676,1500,1405,train
1086,1.0023346,1.0043968,0.9990051,1.0027459,1.0024959228338792,1.5683808,1.3988609,1500,1405,train
1087,1.0017459,1.0041146,0.9989096,1.0025244,1.0024284034107898,1.568375,1.3989208,1500,1405,train
1088,1.0017209,1.0035777,0.9987915,1.0021055,1.0023641691056153,1.5683692,1.3931705,1500,1405,train
1089,1.0017308,1.0038133,0.99866915,1.0022331,1.002290656789147,1.5683632,1.3918202,1500,1405,train
1090,1.0016946,1.0035889,0.9985508,1.0020424,1.0021972255802822,1.5683573,1.3905807,1500,1405,train
1091,1.0017095,1.0035921,0.99842566,1.0020069,1.002112497032977,1.5683514,1.3888425,1500,1405,train
1092,1.0017362,1.0030403,0.99830234,1.0016052,1.002034669987725,1.5683453,1.3949277,1500,1405,train
1093,1.0014331,1.0035245,0.9981898,1.0018907,1.0019757335349273,1.5683393,1.3863591,1500,1405,train
1094,1.0011417,1.0026317,0.9980758,1.0012164,1.0019006641438135,1.5683333,1.3768629,1500,1405,train
1095,1.001156,1.0037413,0.9979279,1.0019524,1.0018287303587987,1.5683272,1.3787452,1500,1405,train
1096,1.0008852,1.0039122,0.99780625,1.0020418,1.0017237341112957,1.5683211,1.3800771,1500,1405,train
1097,1.0008987,1.0038383,0.997691,1.0019668,1.0016347258657106,1.5683149,1.3830624,1500,1405,train
1098,1.0009059,1.0039128,0.99756444,1.0019884,1.001524052120871,1.5683087,1.3845905,1500,1405,train
1099,1.000662,1.0034575,0.9974514,1.0016351,1.0014444131613816,1.5683025,1.38185,1500,1405,train
1100,1.0006034,1.0031873,0.99733996,1.0014403,1.0013285367595965,1.5682963,1.3912454,1500,1405,train
1101,1.0003363,1.003205,0.99722356,1.0014185,1.0012231204376636,1.5682901,1.3900394,1500,1405,train
1102,1.0003798,1.0025316,0.99709487,1.0009066,1.0011382959969357,1.5682838,1.3861792,1500,1405,train
1103,1.0006757,1.002414,0.99695325,1.0007763,1.001018825823489,1.5682775,1.3818812,1500,1405,train
1104,1.0003352,1.0031552,0.9968572,1.0012714,1.0009011100698078,1.568271,1.3841933,1500,1405,train
1105,1.0002817,1.0025187,0.9967261,1.0008426,1.0008327390721383,1.5682647,1.4041154,1500,1405,train
1106,1.0000393,1.0032573,0.9966058,1.0012909,1.0007310692050195,1.5682583,1.3907363,1500,1405,train
1107,1.0000435,1.0027827,0.9964795,1.0009146,1.000636561567241,1.5682518,1.3855236,1500,1405,train
1108,1.0000781,1.0020788,0.9963575,1.0003965,1.0005218377914875,1.5682453,1.3871543,1500,1405,train
1109,0.99971336,1.0011733,0.99624056,0.9997376,1.0004104742763547,1.5682387,1.3878583,1500,1405,train
1110,0.99978274,1.0006062,0.9961268,0.999319,1.000279744244263,1.5682322,1.3903294,1500,1405,train
1111,0.99973,1.0024092,0.9959641,1.0005317,1.0001580259419522,1.5682256,1.3916533,1500,1405,train
1112,0.99947613,1.0021453,0.9958588,1.0003128,1.0000284389800316,1.5682191,1.3886952,1500,1405,train
1113,0.99949545,1.0014744,0.9957221,0.99979687,0.9999038088418423,1.5682124,1.3833528,1500,1405,train
1114,0.99954855,1.0016088,0.9955983,0.99987006,0.999768552038884,1.5682057,1.3886424,1500,1405,train
1115,0.9994719,1.0013278,0.995494,0.9996346,0.9996536277709753,1.5681989,1.3836982,1500,1405,train
1116,0.9995103,1.0006835,0.9953453,0.9991342,0.9995382848489197,1.5681921,1.3784306,1500,1405,train
1117,0.99892473,1.0010546,0.99525595,0.9993908,0.9994156306784864,1.5681853,1.387694,1500,1405,train
1118,0.9988999,1.0006799,0.99513173,0.99910975,0.9992817409629843,1.5681785,1.3929178,1500,1405,train
1119,0.99895084,1.0012875,0.9949998,0.9994963,0.9991810848379037,1.5681716,1.3927425,1500,1405,train
1120,0.99885994,1.0011852,0.99487364,0.9993816,0.9990665720430707,1.5681647,1.3887477,1500,1405,train
1121,0.99896276,1.0007751,0.99474376,0.9990758,0.9989323765197881,1.5681578,1.3944762,1500,1405,train
1122,0.9989484,1.0001717,0.99462306,0.9986085,0.9988248373212351,1.5681509,1.3881326,1500,1405,train
1123,0.99893713,1.0013521,0.9944813,0.9994185,0.9987306496144147,1.5681438,1.3993996,1500,1405,train
1124,0.99896806,1.0003011,0.9943475,0.99864185,0.9986191578161105,1.5681368,1.3951912,1500,1405,train
1125,0.998399,1.000168,0.99422765,0.99850875,0.9984880157925126,1.5681297,1.3917468,1500,1405,train
1126,0.99843305,1.0003695,0.99409354,0.99857944,0.998381742946609,1.5681225,1.3780582,1500,1405,train
1127,0.99849945,0.99986744,0.9939721,0.9982479,0.9982755030453372,1.5681154,1.3985114,1500,1405,train
1128,0.9982996,1.000466,0.9938382,0.9985976,0.9981519108601559,1.5681082,1.3860745,1500,1405,train
1129,0.9981411,0.99972385,0.9937168,0.9980633,0.9980455726596206,1.5681009,1.3918345,1500,1405,train
1130,0.99782526,0.9968101,0.9936125,0.9960149,0.9979372349283975,1.5680937,1.393744,1500,1405,train
1131,0.9978297,0.998789,0.99350196,0.997357,0.9978515654596235,1.5680863,1.3922179,1500,1405,train
1132,0.99785125,0.99845374,0.99335486,0.99707335,0.997748015855691,1.568079,1.3876569,1500,1405,train
1133,0.9973035,0.99901515,0.99321276,0.99740255,0.9977224051173168,1.5680715,1.3783011,1500,1405,train
1134,0.9972629,0.9989224,0.993092,0.9973188,0.9975959798787761,1.5680641,1.383635,1500,1405,train
1135,0.9975542,1.0000849,0.9929483,0.9981247,0.9974530201411249,1.5680566,1.3985898,1500,1405,train
1136,0.9969993,0.9993779,0.99283403,0.9975609,0.9972964928059201,1.5680491,1.3814662,1500,1405,train
1137,0.997304,0.99979305,0.99270165,0.9978508,0.9971984884658206,1.5680416,1.3965392,1500,1405,train
1138,0.9972753,0.9994304,0.9925783,0.9975532,0.9971138751666726,1.5680339,1.3914622,1500,1405,train
1139,0.9970486,0.99946487,0.99244577,0.9975302,0.9970135518698569,1.5680263,1.3867664,1500,1405,train
1140,0.996711,0.9987012,0.99231875,0.9969531,0.9969020953234693,1.5680186,1.3817431,1500,1405,train
1141,0.9967709,0.9984293,0.99221045,0.99671507,0.9968184196758986,1.5680108,1.373543,1500,1405,train
1142,0.9967261,0.99866956,0.9920674,0.99687696,0.9967023286601304,1.568003,1.3871646,1500,1405,train
1143,0.9967289,0.9986595,0.9919318,0.99681157,0.9965432219743915,1.5679952,1.3781321,1500,1405,train
1144,0.99646986,0.99731,0.9918147,0.9958525,0.996419415024018,1.5679873,1.3823333,1500,1405,train
1145,0.9959436,0.9967134,0.9917087,0.99539864,0.9962811937496449,1.5679795,1.3779566,1500,1405,train
1146,0.9961785,0.998584,0.99155873,0.99668443,0.9961403159555633,1.5679715,1.3885316,1500,1405,train
1147,0.9956393,0.99758446,0.9914111,0.995927,0.9960224326867606,1.5679635,1.3790338,1500,1405,train
1148,0.99592215,0.99684864,0.99128336,0.9953761,0.9958788641660146,1.5679554,1.3768991,1500,1405,train
1149,0.9956803,0.9977588,0.9911435,0.99601394,0.9957499740812035,1.5679474,1.3944035,1500,1405,train
1150,0.99567914,0.9984644,0.9910142,0.9964774,0.9956132813273019,1.5679392,1.3975565,1500,1405,train
1151,0.9956509,0.997186,0.99087995,0.99553025,0.9954744116625622,1.567931,1.3882986,1500,1405,train
1152,0.9956555,0.9971954,0.99074733,0.9955286,0.9953431505984345,1.5679228,1.3994794,1500,1405,train
1153,0.99508613,0.9972951,0.9906562,0.99562824,0.9952232583726914,1.5679145,1.421915,1500,1405,train
1154,0.9950997,0.9962389,0.9905466,0.99484855,0.9950633941399855,1.5679061,1.4152989,1500,1405,train
1155,0.9950728,0.9971238,0.9903881,0.99540573,0.9948858155510408,1.5678978,1.4090163,1500,1405,train
1156,0.99485636,0.99540925,0.9902914,0.9941907,0.9946811697353745,1.5678893,1.4100544,1500,1405,train
1157,0.9947743,0.9969922,0.9900981,0.99526536,0.9945263432042419,1.5678809,1.4208183,1500,1405,train
1158,0.99508417,0.99253047,0.99000823,0.9921208,0.9943477341903308,1.5678724,1.4129262,1500,1405,train
1159,0.99474883,0.9964978,0.98983854,0.9948258,0.9941656015157183,1.5678638,1.4100207,1500,1405,train
1160,0.99455446,0.9963763,0.98971206,0.994717,0.9939720039580899,1.5678551,1.4139576,1500,1405,train
1161,0.99486625,0.99635154,0.9895666,0.99466544,0.9938079509292841,1.5678465,1.4158565,1500,1405,train
1162,0.99455357,0.9952507,0.9894406,0.9938301,0.9936721126148302,1.5678377,1.4009418,1500,1405,train
1163,0.9945978,0.9941941,0.98932433,0.9930859,0.9935145299321976,1.567829,1.4097267,1500,1405,train
1164,0.994567,0.99398077,0.9891899,0.9929254,0.9933560160675674,1.5678202,1.4194565,1500,1405,train
1165,0.99402124,0.99449825,0.98906,0.9932217,0.993220418651788,1.5678113,1.4077663,1500,1405,train
1166,0.99429023,0.99251354,0.9888969,0.9918182,0.9931006224139729,1.5678023,1.415868,1500,1405,train
1167,0.99399567,0.9928978,0.9887874,0.99206316,0.9929512501270371,1.5677934,1.4187979,1500,1405,train
1168,0.9937097,0.9952672,0.98861706,0.993632,0.9928194467523124,1.5677843,1.4055736,1500,1405,train
1169,0.99398214,0.9929888,0.9885311,0.99205136,0.9926670240897753,1.5677751,1.4162171,1500,1405,train
1170,0.9937052,0.9941839,0.9883339,0.9928057,0.9924804452872246,1.5677661,1.4066377,1500,1405,train
1171,0.9934502,0.9942039,0.98824507,0.99281305,0.9922835946720108,1.5677568,1.4136777,1500,1405,train
1172,0.9934695,0.99259937,0.9881156,0.9916574,0.9921298093111252,1.5677476,1.4113717,1500,1405,train
1173,0.9931832,0.9929506,0.9879966,0.991879,0.9919610594595322,1.5677382,1.4151886,1500,1405,train
1174,0.99288523,0.9934319,0.98784935,0.9921434,0.9917589858875829,1.5677289,1.4026653,1500,1405,train
1175,0.992915,0.99269855,0.9877078,0.99161595,0.9915977855031352,1.5677195,1.4109514,1500,1405,train
1176,0.9926395,0.9925277,0.98759276,0.9914374,0.9914483511085078,1.5677099,1.3991055,1500,1405,train
1177,0.99262714,0.99214715,0.98745406,0.99113196,0.9912748676566218,1.5677004,1.3975766,1500,1405,train
1178,0.99235535,0.9908715,0.9873403,0.9902084,0.9911227129064928,1.5676907,1.3949931,1500,1405,train
1179,0.9923479,0.99330014,0.9871458,0.9918374,0.9909722702768,1.5676811,1.3921256,1500,1405,train
1180,0.99233377,0.9936103,0.9870091,0.99204165,0.9908085144233683,1.5676713,1.4024658,1500,1405,train
1181,0.9920708,0.99176663,0.98691607,0.9907342,0.9906583454250193,1.5676615,1.4021083,1500,1405,train
1182,0.99211,0.99073714,0.9867636,0.9899833,0.9905048725237537,1.5676516,1.4043791,1500,1405,train
1183,0.99206537,0.991133,0.98663265,0.99020815,0.990358390813,1.5676417,1.3981693,1500,1405,train
1184,0.99178517,0.99154454,0.98650295,0.9904638,0.990138543107357,1.5676317,1.3999356,1500,1405,train
1185,0.991806,0.9918999,0.9863556,0.9907009,0.9899850552472146,1.5676217,1.4120376,1500,1405,train
1186,0.9917743,0.9917843,0.98620677,0.99057055,0.9898382453835206,1.5676116,1.4079145,1500,1405,train
1187,0.99182266,0.98968834,0.9860961,0.9890341,0.9897004844928909,1.5676014,1.3875556,1500,1405,train
1188,0.9914657,0.99111,0.98597014,0.9900291,0.9895440697569879,1.5675912,1.404119,1500,1405,train
1189,0.991788,0.99095654,0.9858357,0.98987305,0.9893833421824121,1.5675809,1.3986793,1500,1405,train
1190,0.9914591,0.9899272,0.9856748,0.98912275,0.9892183587384535,1.5675706,1.4020969,1500,1405,train
1191,0.99122185,0.9881848,0.9855429,0.98786914,0.9890730997012382,1.5675601,1.3992476,1500,1405,train
1192,0.9912168,0.98907316,0.9854254,0.9884119,0.9888896027095323,1.5675496,1.3815296,1500,1405,train
1193,0.99126697,0.9881713,0.9852921,0.9878081,0.9887033385186282,1.567539,1.4056228,1500,1405,train
1194,0.99118793,0.9890336,0.9851067,0.9883427,0.9885716458071921,1.5675284,1.3994361,1500,1405,train
1195,0.990657,0.98927975,0.9849979,0.98847175,0.9883971618453933,1.5675176,1.3941545,1500,1405,train
1196,0.99099326,0.98898834,0.9848481,0.98820174,0.9882405500964893,1.5675069,1.3830029,1500,1405,train
1197,0.99070203,0.98867285,0.98469764,0.98795044,0.9881041887964714,1.5674961,1.3864454,1500,1405,train
1198,0.99066114,0.98830694,0.98457336,0.98769,0.9879379734417326,1.5674851,1.3975677,1500,1405,train
1199,0.9902373,0.9891725,0.9844423,0.98821944,0.9877792572636902,1.5674741,1.3823987,1500,1405,train
1200,0.99020255,0.9881898,0.98429704,0.9874661,0.9876119419076556,1.567463,1.369634,1500,1405,train
1201,0.98989224,0.9885332,0.9841196,0.987641,0.987449153674858,1.5674518,1.3629806,1500,1405,train
1202,0.9901587,0.98859155,0.98397344,0.9876574,0.9872842428300561,1.5674406,1.3691249,1500,1405,train
1203,0.98958313,0.9876989,0.9838831,0.986986,0.9871200588111699,1.5674293,1.35824,1500,1405,train
1204,0.9896236,0.9878978,0.9837012,0.98710096,0.9869268182401227,1.567418,1.3686361,1500,1405,train
1205,0.9893189,0.98756325,0.9835982,0.98682904,0.9867936772744714,1.5674065,1.3638492,1500,1405,train
1206,0.9896001,0.987898,0.983384,0.9870142,0.9866812497039005,1.567395,1.3678877,1500,1405,train
1207,0.98957586,0.98630786,0.9832946,0.9859092,0.9865281662329684,1.5673834,1.3778961,1500,1405,train
1208,0.9890429,0.98771286,0.9832003,0.98677135,0.986363441709891,1.5673717,1.3413888,1500,1405,train
1209,0.9893465,0.98659426,0.983043,0.9860083,0.9861971369623609,1.5673599,1.3645806,1500,1405,train
1210,0.9890691,0.9872003,0.98292536,0.9863223,0.9860421949751592,1.5673481,1.3336186,1500,1405,train
1211,0.98899674,0.9869988,0.9827827,0.9861799,0.9858934263599182,1.5673361,1.3483126,1500,1405,train
1212,0.9889968,0.9868744,0.9826264,0.98603624,0.9857486610115492,1.5673242,1.3420749,1500,1405,train
1213,0.9889788,0.98693556,0.9824806,0.9860099,0.9855800405542431,1.567312,1.329917,1500,1405,train
1214,0.9887651,0.9861984,0.98234415,0.9854358,0.985439316080551,1.5672998,1.3196712,1500,1405,train
1215,0.9887068,0.98606616,0.9821716,0.98534894,0.9852971007306451,1.5672876,1.3406559,1500,1405,train
1216,0.9881932,0.98556846,0.9820477,0.9849285,0.9851356665664901,1.5672752,1.3238297,1500,1405,train
1217,0.9884547,0.9852633,0.9819195,0.98465925,0.9849576276761567,1.5672628,1.3145593,1500,1405,train
1218,0.9879011,0.98547727,0.9817803,0.9847625,0.9847927677171884,1.5672503,1.3112044,1500,1405,train
1219,0.98790973,0.98522395,0.9816568,0.98446167,0.9846108052713569,1.5672376,1.2737966,1500,1405,train
1220,0.98797834,0.9850549,0.9814955,0.9843365,0.9844492047747495,1.5672249,1.2883465,1500,1405,train
1221,0.987874,0.9852503,0.98134863,0.98447096,0.9843007315095756,1.5672121,1.3038675,1500,1405,train
1222,0.98786044,0.98450965,0.98118883,0.98387074,0.9841474204125974,1.5671992,1.2865335,1500,1405,train
1223,0.9878877,0.98419863,0.98106056,0.9836838,0.9839887321150395,1.5671862,1.312542,1500,1405,train
1224,0.9877098,0.9840983,0.98089314,0.9835472,0.9838173087691926,1.5671731,1.3035636,1500,1405,train
1225,0.98737484,0.9850384,0.9807231,0.9841563,0.9836645173352334,1.56716,1.3040569,1500,1405,train
1226,0.9876392,0.9842302,0.98059094,0.9835664,0.9835139509262332,1.5671467,1.3070651,1500,1405,train
1227,0.9873267,0.98428833,0.98044515,0.9834768,0.9833640090314497,1.5671333,1.2699482,1500,1405,train
1228,0.9869886,0.98387694,0.9802868,0.98313546,0.9832112272397557,1.5671198,1.264709,1500,1405,train
1229,0.98681647,0.98381126,0.9801339,0.9830878,0.9830448403588101,1.5671064,1.2806286,1500,1405,train
1230,0.98701274,0.9833145,0.980003,0.982649,0.9828830416813827,1.5670927,1.2568196,1500,1405,train
1231,0.9865406,0.98272556,0.97989416,0.98229146,0.9827267504345203,1.5670788,1.2899194,1500,1405,train
1232,0.9865498,0.9830814,0.97977984,0.982448,0.9825728620153419,1.567065,1.2653369,1500,1405,train
1233,0.9865587,0.982517,0.97962904,0.98201334,0.9823941882583848,1.567051,1.2646171,1500,1405,train
1234,0.98597276,0.9828425,0.97948956,0.982199,0.9822431961302736,1.567037,1.2632744,1500,1405,train
1235,0.9861947,0.9828687,0.9793565,0.9820934,0.9820806452535428,1.5670228,1.2273358,1500,1405,train
1236,0.98590285,0.98302376,0.97918314,0.98226374,0.981929228557938,1.5670085,1.2718046,1500,1405,train
1237,0.98589516,0.98316336,0.9789934,0.9822285,0.981779686328438,1.5669941,1.2385974,1500,1405,train
1238,0.9856502,0.98225474,0.9788652,0.9815632,0.9816246052007279,1.5669795,1.2389278,1500,1405,train
1239,0.9858807,0.98233104,0.97873116,0.9816215,0.9814747039716789,1.566965,1.2557273,1500,1405,train
1240,0.985925,0.98247725,0.97851574,0.9816823,0.9813158365982716,1.5669502,1.2626503,1500,1405,train
1241,0.9852486,0.9827268,0.9784208,0.9817345,0.9811676570644199,1.5669353,1.2235281,1500,1405,train
1242,0.98510224,0.9816862,0.9783079,0.9809876,0.9810204785926632,1.5669204,1.2263415,1500,1405,train
1243,0.98532873,0.9818516,0.9780996,0.9809332,0.9808519855585284,1.5669053,1.1800189,1500,1405,train
1244,0.9850487,0.9816218,0.97801656,0.9807899,0.9806972456822269,1.5668901,1.1958241,1500,1405,train
1245,0.98503774,0.981377,0.9778823,0.98052305,0.9805419292924227,1.5668747,1.1711003,1500,1405,train
1246,0.98503315,0.98099697,0.9777404,0.98015887,0.9803801432733376,1.5668594,1.1458714,1500,1405,train
1247,0.9847884,0.98076797,0.97759616,0.98000324,0.980229455150651,1.5668437,1.1631078,1500,1405,train
1248,0.98480016,0.9806999,0.9774377,0.97986805,0.9800597542411952,1.5668281,1.1446046,1500,1405,train
1249,0.98453456,0.98097223,0.9772181,0.97998285,0.9799001090709835,1.5668123,1.1382358,1500,1405,train
1250,0.98424727,0.9809538,0.97710556,0.97991526,0.9797342734638104,1.5667963,1.1281841,1500,1405,train
1251,0.9843233,0.9802028,0.9769318,0.9790734,0.9795901072967731,1.5667803,1.0169346,1500,1405,train
1252,0.9839948,0.98011416,0.97681856,0.9791466,0.9794472830544162,1.5667641,1.0842345,1500,1405,train
1253,0.9839928,0.980383,0.9766461,0.9792831,0.9793235098344202,1.5667478,1.0825458,1500,1405,train
1254,0.9840244,0.98011637,0.9764776,0.97909105,0.9791853664299128,1.5667313,1.0982229,1500,1405,train
1255,0.9837203,0.9799285,0.9763527,0.97905284,0.9790090649429481,1.5667148,1.1495703,1500,1405,train
1256,0.983513,0.97959876,0.97616243,0.9785944,0.9787985077287309,1.566698,1.0769573,1500,1405,train
1257,0.9832248,0.97980106,0.97605944,0.97872037,0.978602549771006,1.5666811,1.0822202,1500,1405,train
1258,0.9832332,0.9795077,0.97589135,0.97843516,0.978418612683196,1.5666641,1.0675075,1500,1405,train
1259,0.98315674,0.9796009,0.97574997,0.978336,0.9782832640451533,1.5666469,1.0161395,1500,1405,train
1260,0.9826292,0.9791494,0.9756469,0.9779695,0.9780876182702825,1.5666296,1.0060292,1500,1405,train
1261,0.9829143,0.9790894,0.9754685,0.9778852,0.9778881145645612,1.5666122,1.0081486,1500,1405,train
1262,0.9829046,0.9789458,0.9753092,0.97771466,0.9777017246083831,1.5665947,0.9967693,1500,1405,train
1263,0.9829018,0.97896135,0.97516465,0.97782505,0.9775397274882206,1.566577,1.0531256,1500,1405,train
1264,0.9822824,0.9791766,0.97504514,0.9777384,0.9773794196843069,1.5665591,0.9699011,1500,1405,train
1265,0.9823075,0.979047,0.9748525,0.97756207,0.9772095409626755,1.5665411,0.955842,1500,1405,train
1266,0.9822578,0.9784993,0.97469366,0.9771451,0.977042096343312,1.5665228,0.95848393,1500,1405,train
1267,0.9822487,0.97801626,0.9746085,0.9766463,0.9768966324585858,1.5665045,0.9014629,1500,1405,train
1268,0.98233193,0.9783262,0.97439104,0.9770404,0.9767205982467921,1.566486,0.9979276,1500,1405,train
1269,0.9817293,0.97789377,0.97432804,0.9766631,0.9765553888022825,1.5664674,0.9736191,1500,1405,train
1270,0.98174995,0.97763675,0.9741749,0.97634155,0.9764022851058145,1.5664486,0.93217623,1500,1405,train
1271,0.981733,0.9776381,0.97394097,0.97638905,0.9762552374580784,1.5664295,0.97668874,1500,1405,train
1272,0.98164177,0.9772353,0.97380733,0.9761437,0.9760906596575536,1.5664104,1.0054457,1500,1405,train
1273,0.9817285,0.9770752,0.97362477,0.97618157,0.9759297493646147,1.5663911,1.0861467,1500,1405,train
1274,0.98169583,0.97661716,0.9734912,0.9755745,0.9757776261280334,1.5663716,0.98321724,1500,1405,train
1275,0.9811797,0.97663593,0.973368,0.97553533,0.9756263076533878,1.5663519,0.97539926,1500,1405,train
1276,0.9811666,0.976567,0.973212,0.9753877,0.9754794942187341,1.5663321,0.95188,1500,1405,train
1277,0.9812155,0.9758113,0.97302115,0.9747188,0.9752852981210617,1.5663121,0.9143503,1500,1405,train
1278,0.98064107,0.9748766,0.9729843,0.9737962,0.975092271335049,1.5662918,0.8074528,1500,1405,train
1279,0.98066014,0.9744943,0.972765,0.9736847,0.9749070696631931,1.5662714,0.89419407,1500,1405,train
1280,0.98059076,0.9745822,0.97262543,0.97480583,0.9747092018416381,1.5662509,1.3412852,1500,1405,train
1281,0.9800728,0.97587955,0.9724321,0.97560775,0.9745204276429656,1.5662302,1.3215852,1500,1405,train
1282,0.9800698,0.9749438,0.9723013,0.974813,0.9743405593305687,1.5662092,1.2771119,1500,1405,train
1283,0.98015857,0.97463703,0.97208464,0.9745543,0.974172269315937,1.5661881,1.2823188,1500,1405,train
1284,0.9795984,0.97132534,0.9720343,0.97224844,0.9740049106952657,1.5661668,1.286573,1500,1405,train
1285,0.97957367,0.9743392,0.9718355,0.9742739,0.973837411170883,1.5661452,1.2796803,1500,1405,train
1286,0.9795202,0.9747963,0.9716864,0.974373,0.9736299130132763,1.5661235,1.2067833,1500,1405,train
1287,0.9794886,0.9743654,0.9715288,0.97423494,0.9734231510956871,1.5661016,1.2898936,1500,1405,train
1288,0.9789365,0.9733887,0.9714603,0.9734986,0.9732299530750844,1.5660794,1.2740664,1500,1405,train
1289,0.9792237,0.97210497,0.97126186,0.9727548,0.9730472184946806,1.566057,1.356482,1500,1405,train
1290,0.97896177,0.9728059,0.97101176,0.97308356,0.9728686436337218,1.5660344,1.3191333,1500,1405,train
1291,0.978961,0.97294074,0.9708979,0.9731212,0.9726797670328954,1.5660117,1.3087149,1500,1405,train
1292,0.9789514,0.97216827,0.97073483,0.9725088,0.972500078136568,1.5659887,1.2958415,1500,1405,train
1293,0.97891897,0.9727266,0.97055906,0.9728538,0.9723040273676512,1.5659654,1.2974559,1500,1405,train
1294,0.97828,0.9725654,0.9704456,0.9724694,0.9720920776021352,1.565942,1.1988417,1500,1405,train
1295,0.9783569,0.9714037,0.9702953,0.9719056,0.9718725824359126,1.5659183,1.3147427,1500,1405,train
1296,0.978367,0.97122455,0.97013396,0.9713408,0.9716370313722908,1.5658944,1.1529793,1500,1405,train
1297,0.9783908,0.97152877,0.969969,0.97144073,0.9714186692276002,1.5658703,1.1255538,1500,1405,train
1298,0.97784287,0.9709958,0.96978766,0.9710155,0.9712010949162023,1.5658458,1.1231245,1500,1405,train
1299,0.9778116,0.9699493,0.96963286,0.97037345,0.9709818489057382,1.5658213,1.1749458,1500,1405,train
1300,0.9778171,0.96975774,0.96954954,0.97024745,0.9707495356856598,1.5657964,1.18698,1500,1405,train
1301,0.9778175,0.9692654,0.9693189,0.96984094,0.9705420363143319,1.5657712,1.1860604,1500,1405,train
1302,0.9772295,0.97066367,0.9692163,0.9704231,0.9703236129773034,1.5657458,1.0383734,1500,1405,train
1303,0.9772591,0.97008467,0.9690524,0.97031325,0.9700721304733301,1.5657202,1.1755118,1500,1405,train
1304,0.9766936,0.9700244,0.968887,0.9700977,0.9698012435070724,1.5656943,1.1228724,1500,1405,train
1305,0.9766938,0.9699706,0.9687057,0.97031265,0.9695036629944028,1.5656682,1.2454636,1500,1405,train
1306,0.97671,0.9698106,0.9685709,0.9699775,0.9692471964504523,1.5656418,1.1689968,1500,1405,train
1307,0.9767145,0.96891797,0.96843493,0.9691343,0.9690186149814759,1.565615,1.0932384,1500,1405,train
1308,0.97612506,0.9686117,0.96829,0.9687,0.9688027080596914,1.565588,1.0190303,1500,1405,train
1309,0.9761651,0.96765506,0.9680739,0.96818346,0.9686009982760221,1.5655608,1.103159,1500,1405,train
1310,0.97620124,0.96772844,0.9679116,0.9678469,0.9683193075767135,1.5655332,0.9631473,1500,1405,train
1311,0.97562444,0.9689202,0.9677936,0.9686761,0.9681232008551163,1.5655054,0.9761651,1500,1405,train
1312,0.97563976,0.96876824,0.9676006,0.9684987,0.9679311279675331,1.5654773,0.9680798,1500,1405,train
1313,0.97558504,0.9679453,0.9674534,0.96775794,0.9677558064355255,1.5654488,0.91561484,1500,1405,train
1314,0.9755875,0.9674394,0.9672916,0.96736246,0.9675763309259595,1.56542,0.9155331,1500,1405,train
1315,0.9755374,0.9669519,0.9671502,0.966991,0.9674026559828959,1.565391,0.91779566,1500,1405,train
1316,0.9750681,0.9673445,0.9670086,0.9670454,0.9672170548010157,1.5653616,0.8443227,1500,1405,train
1317,0.9751499,0.9662296,0.9667738,0.9661383,0.9670781573435463,1.5653319,0.8164048,1500,1405,train
1318,0.97509,0.9662823,0.96663994,0.9658973,0.9669332302327427,1.5653019,0.7181773,1500,1405,train
1319,0.9744562,0.9666602,0.96647155,0.96665645,0.9667560853783292,1.5652715,0.9382752,1500,1405,train
1320,0.9744638,0.9669361,0.9663574,0.96650165,0.96659464329866,1.5652409,0.8097811,1500,1405,train
1321,0.9745071,0.96667105,0.9661649,0.9667052,0.9664566268339957,1.5652097,0.9884839,1500,1405,train
1322,0.9745416,0.96635324,0.96600163,0.96616614,0.966272548245739,1.5651784,0.8769709,1500,1405,train
1323,0.9739844,0.9662343,0.9658856,0.9658668,0.9661295157226203,1.5651467,0.80158925,1500,1405,train
1324,0.97396445,0.96626586,0.96565145,0.9659737,0.9659521716005729,1.5651146,0.8616488,1500,1405,train
1325,0.9734317,0.9660301,0.9654734,0.96584177,0.9657841116448304,1.5650821,0.8940866,1500,1405,train
1326,0.97339153,0.9653981,0.96539,0.9649013,0.965634539766242,1.5650493,0.6996781,1500,1405,train
1327,0.97337556,0.9652143,0.9651853,0.96504855,0.9654443393088444,1.565016,0.8337406,1500,1405,train
1328,0.97334677,0.9651237,0.9650519,0.9654803,0.9652741562078165,1.5649824,1.0494698,1500,1405,train
1329,0.9728498,0.96453404,0.96494037,0.9651179,0.9651226459382253,1.5649484,1.0810325,1500,1405,train
1330,0.97284335,0.9656399,0.9647371,0.96581125,0.9650146096796784,1.564914,1.0724177,1500,1405,train
1331,0.9728678,0.96540254,0.96455806,0.965652,0.9648873728937046,1.5648792,1.094299,1500,1405,train
1332,0.97229683,0.9657216,0.9643822,0.96588737,0.964800050184147,1.564844,1.119019,1500,1405,train
1333,0.972252,0.9647627,0.96423227,0.96505845,0.9646705850344682,1.5648084,1.0694644,1500,1405,train
1334,0.9723058,0.9644527,0.9641023,0.96455556,0.964539664282094,1.5647722,0.966789,1500,1405,train
1335,0.97227854,0.96480787,0.9639304,0.9650171,0.9643946709431573,1.5647358,1.0727744,1500,1405,train
1336,0.97171605,0.9637734,0.96376747,0.96419513,0.9642698497795679,1.5646988,1.0488796,1500,1405,train
1337,0.9717951,0.9637169,0.9635916,0.96443725,0.9640980335674363,1.5646614,1.1825856,1500,1405,train
1338,0.9718215,0.963586,0.9634134,0.96407187,0.9639455823075223,1.5646236,1.0904192,1500,1405,train
1339,0.9717501,0.9632069,0.9632492,0.9637405,0.9637951478620094,1.5645852,1.0807939,1500,1405,train
1340,0.97123015,0.96203643,0.963134,0.96287787,0.9636195648885231,1.5645465,1.0736303,1500,1405,train
1341,0.97131747,0.9632885,0.9629713,0.9637215,0.9634651463135102,1.5645071,1.0803062,1500,1405,train
1342,0.9707545,0.96155304,0.9626991,0.9623437,0.9632979321094564,1.5644673,1.0405396,1500,1405,train
1343,0.97066665,0.9611099,0.962576,0.96195555,0.9631469225464229,1.564427,1.0214871,1500,1405,train
1344,0.97071224,0.9630113,0.9623433,0.96358836,0.9629890388838929,1.5643861,1.1731123,1500,1405,train
1345,0.97011906,0.9622122,0.96231514,0.96304226,0.9628575114369966,1.5643448,1.180128,1500,1405,train
1346,0.9700903,0.96082866,0.9621711,0.9618663,0.962687021484577,1.5643029,1.1089182,1500,1405,train
1347,0.97016615,0.96222854,0.96192527,0.96300596,0.9625141081495183,1.5642605,1.2033157,1500,1405,train
1348,0.96953946,0.9608443,0.961858,0.96187985,0.9623648983513597,1.5642174,1.1442053,1500,1405,train
1349,0.96964127,0.9623479,0.96165216,0.9628025,0.9622012580957557,1.5641739,1.1165277,1500,1405,train
1350,0.9695233,0.961395,0.9614892,0.9620024,0.9620487583639498,1.5641297,1.0784553,1500,1405,train
1351,0.9695481,0.9601521,0.9613251,0.96124315,0.961922122149889,1.564085,1.139188,1500,1405,train
1352,0.96897334,0.96173674,0.9611956,0.96224654,0.9617073143383483,1.5640397,1.1131161,1500,1405,train
1353,0.9689698,0.96164143,0.9609093,0.9623702,0.9615222736161793,1.5639937,1.2216892,1500,1405,train
1354,0.96900856,0.9612696,0.9607668,0.96192384,0.9612987367652324,1.5639471,1.1608372,1500,1405,train
1355,0.96844244,0.95940906,0.9606815,0.9603685,0.9610858978456827,1.5638999,1.0638961,1500,1405,train
1356,0.9684841,0.96066815,0.96047807,0.96138865,0.9609221394541021,1.563852,1.1448117,1500,1405,train
1357,0.9684265,0.9585988,0.9603782,0.95986384,0.960775856842222,1.5638034,1.1209333,1500,1405,train
1358,0.96842754,0.95956546,0.9601519,0.960484,0.9606128292565906,1.5637542,1.1244144,1500,1405,train
1359,0.9682252,0.9591171,0.95999944,0.9600996,0.9604530409847385,1.5637043,1.1115137,1500,1405,train
1360,0.9679546,0.95874274,0.95984274,0.9599843,0.9602963772523865,1.5636536,1.1876459,1500,1405,train
1361,0.9679318,0.9569243,0.9595826,0.9587351,0.9601528701494416,1.5636022,1.2223804,1500,1405,train
1362,0.9673677,0.9604622,0.9594064,0.9611597,0.95998743536862,1.5635501,1.2269312,1500,1405,train
1363,0.96739036,0.9598049,0.9592862,0.9606376,0.9598073606709718,1.5634972,1.213628,1500,1405,train
1364,0.96687627,0.95893073,0.9591464,0.95999646,0.9596456610718036,1.5634435,1.2154088,1500,1405,train
1365,0.966896,0.9598469,0.9589871,0.96056163,0.959455308665697,1.5633891,1.2034583,1500,1405,train
1366,0.96686614,0.95866185,0.9587793,0.959512,0.9592479567621651,1.5633337,1.1344584,1500,1405,train
1367,0.9662533,0.9591457,0.95866376,0.96001095,0.9590711356459335,1.5632777,1.2131314,1500,1405,train
1368,0.9662279,0.957186,0.9585448,0.95843095,0.9588461439807368,1.5632207,1.1378834,1500,1405,train
1369,0.9662376,0.956446,0.95824265,0.9580542,0.9586008417786804,1.5631629,1.2269771,1500,1405,train
1370,0.9662635,0.95599455,0.9580317,0.9575796,0.9584333051973246,1.5631042,1.1846818,1500,1405,train
1371,0.9657109,0.9576984,0.9579606,0.958584,0.9583012753765228,1.5630445,1.1189361,1500,1405,train
1372,0.96574855,0.9581495,0.9577729,0.95890427,0.9581340305661746,1.562984,1.1420349,1500,1405,train
1373,0.9656559,0.9561139,0.9576439,0.95751995,0.9580245175788931,1.5629225,1.1689744,1500,1405,train
1374,0.96541363,0.9563761,0.9574963,0.9575154,0.957847614731569,1.56286,1.1090759,1500,1405,train
1375,0.9651092,0.95574486,0.95731735,0.9570503,0.9576532253727651,1.5627965,1.1180232,1500,1405,train
1376,0.965137,0.95399487,0.9570483,0.95574015,0.9575504890538176,1.562732,1.1096046,1500,1405,train
1377,0.9652558,0.9564619,0.956936,0.9575004,0.9573252663306734,1.5626664,1.139821,1500,1405,train
1378,0.96459085,0.95505416,0.9567254,0.95639724,0.9571551644922601,1.5625998,1.1123996,1500,1405,train
1379,0.9643822,0.95756006,0.956554,0.9580693,0.9569818634968218,1.5625321,1.1022367,1500,1405,train
1380,0.96456385,0.95674556,0.9563987,0.95744735,0.9567967715337485,1.5624632,1.0966263,1500,1405,train
1381,0.9639583,0.9555873,0.9562716,0.956521,0.9565720767158569,1.5623932,1.061429,1500,1405,train
1382,0.96405804,0.95468986,0.9561289,0.95577204,0.9563924515378653,1.5623219,1.0263454,1500,1405,train
1383,0.96407664,0.95581806,0.95588595,0.9566751,0.9561965705063007,1.5622495,1.1008946,1500,1405,train
1384,0.9635496,0.9550862,0.9558026,0.95585805,0.9559868043952678,1.5621759,0.98484194,1500,1405,train
1385,0.963219,0.95384747,0.9554909,0.95516336,0.9557293876102522,1.5621009,1.0866747,1500,1405,train
1386,0.9632213,0.95407796,0.95533913,0.95508575,0.9555273629827227,1.5620246,1.0065432,1500,1405,train
1387,0.9632347,0.9540303,0.95515287,0.9549312,0.9552705537130771,1.561947,0.9775276,1500,1405,train
1388,0.9626813,0.955132,0.95510966,0.9556649,0.9550973886733104,1.561868,0.96895623,1500,1405,train
1389,0.96247154,0.9536089,0.9549165,0.9547061,0.9549080542606411,1.5617876,1.03094,1500,1405,train
1390,0.9624588,0.9548257,0.9546891,0.9553467,0.9546249593169982,1.5617057,0.9720981,1500,1405,train
1391,0.96187764,0.95437336,0.9544393,0.95504177,0.9543679995999315,1.5616223,1.0032732,1500,1405,train
1392,0.96159005,0.95550275,0.9543165,0.9548422,0.9541081769630544,1.5615374,0.6166898,1500,1405,train
1393,0.96160704,0.9558262,0.95416266,0.95510924,0.9538944712521823,1.5614508,0.65045905,1500,1405,train
1394,0.9616121,0.9560717,0.953957,0.9553553,0.9536017896002957,1.5613626,0.70341015,1500,1405,train
1395,0.9612962,0.9550393,0.95380396,0.9544039,0.9533084407473893,1.5612729,0.6254605,1500,1405,train
1396,0.9610228,0.95266783,0.9536927,0.9526134,0.9530213461415856,1.5611812,0.5805525,1500,1405,train
1397,0.9610324,0.95241034,0.953397,0.9522936,0.9528108864435861,1.5610878,0.5556802,1500,1405,train
1398,0.9607957,0.9508713,0.9532762,0.9510591,0.9525626852840563,1.5609927,0.5024652,1500,1405,train
1399,0.9605407,0.95190984,0.9530554,0.9518459,0.9522385799376167,1.5608957,0.55252385,1500,1405,train
1400,0.9602551,0.955278,0.95289606,0.953264,0.9519318929871129,1.5607966,0.19467448,1500,1405,train
1401,0.96046907,0.94947463,0.9527514,0.9490771,0.9516718006867746,1.5606956,0.15010343,1500,1405,train
1402,0.9598629,0.9537232,0.9525969,0.9520077,0.9513667757606699,1.5605927,0.15648603,1500,1405,train
1403,0.9596817,0.9526427,0.9525082,0.9509648,0.9511223153302685,1.5604874,0.04814472,1500,1405,train
1404,0.95994586,0.9532246,0.9522179,0.95112824,0.9508794701818258,1.56038,-0.018155344,1500,1405,train
1405,0.9593719,0.9531391,0.95210177,0.9510784,0.9505941732455743,1.5602704,-0.0016008839,1500,1405,train
1406,0.9593537,0.9528376,0.9519535,0.9507079,0.9503821006755078,1.5601584,-0.050609253,1500,1405,train
1407,0.95907986,0.9520005,0.9517977,0.94995713,0.9501300179843938,1.560044,-0.10187507,1500,1405,train
1408,0.9589963,0.9506752,0.95156276,0.94856745,0.9498233382649142,1.5599272,-0.2658015,1500,1405,train
1409,0.95907915,0.9516773,0.95128924,0.94916296,0.9495480871542753,1.5598078,-0.27734673,1500,1405,train
1410,0.9584889,0.9534056,0.9512981,0.9501635,0.9492894194372142,1.5596857,-0.3602998,1500,1405,train
1411,0.9585263,0.95018905,0.951048,0.9478412,0.9490562627673319,1.5595609,-0.36709055,1500,1405,train
1412,0.9579275,0.95034015,0.9508906,0.9478501,0.9487999432145995,1.5594332,-0.38899216,1500,1405,train
1413,0.95794785,0.9492723,0.950741,0.94695616,0.9485732312380366,1.5593026,-0.43389484,1500,1405,train
1414,0.9576895,0.9490278,0.95037293,0.94667643,0.9482729288847784,1.5591689,-0.4382568,1500,1405,train
1415,0.9570896,0.9523457,0.9502868,0.94910955,0.9479608267519184,1.5590322,-0.3785084,1500,1405,train
1416,0.956967,0.9525746,0.9500687,0.94899064,0.9477109010701256,1.5588921,-0.4676193,1500,1405,train
1417,0.95724916,0.95126665,0.9499231,0.94819057,0.9474776280153194,1.5587487,-0.40710416,1500,1405,train
1418,0.95714426,0.9501261,0.9497438,0.9471313,0.947259703666198,1.5586019,-0.49530882,1500,1405,train
1419,0.9566616,0.9517605,0.94956726,0.94822645,0.947080210303185,1.5584513,-0.49319363,1500,1405,train
1420,0.95690054,0.9514984,0.9493915,0.9478276,0.9469458371567379,1.5582969,-0.5618932,1500,1405,train
1421,0.95630187,0.95008993,0.9492452,0.9469686,0.9467578673649301,1.5581387,-0.49677998,1500,1405,train
1422,0.9562697,0.9480379,0.94907945,0.9450682,0.9465376852946324,1.5579765,-0.67040616,1500,1405,train
1423,0.956286,0.9498957,0.9488711,0.9465498,0.9463174208276537,1.5578101,-0.5711012,1500,1405,train
1424,0.9559543,0.952112,0.9487331,0.94788563,0.9461357722833268,1.5576392,-0.6398945,1500,1405,train
1425,0.9556587,0.9516206,0.948431,0.9474684,0.9459426262272713,1.5574638,-0.63751733,1500,1405,train
1426,0.9554954,0.94908977,0.94835097,0.9453894,0.9457947022323524,1.5572836,-0.7578012,1500,1405,train
1427,0.9551445,0.9489816,0.94812185,0.94526565,0.9455111237754098,1.5570985,-0.75250316,1500,1405,train
1428,0.9551373,0.94821393,0.9479883,0.9446957,0.9452886669729387,1.5569084,-0.7524504,1500,1405,train
1429,0.95511675,0.94622207,0.94778836,0.9432215,0.9450401102795132,1.5567127,-0.7663615,1500,1405,train
1430,0.95454246,0.95108354,0.9476466,0.94633186,0.9448367132371156,1.5565116,-0.8617837,1500,1405,train
1431,0.9546061,0.9465121,0.9474957,0.94344485,0.9446239724480696,1.5563046,-0.7257055,1500,1405,train
1432,0.9545693,0.9474599,0.9472634,0.94379663,0.9444491046439153,1.5560915,-0.8254218,1500,1405,train
1433,0.9545943,0.9487865,0.9471426,0.94489557,0.9442785683351778,1.5558721,-0.7409082,1500,1405,train
1434,0.9540606,0.9491466,0.94683444,0.94494355,0.9440635985465398,1.555646,-0.78961223,1500,1405,train
1435,0.95405805,0.94783187,0.94667816,0.9437617,0.943860133398049,1.5554129,-0.88096666,1500,1405,train
1436,0.9535534,0.945618,0.9465469,0.94206303,0.9436370834626008,1.5551726,-0.93077224,1500,1405,train
1437,0.95353514,0.9461608,0.9463621,0.942535,0.9434025411241235,1.5549246,-0.8723552,1500,1405,train
1438,0.9534314,0.9445921,0.94624937,0.94112444,0.9431773903102454,1.5546687,-0.98960185,1500,1405,train
1439,0.95293146,0.9493326,0.9460433,0.944447,0.9429555064246661,1.5544044,-0.9576546,1500,1405,train
1440,0.95294315,0.9492069,0.9458753,0.94436526,0.9426748586817587,1.5541312,-0.9369694,1500,1405,train
1441,0.95239913,0.94773626,0.945582,0.9433149,0.9425069747574374,1.5538487,-0.9159043,1500,1405,train
1442,0.9523619,0.94728327,0.94535655,0.94283646,0.9423475378436864,1.5535567,-0.95761085,1500,1405,train
1443,0.95177984,0.94707215,0.9452332,0.9424691,0.9421262465929047,1.5532542,-1.0337508,1500,1405,train
1444,0.9520769,0.9461032,0.9449883,0.9417853,0.9418789026377852,1.5529411,-1.0108744,1500,1405,train
1445,0.951802,0.94497865,0.9448033,0.9408477,0.941706221197723,1.5526165,-1.053657,1500,1405,train
1446,0.95132375,0.9468841,0.9447745,0.9421324,0.9415307746159836,1.55228,-1.0673728,1500,1405,train
1447,0.9512862,0.9464177,0.94465536,0.94176996,0.941343045431233,1.5519307,-1.0697566,1500,1405,train
1448,0.9511993,0.9463325,0.9443806,0.9416162,0.941032787189235,1.5515679,-1.0781755,1500,1405,train
1449,0.9506898,0.94211054,0.94419473,0.93888474,0.9407918757119186,1.551191,-0.97367525,1500,1405,train
1450,0.9507312,0.94379556,0.94399893,0.93973774,0.940588455784329,1.550799,-1.0823444,1500,1405,train
1451,0.9507398,0.94393533,0.9438079,0.93968815,0.9404086282470225,1.550391,-1.1212376,1500,1405,train
1452,0.95017344,0.9443476,0.94358885,0.9400208,0.9401826275164618,1.549966,-1.0787308,1500,1405,train
1453,0.9499257,0.94565547,0.94348717,0.9408682,0.9400133927407364,1.549523,-1.0931948,1500,1405,train
1454,0.9501213,0.9462513,0.94322485,0.9410689,0.9397521264399137,1.5490606,-1.1516085,1500,1405,train
1455,0.94959813,0.94464207,0.94313526,0.9399638,0.9394583396523799,1.5485778,-1.1357223,1500,1405,train
1456,0.94960487,0.9453433,0.9428876,0.94053614,0.9393470764805306,1.5480729,-1.0744207,1500,1405,train
1457,0.94908863,0.94336593,0.94261944,0.9391486,0.9391333397961429,1.5475447,-1.0497024,1500,1405,train
1458,0.948985,0.94231486,0.94254625,0.9382746,0.9389348999906008,1.5469913,-1.0996246,1500,1405,train
1459,0.94904906,0.94243723,0.9422481,0.93820095,0.9387719338565225,1.5464109,-1.131677,1500,1405,train
1460,0.94851625,0.94239664,0.9421602,0.93821377,0.9386003422233087,1.5458015,-1.1053703,1500,1405,train
1461,0.9484189,0.94538325,0.9419743,0.9401116,0.9384697115975449,1.5451609,-1.1586881,1500,1405,train
1462,0.9478225,0.9430697,0.9418457,0.93837625,0.9382387860225778,1.5444866,-1.1955143,1500,1405,train
1463,0.94786835,0.94239557,0.94164693,0.93789417,0.9380148250510134,1.5437759,-1.1790273,1500,1405,train
1464,0.9479075,0.94020677,0.9413203,0.93652546,0.9377670247974901,1.5430257,-1.0803738,1500,1405,train
1465,0.94784606,0.9416872,0.9412461,0.937831,0.9376103803024157,1.5422326,-0.9604492,1500,1405,train
1466,0.94737846,0.9399719,0.9411407,0.9362958,0.9374563144774354,1.541393,-1.0876628,1500,1405,train
1467,0.9473299,0.93939334,0.9407786,0.9358751,0.9373046474326022,1.5405025,-1.0554386,1500,1405,train
1468,0.94676137,0.9412684,0.94072884,0.9372593,0.9371475359262458,1.5395565,-1.0178611,1500,1405,train
1469,0.9468459,0.9412943,0.940494,0.93720365,0.9369908353920856,1.5385494,-1.0221868,1500,1405,train
1470,0.9462965,0.93949854,0.9401466,0.93583125,0.9368171841051091,1.5374753,-1.0340433,1500,1405,train
1471,0.94636047,0.9392749,0.9399589,0.9355929,0.9365466291948708,1.5363272,-1.0471843,1500,1405,train
1472,0.94601756,0.93829554,0.939843,0.93511784,0.9364016963435308,1.5350972,-0.95052326,1500,1405,train
1473,0.9458126,0.94121766,0.9396637,0.93732584,0.9362257894793035,1.5337762,-0.8602791,1500,1405,train
1474,0.94547737,0.9405844,0.9395406,0.9365784,0.9361022368892437,1.5323538,-0.97143567,1500,1405,train
1475,0.94500065,0.94128525,0.9393409,0.9370935,0.9359017847151113,1.5308176,-0.93856823,1500,1405,train
1476,0.94467384,0.9406662,0.939244,0.9364903,0.9357186771631892,1.5291537,-0.99801004,1500,1405,train
1477,0.94488174,0.9405513,0.9389377,0.9363562,0.935515365985826,1.5273454,-0.9865782,1500,1405,train
1478,0.9446569,0.93783087,0.93868196,0.93433374,0.9352726966500915,1.5253731,-1.0110333,1500,1405,train
1479,0.9440794,0.9417217,0.93853825,0.93698204,0.9350426442010178,1.5232133,-1.0197666,1500,1405,train
1480,0.9441011,0.941424,0.9384853,0.9368121,0.934903914404479,1.5208379,-0.9988263,1500,1405,train
1481,0.94406563,0.9372554,0.938226,0.9338457,0.9347117981739547,1.5182133,-0.99680394,1500,1405,train
1482,0.9434915,0.93817085,0.93801695,0.93441814,0.9345569489736429,1.5152978,-1.0003403,1500,1405,train
1483,0.9434721,0.9378582,0.9378062,0.93408525,0.9343594277970627,1.5120405,-1.0242059,1500,1405,train
1484,0.9435165,0.93774575,0.9376272,0.9339907,0.9340750723466127,1.5083776,-1.0112768,1500,1405,train
1485,0.94296885,0.93860817,0.9373932,0.9345834,0.9338527788929194,1.5042281,-0.9888152,1500,1405,train
1486,0.9429546,0.9350778,0.93715584,0.9320451,0.9336093994790011,1.4994888,-0.99577343,1500,1405,train
1487,0.9423931,0.9372312,0.9369871,0.9334738,0.9334695196431826,1.4940244,-1.0059229,1500,1405,train
1488,0.9424797,0.9378253,0.9368311,0.93353164,0.9333034392329058,1.487655,-1.1335251,1500,1405,train
1489,0.9421603,0.93656325,0.9366139,0.93264663,0.9330962982063388,1.4801364,-1.1124637,1500,1405,train
1490,0.94190866,0.9368442,0.93647885,0.93277824,0.9328617600963091,1.4711276,-1.1237274,1500,1405,train
1491,0.94132847,0.93724096,0.9362211,0.93294096,0.9326922863187705,1.4601392,-1.141723,1500,1405,train
1492,0.9413139,0.93603903,0.936013,0.9320465,0.9324121354900488,1.4464413,-1.1424929,1500,1405,train
1493,0.9407665,0.93587565,0.935923,0.93181646,0.9321277778160184,1.4288993,-1.1799626,1500,1405,train
1494,0.94054186,0.93541384,0.93571746,0.9314419,0.9318636432639223,1.4056476,-1.1791024,1500,1405,train
1495,0.9407345,0.93521684,0.9354994,0.9312669,0.931663127896635,1.3734008,-1.1707172,1500,1405,train
1496,0.9401767,0.93905675,0.9353129,0.9336879,0.9314170819481208,1.3258177,-1.2529013,1500,1405,train
1497,0.94017977,0.9350927,0.9351305,0.9308417,0.931165385513304,1.2490457,-1.2682636,1500,1405,train
1498,0.93962723,0.936259,0.93500304,0.9316274,0.9308856319440244,1.1071488,-1.2649877,1500,1405,train
1499,0.93934554,0.9335828,0.93474555,0.92971677,0.9306172857011861,0.7853982,-1.2562327,1500,1405,train
1500,0.9396074,0.9329745,0.9345374,0.9291755,0.930396890209025,-0.0,-1.2814608,1500,1405,train
1501,0.9393323,0.93245554,0.9343479,0.92883074,0.930197788807992,-0.7853982,-1.2540026,1500,1405,train
1502,0.93940055,0.93279845,0.9341093,0.92900026,0.9299418118675478,-1.1071488,-1.2560921,1500,1405,train
1503,0.9387623,0.9349577,0.9340582,0.9304709,0.929713647559531,-1.2490457,-1.2637355,1500,1405,train
1504,0.93858445,0.9359635,0.93373865,0.93108886,0.9293828101810748,-1.3258177,-1.2622939,1500,1405,train
1505,0.9384883,0.93209493,0.93342227,0.92836607,0.9291724962025191,-1.3734008,-1.239778,1500,1405,train
1506,0.93796724,0.93321306,0.93331754,0.9290481,0.9289871550715364,-1.4056476,-1.2675306,1500,1405,train
1507,0.93771094,0.9323418,0.9331517,0.9283691,0.9287254506700264,-1.4288993,-1.2789321,1500,1405,train
1508,0.9374708,0.9324242,0.9329571,0.9283866,0.9285357970702924,-1.4464413,-1.273862,1500,1405,train
1509,0.937421,0.93544734,0.9327701,0.93048143,0.928310368025351,-1.4601392,-1.257395,1500,1405,train
1510,0.93742335,0.93243647,0.9324742,0.92829126,0.9280705262738054,-1.4711276,-1.2633624,1500,1405,train
1511,0.9368633,0.933354,0.9324184,0.9289212,0.9278420410182202,-1.4801364,-1.2608492,1500,1405,train
1512,0.9368669,0.9314304,0.93207085,0.92738616,0.9275405238056816,-1.487655,-1.3026099,1500,1405,train
1513,0.9365578,0.93024683,0.9320013,0.9264862,0.9273440463847492,-1.4940244,-1.3259578,1500,1405,train
1514,0.93656224,0.93125236,0.93184406,0.92719877,0.9271217359659613,-1.4994888,-1.3036413,1500,1405,train
1515,0.9360278,0.9302833,0.93164456,0.92646044,0.9268314508463393,-1.5042281,-1.3077607,1500,1405,train
1516,0.93604434,0.928455,0.9313396,0.92513376,0.9265492584873174,-1.5083776,-1.2963262,1500,1405,train
1517,0.93544334,0.9312843,0.93129873,0.9270514,0.926297802116826,-1.5120405,-1.3130641,1500,1405,train
1518,0.93542546,0.93057597,0.93097764,0.9264897,0.9260203267521235,-1.5152978,-1.3058809,1500,1405,train
1519,0.9354195,0.93146265,0.93080866,0.9270739,0.9257449350131897,-1.5182133,-1.300886,1500,1405,train
1520,0.9351907,0.9282571,0.9306116,0.92479026,0.9254199812608057,-1.5208379,-1.3004899,1500,1405,train
1521,0.9349147,0.9280792,0.9304048,0.92460036,0.9251686862760768,-1.5232133,-1.3047681,1500,1405,train
1522,0.93490666,0.9273573,0.930177,0.92405,0.9249811420548711,-1.5253731,-1.299303,1500,1405,train
1523,0.9345715,0.92734337,0.93004405,0.9239799,0.9247219512901426,-1.5273454,-1.3093691,1500,1405,train
1524,0.93427104,0.92985624,0.9297918,0.92566955,0.9244874503761437,-1.5291537,-1.3061225,1500,1405,train
1525,0.9337694,0.92662144,0.929497,0.9233353,0.9242325916968163,-1.5308176,-1.307317,1500,1405,train
1526,0.93352544,0.92620265,0.92932916,0.9229825,0.9239416683745252,-1.5323538,-1.3139248,1500,1405,train
1527,0.9332475,0.9281341,0.92933935,0.9243587,0.9236005536426807,-1.5337762,-1.3022041,1500,1405,train
1528,0.9329166,0.92693675,0.9290871,0.9233972,0.9233156755644382,-1.5350972,-1.3267093,1500,1405,train
1529,0.9329331,0.929245,0.9288229,0.9249091,0.9230627199229409,-1.5363272,-1.3365488,1500,1405,train
1530,0.9326573,0.92748547,0.92861503,0.92369485,0.9228519204356683,-1.5374753,-1.3094294,1500,1405,train
1531,0.93207425,0.92664987,0.92856133,0.9230623,0.9225495541434959,-1.5385494,-1.3242275,1500,1405,train
1532,0.932096,0.92637706,0.9282386,0.9227742,0.9223231089695765,-1.5395565,-1.3288966,1500,1405,train
1533,0.93151784,0.92336094,0.9280057,0.920609,0.9220520923039143,-1.5405025,-1.3300045,1500,1405,train
1534,0.9315863,0.9243394,0.92761445,0.9211622,0.9217967958384682,-1.541393,-1.3393672,1500,1405,train
1535,0.930987,0.9245526,0.92760664,0.9213611,0.921630906332085,-1.5422326,-1.3179697,1500,1405,train
1536,0.9312501,0.9249059,0.92733085,0.92155886,0.921406783257866,-1.5430257,-1.3074362,1500,1405,train
1537,0.93099594,0.9248462,0.92726934,0.9213969,0.9211328913907233,-1.5437759,-1.3497252,1500,1405,train
1538,0.93047214,0.92133963,0.92695355,0.91888213,0.9209092673840659,-1.5444866,-1.3450506,1500,1405,train
1539,0.9304827,0.92230916,0.9266123,0.91950095,0.9206699834028735,-1.5451609,-1.330612,1500,1405,train
1540,0.9298967,0.92425376,0.92654914,0.9208206,0.9204432257207307,-1.5458015,-1.3376697,1500,1405,train
1541,0.9296299,0.92417204,0.92627394,0.9207164,0.9202281930224544,-1.5464109,-1.326844,1500,1405,train
1542,0.9296906,0.9230689,0.9261963,0.9199085,0.9199632296122101,-1.5469913,-1.334538,1500,1405,train
1543,0.9291268,0.92306495,0.92607397,0.9199158,0.9197460698831204,-1.5475447,-1.3170712,1500,1405,train
1544,0.92909074,0.9227667,0.9258021,0.9195874,0.9194820682044651,-1.5480729,-1.3365378,1500,1405,train
1545,0.9287742,0.92494637,0.9255756,0.92100483,0.9192781548971974,-1.5485778,-1.3525522,1500,1405,train
1546,0.92850804,0.9211844,0.9253322,0.9183541,0.9190242771961872,-1.5490606,-1.3387067,1500,1405,train
1547,0.92825,0.9217688,0.9251167,0.91873133,0.918770778224783,-1.549523,-1.3272233,1500,1405,train
1548,0.9282876,0.92160106,0.9248927,0.91851616,0.9185136818135516,-1.549966,-1.3427817,1500,1405,train
1549,0.92796767,0.92168105,0.9246937,0.9185448,0.9181919616789632,-1.550391,-1.3320153,1500,1405,train
1550,0.9276299,0.919983,0.92469627,0.9172715,0.917963698770615,-1.550799,-1.3693607,1500,1405,train
1551,0.9273863,0.920596,0.9244118,0.91766953,0.9177216779076024,-1.551191,-1.3499596,1500,1405,train
1552,0.9271478,0.9224192,0.9241737,0.9189038,0.9174745767952712,-1.5515679,-1.3382342,1500,1405,train
1553,0.92681247,0.91985714,0.9239387,0.9170457,0.9172140651859979,-1.5519307,-1.3427415,1500,1405,train
1554,0.9262986,0.92042243,0.9238681,0.91741914,0.9169321169442389,-1.55228,-1.3432461,1500,1405,train
1555,0.9260467,0.919706,0.9235869,0.9168817,0.9167474840040292,-1.5526165,-1.3281972,1500,1405,train
1556,0.92606795,0.9206135,0.9233018,0.9174375,0.9165259697795739,-1.5529411,-1.3280221,1500,1405,train
1557,0.9257911,0.91782886,0.9229887,0.91547173,0.916350297360643,-1.5532542,-1.304664,1500,1405,train
1558,0.92551976,0.9191223,0.922779,0.91621035,0.9161719461227459,-1.5535567,-1.3477122,1500,1405,train
1559,0.92522615,0.9182956,0.9225459,0.9156494,0.915884036418801,-1.5538487,-1.3162311,1500,1405,train
1560,0.9249966,0.917254,0.9224301,0.91484034,0.9156382304738587,-1.5541312,-1.3376637,1500,1405,train
1561,0.92500705,0.9172189,0.9222089,0.9147716,0.9153923039425464,-1.5544044,-1.3315213,1500,1405,train
1562,0.92438006,0.92109805,0.922103,0.9174419,0.9151634049903054,-1.5546687,-1.3324847,1500,1405,train
1563,0.92434907,0.91702354,0.9218085,0.9145354,0.9149783169006094,-1.5549246,-1.3285202,1500,1405,train
1564,0.92386234,0.916433,0.9215418,0.9140229,0.9146975382958793,-1.5551726,-1.3405645,1500,1405,train
1565,0.92387754,0.91679287,0.9214171,0.9142142,0.9143807581562854,-1.5554129,-1.3510952,1500,1405,train
1566,0.9235776,0.91508853,0.9212253,0.91297644,0.9141363196228184,-1.555646,-1.3508649,1500,1405,train
1567,0.9232483,0.9152402,0.9209897,0.9130236,0.9139036057370477,-1.5558721,-1.3488928,1500,1405,train
1568,0.9232545,0.915517,0.92075086,0.913175,0.9136721265688719,-1.5560915,-1.3396065,1500,1405,train
1569,0.9226935,0.91738874,0.9206182,0.9144292,0.9134608198730607,-1.5563046,-1.3451127,1500,1405,train
1570,0.92243457,0.91593933,0.92042106,0.91331613,0.913249480119211,-1.5565116,-1.3658202,1500,1405,train
1571,0.92213756,0.9153338,0.9201676,0.9128473,0.9130406337968578,-1.5567127,-1.3573098,1500,1405,train
1572,0.9218652,0.91495454,0.920021,0.9125409,0.9127738800263905,-1.5569084,-1.3584961,1500,1405,train
1573,0.9218912,0.91422975,0.91977715,0.9119401,0.9125856772419715,-1.5570985,-1.370966,1500,1405,train
1574,0.92158544,0.91732836,0.9195406,0.9140681,0.9123531331921088,-1.5572836,-1.357163,1500,1405,train
1575,0.9213266,0.91574705,0.9193671,0.91293335,0.9121547735880192,-1.5574638,-1.3518696,1500,1405,train
1576,0.9213697,0.9133311,0.9190113,0.9111558,0.9119308866021427,-1.5576392,-1.351701,1500,1405,train
1577,0.92080647,0.91270804,0.9188323,0.9106756,0.9117124834893,-1.5578101,-1.3510199,1500,1405,train
1578,0.9201959,0.9154806,0.9187373,0.912536,0.9115375200320373,-1.5579765,-1.3692161,1500,1405,train
1579,0.9201673,0.9157537,0.9184409,0.9126555,0.9113207941508852,-1.5581387,-1.3656032,1500,1405,train
1580,0.9202172,0.91376936,0.918285,0.91123533,0.9111099882237351,-1.5582969,-1.3641651,1500,1405,train
1581,0.9196923,0.91446364,0.9180214,0.911672,0.9109319917960915,-1.5584513,-1.3543797,1500,1405,train
1582,0.91910094,0.9116169,0.9180268,0.9096446,0.9106995981531478,-1.5586019,-1.373317,1500,1405,train
1583,0.9191057,0.9114281,0.917672,0.90939516,0.9104822035588871,-1.5587487,-1.3825195,1500,1405,train
1584,0.91848433,0.9136092,0.9174401,0.91087127,0.910298526089949,-1.5588921,-1.3745797,1500,1405,train
1585,0.9182819,0.91226816,0.91722304,0.90989494,0.9100824925644916,-1.5590322,-1.368113,1500,1405,train
1586,0.9185557,0.9125736,0.91705346,0.91007674,0.9098024519940344,-1.5591689,-1.3621472,1500,1405,train
1587,0.918019,0.9122604,0.91687804,0.9097919,0.9095298420918565,-1.5593026,-1.3701551,1500,1405,train
1588,0.9179856,0.90996516,0.91652226,0.908145,0.9093752531517049,-1.5594332,-1.3509831,1500,1405,train
1589,0.9177135,0.91076744,0.9163319,0.9085927,0.9092211979815494,-1.5595609,-1.3753532,1500,1405,train
1590,0.91743237,0.9132581,0.9161143,0.9102519,0.9090608024386915,-1.5596857,-1.3821831,1500,1405,train
1591,0.9171665,0.9118831,0.9159467,0.90926915,0.9088683950946483,-1.5598078,-1.3741393,1500,1405,train
1592,0.91693234,0.91158843,0.91573656,0.90900075,0.9086764863078369,-1.5599272,-1.3768742,1500,1405,train
1593,0.9166438,0.9105755,0.91549546,0.9082887,0.9084195305465022,-1.560044,-1.3532219,1500,1405,train
1594,0.9163986,0.909711,0.9154273,0.90762687,0.9081890825431362,-1.5601584,-1.3701115,1500,1405,train
1595,0.91636443,0.9093648,0.9149649,0.90727764,0.9080389181377566,-1.5602704,-1.3635596,1500,1405,train
1596,0.9158463,0.9118083,0.9148026,0.90891576,0.90789736316287,-1.56038,-1.3716854,1500,1405,train
1597,0.91582286,0.9114914,0.914585,0.90863645,0.907734066912836,-1.5604874,-1.3717455,1500,1405,train
1598,0.9149972,0.9082521,0.9145409,0.9063661,0.9074907170683516,-1.5605927,-1.3728006,1500,1405,train
1599,0.91522074,0.9102521,0.91417223,0.90768313,0.907263698564416,-1.5606956,-1.3633397,1500,1405,train
1600,0.91496897,0.90886503,0.914112,0.9066799,0.9071207473052619,-1.5607966,-1.3719223,1500,1405,train
1601,0.91474366,0.90827036,0.9138877,0.90622365,0.9069638193840194,-1.5608957,-1.364541,1500,1405,train
1602,0.91411364,0.90865445,0.9135631,0.90635586,0.906729235207939,-1.5609927,-1.3841015,1500,1405,train
1603,0.9141478,0.90863526,0.9133114,0.9062919,0.9065021909863455,-1.5610878,-1.3772005,1500,1405,train
1604,0.9135666,0.9083219,0.91313726,0.90602463,0.9063464697024016,-1.5611812,-1.3780999,1500,1405,train
1605,0.9135217,0.90878165,0.9129519,0.90631557,0.9062030772252276,-1.5612729,-1.3697493,1500,1405,train
1606,0.9132911,0.90655136,0.91288954,0.9047271,0.9060319509386481,-1.5613626,-1.3772546,1500,1405,train
1607,0.91328865,0.91051376,0.9125172,0.90738523,0.9058796087003262,-1.5614508,-1.377792,1500,1405,train
1608,0.9130183,0.9074595,0.9121072,0.90515214,0.905680546964619,-1.5615374,-1.3761417,1500,1405,train
1609,0.91250944,0.906813,0.91211087,0.9046844,0.905421616495152,-1.5616223,-1.383651,1500,1405,train
1610,0.9125206,0.90782094,0.9117126,0.9052726,0.9052085106946542,-1.5617057,-1.3864119,1500,1405,train
1611,0.9118956,0.9101472,0.9115621,0.9068412,0.9049902482222579,-1.5617876,-1.3908901,1500,1405,train
1612,0.91201997,0.91028583,0.9112965,0.90686154,0.9047971587574702,-1.561868,-1.3928747,1500,1405,train
1613,0.9116799,0.90930605,0.91106737,0.9061198,0.904591664701919,-1.561947,-1.3919885,1500,1405,train
1614,0.911048,0.90561664,0.9108935,0.9035172,0.9043382507112476,-1.5620246,-1.3865075,1500,1405,train
1615,0.91134334,0.90498483,0.9105822,0.90298486,0.9041445791112278,-1.5621009,-1.3900237,1500,1405,train
1616,0.91072476,0.9067526,0.91039586,0.90413994,0.9039496809305405,-1.5621759,-1.400601,1500,1405,train
1617,0.91053385,0.9047184,0.91034716,0.90271324,0.9037325708776134,-1.5622495,-1.3993564,1500,1405,train
1618,0.9102578,0.9078805,0.91000915,0.90482026,0.9035293623602692,-1.5623219,-1.401139,1500,1405,train
1619,0.9099403,0.90700805,0.9098796,0.9041539,0.9033240465583695,-1.5623932,-1.4109069,1500,1405,train
1620,0.9096582,0.9051626,0.9096236,0.90277565,0.9030609924827249,-1.5624632,-1.4207458,1500,1405,train
1621,0.90935445,0.9030639,0.90947986,0.9012798,0.9028002631542859,-1.5625321,-1.4189367,1500,1405,train
1622,0.909093,0.90307856,0.90923005,0.9012439,0.9026111833516951,-1.5625998,-1.4103677,1500,1405,train
1623,0.9088117,0.90656304,0.90896726,0.9035841,0.9024250314360741,-1.5626664,-1.4169128,1500,1405,train
1624,0.90854377,0.904943,0.90887797,0.90246475,0.9022016233165248,-1.562732,-1.4035205,1500,1405,train
1625,0.9082386,0.9041401,0.90861183,0.90183055,0.9019562813681381,-1.5627965,-1.404944,1500,1405,train
1626,0.9079413,0.9034863,0.90850925,0.9013348,0.9017028896632232,-1.56286,-1.4101532,1500,1405,train
1627,0.9079604,0.90487313,0.9081094,0.90219265,0.9014559414460069,-1.5629225,-1.4104048,1500,1405,train
1628,0.90800136,0.903736,0.9077637,0.90130746,0.9012353582941927,-1.562984,-1.4105456,1500,1405,train
1629,0.90774345,0.902876,0.9075558,0.90065956,0.9010160694322162,-1.5630445,-1.4077384,1500,1405,train
1630,0.90746295,0.90265644,0.90747225,0.9004718,0.900818030490828,-1.5631042,-1.412764,1500,1405,train
1631,0.90683824,0.9021436,0.9069968,0.90000343,0.9005768923797731,-1.5631629,-1.4060297,1500,1405,train
1632,0.9069299,0.90182257,0.9068815,0.89973414,0.9003069865767936,-1.5632207,-1.4120224,1500,1405,train
1633,0.9066431,0.90088284,0.90672606,0.8990634,0.9001330133917932,-1.5632777,-1.401638,1500,1405,train
1634,0.90601194,0.90316665,0.9064084,0.9005547,0.8998952582969436,-1.5633337,-1.4073203,1500,1405,train
1635,0.90590644,0.90316594,0.9063925,0.9005223,0.8996242067560365,-1.5633891,-1.41858,1500,1405,train
1636,0.9056757,0.9022293,0.9061108,0.8998206,0.8993688935766107,-1.5634435,-1.4078585,1500,1405,train
1637,0.9056706,0.90126145,0.905878,0.8991114,0.8991473102497037,-1.5634972,-1.3966737,1500,1405,train
1638,0.9051556,0.90151,0.90570426,0.8992239,0.8989846355045602,-1.5635501,-1.4023378,1500,1405,train
1639,0.9051683,0.9013696,0.905513,0.8990649,0.8988013631349743,-1.5636022,-1.4063557,1500,1405,train
1640,0.90463823,0.8986342,0.90526265,0.8970984,0.8986105752540845,-1.5636536,-1.4039121,1500,1405,train
1641,0.90432465,0.901041,0.90493333,0.89866346,0.8983910707048117,-1.5637043,-1.4131908,1500,1405,train
1642,0.9043476,0.90099823,0.90484434,0.89859915,0.8981522805731252,-1.5637542,-1.4175384,1500,1405,train
1643,0.9040383,0.90012676,0.90449953,0.897912,0.8979219067755099,-1.5638034,-1.4124248,1500,1405,train
1644,0.90358204,0.89908624,0.90442723,0.89717317,0.8977378869210973,-1.563852,-1.4102955,1500,1405,train
1645,0.9032445,0.9009986,0.90399724,0.89836377,0.8975433380166887,-1.5638999,-1.4207911,1500,1405,train
1646,0.9028987,0.9003376,0.9038411,0.89787334,0.8972910159713909,-1.5639471,-1.4159448,1500,1405,train
1647,0.9029952,0.8992989,0.9036806,0.8970965,0.8970438913015285,-1.5639937,-1.4201248,1500,1405,train
1648,0.9027251,0.89901,0.90335906,0.8968537,0.896754741697035,-1.5640397,-1.4018874,1500,1405,train
1649,0.9024518,0.8974026,0.9031957,0.89568365,0.8965717822555469,-1.564085,-1.4045391,1500,1405,train
1650,0.9018526,0.9003798,0.90280795,0.89764845,0.8964021397896679,-1.5641297,-1.4064585,1500,1405,train
1651,0.9019001,0.89962935,0.90257365,0.89706564,0.8962052290392283,-1.5641739,-1.4053016,1500,1405,train
1652,0.9013564,0.89861387,0.902524,0.8963421,0.8959895484231126,-1.5642174,-1.4064832,1500,1405,train
1653,0.901057,0.8973604,0.90233636,0.89541495,0.895757443684958,-1.5642605,-1.407988,1500,1405,train
1654,0.90084195,0.89701295,0.9020233,0.89511096,0.8955632116211768,-1.5643029,-1.3989787,1500,1405,train
1655,0.90054244,0.89529276,0.90173984,0.8938257,0.895364679377065,-1.5643448,-1.4034022,1500,1405,train
1656,0.9005273,0.8976767,0.9013599,0.89540255,0.8951613302138743,-1.5643861,-1.3959291,1500,1405,train
1657,0.89994013,0.8966336,0.9013511,0.89465225,0.8949429399888875,-1.564427,-1.4046175,1500,1405,train
1658,0.8996826,0.8957428,0.9010469,0.89396644,0.8947032487293153,-1.5644673,-1.3979266,1500,1405,train
1659,0.8997379,0.8956584,0.9009175,0.89386654,0.8944350204577437,-1.5645071,-1.4004967,1500,1405,train
1660,0.8990328,0.89647096,0.9006895,0.8943604,0.8942546780407485,-1.5645465,-1.4049256,1500,1405,train
1661,0.8991266,0.8965832,0.9005696,0.8943918,0.8940720546218125,-1.5645852,-1.4108818,1500,1405,train
1662,0.8990999,0.89785254,0.9001358,0.8951676,0.8938832057165098,-1.5646236,-1.4075314,1500,1405,train
1663,0.89853126,0.89590716,0.8998539,0.89372176,0.8936612010622995,-1.5646614,-1.4136398,1500,1405,train
1664,0.89855784,0.89655435,0.8997435,0.8941361,0.8934316375605941,-1.5646988,-1.4164398,1500,1405,train
1665,0.8979398,0.8933058,0.89973277,0.89182574,0.8932194563010549,-1.5647358,-1.434596,1500,1405,train
1666,0.8979661,0.8934641,0.89942944,0.89186466,0.8929490508634806,-1.5647722,-1.4304745,1500,1405,train
1667,0.8974721,0.8959787,0.8993291,0.8935904,0.8927666110661107,-1.5648084,-1.4300005,1500,1405,train
1668,0.897156,0.8935746,0.8989276,0.8918489,0.8925860372360971,-1.564844,-1.4133109,1500,1405,train
1669,0.89688516,0.89450693,0.8985578,0.8923886,0.892356198820473,-1.5648792,-1.4175432,1500,1405,train
1670,0.89679974,0.8945855,0.8982851,0.89236856,0.8921246347795709,-1.564914,-1.4181322,1500,1405,train
1671,0.8963111,0.8958268,0.89822376,0.8932073,0.8919384386839594,-1.5649484,-1.4220033,1500,1405,train
1672,0.8963099,0.8934156,0.89802253,0.89150333,0.8917276625031035,-1.5649824,-1.4099,1500,1405,train
1673,0.8960829,0.8953502,0.897835,0.892738,0.8915067750272461,-1.565016,-1.435379,1500,1405,train
1674,0.8957973,0.8938315,0.8975087,0.89163196,0.8912673451510996,-1.5650493,-1.419266,1500,1405,train
1675,0.89547557,0.89191145,0.8970584,0.89017206,0.8910342945447864,-1.5650821,-1.4198692,1500,1405,train
1676,0.8954791,0.8922465,0.8969761,0.89037144,0.8908544935149341,-1.5651146,-1.4247191,1500,1405,train
1677,0.8952691,0.8924611,0.8966547,0.8904234,0.8906942427100126,-1.5651467,-1.4292529,1500,1405,train
1678,0.89475113,0.89485323,0.896483,0.89203095,0.8904497846354997,-1.5651784,-1.4343832,1500,1405,train
1679,0.8941158,0.8920918,0.8963769,0.8901001,0.8902738523830338,-1.5652097,-1.4257659,1500,1405,train
1680,0.8938564,0.8914577,0.8958566,0.88952595,0.8900467992050154,-1.5652409,-1.422744,1500,1405,train
1681,0.8938585,0.89132386,0.8956674,0.8893608,0.8898079804138483,-1.5652715,-1.4313483,1500,1405,train
1682,0.8936218,0.89121425,0.8955744,0.88925594,0.8896205531283988,-1.5653019,-1.4327694,1500,1405,train
1683,0.89299804,0.8918192,0.89525473,0.88959545,0.8894127751547358,-1.5653319,-1.431124,1500,1405,train
1684,0.89277804,0.89219934,0.8951196,0.88981956,0.8891597283005405,-1.5653616,-1.4329233,1500,1405,train
1685,0.89247864,0.8899349,0.8951253,0.8882856,0.888941156294145,-1.565391,-1.4158803,1500,1405,train
1686,0.89243156,0.89030004,0.89460903,0.88837755,0.8887119456720802,-1.56542,-1.4255044,1500,1405,train
1687,0.892171,0.8897153,0.89437485,0.8879194,0.8884798158251532,-1.5654488,-1.4205863,1500,1405,train
1688,0.89194906,0.8902453,0.8943759,0.8883128,0.8883027107751233,-1.5654773,-1.4108452,1500,1405,train
1689,0.8913036,0.8910241,0.89411026,0.88876855,0.8880432814595076,-1.5655054,-1.4170997,1500,1405,train
1690,0.89134204,0.89033145,0.8936489,0.88816965,0.8878366025137335,-1.5655332,-1.4140267,1500,1405,train
1691,0.89131534,0.8903354,0.8935378,0.88813806,0.887596638328909,-1.5655608,-1.4158597,1500,1405,train
1692,0.8908281,0.8881031,0.89340514,0.8865585,0.8873330284891282,-1.565588,-1.4113532,1500,1405,train
1693,0.8907386,0.8878857,0.8932037,0.88632834,0.8871503438022499,-1.565615,-1.42132,1500,1405,train
1694,0.890517,0.8894152,0.8928501,0.8873004,0.8869497557669515,-1.5656418,-1.4206944,1500,1405,train
1695,0.89020616,0.8885105,0.89247984,0.8865768,0.886702835060298,-1.5656682,-1.4182092,1500,1405,train
1696,0.88963926,0.887972,0.8925427,0.88620603,0.8865002926409591,-1.5656943,-1.4232775,1500,1405,train
1697,0.88939744,0.88883793,0.8921333,0.8866969,0.8863116155291791,-1.5657202,-1.4242399,1500,1405,train
1698,0.88943934,0.8885334,0.8917824,0.88639116,0.8861132120407664,-1.5657458,-1.4239438,1500,1405,train
1699,0.88884294,0.88937205,0.8915126,0.88690805,0.8859377482981708,-1.5657712,-1.4218534,1500,1405,train
1700,0.8888415,0.88744307,0.89121497,0.8855051,0.885748329621661,-1.5657964,-1.4134058,1500,1405,train
1701,0.8885677,0.88775104,0.8911307,0.88568574,0.8854842988515,-1.5658213,-1.4179653,1500,1405,train
1702,0.88837844,0.8862077,0.89098567,0.88459843,0.8852818819962732,-1.5658458,-1.4070727,1500,1405,train
1703,0.8877483,0.8898109,0.89064085,0.886979,0.885096145869931,-1.5658703,-1.4220715,1500,1405,train
1704,0.8877883,0.88545334,0.89007413,0.88381684,0.884950577266315,-1.5658944,-1.4115921,1500,1405,train
1705,0.8874849,0.88737786,0.89006704,0.88511664,0.884762045261043,-1.5659183,-1.4274471,1500,1405,train
1706,0.88701427,0.88590413,0.8899184,0.88404584,0.8845737440369524,-1.565942,-1.4291472,1500,1405,train
1707,0.886695,0.88537,0.8898641,0.883659,0.8843879739561192,-1.5659654,-1.429229,1500,1405,train
1708,0.88636273,0.88513154,0.88978416,0.88349164,0.884197048242948,-1.5659887,-1.420998,1500,1405,train
1709,0.8861399,0.8864398,0.88920265,0.88423413,0.88403461595042,-1.5660117,-1.4261397,1500,1405,train
1710,0.8858648,0.88456154,0.88879526,0.8827909,0.8839268956211969,-1.5660344,-1.4364153,1500,1405,train
1711,0.88581944,0.885637,0.88877726,0.88352346,0.8837217192784241,-1.566057,-1.4412321,1500,1405,train
1712,0.88532287,0.8860886,0.8885222,0.88376147,0.8835137326365262,-1.5660794,-1.4444962,1500,1405,train
1713,0.88526833,0.8848272,0.8885296,0.88287884,0.8832769312429944,-1.5661016,-1.4468923,1500,1405,train
1714,0.88465416,0.8873024,0.88820726,0.8845305,0.8830823664535545,-1.5661235,-1.4412105,1500,1405,train
1715,0.884437,0.8859719,0.88784856,0.8834975,0.8828992736728487,-1.5661452,-1.4451896,1500,1405,train
1716,0.88413006,0.8844045,0.8875048,0.88233525,0.8826869998032794,-1.5661668,-1.4361835,1500,1405,train
1717,0.883866,0.88543296,0.8874144,0.8829975,0.8824882189582913,-1.5661881,-1.4483807,1500,1405,train
1718,0.884072,0.8839883,0.8874247,0.88201404,0.8822677820132998,-1.5662092,-1.4401562,1500,1405,train
1719,0.88359034,0.882573,0.88664806,0.8807811,0.8820602469674801,-1.5662302,-1.4557064,1500,1405,train
1720,0.88326466,0.88549197,0.88658583,0.8828404,0.8818793947889463,-1.5662509,-1.4384546,1500,1405,train
1721,0.883023,0.8835278,0.8864444,0.8814579,0.8816671271270411,-1.5662714,-1.4287057,1500,1405,train
1722,0.8829991,0.8845303,0.88616925,0.8820546,0.8814648355942624,-1.5662918,-1.4399984,1500,1405,train
1723,0.8824191,0.8829187,0.885827,0.880849,0.8812683258308336,-1.5663121,-1.436316,1500,1405,train
1724,0.8824421,0.8838346,0.88565177,0.88145256,0.881056544052967,-1.5663321,-1.4312029,1500,1405,train
1725,0.8821594,0.8833684,0.8855223,0.88108754,0.880876209925458,-1.5663519,-1.4333968,1500,1405,train
1726,0.88195056,0.88531923,0.88517624,0.8823398,0.8806635933679962,-1.5663716,-1.4390484,1500,1405,train
1727,0.8816348,0.88276726,0.88500404,0.8805185,0.880438054557569,-1.5663911,-1.4378648,1500,1405,train
1728,0.8810828,0.88202,0.8846339,0.8799368,0.8802007261417363,-1.5664104,-1.4222614,1500,1405,train
1729,0.88109434,0.88262045,0.8845685,0.8803406,0.8800700341157228,-1.5664295,-1.4210432,1500,1405,train
1730,0.8808691,0.8823729,0.88432246,0.8800951,0.8798423581839907,-1.5664486,-1.4238564,1500,1405,train
1731,0.88025844,0.8816291,0.8839868,0.8794921,0.8796384613287876,-1.5664674,-1.4216359,1500,1405,train
1732,0.88026863,0.8811647,0.88380766,0.8791305,0.8793964129957142,-1.566486,-1.4175527,1500,1405,train
1733,0.8797666,0.881239,0.88346845,0.8791036,0.87924915696326,-1.5665045,-1.4124603,1500,1405,train
1734,0.87973917,0.88040316,0.8830887,0.87841195,0.8790059329569536,-1.5665228,-1.4154326,1500,1405,train
1735,0.87919694,0.8779672,0.88278705,0.87661433,0.8787957078919112,-1.5665411,-1.4233096,1500,1405,train
1736,0.87888235,0.88018054,0.8826909,0.87816113,0.8785443874460397,-1.5665591,-1.4108732,1500,1405,train
1737,0.87888825,0.8804,0.8824506,0.87822217,0.8783211279351038,-1.566577,-1.4219723,1500,1405,train
1738,0.87859774,0.8811177,0.8824371,0.8787096,0.8780960480570849,-1.5665947,-1.4256163,1500,1405,train
1739,0.8783284,0.8798115,0.8818329,0.8776505,0.8778978516114114,-1.5666122,-1.42021,1500,1405,train
1740,0.8780335,0.8799852,0.8817769,0.8777685,0.8777339192067783,-1.5666296,-1.4153299,1500,1405,train
1741,0.877534,0.8809879,0.8814431,0.87834734,0.8775575672768058,-1.5666469,-1.4275343,1500,1405,train
1742,0.8771665,0.88057894,0.8814049,0.8780936,0.8773418876394975,-1.5666641,-1.4106891,1500,1405,train
1743,0.8769545,0.87958205,0.8811024,0.8772993,0.8771466637630138,-1.5666811,-1.4181919,1500,1405,train
1744,0.87694764,0.8784224,0.8807493,0.8764137,0.8769667017497227,-1.566698,-1.4111943,1500,1405,train
1745,0.87667215,0.87825,0.8808439,0.87631595,0.8767059512695936,-1.5667148,-1.4124203,1500,1405,train
1746,0.87636006,0.8788147,0.8805181,0.876619,0.876531672021648,-1.5667313,-1.4135857,1500,1405,train
1747,0.87580025,0.87783897,0.8800301,0.87579095,0.8763098552404031,-1.5667478,-1.4205427,1500,1405,train
1748,0.8758155,0.87819374,0.8798279,0.8759974,0.8761428220536128,-1.5667641,-1.4149919,1500,1405,train
1749,0.87528026,0.8785593,0.87983406,0.8762672,0.8759298204130723,-1.5667803,-1.4095244,1500,1405,train
1750,0.8752961,0.878088,0.8795342,0.8758623,0.8757362513313136,-1.5667963,-1.4078923,1500,1405,train
1751,0.8749794,0.87778425,0.8794612,0.875632,0.8755954225653566,-1.5668123,-1.4075245,1500,1405,train
1752,0.8749991,0.87899905,0.87887543,0.8763317,0.8754496637355872,-1.5668281,-1.403166,1500,1405,train
1753,0.8747277,0.87823427,0.8785558,0.8757164,0.8752634018533185,-1.5668437,-1.4017591,1500,1405,train
1754,0.87448084,0.8767023,0.878322,0.87458134,0.8750703590148647,-1.5668594,-1.4037424,1500,1405,train
1755,0.87411875,0.8768488,0.8783949,0.87472147,0.8748658992279557,-1.5668747,-1.3962226,1500,1405,train
1756,0.87357974,0.8776425,0.8781757,0.87517947,0.8746787842968202,-1.5668901,-1.4108946,1500,1405,train
1757,0.8735831,0.8782047,0.8779263,0.8755435,0.874488128961302,-1.5669053,-1.3949249,1500,1405,train
1758,0.8732931,0.8730027,0.87702054,0.87166786,0.8742940791001538,-1.5669204,-1.3980758,1500,1405,train
1759,0.87302893,0.8769572,0.876924,0.87439847,0.8741107290632141,-1.5669353,-1.397524,1500,1405,train
1760,0.87246424,0.87637746,0.87718517,0.8740277,0.8738661810923304,-1.5669502,-1.4125745,1500,1405,train
1761,0.8724852,0.87638235,0.8768288,0.87394637,0.8735648357745704,-1.566965,-1.4081188,1500,1405,train
1762,0.87237227,0.8760335,0.87659335,0.8736609,0.8733236573434016,-1.5669795,-1.3996234,1500,1405,train
1763,0.87222457,0.8769965,0.875776,0.8740763,0.8731206260266473,-1.5669941,-1.4142187,1500,1405,train
1764,0.87163657,0.87437415,0.87580854,0.8722745,0.8729367349427843,-1.5670085,-1.4075044,1500,1405,train
1765,0.87162447,0.8751521,0.875594,0.87278754,0.8727063605754362,-1.5670228,-1.3958495,1500,1405,train
1766,0.8713765,0.8746383,0.87536573,0.8723556,0.8724926888352561,-1.567037,-1.4009802,1500,1405,train
1767,0.8708641,0.874955,0.87532467,0.87255365,0.8723414900680789,-1.567051,-1.4056919,1500,1405,train
1768,0.87083125,0.8752521,0.87471014,0.87260157,0.8721953942072487,-1.567065,-1.4032269,1500,1405,train
1769,0.8705457,0.8731358,0.87458557,0.8710843,0.8720082361194829,-1.5670788,-1.4069879,1500,1405,train
1770,0.87025374,0.87522936,0.87422496,0.87242,0.871859895321376,-1.5670927,-1.4175745,1500,1405,train
1771,0.8697326,0.8740636,0.87402695,0.871576,0.8716509207266518,-1.5671064,-1.408855,1500,1405,train
1772,0.86972415,0.8745842,0.8739403,0.8719342,0.8714669378171555,-1.5671198,-1.401238,1500,1405,train
1773,0.8695028,0.8729498,0.8737386,0.87071824,0.8712576004615616,-1.5671333,-1.4105638,1500,1405,train
1774,0.8689207,0.8735375,0.8734891,0.8710537,0.8710469427906542,-1.5671467,-1.4133881,1500,1405,train
1775,0.8686101,0.87366945,0.87304467,0.87103,0.8708326488043902,-1.56716,-1.4118779,1500,1405,train
1776,0.8686517,0.8705763,0.87263066,0.8687916,0.8706071895298266,-1.5671731,-1.4004843,1500,1405,train
1777,0.86808115,0.8725583,0.8728455,0.8702262,0.87040392332225,-1.5671862,-1.4021344,1500,1405,train
1778,0.8680608,0.872267,0.8725452,0.86994195,0.870257967032603,-1.5671992,-1.402381,1500,1405,train
1779,0.867442,0.87182707,0.8721249,0.8695335,0.8700521263091259,-1.5672121,-1.397896,1500,1405,train
1780,0.8675057,0.8730063,0.8721001,0.87037194,0.8698667360312116,-1.5672249,-1.3883531,1500,1405,train
1781,0.8675,0.87230295,0.8714968,0.86969477,0.86966529978033,-1.5672376,-1.3984976,1500,1405,train
1782,0.8669481,0.8717219,0.87134826,0.86925495,0.8694585947712776,-1.5672503,-1.3964984,1500,1405,train
1783,0.8666557,0.87142086,0.8711178,0.8689643,0.8692824703782464,-1.5672628,-1.404172,1500,1405,train
1784,0.8663422,0.8707092,0.87112284,0.8684969,0.8690445128673785,-1.5672752,-1.3931905,1500,1405,train
1785,0.8663539,0.8729484,0.8705663,0.86990273,0.8688496449973181,-1.5672876,-1.3951554,1500,1405,train
1786,0.86607504,0.8732003,0.8703933,0.8700248,0.8686395886287168,-1.5672998,-1.3979495,1500,1405,train
1787,0.8658448,0.87254155,0.8701501,0.86951816,0.8684518537236809,-1.567312,-1.3907893,1500,1405,train
1788,0.86533767,0.8708283,0.8701929,0.8683293,0.8682613595781635,-1.5673242,-1.3934578,1500,1405,train
1789,0.8652033,0.870893,0.8697324,0.8682124,0.8681026673329744,-1.5673361,-1.4089729,1500,1405,train
1790,0.8647075,0.87186277,0.869526,0.86884683,0.8678832934902653,-1.5673481,-1.4032402,1500,1405,train
1791,0.8647098,0.8715193,0.8691686,0.8685243,0.8676650203576436,-1.5673599,-1.397998,1500,1405,train
1792,0.8641671,0.86967313,0.8690089,0.8670785,0.8674796947363704,-1.5673717,-1.4453363,1500,1405,train
1793,0.8641605,0.86914146,0.868692,0.86668116,0.8672925611390409,-1.5673834,-1.4216511,1500,1405,train
1794,0.86352724,0.8701427,0.86847067,0.86731505,0.8670978177435789,-1.567395,-1.4233744,1500,1405,train
1795,0.8635994,0.86692065,0.86775976,0.86488914,0.8668772239841926,-1.5674065,-1.4192315,1500,1405,train
1796,0.8630644,0.8692291,0.8678765,0.8665354,0.8666619888010442,-1.567418,-1.4166224,1500,1405,train
1797,0.8630527,0.86840224,0.8676116,0.8658738,0.8664508646386351,-1.5674293,-1.4224186,1500,1405,train
1798,0.8624307,0.8681009,0.8678767,0.8657396,0.8662528861834932,-1.5674406,-1.4205873,1500,1405,train
1799,0.8624872,0.86851704,0.8671945,0.8658387,0.8660551475024099,-1.5674518,-1.4236441,1500,1405,train
1800,0.8619075,0.8693423,0.8666168,0.86625445,0.8658870188303386,-1.567463,-1.4253094,1500,1405,train
1801,0.86187136,0.8696179,0.86656827,0.8663657,0.8656752549032186,-1.5674741,-1.4528158,1500,1405,train
1802,0.86136377,0.8682849,0.8664102,0.8654541,0.8653596999442604,-1.5674851,-1.4285706,1500,1405,train
1803,0.86135584,0.8666431,0.8661354,0.86419475,0.8651158445747856,-1.5674961,-1.4454061,1500,1405,train
1804,0.8613385,0.8688723,0.86585575,0.8657168,0.864896990265488,-1.5675069,-1.4275742,1500,1405,train
1805,0.8608315,0.8662505,0.8659297,0.8638722,0.864699796526306,-1.5675176,-1.4428562,1500,1405,train
1806,0.8602527,0.8671998,0.86541724,0.8643943,0.8644493179735969,-1.5675284,-1.4435073,1500,1405,train
1807,0.86021537,0.86832714,0.86511964,0.86513007,0.8641909004761568,-1.567539,-1.4312539,1500,1405,train
1808,0.86027294,0.8678327,0.86473167,0.8647499,0.8639727718411574,-1.5675496,-1.4033818,1500,1405,train
1809,0.85972744,0.8649769,0.8649575,0.8627685,0.8637404877665878,-1.5675601,-1.4245424,1500,1405,train
1810,0.85968935,0.8665551,0.8641701,0.8636924,0.863505743688482,-1.5675706,-1.4100108,1500,1405,train
1811,0.85918975,0.86695755,0.8639403,0.86391383,0.8633371976529393,-1.5675809,-1.408896,1500,1405,train
1812,0.85912526,0.86602163,0.86351526,0.86313283,0.8631381149397019,-1.5675912,-1.41483,1500,1405,train
1813,0.85887796,0.865851,0.86313665,0.86295,0.8629264478213581,-1.5676014,-1.3994408,1500,1405,train
1814,0.8586219,0.86485994,0.8632567,0.8623121,0.8627001362458717,-1.5676116,-1.3911815,1500,1405,train
1815,0.85809636,0.86517084,0.86331135,0.86249995,0.8624450867085538,-1.5676217,-1.4088234,1500,1405,train
1816,0.8581031,0.86580193,0.8630953,0.8629183,0.8622358576536098,-1.5676317,-1.3939185,1500,1405,train
1817,0.85751486,0.86379385,0.8623146,0.8612771,0.8619916198593626,-1.5676417,-1.4069798,1500,1405,train
1818,0.856966,0.86383605,0.8623516,0.86135197,0.8617186132431746,-1.5676516,-1.3925571,1500,1405,train
1819,0.8569812,0.864346,0.86209553,0.8616164,0.8614687597406636,-1.5676615,-1.4015462,1500,1405,train
1820,0.85698617,0.8633107,0.8618603,0.8608221,0.8612893711059912,-1.5676713,-1.4054389,1500,1405,train
1821,0.85642284,0.8650949,0.8613608,0.86191386,0.8610186396188998,-1.5676811,-1.4124695,1500,1405,train
1822,0.85585576,0.8639255,0.8610562,0.8610158,0.8607958795278963,-1.5676907,-1.4129868,1500,1405,train
1823,0.85591424,0.86390275,0.86082697,0.86095345,0.8605171743058838,-1.5677004,-1.4068437,1500,1405,train
1824,0.8558441,0.8621497,0.8604233,0.8596177,0.860214061540094,-1.5677099,-1.4091594,1500,1405,train
1825,0.85533935,0.8607323,0.8603554,0.85860825,0.8599311571317725,-1.5677195,-1.4105573,1500,1405,train
1826,0.8553494,0.8624574,0.86052847,0.85987115,0.8597471154722313,-1.5677289,-1.404793,1500,1405,train
1827,0.85504085,0.86441886,0.8597681,0.8610611,0.8595119533718154,-1.5677382,-1.3936555,1500,1405,train
1828,0.8547593,0.8629688,0.8595312,0.8599707,0.8592163818282368,-1.5677476,-1.4002421,1500,1405,train
1829,0.85418236,0.8611841,0.8594151,0.8587037,0.8589119066327641,-1.5677568,-1.3970592,1500,1405,train
1830,0.85401773,0.8591274,0.8590523,0.8571701,0.8586999251511884,-1.5677661,-1.3982153,1500,1405,train
1831,0.853597,0.8628192,0.85868186,0.85965145,0.8584696294489021,-1.5677751,-1.3948784,1500,1405,train
1832,0.8536192,0.8625591,0.8584473,0.8593972,0.8582255688795459,-1.5677843,-1.398924,1500,1405,train
1833,0.85307175,0.85989934,0.8584235,0.85750675,0.8580045920878517,-1.5677934,-1.4113181,1500,1405,train
1834,0.85276264,0.85989034,0.85816884,0.8574364,0.8578013935583935,-1.5678023,-1.4095285,1500,1405,train
1835,0.85253704,0.8588814,0.8581355,0.85673165,0.8575038908102832,-1.5678113,-1.4065813,1500,1405,train
1836,0.8525582,0.8573386,0.857757,0.85557467,0.8572371804543112,-1.5678202,-1.3985113,1500,1405,train
1837,0.85192114,0.85918415,0.8570346,0.8566629,0.8570329084593628,-1.567829,-1.4000046,1500,1405,train
1838,0.8519594,0.8592318,0.8570882,0.85668826,0.8567830761773961,-1.5678377,-1.4090745,1500,1405,train
1839,0.85196674,0.85833365,0.85671085,0.8559655,0.8565177272912006,-1.5678465,-1.4072008,1500,1405,train
1840,0.85144436,0.8594632,0.85682565,0.8567669,0.8562655805388304,-1.5678551,-1.4139699,1500,1405,train
1841,0.85141104,0.85844994,0.85635686,0.8559292,0.8559579520593223,-1.5678638,-1.4162176,1500,1405,train
1842,0.8508475,0.8603039,0.855719,0.8570273,0.8557412667237476,-1.5678724,-1.4253197,1500,1405,train
1843,0.8505445,0.8599051,0.85573745,0.8567902,0.8554465826844055,-1.5678809,-1.4107885,1500,1405,train
1844,0.8502817,0.8583051,0.8555406,0.85560226,0.8551183549995125,-1.5678893,-1.4189105,1500,1405,train
1845,0.85032237,0.85569096,0.8550161,0.8536435,0.8548608486731968,-1.5678978,-1.4173096,1500,1405,train
1846,0.85000604,0.8558958,0.85533834,0.8538649,0.8545257788276299,-1.5679061,-1.4205494,1500,1405,train
1847,0.8497062,0.8554294,0.85493046,0.8534272,0.854263280620077,-1.5679145,-1.4217694,1500,1405,train
1848,0.8491902,0.8571143,0.85446423,0.8544558,0.8539714492075422,-1.5679228,-1.4300084,1500,1405,train
1849,0.84913874,0.8582449,0.8539821,0.85511893,0.8537478972721607,-1.567931,-1.4280505,1500,1405,train
1850,0.8491571,0.8576561,0.85361105,0.854596,0.8534774172710646,-1.5679392,-1.4332917,1500,1405,train
1851,0.84858286,0.85308844,0.85396963,0.8515093,0.8531471474334847,-1.5679474,-1.43324,1500,1405,train
1852,0.84859616,0.8556541,0.8536526,0.8532288,0.8528130282920602,-1.5679554,-1.4264442,1500,1405,train
1853,0.84806573,0.8578551,0.85299766,0.85456115,0.852617455490318,-1.5679635,-1.4368062,1500,1405,train
1854,0.84803784,0.8567444,0.8527799,0.8537206,0.8524099878418002,-1.5679715,-1.4400506,1500,1405,train
1855,0.8475274,0.8544892,0.852503,0.85209167,0.8521444827973484,-1.5679795,-1.4330733,1500,1405,train
1856,0.8469605,0.8524437,0.852533,0.8506186,0.8518534907830297,-1.5679873,-1.4556564,1500,1405,train
1857,0.8469198,0.85339546,0.8523536,0.851248,0.8516289303250159,-1.5679952,-1.4498365,1500,1405,train
1858,0.8469352,0.85332,0.85202247,0.8511155,0.8513878784435169,-1.568003,-1.4461417,1500,1405,train
1859,0.84671164,0.85176176,0.85211664,0.8500743,0.8511698783563046,-1.5680108,-1.4382755,1500,1405,train
1860,0.84611905,0.8536702,0.85104084,0.8511089,0.8509272119785936,-1.5680186,-1.4407811,1500,1405,train
1861,0.84584457,0.85335195,0.85102504,0.8508764,0.8506479087363179,-1.5680263,-1.4434192,1500,1405,train
1862,0.84555733,0.8505008,0.85079557,0.8488599,0.8503058684536563,-1.5680339,-1.4303739,1500,1405,train
1863,0.84554803,0.85132825,0.85074717,0.84941685,0.8500582394468733,-1.5680416,-1.4330852,1500,1405,train
1864,0.8453139,0.8516818,0.8506915,0.84964186,0.8497855470602592,-1.5680491,-1.4357066,1500,1405,train
1865,0.8447807,0.850317,0.84954345,0.8483572,0.8495523562617261,-1.5680566,-1.445818,1500,1405,train
1866,0.8447353,0.85309756,0.84970886,0.8503577,0.8492621654356831,-1.5680641,-1.4384327,1500,1405,train
1867,0.8441822,0.84943086,0.84934163,0.84771943,0.8490043946072588,-1.5680715,-1.431997,1500,1405,train
1868,0.843907,0.8504597,0.84978676,0.8485652,0.8487632553675378,-1.568079,-1.4282899,1500,1405,train
1869,0.8436192,0.85252166,0.84890926,0.8497659,0.8485728170315927,-1.5680863,-1.4285029,1500,1405,train
1870,0.8434208,0.84966844,0.8484531,0.84765804,0.8484122783722435,-1.5680937,-1.4272132,1500,1405,train
1871,0.8433751,0.8523231,0.8486294,0.84954774,0.8481941540358962,-1.5681009,-1.4303491,1500,1405,train
1872,0.84305733,0.85087574,0.84825414,0.84842956,0.8479374229034319,-1.5681082,-1.433835,1500,1405,train
1873,0.843073,0.8517531,0.847535,0.8488247,0.8476577923601157,-1.5681154,-1.4432201,1500,1405,train
1874,0.8424947,0.84847903,0.8475785,0.8465668,0.847429689831721,-1.5681225,-1.4382396,1500,1405,train
1875,0.84252715,0.84871185,0.84747106,0.8467037,0.8472101604679932,-1.5681297,-1.4368093,1500,1405,train
1876,0.84195423,0.85011274,0.8471827,0.84757036,0.8470256407697234,-1.5681368,-1.4498485,1500,1405,train
1877,0.8419163,0.85251266,0.8468411,0.8491649,0.8467201702702433,-1.5681438,-1.4442852,1500,1405,train
1878,0.84141016,0.84808433,0.8466424,0.84603554,0.8464603234926008,-1.5681509,-1.4400835,1500,1405,train
1879,0.84140575,0.8474755,0.84623104,0.8454864,0.8463075739758993,-1.5681578,-1.4458994,1500,1405,train
1880,0.84083635,0.8487152,0.84573793,0.8462223,0.8461263805716084,-1.5681647,-1.4440857,1500,1405,train
1881,0.84057236,0.84748745,0.8457206,0.8454028,0.8459079066066116,-1.5681716,-1.4275312,1500,1405,train
1882,0.84052014,0.8479342,0.8454305,0.8456078,0.8456716168741799,-1.5681785,-1.4390333,1500,1405,train
1883,0.8402875,0.8490083,0.84512126,0.84629905,0.8454552317692081,-1.5681853,-1.42858,1500,1405,train
1884,0.8400727,0.84553796,0.844616,0.843721,0.8452202802905917,-1.5681921,-1.43816,1500,1405,train
1885,0.8397686,0.8462765,0.8447187,0.84429735,0.8449714383308403,-1.5681989,-1.424362,1500,1405,train
1886,0.83948934,0.8473433,0.84382546,0.8447726,0.844812011238915,-1.5682057,-1.4357866,1500,1405,train
1887,0.83921874,0.8485731,0.8441545,0.8457293,0.844628918901035,-1.5682124,-1.431267,1500,1405,train
1888,0.8386334,0.84564316,0.8436586,0.8435588,0.8443173258938264,-1.5682191,-1.429306,1500,1405,train
1889,0.838392,0.8468956,0.8437457,0.8444569,0.844065109224907,-1.5682256,-1.4285796,1500,1405,train
1890,0.8384286,0.844007,0.843249,0.8423251,0.8437997831604493,-1.5682322,-1.4225509,1500,1405,train
1891,0.83810854,0.8483721,0.842623,0.84516776,0.8435332999377448,-1.5682387,-1.43525,1500,1405,train
1892,0.83757097,0.8459974,0.8426603,0.84354776,0.8433437540837784,-1.5682453,-1.4251022,1500,1405,train
1893,0.8375789,0.8474017,0.8424069,0.8444484,0.84304545811961,-1.5682518,-1.4291612,1500,1405,train
1894,0.83753884,0.8455266,0.8417909,0.84298563,0.8427731620784347,-1.5682583,-1.4252342,1500,1405,train
1895,0.83706516,0.84252644,0.84190816,0.8408956,0.8425565888709841,-1.5682647,-1.4376172,1500,1405,train
1896,0.83695537,0.8420193,0.84190977,0.84056616,0.8422985471559269,-1.568271,-1.4280484,1500,1405,train
1897,0.8367539,0.8441287,0.8410013,0.8417922,0.842091138284455,-1.5682775,-1.428051,1500,1405,train
1898,0.8364549,0.8445643,0.840859,0.84204304,0.8418320748348911,-1.5682838,-1.4339213,1500,1405,train
1899,0.8361822,0.8435561,0.84084654,0.84134036,0.8415800881182045,-1.5682901,-1.4325745,1500,1405,train
1900,0.8359269,0.8443999,0.8410456,0.84198767,0.8412762100586934,-1.5682963,-1.4302711,1500,1405,train
1901,0.83536524,0.8429,0.83982784,0.8405951,0.8409768758917523,-1.5683025,-1.4382946,1500,1405,train
1902,0.83530957,0.84448874,0.83963746,0.84164155,0.8407405284083344,-1.5683087,-1.4422405,1500,1405,train
1903,0.83532804,0.845063,0.8392527,0.8419244,0.8405201103658013,-1.5683149,-1.4479089,1500,1405,train
1904,0.83475775,0.84205514,0.8395835,0.83995867,0.8402305834776364,-1.5683211,-1.4309949,1500,1405,train
1905,0.8347581,0.84285474,0.83923966,0.8404241,0.8399512001756666,-1.5683272,-1.4307582,1500,1405,train
1906,0.8342539,0.84268486,0.83915997,0.8402937,0.8397061587211487,-1.5683333,-1.4269514,1500,1405,train
1907,0.8339298,0.8415924,0.8385278,0.83934104,0.8394504811351066,-1.5683393,-1.4355696,1500,1405,train
1908,0.8336549,0.84142137,0.8380102,0.8391006,0.8392055815995597,-1.5683453,-1.4283475,1500,1405,train
1909,0.8336563,0.84219813,0.8377167,0.8395649,0.8389411485787137,-1.5683514,-1.4276084,1500,1405,train
1910,0.83308566,0.8412366,0.83784467,0.8389181,0.8385882730197517,-1.5683573,-1.432088,1500,1405,train
1911,0.83315724,0.8380375,0.8376522,0.8366478,0.8382906018924691,-1.5683632,-1.4275485,1500,1405,train
1912,0.83278614,0.83845925,0.837612,0.8369359,0.8380641677540965,-1.5683692,-1.4255446,1500,1405,train
1913,0.83256924,0.84191024,0.83680815,0.83911943,0.8378701819785059,-1.568375,-1.4278603,1500,1405,train
1914,0.83205914,0.8396272,0.836677,0.8375003,0.8375611160670173,-1.5683808,-1.4248929,1500,1405,train
1915,0.83196044,0.8406515,0.8361739,0.83806944,0.837302701021321,-1.5683867,-1.4287496,1500,1405,train
1916,0.8314979,0.8384987,0.8363059,0.8366235,0.8369851786703094,-1.5683925,-1.4210441,1500,1405,train
1917,0.8311128,0.83748114,0.835866,0.83575094,0.8367549183157957,-1.5683982,-1.439287,1500,1405,train
1918,0.830892,0.83880484,0.83543545,0.83657354,0.8364919145143986,-1.568404,-1.432945,1500,1405,train
1919,0.8309106,0.83847,0.8352489,0.836278,0.8362727537816848,-1.5684097,-1.4377909,1500,1405,train
1920,0.83040893,0.83748555,0.835151,0.8355223,0.8360787078398163,-1.5684154,-1.455324,1500,1405,train
1921,0.8300871,0.8362664,0.8349304,0.83460695,0.8357360274319726,-1.568421,-1.457875,1500,1405,train
1922,0.8300714,0.8362384,0.83478534,0.8345538,0.8354177319405799,-1.5684266,-1.4557014,1500,1405,train
1923,0.82977563,0.83760595,0.8337342,0.8352063,0.8351369621208149,-1.5684322,-1.4630765,1500,1405,train
1924,0.8295298,0.83793765,0.83396626,0.8355068,0.83485166939276,-1.5684378,-1.4602662,1500,1405,train
1925,0.82950854,0.8373931,0.8337066,0.8350569,0.8345294194007047,-1.5684434,-1.4604931,1500,1405,train
1926,0.82895595,0.8373513,0.8333018,0.83491313,0.8342533756774929,-1.5684489,-1.4628626,1500,1405,train
1927,0.8290111,0.8354757,0.83317,0.8335621,0.8339848275451673,-1.5684544,-1.4662097,1500,1405,train
1928,0.8283833,0.837638,0.8324959,0.83487743,0.8337392750465353,-1.5684599,-1.4705279,1500,1405,train
1929,0.8284229,0.83718216,0.8319322,0.8343895,0.8335408016645248,-1.5684654,-1.4780972,1500,1405,train
1930,0.8278761,0.8354401,0.83260256,0.8333807,0.833296028308726,-1.5684707,-1.4678469,1500,1405,train
1931,0.82787853,0.8349813,0.8316958,0.8327922,0.8331091234850101,-1.5684762,-1.4779727,1500,1405,train
1932,0.8276353,0.8340577,0.8317423,0.8321458,0.8328592996356379,-1.5684816,-1.4841123,1500,1405,train
1933,0.8270279,0.8333646,0.83193624,0.83173704,0.8325789391072207,-1.5684868,-1.475091,1500,1405,train
1934,0.8267737,0.8356438,0.8313012,0.8331316,0.8323348689847043,-1.5684922,-1.4845936,1500,1405,train
1935,0.8264717,0.83649254,0.831249,0.83369917,0.8321578127764883,-1.5684975,-1.4886345,1500,1405,train
1936,0.82649034,0.83466715,0.8308418,0.8323617,0.831933194239419,-1.5685028,-1.4706703,1500,1405,train
1937,0.8259058,0.831789,0.83048654,0.8302357,0.8316417777332112,-1.568508,-1.4805312,1500,1405,train
1938,0.8256829,0.8312278,0.830648,0.8299175,0.8313147592062141,-1.5685133,-1.4685626,1500,1405,train
1939,0.8256372,0.83425176,0.8292264,0.8316053,0.8310732087364318,-1.5685184,-1.4839184,1500,1405,train
1940,0.8253978,0.8330823,0.82921994,0.8308023,0.8308317702948678,-1.5685236,-1.4782857,1500,1405,train
1941,0.82515657,0.8326479,0.829423,0.8305696,0.8306170318449939,-1.5685288,-1.4720137,1500,1405,train
1942,0.82485294,0.83267653,0.8290113,0.83048236,0.8302948280337461,-1.5685339,-1.4706168,1500,1405,train
1943,0.8247969,0.8323364,0.82883126,0.8301923,0.829974970519668,-1.568539,-1.4724653,1500,1405,train
1944,0.82451075,0.83178806,0.828698,0.8297937,0.8296867964324216,-1.568544,-1.4646118,1500,1405,train
1945,0.8242248,0.8285142,0.8284879,0.82745576,0.8294665670567004,-1.5685492,-1.4643872,1500,1405,train
1946,0.82396775,0.83281463,0.8275216,0.8301853,0.8292380412312367,-1.5685542,-1.4677465,1500,1405,train
1947,0.8234752,0.83075446,0.8277165,0.8287915,0.8290096296292202,-1.5685592,-1.4718447,1500,1405,train
1948,0.82337546,0.8304528,0.8274866,0.82852364,0.8287390027354613,-1.5685642,-1.4701614,1500,1405,train
1949,0.82347465,0.8311875,0.82725513,0.8289682,0.8284227819080117,-1.5685692,-1.4722987,1500,1405,train
1950,0.82284546,0.83265555,0.82635236,0.8297322,0.8281936319855054,-1.5685741,-1.4790878,1500,1405,train
1951,0.8225926,0.831807,0.826231,0.82912874,0.827949217391642,-1.5685791,-1.4707086,1500,1405,train
1952,0.82261467,0.82980394,0.82580143,0.82761526,0.8277637417185207,-1.568584,-1.4714419,1500,1405,train
1953,0.8220742,0.8302977,0.8258752,0.82796794,0.8274632110115234,-1.5685889,-1.476021,1500,1405,train
1954,0.82206005,0.82871485,0.8260186,0.82690704,0.8272408617644588,-1.5685937,-1.4744463,1500,1405,train
1955,0.82180035,0.8282033,0.82601184,0.8265745,0.8270206924240575,-1.5685985,-1.4639851,1500,1405,train
1956,0.8214807,0.826079,0.8252671,0.82490516,0.8268271680420692,-1.5686034,-1.4592881,1500,1405,train
1957,0.8209645,0.8292097,0.82476324,0.8269162,0.8266266964335475,-1.5686082,-1.4737887,1500,1405,train
1958,0.82097876,0.8296752,0.82477504,0.8272326,0.8263648682419293,-1.5686129,-1.4783452,1500,1405,train
1959,0.8206844,0.8279182,0.8242425,0.8258718,0.8260821207357576,-1.5686177,-1.4754586,1500,1405,train
1960,0.8203649,0.8250175,0.8246667,0.8239805,0.8258571369914752,-1.5686225,-1.4687413,1500,1405,train
1961,0.8203627,0.826373,0.82447,0.8248616,0.825667611541255,-1.5686271,-1.4731464,1500,1405,train
1962,0.82012564,0.8263501,0.82379353,0.82465965,0.8254675365643886,-1.5686319,-1.4748342,1500,1405,train
1963,0.8198254,0.82871395,0.822603,0.8259655,0.8252302007474225,-1.5686365,-1.4836853,1500,1405,train
1964,0.81960064,0.8279749,0.82260406,0.82547164,0.8249672497233196,-1.5686412,-1.4752135,1500,1405,train
1965,0.8192785,0.8258271,0.82290035,0.8240373,0.8247031303650145,-1.5686458,-1.4820187,1500,1405,train
1966,0.8187021,0.82546246,0.82266605,0.82372004,0.8244714562818602,-1.5686504,-1.4820472,1500,1405,train
1967,0.81845456,0.8292147,0.822105,0.8261641,0.8242740484849276,-1.568655,-1.490415,1500,1405,train
1968,0.8184422,0.8284811,0.8215715,0.8254888,0.8240544888699763,-1.5686595,-1.4987363,1500,1405,train
1969,0.81817627,0.82865965,0.82133365,0.8255265,0.8238259155622286,-1.5686642,-1.5080335,1500,1405,train
1970,0.81789494,0.82529724,0.82107866,0.82312274,0.8235451243923118,-1.5686687,-1.5045034,1500,1405,train
1971,0.81758934,0.82428116,0.82151365,0.8225478,0.8232012905915915,-1.5686731,-1.4978516,1500,1405,train
1972,0.8176211,0.8225982,0.8211799,0.82128465,0.8229835883088904,-1.5686777,-1.4979889,1500,1405,train
1973,0.817333,0.8243746,0.8203717,0.8223007,0.8227423926844635,-1.5686822,-1.5000093,1500,1405,train
1974,0.8170586,0.8278613,0.8200705,0.8246152,0.8224892355382513,-1.5686866,-1.5142136,1500,1405,train
1975,0.8164696,0.8242998,0.8205007,0.82225436,0.822275052832262,-1.568691,-1.5116932,1500,1405,train
1976,0.8164759,0.8249765,0.8197131,0.8224882,0.8220620999835824,-1.5686955,-1.5222931,1500,1405,train
1977,0.81620663,0.82177866,0.82002234,0.8203688,0.8218553780998906,-1.5686998,-1.5114949,1500,1405,train
1978,0.8156674,0.8260271,0.81866395,0.82294536,0.821598814035672,-1.5687042,-1.5195551,1500,1405,train
1979,0.8153867,0.82439077,0.8188752,0.82186806,0.8213966187027837,-1.5687087,-1.5168903,1500,1405,train
1980,0.81539035,0.82426447,0.8182973,0.82161194,0.8211739346077359,-1.568713,-1.522054,1500,1405,train
1981,0.81481874,0.82160634,0.8181794,0.81975085,0.8208538669376356,-1.5687174,-1.5125098,1500,1405,train
1982,0.81455725,0.82042783,0.81885105,0.81915593,0.8204996338700292,-1.5687217,-1.49386,1500,1405,train
1983,0.81456107,0.82271874,0.81758237,0.8203925,0.8202953934601828,-1.568726,-1.5017147,1500,1405,train
1984,0.8140271,0.82334954,0.8171255,0.82062805,0.8200983354174571,-1.5687302,-1.5346446,1500,1405,train
1985,0.81367344,0.82249033,0.81757545,0.820161,0.8198646257592017,-1.5687345,-1.5302188,1500,1405,train
1986,0.8134593,0.8219317,0.81775445,0.8198364,0.8195383051583258,-1.5687387,-1.5234578,1500,1405,train
1987,0.81345785,0.82100296,0.81736535,0.81909144,0.8192177089713875,-1.568743,-1.5206172,1500,1405,train
1988,0.8132119,0.81974924,0.8166732,0.8180511,0.8189517036483533,-1.5687472,-1.5126548,1500,1405,train
1989,0.8131622,0.8201429,0.8162233,0.81819034,0.8187415717482234,-1.5687513,-1.5184364,1500,1405,train
1990,0.81288785,0.823158,0.8150114,0.81991374,0.8185260978035754,-1.5687555,-1.5397496,1500,1405,train
1991,0.8123156,0.8204907,0.81544524,0.8181834,0.8182532089453416,-1.5687597,-1.5346959,1500,1405,train
1992,0.81210124,0.8181397,0.8156938,0.8166367,0.8179636943563979,-1.5687639,-1.5244243,1500,1405,train
1993,0.8120422,0.81889415,0.81559247,0.8171176,0.8177379892148686,-1.5687679,-1.5316474,1500,1405,train
1994,0.81204957,0.8188937,0.8152833,0.8170575,0.8175638368500623,-1.5687721,-1.5221837,1500,1405,train
1995,0.81149775,0.8218502,0.8133879,0.818523,0.8174013482389823,-1.5687761,-1.5570502,1500,1405,train
1996,0.81147873,0.8217323,0.8131327,0.81836224,0.8171374882322338,-1.5687802,-1.5610967,1500,1405,train
1997,0.8109347,0.8191865,0.81380194,0.81680137,0.8168829437689797,-1.5687842,-1.5473499,1500,1405,train
1998,0.8109002,0.81811893,0.8142097,0.81620747,0.816563343662344,-1.5687883,-1.5308424,1500,1405,train
1999,0.81065255,0.81856734,0.8133225,0.8162267,0.8162462805124066,-1.5687923,-1.5530721,1500,1405,train
2000,0.8106825,0.8169981,0.8135168,0.81525135,0.8160458320415411,-1.5687963,-1.5262314,1500,1405,train
2001,0.81038445,0.8182192,0.81357014,0.81608313,0.8157973587749071,-1.5688003,-1.5398816,1500,1405,train
2002,0.80984104,0.81829834,0.8115814,0.81552535,0.8155942336830045,-1.5688043,-1.5716426,1500,1405,train
2003,0.80981475,0.81874347,0.8114553,0.81582916,0.8153262666990032,-1.5688083,-1.5605652,1500,1405,train
2004,0.8092649,0.81638694,0.811974,0.81432945,0.8151067904217381,-1.5688123,-1.5590675,1500,1405,train
2005,0.809247,0.8156222,0.8119299,0.81378716,0.8148843587590908,-1.5688162,-1.5579903,1500,1405,train
2006,0.8087345,0.82036936,0.81085706,0.8167819,0.8146773617832699,-1.56882,-1.5686486,1500,1405,train
2007,0.80871046,0.81990504,0.8107749,0.8164371,0.814417971097469,-1.5688239,-1.568238,1500,1405,train
2008,0.8081234,0.815338,0.81077015,0.8132925,0.8141368556817408,-1.5688279,-1.5518231,1500,1405,train
2009,0.8081554,0.8156346,0.8101762,0.8133171,0.8139011543637594,-1.5688317,-1.5609457,1500,1405,train
2010,0.80812645,0.8153859,0.81015795,0.8131388,0.8136991703574118,-1.5688355,-1.5609686,1500,1405,train
2011,0.8076113,0.81687987,0.8101449,0.8141902,0.8135042958827643,-1.5688394,-1.555521,1500,1405,train
2012,0.80705386,0.81795216,0.8099138,0.81482464,0.8132997607479372,-1.5688432,-1.5761728,1500,1405,train
2013,0.80678874,0.8152171,0.80925554,0.81272066,0.8130747486303913,-1.5688471,-1.5844164,1500,1405,train
2014,0.8065047,0.81412315,0.80928135,0.8120048,0.8128184842405434,-1.5688508,-1.5682932,1500,1405,train
2015,0.8068216,0.8140495,0.80823123,0.8116437,0.8125655603596582,-1.5688546,-1.5793977,1500,1405,train
2016,0.80657643,0.8146179,0.8083404,0.81202537,0.8123406401993887,-1.5688584,-1.5971935,1500,1405,train
2017,0.80624384,0.8146637,0.8084124,0.8121089,0.8121171213369004,-1.5688621,-1.5841639,1500,1405,train
2018,0.80594736,0.8158212,0.807306,0.8125809,0.8118950037722092,-1.5688658,-1.5993571,1500,1405,train
2019,0.8053978,0.8128718,0.80717295,0.81046504,0.8116742875053151,-1.5688696,-1.6090579,1500,1405,train
2020,0.80543447,0.81267756,0.8068133,0.8102368,0.8114549725362182,-1.5688733,-1.6074736,1500,1405,train
2021,0.8048506,0.813798,0.8077744,0.81137,0.8112370588649185,-1.568877,-1.56954,1500,1405,train
2022,0.8048519,0.812708,0.80706716,0.8103976,0.8110205464914158,-1.5688807,-1.5786254,1500,1405,train
2023,0.8043362,0.81405246,0.8065159,0.81114763,0.8108054354157103,-1.5688843,-1.5944347,1500,1405,train
2024,0.8042982,0.8157536,0.805712,0.8121084,0.8105917256378018,-1.568888,-1.5981237,1500,1405,train
2025,0.8040471,0.8139905,0.80593735,0.81088185,0.8103794171576905,-1.5688915,-1.6215963,1500,1405,train
2026,0.8037401,0.81335515,0.8058118,0.8104997,0.8101685099753763,-1.5688952,-1.5833251,1500,1405,train
2027,0.80373424,0.8116144,0.80583286,0.8092747,0.8099590040908592,-1.5688988,-1.5902733,1500,1405,train
2028,0.803414,0.81177783,0.8050805,0.8092203,0.8097508995041393,-1.5689024,-1.5765171,1500,1405,train
2029,0.8029634,0.8137729,0.80426913,0.81024885,0.8095441962152164,-1.568906,-1.6349367,1500,1405,train
2030,0.80257404,0.81285954,0.8043255,0.8096523,0.8093388942240908,-1.5689095,-1.6247671,1500,1405,train
2031,0.80260783,0.8119556,0.80447245,0.8091056,0.8091349935307621,-1.5689131,-1.6069833,1500,1405,train
2032,0.8025737,0.81182,0.8043653,0.8090845,0.8089324941352307,-1.5689167,-1.5655992,1500,1405,train
2033,0.80204374,0.8122396,0.8036249,0.8091353,0.8087313960374963,-1.5689201,-1.5828674,1500,1405,train
2034,0.8017252,0.8124002,0.80243444,0.8088615,0.8085316992375591,-1.5689237,-1.609548,1500,1405,train
2035,0.80149823,0.811177,0.80272204,0.80811554,0.808333403735419,-1.5689272,-1.5975916,1500,1405,train
2036,0.80146664,0.8104683,0.802285,0.80750924,0.808136509531076,-1.5689306,-1.5954607,1500,1405,train
2037,0.8009205,0.81030583,0.80285394,0.8075807,0.8079410166245301,-1.5689341,-1.5825675,1500,1405,train
2038,0.8009424,0.8108735,0.80297786,0.80805993,0.8077469250157814,-1.5689375,-1.5622816,1500,1405,train
2039,0.8009051,0.81110764,0.8023625,0.8079929,0.8075542347048298,-1.568941,-1.5885465,1500,1405,train
2040,0.80038923,0.8111343,0.8009363,0.8075961,0.8073629456916753,-1.5689445,-1.6015334,1500,1405,train
