cycle_index,true_soh,pred_soh_deepopinn,pred_soh_lax,pred_soh_fusion_raw,pred_soh_fusion_post,true_kpd,pred_kpd,true_knee_cycle,pred_knee_cycle,split
0,1.0886532,1.0783737,1.0744371,1.0745505,1.0797213902290663,1.5701296,1.4951705,1500,1493,test
1,1.0891742,1.0832756,1.0776596,1.0787886,1.0800821217230219,1.5701292,1.4851785,1500,1493,test
2,1.0891614,1.0859704,1.0810674,1.0815592,1.0804298248074953,1.5701288,1.48094,1500,1493,test
3,1.0891428,1.0852344,1.0804363,1.0808486,1.0807644994824872,1.5701283,1.468032,1500,1493,test
4,1.0903056,1.0858881,1.0811127,1.0814927,1.081086145747997,1.5701278,1.4720398,1500,1493,test
5,1.0903054,1.0861506,1.0817995,1.0818405,1.081394763604025,1.5701275,1.4646294,1500,1493,test
6,1.0903152,1.0867487,1.0821304,1.0823218,1.0816903530505713,1.570127,1.4555768,1500,1493,test
7,1.0903605,1.0870409,1.0831656,1.0828209,1.0819729140876357,1.5701265,1.4636334,1500,1493,test
8,1.0904236,1.0867481,1.083224,1.082906,1.082242446715218,1.570126,1.5759856,1500,1493,test
9,1.0902407,1.0873041,1.0842924,1.0835596,1.082498950933319,1.5701256,1.568656,1500,1493,test
10,1.0902178,1.0876634,1.0851623,1.0840093,1.0827424267419377,1.5701252,1.5553695,1500,1493,test
11,1.0901452,1.0875163,1.0866442,1.0843017,1.0829728741410747,1.5701247,1.5545012,1500,1493,test
12,1.0907534,1.0880018,1.0867558,1.0847564,1.0831902931307298,1.5701243,1.5909111,1500,1493,test
13,1.0913454,1.0863638,1.0866784,1.0835727,1.083394683710903,1.5701238,1.579754,1500,1493,test
14,1.0913395,1.0861363,1.0865679,1.0833852,1.0835860458815945,1.5701234,1.5796677,1500,1493,test
15,1.0907867,1.0881362,1.0866818,1.084804,1.083764379642804,1.570123,1.5803094,1500,1493,test
16,1.0907893,1.0878084,1.0872769,1.0844681,1.0839296849945317,1.5701225,1.4698262,1500,1493,test
17,1.0902648,1.0876424,1.087658,1.0844843,1.0840819619367776,1.570122,1.4819614,1500,1493,test
18,1.0906781,1.0882185,1.0873017,1.084779,1.0842212104695417,1.5701215,1.4780625,1500,1493,test
19,1.0906496,1.0882251,1.0871553,1.084736,1.0843474305928238,1.570121,1.4745566,1500,1493,test
20,1.0906531,1.0878457,1.0882459,1.0847738,1.0844606223066242,1.5701207,1.4783552,1500,1493,test
21,1.090716,1.0871965,1.0876426,1.0841624,1.0845607856109427,1.5701202,1.4784045,1500,1493,test
22,1.0913256,1.0874805,1.0873773,1.0842773,1.0846479205057793,1.5701197,1.4738346,1500,1493,test
23,1.0912573,1.0873468,1.0873682,1.084184,1.084722026991134,1.5701193,1.4746238,1500,1493,test
24,1.0906131,1.0868237,1.0885293,1.0843253,1.084783105067007,1.5701188,1.5543523,1500,1493,test
25,1.0907402,1.086689,1.088721,1.0842533,1.084831154733377,1.5701183,1.5420727,1500,1493,test
26,1.0906638,1.086715,1.0888541,1.084312,1.0846369897698802,1.570118,1.5441235,1500,1493,test
27,1.0905938,1.0869055,1.0887054,1.0844107,1.0845372162901017,1.5701175,1.5467458,1500,1493,test
28,1.0906472,1.0867708,1.0887496,1.0843513,1.0845313552886557,1.570117,1.5559366,1500,1493,test
29,1.0901042,1.0856574,1.0893004,1.0837278,1.084480369678837,1.5701165,1.5564842,1500,1493,test
30,1.0900788,1.0856106,1.0890355,1.0836116,1.0843820705989058,1.570116,1.5511383,1500,1493,test
31,1.0906409,1.0864103,1.0886319,1.0840724,1.0842955758928963,1.5701156,1.5569718,1500,1493,test
32,1.0904727,1.0864887,1.0889149,1.0841216,1.0842271915267432,1.5701151,1.5236123,1500,1493,test
33,1.090086,1.0868233,1.088785,1.0843322,1.0841700131011232,1.5701146,1.5291064,1500,1493,test
34,1.0901271,1.0875142,1.0891438,1.0849408,1.0841291231564394,1.5701143,1.5429409,1500,1493,test
35,1.089573,1.0862089,1.0893971,1.0840783,1.0840731828992167,1.5701138,1.5325656,1500,1493,test
36,1.0895156,1.0868838,1.0893669,1.0845304,1.084031744611782,1.5701133,1.5293356,1500,1493,test
37,1.0894288,1.087069,1.0894922,1.0846963,1.0839889860981393,1.5701128,1.5309585,1500,1493,test
38,1.08948,1.0869415,1.0893369,1.0845248,1.0839250531292828,1.5701123,1.513844,1500,1493,test
39,1.0895804,1.086502,1.0892249,1.0841875,1.0838488363652956,1.5701119,1.5128033,1500,1493,test
40,1.0895923,1.0856241,1.0886636,1.0834349,1.083764405168875,1.5701114,1.5154507,1500,1493,test
41,1.0894938,1.0867693,1.088893,1.0842943,1.0837187873954863,1.5701109,1.5170397,1500,1493,test
42,1.0895494,1.0869621,1.0892997,1.0845752,1.0836674412524283,1.5701104,1.532864,1500,1493,test
43,1.0889663,1.0844772,1.0898044,1.0829682,1.0836036596868492,1.57011,1.5251137,1500,1493,test
44,1.088913,1.0842602,1.0898703,1.0828385,1.0835468326760338,1.5701095,1.5264604,1500,1493,test
45,1.0888797,1.084502,1.08975,1.0829782,1.0834955161051096,1.570109,1.5281849,1500,1493,test
46,1.0889137,1.0842246,1.0894784,1.0827073,1.0834203767501938,1.5701085,1.525726,1500,1493,test
47,1.0889235,1.0837016,1.0897043,1.0823872,1.0833082654019137,1.570108,1.5184076,1500,1493,test
48,1.0889404,1.0840123,1.0897155,1.0826263,1.0832151202248697,1.5701076,1.5269306,1500,1493,test
49,1.0889397,1.0834997,1.0896453,1.0822074,1.0831201532537094,1.5701071,1.5085416,1500,1493,test
50,1.0883132,1.0854619,1.0893619,1.0835303,1.0830399522441154,1.5701066,1.524133,1500,1493,test
51,1.0883719,1.0858659,1.0893943,1.0838194,1.0829547538031092,1.5701061,1.5242438,1500,1493,test
52,1.0881351,1.0853493,1.0897019,1.0835176,1.082866831572,1.5701057,1.5135325,1500,1493,test
53,1.0878848,1.0835643,1.0896382,1.0822612,1.082795393742614,1.5701052,1.51299,1500,1493,test
54,1.0878297,1.0837731,1.0894005,1.0823109,1.082706395779232,1.5701047,1.4999745,1500,1493,test
55,1.0873678,1.0861752,1.0891774,1.0839355,1.0826421528592023,1.5701042,1.5075593,1500,1493,test
56,1.0872673,1.0854597,1.0895628,1.0834514,1.082531099516656,1.5701038,1.4700569,1500,1493,test
57,1.0872989,1.0847306,1.0892572,1.0828496,1.0824299202858545,1.5701033,1.464144,1500,1493,test
58,1.0873563,1.0843506,1.0889213,1.0824982,1.082336277442631,1.5701028,1.4649502,1500,1493,test
59,1.0873852,1.0828825,1.088958,1.0814869,1.0822572587054569,1.5701023,1.4637376,1500,1493,test
60,1.0868065,1.0836608,1.08935,1.0821552,1.0821965789764465,1.5701019,1.4735119,1500,1493,test
61,1.0868897,1.0830547,1.0894897,1.0817645,1.0821426424014047,1.5701014,1.4703221,1500,1493,test
62,1.0867392,1.0831072,1.0894983,1.0818082,1.0820836550614235,1.5701009,1.4723482,1500,1493,test
63,1.0866858,1.0845593,1.0897884,1.0828888,1.0820436730017713,1.5701004,1.470662,1500,1493,test
64,1.0866581,1.0832725,1.0895524,1.081991,1.0820159190005822,1.5701,1.4944724,1500,1493,test
65,1.0866991,1.0828729,1.0896287,1.0817145,1.0819855470986983,1.5700995,1.4863663,1500,1493,test
66,1.0867437,1.0827084,1.089406,1.0815408,1.0819471407218326,1.570099,1.4863544,1500,1493,test
67,1.0867801,1.0822237,1.0893488,1.0812018,1.0819380025544383,1.5700985,1.4914622,1500,1493,test
68,1.0861641,1.0826972,1.0890378,1.0814245,1.0819286633926588,1.570098,1.4822255,1500,1493,test
69,1.086138,1.082356,1.0894289,1.0813359,1.0818832504424791,1.5700976,1.5001051,1500,1493,test
70,1.0861473,1.0817811,1.0896387,1.0809646,1.0818045831795131,1.570097,1.4882181,1500,1493,test
71,1.0856125,1.0830997,1.0890956,1.081735,1.081727259288512,1.5700965,1.4887506,1500,1493,test
72,1.0856159,1.0839405,1.0894271,1.0824102,1.0816489799680922,1.570096,1.4901246,1500,1493,test
73,1.0856007,1.0832735,1.0892665,1.081898,1.0815451740475808,1.5700955,1.4873513,1500,1493,test
74,1.0850695,1.0832243,1.0892606,1.081847,1.081452438063329,1.5700951,1.4810426,1500,1493,test
75,1.0851759,1.0826879,1.0891216,1.0814471,1.0813731647849303,1.5700946,1.4849324,1500,1493,test
76,1.0851734,1.0828241,1.0889835,1.0814981,1.0813401412843764,1.5700941,1.4822692,1500,1493,test
77,1.0851583,1.0830917,1.0887792,1.0816417,1.081311009413999,1.5700936,1.487464,1500,1493,test
78,1.085188,1.0823152,1.0891404,1.0811794,1.0812793837908066,1.570093,1.4790128,1500,1493,test
79,1.0846364,1.0831397,1.0890012,1.0817515,1.0811903755236203,1.5700926,1.4945016,1500,1493,test
80,1.0845652,1.0807936,1.089417,1.0801818,1.0811093937578486,1.5700921,1.472406,1500,1493,test
81,1.0844907,1.0846443,1.0890237,1.0827906,1.0811231683724902,1.5700916,1.490212,1500,1493,test
82,1.0844219,1.0828315,1.0893741,1.0816061,1.08112130489873,1.5700911,1.4815732,1500,1493,test
83,1.0845021,1.08285,1.0889753,1.0814788,1.0810983761452573,1.5700907,1.4678159,1500,1493,test
84,1.0845748,1.0826703,1.0887289,1.0812874,1.081074784913342,1.57009,1.4674575,1500,1493,test
85,1.0846119,1.0829885,1.0885781,1.0814707,1.08101684782424,1.5700896,1.4686459,1500,1493,test
86,1.0839838,1.0813128,1.0892103,1.0805006,1.080971737807522,1.5700891,1.4781114,1500,1493,test
87,1.0840045,1.0825232,1.0887473,1.0812058,1.080905285901474,1.5700886,1.4738693,1500,1493,test
88,1.0840691,1.0821254,1.088778,1.080939,1.080808600576562,1.5700881,1.4741986,1500,1493,test
89,1.0839219,1.0813556,1.0891346,1.0805261,1.0807339438560444,1.5700876,1.4847862,1500,1493,test
90,1.0834177,1.081378,1.088664,1.0803761,1.0806686165173325,1.5700871,1.4684113,1500,1493,test
91,1.083381,1.0803578,1.0892514,1.0798509,1.0805800654085504,1.5700866,1.4788228,1500,1493,test
92,1.083408,1.0800161,1.0893424,1.0796402,1.0804959238176102,1.5700861,1.4795756,1500,1493,test
93,1.0835016,1.0806838,1.0890319,1.080012,1.080410758348237,1.5700856,1.4761885,1500,1493,test
94,1.0834355,1.0802414,1.0888641,1.0796137,1.0803250292424167,1.570085,1.4570537,1500,1493,test
95,1.0828822,1.0816205,1.0884112,1.0805008,1.080221414098891,1.5700846,1.478384,1500,1493,test
96,1.0830106,1.0817506,1.0885915,1.0806011,1.0801072073197506,1.5700841,1.4626145,1500,1493,test
97,1.0829912,1.0813589,1.0886924,1.0803602,1.0799766995903428,1.5700836,1.4641433,1500,1493,test
98,1.0829289,1.0820253,1.0889106,1.0808909,1.0798977879522482,1.570083,1.4683725,1500,1493,test
99,1.0828264,1.0817807,1.0891565,1.0807866,1.0798174843393387,1.5700825,1.4681853,1500,1493,test
100,1.0823162,1.0805905,1.0887063,1.0798366,1.0797789569980802,1.5700821,1.4665484,1500,1493,test
101,1.0823327,1.08003,1.0889273,1.0794985,1.0796742981434595,1.5700815,1.4630433,1500,1493,test
102,1.0824033,1.0805799,1.0883894,1.0797405,1.0795976237620408,1.570081,1.464898,1500,1493,test
103,1.0824199,1.0805031,1.0882378,1.079653,1.0795370729790907,1.5700805,1.4675093,1500,1493,test
104,1.082352,1.0815692,1.0881544,1.0804131,1.0794935442776898,1.57008,1.4851886,1500,1493,test
105,1.0823373,1.0812025,1.0883934,1.080215,1.079440677526975,1.5700794,1.4819767,1500,1493,test
106,1.0817986,1.0786843,1.0891511,1.0786629,1.079346402233769,1.570079,1.4786012,1500,1493,test
107,1.0817313,1.0790279,1.0886586,1.0787498,1.0792844419546768,1.5700785,1.4705503,1500,1493,test
108,1.0817289,1.0791414,1.0887291,1.0788511,1.079235756553025,1.5700779,1.4720647,1500,1493,test
109,1.0817318,1.0783256,1.0891697,1.0784166,1.0792195892065914,1.5700774,1.4776177,1500,1493,test
110,1.0817466,1.0783906,1.0885476,1.078308,1.0792100005879859,1.570077,1.482873,1500,1493,test
111,1.0817536,1.0785403,1.0880835,1.0782564,1.0792081553267934,1.5700763,1.4699581,1500,1493,test
112,1.0817926,1.0785165,1.0883955,1.0783657,1.0791704425341941,1.5700759,1.4874514,1500,1493,test
113,1.0812051,1.0798751,1.088292,1.0793054,1.0791406882260217,1.5700754,1.4977549,1500,1493,test
114,1.0812172,1.0807405,1.0877957,1.0797794,1.079112905411443,1.5700748,1.500484,1500,1493,test
115,1.0812812,1.0789583,1.0883539,1.0786861,1.0790887002742326,1.5700743,1.4978133,1500,1493,test
116,1.0811813,1.0796375,1.0884842,1.0791675,1.0790317783663534,1.5700738,1.4876491,1500,1493,test
117,1.0806001,1.0792215,1.0882047,1.0788026,1.0789642989798613,1.5700732,1.4870015,1500,1493,test
118,1.0806688,1.0785258,1.0884371,1.078347,1.0788878519463727,1.5700728,1.4725084,1500,1493,test
119,1.0807363,1.0787513,1.0880911,1.0784096,1.0788141171112076,1.5700722,1.4719377,1500,1493,test
120,1.0807685,1.0795543,1.0875034,1.0788312,1.0787034771115964,1.5700717,1.480968,1500,1493,test
121,1.0807449,1.0792671,1.0878732,1.0787284,1.0786340873684956,1.5700712,1.4799199,1500,1493,test
122,1.0801641,1.0811582,1.0881388,1.0801456,1.07859899860865,1.5700706,1.4941677,1500,1493,test
123,1.080213,1.0802152,1.0877745,1.0793858,1.0785692069329866,1.5700701,1.4906726,1500,1493,test
124,1.080179,1.0799191,1.0877285,1.0791776,1.0785539302391742,1.5700696,1.4946344,1500,1493,test
125,1.0801892,1.0777549,1.0881577,1.077777,1.0785373304461852,1.5700691,1.4887689,1500,1493,test
126,1.080152,1.0805769,1.0880582,1.0797229,1.0784995101899852,1.5700685,1.4949445,1500,1493,test
127,1.0801054,1.0796359,1.0879655,1.079034,1.0784613916769978,1.570068,1.4902599,1500,1493,test
128,1.0796468,1.0795213,1.0873241,1.0787855,1.078449160656461,1.5700674,1.4913534,1500,1493,test
129,1.0796205,1.0779262,1.0876789,1.0777677,1.0784521026949605,1.5700669,1.4887695,1500,1493,test
130,1.0796251,1.0795785,1.0868354,1.0787063,1.0784645640390014,1.5700665,1.4961921,1500,1493,test
131,1.0796777,1.0793911,1.0869818,1.0785961,1.0784702773417874,1.5700659,1.4882613,1500,1493,test
132,1.0797105,1.0795197,1.08744,1.0788459,1.0784332148067146,1.5700654,1.5038885,1500,1493,test
133,1.0795983,1.0795438,1.08723,1.0787628,1.0783894250378063,1.5700648,1.4859035,1500,1493,test
134,1.079511,1.0776558,1.0880334,1.0776731,1.0783391768628254,1.5700643,1.4879633,1500,1493,test
135,1.0790122,1.0771198,1.0878657,1.0772476,1.0782611328179996,1.5700637,1.4843118,1500,1493,test
136,1.0790509,1.0769463,1.0879543,1.0771351,1.0781582328357062,1.5700632,1.4777906,1500,1493,test
137,1.0791197,1.0773575,1.0874856,1.0773084,1.0780468863423716,1.5700626,1.4833615,1500,1493,test
138,1.0791208,1.0780089,1.0873518,1.0777295,1.0779375381984053,1.5700622,1.4853837,1500,1493,test
139,1.0791156,1.0776756,1.0871894,1.0774662,1.0778477034181584,1.5700616,1.4900944,1500,1493,test
140,1.0790703,1.0767019,1.0875173,1.0768795,1.077784069626844,1.5700611,1.4905037,1500,1493,test
141,1.0785655,1.0781175,1.0871782,1.0777895,1.0776922567241145,1.5700605,1.4982847,1500,1493,test
142,1.0786055,1.0803427,1.0867984,1.0792193,1.077594773561823,1.5700599,1.4933436,1500,1493,test
143,1.0784296,1.0801196,1.0868878,1.0790927,1.0775158599229113,1.5700594,1.495028,1500,1493,test
144,1.0785607,1.078094,1.0873933,1.0778289,1.0774215398772815,1.5700588,1.4974979,1500,1493,test
145,1.0785989,1.0795383,1.0872357,1.0787655,1.0773182172689082,1.5700583,1.4879724,1500,1493,test
146,1.0785403,1.0791343,1.0871394,1.0784562,1.077242290877246,1.5700577,1.4865818,1500,1493,test
147,1.0785667,1.0779619,1.0868274,1.0775928,1.0771575908395628,1.5700573,1.5003353,1500,1493,test
148,1.0780674,1.077628,1.0865705,1.0772634,1.0771101038815787,1.5700567,1.4883521,1500,1493,test
149,1.0780762,1.0777884,1.086791,1.0774294,1.0770513253340397,1.5700561,1.4866399,1500,1493,test
150,1.0780591,1.0781269,1.0865312,1.0775979,1.0769982275064758,1.5700556,1.4878843,1500,1493,test
151,1.0779235,1.0778471,1.0870831,1.0775253,1.0768718437990703,1.570055,1.4771218,1500,1493,test
152,1.0779122,1.0773718,1.0870258,1.0772097,1.0768570602513725,1.5700545,1.4893008,1500,1493,test
153,1.0779389,1.0763388,1.0871688,1.0764947,1.0768262751469617,1.5700539,1.4741733,1500,1493,test
154,1.0774281,1.0752813,1.0868752,1.075706,1.0767501637539527,1.5700533,1.4838126,1500,1493,test
155,1.077514,1.075886,1.0863547,1.0760045,1.0766560373042742,1.5700529,1.4913545,1500,1493,test
156,1.077407,1.0757841,1.086831,1.0760148,1.0766368597430436,1.5700523,1.4721707,1500,1493,test
157,1.0773865,1.0752869,1.0870672,1.075725,1.0766087250951362,1.5700517,1.4688417,1500,1493,test
158,1.0775174,1.0754423,1.086585,1.0757018,1.0765320750475444,1.5700512,1.4680345,1500,1493,test
159,1.0773933,1.0753858,1.0867963,1.0757259,1.0764802442395693,1.5700506,1.4708227,1500,1493,test
160,1.0773572,1.075634,1.0868938,1.0759528,1.0763983450518069,1.57005,1.4826297,1500,1493,test
161,1.076824,1.0761852,1.0873704,1.0764418,1.0763066450075947,1.5700495,1.4739962,1500,1493,test
162,1.0767729,1.0762992,1.0872161,1.0764824,1.0762159407439678,1.5700489,1.4752016,1500,1493,test
163,1.0769126,1.076313,1.086664,1.0763395,1.0761383798843727,1.5700483,1.4732137,1500,1493,test
164,1.0769582,1.0767887,1.0862656,1.0765594,1.0760727140214126,1.5700479,1.4718074,1500,1493,test
165,1.0768613,1.0764599,1.0857983,1.0762364,1.0759989010247646,1.5700473,1.4841913,1500,1493,test
166,1.076737,1.075958,1.0866169,1.0761106,1.0759325187125968,1.5700467,1.4855788,1500,1493,test
167,1.076716,1.0773028,1.0857975,1.0768135,1.0758829544202135,1.5700462,1.481137,1500,1493,test
168,1.0767808,1.0756128,1.0863519,1.0758533,1.0758374759371914,1.5700456,1.5074536,1500,1493,test
169,1.076745,1.0755646,1.0862247,1.0757961,1.075787464863112,1.570045,1.5116605,1500,1493,test
170,1.0762682,1.076096,1.0859601,1.0760396,1.0757307654752797,1.5700444,1.489196,1500,1493,test
171,1.0762558,1.0752323,1.0860026,1.0754399,1.0757163707665802,1.5700439,1.4843795,1500,1493,test
172,1.0763665,1.0753891,1.0859461,1.0755503,1.0757063212768527,1.5700433,1.491221,1500,1493,test
173,1.0763303,1.0758337,1.0857971,1.0758125,1.0756666268137631,1.5700427,1.4886334,1500,1493,test
174,1.0762764,1.0756128,1.085736,1.0756475,1.075614293487424,1.5700421,1.490496,1500,1493,test
175,1.0763497,1.074962,1.0861936,1.0753479,1.0755588136179948,1.5700417,1.502616,1500,1493,test
176,1.0757874,1.0768793,1.0853044,1.0764843,1.0755241016652428,1.5700411,1.520934,1500,1493,test
177,1.0756918,1.0742424,1.085711,1.0747056,1.0754919138231858,1.5700405,1.4969035,1500,1493,test
178,1.0756936,1.0739163,1.0859721,1.0745901,1.0754544672769975,1.5700399,1.5137075,1500,1493,test
179,1.0756633,1.0757728,1.0863416,1.0759748,1.075391611147479,1.5700393,1.5129192,1500,1493,test
180,1.0756996,1.0756556,1.0854816,1.0756683,1.0753151883830134,1.5700388,1.5149375,1500,1493,test
181,1.075795,1.0733068,1.085349,1.0739831,1.0752430166992,1.5700382,1.5064924,1500,1493,test
182,1.0757693,1.0735028,1.0850363,1.07405,1.0751654089486555,1.5700376,1.512532,1500,1493,test
183,1.0757401,1.0761764,1.085593,1.0760691,1.0750916951207221,1.570037,1.5189428,1500,1493,test
184,1.0751718,1.0754793,1.0850439,1.0754458,1.0750072292434678,1.5700364,1.521862,1500,1493,test
185,1.0752617,1.0756085,1.0850811,1.0755332,1.0749223317405066,1.5700358,1.5168629,1500,1493,test
186,1.0751352,1.0756614,1.0846039,1.0754688,1.0748282936886109,1.5700353,1.5278114,1500,1493,test
187,1.0751711,1.0754175,1.0845616,1.0752888,1.0747137584055093,1.5700347,1.5280204,1500,1493,test
188,1.0751991,1.0746181,1.0852779,1.0749528,1.0746214930021487,1.5700341,1.5391455,1500,1493,test
189,1.0751835,1.0748725,1.0847225,1.07495,1.0745483026458078,1.5700336,1.5264462,1500,1493,test
190,1.075209,1.0750294,1.0844591,1.0749812,1.0744978096393714,1.570033,1.5235206,1500,1493,test
191,1.0746107,1.0735974,1.084501,1.0740048,1.074445183964191,1.5700324,1.5258672,1500,1493,test
192,1.0746987,1.0738976,1.0843801,1.0741827,1.0743872020605612,1.5700318,1.5266875,1500,1493,test
193,1.0747137,1.0731516,1.0847776,1.0737647,1.0743797233834669,1.5700312,1.5238625,1500,1493,test
194,1.0746723,1.0729845,1.0853751,1.0737977,1.0743515322077448,1.5700307,1.5193682,1500,1493,test
195,1.0745413,1.0738304,1.0847304,1.0742433,1.0743173694806953,1.5700301,1.5323015,1500,1493,test
196,1.0746204,1.0731851,1.0850677,1.0738804,1.074287508167949,1.5700295,1.5300097,1500,1493,test
197,1.0745465,1.0727565,1.0851616,1.0735924,1.0742369385661217,1.5700289,1.5234895,1500,1493,test
198,1.0745935,1.0731847,1.084898,1.0738182,1.0741736790329506,1.5700283,1.523178,1500,1493,test
199,1.0746349,1.0737281,1.0840609,1.073949,1.0741234935205435,1.5700277,1.5140615,1500,1493,test
200,1.0745733,1.0742602,1.0838342,1.0743115,1.0740947276377248,1.5700271,1.5362961,1500,1493,test
201,1.0744953,1.0735588,1.0842142,1.0739202,1.0740523328597087,1.5700265,1.5336999,1500,1493,test
202,1.0744947,1.0735824,1.084118,1.0739036,1.0740062508318997,1.5700259,1.530691,1500,1493,test
203,1.0745282,1.0736575,1.0838987,1.0738949,1.0739311072917384,1.5700253,1.5298083,1500,1493,test
204,1.0744592,1.0740528,1.0835539,1.0741144,1.0738587492970009,1.5700247,1.5453149,1500,1493,test
205,1.0743572,1.0732628,1.0840819,1.0737126,1.0738536529776905,1.5700241,1.5473347,1500,1493,test
206,1.0743686,1.0733345,1.0840061,1.0737236,1.0738231192121162,1.5700235,1.5397422,1500,1493,test
207,1.0744582,1.0734345,1.0840557,1.073834,1.0737443530288502,1.570023,1.5511945,1500,1493,test
208,1.074373,1.0728732,1.0838552,1.0732737,1.0736719224322557,1.5700223,1.5028167,1500,1493,test
209,1.0740883,1.073452,1.0828416,1.0734242,1.073656473147024,1.5700217,1.5111849,1500,1493,test
210,1.0740918,1.0728499,1.0837948,1.0732918,1.073641421130685,1.5700212,1.5236144,1500,1493,test
211,1.074167,1.0738426,1.0830483,1.0737302,1.0736322292679423,1.5700206,1.5027969,1500,1493,test
212,1.0737629,1.075428,1.0838605,1.0750772,1.0736224351537877,1.57002,1.515118,1500,1493,test
213,1.0737777,1.0748188,1.0839317,1.0746827,1.073598540451079,1.5700194,1.5188646,1500,1493,test
214,1.0737773,1.0739886,1.0840349,1.0741234,1.0735702842987476,1.5700188,1.5143139,1500,1493,test
215,1.0738302,1.073458,1.0839748,1.0737362,1.0735489020366498,1.5700182,1.5130699,1500,1493,test
216,1.0738479,1.0733275,1.0837544,1.0736082,1.0735260272350406,1.5700175,1.521899,1500,1493,test
217,1.0737978,1.073614,1.0835837,1.0737658,1.073466404777321,1.5700169,1.5237439,1500,1493,test
218,1.0733304,1.072509,1.0831971,1.0728614,1.0733982682019962,1.5700163,1.5095932,1500,1493,test
219,1.0733498,1.0721197,1.0832405,1.072597,1.0733238642973018,1.5700157,1.507155,1500,1493,test
220,1.0732834,1.0721308,1.0833507,1.0726401,1.0732301532183774,1.5700151,1.5096118,1500,1493,test
221,1.073245,1.0720425,1.0837188,1.072687,1.0731435252703554,1.5700145,1.5136124,1500,1493,test
222,1.0732038,1.0719998,1.0840595,1.0727385,1.0730258434117619,1.5700139,1.5094843,1500,1493,test
223,1.0731649,1.0730933,1.083251,1.0732571,1.072915823630416,1.5700133,1.4996839,1500,1493,test
224,1.0732853,1.0730882,1.0826743,1.073149,1.0727982848910138,1.5700126,1.520232,1500,1493,test
225,1.0733321,1.0719888,1.0823665,1.0722638,1.0727147172997287,1.570012,1.5036833,1500,1493,test
226,1.0727009,1.0719209,1.0827101,1.0723318,1.0726492367135314,1.5700114,1.5132173,1500,1493,test
227,1.0726365,1.0739293,1.0827718,1.0737493,1.0725589030304326,1.5700108,1.5163951,1500,1493,test
228,1.0727679,1.072902,1.0831976,1.0731492,1.0724730859885563,1.5700102,1.5158601,1500,1493,test
229,1.0722198,1.0728577,1.0823389,1.0728748,1.072389839824117,1.5700096,1.5100968,1500,1493,test
230,1.0721799,1.0712322,1.0828975,1.0719354,1.0723019514259913,1.5700089,1.5261128,1500,1493,test
231,1.072234,1.072111,1.0830631,1.0725491,1.0722040858564785,1.5700083,1.509504,1500,1493,test
232,1.0722389,1.0716834,1.0834365,1.072434,1.0720821646035184,1.5700077,1.5431383,1500,1493,test
233,1.0722554,1.0715767,1.0823367,1.0720251,1.0720207037511087,1.5700071,1.5263608,1500,1493,test
234,1.072258,1.0717138,1.0819883,1.0720335,1.0719354665898322,1.5700065,1.5290837,1500,1493,test
235,1.0717491,1.0707955,1.0820849,1.0714247,1.0718475121647355,1.5700058,1.5300651,1500,1493,test
236,1.0717626,1.0702899,1.0826881,1.0712427,1.0717521668878935,1.5700052,1.5331117,1500,1493,test
237,1.0717258,1.0701864,1.0825512,1.0711346,1.071661119593454,1.5700046,1.533242,1500,1493,test
238,1.0715872,1.0704379,1.0829878,1.0713919,1.0716132677873782,1.570004,1.5192448,1500,1493,test
239,1.0715714,1.0699044,1.083298,1.0711439,1.0715501832163656,1.5700033,1.5353338,1500,1493,test
240,1.0716523,1.069675,1.0827129,1.070785,1.0714717993701166,1.5700027,1.5175995,1500,1493,test
241,1.0716621,1.0697318,1.0823636,1.0707388,1.0713998683244124,1.5700021,1.5208186,1500,1493,test
242,1.0717326,1.0699286,1.0821428,1.0708227,1.0712904493444928,1.5700014,1.5234597,1500,1493,test
243,1.0716186,1.07029,1.0823479,1.071085,1.071214523055437,1.5700008,1.5055976,1500,1493,test
244,1.0716788,1.0697294,1.082111,1.0706594,1.0710792280263377,1.5700002,1.51663,1500,1493,test
245,1.0711135,1.0704123,1.0820849,1.0711157,1.0709447145958653,1.5699995,1.51229,1500,1493,test
246,1.0711178,1.0705824,1.0819695,1.0712123,1.070831789398267,1.5699989,1.5161815,1500,1493,test
247,1.0710489,1.0716064,1.0818458,1.0719001,1.0707325617446917,1.5699983,1.5205212,1500,1493,test
248,1.0710137,1.0707266,1.0819438,1.0713129,1.070645731932834,1.5699975,1.5192796,1500,1493,test
249,1.0710052,1.0712779,1.0821519,1.0717504,1.070571149912196,1.569997,1.5190029,1500,1493,test
250,1.0709568,1.0700214,1.0813522,1.0706761,1.070514179660682,1.5699964,1.5237279,1500,1493,test
251,1.0706486,1.0697742,1.0807645,1.0703033,1.0704354544631185,1.5699956,1.5055879,1500,1493,test
252,1.070652,1.0702457,1.0808287,1.0706573,1.070352171347013,1.569995,1.5095468,1500,1493,test
253,1.0706328,1.0695952,1.0815413,1.070384,1.0703128140472922,1.5699944,1.5043463,1500,1493,test
254,1.0706632,1.0693051,1.081463,1.0701606,1.0702676450591169,1.5699937,1.5038412,1500,1493,test
255,1.0706693,1.0697932,1.0813265,1.0704672,1.070185291407708,1.5699931,1.5056969,1500,1493,test
256,1.070611,1.0693748,1.0817397,1.070363,1.0700935426634404,1.5699924,1.5368204,1500,1493,test
257,1.0700271,1.0705279,1.0818486,1.0712085,1.0700233556877954,1.5699918,1.5435623,1500,1493,test
258,1.0700477,1.0674777,1.0823848,1.0692091,1.0699679608436519,1.5699912,1.5325639,1500,1493,test
259,1.0700815,1.0676589,1.0818522,1.0691857,1.0699146899548408,1.5699905,1.5298225,1500,1493,test
260,1.070057,1.0677187,1.0815117,1.069145,1.0698673747701286,1.5699899,1.5335108,1500,1493,test
261,1.0700735,1.0676849,1.0809534,1.0689955,1.0698000153273692,1.5699892,1.5431278,1500,1493,test
262,1.0700825,1.0675302,1.0817375,1.0690773,1.069718568472828,1.5699886,1.5346032,1500,1493,test
263,1.0700953,1.0674014,1.0816097,1.0689566,1.0696478775531357,1.5699879,1.5357765,1500,1493,test
264,1.0699538,1.0679064,1.0813617,1.0692284,1.0695911131076885,1.5699873,1.5307846,1500,1493,test
265,1.0699551,1.0681019,1.0812693,1.0693219,1.0695208822598712,1.5699866,1.5236112,1500,1493,test
266,1.0700208,1.0671896,1.0813469,1.068748,1.0694417095029665,1.569986,1.5393801,1500,1493,test
267,1.0694293,1.0692353,1.0806509,1.0699731,1.0693620542169697,1.5699853,1.5360886,1500,1493,test
268,1.0694493,1.069867,1.0804205,1.0703666,1.0693008179961307,1.5699847,1.5430857,1500,1493,test
269,1.0694466,1.0700581,1.0801296,1.0704155,1.0692459304604318,1.569984,1.5406287,1500,1493,test
270,1.069414,1.0697643,1.080552,1.0703008,1.0691795754225635,1.5699834,1.5307996,1500,1493,test
271,1.0695295,1.069071,1.0801086,1.0697165,1.0691308439022076,1.5699826,1.5371047,1500,1493,test
272,1.0694739,1.0685873,1.0799677,1.0693406,1.0691125886151525,1.569982,1.5360233,1500,1493,test
273,1.0689192,1.0679624,1.0801752,1.0689762,1.0691009786040275,1.5699813,1.5416604,1500,1493,test
274,1.0688459,1.068085,1.0806642,1.0691499,1.0690728725156944,1.5699806,1.5242813,1500,1493,test
275,1.0689234,1.067066,1.0810447,1.0685446,1.0690669381401463,1.56998,1.5242442,1500,1493,test
276,1.0689746,1.0669234,1.0808024,1.0683563,1.0690476691029527,1.5699793,1.5140815,1500,1493,test
277,1.0690554,1.0674117,1.0799603,1.0684825,1.069023650970607,1.5699787,1.5194077,1500,1493,test
278,1.0690049,1.0674391,1.0799537,1.0685056,1.0689843705605946,1.569978,1.5218134,1500,1493,test
279,1.0689591,1.0670319,1.0802186,1.0682979,1.0689333905428033,1.5699773,1.5234224,1500,1493,test
280,1.0684273,1.0691888,1.0792333,1.0695302,1.068842596150592,1.5699767,1.5232148,1500,1493,test
281,1.0684223,1.0684423,1.0799129,1.0691464,1.0687653897866822,1.569976,1.5034972,1500,1493,test
282,1.0684093,1.0685117,1.0799594,1.069227,1.0686945833785182,1.5699753,1.5117419,1500,1493,test
283,1.0683498,1.0679779,1.0799844,1.0688536,1.0686779089936553,1.5699747,1.5077915,1500,1493,test
284,1.0683435,1.0673884,1.0802906,1.0685229,1.068614289226963,1.569974,1.5062907,1500,1493,test
285,1.0684106,1.0676267,1.0793691,1.0684257,1.0685244928996709,1.5699732,1.499693,1500,1493,test
286,1.0684304,1.0679111,1.0791389,1.0685648,1.0684380503553195,1.5699726,1.5010631,1500,1493,test
287,1.068415,1.0683982,1.079139,1.068922,1.0683748260052115,1.5699719,1.509028,1500,1493,test
288,1.0684572,1.0676047,1.0795288,1.0684943,1.0682730840938184,1.5699712,1.5166408,1500,1493,test
289,1.0684123,1.0671613,1.0800097,1.0682986,1.068183449036182,1.5699706,1.509711,1500,1493,test
290,1.068334,1.0676539,1.0795596,1.0685558,1.068126775313354,1.5699699,1.5245165,1500,1493,test
291,1.0683457,1.0676894,1.0793946,1.0685325,1.0680582338627904,1.5699692,1.5229784,1500,1493,test
292,1.0677736,1.0679754,1.0787609,1.0685081,1.0679683486192846,1.5699685,1.5010384,1500,1493,test
293,1.0678583,1.0669739,1.0790669,1.0679363,1.0679231837596517,1.5699679,1.5179863,1500,1493,test
294,1.0678413,1.0672064,1.0785372,1.0679533,1.0678578723950765,1.5699672,1.516966,1500,1493,test
295,1.0678662,1.0671465,1.0784814,1.0678895,1.0678304416271391,1.5699664,1.5139006,1500,1493,test
296,1.0679122,1.0667794,1.0788059,1.067724,1.0677992091334967,1.5699657,1.514902,1500,1493,test
297,1.0674225,1.0651153,1.0793507,1.0667301,1.0677330346336138,1.5699651,1.521054,1500,1493,test
298,1.0674245,1.0659229,1.0791447,1.067194,1.0677009327321956,1.5699644,1.5040691,1500,1493,test
299,1.0672952,1.0660274,1.0790017,1.0672648,1.0676071285734137,1.5699637,1.5191205,1500,1493,test
300,1.067289,1.0656687,1.07917,1.0670533,1.0675440704882542,1.569963,1.5159535,1500,1493,test
301,1.0673352,1.0645907,1.0795702,1.0664241,1.0674567432289297,1.5699623,1.5208075,1500,1493,test
302,1.0674027,1.0643439,1.07856,1.0659931,1.0673679998148726,1.5699615,1.5250955,1500,1493,test
303,1.0673822,1.06535,1.0787226,1.0667033,1.0672851026728976,1.569961,1.5121527,1500,1493,test
304,1.0673072,1.0654328,1.078599,1.066781,1.067193414190763,1.5699602,1.5341647,1500,1493,test
305,1.0667702,1.0676069,1.0772929,1.0679631,1.0671029726714416,1.5699595,1.5436723,1500,1493,test
306,1.0668491,1.0676931,1.0772475,1.0680119,1.0670620397888402,1.5699588,1.5441356,1500,1493,test
307,1.0667573,1.0676467,1.0770781,1.0679286,1.0670021533177405,1.5699581,1.5417265,1500,1493,test
308,1.066716,1.0661354,1.0783253,1.0671889,1.0669405099994322,1.5699574,1.531523,1500,1493,test
309,1.0666791,1.0653179,1.0790107,1.0668392,1.0668910821379485,1.5699567,1.5455759,1500,1493,test
310,1.0666757,1.0669467,1.0778524,1.0676252,1.066815496862687,1.569956,1.5314943,1500,1493,test
311,1.0668021,1.0670977,1.0768342,1.06746,1.0667563749711169,1.5699552,1.5325494,1500,1493,test
312,1.0668356,1.0654405,1.0771003,1.0663863,1.0666993754120841,1.5699546,1.5345818,1500,1493,test
313,1.0667695,1.0671716,1.0774627,1.0676688,1.066643447786202,1.5699539,1.5281599,1500,1493,test
314,1.0667635,1.066541,1.0770364,1.0671122,1.0666175730736003,1.5699532,1.5261071,1500,1493,test
315,1.0661424,1.0645978,1.0783535,1.0661191,1.066597260924746,1.5699525,1.5271924,1500,1493,test
316,1.0661635,1.0655265,1.0773015,1.0664619,1.0665678105922967,1.5699518,1.5189965,1500,1493,test
317,1.0662116,1.0656315,1.0770684,1.0664674,1.0665377667191462,1.569951,1.5169176,1500,1493,test
318,1.0662065,1.0646367,1.0781239,1.066078,1.0665095846051553,1.5699503,1.5244832,1500,1493,test
319,1.066205,1.0642527,1.0782516,1.0658455,1.0664702392401344,1.5699496,1.524383,1500,1493,test
320,1.0662776,1.0643604,1.0775938,1.0657756,1.0664258366405943,1.5699489,1.5373132,1500,1493,test
321,1.0662878,1.0646341,1.0773382,1.0658897,1.06639486898118,1.5699482,1.5342894,1500,1493,test
322,1.0657253,1.0659038,1.0767401,1.0666387,1.0663384165687282,1.5699475,1.54586,1500,1493,test
323,1.0658331,1.0634695,1.077463,1.0651124,1.0662545500672171,1.5699468,1.533169,1500,1493,test
324,1.0657169,1.0659788,1.077255,1.066819,1.0661916342290978,1.5699459,1.5419031,1500,1493,test
325,1.0656229,1.066619,1.0773027,1.0672805,1.0661205524587887,1.5699452,1.5438143,1500,1493,test
326,1.0655875,1.0650059,1.0776445,1.0662276,1.0660415916913135,1.5699445,1.5334183,1500,1493,test
327,1.0656879,1.0652206,1.0763383,1.066019,1.065941609662107,1.5699438,1.5301567,1500,1493,test
328,1.0657955,1.0648974,1.0766014,1.0658545,1.0658406054879692,1.5699431,1.5257566,1500,1493,test
329,1.0657154,1.0654848,1.0760641,1.0661281,1.0657316937435906,1.5699424,1.5298071,1500,1493,test
330,1.0651299,1.0650263,1.0760828,1.0658284,1.0656478531527984,1.5699416,1.5353439,1500,1493,test
331,1.0651841,1.0642858,1.076318,1.0653803,1.0655769527602241,1.5699409,1.5365007,1500,1493,test
332,1.0652446,1.0649421,1.0759394,1.0657411,1.0655261080554668,1.5699402,1.5392107,1500,1493,test
333,1.0651516,1.0656722,1.0753632,1.0660453,1.065479358640327,1.5699394,1.5194114,1500,1493,test
334,1.0650823,1.0640919,1.0768989,1.0653831,1.0654107623468478,1.5699387,1.5289843,1500,1493,test
335,1.0651011,1.0650762,1.0767609,1.0660183,1.0653439301208005,1.569938,1.5245237,1500,1493,test
336,1.0651281,1.0644419,1.0761921,1.0654249,1.0653024272563798,1.5699372,1.524133,1500,1493,test
337,1.0651753,1.0649204,1.0753181,1.0655333,1.0652624003984008,1.5699365,1.5283363,1500,1493,test
338,1.0651791,1.0655022,1.0756551,1.066026,1.0651825753291493,1.5699358,1.5278299,1500,1493,test
339,1.0645504,1.0633063,1.0763848,1.0646844,1.0651645191004657,1.569935,1.5224388,1500,1493,test
340,1.0647444,1.0624897,1.0765676,1.0641932,1.0651433209189611,1.5699342,1.5333457,1500,1493,test
341,1.0646933,1.0633932,1.0762132,1.0646912,1.0650844316082275,1.5699335,1.519263,1500,1493,test
342,1.0646204,1.0635839,1.0757821,1.0647235,1.0650363032654377,1.5699328,1.52563,1500,1493,test
343,1.0646074,1.06356,1.0757916,1.0646968,1.0649712768107675,1.569932,1.5204064,1500,1493,test
344,1.0645725,1.0631907,1.0760146,1.0645142,1.0648602914366063,1.5699313,1.5261694,1500,1493,test
345,1.0646173,1.0620807,1.0761888,1.0638299,1.0647614754275665,1.5699306,1.5423608,1500,1493,test
346,1.0647279,1.062934,1.0753093,1.0641303,1.0647135227975792,1.5699297,1.519141,1500,1493,test
347,1.0641347,1.0640688,1.0748664,1.0648117,1.0646379188102206,1.569929,1.5243313,1500,1493,test
348,1.064107,1.0635896,1.0755208,1.0646942,1.0645731303286032,1.5699283,1.5407265,1500,1493,test
349,1.06411,1.0631161,1.0754156,1.064311,1.0644897346942004,1.5699276,1.529865,1500,1493,test
350,1.064077,1.0635943,1.0751023,1.0645847,1.0644482375892172,1.5699267,1.5404282,1500,1493,test
351,1.06406,1.0636003,1.0753554,1.0646017,1.0643743446813836,1.569926,1.5177811,1500,1493,test
352,1.0640535,1.0633824,1.0755184,1.0645823,1.0643043866899646,1.5699252,1.5541247,1500,1493,test
353,1.0640414,1.0626831,1.0749029,1.0639284,1.0642284158968995,1.5699245,1.5525012,1500,1493,test
354,1.0640564,1.064177,1.0739741,1.064704,1.0641375303149414,1.5699238,1.5473778,1500,1493,test
355,1.0640702,1.0627213,1.0743444,1.063811,1.0640707634462263,1.5699229,1.5547873,1500,1493,test
356,1.0636781,1.0642321,1.0733454,1.0645657,1.0640250324389982,1.5699222,1.5440061,1500,1493,test
357,1.0635462,1.0631485,1.0745335,1.064123,1.0639516214932236,1.5699215,1.5403997,1500,1493,test
358,1.0635227,1.0631088,1.0744854,1.0640665,1.0638869955395358,1.5699207,1.533769,1500,1493,test
359,1.0633965,1.063432,1.0740564,1.0641878,1.0638359314955181,1.56992,1.5386183,1500,1493,test
360,1.0634172,1.0627861,1.07424,1.0637887,1.0637553410987934,1.5699191,1.5386157,1500,1493,test
361,1.0635078,1.0624485,1.0748606,1.0637503,1.0637067199609096,1.5699184,1.5508404,1500,1493,test
362,1.0635177,1.0625412,1.0744332,1.063645,1.0636519009390277,1.5699176,1.5281239,1500,1493,test
363,1.063543,1.0631698,1.0738982,1.0639577,1.063600613419107,1.5699168,1.5361998,1500,1493,test
364,1.0629783,1.0620384,1.074007,1.06318,1.0635323320747943,1.569916,1.527254,1500,1493,test
365,1.0630449,1.0613263,1.0740495,1.0627489,1.0634379373319847,1.5699153,1.5485628,1500,1493,test
366,1.0630832,1.0614064,1.0744346,1.0629066,1.0633360574263009,1.5699145,1.5481952,1500,1493,test
367,1.063029,1.0610905,1.0746605,1.0627172,1.0632568498427541,1.5699137,1.535551,1500,1493,test
368,1.0630134,1.0621762,1.0738349,1.0632207,1.0631802938848793,1.5699129,1.5236624,1500,1493,test
369,1.0629638,1.0640287,1.0735483,1.0644727,1.0631141655199012,1.5699122,1.5414491,1500,1493,test
370,1.0629698,1.0631683,1.0739213,1.0639341,1.0630524438889013,1.5699114,1.5244071,1500,1493,test
371,1.0630556,1.0605378,1.0733886,1.0619898,1.0630043847835708,1.5699106,1.5341138,1500,1493,test
372,1.0625352,1.0620121,1.0726879,1.0628123,1.062941678480437,1.5699098,1.5288278,1500,1493,test
373,1.0624448,1.0622467,1.0734568,1.0631926,1.0628994221665395,1.569909,1.5336102,1500,1493,test
374,1.0624696,1.0610118,1.0730013,1.0621829,1.0628515881626075,1.5699083,1.5208776,1500,1493,test
375,1.0625805,1.0610569,1.0732329,1.0623107,1.0627859624861034,1.5699074,1.5351017,1500,1493,test
376,1.0624561,1.0616195,1.0731807,1.0626137,1.0627295252107392,1.5699066,1.504885,1500,1493,test
377,1.0624124,1.0614628,1.0738598,1.0627011,1.0626676533537311,1.5699059,1.5107832,1500,1493,test
378,1.0623935,1.0616751,1.0736362,1.0627487,1.062619662197885,1.569905,1.4943548,1500,1493,test
379,1.0624529,1.0627961,1.0722775,1.0631769,1.0625496261583898,1.5699042,1.5000893,1500,1493,test
380,1.0624892,1.0622594,1.0719638,1.0627527,1.0625106602790186,1.5699035,1.5134006,1500,1493,test
381,1.0624511,1.0606344,1.0725001,1.0617428,1.0624420645471726,1.5699027,1.5027915,1500,1493,test
382,1.0618749,1.0610754,1.0727005,1.0621319,1.0624072741413206,1.5699018,1.5148288,1500,1493,test
383,1.0619222,1.061011,1.0731264,1.0621511,1.0623696455882605,1.5699011,1.4942509,1500,1493,test
384,1.0619339,1.06094,1.0726157,1.0620351,1.062368913988465,1.5699003,1.5230541,1500,1493,test
385,1.0619267,1.0617633,1.0718831,1.0624356,1.0623425375162439,1.5698994,1.5334854,1500,1493,test
386,1.0618565,1.0611086,1.0723422,1.0620747,1.0623021558790633,1.5698986,1.5213516,1500,1493,test
387,1.0618532,1.0604724,1.072715,1.0617445,1.0622724679785844,1.5698979,1.5260385,1500,1493,test
388,1.0619614,1.0604789,1.0727098,1.061734,1.0622586813995416,1.569897,1.5204141,1500,1493,test
389,1.0614781,1.0628679,1.07113,1.0630152,1.0622180965160442,1.5698962,1.53951,1500,1493,test
390,1.0614693,1.0626904,1.070979,1.0628171,1.0621658838084773,1.5698954,1.5252681,1500,1493,test
391,1.0614656,1.0622176,1.0716186,1.0626365,1.0621028922687197,1.5698947,1.5155289,1500,1493,test
392,1.0614312,1.0618538,1.0714619,1.0623949,1.062035441630813,1.5698938,1.5372348,1500,1493,test
393,1.0613656,1.0616862,1.0718753,1.0624133,1.0619430378011363,1.569893,1.5472121,1500,1493,test
394,1.0613352,1.0614638,1.0714643,1.0620987,1.061862259546297,1.5698922,1.5264702,1500,1493,test
395,1.0613338,1.0607698,1.0719517,1.0617685,1.0618150553191903,1.5698913,1.5350753,1500,1493,test
396,1.0612881,1.0603516,1.0718596,1.0614324,1.0617523086135878,1.5698905,1.5263045,1500,1493,test
397,1.0613016,1.0602434,1.0714841,1.0612693,1.0616049576665183,1.5698897,1.5314989,1500,1493,test
398,1.0613471,1.0603108,1.0708096,1.0611608,1.0615314596676395,1.5698888,1.5418744,1500,1493,test
399,1.0613308,1.0606654,1.0703278,1.0612125,1.06144652859901,1.5698881,1.5150036,1500,1493,test
400,1.0607853,1.0606451,1.0711297,1.061415,1.0613487521401217,1.5698873,1.5157361,1500,1493,test
401,1.0607765,1.0606548,1.070996,1.0613892,1.0612217735095342,1.5698864,1.5171349,1500,1493,test
402,1.060652,1.0613185,1.0703918,1.0616809,1.0611049656408853,1.5698856,1.5141841,1500,1493,test
403,1.0607165,1.0607567,1.0703431,1.0612952,1.0610049262063128,1.5698848,1.521229,1500,1493,test
404,1.0606985,1.0607026,1.0710647,1.0614259,1.060888370575653,1.569884,1.5109818,1500,1493,test
405,1.0607644,1.0604389,1.0708996,1.06121,1.0608053951560883,1.5698831,1.5156714,1500,1493,test
406,1.0607566,1.0609455,1.0703045,1.0613936,1.0607253595284911,1.5698823,1.5120779,1500,1493,test
407,1.0607244,1.0605241,1.07009,1.0610675,1.0606084742679043,1.5698814,1.5218239,1500,1493,test
408,1.0607557,1.0600903,1.0701485,1.0607827,1.0604876679184139,1.5698806,1.522089,1500,1493,test
409,1.0602615,1.0577924,1.070616,1.0593467,1.060374552610769,1.5698798,1.5359039,1500,1493,test
410,1.0601139,1.0591174,1.0704949,1.0601914,1.0602615373439899,1.5698789,1.5184168,1500,1493,test
411,1.0601331,1.0591319,1.070472,1.0602094,1.0601564577777016,1.5698781,1.5242411,1500,1493,test
412,1.0601894,1.0580292,1.0713676,1.0596869,1.060019069750584,1.5698773,1.5255022,1500,1493,test
413,1.0601854,1.0571244,1.0703267,1.0588005,1.0598789239626718,1.5698763,1.5337545,1500,1493,test
414,1.060211,1.0588462,1.0699512,1.0598518,1.0597622341368438,1.5698755,1.5160043,1500,1493,test
415,1.060195,1.0580914,1.069871,1.0593374,1.0596862219719527,1.5698746,1.5287216,1500,1493,test
416,1.0601795,1.0574484,1.0700715,1.0589654,1.0596086471579398,1.5698738,1.5372791,1500,1493,test
417,1.0602677,1.0573914,1.0701523,1.0589308,1.0595453516154574,1.569873,1.5303544,1500,1493,test
418,1.059661,1.0580008,1.070153,1.0593035,1.0594895871223402,1.5698721,1.5095855,1500,1493,test
419,1.06016,1.0577176,1.070327,1.0592151,1.059429268561106,1.5698713,1.5349643,1500,1493,test
420,1.0600553,1.0609257,1.0694811,1.0611845,1.0593638825830558,1.5698704,1.5223923,1500,1493,test
421,1.0597153,1.0581332,1.0701277,1.0594665,1.059293969638378,1.5698695,1.5416543,1500,1493,test
422,1.0595931,1.0600712,1.0689371,1.060427,1.0592418052555446,1.5698687,1.5145944,1500,1493,test
423,1.0597161,1.0573354,1.0691433,1.0586054,1.059186453751642,1.5698678,1.5236498,1500,1493,test
424,1.0595971,1.0583925,1.068696,1.0592667,1.0591212349943964,1.569867,1.5430925,1500,1493,test
425,1.0595775,1.0571506,1.069211,1.0585488,1.0590638642797021,1.5698661,1.5456386,1500,1493,test
426,1.059642,1.0583363,1.0695908,1.0594854,1.059023826567087,1.5698652,1.5506228,1500,1493,test
427,1.0595874,1.0584874,1.06907,1.059412,1.0590018846161733,1.5698644,1.5345635,1500,1493,test
428,1.0595659,1.0577768,1.0690134,1.0589055,1.0589909627052931,1.5698634,1.5353444,1500,1493,test
429,1.0594845,1.0585337,1.0694597,1.0595415,1.058990156972651,1.5698626,1.5317631,1500,1493,test
430,1.0589633,1.0576675,1.0693338,1.0589354,1.0589988496247238,1.5698618,1.5435734,1500,1493,test
431,1.0590792,1.0573912,1.0682138,1.05844,1.0590096523776173,1.5698608,1.5419953,1500,1493,test
432,1.0590887,1.0576345,1.0679679,1.0585628,1.059035446503994,1.56986,1.550136,1500,1493,test
433,1.0590614,1.058003,1.0685856,1.0589864,1.0590522799254816,1.5698591,1.5512241,1500,1493,test
434,1.0591186,1.0574824,1.0691085,1.058727,1.0590627673808881,1.5698582,1.535501,1500,1493,test
435,1.0591506,1.0575472,1.068315,1.0585651,1.0590490853600756,1.5698574,1.5377808,1500,1493,test
436,1.0591251,1.0577421,1.0682672,1.0587069,1.0590421178472522,1.5698565,1.5457286,1500,1493,test
437,1.0584733,1.0590014,1.068238,1.0595821,1.0590154942268402,1.5698556,1.5494484,1500,1493,test
438,1.0584446,1.058758,1.0686402,1.0595181,1.058982608234549,1.5698547,1.5483305,1500,1493,test
439,1.0584718,1.0578139,1.0683715,1.0587925,1.0588848263051398,1.5698538,1.5489546,1500,1493,test
440,1.0586027,1.0582633,1.0674002,1.0588576,1.0588094782360866,1.569853,1.5543864,1500,1493,test
441,1.0584929,1.0587351,1.0669332,1.0590355,1.058761714403869,1.569852,1.5443461,1500,1493,test
442,1.0585295,1.058171,1.067039,1.0586679,1.0586918200200794,1.5698512,1.5424922,1500,1493,test
443,1.0584959,1.0573406,1.0680782,1.0583942,1.0586105333308293,1.5698502,1.552577,1500,1493,test
444,1.0585264,1.0580657,1.0677986,1.058813,1.0585413202212846,1.5698494,1.5486155,1500,1493,test
445,1.0584818,1.0584555,1.067369,1.0589712,1.0584383994585727,1.5698484,1.5497053,1500,1493,test
446,1.0584846,1.0587649,1.0670426,1.0590827,1.058328615406448,1.5698476,1.5432084,1500,1493,test
447,1.0584297,1.0575774,1.067344,1.0583262,1.0582367544868034,1.5698466,1.5378468,1500,1493,test
448,1.0579025,1.057607,1.0674064,1.0583558,1.0581969213246813,1.5698458,1.5346174,1500,1493,test
449,1.0579779,1.0584676,1.0664527,1.0586984,1.0581121121898012,1.5698448,1.5349257,1500,1493,test
450,1.0579636,1.058362,1.0665357,1.0586426,1.0580114448037101,1.5698439,1.5330169,1500,1493,test
451,1.0579426,1.0580394,1.0665586,1.0584351,1.0578853883014898,1.569843,1.5371943,1500,1493,test
452,1.0580301,1.0572342,1.0668951,1.0579455,1.0577913603913887,1.5698421,1.5285933,1500,1493,test
453,1.0579832,1.057424,1.0666144,1.0580254,1.0576997982415617,1.5698413,1.5381694,1500,1493,test
454,1.0579696,1.056387,1.0670753,1.0574265,1.0575934120362616,1.5698403,1.5371749,1500,1493,test
455,1.0574185,1.0562418,1.0670624,1.0572987,1.05751065719533,1.5698394,1.5274345,1500,1493,test
456,1.0574106,1.0559958,1.0667405,1.0570621,1.0573945870990387,1.5698385,1.5358356,1500,1493,test
457,1.0574968,1.0558517,1.0659727,1.0567653,1.0572744678210326,1.5698376,1.5394315,1500,1493,test
458,1.0575346,1.0560753,1.0653784,1.0567622,1.0571527584629963,1.5698366,1.5397007,1500,1493,test
459,1.0575308,1.0557035,1.0658662,1.0566765,1.0570567754411622,1.5698357,1.5569383,1500,1493,test
460,1.0574983,1.0543127,1.0662417,1.0558137,1.0569678056917342,1.5698348,1.557734,1500,1493,test
461,1.0574713,1.0546141,1.0665755,1.0560982,1.0568741180420835,1.5698339,1.5519954,1500,1493,test
462,1.0573533,1.055791,1.065696,1.0566465,1.056775844994379,1.5698329,1.5383155,1500,1493,test
463,1.0574104,1.0549126,1.0660539,1.0561873,1.056720040633424,1.569832,1.5608505,1500,1493,test
464,1.05682,1.0565052,1.0663302,1.0573033,1.0566814952740093,1.5698311,1.5347589,1500,1493,test
465,1.056821,1.0568445,1.066468,1.0575613,1.0566304525045391,1.5698302,1.5288644,1500,1493,test
466,1.0574111,1.0549939,1.0654972,1.0560241,1.0565914392832925,1.5698292,1.5317509,1500,1493,test
467,1.0568707,1.0552483,1.0650568,1.0561099,1.0565590225110126,1.5698283,1.542938,1500,1493,test
468,1.0568929,1.0550327,1.0658903,1.0561652,1.0565304898354677,1.5698273,1.5354812,1500,1493,test
469,1.0568639,1.054621,1.0657876,1.0558634,1.0564655777325025,1.5698264,1.5401546,1500,1493,test
470,1.0567851,1.05614,1.0651814,1.0567636,1.0564109467172438,1.5698254,1.5435783,1500,1493,test
471,1.0567132,1.0565977,1.0652477,1.0571095,1.056379731202197,1.5698245,1.5478659,1500,1493,test
472,1.0567364,1.0558522,1.0655518,1.0566535,1.0563818509830851,1.5698236,1.5396222,1500,1493,test
473,1.0567781,1.0546439,1.0657794,1.0558819,1.0563448372803754,1.5698227,1.5421281,1500,1493,test
474,1.0567942,1.0542338,1.065168,1.0554463,1.0563202039979618,1.5698217,1.5473708,1500,1493,test
475,1.0562594,1.0559425,1.0646713,1.0564761,1.0563142333187856,1.5698208,1.5378542,1500,1493,test
476,1.0563242,1.0560666,1.0645368,1.056576,1.0563124068965977,1.5698198,1.5583277,1500,1493,test
477,1.0564141,1.0556419,1.0650764,1.0564164,1.0563166996460929,1.5698189,1.5544982,1500,1493,test
478,1.0563362,1.0554898,1.0651677,1.0563321,1.056312688434005,1.5698179,1.5532421,1500,1493,test
479,1.0562687,1.0560305,1.0639722,1.0563619,1.0563368562793287,1.569817,1.542738,1500,1493,test
480,1.0562762,1.0559344,1.0639933,1.0562565,1.0563099448085391,1.569816,1.524482,1500,1493,test
481,1.0558544,1.0569372,1.063956,1.0569206,1.0562891773508891,1.5698149,1.5154467,1500,1493,test
482,1.0558367,1.056683,1.0635622,1.0566504,1.0562418759585854,1.569814,1.5202708,1500,1493,test
483,1.0558373,1.0571438,1.0632017,1.0568893,1.0562001603378899,1.569813,1.5266317,1500,1493,test
484,1.05575,1.0565856,1.0635095,1.0565615,1.0561488351291595,1.569812,1.5173035,1500,1493,test
485,1.055827,1.0561595,1.0630472,1.0561464,1.0560984367524715,1.5698111,1.5190877,1500,1493,test
486,1.0558639,1.0559922,1.0635936,1.056166,1.056029369146358,1.5698102,1.5147438,1500,1493,test
487,1.0556977,1.0565405,1.0635436,1.0565398,1.0559440584759716,1.5698092,1.5174656,1500,1493,test
488,1.0556903,1.0560621,1.0633092,1.0561697,1.0558644474725711,1.5698081,1.527647,1500,1493,test
489,1.0557384,1.0555284,1.063184,1.0557418,1.0557588660575583,1.5698072,1.5177903,1500,1493,test
490,1.055718,1.0550735,1.0636814,1.0555513,1.055726725676184,1.5698062,1.5144895,1500,1493,test
491,1.055733,1.0547693,1.0632805,1.0552311,1.055702872002381,1.5698053,1.5138016,1500,1493,test
492,1.0557284,1.0548317,1.0630517,1.0552278,1.0556540595717814,1.5698043,1.5197891,1500,1493,test
493,1.0551629,1.0538425,1.0636647,1.0547326,1.0555853023785682,1.5698032,1.5310196,1500,1493,test
494,1.0552446,1.0556054,1.0628256,1.0557096,1.0555330131890168,1.5698023,1.5219917,1500,1493,test
495,1.0552434,1.0558571,1.063088,1.0559529,1.0554759099331046,1.5698013,1.5213435,1500,1493,test
496,1.0550678,1.0550833,1.0634937,1.0555539,1.0554214957972623,1.5698003,1.5334795,1500,1493,test
497,1.0551642,1.0539849,1.0633686,1.0547026,1.0553389551058867,1.5697993,1.5106913,1500,1493,test
498,1.0551647,1.05516,1.0626652,1.0553925,1.055228594596963,1.5697984,1.5364094,1500,1493,test
499,1.0547175,1.0549221,1.0623345,1.0551155,1.0551717230929387,1.5697973,1.5268035,1500,1493,test
500,1.0546902,1.0547326,1.0622307,1.0549574,1.0550786890436106,1.5697963,1.5272949,1500,1493,test
501,1.0546714,1.0547384,1.0621631,1.0549314,1.054986423167722,1.5697954,1.5223713,1500,1493,test
502,1.0548781,1.0545164,1.0617397,1.0546604,1.0549005328003462,1.5697943,1.5209708,1500,1493,test
503,1.0548153,1.05404,1.0624198,1.0545161,1.0548163278366904,1.5697933,1.5226827,1500,1493,test
504,1.0547339,1.0525861,1.0627137,1.0535867,1.0546865039034752,1.5697923,1.5231283,1500,1493,test
505,1.054662,1.0522405,1.0625261,1.0532494,1.0545837702293328,1.5697913,1.5037037,1500,1493,test
506,1.0546945,1.0536904,1.0624831,1.0542856,1.0544537781032564,1.5697902,1.5207328,1500,1493,test
507,1.0541594,1.0548348,1.0618784,1.054922,1.0543551344183202,1.5697893,1.5223488,1500,1493,test
508,1.054238,1.0543028,1.0611905,1.054384,1.0542643413626873,1.5697882,1.5287337,1500,1493,test
509,1.0541495,1.0549977,1.0603333,1.0546131,1.054189243479503,1.5697873,1.5189906,1500,1493,test
510,1.054192,1.0544405,1.0609725,1.0544134,1.0541147123055463,1.5697862,1.5255258,1500,1493,test
511,1.0542125,1.0536847,1.0612413,1.0539612,1.0540234331026093,1.5697852,1.5256693,1500,1493,test
512,1.0542382,1.0544623,1.0615886,1.0545446,1.0539459640213955,1.5697842,1.50535,1500,1493,test
513,1.0540694,1.0549097,1.0615852,1.0548265,1.053931086794405,1.5697832,1.4939461,1500,1493,test
514,1.0541145,1.0557938,1.0609912,1.055267,1.0538543119616968,1.5697821,1.4881665,1500,1493,test
515,1.0535979,1.053815,1.0608749,1.053896,1.0537996203332844,1.5697811,1.5019547,1500,1493,test
516,1.0536536,1.0538005,1.061001,1.0539005,1.0537362157098062,1.5697801,1.494105,1500,1493,test
517,1.0536462,1.0524712,1.0613619,1.0530567,1.053664460236496,1.569779,1.4867702,1500,1493,test
518,1.0536493,1.0532734,1.060882,1.0535086,1.0535776179823089,1.569778,1.4965022,1500,1493,test
519,1.053709,1.0520868,1.0609448,1.0526952,1.0534603845579085,1.569777,1.4937477,1500,1493,test
520,1.0536625,1.0510563,1.0614111,1.0521111,1.0534028507860533,1.5697759,1.4964285,1500,1493,test
521,1.0536696,1.0519319,1.0608021,1.052548,1.0533129781009842,1.5697749,1.4932148,1500,1493,test
522,1.0535623,1.0536448,1.0608895,1.053793,1.0532286755374056,1.5697738,1.506636,1500,1493,test
523,1.0529324,1.0548156,1.0602341,1.0544238,1.0531285232578167,1.5697728,1.5040227,1500,1493,test
524,1.0531138,1.0507698,1.0603681,1.051675,1.0530485105545637,1.5697718,1.513675,1500,1493,test
525,1.0532387,1.0513766,1.0598769,1.0519731,1.052981700340207,1.5697707,1.5171776,1500,1493,test
526,1.0531031,1.0521457,1.0605425,1.0526677,1.0529126784261729,1.5697696,1.5099978,1500,1493,test
527,1.0530813,1.0517128,1.0607519,1.0524266,1.0528413114327404,1.5697685,1.5113361,1500,1493,test
528,1.053189,1.05143,1.0600966,1.0520504,1.052772544648565,1.5697675,1.5094728,1500,1493,test
529,1.0526167,1.0536227,1.0598714,1.0534626,1.0526875440427583,1.5697664,1.4891293,1500,1493,test
530,1.053066,1.0523021,1.0599716,1.0525964,1.0526122836991485,1.5697654,1.4988651,1500,1493,test
531,1.0525105,1.0537131,1.05954,1.0534568,1.0525464851693096,1.5697644,1.4974389,1500,1493,test
532,1.0525622,1.0534751,1.0594149,1.0532408,1.0524750357022412,1.5697633,1.4902915,1500,1493,test
533,1.0525882,1.0531005,1.0591515,1.0528984,1.0524576601159654,1.5697622,1.4854162,1500,1493,test
534,1.0525892,1.0530102,1.0589058,1.0527802,1.0523889842272196,1.5697612,1.4895967,1500,1493,test
535,1.052553,1.0527442,1.0588984,1.0526013,1.0523406911747721,1.5697601,1.4928844,1500,1493,test
536,1.0526412,1.0528742,1.0595264,1.0528902,1.052263863046339,1.569759,1.5053968,1500,1493,test
537,1.0521039,1.0526465,1.0590048,1.0525612,1.0522156289761502,1.5697579,1.4924858,1500,1493,test
538,1.0519885,1.0501533,1.0589122,1.0507952,1.052155582720482,1.5697569,1.4881868,1500,1493,test
539,1.0518717,1.0525372,1.0591199,1.0525447,1.0520900216128637,1.5697558,1.5042433,1500,1493,test
540,1.0520082,1.0510318,1.0587902,1.0514009,1.0521028776147445,1.5697547,1.4998977,1500,1493,test
541,1.0520356,1.0512375,1.0582153,1.0513983,1.0520891204350253,1.5697535,1.5034215,1500,1493,test
542,1.052031,1.0510092,1.0582209,1.0512177,1.0520625941067174,1.5697525,1.4937129,1500,1493,test
543,1.0520144,1.0516145,1.0580397,1.051601,1.0520078047730765,1.5697514,1.4985359,1500,1493,test
544,1.0520978,1.0523632,1.0578276,1.0520737,1.0519420843642178,1.5697503,1.502542,1500,1493,test
545,1.0520637,1.0506613,1.0581703,1.0509734,1.0518362914701054,1.5697492,1.498118,1500,1493,test
546,1.0515236,1.052744,1.0582395,1.0524491,1.0517381704440145,1.5697482,1.5028642,1500,1493,test
547,1.0513674,1.0527012,1.0571871,1.0521226,1.051616395034705,1.569747,1.4966486,1500,1493,test
548,1.0514218,1.0519756,1.0582763,1.0519217,1.051493619654165,1.5697459,1.5012717,1500,1493,test
549,1.0514228,1.0523171,1.057903,1.0520406,1.051411025140534,1.5697448,1.49373,1500,1493,test
550,1.0515045,1.0514235,1.0579519,1.0514472,1.051277924821716,1.5697438,1.4994324,1500,1493,test
551,1.0514466,1.0516129,1.0574775,1.0514196,1.0511329097816071,1.5697426,1.4862927,1500,1493,test
552,1.0514269,1.0518122,1.0572302,1.0515476,1.0510166593579422,1.5697415,1.5092695,1500,1493,test
553,1.0514914,1.0513592,1.0573928,1.0512428,1.050908007601007,1.5697404,1.4953051,1500,1493,test
554,1.0509665,1.0521905,1.0567884,1.0517033,1.0507764882707866,1.5697392,1.5139402,1500,1493,test
555,1.050868,1.049907,1.0577297,1.050326,1.0506799699911686,1.5697381,1.4957366,1500,1493,test
556,1.0508057,1.0507379,1.0577526,1.0509241,1.0505670680041315,1.569737,1.5019643,1500,1493,test
557,1.0508332,1.050413,1.0579119,1.0507212,1.0504979890141506,1.5697359,1.4937441,1500,1493,test
558,1.0508746,1.048856,1.0570503,1.0494115,1.0504492838257387,1.5697348,1.4945011,1500,1493,test
559,1.0509957,1.0504026,1.05724,1.0505297,1.0503952542734452,1.5697336,1.4919174,1500,1493,test
560,1.0509105,1.0497723,1.0569444,1.0500488,1.0503182903864525,1.5697325,1.5067079,1500,1493,test
561,1.0509286,1.0509193,1.0570364,1.0508668,1.0502373857048006,1.5697314,1.5054986,1500,1493,test
562,1.0509117,1.0487052,1.0572765,1.049397,1.0501784097675877,1.5697303,1.5066543,1500,1493,test
563,1.0508839,1.0506482,1.0557729,1.0503263,1.0501270588074476,1.5697291,1.4997572,1500,1493,test
564,1.0508304,1.0513124,1.0566092,1.0510163,1.0500098066034458,1.5697279,1.5018132,1500,1493,test
565,1.0508356,1.0482221,1.0571238,1.0489914,1.0499400198560673,1.5697268,1.494656,1500,1493,test
566,1.0502869,1.0475805,1.0564215,1.0484151,1.049845169140223,1.5697256,1.5181121,1500,1493,test
567,1.0503047,1.0478561,1.0565138,1.0486171,1.0496793622762353,1.5697246,1.5123782,1500,1493,test
568,1.0503078,1.0477569,1.0561342,1.0484583,1.0495491474951038,1.5697234,1.5171723,1500,1493,test
569,1.0503421,1.049135,1.0549603,1.0490472,1.049476641809807,1.5697222,1.4951925,1500,1493,test
570,1.0503731,1.0492558,1.0559676,1.049454,1.0493574386307143,1.5697211,1.5170376,1500,1493,test
571,1.0504122,1.0475662,1.0559552,1.0482869,1.0492182174229128,1.5697199,1.5208317,1500,1493,test
572,1.0502596,1.0492289,1.0551834,1.049191,1.0491499524172578,1.5697187,1.5029135,1500,1493,test
573,1.0501251,1.0513189,1.0548794,1.0505471,1.0490762560269467,1.5697175,1.4975045,1500,1493,test
574,1.0497208,1.0504744,1.0556393,1.0502017,1.0490091725673691,1.5697165,1.5127957,1500,1493,test
575,1.049745,1.0493704,1.055066,1.049246,1.0489666069773378,1.5697153,1.4980855,1500,1493,test
576,1.0497731,1.0501072,1.0550911,1.0497665,1.048943808860225,1.5697141,1.4990723,1500,1493,test
577,1.0497384,1.0500356,1.0540855,1.0494387,1.0488876192649828,1.5697129,1.495442,1500,1493,test
578,1.0497719,1.0491052,1.0543554,1.0488738,1.0488363416573432,1.5697117,1.4989898,1500,1493,test
579,1.0498108,1.0492266,1.0551302,1.0491437,1.0487689673745137,1.5697105,1.4899905,1500,1493,test
580,1.0497564,1.0495334,1.0553607,1.049419,1.0487844383744187,1.5697094,1.4902791,1500,1493,test
581,1.0497353,1.0497677,1.0541581,1.0492513,1.0487222995770593,1.5697082,1.4868509,1500,1493,test
582,1.0491488,1.0488408,1.0543615,1.0487285,1.0486796477844738,1.569707,1.5140728,1500,1493,test
583,1.04914,1.0474993,1.0548364,1.0478896,1.0486515383047417,1.5697058,1.4997214,1500,1493,test
584,1.0491402,1.047257,1.0546163,1.0476785,1.0485908945553408,1.5697047,1.5063579,1500,1493,test
585,1.0492309,1.0484254,1.0540857,1.0483255,1.0485633127540481,1.5697035,1.4972593,1500,1493,test
586,1.0491539,1.0484425,1.0539935,1.0483384,1.0485012841582502,1.5697023,1.507863,1500,1493,test
587,1.0492076,1.0477805,1.0543044,1.0479494,1.0484655480813512,1.5697011,1.5026486,1500,1493,test
588,1.0491856,1.0469418,1.0543264,1.0473659,1.0484030536029374,1.5696999,1.499679,1500,1493,test
589,1.0490284,1.0474219,1.054049,1.0476404,1.0483057515078622,1.5696987,1.5060825,1500,1493,test
590,1.0491583,1.0476532,1.0533543,1.0476402,1.048221203197475,1.5696974,1.5164654,1500,1493,test
591,1.0491725,1.0466596,1.0547338,1.0472631,1.0480880183421004,1.5696962,1.4931424,1500,1493,test
592,1.048519,1.0506926,1.0533135,1.049703,1.047963707154712,1.569695,1.501585,1500,1493,test
593,1.0486373,1.0489914,1.0530143,1.0484692,1.0478533107957864,1.5696938,1.5127655,1500,1493,test
594,1.0487854,1.046555,1.0531709,1.046808,1.047744767798528,1.5696926,1.5079707,1500,1493,test
595,1.048667,1.0500244,1.0521771,1.0489388,1.0476401662682682,1.5696913,1.5031564,1500,1493,test
596,1.0486057,1.0495062,1.0528064,1.048745,1.0475693525291743,1.5696901,1.5021472,1500,1493,test
597,1.0486499,1.0485322,1.0525043,1.0480089,1.047479462004159,1.5696889,1.510711,1500,1493,test
598,1.0481147,1.0485849,1.0528631,1.0481457,1.0473902720082175,1.5696877,1.5124421,1500,1493,test
599,1.0480605,1.0481241,1.0534527,1.0479758,1.0473529502012429,1.5696864,1.5092089,1500,1493,test
600,1.0480106,1.047241,1.0539019,1.0474759,1.047305977072586,1.5696852,1.50629,1500,1493,test
601,1.0480946,1.0458832,1.0528805,1.0462439,1.047259947425148,1.569684,1.4997125,1500,1493,test
602,1.0481799,1.0477052,1.0521989,1.0473446,1.047225579869489,1.5696827,1.5072668,1500,1493,test
603,1.0480983,1.0479963,1.0518665,1.0474639,1.0471723550642802,1.5696815,1.5098209,1500,1493,test
604,1.0480677,1.0487341,1.0517689,1.0479336,1.047087462221792,1.5696802,1.5031464,1500,1493,test
605,1.047591,1.0451164,1.052752,1.045684,1.0470194937637243,1.569679,1.5025524,1500,1493,test
606,1.0475657,1.0470095,1.0522256,1.046885,1.046967113527535,1.5696777,1.5139658,1500,1493,test
607,1.0474901,1.0472629,1.0513873,1.0468357,1.046919197166074,1.5696765,1.513607,1500,1493,test
608,1.0474404,1.0460712,1.0519549,1.046151,1.0468629422891043,1.5696752,1.5098519,1500,1493,test
609,1.0475186,1.0453811,1.0521948,1.0457335,1.0467911443315032,1.569674,1.5086682,1500,1493,test
610,1.0476217,1.0450532,1.0519966,1.0454643,1.0467297882317355,1.5696727,1.513429,1500,1493,test
611,1.0475684,1.0459208,1.0518308,1.0460109,1.046690354004504,1.5696715,1.5087712,1500,1493,test
612,1.0475336,1.0461216,1.050992,1.0459063,1.046661648948152,1.5696702,1.5008436,1500,1493,test
613,1.0475938,1.0448165,1.0516202,1.0452063,1.0466450221670804,1.5696689,1.5163579,1500,1493,test
614,1.0470226,1.0485418,1.0498905,1.0472931,1.0465654331024667,1.5696677,1.5015017,1500,1493,test
615,1.0470021,1.0491841,1.0508152,1.0479828,1.0465262715048205,1.5696664,1.4999374,1500,1493,test
616,1.0469737,1.049229,1.0506567,1.0479987,1.0464443087283295,1.5696651,1.5110638,1500,1493,test
617,1.046941,1.0481262,1.0506339,1.0471909,1.0463798472439847,1.5696639,1.4962409,1500,1493,test
618,1.0470381,1.0477738,1.0502412,1.0468514,1.0463914154647598,1.5696626,1.5004597,1500,1493,test
619,1.0470681,1.0473768,1.0500214,1.0465108,1.04636679093896,1.5696613,1.4979812,1500,1493,test
620,1.0469737,1.0479494,1.0500768,1.0469099,1.04628883175471,1.56966,1.4925208,1500,1493,test
621,1.0464749,1.0469891,1.0497541,1.0461993,1.0463150334861857,1.5696586,1.5099876,1500,1493,test
622,1.0465411,1.0455818,1.0508512,1.0455201,1.0463495992361656,1.5696573,1.5116179,1500,1493,test
623,1.0464216,1.0469449,1.0499848,1.0462418,1.0463646686874266,1.5696561,1.5146894,1500,1493,test
624,1.0463978,1.0467591,1.0496302,1.0459702,1.0463425102108175,1.5696548,1.4951103,1500,1493,test
625,1.0464752,1.0469222,1.0501008,1.0462117,1.046322335383915,1.5696535,1.4960171,1500,1493,test
626,1.0464847,1.0455557,1.05032,1.0453243,1.0463145040877455,1.5696522,1.4970791,1500,1493,test
627,1.0464969,1.0458515,1.050081,1.0454646,1.046221922630854,1.5696509,1.496649,1500,1493,test
628,1.0464647,1.0466611,1.0495441,1.0458982,1.0461604601124466,1.5696496,1.502924,1500,1493,test
629,1.0459453,1.0481515,1.0482745,1.0465772,1.046096223618794,1.5696483,1.4965085,1500,1493,test
630,1.0458841,1.047802,1.0488715,1.0464921,1.046057998846476,1.569647,1.4955072,1500,1493,test
631,1.0459623,1.0480146,1.0484427,1.0465264,1.0459540048788392,1.5696455,1.4961358,1500,1493,test
632,1.045851,1.048022,1.0484436,1.046531,1.0459065956233111,1.5696442,1.4958419,1500,1493,test
633,1.0458963,1.0480769,1.0484755,1.0465717,1.045811799280555,1.5696429,1.493433,1500,1493,test
634,1.0458553,1.0477272,1.0488098,1.0464122,1.0457107082558252,1.5696416,1.4908272,1500,1493,test
635,1.0458752,1.0470853,1.0483904,1.0458372,1.0456104515638147,1.5696403,1.4837656,1500,1493,test
636,1.045821,1.046973,1.0481422,1.0457206,1.0454903847012822,1.569639,1.4952552,1500,1493,test
637,1.0458405,1.0470767,1.0467646,1.0453897,1.04541084325666,1.5696375,1.4812815,1500,1493,test
638,1.045289,1.0452538,1.048083,1.0444752,1.0453107884878887,1.5696362,1.4804584,1500,1493,test
639,1.0453607,1.0468229,1.0491415,1.0458881,1.0451644813842225,1.5696349,1.4968991,1500,1493,test
640,1.0452244,1.0451901,1.04875,1.044656,1.0450928049769483,1.5696335,1.4995364,1500,1493,test
641,1.0451906,1.0474236,1.0480402,1.046032,1.045056465474069,1.5696322,1.5058514,1500,1493,test
642,1.0451584,1.0459771,1.048187,1.0449975,1.0450209389375555,1.5696309,1.477266,1500,1493,test
643,1.0451436,1.0456061,1.0486021,1.0449066,1.044934167457218,1.5696294,1.5001066,1500,1493,test
644,1.0452898,1.0462526,1.0477352,1.0451087,1.0448603398824152,1.5696281,1.4940984,1500,1493,test
645,1.0453588,1.0464494,1.0477058,1.0452391,1.0448515576066875,1.5696267,1.4947529,1500,1493,test
646,1.0447978,1.0444767,1.0472567,1.0437524,1.0447798266346142,1.5696254,1.496037,1500,1493,test
647,1.0447911,1.0435331,1.0477786,1.0432174,1.04474590619007,1.569624,1.4879726,1500,1493,test
648,1.0448562,1.0432348,1.047364,1.0429573,1.0446247331023766,1.5696226,1.5118258,1500,1493,test
649,1.0447791,1.0452194,1.0471187,1.0442519,1.044517399273815,1.5696212,1.5046386,1500,1493,test
650,1.0447071,1.0448036,1.0474229,1.0440449,1.0444025321655577,1.5696199,1.5047116,1500,1493,test
651,1.0447544,1.0433168,1.0475194,1.042999,1.044270661407032,1.5696185,1.4884583,1500,1493,test
652,1.044182,1.0456939,1.0465622,1.0444102,1.0441611245490012,1.569617,1.4955823,1500,1493,test
653,1.044271,1.04579,1.0461997,1.0443645,1.0440415201776856,1.5696157,1.4892142,1500,1493,test
654,1.044198,1.0462768,1.0458913,1.044651,1.0439219066852354,1.5696143,1.5020864,1500,1493,test
655,1.0441383,1.0457547,1.046298,1.0443952,1.0438494462086894,1.5696129,1.5011265,1500,1493,test
656,1.0442616,1.0453694,1.0470715,1.0443525,1.0437933298930437,1.5696115,1.5084014,1500,1493,test
657,1.0442389,1.0444522,1.0461267,1.0434296,1.043749861405173,1.5696101,1.4948093,1500,1493,test
658,1.0441068,1.0468221,1.0456469,1.0449781,1.0436935326032688,1.5696087,1.5078617,1500,1493,test
659,1.0440997,1.0460355,1.0461807,1.0445518,1.0436366498719862,1.5696073,1.4982568,1500,1493,test
660,1.0440361,1.0450547,1.046588,1.0439556,1.0436356562434275,1.5696058,1.4882588,1500,1493,test
661,1.0441986,1.0455918,1.0456705,1.0441102,1.0435585348210976,1.5696044,1.4995244,1500,1493,test
662,1.0436764,1.043941,1.0457664,1.042979,1.0435022471075026,1.569603,1.49509,1500,1493,test
663,1.043553,1.0447261,1.0447546,1.043246,1.0434362481692132,1.5696015,1.4921994,1500,1493,test
664,1.0436927,1.0451516,1.0456371,1.0438126,1.0433786484594922,1.5696001,1.5065272,1500,1493,test
665,1.0436733,1.0441816,1.0459458,1.043215,1.0432985140034008,1.5695987,1.5037006,1500,1493,test
666,1.0435642,1.0436724,1.0456218,1.0427502,1.0431713109167526,1.5695972,1.4936442,1500,1493,test
667,1.0435985,1.0439643,1.045231,1.0428548,1.0430917489860299,1.5695958,1.4963548,1500,1493,test
668,1.042994,1.0457522,1.0447962,1.0439813,1.0430158417411906,1.5695944,1.4970645,1500,1493,test
669,1.0430837,1.0452536,1.043849,1.0433643,1.0429388721082609,1.569593,1.4899508,1500,1493,test
670,1.0431421,1.0408564,1.0448837,1.0406122,1.0428753113022253,1.5695915,1.4997318,1500,1493,test
671,1.0431672,1.0393274,1.0443221,1.0394118,1.0428417531352228,1.5695901,1.5045654,1500,1493,test
672,1.0431895,1.041287,1.0443329,1.0407706,1.042751534254755,1.5695885,1.5026537,1500,1493,test
673,1.0431368,1.0396181,1.045573,1.0399321,1.0426741653926173,1.5695871,1.4977181,1500,1493,test
674,1.0425519,1.0446054,1.0440998,1.0429449,1.0425800950387278,1.5695857,1.4749635,1500,1493,test
675,1.0424854,1.0448511,1.0433695,1.04296,1.0425186677924885,1.5695843,1.4914682,1500,1493,test
676,1.0425789,1.0458515,1.0442994,1.043925,1.0424577115996685,1.5695827,1.500275,1500,1493,test
677,1.0424322,1.0432879,1.045012,1.0423206,1.0423784168010082,1.5695813,1.4939306,1500,1493,test
678,1.0425856,1.044539,1.0430963,1.0426683,1.0423181118647729,1.5695798,1.4907129,1500,1493,test
679,1.0426152,1.044927,1.0437233,1.0431249,1.0422669978354242,1.5695783,1.4986393,1500,1493,test
680,1.0425136,1.0440395,1.0431254,1.0423262,1.0422161620114876,1.5695769,1.4893923,1500,1493,test
681,1.0420184,1.0430112,1.043581,1.0417645,1.0421709843126015,1.5695753,1.5018189,1500,1493,test
682,1.0420784,1.042486,1.0435632,1.0413868,1.0421074604420317,1.5695739,1.4984734,1500,1493,test
683,1.0419054,1.0432689,1.0434203,1.0418998,1.0420697861590906,1.5695723,1.5015943,1500,1493,test
684,1.0418744,1.0436027,1.0433711,1.0421464,1.0420523729569093,1.5695708,1.5131323,1500,1493,test
685,1.0418147,1.0406075,1.0438061,1.0401304,1.0419820730228413,1.5695693,1.4913731,1500,1493,test
686,1.0419097,1.0400808,1.0427359,1.0394938,1.0419250449177349,1.5695678,1.497883,1500,1493,test
687,1.0420074,1.0426242,1.0431814,1.0414242,1.0418902462088964,1.5695664,1.51638,1500,1493,test
688,1.0419555,1.0430298,1.042383,1.0414424,1.0418211999664355,1.5695648,1.4960287,1500,1493,test
689,1.0419501,1.0410898,1.0421028,1.0400364,1.0417351683564782,1.5695633,1.50265,1500,1493,test
690,1.0415007,1.0442897,1.0417027,1.0421584,1.0416765369405656,1.5695617,1.5056282,1500,1493,test
691,1.041417,1.0449681,1.0423265,1.0427811,1.0416510328813964,1.5695603,1.4993303,1500,1493,test
692,1.041367,1.0453123,1.0418704,1.0429056,1.0416032729320064,1.5695587,1.5025241,1500,1493,test
693,1.0413512,1.0446247,1.0407951,1.0421002,1.0415648629342285,1.5695572,1.4861001,1500,1493,test
694,1.0413469,1.0443201,1.0420246,1.0422459,1.0415425386759989,1.5695556,1.4975145,1500,1493,test
695,1.0413752,1.0443401,1.0419679,1.0422392,1.0415154729613656,1.5695541,1.4952846,1500,1493,test
696,1.0414467,1.0435206,1.0417573,1.0415891,1.041415564592478,1.5695525,1.4851844,1500,1493,test
697,1.0413654,1.044539,1.0411037,1.0421432,1.0413697673530669,1.569551,1.494238,1500,1493,test
698,1.040798,1.0430825,1.0408341,1.0410572,1.0412387624246071,1.5695494,1.4932023,1500,1493,test
699,1.0408096,1.0428973,1.0415068,1.041082,1.0411269833119068,1.5695479,1.4821625,1500,1493,test
700,1.0407848,1.0429738,1.0413946,1.0411111,1.0410325515580274,1.5695463,1.4846596,1500,1493,test
701,1.0407753,1.0425706,1.041367,1.0408344,1.04094623989575,1.5695448,1.4890468,1500,1493,test
702,1.040732,1.0413921,1.0419252,1.0401657,1.0409039536559979,1.5695432,1.489024,1500,1493,test
703,1.0406593,1.0423315,1.0416862,1.0407376,1.0408386757490844,1.5695416,1.4823576,1500,1493,test
704,1.0407661,1.0420127,1.041015,1.0403658,1.0407677655792364,1.56954,1.4943836,1500,1493,test
705,1.0407857,1.0426282,1.0404296,1.0406765,1.0407217608731612,1.5695385,1.5108846,1500,1493,test
706,1.0401564,1.0429742,1.0383925,1.0402884,1.0406830773736468,1.5695369,1.4768717,1500,1493,test
707,1.040229,1.0433679,1.039735,1.0409563,1.0406252904835511,1.5695353,1.4912498,1500,1493,test
708,1.0403423,1.0402606,1.0406525,1.0390582,1.0405544166578344,1.5695337,1.4969171,1500,1493,test
709,1.0403166,1.0414287,1.0403639,1.0398028,1.040495559481685,1.5695322,1.5013251,1500,1493,test
710,1.0401567,1.0437889,1.0404036,1.0414317,1.0404298591755052,1.5695305,1.4928868,1500,1493,test
711,1.0397016,1.0428988,1.0399737,1.0406573,1.040303915523701,1.5695289,1.4759912,1500,1493,test
712,1.0397861,1.0423964,1.0395035,1.0401912,1.040265702154152,1.5695273,1.4795365,1500,1493,test
713,1.0398326,1.042568,1.0392156,1.0402465,1.0401812923348845,1.5695257,1.4850206,1500,1493,test
714,1.0397197,1.044035,1.0388539,1.0411451,1.040137474073906,1.569524,1.475537,1500,1493,test
715,1.0398207,1.0433526,1.0399193,1.0410125,1.039996771140727,1.5695225,1.498455,1500,1493,test
716,1.0392703,1.0413222,1.0389814,1.0393662,1.0399426390526219,1.5695208,1.5045192,1500,1493,test
717,1.0392371,1.0412946,1.0396082,1.0395069,1.0398784301518869,1.5695192,1.5011957,1500,1493,test
718,1.0391436,1.0411408,1.0386654,1.0391111,1.0398276910341204,1.5695176,1.4862201,1500,1493,test
719,1.0391358,1.0416996,1.039144,1.0396748,1.0397637755595897,1.569516,1.5056498,1500,1493,test
720,1.0391378,1.0411758,1.0391428,1.0393018,1.0397077767251324,1.5695143,1.5019999,1500,1493,test
721,1.0391345,1.0404041,1.0388637,1.0387073,1.0396712349182913,1.5695126,1.5086421,1500,1493,test
722,1.0392256,1.040822,1.0381979,1.0388246,1.0396338061715464,1.5695109,1.5108612,1500,1493,test
723,1.0391679,1.0414588,1.0380621,1.0392542,1.039615432685061,1.5695093,1.5206475,1500,1493,test
724,1.0385461,1.0430912,1.0383785,1.0404524,1.0395622138985052,1.5695077,1.5124662,1500,1493,test
725,1.0386328,1.0428628,1.0383492,1.0402577,1.0395387096845923,1.569506,1.5008525,1500,1493,test
726,1.0385566,1.0428747,1.0381174,1.0402138,1.0395018411477936,1.5695044,1.5049322,1500,1493,test
727,1.0385534,1.0429924,1.0371089,1.039995,1.0394643433282993,1.5695027,1.4924536,1500,1493,test
728,1.0385345,1.0418477,1.0377321,1.0393606,1.0394111955424061,1.569501,1.4897647,1500,1493,test
729,1.038562,1.0425656,1.0380399,1.0399898,1.0393759510428293,1.5694993,1.5096341,1500,1493,test
730,1.0386119,1.042469,1.0377924,1.0398396,1.0393490665979246,1.5694976,1.5027049,1500,1493,test
731,1.038023,1.0409894,1.0382123,1.0389165,1.0392898513510804,1.5694959,1.4992976,1500,1493,test
732,1.0380839,1.0412029,1.0376732,1.0389293,1.0392315306018831,1.5694942,1.5030221,1500,1493,test
733,1.0381364,1.0409542,1.0380728,1.0388454,1.0391638248638195,1.5694926,1.4954944,1500,1493,test
734,1.0381761,1.0410297,1.0377705,1.0388243,1.0390295592727787,1.5694908,1.4985517,1500,1493,test
735,1.0380287,1.0417652,1.0376184,1.03932,1.0389306222939463,1.5694891,1.5091493,1500,1493,test
736,1.0380869,1.0417461,1.037519,1.039252,1.038866720568622,1.5694875,1.497572,1500,1493,test
737,1.0375205,1.0400009,1.037605,1.038091,1.0387994297260847,1.5694857,1.5089524,1500,1493,test
738,1.0374774,1.0374496,1.0367551,1.0360497,1.0387250028781452,1.569484,1.4916837,1500,1493,test
739,1.0376086,1.0391307,1.0367758,1.0372717,1.0386286957131055,1.5694823,1.5119097,1500,1493,test
740,1.0375859,1.0385253,1.0356891,1.0365219,1.0385662915414864,1.5694805,1.4961009,1500,1493,test
741,1.0375993,1.0399947,1.0366387,1.0378246,1.0385158163668955,1.5694788,1.5076839,1500,1493,test
742,1.0370469,1.0418184,1.036125,1.0389092,1.0384131790182007,1.5694771,1.489525,1500,1493,test
743,1.0370611,1.0419406,1.0358018,1.0389066,1.0383756231480026,1.5694753,1.4891951,1500,1493,test
744,1.0370107,1.0418781,1.0356134,1.0388333,1.0382917229539157,1.5694736,1.4975922,1500,1493,test
745,1.036955,1.0420024,1.0357419,1.0389626,1.0382100564495962,1.5694718,1.5011446,1500,1493,test
746,1.0369055,1.041218,1.0364745,1.0385609,1.038132175713046,1.56947,1.4791824,1500,1493,test
747,1.0370172,1.0411894,1.0347297,1.0380827,1.038019876263637,1.5694683,1.4829403,1500,1493,test
748,1.0370842,1.0411003,1.0350425,1.0381063,1.037909928741228,1.5694666,1.4836385,1500,1493,test
749,1.0369508,1.0412889,1.0352678,1.0383173,1.0378019033076158,1.5694648,1.4917696,1500,1493,test
750,1.0364805,1.0399723,1.0347729,1.0372899,1.0377037247978542,1.569463,1.4996635,1500,1493,test
751,1.0365247,1.040021,1.0362008,1.0376997,1.037599154540828,1.5694612,1.4970195,1500,1493,test
752,1.036403,1.0400141,1.0351849,1.0373836,1.0375111041548049,1.5694594,1.4809077,1500,1493,test
753,1.0363754,1.0394669,1.0353206,1.037055,1.0374336863414972,1.5694577,1.4871137,1500,1493,test
754,1.0364256,1.0390615,1.03545,1.0367868,1.037341464729304,1.5694559,1.4782742,1500,1493,test
755,1.0364362,1.0377303,1.035289,1.0358279,1.0372614146666606,1.5694541,1.4817979,1500,1493,test
756,1.0364479,1.0393015,1.0353668,1.036977,1.0371944741615646,1.5694523,1.4971689,1500,1493,test
757,1.035928,1.0389235,1.0342041,1.0363767,1.0371348190859324,1.5694504,1.4863359,1500,1493,test
758,1.0359199,1.0407002,1.0328882,1.037266,1.0370700456360966,1.5694486,1.4896446,1500,1493,test
759,1.0359265,1.041044,1.0331483,1.0375485,1.0370039816050904,1.5694468,1.4790154,1500,1493,test
760,1.0359466,1.0400856,1.0331802,1.0368842,1.0369230027959924,1.569445,1.4759729,1500,1493,test
761,1.0358945,1.0404925,1.0336463,1.0373491,1.0368538472673237,1.5694431,1.4995949,1500,1493,test
762,1.0353032,1.0395814,1.0341619,1.0368209,1.0368085258903135,1.5694413,1.4857384,1500,1493,test
763,1.0352815,1.0392759,1.0340775,1.0365586,1.0367450491942096,1.5694395,1.4744288,1500,1493,test
764,1.0353678,1.0402944,1.0342755,1.0373573,1.0366656884792844,1.5694376,1.4902567,1500,1493,test
765,1.0354515,1.0408809,1.0326338,1.0372977,1.036539281140093,1.5694358,1.4791183,1500,1493,test
766,1.0352962,1.0404894,1.0326252,1.037023,1.0364723485869636,1.5694339,1.4788607,1500,1493,test
767,1.0353463,1.0404041,1.0335832,1.0372579,1.0363658064691221,1.569432,1.4943416,1500,1493,test
768,1.0348619,1.0368543,1.0343479,1.0349777,1.036287880472518,1.5694302,1.4860146,1500,1493,test
769,1.0347867,1.0381941,1.033886,1.0358024,1.036235712193356,1.5694283,1.49348,1500,1493,test
770,1.0347935,1.0386076,1.0338386,1.0360919,1.036178833798528,1.5694264,1.4996765,1500,1493,test
771,1.0347242,1.0377891,1.033433,1.035399,1.0361355503336058,1.5694246,1.4931021,1500,1493,test
772,1.034779,1.0380812,1.0335355,1.0356728,1.0361353868255188,1.5694227,1.5110414,1500,1493,test
773,1.0347852,1.0378133,1.033201,1.0353886,1.036057682055586,1.5694208,1.5075125,1500,1493,test
774,1.0348238,1.0380292,1.0330813,1.0354936,1.0360133693146147,1.5694189,1.5022179,1500,1493,test
775,1.0342718,1.0399225,1.0315653,1.0363842,1.035959308200171,1.569417,1.4948516,1500,1493,test
776,1.0342169,1.0400195,1.032469,1.0366771,1.03587800017697,1.5694151,1.4880531,1500,1493,test
777,1.0343258,1.0397849,1.0317209,1.0363451,1.0358629213102568,1.5694132,1.5009148,1500,1493,test
778,1.034153,1.0393045,1.0315168,1.0359726,1.0358449818094173,1.5694113,1.5073792,1500,1493,test
779,1.0342069,1.0393041,1.031405,1.0359554,1.0357712758875475,1.5694094,1.5127144,1500,1493,test
780,1.0341101,1.0396261,1.0321436,1.0363507,1.0356771217207434,1.5694075,1.5019574,1500,1493,test
781,1.0342261,1.0393564,1.03159,1.0360155,1.0355716563315331,1.5694056,1.5021871,1500,1493,test
782,1.0337172,1.0378795,1.0313091,1.0348856,1.0354924445060378,1.5694035,1.4902,1500,1493,test
783,1.0336128,1.03794,1.0313345,1.0349495,1.0353235288282723,1.5694016,1.496362,1500,1493,test
784,1.0337166,1.0379367,1.030896,1.0348024,1.0351862613281217,1.5693997,1.4851626,1500,1493,test
785,1.0337182,1.0380614,1.0320797,1.0352275,1.0350657863933628,1.5693977,1.4939485,1500,1493,test
786,1.0336994,1.038393,1.0318395,1.0353959,1.0349307820444067,1.5693958,1.4949453,1500,1493,test
787,1.0336167,1.037379,1.0316086,1.0346048,1.0348351351841822,1.5693938,1.4846325,1500,1493,test
788,1.0330582,1.0367479,1.0306494,1.0339131,1.034761949869037,1.5693918,1.48612,1500,1493,test
789,1.033102,1.0387006,1.030045,1.0351009,1.0346572596088746,1.5693898,1.4835217,1500,1493,test
790,1.0330974,1.0388186,1.0296702,1.0350786,1.034603499100356,1.5693879,1.4819628,1500,1493,test
791,1.0331795,1.0382223,1.0291533,1.0345341,1.0345071654170617,1.5693859,1.4852226,1500,1493,test
792,1.0331185,1.038717,1.0291785,1.0348587,1.0344143691004724,1.5693839,1.4746827,1500,1493,test
793,1.0330534,1.0386562,1.0298293,1.035037,1.0343356034518374,1.569382,1.4936465,1500,1493,test
794,1.0325574,1.0374131,1.0303333,1.0343065,1.0341837528016387,1.5693799,1.4927354,1500,1493,test
795,1.0325742,1.0378454,1.0299854,1.034514,1.0340653652350675,1.5693779,1.4929236,1500,1493,test
796,1.0324595,1.0376623,1.0298884,1.0343466,1.0339565567339422,1.5693759,1.4870808,1500,1493,test
797,1.0324264,1.0347784,1.0304031,1.0324556,1.0338312569267885,1.5693738,1.4762938,1500,1493,test
798,1.0324633,1.0378665,1.0301799,1.0345562,1.0337035107248964,1.5693718,1.4827996,1500,1493,test
799,1.0324916,1.0363616,1.0300853,1.0334845,1.0335684451255487,1.5693698,1.4822896,1500,1493,test
800,1.0325046,1.037384,1.0295277,1.0340724,1.033441623924992,1.5693678,1.493489,1500,1493,test
801,1.0324601,1.0373137,1.0295005,1.0340196,1.0333496104221007,1.5693657,1.4948597,1500,1493,test
802,1.0319147,1.0344751,1.029392,1.0320001,1.0332670403935054,1.5693637,1.4869448,1500,1493,test
803,1.0319147,1.0336249,1.0293211,1.0313903,1.0331809466097026,1.5693616,1.4868234,1500,1493,test
804,1.0319006,1.0354853,1.0289277,1.0326018,1.0331355587655953,1.5693595,1.4970677,1500,1493,test
805,1.0318639,1.0357094,1.0290358,1.0327902,1.033061373992249,1.5693575,1.4986068,1500,1493,test
806,1.0319057,1.0343086,1.0291038,1.0318117,1.033042285784658,1.5693554,1.488794,1500,1493,test
807,1.031908,1.0337865,1.0295577,1.0316023,1.0330737484991988,1.5693533,1.501761,1500,1493,test
808,1.0314958,1.0375906,1.0283129,1.0338666,1.033053493050969,1.5693512,1.4837394,1500,1493,test
809,1.0313909,1.0374243,1.0282302,1.0337701,1.032966850862312,1.5693492,1.5006332,1500,1493,test
810,1.0314004,1.0373356,1.0281327,1.0336945,1.0328774066761668,1.569347,1.5055815,1500,1493,test
811,1.0314888,1.0374293,1.0280089,1.0337203,1.0328054717422346,1.569345,1.5031079,1500,1493,test
812,1.0309126,1.036427,1.0279202,1.0329856,1.0327107140495446,1.5693429,1.4969358,1500,1493,test
813,1.0307611,1.0341976,1.0287151,1.0316553,1.032598611611787,1.5693407,1.4990345,1500,1493,test
814,1.0309005,1.035533,1.0277952,1.0323156,1.0324687179712846,1.5693386,1.490548,1500,1493,test
815,1.0307897,1.0338669,1.0283449,1.0312946,1.0323796907678882,1.5693364,1.4859041,1500,1493,test
816,1.0308155,1.0360975,1.0277877,1.0327427,1.0323024516591581,1.5693344,1.5058066,1500,1493,test
817,1.0308976,1.036063,1.0271425,1.0325378,1.0322158896544027,1.5693322,1.5025033,1500,1493,test
818,1.0308769,1.0335987,1.0272803,1.030821,1.0321523994062043,1.5693301,1.4850574,1500,1493,test
819,1.0302513,1.0367179,1.0263277,1.0327406,1.0321252150250135,1.569328,1.4886454,1500,1493,test
820,1.0304265,1.03141,1.0275935,1.0293925,1.032110009574878,1.5693257,1.4881551,1500,1493,test
821,1.0303135,1.0316527,1.0274496,1.0295308,1.0320569572287812,1.5693235,1.4915898,1500,1493,test
822,1.0302356,1.0365431,1.024785,1.0321589,1.0320323386568302,1.5693214,1.4692948,1500,1493,test
823,1.0301934,1.036349,1.0264405,1.0324945,1.031923317869258,1.5693192,1.4803239,1500,1493,test
824,1.0302494,1.036552,1.0259461,1.0324934,1.031904090581912,1.569317,1.4763701,1500,1493,test
825,1.0302917,1.0363688,1.025802,1.0323442,1.031825034239633,1.5693148,1.4832222,1500,1493,test
826,1.0302612,1.0361376,1.0257151,1.032171,1.0317761854216996,1.5693127,1.4876173,1500,1493,test
827,1.0297834,1.0362844,1.026113,1.0324141,1.0317313944340878,1.5693104,1.5017753,1500,1493,test
828,1.0298456,1.0362074,1.026849,1.032536,1.0316308104450864,1.5693083,1.4928592,1500,1493,test
829,1.0292038,1.0340754,1.0264063,1.030935,1.031504179554388,1.569306,1.4921335,1500,1493,test
830,1.0296196,1.0358422,1.0258374,1.0319906,1.0314011597444686,1.5693038,1.4843214,1500,1493,test
831,1.0292261,1.0334842,1.026905,1.0306575,1.0313059667295543,1.5693016,1.4918871,1500,1493,test
832,1.0291598,1.0304247,1.026537,1.0284512,1.0311721718598132,1.5692993,1.4988855,1500,1493,test
833,1.0292523,1.0310562,1.0256596,1.0286305,1.0310518054147153,1.5692971,1.4889948,1500,1493,test
834,1.029292,1.034192,1.0250852,1.0306602,1.030980376989981,1.5692948,1.4913088,1500,1493,test
835,1.0292307,1.0336752,1.0259978,1.0305364,1.0309271881562811,1.5692925,1.4874729,1500,1493,test
836,1.0292156,1.0337362,1.0249771,1.030324,1.0308725842722135,1.5692903,1.4951379,1500,1493,test
837,1.0287048,1.0353606,1.0247905,1.031401,1.0309206221705005,1.569288,1.4947311,1500,1493,test
838,1.0287074,1.0354159,1.0247207,1.031409,1.0309079844197162,1.5692858,1.4899144,1500,1493,test
839,1.0286449,1.0359232,1.0234413,1.0314121,1.0308694269689926,1.5692835,1.4872735,1500,1493,test
840,1.0286586,1.0357974,1.0236313,1.0313721,1.030795314589591,1.5692812,1.48579,1500,1493,test
841,1.028529,1.0354381,1.0240562,1.0312318,1.0306940802728595,1.5692788,1.4839087,1500,1493,test
842,1.0285913,1.0353868,1.0240471,1.031246,1.0306009728575296,1.5692766,1.5053713,1500,1493,test
843,1.0286665,1.0352213,1.0236428,1.0310146,1.0304957291243158,1.5692743,1.5020163,1500,1493,test
844,1.0280689,1.033854,1.0240222,1.0301613,1.0303725268298447,1.5692719,1.4998085,1500,1493,test
845,1.0280519,1.0320294,1.0245342,1.0290104,1.0302713767877545,1.5692697,1.4912515,1500,1493,test
846,1.0281105,1.034303,1.0241227,1.0305085,1.0301606818183204,1.5692673,1.5033144,1500,1493,test
847,1.0280797,1.0328584,1.0241524,1.0294662,1.030051804171541,1.5692649,1.483984,1500,1493,test
848,1.0279738,1.0340358,1.0243112,1.0303416,1.0299392200120387,1.5692626,1.4902332,1500,1493,test
849,1.027956,1.0329841,1.0232619,1.0293324,1.0298467341758535,1.5692602,1.4911898,1500,1493,test
850,1.0274104,1.0344914,1.0232351,1.0303612,1.0297829473881681,1.5692579,1.4867262,1500,1493,test
851,1.0275265,1.0342395,1.0226835,1.0300466,1.0297186688773519,1.5692555,1.49005,1500,1493,test
852,1.0276188,1.0285832,1.0234768,1.0263524,1.029647499530108,1.5692531,1.4989667,1500,1493,test
853,1.02758,1.0303187,1.0235283,1.0275778,1.0295981339018725,1.5692507,1.5014933,1500,1493,test
854,1.0275656,1.0341005,1.0224285,1.0298805,1.0295878876327074,1.5692483,1.4895661,1500,1493,test
855,1.0270633,1.034592,1.0221019,1.0301131,1.0295846036461587,1.5692459,1.4808517,1500,1493,test
856,1.0270177,1.0342667,1.0224314,1.0300275,1.0295921277534166,1.5692436,1.5022311,1500,1493,test
857,1.0269309,1.0345609,1.0227275,1.0303109,1.0295616628364792,1.5692412,1.5021042,1500,1493,test
858,1.0269651,1.0335977,1.0220313,1.0294387,1.0293678153440964,1.5692387,1.4952604,1500,1493,test
859,1.0269876,1.0341148,1.02277,1.0300276,1.029154428234355,1.5692363,1.5083137,1500,1493,test
860,1.027055,1.0340006,1.0213552,1.0295475,1.0290029118934578,1.5692338,1.4993857,1500,1493,test
861,1.0270019,1.0338156,1.02243,1.0297415,1.0288574341380186,1.5692314,1.513596,1500,1493,test
862,1.0264528,1.0286758,1.0226402,1.0262117,1.0287034877491412,1.5692289,1.5068442,1500,1493,test
863,1.0265563,1.030087,1.0226806,1.0271919,1.0285829187759687,1.5692265,1.5023856,1500,1493,test
864,1.0264776,1.028647,1.0225906,1.026245,1.0285272226508602,1.569224,1.5341957,1500,1493,test
865,1.0263908,1.0307586,1.0222071,1.0276343,1.028449691536209,1.5692215,1.5446272,1500,1493,test
866,1.0263686,1.0299382,1.022546,1.0271453,1.0284196221816644,1.569219,1.5405103,1500,1493,test
867,1.0263606,1.0315552,1.0218139,1.0280454,1.0283902272753649,1.5692165,1.5295514,1500,1493,test
868,1.0264521,1.0270244,1.0221348,1.0249736,1.028325531738597,1.5692141,1.5250413,1500,1493,test
869,1.0258709,1.0334098,1.0202448,1.0288913,1.0282776960686673,1.5692115,1.520607,1500,1493,test
870,1.0258571,1.0333043,1.019249,1.028553,1.0281670244015997,1.569209,1.5213974,1500,1493,test
871,1.0258522,1.0333277,1.0194883,1.0286336,1.0279920540292313,1.5692065,1.5214258,1500,1493,test
872,1.0258989,1.0328168,1.0209076,1.0286982,1.0278601644073997,1.569204,1.5375748,1500,1493,test
873,1.0257549,1.0333624,1.0202003,1.0288528,1.027707225301782,1.5692015,1.5232428,1500,1493,test
874,1.025798,1.0332425,1.0200063,1.0287406,1.0275864928853264,1.5691988,1.5327445,1500,1493,test
875,1.0251708,1.031579,1.02141,1.027976,1.0274336103615265,1.5691963,1.538715,1500,1493,test
876,1.0252496,1.0318606,1.0207486,1.0279996,1.027322429193485,1.5691937,1.5408509,1500,1493,test
877,1.0253422,1.0324291,1.020191,1.0282439,1.027213486030064,1.5691912,1.5404012,1500,1493,test
878,1.0253357,1.0321153,1.0199943,1.0279663,1.0271082535349092,1.5691886,1.5375026,1500,1493,test
879,1.0252292,1.0305238,1.0202862,1.0269215,1.0270072700088821,1.569186,1.5303004,1500,1493,test
880,1.0247827,1.0274433,1.0204607,1.0248351,1.0269116923564159,1.5691835,1.5328748,1500,1493,test
881,1.0247875,1.0282062,1.0195851,1.0250893,1.0268807152680486,1.5691808,1.5160052,1500,1493,test
882,1.024736,1.0274743,1.0196159,1.0246114,1.0268957926334736,1.5691782,1.5251735,1500,1493,test
883,1.0247563,1.0218425,1.02009,1.0208124,1.0268931009644544,1.5691756,1.5193604,1500,1493,test
884,1.0241746,1.0323088,1.01953,1.0279086,1.0268113638455945,1.569173,1.5096745,1500,1493,test
885,1.0242019,1.0322208,1.0190754,1.0277226,1.0268000773539379,1.5691704,1.5084383,1500,1493,test
886,1.0242776,1.0320541,1.01843,1.0274371,1.0268383389213132,1.5691676,1.5098089,1500,1493,test
887,1.0242552,1.0319887,1.0189043,1.0275259,1.0267594005948537,1.569165,1.5126977,1500,1493,test
888,1.0241907,1.0322144,1.0186869,1.0276098,1.0265741956315049,1.5691624,1.5067155,1500,1493,test
889,1.0237099,1.0288839,1.0193396,1.0254945,1.026411434592002,1.5691596,1.516128,1500,1493,test
890,1.0236285,1.0298886,1.0194284,1.0262216,1.0262221721547526,1.569157,1.51842,1500,1493,test
891,1.0236183,1.0277469,1.0186893,1.0244973,1.026072080765704,1.5691543,1.5024843,1500,1493,test
892,1.0236645,1.0268903,1.0192055,1.0240833,1.025909069081305,1.5691516,1.5200233,1500,1493,test
893,1.0236447,1.0284209,1.0192215,1.0251484,1.0258476686665388,1.5691489,1.5190734,1500,1493,test
894,1.023638,1.0272189,1.0189376,1.0242424,1.0257968487924376,1.5691462,1.5211124,1500,1493,test
895,1.0237247,1.0290129,1.0186079,1.0253825,1.0257524659202542,1.5691434,1.5139263,1500,1493,test
896,1.0231291,1.0311353,1.0168595,1.0263183,1.0256645883146616,1.5691407,1.4851716,1500,1493,test
897,1.0231148,1.0312585,1.0170248,1.0264225,1.0255525754573562,1.5691379,1.4747039,1500,1493,test
898,1.023205,1.0310683,1.01674,1.0262251,1.0254524803320186,1.5691352,1.4792054,1500,1493,test
899,1.0230975,1.0309005,1.0166833,1.0261208,1.0254533690297254,1.5691324,1.4904529,1500,1493,test
900,1.0230279,1.0311278,1.0170393,1.0263423,1.0253444333835449,1.5691297,1.4773886,1500,1493,test
901,1.0225867,1.0303998,1.0180705,1.0261258,1.025240462912686,1.5691268,1.4826653,1500,1493,test
902,1.0225867,1.0306349,1.01704,1.0259683,1.025152926582803,1.5691241,1.464344,1500,1493,test
903,1.0226611,1.0306389,1.0172096,1.0260475,1.0250779561281904,1.5691212,1.477035,1500,1493,test
904,1.0226655,1.0307062,1.0167546,1.0259976,1.0249978994717601,1.5691185,1.487449,1500,1493,test
905,1.0225568,1.0306665,1.0172215,1.0260736,1.0248954339557406,1.5691156,1.4786044,1500,1493,test
906,1.0220981,1.0283768,1.0164492,1.0242591,1.0247635234184824,1.5691128,1.4714916,1500,1493,test
907,1.0221176,1.0255829,1.0169345,1.0224605,1.0245946602722968,1.56911,1.476404,1500,1493,test
908,1.0219566,1.0265374,1.0170397,1.0231626,1.0244904205767522,1.5691072,1.4809453,1500,1493,test
909,1.0220156,1.0216739,1.0171443,1.019778,1.0243660737040716,1.5691043,1.4668477,1500,1493,test
910,1.0219945,1.0270323,1.0163676,1.0233241,1.0243571677961953,1.5691015,1.480073,1500,1493,test
911,1.021949,1.0233738,1.0168478,1.0209125,1.0244022412230673,1.5690986,1.4804242,1500,1493,test
912,1.0215585,1.0299926,1.0151926,1.0250278,1.0243378916440842,1.5690956,1.4646237,1500,1493,test
913,1.0214666,1.0300758,1.0155098,1.0251757,1.024270854789239,1.5690928,1.4667192,1500,1493,test
914,1.0214384,1.0301447,1.0155538,1.025255,1.0243139254114817,1.5690899,1.4748052,1500,1493,test
915,1.0215343,1.0300901,1.0150856,1.025073,1.0241351060714385,1.5690869,1.4671669,1500,1493,test
916,1.0214647,1.0298548,1.0155044,1.0250336,1.0239883703500414,1.569084,1.4719851,1500,1493,test
917,1.0213722,1.0296772,1.0157516,1.024979,1.0237883957745118,1.5690811,1.4730351,1500,1493,test
918,1.0208199,1.0255809,1.016047,1.0222156,1.023579448799707,1.5690781,1.4741597,1500,1493,test
919,1.0209007,1.0248401,1.0159247,1.0216614,1.0234035197496294,1.5690751,1.4712988,1500,1493,test
920,1.020892,1.0250276,1.0158191,1.0217879,1.0232011012203042,1.5690722,1.481365,1500,1493,test
921,1.0209571,1.026686,1.0154268,1.0228176,1.0230383154716522,1.5690693,1.4743733,1500,1493,test
922,1.0203993,1.0287278,1.0140157,1.023829,1.022962649013431,1.5690662,1.4626008,1500,1493,test
923,1.0203795,1.028847,1.0133882,1.0237451,1.0229714816984141,1.5690632,1.4632145,1500,1493,test
924,1.0204352,1.0234761,1.0149469,1.0204649,1.0228573686903717,1.5690602,1.4766588,1500,1493,test
925,1.0203551,1.0294545,1.0134888,1.0241678,1.0227679387610624,1.5690572,1.4524329,1500,1493,test
926,1.0203657,1.0284147,1.0138202,1.0235848,1.0227211060865407,1.5690541,1.4731698,1500,1493,test
927,1.0204408,1.0281343,1.0134755,1.0232756,1.0226059866430883,1.5690511,1.4640704,1500,1493,test
928,1.0204306,1.0281973,1.0134628,1.0233583,1.022496433900026,1.569048,1.4814962,1500,1493,test
929,1.0198499,1.0282775,1.0140599,1.0235811,1.0224045475394896,1.5690451,1.4843758,1500,1493,test
930,1.019858,1.0282032,1.0140384,1.0235462,1.0223209482132436,1.569042,1.4935709,1500,1493,test
931,1.0195972,1.0265706,1.013774,1.0223025,1.0222459886996724,1.5690389,1.4776278,1500,1493,test
932,1.0199265,1.0282712,1.0136915,1.0234882,1.0221172538753147,1.5690358,1.4885341,1500,1493,test
933,1.0192729,1.0239702,1.0130839,1.0202955,1.021927528598528,1.5690327,1.471159,1500,1493,test
934,1.0197506,1.0284989,1.0134343,1.0235445,1.0217607930231876,1.5690296,1.4750184,1500,1493,test
935,1.0192264,1.0234351,1.0139344,1.0201905,1.0216665660817168,1.5690265,1.4871054,1500,1493,test
936,1.0191573,1.0199764,1.0138569,1.0177844,1.0215372419829085,1.5690233,1.4942096,1500,1493,test
937,1.0192494,1.0247898,1.0131688,1.020914,1.021376949479442,1.5690202,1.4820077,1500,1493,test
938,1.0192738,1.0252995,1.0127541,1.0211642,1.0212875254310771,1.5690169,1.4850056,1500,1493,test
939,1.0192299,1.0194633,1.0134906,1.0173016,1.021266693841967,1.5690138,1.4826534,1500,1493,test
940,1.0186656,1.0273356,1.0123699,1.0224948,1.0212393786705076,1.5690106,1.4929004,1500,1493,test
941,1.0187254,1.0271344,1.0121815,1.0223053,1.021218964501572,1.5690074,1.4932251,1500,1493,test
942,1.0185943,1.02759,1.0117514,1.0224856,1.0212332246073788,1.5690042,1.4846137,1500,1493,test
943,1.0185767,1.0270505,1.012336,1.0222809,1.0212617558950425,1.569001,1.4901546,1500,1493,test
944,1.0185784,1.0269117,1.012068,1.0221809,1.0212029513125767,1.5689977,1.5181415,1500,1493,test
945,1.0185968,1.0269578,1.0119958,1.0221509,1.0210059577064292,1.5689945,1.5006145,1500,1493,test
946,1.0186977,1.0267917,1.0115542,1.0219431,1.0208120480158995,1.5689913,1.5112423,1500,1493,test
947,1.0180836,1.0237304,1.0120201,1.0199354,1.0206544599370004,1.568988,1.5087776,1500,1493,test
948,1.0180703,1.019037,1.0124583,1.0168359,1.0205647322423324,1.5689847,1.5265839,1500,1493,test
949,1.0179051,1.0248582,1.011468,1.0205894,1.0205218075258444,1.5689814,1.5163479,1500,1493,test
950,1.0175116,1.0233991,1.0120692,1.0197328,1.0203758974642578,1.5689782,1.5146588,1500,1493,test
951,1.0175434,1.0218885,1.0112748,1.0184462,1.0202370053355512,1.5689749,1.5046494,1500,1493,test
952,1.0174744,1.0250473,1.0110295,1.0206256,1.0201490208090895,1.5689715,1.5255835,1500,1493,test
953,1.0174538,1.0251,1.0108306,1.0205766,1.0200804226579014,1.5689682,1.51229,1500,1493,test
954,1.0176152,1.0249875,1.0102957,1.0203624,1.020065265996927,1.5689648,1.5152735,1500,1493,test
955,1.0175338,1.0195134,1.0111349,1.0168217,1.020017423500997,1.5689615,1.5305309,1500,1493,test
956,1.0175123,1.02523,1.0102673,1.0205393,1.0200289409938974,1.568958,1.5218978,1500,1493,test
957,1.0169865,1.025655,1.0104452,1.0208609,1.0198754568316217,1.5689547,1.5131665,1500,1493,test
958,1.016951,1.0261102,1.0104231,1.0211779,1.019860655171262,1.5689514,1.5159153,1500,1493,test
959,1.0169166,1.0260332,1.0102408,1.0210748,1.0196268892322569,1.5689479,1.515625,1500,1493,test
960,1.016904,1.0254095,1.0102838,1.0206826,1.0195100379207602,1.5689445,1.5277493,1500,1493,test
961,1.0168543,1.0247161,1.0107251,1.0203309,1.01929975814511,1.568941,1.5324987,1500,1493,test
962,1.0169721,1.0222613,1.0104495,1.0185484,1.0190177164103693,1.5689375,1.5311309,1500,1493,test
963,1.01696,1.0243888,1.0103426,1.0199955,1.0188410553392713,1.5689341,1.5302435,1500,1493,test
964,1.016335,1.0215213,1.0100622,1.0179493,1.0186730585361816,1.5689306,1.5388247,1500,1493,test
965,1.0163901,1.0221131,1.0098428,1.018288,1.018514391479419,1.5689272,1.5332503,1500,1493,test
966,1.0164313,1.021641,1.0098956,1.0179563,1.0185086044947131,1.5689237,1.525845,1500,1493,test
967,1.016321,1.0198531,1.0098805,1.0167043,1.0184229890763588,1.5689201,1.5234592,1500,1493,test
968,1.0163364,1.0187541,1.0100906,1.0159907,1.0183400280945403,1.5689167,1.5208062,1500,1493,test
969,1.0162278,1.0184706,1.0097756,1.0157053,1.0182766765858766,1.5689131,1.5191574,1500,1493,test
970,1.0157521,1.0240033,1.0093114,1.0194116,1.0180977985308908,1.5689095,1.5139257,1500,1493,test
971,1.0158771,1.023973,1.0090818,1.019345,1.0179260463692148,1.568906,1.5204856,1500,1493,test
972,1.0158371,1.0237464,1.0089741,1.0191636,1.0177724859085655,1.5689024,1.5225152,1500,1493,test
973,1.0153582,1.0220239,1.0090817,1.0179908,1.0175696345978655,1.5688988,1.5204039,1500,1493,test
974,1.0153269,1.0196066,1.009043,1.0162904,1.017363142847317,1.5688952,1.5159671,1500,1493,test
975,1.0153869,1.0192747,1.0088564,1.0160005,1.0172097307495664,1.5688915,1.5121667,1500,1493,test
976,1.0153325,1.0240765,1.0088264,1.019342,1.0169909250134168,1.568888,1.5178185,1500,1493,test
977,1.0152286,1.0212686,1.0088621,1.017389,1.0167509647033197,1.5688843,1.5129104,1500,1493,test
978,1.0152817,1.0200516,1.0085938,1.0164554,1.016628599493029,1.5688807,1.5062212,1500,1493,test
979,1.0147992,1.0171824,1.0086236,1.0145087,1.0164931313810812,1.568877,1.5220852,1500,1493,test
980,1.0147841,1.0189185,1.0084046,1.0156369,1.0163633566420507,1.5688733,1.5141733,1500,1493,test
981,1.0147257,1.0157914,1.0081679,1.0133564,1.0162293625654293,1.5688696,1.4959275,1500,1493,test
982,1.0147516,1.0219495,1.007987,1.0176126,1.0161135898213722,1.5688658,1.5067923,1500,1493,test
983,1.014807,1.0168443,1.0081341,1.0141171,1.0160987372549275,1.5688621,1.5116243,1500,1493,test
984,1.0141821,1.0230455,1.0077593,1.0182995,1.0159978537589658,1.5688584,1.501263,1500,1493,test
985,1.0140862,1.0225062,1.0078527,1.0179424,1.0159154216328556,1.5688546,1.4981968,1500,1493,test
986,1.0141319,1.022866,1.0076165,1.0181218,1.015860528067703,1.5688508,1.4952357,1500,1493,test
987,1.0141338,1.0226774,1.0075548,1.0179706,1.0158031834446388,1.5688471,1.4937392,1500,1493,test
988,1.0141922,1.0218328,1.0074133,1.017349,1.0157148931063464,1.5688432,1.495012,1500,1493,test
989,1.0141385,1.02196,1.0073394,1.0174288,1.0156787707231971,1.5688394,1.4995954,1500,1493,test
990,1.0136147,1.0148838,1.0074565,1.0125822,1.0155957969858311,1.5688355,1.5152191,1500,1493,test
991,1.0136619,1.0134313,1.0073253,1.0115176,1.0156168028431594,1.5688317,1.5069096,1500,1493,test
992,1.0136516,1.016499,1.0072268,1.013628,1.0156678976473805,1.5688279,1.5091082,1500,1493,test
993,1.0135983,1.0165262,1.0070431,1.0135822,1.0156287813286888,1.5688239,1.5028126,1500,1493,test
994,1.0135586,1.0150807,1.0069487,1.0125363,1.015553154635699,1.56882,1.4961247,1500,1493,test
995,1.012984,1.0208154,1.0068142,1.0165026,1.0154803428631554,1.5688162,1.5035815,1500,1493,test
996,1.0130947,1.0213343,1.0067339,1.0168362,1.0153839802827669,1.5688123,1.5013776,1500,1493,test
997,1.0131705,1.0211133,1.0066493,1.016649,1.0153000869227808,1.5688083,1.4968717,1500,1493,test
998,1.0130632,1.0212984,1.0065646,1.0167644,1.0152449292362422,1.5688043,1.5007515,1500,1493,test
999,1.0123304,1.0165963,1.0064796,1.0134542,1.0151548343497445,1.5688003,1.4922519,1500,1493,test
1000,1.0125746,1.0187948,1.0063796,1.0149924,1.0150250994758512,1.5687963,1.5077031,1500,1493,test
1001,1.0125725,1.021102,1.0062957,1.0165637,1.014885237110057,1.5687923,1.5039876,1500,1493,test
1002,1.0125706,1.0205569,1.0062345,1.0161327,1.0148788643989084,1.5687883,1.4892507,1500,1493,test
1003,1.0124848,1.0180174,1.006091,1.0143577,1.0148515605627133,1.5687842,1.5006192,1500,1493,test
1004,1.0125742,1.0188307,1.0060127,1.0149187,1.0148095507462687,1.5687802,1.5075772,1500,1493,test
1005,1.012524,1.0186098,1.00594,1.0147321,1.0146893246608004,1.5687761,1.5019956,1500,1493,test
1006,1.0119907,1.0116253,1.0058167,1.0098321,1.0146274745832695,1.5687721,1.4961548,1500,1493,test
1007,1.0120237,1.010345,1.0056989,1.0089054,1.0145118402142257,1.5687679,1.493869,1500,1493,test
1008,1.012056,1.0150695,1.0056064,1.0121024,1.0144807325921048,1.5687639,1.4689164,1500,1493,test
1009,1.0114639,1.0202116,1.0056257,1.0156701,1.0143765779434466,1.5687597,1.464813,1500,1493,test
1010,1.0113409,1.0204283,1.0055544,1.0156933,1.0143745444461174,1.5687555,1.4204208,1500,1493,test
1011,1.0114027,1.0193567,1.0054481,1.0150521,1.0142622247563218,1.5687513,1.4744704,1500,1493,test
1012,1.011347,1.0199121,1.0053656,1.0154098,1.014184045420064,1.5687472,1.471998,1500,1493,test
1013,1.0114235,1.0195842,1.0052682,1.0151393,1.0141286553227988,1.568743,1.4652413,1500,1493,test
1014,1.0114399,1.0197401,1.0052168,1.0152624,1.014064843734159,1.5687387,1.4768623,1500,1493,test
1015,1.0114228,1.0197227,1.0051155,1.0152328,1.0140392533914306,1.5687345,1.4808731,1500,1493,test
1016,1.0109075,1.0151894,1.0047909,1.0120157,1.0139052051388329,1.5687302,1.4888122,1500,1493,test
1017,1.0108709,1.0126393,1.004945,1.010186,1.0137104270017838,1.568726,1.4480851,1500,1493,test
1018,1.0108408,1.0143507,1.0048697,1.0113502,1.0135244198511009,1.5687217,1.4461799,1500,1493,test
1019,1.0108039,1.0141828,1.0047644,1.0111799,1.013383537141381,1.5687174,1.4358195,1500,1493,test
1020,1.010787,1.0124036,1.0043049,1.0099037,1.013185697464926,1.568713,1.4698534,1500,1493,test
1021,1.0103297,1.0185708,1.0044613,1.0141851,1.0131026182026728,1.5687087,1.4512852,1500,1493,test
1022,1.0103549,1.0187578,1.0043979,1.0142999,1.0130375590733869,1.5687042,1.4520255,1500,1493,test
1023,1.0103213,1.0179753,1.0042982,1.0137175,1.012941609557817,1.5686998,1.4471214,1500,1493,test
1024,1.0103437,1.0186366,1.0042272,1.0142,1.012782003510199,1.5686955,1.4643518,1500,1493,test
1025,1.0098302,1.0183029,1.0042225,1.0140995,1.0125317165769252,1.568691,1.5187871,1500,1493,test
1026,1.0097904,1.0187562,1.0040559,1.0142355,1.0123274703941403,1.5686866,1.4636867,1500,1493,test
1027,1.0097551,1.0174391,1.0041087,1.0133803,1.0121700407605312,1.5686822,1.4824136,1500,1493,test
1028,1.0096862,1.0160751,1.0039487,1.0124698,1.012031038465365,1.5686777,1.5152316,1500,1493,test
1029,1.0097373,1.0154698,1.0038437,1.0119867,1.0119281485762632,1.5686731,1.5011493,1500,1493,test
1030,1.0098032,1.0160443,1.003763,1.0123861,1.011797399641713,1.5686687,1.5101411,1500,1493,test
1031,1.009184,1.0141097,1.0038273,1.0110817,1.0117103366711846,1.5686642,1.5193305,1500,1493,test
1032,1.0091611,1.0125139,1.0036428,1.0098407,1.0116696566206074,1.5686595,1.4854405,1500,1493,test
1033,1.0092618,1.0135837,1.0034611,1.0106276,1.0114845672429356,1.568655,1.523296,1500,1493,test
1034,1.0090611,1.0114503,1.0034618,1.0090506,1.011204288727777,1.5686504,1.4843423,1500,1493,test
1035,1.0091839,1.0118043,1.0031683,1.0091833,1.0110369976974687,1.5686458,1.4701513,1500,1493,test
1036,1.0085757,1.0172894,1.0028176,1.0127796,1.0109168435280171,1.5686412,1.4206486,1500,1493,test
1037,1.0086215,1.016389,1.0031071,1.012353,1.0107772510538473,1.5686365,1.470433,1500,1493,test
1038,1.0087298,1.0158883,1.0028183,1.0119455,1.0106574080695414,1.5686319,1.4777323,1500,1493,test
1039,1.0086266,1.0160885,1.0028555,1.0120676,1.0106129480133323,1.5686271,1.4666467,1500,1493,test
1040,1.0081705,1.0149645,1.0029624,1.0112286,1.0105442946196055,1.5686225,1.4311216,1500,1493,test
1041,1.0080744,1.0127008,1.0026329,1.0097897,1.0105205214591233,1.5686177,1.522285,1500,1493,test
1042,1.008217,1.0130618,1.0026019,1.009822,1.0103700334573202,1.5686129,1.4360594,1500,1493,test
1043,1.0080647,1.0144322,1.0027535,1.0108991,1.0102750071393798,1.5686082,1.4706209,1500,1493,test
1044,1.0080467,1.0113416,1.0024698,1.008702,1.0101439013006035,1.5686034,1.4814148,1500,1493,test
1045,1.0075635,1.011203,1.0025437,1.0086755,1.0100045405432199,1.5685985,1.5018799,1500,1493,test
1046,1.0075706,1.0104997,1.0022439,1.0081017,1.0097750921735649,1.5685937,1.4999523,1500,1493,test
1047,1.007627,1.0096457,1.0023437,1.0075463,1.0096524102347035,1.5685889,1.5045961,1500,1493,test
1048,1.007593,1.0106617,1.0022576,1.0082244,1.0094920273866401,1.568584,1.5025951,1500,1493,test
1049,1.0070974,1.0145686,1.0014353,1.0106788,1.0093266387663749,1.5685791,1.4862729,1500,1493,test
1050,1.0070298,1.0143797,1.0015708,1.0105883,1.009190612461499,1.5685741,1.4880915,1500,1493,test
1051,1.0069948,1.0144359,1.001322,1.0105517,1.0090373363059189,1.5685692,1.4844735,1500,1493,test
1052,1.0069745,1.0148494,1.0014999,1.0108896,1.0090018638589773,1.5685642,1.4856528,1500,1493,test
1053,1.0069742,1.0140052,1.0015416,1.0103192,1.00894957149134,1.5685592,1.4876975,1500,1493,test
1054,1.0065064,1.009614,1.0015897,1.0072817,1.0088337849386728,1.5685542,1.4879909,1500,1493,test
1055,1.0064403,1.0114713,1.0012679,1.0085049,1.008713245891355,1.5685492,1.4957795,1500,1493,test
1056,1.0064926,1.0085701,1.001536,1.0065739,1.0086564475292192,1.568544,1.5011299,1500,1493,test
1057,1.0064759,1.0062118,1.0012782,1.0048745,1.0084694915078012,1.568539,1.5045801,1500,1493,test
1058,1.0060003,1.0134873,0.999916,1.0095431,1.0082507133969716,1.5685339,1.4956445,1500,1493,test
1059,1.0058968,1.0139651,1.0000219,1.009921,1.0080642280806522,1.5685288,1.5028359,1500,1493,test
1060,1.0058709,1.0139704,0.99984425,1.009875,1.0078252126990588,1.5685236,1.5020177,1500,1493,test
1061,1.0058693,1.0121279,1.0005516,1.0088012,1.0076090819152486,1.5685184,1.5089321,1500,1493,test
1062,1.005906,1.0130033,0.9999777,1.009249,1.0075020951947389,1.5685133,1.506136,1500,1493,test
1063,1.0059661,1.0133443,0.9998286,1.0094485,1.0074052873609436,1.568508,1.5072691,1500,1493,test
1064,1.0052905,1.0096183,1.0002953,1.0069666,1.0072991449772393,1.5685028,1.4998571,1500,1493,test
1065,1.0054072,1.0114077,1.0001731,1.0081744,1.007238469954605,1.5684975,1.4986587,1500,1493,test
1066,1.0053332,1.0098231,0.9998402,1.0069523,1.0072871742033618,1.5684922,1.4856195,1500,1493,test
1067,1.0053953,1.0114516,0.9998299,1.0080924,1.0072313510196034,1.5684868,1.4902465,1500,1493,test
1068,1.0046984,1.0050968,0.99988544,1.0036645,1.0071533945436122,1.5684816,1.4791754,1500,1493,test
1069,1.0048025,1.0071902,0.99947095,1.0050149,1.0070752178913118,1.5684762,1.4819674,1500,1493,test
1070,1.0047805,1.0062381,0.9992552,1.0042961,1.0068850171922499,1.5684707,1.4822216,1500,1493,test
1071,1.0048524,1.0071676,0.9999467,1.0051693,1.0066975563249316,1.5684654,1.4994287,1500,1493,test
1072,1.0048373,1.0077715,0.99924666,1.0053679,1.0064569255871256,1.5684599,1.4857538,1500,1493,test
1073,1.0042882,1.010427,0.9982924,1.0069664,1.0062145831001548,1.5684544,1.4894509,1500,1493,test
1074,1.0043384,1.0103922,0.9982495,1.006923,1.0059955686417676,1.5684489,1.4863362,1500,1493,test
1075,1.0043,1.0102608,0.9981227,1.0068071,1.0058538252160818,1.5684434,1.4901392,1500,1493,test
1076,1.004275,1.0117843,0.99810064,1.0078741,1.005723472213846,1.5684378,1.4960414,1500,1493,test
1077,1.0035855,1.0063739,0.9992617,1.0044214,1.0057142273847979,1.5684322,1.4942005,1500,1493,test
1078,1.0037365,1.0061998,0.99883443,1.0041807,1.0056614437152538,1.5684266,1.4920669,1500,1493,test
1079,1.0037274,1.008271,0.99818075,1.0054655,1.0055439430399837,1.568421,1.5006531,1500,1493,test
1080,1.0037664,1.0076871,0.99880344,1.005206,1.0053322930203923,1.5684154,1.4921554,1500,1493,test
1081,1.0036317,1.0049952,0.99887705,1.0033455,1.0051197717704186,1.5684097,1.4881687,1500,1493,test
1082,1.0032281,1.0101712,0.99710613,1.0064511,1.004942807498543,1.568404,1.4814903,1500,1493,test
1083,1.0031806,1.0101182,0.99699724,1.0063722,1.0046160156646875,1.5683982,1.476165,1500,1493,test
1084,1.0031797,1.009702,0.9969754,1.0060972,1.004451475272156,1.5683925,1.4844108,1500,1493,test
1085,1.0030762,1.0100434,0.9968696,1.0062796,1.0043211091444508,1.5683867,1.4735603,1500,1493,test
1086,1.0031322,1.0089306,0.996603,1.0054324,1.0042121399110013,1.5683808,1.4725715,1500,1493,test
1087,1.0031515,1.0090055,0.9964769,1.0054384,1.0041112164499963,1.568375,1.4675419,1500,1493,test
1088,1.0026555,1.0083961,0.9967142,1.0051081,1.0040088309450677,1.5683692,1.4796736,1500,1493,test
1089,1.0025995,1.0087364,0.9969907,1.0054312,1.003982375617423,1.5683632,1.4847827,1500,1493,test
1090,1.0026628,1.0075288,0.9963674,1.0043783,1.0039710979377334,1.5683573,1.4656326,1500,1493,test
1091,1.0021039,1.000629,0.9965512,0.9996202,1.0039562103866877,1.5683514,1.4605745,1500,1493,test
1092,1.0019954,1.0025733,0.9968255,1.0010476,1.0038821247942065,1.5683453,1.4616742,1500,1493,test
1093,1.0020291,1.0026845,0.9972132,1.0012438,1.003733097305337,1.5683393,1.4678129,1500,1493,test
1094,1.0019858,1.004358,0.9957574,1.0020112,1.0034612488356542,1.5683333,1.4655827,1500,1493,test
1095,1.0020611,1.0058212,0.9972301,1.0034673,1.0032324122948724,1.5683272,1.4838202,1500,1493,test
1096,1.0021137,1.0054007,0.9970489,1.00314,1.0029750862918794,1.5683211,1.4893533,1500,1493,test
1097,1.0014638,1.0076165,0.9953975,1.0042161,1.0027587204025845,1.5683149,1.4807451,1500,1493,test
1098,1.0015564,1.0067298,0.99517834,1.0035247,1.0026259786890923,1.5683087,1.4739817,1500,1493,test
1099,1.0010548,1.0059133,0.99582744,1.003158,1.002489812459312,1.5683025,1.484942,1500,1493,test
1100,1.0009457,1.0056398,0.9960488,1.0030383,1.0023703822468581,1.5682963,1.4894477,1500,1493,test
1101,1.001223,1.0059288,0.9947792,1.0028664,1.0023472219683107,1.5682901,1.4761945,1500,1493,test
1102,1.000902,0.99990714,0.99470854,0.99864984,1.0022380915678113,1.5682838,1.470908,1500,1493,test
1103,1.0009621,1.0022843,0.9945076,1.0002491,1.0020551984057593,1.5682775,1.4713993,1500,1493,test
1104,1.0009859,1.0045158,0.995164,1.0020487,1.0018671319185821,1.568271,1.5012422,1500,1493,test
1105,1.000434,0.9957638,0.99440145,0.9957204,1.0017835500272583,1.5682647,1.4842514,1500,1493,test
1106,1.0004253,1.0072503,0.99411255,1.0036458,1.0015733207796707,1.5682583,1.4924908,1500,1493,test
1107,1.0004789,1.0022837,0.9948114,1.0003989,1.0013662430245631,1.5682518,1.4995166,1500,1493,test
1108,1.0003744,1.0069113,0.9938328,1.0033231,1.0012206481443564,1.5682453,1.4875228,1500,1493,test
1109,0.9997966,1.0058268,0.9938348,1.002559,1.0011253484677884,1.5682387,1.4829817,1500,1493,test
1110,0.9997813,1.005314,0.99409086,1.002288,1.0010298089145557,1.5682322,1.4898765,1500,1493,test
1111,0.9998134,1.0051821,0.99368274,1.0020691,1.000934037902402,1.5682256,1.4825587,1500,1493,test
1112,0.9998418,1.0038991,0.99347174,1.0011096,1.0008201627094535,1.5682191,1.4778972,1500,1493,test
1113,0.99985296,1.0051388,0.99346614,1.001983,1.0008125884751065,1.5682124,1.4834489,1500,1493,test
1114,0.9992862,1.0024004,0.9931376,0.9999973,1.0007423692609212,1.5682057,1.4856364,1500,1493,test
1115,0.99933785,0.99767685,0.99326587,0.99672246,1.0007480542538973,1.5681989,1.4748076,1500,1493,test
1116,0.99922514,0.99881303,0.99317384,0.9974816,1.0007456980052942,1.5681921,1.4724021,1500,1493,test
1117,0.9992142,0.9993737,0.99321306,0.99788815,1.0005216635772727,1.5681853,1.4750278,1500,1493,test
1118,0.99865377,1.0049697,0.9927039,1.0016605,1.000255303950265,1.5681785,1.4831312,1500,1493,test
1119,0.9987483,1.0049406,0.9924905,1.0015748,0.9999806548412732,1.5681716,1.4797075,1500,1493,test
1120,0.9987031,1.0046399,0.99234676,1.0013337,0.9997549627658096,1.5681647,1.4823914,1500,1493,test
1121,0.99869424,1.0049148,0.99228436,1.0015309,0.9995915632981736,1.5681578,1.4917775,1500,1493,test
1122,0.99870986,1.0042074,0.992138,1.0009685,0.9994652343081263,1.5681509,1.4788415,1500,1493,test
1123,0.9981479,1.000097,0.9920894,0.9980866,0.9993082047731763,1.5681438,1.4737711,1500,1493,test
1124,0.99816793,1.002393,0.9920057,0.99965614,0.9991732302069662,1.5681368,1.4722965,1500,1493,test
1125,0.998052,1.0017757,0.9919366,0.9992201,0.9990250735164541,1.5681297,1.4769659,1500,1493,test
1126,0.9981159,0.99685204,0.99160945,0.9956715,0.9989332019325339,1.5681225,1.461051,1500,1493,test
1127,0.9981332,1.0024607,0.9919922,0.99970406,0.9988534857606676,1.5681154,1.4741246,1500,1493,test
1128,0.9981989,1.0015258,0.99164087,0.9989537,0.9986251990774253,1.5681082,1.4715073,1500,1493,test
1129,0.99750936,1.0012257,0.9913691,0.99867207,0.9983650517937633,1.5681009,1.471412,1500,1493,test
1130,0.99759626,0.99745977,0.9913598,0.9960636,0.9981872739682368,1.5680937,1.4760615,1500,1493,test
1131,0.99759287,1.0034182,0.99083614,1.0000459,0.9979945122324649,1.5680863,1.4685328,1500,1493,test
1132,0.9975175,1.0004977,0.99091774,0.9980583,0.9978672086270235,1.568079,1.4768221,1500,1493,test
1133,0.99690604,1.0021038,0.9907966,0.9991344,0.9976910387957277,1.5680715,1.4736997,1500,1493,test
1134,0.9969438,1.0002418,0.9904674,0.9977244,0.9975952257245579,1.5680641,1.4623721,1500,1493,test
1135,0.99693584,1.0001367,0.9905784,0.99772364,0.9974955069391863,1.5680566,1.4797515,1500,1493,test
1136,0.9971322,1.0010631,0.9902729,0.99829054,0.9973829757581405,1.5680491,1.4818019,1500,1493,test
1137,0.99696386,1.0013326,0.9903295,0.99850595,0.9973030465883355,1.5680416,1.4870857,1500,1493,test
1138,0.9964513,0.9963774,0.99024534,0.9950112,0.9971553815115975,1.5680339,1.4755332,1500,1493,test
1139,0.9964308,0.9990728,0.98982143,0.9967818,0.9970469762062125,1.5680263,1.4799857,1500,1493,test
1140,0.99639475,0.99577874,0.99001855,0.99452925,0.9968927788700216,1.5680186,1.4734268,1500,1493,test
1141,0.9963435,0.9941653,0.99006325,0.9934282,0.9966619186861386,1.5680108,1.4768822,1500,1493,test
1142,0.9963844,0.99734056,0.98944694,0.99546474,0.9964071933527794,1.568003,1.4747674,1500,1493,test
1143,0.99581915,1.0006809,0.9893485,0.9977401,0.9961679227036186,1.5679952,1.4666553,1500,1493,test
1144,0.9959935,1.0011798,0.9892309,0.99807054,0.996064104918612,1.5679873,1.472898,1500,1493,test
1145,0.9958738,0.999885,0.98902804,0.997088,0.9959819218024522,1.5679795,1.4613149,1500,1493,test
1146,0.99542844,0.9989212,0.98903626,0.9964382,0.9959046089132463,1.5679715,1.468627,1500,1493,test
1147,0.9953589,0.9966785,0.98881704,0.9947997,0.9958628595945751,1.5679635,1.4600399,1500,1493,test
1148,0.99540883,0.99984103,0.98889554,0.9970578,0.9958530574555503,1.5679554,1.4760025,1500,1493,test
1149,0.9952493,0.99839723,0.98868173,0.99596846,0.9957349894149137,1.5679474,1.4643211,1500,1493,test
1150,0.99476594,0.99885374,0.98858607,0.99627525,0.995651523535892,1.5679392,1.4705279,1500,1493,test
1151,0.99485534,0.99613374,0.98831195,0.9943202,0.9954991279491925,1.567931,1.474198,1500,1493,test
1152,0.9948757,0.9951473,0.98794943,0.9935826,0.9952463084199756,1.5679228,1.492714,1500,1493,test
1153,0.9948138,0.9954437,0.9879986,0.99383897,0.9951085151395972,1.5679145,1.5079297,1500,1493,test
1154,0.9942881,0.9985946,0.9878553,0.995973,0.9950334846213128,1.5679061,1.5007408,1500,1493,test
1155,0.994302,0.9971882,0.9876321,0.9949082,0.9949342195124911,1.5678978,1.4895123,1500,1493,test
1156,0.9941935,0.9984716,0.9875785,0.9958196,0.9947237578933289,1.5678893,1.5033319,1500,1493,test
1157,0.9941558,0.99787027,0.9874523,0.9953767,0.9946050440841793,1.5678809,1.5069716,1500,1493,test
1158,0.9941272,0.9958684,0.9872715,0.99389124,0.9944339932481239,1.5678724,1.4882904,1500,1493,test
1159,0.99370396,0.99620694,0.9870211,0.99409294,0.994280668122473,1.5678638,1.5020204,1500,1493,test
1160,0.9937063,0.99567837,0.986918,0.9937262,0.9940942192204887,1.5678551,1.5136095,1500,1493,test
1161,0.9936597,0.9963052,0.986772,0.9941238,0.9939209006308188,1.5678465,1.5140278,1500,1493,test
1162,0.9936377,0.9947158,0.9866687,0.9929768,0.9937803936211272,1.5678377,1.5080667,1500,1493,test
1163,0.993159,0.9969828,0.9865504,0.9944765,0.9937176396169968,1.567829,1.4899406,1500,1493,test
1164,0.99301744,0.99686724,0.9864077,0.99436337,0.9934861206187856,1.5678202,1.4921777,1500,1493,test
1165,0.9930177,0.9966702,0.98634875,0.99419373,0.9933395727406522,1.5678113,1.4852676,1500,1493,test
1166,0.9929487,0.99535936,0.9861265,0.99319637,0.9930967286047689,1.5678023,1.4743471,1500,1493,test
1167,0.99305946,0.99683124,0.98604774,0.9942292,0.9928299943496955,1.5677934,1.4869982,1500,1493,test
1168,0.9930167,0.9962574,0.98589027,0.9937731,0.9926464048870176,1.5677843,1.4808468,1500,1493,test
1169,0.9924841,0.995103,0.9858803,0.9929319,0.9925269424238726,1.5677751,1.4660463,1500,1493,test
1170,0.992497,0.99447817,0.9854071,0.99237883,0.9923930097461513,1.5677661,1.4693593,1500,1493,test
1171,0.991977,0.9941404,0.98560035,0.9922058,0.9922504635323459,1.5677568,1.4734316,1500,1493,test
1172,0.99191254,0.9931981,0.9852809,0.99140155,0.9920327069562114,1.5677476,1.4474031,1500,1493,test
1173,0.991921,0.99089044,0.98514444,0.98976326,0.9917726199535838,1.5677382,1.4483567,1500,1493,test
1174,0.99191594,0.9915165,0.9850569,0.9901845,0.9915900706782947,1.5677289,1.4522729,1500,1493,test
1175,0.99200815,0.9915209,0.98497754,0.99019253,0.9914190751266307,1.5677195,1.4630157,1500,1493,test
1176,0.99147236,0.9943393,0.9848435,0.99206936,0.9913114814564341,1.5677099,1.4440706,1500,1493,test
1177,0.9913821,0.9938658,0.9847071,0.99171436,0.9911216230834438,1.5677004,1.4484574,1500,1493,test
1178,0.99151176,0.99388075,0.98452747,0.9916832,0.9908942936886799,1.5676907,1.4511452,1500,1493,test
1179,0.9908844,0.98965013,0.984429,0.9887299,0.9906360537225989,1.5676811,1.4568102,1500,1493,test
1180,0.99084324,0.9898925,0.984338,0.98889685,0.990428962932477,1.5676713,1.4661644,1500,1493,test
1181,0.9907531,0.9908149,0.9842987,0.98955536,0.9902703055355311,1.5676615,1.4775615,1500,1493,test
1182,0.99088705,0.9918948,0.9840931,0.9902474,0.9901351412183954,1.5676516,1.4761723,1500,1493,test
1183,0.9908734,0.9919729,0.9836458,0.9901812,0.989936184863117,1.5676417,1.4759244,1500,1493,test
1184,0.9902583,0.99294263,0.9837057,0.99083436,0.989703438614599,1.5676317,1.4608238,1500,1493,test
1185,0.9902884,0.9930306,0.9835066,0.99081683,0.9894896306959844,1.5676217,1.4504645,1500,1493,test
1186,0.990283,0.9926726,0.98339343,0.99052685,0.9892856729832631,1.5676116,1.4460503,1500,1493,test
1187,0.9902947,0.99229324,0.9832419,0.9901869,0.9891051124393785,1.5676014,1.4314787,1500,1493,test
1188,0.9896103,0.9889889,0.983142,0.98785025,0.9888935312522229,1.5675912,1.4261984,1500,1493,test
1189,0.98970145,0.99189115,0.9830988,0.98988426,0.9887293770633359,1.5675809,1.4377005,1500,1493,test
1190,0.9895985,0.9900652,0.98290974,0.9885265,0.9885802095537067,1.5675706,1.4222503,1500,1493,test
1191,0.9897293,0.9911689,0.9827653,0.989238,0.9884139562441928,1.5675601,1.415292,1500,1493,test
1192,0.98968035,0.99001116,0.98254746,0.9883433,0.9882388712163519,1.5675496,1.4024224,1500,1493,test
1193,0.98911846,0.9879771,0.98224086,0.9868588,0.9881278271312983,1.567539,1.4072019,1500,1493,test
1194,0.98917526,0.9875455,0.9821888,0.98657167,0.9879940648362671,1.5675284,1.4181937,1500,1493,test
1195,0.9890972,0.98881686,0.98202604,0.9873947,0.9878791838734974,1.5675176,1.411161,1500,1493,test
1196,0.9890758,0.9879017,0.9819142,0.98674107,0.9877594510002975,1.5675069,1.4163009,1500,1493,test
1197,0.9885404,0.99073166,0.98196334,0.98872566,0.9876461039826169,1.5674961,1.4180217,1500,1493,test
1198,0.9886196,0.9907006,0.9817016,0.9886278,0.9874965300249068,1.5674851,1.4155232,1500,1493,test
1199,0.98867035,0.990477,0.9815634,0.9884474,0.9873039315042542,1.5674741,1.4204674,1500,1493,test
1200,0.9880925,0.9887106,0.981553,0.98719466,0.987115541511109,1.567463,1.4114538,1500,1493,test
1201,0.9880567,0.986036,0.98129004,0.985261,0.9869375896401278,1.5674518,1.4099085,1500,1493,test
1202,0.98813796,0.98681086,0.981168,0.9857846,0.9867924245697721,1.5674406,1.4171083,1500,1493,test
1203,0.98806846,0.9869854,0.98103297,0.9858701,0.9866566124873563,1.5674293,1.417275,1500,1493,test
1204,0.98743737,0.9884559,0.98093194,0.98684305,0.9865349917660671,1.567418,1.408204,1500,1493,test
1205,0.987476,0.98928,0.9806874,0.9873462,0.9863188621892277,1.5674065,1.4064742,1500,1493,test
1206,0.9875116,0.98557645,0.9805063,0.984704,0.9861154637386974,1.567395,1.3987154,1500,1493,test
1207,0.987575,0.9856323,0.98032427,0.98468584,0.9859258354745489,1.5673834,1.3953706,1500,1493,test
1208,0.9868829,0.98830307,0.9804045,0.98658484,0.9857437294896512,1.5673717,1.403889,1500,1493,test
1209,0.98698515,0.9882186,0.98026776,0.9864794,0.9856011366009092,1.5673599,1.3997829,1500,1493,test
1210,0.986958,0.9878428,0.98002017,0.9861655,0.985462117269094,1.5673481,1.4053946,1500,1493,test
1211,0.98693156,0.9870225,0.9799291,0.9855442,0.9853305018699409,1.5673361,1.3945066,1500,1493,test
1212,0.98630166,0.98660713,0.9796308,0.98519975,0.9852111732806451,1.5673242,1.4044365,1500,1493,test
1213,0.9863352,0.9865196,0.9794868,0.98510605,0.9850969950529788,1.567312,1.4068136,1500,1493,test
1214,0.98643225,0.9865482,0.97934854,0.98508584,0.9849078260250065,1.5672998,1.4055665,1500,1493,test
1215,0.9863162,0.98607105,0.97919935,0.9847216,0.984791719591334,1.5672876,1.4086142,1500,1493,test
1216,0.98585725,0.98710465,0.97917557,0.9854711,0.9846407438477837,1.5672752,1.4238833,1500,1493,test
1217,0.9858361,0.98666275,0.9790185,0.9851035,0.984509859844564,1.5672628,1.4164193,1500,1493,test
1218,0.98584664,0.9855218,0.97886187,0.98424333,0.9843763316978114,1.5672503,1.4062102,1500,1493,test
1219,0.985761,0.9864942,0.9788135,0.98495084,0.9842037485475622,1.5672376,1.4243717,1500,1493,test
1220,0.9852415,0.984878,0.97867763,0.98375756,0.9840152288266606,1.5672249,1.4107734,1500,1493,test
1221,0.9852847,0.9845056,0.97845024,0.9834427,0.983837962490774,1.5672121,1.4128495,1500,1493,test
1222,0.98531455,0.9840523,0.9782444,0.98305625,0.9836459206320604,1.5671992,1.4062312,1500,1493,test
1223,0.98533523,0.98464906,0.97812873,0.9834579,0.9835180685151081,1.5671862,1.4135131,1500,1493,test
1224,0.9847711,0.9841519,0.9779321,0.98308015,0.9834013386283811,1.5671731,1.4219538,1500,1493,test
1225,0.98484915,0.984193,0.97773486,0.98305494,0.9833059520634188,1.56716,1.4215719,1500,1493,test
1226,0.9847191,0.98339564,0.9776027,0.9824396,0.9831857979614711,1.5671467,1.4111356,1500,1493,test
1227,0.9842035,0.9844491,0.9776769,0.98319346,0.9829771196146168,1.5671333,1.4117734,1500,1493,test
1228,0.9842729,0.98392576,0.9774408,0.9827572,0.9827832031709912,1.5671198,1.4080617,1500,1493,test
1229,0.9842473,0.98355496,0.9772474,0.98243797,0.9826448138171633,1.5671064,1.4041551,1500,1493,test
1230,0.98427504,0.98389405,0.9770915,0.9826464,0.9824708030095071,1.5670927,1.4100782,1500,1493,test
1231,0.98366255,0.98302907,0.9771121,0.98208225,0.9823405985281293,1.5670788,1.4230094,1500,1493,test
1232,0.9837163,0.98303187,0.97697407,0.98204905,0.9821268472871881,1.567065,1.4237634,1500,1493,test
1233,0.98370177,0.9838181,0.9765753,0.98249066,0.981897011928143,1.567051,1.4245839,1500,1493,test
1234,0.9836311,0.9818729,0.9766399,0.98112035,0.9817236505693157,1.567037,1.4101459,1500,1493,test
1235,0.98308134,0.98285353,0.97639877,0.9817402,0.9815535705616824,1.5670228,1.4112642,1500,1493,test
1236,0.9830651,0.9828843,0.9762325,0.98175347,0.9814218487627907,1.5670085,1.4261693,1500,1493,test
1237,0.9831584,0.98241216,0.9760379,0.98132807,0.9812599462953279,1.5669941,1.4078163,1500,1493,test
1238,0.98309857,0.98202944,0.97592515,0.9810329,0.9810736401601643,1.5669795,1.4082963,1500,1493,test
1239,0.98256725,0.98230696,0.9758964,0.9812568,0.9809079696919738,1.566965,1.424071,1500,1493,test
1240,0.9826185,0.981739,0.97565824,0.98083884,0.9807271391768102,1.5669502,1.4407429,1500,1493,test
1241,0.9825278,0.9816603,0.97556686,0.980773,0.9805668919239467,1.5669353,1.4462045,1500,1493,test
1242,0.98254097,0.9819085,0.97544104,0.98091894,0.9804000580952454,1.5669204,1.4491365,1500,1493,test
1243,0.98189914,0.98097533,0.9751524,0.9802206,0.9802417181221609,1.5669053,1.4605038,1500,1493,test
1244,0.982046,0.9806671,0.97489846,0.9798952,0.9800791990829969,1.5668901,1.4429215,1500,1493,test
1245,0.98202634,0.9805709,0.97471786,0.9798256,0.9799563164130161,1.5668747,1.4616317,1500,1493,test
1246,0.98146284,0.9809133,0.9748056,0.9800662,0.9798027726420453,1.5668594,1.4530206,1500,1493,test
1247,0.9816162,0.9806054,0.97461504,0.97978,0.9796715129603989,1.5668437,1.4444441,1500,1493,test
1248,0.98144895,0.98032254,0.9744415,0.97959507,0.9794793866960861,1.5668281,1.4682442,1500,1493,test
1249,0.98094803,0.97992706,0.9744961,0.9793362,0.9793223592281072,1.5668123,1.468837,1500,1493,test
1250,0.9808842,0.9789772,0.9742228,0.9785949,0.9791451529774936,1.5667963,1.4657412,1500,1493,test
1251,0.98093194,0.97844434,0.97404623,0.97816366,0.9789610213014245,1.5667803,1.4602596,1500,1493,test
1252,0.9807351,0.97974795,0.9737392,0.9790091,0.9787583519233415,1.5667641,1.4690061,1500,1493,test
1253,0.9809261,0.9793898,0.97379684,0.9787842,0.9785481265936834,1.5667478,1.4725676,1500,1493,test
1254,0.98055035,0.9763503,0.9736314,0.9766202,0.9783563946240392,1.5667313,1.4699639,1500,1493,test
1255,0.98045886,0.97932774,0.97330743,0.97858584,0.9781692897307427,1.5667148,1.4627706,1500,1493,test
1256,0.9798592,0.9780272,0.97337645,0.97770536,0.9779637983780501,1.566698,1.4649123,1500,1493,test
1257,0.97980654,0.97818744,0.97320753,0.9777788,0.977749005860206,1.5666811,1.4678797,1500,1493,test
1258,0.9797994,0.9785553,0.9730429,0.9780144,0.9775583989182752,1.5666641,1.4776955,1500,1493,test
1259,0.9798444,0.9785586,0.9728646,0.97796285,0.9773916429931915,1.5666469,1.4752293,1500,1493,test
1260,0.97984844,0.9786316,0.9725693,0.97794306,0.9771679678333848,1.5666296,1.478754,1500,1493,test
1261,0.9792888,0.9763958,0.9726016,0.9763982,0.9769804518963376,1.5666122,1.4791857,1500,1493,test
1262,0.97932667,0.976942,0.9724163,0.9767324,0.9767929719105484,1.5665947,1.4808478,1500,1493,test
1263,0.9792884,0.977765,0.9720114,0.9771992,0.9766228037211445,1.566577,1.4821682,1500,1493,test
1264,0.9792915,0.97655165,0.97220623,0.97637486,0.9764135660175937,1.5665591,1.4686873,1500,1493,test
1265,0.97866356,0.9773414,0.9719655,0.976859,0.9762113241002239,1.5665411,1.4685171,1500,1493,test
1266,0.9786861,0.97588944,0.9717589,0.9757531,0.9760194487251715,1.5665228,1.4518108,1500,1493,test
1267,0.97877127,0.97735816,0.97155786,0.97678006,0.9758583079831705,1.5665045,1.4761837,1500,1493,test
1268,0.9787034,0.9768288,0.97139925,0.97634053,0.9756940279102024,1.566486,1.4643563,1500,1493,test
1269,0.97823334,0.9759202,0.9713484,0.97567695,0.9755164139167818,1.5664674,1.4569433,1500,1493,test
1270,0.9782007,0.9750616,0.97119343,0.9750185,0.9753140739215618,1.5664486,1.4487985,1500,1493,test
1271,0.9781153,0.9747855,0.9709955,0.9747813,0.9751411460623516,1.5664295,1.4520013,1500,1493,test
1272,0.97757083,0.9728074,0.9710372,0.9733915,0.9749701797047992,1.5664104,1.4415773,1500,1493,test
1273,0.9775231,0.9748427,0.9706353,0.97475195,0.974773686440688,1.5663911,1.4632533,1500,1493,test
1274,0.9773452,0.97347707,0.9705506,0.9737506,0.9745677115800958,1.5663716,1.4513702,1500,1493,test
1275,0.9776822,0.97370154,0.9701668,0.9738285,0.9743930778594168,1.5663519,1.4614848,1500,1493,test
1276,0.9770817,0.9737489,0.9702014,0.9738515,0.9742108473243163,1.5663321,1.4536291,1500,1493,test
1277,0.97683704,0.9735353,0.97008926,0.9736701,0.9740151446530594,1.5663121,1.4525034,1500,1493,test
1278,0.97692674,0.97496414,0.9698677,0.9746444,0.9738395333792136,1.5662918,1.4689119,1500,1493,test
1279,0.97655296,0.9735218,0.96989113,0.97364,0.9736602537337316,1.5662714,1.4657382,1500,1493,test
1280,0.97654265,0.9726023,0.96973264,0.9730637,0.9734155972097333,1.5662509,1.5088555,1500,1493,test
1281,0.97650325,0.97396064,0.9692889,0.973879,0.9732197078535806,1.5662302,1.5046709,1500,1493,test
1282,0.976356,0.9737635,0.96914256,0.9737096,0.9729949303122883,1.5662092,1.5075094,1500,1493,test
1283,0.9762827,0.9725948,0.96892065,0.97284126,0.9727807616889751,1.5661881,1.509089,1500,1493,test
1284,0.97573626,0.9720564,0.9689851,0.9724461,0.9726193817480492,1.5661668,1.4935234,1500,1493,test
1285,0.97583175,0.97284716,0.96882385,0.9729738,0.9724333148266615,1.5661452,1.5021532,1500,1493,test
1286,0.97543484,0.97201765,0.9686254,0.9723155,0.9722802371921215,1.5661235,1.4905875,1500,1493,test
1287,0.9751373,0.97199315,0.96871555,0.972347,0.9720921094869548,1.5661016,1.5005429,1500,1493,test
1288,0.97513014,0.9706002,0.968312,0.9712859,0.9719032085320504,1.5660794,1.50693,1500,1493,test
1289,0.97488344,0.97204626,0.96804965,0.9722629,0.9717499545744719,1.566057,1.5240558,1500,1493,test
1290,0.9749515,0.97224474,0.9679427,0.9723646,0.9715493517598571,1.5660344,1.520928,1500,1493,test
1291,0.974832,0.9714137,0.9676687,0.97170496,0.9713969621972106,1.5660117,1.5175688,1500,1493,test
1292,0.97433966,0.9697569,0.96776617,0.9705531,0.9711941674467268,1.5659887,1.5069575,1500,1493,test
1293,0.9744374,0.97010946,0.9675534,0.97075355,0.9710353968550941,1.5659654,1.5120015,1500,1493,test
1294,0.974259,0.96973467,0.96746856,0.9704709,0.9708943874309945,1.565942,1.5122939,1500,1493,test
1295,0.9739471,0.9704281,0.9673788,0.9709399,0.9707193365939086,1.5659183,1.5167439,1500,1493,test
1296,0.9742894,0.96896607,0.9670932,0.96979505,0.970539901650171,1.5658944,1.4956574,1500,1493,test
1297,0.973758,0.969127,0.96696895,0.9698801,0.9703518430866084,1.5658703,1.4983015,1500,1493,test
1298,0.97379285,0.9700525,0.96683097,0.9705134,0.9701212613565515,1.5658458,1.5092325,1500,1493,test
1299,0.9734741,0.970544,0.96652573,0.97082156,0.9699272095202374,1.5658213,1.5289527,1500,1493,test
1300,0.97327834,0.9689426,0.96649516,0.96960855,0.9697428101450725,1.5657964,1.4916626,1500,1493,test
1301,0.9730299,0.96814734,0.9663285,0.96903384,0.9695490813719004,1.5657712,1.5010562,1500,1493,test
1302,0.97286505,0.96797717,0.96618104,0.96885294,0.9693572157417193,1.5657458,1.4916797,1500,1493,test
1303,0.9723905,0.9681097,0.96603245,0.96891195,0.9691355456452249,1.5657202,1.4944087,1500,1493,test
1304,0.97260743,0.9681144,0.96573174,0.9688425,0.968985901441546,1.5656943,1.4976604,1500,1493,test
1305,0.97252774,0.9680174,0.9656122,0.96875083,0.968809174863257,1.5656682,1.5008521,1500,1493,test
1306,0.97219145,0.96828467,0.9655794,0.9689769,0.9686173170891865,1.5656418,1.5208756,1500,1493,test
1307,0.97218466,0.9687812,0.96518797,0.969212,0.9684443772993266,1.565615,1.5187594,1500,1493,test
1308,0.9720366,0.96859455,0.9650926,0.9690573,0.9682547451064479,1.565588,1.5190433,1500,1493,test
1309,0.97203535,0.96652544,0.9651493,0.96757305,0.9680765259454448,1.5655608,1.4942702,1500,1493,test
1310,0.9719634,0.96792954,0.9647226,0.9684659,0.967882030860592,1.5655332,1.5068909,1500,1493,test
1311,0.9714431,0.96662796,0.96464306,0.9674954,0.9677130025227707,1.5655054,1.4889047,1500,1493,test
1312,0.9715479,0.9661263,0.9644822,0.9670975,0.9675235699876983,1.5654773,1.4865055,1500,1493,test
1313,0.9714352,0.9665931,0.9642589,0.9673571,0.9673785361895897,1.5654488,1.4844261,1500,1493,test
1314,0.97092843,0.96557164,0.9642024,0.9666193,0.9671685432666083,1.56542,1.4793977,1500,1493,test
1315,0.9710614,0.9667638,0.9640597,0.9674574,0.9670016932518076,1.565391,1.498697,1500,1493,test
1316,0.9708542,0.9653516,0.9638983,0.9663789,0.9668748933163477,1.5653616,1.4770331,1500,1493,test
1317,0.97084266,0.9662059,0.96388656,0.96702826,0.9667340619474382,1.5653319,1.5008637,1500,1493,test
1318,0.97088146,0.96589684,0.9635676,0.966703,0.9665382026642988,1.5653019,1.49074,1500,1493,test
1319,0.97032493,0.96476996,0.9633084,0.9658171,0.9663548795533379,1.5652715,1.4773989,1500,1493,test
1320,0.970343,0.9655936,0.96320367,0.9664054,0.9661652416658252,1.5652409,1.4951885,1500,1493,test
1321,0.97037905,0.9649962,0.96300846,0.96594906,0.9659890433546097,1.5652097,1.4998745,1500,1493,test
1322,0.9698067,0.96511364,0.9629104,0.96599984,0.9658295942131917,1.5651784,1.4979956,1500,1493,test
1323,0.9698098,0.96508974,0.96277785,0.965955,0.9656569108978698,1.5651467,1.500996,1500,1493,test
1324,0.96977234,0.96528417,0.96260226,0.9660412,0.9655175368395063,1.5651146,1.5002286,1500,1493,test
1325,0.96964353,0.96344477,0.96239746,0.9646502,0.9653658293206496,1.5650821,1.4770019,1500,1493,test
1326,0.9692992,0.9637087,0.9623357,0.96484375,0.9651896740445577,1.5650493,1.4878337,1500,1493,test
1327,0.9692835,0.96357906,0.9620848,0.96468556,0.964989097267569,1.565016,1.4875264,1500,1493,test
1328,0.96922165,0.9647639,0.9618126,0.96551615,0.9647868322570955,1.5649824,1.5200281,1500,1493,test
1329,0.96877825,0.96284765,0.9617318,0.96414024,0.9646178045173593,1.5649484,1.5111924,1500,1493,test
1330,0.96874636,0.96283954,0.9615251,0.9640795,0.9644440676434645,1.564914,1.511343,1500,1493,test
1331,0.96866953,0.9626433,0.9614307,0.96394134,0.9642788636505745,1.5648792,1.5209758,1500,1493,test
1332,0.96841174,0.96293586,0.9614118,0.9641409,0.9641213925681853,1.564844,1.5214632,1500,1493,test
1333,0.9681407,0.96398544,0.96108687,0.964782,0.9639577417063595,1.5648084,1.520792,1500,1493,test
1334,0.9681905,0.96254295,0.9609546,0.9636957,0.9638131092665332,1.5647722,1.5013404,1500,1493,test
1335,0.9681733,0.96287924,0.96073574,0.9638786,0.963641778775081,1.5647358,1.5044909,1500,1493,test
1336,0.96758205,0.9626071,0.96056324,0.9636442,0.9634728304713023,1.5646988,1.5049582,1500,1493,test
1337,0.9676145,0.96291596,0.9604276,0.9638316,0.9632879508068266,1.5646614,1.5086371,1500,1493,test
1338,0.967579,0.9608743,0.9604612,0.96239567,0.9631056591441922,1.5646236,1.4984056,1500,1493,test
1339,0.96750396,0.9625743,0.96010596,0.9635157,0.9629584420426205,1.5645852,1.5118923,1500,1493,test
1340,0.9669126,0.96207833,0.9599785,0.9631364,0.9627759058374479,1.5645465,1.5117924,1500,1493,test
1341,0.96707726,0.96066856,0.95973885,0.9620152,0.9626169022086515,1.5645071,1.480625,1500,1493,test
1342,0.9670228,0.9604655,0.9596405,0.9618649,0.9624382616109883,1.5644673,1.4876779,1500,1493,test
1343,0.96643007,0.96148634,0.95950884,0.96256274,0.9622665502163027,1.564427,1.4971507,1500,1493,test
1344,0.96647084,0.9611609,0.95937234,0.96233916,0.9621051023866465,1.5643861,1.5131924,1500,1493,test
1345,0.96639925,0.96122146,0.95912266,0.96230197,0.961900911455851,1.5643448,1.5081754,1500,1493,test
1346,0.9663963,0.9613901,0.95912135,0.96243787,0.9617181267618586,1.5643029,1.5159104,1500,1493,test
1347,0.96582705,0.9590992,0.95872045,0.96068925,0.9615592313972603,1.5642605,1.4963931,1500,1493,test
1348,0.96586305,0.959678,0.9584464,0.96101284,0.9614157265448975,1.5642174,1.4941752,1500,1493,test
1349,0.965854,0.95891285,0.958326,0.96042025,0.9612794854775292,1.5641739,1.4827032,1500,1493,test
1350,0.96534956,0.9600482,0.95833445,0.9612402,0.9611224967122696,1.5641297,1.4941331,1500,1493,test
1351,0.9653864,0.95981765,0.9581003,0.96098995,0.9609348872687397,1.564085,1.4830867,1500,1493,test
1352,0.96531254,0.9601969,0.95795953,0.96127146,0.9607430898715592,1.5640397,1.5057305,1500,1493,test
1353,0.96526873,0.9601364,0.9577839,0.96118116,0.9605430656536189,1.5639937,1.5052894,1500,1493,test
1354,0.9646996,0.95855325,0.9578254,0.96007806,0.9603899282483743,1.5639471,1.4998926,1500,1493,test
1355,0.964818,0.9586504,0.95759845,0.96009195,0.9602154261442122,1.5638999,1.5028403,1500,1493,test
1356,0.9648849,0.9580911,0.9574065,0.959644,0.9600400617606922,1.563852,1.499816,1500,1493,test
1357,0.9642311,0.95817614,0.957017,0.9595732,0.9598673425008626,1.5638034,1.4894222,1500,1493,test
1358,0.9637804,0.95898753,0.9570282,0.9601493,0.9596984701066347,1.5637542,1.4929848,1500,1493,test
1359,0.9638651,0.9582506,0.9567578,0.95955807,0.9595452704181885,1.5637043,1.4904978,1500,1493,test
1360,0.9640006,0.957463,0.95665973,0.95898426,0.9593712532746107,1.5636536,1.4905752,1500,1493,test
1361,0.9636627,0.95876247,0.956442,0.9598381,0.9592100268822378,1.5636022,1.4940523,1500,1493,test
1362,0.963211,0.9584843,0.9561766,0.9595641,0.9590736388776543,1.5635501,1.490234,1500,1493,test
1363,0.96320766,0.9578064,0.9561041,0.9590893,0.9589502436379705,1.5634972,1.4967971,1500,1493,test
1364,0.9631424,0.9565733,0.9557163,0.95807374,0.9588190482038909,1.5634435,1.4748532,1500,1493,test
1365,0.9626801,0.9570243,0.9557134,0.9584023,0.958678509108218,1.5633891,1.4812235,1500,1493,test
1366,0.9626414,0.9571246,0.95555294,0.95842016,0.9585084762818009,1.5633337,1.4776121,1500,1493,test
1367,0.96257764,0.9565548,0.95541334,0.957989,0.9583302882846751,1.5632777,1.4786582,1500,1493,test
1368,0.962528,0.95720387,0.95518047,0.9584069,0.9581373732096125,1.5632207,1.4904717,1500,1493,test
1369,0.9620071,0.9564156,0.95510507,0.9578185,0.9579782183719503,1.5631629,1.482365,1500,1493,test
1370,0.9619994,0.9573537,0.9547762,0.95841527,0.9578445441749842,1.5631042,1.4956052,1500,1493,test
1371,0.9620687,0.957375,0.9546794,0.95839787,0.9576988343517383,1.5630445,1.4930617,1500,1493,test
1372,0.9615161,0.9557704,0.95441043,0.957208,0.9575489479290074,1.562984,1.4923568,1500,1493,test
1373,0.9615408,0.95507044,0.9543038,0.9566716,0.9573619107705322,1.5629225,1.4838285,1500,1493,test
1374,0.96148705,0.95457745,0.95412046,0.956298,0.9571947980006258,1.56286,1.4913423,1500,1493,test
1375,0.96087974,0.95579743,0.9540698,0.9571268,0.9570052485108959,1.5627965,1.4888638,1500,1493,test
1376,0.9609036,0.9553899,0.95387036,0.95680296,0.9568341035041189,1.562732,1.4942012,1500,1493,test
1377,0.9610186,0.95590293,0.9536175,0.9571098,0.9566613962154414,1.5626664,1.5014777,1500,1493,test
1378,0.9603579,0.95630294,0.95333755,0.95731455,0.9565287430887435,1.5625998,1.5021486,1500,1493,test
1379,0.96040934,0.9555245,0.95322555,0.9567262,0.956395406611379,1.5625321,1.4952632,1500,1493,test
1380,0.95989555,0.9547241,0.9530988,0.9561424,0.9562521912753912,1.5624632,1.4980844,1500,1493,test
1381,0.9597486,0.95465124,0.9529143,0.9560324,0.9560880801405286,1.5623932,1.4940727,1500,1493,test
1382,0.9597905,0.9542519,0.9528153,0.9557279,0.955891409413912,1.5623219,1.4939927,1500,1493,test
1383,0.9597729,0.9544288,0.95253444,0.95576304,0.9556913757629687,1.5622495,1.4888844,1500,1493,test
1384,0.95984894,0.9548694,0.9522398,0.9560137,0.9555090762455737,1.5621759,1.4983346,1500,1493,test
1385,0.95924443,0.9545623,0.95224124,0.9558002,0.9553337240667693,1.5621009,1.4982132,1500,1493,test
1386,0.9593238,0.9544263,0.9520675,0.9556546,0.9551431032595253,1.5620246,1.4964467,1500,1493,test
1387,0.95877105,0.95305866,0.9517791,0.9546271,0.9549655990774933,1.561947,1.4968865,1500,1493,test
1388,0.9586714,0.9526872,0.951631,0.95436054,0.9548137169191475,1.561868,1.5097506,1500,1493,test
1389,0.95877194,0.9507345,0.9515155,0.95296264,0.9546550703336353,1.5617876,1.5062094,1500,1493,test
1390,0.958644,0.9526303,0.95126075,0.9541986,0.9544640687973182,1.5617057,1.5003614,1500,1493,test
1391,0.95816314,0.95376486,0.95109284,0.95495665,0.9542929535246848,1.5616223,1.5060742,1500,1493,test
1392,0.9581502,0.9527222,0.95104337,0.9541626,0.954099097538954,1.5615374,1.4834049,1500,1493,test
1393,0.9581724,0.9532193,0.9507611,0.9544481,0.9538882739892207,1.5614508,1.4897361,1500,1493,test
1394,0.9575781,0.95263785,0.9506332,0.9540378,0.9537238347365194,1.5613626,1.5012755,1500,1493,test
1395,0.9575951,0.9510516,0.95074767,0.9529519,0.9535683027228731,1.5612729,1.4958808,1500,1493,test
1396,0.95748585,0.9516616,0.95055455,0.95329714,0.9534470991166403,1.5611812,1.4847938,1500,1493,test
1397,0.95754516,0.9524292,0.9500819,0.9537013,0.9532857337849211,1.5610878,1.4836149,1500,1493,test
1398,0.9570506,0.95186377,0.9498816,0.95324165,0.9531123237665404,1.5609927,1.4784521,1500,1493,test
1399,0.9570525,0.9512803,0.94966227,0.9527453,0.9529090237529818,1.5608957,1.4655597,1500,1493,test
1400,0.9570003,0.9514111,0.9495115,0.9527573,0.9526920544282559,1.5607966,1.4498618,1500,1493,test
1401,0.95656484,0.95161945,0.9494359,0.9528941,0.9525134115557095,1.5606956,1.4548247,1500,1493,test
1402,0.95649654,0.95145524,0.9492945,0.9527567,0.9523364680818033,1.5605927,1.4608301,1500,1493,test
1403,0.95636505,0.94997025,0.9492474,0.95168996,0.9521724122043305,1.5604874,1.4521961,1500,1493,test
1404,0.9558611,0.9500511,0.94886106,0.95161134,0.9520652497602173,1.56038,1.4394941,1500,1493,test
1405,0.95592237,0.94885874,0.94854176,0.95069027,0.9519371583255335,1.5602704,1.4370607,1500,1493,test
1406,0.9558395,0.9495996,0.94837165,0.9511829,0.9517806545640607,1.5601584,1.4463819,1500,1493,test
1407,0.9552875,0.95041096,0.94829607,0.95173705,0.9515729573777844,1.560044,1.4504943,1500,1493,test
1408,0.955342,0.9505094,0.9481106,0.95174426,0.9513740438456665,1.5599272,1.445792,1500,1493,test
1409,0.9552362,0.95065343,0.9478874,0.9517994,0.9511733172503939,1.5598078,1.4518304,1500,1493,test
1410,0.9552245,0.94958013,0.9478276,0.95104694,0.9509991760385917,1.5596857,1.455979,1500,1493,test
1411,0.9546839,0.949436,0.94775444,0.9509307,0.9508675294053572,1.5595609,1.4574841,1500,1493,test
1412,0.9547362,0.95028424,0.94728816,0.9514049,0.9507330631858029,1.5594332,1.4612459,1500,1493,test
1413,0.9547593,0.948847,0.9473597,0.95039696,0.9505595381393278,1.5593026,1.4500854,1500,1493,test
1414,0.95415694,0.94869226,0.94695497,0.95016044,0.9503657763864222,1.5591689,1.4418237,1500,1493,test
1415,0.95419425,0.94878685,0.946763,0.95014834,0.9501203115322292,1.5590322,1.4310787,1500,1493,test
1416,0.9536815,0.94805217,0.94678885,0.9496551,0.9499043351880243,1.5588921,1.4355085,1500,1493,test
1417,0.9536147,0.9491975,0.94653744,0.9504228,0.9497395851619517,1.5587487,1.4511707,1500,1493,test
1418,0.95356625,0.9496768,0.9462964,0.9506657,0.9495868838498266,1.5586019,1.4406433,1500,1493,test
1419,0.9531491,0.9480953,0.9461225,0.94958496,0.9494537759516641,1.5584513,1.4674875,1500,1493,test
1420,0.95314324,0.94698226,0.94568026,0.9486179,0.9492941546846039,1.5582969,1.4373276,1500,1493,test
1421,0.95310354,0.94605625,0.94559073,0.94787955,0.9490580191325622,1.5581387,1.4087782,1500,1493,test
1422,0.9526579,0.94806033,0.94549435,0.94924927,0.9488496596555042,1.5579765,1.4093895,1500,1493,test
1423,0.952616,0.9470246,0.9453572,0.9485077,0.9486558495427629,1.5578101,1.415792,1500,1493,test
1424,0.95250726,0.9476346,0.945191,0.9488865,0.9484631648411577,1.5576392,1.415412,1500,1493,test
1425,0.9525164,0.9476595,0.9449812,0.94888645,0.9482710045534999,1.5574638,1.4312421,1500,1493,test
1426,0.9520753,0.9470067,0.9449227,0.9483795,0.9480769566297154,1.5572836,1.4161301,1500,1493,test
1427,0.9520392,0.9464128,0.94479614,0.9479892,0.9479166849930722,1.5570985,1.4392126,1500,1493,test
1428,0.9520233,0.9465614,0.94460875,0.94786644,0.9477591523430232,1.5569084,1.3677024,1500,1493,test
1429,0.95154065,0.94423604,0.9442509,0.9460859,0.9475470245047664,1.5567127,1.3404889,1500,1493,test
1430,0.95141345,0.94434744,0.94406825,0.9460156,0.9473200387078483,1.5565116,1.3003682,1500,1493,test
1431,0.951398,0.9446311,0.9439858,0.9461801,0.94706475857296,1.5563046,1.2960147,1500,1493,test
1432,0.950831,0.9471161,0.9437037,0.9477701,0.9468491148774592,1.5560915,1.2704024,1500,1493,test
1433,0.9509301,0.94642913,0.94350964,0.947263,0.9466795462892615,1.5558721,1.2796689,1500,1493,test
1434,0.95092005,0.94682944,0.9432878,0.94746304,0.9464925937037952,1.555646,1.2719848,1500,1493,test
1435,0.95038515,0.94606906,0.9432937,0.9469807,0.946313113655263,1.5554129,1.2903116,1500,1493,test
1436,0.95038897,0.9442941,0.94289213,0.9453629,0.9460764152822216,1.5551726,1.178516,1500,1493,test
1437,0.9498024,0.94435525,0.942795,0.94522065,0.9458675866000026,1.5549246,1.1140368,1500,1493,test
1438,0.9497904,0.94443345,0.94263977,0.94539195,0.9456799880772632,1.5546687,1.1784189,1500,1493,test
1439,0.9497624,0.944866,0.9423013,0.9456755,0.9454644629295131,1.5544044,1.2082448,1500,1493,test
1440,0.9493092,0.9448866,0.9422757,0.9458412,0.9453019216126929,1.5541312,1.2725064,1500,1493,test
1441,0.94936866,0.94496167,0.94199884,0.9459572,0.9450998489952496,1.5538487,1.3286074,1500,1493,test
1442,0.94930524,0.9437363,0.94192684,0.9450388,0.9448576033575578,1.5535567,1.3096882,1500,1493,test
1443,0.9487322,0.942034,0.9415148,0.9437521,0.9446508785873965,1.5532542,1.3129994,1500,1493,test
1444,0.9487449,0.94139683,0.9415165,0.9431332,0.9444446287899345,1.5529411,1.2414516,1500,1493,test
1445,0.94864875,0.9419605,0.9411691,0.9434224,0.9442131533034243,1.5526165,1.2375127,1500,1493,test
1446,0.9480846,0.94425505,0.94097394,0.94483066,0.9440068283214039,1.55228,1.1823913,1500,1493,test
1447,0.9481609,0.9436868,0.9407597,0.9442041,0.943747348842247,1.5519307,1.1118797,1500,1493,test
1448,0.9481955,0.9434532,0.9405939,0.94416213,0.9435227063102208,1.5515679,1.1788573,1500,1493,test
1449,0.9475723,0.94270444,0.9406293,0.9437326,0.9432656199840808,1.551191,1.2121365,1500,1493,test
1450,0.94768435,0.94221985,0.940434,0.9431691,0.9430069515973802,1.550799,1.1415176,1500,1493,test
1451,0.947638,0.9421284,0.9403085,0.9431663,0.9427662603584768,1.550391,1.1798656,1500,1493,test
1452,0.9469586,0.94107664,0.9399495,0.94206005,0.9425318239593606,1.549966,1.0669945,1500,1493,test
1453,0.9469779,0.9409147,0.9396836,0.94166726,0.9422958702629817,1.549523,0.9823226,1500,1493,test
1454,0.94705254,0.9416723,0.93938434,0.94227535,0.9420930913030239,1.5490606,1.0477186,1500,1493,test
1455,0.94650865,0.94213593,0.9393182,0.9425746,0.9418195451398507,1.5485778,1.045455,1500,1493,test
1456,0.94650155,0.9418117,0.9391232,0.9424779,0.9415553937158152,1.5480729,1.1189868,1500,1493,test
1457,0.9459786,0.9402244,0.9387139,0.9414003,0.9412733280927741,1.5475447,1.1744287,1500,1493,test
1458,0.945917,0.9384708,0.938684,0.9401122,0.9410201810816065,1.5469913,1.1500802,1500,1493,test
1459,0.94588715,0.9390485,0.93859255,0.9404806,0.9407734023101249,1.5464109,1.1464045,1500,1493,test
1460,0.9458765,0.9391721,0.93823916,0.9401514,0.9405438779661155,1.5458015,1.0164751,1500,1493,test
1461,0.9453186,0.941123,0.9380346,0.9413077,0.9403200081289446,1.5451609,0.9571749,1500,1493,test
1462,0.94543374,0.93984675,0.937879,0.9402143,0.940062399766346,1.5444866,0.89084566,1500,1493,test
1463,0.9448643,0.93955314,0.9379208,0.9399174,0.9398288663703755,1.5437759,0.84876966,1500,1493,test
1464,0.9448114,0.939562,0.937648,0.9397985,0.9396184012302067,1.5430257,0.82775366,1500,1493,test
1465,0.9443615,0.936401,0.93736166,0.93742657,0.9393647482269211,1.5422326,0.7890868,1500,1493,test
1466,0.9442751,0.93781406,0.9372893,0.9383436,0.9391270779683456,1.541393,0.77009267,1500,1493,test
1467,0.9442139,0.93888515,0.9368115,0.93899584,0.9389143147909371,1.5405025,0.7843375,1500,1493,test
1468,0.9436868,0.93844247,0.9368405,0.9384659,0.9387449714431959,1.5395565,0.6912886,1500,1493,test
1469,0.94378555,0.9393319,0.93656313,0.93876624,0.9385062583929289,1.5385494,0.5924042,1500,1493,test
1470,0.9437167,0.9389854,0.9363723,0.93863976,0.9382294389817365,1.5374753,0.6595712,1500,1493,test
1471,0.94320536,0.9360149,0.93619317,0.9365917,0.9379686141162963,1.5363272,0.68677324,1500,1493,test
1472,0.94325465,0.9366187,0.9359371,0.93721014,0.9377432295335116,1.5350972,0.7949167,1500,1493,test
1473,0.94318354,0.93644464,0.93559253,0.9371551,0.9374920731627604,1.5337762,0.85913885,1500,1493,test
1474,0.9425577,0.9369155,0.93565184,0.9374448,0.9372302759608592,1.5323538,0.8373139,1500,1493,test
1475,0.9426193,0.93758583,0.93535733,0.93793523,0.9369706023997229,1.5308176,0.8790416,1500,1493,test
1476,0.94264007,0.93739414,0.93507206,0.937512,0.936729219320855,1.5291537,0.7926285,1500,1493,test
1477,0.94210136,0.9368334,0.9350281,0.93691695,0.9364944209898178,1.5273454,0.71446323,1500,1493,test
1478,0.9420043,0.9367486,0.9348779,0.93661416,0.9361944751195612,1.5253731,0.6320697,1500,1493,test
1479,0.9415485,0.93523777,0.9344526,0.9352809,0.935915354601049,1.5232133,0.5642019,1500,1493,test
1480,0.94155765,0.93589664,0.9342443,0.9356239,0.9356444063182463,1.5208379,0.5400553,1500,1493,test
1481,0.9415196,0.9346936,0.9342486,0.9348158,0.9353626859995511,1.5182133,0.5513805,1500,1493,test
1482,0.94145167,0.9356215,0.9338759,0.93522346,0.9350819245772785,1.5152978,0.49548727,1500,1493,test
1483,0.94095,0.9363425,0.93376064,0.93582475,0.9348078266718554,1.5120405,0.5482961,1500,1493,test
1484,0.94102514,0.93598586,0.9335076,0.9352975,0.9344749553505436,1.5083776,0.46281672,1500,1493,test
1485,0.9409795,0.936106,0.93332624,0.9350995,0.9341454940969732,1.5042281,0.36854732,1500,1493,test
1486,0.94049495,0.9351624,0.9333373,0.9346122,0.9338214598349016,1.4994888,0.43591982,1500,1493,test
1487,0.9405203,0.9344038,0.933255,0.9341171,0.9335537516300229,1.4940244,0.45814416,1500,1493,test
1488,0.94013417,0.9337069,0.9326089,0.93288445,0.9332860739895865,1.487655,0.22580564,1500,1493,test
1489,0.93954283,0.93194366,0.9328334,0.931878,0.9329797925097065,1.4801364,0.29075265,1500,1493,test
1490,0.939612,0.9343184,0.9324637,0.93342924,0.932671158608698,1.4711276,0.28980446,1500,1493,test
1491,0.93931615,0.93389016,0.9322821,0.93311775,0.9322915719900969,1.4601392,0.3040881,1500,1493,test
1492,0.9393111,0.9336953,0.9321005,0.9324873,0.9319382448755591,1.4464413,0.1235972,1500,1493,test
1493,0.9388036,0.93046016,0.9318128,0.9299062,0.9316129026973008,1.4288993,0.021602005,1500,1493,test
1494,0.9388124,0.93183184,0.9314226,0.9304811,0.9312753835246237,1.4056476,-0.089736566,1500,1493,test
1495,0.9387746,0.93223786,0.9312426,0.93065333,0.9309700900205211,1.3734008,-0.114825636,1500,1493,test
1496,0.9386669,0.93198836,0.93119675,0.9299089,0.9306813179710646,1.3258177,-0.34094304,1500,1493,test
1497,0.9386243,0.93221104,0.93087274,0.9298123,0.9303403829806591,1.2490457,-0.40759817,1500,1493,test
1498,0.9379926,0.93233013,0.93085223,0.9299498,0.9300126319628144,1.1071488,-0.38324738,1500,1493,test
1499,0.9380897,0.93280244,0.93055975,0.9302458,0.9296539114264962,0.7853982,-0.36473566,1500,1493,test
1500,0.93758583,0.9328297,0.93037033,0.92976445,0.9293113381528338,-0.0,-0.546824,1500,1493,test
1501,0.9375526,0.93125993,0.9300285,0.9284344,0.929003814160002,-0.7853982,-0.6058141,1500,1493,test
1502,0.9370374,0.93061703,0.9298542,0.9279407,0.9287314450984454,-1.1071488,-0.60551304,1500,1493,test
1503,0.9370693,0.93192184,0.9295647,0.9288191,0.9284392148158236,-1.2490457,-0.5861455,1500,1493,test
1504,0.9369897,0.930735,0.9295357,0.9274013,0.9281485066529478,-1.3258177,-0.82291496,1500,1493,test
1505,0.93636066,0.930503,0.92950517,0.9274051,0.9278743535387374,-1.3734008,-0.75254023,1500,1493,test
1506,0.9363836,0.93151665,0.92914116,0.9280035,0.9275826399948636,-1.4056476,-0.7564012,1500,1493,test
1507,0.93644756,0.9313355,0.92892444,0.9279981,0.9272739747733686,-1.4288993,-0.6838398,1500,1493,test
1508,0.9359003,0.9297344,0.92867213,0.92668605,0.9270052327318735,-1.4464413,-0.7364335,1500,1493,test
1509,0.9359428,0.9306927,0.9283899,0.92718136,0.9267999372378646,-1.4601392,-0.77538955,1500,1493,test
1510,0.9353594,0.93113804,0.92811644,0.927296,0.9265566675583804,-1.4711276,-0.8248869,1500,1493,test
1511,0.9353941,0.9303888,0.928093,0.92670286,0.9264203713686301,-1.4801364,-0.85135543,1500,1493,test
1512,0.93533057,0.92957807,0.92782986,0.9259209,0.9261689504417671,-1.487655,-0.9109705,1500,1493,test
1513,0.9346815,0.9279026,0.9275658,0.9247268,0.9258997307004132,-1.4940244,-0.89342785,1500,1493,test
1514,0.9347305,0.9290978,0.92729425,0.925588,0.9256416563971455,-1.4994888,-0.8519929,1500,1493,test
1515,0.93422675,0.92923236,0.9271709,0.9255491,0.9253553854354843,-1.5042281,-0.89237,1500,1493,test
1516,0.93420416,0.92956007,0.9268402,0.92543095,0.9251240150485865,-1.5083776,-0.9969299,1500,1493,test
1517,0.93422896,0.9294777,0.9266767,0.92522746,0.9249249921371054,-1.5120405,-1.0384617,1500,1493,test
1518,0.93408036,0.92905426,0.9265747,0.9249033,0.924731173863136,-1.5152978,-1.0392834,1500,1493,test
1519,0.9335521,0.9289825,0.9264872,0.92483926,0.9244952646950675,-1.5182133,-1.0354428,1500,1493,test
1520,0.9335432,0.92805934,0.926344,0.9241057,0.9243012335446663,-1.5208379,-1.056724,1500,1493,test
1521,0.9329842,0.9271885,0.926042,0.92347306,0.9240774735863879,-1.5232133,-1.0344858,1500,1493,test
1522,0.93302584,0.9267533,0.92567194,0.92304504,0.9238440267655936,-1.5253731,-1.044898,1500,1493,test
1523,0.9330815,0.92686343,0.9253925,0.9229868,0.9236225260554306,-1.5273454,-1.0692313,1500,1493,test
1524,0.9325646,0.92855793,0.92518383,0.9240091,0.9234260270602334,-1.5291537,-1.1104679,1500,1493,test
1525,0.93253636,0.9285798,0.92498404,0.9240035,0.9231726871052027,-1.5308176,-1.097123,1500,1493,test
1526,0.9320208,0.9282553,0.9250139,0.92370844,0.9229512546644926,-1.5323538,-1.1284696,1500,1493,test
1527,0.93203765,0.9265541,0.9248729,0.922461,0.9227118831738694,-1.5337762,-1.138697,1500,1493,test
1528,0.93197936,0.9272499,0.92466587,0.9228356,0.9224724447422712,-1.5350972,-1.1607454,1500,1493,test
1529,0.93138224,0.92737806,0.9243543,0.922835,0.9222341536713957,-1.5363272,-1.1632657,1500,1493,test
1530,0.93149066,0.92504036,0.9239813,0.92106754,0.9219699242978403,-1.5374753,-1.1793982,1500,1493,test
1531,0.9309217,0.9263941,0.92388207,0.922069,0.9216906695234064,-1.5385494,-1.1445879,1500,1493,test
1532,0.9309051,0.92668897,0.9235791,0.9220538,0.9215164263117736,-1.5395565,-1.2011714,1500,1493,test
1533,0.93089116,0.92561394,0.92346686,0.92131275,0.9212853718028966,-1.5405025,-1.1859018,1500,1493,test
1534,0.9303639,0.9237684,0.9231371,0.9199702,0.9210809601233579,-1.541393,-1.1732788,1500,1493,test
1535,0.9303219,0.92540956,0.9229147,0.921036,0.920797462297193,-1.5422326,-1.180253,1500,1493,test
1536,0.929744,0.92011774,0.92286396,0.9172989,0.9205621603704287,-1.5430257,-1.1960597,1500,1493,test
1537,0.9297132,0.92531526,0.92250705,0.92084587,0.9203148502428925,-1.5437759,-1.1863527,1500,1493,test
1538,0.9296717,0.9264246,0.9222656,0.92151,0.9200889356689834,-1.5444866,-1.2040255,1500,1493,test
1539,0.92922246,0.9246361,0.92234224,0.9203339,0.919796625095804,-1.5451609,-1.1842611,1500,1493,test
1540,0.92923856,0.9251021,0.92192984,0.92049444,0.9195390243422515,-1.5458015,-1.2058829,1500,1493,test
1541,0.92915404,0.9252901,0.9217712,0.9205611,0.9192912672480587,-1.5464109,-1.2146933,1500,1493,test
1542,0.9286385,0.9241729,0.92148596,0.91966796,0.919048635907602,-1.5469913,-1.2303902,1500,1493,test
1543,0.9286806,0.9236193,0.9210822,0.9192589,0.9187858763571258,-1.5475447,-1.195881,1500,1493,test
1544,0.92804193,0.9220096,0.92117167,0.9181388,0.9185413347775168,-1.5480729,-1.2053754,1500,1493,test
1545,0.9280459,0.92044693,0.9209966,0.9170042,0.9183629465542014,-1.5485778,-1.2051394,1500,1493,test
1546,0.9280043,0.9220598,0.9207196,0.9180612,0.9181437345103788,-1.5490606,-1.2017633,1500,1493,test
1547,0.92749214,0.92149854,0.9203256,0.9176239,0.9178821386552335,-1.549523,-1.1776553,1500,1493,test
1548,0.9275794,0.9209025,0.92010397,0.917011,0.9176489659126588,-1.549966,-1.2339156,1500,1493,test
1549,0.92707753,0.91973716,0.9199759,0.9161479,0.9174031963793516,-1.550391,-1.240935,1500,1493,test
1550,0.9269952,0.92324305,0.91967946,0.91851014,0.9171988980187071,-1.550799,-1.24065,1500,1493,test
1551,0.9264605,0.9213517,0.9197647,0.9172709,0.9169838937814496,-1.551191,-1.2183597,1500,1493,test
1552,0.92651236,0.92053336,0.9195087,0.9166034,0.9168361774732581,-1.5515679,-1.2301322,1500,1493,test
1553,0.9264356,0.91964006,0.91924435,0.9159502,0.9166614904028506,-1.5519307,-1.2139201,1500,1493,test
1554,0.92586476,0.9210223,0.9190033,0.9167742,0.9165449534262345,-1.55228,-1.2439079,1500,1493,test
1555,0.9258855,0.9202975,0.91880625,0.91629255,0.9164597738282833,-1.5526165,-1.2130122,1500,1493,test
1556,0.9253703,0.92118204,0.9185075,0.9168137,0.9162247671989331,-1.5529411,-1.2189384,1500,1493,test
1557,0.925371,0.9169017,0.9183964,0.9137558,0.9159604133062266,-1.5532542,-1.2382561,1500,1493,test
1558,0.9248036,0.91957664,0.9182601,0.91562617,0.9157309145732188,-1.5535567,-1.2202225,1500,1493,test
1559,0.92482466,0.9163398,0.9176945,0.9132831,0.9154663122929487,-1.5538487,-1.1947157,1500,1493,test
1560,0.9242906,0.9208438,0.91772044,0.91643,0.9151301430468713,-1.5541312,-1.1932039,1500,1493,test
1561,0.9243409,0.9192066,0.91745055,0.91521645,0.9149214715719197,-1.5544044,-1.193647,1500,1493,test
1562,0.9242263,0.91927516,0.91720366,0.9152663,0.9146117981477612,-1.5546687,-1.1658385,1500,1493,test
1563,0.9236368,0.91735524,0.91709095,0.91381174,0.9143053490177516,-1.5549246,-1.2013524,1500,1493,test
1564,0.92363983,0.91880137,0.9168174,0.91476953,0.9140696904095242,-1.5551726,-1.1914937,1500,1493,test
1565,0.9237371,0.9184409,0.9165489,0.9144661,0.9138395175333897,-1.5554129,-1.1834799,1500,1493,test
1566,0.9231516,0.9182427,0.9162165,0.91421634,0.9135986680692589,-1.555646,-1.1926074,1500,1493,test
1567,0.923134,0.9180933,0.9159932,0.9140811,0.91335322750164,-1.5558721,-1.1809237,1500,1493,test
1568,0.92263585,0.9194822,0.9156989,0.91483164,0.9131236684659964,-1.5560915,-1.2368329,1500,1493,test
1569,0.9220562,0.9184603,0.9157278,0.91420275,0.9128576798434416,-1.5563046,-1.2063801,1500,1493,test
1570,0.9220144,0.9154902,0.91524523,0.9119752,0.9126091732042008,-1.5565116,-1.2184591,1500,1493,test
1571,0.9220439,0.9161612,0.9153988,0.91256154,0.9123954424237091,-1.5567127,-1.1867857,1500,1493,test
1572,0.9214088,0.91780066,0.91485804,0.91339546,0.9121289021129074,-1.5569084,-1.2528784,1500,1493,test
1573,0.92147416,0.91573554,0.9146735,0.9119495,0.9118657598622425,-1.5570985,-1.2359078,1500,1493,test
1574,0.9215447,0.9162061,0.91422147,0.9121815,0.9115756636983496,-1.5572836,-1.2254581,1500,1493,test
1575,0.9208861,0.9157214,0.9143261,0.91182804,0.9112650153644797,-1.5574638,-1.2433627,1500,1493,test
1576,0.9209262,0.91645515,0.913994,0.91243124,0.9110537648036099,-1.5576392,-1.1696082,1500,1493,test
1577,0.92044073,0.9131764,0.9137612,0.9099822,0.9108106247614266,-1.5578101,-1.2115695,1500,1493,test
1578,0.9204646,0.91245365,0.91357577,0.90943456,0.9105578059410014,-1.5579765,-1.2093472,1500,1493,test
1579,0.9197878,0.9096009,0.91346014,0.90738666,0.9103274600360217,-1.5581387,-1.2216375,1500,1493,test
1580,0.9198206,0.90734714,0.9132365,0.9056566,0.910108627982779,-1.5582969,-1.2624831,1500,1493,test
1581,0.9196104,0.91130435,0.9130693,0.9083493,0.9098517211145611,-1.5584513,-1.269878,1500,1493,test
1582,0.9196255,0.91393787,0.91266686,0.9101971,0.9096533040241009,-1.5586019,-1.220299,1500,1493,test
1583,0.9190604,0.9126183,0.9123361,0.90911627,0.9093394150061211,-1.5587487,-1.2499857,1500,1493,test
1584,0.91881496,0.91307604,0.91206133,0.9096509,0.9091096182903918,-1.5588921,-1.1322446,1500,1493,test
1585,0.91848934,0.9147475,0.91195285,0.910877,0.9088634333782301,-1.5590322,-1.0951586,1500,1493,test
1586,0.91830695,0.9098681,0.9119114,0.90761244,0.9086757929611843,-1.5591689,-1.0364801,1500,1493,test
1587,0.9181829,0.9086868,0.91166735,0.9067192,0.9084628458827431,-1.5593026,-1.0385097,1500,1493,test
1588,0.9178772,0.91361904,0.91154355,0.9098626,0.908309544448281,-1.5594332,-1.1433814,1500,1493,test
1589,0.9175778,0.91189873,0.91111887,0.90850556,0.9080639449182917,-1.5595609,-1.1616426,1500,1493,test
1590,0.9177745,0.91043925,0.9108247,0.90732133,0.9077825994139728,-1.5596857,-1.1977345,1500,1493,test
1591,0.91764843,0.9114909,0.91051483,0.9079691,0.9075612795698647,-1.5598078,-1.1982855,1500,1493,test
1592,0.91709614,0.9122618,0.9103903,0.908556,0.9072894792494046,-1.5599272,-1.1643614,1500,1493,test
1593,0.9165512,0.9106665,0.9103644,0.9074502,0.9071629358330351,-1.560044,-1.1594269,1500,1493,test
1594,0.91656697,0.91250265,0.910053,0.9085677,0.9070044260807457,-1.5601584,-1.1909406,1500,1493,test
1595,0.9159363,0.9104536,0.9098507,0.90704066,0.9069285025742031,-1.5602704,-1.2095433,1500,1493,test
1596,0.9159184,0.90675455,0.90968484,0.9043671,0.9067566769263684,-1.56038,-1.2310405,1500,1493,test
1597,0.91588765,0.9105385,0.9094302,0.9069301,0.9065009638035426,-1.5604874,-1.2326112,1500,1493,test
1598,0.9158928,0.9100952,0.90897423,0.90644425,0.9062769200532248,-1.5605927,-1.2548134,1500,1493,test
1599,0.9153562,0.9105742,0.9088208,0.90677917,0.9060346410564268,-1.5606956,-1.2375276,1500,1493,test
1600,0.91542083,0.91029894,0.908582,0.90659595,0.9058142551795295,-1.5607966,-1.207983,1500,1493,test
1601,0.91482294,0.9091767,0.90820503,0.9056887,0.9055761650908882,-1.5608957,-1.2179158,1500,1493,test
1602,0.9142695,0.9091711,0.90806574,0.9057523,0.9053782117809707,-1.5609927,-1.175281,1500,1493,test
1603,0.91428065,0.909086,0.9078314,0.9055208,0.9051412013587332,-1.5610878,-1.2196817,1500,1493,test
1604,0.91426593,0.9069895,0.90761554,0.903999,0.9049024473308631,-1.5611812,-1.221227,1500,1493,test
1605,0.91363585,0.907779,0.9073467,0.9043161,0.9046179781186933,-1.5612729,-1.2864561,1500,1493,test
1606,0.9137034,0.9091104,0.90736747,0.9052595,0.9041890016730381,-1.5613626,-1.2821783,1500,1493,test
1607,0.91314566,0.9074783,0.9068049,0.9039918,0.9038113458674457,-1.5614508,-1.2739981,1500,1493,test
1608,0.91321313,0.90883625,0.9064581,0.904847,0.9035670917358907,-1.5615374,-1.272913,1500,1493,test
1609,0.9126265,0.90739775,0.9065125,0.9038053,0.9032899623343729,-1.5616223,-1.2950888,1500,1493,test
1610,0.9126586,0.9044795,0.9063805,0.90168893,0.9030096648357513,-1.5617057,-1.3148122,1500,1493,test
1611,0.91210765,0.90590036,0.90591735,0.90257144,0.9027771388972006,-1.5617876,-1.3077521,1500,1493,test
1612,0.9120771,0.9056773,0.905698,0.9022875,0.9025087141823612,-1.561868,-1.3360904,1500,1493,test
1613,0.9114682,0.9026981,0.9055708,0.9001368,0.9022213116883054,-1.561947,-1.3529794,1500,1493,test
1614,0.9114909,0.9048232,0.9052795,0.90153295,0.9019341412256039,-1.5620246,-1.3553224,1500,1493,test
1615,0.91151875,0.90815115,0.9050388,0.90383315,0.9016440534119509,-1.5621009,-1.3361603,1500,1493,test
1616,0.91096294,0.9053067,0.9050862,0.90180266,0.90132174175503,-1.5621759,-1.3614597,1500,1493,test
1617,0.91097856,0.9080138,0.9046091,0.9035877,0.9010875596932764,-1.5622495,-1.3501564,1500,1493,test
1618,0.9104652,0.901009,0.9042664,0.89858705,0.9008594215875957,-1.5623219,-1.3623114,1500,1493,test
1619,0.91041917,0.9035939,0.9040557,0.9003356,0.9005780600510869,-1.5623932,-1.3603578,1500,1493,test
1620,0.9098873,0.8985053,0.90412694,0.8967703,0.9004060857662872,-1.5624632,-1.3767104,1500,1493,test
1621,0.9098408,0.89925826,0.9038083,0.8971992,0.9001739049214702,-1.5625321,-1.3807485,1500,1493,test
1622,0.9097897,0.90387446,0.9035905,0.90033674,0.8997606524373518,-1.5625998,-1.3885584,1500,1493,test
1623,0.9092674,0.90407586,0.90309805,0.9003488,0.8994122183823067,-1.5626664,-1.3868849,1500,1493,test
1624,0.9093518,0.90326756,0.90285933,0.89975446,0.8990925808987295,-1.562732,-1.373543,1500,1493,test
1625,0.908773,0.90283465,0.9026151,0.8993567,0.8988218626815663,-1.5627965,-1.3859761,1500,1493,test
1626,0.908737,0.9035151,0.9024104,0.89980626,0.8986047147413675,-1.56286,-1.3735573,1500,1493,test
1627,0.9082229,0.90294576,0.902394,0.8993715,0.8983767040008045,-1.5629225,-1.3873208,1500,1493,test
1628,0.90825504,0.90161705,0.90207607,0.8983433,0.898237595905335,-1.562984,-1.3943489,1500,1493,test
1629,0.90757996,0.9006175,0.9018862,0.897573,0.8981014028805335,-1.5630445,-1.4037614,1500,1493,test
1630,0.9075815,0.8991226,0.90166175,0.89644295,0.8977829274937932,-1.5631042,-1.4153714,1500,1493,test
1631,0.9075908,0.90257156,0.90141964,0.8988124,0.8975077790296728,-1.5631629,-1.4022248,1500,1493,test
1632,0.9070675,0.90351695,0.90104866,0.8994088,0.8972718838173729,-1.5632207,-1.386942,1500,1493,test
1633,0.9070893,0.89965475,0.9008606,0.8966849,0.8970250026828896,-1.5632777,-1.3801564,1500,1493,test
1634,0.9064862,0.89967024,0.9004828,0.89656454,0.89682013509377,-1.5633337,-1.3922169,1500,1493,test
1635,0.90658075,0.9006428,0.90017265,0.897141,0.8966242433412268,-1.5633891,-1.3994027,1500,1493,test
1636,0.90603924,0.90045714,0.89996696,0.8969937,0.8964063092539845,-1.5634435,-1.3842113,1500,1493,test
1637,0.90589964,0.89754,0.89986444,0.89487517,0.8962331250201422,-1.5634972,-1.4082639,1500,1493,test
1638,0.9053473,0.8960974,0.8999938,0.89394796,0.8959767429074421,-1.5635501,-1.3908122,1500,1493,test
1639,0.90537965,0.90057516,0.8995149,0.89692533,0.895669764123827,-1.5636022,-1.3960518,1500,1493,test
1640,0.905362,0.8994528,0.8988763,0.8959819,0.8954268440567915,-1.5636536,-1.3920391,1500,1493,test
1641,0.90488726,0.89952517,0.89866763,0.89595664,0.8952524935098155,-1.5637043,-1.4000034,1500,1493,test
1642,0.9048568,0.89605296,0.8985056,0.8934767,0.8949730398633213,-1.5637542,-1.4072845,1500,1493,test
1643,0.904295,0.8964182,0.89845,0.8937303,0.8948189682086992,-1.5638034,-1.4015524,1500,1493,test
1644,0.90376157,0.8976888,0.8980497,0.89445746,0.8945575181418516,-1.563852,-1.4220204,1500,1493,test
1645,0.90376586,0.8939767,0.8979093,0.89181376,0.8943597334406201,-1.5638999,-1.4302597,1500,1493,test
1646,0.9036699,0.89454484,0.8976283,0.8921304,0.8939600961699972,-1.5639471,-1.4317572,1500,1493,test
1647,0.9030623,0.89938223,0.8973733,0.8954537,0.8935415642013289,-1.5639937,-1.4226693,1500,1493,test
1648,0.90313464,0.9005184,0.8969646,0.8961346,0.8932541271222952,-1.5640397,-1.4229393,1500,1493,test
1649,0.9025782,0.8992015,0.89708966,0.8952531,0.892921876621384,-1.564085,-1.4220362,1500,1493,test
1650,0.90273684,0.89817715,0.8966908,0.8944136,0.8926166537750245,-1.5641297,-1.4296956,1500,1493,test
1651,0.90200174,0.8960284,0.896204,0.8927647,0.8923461419512125,-1.5641739,-1.4384267,1500,1493,test
1652,0.9020902,0.8955417,0.89602476,0.89237404,0.8921003356376989,-1.5642174,-1.439846,1500,1493,test
1653,0.90149677,0.89100945,0.8961076,0.8892512,0.8919289878733337,-1.5642605,-1.4349601,1500,1493,test
1654,0.90150535,0.8899725,0.8958617,0.8884743,0.8916679707525708,-1.5643029,-1.4302682,1500,1493,test
1655,0.9014469,0.8966063,0.8955393,0.8930062,0.8913417246382624,-1.5643448,-1.431269,1500,1493,test
1656,0.9009095,0.8953886,0.8951476,0.8920523,0.8910043940486925,-1.5643861,-1.4314604,1500,1493,test
1657,0.9009533,0.8954188,0.8948574,0.8919795,0.890716720010515,-1.564427,-1.4379001,1500,1493,test
1658,0.90040904,0.8947042,0.8946031,0.89140403,0.8905531423040784,-1.5644673,-1.4417266,1500,1493,test
1659,0.900354,0.89433265,0.8943416,0.89112943,0.8902743045110434,-1.5645071,-1.4195397,1500,1493,test
1660,0.89982474,0.8928195,0.89446574,0.89002943,0.8899917255285025,-1.5645465,-1.4518285,1500,1493,test
1661,0.89987916,0.890597,0.89420754,0.88843894,0.8898557470096781,-1.5645852,-1.4408092,1500,1493,test
1662,0.89919245,0.88917017,0.89367825,0.887299,0.889653569823204,-1.5646236,-1.4423206,1500,1493,test
1663,0.8992163,0.8925452,0.89363265,0.8896171,0.8893764593983986,-1.5646614,-1.4508007,1500,1493,test
1664,0.898653,0.891721,0.89334804,0.8889886,0.8890273368718367,-1.5646988,-1.4417617,1500,1493,test
1665,0.89874923,0.8902438,0.89310527,0.8878638,0.8887729858803263,-1.5647358,-1.4542024,1500,1493,test
1666,0.8981853,0.8903996,0.89259404,0.88784486,0.8885771051714308,-1.5647722,-1.450161,1500,1493,test
1667,0.8981378,0.89318764,0.8923275,0.88970673,0.8884092233032801,-1.5648084,-1.4536977,1500,1493,test
1668,0.89764416,0.890277,0.8922155,0.887625,0.8881468645751054,-1.564844,-1.4635307,1500,1493,test
1669,0.89763635,0.8881576,0.8920424,0.88609576,0.8878893019113362,-1.5648792,-1.4660709,1500,1493,test
1670,0.8970106,0.8866072,0.8920884,0.8850483,0.8876117191640376,-1.564914,-1.4578627,1500,1493,test
1671,0.8969699,0.8906574,0.89175934,0.88778466,0.8873010034693181,-1.5649484,-1.4564797,1500,1493,test
1672,0.8964036,0.8918594,0.8910329,0.8884095,0.887010068247429,-1.5649824,-1.4635079,1500,1493,test
1673,0.89650255,0.8899605,0.89077646,0.88700265,0.8868144393768994,-1.565016,-1.4696854,1500,1493,test
1674,0.8959477,0.89266616,0.8906296,0.88888514,0.886696916695339,-1.5650493,-1.4545677,1500,1493,test
1675,0.895912,0.8912319,0.89040715,0.88784105,0.8865238141331853,-1.5650821,-1.4485254,1500,1493,test
1676,0.89540666,0.8894961,0.89013606,0.88649374,0.8863451774386013,-1.5651146,-1.4751006,1500,1493,test
1677,0.8953884,0.8892625,0.8898743,0.88628405,0.8861853068119203,-1.5651467,-1.4655863,1500,1493,test
1678,0.8947963,0.88505304,0.88978285,0.8832975,0.886003217508601,-1.5651784,-1.477576,1500,1493,test
1679,0.89478624,0.88782275,0.88947076,0.8851453,0.8857024831948157,-1.5652097,-1.4767189,1500,1493,test
1680,0.89421535,0.8900027,0.88947546,0.8866793,0.8853290190515414,-1.5652409,-1.4709697,1500,1493,test
1681,0.89427346,0.8891446,0.8890475,0.8860011,0.8851077187079763,-1.5652715,-1.4568888,1500,1493,test
1682,0.89425606,0.8907572,0.8886841,0.88699764,0.8849165472277453,-1.5653019,-1.4687827,1500,1493,test
1683,0.89367753,0.8864534,0.8882774,0.8838724,0.8847117970280085,-1.5653319,-1.4759989,1500,1493,test
1684,0.89318097,0.88847864,0.88818246,0.88527644,0.8845279392654495,-1.5653616,-1.4683939,1500,1493,test
1685,0.89318556,0.8888632,0.8879043,0.88547283,0.8843471011520405,-1.565391,-1.4670892,1500,1493,test
1686,0.89313626,0.8824376,0.8879512,0.8809838,0.8841142919587818,-1.56542,-1.4773442,1500,1493,test
1687,0.89249665,0.88533765,0.8874842,0.882892,0.8837629897388686,-1.5654488,-1.4718976,1500,1493,test
1688,0.892578,0.8859495,0.8871865,0.88323116,0.8834411389098673,-1.5654773,-1.4748166,1500,1493,test
1689,0.89206415,0.8881055,0.88676524,0.88462347,0.8832123233628163,-1.5655054,-1.4733877,1500,1493,test
1690,0.892079,0.88831353,0.88647354,0.8846858,0.8829352151453908,-1.5655332,-1.475086,1500,1493,test
1691,0.89147687,0.88454807,0.88656807,0.8821032,0.8826257153657133,-1.5655608,-1.4688704,1500,1493,test
1692,0.8909523,0.883441,0.8859906,0.8811352,0.8823266241981701,-1.565588,-1.485782,1500,1493,test
1693,0.89094865,0.8842849,0.8857772,0.88168895,0.8821144342576217,-1.565615,-1.4763566,1500,1493,test
1694,0.89038813,0.88411796,0.88570035,0.88152456,0.8818045272387173,-1.5656418,-1.487514,1500,1493,test
1695,0.89035964,0.8863178,0.8854725,0.88299125,0.8814221980882144,-1.5656682,-1.4894061,1500,1493,test
1696,0.88984156,0.8842441,0.8850536,0.8814216,0.8809828718965769,-1.5656943,-1.494457,1500,1493,test
1697,0.8898778,0.8833029,0.8846513,0.88064253,0.8806463086325971,-1.5657202,-1.5006802,1500,1493,test
1698,0.8893612,0.88340443,0.88451874,0.88068414,0.8803902122655007,-1.5657458,-1.4980211,1500,1493,test
1699,0.8893677,0.8810713,0.88431746,0.87901133,0.8800649979869917,-1.5657712,-1.4952973,1500,1493,test
1700,0.8887936,0.88309467,0.8842994,0.88038665,0.8797895886092734,-1.5657964,-1.5073028,1500,1493,test
1701,0.88878614,0.8828584,0.88408107,0.8801677,0.8795812994753895,-1.5658213,-1.5055065,1500,1493,test
1702,0.88819885,0.8797941,0.8838,0.8779433,0.8792991346120793,-1.5658458,-1.5112405,1500,1493,test
1703,0.8881341,0.88006747,0.88355625,0.8780747,0.8789979472481806,-1.5658703,-1.5085847,1500,1493,test
1704,0.88819265,0.88094026,0.88295174,0.87856686,0.8786219386768701,-1.5658944,-1.4896603,1500,1493,test
1705,0.88768226,0.8826562,0.8827783,0.8797104,0.8782965119580048,-1.5659183,-1.4918537,1500,1493,test
1706,0.88766587,0.8817873,0.8825071,0.879025,0.8780343779289047,-1.565942,-1.4947541,1500,1493,test
1707,0.8871076,0.8792939,0.8822633,0.8771986,0.8778254896541918,-1.5659654,-1.5044286,1500,1493,test
1708,0.8865513,0.88,0.88206595,0.87760866,0.8776370649221595,-1.5659887,-1.5161498,1500,1493,test
1709,0.88653374,0.87822115,0.8817593,0.87630826,0.8773612718532944,-1.5660117,-1.5074623,1500,1493,test
1710,0.88649523,0.8775296,0.8816182,0.8757666,0.8770854861275098,-1.5660344,-1.5163898,1500,1493,test
1711,0.885916,0.8782283,0.8815675,0.8762386,0.8768134896405481,-1.566057,-1.5168471,1500,1493,test
1712,0.88594764,0.8816631,0.88121843,0.8785922,0.8764828722034879,-1.5660794,-1.4947183,1500,1493,test
1713,0.885445,0.878486,0.88057053,0.8761892,0.8762488359826852,-1.5661016,-1.5009774,1500,1493,test
1714,0.8854144,0.87681884,0.88035506,0.8749332,0.8760314874666263,-1.5661235,-1.5158554,1500,1493,test
1715,0.8848534,0.87803113,0.88031346,0.87575257,0.8758472244629569,-1.5661452,-1.5215914,1500,1493,test
1716,0.8843029,0.8778702,0.87991273,0.875525,0.8757034615348623,-1.5661668,-1.5247514,1500,1493,test
1717,0.8843231,0.8770157,0.87962586,0.87484795,0.8754878438621374,-1.5661881,-1.5266255,1500,1493,test
1718,0.88427323,0.8751783,0.87951136,0.8735475,0.8752095686173857,-1.5662092,-1.5223377,1500,1493,test
1719,0.88367194,0.8768645,0.8792745,0.8746383,0.874901985900161,-1.5662302,-1.5306338,1500,1493,test
1720,0.88371736,0.8779439,0.87886447,0.87534744,0.8746377455248104,-1.5662509,-1.5032403,1500,1493,test
1721,0.8832003,0.8789196,0.8787991,0.8759772,0.8744477755826284,-1.5662714,-1.5164511,1500,1493,test
1722,0.88318366,0.877923,0.87855357,0.8752003,0.8742317692774667,-1.5662918,-1.5232223,1500,1493,test
1723,0.8825991,0.8753234,0.8779759,0.8732228,0.87400703361158,-1.5663121,-1.5276742,1500,1493,test
1724,0.88206494,0.8767873,0.8778672,0.87422466,0.873802849477083,-1.5663321,-1.5231528,1500,1493,test
1725,0.8820745,0.87770534,0.87761843,0.87478536,0.8735554222504308,-1.5663519,-1.5280738,1500,1493,test
1726,0.88152087,0.87352175,0.87732726,0.8717845,0.8732886779305176,-1.5663716,-1.5312269,1500,1493,test
1727,0.8814793,0.87531555,0.8770719,0.87296736,0.8730461636918769,-1.5663911,-1.5305322,1500,1493,test
1728,0.8809821,0.87624943,0.8766918,0.8735546,0.8727681961139646,-1.5664104,-1.5148115,1500,1493,test
1729,0.881021,0.87565136,0.8764149,0.8730477,0.872452464267635,-1.5664295,-1.5212142,1500,1493,test
1730,0.8804326,0.87562585,0.87644565,0.87304527,0.8721772605002222,-1.5664486,-1.518336,1500,1493,test
1731,0.88048035,0.8752394,0.8761814,0.8726868,0.8719171900603656,-1.5664674,-1.5257363,1500,1493,test
1732,0.8798947,0.8721601,0.87559795,0.87038755,0.8717196840978272,-1.566486,-1.5244932,1500,1493,test
1733,0.8798736,0.87293303,0.8753071,0.870844,0.871464370418872,-1.5665045,-1.5260756,1500,1493,test
1734,0.8793223,0.8728285,0.8753485,0.87078553,0.8711661575021229,-1.5665228,-1.5247579,1500,1493,test
1735,0.8792602,0.8752324,0.87504584,0.8723792,0.8708235704293014,-1.5665411,-1.5247412,1500,1493,test
1736,0.8793661,0.8764292,0.8745389,0.873121,0.8705054871892537,-1.5665591,-1.506767,1500,1493,test
1737,0.87879354,0.8732468,0.87434715,0.87081295,0.8702402357652725,-1.566577,-1.5226862,1500,1493,test
1738,0.8782185,0.87083995,0.87406135,0.8690753,0.8700256260791984,-1.5665947,-1.5161293,1500,1493,test
1739,0.87827146,0.87022626,0.87387204,0.8685822,0.8697162910172789,-1.5666122,-1.5220754,1500,1493,test
1740,0.87770116,0.8706225,0.87389827,0.8688462,0.8693971326808455,-1.5666296,-1.5298615,1500,1493,test
1741,0.87768054,0.8690361,0.8737163,0.8677068,0.8691398832921445,-1.5666469,-1.5238082,1500,1493,test
1742,0.8770628,0.86887866,0.87333554,0.8674777,0.8688749751284897,-1.5666641,-1.5307533,1500,1493,test
1743,0.8770694,0.8703166,0.87288696,0.8683828,0.8685698840566064,-1.5666811,-1.5211003,1500,1493,test
1744,0.87658006,0.87275076,0.87260765,0.86998236,0.8682696132911504,-1.566698,-1.5297899,1500,1493,test
1745,0.87658924,0.87076664,0.87239265,0.86854714,0.8680131725013096,-1.5667148,-1.5277593,1500,1493,test
1746,0.8760379,0.86972773,0.8719448,0.8676991,0.8677780025123814,-1.5667313,-1.5292935,1500,1493,test
1747,0.87600577,0.869104,0.87174743,0.8671862,0.867585002732002,-1.5667478,-1.539576,1500,1493,test
1748,0.8754738,0.8684222,0.87156755,0.866655,0.8673515711806028,-1.5667641,-1.5427494,1500,1493,test
1749,0.8754252,0.8673609,0.8713036,0.865858,0.8670479835217687,-1.5667803,-1.5372449,1500,1493,test
1750,0.87486595,0.8665978,0.8712904,0.8653321,0.8667690734846475,-1.5667963,-1.5334214,1500,1493,test
1751,0.8748355,0.8694509,0.8710197,0.86725664,0.866500372060284,-1.5668123,-1.5296884,1500,1493,test
1752,0.87435275,0.86856294,0.87020594,0.86643356,0.8661810109824631,-1.5668281,-1.5238292,1500,1493,test
1753,0.8743626,0.86708164,0.8699621,0.86530155,0.865919398421438,-1.5668437,-1.5377814,1500,1493,test
1754,0.87379116,0.8688398,0.8698775,0.8665027,0.8657093437120841,-1.5668594,-1.5382891,1500,1493,test
1755,0.8733254,0.8674935,0.8699696,0.86559093,0.8655083990749771,-1.5668747,-1.537644,1500,1493,test
1756,0.87330407,0.86883795,0.8695944,0.86644447,0.8652847916837442,-1.5668901,-1.5304816,1500,1493,test
1757,0.87300247,0.8652872,0.86924076,0.8638377,0.8650417832864294,-1.5669053,-1.5457436,1500,1493,test
1758,0.87297827,0.8653188,0.86884755,0.8637768,0.8647037690910279,-1.5669204,-1.5364915,1500,1493,test
1759,0.87247264,0.8680285,0.8685817,0.8655825,0.8644007342072545,-1.5669353,-1.5409682,1500,1493,test
1760,0.87250453,0.86865604,0.86826694,0.865945,0.8641111042904989,-1.5669502,-1.5369703,1500,1493,test
1761,0.8722114,0.86667794,0.8681527,0.8645296,0.8639257932892327,-1.566965,-1.5395525,1500,1493,test
1762,0.87164795,0.86461306,0.86759984,0.86295545,0.8637800665035922,-1.5669795,-1.5341363,1500,1493,test
1763,0.87111294,0.8656223,0.8675241,0.8636271,0.8636528184404073,-1.5669941,-1.5387087,1500,1493,test
1764,0.87110096,0.86737645,0.8671028,0.8647512,0.8634110218471437,-1.5670085,-1.5326167,1500,1493,test
1765,0.87046766,0.86625826,0.86694086,0.8639037,0.8631430836913827,-1.5670228,-1.5427142,1500,1493,test
1766,0.8704577,0.8643691,0.8666105,0.8625263,0.8628690935371272,-1.567037,-1.531398,1500,1493,test
1767,0.8699375,0.86445034,0.8663278,0.8624781,0.8625544133039065,-1.567051,-1.5431148,1500,1493,test
1768,0.8699505,0.865568,0.8658905,0.86315507,0.8622341052063094,-1.567065,-1.5367433,1500,1493,test
1769,0.8693937,0.8631593,0.8660076,0.8614834,0.8619686938425006,-1.5670788,-1.5467923,1500,1493,test
1770,0.8694167,0.86213934,0.86576897,0.86071515,0.861783891833228,-1.5670927,-1.5440967,1500,1493,test
1771,0.8688368,0.862087,0.86521816,0.8605177,0.8615608619046031,-1.5671064,-1.5493479,1500,1493,test
1772,0.8688428,0.86100906,0.8649468,0.8596761,0.8612842646408361,-1.5671198,-1.5564523,1500,1493,test
1773,0.8682171,0.86198914,0.86481273,0.8603165,0.8609781483552917,-1.5671333,-1.5591087,1500,1493,test
1774,0.8682243,0.86264133,0.8645587,0.86070895,0.8606794909546813,-1.5671467,-1.5565693,1500,1493,test
1775,0.86770606,0.8629686,0.8644684,0.8609292,0.8604051025243739,-1.56716,-1.5498902,1500,1493,test
1776,0.8677131,0.864105,0.86369306,0.8615339,0.860101917463195,-1.5671731,-1.541269,1500,1493,test
1777,0.86713564,0.86265296,0.86350036,0.8604552,0.8598364636650482,-1.5671862,-1.5473828,1500,1493,test
1778,0.8671639,0.86152875,0.8631556,0.85960937,0.8595697937061447,-1.5671992,-1.53511,1500,1493,test
1779,0.866642,0.8598704,0.86330336,0.8584578,0.8592427549050091,-1.5672121,-1.5495679,1500,1493,test
1780,0.8665843,0.85862446,0.8631196,0.85757446,0.8589518448634464,-1.5672249,-1.5356312,1500,1493,test
1781,0.8659556,0.8598894,0.8626288,0.85832787,0.8586645182694908,-1.5672376,-1.5340638,1500,1493,test
1782,0.8660127,0.8607231,0.86214757,0.8588136,0.8584450976627397,-1.5672503,-1.5202103,1500,1493,test
1783,0.86546785,0.8624681,0.86182,0.8599216,0.8581635594710731,-1.5672628,-1.5283499,1500,1493,test
1784,0.8649633,0.8617852,0.8614119,0.85933363,0.8578730816492526,-1.5672752,-1.5292943,1500,1493,test
1785,0.86494917,0.86142325,0.8611681,0.8589984,0.8576112537263004,-1.5672876,-1.5364053,1500,1493,test
1786,0.8644121,0.8590466,0.8609178,0.85727537,0.8574085943347529,-1.5672998,-1.5362039,1500,1493,test
1787,0.86440873,0.85879743,0.8607905,0.8570464,0.8571576998199549,-1.567312,-1.5448098,1500,1493,test
1788,0.86377865,0.8545637,0.86101556,0.8541465,0.856835421985217,-1.5673242,-1.5489016,1500,1493,test
1789,0.86379194,0.85728514,0.86064065,0.85594714,0.8565324958962222,-1.5673361,-1.546901,1500,1493,test
1790,0.8632616,0.8577627,0.85988617,0.85606855,0.856351532730381,-1.5673481,-1.5504029,1500,1493,test
1791,0.863296,0.8583518,0.8595737,0.85638285,0.8561689842610896,-1.5673599,-1.5553821,1500,1493,test
1792,0.862736,0.85868156,0.85940653,0.8565212,0.8559224757376533,-1.5673717,-1.5742862,1500,1493,test
1793,0.86273307,0.85853964,0.8591457,0.856329,0.8556736876649614,-1.5673834,-1.5836933,1500,1493,test
1794,0.86221737,0.8569786,0.8591072,0.8552482,0.8555119300744932,-1.567395,-1.5766176,1500,1493,test
1795,0.86160314,0.8554937,0.85876304,0.85412073,0.8552368004844794,-1.5674065,-1.5767107,1500,1493,test
1796,0.86157423,0.855421,0.85852396,0.853999,0.8549524461410947,-1.567418,-1.5794702,1500,1493,test
1797,0.86156154,0.85685563,0.85832113,0.85495377,0.8546523497005596,-1.5674293,-1.5756104,1500,1493,test
1798,0.8610558,0.85783315,0.8578831,0.85554504,0.854405188050679,-1.5674406,-1.5642793,1500,1493,test
1799,0.861106,0.8569573,0.85762185,0.8548418,0.8541605812163438,-1.5674518,-1.573504,1500,1493,test
1800,0.86053795,0.8545593,0.85711044,0.8530169,0.8539561930767855,-1.567463,-1.5801297,1500,1493,test
1801,0.8599763,0.85474634,0.85688114,0.8530547,0.8537809582657626,-1.5674741,-1.5927062,1500,1493,test
1802,0.8599978,0.85555506,0.85664034,0.8535752,0.8535708263494317,-1.5674851,-1.5838788,1500,1493,test
1803,0.85993296,0.8546134,0.8564234,0.85286105,0.8533612650143555,-1.5674961,-1.5837417,1500,1493,test
1804,0.8593471,0.8561213,0.85588217,0.8537737,0.8531093969021228,-1.5675069,-1.5807868,1500,1493,test
1805,0.8587785,0.8564981,0.855633,0.85395324,0.8528558662727124,-1.5675176,-1.5873468,1500,1493,test
1806,0.8588725,0.8555201,0.8552525,0.8531896,0.8525976578215292,-1.5675284,-1.5791099,1500,1493,test
1807,0.85834754,0.8537169,0.8552267,0.8519014,0.8522994665789508,-1.567539,-1.5890961,1500,1493,test
1808,0.85826385,0.85281515,0.8551264,0.85131335,0.8520999100851345,-1.5675496,-1.5617272,1500,1493,test
1809,0.8577816,0.8530028,0.8544378,0.8512405,0.8519747315758429,-1.5675601,-1.569258,1500,1493,test
1810,0.857741,0.85429525,0.8543946,0.8521055,0.8518068337443563,-1.5675706,-1.5790584,1500,1493,test
1811,0.85716426,0.852417,0.85429096,0.85076225,0.8515832164934949,-1.5675809,-1.5816692,1500,1493,test
1812,0.85713774,0.85318196,0.85382515,0.8512042,0.8513223278611157,-1.5675912,-1.5678246,1500,1493,test
1813,0.85659456,0.85486996,0.8532754,0.85222423,0.8510749622898788,-1.5676014,-1.5713282,1500,1493,test
1814,0.85665625,0.855484,0.8528965,0.85254174,0.8507303700106369,-1.5676116,-1.5748289,1500,1493,test
1815,0.856081,0.8517388,0.8526711,0.84986645,0.8504679336367095,-1.5676217,-1.5766792,1500,1493,test
1816,0.8555442,0.85078055,0.8527445,0.8492204,0.8502556703423105,-1.5676317,-1.5758686,1500,1493,test
1817,0.8555483,0.85211474,0.8524645,0.8500722,0.8500049936776353,-1.5676417,-1.5769854,1500,1493,test
1818,0.85496867,0.85250145,0.85208845,0.85021776,0.8497171623741373,-1.5676516,-1.5862861,1500,1493,test
1819,0.8549101,0.84946597,0.85169566,0.8480183,0.8494634094595938,-1.5676615,-1.5774734,1500,1493,test
1820,0.85437715,0.85283494,0.8514714,0.8502829,0.8491862573861967,-1.5676713,-1.586858,1500,1493,test
1821,0.8544544,0.85255075,0.85091984,0.8499608,0.8488203024345057,-1.5676811,-1.577028,1500,1493,test
1822,0.8538687,0.8534057,0.85058653,0.85043293,0.8484938841338014,-1.5676907,-1.5908978,1500,1493,test
1823,0.8533201,0.84957427,0.85025674,0.8476884,0.8482117343022728,-1.5677004,-1.5850643,1500,1493,test
1824,0.8533197,0.85006475,0.84996736,0.8479628,0.8479274224107771,-1.5677099,-1.5808332,1500,1493,test
1825,0.85278654,0.84839755,0.85015047,0.84682494,0.8476440076090799,-1.5677195,-1.5910673,1500,1493,test
1826,0.8527547,0.8470541,0.849957,0.8458494,0.8473352872611527,-1.5677289,-1.5858772,1500,1493,test
1827,0.8521591,0.849916,0.8494849,0.84771067,0.8470274758499688,-1.5677382,-1.5884581,1500,1493,test
1828,0.85222006,0.8488134,0.8490044,0.8468443,0.8467317953739032,-1.5677476,-1.575791,1500,1493,test
1829,0.85165143,0.84993875,0.84883547,0.84756494,0.8464719862540188,-1.5677568,-1.5831988,1500,1493,test
1830,0.8516583,0.8484237,0.84862876,0.84646297,0.8462163563743739,-1.5677661,-1.5793669,1500,1493,test
1831,0.8511026,0.8469653,0.8485173,0.8454139,0.8460116908070492,-1.5677751,-1.5804262,1500,1493,test
1832,0.8510647,0.8500366,0.847816,0.84736633,0.8457397570515157,-1.5677843,-1.5802753,1500,1493,test
1833,0.8505408,0.84587467,0.847847,0.844469,0.8454208929108316,-1.5677934,-1.582295,1500,1493,test
1834,0.84992236,0.84352577,0.8478379,0.8428386,0.8450649719796614,-1.5678023,-1.5786095,1500,1493,test
1835,0.8499121,0.8446976,0.8475013,0.8435725,0.8447978013006994,-1.5678113,-1.5754668,1500,1493,test
1836,0.8499845,0.84729385,0.8470052,0.84526765,0.8445876905171575,-1.5678202,-1.5677367,1500,1493,test
1837,0.8494077,0.8471153,0.84635806,0.8449931,0.8443698770608379,-1.567829,-1.5580543,1500,1493,test
1838,0.84942496,0.8462461,0.84605724,0.84430104,0.844166809456656,-1.5678377,-1.5602655,1500,1493,test
1839,0.8488623,0.8464794,0.84595805,0.8444252,0.8439262251318711,-1.5678465,-1.5650511,1500,1493,test
1840,0.84834254,0.8444855,0.8459539,0.8430157,0.8437016561319065,-1.5678551,-1.572667,1500,1493,test
1841,0.8482922,0.8415438,0.8459877,0.84095824,0.8434312395237773,-1.5678638,-1.5792441,1500,1493,test
1842,0.847703,0.8435286,0.84533685,0.8421699,0.8431493727052922,-1.5678724,-1.577947,1500,1493,test
1843,0.84768724,0.845711,0.84494376,0.8435719,0.8428624118153788,-1.5678809,-1.5833759,1500,1493,test
1844,0.84720165,0.844025,0.8446724,0.84234166,0.8426541937523621,-1.5678893,-1.5761557,1500,1493,test
1845,0.8472597,0.84363985,0.8443872,0.8419984,0.8423970804556906,-1.5678978,-1.575392,1500,1493,test
1846,0.8469618,0.8465528,0.84364486,0.8438576,0.8422542689648316,-1.5679061,-1.5638236,1500,1493,test
1847,0.84645295,0.84443593,0.8436943,0.8423685,0.8420714647216929,-1.5679145,-1.574794,1500,1493,test
1848,0.84612703,0.8437185,0.8432517,0.84176123,0.8418908552900921,-1.5679228,-1.5700378,1500,1493,test
1849,0.8455442,0.84515995,0.8428314,0.8426423,0.8416372078194311,-1.567931,-1.5743341,1500,1493,test
1850,0.8452828,0.84464926,0.8427559,0.8422623,0.8414146509882451,-1.5679392,-1.5758679,1500,1493,test
1851,0.84503514,0.84345245,0.8426196,0.8413732,0.8411131719046422,-1.5679474,-1.583303,1500,1493,test
1852,0.84481674,0.8435179,0.8420931,0.84127706,0.8407884435533741,-1.5679554,-1.5833951,1500,1493,test
1853,0.84477144,0.8438863,0.84170073,0.84143454,0.8406196700969971,-1.5679635,-1.5808991,1500,1493,test
1854,0.8442139,0.84097004,0.841818,0.8394486,0.8404414747149384,-1.5679715,-1.5747684,1500,1493,test
1855,0.8436787,0.842196,0.84136003,0.84016055,0.8402903546668268,-1.5679795,-1.5826397,1500,1493,test
1856,0.8436369,0.8402779,0.841071,0.83869207,0.8400186553552392,-1.5679873,-1.6045225,1500,1493,test
1857,0.84329516,0.84283936,0.84066886,0.8403648,0.8397203796328077,-1.5679952,-1.6063366,1500,1493,test
1858,0.8433135,0.8438119,0.84032124,0.84094197,0.839599669371151,-1.568003,-1.6092994,1500,1493,test
1859,0.84278655,0.84545815,0.83972585,0.8419394,0.8393821611218264,-1.5680108,-1.6052208,1500,1493,test
1860,0.842254,0.8413822,0.83938324,0.8390092,0.839130583550679,-1.5680186,-1.6040626,1500,1493,test
1861,0.84225345,0.83964556,0.8396036,0.8378628,0.8388328817036953,-1.5680263,-1.6021335,1500,1493,test
1862,0.84168905,0.83774817,0.8394508,0.8365207,0.8386440462451811,-1.5680339,-1.5934227,1500,1493,test
1863,0.8416721,0.8372164,0.83913743,0.83604693,0.8384214660360244,-1.5680416,-1.6010774,1500,1493,test
1864,0.84105974,0.84076613,0.838661,0.8383606,0.8382076649164085,-1.5680491,-1.6142542,1500,1493,test
1865,0.8410745,0.8412862,0.8383436,0.8386505,0.8380131320981932,-1.5680566,-1.6090755,1500,1493,test
1866,0.84053344,0.8402783,0.8379585,0.83787096,0.8377431417870088,-1.5680641,-1.5983393,1500,1493,test
1867,0.84056115,0.8401052,0.8375598,0.83762217,0.8374259819862546,-1.5680715,-1.6068252,1500,1493,test
1868,0.8399574,0.84207815,0.83704066,0.838862,0.8371718178511003,-1.568079,-1.605124,1500,1493,test
1869,0.83941364,0.83894753,0.8368588,0.83664393,0.8369538506342652,-1.5680863,-1.5999137,1500,1493,test
1870,0.83942676,0.8381072,0.8368365,0.8360301,0.8366020563807031,-1.5680937,-1.6088815,1500,1493,test
1871,0.83881855,0.835531,0.8366811,0.8342136,0.836240717838384,-1.5681009,-1.6003892,1500,1493,test
1872,0.8388191,0.837249,0.83630455,0.83527577,0.8360204662174087,-1.5681082,-1.6142079,1500,1493,test
1873,0.83831143,0.838506,0.8356973,0.8360059,0.8358203263287362,-1.5681154,-1.6072339,1500,1493,test
1874,0.83831704,0.83869207,0.8353065,0.83602965,0.8356088653998819,-1.5681225,-1.6076031,1500,1493,test
1875,0.837797,0.8377782,0.83518124,0.83532697,0.8353526202729633,-1.5681297,-1.6206089,1500,1493,test
1876,0.8372755,0.84039044,0.83473265,0.83705044,0.8351296424101412,-1.5681368,-1.6111782,1500,1493,test
1877,0.8372852,0.84056425,0.83437806,0.83709145,0.8348659327131055,-1.5681438,-1.6049943,1500,1493,test
1878,0.8366771,0.8357103,0.8344503,0.8337286,0.8345719470494612,-1.5681509,-1.6045593,1500,1493,test
1879,0.83670634,0.83482206,0.8342846,0.8330485,0.8343354233739629,-1.5681578,-1.6112349,1500,1493,test
1880,0.83611834,0.8344085,0.8340825,0.83271134,0.8340899868538811,-1.5681647,-1.6090577,1500,1493,test
1881,0.83588177,0.8393192,0.8332572,0.835909,0.8338332246695962,-1.5681716,-1.6104219,1500,1493,test
1882,0.83593255,0.8398968,0.8328614,0.83618623,0.8334914231457337,-1.5681785,-1.6181464,1500,1493,test
1883,0.835355,0.83444583,0.83278793,0.832363,0.8332042182533137,-1.5681853,-1.6197479,1500,1493,test
1884,0.83507735,0.8349998,0.83242637,0.83266044,0.8330208623313791,-1.5681921,-1.6163061,1500,1493,test
1885,0.8345506,0.83361,0.8324293,0.8316812,0.8328649124290805,-1.5681989,-1.6208756,1500,1493,test
1886,0.83445543,0.8365965,0.83171463,0.8335605,0.8326703283848117,-1.5682057,-1.6250452,1500,1493,test
1887,0.83389527,0.83349276,0.83184093,0.8314427,0.8324143987848935,-1.5682124,-1.6203196,1500,1493,test
1888,0.83395505,0.83494806,0.83117276,0.8323079,0.832105098360605,-1.5682191,-1.6079953,1500,1493,test
1889,0.8333793,0.83351445,0.83122414,0.8313045,0.8318202932190386,-1.5682256,-1.6152557,1500,1493,test
1890,0.8333964,0.83267576,0.8309427,0.8306434,0.8315774689819719,-1.5682322,-1.6155841,1500,1493,test
1891,0.8328558,0.834368,0.83027303,0.831673,0.8312942355323578,-1.5682387,-1.6033986,1500,1493,test
1892,0.8326011,0.8332553,0.8302027,0.83086634,0.831044093898653,-1.5682453,-1.6083337,1500,1493,test
1893,0.8322559,0.8311049,0.8301112,0.82936656,0.8308101259891558,-1.5682518,-1.5987098,1500,1493,test
1894,0.83219266,0.83094853,0.829731,0.8291509,0.8306462721240274,-1.5682583,-1.6004939,1500,1493,test
1895,0.8316547,0.8360636,0.8289202,0.8324951,0.8304462875727631,-1.5682647,-1.6018808,1500,1493,test
1896,0.8317163,0.83665013,0.8285539,0.8327949,0.8301997759751967,-1.568271,-1.6061486,1500,1493,test
1897,0.8311402,0.833045,0.82814306,0.83018863,0.8299227022252919,-1.5682775,-1.5991919,1500,1493,test
1898,0.8306069,0.82983,0.8284099,0.8280039,0.8296803959838965,-1.5682838,-1.60548,1500,1493,test
1899,0.8306246,0.8290483,0.82821643,0.82739776,0.8294777314904,-1.5682901,-1.6092088,1500,1493,test
1900,0.8300004,0.8325844,0.82779914,0.829718,0.8292258129864627,-1.5682963,-1.6224004,1500,1493,test
1901,0.8299529,0.8308125,0.8272697,0.8283776,0.8289708151207243,-1.5683025,-1.6073723,1500,1493,test
1902,0.8294623,0.83174187,0.82699805,0.82894075,0.8288065112269598,-1.5683087,-1.6121094,1500,1493,test
1903,0.8294683,0.833714,0.82617354,0.8301113,0.828641398889594,-1.5683149,-1.6050144,1500,1493,test
1904,0.8286716,0.83162916,0.82604516,0.8286246,0.8284428613869235,-1.5683211,-1.6045532,1500,1493,test
1905,0.82841444,0.8291324,0.825818,0.8268422,0.8282025737798361,-1.5683272,-1.5968345,1500,1493,test
1906,0.8281493,0.8305774,0.82535666,0.8277234,0.8279104116465101,-1.5683333,-1.597661,1500,1493,test
1907,0.8275588,0.8327465,0.82520396,0.82916987,0.8276986427902511,-1.5683393,-1.6076057,1500,1493,test
1908,0.82756096,0.83298934,0.82492954,0.82927275,0.8275448993371725,-1.5683453,-1.6046172,1500,1493,test
1909,0.8269722,0.82929915,0.82474685,0.8266728,0.8273319751695745,-1.5683514,-1.5959083,1500,1493,test
1910,0.8270371,0.8301848,0.82419884,0.82713675,0.8271029089614268,-1.5683573,-1.598385,1500,1493,test
1911,0.82649094,0.82812464,0.82440287,0.8257435,0.8268699762062236,-1.5683632,-1.6032591,1500,1493,test
1912,0.82591176,0.82962155,0.82359296,0.8265487,0.8267466854977686,-1.5683692,-1.6116198,1500,1493,test
1913,0.8259573,0.8301407,0.8232953,0.8268386,0.826518068463657,-1.568375,-1.6083624,1500,1493,test
1914,0.8253801,0.82776535,0.8231707,0.82511616,0.8262310958348051,-1.5683808,-1.6217816,1500,1493,test
1915,0.82534885,0.8288513,0.8225982,0.8257458,0.8259713897246104,-1.5683867,-1.6110213,1500,1493,test
1916,0.824773,0.8318808,0.82231975,0.82775146,0.8257106739563667,-1.5683925,-1.6237388,1500,1493,test
1917,0.82480675,0.8300158,0.82158166,0.8262868,0.825527477952658,-1.5683982,-1.6100423,1500,1493,test
1918,0.8242592,0.8292647,0.8215546,0.825715,0.8253194216426255,-1.568404,-1.6266329,1500,1493,test
1919,0.8236998,0.8280327,0.82146037,0.82485294,0.8250233342216498,-1.5684097,-1.6176741,1500,1493,test
1920,0.82372195,0.82696605,0.82124203,0.8239728,0.8247104221141988,-1.5684154,-1.6492631,1500,1493,test
1921,0.8231653,0.8284795,0.8207457,0.82487106,0.8245375073683073,-1.568421,-1.6587615,1500,1493,test
1922,0.8231206,0.82714975,0.82044655,0.823863,0.824336639012023,-1.5684266,-1.6590207,1500,1493,test
1923,0.82254237,0.8264984,0.82025903,0.8233808,0.8240926478245851,-1.5684322,-1.6499863,1500,1493,test
1924,0.8225608,0.82536334,0.82012254,0.82253855,0.8238096171069076,-1.5684378,-1.6558096,1500,1493,test
1925,0.8220256,0.8282022,0.8191685,0.82426417,0.8234850375478637,-1.5684434,-1.6545885,1500,1493,test
1926,0.8220707,0.82771707,0.8188286,0.82385176,0.8232375459048848,-1.5684489,-1.647616,1500,1493,test
1927,0.8214922,0.8261615,0.8187796,0.82272696,0.8229082142481129,-1.5684544,-1.6586542,1500,1493,test
1928,0.8209486,0.82700384,0.81856227,0.82324165,0.8226228234543583,-1.5684599,-1.6643958,1500,1493,test
1929,0.82091784,0.82389605,0.8186003,0.82107717,0.8223890464231028,-1.5684654,-1.6677382,1500,1493,test
1930,0.8203098,0.8245531,0.81809187,0.82139874,0.8221574281063182,-1.5684707,-1.6676326,1500,1493,test
1931,0.82005537,0.8263575,0.817571,0.822539,0.8218270792324044,-1.5684762,-1.6585729,1500,1493,test
1932,0.8198045,0.82756054,0.81720024,0.8232756,0.8214894729080673,-1.5684816,-1.6595359,1500,1493,test
1933,0.8198445,0.82625306,0.816824,0.82225883,0.8212749349084962,-1.5684868,-1.6612474,1500,1493,test
1934,0.81951576,0.82383835,0.8169802,0.82061064,0.8210399168453257,-1.5684922,-1.6640205,1500,1493,test
1935,0.8190189,0.8250526,0.8163359,0.8212744,0.8207373020184311,-1.5684975,-1.6678808,1500,1493,test
1936,0.8189301,0.8235705,0.81614846,0.82022905,0.8204509070182473,-1.5685028,-1.6523826,1500,1493,test
1937,0.8183451,0.8203435,0.8165113,0.8180592,0.820183799952315,-1.568508,-1.6595911,1500,1493,test
1938,0.81837255,0.8221623,0.81581205,0.8191646,0.8199424223129161,-1.5685133,-1.6492674,1500,1493,test
1939,0.81782824,0.82656336,0.81518793,0.82202125,0.8197441038173867,-1.5685184,-1.6670008,1500,1493,test
1940,0.8178561,0.82429165,0.8144153,0.8202843,0.8194799757105686,-1.5685236,-1.6449172,1500,1493,test
1941,0.8173072,0.82322055,0.8144443,0.81952494,0.8191891190470858,-1.5685288,-1.6532271,1500,1493,test
1942,0.816877,0.8204955,0.8145392,0.8176613,0.8189521443330918,-1.5685339,-1.648942,1500,1493,test
1943,0.81672317,0.82006,0.81458205,0.81734496,0.8187213134594272,-1.568539,-1.6587856,1500,1493,test
1944,0.81613886,0.8218993,0.8138278,0.8184283,0.8184523979719127,-1.568544,-1.6572356,1500,1493,test
1945,0.815888,0.8220301,0.8133475,0.81840366,0.8181852214700591,-1.5685492,-1.6518629,1500,1493,test
1946,0.81570166,0.8198218,0.81336015,0.8168627,0.8179360621863521,-1.5685542,-1.6538043,1500,1493,test
1947,0.8153984,0.82229567,0.81283635,0.81844634,0.817705836391165,-1.5685592,-1.6538881,1500,1493,test
1948,0.81483805,0.8212797,0.8123593,0.81759363,0.8174715862395191,-1.5685642,-1.6604781,1500,1493,test
1949,0.81455016,0.81966674,0.81225157,0.8164576,0.817217213883006,-1.5685692,-1.6534309,1500,1493,test
1950,0.81447846,0.8202795,0.81169814,0.8167149,0.81691621280843,-1.5685741,-1.661994,1500,1493,test
1951,0.8139126,0.81927514,0.81197333,0.8160944,0.8166871611041826,-1.5685791,-1.6597009,1500,1493,test
1952,0.8139088,0.82142395,0.81142795,0.8174704,0.8164670027291243,-1.568584,-1.6497412,1500,1493,test
1953,0.81340414,0.82056344,0.8102352,0.8165411,0.8161997415314051,-1.5685889,-1.653328,1500,1493,test
1954,0.81343466,0.8200357,0.80991405,0.8160889,0.8159227490076628,-1.5685937,-1.6524763,1500,1493,test
1955,0.81287295,0.81764483,0.81036574,0.8145349,0.8156444226745658,-1.5685985,-1.6559806,1500,1493,test
1956,0.8123109,0.8199079,0.8094174,0.8158691,0.8153829651566312,-1.5686034,-1.6513782,1500,1493,test
1957,0.81227887,0.8215734,0.80945057,0.8170065,0.8151917949630252,-1.5686082,-1.6645606,1500,1493,test
1958,0.8116933,0.8179084,0.8094356,0.814468,0.8150001507660776,-1.5686129,-1.6562271,1500,1493,test
1959,0.8117145,0.8197495,0.80880535,0.81557184,0.8148341651772606,-1.5686177,-1.6604068,1500,1493,test
1960,0.8111603,0.81970793,0.80884075,0.81553376,0.8146254111044662,-1.5686225,-1.6679754,1500,1493,test
1961,0.8112073,0.82000995,0.80830187,0.81560004,0.8143903229843383,-1.5686271,-1.6677399,1500,1493,test
1962,0.8106082,0.81722724,0.8076889,0.8135043,0.8141448210178192,-1.5686319,-1.6640986,1500,1493,test
1963,0.8106328,0.8168539,0.8075174,0.8131894,0.8138569700274668,-1.5686365,-1.6675398,1500,1493,test
1964,0.810029,0.81492686,0.80751103,0.8118168,0.8136088875979486,-1.5686412,-1.6786715,1500,1493,test
1965,0.81000453,0.8151754,0.80738586,0.8119756,0.8134573665830772,-1.5686458,-1.6708761,1500,1493,test
1966,0.8094585,0.8174672,0.8063646,0.81330204,0.8133044210456826,-1.5686504,-1.6696165,1500,1493,test
1967,0.80950075,0.8183384,0.8059941,0.81380653,0.8131104116531572,-1.568655,-1.6709447,1500,1493,test
1968,0.80897516,0.81680334,0.8054225,0.8125433,0.8128629231923148,-1.5686595,-1.6869452,1500,1493,test
1969,0.8083882,0.8180937,0.80584013,0.81355226,0.8125995814553039,-1.5686642,-1.6880999,1500,1493,test
1970,0.80841815,0.8172784,0.8055821,0.8129112,0.8123466420120561,-1.5686687,-1.6894333,1500,1493,test
1971,0.8078354,0.8153064,0.8052454,0.8114127,0.8121382259558805,-1.5686731,-1.7028966,1500,1493,test
1972,0.8077945,0.8159523,0.8042974,0.8116348,0.8118911565508183,-1.5686777,-1.6921178,1500,1493,test
1973,0.807251,0.81472486,0.8041968,0.8107546,0.8116419789604741,-1.5686822,-1.691062,1500,1493,test
1974,0.80730987,0.81488633,0.8039521,0.81082064,0.8113906931848638,-1.5686866,-1.683265,1500,1493,test
1975,0.8067433,0.81618404,0.80308324,0.8114602,0.8111372992239874,-1.568691,-1.6961088,1500,1493,test
1976,0.80626416,0.815356,0.80288786,0.8108231,0.8108817970778449,-1.5686955,-1.6990895,1500,1493,test
1977,0.806222,0.81475806,0.8025112,0.8103019,0.8106241867464364,-1.5686998,-1.7003374,1500,1493,test
1978,0.8056069,0.81544113,0.8030816,0.8109288,0.8103644682297618,-1.5687042,-1.7013752,1500,1493,test
1979,0.80556494,0.81755793,0.80214375,0.8121401,0.8101026415278211,-1.5687087,-1.7064481,1500,1493,test
1980,0.8050662,0.8150209,0.80163926,0.8102447,0.8098387066406143,-1.568713,-1.7028028,1500,1493,test
1981,0.8050779,0.81466234,0.80127746,0.8099028,0.8095726635681415,-1.5687174,-1.700644,1500,1493,test
1982,0.80451226,0.81280637,0.8014037,0.808645,0.8093045123104026,-1.5687217,-1.6997231,1500,1493,test
1983,0.80400634,0.8144325,0.8009712,0.8096453,0.8090342528673975,-1.568726,-1.7067115,1500,1493,test
1984,0.80394727,0.81225634,0.80070496,0.8080234,0.8087618852391264,-1.5687302,-1.7201331,1500,1493,test
1985,0.8033566,0.8120619,0.8002433,0.80775094,0.8084874094255893,-1.5687345,-1.7253377,1500,1493,test
1986,0.8033522,0.8145516,0.7997883,0.80936766,0.808210825426786,-1.5687387,-1.7240494,1500,1493,test
1987,0.8028553,0.814272,0.79884785,0.80890274,0.8079321332427167,-1.568743,-1.7310357,1500,1493,test
1988,0.8028974,0.8130759,0.79869586,0.8080372,0.8076513328733813,-1.5687472,-1.7272809,1500,1493,test
1989,0.80231434,0.8122695,0.79882455,0.8075013,0.8073684243187799,-1.5687513,-1.7306299,1500,1493,test
1990,0.80230695,0.8119339,0.7984935,0.807187,0.8070834075789123,-1.5687555,-1.7271109,1500,1493,test
1991,0.8017244,0.8096532,0.7987069,0.805639,0.8067962826537787,-1.5687597,-1.7333088,1500,1493,test
1992,0.8016675,0.81054425,0.7984592,0.80618095,0.8065070495433789,-1.5687639,-1.7384521,1500,1493,test
1993,0.80119276,0.8106729,0.7971228,0.80591154,0.8062157082477132,-1.5687679,-1.7384362,1500,1493,test
1994,0.80120856,0.8105445,0.79681844,0.80574983,0.8059222587667813,-1.5687721,-1.7345467,1500,1493,test
1995,0.8006227,0.81128407,0.79701334,0.8063005,0.8056267011005833,-1.5687761,-1.7415521,1500,1493,test
1996,0.80008614,0.80919945,0.79641074,0.8046795,0.8053290352491193,-1.5687802,-1.7438664,1500,1493,test
