cycle_index,true_soh,pred_soh_deepopinn,pred_soh_lax,pred_soh_fusion_raw,pred_soh_fusion_post,true_kpd,pred_kpd,true_knee_cycle,pred_knee_cycle,split
0,1.0813828,1.0804172,1.0818101,1.0779383,1.079446784338393,1.5702249,1.482576,1750,1746,valid
1,1.0824904,1.0822444,1.0808102,1.0782838,1.0797153598894016,1.5702245,1.4758058,1750,1746,valid
2,1.0825081,1.0844728,1.083203,1.0804151,1.079976255553749,1.5702243,1.4819255,1750,1746,valid
3,1.0824693,1.0848466,1.0836556,1.0807712,1.0802294713314355,1.5702239,1.4771663,1750,1746,valid
4,1.0830356,1.0842619,1.0826181,1.0799426,1.0804750072224611,1.5702236,1.4564568,1750,1746,valid
5,1.0836413,1.0837407,1.083767,1.0802609,1.0807128632268257,1.5702232,1.4636098,1750,1746,valid
6,1.0836126,1.084663,1.0848216,1.0810897,1.0809430393445294,1.570223,1.4471183,1750,1746,valid
7,1.0835167,1.0854828,1.0862976,1.0821738,1.0811655355755723,1.5702226,1.4557936,1750,1746,valid
8,1.0835983,1.0840114,1.0864806,1.0820128,1.0813803519199539,1.5702223,1.5570993,1750,1746,valid
9,1.0841538,1.0854717,1.0857198,1.0823717,1.0815874883776746,1.5702219,1.567553,1750,1746,valid
10,1.084133,1.0848545,1.0864302,1.082368,1.0817869449487345,1.5702217,1.5558299,1750,1746,valid
11,1.0841349,1.084263,1.0863247,1.0820948,1.0819787216331334,1.5702213,1.5667441,1750,1746,valid
12,1.0840275,1.0854622,1.0869329,1.0830058,1.0821628184308711,1.570221,1.5890076,1750,1746,valid
13,1.0840594,1.0855755,1.0862415,1.0826858,1.082339235341948,1.5702206,1.574808,1750,1746,valid
14,1.0840693,1.0861481,1.0876676,1.0836477,1.082507972366364,1.5702202,1.58774,1750,1746,valid
15,1.0840505,1.0854477,1.0874447,1.0831956,1.082669029504119,1.57022,1.5796487,1750,1746,valid
16,1.0840502,1.0850781,1.0877322,1.0827242,1.082822406755213,1.5702196,1.4743304,1750,1746,valid
17,1.0839995,1.0845541,1.0879663,1.0825787,1.0829681041196462,1.5702193,1.4710249,1750,1746,valid
18,1.0845476,1.0859476,1.0866615,1.0825694,1.0831061215974183,1.5702189,1.460015,1750,1746,valid
19,1.0846022,1.0864246,1.0880734,1.0835009,1.0832364591885293,1.5702187,1.4763863,1750,1746,valid
20,1.084638,1.0859019,1.0874871,1.082991,1.0833591168929795,1.5702183,1.4752712,1750,1746,valid
21,1.0845902,1.0857282,1.0878888,1.083101,1.0834740947107686,1.570218,1.4766213,1750,1746,valid
22,1.0845947,1.0858097,1.0885898,1.0834503,1.083581392641897,1.5702176,1.4748554,1750,1746,valid
23,1.0845877,1.0859817,1.0884849,1.0834795,1.0836810106863641,1.5702173,1.4745884,1750,1746,valid
24,1.0845988,1.0859396,1.0887824,1.0838673,1.0837729488441705,1.5702169,1.5393796,1750,1746,valid
25,1.0845578,1.0855293,1.0889306,1.0837446,1.0838572071152945,1.5702167,1.5384904,1750,1746,valid
26,1.0846393,1.0856218,1.0890949,1.0839487,1.0838832805109455,1.5702163,1.5599899,1750,1746,valid
27,1.084537,1.0853833,1.0894338,1.0839666,1.083882931396676,1.570216,1.5529815,1750,1746,valid
28,1.0845321,1.0851885,1.089332,1.0837523,1.0839337694077409,1.5702156,1.533489,1750,1746,valid
29,1.0846628,1.0857788,1.089222,1.0840579,1.0839786567883047,1.5702152,1.5549757,1750,1746,valid
30,1.0845586,1.0849813,1.0895573,1.0838134,1.0839864463400264,1.570215,1.5463856,1750,1746,valid
31,1.0845555,1.0849708,1.089665,1.083874,1.0839836431193663,1.5702146,1.5503663,1750,1746,valid
32,1.0839928,1.0855229,1.0896052,1.0839828,1.083979393091776,1.5702143,1.522299,1750,1746,valid
33,1.0839905,1.0854663,1.089728,1.0839986,1.0840070630397372,1.5702139,1.5187732,1750,1746,valid
34,1.0839322,1.0870875,1.0888822,1.0844047,1.084033207773571,1.5702136,1.5320847,1750,1746,valid
35,1.0845697,1.0859832,1.0895494,1.0842085,1.084060489938295,1.5702132,1.5324432,1750,1746,valid
36,1.0838635,1.0861325,1.0892208,1.0840945,1.0840709785763716,1.5702128,1.5246798,1750,1746,valid
37,1.083889,1.0859091,1.0892898,1.0840302,1.0840660052897748,1.5702126,1.5260645,1750,1746,valid
38,1.0839565,1.0863202,1.0891219,1.0841507,1.0840599699472067,1.5702122,1.5285294,1750,1746,valid
39,1.0839895,1.086699,1.0895834,1.0845308,1.0840374909510049,1.5702119,1.5279154,1750,1746,valid
40,1.083958,1.086135,1.0892664,1.0840989,1.084058446023755,1.5702115,1.5204349,1750,1746,valid
41,1.0839674,1.0858544,1.089435,1.0840473,1.0840474185069833,1.5702112,1.5202072,1750,1746,valid
42,1.0834198,1.0849143,1.0898805,1.0837731,1.0840164660386595,1.5702108,1.5082053,1750,1746,valid
43,1.0834035,1.0848536,1.0900815,1.0839171,1.0839745981128341,1.5702105,1.5274652,1750,1746,valid
44,1.0833842,1.0852003,1.0901773,1.0840778,1.0839449621093982,1.5702102,1.5176607,1750,1746,valid
45,1.0833756,1.0853779,1.090148,1.0841868,1.083923869849704,1.5702099,1.5277002,1750,1746,valid
46,1.083343,1.0859365,1.0893923,1.0840936,1.0838816719348305,1.5702095,1.5270914,1750,1746,valid
47,1.0833447,1.085787,1.0895306,1.084063,1.0838424870618195,1.5702091,1.5208751,1750,1746,valid
48,1.0833478,1.0856475,1.0890672,1.0837003,1.0838062442786107,1.5702088,1.4997988,1750,1746,valid
49,1.0833917,1.0858829,1.0889829,1.0837592,1.0837524261190121,1.5702084,1.4975014,1750,1746,valid
50,1.083244,1.0854903,1.0896811,1.0839635,1.0837275489988019,1.5702081,1.5128622,1750,1746,valid
51,1.0828357,1.0840195,1.090047,1.0834128,1.0836990918385845,1.5702077,1.5011604,1750,1746,valid
52,1.0828096,1.0847237,1.090125,1.0837595,1.083694688171986,1.5702074,1.4990361,1750,1746,valid
53,1.0828729,1.0841712,1.0900012,1.0834694,1.0836799801747177,1.570207,1.5032146,1750,1746,valid
54,1.0827758,1.0842633,1.0900557,1.0835373,1.0836570220219217,1.5702068,1.5034895,1750,1746,valid
55,1.0822532,1.0842013,1.0897423,1.0834014,1.0836476931423453,1.5702064,1.5119267,1750,1746,valid
56,1.0822651,1.085046,1.08944,1.0834275,1.0836030338441545,1.570206,1.4601173,1750,1746,valid
57,1.0822486,1.0848153,1.0902897,1.0837793,1.0835548881015442,1.5702057,1.4761729,1750,1746,valid
58,1.0821866,1.0850736,1.0893017,1.0834222,1.0835014262926392,1.5702053,1.470594,1750,1746,valid
59,1.0817249,1.0837458,1.089772,1.0829525,1.0834490945890956,1.570205,1.4519674,1750,1746,valid
60,1.0817684,1.0831931,1.090034,1.0828708,1.0834233478747983,1.5702046,1.4635282,1750,1746,valid
61,1.08172,1.0835805,1.090048,1.083077,1.083397840777951,1.5702043,1.4690056,1750,1746,valid
62,1.081677,1.0831759,1.0901908,1.082943,1.0833806261994154,1.5702039,1.4654825,1750,1746,valid
63,1.0811305,1.0844809,1.0904065,1.0836139,1.0833588953846813,1.5702035,1.4606462,1750,1746,valid
64,1.0811664,1.0846537,1.0901273,1.0837022,1.083330800720718,1.5702032,1.4927206,1750,1746,valid
65,1.0812265,1.0837473,1.0896324,1.0830436,1.08330014408714,1.5702028,1.4878358,1750,1746,valid
66,1.0811622,1.0854703,1.0890788,1.0835664,1.0832757901496053,1.5702025,1.4859489,1750,1746,valid
67,1.0811248,1.0854678,1.0890211,1.0836254,1.0832324177657697,1.5702021,1.5064608,1750,1746,valid
68,1.0811629,1.0854359,1.0891029,1.0836456,1.0831958037458944,1.5702018,1.5058076,1750,1746,valid
69,1.0811656,1.0835413,1.0895654,1.0829263,1.0831635119153402,1.5702014,1.4894648,1750,1746,valid
70,1.0812044,1.0839101,1.0901304,1.0833292,1.0831143249808823,1.570201,1.4841497,1750,1746,valid
71,1.0805833,1.0844342,1.0896791,1.0833821,1.0830716068265058,1.5702007,1.4889857,1750,1746,valid
72,1.0805925,1.0838932,1.0898162,1.0831815,1.0830305780477818,1.5702003,1.4849375,1750,1746,valid
73,1.0805867,1.084212,1.0895948,1.0832543,1.0830048730131288,1.5702,1.4917557,1750,1746,valid
74,1.0805984,1.0850345,1.0899749,1.0838012,1.082974935064489,1.5701996,1.4916323,1750,1746,valid
75,1.0806236,1.0840086,1.0896586,1.0831602,1.08293391575252,1.5701994,1.4844875,1750,1746,valid
76,1.0805922,1.0837401,1.0897511,1.08307,1.082929280396137,1.570199,1.4820678,1750,1746,valid
77,1.079988,1.0816513,1.0902749,1.0822997,1.0829080248416683,1.5701987,1.4681555,1750,1746,valid
78,1.0800064,1.0821104,1.0901903,1.0824839,1.0828856183636182,1.5701983,1.4714283,1750,1746,valid
79,1.0800129,1.0818822,1.0901711,1.0823648,1.082863866922375,1.5701979,1.4698795,1750,1746,valid
80,1.0800307,1.0809568,1.0902195,1.0819966,1.0828545943573,1.5701976,1.477004,1750,1746,valid
81,1.0795007,1.0838628,1.0891668,1.0828009,1.0828533086175136,1.5701972,1.4684465,1750,1746,valid
82,1.0794938,1.0839052,1.0894094,1.0829109,1.0828394132544927,1.5701967,1.4638113,1750,1746,valid
83,1.0794939,1.0842091,1.0896021,1.0831935,1.0828327963059237,1.5701964,1.4769977,1750,1746,valid
84,1.0795422,1.0843798,1.089533,1.0832125,1.0828123721869045,1.570196,1.4706477,1750,1746,valid
85,1.0795239,1.0837756,1.0891753,1.0827651,1.0827818744819446,1.5701957,1.4684227,1750,1746,valid
86,1.0795268,1.083216,1.0893836,1.0825788,1.0827366390671749,1.5701953,1.4621989,1750,1746,valid
87,1.0789306,1.0816611,1.0898317,1.0821211,1.082653658212191,1.570195,1.4726182,1750,1746,valid
88,1.0789393,1.0818942,1.0896968,1.0820975,1.082566354781764,1.5701946,1.4568328,1750,1746,valid
89,1.0790079,1.0823619,1.0896419,1.0823656,1.0825107157947056,1.5701942,1.4755305,1750,1746,valid
90,1.0789747,1.0820562,1.08994,1.082331,1.082475615740098,1.5701939,1.4681612,1750,1746,valid
91,1.078928,1.0816721,1.0900406,1.0821133,1.082422325169833,1.5701935,1.447617,1750,1746,valid
92,1.0784782,1.0828192,1.0900393,1.082712,1.0823868120126043,1.5701932,1.4655676,1750,1746,valid
93,1.0788875,1.0817392,1.0899348,1.0822023,1.0823436348745163,1.5701928,1.4723071,1750,1746,valid
94,1.0789385,1.0819589,1.0895269,1.0821363,1.0823052554533312,1.5701925,1.4770103,1750,1746,valid
95,1.0783927,1.0842696,1.0890532,1.0829191,1.0822571688063858,1.5701921,1.4649749,1750,1746,valid
96,1.0783471,1.0840499,1.0894854,1.0829763,1.0822410244436997,1.5701917,1.4557182,1750,1746,valid
97,1.0783176,1.08406,1.0895377,1.0830133,1.0822275132970063,1.5701914,1.4576948,1750,1746,valid
98,1.0784087,1.0827523,1.0899321,1.0826117,1.082196900940624,1.570191,1.4606743,1750,1746,valid
99,1.0783814,1.0825201,1.0898297,1.0824586,1.0821812174868624,1.5701907,1.4604977,1750,1746,valid
100,1.0783944,1.0841687,1.0893495,1.0829744,1.0821915110493006,1.5701903,1.4571201,1750,1746,valid
101,1.0778365,1.0819234,1.0894296,1.0820166,1.082177405281843,1.57019,1.463237,1750,1746,valid
102,1.077812,1.0817113,1.0895549,1.081983,1.0821709655500646,1.5701895,1.4645516,1750,1746,valid
103,1.0778003,1.0820887,1.0899633,1.0823462,1.0821449126513154,1.5701891,1.4657966,1750,1746,valid
104,1.077853,1.0825866,1.0888588,1.0820326,1.08210294835954,1.5701888,1.4574137,1750,1746,valid
105,1.0778015,1.0809282,1.0894278,1.0815921,1.0820516093340993,1.5701884,1.4699223,1750,1746,valid
106,1.0772256,1.0792687,1.0900036,1.081008,1.081984195796368,1.570188,1.448628,1750,1746,valid
107,1.0772831,1.0799257,1.0898912,1.0812584,1.0819274503789367,1.5701877,1.449319,1750,1746,valid
108,1.0772673,1.0800611,1.0895885,1.081237,1.0818724767162877,1.5701873,1.4620042,1750,1746,valid
109,1.0773255,1.0799012,1.0898119,1.0812377,1.0818386505342708,1.570187,1.455419,1750,1746,valid
110,1.0773091,1.0790427,1.089751,1.0809026,1.0818159910540865,1.5701866,1.4747093,1750,1746,valid
111,1.0772963,1.0793425,1.09008,1.0810577,1.0817766788173078,1.5701863,1.4443264,1750,1746,valid
112,1.076729,1.0828025,1.0893422,1.082458,1.0817293363366949,1.5701858,1.4822507,1750,1746,valid
113,1.0768075,1.0833079,1.0890008,1.0825434,1.0816774125190665,1.5701854,1.484918,1750,1746,valid
114,1.0767124,1.0826433,1.0890471,1.08225,1.0816280410449886,1.5701851,1.4820455,1750,1746,valid
115,1.0767238,1.0819923,1.0885962,1.0817589,1.0816038686552982,1.5701847,1.4845111,1750,1746,valid
116,1.0766741,1.0817053,1.0889269,1.0817419,1.0815692795030465,1.5701844,1.4757605,1750,1746,valid
117,1.0766624,1.0819659,1.0884315,1.081677,1.0815139216429712,1.570184,1.4857448,1750,1746,valid
118,1.0767188,1.0825793,1.0888139,1.082118,1.0814768964807895,1.5701836,1.4828637,1750,1746,valid
119,1.0767919,1.0826998,1.0887849,1.0821652,1.0814366377332143,1.5701832,1.4841665,1750,1746,valid
120,1.0766597,1.0818204,1.0890516,1.0818844,1.081390516647615,1.5701828,1.4835567,1750,1746,valid
121,1.076116,1.0799608,1.0893666,1.0811975,1.0813657534335834,1.5701824,1.4870709,1750,1746,valid
122,1.0761449,1.0801708,1.0892059,1.0811416,1.0813057496946084,1.5701821,1.4688078,1750,1746,valid
123,1.0761232,1.0806347,1.0895966,1.0815364,1.081261980233591,1.5701817,1.470117,1750,1746,valid
124,1.0761921,1.0804893,1.0887958,1.0811176,1.0812197381063249,1.5701814,1.4730492,1750,1746,valid
125,1.0761615,1.0793802,1.0892833,1.080804,1.0811758235982032,1.5701809,1.4656707,1750,1746,valid
126,1.0761125,1.0795683,1.0893564,1.0810122,1.0811539581454745,1.5701805,1.4865767,1750,1746,valid
127,1.0755525,1.0785015,1.0896629,1.0806115,1.0811218901688457,1.5701802,1.4735607,1750,1746,valid
128,1.0756183,1.0781816,1.0892915,1.0803216,1.0811279315165658,1.5701798,1.4794055,1750,1746,valid
129,1.075596,1.079862,1.0887316,1.0808411,1.0811177764857498,1.5701795,1.4819398,1750,1746,valid
130,1.075593,1.0797228,1.0891069,1.0809127,1.0810884821981497,1.570179,1.4734553,1750,1746,valid
131,1.0756322,1.0798501,1.0889838,1.0809348,1.0810674607312063,1.5701786,1.4782248,1750,1746,valid
132,1.0750954,1.0808797,1.0888091,1.0813136,1.0810111570758767,1.5701783,1.4759465,1750,1746,valid
133,1.0751271,1.0813361,1.0886265,1.0814508,1.0809480509440998,1.5701779,1.4789739,1750,1746,valid
134,1.0751177,1.080472,1.088905,1.0811367,1.0809102918761875,1.5701776,1.4677266,1750,1746,valid
135,1.0750812,1.080007,1.0886012,1.0808871,1.0808892804403323,1.5701771,1.4912585,1750,1746,valid
136,1.0750744,1.0800138,1.0889978,1.0810841,1.08082790925478,1.5701767,1.494339,1750,1746,valid
137,1.0751474,1.0807296,1.0888089,1.0812352,1.0807591146508733,1.5701764,1.4735972,1750,1746,valid
138,1.0751083,1.0804598,1.0881919,1.0809304,1.080754924928619,1.570176,1.4969618,1750,1746,valid
139,1.0750613,1.0798304,1.0884107,1.0807307,1.0807550441406089,1.5701756,1.4938027,1750,1746,valid
140,1.0744932,1.0777868,1.0890278,1.079999,1.0807564941958294,1.5701752,1.4740772,1750,1746,valid
141,1.0745075,1.0781888,1.0889543,1.0801555,1.0807335562807197,1.5701748,1.47578,1750,1746,valid
142,1.0745636,1.0790919,1.0888149,1.0805229,1.0806974300930474,1.5701745,1.4805431,1750,1746,valid
143,1.0745429,1.0786437,1.0891176,1.0804619,1.0806638310186463,1.5701741,1.4816403,1750,1746,valid
144,1.0745463,1.077929,1.0888432,1.0799973,1.0806184263228507,1.5701736,1.478256,1750,1746,valid
145,1.0744755,1.0775259,1.0892855,1.0799788,1.0805824589584905,1.5701733,1.4696631,1750,1746,valid
146,1.0744826,1.0776367,1.0891047,1.0799714,1.0805428724288295,1.5701729,1.4754051,1750,1746,valid
147,1.0739379,1.081847,1.0879931,1.0813991,1.0804837183270704,1.5701725,1.4801418,1750,1746,valid
148,1.0739958,1.0815401,1.0877026,1.081205,1.0804296749472664,1.5701721,1.4985446,1750,1746,valid
149,1.0739988,1.0811725,1.0878843,1.0810107,1.0804042015213933,1.5701717,1.4726397,1750,1746,valid
150,1.0739715,1.0810487,1.0883198,1.0811234,1.080375712283295,1.5701714,1.4657348,1750,1746,valid
151,1.074001,1.0812893,1.0881023,1.081162,1.080330488514308,1.5701709,1.472341,1750,1746,valid
152,1.0739802,1.0796633,1.0887662,1.0807538,1.0803078538323776,1.5701705,1.4789832,1750,1746,valid
153,1.0740302,1.0767446,1.0887209,1.0793711,1.0802724308955387,1.5701702,1.470831,1750,1746,valid
154,1.0734919,1.0787935,1.0884442,1.0802251,1.0802213793667548,1.5701698,1.4821699,1750,1746,valid
155,1.073537,1.079822,1.0883358,1.080648,1.0801722428793545,1.5701693,1.483259,1750,1746,valid
156,1.0734433,1.0784606,1.0881172,1.0799228,1.080122144700868,1.570169,1.4817718,1750,1746,valid
157,1.0734483,1.0794231,1.0881706,1.0804194,1.0800780848351235,1.5701686,1.489903,1750,1746,valid
158,1.073537,1.0808885,1.0877806,1.0808485,1.0800571667572423,1.5701681,1.4759488,1750,1746,valid
159,1.07341,1.0788356,1.0876182,1.0798905,1.0800330265885414,1.5701678,1.487589,1750,1746,valid
160,1.0729045,1.0762204,1.0885347,1.0790814,1.079996827828714,1.5701674,1.4787214,1750,1746,valid
161,1.0730509,1.0776079,1.0889913,1.0798507,1.0799833401706973,1.570167,1.4623871,1750,1746,valid
162,1.0728443,1.0785869,1.0885626,1.080083,1.0799723549222036,1.5701666,1.4583973,1750,1746,valid
163,1.0728979,1.0767895,1.0884485,1.0792189,1.07994742043443,1.5701662,1.4596057,1750,1746,valid
164,1.0729384,1.0764747,1.0887082,1.079162,1.0799271139964104,1.5701658,1.4521875,1750,1746,valid
165,1.0728968,1.0756004,1.088554,1.078791,1.0798980431307101,1.5701654,1.4746841,1750,1746,valid
166,1.0728971,1.0764012,1.0884099,1.0790303,1.079843530898116,1.570165,1.4609082,1750,1746,valid
167,1.0729667,1.0770048,1.0885365,1.0793947,1.0797925085715443,1.5701646,1.4683787,1750,1746,valid
168,1.0728489,1.0767727,1.0882133,1.079206,1.079733548894685,1.5701642,1.4834039,1750,1746,valid
169,1.0723376,1.0792307,1.0876288,1.0801371,1.0796715275839142,1.5701638,1.502328,1750,1746,valid
170,1.0723375,1.0787917,1.0880955,1.0801059,1.0795813239215388,1.5701634,1.4917489,1750,1746,valid
171,1.0724072,1.0790792,1.0879656,1.0801866,1.0794893602527695,1.570163,1.493947,1750,1746,valid
172,1.0723631,1.0798678,1.0873681,1.080343,1.079398240494181,1.5701627,1.510703,1750,1746,valid
173,1.0724132,1.0794727,1.0876013,1.080233,1.0793591325999834,1.5701622,1.501923,1750,1746,valid
174,1.0723404,1.0780462,1.088036,1.0797625,1.0793213165344293,1.5701618,1.4971454,1750,1746,valid
175,1.0722896,1.0780499,1.0874077,1.0794864,1.0792765713091004,1.5701615,1.4992326,1750,1746,valid
176,1.072337,1.0781775,1.0876763,1.0797164,1.0792422220929163,1.570161,1.5110714,1750,1746,valid
177,1.0717487,1.0773839,1.087182,1.0790964,1.0792290067215646,1.5701606,1.5030334,1750,1746,valid
178,1.0718116,1.0770706,1.0872892,1.0789905,1.0792215981756825,1.5701602,1.5000675,1750,1746,valid
179,1.0718014,1.0767992,1.087688,1.0790299,1.0791741205278444,1.5701598,1.4955686,1750,1746,valid
180,1.071755,1.0768774,1.0883359,1.0793524,1.0791433033185514,1.5701594,1.4935331,1750,1746,valid
181,1.0718238,1.0772505,1.0880462,1.0794331,1.07912841004722,1.570159,1.5037926,1750,1746,valid
182,1.0717946,1.0770531,1.0878502,1.0792363,1.0790917553278585,1.5701586,1.4995922,1750,1746,valid
183,1.0716711,1.0764015,1.0875825,1.0788081,1.0790489351561006,1.5701581,1.4972601,1750,1746,valid
184,1.0717671,1.0766742,1.0876228,1.0790862,1.0790228821439445,1.5701578,1.5298473,1750,1746,valid
185,1.0716941,1.0764533,1.0883589,1.079257,1.078968493486796,1.5701574,1.514266,1750,1746,valid
186,1.0711411,1.0744979,1.087882,1.0781859,1.078891167103549,1.5701569,1.522893,1750,1746,valid
187,1.0712258,1.0745642,1.0877692,1.0781536,1.0788454847504738,1.5701566,1.5202353,1750,1746,valid
188,1.0712402,1.0766373,1.0869936,1.0787436,1.078814257106316,1.5701561,1.5204511,1750,1746,valid
189,1.0712216,1.0744362,1.0881379,1.0782633,1.0787612219332254,1.5701557,1.520179,1750,1746,valid
190,1.0712503,1.0744078,1.0881548,1.0782661,1.0787055344648246,1.5701553,1.5221255,1750,1746,valid
191,1.0712581,1.0747423,1.0876422,1.078226,1.0786339409200087,1.5701549,1.5322031,1750,1746,valid
192,1.0711409,1.0742745,1.0877665,1.0780282,1.0785667362962268,1.5701544,1.5220752,1750,1746,valid
193,1.0712333,1.0759865,1.0872381,1.0785252,1.0785090171018004,1.5701541,1.5122825,1750,1746,valid
194,1.0706118,1.0763013,1.0867283,1.0785222,1.07844935864557,1.5701536,1.5331416,1750,1746,valid
195,1.0706562,1.0770822,1.0871319,1.0789739,1.0784150374219272,1.5701532,1.5120139,1750,1746,valid
196,1.0706723,1.0772699,1.086898,1.0789824,1.078413347541345,1.5701529,1.5191628,1750,1746,valid
197,1.0706466,1.0770408,1.0870239,1.0789129,1.0784362544775383,1.5701524,1.513706,1750,1746,valid
198,1.0706817,1.0761856,1.0871791,1.078661,1.0784492486195187,1.570152,1.5297024,1750,1746,valid
199,1.0706602,1.075832,1.0874516,1.078618,1.078458936242129,1.5701516,1.5281723,1750,1746,valid
200,1.0706391,1.0765743,1.087042,1.0788541,1.078446670330147,1.5701512,1.5490094,1750,1746,valid
201,1.0706532,1.0767348,1.0869404,1.0788406,1.0784428890905429,1.5701507,1.539155,1750,1746,valid
202,1.070688,1.0764068,1.0861589,1.0783749,1.0784480170989115,1.5701504,1.5489563,1750,1746,valid
203,1.0701238,1.0742992,1.0873569,1.0778719,1.0784248885985275,1.5701499,1.5267489,1750,1746,valid
204,1.0700656,1.0741336,1.0871421,1.0777323,1.0783995625202936,1.5701495,1.5349307,1750,1746,valid
205,1.0701467,1.0744711,1.087073,1.0778686,1.0783909694473592,1.5701491,1.5384526,1750,1746,valid
206,1.0700698,1.0743095,1.0869299,1.0777426,1.0783924382281778,1.5701487,1.5415521,1750,1746,valid
207,1.0701966,1.0745193,1.0867165,1.0777235,1.0783811348389305,1.5701482,1.5373563,1750,1746,valid
208,1.0701264,1.0738945,1.087265,1.0775465,1.0783682222093296,1.5701479,1.5028449,1750,1746,valid
209,1.0695422,1.076861,1.0863346,1.0785439,1.0783473175863372,1.5701474,1.5202425,1750,1746,valid
210,1.0695466,1.0775758,1.0862472,1.0787605,1.0783404916644157,1.5701469,1.5038036,1750,1746,valid
211,1.0695362,1.077932,1.0860003,1.0788045,1.078347768769291,1.5701466,1.5025297,1750,1746,valid
212,1.069544,1.0772732,1.0859977,1.0785564,1.0783240805665901,1.5701461,1.5151184,1750,1746,valid
213,1.0695347,1.0767417,1.0862795,1.0784243,1.0782927185949562,1.5701457,1.5105844,1750,1746,valid
214,1.0695344,1.0767425,1.0861262,1.0783552,1.078274301500914,1.5701452,1.510701,1750,1746,valid
215,1.0695252,1.0767163,1.0861123,1.0783542,1.0782457265894927,1.5701449,1.5148407,1750,1746,valid
216,1.0695872,1.0772219,1.085842,1.078463,1.078209240854139,1.5701444,1.5153533,1750,1746,valid
217,1.0695304,1.0773337,1.0858063,1.0784982,1.0781683677962455,1.570144,1.515534,1750,1746,valid
218,1.0695505,1.0769508,1.086189,1.0785586,1.0781160312108151,1.5701436,1.5299824,1750,1746,valid
219,1.069492,1.076921,1.0860114,1.0784739,1.0780592881317208,1.5701431,1.5324013,1750,1746,valid
220,1.0695424,1.0776237,1.085767,1.0786749,1.078001931698164,1.5701427,1.5306685,1750,1746,valid
221,1.0694515,1.0749867,1.0863168,1.0776889,1.0779493641897944,1.5701423,1.5215929,1750,1746,valid
222,1.0695299,1.0727489,1.0871025,1.0769408,1.077923116210007,1.5701419,1.500321,1750,1746,valid
223,1.0694216,1.0742525,1.0866387,1.0774632,1.0778989916428205,1.5701414,1.5122979,1750,1746,valid
224,1.0694579,1.0747262,1.0863761,1.077585,1.077864652954554,1.5701411,1.5185803,1750,1746,valid
225,1.0689197,1.0763453,1.0857428,1.0779933,1.0778337591606704,1.5701406,1.5091724,1750,1746,valid
226,1.0690067,1.0744226,1.0865694,1.077497,1.0778013468868546,1.5701401,1.5094172,1750,1746,valid
227,1.0693825,1.0740361,1.0870832,1.0774502,1.0777301747746484,1.5701398,1.4844092,1750,1746,valid
228,1.0688362,1.0754601,1.0863498,1.0778232,1.0776807087032239,1.5701393,1.4985616,1750,1746,valid
229,1.0688745,1.0759778,1.0857124,1.0778006,1.0775984543393364,1.5701388,1.5063823,1750,1746,valid
230,1.0693034,1.0741447,1.0863134,1.0772266,1.0775028915080394,1.5701385,1.5029444,1750,1746,valid
231,1.0692526,1.0734619,1.0868896,1.0771469,1.0774107453841721,1.570138,1.4953067,1750,1746,valid
232,1.0687608,1.0750196,1.086316,1.0777016,1.077306257025648,1.5701376,1.5211465,1750,1746,valid
233,1.0686449,1.0755799,1.0855323,1.077652,1.0771888210353704,1.5701371,1.5339885,1750,1746,valid
234,1.0689147,1.0755085,1.0853704,1.0775205,1.077119671414648,1.5701367,1.5278654,1750,1746,valid
235,1.0688165,1.0747339,1.0855206,1.0773095,1.07705863782719,1.5701363,1.5456544,1750,1746,valid
236,1.0682849,1.0731362,1.0866464,1.0769967,1.0769868015084398,1.5701358,1.5213859,1750,1746,valid
237,1.0683057,1.0729612,1.0864463,1.076853,1.0769199230286808,1.5701354,1.5279803,1750,1746,valid
238,1.0682443,1.0734229,1.0858525,1.076847,1.0768507405119296,1.570135,1.5413278,1750,1746,valid
239,1.0683098,1.0728053,1.0865604,1.0768268,1.0767888744494616,1.5701345,1.5262055,1750,1746,valid
240,1.0682546,1.0724812,1.0863712,1.0765115,1.0767364589006014,1.570134,1.5065523,1750,1746,valid
241,1.0682533,1.0726357,1.0861632,1.0765421,1.076682022177935,1.5701337,1.5198169,1750,1746,valid
242,1.0682769,1.0723604,1.0861951,1.07641,1.0766273183367063,1.5701332,1.5146729,1750,1746,valid
243,1.068256,1.0723616,1.0861017,1.07633,1.076568012502251,1.5701327,1.5055476,1750,1746,valid
244,1.0676879,1.0732579,1.0862664,1.0767845,1.0765339174816713,1.5701324,1.4988265,1750,1746,valid
245,1.0677603,1.073709,1.0856025,1.0767094,1.0764970379930308,1.5701319,1.5041878,1750,1746,valid
246,1.0676268,1.0748981,1.08489,1.0769832,1.0764721421067203,1.5701314,1.5180948,1750,1746,valid
247,1.0671028,1.0726943,1.0853446,1.0760837,1.0764284800769017,1.570131,1.4931418,1750,1746,valid
248,1.0671611,1.0719624,1.0852462,1.075829,1.0763513192484615,1.5701306,1.5225855,1750,1746,valid
249,1.0671777,1.0718912,1.085303,1.0757716,1.076293767990382,1.5701301,1.5103264,1750,1746,valid
250,1.0671518,1.0709603,1.0854872,1.0754131,1.0762370034936315,1.5701296,1.50575,1750,1746,valid
251,1.0672197,1.0708821,1.085836,1.0755206,1.0761910916108983,1.5701292,1.501946,1750,1746,valid
252,1.0666554,1.0745748,1.084894,1.0768255,1.0761133308990856,1.5701288,1.5150807,1750,1746,valid
253,1.0666485,1.0717856,1.0849613,1.0756072,1.0760500475370174,1.5701283,1.5198174,1750,1746,valid
254,1.0666715,1.0728476,1.0850621,1.0760478,1.0759923928169712,1.5701278,1.4986337,1750,1746,valid
255,1.0668691,1.0731117,1.0852531,1.0762012,1.075941909023475,1.5701275,1.4859179,1750,1746,valid
256,1.0666149,1.0735626,1.0840154,1.0760784,1.0758699369947677,1.570127,1.5427625,1750,1746,valid
257,1.0666568,1.0741348,1.083798,1.0762463,1.0757897076713139,1.5701265,1.544428,1750,1746,valid
258,1.0666119,1.0744814,1.0841941,1.0765887,1.075733192574687,1.570126,1.5454473,1750,1746,valid
259,1.0666726,1.0721312,1.0848068,1.0756352,1.0756860504782229,1.5701256,1.505722,1750,1746,valid
260,1.0666447,1.07225,1.0840539,1.075366,1.0756378465823033,1.5701252,1.510583,1750,1746,valid
261,1.0666277,1.0739033,1.0836729,1.0759584,1.0755982241999398,1.5701247,1.5139804,1750,1746,valid
262,1.0661083,1.0719621,1.0855348,1.0759482,1.0755469914635314,1.5701243,1.519591,1750,1746,valid
263,1.0661203,1.0726777,1.0845523,1.075887,1.0754860074374792,1.5701238,1.534493,1750,1746,valid
264,1.0661268,1.0721794,1.0842953,1.0755613,1.0754327640416803,1.5701234,1.5389462,1750,1746,valid
265,1.0660448,1.0710149,1.0847167,1.0751572,1.0753814085533744,1.570123,1.5227621,1750,1746,valid
266,1.0660136,1.0712789,1.0845371,1.0751913,1.0753186397739773,1.5701225,1.5217372,1750,1746,valid
267,1.0660257,1.0718015,1.0842572,1.075327,1.0752629851152,1.570122,1.5279686,1750,1746,valid
268,1.0660822,1.0729395,1.08385,1.0756159,1.0752024075304787,1.5701215,1.5175806,1750,1746,valid
269,1.0660621,1.0710361,1.0841006,1.0749108,1.0751381631199617,1.570121,1.5288011,1750,1746,valid
270,1.066016,1.070613,1.0846772,1.0749714,1.075080540931423,1.5701207,1.5263879,1750,1746,valid
271,1.065489,1.0696279,1.0855576,1.0748498,1.0750146806030605,1.5701202,1.5083027,1750,1746,valid
272,1.0656115,1.0691426,1.085117,1.074488,1.0749712022812135,1.5701197,1.5227334,1750,1746,valid
273,1.0655336,1.0698386,1.0850213,1.0747037,1.0749107097595796,1.5701193,1.5089648,1750,1746,valid
274,1.0655931,1.0709676,1.0830461,1.0743752,1.0748169022201997,1.5701188,1.5231278,1750,1746,valid
275,1.06555,1.0705239,1.0834881,1.0743341,1.0747265392646843,1.5701183,1.513314,1750,1746,valid
276,1.0655397,1.070679,1.0832508,1.074309,1.0746231275159843,1.570118,1.5163337,1750,1746,valid
277,1.0649847,1.0720971,1.083199,1.0749006,1.0745398545929763,1.5701175,1.509201,1750,1746,valid
278,1.0650587,1.0706389,1.0832928,1.0743427,1.0744966941337661,1.570117,1.52425,1750,1746,valid
279,1.0650042,1.0713065,1.0831789,1.0745232,1.0744152115939332,1.5701165,1.5071247,1750,1746,valid
280,1.0650328,1.0705924,1.0833367,1.0743126,1.0743456822256454,1.570116,1.5172215,1750,1746,valid
281,1.0650276,1.070655,1.0837842,1.0744859,1.074280321483275,1.5701156,1.5030584,1750,1746,valid
282,1.0650012,1.0719573,1.0829159,1.0747004,1.0742248086719142,1.5701151,1.5073895,1750,1746,valid
283,1.0649905,1.0719526,1.0825564,1.0745366,1.0741684244168586,1.5701146,1.5079722,1750,1746,valid
284,1.0649911,1.0709294,1.0831776,1.0742875,1.0741337469451284,1.5701143,1.4920532,1750,1746,valid
285,1.0648954,1.0703229,1.0838261,1.0742944,1.0740704475225185,1.5701138,1.4889579,1750,1746,valid
286,1.064439,1.0686914,1.084438,1.073843,1.0739961301335967,1.5701133,1.4916704,1750,1746,valid
287,1.0644423,1.0693574,1.0838662,1.0739115,1.07394656630024,1.5701128,1.4979365,1750,1746,valid
288,1.0644737,1.0701627,1.08342,1.0740894,1.0739055439613936,1.5701123,1.5015169,1750,1746,valid
289,1.0644398,1.0687039,1.0842127,1.0738089,1.0738771431642813,1.5701119,1.5066261,1750,1746,valid
290,1.0643766,1.0686295,1.084026,1.0736947,1.0738450259475651,1.5701114,1.5077815,1750,1746,valid
291,1.0643804,1.0688038,1.0838872,1.0737182,1.0737988421075866,1.5701109,1.5095716,1750,1746,valid
292,1.0643613,1.0687988,1.0831975,1.0734276,1.0737467155944733,1.5701104,1.5158908,1750,1746,valid
293,1.0644082,1.0686284,1.0832986,1.0733609,1.0736957334408568,1.57011,1.5074406,1750,1746,valid
294,1.0643345,1.0679349,1.08384,1.0732932,1.0736610920378415,1.5701095,1.5076187,1750,1746,valid
295,1.0643961,1.0679616,1.0843345,1.0734836,1.073613040366047,1.570109,1.4963632,1750,1746,valid
296,1.0638659,1.0693669,1.0834513,1.0737553,1.0735356954543136,1.5701085,1.5047474,1750,1746,valid
297,1.0638932,1.0688356,1.0830343,1.0733697,1.0734765408233238,1.570108,1.5158541,1750,1746,valid
298,1.0639418,1.0686792,1.0824517,1.0730419,1.0734100917173397,1.5701076,1.5180646,1750,1746,valid
299,1.0638789,1.0706204,1.0822583,1.0738705,1.0733532755719613,1.5701071,1.5262223,1750,1746,valid
300,1.0638767,1.0705259,1.0820116,1.0737002,1.073289032265809,1.5701066,1.5226643,1750,1746,valid
301,1.0639073,1.070806,1.0817758,1.073751,1.0732255057544846,1.5701061,1.5301318,1750,1746,valid
302,1.0639176,1.0693882,1.081901,1.0730703,1.0731656787327706,1.5701057,1.5078049,1750,1746,valid
303,1.0633845,1.0684178,1.0827328,1.0729933,1.0731300757061724,1.5701052,1.5042027,1750,1746,valid
304,1.0633388,1.0682161,1.0830258,1.0730894,1.073079452700614,1.5701047,1.5171456,1750,1746,valid
305,1.0633346,1.0682526,1.0829611,1.0730947,1.0730370016647992,1.5701042,1.521547,1750,1746,valid
306,1.0633589,1.0685567,1.0828017,1.0731647,1.072976172052701,1.5701038,1.5226094,1750,1746,valid
307,1.0633922,1.0681914,1.0822237,1.0727596,1.0729467071636978,1.5701033,1.5286024,1750,1746,valid
308,1.0633439,1.0680552,1.0830319,1.0730244,1.0729208436243511,1.5701028,1.5184639,1750,1746,valid
309,1.0633221,1.0677296,1.0828155,1.0727752,1.0728924248198828,1.5701023,1.517891,1750,1746,valid
310,1.0633658,1.0680426,1.0826524,1.0728911,1.0728480716440405,1.5701019,1.5294597,1750,1746,valid
311,1.0633314,1.0684955,1.0824894,1.0730206,1.0728159826088772,1.5701014,1.5289519,1750,1746,valid
312,1.0633543,1.0686295,1.0819947,1.0728451,1.0727684902127743,1.5701009,1.526349,1750,1746,valid
313,1.0633321,1.0675501,1.0827663,1.072662,1.0727058192331118,1.5701004,1.5157127,1750,1746,valid
314,1.0628192,1.0660669,1.0833493,1.0722495,1.0726536492906524,1.5701,1.5148282,1750,1746,valid
315,1.062746,1.0658501,1.0830281,1.0720569,1.0725905701658591,1.5700995,1.5274941,1750,1746,valid
316,1.0627857,1.0671514,1.0819792,1.0720748,1.0725298112466057,1.570099,1.504525,1750,1746,valid
317,1.0627502,1.0672226,1.0823063,1.0722634,1.0724634821653591,1.5700985,1.506202,1750,1746,valid
318,1.0627539,1.0666039,1.0832018,1.0723828,1.0723925821940095,1.570098,1.5043653,1750,1746,valid
319,1.0627774,1.0681845,1.0810103,1.0721984,1.0723280734973963,1.5700976,1.5275084,1750,1746,valid
320,1.0628031,1.0656171,1.0830775,1.0719731,1.0722574218083045,1.570097,1.5274231,1750,1746,valid
321,1.0627475,1.0690017,1.0823187,1.0730991,1.0721889823589212,1.5700965,1.511157,1750,1746,valid
322,1.0622411,1.068961,1.0808715,1.072494,1.0721454002969915,1.570096,1.5289077,1750,1746,valid
323,1.0623139,1.0684525,1.0812529,1.0724158,1.0720701912320885,1.5700955,1.5238501,1750,1746,valid
324,1.0622132,1.0680164,1.0815284,1.072327,1.0719921705922353,1.5700951,1.519941,1750,1746,valid
325,1.0622038,1.0679781,1.081453,1.0722642,1.071936460385801,1.5700946,1.5173255,1750,1746,valid
326,1.0622553,1.0682087,1.0809284,1.0721786,1.071887143454921,1.5700941,1.5290937,1750,1746,valid
327,1.0622717,1.0678972,1.080876,1.0719912,1.0718396543719126,1.5700936,1.523837,1750,1746,valid
328,1.0622867,1.0673274,1.0807985,1.0717574,1.0717778284742994,1.570093,1.5386214,1750,1746,valid
329,1.0617447,1.0659783,1.0822245,1.0717025,1.0717128810316616,1.5700926,1.51639,1750,1746,valid
330,1.061725,1.0658746,1.0819347,1.0715649,1.0716537386998932,1.5700921,1.5264525,1750,1746,valid
331,1.0617656,1.0672024,1.0816578,1.0719826,1.071593517868189,1.5700916,1.5120137,1750,1746,valid
332,1.0616813,1.0657926,1.0809498,1.0710648,1.0715577873806177,1.5700911,1.5232253,1750,1746,valid
333,1.0616735,1.0656072,1.0812274,1.071107,1.0714942463478414,1.5700907,1.5232043,1750,1746,valid
334,1.0616822,1.06569,1.080896,1.0710063,1.0714327340520156,1.57009,1.52629,1750,1746,valid
335,1.0616993,1.0656164,1.0815728,1.0712768,1.0713694876740159,1.5700896,1.5251267,1750,1746,valid
336,1.0616982,1.0658042,1.0804307,1.0708303,1.0713316065724483,1.5700891,1.5225093,1750,1746,valid
337,1.0616893,1.0654945,1.0807106,1.070799,1.0712885736741178,1.5700886,1.5181475,1750,1746,valid
338,1.0616539,1.0651613,1.0822524,1.0713131,1.0712405204254307,1.5700881,1.5090905,1750,1746,valid
339,1.0615537,1.0649418,1.0819293,1.0711447,1.0711904887086408,1.5700876,1.5280786,1750,1746,valid
340,1.0617003,1.0654013,1.0817689,1.0712494,1.0711207208974727,1.5700871,1.5205148,1750,1746,valid
341,1.0616562,1.0650017,1.0818104,1.0710434,1.0710517334185572,1.5700866,1.5101779,1750,1746,valid
342,1.0611306,1.0666109,1.0806569,1.0712543,1.0709624647373024,1.5700861,1.5113808,1750,1746,valid
343,1.0610869,1.0662547,1.0807879,1.0711172,1.0708873415482343,1.5700856,1.5030892,1750,1746,valid
344,1.0611376,1.0663449,1.0797675,1.070768,1.070821822041955,1.570085,1.5211409,1750,1746,valid
345,1.0611522,1.0665826,1.0796002,1.07082,1.070758101640362,1.5700846,1.5260168,1750,1746,valid
346,1.0611815,1.0663656,1.0800463,1.07089,1.0706888999254855,1.5700841,1.5176197,1750,1746,valid
347,1.0611446,1.0648186,1.0800673,1.0702872,1.0706529704470467,1.5700836,1.5397801,1750,1746,valid
348,1.0606003,1.065701,1.0808903,1.070963,1.0706113000594035,1.570083,1.5152905,1750,1746,valid
349,1.060582,1.0656576,1.0802315,1.0707107,1.070577140405134,1.5700825,1.5316772,1750,1746,valid
350,1.0606345,1.0663644,1.0797032,1.0708164,1.0705452070989012,1.5700821,1.5378323,1750,1746,valid
351,1.0606561,1.0657204,1.0797923,1.0705327,1.0705079639664399,1.5700815,1.5301939,1750,1746,valid
352,1.0606246,1.0652806,1.080387,1.0706179,1.0704721089772684,1.570081,1.5336134,1750,1746,valid
353,1.0605556,1.0649719,1.080367,1.070476,1.0704455692399746,1.5700805,1.535476,1750,1746,valid
354,1.0606034,1.0651349,1.0802429,1.0704914,1.0704068020679545,1.57008,1.5349643,1750,1746,valid
355,1.0606582,1.0653805,1.0796341,1.0703902,1.0703916747523003,1.5700794,1.5508257,1750,1746,valid
356,1.0606784,1.0652497,1.0800564,1.0704589,1.0703711451650972,1.570079,1.5350201,1750,1746,valid
357,1.0600827,1.0635749,1.0799831,1.0696847,1.0703609900532767,1.5700785,1.5402201,1750,1746,valid
358,1.0600426,1.0644858,1.0802488,1.0701729,1.0703223470426366,1.5700779,1.5286406,1750,1746,valid
359,1.0600424,1.0643141,1.0809025,1.070396,1.0702661873840495,1.5700774,1.5293624,1750,1746,valid
360,1.0601021,1.0642768,1.080766,1.070263,1.070216157462865,1.570077,1.5164213,1750,1746,valid
361,1.0600798,1.0633037,1.0798329,1.0694954,1.0701617019281955,1.5700763,1.5408602,1750,1746,valid
362,1.0600148,1.0648869,1.0788529,1.0697776,1.0700873975999394,1.5700759,1.5430605,1750,1746,valid
363,1.0600737,1.0651889,1.0785754,1.0698006,1.0700151853219455,1.5700754,1.5460422,1750,1746,valid
364,1.0600715,1.0643495,1.0793711,1.069693,1.0699550405888036,1.5700748,1.5244441,1750,1746,valid
365,1.0601283,1.064499,1.0798086,1.0699351,1.0698920732613653,1.5700743,1.5182756,1750,1746,valid
366,1.0600941,1.0651621,1.0782794,1.0696572,1.0698332630031668,1.5700738,1.5470084,1750,1746,valid
367,1.0594902,1.0661064,1.0790323,1.0703446,1.069764220854146,1.5700732,1.5261011,1750,1746,valid
368,1.0595015,1.0663524,1.0782981,1.0701149,1.0697106598036223,1.5700728,1.5245095,1750,1746,valid
369,1.0595281,1.0668421,1.0774285,1.0699809,1.0696580575523154,1.5700722,1.5341954,1750,1746,valid
370,1.0595849,1.06625,1.0776858,1.0697874,1.0695940081013295,1.5700717,1.5241481,1750,1746,valid
371,1.0595603,1.065437,1.0783916,1.069756,1.0695288075539517,1.5700712,1.5281305,1750,1746,valid
372,1.0595028,1.0653034,1.0789212,1.0698774,1.069459008863773,1.5700706,1.5137811,1750,1746,valid
373,1.0594943,1.0657179,1.0779465,1.0696547,1.0693657143031703,1.5700701,1.5218341,1750,1746,valid
374,1.0595422,1.0657012,1.0774428,1.0694203,1.0692949477952456,1.5700696,1.5225859,1750,1746,valid
375,1.0595671,1.0652546,1.0777613,1.0693291,1.0692511766223278,1.5700691,1.5145848,1750,1746,valid
376,1.0589421,1.0641391,1.0796753,1.069539,1.069200616708669,1.5700685,1.4776385,1750,1746,valid
377,1.0590055,1.0643849,1.0791754,1.0695246,1.0691291590169185,1.570068,1.5016712,1750,1746,valid
378,1.0590234,1.0637248,1.0787498,1.0690898,1.0690668371434249,1.5700674,1.5159225,1750,1746,valid
379,1.058997,1.0644263,1.0786997,1.069297,1.0690225867869112,1.5700669,1.4946824,1750,1746,valid
380,1.0590534,1.0629884,1.0781381,1.0683904,1.0689751279915785,1.5700665,1.4956158,1750,1746,valid
381,1.0589535,1.0627627,1.0780905,1.0682932,1.0689208981145397,1.5700659,1.5020709,1750,1746,valid
382,1.0589917,1.0627997,1.0779068,1.0682564,1.0688664882179462,1.5700654,1.5092481,1750,1746,valid
383,1.0589963,1.0627042,1.0778402,1.0681677,1.068800827409682,1.5700648,1.5057225,1750,1746,valid
384,1.0589993,1.0640076,1.0775865,1.0686417,1.0687540792069132,1.5700643,1.5049267,1750,1746,valid
385,1.058975,1.0628436,1.0775663,1.0681869,1.0687060116608877,1.5700637,1.5250902,1750,1746,valid
386,1.0584214,1.0640917,1.0770093,1.0684836,1.0686528642395166,1.5700632,1.520987,1750,1746,valid
387,1.0584441,1.0641676,1.0772103,1.0686337,1.0685764462813327,1.5700626,1.5267211,1750,1746,valid
388,1.058424,1.0621521,1.078832,1.0684196,1.0684979281103082,1.5700622,1.5177716,1750,1746,valid
389,1.0583833,1.0639604,1.0770035,1.0684618,1.068412104131725,1.5700616,1.5307839,1750,1746,valid
390,1.0584503,1.0638335,1.077112,1.0683773,1.068323121761757,1.5700611,1.5124447,1750,1746,valid
391,1.0583668,1.0633835,1.0774721,1.0683317,1.068250908641314,1.5700605,1.5112114,1750,1746,valid
392,1.0583777,1.063487,1.0776947,1.068486,1.0681717035635143,1.5700599,1.5125264,1750,1746,valid
393,1.0584239,1.063517,1.0768834,1.0681927,1.0681234798619332,1.5700594,1.5277417,1750,1746,valid
394,1.0583515,1.0632957,1.0767674,1.0680294,1.0680831288148462,1.5700588,1.5254009,1750,1746,valid
395,1.0583876,1.0630629,1.0771542,1.0680349,1.0680390088435776,1.5700583,1.50981,1750,1746,valid
396,1.057863,1.062634,1.0776603,1.0680907,1.0679894644783625,1.5700577,1.514549,1750,1746,valid
397,1.0579051,1.0633999,1.0773784,1.0683444,1.0679459330444012,1.5700573,1.5226831,1750,1746,valid
398,1.0579499,1.0650046,1.0763476,1.0685807,1.0679176212688082,1.5700567,1.5170952,1750,1746,valid
399,1.0579196,1.0643739,1.0770557,1.0685802,1.067884506872825,1.5700561,1.5083193,1750,1746,valid
400,1.0578438,1.0626518,1.0761955,1.0674491,1.0678454793218382,1.5700556,1.5190707,1750,1746,valid
401,1.0578738,1.0625196,1.076944,1.0677499,1.0678068087209802,1.570055,1.5237454,1750,1746,valid
402,1.057911,1.064122,1.076532,1.0682206,1.0677897183740286,1.5700545,1.5068998,1750,1746,valid
403,1.0579523,1.0642514,1.0760425,1.068073,1.0677843617621567,1.5700539,1.510911,1750,1746,valid
404,1.0574243,1.062136,1.0764705,1.0673218,1.0677714030246523,1.5700533,1.5147234,1750,1746,valid
405,1.057363,1.0618342,1.0769562,1.0673939,1.0677541113430957,1.5700529,1.511803,1750,1746,valid
406,1.0573801,1.061817,1.0773731,1.0675032,1.0677277788510535,1.5700523,1.4944347,1750,1746,valid
407,1.0573814,1.0615265,1.0778378,1.0675981,1.067687018894691,1.5700517,1.4979683,1750,1746,valid
408,1.0573834,1.0617787,1.0764261,1.0671428,1.067646980380129,1.5700512,1.515665,1750,1746,valid
409,1.0574294,1.0607736,1.0766169,1.0668463,1.0675798943878025,1.5700506,1.5334408,1750,1746,valid
410,1.0573431,1.0614004,1.0766104,1.0670564,1.0675251224998845,1.57005,1.5160481,1750,1746,valid
411,1.0573469,1.0614462,1.0767294,1.067097,1.0674602192831397,1.5700495,1.5077889,1750,1746,valid
412,1.0573658,1.0614873,1.0766107,1.067055,1.0674030112745856,1.5700489,1.5062217,1750,1746,valid
413,1.0568262,1.064236,1.0742894,1.0673409,1.0673458614247413,1.5700483,1.5289397,1750,1746,valid
414,1.0568165,1.0643933,1.074834,1.0676507,1.0672819678133925,1.5700479,1.5264617,1750,1746,valid
415,1.0568115,1.0641108,1.0753782,1.0677363,1.0672200333235122,1.5700473,1.5182178,1750,1746,valid
416,1.0568423,1.0641782,1.0746874,1.0675112,1.067159762687388,1.5700467,1.5325782,1750,1746,valid
417,1.0567855,1.0641934,1.0747706,1.0675697,1.0671068551075789,1.5700462,1.535888,1750,1746,valid
418,1.056809,1.0637711,1.0747837,1.0673474,1.0670529570286944,1.5700456,1.5271231,1750,1746,valid
419,1.0567874,1.062826,1.074999,1.067003,1.0669879983236967,1.570045,1.524069,1750,1746,valid
420,1.0567307,1.062707,1.0753242,1.0671141,1.066906619361936,1.5700444,1.5281296,1750,1746,valid
421,1.0567957,1.0635471,1.0746576,1.0672344,1.0668326106038102,1.5700439,1.5383906,1750,1746,valid
422,1.0568304,1.0637822,1.0743335,1.0671284,1.066761136489697,1.5700433,1.5226376,1750,1746,valid
423,1.056294,1.0618114,1.0757945,1.0668552,1.0667068402562676,1.5700427,1.5122342,1750,1746,valid
424,1.0562465,1.0615023,1.0761385,1.0669078,1.0666820644891999,1.5700421,1.5209289,1750,1746,valid
425,1.0562332,1.0615886,1.0761566,1.0669743,1.0666439120568236,1.5700417,1.5255004,1750,1746,valid
426,1.0562485,1.0617497,1.0759587,1.066964,1.066587856440737,1.5700411,1.5271441,1750,1746,valid
427,1.0563099,1.0618978,1.0748626,1.0665214,1.0665383758235596,1.5700405,1.5247959,1750,1746,valid
428,1.0563204,1.061641,1.0742892,1.0661509,1.0665027278231245,1.5700399,1.5267463,1750,1746,valid
429,1.0563133,1.0607618,1.0746195,1.0659398,1.0664553570475526,1.5700393,1.5359669,1750,1746,valid
430,1.0562367,1.0613983,1.0749279,1.0662739,1.0663862378117124,1.5700388,1.5127842,1750,1746,valid
431,1.0557451,1.0596374,1.0749844,1.0655726,1.0663140415186556,1.5700382,1.530628,1750,1746,valid
432,1.0563127,1.0607541,1.0741621,1.0657338,1.066242151366849,1.5700376,1.5374893,1750,1746,valid
433,1.0562308,1.0597616,1.0744647,1.0654353,1.066185606509077,1.570037,1.5411425,1750,1746,valid
434,1.0556684,1.0611465,1.0746306,1.0660675,1.0661123968574044,1.5700364,1.5232844,1750,1746,valid
435,1.0556936,1.0611321,1.0745465,1.0660423,1.0660314216314164,1.5700358,1.5280691,1750,1746,valid
436,1.0556786,1.0594635,1.0757052,1.0658491,1.065953636844992,1.5700353,1.5371137,1750,1746,valid
437,1.055693,1.0593307,1.0756768,1.0657804,1.0658839229262835,1.5700347,1.5382466,1750,1746,valid
438,1.0557053,1.0609558,1.0744873,1.0658925,1.0658137649638397,1.5700341,1.5178134,1750,1746,valid
439,1.0556594,1.0609368,1.0744315,1.0658969,1.0657283519655536,1.5700336,1.5270708,1750,1746,valid
440,1.0556707,1.0609457,1.0742766,1.0658624,1.0656623958220732,1.570033,1.534868,1750,1746,valid
441,1.0556673,1.0606564,1.0742375,1.0657086,1.065603525091129,1.5700324,1.533841,1750,1746,valid
442,1.0556554,1.0604603,1.0736121,1.0653594,1.0655472899172143,1.5700318,1.5400162,1750,1746,valid
443,1.0556316,1.0603088,1.074198,1.0655065,1.065480815370339,1.5700312,1.5275512,1750,1746,valid
444,1.0550988,1.0605241,1.0740252,1.0655777,1.0654041514115316,1.5700307,1.5401969,1750,1746,valid
445,1.0551469,1.0617518,1.0738066,1.0659825,1.0653280195351216,1.5700301,1.5270667,1750,1746,valid
446,1.0551168,1.0611858,1.0737592,1.0657692,1.0652560676981981,1.5700295,1.5430772,1750,1746,valid
447,1.0551043,1.0611924,1.0739368,1.0657729,1.065194924289901,1.5700289,1.5235727,1750,1746,valid
448,1.0550781,1.0613096,1.0733545,1.0655003,1.0651368196127726,1.5700283,1.5091784,1750,1746,valid
449,1.0550778,1.0597163,1.0731075,1.0647633,1.0650748441560904,1.5700277,1.533396,1750,1746,valid
450,1.055158,1.0603601,1.0736138,1.0652723,1.0650391275203313,1.5700271,1.5297581,1750,1746,valid
451,1.0551223,1.0601857,1.072618,1.0647141,1.065009929172056,1.5700265,1.523883,1750,1746,valid
452,1.0551254,1.0598058,1.0727569,1.0646361,1.064981012885019,1.5700259,1.5315065,1750,1746,valid
453,1.0551343,1.0594565,1.0729359,1.0645673,1.0649540278403156,1.5700253,1.5335215,1750,1746,valid
454,1.0545654,1.0589472,1.0741776,1.0648237,1.0649157568682888,1.5700247,1.5146039,1750,1746,valid
455,1.0545973,1.0591182,1.0737932,1.0647732,1.064861062113093,1.5700241,1.5259196,1750,1746,valid
456,1.0545939,1.0591009,1.073999,1.0648714,1.0648106041115093,1.5700235,1.5288575,1750,1746,valid
457,1.0545495,1.058785,1.0746052,1.0649463,1.0647488632202802,1.570023,1.5149039,1750,1746,valid
458,1.0544592,1.0598465,1.0724431,1.0645007,1.0646927475391719,1.5700223,1.5288949,1750,1746,valid
459,1.054468,1.0584857,1.0739565,1.0645376,1.0646134364963589,1.5700217,1.5205553,1750,1746,valid
460,1.0545467,1.0586486,1.0733348,1.064365,1.0645654826377993,1.5700212,1.529498,1750,1746,valid
461,1.0545447,1.058548,1.0733863,1.0643171,1.0645093071967873,1.5700206,1.5232868,1750,1746,valid
462,1.0544724,1.0571101,1.0739368,1.063938,1.0644448214812219,1.57002,1.5290891,1750,1746,valid
463,1.0544865,1.0568656,1.0736783,1.0637317,1.0643812942192532,1.5700194,1.5346397,1750,1746,valid
464,1.0545025,1.0584753,1.07384,1.0644547,1.0643240332875958,1.5700188,1.5145464,1750,1746,valid
465,1.0545433,1.0585454,1.0729696,1.064147,1.0642676321673514,1.5700182,1.5284278,1750,1746,valid
466,1.054497,1.058092,1.0734233,1.0640612,1.064205281799087,1.5700175,1.507659,1750,1746,valid
467,1.0539255,1.0599667,1.0707976,1.0637956,1.0641406172520365,1.5700169,1.5268025,1750,1746,valid
468,1.0538872,1.0602232,1.0714488,1.0642836,1.064063713200552,1.5700163,1.5447624,1750,1746,valid
469,1.0539308,1.060456,1.0718755,1.0645745,1.0640007387986992,1.5700157,1.5423856,1750,1746,valid
470,1.0539217,1.0605139,1.0714589,1.0643528,1.0639528199881945,1.5700151,1.5283318,1750,1746,valid
471,1.0539529,1.060546,1.0715581,1.0644481,1.0638982378593023,1.5700145,1.5368905,1750,1746,valid
472,1.0538603,1.0596797,1.0723189,1.0643733,1.0638437629563968,1.5700139,1.5301435,1750,1746,valid
473,1.0539565,1.0601408,1.0717739,1.0643489,1.0638066964250898,1.5700133,1.5336938,1750,1746,valid
474,1.0539951,1.0601808,1.0717689,1.0643759,1.06376422296176,1.5700126,1.5363702,1750,1746,valid
475,1.0534267,1.0587852,1.0716318,1.0636358,1.0636857268240274,1.570012,1.5261035,1750,1746,valid
476,1.0534476,1.0584792,1.0717562,1.0635326,1.0636367100643471,1.5700114,1.5210937,1750,1746,valid
477,1.0533915,1.058264,1.0721618,1.0635914,1.0635678595050597,1.5700108,1.5142968,1750,1746,valid
478,1.0534412,1.0574172,1.0717484,1.0631013,1.0634948534858268,1.5700102,1.5345063,1750,1746,valid
479,1.0534703,1.057733,1.0712246,1.063022,1.0634170954768727,1.5700096,1.5384207,1750,1746,valid
480,1.0534759,1.0584018,1.0714763,1.0632586,1.0633449303517437,1.5700089,1.494723,1750,1746,valid
481,1.05346,1.0585592,1.0716769,1.0634115,1.0632739425523443,1.5700083,1.4923031,1750,1746,valid
482,1.0534343,1.0571592,1.0721036,1.0630169,1.0632130855687407,1.5700077,1.5035307,1750,1746,valid
483,1.0534286,1.057008,1.0717996,1.0628211,1.0631579421282376,1.5700071,1.50635,1750,1746,valid
484,1.0534335,1.0583276,1.0712583,1.0631653,1.0630927244780572,1.5700065,1.5041841,1750,1746,valid
485,1.0529045,1.0562125,1.0721272,1.0626231,1.0630186289314425,1.5700058,1.5097852,1750,1746,valid
486,1.0528727,1.0577365,1.071108,1.0628158,1.0629422289617134,1.5700052,1.5013397,1750,1746,valid
487,1.0528874,1.0578115,1.0710844,1.062871,1.0628712651964232,1.5700046,1.5088923,1750,1746,valid
488,1.0528779,1.0577867,1.0707549,1.0627252,1.062791129398353,1.570004,1.5126972,1750,1746,valid
489,1.0528767,1.0577992,1.0704561,1.0625795,1.0627102913431075,1.5700033,1.5091128,1750,1746,valid
490,1.0528705,1.057547,1.0706533,1.0625267,1.0626506675758107,1.5700027,1.5024736,1750,1746,valid
491,1.0528622,1.0573592,1.071236,1.0627004,1.0625779651407778,1.5700021,1.5008487,1750,1746,valid
492,1.0528661,1.0573274,1.0710577,1.0626495,1.062481943547182,1.5700014,1.5115262,1750,1746,valid
493,1.0528306,1.0576826,1.0708367,1.0627149,1.0624027663404163,1.5700008,1.5126456,1750,1746,valid
494,1.0528907,1.0574269,1.0703757,1.0623629,1.0623324331403978,1.5700002,1.5066216,1750,1746,valid
495,1.0528246,1.0570287,1.0696467,1.0618587,1.0622723046487081,1.5699995,1.5089736,1750,1746,valid
496,1.0522699,1.0580968,1.0702463,1.0625132,1.0621969484737794,1.5699989,1.4841652,1750,1746,valid
497,1.0522875,1.0583644,1.06968,1.0624208,1.0621253483270767,1.5699983,1.4945788,1750,1746,valid
498,1.0523338,1.0576704,1.0690027,1.0619051,1.0620809074554927,1.5699975,1.5205289,1750,1746,valid
499,1.0523248,1.0572517,1.0693797,1.0618316,1.0620290427254286,1.569997,1.5073891,1750,1746,valid
500,1.0523415,1.0579681,1.06983,1.0622985,1.062012906552323,1.5699964,1.492102,1750,1746,valid
501,1.052363,1.0570986,1.0693263,1.061785,1.0619592676967373,1.5699956,1.5186968,1750,1746,valid
502,1.0517992,1.0561887,1.0705174,1.0618527,1.0619074780013726,1.569995,1.5039195,1750,1746,valid
503,1.0518196,1.0563082,1.0702894,1.0618342,1.061860151338287,1.5699944,1.5113659,1750,1746,valid
504,1.0518405,1.0562633,1.0704378,1.0618522,1.0618027221192627,1.5699937,1.5043907,1750,1746,valid
505,1.051791,1.0560691,1.0708266,1.0618896,1.0617433471796556,1.5699931,1.4921694,1750,1746,valid
506,1.0517703,1.0559547,1.0707711,1.061808,1.061696310915897,1.5699924,1.4911704,1750,1746,valid
507,1.051783,1.055908,1.0701936,1.0615678,1.0616562838068035,1.5699918,1.501726,1750,1746,valid
508,1.0518359,1.0557419,1.0701176,1.0614623,1.061592361149852,1.5699912,1.502845,1750,1746,valid
509,1.0518063,1.0556111,1.070036,1.0613391,1.0615360631594541,1.5699905,1.4966048,1750,1746,valid
510,1.051783,1.0555769,1.0708417,1.0616618,1.0614892299341,1.5699899,1.4896587,1750,1746,valid
511,1.0517633,1.0555745,1.0706662,1.0615852,1.0614252867613456,1.5699892,1.490728,1750,1746,valid
512,1.0517532,1.055704,1.0701532,1.0613393,1.0613514283858372,1.5699886,1.4742599,1750,1746,valid
513,1.051726,1.0556548,1.0698171,1.0612004,1.0612921584229849,1.5699879,1.482857,1750,1746,valid
514,1.0517484,1.0559143,1.0686672,1.0608647,1.0612221049620683,1.5699873,1.4995915,1750,1746,valid
515,1.0516638,1.0563879,1.0681478,1.0607439,1.0611357467085591,1.5699866,1.4763867,1750,1746,valid
516,1.051121,1.0571042,1.0674335,1.0608186,1.0610554144928723,1.569986,1.4938587,1750,1746,valid
517,1.0511585,1.0579214,1.0681347,1.0615253,1.060978443264149,1.5699853,1.49734,1750,1746,valid
518,1.0511926,1.0573089,1.0668361,1.0606618,1.060915492315871,1.5699847,1.499253,1750,1746,valid
519,1.0511303,1.0571116,1.067336,1.0607975,1.0608476935951556,1.569984,1.4985869,1750,1746,valid
520,1.0511583,1.0568888,1.0676395,1.060807,1.0607662661466526,1.5699834,1.4920611,1750,1746,valid
521,1.0511554,1.0573748,1.0681056,1.0612447,1.0606799484468212,1.5699826,1.4929608,1750,1746,valid
522,1.0511931,1.0580382,1.0678092,1.0614289,1.0606190019097674,1.569982,1.4970872,1750,1746,valid
523,1.0512182,1.0568901,1.0672401,1.0606136,1.0605447974954694,1.5699813,1.489357,1750,1746,valid
524,1.0505607,1.0555372,1.0696406,1.0609971,1.0604465983213962,1.5699806,1.4668169,1750,1746,valid
525,1.0506122,1.0540932,1.0684813,1.0599294,1.0603470786051965,1.56998,1.4944743,1750,1746,valid
526,1.0506821,1.055766,1.0681804,1.0604897,1.0602763937311586,1.5699793,1.4796087,1750,1746,valid
527,1.0507563,1.0559165,1.0677143,1.0603353,1.0601897162352314,1.5699787,1.4772701,1750,1746,valid
528,1.0507442,1.0557153,1.0678055,1.0602512,1.0601303208743267,1.569978,1.4693785,1750,1746,valid
529,1.0507216,1.0547734,1.0681529,1.0600691,1.0600470734786154,1.5699773,1.4897873,1750,1746,valid
530,1.0501804,1.0535629,1.0691663,1.0599606,1.0599969002222267,1.5699767,1.4850583,1750,1746,valid
531,1.0501593,1.0532641,1.0688142,1.0596856,1.0599452670199379,1.569976,1.4901403,1750,1746,valid
532,1.0501947,1.0534871,1.0683109,1.0595307,1.0598921235542982,1.5699753,1.4839578,1750,1746,valid
533,1.0501571,1.0551738,1.0674208,1.0599025,1.059839823925935,1.5699747,1.4864191,1750,1746,valid
534,1.050057,1.0548285,1.0664521,1.0593545,1.059778591633826,1.569974,1.4985073,1750,1746,valid
535,1.0500822,1.0546318,1.0664821,1.0592626,1.0597215580581996,1.5699732,1.4947021,1750,1746,valid
536,1.0500833,1.054733,1.0661997,1.0591778,1.0596661024037901,1.5699726,1.4942489,1750,1746,valid
537,1.0501423,1.0548722,1.0670693,1.0596102,1.0596112923545342,1.5699719,1.4877071,1750,1746,valid
538,1.0502589,1.0550102,1.0658635,1.0591184,1.0595500620038396,1.5699712,1.4867551,1750,1746,valid
539,1.0500995,1.0546219,1.0665848,1.0592717,1.059501768262852,1.5699706,1.4869161,1750,1746,valid
540,1.0500956,1.0546013,1.0674677,1.0596634,1.0594635912860366,1.5699699,1.4864273,1750,1746,valid
541,1.0500993,1.0526869,1.0688566,1.059408,1.0594077937672828,1.5699692,1.4821215,1750,1746,valid
542,1.0501357,1.0546799,1.0669777,1.0594878,1.0593473909800104,1.5699685,1.4893312,1750,1746,valid
543,1.0500659,1.0541545,1.0664105,1.0589765,1.0592966110601516,1.5699679,1.4862441,1750,1746,valid
544,1.0494584,1.0547533,1.0663501,1.0592245,1.059225846841961,1.5699672,1.4869565,1750,1746,valid
545,1.0495188,1.055654,1.0659401,1.0593917,1.0591514046706232,1.5699664,1.4740534,1750,1746,valid
546,1.0495347,1.0549967,1.0655121,1.0590309,1.0591004102663883,1.5699657,1.5053636,1750,1746,valid
547,1.0495516,1.0543003,1.0657631,1.0587806,1.0590687328541595,1.5699651,1.4940332,1750,1746,valid
548,1.0496043,1.0552411,1.0659363,1.0591909,1.0590468653844127,1.5699644,1.4714823,1750,1746,valid
549,1.0495378,1.0554776,1.0665121,1.0595856,1.0590041193563018,1.5699637,1.4770596,1750,1746,valid
550,1.0496277,1.0559247,1.0661231,1.0596606,1.0589770901829112,1.569963,1.488525,1750,1746,valid
551,1.0495933,1.0555927,1.0656232,1.0592799,1.0589141183273074,1.5699623,1.4882097,1750,1746,valid
552,1.0490487,1.0549695,1.0667742,1.0594335,1.0588673636090566,1.5699615,1.4676619,1750,1746,valid
553,1.0490019,1.0530814,1.0667046,1.0586116,1.0588409451547738,1.569961,1.4837126,1750,1746,valid
554,1.04904,1.0549675,1.0668942,1.0594686,1.0588082943408719,1.5699602,1.4633489,1750,1746,valid
555,1.0490584,1.0535047,1.0658075,1.0584348,1.0587559173637733,1.5699595,1.4931178,1750,1746,valid
556,1.0490736,1.0532657,1.0663475,1.05853,1.058727727805446,1.5699588,1.4831384,1750,1746,valid
557,1.0490515,1.0532734,1.0663093,1.0585394,1.0586824110646078,1.5699581,1.4885726,1750,1746,valid
558,1.0490328,1.0528309,1.0661837,1.0582796,1.058627701212827,1.5699574,1.4883561,1750,1746,valid
559,1.0490781,1.0529668,1.0665324,1.0584704,1.058586845292838,1.5699567,1.4812703,1750,1746,valid
560,1.0490103,1.0528123,1.0659283,1.0581906,1.0585405942108168,1.569956,1.4968221,1750,1746,valid
561,1.0485418,1.0539259,1.0656033,1.0584911,1.058452453490997,1.5699552,1.4832695,1750,1746,valid
562,1.048541,1.0539294,1.0655468,1.0585028,1.058348881568906,1.5699546,1.4916456,1750,1746,valid
563,1.0484585,1.0554981,1.06419,1.0585859,1.0582600999179066,1.5699539,1.4890424,1750,1746,valid
564,1.048478,1.0550557,1.0633774,1.0580606,1.0581849774092784,1.5699532,1.5001266,1750,1746,valid
565,1.0485301,1.0523444,1.0643271,1.0572845,1.058107905413347,1.5699525,1.505801,1750,1746,valid
566,1.0485204,1.0550402,1.0624522,1.0576005,1.0580401491202192,1.5699518,1.4929515,1750,1746,valid
567,1.0484171,1.0545694,1.0631105,1.0577347,1.057961660429523,1.569951,1.50422,1750,1746,valid
568,1.0480132,1.0539551,1.0649148,1.0581756,1.0578904002921559,1.5699503,1.4799286,1750,1746,valid
569,1.0479326,1.0539348,1.0646139,1.0580944,1.0577976291383417,1.5699496,1.4952197,1750,1746,valid
570,1.0479755,1.0543242,1.0649861,1.0584339,1.0577217482308467,1.5699489,1.493411,1750,1746,valid
571,1.0479718,1.0533319,1.0644567,1.0577247,1.0576583717511188,1.5699482,1.4897043,1750,1746,valid
572,1.0478771,1.0530448,1.0643657,1.0575662,1.0575722705769828,1.5699475,1.4928867,1750,1746,valid
573,1.0479094,1.053063,1.0643133,1.0575478,1.0574842247758285,1.5699468,1.4922882,1750,1746,valid
574,1.0479391,1.053228,1.0641029,1.0575343,1.057429515239966,1.5699459,1.4940404,1750,1746,valid
575,1.047987,1.0533715,1.0637821,1.0574522,1.057358857996648,1.5699452,1.4938263,1750,1746,valid
576,1.0479954,1.0531696,1.0645176,1.057639,1.0572988915522594,1.5699445,1.4804499,1750,1746,valid
577,1.0479691,1.0529853,1.0648663,1.0576771,1.057234017859046,1.5699438,1.4718158,1750,1746,valid
578,1.0474559,1.0505118,1.0652145,1.0568447,1.0571780421568453,1.5699431,1.503192,1750,1746,valid
579,1.0473858,1.0505961,1.0653235,1.056911,1.0571106355882225,1.5699424,1.4980499,1750,1746,valid
580,1.0474606,1.0522978,1.0650071,1.057389,1.057076341671281,1.5699416,1.4627209,1750,1746,valid
581,1.0473685,1.0498939,1.0650594,1.056395,1.0570081380996281,1.5699409,1.4803243,1750,1746,valid
582,1.0473888,1.0500139,1.0651454,1.0565407,1.0569326385354922,1.5699402,1.4924413,1750,1746,valid
583,1.04741,1.0501235,1.0650936,1.056541,1.056858242990488,1.5699394,1.4863473,1750,1746,valid
584,1.0474081,1.049929,1.064782,1.0563012,1.0567864071685669,1.5699387,1.4842557,1750,1746,valid
585,1.0474607,1.0496161,1.0637876,1.0557241,1.0567068026833484,1.569938,1.4888256,1750,1746,valid
586,1.0474257,1.0522126,1.0636679,1.056859,1.056630452077914,1.5699372,1.4906309,1750,1746,valid
587,1.0469145,1.0539327,1.0628666,1.0572557,1.0565724930473255,1.5699365,1.4859402,1750,1746,valid
588,1.0468867,1.0537823,1.0629864,1.0572314,1.0565148836494367,1.5699358,1.4834666,1750,1746,valid
589,1.0468626,1.0530794,1.0613812,1.0562335,1.0564562160352018,1.569935,1.4963666,1750,1746,valid
590,1.0468591,1.052623,1.0621241,1.0563082,1.0563778336983414,1.5699342,1.4830319,1750,1746,valid
591,1.0468335,1.0523089,1.062523,1.0563246,1.0562765524744597,1.5699335,1.477751,1750,1746,valid
592,1.0468585,1.0528638,1.062035,1.0564231,1.0561728953110705,1.5699328,1.4937826,1750,1746,valid
593,1.0469048,1.0528338,1.0617691,1.0562466,1.0560790315165922,1.569932,1.4841523,1750,1746,valid
594,1.046943,1.0528448,1.0619217,1.0564364,1.056007951366378,1.5699313,1.5111897,1750,1746,valid
595,1.0468693,1.052273,1.0618862,1.0560603,1.0559454709989913,1.5699306,1.4877148,1750,1746,valid
596,1.0468698,1.0512009,1.0623118,1.0557498,1.0559078291908541,1.5699297,1.4837898,1750,1746,valid
597,1.0463543,1.0510383,1.0633475,1.0561191,1.055859964262009,1.569929,1.4768705,1750,1746,valid
598,1.0463475,1.0508288,1.0628446,1.0558693,1.0558019279231874,1.5699283,1.4944211,1750,1746,valid
599,1.0463089,1.0499188,1.0619696,1.0550153,1.0557254806763867,1.5699276,1.4850504,1750,1746,valid
600,1.0463578,1.0507233,1.0632797,1.0559318,1.0556476222593447,1.5699267,1.4738557,1750,1746,valid
601,1.046298,1.0504371,1.0631193,1.0557746,1.0555689273602582,1.569926,1.4846255,1750,1746,valid
602,1.0463431,1.0505013,1.0627332,1.0556637,1.055500515433589,1.5699252,1.4930815,1750,1746,valid
603,1.0463653,1.0507609,1.0623586,1.0556087,1.0554489164828083,1.5699245,1.4926312,1750,1746,valid
604,1.0462968,1.0512012,1.0608202,1.055184,1.0553972011498036,1.5699238,1.5108811,1750,1746,valid
605,1.0463428,1.0508962,1.060422,1.0548887,1.0553484953835581,1.5699229,1.5169337,1750,1746,valid
606,1.0463104,1.0495166,1.0622592,1.0549695,1.0552918515568832,1.5699222,1.4862131,1750,1746,valid
607,1.045741,1.0509999,1.0613304,1.0552478,1.055247140901681,1.5699215,1.4926058,1750,1746,valid
608,1.0458117,1.0513488,1.0608889,1.0552152,1.055180700933033,1.5699207,1.4949954,1750,1746,valid
609,1.0457768,1.0520463,1.0593051,1.0548238,1.0551197436925512,1.56992,1.4984205,1750,1746,valid
610,1.0457479,1.051902,1.0603715,1.0552564,1.0550427192410072,1.5699191,1.5010154,1750,1746,valid
611,1.0457298,1.0514814,1.0598675,1.0548651,1.0549405323381233,1.5699184,1.5082045,1750,1746,valid
612,1.0458082,1.0496161,1.0610424,1.0544945,1.0548651262156663,1.5699176,1.494494,1750,1746,valid
613,1.0457908,1.0512421,1.0593821,1.0544685,1.0548128482965757,1.5699168,1.4927056,1750,1746,valid
614,1.0457544,1.0514181,1.0594682,1.0546135,1.0547880122079714,1.569916,1.4986827,1750,1746,valid
615,1.0457544,1.0519766,1.0593358,1.0548018,1.0547079277534113,1.5699153,1.4974098,1750,1746,valid
616,1.045785,1.0519732,1.0592314,1.054759,1.0546350504507256,1.5699145,1.498925,1750,1746,valid
617,1.0457765,1.0507997,1.061282,1.0551187,1.0545607181299281,1.5699137,1.4888728,1750,1746,valid
618,1.045261,1.051016,1.0607946,1.0549679,1.0544941448409628,1.5699129,1.4826915,1750,1746,valid
619,1.0451701,1.050411,1.0608102,1.0547224,1.0544459005641755,1.5699122,1.4879656,1750,1746,valid
620,1.0451988,1.0502115,1.0603694,1.054446,1.0543870875464154,1.5699114,1.4916401,1750,1746,valid
621,1.0451148,1.0495265,1.0601715,1.0540253,1.0543226011018072,1.5699106,1.4873302,1750,1746,valid
622,1.0452247,1.0490733,1.0597454,1.0536647,1.054248282238599,1.5699098,1.4967408,1750,1746,valid
623,1.0451983,1.0494764,1.0597769,1.0537747,1.0541974352387071,1.569909,1.4762908,1750,1746,valid
624,1.0451926,1.0501397,1.0604289,1.0543864,1.054138138379578,1.5699083,1.4790725,1750,1746,valid
625,1.0452005,1.0502315,1.0607365,1.0545213,1.054050616560346,1.5699074,1.468124,1750,1746,valid
626,1.0452003,1.0503157,1.0606738,1.0546031,1.0539924162787122,1.5699066,1.4847865,1750,1746,valid
627,1.045192,1.0509086,1.0600569,1.0546188,1.0539311673779295,1.5699059,1.4912603,1750,1746,valid
628,1.045202,1.0500919,1.0603589,1.0542781,1.0538503236955543,1.569905,1.4664909,1750,1746,valid
629,1.0445557,1.0491976,1.0592861,1.0534769,1.0537820764164387,1.5699042,1.4886863,1750,1746,valid
630,1.0446159,1.0492615,1.0588584,1.0533264,1.0537132424388236,1.5699035,1.4923477,1750,1746,valid
631,1.0446453,1.0489415,1.0611421,1.0541,1.053638280430306,1.5699027,1.463651,1750,1746,valid
632,1.0446653,1.046865,1.059775,1.0526359,1.0535680312295126,1.5699018,1.4880837,1750,1746,valid
633,1.0446206,1.0491657,1.0590345,1.0533212,1.0534904234141644,1.5699011,1.4825813,1750,1746,valid
634,1.0446644,1.0482924,1.0590237,1.0530156,1.053419952406166,1.5699003,1.505219,1750,1746,valid
635,1.0446867,1.0491686,1.0586517,1.0531907,1.0533541757557097,1.5698994,1.4925867,1750,1746,valid
636,1.0441684,1.0501785,1.0580462,1.0533092,1.0532821490973996,1.5698986,1.4776,1750,1746,valid
637,1.0438366,1.0496472,1.0589132,1.0534819,1.0532070800114037,1.5698979,1.4818728,1750,1746,valid
638,1.0440437,1.0491515,1.0588123,1.0532058,1.0531188886420142,1.569897,1.4808545,1750,1746,valid
639,1.0440135,1.0481132,1.0578828,1.0523161,1.0530293277847282,1.5698962,1.4825652,1750,1746,valid
640,1.0440927,1.0497359,1.0582103,1.0531895,1.0529638012067344,1.5698954,1.4791625,1750,1746,valid
641,1.0440757,1.0495704,1.0578903,1.0530223,1.0528930969104575,1.5698947,1.4917765,1750,1746,valid
642,1.0440865,1.0496134,1.0582339,1.0531173,1.0528298467198343,1.5698938,1.47287,1750,1746,valid
643,1.0440524,1.0488764,1.0585462,1.0530176,1.052776736042217,1.569893,1.4944932,1750,1746,valid
644,1.0439034,1.0478455,1.0578763,1.0522153,1.052731275920272,1.5698922,1.4881618,1750,1746,valid
645,1.0440042,1.0487742,1.0581062,1.0527656,1.052690038505715,1.5698913,1.4934485,1750,1746,valid
646,1.0440611,1.0493512,1.0573664,1.0526352,1.0526251782268883,1.5698905,1.4806405,1750,1746,valid
647,1.0440487,1.0487686,1.0579196,1.05266,1.0525279451802616,1.5698897,1.489274,1750,1746,valid
648,1.0434524,1.0487282,1.0570198,1.0522261,1.052440023146264,1.5698888,1.4882424,1750,1746,valid
649,1.0434353,1.0488305,1.0569946,1.0522563,1.0523348518933997,1.5698881,1.4871393,1750,1746,valid
650,1.0435184,1.047659,1.0582074,1.0522768,1.0522575933759322,1.5698873,1.4870493,1750,1746,valid
651,1.04348,1.0471914,1.0583996,1.0521339,1.0522113598044376,1.5698864,1.4828873,1750,1746,valid
652,1.0435326,1.0473402,1.0581537,1.0520997,1.052169355507116,1.5698856,1.4852905,1750,1746,valid
653,1.0435209,1.0481448,1.058704,1.0527328,1.052129528288043,1.5698848,1.4889132,1750,1746,valid
654,1.0434352,1.0473219,1.0587668,1.0523636,1.0520897583312268,1.569884,1.4834592,1750,1746,valid
655,1.0435604,1.0473399,1.057932,1.051975,1.0520278756222825,1.5698831,1.479895,1750,1746,valid
656,1.0435458,1.0471706,1.0576605,1.0518029,1.0519628038508553,1.5698823,1.4866163,1750,1746,valid
657,1.0435578,1.0467309,1.0576586,1.0516063,1.0519179690531744,1.5698814,1.4876655,1750,1746,valid
658,1.0429296,1.048287,1.0572484,1.0521066,1.0518282676094455,1.5698806,1.4828793,1750,1746,valid
659,1.0429723,1.0482689,1.0566405,1.0518801,1.051755103663353,1.5698798,1.4967438,1750,1746,valid
660,1.0429443,1.0486908,1.0551043,1.0512807,1.0516811419743866,1.5698789,1.4759321,1750,1746,valid
661,1.0429935,1.048078,1.0571038,1.0519103,1.0516062894518885,1.5698781,1.4747407,1750,1746,valid
662,1.0429537,1.0489691,1.0555062,1.0516757,1.0515422082983439,1.5698773,1.495567,1750,1746,valid
663,1.0429085,1.0489887,1.0555574,1.051736,1.0514836873243067,1.5698763,1.5021465,1750,1746,valid
664,1.042986,1.0492612,1.0552452,1.0517306,1.051426125973035,1.5698755,1.5052834,1750,1746,valid
665,1.0430107,1.0467601,1.056072,1.0509961,1.051374568664096,1.5698746,1.5114329,1750,1746,valid
666,1.0429616,1.0486995,1.0549749,1.0513139,1.051318046970982,1.5698738,1.4964323,1750,1746,valid
667,1.0423683,1.0471376,1.0560548,1.0510156,1.0512591297244107,1.569873,1.4776642,1750,1746,valid
668,1.042388,1.0470989,1.0559783,1.0510641,1.0512128086785872,1.5698721,1.501224,1750,1746,valid
669,1.0424445,1.0468361,1.055648,1.0507079,1.0511697308523222,1.5698713,1.4812248,1750,1746,valid
670,1.042401,1.0464742,1.055108,1.0502915,1.0510891364134605,1.5698704,1.4800768,1750,1746,valid
671,1.0424061,1.0470655,1.0556244,1.050777,1.05102948205337,1.5698695,1.4755511,1750,1746,valid
672,1.0424182,1.0475504,1.0565349,1.0514919,1.0509580435219434,1.5698687,1.4936862,1750,1746,valid
673,1.0424376,1.0471046,1.055605,1.0508003,1.0508969217500148,1.5698678,1.478863,1750,1746,valid
674,1.0424564,1.0479174,1.0562865,1.0514748,1.0508195099526598,1.569867,1.4772941,1750,1746,valid
675,1.0424534,1.0476998,1.055992,1.0512539,1.05074464904617,1.5698661,1.480236,1750,1746,valid
676,1.0418286,1.0468322,1.0549248,1.0504475,1.0506650980618888,1.5698652,1.4979368,1750,1746,valid
677,1.0419142,1.0472947,1.054494,1.0504713,1.0505825748945408,1.5698644,1.5003272,1750,1746,valid
678,1.0418334,1.047585,1.0545448,1.0505499,1.0504899623426258,1.5698634,1.4824145,1750,1746,valid
679,1.0418665,1.046803,1.0546988,1.0503293,1.0504309478957556,1.5698626,1.4975605,1750,1746,valid
680,1.0420153,1.0470203,1.0543455,1.0502926,1.050362870270287,1.5698618,1.5036166,1750,1746,valid
681,1.0418928,1.0466533,1.0544776,1.0501826,1.050286128204,1.5698608,1.5028447,1750,1746,valid
682,1.041893,1.0467247,1.0546197,1.050288,1.0502039198346096,1.56986,1.5047209,1750,1746,valid
683,1.0413823,1.0475465,1.0540643,1.0503374,1.0501155083753158,1.5698591,1.488129,1750,1746,valid
684,1.0413787,1.0480419,1.0534695,1.05041,1.0500482677935254,1.5698582,1.5160573,1750,1746,valid
685,1.0413475,1.047225,1.0540153,1.0501167,1.049971379060039,1.5698574,1.4760942,1750,1746,valid
686,1.0413051,1.0473423,1.0543185,1.0503066,1.0498727466887665,1.5698565,1.4755878,1750,1746,valid
687,1.0412973,1.0471935,1.0539316,1.0500934,1.0497839513857667,1.5698556,1.4828653,1750,1746,valid
688,1.0413352,1.0471653,1.0540189,1.0501487,1.0497208474843212,1.5698547,1.4894439,1750,1746,valid
689,1.0413783,1.0470185,1.0535102,1.0499084,1.0496645545972225,1.5698538,1.503213,1750,1746,valid
690,1.0413635,1.0450697,1.0527879,1.048648,1.049604978587626,1.569853,1.4930536,1750,1746,valid
691,1.040747,1.0466844,1.0531042,1.0495099,1.0495260310887287,1.569852,1.488981,1750,1746,valid
692,1.0408298,1.0450383,1.054576,1.0494165,1.0494577794272562,1.5698512,1.4851148,1750,1746,valid
693,1.0407676,1.0447401,1.0540043,1.0490537,1.0493861950359773,1.5698502,1.4930329,1750,1746,valid
694,1.0408213,1.0445024,1.0536746,1.0487815,1.0493161341631259,1.5698494,1.4899361,1750,1746,valid
695,1.0407616,1.0447038,1.0543216,1.04914,1.0492306635974644,1.5698484,1.483225,1750,1746,valid
696,1.040732,1.0442744,1.0541283,1.0488796,1.049129241603529,1.5698476,1.4886911,1750,1746,valid
697,1.0407667,1.0449145,1.0540093,1.0491154,1.0490445459536029,1.5698466,1.4884044,1750,1746,valid
698,1.0407875,1.0447088,1.053418,1.0487632,1.0489844633673044,1.5698458,1.4910693,1750,1746,valid
699,1.040797,1.044639,1.0536984,1.0488137,1.0489235977971976,1.5698448,1.4804357,1750,1746,valid
700,1.0407517,1.0442983,1.0537452,1.0486677,1.048866990884387,1.5698439,1.4776213,1750,1746,valid
701,1.0407703,1.0444701,1.0538884,1.048787,1.048810837039241,1.569843,1.4719986,1750,1746,valid
702,1.0402541,1.0447321,1.0532736,1.048703,1.0487391520697649,1.5698421,1.4899526,1750,1746,valid
703,1.0406939,1.046204,1.0525099,1.0489984,1.0486847876384366,1.5698413,1.4840132,1750,1746,valid
704,1.0407019,1.045229,1.0524346,1.0485487,1.0486140574530418,1.5698403,1.4906626,1750,1746,valid
705,1.0401844,1.0443901,1.0501385,1.0470906,1.0485387692464985,1.5698394,1.4843981,1750,1746,valid
706,1.0400724,1.0460485,1.051588,1.0484793,1.048464757583002,1.5698385,1.4777644,1750,1746,valid
707,1.0401144,1.0467227,1.0507503,1.0484744,1.048395500271866,1.5698376,1.4942571,1750,1746,valid
708,1.0401669,1.0444101,1.0530071,1.0484574,1.048359543592032,1.5698366,1.4952898,1750,1746,valid
709,1.0401549,1.046142,1.050901,1.0482411,1.048309819493479,1.5698357,1.4854559,1750,1746,valid
710,1.0401529,1.0461457,1.051289,1.0483919,1.048268560520858,1.5698348,1.478938,1750,1746,valid
711,1.0401926,1.044664,1.053042,1.0485563,1.0482197692324977,1.5698339,1.487668,1750,1746,valid
712,1.0401293,1.0452144,1.0534207,1.0489594,1.0481848266511233,1.5698329,1.4829257,1750,1746,valid
713,1.0395873,1.0448502,1.0515968,1.0479647,1.0481355368730356,1.569832,1.4839587,1750,1746,valid
714,1.0396152,1.0445099,1.0515996,1.0478027,1.0480905955919113,1.5698311,1.4820162,1750,1746,valid
715,1.0396135,1.0446645,1.0518929,1.0479511,1.0480328231638634,1.5698302,1.4691429,1750,1746,valid
716,1.0396413,1.0445526,1.0517527,1.0478793,1.0479345685690409,1.5698292,1.4790864,1750,1746,valid
717,1.0396578,1.0447657,1.0514451,1.047811,1.047859858118073,1.5698283,1.4733901,1750,1746,valid
718,1.0396888,1.0444704,1.0512396,1.0476036,1.0477893883197453,1.5698273,1.4781903,1750,1746,valid
719,1.0396522,1.0444392,1.051111,1.0475552,1.0477093913854167,1.5698264,1.4838834,1750,1746,valid
720,1.0396135,1.0442661,1.0513307,1.0476799,1.0476239943639671,1.5698254,1.5079508,1750,1746,valid
721,1.0390468,1.0445521,1.0511279,1.0477272,1.0475498112134163,1.5698245,1.5102873,1750,1746,valid
722,1.0391617,1.044875,1.0505391,1.0475869,1.047465402231198,1.5698236,1.5059545,1750,1746,valid
723,1.0390549,1.0444883,1.0508882,1.0475317,1.0474171233302805,1.5698227,1.496903,1750,1746,valid
724,1.0390563,1.0438665,1.0500127,1.0468953,1.0473436012297885,1.5698217,1.5078609,1750,1746,valid
725,1.0390323,1.0441769,1.0510687,1.047477,1.0472497269829972,1.5698208,1.4979508,1750,1746,valid
726,1.0390375,1.0441924,1.0508345,1.0474185,1.0471495107204567,1.5698198,1.5076821,1750,1746,valid
727,1.0390981,1.0442902,1.0503052,1.0472195,1.047081164599346,1.5698189,1.5072938,1750,1746,valid
728,1.0391213,1.043645,1.049575,1.046607,1.0470237203539403,1.5698179,1.5108179,1750,1746,valid
729,1.0389911,1.0438932,1.0507976,1.047231,1.0469737688777554,1.569817,1.4996011,1750,1746,valid
730,1.0389572,1.0437586,1.0508406,1.0472282,1.0468733392379046,1.569816,1.5087156,1750,1746,valid
731,1.0390615,1.0444088,1.050058,1.0472081,1.0468300605522627,1.5698149,1.5185294,1750,1746,valid
732,1.0391004,1.0440937,1.0498779,1.046982,1.0467597777858009,1.569814,1.5184603,1750,1746,valid
733,1.0384707,1.0431008,1.0487721,1.0459008,1.046694236724158,1.569813,1.4893849,1750,1746,valid
734,1.0384185,1.0433012,1.0493544,1.0463443,1.0465778270586565,1.569812,1.509536,1750,1746,valid
735,1.0384536,1.0431474,1.0489029,1.0461221,1.0464573536008843,1.5698111,1.5223434,1750,1746,valid
736,1.038565,1.0436097,1.0483968,1.0460591,1.04635654101108,1.5698102,1.5123444,1750,1746,valid
737,1.0385785,1.0433552,1.0479481,1.0457388,1.0462668297738766,1.5698092,1.5124923,1750,1746,valid
738,1.0384746,1.0434859,1.0484821,1.0459971,1.0461849855721381,1.5698081,1.5018897,1750,1746,valid
739,1.0385282,1.0432955,1.0485271,1.0459249,1.0460785145521654,1.5698072,1.5004349,1750,1746,valid
740,1.0379946,1.0424602,1.049924,1.0461701,1.0459859858995697,1.5698062,1.4974252,1750,1746,valid
741,1.0380169,1.0428191,1.0497397,1.046245,1.0458899434094486,1.5698053,1.496402,1750,1746,valid
742,1.03782,1.0437791,1.0488061,1.046262,1.0458019667350473,1.5698043,1.4979599,1750,1746,valid
743,1.037946,1.0440753,1.0480934,1.0460596,1.0457038298887287,1.5698032,1.4952695,1750,1746,valid
744,1.0379608,1.0439932,1.0480977,1.0460105,1.0456032906305504,1.5698023,1.49209,1750,1746,valid
745,1.0379646,1.0437349,1.0480064,1.0458534,1.0455158075747912,1.5698013,1.4926012,1750,1746,valid
746,1.0380015,1.0423712,1.0492519,1.0457717,1.0454457373458914,1.5698003,1.4856149,1750,1746,valid
747,1.0380008,1.0439527,1.0477247,1.0458306,1.045374892349765,1.5697993,1.4942017,1750,1746,valid
748,1.0373839,1.0429647,1.0462788,1.0447352,1.0453018839651933,1.5697984,1.4977205,1750,1746,valid
749,1.0374664,1.0416183,1.048412,1.0450791,1.045231372182104,1.5697973,1.4935002,1750,1746,valid
750,1.0374225,1.0423715,1.0490326,1.0457591,1.0451503230473826,1.5697963,1.5060165,1750,1746,valid
751,1.0374724,1.0433,1.0484768,1.0458583,1.0450896495530377,1.5697954,1.4897697,1750,1746,valid
752,1.0374634,1.041517,1.0479711,1.0448595,1.0450122840174951,1.5697943,1.5000212,1750,1746,valid
753,1.037393,1.0422075,1.0459795,1.0442432,1.0449557947964854,1.5697933,1.4952598,1750,1746,valid
754,1.0374002,1.0421019,1.0458052,1.0441027,1.0448843942832873,1.5697923,1.4922732,1750,1746,valid
755,1.0374944,1.0421462,1.0483211,1.045307,1.044853127168215,1.5697913,1.5003058,1750,1746,valid
756,1.0373125,1.0412277,1.0447854,1.0432185,1.04481079312756,1.5697902,1.4876205,1750,1746,valid
757,1.0373673,1.0418444,1.0452954,1.0437804,1.0447656262887108,1.5697893,1.4988105,1750,1746,valid
758,1.037354,1.0406222,1.0456482,1.0433835,1.0447141739943289,1.5697882,1.4983834,1750,1746,valid
759,1.0368109,1.0424994,1.0474712,1.0450156,1.044623770279924,1.5697873,1.4854443,1750,1746,valid
760,1.0368187,1.0425315,1.0473357,1.0450276,1.0445484750799703,1.5697862,1.4992461,1750,1746,valid
761,1.0368885,1.0419317,1.0470587,1.0445787,1.044468752238713,1.5697852,1.487757,1750,1746,valid
762,1.0367998,1.0433961,1.045252,1.0444354,1.0443875808759246,1.5697842,1.4914759,1750,1746,valid
763,1.0368071,1.0419341,1.0472666,1.0447435,1.044296397031779,1.5697832,1.5038159,1750,1746,valid
764,1.0367782,1.0421978,1.0472113,1.0447608,1.0442155878169241,1.5697821,1.485748,1750,1746,valid
765,1.0368466,1.0414166,1.0464877,1.0441587,1.044138007238073,1.5697811,1.5053644,1750,1746,valid
766,1.0369006,1.0419786,1.0466311,1.0444549,1.0440725582356278,1.5697801,1.4994998,1750,1746,valid
767,1.0368437,1.042603,1.045314,1.0441747,1.0440278211215743,1.569779,1.5082614,1750,1746,valid
768,1.0362535,1.0419511,1.0468203,1.044538,1.0439806735842916,1.569778,1.5016423,1750,1746,valid
769,1.0362948,1.0420444,1.0467318,1.0445327,1.0439460364070239,1.569777,1.4999001,1750,1746,valid
770,1.0362833,1.0418786,1.0459918,1.0441204,1.0439040944509577,1.5697759,1.5002438,1750,1746,valid
771,1.0363649,1.0417695,1.0451449,1.0436846,1.0438849424872285,1.5697749,1.50045,1750,1746,valid
772,1.0362072,1.0414193,1.0457231,1.0438039,1.0438405841810854,1.5697738,1.5038342,1750,1746,valid
773,1.036229,1.0414976,1.0456914,1.0438166,1.0437914176139216,1.5697728,1.5018461,1750,1746,valid
774,1.0362369,1.0414997,1.0455633,1.0437622,1.0437120844055094,1.5697718,1.5026047,1750,1746,valid
775,1.0362183,1.0411991,1.0452441,1.0434982,1.0436360102476834,1.5697707,1.5069895,1750,1746,valid
776,1.0362657,1.041102,1.0450709,1.0433896,1.0435836259261544,1.5697696,1.510431,1750,1746,valid
777,1.0361995,1.0415306,1.0460538,1.0440308,1.0435514100078513,1.5697685,1.5097204,1750,1746,valid
778,1.0356425,1.0412366,1.0446634,1.0432459,1.0434726646509063,1.5697675,1.5060618,1750,1746,valid
779,1.0356473,1.0412127,1.0444361,1.0431218,1.0433773552456678,1.5697664,1.5038586,1750,1746,valid
780,1.0356839,1.0402918,1.0435654,1.0423057,1.0432766311535524,1.5697654,1.5041339,1750,1746,valid
781,1.0356537,1.0406939,1.0439602,1.0426494,1.0431987901201298,1.5697644,1.4994894,1750,1746,valid
782,1.0355905,1.0406535,1.0442368,1.0427756,1.0430663361733106,1.5697633,1.503767,1750,1746,valid
783,1.035535,1.040374,1.0444494,1.0428417,1.0429436933435423,1.5697622,1.526437,1750,1746,valid
784,1.035141,1.041701,1.0437318,1.0430939,1.042811759007089,1.5697612,1.5207657,1750,1746,valid
785,1.0352052,1.040143,1.0452462,1.0430161,1.0427170999241806,1.5697601,1.5064334,1750,1746,valid
786,1.035139,1.0416042,1.0436848,1.0429692,1.0426469649994874,1.569759,1.5068285,1750,1746,valid
787,1.0351448,1.0417929,1.0435147,1.0429728,1.0425670646606229,1.5697579,1.5057516,1750,1746,valid
788,1.0352315,1.0418047,1.0435547,1.0429981,1.0424937117493507,1.5697569,1.5061396,1750,1746,valid
789,1.0351833,1.0402128,1.0450584,1.0429214,1.0424249124660698,1.5697558,1.4969524,1750,1746,valid
790,1.0351859,1.0416275,1.0433079,1.0427763,1.0423545071961255,1.5697547,1.4995276,1750,1746,valid
791,1.0351591,1.0407856,1.0437694,1.042663,1.042245503049629,1.5697535,1.5133412,1750,1746,valid
792,1.0346167,1.0392493,1.0440934,1.0420786,1.0421521552716058,1.5697525,1.5055834,1750,1746,valid
793,1.0346327,1.0394267,1.0441798,1.0422169,1.042061757594755,1.5697514,1.5098087,1750,1746,valid
794,1.0346613,1.0387857,1.0434495,1.041596,1.0420347573535607,1.5697503,1.5109317,1750,1746,valid
795,1.0346417,1.0390035,1.04364,1.0417651,1.0420032403577373,1.5697492,1.5068856,1750,1746,valid
796,1.034604,1.0392979,1.0411044,1.040735,1.0419338868426602,1.5697482,1.5056573,1750,1746,valid
797,1.0345755,1.0402545,1.0415124,1.0413847,1.0418546687338963,1.569747,1.5122006,1750,1746,valid
798,1.0345887,1.0386803,1.0434843,1.0416001,1.0417815855954418,1.5697459,1.519456,1750,1746,valid
799,1.0345848,1.0384996,1.0433646,1.0414584,1.0417058608759044,1.5697448,1.5183265,1750,1746,valid
800,1.0346732,1.0387838,1.0433584,1.0415728,1.0416274018356468,1.5697438,1.5154471,1750,1746,valid
801,1.0345708,1.0378362,1.0406387,1.0399057,1.0415308521342868,1.5697426,1.517195,1750,1746,valid
802,1.0345752,1.0397671,1.0409226,1.0409286,1.041435281450929,1.5697415,1.520528,1750,1746,valid
803,1.0340214,1.0395844,1.042508,1.0415154,1.0413823747729725,1.5697404,1.507643,1750,1746,valid
804,1.0340579,1.0395046,1.0422863,1.0413816,1.041310694042745,1.5697392,1.5085437,1750,1746,valid
805,1.0340474,1.0392442,1.042401,1.0412699,1.0412378278728118,1.5697381,1.4979007,1750,1746,valid
806,1.0340391,1.0398996,1.0425113,1.0417018,1.0411353019380496,1.569737,1.5173789,1750,1746,valid
807,1.0340233,1.0396411,1.0423137,1.0414215,1.0410482493442295,1.5697359,1.5004233,1750,1746,valid
808,1.0340074,1.0396584,1.0423546,1.0414495,1.0409631900153797,1.5697348,1.5007563,1750,1746,valid
809,1.0340761,1.0393069,1.0421196,1.0411756,1.040878789927483,1.5697336,1.4992571,1750,1746,valid
810,1.0334991,1.0397019,1.0423201,1.0414958,1.040812941423114,1.5697325,1.5106394,1750,1746,valid
811,1.0334826,1.038962,1.0413971,1.0407766,1.0407374196636767,1.5697314,1.5199748,1750,1746,valid
812,1.0335052,1.0390205,1.0410715,1.0406666,1.0406703020767978,1.5697303,1.5228351,1750,1746,valid
813,1.0335062,1.0386361,1.040499,1.0402281,1.0406087310795302,1.5697291,1.5224457,1750,1746,valid
814,1.0335337,1.0387244,1.0407089,1.0403235,1.040572522177908,1.5697279,1.5128092,1750,1746,valid
815,1.0335232,1.0387212,1.0408782,1.0404212,1.0405624391495139,1.5697268,1.517951,1750,1746,valid
816,1.033567,1.0396749,1.0417377,1.0412159,1.0405215476252376,1.5697256,1.510334,1750,1746,valid
817,1.0334893,1.0395384,1.0416884,1.0411336,1.0404918772568865,1.5697246,1.5108981,1750,1746,valid
818,1.0335182,1.0394332,1.0412534,1.0409015,1.0404429893379605,1.5697234,1.514328,1750,1746,valid
819,1.0329884,1.0377595,1.0390431,1.0391,1.0404113792460787,1.5697222,1.5074859,1750,1746,valid
820,1.0329896,1.0379187,1.0390221,1.0391339,1.0403534266688683,1.5697211,1.5006986,1750,1746,valid
821,1.0327605,1.0385779,1.0401751,1.0399756,1.0402787151189359,1.5697199,1.5040789,1750,1746,valid
822,1.0329742,1.0390024,1.0393149,1.0398669,1.0402089749465881,1.5697187,1.5255784,1750,1746,valid
823,1.0329864,1.0388148,1.0393261,1.0397475,1.0401534620812243,1.5697175,1.516314,1750,1746,valid
824,1.0329863,1.0372906,1.0383834,1.0385343,1.0401043228639641,1.5697165,1.4956558,1750,1746,valid
825,1.0329471,1.039052,1.039601,1.03996,1.0400471480916587,1.5697153,1.5113648,1750,1746,valid
826,1.0323787,1.0386498,1.0411874,1.040421,1.0399965239088311,1.5697141,1.4924064,1750,1746,valid
827,1.032393,1.038749,1.0410671,1.0404241,1.039955724557159,1.5697129,1.4954159,1750,1746,valid
828,1.0324047,1.0379926,1.0404565,1.039777,1.0398582028447072,1.5697117,1.4899597,1750,1746,valid
829,1.0324992,1.0398809,1.0384295,1.039736,1.039785043777801,1.5697105,1.4959996,1750,1746,valid
830,1.032368,1.0393858,1.0388848,1.0396895,1.0397100490136626,1.5697094,1.4891989,1750,1746,valid
831,1.0323794,1.0379633,1.0406995,1.0398622,1.039625620117777,1.5697082,1.4870378,1750,1746,valid
832,1.032411,1.037953,1.0400213,1.0396329,1.0395854533645956,1.569707,1.5069082,1750,1746,valid
833,1.0324087,1.0381036,1.040105,1.0396956,1.039534049219437,1.5697058,1.4966221,1750,1746,valid
834,1.0324401,1.0382496,1.0402154,1.0398023,1.039492563036594,1.5697047,1.494241,1750,1746,valid
835,1.0324085,1.0378169,1.0399605,1.0395272,1.0394691309439095,1.5697035,1.5031879,1750,1746,valid
836,1.0318774,1.0388275,1.0397552,1.0399354,1.0394555149176665,1.5697023,1.5129954,1750,1746,valid
837,1.0318494,1.0388302,1.0393795,1.0398004,1.0394189616432528,1.5697011,1.5214088,1750,1746,valid
838,1.0318744,1.0388584,1.0395304,1.0398216,1.03933992092679,1.5696999,1.5071476,1750,1746,valid
839,1.031852,1.0381033,1.038798,1.0391575,1.039245397899459,1.5696987,1.5105126,1750,1746,valid
840,1.0318105,1.0357326,1.0389577,1.0382348,1.0391594534263109,1.5696974,1.5302945,1750,1746,valid
841,1.0318382,1.0382668,1.0386235,1.0391895,1.0390695630012015,1.5696962,1.519314,1750,1746,valid
842,1.0318595,1.0379647,1.0381023,1.0388108,1.039016393495235,1.569695,1.5186416,1750,1746,valid
843,1.031905,1.0380633,1.0382944,1.0389279,1.0389214443964223,1.5696938,1.5149511,1750,1746,valid
844,1.031287,1.0374042,1.0379666,1.0384797,1.0388170146664355,1.5696926,1.5153513,1750,1746,valid
845,1.0313168,1.0378569,1.0379897,1.0387099,1.0386669182334913,1.5696913,1.5185294,1750,1746,valid
846,1.0313313,1.0389242,1.0385958,1.0394813,1.038516854005335,1.5696901,1.5205387,1750,1746,valid
847,1.0313711,1.0375656,1.0370531,1.0382011,1.0383850507318664,1.5696889,1.5308282,1750,1746,valid
848,1.0313467,1.0372294,1.0373305,1.038138,1.0382509822550827,1.5696877,1.5221168,1750,1746,valid
849,1.0312752,1.037074,1.037203,1.0379962,1.0381107923978867,1.5696864,1.5190886,1750,1746,valid
850,1.03122,1.0370004,1.0373269,1.0380073,1.0379733900977324,1.5696852,1.516223,1750,1746,valid
851,1.0312927,1.0369062,1.0369602,1.0377835,1.0378588114041856,1.569684,1.5131198,1750,1746,valid
852,1.0313536,1.0361196,1.036451,1.0371668,1.0377911865736658,1.5696827,1.5070682,1750,1746,valid
853,1.0307387,1.037746,1.0374188,1.038421,1.0377186043361804,1.5696815,1.5238817,1750,1746,valid
854,1.0307556,1.037506,1.0371457,1.0381682,1.037619133149926,1.5696802,1.5194498,1750,1746,valid
855,1.0307823,1.0375228,1.0370835,1.038123,1.037523387083185,1.569679,1.5136966,1750,1746,valid
856,1.0307419,1.0376968,1.0373473,1.0383788,1.0374258947673567,1.5696777,1.526914,1750,1746,valid
857,1.030731,1.0365193,1.03623,1.0373361,1.0373059299465073,1.5696765,1.5279204,1750,1746,valid
858,1.0307585,1.0366864,1.0363122,1.037415,1.037207818908302,1.5696752,1.5196898,1750,1746,valid
859,1.0307308,1.0361097,1.0360664,1.0370653,1.0371169385835521,1.569674,1.5256331,1750,1746,valid
860,1.0301963,1.0357325,1.0342382,1.0360101,1.037006616703093,1.5696727,1.5143954,1750,1746,valid
861,1.0301875,1.0354631,1.0338846,1.035743,1.03692446866604,1.5696715,1.5184363,1750,1746,valid
862,1.0302454,1.0353113,1.033492,1.0355011,1.0368523384863597,1.5696702,1.520012,1750,1746,valid
863,1.0301613,1.036522,1.0345566,1.0365709,1.036779565439487,1.5696689,1.5275446,1750,1746,valid
864,1.030175,1.036472,1.0342613,1.0364702,1.0367146376188998,1.5696677,1.541163,1750,1746,valid
865,1.0301892,1.0356691,1.0340828,1.0360308,1.0366348066876048,1.5696664,1.5429928,1750,1746,valid
866,1.0302036,1.0359181,1.0338136,1.0360264,1.0365448474705616,1.5696651,1.5442792,1750,1746,valid
867,1.0301915,1.0349549,1.0334748,1.0354009,1.0364624831778289,1.5696639,1.5365858,1750,1746,valid
868,1.0295931,1.0372437,1.0340656,1.0367415,1.0363673663748831,1.5696626,1.5434346,1750,1746,valid
869,1.0295861,1.0374998,1.0344118,1.0369974,1.0362865837241861,1.5696613,1.5388875,1750,1746,valid
870,1.0296179,1.0373076,1.0340446,1.0367405,1.0362102895709615,1.56966,1.5385157,1750,1746,valid
871,1.0296252,1.0355909,1.0355692,1.0365751,1.0361360307754754,1.5696586,1.5193044,1750,1746,valid
872,1.0296627,1.0374498,1.0338813,1.0367016,1.0361116811743947,1.5696573,1.5315942,1750,1746,valid
873,1.0296386,1.0356017,1.035692,1.0366799,1.0360130015260505,1.5696561,1.5296795,1750,1746,valid
874,1.02965,1.035843,1.0357159,1.0367887,1.0359124756255553,1.5696548,1.5268203,1750,1746,valid
875,1.0296599,1.0359026,1.0357912,1.0368708,1.0359099073267692,1.5696535,1.5317271,1750,1746,valid
876,1.0296236,1.0369598,1.0333338,1.0362484,1.0358891396153043,1.5696522,1.5364295,1750,1746,valid
877,1.0290098,1.0326957,1.0349458,1.0350798,1.0358355480313903,1.5696509,1.5449826,1750,1746,valid
878,1.0290446,1.0331273,1.0347478,1.0351949,1.0357624503066802,1.5696496,1.5471709,1750,1746,valid
879,1.0290897,1.0335795,1.0347546,1.0354122,1.035705224301571,1.5696483,1.5491787,1750,1746,valid
880,1.0290467,1.0333254,1.0344938,1.0351616,1.0356738230534341,1.569647,1.5453943,1750,1746,valid
881,1.0290747,1.0333937,1.0342132,1.0350854,1.0356017414253007,1.5696455,1.5504653,1750,1746,valid
882,1.0290393,1.0359,1.034071,1.0360665,1.0355394469017107,1.5696442,1.5277638,1750,1746,valid
883,1.0290327,1.033341,1.0344685,1.035177,1.0354211314644688,1.5696429,1.5501504,1750,1746,valid
884,1.0290629,1.033195,1.0342096,1.034987,1.0353108446590664,1.5696416,1.5489229,1750,1746,valid
885,1.0284725,1.0357126,1.0336343,1.0358642,1.035241879046033,1.5696403,1.5474849,1750,1746,valid
886,1.0285416,1.0346895,1.0321618,1.0347362,1.035136114741197,1.569639,1.5501094,1750,1746,valid
887,1.0284405,1.0342078,1.0329858,1.0348576,1.0350047505620732,1.5696375,1.5414907,1750,1746,valid
888,1.0283717,1.0364752,1.0307027,1.0348765,1.0348197450594192,1.5696362,1.5487568,1750,1746,valid
889,1.0284373,1.0363463,1.0306025,1.0347834,1.0346647659949935,1.5696349,1.5515144,1750,1746,valid
890,1.0284537,1.0341599,1.0327655,1.0347376,1.0345694632402451,1.5696335,1.5420845,1750,1746,valid
891,1.0284828,1.0333683,1.0321578,1.0340816,1.0344161410226647,1.5696322,1.5378273,1750,1746,valid
892,1.0284704,1.0335757,1.0284674,1.0325035,1.0342590141551076,1.5696309,1.541334,1750,1746,valid
893,1.0278645,1.0356867,1.0318135,1.0349222,1.0340775313356976,1.5696294,1.5241832,1750,1746,valid
894,1.0279183,1.0358733,1.0311149,1.0346842,1.0339537472408145,1.5696281,1.5233215,1750,1746,valid
895,1.0279664,1.0354317,1.0303192,1.0341377,1.0338257369148356,1.5696267,1.5276966,1750,1746,valid
896,1.0279471,1.0356734,1.0308955,1.0343301,1.0337349659626989,1.5696254,1.485435,1750,1746,valid
897,1.0278838,1.0329174,1.0316612,1.0335127,1.033643229849772,1.569624,1.5056194,1750,1746,valid
898,1.027927,1.0360322,1.0317966,1.0349038,1.0335395226524489,1.5696226,1.4850245,1750,1746,valid
899,1.027943,1.0362029,1.0320706,1.0351068,1.0334542416081993,1.5696212,1.4850187,1750,1746,valid
900,1.0273794,1.0318667,1.028439,1.0315232,1.0334091999486898,1.5696199,1.4968629,1750,1746,valid
901,1.0274385,1.032955,1.0279238,1.0317338,1.0333511057859779,1.5696185,1.4854712,1750,1746,valid
902,1.0273931,1.0333519,1.0287359,1.0323089,1.0332511604816246,1.569617,1.4908081,1750,1746,valid
903,1.0273722,1.0327802,1.0287038,1.0320288,1.033137632932709,1.5696157,1.4896148,1750,1746,valid
904,1.0273842,1.0334998,1.0290912,1.0325463,1.0330072055627133,1.5696143,1.4925308,1750,1746,valid
905,1.0273836,1.0322816,1.0275881,1.0312904,1.0329123222208558,1.5696129,1.4893358,1750,1746,valid
906,1.027385,1.0281626,1.0261183,1.0287108,1.0328084903302222,1.5696115,1.482006,1750,1746,valid
907,1.0273305,1.0329612,1.0295898,1.0325153,1.0327001888189227,1.5696101,1.489335,1750,1746,valid
908,1.0268109,1.035134,1.0296577,1.033511,1.0326256659884554,1.5696087,1.4837458,1750,1746,valid
909,1.0268731,1.0341588,1.0308731,1.0334895,1.0325397858681804,1.5696073,1.4534079,1750,1746,valid
910,1.0268359,1.0329849,1.02795,1.0317422,1.0324677104450108,1.5696058,1.4815681,1750,1746,valid
911,1.0268099,1.0329099,1.027896,1.03166,1.032413195949684,1.5696044,1.4762187,1750,1746,valid
912,1.026789,1.0330718,1.0283219,1.0319065,1.0323041818585044,1.569603,1.4712265,1750,1746,valid
913,1.0268244,1.0352122,1.0291754,1.0332646,1.0322094976641238,1.5696015,1.4697028,1750,1746,valid
914,1.0267646,1.0351319,1.0293535,1.0333389,1.0321264216960637,1.5696001,1.4763856,1750,1746,valid
915,1.0268632,1.0324327,1.027184,1.0311513,1.0320486369447412,1.5695987,1.4840554,1750,1746,valid
916,1.026237,1.0328556,1.0298864,1.0325191,1.0319887919534738,1.5695972,1.4701945,1750,1746,valid
917,1.0262423,1.0329133,1.0299894,1.0326121,1.0319062300766562,1.5695958,1.4746416,1750,1746,valid
918,1.0263346,1.0334628,1.0297655,1.0327691,1.0318241461251607,1.5695944,1.476752,1750,1746,valid
919,1.0264324,1.0334975,1.028311,1.0321589,1.0317555815531412,1.569593,1.4857419,1750,1746,valid
920,1.0263654,1.0339025,1.0291301,1.0327508,1.031682032499669,1.5695915,1.4933414,1750,1746,valid
921,1.0262898,1.030201,1.0296297,1.0313821,1.0316656272881888,1.5695901,1.5138193,1750,1746,valid
922,1.0256963,1.0318741,1.0278522,1.0312519,1.0316234597095937,1.5695885,1.4954033,1750,1746,valid
923,1.0257702,1.0329634,1.0280586,1.0318713,1.0315740305169319,1.5695871,1.502124,1750,1746,valid
924,1.0257852,1.0321475,1.0277139,1.0313721,1.0315977061395951,1.5695857,1.509078,1750,1746,valid
925,1.0257603,1.0320802,1.0253508,1.0301449,1.0316074651516913,1.5695843,1.482352,1750,1746,valid
926,1.0257045,1.0310441,1.0274385,1.0307,1.0314630591916942,1.5695827,1.4988872,1750,1746,valid
927,1.0256568,1.0324284,1.0281044,1.0316695,1.031315165834122,1.5695813,1.5069715,1750,1746,valid
928,1.0257634,1.0317643,1.0274098,1.0310273,1.031189897969841,1.5695798,1.5018117,1750,1746,valid
929,1.0253433,1.0345877,1.0261085,1.0317135,1.0310636675666243,1.5695783,1.5008554,1750,1746,valid
930,1.0252404,1.0330651,1.0255624,1.0307586,1.0309412187513316,1.5695769,1.4980881,1750,1746,valid
931,1.025181,1.0334183,1.0253562,1.0307844,1.0307843449237106,1.5695753,1.488722,1750,1746,valid
932,1.0251207,1.0332832,1.0255958,1.0308427,1.0306616401955133,1.5695739,1.4910566,1750,1746,valid
933,1.0251589,1.0330751,1.0256513,1.0307838,1.0305514630165389,1.5695723,1.493461,1750,1746,valid
934,1.0251733,1.0328425,1.0250736,1.030388,1.0304664679541573,1.5695708,1.4875507,1750,1746,valid
935,1.0251803,1.0300484,1.0261797,1.0296608,1.0304209897276506,1.5695693,1.4965641,1750,1746,valid
936,1.0251585,1.030286,1.0264615,1.0299377,1.030288253568384,1.5695678,1.5058123,1750,1746,valid
937,1.0246158,1.030337,1.0282556,1.0307804,1.03020572245177,1.5695664,1.5055832,1750,1746,valid
938,1.0246292,1.0302166,1.0278257,1.0305314,1.030129979762679,1.5695648,1.5061183,1750,1746,valid
939,1.0245763,1.0296935,1.0277797,1.0302688,1.030052179898571,1.5695633,1.505317,1750,1746,valid
940,1.0245564,1.029393,1.027655,1.0300934,1.0300592747859625,1.5695617,1.5096452,1750,1746,valid
941,1.0245637,1.0291317,1.0266103,1.0294825,1.0299103191213042,1.5695603,1.5063344,1750,1746,valid
942,1.0245471,1.0316945,1.0241638,1.0295576,1.0297610241358508,1.5695587,1.5126331,1750,1746,valid
943,1.0246087,1.0295576,1.0277201,1.0302709,1.0296727371727565,1.5695572,1.5267253,1750,1746,valid
944,1.0246562,1.0296413,1.027464,1.030256,1.0295880620116316,1.5695556,1.5419682,1750,1746,valid
945,1.0241004,1.0327092,1.0247861,1.0304979,1.0294822314719119,1.5695541,1.558659,1750,1746,valid
946,1.0240883,1.030983,1.0213301,1.0280685,1.0293572460090887,1.5695525,1.5435243,1750,1746,valid
947,1.0241188,1.0294288,1.025118,1.029057,1.0292189231493596,1.569551,1.5349135,1750,1746,valid
948,1.0241526,1.0291507,1.0240749,1.0284231,1.029130665188666,1.5695494,1.5277299,1750,1746,valid
949,1.0241029,1.0293853,1.02105,1.027188,1.0290497269521466,1.5695479,1.537534,1750,1746,valid
950,1.0240436,1.0288522,1.0229592,1.0278735,1.0289427552715185,1.5695463,1.5507298,1750,1746,valid
951,1.0235173,1.0305954,1.0248823,1.0294708,1.0287678576387154,1.5695448,1.5326401,1750,1746,valid
952,1.0235163,1.0309731,1.0247389,1.0296149,1.0286590862917684,1.5695432,1.5416335,1750,1746,valid
953,1.0235578,1.0305322,1.0244862,1.0293174,1.0285619215348458,1.5695416,1.5460919,1750,1746,valid
954,1.0235399,1.0301337,1.024156,1.0289502,1.0285083462895899,1.56954,1.5378032,1750,1746,valid
955,1.0234524,1.0300388,1.0249642,1.0292614,1.0284743959164913,1.5695385,1.5342027,1750,1746,valid
956,1.0234702,1.0300862,1.0244447,1.0290565,1.028375232499682,1.5695369,1.5368576,1750,1746,valid
957,1.02361,1.0305558,1.0238458,1.0289975,1.0283081125933673,1.5695353,1.5371048,1750,1746,valid
958,1.0235441,1.0297562,1.0236547,1.0285432,1.0282921343552214,1.5695337,1.5364062,1750,1746,valid
959,1.023493,1.0302773,1.0236428,1.0287608,1.028231848106782,1.5695322,1.5330453,1750,1746,valid
960,1.0229472,1.0289465,1.02219,1.0275058,1.0281450946148991,1.5695305,1.5366584,1750,1746,valid
961,1.0229137,1.0308075,1.0228642,1.0286843,1.0279917897836381,1.5695289,1.5421011,1750,1746,valid
962,1.0229999,1.0285062,1.0207611,1.0266309,1.0278677865088035,1.5695273,1.5317035,1750,1746,valid
963,1.0229976,1.0281018,1.0202266,1.0261872,1.0277729106733862,1.5695257,1.5281188,1750,1746,valid
964,1.0229365,1.0288895,1.0220789,1.0274341,1.0276772586558596,1.569524,1.537872,1750,1746,valid
965,1.0228429,1.0243485,1.0202953,1.0244689,1.027566288875113,1.5695225,1.5185485,1750,1746,valid
966,1.0224087,1.0304945,1.0200883,1.0272454,1.0274236961038277,1.5695208,1.5357276,1750,1746,valid
967,1.0223938,1.0323226,1.0213813,1.0286635,1.0273109318707672,1.5695192,1.5344007,1750,1746,valid
968,1.0223708,1.0295618,1.0202359,1.0268642,1.0272051888917813,1.5695176,1.5300133,1750,1746,valid
969,1.022353,1.0297872,1.0203043,1.0269763,1.0271699646001897,1.569516,1.5248903,1750,1746,valid
970,1.0223254,1.0301243,1.0204337,1.0271924,1.0271407863167907,1.5695143,1.5256883,1750,1746,valid
971,1.0223631,1.032179,1.0218458,1.0287529,1.0270477125778352,1.5695126,1.5208006,1750,1746,valid
972,1.0224149,1.031889,1.0209694,1.0282099,1.0269690670160414,1.5695109,1.5184418,1750,1746,valid
973,1.0224068,1.0292063,1.0196993,1.0264063,1.0269016897576377,1.5695093,1.5181156,1750,1746,valid
974,1.0218272,1.0266241,1.0229639,1.0267414,1.0267736179193525,1.5695077,1.5222661,1750,1746,valid
975,1.0218002,1.0277824,1.0228722,1.027218,1.0266145583891786,1.569506,1.5201788,1750,1746,valid
976,1.0218018,1.0309855,1.0223951,1.028412,1.0264688818588845,1.5695044,1.5094242,1750,1746,valid
977,1.0218245,1.0268893,1.0226754,1.0267496,1.0263847921028832,1.5695027,1.5268412,1750,1746,valid
978,1.0219077,1.030529,1.0207486,1.0274318,1.0262945618277477,1.569501,1.5049325,1750,1746,valid
979,1.0213318,1.0267795,1.019813,1.0253464,1.0262098209150674,1.5694993,1.5164932,1750,1746,valid
980,1.0212523,1.0265341,1.0198108,1.0252339,1.026082523811607,1.5694976,1.5165485,1750,1746,valid
981,1.0212705,1.0282075,1.0208322,1.0264889,1.0260231376771436,1.5694959,1.5226359,1750,1746,valid
982,1.0212908,1.0267777,1.0198313,1.0253874,1.0259278518523876,1.5694942,1.5243149,1750,1746,valid
983,1.0213773,1.0237322,1.0185701,1.0234212,1.0258488226061975,1.5694926,1.523702,1750,1746,valid
984,1.0213094,1.0265812,1.018118,1.0245451,1.0257454190119757,1.5694908,1.5315784,1750,1746,valid
985,1.0213082,1.0263186,1.0193001,1.0248733,1.025677436143163,1.5694891,1.5098214,1750,1746,valid
986,1.0207614,1.0288227,1.0197898,1.0263352,1.0255968499370842,1.5694875,1.532762,1750,1746,valid
987,1.0208036,1.0280855,1.019026,1.0256082,1.0255561873538313,1.5694857,1.5228548,1750,1746,valid
988,1.0207742,1.0278548,1.0191208,1.0255153,1.02550558068153,1.569484,1.5155379,1750,1746,valid
989,1.020782,1.0278544,1.0189457,1.025424,1.0254346203967442,1.5694823,1.5129725,1750,1746,valid
990,1.0207433,1.0299027,1.0179224,1.0258317,1.0253441981538527,1.5694805,1.4997938,1750,1746,valid
991,1.0207257,1.0316128,1.0187718,1.0270269,1.0251621252715462,1.5694788,1.5062928,1750,1746,valid
992,1.0207582,1.0296005,1.0177615,1.0256323,1.0250913722914148,1.5694771,1.5025282,1750,1746,valid
993,1.020761,1.0277393,1.0192009,1.0255265,1.025020810663403,1.5694753,1.5219102,1750,1746,valid
994,1.0201554,1.025564,1.0178784,1.0238413,1.0248688436390812,1.5694736,1.5009702,1750,1746,valid
995,1.0201931,1.0250428,1.0176657,1.0235342,1.0247001155089117,1.5694718,1.5073314,1750,1746,valid
996,1.0202265,1.0279908,1.0203649,1.0261526,1.024587554638275,1.56947,1.517014,1750,1746,valid
997,1.0202488,1.0245057,1.017577,1.0232373,1.02455156979039,1.5694683,1.504603,1750,1746,valid
998,1.0202224,1.025096,1.0175956,1.0234818,1.0244934253804316,1.5694666,1.4970384,1750,1746,valid
999,1.0196627,1.0281622,1.0171531,1.0247685,1.0243899800930656,1.5694648,1.5186172,1750,1746,valid
1000,1.0197054,1.0270367,1.0176522,1.0243809,1.0243146975973567,1.569463,1.4946693,1750,1746,valid
1001,1.0196724,1.0269536,1.0176774,1.0243368,1.0242489114531441,1.5694612,1.4905598,1750,1746,valid
1002,1.0197023,1.0263233,1.0168297,1.0237616,1.024231154456005,1.5694594,1.5135877,1750,1746,valid
1003,1.0196773,1.0273777,1.016939,1.024231,1.024156084492458,1.5694577,1.4994996,1750,1746,valid
1004,1.0196565,1.026821,1.0166787,1.023905,1.0241128162591289,1.5694559,1.5102838,1750,1746,valid
1005,1.0196962,1.0294241,1.0169319,1.025209,1.0240277769924553,1.5694541,1.510988,1750,1746,valid
1006,1.0197101,1.0245867,1.0180067,1.023426,1.0239683580807701,1.5694523,1.4943044,1750,1746,valid
1007,1.0191252,1.0282778,1.0169967,1.0246431,1.0239082227684804,1.5694504,1.4939508,1750,1746,valid
1008,1.0191181,1.0279391,1.0167305,1.0243365,1.023851190351221,1.5694486,1.4869394,1750,1746,valid
1009,1.0190921,1.0285858,1.0175456,1.0250345,1.023733997699211,1.5694468,1.4939915,1750,1746,valid
1010,1.0190365,1.0276698,1.0171525,1.0243881,1.0236274674458652,1.569445,1.4826236,1750,1746,valid
1011,1.0191191,1.0268797,1.0164129,1.0236968,1.0235243932790588,1.5694431,1.4841946,1750,1746,valid
1012,1.0191158,1.0266029,1.0165011,1.0236051,1.0234635779075951,1.5694413,1.4828167,1750,1746,valid
1013,1.0184947,1.0224828,1.0164589,1.0217317,1.0233925274348212,1.5694395,1.4878032,1750,1746,valid
1014,1.018554,1.0220189,1.0161446,1.0213981,1.0232670542991047,1.5694376,1.4926887,1750,1746,valid
1015,1.0185682,1.0254388,1.0161878,1.0229603,1.0231530033461005,1.5694358,1.4893537,1750,1746,valid
1016,1.018556,1.0250509,1.0161555,1.0227543,1.023092603064575,1.5694339,1.4860171,1750,1746,valid
1017,1.0185558,1.0219117,1.0159537,1.0212421,1.023039517258116,1.569432,1.488184,1750,1746,valid
1018,1.0184968,1.0248533,1.0159186,1.0225742,1.0229624771267527,1.5694302,1.4901693,1750,1746,valid
1019,1.017967,1.027466,1.0158777,1.0237025,1.0228856204144436,1.5694283,1.4804469,1750,1746,valid
1020,1.0179867,1.0298036,1.0155232,1.0246114,1.0227734820591803,1.5694264,1.4820129,1750,1746,valid
1021,1.0179307,1.0263523,1.0156566,1.0231502,1.0226835172879116,1.5694246,1.4932388,1750,1746,valid
1022,1.0180395,1.0249319,1.0153854,1.0223234,1.0226654491056273,1.5694227,1.4804468,1750,1746,valid
1023,1.0180026,1.0260549,1.0153681,1.0228573,1.0225592472914387,1.5694208,1.4873946,1750,1746,valid
1024,1.0174894,1.0253335,1.0158253,1.0227696,1.0224788317893685,1.5694189,1.4946321,1750,1746,valid
1025,1.0174484,1.024334,1.0154992,1.0221472,1.022393122178691,1.569417,1.4904784,1750,1746,valid
1026,1.0174688,1.0246582,1.0156566,1.0223745,1.0222615430669653,1.5694151,1.4922262,1750,1746,valid
1027,1.0175244,1.024351,1.0156087,1.022222,1.0221225873063278,1.5694132,1.4943752,1750,1746,valid
1028,1.0175521,1.0256939,1.0155004,1.022827,1.0219797671142081,1.5694113,1.5043033,1750,1746,valid
1029,1.0174687,1.0253463,1.0156406,1.0227436,1.0218693391121272,1.5694094,1.5067916,1750,1746,valid
1030,1.0174488,1.0241865,1.0156463,1.0222241,1.0217515880403756,1.5694075,1.5081506,1750,1746,valid
1031,1.0174669,1.0223508,1.0148846,1.021037,1.0216738025870118,1.5694056,1.5075023,1750,1746,valid
1032,1.0168798,1.024907,1.0149045,1.0222566,1.021548561635209,1.5694035,1.5183702,1750,1746,valid
1033,1.0169048,1.0223969,1.0148679,1.0210379,1.0214722250597972,1.5694016,1.5046214,1750,1746,valid
1034,1.0168567,1.0216084,1.0148191,1.0206759,1.0214418244255288,1.5693997,1.509119,1750,1746,valid
1035,1.01688,1.0223268,1.014799,1.0209337,1.0214531939983564,1.5693977,1.4952182,1750,1746,valid
1036,1.0168884,1.0221834,1.0146472,1.0208242,1.0214374671314492,1.5693958,1.5010116,1750,1746,valid
1037,1.0169157,1.0220065,1.0145591,1.0207194,1.0214095168152495,1.5693938,1.5047319,1750,1746,valid
1038,1.0168608,1.0211289,1.0144738,1.0202637,1.02137578490386,1.5693918,1.5007815,1750,1746,valid
1039,1.0163045,1.0252296,1.014125,1.0220275,1.0212883345551185,1.5693898,1.513833,1750,1746,valid
1040,1.0162765,1.0245637,1.0142561,1.0217133,1.0211544201709695,1.5693879,1.4974172,1750,1746,valid
1041,1.0162904,1.0215327,1.0143348,1.0203645,1.0210703609132568,1.5693859,1.4963233,1750,1746,valid
1042,1.0163054,1.0244558,1.0140387,1.021556,1.0209883229778591,1.5693839,1.495419,1750,1746,valid
1043,1.0163274,1.0240191,1.0139766,1.021334,1.0208759597480106,1.569382,1.4966197,1750,1746,valid
1044,1.0163506,1.0243964,1.0139359,1.0214603,1.0207633435754315,1.5693799,1.4904511,1750,1746,valid
1045,1.0162865,1.0235803,1.0138704,1.021035,1.0206868006836225,1.5693779,1.4850209,1750,1746,valid
1046,1.0156952,1.0206475,1.0138005,1.0196959,1.0206096017073458,1.5693759,1.4914649,1750,1746,valid
1047,1.0157399,1.0205432,1.0141903,1.0197257,1.0205164061453476,1.5693738,1.4685012,1750,1746,valid
1048,1.015393,1.0208215,1.0136665,1.0196586,1.020397062568823,1.5693718,1.478883,1750,1746,valid
1049,1.0157386,1.0179161,1.014171,1.0185434,1.0202890417632824,1.5693698,1.4736485,1750,1746,valid
1050,1.0157361,1.020776,1.013673,1.0197163,1.0201952471576605,1.5693678,1.4960997,1750,1746,valid
1051,1.0151739,1.023825,1.0134641,1.0209515,1.0200905132224372,1.5693657,1.4829674,1750,1746,valid
1052,1.0152438,1.024896,1.0132643,1.0213726,1.0200441216484788,1.5693637,1.4886229,1750,1746,valid
1053,1.015178,1.024408,1.0132059,1.0211225,1.0200237444636115,1.5693616,1.4883542,1750,1746,valid
1054,1.0152187,1.0234163,1.0131545,1.0206257,1.0200161719560155,1.5693595,1.4834118,1750,1746,valid
1055,1.0152293,1.023446,1.0132555,1.020677,1.0200051572622955,1.5693575,1.4814844,1750,1746,valid
1056,1.0151553,1.024117,1.0129563,1.0209041,1.0199325866921942,1.5693554,1.4948511,1750,1746,valid
1057,1.0151861,1.0244305,1.0128917,1.0210255,1.0198337324435123,1.5693533,1.4967562,1750,1746,valid
1058,1.0146224,1.0242056,1.0128449,1.02084,1.0197493823436468,1.5693512,1.4826343,1750,1746,valid
1059,1.0146544,1.0206827,1.0125791,1.019168,1.0196218032653532,1.5693492,1.4948901,1750,1746,valid
1060,1.0146154,1.0191983,1.0125233,1.0184898,1.0195013200762104,1.569347,1.500222,1750,1746,valid
1061,1.0145854,1.0200517,1.0124569,1.0188209,1.0193853994444821,1.569345,1.4939815,1750,1746,valid
1062,1.014601,1.0194131,1.012412,1.018518,1.0192459264955205,1.5693429,1.4959083,1750,1746,valid
1063,1.0146368,1.0194643,1.0123397,1.0185313,1.019109284792162,1.5693407,1.501233,1750,1746,valid
1064,1.0145831,1.0188164,1.012256,1.0182024,1.0189715114011495,1.5693386,1.5022571,1750,1746,valid
1065,1.0140393,1.020187,1.0127373,1.0190272,1.0188983142296089,1.5693364,1.4977782,1750,1746,valid
1066,1.0140508,1.0199239,1.0123497,1.0186697,1.0188265081418313,1.5693344,1.4839408,1750,1746,valid
1067,1.0140436,1.0191439,1.0121337,1.018254,1.0187146569808065,1.5693322,1.492694,1750,1746,valid
1068,1.0140724,1.017028,1.0122658,1.0173668,1.018637924421777,1.5693301,1.4963007,1750,1746,valid
1069,1.0140431,1.019028,1.0123745,1.0183241,1.0185583544688837,1.569328,1.495605,1750,1746,valid
1070,1.0140017,1.0189605,1.0122277,1.0182024,1.0184920731102352,1.5693257,1.49015,1750,1746,valid
1071,1.0134264,1.0221368,1.0117353,1.0194576,1.0184570337659873,1.5693235,1.4979954,1750,1746,valid
1072,1.0134865,1.0210996,1.0116966,1.0189178,1.0183876519208492,1.5693214,1.4865785,1750,1746,valid
1073,1.0135071,1.0216748,1.0116152,1.0191331,1.018273169161227,1.5693192,1.4844685,1750,1746,valid
1074,1.0134567,1.0225545,1.011535,1.019492,1.0182131576214943,1.569317,1.4833349,1750,1746,valid
1075,1.0134306,1.0220115,1.0114585,1.0192077,1.0180987324778505,1.5693148,1.4828666,1750,1746,valid
1076,1.0134796,1.0218332,1.0117253,1.0191672,1.0179651672808756,1.5693127,1.4644449,1750,1746,valid
1077,1.0129083,1.0183718,1.011325,1.0174413,1.0178546697902202,1.5693104,1.4719446,1750,1746,valid
1078,1.0129331,1.0152137,1.011745,1.0161839,1.0177750531515897,1.5693083,1.4693522,1750,1746,valid
1079,1.0129049,1.0151427,1.0116278,1.0160897,1.0177427858438735,1.569306,1.4674917,1750,1746,valid
1080,1.0129406,1.014923,1.0115246,1.0159358,1.0176373933670382,1.5693038,1.4660037,1750,1746,valid
1081,1.0129949,1.0187446,1.0109985,1.0174394,1.0175933687815621,1.5693016,1.4669418,1750,1746,valid
1082,1.0129821,1.0180111,1.0109392,1.0170605,1.0175712052961596,1.5692993,1.4629513,1750,1746,valid
1083,1.0124458,1.019217,1.0113161,1.0177733,1.0175996684507282,1.5692971,1.4609841,1750,1746,valid
1084,1.0123994,1.0201313,1.011214,1.0181435,1.0176298494460185,1.5692948,1.4611272,1750,1746,valid
1085,1.0124552,1.0232375,1.0107267,1.0194358,1.017599382425658,1.5692925,1.4839306,1750,1746,valid
1086,1.0124015,1.0192429,1.0108811,1.0175315,1.0175488688467154,1.5692903,1.4488415,1750,1746,valid
1087,1.0124367,1.020757,1.0106312,1.0182539,1.017483128958915,1.569288,1.4819534,1750,1746,valid
1088,1.0124004,1.020554,1.0106281,1.0181464,1.0174305421498133,1.5692858,1.4788418,1750,1746,valid
1089,1.011803,1.0199338,1.0105344,1.0177364,1.017368478055034,1.5692835,1.4597284,1750,1746,valid
1090,1.011779,1.0193423,1.010291,1.0173943,1.0172889880727294,1.5692812,1.4684167,1750,1746,valid
1091,1.0118316,1.0190152,1.0103023,1.0172433,1.017263033203228,1.5692788,1.4667807,1750,1746,valid
1092,1.0118164,1.0192667,1.0103085,1.0173261,1.0172068088380473,1.5692766,1.459014,1750,1746,valid
1093,1.0117903,1.019608,1.010163,1.0174296,1.0171011045199279,1.5692743,1.4623063,1750,1746,valid
1094,1.0118343,1.019985,1.0100112,1.0175539,1.0169830160606945,1.5692719,1.4672871,1750,1746,valid
1095,1.0112827,1.0198649,1.0098943,1.0175076,1.016895604629335,1.5692697,1.4812453,1750,1746,valid
1096,1.0112522,1.0169532,1.0101051,1.0161669,1.0167942940709334,1.5692673,1.4561911,1750,1746,valid
1097,1.0112357,1.0162381,1.009837,1.015835,1.0167233370425381,1.5692649,1.4824134,1750,1746,valid
1098,1.0112653,1.0136961,1.0098258,1.0146396,1.0166500509709848,1.5692626,1.4749874,1750,1746,valid
1099,1.0112333,1.0148877,1.0097696,1.0151284,1.0166149099684765,1.5692602,1.4686389,1750,1746,valid
1100,1.0112482,1.015562,1.0095505,1.0153912,1.0166432082486783,1.5692579,1.4812988,1750,1746,valid
1101,1.0107489,1.0190343,1.0096434,1.0169561,1.016709614370842,1.5692555,1.4680363,1750,1746,valid
1102,1.010719,1.0206318,1.0094806,1.0176294,1.01676194375765,1.5692531,1.472647,1750,1746,valid
1103,1.0107267,1.0203559,1.00939,1.0174607,1.0167233379902936,1.5692507,1.4722842,1750,1746,valid
1104,1.0107176,1.0173136,1.0091113,1.0159451,1.0166178669928547,1.5692483,1.4716305,1750,1746,valid
1105,1.0107094,1.0224429,1.0091236,1.0183133,1.0164604375401562,1.5692459,1.4777462,1750,1746,valid
1106,1.0107677,1.0189108,1.0090965,1.0167247,1.0162912862924784,1.5692436,1.4850394,1750,1746,valid
1107,1.0101625,1.0187799,1.0090121,1.0165335,1.0161540450108653,1.5692412,1.4640132,1750,1746,valid
1108,1.0100965,1.0159525,1.0087129,1.0151788,1.0160417976529106,1.5692387,1.4797348,1750,1746,valid
1109,1.0101643,1.0157974,1.0086571,1.015069,1.0159505013363699,1.5692363,1.4766214,1750,1746,valid
1110,1.0102055,1.0167668,1.0085868,1.0154767,1.0158454418079563,1.5692338,1.4763048,1750,1746,valid
1111,1.0102367,1.0165159,1.0085016,1.0153267,1.0157331427959733,1.5692314,1.4770286,1750,1746,valid
1112,1.010209,1.0182388,1.0083702,1.0160712,1.0156213198111008,1.5692289,1.4815834,1750,1746,valid
1113,1.0095898,1.0164571,1.0084907,1.0152354,1.0155418900180253,1.5692265,1.4636195,1750,1746,valid
1114,1.0096624,1.0168656,1.0083506,1.0154151,1.0154696221707735,1.569224,1.4766169,1750,1746,valid
1115,1.0096167,1.0172206,1.0082608,1.015545,1.0153912229228217,1.5692215,1.4787464,1750,1746,valid
1116,1.0096246,1.0148458,1.0082148,1.0143943,1.0153508934851017,1.569219,1.4678303,1750,1746,valid
1117,1.0095674,1.0159433,1.0081526,1.0149198,1.0152680143504824,1.5692165,1.4800704,1750,1746,valid
1118,1.0090437,1.018826,1.0079683,1.016164,1.0151929952741188,1.5692141,1.4836781,1750,1746,valid
1119,1.0090791,1.0177617,1.0078624,1.0156391,1.0151077114811082,1.5692115,1.4855268,1750,1746,valid
1120,1.0091008,1.0174786,1.0078037,1.0154507,1.0150701307262506,1.569209,1.478162,1750,1746,valid
1121,1.0091058,1.0184065,1.0077244,1.015814,1.014986504166208,1.5692065,1.472954,1750,1746,valid
1122,1.0090616,1.0194278,1.0076212,1.016264,1.0148646681707465,1.569204,1.4802567,1750,1746,valid
1123,1.009062,1.0192782,1.0075296,1.0161537,1.0147414039319436,1.5692015,1.480184,1750,1746,valid
1124,1.0085444,1.0176376,1.0073967,1.0153253,1.0146586260262596,1.5691988,1.4755259,1750,1746,valid
1125,1.0084846,1.0140651,1.0073494,1.0136216,1.0144978386026748,1.5691963,1.4630587,1750,1746,valid
1126,1.008485,1.0102667,1.00729,1.0118444,1.014318223450371,1.5691937,1.4585066,1750,1746,valid
1127,1.0084274,1.010526,1.007193,1.0119386,1.0142238868419702,1.5691912,1.4630991,1750,1746,valid
1128,1.0084672,1.0127276,1.0070909,1.0129404,1.01417629198566,1.5691886,1.4734457,1750,1746,valid
1129,1.007994,1.0140498,1.0069898,1.01349,1.0141518732416257,1.569186,1.4720404,1750,1746,valid
1130,1.0079769,1.0169238,1.0069026,1.0147648,1.0140753406941232,1.5691835,1.4734173,1750,1746,valid
1131,1.0079414,1.016941,1.0068055,1.0147237,1.0140630956867664,1.5691808,1.4723732,1750,1746,valid
1132,1.0079765,1.0177215,1.0067093,1.0150294,1.0140412549161852,1.5691782,1.4711137,1750,1746,valid
1133,1.0079713,1.0151843,1.0066124,1.013717,1.014013131460434,1.5691756,1.4459627,1750,1746,valid
1134,1.0079802,1.0146898,1.0065168,1.0135465,1.0139512689405736,1.569173,1.4678856,1750,1746,valid
1135,1.0073652,1.0167934,1.0064203,1.0144159,1.0138654792161987,1.5691704,1.4579881,1750,1746,valid
1136,1.007373,1.0162667,1.0063239,1.0141164,1.013761788206325,1.5691676,1.4545006,1750,1746,valid
1137,1.0074018,1.0163969,1.0062306,1.0141563,1.0136322298714828,1.569165,1.4597135,1750,1746,valid
1138,1.0074387,1.0158764,1.0061313,1.0138905,1.0135351108093396,1.5691624,1.4634385,1750,1746,valid
1139,1.0074117,1.0155579,1.0060353,1.0136981,1.0134029845807349,1.5691596,1.4626552,1750,1746,valid
1140,1.0073606,1.0156232,1.0059346,1.0136095,1.0132802970120436,1.569157,1.4465883,1750,1746,valid
1141,1.0067424,1.011779,1.005838,1.0118711,1.0131868861097195,1.5691543,1.4590746,1750,1746,valid
1142,1.0068238,1.0143161,1.0057474,1.0129876,1.0130602872644998,1.5691516,1.4597013,1750,1746,valid
1143,1.0068393,1.0138985,1.0056486,1.0127418,1.0129880953213986,1.5691489,1.4573466,1750,1746,valid
1144,1.0068476,1.0100344,1.0055474,1.010942,1.012928953661969,1.5691462,1.4586872,1750,1746,valid
1145,1.0068557,1.0117007,1.0054346,1.0116765,1.0128678681126646,1.5691434,1.4648163,1750,1746,valid
1146,1.0062516,1.015219,1.0053425,1.0132052,1.0127708455757805,1.5691407,1.4578555,1750,1746,valid
1147,1.0063065,1.0153705,1.0052451,1.0132227,1.0127063866997892,1.5691379,1.4562972,1750,1746,valid
1148,1.0063078,1.0146267,1.0051425,1.012825,1.0126569379174781,1.5691352,1.4536085,1750,1746,valid
1149,1.0063113,1.014721,1.0050448,1.0128386,1.0126496742026878,1.5691324,1.4570298,1750,1746,valid
1150,1.0062814,1.0160083,1.0049449,1.0133594,1.0125881526048164,1.5691297,1.45268,1750,1746,valid
1151,1.0063417,1.0180025,1.004856,1.0142212,1.0125060069466025,1.5691268,1.4514449,1750,1746,valid
1152,1.0057656,1.0152322,1.0047654,1.0130128,1.0123601896867576,1.5691241,1.4725561,1750,1746,valid
1153,1.0057888,1.0135233,1.004761,1.012277,1.012204154147588,1.5691212,1.4825902,1750,1746,valid
1154,1.0056655,1.011738,1.004682,1.0114334,1.0120656028976676,1.5691185,1.483842,1750,1746,valid
1155,1.005733,1.0123209,1.0045279,1.011609,1.0119460145544918,1.5691156,1.4794592,1750,1746,valid
1156,1.0057942,1.0130863,1.0044163,1.011887,1.011891510813896,1.5691128,1.4750443,1750,1746,valid
1157,1.0052078,1.0108302,1.0042577,1.0107523,1.011833091527821,1.56911,1.4672511,1750,1746,valid
1158,1.005211,1.010738,1.0041577,1.010654,1.0117778765763248,1.5691072,1.4648741,1750,1746,valid
1159,1.0051895,1.0097263,1.004057,1.0101578,1.011665236564048,1.5691043,1.4672338,1750,1746,valid
1160,1.0052285,1.0103967,1.003959,1.0104495,1.0115727792874374,1.5691015,1.4742808,1750,1746,valid
1161,1.0052097,1.0122336,1.003873,1.0112234,1.0115234048485855,1.5690986,1.4690695,1750,1746,valid
1162,1.0046574,1.0137292,1.003759,1.0119102,1.0114287976681202,1.5690956,1.48214,1750,1746,valid
1163,1.0046855,1.0132234,1.0036691,1.0116419,1.0113085936159438,1.5690928,1.4828273,1750,1746,valid
1164,1.0046496,1.0143055,1.0035782,1.0121236,1.0111972787549641,1.5690899,1.4897814,1750,1746,valid
1165,1.0046881,1.014436,1.003466,1.012122,1.011098465775502,1.5690869,1.4876028,1750,1746,valid
1166,1.0046856,1.0129774,1.0033526,1.0113819,1.0109928861452935,1.569084,1.4821106,1750,1746,valid
1167,1.0046927,1.0129339,1.0032622,1.0113314,1.0108757108201996,1.5690811,1.4845724,1750,1746,valid
1168,1.0040451,1.00987,1.0031496,1.0097978,1.0107730223953102,1.5690781,1.4649646,1750,1746,valid
1169,1.0041254,1.011319,1.0030779,1.0105163,1.0106703423976147,1.5690751,1.4855714,1750,1746,valid
1170,1.0041413,1.01068,1.0029877,1.0101186,1.0105967667475828,1.5690722,1.4708042,1750,1746,valid
1171,1.0040902,1.0130862,1.0028714,1.0112535,1.0104589105913178,1.5690693,1.4917406,1750,1746,valid
1172,1.0035208,1.0122571,1.0027286,1.0107288,1.010350990069657,1.5690662,1.4732194,1750,1746,valid
1173,1.0035213,1.0128078,1.0026418,1.010977,1.0102423722564118,1.5690632,1.4815898,1750,1746,valid
1174,1.0035733,1.0102024,1.0025803,1.0097196,1.0101444536368884,1.5690602,1.4719144,1750,1746,valid
1175,1.0035248,1.0129658,1.0024428,1.0109671,1.010026783172963,1.5690572,1.4836901,1750,1746,valid
1176,1.0035597,1.0111581,1.002322,1.0100148,1.0099465881550205,1.5690541,1.467004,1750,1746,valid
1177,1.0035701,1.0112842,1.0022203,1.0100439,1.0098835564801092,1.5690511,1.4711066,1750,1746,valid
1178,1.002943,1.0113819,1.0021344,1.0099796,1.0098068570925247,1.569048,1.4555725,1750,1746,valid
1179,1.0029887,1.0110409,1.0022669,1.010003,1.0097102680795598,1.5690451,1.4820656,1750,1746,valid
1180,1.0029902,1.0109303,1.0019217,1.0096678,1.0095941949374894,1.569042,1.4535942,1750,1746,valid
1181,1.0030162,1.0083811,1.0018867,1.0085626,1.0094857096777163,1.5690389,1.4695777,1750,1746,valid
1182,1.002388,1.0085579,1.0017356,1.008536,1.0093763742244943,1.5690358,1.4611181,1750,1746,valid
1183,1.0024457,1.0090193,1.0016371,1.0087022,1.0092509984159843,1.5690327,1.4613597,1750,1746,valid
1184,1.0024736,1.0103924,1.0015376,1.0093316,1.009111350550767,1.5690296,1.4725053,1750,1746,valid
1185,1.002455,1.0083658,1.0014113,1.008326,1.0089562386007496,1.5690265,1.4669119,1750,1746,valid
1186,1.0024394,1.0067444,1.0013062,1.0075157,1.0087943499553973,1.5690233,1.4615731,1750,1746,valid
1187,1.0024227,1.009362,1.001208,1.00867,1.0086630803655197,1.5690202,1.4631932,1750,1746,valid
1188,1.0019119,1.0117652,1.0010867,1.0097318,1.0085613195908207,1.5690169,1.4683222,1750,1746,valid
1189,1.0018755,1.0111109,1.0009773,1.0094033,1.0084973998932423,1.5690138,1.4727294,1750,1746,valid
1190,1.0019464,1.0100814,1.0009023,1.008938,1.0084177159153636,1.5690106,1.4812301,1750,1746,valid
1191,1.0019138,1.0109719,1.0007707,1.0092201,1.00836397613056,1.5690074,1.467045,1750,1746,valid
1192,1.0013144,1.007805,1.0007473,1.0077553,1.0083090114270368,1.5690042,1.4643282,1750,1746,valid
1193,1.0013613,1.0087345,1.0006253,1.0081257,1.0082330468983387,1.569001,1.4650105,1750,1746,valid
1194,1.0013804,1.0079923,1.0005265,1.0077456,1.008162580526512,1.5689977,1.465718,1750,1746,valid
1195,1.0013177,1.0065889,1.0004411,1.007043,1.008066781812084,1.5689945,1.4602251,1750,1746,valid
1196,1.001332,1.0077684,1.0002612,1.0074228,1.0079866824499502,1.5689913,1.443604,1750,1746,valid
1197,1.0007957,1.0084279,1.0002371,1.0077728,1.0079167766552917,1.568988,1.4570711,1750,1746,valid
1198,1.0008085,1.0089695,1.0000845,1.0078876,1.0078126798413245,1.5689847,1.4433365,1750,1746,valid
1199,1.001022,1.0072725,0.9999646,1.0071434,1.0077248982344607,1.5689814,1.4618192,1750,1746,valid
1200,1.0008041,1.0088961,0.9998287,1.0078435,1.0075952077079675,1.5689782,1.4669787,1750,1746,valid
1201,1.00077,1.0076754,0.9997989,1.0072097,1.0075092298743638,1.5689749,1.4526263,1750,1746,valid
1202,1.000809,1.0089074,0.9997338,1.007781,1.0074095833533288,1.5689715,1.4615608,1750,1746,valid
1203,1.0008295,1.0081131,0.9995818,1.0073563,1.0073141422991716,1.5689682,1.4630044,1750,1746,valid
1204,1.0002276,1.0085061,0.9994198,1.0074342,1.007204255878645,1.5689648,1.4570341,1750,1746,valid
1205,1.0002017,1.0082353,0.99933374,1.0072643,1.0071127700622933,1.5689615,1.4554136,1750,1746,valid
1206,1.000228,1.0081278,0.99921215,1.0071338,1.0070026728863095,1.568958,1.4496799,1750,1746,valid
1207,1.0002183,1.0089424,0.99910784,1.0074927,1.0068674030307858,1.5689547,1.4576174,1750,1746,valid
1208,1.0002115,1.0077158,0.9989948,1.0068783,1.006727591751987,1.5689514,1.4566607,1750,1746,valid
1209,0.99966913,1.0081987,0.9989344,1.0071121,1.0065946900541145,1.5689479,1.4659691,1750,1746,valid
1210,0.99970895,1.008023,0.99881244,1.0069662,1.0064704363206949,1.5689445,1.463714,1750,1746,valid
1211,0.9996986,1.0089191,0.9987204,1.0073408,1.0063279997670693,1.568941,1.465636,1750,1746,valid
1212,0.999702,1.0084076,0.99861836,1.0070691,1.0061670425089264,1.5689375,1.4674169,1750,1746,valid
1213,0.99973685,1.0081352,0.9984964,1.0068773,1.006084189941165,1.5689341,1.4647427,1750,1746,valid
1214,0.99907124,1.0049444,0.99842846,1.0053606,1.00603897644628,1.5689306,1.4574581,1750,1746,valid
1215,0.99909085,1.007388,0.99823666,1.0064354,1.0059822798423104,1.5689272,1.4686017,1750,1746,valid
1216,0.9991434,1.0058078,0.99820936,1.0057422,1.0059046470910005,1.5689237,1.4773334,1750,1746,valid
1217,0.9991247,1.0045251,0.9980918,1.0050738,1.0058395908238824,1.5689201,1.4704697,1750,1746,valid
1218,0.99910116,1.006117,0.9979006,1.0057353,1.005725544933675,1.5689167,1.4758785,1750,1746,valid
1219,0.99853253,1.0018501,0.99785936,1.0037773,1.0056274749189749,1.5689131,1.4767528,1750,1746,valid
1220,0.99860644,1.0045795,0.9977838,1.0050112,1.005532406138345,1.5689095,1.4825197,1750,1746,valid
1221,0.99860144,1.0022156,0.99760497,1.0038167,1.0054252828600285,1.568906,1.4743621,1750,1746,valid
1222,0.99864566,1.0035572,0.9975265,1.0044022,1.005316819593045,1.5689024,1.4767046,1750,1746,valid
1223,0.99805313,1.0053229,0.9974216,1.0050658,1.0051608469918656,1.5688988,1.4560425,1750,1746,valid
1224,0.99804497,1.0048765,0.99731255,1.004852,1.0050417819042696,1.5688952,1.4648337,1750,1746,valid
1225,0.9980284,1.0053257,0.9972249,1.0050516,1.0049098123901539,1.5688915,1.4726958,1750,1746,valid
1226,0.9980399,1.0051165,0.99710834,1.0048952,1.0047734187260384,1.568888,1.4709803,1750,1746,valid
1227,0.9980267,1.0044744,0.996997,1.0045043,1.004609700977241,1.5688843,1.4603299,1750,1746,valid
1228,0.9980114,1.00433,0.9968505,1.0043923,1.0045338978397058,1.5688807,1.4649608,1750,1746,valid
1229,0.9974769,1.0052791,0.9967438,1.0048969,1.0044289452672635,1.568877,1.492299,1750,1746,valid
1230,0.9974729,1.0043758,0.9966335,1.0044137,1.0043225305266903,1.5688733,1.4874365,1750,1746,valid
1231,0.9975169,1.005428,0.99650824,1.0048316,1.0042159650524796,1.5688696,1.486535,1750,1746,valid
1232,0.99747133,1.0050143,0.99641407,1.0046178,1.0040984653978688,1.5688658,1.4905608,1750,1746,valid
1233,0.99692357,1.0053971,0.9963156,1.0046896,1.004066899977406,1.5688621,1.4775606,1750,1746,valid
1234,0.9968981,1.0053844,0.99619627,1.0046085,1.0038953643765276,1.5688584,1.4729091,1750,1746,valid
1235,0.9969338,1.0063103,0.9961209,1.0050792,1.0037740248321745,1.5688546,1.4917717,1750,1746,valid
1236,0.99684966,1.0059425,0.9960011,1.0048423,1.0036999503548951,1.5688508,1.4884856,1750,1746,valid
1237,0.99686664,1.005601,0.99588084,1.0046158,1.003669417750389,1.5688471,1.4848739,1750,1746,valid
1238,0.9963537,1.0021168,0.9958042,1.0029523,1.0035823592310718,1.5688432,1.4754262,1750,1746,valid
1239,0.99639505,1.0015748,0.9956851,1.0026337,1.0035217488272759,1.5688394,1.4715564,1750,1746,valid
1240,0.9963788,1.0015953,0.9955751,1.002689,1.0034047410996585,1.5688355,1.4933019,1750,1746,valid
1241,0.9963627,1.0021935,0.99549663,1.0029304,1.0033115315116878,1.5688317,1.4944272,1750,1746,valid
1242,0.99635696,1.0020813,0.9954134,1.0028259,1.0032087330890989,1.5688279,1.4909208,1750,1746,valid
1243,0.9957804,1.0025661,0.9952103,1.0029997,1.0030997942958841,1.5688239,1.5014043,1750,1746,valid
1244,0.9958148,1.0021634,0.9950737,1.0027282,1.002989724217339,1.56882,1.49556,1750,1746,valid
1245,0.99577045,1.0006776,0.9950396,1.0020981,1.0028061325081294,1.5688162,1.5097587,1750,1746,valid
1246,0.9957256,0.99942654,0.9949322,1.0014696,1.002675889927518,1.5688123,1.507558,1750,1746,valid
1247,0.9957109,0.99997276,0.9947406,1.0015148,1.002456360476035,1.5688083,1.4811939,1750,1746,valid
1248,0.99525297,1.0038682,0.9946828,1.0033994,1.002263482605104,1.5688043,1.5124556,1750,1746,valid
1249,0.9952436,1.001678,0.99457204,1.0023503,1.0020834838926111,1.5688003,1.512233,1750,1746,valid
1250,0.99525523,1.000913,0.9944719,1.0019705,1.0019277799517838,1.5687963,1.5155182,1750,1746,valid
1251,0.99530065,1.0028553,0.9943615,1.0028301,1.0017628553456253,1.5687923,1.5214733,1750,1746,valid
1252,0.9952669,1.0040053,0.9942523,1.0033071,1.0016172677450457,1.5687883,1.5222378,1750,1746,valid
1253,0.99466753,0.999073,0.9941267,1.0009235,1.0015301759287256,1.5687842,1.5037559,1750,1746,valid
1254,0.99465585,1.0000026,0.9939574,1.001388,1.0014355144777787,1.5687802,1.5311737,1750,1746,valid
1255,0.9946406,1.0003097,0.9938618,1.001484,1.0013618517003884,1.5687761,1.5311736,1750,1746,valid
1256,0.994669,1.0000479,0.9937397,1.0013175,1.0012818938197998,1.5687721,1.5331696,1750,1746,valid
1257,0.994651,1.0006211,0.9936582,1.0015815,1.001237277473027,1.5687679,1.5426234,1750,1746,valid
1258,0.9941444,0.9951267,0.9935216,0.9988805,1.001153124598125,1.5687639,1.5108578,1750,1746,valid
1259,0.9940498,1.0041223,0.9934614,1.0030414,1.0010838054749647,1.5687597,1.5322499,1750,1746,valid
1260,0.99404347,1.0019176,0.99331665,1.001897,1.0010418747583079,1.5687555,1.5149767,1750,1746,valid
1261,0.9940834,0.99813753,0.9932729,1.0002474,1.0009597550175635,1.5687513,1.5363084,1750,1746,valid
1262,0.9940883,0.99575657,0.993116,0.99903864,1.0008744325110333,1.5687472,1.5240026,1750,1746,valid
1263,0.99354273,0.9995002,0.9930159,1.00069,1.0007833880369088,1.568743,1.5222427,1750,1746,valid
1264,0.9934244,0.99749213,0.9929031,0.99967694,1.0006624188314195,1.5687387,1.5113894,1750,1746,valid
1265,0.9934469,0.9981819,0.9927875,0.99996185,1.0005232762778795,1.5687345,1.5168592,1750,1746,valid
1266,0.9935331,0.9987581,0.99265707,1.0001683,1.0004048841345403,1.5687302,1.5177301,1750,1746,valid
1267,0.9935105,0.99809784,0.99256146,0.99980795,1.0003241650563708,1.568726,1.5140529,1750,1746,valid
1268,0.99293077,0.99703664,0.99236834,0.9991703,1.000195516580376,1.5687217,1.4989182,1750,1746,valid
1269,0.9929851,0.99832755,0.99227047,0.9997299,1.000074556694483,1.5687174,1.502685,1750,1746,valid
1270,0.9929615,0.99927056,0.99216104,1.0001354,0.9999653725297815,1.568713,1.5086937,1750,1746,valid
1271,0.9929475,0.997704,0.99203885,0.99935645,0.9997747302360278,1.5687087,1.5064616,1750,1746,valid
1272,0.9924176,1.0016229,0.99199045,1.001124,0.9995719336602371,1.5687042,1.5076609,1750,1746,valid
1273,0.99237686,1.00116,0.991886,1.0008521,0.9993480864314916,1.5686998,1.5045984,1750,1746,valid
1274,0.9924225,1.0021607,0.9917773,1.0012906,0.99921776181197,1.5686955,1.5120834,1750,1746,valid
1275,0.9924812,1.0007638,0.9916202,1.0005039,0.9990521782672761,1.568691,1.4940925,1750,1746,valid
1276,0.99243724,1.0024055,0.99155605,1.0012984,0.9989683429107412,1.5686866,1.5115328,1750,1746,valid
1277,0.9924414,1.0014958,0.99142873,1.0008352,0.9989302400505713,1.5686822,1.5136604,1750,1746,valid
1278,0.99188805,0.9965921,0.99135625,0.9985167,0.9989095637637668,1.5686777,1.5016468,1750,1746,valid
1279,0.99188036,0.996641,0.9912424,0.9984811,0.998807709548739,1.5686731,1.5003399,1750,1746,valid
1280,0.99191767,0.9959133,0.99105084,0.99814165,0.9986939026481945,1.5686687,1.5185951,1750,1746,valid
1281,0.9918784,0.99513865,0.9909426,0.99771816,0.9986488136981121,1.5686642,1.513711,1750,1746,valid
1282,0.9912906,0.99283904,0.9908078,0.99668825,0.9985383084472017,1.5686595,1.53199,1750,1746,valid
1283,0.991348,0.99496675,0.9907167,0.9976374,0.9984615776540755,1.568655,1.5371209,1750,1746,valid
1284,0.9913377,0.9940701,0.9905616,0.9971116,0.9982325709061142,1.5686504,1.5262753,1750,1746,valid
1285,0.99127877,0.991686,0.99044,0.99589455,0.9981157611811061,1.5686458,1.5087832,1750,1746,valid
1286,0.99074614,0.9958194,0.9903585,0.9976784,0.9979991427029115,1.5686412,1.4948614,1750,1746,valid
1287,0.99072546,0.996023,0.99025965,0.9977646,0.9978541208935054,1.5686365,1.5036759,1750,1746,valid
1288,0.9907932,0.9964668,0.9901252,0.9979855,0.9976705167824688,1.5686319,1.5221549,1750,1746,valid
1289,0.9907531,0.99538,0.98999727,0.9974216,0.9975717019952507,1.5686271,1.5197287,1750,1746,valid
1290,0.99077463,0.9958823,0.9898894,0.99761707,0.9974370111346752,1.5686225,1.5234611,1750,1746,valid
1291,0.99015427,0.99409837,0.9897169,0.99682224,0.9973054996403141,1.5686177,1.545969,1750,1746,valid
1292,0.9901892,0.9912516,0.9897312,0.9955081,0.9971587051729227,1.5686129,1.5402324,1750,1746,valid
1293,0.9901258,0.99419683,0.9894912,0.9968171,0.9970023075816747,1.5686082,1.5585562,1750,1746,valid
1294,0.99015576,0.9941078,0.98936796,0.99668914,0.9967449638224408,1.5686034,1.5512267,1750,1746,valid
1295,0.99010414,0.9926276,0.9892541,0.99592954,0.9965154484591578,1.5685985,1.543323,1750,1746,valid
1296,0.9895558,0.99758965,0.9892179,0.99806786,0.9963293566598616,1.5685937,1.5189883,1750,1746,valid
1297,0.989613,0.99746346,0.98908174,0.9979677,0.9961203394971417,1.5685889,1.5235283,1750,1746,valid
1298,0.9895892,0.9994672,0.988984,0.9988931,0.9959796841029498,1.568584,1.5369464,1750,1746,valid
1299,0.98954713,0.99774176,0.9888462,0.99798816,0.9958978576345013,1.5685791,1.5238794,1750,1746,valid
1300,0.98955566,0.99912757,0.98876154,0.9986066,0.9958578767075654,1.5685741,1.5299454,1750,1746,valid
1301,0.98904014,0.99284714,0.9886521,0.99558526,0.9957912179666901,1.5685692,1.5042522,1750,1746,valid
1302,0.9890309,0.9911928,0.9884819,0.99474096,0.9957719096070905,1.5685642,1.5012622,1750,1746,valid
1303,0.9890434,0.99099064,0.9883634,0.9945658,0.9957991053842998,1.5685592,1.4946907,1750,1746,valid
1304,0.9890159,0.9912669,0.98827827,0.99475133,0.9957014806068051,1.5685542,1.5172614,1750,1746,valid
1305,0.9885199,0.99282724,0.98807883,0.9953795,0.9956025336724891,1.5685492,1.5193267,1750,1746,valid
1306,0.9885445,0.98733145,0.9880409,0.99281895,0.9955336432021616,1.568544,1.5099683,1750,1746,valid
1307,0.9885087,0.99128455,0.98781383,0.99451375,0.9953395335514077,1.568539,1.5096513,1750,1746,valid
1308,0.9885201,0.9887728,0.98772466,0.99339795,0.9951449748251734,1.5685339,1.5254884,1750,1746,valid
1309,0.987924,0.993607,0.98767245,0.99554366,0.9949851280206395,1.5685288,1.5181788,1750,1746,valid
1310,0.98799896,0.99469,0.9875603,0.9960184,0.994824315027905,1.5685236,1.5257907,1750,1746,valid
1311,0.98797363,0.9933378,0.98743856,0.99530727,0.9946703749128458,1.5685184,1.5166128,1750,1746,valid
1312,0.98795444,0.9923158,0.98729146,0.99470854,0.9945581107018531,1.5685133,1.5014825,1750,1746,valid
1313,0.9879159,0.9921017,0.9871968,0.994588,0.9944443961494229,1.568508,1.5061125,1750,1746,valid
1314,0.9874208,0.98889595,0.9870826,0.9930658,0.9943400941072229,1.5685028,1.5037882,1750,1746,valid
1315,0.98737746,0.9886945,0.9869479,0.9929242,0.9942159731918907,1.5684975,1.5064863,1750,1746,valid
1316,0.98738825,0.98817396,0.9868623,0.9927029,0.99413380950607,1.5684922,1.5190811,1750,1746,valid
1317,0.9873313,0.9893806,0.98663986,0.99315476,0.9939783233424617,1.5684868,1.5200593,1750,1746,valid
1318,0.98737997,0.9889031,0.9866406,0.99290603,0.9937408257779118,1.5684816,1.5127714,1750,1746,valid
1319,0.9868387,0.99523574,0.98646414,0.9956757,0.9935935076863687,1.5684762,1.5051818,1750,1746,valid
1320,0.9868242,0.99508524,0.9863299,0.99555975,0.9934403263860005,1.5684707,1.50839,1750,1746,valid
1321,0.9867564,0.993711,0.98622036,0.9948026,0.993253881909576,1.5684654,1.4899077,1750,1746,valid
1322,0.98676324,0.99441475,0.98611295,0.995064,0.9931338943938959,1.5684599,1.4876791,1750,1746,valid
1323,0.98676175,0.9942009,0.9859909,0.9949214,0.9930284535923272,1.5684544,1.4900889,1750,1746,valid
1324,0.98622763,0.9901596,0.98591137,0.99306,0.9929476193915577,1.5684489,1.4935095,1750,1746,valid
1325,0.9862062,0.9886951,0.98574317,0.99230427,0.9929078120564502,1.5684434,1.4908404,1750,1746,valid
1326,0.9861861,0.9895733,0.98568106,0.9926379,0.9929089108021724,1.5684378,1.4822953,1750,1746,valid
1327,0.9862211,0.98859125,0.98552454,0.99208504,0.9928360037666932,1.5684322,1.474663,1750,1746,valid
1328,0.9856723,0.98443526,0.9853946,0.9901642,0.9927265325940635,1.5684266,1.4816456,1750,1746,valid
1329,0.9856747,0.98858595,0.98519766,0.99199146,0.992608410075033,1.568421,1.4877976,1750,1746,valid
1330,0.98566294,0.9885033,0.98508275,0.99190927,0.9924404938932705,1.5684154,1.4896061,1750,1746,valid
1331,0.9856906,0.98509413,0.9850613,0.99030966,0.9922872361149682,1.5684097,1.481185,1750,1746,valid
1332,0.98511076,0.993333,0.9849204,0.9940832,0.992075786274314,1.568404,1.5007405,1750,1746,valid
1333,0.98515075,0.99149007,0.9847828,0.99319214,0.9919211745758778,1.5683982,1.5032421,1750,1746,valid
1334,0.98511356,0.9913114,0.98465407,0.9930024,0.9917358307487871,1.5683925,1.4920269,1750,1746,valid
1335,0.9851438,0.99040234,0.9845277,0.99256146,0.9916308075915061,1.5683867,1.4990045,1750,1746,valid
1336,0.9846196,0.9867153,0.9844078,0.9908141,0.9915519537057476,1.5683808,1.4959202,1750,1746,valid
1337,0.984609,0.9867527,0.9842994,0.9908122,0.9915168314436881,1.568375,1.5028857,1750,1746,valid
1338,0.9846332,0.9868321,0.9841814,0.9908083,0.9914751041758596,1.5683692,1.5060728,1750,1746,valid
1339,0.9846173,0.9866191,0.9840673,0.99063754,0.9913764812753926,1.5683632,1.5011579,1750,1746,valid
1340,0.98462653,0.98685694,0.98394644,0.9906826,0.9912682981039318,1.5683573,1.4993663,1750,1746,valid
1341,0.9840702,0.983661,0.98387134,0.98927724,0.9910473428959531,1.5683514,1.5186199,1750,1746,valid
1342,0.9840352,0.99214965,0.9836849,0.99305063,0.9908242972024538,1.5683453,1.5171214,1750,1746,valid
1343,0.984027,0.99071485,0.98354733,0.9922332,0.9906162026676298,1.5683393,1.494049,1750,1746,valid
1344,0.98405725,0.986705,0.98337734,0.9904438,0.9904081383745791,1.5683333,1.5201375,1750,1746,valid
1345,0.9840572,0.9868453,0.9832617,0.99046147,0.9902844805431485,1.5683272,1.5216801,1750,1746,valid
1346,0.9834962,0.9878373,0.98319125,0.9907682,0.9902079559638135,1.5683211,1.4959064,1750,1746,valid
1347,0.98347384,0.98772854,0.9830977,0.99080324,0.9901225479338185,1.5683149,1.5250609,1750,1746,valid
1348,0.9835064,0.98764324,0.9829532,0.9905963,0.9900715941561661,1.5683087,1.5016899,1750,1746,valid
1349,0.9834924,0.98906565,0.98282766,0.99125564,0.9900143654508982,1.5683025,1.5174936,1750,1746,valid
1350,0.98294246,0.98526806,0.9827341,0.98947996,0.9898920211668344,1.5682963,1.5166407,1750,1746,valid
1351,0.9829039,0.9844747,0.9825797,0.9890536,0.9897611228352248,1.5682901,1.517908,1750,1746,valid
1352,0.9828836,0.9836158,0.9824623,0.98863506,0.9896476757226753,1.5682838,1.5239693,1750,1746,valid
1353,0.9829108,0.9840299,0.9823196,0.9887732,0.9895365878194526,1.5682775,1.5274202,1750,1746,valid
1354,0.9829168,0.9837342,0.98218966,0.98857534,0.9893559886538538,1.568271,1.5265387,1750,1746,valid
1355,0.9823583,0.98784286,0.98206174,0.990331,0.9892301126950187,1.5682647,1.5135124,1750,1746,valid
1356,0.98236537,0.9884607,0.981933,0.9906641,0.9891157321228882,1.5682583,1.5391098,1750,1746,valid
1357,0.9823699,0.9875515,0.9818171,0.99010056,0.9889515343399451,1.5682518,1.5167605,1750,1746,valid
1358,0.9818082,0.9866958,0.98172295,0.98974234,0.9889362105459212,1.5682453,1.5339737,1750,1746,valid
1359,0.9818476,0.98652077,0.9815941,0.989582,0.9889028844440251,1.5682387,1.528939,1750,1746,valid
1360,0.9818445,0.98542714,0.9814491,0.988977,0.9888748802245648,1.5682322,1.5195446,1750,1746,valid
1361,0.98181146,0.98518544,0.9812993,0.9887616,0.9888866664925744,1.5682256,1.5111212,1750,1746,valid
1362,0.9812961,0.9805719,0.9812108,0.9865618,0.9887608332880462,1.5682191,1.497772,1750,1746,valid
1363,0.98127407,0.97913814,0.981081,0.9858316,0.988647470891614,1.5682124,1.4937238,1750,1746,valid
1364,0.981279,0.98248994,0.9809772,0.9873587,0.9885252078188619,1.5682057,1.5046891,1750,1746,valid
1365,0.98129684,0.97923106,0.98085666,0.9857695,0.9884078559425662,1.5681989,1.493334,1750,1746,valid
1366,0.9808532,0.9865778,0.98071206,0.9891225,0.9882913713490215,1.5681921,1.5101328,1750,1746,valid
1367,0.9807813,0.9862576,0.9805933,0.988952,0.9881325544577739,1.5681853,1.5169122,1750,1746,valid
1368,0.98074985,0.9863032,0.98044026,0.98890775,0.9880118150357574,1.5681785,1.5180703,1750,1746,valid
1369,0.9807747,0.9860442,0.98030245,0.9886957,0.9879522540511919,1.5681716,1.5109525,1750,1746,valid
1370,0.98073536,0.9865555,0.9801725,0.98892474,0.987851351384106,1.5681647,1.5237408,1750,1746,valid
1371,0.9801505,0.9843479,0.9800662,0.98774946,0.9877871470412385,1.5681578,1.4960097,1750,1746,valid
1372,0.9802095,0.9842429,0.9799448,0.9876833,0.9877126929406008,1.5681509,1.5044384,1750,1746,valid
1373,0.980131,0.9832534,0.979802,0.9871116,0.9876841431150003,1.5681438,1.4918128,1750,1746,valid
1374,0.9802049,0.9840725,0.97971666,0.9875777,0.9875653514791878,1.5681368,1.5219307,1750,1746,valid
1375,0.9796536,0.9858113,0.97963965,0.9882938,0.9875062197104382,1.5681297,1.5126635,1750,1746,valid
1376,0.97963446,0.98536736,0.97951806,0.9880242,0.9873957600300998,1.5681225,1.5099537,1750,1746,valid
1377,0.9795947,0.9853222,0.97927415,0.98791784,0.9872521741864883,1.5681154,1.5158843,1750,1746,valid
1378,0.9795941,0.98429996,0.97924674,0.98738885,0.9870980481290765,1.5681082,1.5042394,1750,1746,valid
1379,0.97913617,0.9850682,0.97904265,0.98769873,0.9869577500346843,1.5681009,1.5164418,1750,1746,valid
1380,0.97914004,0.9849572,0.9788978,0.9875771,0.986818786866162,1.5680937,1.5153419,1750,1746,valid
1381,0.9790594,0.9840314,0.97877204,0.9871622,0.9867246798076704,1.5680863,1.5301268,1750,1746,valid
1382,0.9790859,0.98411065,0.9786416,0.9871352,0.9866703919879344,1.568079,1.5293361,1750,1746,valid
1383,0.9784671,0.9813842,0.97859967,0.98586154,0.9865712073964836,1.5680715,1.5263284,1750,1746,valid
1384,0.97853583,0.9814768,0.9784068,0.9857886,0.9864621792469298,1.5680641,1.5201474,1750,1746,valid
1385,0.97850317,0.981055,0.97827363,0.98554736,0.9863682425009239,1.5680566,1.5228436,1750,1746,valid
1386,0.9785381,0.9772456,0.97813237,0.9836764,0.9862679302207539,1.5680491,1.5063959,1750,1746,valid
1387,0.97795683,0.98323554,0.9781381,0.9864502,0.986176599893019,1.5680416,1.5164179,1750,1746,valid
1388,0.9779854,0.98256713,0.97795546,0.985973,0.9859831736766369,1.5680339,1.4961058,1750,1746,valid
1389,0.9780053,0.9831036,0.97783875,0.986233,0.9857679378224988,1.5680263,1.5118115,1750,1746,valid
1390,0.97800666,0.98237354,0.97771645,0.98586583,0.9855841525038375,1.5680186,1.5166717,1750,1746,valid
1391,0.9780183,0.98241276,0.97760355,0.98583704,0.9853531804780469,1.5680108,1.5178211,1750,1746,valid
1392,0.97744673,0.9825635,0.9774008,0.98570985,0.9852556073032775,1.568003,1.4943818,1750,1746,valid
1393,0.97744644,0.98295254,0.97725666,0.98582894,0.9851610899867813,1.5679952,1.496166,1750,1746,valid
1394,0.9774886,0.98215604,0.9770831,0.98536295,0.9850495736993914,1.5679873,1.4907793,1750,1746,valid
1395,0.97744393,0.98174936,0.9769639,0.98509574,0.9848861084099964,1.5679795,1.4846053,1750,1746,valid
1396,0.9769485,0.97864157,0.9769186,0.9836972,0.9847747243561095,1.5679715,1.4929785,1750,1746,valid
1397,0.97695035,0.9796475,0.9768387,0.984171,0.98462662962613,1.5679635,1.5048114,1750,1746,valid
1398,0.976967,0.97616476,0.9766444,0.9824314,0.9844898722574398,1.5679554,1.4901544,1750,1746,valid
1399,0.9769181,0.9823851,0.97653437,0.9852101,0.984338044001004,1.5679474,1.48944,1750,1746,valid
1400,0.9763467,0.9802498,0.97643936,0.98401886,0.9842021345751808,1.5679392,1.450485,1750,1746,valid
1401,0.97634226,0.98033357,0.9762732,0.98397744,0.9840615989478613,1.567931,1.4497089,1750,1746,valid
1402,0.9763779,0.9816483,0.9760753,0.9845474,0.9839461809803057,1.5679228,1.4633282,1750,1746,valid
1403,0.97631407,0.98149294,0.9758986,0.98434836,0.9838118789830302,1.5679145,1.4528953,1750,1746,valid
1404,0.9757672,0.98023635,0.97580576,0.9838145,0.983687983437762,1.5679061,1.4707142,1750,1746,valid
1405,0.9757732,0.97931975,0.9756669,0.98329705,0.9835523688489758,1.5678978,1.4626396,1750,1746,valid
1406,0.97580653,0.9796289,0.97553885,0.9834127,0.9834297065807679,1.5678893,1.4700408,1750,1746,valid
1407,0.97577083,0.977688,0.97540104,0.982451,0.9832932671273678,1.5678809,1.4667594,1750,1746,valid
1408,0.97522193,0.9801804,0.97538316,0.98351216,0.9831661086270842,1.5678724,1.45233,1750,1746,valid
1409,0.9752654,0.9806519,0.9752252,0.9836711,0.9830094423970855,1.5678638,1.4559723,1750,1746,valid
1410,0.9751962,0.9797309,0.9750737,0.9831432,0.9828797571116,1.5678551,1.4473723,1750,1746,valid
1411,0.9752184,0.97922504,0.9749311,0.98278564,0.9827594405559772,1.5678465,1.4338784,1750,1746,valid
1412,0.97517365,0.977915,0.97481394,0.9821695,0.9825722504888866,1.5678377,1.4412735,1750,1746,valid
1413,0.9746753,0.9800113,0.9745821,0.98318446,0.9824609708730734,1.567829,1.4779682,1750,1746,valid
1414,0.974686,0.9792747,0.9744624,0.98274547,0.9822935387810942,1.5678202,1.4671233,1750,1746,valid
1415,0.97469103,0.9795185,0.97430456,0.9828264,0.9821562094905205,1.5678113,1.4764905,1750,1746,valid
1416,0.9746387,0.97880995,0.9741832,0.9824548,0.9819971535137547,1.5678023,1.4779458,1750,1746,valid
1417,0.9741396,0.9755925,0.9741272,0.9809205,0.9818347925810109,1.5677934,1.4682367,1750,1746,valid
1418,0.97416127,0.9747729,0.9739858,0.98045605,0.9816725368383344,1.5677843,1.4623711,1750,1746,valid
1419,0.9741438,0.9757243,0.9738568,0.98083276,0.9815202138966943,1.5677751,1.4629343,1750,1746,valid
1420,0.974144,0.97926974,0.97374284,0.98245806,0.9813562518051704,1.5677661,1.476941,1750,1746,valid
1421,0.97352624,0.97646356,0.97363484,0.98107415,0.9811981377853838,1.5677568,1.4643488,1750,1746,valid
1422,0.9737012,0.9767934,0.9734837,0.98113114,0.9810000455617714,1.5677476,1.4590507,1750,1746,valid
1423,0.9736391,0.97566766,0.9733385,0.9805477,0.9807900562097495,1.5677382,1.4580956,1750,1746,valid
1424,0.9730351,0.97533685,0.9731114,0.98026043,0.980530453257753,1.5677289,1.4509113,1750,1746,valid
1425,0.9730466,0.97490686,0.97297597,0.97994447,0.9803676164558577,1.5677195,1.438235,1750,1746,valid
1426,0.9730568,0.97680694,0.97282875,0.9808016,0.9802058144194334,1.5677099,1.4511781,1750,1746,valid
1427,0.9731042,0.97476166,0.97271,0.97974735,0.980047184985327,1.5677004,1.4362161,1750,1746,valid
1428,0.972471,0.97602993,0.9726504,0.98032707,0.979868886176404,1.5676907,1.4426364,1750,1746,valid
1429,0.9724548,0.974307,0.97251904,0.97946006,0.9796973724562585,1.5676811,1.4377787,1750,1746,valid
1430,0.97252285,0.976023,0.97237587,0.9802092,0.9795510841294931,1.5676713,1.4450226,1750,1746,valid
1431,0.9724915,0.9752769,0.9722394,0.9798003,0.9793947956367922,1.5676615,1.4435549,1750,1746,valid
1432,0.97196424,0.97585255,0.9720253,0.9799891,0.9792516031022914,1.5676516,1.4489641,1750,1746,valid
1433,0.97190785,0.9753782,0.9719068,0.9797963,0.9790809825513146,1.5676417,1.4659618,1750,1746,valid
1434,0.97190523,0.9750355,0.9717734,0.97955745,0.9789379277950921,1.5676317,1.4611628,1750,1746,valid
1435,0.9719681,0.9725054,0.9717872,0.9783846,0.9787841504050736,1.5676217,1.4551752,1750,1746,valid
1436,0.9713607,0.9707307,0.9715668,0.97746104,0.9786176614932457,1.5676116,1.451971,1750,1746,valid
1437,0.9713445,0.9703811,0.97139966,0.97723275,0.9784609814708383,1.5676014,1.4535815,1750,1746,valid
1438,0.9713766,0.96989465,0.9712651,0.9768957,0.9782874890490262,1.5675912,1.4418031,1750,1746,valid
1439,0.97146267,0.9726706,0.97113657,0.97817016,0.978149155341411,1.5675809,1.4569699,1750,1746,valid
1440,0.97138417,0.97116274,0.9709629,0.9773427,0.9780047534465023,1.5675706,1.4435494,1750,1746,valid
1441,0.9708031,0.97211176,0.97091746,0.97765046,0.977892871676483,1.5675601,1.4211814,1750,1746,valid
1442,0.9707649,0.9722252,0.97077274,0.97773534,0.9777764938985012,1.5675496,1.4426697,1750,1746,valid
1443,0.9708093,0.97241217,0.97062695,0.9776535,0.9775985166851842,1.567539,1.4210308,1750,1746,valid
1444,0.9708287,0.97222334,0.9705148,0.9775256,0.9774413996988564,1.5675284,1.4230452,1750,1746,valid
1445,0.970236,0.9723989,0.97027814,0.9775643,0.9772451449869821,1.5675176,1.4375194,1750,1746,valid
1446,0.97025955,0.97171694,0.97012985,0.977162,0.9771256437644146,1.5675069,1.4323571,1750,1746,valid
1447,0.97024506,0.97153217,0.97000515,0.97702575,0.9769957015048618,1.5674961,1.4334178,1750,1746,valid
1448,0.9697599,0.9733549,0.9699458,0.97783756,0.976869381189073,1.5674851,1.4353973,1750,1746,valid
1449,0.96970475,0.97315943,0.96979535,0.97770464,0.9767316056865368,1.5674741,1.4408108,1750,1746,valid
1450,0.9697566,0.9722886,0.9696523,0.97720855,0.9765871527532355,1.567463,1.4334081,1750,1746,valid
1451,0.9692032,0.969933,0.96954143,0.9760386,0.9764293206515788,1.5674518,1.4233502,1750,1746,valid
1452,0.9692691,0.9694876,0.96935964,0.97574335,0.97633193201778,1.5674406,1.4213603,1750,1746,valid
1453,0.96927977,0.97227275,0.96911967,0.9770466,0.9761672763230882,1.5674293,1.4527835,1750,1746,valid
1454,0.96912163,0.97209936,0.96898997,0.976891,0.9760338255399217,1.567418,1.4490047,1750,1746,valid
1455,0.9686556,0.9695034,0.96891284,0.9756221,0.975849909506596,1.5674065,1.4377728,1750,1746,valid
1456,0.96859664,0.96906763,0.9687866,0.97537446,0.9756920082579352,1.567395,1.4396257,1750,1746,valid
1457,0.96856666,0.96830904,0.9686328,0.97493154,0.9755393282298079,1.5673834,1.4337353,1750,1746,valid
1458,0.9685346,0.9678883,0.96848714,0.9747002,0.9754337747722339,1.5673717,1.4395723,1750,1746,valid
1459,0.9685789,0.9680799,0.968366,0.974673,0.9753255528818531,1.5673599,1.4268262,1750,1746,valid
1460,0.9680249,0.96962726,0.96827054,0.9752847,0.9752085165906108,1.5673481,1.4163091,1750,1746,valid
1461,0.9680143,0.9697903,0.96814346,0.9753737,0.9750521654353357,1.5673361,1.4319664,1750,1746,valid
1462,0.96796227,0.9687312,0.968006,0.9747954,0.9748874775696077,1.5673242,1.4248241,1750,1746,valid
1463,0.96797085,0.96887976,0.96784174,0.9747669,0.9746582057700559,1.567312,1.4203464,1750,1746,valid
1464,0.96744096,0.9689543,0.9676181,0.97469527,0.9744213682848577,1.5672998,1.4196614,1750,1746,valid
1465,0.9674305,0.969001,0.9674758,0.9746789,0.9742261635133442,1.5672876,1.4255581,1750,1746,valid
1466,0.96746385,0.96739256,0.96732056,0.97381634,0.9740374811646072,1.5672752,1.4128942,1750,1746,valid
1467,0.9674253,0.96726567,0.9671987,0.97369987,0.9738524494636673,1.5672628,1.4122627,1750,1746,valid
1468,0.96688396,0.96874,0.9671414,0.974281,0.9736621407096698,1.5672503,1.3987385,1750,1746,valid
1469,0.96690464,0.96553904,0.9670329,0.9729181,0.9734865644082745,1.5672376,1.4294527,1750,1746,valid
1470,0.9668947,0.9692108,0.9668554,0.974499,0.9733266933779201,1.5672249,1.4274117,1750,1746,valid
1471,0.96685636,0.9679295,0.96668303,0.9737268,0.9731715149284039,1.5672121,1.4039557,1750,1746,valid
1472,0.9662762,0.9660731,0.9665874,0.9728256,0.9729947929039319,1.5671992,1.4013441,1750,1746,valid
1473,0.9663237,0.9659911,0.96643555,0.9727244,0.972863491674949,1.5671862,1.4025502,1750,1746,valid
1474,0.96631104,0.9654277,0.9662976,0.97247183,0.9727535125579874,1.5671731,1.4168117,1750,1746,valid
1475,0.9663662,0.96528274,0.9662316,0.97228765,0.9726002725413266,1.56716,1.3981378,1750,1746,valid
1476,0.96624565,0.96546024,0.9660171,0.97228575,0.9724331154348206,1.5671467,1.4014059,1750,1746,valid
1477,0.96579957,0.9625625,0.9659337,0.97093606,0.9722450219163582,1.5671333,1.403039,1750,1746,valid
1478,0.96577173,0.96512526,0.96568215,0.9720321,0.9720612213485527,1.5671198,1.4124911,1750,1746,valid
1479,0.96566945,0.96403736,0.9655441,0.9714943,0.9719528844030758,1.5671064,1.4169046,1750,1746,valid
1480,0.96516347,0.9662203,0.9654397,0.9723463,0.9718395010520652,1.5670927,1.3969531,1750,1746,valid
1481,0.9652703,0.9662994,0.9652666,0.9723509,0.9716956233240396,1.5670788,1.407068,1750,1746,valid
1482,0.9652413,0.96568376,0.9651214,0.97195727,0.9715445529115881,1.567065,1.3971575,1750,1746,valid
1483,0.96467936,0.9629407,0.96503127,0.97061044,0.9713566952884071,1.567051,1.3852314,1750,1746,valid
1484,0.9646301,0.96286577,0.96491516,0.97049725,0.9712108924636081,1.567037,1.3798126,1750,1746,valid
1485,0.9646578,0.9631076,0.96472895,0.9705715,0.9710309779231506,1.5670228,1.390172,1750,1746,valid
1486,0.9647106,0.9634554,0.9646059,0.970695,0.970879040892187,1.5670085,1.3946857,1750,1746,valid
1487,0.9645866,0.9616936,0.964501,0.9697967,0.9707389619723457,1.5669941,1.3845563,1750,1746,valid
1488,0.96408165,0.96592647,0.9642602,0.9715262,0.9705999153837823,1.5669795,1.3664097,1750,1746,valid
1489,0.9640546,0.96553105,0.96416366,0.9713568,0.9704639511987485,1.566965,1.3777946,1750,1746,valid
1490,0.96410143,0.96544075,0.96396935,0.9712387,0.9703346360833669,1.5669502,1.3802724,1750,1746,valid
1491,0.96351457,0.9632887,0.96389854,0.97019064,0.9702066992367966,1.5669353,1.372813,1750,1746,valid
1492,0.9635534,0.96368665,0.9637338,0.9702859,0.9700316779367426,1.5669204,1.3706491,1750,1746,valid
1493,0.96350825,0.9643311,0.96361804,0.9705951,0.9698656052381183,1.5669053,1.3849823,1750,1746,valid
1494,0.96355295,0.96344644,0.9634701,0.97009647,0.9697284766017095,1.5668901,1.3790901,1750,1746,valid
1495,0.96290874,0.96224153,0.96324193,0.9694436,0.9695551730357206,1.5668747,1.3791356,1750,1746,valid
1496,0.96295303,0.96250194,0.96311224,0.96930635,0.9694567826458861,1.5668594,1.3386824,1750,1746,valid
1497,0.962939,0.9631939,0.9629594,0.9696663,0.9693446945594699,1.5668437,1.3622313,1750,1746,valid
1498,0.9629767,0.95966345,0.9628917,0.96789056,0.9692104376507881,1.5668281,1.334085,1750,1746,valid
1499,0.9629766,0.95959866,0.9627465,0.96783626,0.9690838837645545,1.5668123,1.3425679,1750,1746,valid
1500,0.9623815,0.96300143,0.96258056,0.96930623,0.9689676762693566,1.5667963,1.3419318,1750,1746,valid
1501,0.96241885,0.9636901,0.9624487,0.969594,0.9688547332520638,1.5667803,1.349004,1750,1746,valid
1502,0.9623907,0.9633874,0.9622942,0.96934485,0.9687359173391277,1.5667641,1.340714,1750,1746,valid
1503,0.9623835,0.9628528,0.9620899,0.9689622,0.9685529535571351,1.5667478,1.33143,1750,1746,valid
1504,0.96178067,0.9603909,0.9619932,0.9677634,0.968397362266913,1.5667313,1.3245965,1750,1746,valid
1505,0.96184516,0.960838,0.96182656,0.9679135,0.9682328425251926,1.5667148,1.3292259,1750,1746,valid
1506,0.9617901,0.96058327,0.96170866,0.96773946,0.9680954427739877,1.566698,1.3284036,1750,1746,valid
1507,0.9613062,0.9607701,0.96151364,0.9676874,0.9679780801227101,1.5666811,1.3187649,1750,1746,valid
1508,0.96123254,0.9625574,0.9613637,0.9685092,0.9678597621284182,1.5666641,1.3342937,1750,1746,valid
1509,0.9612869,0.95870197,0.9613792,0.96676534,0.9676957757516704,1.5666469,1.3351283,1750,1746,valid
1510,0.9607826,0.96119964,0.96111655,0.96776843,0.967510634821226,1.5666296,1.3323661,1750,1746,valid
1511,0.9607971,0.96069974,0.9609648,0.9674884,0.9673480217436482,1.5666122,1.3358243,1750,1746,valid
1512,0.960777,0.9603155,0.9608207,0.9673157,0.9671838895826524,1.5665947,1.3497266,1750,1746,valid
1513,0.9602055,0.9592933,0.96073544,0.96678776,0.9670036892601388,1.566577,1.3449061,1750,1746,valid
1514,0.96028554,0.9593454,0.96053994,0.9666801,0.9668871145029077,1.5665591,1.3363898,1750,1746,valid
1515,0.9602523,0.95883614,0.96046305,0.9664253,0.966772171306889,1.5665411,1.3388712,1750,1746,valid
1516,0.9603008,0.95914704,0.9602586,0.96643513,0.966683920829684,1.5665228,1.3311505,1750,1746,valid
1517,0.9596474,0.9611598,0.96006596,0.9673034,0.9665601866215754,1.5665045,1.3393214,1750,1746,valid
1518,0.9597286,0.9606499,0.9598936,0.96703255,0.9664467353494323,1.566486,1.3475192,1750,1746,valid
1519,0.95968664,0.9604333,0.9597522,0.96683264,0.9663456791000412,1.5664674,1.3400612,1750,1746,valid
1520,0.9596465,0.9606207,0.9596039,0.9668578,0.966205634771928,1.5664486,1.3416494,1750,1746,valid
1521,0.9590727,0.95885473,0.9595219,0.9660561,0.9660548856742663,1.5664295,1.3497615,1750,1746,valid
1522,0.9591129,0.9588796,0.95935476,0.9659585,0.9659060883077395,1.5664104,1.34314,1750,1746,valid
1523,0.9591283,0.95895386,0.9592035,0.9658993,0.965786138872392,1.5663911,1.3383218,1750,1746,valid
1524,0.95905995,0.95821697,0.9590796,0.9655428,0.9656203260397044,1.5663716,1.345585,1750,1746,valid
1525,0.9586236,0.9567463,0.95895326,0.96486473,0.9654426542061925,1.5663519,1.3556639,1750,1746,valid
1526,0.9585184,0.9559004,0.95880497,0.9643986,0.9653179280962761,1.5663321,1.352972,1750,1746,valid
1527,0.95856947,0.95614004,0.9586301,0.9644234,0.9651981943360743,1.5663121,1.3521,1750,1746,valid
1528,0.95793355,0.9577957,0.9583968,0.96506774,0.9650764317876194,1.5662918,1.3515979,1750,1746,valid
1529,0.95796865,0.95810896,0.95824945,0.9651493,0.9649502916236935,1.5662714,1.3529141,1750,1746,valid
1530,0.9580113,0.9578199,0.9581162,0.9649193,0.9647960218827571,1.5662509,1.3452789,1750,1746,valid
1531,0.9580004,0.9578683,0.95795214,0.96491665,0.9646534917321936,1.5662302,1.3555933,1750,1746,valid
1532,0.9574583,0.95700616,0.95784044,0.96439606,0.9645034387974497,1.5662092,1.3398645,1750,1746,valid
1533,0.95744586,0.9565521,0.9577421,0.96413475,0.9643532971476542,1.5661881,1.3379229,1750,1746,valid
1534,0.95744807,0.95706147,0.9575827,0.96431667,0.9642316166016572,1.5661668,1.3426061,1750,1746,valid
1535,0.9568648,0.9585582,0.9573437,0.96488035,0.96407452179308,1.5661452,1.3409288,1750,1746,valid
1536,0.95687795,0.95729095,0.9571562,0.96417767,0.9639516732314991,1.5661235,1.3328415,1750,1746,valid
1537,0.9568517,0.9575934,0.9570457,0.96435577,0.9638146948197486,1.5661016,1.3513577,1750,1746,valid
1538,0.9563992,0.95708,0.95692384,0.963956,0.9636827892129795,1.5660794,1.3289497,1750,1746,valid
1539,0.95629,0.956366,0.9567758,0.9635302,0.9635334996750955,1.566057,1.322303,1750,1746,valid
1540,0.9563633,0.95643646,0.9566213,0.9634718,0.9633799642719155,1.5660344,1.3183222,1750,1746,valid
1541,0.9557701,0.95431125,0.9565493,0.96255255,0.9632197507656308,1.5660117,1.3346906,1750,1746,valid
1542,0.9558065,0.9548767,0.95640624,0.9626849,0.9630623002395468,1.5659887,1.3226835,1750,1746,valid
1543,0.9557534,0.9542815,0.9562379,0.9623556,0.962940650328196,1.5659654,1.3264453,1750,1746,valid
1544,0.9558092,0.95413357,0.9560677,0.96222407,0.9628220979169597,1.565942,1.3292274,1750,1746,valid
1545,0.9552118,0.95642287,0.95584464,0.9631482,0.9627151891527206,1.5659183,1.3260338,1750,1746,valid
1546,0.95522606,0.9563418,0.95566356,0.9629742,0.9625985631856369,1.5658944,1.3151551,1750,1746,valid
1547,0.95525235,0.9560869,0.9555104,0.96282816,0.9624677897025974,1.5658703,1.323212,1750,1746,valid
1548,0.9546387,0.9551577,0.9553944,0.9622711,0.9623378470596221,1.5658458,1.3069936,1750,1746,valid
1549,0.9546886,0.954461,0.95525753,0.96194017,0.9622056451698814,1.5658213,1.316767,1750,1746,valid
1550,0.9546437,0.9547315,0.9551743,0.9620212,0.9620698256323288,1.5657964,1.315969,1750,1746,valid
1551,0.9546487,0.9540909,0.9549403,0.9615793,0.9619222008014506,1.5657712,1.3073587,1750,1746,valid
1552,0.95408064,0.95463866,0.9548391,0.9617878,0.9617694084804893,1.5657458,1.3084509,1750,1746,valid
1553,0.95410097,0.95455176,0.9547149,0.96178055,0.9616206442638062,1.5657202,1.3263334,1750,1746,valid
1554,0.95409006,0.9546336,0.95452654,0.9617077,0.9614907115385126,1.5656943,1.3215433,1750,1746,valid
1555,0.9541434,0.9544381,0.95435584,0.9614964,0.9613705883452772,1.5656682,1.3126916,1750,1746,valid
1556,0.9535052,0.9538509,0.95416,0.96117723,0.9612403320451616,1.5656418,1.320261,1750,1746,valid
1557,0.9535146,0.95395035,0.9540055,0.9612074,0.9611133158324205,1.565615,1.331476,1750,1746,valid
1558,0.9535434,0.95400476,0.95384395,0.9611313,0.9609731261102326,1.565588,1.326047,1750,1746,valid
1559,0.9535677,0.9540704,0.953688,0.9610746,0.9608223659419216,1.5655608,1.3230059,1750,1746,valid
1560,0.9529797,0.9529028,0.9536402,0.96052307,0.960680539329758,1.5655332,1.3233645,1750,1746,valid
1561,0.9529092,0.95244426,0.9534973,0.9602543,0.9605581787947917,1.5655054,1.3244563,1750,1746,valid
1562,0.95301235,0.9531236,0.9533725,0.96046346,0.9604502252582952,1.5654773,1.3158453,1750,1746,valid
1563,0.9529735,0.9525235,0.9531549,0.96012664,0.9603523415140166,1.5654488,1.3230609,1750,1746,valid
1564,0.95243365,0.9528149,0.9530355,0.9601513,0.9602257396486699,1.56542,1.3123876,1750,1746,valid
1565,0.95239985,0.9528634,0.9529226,0.9601415,0.9600939619848525,1.565391,1.3163545,1750,1746,valid
1566,0.95243645,0.95291305,0.9527472,0.960074,0.9599651494526386,1.5653616,1.3144047,1750,1746,valid
1567,0.9518492,0.95312864,0.95246005,0.95995826,0.9598083109106867,1.5653319,1.2979971,1750,1746,valid
1568,0.9518361,0.9528168,0.95231307,0.9596789,0.9596507724107447,1.5653019,1.284158,1750,1746,valid
1569,0.95178664,0.95232254,0.9522089,0.9594337,0.9594937572824894,1.5652715,1.2895678,1750,1746,valid
1570,0.95135146,0.95149225,0.95208764,0.95890665,0.9593313266586594,1.5652409,1.2711947,1750,1746,valid
1571,0.9513001,0.9527798,0.951872,0.9593652,0.9592030034896382,1.5652097,1.2655954,1750,1746,valid
1572,0.95128876,0.9524822,0.9517157,0.9591525,0.9590737673430867,1.5651784,1.2644975,1750,1746,valid
1573,0.9512401,0.9522275,0.95159733,0.959073,0.9589358783312951,1.5651467,1.2822291,1750,1746,valid
1574,0.9507244,0.95273495,0.95136106,0.9591764,0.958795040932932,1.5651146,1.2784375,1750,1746,valid
1575,0.9507238,0.95271593,0.9511727,0.9590358,0.9586422985122465,1.5650821,1.269502,1750,1746,valid
1576,0.9506947,0.9522081,0.95102584,0.95875883,0.9584939088439741,1.5650493,1.27368,1750,1746,valid
1577,0.9501372,0.9514004,0.95099425,0.9583354,0.9583399291108419,1.565016,1.2656151,1750,1746,valid
1578,0.9501094,0.9510655,0.9508213,0.9580228,0.9581934797641856,1.5649824,1.2499267,1750,1746,valid
1579,0.950186,0.9509232,0.9506458,0.9579003,0.9580733332429325,1.5649484,1.254307,1750,1746,valid
1580,0.95016116,0.9505808,0.95050836,0.9576058,0.9579498775372535,1.564914,1.239703,1750,1746,valid
1581,0.94966245,0.9508044,0.95032346,0.9576989,0.9578209113579308,1.5648792,1.2543633,1750,1746,valid
1582,0.949635,0.95065755,0.95017445,0.9575982,0.957681567841058,1.564844,1.2610444,1750,1746,valid
1583,0.9496244,0.95081085,0.9500257,0.95752335,0.9575432888845529,1.5648084,1.2462461,1750,1746,valid
1584,0.94906586,0.95103216,0.9497603,0.9575956,0.957414965808687,1.5647722,1.2642722,1750,1746,valid
1585,0.94908077,0.9507019,0.949674,0.95748955,0.9572981039179704,1.5647358,1.2806406,1750,1746,valid
1586,0.9491083,0.95126176,0.94947946,0.95752716,0.9571622226709993,1.5646988,1.2556746,1750,1746,valid
1587,0.94852126,0.94896466,0.949399,0.95640665,0.9570240928293875,1.5646614,1.2483113,1750,1746,valid
1588,0.94855833,0.94879836,0.9492202,0.9561915,0.956892615795797,1.5646236,1.2372338,1750,1746,valid
1589,0.9485068,0.95021695,0.94901216,0.9567907,0.9567530106997371,1.5645852,1.2466179,1750,1746,valid
1590,0.9479595,0.94984704,0.94894683,0.95657855,0.9566210955479083,1.5645465,1.2439607,1750,1746,valid
1591,0.9479979,0.94982713,0.94878304,0.95642865,0.9564912136935974,1.5645071,1.2313272,1750,1746,valid
1592,0.94802755,0.9499625,0.9485997,0.95640945,0.9563651145612773,1.5644673,1.2319453,1750,1746,valid
1593,0.9479178,0.9505313,0.94830596,0.9564928,0.9562414096485362,1.564427,1.2241119,1750,1746,valid
1594,0.9474334,0.94966114,0.948226,0.9560678,0.9561234327220424,1.5643861,1.2255813,1750,1746,valid
1595,0.9474498,0.94959897,0.9481133,0.95599633,0.956008261519255,1.5643448,1.2271912,1750,1746,valid
1596,0.9474601,0.9492566,0.9479284,0.9557346,0.9558838481862275,1.5643029,1.2231586,1750,1746,valid
1597,0.94686663,0.949161,0.94780076,0.9556581,0.9557701514669932,1.5642605,1.2280188,1750,1746,valid
1598,0.946874,0.94989103,0.94762444,0.955914,0.9556470905717127,1.5642174,1.228859,1750,1746,valid
1599,0.9468553,0.9493857,0.9474367,0.9555383,0.9555271635584799,1.5641739,1.2174861,1750,1746,valid
1600,0.9462869,0.9496823,0.94721115,0.95562893,0.95541663102787,1.5641297,1.2287292,1750,1746,valid
1601,0.94627696,0.949675,0.94704854,0.95561206,0.9553100323457622,1.564085,1.2403886,1750,1746,valid
1602,0.9463458,0.94938815,0.94688165,0.95540065,0.9552056382308635,1.5640397,1.2395419,1750,1746,valid
1603,0.9463308,0.9495724,0.9466778,0.9553989,0.9550932503161675,1.5639937,1.2410368,1750,1746,valid
1604,0.945802,0.94777197,0.94663656,0.95452905,0.9549712121504025,1.5639471,1.2349942,1750,1746,valid
1605,0.94580823,0.9479415,0.9465215,0.95456254,0.9548456286686662,1.5638999,1.2367258,1750,1746,valid
1606,0.9457717,0.9482292,0.9463178,0.9545624,0.9547145411720652,1.563852,1.2295141,1750,1746,valid
1607,0.9452421,0.94850034,0.94620025,0.95462686,0.9545876480095891,1.5638034,1.228537,1750,1746,valid
1608,0.94519717,0.94903594,0.94582367,0.9546873,0.9544556531247855,1.5637542,1.226466,1750,1746,valid
1609,0.9446867,0.94844705,0.9457787,0.9543597,0.9543387803254293,1.5637043,1.2190511,1750,1746,valid
1610,0.94464415,0.94781584,0.94559765,0.9539693,0.954220918740248,1.5636536,1.2152371,1750,1746,valid
1611,0.9447255,0.9481874,0.94546306,0.9540845,0.9541089244046788,1.5636022,1.2167058,1750,1746,valid
1612,0.944641,0.94793993,0.9452826,0.95387435,0.9540016203723642,1.5635501,1.213888,1750,1746,valid
1613,0.9441242,0.9480874,0.9451438,0.95386195,0.9538574505682134,1.5634972,1.2108765,1750,1746,valid
1614,0.9441333,0.9481661,0.9449527,0.9538389,0.9537018112786271,1.5634435,1.216304,1750,1746,valid
1615,0.94415903,0.9479254,0.9447861,0.9536373,0.9535628435076852,1.5633891,1.2133322,1750,1746,valid
1616,0.9435688,0.9481461,0.94455373,0.9536231,0.953427415491738,1.5633337,1.2117815,1750,1746,valid
1617,0.943504,0.9478752,0.94440305,0.95352334,0.9532867229501184,1.5632777,1.2293613,1750,1746,valid
1618,0.94359416,0.94793934,0.9442066,0.9534364,0.9531460718842804,1.5632207,1.2243857,1750,1746,valid
1619,0.9430231,0.94706374,0.9441651,0.95303667,0.9530121179414623,1.5631629,1.2277656,1750,1746,valid
1620,0.9430202,0.94654375,0.9440173,0.95269746,0.9528715562549149,1.5631042,1.2211373,1750,1746,valid
1621,0.9429827,0.9460532,0.9438199,0.9523982,0.9527346159167467,1.5630445,1.223885,1750,1746,valid
1622,0.9429805,0.94627625,0.943679,0.95242506,0.9525981298680646,1.562984,1.2219774,1750,1746,valid
1623,0.9424489,0.9467811,0.9435562,0.95255333,0.9524538140299015,1.5629225,1.2133923,1750,1746,valid
1624,0.94244474,0.9469748,0.9431249,0.95241225,0.9523141066734457,1.56286,1.2074163,1750,1746,valid
1625,0.9419589,0.946629,0.9431342,0.9522675,0.9521770228151123,1.5627965,1.2089944,1750,1746,valid
1626,0.9418735,0.9464404,0.9429585,0.95208067,0.9520425870681949,1.562732,1.2051283,1750,1746,valid
1627,0.94191104,0.9459575,0.942798,0.9517809,0.9519154568183175,1.5626664,1.2039118,1750,1746,valid
1628,0.9419346,0.945705,0.94265413,0.9516201,0.9517803715942196,1.5625998,1.2076799,1750,1746,valid
1629,0.94132024,0.9458389,0.9424974,0.9515867,0.9516538288731405,1.5625321,1.203435,1750,1746,valid
1630,0.94134533,0.94586366,0.942299,0.9515352,0.9515031835425628,1.5624632,1.2087405,1750,1746,valid
1631,0.94133085,0.9455995,0.9421004,0.95136434,0.9513573676651985,1.5623932,1.2163635,1750,1746,valid
1632,0.9408186,0.9454352,0.94186413,0.9512532,0.951213651210879,1.5623219,1.2300179,1750,1746,valid
1633,0.9407557,0.9457931,0.9416741,0.9513061,0.9510724593667839,1.5622495,1.2256585,1750,1746,valid
1634,0.9402409,0.9444572,0.9416138,0.95067436,0.9509270087425354,1.5621759,1.2263957,1750,1746,valid
1635,0.94027436,0.9447519,0.94144225,0.95073146,0.9507744693305529,1.5621009,1.2266943,1750,1746,valid
1636,0.94027483,0.94405514,0.94131815,0.95040065,0.9506181916951886,1.5620246,1.2349101,1750,1746,valid
1637,0.94023025,0.94407004,0.94114125,0.9502544,0.9504795662152159,1.561947,1.2212043,1750,1746,valid
1638,0.93969774,0.9442466,0.9410137,0.95029724,0.9503422878482781,1.561868,1.2251817,1750,1746,valid
1639,0.93967795,0.94451016,0.94084466,0.9503066,0.9501917902352616,1.5617876,1.2188854,1750,1746,valid
1640,0.9396966,0.94444233,0.9405838,0.9502559,0.9500481971781772,1.5617057,1.2378573,1750,1746,valid
1641,0.93912256,0.9437898,0.9404329,0.94988537,0.949901645043244,1.5616223,1.2370132,1750,1746,valid
1642,0.9391487,0.94398016,0.940251,0.9498517,0.9497568652476782,1.5615374,1.229956,1750,1746,valid
1643,0.9385953,0.9440644,0.94004595,0.949794,0.949611346479534,1.5614508,1.2295597,1750,1746,valid
1644,0.9386077,0.9438134,0.9398844,0.94965076,0.9494713456428707,1.5613626,1.2381415,1750,1746,valid
1645,0.9385957,0.94352764,0.9397305,0.9494337,0.9493211696862138,1.5612729,1.2349886,1750,1746,valid
1646,0.9385745,0.94322306,0.939577,0.94917995,0.9491645478076656,1.5611812,1.2264476,1750,1746,valid
1647,0.93803126,0.94239265,0.9394901,0.94880104,0.9490073439977474,1.5610878,1.2338375,1750,1746,valid
1648,0.9380438,0.94278413,0.9392849,0.9488785,0.948850107714375,1.5609927,1.2325684,1750,1746,valid
1649,0.9380586,0.94323343,0.93893754,0.9489515,0.9486948696912655,1.5608957,1.237839,1750,1746,valid
1650,0.93745285,0.94213086,0.9389198,0.9484608,0.9485393103115146,1.5607966,1.2415148,1750,1746,valid
1651,0.9375258,0.94209915,0.9387584,0.9484091,0.9483847304357942,1.5606956,1.2485362,1750,1746,valid
1652,0.9374897,0.9417183,0.9385872,0.9481215,0.948233903743683,1.5605927,1.2416564,1750,1746,valid
1653,0.936949,0.9420412,0.9383656,0.94816774,0.9480817209510599,1.5604874,1.2418149,1750,1746,valid
1654,0.93695045,0.9415255,0.9382466,0.9478755,0.9479254722519423,1.56038,1.2412244,1750,1746,valid
1655,0.9369287,0.94137627,0.9380764,0.94775265,0.9477757024220472,1.5602704,1.2456499,1750,1746,valid
1656,0.9363708,0.9410916,0.93781817,0.94748527,0.947627622579391,1.5601584,1.2418956,1750,1746,valid
1657,0.9364246,0.940914,0.9376658,0.94728893,0.9474773113893549,1.560044,1.2331641,1750,1746,valid
1658,0.93635666,0.9408514,0.93749774,0.94717443,0.9473186396208163,1.5599272,1.2314336,1750,1746,valid
1659,0.9358209,0.94141763,0.9373157,0.94736224,0.9471700653494701,1.5598078,1.2340109,1750,1746,valid
1660,0.93583983,0.9412574,0.9371569,0.94730026,0.9470111450691607,1.5596857,1.2500253,1750,1746,valid
1661,0.93582064,0.9409392,0.93697774,0.9470116,0.9468641169098173,1.5595609,1.2381896,1750,1746,valid
1662,0.93533283,0.9400075,0.9368328,0.9464471,0.9467050244404119,1.5594332,1.2240697,1750,1746,valid
1663,0.93527275,0.939578,0.9366797,0.94606626,0.946540579428273,1.5593026,1.2023196,1750,1746,valid
1664,0.935362,0.9397628,0.93652594,0.9464112,0.946384786903352,1.5591689,1.2654786,1750,1746,valid
1665,0.93474436,0.9393551,0.936293,0.9461231,0.9462192559685425,1.5590322,1.266276,1750,1746,valid
1666,0.9348153,0.93922615,0.9361136,0.9459863,0.9460652861773933,1.5588921,1.2670423,1750,1746,valid
1667,0.9346811,0.93915284,0.9359783,0.9458915,0.9458993339395817,1.5587487,1.2671561,1750,1746,valid
1668,0.9341783,0.9391832,0.93577814,0.945829,0.9457378455305963,1.5586019,1.2701252,1750,1746,valid
1669,0.93416536,0.93875855,0.9356159,0.9455774,0.9455895808175505,1.5584513,1.2732217,1750,1746,valid
1670,0.9341734,0.9388649,0.9353775,0.9455278,0.9454400411734519,1.5582969,1.2754017,1750,1746,valid
1671,0.9341003,0.9386793,0.9353111,0.94537824,0.9452866213289474,1.5581387,1.2686646,1750,1746,valid
1672,0.933542,0.9377945,0.9352313,0.9450134,0.9451229120046437,1.5579765,1.2831097,1750,1746,valid
1673,0.93352324,0.9376053,0.93507683,0.9449436,0.9449458088609258,1.5578101,1.3001887,1750,1746,valid
1674,0.9335176,0.9381061,0.9347006,0.94497526,0.9447876001884399,1.5576392,1.2954714,1750,1746,valid
1675,0.932997,0.9382202,0.9345008,0.94486535,0.9446327102548899,1.5574638,1.2817032,1750,1746,valid
1676,0.9329402,0.9380976,0.9343374,0.9447119,0.9444679897536984,1.5572836,1.2772629,1750,1746,valid
1677,0.9330163,0.93782854,0.9341427,0.9444027,0.9443005667491022,1.5570985,1.258349,1750,1746,valid
1678,0.93247867,0.93705666,0.9340471,0.9441056,0.9441381624950183,1.5569084,1.2773137,1750,1746,valid
1679,0.93250203,0.93704134,0.9338461,0.9440152,0.9439660713325156,1.5567127,1.2789881,1750,1746,valid
1680,0.9324499,0.93684596,0.93367517,0.9436942,0.9437882248689647,1.5565116,1.2492518,1750,1746,valid
1681,0.9318527,0.9365098,0.9334918,0.94352114,0.9436051408259709,1.5563046,1.2615439,1750,1746,valid
1682,0.93187237,0.9362456,0.9333055,0.9433695,0.9434219551085158,1.5560915,1.2719777,1750,1746,valid
1683,0.9319196,0.9364585,0.9331194,0.9435187,0.9432418463605214,1.5558721,1.2988391,1750,1746,valid
1684,0.93188465,0.93625945,0.9329549,0.9432486,0.9430714885241482,1.555646,1.2784615,1750,1746,valid
1685,0.93130016,0.9358047,0.9327928,0.94293433,0.9429083299119844,1.5554129,1.2720221,1750,1746,valid
1686,0.93135387,0.9356565,0.93260586,0.9424841,0.9427536755334958,1.5551726,1.2151866,1750,1746,valid
1687,0.9313234,0.9359291,0.93240035,0.94244605,0.9425888624263246,1.5549246,1.2024215,1750,1746,valid
1688,0.93078274,0.93531185,0.9324018,0.94236827,0.9424171995143314,1.5546687,1.2407002,1750,1746,valid
1689,0.93078214,0.93510944,0.93221307,0.9420133,0.9422376528245419,1.5544044,1.2072973,1750,1746,valid
1690,0.93020266,0.93598217,0.9318594,0.9423108,0.9420668297346897,1.5541312,1.2190602,1750,1746,valid
1691,0.93024117,0.93532246,0.93164706,0.9418701,0.9419007982836837,1.5538487,1.2108909,1750,1746,valid
1692,0.93024814,0.93537515,0.93150723,0.94188887,0.9417338054980122,1.5535567,1.2219932,1750,1746,valid
1693,0.93017256,0.9352041,0.9312874,0.9416918,0.9415792816195253,1.5532542,1.2184937,1750,1746,valid
1694,0.9297388,0.93413883,0.93122375,0.941156,0.9414278546201165,1.5529411,1.2143526,1750,1746,valid
1695,0.92951876,0.9340726,0.9310931,0.94100523,0.9412676605104189,1.5526165,1.2029195,1750,1746,valid
1696,0.9296258,0.93376803,0.9308554,0.94087213,0.9411022713663231,1.55228,1.2244635,1750,1746,valid
1697,0.9296219,0.9338446,0.93064773,0.9409319,0.940946014576181,1.5519307,1.2473029,1750,1746,valid
1698,0.92904824,0.9338284,0.93048656,0.940984,0.9407867224138672,1.5515679,1.2729821,1750,1746,valid
1699,0.92907643,0.93327445,0.9302386,0.9403749,0.9406273303348949,1.551191,1.2263263,1750,1746,valid
1700,0.9284778,0.93322897,0.9300815,0.9403021,0.9404788337417033,1.550799,1.2300849,1750,1746,valid
1701,0.9285657,0.9332138,0.9298767,0.9401106,0.9403442254074164,1.550391,1.2129337,1750,1746,valid
1702,0.9285009,0.9332971,0.9296757,0.9401088,0.9401918794563769,1.549966,1.2227986,1750,1746,valid
1703,0.92801535,0.93242276,0.9296149,0.939589,0.9400610668304924,1.549523,1.2050798,1750,1746,valid
1704,0.9279568,0.9324725,0.92951655,0.9399251,0.9399138633701205,1.5490606,1.2733982,1750,1746,valid
1705,0.92804515,0.9320816,0.9292804,0.9398546,0.9397626728208754,1.5485778,1.315628,1750,1746,valid
1706,0.9274036,0.9332407,0.92897,0.9399604,0.9396007782932281,1.5480729,1.2610668,1750,1746,valid
1707,0.9274992,0.93306684,0.92879176,0.9397601,0.9394376178098544,1.5475447,1.2534448,1750,1746,valid
1708,0.92687935,0.93233806,0.9287013,0.93949115,0.9392775215727955,1.5469913,1.2735119,1750,1746,valid
1709,0.92693335,0.9318167,0.9284686,0.93903667,0.9391302047921795,1.5464109,1.2521584,1750,1746,valid
1710,0.92689735,0.93168885,0.92835665,0.93899167,0.9389753063504309,1.5458015,1.2645513,1750,1746,valid
1711,0.9268838,0.93165886,0.9280729,0.93869585,0.9388455344924692,1.5451609,1.2354095,1750,1746,valid
1712,0.9262954,0.9314881,0.927845,0.9388204,0.9386876309810754,1.5444866,1.2945619,1750,1746,valid
1713,0.926341,0.93112427,0.92767036,0.9385192,0.9385273899709782,1.5437759,1.2836636,1750,1746,valid
1714,0.92631125,0.93095666,0.9275048,0.93836,0.9383895625835499,1.5430257,1.2822721,1750,1746,valid
1715,0.925795,0.9314336,0.92732596,0.93840885,0.938212456900333,1.5422326,1.2655754,1750,1746,valid
1716,0.92574483,0.9314564,0.92714393,0.9379885,0.9380428497700758,1.541393,1.1996459,1750,1746,valid
1717,0.92578036,0.93095845,0.92696977,0.93788373,0.9378534938897978,1.5405025,1.2376331,1750,1746,valid
1718,0.9251832,0.9297618,0.9269916,0.93734246,0.9376589571185507,1.5395565,1.2363155,1750,1746,valid
1719,0.9252664,0.92946595,0.9267516,0.93712705,0.937566868883378,1.5385494,1.2418678,1750,1746,valid
1720,0.9251783,0.92994744,0.92652416,0.9371407,0.9374004334724868,1.5374753,1.2226644,1750,1746,valid
1721,0.9246374,0.93106276,0.9261733,0.9372862,0.9372228504863344,1.5363272,1.185011,1750,1746,valid
1722,0.92464143,0.9308229,0.92603314,0.93686306,0.9369951368576919,1.5350972,1.1391461,1750,1746,valid
1723,0.924639,0.930601,0.92581904,0.936583,0.9368071053470153,1.5337762,1.1244645,1750,1746,valid
1724,0.9240786,0.9296972,0.9257175,0.93648356,0.936595367832844,1.5323538,1.1900901,1750,1746,valid
1725,0.92400306,0.929413,0.92560005,0.93613005,0.9363342033630917,1.5308176,1.1586368,1750,1746,valid
1726,0.9240896,0.9289952,0.9254991,0.93549734,0.9360287574121008,1.5291537,1.0871105,1750,1746,valid
1727,0.9234949,0.9295895,0.9253429,0.9359176,0.9358247287945722,1.5273454,1.1268079,1750,1746,valid
1728,0.9235977,0.9290913,0.925187,0.93480664,0.9355723842745065,1.5253731,0.98403645,1750,1746,valid
1729,0.9236543,0.9288699,0.92496073,0.93490785,0.9352639380547523,1.5232133,1.0367993,1750,1746,valid
1730,0.92300886,0.92938083,0.9245565,0.9348306,0.934915537734135,1.5208379,1.0151933,1750,1746,valid
1731,0.92301095,0.92911357,0.9243771,0.93476665,0.9345336041716766,1.5182133,1.0394884,1750,1746,valid
1732,0.92295265,0.92889637,0.92419875,0.9345209,0.9341334742706696,1.5152978,1.0281382,1750,1746,valid
1733,0.9224876,0.9278615,0.92412734,0.93412435,0.93366843351282,1.5120405,1.0467945,1750,1746,valid
1734,0.9224554,0.92775834,0.9240085,0.9336889,0.9331585723801854,1.5083776,0.98896587,1750,1746,valid
1735,0.9224855,0.92784,0.92376554,0.93352914,0.9326406918327017,1.5042281,0.9743601,1750,1746,valid
1736,0.921887,0.9285483,0.9236108,0.9320771,0.9321034508422648,1.4994888,0.6956301,1750,1746,valid
1737,0.9219065,0.92807883,0.9233602,0.93216836,0.9315057343776433,1.4940244,0.76252615,1750,1746,valid
1738,0.9218984,0.9278833,0.923206,0.93180275,0.9308848890481166,1.487655,0.72959757,1750,1746,valid
1739,0.9213573,0.92709315,0.9228946,0.93046254,0.9302372414705541,1.4801364,0.5977448,1750,1746,valid
1740,0.921323,0.9268239,0.92276156,0.93089485,0.9295414727123718,1.4711276,0.6943476,1750,1746,valid
1741,0.921347,0.9265868,0.9225658,0.9304763,0.9288828578828708,1.4601392,0.65952826,1750,1746,valid
1742,0.9207951,0.9260994,0.9225663,0.9302568,0.9281565817275103,1.4464413,0.659848,1750,1746,valid
1743,0.9208182,0.926562,0.9222796,0.9300051,0.9274468120301165,1.4288993,0.60809004,1750,1746,valid
1744,0.92085075,0.926105,0.9221685,0.9255007,0.9267218662657104,1.4056476,-0.045861438,1750,1746,valid
1745,0.92024004,0.9265939,0.9217882,0.92633957,0.9260142641933099,1.3734008,0.07766487,1750,1746,valid
1746,0.92024136,0.9262523,0.9215447,0.925466,0.9253036552192071,1.3258177,-0.016813114,1750,1746,valid
1747,0.9197313,0.9252593,0.9215499,0.9259875,0.9245864362845451,1.2490457,0.13394716,1750,1746,valid
1748,0.9196621,0.92556244,0.9213625,0.92358273,0.9238726685990887,1.1071488,-0.25571448,1750,1746,valid
1749,0.91966546,0.92477447,0.92118025,0.9231874,0.9231169090383895,0.7853982,-0.24795005,1750,1746,valid
1750,0.91967684,0.92496085,0.9210142,0.92302996,0.9223864800611384,-0.0,-0.27548888,1750,1746,valid
1751,0.9190893,0.9259794,0.9207256,0.9233132,0.9217137707710925,-0.7853982,-0.28344792,1750,1746,valid
1752,0.9191333,0.92571014,0.9205164,0.9181724,0.921027075209095,-1.1071488,-1.3157167,1750,1746,valid
1753,0.91917545,0.9250193,0.9204856,0.9179139,0.9203746591532945,-1.2490457,-1.2950453,1750,1746,valid
1754,0.9184943,0.924238,0.9202064,0.9174498,0.9196744067700756,-1.3258177,-1.2894506,1750,1746,valid
1755,0.9185741,0.9245663,0.91990364,0.9173957,0.9190679077772619,-1.3734008,-1.3085203,1750,1746,valid
1756,0.918588,0.92349476,0.9197432,0.9168587,0.91844955858884,-1.4056476,-1.3014528,1750,1746,valid
1757,0.91804004,0.92185575,0.9195746,0.91602415,0.9178873623599128,-1.4288993,-1.3049014,1750,1746,valid
1758,0.9179928,0.9232405,0.9194871,0.9166164,0.9173542291054729,-1.4464413,-1.3042123,1750,1746,valid
1759,0.9174337,0.92374545,0.9190656,0.9166527,0.9168488751945585,-1.4601392,-1.3043599,1750,1746,valid
1760,0.9174917,0.9213987,0.91909134,0.9152254,0.9163782009452026,-1.4711276,-1.4200137,1750,1746,valid
1761,0.91746247,0.92014796,0.91891015,0.91451657,0.9159672173136632,-1.4801364,-1.4389033,1750,1746,valid
1762,0.9169742,0.9216178,0.9186598,0.91509074,0.9155401080652869,-1.487655,-1.432215,1750,1746,valid
1763,0.9169492,0.9217072,0.9184824,0.9150355,0.9151274189543505,-1.4940244,-1.4371289,1750,1746,valid
1764,0.91695267,0.921531,0.91827834,0.9148173,0.9147582117942742,-1.4994888,-1.4521847,1750,1746,valid
1765,0.9164143,0.92321664,0.9182961,0.91566116,0.9144450268952289,-1.5042281,-1.4290786,1750,1746,valid
1766,0.91646045,0.91956913,0.9180435,0.91389835,0.9141660915549242,-1.5083776,-1.4250548,1750,1746,valid
1767,0.91638273,0.9232197,0.9177258,0.9153363,0.9139260960833654,-1.5120405,-1.4509766,1750,1746,valid
1768,0.9158539,0.92163736,0.91738176,0.9144117,0.9137333392618814,-1.5152978,-1.4671586,1750,1746,valid
1769,0.91585386,0.9210343,0.9172038,0.9141218,0.9136124565303123,-1.5182133,-1.4447064,1750,1746,valid
1770,0.9153248,0.91870373,0.9171175,0.9130248,0.9133787695574372,-1.5208379,-1.4438057,1750,1746,valid
1771,0.9153479,0.9184826,0.917019,0.91289085,0.9132283133986012,-1.5232133,-1.4398681,1750,1746,valid
1772,0.9153183,0.9193737,0.9168117,0.91323274,0.9130772133060097,-1.5253731,-1.4293822,1750,1746,valid
1773,0.9152845,0.9186888,0.9166037,0.9128152,0.9129767207025168,-1.5273454,-1.432981,1750,1746,valid
1774,0.9147164,0.92221314,0.9163854,0.91429996,0.912860055612839,-1.5291537,-1.4392605,1750,1746,valid
1775,0.9147737,0.92169064,0.91618025,0.91392785,0.9127583481176642,-1.5308176,-1.4529468,1750,1746,valid
1776,0.914199,0.9177471,0.9159441,0.91212016,0.9126787145949433,-1.5323538,-1.4213438,1750,1746,valid
1777,0.91414684,0.91866225,0.9157356,0.91240025,0.912602459449556,-1.5337762,-1.4348872,1750,1746,valid
1778,0.91415775,0.9184273,0.9155462,0.9122696,0.9123991765685018,-1.5350972,-1.4140954,1750,1746,valid
1779,0.91362494,0.92138106,0.9155761,0.9136223,0.9122176488063067,-1.5363272,-1.4156511,1750,1746,valid
1780,0.9136106,0.9166128,0.91531813,0.9113671,0.9120548877249512,-1.5374753,-1.405201,1750,1746,valid
1781,0.91360945,0.9197425,0.9149021,0.9125924,0.9119054880138575,-1.5385494,-1.4078386,1750,1746,valid
1782,0.9130599,0.9181393,0.9146191,0.91171896,0.9117491556908365,-1.5395565,-1.4126089,1750,1746,valid
1783,0.9130426,0.9177518,0.91478884,0.911634,0.9115680435815624,-1.5405025,-1.4081352,1750,1746,valid
1784,0.9131014,0.917712,0.9145646,0.9115367,0.911415871526119,-1.541393,-1.4005486,1750,1746,valid
1785,0.913054,0.9170777,0.914456,0.9112179,0.9112596563589174,-1.5422326,-1.3942707,1750,1746,valid
1786,0.912461,0.9156025,0.9140549,0.91032326,0.9110846406846429,-1.5430257,-1.4072425,1750,1746,valid
1787,0.9124824,0.9164277,0.9138826,0.91067106,0.9108884531824095,-1.5437759,-1.390681,1750,1746,valid
1788,0.9119182,0.9188811,0.91370094,0.9116926,0.9107227771113902,-1.5444866,-1.3943588,1750,1746,valid
1789,0.9118757,0.9187147,0.9134259,0.91148263,0.9105463354281553,-1.5451609,-1.3970709,1750,1746,valid
1790,0.9119036,0.91484696,0.9132227,0.9096639,0.9103612683699922,-1.5458015,-1.3862326,1750,1746,valid
1791,0.9113871,0.91656697,0.9130199,0.91031134,0.9101707176332069,-1.5464109,-1.3998095,1750,1746,valid
1792,0.91133225,0.91645545,0.91280043,0.9101565,0.9099391160128514,-1.5469913,-1.4010111,1750,1746,valid
1793,0.9113903,0.91631585,0.9126121,0.9099807,0.9097501382127913,-1.5475447,-1.409503,1750,1746,valid
1794,0.91080487,0.91402036,0.912572,0.9089276,0.9096040141839093,-1.5480729,-1.4064169,1750,1746,valid
1795,0.9108263,0.9155207,0.9123938,0.90952915,0.9094513656504286,-1.5485778,-1.4062448,1750,1746,valid
1796,0.9108116,0.9135867,0.91217434,0.9085626,0.9092705905398136,-1.5490606,-1.401804,1750,1746,valid
1797,0.9102631,0.9142656,0.91202986,0.90878457,0.9090945116458,-1.549523,-1.408554,1750,1746,valid
1798,0.9102647,0.91443104,0.9117919,0.9087806,0.9089170553132736,-1.549966,-1.3989375,1750,1746,valid
1799,0.9102231,0.91287273,0.9115721,0.9079814,0.9087334541062573,-1.550391,-1.3956184,1750,1746,valid
1800,0.9097254,0.91315895,0.91131794,0.9078966,0.9085774497863178,-1.550799,-1.4279606,1750,1746,valid
1801,0.90977,0.913131,0.9111196,0.90786004,0.9084260763864016,-1.551191,-1.4059427,1750,1746,valid
1802,0.90911067,0.91616243,0.91092455,0.9091485,0.908218201954983,-1.5515679,-1.4063739,1750,1746,valid
1803,0.90919363,0.91654164,0.9107114,0.90919375,0.9080101163684838,-1.5519307,-1.4161341,1750,1746,valid
1804,0.90916693,0.9155024,0.91045773,0.9085658,0.9077975423628168,-1.55228,-1.4290924,1750,1746,valid
1805,0.9086213,0.9137102,0.91024697,0.9076871,0.907596796847535,-1.5526165,-1.4181278,1750,1746,valid
1806,0.9086385,0.9130532,0.91010773,0.9073022,0.9073552643243548,-1.5529411,-1.425535,1750,1746,valid
1807,0.90807575,0.91278476,0.9099449,0.9070821,0.9071690210569775,-1.5532542,-1.4333603,1750,1746,valid
1808,0.9080858,0.9127353,0.90978026,0.90708894,0.9070134893268476,-1.5535567,-1.3989215,1750,1746,valid
1809,0.90810746,0.9122277,0.909547,0.9067117,0.9068488903327802,-1.5538487,-1.4118334,1750,1746,valid
1810,0.9080646,0.9131121,0.909335,0.90702707,0.9066794714994135,-1.5541312,-1.4085553,1750,1746,valid
1811,0.9075005,0.91148406,0.9092529,0.9062736,0.9065060059252753,-1.5544044,-1.4005044,1750,1746,valid
1812,0.9075172,0.91126674,0.9090558,0.9060867,0.9062965295007276,-1.5546687,-1.3998218,1750,1746,valid
1813,0.9075003,0.9100427,0.9087807,0.90539813,0.9060899960273326,-1.5549246,-1.4017389,1750,1746,valid
1814,0.9069783,0.9105868,0.90853274,0.9055509,0.9059377813161382,-1.5551726,-1.3956704,1750,1746,valid
1815,0.90694416,0.9107697,0.9082874,0.9055268,0.905786638147921,-1.5554129,-1.3940899,1750,1746,valid
1816,0.9063958,0.9136842,0.9080428,0.90670365,0.9056019051033921,-1.555646,-1.4061326,1750,1746,valid
1817,0.9063651,0.9135135,0.907879,0.90655816,0.9054277538551014,-1.5558721,-1.40382,1750,1746,valid
1818,0.90642107,0.9143111,0.9076339,0.9068148,0.9052127342795941,-1.5560915,-1.401902,1750,1746,valid
1819,0.9058368,0.90943485,0.9076747,0.9046279,0.9049968112324642,-1.5563046,-1.3977661,1750,1746,valid
1820,0.9058358,0.90929717,0.90746343,0.90447557,0.904769683166905,-1.5565116,-1.395524,1750,1746,valid
1821,0.9058099,0.9086731,0.90729797,0.9041382,0.9046028919372512,-1.5567127,-1.3883746,1750,1746,valid
1822,0.9053027,0.9077461,0.9069563,0.9035051,0.9044291603570167,-1.5569084,-1.4062445,1750,1746,valid
1823,0.90528923,0.9081473,0.90675724,0.90359247,0.9042619152807028,-1.5570985,-1.4075755,1750,1746,valid
1824,0.90527046,0.9071223,0.9066049,0.9031098,0.9040819251223116,-1.5572836,-1.390305,1750,1746,valid
1825,0.90467817,0.9084924,0.9063059,0.9035625,0.9038833466528392,-1.5574638,-1.4012117,1750,1746,valid
1826,0.90467995,0.9076098,0.9061508,0.9031293,0.903680898768743,-1.5576392,-1.38853,1750,1746,valid
1827,0.9041791,0.9080594,0.9058372,0.9031614,0.903465492531915,-1.5578101,-1.3978648,1750,1746,valid
1828,0.90416867,0.90859634,0.9056647,0.90331197,0.9032914505131286,-1.5579765,-1.4026755,1750,1746,valid
1829,0.9041408,0.90872794,0.90539753,0.90329397,0.9031307663895004,-1.5581387,-1.3883352,1750,1746,valid
1830,0.9035911,0.9115703,0.9053128,0.9045125,0.9029597171100862,-1.5582969,-1.3998678,1750,1746,valid
1831,0.90364444,0.91052574,0.9050678,0.9039511,0.902761049511088,-1.5584513,-1.3915066,1750,1746,valid
1832,0.90358895,0.9098554,0.9047816,0.90347034,0.9025316165242351,-1.5586019,-1.4061025,1750,1746,valid
1833,0.9030423,0.9055466,0.904827,0.90159744,0.9023077658959905,-1.5587487,-1.384627,1750,1746,valid
1834,0.90303344,0.9059726,0.90456474,0.90166795,0.9021057229978395,-1.5588921,-1.3856769,1750,1746,valid
1835,0.9025047,0.9063188,0.9042392,0.90164554,0.9019285398470805,-1.5590322,-1.3956462,1750,1746,valid
1836,0.9025493,0.90593904,0.90401113,0.9013828,0.9017427719601261,-1.5591689,-1.3910443,1750,1746,valid
1837,0.9024863,0.90653425,0.9038719,0.9015768,0.9015717588533827,-1.5593026,-1.3952549,1750,1746,valid
1838,0.90193117,0.9070478,0.90366495,0.90174276,0.9013513113399716,-1.5594332,-1.3865474,1750,1746,valid
1839,0.901929,0.9056501,0.9035102,0.90098715,0.9011148401542007,-1.5595609,-1.402429,1750,1746,valid
1840,0.9019199,0.90569943,0.90325356,0.90088063,0.9008998521853968,-1.5596857,-1.4061966,1750,1746,valid
1841,0.9013477,0.9044642,0.90292835,0.90013933,0.9007193965588639,-1.5598078,-1.4163153,1750,1746,valid
1842,0.9013383,0.9048102,0.9027494,0.9002665,0.9005868322795254,-1.5599272,-1.3993721,1750,1746,valid
1843,0.90073305,0.90796953,0.9025146,0.9016024,0.9004655056068269,-1.560044,-1.397378,1750,1746,valid
1844,0.90081584,0.90840954,0.90236056,0.90174127,0.9003671656478491,-1.5601584,-1.3944185,1750,1746,valid
1845,0.9008213,0.9076578,0.9021088,0.9012614,0.9001770242051117,-1.5602704,-1.4018226,1750,1746,valid
1846,0.9002631,0.90456647,0.9021189,0.8998419,0.8999741179758918,-1.56038,-1.4076616,1750,1746,valid
1847,0.9002375,0.90273637,0.9018997,0.89894503,0.8997857661184322,-1.5604874,-1.3959849,1750,1746,valid
1848,0.9002647,0.90229625,0.9016801,0.89866805,0.8996078285258883,-1.5605927,-1.3883505,1750,1746,valid
1849,0.89969987,0.90323776,0.9013761,0.8989122,0.8994555541641465,-1.5606956,-1.402979,1750,1746,valid
1850,0.8996976,0.9026636,0.9011078,0.8985441,0.8992724384995985,-1.5607966,-1.3978317,1750,1746,valid
1851,0.8997321,0.9023508,0.9009234,0.8983198,0.8990947768456835,-1.5608957,-1.3970774,1750,1746,valid
1852,0.8991175,0.9028924,0.900789,0.89850986,0.8989034463558292,-1.5609927,-1.3953981,1750,1746,valid
1853,0.8991329,0.90283275,0.900591,0.8983857,0.8986813216093773,-1.5610878,-1.3974943,1750,1746,valid
1854,0.8990974,0.9025056,0.90035474,0.8981441,0.8984672759418231,-1.5611812,-1.3925424,1750,1746,valid
1855,0.89858985,0.90231067,0.9003762,0.8980254,0.8983084116735975,-1.5612729,-1.4055281,1750,1746,valid
1856,0.8986053,0.9028592,0.9001461,0.89817697,0.8982034241233046,-1.5613626,-1.4031389,1750,1746,valid
1857,0.8980454,0.90513766,0.89964163,0.8989707,0.8980847900984329,-1.5614508,-1.4070765,1750,1746,valid
1858,0.89803624,0.9048067,0.89948297,0.89875996,0.8979505544683488,-1.5615374,-1.4030378,1750,1746,valid
1859,0.8980088,0.9038822,0.8991929,0.8981936,0.8977000544412806,-1.5616223,-1.4073485,1750,1746,valid
1860,0.89749473,0.9013088,0.8992083,0.8969996,0.8974915141386699,-1.5617057,-1.4174097,1750,1746,valid
1861,0.89744914,0.90291744,0.89900625,0.89764583,0.897333713977186,-1.5617876,-1.4151313,1750,1746,valid
1862,0.8974494,0.90038884,0.8987559,0.89640355,0.897150168138266,-1.561868,-1.407758,1750,1746,valid
1863,0.8969487,0.90373236,0.8987075,0.8979116,0.8969742919127353,-1.561947,-1.4046886,1750,1746,valid
1864,0.89697886,0.9040887,0.8984026,0.89791095,0.8968007542430202,-1.5620246,-1.4123415,1750,1746,valid
1865,0.89634746,0.903439,0.8981055,0.8974402,0.8966303542355747,-1.5621009,-1.425435,1750,1746,valid
1866,0.89638716,0.90103966,0.89784515,0.8962644,0.8964526200729582,-1.5621759,-1.4139366,1750,1746,valid
1867,0.89636683,0.90026855,0.8977243,0.89586693,0.8962354582174936,-1.5622495,-1.4111053,1750,1746,valid
1868,0.895742,0.89960724,0.8975893,0.8954976,0.8960074926775812,-1.5623219,-1.4133652,1750,1746,valid
1869,0.8958253,0.89917934,0.89732146,0.895159,0.8958706936413976,-1.5623932,-1.4204851,1750,1746,valid
1870,0.89527434,0.9020322,0.8968555,0.8962377,0.8957592825292242,-1.5624632,-1.4224658,1750,1746,valid
1871,0.89521945,0.90317446,0.89663494,0.8966559,0.8956203142155504,-1.5625321,-1.4226569,1750,1746,valid
1872,0.8952607,0.90188897,0.8963698,0.8959476,0.8954422609806261,-1.5625998,-1.4234445,1750,1746,valid
1873,0.89468133,0.89949244,0.8964361,0.8948777,0.8952234606164414,-1.5626664,-1.4268146,1750,1746,valid
1874,0.89470553,0.8973297,0.8961941,0.8938161,0.8950120733560065,-1.562732,-1.4158916,1750,1746,valid
1875,0.89469975,0.8980142,0.8960154,0.89405406,0.8947980037096962,-1.5627965,-1.4131546,1750,1746,valid
1876,0.8941636,0.898173,0.8959975,0.89409155,0.8945718515056542,-1.56286,-1.4219687,1750,1746,valid
1877,0.89413977,0.8981313,0.89578605,0.89395577,0.8943756977607996,-1.5629225,-1.428716,1750,1746,valid
1878,0.8941324,0.9006435,0.895522,0.89498377,0.894198533053472,-1.562984,-1.4266751,1750,1746,valid
1879,0.893597,0.9010597,0.8951894,0.8949959,0.8939642085111146,-1.5630445,-1.4351383,1750,1746,valid
1880,0.8935706,0.8972717,0.8948971,0.8931407,0.893725651511097,-1.5631042,-1.4347001,1750,1746,valid
1881,0.8930355,0.8958918,0.8948325,0.89251924,0.8934505366247953,-1.5631629,-1.4226928,1750,1746,valid
1882,0.8930225,0.89611787,0.8945677,0.89249825,0.8932384194953663,-1.5632207,-1.4236002,1750,1746,valid
1883,0.89304173,0.89655775,0.8943974,0.8926199,0.8930474000907518,-1.5632777,-1.4238021,1750,1746,valid
1884,0.89245325,0.9018958,0.8939613,0.894841,0.8927839442112981,-1.5633337,-1.4263508,1750,1746,valid
1885,0.89246726,0.89941233,0.8937248,0.8936199,0.8925089132796691,-1.5633891,-1.4207456,1750,1746,valid
1886,0.89194655,0.89539176,0.89370596,0.891775,0.8922133820575546,-1.5634435,-1.4232869,1750,1746,valid
1887,0.89197075,0.8965878,0.89344704,0.89218813,0.8920488929720818,-1.5634972,-1.4274732,1750,1746,valid
1888,0.8919342,0.896345,0.8932656,0.8920134,0.8918525373714918,-1.5635501,-1.421248,1750,1746,valid
1889,0.89135545,0.8966002,0.89316547,0.8920901,0.8916891017082338,-1.5636022,-1.419106,1750,1746,valid
1890,0.89137834,0.8946733,0.89299476,0.8911501,0.8915292189983446,-1.5636536,-1.4143012,1750,1746,valid
1891,0.89139354,0.8948212,0.8927723,0.8911091,0.8913938437286404,-1.5637043,-1.4164889,1750,1746,valid
1892,0.89083683,0.8963885,0.8923601,0.8915516,0.8911887084404247,-1.5637542,-1.4440949,1750,1746,valid
1893,0.89082116,0.89747393,0.8921596,0.8919846,0.8909691038732376,-1.5638034,-1.4335847,1750,1746,valid
1894,0.89026505,0.8937567,0.8920158,0.89025205,0.8907782684034076,-1.563852,-1.4255452,1750,1746,valid
1895,0.8902909,0.89242357,0.89179826,0.88954294,0.8905809602882195,-1.5638999,-1.4266689,1750,1746,valid
1896,0.8897347,0.894007,0.8913325,0.8900486,0.8904109892346744,-1.5639471,-1.4272022,1750,1746,valid
1897,0.8897005,0.894038,0.8910428,0.8899447,0.8902218067788148,-1.5639937,-1.4223828,1750,1746,valid
1898,0.88972634,0.8949421,0.8908657,0.8902929,0.8899856378352651,-1.5640397,-1.4163864,1750,1746,valid
1899,0.88918513,0.8933881,0.8908285,0.889542,0.8897127790081923,-1.564085,-1.4254572,1750,1746,valid
1900,0.8891785,0.8938169,0.89062655,0.8896589,0.8895131424776334,-1.5641297,-1.4206711,1750,1746,valid
1901,0.88920707,0.8938025,0.8904463,0.88954073,0.8893204772090672,-1.5641739,-1.430516,1750,1746,valid
1902,0.8886409,0.89036465,0.8904196,0.88798887,0.8891394283348009,-1.5642174,-1.4224879,1750,1746,valid
1903,0.8886119,0.88851917,0.8902266,0.88705724,0.8889118211193975,-1.5642605,-1.4238944,1750,1746,valid
1904,0.888072,0.8919091,0.8900734,0.8885386,0.8887292649519546,-1.5643029,-1.4206232,1750,1746,valid
1905,0.8880918,0.89189976,0.88958216,0.8882681,0.8885671455051697,-1.5643448,-1.4346517,1750,1746,valid
1906,0.8880599,0.89445126,0.8893429,0.8893336,0.8883539633347443,-1.5643861,-1.4297962,1750,1746,valid
1907,0.88749164,0.890054,0.8891877,0.88726974,0.8881484071188487,-1.564427,-1.4274619,1750,1746,valid
1908,0.8874984,0.89015716,0.88898957,0.8872384,0.887919597256981,-1.5644673,-1.4233323,1750,1746,valid
1909,0.8869805,0.8960519,0.888744,0.8897612,0.8876366429065315,-1.5645071,-1.4388516,1750,1746,valid
1910,0.8869586,0.89708287,0.8885282,0.89014435,0.8874348972337078,-1.5645465,-1.4345137,1750,1746,valid
1911,0.8869637,0.89720744,0.88836706,0.89012754,0.8872143858993546,-1.5645852,-1.4344655,1750,1746,valid
1912,0.8864108,0.88931185,0.8881457,0.8864567,0.8870233762490618,-1.5646236,-1.4272223,1750,1746,valid
1913,0.886371,0.88864607,0.8878952,0.8860431,0.8868370474717209,-1.5646614,-1.426021,1750,1746,valid
1914,0.88640463,0.889401,0.8876703,0.88627297,0.8866502398928566,-1.5646988,-1.4295897,1750,1746,valid
1915,0.88582754,0.8893952,0.88758814,0.8862453,0.8864720818377863,-1.5647358,-1.4253695,1750,1746,valid
1916,0.88582885,0.8867397,0.88733995,0.884952,0.8862578989886888,-1.5647722,-1.4160795,1750,1746,valid
1917,0.88518894,0.8897448,0.8869046,0.8860634,0.8860226551193785,-1.5648084,-1.4350164,1750,1746,valid
1918,0.88527036,0.8900847,0.8866788,0.886119,0.8858011641905392,-1.564844,-1.4335828,1750,1746,valid
1919,0.8847477,0.88684267,0.8865558,0.8845944,0.8855976207239561,-1.5648792,-1.4315746,1750,1746,valid
1920,0.8846797,0.885976,0.8863877,0.8841122,0.8853641559376585,-1.564914,-1.4354079,1750,1746,valid
1921,0.88473237,0.8860672,0.8861481,0.88400126,0.8850989773058954,-1.5649484,-1.4500866,1750,1746,valid
1922,0.8841396,0.8888324,0.88592684,0.8851481,0.8848925756812311,-1.5649824,-1.4533818,1750,1746,valid
1923,0.88415784,0.8918125,0.88569367,0.88640404,0.8846593865999985,-1.565016,-1.4509171,1750,1746,valid
1924,0.88419694,0.8934907,0.88542545,0.88703334,0.884417113540849,-1.5650493,-1.4548554,1750,1746,valid
1925,0.8835914,0.88591266,0.88525164,0.8835177,0.8842034020705394,-1.5650821,-1.4513643,1750,1746,valid
1926,0.8835969,0.88529205,0.88503397,0.88316554,0.8839796679973285,-1.5651146,-1.4411985,1750,1746,valid
1927,0.8830816,0.8838403,0.88495505,0.8824629,0.8837614663473483,-1.5651467,-1.4434091,1750,1746,valid
1928,0.8830562,0.88684815,0.8846705,0.8836881,0.883501989147125,-1.5651784,-1.4477327,1750,1746,valid
1929,0.8830423,0.8858939,0.8845397,0.88321376,0.8832012103671325,-1.5652097,-1.4410763,1750,1746,valid
1930,0.8824806,0.88487566,0.8843471,0.8826475,0.882921567115521,-1.5652409,-1.4462836,1750,1746,valid
1931,0.88250047,0.88485414,0.8840865,0.882478,0.8826453588271107,-1.5652715,-1.4603614,1750,1746,valid
1932,0.8819554,0.88250506,0.8837007,0.8812582,0.8824178754315174,-1.5653019,-1.4518217,1750,1746,valid
1933,0.88194233,0.8835432,0.883463,0.8816248,0.8821172732634801,-1.5653319,-1.4507167,1750,1746,valid
1934,0.88141894,0.88793105,0.88321674,0.8834921,0.8818310891470109,-1.5653616,-1.4560971,1750,1746,valid
1935,0.88143176,0.8878676,0.8829824,0.8833416,0.8816172637597222,-1.565391,-1.4611936,1750,1746,valid
1936,0.88144,0.88778037,0.88283265,0.88330245,0.8814382665845522,-1.56542,-1.4373894,1750,1746,valid
1937,0.88089323,0.88198656,0.8825358,0.8805067,0.8812757390574402,-1.5654488,-1.4461417,1750,1746,valid
1938,0.8808617,0.8821321,0.88235104,0.88047993,0.881055275577993,-1.5654773,-1.4490719,1750,1746,valid
1939,0.8808437,0.88153046,0.88214743,0.88011485,0.8807983107468264,-1.5655054,-1.4485598,1750,1746,valid
1940,0.8803209,0.88075835,0.8819963,0.8796972,0.8805681252231503,-1.5655332,-1.4477148,1750,1746,valid
1941,0.88034415,0.88107914,0.88180864,0.879751,0.8803686001254248,-1.5655608,-1.4498761,1750,1746,valid
1942,0.87973124,0.88236076,0.88160324,0.88024175,0.8801237202132786,-1.565588,-1.4492376,1750,1746,valid
1943,0.8797302,0.88245136,0.88141954,0.8802038,0.8798864335715952,-1.565615,-1.4476024,1750,1746,valid
1944,0.8797809,0.8826389,0.8811959,0.88018095,0.8796599586770331,-1.5656418,-1.4496398,1750,1746,valid
1945,0.87922734,0.8815637,0.88083804,0.87950945,0.8794213117239414,-1.5656682,-1.4563065,1750,1746,valid
1946,0.87919086,0.8822172,0.8806243,0.8797206,0.8791593939100185,-1.5656943,-1.4522259,1750,1746,valid
1947,0.8792074,0.87856776,0.8804244,0.8779884,0.878869320859481,-1.5657202,-1.4458773,1750,1746,valid
1948,0.8786277,0.88013047,0.8801904,0.87856317,0.8786063098216595,-1.5657458,-1.455853,1750,1746,valid
1949,0.8786509,0.8819177,0.87983,0.8792224,0.8784107590316079,-1.5657712,-1.4519563,1750,1746,valid
1950,0.8781251,0.87825674,0.8795773,0.8774435,0.8782609471170455,-1.5657964,-1.4515879,1750,1746,valid
1951,0.87806684,0.87865055,0.8797585,0.87772346,0.877997834662628,-1.5658213,-1.4453142,1750,1746,valid
1952,0.87806886,0.8783908,0.8791715,0.8773209,0.8777525576868006,-1.5658458,-1.4509491,1750,1746,valid
1953,0.877529,0.8775881,0.8790809,0.876922,0.8774976018962795,-1.5658703,-1.4483775,1750,1746,valid
1954,0.877559,0.8778275,0.87885654,0.87694997,0.8772858696987199,-1.5658944,-1.4409454,1750,1746,valid
1955,0.8775416,0.87920487,0.87861395,0.8774601,0.8770643280339058,-1.5659183,-1.4427488,1750,1746,valid
1956,0.87697744,0.8783867,0.87852097,0.8770291,0.876799739014113,-1.565942,-1.4484355,1750,1746,valid
1957,0.8769941,0.877322,0.87835586,0.876467,0.8765270417780148,-1.5659654,-1.4493469,1750,1746,valid
1958,0.8764264,0.8783131,0.8782778,0.8768897,0.8762398711897561,-1.5659887,-1.4466672,1750,1746,valid
1959,0.87643903,0.87747514,0.8776611,0.8762318,0.8760042885086305,-1.5660117,-1.4450365,1750,1746,valid
1960,0.8758334,0.87801665,0.87765455,0.87645084,0.8758138922168507,-1.5660344,-1.4534051,1750,1746,valid
1961,0.8758846,0.8777699,0.8772694,0.8761829,0.8756143890214594,-1.566057,-1.4464054,1750,1746,valid
1962,0.87580955,0.87816507,0.87702525,0.87626123,0.8754616757624838,-1.5660794,-1.4428906,1750,1746,valid
1963,0.8753694,0.8749711,0.87701356,0.8748178,0.8752435841007521,-1.5661016,-1.4380845,1750,1746,valid
1964,0.87536,0.87667173,0.87681437,0.8755231,0.8749997642626608,-1.5661235,-1.4302135,1750,1746,valid
1965,0.8753748,0.87535775,0.8765985,0.8747885,0.8747430490030771,-1.5661452,-1.4433937,1750,1746,valid
1966,0.8748393,0.87310636,0.8762082,0.8735831,0.8745183218197378,-1.5661668,-1.4446689,1750,1746,valid
1967,0.8748125,0.87325376,0.8760179,0.8735316,0.8743195291804581,-1.5661881,-1.455637,1750,1746,valid
1968,0.87423086,0.87505424,0.87578976,0.87422395,0.874128245341239,-1.5662092,-1.463299,1750,1746,valid
1969,0.87428343,0.8748734,0.87550056,0.8740026,0.8739140325136336,-1.5662302,-1.4658062,1750,1746,valid
1970,0.873696,0.87268496,0.87505627,0.87278825,0.8737136550434313,-1.5662509,-1.4716703,1750,1746,valid
1971,0.873733,0.8728221,0.87486446,0.87276554,0.8734985711906554,-1.5662714,-1.4707544,1750,1746,valid
1972,0.8737092,0.874293,0.8746586,0.873365,0.8732992221270511,-1.5662918,-1.4620211,1750,1746,valid
1973,0.8730941,0.8750083,0.87448347,0.87361836,0.8730970975369606,-1.5663121,-1.459152,1750,1746,valid
1974,0.8731256,0.8736099,0.8742789,0.8728895,0.8728826393945719,-1.5663321,-1.4590458,1750,1746,valid
1975,0.8731273,0.8728401,0.87406766,0.87244284,0.8726886549231576,-1.5663519,-1.4591324,1750,1746,valid
1976,0.87255913,0.87437767,0.8739761,0.8730867,0.8724606495302584,-1.5663716,-1.4638102,1750,1746,valid
1977,0.87255484,0.87235767,0.87382066,0.87212294,0.8722356475639576,-1.5663911,-1.4548602,1750,1746,valid
1978,0.87199086,0.8715239,0.8734716,0.8715742,0.8720436191425818,-1.5664104,-1.4584644,1750,1746,valid
1979,0.87201846,0.8708839,0.8732747,0.8712065,0.8718293871654537,-1.5664295,-1.4538615,1750,1746,valid
1980,0.8720269,0.8708691,0.8729824,0.8710538,0.8716008174907688,-1.5664486,-1.458242,1750,1746,valid
1981,0.871453,0.8731331,0.8729166,0.8720045,0.8713895173401414,-1.5664674,-1.4753675,1750,1746,valid
1982,0.8714328,0.8740789,0.87261724,0.87230015,0.8711869378206271,-1.566486,-1.4745247,1750,1746,valid
1983,0.8714491,0.87293106,0.87241757,0.8716706,0.8709673640676466,-1.5665045,-1.4804362,1750,1746,valid
1984,0.8708754,0.8696473,0.87234116,0.87017196,0.870778291905154,-1.5665228,-1.4701054,1750,1746,valid
1985,0.87087625,0.8708046,0.87209606,0.87059164,0.8705798015809998,-1.5665411,-1.4681349,1750,1746,valid
1986,0.8703166,0.87272364,0.87160504,0.87119985,0.8703965837033091,-1.5665591,-1.4824216,1750,1746,valid
1987,0.870324,0.8703895,0.8713442,0.87004757,0.8701959189227609,-1.566577,-1.4724293,1750,1746,valid
1988,0.87035894,0.86966306,0.87113786,0.8696063,0.8700189511406794,-1.5665947,-1.4784387,1750,1746,valid
1989,0.86977214,0.8715542,0.87107706,0.8704367,0.8698079871395112,-1.5666122,-1.4789658,1750,1746,valid
1990,0.86972815,0.8722771,0.87080276,0.87063336,0.8696129222618497,-1.5666296,-1.4813857,1750,1746,valid
1991,0.8692292,0.868812,0.8708458,0.8691251,0.8694370856435915,-1.5666469,-1.4645853,1750,1746,valid
1992,0.86920714,0.86722773,0.870193,0.86809015,0.8692234182898186,-1.5666641,-1.4705417,1750,1746,valid
1993,0.86862975,0.86759573,0.87001383,0.86816496,0.8690054118234825,-1.5666811,-1.4743298,1750,1746,valid
1994,0.8686606,0.8696005,0.8697659,0.86896443,0.8688134951211569,-1.566698,-1.4738182,1750,1746,valid
1995,0.8681048,0.8688986,0.8697816,0.86866283,0.8685815512233327,-1.5667148,-1.4701595,1750,1746,valid
1996,0.86810845,0.8692008,0.86951363,0.868671,0.8683534249564963,-1.5667313,-1.4726104,1750,1746,valid
1997,0.8681201,0.8691633,0.8693148,0.86855876,0.8681223288435798,-1.5667478,-1.4741718,1750,1746,valid
1998,0.8675463,0.86613256,0.8687304,0.866893,0.8678477420326408,-1.5667641,-1.4818549,1750,1746,valid
1999,0.8675261,0.86824304,0.8684876,0.8677508,0.8676705282782875,-1.5667803,-1.4784741,1750,1746,valid
2000,0.86701924,0.8684638,0.86853325,0.8678824,0.867449112327444,-1.5667963,-1.474766,1750,1746,valid
2001,0.86701363,0.8676729,0.86823714,0.86736083,0.8672332104536056,-1.5668123,-1.4844136,1750,1746,valid
2002,0.8670119,0.8682674,0.8680476,0.86754155,0.8670381412246392,-1.5668281,-1.4855108,1750,1746,valid
2003,0.8664487,0.86523896,0.8675722,0.8659531,0.8668209591692901,-1.5668437,-1.4836798,1750,1746,valid
2004,0.8664237,0.86572117,0.8674153,0.8661055,0.866591257792101,-1.5668594,-1.4819138,1750,1746,valid
2005,0.86591613,0.8669458,0.86718166,0.8665205,0.8663548165119336,-1.5668747,-1.4945807,1750,1746,valid
2006,0.865892,0.86724925,0.86688876,0.86652046,0.8661086340717667,-1.5668901,-1.4961663,1750,1746,valid
2007,0.86588097,0.8659026,0.8667594,0.86589974,0.8659036927683247,-1.5669053,-1.4779162,1750,1746,valid
2008,0.86534035,0.86612684,0.8667542,0.8659514,0.8657128702498043,-1.5669204,-1.4952245,1750,1746,valid
2009,0.86532336,0.86502033,0.8665867,0.86539716,0.8654944753265417,-1.5669353,-1.4860988,1750,1746,valid
2010,0.86535907,0.8646479,0.86631334,0.8650958,0.8652068398385246,-1.5669502,-1.4887567,1750,1746,valid
2011,0.8648164,0.86466056,0.86581016,0.8648213,0.8649518208764494,-1.566965,-1.507299,1750,1746,valid
2012,0.8647629,0.8659281,0.86554456,0.8652695,0.8647510645564841,-1.5669795,-1.5098028,1750,1746,valid
2013,0.8642169,0.86476433,0.8654715,0.86472625,0.8645244245283397,-1.5669941,-1.5027535,1750,1746,valid
2014,0.864245,0.8645442,0.86519754,0.86449444,0.8642904756158063,-1.5670085,-1.5052195,1750,1746,valid
2015,0.86418873,0.8652169,0.86501276,0.8647287,0.8641223434375792,-1.5670228,-1.5004878,1750,1746,valid
2016,0.8636824,0.86213946,0.8650247,0.8633814,0.8639584898073647,-1.567037,-1.4837623,1750,1746,valid
2017,0.86367744,0.86206776,0.8648155,0.86324877,0.863755787789768,-1.567051,-1.4854152,1750,1746,valid
2018,0.86308116,0.86229676,0.86429083,0.8630607,0.8635183864777616,-1.567065,-1.5046971,1750,1746,valid
2019,0.8631372,0.86185414,0.86391747,0.86267257,0.8632924152747821,-1.5670788,-1.5108374,1750,1746,valid
2020,0.8631171,0.86451274,0.8637985,0.8638189,0.8630742933726274,-1.5670927,-1.5137012,1750,1746,valid
2021,0.8625651,0.8613612,0.8637023,0.8623981,0.8628562642654636,-1.5671064,-1.4932362,1750,1746,valid
2022,0.8625729,0.8611552,0.8634778,0.86219907,0.8626027241247456,-1.5671198,-1.4943261,1750,1746,valid
2023,0.8620176,0.8661924,0.8632176,0.8643201,0.8623586457383947,-1.5671333,-1.5126634,1750,1746,valid
2024,0.8620368,0.8603373,0.86257064,0.8613986,0.8620930543941832,-1.5671467,-1.4997756,1750,1746,valid
2025,0.8614492,0.8617474,0.86271715,0.8621222,0.8618815342630076,-1.56716,-1.4939187,1750,1746,valid
2026,0.86148417,0.8605047,0.8624083,0.8614131,0.8616651742033544,-1.5671731,-1.4951574,1750,1746,valid
2027,0.8614406,0.86057204,0.86212337,0.86129916,0.8614736168731998,-1.5671862,-1.5005002,1750,1746,valid
2028,0.8608762,0.8598637,0.86218226,0.8610564,0.8612802975034324,-1.5671992,-1.4814476,1750,1746,valid
2029,0.86093044,0.8595764,0.8619262,0.86079097,0.8610245988615558,-1.5672121,-1.4879749,1750,1746,valid
2030,0.860341,0.859403,0.8614732,0.860444,0.8607889949315344,-1.5672249,-1.510598,1750,1746,valid
2031,0.8603812,0.8596895,0.86112857,0.8604079,0.8605846549776514,-1.5672376,-1.5139793,1750,1746,valid
2032,0.8598287,0.85821515,0.8611921,0.85985005,0.8603802217224976,-1.5672503,-1.4833922,1750,1746,valid
2033,0.85978436,0.85822445,0.86088324,0.8597019,0.860148689022333,-1.5672628,-1.4875555,1750,1746,valid
2034,0.85980123,0.8594269,0.8606328,0.86013216,0.8598962564244531,-1.5672752,-1.4882362,1750,1746,valid
2035,0.8592315,0.8618366,0.86046207,0.8611241,0.8596841607342812,-1.5672876,-1.4974744,1750,1746,valid
2036,0.85929966,0.8611987,0.8599721,0.8605935,0.8594801700944792,-1.5672998,-1.503804,1750,1746,valid
2037,0.85869294,0.8591503,0.859704,0.85954064,0.8592346663728572,-1.567312,-1.5036726,1750,1746,valid
2038,0.85868335,0.85890347,0.8595537,0.8593571,0.8589922742947792,-1.5673242,-1.5046886,1750,1746,valid
2039,0.8586876,0.8586823,0.85930526,0.8591427,0.8587827065805788,-1.5673361,-1.5048876,1750,1746,valid
2040,0.8581756,0.8553627,0.8593036,0.8576773,0.8585427466485037,-1.5673481,-1.4888369,1750,1746,valid
2041,0.8581851,0.85560036,0.8591385,0.8577217,0.8583223988991919,-1.5673599,-1.4845724,1750,1746,valid
2042,0.85757184,0.8557899,0.8585323,0.85747266,0.8580288886470223,-1.5673717,-1.5060682,1750,1746,valid
2043,0.85759896,0.8556877,0.85834825,0.8573618,0.8577342575361835,-1.5673834,-1.4988478,1750,1746,valid
2044,0.8570749,0.8543038,0.858305,0.85671234,0.8574881545049726,-1.567395,-1.499178,1750,1746,valid
2045,0.8570241,0.8555044,0.85795736,0.8570519,0.8572374738629646,-1.5674065,-1.5167987,1750,1746,valid
2046,0.8570462,0.85478187,0.8577801,0.8566911,0.8570278744529559,-1.567418,-1.49879,1750,1746,valid
2047,0.85644823,0.85802597,0.8575169,0.85800207,0.85673902788183,-1.5674293,-1.5148268,1750,1746,valid
2048,0.8564962,0.857986,0.857262,0.8578549,0.8564599695493139,-1.5674406,-1.5196025,1750,1746,valid
2049,0.8564571,0.8566005,0.85685766,0.85701495,0.8562489194819494,-1.5674518,-1.5294561,1750,1746,valid
2050,0.85591817,0.85444707,0.85666287,0.8559489,0.8560207463768166,-1.567463,-1.5289433,1750,1746,valid
2051,0.8559349,0.85513777,0.8566314,0.85626596,0.8558018063820452,-1.5674741,-1.5222847,1750,1746,valid
2052,0.8553469,0.85229015,0.8564676,0.8548715,0.8555964978786736,-1.5674851,-1.5321459,1750,1746,valid
2053,0.8553724,0.8529174,0.8561853,0.8550196,0.8553921087292559,-1.5674961,-1.5352473,1750,1746,valid
2054,0.85536754,0.85409194,0.85593,0.8554684,0.8551422133796913,-1.5675069,-1.5232124,1750,1746,valid
2055,0.85477376,0.8531324,0.85540307,0.8547813,0.8548777544832283,-1.5675176,-1.5273182,1750,1746,valid
2056,0.85478294,0.85159427,0.8551953,0.8539749,0.8546443636569669,-1.5675284,-1.532222,1750,1746,valid
2057,0.85424125,0.8513108,0.85515296,0.85386235,0.8544309668010042,-1.567539,-1.5187129,1750,1746,valid
2058,0.8542719,0.85203665,0.8549415,0.85409164,0.8541850835221779,-1.5675496,-1.5202223,1750,1746,valid
2059,0.8542273,0.8543813,0.85452473,0.85492194,0.8539692238801654,-1.5675601,-1.5373673,1750,1746,valid
2060,0.85370725,0.849729,0.8548567,0.853001,0.8537582595428276,-1.5675706,-1.5216103,1750,1746,valid
2061,0.85369253,0.8481516,0.8546016,0.85216653,0.85359252636346,-1.5675809,-1.5221777,1750,1746,valid
2062,0.8531439,0.8510422,0.8538021,0.8530912,0.8533768046225829,-1.5675912,-1.5312626,1750,1746,valid
2063,0.8531617,0.85195804,0.8536432,0.8534606,0.8531146336823188,-1.5676014,-1.5214465,1750,1746,valid
2064,0.8525822,0.84810895,0.8537452,0.8517859,0.8529215385633998,-1.5676116,-1.5111558,1750,1746,valid
2065,0.8526385,0.8500481,0.85336685,0.8524925,0.8527464179596231,-1.5676217,-1.5118172,1750,1746,valid
2066,0.85262775,0.84949356,0.8530816,0.852094,0.8524854687262406,-1.5676317,-1.518017,1750,1746,valid
2067,0.85206115,0.8524564,0.85281706,0.8533257,0.8522148742168307,-1.5676417,-1.5156294,1750,1746,valid
2068,0.8520554,0.8527321,0.852672,0.8533914,0.8519482440609609,-1.5676516,-1.5131651,1750,1746,valid
2069,0.8515067,0.849323,0.8521923,0.85159504,0.8517212731999689,-1.5676615,-1.5240505,1750,1746,valid
2070,0.8515162,0.848638,0.85204566,0.8512161,0.8514917085668972,-1.5676713,-1.52438,1750,1746,valid
2071,0.8515364,0.84841096,0.85164106,0.8509213,0.8512764518634865,-1.5676811,-1.527134,1750,1746,valid
2072,0.85093427,0.85166484,0.8514651,0.85231435,0.8509840593432024,-1.5676907,-1.529021,1750,1746,valid
2073,0.85093755,0.85102266,0.8512558,0.85193133,0.8507679407641079,-1.5677004,-1.5274179,1750,1746,valid
2074,0.8504123,0.85149723,0.85131204,0.85214686,0.8505817017197783,-1.5677099,-1.537305,1750,1746,valid
2075,0.85043085,0.84757894,0.85058856,0.85003257,0.8504326162166574,-1.5677195,-1.5389905,1750,1746,valid
2076,0.85039246,0.8484245,0.85048616,0.85036904,0.8502449061071754,-1.5677289,-1.5393591,1750,1746,valid
2077,0.8498183,0.84564835,0.85054874,0.8491269,0.8500634703218232,-1.5677382,-1.5430908,1750,1746,valid
2078,0.84981924,0.84495145,0.85041296,0.84876746,0.8497926949139565,-1.5677476,-1.5357263,1750,1746,valid
2079,0.8492755,0.8482439,0.8498554,0.8499981,0.8495446768724135,-1.5677568,-1.5398786,1750,1746,valid
2080,0.84926766,0.849323,0.84961486,0.8503478,0.8493182845068402,-1.5677661,-1.5519056,1750,1746,valid
2081,0.84868515,0.8466427,0.849285,0.8489923,0.8490802384024279,-1.5677751,-1.5470352,1750,1746,valid
2082,0.84872264,0.8450992,0.84899724,0.84815896,0.8488969678878507,-1.5677843,-1.5474365,1750,1746,valid
2083,0.84871435,0.84642905,0.8485925,0.8485766,0.8486893532305633,-1.5677934,-1.5481958,1750,1746,valid
2084,0.8481449,0.8431749,0.84885466,0.8472115,0.848474142990127,-1.5678023,-1.5507588,1750,1746,valid
2085,0.8481427,0.84332806,0.84877074,0.8472717,0.8482534461521972,-1.5678113,-1.5395038,1750,1746,valid
2086,0.848165,0.8423811,0.84850276,0.84671676,0.8479925147533603,-1.5678202,-1.5405433,1750,1746,valid
2087,0.84758645,0.84573525,0.8481941,0.84810114,0.8477309502457029,-1.567829,-1.5398973,1750,1746,valid
2088,0.8475875,0.8480454,0.8479117,0.8490085,0.8475112769122337,-1.5678377,-1.5450969,1750,1746,valid
2089,0.8469965,0.84302646,0.8477149,0.8466947,0.8473008144114699,-1.5678465,-1.5236572,1750,1746,valid
2090,0.84700507,0.84147996,0.8473669,0.84582794,0.8470025615931314,-1.5678551,-1.5258658,1750,1746,valid
2091,0.84647787,0.84498495,0.8469068,0.8472146,0.8467235950943497,-1.5678638,-1.5241251,1750,1746,valid
2092,0.84645003,0.84610695,0.84671223,0.8476503,0.8464574760257964,-1.5678724,-1.5185397,1750,1746,valid
2093,0.846444,0.84578997,0.84653413,0.84740776,0.8462496964819912,-1.5678809,-1.5251349,1750,1746,valid
2094,0.84589976,0.84321076,0.8459842,0.8459723,0.8460564908577427,-1.5678893,-1.5302274,1750,1746,valid
2095,0.84594274,0.8417166,0.8458699,0.84522927,0.8458642557905505,-1.5678978,-1.5349729,1750,1746,valid
2096,0.84535486,0.840772,0.8459054,0.8448509,0.8456607266186058,-1.5679061,-1.5218003,1750,1746,valid
2097,0.84535193,0.84657127,0.84528327,0.8471486,0.8453830103484782,-1.5679145,-1.5420889,1750,1746,valid
2098,0.8448208,0.84442574,0.8453778,0.8462224,0.8451631163162191,-1.5679228,-1.5400015,1750,1746,valid
2099,0.8448621,0.84302014,0.8451091,0.84544724,0.8449869404203681,-1.567931,-1.5455747,1750,1746,valid
2100,0.844303,0.8388829,0.8448199,0.8434615,0.8448445519309105,-1.5679392,-1.5358677,1750,1746,valid
2101,0.8443004,0.8393044,0.84459734,0.84354806,0.8446044762957015,-1.5679474,-1.5371866,1750,1746,valid
2102,0.8442971,0.8393364,0.8444896,0.84352505,0.8443703606564925,-1.5679554,-1.5327413,1750,1746,valid
2103,0.8437293,0.84325856,0.8442316,0.84518105,0.8441161357677758,-1.5679635,-1.5356903,1750,1746,valid
2104,0.84376407,0.8426449,0.8436961,0.8446449,0.843881144322766,-1.5679715,-1.5408826,1750,1746,valid
2105,0.84320784,0.8420685,0.84393835,0.84452116,0.8436939347173298,-1.5679795,-1.5301995,1750,1746,valid
2106,0.8431615,0.84205455,0.84374356,0.84442824,0.8435582884354356,-1.5679873,-1.5293641,1750,1746,valid
2107,0.84265274,0.83635706,0.84326494,0.8416151,0.8433918726411944,-1.5679952,-1.5323339,1750,1746,valid
2108,0.8426578,0.8374044,0.84294355,0.8419368,0.843149216796801,-1.568003,-1.5351874,1750,1746,valid
2109,0.8426536,0.83830315,0.84266245,0.84219253,0.8429200932939939,-1.5680108,-1.5446248,1750,1746,valid
2110,0.84206235,0.84089965,0.8424556,0.8433067,0.8426661092094465,-1.5680186,-1.5332468,1750,1746,valid
2111,0.84205085,0.84018964,0.84227943,0.842898,0.8424591523458269,-1.5680263,-1.5355742,1750,1746,valid
2112,0.84152347,0.837781,0.8425634,0.8419054,0.8422356668626916,-1.5680339,-1.546535,1750,1746,valid
2113,0.84153587,0.83626705,0.8423821,0.841148,0.8419960775030443,-1.5680416,-1.5416083,1750,1746,valid
2114,0.84150916,0.8371121,0.84139454,0.8410797,0.8417979277417582,-1.5680491,-1.5423925,1750,1746,valid
2115,0.8409364,0.8405534,0.84083915,0.8423362,0.8415744315565453,-1.5680566,-1.5634141,1750,1746,valid
2116,0.84097904,0.84095746,0.8406881,0.84246016,0.8413153353068082,-1.5680641,-1.5597222,1750,1746,valid
2117,0.84044987,0.8391684,0.84086525,0.8417465,0.8411336727419095,-1.5680715,-1.5525229,1750,1746,valid
2118,0.84038514,0.8378747,0.8408463,0.8411556,0.8409671268094883,-1.568079,-1.5504627,1750,1746,valid
2119,0.84041,0.83798164,0.84044755,0.84103125,0.8407789596037053,-1.5680863,-1.5470219,1750,1746,valid
2120,0.83981365,0.8344279,0.84003365,0.8392442,0.8405596063726548,-1.5680937,-1.541111,1750,1746,valid
2121,0.83984977,0.8340606,0.83985686,0.8389703,0.840303460962583,-1.5681009,-1.5515164,1750,1746,valid
2122,0.8392702,0.8392031,0.8394588,0.8411225,0.8400880966754145,-1.5681082,-1.5521417,1750,1746,valid
2123,0.83926755,0.8388883,0.8391882,0.8408588,0.8399573594230992,-1.5681154,-1.5511458,1750,1746,valid
2124,0.83872837,0.8352354,0.839447,0.8393057,0.8397514514238277,-1.5681225,-1.5560045,1750,1746,valid
2125,0.8387168,0.8333852,0.8394977,0.83854127,0.8395356578101368,-1.5681297,-1.5354238,1750,1746,valid
2126,0.8387508,0.8371172,0.83881795,0.83987427,0.8392732644078789,-1.5681368,-1.5557255,1750,1746,valid
2127,0.8381507,0.8386485,0.83804345,0.8402153,0.8390328579330717,-1.5681438,-1.55633,1750,1746,valid
2128,0.83819264,0.838033,0.8378774,0.8398474,0.8388105161249432,-1.5681509,-1.5614505,1750,1746,valid
2129,0.8375803,0.8354636,0.8381256,0.8388064,0.8386535114989535,-1.5681578,-1.5563908,1750,1746,valid
2130,0.8376157,0.8350646,0.8376398,0.83840954,0.8384677822904166,-1.5681647,-1.5541563,1750,1746,valid
2131,0.8370274,0.83246905,0.8373264,0.8370781,0.8382703483384005,-1.5681716,-1.5582637,1750,1746,valid
2132,0.83713144,0.83200794,0.83691776,0.83666253,0.8380823864540063,-1.5681785,-1.5662808,1750,1746,valid
2133,0.8365201,0.8358694,0.8366927,0.83831024,0.8378536358282118,-1.5681853,-1.567475,1750,1746,valid
2134,0.83651257,0.83629435,0.8364371,0.8383703,0.8376113762752541,-1.5681921,-1.5741794,1750,1746,valid
2135,0.83653116,0.83543676,0.8362527,0.8378928,0.837383245188635,-1.5681989,-1.5758328,1750,1746,valid
2136,0.8359856,0.8313223,0.83655477,0.8361305,0.8371552600860752,-1.5682057,-1.5888388,1750,1746,valid
2137,0.83598715,0.83070487,0.83624566,0.8357314,0.8369267056497341,-1.5682124,-1.5798376,1750,1746,valid
2138,0.8354218,0.83597374,0.83503497,0.8375627,0.8366960470461701,-1.5682191,-1.5837979,1750,1746,valid
2139,0.8354051,0.8359229,0.8348173,0.83744013,0.8364478483640357,-1.5682256,-1.5839465,1750,1746,valid
2140,0.8348409,0.83311754,0.8348292,0.8361738,0.8362133115028293,-1.5682322,-1.5831087,1750,1746,valid
2141,0.8348816,0.833436,0.8349124,0.8363663,0.8360219014919623,-1.5682387,-1.578983,1750,1746,valid
2142,0.8343388,0.8311874,0.8342186,0.83499163,0.8358255235300117,-1.5682453,-1.5946051,1750,1746,valid
2143,0.83433294,0.83103913,0.8341545,0.83490586,0.8355949074080384,-1.5682518,-1.5901382,1750,1746,valid
2144,0.8337403,0.8328919,0.8338057,0.83555824,0.8353644166071631,-1.5682583,-1.6026487,1750,1746,valid
2145,0.8337616,0.832603,0.83352923,0.8353077,0.8351354264854265,-1.5682647,-1.5999368,1750,1746,valid
2146,0.83374476,0.8339835,0.83333504,0.83583534,0.8349008183818931,-1.568271,-1.6044413,1750,1746,valid
2147,0.83318555,0.8297973,0.8333546,0.83392763,0.8346519572375166,-1.5682775,-1.6112266,1750,1746,valid
2148,0.8331718,0.82821476,0.83332694,0.8332274,0.8343862801511279,-1.5682838,-1.5982777,1750,1746,valid
2149,0.83265805,0.833515,0.83216965,0.83506805,0.8341354206101306,-1.5682901,-1.6146779,1750,1746,valid
2150,0.83265483,0.8335735,0.8318291,0.8349347,0.8338642822388823,-1.5682963,-1.6167848,1750,1746,valid
2151,0.8326581,0.833035,0.8316418,0.834599,0.8336214745740372,-1.5683025,-1.6193274,1750,1746,valid
2152,0.83207595,0.83041996,0.832445,0.8337821,0.8334417369452525,-1.5683087,-1.617296,1750,1746,valid
2153,0.83210343,0.82897884,0.83194053,0.83290374,0.8332937075834058,-1.5683149,-1.6149178,1750,1746,valid
2154,0.8315316,0.8282991,0.831038,0.83218867,0.8331332782615674,-1.5683211,-1.6130748,1750,1746,valid
2155,0.8315049,0.8294102,0.8309734,0.83265185,0.8329186791952158,-1.5683272,-1.6181128,1750,1746,valid
2156,0.8309874,0.830621,0.8306912,0.8330641,0.8327162141003107,-1.5683333,-1.622015,1750,1746,valid
2157,0.83100766,0.83051044,0.8304311,0.83287877,0.8324778066553121,-1.5683393,-1.6292622,1750,1746,valid
2158,0.8304429,0.82701594,0.8304912,0.8313081,0.8322502633121538,-1.5683453,-1.6343288,1750,1746,valid
2159,0.830412,0.82820994,0.830099,0.8316651,0.8320680554786343,-1.5683514,-1.637184,1750,1746,valid
2160,0.8304287,0.82699543,0.8300886,0.8311387,0.8318353168931656,-1.5683573,-1.6242931,1750,1746,valid
2161,0.8298822,0.8302292,0.82929957,0.8322171,0.8316025646016932,-1.5683632,-1.6376321,1750,1746,valid
2162,0.82990193,0.83029586,0.8288783,0.832039,0.8313915734720345,-1.5683692,-1.6450056,1750,1746,valid
2163,0.8292904,0.8279299,0.82924163,0.8311731,0.8311683003469003,-1.568375,-1.626159,1750,1746,valid
2164,0.82929873,0.82749546,0.82898617,0.8308612,0.8310208013312492,-1.5683808,-1.6254599,1750,1746,valid
2165,0.82877135,0.825602,0.82917166,0.83007205,0.8308782329855962,-1.5683867,-1.631591,1750,1746,valid
2166,0.82877934,0.8249401,0.8289951,0.8296964,0.830678026889042,-1.5683925,-1.6293554,1750,1746,valid
2167,0.8287502,0.82598954,0.82869387,0.8300468,0.8304460639470013,-1.5683982,-1.624547,1750,1746,valid
2168,0.8281924,0.8285227,0.82768524,0.83068514,0.830198501723234,-1.568404,-1.6476598,1750,1746,valid
2169,0.8282085,0.8276965,0.8275714,0.8302605,0.8300245748067965,-1.5684097,-1.6466807,1750,1746,valid
2170,0.8281993,0.8280317,0.82715964,0.83022445,0.8298387926468049,-1.5684154,-1.6470792,1750,1746,valid
2171,0.82763195,0.823683,0.82757866,0.8284895,0.829596686709904,-1.568421,-1.625823,1750,1746,valid
2172,0.8276221,0.8235284,0.8272568,0.8282477,0.8293896194395113,-1.5684266,-1.6367958,1750,1746,valid
2173,0.82710147,0.83044857,0.82655466,0.8310337,0.8291320810528656,-1.5684322,-1.6528138,1750,1746,valid
2174,0.82709587,0.82984424,0.8266958,0.83084893,0.8288733849476899,-1.5684378,-1.6414795,1750,1746,valid
2175,0.8270797,0.8292859,0.82627916,0.8304006,0.8287026756236082,-1.5684434,-1.6438429,1750,1746,valid
2176,0.8265065,0.8259976,0.825922,0.8287288,0.8285277594123657,-1.5684489,-1.6512036,1750,1746,valid
2177,0.8265547,0.8241871,0.8258548,0.82786024,0.8283956499787459,-1.5684544,-1.6584957,1750,1746,valid
2178,0.8259916,0.8222597,0.8261734,0.8271649,0.8282322508459297,-1.5684599,-1.643034,1750,1746,valid
2179,0.82601744,0.823029,0.8256618,0.82729685,0.828005918473824,-1.5684654,-1.6361487,1750,1746,valid
2180,0.8254226,0.8260799,0.8248378,0.8282335,0.8277687576284662,-1.5684707,-1.6691687,1750,1746,valid
2181,0.82544893,0.8250074,0.8244127,0.82753205,0.827541652618209,-1.5684762,-1.6790297,1750,1746,valid
2182,0.8254312,0.8250356,0.8239769,0.8273526,0.8273885325101786,-1.5684816,-1.676242,1750,1746,valid
2183,0.82484215,0.82215077,0.824389,0.8262855,0.8272360677305719,-1.5684868,-1.6511829,1750,1746,valid
2184,0.8248506,0.82202107,0.82436275,0.8262017,0.8270192868282937,-1.5684922,-1.6570518,1750,1746,valid
2185,0.82431495,0.8273814,0.82357705,0.82822704,0.8267671691431278,-1.5684975,-1.6802739,1750,1746,valid
2186,0.82431716,0.8277287,0.8232827,0.82824016,0.8265748153459244,-1.5685028,-1.6852889,1750,1746,valid
2187,0.82375467,0.82298213,0.822739,0.8258539,0.8263800149838723,-1.568508,-1.6779596,1750,1746,valid
2188,0.82374156,0.8225176,0.82262933,0.8255922,0.8262118752425018,-1.5685133,-1.6783872,1750,1746,valid
2189,0.8232129,0.82034415,0.8227781,0.82468176,0.8260139784563485,-1.5685184,-1.6745533,1750,1746,valid
2190,0.8232267,0.81974965,0.822677,0.8243626,0.8257671573666358,-1.5685236,-1.6761173,1750,1746,valid
2191,0.82319665,0.82146066,0.82239354,0.8250159,0.825506285522491,-1.5685288,-1.6734794,1750,1746,valid
2192,0.82263523,0.82491773,0.8220643,0.8264348,0.8252522278572791,-1.5685339,-1.6737142,1750,1746,valid
2193,0.82264346,0.82356757,0.8220061,0.82577395,0.8250375520443277,-1.568539,-1.6837392,1750,1746,valid
2194,0.82208955,0.8182743,0.8211962,0.8229685,0.8248477559491388,-1.568544,-1.7003157,1750,1746,valid
2195,0.82206804,0.8195798,0.821496,0.82374525,0.8246134015254794,-1.5685492,-1.6775908,1750,1746,valid
2196,0.8215079,0.82441854,0.82065666,0.8255031,0.8243952800891021,-1.5685542,-1.7045512,1750,1746,valid
2197,0.8215278,0.82408726,0.8202995,0.82518816,0.8241042859376079,-1.5685592,-1.7056308,1750,1746,valid
2198,0.82152593,0.8244229,0.8201076,0.82525665,0.8238557878497684,-1.5685642,-1.7039919,1750,1746,valid
2199,0.8210461,0.8223879,0.8206123,0.82461804,0.8236848802800629,-1.5685692,-1.6775479,1750,1746,valid
2200,0.820964,0.82066154,0.81991446,0.82350755,0.8234982226517907,-1.5685741,-1.6820774,1750,1746,valid
2201,0.82096124,0.82032794,0.8205954,0.82371277,0.8233344955604456,-1.5685791,-1.660317,1750,1746,valid
2202,0.8204105,0.817649,0.81964767,0.8220178,0.8231273578645235,-1.568584,-1.6827294,1750,1746,valid
2203,0.8203836,0.81849235,0.8191873,0.8221856,0.8229135993372049,-1.5685889,-1.6853645,1750,1746,valid
2204,0.8198471,0.8212647,0.8191887,0.82342446,0.8226765938562568,-1.5685937,-1.6948166,1750,1746,valid
2205,0.81984997,0.82078177,0.8188759,0.8230647,0.8224343534865738,-1.5685985,-1.6940403,1750,1746,valid
2206,0.81984586,0.82150394,0.81845284,0.82319915,0.8222187215867144,-1.5686034,-1.6945442,1750,1746,valid
2207,0.81932545,0.8171373,0.8181616,0.8210816,0.8220207296348312,-1.5686082,-1.6962105,1750,1746,valid
2208,0.8192962,0.8165104,0.81796825,0.8207219,0.8218091813545052,-1.5686129,-1.6901662,1750,1746,valid
2209,0.81874204,0.8168946,0.81832397,0.8211009,0.821571666869413,-1.5686177,-1.6700437,1750,1746,valid
2210,0.81876683,0.8217403,0.8168789,0.8225659,0.8213171449254794,-1.5686225,-1.7066864,1750,1746,valid
2211,0.8181768,0.8151195,0.8174318,0.8198582,0.8211516833212851,-1.5686271,-1.6848509,1750,1746,valid
2212,0.8181981,0.81790805,0.81682074,0.82083344,0.8209780433182701,-1.5686319,-1.6906924,1750,1746,valid
2213,0.81765467,0.8155052,0.81681,0.8197291,0.8207699561265265,-1.5686365,-1.6950312,1750,1746,valid
2214,0.81767404,0.8158368,0.8165107,0.8197324,0.8205386805799896,-1.5686412,-1.7003595,1750,1746,valid
2215,0.8171045,0.8190036,0.8161684,0.8210397,0.8202691503555313,-1.5686458,-1.6880683,1750,1746,valid
2216,0.8170822,0.8185136,0.81607854,0.8207563,0.8200161534610152,-1.5686504,-1.697685,1750,1746,valid
2217,0.8170923,0.8171734,0.8158208,0.8200395,0.8197620658213459,-1.568655,-1.6936066,1750,1746,valid
2218,0.8165215,0.8150213,0.81534016,0.8188287,0.8195643747697052,-1.5686595,-1.7012153,1750,1746,valid
2219,0.81647474,0.81432056,0.8151469,0.8184216,0.8193467488798831,-1.5686642,-1.7018576,1750,1746,valid
2220,0.81593937,0.8171895,0.81462836,0.81948227,0.8190724920323404,-1.5686687,-1.7045374,1750,1746,valid
2221,0.8159887,0.8157622,0.8147999,0.8189631,0.8187853472373442,-1.5686731,-1.6803985,1750,1746,valid
2222,0.81542623,0.8179583,0.81433415,0.8196972,0.8185514483803457,-1.5686777,-1.7046589,1750,1746,valid
2223,0.8148838,0.81439424,0.81359804,0.8177749,0.818312117388047,-1.5686822,-1.6905007,1750,1746,valid
2224,0.8147843,0.81484514,0.81327176,0.81783915,0.8180971853989254,-1.5686866,-1.6867495,1750,1746,valid
2225,0.81430805,0.81715226,0.8126477,0.8185229,0.8178568195371995,-1.568691,-1.7255602,1750,1746,valid
2226,0.8143116,0.8150105,0.8127736,0.81764674,0.8175722780886778,-1.5686955,-1.7065017,1750,1746,valid
2227,0.8143302,0.81512123,0.8125082,0.8175937,0.8172817987721246,-1.5686998,-1.6981372,1750,1746,valid
2228,0.8137652,0.81320786,0.81278396,0.8168576,0.8169853815875555,-1.5687042,-1.6948705,1750,1746,valid
2229,0.8137368,0.81285703,0.8127881,0.816702,0.8166830265349708,-1.5687087,-1.6940694,1750,1746,valid
2230,0.8132035,0.81330746,0.8124478,0.8167814,0.8163747336143703,-1.568713,-1.6799699,1750,1746,valid
2231,0.81320155,0.8141664,0.81161666,0.81677973,0.8160605028257542,-1.5687174,-1.6864793,1750,1746,valid
2232,0.8120947,0.81189936,0.8109188,0.81542164,0.8157403341691222,-1.5687217,-1.6924558,1750,1746,valid
2233,0.8120926,0.8125057,0.8105396,0.81552625,0.8154142276444746,-1.568726,-1.691587,1750,1746,valid
2234,0.8120688,0.81168085,0.81041574,0.81510097,0.8150821832518111,-1.5687302,-1.6891189,1750,1746,valid
2235,0.8115122,0.8135329,0.8091804,0.8153074,0.8147442009911321,-1.5687345,-1.7246954,1750,1746,valid
2236,0.8104352,0.81124073,0.8089653,0.81421757,0.8144002808624372,-1.5687387,-1.7010857,1750,1746,valid
2237,0.8104321,0.8117079,0.809294,0.81465167,0.8140504228657266,-1.568743,-1.6665772,1750,1746,valid
2238,0.8093712,0.80837476,0.8097701,0.8133648,0.8136946270010004,-1.5687472,-1.6625531,1750,1746,valid
2239,0.80933154,0.8102301,0.80842793,0.8135503,0.8133328932682583,-1.5687513,-1.684182,1750,1746,valid
2240,0.8088048,0.8120815,0.8068501,0.8135978,0.8129652216675006,-1.5687555,-1.721143,1750,1746,valid
2241,0.807686,0.8090419,0.80675304,0.8122151,0.8125916121987271,-1.5687597,-1.7012508,1750,1746,valid
2242,0.8076921,0.8097957,0.80643594,0.81241167,0.812212064861938,-1.5687639,-1.7019112,1750,1746,valid
2243,0.8065684,0.8071936,0.80730724,0.8116731,0.811826579657133,-1.5687679,-1.6798816,1750,1746,valid
2244,0.80660737,0.80729717,0.8068999,0.8115425,0.8114351565843123,-1.5687721,-1.6763871,1750,1746,valid
2245,0.8049049,0.8070815,0.80416906,0.8101293,0.811037795643476,-1.5687761,-1.7127423,1750,1746,valid
2246,0.80490446,0.80764824,0.8045274,0.8106273,0.8106344968346239,-1.5687802,-1.6750176,1750,1746,valid
2247,0.8037769,0.80756974,0.80377877,0.8102243,0.8102252601577561,-1.5687842,-1.688046,1750,1746,valid
2248,0.80373627,0.8071305,0.80354893,0.8099256,0.8098100856128725,-1.5687883,-1.6857088,1750,1746,valid
2249,0.8021197,0.807141,0.8015256,0.80897033,0.8093889731999733,-1.5687923,-1.7058423,1750,1746,valid
2250,0.8020776,0.8072981,0.8013716,0.80897164,0.8089619229190582,-1.5687963,-1.7058327,1750,1746,valid
