2026-09-12 16:39:24,276 - INFO - ==================================================
2026-09-12 16:39:24,276 - INFO - Starting FusionMLP Training for [XJTU] - [Sim_satellite]
2026-09-12 16:39:24,277 - INFO - Device: cuda | Epochs: 2000 | LR: 0.020000 | Mono Weight: 0.4000 | Knee Feature: True
2026-09-12 16:39:24,277 - INFO - ==================================================
2026-09-12 16:39:24,361 - INFO - Data Splits: Train=5, Val=1, Test=2
2026-09-12 16:39:24,449 - INFO - Epoch [   1/2000] LR: 0.006726 | Train Loss: 0.548984 (Data: 0.54896, Mono: 0.00005) | Val MSE: 0.044106 (RMSE: 0.2100) [BEST]
2026-09-12 16:39:24,540 - INFO - Epoch [   3/2000] LR: 0.007641 | Train Loss: 0.230747 (Data: 0.23071, Mono: 0.00009) | Val MSE: 0.014313 (RMSE: 0.1196) [BEST]
2026-09-12 16:39:24,628 - INFO - Epoch [   5/2000] LR: 0.008557 | Train Loss: 0.138486 (Data: 0.13846, Mono: 0.00007) | Val MSE: 0.004852 (RMSE: 0.0697) [BEST]
2026-09-12 16:39:24,718 - INFO - Epoch [   7/2000] LR: 0.009472 | Train Loss: 0.078636 (Data: 0.07861, Mono: 0.00007) | Val MSE: 0.001215 (RMSE: 0.0349) [BEST]
2026-09-12 16:39:24,843 - INFO - Epoch [  10/2000] LR: 0.010845 | Train Loss: 0.044199 (Data: 0.04418, Mono: 0.00005) | Val MSE: 0.001770 (RMSE: 0.0421) 
2026-09-12 16:39:24,925 - INFO - Epoch [  12/2000] LR: 0.011761 | Train Loss: 0.033683 (Data: 0.03366, Mono: 0.00005) | Val MSE: 0.000969 (RMSE: 0.0311) [BEST]
2026-09-12 16:39:24,968 - INFO - Epoch [  13/2000] LR: 0.012219 | Train Loss: 0.030186 (Data: 0.03017, Mono: 0.00005) | Val MSE: 0.000745 (RMSE: 0.0273) [BEST]
2026-09-12 16:39:25,055 - INFO - Epoch [  15/2000] LR: 0.013134 | Train Loss: 0.025523 (Data: 0.02551, Mono: 0.00004) | Val MSE: 0.000617 (RMSE: 0.0248) [BEST]
2026-09-12 16:39:25,137 - INFO - Epoch [  17/2000] LR: 0.014050 | Train Loss: 0.020063 (Data: 0.02005, Mono: 0.00004) | Val MSE: 0.000537 (RMSE: 0.0232) [BEST]
2026-09-12 16:39:25,266 - INFO - Epoch [  20/2000] LR: 0.015423 | Train Loss: 0.016396 (Data: 0.01638, Mono: 0.00003) | Val MSE: 0.000579 (RMSE: 0.0241) 
2026-09-12 16:39:25,699 - INFO - Epoch [  30/2000] LR: 0.020000 | Train Loss: 0.009738 (Data: 0.00973, Mono: 0.00002) | Val MSE: 0.000771 (RMSE: 0.0278) 
2026-09-12 16:39:26,110 - INFO - Epoch [  40/2000] LR: 0.019999 | Train Loss: 0.006047 (Data: 0.00604, Mono: 0.00002) | Val MSE: 0.000733 (RMSE: 0.0271) 
2026-09-12 16:39:26,516 - INFO - Epoch [  50/2000] LR: 0.019995 | Train Loss: 0.004728 (Data: 0.00472, Mono: 0.00002) | Val MSE: 0.000934 (RMSE: 0.0306) 
2026-09-12 16:39:26,901 - INFO - Epoch [  60/2000] LR: 0.019989 | Train Loss: 0.003445 (Data: 0.00344, Mono: 0.00001) | Val MSE: 0.000760 (RMSE: 0.0276) 
2026-09-12 16:39:27,301 - INFO - Epoch [  70/2000] LR: 0.019980 | Train Loss: 0.002559 (Data: 0.00255, Mono: 0.00001) | Val MSE: 0.001048 (RMSE: 0.0324) 
2026-09-12 16:39:27,714 - INFO - Epoch [  80/2000] LR: 0.019968 | Train Loss: 0.002174 (Data: 0.00217, Mono: 0.00001) | Val MSE: 0.000762 (RMSE: 0.0276) 
2026-09-12 16:39:28,110 - INFO - Epoch [  90/2000] LR: 0.019954 | Train Loss: 0.001583 (Data: 0.00158, Mono: 0.00001) | Val MSE: 0.000733 (RMSE: 0.0271) 
2026-09-12 16:39:28,398 - INFO - [*] Early stopping triggered at epoch 97. Best epoch was 17 with Val MSE: 0.000537
2026-09-12 16:39:28,399 - INFO - Training completed in 4.02s. Loading best checkpoint from epoch 17 for final test evaluation...
2026-09-12 16:39:28,449 - INFO - ==================================================
2026-09-12 16:39:28,449 - INFO - Test Results for [XJTU] - [Sim_satellite] (Best Epoch 17):
2026-09-12 16:39:28,449 - INFO -   Test RMSE: 0.028112
2026-09-12 16:39:28,449 - INFO -   Test MAE:  0.023906
2026-09-12 16:39:28,449 - INFO -   Test MAPE: 2.499912
2026-09-12 16:39:28,449 - INFO -   Test MSE:  0.000790
2026-09-12 16:39:28,449 - INFO - ==================================================
2026-09-12 19:11:55,948 - INFO - ==================================================
2026-09-12 19:11:55,949 - INFO - Starting FusionMLP Training for [XJTU] - [Sim_satellite]
2026-09-12 19:11:55,949 - INFO - Device: cuda | Epochs: 2000 | LR: 0.020000 | Mono Weight: 0.4000 | Knee Feature: True
2026-09-12 19:11:55,949 - INFO - ==================================================
2026-09-12 19:11:56,060 - INFO - Data Splits: Train=5, Val=1, Test=2
2026-09-12 19:11:56,147 - INFO - Epoch [   1/2000] LR: 0.006726 | Train Loss: 0.265923 (Data: 0.26589, Mono: 0.00008) | Val MSE: 0.128080 (RMSE: 0.3579) [BEST]
2026-09-12 19:11:56,201 - INFO - Epoch [   2/2000] LR: 0.007184 | Train Loss: 0.112248 (Data: 0.11222, Mono: 0.00007) | Val MSE: 0.048454 (RMSE: 0.2201) [BEST]
2026-09-12 19:11:56,264 - INFO - Epoch [   3/2000] LR: 0.007641 | Train Loss: 0.092992 (Data: 0.09297, Mono: 0.00006) | Val MSE: 0.000961 (RMSE: 0.0310) [BEST]
2026-09-12 19:11:56,417 - INFO - Epoch [   6/2000] LR: 0.009015 | Train Loss: 0.049004 (Data: 0.04898, Mono: 0.00005) | Val MSE: 0.000899 (RMSE: 0.0300) [BEST]
2026-09-12 19:11:56,612 - INFO - Epoch [  10/2000] LR: 0.010845 | Train Loss: 0.026156 (Data: 0.02614, Mono: 0.00005) | Val MSE: 0.000521 (RMSE: 0.0228) [BEST]
2026-09-12 19:11:56,764 - INFO - Epoch [  13/2000] LR: 0.012219 | Train Loss: 0.019735 (Data: 0.01972, Mono: 0.00003) | Val MSE: 0.000482 (RMSE: 0.0220) [BEST]
2026-09-12 19:11:57,160 - INFO - Epoch [  20/2000] LR: 0.015423 | Train Loss: 0.011686 (Data: 0.01168, Mono: 0.00003) | Val MSE: 0.001206 (RMSE: 0.0347) 
2026-09-12 19:11:57,655 - INFO - Epoch [  30/2000] LR: 0.020000 | Train Loss: 0.006577 (Data: 0.00657, Mono: 0.00002) | Val MSE: 0.000735 (RMSE: 0.0271) 
2026-09-12 19:11:58,134 - INFO - Epoch [  40/2000] LR: 0.019999 | Train Loss: 0.004839 (Data: 0.00483, Mono: 0.00002) | Val MSE: 0.000754 (RMSE: 0.0275) 
2026-09-12 19:11:58,673 - INFO - Epoch [  50/2000] LR: 0.019995 | Train Loss: 0.003480 (Data: 0.00347, Mono: 0.00002) | Val MSE: 0.000833 (RMSE: 0.0289) 
2026-09-12 19:11:59,161 - INFO - Epoch [  60/2000] LR: 0.019989 | Train Loss: 0.002848 (Data: 0.00284, Mono: 0.00001) | Val MSE: 0.000718 (RMSE: 0.0268) 
2026-09-12 19:11:59,645 - INFO - Epoch [  70/2000] LR: 0.019980 | Train Loss: 0.002203 (Data: 0.00220, Mono: 0.00001) | Val MSE: 0.000871 (RMSE: 0.0295) 
2026-09-12 19:12:00,211 - INFO - Epoch [  80/2000] LR: 0.019968 | Train Loss: 0.001975 (Data: 0.00197, Mono: 0.00001) | Val MSE: 0.000975 (RMSE: 0.0312) 
2026-09-12 19:12:00,654 - INFO - Epoch [  90/2000] LR: 0.019954 | Train Loss: 0.001984 (Data: 0.00198, Mono: 0.00001) | Val MSE: 0.000821 (RMSE: 0.0286) 
2026-09-12 19:12:00,805 - INFO - [*] Early stopping triggered at epoch 93. Best epoch was 13 with Val MSE: 0.000482
2026-09-12 19:12:00,805 - INFO - Training completed in 4.72s. Loading best checkpoint from epoch 13 for final test evaluation...
2026-09-12 19:12:00,837 - INFO - ==================================================
2026-09-12 19:12:00,837 - INFO - Test Results for [XJTU] - [Sim_satellite] (Best Epoch 13):
2026-09-12 19:12:00,837 - INFO -   Test RMSE: 0.022203
2026-09-12 19:12:00,837 - INFO -   Test MAE:  0.018205
2026-09-12 19:12:00,837 - INFO -   Test MAPE: 1.902062
2026-09-12 19:12:00,837 - INFO -   Test MSE:  0.000493
2026-09-12 19:12:00,837 - INFO - ==================================================
2026-09-12 19:46:50,073 - INFO - ==================================================
2026-09-12 19:46:50,073 - INFO - Starting FusionMLP Training for [XJTU] - [Sim_satellite]
2026-09-12 19:46:50,073 - INFO - Device: cuda | Epochs: 2000 | LR: 0.020000 | Mono Weight: 0.4000 | Knee Feature: True
2026-09-12 19:46:50,073 - INFO - ==================================================
2026-09-12 19:46:50,154 - INFO - Data Splits: Train=5, Val=1, Test=2
2026-09-12 19:46:50,227 - INFO - Epoch [   1/2000] LR: 0.006726 | Train Loss: 0.579911 (Data: 0.57989, Mono: 0.00005) | Val MSE: 0.065815 (RMSE: 0.2565) [BEST]
2026-09-12 19:46:50,290 - INFO - Epoch [   2/2000] LR: 0.007184 | Train Loss: 0.218727 (Data: 0.21869, Mono: 0.00010) | Val MSE: 0.001333 (RMSE: 0.0365) [BEST]
2026-09-12 19:46:50,588 - INFO - Epoch [   9/2000] LR: 0.010388 | Train Loss: 0.052416 (Data: 0.05239, Mono: 0.00006) | Val MSE: 0.000939 (RMSE: 0.0306) [BEST]
2026-09-12 19:46:50,638 - INFO - Epoch [  10/2000] LR: 0.010845 | Train Loss: 0.044740 (Data: 0.04472, Mono: 0.00005) | Val MSE: 0.004115 (RMSE: 0.0641) 
2026-09-12 19:46:50,747 - INFO - Epoch [  12/2000] LR: 0.011761 | Train Loss: 0.035017 (Data: 0.03500, Mono: 0.00005) | Val MSE: 0.000656 (RMSE: 0.0256) [BEST]
2026-09-12 19:46:50,819 - INFO - Epoch [  14/2000] LR: 0.012676 | Train Loss: 0.026437 (Data: 0.02642, Mono: 0.00004) | Val MSE: 0.000404 (RMSE: 0.0201) [BEST]
2026-09-12 19:46:51,085 - INFO - Epoch [  20/2000] LR: 0.015423 | Train Loss: 0.014782 (Data: 0.01477, Mono: 0.00003) | Val MSE: 0.000527 (RMSE: 0.0229) 
2026-09-12 19:46:51,496 - INFO - Epoch [  30/2000] LR: 0.020000 | Train Loss: 0.008274 (Data: 0.00827, Mono: 0.00002) | Val MSE: 0.001451 (RMSE: 0.0381) 
2026-09-12 19:46:51,907 - INFO - Epoch [  40/2000] LR: 0.019999 | Train Loss: 0.005021 (Data: 0.00501, Mono: 0.00002) | Val MSE: 0.000666 (RMSE: 0.0258) 
2026-09-12 19:46:52,338 - INFO - Epoch [  50/2000] LR: 0.019995 | Train Loss: 0.003757 (Data: 0.00375, Mono: 0.00001) | Val MSE: 0.000736 (RMSE: 0.0271) 
2026-09-12 19:46:52,758 - INFO - Epoch [  60/2000] LR: 0.019989 | Train Loss: 0.003726 (Data: 0.00372, Mono: 0.00001) | Val MSE: 0.000717 (RMSE: 0.0268) 
2026-09-12 19:46:53,176 - INFO - Epoch [  70/2000] LR: 0.019980 | Train Loss: 0.002327 (Data: 0.00232, Mono: 0.00001) | Val MSE: 0.000746 (RMSE: 0.0273) 
2026-09-12 19:46:53,583 - INFO - Epoch [  80/2000] LR: 0.019968 | Train Loss: 0.003190 (Data: 0.00319, Mono: 0.00001) | Val MSE: 0.001046 (RMSE: 0.0323) 
2026-09-12 19:46:53,994 - INFO - Epoch [  90/2000] LR: 0.019954 | Train Loss: 0.001609 (Data: 0.00161, Mono: 0.00001) | Val MSE: 0.000745 (RMSE: 0.0273) 
2026-09-12 19:46:54,428 - INFO - Epoch [ 100/2000] LR: 0.019938 | Train Loss: 0.001382 (Data: 0.00138, Mono: 0.00001) | Val MSE: 0.000781 (RMSE: 0.0280) 
2026-09-12 19:46:54,849 - INFO - Epoch [ 110/2000] LR: 0.019919 | Train Loss: 0.001345 (Data: 0.00134, Mono: 0.00001) | Val MSE: 0.000767 (RMSE: 0.0277) 
2026-09-12 19:46:55,274 - INFO - Epoch [ 120/2000] LR: 0.019897 | Train Loss: 0.001093 (Data: 0.00109, Mono: 0.00001) | Val MSE: 0.000651 (RMSE: 0.0255) 
2026-09-12 19:46:55,700 - INFO - Epoch [ 130/2000] LR: 0.019873 | Train Loss: 0.001136 (Data: 0.00113, Mono: 0.00000) | Val MSE: 0.000679 (RMSE: 0.0261) 
2026-09-12 19:46:56,110 - INFO - Epoch [ 140/2000] LR: 0.019847 | Train Loss: 0.001203 (Data: 0.00120, Mono: 0.00000) | Val MSE: 0.000685 (RMSE: 0.0262) 
2026-09-12 19:46:56,525 - INFO - Epoch [ 150/2000] LR: 0.019817 | Train Loss: 0.000948 (Data: 0.00095, Mono: 0.00000) | Val MSE: 0.000652 (RMSE: 0.0255) 
2026-09-12 19:46:56,947 - INFO - Epoch [ 160/2000] LR: 0.019786 | Train Loss: 0.000930 (Data: 0.00093, Mono: 0.00000) | Val MSE: 0.000633 (RMSE: 0.0252) 
2026-09-12 19:46:57,367 - INFO - Epoch [ 170/2000] LR: 0.019752 | Train Loss: 0.000886 (Data: 0.00088, Mono: 0.00000) | Val MSE: 0.000810 (RMSE: 0.0285) 
2026-09-12 19:46:57,788 - INFO - Epoch [ 180/2000] LR: 0.019715 | Train Loss: 0.001002 (Data: 0.00100, Mono: 0.00000) | Val MSE: 0.000593 (RMSE: 0.0243) 
2026-09-12 19:46:58,206 - INFO - Epoch [ 190/2000] LR: 0.019676 | Train Loss: 0.000701 (Data: 0.00070, Mono: 0.00000) | Val MSE: 0.000778 (RMSE: 0.0279) 
2026-09-12 19:46:58,615 - INFO - Epoch [ 200/2000] LR: 0.019635 | Train Loss: 0.000887 (Data: 0.00089, Mono: 0.00000) | Val MSE: 0.000726 (RMSE: 0.0269) 
2026-09-12 19:46:59,023 - INFO - Epoch [ 210/2000] LR: 0.019591 | Train Loss: 0.001052 (Data: 0.00105, Mono: 0.00000) | Val MSE: 0.000798 (RMSE: 0.0282) 
2026-09-12 19:46:59,183 - INFO - [*] Early stopping triggered at epoch 214. Best epoch was 14 with Val MSE: 0.000404
2026-09-12 19:46:59,183 - INFO - Training completed in 9.01s. Loading best checkpoint from epoch 14 for final test evaluation...
2026-09-12 19:46:59,216 - INFO - ==================================================
2026-09-12 19:46:59,216 - INFO - Test Results for [XJTU] - [Sim_satellite] (Best Epoch 14):
2026-09-12 19:46:59,216 - INFO -   Test RMSE: 0.022152
2026-09-12 19:46:59,216 - INFO -   Test MAE:  0.017839
2026-09-12 19:46:59,216 - INFO -   Test MAPE: 1.845754
2026-09-12 19:46:59,216 - INFO -   Test MSE:  0.000491
2026-09-12 19:46:59,216 - INFO - ==================================================
2026-09-12 20:20:45,392 - INFO - ==================================================
2026-09-12 20:20:45,392 - INFO - Starting FusionMLP Training for [XJTU] - [Sim_satellite]
2026-09-12 20:20:45,392 - INFO - Device: cuda | Epochs: 2000 | LR: 0.020000 | Mono Weight: 0.4000 | Knee Feature: True
2026-09-12 20:20:45,392 - INFO - ==================================================
2026-09-12 20:20:45,470 - INFO - Data Splits: Train=5, Val=1, Test=2
2026-09-12 20:20:45,546 - INFO - Epoch [   1/2000] LR: 0.006726 | Train Loss: 0.659620 (Data: 0.65960, Mono: 0.00005) | Val MSE: 0.022016 (RMSE: 0.1484) [BEST]
2026-09-12 20:20:45,601 - INFO - Epoch [   2/2000] LR: 0.007184 | Train Loss: 0.273845 (Data: 0.27380, Mono: 0.00010) | Val MSE: 0.000703 (RMSE: 0.0265) [BEST]
2026-09-12 20:20:45,736 - INFO - Epoch [   5/2000] LR: 0.008557 | Train Loss: 0.107121 (Data: 0.10709, Mono: 0.00008) | Val MSE: 0.000532 (RMSE: 0.0231) [BEST]
2026-09-12 20:20:45,946 - INFO - Epoch [  10/2000] LR: 0.010845 | Train Loss: 0.032648 (Data: 0.03263, Mono: 0.00005) | Val MSE: 0.001210 (RMSE: 0.0348) 
2026-09-12 20:20:46,360 - INFO - Epoch [  20/2000] LR: 0.015423 | Train Loss: 0.010846 (Data: 0.01084, Mono: 0.00003) | Val MSE: 0.000668 (RMSE: 0.0258) 
2026-09-12 20:20:46,769 - INFO - Epoch [  30/2000] LR: 0.020000 | Train Loss: 0.006350 (Data: 0.00634, Mono: 0.00002) | Val MSE: 0.000883 (RMSE: 0.0297) 
2026-09-12 20:20:47,194 - INFO - Epoch [  40/2000] LR: 0.019999 | Train Loss: 0.004926 (Data: 0.00492, Mono: 0.00002) | Val MSE: 0.000760 (RMSE: 0.0276) 
2026-09-12 20:20:47,608 - INFO - Epoch [  50/2000] LR: 0.019995 | Train Loss: 0.004030 (Data: 0.00402, Mono: 0.00001) | Val MSE: 0.000818 (RMSE: 0.0286) 
2026-09-12 20:20:48,025 - INFO - Epoch [  60/2000] LR: 0.019989 | Train Loss: 0.003318 (Data: 0.00331, Mono: 0.00001) | Val MSE: 0.000768 (RMSE: 0.0277) 
2026-09-12 20:20:48,440 - INFO - Epoch [  70/2000] LR: 0.019980 | Train Loss: 0.002743 (Data: 0.00274, Mono: 0.00001) | Val MSE: 0.000764 (RMSE: 0.0276) 
2026-09-12 20:20:48,854 - INFO - Epoch [  80/2000] LR: 0.019968 | Train Loss: 0.002338 (Data: 0.00233, Mono: 0.00001) | Val MSE: 0.000994 (RMSE: 0.0315) 
2026-09-12 20:20:49,265 - INFO - Epoch [  90/2000] LR: 0.019954 | Train Loss: 0.001995 (Data: 0.00199, Mono: 0.00001) | Val MSE: 0.000695 (RMSE: 0.0264) 
2026-09-12 20:20:49,689 - INFO - Epoch [ 100/2000] LR: 0.019938 | Train Loss: 0.001823 (Data: 0.00182, Mono: 0.00001) | Val MSE: 0.000747 (RMSE: 0.0273) 
2026-09-12 20:20:50,115 - INFO - Epoch [ 110/2000] LR: 0.019919 | Train Loss: 0.002134 (Data: 0.00213, Mono: 0.00001) | Val MSE: 0.000788 (RMSE: 0.0281) 
2026-09-12 20:20:50,544 - INFO - Epoch [ 120/2000] LR: 0.019897 | Train Loss: 0.001568 (Data: 0.00157, Mono: 0.00001) | Val MSE: 0.001030 (RMSE: 0.0321) 
2026-09-12 20:20:50,968 - INFO - Epoch [ 130/2000] LR: 0.019873 | Train Loss: 0.001200 (Data: 0.00120, Mono: 0.00000) | Val MSE: 0.000767 (RMSE: 0.0277) 
2026-09-12 20:20:51,416 - INFO - Epoch [ 140/2000] LR: 0.019847 | Train Loss: 0.001167 (Data: 0.00117, Mono: 0.00000) | Val MSE: 0.000803 (RMSE: 0.0283) 
2026-09-12 20:20:51,854 - INFO - Epoch [ 150/2000] LR: 0.019817 | Train Loss: 0.001069 (Data: 0.00107, Mono: 0.00000) | Val MSE: 0.000784 (RMSE: 0.0280) 
2026-09-12 20:20:52,276 - INFO - Epoch [ 160/2000] LR: 0.019786 | Train Loss: 0.000964 (Data: 0.00096, Mono: 0.00000) | Val MSE: 0.000768 (RMSE: 0.0277) 
2026-09-12 20:20:52,743 - INFO - Epoch [ 170/2000] LR: 0.019752 | Train Loss: 0.000866 (Data: 0.00086, Mono: 0.00000) | Val MSE: 0.000743 (RMSE: 0.0272) 
2026-09-12 20:20:53,180 - INFO - Epoch [ 180/2000] LR: 0.019715 | Train Loss: 0.000854 (Data: 0.00085, Mono: 0.00000) | Val MSE: 0.000686 (RMSE: 0.0262) 
2026-09-12 20:20:53,638 - INFO - Epoch [ 190/2000] LR: 0.019676 | Train Loss: 0.001068 (Data: 0.00107, Mono: 0.00000) | Val MSE: 0.000785 (RMSE: 0.0280) 
2026-09-12 20:20:54,090 - INFO - Epoch [ 200/2000] LR: 0.019635 | Train Loss: 0.001919 (Data: 0.00192, Mono: 0.00000) | Val MSE: 0.000995 (RMSE: 0.0315) 
2026-09-12 20:20:54,311 - INFO - [*] Early stopping triggered at epoch 205. Best epoch was 5 with Val MSE: 0.000532
2026-09-12 20:20:54,311 - INFO - Training completed in 8.82s. Loading best checkpoint from epoch 5 for final test evaluation...
2026-09-12 20:20:54,341 - INFO - ==================================================
2026-09-12 20:20:54,341 - INFO - Test Results for [XJTU] - [Sim_satellite] (Best Epoch 5):
2026-09-12 20:20:54,341 - INFO -   Test RMSE: 0.049952
2026-09-12 20:20:54,341 - INFO -   Test MAE:  0.028145
2026-09-12 20:20:54,341 - INFO -   Test MAPE: 3.095299
2026-09-12 20:20:54,341 - INFO -   Test MSE:  0.002495
2026-09-12 20:20:54,341 - INFO - ==================================================
2026-09-12 21:02:08,229 - INFO - ==================================================
2026-09-12 21:02:08,229 - INFO - Starting FusionMLP Training for [XJTU] - [Sim_satellite]
2026-09-12 21:02:08,229 - INFO - Device: cuda | Epochs: 2000 | LR: 0.000200 | Mono Weight: 0.4000 | Knee Feature: True
2026-09-12 21:02:08,229 - INFO - ==================================================
2026-09-12 21:02:08,410 - INFO - Data Splits: Train=5, Val=1, Test=2
2026-09-12 21:02:08,510 - INFO - Epoch [   1/2000] LR: 0.006066 | Train Loss: 0.354133 (Data: 0.35411, Mono: 0.00005) | Val MSE: 0.090805 (RMSE: 0.3013) [BEST]
2026-09-12 21:02:08,578 - INFO - Epoch [   2/2000] LR: 0.005864 | Train Loss: 0.189050 (Data: 0.18902, Mono: 0.00008) | Val MSE: 0.023043 (RMSE: 0.1518) [BEST]
2026-09-12 21:02:08,707 - INFO - Epoch [   4/2000] LR: 0.005459 | Train Loss: 0.092175 (Data: 0.09215, Mono: 0.00006) | Val MSE: 0.002995 (RMSE: 0.0547) [BEST]
2026-09-12 21:02:08,844 - INFO - Epoch [   6/2000] LR: 0.005055 | Train Loss: 0.060923 (Data: 0.06090, Mono: 0.00006) | Val MSE: 0.000703 (RMSE: 0.0265) [BEST]
2026-09-12 21:02:09,062 - INFO - Epoch [  10/2000] LR: 0.004245 | Train Loss: 0.036981 (Data: 0.03696, Mono: 0.00005) | Val MSE: 0.000829 (RMSE: 0.0288) 
2026-09-12 21:02:09,170 - INFO - Epoch [  12/2000] LR: 0.003841 | Train Loss: 0.031467 (Data: 0.03145, Mono: 0.00005) | Val MSE: 0.000569 (RMSE: 0.0239) [BEST]
2026-09-12 21:02:09,234 - INFO - Epoch [  13/2000] LR: 0.003639 | Train Loss: 0.028906 (Data: 0.02889, Mono: 0.00005) | Val MSE: 0.000510 (RMSE: 0.0226) [BEST]
2026-09-12 21:02:09,447 - INFO - Epoch [  16/2000] LR: 0.003032 | Train Loss: 0.025899 (Data: 0.02588, Mono: 0.00004) | Val MSE: 0.000494 (RMSE: 0.0222) [BEST]
2026-09-12 21:02:09,684 - INFO - Epoch [  20/2000] LR: 0.002223 | Train Loss: 0.021582 (Data: 0.02157, Mono: 0.00004) | Val MSE: 0.000650 (RMSE: 0.0255) 
2026-09-12 21:02:10,298 - INFO - Epoch [  30/2000] LR: 0.000200 | Train Loss: 0.019114 (Data: 0.01910, Mono: 0.00004) | Val MSE: 0.000543 (RMSE: 0.0233) 
2026-09-12 21:02:10,873 - INFO - Epoch [  40/2000] LR: 0.000200 | Train Loss: 0.018291 (Data: 0.01828, Mono: 0.00004) | Val MSE: 0.000539 (RMSE: 0.0232) 
2026-09-12 21:02:11,442 - INFO - Epoch [  50/2000] LR: 0.000200 | Train Loss: 0.018087 (Data: 0.01807, Mono: 0.00004) | Val MSE: 0.000539 (RMSE: 0.0232) 
2026-09-12 21:02:12,011 - INFO - Epoch [  60/2000] LR: 0.000200 | Train Loss: 0.017637 (Data: 0.01762, Mono: 0.00004) | Val MSE: 0.000578 (RMSE: 0.0240) 
2026-09-12 21:02:12,564 - INFO - Epoch [  70/2000] LR: 0.000200 | Train Loss: 0.016437 (Data: 0.01642, Mono: 0.00004) | Val MSE: 0.000550 (RMSE: 0.0235) 
2026-09-12 21:02:13,140 - INFO - Epoch [  80/2000] LR: 0.000200 | Train Loss: 0.016215 (Data: 0.01620, Mono: 0.00004) | Val MSE: 0.000579 (RMSE: 0.0241) 
2026-09-12 21:02:13,737 - INFO - Epoch [  90/2000] LR: 0.000200 | Train Loss: 0.015495 (Data: 0.01548, Mono: 0.00003) | Val MSE: 0.000576 (RMSE: 0.0240) 
2026-09-12 21:02:14,317 - INFO - Epoch [ 100/2000] LR: 0.000199 | Train Loss: 0.014960 (Data: 0.01495, Mono: 0.00003) | Val MSE: 0.000594 (RMSE: 0.0244) 
2026-09-12 21:02:14,866 - INFO - Epoch [ 110/2000] LR: 0.000199 | Train Loss: 0.014851 (Data: 0.01484, Mono: 0.00003) | Val MSE: 0.000601 (RMSE: 0.0245) 
2026-09-12 21:02:15,402 - INFO - Epoch [ 120/2000] LR: 0.000199 | Train Loss: 0.014141 (Data: 0.01413, Mono: 0.00003) | Val MSE: 0.000562 (RMSE: 0.0237) 
2026-09-12 21:02:15,973 - INFO - Epoch [ 130/2000] LR: 0.000199 | Train Loss: 0.014082 (Data: 0.01407, Mono: 0.00003) | Val MSE: 0.000570 (RMSE: 0.0239) 
2026-09-12 21:02:16,513 - INFO - Epoch [ 140/2000] LR: 0.000198 | Train Loss: 0.012835 (Data: 0.01282, Mono: 0.00003) | Val MSE: 0.000599 (RMSE: 0.0245) 
2026-09-12 21:02:17,137 - INFO - Epoch [ 150/2000] LR: 0.000198 | Train Loss: 0.012291 (Data: 0.01228, Mono: 0.00003) | Val MSE: 0.000585 (RMSE: 0.0242) 
2026-09-12 21:02:17,710 - INFO - Epoch [ 160/2000] LR: 0.000198 | Train Loss: 0.011849 (Data: 0.01184, Mono: 0.00003) | Val MSE: 0.000599 (RMSE: 0.0245) 
2026-09-12 21:02:18,265 - INFO - Epoch [ 170/2000] LR: 0.000198 | Train Loss: 0.011542 (Data: 0.01153, Mono: 0.00003) | Val MSE: 0.000599 (RMSE: 0.0245) 
2026-09-12 21:02:18,800 - INFO - Epoch [ 180/2000] LR: 0.000197 | Train Loss: 0.011158 (Data: 0.01115, Mono: 0.00003) | Val MSE: 0.000618 (RMSE: 0.0249) 
2026-09-12 21:02:19,329 - INFO - Epoch [ 190/2000] LR: 0.000197 | Train Loss: 0.010718 (Data: 0.01071, Mono: 0.00003) | Val MSE: 0.000614 (RMSE: 0.0248) 
2026-09-12 21:02:19,875 - INFO - Epoch [ 200/2000] LR: 0.000196 | Train Loss: 0.010590 (Data: 0.01058, Mono: 0.00003) | Val MSE: 0.000595 (RMSE: 0.0244) 
2026-09-12 21:02:20,606 - INFO - Epoch [ 210/2000] LR: 0.000196 | Train Loss: 0.009548 (Data: 0.00954, Mono: 0.00003) | Val MSE: 0.000606 (RMSE: 0.0246) 
2026-09-12 21:02:20,966 - INFO - [*] Early stopping triggered at epoch 216. Best epoch was 16 with Val MSE: 0.000494
2026-09-12 21:02:20,967 - INFO - Training completed in 12.53s. Loading best checkpoint from epoch 16 for final test evaluation...
2026-09-12 21:02:21,001 - INFO - ==================================================
2026-09-12 21:02:21,001 - INFO - Test Results for [XJTU] - [Sim_satellite] (Best Epoch 16):
2026-09-12 21:02:21,002 - INFO -   Test RMSE: 0.029888
2026-09-12 21:02:21,002 - INFO -   Test MAE:  0.026144
2026-09-12 21:02:21,002 - INFO -   Test MAPE: 2.736432
2026-09-12 21:02:21,002 - INFO -   Test MSE:  0.000893
2026-09-12 21:02:21,002 - INFO - ==================================================
2026-09-13 11:54:38,570 - INFO - ==================================================
2026-09-13 11:54:38,570 - INFO - Starting FusionMLP Training for [XJTU] - [Sim_satellite]
2026-09-13 11:54:38,570 - INFO - Device: cuda | Epochs: 2000 | LR: 0.002000 | Mono Weight: 0.4000 | Knee Feature: True
2026-09-13 11:54:38,570 - INFO - ==================================================
2026-09-13 11:54:38,866 - INFO - Data Splits: Train=5, Val=1, Test=2
2026-09-13 11:54:39,023 - INFO - Epoch [   1/2000] LR: 0.006126 | Train Loss: 0.364387 (Data: 0.36436, Mono: 0.00008) | Val MSE: 0.193414 (RMSE: 0.4398) [BEST]
2026-09-13 11:54:39,073 - INFO - Epoch [   2/2000] LR: 0.005984 | Train Loss: 0.160162 (Data: 0.16013, Mono: 0.00009) | Val MSE: 0.034215 (RMSE: 0.1850) [BEST]
2026-09-13 11:54:39,120 - INFO - Epoch [   3/2000] LR: 0.005841 | Train Loss: 0.123458 (Data: 0.12342, Mono: 0.00008) | Val MSE: 0.022397 (RMSE: 0.1497) [BEST]
2026-09-13 11:54:39,180 - INFO - Epoch [   4/2000] LR: 0.005699 | Train Loss: 0.089703 (Data: 0.08967, Mono: 0.00007) | Val MSE: 0.004674 (RMSE: 0.0684) [BEST]
2026-09-13 11:54:39,235 - INFO - Epoch [   5/2000] LR: 0.005557 | Train Loss: 0.080804 (Data: 0.08077, Mono: 0.00007) | Val MSE: 0.000956 (RMSE: 0.0309) [BEST]
2026-09-13 11:54:39,466 - INFO - Epoch [  10/2000] LR: 0.004845 | Train Loss: 0.049836 (Data: 0.04981, Mono: 0.00005) | Val MSE: 0.002586 (RMSE: 0.0509) 
2026-09-13 11:54:39,944 - INFO - Epoch [  20/2000] LR: 0.003423 | Train Loss: 0.029753 (Data: 0.02973, Mono: 0.00005) | Val MSE: 0.001316 (RMSE: 0.0363) 
2026-09-13 11:54:40,403 - INFO - Epoch [  30/2000] LR: 0.002000 | Train Loss: 0.022692 (Data: 0.02268, Mono: 0.00004) | Val MSE: 0.001476 (RMSE: 0.0384) 
2026-09-13 11:54:40,514 - INFO - Epoch [  32/2000] LR: 0.002000 | Train Loss: 0.020920 (Data: 0.02090, Mono: 0.00004) | Val MSE: 0.000901 (RMSE: 0.0300) [BEST]
2026-09-13 11:54:40,876 - INFO - Epoch [  40/2000] LR: 0.002000 | Train Loss: 0.018633 (Data: 0.01862, Mono: 0.00003) | Val MSE: 0.000863 (RMSE: 0.0294) [BEST]
2026-09-13 11:54:41,016 - INFO - Epoch [  43/2000] LR: 0.002000 | Train Loss: 0.017705 (Data: 0.01769, Mono: 0.00003) | Val MSE: 0.000821 (RMSE: 0.0287) [BEST]
2026-09-13 11:54:41,336 - INFO - Epoch [  50/2000] LR: 0.001999 | Train Loss: 0.015629 (Data: 0.01562, Mono: 0.00003) | Val MSE: 0.000997 (RMSE: 0.0316) 
2026-09-13 11:54:41,387 - INFO - Epoch [  51/2000] LR: 0.001999 | Train Loss: 0.014657 (Data: 0.01464, Mono: 0.00003) | Val MSE: 0.000811 (RMSE: 0.0285) [BEST]
2026-09-13 11:54:41,441 - INFO - Epoch [  52/2000] LR: 0.001999 | Train Loss: 0.014717 (Data: 0.01471, Mono: 0.00003) | Val MSE: 0.000777 (RMSE: 0.0279) [BEST]
2026-09-13 11:54:41,579 - INFO - Epoch [  55/2000] LR: 0.001999 | Train Loss: 0.013847 (Data: 0.01383, Mono: 0.00003) | Val MSE: 0.000776 (RMSE: 0.0279) [BEST]
2026-09-13 11:54:41,634 - INFO - Epoch [  56/2000] LR: 0.001999 | Train Loss: 0.014346 (Data: 0.01434, Mono: 0.00003) | Val MSE: 0.000773 (RMSE: 0.0278) [BEST]
2026-09-13 11:54:41,823 - INFO - Epoch [  60/2000] LR: 0.001999 | Train Loss: 0.012926 (Data: 0.01291, Mono: 0.00003) | Val MSE: 0.000778 (RMSE: 0.0279) 
2026-09-13 11:54:42,287 - INFO - Epoch [  70/2000] LR: 0.001998 | Train Loss: 0.010986 (Data: 0.01098, Mono: 0.00003) | Val MSE: 0.000856 (RMSE: 0.0293) 
2026-09-13 11:54:42,745 - INFO - Epoch [  80/2000] LR: 0.001997 | Train Loss: 0.009869 (Data: 0.00986, Mono: 0.00002) | Val MSE: 0.000789 (RMSE: 0.0281) 
2026-09-13 11:54:43,200 - INFO - Epoch [  90/2000] LR: 0.001995 | Train Loss: 0.008914 (Data: 0.00890, Mono: 0.00003) | Val MSE: 0.000799 (RMSE: 0.0283) 
2026-09-13 11:54:43,662 - INFO - Epoch [ 100/2000] LR: 0.001994 | Train Loss: 0.007779 (Data: 0.00777, Mono: 0.00002) | Val MSE: 0.000810 (RMSE: 0.0285) 
2026-09-13 11:54:44,120 - INFO - Epoch [ 110/2000] LR: 0.001992 | Train Loss: 0.006976 (Data: 0.00697, Mono: 0.00002) | Val MSE: 0.000815 (RMSE: 0.0285) 
2026-09-13 11:54:44,576 - INFO - Epoch [ 120/2000] LR: 0.001990 | Train Loss: 0.006182 (Data: 0.00617, Mono: 0.00002) | Val MSE: 0.000833 (RMSE: 0.0289) 
2026-09-13 11:54:45,028 - INFO - Epoch [ 130/2000] LR: 0.001987 | Train Loss: 0.005826 (Data: 0.00582, Mono: 0.00002) | Val MSE: 0.000818 (RMSE: 0.0286) 
2026-09-13 11:54:45,487 - INFO - Epoch [ 140/2000] LR: 0.001985 | Train Loss: 0.005293 (Data: 0.00529, Mono: 0.00002) | Val MSE: 0.000825 (RMSE: 0.0287) 
2026-09-13 11:54:45,961 - INFO - Epoch [ 150/2000] LR: 0.001982 | Train Loss: 0.004713 (Data: 0.00471, Mono: 0.00002) | Val MSE: 0.000869 (RMSE: 0.0295) 
2026-09-13 11:54:46,435 - INFO - Epoch [ 160/2000] LR: 0.001979 | Train Loss: 0.004284 (Data: 0.00428, Mono: 0.00001) | Val MSE: 0.000826 (RMSE: 0.0287) 
2026-09-13 11:54:46,909 - INFO - Epoch [ 170/2000] LR: 0.001975 | Train Loss: 0.003914 (Data: 0.00391, Mono: 0.00001) | Val MSE: 0.000865 (RMSE: 0.0294) 
2026-09-13 11:54:47,389 - INFO - Epoch [ 180/2000] LR: 0.001972 | Train Loss: 0.003509 (Data: 0.00350, Mono: 0.00001) | Val MSE: 0.000815 (RMSE: 0.0286) 
2026-09-13 11:54:47,862 - INFO - Epoch [ 190/2000] LR: 0.001968 | Train Loss: 0.003403 (Data: 0.00340, Mono: 0.00002) | Val MSE: 0.000828 (RMSE: 0.0288) 
2026-09-13 11:54:48,317 - INFO - Epoch [ 200/2000] LR: 0.001964 | Train Loss: 0.003063 (Data: 0.00306, Mono: 0.00001) | Val MSE: 0.000810 (RMSE: 0.0285) 
2026-09-13 11:54:48,791 - INFO - Epoch [ 210/2000] LR: 0.001959 | Train Loss: 0.002923 (Data: 0.00292, Mono: 0.00001) | Val MSE: 0.000829 (RMSE: 0.0288) 
2026-09-13 11:54:49,264 - INFO - Epoch [ 220/2000] LR: 0.001954 | Train Loss: 0.002631 (Data: 0.00263, Mono: 0.00001) | Val MSE: 0.000800 (RMSE: 0.0283) 
2026-09-13 11:54:49,739 - INFO - Epoch [ 230/2000] LR: 0.001950 | Train Loss: 0.002475 (Data: 0.00247, Mono: 0.00001) | Val MSE: 0.000802 (RMSE: 0.0283) 
2026-09-13 11:54:50,215 - INFO - Epoch [ 240/2000] LR: 0.001944 | Train Loss: 0.002231 (Data: 0.00223, Mono: 0.00001) | Val MSE: 0.000796 (RMSE: 0.0282) 
2026-09-13 11:54:50,688 - INFO - Epoch [ 250/2000] LR: 0.001939 | Train Loss: 0.002114 (Data: 0.00211, Mono: 0.00001) | Val MSE: 0.000785 (RMSE: 0.0280) 
2026-09-13 11:54:50,969 - INFO - [*] Early stopping triggered at epoch 256. Best epoch was 56 with Val MSE: 0.000773
2026-09-13 11:54:50,974 - INFO - Training completed in 12.06s. Loading best checkpoint from epoch 56 for final test evaluation...
2026-09-13 11:54:51,025 - INFO - ==================================================
2026-09-13 11:54:51,025 - INFO - Test Results for [XJTU] - [Sim_satellite] (Best Epoch 56):
2026-09-13 11:54:51,025 - INFO -   Test RMSE: 0.028690
2026-09-13 11:54:51,025 - INFO -   Test MAE:  0.023414
2026-09-13 11:54:51,025 - INFO -   Test MAPE: 2.467689
2026-09-13 11:54:51,025 - INFO -   Test MSE:  0.000823
2026-09-13 11:54:51,025 - INFO - ==================================================
2026-09-13 13:25:05,138 - INFO - ==================================================
2026-09-13 13:25:05,138 - INFO - Starting FusionMLP Training for [XJTU] - [Sim_satellite]
2026-09-13 13:25:05,138 - INFO - Device: cuda | Epochs: 2000 | LR: 0.002000 | Mono Weight: 0.4000 | Knee Feature: True
2026-09-13 13:25:05,138 - INFO - ==================================================
2026-09-13 13:25:05,233 - INFO - Data Splits: Train=5, Val=1, Test=2
2026-09-13 13:25:05,292 - INFO - Epoch [   1/2000] LR: 0.006126 | Train Loss: 0.432929 (Data: 0.43291, Mono: 0.00006) | Val MSE: 0.130095 (RMSE: 0.3607) [BEST]
2026-09-13 13:25:05,335 - INFO - Epoch [   2/2000] LR: 0.005984 | Train Loss: 0.138569 (Data: 0.13854, Mono: 0.00008) | Val MSE: 0.081985 (RMSE: 0.2863) [BEST]
2026-09-13 13:25:05,376 - INFO - Epoch [   3/2000] LR: 0.005841 | Train Loss: 0.096177 (Data: 0.09615, Mono: 0.00007) | Val MSE: 0.045790 (RMSE: 0.2140) [BEST]
2026-09-13 13:25:05,418 - INFO - Epoch [   4/2000] LR: 0.005699 | Train Loss: 0.086202 (Data: 0.08617, Mono: 0.00007) | Val MSE: 0.004605 (RMSE: 0.0679) [BEST]
2026-09-13 13:25:05,462 - INFO - Epoch [   5/2000] LR: 0.005557 | Train Loss: 0.068209 (Data: 0.06819, Mono: 0.00006) | Val MSE: 0.003348 (RMSE: 0.0579) [BEST]
2026-09-13 13:25:05,543 - INFO - Epoch [   7/2000] LR: 0.005272 | Train Loss: 0.043546 (Data: 0.04353, Mono: 0.00005) | Val MSE: 0.001937 (RMSE: 0.0440) [BEST]
2026-09-13 13:25:05,583 - INFO - Epoch [   8/2000] LR: 0.005130 | Train Loss: 0.038164 (Data: 0.03814, Mono: 0.00005) | Val MSE: 0.000576 (RMSE: 0.0240) [BEST]
2026-09-13 13:25:05,655 - INFO - Epoch [  10/2000] LR: 0.004845 | Train Loss: 0.030055 (Data: 0.03004, Mono: 0.00005) | Val MSE: 0.000686 (RMSE: 0.0262) 
2026-09-13 13:25:05,694 - INFO - Epoch [  11/2000] LR: 0.004703 | Train Loss: 0.027299 (Data: 0.02728, Mono: 0.00004) | Val MSE: 0.000239 (RMSE: 0.0154) [BEST]
2026-09-13 13:25:05,814 - INFO - Epoch [  14/2000] LR: 0.004276 | Train Loss: 0.021633 (Data: 0.02162, Mono: 0.00004) | Val MSE: 0.000202 (RMSE: 0.0142) [BEST]
2026-09-13 13:25:05,889 - INFO - Epoch [  16/2000] LR: 0.003992 | Train Loss: 0.018378 (Data: 0.01836, Mono: 0.00004) | Val MSE: 0.000190 (RMSE: 0.0138) [BEST]
2026-09-13 13:25:05,927 - INFO - Epoch [  17/2000] LR: 0.003850 | Train Loss: 0.017262 (Data: 0.01725, Mono: 0.00004) | Val MSE: 0.000156 (RMSE: 0.0125) [BEST]
2026-09-13 13:25:06,044 - INFO - Epoch [  20/2000] LR: 0.003423 | Train Loss: 0.015252 (Data: 0.01524, Mono: 0.00004) | Val MSE: 0.000151 (RMSE: 0.0123) [BEST]
2026-09-13 13:25:06,337 - INFO - Epoch [  28/2000] LR: 0.002285 | Train Loss: 0.012037 (Data: 0.01203, Mono: 0.00003) | Val MSE: 0.000150 (RMSE: 0.0122) [BEST]
2026-09-13 13:25:06,421 - INFO - Epoch [  30/2000] LR: 0.002000 | Train Loss: 0.011574 (Data: 0.01156, Mono: 0.00003) | Val MSE: 0.000247 (RMSE: 0.0157) 
2026-09-13 13:25:06,817 - INFO - Epoch [  40/2000] LR: 0.002000 | Train Loss: 0.010077 (Data: 0.01007, Mono: 0.00003) | Val MSE: 0.000186 (RMSE: 0.0136) 
2026-09-13 13:25:07,219 - INFO - Epoch [  50/2000] LR: 0.001999 | Train Loss: 0.008712 (Data: 0.00870, Mono: 0.00003) | Val MSE: 0.000182 (RMSE: 0.0135) 
2026-09-13 13:25:07,615 - INFO - Epoch [  60/2000] LR: 0.001999 | Train Loss: 0.007770 (Data: 0.00776, Mono: 0.00002) | Val MSE: 0.000182 (RMSE: 0.0135) 
2026-09-13 13:25:07,994 - INFO - Epoch [  70/2000] LR: 0.001998 | Train Loss: 0.007209 (Data: 0.00720, Mono: 0.00002) | Val MSE: 0.000196 (RMSE: 0.0140) 
2026-09-13 13:25:08,404 - INFO - Epoch [  80/2000] LR: 0.001997 | Train Loss: 0.006500 (Data: 0.00649, Mono: 0.00002) | Val MSE: 0.000297 (RMSE: 0.0172) 
2026-09-13 13:25:08,785 - INFO - Epoch [  90/2000] LR: 0.001995 | Train Loss: 0.006201 (Data: 0.00619, Mono: 0.00002) | Val MSE: 0.000264 (RMSE: 0.0162) 
2026-09-13 13:25:09,161 - INFO - Epoch [ 100/2000] LR: 0.001994 | Train Loss: 0.005786 (Data: 0.00578, Mono: 0.00002) | Val MSE: 0.000420 (RMSE: 0.0205) 
2026-09-13 13:25:09,555 - INFO - Epoch [ 110/2000] LR: 0.001992 | Train Loss: 0.005517 (Data: 0.00551, Mono: 0.00002) | Val MSE: 0.000440 (RMSE: 0.0210) 
2026-09-13 13:25:09,923 - INFO - Epoch [ 120/2000] LR: 0.001990 | Train Loss: 0.004928 (Data: 0.00492, Mono: 0.00002) | Val MSE: 0.000279 (RMSE: 0.0167) 
2026-09-13 13:25:10,298 - INFO - Epoch [ 130/2000] LR: 0.001987 | Train Loss: 0.004614 (Data: 0.00461, Mono: 0.00002) | Val MSE: 0.000292 (RMSE: 0.0171) 
2026-09-13 13:25:10,676 - INFO - Epoch [ 140/2000] LR: 0.001985 | Train Loss: 0.004450 (Data: 0.00444, Mono: 0.00002) | Val MSE: 0.000340 (RMSE: 0.0184) 
2026-09-13 13:25:11,059 - INFO - Epoch [ 150/2000] LR: 0.001982 | Train Loss: 0.004065 (Data: 0.00406, Mono: 0.00002) | Val MSE: 0.000429 (RMSE: 0.0207) 
2026-09-13 13:25:11,449 - INFO - Epoch [ 160/2000] LR: 0.001979 | Train Loss: 0.003911 (Data: 0.00390, Mono: 0.00002) | Val MSE: 0.000333 (RMSE: 0.0183) 
2026-09-13 13:25:11,814 - INFO - Epoch [ 170/2000] LR: 0.001975 | Train Loss: 0.003734 (Data: 0.00373, Mono: 0.00002) | Val MSE: 0.000501 (RMSE: 0.0224) 
2026-09-13 13:25:12,189 - INFO - Epoch [ 180/2000] LR: 0.001972 | Train Loss: 0.003586 (Data: 0.00358, Mono: 0.00001) | Val MSE: 0.000359 (RMSE: 0.0189) 
2026-09-13 13:25:12,560 - INFO - Epoch [ 190/2000] LR: 0.001968 | Train Loss: 0.003347 (Data: 0.00334, Mono: 0.00002) | Val MSE: 0.000446 (RMSE: 0.0211) 
2026-09-13 13:25:12,936 - INFO - Epoch [ 200/2000] LR: 0.001964 | Train Loss: 0.003340 (Data: 0.00333, Mono: 0.00001) | Val MSE: 0.000398 (RMSE: 0.0199) 
2026-09-13 13:25:13,348 - INFO - Epoch [ 210/2000] LR: 0.001959 | Train Loss: 0.003164 (Data: 0.00316, Mono: 0.00001) | Val MSE: 0.000385 (RMSE: 0.0196) 
2026-09-13 13:25:13,794 - INFO - Epoch [ 220/2000] LR: 0.001954 | Train Loss: 0.003267 (Data: 0.00326, Mono: 0.00001) | Val MSE: 0.000529 (RMSE: 0.0230) 
2026-09-13 13:25:14,148 - INFO - [*] Early stopping triggered at epoch 228. Best epoch was 28 with Val MSE: 0.000150
2026-09-13 13:25:14,156 - INFO - Training completed in 8.91s. Loading best checkpoint from epoch 28 for final test evaluation...
2026-09-13 13:25:14,188 - INFO - ==================================================
2026-09-13 13:25:14,188 - INFO - Test Results for [XJTU] - [Sim_satellite] (Best Epoch 28):
2026-09-13 13:25:14,188 - INFO -   Test RMSE: 0.018264
2026-09-13 13:25:14,188 - INFO -   Test MAE:  0.015487
2026-09-13 13:25:14,188 - INFO -   Test MAPE: 1.609166
2026-09-13 13:25:14,188 - INFO -   Test MSE:  0.000334
2026-09-13 13:25:14,188 - INFO - ==================================================
2026-09-13 13:47:11,546 - INFO - ==================================================
2026-09-13 13:47:11,546 - INFO - Starting FusionMLP Training for [XJTU] - [Sim_satellite]
2026-09-13 13:47:11,546 - INFO - Device: cuda | Epochs: 2000 | LR: 0.000100 | Mono Weight: 0.4000 | Knee Feature: True
2026-09-13 13:47:11,546 - INFO - ==================================================
2026-09-13 13:47:11,624 - INFO - Data Splits: Train=5, Val=1, Test=2
2026-09-13 13:47:11,699 - INFO - Epoch [   1/2000] LR: 0.006063 | Train Loss: 0.303732 (Data: 0.30371, Mono: 0.00005) | Val MSE: 0.135080 (RMSE: 0.3675) [BEST]
2026-09-13 13:47:11,738 - INFO - Epoch [   2/2000] LR: 0.005857 | Train Loss: 0.114678 (Data: 0.11466, Mono: 0.00005) | Val MSE: 0.075615 (RMSE: 0.2750) [BEST]
2026-09-13 13:47:11,795 - INFO - Epoch [   3/2000] LR: 0.005651 | Train Loss: 0.064045 (Data: 0.06403, Mono: 0.00005) | Val MSE: 0.031201 (RMSE: 0.1766) [BEST]
2026-09-13 13:47:11,839 - INFO - Epoch [   4/2000] LR: 0.005446 | Train Loss: 0.048620 (Data: 0.04860, Mono: 0.00004) | Val MSE: 0.004364 (RMSE: 0.0661) [BEST]
2026-09-13 13:47:11,884 - INFO - Epoch [   5/2000] LR: 0.005240 | Train Loss: 0.034606 (Data: 0.03459, Mono: 0.00004) | Val MSE: 0.000921 (RMSE: 0.0303) [BEST]
2026-09-13 13:47:12,041 - INFO - Epoch [   9/2000] LR: 0.004418 | Train Loss: 0.017297 (Data: 0.01728, Mono: 0.00003) | Val MSE: 0.000475 (RMSE: 0.0218) [BEST]
2026-09-13 13:47:12,084 - INFO - Epoch [  10/2000] LR: 0.004212 | Train Loss: 0.014407 (Data: 0.01439, Mono: 0.00003) | Val MSE: 0.001076 (RMSE: 0.0328) 
2026-09-13 13:47:12,163 - INFO - Epoch [  12/2000] LR: 0.003801 | Train Loss: 0.012721 (Data: 0.01271, Mono: 0.00003) | Val MSE: 0.000175 (RMSE: 0.0132) [BEST]
2026-09-13 13:47:12,355 - INFO - Epoch [  17/2000] LR: 0.002773 | Train Loss: 0.009485 (Data: 0.00947, Mono: 0.00002) | Val MSE: 0.000170 (RMSE: 0.0130) [BEST]
2026-09-13 13:47:12,398 - INFO - Epoch [  18/2000] LR: 0.002567 | Train Loss: 0.009367 (Data: 0.00936, Mono: 0.00002) | Val MSE: 0.000163 (RMSE: 0.0128) [BEST]
2026-09-13 13:47:12,437 - INFO - Epoch [  19/2000] LR: 0.002362 | Train Loss: 0.009286 (Data: 0.00928, Mono: 0.00003) | Val MSE: 0.000145 (RMSE: 0.0120) [BEST]
2026-09-13 13:47:12,471 - INFO - Epoch [  20/2000] LR: 0.002156 | Train Loss: 0.009017 (Data: 0.00901, Mono: 0.00002) | Val MSE: 0.000144 (RMSE: 0.0120) [BEST]
2026-09-13 13:47:12,555 - INFO - Epoch [  22/2000] LR: 0.001745 | Train Loss: 0.008790 (Data: 0.00878, Mono: 0.00002) | Val MSE: 0.000143 (RMSE: 0.0120) [BEST]
2026-09-13 13:47:12,736 - INFO - Epoch [  27/2000] LR: 0.000717 | Train Loss: 0.008173 (Data: 0.00816, Mono: 0.00002) | Val MSE: 0.000136 (RMSE: 0.0117) [BEST]
2026-09-13 13:47:12,859 - INFO - Epoch [  30/2000] LR: 0.000100 | Train Loss: 0.008011 (Data: 0.00800, Mono: 0.00002) | Val MSE: 0.000143 (RMSE: 0.0119) 
2026-09-13 13:47:12,975 - INFO - Epoch [  33/2000] LR: 0.000100 | Train Loss: 0.008420 (Data: 0.00841, Mono: 0.00002) | Val MSE: 0.000136 (RMSE: 0.0117) [BEST]
2026-09-13 13:47:13,019 - INFO - Epoch [  34/2000] LR: 0.000100 | Train Loss: 0.008004 (Data: 0.00799, Mono: 0.00002) | Val MSE: 0.000136 (RMSE: 0.0116) [BEST]
2026-09-13 13:47:13,098 - INFO - Epoch [  36/2000] LR: 0.000100 | Train Loss: 0.007966 (Data: 0.00796, Mono: 0.00002) | Val MSE: 0.000136 (RMSE: 0.0116) [BEST]
2026-09-13 13:47:13,247 - INFO - Epoch [  40/2000] LR: 0.000100 | Train Loss: 0.007828 (Data: 0.00782, Mono: 0.00002) | Val MSE: 0.000136 (RMSE: 0.0117) 
2026-09-13 13:47:13,603 - INFO - Epoch [  49/2000] LR: 0.000100 | Train Loss: 0.007965 (Data: 0.00796, Mono: 0.00002) | Val MSE: 0.000135 (RMSE: 0.0116) [BEST]
2026-09-13 13:47:13,652 - INFO - Epoch [  50/2000] LR: 0.000100 | Train Loss: 0.007804 (Data: 0.00779, Mono: 0.00002) | Val MSE: 0.000134 (RMSE: 0.0116) [BEST]
2026-09-13 13:47:14,033 - INFO - Epoch [  60/2000] LR: 0.000100 | Train Loss: 0.007732 (Data: 0.00772, Mono: 0.00002) | Val MSE: 0.000134 (RMSE: 0.0116) [BEST]
2026-09-13 13:47:14,077 - INFO - Epoch [  61/2000] LR: 0.000100 | Train Loss: 0.007611 (Data: 0.00760, Mono: 0.00002) | Val MSE: 0.000134 (RMSE: 0.0116) [BEST]
2026-09-13 13:47:14,133 - INFO - Epoch [  62/2000] LR: 0.000100 | Train Loss: 0.007862 (Data: 0.00785, Mono: 0.00002) | Val MSE: 0.000134 (RMSE: 0.0116) [BEST]
2026-09-13 13:47:14,181 - INFO - Epoch [  63/2000] LR: 0.000100 | Train Loss: 0.007973 (Data: 0.00796, Mono: 0.00002) | Val MSE: 0.000133 (RMSE: 0.0116) [BEST]
2026-09-13 13:47:14,433 - INFO - Epoch [  70/2000] LR: 0.000100 | Train Loss: 0.007703 (Data: 0.00769, Mono: 0.00002) | Val MSE: 0.000136 (RMSE: 0.0117) 
2026-09-13 13:47:14,483 - INFO - Epoch [  71/2000] LR: 0.000100 | Train Loss: 0.007653 (Data: 0.00764, Mono: 0.00002) | Val MSE: 0.000133 (RMSE: 0.0115) [BEST]
2026-09-13 13:47:14,523 - INFO - Epoch [  72/2000] LR: 0.000100 | Train Loss: 0.007863 (Data: 0.00785, Mono: 0.00002) | Val MSE: 0.000132 (RMSE: 0.0115) [BEST]
2026-09-13 13:47:14,567 - INFO - Epoch [  73/2000] LR: 0.000100 | Train Loss: 0.007604 (Data: 0.00759, Mono: 0.00002) | Val MSE: 0.000131 (RMSE: 0.0114) [BEST]
2026-09-13 13:47:14,835 - INFO - Epoch [  80/2000] LR: 0.000100 | Train Loss: 0.007703 (Data: 0.00769, Mono: 0.00002) | Val MSE: 0.000134 (RMSE: 0.0116) 
2026-09-13 13:47:15,224 - INFO - Epoch [  90/2000] LR: 0.000100 | Train Loss: 0.007396 (Data: 0.00739, Mono: 0.00002) | Val MSE: 0.000134 (RMSE: 0.0116) 
2026-09-13 13:47:15,309 - INFO - Epoch [  92/2000] LR: 0.000100 | Train Loss: 0.007421 (Data: 0.00741, Mono: 0.00002) | Val MSE: 0.000131 (RMSE: 0.0114) [BEST]
2026-09-13 13:47:15,354 - INFO - Epoch [  93/2000] LR: 0.000100 | Train Loss: 0.007293 (Data: 0.00728, Mono: 0.00002) | Val MSE: 0.000130 (RMSE: 0.0114) [BEST]
2026-09-13 13:47:15,623 - INFO - Epoch [ 100/2000] LR: 0.000100 | Train Loss: 0.007342 (Data: 0.00733, Mono: 0.00002) | Val MSE: 0.000140 (RMSE: 0.0118) 
2026-09-13 13:47:16,010 - INFO - Epoch [ 110/2000] LR: 0.000100 | Train Loss: 0.007347 (Data: 0.00734, Mono: 0.00002) | Val MSE: 0.000134 (RMSE: 0.0116) 
2026-09-13 13:47:16,391 - INFO - Epoch [ 120/2000] LR: 0.000099 | Train Loss: 0.007114 (Data: 0.00711, Mono: 0.00002) | Val MSE: 0.000132 (RMSE: 0.0115) 
2026-09-13 13:47:16,773 - INFO - Epoch [ 130/2000] LR: 0.000099 | Train Loss: 0.007032 (Data: 0.00702, Mono: 0.00002) | Val MSE: 0.000138 (RMSE: 0.0118) 
2026-09-13 13:47:17,008 - INFO - Epoch [ 136/2000] LR: 0.000099 | Train Loss: 0.006738 (Data: 0.00673, Mono: 0.00002) | Val MSE: 0.000128 (RMSE: 0.0113) [BEST]
2026-09-13 13:47:17,131 - INFO - Epoch [ 139/2000] LR: 0.000099 | Train Loss: 0.006814 (Data: 0.00680, Mono: 0.00002) | Val MSE: 0.000128 (RMSE: 0.0113) [BEST]
2026-09-13 13:47:17,176 - INFO - Epoch [ 140/2000] LR: 0.000099 | Train Loss: 0.006836 (Data: 0.00683, Mono: 0.00002) | Val MSE: 0.000135 (RMSE: 0.0116) 
2026-09-13 13:47:17,547 - INFO - Epoch [ 150/2000] LR: 0.000099 | Train Loss: 0.006654 (Data: 0.00664, Mono: 0.00002) | Val MSE: 0.000138 (RMSE: 0.0118) 
2026-09-13 13:47:17,698 - INFO - Epoch [ 154/2000] LR: 0.000099 | Train Loss: 0.006623 (Data: 0.00661, Mono: 0.00002) | Val MSE: 0.000128 (RMSE: 0.0113) [BEST]
2026-09-13 13:47:17,738 - INFO - Epoch [ 155/2000] LR: 0.000099 | Train Loss: 0.006588 (Data: 0.00658, Mono: 0.00002) | Val MSE: 0.000127 (RMSE: 0.0113) [BEST]
2026-09-13 13:47:17,779 - INFO - Epoch [ 156/2000] LR: 0.000099 | Train Loss: 0.006514 (Data: 0.00651, Mono: 0.00002) | Val MSE: 0.000126 (RMSE: 0.0112) [BEST]
2026-09-13 13:47:17,931 - INFO - Epoch [ 160/2000] LR: 0.000099 | Train Loss: 0.006491 (Data: 0.00648, Mono: 0.00002) | Val MSE: 0.000130 (RMSE: 0.0114) 
2026-09-13 13:47:18,299 - INFO - Epoch [ 170/2000] LR: 0.000099 | Train Loss: 0.006463 (Data: 0.00645, Mono: 0.00002) | Val MSE: 0.000148 (RMSE: 0.0121) 
2026-09-13 13:47:18,684 - INFO - Epoch [ 180/2000] LR: 0.000099 | Train Loss: 0.006550 (Data: 0.00654, Mono: 0.00002) | Val MSE: 0.000146 (RMSE: 0.0121) 
2026-09-13 13:47:19,085 - INFO - Epoch [ 190/2000] LR: 0.000098 | Train Loss: 0.006433 (Data: 0.00642, Mono: 0.00002) | Val MSE: 0.000140 (RMSE: 0.0118) 
2026-09-13 13:47:19,464 - INFO - Epoch [ 200/2000] LR: 0.000098 | Train Loss: 0.006052 (Data: 0.00604, Mono: 0.00002) | Val MSE: 0.000132 (RMSE: 0.0115) 
2026-09-13 13:47:19,849 - INFO - Epoch [ 210/2000] LR: 0.000098 | Train Loss: 0.005895 (Data: 0.00589, Mono: 0.00002) | Val MSE: 0.000130 (RMSE: 0.0114) 
2026-09-13 13:47:20,230 - INFO - Epoch [ 220/2000] LR: 0.000098 | Train Loss: 0.005873 (Data: 0.00586, Mono: 0.00002) | Val MSE: 0.000155 (RMSE: 0.0125) 
2026-09-13 13:47:20,612 - INFO - Epoch [ 230/2000] LR: 0.000098 | Train Loss: 0.005883 (Data: 0.00587, Mono: 0.00002) | Val MSE: 0.000130 (RMSE: 0.0114) 
2026-09-13 13:47:20,993 - INFO - Epoch [ 240/2000] LR: 0.000097 | Train Loss: 0.005581 (Data: 0.00557, Mono: 0.00002) | Val MSE: 0.000155 (RMSE: 0.0125) 
2026-09-13 13:47:21,374 - INFO - Epoch [ 250/2000] LR: 0.000097 | Train Loss: 0.005514 (Data: 0.00551, Mono: 0.00002) | Val MSE: 0.000135 (RMSE: 0.0116) 
2026-09-13 13:47:21,749 - INFO - Epoch [ 260/2000] LR: 0.000097 | Train Loss: 0.005489 (Data: 0.00548, Mono: 0.00002) | Val MSE: 0.000143 (RMSE: 0.0120) 
2026-09-13 13:47:22,122 - INFO - Epoch [ 270/2000] LR: 0.000096 | Train Loss: 0.005356 (Data: 0.00535, Mono: 0.00002) | Val MSE: 0.000148 (RMSE: 0.0122) 
2026-09-13 13:47:22,515 - INFO - Epoch [ 280/2000] LR: 0.000096 | Train Loss: 0.005413 (Data: 0.00541, Mono: 0.00002) | Val MSE: 0.000148 (RMSE: 0.0122) 
2026-09-13 13:47:22,887 - INFO - Epoch [ 290/2000] LR: 0.000096 | Train Loss: 0.005241 (Data: 0.00523, Mono: 0.00002) | Val MSE: 0.000136 (RMSE: 0.0116) 
2026-09-13 13:47:23,266 - INFO - Epoch [ 300/2000] LR: 0.000096 | Train Loss: 0.005220 (Data: 0.00521, Mono: 0.00002) | Val MSE: 0.000143 (RMSE: 0.0120) 
2026-09-13 13:47:23,667 - INFO - Epoch [ 310/2000] LR: 0.000095 | Train Loss: 0.005105 (Data: 0.00510, Mono: 0.00002) | Val MSE: 0.000173 (RMSE: 0.0131) 
2026-09-13 13:47:24,039 - INFO - Epoch [ 320/2000] LR: 0.000095 | Train Loss: 0.005066 (Data: 0.00506, Mono: 0.00002) | Val MSE: 0.000137 (RMSE: 0.0117) 
2026-09-13 13:47:24,439 - INFO - Epoch [ 330/2000] LR: 0.000094 | Train Loss: 0.004831 (Data: 0.00482, Mono: 0.00002) | Val MSE: 0.000163 (RMSE: 0.0128) 
2026-09-13 13:47:24,833 - INFO - Epoch [ 340/2000] LR: 0.000094 | Train Loss: 0.004904 (Data: 0.00490, Mono: 0.00002) | Val MSE: 0.000144 (RMSE: 0.0120) 
2026-09-13 13:47:25,241 - INFO - Epoch [ 350/2000] LR: 0.000094 | Train Loss: 0.004798 (Data: 0.00479, Mono: 0.00002) | Val MSE: 0.000143 (RMSE: 0.0119) 
2026-09-13 13:47:25,467 - INFO - [*] Early stopping triggered at epoch 356. Best epoch was 156 with Val MSE: 0.000126
2026-09-13 13:47:25,467 - INFO - Training completed in 13.82s. Loading best checkpoint from epoch 156 for final test evaluation...
2026-09-13 13:47:25,494 - INFO - ==================================================
2026-09-13 13:47:25,494 - INFO - Test Results for [XJTU] - [Sim_satellite] (Best Epoch 156):
2026-09-13 13:47:25,494 - INFO -   Test RMSE: 0.017261
2026-09-13 13:47:25,494 - INFO -   Test MAE:  0.014849
2026-09-13 13:47:25,494 - INFO -   Test MAPE: 1.549682
2026-09-13 13:47:25,494 - INFO -   Test MSE:  0.000298
2026-09-13 13:47:25,494 - INFO - ==================================================
2026-09-13 14:53:20,682 - INFO - ==================================================
2026-09-13 14:53:20,682 - INFO - Starting FusionMLP Training for [XJTU] - [Sim_satellite]
2026-09-13 14:53:20,682 - INFO - Device: cuda | Epochs: 2000 | LR: 0.000100 | Mono Weight: 0.4000 | Knee Feature: True
2026-09-13 14:53:20,682 - INFO - ==================================================
2026-09-13 14:53:20,760 - INFO - Data Splits: Train=5, Val=1, Test=2
2026-09-13 14:53:20,815 - INFO - Epoch [   1/2000] LR: 0.006063 | Train Loss: 0.928759 (Data: 0.92875, Mono: 0.00003) | Val MSE: 0.875642 (RMSE: 0.9358) [BEST]
2026-09-13 14:53:20,864 - INFO - Epoch [   2/2000] LR: 0.005857 | Train Loss: 0.427975 (Data: 0.42796, Mono: 0.00003) | Val MSE: 0.357177 (RMSE: 0.5976) [BEST]
2026-09-13 14:53:20,905 - INFO - Epoch [   3/2000] LR: 0.005651 | Train Loss: 0.229578 (Data: 0.22956, Mono: 0.00004) | Val MSE: 0.139774 (RMSE: 0.3739) [BEST]
2026-09-13 14:53:20,946 - INFO - Epoch [   4/2000] LR: 0.005446 | Train Loss: 0.150284 (Data: 0.15027, Mono: 0.00003) | Val MSE: 0.002341 (RMSE: 0.0484) [BEST]
2026-09-13 14:53:21,141 - INFO - Epoch [   9/2000] LR: 0.004418 | Train Loss: 0.019644 (Data: 0.01963, Mono: 0.00003) | Val MSE: 0.000225 (RMSE: 0.0150) [BEST]
2026-09-13 14:53:21,179 - INFO - Epoch [  10/2000] LR: 0.004212 | Train Loss: 0.014413 (Data: 0.01440, Mono: 0.00003) | Val MSE: 0.005060 (RMSE: 0.0711) 
2026-09-13 14:53:21,293 - INFO - Epoch [  13/2000] LR: 0.003595 | Train Loss: 0.011619 (Data: 0.01161, Mono: 0.00003) | Val MSE: 0.000223 (RMSE: 0.0149) [BEST]
2026-09-13 14:53:21,367 - INFO - Epoch [  15/2000] LR: 0.003184 | Train Loss: 0.010208 (Data: 0.01020, Mono: 0.00003) | Val MSE: 0.000073 (RMSE: 0.0086) [BEST]
2026-09-13 14:53:21,554 - INFO - Epoch [  20/2000] LR: 0.002156 | Train Loss: 0.008590 (Data: 0.00858, Mono: 0.00003) | Val MSE: 0.000107 (RMSE: 0.0104) 
2026-09-13 14:53:21,926 - INFO - Epoch [  30/2000] LR: 0.000100 | Train Loss: 0.007654 (Data: 0.00764, Mono: 0.00002) | Val MSE: 0.000093 (RMSE: 0.0096) 
2026-09-13 14:53:22,302 - INFO - Epoch [  40/2000] LR: 0.000100 | Train Loss: 0.007776 (Data: 0.00777, Mono: 0.00002) | Val MSE: 0.000086 (RMSE: 0.0093) 
2026-09-13 14:53:22,693 - INFO - Epoch [  50/2000] LR: 0.000100 | Train Loss: 0.007732 (Data: 0.00772, Mono: 0.00002) | Val MSE: 0.000093 (RMSE: 0.0096) 
2026-09-13 14:53:23,071 - INFO - Epoch [  60/2000] LR: 0.000100 | Train Loss: 0.007531 (Data: 0.00752, Mono: 0.00002) | Val MSE: 0.000086 (RMSE: 0.0093) 
2026-09-13 14:53:23,438 - INFO - Epoch [  70/2000] LR: 0.000100 | Train Loss: 0.007265 (Data: 0.00726, Mono: 0.00002) | Val MSE: 0.000086 (RMSE: 0.0093) 
2026-09-13 14:53:23,825 - INFO - Epoch [  80/2000] LR: 0.000100 | Train Loss: 0.007203 (Data: 0.00719, Mono: 0.00002) | Val MSE: 0.000089 (RMSE: 0.0094) 
2026-09-13 14:53:24,201 - INFO - Epoch [  90/2000] LR: 0.000100 | Train Loss: 0.007314 (Data: 0.00730, Mono: 0.00002) | Val MSE: 0.000084 (RMSE: 0.0092) 
2026-09-13 14:53:24,578 - INFO - Epoch [ 100/2000] LR: 0.000100 | Train Loss: 0.007105 (Data: 0.00710, Mono: 0.00002) | Val MSE: 0.000087 (RMSE: 0.0093) 
2026-09-13 14:53:24,947 - INFO - Epoch [ 110/2000] LR: 0.000100 | Train Loss: 0.007137 (Data: 0.00713, Mono: 0.00002) | Val MSE: 0.000084 (RMSE: 0.0092) 
2026-09-13 14:53:25,324 - INFO - Epoch [ 120/2000] LR: 0.000099 | Train Loss: 0.006712 (Data: 0.00670, Mono: 0.00002) | Val MSE: 0.000085 (RMSE: 0.0092) 
2026-09-13 14:53:25,696 - INFO - Epoch [ 130/2000] LR: 0.000099 | Train Loss: 0.006814 (Data: 0.00680, Mono: 0.00002) | Val MSE: 0.000087 (RMSE: 0.0093) 
2026-09-13 14:53:26,064 - INFO - Epoch [ 140/2000] LR: 0.000099 | Train Loss: 0.006603 (Data: 0.00659, Mono: 0.00002) | Val MSE: 0.000087 (RMSE: 0.0093) 
2026-09-13 14:53:26,438 - INFO - Epoch [ 150/2000] LR: 0.000099 | Train Loss: 0.006417 (Data: 0.00641, Mono: 0.00002) | Val MSE: 0.000085 (RMSE: 0.0092) 
2026-09-13 14:53:26,800 - INFO - Epoch [ 160/2000] LR: 0.000099 | Train Loss: 0.006293 (Data: 0.00628, Mono: 0.00002) | Val MSE: 0.000085 (RMSE: 0.0092) 
2026-09-13 14:53:27,194 - INFO - Epoch [ 170/2000] LR: 0.000099 | Train Loss: 0.006173 (Data: 0.00616, Mono: 0.00002) | Val MSE: 0.000086 (RMSE: 0.0093) 
2026-09-13 14:53:27,575 - INFO - Epoch [ 180/2000] LR: 0.000099 | Train Loss: 0.006151 (Data: 0.00614, Mono: 0.00002) | Val MSE: 0.000088 (RMSE: 0.0094) 
2026-09-13 14:53:27,953 - INFO - Epoch [ 190/2000] LR: 0.000098 | Train Loss: 0.006087 (Data: 0.00608, Mono: 0.00002) | Val MSE: 0.000086 (RMSE: 0.0093) 
2026-09-13 14:53:28,345 - INFO - Epoch [ 200/2000] LR: 0.000098 | Train Loss: 0.005861 (Data: 0.00585, Mono: 0.00002) | Val MSE: 0.000078 (RMSE: 0.0088) 
2026-09-13 14:53:28,730 - INFO - Epoch [ 210/2000] LR: 0.000098 | Train Loss: 0.005663 (Data: 0.00566, Mono: 0.00002) | Val MSE: 0.000080 (RMSE: 0.0089) 
2026-09-13 14:53:29,106 - INFO - Epoch [ 220/2000] LR: 0.000098 | Train Loss: 0.005719 (Data: 0.00571, Mono: 0.00002) | Val MSE: 0.000085 (RMSE: 0.0092) 
2026-09-13 14:53:29,505 - INFO - Epoch [ 230/2000] LR: 0.000098 | Train Loss: 0.005459 (Data: 0.00545, Mono: 0.00002) | Val MSE: 0.000085 (RMSE: 0.0092) 
2026-09-13 14:53:29,883 - INFO - Epoch [ 240/2000] LR: 0.000097 | Train Loss: 0.005540 (Data: 0.00553, Mono: 0.00002) | Val MSE: 0.000085 (RMSE: 0.0092) 
2026-09-13 14:53:30,297 - INFO - Epoch [ 250/2000] LR: 0.000097 | Train Loss: 0.005419 (Data: 0.00541, Mono: 0.00002) | Val MSE: 0.000078 (RMSE: 0.0089) 
2026-09-13 14:53:30,683 - INFO - Epoch [ 260/2000] LR: 0.000097 | Train Loss: 0.005385 (Data: 0.00538, Mono: 0.00002) | Val MSE: 0.000079 (RMSE: 0.0089) 
2026-09-13 14:53:31,065 - INFO - Epoch [ 270/2000] LR: 0.000096 | Train Loss: 0.005017 (Data: 0.00501, Mono: 0.00002) | Val MSE: 0.000081 (RMSE: 0.0090) 
2026-09-13 14:53:31,451 - INFO - Epoch [ 280/2000] LR: 0.000096 | Train Loss: 0.005029 (Data: 0.00502, Mono: 0.00002) | Val MSE: 0.000081 (RMSE: 0.0090) 
2026-09-13 14:53:31,839 - INFO - Epoch [ 290/2000] LR: 0.000096 | Train Loss: 0.005089 (Data: 0.00508, Mono: 0.00002) | Val MSE: 0.000083 (RMSE: 0.0091) 
2026-09-13 14:53:32,229 - INFO - Epoch [ 300/2000] LR: 0.000096 | Train Loss: 0.004904 (Data: 0.00490, Mono: 0.00002) | Val MSE: 0.000080 (RMSE: 0.0089) 
2026-09-13 14:53:32,608 - INFO - Epoch [ 310/2000] LR: 0.000095 | Train Loss: 0.004903 (Data: 0.00489, Mono: 0.00002) | Val MSE: 0.000086 (RMSE: 0.0093) 
2026-09-13 14:53:32,997 - INFO - Epoch [ 320/2000] LR: 0.000095 | Train Loss: 0.004751 (Data: 0.00474, Mono: 0.00002) | Val MSE: 0.000077 (RMSE: 0.0088) 
2026-09-13 14:53:33,397 - INFO - Epoch [ 330/2000] LR: 0.000094 | Train Loss: 0.004704 (Data: 0.00470, Mono: 0.00002) | Val MSE: 0.000084 (RMSE: 0.0092) 
2026-09-13 14:53:33,786 - INFO - Epoch [ 340/2000] LR: 0.000094 | Train Loss: 0.004510 (Data: 0.00450, Mono: 0.00002) | Val MSE: 0.000082 (RMSE: 0.0090) 
2026-09-13 14:53:34,186 - INFO - Epoch [ 350/2000] LR: 0.000094 | Train Loss: 0.004562 (Data: 0.00455, Mono: 0.00002) | Val MSE: 0.000080 (RMSE: 0.0090) 
2026-09-13 14:53:34,567 - INFO - Epoch [ 360/2000] LR: 0.000093 | Train Loss: 0.004436 (Data: 0.00443, Mono: 0.00002) | Val MSE: 0.000086 (RMSE: 0.0093) 
2026-09-13 14:53:34,968 - INFO - Epoch [ 370/2000] LR: 0.000093 | Train Loss: 0.004329 (Data: 0.00432, Mono: 0.00002) | Val MSE: 0.000082 (RMSE: 0.0091) 
2026-09-13 14:53:35,360 - INFO - Epoch [ 380/2000] LR: 0.000093 | Train Loss: 0.004223 (Data: 0.00422, Mono: 0.00002) | Val MSE: 0.000084 (RMSE: 0.0092) 
2026-09-13 14:53:35,730 - INFO - Epoch [ 390/2000] LR: 0.000092 | Train Loss: 0.004201 (Data: 0.00419, Mono: 0.00002) | Val MSE: 0.000085 (RMSE: 0.0092) 
2026-09-13 14:53:36,107 - INFO - Epoch [ 400/2000] LR: 0.000092 | Train Loss: 0.004058 (Data: 0.00405, Mono: 0.00002) | Val MSE: 0.000084 (RMSE: 0.0092) 
2026-09-13 14:53:36,487 - INFO - Epoch [ 410/2000] LR: 0.000091 | Train Loss: 0.004058 (Data: 0.00405, Mono: 0.00002) | Val MSE: 0.000087 (RMSE: 0.0093) 
2026-09-13 14:53:36,868 - INFO - Epoch [ 420/2000] LR: 0.000091 | Train Loss: 0.004106 (Data: 0.00410, Mono: 0.00002) | Val MSE: 0.000084 (RMSE: 0.0092) 
2026-09-13 14:53:37,248 - INFO - Epoch [ 430/2000] LR: 0.000090 | Train Loss: 0.003899 (Data: 0.00389, Mono: 0.00002) | Val MSE: 0.000088 (RMSE: 0.0094) 
2026-09-13 14:53:37,630 - INFO - Epoch [ 440/2000] LR: 0.000090 | Train Loss: 0.003825 (Data: 0.00382, Mono: 0.00002) | Val MSE: 0.000089 (RMSE: 0.0094) 
2026-09-13 14:53:38,014 - INFO - Epoch [ 450/2000] LR: 0.000089 | Train Loss: 0.003832 (Data: 0.00383, Mono: 0.00002) | Val MSE: 0.000093 (RMSE: 0.0096) 
2026-09-13 14:53:38,387 - INFO - Epoch [ 460/2000] LR: 0.000089 | Train Loss: 0.003740 (Data: 0.00373, Mono: 0.00002) | Val MSE: 0.000086 (RMSE: 0.0093) 
2026-09-13 14:53:38,781 - INFO - Epoch [ 470/2000] LR: 0.000088 | Train Loss: 0.003668 (Data: 0.00366, Mono: 0.00002) | Val MSE: 0.000085 (RMSE: 0.0092) 
2026-09-13 14:53:39,162 - INFO - Epoch [ 480/2000] LR: 0.000088 | Train Loss: 0.003660 (Data: 0.00365, Mono: 0.00002) | Val MSE: 0.000094 (RMSE: 0.0097) 
2026-09-13 14:53:39,546 - INFO - Epoch [ 490/2000] LR: 0.000087 | Train Loss: 0.003609 (Data: 0.00360, Mono: 0.00002) | Val MSE: 0.000089 (RMSE: 0.0095) 
2026-09-13 14:53:39,919 - INFO - Epoch [ 500/2000] LR: 0.000087 | Train Loss: 0.003550 (Data: 0.00354, Mono: 0.00002) | Val MSE: 0.000090 (RMSE: 0.0095) 
2026-09-13 14:53:40,309 - INFO - Epoch [ 510/2000] LR: 0.000086 | Train Loss: 0.003436 (Data: 0.00343, Mono: 0.00002) | Val MSE: 0.000090 (RMSE: 0.0095) 
2026-09-13 14:53:40,692 - INFO - Epoch [ 520/2000] LR: 0.000086 | Train Loss: 0.003341 (Data: 0.00334, Mono: 0.00002) | Val MSE: 0.000088 (RMSE: 0.0094) 
2026-09-13 14:53:41,077 - INFO - Epoch [ 530/2000] LR: 0.000085 | Train Loss: 0.003477 (Data: 0.00347, Mono: 0.00002) | Val MSE: 0.000089 (RMSE: 0.0094) 
2026-09-13 14:53:41,456 - INFO - Epoch [ 540/2000] LR: 0.000085 | Train Loss: 0.003410 (Data: 0.00340, Mono: 0.00002) | Val MSE: 0.000094 (RMSE: 0.0097) 
2026-09-13 14:53:41,844 - INFO - Epoch [ 550/2000] LR: 0.000084 | Train Loss: 0.003336 (Data: 0.00333, Mono: 0.00002) | Val MSE: 0.000092 (RMSE: 0.0096) 
2026-09-13 14:53:42,220 - INFO - Epoch [ 560/2000] LR: 0.000083 | Train Loss: 0.003301 (Data: 0.00329, Mono: 0.00001) | Val MSE: 0.000092 (RMSE: 0.0096) 
2026-09-13 14:53:42,608 - INFO - Epoch [ 570/2000] LR: 0.000083 | Train Loss: 0.003292 (Data: 0.00329, Mono: 0.00001) | Val MSE: 0.000091 (RMSE: 0.0096) 
2026-09-13 14:53:43,000 - INFO - Epoch [ 580/2000] LR: 0.000082 | Train Loss: 0.003138 (Data: 0.00313, Mono: 0.00001) | Val MSE: 0.000106 (RMSE: 0.0103) 
2026-09-13 14:53:43,395 - INFO - Epoch [ 590/2000] LR: 0.000082 | Train Loss: 0.003050 (Data: 0.00304, Mono: 0.00002) | Val MSE: 0.000099 (RMSE: 0.0100) 
2026-09-13 14:53:43,787 - INFO - Epoch [ 600/2000] LR: 0.000081 | Train Loss: 0.003080 (Data: 0.00307, Mono: 0.00002) | Val MSE: 0.000095 (RMSE: 0.0098) 
2026-09-13 14:53:44,168 - INFO - Epoch [ 610/2000] LR: 0.000080 | Train Loss: 0.002961 (Data: 0.00296, Mono: 0.00001) | Val MSE: 0.000098 (RMSE: 0.0099) 
2026-09-13 14:53:44,592 - INFO - Epoch [ 620/2000] LR: 0.000080 | Train Loss: 0.003043 (Data: 0.00304, Mono: 0.00002) | Val MSE: 0.000097 (RMSE: 0.0099) 
2026-09-13 14:53:44,976 - INFO - Epoch [ 630/2000] LR: 0.000079 | Train Loss: 0.002965 (Data: 0.00296, Mono: 0.00002) | Val MSE: 0.000101 (RMSE: 0.0100) 
2026-09-13 14:53:45,368 - INFO - Epoch [ 640/2000] LR: 0.000078 | Train Loss: 0.002963 (Data: 0.00296, Mono: 0.00002) | Val MSE: 0.000100 (RMSE: 0.0100) 
2026-09-13 14:53:45,770 - INFO - Epoch [ 650/2000] LR: 0.000078 | Train Loss: 0.002969 (Data: 0.00296, Mono: 0.00002) | Val MSE: 0.000099 (RMSE: 0.0100) 
2026-09-13 14:53:46,159 - INFO - Epoch [ 660/2000] LR: 0.000077 | Train Loss: 0.002997 (Data: 0.00299, Mono: 0.00001) | Val MSE: 0.000099 (RMSE: 0.0100) 
2026-09-13 14:53:46,547 - INFO - Epoch [ 670/2000] LR: 0.000077 | Train Loss: 0.002804 (Data: 0.00280, Mono: 0.00001) | Val MSE: 0.000098 (RMSE: 0.0099) 
2026-09-13 14:53:46,947 - INFO - Epoch [ 680/2000] LR: 0.000076 | Train Loss: 0.002845 (Data: 0.00284, Mono: 0.00001) | Val MSE: 0.000102 (RMSE: 0.0101) 
2026-09-13 14:53:47,341 - INFO - Epoch [ 690/2000] LR: 0.000075 | Train Loss: 0.002929 (Data: 0.00292, Mono: 0.00001) | Val MSE: 0.000105 (RMSE: 0.0102) 
2026-09-13 14:53:47,747 - INFO - Epoch [ 700/2000] LR: 0.000074 | Train Loss: 0.002707 (Data: 0.00270, Mono: 0.00001) | Val MSE: 0.000101 (RMSE: 0.0101) 
2026-09-13 14:53:48,129 - INFO - Epoch [ 710/2000] LR: 0.000074 | Train Loss: 0.002718 (Data: 0.00271, Mono: 0.00001) | Val MSE: 0.000103 (RMSE: 0.0101) 
2026-09-13 14:53:48,523 - INFO - Epoch [ 720/2000] LR: 0.000073 | Train Loss: 0.002592 (Data: 0.00259, Mono: 0.00001) | Val MSE: 0.000103 (RMSE: 0.0102) 
2026-09-13 14:53:48,918 - INFO - Epoch [ 730/2000] LR: 0.000072 | Train Loss: 0.002630 (Data: 0.00262, Mono: 0.00001) | Val MSE: 0.000108 (RMSE: 0.0104) 
2026-09-13 14:53:49,306 - INFO - Epoch [ 740/2000] LR: 0.000072 | Train Loss: 0.002634 (Data: 0.00263, Mono: 0.00001) | Val MSE: 0.000108 (RMSE: 0.0104) 
2026-09-13 14:53:49,696 - INFO - Epoch [ 750/2000] LR: 0.000071 | Train Loss: 0.002601 (Data: 0.00259, Mono: 0.00001) | Val MSE: 0.000117 (RMSE: 0.0108) 
2026-09-13 14:53:50,084 - INFO - Epoch [ 760/2000] LR: 0.000070 | Train Loss: 0.002595 (Data: 0.00259, Mono: 0.00001) | Val MSE: 0.000109 (RMSE: 0.0104) 
2026-09-13 14:53:50,467 - INFO - Epoch [ 770/2000] LR: 0.000070 | Train Loss: 0.002673 (Data: 0.00267, Mono: 0.00001) | Val MSE: 0.000112 (RMSE: 0.0106) 
2026-09-13 14:53:50,856 - INFO - Epoch [ 780/2000] LR: 0.000069 | Train Loss: 0.002550 (Data: 0.00254, Mono: 0.00001) | Val MSE: 0.000108 (RMSE: 0.0104) 
2026-09-13 14:53:51,235 - INFO - Epoch [ 790/2000] LR: 0.000068 | Train Loss: 0.002597 (Data: 0.00259, Mono: 0.00001) | Val MSE: 0.000112 (RMSE: 0.0106) 
2026-09-13 14:53:51,615 - INFO - Epoch [ 800/2000] LR: 0.000067 | Train Loss: 0.002540 (Data: 0.00253, Mono: 0.00001) | Val MSE: 0.000110 (RMSE: 0.0105) 
2026-09-13 14:53:52,001 - INFO - Epoch [ 810/2000] LR: 0.000067 | Train Loss: 0.002442 (Data: 0.00244, Mono: 0.00001) | Val MSE: 0.000112 (RMSE: 0.0106) 
2026-09-13 14:53:52,387 - INFO - Epoch [ 820/2000] LR: 0.000066 | Train Loss: 0.002520 (Data: 0.00251, Mono: 0.00002) | Val MSE: 0.000122 (RMSE: 0.0110) 
2026-09-13 14:53:52,774 - INFO - Epoch [ 830/2000] LR: 0.000065 | Train Loss: 0.002431 (Data: 0.00243, Mono: 0.00001) | Val MSE: 0.000112 (RMSE: 0.0106) 
2026-09-13 14:53:53,161 - INFO - Epoch [ 840/2000] LR: 0.000064 | Train Loss: 0.002443 (Data: 0.00244, Mono: 0.00001) | Val MSE: 0.000119 (RMSE: 0.0109) 
2026-09-13 14:53:53,538 - INFO - Epoch [ 850/2000] LR: 0.000064 | Train Loss: 0.002479 (Data: 0.00247, Mono: 0.00001) | Val MSE: 0.000123 (RMSE: 0.0111) 
2026-09-13 14:53:53,930 - INFO - Epoch [ 860/2000] LR: 0.000063 | Train Loss: 0.002447 (Data: 0.00244, Mono: 0.00001) | Val MSE: 0.000111 (RMSE: 0.0105) 
2026-09-13 14:53:54,313 - INFO - Epoch [ 870/2000] LR: 0.000062 | Train Loss: 0.002342 (Data: 0.00234, Mono: 0.00001) | Val MSE: 0.000121 (RMSE: 0.0110) 
2026-09-13 14:53:54,708 - INFO - Epoch [ 880/2000] LR: 0.000061 | Train Loss: 0.002345 (Data: 0.00234, Mono: 0.00001) | Val MSE: 0.000120 (RMSE: 0.0110) 
2026-09-13 14:53:55,110 - INFO - Epoch [ 890/2000] LR: 0.000061 | Train Loss: 0.002388 (Data: 0.00238, Mono: 0.00001) | Val MSE: 0.000122 (RMSE: 0.0110) 
2026-09-13 14:53:55,502 - INFO - Epoch [ 900/2000] LR: 0.000060 | Train Loss: 0.002322 (Data: 0.00232, Mono: 0.00001) | Val MSE: 0.000121 (RMSE: 0.0110) 
2026-09-13 14:53:55,890 - INFO - Epoch [ 910/2000] LR: 0.000059 | Train Loss: 0.002323 (Data: 0.00232, Mono: 0.00001) | Val MSE: 0.000118 (RMSE: 0.0109) 
2026-09-13 14:53:56,277 - INFO - Epoch [ 920/2000] LR: 0.000058 | Train Loss: 0.002289 (Data: 0.00228, Mono: 0.00001) | Val MSE: 0.000115 (RMSE: 0.0107) 
2026-09-13 14:53:56,665 - INFO - Epoch [ 930/2000] LR: 0.000057 | Train Loss: 0.002240 (Data: 0.00223, Mono: 0.00001) | Val MSE: 0.000123 (RMSE: 0.0111) 
2026-09-13 14:53:57,033 - INFO - Epoch [ 940/2000] LR: 0.000057 | Train Loss: 0.002251 (Data: 0.00225, Mono: 0.00001) | Val MSE: 0.000127 (RMSE: 0.0113) 
2026-09-13 14:53:57,403 - INFO - Epoch [ 950/2000] LR: 0.000056 | Train Loss: 0.002233 (Data: 0.00223, Mono: 0.00001) | Val MSE: 0.000121 (RMSE: 0.0110) 
2026-09-13 14:53:57,767 - INFO - Epoch [ 960/2000] LR: 0.000055 | Train Loss: 0.002245 (Data: 0.00224, Mono: 0.00001) | Val MSE: 0.000130 (RMSE: 0.0114) 
2026-09-13 14:53:58,134 - INFO - Epoch [ 970/2000] LR: 0.000054 | Train Loss: 0.002209 (Data: 0.00220, Mono: 0.00001) | Val MSE: 0.000133 (RMSE: 0.0115) 
2026-09-13 14:53:58,495 - INFO - Epoch [ 980/2000] LR: 0.000054 | Train Loss: 0.002090 (Data: 0.00209, Mono: 0.00001) | Val MSE: 0.000128 (RMSE: 0.0113) 
2026-09-13 14:53:58,867 - INFO - Epoch [ 990/2000] LR: 0.000053 | Train Loss: 0.002150 (Data: 0.00215, Mono: 0.00001) | Val MSE: 0.000134 (RMSE: 0.0116) 
2026-09-13 14:53:59,234 - INFO - Epoch [1000/2000] LR: 0.000052 | Train Loss: 0.002130 (Data: 0.00213, Mono: 0.00001) | Val MSE: 0.000139 (RMSE: 0.0118) 
2026-09-13 14:53:59,596 - INFO - Epoch [1010/2000] LR: 0.000051 | Train Loss: 0.002138 (Data: 0.00213, Mono: 0.00001) | Val MSE: 0.000143 (RMSE: 0.0120) 
2026-09-13 14:53:59,975 - INFO - Epoch [1020/2000] LR: 0.000050 | Train Loss: 0.002143 (Data: 0.00214, Mono: 0.00001) | Val MSE: 0.000128 (RMSE: 0.0113) 
2026-09-13 14:54:00,341 - INFO - Epoch [1030/2000] LR: 0.000050 | Train Loss: 0.002184 (Data: 0.00218, Mono: 0.00001) | Val MSE: 0.000134 (RMSE: 0.0116) 
2026-09-13 14:54:00,719 - INFO - Epoch [1040/2000] LR: 0.000049 | Train Loss: 0.002110 (Data: 0.00210, Mono: 0.00001) | Val MSE: 0.000126 (RMSE: 0.0112) 
2026-09-13 14:54:01,085 - INFO - Epoch [1050/2000] LR: 0.000048 | Train Loss: 0.002090 (Data: 0.00208, Mono: 0.00001) | Val MSE: 0.000137 (RMSE: 0.0117) 
2026-09-13 14:54:01,450 - INFO - Epoch [1060/2000] LR: 0.000047 | Train Loss: 0.002041 (Data: 0.00204, Mono: 0.00001) | Val MSE: 0.000127 (RMSE: 0.0113) 
2026-09-13 14:54:01,828 - INFO - Epoch [1070/2000] LR: 0.000046 | Train Loss: 0.002082 (Data: 0.00208, Mono: 0.00001) | Val MSE: 0.000139 (RMSE: 0.0118) 
2026-09-13 14:54:02,194 - INFO - Epoch [1080/2000] LR: 0.000046 | Train Loss: 0.002072 (Data: 0.00207, Mono: 0.00001) | Val MSE: 0.000130 (RMSE: 0.0114) 
2026-09-13 14:54:02,560 - INFO - Epoch [1090/2000] LR: 0.000045 | Train Loss: 0.002018 (Data: 0.00201, Mono: 0.00001) | Val MSE: 0.000136 (RMSE: 0.0116) 
2026-09-13 14:54:02,920 - INFO - Epoch [1100/2000] LR: 0.000044 | Train Loss: 0.002021 (Data: 0.00202, Mono: 0.00001) | Val MSE: 0.000129 (RMSE: 0.0114) 
2026-09-13 14:54:03,295 - INFO - Epoch [1110/2000] LR: 0.000043 | Train Loss: 0.002054 (Data: 0.00205, Mono: 0.00001) | Val MSE: 0.000139 (RMSE: 0.0118) 
2026-09-13 14:54:03,664 - INFO - Epoch [1120/2000] LR: 0.000043 | Train Loss: 0.001998 (Data: 0.00199, Mono: 0.00001) | Val MSE: 0.000130 (RMSE: 0.0114) 
2026-09-13 14:54:04,042 - INFO - Epoch [1130/2000] LR: 0.000042 | Train Loss: 0.002040 (Data: 0.00204, Mono: 0.00001) | Val MSE: 0.000140 (RMSE: 0.0118) 
2026-09-13 14:54:04,407 - INFO - Epoch [1140/2000] LR: 0.000041 | Train Loss: 0.002021 (Data: 0.00202, Mono: 0.00001) | Val MSE: 0.000132 (RMSE: 0.0115) 
2026-09-13 14:54:04,799 - INFO - Epoch [1150/2000] LR: 0.000040 | Train Loss: 0.002022 (Data: 0.00202, Mono: 0.00001) | Val MSE: 0.000134 (RMSE: 0.0116) 
2026-09-13 14:54:05,170 - INFO - Epoch [1160/2000] LR: 0.000040 | Train Loss: 0.002031 (Data: 0.00203, Mono: 0.00001) | Val MSE: 0.000135 (RMSE: 0.0116) 
2026-09-13 14:54:05,539 - INFO - Epoch [1170/2000] LR: 0.000039 | Train Loss: 0.001989 (Data: 0.00198, Mono: 0.00001) | Val MSE: 0.000164 (RMSE: 0.0128) 
2026-09-13 14:54:05,914 - INFO - Epoch [1180/2000] LR: 0.000038 | Train Loss: 0.001954 (Data: 0.00195, Mono: 0.00001) | Val MSE: 0.000137 (RMSE: 0.0117) 
2026-09-13 14:54:06,282 - INFO - Epoch [1190/2000] LR: 0.000037 | Train Loss: 0.001945 (Data: 0.00194, Mono: 0.00001) | Val MSE: 0.000137 (RMSE: 0.0117) 
2026-09-13 14:54:06,656 - INFO - Epoch [1200/2000] LR: 0.000036 | Train Loss: 0.001946 (Data: 0.00194, Mono: 0.00001) | Val MSE: 0.000142 (RMSE: 0.0119) 
2026-09-13 14:54:07,079 - INFO - Epoch [1210/2000] LR: 0.000036 | Train Loss: 0.001896 (Data: 0.00189, Mono: 0.00001) | Val MSE: 0.000141 (RMSE: 0.0119) 
2026-09-13 14:54:07,491 - INFO - Epoch [1220/2000] LR: 0.000035 | Train Loss: 0.001894 (Data: 0.00189, Mono: 0.00001) | Val MSE: 0.000143 (RMSE: 0.0119) 
2026-09-13 14:54:07,902 - INFO - Epoch [1230/2000] LR: 0.000034 | Train Loss: 0.001944 (Data: 0.00194, Mono: 0.00001) | Val MSE: 0.000136 (RMSE: 0.0117) 
2026-09-13 14:54:08,317 - INFO - Epoch [1240/2000] LR: 0.000034 | Train Loss: 0.001895 (Data: 0.00189, Mono: 0.00001) | Val MSE: 0.000140 (RMSE: 0.0118) 
2026-09-13 14:54:08,727 - INFO - Epoch [1250/2000] LR: 0.000033 | Train Loss: 0.001915 (Data: 0.00191, Mono: 0.00001) | Val MSE: 0.000136 (RMSE: 0.0117) 
2026-09-13 14:54:09,150 - INFO - Epoch [1260/2000] LR: 0.000032 | Train Loss: 0.001941 (Data: 0.00194, Mono: 0.00001) | Val MSE: 0.000145 (RMSE: 0.0120) 
2026-09-13 14:54:09,565 - INFO - Epoch [1270/2000] LR: 0.000031 | Train Loss: 0.001867 (Data: 0.00186, Mono: 0.00001) | Val MSE: 0.000145 (RMSE: 0.0120) 
2026-09-13 14:54:09,977 - INFO - Epoch [1280/2000] LR: 0.000031 | Train Loss: 0.001933 (Data: 0.00193, Mono: 0.00001) | Val MSE: 0.000140 (RMSE: 0.0119) 
2026-09-13 14:54:10,396 - INFO - Epoch [1290/2000] LR: 0.000030 | Train Loss: 0.001906 (Data: 0.00190, Mono: 0.00001) | Val MSE: 0.000142 (RMSE: 0.0119) 
2026-09-13 14:54:10,819 - INFO - Epoch [1300/2000] LR: 0.000029 | Train Loss: 0.001861 (Data: 0.00186, Mono: 0.00001) | Val MSE: 0.000143 (RMSE: 0.0120) 
2026-09-13 14:54:11,230 - INFO - Epoch [1310/2000] LR: 0.000028 | Train Loss: 0.001893 (Data: 0.00189, Mono: 0.00001) | Val MSE: 0.000149 (RMSE: 0.0122) 
2026-09-13 14:54:11,651 - INFO - Epoch [1320/2000] LR: 0.000028 | Train Loss: 0.001850 (Data: 0.00185, Mono: 0.00001) | Val MSE: 0.000139 (RMSE: 0.0118) 
2026-09-13 14:54:12,066 - INFO - Epoch [1330/2000] LR: 0.000027 | Train Loss: 0.001880 (Data: 0.00188, Mono: 0.00001) | Val MSE: 0.000143 (RMSE: 0.0120) 
2026-09-13 14:54:12,474 - INFO - Epoch [1340/2000] LR: 0.000026 | Train Loss: 0.001871 (Data: 0.00187, Mono: 0.00001) | Val MSE: 0.000137 (RMSE: 0.0117) 
2026-09-13 14:54:12,901 - INFO - Epoch [1350/2000] LR: 0.000026 | Train Loss: 0.001846 (Data: 0.00184, Mono: 0.00001) | Val MSE: 0.000143 (RMSE: 0.0119) 
2026-09-13 14:54:13,316 - INFO - Epoch [1360/2000] LR: 0.000025 | Train Loss: 0.001874 (Data: 0.00187, Mono: 0.00001) | Val MSE: 0.000139 (RMSE: 0.0118) 
2026-09-13 14:54:13,734 - INFO - Epoch [1370/2000] LR: 0.000024 | Train Loss: 0.001822 (Data: 0.00182, Mono: 0.00001) | Val MSE: 0.000143 (RMSE: 0.0120) 
2026-09-13 14:54:14,146 - INFO - Epoch [1380/2000] LR: 0.000024 | Train Loss: 0.001847 (Data: 0.00184, Mono: 0.00001) | Val MSE: 0.000143 (RMSE: 0.0120) 
2026-09-13 14:54:14,551 - INFO - Epoch [1390/2000] LR: 0.000023 | Train Loss: 0.001810 (Data: 0.00180, Mono: 0.00001) | Val MSE: 0.000142 (RMSE: 0.0119) 
2026-09-13 14:54:14,972 - INFO - Epoch [1400/2000] LR: 0.000022 | Train Loss: 0.001854 (Data: 0.00185, Mono: 0.00001) | Val MSE: 0.000144 (RMSE: 0.0120) 
2026-09-13 14:54:15,390 - INFO - Epoch [1410/2000] LR: 0.000022 | Train Loss: 0.001761 (Data: 0.00176, Mono: 0.00001) | Val MSE: 0.000142 (RMSE: 0.0119) 
2026-09-13 14:54:15,832 - INFO - Epoch [1420/2000] LR: 0.000021 | Train Loss: 0.001805 (Data: 0.00180, Mono: 0.00001) | Val MSE: 0.000150 (RMSE: 0.0122) 
2026-09-13 14:54:16,255 - INFO - Epoch [1430/2000] LR: 0.000021 | Train Loss: 0.001815 (Data: 0.00181, Mono: 0.00001) | Val MSE: 0.000144 (RMSE: 0.0120) 
2026-09-13 14:54:16,673 - INFO - Epoch [1440/2000] LR: 0.000020 | Train Loss: 0.001806 (Data: 0.00180, Mono: 0.00001) | Val MSE: 0.000144 (RMSE: 0.0120) 
2026-09-13 14:54:17,093 - INFO - Epoch [1450/2000] LR: 0.000019 | Train Loss: 0.001781 (Data: 0.00178, Mono: 0.00001) | Val MSE: 0.000143 (RMSE: 0.0120) 
2026-09-13 14:54:17,513 - INFO - Epoch [1460/2000] LR: 0.000019 | Train Loss: 0.001761 (Data: 0.00176, Mono: 0.00001) | Val MSE: 0.000144 (RMSE: 0.0120) 
2026-09-13 14:54:17,936 - INFO - Epoch [1470/2000] LR: 0.000018 | Train Loss: 0.001814 (Data: 0.00181, Mono: 0.00001) | Val MSE: 0.000144 (RMSE: 0.0120) 
2026-09-13 14:54:18,381 - INFO - Epoch [1480/2000] LR: 0.000018 | Train Loss: 0.001837 (Data: 0.00183, Mono: 0.00001) | Val MSE: 0.000142 (RMSE: 0.0119) 
2026-09-13 14:54:18,823 - INFO - Epoch [1490/2000] LR: 0.000017 | Train Loss: 0.001774 (Data: 0.00177, Mono: 0.00001) | Val MSE: 0.000148 (RMSE: 0.0121) 
2026-09-13 14:54:19,245 - INFO - Epoch [1500/2000] LR: 0.000016 | Train Loss: 0.001775 (Data: 0.00177, Mono: 0.00001) | Val MSE: 0.000143 (RMSE: 0.0120) 
2026-09-13 14:54:19,682 - INFO - Epoch [1510/2000] LR: 0.000016 | Train Loss: 0.001789 (Data: 0.00179, Mono: 0.00001) | Val MSE: 0.000145 (RMSE: 0.0120) 
2026-09-13 14:54:20,158 - INFO - Epoch [1520/2000] LR: 0.000015 | Train Loss: 0.001807 (Data: 0.00180, Mono: 0.00001) | Val MSE: 0.000143 (RMSE: 0.0120) 
2026-09-13 14:54:20,616 - INFO - Epoch [1530/2000] LR: 0.000015 | Train Loss: 0.001853 (Data: 0.00185, Mono: 0.00001) | Val MSE: 0.000147 (RMSE: 0.0121) 
2026-09-13 14:54:21,100 - INFO - Epoch [1540/2000] LR: 0.000014 | Train Loss: 0.001763 (Data: 0.00176, Mono: 0.00001) | Val MSE: 0.000148 (RMSE: 0.0122) 
2026-09-13 14:54:21,569 - INFO - Epoch [1550/2000] LR: 0.000014 | Train Loss: 0.001770 (Data: 0.00177, Mono: 0.00001) | Val MSE: 0.000143 (RMSE: 0.0120) 
2026-09-13 14:54:22,053 - INFO - Epoch [1560/2000] LR: 0.000013 | Train Loss: 0.001743 (Data: 0.00174, Mono: 0.00001) | Val MSE: 0.000146 (RMSE: 0.0121) 
2026-09-13 14:54:22,516 - INFO - Epoch [1570/2000] LR: 0.000013 | Train Loss: 0.001748 (Data: 0.00174, Mono: 0.00001) | Val MSE: 0.000144 (RMSE: 0.0120) 
2026-09-13 14:54:23,000 - INFO - Epoch [1580/2000] LR: 0.000012 | Train Loss: 0.001773 (Data: 0.00177, Mono: 0.00001) | Val MSE: 0.000145 (RMSE: 0.0120) 
2026-09-13 14:54:23,461 - INFO - Epoch [1590/2000] LR: 0.000012 | Train Loss: 0.001756 (Data: 0.00175, Mono: 0.00001) | Val MSE: 0.000145 (RMSE: 0.0121) 
2026-09-13 14:54:23,928 - INFO - Epoch [1600/2000] LR: 0.000011 | Train Loss: 0.001749 (Data: 0.00174, Mono: 0.00001) | Val MSE: 0.000147 (RMSE: 0.0121) 
2026-09-13 14:54:24,382 - INFO - Epoch [1610/2000] LR: 0.000011 | Train Loss: 0.001749 (Data: 0.00174, Mono: 0.00001) | Val MSE: 0.000147 (RMSE: 0.0121) 
2026-09-13 14:54:24,857 - INFO - Epoch [1620/2000] LR: 0.000010 | Train Loss: 0.001731 (Data: 0.00173, Mono: 0.00001) | Val MSE: 0.000145 (RMSE: 0.0120) 
2026-09-13 14:54:25,298 - INFO - Epoch [1630/2000] LR: 0.000010 | Train Loss: 0.001740 (Data: 0.00174, Mono: 0.00001) | Val MSE: 0.000148 (RMSE: 0.0122) 
2026-09-13 14:54:25,709 - INFO - Epoch [1640/2000] LR: 0.000009 | Train Loss: 0.001771 (Data: 0.00177, Mono: 0.00001) | Val MSE: 0.000147 (RMSE: 0.0121) 
2026-09-13 14:54:26,134 - INFO - Epoch [1650/2000] LR: 0.000009 | Train Loss: 0.001732 (Data: 0.00173, Mono: 0.00001) | Val MSE: 0.000148 (RMSE: 0.0121) 
2026-09-13 14:54:26,556 - INFO - Epoch [1660/2000] LR: 0.000009 | Train Loss: 0.001783 (Data: 0.00178, Mono: 0.00001) | Val MSE: 0.000146 (RMSE: 0.0121) 
2026-09-13 14:54:27,018 - INFO - Epoch [1670/2000] LR: 0.000008 | Train Loss: 0.001748 (Data: 0.00174, Mono: 0.00001) | Val MSE: 0.000144 (RMSE: 0.0120) 
2026-09-13 14:54:27,488 - INFO - Epoch [1680/2000] LR: 0.000008 | Train Loss: 0.001731 (Data: 0.00173, Mono: 0.00001) | Val MSE: 0.000146 (RMSE: 0.0121) 
2026-09-13 14:54:27,940 - INFO - Epoch [1690/2000] LR: 0.000007 | Train Loss: 0.001732 (Data: 0.00173, Mono: 0.00001) | Val MSE: 0.000146 (RMSE: 0.0121) 
2026-09-13 14:54:28,401 - INFO - Epoch [1700/2000] LR: 0.000007 | Train Loss: 0.001713 (Data: 0.00171, Mono: 0.00001) | Val MSE: 0.000146 (RMSE: 0.0121) 
2026-09-13 14:54:28,854 - INFO - Epoch [1710/2000] LR: 0.000007 | Train Loss: 0.001734 (Data: 0.00173, Mono: 0.00001) | Val MSE: 0.000146 (RMSE: 0.0121) 
2026-09-13 14:54:29,320 - INFO - Epoch [1720/2000] LR: 0.000006 | Train Loss: 0.001734 (Data: 0.00173, Mono: 0.00001) | Val MSE: 0.000148 (RMSE: 0.0122) 
2026-09-13 14:54:29,765 - INFO - Epoch [1730/2000] LR: 0.000006 | Train Loss: 0.001760 (Data: 0.00176, Mono: 0.00001) | Val MSE: 0.000144 (RMSE: 0.0120) 
2026-09-13 14:54:30,225 - INFO - Epoch [1740/2000] LR: 0.000006 | Train Loss: 0.001746 (Data: 0.00174, Mono: 0.00001) | Val MSE: 0.000146 (RMSE: 0.0121) 
2026-09-13 14:54:30,687 - INFO - Epoch [1750/2000] LR: 0.000005 | Train Loss: 0.001760 (Data: 0.00176, Mono: 0.00001) | Val MSE: 0.000146 (RMSE: 0.0121) 
2026-09-13 14:54:31,127 - INFO - Epoch [1760/2000] LR: 0.000005 | Train Loss: 0.001650 (Data: 0.00165, Mono: 0.00001) | Val MSE: 0.000146 (RMSE: 0.0121) 
2026-09-13 14:54:31,569 - INFO - Epoch [1770/2000] LR: 0.000005 | Train Loss: 0.001735 (Data: 0.00173, Mono: 0.00001) | Val MSE: 0.000152 (RMSE: 0.0123) 
2026-09-13 14:54:32,007 - INFO - Epoch [1780/2000] LR: 0.000005 | Train Loss: 0.001743 (Data: 0.00174, Mono: 0.00001) | Val MSE: 0.000147 (RMSE: 0.0121) 
2026-09-13 14:54:32,451 - INFO - Epoch [1790/2000] LR: 0.000004 | Train Loss: 0.001722 (Data: 0.00172, Mono: 0.00001) | Val MSE: 0.000148 (RMSE: 0.0122) 
2026-09-13 14:54:32,885 - INFO - Epoch [1800/2000] LR: 0.000004 | Train Loss: 0.001717 (Data: 0.00171, Mono: 0.00001) | Val MSE: 0.000147 (RMSE: 0.0121) 
2026-09-13 14:54:33,331 - INFO - Epoch [1810/2000] LR: 0.000004 | Train Loss: 0.001744 (Data: 0.00174, Mono: 0.00001) | Val MSE: 0.000145 (RMSE: 0.0120) 
2026-09-13 14:54:33,793 - INFO - Epoch [1820/2000] LR: 0.000004 | Train Loss: 0.001720 (Data: 0.00172, Mono: 0.00001) | Val MSE: 0.000146 (RMSE: 0.0121) 
2026-09-13 14:54:34,275 - INFO - Epoch [1830/2000] LR: 0.000003 | Train Loss: 0.001730 (Data: 0.00173, Mono: 0.00001) | Val MSE: 0.000147 (RMSE: 0.0121) 
2026-09-13 14:54:34,763 - INFO - Epoch [1840/2000] LR: 0.000003 | Train Loss: 0.001730 (Data: 0.00173, Mono: 0.00001) | Val MSE: 0.000148 (RMSE: 0.0121) 
2026-09-13 14:54:35,217 - INFO - Epoch [1850/2000] LR: 0.000003 | Train Loss: 0.001699 (Data: 0.00170, Mono: 0.00001) | Val MSE: 0.000146 (RMSE: 0.0121) 
2026-09-13 14:54:35,673 - INFO - Epoch [1860/2000] LR: 0.000003 | Train Loss: 0.001811 (Data: 0.00181, Mono: 0.00001) | Val MSE: 0.000146 (RMSE: 0.0121) 
2026-09-13 14:54:36,104 - INFO - Epoch [1870/2000] LR: 0.000003 | Train Loss: 0.001730 (Data: 0.00173, Mono: 0.00001) | Val MSE: 0.000148 (RMSE: 0.0122) 
2026-09-13 14:54:36,553 - INFO - Epoch [1880/2000] LR: 0.000002 | Train Loss: 0.001734 (Data: 0.00173, Mono: 0.00001) | Val MSE: 0.000148 (RMSE: 0.0122) 
2026-09-13 14:54:36,996 - INFO - Epoch [1890/2000] LR: 0.000002 | Train Loss: 0.001680 (Data: 0.00168, Mono: 0.00001) | Val MSE: 0.000147 (RMSE: 0.0121) 
2026-09-13 14:54:37,445 - INFO - Epoch [1900/2000] LR: 0.000002 | Train Loss: 0.001725 (Data: 0.00172, Mono: 0.00001) | Val MSE: 0.000146 (RMSE: 0.0121) 
2026-09-13 14:54:37,877 - INFO - Epoch [1910/2000] LR: 0.000002 | Train Loss: 0.001702 (Data: 0.00170, Mono: 0.00001) | Val MSE: 0.000147 (RMSE: 0.0121) 
2026-09-13 14:54:38,328 - INFO - Epoch [1920/2000] LR: 0.000002 | Train Loss: 0.001677 (Data: 0.00167, Mono: 0.00001) | Val MSE: 0.000148 (RMSE: 0.0122) 
2026-09-13 14:54:38,760 - INFO - Epoch [1930/2000] LR: 0.000002 | Train Loss: 0.001777 (Data: 0.00177, Mono: 0.00001) | Val MSE: 0.000147 (RMSE: 0.0121) 
2026-09-13 14:54:39,213 - INFO - Epoch [1940/2000] LR: 0.000002 | Train Loss: 0.001697 (Data: 0.00169, Mono: 0.00001) | Val MSE: 0.000148 (RMSE: 0.0121) 
2026-09-13 14:54:39,660 - INFO - Epoch [1950/2000] LR: 0.000002 | Train Loss: 0.001722 (Data: 0.00172, Mono: 0.00001) | Val MSE: 0.000148 (RMSE: 0.0121) 
2026-09-13 14:54:40,107 - INFO - Epoch [1960/2000] LR: 0.000002 | Train Loss: 0.001673 (Data: 0.00167, Mono: 0.00001) | Val MSE: 0.000147 (RMSE: 0.0121) 
2026-09-13 14:54:40,561 - INFO - Epoch [1970/2000] LR: 0.000002 | Train Loss: 0.001699 (Data: 0.00170, Mono: 0.00001) | Val MSE: 0.000147 (RMSE: 0.0121) 
2026-09-13 14:54:40,998 - INFO - Epoch [1980/2000] LR: 0.000002 | Train Loss: 0.001681 (Data: 0.00168, Mono: 0.00001) | Val MSE: 0.000148 (RMSE: 0.0122) 
2026-09-13 14:54:41,451 - INFO - Epoch [1990/2000] LR: 0.000002 | Train Loss: 0.001720 (Data: 0.00172, Mono: 0.00001) | Val MSE: 0.000148 (RMSE: 0.0122) 
2026-09-13 14:54:41,895 - INFO - Epoch [2000/2000] LR: 0.000002 | Train Loss: 0.001681 (Data: 0.00168, Mono: 0.00001) | Val MSE: 0.000147 (RMSE: 0.0121) 
2026-09-13 14:54:41,895 - INFO - Training completed in 81.12s. Loading best checkpoint from epoch 15 for final test evaluation...
2026-09-13 14:54:41,925 - INFO - ==================================================
2026-09-13 14:54:41,925 - INFO - Test Results for [XJTU] - [Sim_satellite] (Best Epoch 15):
2026-09-13 14:54:41,925 - INFO -   Test RMSE: 0.011225
2026-09-13 14:54:41,925 - INFO -   Test MAE:  0.009519
2026-09-13 14:54:41,925 - INFO -   Test MAPE: 0.992242
2026-09-13 14:54:41,925 - INFO -   Test MSE:  0.000126
2026-09-13 14:54:41,925 - INFO - ==================================================
2026-09-13 15:03:00,208 - INFO - ==================================================
2026-09-13 15:03:00,208 - INFO - Starting FusionMLP Training for [XJTU] - [Sim_satellite]
2026-09-13 15:03:00,208 - INFO - Device: cuda | Epochs: 2000 | LR: 0.000100 | Mono Weight: 0.4000 | Knee Feature: True
2026-09-13 15:03:00,208 - INFO - ==================================================
2026-09-13 15:03:00,285 - INFO - Data Splits: Train=5, Val=1, Test=2
2026-09-13 15:03:00,381 - INFO - Epoch [   1/2000] LR: 0.006063 | Train Loss: 0.225853 (Data: 0.22583, Mono: 0.00006) | Val MSE: 0.114096 (RMSE: 0.3378) [BEST]
2026-09-13 15:03:00,427 - INFO - Epoch [   2/2000] LR: 0.005857 | Train Loss: 0.096666 (Data: 0.09664, Mono: 0.00005) | Val MSE: 0.067408 (RMSE: 0.2596) [BEST]
2026-09-13 15:03:00,474 - INFO - Epoch [   3/2000] LR: 0.005651 | Train Loss: 0.055445 (Data: 0.05542, Mono: 0.00005) | Val MSE: 0.030352 (RMSE: 0.1742) [BEST]
2026-09-13 15:03:00,515 - INFO - Epoch [   4/2000] LR: 0.005446 | Train Loss: 0.043438 (Data: 0.04342, Mono: 0.00005) | Val MSE: 0.011684 (RMSE: 0.1081) [BEST]
2026-09-13 15:03:00,567 - INFO - Epoch [   5/2000] LR: 0.005240 | Train Loss: 0.031857 (Data: 0.03184, Mono: 0.00004) | Val MSE: 0.003079 (RMSE: 0.0555) [BEST]
2026-09-13 15:03:00,614 - INFO - Epoch [   6/2000] LR: 0.005035 | Train Loss: 0.026126 (Data: 0.02611, Mono: 0.00003) | Val MSE: 0.000147 (RMSE: 0.0121) [BEST]
2026-09-13 15:03:00,780 - INFO - Epoch [  10/2000] LR: 0.004212 | Train Loss: 0.012812 (Data: 0.01280, Mono: 0.00003) | Val MSE: 0.001036 (RMSE: 0.0322) 
2026-09-13 15:03:00,822 - INFO - Epoch [  11/2000] LR: 0.004007 | Train Loss: 0.011651 (Data: 0.01164, Mono: 0.00003) | Val MSE: 0.000121 (RMSE: 0.0110) [BEST]
2026-09-13 15:03:00,865 - INFO - Epoch [  12/2000] LR: 0.003801 | Train Loss: 0.010785 (Data: 0.01077, Mono: 0.00003) | Val MSE: 0.000100 (RMSE: 0.0100) [BEST]
2026-09-13 15:03:01,112 - INFO - Epoch [  18/2000] LR: 0.002567 | Train Loss: 0.008756 (Data: 0.00875, Mono: 0.00003) | Val MSE: 0.000094 (RMSE: 0.0097) [BEST]
2026-09-13 15:03:01,195 - INFO - Epoch [  20/2000] LR: 0.002156 | Train Loss: 0.008020 (Data: 0.00801, Mono: 0.00002) | Val MSE: 0.000084 (RMSE: 0.0092) [BEST]
2026-09-13 15:03:01,284 - INFO - Epoch [  22/2000] LR: 0.001745 | Train Loss: 0.008141 (Data: 0.00813, Mono: 0.00002) | Val MSE: 0.000079 (RMSE: 0.0089) [BEST]
2026-09-13 15:03:01,601 - INFO - Epoch [  30/2000] LR: 0.000100 | Train Loss: 0.007611 (Data: 0.00760, Mono: 0.00002) | Val MSE: 0.000089 (RMSE: 0.0094) 
2026-09-13 15:03:02,012 - INFO - Epoch [  40/2000] LR: 0.000100 | Train Loss: 0.007396 (Data: 0.00739, Mono: 0.00003) | Val MSE: 0.000086 (RMSE: 0.0092) 
2026-09-13 15:03:02,413 - INFO - Epoch [  50/2000] LR: 0.000100 | Train Loss: 0.007383 (Data: 0.00737, Mono: 0.00003) | Val MSE: 0.000088 (RMSE: 0.0094) 
2026-09-13 15:03:02,814 - INFO - Epoch [  60/2000] LR: 0.000100 | Train Loss: 0.007545 (Data: 0.00754, Mono: 0.00002) | Val MSE: 0.000090 (RMSE: 0.0095) 
2026-09-13 15:03:03,209 - INFO - Epoch [  70/2000] LR: 0.000100 | Train Loss: 0.007151 (Data: 0.00714, Mono: 0.00002) | Val MSE: 0.000091 (RMSE: 0.0095) 
2026-09-13 15:03:03,592 - INFO - Epoch [  80/2000] LR: 0.000100 | Train Loss: 0.006839 (Data: 0.00683, Mono: 0.00002) | Val MSE: 0.000086 (RMSE: 0.0093) 
2026-09-13 15:03:03,988 - INFO - Epoch [  90/2000] LR: 0.000100 | Train Loss: 0.007354 (Data: 0.00735, Mono: 0.00002) | Val MSE: 0.000089 (RMSE: 0.0095) 
2026-09-13 15:03:04,361 - INFO - Epoch [ 100/2000] LR: 0.000100 | Train Loss: 0.006767 (Data: 0.00676, Mono: 0.00002) | Val MSE: 0.000087 (RMSE: 0.0093) 
2026-09-13 15:03:04,774 - INFO - Epoch [ 110/2000] LR: 0.000100 | Train Loss: 0.006723 (Data: 0.00671, Mono: 0.00002) | Val MSE: 0.000090 (RMSE: 0.0095) 
2026-09-13 15:03:05,158 - INFO - Epoch [ 120/2000] LR: 0.000099 | Train Loss: 0.006750 (Data: 0.00674, Mono: 0.00002) | Val MSE: 0.000088 (RMSE: 0.0094) 
2026-09-13 15:03:05,548 - INFO - Epoch [ 130/2000] LR: 0.000099 | Train Loss: 0.006813 (Data: 0.00680, Mono: 0.00002) | Val MSE: 0.000087 (RMSE: 0.0093) 
2026-09-13 15:03:05,929 - INFO - Epoch [ 140/2000] LR: 0.000099 | Train Loss: 0.006424 (Data: 0.00641, Mono: 0.00002) | Val MSE: 0.000104 (RMSE: 0.0102) 
2026-09-13 15:03:06,301 - INFO - Epoch [ 150/2000] LR: 0.000099 | Train Loss: 0.006382 (Data: 0.00637, Mono: 0.00002) | Val MSE: 0.000093 (RMSE: 0.0096) 
2026-09-13 15:03:06,699 - INFO - Epoch [ 160/2000] LR: 0.000099 | Train Loss: 0.006457 (Data: 0.00645, Mono: 0.00002) | Val MSE: 0.000095 (RMSE: 0.0098) 
2026-09-13 15:03:07,090 - INFO - Epoch [ 170/2000] LR: 0.000099 | Train Loss: 0.006192 (Data: 0.00618, Mono: 0.00002) | Val MSE: 0.000097 (RMSE: 0.0099) 
2026-09-13 15:03:07,478 - INFO - Epoch [ 180/2000] LR: 0.000099 | Train Loss: 0.006070 (Data: 0.00606, Mono: 0.00002) | Val MSE: 0.000099 (RMSE: 0.0099) 
2026-09-13 15:03:07,860 - INFO - Epoch [ 190/2000] LR: 0.000098 | Train Loss: 0.006207 (Data: 0.00620, Mono: 0.00002) | Val MSE: 0.000094 (RMSE: 0.0097) 
2026-09-13 15:03:08,249 - INFO - Epoch [ 200/2000] LR: 0.000098 | Train Loss: 0.005768 (Data: 0.00576, Mono: 0.00002) | Val MSE: 0.000102 (RMSE: 0.0101) 
2026-09-13 15:03:08,636 - INFO - Epoch [ 210/2000] LR: 0.000098 | Train Loss: 0.005949 (Data: 0.00594, Mono: 0.00002) | Val MSE: 0.000095 (RMSE: 0.0098) 
2026-09-13 15:03:09,014 - INFO - Epoch [ 220/2000] LR: 0.000098 | Train Loss: 0.005665 (Data: 0.00566, Mono: 0.00002) | Val MSE: 0.000102 (RMSE: 0.0101) 
2026-09-13 15:03:09,399 - INFO - Epoch [ 230/2000] LR: 0.000098 | Train Loss: 0.005961 (Data: 0.00595, Mono: 0.00002) | Val MSE: 0.000102 (RMSE: 0.0101) 
2026-09-13 15:03:09,794 - INFO - Epoch [ 240/2000] LR: 0.000097 | Train Loss: 0.005600 (Data: 0.00559, Mono: 0.00002) | Val MSE: 0.000106 (RMSE: 0.0103) 
2026-09-13 15:03:10,198 - INFO - Epoch [ 250/2000] LR: 0.000097 | Train Loss: 0.005389 (Data: 0.00538, Mono: 0.00002) | Val MSE: 0.000103 (RMSE: 0.0102) 
2026-09-13 15:03:10,596 - INFO - Epoch [ 260/2000] LR: 0.000097 | Train Loss: 0.005530 (Data: 0.00552, Mono: 0.00002) | Val MSE: 0.000104 (RMSE: 0.0102) 
2026-09-13 15:03:10,996 - INFO - Epoch [ 270/2000] LR: 0.000096 | Train Loss: 0.005520 (Data: 0.00551, Mono: 0.00002) | Val MSE: 0.000100 (RMSE: 0.0100) 
2026-09-13 15:03:11,388 - INFO - Epoch [ 280/2000] LR: 0.000096 | Train Loss: 0.005346 (Data: 0.00534, Mono: 0.00002) | Val MSE: 0.000101 (RMSE: 0.0101) 
2026-09-13 15:03:11,783 - INFO - Epoch [ 290/2000] LR: 0.000096 | Train Loss: 0.005329 (Data: 0.00532, Mono: 0.00002) | Val MSE: 0.000112 (RMSE: 0.0106) 
2026-09-13 15:03:12,170 - INFO - Epoch [ 300/2000] LR: 0.000096 | Train Loss: 0.005173 (Data: 0.00517, Mono: 0.00002) | Val MSE: 0.000112 (RMSE: 0.0106) 
2026-09-13 15:03:12,576 - INFO - Epoch [ 310/2000] LR: 0.000095 | Train Loss: 0.005116 (Data: 0.00511, Mono: 0.00002) | Val MSE: 0.000108 (RMSE: 0.0104) 
2026-09-13 15:03:12,967 - INFO - Epoch [ 320/2000] LR: 0.000095 | Train Loss: 0.005028 (Data: 0.00502, Mono: 0.00002) | Val MSE: 0.000117 (RMSE: 0.0108) 
2026-09-13 15:03:13,348 - INFO - Epoch [ 330/2000] LR: 0.000094 | Train Loss: 0.004987 (Data: 0.00498, Mono: 0.00002) | Val MSE: 0.000114 (RMSE: 0.0107) 
2026-09-13 15:03:13,719 - INFO - Epoch [ 340/2000] LR: 0.000094 | Train Loss: 0.004852 (Data: 0.00484, Mono: 0.00002) | Val MSE: 0.000115 (RMSE: 0.0107) 
2026-09-13 15:03:14,098 - INFO - Epoch [ 350/2000] LR: 0.000094 | Train Loss: 0.004921 (Data: 0.00491, Mono: 0.00002) | Val MSE: 0.000116 (RMSE: 0.0108) 
2026-09-13 15:03:14,499 - INFO - Epoch [ 360/2000] LR: 0.000093 | Train Loss: 0.004832 (Data: 0.00482, Mono: 0.00002) | Val MSE: 0.000113 (RMSE: 0.0106) 
2026-09-13 15:03:14,892 - INFO - Epoch [ 370/2000] LR: 0.000093 | Train Loss: 0.004597 (Data: 0.00459, Mono: 0.00002) | Val MSE: 0.000121 (RMSE: 0.0110) 
2026-09-13 15:03:15,296 - INFO - Epoch [ 380/2000] LR: 0.000093 | Train Loss: 0.004758 (Data: 0.00475, Mono: 0.00002) | Val MSE: 0.000136 (RMSE: 0.0117) 
2026-09-13 15:03:15,692 - INFO - Epoch [ 390/2000] LR: 0.000092 | Train Loss: 0.004566 (Data: 0.00456, Mono: 0.00002) | Val MSE: 0.000119 (RMSE: 0.0109) 
2026-09-13 15:03:16,076 - INFO - Epoch [ 400/2000] LR: 0.000092 | Train Loss: 0.004532 (Data: 0.00452, Mono: 0.00002) | Val MSE: 0.000126 (RMSE: 0.0112) 
2026-09-13 15:03:16,487 - INFO - Epoch [ 410/2000] LR: 0.000091 | Train Loss: 0.004431 (Data: 0.00442, Mono: 0.00002) | Val MSE: 0.000122 (RMSE: 0.0111) 
2026-09-13 15:03:16,889 - INFO - Epoch [ 420/2000] LR: 0.000091 | Train Loss: 0.004350 (Data: 0.00434, Mono: 0.00002) | Val MSE: 0.000135 (RMSE: 0.0116) 
2026-09-13 15:03:17,294 - INFO - Epoch [ 430/2000] LR: 0.000090 | Train Loss: 0.004333 (Data: 0.00433, Mono: 0.00002) | Val MSE: 0.000130 (RMSE: 0.0114) 
2026-09-13 15:03:17,685 - INFO - Epoch [ 440/2000] LR: 0.000090 | Train Loss: 0.004291 (Data: 0.00428, Mono: 0.00002) | Val MSE: 0.000130 (RMSE: 0.0114) 
2026-09-13 15:03:18,082 - INFO - Epoch [ 450/2000] LR: 0.000089 | Train Loss: 0.004247 (Data: 0.00424, Mono: 0.00002) | Val MSE: 0.000133 (RMSE: 0.0115) 
2026-09-13 15:03:18,466 - INFO - Epoch [ 460/2000] LR: 0.000089 | Train Loss: 0.004149 (Data: 0.00414, Mono: 0.00002) | Val MSE: 0.000139 (RMSE: 0.0118) 
2026-09-13 15:03:18,849 - INFO - Epoch [ 470/2000] LR: 0.000088 | Train Loss: 0.004127 (Data: 0.00412, Mono: 0.00002) | Val MSE: 0.000145 (RMSE: 0.0121) 
2026-09-13 15:03:19,219 - INFO - Epoch [ 480/2000] LR: 0.000088 | Train Loss: 0.004159 (Data: 0.00415, Mono: 0.00002) | Val MSE: 0.000140 (RMSE: 0.0118) 
2026-09-13 15:03:19,593 - INFO - Epoch [ 490/2000] LR: 0.000087 | Train Loss: 0.003914 (Data: 0.00391, Mono: 0.00002) | Val MSE: 0.000145 (RMSE: 0.0120) 
2026-09-13 15:03:19,982 - INFO - Epoch [ 500/2000] LR: 0.000087 | Train Loss: 0.004076 (Data: 0.00407, Mono: 0.00002) | Val MSE: 0.000150 (RMSE: 0.0123) 
2026-09-13 15:03:20,369 - INFO - Epoch [ 510/2000] LR: 0.000086 | Train Loss: 0.003978 (Data: 0.00397, Mono: 0.00002) | Val MSE: 0.000152 (RMSE: 0.0123) 
2026-09-13 15:03:20,770 - INFO - Epoch [ 520/2000] LR: 0.000086 | Train Loss: 0.003947 (Data: 0.00394, Mono: 0.00002) | Val MSE: 0.000147 (RMSE: 0.0121) 
2026-09-13 15:03:21,165 - INFO - Epoch [ 530/2000] LR: 0.000085 | Train Loss: 0.004012 (Data: 0.00400, Mono: 0.00002) | Val MSE: 0.000152 (RMSE: 0.0123) 
2026-09-13 15:03:21,558 - INFO - Epoch [ 540/2000] LR: 0.000085 | Train Loss: 0.003823 (Data: 0.00382, Mono: 0.00002) | Val MSE: 0.000155 (RMSE: 0.0124) 
2026-09-13 15:03:21,936 - INFO - Epoch [ 550/2000] LR: 0.000084 | Train Loss: 0.003773 (Data: 0.00377, Mono: 0.00002) | Val MSE: 0.000152 (RMSE: 0.0123) 
2026-09-13 15:03:22,331 - INFO - Epoch [ 560/2000] LR: 0.000083 | Train Loss: 0.003838 (Data: 0.00383, Mono: 0.00002) | Val MSE: 0.000152 (RMSE: 0.0123) 
2026-09-13 15:03:22,733 - INFO - Epoch [ 570/2000] LR: 0.000083 | Train Loss: 0.003808 (Data: 0.00380, Mono: 0.00002) | Val MSE: 0.000151 (RMSE: 0.0123) 
2026-09-13 15:03:23,128 - INFO - Epoch [ 580/2000] LR: 0.000082 | Train Loss: 0.003622 (Data: 0.00362, Mono: 0.00002) | Val MSE: 0.000161 (RMSE: 0.0127) 
2026-09-13 15:03:23,511 - INFO - Epoch [ 590/2000] LR: 0.000082 | Train Loss: 0.003610 (Data: 0.00360, Mono: 0.00002) | Val MSE: 0.000170 (RMSE: 0.0130) 
2026-09-13 15:03:23,904 - INFO - Epoch [ 600/2000] LR: 0.000081 | Train Loss: 0.003486 (Data: 0.00348, Mono: 0.00002) | Val MSE: 0.000187 (RMSE: 0.0137) 
2026-09-13 15:03:24,298 - INFO - Epoch [ 610/2000] LR: 0.000080 | Train Loss: 0.003522 (Data: 0.00352, Mono: 0.00001) | Val MSE: 0.000166 (RMSE: 0.0129) 
2026-09-13 15:03:24,698 - INFO - Epoch [ 620/2000] LR: 0.000080 | Train Loss: 0.003530 (Data: 0.00352, Mono: 0.00002) | Val MSE: 0.000167 (RMSE: 0.0129) 
2026-09-13 15:03:25,136 - INFO - Epoch [ 630/2000] LR: 0.000079 | Train Loss: 0.003552 (Data: 0.00355, Mono: 0.00002) | Val MSE: 0.000173 (RMSE: 0.0132) 
2026-09-13 15:03:25,553 - INFO - Epoch [ 640/2000] LR: 0.000078 | Train Loss: 0.003479 (Data: 0.00347, Mono: 0.00002) | Val MSE: 0.000176 (RMSE: 0.0133) 
2026-09-13 15:03:25,969 - INFO - Epoch [ 650/2000] LR: 0.000078 | Train Loss: 0.003370 (Data: 0.00336, Mono: 0.00002) | Val MSE: 0.000176 (RMSE: 0.0133) 
2026-09-13 15:03:26,381 - INFO - Epoch [ 660/2000] LR: 0.000077 | Train Loss: 0.003466 (Data: 0.00346, Mono: 0.00002) | Val MSE: 0.000171 (RMSE: 0.0131) 
2026-09-13 15:03:26,789 - INFO - Epoch [ 670/2000] LR: 0.000077 | Train Loss: 0.003340 (Data: 0.00333, Mono: 0.00002) | Val MSE: 0.000173 (RMSE: 0.0131) 
2026-09-13 15:03:27,160 - INFO - Epoch [ 680/2000] LR: 0.000076 | Train Loss: 0.003337 (Data: 0.00333, Mono: 0.00001) | Val MSE: 0.000179 (RMSE: 0.0134) 
2026-09-13 15:03:27,556 - INFO - Epoch [ 690/2000] LR: 0.000075 | Train Loss: 0.003290 (Data: 0.00328, Mono: 0.00002) | Val MSE: 0.000185 (RMSE: 0.0136) 
2026-09-13 15:03:27,953 - INFO - Epoch [ 700/2000] LR: 0.000074 | Train Loss: 0.003231 (Data: 0.00322, Mono: 0.00001) | Val MSE: 0.000182 (RMSE: 0.0135) 
2026-09-13 15:03:28,312 - INFO - Epoch [ 710/2000] LR: 0.000074 | Train Loss: 0.003185 (Data: 0.00318, Mono: 0.00002) | Val MSE: 0.000182 (RMSE: 0.0135) 
2026-09-13 15:03:28,728 - INFO - Epoch [ 720/2000] LR: 0.000073 | Train Loss: 0.003082 (Data: 0.00308, Mono: 0.00002) | Val MSE: 0.000189 (RMSE: 0.0138) 
2026-09-13 15:03:29,102 - INFO - Epoch [ 730/2000] LR: 0.000072 | Train Loss: 0.003154 (Data: 0.00315, Mono: 0.00001) | Val MSE: 0.000186 (RMSE: 0.0137) 
2026-09-13 15:03:29,496 - INFO - Epoch [ 740/2000] LR: 0.000072 | Train Loss: 0.003117 (Data: 0.00311, Mono: 0.00001) | Val MSE: 0.000185 (RMSE: 0.0136) 
2026-09-13 15:03:29,902 - INFO - Epoch [ 750/2000] LR: 0.000071 | Train Loss: 0.003178 (Data: 0.00317, Mono: 0.00001) | Val MSE: 0.000192 (RMSE: 0.0139) 
2026-09-13 15:03:30,294 - INFO - Epoch [ 760/2000] LR: 0.000070 | Train Loss: 0.003121 (Data: 0.00312, Mono: 0.00001) | Val MSE: 0.000208 (RMSE: 0.0144) 
2026-09-13 15:03:30,692 - INFO - Epoch [ 770/2000] LR: 0.000070 | Train Loss: 0.003080 (Data: 0.00307, Mono: 0.00001) | Val MSE: 0.000201 (RMSE: 0.0142) 
2026-09-13 15:03:31,079 - INFO - Epoch [ 780/2000] LR: 0.000069 | Train Loss: 0.003082 (Data: 0.00308, Mono: 0.00002) | Val MSE: 0.000199 (RMSE: 0.0141) 
2026-09-13 15:03:31,467 - INFO - Epoch [ 790/2000] LR: 0.000068 | Train Loss: 0.003039 (Data: 0.00303, Mono: 0.00002) | Val MSE: 0.000192 (RMSE: 0.0139) 
2026-09-13 15:03:31,851 - INFO - Epoch [ 800/2000] LR: 0.000067 | Train Loss: 0.002991 (Data: 0.00299, Mono: 0.00001) | Val MSE: 0.000206 (RMSE: 0.0144) 
2026-09-13 15:03:32,272 - INFO - Epoch [ 810/2000] LR: 0.000067 | Train Loss: 0.002867 (Data: 0.00286, Mono: 0.00002) | Val MSE: 0.000199 (RMSE: 0.0141) 
2026-09-13 15:03:32,639 - INFO - Epoch [ 820/2000] LR: 0.000066 | Train Loss: 0.002941 (Data: 0.00294, Mono: 0.00001) | Val MSE: 0.000197 (RMSE: 0.0140) 
2026-09-13 15:03:33,020 - INFO - Epoch [ 830/2000] LR: 0.000065 | Train Loss: 0.002964 (Data: 0.00296, Mono: 0.00001) | Val MSE: 0.000205 (RMSE: 0.0143) 
2026-09-13 15:03:33,388 - INFO - Epoch [ 840/2000] LR: 0.000064 | Train Loss: 0.002900 (Data: 0.00289, Mono: 0.00001) | Val MSE: 0.000201 (RMSE: 0.0142) 
2026-09-13 15:03:33,759 - INFO - Epoch [ 850/2000] LR: 0.000064 | Train Loss: 0.002919 (Data: 0.00291, Mono: 0.00001) | Val MSE: 0.000212 (RMSE: 0.0145) 
2026-09-13 15:03:34,130 - INFO - Epoch [ 860/2000] LR: 0.000063 | Train Loss: 0.002831 (Data: 0.00283, Mono: 0.00001) | Val MSE: 0.000206 (RMSE: 0.0143) 
2026-09-13 15:03:34,511 - INFO - Epoch [ 870/2000] LR: 0.000062 | Train Loss: 0.002817 (Data: 0.00281, Mono: 0.00002) | Val MSE: 0.000211 (RMSE: 0.0145) 
2026-09-13 15:03:34,885 - INFO - Epoch [ 880/2000] LR: 0.000061 | Train Loss: 0.002748 (Data: 0.00274, Mono: 0.00001) | Val MSE: 0.000208 (RMSE: 0.0144) 
2026-09-13 15:03:35,261 - INFO - Epoch [ 890/2000] LR: 0.000061 | Train Loss: 0.002752 (Data: 0.00275, Mono: 0.00001) | Val MSE: 0.000212 (RMSE: 0.0145) 
2026-09-13 15:03:35,633 - INFO - Epoch [ 900/2000] LR: 0.000060 | Train Loss: 0.002837 (Data: 0.00283, Mono: 0.00001) | Val MSE: 0.000213 (RMSE: 0.0146) 
2026-09-13 15:03:36,014 - INFO - Epoch [ 910/2000] LR: 0.000059 | Train Loss: 0.002769 (Data: 0.00276, Mono: 0.00001) | Val MSE: 0.000215 (RMSE: 0.0147) 
2026-09-13 15:03:36,378 - INFO - Epoch [ 920/2000] LR: 0.000058 | Train Loss: 0.002737 (Data: 0.00273, Mono: 0.00001) | Val MSE: 0.000215 (RMSE: 0.0146) 
2026-09-13 15:03:36,753 - INFO - Epoch [ 930/2000] LR: 0.000057 | Train Loss: 0.002756 (Data: 0.00275, Mono: 0.00001) | Val MSE: 0.000213 (RMSE: 0.0146) 
2026-09-13 15:03:37,141 - INFO - Epoch [ 940/2000] LR: 0.000057 | Train Loss: 0.002704 (Data: 0.00270, Mono: 0.00001) | Val MSE: 0.000222 (RMSE: 0.0149) 
2026-09-13 15:03:37,513 - INFO - Epoch [ 950/2000] LR: 0.000056 | Train Loss: 0.002799 (Data: 0.00279, Mono: 0.00001) | Val MSE: 0.000214 (RMSE: 0.0146) 
2026-09-13 15:03:37,890 - INFO - Epoch [ 960/2000] LR: 0.000055 | Train Loss: 0.002676 (Data: 0.00267, Mono: 0.00001) | Val MSE: 0.000220 (RMSE: 0.0148) 
2026-09-13 15:03:38,266 - INFO - Epoch [ 970/2000] LR: 0.000054 | Train Loss: 0.002642 (Data: 0.00264, Mono: 0.00001) | Val MSE: 0.000219 (RMSE: 0.0148) 
2026-09-13 15:03:38,632 - INFO - Epoch [ 980/2000] LR: 0.000054 | Train Loss: 0.002663 (Data: 0.00266, Mono: 0.00001) | Val MSE: 0.000220 (RMSE: 0.0148) 
2026-09-13 15:03:39,001 - INFO - Epoch [ 990/2000] LR: 0.000053 | Train Loss: 0.002786 (Data: 0.00278, Mono: 0.00001) | Val MSE: 0.000224 (RMSE: 0.0150) 
2026-09-13 15:03:39,379 - INFO - Epoch [1000/2000] LR: 0.000052 | Train Loss: 0.002607 (Data: 0.00260, Mono: 0.00001) | Val MSE: 0.000222 (RMSE: 0.0149) 
2026-09-13 15:03:39,761 - INFO - Epoch [1010/2000] LR: 0.000051 | Train Loss: 0.002627 (Data: 0.00262, Mono: 0.00001) | Val MSE: 0.000222 (RMSE: 0.0149) 
2026-09-13 15:03:40,152 - INFO - Epoch [1020/2000] LR: 0.000050 | Train Loss: 0.002603 (Data: 0.00260, Mono: 0.00001) | Val MSE: 0.000227 (RMSE: 0.0151) 
2026-09-13 15:03:40,524 - INFO - Epoch [1030/2000] LR: 0.000050 | Train Loss: 0.002682 (Data: 0.00268, Mono: 0.00001) | Val MSE: 0.000224 (RMSE: 0.0150) 
2026-09-13 15:03:40,908 - INFO - Epoch [1040/2000] LR: 0.000049 | Train Loss: 0.002593 (Data: 0.00259, Mono: 0.00001) | Val MSE: 0.000229 (RMSE: 0.0151) 
2026-09-13 15:03:41,294 - INFO - Epoch [1050/2000] LR: 0.000048 | Train Loss: 0.002561 (Data: 0.00256, Mono: 0.00001) | Val MSE: 0.000226 (RMSE: 0.0150) 
2026-09-13 15:03:41,666 - INFO - Epoch [1060/2000] LR: 0.000047 | Train Loss: 0.002540 (Data: 0.00254, Mono: 0.00001) | Val MSE: 0.000227 (RMSE: 0.0151) 
2026-09-13 15:03:42,036 - INFO - Epoch [1070/2000] LR: 0.000046 | Train Loss: 0.002542 (Data: 0.00254, Mono: 0.00001) | Val MSE: 0.000228 (RMSE: 0.0151) 
2026-09-13 15:03:42,418 - INFO - Epoch [1080/2000] LR: 0.000046 | Train Loss: 0.002608 (Data: 0.00260, Mono: 0.00001) | Val MSE: 0.000238 (RMSE: 0.0154) 
2026-09-13 15:03:42,785 - INFO - Epoch [1090/2000] LR: 0.000045 | Train Loss: 0.002498 (Data: 0.00249, Mono: 0.00001) | Val MSE: 0.000226 (RMSE: 0.0150) 
2026-09-13 15:03:43,161 - INFO - Epoch [1100/2000] LR: 0.000044 | Train Loss: 0.002442 (Data: 0.00244, Mono: 0.00001) | Val MSE: 0.000233 (RMSE: 0.0153) 
2026-09-13 15:03:43,537 - INFO - Epoch [1110/2000] LR: 0.000043 | Train Loss: 0.002571 (Data: 0.00257, Mono: 0.00001) | Val MSE: 0.000229 (RMSE: 0.0151) 
2026-09-13 15:03:43,898 - INFO - Epoch [1120/2000] LR: 0.000043 | Train Loss: 0.002449 (Data: 0.00244, Mono: 0.00001) | Val MSE: 0.000229 (RMSE: 0.0151) 
2026-09-13 15:03:44,266 - INFO - Epoch [1130/2000] LR: 0.000042 | Train Loss: 0.002482 (Data: 0.00248, Mono: 0.00001) | Val MSE: 0.000237 (RMSE: 0.0154) 
2026-09-13 15:03:44,636 - INFO - Epoch [1140/2000] LR: 0.000041 | Train Loss: 0.002401 (Data: 0.00240, Mono: 0.00001) | Val MSE: 0.000234 (RMSE: 0.0153) 
2026-09-13 15:03:45,018 - INFO - Epoch [1150/2000] LR: 0.000040 | Train Loss: 0.002450 (Data: 0.00245, Mono: 0.00001) | Val MSE: 0.000236 (RMSE: 0.0154) 
2026-09-13 15:03:45,388 - INFO - Epoch [1160/2000] LR: 0.000040 | Train Loss: 0.002456 (Data: 0.00245, Mono: 0.00001) | Val MSE: 0.000233 (RMSE: 0.0153) 
2026-09-13 15:03:45,766 - INFO - Epoch [1170/2000] LR: 0.000039 | Train Loss: 0.002443 (Data: 0.00244, Mono: 0.00001) | Val MSE: 0.000236 (RMSE: 0.0154) 
2026-09-13 15:03:46,136 - INFO - Epoch [1180/2000] LR: 0.000038 | Train Loss: 0.002410 (Data: 0.00241, Mono: 0.00001) | Val MSE: 0.000234 (RMSE: 0.0153) 
2026-09-13 15:03:46,505 - INFO - Epoch [1190/2000] LR: 0.000037 | Train Loss: 0.002404 (Data: 0.00240, Mono: 0.00001) | Val MSE: 0.000236 (RMSE: 0.0154) 
2026-09-13 15:03:46,874 - INFO - Epoch [1200/2000] LR: 0.000036 | Train Loss: 0.002453 (Data: 0.00245, Mono: 0.00001) | Val MSE: 0.000239 (RMSE: 0.0155) 
2026-09-13 15:03:47,253 - INFO - Epoch [1210/2000] LR: 0.000036 | Train Loss: 0.002374 (Data: 0.00237, Mono: 0.00001) | Val MSE: 0.000240 (RMSE: 0.0155) 
2026-09-13 15:03:47,636 - INFO - Epoch [1220/2000] LR: 0.000035 | Train Loss: 0.002421 (Data: 0.00242, Mono: 0.00001) | Val MSE: 0.000235 (RMSE: 0.0153) 
2026-09-13 15:03:48,001 - INFO - Epoch [1230/2000] LR: 0.000034 | Train Loss: 0.002333 (Data: 0.00233, Mono: 0.00001) | Val MSE: 0.000241 (RMSE: 0.0155) 
2026-09-13 15:03:48,385 - INFO - Epoch [1240/2000] LR: 0.000034 | Train Loss: 0.002334 (Data: 0.00233, Mono: 0.00001) | Val MSE: 0.000241 (RMSE: 0.0155) 
2026-09-13 15:03:48,753 - INFO - Epoch [1250/2000] LR: 0.000033 | Train Loss: 0.002435 (Data: 0.00243, Mono: 0.00001) | Val MSE: 0.000240 (RMSE: 0.0155) 
2026-09-13 15:03:49,142 - INFO - Epoch [1260/2000] LR: 0.000032 | Train Loss: 0.002417 (Data: 0.00241, Mono: 0.00001) | Val MSE: 0.000238 (RMSE: 0.0154) 
2026-09-13 15:03:49,543 - INFO - Epoch [1270/2000] LR: 0.000031 | Train Loss: 0.002424 (Data: 0.00242, Mono: 0.00001) | Val MSE: 0.000240 (RMSE: 0.0155) 
2026-09-13 15:03:49,953 - INFO - Epoch [1280/2000] LR: 0.000031 | Train Loss: 0.002369 (Data: 0.00236, Mono: 0.00001) | Val MSE: 0.000240 (RMSE: 0.0155) 
2026-09-13 15:03:50,369 - INFO - Epoch [1290/2000] LR: 0.000030 | Train Loss: 0.002315 (Data: 0.00231, Mono: 0.00001) | Val MSE: 0.000239 (RMSE: 0.0155) 
2026-09-13 15:03:50,780 - INFO - Epoch [1300/2000] LR: 0.000029 | Train Loss: 0.002322 (Data: 0.00232, Mono: 0.00001) | Val MSE: 0.000238 (RMSE: 0.0154) 
2026-09-13 15:03:51,217 - INFO - Epoch [1310/2000] LR: 0.000028 | Train Loss: 0.002304 (Data: 0.00230, Mono: 0.00001) | Val MSE: 0.000242 (RMSE: 0.0156) 
2026-09-13 15:03:51,636 - INFO - Epoch [1320/2000] LR: 0.000028 | Train Loss: 0.002389 (Data: 0.00238, Mono: 0.00001) | Val MSE: 0.000241 (RMSE: 0.0155) 
2026-09-13 15:03:52,050 - INFO - Epoch [1330/2000] LR: 0.000027 | Train Loss: 0.002329 (Data: 0.00232, Mono: 0.00001) | Val MSE: 0.000241 (RMSE: 0.0155) 
2026-09-13 15:03:52,476 - INFO - Epoch [1340/2000] LR: 0.000026 | Train Loss: 0.002301 (Data: 0.00230, Mono: 0.00001) | Val MSE: 0.000242 (RMSE: 0.0155) 
2026-09-13 15:03:52,899 - INFO - Epoch [1350/2000] LR: 0.000026 | Train Loss: 0.002337 (Data: 0.00233, Mono: 0.00001) | Val MSE: 0.000244 (RMSE: 0.0156) 
2026-09-13 15:03:53,322 - INFO - Epoch [1360/2000] LR: 0.000025 | Train Loss: 0.002408 (Data: 0.00240, Mono: 0.00001) | Val MSE: 0.000240 (RMSE: 0.0155) 
2026-09-13 15:03:53,744 - INFO - Epoch [1370/2000] LR: 0.000024 | Train Loss: 0.002334 (Data: 0.00233, Mono: 0.00001) | Val MSE: 0.000241 (RMSE: 0.0155) 
2026-09-13 15:03:54,156 - INFO - Epoch [1380/2000] LR: 0.000024 | Train Loss: 0.002277 (Data: 0.00227, Mono: 0.00001) | Val MSE: 0.000243 (RMSE: 0.0156) 
2026-09-13 15:03:54,577 - INFO - Epoch [1390/2000] LR: 0.000023 | Train Loss: 0.002448 (Data: 0.00244, Mono: 0.00001) | Val MSE: 0.000243 (RMSE: 0.0156) 
2026-09-13 15:03:54,989 - INFO - Epoch [1400/2000] LR: 0.000022 | Train Loss: 0.002244 (Data: 0.00224, Mono: 0.00001) | Val MSE: 0.000242 (RMSE: 0.0156) 
2026-09-13 15:03:55,417 - INFO - Epoch [1410/2000] LR: 0.000022 | Train Loss: 0.002315 (Data: 0.00231, Mono: 0.00001) | Val MSE: 0.000242 (RMSE: 0.0155) 
2026-09-13 15:03:55,842 - INFO - Epoch [1420/2000] LR: 0.000021 | Train Loss: 0.002229 (Data: 0.00222, Mono: 0.00001) | Val MSE: 0.000242 (RMSE: 0.0156) 
2026-09-13 15:03:56,252 - INFO - Epoch [1430/2000] LR: 0.000021 | Train Loss: 0.002301 (Data: 0.00230, Mono: 0.00001) | Val MSE: 0.000245 (RMSE: 0.0156) 
2026-09-13 15:03:56,663 - INFO - Epoch [1440/2000] LR: 0.000020 | Train Loss: 0.002313 (Data: 0.00231, Mono: 0.00001) | Val MSE: 0.000247 (RMSE: 0.0157) 
2026-09-13 15:03:57,086 - INFO - Epoch [1450/2000] LR: 0.000019 | Train Loss: 0.002313 (Data: 0.00231, Mono: 0.00001) | Val MSE: 0.000244 (RMSE: 0.0156) 
2026-09-13 15:03:57,495 - INFO - Epoch [1460/2000] LR: 0.000019 | Train Loss: 0.002269 (Data: 0.00226, Mono: 0.00001) | Val MSE: 0.000240 (RMSE: 0.0155) 
2026-09-13 15:03:57,910 - INFO - Epoch [1470/2000] LR: 0.000018 | Train Loss: 0.002288 (Data: 0.00228, Mono: 0.00001) | Val MSE: 0.000243 (RMSE: 0.0156) 
2026-09-13 15:03:58,318 - INFO - Epoch [1480/2000] LR: 0.000018 | Train Loss: 0.002259 (Data: 0.00225, Mono: 0.00001) | Val MSE: 0.000243 (RMSE: 0.0156) 
2026-09-13 15:03:58,717 - INFO - Epoch [1490/2000] LR: 0.000017 | Train Loss: 0.002307 (Data: 0.00230, Mono: 0.00001) | Val MSE: 0.000246 (RMSE: 0.0157) 
2026-09-13 15:03:59,121 - INFO - Epoch [1500/2000] LR: 0.000016 | Train Loss: 0.002269 (Data: 0.00226, Mono: 0.00001) | Val MSE: 0.000241 (RMSE: 0.0155) 
2026-09-13 15:03:59,528 - INFO - Epoch [1510/2000] LR: 0.000016 | Train Loss: 0.002196 (Data: 0.00219, Mono: 0.00001) | Val MSE: 0.000245 (RMSE: 0.0156) 
2026-09-13 15:03:59,926 - INFO - Epoch [1520/2000] LR: 0.000015 | Train Loss: 0.002156 (Data: 0.00215, Mono: 0.00001) | Val MSE: 0.000243 (RMSE: 0.0156) 
2026-09-13 15:04:00,339 - INFO - Epoch [1530/2000] LR: 0.000015 | Train Loss: 0.002235 (Data: 0.00223, Mono: 0.00001) | Val MSE: 0.000245 (RMSE: 0.0156) 
2026-09-13 15:04:00,753 - INFO - Epoch [1540/2000] LR: 0.000014 | Train Loss: 0.002288 (Data: 0.00228, Mono: 0.00001) | Val MSE: 0.000244 (RMSE: 0.0156) 
2026-09-13 15:04:01,158 - INFO - Epoch [1550/2000] LR: 0.000014 | Train Loss: 0.002249 (Data: 0.00224, Mono: 0.00001) | Val MSE: 0.000245 (RMSE: 0.0156) 
2026-09-13 15:04:01,560 - INFO - Epoch [1560/2000] LR: 0.000013 | Train Loss: 0.002314 (Data: 0.00231, Mono: 0.00001) | Val MSE: 0.000244 (RMSE: 0.0156) 
2026-09-13 15:04:01,969 - INFO - Epoch [1570/2000] LR: 0.000013 | Train Loss: 0.002282 (Data: 0.00228, Mono: 0.00001) | Val MSE: 0.000246 (RMSE: 0.0157) 
2026-09-13 15:04:02,405 - INFO - Epoch [1580/2000] LR: 0.000012 | Train Loss: 0.002286 (Data: 0.00228, Mono: 0.00001) | Val MSE: 0.000243 (RMSE: 0.0156) 
2026-09-13 15:04:02,814 - INFO - Epoch [1590/2000] LR: 0.000012 | Train Loss: 0.002295 (Data: 0.00229, Mono: 0.00001) | Val MSE: 0.000244 (RMSE: 0.0156) 
2026-09-13 15:04:03,215 - INFO - Epoch [1600/2000] LR: 0.000011 | Train Loss: 0.002215 (Data: 0.00221, Mono: 0.00001) | Val MSE: 0.000245 (RMSE: 0.0157) 
2026-09-13 15:04:03,626 - INFO - Epoch [1610/2000] LR: 0.000011 | Train Loss: 0.002292 (Data: 0.00229, Mono: 0.00001) | Val MSE: 0.000244 (RMSE: 0.0156) 
2026-09-13 15:04:04,037 - INFO - Epoch [1620/2000] LR: 0.000010 | Train Loss: 0.002265 (Data: 0.00226, Mono: 0.00001) | Val MSE: 0.000246 (RMSE: 0.0157) 
2026-09-13 15:04:04,436 - INFO - Epoch [1630/2000] LR: 0.000010 | Train Loss: 0.002203 (Data: 0.00220, Mono: 0.00001) | Val MSE: 0.000245 (RMSE: 0.0156) 
2026-09-13 15:04:04,865 - INFO - Epoch [1640/2000] LR: 0.000009 | Train Loss: 0.002229 (Data: 0.00222, Mono: 0.00001) | Val MSE: 0.000246 (RMSE: 0.0157) 
2026-09-13 15:04:05,283 - INFO - Epoch [1650/2000] LR: 0.000009 | Train Loss: 0.002252 (Data: 0.00225, Mono: 0.00001) | Val MSE: 0.000244 (RMSE: 0.0156) 
2026-09-13 15:04:05,694 - INFO - Epoch [1660/2000] LR: 0.000009 | Train Loss: 0.002341 (Data: 0.00234, Mono: 0.00001) | Val MSE: 0.000245 (RMSE: 0.0157) 
2026-09-13 15:04:06,107 - INFO - Epoch [1670/2000] LR: 0.000008 | Train Loss: 0.002273 (Data: 0.00227, Mono: 0.00001) | Val MSE: 0.000244 (RMSE: 0.0156) 
2026-09-13 15:04:06,510 - INFO - Epoch [1680/2000] LR: 0.000008 | Train Loss: 0.002316 (Data: 0.00231, Mono: 0.00001) | Val MSE: 0.000245 (RMSE: 0.0156) 
2026-09-13 15:04:06,921 - INFO - Epoch [1690/2000] LR: 0.000007 | Train Loss: 0.002291 (Data: 0.00229, Mono: 0.00001) | Val MSE: 0.000246 (RMSE: 0.0157) 
2026-09-13 15:04:07,334 - INFO - Epoch [1700/2000] LR: 0.000007 | Train Loss: 0.002258 (Data: 0.00225, Mono: 0.00001) | Val MSE: 0.000245 (RMSE: 0.0156) 
2026-09-13 15:04:07,736 - INFO - Epoch [1710/2000] LR: 0.000007 | Train Loss: 0.002213 (Data: 0.00221, Mono: 0.00001) | Val MSE: 0.000243 (RMSE: 0.0156) 
2026-09-13 15:04:08,145 - INFO - Epoch [1720/2000] LR: 0.000006 | Train Loss: 0.002250 (Data: 0.00225, Mono: 0.00001) | Val MSE: 0.000244 (RMSE: 0.0156) 
2026-09-13 15:04:08,551 - INFO - Epoch [1730/2000] LR: 0.000006 | Train Loss: 0.002249 (Data: 0.00224, Mono: 0.00001) | Val MSE: 0.000244 (RMSE: 0.0156) 
2026-09-13 15:04:08,944 - INFO - Epoch [1740/2000] LR: 0.000006 | Train Loss: 0.002159 (Data: 0.00215, Mono: 0.00001) | Val MSE: 0.000247 (RMSE: 0.0157) 
2026-09-13 15:04:09,357 - INFO - Epoch [1750/2000] LR: 0.000005 | Train Loss: 0.002171 (Data: 0.00217, Mono: 0.00001) | Val MSE: 0.000245 (RMSE: 0.0157) 
2026-09-13 15:04:09,761 - INFO - Epoch [1760/2000] LR: 0.000005 | Train Loss: 0.002241 (Data: 0.00224, Mono: 0.00001) | Val MSE: 0.000245 (RMSE: 0.0156) 
2026-09-13 15:04:10,154 - INFO - Epoch [1770/2000] LR: 0.000005 | Train Loss: 0.002176 (Data: 0.00217, Mono: 0.00001) | Val MSE: 0.000245 (RMSE: 0.0157) 
2026-09-13 15:04:10,574 - INFO - Epoch [1780/2000] LR: 0.000005 | Train Loss: 0.002233 (Data: 0.00223, Mono: 0.00001) | Val MSE: 0.000246 (RMSE: 0.0157) 
2026-09-13 15:04:10,982 - INFO - Epoch [1790/2000] LR: 0.000004 | Train Loss: 0.002244 (Data: 0.00224, Mono: 0.00001) | Val MSE: 0.000247 (RMSE: 0.0157) 
2026-09-13 15:04:11,387 - INFO - Epoch [1800/2000] LR: 0.000004 | Train Loss: 0.002227 (Data: 0.00222, Mono: 0.00001) | Val MSE: 0.000246 (RMSE: 0.0157) 
2026-09-13 15:04:11,797 - INFO - Epoch [1810/2000] LR: 0.000004 | Train Loss: 0.002208 (Data: 0.00220, Mono: 0.00001) | Val MSE: 0.000245 (RMSE: 0.0157) 
2026-09-13 15:04:12,201 - INFO - Epoch [1820/2000] LR: 0.000004 | Train Loss: 0.002243 (Data: 0.00224, Mono: 0.00001) | Val MSE: 0.000245 (RMSE: 0.0156) 
2026-09-13 15:04:12,603 - INFO - Epoch [1830/2000] LR: 0.000003 | Train Loss: 0.002196 (Data: 0.00219, Mono: 0.00001) | Val MSE: 0.000244 (RMSE: 0.0156) 
2026-09-13 15:04:13,013 - INFO - Epoch [1840/2000] LR: 0.000003 | Train Loss: 0.002227 (Data: 0.00222, Mono: 0.00001) | Val MSE: 0.000246 (RMSE: 0.0157) 
2026-09-13 15:04:13,446 - INFO - Epoch [1850/2000] LR: 0.000003 | Train Loss: 0.002288 (Data: 0.00228, Mono: 0.00001) | Val MSE: 0.000245 (RMSE: 0.0156) 
2026-09-13 15:04:13,846 - INFO - Epoch [1860/2000] LR: 0.000003 | Train Loss: 0.002286 (Data: 0.00228, Mono: 0.00001) | Val MSE: 0.000245 (RMSE: 0.0157) 
2026-09-13 15:04:14,256 - INFO - Epoch [1870/2000] LR: 0.000003 | Train Loss: 0.002238 (Data: 0.00223, Mono: 0.00001) | Val MSE: 0.000245 (RMSE: 0.0157) 
2026-09-13 15:04:14,655 - INFO - Epoch [1880/2000] LR: 0.000002 | Train Loss: 0.002245 (Data: 0.00224, Mono: 0.00001) | Val MSE: 0.000246 (RMSE: 0.0157) 
2026-09-13 15:04:15,061 - INFO - Epoch [1890/2000] LR: 0.000002 | Train Loss: 0.002192 (Data: 0.00219, Mono: 0.00001) | Val MSE: 0.000246 (RMSE: 0.0157) 
2026-09-13 15:04:15,462 - INFO - Epoch [1900/2000] LR: 0.000002 | Train Loss: 0.002204 (Data: 0.00220, Mono: 0.00001) | Val MSE: 0.000246 (RMSE: 0.0157) 
2026-09-13 15:04:15,880 - INFO - Epoch [1910/2000] LR: 0.000002 | Train Loss: 0.002227 (Data: 0.00222, Mono: 0.00001) | Val MSE: 0.000246 (RMSE: 0.0157) 
2026-09-13 15:04:16,288 - INFO - Epoch [1920/2000] LR: 0.000002 | Train Loss: 0.002188 (Data: 0.00218, Mono: 0.00001) | Val MSE: 0.000246 (RMSE: 0.0157) 
2026-09-13 15:04:16,683 - INFO - Epoch [1930/2000] LR: 0.000002 | Train Loss: 0.002231 (Data: 0.00223, Mono: 0.00001) | Val MSE: 0.000246 (RMSE: 0.0157) 
2026-09-13 15:04:17,103 - INFO - Epoch [1940/2000] LR: 0.000002 | Train Loss: 0.002196 (Data: 0.00219, Mono: 0.00001) | Val MSE: 0.000246 (RMSE: 0.0157) 
2026-09-13 15:04:17,497 - INFO - Epoch [1950/2000] LR: 0.000002 | Train Loss: 0.002205 (Data: 0.00220, Mono: 0.00001) | Val MSE: 0.000246 (RMSE: 0.0157) 
2026-09-13 15:04:17,912 - INFO - Epoch [1960/2000] LR: 0.000002 | Train Loss: 0.002184 (Data: 0.00218, Mono: 0.00001) | Val MSE: 0.000245 (RMSE: 0.0157) 
2026-09-13 15:04:18,333 - INFO - Epoch [1970/2000] LR: 0.000002 | Train Loss: 0.002207 (Data: 0.00220, Mono: 0.00001) | Val MSE: 0.000246 (RMSE: 0.0157) 
2026-09-13 15:04:18,783 - INFO - Epoch [1980/2000] LR: 0.000002 | Train Loss: 0.002170 (Data: 0.00217, Mono: 0.00001) | Val MSE: 0.000245 (RMSE: 0.0157) 
2026-09-13 15:04:19,202 - INFO - Epoch [1990/2000] LR: 0.000002 | Train Loss: 0.002231 (Data: 0.00223, Mono: 0.00001) | Val MSE: 0.000245 (RMSE: 0.0157) 
2026-09-13 15:04:19,606 - INFO - Epoch [2000/2000] LR: 0.000002 | Train Loss: 0.002201 (Data: 0.00220, Mono: 0.00001) | Val MSE: 0.000245 (RMSE: 0.0157) 
2026-09-13 15:04:19,606 - INFO - Training completed in 79.28s. Loading best checkpoint from epoch 22 for final test evaluation...
2026-09-13 15:04:19,631 - INFO - ==================================================
2026-09-13 15:04:19,631 - INFO - Test Results for [XJTU] - [Sim_satellite] (Best Epoch 22):
2026-09-13 15:04:19,631 - INFO -   Test RMSE: 0.016699
2026-09-13 15:04:19,631 - INFO -   Test MAE:  0.014597
2026-09-13 15:04:19,631 - INFO -   Test MAPE: 1.523388
2026-09-13 15:04:19,631 - INFO -   Test MSE:  0.000279
2026-09-13 15:04:19,631 - INFO - ==================================================
2026-09-13 15:12:57,229 - INFO - ==================================================
2026-09-13 15:12:57,229 - INFO - Starting FusionMLP Training for [XJTU] - [Sim_satellite]
2026-09-13 15:12:57,229 - INFO - Device: cuda | Epochs: 2000 | LR: 0.000100 | Mono Weight: 0.4000 | Knee Feature: True
2026-09-13 15:12:57,229 - INFO - ==================================================
2026-09-13 15:12:57,301 - INFO - Data Splits: Train=5, Val=1, Test=2
2026-09-13 15:12:57,368 - INFO - Epoch [   1/2000] LR: 0.006063 | Train Loss: 2.941436 (Data: 2.94143, Mono: 0.00003) | Val MSE: 0.900228 (RMSE: 0.9488) [BEST]
2026-09-13 15:12:57,447 - INFO - Epoch [   3/2000] LR: 0.005651 | Train Loss: 0.882819 (Data: 0.88282, Mono: 0.00000) | Val MSE: 0.900204 (RMSE: 0.9488) [BEST]
2026-09-13 15:12:57,494 - INFO - Epoch [   4/2000] LR: 0.005446 | Train Loss: 0.870166 (Data: 0.87016, Mono: 0.00001) | Val MSE: 0.896338 (RMSE: 0.9468) [BEST]
2026-09-13 15:12:57,725 - INFO - Epoch [  10/2000] LR: 0.004212 | Train Loss: 0.864166 (Data: 0.86416, Mono: 0.00001) | Val MSE: 0.896507 (RMSE: 0.9468) 
2026-09-13 15:12:57,915 - INFO - Epoch [  15/2000] LR: 0.003184 | Train Loss: 0.858381 (Data: 0.85838, Mono: 0.00001) | Val MSE: 0.892998 (RMSE: 0.9450) [BEST]
2026-09-13 15:12:57,956 - INFO - Epoch [  16/2000] LR: 0.002979 | Train Loss: 0.857010 (Data: 0.85701, Mono: 0.00001) | Val MSE: 0.890611 (RMSE: 0.9437) [BEST]
2026-09-13 15:12:57,997 - INFO - Epoch [  17/2000] LR: 0.002773 | Train Loss: 0.857289 (Data: 0.85729, Mono: 0.00001) | Val MSE: 0.889004 (RMSE: 0.9429) [BEST]
2026-09-13 15:12:58,037 - INFO - Epoch [  18/2000] LR: 0.002567 | Train Loss: 0.855960 (Data: 0.85596, Mono: 0.00001) | Val MSE: 0.887785 (RMSE: 0.9422) [BEST]
2026-09-13 15:12:58,106 - INFO - Epoch [  20/2000] LR: 0.002156 | Train Loss: 0.851381 (Data: 0.85138, Mono: 0.00001) | Val MSE: 0.884764 (RMSE: 0.9406) [BEST]
2026-09-13 15:12:58,156 - INFO - Epoch [  21/2000] LR: 0.001950 | Train Loss: 0.847218 (Data: 0.84722, Mono: 0.00001) | Val MSE: 0.879482 (RMSE: 0.9378) [BEST]
2026-09-13 15:12:58,195 - INFO - Epoch [  22/2000] LR: 0.001745 | Train Loss: 0.843767 (Data: 0.84376, Mono: 0.00001) | Val MSE: 0.871884 (RMSE: 0.9337) [BEST]
2026-09-13 15:12:58,235 - INFO - Epoch [  23/2000] LR: 0.001539 | Train Loss: 0.829760 (Data: 0.82976, Mono: 0.00001) | Val MSE: 0.847362 (RMSE: 0.9205) [BEST]
2026-09-13 15:12:58,276 - INFO - Epoch [  24/2000] LR: 0.001334 | Train Loss: 0.405706 (Data: 0.40569, Mono: 0.00004) | Val MSE: 0.292144 (RMSE: 0.5405) [BEST]
2026-09-13 15:12:58,314 - INFO - Epoch [  25/2000] LR: 0.001128 | Train Loss: 0.182359 (Data: 0.18234, Mono: 0.00005) | Val MSE: 0.219870 (RMSE: 0.4689) [BEST]
2026-09-13 15:12:58,354 - INFO - Epoch [  26/2000] LR: 0.000922 | Train Loss: 0.121761 (Data: 0.12175, Mono: 0.00004) | Val MSE: 0.039226 (RMSE: 0.1981) [BEST]
2026-09-13 15:12:58,395 - INFO - Epoch [  27/2000] LR: 0.000717 | Train Loss: 0.074014 (Data: 0.07400, Mono: 0.00004) | Val MSE: 0.008066 (RMSE: 0.0898) [BEST]
2026-09-13 15:12:58,469 - INFO - Epoch [  29/2000] LR: 0.000306 | Train Loss: 0.035690 (Data: 0.03568, Mono: 0.00004) | Val MSE: 0.005800 (RMSE: 0.0762) [BEST]
2026-09-13 15:12:58,512 - INFO - Epoch [  30/2000] LR: 0.000100 | Train Loss: 0.024463 (Data: 0.02445, Mono: 0.00003) | Val MSE: 0.001820 (RMSE: 0.0427) [BEST]
2026-09-13 15:12:58,553 - INFO - Epoch [  31/2000] LR: 0.000100 | Train Loss: 0.023428 (Data: 0.02341, Mono: 0.00004) | Val MSE: 0.001383 (RMSE: 0.0372) [BEST]
2026-09-13 15:12:58,702 - INFO - Epoch [  35/2000] LR: 0.000100 | Train Loss: 0.021891 (Data: 0.02188, Mono: 0.00004) | Val MSE: 0.001215 (RMSE: 0.0349) [BEST]
2026-09-13 15:12:58,859 - INFO - Epoch [  39/2000] LR: 0.000100 | Train Loss: 0.022008 (Data: 0.02199, Mono: 0.00004) | Val MSE: 0.001195 (RMSE: 0.0346) [BEST]
2026-09-13 15:12:58,901 - INFO - Epoch [  40/2000] LR: 0.000100 | Train Loss: 0.022054 (Data: 0.02204, Mono: 0.00004) | Val MSE: 0.001205 (RMSE: 0.0347) 
2026-09-13 15:12:59,088 - INFO - Epoch [  45/2000] LR: 0.000100 | Train Loss: 0.021979 (Data: 0.02196, Mono: 0.00004) | Val MSE: 0.001192 (RMSE: 0.0345) [BEST]
2026-09-13 15:12:59,133 - INFO - Epoch [  46/2000] LR: 0.000100 | Train Loss: 0.021722 (Data: 0.02171, Mono: 0.00003) | Val MSE: 0.001192 (RMSE: 0.0345) [BEST]
2026-09-13 15:12:59,282 - INFO - Epoch [  50/2000] LR: 0.000100 | Train Loss: 0.021549 (Data: 0.02153, Mono: 0.00004) | Val MSE: 0.001189 (RMSE: 0.0345) [BEST]
2026-09-13 15:12:59,331 - INFO - Epoch [  51/2000] LR: 0.000100 | Train Loss: 0.021570 (Data: 0.02156, Mono: 0.00004) | Val MSE: 0.001187 (RMSE: 0.0345) [BEST]
2026-09-13 15:12:59,386 - INFO - Epoch [  52/2000] LR: 0.000100 | Train Loss: 0.021303 (Data: 0.02129, Mono: 0.00004) | Val MSE: 0.001185 (RMSE: 0.0344) [BEST]
2026-09-13 15:12:59,430 - INFO - Epoch [  53/2000] LR: 0.000100 | Train Loss: 0.021790 (Data: 0.02178, Mono: 0.00004) | Val MSE: 0.001183 (RMSE: 0.0344) [BEST]
2026-09-13 15:12:59,502 - INFO - Epoch [  55/2000] LR: 0.000100 | Train Loss: 0.021281 (Data: 0.02127, Mono: 0.00003) | Val MSE: 0.001180 (RMSE: 0.0344) [BEST]
2026-09-13 15:12:59,546 - INFO - Epoch [  56/2000] LR: 0.000100 | Train Loss: 0.020554 (Data: 0.02054, Mono: 0.00003) | Val MSE: 0.001174 (RMSE: 0.0343) [BEST]
2026-09-13 15:12:59,587 - INFO - Epoch [  57/2000] LR: 0.000100 | Train Loss: 0.020698 (Data: 0.02068, Mono: 0.00004) | Val MSE: 0.001174 (RMSE: 0.0343) [BEST]
2026-09-13 15:12:59,700 - INFO - Epoch [  60/2000] LR: 0.000100 | Train Loss: 0.021004 (Data: 0.02099, Mono: 0.00004) | Val MSE: 0.001197 (RMSE: 0.0346) 
2026-09-13 15:12:59,771 - INFO - Epoch [  62/2000] LR: 0.000100 | Train Loss: 0.020462 (Data: 0.02045, Mono: 0.00004) | Val MSE: 0.001166 (RMSE: 0.0341) [BEST]
2026-09-13 15:12:59,817 - INFO - Epoch [  63/2000] LR: 0.000100 | Train Loss: 0.020296 (Data: 0.02028, Mono: 0.00004) | Val MSE: 0.001161 (RMSE: 0.0341) [BEST]
2026-09-13 15:12:59,858 - INFO - Epoch [  64/2000] LR: 0.000100 | Train Loss: 0.020583 (Data: 0.02057, Mono: 0.00004) | Val MSE: 0.001158 (RMSE: 0.0340) [BEST]
2026-09-13 15:12:59,896 - INFO - Epoch [  65/2000] LR: 0.000100 | Train Loss: 0.020379 (Data: 0.02036, Mono: 0.00004) | Val MSE: 0.001158 (RMSE: 0.0340) [BEST]
2026-09-13 15:12:59,938 - INFO - Epoch [  66/2000] LR: 0.000100 | Train Loss: 0.020170 (Data: 0.02016, Mono: 0.00003) | Val MSE: 0.001153 (RMSE: 0.0340) [BEST]
2026-09-13 15:12:59,978 - INFO - Epoch [  67/2000] LR: 0.000100 | Train Loss: 0.020070 (Data: 0.02006, Mono: 0.00004) | Val MSE: 0.001148 (RMSE: 0.0339) [BEST]
2026-09-13 15:13:00,095 - INFO - Epoch [  70/2000] LR: 0.000100 | Train Loss: 0.020154 (Data: 0.02014, Mono: 0.00003) | Val MSE: 0.001135 (RMSE: 0.0337) [BEST]
2026-09-13 15:13:00,138 - INFO - Epoch [  71/2000] LR: 0.000100 | Train Loss: 0.019186 (Data: 0.01917, Mono: 0.00004) | Val MSE: 0.001135 (RMSE: 0.0337) [BEST]
2026-09-13 15:13:00,178 - INFO - Epoch [  72/2000] LR: 0.000100 | Train Loss: 0.020181 (Data: 0.02017, Mono: 0.00004) | Val MSE: 0.001127 (RMSE: 0.0336) [BEST]
2026-09-13 15:13:00,218 - INFO - Epoch [  73/2000] LR: 0.000100 | Train Loss: 0.019097 (Data: 0.01908, Mono: 0.00003) | Val MSE: 0.001126 (RMSE: 0.0335) [BEST]
2026-09-13 15:13:00,328 - INFO - Epoch [  76/2000] LR: 0.000100 | Train Loss: 0.019535 (Data: 0.01952, Mono: 0.00004) | Val MSE: 0.001119 (RMSE: 0.0335) [BEST]
2026-09-13 15:13:00,371 - INFO - Epoch [  77/2000] LR: 0.000100 | Train Loss: 0.019216 (Data: 0.01920, Mono: 0.00003) | Val MSE: 0.001110 (RMSE: 0.0333) [BEST]
2026-09-13 15:13:00,411 - INFO - Epoch [  78/2000] LR: 0.000100 | Train Loss: 0.018991 (Data: 0.01898, Mono: 0.00004) | Val MSE: 0.001108 (RMSE: 0.0333) [BEST]
2026-09-13 15:13:00,485 - INFO - Epoch [  80/2000] LR: 0.000100 | Train Loss: 0.018980 (Data: 0.01897, Mono: 0.00003) | Val MSE: 0.001101 (RMSE: 0.0332) [BEST]
2026-09-13 15:13:00,526 - INFO - Epoch [  81/2000] LR: 0.000100 | Train Loss: 0.018377 (Data: 0.01836, Mono: 0.00004) | Val MSE: 0.001099 (RMSE: 0.0332) [BEST]
2026-09-13 15:13:00,636 - INFO - Epoch [  84/2000] LR: 0.000100 | Train Loss: 0.018550 (Data: 0.01854, Mono: 0.00003) | Val MSE: 0.001098 (RMSE: 0.0331) [BEST]
2026-09-13 15:13:00,681 - INFO - Epoch [  85/2000] LR: 0.000100 | Train Loss: 0.018119 (Data: 0.01811, Mono: 0.00003) | Val MSE: 0.001097 (RMSE: 0.0331) [BEST]
2026-09-13 15:13:00,722 - INFO - Epoch [  86/2000] LR: 0.000100 | Train Loss: 0.018139 (Data: 0.01812, Mono: 0.00004) | Val MSE: 0.001088 (RMSE: 0.0330) [BEST]
2026-09-13 15:13:00,763 - INFO - Epoch [  87/2000] LR: 0.000100 | Train Loss: 0.018485 (Data: 0.01847, Mono: 0.00004) | Val MSE: 0.001080 (RMSE: 0.0329) [BEST]
2026-09-13 15:13:00,874 - INFO - Epoch [  90/2000] LR: 0.000100 | Train Loss: 0.017974 (Data: 0.01796, Mono: 0.00003) | Val MSE: 0.001097 (RMSE: 0.0331) 
2026-09-13 15:13:00,953 - INFO - Epoch [  92/2000] LR: 0.000100 | Train Loss: 0.018026 (Data: 0.01801, Mono: 0.00004) | Val MSE: 0.001069 (RMSE: 0.0327) [BEST]
2026-09-13 15:13:01,028 - INFO - Epoch [  94/2000] LR: 0.000100 | Train Loss: 0.017998 (Data: 0.01799, Mono: 0.00003) | Val MSE: 0.001065 (RMSE: 0.0326) [BEST]
2026-09-13 15:13:01,074 - INFO - Epoch [  95/2000] LR: 0.000100 | Train Loss: 0.017168 (Data: 0.01715, Mono: 0.00004) | Val MSE: 0.001054 (RMSE: 0.0325) [BEST]
2026-09-13 15:13:01,160 - INFO - Epoch [  97/2000] LR: 0.000100 | Train Loss: 0.017532 (Data: 0.01752, Mono: 0.00003) | Val MSE: 0.001048 (RMSE: 0.0324) [BEST]
2026-09-13 15:13:01,281 - INFO - Epoch [ 100/2000] LR: 0.000100 | Train Loss: 0.017253 (Data: 0.01724, Mono: 0.00003) | Val MSE: 0.001049 (RMSE: 0.0324) 
2026-09-13 15:13:01,322 - INFO - Epoch [ 101/2000] LR: 0.000100 | Train Loss: 0.016834 (Data: 0.01682, Mono: 0.00003) | Val MSE: 0.001037 (RMSE: 0.0322) [BEST]
2026-09-13 15:13:01,394 - INFO - Epoch [ 103/2000] LR: 0.000100 | Train Loss: 0.017369 (Data: 0.01736, Mono: 0.00003) | Val MSE: 0.001033 (RMSE: 0.0321) [BEST]
2026-09-13 15:13:01,443 - INFO - Epoch [ 104/2000] LR: 0.000100 | Train Loss: 0.016384 (Data: 0.01637, Mono: 0.00003) | Val MSE: 0.001032 (RMSE: 0.0321) [BEST]
2026-09-13 15:13:01,479 - INFO - Epoch [ 105/2000] LR: 0.000100 | Train Loss: 0.016913 (Data: 0.01690, Mono: 0.00003) | Val MSE: 0.001030 (RMSE: 0.0321) [BEST]
2026-09-13 15:13:01,523 - INFO - Epoch [ 106/2000] LR: 0.000100 | Train Loss: 0.016284 (Data: 0.01627, Mono: 0.00003) | Val MSE: 0.001026 (RMSE: 0.0320) [BEST]
2026-09-13 15:13:01,565 - INFO - Epoch [ 107/2000] LR: 0.000100 | Train Loss: 0.017084 (Data: 0.01707, Mono: 0.00003) | Val MSE: 0.001021 (RMSE: 0.0320) [BEST]
2026-09-13 15:13:01,607 - INFO - Epoch [ 108/2000] LR: 0.000100 | Train Loss: 0.016406 (Data: 0.01639, Mono: 0.00003) | Val MSE: 0.001017 (RMSE: 0.0319) [BEST]
2026-09-13 15:13:01,647 - INFO - Epoch [ 109/2000] LR: 0.000100 | Train Loss: 0.016211 (Data: 0.01620, Mono: 0.00003) | Val MSE: 0.001015 (RMSE: 0.0319) [BEST]
2026-09-13 15:13:01,684 - INFO - Epoch [ 110/2000] LR: 0.000100 | Train Loss: 0.016546 (Data: 0.01653, Mono: 0.00003) | Val MSE: 0.001020 (RMSE: 0.0319) 
2026-09-13 15:13:01,727 - INFO - Epoch [ 111/2000] LR: 0.000100 | Train Loss: 0.015902 (Data: 0.01589, Mono: 0.00003) | Val MSE: 0.001008 (RMSE: 0.0317) [BEST]
2026-09-13 15:13:01,767 - INFO - Epoch [ 112/2000] LR: 0.000100 | Train Loss: 0.016294 (Data: 0.01628, Mono: 0.00003) | Val MSE: 0.001006 (RMSE: 0.0317) [BEST]
2026-09-13 15:13:01,843 - INFO - Epoch [ 114/2000] LR: 0.000100 | Train Loss: 0.016396 (Data: 0.01638, Mono: 0.00003) | Val MSE: 0.001001 (RMSE: 0.0316) [BEST]
2026-09-13 15:13:01,883 - INFO - Epoch [ 115/2000] LR: 0.000100 | Train Loss: 0.016185 (Data: 0.01617, Mono: 0.00003) | Val MSE: 0.000999 (RMSE: 0.0316) [BEST]
2026-09-13 15:13:01,925 - INFO - Epoch [ 116/2000] LR: 0.000100 | Train Loss: 0.015762 (Data: 0.01575, Mono: 0.00003) | Val MSE: 0.000997 (RMSE: 0.0316) [BEST]
2026-09-13 15:13:02,077 - INFO - Epoch [ 120/2000] LR: 0.000099 | Train Loss: 0.015185 (Data: 0.01517, Mono: 0.00003) | Val MSE: 0.000984 (RMSE: 0.0314) [BEST]
2026-09-13 15:13:02,119 - INFO - Epoch [ 121/2000] LR: 0.000099 | Train Loss: 0.015259 (Data: 0.01525, Mono: 0.00003) | Val MSE: 0.000981 (RMSE: 0.0313) [BEST]
2026-09-13 15:13:02,159 - INFO - Epoch [ 122/2000] LR: 0.000099 | Train Loss: 0.015375 (Data: 0.01536, Mono: 0.00003) | Val MSE: 0.000981 (RMSE: 0.0313) [BEST]
2026-09-13 15:13:02,235 - INFO - Epoch [ 124/2000] LR: 0.000099 | Train Loss: 0.015096 (Data: 0.01508, Mono: 0.00003) | Val MSE: 0.000973 (RMSE: 0.0312) [BEST]
2026-09-13 15:13:02,278 - INFO - Epoch [ 125/2000] LR: 0.000099 | Train Loss: 0.015059 (Data: 0.01505, Mono: 0.00003) | Val MSE: 0.000964 (RMSE: 0.0310) [BEST]
2026-09-13 15:13:02,319 - INFO - Epoch [ 126/2000] LR: 0.000099 | Train Loss: 0.015243 (Data: 0.01523, Mono: 0.00003) | Val MSE: 0.000960 (RMSE: 0.0310) [BEST]
2026-09-13 15:13:02,391 - INFO - Epoch [ 128/2000] LR: 0.000099 | Train Loss: 0.015039 (Data: 0.01503, Mono: 0.00003) | Val MSE: 0.000956 (RMSE: 0.0309) [BEST]
2026-09-13 15:13:02,474 - INFO - Epoch [ 130/2000] LR: 0.000099 | Train Loss: 0.014685 (Data: 0.01467, Mono: 0.00003) | Val MSE: 0.000976 (RMSE: 0.0312) 
2026-09-13 15:13:02,551 - INFO - Epoch [ 132/2000] LR: 0.000099 | Train Loss: 0.014482 (Data: 0.01447, Mono: 0.00003) | Val MSE: 0.000950 (RMSE: 0.0308) [BEST]
2026-09-13 15:13:02,594 - INFO - Epoch [ 133/2000] LR: 0.000099 | Train Loss: 0.014421 (Data: 0.01441, Mono: 0.00003) | Val MSE: 0.000945 (RMSE: 0.0307) [BEST]
2026-09-13 15:13:02,700 - INFO - Epoch [ 136/2000] LR: 0.000099 | Train Loss: 0.014255 (Data: 0.01424, Mono: 0.00003) | Val MSE: 0.000930 (RMSE: 0.0305) [BEST]
2026-09-13 15:13:02,825 - INFO - Epoch [ 139/2000] LR: 0.000099 | Train Loss: 0.014002 (Data: 0.01399, Mono: 0.00003) | Val MSE: 0.000921 (RMSE: 0.0304) [BEST]
2026-09-13 15:13:02,887 - INFO - Epoch [ 140/2000] LR: 0.000099 | Train Loss: 0.014108 (Data: 0.01410, Mono: 0.00003) | Val MSE: 0.000920 (RMSE: 0.0303) [BEST]
2026-09-13 15:13:03,031 - INFO - Epoch [ 144/2000] LR: 0.000099 | Train Loss: 0.013576 (Data: 0.01356, Mono: 0.00003) | Val MSE: 0.000904 (RMSE: 0.0301) [BEST]
2026-09-13 15:13:03,071 - INFO - Epoch [ 145/2000] LR: 0.000099 | Train Loss: 0.013829 (Data: 0.01382, Mono: 0.00003) | Val MSE: 0.000898 (RMSE: 0.0300) [BEST]
2026-09-13 15:13:03,117 - INFO - Epoch [ 146/2000] LR: 0.000099 | Train Loss: 0.013453 (Data: 0.01344, Mono: 0.00003) | Val MSE: 0.000896 (RMSE: 0.0299) [BEST]
2026-09-13 15:13:03,268 - INFO - Epoch [ 150/2000] LR: 0.000099 | Train Loss: 0.013410 (Data: 0.01340, Mono: 0.00003) | Val MSE: 0.000885 (RMSE: 0.0297) [BEST]
2026-09-13 15:13:03,309 - INFO - Epoch [ 151/2000] LR: 0.000099 | Train Loss: 0.013502 (Data: 0.01349, Mono: 0.00003) | Val MSE: 0.000883 (RMSE: 0.0297) [BEST]
2026-09-13 15:13:03,384 - INFO - Epoch [ 153/2000] LR: 0.000099 | Train Loss: 0.013510 (Data: 0.01350, Mono: 0.00003) | Val MSE: 0.000879 (RMSE: 0.0296) [BEST]
2026-09-13 15:13:03,424 - INFO - Epoch [ 154/2000] LR: 0.000099 | Train Loss: 0.013216 (Data: 0.01321, Mono: 0.00003) | Val MSE: 0.000877 (RMSE: 0.0296) [BEST]
2026-09-13 15:13:03,466 - INFO - Epoch [ 155/2000] LR: 0.000099 | Train Loss: 0.012858 (Data: 0.01285, Mono: 0.00003) | Val MSE: 0.000872 (RMSE: 0.0295) [BEST]
2026-09-13 15:13:03,534 - INFO - Epoch [ 157/2000] LR: 0.000099 | Train Loss: 0.012914 (Data: 0.01290, Mono: 0.00003) | Val MSE: 0.000872 (RMSE: 0.0295) [BEST]
2026-09-13 15:13:03,579 - INFO - Epoch [ 158/2000] LR: 0.000099 | Train Loss: 0.012770 (Data: 0.01276, Mono: 0.00003) | Val MSE: 0.000863 (RMSE: 0.0294) [BEST]
2026-09-13 15:13:03,619 - INFO - Epoch [ 159/2000] LR: 0.000099 | Train Loss: 0.012633 (Data: 0.01262, Mono: 0.00003) | Val MSE: 0.000860 (RMSE: 0.0293) [BEST]
2026-09-13 15:13:03,661 - INFO - Epoch [ 160/2000] LR: 0.000099 | Train Loss: 0.012699 (Data: 0.01269, Mono: 0.00003) | Val MSE: 0.000859 (RMSE: 0.0293) [BEST]
2026-09-13 15:13:03,766 - INFO - Epoch [ 163/2000] LR: 0.000099 | Train Loss: 0.012489 (Data: 0.01248, Mono: 0.00003) | Val MSE: 0.000854 (RMSE: 0.0292) [BEST]
2026-09-13 15:13:03,816 - INFO - Epoch [ 164/2000] LR: 0.000099 | Train Loss: 0.012490 (Data: 0.01248, Mono: 0.00003) | Val MSE: 0.000847 (RMSE: 0.0291) [BEST]
2026-09-13 15:13:03,856 - INFO - Epoch [ 165/2000] LR: 0.000099 | Train Loss: 0.012178 (Data: 0.01217, Mono: 0.00003) | Val MSE: 0.000845 (RMSE: 0.0291) [BEST]
2026-09-13 15:13:03,932 - INFO - Epoch [ 167/2000] LR: 0.000099 | Train Loss: 0.012145 (Data: 0.01213, Mono: 0.00003) | Val MSE: 0.000841 (RMSE: 0.0290) [BEST]
2026-09-13 15:13:03,971 - INFO - Epoch [ 168/2000] LR: 0.000099 | Train Loss: 0.012308 (Data: 0.01230, Mono: 0.00003) | Val MSE: 0.000829 (RMSE: 0.0288) [BEST]
2026-09-13 15:13:04,015 - INFO - Epoch [ 169/2000] LR: 0.000099 | Train Loss: 0.012172 (Data: 0.01216, Mono: 0.00003) | Val MSE: 0.000827 (RMSE: 0.0288) [BEST]
2026-09-13 15:13:04,057 - INFO - Epoch [ 170/2000] LR: 0.000099 | Train Loss: 0.011981 (Data: 0.01197, Mono: 0.00003) | Val MSE: 0.000828 (RMSE: 0.0288) 
2026-09-13 15:13:04,098 - INFO - Epoch [ 171/2000] LR: 0.000099 | Train Loss: 0.011957 (Data: 0.01195, Mono: 0.00003) | Val MSE: 0.000822 (RMSE: 0.0287) [BEST]
2026-09-13 15:13:04,137 - INFO - Epoch [ 172/2000] LR: 0.000099 | Train Loss: 0.011877 (Data: 0.01187, Mono: 0.00003) | Val MSE: 0.000818 (RMSE: 0.0286) [BEST]
2026-09-13 15:13:04,209 - INFO - Epoch [ 174/2000] LR: 0.000099 | Train Loss: 0.011889 (Data: 0.01188, Mono: 0.00003) | Val MSE: 0.000814 (RMSE: 0.0285) [BEST]
2026-09-13 15:13:04,254 - INFO - Epoch [ 175/2000] LR: 0.000099 | Train Loss: 0.011508 (Data: 0.01150, Mono: 0.00003) | Val MSE: 0.000811 (RMSE: 0.0285) [BEST]
2026-09-13 15:13:04,293 - INFO - Epoch [ 176/2000] LR: 0.000099 | Train Loss: 0.011680 (Data: 0.01167, Mono: 0.00003) | Val MSE: 0.000806 (RMSE: 0.0284) [BEST]
2026-09-13 15:13:04,332 - INFO - Epoch [ 177/2000] LR: 0.000099 | Train Loss: 0.011560 (Data: 0.01155, Mono: 0.00003) | Val MSE: 0.000802 (RMSE: 0.0283) [BEST]
2026-09-13 15:13:04,372 - INFO - Epoch [ 178/2000] LR: 0.000099 | Train Loss: 0.011435 (Data: 0.01142, Mono: 0.00003) | Val MSE: 0.000798 (RMSE: 0.0282) [BEST]
2026-09-13 15:13:04,451 - INFO - Epoch [ 180/2000] LR: 0.000099 | Train Loss: 0.011551 (Data: 0.01154, Mono: 0.00003) | Val MSE: 0.000794 (RMSE: 0.0282) [BEST]
2026-09-13 15:13:04,577 - INFO - Epoch [ 183/2000] LR: 0.000099 | Train Loss: 0.011084 (Data: 0.01107, Mono: 0.00003) | Val MSE: 0.000786 (RMSE: 0.0280) [BEST]
2026-09-13 15:13:04,621 - INFO - Epoch [ 184/2000] LR: 0.000099 | Train Loss: 0.011042 (Data: 0.01103, Mono: 0.00003) | Val MSE: 0.000783 (RMSE: 0.0280) [BEST]
2026-09-13 15:13:04,661 - INFO - Epoch [ 185/2000] LR: 0.000099 | Train Loss: 0.011374 (Data: 0.01136, Mono: 0.00003) | Val MSE: 0.000779 (RMSE: 0.0279) [BEST]
2026-09-13 15:13:04,701 - INFO - Epoch [ 186/2000] LR: 0.000098 | Train Loss: 0.011160 (Data: 0.01115, Mono: 0.00003) | Val MSE: 0.000778 (RMSE: 0.0279) [BEST]
2026-09-13 15:13:04,811 - INFO - Epoch [ 189/2000] LR: 0.000098 | Train Loss: 0.010997 (Data: 0.01099, Mono: 0.00003) | Val MSE: 0.000771 (RMSE: 0.0278) [BEST]
2026-09-13 15:13:04,856 - INFO - Epoch [ 190/2000] LR: 0.000098 | Train Loss: 0.010703 (Data: 0.01069, Mono: 0.00003) | Val MSE: 0.000767 (RMSE: 0.0277) [BEST]
2026-09-13 15:13:04,971 - INFO - Epoch [ 193/2000] LR: 0.000098 | Train Loss: 0.010611 (Data: 0.01060, Mono: 0.00002) | Val MSE: 0.000759 (RMSE: 0.0275) [BEST]
2026-09-13 15:13:05,014 - INFO - Epoch [ 194/2000] LR: 0.000098 | Train Loss: 0.010640 (Data: 0.01063, Mono: 0.00003) | Val MSE: 0.000756 (RMSE: 0.0275) [BEST]
2026-09-13 15:13:05,089 - INFO - Epoch [ 196/2000] LR: 0.000098 | Train Loss: 0.010437 (Data: 0.01043, Mono: 0.00003) | Val MSE: 0.000756 (RMSE: 0.0275) [BEST]
2026-09-13 15:13:05,132 - INFO - Epoch [ 197/2000] LR: 0.000098 | Train Loss: 0.010595 (Data: 0.01058, Mono: 0.00003) | Val MSE: 0.000751 (RMSE: 0.0274) [BEST]
2026-09-13 15:13:05,176 - INFO - Epoch [ 198/2000] LR: 0.000098 | Train Loss: 0.010144 (Data: 0.01013, Mono: 0.00003) | Val MSE: 0.000751 (RMSE: 0.0274) [BEST]
2026-09-13 15:13:05,217 - INFO - Epoch [ 199/2000] LR: 0.000098 | Train Loss: 0.010255 (Data: 0.01024, Mono: 0.00003) | Val MSE: 0.000750 (RMSE: 0.0274) [BEST]
2026-09-13 15:13:05,254 - INFO - Epoch [ 200/2000] LR: 0.000098 | Train Loss: 0.010396 (Data: 0.01039, Mono: 0.00003) | Val MSE: 0.000757 (RMSE: 0.0275) 
2026-09-13 15:13:05,335 - INFO - Epoch [ 202/2000] LR: 0.000098 | Train Loss: 0.010183 (Data: 0.01017, Mono: 0.00002) | Val MSE: 0.000738 (RMSE: 0.0272) [BEST]
2026-09-13 15:13:05,371 - INFO - Epoch [ 203/2000] LR: 0.000098 | Train Loss: 0.010068 (Data: 0.01006, Mono: 0.00003) | Val MSE: 0.000735 (RMSE: 0.0271) [BEST]
2026-09-13 15:13:05,415 - INFO - Epoch [ 204/2000] LR: 0.000098 | Train Loss: 0.010105 (Data: 0.01009, Mono: 0.00003) | Val MSE: 0.000733 (RMSE: 0.0271) [BEST]
2026-09-13 15:13:05,572 - INFO - Epoch [ 208/2000] LR: 0.000098 | Train Loss: 0.009707 (Data: 0.00970, Mono: 0.00002) | Val MSE: 0.000725 (RMSE: 0.0269) [BEST]
2026-09-13 15:13:05,613 - INFO - Epoch [ 209/2000] LR: 0.000098 | Train Loss: 0.010132 (Data: 0.01012, Mono: 0.00003) | Val MSE: 0.000722 (RMSE: 0.0269) [BEST]
2026-09-13 15:13:05,652 - INFO - Epoch [ 210/2000] LR: 0.000098 | Train Loss: 0.009839 (Data: 0.00983, Mono: 0.00003) | Val MSE: 0.000734 (RMSE: 0.0271) 
2026-09-13 15:13:05,691 - INFO - Epoch [ 211/2000] LR: 0.000098 | Train Loss: 0.009710 (Data: 0.00970, Mono: 0.00002) | Val MSE: 0.000720 (RMSE: 0.0268) [BEST]
2026-09-13 15:13:05,806 - INFO - Epoch [ 214/2000] LR: 0.000098 | Train Loss: 0.009664 (Data: 0.00965, Mono: 0.00003) | Val MSE: 0.000706 (RMSE: 0.0266) [BEST]
2026-09-13 15:13:05,846 - INFO - Epoch [ 215/2000] LR: 0.000098 | Train Loss: 0.009570 (Data: 0.00956, Mono: 0.00003) | Val MSE: 0.000703 (RMSE: 0.0265) [BEST]
2026-09-13 15:13:05,885 - INFO - Epoch [ 216/2000] LR: 0.000098 | Train Loss: 0.009481 (Data: 0.00947, Mono: 0.00003) | Val MSE: 0.000702 (RMSE: 0.0265) [BEST]
2026-09-13 15:13:05,960 - INFO - Epoch [ 218/2000] LR: 0.000098 | Train Loss: 0.009283 (Data: 0.00927, Mono: 0.00003) | Val MSE: 0.000700 (RMSE: 0.0265) [BEST]
2026-09-13 15:13:06,002 - INFO - Epoch [ 219/2000] LR: 0.000098 | Train Loss: 0.009617 (Data: 0.00961, Mono: 0.00002) | Val MSE: 0.000698 (RMSE: 0.0264) [BEST]
2026-09-13 15:13:06,042 - INFO - Epoch [ 220/2000] LR: 0.000098 | Train Loss: 0.009190 (Data: 0.00918, Mono: 0.00002) | Val MSE: 0.000695 (RMSE: 0.0264) [BEST]
2026-09-13 15:13:06,080 - INFO - Epoch [ 221/2000] LR: 0.000098 | Train Loss: 0.009487 (Data: 0.00948, Mono: 0.00003) | Val MSE: 0.000692 (RMSE: 0.0263) [BEST]
2026-09-13 15:13:06,121 - INFO - Epoch [ 222/2000] LR: 0.000098 | Train Loss: 0.009100 (Data: 0.00909, Mono: 0.00002) | Val MSE: 0.000687 (RMSE: 0.0262) [BEST]
2026-09-13 15:13:06,234 - INFO - Epoch [ 225/2000] LR: 0.000098 | Train Loss: 0.008977 (Data: 0.00897, Mono: 0.00002) | Val MSE: 0.000678 (RMSE: 0.0260) [BEST]
2026-09-13 15:13:06,280 - INFO - Epoch [ 226/2000] LR: 0.000098 | Train Loss: 0.008874 (Data: 0.00886, Mono: 0.00002) | Val MSE: 0.000676 (RMSE: 0.0260) [BEST]
2026-09-13 15:13:06,321 - INFO - Epoch [ 227/2000] LR: 0.000098 | Train Loss: 0.008807 (Data: 0.00880, Mono: 0.00002) | Val MSE: 0.000675 (RMSE: 0.0260) [BEST]
2026-09-13 15:13:06,403 - INFO - Epoch [ 229/2000] LR: 0.000098 | Train Loss: 0.008972 (Data: 0.00896, Mono: 0.00002) | Val MSE: 0.000671 (RMSE: 0.0259) [BEST]
2026-09-13 15:13:06,455 - INFO - Epoch [ 230/2000] LR: 0.000098 | Train Loss: 0.008845 (Data: 0.00884, Mono: 0.00003) | Val MSE: 0.000671 (RMSE: 0.0259) [BEST]
2026-09-13 15:13:06,495 - INFO - Epoch [ 231/2000] LR: 0.000097 | Train Loss: 0.008971 (Data: 0.00896, Mono: 0.00003) | Val MSE: 0.000667 (RMSE: 0.0258) [BEST]
2026-09-13 15:13:06,600 - INFO - Epoch [ 234/2000] LR: 0.000097 | Train Loss: 0.008730 (Data: 0.00872, Mono: 0.00003) | Val MSE: 0.000659 (RMSE: 0.0257) [BEST]
2026-09-13 15:13:06,687 - INFO - Epoch [ 236/2000] LR: 0.000097 | Train Loss: 0.008641 (Data: 0.00863, Mono: 0.00003) | Val MSE: 0.000654 (RMSE: 0.0256) [BEST]
2026-09-13 15:13:06,802 - INFO - Epoch [ 239/2000] LR: 0.000097 | Train Loss: 0.008325 (Data: 0.00832, Mono: 0.00002) | Val MSE: 0.000649 (RMSE: 0.0255) [BEST]
2026-09-13 15:13:06,842 - INFO - Epoch [ 240/2000] LR: 0.000097 | Train Loss: 0.008604 (Data: 0.00859, Mono: 0.00002) | Val MSE: 0.000645 (RMSE: 0.0254) [BEST]
2026-09-13 15:13:06,997 - INFO - Epoch [ 244/2000] LR: 0.000097 | Train Loss: 0.008174 (Data: 0.00816, Mono: 0.00002) | Val MSE: 0.000632 (RMSE: 0.0251) [BEST]
2026-09-13 15:13:07,047 - INFO - Epoch [ 245/2000] LR: 0.000097 | Train Loss: 0.008282 (Data: 0.00827, Mono: 0.00002) | Val MSE: 0.000631 (RMSE: 0.0251) [BEST]
2026-09-13 15:13:07,088 - INFO - Epoch [ 246/2000] LR: 0.000097 | Train Loss: 0.008165 (Data: 0.00816, Mono: 0.00002) | Val MSE: 0.000626 (RMSE: 0.0250) [BEST]
2026-09-13 15:13:07,206 - INFO - Epoch [ 249/2000] LR: 0.000097 | Train Loss: 0.008119 (Data: 0.00811, Mono: 0.00002) | Val MSE: 0.000625 (RMSE: 0.0250) [BEST]
2026-09-13 15:13:07,246 - INFO - Epoch [ 250/2000] LR: 0.000097 | Train Loss: 0.007796 (Data: 0.00779, Mono: 0.00002) | Val MSE: 0.000622 (RMSE: 0.0249) [BEST]
2026-09-13 15:13:07,288 - INFO - Epoch [ 251/2000] LR: 0.000097 | Train Loss: 0.007929 (Data: 0.00792, Mono: 0.00002) | Val MSE: 0.000619 (RMSE: 0.0249) [BEST]
2026-09-13 15:13:07,400 - INFO - Epoch [ 254/2000] LR: 0.000097 | Train Loss: 0.007700 (Data: 0.00769, Mono: 0.00002) | Val MSE: 0.000618 (RMSE: 0.0249) [BEST]
2026-09-13 15:13:07,452 - INFO - Epoch [ 255/2000] LR: 0.000097 | Train Loss: 0.007595 (Data: 0.00759, Mono: 0.00002) | Val MSE: 0.000617 (RMSE: 0.0248) [BEST]
2026-09-13 15:13:07,492 - INFO - Epoch [ 256/2000] LR: 0.000097 | Train Loss: 0.007859 (Data: 0.00785, Mono: 0.00002) | Val MSE: 0.000609 (RMSE: 0.0247) [BEST]
2026-09-13 15:13:07,638 - INFO - Epoch [ 260/2000] LR: 0.000097 | Train Loss: 0.007549 (Data: 0.00754, Mono: 0.00002) | Val MSE: 0.000602 (RMSE: 0.0245) [BEST]
2026-09-13 15:13:07,685 - INFO - Epoch [ 261/2000] LR: 0.000097 | Train Loss: 0.007509 (Data: 0.00750, Mono: 0.00002) | Val MSE: 0.000598 (RMSE: 0.0245) [BEST]
2026-09-13 15:13:07,726 - INFO - Epoch [ 262/2000] LR: 0.000097 | Train Loss: 0.007565 (Data: 0.00755, Mono: 0.00002) | Val MSE: 0.000597 (RMSE: 0.0244) [BEST]
2026-09-13 15:13:07,767 - INFO - Epoch [ 263/2000] LR: 0.000097 | Train Loss: 0.007456 (Data: 0.00745, Mono: 0.00002) | Val MSE: 0.000597 (RMSE: 0.0244) [BEST]
2026-09-13 15:13:07,875 - INFO - Epoch [ 266/2000] LR: 0.000097 | Train Loss: 0.007383 (Data: 0.00737, Mono: 0.00002) | Val MSE: 0.000587 (RMSE: 0.0242) [BEST]
2026-09-13 15:13:07,923 - INFO - Epoch [ 267/2000] LR: 0.000097 | Train Loss: 0.007336 (Data: 0.00733, Mono: 0.00002) | Val MSE: 0.000586 (RMSE: 0.0242) [BEST]
2026-09-13 15:13:07,963 - INFO - Epoch [ 268/2000] LR: 0.000096 | Train Loss: 0.007510 (Data: 0.00750, Mono: 0.00002) | Val MSE: 0.000581 (RMSE: 0.0241) [BEST]
2026-09-13 15:13:08,032 - INFO - Epoch [ 270/2000] LR: 0.000096 | Train Loss: 0.007211 (Data: 0.00720, Mono: 0.00002) | Val MSE: 0.000598 (RMSE: 0.0244) 
2026-09-13 15:13:08,078 - INFO - Epoch [ 271/2000] LR: 0.000096 | Train Loss: 0.007196 (Data: 0.00719, Mono: 0.00002) | Val MSE: 0.000573 (RMSE: 0.0239) [BEST]
2026-09-13 15:13:08,119 - INFO - Epoch [ 272/2000] LR: 0.000096 | Train Loss: 0.007356 (Data: 0.00735, Mono: 0.00002) | Val MSE: 0.000571 (RMSE: 0.0239) [BEST]
2026-09-13 15:13:08,158 - INFO - Epoch [ 273/2000] LR: 0.000096 | Train Loss: 0.007129 (Data: 0.00712, Mono: 0.00002) | Val MSE: 0.000570 (RMSE: 0.0239) [BEST]
2026-09-13 15:13:08,272 - INFO - Epoch [ 276/2000] LR: 0.000096 | Train Loss: 0.007381 (Data: 0.00737, Mono: 0.00002) | Val MSE: 0.000568 (RMSE: 0.0238) [BEST]
2026-09-13 15:13:08,314 - INFO - Epoch [ 277/2000] LR: 0.000096 | Train Loss: 0.006926 (Data: 0.00692, Mono: 0.00002) | Val MSE: 0.000564 (RMSE: 0.0238) [BEST]
2026-09-13 15:13:08,364 - INFO - Epoch [ 278/2000] LR: 0.000096 | Train Loss: 0.006692 (Data: 0.00668, Mono: 0.00002) | Val MSE: 0.000564 (RMSE: 0.0238) [BEST]
2026-09-13 15:13:08,412 - INFO - Epoch [ 279/2000] LR: 0.000096 | Train Loss: 0.007097 (Data: 0.00709, Mono: 0.00002) | Val MSE: 0.000561 (RMSE: 0.0237) [BEST]
2026-09-13 15:13:08,453 - INFO - Epoch [ 280/2000] LR: 0.000096 | Train Loss: 0.006810 (Data: 0.00680, Mono: 0.00002) | Val MSE: 0.000559 (RMSE: 0.0236) [BEST]
2026-09-13 15:13:08,568 - INFO - Epoch [ 283/2000] LR: 0.000096 | Train Loss: 0.006962 (Data: 0.00695, Mono: 0.00002) | Val MSE: 0.000553 (RMSE: 0.0235) [BEST]
2026-09-13 15:13:08,643 - INFO - Epoch [ 285/2000] LR: 0.000096 | Train Loss: 0.006642 (Data: 0.00663, Mono: 0.00002) | Val MSE: 0.000550 (RMSE: 0.0235) [BEST]
2026-09-13 15:13:08,684 - INFO - Epoch [ 286/2000] LR: 0.000096 | Train Loss: 0.006770 (Data: 0.00676, Mono: 0.00002) | Val MSE: 0.000547 (RMSE: 0.0234) [BEST]
2026-09-13 15:13:08,724 - INFO - Epoch [ 287/2000] LR: 0.000096 | Train Loss: 0.006634 (Data: 0.00662, Mono: 0.00002) | Val MSE: 0.000546 (RMSE: 0.0234) [BEST]
2026-09-13 15:13:08,764 - INFO - Epoch [ 288/2000] LR: 0.000096 | Train Loss: 0.006649 (Data: 0.00664, Mono: 0.00002) | Val MSE: 0.000543 (RMSE: 0.0233) [BEST]
2026-09-13 15:13:08,803 - INFO - Epoch [ 289/2000] LR: 0.000096 | Train Loss: 0.006689 (Data: 0.00668, Mono: 0.00002) | Val MSE: 0.000540 (RMSE: 0.0232) [BEST]
2026-09-13 15:13:08,842 - INFO - Epoch [ 290/2000] LR: 0.000096 | Train Loss: 0.006577 (Data: 0.00657, Mono: 0.00002) | Val MSE: 0.000557 (RMSE: 0.0236) 
2026-09-13 15:13:08,948 - INFO - Epoch [ 293/2000] LR: 0.000096 | Train Loss: 0.006429 (Data: 0.00642, Mono: 0.00002) | Val MSE: 0.000533 (RMSE: 0.0231) [BEST]
2026-09-13 15:13:08,996 - INFO - Epoch [ 294/2000] LR: 0.000096 | Train Loss: 0.006359 (Data: 0.00635, Mono: 0.00002) | Val MSE: 0.000531 (RMSE: 0.0231) [BEST]
2026-09-13 15:13:09,151 - INFO - Epoch [ 298/2000] LR: 0.000096 | Train Loss: 0.006425 (Data: 0.00642, Mono: 0.00002) | Val MSE: 0.000531 (RMSE: 0.0230) [BEST]
2026-09-13 15:13:09,193 - INFO - Epoch [ 299/2000] LR: 0.000096 | Train Loss: 0.006244 (Data: 0.00624, Mono: 0.00002) | Val MSE: 0.000527 (RMSE: 0.0230) [BEST]
2026-09-13 15:13:09,234 - INFO - Epoch [ 300/2000] LR: 0.000096 | Train Loss: 0.006219 (Data: 0.00621, Mono: 0.00002) | Val MSE: 0.000526 (RMSE: 0.0229) [BEST]
2026-09-13 15:13:09,348 - INFO - Epoch [ 303/2000] LR: 0.000095 | Train Loss: 0.006190 (Data: 0.00618, Mono: 0.00002) | Val MSE: 0.000519 (RMSE: 0.0228) [BEST]
2026-09-13 15:13:09,390 - INFO - Epoch [ 304/2000] LR: 0.000095 | Train Loss: 0.006210 (Data: 0.00620, Mono: 0.00002) | Val MSE: 0.000513 (RMSE: 0.0227) [BEST]
2026-09-13 15:13:09,429 - INFO - Epoch [ 305/2000] LR: 0.000095 | Train Loss: 0.006085 (Data: 0.00608, Mono: 0.00002) | Val MSE: 0.000512 (RMSE: 0.0226) [BEST]
2026-09-13 15:13:09,582 - INFO - Epoch [ 309/2000] LR: 0.000095 | Train Loss: 0.006001 (Data: 0.00599, Mono: 0.00002) | Val MSE: 0.000505 (RMSE: 0.0225) [BEST]
2026-09-13 15:13:09,625 - INFO - Epoch [ 310/2000] LR: 0.000095 | Train Loss: 0.006007 (Data: 0.00600, Mono: 0.00002) | Val MSE: 0.000503 (RMSE: 0.0224) [BEST]
2026-09-13 15:13:09,732 - INFO - Epoch [ 313/2000] LR: 0.000095 | Train Loss: 0.005880 (Data: 0.00587, Mono: 0.00002) | Val MSE: 0.000498 (RMSE: 0.0223) [BEST]
2026-09-13 15:13:09,783 - INFO - Epoch [ 314/2000] LR: 0.000095 | Train Loss: 0.006033 (Data: 0.00603, Mono: 0.00002) | Val MSE: 0.000498 (RMSE: 0.0223) [BEST]
2026-09-13 15:13:09,900 - INFO - Epoch [ 317/2000] LR: 0.000095 | Train Loss: 0.005858 (Data: 0.00585, Mono: 0.00002) | Val MSE: 0.000497 (RMSE: 0.0223) [BEST]
2026-09-13 15:13:09,936 - INFO - Epoch [ 318/2000] LR: 0.000095 | Train Loss: 0.005862 (Data: 0.00585, Mono: 0.00002) | Val MSE: 0.000494 (RMSE: 0.0222) [BEST]
2026-09-13 15:13:10,009 - INFO - Epoch [ 320/2000] LR: 0.000095 | Train Loss: 0.005821 (Data: 0.00581, Mono: 0.00002) | Val MSE: 0.000499 (RMSE: 0.0223) 
2026-09-13 15:13:10,093 - INFO - Epoch [ 322/2000] LR: 0.000095 | Train Loss: 0.005722 (Data: 0.00571, Mono: 0.00002) | Val MSE: 0.000487 (RMSE: 0.0221) [BEST]
2026-09-13 15:13:10,133 - INFO - Epoch [ 323/2000] LR: 0.000095 | Train Loss: 0.005876 (Data: 0.00587, Mono: 0.00002) | Val MSE: 0.000485 (RMSE: 0.0220) [BEST]
2026-09-13 15:13:10,241 - INFO - Epoch [ 326/2000] LR: 0.000095 | Train Loss: 0.005704 (Data: 0.00570, Mono: 0.00002) | Val MSE: 0.000478 (RMSE: 0.0219) [BEST]
2026-09-13 15:13:10,386 - INFO - Epoch [ 329/2000] LR: 0.000095 | Train Loss: 0.005530 (Data: 0.00552, Mono: 0.00002) | Val MSE: 0.000477 (RMSE: 0.0218) [BEST]
2026-09-13 15:13:10,426 - INFO - Epoch [ 330/2000] LR: 0.000094 | Train Loss: 0.005726 (Data: 0.00572, Mono: 0.00002) | Val MSE: 0.000480 (RMSE: 0.0219) 
2026-09-13 15:13:10,500 - INFO - Epoch [ 332/2000] LR: 0.000094 | Train Loss: 0.005623 (Data: 0.00562, Mono: 0.00002) | Val MSE: 0.000470 (RMSE: 0.0217) [BEST]
2026-09-13 15:13:10,660 - INFO - Epoch [ 336/2000] LR: 0.000094 | Train Loss: 0.005504 (Data: 0.00550, Mono: 0.00002) | Val MSE: 0.000462 (RMSE: 0.0215) [BEST]
2026-09-13 15:13:10,738 - INFO - Epoch [ 338/2000] LR: 0.000094 | Train Loss: 0.005336 (Data: 0.00533, Mono: 0.00002) | Val MSE: 0.000462 (RMSE: 0.0215) [BEST]
2026-09-13 15:13:10,777 - INFO - Epoch [ 339/2000] LR: 0.000094 | Train Loss: 0.005248 (Data: 0.00524, Mono: 0.00002) | Val MSE: 0.000462 (RMSE: 0.0215) [BEST]
2026-09-13 15:13:10,816 - INFO - Epoch [ 340/2000] LR: 0.000094 | Train Loss: 0.005415 (Data: 0.00541, Mono: 0.00002) | Val MSE: 0.000463 (RMSE: 0.0215) 
2026-09-13 15:13:10,859 - INFO - Epoch [ 341/2000] LR: 0.000094 | Train Loss: 0.005144 (Data: 0.00514, Mono: 0.00002) | Val MSE: 0.000458 (RMSE: 0.0214) [BEST]
2026-09-13 15:13:10,897 - INFO - Epoch [ 342/2000] LR: 0.000094 | Train Loss: 0.005334 (Data: 0.00533, Mono: 0.00002) | Val MSE: 0.000456 (RMSE: 0.0214) [BEST]
2026-09-13 15:13:10,972 - INFO - Epoch [ 344/2000] LR: 0.000094 | Train Loss: 0.005141 (Data: 0.00513, Mono: 0.00002) | Val MSE: 0.000454 (RMSE: 0.0213) [BEST]
2026-09-13 15:13:11,092 - INFO - Epoch [ 347/2000] LR: 0.000094 | Train Loss: 0.005186 (Data: 0.00518, Mono: 0.00002) | Val MSE: 0.000448 (RMSE: 0.0212) [BEST]
2026-09-13 15:13:11,200 - INFO - Epoch [ 350/2000] LR: 0.000094 | Train Loss: 0.005191 (Data: 0.00518, Mono: 0.00002) | Val MSE: 0.000446 (RMSE: 0.0211) [BEST]
2026-09-13 15:13:11,245 - INFO - Epoch [ 351/2000] LR: 0.000094 | Train Loss: 0.005109 (Data: 0.00510, Mono: 0.00002) | Val MSE: 0.000438 (RMSE: 0.0209) [BEST]
2026-09-13 15:13:11,437 - INFO - Epoch [ 356/2000] LR: 0.000093 | Train Loss: 0.005086 (Data: 0.00508, Mono: 0.00002) | Val MSE: 0.000432 (RMSE: 0.0208) [BEST]
2026-09-13 15:13:11,594 - INFO - Epoch [ 360/2000] LR: 0.000093 | Train Loss: 0.005055 (Data: 0.00505, Mono: 0.00002) | Val MSE: 0.000460 (RMSE: 0.0214) 
2026-09-13 15:13:11,670 - INFO - Epoch [ 362/2000] LR: 0.000093 | Train Loss: 0.004964 (Data: 0.00496, Mono: 0.00002) | Val MSE: 0.000428 (RMSE: 0.0207) [BEST]
2026-09-13 15:13:11,901 - INFO - Epoch [ 368/2000] LR: 0.000093 | Train Loss: 0.004757 (Data: 0.00475, Mono: 0.00002) | Val MSE: 0.000428 (RMSE: 0.0207) [BEST]
2026-09-13 15:13:11,943 - INFO - Epoch [ 369/2000] LR: 0.000093 | Train Loss: 0.004840 (Data: 0.00483, Mono: 0.00002) | Val MSE: 0.000425 (RMSE: 0.0206) [BEST]
2026-09-13 15:13:11,981 - INFO - Epoch [ 370/2000] LR: 0.000093 | Train Loss: 0.004856 (Data: 0.00485, Mono: 0.00002) | Val MSE: 0.000463 (RMSE: 0.0215) 
2026-09-13 15:13:12,060 - INFO - Epoch [ 372/2000] LR: 0.000093 | Train Loss: 0.004773 (Data: 0.00477, Mono: 0.00002) | Val MSE: 0.000423 (RMSE: 0.0206) [BEST]
2026-09-13 15:13:12,135 - INFO - Epoch [ 374/2000] LR: 0.000093 | Train Loss: 0.004779 (Data: 0.00477, Mono: 0.00002) | Val MSE: 0.000419 (RMSE: 0.0205) [BEST]
2026-09-13 15:13:12,218 - INFO - Epoch [ 376/2000] LR: 0.000093 | Train Loss: 0.004658 (Data: 0.00465, Mono: 0.00002) | Val MSE: 0.000411 (RMSE: 0.0203) [BEST]
2026-09-13 15:13:12,293 - INFO - Epoch [ 378/2000] LR: 0.000093 | Train Loss: 0.004755 (Data: 0.00475, Mono: 0.00002) | Val MSE: 0.000409 (RMSE: 0.0202) [BEST]
2026-09-13 15:13:12,356 - INFO - Epoch [ 379/2000] LR: 0.000093 | Train Loss: 0.004618 (Data: 0.00461, Mono: 0.00002) | Val MSE: 0.000405 (RMSE: 0.0201) [BEST]
2026-09-13 15:13:12,402 - INFO - Epoch [ 380/2000] LR: 0.000093 | Train Loss: 0.004614 (Data: 0.00461, Mono: 0.00002) | Val MSE: 0.000404 (RMSE: 0.0201) [BEST]
2026-09-13 15:13:12,586 - INFO - Epoch [ 385/2000] LR: 0.000092 | Train Loss: 0.004697 (Data: 0.00469, Mono: 0.00002) | Val MSE: 0.000403 (RMSE: 0.0201) [BEST]
2026-09-13 15:13:12,666 - INFO - Epoch [ 387/2000] LR: 0.000092 | Train Loss: 0.004515 (Data: 0.00451, Mono: 0.00002) | Val MSE: 0.000398 (RMSE: 0.0199) [BEST]
2026-09-13 15:13:12,713 - INFO - Epoch [ 388/2000] LR: 0.000092 | Train Loss: 0.004504 (Data: 0.00450, Mono: 0.00002) | Val MSE: 0.000395 (RMSE: 0.0199) [BEST]
2026-09-13 15:13:12,753 - INFO - Epoch [ 389/2000] LR: 0.000092 | Train Loss: 0.004490 (Data: 0.00448, Mono: 0.00002) | Val MSE: 0.000395 (RMSE: 0.0199) [BEST]
2026-09-13 15:13:12,793 - INFO - Epoch [ 390/2000] LR: 0.000092 | Train Loss: 0.004382 (Data: 0.00438, Mono: 0.00002) | Val MSE: 0.000392 (RMSE: 0.0198) [BEST]
2026-09-13 15:13:12,905 - INFO - Epoch [ 393/2000] LR: 0.000092 | Train Loss: 0.004537 (Data: 0.00453, Mono: 0.00002) | Val MSE: 0.000388 (RMSE: 0.0197) [BEST]
2026-09-13 15:13:13,061 - INFO - Epoch [ 397/2000] LR: 0.000092 | Train Loss: 0.004310 (Data: 0.00430, Mono: 0.00002) | Val MSE: 0.000382 (RMSE: 0.0195) [BEST]
2026-09-13 15:13:13,133 - INFO - Epoch [ 399/2000] LR: 0.000092 | Train Loss: 0.004454 (Data: 0.00445, Mono: 0.00002) | Val MSE: 0.000377 (RMSE: 0.0194) [BEST]
2026-09-13 15:13:13,181 - INFO - Epoch [ 400/2000] LR: 0.000092 | Train Loss: 0.004233 (Data: 0.00423, Mono: 0.00002) | Val MSE: 0.000382 (RMSE: 0.0195) 
2026-09-13 15:13:13,224 - INFO - Epoch [ 401/2000] LR: 0.000092 | Train Loss: 0.004192 (Data: 0.00419, Mono: 0.00002) | Val MSE: 0.000374 (RMSE: 0.0193) [BEST]
2026-09-13 15:13:13,376 - INFO - Epoch [ 405/2000] LR: 0.000091 | Train Loss: 0.004298 (Data: 0.00429, Mono: 0.00002) | Val MSE: 0.000372 (RMSE: 0.0193) [BEST]
2026-09-13 15:13:13,411 - INFO - Epoch [ 406/2000] LR: 0.000091 | Train Loss: 0.004348 (Data: 0.00434, Mono: 0.00002) | Val MSE: 0.000372 (RMSE: 0.0193) [BEST]
2026-09-13 15:13:13,568 - INFO - Epoch [ 410/2000] LR: 0.000091 | Train Loss: 0.004198 (Data: 0.00419, Mono: 0.00002) | Val MSE: 0.000387 (RMSE: 0.0197) 
2026-09-13 15:13:13,616 - INFO - Epoch [ 411/2000] LR: 0.000091 | Train Loss: 0.004328 (Data: 0.00432, Mono: 0.00002) | Val MSE: 0.000370 (RMSE: 0.0192) [BEST]
2026-09-13 15:13:13,656 - INFO - Epoch [ 412/2000] LR: 0.000091 | Train Loss: 0.004226 (Data: 0.00422, Mono: 0.00002) | Val MSE: 0.000368 (RMSE: 0.0192) [BEST]
2026-09-13 15:13:13,694 - INFO - Epoch [ 413/2000] LR: 0.000091 | Train Loss: 0.004175 (Data: 0.00417, Mono: 0.00002) | Val MSE: 0.000366 (RMSE: 0.0191) [BEST]
2026-09-13 15:13:13,847 - INFO - Epoch [ 417/2000] LR: 0.000091 | Train Loss: 0.004226 (Data: 0.00422, Mono: 0.00002) | Val MSE: 0.000365 (RMSE: 0.0191) [BEST]
2026-09-13 15:13:13,924 - INFO - Epoch [ 419/2000] LR: 0.000091 | Train Loss: 0.004032 (Data: 0.00403, Mono: 0.00002) | Val MSE: 0.000361 (RMSE: 0.0190) [BEST]
2026-09-13 15:13:13,971 - INFO - Epoch [ 420/2000] LR: 0.000091 | Train Loss: 0.004124 (Data: 0.00412, Mono: 0.00002) | Val MSE: 0.000375 (RMSE: 0.0194) 
2026-09-13 15:13:14,048 - INFO - Epoch [ 422/2000] LR: 0.000091 | Train Loss: 0.004093 (Data: 0.00409, Mono: 0.00002) | Val MSE: 0.000356 (RMSE: 0.0189) [BEST]
2026-09-13 15:13:14,127 - INFO - Epoch [ 424/2000] LR: 0.000091 | Train Loss: 0.004136 (Data: 0.00413, Mono: 0.00002) | Val MSE: 0.000355 (RMSE: 0.0189) [BEST]
2026-09-13 15:13:14,282 - INFO - Epoch [ 428/2000] LR: 0.000090 | Train Loss: 0.004038 (Data: 0.00403, Mono: 0.00002) | Val MSE: 0.000352 (RMSE: 0.0188) [BEST]
2026-09-13 15:13:14,350 - INFO - Epoch [ 430/2000] LR: 0.000090 | Train Loss: 0.003964 (Data: 0.00396, Mono: 0.00002) | Val MSE: 0.000366 (RMSE: 0.0191) 
2026-09-13 15:13:14,396 - INFO - Epoch [ 431/2000] LR: 0.000090 | Train Loss: 0.004028 (Data: 0.00402, Mono: 0.00002) | Val MSE: 0.000349 (RMSE: 0.0187) [BEST]
2026-09-13 15:13:14,530 - INFO - Epoch [ 434/2000] LR: 0.000090 | Train Loss: 0.003817 (Data: 0.00381, Mono: 0.00001) | Val MSE: 0.000348 (RMSE: 0.0187) [BEST]
2026-09-13 15:13:14,682 - INFO - Epoch [ 438/2000] LR: 0.000090 | Train Loss: 0.003910 (Data: 0.00390, Mono: 0.00002) | Val MSE: 0.000347 (RMSE: 0.0186) [BEST]
2026-09-13 15:13:14,726 - INFO - Epoch [ 439/2000] LR: 0.000090 | Train Loss: 0.003888 (Data: 0.00388, Mono: 0.00002) | Val MSE: 0.000346 (RMSE: 0.0186) [BEST]
2026-09-13 15:13:14,765 - INFO - Epoch [ 440/2000] LR: 0.000090 | Train Loss: 0.003845 (Data: 0.00384, Mono: 0.00002) | Val MSE: 0.000347 (RMSE: 0.0186) 
2026-09-13 15:13:14,952 - INFO - Epoch [ 445/2000] LR: 0.000090 | Train Loss: 0.003856 (Data: 0.00385, Mono: 0.00002) | Val MSE: 0.000342 (RMSE: 0.0185) [BEST]
2026-09-13 15:13:15,034 - INFO - Epoch [ 447/2000] LR: 0.000090 | Train Loss: 0.003898 (Data: 0.00389, Mono: 0.00002) | Val MSE: 0.000337 (RMSE: 0.0184) [BEST]
2026-09-13 15:13:15,107 - INFO - Epoch [ 449/2000] LR: 0.000089 | Train Loss: 0.003830 (Data: 0.00382, Mono: 0.00002) | Val MSE: 0.000335 (RMSE: 0.0183) [BEST]
2026-09-13 15:13:15,154 - INFO - Epoch [ 450/2000] LR: 0.000089 | Train Loss: 0.003758 (Data: 0.00375, Mono: 0.00001) | Val MSE: 0.000345 (RMSE: 0.0186) 
2026-09-13 15:13:15,231 - INFO - Epoch [ 452/2000] LR: 0.000089 | Train Loss: 0.003835 (Data: 0.00383, Mono: 0.00002) | Val MSE: 0.000334 (RMSE: 0.0183) [BEST]
2026-09-13 15:13:15,313 - INFO - Epoch [ 454/2000] LR: 0.000089 | Train Loss: 0.003586 (Data: 0.00358, Mono: 0.00002) | Val MSE: 0.000331 (RMSE: 0.0182) [BEST]
2026-09-13 15:13:15,436 - INFO - Epoch [ 457/2000] LR: 0.000089 | Train Loss: 0.003558 (Data: 0.00355, Mono: 0.00002) | Val MSE: 0.000327 (RMSE: 0.0181) [BEST]
2026-09-13 15:13:15,552 - INFO - Epoch [ 460/2000] LR: 0.000089 | Train Loss: 0.003697 (Data: 0.00369, Mono: 0.00002) | Val MSE: 0.000333 (RMSE: 0.0182) 
2026-09-13 15:13:15,629 - INFO - Epoch [ 462/2000] LR: 0.000089 | Train Loss: 0.003679 (Data: 0.00367, Mono: 0.00002) | Val MSE: 0.000323 (RMSE: 0.0180) [BEST]
2026-09-13 15:13:15,741 - INFO - Epoch [ 465/2000] LR: 0.000089 | Train Loss: 0.003655 (Data: 0.00365, Mono: 0.00002) | Val MSE: 0.000321 (RMSE: 0.0179) [BEST]
2026-09-13 15:13:15,823 - INFO - Epoch [ 467/2000] LR: 0.000089 | Train Loss: 0.003635 (Data: 0.00363, Mono: 0.00002) | Val MSE: 0.000319 (RMSE: 0.0179) [BEST]
2026-09-13 15:13:15,901 - INFO - Epoch [ 469/2000] LR: 0.000088 | Train Loss: 0.003622 (Data: 0.00362, Mono: 0.00002) | Val MSE: 0.000316 (RMSE: 0.0178) [BEST]
2026-09-13 15:13:15,943 - INFO - Epoch [ 470/2000] LR: 0.000088 | Train Loss: 0.003532 (Data: 0.00353, Mono: 0.00001) | Val MSE: 0.000319 (RMSE: 0.0179) 
2026-09-13 15:13:16,016 - INFO - Epoch [ 472/2000] LR: 0.000088 | Train Loss: 0.003534 (Data: 0.00353, Mono: 0.00002) | Val MSE: 0.000316 (RMSE: 0.0178) [BEST]
2026-09-13 15:13:16,061 - INFO - Epoch [ 473/2000] LR: 0.000088 | Train Loss: 0.003473 (Data: 0.00347, Mono: 0.00001) | Val MSE: 0.000313 (RMSE: 0.0177) [BEST]
2026-09-13 15:13:16,325 - INFO - Epoch [ 480/2000] LR: 0.000088 | Train Loss: 0.003405 (Data: 0.00340, Mono: 0.00002) | Val MSE: 0.000317 (RMSE: 0.0178) 
2026-09-13 15:13:16,361 - INFO - Epoch [ 481/2000] LR: 0.000088 | Train Loss: 0.003458 (Data: 0.00345, Mono: 0.00002) | Val MSE: 0.000311 (RMSE: 0.0176) [BEST]
2026-09-13 15:13:16,442 - INFO - Epoch [ 483/2000] LR: 0.000088 | Train Loss: 0.003353 (Data: 0.00335, Mono: 0.00002) | Val MSE: 0.000309 (RMSE: 0.0176) [BEST]
2026-09-13 15:13:16,485 - INFO - Epoch [ 484/2000] LR: 0.000088 | Train Loss: 0.003501 (Data: 0.00349, Mono: 0.00002) | Val MSE: 0.000306 (RMSE: 0.0175) [BEST]
2026-09-13 15:13:16,539 - INFO - Epoch [ 485/2000] LR: 0.000088 | Train Loss: 0.003503 (Data: 0.00350, Mono: 0.00002) | Val MSE: 0.000305 (RMSE: 0.0175) [BEST]
2026-09-13 15:13:16,716 - INFO - Epoch [ 490/2000] LR: 0.000087 | Train Loss: 0.003337 (Data: 0.00333, Mono: 0.00001) | Val MSE: 0.000303 (RMSE: 0.0174) [BEST]
2026-09-13 15:13:16,768 - INFO - Epoch [ 491/2000] LR: 0.000087 | Train Loss: 0.003275 (Data: 0.00327, Mono: 0.00001) | Val MSE: 0.000301 (RMSE: 0.0174) [BEST]
2026-09-13 15:13:16,808 - INFO - Epoch [ 492/2000] LR: 0.000087 | Train Loss: 0.003417 (Data: 0.00341, Mono: 0.00001) | Val MSE: 0.000301 (RMSE: 0.0174) [BEST]
2026-09-13 15:13:16,924 - INFO - Epoch [ 495/2000] LR: 0.000087 | Train Loss: 0.003414 (Data: 0.00341, Mono: 0.00002) | Val MSE: 0.000299 (RMSE: 0.0173) [BEST]
2026-09-13 15:13:17,049 - INFO - Epoch [ 498/2000] LR: 0.000087 | Train Loss: 0.003325 (Data: 0.00332, Mono: 0.00001) | Val MSE: 0.000294 (RMSE: 0.0172) [BEST]
2026-09-13 15:13:17,089 - INFO - Epoch [ 499/2000] LR: 0.000087 | Train Loss: 0.003372 (Data: 0.00337, Mono: 0.00002) | Val MSE: 0.000293 (RMSE: 0.0171) [BEST]
2026-09-13 15:13:17,130 - INFO - Epoch [ 500/2000] LR: 0.000087 | Train Loss: 0.003299 (Data: 0.00329, Mono: 0.00002) | Val MSE: 0.000314 (RMSE: 0.0177) 
2026-09-13 15:13:17,175 - INFO - Epoch [ 501/2000] LR: 0.000087 | Train Loss: 0.003316 (Data: 0.00331, Mono: 0.00002) | Val MSE: 0.000293 (RMSE: 0.0171) [BEST]
2026-09-13 15:13:17,518 - INFO - Epoch [ 510/2000] LR: 0.000086 | Train Loss: 0.003260 (Data: 0.00325, Mono: 0.00001) | Val MSE: 0.000293 (RMSE: 0.0171) 
2026-09-13 15:13:17,598 - INFO - Epoch [ 512/2000] LR: 0.000086 | Train Loss: 0.003250 (Data: 0.00324, Mono: 0.00001) | Val MSE: 0.000288 (RMSE: 0.0170) [BEST]
2026-09-13 15:13:17,639 - INFO - Epoch [ 513/2000] LR: 0.000086 | Train Loss: 0.003308 (Data: 0.00330, Mono: 0.00002) | Val MSE: 0.000288 (RMSE: 0.0170) [BEST]
2026-09-13 15:13:17,715 - INFO - Epoch [ 515/2000] LR: 0.000086 | Train Loss: 0.003224 (Data: 0.00322, Mono: 0.00002) | Val MSE: 0.000285 (RMSE: 0.0169) [BEST]
2026-09-13 15:13:17,793 - INFO - Epoch [ 517/2000] LR: 0.000086 | Train Loss: 0.003251 (Data: 0.00325, Mono: 0.00001) | Val MSE: 0.000283 (RMSE: 0.0168) [BEST]
2026-09-13 15:13:17,908 - INFO - Epoch [ 520/2000] LR: 0.000086 | Train Loss: 0.003219 (Data: 0.00321, Mono: 0.00001) | Val MSE: 0.000302 (RMSE: 0.0174) 
2026-09-13 15:13:18,062 - INFO - Epoch [ 524/2000] LR: 0.000086 | Train Loss: 0.003179 (Data: 0.00317, Mono: 0.00002) | Val MSE: 0.000280 (RMSE: 0.0167) [BEST]
2026-09-13 15:13:18,142 - INFO - Epoch [ 526/2000] LR: 0.000085 | Train Loss: 0.003137 (Data: 0.00313, Mono: 0.00002) | Val MSE: 0.000277 (RMSE: 0.0166) [BEST]
2026-09-13 15:13:18,189 - INFO - Epoch [ 527/2000] LR: 0.000085 | Train Loss: 0.003196 (Data: 0.00319, Mono: 0.00001) | Val MSE: 0.000276 (RMSE: 0.0166) [BEST]
2026-09-13 15:13:18,297 - INFO - Epoch [ 530/2000] LR: 0.000085 | Train Loss: 0.003107 (Data: 0.00310, Mono: 0.00002) | Val MSE: 0.000272 (RMSE: 0.0165) [BEST]
2026-09-13 15:13:18,529 - INFO - Epoch [ 536/2000] LR: 0.000085 | Train Loss: 0.003085 (Data: 0.00308, Mono: 0.00001) | Val MSE: 0.000272 (RMSE: 0.0165) [BEST]
2026-09-13 15:13:18,682 - INFO - Epoch [ 540/2000] LR: 0.000085 | Train Loss: 0.003061 (Data: 0.00306, Mono: 0.00001) | Val MSE: 0.000270 (RMSE: 0.0164) [BEST]
2026-09-13 15:13:19,023 - INFO - Epoch [ 549/2000] LR: 0.000084 | Train Loss: 0.003063 (Data: 0.00306, Mono: 0.00002) | Val MSE: 0.000266 (RMSE: 0.0163) [BEST]
2026-09-13 15:13:19,063 - INFO - Epoch [ 550/2000] LR: 0.000084 | Train Loss: 0.003046 (Data: 0.00304, Mono: 0.00001) | Val MSE: 0.000264 (RMSE: 0.0162) [BEST]
2026-09-13 15:13:19,140 - INFO - Epoch [ 552/2000] LR: 0.000084 | Train Loss: 0.002885 (Data: 0.00288, Mono: 0.00001) | Val MSE: 0.000262 (RMSE: 0.0162) [BEST]
2026-09-13 15:13:19,456 - INFO - Epoch [ 560/2000] LR: 0.000083 | Train Loss: 0.002972 (Data: 0.00297, Mono: 0.00001) | Val MSE: 0.000268 (RMSE: 0.0164) 
2026-09-13 15:13:19,611 - INFO - Epoch [ 564/2000] LR: 0.000083 | Train Loss: 0.002986 (Data: 0.00298, Mono: 0.00001) | Val MSE: 0.000260 (RMSE: 0.0161) [BEST]
2026-09-13 15:13:19,721 - INFO - Epoch [ 567/2000] LR: 0.000083 | Train Loss: 0.002856 (Data: 0.00285, Mono: 0.00001) | Val MSE: 0.000259 (RMSE: 0.0161) [BEST]
2026-09-13 15:13:19,842 - INFO - Epoch [ 570/2000] LR: 0.000083 | Train Loss: 0.002878 (Data: 0.00287, Mono: 0.00001) | Val MSE: 0.000257 (RMSE: 0.0160) [BEST]
2026-09-13 15:13:19,877 - INFO - Epoch [ 571/2000] LR: 0.000083 | Train Loss: 0.002836 (Data: 0.00283, Mono: 0.00001) | Val MSE: 0.000257 (RMSE: 0.0160) [BEST]
2026-09-13 15:13:20,222 - INFO - Epoch [ 580/2000] LR: 0.000082 | Train Loss: 0.002907 (Data: 0.00290, Mono: 0.00001) | Val MSE: 0.000258 (RMSE: 0.0161) 
2026-09-13 15:13:20,340 - INFO - Epoch [ 583/2000] LR: 0.000082 | Train Loss: 0.002919 (Data: 0.00291, Mono: 0.00001) | Val MSE: 0.000256 (RMSE: 0.0160) [BEST]
2026-09-13 15:13:20,415 - INFO - Epoch [ 585/2000] LR: 0.000082 | Train Loss: 0.002860 (Data: 0.00285, Mono: 0.00002) | Val MSE: 0.000250 (RMSE: 0.0158) [BEST]
2026-09-13 15:13:20,604 - INFO - Epoch [ 590/2000] LR: 0.000082 | Train Loss: 0.002831 (Data: 0.00283, Mono: 0.00001) | Val MSE: 0.000255 (RMSE: 0.0160) 
2026-09-13 15:13:20,834 - INFO - Epoch [ 596/2000] LR: 0.000081 | Train Loss: 0.002811 (Data: 0.00281, Mono: 0.00002) | Val MSE: 0.000247 (RMSE: 0.0157) [BEST]
2026-09-13 15:13:20,986 - INFO - Epoch [ 600/2000] LR: 0.000081 | Train Loss: 0.002808 (Data: 0.00280, Mono: 0.00001) | Val MSE: 0.000245 (RMSE: 0.0156) [BEST]
2026-09-13 15:13:21,027 - INFO - Epoch [ 601/2000] LR: 0.000081 | Train Loss: 0.002692 (Data: 0.00269, Mono: 0.00001) | Val MSE: 0.000244 (RMSE: 0.0156) [BEST]
2026-09-13 15:13:21,140 - INFO - Epoch [ 604/2000] LR: 0.000081 | Train Loss: 0.002790 (Data: 0.00278, Mono: 0.00001) | Val MSE: 0.000242 (RMSE: 0.0155) [BEST]
2026-09-13 15:13:21,188 - INFO - Epoch [ 605/2000] LR: 0.000081 | Train Loss: 0.002792 (Data: 0.00279, Mono: 0.00001) | Val MSE: 0.000237 (RMSE: 0.0154) [BEST]
2026-09-13 15:13:21,228 - INFO - Epoch [ 606/2000] LR: 0.000081 | Train Loss: 0.002778 (Data: 0.00277, Mono: 0.00001) | Val MSE: 0.000237 (RMSE: 0.0154) [BEST]
2026-09-13 15:13:21,382 - INFO - Epoch [ 610/2000] LR: 0.000080 | Train Loss: 0.002749 (Data: 0.00274, Mono: 0.00001) | Val MSE: 0.000244 (RMSE: 0.0156) 
2026-09-13 15:13:21,731 - INFO - Epoch [ 619/2000] LR: 0.000080 | Train Loss: 0.002748 (Data: 0.00274, Mono: 0.00002) | Val MSE: 0.000237 (RMSE: 0.0154) [BEST]
2026-09-13 15:13:21,769 - INFO - Epoch [ 620/2000] LR: 0.000080 | Train Loss: 0.002699 (Data: 0.00269, Mono: 0.00001) | Val MSE: 0.000243 (RMSE: 0.0156) 
2026-09-13 15:13:21,849 - INFO - Epoch [ 622/2000] LR: 0.000080 | Train Loss: 0.002584 (Data: 0.00258, Mono: 0.00001) | Val MSE: 0.000234 (RMSE: 0.0153) [BEST]
2026-09-13 15:13:22,156 - INFO - Epoch [ 630/2000] LR: 0.000079 | Train Loss: 0.002621 (Data: 0.00262, Mono: 0.00001) | Val MSE: 0.000233 (RMSE: 0.0153) [BEST]
2026-09-13 15:13:22,273 - INFO - Epoch [ 633/2000] LR: 0.000079 | Train Loss: 0.002664 (Data: 0.00266, Mono: 0.00001) | Val MSE: 0.000228 (RMSE: 0.0151) [BEST]
2026-09-13 15:13:22,366 - INFO - Epoch [ 635/2000] LR: 0.000079 | Train Loss: 0.002592 (Data: 0.00259, Mono: 0.00001) | Val MSE: 0.000227 (RMSE: 0.0151) [BEST]
2026-09-13 15:13:22,555 - INFO - Epoch [ 640/2000] LR: 0.000078 | Train Loss: 0.002729 (Data: 0.00272, Mono: 0.00001) | Val MSE: 0.000240 (RMSE: 0.0155) 
2026-09-13 15:13:22,944 - INFO - Epoch [ 650/2000] LR: 0.000078 | Train Loss: 0.002560 (Data: 0.00255, Mono: 0.00001) | Val MSE: 0.000231 (RMSE: 0.0152) 
2026-09-13 15:13:23,061 - INFO - Epoch [ 653/2000] LR: 0.000078 | Train Loss: 0.002572 (Data: 0.00257, Mono: 0.00001) | Val MSE: 0.000222 (RMSE: 0.0149) [BEST]
2026-09-13 15:13:23,326 - INFO - Epoch [ 660/2000] LR: 0.000077 | Train Loss: 0.002560 (Data: 0.00256, Mono: 0.00001) | Val MSE: 0.000254 (RMSE: 0.0159) 
2026-09-13 15:13:23,558 - INFO - Epoch [ 666/2000] LR: 0.000077 | Train Loss: 0.002465 (Data: 0.00246, Mono: 0.00001) | Val MSE: 0.000220 (RMSE: 0.0148) [BEST]
2026-09-13 15:13:23,709 - INFO - Epoch [ 670/2000] LR: 0.000077 | Train Loss: 0.002548 (Data: 0.00254, Mono: 0.00001) | Val MSE: 0.000218 (RMSE: 0.0148) [BEST]
2026-09-13 15:13:23,752 - INFO - Epoch [ 671/2000] LR: 0.000076 | Train Loss: 0.002460 (Data: 0.00245, Mono: 0.00001) | Val MSE: 0.000215 (RMSE: 0.0147) [BEST]
2026-09-13 15:13:24,093 - INFO - Epoch [ 680/2000] LR: 0.000076 | Train Loss: 0.002409 (Data: 0.00240, Mono: 0.00001) | Val MSE: 0.000224 (RMSE: 0.0150) 
2026-09-13 15:13:24,478 - INFO - Epoch [ 690/2000] LR: 0.000075 | Train Loss: 0.002470 (Data: 0.00246, Mono: 0.00001) | Val MSE: 0.000243 (RMSE: 0.0156) 
2026-09-13 15:13:24,593 - INFO - Epoch [ 693/2000] LR: 0.000075 | Train Loss: 0.002427 (Data: 0.00242, Mono: 0.00001) | Val MSE: 0.000212 (RMSE: 0.0146) [BEST]
2026-09-13 15:13:24,858 - INFO - Epoch [ 700/2000] LR: 0.000074 | Train Loss: 0.002371 (Data: 0.00237, Mono: 0.00001) | Val MSE: 0.000212 (RMSE: 0.0145) [BEST]
2026-09-13 15:13:25,015 - INFO - Epoch [ 704/2000] LR: 0.000074 | Train Loss: 0.002420 (Data: 0.00242, Mono: 0.00001) | Val MSE: 0.000209 (RMSE: 0.0145) [BEST]
2026-09-13 15:13:25,246 - INFO - Epoch [ 710/2000] LR: 0.000074 | Train Loss: 0.002346 (Data: 0.00234, Mono: 0.00001) | Val MSE: 0.000215 (RMSE: 0.0147) 
2026-09-13 15:13:25,513 - INFO - Epoch [ 717/2000] LR: 0.000073 | Train Loss: 0.002321 (Data: 0.00232, Mono: 0.00001) | Val MSE: 0.000209 (RMSE: 0.0145) [BEST]
2026-09-13 15:13:25,555 - INFO - Epoch [ 718/2000] LR: 0.000073 | Train Loss: 0.002361 (Data: 0.00236, Mono: 0.00001) | Val MSE: 0.000208 (RMSE: 0.0144) [BEST]
2026-09-13 15:13:25,597 - INFO - Epoch [ 719/2000] LR: 0.000073 | Train Loss: 0.002346 (Data: 0.00234, Mono: 0.00001) | Val MSE: 0.000208 (RMSE: 0.0144) [BEST]
2026-09-13 15:13:25,635 - INFO - Epoch [ 720/2000] LR: 0.000073 | Train Loss: 0.002357 (Data: 0.00235, Mono: 0.00001) | Val MSE: 0.000210 (RMSE: 0.0145) 
2026-09-13 15:13:25,681 - INFO - Epoch [ 721/2000] LR: 0.000073 | Train Loss: 0.002361 (Data: 0.00236, Mono: 0.00001) | Val MSE: 0.000207 (RMSE: 0.0144) [BEST]
2026-09-13 15:13:25,758 - INFO - Epoch [ 723/2000] LR: 0.000073 | Train Loss: 0.002321 (Data: 0.00232, Mono: 0.00001) | Val MSE: 0.000205 (RMSE: 0.0143) [BEST]
2026-09-13 15:13:26,027 - INFO - Epoch [ 730/2000] LR: 0.000072 | Train Loss: 0.002280 (Data: 0.00228, Mono: 0.00001) | Val MSE: 0.000223 (RMSE: 0.0149) 
2026-09-13 15:13:26,068 - INFO - Epoch [ 731/2000] LR: 0.000072 | Train Loss: 0.002319 (Data: 0.00231, Mono: 0.00001) | Val MSE: 0.000201 (RMSE: 0.0142) [BEST]
2026-09-13 15:13:26,151 - INFO - Epoch [ 733/2000] LR: 0.000072 | Train Loss: 0.002296 (Data: 0.00229, Mono: 0.00001) | Val MSE: 0.000200 (RMSE: 0.0141) [BEST]
2026-09-13 15:13:26,426 - INFO - Epoch [ 740/2000] LR: 0.000072 | Train Loss: 0.002273 (Data: 0.00227, Mono: 0.00001) | Val MSE: 0.000202 (RMSE: 0.0142) 
2026-09-13 15:13:26,800 - INFO - Epoch [ 750/2000] LR: 0.000071 | Train Loss: 0.002254 (Data: 0.00225, Mono: 0.00001) | Val MSE: 0.000203 (RMSE: 0.0142) 
2026-09-13 15:13:26,964 - INFO - Epoch [ 754/2000] LR: 0.000071 | Train Loss: 0.002288 (Data: 0.00228, Mono: 0.00001) | Val MSE: 0.000196 (RMSE: 0.0140) [BEST]
2026-09-13 15:13:27,209 - INFO - Epoch [ 760/2000] LR: 0.000070 | Train Loss: 0.002265 (Data: 0.00226, Mono: 0.00001) | Val MSE: 0.000198 (RMSE: 0.0141) 
2026-09-13 15:13:27,604 - INFO - Epoch [ 770/2000] LR: 0.000070 | Train Loss: 0.002255 (Data: 0.00225, Mono: 0.00001) | Val MSE: 0.000193 (RMSE: 0.0139) [BEST]
2026-09-13 15:13:27,649 - INFO - Epoch [ 771/2000] LR: 0.000069 | Train Loss: 0.002227 (Data: 0.00222, Mono: 0.00001) | Val MSE: 0.000192 (RMSE: 0.0139) [BEST]
2026-09-13 15:13:27,927 - INFO - Epoch [ 778/2000] LR: 0.000069 | Train Loss: 0.002194 (Data: 0.00219, Mono: 0.00001) | Val MSE: 0.000191 (RMSE: 0.0138) [BEST]
2026-09-13 15:13:28,019 - INFO - Epoch [ 780/2000] LR: 0.000069 | Train Loss: 0.002221 (Data: 0.00222, Mono: 0.00001) | Val MSE: 0.000195 (RMSE: 0.0140) 
2026-09-13 15:13:28,059 - INFO - Epoch [ 781/2000] LR: 0.000069 | Train Loss: 0.002255 (Data: 0.00225, Mono: 0.00001) | Val MSE: 0.000190 (RMSE: 0.0138) [BEST]
2026-09-13 15:13:28,144 - INFO - Epoch [ 783/2000] LR: 0.000069 | Train Loss: 0.002153 (Data: 0.00215, Mono: 0.00001) | Val MSE: 0.000188 (RMSE: 0.0137) [BEST]
2026-09-13 15:13:28,190 - INFO - Epoch [ 784/2000] LR: 0.000069 | Train Loss: 0.002204 (Data: 0.00220, Mono: 0.00001) | Val MSE: 0.000188 (RMSE: 0.0137) [BEST]
2026-09-13 15:13:28,266 - INFO - Epoch [ 786/2000] LR: 0.000068 | Train Loss: 0.002173 (Data: 0.00217, Mono: 0.00001) | Val MSE: 0.000187 (RMSE: 0.0137) [BEST]
2026-09-13 15:13:28,429 - INFO - Epoch [ 790/2000] LR: 0.000068 | Train Loss: 0.002226 (Data: 0.00222, Mono: 0.00001) | Val MSE: 0.000196 (RMSE: 0.0140) 
2026-09-13 15:13:28,829 - INFO - Epoch [ 800/2000] LR: 0.000067 | Train Loss: 0.002231 (Data: 0.00223, Mono: 0.00001) | Val MSE: 0.000205 (RMSE: 0.0143) 
2026-09-13 15:13:29,218 - INFO - Epoch [ 810/2000] LR: 0.000067 | Train Loss: 0.002219 (Data: 0.00221, Mono: 0.00001) | Val MSE: 0.000257 (RMSE: 0.0160) 
2026-09-13 15:13:29,660 - INFO - Epoch [ 820/2000] LR: 0.000066 | Train Loss: 0.002116 (Data: 0.00211, Mono: 0.00001) | Val MSE: 0.000194 (RMSE: 0.0139) 
2026-09-13 15:13:29,746 - INFO - Epoch [ 822/2000] LR: 0.000066 | Train Loss: 0.002140 (Data: 0.00214, Mono: 0.00001) | Val MSE: 0.000186 (RMSE: 0.0136) [BEST]
2026-09-13 15:13:30,070 - INFO - Epoch [ 830/2000] LR: 0.000065 | Train Loss: 0.002146 (Data: 0.00214, Mono: 0.00001) | Val MSE: 0.000182 (RMSE: 0.0135) [BEST]
2026-09-13 15:13:30,487 - INFO - Epoch [ 840/2000] LR: 0.000064 | Train Loss: 0.002144 (Data: 0.00214, Mono: 0.00001) | Val MSE: 0.000208 (RMSE: 0.0144) 
2026-09-13 15:13:30,891 - INFO - Epoch [ 850/2000] LR: 0.000064 | Train Loss: 0.002087 (Data: 0.00208, Mono: 0.00001) | Val MSE: 0.000187 (RMSE: 0.0137) 
2026-09-13 15:13:31,299 - INFO - Epoch [ 860/2000] LR: 0.000063 | Train Loss: 0.002052 (Data: 0.00205, Mono: 0.00001) | Val MSE: 0.000184 (RMSE: 0.0136) 
2026-09-13 15:13:31,383 - INFO - Epoch [ 862/2000] LR: 0.000063 | Train Loss: 0.002075 (Data: 0.00207, Mono: 0.00001) | Val MSE: 0.000180 (RMSE: 0.0134) [BEST]
2026-09-13 15:13:31,717 - INFO - Epoch [ 870/2000] LR: 0.000062 | Train Loss: 0.002050 (Data: 0.00205, Mono: 0.00001) | Val MSE: 0.000189 (RMSE: 0.0137) 
2026-09-13 15:13:31,879 - INFO - Epoch [ 874/2000] LR: 0.000062 | Train Loss: 0.002028 (Data: 0.00202, Mono: 0.00001) | Val MSE: 0.000178 (RMSE: 0.0134) [BEST]
2026-09-13 15:13:31,971 - INFO - Epoch [ 876/2000] LR: 0.000062 | Train Loss: 0.002011 (Data: 0.00201, Mono: 0.00001) | Val MSE: 0.000175 (RMSE: 0.0132) [BEST]
2026-09-13 15:13:32,130 - INFO - Epoch [ 880/2000] LR: 0.000061 | Train Loss: 0.002023 (Data: 0.00202, Mono: 0.00001) | Val MSE: 0.000192 (RMSE: 0.0138) 
2026-09-13 15:13:32,521 - INFO - Epoch [ 890/2000] LR: 0.000061 | Train Loss: 0.002006 (Data: 0.00200, Mono: 0.00001) | Val MSE: 0.000178 (RMSE: 0.0133) 
2026-09-13 15:13:32,609 - INFO - Epoch [ 892/2000] LR: 0.000060 | Train Loss: 0.001998 (Data: 0.00199, Mono: 0.00001) | Val MSE: 0.000174 (RMSE: 0.0132) [BEST]
2026-09-13 15:13:32,931 - INFO - Epoch [ 900/2000] LR: 0.000060 | Train Loss: 0.001917 (Data: 0.00191, Mono: 0.00001) | Val MSE: 0.000178 (RMSE: 0.0134) 
2026-09-13 15:13:33,332 - INFO - Epoch [ 910/2000] LR: 0.000059 | Train Loss: 0.002008 (Data: 0.00200, Mono: 0.00001) | Val MSE: 0.000181 (RMSE: 0.0134) 
2026-09-13 15:13:33,568 - INFO - Epoch [ 916/2000] LR: 0.000059 | Train Loss: 0.001939 (Data: 0.00193, Mono: 0.00001) | Val MSE: 0.000172 (RMSE: 0.0131) [BEST]
2026-09-13 15:13:33,739 - INFO - Epoch [ 920/2000] LR: 0.000058 | Train Loss: 0.002058 (Data: 0.00205, Mono: 0.00001) | Val MSE: 0.000174 (RMSE: 0.0132) 
2026-09-13 15:13:34,133 - INFO - Epoch [ 930/2000] LR: 0.000057 | Train Loss: 0.001985 (Data: 0.00198, Mono: 0.00001) | Val MSE: 0.000180 (RMSE: 0.0134) 
2026-09-13 15:13:34,301 - INFO - Epoch [ 934/2000] LR: 0.000057 | Train Loss: 0.001969 (Data: 0.00196, Mono: 0.00001) | Val MSE: 0.000172 (RMSE: 0.0131) [BEST]
2026-09-13 15:13:34,548 - INFO - Epoch [ 940/2000] LR: 0.000057 | Train Loss: 0.001951 (Data: 0.00195, Mono: 0.00001) | Val MSE: 0.000179 (RMSE: 0.0134) 
2026-09-13 15:13:34,988 - INFO - Epoch [ 950/2000] LR: 0.000056 | Train Loss: 0.001949 (Data: 0.00194, Mono: 0.00001) | Val MSE: 0.000176 (RMSE: 0.0133) 
2026-09-13 15:13:35,105 - INFO - Epoch [ 953/2000] LR: 0.000056 | Train Loss: 0.001915 (Data: 0.00191, Mono: 0.00001) | Val MSE: 0.000171 (RMSE: 0.0131) [BEST]
2026-09-13 15:13:35,268 - INFO - Epoch [ 957/2000] LR: 0.000055 | Train Loss: 0.001916 (Data: 0.00191, Mono: 0.00001) | Val MSE: 0.000168 (RMSE: 0.0130) [BEST]
2026-09-13 15:13:35,387 - INFO - Epoch [ 960/2000] LR: 0.000055 | Train Loss: 0.001914 (Data: 0.00191, Mono: 0.00001) | Val MSE: 0.000175 (RMSE: 0.0132) 
2026-09-13 15:13:35,775 - INFO - Epoch [ 970/2000] LR: 0.000054 | Train Loss: 0.001949 (Data: 0.00194, Mono: 0.00001) | Val MSE: 0.000174 (RMSE: 0.0132) 
2026-09-13 15:13:36,165 - INFO - Epoch [ 980/2000] LR: 0.000054 | Train Loss: 0.001970 (Data: 0.00197, Mono: 0.00001) | Val MSE: 0.000175 (RMSE: 0.0132) 
2026-09-13 15:13:36,513 - INFO - Epoch [ 989/2000] LR: 0.000053 | Train Loss: 0.001875 (Data: 0.00187, Mono: 0.00001) | Val MSE: 0.000166 (RMSE: 0.0129) [BEST]
2026-09-13 15:13:36,561 - INFO - Epoch [ 990/2000] LR: 0.000053 | Train Loss: 0.001911 (Data: 0.00191, Mono: 0.00001) | Val MSE: 0.000167 (RMSE: 0.0129) 
2026-09-13 15:13:36,952 - INFO - Epoch [1000/2000] LR: 0.000052 | Train Loss: 0.001869 (Data: 0.00186, Mono: 0.00001) | Val MSE: 0.000178 (RMSE: 0.0133) 
2026-09-13 15:13:37,307 - INFO - Epoch [1009/2000] LR: 0.000051 | Train Loss: 0.001829 (Data: 0.00182, Mono: 0.00001) | Val MSE: 0.000165 (RMSE: 0.0129) [BEST]
2026-09-13 15:13:37,349 - INFO - Epoch [1010/2000] LR: 0.000051 | Train Loss: 0.001874 (Data: 0.00187, Mono: 0.00001) | Val MSE: 0.000169 (RMSE: 0.0130) 
2026-09-13 15:13:37,391 - INFO - Epoch [1011/2000] LR: 0.000051 | Train Loss: 0.001847 (Data: 0.00184, Mono: 0.00001) | Val MSE: 0.000165 (RMSE: 0.0128) [BEST]
2026-09-13 15:13:37,737 - INFO - Epoch [1020/2000] LR: 0.000050 | Train Loss: 0.001859 (Data: 0.00185, Mono: 0.00001) | Val MSE: 0.000175 (RMSE: 0.0132) 
2026-09-13 15:13:38,137 - INFO - Epoch [1030/2000] LR: 0.000050 | Train Loss: 0.001806 (Data: 0.00180, Mono: 0.00001) | Val MSE: 0.000169 (RMSE: 0.0130) 
2026-09-13 15:13:38,515 - INFO - Epoch [1040/2000] LR: 0.000049 | Train Loss: 0.001887 (Data: 0.00188, Mono: 0.00001) | Val MSE: 0.000191 (RMSE: 0.0138) 
2026-09-13 15:13:38,789 - INFO - Epoch [1047/2000] LR: 0.000048 | Train Loss: 0.001812 (Data: 0.00181, Mono: 0.00001) | Val MSE: 0.000163 (RMSE: 0.0128) [BEST]
2026-09-13 15:13:38,908 - INFO - Epoch [1050/2000] LR: 0.000048 | Train Loss: 0.001867 (Data: 0.00186, Mono: 0.00001) | Val MSE: 0.000165 (RMSE: 0.0129) 
2026-09-13 15:13:39,300 - INFO - Epoch [1060/2000] LR: 0.000047 | Train Loss: 0.001806 (Data: 0.00180, Mono: 0.00001) | Val MSE: 0.000174 (RMSE: 0.0132) 
2026-09-13 15:13:39,492 - INFO - Epoch [1065/2000] LR: 0.000047 | Train Loss: 0.001822 (Data: 0.00182, Mono: 0.00001) | Val MSE: 0.000161 (RMSE: 0.0127) [BEST]
2026-09-13 15:13:39,724 - INFO - Epoch [1070/2000] LR: 0.000046 | Train Loss: 0.001811 (Data: 0.00181, Mono: 0.00001) | Val MSE: 0.000175 (RMSE: 0.0132) 
2026-09-13 15:13:40,039 - INFO - Epoch [1078/2000] LR: 0.000046 | Train Loss: 0.001843 (Data: 0.00184, Mono: 0.00001) | Val MSE: 0.000159 (RMSE: 0.0126) [BEST]
2026-09-13 15:13:40,083 - INFO - Epoch [1079/2000] LR: 0.000046 | Train Loss: 0.001775 (Data: 0.00177, Mono: 0.00001) | Val MSE: 0.000159 (RMSE: 0.0126) [BEST]
2026-09-13 15:13:40,124 - INFO - Epoch [1080/2000] LR: 0.000046 | Train Loss: 0.001785 (Data: 0.00178, Mono: 0.00001) | Val MSE: 0.000212 (RMSE: 0.0146) 
2026-09-13 15:13:40,511 - INFO - Epoch [1090/2000] LR: 0.000045 | Train Loss: 0.001727 (Data: 0.00172, Mono: 0.00001) | Val MSE: 0.000167 (RMSE: 0.0129) 
2026-09-13 15:13:40,906 - INFO - Epoch [1100/2000] LR: 0.000044 | Train Loss: 0.001749 (Data: 0.00175, Mono: 0.00001) | Val MSE: 0.000162 (RMSE: 0.0127) 
2026-09-13 15:13:41,323 - INFO - Epoch [1110/2000] LR: 0.000043 | Train Loss: 0.001755 (Data: 0.00175, Mono: 0.00001) | Val MSE: 0.000165 (RMSE: 0.0128) 
2026-09-13 15:13:41,548 - INFO - Epoch [1115/2000] LR: 0.000043 | Train Loss: 0.001726 (Data: 0.00172, Mono: 0.00001) | Val MSE: 0.000158 (RMSE: 0.0126) [BEST]
2026-09-13 15:13:41,766 - INFO - Epoch [1120/2000] LR: 0.000043 | Train Loss: 0.001766 (Data: 0.00176, Mono: 0.00001) | Val MSE: 0.000160 (RMSE: 0.0127) 
2026-09-13 15:13:42,206 - INFO - Epoch [1130/2000] LR: 0.000042 | Train Loss: 0.001770 (Data: 0.00177, Mono: 0.00001) | Val MSE: 0.000160 (RMSE: 0.0126) 
2026-09-13 15:13:42,666 - INFO - Epoch [1140/2000] LR: 0.000041 | Train Loss: 0.001777 (Data: 0.00177, Mono: 0.00001) | Val MSE: 0.000164 (RMSE: 0.0128) 
2026-09-13 15:13:43,126 - INFO - Epoch [1150/2000] LR: 0.000040 | Train Loss: 0.001710 (Data: 0.00171, Mono: 0.00001) | Val MSE: 0.000194 (RMSE: 0.0139) 
2026-09-13 15:13:43,590 - INFO - Epoch [1160/2000] LR: 0.000040 | Train Loss: 0.001787 (Data: 0.00178, Mono: 0.00001) | Val MSE: 0.000160 (RMSE: 0.0127) 
2026-09-13 15:13:43,968 - INFO - Epoch [1168/2000] LR: 0.000039 | Train Loss: 0.001700 (Data: 0.00170, Mono: 0.00001) | Val MSE: 0.000158 (RMSE: 0.0126) [BEST]
2026-09-13 15:13:44,023 - INFO - Epoch [1169/2000] LR: 0.000039 | Train Loss: 0.001721 (Data: 0.00172, Mono: 0.00001) | Val MSE: 0.000157 (RMSE: 0.0125) [BEST]
2026-09-13 15:13:44,068 - INFO - Epoch [1170/2000] LR: 0.000039 | Train Loss: 0.001737 (Data: 0.00173, Mono: 0.00001) | Val MSE: 0.000205 (RMSE: 0.0143) 
2026-09-13 15:13:44,537 - INFO - Epoch [1180/2000] LR: 0.000038 | Train Loss: 0.001702 (Data: 0.00170, Mono: 0.00001) | Val MSE: 0.000158 (RMSE: 0.0126) 
2026-09-13 15:13:44,781 - INFO - Epoch [1185/2000] LR: 0.000038 | Train Loss: 0.001685 (Data: 0.00168, Mono: 0.00001) | Val MSE: 0.000155 (RMSE: 0.0125) [BEST]
2026-09-13 15:13:44,837 - INFO - Epoch [1186/2000] LR: 0.000038 | Train Loss: 0.001696 (Data: 0.00169, Mono: 0.00001) | Val MSE: 0.000154 (RMSE: 0.0124) [BEST]
2026-09-13 15:13:45,039 - INFO - Epoch [1190/2000] LR: 0.000037 | Train Loss: 0.001714 (Data: 0.00171, Mono: 0.00001) | Val MSE: 0.000161 (RMSE: 0.0127) 
2026-09-13 15:13:45,526 - INFO - Epoch [1200/2000] LR: 0.000036 | Train Loss: 0.001717 (Data: 0.00171, Mono: 0.00001) | Val MSE: 0.000159 (RMSE: 0.0126) 
2026-09-13 15:13:45,992 - INFO - Epoch [1210/2000] LR: 0.000036 | Train Loss: 0.001696 (Data: 0.00169, Mono: 0.00001) | Val MSE: 0.000161 (RMSE: 0.0127) 
2026-09-13 15:13:46,459 - INFO - Epoch [1220/2000] LR: 0.000035 | Train Loss: 0.001651 (Data: 0.00165, Mono: 0.00001) | Val MSE: 0.000161 (RMSE: 0.0127) 
2026-09-13 15:13:46,915 - INFO - Epoch [1230/2000] LR: 0.000034 | Train Loss: 0.001766 (Data: 0.00176, Mono: 0.00001) | Val MSE: 0.000156 (RMSE: 0.0125) 
2026-09-13 15:13:47,387 - INFO - Epoch [1240/2000] LR: 0.000034 | Train Loss: 0.001645 (Data: 0.00164, Mono: 0.00001) | Val MSE: 0.000160 (RMSE: 0.0127) 
2026-09-13 15:13:47,846 - INFO - Epoch [1250/2000] LR: 0.000033 | Train Loss: 0.001680 (Data: 0.00168, Mono: 0.00001) | Val MSE: 0.000156 (RMSE: 0.0125) 
2026-09-13 15:13:48,302 - INFO - Epoch [1260/2000] LR: 0.000032 | Train Loss: 0.001658 (Data: 0.00165, Mono: 0.00001) | Val MSE: 0.000155 (RMSE: 0.0124) 
2026-09-13 15:13:48,755 - INFO - Epoch [1270/2000] LR: 0.000031 | Train Loss: 0.001618 (Data: 0.00161, Mono: 0.00001) | Val MSE: 0.000177 (RMSE: 0.0133) 
2026-09-13 15:13:48,811 - INFO - Epoch [1271/2000] LR: 0.000031 | Train Loss: 0.001632 (Data: 0.00163, Mono: 0.00001) | Val MSE: 0.000152 (RMSE: 0.0123) [BEST]
2026-09-13 15:13:48,866 - INFO - Epoch [1272/2000] LR: 0.000031 | Train Loss: 0.001651 (Data: 0.00165, Mono: 0.00001) | Val MSE: 0.000152 (RMSE: 0.0123) [BEST]
2026-09-13 15:13:49,247 - INFO - Epoch [1280/2000] LR: 0.000031 | Train Loss: 0.001699 (Data: 0.00169, Mono: 0.00001) | Val MSE: 0.000157 (RMSE: 0.0125) 
2026-09-13 15:13:49,713 - INFO - Epoch [1290/2000] LR: 0.000030 | Train Loss: 0.001613 (Data: 0.00161, Mono: 0.00001) | Val MSE: 0.000167 (RMSE: 0.0129) 
2026-09-13 15:13:50,183 - INFO - Epoch [1300/2000] LR: 0.000029 | Train Loss: 0.001597 (Data: 0.00159, Mono: 0.00001) | Val MSE: 0.000156 (RMSE: 0.0125) 
2026-09-13 15:13:50,636 - INFO - Epoch [1310/2000] LR: 0.000028 | Train Loss: 0.001661 (Data: 0.00166, Mono: 0.00001) | Val MSE: 0.000162 (RMSE: 0.0127) 
2026-09-13 15:13:50,778 - INFO - Epoch [1313/2000] LR: 0.000028 | Train Loss: 0.001633 (Data: 0.00163, Mono: 0.00001) | Val MSE: 0.000152 (RMSE: 0.0123) [BEST]
2026-09-13 15:13:51,095 - INFO - Epoch [1320/2000] LR: 0.000028 | Train Loss: 0.001673 (Data: 0.00167, Mono: 0.00001) | Val MSE: 0.000150 (RMSE: 0.0123) [BEST]
2026-09-13 15:13:51,140 - INFO - Epoch [1321/2000] LR: 0.000028 | Train Loss: 0.001564 (Data: 0.00156, Mono: 0.00001) | Val MSE: 0.000150 (RMSE: 0.0123) [BEST]
2026-09-13 15:13:51,557 - INFO - Epoch [1330/2000] LR: 0.000027 | Train Loss: 0.001610 (Data: 0.00161, Mono: 0.00001) | Val MSE: 0.000158 (RMSE: 0.0126) 
2026-09-13 15:13:52,008 - INFO - Epoch [1340/2000] LR: 0.000026 | Train Loss: 0.001641 (Data: 0.00164, Mono: 0.00001) | Val MSE: 0.000155 (RMSE: 0.0125) 
2026-09-13 15:13:52,462 - INFO - Epoch [1350/2000] LR: 0.000026 | Train Loss: 0.001594 (Data: 0.00159, Mono: 0.00001) | Val MSE: 0.000155 (RMSE: 0.0124) 
2026-09-13 15:13:52,942 - INFO - Epoch [1360/2000] LR: 0.000025 | Train Loss: 0.001552 (Data: 0.00155, Mono: 0.00001) | Val MSE: 0.000160 (RMSE: 0.0127) 
2026-09-13 15:13:53,396 - INFO - Epoch [1370/2000] LR: 0.000024 | Train Loss: 0.001576 (Data: 0.00157, Mono: 0.00001) | Val MSE: 0.000153 (RMSE: 0.0124) 
2026-09-13 15:13:53,842 - INFO - Epoch [1380/2000] LR: 0.000024 | Train Loss: 0.001551 (Data: 0.00155, Mono: 0.00001) | Val MSE: 0.000150 (RMSE: 0.0123) 
2026-09-13 15:13:54,282 - INFO - Epoch [1390/2000] LR: 0.000023 | Train Loss: 0.001565 (Data: 0.00156, Mono: 0.00001) | Val MSE: 0.000151 (RMSE: 0.0123) 
2026-09-13 15:13:54,725 - INFO - Epoch [1400/2000] LR: 0.000022 | Train Loss: 0.001631 (Data: 0.00163, Mono: 0.00001) | Val MSE: 0.000156 (RMSE: 0.0125) 
2026-09-13 15:13:55,175 - INFO - Epoch [1410/2000] LR: 0.000022 | Train Loss: 0.001566 (Data: 0.00156, Mono: 0.00001) | Val MSE: 0.000175 (RMSE: 0.0132) 
2026-09-13 15:13:55,276 - INFO - Epoch [1412/2000] LR: 0.000022 | Train Loss: 0.001561 (Data: 0.00156, Mono: 0.00001) | Val MSE: 0.000150 (RMSE: 0.0123) [BEST]
2026-09-13 15:13:55,648 - INFO - Epoch [1420/2000] LR: 0.000021 | Train Loss: 0.001590 (Data: 0.00159, Mono: 0.00001) | Val MSE: 0.000177 (RMSE: 0.0133) 
2026-09-13 15:13:56,115 - INFO - Epoch [1430/2000] LR: 0.000021 | Train Loss: 0.001512 (Data: 0.00151, Mono: 0.00001) | Val MSE: 0.000156 (RMSE: 0.0125) 
2026-09-13 15:13:56,559 - INFO - Epoch [1440/2000] LR: 0.000020 | Train Loss: 0.001578 (Data: 0.00157, Mono: 0.00001) | Val MSE: 0.000157 (RMSE: 0.0125) 
2026-09-13 15:13:56,982 - INFO - Epoch [1450/2000] LR: 0.000019 | Train Loss: 0.001583 (Data: 0.00158, Mono: 0.00001) | Val MSE: 0.000151 (RMSE: 0.0123) 
2026-09-13 15:13:57,410 - INFO - Epoch [1460/2000] LR: 0.000019 | Train Loss: 0.001585 (Data: 0.00158, Mono: 0.00001) | Val MSE: 0.000152 (RMSE: 0.0123) 
2026-09-13 15:13:57,833 - INFO - Epoch [1470/2000] LR: 0.000018 | Train Loss: 0.001537 (Data: 0.00153, Mono: 0.00001) | Val MSE: 0.000153 (RMSE: 0.0124) 
2026-09-13 15:13:58,241 - INFO - Epoch [1480/2000] LR: 0.000018 | Train Loss: 0.001577 (Data: 0.00157, Mono: 0.00001) | Val MSE: 0.000163 (RMSE: 0.0128) 
2026-09-13 15:13:58,655 - INFO - Epoch [1490/2000] LR: 0.000017 | Train Loss: 0.001557 (Data: 0.00155, Mono: 0.00001) | Val MSE: 0.000159 (RMSE: 0.0126) 
2026-09-13 15:13:59,075 - INFO - Epoch [1500/2000] LR: 0.000016 | Train Loss: 0.001532 (Data: 0.00153, Mono: 0.00001) | Val MSE: 0.000152 (RMSE: 0.0123) 
2026-09-13 15:13:59,247 - INFO - Epoch [1504/2000] LR: 0.000016 | Train Loss: 0.001557 (Data: 0.00155, Mono: 0.00001) | Val MSE: 0.000149 (RMSE: 0.0122) [BEST]
2026-09-13 15:13:59,418 - INFO - Epoch [1508/2000] LR: 0.000016 | Train Loss: 0.001608 (Data: 0.00160, Mono: 0.00001) | Val MSE: 0.000149 (RMSE: 0.0122) [BEST]
2026-09-13 15:13:59,503 - INFO - Epoch [1510/2000] LR: 0.000016 | Train Loss: 0.001568 (Data: 0.00156, Mono: 0.00001) | Val MSE: 0.000158 (RMSE: 0.0126) 
2026-09-13 15:13:59,925 - INFO - Epoch [1520/2000] LR: 0.000015 | Train Loss: 0.001574 (Data: 0.00157, Mono: 0.00001) | Val MSE: 0.000161 (RMSE: 0.0127) 
2026-09-13 15:14:00,388 - INFO - Epoch [1530/2000] LR: 0.000015 | Train Loss: 0.001568 (Data: 0.00156, Mono: 0.00001) | Val MSE: 0.000151 (RMSE: 0.0123) 
2026-09-13 15:14:00,693 - INFO - Epoch [1537/2000] LR: 0.000014 | Train Loss: 0.001548 (Data: 0.00154, Mono: 0.00001) | Val MSE: 0.000148 (RMSE: 0.0122) [BEST]
2026-09-13 15:14:00,823 - INFO - Epoch [1540/2000] LR: 0.000014 | Train Loss: 0.001562 (Data: 0.00156, Mono: 0.00001) | Val MSE: 0.000156 (RMSE: 0.0125) 
2026-09-13 15:14:01,242 - INFO - Epoch [1550/2000] LR: 0.000014 | Train Loss: 0.001548 (Data: 0.00154, Mono: 0.00001) | Val MSE: 0.000152 (RMSE: 0.0123) 
2026-09-13 15:14:01,652 - INFO - Epoch [1560/2000] LR: 0.000013 | Train Loss: 0.001533 (Data: 0.00153, Mono: 0.00001) | Val MSE: 0.000151 (RMSE: 0.0123) 
2026-09-13 15:14:02,063 - INFO - Epoch [1570/2000] LR: 0.000013 | Train Loss: 0.001535 (Data: 0.00153, Mono: 0.00001) | Val MSE: 0.000155 (RMSE: 0.0125) 
2026-09-13 15:14:02,471 - INFO - Epoch [1580/2000] LR: 0.000012 | Train Loss: 0.001549 (Data: 0.00154, Mono: 0.00001) | Val MSE: 0.000151 (RMSE: 0.0123) 
2026-09-13 15:14:02,887 - INFO - Epoch [1590/2000] LR: 0.000012 | Train Loss: 0.001526 (Data: 0.00152, Mono: 0.00001) | Val MSE: 0.000152 (RMSE: 0.0123) 
2026-09-13 15:14:03,296 - INFO - Epoch [1600/2000] LR: 0.000011 | Train Loss: 0.001513 (Data: 0.00151, Mono: 0.00001) | Val MSE: 0.000154 (RMSE: 0.0124) 
2026-09-13 15:14:03,713 - INFO - Epoch [1610/2000] LR: 0.000011 | Train Loss: 0.001488 (Data: 0.00148, Mono: 0.00001) | Val MSE: 0.000157 (RMSE: 0.0125) 
2026-09-13 15:14:04,137 - INFO - Epoch [1620/2000] LR: 0.000010 | Train Loss: 0.001526 (Data: 0.00152, Mono: 0.00001) | Val MSE: 0.000148 (RMSE: 0.0122) 
2026-09-13 15:14:04,179 - INFO - Epoch [1621/2000] LR: 0.000010 | Train Loss: 0.001544 (Data: 0.00154, Mono: 0.00001) | Val MSE: 0.000147 (RMSE: 0.0121) [BEST]
2026-09-13 15:14:04,467 - INFO - Epoch [1628/2000] LR: 0.000010 | Train Loss: 0.001531 (Data: 0.00153, Mono: 0.00001) | Val MSE: 0.000147 (RMSE: 0.0121) [BEST]
2026-09-13 15:14:04,551 - INFO - Epoch [1630/2000] LR: 0.000010 | Train Loss: 0.001522 (Data: 0.00152, Mono: 0.00001) | Val MSE: 0.000153 (RMSE: 0.0124) 
2026-09-13 15:14:04,971 - INFO - Epoch [1640/2000] LR: 0.000009 | Train Loss: 0.001505 (Data: 0.00150, Mono: 0.00001) | Val MSE: 0.000151 (RMSE: 0.0123) 
2026-09-13 15:14:05,434 - INFO - Epoch [1650/2000] LR: 0.000009 | Train Loss: 0.001513 (Data: 0.00151, Mono: 0.00001) | Val MSE: 0.000156 (RMSE: 0.0125) 
2026-09-13 15:14:05,857 - INFO - Epoch [1660/2000] LR: 0.000009 | Train Loss: 0.001554 (Data: 0.00155, Mono: 0.00001) | Val MSE: 0.000151 (RMSE: 0.0123) 
2026-09-13 15:14:05,946 - INFO - Epoch [1662/2000] LR: 0.000009 | Train Loss: 0.001497 (Data: 0.00149, Mono: 0.00001) | Val MSE: 0.000146 (RMSE: 0.0121) [BEST]
2026-09-13 15:14:06,284 - INFO - Epoch [1670/2000] LR: 0.000008 | Train Loss: 0.001510 (Data: 0.00151, Mono: 0.00001) | Val MSE: 0.000150 (RMSE: 0.0123) 
2026-09-13 15:14:06,700 - INFO - Epoch [1680/2000] LR: 0.000008 | Train Loss: 0.001474 (Data: 0.00147, Mono: 0.00001) | Val MSE: 0.000158 (RMSE: 0.0126) 
2026-09-13 15:14:07,116 - INFO - Epoch [1690/2000] LR: 0.000007 | Train Loss: 0.001465 (Data: 0.00146, Mono: 0.00001) | Val MSE: 0.000155 (RMSE: 0.0125) 
2026-09-13 15:14:07,529 - INFO - Epoch [1700/2000] LR: 0.000007 | Train Loss: 0.001534 (Data: 0.00153, Mono: 0.00001) | Val MSE: 0.000153 (RMSE: 0.0124) 
2026-09-13 15:14:07,943 - INFO - Epoch [1710/2000] LR: 0.000007 | Train Loss: 0.001551 (Data: 0.00155, Mono: 0.00001) | Val MSE: 0.000151 (RMSE: 0.0123) 
2026-09-13 15:14:08,336 - INFO - Epoch [1720/2000] LR: 0.000006 | Train Loss: 0.001517 (Data: 0.00151, Mono: 0.00001) | Val MSE: 0.000150 (RMSE: 0.0122) 
2026-09-13 15:14:08,758 - INFO - Epoch [1730/2000] LR: 0.000006 | Train Loss: 0.001488 (Data: 0.00148, Mono: 0.00001) | Val MSE: 0.000155 (RMSE: 0.0125) 
2026-09-13 15:14:09,172 - INFO - Epoch [1740/2000] LR: 0.000006 | Train Loss: 0.001524 (Data: 0.00152, Mono: 0.00001) | Val MSE: 0.000151 (RMSE: 0.0123) 
2026-09-13 15:14:09,587 - INFO - Epoch [1750/2000] LR: 0.000005 | Train Loss: 0.001469 (Data: 0.00147, Mono: 0.00001) | Val MSE: 0.000149 (RMSE: 0.0122) 
2026-09-13 15:14:09,989 - INFO - Epoch [1760/2000] LR: 0.000005 | Train Loss: 0.001526 (Data: 0.00152, Mono: 0.00001) | Val MSE: 0.000150 (RMSE: 0.0123) 
2026-09-13 15:14:10,404 - INFO - Epoch [1770/2000] LR: 0.000005 | Train Loss: 0.001519 (Data: 0.00152, Mono: 0.00001) | Val MSE: 0.000153 (RMSE: 0.0124) 
2026-09-13 15:14:10,843 - INFO - Epoch [1780/2000] LR: 0.000005 | Train Loss: 0.001536 (Data: 0.00153, Mono: 0.00001) | Val MSE: 0.000149 (RMSE: 0.0122) 
2026-09-13 15:14:11,255 - INFO - Epoch [1790/2000] LR: 0.000004 | Train Loss: 0.001524 (Data: 0.00152, Mono: 0.00001) | Val MSE: 0.000156 (RMSE: 0.0125) 
2026-09-13 15:14:11,663 - INFO - Epoch [1800/2000] LR: 0.000004 | Train Loss: 0.001527 (Data: 0.00152, Mono: 0.00001) | Val MSE: 0.000150 (RMSE: 0.0123) 
2026-09-13 15:14:12,074 - INFO - Epoch [1810/2000] LR: 0.000004 | Train Loss: 0.001447 (Data: 0.00144, Mono: 0.00001) | Val MSE: 0.000152 (RMSE: 0.0123) 
2026-09-13 15:14:12,486 - INFO - Epoch [1820/2000] LR: 0.000004 | Train Loss: 0.001509 (Data: 0.00150, Mono: 0.00001) | Val MSE: 0.000150 (RMSE: 0.0122) 
2026-09-13 15:14:12,896 - INFO - Epoch [1830/2000] LR: 0.000003 | Train Loss: 0.001462 (Data: 0.00146, Mono: 0.00001) | Val MSE: 0.000150 (RMSE: 0.0123) 
2026-09-13 15:14:13,301 - INFO - Epoch [1840/2000] LR: 0.000003 | Train Loss: 0.001498 (Data: 0.00149, Mono: 0.00001) | Val MSE: 0.000153 (RMSE: 0.0124) 
2026-09-13 15:14:13,749 - INFO - Epoch [1850/2000] LR: 0.000003 | Train Loss: 0.001506 (Data: 0.00150, Mono: 0.00001) | Val MSE: 0.000154 (RMSE: 0.0124) 
2026-09-13 15:14:14,164 - INFO - Epoch [1860/2000] LR: 0.000003 | Train Loss: 0.001466 (Data: 0.00146, Mono: 0.00001) | Val MSE: 0.000154 (RMSE: 0.0124) 
2026-09-13 15:14:14,576 - INFO - Epoch [1870/2000] LR: 0.000003 | Train Loss: 0.001501 (Data: 0.00150, Mono: 0.00001) | Val MSE: 0.000150 (RMSE: 0.0123) 
2026-09-13 15:14:14,995 - INFO - Epoch [1880/2000] LR: 0.000002 | Train Loss: 0.001483 (Data: 0.00148, Mono: 0.00001) | Val MSE: 0.000153 (RMSE: 0.0124) 
2026-09-13 15:14:15,400 - INFO - Epoch [1890/2000] LR: 0.000002 | Train Loss: 0.001476 (Data: 0.00147, Mono: 0.00001) | Val MSE: 0.000151 (RMSE: 0.0123) 
2026-09-13 15:14:15,818 - INFO - Epoch [1900/2000] LR: 0.000002 | Train Loss: 0.001487 (Data: 0.00148, Mono: 0.00001) | Val MSE: 0.000152 (RMSE: 0.0123) 
2026-09-13 15:14:16,231 - INFO - Epoch [1910/2000] LR: 0.000002 | Train Loss: 0.001451 (Data: 0.00145, Mono: 0.00001) | Val MSE: 0.000151 (RMSE: 0.0123) 
2026-09-13 15:14:16,635 - INFO - Epoch [1920/2000] LR: 0.000002 | Train Loss: 0.001508 (Data: 0.00150, Mono: 0.00001) | Val MSE: 0.000152 (RMSE: 0.0123) 
2026-09-13 15:14:17,058 - INFO - Epoch [1930/2000] LR: 0.000002 | Train Loss: 0.001471 (Data: 0.00147, Mono: 0.00001) | Val MSE: 0.000152 (RMSE: 0.0123) 
2026-09-13 15:14:17,470 - INFO - Epoch [1940/2000] LR: 0.000002 | Train Loss: 0.001496 (Data: 0.00149, Mono: 0.00001) | Val MSE: 0.000152 (RMSE: 0.0123) 
2026-09-13 15:14:17,885 - INFO - Epoch [1950/2000] LR: 0.000002 | Train Loss: 0.001532 (Data: 0.00153, Mono: 0.00001) | Val MSE: 0.000151 (RMSE: 0.0123) 
2026-09-13 15:14:18,308 - INFO - Epoch [1960/2000] LR: 0.000002 | Train Loss: 0.001504 (Data: 0.00150, Mono: 0.00001) | Val MSE: 0.000150 (RMSE: 0.0122) 
2026-09-13 15:14:18,742 - INFO - Epoch [1970/2000] LR: 0.000002 | Train Loss: 0.001486 (Data: 0.00148, Mono: 0.00001) | Val MSE: 0.000151 (RMSE: 0.0123) 
2026-09-13 15:14:19,176 - INFO - Epoch [1980/2000] LR: 0.000002 | Train Loss: 0.001495 (Data: 0.00149, Mono: 0.00001) | Val MSE: 0.000150 (RMSE: 0.0123) 
2026-09-13 15:14:19,581 - INFO - Epoch [1990/2000] LR: 0.000002 | Train Loss: 0.001527 (Data: 0.00152, Mono: 0.00001) | Val MSE: 0.000151 (RMSE: 0.0123) 
2026-09-13 15:14:19,995 - INFO - Epoch [2000/2000] LR: 0.000002 | Train Loss: 0.001451 (Data: 0.00145, Mono: 0.00001) | Val MSE: 0.000151 (RMSE: 0.0123) 
2026-09-13 15:14:19,995 - INFO - Training completed in 82.67s. Loading best checkpoint from epoch 1662 for final test evaluation...
2026-09-13 15:14:20,026 - INFO - ==================================================
2026-09-13 15:14:20,026 - INFO - Test Results for [XJTU] - [Sim_satellite] (Best Epoch 1662):
2026-09-13 15:14:20,026 - INFO -   Test RMSE: 0.016982
2026-09-13 15:14:20,026 - INFO -   Test MAE:  0.014416
2026-09-13 15:14:20,026 - INFO -   Test MAPE: 1.511723
2026-09-13 15:14:20,026 - INFO -   Test MSE:  0.000288
2026-09-13 15:14:20,026 - INFO - ==================================================
2026-09-13 15:23:02,795 - INFO - ==================================================
2026-09-13 15:23:02,795 - INFO - Starting FusionMLP Training for [XJTU] - [Sim_satellite]
2026-09-13 15:23:02,795 - INFO - Device: cuda | Epochs: 2000 | LR: 0.000100 | Mono Weight: 0.4000 | Knee Feature: True
2026-09-13 15:23:02,795 - INFO - ==================================================
2026-09-13 15:23:02,875 - INFO - Data Splits: Train=5, Val=1, Test=2
2026-09-13 15:23:02,947 - INFO - Epoch [   1/2000] LR: 0.006063 | Train Loss: 0.638378 (Data: 0.63836, Mono: 0.00003) | Val MSE: 0.161892 (RMSE: 0.4024) [BEST]
2026-09-13 15:23:02,994 - INFO - Epoch [   2/2000] LR: 0.005857 | Train Loss: 0.192062 (Data: 0.19205, Mono: 0.00003) | Val MSE: 0.047220 (RMSE: 0.2173) [BEST]
2026-09-13 15:23:03,128 - INFO - Epoch [   5/2000] LR: 0.005240 | Train Loss: 0.043128 (Data: 0.04312, Mono: 0.00003) | Val MSE: 0.001177 (RMSE: 0.0343) [BEST]
2026-09-13 15:23:03,257 - INFO - Epoch [   8/2000] LR: 0.004623 | Train Loss: 0.016486 (Data: 0.01648, Mono: 0.00002) | Val MSE: 0.000789 (RMSE: 0.0281) [BEST]
2026-09-13 15:23:03,348 - INFO - Epoch [  10/2000] LR: 0.004212 | Train Loss: 0.011032 (Data: 0.01102, Mono: 0.00003) | Val MSE: 0.000102 (RMSE: 0.0101) [BEST]
2026-09-13 15:23:03,641 - INFO - Epoch [  17/2000] LR: 0.002773 | Train Loss: 0.007335 (Data: 0.00733, Mono: 0.00002) | Val MSE: 0.000085 (RMSE: 0.0092) [BEST]
2026-09-13 15:23:03,686 - INFO - Epoch [  18/2000] LR: 0.002567 | Train Loss: 0.007189 (Data: 0.00718, Mono: 0.00002) | Val MSE: 0.000081 (RMSE: 0.0090) [BEST]
2026-09-13 15:23:03,732 - INFO - Epoch [  19/2000] LR: 0.002362 | Train Loss: 0.007206 (Data: 0.00720, Mono: 0.00002) | Val MSE: 0.000075 (RMSE: 0.0087) [BEST]
2026-09-13 15:23:03,775 - INFO - Epoch [  20/2000] LR: 0.002156 | Train Loss: 0.006975 (Data: 0.00697, Mono: 0.00002) | Val MSE: 0.000081 (RMSE: 0.0090) 
2026-09-13 15:23:04,161 - INFO - Epoch [  30/2000] LR: 0.000100 | Train Loss: 0.006343 (Data: 0.00633, Mono: 0.00002) | Val MSE: 0.000083 (RMSE: 0.0091) 
2026-09-13 15:23:04,581 - INFO - Epoch [  40/2000] LR: 0.000100 | Train Loss: 0.006392 (Data: 0.00638, Mono: 0.00002) | Val MSE: 0.000083 (RMSE: 0.0091) 
2026-09-13 15:23:05,004 - INFO - Epoch [  50/2000] LR: 0.000100 | Train Loss: 0.006412 (Data: 0.00640, Mono: 0.00002) | Val MSE: 0.000084 (RMSE: 0.0092) 
2026-09-13 15:23:05,393 - INFO - Epoch [  60/2000] LR: 0.000100 | Train Loss: 0.006372 (Data: 0.00636, Mono: 0.00002) | Val MSE: 0.000083 (RMSE: 0.0091) 
2026-09-13 15:23:05,794 - INFO - Epoch [  70/2000] LR: 0.000100 | Train Loss: 0.006213 (Data: 0.00620, Mono: 0.00002) | Val MSE: 0.000086 (RMSE: 0.0093) 
2026-09-13 15:23:06,190 - INFO - Epoch [  80/2000] LR: 0.000100 | Train Loss: 0.006079 (Data: 0.00607, Mono: 0.00002) | Val MSE: 0.000086 (RMSE: 0.0093) 
2026-09-13 15:23:06,579 - INFO - Epoch [  90/2000] LR: 0.000100 | Train Loss: 0.006155 (Data: 0.00615, Mono: 0.00002) | Val MSE: 0.000084 (RMSE: 0.0092) 
2026-09-13 15:23:06,975 - INFO - Epoch [ 100/2000] LR: 0.000100 | Train Loss: 0.006105 (Data: 0.00610, Mono: 0.00002) | Val MSE: 0.000085 (RMSE: 0.0092) 
2026-09-13 15:23:07,377 - INFO - Epoch [ 110/2000] LR: 0.000100 | Train Loss: 0.006050 (Data: 0.00604, Mono: 0.00002) | Val MSE: 0.000086 (RMSE: 0.0093) 
2026-09-13 15:23:07,763 - INFO - Epoch [ 120/2000] LR: 0.000099 | Train Loss: 0.005713 (Data: 0.00570, Mono: 0.00002) | Val MSE: 0.000082 (RMSE: 0.0091) 
2026-09-13 15:23:08,154 - INFO - Epoch [ 130/2000] LR: 0.000099 | Train Loss: 0.005707 (Data: 0.00570, Mono: 0.00002) | Val MSE: 0.000085 (RMSE: 0.0092) 
2026-09-13 15:23:08,552 - INFO - Epoch [ 140/2000] LR: 0.000099 | Train Loss: 0.005649 (Data: 0.00564, Mono: 0.00002) | Val MSE: 0.000084 (RMSE: 0.0092) 
2026-09-13 15:23:08,951 - INFO - Epoch [ 150/2000] LR: 0.000099 | Train Loss: 0.005563 (Data: 0.00555, Mono: 0.00002) | Val MSE: 0.000081 (RMSE: 0.0090) 
2026-09-13 15:23:09,332 - INFO - Epoch [ 160/2000] LR: 0.000099 | Train Loss: 0.005493 (Data: 0.00548, Mono: 0.00002) | Val MSE: 0.000082 (RMSE: 0.0090) 
2026-09-13 15:23:09,714 - INFO - Epoch [ 170/2000] LR: 0.000099 | Train Loss: 0.005265 (Data: 0.00526, Mono: 0.00002) | Val MSE: 0.000083 (RMSE: 0.0091) 
2026-09-13 15:23:10,112 - INFO - Epoch [ 180/2000] LR: 0.000099 | Train Loss: 0.005176 (Data: 0.00517, Mono: 0.00002) | Val MSE: 0.000081 (RMSE: 0.0090) 
2026-09-13 15:23:10,501 - INFO - Epoch [ 190/2000] LR: 0.000098 | Train Loss: 0.005081 (Data: 0.00507, Mono: 0.00002) | Val MSE: 0.000082 (RMSE: 0.0090) 
2026-09-13 15:23:10,888 - INFO - Epoch [ 200/2000] LR: 0.000098 | Train Loss: 0.005168 (Data: 0.00516, Mono: 0.00002) | Val MSE: 0.000083 (RMSE: 0.0091) 
2026-09-13 15:23:11,271 - INFO - Epoch [ 210/2000] LR: 0.000098 | Train Loss: 0.004957 (Data: 0.00495, Mono: 0.00002) | Val MSE: 0.000082 (RMSE: 0.0091) 
2026-09-13 15:23:11,665 - INFO - Epoch [ 220/2000] LR: 0.000098 | Train Loss: 0.004991 (Data: 0.00498, Mono: 0.00002) | Val MSE: 0.000082 (RMSE: 0.0091) 
2026-09-13 15:23:12,052 - INFO - Epoch [ 230/2000] LR: 0.000098 | Train Loss: 0.004760 (Data: 0.00475, Mono: 0.00002) | Val MSE: 0.000078 (RMSE: 0.0089) 
2026-09-13 15:23:12,449 - INFO - Epoch [ 240/2000] LR: 0.000097 | Train Loss: 0.004683 (Data: 0.00468, Mono: 0.00002) | Val MSE: 0.000079 (RMSE: 0.0089) 
2026-09-13 15:23:12,849 - INFO - Epoch [ 250/2000] LR: 0.000097 | Train Loss: 0.004622 (Data: 0.00461, Mono: 0.00002) | Val MSE: 0.000079 (RMSE: 0.0089) 
2026-09-13 15:23:13,231 - INFO - Epoch [ 260/2000] LR: 0.000097 | Train Loss: 0.004458 (Data: 0.00445, Mono: 0.00002) | Val MSE: 0.000081 (RMSE: 0.0090) 
2026-09-13 15:23:13,615 - INFO - Epoch [ 270/2000] LR: 0.000096 | Train Loss: 0.004615 (Data: 0.00461, Mono: 0.00002) | Val MSE: 0.000082 (RMSE: 0.0090) 
2026-09-13 15:23:14,009 - INFO - Epoch [ 280/2000] LR: 0.000096 | Train Loss: 0.004380 (Data: 0.00437, Mono: 0.00002) | Val MSE: 0.000080 (RMSE: 0.0089) 
2026-09-13 15:23:14,393 - INFO - Epoch [ 290/2000] LR: 0.000096 | Train Loss: 0.004289 (Data: 0.00428, Mono: 0.00002) | Val MSE: 0.000080 (RMSE: 0.0090) 
2026-09-13 15:23:14,796 - INFO - Epoch [ 300/2000] LR: 0.000096 | Train Loss: 0.004327 (Data: 0.00432, Mono: 0.00002) | Val MSE: 0.000081 (RMSE: 0.0090) 
2026-09-13 15:23:15,195 - INFO - Epoch [ 310/2000] LR: 0.000095 | Train Loss: 0.004327 (Data: 0.00432, Mono: 0.00002) | Val MSE: 0.000083 (RMSE: 0.0091) 
2026-09-13 15:23:15,631 - INFO - Epoch [ 320/2000] LR: 0.000095 | Train Loss: 0.004200 (Data: 0.00419, Mono: 0.00002) | Val MSE: 0.000079 (RMSE: 0.0089) 
2026-09-13 15:23:16,014 - INFO - Epoch [ 330/2000] LR: 0.000094 | Train Loss: 0.004040 (Data: 0.00403, Mono: 0.00002) | Val MSE: 0.000078 (RMSE: 0.0088) 
2026-09-13 15:23:16,405 - INFO - Epoch [ 340/2000] LR: 0.000094 | Train Loss: 0.004096 (Data: 0.00409, Mono: 0.00002) | Val MSE: 0.000079 (RMSE: 0.0089) 
2026-09-13 15:23:16,820 - INFO - Epoch [ 350/2000] LR: 0.000094 | Train Loss: 0.003946 (Data: 0.00394, Mono: 0.00002) | Val MSE: 0.000081 (RMSE: 0.0090) 
2026-09-13 15:23:17,227 - INFO - Epoch [ 360/2000] LR: 0.000093 | Train Loss: 0.003778 (Data: 0.00377, Mono: 0.00002) | Val MSE: 0.000081 (RMSE: 0.0090) 
2026-09-13 15:23:17,624 - INFO - Epoch [ 370/2000] LR: 0.000093 | Train Loss: 0.003804 (Data: 0.00380, Mono: 0.00002) | Val MSE: 0.000082 (RMSE: 0.0090) 
2026-09-13 15:23:18,016 - INFO - Epoch [ 380/2000] LR: 0.000093 | Train Loss: 0.003667 (Data: 0.00366, Mono: 0.00002) | Val MSE: 0.000081 (RMSE: 0.0090) 
2026-09-13 15:23:18,429 - INFO - Epoch [ 390/2000] LR: 0.000092 | Train Loss: 0.003733 (Data: 0.00373, Mono: 0.00002) | Val MSE: 0.000082 (RMSE: 0.0090) 
2026-09-13 15:23:18,823 - INFO - Epoch [ 400/2000] LR: 0.000092 | Train Loss: 0.003602 (Data: 0.00360, Mono: 0.00002) | Val MSE: 0.000080 (RMSE: 0.0090) 
2026-09-13 15:23:19,222 - INFO - Epoch [ 410/2000] LR: 0.000091 | Train Loss: 0.003486 (Data: 0.00348, Mono: 0.00002) | Val MSE: 0.000079 (RMSE: 0.0089) 
2026-09-13 15:23:19,623 - INFO - Epoch [ 420/2000] LR: 0.000091 | Train Loss: 0.003511 (Data: 0.00350, Mono: 0.00002) | Val MSE: 0.000081 (RMSE: 0.0090) 
2026-09-13 15:23:20,012 - INFO - Epoch [ 430/2000] LR: 0.000090 | Train Loss: 0.003396 (Data: 0.00339, Mono: 0.00002) | Val MSE: 0.000082 (RMSE: 0.0091) 
2026-09-13 15:23:20,403 - INFO - Epoch [ 440/2000] LR: 0.000090 | Train Loss: 0.003374 (Data: 0.00337, Mono: 0.00001) | Val MSE: 0.000086 (RMSE: 0.0093) 
2026-09-13 15:23:20,816 - INFO - Epoch [ 450/2000] LR: 0.000089 | Train Loss: 0.003274 (Data: 0.00327, Mono: 0.00002) | Val MSE: 0.000085 (RMSE: 0.0092) 
2026-09-13 15:23:21,199 - INFO - Epoch [ 460/2000] LR: 0.000089 | Train Loss: 0.003314 (Data: 0.00331, Mono: 0.00002) | Val MSE: 0.000083 (RMSE: 0.0091) 
2026-09-13 15:23:21,582 - INFO - Epoch [ 470/2000] LR: 0.000088 | Train Loss: 0.003274 (Data: 0.00327, Mono: 0.00002) | Val MSE: 0.000083 (RMSE: 0.0091) 
2026-09-13 15:23:21,961 - INFO - Epoch [ 480/2000] LR: 0.000088 | Train Loss: 0.003113 (Data: 0.00311, Mono: 0.00001) | Val MSE: 0.000088 (RMSE: 0.0094) 
2026-09-13 15:23:22,357 - INFO - Epoch [ 490/2000] LR: 0.000087 | Train Loss: 0.003165 (Data: 0.00316, Mono: 0.00002) | Val MSE: 0.000081 (RMSE: 0.0090) 
2026-09-13 15:23:22,754 - INFO - Epoch [ 500/2000] LR: 0.000087 | Train Loss: 0.003127 (Data: 0.00312, Mono: 0.00001) | Val MSE: 0.000095 (RMSE: 0.0097) 
2026-09-13 15:23:23,143 - INFO - Epoch [ 510/2000] LR: 0.000086 | Train Loss: 0.003013 (Data: 0.00301, Mono: 0.00001) | Val MSE: 0.000083 (RMSE: 0.0091) 
2026-09-13 15:23:23,536 - INFO - Epoch [ 520/2000] LR: 0.000086 | Train Loss: 0.002997 (Data: 0.00299, Mono: 0.00001) | Val MSE: 0.000083 (RMSE: 0.0091) 
2026-09-13 15:23:23,929 - INFO - Epoch [ 530/2000] LR: 0.000085 | Train Loss: 0.002930 (Data: 0.00292, Mono: 0.00001) | Val MSE: 0.000086 (RMSE: 0.0093) 
2026-09-13 15:23:24,315 - INFO - Epoch [ 540/2000] LR: 0.000085 | Train Loss: 0.002967 (Data: 0.00296, Mono: 0.00002) | Val MSE: 0.000089 (RMSE: 0.0094) 
2026-09-13 15:23:24,703 - INFO - Epoch [ 550/2000] LR: 0.000084 | Train Loss: 0.002844 (Data: 0.00284, Mono: 0.00001) | Val MSE: 0.000085 (RMSE: 0.0092) 
2026-09-13 15:23:25,086 - INFO - Epoch [ 560/2000] LR: 0.000083 | Train Loss: 0.002778 (Data: 0.00277, Mono: 0.00001) | Val MSE: 0.000090 (RMSE: 0.0095) 
2026-09-13 15:23:25,474 - INFO - Epoch [ 570/2000] LR: 0.000083 | Train Loss: 0.002751 (Data: 0.00275, Mono: 0.00001) | Val MSE: 0.000087 (RMSE: 0.0093) 
2026-09-13 15:23:25,853 - INFO - Epoch [ 580/2000] LR: 0.000082 | Train Loss: 0.002756 (Data: 0.00275, Mono: 0.00001) | Val MSE: 0.000089 (RMSE: 0.0094) 
2026-09-13 15:23:26,272 - INFO - Epoch [ 590/2000] LR: 0.000082 | Train Loss: 0.002701 (Data: 0.00270, Mono: 0.00001) | Val MSE: 0.000089 (RMSE: 0.0094) 
2026-09-13 15:23:26,666 - INFO - Epoch [ 600/2000] LR: 0.000081 | Train Loss: 0.002672 (Data: 0.00267, Mono: 0.00001) | Val MSE: 0.000089 (RMSE: 0.0095) 
2026-09-13 15:23:27,046 - INFO - Epoch [ 610/2000] LR: 0.000080 | Train Loss: 0.002677 (Data: 0.00267, Mono: 0.00002) | Val MSE: 0.000090 (RMSE: 0.0095) 
2026-09-13 15:23:27,415 - INFO - Epoch [ 620/2000] LR: 0.000080 | Train Loss: 0.002631 (Data: 0.00263, Mono: 0.00001) | Val MSE: 0.000090 (RMSE: 0.0095) 
2026-09-13 15:23:27,784 - INFO - Epoch [ 630/2000] LR: 0.000079 | Train Loss: 0.002633 (Data: 0.00263, Mono: 0.00001) | Val MSE: 0.000106 (RMSE: 0.0103) 
2026-09-13 15:23:28,153 - INFO - Epoch [ 640/2000] LR: 0.000078 | Train Loss: 0.002589 (Data: 0.00258, Mono: 0.00001) | Val MSE: 0.000094 (RMSE: 0.0097) 
2026-09-13 15:23:28,523 - INFO - Epoch [ 650/2000] LR: 0.000078 | Train Loss: 0.002515 (Data: 0.00251, Mono: 0.00001) | Val MSE: 0.000098 (RMSE: 0.0099) 
2026-09-13 15:23:28,892 - INFO - Epoch [ 660/2000] LR: 0.000077 | Train Loss: 0.002524 (Data: 0.00252, Mono: 0.00001) | Val MSE: 0.000093 (RMSE: 0.0097) 
2026-09-13 15:23:29,256 - INFO - Epoch [ 670/2000] LR: 0.000077 | Train Loss: 0.002504 (Data: 0.00250, Mono: 0.00001) | Val MSE: 0.000107 (RMSE: 0.0104) 
2026-09-13 15:23:29,630 - INFO - Epoch [ 680/2000] LR: 0.000076 | Train Loss: 0.002427 (Data: 0.00242, Mono: 0.00001) | Val MSE: 0.000099 (RMSE: 0.0099) 
2026-09-13 15:23:30,001 - INFO - Epoch [ 690/2000] LR: 0.000075 | Train Loss: 0.002420 (Data: 0.00241, Mono: 0.00001) | Val MSE: 0.000096 (RMSE: 0.0098) 
2026-09-13 15:23:30,372 - INFO - Epoch [ 700/2000] LR: 0.000074 | Train Loss: 0.002441 (Data: 0.00244, Mono: 0.00001) | Val MSE: 0.000111 (RMSE: 0.0105) 
2026-09-13 15:23:30,742 - INFO - Epoch [ 710/2000] LR: 0.000074 | Train Loss: 0.002388 (Data: 0.00238, Mono: 0.00001) | Val MSE: 0.000098 (RMSE: 0.0099) 
2026-09-13 15:23:31,119 - INFO - Epoch [ 720/2000] LR: 0.000073 | Train Loss: 0.002373 (Data: 0.00237, Mono: 0.00001) | Val MSE: 0.000105 (RMSE: 0.0102) 
2026-09-13 15:23:31,489 - INFO - Epoch [ 730/2000] LR: 0.000072 | Train Loss: 0.002365 (Data: 0.00236, Mono: 0.00001) | Val MSE: 0.000100 (RMSE: 0.0100) 
2026-09-13 15:23:31,853 - INFO - Epoch [ 740/2000] LR: 0.000072 | Train Loss: 0.002306 (Data: 0.00230, Mono: 0.00001) | Val MSE: 0.000144 (RMSE: 0.0120) 
2026-09-13 15:23:32,220 - INFO - Epoch [ 750/2000] LR: 0.000071 | Train Loss: 0.002290 (Data: 0.00228, Mono: 0.00001) | Val MSE: 0.000102 (RMSE: 0.0101) 
2026-09-13 15:23:32,598 - INFO - Epoch [ 760/2000] LR: 0.000070 | Train Loss: 0.002363 (Data: 0.00236, Mono: 0.00001) | Val MSE: 0.000113 (RMSE: 0.0106) 
2026-09-13 15:23:32,962 - INFO - Epoch [ 770/2000] LR: 0.000070 | Train Loss: 0.002270 (Data: 0.00226, Mono: 0.00001) | Val MSE: 0.000105 (RMSE: 0.0103) 
2026-09-13 15:23:33,337 - INFO - Epoch [ 780/2000] LR: 0.000069 | Train Loss: 0.002190 (Data: 0.00218, Mono: 0.00001) | Val MSE: 0.000107 (RMSE: 0.0103) 
2026-09-13 15:23:33,714 - INFO - Epoch [ 790/2000] LR: 0.000068 | Train Loss: 0.002281 (Data: 0.00228, Mono: 0.00001) | Val MSE: 0.000127 (RMSE: 0.0113) 
2026-09-13 15:23:34,084 - INFO - Epoch [ 800/2000] LR: 0.000067 | Train Loss: 0.002172 (Data: 0.00217, Mono: 0.00001) | Val MSE: 0.000108 (RMSE: 0.0104) 
2026-09-13 15:23:34,458 - INFO - Epoch [ 810/2000] LR: 0.000067 | Train Loss: 0.002181 (Data: 0.00218, Mono: 0.00001) | Val MSE: 0.000103 (RMSE: 0.0102) 
2026-09-13 15:23:34,831 - INFO - Epoch [ 820/2000] LR: 0.000066 | Train Loss: 0.002233 (Data: 0.00223, Mono: 0.00001) | Val MSE: 0.000111 (RMSE: 0.0106) 
2026-09-13 15:23:35,195 - INFO - Epoch [ 830/2000] LR: 0.000065 | Train Loss: 0.002167 (Data: 0.00216, Mono: 0.00001) | Val MSE: 0.000107 (RMSE: 0.0104) 
2026-09-13 15:23:35,564 - INFO - Epoch [ 840/2000] LR: 0.000064 | Train Loss: 0.002033 (Data: 0.00203, Mono: 0.00001) | Val MSE: 0.000109 (RMSE: 0.0104) 
2026-09-13 15:23:35,947 - INFO - Epoch [ 850/2000] LR: 0.000064 | Train Loss: 0.002127 (Data: 0.00212, Mono: 0.00001) | Val MSE: 0.000109 (RMSE: 0.0104) 
2026-09-13 15:23:36,313 - INFO - Epoch [ 860/2000] LR: 0.000063 | Train Loss: 0.002068 (Data: 0.00206, Mono: 0.00001) | Val MSE: 0.000120 (RMSE: 0.0110) 
2026-09-13 15:23:36,688 - INFO - Epoch [ 870/2000] LR: 0.000062 | Train Loss: 0.002105 (Data: 0.00210, Mono: 0.00001) | Val MSE: 0.000112 (RMSE: 0.0106) 
2026-09-13 15:23:37,075 - INFO - Epoch [ 880/2000] LR: 0.000061 | Train Loss: 0.002059 (Data: 0.00205, Mono: 0.00001) | Val MSE: 0.000111 (RMSE: 0.0105) 
2026-09-13 15:23:37,438 - INFO - Epoch [ 890/2000] LR: 0.000061 | Train Loss: 0.002088 (Data: 0.00208, Mono: 0.00001) | Val MSE: 0.000119 (RMSE: 0.0109) 
2026-09-13 15:23:37,803 - INFO - Epoch [ 900/2000] LR: 0.000060 | Train Loss: 0.002043 (Data: 0.00204, Mono: 0.00001) | Val MSE: 0.000123 (RMSE: 0.0111) 
2026-09-13 15:23:38,175 - INFO - Epoch [ 910/2000] LR: 0.000059 | Train Loss: 0.001972 (Data: 0.00197, Mono: 0.00001) | Val MSE: 0.000113 (RMSE: 0.0106) 
2026-09-13 15:23:38,553 - INFO - Epoch [ 920/2000] LR: 0.000058 | Train Loss: 0.002010 (Data: 0.00201, Mono: 0.00001) | Val MSE: 0.000109 (RMSE: 0.0105) 
2026-09-13 15:23:38,927 - INFO - Epoch [ 930/2000] LR: 0.000057 | Train Loss: 0.002064 (Data: 0.00206, Mono: 0.00001) | Val MSE: 0.000121 (RMSE: 0.0110) 
2026-09-13 15:23:39,297 - INFO - Epoch [ 940/2000] LR: 0.000057 | Train Loss: 0.002081 (Data: 0.00208, Mono: 0.00001) | Val MSE: 0.000111 (RMSE: 0.0106) 
2026-09-13 15:23:39,666 - INFO - Epoch [ 950/2000] LR: 0.000056 | Train Loss: 0.002004 (Data: 0.00200, Mono: 0.00001) | Val MSE: 0.000117 (RMSE: 0.0108) 
2026-09-13 15:23:40,038 - INFO - Epoch [ 960/2000] LR: 0.000055 | Train Loss: 0.001966 (Data: 0.00196, Mono: 0.00001) | Val MSE: 0.000126 (RMSE: 0.0112) 
2026-09-13 15:23:40,411 - INFO - Epoch [ 970/2000] LR: 0.000054 | Train Loss: 0.001958 (Data: 0.00195, Mono: 0.00001) | Val MSE: 0.000116 (RMSE: 0.0108) 
2026-09-13 15:23:40,777 - INFO - Epoch [ 980/2000] LR: 0.000054 | Train Loss: 0.001999 (Data: 0.00199, Mono: 0.00001) | Val MSE: 0.000116 (RMSE: 0.0108) 
2026-09-13 15:23:41,146 - INFO - Epoch [ 990/2000] LR: 0.000053 | Train Loss: 0.001935 (Data: 0.00193, Mono: 0.00001) | Val MSE: 0.000125 (RMSE: 0.0112) 
2026-09-13 15:23:41,513 - INFO - Epoch [1000/2000] LR: 0.000052 | Train Loss: 0.001934 (Data: 0.00193, Mono: 0.00001) | Val MSE: 0.000117 (RMSE: 0.0108) 
2026-09-13 15:23:41,886 - INFO - Epoch [1010/2000] LR: 0.000051 | Train Loss: 0.001940 (Data: 0.00194, Mono: 0.00001) | Val MSE: 0.000118 (RMSE: 0.0109) 
2026-09-13 15:23:42,259 - INFO - Epoch [1020/2000] LR: 0.000050 | Train Loss: 0.001972 (Data: 0.00197, Mono: 0.00001) | Val MSE: 0.000121 (RMSE: 0.0110) 
2026-09-13 15:23:42,628 - INFO - Epoch [1030/2000] LR: 0.000050 | Train Loss: 0.001931 (Data: 0.00193, Mono: 0.00001) | Val MSE: 0.000128 (RMSE: 0.0113) 
2026-09-13 15:23:43,003 - INFO - Epoch [1040/2000] LR: 0.000049 | Train Loss: 0.001880 (Data: 0.00188, Mono: 0.00001) | Val MSE: 0.000120 (RMSE: 0.0110) 
2026-09-13 15:23:43,373 - INFO - Epoch [1050/2000] LR: 0.000048 | Train Loss: 0.001900 (Data: 0.00190, Mono: 0.00001) | Val MSE: 0.000149 (RMSE: 0.0122) 
2026-09-13 15:23:43,738 - INFO - Epoch [1060/2000] LR: 0.000047 | Train Loss: 0.001871 (Data: 0.00187, Mono: 0.00001) | Val MSE: 0.000130 (RMSE: 0.0114) 
2026-09-13 15:23:44,113 - INFO - Epoch [1070/2000] LR: 0.000046 | Train Loss: 0.001958 (Data: 0.00195, Mono: 0.00001) | Val MSE: 0.000152 (RMSE: 0.0123) 
2026-09-13 15:23:44,490 - INFO - Epoch [1080/2000] LR: 0.000046 | Train Loss: 0.001807 (Data: 0.00180, Mono: 0.00001) | Val MSE: 0.000135 (RMSE: 0.0116) 
2026-09-13 15:23:44,863 - INFO - Epoch [1090/2000] LR: 0.000045 | Train Loss: 0.001845 (Data: 0.00184, Mono: 0.00001) | Val MSE: 0.000126 (RMSE: 0.0112) 
2026-09-13 15:23:45,230 - INFO - Epoch [1100/2000] LR: 0.000044 | Train Loss: 0.001864 (Data: 0.00186, Mono: 0.00001) | Val MSE: 0.000124 (RMSE: 0.0111) 
2026-09-13 15:23:45,600 - INFO - Epoch [1110/2000] LR: 0.000043 | Train Loss: 0.001870 (Data: 0.00187, Mono: 0.00001) | Val MSE: 0.000118 (RMSE: 0.0109) 
2026-09-13 15:23:46,003 - INFO - Epoch [1120/2000] LR: 0.000043 | Train Loss: 0.001860 (Data: 0.00186, Mono: 0.00001) | Val MSE: 0.000125 (RMSE: 0.0112) 
2026-09-13 15:23:46,371 - INFO - Epoch [1130/2000] LR: 0.000042 | Train Loss: 0.001840 (Data: 0.00184, Mono: 0.00001) | Val MSE: 0.000135 (RMSE: 0.0116) 
2026-09-13 15:23:46,752 - INFO - Epoch [1140/2000] LR: 0.000041 | Train Loss: 0.001869 (Data: 0.00186, Mono: 0.00001) | Val MSE: 0.000151 (RMSE: 0.0123) 
2026-09-13 15:23:47,144 - INFO - Epoch [1150/2000] LR: 0.000040 | Train Loss: 0.001860 (Data: 0.00186, Mono: 0.00001) | Val MSE: 0.000130 (RMSE: 0.0114) 
2026-09-13 15:23:47,513 - INFO - Epoch [1160/2000] LR: 0.000040 | Train Loss: 0.001810 (Data: 0.00181, Mono: 0.00001) | Val MSE: 0.000125 (RMSE: 0.0112) 
2026-09-13 15:23:47,899 - INFO - Epoch [1170/2000] LR: 0.000039 | Train Loss: 0.001857 (Data: 0.00185, Mono: 0.00001) | Val MSE: 0.000125 (RMSE: 0.0112) 
2026-09-13 15:23:48,277 - INFO - Epoch [1180/2000] LR: 0.000038 | Train Loss: 0.001809 (Data: 0.00180, Mono: 0.00001) | Val MSE: 0.000128 (RMSE: 0.0113) 
2026-09-13 15:23:48,651 - INFO - Epoch [1190/2000] LR: 0.000037 | Train Loss: 0.001805 (Data: 0.00180, Mono: 0.00001) | Val MSE: 0.000128 (RMSE: 0.0113) 
2026-09-13 15:23:49,020 - INFO - Epoch [1200/2000] LR: 0.000036 | Train Loss: 0.001778 (Data: 0.00177, Mono: 0.00001) | Val MSE: 0.000136 (RMSE: 0.0117) 
2026-09-13 15:23:49,395 - INFO - Epoch [1210/2000] LR: 0.000036 | Train Loss: 0.001767 (Data: 0.00176, Mono: 0.00001) | Val MSE: 0.000128 (RMSE: 0.0113) 
2026-09-13 15:23:49,772 - INFO - Epoch [1220/2000] LR: 0.000035 | Train Loss: 0.001784 (Data: 0.00178, Mono: 0.00001) | Val MSE: 0.000123 (RMSE: 0.0111) 
2026-09-13 15:23:50,150 - INFO - Epoch [1230/2000] LR: 0.000034 | Train Loss: 0.001759 (Data: 0.00176, Mono: 0.00001) | Val MSE: 0.000129 (RMSE: 0.0113) 
2026-09-13 15:23:50,519 - INFO - Epoch [1240/2000] LR: 0.000034 | Train Loss: 0.001738 (Data: 0.00173, Mono: 0.00001) | Val MSE: 0.000136 (RMSE: 0.0117) 
2026-09-13 15:23:50,904 - INFO - Epoch [1250/2000] LR: 0.000033 | Train Loss: 0.001829 (Data: 0.00182, Mono: 0.00001) | Val MSE: 0.000142 (RMSE: 0.0119) 
2026-09-13 15:23:51,312 - INFO - Epoch [1260/2000] LR: 0.000032 | Train Loss: 0.001731 (Data: 0.00173, Mono: 0.00001) | Val MSE: 0.000140 (RMSE: 0.0118) 
2026-09-13 15:23:51,734 - INFO - Epoch [1270/2000] LR: 0.000031 | Train Loss: 0.001816 (Data: 0.00181, Mono: 0.00001) | Val MSE: 0.000128 (RMSE: 0.0113) 
2026-09-13 15:23:52,156 - INFO - Epoch [1280/2000] LR: 0.000031 | Train Loss: 0.001716 (Data: 0.00171, Mono: 0.00001) | Val MSE: 0.000128 (RMSE: 0.0113) 
2026-09-13 15:23:52,573 - INFO - Epoch [1290/2000] LR: 0.000030 | Train Loss: 0.001783 (Data: 0.00178, Mono: 0.00001) | Val MSE: 0.000130 (RMSE: 0.0114) 
2026-09-13 15:23:52,984 - INFO - Epoch [1300/2000] LR: 0.000029 | Train Loss: 0.001714 (Data: 0.00171, Mono: 0.00001) | Val MSE: 0.000132 (RMSE: 0.0115) 
2026-09-13 15:23:53,405 - INFO - Epoch [1310/2000] LR: 0.000028 | Train Loss: 0.001710 (Data: 0.00171, Mono: 0.00001) | Val MSE: 0.000128 (RMSE: 0.0113) 
2026-09-13 15:23:53,812 - INFO - Epoch [1320/2000] LR: 0.000028 | Train Loss: 0.001775 (Data: 0.00177, Mono: 0.00001) | Val MSE: 0.000131 (RMSE: 0.0114) 
2026-09-13 15:23:54,234 - INFO - Epoch [1330/2000] LR: 0.000027 | Train Loss: 0.001694 (Data: 0.00169, Mono: 0.00001) | Val MSE: 0.000127 (RMSE: 0.0113) 
2026-09-13 15:23:54,647 - INFO - Epoch [1340/2000] LR: 0.000026 | Train Loss: 0.001750 (Data: 0.00175, Mono: 0.00001) | Val MSE: 0.000132 (RMSE: 0.0115) 
2026-09-13 15:23:55,047 - INFO - Epoch [1350/2000] LR: 0.000026 | Train Loss: 0.001691 (Data: 0.00169, Mono: 0.00001) | Val MSE: 0.000140 (RMSE: 0.0118) 
2026-09-13 15:23:55,470 - INFO - Epoch [1360/2000] LR: 0.000025 | Train Loss: 0.001710 (Data: 0.00171, Mono: 0.00001) | Val MSE: 0.000128 (RMSE: 0.0113) 
2026-09-13 15:23:55,898 - INFO - Epoch [1370/2000] LR: 0.000024 | Train Loss: 0.001748 (Data: 0.00174, Mono: 0.00001) | Val MSE: 0.000134 (RMSE: 0.0116) 
2026-09-13 15:23:56,364 - INFO - Epoch [1380/2000] LR: 0.000024 | Train Loss: 0.001660 (Data: 0.00166, Mono: 0.00001) | Val MSE: 0.000138 (RMSE: 0.0117) 
2026-09-13 15:23:56,792 - INFO - Epoch [1390/2000] LR: 0.000023 | Train Loss: 0.001652 (Data: 0.00165, Mono: 0.00001) | Val MSE: 0.000132 (RMSE: 0.0115) 
2026-09-13 15:23:57,207 - INFO - Epoch [1400/2000] LR: 0.000022 | Train Loss: 0.001728 (Data: 0.00172, Mono: 0.00001) | Val MSE: 0.000137 (RMSE: 0.0117) 
2026-09-13 15:23:57,618 - INFO - Epoch [1410/2000] LR: 0.000022 | Train Loss: 0.001667 (Data: 0.00166, Mono: 0.00001) | Val MSE: 0.000137 (RMSE: 0.0117) 
2026-09-13 15:23:58,027 - INFO - Epoch [1420/2000] LR: 0.000021 | Train Loss: 0.001690 (Data: 0.00169, Mono: 0.00001) | Val MSE: 0.000136 (RMSE: 0.0117) 
2026-09-13 15:23:58,435 - INFO - Epoch [1430/2000] LR: 0.000021 | Train Loss: 0.001674 (Data: 0.00167, Mono: 0.00001) | Val MSE: 0.000132 (RMSE: 0.0115) 
2026-09-13 15:23:58,840 - INFO - Epoch [1440/2000] LR: 0.000020 | Train Loss: 0.001700 (Data: 0.00170, Mono: 0.00001) | Val MSE: 0.000131 (RMSE: 0.0114) 
2026-09-13 15:23:59,241 - INFO - Epoch [1450/2000] LR: 0.000019 | Train Loss: 0.001730 (Data: 0.00173, Mono: 0.00001) | Val MSE: 0.000138 (RMSE: 0.0117) 
2026-09-13 15:23:59,652 - INFO - Epoch [1460/2000] LR: 0.000019 | Train Loss: 0.001691 (Data: 0.00169, Mono: 0.00001) | Val MSE: 0.000135 (RMSE: 0.0116) 
2026-09-13 15:24:00,059 - INFO - Epoch [1470/2000] LR: 0.000018 | Train Loss: 0.001621 (Data: 0.00162, Mono: 0.00001) | Val MSE: 0.000137 (RMSE: 0.0117) 
2026-09-13 15:24:00,473 - INFO - Epoch [1480/2000] LR: 0.000018 | Train Loss: 0.001713 (Data: 0.00171, Mono: 0.00001) | Val MSE: 0.000136 (RMSE: 0.0116) 
2026-09-13 15:24:00,881 - INFO - Epoch [1490/2000] LR: 0.000017 | Train Loss: 0.001701 (Data: 0.00170, Mono: 0.00001) | Val MSE: 0.000136 (RMSE: 0.0117) 
2026-09-13 15:24:01,284 - INFO - Epoch [1500/2000] LR: 0.000016 | Train Loss: 0.001697 (Data: 0.00169, Mono: 0.00001) | Val MSE: 0.000140 (RMSE: 0.0118) 
2026-09-13 15:24:01,696 - INFO - Epoch [1510/2000] LR: 0.000016 | Train Loss: 0.001691 (Data: 0.00169, Mono: 0.00001) | Val MSE: 0.000132 (RMSE: 0.0115) 
2026-09-13 15:24:02,094 - INFO - Epoch [1520/2000] LR: 0.000015 | Train Loss: 0.001672 (Data: 0.00167, Mono: 0.00001) | Val MSE: 0.000135 (RMSE: 0.0116) 
2026-09-13 15:24:02,509 - INFO - Epoch [1530/2000] LR: 0.000015 | Train Loss: 0.001658 (Data: 0.00165, Mono: 0.00001) | Val MSE: 0.000136 (RMSE: 0.0117) 
2026-09-13 15:24:02,917 - INFO - Epoch [1540/2000] LR: 0.000014 | Train Loss: 0.001619 (Data: 0.00161, Mono: 0.00001) | Val MSE: 0.000135 (RMSE: 0.0116) 
2026-09-13 15:24:03,328 - INFO - Epoch [1550/2000] LR: 0.000014 | Train Loss: 0.001636 (Data: 0.00163, Mono: 0.00001) | Val MSE: 0.000133 (RMSE: 0.0115) 
2026-09-13 15:24:03,747 - INFO - Epoch [1560/2000] LR: 0.000013 | Train Loss: 0.001593 (Data: 0.00159, Mono: 0.00001) | Val MSE: 0.000137 (RMSE: 0.0117) 
2026-09-13 15:24:04,148 - INFO - Epoch [1570/2000] LR: 0.000013 | Train Loss: 0.001661 (Data: 0.00166, Mono: 0.00001) | Val MSE: 0.000141 (RMSE: 0.0119) 
2026-09-13 15:24:04,561 - INFO - Epoch [1580/2000] LR: 0.000012 | Train Loss: 0.001666 (Data: 0.00166, Mono: 0.00001) | Val MSE: 0.000134 (RMSE: 0.0116) 
2026-09-13 15:24:04,973 - INFO - Epoch [1590/2000] LR: 0.000012 | Train Loss: 0.001597 (Data: 0.00159, Mono: 0.00001) | Val MSE: 0.000136 (RMSE: 0.0117) 
2026-09-13 15:24:05,398 - INFO - Epoch [1600/2000] LR: 0.000011 | Train Loss: 0.001637 (Data: 0.00163, Mono: 0.00001) | Val MSE: 0.000135 (RMSE: 0.0116) 
2026-09-13 15:24:05,803 - INFO - Epoch [1610/2000] LR: 0.000011 | Train Loss: 0.001629 (Data: 0.00162, Mono: 0.00001) | Val MSE: 0.000139 (RMSE: 0.0118) 
2026-09-13 15:24:06,205 - INFO - Epoch [1620/2000] LR: 0.000010 | Train Loss: 0.001616 (Data: 0.00161, Mono: 0.00001) | Val MSE: 0.000139 (RMSE: 0.0118) 
2026-09-13 15:24:06,626 - INFO - Epoch [1630/2000] LR: 0.000010 | Train Loss: 0.001665 (Data: 0.00166, Mono: 0.00001) | Val MSE: 0.000139 (RMSE: 0.0118) 
2026-09-13 15:24:07,043 - INFO - Epoch [1640/2000] LR: 0.000009 | Train Loss: 0.001665 (Data: 0.00166, Mono: 0.00001) | Val MSE: 0.000135 (RMSE: 0.0116) 
2026-09-13 15:24:07,483 - INFO - Epoch [1650/2000] LR: 0.000009 | Train Loss: 0.001678 (Data: 0.00167, Mono: 0.00001) | Val MSE: 0.000138 (RMSE: 0.0117) 
2026-09-13 15:24:07,900 - INFO - Epoch [1660/2000] LR: 0.000009 | Train Loss: 0.001626 (Data: 0.00162, Mono: 0.00001) | Val MSE: 0.000134 (RMSE: 0.0116) 
2026-09-13 15:24:08,309 - INFO - Epoch [1670/2000] LR: 0.000008 | Train Loss: 0.001639 (Data: 0.00163, Mono: 0.00001) | Val MSE: 0.000137 (RMSE: 0.0117) 
2026-09-13 15:24:08,706 - INFO - Epoch [1680/2000] LR: 0.000008 | Train Loss: 0.001649 (Data: 0.00164, Mono: 0.00001) | Val MSE: 0.000136 (RMSE: 0.0117) 
2026-09-13 15:24:09,130 - INFO - Epoch [1690/2000] LR: 0.000007 | Train Loss: 0.001641 (Data: 0.00164, Mono: 0.00001) | Val MSE: 0.000143 (RMSE: 0.0119) 
2026-09-13 15:24:09,550 - INFO - Epoch [1700/2000] LR: 0.000007 | Train Loss: 0.001598 (Data: 0.00159, Mono: 0.00001) | Val MSE: 0.000135 (RMSE: 0.0116) 
2026-09-13 15:24:09,959 - INFO - Epoch [1710/2000] LR: 0.000007 | Train Loss: 0.001675 (Data: 0.00167, Mono: 0.00001) | Val MSE: 0.000136 (RMSE: 0.0116) 
2026-09-13 15:24:10,362 - INFO - Epoch [1720/2000] LR: 0.000006 | Train Loss: 0.001629 (Data: 0.00162, Mono: 0.00001) | Val MSE: 0.000135 (RMSE: 0.0116) 
2026-09-13 15:24:10,776 - INFO - Epoch [1730/2000] LR: 0.000006 | Train Loss: 0.001620 (Data: 0.00162, Mono: 0.00001) | Val MSE: 0.000135 (RMSE: 0.0116) 
2026-09-13 15:24:11,178 - INFO - Epoch [1740/2000] LR: 0.000006 | Train Loss: 0.001644 (Data: 0.00164, Mono: 0.00001) | Val MSE: 0.000136 (RMSE: 0.0116) 
2026-09-13 15:24:11,594 - INFO - Epoch [1750/2000] LR: 0.000005 | Train Loss: 0.001640 (Data: 0.00164, Mono: 0.00001) | Val MSE: 0.000134 (RMSE: 0.0116) 
2026-09-13 15:24:12,010 - INFO - Epoch [1760/2000] LR: 0.000005 | Train Loss: 0.001639 (Data: 0.00163, Mono: 0.00001) | Val MSE: 0.000135 (RMSE: 0.0116) 
2026-09-13 15:24:12,427 - INFO - Epoch [1770/2000] LR: 0.000005 | Train Loss: 0.001644 (Data: 0.00164, Mono: 0.00001) | Val MSE: 0.000136 (RMSE: 0.0117) 
2026-09-13 15:24:12,825 - INFO - Epoch [1780/2000] LR: 0.000005 | Train Loss: 0.001605 (Data: 0.00160, Mono: 0.00001) | Val MSE: 0.000137 (RMSE: 0.0117) 
2026-09-13 15:24:13,232 - INFO - Epoch [1790/2000] LR: 0.000004 | Train Loss: 0.001633 (Data: 0.00163, Mono: 0.00001) | Val MSE: 0.000135 (RMSE: 0.0116) 
2026-09-13 15:24:13,638 - INFO - Epoch [1800/2000] LR: 0.000004 | Train Loss: 0.001570 (Data: 0.00157, Mono: 0.00001) | Val MSE: 0.000136 (RMSE: 0.0117) 
2026-09-13 15:24:14,053 - INFO - Epoch [1810/2000] LR: 0.000004 | Train Loss: 0.001598 (Data: 0.00159, Mono: 0.00001) | Val MSE: 0.000135 (RMSE: 0.0116) 
2026-09-13 15:24:14,450 - INFO - Epoch [1820/2000] LR: 0.000004 | Train Loss: 0.001564 (Data: 0.00156, Mono: 0.00001) | Val MSE: 0.000137 (RMSE: 0.0117) 
2026-09-13 15:24:14,859 - INFO - Epoch [1830/2000] LR: 0.000003 | Train Loss: 0.001598 (Data: 0.00159, Mono: 0.00001) | Val MSE: 0.000136 (RMSE: 0.0117) 
2026-09-13 15:24:15,260 - INFO - Epoch [1840/2000] LR: 0.000003 | Train Loss: 0.001630 (Data: 0.00163, Mono: 0.00001) | Val MSE: 0.000138 (RMSE: 0.0118) 
2026-09-13 15:24:15,676 - INFO - Epoch [1850/2000] LR: 0.000003 | Train Loss: 0.001586 (Data: 0.00158, Mono: 0.00001) | Val MSE: 0.000135 (RMSE: 0.0116) 
2026-09-13 15:24:16,080 - INFO - Epoch [1860/2000] LR: 0.000003 | Train Loss: 0.001638 (Data: 0.00163, Mono: 0.00001) | Val MSE: 0.000137 (RMSE: 0.0117) 
2026-09-13 15:24:16,483 - INFO - Epoch [1870/2000] LR: 0.000003 | Train Loss: 0.001640 (Data: 0.00164, Mono: 0.00001) | Val MSE: 0.000138 (RMSE: 0.0117) 
2026-09-13 15:24:16,891 - INFO - Epoch [1880/2000] LR: 0.000002 | Train Loss: 0.001605 (Data: 0.00160, Mono: 0.00001) | Val MSE: 0.000136 (RMSE: 0.0117) 
2026-09-13 15:24:17,302 - INFO - Epoch [1890/2000] LR: 0.000002 | Train Loss: 0.001608 (Data: 0.00160, Mono: 0.00001) | Val MSE: 0.000137 (RMSE: 0.0117) 
2026-09-13 15:24:17,707 - INFO - Epoch [1900/2000] LR: 0.000002 | Train Loss: 0.001561 (Data: 0.00156, Mono: 0.00001) | Val MSE: 0.000137 (RMSE: 0.0117) 
2026-09-13 15:24:18,126 - INFO - Epoch [1910/2000] LR: 0.000002 | Train Loss: 0.001629 (Data: 0.00163, Mono: 0.00001) | Val MSE: 0.000136 (RMSE: 0.0117) 
2026-09-13 15:24:18,567 - INFO - Epoch [1920/2000] LR: 0.000002 | Train Loss: 0.001610 (Data: 0.00161, Mono: 0.00001) | Val MSE: 0.000137 (RMSE: 0.0117) 
2026-09-13 15:24:18,979 - INFO - Epoch [1930/2000] LR: 0.000002 | Train Loss: 0.001617 (Data: 0.00161, Mono: 0.00001) | Val MSE: 0.000138 (RMSE: 0.0118) 
2026-09-13 15:24:19,411 - INFO - Epoch [1940/2000] LR: 0.000002 | Train Loss: 0.001642 (Data: 0.00164, Mono: 0.00001) | Val MSE: 0.000136 (RMSE: 0.0117) 
2026-09-13 15:24:19,851 - INFO - Epoch [1950/2000] LR: 0.000002 | Train Loss: 0.001584 (Data: 0.00158, Mono: 0.00001) | Val MSE: 0.000136 (RMSE: 0.0117) 
2026-09-13 15:24:20,258 - INFO - Epoch [1960/2000] LR: 0.000002 | Train Loss: 0.001677 (Data: 0.00167, Mono: 0.00001) | Val MSE: 0.000136 (RMSE: 0.0117) 
2026-09-13 15:24:20,667 - INFO - Epoch [1970/2000] LR: 0.000002 | Train Loss: 0.001595 (Data: 0.00159, Mono: 0.00001) | Val MSE: 0.000136 (RMSE: 0.0117) 
2026-09-13 15:24:21,072 - INFO - Epoch [1980/2000] LR: 0.000002 | Train Loss: 0.001586 (Data: 0.00158, Mono: 0.00001) | Val MSE: 0.000135 (RMSE: 0.0116) 
2026-09-13 15:24:21,474 - INFO - Epoch [1990/2000] LR: 0.000002 | Train Loss: 0.001626 (Data: 0.00162, Mono: 0.00001) | Val MSE: 0.000136 (RMSE: 0.0117) 
2026-09-13 15:24:21,883 - INFO - Epoch [2000/2000] LR: 0.000002 | Train Loss: 0.001581 (Data: 0.00158, Mono: 0.00001) | Val MSE: 0.000136 (RMSE: 0.0117) 
2026-09-13 15:24:21,883 - INFO - Training completed in 78.99s. Loading best checkpoint from epoch 19 for final test evaluation...
2026-09-13 15:24:21,908 - INFO - ==================================================
2026-09-13 15:24:21,908 - INFO - Test Results for [XJTU] - [Sim_satellite] (Best Epoch 19):
2026-09-13 15:24:21,908 - INFO -   Test RMSE: 0.016108
2026-09-13 15:24:21,908 - INFO -   Test MAE:  0.013998
2026-09-13 15:24:21,908 - INFO -   Test MAPE: 1.466204
2026-09-13 15:24:21,908 - INFO -   Test MSE:  0.000259
2026-09-13 15:24:21,908 - INFO - ==================================================
2026-09-13 15:33:49,463 - INFO - ==================================================
2026-09-13 15:33:49,463 - INFO - Starting FusionMLP Training for [XJTU] - [Sim_satellite]
2026-09-13 15:33:49,463 - INFO - Device: cuda | Epochs: 2000 | LR: 0.000100 | Mono Weight: 0.4000 | Knee Feature: True
2026-09-13 15:33:49,463 - INFO - ==================================================
2026-09-13 15:33:49,540 - INFO - Data Splits: Train=5, Val=1, Test=2
2026-09-13 15:33:49,607 - INFO - Epoch [   1/2000] LR: 0.006063 | Train Loss: 0.292747 (Data: 0.29273, Mono: 0.00005) | Val MSE: 0.140873 (RMSE: 0.3753) [BEST]
2026-09-13 15:33:49,662 - INFO - Epoch [   2/2000] LR: 0.005857 | Train Loss: 0.113934 (Data: 0.11391, Mono: 0.00005) | Val MSE: 0.059652 (RMSE: 0.2442) [BEST]
2026-09-13 15:33:49,703 - INFO - Epoch [   3/2000] LR: 0.005651 | Train Loss: 0.054502 (Data: 0.05448, Mono: 0.00005) | Val MSE: 0.037344 (RMSE: 0.1932) [BEST]
2026-09-13 15:33:49,753 - INFO - Epoch [   4/2000] LR: 0.005446 | Train Loss: 0.040942 (Data: 0.04093, Mono: 0.00004) | Val MSE: 0.022295 (RMSE: 0.1493) [BEST]
2026-09-13 15:33:49,803 - INFO - Epoch [   5/2000] LR: 0.005240 | Train Loss: 0.031601 (Data: 0.03158, Mono: 0.00004) | Val MSE: 0.010926 (RMSE: 0.1045) [BEST]
2026-09-13 15:33:49,853 - INFO - Epoch [   6/2000] LR: 0.005035 | Train Loss: 0.024424 (Data: 0.02441, Mono: 0.00004) | Val MSE: 0.002990 (RMSE: 0.0547) [BEST]
2026-09-13 15:33:49,903 - INFO - Epoch [   7/2000] LR: 0.004829 | Train Loss: 0.020422 (Data: 0.02041, Mono: 0.00003) | Val MSE: 0.000105 (RMSE: 0.0102) [BEST]
2026-09-13 15:33:50,029 - INFO - Epoch [  10/2000] LR: 0.004212 | Train Loss: 0.013595 (Data: 0.01358, Mono: 0.00003) | Val MSE: 0.000694 (RMSE: 0.0264) 
2026-09-13 15:33:50,116 - INFO - Epoch [  12/2000] LR: 0.003801 | Train Loss: 0.011367 (Data: 0.01136, Mono: 0.00003) | Val MSE: 0.000099 (RMSE: 0.0100) [BEST]
2026-09-13 15:33:50,431 - INFO - Epoch [  20/2000] LR: 0.002156 | Train Loss: 0.008253 (Data: 0.00824, Mono: 0.00002) | Val MSE: 0.000102 (RMSE: 0.0101) 
2026-09-13 15:33:50,817 - INFO - Epoch [  30/2000] LR: 0.000100 | Train Loss: 0.007431 (Data: 0.00742, Mono: 0.00002) | Val MSE: 0.000119 (RMSE: 0.0109) 
2026-09-13 15:33:51,202 - INFO - Epoch [  40/2000] LR: 0.000100 | Train Loss: 0.007322 (Data: 0.00731, Mono: 0.00002) | Val MSE: 0.000112 (RMSE: 0.0106) 
2026-09-13 15:33:51,603 - INFO - Epoch [  50/2000] LR: 0.000100 | Train Loss: 0.007291 (Data: 0.00728, Mono: 0.00002) | Val MSE: 0.000111 (RMSE: 0.0105) 
2026-09-13 15:33:51,991 - INFO - Epoch [  60/2000] LR: 0.000100 | Train Loss: 0.007141 (Data: 0.00713, Mono: 0.00002) | Val MSE: 0.000113 (RMSE: 0.0106) 
2026-09-13 15:33:52,369 - INFO - Epoch [  70/2000] LR: 0.000100 | Train Loss: 0.006938 (Data: 0.00693, Mono: 0.00002) | Val MSE: 0.000113 (RMSE: 0.0106) 
2026-09-13 15:33:52,789 - INFO - Epoch [  80/2000] LR: 0.000100 | Train Loss: 0.006967 (Data: 0.00696, Mono: 0.00002) | Val MSE: 0.000118 (RMSE: 0.0108) 
2026-09-13 15:33:53,190 - INFO - Epoch [  90/2000] LR: 0.000100 | Train Loss: 0.006724 (Data: 0.00671, Mono: 0.00002) | Val MSE: 0.000114 (RMSE: 0.0107) 
2026-09-13 15:33:53,589 - INFO - Epoch [ 100/2000] LR: 0.000100 | Train Loss: 0.006778 (Data: 0.00677, Mono: 0.00002) | Val MSE: 0.000113 (RMSE: 0.0106) 
2026-09-13 15:33:53,974 - INFO - Epoch [ 110/2000] LR: 0.000100 | Train Loss: 0.006733 (Data: 0.00672, Mono: 0.00002) | Val MSE: 0.000112 (RMSE: 0.0106) 
2026-09-13 15:33:54,363 - INFO - Epoch [ 120/2000] LR: 0.000099 | Train Loss: 0.006308 (Data: 0.00630, Mono: 0.00002) | Val MSE: 0.000113 (RMSE: 0.0106) 
2026-09-13 15:33:54,761 - INFO - Epoch [ 130/2000] LR: 0.000099 | Train Loss: 0.006498 (Data: 0.00649, Mono: 0.00002) | Val MSE: 0.000120 (RMSE: 0.0110) 
2026-09-13 15:33:55,142 - INFO - Epoch [ 140/2000] LR: 0.000099 | Train Loss: 0.006066 (Data: 0.00606, Mono: 0.00002) | Val MSE: 0.000117 (RMSE: 0.0108) 
2026-09-13 15:33:55,546 - INFO - Epoch [ 150/2000] LR: 0.000099 | Train Loss: 0.006189 (Data: 0.00618, Mono: 0.00002) | Val MSE: 0.000118 (RMSE: 0.0108) 
2026-09-13 15:33:55,953 - INFO - Epoch [ 160/2000] LR: 0.000099 | Train Loss: 0.006071 (Data: 0.00606, Mono: 0.00002) | Val MSE: 0.000122 (RMSE: 0.0110) 
2026-09-13 15:33:56,355 - INFO - Epoch [ 170/2000] LR: 0.000099 | Train Loss: 0.005985 (Data: 0.00598, Mono: 0.00002) | Val MSE: 0.000120 (RMSE: 0.0110) 
2026-09-13 15:33:56,761 - INFO - Epoch [ 180/2000] LR: 0.000099 | Train Loss: 0.005663 (Data: 0.00565, Mono: 0.00002) | Val MSE: 0.000122 (RMSE: 0.0110) 
2026-09-13 15:33:57,152 - INFO - Epoch [ 190/2000] LR: 0.000098 | Train Loss: 0.005571 (Data: 0.00556, Mono: 0.00002) | Val MSE: 0.000123 (RMSE: 0.0111) 
2026-09-13 15:33:57,537 - INFO - Epoch [ 200/2000] LR: 0.000098 | Train Loss: 0.005488 (Data: 0.00548, Mono: 0.00002) | Val MSE: 0.000119 (RMSE: 0.0109) 
2026-09-13 15:33:57,904 - INFO - Epoch [ 210/2000] LR: 0.000098 | Train Loss: 0.005662 (Data: 0.00565, Mono: 0.00002) | Val MSE: 0.000122 (RMSE: 0.0110) 
2026-09-13 15:33:58,287 - INFO - Epoch [ 220/2000] LR: 0.000098 | Train Loss: 0.005422 (Data: 0.00541, Mono: 0.00002) | Val MSE: 0.000126 (RMSE: 0.0112) 
2026-09-13 15:33:58,685 - INFO - Epoch [ 230/2000] LR: 0.000098 | Train Loss: 0.005394 (Data: 0.00539, Mono: 0.00002) | Val MSE: 0.000129 (RMSE: 0.0114) 
2026-09-13 15:33:59,066 - INFO - Epoch [ 240/2000] LR: 0.000097 | Train Loss: 0.005398 (Data: 0.00539, Mono: 0.00002) | Val MSE: 0.000123 (RMSE: 0.0111) 
2026-09-13 15:33:59,443 - INFO - Epoch [ 250/2000] LR: 0.000097 | Train Loss: 0.005003 (Data: 0.00500, Mono: 0.00002) | Val MSE: 0.000130 (RMSE: 0.0114) 
2026-09-13 15:33:59,816 - INFO - Epoch [ 260/2000] LR: 0.000097 | Train Loss: 0.005088 (Data: 0.00508, Mono: 0.00002) | Val MSE: 0.000127 (RMSE: 0.0113) 
2026-09-13 15:34:00,186 - INFO - Epoch [ 270/2000] LR: 0.000096 | Train Loss: 0.004987 (Data: 0.00498, Mono: 0.00002) | Val MSE: 0.000133 (RMSE: 0.0115) 
2026-09-13 15:34:00,543 - INFO - Epoch [ 280/2000] LR: 0.000096 | Train Loss: 0.004862 (Data: 0.00486, Mono: 0.00002) | Val MSE: 0.000141 (RMSE: 0.0119) 
2026-09-13 15:34:00,910 - INFO - Epoch [ 290/2000] LR: 0.000096 | Train Loss: 0.004751 (Data: 0.00474, Mono: 0.00002) | Val MSE: 0.000136 (RMSE: 0.0117) 
2026-09-13 15:34:01,283 - INFO - Epoch [ 300/2000] LR: 0.000096 | Train Loss: 0.004842 (Data: 0.00483, Mono: 0.00002) | Val MSE: 0.000145 (RMSE: 0.0120) 
2026-09-13 15:34:01,651 - INFO - Epoch [ 310/2000] LR: 0.000095 | Train Loss: 0.004662 (Data: 0.00465, Mono: 0.00002) | Val MSE: 0.000136 (RMSE: 0.0117) 
2026-09-13 15:34:02,004 - INFO - Epoch [ 320/2000] LR: 0.000095 | Train Loss: 0.004736 (Data: 0.00473, Mono: 0.00002) | Val MSE: 0.000142 (RMSE: 0.0119) 
2026-09-13 15:34:02,358 - INFO - Epoch [ 330/2000] LR: 0.000094 | Train Loss: 0.004686 (Data: 0.00468, Mono: 0.00002) | Val MSE: 0.000145 (RMSE: 0.0121) 
2026-09-13 15:34:02,720 - INFO - Epoch [ 340/2000] LR: 0.000094 | Train Loss: 0.004705 (Data: 0.00470, Mono: 0.00002) | Val MSE: 0.000146 (RMSE: 0.0121) 
2026-09-13 15:34:03,084 - INFO - Epoch [ 350/2000] LR: 0.000094 | Train Loss: 0.004589 (Data: 0.00458, Mono: 0.00002) | Val MSE: 0.000142 (RMSE: 0.0119) 
2026-09-13 15:34:03,451 - INFO - Epoch [ 360/2000] LR: 0.000093 | Train Loss: 0.004583 (Data: 0.00458, Mono: 0.00002) | Val MSE: 0.000149 (RMSE: 0.0122) 
2026-09-13 15:34:03,817 - INFO - Epoch [ 370/2000] LR: 0.000093 | Train Loss: 0.004434 (Data: 0.00443, Mono: 0.00002) | Val MSE: 0.000155 (RMSE: 0.0124) 
2026-09-13 15:34:04,172 - INFO - Epoch [ 380/2000] LR: 0.000093 | Train Loss: 0.004321 (Data: 0.00431, Mono: 0.00002) | Val MSE: 0.000149 (RMSE: 0.0122) 
2026-09-13 15:34:04,529 - INFO - Epoch [ 390/2000] LR: 0.000092 | Train Loss: 0.004345 (Data: 0.00434, Mono: 0.00002) | Val MSE: 0.000159 (RMSE: 0.0126) 
2026-09-13 15:34:04,899 - INFO - Epoch [ 400/2000] LR: 0.000092 | Train Loss: 0.004338 (Data: 0.00433, Mono: 0.00002) | Val MSE: 0.000154 (RMSE: 0.0124) 
2026-09-13 15:34:05,261 - INFO - Epoch [ 410/2000] LR: 0.000091 | Train Loss: 0.004259 (Data: 0.00425, Mono: 0.00002) | Val MSE: 0.000152 (RMSE: 0.0123) 
2026-09-13 15:34:05,620 - INFO - Epoch [ 420/2000] LR: 0.000091 | Train Loss: 0.004234 (Data: 0.00423, Mono: 0.00002) | Val MSE: 0.000162 (RMSE: 0.0127) 
2026-09-13 15:34:05,985 - INFO - Epoch [ 430/2000] LR: 0.000090 | Train Loss: 0.004262 (Data: 0.00425, Mono: 0.00002) | Val MSE: 0.000159 (RMSE: 0.0126) 
2026-09-13 15:34:06,350 - INFO - Epoch [ 440/2000] LR: 0.000090 | Train Loss: 0.004230 (Data: 0.00422, Mono: 0.00002) | Val MSE: 0.000163 (RMSE: 0.0128) 
2026-09-13 15:34:06,728 - INFO - Epoch [ 450/2000] LR: 0.000089 | Train Loss: 0.003966 (Data: 0.00396, Mono: 0.00002) | Val MSE: 0.000162 (RMSE: 0.0127) 
2026-09-13 15:34:07,105 - INFO - Epoch [ 460/2000] LR: 0.000089 | Train Loss: 0.004047 (Data: 0.00404, Mono: 0.00002) | Val MSE: 0.000164 (RMSE: 0.0128) 
2026-09-13 15:34:07,478 - INFO - Epoch [ 470/2000] LR: 0.000088 | Train Loss: 0.003733 (Data: 0.00373, Mono: 0.00002) | Val MSE: 0.000171 (RMSE: 0.0131) 
2026-09-13 15:34:07,852 - INFO - Epoch [ 480/2000] LR: 0.000088 | Train Loss: 0.003872 (Data: 0.00386, Mono: 0.00002) | Val MSE: 0.000169 (RMSE: 0.0130) 
2026-09-13 15:34:08,217 - INFO - Epoch [ 490/2000] LR: 0.000087 | Train Loss: 0.003916 (Data: 0.00391, Mono: 0.00002) | Val MSE: 0.000186 (RMSE: 0.0137) 
2026-09-13 15:34:08,586 - INFO - Epoch [ 500/2000] LR: 0.000087 | Train Loss: 0.003843 (Data: 0.00384, Mono: 0.00002) | Val MSE: 0.000177 (RMSE: 0.0133) 
2026-09-13 15:34:08,950 - INFO - Epoch [ 510/2000] LR: 0.000086 | Train Loss: 0.003866 (Data: 0.00386, Mono: 0.00002) | Val MSE: 0.000186 (RMSE: 0.0136) 
2026-09-13 15:34:09,337 - INFO - Epoch [ 520/2000] LR: 0.000086 | Train Loss: 0.003659 (Data: 0.00365, Mono: 0.00002) | Val MSE: 0.000180 (RMSE: 0.0134) 
2026-09-13 15:34:09,699 - INFO - Epoch [ 530/2000] LR: 0.000085 | Train Loss: 0.003676 (Data: 0.00367, Mono: 0.00002) | Val MSE: 0.000186 (RMSE: 0.0136) 
2026-09-13 15:34:10,068 - INFO - Epoch [ 540/2000] LR: 0.000085 | Train Loss: 0.003664 (Data: 0.00366, Mono: 0.00002) | Val MSE: 0.000187 (RMSE: 0.0137) 
2026-09-13 15:34:10,441 - INFO - Epoch [ 550/2000] LR: 0.000084 | Train Loss: 0.003625 (Data: 0.00362, Mono: 0.00002) | Val MSE: 0.000189 (RMSE: 0.0138) 
2026-09-13 15:34:10,816 - INFO - Epoch [ 560/2000] LR: 0.000083 | Train Loss: 0.003513 (Data: 0.00351, Mono: 0.00001) | Val MSE: 0.000198 (RMSE: 0.0141) 
2026-09-13 15:34:11,184 - INFO - Epoch [ 570/2000] LR: 0.000083 | Train Loss: 0.003535 (Data: 0.00353, Mono: 0.00002) | Val MSE: 0.000189 (RMSE: 0.0137) 
2026-09-13 15:34:11,548 - INFO - Epoch [ 580/2000] LR: 0.000082 | Train Loss: 0.003530 (Data: 0.00352, Mono: 0.00002) | Val MSE: 0.000188 (RMSE: 0.0137) 
2026-09-13 15:34:11,915 - INFO - Epoch [ 590/2000] LR: 0.000082 | Train Loss: 0.003518 (Data: 0.00351, Mono: 0.00002) | Val MSE: 0.000192 (RMSE: 0.0139) 
2026-09-13 15:34:12,283 - INFO - Epoch [ 600/2000] LR: 0.000081 | Train Loss: 0.003350 (Data: 0.00334, Mono: 0.00001) | Val MSE: 0.000201 (RMSE: 0.0142) 
2026-09-13 15:34:12,658 - INFO - Epoch [ 610/2000] LR: 0.000080 | Train Loss: 0.003382 (Data: 0.00338, Mono: 0.00002) | Val MSE: 0.000198 (RMSE: 0.0141) 
2026-09-13 15:34:13,028 - INFO - Epoch [ 620/2000] LR: 0.000080 | Train Loss: 0.003421 (Data: 0.00342, Mono: 0.00002) | Val MSE: 0.000215 (RMSE: 0.0146) 
2026-09-13 15:34:13,401 - INFO - Epoch [ 630/2000] LR: 0.000079 | Train Loss: 0.003297 (Data: 0.00329, Mono: 0.00001) | Val MSE: 0.000201 (RMSE: 0.0142) 
2026-09-13 15:34:13,765 - INFO - Epoch [ 640/2000] LR: 0.000078 | Train Loss: 0.003203 (Data: 0.00320, Mono: 0.00002) | Val MSE: 0.000197 (RMSE: 0.0140) 
2026-09-13 15:34:14,129 - INFO - Epoch [ 650/2000] LR: 0.000078 | Train Loss: 0.003256 (Data: 0.00325, Mono: 0.00002) | Val MSE: 0.000204 (RMSE: 0.0143) 
2026-09-13 15:34:14,489 - INFO - Epoch [ 660/2000] LR: 0.000077 | Train Loss: 0.003382 (Data: 0.00338, Mono: 0.00002) | Val MSE: 0.000210 (RMSE: 0.0145) 
2026-09-13 15:34:14,850 - INFO - Epoch [ 670/2000] LR: 0.000077 | Train Loss: 0.003283 (Data: 0.00328, Mono: 0.00002) | Val MSE: 0.000209 (RMSE: 0.0145) 
2026-09-13 15:34:15,204 - INFO - Epoch [ 680/2000] LR: 0.000076 | Train Loss: 0.003191 (Data: 0.00319, Mono: 0.00001) | Val MSE: 0.000211 (RMSE: 0.0145) 
2026-09-13 15:34:15,572 - INFO - Epoch [ 690/2000] LR: 0.000075 | Train Loss: 0.003173 (Data: 0.00317, Mono: 0.00002) | Val MSE: 0.000217 (RMSE: 0.0147) 
2026-09-13 15:34:15,951 - INFO - Epoch [ 700/2000] LR: 0.000074 | Train Loss: 0.003202 (Data: 0.00320, Mono: 0.00001) | Val MSE: 0.000215 (RMSE: 0.0147) 
2026-09-13 15:34:16,317 - INFO - Epoch [ 710/2000] LR: 0.000074 | Train Loss: 0.003202 (Data: 0.00320, Mono: 0.00001) | Val MSE: 0.000218 (RMSE: 0.0148) 
2026-09-13 15:34:16,690 - INFO - Epoch [ 720/2000] LR: 0.000073 | Train Loss: 0.003130 (Data: 0.00312, Mono: 0.00002) | Val MSE: 0.000217 (RMSE: 0.0147) 
2026-09-13 15:34:17,074 - INFO - Epoch [ 730/2000] LR: 0.000072 | Train Loss: 0.003143 (Data: 0.00314, Mono: 0.00002) | Val MSE: 0.000228 (RMSE: 0.0151) 
2026-09-13 15:34:17,444 - INFO - Epoch [ 740/2000] LR: 0.000072 | Train Loss: 0.002966 (Data: 0.00296, Mono: 0.00001) | Val MSE: 0.000221 (RMSE: 0.0149) 
2026-09-13 15:34:17,817 - INFO - Epoch [ 750/2000] LR: 0.000071 | Train Loss: 0.003019 (Data: 0.00301, Mono: 0.00001) | Val MSE: 0.000233 (RMSE: 0.0153) 
2026-09-13 15:34:18,206 - INFO - Epoch [ 760/2000] LR: 0.000070 | Train Loss: 0.002956 (Data: 0.00295, Mono: 0.00001) | Val MSE: 0.000219 (RMSE: 0.0148) 
2026-09-13 15:34:18,592 - INFO - Epoch [ 770/2000] LR: 0.000070 | Train Loss: 0.003021 (Data: 0.00302, Mono: 0.00001) | Val MSE: 0.000228 (RMSE: 0.0151) 
2026-09-13 15:34:18,957 - INFO - Epoch [ 780/2000] LR: 0.000069 | Train Loss: 0.002990 (Data: 0.00298, Mono: 0.00001) | Val MSE: 0.000228 (RMSE: 0.0151) 
2026-09-13 15:34:19,329 - INFO - Epoch [ 790/2000] LR: 0.000068 | Train Loss: 0.002978 (Data: 0.00297, Mono: 0.00001) | Val MSE: 0.000238 (RMSE: 0.0154) 
2026-09-13 15:34:19,709 - INFO - Epoch [ 800/2000] LR: 0.000067 | Train Loss: 0.002883 (Data: 0.00288, Mono: 0.00001) | Val MSE: 0.000229 (RMSE: 0.0151) 
2026-09-13 15:34:20,103 - INFO - Epoch [ 810/2000] LR: 0.000067 | Train Loss: 0.002871 (Data: 0.00287, Mono: 0.00001) | Val MSE: 0.000242 (RMSE: 0.0155) 
2026-09-13 15:34:20,477 - INFO - Epoch [ 820/2000] LR: 0.000066 | Train Loss: 0.002893 (Data: 0.00289, Mono: 0.00001) | Val MSE: 0.000230 (RMSE: 0.0152) 
2026-09-13 15:34:20,839 - INFO - Epoch [ 830/2000] LR: 0.000065 | Train Loss: 0.002873 (Data: 0.00287, Mono: 0.00001) | Val MSE: 0.000234 (RMSE: 0.0153) 
2026-09-13 15:34:21,210 - INFO - Epoch [ 840/2000] LR: 0.000064 | Train Loss: 0.002752 (Data: 0.00275, Mono: 0.00001) | Val MSE: 0.000237 (RMSE: 0.0154) 
2026-09-13 15:34:21,579 - INFO - Epoch [ 850/2000] LR: 0.000064 | Train Loss: 0.002783 (Data: 0.00278, Mono: 0.00001) | Val MSE: 0.000245 (RMSE: 0.0157) 
2026-09-13 15:34:21,958 - INFO - Epoch [ 860/2000] LR: 0.000063 | Train Loss: 0.002762 (Data: 0.00276, Mono: 0.00001) | Val MSE: 0.000237 (RMSE: 0.0154) 
2026-09-13 15:34:22,328 - INFO - Epoch [ 870/2000] LR: 0.000062 | Train Loss: 0.002760 (Data: 0.00275, Mono: 0.00001) | Val MSE: 0.000235 (RMSE: 0.0153) 
2026-09-13 15:34:22,686 - INFO - Epoch [ 880/2000] LR: 0.000061 | Train Loss: 0.002788 (Data: 0.00278, Mono: 0.00001) | Val MSE: 0.000242 (RMSE: 0.0156) 
2026-09-13 15:34:23,065 - INFO - Epoch [ 890/2000] LR: 0.000061 | Train Loss: 0.002817 (Data: 0.00281, Mono: 0.00001) | Val MSE: 0.000246 (RMSE: 0.0157) 
2026-09-13 15:34:23,445 - INFO - Epoch [ 900/2000] LR: 0.000060 | Train Loss: 0.002766 (Data: 0.00276, Mono: 0.00001) | Val MSE: 0.000250 (RMSE: 0.0158) 
2026-09-13 15:34:23,812 - INFO - Epoch [ 910/2000] LR: 0.000059 | Train Loss: 0.002688 (Data: 0.00268, Mono: 0.00001) | Val MSE: 0.000246 (RMSE: 0.0157) 
2026-09-13 15:34:24,172 - INFO - Epoch [ 920/2000] LR: 0.000058 | Train Loss: 0.002744 (Data: 0.00274, Mono: 0.00001) | Val MSE: 0.000243 (RMSE: 0.0156) 
2026-09-13 15:34:24,539 - INFO - Epoch [ 930/2000] LR: 0.000057 | Train Loss: 0.002710 (Data: 0.00270, Mono: 0.00001) | Val MSE: 0.000266 (RMSE: 0.0163) 
2026-09-13 15:34:24,906 - INFO - Epoch [ 940/2000] LR: 0.000057 | Train Loss: 0.002656 (Data: 0.00265, Mono: 0.00001) | Val MSE: 0.000246 (RMSE: 0.0157) 
2026-09-13 15:34:25,271 - INFO - Epoch [ 950/2000] LR: 0.000056 | Train Loss: 0.002684 (Data: 0.00268, Mono: 0.00001) | Val MSE: 0.000245 (RMSE: 0.0157) 
2026-09-13 15:34:25,646 - INFO - Epoch [ 960/2000] LR: 0.000055 | Train Loss: 0.002643 (Data: 0.00264, Mono: 0.00001) | Val MSE: 0.000248 (RMSE: 0.0157) 
2026-09-13 15:34:26,008 - INFO - Epoch [ 970/2000] LR: 0.000054 | Train Loss: 0.002630 (Data: 0.00262, Mono: 0.00001) | Val MSE: 0.000254 (RMSE: 0.0159) 
2026-09-13 15:34:26,378 - INFO - Epoch [ 980/2000] LR: 0.000054 | Train Loss: 0.002647 (Data: 0.00264, Mono: 0.00001) | Val MSE: 0.000253 (RMSE: 0.0159) 
2026-09-13 15:34:26,750 - INFO - Epoch [ 990/2000] LR: 0.000053 | Train Loss: 0.002591 (Data: 0.00259, Mono: 0.00001) | Val MSE: 0.000253 (RMSE: 0.0159) 
2026-09-13 15:34:27,141 - INFO - Epoch [1000/2000] LR: 0.000052 | Train Loss: 0.002542 (Data: 0.00254, Mono: 0.00001) | Val MSE: 0.000249 (RMSE: 0.0158) 
2026-09-13 15:34:27,553 - INFO - Epoch [1010/2000] LR: 0.000051 | Train Loss: 0.002557 (Data: 0.00255, Mono: 0.00001) | Val MSE: 0.000250 (RMSE: 0.0158) 
2026-09-13 15:34:27,958 - INFO - Epoch [1020/2000] LR: 0.000050 | Train Loss: 0.002562 (Data: 0.00256, Mono: 0.00001) | Val MSE: 0.000254 (RMSE: 0.0159) 
2026-09-13 15:34:28,371 - INFO - Epoch [1030/2000] LR: 0.000050 | Train Loss: 0.002674 (Data: 0.00267, Mono: 0.00001) | Val MSE: 0.000253 (RMSE: 0.0159) 
2026-09-13 15:34:28,764 - INFO - Epoch [1040/2000] LR: 0.000049 | Train Loss: 0.002512 (Data: 0.00251, Mono: 0.00001) | Val MSE: 0.000254 (RMSE: 0.0159) 
2026-09-13 15:34:29,163 - INFO - Epoch [1050/2000] LR: 0.000048 | Train Loss: 0.002488 (Data: 0.00248, Mono: 0.00001) | Val MSE: 0.000254 (RMSE: 0.0159) 
2026-09-13 15:34:29,565 - INFO - Epoch [1060/2000] LR: 0.000047 | Train Loss: 0.002523 (Data: 0.00252, Mono: 0.00001) | Val MSE: 0.000259 (RMSE: 0.0161) 
2026-09-13 15:34:29,985 - INFO - Epoch [1070/2000] LR: 0.000046 | Train Loss: 0.002507 (Data: 0.00250, Mono: 0.00001) | Val MSE: 0.000257 (RMSE: 0.0160) 
2026-09-13 15:34:30,488 - INFO - Epoch [1080/2000] LR: 0.000046 | Train Loss: 0.002453 (Data: 0.00245, Mono: 0.00001) | Val MSE: 0.000265 (RMSE: 0.0163) 
2026-09-13 15:34:30,949 - INFO - Epoch [1090/2000] LR: 0.000045 | Train Loss: 0.002470 (Data: 0.00247, Mono: 0.00001) | Val MSE: 0.000255 (RMSE: 0.0160) 
2026-09-13 15:34:31,408 - INFO - Epoch [1100/2000] LR: 0.000044 | Train Loss: 0.002520 (Data: 0.00251, Mono: 0.00001) | Val MSE: 0.000259 (RMSE: 0.0161) 
2026-09-13 15:34:31,878 - INFO - Epoch [1110/2000] LR: 0.000043 | Train Loss: 0.002473 (Data: 0.00247, Mono: 0.00001) | Val MSE: 0.000258 (RMSE: 0.0161) 
2026-09-13 15:34:32,298 - INFO - Epoch [1120/2000] LR: 0.000043 | Train Loss: 0.002490 (Data: 0.00248, Mono: 0.00001) | Val MSE: 0.000257 (RMSE: 0.0160) 
2026-09-13 15:34:32,749 - INFO - Epoch [1130/2000] LR: 0.000042 | Train Loss: 0.002508 (Data: 0.00250, Mono: 0.00001) | Val MSE: 0.000261 (RMSE: 0.0161) 
2026-09-13 15:34:33,204 - INFO - Epoch [1140/2000] LR: 0.000041 | Train Loss: 0.002464 (Data: 0.00246, Mono: 0.00001) | Val MSE: 0.000266 (RMSE: 0.0163) 
2026-09-13 15:34:33,673 - INFO - Epoch [1150/2000] LR: 0.000040 | Train Loss: 0.002490 (Data: 0.00249, Mono: 0.00001) | Val MSE: 0.000260 (RMSE: 0.0161) 
2026-09-13 15:34:34,117 - INFO - Epoch [1160/2000] LR: 0.000040 | Train Loss: 0.002418 (Data: 0.00241, Mono: 0.00001) | Val MSE: 0.000263 (RMSE: 0.0162) 
2026-09-13 15:34:34,596 - INFO - Epoch [1170/2000] LR: 0.000039 | Train Loss: 0.002408 (Data: 0.00240, Mono: 0.00001) | Val MSE: 0.000261 (RMSE: 0.0162) 
2026-09-13 15:34:35,071 - INFO - Epoch [1180/2000] LR: 0.000038 | Train Loss: 0.002468 (Data: 0.00246, Mono: 0.00001) | Val MSE: 0.000266 (RMSE: 0.0163) 
2026-09-13 15:34:35,518 - INFO - Epoch [1190/2000] LR: 0.000037 | Train Loss: 0.002369 (Data: 0.00236, Mono: 0.00001) | Val MSE: 0.000265 (RMSE: 0.0163) 
2026-09-13 15:34:35,990 - INFO - Epoch [1200/2000] LR: 0.000036 | Train Loss: 0.002412 (Data: 0.00241, Mono: 0.00001) | Val MSE: 0.000260 (RMSE: 0.0161) 
2026-09-13 15:34:36,441 - INFO - Epoch [1210/2000] LR: 0.000036 | Train Loss: 0.002367 (Data: 0.00236, Mono: 0.00001) | Val MSE: 0.000264 (RMSE: 0.0162) 
2026-09-13 15:34:36,897 - INFO - Epoch [1220/2000] LR: 0.000035 | Train Loss: 0.002336 (Data: 0.00233, Mono: 0.00001) | Val MSE: 0.000265 (RMSE: 0.0163) 
2026-09-13 15:34:37,365 - INFO - Epoch [1230/2000] LR: 0.000034 | Train Loss: 0.002448 (Data: 0.00244, Mono: 0.00001) | Val MSE: 0.000265 (RMSE: 0.0163) 
2026-09-13 15:34:37,815 - INFO - Epoch [1240/2000] LR: 0.000034 | Train Loss: 0.002360 (Data: 0.00236, Mono: 0.00001) | Val MSE: 0.000265 (RMSE: 0.0163) 
2026-09-13 15:34:38,254 - INFO - Epoch [1250/2000] LR: 0.000033 | Train Loss: 0.002300 (Data: 0.00230, Mono: 0.00001) | Val MSE: 0.000267 (RMSE: 0.0163) 
2026-09-13 15:34:38,706 - INFO - Epoch [1260/2000] LR: 0.000032 | Train Loss: 0.002277 (Data: 0.00227, Mono: 0.00001) | Val MSE: 0.000266 (RMSE: 0.0163) 
2026-09-13 15:34:39,154 - INFO - Epoch [1270/2000] LR: 0.000031 | Train Loss: 0.002387 (Data: 0.00238, Mono: 0.00001) | Val MSE: 0.000264 (RMSE: 0.0163) 
2026-09-13 15:34:39,608 - INFO - Epoch [1280/2000] LR: 0.000031 | Train Loss: 0.002431 (Data: 0.00243, Mono: 0.00001) | Val MSE: 0.000267 (RMSE: 0.0163) 
2026-09-13 15:34:40,066 - INFO - Epoch [1290/2000] LR: 0.000030 | Train Loss: 0.002360 (Data: 0.00236, Mono: 0.00001) | Val MSE: 0.000264 (RMSE: 0.0162) 
2026-09-13 15:34:40,526 - INFO - Epoch [1300/2000] LR: 0.000029 | Train Loss: 0.002350 (Data: 0.00234, Mono: 0.00001) | Val MSE: 0.000265 (RMSE: 0.0163) 
2026-09-13 15:34:40,991 - INFO - Epoch [1310/2000] LR: 0.000028 | Train Loss: 0.002382 (Data: 0.00238, Mono: 0.00001) | Val MSE: 0.000265 (RMSE: 0.0163) 
2026-09-13 15:34:41,441 - INFO - Epoch [1320/2000] LR: 0.000028 | Train Loss: 0.002359 (Data: 0.00235, Mono: 0.00001) | Val MSE: 0.000265 (RMSE: 0.0163) 
2026-09-13 15:34:41,938 - INFO - Epoch [1330/2000] LR: 0.000027 | Train Loss: 0.002347 (Data: 0.00234, Mono: 0.00001) | Val MSE: 0.000267 (RMSE: 0.0163) 
2026-09-13 15:34:42,478 - INFO - Epoch [1340/2000] LR: 0.000026 | Train Loss: 0.002303 (Data: 0.00230, Mono: 0.00001) | Val MSE: 0.000268 (RMSE: 0.0164) 
2026-09-13 15:34:42,948 - INFO - Epoch [1350/2000] LR: 0.000026 | Train Loss: 0.002365 (Data: 0.00236, Mono: 0.00001) | Val MSE: 0.000267 (RMSE: 0.0164) 
2026-09-13 15:34:43,409 - INFO - Epoch [1360/2000] LR: 0.000025 | Train Loss: 0.002319 (Data: 0.00231, Mono: 0.00001) | Val MSE: 0.000268 (RMSE: 0.0164) 
2026-09-13 15:34:43,861 - INFO - Epoch [1370/2000] LR: 0.000024 | Train Loss: 0.002317 (Data: 0.00231, Mono: 0.00001) | Val MSE: 0.000266 (RMSE: 0.0163) 
2026-09-13 15:34:44,315 - INFO - Epoch [1380/2000] LR: 0.000024 | Train Loss: 0.002327 (Data: 0.00232, Mono: 0.00001) | Val MSE: 0.000269 (RMSE: 0.0164) 
2026-09-13 15:34:44,771 - INFO - Epoch [1390/2000] LR: 0.000023 | Train Loss: 0.002323 (Data: 0.00232, Mono: 0.00001) | Val MSE: 0.000269 (RMSE: 0.0164) 
2026-09-13 15:34:45,250 - INFO - Epoch [1400/2000] LR: 0.000022 | Train Loss: 0.002342 (Data: 0.00234, Mono: 0.00001) | Val MSE: 0.000270 (RMSE: 0.0164) 
2026-09-13 15:34:45,709 - INFO - Epoch [1410/2000] LR: 0.000022 | Train Loss: 0.002308 (Data: 0.00230, Mono: 0.00001) | Val MSE: 0.000266 (RMSE: 0.0163) 
2026-09-13 15:34:46,156 - INFO - Epoch [1420/2000] LR: 0.000021 | Train Loss: 0.002267 (Data: 0.00226, Mono: 0.00001) | Val MSE: 0.000268 (RMSE: 0.0164) 
2026-09-13 15:34:46,615 - INFO - Epoch [1430/2000] LR: 0.000021 | Train Loss: 0.002197 (Data: 0.00219, Mono: 0.00001) | Val MSE: 0.000269 (RMSE: 0.0164) 
2026-09-13 15:34:47,100 - INFO - Epoch [1440/2000] LR: 0.000020 | Train Loss: 0.002309 (Data: 0.00230, Mono: 0.00001) | Val MSE: 0.000270 (RMSE: 0.0164) 
2026-09-13 15:34:47,552 - INFO - Epoch [1450/2000] LR: 0.000019 | Train Loss: 0.002289 (Data: 0.00228, Mono: 0.00001) | Val MSE: 0.000268 (RMSE: 0.0164) 
2026-09-13 15:34:47,990 - INFO - Epoch [1460/2000] LR: 0.000019 | Train Loss: 0.002264 (Data: 0.00226, Mono: 0.00001) | Val MSE: 0.000269 (RMSE: 0.0164) 
2026-09-13 15:34:48,430 - INFO - Epoch [1470/2000] LR: 0.000018 | Train Loss: 0.002314 (Data: 0.00231, Mono: 0.00001) | Val MSE: 0.000273 (RMSE: 0.0165) 
2026-09-13 15:34:48,882 - INFO - Epoch [1480/2000] LR: 0.000018 | Train Loss: 0.002299 (Data: 0.00229, Mono: 0.00001) | Val MSE: 0.000269 (RMSE: 0.0164) 
2026-09-13 15:34:49,321 - INFO - Epoch [1490/2000] LR: 0.000017 | Train Loss: 0.002264 (Data: 0.00226, Mono: 0.00001) | Val MSE: 0.000269 (RMSE: 0.0164) 
2026-09-13 15:34:49,763 - INFO - Epoch [1500/2000] LR: 0.000016 | Train Loss: 0.002352 (Data: 0.00235, Mono: 0.00001) | Val MSE: 0.000272 (RMSE: 0.0165) 
2026-09-13 15:34:50,204 - INFO - Epoch [1510/2000] LR: 0.000016 | Train Loss: 0.002311 (Data: 0.00231, Mono: 0.00001) | Val MSE: 0.000270 (RMSE: 0.0164) 
2026-09-13 15:34:50,646 - INFO - Epoch [1520/2000] LR: 0.000015 | Train Loss: 0.002281 (Data: 0.00228, Mono: 0.00001) | Val MSE: 0.000269 (RMSE: 0.0164) 
2026-09-13 15:34:51,080 - INFO - Epoch [1530/2000] LR: 0.000015 | Train Loss: 0.002286 (Data: 0.00228, Mono: 0.00001) | Val MSE: 0.000270 (RMSE: 0.0164) 
2026-09-13 15:34:51,522 - INFO - Epoch [1540/2000] LR: 0.000014 | Train Loss: 0.002291 (Data: 0.00229, Mono: 0.00001) | Val MSE: 0.000268 (RMSE: 0.0164) 
2026-09-13 15:34:51,972 - INFO - Epoch [1550/2000] LR: 0.000014 | Train Loss: 0.002284 (Data: 0.00228, Mono: 0.00001) | Val MSE: 0.000269 (RMSE: 0.0164) 
2026-09-13 15:34:52,424 - INFO - Epoch [1560/2000] LR: 0.000013 | Train Loss: 0.002265 (Data: 0.00226, Mono: 0.00001) | Val MSE: 0.000268 (RMSE: 0.0164) 
2026-09-13 15:34:52,863 - INFO - Epoch [1570/2000] LR: 0.000013 | Train Loss: 0.002301 (Data: 0.00230, Mono: 0.00001) | Val MSE: 0.000270 (RMSE: 0.0164) 
2026-09-13 15:34:53,310 - INFO - Epoch [1580/2000] LR: 0.000012 | Train Loss: 0.002307 (Data: 0.00230, Mono: 0.00001) | Val MSE: 0.000269 (RMSE: 0.0164) 
2026-09-13 15:34:53,759 - INFO - Epoch [1590/2000] LR: 0.000012 | Train Loss: 0.002219 (Data: 0.00221, Mono: 0.00001) | Val MSE: 0.000269 (RMSE: 0.0164) 
2026-09-13 15:34:54,211 - INFO - Epoch [1600/2000] LR: 0.000011 | Train Loss: 0.002230 (Data: 0.00222, Mono: 0.00001) | Val MSE: 0.000270 (RMSE: 0.0164) 
2026-09-13 15:34:54,687 - INFO - Epoch [1610/2000] LR: 0.000011 | Train Loss: 0.002245 (Data: 0.00224, Mono: 0.00001) | Val MSE: 0.000270 (RMSE: 0.0164) 
2026-09-13 15:34:55,147 - INFO - Epoch [1620/2000] LR: 0.000010 | Train Loss: 0.002219 (Data: 0.00221, Mono: 0.00001) | Val MSE: 0.000269 (RMSE: 0.0164) 
2026-09-13 15:34:55,613 - INFO - Epoch [1630/2000] LR: 0.000010 | Train Loss: 0.002247 (Data: 0.00224, Mono: 0.00001) | Val MSE: 0.000269 (RMSE: 0.0164) 
2026-09-13 15:34:56,080 - INFO - Epoch [1640/2000] LR: 0.000009 | Train Loss: 0.002178 (Data: 0.00217, Mono: 0.00001) | Val MSE: 0.000271 (RMSE: 0.0165) 
2026-09-13 15:34:56,537 - INFO - Epoch [1650/2000] LR: 0.000009 | Train Loss: 0.002219 (Data: 0.00221, Mono: 0.00001) | Val MSE: 0.000271 (RMSE: 0.0165) 
2026-09-13 15:34:56,984 - INFO - Epoch [1660/2000] LR: 0.000009 | Train Loss: 0.002265 (Data: 0.00226, Mono: 0.00001) | Val MSE: 0.000274 (RMSE: 0.0165) 
2026-09-13 15:34:57,457 - INFO - Epoch [1670/2000] LR: 0.000008 | Train Loss: 0.002275 (Data: 0.00227, Mono: 0.00001) | Val MSE: 0.000271 (RMSE: 0.0164) 
2026-09-13 15:34:57,922 - INFO - Epoch [1680/2000] LR: 0.000008 | Train Loss: 0.002210 (Data: 0.00220, Mono: 0.00001) | Val MSE: 0.000270 (RMSE: 0.0164) 
2026-09-13 15:34:58,391 - INFO - Epoch [1690/2000] LR: 0.000007 | Train Loss: 0.002292 (Data: 0.00229, Mono: 0.00001) | Val MSE: 0.000268 (RMSE: 0.0164) 
2026-09-13 15:34:58,840 - INFO - Epoch [1700/2000] LR: 0.000007 | Train Loss: 0.002218 (Data: 0.00221, Mono: 0.00001) | Val MSE: 0.000269 (RMSE: 0.0164) 
2026-09-13 15:34:59,306 - INFO - Epoch [1710/2000] LR: 0.000007 | Train Loss: 0.002226 (Data: 0.00222, Mono: 0.00001) | Val MSE: 0.000269 (RMSE: 0.0164) 
2026-09-13 15:34:59,760 - INFO - Epoch [1720/2000] LR: 0.000006 | Train Loss: 0.002200 (Data: 0.00219, Mono: 0.00001) | Val MSE: 0.000269 (RMSE: 0.0164) 
2026-09-13 15:35:00,238 - INFO - Epoch [1730/2000] LR: 0.000006 | Train Loss: 0.002263 (Data: 0.00226, Mono: 0.00001) | Val MSE: 0.000272 (RMSE: 0.0165) 
2026-09-13 15:35:00,684 - INFO - Epoch [1740/2000] LR: 0.000006 | Train Loss: 0.002259 (Data: 0.00225, Mono: 0.00001) | Val MSE: 0.000271 (RMSE: 0.0165) 
2026-09-13 15:35:01,139 - INFO - Epoch [1750/2000] LR: 0.000005 | Train Loss: 0.002185 (Data: 0.00218, Mono: 0.00001) | Val MSE: 0.000271 (RMSE: 0.0165) 
2026-09-13 15:35:01,594 - INFO - Epoch [1760/2000] LR: 0.000005 | Train Loss: 0.002227 (Data: 0.00222, Mono: 0.00001) | Val MSE: 0.000271 (RMSE: 0.0164) 
2026-09-13 15:35:02,069 - INFO - Epoch [1770/2000] LR: 0.000005 | Train Loss: 0.002224 (Data: 0.00222, Mono: 0.00001) | Val MSE: 0.000270 (RMSE: 0.0164) 
2026-09-13 15:35:02,515 - INFO - Epoch [1780/2000] LR: 0.000005 | Train Loss: 0.002235 (Data: 0.00223, Mono: 0.00001) | Val MSE: 0.000271 (RMSE: 0.0165) 
2026-09-13 15:35:02,966 - INFO - Epoch [1790/2000] LR: 0.000004 | Train Loss: 0.002239 (Data: 0.00223, Mono: 0.00001) | Val MSE: 0.000271 (RMSE: 0.0165) 
2026-09-13 15:35:03,428 - INFO - Epoch [1800/2000] LR: 0.000004 | Train Loss: 0.002190 (Data: 0.00219, Mono: 0.00001) | Val MSE: 0.000271 (RMSE: 0.0165) 
2026-09-13 15:35:03,873 - INFO - Epoch [1810/2000] LR: 0.000004 | Train Loss: 0.002205 (Data: 0.00220, Mono: 0.00001) | Val MSE: 0.000271 (RMSE: 0.0165) 
2026-09-13 15:35:04,351 - INFO - Epoch [1820/2000] LR: 0.000004 | Train Loss: 0.002232 (Data: 0.00223, Mono: 0.00001) | Val MSE: 0.000271 (RMSE: 0.0164) 
2026-09-13 15:35:04,802 - INFO - Epoch [1830/2000] LR: 0.000003 | Train Loss: 0.002167 (Data: 0.00216, Mono: 0.00001) | Val MSE: 0.000270 (RMSE: 0.0164) 
2026-09-13 15:35:05,249 - INFO - Epoch [1840/2000] LR: 0.000003 | Train Loss: 0.002210 (Data: 0.00221, Mono: 0.00001) | Val MSE: 0.000271 (RMSE: 0.0165) 
2026-09-13 15:35:05,697 - INFO - Epoch [1850/2000] LR: 0.000003 | Train Loss: 0.002180 (Data: 0.00218, Mono: 0.00001) | Val MSE: 0.000271 (RMSE: 0.0165) 
2026-09-13 15:35:06,153 - INFO - Epoch [1860/2000] LR: 0.000003 | Train Loss: 0.002211 (Data: 0.00221, Mono: 0.00001) | Val MSE: 0.000271 (RMSE: 0.0165) 
2026-09-13 15:35:06,637 - INFO - Epoch [1870/2000] LR: 0.000003 | Train Loss: 0.002215 (Data: 0.00221, Mono: 0.00001) | Val MSE: 0.000270 (RMSE: 0.0164) 
2026-09-13 15:35:07,143 - INFO - Epoch [1880/2000] LR: 0.000002 | Train Loss: 0.002216 (Data: 0.00221, Mono: 0.00001) | Val MSE: 0.000271 (RMSE: 0.0165) 
2026-09-13 15:35:07,596 - INFO - Epoch [1890/2000] LR: 0.000002 | Train Loss: 0.002262 (Data: 0.00226, Mono: 0.00001) | Val MSE: 0.000270 (RMSE: 0.0164) 
2026-09-13 15:35:08,044 - INFO - Epoch [1900/2000] LR: 0.000002 | Train Loss: 0.002216 (Data: 0.00221, Mono: 0.00001) | Val MSE: 0.000270 (RMSE: 0.0164) 
2026-09-13 15:35:08,486 - INFO - Epoch [1910/2000] LR: 0.000002 | Train Loss: 0.002242 (Data: 0.00224, Mono: 0.00001) | Val MSE: 0.000271 (RMSE: 0.0165) 
2026-09-13 15:35:08,926 - INFO - Epoch [1920/2000] LR: 0.000002 | Train Loss: 0.002226 (Data: 0.00222, Mono: 0.00001) | Val MSE: 0.000271 (RMSE: 0.0165) 
2026-09-13 15:35:09,366 - INFO - Epoch [1930/2000] LR: 0.000002 | Train Loss: 0.002184 (Data: 0.00218, Mono: 0.00001) | Val MSE: 0.000271 (RMSE: 0.0164) 
2026-09-13 15:35:09,811 - INFO - Epoch [1940/2000] LR: 0.000002 | Train Loss: 0.002282 (Data: 0.00228, Mono: 0.00001) | Val MSE: 0.000270 (RMSE: 0.0164) 
2026-09-13 15:35:10,248 - INFO - Epoch [1950/2000] LR: 0.000002 | Train Loss: 0.002170 (Data: 0.00217, Mono: 0.00001) | Val MSE: 0.000270 (RMSE: 0.0164) 
2026-09-13 15:35:10,698 - INFO - Epoch [1960/2000] LR: 0.000002 | Train Loss: 0.002220 (Data: 0.00222, Mono: 0.00001) | Val MSE: 0.000270 (RMSE: 0.0164) 
2026-09-13 15:35:11,150 - INFO - Epoch [1970/2000] LR: 0.000002 | Train Loss: 0.002221 (Data: 0.00222, Mono: 0.00001) | Val MSE: 0.000270 (RMSE: 0.0164) 
2026-09-13 15:35:11,607 - INFO - Epoch [1980/2000] LR: 0.000002 | Train Loss: 0.002217 (Data: 0.00221, Mono: 0.00001) | Val MSE: 0.000271 (RMSE: 0.0164) 
2026-09-13 15:35:12,075 - INFO - Epoch [1990/2000] LR: 0.000002 | Train Loss: 0.002225 (Data: 0.00222, Mono: 0.00001) | Val MSE: 0.000271 (RMSE: 0.0165) 
2026-09-13 15:35:12,526 - INFO - Epoch [2000/2000] LR: 0.000002 | Train Loss: 0.002260 (Data: 0.00225, Mono: 0.00001) | Val MSE: 0.000270 (RMSE: 0.0164) 
2026-09-13 15:35:12,526 - INFO - Training completed in 82.97s. Loading best checkpoint from epoch 12 for final test evaluation...
2026-09-13 15:35:12,549 - INFO - ==================================================
2026-09-13 15:35:12,549 - INFO - Test Results for [XJTU] - [Sim_satellite] (Best Epoch 12):
2026-09-13 15:35:12,549 - INFO -   Test RMSE: 0.015726
2026-09-13 15:35:12,549 - INFO -   Test MAE:  0.013432
2026-09-13 15:35:12,549 - INFO -   Test MAPE: 1.400470
2026-09-13 15:35:12,549 - INFO -   Test MSE:  0.000247
2026-09-13 15:35:12,549 - INFO - ==================================================
2026-09-13 15:44:13,814 - INFO - ==================================================
2026-09-13 15:44:13,814 - INFO - Starting FusionMLP Training for [XJTU] - [Sim_satellite]
2026-09-13 15:44:13,814 - INFO - Device: cuda | Epochs: 2000 | LR: 0.000100 | Mono Weight: 0.4000 | Knee Feature: True
2026-09-13 15:44:13,814 - INFO - ==================================================
2026-09-13 15:44:13,906 - INFO - Data Splits: Train=5, Val=1, Test=2
2026-09-13 15:44:13,994 - INFO - Epoch [   1/2000] LR: 0.006063 | Train Loss: 0.830128 (Data: 0.83012, Mono: 0.00003) | Val MSE: 0.895592 (RMSE: 0.9464) [BEST]
2026-09-13 15:44:14,039 - INFO - Epoch [   2/2000] LR: 0.005857 | Train Loss: 0.493599 (Data: 0.49359, Mono: 0.00003) | Val MSE: 0.446799 (RMSE: 0.6684) [BEST]
2026-09-13 15:44:14,099 - INFO - Epoch [   3/2000] LR: 0.005651 | Train Loss: 0.201812 (Data: 0.20179, Mono: 0.00004) | Val MSE: 0.233760 (RMSE: 0.4835) [BEST]
2026-09-13 15:44:14,156 - INFO - Epoch [   4/2000] LR: 0.005446 | Train Loss: 0.098425 (Data: 0.09841, Mono: 0.00004) | Val MSE: 0.106744 (RMSE: 0.3267) [BEST]
2026-09-13 15:44:14,212 - INFO - Epoch [   5/2000] LR: 0.005240 | Train Loss: 0.074098 (Data: 0.07408, Mono: 0.00004) | Val MSE: 0.023082 (RMSE: 0.1519) [BEST]
2026-09-13 15:44:14,258 - INFO - Epoch [   6/2000] LR: 0.005035 | Train Loss: 0.055608 (Data: 0.05559, Mono: 0.00003) | Val MSE: 0.002471 (RMSE: 0.0497) [BEST]
2026-09-13 15:44:14,398 - INFO - Epoch [   9/2000] LR: 0.004418 | Train Loss: 0.020691 (Data: 0.02068, Mono: 0.00003) | Val MSE: 0.000564 (RMSE: 0.0237) [BEST]
2026-09-13 15:44:14,447 - INFO - Epoch [  10/2000] LR: 0.004212 | Train Loss: 0.014543 (Data: 0.01453, Mono: 0.00003) | Val MSE: 0.003725 (RMSE: 0.0610) 
2026-09-13 15:44:14,539 - INFO - Epoch [  12/2000] LR: 0.003801 | Train Loss: 0.012228 (Data: 0.01222, Mono: 0.00002) | Val MSE: 0.000394 (RMSE: 0.0198) [BEST]
2026-09-13 15:44:14,621 - INFO - Epoch [  14/2000] LR: 0.003390 | Train Loss: 0.010472 (Data: 0.01046, Mono: 0.00003) | Val MSE: 0.000228 (RMSE: 0.0151) [BEST]
2026-09-13 15:44:14,673 - INFO - Epoch [  15/2000] LR: 0.003184 | Train Loss: 0.009648 (Data: 0.00964, Mono: 0.00003) | Val MSE: 0.000147 (RMSE: 0.0121) [BEST]
2026-09-13 15:44:14,719 - INFO - Epoch [  16/2000] LR: 0.002979 | Train Loss: 0.009036 (Data: 0.00903, Mono: 0.00003) | Val MSE: 0.000094 (RMSE: 0.0097) [BEST]
2026-09-13 15:44:14,763 - INFO - Epoch [  17/2000] LR: 0.002773 | Train Loss: 0.008723 (Data: 0.00871, Mono: 0.00002) | Val MSE: 0.000089 (RMSE: 0.0094) [BEST]
2026-09-13 15:44:14,896 - INFO - Epoch [  20/2000] LR: 0.002156 | Train Loss: 0.008164 (Data: 0.00816, Mono: 0.00002) | Val MSE: 0.000084 (RMSE: 0.0092) [BEST]
2026-09-13 15:44:15,079 - INFO - Epoch [  24/2000] LR: 0.001334 | Train Loss: 0.007202 (Data: 0.00719, Mono: 0.00002) | Val MSE: 0.000084 (RMSE: 0.0092) [BEST]
2026-09-13 15:44:15,297 - INFO - Epoch [  29/2000] LR: 0.000306 | Train Loss: 0.007015 (Data: 0.00701, Mono: 0.00002) | Val MSE: 0.000082 (RMSE: 0.0091) [BEST]
2026-09-13 15:44:15,349 - INFO - Epoch [  30/2000] LR: 0.000100 | Train Loss: 0.007081 (Data: 0.00707, Mono: 0.00002) | Val MSE: 0.000082 (RMSE: 0.0091) [BEST]
2026-09-13 15:44:15,439 - INFO - Epoch [  32/2000] LR: 0.000100 | Train Loss: 0.007039 (Data: 0.00703, Mono: 0.00002) | Val MSE: 0.000082 (RMSE: 0.0091) [BEST]
2026-09-13 15:44:15,605 - INFO - Epoch [  36/2000] LR: 0.000100 | Train Loss: 0.006928 (Data: 0.00692, Mono: 0.00002) | Val MSE: 0.000081 (RMSE: 0.0090) [BEST]
2026-09-13 15:44:15,648 - INFO - Epoch [  37/2000] LR: 0.000100 | Train Loss: 0.006647 (Data: 0.00664, Mono: 0.00002) | Val MSE: 0.000081 (RMSE: 0.0090) [BEST]
2026-09-13 15:44:15,721 - INFO - Epoch [  38/2000] LR: 0.000100 | Train Loss: 0.007042 (Data: 0.00703, Mono: 0.00002) | Val MSE: 0.000081 (RMSE: 0.0090) [BEST]
2026-09-13 15:44:15,843 - INFO - Epoch [  40/2000] LR: 0.000100 | Train Loss: 0.006811 (Data: 0.00680, Mono: 0.00002) | Val MSE: 0.000081 (RMSE: 0.0090) 
2026-09-13 15:44:16,246 - INFO - Epoch [  50/2000] LR: 0.000100 | Train Loss: 0.006863 (Data: 0.00685, Mono: 0.00002) | Val MSE: 0.000082 (RMSE: 0.0090) 
2026-09-13 15:44:16,503 - INFO - Epoch [  56/2000] LR: 0.000100 | Train Loss: 0.006784 (Data: 0.00678, Mono: 0.00002) | Val MSE: 0.000081 (RMSE: 0.0090) [BEST]
2026-09-13 15:44:16,547 - INFO - Epoch [  57/2000] LR: 0.000100 | Train Loss: 0.006710 (Data: 0.00670, Mono: 0.00002) | Val MSE: 0.000079 (RMSE: 0.0089) [BEST]
2026-09-13 15:44:16,605 - INFO - Epoch [  58/2000] LR: 0.000100 | Train Loss: 0.006618 (Data: 0.00661, Mono: 0.00002) | Val MSE: 0.000078 (RMSE: 0.0088) [BEST]
2026-09-13 15:44:16,686 - INFO - Epoch [  60/2000] LR: 0.000100 | Train Loss: 0.006958 (Data: 0.00695, Mono: 0.00002) | Val MSE: 0.000078 (RMSE: 0.0088) 
2026-09-13 15:44:17,118 - INFO - Epoch [  70/2000] LR: 0.000100 | Train Loss: 0.006592 (Data: 0.00658, Mono: 0.00002) | Val MSE: 0.000080 (RMSE: 0.0089) 
2026-09-13 15:44:17,550 - INFO - Epoch [  80/2000] LR: 0.000100 | Train Loss: 0.006400 (Data: 0.00639, Mono: 0.00002) | Val MSE: 0.000084 (RMSE: 0.0092) 
2026-09-13 15:44:17,766 - INFO - Epoch [  85/2000] LR: 0.000100 | Train Loss: 0.006574 (Data: 0.00657, Mono: 0.00002) | Val MSE: 0.000077 (RMSE: 0.0088) [BEST]
2026-09-13 15:44:17,812 - INFO - Epoch [  86/2000] LR: 0.000100 | Train Loss: 0.006354 (Data: 0.00634, Mono: 0.00002) | Val MSE: 0.000076 (RMSE: 0.0087) [BEST]
2026-09-13 15:44:17,989 - INFO - Epoch [  90/2000] LR: 0.000100 | Train Loss: 0.006423 (Data: 0.00641, Mono: 0.00002) | Val MSE: 0.000079 (RMSE: 0.0089) 
2026-09-13 15:44:18,380 - INFO - Epoch [  99/2000] LR: 0.000100 | Train Loss: 0.006338 (Data: 0.00633, Mono: 0.00002) | Val MSE: 0.000076 (RMSE: 0.0087) [BEST]
2026-09-13 15:44:18,424 - INFO - Epoch [ 100/2000] LR: 0.000100 | Train Loss: 0.006332 (Data: 0.00632, Mono: 0.00002) | Val MSE: 0.000077 (RMSE: 0.0088) 
2026-09-13 15:44:18,840 - INFO - Epoch [ 110/2000] LR: 0.000100 | Train Loss: 0.006131 (Data: 0.00612, Mono: 0.00002) | Val MSE: 0.000081 (RMSE: 0.0090) 
2026-09-13 15:44:19,249 - INFO - Epoch [ 120/2000] LR: 0.000099 | Train Loss: 0.005954 (Data: 0.00595, Mono: 0.00002) | Val MSE: 0.000087 (RMSE: 0.0093) 
2026-09-13 15:44:19,635 - INFO - Epoch [ 129/2000] LR: 0.000099 | Train Loss: 0.005779 (Data: 0.00577, Mono: 0.00002) | Val MSE: 0.000076 (RMSE: 0.0087) [BEST]
2026-09-13 15:44:19,681 - INFO - Epoch [ 130/2000] LR: 0.000099 | Train Loss: 0.005847 (Data: 0.00584, Mono: 0.00002) | Val MSE: 0.000076 (RMSE: 0.0087) [BEST]
2026-09-13 15:44:19,730 - INFO - Epoch [ 131/2000] LR: 0.000099 | Train Loss: 0.005847 (Data: 0.00584, Mono: 0.00002) | Val MSE: 0.000076 (RMSE: 0.0087) [BEST]
2026-09-13 15:44:20,118 - INFO - Epoch [ 140/2000] LR: 0.000099 | Train Loss: 0.005652 (Data: 0.00564, Mono: 0.00002) | Val MSE: 0.000077 (RMSE: 0.0088) 
2026-09-13 15:44:20,561 - INFO - Epoch [ 150/2000] LR: 0.000099 | Train Loss: 0.005617 (Data: 0.00561, Mono: 0.00002) | Val MSE: 0.000081 (RMSE: 0.0090) 
2026-09-13 15:44:20,976 - INFO - Epoch [ 160/2000] LR: 0.000099 | Train Loss: 0.005308 (Data: 0.00530, Mono: 0.00002) | Val MSE: 0.000078 (RMSE: 0.0088) 
2026-09-13 15:44:21,381 - INFO - Epoch [ 170/2000] LR: 0.000099 | Train Loss: 0.005291 (Data: 0.00528, Mono: 0.00002) | Val MSE: 0.000079 (RMSE: 0.0089) 
2026-09-13 15:44:21,788 - INFO - Epoch [ 180/2000] LR: 0.000099 | Train Loss: 0.005183 (Data: 0.00518, Mono: 0.00002) | Val MSE: 0.000079 (RMSE: 0.0089) 
2026-09-13 15:44:22,214 - INFO - Epoch [ 188/2000] LR: 0.000098 | Train Loss: 0.005104 (Data: 0.00510, Mono: 0.00002) | Val MSE: 0.000076 (RMSE: 0.0087) [BEST]
2026-09-13 15:44:22,308 - INFO - Epoch [ 190/2000] LR: 0.000098 | Train Loss: 0.005046 (Data: 0.00504, Mono: 0.00002) | Val MSE: 0.000081 (RMSE: 0.0090) 
2026-09-13 15:44:22,744 - INFO - Epoch [ 200/2000] LR: 0.000098 | Train Loss: 0.004996 (Data: 0.00499, Mono: 0.00002) | Val MSE: 0.000078 (RMSE: 0.0089) 
2026-09-13 15:44:22,827 - INFO - Epoch [ 201/2000] LR: 0.000098 | Train Loss: 0.004988 (Data: 0.00498, Mono: 0.00002) | Val MSE: 0.000075 (RMSE: 0.0087) [BEST]
2026-09-13 15:44:22,889 - INFO - Epoch [ 202/2000] LR: 0.000098 | Train Loss: 0.004995 (Data: 0.00499, Mono: 0.00002) | Val MSE: 0.000075 (RMSE: 0.0087) [BEST]
2026-09-13 15:44:23,264 - INFO - Epoch [ 210/2000] LR: 0.000098 | Train Loss: 0.004895 (Data: 0.00489, Mono: 0.00002) | Val MSE: 0.000080 (RMSE: 0.0089) 
2026-09-13 15:44:23,703 - INFO - Epoch [ 220/2000] LR: 0.000098 | Train Loss: 0.004670 (Data: 0.00466, Mono: 0.00002) | Val MSE: 0.000074 (RMSE: 0.0086) [BEST]
2026-09-13 15:44:23,746 - INFO - Epoch [ 221/2000] LR: 0.000098 | Train Loss: 0.004673 (Data: 0.00467, Mono: 0.00002) | Val MSE: 0.000073 (RMSE: 0.0086) [BEST]
2026-09-13 15:44:24,128 - INFO - Epoch [ 230/2000] LR: 0.000098 | Train Loss: 0.004568 (Data: 0.00456, Mono: 0.00002) | Val MSE: 0.000078 (RMSE: 0.0088) 
2026-09-13 15:44:24,538 - INFO - Epoch [ 240/2000] LR: 0.000097 | Train Loss: 0.004541 (Data: 0.00453, Mono: 0.00002) | Val MSE: 0.000080 (RMSE: 0.0089) 
2026-09-13 15:44:24,948 - INFO - Epoch [ 250/2000] LR: 0.000097 | Train Loss: 0.004495 (Data: 0.00449, Mono: 0.00002) | Val MSE: 0.000074 (RMSE: 0.0086) 
2026-09-13 15:44:25,355 - INFO - Epoch [ 260/2000] LR: 0.000097 | Train Loss: 0.004383 (Data: 0.00438, Mono: 0.00002) | Val MSE: 0.000077 (RMSE: 0.0087) 
2026-09-13 15:44:25,773 - INFO - Epoch [ 270/2000] LR: 0.000096 | Train Loss: 0.004205 (Data: 0.00420, Mono: 0.00002) | Val MSE: 0.000075 (RMSE: 0.0087) 
2026-09-13 15:44:26,226 - INFO - Epoch [ 280/2000] LR: 0.000096 | Train Loss: 0.004239 (Data: 0.00423, Mono: 0.00002) | Val MSE: 0.000077 (RMSE: 0.0088) 
2026-09-13 15:44:26,659 - INFO - Epoch [ 290/2000] LR: 0.000096 | Train Loss: 0.004085 (Data: 0.00408, Mono: 0.00002) | Val MSE: 0.000077 (RMSE: 0.0088) 
2026-09-13 15:44:27,113 - INFO - Epoch [ 300/2000] LR: 0.000096 | Train Loss: 0.004036 (Data: 0.00403, Mono: 0.00002) | Val MSE: 0.000083 (RMSE: 0.0091) 
2026-09-13 15:44:27,569 - INFO - Epoch [ 310/2000] LR: 0.000095 | Train Loss: 0.003893 (Data: 0.00389, Mono: 0.00002) | Val MSE: 0.000080 (RMSE: 0.0089) 
2026-09-13 15:44:28,020 - INFO - Epoch [ 320/2000] LR: 0.000095 | Train Loss: 0.003818 (Data: 0.00381, Mono: 0.00002) | Val MSE: 0.000079 (RMSE: 0.0089) 
2026-09-13 15:44:28,482 - INFO - Epoch [ 330/2000] LR: 0.000094 | Train Loss: 0.003840 (Data: 0.00383, Mono: 0.00002) | Val MSE: 0.000077 (RMSE: 0.0088) 
2026-09-13 15:44:28,919 - INFO - Epoch [ 340/2000] LR: 0.000094 | Train Loss: 0.003793 (Data: 0.00379, Mono: 0.00002) | Val MSE: 0.000081 (RMSE: 0.0090) 
2026-09-13 15:44:29,355 - INFO - Epoch [ 350/2000] LR: 0.000094 | Train Loss: 0.003614 (Data: 0.00361, Mono: 0.00002) | Val MSE: 0.000081 (RMSE: 0.0090) 
2026-09-13 15:44:29,785 - INFO - Epoch [ 360/2000] LR: 0.000093 | Train Loss: 0.003644 (Data: 0.00364, Mono: 0.00002) | Val MSE: 0.000082 (RMSE: 0.0091) 
2026-09-13 15:44:30,242 - INFO - Epoch [ 370/2000] LR: 0.000093 | Train Loss: 0.003644 (Data: 0.00364, Mono: 0.00002) | Val MSE: 0.000074 (RMSE: 0.0086) 
2026-09-13 15:44:30,683 - INFO - Epoch [ 380/2000] LR: 0.000093 | Train Loss: 0.003493 (Data: 0.00349, Mono: 0.00002) | Val MSE: 0.000079 (RMSE: 0.0089) 
2026-09-13 15:44:31,130 - INFO - Epoch [ 390/2000] LR: 0.000092 | Train Loss: 0.003636 (Data: 0.00363, Mono: 0.00002) | Val MSE: 0.000082 (RMSE: 0.0091) 
2026-09-13 15:44:31,617 - INFO - Epoch [ 400/2000] LR: 0.000092 | Train Loss: 0.003414 (Data: 0.00341, Mono: 0.00002) | Val MSE: 0.000080 (RMSE: 0.0089) 
2026-09-13 15:44:32,078 - INFO - Epoch [ 410/2000] LR: 0.000091 | Train Loss: 0.003419 (Data: 0.00341, Mono: 0.00002) | Val MSE: 0.000079 (RMSE: 0.0089) 
2026-09-13 15:44:32,507 - INFO - Epoch [ 420/2000] LR: 0.000091 | Train Loss: 0.003449 (Data: 0.00344, Mono: 0.00002) | Val MSE: 0.000082 (RMSE: 0.0091) 
2026-09-13 15:44:32,938 - INFO - Epoch [ 430/2000] LR: 0.000090 | Train Loss: 0.003312 (Data: 0.00331, Mono: 0.00002) | Val MSE: 0.000093 (RMSE: 0.0096) 
2026-09-13 15:44:33,437 - INFO - Epoch [ 440/2000] LR: 0.000090 | Train Loss: 0.003327 (Data: 0.00332, Mono: 0.00002) | Val MSE: 0.000082 (RMSE: 0.0090) 
2026-09-13 15:44:33,887 - INFO - Epoch [ 450/2000] LR: 0.000089 | Train Loss: 0.003231 (Data: 0.00322, Mono: 0.00001) | Val MSE: 0.000085 (RMSE: 0.0092) 
2026-09-13 15:44:34,344 - INFO - Epoch [ 460/2000] LR: 0.000089 | Train Loss: 0.003216 (Data: 0.00321, Mono: 0.00001) | Val MSE: 0.000084 (RMSE: 0.0092) 
2026-09-13 15:44:34,830 - INFO - Epoch [ 470/2000] LR: 0.000088 | Train Loss: 0.003149 (Data: 0.00314, Mono: 0.00002) | Val MSE: 0.000084 (RMSE: 0.0092) 
2026-09-13 15:44:35,265 - INFO - Epoch [ 480/2000] LR: 0.000088 | Train Loss: 0.003121 (Data: 0.00311, Mono: 0.00002) | Val MSE: 0.000090 (RMSE: 0.0095) 
2026-09-13 15:44:35,717 - INFO - Epoch [ 490/2000] LR: 0.000087 | Train Loss: 0.003115 (Data: 0.00311, Mono: 0.00001) | Val MSE: 0.000085 (RMSE: 0.0092) 
2026-09-13 15:44:36,189 - INFO - Epoch [ 500/2000] LR: 0.000087 | Train Loss: 0.003095 (Data: 0.00309, Mono: 0.00002) | Val MSE: 0.000088 (RMSE: 0.0094) 
2026-09-13 15:44:36,654 - INFO - Epoch [ 510/2000] LR: 0.000086 | Train Loss: 0.002991 (Data: 0.00298, Mono: 0.00001) | Val MSE: 0.000096 (RMSE: 0.0098) 
2026-09-13 15:44:37,111 - INFO - Epoch [ 520/2000] LR: 0.000086 | Train Loss: 0.002969 (Data: 0.00296, Mono: 0.00001) | Val MSE: 0.000099 (RMSE: 0.0099) 
2026-09-13 15:44:37,553 - INFO - Epoch [ 530/2000] LR: 0.000085 | Train Loss: 0.003050 (Data: 0.00304, Mono: 0.00001) | Val MSE: 0.000097 (RMSE: 0.0099) 
2026-09-13 15:44:37,994 - INFO - Epoch [ 540/2000] LR: 0.000085 | Train Loss: 0.002940 (Data: 0.00293, Mono: 0.00001) | Val MSE: 0.000090 (RMSE: 0.0095) 
2026-09-13 15:44:38,457 - INFO - Epoch [ 550/2000] LR: 0.000084 | Train Loss: 0.002833 (Data: 0.00283, Mono: 0.00001) | Val MSE: 0.000087 (RMSE: 0.0093) 
2026-09-13 15:44:38,896 - INFO - Epoch [ 560/2000] LR: 0.000083 | Train Loss: 0.002927 (Data: 0.00292, Mono: 0.00002) | Val MSE: 0.000100 (RMSE: 0.0100) 
2026-09-13 15:44:39,353 - INFO - Epoch [ 570/2000] LR: 0.000083 | Train Loss: 0.002830 (Data: 0.00282, Mono: 0.00001) | Val MSE: 0.000088 (RMSE: 0.0094) 
2026-09-13 15:44:39,801 - INFO - Epoch [ 580/2000] LR: 0.000082 | Train Loss: 0.002853 (Data: 0.00285, Mono: 0.00001) | Val MSE: 0.000089 (RMSE: 0.0095) 
2026-09-13 15:44:40,246 - INFO - Epoch [ 590/2000] LR: 0.000082 | Train Loss: 0.002743 (Data: 0.00274, Mono: 0.00002) | Val MSE: 0.000091 (RMSE: 0.0095) 
2026-09-13 15:44:40,703 - INFO - Epoch [ 600/2000] LR: 0.000081 | Train Loss: 0.002707 (Data: 0.00270, Mono: 0.00001) | Val MSE: 0.000092 (RMSE: 0.0096) 
2026-09-13 15:44:41,146 - INFO - Epoch [ 610/2000] LR: 0.000080 | Train Loss: 0.002751 (Data: 0.00275, Mono: 0.00001) | Val MSE: 0.000098 (RMSE: 0.0099) 
2026-09-13 15:44:41,572 - INFO - Epoch [ 620/2000] LR: 0.000080 | Train Loss: 0.002751 (Data: 0.00275, Mono: 0.00001) | Val MSE: 0.000094 (RMSE: 0.0097) 
2026-09-13 15:44:42,030 - INFO - Epoch [ 630/2000] LR: 0.000079 | Train Loss: 0.002648 (Data: 0.00264, Mono: 0.00001) | Val MSE: 0.000104 (RMSE: 0.0102) 
2026-09-13 15:44:42,463 - INFO - Epoch [ 640/2000] LR: 0.000078 | Train Loss: 0.002678 (Data: 0.00267, Mono: 0.00001) | Val MSE: 0.000095 (RMSE: 0.0097) 
2026-09-13 15:44:42,905 - INFO - Epoch [ 650/2000] LR: 0.000078 | Train Loss: 0.002696 (Data: 0.00269, Mono: 0.00002) | Val MSE: 0.000111 (RMSE: 0.0106) 
2026-09-13 15:44:43,359 - INFO - Epoch [ 660/2000] LR: 0.000077 | Train Loss: 0.002636 (Data: 0.00263, Mono: 0.00001) | Val MSE: 0.000104 (RMSE: 0.0102) 
2026-09-13 15:44:43,854 - INFO - Epoch [ 670/2000] LR: 0.000077 | Train Loss: 0.002646 (Data: 0.00264, Mono: 0.00001) | Val MSE: 0.000103 (RMSE: 0.0101) 
2026-09-13 15:44:44,337 - INFO - Epoch [ 680/2000] LR: 0.000076 | Train Loss: 0.002508 (Data: 0.00250, Mono: 0.00001) | Val MSE: 0.000095 (RMSE: 0.0097) 
2026-09-13 15:44:44,781 - INFO - Epoch [ 690/2000] LR: 0.000075 | Train Loss: 0.002524 (Data: 0.00252, Mono: 0.00001) | Val MSE: 0.000104 (RMSE: 0.0102) 
2026-09-13 15:44:45,221 - INFO - Epoch [ 700/2000] LR: 0.000074 | Train Loss: 0.002587 (Data: 0.00258, Mono: 0.00001) | Val MSE: 0.000120 (RMSE: 0.0109) 
2026-09-13 15:44:45,658 - INFO - Epoch [ 710/2000] LR: 0.000074 | Train Loss: 0.002595 (Data: 0.00259, Mono: 0.00001) | Val MSE: 0.000120 (RMSE: 0.0109) 
2026-09-13 15:44:46,089 - INFO - Epoch [ 720/2000] LR: 0.000073 | Train Loss: 0.002427 (Data: 0.00242, Mono: 0.00001) | Val MSE: 0.000102 (RMSE: 0.0101) 
2026-09-13 15:44:46,523 - INFO - Epoch [ 730/2000] LR: 0.000072 | Train Loss: 0.002496 (Data: 0.00249, Mono: 0.00001) | Val MSE: 0.000100 (RMSE: 0.0100) 
2026-09-13 15:44:46,966 - INFO - Epoch [ 740/2000] LR: 0.000072 | Train Loss: 0.002543 (Data: 0.00254, Mono: 0.00001) | Val MSE: 0.000105 (RMSE: 0.0102) 
2026-09-13 15:44:47,421 - INFO - Epoch [ 750/2000] LR: 0.000071 | Train Loss: 0.002402 (Data: 0.00240, Mono: 0.00001) | Val MSE: 0.000123 (RMSE: 0.0111) 
2026-09-13 15:44:47,862 - INFO - Epoch [ 760/2000] LR: 0.000070 | Train Loss: 0.002408 (Data: 0.00240, Mono: 0.00001) | Val MSE: 0.000104 (RMSE: 0.0102) 
2026-09-13 15:44:48,307 - INFO - Epoch [ 770/2000] LR: 0.000070 | Train Loss: 0.002422 (Data: 0.00242, Mono: 0.00001) | Val MSE: 0.000104 (RMSE: 0.0102) 
2026-09-13 15:44:48,739 - INFO - Epoch [ 780/2000] LR: 0.000069 | Train Loss: 0.002395 (Data: 0.00239, Mono: 0.00001) | Val MSE: 0.000102 (RMSE: 0.0101) 
2026-09-13 15:44:49,185 - INFO - Epoch [ 790/2000] LR: 0.000068 | Train Loss: 0.002334 (Data: 0.00233, Mono: 0.00001) | Val MSE: 0.000119 (RMSE: 0.0109) 
2026-09-13 15:44:49,664 - INFO - Epoch [ 800/2000] LR: 0.000067 | Train Loss: 0.002414 (Data: 0.00241, Mono: 0.00001) | Val MSE: 0.000104 (RMSE: 0.0102) 
2026-09-13 15:44:50,128 - INFO - Epoch [ 810/2000] LR: 0.000067 | Train Loss: 0.002392 (Data: 0.00239, Mono: 0.00001) | Val MSE: 0.000111 (RMSE: 0.0105) 
2026-09-13 15:44:50,578 - INFO - Epoch [ 820/2000] LR: 0.000066 | Train Loss: 0.002315 (Data: 0.00231, Mono: 0.00001) | Val MSE: 0.000111 (RMSE: 0.0105) 
2026-09-13 15:44:51,022 - INFO - Epoch [ 830/2000] LR: 0.000065 | Train Loss: 0.002271 (Data: 0.00227, Mono: 0.00001) | Val MSE: 0.000121 (RMSE: 0.0110) 
2026-09-13 15:44:51,471 - INFO - Epoch [ 840/2000] LR: 0.000064 | Train Loss: 0.002239 (Data: 0.00223, Mono: 0.00001) | Val MSE: 0.000112 (RMSE: 0.0106) 
2026-09-13 15:44:51,945 - INFO - Epoch [ 850/2000] LR: 0.000064 | Train Loss: 0.002321 (Data: 0.00232, Mono: 0.00001) | Val MSE: 0.000110 (RMSE: 0.0105) 
2026-09-13 15:44:52,419 - INFO - Epoch [ 860/2000] LR: 0.000063 | Train Loss: 0.002310 (Data: 0.00230, Mono: 0.00001) | Val MSE: 0.000115 (RMSE: 0.0107) 
2026-09-13 15:44:52,890 - INFO - Epoch [ 870/2000] LR: 0.000062 | Train Loss: 0.002262 (Data: 0.00226, Mono: 0.00001) | Val MSE: 0.000112 (RMSE: 0.0106) 
2026-09-13 15:44:53,335 - INFO - Epoch [ 880/2000] LR: 0.000061 | Train Loss: 0.002189 (Data: 0.00218, Mono: 0.00001) | Val MSE: 0.000109 (RMSE: 0.0104) 
2026-09-13 15:44:53,811 - INFO - Epoch [ 890/2000] LR: 0.000061 | Train Loss: 0.002252 (Data: 0.00225, Mono: 0.00001) | Val MSE: 0.000120 (RMSE: 0.0109) 
2026-09-13 15:44:54,259 - INFO - Epoch [ 900/2000] LR: 0.000060 | Train Loss: 0.002296 (Data: 0.00229, Mono: 0.00001) | Val MSE: 0.000118 (RMSE: 0.0109) 
2026-09-13 15:44:54,695 - INFO - Epoch [ 910/2000] LR: 0.000059 | Train Loss: 0.002221 (Data: 0.00222, Mono: 0.00001) | Val MSE: 0.000111 (RMSE: 0.0105) 
2026-09-13 15:44:55,151 - INFO - Epoch [ 920/2000] LR: 0.000058 | Train Loss: 0.002213 (Data: 0.00221, Mono: 0.00001) | Val MSE: 0.000110 (RMSE: 0.0105) 
2026-09-13 15:44:55,586 - INFO - Epoch [ 930/2000] LR: 0.000057 | Train Loss: 0.002203 (Data: 0.00220, Mono: 0.00001) | Val MSE: 0.000113 (RMSE: 0.0106) 
2026-09-13 15:44:56,031 - INFO - Epoch [ 940/2000] LR: 0.000057 | Train Loss: 0.002158 (Data: 0.00215, Mono: 0.00001) | Val MSE: 0.000117 (RMSE: 0.0108) 
2026-09-13 15:44:56,544 - INFO - Epoch [ 950/2000] LR: 0.000056 | Train Loss: 0.002189 (Data: 0.00218, Mono: 0.00001) | Val MSE: 0.000122 (RMSE: 0.0111) 
2026-09-13 15:44:56,999 - INFO - Epoch [ 960/2000] LR: 0.000055 | Train Loss: 0.002169 (Data: 0.00216, Mono: 0.00001) | Val MSE: 0.000122 (RMSE: 0.0110) 
2026-09-13 15:44:57,423 - INFO - Epoch [ 970/2000] LR: 0.000054 | Train Loss: 0.002133 (Data: 0.00213, Mono: 0.00001) | Val MSE: 0.000121 (RMSE: 0.0110) 
2026-09-13 15:44:57,848 - INFO - Epoch [ 980/2000] LR: 0.000054 | Train Loss: 0.002191 (Data: 0.00219, Mono: 0.00001) | Val MSE: 0.000120 (RMSE: 0.0110) 
2026-09-13 15:44:58,272 - INFO - Epoch [ 990/2000] LR: 0.000053 | Train Loss: 0.002130 (Data: 0.00212, Mono: 0.00001) | Val MSE: 0.000123 (RMSE: 0.0111) 
2026-09-13 15:44:58,703 - INFO - Epoch [1000/2000] LR: 0.000052 | Train Loss: 0.002153 (Data: 0.00215, Mono: 0.00001) | Val MSE: 0.000122 (RMSE: 0.0110) 
2026-09-13 15:44:59,138 - INFO - Epoch [1010/2000] LR: 0.000051 | Train Loss: 0.002126 (Data: 0.00212, Mono: 0.00001) | Val MSE: 0.000124 (RMSE: 0.0111) 
2026-09-13 15:44:59,562 - INFO - Epoch [1020/2000] LR: 0.000050 | Train Loss: 0.002053 (Data: 0.00205, Mono: 0.00001) | Val MSE: 0.000125 (RMSE: 0.0112) 
2026-09-13 15:45:00,004 - INFO - Epoch [1030/2000] LR: 0.000050 | Train Loss: 0.002087 (Data: 0.00208, Mono: 0.00001) | Val MSE: 0.000130 (RMSE: 0.0114) 
2026-09-13 15:45:00,562 - INFO - Epoch [1040/2000] LR: 0.000049 | Train Loss: 0.002065 (Data: 0.00206, Mono: 0.00001) | Val MSE: 0.000124 (RMSE: 0.0111) 
2026-09-13 15:45:01,077 - INFO - Epoch [1050/2000] LR: 0.000048 | Train Loss: 0.002087 (Data: 0.00208, Mono: 0.00001) | Val MSE: 0.000131 (RMSE: 0.0114) 
2026-09-13 15:45:01,627 - INFO - Epoch [1060/2000] LR: 0.000047 | Train Loss: 0.002060 (Data: 0.00206, Mono: 0.00001) | Val MSE: 0.000124 (RMSE: 0.0111) 
2026-09-13 15:45:02,151 - INFO - Epoch [1070/2000] LR: 0.000046 | Train Loss: 0.002047 (Data: 0.00204, Mono: 0.00001) | Val MSE: 0.000127 (RMSE: 0.0113) 
2026-09-13 15:45:02,706 - INFO - Epoch [1080/2000] LR: 0.000046 | Train Loss: 0.001970 (Data: 0.00197, Mono: 0.00001) | Val MSE: 0.000123 (RMSE: 0.0111) 
2026-09-13 15:45:03,219 - INFO - Epoch [1090/2000] LR: 0.000045 | Train Loss: 0.002016 (Data: 0.00201, Mono: 0.00001) | Val MSE: 0.000125 (RMSE: 0.0112) 
2026-09-13 15:45:03,741 - INFO - Epoch [1100/2000] LR: 0.000044 | Train Loss: 0.002011 (Data: 0.00201, Mono: 0.00001) | Val MSE: 0.000128 (RMSE: 0.0113) 
2026-09-13 15:45:04,280 - INFO - Epoch [1110/2000] LR: 0.000043 | Train Loss: 0.002001 (Data: 0.00200, Mono: 0.00001) | Val MSE: 0.000134 (RMSE: 0.0116) 
2026-09-13 15:45:04,838 - INFO - Epoch [1120/2000] LR: 0.000043 | Train Loss: 0.001993 (Data: 0.00199, Mono: 0.00001) | Val MSE: 0.000139 (RMSE: 0.0118) 
2026-09-13 15:45:05,415 - INFO - Epoch [1130/2000] LR: 0.000042 | Train Loss: 0.002029 (Data: 0.00202, Mono: 0.00001) | Val MSE: 0.000136 (RMSE: 0.0116) 
2026-09-13 15:45:05,921 - INFO - Epoch [1140/2000] LR: 0.000041 | Train Loss: 0.001987 (Data: 0.00198, Mono: 0.00001) | Val MSE: 0.000133 (RMSE: 0.0115) 
2026-09-13 15:45:06,449 - INFO - Epoch [1150/2000] LR: 0.000040 | Train Loss: 0.001958 (Data: 0.00195, Mono: 0.00001) | Val MSE: 0.000128 (RMSE: 0.0113) 
2026-09-13 15:45:06,985 - INFO - Epoch [1160/2000] LR: 0.000040 | Train Loss: 0.001934 (Data: 0.00193, Mono: 0.00001) | Val MSE: 0.000128 (RMSE: 0.0113) 
2026-09-13 15:45:07,510 - INFO - Epoch [1170/2000] LR: 0.000039 | Train Loss: 0.002055 (Data: 0.00205, Mono: 0.00001) | Val MSE: 0.000135 (RMSE: 0.0116) 
2026-09-13 15:45:08,034 - INFO - Epoch [1180/2000] LR: 0.000038 | Train Loss: 0.001950 (Data: 0.00195, Mono: 0.00001) | Val MSE: 0.000128 (RMSE: 0.0113) 
2026-09-13 15:45:08,558 - INFO - Epoch [1190/2000] LR: 0.000037 | Train Loss: 0.001919 (Data: 0.00191, Mono: 0.00001) | Val MSE: 0.000128 (RMSE: 0.0113) 
2026-09-13 15:45:09,086 - INFO - Epoch [1200/2000] LR: 0.000036 | Train Loss: 0.001969 (Data: 0.00196, Mono: 0.00001) | Val MSE: 0.000131 (RMSE: 0.0115) 
2026-09-13 15:45:09,595 - INFO - Epoch [1210/2000] LR: 0.000036 | Train Loss: 0.001908 (Data: 0.00190, Mono: 0.00001) | Val MSE: 0.000131 (RMSE: 0.0115) 
2026-09-13 15:45:10,180 - INFO - Epoch [1220/2000] LR: 0.000035 | Train Loss: 0.001923 (Data: 0.00192, Mono: 0.00001) | Val MSE: 0.000130 (RMSE: 0.0114) 
2026-09-13 15:45:10,734 - INFO - Epoch [1230/2000] LR: 0.000034 | Train Loss: 0.001931 (Data: 0.00193, Mono: 0.00001) | Val MSE: 0.000139 (RMSE: 0.0118) 
2026-09-13 15:45:11,276 - INFO - Epoch [1240/2000] LR: 0.000034 | Train Loss: 0.001921 (Data: 0.00192, Mono: 0.00001) | Val MSE: 0.000136 (RMSE: 0.0117) 
2026-09-13 15:45:11,809 - INFO - Epoch [1250/2000] LR: 0.000033 | Train Loss: 0.001899 (Data: 0.00189, Mono: 0.00001) | Val MSE: 0.000130 (RMSE: 0.0114) 
2026-09-13 15:45:12,319 - INFO - Epoch [1260/2000] LR: 0.000032 | Train Loss: 0.001850 (Data: 0.00185, Mono: 0.00001) | Val MSE: 0.000128 (RMSE: 0.0113) 
2026-09-13 15:45:12,825 - INFO - Epoch [1270/2000] LR: 0.000031 | Train Loss: 0.001956 (Data: 0.00195, Mono: 0.00001) | Val MSE: 0.000139 (RMSE: 0.0118) 
2026-09-13 15:45:13,327 - INFO - Epoch [1280/2000] LR: 0.000031 | Train Loss: 0.001879 (Data: 0.00187, Mono: 0.00001) | Val MSE: 0.000129 (RMSE: 0.0114) 
2026-09-13 15:45:13,888 - INFO - Epoch [1290/2000] LR: 0.000030 | Train Loss: 0.001931 (Data: 0.00193, Mono: 0.00001) | Val MSE: 0.000128 (RMSE: 0.0113) 
2026-09-13 15:45:14,397 - INFO - Epoch [1300/2000] LR: 0.000029 | Train Loss: 0.001914 (Data: 0.00191, Mono: 0.00001) | Val MSE: 0.000129 (RMSE: 0.0113) 
2026-09-13 15:45:14,935 - INFO - Epoch [1310/2000] LR: 0.000028 | Train Loss: 0.001878 (Data: 0.00187, Mono: 0.00001) | Val MSE: 0.000133 (RMSE: 0.0115) 
2026-09-13 15:45:15,494 - INFO - Epoch [1320/2000] LR: 0.000028 | Train Loss: 0.001872 (Data: 0.00187, Mono: 0.00001) | Val MSE: 0.000132 (RMSE: 0.0115) 
2026-09-13 15:45:16,006 - INFO - Epoch [1330/2000] LR: 0.000027 | Train Loss: 0.001901 (Data: 0.00190, Mono: 0.00001) | Val MSE: 0.000131 (RMSE: 0.0114) 
2026-09-13 15:45:16,519 - INFO - Epoch [1340/2000] LR: 0.000026 | Train Loss: 0.001865 (Data: 0.00186, Mono: 0.00001) | Val MSE: 0.000138 (RMSE: 0.0117) 
2026-09-13 15:45:17,053 - INFO - Epoch [1350/2000] LR: 0.000026 | Train Loss: 0.001844 (Data: 0.00184, Mono: 0.00001) | Val MSE: 0.000129 (RMSE: 0.0113) 
2026-09-13 15:45:17,568 - INFO - Epoch [1360/2000] LR: 0.000025 | Train Loss: 0.001873 (Data: 0.00187, Mono: 0.00001) | Val MSE: 0.000129 (RMSE: 0.0114) 
2026-09-13 15:45:18,111 - INFO - Epoch [1370/2000] LR: 0.000024 | Train Loss: 0.001874 (Data: 0.00187, Mono: 0.00001) | Val MSE: 0.000140 (RMSE: 0.0118) 
2026-09-13 15:45:18,643 - INFO - Epoch [1380/2000] LR: 0.000024 | Train Loss: 0.001854 (Data: 0.00185, Mono: 0.00001) | Val MSE: 0.000135 (RMSE: 0.0116) 
2026-09-13 15:45:19,204 - INFO - Epoch [1390/2000] LR: 0.000023 | Train Loss: 0.001823 (Data: 0.00182, Mono: 0.00001) | Val MSE: 0.000136 (RMSE: 0.0117) 
2026-09-13 15:45:19,732 - INFO - Epoch [1400/2000] LR: 0.000022 | Train Loss: 0.001877 (Data: 0.00187, Mono: 0.00001) | Val MSE: 0.000133 (RMSE: 0.0115) 
2026-09-13 15:45:20,274 - INFO - Epoch [1410/2000] LR: 0.000022 | Train Loss: 0.001838 (Data: 0.00183, Mono: 0.00001) | Val MSE: 0.000130 (RMSE: 0.0114) 
2026-09-13 15:45:20,817 - INFO - Epoch [1420/2000] LR: 0.000021 | Train Loss: 0.001887 (Data: 0.00188, Mono: 0.00001) | Val MSE: 0.000133 (RMSE: 0.0115) 
2026-09-13 15:45:21,348 - INFO - Epoch [1430/2000] LR: 0.000021 | Train Loss: 0.001810 (Data: 0.00180, Mono: 0.00001) | Val MSE: 0.000133 (RMSE: 0.0115) 
2026-09-13 15:45:21,910 - INFO - Epoch [1440/2000] LR: 0.000020 | Train Loss: 0.001844 (Data: 0.00184, Mono: 0.00001) | Val MSE: 0.000136 (RMSE: 0.0117) 
2026-09-13 15:45:22,441 - INFO - Epoch [1450/2000] LR: 0.000019 | Train Loss: 0.001885 (Data: 0.00188, Mono: 0.00001) | Val MSE: 0.000134 (RMSE: 0.0116) 
2026-09-13 15:45:22,931 - INFO - Epoch [1460/2000] LR: 0.000019 | Train Loss: 0.001824 (Data: 0.00182, Mono: 0.00001) | Val MSE: 0.000131 (RMSE: 0.0115) 
2026-09-13 15:45:23,485 - INFO - Epoch [1470/2000] LR: 0.000018 | Train Loss: 0.001740 (Data: 0.00174, Mono: 0.00001) | Val MSE: 0.000134 (RMSE: 0.0116) 
2026-09-13 15:45:24,013 - INFO - Epoch [1480/2000] LR: 0.000018 | Train Loss: 0.001781 (Data: 0.00178, Mono: 0.00001) | Val MSE: 0.000145 (RMSE: 0.0120) 
2026-09-13 15:45:24,616 - INFO - Epoch [1490/2000] LR: 0.000017 | Train Loss: 0.001756 (Data: 0.00175, Mono: 0.00001) | Val MSE: 0.000131 (RMSE: 0.0115) 
2026-09-13 15:45:25,131 - INFO - Epoch [1500/2000] LR: 0.000016 | Train Loss: 0.001791 (Data: 0.00179, Mono: 0.00001) | Val MSE: 0.000131 (RMSE: 0.0114) 
2026-09-13 15:45:25,662 - INFO - Epoch [1510/2000] LR: 0.000016 | Train Loss: 0.001784 (Data: 0.00178, Mono: 0.00001) | Val MSE: 0.000137 (RMSE: 0.0117) 
2026-09-13 15:45:26,192 - INFO - Epoch [1520/2000] LR: 0.000015 | Train Loss: 0.001770 (Data: 0.00177, Mono: 0.00001) | Val MSE: 0.000134 (RMSE: 0.0116) 
2026-09-13 15:45:26,682 - INFO - Epoch [1530/2000] LR: 0.000015 | Train Loss: 0.001805 (Data: 0.00180, Mono: 0.00001) | Val MSE: 0.000136 (RMSE: 0.0117) 
2026-09-13 15:45:27,207 - INFO - Epoch [1540/2000] LR: 0.000014 | Train Loss: 0.001802 (Data: 0.00180, Mono: 0.00001) | Val MSE: 0.000133 (RMSE: 0.0115) 
2026-09-13 15:45:27,704 - INFO - Epoch [1550/2000] LR: 0.000014 | Train Loss: 0.001764 (Data: 0.00176, Mono: 0.00001) | Val MSE: 0.000140 (RMSE: 0.0118) 
2026-09-13 15:45:28,191 - INFO - Epoch [1560/2000] LR: 0.000013 | Train Loss: 0.001802 (Data: 0.00180, Mono: 0.00001) | Val MSE: 0.000134 (RMSE: 0.0116) 
2026-09-13 15:45:28,696 - INFO - Epoch [1570/2000] LR: 0.000013 | Train Loss: 0.001845 (Data: 0.00184, Mono: 0.00001) | Val MSE: 0.000141 (RMSE: 0.0119) 
2026-09-13 15:45:29,178 - INFO - Epoch [1580/2000] LR: 0.000012 | Train Loss: 0.001764 (Data: 0.00176, Mono: 0.00001) | Val MSE: 0.000139 (RMSE: 0.0118) 
2026-09-13 15:45:29,665 - INFO - Epoch [1590/2000] LR: 0.000012 | Train Loss: 0.001777 (Data: 0.00177, Mono: 0.00001) | Val MSE: 0.000135 (RMSE: 0.0116) 
2026-09-13 15:45:30,164 - INFO - Epoch [1600/2000] LR: 0.000011 | Train Loss: 0.001783 (Data: 0.00178, Mono: 0.00001) | Val MSE: 0.000135 (RMSE: 0.0116) 
2026-09-13 15:45:30,661 - INFO - Epoch [1610/2000] LR: 0.000011 | Train Loss: 0.001765 (Data: 0.00176, Mono: 0.00001) | Val MSE: 0.000136 (RMSE: 0.0117) 
2026-09-13 15:45:31,164 - INFO - Epoch [1620/2000] LR: 0.000010 | Train Loss: 0.001810 (Data: 0.00181, Mono: 0.00001) | Val MSE: 0.000134 (RMSE: 0.0116) 
2026-09-13 15:45:31,661 - INFO - Epoch [1630/2000] LR: 0.000010 | Train Loss: 0.001788 (Data: 0.00178, Mono: 0.00001) | Val MSE: 0.000134 (RMSE: 0.0116) 
2026-09-13 15:45:32,160 - INFO - Epoch [1640/2000] LR: 0.000009 | Train Loss: 0.001776 (Data: 0.00177, Mono: 0.00001) | Val MSE: 0.000133 (RMSE: 0.0115) 
2026-09-13 15:45:32,659 - INFO - Epoch [1650/2000] LR: 0.000009 | Train Loss: 0.001782 (Data: 0.00178, Mono: 0.00001) | Val MSE: 0.000134 (RMSE: 0.0116) 
2026-09-13 15:45:33,179 - INFO - Epoch [1660/2000] LR: 0.000009 | Train Loss: 0.001767 (Data: 0.00176, Mono: 0.00001) | Val MSE: 0.000135 (RMSE: 0.0116) 
2026-09-13 15:45:33,718 - INFO - Epoch [1670/2000] LR: 0.000008 | Train Loss: 0.001758 (Data: 0.00175, Mono: 0.00001) | Val MSE: 0.000136 (RMSE: 0.0117) 
2026-09-13 15:45:34,267 - INFO - Epoch [1680/2000] LR: 0.000008 | Train Loss: 0.001810 (Data: 0.00181, Mono: 0.00001) | Val MSE: 0.000137 (RMSE: 0.0117) 
2026-09-13 15:45:34,791 - INFO - Epoch [1690/2000] LR: 0.000007 | Train Loss: 0.001713 (Data: 0.00171, Mono: 0.00001) | Val MSE: 0.000138 (RMSE: 0.0117) 
2026-09-13 15:45:35,334 - INFO - Epoch [1700/2000] LR: 0.000007 | Train Loss: 0.001737 (Data: 0.00173, Mono: 0.00001) | Val MSE: 0.000138 (RMSE: 0.0117) 
2026-09-13 15:45:35,866 - INFO - Epoch [1710/2000] LR: 0.000007 | Train Loss: 0.001750 (Data: 0.00175, Mono: 0.00001) | Val MSE: 0.000135 (RMSE: 0.0116) 
2026-09-13 15:45:36,376 - INFO - Epoch [1720/2000] LR: 0.000006 | Train Loss: 0.001768 (Data: 0.00176, Mono: 0.00001) | Val MSE: 0.000135 (RMSE: 0.0116) 
2026-09-13 15:45:36,894 - INFO - Epoch [1730/2000] LR: 0.000006 | Train Loss: 0.001760 (Data: 0.00176, Mono: 0.00001) | Val MSE: 0.000135 (RMSE: 0.0116) 
2026-09-13 15:45:37,419 - INFO - Epoch [1740/2000] LR: 0.000006 | Train Loss: 0.001740 (Data: 0.00174, Mono: 0.00001) | Val MSE: 0.000137 (RMSE: 0.0117) 
2026-09-13 15:45:37,941 - INFO - Epoch [1750/2000] LR: 0.000005 | Train Loss: 0.001802 (Data: 0.00180, Mono: 0.00001) | Val MSE: 0.000136 (RMSE: 0.0117) 
2026-09-13 15:45:38,501 - INFO - Epoch [1760/2000] LR: 0.000005 | Train Loss: 0.001796 (Data: 0.00179, Mono: 0.00001) | Val MSE: 0.000137 (RMSE: 0.0117) 
2026-09-13 15:45:38,988 - INFO - Epoch [1770/2000] LR: 0.000005 | Train Loss: 0.001747 (Data: 0.00174, Mono: 0.00001) | Val MSE: 0.000138 (RMSE: 0.0117) 
2026-09-13 15:45:39,507 - INFO - Epoch [1780/2000] LR: 0.000005 | Train Loss: 0.001758 (Data: 0.00175, Mono: 0.00001) | Val MSE: 0.000136 (RMSE: 0.0117) 
2026-09-13 15:45:40,021 - INFO - Epoch [1790/2000] LR: 0.000004 | Train Loss: 0.001812 (Data: 0.00181, Mono: 0.00001) | Val MSE: 0.000136 (RMSE: 0.0117) 
2026-09-13 15:45:40,549 - INFO - Epoch [1800/2000] LR: 0.000004 | Train Loss: 0.001716 (Data: 0.00171, Mono: 0.00001) | Val MSE: 0.000137 (RMSE: 0.0117) 
2026-09-13 15:45:41,070 - INFO - Epoch [1810/2000] LR: 0.000004 | Train Loss: 0.001700 (Data: 0.00170, Mono: 0.00001) | Val MSE: 0.000136 (RMSE: 0.0117) 
2026-09-13 15:45:41,585 - INFO - Epoch [1820/2000] LR: 0.000004 | Train Loss: 0.001781 (Data: 0.00178, Mono: 0.00001) | Val MSE: 0.000136 (RMSE: 0.0116) 
2026-09-13 15:45:42,080 - INFO - Epoch [1830/2000] LR: 0.000003 | Train Loss: 0.001726 (Data: 0.00172, Mono: 0.00001) | Val MSE: 0.000135 (RMSE: 0.0116) 
2026-09-13 15:45:42,572 - INFO - Epoch [1840/2000] LR: 0.000003 | Train Loss: 0.001720 (Data: 0.00172, Mono: 0.00001) | Val MSE: 0.000135 (RMSE: 0.0116) 
2026-09-13 15:45:43,069 - INFO - Epoch [1850/2000] LR: 0.000003 | Train Loss: 0.001776 (Data: 0.00177, Mono: 0.00001) | Val MSE: 0.000135 (RMSE: 0.0116) 
2026-09-13 15:45:43,576 - INFO - Epoch [1860/2000] LR: 0.000003 | Train Loss: 0.001718 (Data: 0.00171, Mono: 0.00001) | Val MSE: 0.000136 (RMSE: 0.0117) 
2026-09-13 15:45:44,064 - INFO - Epoch [1870/2000] LR: 0.000003 | Train Loss: 0.001687 (Data: 0.00168, Mono: 0.00001) | Val MSE: 0.000135 (RMSE: 0.0116) 
2026-09-13 15:45:44,587 - INFO - Epoch [1880/2000] LR: 0.000002 | Train Loss: 0.001764 (Data: 0.00176, Mono: 0.00001) | Val MSE: 0.000136 (RMSE: 0.0117) 
2026-09-13 15:45:45,074 - INFO - Epoch [1890/2000] LR: 0.000002 | Train Loss: 0.001744 (Data: 0.00174, Mono: 0.00001) | Val MSE: 0.000136 (RMSE: 0.0116) 
2026-09-13 15:45:45,604 - INFO - Epoch [1900/2000] LR: 0.000002 | Train Loss: 0.001703 (Data: 0.00170, Mono: 0.00001) | Val MSE: 0.000135 (RMSE: 0.0116) 
2026-09-13 15:45:46,094 - INFO - Epoch [1910/2000] LR: 0.000002 | Train Loss: 0.001719 (Data: 0.00171, Mono: 0.00001) | Val MSE: 0.000136 (RMSE: 0.0117) 
2026-09-13 15:45:46,611 - INFO - Epoch [1920/2000] LR: 0.000002 | Train Loss: 0.001728 (Data: 0.00172, Mono: 0.00001) | Val MSE: 0.000136 (RMSE: 0.0116) 
2026-09-13 15:45:47,124 - INFO - Epoch [1930/2000] LR: 0.000002 | Train Loss: 0.001708 (Data: 0.00170, Mono: 0.00001) | Val MSE: 0.000136 (RMSE: 0.0117) 
2026-09-13 15:45:47,654 - INFO - Epoch [1940/2000] LR: 0.000002 | Train Loss: 0.001778 (Data: 0.00177, Mono: 0.00001) | Val MSE: 0.000137 (RMSE: 0.0117) 
2026-09-13 15:45:48,188 - INFO - Epoch [1950/2000] LR: 0.000002 | Train Loss: 0.001747 (Data: 0.00174, Mono: 0.00001) | Val MSE: 0.000136 (RMSE: 0.0117) 
2026-09-13 15:45:48,704 - INFO - Epoch [1960/2000] LR: 0.000002 | Train Loss: 0.001766 (Data: 0.00176, Mono: 0.00001) | Val MSE: 0.000136 (RMSE: 0.0117) 
2026-09-13 15:45:49,211 - INFO - Epoch [1970/2000] LR: 0.000002 | Train Loss: 0.001714 (Data: 0.00171, Mono: 0.00001) | Val MSE: 0.000136 (RMSE: 0.0117) 
2026-09-13 15:45:49,719 - INFO - Epoch [1980/2000] LR: 0.000002 | Train Loss: 0.001759 (Data: 0.00175, Mono: 0.00001) | Val MSE: 0.000135 (RMSE: 0.0116) 
2026-09-13 15:45:50,236 - INFO - Epoch [1990/2000] LR: 0.000002 | Train Loss: 0.001787 (Data: 0.00178, Mono: 0.00001) | Val MSE: 0.000136 (RMSE: 0.0117) 
2026-09-13 15:45:50,731 - INFO - Epoch [2000/2000] LR: 0.000002 | Train Loss: 0.001726 (Data: 0.00172, Mono: 0.00001) | Val MSE: 0.000135 (RMSE: 0.0116) 
2026-09-13 15:45:50,731 - INFO - Training completed in 96.80s. Loading best checkpoint from epoch 221 for final test evaluation...
2026-09-13 15:45:50,760 - INFO - ==================================================
2026-09-13 15:45:50,761 - INFO - Test Results for [XJTU] - [Sim_satellite] (Best Epoch 221):
2026-09-13 15:45:50,761 - INFO -   Test RMSE: 0.016589
2026-09-13 15:45:50,761 - INFO -   Test MAE:  0.014367
2026-09-13 15:45:50,761 - INFO -   Test MAPE: 1.511254
2026-09-13 15:45:50,761 - INFO -   Test MSE:  0.000275
2026-09-13 15:45:50,761 - INFO - ==================================================
2026-09-13 16:33:45,906 - INFO - ==================================================
2026-09-13 16:33:45,906 - INFO - Starting FusionMLP Training for [XJTU] - [Sim_satellite]
2026-09-13 16:33:45,906 - INFO - Device: cuda | Epochs: 2000 | LR: 0.000100 | Mono Weight: 0.4000 | Knee Feature: True
2026-09-13 16:33:45,906 - INFO - ==================================================
2026-09-13 16:33:45,985 - INFO - Data Splits: Train=5, Val=1, Test=2
2026-09-13 16:33:47,014 - INFO - Epoch [   1/2000] LR: 0.006063 | Train Loss: 1.113403 (Data: 1.11339, Mono: 0.00004) | Val MSE: 0.900228 (RMSE: 0.9488) [BEST]
2026-09-13 16:33:47,104 - INFO - Epoch [   3/2000] LR: 0.005651 | Train Loss: 0.865869 (Data: 0.86587, Mono: 0.00001) | Val MSE: 0.894748 (RMSE: 0.9459) [BEST]
2026-09-13 16:33:47,152 - INFO - Epoch [   4/2000] LR: 0.005446 | Train Loss: 0.862519 (Data: 0.86252, Mono: 0.00001) | Val MSE: 0.886266 (RMSE: 0.9414) [BEST]
2026-09-13 16:33:47,195 - INFO - Epoch [   5/2000] LR: 0.005240 | Train Loss: 0.863029 (Data: 0.86303, Mono: 0.00001) | Val MSE: 0.883887 (RMSE: 0.9402) [BEST]
2026-09-13 16:33:47,387 - INFO - Epoch [  10/2000] LR: 0.004212 | Train Loss: 0.846760 (Data: 0.84676, Mono: 0.00001) | Val MSE: 0.876333 (RMSE: 0.9361) [BEST]
2026-09-13 16:33:47,440 - INFO - Epoch [  11/2000] LR: 0.004007 | Train Loss: 0.841586 (Data: 0.84158, Mono: 0.00001) | Val MSE: 0.864181 (RMSE: 0.9296) [BEST]
2026-09-13 16:33:47,488 - INFO - Epoch [  12/2000] LR: 0.003801 | Train Loss: 0.626413 (Data: 0.62640, Mono: 0.00003) | Val MSE: 0.259098 (RMSE: 0.5090) [BEST]
2026-09-13 16:33:47,530 - INFO - Epoch [  13/2000] LR: 0.003595 | Train Loss: 0.221905 (Data: 0.22188, Mono: 0.00005) | Val MSE: 0.205940 (RMSE: 0.4538) [BEST]
2026-09-13 16:33:47,570 - INFO - Epoch [  14/2000] LR: 0.003390 | Train Loss: 0.128722 (Data: 0.12871, Mono: 0.00004) | Val MSE: 0.061624 (RMSE: 0.2482) [BEST]
2026-09-13 16:33:47,615 - INFO - Epoch [  15/2000] LR: 0.003184 | Train Loss: 0.087206 (Data: 0.08719, Mono: 0.00004) | Val MSE: 0.003149 (RMSE: 0.0561) [BEST]
2026-09-13 16:33:47,735 - INFO - Epoch [  18/2000] LR: 0.002567 | Train Loss: 0.030401 (Data: 0.03039, Mono: 0.00003) | Val MSE: 0.002273 (RMSE: 0.0477) [BEST]
2026-09-13 16:33:47,809 - INFO - Epoch [  20/2000] LR: 0.002156 | Train Loss: 0.017576 (Data: 0.01756, Mono: 0.00003) | Val MSE: 0.002946 (RMSE: 0.0543) 
2026-09-13 16:33:47,861 - INFO - Epoch [  21/2000] LR: 0.001950 | Train Loss: 0.017985 (Data: 0.01797, Mono: 0.00004) | Val MSE: 0.000572 (RMSE: 0.0239) [BEST]
2026-09-13 16:33:47,942 - INFO - Epoch [  23/2000] LR: 0.001539 | Train Loss: 0.015102 (Data: 0.01509, Mono: 0.00003) | Val MSE: 0.000479 (RMSE: 0.0219) [BEST]
2026-09-13 16:33:48,021 - INFO - Epoch [  25/2000] LR: 0.001128 | Train Loss: 0.013850 (Data: 0.01384, Mono: 0.00003) | Val MSE: 0.000337 (RMSE: 0.0184) [BEST]
2026-09-13 16:33:48,169 - INFO - Epoch [  28/2000] LR: 0.000511 | Train Loss: 0.013144 (Data: 0.01313, Mono: 0.00003) | Val MSE: 0.000302 (RMSE: 0.0174) [BEST]
2026-09-13 16:33:48,228 - INFO - Epoch [  29/2000] LR: 0.000306 | Train Loss: 0.013271 (Data: 0.01326, Mono: 0.00003) | Val MSE: 0.000275 (RMSE: 0.0166) [BEST]
2026-09-13 16:33:48,276 - INFO - Epoch [  30/2000] LR: 0.000100 | Train Loss: 0.013226 (Data: 0.01321, Mono: 0.00003) | Val MSE: 0.000272 (RMSE: 0.0165) [BEST]
2026-09-13 16:33:48,323 - INFO - Epoch [  31/2000] LR: 0.000100 | Train Loss: 0.012926 (Data: 0.01291, Mono: 0.00003) | Val MSE: 0.000271 (RMSE: 0.0165) [BEST]
2026-09-13 16:33:48,368 - INFO - Epoch [  32/2000] LR: 0.000100 | Train Loss: 0.012876 (Data: 0.01287, Mono: 0.00003) | Val MSE: 0.000270 (RMSE: 0.0164) [BEST]
2026-09-13 16:33:48,418 - INFO - Epoch [  33/2000] LR: 0.000100 | Train Loss: 0.013316 (Data: 0.01331, Mono: 0.00003) | Val MSE: 0.000269 (RMSE: 0.0164) [BEST]
2026-09-13 16:33:48,470 - INFO - Epoch [  34/2000] LR: 0.000100 | Train Loss: 0.012967 (Data: 0.01295, Mono: 0.00003) | Val MSE: 0.000268 (RMSE: 0.0164) [BEST]
2026-09-13 16:33:48,523 - INFO - Epoch [  35/2000] LR: 0.000100 | Train Loss: 0.013442 (Data: 0.01343, Mono: 0.00003) | Val MSE: 0.000268 (RMSE: 0.0164) [BEST]
2026-09-13 16:33:48,569 - INFO - Epoch [  36/2000] LR: 0.000100 | Train Loss: 0.013148 (Data: 0.01314, Mono: 0.00003) | Val MSE: 0.000267 (RMSE: 0.0164) [BEST]
2026-09-13 16:33:48,657 - INFO - Epoch [  38/2000] LR: 0.000100 | Train Loss: 0.012950 (Data: 0.01294, Mono: 0.00003) | Val MSE: 0.000267 (RMSE: 0.0163) [BEST]
2026-09-13 16:33:48,743 - INFO - Epoch [  40/2000] LR: 0.000100 | Train Loss: 0.013294 (Data: 0.01328, Mono: 0.00003) | Val MSE: 0.000267 (RMSE: 0.0164) 
2026-09-13 16:33:49,010 - INFO - Epoch [  46/2000] LR: 0.000100 | Train Loss: 0.012454 (Data: 0.01244, Mono: 0.00003) | Val MSE: 0.000265 (RMSE: 0.0163) [BEST]
2026-09-13 16:33:49,073 - INFO - Epoch [  47/2000] LR: 0.000100 | Train Loss: 0.012802 (Data: 0.01279, Mono: 0.00003) | Val MSE: 0.000264 (RMSE: 0.0162) [BEST]
2026-09-13 16:33:49,127 - INFO - Epoch [  48/2000] LR: 0.000100 | Train Loss: 0.012711 (Data: 0.01270, Mono: 0.00003) | Val MSE: 0.000263 (RMSE: 0.0162) [BEST]
2026-09-13 16:33:49,170 - INFO - Epoch [  49/2000] LR: 0.000100 | Train Loss: 0.012539 (Data: 0.01253, Mono: 0.00003) | Val MSE: 0.000263 (RMSE: 0.0162) [BEST]
2026-09-13 16:33:49,216 - INFO - Epoch [  50/2000] LR: 0.000100 | Train Loss: 0.013100 (Data: 0.01309, Mono: 0.00003) | Val MSE: 0.000262 (RMSE: 0.0162) [BEST]
2026-09-13 16:33:49,588 - INFO - Epoch [  58/2000] LR: 0.000100 | Train Loss: 0.012507 (Data: 0.01250, Mono: 0.00003) | Val MSE: 0.000262 (RMSE: 0.0162) [BEST]
2026-09-13 16:33:49,628 - INFO - Epoch [  59/2000] LR: 0.000100 | Train Loss: 0.012817 (Data: 0.01281, Mono: 0.00003) | Val MSE: 0.000262 (RMSE: 0.0162) [BEST]
2026-09-13 16:33:49,668 - INFO - Epoch [  60/2000] LR: 0.000100 | Train Loss: 0.012176 (Data: 0.01216, Mono: 0.00003) | Val MSE: 0.000261 (RMSE: 0.0162) [BEST]
2026-09-13 16:33:49,709 - INFO - Epoch [  61/2000] LR: 0.000100 | Train Loss: 0.012626 (Data: 0.01261, Mono: 0.00003) | Val MSE: 0.000259 (RMSE: 0.0161) [BEST]
2026-09-13 16:33:49,749 - INFO - Epoch [  62/2000] LR: 0.000100 | Train Loss: 0.012528 (Data: 0.01252, Mono: 0.00003) | Val MSE: 0.000258 (RMSE: 0.0161) [BEST]
2026-09-13 16:33:50,039 - INFO - Epoch [  70/2000] LR: 0.000100 | Train Loss: 0.012152 (Data: 0.01214, Mono: 0.00003) | Val MSE: 0.000264 (RMSE: 0.0163) 
2026-09-13 16:33:50,116 - INFO - Epoch [  72/2000] LR: 0.000100 | Train Loss: 0.012153 (Data: 0.01214, Mono: 0.00003) | Val MSE: 0.000256 (RMSE: 0.0160) [BEST]
2026-09-13 16:33:50,159 - INFO - Epoch [  73/2000] LR: 0.000100 | Train Loss: 0.011834 (Data: 0.01182, Mono: 0.00003) | Val MSE: 0.000255 (RMSE: 0.0160) [BEST]
2026-09-13 16:33:50,345 - INFO - Epoch [  78/2000] LR: 0.000100 | Train Loss: 0.012396 (Data: 0.01239, Mono: 0.00003) | Val MSE: 0.000254 (RMSE: 0.0160) [BEST]
2026-09-13 16:33:50,426 - INFO - Epoch [  80/2000] LR: 0.000100 | Train Loss: 0.012047 (Data: 0.01204, Mono: 0.00003) | Val MSE: 0.000259 (RMSE: 0.0161) 
2026-09-13 16:33:50,652 - INFO - Epoch [  86/2000] LR: 0.000100 | Train Loss: 0.011793 (Data: 0.01178, Mono: 0.00003) | Val MSE: 0.000254 (RMSE: 0.0159) [BEST]
2026-09-13 16:33:50,692 - INFO - Epoch [  87/2000] LR: 0.000100 | Train Loss: 0.012001 (Data: 0.01199, Mono: 0.00003) | Val MSE: 0.000253 (RMSE: 0.0159) [BEST]
2026-09-13 16:33:50,733 - INFO - Epoch [  88/2000] LR: 0.000100 | Train Loss: 0.011724 (Data: 0.01171, Mono: 0.00003) | Val MSE: 0.000252 (RMSE: 0.0159) [BEST]
2026-09-13 16:33:50,809 - INFO - Epoch [  90/2000] LR: 0.000100 | Train Loss: 0.011729 (Data: 0.01172, Mono: 0.00003) | Val MSE: 0.000251 (RMSE: 0.0158) [BEST]
2026-09-13 16:33:50,849 - INFO - Epoch [  91/2000] LR: 0.000100 | Train Loss: 0.011518 (Data: 0.01151, Mono: 0.00003) | Val MSE: 0.000251 (RMSE: 0.0158) [BEST]
2026-09-13 16:33:50,893 - INFO - Epoch [  92/2000] LR: 0.000100 | Train Loss: 0.011627 (Data: 0.01162, Mono: 0.00003) | Val MSE: 0.000250 (RMSE: 0.0158) [BEST]
2026-09-13 16:33:50,935 - INFO - Epoch [  93/2000] LR: 0.000100 | Train Loss: 0.011409 (Data: 0.01140, Mono: 0.00003) | Val MSE: 0.000249 (RMSE: 0.0158) [BEST]
2026-09-13 16:33:50,977 - INFO - Epoch [  94/2000] LR: 0.000100 | Train Loss: 0.011615 (Data: 0.01160, Mono: 0.00003) | Val MSE: 0.000249 (RMSE: 0.0158) [BEST]
2026-09-13 16:33:51,166 - INFO - Epoch [  99/2000] LR: 0.000100 | Train Loss: 0.011535 (Data: 0.01152, Mono: 0.00003) | Val MSE: 0.000247 (RMSE: 0.0157) [BEST]
2026-09-13 16:33:51,215 - INFO - Epoch [ 100/2000] LR: 0.000100 | Train Loss: 0.011470 (Data: 0.01146, Mono: 0.00003) | Val MSE: 0.000246 (RMSE: 0.0157) [BEST]
2026-09-13 16:33:51,253 - INFO - Epoch [ 101/2000] LR: 0.000100 | Train Loss: 0.011466 (Data: 0.01146, Mono: 0.00003) | Val MSE: 0.000245 (RMSE: 0.0156) [BEST]
2026-09-13 16:33:51,300 - INFO - Epoch [ 102/2000] LR: 0.000100 | Train Loss: 0.011608 (Data: 0.01160, Mono: 0.00003) | Val MSE: 0.000244 (RMSE: 0.0156) [BEST]
2026-09-13 16:33:51,459 - INFO - Epoch [ 106/2000] LR: 0.000100 | Train Loss: 0.011547 (Data: 0.01154, Mono: 0.00003) | Val MSE: 0.000244 (RMSE: 0.0156) [BEST]
2026-09-13 16:33:51,503 - INFO - Epoch [ 107/2000] LR: 0.000100 | Train Loss: 0.011228 (Data: 0.01122, Mono: 0.00003) | Val MSE: 0.000244 (RMSE: 0.0156) [BEST]
2026-09-13 16:33:51,613 - INFO - Epoch [ 110/2000] LR: 0.000100 | Train Loss: 0.011229 (Data: 0.01122, Mono: 0.00003) | Val MSE: 0.000245 (RMSE: 0.0157) 
2026-09-13 16:33:51,667 - INFO - Epoch [ 111/2000] LR: 0.000100 | Train Loss: 0.011524 (Data: 0.01151, Mono: 0.00003) | Val MSE: 0.000243 (RMSE: 0.0156) [BEST]
2026-09-13 16:33:51,713 - INFO - Epoch [ 112/2000] LR: 0.000100 | Train Loss: 0.010901 (Data: 0.01089, Mono: 0.00003) | Val MSE: 0.000242 (RMSE: 0.0155) [BEST]
2026-09-13 16:33:51,759 - INFO - Epoch [ 113/2000] LR: 0.000100 | Train Loss: 0.011206 (Data: 0.01120, Mono: 0.00003) | Val MSE: 0.000240 (RMSE: 0.0155) [BEST]
2026-09-13 16:33:51,798 - INFO - Epoch [ 114/2000] LR: 0.000100 | Train Loss: 0.011170 (Data: 0.01116, Mono: 0.00003) | Val MSE: 0.000240 (RMSE: 0.0155) [BEST]
2026-09-13 16:33:51,837 - INFO - Epoch [ 115/2000] LR: 0.000100 | Train Loss: 0.011034 (Data: 0.01102, Mono: 0.00003) | Val MSE: 0.000240 (RMSE: 0.0155) [BEST]
2026-09-13 16:33:51,878 - INFO - Epoch [ 116/2000] LR: 0.000100 | Train Loss: 0.011106 (Data: 0.01109, Mono: 0.00003) | Val MSE: 0.000240 (RMSE: 0.0155) [BEST]
2026-09-13 16:33:52,023 - INFO - Epoch [ 120/2000] LR: 0.000099 | Train Loss: 0.011106 (Data: 0.01110, Mono: 0.00003) | Val MSE: 0.000239 (RMSE: 0.0155) [BEST]
2026-09-13 16:33:52,068 - INFO - Epoch [ 121/2000] LR: 0.000099 | Train Loss: 0.010859 (Data: 0.01085, Mono: 0.00003) | Val MSE: 0.000238 (RMSE: 0.0154) [BEST]
2026-09-13 16:33:52,143 - INFO - Epoch [ 123/2000] LR: 0.000099 | Train Loss: 0.011125 (Data: 0.01111, Mono: 0.00003) | Val MSE: 0.000238 (RMSE: 0.0154) [BEST]
2026-09-13 16:33:52,188 - INFO - Epoch [ 124/2000] LR: 0.000099 | Train Loss: 0.010917 (Data: 0.01091, Mono: 0.00003) | Val MSE: 0.000237 (RMSE: 0.0154) [BEST]
2026-09-13 16:33:52,231 - INFO - Epoch [ 125/2000] LR: 0.000099 | Train Loss: 0.011163 (Data: 0.01115, Mono: 0.00003) | Val MSE: 0.000235 (RMSE: 0.0153) [BEST]
2026-09-13 16:33:52,274 - INFO - Epoch [ 126/2000] LR: 0.000099 | Train Loss: 0.010622 (Data: 0.01061, Mono: 0.00003) | Val MSE: 0.000235 (RMSE: 0.0153) [BEST]
2026-09-13 16:33:52,430 - INFO - Epoch [ 130/2000] LR: 0.000099 | Train Loss: 0.010798 (Data: 0.01079, Mono: 0.00003) | Val MSE: 0.000237 (RMSE: 0.0154) 
2026-09-13 16:33:52,815 - INFO - Epoch [ 140/2000] LR: 0.000099 | Train Loss: 0.010470 (Data: 0.01046, Mono: 0.00003) | Val MSE: 0.000236 (RMSE: 0.0154) 
2026-09-13 16:33:52,963 - INFO - Epoch [ 144/2000] LR: 0.000099 | Train Loss: 0.010199 (Data: 0.01019, Mono: 0.00003) | Val MSE: 0.000235 (RMSE: 0.0153) [BEST]
2026-09-13 16:33:53,184 - INFO - Epoch [ 150/2000] LR: 0.000099 | Train Loss: 0.010146 (Data: 0.01014, Mono: 0.00003) | Val MSE: 0.000234 (RMSE: 0.0153) [BEST]
2026-09-13 16:33:53,417 - INFO - Epoch [ 156/2000] LR: 0.000099 | Train Loss: 0.009979 (Data: 0.00997, Mono: 0.00003) | Val MSE: 0.000232 (RMSE: 0.0152) [BEST]
2026-09-13 16:33:53,460 - INFO - Epoch [ 157/2000] LR: 0.000099 | Train Loss: 0.010074 (Data: 0.01006, Mono: 0.00003) | Val MSE: 0.000230 (RMSE: 0.0152) [BEST]
2026-09-13 16:33:53,502 - INFO - Epoch [ 158/2000] LR: 0.000099 | Train Loss: 0.009873 (Data: 0.00986, Mono: 0.00003) | Val MSE: 0.000229 (RMSE: 0.0151) [BEST]
2026-09-13 16:33:53,584 - INFO - Epoch [ 160/2000] LR: 0.000099 | Train Loss: 0.009833 (Data: 0.00982, Mono: 0.00003) | Val MSE: 0.000230 (RMSE: 0.0152) 
2026-09-13 16:33:53,817 - INFO - Epoch [ 166/2000] LR: 0.000099 | Train Loss: 0.009889 (Data: 0.00988, Mono: 0.00003) | Val MSE: 0.000225 (RMSE: 0.0150) [BEST]
2026-09-13 16:33:53,858 - INFO - Epoch [ 167/2000] LR: 0.000099 | Train Loss: 0.009606 (Data: 0.00960, Mono: 0.00003) | Val MSE: 0.000225 (RMSE: 0.0150) [BEST]
2026-09-13 16:33:53,967 - INFO - Epoch [ 170/2000] LR: 0.000099 | Train Loss: 0.010013 (Data: 0.01000, Mono: 0.00002) | Val MSE: 0.000235 (RMSE: 0.0153) 
2026-09-13 16:33:54,124 - INFO - Epoch [ 174/2000] LR: 0.000099 | Train Loss: 0.009619 (Data: 0.00961, Mono: 0.00003) | Val MSE: 0.000225 (RMSE: 0.0150) [BEST]
2026-09-13 16:33:54,162 - INFO - Epoch [ 175/2000] LR: 0.000099 | Train Loss: 0.009595 (Data: 0.00958, Mono: 0.00003) | Val MSE: 0.000223 (RMSE: 0.0149) [BEST]
2026-09-13 16:33:54,355 - INFO - Epoch [ 180/2000] LR: 0.000099 | Train Loss: 0.009469 (Data: 0.00946, Mono: 0.00002) | Val MSE: 0.000225 (RMSE: 0.0150) 
2026-09-13 16:33:54,506 - INFO - Epoch [ 184/2000] LR: 0.000099 | Train Loss: 0.009207 (Data: 0.00920, Mono: 0.00003) | Val MSE: 0.000222 (RMSE: 0.0149) [BEST]
2026-09-13 16:33:54,554 - INFO - Epoch [ 185/2000] LR: 0.000099 | Train Loss: 0.009258 (Data: 0.00925, Mono: 0.00003) | Val MSE: 0.000220 (RMSE: 0.0148) [BEST]
2026-09-13 16:33:54,601 - INFO - Epoch [ 186/2000] LR: 0.000098 | Train Loss: 0.009468 (Data: 0.00946, Mono: 0.00003) | Val MSE: 0.000219 (RMSE: 0.0148) [BEST]
2026-09-13 16:33:54,765 - INFO - Epoch [ 190/2000] LR: 0.000098 | Train Loss: 0.009101 (Data: 0.00909, Mono: 0.00002) | Val MSE: 0.000219 (RMSE: 0.0148) [BEST]
2026-09-13 16:33:54,881 - INFO - Epoch [ 193/2000] LR: 0.000098 | Train Loss: 0.009366 (Data: 0.00936, Mono: 0.00002) | Val MSE: 0.000218 (RMSE: 0.0148) [BEST]
2026-09-13 16:33:55,035 - INFO - Epoch [ 197/2000] LR: 0.000098 | Train Loss: 0.009212 (Data: 0.00920, Mono: 0.00002) | Val MSE: 0.000215 (RMSE: 0.0147) [BEST]
2026-09-13 16:33:55,107 - INFO - Epoch [ 199/2000] LR: 0.000098 | Train Loss: 0.009161 (Data: 0.00915, Mono: 0.00002) | Val MSE: 0.000215 (RMSE: 0.0147) [BEST]
2026-09-13 16:33:55,158 - INFO - Epoch [ 200/2000] LR: 0.000098 | Train Loss: 0.009036 (Data: 0.00903, Mono: 0.00003) | Val MSE: 0.000215 (RMSE: 0.0147) [BEST]
2026-09-13 16:33:55,198 - INFO - Epoch [ 201/2000] LR: 0.000098 | Train Loss: 0.009289 (Data: 0.00928, Mono: 0.00003) | Val MSE: 0.000215 (RMSE: 0.0147) [BEST]
2026-09-13 16:33:55,241 - INFO - Epoch [ 202/2000] LR: 0.000098 | Train Loss: 0.008888 (Data: 0.00888, Mono: 0.00003) | Val MSE: 0.000214 (RMSE: 0.0146) [BEST]
2026-09-13 16:33:55,281 - INFO - Epoch [ 203/2000] LR: 0.000098 | Train Loss: 0.008852 (Data: 0.00884, Mono: 0.00003) | Val MSE: 0.000214 (RMSE: 0.0146) [BEST]
2026-09-13 16:33:55,326 - INFO - Epoch [ 204/2000] LR: 0.000098 | Train Loss: 0.008957 (Data: 0.00895, Mono: 0.00002) | Val MSE: 0.000212 (RMSE: 0.0146) [BEST]
2026-09-13 16:33:55,367 - INFO - Epoch [ 205/2000] LR: 0.000098 | Train Loss: 0.008994 (Data: 0.00898, Mono: 0.00003) | Val MSE: 0.000212 (RMSE: 0.0146) [BEST]
2026-09-13 16:33:55,557 - INFO - Epoch [ 210/2000] LR: 0.000098 | Train Loss: 0.008622 (Data: 0.00861, Mono: 0.00003) | Val MSE: 0.000219 (RMSE: 0.0148) 
2026-09-13 16:33:55,934 - INFO - Epoch [ 220/2000] LR: 0.000098 | Train Loss: 0.008449 (Data: 0.00844, Mono: 0.00002) | Val MSE: 0.000214 (RMSE: 0.0146) 
2026-09-13 16:33:56,170 - INFO - Epoch [ 226/2000] LR: 0.000098 | Train Loss: 0.008568 (Data: 0.00856, Mono: 0.00002) | Val MSE: 0.000211 (RMSE: 0.0145) [BEST]
2026-09-13 16:33:56,209 - INFO - Epoch [ 227/2000] LR: 0.000098 | Train Loss: 0.008322 (Data: 0.00831, Mono: 0.00002) | Val MSE: 0.000207 (RMSE: 0.0144) [BEST]
2026-09-13 16:33:56,254 - INFO - Epoch [ 228/2000] LR: 0.000098 | Train Loss: 0.008442 (Data: 0.00843, Mono: 0.00003) | Val MSE: 0.000206 (RMSE: 0.0144) [BEST]
2026-09-13 16:33:56,293 - INFO - Epoch [ 229/2000] LR: 0.000098 | Train Loss: 0.008396 (Data: 0.00839, Mono: 0.00002) | Val MSE: 0.000206 (RMSE: 0.0144) [BEST]
2026-09-13 16:33:56,335 - INFO - Epoch [ 230/2000] LR: 0.000098 | Train Loss: 0.008055 (Data: 0.00805, Mono: 0.00002) | Val MSE: 0.000207 (RMSE: 0.0144) 
2026-09-13 16:33:56,494 - INFO - Epoch [ 234/2000] LR: 0.000097 | Train Loss: 0.008003 (Data: 0.00799, Mono: 0.00002) | Val MSE: 0.000205 (RMSE: 0.0143) [BEST]
2026-09-13 16:33:56,534 - INFO - Epoch [ 235/2000] LR: 0.000097 | Train Loss: 0.008404 (Data: 0.00839, Mono: 0.00002) | Val MSE: 0.000205 (RMSE: 0.0143) [BEST]
2026-09-13 16:33:56,730 - INFO - Epoch [ 240/2000] LR: 0.000097 | Train Loss: 0.008105 (Data: 0.00810, Mono: 0.00002) | Val MSE: 0.000206 (RMSE: 0.0144) 
2026-09-13 16:33:56,777 - INFO - Epoch [ 241/2000] LR: 0.000097 | Train Loss: 0.008080 (Data: 0.00807, Mono: 0.00002) | Val MSE: 0.000204 (RMSE: 0.0143) [BEST]
2026-09-13 16:33:56,847 - INFO - Epoch [ 243/2000] LR: 0.000097 | Train Loss: 0.008003 (Data: 0.00799, Mono: 0.00002) | Val MSE: 0.000204 (RMSE: 0.0143) [BEST]
2026-09-13 16:33:56,890 - INFO - Epoch [ 244/2000] LR: 0.000097 | Train Loss: 0.008053 (Data: 0.00804, Mono: 0.00002) | Val MSE: 0.000203 (RMSE: 0.0143) [BEST]
2026-09-13 16:33:57,080 - INFO - Epoch [ 249/2000] LR: 0.000097 | Train Loss: 0.007929 (Data: 0.00792, Mono: 0.00002) | Val MSE: 0.000203 (RMSE: 0.0143) [BEST]
2026-09-13 16:33:57,118 - INFO - Epoch [ 250/2000] LR: 0.000097 | Train Loss: 0.007866 (Data: 0.00786, Mono: 0.00002) | Val MSE: 0.000203 (RMSE: 0.0142) [BEST]
2026-09-13 16:33:57,349 - INFO - Epoch [ 256/2000] LR: 0.000097 | Train Loss: 0.007654 (Data: 0.00764, Mono: 0.00002) | Val MSE: 0.000202 (RMSE: 0.0142) [BEST]
2026-09-13 16:33:57,387 - INFO - Epoch [ 257/2000] LR: 0.000097 | Train Loss: 0.007873 (Data: 0.00786, Mono: 0.00002) | Val MSE: 0.000202 (RMSE: 0.0142) [BEST]
2026-09-13 16:33:57,424 - INFO - Epoch [ 258/2000] LR: 0.000097 | Train Loss: 0.007645 (Data: 0.00764, Mono: 0.00002) | Val MSE: 0.000200 (RMSE: 0.0142) [BEST]
2026-09-13 16:33:57,460 - INFO - Epoch [ 259/2000] LR: 0.000097 | Train Loss: 0.007904 (Data: 0.00789, Mono: 0.00002) | Val MSE: 0.000199 (RMSE: 0.0141) [BEST]
2026-09-13 16:33:57,502 - INFO - Epoch [ 260/2000] LR: 0.000097 | Train Loss: 0.007650 (Data: 0.00764, Mono: 0.00002) | Val MSE: 0.000198 (RMSE: 0.0141) [BEST]
2026-09-13 16:33:57,540 - INFO - Epoch [ 261/2000] LR: 0.000097 | Train Loss: 0.007694 (Data: 0.00768, Mono: 0.00002) | Val MSE: 0.000197 (RMSE: 0.0140) [BEST]
2026-09-13 16:33:57,855 - INFO - Epoch [ 270/2000] LR: 0.000096 | Train Loss: 0.007811 (Data: 0.00780, Mono: 0.00002) | Val MSE: 0.000198 (RMSE: 0.0141) 
2026-09-13 16:33:57,892 - INFO - Epoch [ 271/2000] LR: 0.000096 | Train Loss: 0.007499 (Data: 0.00749, Mono: 0.00002) | Val MSE: 0.000197 (RMSE: 0.0140) [BEST]
2026-09-13 16:33:57,932 - INFO - Epoch [ 272/2000] LR: 0.000096 | Train Loss: 0.007288 (Data: 0.00728, Mono: 0.00002) | Val MSE: 0.000196 (RMSE: 0.0140) [BEST]
2026-09-13 16:33:57,972 - INFO - Epoch [ 273/2000] LR: 0.000096 | Train Loss: 0.007726 (Data: 0.00772, Mono: 0.00002) | Val MSE: 0.000196 (RMSE: 0.0140) [BEST]
2026-09-13 16:33:58,010 - INFO - Epoch [ 274/2000] LR: 0.000096 | Train Loss: 0.007315 (Data: 0.00731, Mono: 0.00002) | Val MSE: 0.000195 (RMSE: 0.0140) [BEST]
2026-09-13 16:33:58,050 - INFO - Epoch [ 275/2000] LR: 0.000096 | Train Loss: 0.007361 (Data: 0.00735, Mono: 0.00002) | Val MSE: 0.000194 (RMSE: 0.0139) [BEST]
2026-09-13 16:33:58,090 - INFO - Epoch [ 276/2000] LR: 0.000096 | Train Loss: 0.007290 (Data: 0.00728, Mono: 0.00002) | Val MSE: 0.000193 (RMSE: 0.0139) [BEST]
2026-09-13 16:33:58,195 - INFO - Epoch [ 279/2000] LR: 0.000096 | Train Loss: 0.007278 (Data: 0.00727, Mono: 0.00002) | Val MSE: 0.000192 (RMSE: 0.0138) [BEST]
2026-09-13 16:33:58,235 - INFO - Epoch [ 280/2000] LR: 0.000096 | Train Loss: 0.007407 (Data: 0.00740, Mono: 0.00002) | Val MSE: 0.000192 (RMSE: 0.0139) 
2026-09-13 16:33:58,555 - INFO - Epoch [ 289/2000] LR: 0.000096 | Train Loss: 0.007296 (Data: 0.00729, Mono: 0.00002) | Val MSE: 0.000192 (RMSE: 0.0138) [BEST]
2026-09-13 16:33:58,593 - INFO - Epoch [ 290/2000] LR: 0.000096 | Train Loss: 0.007295 (Data: 0.00729, Mono: 0.00002) | Val MSE: 0.000191 (RMSE: 0.0138) [BEST]
2026-09-13 16:33:58,945 - INFO - Epoch [ 300/2000] LR: 0.000096 | Train Loss: 0.007025 (Data: 0.00702, Mono: 0.00002) | Val MSE: 0.000194 (RMSE: 0.0139) 
2026-09-13 16:33:59,315 - INFO - Epoch [ 310/2000] LR: 0.000095 | Train Loss: 0.006850 (Data: 0.00684, Mono: 0.00002) | Val MSE: 0.000189 (RMSE: 0.0137) [BEST]
2026-09-13 16:33:59,421 - INFO - Epoch [ 313/2000] LR: 0.000095 | Train Loss: 0.007001 (Data: 0.00699, Mono: 0.00002) | Val MSE: 0.000187 (RMSE: 0.0137) [BEST]
2026-09-13 16:33:59,464 - INFO - Epoch [ 314/2000] LR: 0.000095 | Train Loss: 0.006800 (Data: 0.00679, Mono: 0.00002) | Val MSE: 0.000186 (RMSE: 0.0136) [BEST]
2026-09-13 16:33:59,501 - INFO - Epoch [ 315/2000] LR: 0.000095 | Train Loss: 0.006871 (Data: 0.00686, Mono: 0.00002) | Val MSE: 0.000185 (RMSE: 0.0136) [BEST]
2026-09-13 16:33:59,679 - INFO - Epoch [ 320/2000] LR: 0.000095 | Train Loss: 0.006891 (Data: 0.00688, Mono: 0.00002) | Val MSE: 0.000185 (RMSE: 0.0136) 
2026-09-13 16:33:59,827 - INFO - Epoch [ 324/2000] LR: 0.000095 | Train Loss: 0.006758 (Data: 0.00675, Mono: 0.00002) | Val MSE: 0.000183 (RMSE: 0.0135) [BEST]
2026-09-13 16:33:59,866 - INFO - Epoch [ 325/2000] LR: 0.000095 | Train Loss: 0.006583 (Data: 0.00657, Mono: 0.00002) | Val MSE: 0.000182 (RMSE: 0.0135) [BEST]
2026-09-13 16:34:00,043 - INFO - Epoch [ 330/2000] LR: 0.000094 | Train Loss: 0.006719 (Data: 0.00671, Mono: 0.00002) | Val MSE: 0.000184 (RMSE: 0.0135) 
2026-09-13 16:34:00,406 - INFO - Epoch [ 340/2000] LR: 0.000094 | Train Loss: 0.006383 (Data: 0.00637, Mono: 0.00002) | Val MSE: 0.000183 (RMSE: 0.0135) 
2026-09-13 16:34:00,445 - INFO - Epoch [ 341/2000] LR: 0.000094 | Train Loss: 0.006388 (Data: 0.00638, Mono: 0.00002) | Val MSE: 0.000179 (RMSE: 0.0134) [BEST]
2026-09-13 16:34:00,483 - INFO - Epoch [ 342/2000] LR: 0.000094 | Train Loss: 0.006421 (Data: 0.00641, Mono: 0.00002) | Val MSE: 0.000179 (RMSE: 0.0134) [BEST]
2026-09-13 16:34:00,607 - INFO - Epoch [ 345/2000] LR: 0.000094 | Train Loss: 0.006300 (Data: 0.00629, Mono: 0.00002) | Val MSE: 0.000178 (RMSE: 0.0134) [BEST]
2026-09-13 16:34:00,646 - INFO - Epoch [ 346/2000] LR: 0.000094 | Train Loss: 0.006206 (Data: 0.00620, Mono: 0.00002) | Val MSE: 0.000178 (RMSE: 0.0133) [BEST]
2026-09-13 16:34:00,686 - INFO - Epoch [ 347/2000] LR: 0.000094 | Train Loss: 0.006229 (Data: 0.00622, Mono: 0.00002) | Val MSE: 0.000177 (RMSE: 0.0133) [BEST]
2026-09-13 16:34:00,794 - INFO - Epoch [ 350/2000] LR: 0.000094 | Train Loss: 0.006264 (Data: 0.00626, Mono: 0.00002) | Val MSE: 0.000183 (RMSE: 0.0135) 
2026-09-13 16:34:01,154 - INFO - Epoch [ 360/2000] LR: 0.000093 | Train Loss: 0.006177 (Data: 0.00617, Mono: 0.00002) | Val MSE: 0.000182 (RMSE: 0.0135) 
2026-09-13 16:34:01,192 - INFO - Epoch [ 361/2000] LR: 0.000093 | Train Loss: 0.006051 (Data: 0.00604, Mono: 0.00002) | Val MSE: 0.000175 (RMSE: 0.0132) [BEST]
2026-09-13 16:34:01,229 - INFO - Epoch [ 362/2000] LR: 0.000093 | Train Loss: 0.006085 (Data: 0.00608, Mono: 0.00002) | Val MSE: 0.000175 (RMSE: 0.0132) [BEST]
2026-09-13 16:34:01,304 - INFO - Epoch [ 364/2000] LR: 0.000093 | Train Loss: 0.006228 (Data: 0.00622, Mono: 0.00002) | Val MSE: 0.000174 (RMSE: 0.0132) [BEST]
2026-09-13 16:34:01,345 - INFO - Epoch [ 365/2000] LR: 0.000093 | Train Loss: 0.006131 (Data: 0.00612, Mono: 0.00002) | Val MSE: 0.000173 (RMSE: 0.0132) [BEST]
2026-09-13 16:34:01,524 - INFO - Epoch [ 370/2000] LR: 0.000093 | Train Loss: 0.005948 (Data: 0.00594, Mono: 0.00002) | Val MSE: 0.000175 (RMSE: 0.0132) 
2026-09-13 16:34:01,897 - INFO - Epoch [ 380/2000] LR: 0.000093 | Train Loss: 0.005846 (Data: 0.00584, Mono: 0.00002) | Val MSE: 0.000177 (RMSE: 0.0133) 
2026-09-13 16:34:02,108 - INFO - Epoch [ 386/2000] LR: 0.000092 | Train Loss: 0.005794 (Data: 0.00578, Mono: 0.00002) | Val MSE: 0.000173 (RMSE: 0.0131) [BEST]
2026-09-13 16:34:02,151 - INFO - Epoch [ 387/2000] LR: 0.000092 | Train Loss: 0.005803 (Data: 0.00580, Mono: 0.00002) | Val MSE: 0.000171 (RMSE: 0.0131) [BEST]
2026-09-13 16:34:02,189 - INFO - Epoch [ 388/2000] LR: 0.000092 | Train Loss: 0.005731 (Data: 0.00572, Mono: 0.00002) | Val MSE: 0.000170 (RMSE: 0.0130) [BEST]
2026-09-13 16:34:02,264 - INFO - Epoch [ 390/2000] LR: 0.000092 | Train Loss: 0.005857 (Data: 0.00585, Mono: 0.00002) | Val MSE: 0.000173 (RMSE: 0.0131) 
2026-09-13 16:34:02,620 - INFO - Epoch [ 400/2000] LR: 0.000092 | Train Loss: 0.005490 (Data: 0.00548, Mono: 0.00002) | Val MSE: 0.000178 (RMSE: 0.0133) 
2026-09-13 16:34:02,934 - INFO - Epoch [ 409/2000] LR: 0.000091 | Train Loss: 0.005273 (Data: 0.00527, Mono: 0.00002) | Val MSE: 0.000170 (RMSE: 0.0130) [BEST]
2026-09-13 16:34:02,973 - INFO - Epoch [ 410/2000] LR: 0.000091 | Train Loss: 0.005652 (Data: 0.00564, Mono: 0.00002) | Val MSE: 0.000169 (RMSE: 0.0130) [BEST]
2026-09-13 16:34:03,013 - INFO - Epoch [ 411/2000] LR: 0.000091 | Train Loss: 0.005589 (Data: 0.00558, Mono: 0.00002) | Val MSE: 0.000168 (RMSE: 0.0130) [BEST]
2026-09-13 16:34:03,158 - INFO - Epoch [ 415/2000] LR: 0.000091 | Train Loss: 0.005569 (Data: 0.00556, Mono: 0.00002) | Val MSE: 0.000166 (RMSE: 0.0129) [BEST]
2026-09-13 16:34:03,337 - INFO - Epoch [ 420/2000] LR: 0.000091 | Train Loss: 0.005387 (Data: 0.00538, Mono: 0.00002) | Val MSE: 0.000172 (RMSE: 0.0131) 
2026-09-13 16:34:03,667 - INFO - Epoch [ 429/2000] LR: 0.000090 | Train Loss: 0.005284 (Data: 0.00528, Mono: 0.00002) | Val MSE: 0.000166 (RMSE: 0.0129) [BEST]
2026-09-13 16:34:03,709 - INFO - Epoch [ 430/2000] LR: 0.000090 | Train Loss: 0.005153 (Data: 0.00515, Mono: 0.00002) | Val MSE: 0.000168 (RMSE: 0.0130) 
2026-09-13 16:34:03,892 - INFO - Epoch [ 435/2000] LR: 0.000090 | Train Loss: 0.005428 (Data: 0.00542, Mono: 0.00002) | Val MSE: 0.000165 (RMSE: 0.0128) [BEST]
2026-09-13 16:34:03,966 - INFO - Epoch [ 437/2000] LR: 0.000090 | Train Loss: 0.005196 (Data: 0.00519, Mono: 0.00002) | Val MSE: 0.000164 (RMSE: 0.0128) [BEST]
2026-09-13 16:34:04,009 - INFO - Epoch [ 438/2000] LR: 0.000090 | Train Loss: 0.005156 (Data: 0.00515, Mono: 0.00002) | Val MSE: 0.000162 (RMSE: 0.0127) [BEST]
2026-09-13 16:34:04,101 - INFO - Epoch [ 440/2000] LR: 0.000090 | Train Loss: 0.005077 (Data: 0.00507, Mono: 0.00002) | Val MSE: 0.000162 (RMSE: 0.0127) [BEST]
2026-09-13 16:34:04,142 - INFO - Epoch [ 441/2000] LR: 0.000090 | Train Loss: 0.005385 (Data: 0.00538, Mono: 0.00002) | Val MSE: 0.000160 (RMSE: 0.0127) [BEST]
2026-09-13 16:34:04,474 - INFO - Epoch [ 450/2000] LR: 0.000089 | Train Loss: 0.005029 (Data: 0.00502, Mono: 0.00002) | Val MSE: 0.000163 (RMSE: 0.0128) 
2026-09-13 16:34:04,559 - INFO - Epoch [ 452/2000] LR: 0.000089 | Train Loss: 0.005130 (Data: 0.00512, Mono: 0.00002) | Val MSE: 0.000158 (RMSE: 0.0126) [BEST]
2026-09-13 16:34:04,600 - INFO - Epoch [ 453/2000] LR: 0.000089 | Train Loss: 0.005205 (Data: 0.00520, Mono: 0.00002) | Val MSE: 0.000158 (RMSE: 0.0126) [BEST]
2026-09-13 16:34:04,645 - INFO - Epoch [ 454/2000] LR: 0.000089 | Train Loss: 0.005053 (Data: 0.00505, Mono: 0.00002) | Val MSE: 0.000157 (RMSE: 0.0125) [BEST]
2026-09-13 16:34:04,858 - INFO - Epoch [ 460/2000] LR: 0.000089 | Train Loss: 0.004950 (Data: 0.00494, Mono: 0.00002) | Val MSE: 0.000165 (RMSE: 0.0128) 
2026-09-13 16:34:05,226 - INFO - Epoch [ 470/2000] LR: 0.000088 | Train Loss: 0.004852 (Data: 0.00484, Mono: 0.00002) | Val MSE: 0.000164 (RMSE: 0.0128) 
2026-09-13 16:34:05,593 - INFO - Epoch [ 480/2000] LR: 0.000088 | Train Loss: 0.004861 (Data: 0.00485, Mono: 0.00002) | Val MSE: 0.000162 (RMSE: 0.0127) 
2026-09-13 16:34:05,979 - INFO - Epoch [ 490/2000] LR: 0.000087 | Train Loss: 0.004757 (Data: 0.00475, Mono: 0.00002) | Val MSE: 0.000161 (RMSE: 0.0127) 
2026-09-13 16:34:06,349 - INFO - Epoch [ 500/2000] LR: 0.000087 | Train Loss: 0.004706 (Data: 0.00470, Mono: 0.00002) | Val MSE: 0.000161 (RMSE: 0.0127) 
2026-09-13 16:34:06,701 - INFO - Epoch [ 510/2000] LR: 0.000086 | Train Loss: 0.004620 (Data: 0.00461, Mono: 0.00002) | Val MSE: 0.000165 (RMSE: 0.0128) 
2026-09-13 16:34:06,957 - INFO - Epoch [ 517/2000] LR: 0.000086 | Train Loss: 0.004563 (Data: 0.00456, Mono: 0.00002) | Val MSE: 0.000157 (RMSE: 0.0125) [BEST]
2026-09-13 16:34:06,997 - INFO - Epoch [ 518/2000] LR: 0.000086 | Train Loss: 0.004539 (Data: 0.00453, Mono: 0.00002) | Val MSE: 0.000156 (RMSE: 0.0125) [BEST]
2026-09-13 16:34:07,071 - INFO - Epoch [ 520/2000] LR: 0.000086 | Train Loss: 0.004497 (Data: 0.00449, Mono: 0.00002) | Val MSE: 0.000159 (RMSE: 0.0126) 
2026-09-13 16:34:07,432 - INFO - Epoch [ 530/2000] LR: 0.000085 | Train Loss: 0.004468 (Data: 0.00446, Mono: 0.00002) | Val MSE: 0.000162 (RMSE: 0.0127) 
2026-09-13 16:34:07,537 - INFO - Epoch [ 533/2000] LR: 0.000085 | Train Loss: 0.004352 (Data: 0.00435, Mono: 0.00002) | Val MSE: 0.000154 (RMSE: 0.0124) [BEST]
2026-09-13 16:34:07,582 - INFO - Epoch [ 534/2000] LR: 0.000085 | Train Loss: 0.004340 (Data: 0.00433, Mono: 0.00002) | Val MSE: 0.000153 (RMSE: 0.0124) [BEST]
2026-09-13 16:34:07,651 - INFO - Epoch [ 536/2000] LR: 0.000085 | Train Loss: 0.004515 (Data: 0.00451, Mono: 0.00002) | Val MSE: 0.000152 (RMSE: 0.0123) [BEST]
2026-09-13 16:34:07,823 - INFO - Epoch [ 540/2000] LR: 0.000085 | Train Loss: 0.004257 (Data: 0.00425, Mono: 0.00002) | Val MSE: 0.000157 (RMSE: 0.0125) 
2026-09-13 16:34:08,071 - INFO - Epoch [ 547/2000] LR: 0.000084 | Train Loss: 0.004420 (Data: 0.00441, Mono: 0.00002) | Val MSE: 0.000152 (RMSE: 0.0123) [BEST]
2026-09-13 16:34:08,114 - INFO - Epoch [ 548/2000] LR: 0.000084 | Train Loss: 0.004245 (Data: 0.00424, Mono: 0.00002) | Val MSE: 0.000152 (RMSE: 0.0123) [BEST]
2026-09-13 16:34:08,186 - INFO - Epoch [ 550/2000] LR: 0.000084 | Train Loss: 0.004285 (Data: 0.00428, Mono: 0.00002) | Val MSE: 0.000155 (RMSE: 0.0124) 
2026-09-13 16:34:08,548 - INFO - Epoch [ 560/2000] LR: 0.000083 | Train Loss: 0.004403 (Data: 0.00440, Mono: 0.00002) | Val MSE: 0.000156 (RMSE: 0.0125) 
2026-09-13 16:34:08,760 - INFO - Epoch [ 566/2000] LR: 0.000083 | Train Loss: 0.004137 (Data: 0.00413, Mono: 0.00002) | Val MSE: 0.000150 (RMSE: 0.0122) [BEST]
2026-09-13 16:34:08,913 - INFO - Epoch [ 570/2000] LR: 0.000083 | Train Loss: 0.004215 (Data: 0.00421, Mono: 0.00002) | Val MSE: 0.000153 (RMSE: 0.0124) 
2026-09-13 16:34:09,269 - INFO - Epoch [ 580/2000] LR: 0.000082 | Train Loss: 0.003983 (Data: 0.00398, Mono: 0.00002) | Val MSE: 0.000158 (RMSE: 0.0126) 
2026-09-13 16:34:09,620 - INFO - Epoch [ 590/2000] LR: 0.000082 | Train Loss: 0.004046 (Data: 0.00404, Mono: 0.00002) | Val MSE: 0.000152 (RMSE: 0.0123) 
2026-09-13 16:34:09,988 - INFO - Epoch [ 600/2000] LR: 0.000081 | Train Loss: 0.004018 (Data: 0.00401, Mono: 0.00002) | Val MSE: 0.000152 (RMSE: 0.0123) 
2026-09-13 16:34:10,340 - INFO - Epoch [ 610/2000] LR: 0.000080 | Train Loss: 0.003895 (Data: 0.00389, Mono: 0.00002) | Val MSE: 0.000158 (RMSE: 0.0126) 
2026-09-13 16:34:10,700 - INFO - Epoch [ 620/2000] LR: 0.000080 | Train Loss: 0.003897 (Data: 0.00389, Mono: 0.00002) | Val MSE: 0.000156 (RMSE: 0.0125) 
2026-09-13 16:34:11,078 - INFO - Epoch [ 630/2000] LR: 0.000079 | Train Loss: 0.003846 (Data: 0.00384, Mono: 0.00002) | Val MSE: 0.000151 (RMSE: 0.0123) 
2026-09-13 16:34:11,154 - INFO - Epoch [ 632/2000] LR: 0.000079 | Train Loss: 0.003813 (Data: 0.00381, Mono: 0.00002) | Val MSE: 0.000150 (RMSE: 0.0122) [BEST]
2026-09-13 16:34:11,442 - INFO - Epoch [ 640/2000] LR: 0.000078 | Train Loss: 0.003799 (Data: 0.00379, Mono: 0.00002) | Val MSE: 0.000158 (RMSE: 0.0126) 
2026-09-13 16:34:11,798 - INFO - Epoch [ 650/2000] LR: 0.000078 | Train Loss: 0.003891 (Data: 0.00388, Mono: 0.00002) | Val MSE: 0.000156 (RMSE: 0.0125) 
2026-09-13 16:34:12,156 - INFO - Epoch [ 660/2000] LR: 0.000077 | Train Loss: 0.003615 (Data: 0.00361, Mono: 0.00002) | Val MSE: 0.000154 (RMSE: 0.0124) 
2026-09-13 16:34:12,528 - INFO - Epoch [ 670/2000] LR: 0.000077 | Train Loss: 0.003588 (Data: 0.00358, Mono: 0.00002) | Val MSE: 0.000159 (RMSE: 0.0126) 
2026-09-13 16:34:12,876 - INFO - Epoch [ 680/2000] LR: 0.000076 | Train Loss: 0.003575 (Data: 0.00357, Mono: 0.00002) | Val MSE: 0.000160 (RMSE: 0.0126) 
2026-09-13 16:34:13,146 - INFO - Epoch [ 687/2000] LR: 0.000075 | Train Loss: 0.003491 (Data: 0.00348, Mono: 0.00002) | Val MSE: 0.000146 (RMSE: 0.0121) [BEST]
2026-09-13 16:34:13,187 - INFO - Epoch [ 688/2000] LR: 0.000075 | Train Loss: 0.003597 (Data: 0.00359, Mono: 0.00002) | Val MSE: 0.000145 (RMSE: 0.0120) [BEST]
2026-09-13 16:34:13,226 - INFO - Epoch [ 689/2000] LR: 0.000075 | Train Loss: 0.003486 (Data: 0.00348, Mono: 0.00002) | Val MSE: 0.000144 (RMSE: 0.0120) [BEST]
2026-09-13 16:34:13,265 - INFO - Epoch [ 690/2000] LR: 0.000075 | Train Loss: 0.003598 (Data: 0.00359, Mono: 0.00002) | Val MSE: 0.000143 (RMSE: 0.0120) [BEST]
2026-09-13 16:34:13,307 - INFO - Epoch [ 691/2000] LR: 0.000075 | Train Loss: 0.003647 (Data: 0.00364, Mono: 0.00002) | Val MSE: 0.000143 (RMSE: 0.0120) [BEST]
2026-09-13 16:34:13,622 - INFO - Epoch [ 700/2000] LR: 0.000074 | Train Loss: 0.003542 (Data: 0.00354, Mono: 0.00002) | Val MSE: 0.000155 (RMSE: 0.0125) 
2026-09-13 16:34:13,977 - INFO - Epoch [ 710/2000] LR: 0.000074 | Train Loss: 0.003341 (Data: 0.00334, Mono: 0.00002) | Val MSE: 0.000151 (RMSE: 0.0123) 
2026-09-13 16:34:14,331 - INFO - Epoch [ 720/2000] LR: 0.000073 | Train Loss: 0.003458 (Data: 0.00345, Mono: 0.00002) | Val MSE: 0.000152 (RMSE: 0.0123) 
2026-09-13 16:34:14,678 - INFO - Epoch [ 730/2000] LR: 0.000072 | Train Loss: 0.003335 (Data: 0.00333, Mono: 0.00002) | Val MSE: 0.000159 (RMSE: 0.0126) 
2026-09-13 16:34:15,049 - INFO - Epoch [ 740/2000] LR: 0.000072 | Train Loss: 0.003359 (Data: 0.00335, Mono: 0.00002) | Val MSE: 0.000151 (RMSE: 0.0123) 
2026-09-13 16:34:15,393 - INFO - Epoch [ 750/2000] LR: 0.000071 | Train Loss: 0.003405 (Data: 0.00340, Mono: 0.00002) | Val MSE: 0.000152 (RMSE: 0.0123) 
2026-09-13 16:34:15,768 - INFO - Epoch [ 760/2000] LR: 0.000070 | Train Loss: 0.003320 (Data: 0.00331, Mono: 0.00002) | Val MSE: 0.000156 (RMSE: 0.0125) 
2026-09-13 16:34:16,143 - INFO - Epoch [ 770/2000] LR: 0.000070 | Train Loss: 0.003320 (Data: 0.00331, Mono: 0.00001) | Val MSE: 0.000153 (RMSE: 0.0124) 
2026-09-13 16:34:16,510 - INFO - Epoch [ 780/2000] LR: 0.000069 | Train Loss: 0.003239 (Data: 0.00323, Mono: 0.00002) | Val MSE: 0.000151 (RMSE: 0.0123) 
2026-09-13 16:34:16,874 - INFO - Epoch [ 790/2000] LR: 0.000068 | Train Loss: 0.003239 (Data: 0.00323, Mono: 0.00001) | Val MSE: 0.000162 (RMSE: 0.0127) 
2026-09-13 16:34:17,222 - INFO - Epoch [ 800/2000] LR: 0.000067 | Train Loss: 0.003247 (Data: 0.00324, Mono: 0.00002) | Val MSE: 0.000160 (RMSE: 0.0126) 
2026-09-13 16:34:17,587 - INFO - Epoch [ 810/2000] LR: 0.000067 | Train Loss: 0.003177 (Data: 0.00317, Mono: 0.00002) | Val MSE: 0.000149 (RMSE: 0.0122) 
2026-09-13 16:34:17,947 - INFO - Epoch [ 820/2000] LR: 0.000066 | Train Loss: 0.003117 (Data: 0.00311, Mono: 0.00001) | Val MSE: 0.000163 (RMSE: 0.0128) 
2026-09-13 16:34:18,336 - INFO - Epoch [ 830/2000] LR: 0.000065 | Train Loss: 0.003112 (Data: 0.00311, Mono: 0.00001) | Val MSE: 0.000152 (RMSE: 0.0123) 
2026-09-13 16:34:18,698 - INFO - Epoch [ 840/2000] LR: 0.000064 | Train Loss: 0.003097 (Data: 0.00309, Mono: 0.00001) | Val MSE: 0.000155 (RMSE: 0.0124) 
2026-09-13 16:34:19,064 - INFO - Epoch [ 850/2000] LR: 0.000064 | Train Loss: 0.003064 (Data: 0.00306, Mono: 0.00002) | Val MSE: 0.000145 (RMSE: 0.0120) 
2026-09-13 16:34:19,443 - INFO - Epoch [ 860/2000] LR: 0.000063 | Train Loss: 0.003061 (Data: 0.00306, Mono: 0.00002) | Val MSE: 0.000166 (RMSE: 0.0129) 
2026-09-13 16:34:19,798 - INFO - Epoch [ 870/2000] LR: 0.000062 | Train Loss: 0.003076 (Data: 0.00307, Mono: 0.00001) | Val MSE: 0.000153 (RMSE: 0.0124) 
2026-09-13 16:34:20,166 - INFO - Epoch [ 880/2000] LR: 0.000061 | Train Loss: 0.002983 (Data: 0.00298, Mono: 0.00001) | Val MSE: 0.000152 (RMSE: 0.0123) 
2026-09-13 16:34:20,533 - INFO - Epoch [ 890/2000] LR: 0.000061 | Train Loss: 0.002912 (Data: 0.00291, Mono: 0.00001) | Val MSE: 0.000152 (RMSE: 0.0123) 
2026-09-13 16:34:20,895 - INFO - Epoch [ 900/2000] LR: 0.000060 | Train Loss: 0.002846 (Data: 0.00284, Mono: 0.00001) | Val MSE: 0.000148 (RMSE: 0.0122) 
2026-09-13 16:34:21,268 - INFO - Epoch [ 910/2000] LR: 0.000059 | Train Loss: 0.002900 (Data: 0.00289, Mono: 0.00001) | Val MSE: 0.000155 (RMSE: 0.0124) 
2026-09-13 16:34:21,642 - INFO - Epoch [ 920/2000] LR: 0.000058 | Train Loss: 0.002871 (Data: 0.00287, Mono: 0.00001) | Val MSE: 0.000154 (RMSE: 0.0124) 
2026-09-13 16:34:22,023 - INFO - Epoch [ 930/2000] LR: 0.000057 | Train Loss: 0.002928 (Data: 0.00292, Mono: 0.00001) | Val MSE: 0.000149 (RMSE: 0.0122) 
2026-09-13 16:34:22,413 - INFO - Epoch [ 940/2000] LR: 0.000057 | Train Loss: 0.002814 (Data: 0.00281, Mono: 0.00001) | Val MSE: 0.000151 (RMSE: 0.0123) 
2026-09-13 16:34:22,776 - INFO - Epoch [ 950/2000] LR: 0.000056 | Train Loss: 0.002848 (Data: 0.00284, Mono: 0.00001) | Val MSE: 0.000152 (RMSE: 0.0123) 
2026-09-13 16:34:23,150 - INFO - Epoch [ 960/2000] LR: 0.000055 | Train Loss: 0.002762 (Data: 0.00276, Mono: 0.00002) | Val MSE: 0.000152 (RMSE: 0.0123) 
2026-09-13 16:34:23,506 - INFO - Epoch [ 970/2000] LR: 0.000054 | Train Loss: 0.002891 (Data: 0.00289, Mono: 0.00001) | Val MSE: 0.000151 (RMSE: 0.0123) 
2026-09-13 16:34:23,871 - INFO - Epoch [ 980/2000] LR: 0.000054 | Train Loss: 0.002774 (Data: 0.00277, Mono: 0.00001) | Val MSE: 0.000162 (RMSE: 0.0127) 
2026-09-13 16:34:24,226 - INFO - Epoch [ 990/2000] LR: 0.000053 | Train Loss: 0.002812 (Data: 0.00281, Mono: 0.00001) | Val MSE: 0.000178 (RMSE: 0.0133) 
2026-09-13 16:34:24,581 - INFO - Epoch [1000/2000] LR: 0.000052 | Train Loss: 0.002764 (Data: 0.00276, Mono: 0.00001) | Val MSE: 0.000161 (RMSE: 0.0127) 
2026-09-13 16:34:24,936 - INFO - Epoch [1010/2000] LR: 0.000051 | Train Loss: 0.002698 (Data: 0.00269, Mono: 0.00001) | Val MSE: 0.000157 (RMSE: 0.0125) 
2026-09-13 16:34:25,290 - INFO - Epoch [1020/2000] LR: 0.000050 | Train Loss: 0.002599 (Data: 0.00259, Mono: 0.00002) | Val MSE: 0.000156 (RMSE: 0.0125) 
2026-09-13 16:34:25,653 - INFO - Epoch [1030/2000] LR: 0.000050 | Train Loss: 0.002605 (Data: 0.00260, Mono: 0.00001) | Val MSE: 0.000154 (RMSE: 0.0124) 
2026-09-13 16:34:26,028 - INFO - Epoch [1040/2000] LR: 0.000049 | Train Loss: 0.002696 (Data: 0.00269, Mono: 0.00001) | Val MSE: 0.000156 (RMSE: 0.0125) 
2026-09-13 16:34:26,406 - INFO - Epoch [1050/2000] LR: 0.000048 | Train Loss: 0.002632 (Data: 0.00263, Mono: 0.00001) | Val MSE: 0.000154 (RMSE: 0.0124) 
2026-09-13 16:34:26,805 - INFO - Epoch [1060/2000] LR: 0.000047 | Train Loss: 0.002634 (Data: 0.00263, Mono: 0.00001) | Val MSE: 0.000159 (RMSE: 0.0126) 
2026-09-13 16:34:27,185 - INFO - Epoch [1070/2000] LR: 0.000046 | Train Loss: 0.002676 (Data: 0.00267, Mono: 0.00001) | Val MSE: 0.000164 (RMSE: 0.0128) 
2026-09-13 16:34:27,564 - INFO - Epoch [1080/2000] LR: 0.000046 | Train Loss: 0.002591 (Data: 0.00259, Mono: 0.00001) | Val MSE: 0.000158 (RMSE: 0.0126) 
2026-09-13 16:34:27,941 - INFO - Epoch [1090/2000] LR: 0.000045 | Train Loss: 0.002578 (Data: 0.00257, Mono: 0.00001) | Val MSE: 0.000164 (RMSE: 0.0128) 
2026-09-13 16:34:28,353 - INFO - Epoch [1100/2000] LR: 0.000044 | Train Loss: 0.002617 (Data: 0.00261, Mono: 0.00001) | Val MSE: 0.000168 (RMSE: 0.0129) 
2026-09-13 16:34:28,755 - INFO - Epoch [1110/2000] LR: 0.000043 | Train Loss: 0.002542 (Data: 0.00254, Mono: 0.00001) | Val MSE: 0.000154 (RMSE: 0.0124) 
2026-09-13 16:34:29,149 - INFO - Epoch [1120/2000] LR: 0.000043 | Train Loss: 0.002492 (Data: 0.00249, Mono: 0.00001) | Val MSE: 0.000156 (RMSE: 0.0125) 
2026-09-13 16:34:29,723 - INFO - Epoch [1130/2000] LR: 0.000042 | Train Loss: 0.002528 (Data: 0.00252, Mono: 0.00001) | Val MSE: 0.000159 (RMSE: 0.0126) 
2026-09-13 16:34:30,110 - INFO - Epoch [1140/2000] LR: 0.000041 | Train Loss: 0.002597 (Data: 0.00259, Mono: 0.00001) | Val MSE: 0.000156 (RMSE: 0.0125) 
2026-09-13 16:34:30,600 - INFO - Epoch [1150/2000] LR: 0.000040 | Train Loss: 0.002601 (Data: 0.00260, Mono: 0.00001) | Val MSE: 0.000171 (RMSE: 0.0131) 
2026-09-13 16:34:31,188 - INFO - Epoch [1160/2000] LR: 0.000040 | Train Loss: 0.002529 (Data: 0.00252, Mono: 0.00001) | Val MSE: 0.000155 (RMSE: 0.0125) 
2026-09-13 16:34:31,571 - INFO - Epoch [1170/2000] LR: 0.000039 | Train Loss: 0.002481 (Data: 0.00248, Mono: 0.00001) | Val MSE: 0.000167 (RMSE: 0.0129) 
2026-09-13 16:34:32,013 - INFO - Epoch [1180/2000] LR: 0.000038 | Train Loss: 0.002504 (Data: 0.00250, Mono: 0.00001) | Val MSE: 0.000175 (RMSE: 0.0132) 
2026-09-13 16:34:32,437 - INFO - Epoch [1190/2000] LR: 0.000037 | Train Loss: 0.002508 (Data: 0.00250, Mono: 0.00001) | Val MSE: 0.000173 (RMSE: 0.0131) 
2026-09-13 16:34:32,815 - INFO - Epoch [1200/2000] LR: 0.000036 | Train Loss: 0.002456 (Data: 0.00245, Mono: 0.00001) | Val MSE: 0.000161 (RMSE: 0.0127) 
2026-09-13 16:34:33,179 - INFO - Epoch [1210/2000] LR: 0.000036 | Train Loss: 0.002454 (Data: 0.00245, Mono: 0.00001) | Val MSE: 0.000164 (RMSE: 0.0128) 
2026-09-13 16:34:33,553 - INFO - Epoch [1220/2000] LR: 0.000035 | Train Loss: 0.002471 (Data: 0.00247, Mono: 0.00001) | Val MSE: 0.000165 (RMSE: 0.0128) 
2026-09-13 16:34:33,939 - INFO - Epoch [1230/2000] LR: 0.000034 | Train Loss: 0.002456 (Data: 0.00245, Mono: 0.00001) | Val MSE: 0.000160 (RMSE: 0.0126) 
2026-09-13 16:34:34,328 - INFO - Epoch [1240/2000] LR: 0.000034 | Train Loss: 0.002421 (Data: 0.00242, Mono: 0.00001) | Val MSE: 0.000161 (RMSE: 0.0127) 
2026-09-13 16:34:34,738 - INFO - Epoch [1250/2000] LR: 0.000033 | Train Loss: 0.002443 (Data: 0.00244, Mono: 0.00001) | Val MSE: 0.000163 (RMSE: 0.0128) 
2026-09-13 16:34:35,172 - INFO - Epoch [1260/2000] LR: 0.000032 | Train Loss: 0.002441 (Data: 0.00244, Mono: 0.00001) | Val MSE: 0.000159 (RMSE: 0.0126) 
2026-09-13 16:34:35,620 - INFO - Epoch [1270/2000] LR: 0.000031 | Train Loss: 0.002397 (Data: 0.00239, Mono: 0.00001) | Val MSE: 0.000160 (RMSE: 0.0126) 
2026-09-13 16:34:36,014 - INFO - Epoch [1280/2000] LR: 0.000031 | Train Loss: 0.002435 (Data: 0.00243, Mono: 0.00001) | Val MSE: 0.000158 (RMSE: 0.0126) 
2026-09-13 16:34:36,412 - INFO - Epoch [1290/2000] LR: 0.000030 | Train Loss: 0.002351 (Data: 0.00235, Mono: 0.00001) | Val MSE: 0.000160 (RMSE: 0.0127) 
2026-09-13 16:34:36,831 - INFO - Epoch [1300/2000] LR: 0.000029 | Train Loss: 0.002354 (Data: 0.00235, Mono: 0.00001) | Val MSE: 0.000161 (RMSE: 0.0127) 
2026-09-13 16:34:37,248 - INFO - Epoch [1310/2000] LR: 0.000028 | Train Loss: 0.002343 (Data: 0.00234, Mono: 0.00001) | Val MSE: 0.000163 (RMSE: 0.0128) 
2026-09-13 16:34:37,688 - INFO - Epoch [1320/2000] LR: 0.000028 | Train Loss: 0.002341 (Data: 0.00234, Mono: 0.00001) | Val MSE: 0.000162 (RMSE: 0.0127) 
2026-09-13 16:34:38,136 - INFO - Epoch [1330/2000] LR: 0.000027 | Train Loss: 0.002366 (Data: 0.00236, Mono: 0.00001) | Val MSE: 0.000162 (RMSE: 0.0127) 
2026-09-13 16:34:38,661 - INFO - Epoch [1340/2000] LR: 0.000026 | Train Loss: 0.002375 (Data: 0.00237, Mono: 0.00001) | Val MSE: 0.000169 (RMSE: 0.0130) 
2026-09-13 16:34:39,321 - INFO - Epoch [1350/2000] LR: 0.000026 | Train Loss: 0.002329 (Data: 0.00232, Mono: 0.00001) | Val MSE: 0.000161 (RMSE: 0.0127) 
2026-09-13 16:34:40,165 - INFO - Epoch [1360/2000] LR: 0.000025 | Train Loss: 0.002365 (Data: 0.00236, Mono: 0.00001) | Val MSE: 0.000166 (RMSE: 0.0129) 
2026-09-13 16:34:40,553 - INFO - Epoch [1370/2000] LR: 0.000024 | Train Loss: 0.002364 (Data: 0.00236, Mono: 0.00001) | Val MSE: 0.000162 (RMSE: 0.0127) 
2026-09-13 16:34:40,941 - INFO - Epoch [1380/2000] LR: 0.000024 | Train Loss: 0.002308 (Data: 0.00230, Mono: 0.00001) | Val MSE: 0.000162 (RMSE: 0.0127) 
2026-09-13 16:34:41,347 - INFO - Epoch [1390/2000] LR: 0.000023 | Train Loss: 0.002371 (Data: 0.00237, Mono: 0.00001) | Val MSE: 0.000165 (RMSE: 0.0128) 
2026-09-13 16:34:41,737 - INFO - Epoch [1400/2000] LR: 0.000022 | Train Loss: 0.002288 (Data: 0.00228, Mono: 0.00001) | Val MSE: 0.000161 (RMSE: 0.0127) 
2026-09-13 16:34:42,153 - INFO - Epoch [1410/2000] LR: 0.000022 | Train Loss: 0.002301 (Data: 0.00230, Mono: 0.00001) | Val MSE: 0.000170 (RMSE: 0.0130) 
2026-09-13 16:34:42,538 - INFO - Epoch [1420/2000] LR: 0.000021 | Train Loss: 0.002328 (Data: 0.00232, Mono: 0.00001) | Val MSE: 0.000159 (RMSE: 0.0126) 
2026-09-13 16:34:42,927 - INFO - Epoch [1430/2000] LR: 0.000021 | Train Loss: 0.002271 (Data: 0.00227, Mono: 0.00001) | Val MSE: 0.000161 (RMSE: 0.0127) 
2026-09-13 16:34:43,318 - INFO - Epoch [1440/2000] LR: 0.000020 | Train Loss: 0.002242 (Data: 0.00224, Mono: 0.00001) | Val MSE: 0.000160 (RMSE: 0.0127) 
2026-09-13 16:34:43,697 - INFO - Epoch [1450/2000] LR: 0.000019 | Train Loss: 0.002296 (Data: 0.00229, Mono: 0.00001) | Val MSE: 0.000161 (RMSE: 0.0127) 
2026-09-13 16:34:44,075 - INFO - Epoch [1460/2000] LR: 0.000019 | Train Loss: 0.002301 (Data: 0.00230, Mono: 0.00001) | Val MSE: 0.000170 (RMSE: 0.0130) 
2026-09-13 16:34:44,455 - INFO - Epoch [1470/2000] LR: 0.000018 | Train Loss: 0.002242 (Data: 0.00224, Mono: 0.00001) | Val MSE: 0.000165 (RMSE: 0.0128) 
2026-09-13 16:34:44,829 - INFO - Epoch [1480/2000] LR: 0.000018 | Train Loss: 0.002255 (Data: 0.00225, Mono: 0.00001) | Val MSE: 0.000162 (RMSE: 0.0127) 
2026-09-13 16:34:45,197 - INFO - Epoch [1490/2000] LR: 0.000017 | Train Loss: 0.002308 (Data: 0.00230, Mono: 0.00001) | Val MSE: 0.000159 (RMSE: 0.0126) 
2026-09-13 16:34:45,585 - INFO - Epoch [1500/2000] LR: 0.000016 | Train Loss: 0.002187 (Data: 0.00218, Mono: 0.00001) | Val MSE: 0.000160 (RMSE: 0.0126) 
2026-09-13 16:34:45,960 - INFO - Epoch [1510/2000] LR: 0.000016 | Train Loss: 0.002255 (Data: 0.00225, Mono: 0.00001) | Val MSE: 0.000164 (RMSE: 0.0128) 
2026-09-13 16:34:46,362 - INFO - Epoch [1520/2000] LR: 0.000015 | Train Loss: 0.002307 (Data: 0.00230, Mono: 0.00001) | Val MSE: 0.000165 (RMSE: 0.0128) 
2026-09-13 16:34:46,747 - INFO - Epoch [1530/2000] LR: 0.000015 | Train Loss: 0.002278 (Data: 0.00227, Mono: 0.00001) | Val MSE: 0.000161 (RMSE: 0.0127) 
2026-09-13 16:34:47,145 - INFO - Epoch [1540/2000] LR: 0.000014 | Train Loss: 0.002183 (Data: 0.00218, Mono: 0.00001) | Val MSE: 0.000161 (RMSE: 0.0127) 
2026-09-13 16:34:47,570 - INFO - Epoch [1550/2000] LR: 0.000014 | Train Loss: 0.002255 (Data: 0.00225, Mono: 0.00001) | Val MSE: 0.000165 (RMSE: 0.0129) 
2026-09-13 16:34:48,003 - INFO - Epoch [1560/2000] LR: 0.000013 | Train Loss: 0.002153 (Data: 0.00215, Mono: 0.00001) | Val MSE: 0.000170 (RMSE: 0.0131) 
2026-09-13 16:34:48,503 - INFO - Epoch [1570/2000] LR: 0.000013 | Train Loss: 0.002232 (Data: 0.00223, Mono: 0.00001) | Val MSE: 0.000163 (RMSE: 0.0128) 
2026-09-13 16:34:48,915 - INFO - Epoch [1580/2000] LR: 0.000012 | Train Loss: 0.002170 (Data: 0.00216, Mono: 0.00001) | Val MSE: 0.000160 (RMSE: 0.0127) 
2026-09-13 16:34:49,354 - INFO - Epoch [1590/2000] LR: 0.000012 | Train Loss: 0.002182 (Data: 0.00218, Mono: 0.00001) | Val MSE: 0.000160 (RMSE: 0.0127) 
2026-09-13 16:34:49,774 - INFO - Epoch [1600/2000] LR: 0.000011 | Train Loss: 0.002247 (Data: 0.00224, Mono: 0.00001) | Val MSE: 0.000164 (RMSE: 0.0128) 
2026-09-13 16:34:50,172 - INFO - Epoch [1610/2000] LR: 0.000011 | Train Loss: 0.002197 (Data: 0.00219, Mono: 0.00001) | Val MSE: 0.000161 (RMSE: 0.0127) 
2026-09-13 16:34:50,627 - INFO - Epoch [1620/2000] LR: 0.000010 | Train Loss: 0.002135 (Data: 0.00213, Mono: 0.00001) | Val MSE: 0.000161 (RMSE: 0.0127) 
2026-09-13 16:34:51,007 - INFO - Epoch [1630/2000] LR: 0.000010 | Train Loss: 0.002185 (Data: 0.00218, Mono: 0.00001) | Val MSE: 0.000163 (RMSE: 0.0127) 
2026-09-13 16:34:51,397 - INFO - Epoch [1640/2000] LR: 0.000009 | Train Loss: 0.002232 (Data: 0.00223, Mono: 0.00001) | Val MSE: 0.000165 (RMSE: 0.0128) 
2026-09-13 16:34:52,012 - INFO - Epoch [1650/2000] LR: 0.000009 | Train Loss: 0.002180 (Data: 0.00217, Mono: 0.00001) | Val MSE: 0.000161 (RMSE: 0.0127) 
2026-09-13 16:34:52,522 - INFO - Epoch [1660/2000] LR: 0.000009 | Train Loss: 0.002164 (Data: 0.00216, Mono: 0.00001) | Val MSE: 0.000163 (RMSE: 0.0127) 
2026-09-13 16:34:52,958 - INFO - Epoch [1670/2000] LR: 0.000008 | Train Loss: 0.002212 (Data: 0.00221, Mono: 0.00001) | Val MSE: 0.000161 (RMSE: 0.0127) 
2026-09-13 16:34:53,347 - INFO - Epoch [1680/2000] LR: 0.000008 | Train Loss: 0.002174 (Data: 0.00217, Mono: 0.00001) | Val MSE: 0.000160 (RMSE: 0.0127) 
2026-09-13 16:34:53,727 - INFO - Epoch [1690/2000] LR: 0.000007 | Train Loss: 0.002186 (Data: 0.00218, Mono: 0.00001) | Val MSE: 0.000160 (RMSE: 0.0126) 
2026-09-13 16:34:54,108 - INFO - Epoch [1700/2000] LR: 0.000007 | Train Loss: 0.002138 (Data: 0.00213, Mono: 0.00001) | Val MSE: 0.000161 (RMSE: 0.0127) 
2026-09-13 16:34:54,522 - INFO - Epoch [1710/2000] LR: 0.000007 | Train Loss: 0.002171 (Data: 0.00217, Mono: 0.00001) | Val MSE: 0.000162 (RMSE: 0.0127) 
2026-09-13 16:34:54,911 - INFO - Epoch [1720/2000] LR: 0.000006 | Train Loss: 0.002148 (Data: 0.00214, Mono: 0.00001) | Val MSE: 0.000162 (RMSE: 0.0127) 
2026-09-13 16:34:55,306 - INFO - Epoch [1730/2000] LR: 0.000006 | Train Loss: 0.002203 (Data: 0.00220, Mono: 0.00001) | Val MSE: 0.000160 (RMSE: 0.0127) 
2026-09-13 16:34:55,677 - INFO - Epoch [1740/2000] LR: 0.000006 | Train Loss: 0.002123 (Data: 0.00212, Mono: 0.00001) | Val MSE: 0.000161 (RMSE: 0.0127) 
2026-09-13 16:34:56,038 - INFO - Epoch [1750/2000] LR: 0.000005 | Train Loss: 0.002165 (Data: 0.00216, Mono: 0.00001) | Val MSE: 0.000163 (RMSE: 0.0128) 
2026-09-13 16:34:56,421 - INFO - Epoch [1760/2000] LR: 0.000005 | Train Loss: 0.002154 (Data: 0.00215, Mono: 0.00001) | Val MSE: 0.000160 (RMSE: 0.0126) 
2026-09-13 16:34:56,805 - INFO - Epoch [1770/2000] LR: 0.000005 | Train Loss: 0.002226 (Data: 0.00222, Mono: 0.00001) | Val MSE: 0.000161 (RMSE: 0.0127) 
2026-09-13 16:34:57,203 - INFO - Epoch [1780/2000] LR: 0.000005 | Train Loss: 0.002148 (Data: 0.00214, Mono: 0.00001) | Val MSE: 0.000161 (RMSE: 0.0127) 
2026-09-13 16:34:57,577 - INFO - Epoch [1790/2000] LR: 0.000004 | Train Loss: 0.002180 (Data: 0.00218, Mono: 0.00001) | Val MSE: 0.000162 (RMSE: 0.0127) 
2026-09-13 16:34:57,969 - INFO - Epoch [1800/2000] LR: 0.000004 | Train Loss: 0.002152 (Data: 0.00215, Mono: 0.00001) | Val MSE: 0.000161 (RMSE: 0.0127) 
2026-09-13 16:34:58,403 - INFO - Epoch [1810/2000] LR: 0.000004 | Train Loss: 0.002157 (Data: 0.00215, Mono: 0.00001) | Val MSE: 0.000161 (RMSE: 0.0127) 
2026-09-13 16:34:58,799 - INFO - Epoch [1820/2000] LR: 0.000004 | Train Loss: 0.002238 (Data: 0.00223, Mono: 0.00001) | Val MSE: 0.000160 (RMSE: 0.0127) 
2026-09-13 16:34:59,213 - INFO - Epoch [1830/2000] LR: 0.000003 | Train Loss: 0.002117 (Data: 0.00211, Mono: 0.00001) | Val MSE: 0.000160 (RMSE: 0.0127) 
2026-09-13 16:34:59,825 - INFO - Epoch [1840/2000] LR: 0.000003 | Train Loss: 0.002136 (Data: 0.00213, Mono: 0.00001) | Val MSE: 0.000162 (RMSE: 0.0127) 
2026-09-13 16:35:00,203 - INFO - Epoch [1850/2000] LR: 0.000003 | Train Loss: 0.002173 (Data: 0.00217, Mono: 0.00001) | Val MSE: 0.000161 (RMSE: 0.0127) 
2026-09-13 16:35:00,601 - INFO - Epoch [1860/2000] LR: 0.000003 | Train Loss: 0.002174 (Data: 0.00217, Mono: 0.00001) | Val MSE: 0.000162 (RMSE: 0.0127) 
2026-09-13 16:35:01,013 - INFO - Epoch [1870/2000] LR: 0.000003 | Train Loss: 0.002164 (Data: 0.00216, Mono: 0.00001) | Val MSE: 0.000162 (RMSE: 0.0127) 
2026-09-13 16:35:01,442 - INFO - Epoch [1880/2000] LR: 0.000002 | Train Loss: 0.002113 (Data: 0.00211, Mono: 0.00001) | Val MSE: 0.000162 (RMSE: 0.0127) 
2026-09-13 16:35:01,847 - INFO - Epoch [1890/2000] LR: 0.000002 | Train Loss: 0.002088 (Data: 0.00208, Mono: 0.00001) | Val MSE: 0.000162 (RMSE: 0.0127) 
2026-09-13 16:35:02,245 - INFO - Epoch [1900/2000] LR: 0.000002 | Train Loss: 0.002106 (Data: 0.00210, Mono: 0.00001) | Val MSE: 0.000162 (RMSE: 0.0127) 
2026-09-13 16:35:02,648 - INFO - Epoch [1910/2000] LR: 0.000002 | Train Loss: 0.002125 (Data: 0.00212, Mono: 0.00001) | Val MSE: 0.000161 (RMSE: 0.0127) 
2026-09-13 16:35:03,027 - INFO - Epoch [1920/2000] LR: 0.000002 | Train Loss: 0.002108 (Data: 0.00210, Mono: 0.00001) | Val MSE: 0.000162 (RMSE: 0.0127) 
2026-09-13 16:35:03,420 - INFO - Epoch [1930/2000] LR: 0.000002 | Train Loss: 0.002157 (Data: 0.00215, Mono: 0.00001) | Val MSE: 0.000162 (RMSE: 0.0127) 
2026-09-13 16:35:03,799 - INFO - Epoch [1940/2000] LR: 0.000002 | Train Loss: 0.002126 (Data: 0.00212, Mono: 0.00001) | Val MSE: 0.000162 (RMSE: 0.0127) 
2026-09-13 16:35:04,188 - INFO - Epoch [1950/2000] LR: 0.000002 | Train Loss: 0.002119 (Data: 0.00211, Mono: 0.00001) | Val MSE: 0.000162 (RMSE: 0.0127) 
2026-09-13 16:35:04,566 - INFO - Epoch [1960/2000] LR: 0.000002 | Train Loss: 0.002141 (Data: 0.00214, Mono: 0.00001) | Val MSE: 0.000162 (RMSE: 0.0127) 
2026-09-13 16:35:04,949 - INFO - Epoch [1970/2000] LR: 0.000002 | Train Loss: 0.002191 (Data: 0.00219, Mono: 0.00001) | Val MSE: 0.000162 (RMSE: 0.0127) 
2026-09-13 16:35:05,337 - INFO - Epoch [1980/2000] LR: 0.000002 | Train Loss: 0.002191 (Data: 0.00219, Mono: 0.00001) | Val MSE: 0.000161 (RMSE: 0.0127) 
2026-09-13 16:35:05,717 - INFO - Epoch [1990/2000] LR: 0.000002 | Train Loss: 0.002140 (Data: 0.00214, Mono: 0.00001) | Val MSE: 0.000163 (RMSE: 0.0127) 
2026-09-13 16:35:06,088 - INFO - Epoch [2000/2000] LR: 0.000002 | Train Loss: 0.002146 (Data: 0.00214, Mono: 0.00001) | Val MSE: 0.000162 (RMSE: 0.0127) 
2026-09-13 16:35:06,088 - INFO - Training completed in 79.27s. Loading best checkpoint from epoch 691 for final test evaluation...
2026-09-13 16:35:06,117 - INFO - ==================================================
2026-09-13 16:35:06,117 - INFO - Test Results for [XJTU] - [Sim_satellite] (Best Epoch 691):
2026-09-13 16:35:06,117 - INFO -   Test RMSE: 0.016784
2026-09-13 16:35:06,117 - INFO -   Test MAE:  0.014151
2026-09-13 16:35:06,117 - INFO -   Test MAPE: 1.481774
2026-09-13 16:35:06,117 - INFO -   Test MSE:  0.000282
2026-09-13 16:35:06,117 - INFO - ==================================================
2026-09-13 16:37:21,324 - INFO - ==================================================
2026-09-13 16:37:21,324 - INFO - Starting FusionMLP Training for [XJTU] - [Sim_satellite]
2026-09-13 16:37:21,324 - INFO - Device: cuda | Epochs: 2000 | LR: 0.000100 | Mono Weight: 0.4000 | Knee Feature: True
2026-09-13 16:37:21,324 - INFO - ==================================================
2026-09-13 16:37:21,419 - INFO - Data Splits: Train=5, Val=1, Test=2
2026-09-13 16:37:22,407 - INFO - Epoch [   1/2000] LR: 0.006063 | Train Loss: 0.852496 (Data: 0.85249, Mono: 0.00002) | Val MSE: 0.897259 (RMSE: 0.9472) [BEST]
2026-09-13 16:37:22,454 - INFO - Epoch [   2/2000] LR: 0.005857 | Train Loss: 0.397036 (Data: 0.39702, Mono: 0.00003) | Val MSE: 0.346308 (RMSE: 0.5885) [BEST]
2026-09-13 16:37:22,500 - INFO - Epoch [   3/2000] LR: 0.005651 | Train Loss: 0.150313 (Data: 0.15030, Mono: 0.00004) | Val MSE: 0.214632 (RMSE: 0.4633) [BEST]
2026-09-13 16:37:22,542 - INFO - Epoch [   4/2000] LR: 0.005446 | Train Loss: 0.091702 (Data: 0.09169, Mono: 0.00003) | Val MSE: 0.085444 (RMSE: 0.2923) [BEST]
2026-09-13 16:37:22,582 - INFO - Epoch [   5/2000] LR: 0.005240 | Train Loss: 0.065795 (Data: 0.06578, Mono: 0.00003) | Val MSE: 0.006809 (RMSE: 0.0825) [BEST]
2026-09-13 16:37:22,711 - INFO - Epoch [   8/2000] LR: 0.004623 | Train Loss: 0.021155 (Data: 0.02114, Mono: 0.00003) | Val MSE: 0.000555 (RMSE: 0.0236) [BEST]
2026-09-13 16:37:22,805 - INFO - Epoch [  10/2000] LR: 0.004212 | Train Loss: 0.011573 (Data: 0.01156, Mono: 0.00003) | Val MSE: 0.002100 (RMSE: 0.0458) 
2026-09-13 16:37:22,859 - INFO - Epoch [  11/2000] LR: 0.004007 | Train Loss: 0.012021 (Data: 0.01201, Mono: 0.00003) | Val MSE: 0.000113 (RMSE: 0.0106) [BEST]
2026-09-13 16:37:23,168 - INFO - Epoch [  18/2000] LR: 0.002567 | Train Loss: 0.008118 (Data: 0.00811, Mono: 0.00002) | Val MSE: 0.000096 (RMSE: 0.0098) [BEST]
2026-09-13 16:37:23,267 - INFO - Epoch [  20/2000] LR: 0.002156 | Train Loss: 0.007797 (Data: 0.00779, Mono: 0.00002) | Val MSE: 0.000118 (RMSE: 0.0109) 
2026-09-13 16:37:23,312 - INFO - Epoch [  21/2000] LR: 0.001950 | Train Loss: 0.007701 (Data: 0.00769, Mono: 0.00002) | Val MSE: 0.000087 (RMSE: 0.0093) [BEST]
2026-09-13 16:37:23,497 - INFO - Epoch [  26/2000] LR: 0.000922 | Train Loss: 0.007370 (Data: 0.00736, Mono: 0.00002) | Val MSE: 0.000085 (RMSE: 0.0092) [BEST]
2026-09-13 16:37:23,644 - INFO - Epoch [  30/2000] LR: 0.000100 | Train Loss: 0.007034 (Data: 0.00702, Mono: 0.00002) | Val MSE: 0.000089 (RMSE: 0.0094) 
2026-09-13 16:37:24,010 - INFO - Epoch [  40/2000] LR: 0.000100 | Train Loss: 0.006939 (Data: 0.00693, Mono: 0.00002) | Val MSE: 0.000088 (RMSE: 0.0094) 
2026-09-13 16:37:24,393 - INFO - Epoch [  50/2000] LR: 0.000100 | Train Loss: 0.006819 (Data: 0.00681, Mono: 0.00002) | Val MSE: 0.000086 (RMSE: 0.0093) 
2026-09-13 16:37:24,820 - INFO - Epoch [  60/2000] LR: 0.000100 | Train Loss: 0.006722 (Data: 0.00671, Mono: 0.00002) | Val MSE: 0.000089 (RMSE: 0.0095) 
2026-09-13 16:37:25,195 - INFO - Epoch [  70/2000] LR: 0.000100 | Train Loss: 0.006789 (Data: 0.00678, Mono: 0.00002) | Val MSE: 0.000093 (RMSE: 0.0096) 
2026-09-13 16:37:25,569 - INFO - Epoch [  80/2000] LR: 0.000100 | Train Loss: 0.006714 (Data: 0.00670, Mono: 0.00002) | Val MSE: 0.000087 (RMSE: 0.0093) 
2026-09-13 16:37:25,917 - INFO - Epoch [  89/2000] LR: 0.000100 | Train Loss: 0.006600 (Data: 0.00659, Mono: 0.00002) | Val MSE: 0.000084 (RMSE: 0.0092) [BEST]
2026-09-13 16:37:25,957 - INFO - Epoch [  90/2000] LR: 0.000100 | Train Loss: 0.006809 (Data: 0.00680, Mono: 0.00002) | Val MSE: 0.000085 (RMSE: 0.0092) 
2026-09-13 16:37:26,332 - INFO - Epoch [ 100/2000] LR: 0.000100 | Train Loss: 0.006717 (Data: 0.00671, Mono: 0.00002) | Val MSE: 0.000094 (RMSE: 0.0097) 
2026-09-13 16:37:26,559 - INFO - Epoch [ 106/2000] LR: 0.000100 | Train Loss: 0.006346 (Data: 0.00634, Mono: 0.00002) | Val MSE: 0.000084 (RMSE: 0.0091) [BEST]
2026-09-13 16:37:26,741 - INFO - Epoch [ 110/2000] LR: 0.000100 | Train Loss: 0.006557 (Data: 0.00655, Mono: 0.00002) | Val MSE: 0.000087 (RMSE: 0.0093) 
2026-09-13 16:37:27,140 - INFO - Epoch [ 120/2000] LR: 0.000099 | Train Loss: 0.006266 (Data: 0.00626, Mono: 0.00002) | Val MSE: 0.000085 (RMSE: 0.0092) 
2026-09-13 16:37:27,218 - INFO - Epoch [ 122/2000] LR: 0.000099 | Train Loss: 0.006318 (Data: 0.00631, Mono: 0.00002) | Val MSE: 0.000082 (RMSE: 0.0090) [BEST]
2026-09-13 16:37:27,266 - INFO - Epoch [ 123/2000] LR: 0.000099 | Train Loss: 0.006112 (Data: 0.00610, Mono: 0.00002) | Val MSE: 0.000081 (RMSE: 0.0090) [BEST]
2026-09-13 16:37:27,309 - INFO - Epoch [ 124/2000] LR: 0.000099 | Train Loss: 0.006282 (Data: 0.00627, Mono: 0.00002) | Val MSE: 0.000080 (RMSE: 0.0090) [BEST]
2026-09-13 16:37:27,541 - INFO - Epoch [ 130/2000] LR: 0.000099 | Train Loss: 0.006288 (Data: 0.00628, Mono: 0.00002) | Val MSE: 0.000089 (RMSE: 0.0094) 
2026-09-13 16:37:27,855 - INFO - Epoch [ 138/2000] LR: 0.000099 | Train Loss: 0.006094 (Data: 0.00609, Mono: 0.00002) | Val MSE: 0.000080 (RMSE: 0.0090) [BEST]
2026-09-13 16:37:27,933 - INFO - Epoch [ 140/2000] LR: 0.000099 | Train Loss: 0.005791 (Data: 0.00578, Mono: 0.00002) | Val MSE: 0.000083 (RMSE: 0.0091) 
2026-09-13 16:37:28,351 - INFO - Epoch [ 150/2000] LR: 0.000099 | Train Loss: 0.006065 (Data: 0.00606, Mono: 0.00002) | Val MSE: 0.000083 (RMSE: 0.0091) 
2026-09-13 16:37:28,770 - INFO - Epoch [ 160/2000] LR: 0.000099 | Train Loss: 0.006014 (Data: 0.00601, Mono: 0.00002) | Val MSE: 0.000082 (RMSE: 0.0090) 
2026-09-13 16:37:29,060 - INFO - Epoch [ 167/2000] LR: 0.000099 | Train Loss: 0.005735 (Data: 0.00573, Mono: 0.00002) | Val MSE: 0.000080 (RMSE: 0.0089) [BEST]
2026-09-13 16:37:29,104 - INFO - Epoch [ 168/2000] LR: 0.000099 | Train Loss: 0.005846 (Data: 0.00584, Mono: 0.00002) | Val MSE: 0.000079 (RMSE: 0.0089) [BEST]
2026-09-13 16:37:29,183 - INFO - Epoch [ 170/2000] LR: 0.000099 | Train Loss: 0.005619 (Data: 0.00561, Mono: 0.00002) | Val MSE: 0.000082 (RMSE: 0.0090) 
2026-09-13 16:37:29,572 - INFO - Epoch [ 179/2000] LR: 0.000099 | Train Loss: 0.005783 (Data: 0.00578, Mono: 0.00002) | Val MSE: 0.000079 (RMSE: 0.0089) [BEST]
2026-09-13 16:37:29,619 - INFO - Epoch [ 180/2000] LR: 0.000099 | Train Loss: 0.005462 (Data: 0.00545, Mono: 0.00002) | Val MSE: 0.000080 (RMSE: 0.0089) 
2026-09-13 16:37:30,007 - INFO - Epoch [ 190/2000] LR: 0.000098 | Train Loss: 0.005402 (Data: 0.00540, Mono: 0.00002) | Val MSE: 0.000089 (RMSE: 0.0094) 
2026-09-13 16:37:30,394 - INFO - Epoch [ 200/2000] LR: 0.000098 | Train Loss: 0.005418 (Data: 0.00541, Mono: 0.00002) | Val MSE: 0.000088 (RMSE: 0.0094) 
2026-09-13 16:37:30,785 - INFO - Epoch [ 210/2000] LR: 0.000098 | Train Loss: 0.005219 (Data: 0.00521, Mono: 0.00002) | Val MSE: 0.000081 (RMSE: 0.0090) 
2026-09-13 16:37:31,165 - INFO - Epoch [ 220/2000] LR: 0.000098 | Train Loss: 0.005180 (Data: 0.00517, Mono: 0.00002) | Val MSE: 0.000084 (RMSE: 0.0092) 
2026-09-13 16:37:31,559 - INFO - Epoch [ 230/2000] LR: 0.000098 | Train Loss: 0.005284 (Data: 0.00528, Mono: 0.00002) | Val MSE: 0.000086 (RMSE: 0.0093) 
2026-09-13 16:37:31,635 - INFO - Epoch [ 232/2000] LR: 0.000097 | Train Loss: 0.005015 (Data: 0.00501, Mono: 0.00002) | Val MSE: 0.000078 (RMSE: 0.0088) [BEST]
2026-09-13 16:37:31,676 - INFO - Epoch [ 233/2000] LR: 0.000097 | Train Loss: 0.005070 (Data: 0.00506, Mono: 0.00002) | Val MSE: 0.000077 (RMSE: 0.0088) [BEST]
2026-09-13 16:37:31,790 - INFO - Epoch [ 236/2000] LR: 0.000097 | Train Loss: 0.005182 (Data: 0.00517, Mono: 0.00002) | Val MSE: 0.000077 (RMSE: 0.0088) [BEST]
2026-09-13 16:37:31,958 - INFO - Epoch [ 240/2000] LR: 0.000097 | Train Loss: 0.004914 (Data: 0.00491, Mono: 0.00002) | Val MSE: 0.000077 (RMSE: 0.0087) [BEST]
2026-09-13 16:37:32,003 - INFO - Epoch [ 241/2000] LR: 0.000097 | Train Loss: 0.005040 (Data: 0.00503, Mono: 0.00002) | Val MSE: 0.000076 (RMSE: 0.0087) [BEST]
2026-09-13 16:37:32,366 - INFO - Epoch [ 250/2000] LR: 0.000097 | Train Loss: 0.004902 (Data: 0.00489, Mono: 0.00002) | Val MSE: 0.000082 (RMSE: 0.0090) 
2026-09-13 16:37:32,756 - INFO - Epoch [ 260/2000] LR: 0.000097 | Train Loss: 0.004809 (Data: 0.00480, Mono: 0.00002) | Val MSE: 0.000080 (RMSE: 0.0089) 
2026-09-13 16:37:33,148 - INFO - Epoch [ 270/2000] LR: 0.000096 | Train Loss: 0.004691 (Data: 0.00468, Mono: 0.00002) | Val MSE: 0.000080 (RMSE: 0.0089) 
2026-09-13 16:37:33,532 - INFO - Epoch [ 280/2000] LR: 0.000096 | Train Loss: 0.004649 (Data: 0.00464, Mono: 0.00002) | Val MSE: 0.000083 (RMSE: 0.0091) 
2026-09-13 16:37:33,918 - INFO - Epoch [ 290/2000] LR: 0.000096 | Train Loss: 0.004500 (Data: 0.00449, Mono: 0.00002) | Val MSE: 0.000087 (RMSE: 0.0093) 
2026-09-13 16:37:34,296 - INFO - Epoch [ 300/2000] LR: 0.000096 | Train Loss: 0.004517 (Data: 0.00451, Mono: 0.00002) | Val MSE: 0.000080 (RMSE: 0.0090) 
2026-09-13 16:37:34,691 - INFO - Epoch [ 310/2000] LR: 0.000095 | Train Loss: 0.004438 (Data: 0.00443, Mono: 0.00002) | Val MSE: 0.000083 (RMSE: 0.0091) 
2026-09-13 16:37:35,063 - INFO - Epoch [ 320/2000] LR: 0.000095 | Train Loss: 0.004245 (Data: 0.00424, Mono: 0.00002) | Val MSE: 0.000083 (RMSE: 0.0091) 
2026-09-13 16:37:35,445 - INFO - Epoch [ 330/2000] LR: 0.000094 | Train Loss: 0.004158 (Data: 0.00415, Mono: 0.00002) | Val MSE: 0.000083 (RMSE: 0.0091) 
2026-09-13 16:37:35,814 - INFO - Epoch [ 340/2000] LR: 0.000094 | Train Loss: 0.004172 (Data: 0.00416, Mono: 0.00002) | Val MSE: 0.000080 (RMSE: 0.0090) 
2026-09-13 16:37:36,191 - INFO - Epoch [ 350/2000] LR: 0.000094 | Train Loss: 0.004011 (Data: 0.00400, Mono: 0.00002) | Val MSE: 0.000085 (RMSE: 0.0092) 
2026-09-13 16:37:36,563 - INFO - Epoch [ 360/2000] LR: 0.000093 | Train Loss: 0.004100 (Data: 0.00409, Mono: 0.00002) | Val MSE: 0.000081 (RMSE: 0.0090) 
2026-09-13 16:37:36,940 - INFO - Epoch [ 370/2000] LR: 0.000093 | Train Loss: 0.003983 (Data: 0.00398, Mono: 0.00002) | Val MSE: 0.000081 (RMSE: 0.0090) 
2026-09-13 16:37:37,366 - INFO - Epoch [ 380/2000] LR: 0.000093 | Train Loss: 0.003897 (Data: 0.00389, Mono: 0.00002) | Val MSE: 0.000084 (RMSE: 0.0092) 
2026-09-13 16:37:37,744 - INFO - Epoch [ 390/2000] LR: 0.000092 | Train Loss: 0.003703 (Data: 0.00370, Mono: 0.00002) | Val MSE: 0.000081 (RMSE: 0.0090) 
2026-09-13 16:37:38,123 - INFO - Epoch [ 400/2000] LR: 0.000092 | Train Loss: 0.003691 (Data: 0.00368, Mono: 0.00002) | Val MSE: 0.000086 (RMSE: 0.0093) 
2026-09-13 16:37:38,490 - INFO - Epoch [ 410/2000] LR: 0.000091 | Train Loss: 0.003620 (Data: 0.00361, Mono: 0.00002) | Val MSE: 0.000081 (RMSE: 0.0090) 
2026-09-13 16:37:38,863 - INFO - Epoch [ 420/2000] LR: 0.000091 | Train Loss: 0.003599 (Data: 0.00359, Mono: 0.00002) | Val MSE: 0.000084 (RMSE: 0.0092) 
2026-09-13 16:37:39,234 - INFO - Epoch [ 430/2000] LR: 0.000090 | Train Loss: 0.003513 (Data: 0.00351, Mono: 0.00001) | Val MSE: 0.000078 (RMSE: 0.0088) 
2026-09-13 16:37:39,610 - INFO - Epoch [ 440/2000] LR: 0.000090 | Train Loss: 0.003506 (Data: 0.00350, Mono: 0.00001) | Val MSE: 0.000089 (RMSE: 0.0094) 
2026-09-13 16:37:39,995 - INFO - Epoch [ 450/2000] LR: 0.000089 | Train Loss: 0.003478 (Data: 0.00347, Mono: 0.00001) | Val MSE: 0.000080 (RMSE: 0.0089) 
2026-09-13 16:37:40,361 - INFO - Epoch [ 460/2000] LR: 0.000089 | Train Loss: 0.003468 (Data: 0.00346, Mono: 0.00002) | Val MSE: 0.000080 (RMSE: 0.0090) 
2026-09-13 16:37:40,731 - INFO - Epoch [ 470/2000] LR: 0.000088 | Train Loss: 0.003284 (Data: 0.00328, Mono: 0.00002) | Val MSE: 0.000086 (RMSE: 0.0093) 
2026-09-13 16:37:41,118 - INFO - Epoch [ 480/2000] LR: 0.000088 | Train Loss: 0.003256 (Data: 0.00325, Mono: 0.00002) | Val MSE: 0.000085 (RMSE: 0.0092) 
2026-09-13 16:37:41,495 - INFO - Epoch [ 490/2000] LR: 0.000087 | Train Loss: 0.003200 (Data: 0.00319, Mono: 0.00002) | Val MSE: 0.000082 (RMSE: 0.0090) 
2026-09-13 16:37:41,871 - INFO - Epoch [ 500/2000] LR: 0.000087 | Train Loss: 0.003212 (Data: 0.00321, Mono: 0.00002) | Val MSE: 0.000083 (RMSE: 0.0091) 
2026-09-13 16:37:42,255 - INFO - Epoch [ 510/2000] LR: 0.000086 | Train Loss: 0.003266 (Data: 0.00326, Mono: 0.00002) | Val MSE: 0.000087 (RMSE: 0.0093) 
2026-09-13 16:37:42,651 - INFO - Epoch [ 520/2000] LR: 0.000086 | Train Loss: 0.003131 (Data: 0.00312, Mono: 0.00002) | Val MSE: 0.000090 (RMSE: 0.0095) 
2026-09-13 16:37:43,038 - INFO - Epoch [ 530/2000] LR: 0.000085 | Train Loss: 0.003042 (Data: 0.00304, Mono: 0.00001) | Val MSE: 0.000087 (RMSE: 0.0093) 
2026-09-13 16:37:43,422 - INFO - Epoch [ 540/2000] LR: 0.000085 | Train Loss: 0.003075 (Data: 0.00307, Mono: 0.00001) | Val MSE: 0.000092 (RMSE: 0.0096) 
2026-09-13 16:37:43,797 - INFO - Epoch [ 550/2000] LR: 0.000084 | Train Loss: 0.003028 (Data: 0.00302, Mono: 0.00001) | Val MSE: 0.000091 (RMSE: 0.0096) 
2026-09-13 16:37:44,186 - INFO - Epoch [ 560/2000] LR: 0.000083 | Train Loss: 0.003024 (Data: 0.00302, Mono: 0.00001) | Val MSE: 0.000089 (RMSE: 0.0095) 
2026-09-13 16:37:44,576 - INFO - Epoch [ 570/2000] LR: 0.000083 | Train Loss: 0.002886 (Data: 0.00288, Mono: 0.00001) | Val MSE: 0.000093 (RMSE: 0.0096) 
2026-09-13 16:37:44,954 - INFO - Epoch [ 580/2000] LR: 0.000082 | Train Loss: 0.002941 (Data: 0.00294, Mono: 0.00001) | Val MSE: 0.000090 (RMSE: 0.0095) 
2026-09-13 16:37:45,325 - INFO - Epoch [ 590/2000] LR: 0.000082 | Train Loss: 0.002930 (Data: 0.00292, Mono: 0.00002) | Val MSE: 0.000087 (RMSE: 0.0093) 
2026-09-13 16:37:45,721 - INFO - Epoch [ 600/2000] LR: 0.000081 | Train Loss: 0.002880 (Data: 0.00287, Mono: 0.00002) | Val MSE: 0.000094 (RMSE: 0.0097) 
2026-09-13 16:37:46,100 - INFO - Epoch [ 610/2000] LR: 0.000080 | Train Loss: 0.002837 (Data: 0.00283, Mono: 0.00001) | Val MSE: 0.000091 (RMSE: 0.0096) 
2026-09-13 16:37:46,484 - INFO - Epoch [ 620/2000] LR: 0.000080 | Train Loss: 0.002808 (Data: 0.00280, Mono: 0.00001) | Val MSE: 0.000095 (RMSE: 0.0098) 
2026-09-13 16:37:46,861 - INFO - Epoch [ 630/2000] LR: 0.000079 | Train Loss: 0.002765 (Data: 0.00276, Mono: 0.00001) | Val MSE: 0.000093 (RMSE: 0.0096) 
2026-09-13 16:37:47,253 - INFO - Epoch [ 640/2000] LR: 0.000078 | Train Loss: 0.002767 (Data: 0.00276, Mono: 0.00001) | Val MSE: 0.000099 (RMSE: 0.0099) 
2026-09-13 16:37:47,677 - INFO - Epoch [ 650/2000] LR: 0.000078 | Train Loss: 0.002692 (Data: 0.00269, Mono: 0.00001) | Val MSE: 0.000098 (RMSE: 0.0099) 
2026-09-13 16:37:48,059 - INFO - Epoch [ 660/2000] LR: 0.000077 | Train Loss: 0.002665 (Data: 0.00266, Mono: 0.00001) | Val MSE: 0.000121 (RMSE: 0.0110) 
2026-09-13 16:37:48,441 - INFO - Epoch [ 670/2000] LR: 0.000077 | Train Loss: 0.002628 (Data: 0.00262, Mono: 0.00001) | Val MSE: 0.000100 (RMSE: 0.0100) 
2026-09-13 16:37:48,820 - INFO - Epoch [ 680/2000] LR: 0.000076 | Train Loss: 0.002626 (Data: 0.00262, Mono: 0.00001) | Val MSE: 0.000108 (RMSE: 0.0104) 
2026-09-13 16:37:49,195 - INFO - Epoch [ 690/2000] LR: 0.000075 | Train Loss: 0.002627 (Data: 0.00262, Mono: 0.00001) | Val MSE: 0.000098 (RMSE: 0.0099) 
2026-09-13 16:37:49,586 - INFO - Epoch [ 700/2000] LR: 0.000074 | Train Loss: 0.002592 (Data: 0.00259, Mono: 0.00001) | Val MSE: 0.000100 (RMSE: 0.0100) 
2026-09-13 16:37:49,971 - INFO - Epoch [ 710/2000] LR: 0.000074 | Train Loss: 0.002501 (Data: 0.00250, Mono: 0.00001) | Val MSE: 0.000115 (RMSE: 0.0107) 
2026-09-13 16:37:50,355 - INFO - Epoch [ 720/2000] LR: 0.000073 | Train Loss: 0.002519 (Data: 0.00251, Mono: 0.00001) | Val MSE: 0.000103 (RMSE: 0.0101) 
2026-09-13 16:37:50,737 - INFO - Epoch [ 730/2000] LR: 0.000072 | Train Loss: 0.002536 (Data: 0.00253, Mono: 0.00001) | Val MSE: 0.000105 (RMSE: 0.0103) 
2026-09-13 16:37:51,139 - INFO - Epoch [ 740/2000] LR: 0.000072 | Train Loss: 0.002502 (Data: 0.00250, Mono: 0.00001) | Val MSE: 0.000103 (RMSE: 0.0101) 
2026-09-13 16:37:51,518 - INFO - Epoch [ 750/2000] LR: 0.000071 | Train Loss: 0.002476 (Data: 0.00247, Mono: 0.00001) | Val MSE: 0.000104 (RMSE: 0.0102) 
2026-09-13 16:37:51,892 - INFO - Epoch [ 760/2000] LR: 0.000070 | Train Loss: 0.002492 (Data: 0.00249, Mono: 0.00001) | Val MSE: 0.000102 (RMSE: 0.0101) 
2026-09-13 16:37:52,265 - INFO - Epoch [ 770/2000] LR: 0.000070 | Train Loss: 0.002427 (Data: 0.00242, Mono: 0.00001) | Val MSE: 0.000107 (RMSE: 0.0103) 
2026-09-13 16:37:52,647 - INFO - Epoch [ 780/2000] LR: 0.000069 | Train Loss: 0.002382 (Data: 0.00238, Mono: 0.00001) | Val MSE: 0.000105 (RMSE: 0.0102) 
2026-09-13 16:37:53,031 - INFO - Epoch [ 790/2000] LR: 0.000068 | Train Loss: 0.002339 (Data: 0.00233, Mono: 0.00001) | Val MSE: 0.000109 (RMSE: 0.0105) 
2026-09-13 16:37:53,418 - INFO - Epoch [ 800/2000] LR: 0.000067 | Train Loss: 0.002399 (Data: 0.00239, Mono: 0.00001) | Val MSE: 0.000105 (RMSE: 0.0102) 
2026-09-13 16:37:53,808 - INFO - Epoch [ 810/2000] LR: 0.000067 | Train Loss: 0.002334 (Data: 0.00233, Mono: 0.00001) | Val MSE: 0.000113 (RMSE: 0.0106) 
2026-09-13 16:37:54,191 - INFO - Epoch [ 820/2000] LR: 0.000066 | Train Loss: 0.002325 (Data: 0.00232, Mono: 0.00001) | Val MSE: 0.000119 (RMSE: 0.0109) 
2026-09-13 16:37:54,579 - INFO - Epoch [ 830/2000] LR: 0.000065 | Train Loss: 0.002256 (Data: 0.00225, Mono: 0.00001) | Val MSE: 0.000112 (RMSE: 0.0106) 
2026-09-13 16:37:54,977 - INFO - Epoch [ 840/2000] LR: 0.000064 | Train Loss: 0.002285 (Data: 0.00228, Mono: 0.00001) | Val MSE: 0.000112 (RMSE: 0.0106) 
2026-09-13 16:37:55,359 - INFO - Epoch [ 850/2000] LR: 0.000064 | Train Loss: 0.002262 (Data: 0.00226, Mono: 0.00001) | Val MSE: 0.000129 (RMSE: 0.0114) 
2026-09-13 16:37:55,759 - INFO - Epoch [ 860/2000] LR: 0.000063 | Train Loss: 0.002231 (Data: 0.00223, Mono: 0.00001) | Val MSE: 0.000115 (RMSE: 0.0107) 
2026-09-13 16:37:56,155 - INFO - Epoch [ 870/2000] LR: 0.000062 | Train Loss: 0.002265 (Data: 0.00226, Mono: 0.00001) | Val MSE: 0.000120 (RMSE: 0.0109) 
2026-09-13 16:37:56,537 - INFO - Epoch [ 880/2000] LR: 0.000061 | Train Loss: 0.002176 (Data: 0.00217, Mono: 0.00001) | Val MSE: 0.000113 (RMSE: 0.0107) 
2026-09-13 16:37:56,923 - INFO - Epoch [ 890/2000] LR: 0.000061 | Train Loss: 0.002229 (Data: 0.00222, Mono: 0.00001) | Val MSE: 0.000119 (RMSE: 0.0109) 
2026-09-13 16:37:57,285 - INFO - Epoch [ 900/2000] LR: 0.000060 | Train Loss: 0.002189 (Data: 0.00218, Mono: 0.00001) | Val MSE: 0.000119 (RMSE: 0.0109) 
2026-09-13 16:37:57,668 - INFO - Epoch [ 910/2000] LR: 0.000059 | Train Loss: 0.002164 (Data: 0.00216, Mono: 0.00001) | Val MSE: 0.000119 (RMSE: 0.0109) 
2026-09-13 16:37:58,102 - INFO - Epoch [ 920/2000] LR: 0.000058 | Train Loss: 0.002075 (Data: 0.00207, Mono: 0.00001) | Val MSE: 0.000117 (RMSE: 0.0108) 
2026-09-13 16:37:58,472 - INFO - Epoch [ 930/2000] LR: 0.000057 | Train Loss: 0.002184 (Data: 0.00218, Mono: 0.00001) | Val MSE: 0.000116 (RMSE: 0.0108) 
2026-09-13 16:37:58,845 - INFO - Epoch [ 940/2000] LR: 0.000057 | Train Loss: 0.002156 (Data: 0.00215, Mono: 0.00001) | Val MSE: 0.000140 (RMSE: 0.0118) 
2026-09-13 16:37:59,216 - INFO - Epoch [ 950/2000] LR: 0.000056 | Train Loss: 0.002092 (Data: 0.00209, Mono: 0.00001) | Val MSE: 0.000124 (RMSE: 0.0111) 
2026-09-13 16:37:59,644 - INFO - Epoch [ 960/2000] LR: 0.000055 | Train Loss: 0.002090 (Data: 0.00209, Mono: 0.00001) | Val MSE: 0.000122 (RMSE: 0.0110) 
2026-09-13 16:38:00,062 - INFO - Epoch [ 970/2000] LR: 0.000054 | Train Loss: 0.002075 (Data: 0.00207, Mono: 0.00001) | Val MSE: 0.000119 (RMSE: 0.0109) 
2026-09-13 16:38:00,460 - INFO - Epoch [ 980/2000] LR: 0.000054 | Train Loss: 0.002115 (Data: 0.00211, Mono: 0.00001) | Val MSE: 0.000123 (RMSE: 0.0111) 
2026-09-13 16:38:00,839 - INFO - Epoch [ 990/2000] LR: 0.000053 | Train Loss: 0.002071 (Data: 0.00207, Mono: 0.00001) | Val MSE: 0.000122 (RMSE: 0.0111) 
2026-09-13 16:38:01,219 - INFO - Epoch [1000/2000] LR: 0.000052 | Train Loss: 0.002005 (Data: 0.00200, Mono: 0.00001) | Val MSE: 0.000120 (RMSE: 0.0110) 
2026-09-13 16:38:01,572 - INFO - Epoch [1010/2000] LR: 0.000051 | Train Loss: 0.002027 (Data: 0.00202, Mono: 0.00001) | Val MSE: 0.000128 (RMSE: 0.0113) 
2026-09-13 16:38:01,955 - INFO - Epoch [1020/2000] LR: 0.000050 | Train Loss: 0.002030 (Data: 0.00203, Mono: 0.00001) | Val MSE: 0.000124 (RMSE: 0.0111) 
2026-09-13 16:38:02,335 - INFO - Epoch [1030/2000] LR: 0.000050 | Train Loss: 0.002012 (Data: 0.00201, Mono: 0.00001) | Val MSE: 0.000133 (RMSE: 0.0116) 
2026-09-13 16:38:02,713 - INFO - Epoch [1040/2000] LR: 0.000049 | Train Loss: 0.001954 (Data: 0.00195, Mono: 0.00001) | Val MSE: 0.000125 (RMSE: 0.0112) 
2026-09-13 16:38:03,093 - INFO - Epoch [1050/2000] LR: 0.000048 | Train Loss: 0.001977 (Data: 0.00197, Mono: 0.00001) | Val MSE: 0.000126 (RMSE: 0.0112) 
2026-09-13 16:38:03,467 - INFO - Epoch [1060/2000] LR: 0.000047 | Train Loss: 0.001979 (Data: 0.00197, Mono: 0.00001) | Val MSE: 0.000124 (RMSE: 0.0111) 
2026-09-13 16:38:03,842 - INFO - Epoch [1070/2000] LR: 0.000046 | Train Loss: 0.001949 (Data: 0.00194, Mono: 0.00001) | Val MSE: 0.000122 (RMSE: 0.0111) 
2026-09-13 16:38:04,208 - INFO - Epoch [1080/2000] LR: 0.000046 | Train Loss: 0.001950 (Data: 0.00195, Mono: 0.00001) | Val MSE: 0.000125 (RMSE: 0.0112) 
2026-09-13 16:38:04,590 - INFO - Epoch [1090/2000] LR: 0.000045 | Train Loss: 0.002038 (Data: 0.00203, Mono: 0.00001) | Val MSE: 0.000129 (RMSE: 0.0114) 
2026-09-13 16:38:04,963 - INFO - Epoch [1100/2000] LR: 0.000044 | Train Loss: 0.001988 (Data: 0.00198, Mono: 0.00001) | Val MSE: 0.000129 (RMSE: 0.0114) 
2026-09-13 16:38:05,323 - INFO - Epoch [1110/2000] LR: 0.000043 | Train Loss: 0.001978 (Data: 0.00197, Mono: 0.00001) | Val MSE: 0.000136 (RMSE: 0.0116) 
2026-09-13 16:38:05,683 - INFO - Epoch [1120/2000] LR: 0.000043 | Train Loss: 0.001911 (Data: 0.00191, Mono: 0.00001) | Val MSE: 0.000130 (RMSE: 0.0114) 
2026-09-13 16:38:06,052 - INFO - Epoch [1130/2000] LR: 0.000042 | Train Loss: 0.001905 (Data: 0.00190, Mono: 0.00001) | Val MSE: 0.000134 (RMSE: 0.0116) 
2026-09-13 16:38:06,435 - INFO - Epoch [1140/2000] LR: 0.000041 | Train Loss: 0.001919 (Data: 0.00191, Mono: 0.00001) | Val MSE: 0.000126 (RMSE: 0.0112) 
2026-09-13 16:38:06,812 - INFO - Epoch [1150/2000] LR: 0.000040 | Train Loss: 0.001942 (Data: 0.00194, Mono: 0.00001) | Val MSE: 0.000134 (RMSE: 0.0116) 
2026-09-13 16:38:07,178 - INFO - Epoch [1160/2000] LR: 0.000040 | Train Loss: 0.001930 (Data: 0.00193, Mono: 0.00001) | Val MSE: 0.000138 (RMSE: 0.0118) 
2026-09-13 16:38:07,554 - INFO - Epoch [1170/2000] LR: 0.000039 | Train Loss: 0.001901 (Data: 0.00190, Mono: 0.00001) | Val MSE: 0.000131 (RMSE: 0.0114) 
2026-09-13 16:38:07,916 - INFO - Epoch [1180/2000] LR: 0.000038 | Train Loss: 0.001916 (Data: 0.00191, Mono: 0.00001) | Val MSE: 0.000136 (RMSE: 0.0117) 
2026-09-13 16:38:08,283 - INFO - Epoch [1190/2000] LR: 0.000037 | Train Loss: 0.001913 (Data: 0.00191, Mono: 0.00001) | Val MSE: 0.000139 (RMSE: 0.0118) 
2026-09-13 16:38:08,641 - INFO - Epoch [1200/2000] LR: 0.000036 | Train Loss: 0.001905 (Data: 0.00190, Mono: 0.00001) | Val MSE: 0.000134 (RMSE: 0.0116) 
2026-09-13 16:38:08,998 - INFO - Epoch [1210/2000] LR: 0.000036 | Train Loss: 0.001987 (Data: 0.00198, Mono: 0.00001) | Val MSE: 0.000136 (RMSE: 0.0117) 
2026-09-13 16:38:09,369 - INFO - Epoch [1220/2000] LR: 0.000035 | Train Loss: 0.001827 (Data: 0.00182, Mono: 0.00001) | Val MSE: 0.000133 (RMSE: 0.0115) 
2026-09-13 16:38:09,733 - INFO - Epoch [1230/2000] LR: 0.000034 | Train Loss: 0.001865 (Data: 0.00186, Mono: 0.00001) | Val MSE: 0.000140 (RMSE: 0.0119) 
2026-09-13 16:38:10,115 - INFO - Epoch [1240/2000] LR: 0.000034 | Train Loss: 0.001826 (Data: 0.00182, Mono: 0.00001) | Val MSE: 0.000135 (RMSE: 0.0116) 
2026-09-13 16:38:10,484 - INFO - Epoch [1250/2000] LR: 0.000033 | Train Loss: 0.001872 (Data: 0.00187, Mono: 0.00001) | Val MSE: 0.000132 (RMSE: 0.0115) 
2026-09-13 16:38:10,851 - INFO - Epoch [1260/2000] LR: 0.000032 | Train Loss: 0.001821 (Data: 0.00182, Mono: 0.00001) | Val MSE: 0.000130 (RMSE: 0.0114) 
2026-09-13 16:38:11,212 - INFO - Epoch [1270/2000] LR: 0.000031 | Train Loss: 0.001870 (Data: 0.00187, Mono: 0.00001) | Val MSE: 0.000131 (RMSE: 0.0115) 
2026-09-13 16:38:11,579 - INFO - Epoch [1280/2000] LR: 0.000031 | Train Loss: 0.001787 (Data: 0.00178, Mono: 0.00001) | Val MSE: 0.000134 (RMSE: 0.0116) 
2026-09-13 16:38:11,942 - INFO - Epoch [1290/2000] LR: 0.000030 | Train Loss: 0.001865 (Data: 0.00186, Mono: 0.00001) | Val MSE: 0.000133 (RMSE: 0.0115) 
2026-09-13 16:38:12,331 - INFO - Epoch [1300/2000] LR: 0.000029 | Train Loss: 0.001783 (Data: 0.00178, Mono: 0.00001) | Val MSE: 0.000136 (RMSE: 0.0117) 
2026-09-13 16:38:12,703 - INFO - Epoch [1310/2000] LR: 0.000028 | Train Loss: 0.001842 (Data: 0.00184, Mono: 0.00001) | Val MSE: 0.000146 (RMSE: 0.0121) 
2026-09-13 16:38:13,064 - INFO - Epoch [1320/2000] LR: 0.000028 | Train Loss: 0.001786 (Data: 0.00178, Mono: 0.00001) | Val MSE: 0.000147 (RMSE: 0.0121) 
2026-09-13 16:38:13,449 - INFO - Epoch [1330/2000] LR: 0.000027 | Train Loss: 0.001762 (Data: 0.00176, Mono: 0.00001) | Val MSE: 0.000135 (RMSE: 0.0116) 
2026-09-13 16:38:13,856 - INFO - Epoch [1340/2000] LR: 0.000026 | Train Loss: 0.001784 (Data: 0.00178, Mono: 0.00001) | Val MSE: 0.000136 (RMSE: 0.0117) 
2026-09-13 16:38:14,259 - INFO - Epoch [1350/2000] LR: 0.000026 | Train Loss: 0.001822 (Data: 0.00182, Mono: 0.00001) | Val MSE: 0.000134 (RMSE: 0.0116) 
2026-09-13 16:38:14,630 - INFO - Epoch [1360/2000] LR: 0.000025 | Train Loss: 0.001760 (Data: 0.00176, Mono: 0.00001) | Val MSE: 0.000137 (RMSE: 0.0117) 
2026-09-13 16:38:15,012 - INFO - Epoch [1370/2000] LR: 0.000024 | Train Loss: 0.001813 (Data: 0.00181, Mono: 0.00001) | Val MSE: 0.000140 (RMSE: 0.0118) 
2026-09-13 16:38:15,399 - INFO - Epoch [1380/2000] LR: 0.000024 | Train Loss: 0.001755 (Data: 0.00175, Mono: 0.00001) | Val MSE: 0.000135 (RMSE: 0.0116) 
2026-09-13 16:38:15,754 - INFO - Epoch [1390/2000] LR: 0.000023 | Train Loss: 0.001795 (Data: 0.00179, Mono: 0.00001) | Val MSE: 0.000135 (RMSE: 0.0116) 
2026-09-13 16:38:16,115 - INFO - Epoch [1400/2000] LR: 0.000022 | Train Loss: 0.001833 (Data: 0.00183, Mono: 0.00001) | Val MSE: 0.000137 (RMSE: 0.0117) 
2026-09-13 16:38:16,490 - INFO - Epoch [1410/2000] LR: 0.000022 | Train Loss: 0.001741 (Data: 0.00174, Mono: 0.00001) | Val MSE: 0.000140 (RMSE: 0.0118) 
2026-09-13 16:38:16,853 - INFO - Epoch [1420/2000] LR: 0.000021 | Train Loss: 0.001696 (Data: 0.00169, Mono: 0.00001) | Val MSE: 0.000135 (RMSE: 0.0116) 
2026-09-13 16:38:17,222 - INFO - Epoch [1430/2000] LR: 0.000021 | Train Loss: 0.001753 (Data: 0.00175, Mono: 0.00001) | Val MSE: 0.000137 (RMSE: 0.0117) 
2026-09-13 16:38:17,596 - INFO - Epoch [1440/2000] LR: 0.000020 | Train Loss: 0.001775 (Data: 0.00177, Mono: 0.00001) | Val MSE: 0.000139 (RMSE: 0.0118) 
2026-09-13 16:38:17,991 - INFO - Epoch [1450/2000] LR: 0.000019 | Train Loss: 0.001776 (Data: 0.00177, Mono: 0.00001) | Val MSE: 0.000136 (RMSE: 0.0116) 
2026-09-13 16:38:18,355 - INFO - Epoch [1460/2000] LR: 0.000019 | Train Loss: 0.001732 (Data: 0.00173, Mono: 0.00001) | Val MSE: 0.000142 (RMSE: 0.0119) 
2026-09-13 16:38:18,711 - INFO - Epoch [1470/2000] LR: 0.000018 | Train Loss: 0.001812 (Data: 0.00181, Mono: 0.00001) | Val MSE: 0.000139 (RMSE: 0.0118) 
2026-09-13 16:38:19,078 - INFO - Epoch [1480/2000] LR: 0.000018 | Train Loss: 0.001725 (Data: 0.00172, Mono: 0.00001) | Val MSE: 0.000134 (RMSE: 0.0116) 
2026-09-13 16:38:19,447 - INFO - Epoch [1490/2000] LR: 0.000017 | Train Loss: 0.001805 (Data: 0.00180, Mono: 0.00001) | Val MSE: 0.000137 (RMSE: 0.0117) 
2026-09-13 16:38:19,809 - INFO - Epoch [1500/2000] LR: 0.000016 | Train Loss: 0.001703 (Data: 0.00170, Mono: 0.00001) | Val MSE: 0.000142 (RMSE: 0.0119) 
2026-09-13 16:38:20,189 - INFO - Epoch [1510/2000] LR: 0.000016 | Train Loss: 0.001768 (Data: 0.00176, Mono: 0.00001) | Val MSE: 0.000144 (RMSE: 0.0120) 
2026-09-13 16:38:20,550 - INFO - Epoch [1520/2000] LR: 0.000015 | Train Loss: 0.001733 (Data: 0.00173, Mono: 0.00001) | Val MSE: 0.000137 (RMSE: 0.0117) 
2026-09-13 16:38:20,926 - INFO - Epoch [1530/2000] LR: 0.000015 | Train Loss: 0.001765 (Data: 0.00176, Mono: 0.00001) | Val MSE: 0.000142 (RMSE: 0.0119) 
2026-09-13 16:38:21,297 - INFO - Epoch [1540/2000] LR: 0.000014 | Train Loss: 0.001696 (Data: 0.00169, Mono: 0.00001) | Val MSE: 0.000141 (RMSE: 0.0119) 
2026-09-13 16:38:21,679 - INFO - Epoch [1550/2000] LR: 0.000014 | Train Loss: 0.001745 (Data: 0.00174, Mono: 0.00001) | Val MSE: 0.000140 (RMSE: 0.0118) 
2026-09-13 16:38:22,033 - INFO - Epoch [1560/2000] LR: 0.000013 | Train Loss: 0.001703 (Data: 0.00170, Mono: 0.00001) | Val MSE: 0.000135 (RMSE: 0.0116) 
2026-09-13 16:38:22,407 - INFO - Epoch [1570/2000] LR: 0.000013 | Train Loss: 0.001771 (Data: 0.00177, Mono: 0.00001) | Val MSE: 0.000138 (RMSE: 0.0117) 
2026-09-13 16:38:22,765 - INFO - Epoch [1580/2000] LR: 0.000012 | Train Loss: 0.001711 (Data: 0.00171, Mono: 0.00001) | Val MSE: 0.000138 (RMSE: 0.0117) 
2026-09-13 16:38:23,140 - INFO - Epoch [1590/2000] LR: 0.000012 | Train Loss: 0.001738 (Data: 0.00173, Mono: 0.00001) | Val MSE: 0.000138 (RMSE: 0.0117) 
2026-09-13 16:38:23,506 - INFO - Epoch [1600/2000] LR: 0.000011 | Train Loss: 0.001673 (Data: 0.00167, Mono: 0.00001) | Val MSE: 0.000138 (RMSE: 0.0117) 
2026-09-13 16:38:23,907 - INFO - Epoch [1610/2000] LR: 0.000011 | Train Loss: 0.001725 (Data: 0.00172, Mono: 0.00001) | Val MSE: 0.000143 (RMSE: 0.0119) 
2026-09-13 16:38:24,276 - INFO - Epoch [1620/2000] LR: 0.000010 | Train Loss: 0.001678 (Data: 0.00167, Mono: 0.00001) | Val MSE: 0.000138 (RMSE: 0.0117) 
2026-09-13 16:38:24,659 - INFO - Epoch [1630/2000] LR: 0.000010 | Train Loss: 0.001721 (Data: 0.00172, Mono: 0.00001) | Val MSE: 0.000137 (RMSE: 0.0117) 
2026-09-13 16:38:25,024 - INFO - Epoch [1640/2000] LR: 0.000009 | Train Loss: 0.001729 (Data: 0.00172, Mono: 0.00001) | Val MSE: 0.000141 (RMSE: 0.0119) 
2026-09-13 16:38:25,388 - INFO - Epoch [1650/2000] LR: 0.000009 | Train Loss: 0.001706 (Data: 0.00170, Mono: 0.00001) | Val MSE: 0.000138 (RMSE: 0.0118) 
2026-09-13 16:38:25,751 - INFO - Epoch [1660/2000] LR: 0.000009 | Train Loss: 0.001708 (Data: 0.00170, Mono: 0.00001) | Val MSE: 0.000139 (RMSE: 0.0118) 
2026-09-13 16:38:26,114 - INFO - Epoch [1670/2000] LR: 0.000008 | Train Loss: 0.001725 (Data: 0.00172, Mono: 0.00001) | Val MSE: 0.000139 (RMSE: 0.0118) 
2026-09-13 16:38:26,479 - INFO - Epoch [1680/2000] LR: 0.000008 | Train Loss: 0.001724 (Data: 0.00172, Mono: 0.00001) | Val MSE: 0.000139 (RMSE: 0.0118) 
2026-09-13 16:38:26,846 - INFO - Epoch [1690/2000] LR: 0.000007 | Train Loss: 0.001672 (Data: 0.00167, Mono: 0.00001) | Val MSE: 0.000143 (RMSE: 0.0120) 
2026-09-13 16:38:27,231 - INFO - Epoch [1700/2000] LR: 0.000007 | Train Loss: 0.001767 (Data: 0.00176, Mono: 0.00001) | Val MSE: 0.000137 (RMSE: 0.0117) 
2026-09-13 16:38:27,605 - INFO - Epoch [1710/2000] LR: 0.000007 | Train Loss: 0.001714 (Data: 0.00171, Mono: 0.00001) | Val MSE: 0.000139 (RMSE: 0.0118) 
2026-09-13 16:38:27,979 - INFO - Epoch [1720/2000] LR: 0.000006 | Train Loss: 0.001666 (Data: 0.00166, Mono: 0.00001) | Val MSE: 0.000141 (RMSE: 0.0119) 
2026-09-13 16:38:28,350 - INFO - Epoch [1730/2000] LR: 0.000006 | Train Loss: 0.001707 (Data: 0.00170, Mono: 0.00001) | Val MSE: 0.000138 (RMSE: 0.0117) 
2026-09-13 16:38:28,733 - INFO - Epoch [1740/2000] LR: 0.000006 | Train Loss: 0.001735 (Data: 0.00173, Mono: 0.00001) | Val MSE: 0.000137 (RMSE: 0.0117) 
2026-09-13 16:38:29,109 - INFO - Epoch [1750/2000] LR: 0.000005 | Train Loss: 0.001670 (Data: 0.00167, Mono: 0.00001) | Val MSE: 0.000140 (RMSE: 0.0118) 
2026-09-13 16:38:29,480 - INFO - Epoch [1760/2000] LR: 0.000005 | Train Loss: 0.001695 (Data: 0.00169, Mono: 0.00001) | Val MSE: 0.000140 (RMSE: 0.0118) 
2026-09-13 16:38:29,860 - INFO - Epoch [1770/2000] LR: 0.000005 | Train Loss: 0.001749 (Data: 0.00174, Mono: 0.00001) | Val MSE: 0.000139 (RMSE: 0.0118) 
2026-09-13 16:38:30,230 - INFO - Epoch [1780/2000] LR: 0.000005 | Train Loss: 0.001692 (Data: 0.00169, Mono: 0.00001) | Val MSE: 0.000138 (RMSE: 0.0117) 
2026-09-13 16:38:30,602 - INFO - Epoch [1790/2000] LR: 0.000004 | Train Loss: 0.001734 (Data: 0.00173, Mono: 0.00001) | Val MSE: 0.000138 (RMSE: 0.0118) 
2026-09-13 16:38:30,977 - INFO - Epoch [1800/2000] LR: 0.000004 | Train Loss: 0.001732 (Data: 0.00173, Mono: 0.00001) | Val MSE: 0.000137 (RMSE: 0.0117) 
2026-09-13 16:38:31,354 - INFO - Epoch [1810/2000] LR: 0.000004 | Train Loss: 0.001718 (Data: 0.00171, Mono: 0.00001) | Val MSE: 0.000138 (RMSE: 0.0117) 
2026-09-13 16:38:31,729 - INFO - Epoch [1820/2000] LR: 0.000004 | Train Loss: 0.001712 (Data: 0.00171, Mono: 0.00001) | Val MSE: 0.000139 (RMSE: 0.0118) 
2026-09-13 16:38:32,113 - INFO - Epoch [1830/2000] LR: 0.000003 | Train Loss: 0.001674 (Data: 0.00167, Mono: 0.00001) | Val MSE: 0.000139 (RMSE: 0.0118) 
2026-09-13 16:38:32,497 - INFO - Epoch [1840/2000] LR: 0.000003 | Train Loss: 0.001659 (Data: 0.00166, Mono: 0.00001) | Val MSE: 0.000140 (RMSE: 0.0118) 
2026-09-13 16:38:32,872 - INFO - Epoch [1850/2000] LR: 0.000003 | Train Loss: 0.001651 (Data: 0.00165, Mono: 0.00001) | Val MSE: 0.000139 (RMSE: 0.0118) 
2026-09-13 16:38:33,247 - INFO - Epoch [1860/2000] LR: 0.000003 | Train Loss: 0.001718 (Data: 0.00171, Mono: 0.00001) | Val MSE: 0.000138 (RMSE: 0.0118) 
2026-09-13 16:38:33,624 - INFO - Epoch [1870/2000] LR: 0.000003 | Train Loss: 0.001715 (Data: 0.00171, Mono: 0.00001) | Val MSE: 0.000139 (RMSE: 0.0118) 
2026-09-13 16:38:34,035 - INFO - Epoch [1880/2000] LR: 0.000002 | Train Loss: 0.001707 (Data: 0.00170, Mono: 0.00001) | Val MSE: 0.000139 (RMSE: 0.0118) 
2026-09-13 16:38:34,420 - INFO - Epoch [1890/2000] LR: 0.000002 | Train Loss: 0.001616 (Data: 0.00161, Mono: 0.00001) | Val MSE: 0.000139 (RMSE: 0.0118) 
2026-09-13 16:38:34,802 - INFO - Epoch [1900/2000] LR: 0.000002 | Train Loss: 0.001703 (Data: 0.00170, Mono: 0.00001) | Val MSE: 0.000139 (RMSE: 0.0118) 
2026-09-13 16:38:35,176 - INFO - Epoch [1910/2000] LR: 0.000002 | Train Loss: 0.001727 (Data: 0.00172, Mono: 0.00001) | Val MSE: 0.000138 (RMSE: 0.0118) 
2026-09-13 16:38:35,555 - INFO - Epoch [1920/2000] LR: 0.000002 | Train Loss: 0.001675 (Data: 0.00167, Mono: 0.00001) | Val MSE: 0.000139 (RMSE: 0.0118) 
2026-09-13 16:38:35,940 - INFO - Epoch [1930/2000] LR: 0.000002 | Train Loss: 0.001729 (Data: 0.00173, Mono: 0.00001) | Val MSE: 0.000139 (RMSE: 0.0118) 
2026-09-13 16:38:36,326 - INFO - Epoch [1940/2000] LR: 0.000002 | Train Loss: 0.001721 (Data: 0.00172, Mono: 0.00001) | Val MSE: 0.000138 (RMSE: 0.0118) 
2026-09-13 16:38:36,716 - INFO - Epoch [1950/2000] LR: 0.000002 | Train Loss: 0.001679 (Data: 0.00168, Mono: 0.00001) | Val MSE: 0.000139 (RMSE: 0.0118) 
2026-09-13 16:38:37,099 - INFO - Epoch [1960/2000] LR: 0.000002 | Train Loss: 0.001652 (Data: 0.00165, Mono: 0.00001) | Val MSE: 0.000138 (RMSE: 0.0118) 
2026-09-13 16:38:37,482 - INFO - Epoch [1970/2000] LR: 0.000002 | Train Loss: 0.001685 (Data: 0.00168, Mono: 0.00001) | Val MSE: 0.000138 (RMSE: 0.0117) 
2026-09-13 16:38:37,871 - INFO - Epoch [1980/2000] LR: 0.000002 | Train Loss: 0.001675 (Data: 0.00167, Mono: 0.00001) | Val MSE: 0.000138 (RMSE: 0.0118) 
2026-09-13 16:38:38,272 - INFO - Epoch [1990/2000] LR: 0.000002 | Train Loss: 0.001714 (Data: 0.00171, Mono: 0.00001) | Val MSE: 0.000138 (RMSE: 0.0118) 
2026-09-13 16:38:38,653 - INFO - Epoch [2000/2000] LR: 0.000002 | Train Loss: 0.001708 (Data: 0.00170, Mono: 0.00001) | Val MSE: 0.000139 (RMSE: 0.0118) 
2026-09-13 16:38:38,654 - INFO - Training completed in 76.41s. Loading best checkpoint from epoch 241 for final test evaluation...
2026-09-13 16:38:38,681 - INFO - ==================================================
2026-09-13 16:38:38,681 - INFO - Test Results for [XJTU] - [Sim_satellite] (Best Epoch 241):
2026-09-13 16:38:38,681 - INFO -   Test RMSE: 0.017033
2026-09-13 16:38:38,681 - INFO -   Test MAE:  0.014863
2026-09-13 16:38:38,682 - INFO -   Test MAPE: 1.561361
2026-09-13 16:38:38,682 - INFO -   Test MSE:  0.000290
2026-09-13 16:38:38,682 - INFO - ==================================================
2026-09-13 16:39:51,124 - INFO - ==================================================
2026-09-13 16:39:51,124 - INFO - Starting FusionMLP Training for [XJTU] - [Sim_satellite]
2026-09-13 16:39:51,124 - INFO - Device: cuda | Epochs: 2000 | LR: 0.000100 | Mono Weight: 0.4000 | Knee Feature: True
2026-09-13 16:39:51,124 - INFO - ==================================================
2026-09-13 16:39:51,201 - INFO - Data Splits: Train=5, Val=1, Test=2
2026-09-13 16:39:52,189 - INFO - Epoch [   1/2000] LR: 0.006063 | Train Loss: 0.616910 (Data: 0.61690, Mono: 0.00003) | Val MSE: 0.010445 (RMSE: 0.1022) [BEST]
2026-09-13 16:39:52,275 - INFO - Epoch [   3/2000] LR: 0.005651 | Train Loss: 0.075223 (Data: 0.07521, Mono: 0.00003) | Val MSE: 0.001980 (RMSE: 0.0445) [BEST]
2026-09-13 16:39:52,433 - INFO - Epoch [   7/2000] LR: 0.004829 | Train Loss: 0.015417 (Data: 0.01541, Mono: 0.00003) | Val MSE: 0.001101 (RMSE: 0.0332) [BEST]
2026-09-13 16:39:52,547 - INFO - Epoch [  10/2000] LR: 0.004212 | Train Loss: 0.009931 (Data: 0.00992, Mono: 0.00002) | Val MSE: 0.001006 (RMSE: 0.0317) [BEST]
2026-09-13 16:39:52,585 - INFO - Epoch [  11/2000] LR: 0.004007 | Train Loss: 0.008873 (Data: 0.00886, Mono: 0.00002) | Val MSE: 0.000243 (RMSE: 0.0156) [BEST]
2026-09-13 16:39:52,661 - INFO - Epoch [  13/2000] LR: 0.003595 | Train Loss: 0.007908 (Data: 0.00790, Mono: 0.00002) | Val MSE: 0.000186 (RMSE: 0.0136) [BEST]
2026-09-13 16:39:52,702 - INFO - Epoch [  14/2000] LR: 0.003390 | Train Loss: 0.007748 (Data: 0.00774, Mono: 0.00002) | Val MSE: 0.000120 (RMSE: 0.0109) [BEST]
2026-09-13 16:39:52,821 - INFO - Epoch [  17/2000] LR: 0.002773 | Train Loss: 0.006932 (Data: 0.00692, Mono: 0.00002) | Val MSE: 0.000089 (RMSE: 0.0095) [BEST]
2026-09-13 16:39:52,861 - INFO - Epoch [  18/2000] LR: 0.002567 | Train Loss: 0.006576 (Data: 0.00657, Mono: 0.00002) | Val MSE: 0.000086 (RMSE: 0.0093) [BEST]
2026-09-13 16:39:52,934 - INFO - Epoch [  20/2000] LR: 0.002156 | Train Loss: 0.006346 (Data: 0.00634, Mono: 0.00002) | Val MSE: 0.000103 (RMSE: 0.0102) 
2026-09-13 16:39:52,972 - INFO - Epoch [  21/2000] LR: 0.001950 | Train Loss: 0.006283 (Data: 0.00627, Mono: 0.00002) | Val MSE: 0.000075 (RMSE: 0.0086) [BEST]
2026-09-13 16:39:53,308 - INFO - Epoch [  30/2000] LR: 0.000100 | Train Loss: 0.005685 (Data: 0.00568, Mono: 0.00002) | Val MSE: 0.000084 (RMSE: 0.0091) 
2026-09-13 16:39:53,674 - INFO - Epoch [  40/2000] LR: 0.000100 | Train Loss: 0.005673 (Data: 0.00566, Mono: 0.00002) | Val MSE: 0.000084 (RMSE: 0.0092) 
2026-09-13 16:39:54,035 - INFO - Epoch [  50/2000] LR: 0.000100 | Train Loss: 0.005612 (Data: 0.00560, Mono: 0.00002) | Val MSE: 0.000092 (RMSE: 0.0096) 
2026-09-13 16:39:54,455 - INFO - Epoch [  60/2000] LR: 0.000100 | Train Loss: 0.005603 (Data: 0.00560, Mono: 0.00002) | Val MSE: 0.000090 (RMSE: 0.0095) 
2026-09-13 16:39:54,830 - INFO - Epoch [  70/2000] LR: 0.000100 | Train Loss: 0.005522 (Data: 0.00551, Mono: 0.00002) | Val MSE: 0.000087 (RMSE: 0.0093) 
2026-09-13 16:39:55,214 - INFO - Epoch [  80/2000] LR: 0.000100 | Train Loss: 0.005371 (Data: 0.00536, Mono: 0.00002) | Val MSE: 0.000088 (RMSE: 0.0094) 
2026-09-13 16:39:55,583 - INFO - Epoch [  90/2000] LR: 0.000100 | Train Loss: 0.005388 (Data: 0.00538, Mono: 0.00002) | Val MSE: 0.000085 (RMSE: 0.0092) 
2026-09-13 16:39:55,984 - INFO - Epoch [ 100/2000] LR: 0.000100 | Train Loss: 0.005388 (Data: 0.00538, Mono: 0.00002) | Val MSE: 0.000088 (RMSE: 0.0094) 
2026-09-13 16:39:56,373 - INFO - Epoch [ 110/2000] LR: 0.000100 | Train Loss: 0.005222 (Data: 0.00521, Mono: 0.00002) | Val MSE: 0.000085 (RMSE: 0.0092) 
2026-09-13 16:39:56,779 - INFO - Epoch [ 120/2000] LR: 0.000099 | Train Loss: 0.005293 (Data: 0.00528, Mono: 0.00002) | Val MSE: 0.000085 (RMSE: 0.0092) 
2026-09-13 16:39:57,172 - INFO - Epoch [ 130/2000] LR: 0.000099 | Train Loss: 0.005022 (Data: 0.00501, Mono: 0.00002) | Val MSE: 0.000084 (RMSE: 0.0091) 
2026-09-13 16:39:57,553 - INFO - Epoch [ 140/2000] LR: 0.000099 | Train Loss: 0.004800 (Data: 0.00479, Mono: 0.00002) | Val MSE: 0.000091 (RMSE: 0.0096) 
2026-09-13 16:39:57,915 - INFO - Epoch [ 150/2000] LR: 0.000099 | Train Loss: 0.004899 (Data: 0.00489, Mono: 0.00002) | Val MSE: 0.000087 (RMSE: 0.0093) 
2026-09-13 16:39:58,322 - INFO - Epoch [ 160/2000] LR: 0.000099 | Train Loss: 0.004791 (Data: 0.00478, Mono: 0.00002) | Val MSE: 0.000082 (RMSE: 0.0091) 
2026-09-13 16:39:58,698 - INFO - Epoch [ 170/2000] LR: 0.000099 | Train Loss: 0.004787 (Data: 0.00478, Mono: 0.00002) | Val MSE: 0.000082 (RMSE: 0.0090) 
2026-09-13 16:39:59,069 - INFO - Epoch [ 180/2000] LR: 0.000099 | Train Loss: 0.004608 (Data: 0.00460, Mono: 0.00002) | Val MSE: 0.000085 (RMSE: 0.0092) 
2026-09-13 16:39:59,447 - INFO - Epoch [ 190/2000] LR: 0.000098 | Train Loss: 0.004633 (Data: 0.00463, Mono: 0.00002) | Val MSE: 0.000086 (RMSE: 0.0093) 
2026-09-13 16:39:59,801 - INFO - Epoch [ 200/2000] LR: 0.000098 | Train Loss: 0.004433 (Data: 0.00443, Mono: 0.00002) | Val MSE: 0.000085 (RMSE: 0.0092) 
2026-09-13 16:40:00,185 - INFO - Epoch [ 210/2000] LR: 0.000098 | Train Loss: 0.004443 (Data: 0.00444, Mono: 0.00002) | Val MSE: 0.000088 (RMSE: 0.0094) 
2026-09-13 16:40:00,550 - INFO - Epoch [ 220/2000] LR: 0.000098 | Train Loss: 0.004251 (Data: 0.00424, Mono: 0.00002) | Val MSE: 0.000089 (RMSE: 0.0095) 
2026-09-13 16:40:00,911 - INFO - Epoch [ 230/2000] LR: 0.000098 | Train Loss: 0.004255 (Data: 0.00425, Mono: 0.00002) | Val MSE: 0.000082 (RMSE: 0.0090) 
2026-09-13 16:40:01,266 - INFO - Epoch [ 240/2000] LR: 0.000097 | Train Loss: 0.004263 (Data: 0.00426, Mono: 0.00002) | Val MSE: 0.000084 (RMSE: 0.0092) 
2026-09-13 16:40:01,624 - INFO - Epoch [ 250/2000] LR: 0.000097 | Train Loss: 0.004181 (Data: 0.00417, Mono: 0.00002) | Val MSE: 0.000092 (RMSE: 0.0096) 
2026-09-13 16:40:01,976 - INFO - Epoch [ 260/2000] LR: 0.000097 | Train Loss: 0.004103 (Data: 0.00410, Mono: 0.00002) | Val MSE: 0.000084 (RMSE: 0.0092) 
2026-09-13 16:40:02,329 - INFO - Epoch [ 270/2000] LR: 0.000096 | Train Loss: 0.003891 (Data: 0.00388, Mono: 0.00002) | Val MSE: 0.000091 (RMSE: 0.0096) 
2026-09-13 16:40:02,680 - INFO - Epoch [ 280/2000] LR: 0.000096 | Train Loss: 0.003899 (Data: 0.00389, Mono: 0.00002) | Val MSE: 0.000087 (RMSE: 0.0093) 
2026-09-13 16:40:03,034 - INFO - Epoch [ 290/2000] LR: 0.000096 | Train Loss: 0.003848 (Data: 0.00384, Mono: 0.00002) | Val MSE: 0.000094 (RMSE: 0.0097) 
2026-09-13 16:40:03,384 - INFO - Epoch [ 300/2000] LR: 0.000096 | Train Loss: 0.003749 (Data: 0.00374, Mono: 0.00002) | Val MSE: 0.000090 (RMSE: 0.0095) 
2026-09-13 16:40:03,748 - INFO - Epoch [ 310/2000] LR: 0.000095 | Train Loss: 0.003701 (Data: 0.00369, Mono: 0.00002) | Val MSE: 0.000087 (RMSE: 0.0093) 
2026-09-13 16:40:04,103 - INFO - Epoch [ 320/2000] LR: 0.000095 | Train Loss: 0.003719 (Data: 0.00371, Mono: 0.00002) | Val MSE: 0.000084 (RMSE: 0.0092) 
2026-09-13 16:40:04,456 - INFO - Epoch [ 330/2000] LR: 0.000094 | Train Loss: 0.003578 (Data: 0.00357, Mono: 0.00002) | Val MSE: 0.000092 (RMSE: 0.0096) 
2026-09-13 16:40:04,846 - INFO - Epoch [ 340/2000] LR: 0.000094 | Train Loss: 0.003496 (Data: 0.00349, Mono: 0.00002) | Val MSE: 0.000092 (RMSE: 0.0096) 
2026-09-13 16:40:05,201 - INFO - Epoch [ 350/2000] LR: 0.000094 | Train Loss: 0.003488 (Data: 0.00348, Mono: 0.00002) | Val MSE: 0.000091 (RMSE: 0.0095) 
2026-09-13 16:40:05,566 - INFO - Epoch [ 360/2000] LR: 0.000093 | Train Loss: 0.003478 (Data: 0.00347, Mono: 0.00002) | Val MSE: 0.000088 (RMSE: 0.0094) 
2026-09-13 16:40:05,927 - INFO - Epoch [ 370/2000] LR: 0.000093 | Train Loss: 0.003464 (Data: 0.00346, Mono: 0.00002) | Val MSE: 0.000093 (RMSE: 0.0097) 
2026-09-13 16:40:06,289 - INFO - Epoch [ 380/2000] LR: 0.000093 | Train Loss: 0.003321 (Data: 0.00331, Mono: 0.00002) | Val MSE: 0.000088 (RMSE: 0.0094) 
2026-09-13 16:40:06,644 - INFO - Epoch [ 390/2000] LR: 0.000092 | Train Loss: 0.003327 (Data: 0.00332, Mono: 0.00001) | Val MSE: 0.000095 (RMSE: 0.0097) 
2026-09-13 16:40:07,044 - INFO - Epoch [ 400/2000] LR: 0.000092 | Train Loss: 0.003214 (Data: 0.00321, Mono: 0.00002) | Val MSE: 0.000095 (RMSE: 0.0097) 
2026-09-13 16:40:07,431 - INFO - Epoch [ 410/2000] LR: 0.000091 | Train Loss: 0.003161 (Data: 0.00315, Mono: 0.00002) | Val MSE: 0.000097 (RMSE: 0.0099) 
2026-09-13 16:40:07,793 - INFO - Epoch [ 420/2000] LR: 0.000091 | Train Loss: 0.003137 (Data: 0.00313, Mono: 0.00001) | Val MSE: 0.000089 (RMSE: 0.0094) 
2026-09-13 16:40:08,166 - INFO - Epoch [ 430/2000] LR: 0.000090 | Train Loss: 0.003089 (Data: 0.00308, Mono: 0.00001) | Val MSE: 0.000092 (RMSE: 0.0096) 
2026-09-13 16:40:08,526 - INFO - Epoch [ 440/2000] LR: 0.000090 | Train Loss: 0.003182 (Data: 0.00318, Mono: 0.00001) | Val MSE: 0.000096 (RMSE: 0.0098) 
2026-09-13 16:40:08,907 - INFO - Epoch [ 450/2000] LR: 0.000089 | Train Loss: 0.003122 (Data: 0.00312, Mono: 0.00002) | Val MSE: 0.000095 (RMSE: 0.0097) 
2026-09-13 16:40:09,277 - INFO - Epoch [ 460/2000] LR: 0.000089 | Train Loss: 0.002920 (Data: 0.00291, Mono: 0.00001) | Val MSE: 0.000095 (RMSE: 0.0097) 
2026-09-13 16:40:09,639 - INFO - Epoch [ 470/2000] LR: 0.000088 | Train Loss: 0.002899 (Data: 0.00289, Mono: 0.00001) | Val MSE: 0.000098 (RMSE: 0.0099) 
2026-09-13 16:40:10,028 - INFO - Epoch [ 480/2000] LR: 0.000088 | Train Loss: 0.002927 (Data: 0.00292, Mono: 0.00001) | Val MSE: 0.000103 (RMSE: 0.0101) 
2026-09-13 16:40:10,391 - INFO - Epoch [ 490/2000] LR: 0.000087 | Train Loss: 0.002816 (Data: 0.00281, Mono: 0.00002) | Val MSE: 0.000103 (RMSE: 0.0102) 
2026-09-13 16:40:10,746 - INFO - Epoch [ 500/2000] LR: 0.000087 | Train Loss: 0.002869 (Data: 0.00286, Mono: 0.00002) | Val MSE: 0.000102 (RMSE: 0.0101) 
2026-09-13 16:40:11,103 - INFO - Epoch [ 510/2000] LR: 0.000086 | Train Loss: 0.002715 (Data: 0.00271, Mono: 0.00001) | Val MSE: 0.000107 (RMSE: 0.0104) 
2026-09-13 16:40:11,479 - INFO - Epoch [ 520/2000] LR: 0.000086 | Train Loss: 0.002806 (Data: 0.00280, Mono: 0.00002) | Val MSE: 0.000099 (RMSE: 0.0099) 
2026-09-13 16:40:11,857 - INFO - Epoch [ 530/2000] LR: 0.000085 | Train Loss: 0.002696 (Data: 0.00269, Mono: 0.00001) | Val MSE: 0.000105 (RMSE: 0.0103) 
2026-09-13 16:40:12,214 - INFO - Epoch [ 540/2000] LR: 0.000085 | Train Loss: 0.002750 (Data: 0.00274, Mono: 0.00001) | Val MSE: 0.000106 (RMSE: 0.0103) 
2026-09-13 16:40:12,573 - INFO - Epoch [ 550/2000] LR: 0.000084 | Train Loss: 0.002667 (Data: 0.00266, Mono: 0.00001) | Val MSE: 0.000100 (RMSE: 0.0100) 
2026-09-13 16:40:12,940 - INFO - Epoch [ 560/2000] LR: 0.000083 | Train Loss: 0.002672 (Data: 0.00267, Mono: 0.00002) | Val MSE: 0.000110 (RMSE: 0.0105) 
2026-09-13 16:40:13,306 - INFO - Epoch [ 570/2000] LR: 0.000083 | Train Loss: 0.002613 (Data: 0.00261, Mono: 0.00001) | Val MSE: 0.000104 (RMSE: 0.0102) 
2026-09-13 16:40:13,675 - INFO - Epoch [ 580/2000] LR: 0.000082 | Train Loss: 0.002600 (Data: 0.00259, Mono: 0.00001) | Val MSE: 0.000118 (RMSE: 0.0109) 
2026-09-13 16:40:14,031 - INFO - Epoch [ 590/2000] LR: 0.000082 | Train Loss: 0.002554 (Data: 0.00255, Mono: 0.00001) | Val MSE: 0.000101 (RMSE: 0.0100) 
2026-09-13 16:40:14,386 - INFO - Epoch [ 600/2000] LR: 0.000081 | Train Loss: 0.002541 (Data: 0.00254, Mono: 0.00001) | Val MSE: 0.000105 (RMSE: 0.0103) 
2026-09-13 16:40:14,754 - INFO - Epoch [ 610/2000] LR: 0.000080 | Train Loss: 0.002573 (Data: 0.00257, Mono: 0.00001) | Val MSE: 0.000110 (RMSE: 0.0105) 
2026-09-13 16:40:15,121 - INFO - Epoch [ 620/2000] LR: 0.000080 | Train Loss: 0.002458 (Data: 0.00245, Mono: 0.00001) | Val MSE: 0.000121 (RMSE: 0.0110) 
2026-09-13 16:40:15,482 - INFO - Epoch [ 630/2000] LR: 0.000079 | Train Loss: 0.002467 (Data: 0.00246, Mono: 0.00001) | Val MSE: 0.000107 (RMSE: 0.0104) 
2026-09-13 16:40:15,845 - INFO - Epoch [ 640/2000] LR: 0.000078 | Train Loss: 0.002431 (Data: 0.00243, Mono: 0.00001) | Val MSE: 0.000129 (RMSE: 0.0113) 
2026-09-13 16:40:16,207 - INFO - Epoch [ 650/2000] LR: 0.000078 | Train Loss: 0.002438 (Data: 0.00243, Mono: 0.00001) | Val MSE: 0.000117 (RMSE: 0.0108) 
2026-09-13 16:40:16,565 - INFO - Epoch [ 660/2000] LR: 0.000077 | Train Loss: 0.002476 (Data: 0.00247, Mono: 0.00001) | Val MSE: 0.000126 (RMSE: 0.0112) 
2026-09-13 16:40:16,931 - INFO - Epoch [ 670/2000] LR: 0.000077 | Train Loss: 0.002421 (Data: 0.00242, Mono: 0.00001) | Val MSE: 0.000116 (RMSE: 0.0108) 
2026-09-13 16:40:17,307 - INFO - Epoch [ 680/2000] LR: 0.000076 | Train Loss: 0.002379 (Data: 0.00237, Mono: 0.00001) | Val MSE: 0.000137 (RMSE: 0.0117) 
2026-09-13 16:40:17,667 - INFO - Epoch [ 690/2000] LR: 0.000075 | Train Loss: 0.002336 (Data: 0.00233, Mono: 0.00001) | Val MSE: 0.000108 (RMSE: 0.0104) 
2026-09-13 16:40:18,036 - INFO - Epoch [ 700/2000] LR: 0.000074 | Train Loss: 0.002378 (Data: 0.00237, Mono: 0.00001) | Val MSE: 0.000140 (RMSE: 0.0118) 
2026-09-13 16:40:18,396 - INFO - Epoch [ 710/2000] LR: 0.000074 | Train Loss: 0.002301 (Data: 0.00230, Mono: 0.00001) | Val MSE: 0.000114 (RMSE: 0.0107) 
2026-09-13 16:40:18,758 - INFO - Epoch [ 720/2000] LR: 0.000073 | Train Loss: 0.002262 (Data: 0.00226, Mono: 0.00001) | Val MSE: 0.000118 (RMSE: 0.0109) 
2026-09-13 16:40:19,140 - INFO - Epoch [ 730/2000] LR: 0.000072 | Train Loss: 0.002249 (Data: 0.00224, Mono: 0.00001) | Val MSE: 0.000118 (RMSE: 0.0109) 
2026-09-13 16:40:19,520 - INFO - Epoch [ 740/2000] LR: 0.000072 | Train Loss: 0.002255 (Data: 0.00225, Mono: 0.00001) | Val MSE: 0.000116 (RMSE: 0.0108) 
2026-09-13 16:40:19,880 - INFO - Epoch [ 750/2000] LR: 0.000071 | Train Loss: 0.002258 (Data: 0.00225, Mono: 0.00001) | Val MSE: 0.000127 (RMSE: 0.0113) 
2026-09-13 16:40:20,244 - INFO - Epoch [ 760/2000] LR: 0.000070 | Train Loss: 0.002215 (Data: 0.00221, Mono: 0.00001) | Val MSE: 0.000125 (RMSE: 0.0112) 
2026-09-13 16:40:20,603 - INFO - Epoch [ 770/2000] LR: 0.000070 | Train Loss: 0.002235 (Data: 0.00223, Mono: 0.00001) | Val MSE: 0.000115 (RMSE: 0.0107) 
2026-09-13 16:40:20,965 - INFO - Epoch [ 780/2000] LR: 0.000069 | Train Loss: 0.002215 (Data: 0.00221, Mono: 0.00001) | Val MSE: 0.000122 (RMSE: 0.0111) 
2026-09-13 16:40:21,335 - INFO - Epoch [ 790/2000] LR: 0.000068 | Train Loss: 0.002219 (Data: 0.00221, Mono: 0.00001) | Val MSE: 0.000124 (RMSE: 0.0111) 
2026-09-13 16:40:21,700 - INFO - Epoch [ 800/2000] LR: 0.000067 | Train Loss: 0.002205 (Data: 0.00220, Mono: 0.00001) | Val MSE: 0.000122 (RMSE: 0.0110) 
2026-09-13 16:40:22,066 - INFO - Epoch [ 810/2000] LR: 0.000067 | Train Loss: 0.002180 (Data: 0.00217, Mono: 0.00001) | Val MSE: 0.000123 (RMSE: 0.0111) 
2026-09-13 16:40:22,442 - INFO - Epoch [ 820/2000] LR: 0.000066 | Train Loss: 0.002162 (Data: 0.00216, Mono: 0.00001) | Val MSE: 0.000120 (RMSE: 0.0110) 
2026-09-13 16:40:22,840 - INFO - Epoch [ 830/2000] LR: 0.000065 | Train Loss: 0.002153 (Data: 0.00215, Mono: 0.00001) | Val MSE: 0.000142 (RMSE: 0.0119) 
2026-09-13 16:40:23,253 - INFO - Epoch [ 840/2000] LR: 0.000064 | Train Loss: 0.002104 (Data: 0.00210, Mono: 0.00001) | Val MSE: 0.000137 (RMSE: 0.0117) 
2026-09-13 16:40:23,627 - INFO - Epoch [ 850/2000] LR: 0.000064 | Train Loss: 0.002133 (Data: 0.00213, Mono: 0.00001) | Val MSE: 0.000127 (RMSE: 0.0113) 
2026-09-13 16:40:23,987 - INFO - Epoch [ 860/2000] LR: 0.000063 | Train Loss: 0.002084 (Data: 0.00208, Mono: 0.00001) | Val MSE: 0.000131 (RMSE: 0.0114) 
2026-09-13 16:40:24,349 - INFO - Epoch [ 870/2000] LR: 0.000062 | Train Loss: 0.002071 (Data: 0.00207, Mono: 0.00001) | Val MSE: 0.000128 (RMSE: 0.0113) 
2026-09-13 16:40:24,726 - INFO - Epoch [ 880/2000] LR: 0.000061 | Train Loss: 0.002060 (Data: 0.00206, Mono: 0.00001) | Val MSE: 0.000141 (RMSE: 0.0119) 
2026-09-13 16:40:25,096 - INFO - Epoch [ 890/2000] LR: 0.000061 | Train Loss: 0.002074 (Data: 0.00207, Mono: 0.00001) | Val MSE: 0.000128 (RMSE: 0.0113) 
2026-09-13 16:40:25,464 - INFO - Epoch [ 900/2000] LR: 0.000060 | Train Loss: 0.002118 (Data: 0.00211, Mono: 0.00001) | Val MSE: 0.000132 (RMSE: 0.0115) 
2026-09-13 16:40:25,863 - INFO - Epoch [ 910/2000] LR: 0.000059 | Train Loss: 0.001978 (Data: 0.00197, Mono: 0.00001) | Val MSE: 0.000138 (RMSE: 0.0118) 
2026-09-13 16:40:26,224 - INFO - Epoch [ 920/2000] LR: 0.000058 | Train Loss: 0.002028 (Data: 0.00202, Mono: 0.00001) | Val MSE: 0.000141 (RMSE: 0.0119) 
2026-09-13 16:40:26,589 - INFO - Epoch [ 930/2000] LR: 0.000057 | Train Loss: 0.001995 (Data: 0.00199, Mono: 0.00001) | Val MSE: 0.000132 (RMSE: 0.0115) 
2026-09-13 16:40:26,985 - INFO - Epoch [ 940/2000] LR: 0.000057 | Train Loss: 0.002055 (Data: 0.00205, Mono: 0.00001) | Val MSE: 0.000132 (RMSE: 0.0115) 
2026-09-13 16:40:27,421 - INFO - Epoch [ 950/2000] LR: 0.000056 | Train Loss: 0.001997 (Data: 0.00199, Mono: 0.00001) | Val MSE: 0.000132 (RMSE: 0.0115) 
2026-09-13 16:40:27,841 - INFO - Epoch [ 960/2000] LR: 0.000055 | Train Loss: 0.001936 (Data: 0.00193, Mono: 0.00001) | Val MSE: 0.000135 (RMSE: 0.0116) 
2026-09-13 16:40:28,271 - INFO - Epoch [ 970/2000] LR: 0.000054 | Train Loss: 0.001987 (Data: 0.00198, Mono: 0.00001) | Val MSE: 0.000140 (RMSE: 0.0118) 
2026-09-13 16:40:28,723 - INFO - Epoch [ 980/2000] LR: 0.000054 | Train Loss: 0.002023 (Data: 0.00202, Mono: 0.00001) | Val MSE: 0.000141 (RMSE: 0.0119) 
2026-09-13 16:40:29,169 - INFO - Epoch [ 990/2000] LR: 0.000053 | Train Loss: 0.001936 (Data: 0.00193, Mono: 0.00001) | Val MSE: 0.000138 (RMSE: 0.0117) 
2026-09-13 16:40:29,578 - INFO - Epoch [1000/2000] LR: 0.000052 | Train Loss: 0.001966 (Data: 0.00196, Mono: 0.00001) | Val MSE: 0.000143 (RMSE: 0.0120) 
2026-09-13 16:40:29,989 - INFO - Epoch [1010/2000] LR: 0.000051 | Train Loss: 0.001990 (Data: 0.00198, Mono: 0.00001) | Val MSE: 0.000135 (RMSE: 0.0116) 
2026-09-13 16:40:30,392 - INFO - Epoch [1020/2000] LR: 0.000050 | Train Loss: 0.001942 (Data: 0.00194, Mono: 0.00001) | Val MSE: 0.000133 (RMSE: 0.0115) 
2026-09-13 16:40:30,785 - INFO - Epoch [1030/2000] LR: 0.000050 | Train Loss: 0.001903 (Data: 0.00190, Mono: 0.00001) | Val MSE: 0.000139 (RMSE: 0.0118) 
2026-09-13 16:40:31,176 - INFO - Epoch [1040/2000] LR: 0.000049 | Train Loss: 0.001913 (Data: 0.00191, Mono: 0.00001) | Val MSE: 0.000141 (RMSE: 0.0119) 
2026-09-13 16:40:31,576 - INFO - Epoch [1050/2000] LR: 0.000048 | Train Loss: 0.001898 (Data: 0.00189, Mono: 0.00001) | Val MSE: 0.000142 (RMSE: 0.0119) 
2026-09-13 16:40:31,996 - INFO - Epoch [1060/2000] LR: 0.000047 | Train Loss: 0.001885 (Data: 0.00188, Mono: 0.00001) | Val MSE: 0.000137 (RMSE: 0.0117) 
2026-09-13 16:40:32,394 - INFO - Epoch [1070/2000] LR: 0.000046 | Train Loss: 0.001842 (Data: 0.00184, Mono: 0.00001) | Val MSE: 0.000140 (RMSE: 0.0119) 
2026-09-13 16:40:32,795 - INFO - Epoch [1080/2000] LR: 0.000046 | Train Loss: 0.001883 (Data: 0.00188, Mono: 0.00001) | Val MSE: 0.000143 (RMSE: 0.0119) 
2026-09-13 16:40:33,219 - INFO - Epoch [1090/2000] LR: 0.000045 | Train Loss: 0.001891 (Data: 0.00189, Mono: 0.00001) | Val MSE: 0.000142 (RMSE: 0.0119) 
2026-09-13 16:40:33,631 - INFO - Epoch [1100/2000] LR: 0.000044 | Train Loss: 0.001897 (Data: 0.00189, Mono: 0.00001) | Val MSE: 0.000145 (RMSE: 0.0120) 
2026-09-13 16:40:34,050 - INFO - Epoch [1110/2000] LR: 0.000043 | Train Loss: 0.001858 (Data: 0.00185, Mono: 0.00001) | Val MSE: 0.000145 (RMSE: 0.0120) 
2026-09-13 16:40:34,441 - INFO - Epoch [1120/2000] LR: 0.000043 | Train Loss: 0.001833 (Data: 0.00183, Mono: 0.00001) | Val MSE: 0.000142 (RMSE: 0.0119) 
2026-09-13 16:40:34,826 - INFO - Epoch [1130/2000] LR: 0.000042 | Train Loss: 0.001788 (Data: 0.00178, Mono: 0.00001) | Val MSE: 0.000145 (RMSE: 0.0120) 
2026-09-13 16:40:35,220 - INFO - Epoch [1140/2000] LR: 0.000041 | Train Loss: 0.001868 (Data: 0.00186, Mono: 0.00001) | Val MSE: 0.000144 (RMSE: 0.0120) 
2026-09-13 16:40:35,602 - INFO - Epoch [1150/2000] LR: 0.000040 | Train Loss: 0.001837 (Data: 0.00183, Mono: 0.00001) | Val MSE: 0.000146 (RMSE: 0.0121) 
2026-09-13 16:40:36,022 - INFO - Epoch [1160/2000] LR: 0.000040 | Train Loss: 0.001858 (Data: 0.00185, Mono: 0.00001) | Val MSE: 0.000150 (RMSE: 0.0122) 
2026-09-13 16:40:36,443 - INFO - Epoch [1170/2000] LR: 0.000039 | Train Loss: 0.001817 (Data: 0.00181, Mono: 0.00001) | Val MSE: 0.000156 (RMSE: 0.0125) 
2026-09-13 16:40:36,878 - INFO - Epoch [1180/2000] LR: 0.000038 | Train Loss: 0.001826 (Data: 0.00182, Mono: 0.00001) | Val MSE: 0.000147 (RMSE: 0.0121) 
2026-09-13 16:40:37,319 - INFO - Epoch [1190/2000] LR: 0.000037 | Train Loss: 0.001795 (Data: 0.00179, Mono: 0.00001) | Val MSE: 0.000147 (RMSE: 0.0121) 
2026-09-13 16:40:37,751 - INFO - Epoch [1200/2000] LR: 0.000036 | Train Loss: 0.001769 (Data: 0.00176, Mono: 0.00001) | Val MSE: 0.000147 (RMSE: 0.0121) 
2026-09-13 16:40:38,173 - INFO - Epoch [1210/2000] LR: 0.000036 | Train Loss: 0.001775 (Data: 0.00177, Mono: 0.00001) | Val MSE: 0.000166 (RMSE: 0.0129) 
2026-09-13 16:40:38,602 - INFO - Epoch [1220/2000] LR: 0.000035 | Train Loss: 0.001750 (Data: 0.00175, Mono: 0.00001) | Val MSE: 0.000147 (RMSE: 0.0121) 
2026-09-13 16:40:39,011 - INFO - Epoch [1230/2000] LR: 0.000034 | Train Loss: 0.001798 (Data: 0.00179, Mono: 0.00001) | Val MSE: 0.000148 (RMSE: 0.0122) 
2026-09-13 16:40:39,412 - INFO - Epoch [1240/2000] LR: 0.000034 | Train Loss: 0.001750 (Data: 0.00175, Mono: 0.00001) | Val MSE: 0.000146 (RMSE: 0.0121) 
2026-09-13 16:40:39,837 - INFO - Epoch [1250/2000] LR: 0.000033 | Train Loss: 0.001827 (Data: 0.00182, Mono: 0.00001) | Val MSE: 0.000147 (RMSE: 0.0121) 
2026-09-13 16:40:40,243 - INFO - Epoch [1260/2000] LR: 0.000032 | Train Loss: 0.001812 (Data: 0.00181, Mono: 0.00001) | Val MSE: 0.000153 (RMSE: 0.0124) 
2026-09-13 16:40:40,641 - INFO - Epoch [1270/2000] LR: 0.000031 | Train Loss: 0.001758 (Data: 0.00175, Mono: 0.00001) | Val MSE: 0.000158 (RMSE: 0.0126) 
2026-09-13 16:40:41,058 - INFO - Epoch [1280/2000] LR: 0.000031 | Train Loss: 0.001762 (Data: 0.00176, Mono: 0.00001) | Val MSE: 0.000161 (RMSE: 0.0127) 
2026-09-13 16:40:41,474 - INFO - Epoch [1290/2000] LR: 0.000030 | Train Loss: 0.001771 (Data: 0.00177, Mono: 0.00001) | Val MSE: 0.000150 (RMSE: 0.0122) 
2026-09-13 16:40:41,887 - INFO - Epoch [1300/2000] LR: 0.000029 | Train Loss: 0.001796 (Data: 0.00179, Mono: 0.00001) | Val MSE: 0.000155 (RMSE: 0.0125) 
2026-09-13 16:40:42,340 - INFO - Epoch [1310/2000] LR: 0.000028 | Train Loss: 0.001728 (Data: 0.00172, Mono: 0.00001) | Val MSE: 0.000150 (RMSE: 0.0122) 
2026-09-13 16:40:42,744 - INFO - Epoch [1320/2000] LR: 0.000028 | Train Loss: 0.001738 (Data: 0.00173, Mono: 0.00001) | Val MSE: 0.000150 (RMSE: 0.0123) 
2026-09-13 16:40:43,145 - INFO - Epoch [1330/2000] LR: 0.000027 | Train Loss: 0.001724 (Data: 0.00172, Mono: 0.00001) | Val MSE: 0.000152 (RMSE: 0.0123) 
2026-09-13 16:40:43,540 - INFO - Epoch [1340/2000] LR: 0.000026 | Train Loss: 0.001742 (Data: 0.00174, Mono: 0.00001) | Val MSE: 0.000154 (RMSE: 0.0124) 
2026-09-13 16:40:43,937 - INFO - Epoch [1350/2000] LR: 0.000026 | Train Loss: 0.001708 (Data: 0.00170, Mono: 0.00001) | Val MSE: 0.000155 (RMSE: 0.0125) 
2026-09-13 16:40:44,351 - INFO - Epoch [1360/2000] LR: 0.000025 | Train Loss: 0.001760 (Data: 0.00176, Mono: 0.00001) | Val MSE: 0.000148 (RMSE: 0.0122) 
2026-09-13 16:40:44,747 - INFO - Epoch [1370/2000] LR: 0.000024 | Train Loss: 0.001770 (Data: 0.00177, Mono: 0.00001) | Val MSE: 0.000153 (RMSE: 0.0124) 
2026-09-13 16:40:45,138 - INFO - Epoch [1380/2000] LR: 0.000024 | Train Loss: 0.001669 (Data: 0.00166, Mono: 0.00001) | Val MSE: 0.000153 (RMSE: 0.0124) 
2026-09-13 16:40:45,533 - INFO - Epoch [1390/2000] LR: 0.000023 | Train Loss: 0.001713 (Data: 0.00171, Mono: 0.00001) | Val MSE: 0.000151 (RMSE: 0.0123) 
2026-09-13 16:40:45,939 - INFO - Epoch [1400/2000] LR: 0.000022 | Train Loss: 0.001700 (Data: 0.00170, Mono: 0.00001) | Val MSE: 0.000152 (RMSE: 0.0123) 
2026-09-13 16:40:46,373 - INFO - Epoch [1410/2000] LR: 0.000022 | Train Loss: 0.001716 (Data: 0.00171, Mono: 0.00001) | Val MSE: 0.000155 (RMSE: 0.0125) 
2026-09-13 16:40:46,769 - INFO - Epoch [1420/2000] LR: 0.000021 | Train Loss: 0.001718 (Data: 0.00171, Mono: 0.00001) | Val MSE: 0.000158 (RMSE: 0.0126) 
2026-09-13 16:40:47,183 - INFO - Epoch [1430/2000] LR: 0.000021 | Train Loss: 0.001677 (Data: 0.00167, Mono: 0.00001) | Val MSE: 0.000150 (RMSE: 0.0122) 
2026-09-13 16:40:47,596 - INFO - Epoch [1440/2000] LR: 0.000020 | Train Loss: 0.001697 (Data: 0.00169, Mono: 0.00001) | Val MSE: 0.000151 (RMSE: 0.0123) 
2026-09-13 16:40:48,014 - INFO - Epoch [1450/2000] LR: 0.000019 | Train Loss: 0.001720 (Data: 0.00172, Mono: 0.00001) | Val MSE: 0.000154 (RMSE: 0.0124) 
2026-09-13 16:40:48,407 - INFO - Epoch [1460/2000] LR: 0.000019 | Train Loss: 0.001668 (Data: 0.00166, Mono: 0.00001) | Val MSE: 0.000154 (RMSE: 0.0124) 
2026-09-13 16:40:48,815 - INFO - Epoch [1470/2000] LR: 0.000018 | Train Loss: 0.001713 (Data: 0.00171, Mono: 0.00001) | Val MSE: 0.000154 (RMSE: 0.0124) 
2026-09-13 16:40:49,212 - INFO - Epoch [1480/2000] LR: 0.000018 | Train Loss: 0.001720 (Data: 0.00172, Mono: 0.00001) | Val MSE: 0.000155 (RMSE: 0.0125) 
2026-09-13 16:40:49,616 - INFO - Epoch [1490/2000] LR: 0.000017 | Train Loss: 0.001677 (Data: 0.00167, Mono: 0.00001) | Val MSE: 0.000154 (RMSE: 0.0124) 
2026-09-13 16:40:50,037 - INFO - Epoch [1500/2000] LR: 0.000016 | Train Loss: 0.001671 (Data: 0.00167, Mono: 0.00001) | Val MSE: 0.000154 (RMSE: 0.0124) 
2026-09-13 16:40:50,455 - INFO - Epoch [1510/2000] LR: 0.000016 | Train Loss: 0.001716 (Data: 0.00171, Mono: 0.00001) | Val MSE: 0.000157 (RMSE: 0.0125) 
2026-09-13 16:40:50,869 - INFO - Epoch [1520/2000] LR: 0.000015 | Train Loss: 0.001661 (Data: 0.00166, Mono: 0.00001) | Val MSE: 0.000152 (RMSE: 0.0123) 
2026-09-13 16:40:51,270 - INFO - Epoch [1530/2000] LR: 0.000015 | Train Loss: 0.001670 (Data: 0.00167, Mono: 0.00001) | Val MSE: 0.000155 (RMSE: 0.0124) 
2026-09-13 16:40:51,666 - INFO - Epoch [1540/2000] LR: 0.000014 | Train Loss: 0.001668 (Data: 0.00166, Mono: 0.00001) | Val MSE: 0.000155 (RMSE: 0.0125) 
2026-09-13 16:40:52,092 - INFO - Epoch [1550/2000] LR: 0.000014 | Train Loss: 0.001674 (Data: 0.00167, Mono: 0.00001) | Val MSE: 0.000153 (RMSE: 0.0124) 
2026-09-13 16:40:52,511 - INFO - Epoch [1560/2000] LR: 0.000013 | Train Loss: 0.001678 (Data: 0.00167, Mono: 0.00001) | Val MSE: 0.000154 (RMSE: 0.0124) 
2026-09-13 16:40:52,942 - INFO - Epoch [1570/2000] LR: 0.000013 | Train Loss: 0.001633 (Data: 0.00163, Mono: 0.00001) | Val MSE: 0.000153 (RMSE: 0.0124) 
2026-09-13 16:40:53,358 - INFO - Epoch [1580/2000] LR: 0.000012 | Train Loss: 0.001661 (Data: 0.00166, Mono: 0.00001) | Val MSE: 0.000156 (RMSE: 0.0125) 
2026-09-13 16:40:53,781 - INFO - Epoch [1590/2000] LR: 0.000012 | Train Loss: 0.001645 (Data: 0.00164, Mono: 0.00001) | Val MSE: 0.000156 (RMSE: 0.0125) 
2026-09-13 16:40:54,203 - INFO - Epoch [1600/2000] LR: 0.000011 | Train Loss: 0.001676 (Data: 0.00167, Mono: 0.00001) | Val MSE: 0.000155 (RMSE: 0.0124) 
2026-09-13 16:40:54,615 - INFO - Epoch [1610/2000] LR: 0.000011 | Train Loss: 0.001687 (Data: 0.00168, Mono: 0.00001) | Val MSE: 0.000157 (RMSE: 0.0125) 
2026-09-13 16:40:55,044 - INFO - Epoch [1620/2000] LR: 0.000010 | Train Loss: 0.001654 (Data: 0.00165, Mono: 0.00001) | Val MSE: 0.000158 (RMSE: 0.0126) 
2026-09-13 16:40:55,461 - INFO - Epoch [1630/2000] LR: 0.000010 | Train Loss: 0.001657 (Data: 0.00165, Mono: 0.00001) | Val MSE: 0.000154 (RMSE: 0.0124) 
2026-09-13 16:40:55,900 - INFO - Epoch [1640/2000] LR: 0.000009 | Train Loss: 0.001672 (Data: 0.00167, Mono: 0.00001) | Val MSE: 0.000153 (RMSE: 0.0124) 
2026-09-13 16:40:56,326 - INFO - Epoch [1650/2000] LR: 0.000009 | Train Loss: 0.001686 (Data: 0.00168, Mono: 0.00001) | Val MSE: 0.000157 (RMSE: 0.0125) 
2026-09-13 16:40:56,759 - INFO - Epoch [1660/2000] LR: 0.000009 | Train Loss: 0.001602 (Data: 0.00160, Mono: 0.00001) | Val MSE: 0.000156 (RMSE: 0.0125) 
2026-09-13 16:40:57,151 - INFO - Epoch [1670/2000] LR: 0.000008 | Train Loss: 0.001616 (Data: 0.00161, Mono: 0.00001) | Val MSE: 0.000157 (RMSE: 0.0125) 
2026-09-13 16:40:57,520 - INFO - Epoch [1680/2000] LR: 0.000008 | Train Loss: 0.001629 (Data: 0.00162, Mono: 0.00001) | Val MSE: 0.000156 (RMSE: 0.0125) 
2026-09-13 16:40:57,899 - INFO - Epoch [1690/2000] LR: 0.000007 | Train Loss: 0.001671 (Data: 0.00167, Mono: 0.00001) | Val MSE: 0.000154 (RMSE: 0.0124) 
2026-09-13 16:40:58,272 - INFO - Epoch [1700/2000] LR: 0.000007 | Train Loss: 0.001645 (Data: 0.00164, Mono: 0.00001) | Val MSE: 0.000158 (RMSE: 0.0126) 
2026-09-13 16:40:58,651 - INFO - Epoch [1710/2000] LR: 0.000007 | Train Loss: 0.001642 (Data: 0.00164, Mono: 0.00001) | Val MSE: 0.000155 (RMSE: 0.0125) 
2026-09-13 16:40:59,026 - INFO - Epoch [1720/2000] LR: 0.000006 | Train Loss: 0.001646 (Data: 0.00164, Mono: 0.00001) | Val MSE: 0.000156 (RMSE: 0.0125) 
2026-09-13 16:40:59,416 - INFO - Epoch [1730/2000] LR: 0.000006 | Train Loss: 0.001658 (Data: 0.00165, Mono: 0.00001) | Val MSE: 0.000155 (RMSE: 0.0124) 
2026-09-13 16:40:59,795 - INFO - Epoch [1740/2000] LR: 0.000006 | Train Loss: 0.001630 (Data: 0.00163, Mono: 0.00001) | Val MSE: 0.000156 (RMSE: 0.0125) 
2026-09-13 16:41:00,179 - INFO - Epoch [1750/2000] LR: 0.000005 | Train Loss: 0.001648 (Data: 0.00164, Mono: 0.00001) | Val MSE: 0.000155 (RMSE: 0.0124) 
2026-09-13 16:41:00,555 - INFO - Epoch [1760/2000] LR: 0.000005 | Train Loss: 0.001720 (Data: 0.00172, Mono: 0.00001) | Val MSE: 0.000156 (RMSE: 0.0125) 
2026-09-13 16:41:00,933 - INFO - Epoch [1770/2000] LR: 0.000005 | Train Loss: 0.001663 (Data: 0.00166, Mono: 0.00001) | Val MSE: 0.000157 (RMSE: 0.0125) 
2026-09-13 16:41:01,308 - INFO - Epoch [1780/2000] LR: 0.000005 | Train Loss: 0.001700 (Data: 0.00170, Mono: 0.00001) | Val MSE: 0.000156 (RMSE: 0.0125) 
2026-09-13 16:41:01,682 - INFO - Epoch [1790/2000] LR: 0.000004 | Train Loss: 0.001645 (Data: 0.00164, Mono: 0.00001) | Val MSE: 0.000156 (RMSE: 0.0125) 
2026-09-13 16:41:02,064 - INFO - Epoch [1800/2000] LR: 0.000004 | Train Loss: 0.001617 (Data: 0.00161, Mono: 0.00001) | Val MSE: 0.000155 (RMSE: 0.0125) 
2026-09-13 16:41:02,441 - INFO - Epoch [1810/2000] LR: 0.000004 | Train Loss: 0.001658 (Data: 0.00165, Mono: 0.00001) | Val MSE: 0.000156 (RMSE: 0.0125) 
2026-09-13 16:41:02,811 - INFO - Epoch [1820/2000] LR: 0.000004 | Train Loss: 0.001612 (Data: 0.00161, Mono: 0.00001) | Val MSE: 0.000155 (RMSE: 0.0125) 
2026-09-13 16:41:03,181 - INFO - Epoch [1830/2000] LR: 0.000003 | Train Loss: 0.001690 (Data: 0.00169, Mono: 0.00001) | Val MSE: 0.000156 (RMSE: 0.0125) 
2026-09-13 16:41:03,573 - INFO - Epoch [1840/2000] LR: 0.000003 | Train Loss: 0.001653 (Data: 0.00165, Mono: 0.00001) | Val MSE: 0.000155 (RMSE: 0.0125) 
2026-09-13 16:41:03,945 - INFO - Epoch [1850/2000] LR: 0.000003 | Train Loss: 0.001633 (Data: 0.00163, Mono: 0.00001) | Val MSE: 0.000155 (RMSE: 0.0125) 
2026-09-13 16:41:04,332 - INFO - Epoch [1860/2000] LR: 0.000003 | Train Loss: 0.001607 (Data: 0.00160, Mono: 0.00001) | Val MSE: 0.000157 (RMSE: 0.0125) 
2026-09-13 16:41:04,715 - INFO - Epoch [1870/2000] LR: 0.000003 | Train Loss: 0.001619 (Data: 0.00162, Mono: 0.00001) | Val MSE: 0.000155 (RMSE: 0.0125) 
2026-09-13 16:41:05,105 - INFO - Epoch [1880/2000] LR: 0.000002 | Train Loss: 0.001686 (Data: 0.00168, Mono: 0.00001) | Val MSE: 0.000155 (RMSE: 0.0124) 
2026-09-13 16:41:05,476 - INFO - Epoch [1890/2000] LR: 0.000002 | Train Loss: 0.001675 (Data: 0.00167, Mono: 0.00001) | Val MSE: 0.000156 (RMSE: 0.0125) 
2026-09-13 16:41:05,846 - INFO - Epoch [1900/2000] LR: 0.000002 | Train Loss: 0.001692 (Data: 0.00169, Mono: 0.00001) | Val MSE: 0.000156 (RMSE: 0.0125) 
2026-09-13 16:41:06,230 - INFO - Epoch [1910/2000] LR: 0.000002 | Train Loss: 0.001708 (Data: 0.00170, Mono: 0.00001) | Val MSE: 0.000155 (RMSE: 0.0124) 
2026-09-13 16:41:06,631 - INFO - Epoch [1920/2000] LR: 0.000002 | Train Loss: 0.001678 (Data: 0.00167, Mono: 0.00001) | Val MSE: 0.000156 (RMSE: 0.0125) 
2026-09-13 16:41:07,027 - INFO - Epoch [1930/2000] LR: 0.000002 | Train Loss: 0.001663 (Data: 0.00166, Mono: 0.00001) | Val MSE: 0.000155 (RMSE: 0.0125) 
2026-09-13 16:41:07,431 - INFO - Epoch [1940/2000] LR: 0.000002 | Train Loss: 0.001661 (Data: 0.00166, Mono: 0.00001) | Val MSE: 0.000156 (RMSE: 0.0125) 
2026-09-13 16:41:07,809 - INFO - Epoch [1950/2000] LR: 0.000002 | Train Loss: 0.001636 (Data: 0.00163, Mono: 0.00001) | Val MSE: 0.000156 (RMSE: 0.0125) 
2026-09-13 16:41:08,184 - INFO - Epoch [1960/2000] LR: 0.000002 | Train Loss: 0.001649 (Data: 0.00164, Mono: 0.00001) | Val MSE: 0.000156 (RMSE: 0.0125) 
2026-09-13 16:41:08,551 - INFO - Epoch [1970/2000] LR: 0.000002 | Train Loss: 0.001688 (Data: 0.00168, Mono: 0.00001) | Val MSE: 0.000156 (RMSE: 0.0125) 
2026-09-13 16:41:08,928 - INFO - Epoch [1980/2000] LR: 0.000002 | Train Loss: 0.001638 (Data: 0.00163, Mono: 0.00001) | Val MSE: 0.000156 (RMSE: 0.0125) 
2026-09-13 16:41:09,299 - INFO - Epoch [1990/2000] LR: 0.000002 | Train Loss: 0.001670 (Data: 0.00167, Mono: 0.00001) | Val MSE: 0.000156 (RMSE: 0.0125) 
2026-09-13 16:41:09,675 - INFO - Epoch [2000/2000] LR: 0.000002 | Train Loss: 0.001689 (Data: 0.00169, Mono: 0.00001) | Val MSE: 0.000155 (RMSE: 0.0125) 
2026-09-13 16:41:09,675 - INFO - Training completed in 77.64s. Loading best checkpoint from epoch 21 for final test evaluation...
2026-09-13 16:41:09,697 - INFO - ==================================================
2026-09-13 16:41:09,697 - INFO - Test Results for [XJTU] - [Sim_satellite] (Best Epoch 21):
2026-09-13 16:41:09,698 - INFO -   Test RMSE: 0.016426
2026-09-13 16:41:09,698 - INFO -   Test MAE:  0.014353
2026-09-13 16:41:09,698 - INFO -   Test MAPE: 1.508648
2026-09-13 16:41:09,698 - INFO -   Test MSE:  0.000270
2026-09-13 16:41:09,698 - INFO - ==================================================
2026-09-13 16:41:45,284 - INFO - ==================================================
2026-09-13 16:41:45,284 - INFO - Starting FusionMLP Training for [XJTU] - [Sim_satellite]
2026-09-13 16:41:45,284 - INFO - Device: cuda | Epochs: 2000 | LR: 0.000100 | Mono Weight: 0.4000 | Knee Feature: True
2026-09-13 16:41:45,284 - INFO - ==================================================
2026-09-13 16:41:45,360 - INFO - Data Splits: Train=5, Val=1, Test=2
2026-09-13 16:41:46,348 - INFO - Epoch [   1/2000] LR: 0.006063 | Train Loss: 0.989113 (Data: 0.98910, Mono: 0.00004) | Val MSE: 0.900228 (RMSE: 0.9488) [BEST]
2026-09-13 16:41:46,431 - INFO - Epoch [   3/2000] LR: 0.005651 | Train Loss: 0.888228 (Data: 0.88823, Mono: 0.00000) | Val MSE: 0.898956 (RMSE: 0.9481) [BEST]
2026-09-13 16:41:46,475 - INFO - Epoch [   4/2000] LR: 0.005446 | Train Loss: 0.854611 (Data: 0.85461, Mono: 0.00001) | Val MSE: 0.864835 (RMSE: 0.9300) [BEST]
2026-09-13 16:41:46,522 - INFO - Epoch [   5/2000] LR: 0.005240 | Train Loss: 0.450156 (Data: 0.45014, Mono: 0.00003) | Val MSE: 0.330205 (RMSE: 0.5746) [BEST]
2026-09-13 16:41:46,564 - INFO - Epoch [   6/2000] LR: 0.005035 | Train Loss: 0.177639 (Data: 0.17762, Mono: 0.00004) | Val MSE: 0.138680 (RMSE: 0.3724) [BEST]
2026-09-13 16:41:46,611 - INFO - Epoch [   7/2000] LR: 0.004829 | Train Loss: 0.113255 (Data: 0.11324, Mono: 0.00004) | Val MSE: 0.002173 (RMSE: 0.0466) [BEST]
2026-09-13 16:41:46,744 - INFO - Epoch [  10/2000] LR: 0.004212 | Train Loss: 0.034471 (Data: 0.03446, Mono: 0.00003) | Val MSE: 0.001130 (RMSE: 0.0336) [BEST]
2026-09-13 16:41:46,867 - INFO - Epoch [  13/2000] LR: 0.003595 | Train Loss: 0.015604 (Data: 0.01559, Mono: 0.00003) | Val MSE: 0.000929 (RMSE: 0.0305) [BEST]
2026-09-13 16:41:46,951 - INFO - Epoch [  15/2000] LR: 0.003184 | Train Loss: 0.012226 (Data: 0.01221, Mono: 0.00003) | Val MSE: 0.000219 (RMSE: 0.0148) [BEST]
2026-09-13 16:41:47,043 - INFO - Epoch [  17/2000] LR: 0.002773 | Train Loss: 0.010612 (Data: 0.01060, Mono: 0.00003) | Val MSE: 0.000175 (RMSE: 0.0132) [BEST]
2026-09-13 16:41:47,087 - INFO - Epoch [  18/2000] LR: 0.002567 | Train Loss: 0.010350 (Data: 0.01034, Mono: 0.00003) | Val MSE: 0.000173 (RMSE: 0.0132) [BEST]
2026-09-13 16:41:47,164 - INFO - Epoch [  20/2000] LR: 0.002156 | Train Loss: 0.009621 (Data: 0.00961, Mono: 0.00003) | Val MSE: 0.000171 (RMSE: 0.0131) [BEST]
2026-09-13 16:41:47,246 - INFO - Epoch [  22/2000] LR: 0.001745 | Train Loss: 0.009466 (Data: 0.00946, Mono: 0.00003) | Val MSE: 0.000165 (RMSE: 0.0129) [BEST]
2026-09-13 16:41:47,359 - INFO - Epoch [  25/2000] LR: 0.001128 | Train Loss: 0.009119 (Data: 0.00911, Mono: 0.00003) | Val MSE: 0.000152 (RMSE: 0.0123) [BEST]
2026-09-13 16:41:47,404 - INFO - Epoch [  26/2000] LR: 0.000922 | Train Loss: 0.008895 (Data: 0.00888, Mono: 0.00002) | Val MSE: 0.000146 (RMSE: 0.0121) [BEST]
2026-09-13 16:41:47,445 - INFO - Epoch [  27/2000] LR: 0.000717 | Train Loss: 0.008943 (Data: 0.00893, Mono: 0.00003) | Val MSE: 0.000145 (RMSE: 0.0120) [BEST]
2026-09-13 16:41:47,559 - INFO - Epoch [  30/2000] LR: 0.000100 | Train Loss: 0.008651 (Data: 0.00864, Mono: 0.00003) | Val MSE: 0.000149 (RMSE: 0.0122) 
2026-09-13 16:41:47,883 - INFO - Epoch [  38/2000] LR: 0.000100 | Train Loss: 0.008642 (Data: 0.00863, Mono: 0.00002) | Val MSE: 0.000143 (RMSE: 0.0120) [BEST]
2026-09-13 16:41:47,923 - INFO - Epoch [  39/2000] LR: 0.000100 | Train Loss: 0.008790 (Data: 0.00878, Mono: 0.00003) | Val MSE: 0.000143 (RMSE: 0.0120) [BEST]
2026-09-13 16:41:47,961 - INFO - Epoch [  40/2000] LR: 0.000100 | Train Loss: 0.008610 (Data: 0.00860, Mono: 0.00003) | Val MSE: 0.000142 (RMSE: 0.0119) [BEST]
2026-09-13 16:41:48,189 - INFO - Epoch [  46/2000] LR: 0.000100 | Train Loss: 0.008428 (Data: 0.00842, Mono: 0.00002) | Val MSE: 0.000142 (RMSE: 0.0119) [BEST]
2026-09-13 16:41:48,231 - INFO - Epoch [  47/2000] LR: 0.000100 | Train Loss: 0.008830 (Data: 0.00882, Mono: 0.00003) | Val MSE: 0.000142 (RMSE: 0.0119) [BEST]
2026-09-13 16:41:48,308 - INFO - Epoch [  49/2000] LR: 0.000100 | Train Loss: 0.008513 (Data: 0.00850, Mono: 0.00002) | Val MSE: 0.000142 (RMSE: 0.0119) [BEST]
2026-09-13 16:41:48,349 - INFO - Epoch [  50/2000] LR: 0.000100 | Train Loss: 0.008455 (Data: 0.00844, Mono: 0.00003) | Val MSE: 0.000142 (RMSE: 0.0119) 
2026-09-13 16:41:48,777 - INFO - Epoch [  60/2000] LR: 0.000100 | Train Loss: 0.008359 (Data: 0.00835, Mono: 0.00002) | Val MSE: 0.000142 (RMSE: 0.0119) 
2026-09-13 16:41:48,817 - INFO - Epoch [  61/2000] LR: 0.000100 | Train Loss: 0.008637 (Data: 0.00863, Mono: 0.00002) | Val MSE: 0.000141 (RMSE: 0.0119) [BEST]
2026-09-13 16:41:49,054 - INFO - Epoch [  67/2000] LR: 0.000100 | Train Loss: 0.008399 (Data: 0.00839, Mono: 0.00002) | Val MSE: 0.000141 (RMSE: 0.0119) [BEST]
2026-09-13 16:41:49,170 - INFO - Epoch [  70/2000] LR: 0.000100 | Train Loss: 0.008371 (Data: 0.00836, Mono: 0.00003) | Val MSE: 0.000140 (RMSE: 0.0119) [BEST]
2026-09-13 16:41:49,556 - INFO - Epoch [  80/2000] LR: 0.000100 | Train Loss: 0.007998 (Data: 0.00799, Mono: 0.00002) | Val MSE: 0.000143 (RMSE: 0.0120) 
2026-09-13 16:41:49,902 - INFO - Epoch [  89/2000] LR: 0.000100 | Train Loss: 0.008017 (Data: 0.00801, Mono: 0.00003) | Val MSE: 0.000139 (RMSE: 0.0118) [BEST]
2026-09-13 16:41:49,943 - INFO - Epoch [  90/2000] LR: 0.000100 | Train Loss: 0.008073 (Data: 0.00806, Mono: 0.00002) | Val MSE: 0.000140 (RMSE: 0.0118) 
2026-09-13 16:41:50,333 - INFO - Epoch [ 100/2000] LR: 0.000100 | Train Loss: 0.007948 (Data: 0.00794, Mono: 0.00002) | Val MSE: 0.000143 (RMSE: 0.0120) 
2026-09-13 16:41:50,521 - INFO - Epoch [ 105/2000] LR: 0.000100 | Train Loss: 0.007894 (Data: 0.00788, Mono: 0.00002) | Val MSE: 0.000139 (RMSE: 0.0118) [BEST]
2026-09-13 16:41:50,608 - INFO - Epoch [ 107/2000] LR: 0.000100 | Train Loss: 0.007896 (Data: 0.00789, Mono: 0.00002) | Val MSE: 0.000139 (RMSE: 0.0118) [BEST]
2026-09-13 16:41:50,692 - INFO - Epoch [ 109/2000] LR: 0.000100 | Train Loss: 0.007854 (Data: 0.00784, Mono: 0.00002) | Val MSE: 0.000138 (RMSE: 0.0118) [BEST]
2026-09-13 16:41:50,733 - INFO - Epoch [ 110/2000] LR: 0.000100 | Train Loss: 0.007382 (Data: 0.00737, Mono: 0.00002) | Val MSE: 0.000140 (RMSE: 0.0118) 
2026-09-13 16:41:50,923 - INFO - Epoch [ 115/2000] LR: 0.000100 | Train Loss: 0.007609 (Data: 0.00760, Mono: 0.00002) | Val MSE: 0.000138 (RMSE: 0.0118) [BEST]
2026-09-13 16:41:50,967 - INFO - Epoch [ 116/2000] LR: 0.000100 | Train Loss: 0.007672 (Data: 0.00766, Mono: 0.00002) | Val MSE: 0.000138 (RMSE: 0.0117) [BEST]
2026-09-13 16:41:51,124 - INFO - Epoch [ 120/2000] LR: 0.000099 | Train Loss: 0.007495 (Data: 0.00749, Mono: 0.00002) | Val MSE: 0.000141 (RMSE: 0.0119) 
2026-09-13 16:41:51,400 - INFO - Epoch [ 127/2000] LR: 0.000099 | Train Loss: 0.007473 (Data: 0.00746, Mono: 0.00002) | Val MSE: 0.000137 (RMSE: 0.0117) [BEST]
2026-09-13 16:41:51,540 - INFO - Epoch [ 130/2000] LR: 0.000099 | Train Loss: 0.007242 (Data: 0.00723, Mono: 0.00002) | Val MSE: 0.000138 (RMSE: 0.0118) 
2026-09-13 16:41:51,814 - INFO - Epoch [ 137/2000] LR: 0.000099 | Train Loss: 0.007180 (Data: 0.00717, Mono: 0.00002) | Val MSE: 0.000136 (RMSE: 0.0116) [BEST]
2026-09-13 16:41:51,896 - INFO - Epoch [ 139/2000] LR: 0.000099 | Train Loss: 0.007402 (Data: 0.00739, Mono: 0.00002) | Val MSE: 0.000135 (RMSE: 0.0116) [BEST]
2026-09-13 16:41:51,938 - INFO - Epoch [ 140/2000] LR: 0.000099 | Train Loss: 0.007341 (Data: 0.00733, Mono: 0.00002) | Val MSE: 0.000135 (RMSE: 0.0116) [BEST]
2026-09-13 16:41:51,983 - INFO - Epoch [ 141/2000] LR: 0.000099 | Train Loss: 0.007047 (Data: 0.00704, Mono: 0.00002) | Val MSE: 0.000133 (RMSE: 0.0115) [BEST]
2026-09-13 16:41:52,028 - INFO - Epoch [ 142/2000] LR: 0.000099 | Train Loss: 0.007188 (Data: 0.00718, Mono: 0.00002) | Val MSE: 0.000133 (RMSE: 0.0115) [BEST]
2026-09-13 16:41:52,070 - INFO - Epoch [ 143/2000] LR: 0.000099 | Train Loss: 0.007243 (Data: 0.00723, Mono: 0.00003) | Val MSE: 0.000132 (RMSE: 0.0115) [BEST]
2026-09-13 16:41:52,113 - INFO - Epoch [ 144/2000] LR: 0.000099 | Train Loss: 0.007317 (Data: 0.00731, Mono: 0.00002) | Val MSE: 0.000131 (RMSE: 0.0115) [BEST]
2026-09-13 16:41:52,369 - INFO - Epoch [ 150/2000] LR: 0.000099 | Train Loss: 0.007036 (Data: 0.00703, Mono: 0.00002) | Val MSE: 0.000138 (RMSE: 0.0118) 
2026-09-13 16:41:52,763 - INFO - Epoch [ 160/2000] LR: 0.000099 | Train Loss: 0.006832 (Data: 0.00682, Mono: 0.00002) | Val MSE: 0.000144 (RMSE: 0.0120) 
2026-09-13 16:41:53,179 - INFO - Epoch [ 170/2000] LR: 0.000099 | Train Loss: 0.007073 (Data: 0.00706, Mono: 0.00002) | Val MSE: 0.000136 (RMSE: 0.0116) 
2026-09-13 16:41:53,586 - INFO - Epoch [ 180/2000] LR: 0.000099 | Train Loss: 0.006814 (Data: 0.00680, Mono: 0.00002) | Val MSE: 0.000139 (RMSE: 0.0118) 
2026-09-13 16:41:53,984 - INFO - Epoch [ 190/2000] LR: 0.000098 | Train Loss: 0.006536 (Data: 0.00653, Mono: 0.00002) | Val MSE: 0.000138 (RMSE: 0.0117) 
2026-09-13 16:41:54,338 - INFO - Epoch [ 199/2000] LR: 0.000098 | Train Loss: 0.006476 (Data: 0.00647, Mono: 0.00002) | Val MSE: 0.000130 (RMSE: 0.0114) [BEST]
2026-09-13 16:41:54,378 - INFO - Epoch [ 200/2000] LR: 0.000098 | Train Loss: 0.006420 (Data: 0.00641, Mono: 0.00002) | Val MSE: 0.000129 (RMSE: 0.0114) [BEST]
2026-09-13 16:41:54,772 - INFO - Epoch [ 210/2000] LR: 0.000098 | Train Loss: 0.006387 (Data: 0.00638, Mono: 0.00002) | Val MSE: 0.000136 (RMSE: 0.0117) 
2026-09-13 16:41:55,160 - INFO - Epoch [ 220/2000] LR: 0.000098 | Train Loss: 0.006305 (Data: 0.00630, Mono: 0.00002) | Val MSE: 0.000134 (RMSE: 0.0116) 
2026-09-13 16:41:55,472 - INFO - Epoch [ 228/2000] LR: 0.000098 | Train Loss: 0.006108 (Data: 0.00610, Mono: 0.00002) | Val MSE: 0.000129 (RMSE: 0.0114) [BEST]
2026-09-13 16:41:55,521 - INFO - Epoch [ 229/2000] LR: 0.000098 | Train Loss: 0.006193 (Data: 0.00618, Mono: 0.00002) | Val MSE: 0.000127 (RMSE: 0.0113) [BEST]
2026-09-13 16:41:55,562 - INFO - Epoch [ 230/2000] LR: 0.000098 | Train Loss: 0.006129 (Data: 0.00612, Mono: 0.00002) | Val MSE: 0.000125 (RMSE: 0.0112) [BEST]
2026-09-13 16:41:55,604 - INFO - Epoch [ 231/2000] LR: 0.000097 | Train Loss: 0.006105 (Data: 0.00610, Mono: 0.00002) | Val MSE: 0.000124 (RMSE: 0.0111) [BEST]
2026-09-13 16:41:55,647 - INFO - Epoch [ 232/2000] LR: 0.000097 | Train Loss: 0.006322 (Data: 0.00631, Mono: 0.00002) | Val MSE: 0.000124 (RMSE: 0.0111) [BEST]
2026-09-13 16:41:55,958 - INFO - Epoch [ 240/2000] LR: 0.000097 | Train Loss: 0.006132 (Data: 0.00612, Mono: 0.00002) | Val MSE: 0.000127 (RMSE: 0.0113) 
2026-09-13 16:41:56,352 - INFO - Epoch [ 250/2000] LR: 0.000097 | Train Loss: 0.005973 (Data: 0.00596, Mono: 0.00002) | Val MSE: 0.000130 (RMSE: 0.0114) 
2026-09-13 16:41:56,740 - INFO - Epoch [ 260/2000] LR: 0.000097 | Train Loss: 0.005745 (Data: 0.00574, Mono: 0.00002) | Val MSE: 0.000131 (RMSE: 0.0114) 
2026-09-13 16:41:57,113 - INFO - Epoch [ 270/2000] LR: 0.000096 | Train Loss: 0.005671 (Data: 0.00566, Mono: 0.00002) | Val MSE: 0.000130 (RMSE: 0.0114) 
2026-09-13 16:41:57,477 - INFO - Epoch [ 280/2000] LR: 0.000096 | Train Loss: 0.005638 (Data: 0.00563, Mono: 0.00002) | Val MSE: 0.000127 (RMSE: 0.0113) 
2026-09-13 16:41:57,844 - INFO - Epoch [ 290/2000] LR: 0.000096 | Train Loss: 0.005284 (Data: 0.00528, Mono: 0.00002) | Val MSE: 0.000136 (RMSE: 0.0117) 
2026-09-13 16:41:58,197 - INFO - Epoch [ 300/2000] LR: 0.000096 | Train Loss: 0.005368 (Data: 0.00536, Mono: 0.00002) | Val MSE: 0.000122 (RMSE: 0.0111) [BEST]
2026-09-13 16:41:58,237 - INFO - Epoch [ 301/2000] LR: 0.000095 | Train Loss: 0.005418 (Data: 0.00541, Mono: 0.00002) | Val MSE: 0.000122 (RMSE: 0.0110) [BEST]
2026-09-13 16:41:58,589 - INFO - Epoch [ 310/2000] LR: 0.000095 | Train Loss: 0.005259 (Data: 0.00525, Mono: 0.00002) | Val MSE: 0.000122 (RMSE: 0.0111) 
2026-09-13 16:41:58,953 - INFO - Epoch [ 320/2000] LR: 0.000095 | Train Loss: 0.005276 (Data: 0.00527, Mono: 0.00002) | Val MSE: 0.000129 (RMSE: 0.0114) 
2026-09-13 16:41:59,329 - INFO - Epoch [ 330/2000] LR: 0.000094 | Train Loss: 0.005097 (Data: 0.00509, Mono: 0.00002) | Val MSE: 0.000126 (RMSE: 0.0112) 
2026-09-13 16:41:59,700 - INFO - Epoch [ 340/2000] LR: 0.000094 | Train Loss: 0.005152 (Data: 0.00514, Mono: 0.00002) | Val MSE: 0.000129 (RMSE: 0.0114) 
2026-09-13 16:42:00,069 - INFO - Epoch [ 350/2000] LR: 0.000094 | Train Loss: 0.005054 (Data: 0.00505, Mono: 0.00002) | Val MSE: 0.000126 (RMSE: 0.0112) 
2026-09-13 16:42:00,441 - INFO - Epoch [ 360/2000] LR: 0.000093 | Train Loss: 0.004807 (Data: 0.00480, Mono: 0.00002) | Val MSE: 0.000129 (RMSE: 0.0113) 
2026-09-13 16:42:00,797 - INFO - Epoch [ 370/2000] LR: 0.000093 | Train Loss: 0.004841 (Data: 0.00483, Mono: 0.00002) | Val MSE: 0.000129 (RMSE: 0.0114) 
2026-09-13 16:42:01,154 - INFO - Epoch [ 380/2000] LR: 0.000093 | Train Loss: 0.004852 (Data: 0.00484, Mono: 0.00002) | Val MSE: 0.000127 (RMSE: 0.0113) 
2026-09-13 16:42:01,522 - INFO - Epoch [ 390/2000] LR: 0.000092 | Train Loss: 0.004546 (Data: 0.00454, Mono: 0.00002) | Val MSE: 0.000125 (RMSE: 0.0112) 
2026-09-13 16:42:01,879 - INFO - Epoch [ 400/2000] LR: 0.000092 | Train Loss: 0.004662 (Data: 0.00465, Mono: 0.00002) | Val MSE: 0.000127 (RMSE: 0.0113) 
2026-09-13 16:42:02,236 - INFO - Epoch [ 410/2000] LR: 0.000091 | Train Loss: 0.004534 (Data: 0.00453, Mono: 0.00002) | Val MSE: 0.000129 (RMSE: 0.0113) 
2026-09-13 16:42:02,610 - INFO - Epoch [ 420/2000] LR: 0.000091 | Train Loss: 0.004443 (Data: 0.00444, Mono: 0.00002) | Val MSE: 0.000129 (RMSE: 0.0113) 
2026-09-13 16:42:02,971 - INFO - Epoch [ 430/2000] LR: 0.000090 | Train Loss: 0.004316 (Data: 0.00431, Mono: 0.00002) | Val MSE: 0.000128 (RMSE: 0.0113) 
2026-09-13 16:42:03,339 - INFO - Epoch [ 440/2000] LR: 0.000090 | Train Loss: 0.004153 (Data: 0.00415, Mono: 0.00002) | Val MSE: 0.000129 (RMSE: 0.0114) 
2026-09-13 16:42:03,722 - INFO - Epoch [ 450/2000] LR: 0.000089 | Train Loss: 0.004223 (Data: 0.00422, Mono: 0.00002) | Val MSE: 0.000129 (RMSE: 0.0114) 
2026-09-13 16:42:04,087 - INFO - Epoch [ 460/2000] LR: 0.000089 | Train Loss: 0.004089 (Data: 0.00408, Mono: 0.00002) | Val MSE: 0.000124 (RMSE: 0.0111) 
2026-09-13 16:42:04,448 - INFO - Epoch [ 470/2000] LR: 0.000088 | Train Loss: 0.003980 (Data: 0.00397, Mono: 0.00002) | Val MSE: 0.000126 (RMSE: 0.0112) 
2026-09-13 16:42:04,821 - INFO - Epoch [ 480/2000] LR: 0.000088 | Train Loss: 0.004082 (Data: 0.00407, Mono: 0.00002) | Val MSE: 0.000133 (RMSE: 0.0115) 
2026-09-13 16:42:05,185 - INFO - Epoch [ 490/2000] LR: 0.000087 | Train Loss: 0.004052 (Data: 0.00404, Mono: 0.00002) | Val MSE: 0.000129 (RMSE: 0.0114) 
2026-09-13 16:42:05,545 - INFO - Epoch [ 500/2000] LR: 0.000087 | Train Loss: 0.003998 (Data: 0.00399, Mono: 0.00002) | Val MSE: 0.000124 (RMSE: 0.0111) 
2026-09-13 16:42:05,912 - INFO - Epoch [ 510/2000] LR: 0.000086 | Train Loss: 0.003916 (Data: 0.00391, Mono: 0.00002) | Val MSE: 0.000127 (RMSE: 0.0113) 
2026-09-13 16:42:06,274 - INFO - Epoch [ 520/2000] LR: 0.000086 | Train Loss: 0.003816 (Data: 0.00381, Mono: 0.00002) | Val MSE: 0.000139 (RMSE: 0.0118) 
2026-09-13 16:42:06,632 - INFO - Epoch [ 530/2000] LR: 0.000085 | Train Loss: 0.003795 (Data: 0.00379, Mono: 0.00002) | Val MSE: 0.000138 (RMSE: 0.0118) 
2026-09-13 16:42:07,016 - INFO - Epoch [ 540/2000] LR: 0.000085 | Train Loss: 0.003702 (Data: 0.00370, Mono: 0.00002) | Val MSE: 0.000125 (RMSE: 0.0112) 
2026-09-13 16:42:07,135 - INFO - Epoch [ 543/2000] LR: 0.000084 | Train Loss: 0.003821 (Data: 0.00381, Mono: 0.00002) | Val MSE: 0.000120 (RMSE: 0.0110) [BEST]
2026-09-13 16:42:07,406 - INFO - Epoch [ 550/2000] LR: 0.000084 | Train Loss: 0.003650 (Data: 0.00364, Mono: 0.00002) | Val MSE: 0.000134 (RMSE: 0.0116) 
2026-09-13 16:42:07,786 - INFO - Epoch [ 560/2000] LR: 0.000083 | Train Loss: 0.003648 (Data: 0.00364, Mono: 0.00002) | Val MSE: 0.000135 (RMSE: 0.0116) 
2026-09-13 16:42:08,164 - INFO - Epoch [ 570/2000] LR: 0.000083 | Train Loss: 0.003601 (Data: 0.00359, Mono: 0.00002) | Val MSE: 0.000125 (RMSE: 0.0112) 
2026-09-13 16:42:08,555 - INFO - Epoch [ 580/2000] LR: 0.000082 | Train Loss: 0.003573 (Data: 0.00357, Mono: 0.00002) | Val MSE: 0.000129 (RMSE: 0.0113) 
2026-09-13 16:42:08,951 - INFO - Epoch [ 590/2000] LR: 0.000082 | Train Loss: 0.003510 (Data: 0.00350, Mono: 0.00002) | Val MSE: 0.000132 (RMSE: 0.0115) 
2026-09-13 16:42:09,324 - INFO - Epoch [ 600/2000] LR: 0.000081 | Train Loss: 0.003468 (Data: 0.00346, Mono: 0.00002) | Val MSE: 0.000132 (RMSE: 0.0115) 
2026-09-13 16:42:09,717 - INFO - Epoch [ 610/2000] LR: 0.000080 | Train Loss: 0.003415 (Data: 0.00341, Mono: 0.00002) | Val MSE: 0.000129 (RMSE: 0.0113) 
2026-09-13 16:42:10,085 - INFO - Epoch [ 620/2000] LR: 0.000080 | Train Loss: 0.003450 (Data: 0.00344, Mono: 0.00002) | Val MSE: 0.000137 (RMSE: 0.0117) 
2026-09-13 16:42:10,453 - INFO - Epoch [ 630/2000] LR: 0.000079 | Train Loss: 0.003441 (Data: 0.00344, Mono: 0.00002) | Val MSE: 0.000131 (RMSE: 0.0114) 
2026-09-13 16:42:10,842 - INFO - Epoch [ 640/2000] LR: 0.000078 | Train Loss: 0.003340 (Data: 0.00333, Mono: 0.00002) | Val MSE: 0.000133 (RMSE: 0.0116) 
2026-09-13 16:42:11,207 - INFO - Epoch [ 650/2000] LR: 0.000078 | Train Loss: 0.003425 (Data: 0.00342, Mono: 0.00002) | Val MSE: 0.000131 (RMSE: 0.0114) 
2026-09-13 16:42:11,573 - INFO - Epoch [ 660/2000] LR: 0.000077 | Train Loss: 0.003339 (Data: 0.00333, Mono: 0.00001) | Val MSE: 0.000135 (RMSE: 0.0116) 
2026-09-13 16:42:11,945 - INFO - Epoch [ 670/2000] LR: 0.000077 | Train Loss: 0.003256 (Data: 0.00325, Mono: 0.00001) | Val MSE: 0.000133 (RMSE: 0.0115) 
2026-09-13 16:42:12,319 - INFO - Epoch [ 680/2000] LR: 0.000076 | Train Loss: 0.003153 (Data: 0.00315, Mono: 0.00002) | Val MSE: 0.000132 (RMSE: 0.0115) 
2026-09-13 16:42:12,684 - INFO - Epoch [ 690/2000] LR: 0.000075 | Train Loss: 0.003080 (Data: 0.00307, Mono: 0.00001) | Val MSE: 0.000141 (RMSE: 0.0119) 
2026-09-13 16:42:13,064 - INFO - Epoch [ 700/2000] LR: 0.000074 | Train Loss: 0.003139 (Data: 0.00313, Mono: 0.00001) | Val MSE: 0.000138 (RMSE: 0.0118) 
2026-09-13 16:42:13,442 - INFO - Epoch [ 710/2000] LR: 0.000074 | Train Loss: 0.003142 (Data: 0.00314, Mono: 0.00001) | Val MSE: 0.000139 (RMSE: 0.0118) 
2026-09-13 16:42:13,836 - INFO - Epoch [ 720/2000] LR: 0.000073 | Train Loss: 0.003126 (Data: 0.00312, Mono: 0.00001) | Val MSE: 0.000138 (RMSE: 0.0117) 
2026-09-13 16:42:14,221 - INFO - Epoch [ 730/2000] LR: 0.000072 | Train Loss: 0.003075 (Data: 0.00307, Mono: 0.00002) | Val MSE: 0.000137 (RMSE: 0.0117) 
2026-09-13 16:42:14,599 - INFO - Epoch [ 740/2000] LR: 0.000072 | Train Loss: 0.003040 (Data: 0.00303, Mono: 0.00001) | Val MSE: 0.000139 (RMSE: 0.0118) 
2026-09-13 16:42:14,992 - INFO - Epoch [ 750/2000] LR: 0.000071 | Train Loss: 0.002874 (Data: 0.00287, Mono: 0.00001) | Val MSE: 0.000148 (RMSE: 0.0122) 
2026-09-13 16:42:15,363 - INFO - Epoch [ 760/2000] LR: 0.000070 | Train Loss: 0.002903 (Data: 0.00290, Mono: 0.00001) | Val MSE: 0.000140 (RMSE: 0.0118) 
2026-09-13 16:42:15,734 - INFO - Epoch [ 770/2000] LR: 0.000070 | Train Loss: 0.003055 (Data: 0.00305, Mono: 0.00002) | Val MSE: 0.000146 (RMSE: 0.0121) 
2026-09-13 16:42:16,118 - INFO - Epoch [ 780/2000] LR: 0.000069 | Train Loss: 0.002847 (Data: 0.00284, Mono: 0.00001) | Val MSE: 0.000146 (RMSE: 0.0121) 
2026-09-13 16:42:16,492 - INFO - Epoch [ 790/2000] LR: 0.000068 | Train Loss: 0.002844 (Data: 0.00284, Mono: 0.00002) | Val MSE: 0.000145 (RMSE: 0.0120) 
2026-09-13 16:42:16,866 - INFO - Epoch [ 800/2000] LR: 0.000067 | Train Loss: 0.002826 (Data: 0.00282, Mono: 0.00001) | Val MSE: 0.000141 (RMSE: 0.0119) 
2026-09-13 16:42:17,238 - INFO - Epoch [ 810/2000] LR: 0.000067 | Train Loss: 0.002809 (Data: 0.00280, Mono: 0.00001) | Val MSE: 0.000149 (RMSE: 0.0122) 
2026-09-13 16:42:17,602 - INFO - Epoch [ 820/2000] LR: 0.000066 | Train Loss: 0.002857 (Data: 0.00285, Mono: 0.00001) | Val MSE: 0.000148 (RMSE: 0.0122) 
2026-09-13 16:42:17,985 - INFO - Epoch [ 830/2000] LR: 0.000065 | Train Loss: 0.002806 (Data: 0.00280, Mono: 0.00001) | Val MSE: 0.000146 (RMSE: 0.0121) 
2026-09-13 16:42:18,355 - INFO - Epoch [ 840/2000] LR: 0.000064 | Train Loss: 0.002727 (Data: 0.00272, Mono: 0.00001) | Val MSE: 0.000152 (RMSE: 0.0123) 
2026-09-13 16:42:18,741 - INFO - Epoch [ 850/2000] LR: 0.000064 | Train Loss: 0.002745 (Data: 0.00274, Mono: 0.00002) | Val MSE: 0.000143 (RMSE: 0.0120) 
2026-09-13 16:42:19,130 - INFO - Epoch [ 860/2000] LR: 0.000063 | Train Loss: 0.002674 (Data: 0.00267, Mono: 0.00001) | Val MSE: 0.000147 (RMSE: 0.0121) 
2026-09-13 16:42:19,525 - INFO - Epoch [ 870/2000] LR: 0.000062 | Train Loss: 0.002687 (Data: 0.00268, Mono: 0.00001) | Val MSE: 0.000146 (RMSE: 0.0121) 
2026-09-13 16:42:19,892 - INFO - Epoch [ 880/2000] LR: 0.000061 | Train Loss: 0.002603 (Data: 0.00260, Mono: 0.00001) | Val MSE: 0.000156 (RMSE: 0.0125) 
2026-09-13 16:42:20,258 - INFO - Epoch [ 890/2000] LR: 0.000061 | Train Loss: 0.002617 (Data: 0.00261, Mono: 0.00001) | Val MSE: 0.000154 (RMSE: 0.0124) 
2026-09-13 16:42:20,632 - INFO - Epoch [ 900/2000] LR: 0.000060 | Train Loss: 0.002683 (Data: 0.00268, Mono: 0.00002) | Val MSE: 0.000158 (RMSE: 0.0126) 
2026-09-13 16:42:21,008 - INFO - Epoch [ 910/2000] LR: 0.000059 | Train Loss: 0.002723 (Data: 0.00272, Mono: 0.00001) | Val MSE: 0.000160 (RMSE: 0.0126) 
2026-09-13 16:42:21,373 - INFO - Epoch [ 920/2000] LR: 0.000058 | Train Loss: 0.002536 (Data: 0.00253, Mono: 0.00001) | Val MSE: 0.000152 (RMSE: 0.0123) 
2026-09-13 16:42:21,743 - INFO - Epoch [ 930/2000] LR: 0.000057 | Train Loss: 0.002579 (Data: 0.00257, Mono: 0.00001) | Val MSE: 0.000156 (RMSE: 0.0125) 
2026-09-13 16:42:22,125 - INFO - Epoch [ 940/2000] LR: 0.000057 | Train Loss: 0.002537 (Data: 0.00253, Mono: 0.00001) | Val MSE: 0.000165 (RMSE: 0.0128) 
2026-09-13 16:42:22,541 - INFO - Epoch [ 950/2000] LR: 0.000056 | Train Loss: 0.002521 (Data: 0.00252, Mono: 0.00001) | Val MSE: 0.000164 (RMSE: 0.0128) 
2026-09-13 16:42:22,976 - INFO - Epoch [ 960/2000] LR: 0.000055 | Train Loss: 0.002607 (Data: 0.00260, Mono: 0.00001) | Val MSE: 0.000156 (RMSE: 0.0125) 
2026-09-13 16:42:23,371 - INFO - Epoch [ 970/2000] LR: 0.000054 | Train Loss: 0.002569 (Data: 0.00256, Mono: 0.00001) | Val MSE: 0.000157 (RMSE: 0.0125) 
2026-09-13 16:42:23,741 - INFO - Epoch [ 980/2000] LR: 0.000054 | Train Loss: 0.002506 (Data: 0.00250, Mono: 0.00001) | Val MSE: 0.000163 (RMSE: 0.0128) 
2026-09-13 16:42:24,108 - INFO - Epoch [ 990/2000] LR: 0.000053 | Train Loss: 0.002562 (Data: 0.00256, Mono: 0.00002) | Val MSE: 0.000155 (RMSE: 0.0124) 
2026-09-13 16:42:24,476 - INFO - Epoch [1000/2000] LR: 0.000052 | Train Loss: 0.002480 (Data: 0.00247, Mono: 0.00001) | Val MSE: 0.000158 (RMSE: 0.0126) 
2026-09-13 16:42:24,852 - INFO - Epoch [1010/2000] LR: 0.000051 | Train Loss: 0.002510 (Data: 0.00251, Mono: 0.00001) | Val MSE: 0.000155 (RMSE: 0.0125) 
2026-09-13 16:42:25,226 - INFO - Epoch [1020/2000] LR: 0.000050 | Train Loss: 0.002444 (Data: 0.00244, Mono: 0.00001) | Val MSE: 0.000176 (RMSE: 0.0133) 
2026-09-13 16:42:25,599 - INFO - Epoch [1030/2000] LR: 0.000050 | Train Loss: 0.002434 (Data: 0.00243, Mono: 0.00001) | Val MSE: 0.000168 (RMSE: 0.0130) 
2026-09-13 16:42:25,974 - INFO - Epoch [1040/2000] LR: 0.000049 | Train Loss: 0.002464 (Data: 0.00246, Mono: 0.00001) | Val MSE: 0.000162 (RMSE: 0.0127) 
2026-09-13 16:42:26,345 - INFO - Epoch [1050/2000] LR: 0.000048 | Train Loss: 0.002466 (Data: 0.00246, Mono: 0.00001) | Val MSE: 0.000160 (RMSE: 0.0126) 
2026-09-13 16:42:26,723 - INFO - Epoch [1060/2000] LR: 0.000047 | Train Loss: 0.002391 (Data: 0.00239, Mono: 0.00001) | Val MSE: 0.000160 (RMSE: 0.0126) 
2026-09-13 16:42:27,107 - INFO - Epoch [1070/2000] LR: 0.000046 | Train Loss: 0.002347 (Data: 0.00234, Mono: 0.00001) | Val MSE: 0.000153 (RMSE: 0.0124) 
2026-09-13 16:42:27,508 - INFO - Epoch [1080/2000] LR: 0.000046 | Train Loss: 0.002377 (Data: 0.00237, Mono: 0.00001) | Val MSE: 0.000159 (RMSE: 0.0126) 
2026-09-13 16:42:27,902 - INFO - Epoch [1090/2000] LR: 0.000045 | Train Loss: 0.002405 (Data: 0.00240, Mono: 0.00001) | Val MSE: 0.000172 (RMSE: 0.0131) 
2026-09-13 16:42:28,310 - INFO - Epoch [1100/2000] LR: 0.000044 | Train Loss: 0.002305 (Data: 0.00230, Mono: 0.00001) | Val MSE: 0.000164 (RMSE: 0.0128) 
2026-09-13 16:42:28,690 - INFO - Epoch [1110/2000] LR: 0.000043 | Train Loss: 0.002304 (Data: 0.00230, Mono: 0.00001) | Val MSE: 0.000168 (RMSE: 0.0130) 
2026-09-13 16:42:29,091 - INFO - Epoch [1120/2000] LR: 0.000043 | Train Loss: 0.002266 (Data: 0.00226, Mono: 0.00001) | Val MSE: 0.000167 (RMSE: 0.0129) 
2026-09-13 16:42:29,474 - INFO - Epoch [1130/2000] LR: 0.000042 | Train Loss: 0.002305 (Data: 0.00230, Mono: 0.00001) | Val MSE: 0.000163 (RMSE: 0.0128) 
2026-09-13 16:42:29,886 - INFO - Epoch [1140/2000] LR: 0.000041 | Train Loss: 0.002274 (Data: 0.00227, Mono: 0.00001) | Val MSE: 0.000166 (RMSE: 0.0129) 
2026-09-13 16:42:30,278 - INFO - Epoch [1150/2000] LR: 0.000040 | Train Loss: 0.002214 (Data: 0.00221, Mono: 0.00001) | Val MSE: 0.000160 (RMSE: 0.0127) 
2026-09-13 16:42:30,666 - INFO - Epoch [1160/2000] LR: 0.000040 | Train Loss: 0.002244 (Data: 0.00224, Mono: 0.00001) | Val MSE: 0.000163 (RMSE: 0.0128) 
2026-09-13 16:42:31,062 - INFO - Epoch [1170/2000] LR: 0.000039 | Train Loss: 0.002199 (Data: 0.00219, Mono: 0.00001) | Val MSE: 0.000170 (RMSE: 0.0131) 
2026-09-13 16:42:31,456 - INFO - Epoch [1180/2000] LR: 0.000038 | Train Loss: 0.002202 (Data: 0.00220, Mono: 0.00001) | Val MSE: 0.000172 (RMSE: 0.0131) 
2026-09-13 16:42:31,866 - INFO - Epoch [1190/2000] LR: 0.000037 | Train Loss: 0.002283 (Data: 0.00228, Mono: 0.00001) | Val MSE: 0.000171 (RMSE: 0.0131) 
2026-09-13 16:42:32,281 - INFO - Epoch [1200/2000] LR: 0.000036 | Train Loss: 0.002271 (Data: 0.00227, Mono: 0.00001) | Val MSE: 0.000172 (RMSE: 0.0131) 
2026-09-13 16:42:32,692 - INFO - Epoch [1210/2000] LR: 0.000036 | Train Loss: 0.002231 (Data: 0.00223, Mono: 0.00001) | Val MSE: 0.000164 (RMSE: 0.0128) 
2026-09-13 16:42:33,089 - INFO - Epoch [1220/2000] LR: 0.000035 | Train Loss: 0.002205 (Data: 0.00220, Mono: 0.00001) | Val MSE: 0.000174 (RMSE: 0.0132) 
2026-09-13 16:42:33,493 - INFO - Epoch [1230/2000] LR: 0.000034 | Train Loss: 0.002170 (Data: 0.00217, Mono: 0.00001) | Val MSE: 0.000167 (RMSE: 0.0129) 
2026-09-13 16:42:33,901 - INFO - Epoch [1240/2000] LR: 0.000034 | Train Loss: 0.002186 (Data: 0.00218, Mono: 0.00001) | Val MSE: 0.000165 (RMSE: 0.0129) 
2026-09-13 16:42:34,287 - INFO - Epoch [1250/2000] LR: 0.000033 | Train Loss: 0.002201 (Data: 0.00220, Mono: 0.00001) | Val MSE: 0.000169 (RMSE: 0.0130) 
2026-09-13 16:42:34,713 - INFO - Epoch [1260/2000] LR: 0.000032 | Train Loss: 0.002165 (Data: 0.00216, Mono: 0.00001) | Val MSE: 0.000178 (RMSE: 0.0134) 
2026-09-13 16:42:35,106 - INFO - Epoch [1270/2000] LR: 0.000031 | Train Loss: 0.002189 (Data: 0.00218, Mono: 0.00001) | Val MSE: 0.000165 (RMSE: 0.0128) 
2026-09-13 16:42:35,517 - INFO - Epoch [1280/2000] LR: 0.000031 | Train Loss: 0.002157 (Data: 0.00215, Mono: 0.00001) | Val MSE: 0.000167 (RMSE: 0.0129) 
2026-09-13 16:42:35,925 - INFO - Epoch [1290/2000] LR: 0.000030 | Train Loss: 0.002156 (Data: 0.00215, Mono: 0.00001) | Val MSE: 0.000169 (RMSE: 0.0130) 
2026-09-13 16:42:36,334 - INFO - Epoch [1300/2000] LR: 0.000029 | Train Loss: 0.002148 (Data: 0.00214, Mono: 0.00001) | Val MSE: 0.000168 (RMSE: 0.0130) 
2026-09-13 16:42:36,733 - INFO - Epoch [1310/2000] LR: 0.000028 | Train Loss: 0.002067 (Data: 0.00206, Mono: 0.00001) | Val MSE: 0.000170 (RMSE: 0.0130) 
2026-09-13 16:42:37,140 - INFO - Epoch [1320/2000] LR: 0.000028 | Train Loss: 0.002116 (Data: 0.00211, Mono: 0.00001) | Val MSE: 0.000166 (RMSE: 0.0129) 
2026-09-13 16:42:37,516 - INFO - Epoch [1330/2000] LR: 0.000027 | Train Loss: 0.002121 (Data: 0.00212, Mono: 0.00001) | Val MSE: 0.000170 (RMSE: 0.0130) 
2026-09-13 16:42:37,928 - INFO - Epoch [1340/2000] LR: 0.000026 | Train Loss: 0.002109 (Data: 0.00210, Mono: 0.00001) | Val MSE: 0.000177 (RMSE: 0.0133) 
2026-09-13 16:42:38,320 - INFO - Epoch [1350/2000] LR: 0.000026 | Train Loss: 0.002154 (Data: 0.00215, Mono: 0.00001) | Val MSE: 0.000170 (RMSE: 0.0131) 
2026-09-13 16:42:38,729 - INFO - Epoch [1360/2000] LR: 0.000025 | Train Loss: 0.002158 (Data: 0.00215, Mono: 0.00001) | Val MSE: 0.000177 (RMSE: 0.0133) 
2026-09-13 16:42:39,166 - INFO - Epoch [1370/2000] LR: 0.000024 | Train Loss: 0.002092 (Data: 0.00209, Mono: 0.00001) | Val MSE: 0.000167 (RMSE: 0.0129) 
2026-09-13 16:42:39,569 - INFO - Epoch [1380/2000] LR: 0.000024 | Train Loss: 0.002078 (Data: 0.00207, Mono: 0.00001) | Val MSE: 0.000185 (RMSE: 0.0136) 
2026-09-13 16:42:39,949 - INFO - Epoch [1390/2000] LR: 0.000023 | Train Loss: 0.002097 (Data: 0.00209, Mono: 0.00001) | Val MSE: 0.000171 (RMSE: 0.0131) 
2026-09-13 16:42:40,344 - INFO - Epoch [1400/2000] LR: 0.000022 | Train Loss: 0.002096 (Data: 0.00209, Mono: 0.00001) | Val MSE: 0.000171 (RMSE: 0.0131) 
2026-09-13 16:42:40,752 - INFO - Epoch [1410/2000] LR: 0.000022 | Train Loss: 0.002031 (Data: 0.00203, Mono: 0.00001) | Val MSE: 0.000170 (RMSE: 0.0130) 
2026-09-13 16:42:41,134 - INFO - Epoch [1420/2000] LR: 0.000021 | Train Loss: 0.002055 (Data: 0.00205, Mono: 0.00001) | Val MSE: 0.000175 (RMSE: 0.0132) 
2026-09-13 16:42:41,532 - INFO - Epoch [1430/2000] LR: 0.000021 | Train Loss: 0.002080 (Data: 0.00208, Mono: 0.00001) | Val MSE: 0.000168 (RMSE: 0.0130) 
2026-09-13 16:42:41,918 - INFO - Epoch [1440/2000] LR: 0.000020 | Train Loss: 0.002071 (Data: 0.00207, Mono: 0.00001) | Val MSE: 0.000179 (RMSE: 0.0134) 
2026-09-13 16:42:42,311 - INFO - Epoch [1450/2000] LR: 0.000019 | Train Loss: 0.002081 (Data: 0.00208, Mono: 0.00001) | Val MSE: 0.000169 (RMSE: 0.0130) 
2026-09-13 16:42:42,708 - INFO - Epoch [1460/2000] LR: 0.000019 | Train Loss: 0.002055 (Data: 0.00205, Mono: 0.00001) | Val MSE: 0.000176 (RMSE: 0.0133) 
2026-09-13 16:42:43,112 - INFO - Epoch [1470/2000] LR: 0.000018 | Train Loss: 0.002009 (Data: 0.00200, Mono: 0.00001) | Val MSE: 0.000171 (RMSE: 0.0131) 
2026-09-13 16:42:43,503 - INFO - Epoch [1480/2000] LR: 0.000018 | Train Loss: 0.002022 (Data: 0.00202, Mono: 0.00001) | Val MSE: 0.000172 (RMSE: 0.0131) 
2026-09-13 16:42:43,885 - INFO - Epoch [1490/2000] LR: 0.000017 | Train Loss: 0.002011 (Data: 0.00201, Mono: 0.00001) | Val MSE: 0.000175 (RMSE: 0.0132) 
2026-09-13 16:42:44,265 - INFO - Epoch [1500/2000] LR: 0.000016 | Train Loss: 0.002038 (Data: 0.00203, Mono: 0.00001) | Val MSE: 0.000181 (RMSE: 0.0134) 
2026-09-13 16:42:44,669 - INFO - Epoch [1510/2000] LR: 0.000016 | Train Loss: 0.002049 (Data: 0.00204, Mono: 0.00001) | Val MSE: 0.000174 (RMSE: 0.0132) 
2026-09-13 16:42:45,050 - INFO - Epoch [1520/2000] LR: 0.000015 | Train Loss: 0.002004 (Data: 0.00200, Mono: 0.00001) | Val MSE: 0.000172 (RMSE: 0.0131) 
2026-09-13 16:42:45,444 - INFO - Epoch [1530/2000] LR: 0.000015 | Train Loss: 0.002052 (Data: 0.00205, Mono: 0.00001) | Val MSE: 0.000180 (RMSE: 0.0134) 
2026-09-13 16:42:45,836 - INFO - Epoch [1540/2000] LR: 0.000014 | Train Loss: 0.001935 (Data: 0.00193, Mono: 0.00001) | Val MSE: 0.000172 (RMSE: 0.0131) 
2026-09-13 16:42:46,250 - INFO - Epoch [1550/2000] LR: 0.000014 | Train Loss: 0.001972 (Data: 0.00197, Mono: 0.00001) | Val MSE: 0.000176 (RMSE: 0.0133) 
2026-09-13 16:42:46,664 - INFO - Epoch [1560/2000] LR: 0.000013 | Train Loss: 0.001940 (Data: 0.00194, Mono: 0.00001) | Val MSE: 0.000175 (RMSE: 0.0132) 
2026-09-13 16:42:47,038 - INFO - Epoch [1570/2000] LR: 0.000013 | Train Loss: 0.001980 (Data: 0.00198, Mono: 0.00001) | Val MSE: 0.000180 (RMSE: 0.0134) 
2026-09-13 16:42:47,427 - INFO - Epoch [1580/2000] LR: 0.000012 | Train Loss: 0.001999 (Data: 0.00199, Mono: 0.00001) | Val MSE: 0.000177 (RMSE: 0.0133) 
2026-09-13 16:42:47,814 - INFO - Epoch [1590/2000] LR: 0.000012 | Train Loss: 0.001987 (Data: 0.00198, Mono: 0.00001) | Val MSE: 0.000173 (RMSE: 0.0132) 
2026-09-13 16:42:48,213 - INFO - Epoch [1600/2000] LR: 0.000011 | Train Loss: 0.001941 (Data: 0.00194, Mono: 0.00001) | Val MSE: 0.000177 (RMSE: 0.0133) 
2026-09-13 16:42:48,615 - INFO - Epoch [1610/2000] LR: 0.000011 | Train Loss: 0.002039 (Data: 0.00203, Mono: 0.00001) | Val MSE: 0.000180 (RMSE: 0.0134) 
2026-09-13 16:42:49,027 - INFO - Epoch [1620/2000] LR: 0.000010 | Train Loss: 0.002008 (Data: 0.00200, Mono: 0.00001) | Val MSE: 0.000178 (RMSE: 0.0134) 
2026-09-13 16:42:49,431 - INFO - Epoch [1630/2000] LR: 0.000010 | Train Loss: 0.002010 (Data: 0.00200, Mono: 0.00001) | Val MSE: 0.000176 (RMSE: 0.0133) 
2026-09-13 16:42:49,822 - INFO - Epoch [1640/2000] LR: 0.000009 | Train Loss: 0.002024 (Data: 0.00202, Mono: 0.00001) | Val MSE: 0.000175 (RMSE: 0.0132) 
2026-09-13 16:42:50,238 - INFO - Epoch [1650/2000] LR: 0.000009 | Train Loss: 0.001957 (Data: 0.00195, Mono: 0.00001) | Val MSE: 0.000177 (RMSE: 0.0133) 
2026-09-13 16:42:50,628 - INFO - Epoch [1660/2000] LR: 0.000009 | Train Loss: 0.001954 (Data: 0.00195, Mono: 0.00001) | Val MSE: 0.000175 (RMSE: 0.0132) 
2026-09-13 16:42:51,046 - INFO - Epoch [1670/2000] LR: 0.000008 | Train Loss: 0.001976 (Data: 0.00197, Mono: 0.00001) | Val MSE: 0.000177 (RMSE: 0.0133) 
2026-09-13 16:42:51,424 - INFO - Epoch [1680/2000] LR: 0.000008 | Train Loss: 0.001958 (Data: 0.00195, Mono: 0.00001) | Val MSE: 0.000176 (RMSE: 0.0133) 
2026-09-13 16:42:51,817 - INFO - Epoch [1690/2000] LR: 0.000007 | Train Loss: 0.001969 (Data: 0.00196, Mono: 0.00001) | Val MSE: 0.000176 (RMSE: 0.0133) 
2026-09-13 16:42:52,240 - INFO - Epoch [1700/2000] LR: 0.000007 | Train Loss: 0.001939 (Data: 0.00193, Mono: 0.00001) | Val MSE: 0.000175 (RMSE: 0.0132) 
2026-09-13 16:42:52,650 - INFO - Epoch [1710/2000] LR: 0.000007 | Train Loss: 0.001972 (Data: 0.00197, Mono: 0.00001) | Val MSE: 0.000174 (RMSE: 0.0132) 
2026-09-13 16:42:53,047 - INFO - Epoch [1720/2000] LR: 0.000006 | Train Loss: 0.001966 (Data: 0.00196, Mono: 0.00001) | Val MSE: 0.000176 (RMSE: 0.0133) 
2026-09-13 16:42:53,439 - INFO - Epoch [1730/2000] LR: 0.000006 | Train Loss: 0.001984 (Data: 0.00198, Mono: 0.00001) | Val MSE: 0.000177 (RMSE: 0.0133) 
2026-09-13 16:42:53,841 - INFO - Epoch [1740/2000] LR: 0.000006 | Train Loss: 0.001914 (Data: 0.00191, Mono: 0.00001) | Val MSE: 0.000177 (RMSE: 0.0133) 
2026-09-13 16:42:54,238 - INFO - Epoch [1750/2000] LR: 0.000005 | Train Loss: 0.001981 (Data: 0.00198, Mono: 0.00001) | Val MSE: 0.000178 (RMSE: 0.0133) 
2026-09-13 16:42:54,687 - INFO - Epoch [1760/2000] LR: 0.000005 | Train Loss: 0.001927 (Data: 0.00192, Mono: 0.00001) | Val MSE: 0.000176 (RMSE: 0.0133) 
2026-09-13 16:42:55,087 - INFO - Epoch [1770/2000] LR: 0.000005 | Train Loss: 0.001928 (Data: 0.00192, Mono: 0.00001) | Val MSE: 0.000178 (RMSE: 0.0133) 
2026-09-13 16:42:55,467 - INFO - Epoch [1780/2000] LR: 0.000005 | Train Loss: 0.001917 (Data: 0.00191, Mono: 0.00001) | Val MSE: 0.000176 (RMSE: 0.0133) 
2026-09-13 16:42:55,861 - INFO - Epoch [1790/2000] LR: 0.000004 | Train Loss: 0.001886 (Data: 0.00188, Mono: 0.00001) | Val MSE: 0.000178 (RMSE: 0.0133) 
2026-09-13 16:42:56,274 - INFO - Epoch [1800/2000] LR: 0.000004 | Train Loss: 0.001996 (Data: 0.00199, Mono: 0.00001) | Val MSE: 0.000175 (RMSE: 0.0132) 
2026-09-13 16:42:56,675 - INFO - Epoch [1810/2000] LR: 0.000004 | Train Loss: 0.001989 (Data: 0.00198, Mono: 0.00001) | Val MSE: 0.000178 (RMSE: 0.0134) 
2026-09-13 16:42:57,107 - INFO - Epoch [1820/2000] LR: 0.000004 | Train Loss: 0.002015 (Data: 0.00201, Mono: 0.00001) | Val MSE: 0.000175 (RMSE: 0.0132) 
2026-09-13 16:42:57,497 - INFO - Epoch [1830/2000] LR: 0.000003 | Train Loss: 0.001903 (Data: 0.00190, Mono: 0.00001) | Val MSE: 0.000176 (RMSE: 0.0133) 
2026-09-13 16:42:57,900 - INFO - Epoch [1840/2000] LR: 0.000003 | Train Loss: 0.001903 (Data: 0.00190, Mono: 0.00001) | Val MSE: 0.000177 (RMSE: 0.0133) 
2026-09-13 16:42:58,312 - INFO - Epoch [1850/2000] LR: 0.000003 | Train Loss: 0.001980 (Data: 0.00198, Mono: 0.00001) | Val MSE: 0.000178 (RMSE: 0.0134) 
2026-09-13 16:42:58,731 - INFO - Epoch [1860/2000] LR: 0.000003 | Train Loss: 0.001979 (Data: 0.00197, Mono: 0.00001) | Val MSE: 0.000176 (RMSE: 0.0133) 
2026-09-13 16:42:59,119 - INFO - Epoch [1870/2000] LR: 0.000003 | Train Loss: 0.001976 (Data: 0.00197, Mono: 0.00001) | Val MSE: 0.000180 (RMSE: 0.0134) 
2026-09-13 16:42:59,519 - INFO - Epoch [1880/2000] LR: 0.000002 | Train Loss: 0.001973 (Data: 0.00197, Mono: 0.00001) | Val MSE: 0.000176 (RMSE: 0.0133) 
2026-09-13 16:42:59,932 - INFO - Epoch [1890/2000] LR: 0.000002 | Train Loss: 0.001946 (Data: 0.00194, Mono: 0.00001) | Val MSE: 0.000175 (RMSE: 0.0132) 
2026-09-13 16:43:00,318 - INFO - Epoch [1900/2000] LR: 0.000002 | Train Loss: 0.001932 (Data: 0.00193, Mono: 0.00001) | Val MSE: 0.000179 (RMSE: 0.0134) 
2026-09-13 16:43:00,743 - INFO - Epoch [1910/2000] LR: 0.000002 | Train Loss: 0.001970 (Data: 0.00197, Mono: 0.00001) | Val MSE: 0.000177 (RMSE: 0.0133) 
2026-09-13 16:43:01,154 - INFO - Epoch [1920/2000] LR: 0.000002 | Train Loss: 0.001957 (Data: 0.00195, Mono: 0.00001) | Val MSE: 0.000178 (RMSE: 0.0133) 
2026-09-13 16:43:01,551 - INFO - Epoch [1930/2000] LR: 0.000002 | Train Loss: 0.001928 (Data: 0.00192, Mono: 0.00001) | Val MSE: 0.000178 (RMSE: 0.0133) 
2026-09-13 16:43:01,964 - INFO - Epoch [1940/2000] LR: 0.000002 | Train Loss: 0.001925 (Data: 0.00192, Mono: 0.00001) | Val MSE: 0.000176 (RMSE: 0.0133) 
2026-09-13 16:43:02,378 - INFO - Epoch [1950/2000] LR: 0.000002 | Train Loss: 0.001949 (Data: 0.00194, Mono: 0.00001) | Val MSE: 0.000176 (RMSE: 0.0133) 
2026-09-13 16:43:02,783 - INFO - Epoch [1960/2000] LR: 0.000002 | Train Loss: 0.001964 (Data: 0.00196, Mono: 0.00001) | Val MSE: 0.000177 (RMSE: 0.0133) 
2026-09-13 16:43:03,177 - INFO - Epoch [1970/2000] LR: 0.000002 | Train Loss: 0.001974 (Data: 0.00197, Mono: 0.00001) | Val MSE: 0.000175 (RMSE: 0.0132) 
2026-09-13 16:43:03,609 - INFO - Epoch [1980/2000] LR: 0.000002 | Train Loss: 0.001965 (Data: 0.00196, Mono: 0.00001) | Val MSE: 0.000176 (RMSE: 0.0133) 
2026-09-13 16:43:04,002 - INFO - Epoch [1990/2000] LR: 0.000002 | Train Loss: 0.001954 (Data: 0.00195, Mono: 0.00001) | Val MSE: 0.000176 (RMSE: 0.0133) 
2026-09-13 16:43:04,403 - INFO - Epoch [2000/2000] LR: 0.000002 | Train Loss: 0.001898 (Data: 0.00189, Mono: 0.00001) | Val MSE: 0.000177 (RMSE: 0.0133) 
2026-09-13 16:43:04,403 - INFO - Training completed in 78.22s. Loading best checkpoint from epoch 543 for final test evaluation...
2026-09-13 16:43:04,431 - INFO - ==================================================
2026-09-13 16:43:04,431 - INFO - Test Results for [XJTU] - [Sim_satellite] (Best Epoch 543):
2026-09-13 16:43:04,432 - INFO -   Test RMSE: 0.016555
2026-09-13 16:43:04,432 - INFO -   Test MAE:  0.014076
2026-09-13 16:43:04,432 - INFO -   Test MAPE: 1.472591
2026-09-13 16:43:04,432 - INFO -   Test MSE:  0.000274
2026-09-13 16:43:04,432 - INFO - ==================================================
2026-09-13 16:59:40,073 - INFO - ==================================================
2026-09-13 16:59:40,073 - INFO - Starting FusionMLP Training for [XJTU] - [Sim_satellite]
2026-09-13 16:59:40,073 - INFO - Device: cuda | Epochs: 2000 | LR: 0.000100 | Mono Weight: 0.4000 | Knee Feature: True
2026-09-13 16:59:40,073 - INFO - ==================================================
2026-09-13 16:59:40,156 - INFO - Data Splits: Train=5, Val=1, Test=2
2026-09-13 16:59:40,220 - INFO - Epoch [   1/2000] LR: 0.006063 | Train Loss: 0.259553 (Data: 0.25953, Mono: 0.00005) | Val MSE: 0.232551 (RMSE: 0.4822) [BEST]
2026-09-13 16:59:40,267 - INFO - Epoch [   2/2000] LR: 0.005857 | Train Loss: 0.118896 (Data: 0.11888, Mono: 0.00005) | Val MSE: 0.100143 (RMSE: 0.3165) [BEST]
2026-09-13 16:59:40,310 - INFO - Epoch [   3/2000] LR: 0.005651 | Train Loss: 0.071353 (Data: 0.07133, Mono: 0.00005) | Val MSE: 0.065391 (RMSE: 0.2557) [BEST]
2026-09-13 16:59:40,351 - INFO - Epoch [   4/2000] LR: 0.005446 | Train Loss: 0.056373 (Data: 0.05636, Mono: 0.00004) | Val MSE: 0.014730 (RMSE: 0.1214) [BEST]
2026-09-13 16:59:40,392 - INFO - Epoch [   5/2000] LR: 0.005240 | Train Loss: 0.046111 (Data: 0.04609, Mono: 0.00005) | Val MSE: 0.000339 (RMSE: 0.0184) [BEST]
2026-09-13 16:59:40,586 - INFO - Epoch [  10/2000] LR: 0.004212 | Train Loss: 0.016776 (Data: 0.01676, Mono: 0.00003) | Val MSE: 0.001436 (RMSE: 0.0379) 
2026-09-13 16:59:40,680 - INFO - Epoch [  12/2000] LR: 0.003801 | Train Loss: 0.015614 (Data: 0.01560, Mono: 0.00003) | Val MSE: 0.000215 (RMSE: 0.0147) [BEST]
2026-09-13 16:59:40,802 - INFO - Epoch [  15/2000] LR: 0.003184 | Train Loss: 0.013227 (Data: 0.01321, Mono: 0.00003) | Val MSE: 0.000131 (RMSE: 0.0114) [BEST]
2026-09-13 16:59:40,842 - INFO - Epoch [  16/2000] LR: 0.002979 | Train Loss: 0.012487 (Data: 0.01247, Mono: 0.00003) | Val MSE: 0.000103 (RMSE: 0.0102) [BEST]
2026-09-13 16:59:40,996 - INFO - Epoch [  20/2000] LR: 0.002156 | Train Loss: 0.011071 (Data: 0.01106, Mono: 0.00003) | Val MSE: 0.000133 (RMSE: 0.0115) 
2026-09-13 16:59:41,151 - INFO - Epoch [  24/2000] LR: 0.001334 | Train Loss: 0.010304 (Data: 0.01029, Mono: 0.00003) | Val MSE: 0.000103 (RMSE: 0.0101) [BEST]
2026-09-13 16:59:41,344 - INFO - Epoch [  29/2000] LR: 0.000306 | Train Loss: 0.009449 (Data: 0.00944, Mono: 0.00003) | Val MSE: 0.000102 (RMSE: 0.0101) [BEST]
2026-09-13 16:59:41,384 - INFO - Epoch [  30/2000] LR: 0.000100 | Train Loss: 0.009916 (Data: 0.00991, Mono: 0.00003) | Val MSE: 0.000101 (RMSE: 0.0101) [BEST]
2026-09-13 16:59:41,427 - INFO - Epoch [  31/2000] LR: 0.000100 | Train Loss: 0.009276 (Data: 0.00927, Mono: 0.00003) | Val MSE: 0.000101 (RMSE: 0.0100) [BEST]
2026-09-13 16:59:41,470 - INFO - Epoch [  32/2000] LR: 0.000100 | Train Loss: 0.009861 (Data: 0.00985, Mono: 0.00003) | Val MSE: 0.000101 (RMSE: 0.0100) [BEST]
2026-09-13 16:59:41,510 - INFO - Epoch [  33/2000] LR: 0.000100 | Train Loss: 0.009661 (Data: 0.00965, Mono: 0.00003) | Val MSE: 0.000100 (RMSE: 0.0100) [BEST]
2026-09-13 16:59:41,549 - INFO - Epoch [  34/2000] LR: 0.000100 | Train Loss: 0.009647 (Data: 0.00964, Mono: 0.00002) | Val MSE: 0.000100 (RMSE: 0.0100) [BEST]
2026-09-13 16:59:41,590 - INFO - Epoch [  35/2000] LR: 0.000100 | Train Loss: 0.009684 (Data: 0.00967, Mono: 0.00003) | Val MSE: 0.000100 (RMSE: 0.0100) [BEST]
2026-09-13 16:59:41,629 - INFO - Epoch [  36/2000] LR: 0.000100 | Train Loss: 0.009766 (Data: 0.00976, Mono: 0.00003) | Val MSE: 0.000099 (RMSE: 0.0100) [BEST]
2026-09-13 16:59:41,670 - INFO - Epoch [  37/2000] LR: 0.000100 | Train Loss: 0.009458 (Data: 0.00945, Mono: 0.00002) | Val MSE: 0.000099 (RMSE: 0.0100) [BEST]
2026-09-13 16:59:41,713 - INFO - Epoch [  38/2000] LR: 0.000100 | Train Loss: 0.009605 (Data: 0.00959, Mono: 0.00003) | Val MSE: 0.000099 (RMSE: 0.0100) [BEST]
2026-09-13 16:59:41,757 - INFO - Epoch [  39/2000] LR: 0.000100 | Train Loss: 0.009866 (Data: 0.00986, Mono: 0.00002) | Val MSE: 0.000099 (RMSE: 0.0100) [BEST]
2026-09-13 16:59:41,797 - INFO - Epoch [  40/2000] LR: 0.000100 | Train Loss: 0.009768 (Data: 0.00976, Mono: 0.00003) | Val MSE: 0.000100 (RMSE: 0.0100) 
2026-09-13 16:59:42,190 - INFO - Epoch [  50/2000] LR: 0.000100 | Train Loss: 0.009458 (Data: 0.00945, Mono: 0.00003) | Val MSE: 0.000103 (RMSE: 0.0101) 
2026-09-13 16:59:42,563 - INFO - Epoch [  60/2000] LR: 0.000100 | Train Loss: 0.009367 (Data: 0.00936, Mono: 0.00003) | Val MSE: 0.000102 (RMSE: 0.0101) 
2026-09-13 16:59:42,930 - INFO - Epoch [  70/2000] LR: 0.000100 | Train Loss: 0.009372 (Data: 0.00936, Mono: 0.00003) | Val MSE: 0.000104 (RMSE: 0.0102) 
2026-09-13 16:59:43,315 - INFO - Epoch [  80/2000] LR: 0.000100 | Train Loss: 0.009117 (Data: 0.00911, Mono: 0.00002) | Val MSE: 0.000103 (RMSE: 0.0101) 
2026-09-13 16:59:43,701 - INFO - Epoch [  90/2000] LR: 0.000100 | Train Loss: 0.008914 (Data: 0.00890, Mono: 0.00003) | Val MSE: 0.000101 (RMSE: 0.0100) 
2026-09-13 16:59:43,859 - INFO - Epoch [  94/2000] LR: 0.000100 | Train Loss: 0.009167 (Data: 0.00916, Mono: 0.00003) | Val MSE: 0.000099 (RMSE: 0.0099) [BEST]
2026-09-13 16:59:43,899 - INFO - Epoch [  95/2000] LR: 0.000100 | Train Loss: 0.009071 (Data: 0.00906, Mono: 0.00003) | Val MSE: 0.000099 (RMSE: 0.0099) [BEST]
2026-09-13 16:59:44,095 - INFO - Epoch [ 100/2000] LR: 0.000100 | Train Loss: 0.008512 (Data: 0.00850, Mono: 0.00002) | Val MSE: 0.000099 (RMSE: 0.0100) 
2026-09-13 16:59:44,486 - INFO - Epoch [ 110/2000] LR: 0.000100 | Train Loss: 0.008819 (Data: 0.00881, Mono: 0.00003) | Val MSE: 0.000103 (RMSE: 0.0102) 
2026-09-13 16:59:44,721 - INFO - Epoch [ 116/2000] LR: 0.000100 | Train Loss: 0.008338 (Data: 0.00833, Mono: 0.00002) | Val MSE: 0.000098 (RMSE: 0.0099) [BEST]
2026-09-13 16:59:44,762 - INFO - Epoch [ 117/2000] LR: 0.000100 | Train Loss: 0.008497 (Data: 0.00849, Mono: 0.00002) | Val MSE: 0.000097 (RMSE: 0.0099) [BEST]
2026-09-13 16:59:44,807 - INFO - Epoch [ 118/2000] LR: 0.000100 | Train Loss: 0.008268 (Data: 0.00826, Mono: 0.00002) | Val MSE: 0.000097 (RMSE: 0.0099) [BEST]
2026-09-13 16:59:44,847 - INFO - Epoch [ 119/2000] LR: 0.000100 | Train Loss: 0.008637 (Data: 0.00863, Mono: 0.00003) | Val MSE: 0.000097 (RMSE: 0.0098) [BEST]
2026-09-13 16:59:44,911 - INFO - Epoch [ 120/2000] LR: 0.000099 | Train Loss: 0.008643 (Data: 0.00863, Mono: 0.00003) | Val MSE: 0.000096 (RMSE: 0.0098) [BEST]
2026-09-13 16:59:45,296 - INFO - Epoch [ 130/2000] LR: 0.000099 | Train Loss: 0.008454 (Data: 0.00844, Mono: 0.00002) | Val MSE: 0.000104 (RMSE: 0.0102) 
2026-09-13 16:59:45,703 - INFO - Epoch [ 140/2000] LR: 0.000099 | Train Loss: 0.008038 (Data: 0.00803, Mono: 0.00002) | Val MSE: 0.000105 (RMSE: 0.0103) 
2026-09-13 16:59:45,780 - INFO - Epoch [ 142/2000] LR: 0.000099 | Train Loss: 0.008317 (Data: 0.00831, Mono: 0.00002) | Val MSE: 0.000096 (RMSE: 0.0098) [BEST]
2026-09-13 16:59:46,086 - INFO - Epoch [ 150/2000] LR: 0.000099 | Train Loss: 0.008110 (Data: 0.00810, Mono: 0.00002) | Val MSE: 0.000105 (RMSE: 0.0103) 
2026-09-13 16:59:46,478 - INFO - Epoch [ 160/2000] LR: 0.000099 | Train Loss: 0.007918 (Data: 0.00791, Mono: 0.00002) | Val MSE: 0.000102 (RMSE: 0.0101) 
2026-09-13 16:59:46,849 - INFO - Epoch [ 170/2000] LR: 0.000099 | Train Loss: 0.007795 (Data: 0.00779, Mono: 0.00002) | Val MSE: 0.000099 (RMSE: 0.0099) 
2026-09-13 16:59:47,245 - INFO - Epoch [ 180/2000] LR: 0.000099 | Train Loss: 0.007556 (Data: 0.00755, Mono: 0.00002) | Val MSE: 0.000098 (RMSE: 0.0099) 
2026-09-13 16:59:47,647 - INFO - Epoch [ 190/2000] LR: 0.000098 | Train Loss: 0.007585 (Data: 0.00757, Mono: 0.00002) | Val MSE: 0.000096 (RMSE: 0.0098) 
2026-09-13 16:59:47,686 - INFO - Epoch [ 191/2000] LR: 0.000098 | Train Loss: 0.007361 (Data: 0.00735, Mono: 0.00002) | Val MSE: 0.000094 (RMSE: 0.0097) [BEST]
2026-09-13 16:59:47,729 - INFO - Epoch [ 192/2000] LR: 0.000098 | Train Loss: 0.007512 (Data: 0.00750, Mono: 0.00002) | Val MSE: 0.000094 (RMSE: 0.0097) [BEST]
2026-09-13 16:59:48,053 - INFO - Epoch [ 200/2000] LR: 0.000098 | Train Loss: 0.007309 (Data: 0.00730, Mono: 0.00002) | Val MSE: 0.000098 (RMSE: 0.0099) 
2026-09-13 16:59:48,444 - INFO - Epoch [ 210/2000] LR: 0.000098 | Train Loss: 0.007169 (Data: 0.00716, Mono: 0.00002) | Val MSE: 0.000097 (RMSE: 0.0098) 
2026-09-13 16:59:48,833 - INFO - Epoch [ 220/2000] LR: 0.000098 | Train Loss: 0.007006 (Data: 0.00700, Mono: 0.00002) | Val MSE: 0.000098 (RMSE: 0.0099) 
2026-09-13 16:59:49,210 - INFO - Epoch [ 230/2000] LR: 0.000098 | Train Loss: 0.006956 (Data: 0.00695, Mono: 0.00002) | Val MSE: 0.000096 (RMSE: 0.0098) 
2026-09-13 16:59:49,577 - INFO - Epoch [ 240/2000] LR: 0.000097 | Train Loss: 0.007076 (Data: 0.00707, Mono: 0.00002) | Val MSE: 0.000096 (RMSE: 0.0098) 
2026-09-13 16:59:49,941 - INFO - Epoch [ 250/2000] LR: 0.000097 | Train Loss: 0.006673 (Data: 0.00666, Mono: 0.00002) | Val MSE: 0.000094 (RMSE: 0.0097) 
2026-09-13 16:59:49,981 - INFO - Epoch [ 251/2000] LR: 0.000097 | Train Loss: 0.006794 (Data: 0.00679, Mono: 0.00002) | Val MSE: 0.000093 (RMSE: 0.0097) [BEST]
2026-09-13 16:59:50,025 - INFO - Epoch [ 252/2000] LR: 0.000097 | Train Loss: 0.006800 (Data: 0.00679, Mono: 0.00002) | Val MSE: 0.000093 (RMSE: 0.0097) [BEST]
2026-09-13 16:59:50,144 - INFO - Epoch [ 255/2000] LR: 0.000097 | Train Loss: 0.006661 (Data: 0.00665, Mono: 0.00002) | Val MSE: 0.000093 (RMSE: 0.0097) [BEST]
2026-09-13 16:59:50,267 - INFO - Epoch [ 258/2000] LR: 0.000097 | Train Loss: 0.006545 (Data: 0.00654, Mono: 0.00002) | Val MSE: 0.000091 (RMSE: 0.0095) [BEST]
2026-09-13 16:59:50,346 - INFO - Epoch [ 260/2000] LR: 0.000097 | Train Loss: 0.006882 (Data: 0.00687, Mono: 0.00002) | Val MSE: 0.000101 (RMSE: 0.0100) 
2026-09-13 16:59:50,714 - INFO - Epoch [ 270/2000] LR: 0.000096 | Train Loss: 0.006299 (Data: 0.00629, Mono: 0.00002) | Val MSE: 0.000095 (RMSE: 0.0098) 
2026-09-13 16:59:51,093 - INFO - Epoch [ 280/2000] LR: 0.000096 | Train Loss: 0.006479 (Data: 0.00647, Mono: 0.00002) | Val MSE: 0.000105 (RMSE: 0.0102) 
2026-09-13 16:59:51,475 - INFO - Epoch [ 290/2000] LR: 0.000096 | Train Loss: 0.006115 (Data: 0.00611, Mono: 0.00002) | Val MSE: 0.000096 (RMSE: 0.0098) 
2026-09-13 16:59:51,905 - INFO - Epoch [ 300/2000] LR: 0.000096 | Train Loss: 0.006325 (Data: 0.00632, Mono: 0.00002) | Val MSE: 0.000097 (RMSE: 0.0098) 
2026-09-13 16:59:52,299 - INFO - Epoch [ 310/2000] LR: 0.000095 | Train Loss: 0.006057 (Data: 0.00605, Mono: 0.00002) | Val MSE: 0.000105 (RMSE: 0.0102) 
2026-09-13 16:59:52,691 - INFO - Epoch [ 320/2000] LR: 0.000095 | Train Loss: 0.005866 (Data: 0.00586, Mono: 0.00002) | Val MSE: 0.000099 (RMSE: 0.0099) 
2026-09-13 16:59:53,065 - INFO - Epoch [ 330/2000] LR: 0.000094 | Train Loss: 0.005942 (Data: 0.00593, Mono: 0.00002) | Val MSE: 0.000101 (RMSE: 0.0101) 
2026-09-13 16:59:53,452 - INFO - Epoch [ 340/2000] LR: 0.000094 | Train Loss: 0.005712 (Data: 0.00570, Mono: 0.00002) | Val MSE: 0.000113 (RMSE: 0.0106) 
2026-09-13 16:59:53,819 - INFO - Epoch [ 350/2000] LR: 0.000094 | Train Loss: 0.005606 (Data: 0.00560, Mono: 0.00002) | Val MSE: 0.000101 (RMSE: 0.0101) 
2026-09-13 16:59:54,197 - INFO - Epoch [ 360/2000] LR: 0.000093 | Train Loss: 0.005513 (Data: 0.00551, Mono: 0.00002) | Val MSE: 0.000108 (RMSE: 0.0104) 
2026-09-13 16:59:54,569 - INFO - Epoch [ 370/2000] LR: 0.000093 | Train Loss: 0.005730 (Data: 0.00572, Mono: 0.00002) | Val MSE: 0.000106 (RMSE: 0.0103) 
2026-09-13 16:59:54,956 - INFO - Epoch [ 380/2000] LR: 0.000093 | Train Loss: 0.005503 (Data: 0.00549, Mono: 0.00002) | Val MSE: 0.000117 (RMSE: 0.0108) 
2026-09-13 16:59:55,343 - INFO - Epoch [ 390/2000] LR: 0.000092 | Train Loss: 0.005455 (Data: 0.00545, Mono: 0.00002) | Val MSE: 0.000103 (RMSE: 0.0102) 
2026-09-13 16:59:55,738 - INFO - Epoch [ 400/2000] LR: 0.000092 | Train Loss: 0.005201 (Data: 0.00519, Mono: 0.00002) | Val MSE: 0.000101 (RMSE: 0.0100) 
2026-09-13 16:59:56,132 - INFO - Epoch [ 410/2000] LR: 0.000091 | Train Loss: 0.005248 (Data: 0.00524, Mono: 0.00002) | Val MSE: 0.000117 (RMSE: 0.0108) 
2026-09-13 16:59:56,730 - INFO - Epoch [ 420/2000] LR: 0.000091 | Train Loss: 0.005202 (Data: 0.00519, Mono: 0.00002) | Val MSE: 0.000131 (RMSE: 0.0114) 
2026-09-13 16:59:57,171 - INFO - Epoch [ 430/2000] LR: 0.000090 | Train Loss: 0.005158 (Data: 0.00515, Mono: 0.00002) | Val MSE: 0.000126 (RMSE: 0.0112) 
2026-09-13 16:59:57,551 - INFO - Epoch [ 440/2000] LR: 0.000090 | Train Loss: 0.004992 (Data: 0.00498, Mono: 0.00002) | Val MSE: 0.000120 (RMSE: 0.0109) 
2026-09-13 16:59:57,944 - INFO - Epoch [ 450/2000] LR: 0.000089 | Train Loss: 0.005016 (Data: 0.00501, Mono: 0.00002) | Val MSE: 0.000112 (RMSE: 0.0106) 
2026-09-13 16:59:58,311 - INFO - Epoch [ 460/2000] LR: 0.000089 | Train Loss: 0.004904 (Data: 0.00490, Mono: 0.00002) | Val MSE: 0.000123 (RMSE: 0.0111) 
2026-09-13 16:59:58,690 - INFO - Epoch [ 470/2000] LR: 0.000088 | Train Loss: 0.004768 (Data: 0.00476, Mono: 0.00002) | Val MSE: 0.000108 (RMSE: 0.0104) 
2026-09-13 16:59:59,073 - INFO - Epoch [ 480/2000] LR: 0.000088 | Train Loss: 0.004847 (Data: 0.00484, Mono: 0.00002) | Val MSE: 0.000115 (RMSE: 0.0107) 
2026-09-13 16:59:59,470 - INFO - Epoch [ 490/2000] LR: 0.000087 | Train Loss: 0.004819 (Data: 0.00481, Mono: 0.00002) | Val MSE: 0.000120 (RMSE: 0.0109) 
2026-09-13 16:59:59,835 - INFO - Epoch [ 500/2000] LR: 0.000087 | Train Loss: 0.004771 (Data: 0.00476, Mono: 0.00002) | Val MSE: 0.000152 (RMSE: 0.0123) 
2026-09-13 17:00:00,203 - INFO - Epoch [ 510/2000] LR: 0.000086 | Train Loss: 0.004679 (Data: 0.00467, Mono: 0.00002) | Val MSE: 0.000138 (RMSE: 0.0117) 
2026-09-13 17:00:00,571 - INFO - Epoch [ 520/2000] LR: 0.000086 | Train Loss: 0.004423 (Data: 0.00442, Mono: 0.00002) | Val MSE: 0.000122 (RMSE: 0.0111) 
2026-09-13 17:00:00,933 - INFO - Epoch [ 530/2000] LR: 0.000085 | Train Loss: 0.004530 (Data: 0.00452, Mono: 0.00002) | Val MSE: 0.000125 (RMSE: 0.0112) 
2026-09-13 17:00:01,297 - INFO - Epoch [ 540/2000] LR: 0.000085 | Train Loss: 0.004492 (Data: 0.00448, Mono: 0.00002) | Val MSE: 0.000123 (RMSE: 0.0111) 
2026-09-13 17:00:01,722 - INFO - Epoch [ 550/2000] LR: 0.000084 | Train Loss: 0.004323 (Data: 0.00432, Mono: 0.00002) | Val MSE: 0.000127 (RMSE: 0.0113) 
2026-09-13 17:00:02,091 - INFO - Epoch [ 560/2000] LR: 0.000083 | Train Loss: 0.004322 (Data: 0.00431, Mono: 0.00002) | Val MSE: 0.000127 (RMSE: 0.0113) 
2026-09-13 17:00:02,466 - INFO - Epoch [ 570/2000] LR: 0.000083 | Train Loss: 0.004307 (Data: 0.00430, Mono: 0.00002) | Val MSE: 0.000147 (RMSE: 0.0121) 
2026-09-13 17:00:02,852 - INFO - Epoch [ 580/2000] LR: 0.000082 | Train Loss: 0.004333 (Data: 0.00433, Mono: 0.00002) | Val MSE: 0.000138 (RMSE: 0.0117) 
2026-09-13 17:00:03,229 - INFO - Epoch [ 590/2000] LR: 0.000082 | Train Loss: 0.004261 (Data: 0.00425, Mono: 0.00002) | Val MSE: 0.000129 (RMSE: 0.0113) 
2026-09-13 17:00:03,612 - INFO - Epoch [ 600/2000] LR: 0.000081 | Train Loss: 0.004208 (Data: 0.00420, Mono: 0.00002) | Val MSE: 0.000129 (RMSE: 0.0114) 
2026-09-13 17:00:03,990 - INFO - Epoch [ 610/2000] LR: 0.000080 | Train Loss: 0.004236 (Data: 0.00423, Mono: 0.00002) | Val MSE: 0.000141 (RMSE: 0.0119) 
2026-09-13 17:00:04,367 - INFO - Epoch [ 620/2000] LR: 0.000080 | Train Loss: 0.004107 (Data: 0.00410, Mono: 0.00002) | Val MSE: 0.000149 (RMSE: 0.0122) 
2026-09-13 17:00:04,737 - INFO - Epoch [ 630/2000] LR: 0.000079 | Train Loss: 0.004110 (Data: 0.00410, Mono: 0.00002) | Val MSE: 0.000141 (RMSE: 0.0119) 
2026-09-13 17:00:05,128 - INFO - Epoch [ 640/2000] LR: 0.000078 | Train Loss: 0.004133 (Data: 0.00413, Mono: 0.00002) | Val MSE: 0.000140 (RMSE: 0.0118) 
2026-09-13 17:00:05,504 - INFO - Epoch [ 650/2000] LR: 0.000078 | Train Loss: 0.004087 (Data: 0.00408, Mono: 0.00002) | Val MSE: 0.000142 (RMSE: 0.0119) 
2026-09-13 17:00:05,892 - INFO - Epoch [ 660/2000] LR: 0.000077 | Train Loss: 0.003927 (Data: 0.00392, Mono: 0.00002) | Val MSE: 0.000152 (RMSE: 0.0123) 
2026-09-13 17:00:06,283 - INFO - Epoch [ 670/2000] LR: 0.000077 | Train Loss: 0.003987 (Data: 0.00398, Mono: 0.00002) | Val MSE: 0.000143 (RMSE: 0.0119) 
2026-09-13 17:00:06,654 - INFO - Epoch [ 680/2000] LR: 0.000076 | Train Loss: 0.003914 (Data: 0.00391, Mono: 0.00002) | Val MSE: 0.000145 (RMSE: 0.0121) 
2026-09-13 17:00:07,047 - INFO - Epoch [ 690/2000] LR: 0.000075 | Train Loss: 0.003796 (Data: 0.00379, Mono: 0.00002) | Val MSE: 0.000144 (RMSE: 0.0120) 
2026-09-13 17:00:07,432 - INFO - Epoch [ 700/2000] LR: 0.000074 | Train Loss: 0.003791 (Data: 0.00378, Mono: 0.00002) | Val MSE: 0.000149 (RMSE: 0.0122) 
2026-09-13 17:00:07,817 - INFO - Epoch [ 710/2000] LR: 0.000074 | Train Loss: 0.003890 (Data: 0.00388, Mono: 0.00002) | Val MSE: 0.000151 (RMSE: 0.0123) 
2026-09-13 17:00:08,207 - INFO - Epoch [ 720/2000] LR: 0.000073 | Train Loss: 0.003906 (Data: 0.00390, Mono: 0.00002) | Val MSE: 0.000157 (RMSE: 0.0125) 
2026-09-13 17:00:08,585 - INFO - Epoch [ 730/2000] LR: 0.000072 | Train Loss: 0.003844 (Data: 0.00384, Mono: 0.00002) | Val MSE: 0.000149 (RMSE: 0.0122) 
2026-09-13 17:00:08,971 - INFO - Epoch [ 740/2000] LR: 0.000072 | Train Loss: 0.003791 (Data: 0.00378, Mono: 0.00002) | Val MSE: 0.000154 (RMSE: 0.0124) 
2026-09-13 17:00:09,345 - INFO - Epoch [ 750/2000] LR: 0.000071 | Train Loss: 0.003672 (Data: 0.00367, Mono: 0.00002) | Val MSE: 0.000155 (RMSE: 0.0125) 
2026-09-13 17:00:09,725 - INFO - Epoch [ 760/2000] LR: 0.000070 | Train Loss: 0.003710 (Data: 0.00370, Mono: 0.00002) | Val MSE: 0.000152 (RMSE: 0.0123) 
2026-09-13 17:00:10,096 - INFO - Epoch [ 770/2000] LR: 0.000070 | Train Loss: 0.003699 (Data: 0.00369, Mono: 0.00002) | Val MSE: 0.000161 (RMSE: 0.0127) 
2026-09-13 17:00:10,459 - INFO - Epoch [ 780/2000] LR: 0.000069 | Train Loss: 0.003488 (Data: 0.00348, Mono: 0.00001) | Val MSE: 0.000156 (RMSE: 0.0125) 
2026-09-13 17:00:10,851 - INFO - Epoch [ 790/2000] LR: 0.000068 | Train Loss: 0.003504 (Data: 0.00350, Mono: 0.00001) | Val MSE: 0.000161 (RMSE: 0.0127) 
2026-09-13 17:00:11,241 - INFO - Epoch [ 800/2000] LR: 0.000067 | Train Loss: 0.003539 (Data: 0.00353, Mono: 0.00001) | Val MSE: 0.000158 (RMSE: 0.0126) 
2026-09-13 17:00:11,672 - INFO - Epoch [ 810/2000] LR: 0.000067 | Train Loss: 0.003514 (Data: 0.00351, Mono: 0.00002) | Val MSE: 0.000162 (RMSE: 0.0127) 
2026-09-13 17:00:12,089 - INFO - Epoch [ 820/2000] LR: 0.000066 | Train Loss: 0.003544 (Data: 0.00354, Mono: 0.00002) | Val MSE: 0.000165 (RMSE: 0.0129) 
2026-09-13 17:00:12,454 - INFO - Epoch [ 830/2000] LR: 0.000065 | Train Loss: 0.003437 (Data: 0.00343, Mono: 0.00002) | Val MSE: 0.000164 (RMSE: 0.0128) 
2026-09-13 17:00:12,839 - INFO - Epoch [ 840/2000] LR: 0.000064 | Train Loss: 0.003464 (Data: 0.00346, Mono: 0.00002) | Val MSE: 0.000169 (RMSE: 0.0130) 
2026-09-13 17:00:13,213 - INFO - Epoch [ 850/2000] LR: 0.000064 | Train Loss: 0.003409 (Data: 0.00340, Mono: 0.00001) | Val MSE: 0.000168 (RMSE: 0.0130) 
2026-09-13 17:00:13,620 - INFO - Epoch [ 860/2000] LR: 0.000063 | Train Loss: 0.003405 (Data: 0.00340, Mono: 0.00002) | Val MSE: 0.000172 (RMSE: 0.0131) 
2026-09-13 17:00:13,997 - INFO - Epoch [ 870/2000] LR: 0.000062 | Train Loss: 0.003308 (Data: 0.00330, Mono: 0.00002) | Val MSE: 0.000174 (RMSE: 0.0132) 
2026-09-13 17:00:14,369 - INFO - Epoch [ 880/2000] LR: 0.000061 | Train Loss: 0.003330 (Data: 0.00332, Mono: 0.00002) | Val MSE: 0.000168 (RMSE: 0.0130) 
2026-09-13 17:00:14,743 - INFO - Epoch [ 890/2000] LR: 0.000061 | Train Loss: 0.003313 (Data: 0.00331, Mono: 0.00002) | Val MSE: 0.000176 (RMSE: 0.0133) 
2026-09-13 17:00:15,115 - INFO - Epoch [ 900/2000] LR: 0.000060 | Train Loss: 0.003216 (Data: 0.00321, Mono: 0.00001) | Val MSE: 0.000172 (RMSE: 0.0131) 
2026-09-13 17:00:15,490 - INFO - Epoch [ 910/2000] LR: 0.000059 | Train Loss: 0.003234 (Data: 0.00323, Mono: 0.00002) | Val MSE: 0.000176 (RMSE: 0.0133) 
2026-09-13 17:00:15,872 - INFO - Epoch [ 920/2000] LR: 0.000058 | Train Loss: 0.003297 (Data: 0.00329, Mono: 0.00002) | Val MSE: 0.000173 (RMSE: 0.0131) 
2026-09-13 17:00:16,251 - INFO - Epoch [ 930/2000] LR: 0.000057 | Train Loss: 0.003293 (Data: 0.00329, Mono: 0.00001) | Val MSE: 0.000176 (RMSE: 0.0133) 
2026-09-13 17:00:16,617 - INFO - Epoch [ 940/2000] LR: 0.000057 | Train Loss: 0.003181 (Data: 0.00318, Mono: 0.00001) | Val MSE: 0.000199 (RMSE: 0.0141) 
2026-09-13 17:00:16,992 - INFO - Epoch [ 950/2000] LR: 0.000056 | Train Loss: 0.003282 (Data: 0.00328, Mono: 0.00002) | Val MSE: 0.000198 (RMSE: 0.0141) 
2026-09-13 17:00:17,376 - INFO - Epoch [ 960/2000] LR: 0.000055 | Train Loss: 0.003177 (Data: 0.00317, Mono: 0.00001) | Val MSE: 0.000178 (RMSE: 0.0133) 
2026-09-13 17:00:17,748 - INFO - Epoch [ 970/2000] LR: 0.000054 | Train Loss: 0.003073 (Data: 0.00307, Mono: 0.00001) | Val MSE: 0.000179 (RMSE: 0.0134) 
2026-09-13 17:00:18,128 - INFO - Epoch [ 980/2000] LR: 0.000054 | Train Loss: 0.003096 (Data: 0.00309, Mono: 0.00001) | Val MSE: 0.000201 (RMSE: 0.0142) 
2026-09-13 17:00:18,500 - INFO - Epoch [ 990/2000] LR: 0.000053 | Train Loss: 0.003067 (Data: 0.00306, Mono: 0.00001) | Val MSE: 0.000180 (RMSE: 0.0134) 
2026-09-13 17:00:18,876 - INFO - Epoch [1000/2000] LR: 0.000052 | Train Loss: 0.003131 (Data: 0.00312, Mono: 0.00001) | Val MSE: 0.000181 (RMSE: 0.0134) 
2026-09-13 17:00:19,255 - INFO - Epoch [1010/2000] LR: 0.000051 | Train Loss: 0.003130 (Data: 0.00312, Mono: 0.00002) | Val MSE: 0.000187 (RMSE: 0.0137) 
2026-09-13 17:00:19,654 - INFO - Epoch [1020/2000] LR: 0.000050 | Train Loss: 0.003078 (Data: 0.00307, Mono: 0.00002) | Val MSE: 0.000187 (RMSE: 0.0137) 
2026-09-13 17:00:20,053 - INFO - Epoch [1030/2000] LR: 0.000050 | Train Loss: 0.003059 (Data: 0.00305, Mono: 0.00002) | Val MSE: 0.000187 (RMSE: 0.0137) 
2026-09-13 17:00:20,443 - INFO - Epoch [1040/2000] LR: 0.000049 | Train Loss: 0.002982 (Data: 0.00298, Mono: 0.00001) | Val MSE: 0.000191 (RMSE: 0.0138) 
2026-09-13 17:00:20,825 - INFO - Epoch [1050/2000] LR: 0.000048 | Train Loss: 0.002965 (Data: 0.00296, Mono: 0.00001) | Val MSE: 0.000191 (RMSE: 0.0138) 
2026-09-13 17:00:21,204 - INFO - Epoch [1060/2000] LR: 0.000047 | Train Loss: 0.003057 (Data: 0.00305, Mono: 0.00001) | Val MSE: 0.000188 (RMSE: 0.0137) 
2026-09-13 17:00:21,594 - INFO - Epoch [1070/2000] LR: 0.000046 | Train Loss: 0.003030 (Data: 0.00302, Mono: 0.00001) | Val MSE: 0.000203 (RMSE: 0.0143) 
2026-09-13 17:00:22,084 - INFO - Epoch [1080/2000] LR: 0.000046 | Train Loss: 0.002999 (Data: 0.00299, Mono: 0.00001) | Val MSE: 0.000195 (RMSE: 0.0140) 
2026-09-13 17:00:22,516 - INFO - Epoch [1090/2000] LR: 0.000045 | Train Loss: 0.002896 (Data: 0.00289, Mono: 0.00001) | Val MSE: 0.000191 (RMSE: 0.0138) 
2026-09-13 17:00:22,937 - INFO - Epoch [1100/2000] LR: 0.000044 | Train Loss: 0.002877 (Data: 0.00287, Mono: 0.00001) | Val MSE: 0.000196 (RMSE: 0.0140) 
2026-09-13 17:00:23,392 - INFO - Epoch [1110/2000] LR: 0.000043 | Train Loss: 0.002869 (Data: 0.00286, Mono: 0.00001) | Val MSE: 0.000189 (RMSE: 0.0137) 
2026-09-13 17:00:23,840 - INFO - Epoch [1120/2000] LR: 0.000043 | Train Loss: 0.002857 (Data: 0.00285, Mono: 0.00001) | Val MSE: 0.000198 (RMSE: 0.0141) 
2026-09-13 17:00:24,293 - INFO - Epoch [1130/2000] LR: 0.000042 | Train Loss: 0.002904 (Data: 0.00290, Mono: 0.00001) | Val MSE: 0.000195 (RMSE: 0.0140) 
2026-09-13 17:00:24,724 - INFO - Epoch [1140/2000] LR: 0.000041 | Train Loss: 0.002822 (Data: 0.00282, Mono: 0.00001) | Val MSE: 0.000194 (RMSE: 0.0139) 
2026-09-13 17:00:25,162 - INFO - Epoch [1150/2000] LR: 0.000040 | Train Loss: 0.002838 (Data: 0.00283, Mono: 0.00001) | Val MSE: 0.000196 (RMSE: 0.0140) 
2026-09-13 17:00:25,596 - INFO - Epoch [1160/2000] LR: 0.000040 | Train Loss: 0.002889 (Data: 0.00288, Mono: 0.00001) | Val MSE: 0.000194 (RMSE: 0.0139) 
2026-09-13 17:00:26,034 - INFO - Epoch [1170/2000] LR: 0.000039 | Train Loss: 0.002845 (Data: 0.00284, Mono: 0.00002) | Val MSE: 0.000199 (RMSE: 0.0141) 
2026-09-13 17:00:26,476 - INFO - Epoch [1180/2000] LR: 0.000038 | Train Loss: 0.002767 (Data: 0.00276, Mono: 0.00001) | Val MSE: 0.000203 (RMSE: 0.0142) 
2026-09-13 17:00:26,917 - INFO - Epoch [1190/2000] LR: 0.000037 | Train Loss: 0.002793 (Data: 0.00279, Mono: 0.00001) | Val MSE: 0.000201 (RMSE: 0.0142) 
2026-09-13 17:00:27,379 - INFO - Epoch [1200/2000] LR: 0.000036 | Train Loss: 0.002805 (Data: 0.00280, Mono: 0.00001) | Val MSE: 0.000199 (RMSE: 0.0141) 
2026-09-13 17:00:27,833 - INFO - Epoch [1210/2000] LR: 0.000036 | Train Loss: 0.002802 (Data: 0.00280, Mono: 0.00001) | Val MSE: 0.000196 (RMSE: 0.0140) 
2026-09-13 17:00:28,291 - INFO - Epoch [1220/2000] LR: 0.000035 | Train Loss: 0.002806 (Data: 0.00280, Mono: 0.00001) | Val MSE: 0.000200 (RMSE: 0.0141) 
2026-09-13 17:00:28,751 - INFO - Epoch [1230/2000] LR: 0.000034 | Train Loss: 0.002787 (Data: 0.00278, Mono: 0.00001) | Val MSE: 0.000204 (RMSE: 0.0143) 
2026-09-13 17:00:29,201 - INFO - Epoch [1240/2000] LR: 0.000034 | Train Loss: 0.002739 (Data: 0.00273, Mono: 0.00001) | Val MSE: 0.000202 (RMSE: 0.0142) 
2026-09-13 17:00:29,673 - INFO - Epoch [1250/2000] LR: 0.000033 | Train Loss: 0.002772 (Data: 0.00277, Mono: 0.00001) | Val MSE: 0.000199 (RMSE: 0.0141) 
2026-09-13 17:00:30,162 - INFO - Epoch [1260/2000] LR: 0.000032 | Train Loss: 0.002773 (Data: 0.00277, Mono: 0.00001) | Val MSE: 0.000201 (RMSE: 0.0142) 
2026-09-13 17:00:30,648 - INFO - Epoch [1270/2000] LR: 0.000031 | Train Loss: 0.002695 (Data: 0.00269, Mono: 0.00001) | Val MSE: 0.000202 (RMSE: 0.0142) 
2026-09-13 17:00:31,128 - INFO - Epoch [1280/2000] LR: 0.000031 | Train Loss: 0.002778 (Data: 0.00277, Mono: 0.00001) | Val MSE: 0.000202 (RMSE: 0.0142) 
2026-09-13 17:00:31,612 - INFO - Epoch [1290/2000] LR: 0.000030 | Train Loss: 0.002706 (Data: 0.00270, Mono: 0.00001) | Val MSE: 0.000205 (RMSE: 0.0143) 
2026-09-13 17:00:32,097 - INFO - Epoch [1300/2000] LR: 0.000029 | Train Loss: 0.002718 (Data: 0.00271, Mono: 0.00001) | Val MSE: 0.000203 (RMSE: 0.0143) 
2026-09-13 17:00:32,564 - INFO - Epoch [1310/2000] LR: 0.000028 | Train Loss: 0.002669 (Data: 0.00266, Mono: 0.00001) | Val MSE: 0.000205 (RMSE: 0.0143) 
2026-09-13 17:00:33,043 - INFO - Epoch [1320/2000] LR: 0.000028 | Train Loss: 0.002671 (Data: 0.00266, Mono: 0.00001) | Val MSE: 0.000208 (RMSE: 0.0144) 
2026-09-13 17:00:33,498 - INFO - Epoch [1330/2000] LR: 0.000027 | Train Loss: 0.002689 (Data: 0.00268, Mono: 0.00001) | Val MSE: 0.000204 (RMSE: 0.0143) 
2026-09-13 17:00:33,988 - INFO - Epoch [1340/2000] LR: 0.000026 | Train Loss: 0.002635 (Data: 0.00263, Mono: 0.00001) | Val MSE: 0.000207 (RMSE: 0.0144) 
2026-09-13 17:00:34,450 - INFO - Epoch [1350/2000] LR: 0.000026 | Train Loss: 0.002615 (Data: 0.00261, Mono: 0.00001) | Val MSE: 0.000207 (RMSE: 0.0144) 
2026-09-13 17:00:34,975 - INFO - Epoch [1360/2000] LR: 0.000025 | Train Loss: 0.002676 (Data: 0.00267, Mono: 0.00001) | Val MSE: 0.000203 (RMSE: 0.0143) 
2026-09-13 17:00:35,443 - INFO - Epoch [1370/2000] LR: 0.000024 | Train Loss: 0.002613 (Data: 0.00261, Mono: 0.00001) | Val MSE: 0.000207 (RMSE: 0.0144) 
2026-09-13 17:00:35,925 - INFO - Epoch [1380/2000] LR: 0.000024 | Train Loss: 0.002638 (Data: 0.00263, Mono: 0.00001) | Val MSE: 0.000206 (RMSE: 0.0143) 
2026-09-13 17:00:36,378 - INFO - Epoch [1390/2000] LR: 0.000023 | Train Loss: 0.002559 (Data: 0.00255, Mono: 0.00001) | Val MSE: 0.000209 (RMSE: 0.0145) 
2026-09-13 17:00:36,847 - INFO - Epoch [1400/2000] LR: 0.000022 | Train Loss: 0.002583 (Data: 0.00258, Mono: 0.00001) | Val MSE: 0.000206 (RMSE: 0.0143) 
2026-09-13 17:00:37,325 - INFO - Epoch [1410/2000] LR: 0.000022 | Train Loss: 0.002653 (Data: 0.00265, Mono: 0.00001) | Val MSE: 0.000207 (RMSE: 0.0144) 
2026-09-13 17:00:37,789 - INFO - Epoch [1420/2000] LR: 0.000021 | Train Loss: 0.002588 (Data: 0.00258, Mono: 0.00001) | Val MSE: 0.000204 (RMSE: 0.0143) 
2026-09-13 17:00:38,270 - INFO - Epoch [1430/2000] LR: 0.000021 | Train Loss: 0.002678 (Data: 0.00267, Mono: 0.00001) | Val MSE: 0.000206 (RMSE: 0.0144) 
2026-09-13 17:00:38,753 - INFO - Epoch [1440/2000] LR: 0.000020 | Train Loss: 0.002621 (Data: 0.00262, Mono: 0.00001) | Val MSE: 0.000206 (RMSE: 0.0144) 
2026-09-13 17:00:39,219 - INFO - Epoch [1450/2000] LR: 0.000019 | Train Loss: 0.002666 (Data: 0.00266, Mono: 0.00001) | Val MSE: 0.000207 (RMSE: 0.0144) 
2026-09-13 17:00:39,676 - INFO - Epoch [1460/2000] LR: 0.000019 | Train Loss: 0.002583 (Data: 0.00258, Mono: 0.00001) | Val MSE: 0.000208 (RMSE: 0.0144) 
2026-09-13 17:00:40,140 - INFO - Epoch [1470/2000] LR: 0.000018 | Train Loss: 0.002643 (Data: 0.00264, Mono: 0.00001) | Val MSE: 0.000207 (RMSE: 0.0144) 
2026-09-13 17:00:40,628 - INFO - Epoch [1480/2000] LR: 0.000018 | Train Loss: 0.002623 (Data: 0.00262, Mono: 0.00001) | Val MSE: 0.000208 (RMSE: 0.0144) 
2026-09-13 17:00:41,083 - INFO - Epoch [1490/2000] LR: 0.000017 | Train Loss: 0.002537 (Data: 0.00253, Mono: 0.00001) | Val MSE: 0.000207 (RMSE: 0.0144) 
2026-09-13 17:00:41,573 - INFO - Epoch [1500/2000] LR: 0.000016 | Train Loss: 0.002529 (Data: 0.00252, Mono: 0.00001) | Val MSE: 0.000207 (RMSE: 0.0144) 
2026-09-13 17:00:42,077 - INFO - Epoch [1510/2000] LR: 0.000016 | Train Loss: 0.002665 (Data: 0.00266, Mono: 0.00001) | Val MSE: 0.000206 (RMSE: 0.0144) 
2026-09-13 17:00:42,550 - INFO - Epoch [1520/2000] LR: 0.000015 | Train Loss: 0.002551 (Data: 0.00255, Mono: 0.00001) | Val MSE: 0.000207 (RMSE: 0.0144) 
2026-09-13 17:00:43,016 - INFO - Epoch [1530/2000] LR: 0.000015 | Train Loss: 0.002630 (Data: 0.00263, Mono: 0.00001) | Val MSE: 0.000208 (RMSE: 0.0144) 
2026-09-13 17:00:43,498 - INFO - Epoch [1540/2000] LR: 0.000014 | Train Loss: 0.002627 (Data: 0.00262, Mono: 0.00001) | Val MSE: 0.000207 (RMSE: 0.0144) 
2026-09-13 17:00:43,956 - INFO - Epoch [1550/2000] LR: 0.000014 | Train Loss: 0.002603 (Data: 0.00260, Mono: 0.00001) | Val MSE: 0.000208 (RMSE: 0.0144) 
2026-09-13 17:00:44,428 - INFO - Epoch [1560/2000] LR: 0.000013 | Train Loss: 0.002560 (Data: 0.00255, Mono: 0.00001) | Val MSE: 0.000209 (RMSE: 0.0144) 
2026-09-13 17:00:44,883 - INFO - Epoch [1570/2000] LR: 0.000013 | Train Loss: 0.002508 (Data: 0.00250, Mono: 0.00001) | Val MSE: 0.000210 (RMSE: 0.0145) 
2026-09-13 17:00:45,350 - INFO - Epoch [1580/2000] LR: 0.000012 | Train Loss: 0.002582 (Data: 0.00258, Mono: 0.00001) | Val MSE: 0.000209 (RMSE: 0.0145) 
2026-09-13 17:00:45,848 - INFO - Epoch [1590/2000] LR: 0.000012 | Train Loss: 0.002549 (Data: 0.00254, Mono: 0.00001) | Val MSE: 0.000212 (RMSE: 0.0146) 
2026-09-13 17:00:46,330 - INFO - Epoch [1600/2000] LR: 0.000011 | Train Loss: 0.002595 (Data: 0.00259, Mono: 0.00001) | Val MSE: 0.000210 (RMSE: 0.0145) 
2026-09-13 17:00:46,840 - INFO - Epoch [1610/2000] LR: 0.000011 | Train Loss: 0.002617 (Data: 0.00261, Mono: 0.00001) | Val MSE: 0.000208 (RMSE: 0.0144) 
2026-09-13 17:00:47,329 - INFO - Epoch [1620/2000] LR: 0.000010 | Train Loss: 0.002618 (Data: 0.00261, Mono: 0.00001) | Val MSE: 0.000208 (RMSE: 0.0144) 
2026-09-13 17:00:47,872 - INFO - Epoch [1630/2000] LR: 0.000010 | Train Loss: 0.002569 (Data: 0.00256, Mono: 0.00001) | Val MSE: 0.000209 (RMSE: 0.0144) 
2026-09-13 17:00:48,365 - INFO - Epoch [1640/2000] LR: 0.000009 | Train Loss: 0.002533 (Data: 0.00253, Mono: 0.00001) | Val MSE: 0.000211 (RMSE: 0.0145) 
2026-09-13 17:00:48,836 - INFO - Epoch [1650/2000] LR: 0.000009 | Train Loss: 0.002464 (Data: 0.00246, Mono: 0.00001) | Val MSE: 0.000211 (RMSE: 0.0145) 
2026-09-13 17:00:49,284 - INFO - Epoch [1660/2000] LR: 0.000009 | Train Loss: 0.002601 (Data: 0.00260, Mono: 0.00001) | Val MSE: 0.000209 (RMSE: 0.0145) 
2026-09-13 17:00:49,749 - INFO - Epoch [1670/2000] LR: 0.000008 | Train Loss: 0.002587 (Data: 0.00258, Mono: 0.00001) | Val MSE: 0.000211 (RMSE: 0.0145) 
2026-09-13 17:00:50,211 - INFO - Epoch [1680/2000] LR: 0.000008 | Train Loss: 0.002433 (Data: 0.00243, Mono: 0.00001) | Val MSE: 0.000208 (RMSE: 0.0144) 
2026-09-13 17:00:50,664 - INFO - Epoch [1690/2000] LR: 0.000007 | Train Loss: 0.002623 (Data: 0.00262, Mono: 0.00001) | Val MSE: 0.000209 (RMSE: 0.0144) 
2026-09-13 17:00:51,124 - INFO - Epoch [1700/2000] LR: 0.000007 | Train Loss: 0.002564 (Data: 0.00256, Mono: 0.00001) | Val MSE: 0.000208 (RMSE: 0.0144) 
2026-09-13 17:00:51,566 - INFO - Epoch [1710/2000] LR: 0.000007 | Train Loss: 0.002596 (Data: 0.00259, Mono: 0.00001) | Val MSE: 0.000211 (RMSE: 0.0145) 
2026-09-13 17:00:52,034 - INFO - Epoch [1720/2000] LR: 0.000006 | Train Loss: 0.002534 (Data: 0.00253, Mono: 0.00001) | Val MSE: 0.000210 (RMSE: 0.0145) 
2026-09-13 17:00:52,494 - INFO - Epoch [1730/2000] LR: 0.000006 | Train Loss: 0.002554 (Data: 0.00255, Mono: 0.00001) | Val MSE: 0.000209 (RMSE: 0.0145) 
2026-09-13 17:00:52,948 - INFO - Epoch [1740/2000] LR: 0.000006 | Train Loss: 0.002504 (Data: 0.00250, Mono: 0.00001) | Val MSE: 0.000210 (RMSE: 0.0145) 
2026-09-13 17:00:53,424 - INFO - Epoch [1750/2000] LR: 0.000005 | Train Loss: 0.002571 (Data: 0.00257, Mono: 0.00001) | Val MSE: 0.000211 (RMSE: 0.0145) 
2026-09-13 17:00:53,931 - INFO - Epoch [1760/2000] LR: 0.000005 | Train Loss: 0.002524 (Data: 0.00252, Mono: 0.00001) | Val MSE: 0.000211 (RMSE: 0.0145) 
2026-09-13 17:00:54,444 - INFO - Epoch [1770/2000] LR: 0.000005 | Train Loss: 0.002578 (Data: 0.00257, Mono: 0.00001) | Val MSE: 0.000210 (RMSE: 0.0145) 
2026-09-13 17:00:54,931 - INFO - Epoch [1780/2000] LR: 0.000005 | Train Loss: 0.002528 (Data: 0.00252, Mono: 0.00001) | Val MSE: 0.000210 (RMSE: 0.0145) 
2026-09-13 17:00:55,395 - INFO - Epoch [1790/2000] LR: 0.000004 | Train Loss: 0.002521 (Data: 0.00252, Mono: 0.00001) | Val MSE: 0.000210 (RMSE: 0.0145) 
2026-09-13 17:00:55,845 - INFO - Epoch [1800/2000] LR: 0.000004 | Train Loss: 0.002394 (Data: 0.00239, Mono: 0.00001) | Val MSE: 0.000210 (RMSE: 0.0145) 
2026-09-13 17:00:56,388 - INFO - Epoch [1810/2000] LR: 0.000004 | Train Loss: 0.002529 (Data: 0.00252, Mono: 0.00001) | Val MSE: 0.000210 (RMSE: 0.0145) 
2026-09-13 17:00:56,860 - INFO - Epoch [1820/2000] LR: 0.000004 | Train Loss: 0.002460 (Data: 0.00245, Mono: 0.00001) | Val MSE: 0.000210 (RMSE: 0.0145) 
2026-09-13 17:00:57,458 - INFO - Epoch [1830/2000] LR: 0.000003 | Train Loss: 0.002524 (Data: 0.00252, Mono: 0.00001) | Val MSE: 0.000210 (RMSE: 0.0145) 
2026-09-13 17:00:58,026 - INFO - Epoch [1840/2000] LR: 0.000003 | Train Loss: 0.002566 (Data: 0.00256, Mono: 0.00001) | Val MSE: 0.000210 (RMSE: 0.0145) 
2026-09-13 17:00:58,564 - INFO - Epoch [1850/2000] LR: 0.000003 | Train Loss: 0.002484 (Data: 0.00248, Mono: 0.00001) | Val MSE: 0.000209 (RMSE: 0.0145) 
2026-09-13 17:00:59,138 - INFO - Epoch [1860/2000] LR: 0.000003 | Train Loss: 0.002466 (Data: 0.00246, Mono: 0.00001) | Val MSE: 0.000209 (RMSE: 0.0145) 
2026-09-13 17:00:59,586 - INFO - Epoch [1870/2000] LR: 0.000003 | Train Loss: 0.002557 (Data: 0.00255, Mono: 0.00001) | Val MSE: 0.000209 (RMSE: 0.0145) 
2026-09-13 17:01:00,010 - INFO - Epoch [1880/2000] LR: 0.000002 | Train Loss: 0.002575 (Data: 0.00257, Mono: 0.00001) | Val MSE: 0.000210 (RMSE: 0.0145) 
2026-09-13 17:01:00,537 - INFO - Epoch [1890/2000] LR: 0.000002 | Train Loss: 0.002450 (Data: 0.00245, Mono: 0.00001) | Val MSE: 0.000209 (RMSE: 0.0145) 
2026-09-13 17:01:01,011 - INFO - Epoch [1900/2000] LR: 0.000002 | Train Loss: 0.002528 (Data: 0.00252, Mono: 0.00001) | Val MSE: 0.000210 (RMSE: 0.0145) 
2026-09-13 17:01:01,459 - INFO - Epoch [1910/2000] LR: 0.000002 | Train Loss: 0.002538 (Data: 0.00253, Mono: 0.00001) | Val MSE: 0.000210 (RMSE: 0.0145) 
2026-09-13 17:01:01,935 - INFO - Epoch [1920/2000] LR: 0.000002 | Train Loss: 0.002536 (Data: 0.00253, Mono: 0.00001) | Val MSE: 0.000210 (RMSE: 0.0145) 
2026-09-13 17:01:02,497 - INFO - Epoch [1930/2000] LR: 0.000002 | Train Loss: 0.002515 (Data: 0.00251, Mono: 0.00001) | Val MSE: 0.000210 (RMSE: 0.0145) 
2026-09-13 17:01:02,992 - INFO - Epoch [1940/2000] LR: 0.000002 | Train Loss: 0.002491 (Data: 0.00249, Mono: 0.00001) | Val MSE: 0.000211 (RMSE: 0.0145) 
2026-09-13 17:01:03,484 - INFO - Epoch [1950/2000] LR: 0.000002 | Train Loss: 0.002513 (Data: 0.00251, Mono: 0.00001) | Val MSE: 0.000210 (RMSE: 0.0145) 
2026-09-13 17:01:03,939 - INFO - Epoch [1960/2000] LR: 0.000002 | Train Loss: 0.002519 (Data: 0.00251, Mono: 0.00001) | Val MSE: 0.000210 (RMSE: 0.0145) 
2026-09-13 17:01:04,544 - INFO - Epoch [1970/2000] LR: 0.000002 | Train Loss: 0.002474 (Data: 0.00247, Mono: 0.00001) | Val MSE: 0.000211 (RMSE: 0.0145) 
2026-09-13 17:01:04,980 - INFO - Epoch [1980/2000] LR: 0.000002 | Train Loss: 0.002502 (Data: 0.00250, Mono: 0.00001) | Val MSE: 0.000211 (RMSE: 0.0145) 
2026-09-13 17:01:05,413 - INFO - Epoch [1990/2000] LR: 0.000002 | Train Loss: 0.002540 (Data: 0.00253, Mono: 0.00001) | Val MSE: 0.000211 (RMSE: 0.0145) 
2026-09-13 17:01:05,855 - INFO - Epoch [2000/2000] LR: 0.000002 | Train Loss: 0.002647 (Data: 0.00264, Mono: 0.00001) | Val MSE: 0.000211 (RMSE: 0.0145) 
2026-09-13 17:01:05,855 - INFO - Training completed in 85.68s. Loading best checkpoint from epoch 258 for final test evaluation...
2026-09-13 17:01:05,881 - INFO - ==================================================
2026-09-13 17:01:05,881 - INFO - Test Results for [XJTU] - [Sim_satellite] (Best Epoch 258):
2026-09-13 17:01:05,881 - INFO -   Test RMSE: 0.016021
2026-09-13 17:01:05,882 - INFO -   Test MAE:  0.013874
2026-09-13 17:01:05,882 - INFO -   Test MAPE: 1.450366
2026-09-13 17:01:05,882 - INFO -   Test MSE:  0.000257
2026-09-13 17:01:05,882 - INFO - ==================================================
