cycle_index,true_soh,pred_soh_deepopinn,pred_soh_lax,pred_soh_fusion_raw,pred_soh_fusion_post,true_kpd,pred_kpd,true_knee_cycle,pred_knee_cycle,split
0,0.9809978,0.98749447,0.98972577,0.9870038,0.9867595087033644,1.5698062,1.4623637,1010,936,test
1,0.9813699,0.9861084,0.9896864,0.98538256,0.9865111909217579,1.5698053,1.4956093,1010,936,test
2,0.98171294,0.986634,0.9896647,0.9853604,0.9862705092809658,1.5698043,1.5062374,1010,936,test
3,0.9818028,0.9864577,0.98960197,0.9861095,0.9860374637809883,1.5698032,1.474231,1010,936,test
4,0.9819782,0.9870747,0.9895803,0.9864962,0.9858120544218253,1.5698023,1.4714928,1010,936,test
5,0.9821411,0.9867956,0.989595,0.9848635,0.9855942812034768,1.5698013,1.5265062,1010,936,test
6,0.9822728,0.98690355,0.9895488,0.98576665,0.9853841441259428,1.5698003,1.4950383,1010,936,test
7,0.9799807,0.98677266,0.98950064,0.9854779,0.9851816431892232,1.5697993,1.5025806,1010,936,test
8,0.980923,0.98665524,0.9894953,0.98510957,0.9849867783933182,1.5697984,1.5137522,1010,936,test
9,0.9812621,0.9871115,0.9895034,0.98522687,0.9847995497382276,1.5697973,1.5182256,1010,936,test
10,0.9816019,0.9869849,0.98941994,0.9852563,0.9846199572239516,1.5697963,1.513752,1010,936,test
11,0.9817802,0.98623705,0.98938346,0.9846561,0.98444800085049,1.5697954,1.520959,1010,936,test
12,0.9819323,0.98618543,0.9893882,0.9837978,0.984283680617843,1.5697943,1.5507275,1010,936,test
13,0.98205054,0.9865862,0.9893714,0.98429096,0.9841269965260104,1.5697933,1.5404528,1010,936,test
14,0.9820737,0.9860918,0.98931074,0.9838865,0.9839779485749923,1.5697923,1.5449548,1010,936,test
15,0.98223263,0.98740095,0.9893215,0.98465765,0.9838365367647888,1.5697913,1.5419186,1010,936,test
16,0.9823412,0.98667276,0.9892874,0.983631,0.9837027610953997,1.5697902,1.5643275,1010,936,test
17,0.9823463,0.98614067,0.98922455,0.98370934,0.983576621566825,1.5697893,1.5511155,1010,936,test
18,0.98242843,0.9864007,0.9892086,0.98356986,0.9834581181790649,1.5697882,1.5605946,1010,936,test
19,0.98247534,0.98645675,0.9891435,0.98417807,0.9833472509321194,1.5697873,1.5393797,1010,936,test
20,0.98245156,0.98635244,0.9891629,0.98311245,0.9832440198259882,1.5697862,1.5751207,1010,936,test
21,0.98248667,0.98650676,0.9891167,0.98366094,0.9831484248606717,1.5697852,1.5582718,1010,936,test
22,0.98246247,0.9863906,0.98913157,0.982651,0.9830604660361695,1.5697842,1.5913206,1010,936,test
23,0.98248416,0.98671806,0.98911273,0.98308146,0.9829801433524818,1.5697832,1.5821922,1010,936,test
24,0.98255175,0.98652124,0.9890549,0.98293877,0.9829074568096088,1.5697821,1.5829148,1010,936,test
25,0.98254055,0.9864325,0.98900926,0.9828936,0.982842406407531,1.5697811,1.5823593,1010,936,test
26,0.9825409,0.98658085,0.9890046,0.982106,0.9827961423539491,1.5697801,1.6117344,1010,936,test
27,0.982602,0.98599255,0.9889479,0.9822731,0.9827024479512023,1.569779,1.5950595,1010,936,test
28,0.9826754,0.98634607,0.98890394,0.9832673,0.9826524562939616,1.569778,1.5666406,1010,936,test
29,0.98268574,0.9861603,0.98888,0.9827578,0.9826065584250502,1.569777,1.5806739,1010,936,test
30,0.9826321,0.98650753,0.9888567,0.9829953,0.982604761504792,1.5697759,1.5784554,1010,936,test
31,0.982613,0.986106,0.9888324,0.9821919,0.9825761355927803,1.5697749,1.598531,1010,936,test
32,0.9826134,0.9860829,0.988793,0.98190975,0.9825672579825631,1.5697738,1.6072397,1010,936,test
33,0.982672,0.9862853,0.98874986,0.98264885,0.9825928918221415,1.5697728,1.5851798,1010,936,test
34,0.98264956,0.98585856,0.98871917,0.9819654,0.9826112068150974,1.5697718,1.60057,1010,936,test
35,0.9827168,0.98587763,0.9887079,0.9814646,0.9826502157943954,1.5697707,1.617656,1010,936,test
36,0.98274136,0.98618966,0.9886707,0.9823458,0.9827080472938066,1.5697696,1.5929484,1010,936,test
37,0.982655,0.9861392,0.98863614,0.9824196,0.9827511438240683,1.5697685,1.5891308,1010,936,test
38,0.98262644,0.9863142,0.9886229,0.9827744,0.9827531072873912,1.5697675,1.5799267,1010,936,test
39,0.9826413,0.98695284,0.9885833,0.98333764,0.9827757798093402,1.5697664,1.5715024,1010,936,test
40,0.98266757,0.98678327,0.9885887,0.9818778,0.9828084851178375,1.5697654,1.6183075,1010,936,test
41,0.9827036,0.9865411,0.9884906,0.982918,0.9828581754239094,1.5697644,1.5775328,1010,936,test
42,0.9826835,0.9866098,0.9885034,0.98236203,0.9828911926708966,1.5697633,1.5979679,1010,936,test
43,0.98272645,0.9864379,0.988406,0.9839729,0.9829336887534522,1.5697622,1.53763,1010,936,test
44,0.98270893,0.9865763,0.98841864,0.98375046,0.9829845477879497,1.5697612,1.5482461,1010,936,test
45,0.9827202,0.98664033,0.9884019,0.9836211,0.9830526344238464,1.5697601,1.5537895,1010,936,test
46,0.98271954,0.9863987,0.98837364,0.98311925,0.9831099372403598,1.569759,1.5666354,1010,936,test
47,0.9826586,0.98615444,0.9883262,0.98377347,0.9831912174573303,1.5697579,1.5385299,1010,936,test
48,0.9826401,0.986804,0.9883543,0.9835361,0.983250944070957,1.5697569,1.5592223,1010,936,test
49,0.982648,0.986259,0.9882859,0.9834688,0.9833235183726772,1.5697558,1.5508046,1010,936,test
50,0.9825601,0.9862253,0.98828113,0.98352623,0.9834062567426428,1.5697547,1.5480932,1010,936,test
51,0.9825577,0.9859543,0.98821384,0.98371005,0.9834829681405319,1.5697535,1.535745,1010,936,test
52,0.9825724,0.98607194,0.9881673,0.9842776,0.9835383364421194,1.5697525,1.5169551,1010,936,test
53,0.9825544,0.9860846,0.9881711,0.9831506,0.9835907137810389,1.5697514,1.5574623,1010,936,test
54,0.9825423,0.98631,0.9881209,0.9842187,0.9836891908581062,1.5697503,1.5230231,1010,936,test
55,0.9825747,0.9858972,0.98806,0.98375404,0.9837634153021785,1.5697492,1.5312815,1010,936,test
56,0.98250926,0.98655945,0.9880909,0.9835013,0.9838559968967782,1.5697482,1.5528996,1010,936,test
57,0.98255354,0.98667437,0.9880551,0.98418844,0.9839050012573314,1.569747,1.5301632,1010,936,test
58,0.98322254,0.9865761,0.98808575,0.9832293,0.9839406682371794,1.5697459,1.5626901,1010,936,test
59,0.9834149,0.98626053,0.98804295,0.98349214,0.9839795521667452,1.5697448,1.5471591,1010,936,test
60,0.98358876,0.9860604,0.98798716,0.9832852,0.9840065185290531,1.5697438,1.5501325,1010,936,test
61,0.9836747,0.9862525,0.9879786,0.98303866,0.9840059418022381,1.5697426,1.5622165,1010,936,test
62,0.98370034,0.98648834,0.98796386,0.98325753,0.9840301700906056,1.5697415,1.5586804,1010,936,test
63,0.982705,0.98546946,0.98788,0.9821191,0.984028927269836,1.5697404,1.5788503,1010,936,test
64,0.98252165,0.9859903,0.987827,0.98422086,0.984045927712316,1.5697392,1.5133693,1010,936,test
65,0.9824052,0.98599404,0.98779815,0.9838052,0.9840524170757045,1.5697381,1.5281364,1010,936,test
66,0.9823602,0.9863289,0.9878093,0.9843819,0.9840109227194824,1.569737,1.5137146,1010,936,test
67,0.98233426,0.98631656,0.9877621,0.9843292,0.9839707729475966,1.5697359,1.5148336,1010,936,test
68,0.98231155,0.9857317,0.98768735,0.9843993,0.9839223751722094,1.5697348,1.5002042,1010,936,test
69,0.9822511,0.98595953,0.98765516,0.9842726,0.9838976515613997,1.5697336,1.5088164,1010,936,test
70,0.982189,0.9863946,0.98765206,0.9846592,0.9838800959663695,1.5697325,1.5029223,1010,936,test
71,0.98221976,0.9862602,0.98762906,0.98427224,0.9838702358198433,1.5697314,1.5142343,1010,936,test
72,0.9821807,0.9864682,0.9876055,0.98421955,0.983819714534649,1.5697303,1.5197936,1010,936,test
73,0.98210734,0.98605645,0.9875289,0.9840826,0.9837792109286172,1.5697291,1.5160599,1010,936,test
74,0.9820543,0.9862796,0.9875626,0.984146,0.9837260331952683,1.5697279,1.5183872,1010,936,test
75,0.98202455,0.9861138,0.98750615,0.98371077,0.9836680182092987,1.5697268,1.5302947,1010,936,test
76,0.9819905,0.98599267,0.98748386,0.98387015,0.9836085437310553,1.5697256,1.5220141,1010,936,test
77,0.981951,0.9855492,0.98739904,0.98371756,0.9835276081973945,1.5697246,1.5181509,1010,936,test
78,0.9818987,0.9860476,0.98741627,0.9838202,0.9834777570590926,1.5697234,1.5240431,1010,936,test
79,0.9818862,0.98538697,0.98735523,0.98313165,0.983379175034972,1.5697222,1.535676,1010,936,test
80,0.9818619,0.98571485,0.98732114,0.9833219,0.983338933938332,1.5697211,1.5345846,1010,936,test
81,0.9818432,0.9855634,0.98729897,0.98274744,0.9832692914388109,1.5697199,1.5519186,1010,936,test
82,0.9818031,0.98582923,0.9872687,0.9831606,0.983191343338711,1.5697187,1.5418414,1010,936,test
83,0.9818077,0.9855489,0.98722816,0.9829799,0.9831302249095786,1.5697175,1.5425951,1010,936,test
84,0.98175544,0.9862475,0.9872231,0.98331094,0.9830420710669894,1.5697165,1.5437071,1010,936,test
85,0.98175853,0.986218,0.98720163,0.9827056,0.9829607734420981,1.5697153,1.5642219,1010,936,test
86,0.98172075,0.9860835,0.98717856,0.98262334,0.9828739805387043,1.5697141,1.5643896,1010,936,test
87,0.981712,0.98525906,0.987092,0.9821212,0.9827560501494387,1.5697129,1.5659082,1010,936,test
88,0.98169047,0.98580396,0.98709863,0.9826082,0.9826568041212862,1.5697117,1.558888,1010,936,test
89,0.9816591,0.9855541,0.9870491,0.98191595,0.9825789222317681,1.5697105,1.5778751,1010,936,test
90,0.9816278,0.9855919,0.9870264,0.982491,0.9825041609503199,1.5697094,1.5582819,1010,936,test
91,0.9816251,0.98574084,0.9870066,0.9822651,0.9824376210245108,1.5697082,1.568658,1010,936,test
92,0.9815439,0.9860066,0.98697615,0.9828607,0.9823887734891528,1.569707,1.5522957,1010,936,test
93,0.9814908,0.9857569,0.986933,0.98222923,0.9823450210148313,1.5697058,1.569346,1010,936,test
94,0.9814611,0.9855545,0.9868566,0.98277974,0.9823150767802231,1.5697047,1.5454291,1010,936,test
95,0.9814378,0.98528886,0.98686373,0.9821979,0.9823020937250927,1.5697035,1.5611258,1010,936,test
96,0.98140615,0.9860061,0.98686373,0.9815483,0.9822913485746767,1.5697023,1.596453,1010,936,test
97,0.98139375,0.9859264,0.9867573,0.98210955,0.9822915089397792,1.5697011,1.5745435,1010,936,test
98,0.98135036,0.9862896,0.9868001,0.98219645,0.9822920612436624,1.5696999,1.5785756,1010,936,test
99,0.98132,0.98565614,0.98670423,0.98222446,0.9822936184033627,1.5696987,1.5650464,1010,936,test
100,0.9813809,0.98579067,0.9866941,0.9821309,0.9823157259252842,1.5696974,1.5706255,1010,936,test
101,0.9813798,0.9855428,0.9866698,0.98203886,0.9823177693834974,1.5696962,1.569052,1010,936,test
102,0.98131526,0.985777,0.9866086,0.98285663,0.9823816571085007,1.569695,1.5438976,1010,936,test
103,0.9812905,0.985762,0.9865812,0.98239315,0.9824105025109818,1.5696938,1.5596468,1010,936,test
104,0.9811998,0.9859865,0.98655796,0.98290265,0.9824525546146059,1.5696926,1.5455425,1010,936,test
105,0.98121357,0.9850414,0.9865273,0.9819318,0.9825088622904716,1.5696913,1.5620233,1010,936,test
106,0.981228,0.98576427,0.98650736,0.98243034,0.982534337646958,1.5696901,1.5575278,1010,936,test
107,0.9811584,0.9858243,0.9864961,0.9824134,0.982553899222004,1.5696889,1.5590832,1010,936,test
108,0.9811276,0.9855895,0.9864352,0.9825473,0.9825966734694696,1.5696877,1.549354,1010,936,test
109,0.98111165,0.98582816,0.98639953,0.98251665,0.9826193783420153,1.5696864,1.5544019,1010,936,test
110,0.9810859,0.9853262,0.9863333,0.9824921,0.9826836240783099,1.5696852,1.5452542,1010,936,test
111,0.98108727,0.9855257,0.9863102,0.9824197,0.9827129000102339,1.569684,1.5512203,1010,936,test
112,0.9810119,0.9859457,0.9863161,0.98320866,0.9827368634805747,1.5696827,1.5310124,1010,936,test
113,0.981009,0.9857499,0.9862962,0.98280966,0.9827266872400151,1.5696815,1.5413846,1010,936,test
114,0.98093426,0.985669,0.9862559,0.98301244,0.9827550910856065,1.5696802,1.5321628,1010,936,test
115,0.98088425,0.9857276,0.9861731,0.9832964,0.9827266994069285,1.569679,1.5220512,1010,936,test
116,0.98087156,0.9854831,0.9861882,0.9828142,0.9827260675806829,1.5696777,1.5349865,1010,936,test
117,0.9808721,0.98529315,0.9861269,0.9829978,0.982735699326217,1.5696765,1.5241061,1010,936,test
118,0.980845,0.9857283,0.98614883,0.983065,0.9827502374268239,1.5696752,1.5301087,1010,936,test
119,0.98080564,0.9857916,0.98610145,0.98296845,0.9827515157789769,1.569674,1.5341913,1010,936,test
120,0.980769,0.9842523,0.9860272,0.98252046,0.9827578722378727,1.5696727,1.5205512,1010,936,test
121,0.9807047,0.98576295,0.9860486,0.9831401,0.9827730477054498,1.5696715,1.5268632,1010,936,test
122,0.9806502,0.9849892,0.98597705,0.9827242,0.9827277518908384,1.5696702,1.5264657,1010,936,test
123,0.98069257,0.98550487,0.98597074,0.9829488,0.9827209006981351,1.5696689,1.5279808,1010,936,test
124,0.9806613,0.98549825,0.98592246,0.9830959,0.9826713106273403,1.5696677,1.521974,1010,936,test
125,0.98063064,0.9853914,0.9858998,0.98276365,0.9826516260411816,1.5696664,1.5316602,1010,936,test
126,0.9805337,0.98553956,0.98584735,0.98330283,0.9826164475307743,1.5696651,1.5143487,1010,936,test
127,0.9804785,0.98380065,0.9858286,0.9815166,0.9825513455310744,1.5696639,1.5457109,1010,936,test
128,0.98043525,0.9855283,0.9858043,0.9826553,0.9825238118142011,1.5696626,1.5369557,1010,936,test
129,0.98043025,0.98573214,0.9858019,0.98251605,0.9824897095841986,1.5696613,1.5456582,1010,936,test
130,0.9803519,0.98380494,0.9857247,0.98137784,0.9824531462057925,1.56966,1.5494792,1010,936,test
131,0.98028857,0.98575693,0.98571515,0.9826205,0.9823817101072082,1.5696586,1.5413897,1010,936,test
132,0.9802817,0.9856353,0.98568225,0.98231375,0.9823439123676285,1.5696573,1.549626,1010,936,test
133,0.9802261,0.9844449,0.9856044,0.981928,0.982286325162341,1.5696561,1.5403908,1010,936,test
134,0.9802173,0.98541045,0.9855833,0.98246086,0.9822442927590717,1.5696548,1.539084,1010,936,test
135,0.9801789,0.98378134,0.98555857,0.9813843,0.9822113654030552,1.5696535,1.5468657,1010,936,test
136,0.9801023,0.9854639,0.98554826,0.9818953,0.9821603695083332,1.5696522,1.5596442,1010,936,test
137,0.980104,0.98440367,0.9854746,0.98191595,0.9820917630892603,1.5696509,1.538517,1010,936,test
138,0.9800376,0.98548734,0.98544985,0.98250055,0.9820260861529506,1.5696496,1.5375165,1010,936,test
139,0.9800283,0.98425674,0.9854181,0.98157334,0.9819774943252856,1.5696483,1.5472965,1010,936,test
140,0.980013,0.9856526,0.9853506,0.9827051,0.9819182600747273,1.569647,1.5321059,1010,936,test
141,0.9799078,0.985486,0.9853594,0.98229325,0.9818598220657547,1.5696455,1.5438018,1010,936,test
142,0.97989583,0.984863,0.98531073,0.98160064,0.9818223395723585,1.5696442,1.5562263,1010,936,test
143,0.9798568,0.9854225,0.98530525,0.98191524,0.9817703303325217,1.5696429,1.5553584,1010,936,test
144,0.9798212,0.98502076,0.985262,0.9816241,0.9816989436927374,1.5696416,1.5577223,1010,936,test
145,0.97983336,0.9851203,0.98522055,0.98188794,0.9816445269269408,1.5696403,1.5497769,1010,936,test
146,0.9797768,0.9837001,0.98518705,0.98081756,0.9815583858363645,1.569639,1.5609909,1010,936,test
147,0.9797409,0.98499525,0.9851607,0.9819195,0.9815053521294602,1.5696375,1.5456517,1010,936,test
148,0.97971743,0.98374116,0.98510945,0.9808763,0.9814290065004173,1.5696362,1.5587786,1010,936,test
149,0.97966564,0.9851055,0.98506385,0.9822097,0.9813896672674558,1.5696349,1.5362282,1010,936,test
150,0.979603,0.9827088,0.9850209,0.98105204,0.9814098142152239,1.5696335,1.5324349,1010,936,test
151,0.97956955,0.9835526,0.9850048,0.98121583,0.9813822096137941,1.5696322,1.5420946,1010,936,test
152,0.9795784,0.98471665,0.984956,0.98194623,0.9812993855219021,1.5696309,1.5371205,1010,936,test
153,0.9795252,0.9839932,0.9849507,0.98138916,0.9812354305737571,1.5696294,1.5434619,1010,936,test
154,0.97950584,0.98384976,0.9849254,0.980999,0.9811895279471667,1.5696281,1.5543147,1010,936,test
155,0.9794442,0.9842043,0.98490417,0.98146534,0.9811066027073443,1.5696267,1.5441183,1010,936,test
156,0.9794029,0.984934,0.98487896,0.98157096,0.9809813007535646,1.5696254,1.5535347,1010,936,test
157,0.979401,0.9829496,0.9848466,0.980708,0.9809711543983575,1.569624,1.547089,1010,936,test
158,0.97939026,0.98333067,0.9847721,0.9811592,0.9809058219374452,1.5696226,1.5372437,1010,936,test
159,0.979348,0.9830099,0.9847537,0.98057187,0.9808334756478941,1.5696212,1.5519227,1010,936,test
160,0.97928864,0.9831358,0.9847342,0.97994494,0.9808462439594334,1.5696199,1.575881,1010,936,test
161,0.97927475,0.98325753,0.98469764,0.98022485,0.9807180933980325,1.5696185,1.5679493,1010,936,test
162,0.97925663,0.9838058,0.9846293,0.98050404,0.9806230822954844,1.569617,1.5673978,1010,936,test
163,0.979212,0.98488975,0.9846517,0.9811213,0.980517961198061,1.5696157,1.5658374,1010,936,test
164,0.97915417,0.983307,0.98457855,0.9800843,0.98045328061207,1.5696143,1.5723608,1010,936,test
165,0.9791093,0.9835392,0.9845497,0.9805323,0.9803536023371734,1.5696129,1.5606347,1010,936,test
166,0.97904474,0.9849251,0.98454547,0.98081183,0.9803211997434251,1.5696115,1.5760024,1010,936,test
167,0.9790178,0.9819945,0.984494,0.9795456,0.980286931656198,1.5696101,1.5663102,1010,936,test
168,0.9790141,0.98410165,0.9844777,0.98007023,0.9802200386036842,1.5696087,1.5859802,1010,936,test
169,0.97901,0.9843999,0.98446125,0.98081386,0.9801905322537503,1.5696073,1.5654522,1010,936,test
170,0.97906274,0.98364174,0.98436534,0.9801886,0.9801306199988388,1.5696058,1.5723408,1010,936,test
171,0.97919744,0.98407006,0.9843609,0.9808309,0.9801076427532233,1.5696044,1.5576723,1010,936,test
172,0.9792123,0.9837681,0.98433167,0.98039496,0.9800620976545955,1.569603,1.5670707,1010,936,test
173,0.9791342,0.984241,0.9843116,0.98088014,0.9800330596390211,1.5696015,1.5585003,1010,936,test
174,0.97896653,0.98317504,0.9842548,0.97991097,0.979969832135128,1.5696001,1.5722551,1010,936,test
175,0.9788043,0.9788141,0.9842162,0.97786796,0.979958929665388,1.5695987,1.56373,1010,936,test
176,0.978748,0.9817007,0.9841944,0.9789009,0.9799004177503822,1.5695972,1.5798966,1010,936,test
177,0.9786814,0.98512864,0.98414516,0.9814594,0.9798800143253762,1.5695958,1.5524676,1010,936,test
178,0.9788162,0.9815895,0.98411644,0.97909415,0.9798943654697212,1.5695944,1.5703129,1010,936,test
179,0.978927,0.9819829,0.9840895,0.97943914,0.9799300439009405,1.569593,1.565131,1010,936,test
180,0.97896856,0.9844422,0.98406327,0.9806458,0.9799137940538695,1.5695915,1.5674782,1010,936,test
181,0.9789703,0.98457706,0.98405004,0.9810852,0.9799333032485444,1.5695901,1.5544043,1010,936,test
182,0.97891116,0.9802829,0.98399323,0.9783586,0.9799645563740966,1.5695885,1.5707569,1010,936,test
183,0.97886246,0.9826368,0.9839456,0.97985613,0.9799418103430376,1.5695871,1.5608137,1010,936,test
184,0.978742,0.98300517,0.98393196,0.9797281,0.9799547539623558,1.5695857,1.5718119,1010,936,test
185,0.978588,0.9777405,0.9838693,0.97716653,0.9799443583474337,1.5695843,1.5646297,1010,936,test
186,0.9783679,0.9841295,0.9838161,0.9807373,0.9799156352054212,1.5695827,1.5557005,1010,936,test
187,0.9783211,0.98276275,0.98378515,0.9802519,0.9799032310669342,1.5695813,1.5473201,1010,936,test
188,0.97825354,0.9840573,0.9837582,0.9808129,0.9799239221911085,1.5695798,1.5510378,1010,936,test
189,0.9782207,0.9831878,0.9837186,0.9802979,0.9799650158006339,1.5695783,1.552747,1010,936,test
190,0.9781779,0.98384726,0.9836843,0.9808092,0.9799197047679303,1.5695769,1.5464299,1010,936,test
191,0.978144,0.98304164,0.98364645,0.97990274,0.9799088641075142,1.5695753,1.5630953,1010,936,test
192,0.97811043,0.9827831,0.98361427,0.9797863,0.9799139461213857,1.5695739,1.5620779,1010,936,test
193,0.97803056,0.9841945,0.9836258,0.9803897,0.9798753661999448,1.5695723,1.5668365,1010,936,test
194,0.9779812,0.98308223,0.9835646,0.97958136,0.9798451337018346,1.5695708,1.5740631,1010,936,test
195,0.97794646,0.9838122,0.9835232,0.9804938,0.9798860312015615,1.5695693,1.5550282,1010,936,test
196,0.9779624,0.9827405,0.98351014,0.9796977,0.9799328872054509,1.5695678,1.5631905,1010,936,test
197,0.97795564,0.98251605,0.9834638,0.9794152,0.9798828062323731,1.5695664,1.5684235,1010,936,test
198,0.9780179,0.9828602,0.9834198,0.9800277,0.9799112472267426,1.5695648,1.5527518,1010,936,test
199,0.9781533,0.9836119,0.98339593,0.98032093,0.979925170053074,1.5695633,1.5559474,1010,936,test
200,0.9781741,0.98308337,0.9833529,0.9801003,0.979861074702097,1.5695617,1.5535129,1010,936,test
201,0.9780481,0.98375106,0.98331296,0.9808594,0.9797937509095277,1.5695603,1.5384917,1010,936,test
202,0.97786736,0.98203653,0.9832672,0.9799237,0.9797826996286624,1.5695587,1.5394285,1010,936,test
203,0.9776979,0.9788878,0.9832401,0.9778997,0.9797898007939222,1.5695572,1.5526011,1010,936,test
204,0.97758245,0.9799505,0.98322225,0.97842574,0.9796880784991794,1.5695556,1.5534002,1010,936,test
205,0.9776662,0.9827304,0.9832183,0.97979724,0.9795954712746768,1.5695541,1.5561239,1010,936,test
206,0.9778937,0.9810761,0.9831408,0.97914207,0.9796262883084598,1.5695525,1.5478969,1010,936,test
207,0.9779937,0.98147666,0.98314667,0.9789283,0.9796547076259583,1.569551,1.5628207,1010,936,test
208,0.97811574,0.98331,0.9830692,0.9800031,0.9795674743510444,1.5695494,1.5577734,1010,936,test
209,0.9781057,0.98292613,0.9830624,0.9793619,0.9794572432850104,1.5695479,1.5730739,1010,936,test
210,0.97806054,0.98335934,0.9830208,0.97964704,0.9794042256818501,1.5695463,1.5705383,1010,936,test
211,0.97801775,0.9827825,0.9829938,0.9796382,0.9792785975894482,1.5695448,1.560044,1010,936,test
212,0.9778862,0.9818845,0.98292536,0.9792969,0.9792194049672309,1.5695432,1.5547842,1010,936,test
213,0.97767425,0.9800693,0.98290354,0.9783195,0.9790745760409343,1.5695416,1.5555965,1010,936,test
214,0.9773369,0.98060775,0.9828775,0.9780972,0.9789582983321697,1.56954,1.5728611,1010,936,test
215,0.97718453,0.983106,0.9828652,0.979983,0.9788288576513259,1.5695385,1.5523596,1010,936,test
216,0.97713,0.9823476,0.9827987,0.9793228,0.9787733774902795,1.5695369,1.5608745,1010,936,test
217,0.9770777,0.9817077,0.98275405,0.9791182,0.9786952447263524,1.5695353,1.5558257,1010,936,test
218,0.97702616,0.9820006,0.9827423,0.97930026,0.9785814077311932,1.5695337,1.5546607,1010,936,test
219,0.9769759,0.9821382,0.98267746,0.979476,0.9785825867337211,1.5695322,1.5502443,1010,936,test
220,0.97692627,0.97937346,0.98265135,0.9777181,0.978560829003809,1.5695305,1.5610129,1010,936,test
221,0.9769003,0.9765377,0.98261255,0.9765476,0.9785160086033723,1.5695289,1.5496684,1010,936,test
222,0.9768588,0.9834393,0.9825703,0.9804239,0.978425527486229,1.5695273,1.5394286,1010,936,test
223,0.97687757,0.9779463,0.98254216,0.97738445,0.9783421934181357,1.5695257,1.5452573,1010,936,test
224,0.97688717,0.98157364,0.98250663,0.9782307,0.978286839200574,1.569524,1.5814029,1010,936,test
225,0.97690725,0.9832252,0.9824633,0.9800024,0.9782414263205987,1.5695225,1.5491616,1010,936,test
226,0.97700125,0.9817386,0.982475,0.9778329,0.9781357518851314,1.5695208,1.5975994,1010,936,test
227,0.97714484,0.97832763,0.98242664,0.97625947,0.9781221412619052,1.5695192,1.5900022,1010,936,test
228,0.9771192,0.9816445,0.98240393,0.9778787,0.9780195071669013,1.5695176,1.5935642,1010,936,test
229,0.9768835,0.9827391,0.9823537,0.9792098,0.9780630327685206,1.569516,1.5667983,1010,936,test
230,0.97666055,0.9824903,0.9822923,0.97918594,0.978055182636047,1.5695143,1.5623888,1010,936,test
231,0.976566,0.9771673,0.98227644,0.975991,0.9780348039606921,1.5695126,1.5766904,1010,936,test
232,0.97645766,0.9774637,0.9822191,0.9761945,0.9779426397106623,1.5695109,1.5743425,1010,936,test
233,0.97652715,0.9788406,0.98219347,0.9769783,0.97788356212869,1.5695093,1.5718024,1010,936,test
234,0.97666836,0.98199695,0.9821503,0.97901416,0.9778823308429966,1.5695077,1.5577372,1010,936,test
235,0.9767686,0.97751075,0.98211455,0.97683406,0.9778450359052974,1.569506,1.5516545,1010,936,test
236,0.9767937,0.97749484,0.98210925,0.97609067,0.9777742170062012,1.5695044,1.5772403,1010,936,test
237,0.9767947,0.9781196,0.98206025,0.97688186,0.9778011583704432,1.5695027,1.5605079,1010,936,test
238,0.9767279,0.98216236,0.9820168,0.97942495,0.9777994434161911,1.569501,1.5447332,1010,936,test
239,0.9766583,0.9822433,0.9820098,0.9794078,0.9778329328479637,1.5694993,1.5467527,1010,936,test
240,0.97654325,0.982888,0.9819314,0.9797772,0.9778408263746816,1.5694976,1.5446615,1010,936,test
241,0.9762794,0.980031,0.9819224,0.97809756,0.9777805931060485,1.5694959,1.5512389,1010,936,test
242,0.9761458,0.9799854,0.9818706,0.97808945,0.9777747166596971,1.5694942,1.5500787,1010,936,test
243,0.9760693,0.98144925,0.98184687,0.97934973,0.9778248681663103,1.5694926,1.532147,1010,936,test
244,0.97604054,0.9767447,0.98181534,0.97607946,0.977824259215806,1.5694908,1.560617,1010,936,test
245,0.9759609,0.9748415,0.9817653,0.97572863,0.9778091304366662,1.5694891,1.5373132,1010,936,test
246,0.9758976,0.97858816,0.9817337,0.97725785,0.9777267980733056,1.5694875,1.552085,1010,936,test
247,0.97586817,0.9794252,0.9816859,0.9781134,0.9776094193398852,1.5694857,1.5366752,1010,936,test
248,0.9757809,0.97931844,0.9816646,0.97763777,0.9776045096069148,1.569484,1.5513191,1010,936,test
249,0.9757284,0.97826666,0.98161924,0.97731984,0.9775189985037762,1.5694823,1.5426126,1010,936,test
250,0.9756622,0.9784548,0.9815849,0.97737753,0.9774581427217434,1.5694805,1.5436457,1010,936,test
251,0.9756933,0.9818384,0.9815485,0.97954655,0.9774372132518943,1.5694788,1.5288184,1010,936,test
252,0.9756843,0.97832096,0.9815258,0.9776164,0.9773530899518262,1.5694771,1.5319388,1010,936,test
253,0.97568417,0.98258764,0.98146915,0.980196,0.977287481075707,1.5694753,1.5185337,1010,936,test
254,0.9757437,0.97487736,0.98145306,0.9751024,0.9772587478054008,1.5694736,1.5564619,1010,936,test
255,0.9758919,0.9749104,0.9814062,0.9751494,0.9771878595986407,1.5694718,1.5548694,1010,936,test
256,0.97580737,0.97709465,0.9813826,0.9766662,0.9771543695809339,1.56947,1.5412989,1010,936,test
257,0.9756057,0.97998565,0.981328,0.9785944,0.9770422330320764,1.5694683,1.525659,1010,936,test
258,0.97544354,0.97781014,0.981289,0.9774034,0.9769111587635508,1.5694666,1.5271872,1010,936,test
259,0.9753269,0.9766393,0.98124987,0.97655916,0.9767638483728596,1.5694648,1.5350754,1010,936,test
260,0.97527343,0.97732544,0.981221,0.9772316,0.9765871062457089,1.569463,1.5234479,1010,936,test
261,0.9753324,0.98088133,0.98118234,0.9789609,0.9763867820563805,1.5694612,1.5275508,1010,936,test
262,0.9754778,0.97506154,0.9811504,0.9758464,0.9762774602308575,1.5694594,1.5299044,1010,936,test
263,0.9755476,0.9772738,0.9811128,0.9764283,0.9761335745022627,1.5694577,1.5498654,1010,936,test
264,0.975587,0.973328,0.98108304,0.9739152,0.9760646820743206,1.5694559,1.5653683,1010,936,test
265,0.9755643,0.9732023,0.98104894,0.9738841,0.9760635513857252,1.5694541,1.5637687,1010,936,test
266,0.9755266,0.98000026,0.9810026,0.97799575,0.9759385995182722,1.5694523,1.543467,1010,936,test
267,0.9754385,0.97676456,0.98098433,0.9757285,0.9759077126853969,1.5694504,1.5635992,1010,936,test
268,0.9754129,0.9722465,0.98094463,0.97334874,0.9758010440246359,1.5694486,1.5638117,1010,936,test
269,0.97512084,0.9745234,0.98089075,0.9749371,0.9757734463734137,1.5694468,1.549197,1010,936,test
270,0.9749156,0.9765847,0.9808538,0.9755782,0.9756334463292469,1.569445,1.5640509,1010,936,test
271,0.9748448,0.97688264,0.98081136,0.97605455,0.9755229363827612,1.5694431,1.5523176,1010,936,test
272,0.9748007,0.97725,0.9807805,0.97577465,0.9754341462073624,1.5694413,1.5684662,1010,936,test
273,0.97472376,0.9770664,0.9807445,0.97579,0.9753272328312527,1.5694395,1.564173,1010,936,test
274,0.97471726,0.9763253,0.98070645,0.97552145,0.9751980783347887,1.5694376,1.5595927,1010,936,test
275,0.9746481,0.976264,0.98066866,0.9753282,0.9750790181128781,1.5694358,1.5647876,1010,936,test
276,0.974629,0.9777639,0.9806324,0.97585404,0.9750372187413723,1.5694339,1.5733198,1010,936,test
277,0.9745213,0.97714996,0.9806007,0.97598886,0.9750347084311862,1.569432,1.5570761,1010,936,test
278,0.9744926,0.9731403,0.9805725,0.973356,0.9750004529293971,1.5694302,1.5754937,1010,936,test
279,0.97445434,0.9725863,0.98052436,0.9730314,0.9750494661977724,1.5694283,1.57615,1010,936,test
280,0.97442234,0.9766033,0.9804841,0.97564507,0.9750150480573474,1.5694264,1.5577602,1010,936,test
281,0.9743929,0.97525126,0.98044777,0.9745091,0.9749138150258914,1.5694246,1.5723236,1010,936,test
282,0.97449285,0.97390354,0.98042357,0.9736593,0.9747444826218921,1.5694227,1.5770819,1010,936,test
283,0.9745338,0.9742427,0.98037404,0.97384596,0.9747462187021828,1.5694208,1.5761853,1010,936,test
284,0.97445446,0.9754621,0.9803367,0.97474194,0.9746767529874273,1.5694189,1.5667777,1010,936,test
285,0.97425556,0.9805422,0.9803066,0.9780401,0.9746745554932824,1.569417,1.5437301,1010,936,test
286,0.9741961,0.97879833,0.98028696,0.9771534,0.9746639300003822,1.5694151,1.5426631,1010,936,test
287,0.97413665,0.972745,0.9802327,0.9730456,0.9746537626190421,1.5694132,1.5751771,1010,936,test
288,0.97406954,0.97487795,0.98019576,0.974493,0.974580568936106,1.5694113,1.563185,1010,936,test
289,0.9740991,0.974918,0.9801601,0.974465,0.9745494578145802,1.5694094,1.5644789,1010,936,test
290,0.9741763,0.9711757,0.9801161,0.9721806,0.9744468830420545,1.5694075,1.575382,1010,936,test
291,0.9742824,0.9802515,0.9800958,0.97712135,0.9744243570225953,1.5694056,1.5682149,1010,936,test
292,0.9743519,0.9718263,0.9800428,0.9725629,0.974337255118484,1.5694035,1.573073,1010,936,test
293,0.97440094,0.97584975,0.9800049,0.9751092,0.9743255040483882,1.5694016,1.5571665,1010,936,test
294,0.97439957,0.97387564,0.9799673,0.97396123,0.9741188177271316,1.5693997,1.5608134,1010,936,test
295,0.9743631,0.97500515,0.9799329,0.9745587,0.973976266597688,1.5693977,1.5601594,1010,936,test
296,0.97435117,0.9730362,0.97991526,0.97281516,0.9737983443663445,1.5693958,1.5847287,1010,936,test
297,0.97403884,0.9723599,0.97987425,0.97322166,0.9737745412260045,1.5693938,1.5578891,1010,936,test
298,0.9737685,0.9758476,0.9798231,0.97475827,0.9736954486557015,1.5693918,1.5672804,1010,936,test
299,0.9737015,0.97620267,0.9797864,0.97537684,0.9735187259210876,1.5693898,1.551686,1010,936,test
300,0.9735975,0.97596776,0.9797537,0.9750236,0.9733775797542207,1.5693879,1.5594032,1010,936,test
301,0.97349274,0.97092044,0.97970414,0.97247994,0.973261297792707,1.5693859,1.5555246,1010,936,test
302,0.9734831,0.9725796,0.97967076,0.9734335,0.9732196461846647,1.5693839,1.5521033,1010,936,test
303,0.9734363,0.97118497,0.9796238,0.9727949,0.973181968996353,1.569382,1.5483661,1010,936,test
304,0.9733438,0.97218436,0.979591,0.97281003,0.973012236220979,1.5693799,1.5657781,1010,936,test
305,0.9732646,0.9676343,0.9795563,0.97037184,0.9728665759051357,1.5693779,1.5674189,1010,936,test
306,0.9732184,0.97014534,0.97951955,0.9719721,0.9726990464400471,1.5693759,1.5569739,1010,936,test
307,0.9731746,0.976864,0.9794891,0.97579336,0.9726867154812511,1.5693738,1.5456846,1010,936,test
308,0.97308475,0.97037953,0.9794457,0.97230136,0.9725577656378862,1.5693718,1.5488316,1010,936,test
309,0.9730493,0.97390527,0.979402,0.9738234,0.9724559201646212,1.5693698,1.5596054,1010,936,test
310,0.97307956,0.96828693,0.9793725,0.9706713,0.9724302082121627,1.5693678,1.5667542,1010,936,test
311,0.97298884,0.9690299,0.97932696,0.97139,0.9725041706895751,1.5693657,1.5546806,1010,936,test
312,0.97291565,0.9733567,0.9792981,0.9734124,0.9724881973279154,1.5693637,1.5627502,1010,936,test
313,0.9729382,0.97211707,0.9792638,0.97278476,0.9724480712067165,1.5693616,1.5616385,1010,936,test
314,0.97286826,0.9710609,0.9792268,0.9719236,0.9724141692231548,1.5693595,1.5719658,1010,936,test
315,0.9727921,0.97029835,0.9791824,0.9715369,0.97237443185995,1.5693575,1.5710386,1010,936,test
316,0.97267663,0.9632239,0.9791559,0.9678737,0.9722052928358889,1.5693554,1.5693823,1010,936,test
317,0.9727222,0.97449136,0.9791271,0.9739311,0.9722104200828128,1.5693533,1.5633514,1010,936,test
318,0.9727582,0.9661439,0.9790686,0.9692129,0.9721312989286337,1.5693512,1.5749422,1010,936,test
319,0.97271466,0.97339404,0.97903335,0.97304547,0.972103382963848,1.5693492,1.5731311,1010,936,test
320,0.97278416,0.9715028,0.9789883,0.97229826,0.971993846054514,1.569347,1.5642141,1010,936,test
321,0.97275794,0.975368,0.97894806,0.9743389,0.9719503539429584,1.569345,1.5630314,1010,936,test
322,0.97272766,0.9675263,0.97892,0.9696573,0.9718532237453621,1.5693429,1.5828618,1010,936,test
323,0.9727089,0.9693787,0.9788809,0.97105956,0.9717825469393973,1.5693407,1.5674266,1010,936,test
324,0.9726808,0.9755157,0.97883964,0.97469413,0.9718840999531146,1.5693386,1.5520129,1010,936,test
325,0.97242737,0.9735903,0.9788015,0.97378314,0.9718496626118638,1.5693364,1.5482149,1010,936,test
326,0.97232556,0.9717444,0.9787801,0.973125,0.9718612762114992,1.5693344,1.5370772,1010,936,test
327,0.97224194,0.9692445,0.9787208,0.97130764,0.9718521477997769,1.5693322,1.5544384,1010,936,test
328,0.9721828,0.9694728,0.97868407,0.97142565,0.9718710886921303,1.5693301,1.5540569,1010,936,test
329,0.97211164,0.9728654,0.9786527,0.9733763,0.971948751860724,1.569328,1.5474552,1010,936,test
330,0.9720478,0.97061694,0.9786085,0.97212625,0.9719407059289702,1.5693257,1.5495723,1010,936,test
331,0.9720279,0.97691786,0.9786109,0.9758426,0.9719443548554162,1.5693235,1.5345497,1010,936,test
332,0.97198564,0.96599734,0.97853065,0.96971977,0.9719147125417105,1.5693214,1.5482975,1010,936,test
333,0.97192717,0.9708444,0.97849286,0.9726163,0.9720584289757788,1.5693192,1.5350319,1010,936,test
334,0.9718939,0.9698006,0.97844803,0.9718312,0.9720873425977596,1.569317,1.543023,1010,936,test
335,0.971812,0.96659064,0.97842014,0.9699559,0.9721123513722891,1.5693148,1.5496267,1010,936,test
336,0.9717743,0.9668884,0.97837317,0.9699483,0.9720035150460322,1.5693127,1.5548353,1010,936,test
337,0.9725999,0.97254455,0.978337,0.972749,0.9720187582821828,1.5693104,1.5599337,1010,936,test
338,0.97301066,0.96718144,0.978306,0.96961296,0.9720686068526342,1.5693083,1.5711124,1010,936,test
339,0.97321653,0.9688804,0.97827744,0.9705548,0.9720391294159954,1.569306,1.5689441,1010,936,test
340,0.973228,0.96873116,0.978225,0.9707056,0.9720059146578276,1.5693038,1.5603529,1010,936,test
341,0.9731531,0.9734154,0.9781958,0.97280824,0.97200947449255,1.5693016,1.5720888,1010,936,test
342,0.9730775,0.97293574,0.9781953,0.97225773,0.971863322645287,1.5692993,1.5824349,1010,936,test
343,0.97303545,0.96977246,0.9781109,0.97084665,0.9719268775730778,1.5692971,1.5730846,1010,936,test
344,0.97306883,0.97112453,0.9781229,0.9717159,0.9718341461520932,1.5692948,1.5675924,1010,936,test
345,0.9732795,0.97577465,0.97808015,0.97384584,0.9717567324160246,1.5692925,1.5775033,1010,936,test
346,0.973447,0.9738842,0.9780537,0.97277,0.9717458791566698,1.5692903,1.5802487,1010,936,test
347,0.9736207,0.9747677,0.9780281,0.97325003,0.9718098745342852,1.569288,1.5793185,1010,936,test
348,0.97366244,0.9737539,0.9780258,0.9730619,0.9717150715383388,1.5692858,1.5674572,1010,936,test
349,0.97372574,0.9666691,0.9779154,0.968825,0.9717042118580077,1.5692835,1.5845653,1010,936,test
350,0.97372127,0.97542036,0.978094,0.974507,0.971735312600125,1.5692812,1.5481147,1010,936,test
351,0.9737041,0.9746481,0.9780266,0.9735459,0.9717964634689594,1.5692788,1.5668894,1010,936,test
352,0.9736271,0.9724477,0.97796655,0.9721545,0.9717193949400311,1.5692766,1.5745697,1010,936,test
353,0.9733529,0.973644,0.97780764,0.9723357,0.971598899721683,1.5692743,1.5880377,1010,936,test
354,0.9730221,0.96862483,0.9777013,0.9696841,0.9715561320221014,1.5692719,1.5877591,1010,936,test
355,0.9727938,0.9734684,0.97767806,0.97256327,0.9715796937628878,1.5692697,1.5755719,1010,936,test
356,0.9725969,0.9685534,0.97763133,0.9694301,0.9715528882436103,1.5692673,1.5943606,1010,936,test
357,0.972456,0.9716015,0.97761285,0.97169983,0.9716190275118278,1.5692649,1.5709286,1010,936,test
358,0.9723777,0.96739686,0.9775431,0.96975565,0.9715643486038612,1.5692626,1.5612341,1010,936,test
359,0.9723159,0.9682556,0.9775019,0.97018886,0.9715087448646692,1.5692602,1.5613182,1010,936,test
360,0.97225994,0.97225726,0.9775069,0.97191477,0.9714908689957606,1.5692579,1.574136,1010,936,test
361,0.9722093,0.9747014,0.9777174,0.97355163,0.9714815234670078,1.5692555,1.5640788,1010,936,test
362,0.97219384,0.9688691,0.97738093,0.9698627,0.9714237866891504,1.5692531,1.582357,1010,936,test
363,0.9721155,0.96864086,0.97735775,0.9704881,0.9714807393032303,1.5692507,1.5562174,1010,936,test
364,0.9720294,0.9731614,0.97741497,0.97276497,0.9713367364120661,1.5692483,1.5599266,1010,936,test
365,0.97201526,0.97189,0.9773114,0.97227776,0.9712495362734952,1.5692459,1.5524944,1010,936,test
366,0.97207135,0.96897894,0.9772517,0.9705516,0.9711560706227611,1.5692436,1.558953,1010,936,test
367,0.9721198,0.970686,0.9772191,0.9713898,0.9710202877614585,1.5692412,1.5604912,1010,936,test
368,0.97197,0.96847415,0.97717273,0.96992064,0.9710019525065148,1.5692387,1.5708276,1010,936,test
369,0.9718368,0.968351,0.97713053,0.9701084,0.9708483836861753,1.5692363,1.5615574,1010,936,test
370,0.9717816,0.97343767,0.97715765,0.97326875,0.9707396290559084,1.5692338,1.5442613,1010,936,test
371,0.97166264,0.9682926,0.9770523,0.97044694,0.9706369420108001,1.5692314,1.5476742,1010,936,test
372,0.97168493,0.9674243,0.97701216,0.9699482,0.9706606510965253,1.5692289,1.5487758,1010,936,test
373,0.97187674,0.96775925,0.9769963,0.97041273,0.9705845721729202,1.5692265,1.5383306,1010,936,test
374,0.9720151,0.9644506,0.9769337,0.9682466,0.9704340499088079,1.569224,1.5529709,1010,936,test
375,0.9720897,0.9677924,0.97693276,0.9702312,0.9702069599357322,1.5692215,1.5446439,1010,936,test
376,0.9721494,0.9645444,0.9768506,0.9683881,0.970255721627657,1.569219,1.548742,1010,936,test
377,0.97218245,0.9722152,0.9768986,0.97261846,0.9701918260154911,1.5692165,1.5416071,1010,936,test
378,0.97222674,0.9716989,0.97690713,0.9726585,0.9700365482541519,1.5692141,1.5306492,1010,936,test
379,0.972182,0.9763379,0.97692204,0.9750124,0.9699964558417294,1.5692115,1.5333347,1010,936,test
380,0.9721726,0.9659908,0.9767045,0.9697,0.9698414362209258,1.569209,1.527254,1010,936,test
381,0.9718538,0.9686705,0.9766731,0.97014356,0.9696608972526566,1.5692065,1.5608528,1010,936,test
382,0.97162116,0.9691241,0.97670555,0.9710922,0.9695309315692302,1.569204,1.5361153,1010,936,test
383,0.97144455,0.9671084,0.9766281,0.9691452,0.9694459708933647,1.5692015,1.5666534,1010,936,test
384,0.971306,0.97326523,0.9766462,0.9719273,0.969259905060141,1.5691988,1.5820063,1010,936,test
385,0.97116256,0.97055304,0.97660553,0.9700155,0.9690900627771462,1.5691963,1.5984197,1010,936,test
386,0.9711037,0.9654391,0.9764885,0.967304,0.968976202603828,1.5691937,1.5983096,1010,936,test
387,0.97106,0.9659229,0.9764426,0.96803,0.9689767948889552,1.5691912,1.5816321,1010,936,test
388,0.97101307,0.96256685,0.9764235,0.966223,0.9688493186353906,1.5691886,1.5831218,1010,936,test
389,0.97098243,0.96838206,0.9764511,0.9693128,0.9687489781790687,1.569186,1.581868,1010,936,test
390,0.970924,0.96489125,0.9763575,0.9676806,0.9685997512511056,1.5691835,1.5740803,1010,936,test
391,0.97087246,0.9638885,0.9763669,0.9673282,0.9686576739618651,1.5691808,1.5681993,1010,936,test
392,0.9708863,0.9706597,0.9762903,0.9706893,0.9685962197302435,1.5691782,1.573637,1010,936,test
393,0.9709068,0.96204805,0.9762066,0.9660269,0.968689980103258,1.5691756,1.5780406,1010,936,test
394,0.9709514,0.9665202,0.9762342,0.96872604,0.968695858912248,1.569173,1.5659653,1010,936,test
395,0.9709405,0.96447027,0.9761907,0.96773803,0.9685813209802909,1.5691704,1.5624921,1010,936,test
396,0.97083837,0.9680338,0.9761466,0.9697467,0.9685496226580359,1.5691676,1.556957,1010,936,test
397,0.97067755,0.9580737,0.9760442,0.9642694,0.9685057384834924,1.569165,1.5648847,1010,936,test
398,0.9705465,0.96491313,0.9760121,0.96782804,0.9683469438010472,1.5691624,1.5653659,1010,936,test
399,0.9704429,0.968425,0.9760768,0.970544,0.9683111079694992,1.5691596,1.5351661,1010,936,test
400,0.9704657,0.96680677,0.97606534,0.96898246,0.9681381312887264,1.569157,1.5602868,1010,936,test
401,0.9706146,0.9597492,0.975878,0.9650016,0.9680773769975441,1.5691543,1.5680417,1010,936,test
402,0.97073674,0.9643967,0.9759058,0.96797216,0.9678179091992722,1.5691516,1.549596,1010,936,test
403,0.97085464,0.96909255,0.9761789,0.9701035,0.9677070100276652,1.5691489,1.5642251,1010,936,test
404,0.97086364,0.9623568,0.9757961,0.96657145,0.9675934922668236,1.5691462,1.5599937,1010,936,test
405,0.9709066,0.9638384,0.975793,0.9675536,0.9675190883621292,1.5691434,1.552721,1010,936,test
406,0.97090524,0.9707973,0.97591853,0.97156537,0.9674176120761105,1.5691407,1.5411025,1010,936,test
407,0.97088826,0.96181786,0.975738,0.96690714,0.9672444595691285,1.5691379,1.5374993,1010,936,test
408,0.97075427,0.9638863,0.9757183,0.96736443,0.9670480903124882,1.5691352,1.559374,1010,936,test
409,0.9704809,0.9673258,0.9756395,0.96880746,0.9668714353086458,1.5691324,1.5709122,1010,936,test
410,0.97025466,0.96539354,0.97582,0.96863806,0.9667947761777214,1.5691297,1.5434953,1010,936,test
411,0.97003984,0.96712804,0.97553086,0.96861947,0.9667335679143216,1.5691268,1.5725889,1010,936,test
412,0.96992475,0.96288526,0.9754698,0.96669567,0.9665933465840802,1.5691241,1.5615321,1010,936,test
413,0.9698415,0.96402663,0.9754385,0.96739197,0.9664789252476597,1.5691212,1.5577211,1010,936,test
414,0.9697571,0.96457195,0.9754237,0.96688354,0.9663046360820324,1.5691185,1.5850763,1010,936,test
415,0.96969956,0.97207457,0.97553205,0.97129476,0.9662861428597266,1.5691156,1.5695504,1010,936,test
416,0.9696397,0.9615997,0.9753598,0.9641932,0.9661940333230049,1.5691128,1.6226822,1010,936,test
417,0.96960807,0.96358883,0.9753262,0.9662657,0.9661911415101505,1.56911,1.5874918,1010,936,test
418,0.96961045,0.95514005,0.97526157,0.9612614,0.9660162656649246,1.5691072,1.6063398,1010,936,test
419,0.96958727,0.95686805,0.9751888,0.9617585,0.9659310583322971,1.5691043,1.6192678,1010,936,test
420,0.9695564,0.9628154,0.97522867,0.9653518,0.9660217383242009,1.5691015,1.6036996,1010,936,test
421,0.9696099,0.96253866,0.97519684,0.96579206,0.9660005135002343,1.5690986,1.5833975,1010,936,test
422,0.96965843,0.9584204,0.9750708,0.9633647,0.9659437926245417,1.5690956,1.5911796,1010,936,test
423,0.96964884,0.9640972,0.97515774,0.9665426,0.9657104805308467,1.5690928,1.585208,1010,936,test
424,0.9691753,0.9576384,0.97501194,0.9625726,0.9655797303056208,1.5690899,1.6035017,1010,936,test
425,0.9693311,0.96068686,0.97494745,0.96447253,0.9655812043760494,1.5690869,1.5925139,1010,936,test
426,0.9691839,0.9571558,0.97491,0.96203613,0.965680516744392,1.569084,1.6119118,1010,936,test
427,0.969043,0.9644169,0.9748895,0.9665868,0.96561473845764,1.5690811,1.5863748,1010,936,test
428,0.9690861,0.9633084,0.97493005,0.9660928,0.9655946152280627,1.5690781,1.5838692,1010,936,test
429,0.9692404,0.9660195,0.9749663,0.9670414,0.96563748416468,1.5690751,1.6003507,1010,936,test
430,0.96942043,0.9596191,0.974879,0.9635335,0.965660215290865,1.5690722,1.6046246,1010,936,test
431,0.9694412,0.9592105,0.97480214,0.96385884,0.9655537406391791,1.5690693,1.5853896,1010,936,test
432,0.9694919,0.96493673,0.97479475,0.96692705,0.9657326570148117,1.5690662,1.5829549,1010,936,test
433,0.96945757,0.96893436,0.9750401,0.96957946,0.9657898996339953,1.5690632,1.566399,1010,936,test
434,0.9693915,0.96612227,0.9747318,0.96789026,0.9657348831711371,1.5690602,1.5704021,1010,936,test
435,0.9693771,0.96500295,0.97484374,0.96816397,0.9657383794900352,1.5690572,1.5415359,1010,936,test
436,0.969153,0.96296376,0.97462976,0.9665946,0.9658055725166371,1.5690541,1.556725,1010,936,test
437,0.968298,0.9622465,0.97471577,0.9668726,0.9659001006526677,1.5690511,1.5346092,1010,936,test
438,0.96866626,0.9627317,0.97446084,0.9668746,0.9659023254049109,1.569048,1.5405661,1010,936,test
439,0.9685459,0.9638722,0.9744626,0.9671782,0.9658951391873641,1.5690451,1.5509754,1010,936,test
440,0.9683907,0.9599694,0.9744352,0.9650099,0.9658128012778782,1.569042,1.5550063,1010,936,test
441,0.96824175,0.9611721,0.9743345,0.96594465,0.965880825478014,1.5690389,1.5430857,1010,936,test
442,0.9682728,0.954936,0.97431016,0.9621872,0.965807874795826,1.5690358,1.559982,1010,936,test
443,0.9681675,0.97137356,0.9745191,0.9719069,0.9658086037602669,1.5690327,1.5230067,1010,936,test
444,0.9681488,0.95845985,0.97446036,0.9648665,0.9656390257633679,1.5690296,1.532349,1010,936,test
445,0.9681229,0.95188326,0.97420585,0.9610194,0.9654737515272092,1.5690265,1.5434828,1010,936,test
446,0.9680744,0.956237,0.9741504,0.9633064,0.9653174797700896,1.5690233,1.5427289,1010,936,test
447,0.96807534,0.96369314,0.9741419,0.9666908,0.9652386615169705,1.5690202,1.5610447,1010,936,test
448,0.9680706,0.96494937,0.97425663,0.96745825,0.9651656524384581,1.5690169,1.5585448,1010,936,test
449,0.96806645,0.9667158,0.9740764,0.96769273,0.9650361700158668,1.5690138,1.5804253,1010,936,test
450,0.968191,0.96429944,0.9741616,0.96661186,0.964823521375124,1.5690106,1.5750556,1010,936,test
451,0.96815825,0.95546156,0.97389376,0.9620049,0.9646121290856442,1.5690074,1.5711052,1010,936,test
452,0.9677622,0.9574991,0.9739119,0.96304655,0.9642883032055901,1.5690042,1.5722501,1010,936,test
453,0.9678264,0.958151,0.9738586,0.96401453,0.9641058819515574,1.569001,1.5497463,1010,936,test
454,0.96759766,0.95822394,0.97405475,0.9641981,0.963881745665464,1.5689977,1.5469189,1010,936,test
455,0.96762,0.9527972,0.9738898,0.9611633,0.9637735885937334,1.5689945,1.5516208,1010,936,test
456,0.967654,0.96315384,0.9739686,0.96633816,0.9634791566695238,1.5689913,1.5614825,1010,936,test
457,0.96744144,0.9527433,0.9736719,0.9609803,0.9631923826103146,1.568988,1.55451,1010,936,test
458,0.9677805,0.95217186,0.9735825,0.9601525,0.9630058872683075,1.5689847,1.5718853,1010,936,test
459,0.9676794,0.959172,0.97370565,0.9640639,0.9628348658585774,1.5689814,1.5649862,1010,936,test
460,0.9675191,0.9583132,0.973717,0.96373904,0.9627054900517372,1.5689782,1.560744,1010,936,test
461,0.96767527,0.95475036,0.9735615,0.9615431,0.9625083407760624,1.5689749,1.5703425,1010,936,test
462,0.9677497,0.95296216,0.97345686,0.96044314,0.9623947158054347,1.5689715,1.5747344,1010,936,test
463,0.96771234,0.9532269,0.9734303,0.9613433,0.9622895793900131,1.5689682,1.5478332,1010,936,test
464,0.96767056,0.9560733,0.97346056,0.9621433,0.9621279622104774,1.5689648,1.5724261,1010,936,test
465,0.96716815,0.9587258,0.9735838,0.96431446,0.9620290084123588,1.5689615,1.5465593,1010,936,test
466,0.9669043,0.96009326,0.97346556,0.96438825,0.9618722629907669,1.568958,1.5677193,1010,936,test
467,0.9668576,0.95584583,0.97327304,0.9624214,0.9616529570286879,1.5689547,1.5564008,1010,936,test
468,0.9667188,0.9699939,0.97343975,0.9694693,0.9614006552183763,1.5689514,1.5709774,1010,936,test
469,0.96683884,0.9639712,0.9735316,0.96637654,0.9615204083387133,1.5689479,1.569986,1010,936,test
470,0.9667952,0.95461744,0.9731837,0.9607644,0.9614520619988897,1.5689445,1.5904176,1010,936,test
471,0.9667153,0.9594605,0.97312355,0.96338725,0.9612128141417653,1.568941,1.586889,1010,936,test
472,0.9666673,0.9549465,0.9732063,0.96096814,0.9610851062902217,1.5689375,1.5896107,1010,936,test
473,0.96656847,0.9488425,0.9729916,0.9573612,0.9610515686606232,1.5689341,1.6008806,1010,936,test
474,0.966555,0.95728767,0.97303045,0.96165574,0.9608620472268885,1.5689306,1.6059743,1010,936,test
475,0.9664648,0.95341617,0.9729432,0.95991635,0.9609412176211547,1.5689272,1.5951058,1010,936,test
476,0.965916,0.95506895,0.9729302,0.960935,0.9609909213848156,1.5689237,1.5897952,1010,936,test
477,0.9663258,0.9556973,0.9730012,0.96160805,0.9609591675122036,1.5689201,1.5788184,1010,936,test
478,0.96588874,0.95364,0.9728496,0.96087503,0.960827761051301,1.5689167,1.5650746,1010,936,test
479,0.96619207,0.95583963,0.97298616,0.96175444,0.9608246405620384,1.5689131,1.5761732,1010,936,test
480,0.966155,0.9508927,0.9727428,0.95858955,0.9607951374063914,1.5689095,1.5929064,1010,936,test
481,0.96593285,0.9534977,0.97275025,0.96094036,0.9607987847316438,1.568906,1.5590304,1010,936,test
482,0.96602637,0.9534682,0.9728653,0.9604461,0.9609010181366544,1.5689024,1.5769988,1010,936,test
483,0.96598446,0.95156103,0.9725752,0.9598048,0.9607780132669588,1.5688988,1.5611548,1010,936,test
484,0.9659713,0.95771366,0.9725633,0.962428,0.9607373533892644,1.5688952,1.5819796,1010,936,test
485,0.965743,0.9525236,0.97262025,0.9599904,0.9608154946100875,1.5688915,1.5727943,1010,936,test
486,0.9660499,0.95865554,0.9726019,0.96322143,0.9609575782044182,1.568888,1.5720826,1010,936,test
487,0.9664801,0.9518491,0.97236025,0.95933175,0.9607645332638911,1.5688843,1.5803206,1010,936,test
488,0.966512,0.95356345,0.9723486,0.95938504,0.9608277838406372,1.5688807,1.6090075,1010,936,test
489,0.9666585,0.95704514,0.97239864,0.9616771,0.9606732701808992,1.568877,1.5938007,1010,936,test
490,0.9663843,0.95571053,0.97230184,0.9604049,0.9607920583699598,1.5688733,1.6120665,1010,936,test
491,0.9665974,0.9667423,0.9723256,0.9664247,0.9609480648176236,1.5688696,1.6042724,1010,936,test
492,0.96656275,0.9619813,0.9722278,0.96412647,0.9611590392522036,1.5688658,1.5965579,1010,936,test
493,0.96629053,0.95768803,0.97217596,0.9619447,0.961360786778686,1.5688621,1.5936419,1010,936,test
494,0.9659653,0.9535692,0.9720367,0.9596704,0.9614502425350098,1.5688584,1.5959346,1010,936,test
495,0.965732,0.95316386,0.9720488,0.95974946,0.9615025813102682,1.5688546,1.5861132,1010,936,test
496,0.965236,0.9559729,0.9719623,0.96160257,0.9614290052633131,1.5688508,1.5720478,1010,936,test
497,0.965395,0.95246863,0.97194076,0.9598793,0.9616479925986103,1.5688471,1.5677981,1010,936,test
498,0.96508825,0.9533076,0.9718325,0.9602947,0.9617992647695914,1.5688432,1.5674123,1010,936,test
499,0.96483254,0.96561706,0.9719533,0.9677954,0.9617720341940916,1.5688394,1.5318449,1010,936,test
500,0.9637775,0.9527837,0.97180086,0.9604944,0.961867277334745,1.5688355,1.5504266,1010,936,test
501,0.96326154,0.95352256,0.9718181,0.96131516,0.9618203837068495,1.5688317,1.5352823,1010,936,test
502,0.96114534,0.9516597,0.9717387,0.9597857,0.9619212119413713,1.5688279,1.553877,1010,936,test
503,0.96265346,0.95925987,0.97172976,0.964501,0.9619783583809156,1.5688239,1.5279009,1010,936,test
504,0.9624709,0.95482993,0.9716613,0.96180546,0.9620947402023846,1.56882,1.5403894,1010,936,test
505,0.96274745,0.9600537,0.9716477,0.9636061,0.9622023565512111,1.5688162,1.5731348,1010,936,test
506,0.962838,0.9518095,0.9714905,0.9596908,0.9622733021714373,1.5688123,1.557064,1010,936,test
507,0.96292233,0.9547597,0.9715406,0.9618143,0.9623327591769564,1.5688083,1.5373358,1010,936,test
508,0.96282375,0.9604675,0.9714813,0.96489906,0.9622961027051921,1.5688043,1.5333496,1010,936,test
509,0.9628766,0.97448003,0.97138,0.97134614,0.9620706447132034,1.5688003,1.5634277,1010,936,test
510,0.96277356,0.95434284,0.97130114,0.9614006,0.9622175537415619,1.5687963,1.5414251,1010,936,test
511,0.9627099,0.9514594,0.97123337,0.9591491,0.9622657543999917,1.5687923,1.5665679,1010,936,test
512,0.96259975,0.96928155,0.9711993,0.96908295,0.9624137897372887,1.5687883,1.5453323,1010,936,test
513,0.96252954,0.95123297,0.971159,0.95976114,0.9624060117341443,1.5687842,1.5400071,1010,936,test
514,0.9627099,0.96870685,0.9710704,0.9684161,0.9623419764022861,1.5687802,1.5567225,1010,936,test
515,0.9627748,0.9521942,0.9709999,0.9605255,0.9623086764730248,1.5687761,1.5288472,1010,936,test
516,0.96268165,0.9538076,0.970971,0.9616426,0.9619907974189488,1.5687721,1.5187622,1010,936,test
517,0.96272874,0.9522064,0.97089237,0.96027696,0.9618783080377037,1.5687679,1.5366733,1010,936,test
518,0.96262944,0.94874156,0.97082865,0.958593,0.9618612388518928,1.5687639,1.5310827,1010,936,test
519,0.96277434,0.9541732,0.97081786,0.9614228,0.9619954341551128,1.5687597,1.5317308,1010,936,test
520,0.9627542,0.9573035,0.9707521,0.962917,0.9617882081073102,1.5687555,1.5362257,1010,936,test
521,0.9625331,0.9663059,0.97070944,0.96692574,0.9618604099869943,1.5687513,1.5607002,1010,936,test
522,0.96224993,0.951447,0.97064006,0.9601239,0.961764180667519,1.5687472,1.5248739,1010,936,test
523,0.9618618,0.9508273,0.9705815,0.95983386,0.9617810939434885,1.568743,1.5229021,1010,936,test
524,0.9618543,0.9544488,0.9705149,0.9616798,0.9617163974967674,1.5687387,1.524074,1010,936,test
525,0.96173155,0.9708513,0.9704591,0.9692961,0.9616437767091217,1.5687345,1.558058,1010,936,test
526,0.9616983,0.9603933,0.9703978,0.9646349,0.9616128198125384,1.5687302,1.528492,1010,936,test
527,0.9615635,0.9722446,0.97033906,0.96997225,0.961351806708261,1.568726,1.5584991,1010,936,test
528,0.96128064,0.95806587,0.9702794,0.9626801,0.9613985953026979,1.5687217,1.5531901,1010,936,test
529,0.9614699,0.95226955,0.9702126,0.9597728,0.9612769038818133,1.5687174,1.5476931,1010,936,test
530,0.9614221,0.9539835,0.9701512,0.9606005,0.9613347488010116,1.568713,1.5495088,1010,936,test
531,0.96134627,0.9477775,0.9701038,0.9579345,0.9614708047563261,1.5687087,1.5278754,1010,936,test
532,0.96127146,0.9523711,0.9700128,0.95977604,0.9614500798396706,1.5687042,1.5471141,1010,936,test
533,0.9612436,0.95725113,0.9699582,0.96225154,0.9615299945568782,1.5686998,1.5494634,1010,936,test
534,0.9612299,0.97070277,0.9699057,0.96844196,0.9616588482665064,1.5686955,1.5786372,1010,936,test
535,0.96117616,0.9504544,0.96988976,0.9586674,0.9616271885484149,1.568691,1.5492752,1010,936,test
536,0.96107244,0.9505584,0.96977925,0.9589009,0.9613956864248429,1.5686866,1.5416497,1010,936,test
537,0.9608985,0.9498342,0.9697108,0.95811,0.9610882797538902,1.5686822,1.5553322,1010,936,test
538,0.9608081,0.9508754,0.9696533,0.9588243,0.9612077505672748,1.5686777,1.5487617,1010,936,test
539,0.960636,0.95219266,0.969561,0.9599148,0.9613778549033345,1.5686731,1.5335062,1010,936,test
540,0.96062434,0.9542673,0.9695301,0.9607072,0.9614748511217752,1.5686687,1.5436859,1010,936,test
541,0.9606274,0.97359383,0.96949255,0.969677,0.9615261286538103,1.5686642,1.5834199,1010,936,test
542,0.9606858,0.9605262,0.96944124,0.9634998,0.9614652033508014,1.5686595,1.5598748,1010,936,test
543,0.9607053,0.96316254,0.96931493,0.96441615,0.9613782502578152,1.568655,1.5745769,1010,936,test
544,0.96071374,0.9483743,0.9693809,0.95714533,0.9614256871602642,1.5686504,1.5584155,1010,936,test
545,0.9602752,0.966454,0.96925527,0.96624935,0.9612177951157128,1.5686458,1.5700897,1010,936,test
546,0.9603519,0.94638765,0.9691759,0.95633423,0.9613975225946023,1.5686412,1.5478245,1010,936,test
547,0.96007574,0.9598563,0.9690715,0.9632875,0.9616700435630159,1.5686365,1.5506784,1010,936,test
548,0.96040064,0.9483955,0.9690702,0.9572133,0.961484681245241,1.5686319,1.5527809,1010,936,test
549,0.960196,0.9528924,0.9689734,0.9593848,0.9616446328321184,1.5686271,1.5583115,1010,936,test
550,0.9599483,0.96943295,0.96887016,0.96798027,0.9618063243200111,1.5686225,1.5596265,1010,936,test
551,0.9597472,0.9527079,0.96881443,0.9601916,0.961892269470899,1.5686177,1.5243653,1010,936,test
552,0.9597407,0.97308254,0.9688512,0.9692172,0.9620702145779835,1.5686129,1.5826966,1010,936,test
553,0.95925754,0.948086,0.9686155,0.9572587,0.9619000779588307,1.5686082,1.5400736,1010,936,test
554,0.95955354,0.969966,0.9686779,0.9678763,0.9619018811623573,1.5686034,1.5707275,1010,936,test
555,0.95950145,0.9526261,0.9685491,0.959707,0.9618735641160552,1.5685985,1.5370048,1010,936,test
556,0.9592878,0.9501443,0.96856517,0.95847476,0.9619941242138074,1.5685937,1.5346761,1010,936,test
557,0.95934093,0.9524616,0.9684545,0.95927596,0.9617260176937247,1.5685889,1.5481068,1010,936,test
558,0.95905226,0.9480971,0.9683682,0.95708966,0.9618194077724278,1.568584,1.5433552,1010,936,test
559,0.95917237,0.9497576,0.96825516,0.9580406,0.961974110545854,1.5685791,1.5392225,1010,936,test
560,0.9590511,0.9531379,0.96810746,0.9598044,0.9622870080211471,1.5685741,1.5378556,1010,936,test
561,0.9590302,0.96858346,0.9682393,0.9668902,0.9622718957318743,1.5685692,1.5747685,1010,936,test
562,0.9589963,0.97001684,0.96804285,0.9680954,0.9619490559928403,1.5685642,1.5566336,1010,936,test
563,0.95901924,0.96395403,0.9679711,0.96494997,0.9618739722611859,1.5685592,1.554818,1010,936,test
564,0.9585144,0.9419818,0.9681561,0.9540055,0.9615398477315954,1.5685542,1.5362039,1010,936,test
565,0.9587199,0.963303,0.9679556,0.9652357,0.9614612218620562,1.5685492,1.5324323,1010,936,test
566,0.958677,0.95273775,0.9678633,0.95964336,0.961260124314984,1.568544,1.5332121,1010,936,test
567,0.9586152,0.96290255,0.9677789,0.96459174,0.9612891068720066,1.568539,1.5457746,1010,936,test
568,0.9585292,0.96245253,0.96758485,0.964574,0.9615140872005885,1.5685339,1.5357364,1010,936,test
569,0.9584499,0.94907874,0.9676423,0.95781004,0.9616558527621721,1.5685288,1.5274259,1010,936,test
570,0.9585778,0.9725249,0.9677459,0.96934414,0.9615926846617621,1.5685236,1.5553695,1010,936,test
571,0.95871615,0.9490737,0.96746254,0.9581629,0.9615902832219595,1.5685184,1.5124304,1010,936,test
572,0.95878154,0.95102847,0.96739626,0.9590497,0.9612192170730857,1.5685133,1.5166961,1010,936,test
573,0.95878243,0.9714004,0.967488,0.9685836,0.961073251677155,1.568508,1.5584028,1010,936,test
574,0.9585021,0.9470936,0.96731275,0.9564084,0.9610938892814913,1.5685028,1.5363189,1010,936,test
575,0.95853454,0.9484283,0.9670917,0.9570569,0.9611546102500196,1.5684975,1.5355769,1010,936,test
576,0.95858747,0.9521037,0.9670664,0.95863557,0.9613568771141522,1.5684922,1.5477446,1010,936,test
577,0.9584873,0.9528177,0.96708226,0.9584484,0.9613182127047573,1.5684868,1.5676117,1010,936,test
578,0.9578371,0.96965015,0.9670702,0.9666734,0.961559999960873,1.5684816,1.5880162,1010,936,test
579,0.9577838,0.9637606,0.96715194,0.96367264,0.9614246829875869,1.5684762,1.586136,1010,936,test
580,0.95741254,0.9611653,0.9669057,0.9619812,0.9615109068137141,1.5684707,1.5946606,1010,936,test
581,0.9572779,0.9494548,0.96684706,0.9570987,0.9614395532157671,1.5684654,1.5503057,1010,936,test
582,0.95716864,0.97109723,0.9668908,0.9672959,0.9612902501865421,1.5684599,1.5905678,1010,936,test
583,0.95735806,0.9489299,0.96677065,0.95636904,0.9610226178115597,1.5684544,1.5653155,1010,936,test
584,0.9566694,0.94774497,0.96658444,0.95554197,0.9606886247391768,1.5684489,1.5702574,1010,936,test
585,0.9568226,0.9475746,0.96644044,0.9560127,0.9603824790934612,1.5684434,1.5489879,1010,936,test
586,0.95711607,0.9491475,0.9662235,0.9568597,0.960045284281352,1.5684378,1.5457065,1010,936,test
587,0.95695955,0.97084904,0.9665251,0.967203,0.9602201078461126,1.5684322,1.5851336,1010,936,test
588,0.95671755,0.95025253,0.96624106,0.9576688,0.9603257382824999,1.5684266,1.5378066,1010,936,test
589,0.95686966,0.96951246,0.96640277,0.96675706,0.9603399320400168,1.568421,1.5750117,1010,936,test
590,0.95664245,0.9526422,0.9659424,0.9590446,0.9600350977693906,1.5684154,1.5299288,1010,936,test
591,0.9562421,0.96364295,0.9664351,0.96373045,0.9596564894302985,1.5684097,1.5737945,1010,936,test
592,0.9564316,0.96912104,0.9661326,0.9662937,0.9593703803579794,1.568404,1.5808218,1010,936,test
593,0.95652634,0.9439692,0.96579075,0.9542346,0.9591886713409069,1.5683982,1.5371668,1010,936,test
594,0.9561716,0.9500023,0.9655875,0.9574138,0.9593139837307983,1.5683925,1.5344366,1010,936,test
595,0.9560159,0.94780964,0.965629,0.9561477,0.95894878659474,1.5683867,1.5389984,1010,936,test
596,0.9562011,0.9625483,0.9660157,0.96298957,0.9588025301919467,1.5683808,1.5747474,1010,936,test
597,0.95617443,0.96963775,0.9657369,0.96629524,0.9583687511731543,1.568375,1.5855244,1010,936,test
598,0.9561562,0.9696388,0.96588314,0.96631813,0.9583011362468155,1.5683692,1.5864311,1010,936,test
599,0.9563117,0.9453871,0.96539164,0.9541718,0.9582202302879885,1.5683632,1.5609688,1010,936,test
600,0.9562468,0.9421449,0.96558297,0.95288384,0.9578490270142747,1.5683573,1.5485692,1010,936,test
601,0.95622873,0.94811213,0.9654081,0.9558506,0.9575159795130334,1.5683514,1.5525131,1010,936,test
602,0.95633584,0.948488,0.9653491,0.95584965,0.9572366170994883,1.5683453,1.5587838,1010,936,test
603,0.9562639,0.9476197,0.96502507,0.95508313,0.95698231406954,1.5683393,1.5658395,1010,936,test
604,0.9558162,0.9474294,0.9651077,0.95537925,0.957153782752395,1.5683333,1.5529497,1010,936,test
605,0.9557605,0.9544369,0.96498793,0.9581598,0.9574658220579715,1.5683272,1.5828062,1010,936,test
606,0.9556994,0.94699246,0.9645889,0.95530033,0.9577588313362676,1.5683211,1.5415143,1010,936,test
607,0.95508355,0.948248,0.9649023,0.95553875,0.9575579652467663,1.5683149,1.5600333,1010,936,test
608,0.9553955,0.9567316,0.9651421,0.95957696,0.957740035828538,1.5683087,1.5772359,1010,936,test
609,0.9549283,0.9556614,0.96471417,0.9590757,0.9578341301463327,1.5683025,1.5702161,1010,936,test
610,0.9552023,0.9540298,0.9646119,0.9582555,0.957789752315345,1.5682963,1.567782,1010,936,test
611,0.95492417,0.95912564,0.9651898,0.9606621,0.9576191848400303,1.5682901,1.5836425,1010,936,test
612,0.9547098,0.93747634,0.9644716,0.95005405,0.9577704858730034,1.5682838,1.548639,1010,936,test
613,0.9546628,0.9440906,0.9643735,0.9534893,0.9579667464131694,1.5682775,1.5490713,1010,936,test
614,0.95487326,0.94359565,0.9640556,0.953596,0.9581102397169552,1.568271,1.5322862,1010,936,test
615,0.95446,0.9409309,0.96447027,0.95219433,0.9585766269789536,1.5682647,1.5372136,1010,936,test
616,0.9546756,0.9694035,0.9645153,0.96590674,0.9588728061432087,1.5682583,1.5806638,1010,936,test
617,0.95457274,0.953751,0.96432877,0.9583094,0.9589998630756871,1.5682518,1.5575006,1010,936,test
618,0.95454645,0.95765483,0.9643771,0.960243,0.9592097078099299,1.5682453,1.5620695,1010,936,test
619,0.9543176,0.936929,0.9639396,0.9500561,0.9594028758506747,1.5682387,1.5320336,1010,936,test
620,0.95399725,0.9543025,0.96403617,0.9595115,0.9596593800739845,1.5682322,1.5216031,1010,936,test
621,0.9537286,0.9674319,0.96425885,0.9651679,0.9597218179273784,1.5682256,1.56758,1010,936,test
622,0.95392627,0.9684174,0.9642532,0.9659599,0.9600068904872241,1.5682191,1.5578709,1010,936,test
623,0.9536767,0.94609797,0.9638109,0.9545772,0.9601404123682594,1.5682124,1.5412842,1010,936,test
624,0.953915,0.9682348,0.96392834,0.9657241,0.9603193750651078,1.5682057,1.5589855,1010,936,test
625,0.9537047,0.9684979,0.96397305,0.96536255,0.9601955362893183,1.5681989,1.5768573,1010,936,test
626,0.953682,0.9687004,0.9640129,0.9654801,0.9600162819456696,1.5681921,1.5769187,1010,936,test
627,0.9536129,0.96839476,0.9640551,0.966241,0.959945163031983,1.5681853,1.545235,1010,936,test
628,0.9535295,0.96986234,0.9638719,0.96637046,0.9601433726409279,1.5681785,1.565493,1010,936,test
629,0.95366466,0.9611979,0.963874,0.9616128,0.9602849683058502,1.5681716,1.5731865,1010,936,test
630,0.9529857,0.94741637,0.96288705,0.95469713,0.9603493880025445,1.5681647,1.550631,1010,936,test
631,0.9530251,0.9445147,0.96278405,0.95329237,0.9603533482005413,1.5681578,1.5451647,1010,936,test
632,0.95297354,0.9706855,0.96401143,0.9652337,0.9600955118892275,1.5681509,1.6205018,1010,936,test
633,0.95284927,0.9680401,0.96324754,0.9640689,0.9601423357531322,1.5681438,1.6045777,1010,936,test
634,0.95305246,0.9520618,0.9631656,0.9568645,0.9600179957307533,1.5681368,1.5634408,1010,936,test
635,0.95250756,0.9582693,0.9630291,0.9599098,0.960160883650944,1.5681297,1.5692257,1010,936,test
636,0.9523648,0.96890575,0.96338296,0.9645171,0.9601744455174114,1.5681225,1.6062675,1010,936,test
637,0.952752,0.9462188,0.9630294,0.9537902,0.9603079485540417,1.5681154,1.5620214,1010,936,test
638,0.95170134,0.96598625,0.96272945,0.96289814,0.9596707887964074,1.5681082,1.6019678,1010,936,test
639,0.9521829,0.9507816,0.96227384,0.9557415,0.9594732470392204,1.5681009,1.5687658,1010,936,test
640,0.95212984,0.95035064,0.96223396,0.9535397,0.9588656611003762,1.5680937,1.6351751,1010,936,test
641,0.95234865,0.945644,0.9617753,0.95101166,0.9584477275151427,1.5680863,1.6319234,1010,936,test
642,0.9517266,0.9670825,0.9625673,0.9613774,0.9583342303754102,1.568079,1.6693162,1010,936,test
643,0.9519507,0.9687846,0.9630332,0.9629868,0.9578052589654403,1.5680715,1.6510597,1010,936,test
644,0.951568,0.9448271,0.9625187,0.95147026,0.9576940126155773,1.5680641,1.6105769,1010,936,test
645,0.951331,0.94177425,0.9623693,0.9504038,0.9570194569856261,1.5680566,1.5906235,1010,936,test
646,0.9517349,0.9493546,0.96211636,0.9541092,0.9568067969151126,1.5680491,1.5972697,1010,936,test
647,0.95155656,0.9460647,0.96232307,0.9525833,0.9564413033718753,1.5680416,1.5927124,1010,936,test
648,0.95150155,0.96816427,0.96268487,0.96204317,0.9561819965273406,1.5680339,1.6673738,1010,936,test
649,0.9516497,0.96732855,0.9624406,0.9629172,0.9556526769022538,1.5680263,1.6216923,1010,936,test
650,0.95133907,0.96717894,0.9621854,0.9622803,0.9557425172259257,1.5680186,1.6373897,1010,936,test
651,0.9512508,0.9678795,0.9623021,0.96272814,0.9557004150181636,1.5680108,1.6359996,1010,936,test
652,0.95142347,0.96670866,0.9621159,0.96194744,0.9557448234176439,1.568003,1.6394811,1010,936,test
653,0.9509961,0.9456425,0.9611974,0.95192623,0.9558584992781551,1.5679952,1.5947235,1010,936,test
654,0.9509558,0.944643,0.96085954,0.9510701,0.955934977190654,1.5679873,1.6021141,1010,936,test
655,0.951067,0.9465703,0.9610976,0.95196116,0.955936116830274,1.5679795,1.6089249,1010,936,test
656,0.9510074,0.953549,0.9620351,0.95553434,0.9557625188889752,1.5679715,1.6225071,1010,936,test
657,0.9506911,0.9681604,0.96220803,0.9612031,0.9554004448181305,1.5679635,1.6890975,1010,936,test
658,0.9503499,0.9433386,0.9608594,0.9499347,0.9552867103047801,1.5679554,1.6172323,1010,936,test
659,0.95078963,0.9622625,0.9615929,0.95880926,0.9550631793239771,1.5679474,1.6602132,1010,936,test
660,0.9505778,0.940663,0.9598823,0.9485085,0.9548952238603113,1.5679392,1.6068918,1010,936,test
661,0.9505039,0.94511217,0.9602376,0.9504546,0.9548228432598483,1.567931,1.6240728,1010,936,test
662,0.9502072,0.9381039,0.9609653,0.9472797,0.9548936114175698,1.5679228,1.615085,1010,936,test
663,0.95000815,0.9674227,0.96121585,0.96165,0.9546975586491857,1.5679145,1.6516254,1010,936,test
664,0.950281,0.94042164,0.96069807,0.94839,0.9546804480348459,1.5679061,1.6157656,1010,936,test
665,0.94992065,0.96690655,0.96086645,0.9608904,0.9544322608958884,1.5678978,1.6637311,1010,936,test
666,0.94966525,0.94737875,0.96069384,0.95171344,0.9542311140952281,1.5678893,1.6269096,1010,936,test
667,0.94956756,0.9521065,0.9605123,0.9543289,0.9538264231448448,1.5678809,1.6204909,1010,936,test
668,0.94970846,0.96702564,0.9612584,0.96167946,0.9536529036782471,1.5678724,1.6443291,1010,936,test
669,0.9496869,0.94351655,0.9595134,0.9492657,0.9536862848174701,1.5678638,1.6276616,1010,936,test
670,0.948863,0.95572734,0.96030474,0.95675385,0.9534613814623013,1.5678551,1.6005282,1010,936,test
671,0.94921535,0.9433836,0.9595481,0.9490135,0.953092618969697,1.5678465,1.6340852,1010,936,test
672,0.94919455,0.9666346,0.9609401,0.96018934,0.9528489413894463,1.5678377,1.6824709,1010,936,test
673,0.94880825,0.9644673,0.9604112,0.95941424,0.9525462620152673,1.567829,1.665246,1010,936,test
674,0.9485015,0.9622365,0.96033764,0.958007,0.952507481345156,1.5678202,1.6721411,1010,936,test
675,0.9485925,0.9415504,0.9588987,0.94783103,0.9525421993192609,1.5678113,1.6341164,1010,936,test
676,0.9485439,0.9485235,0.9599948,0.9522115,0.9525502252023392,1.5678023,1.622578,1010,936,test
677,0.94892246,0.94540554,0.9594977,0.94995713,0.9526417528279421,1.5677934,1.6374775,1010,936,test
678,0.94866437,0.94273543,0.95863044,0.94880164,0.9525420469034245,1.5677843,1.6196002,1010,936,test
679,0.94864273,0.96661556,0.96085066,0.96050775,0.9523768931429296,1.5677751,1.6709945,1010,936,test
680,0.94844675,0.943627,0.9591632,0.9491806,0.9519998852092739,1.5677661,1.6285232,1010,936,test
681,0.9480267,0.93955886,0.9587298,0.9472226,0.9517058164833593,1.5677568,1.6176225,1010,936,test
682,0.9481364,0.9445827,0.9590554,0.95062566,0.9515476446167314,1.5677476,1.5956683,1010,936,test
683,0.9479945,0.9507098,0.9591423,0.9543259,0.9518131845445281,1.5677382,1.5802324,1010,936,test
684,0.9477425,0.9608215,0.95990026,0.9590076,0.951951952495654,1.5677289,1.6100702,1010,936,test
685,0.9478493,0.944529,0.9584766,0.9509374,0.9520084436094751,1.5677195,1.5774025,1010,936,test
686,0.94820553,0.9433928,0.9583744,0.95057607,0.9521636536400429,1.5677099,1.568044,1010,936,test
687,0.9476211,0.94470185,0.95858395,0.9509908,0.9519470573759405,1.5677004,1.5799284,1010,936,test
688,0.947512,0.94050586,0.95710456,0.9493412,0.9519747426743015,1.5676907,1.5432013,1010,936,test
689,0.9477522,0.94559646,0.95780325,0.9524468,0.9520885611787766,1.5676811,1.5363016,1010,936,test
690,0.9477693,0.9475838,0.95850694,0.95389116,0.9519033281958849,1.5676713,1.5304326,1010,936,test
691,0.9470432,0.9383,0.9583382,0.94970083,0.9520995590883128,1.5676615,1.5033307,1010,936,test
692,0.94728583,0.9455938,0.9578893,0.95316744,0.9523776158079016,1.5676516,1.5113696,1010,936,test
693,0.94721246,0.95208514,0.95772386,0.9561889,0.9525957743188025,1.5676417,1.5234327,1010,936,test
694,0.94707626,0.94419897,0.95847344,0.95241356,0.9530617271361284,1.5676317,1.5191841,1010,936,test
695,0.94668216,0.93875635,0.9574847,0.94975007,0.9532873714714429,1.5676217,1.4998804,1010,936,test
696,0.94684815,0.96545184,0.95981324,0.9628916,0.9535422304045853,1.5676116,1.5590717,1010,936,test
697,0.94688994,0.9416686,0.95806146,0.95118964,0.9533782838794738,1.5676014,1.5103168,1010,936,test
698,0.9462904,0.94256485,0.95795,0.9510335,0.9538975871619764,1.5675912,1.5315958,1010,936,test
699,0.9467777,0.94335693,0.95681,0.9517714,0.9544337541941443,1.5675809,1.5062367,1010,936,test
700,0.94641674,0.9421986,0.9582056,0.9515083,0.9549873848269486,1.5675706,1.5106205,1010,936,test
701,0.94640934,0.94687307,0.9576647,0.9533974,0.9549509559488287,1.5675601,1.5246469,1010,936,test
702,0.946265,0.94595754,0.957489,0.9528167,0.9548475613731358,1.5675496,1.5261095,1010,936,test
703,0.9458876,0.9648232,0.9591681,0.9611106,0.9549867517100273,1.567539,1.6016083,1010,936,test
704,0.94570166,0.95040303,0.9573191,0.9550743,0.9549611387534731,1.5675284,1.5268836,1010,936,test
705,0.94559675,0.96480143,0.95869374,0.9621781,0.9548399970335187,1.5675176,1.5590318,1010,936,test
706,0.945271,0.96495926,0.9582585,0.96160126,0.9546818315419646,1.5675069,1.5768917,1010,936,test
707,0.94521064,0.9644377,0.9590662,0.9622861,0.9544770398947975,1.5674961,1.5529248,1010,936,test
708,0.94564325,0.9511763,0.9579073,0.9555818,0.9543754210620209,1.5674851,1.5302938,1010,936,test
709,0.9455146,0.938535,0.9567584,0.94875705,0.9546956604540896,1.5674741,1.5228908,1010,936,test
710,0.94500047,0.96387,0.9583825,0.9608593,0.9549026703407179,1.567463,1.5842106,1010,936,test
711,0.94520545,0.9367453,0.95490646,0.94736457,0.955212389789075,1.5674518,1.5167818,1010,936,test
712,0.9451239,0.96478426,0.9583461,0.96128654,0.9554684523636898,1.5674406,1.585564,1010,936,test
713,0.94510794,0.9398544,0.9558507,0.9491968,0.9553712632945419,1.5674293,1.5211358,1010,936,test
714,0.9444203,0.9642518,0.95728016,0.9610677,0.955603308789873,1.567418,1.5712297,1010,936,test
715,0.9443599,0.96135956,0.95729625,0.9594724,0.9555220582206406,1.5674065,1.5741751,1010,936,test
716,0.94437826,0.96242094,0.95723003,0.9603603,0.9557142447160348,1.567395,1.5618896,1010,936,test
717,0.94474655,0.93967295,0.9561192,0.9490268,0.9557131894617625,1.5673834,1.5270387,1010,936,test
718,0.9445333,0.9464725,0.9564413,0.9529388,0.9558591023153127,1.5673717,1.5188518,1010,936,test
719,0.9440159,0.94591635,0.95589626,0.95248854,0.9559945463985517,1.5673599,1.5179706,1010,936,test
720,0.9439277,0.9374794,0.95490897,0.94788694,0.9559124846828598,1.5673481,1.5118922,1010,936,test
721,0.943777,0.9475801,0.95591855,0.9537065,0.95551209958584,1.5673361,1.5057671,1010,936,test
722,0.94342136,0.96322536,0.95681566,0.9607264,0.9552265500133257,1.5673242,1.5589819,1010,936,test
723,0.9432737,0.93906933,0.9539015,0.9491354,0.9549283851688452,1.567312,1.484413,1010,936,test
724,0.94384956,0.9366226,0.9555247,0.9480233,0.9548764638407626,1.5672998,1.4979595,1010,936,test
725,0.943307,0.9335622,0.9525689,0.9458071,0.9545047169036726,1.5672876,1.4837325,1010,936,test
726,0.94343835,0.9499608,0.9564255,0.9550463,0.95408369443723,1.5672752,1.5087053,1010,936,test
727,0.94357616,0.96374714,0.9574947,0.962096,0.9540751443697172,1.5672628,1.5281949,1010,936,test
728,0.943331,0.9439064,0.9552568,0.9518455,0.953889873668314,1.5672503,1.4950814,1010,936,test
729,0.9433639,0.9501435,0.95522535,0.9554987,0.953860238194109,1.5672376,1.4807957,1010,936,test
730,0.94362646,0.96356463,0.9572339,0.96104074,0.9534576027446453,1.5672249,1.5590942,1010,936,test
731,0.94389635,0.96226186,0.95687985,0.9612287,0.9533036586860044,1.5672121,1.5240183,1010,936,test
732,0.9434532,0.9620634,0.9567549,0.96108973,0.9532533922120504,1.5671992,1.5237741,1010,936,test
733,0.9433069,0.9640768,0.95709485,0.96127796,0.9536275853305667,1.5671862,1.5585592,1010,936,test
734,0.94310707,0.942604,0.9535706,0.950552,0.9538114713745837,1.5671731,1.4967138,1010,936,test
735,0.9430781,0.96228576,0.9557245,0.959617,0.9534846946238126,1.56716,1.5677837,1010,936,test
736,0.94314384,0.9406595,0.95344967,0.9480339,0.9534302471059131,1.5671467,1.5490428,1010,936,test
737,0.9431976,0.9387232,0.9529094,0.9474647,0.953352955260391,1.5671333,1.5266174,1010,936,test
738,0.943062,0.9626524,0.9554485,0.9589118,0.9537017969272855,1.5671198,1.5954521,1010,936,test
739,0.94271356,0.9343188,0.9526179,0.9447299,0.9533062809474547,1.5671064,1.5379359,1010,936,test
740,0.94240093,0.9592271,0.95466053,0.9570625,0.9536287569157598,1.5670927,1.5882968,1010,936,test
741,0.9424884,0.9405947,0.95313406,0.9486549,0.9539332531562664,1.5670788,1.5219495,1010,936,test
742,0.9424044,0.9419196,0.95368886,0.94944537,0.9542617579030543,1.567065,1.5252715,1010,936,test
743,0.94253325,0.93510145,0.95496476,0.946046,0.9540719499231187,1.567051,1.5337353,1010,936,test
744,0.9430831,0.9402303,0.952379,0.94809055,0.9537207651155396,1.567037,1.5262569,1010,936,test
745,0.94291717,0.9459629,0.95084155,0.95080435,0.9534114422637363,1.5670228,1.518594,1010,936,test
746,0.9432154,0.9594734,0.95355153,0.95843947,0.9529843036200863,1.5670085,1.5317303,1010,936,test
747,0.94257635,0.9560667,0.9536483,0.95733976,0.9530826985961397,1.5669941,1.5080966,1010,936,test
748,0.94245046,0.9559454,0.95451283,0.9565182,0.9530499410341786,1.5669795,1.545667,1010,936,test
749,0.94275343,0.9376495,0.94947046,0.9468223,0.9530198087659455,1.566965,1.4874568,1010,936,test
750,0.9426249,0.95690084,0.9528087,0.95736504,0.9530107323700726,1.5669502,1.5128839,1010,936,test
751,0.9421453,0.9589025,0.9543453,0.9589313,0.9528326289338049,1.5669353,1.512786,1010,936,test
752,0.94192266,0.9342513,0.9527347,0.9460012,0.9528227378731662,1.5669204,1.4920481,1010,936,test
753,0.94157994,0.94167966,0.95118344,0.9498538,0.9529841122058632,1.5669053,1.4749383,1010,936,test
754,0.9411861,0.94681484,0.9533304,0.9527627,0.9526854532999145,1.5668901,1.4938852,1010,936,test
755,0.94111,0.95955247,0.9551438,0.9605802,0.952512127758687,1.5668747,1.4743804,1010,936,test
756,0.94105035,0.96349156,0.9557953,0.96138716,0.9528360698940571,1.5668594,1.5284512,1010,936,test
757,0.94084764,0.9616475,0.9546716,0.9600141,0.9529814047031153,1.5668437,1.5295695,1010,936,test
758,0.94082755,0.937209,0.9505024,0.94772434,0.9534267469446893,1.5668281,1.4579035,1010,936,test
759,0.94024575,0.9354807,0.95129615,0.94712996,0.953871690181169,1.5668123,1.4559978,1010,936,test
760,0.940165,0.9559697,0.95277584,0.956905,0.9536496636205741,1.5667963,1.5114485,1010,936,test
761,0.9400601,0.96146524,0.9551854,0.9608867,0.9537802133104418,1.5667803,1.5007098,1010,936,test
762,0.94042534,0.93944544,0.95195955,0.94828975,0.9536261846261396,1.5667641,1.4989477,1010,936,test
763,0.94036275,0.93473417,0.95162445,0.94653356,0.9536387876015848,1.5667478,1.4678372,1010,936,test
764,0.9401263,0.9610635,0.9546899,0.959831,0.9537867595094629,1.5667313,1.5253706,1010,936,test
765,0.9400327,0.9364041,0.9494087,0.947557,0.9535694887485128,1.5667148,1.4340132,1010,936,test
766,0.93978465,0.9345094,0.9508841,0.94655395,0.9539996836392585,1.566698,1.4531913,1010,936,test
767,0.9397303,0.9348713,0.9495007,0.9465426,0.9541573408125087,1.5666811,1.4431894,1010,936,test
768,0.9395231,0.942294,0.95062244,0.95232713,0.954322551735355,1.5666641,1.3839022,1010,936,test
769,0.93952066,0.96093225,0.9545964,0.9620316,0.9540182350067734,1.5666469,1.4396988,1010,936,test
770,0.93906873,0.96119153,0.95478,0.96167326,0.954040567932511,1.5666296,1.4609672,1010,936,test
771,0.93958193,0.96174467,0.95397425,0.96200454,0.9538413576664947,1.5666122,1.4491242,1010,936,test
772,0.9396361,0.9378772,0.95043135,0.94981825,0.95385631035751,1.5665947,1.388793,1010,936,test
773,0.93914163,0.96097636,0.9551313,0.9623982,0.9541173402270701,1.566577,1.4333173,1010,936,test
774,0.9390473,0.9404445,0.9533119,0.95154524,0.9543223980909463,1.5665591,1.4122959,1010,936,test
775,0.9389663,0.9343405,0.9506589,0.9478643,0.9543160036759252,1.5665411,1.3955483,1010,936,test
776,0.9392654,0.9379885,0.9493128,0.9489379,0.9545238050545606,1.5665228,1.4113588,1010,936,test
777,0.93924683,0.9418195,0.94747096,0.95101595,0.9549046608191248,1.5665045,1.3841741,1010,936,test
778,0.93877625,0.94439006,0.9524406,0.9528034,0.9545102238495591,1.566486,1.4328874,1010,936,test
779,0.93904793,0.9567678,0.9525085,0.9592346,0.954223631276091,1.5664674,1.4364371,1010,936,test
780,0.9384406,0.95777833,0.95231867,0.95971763,0.9540085345260089,1.5664486,1.4358044,1010,936,test
781,0.9379075,0.93755585,0.9499134,0.9493971,0.9544214514709037,1.5664295,1.3919678,1010,936,test
782,0.93780744,0.9531739,0.95250523,0.9569979,0.9548101169654727,1.5664104,1.4499189,1010,936,test
783,0.937896,0.9351225,0.95035434,0.94795763,0.9551354123553878,1.5663911,1.404202,1010,936,test
784,0.93763673,0.9374091,0.9512735,0.9487146,0.9550675437032721,1.5663716,1.4338566,1010,936,test
785,0.9376829,0.9614835,0.9531245,0.96152675,0.9549344855987292,1.5663519,1.4513063,1010,936,test
786,0.93679947,0.95994437,0.9529047,0.9605049,0.9547131874652439,1.5663321,1.456713,1010,936,test
787,0.93669856,0.95807374,0.9526737,0.960014,0.9549607293446685,1.5663121,1.4349216,1010,936,test
788,0.93721694,0.9440171,0.95073533,0.953266,0.9548386726112648,1.5662918,1.3841016,1010,936,test
789,0.9365236,0.9601498,0.95227444,0.9606776,0.9543545876503039,1.5662714,1.4461691,1010,936,test
790,0.9363998,0.95931935,0.952642,0.95977104,0.9545502205737713,1.5662509,1.4687665,1010,936,test
791,0.9362425,0.93919945,0.9489577,0.9497098,0.9544895477652664,1.5662302,1.4012877,1010,936,test
792,0.9366306,0.9397669,0.94849104,0.9495046,0.9542898243341622,1.5662092,1.4150769,1010,936,test
793,0.9363356,0.9371252,0.94807106,0.9481021,0.9536235953768251,1.5661881,1.4099846,1010,936,test
794,0.93586826,0.95927775,0.9522484,0.9593904,0.9534899088131341,1.5661668,1.4772905,1010,936,test
795,0.9361336,0.9377521,0.94904363,0.9490104,0.9535104498679094,1.5661452,1.399943,1010,936,test
796,0.93592775,0.9552913,0.9508294,0.9582095,0.953689333101799,1.5661235,1.4243277,1010,936,test
797,0.93552107,0.9585264,0.95242,0.95956016,0.9537478093909159,1.5661016,1.4582087,1010,936,test
798,0.9353786,0.94134796,0.9498676,0.95102274,0.9535616179679284,1.5660794,1.4061588,1010,936,test
799,0.93544483,0.942713,0.95098007,0.9521272,0.9537755491487702,1.566057,1.4055995,1010,936,test
800,0.93540543,0.9379351,0.9471043,0.9483688,0.9536867404448847,1.5660344,1.40347,1010,936,test
801,0.934925,0.9401479,0.9491817,0.9503274,0.9532806550760431,1.5660117,1.3995519,1010,936,test
802,0.9350313,0.9315827,0.9476079,0.94567823,0.9529832408701745,1.5659887,1.3838968,1010,936,test
803,0.93513316,0.95673585,0.95147324,0.958436,0.9526795379199804,1.5659654,1.4531932,1010,936,test
804,0.93506235,0.9552061,0.9514821,0.9583181,0.9524362286953275,1.565942,1.4268657,1010,936,test
805,0.9349264,0.95751774,0.9515897,0.95915437,0.9522910389738763,1.5659183,1.44286,1010,936,test
806,0.93493927,0.9330665,0.9466741,0.9458287,0.9518458881465253,1.5658944,1.3967386,1010,936,test
807,0.9343042,0.9349205,0.9486942,0.94739044,0.9511680961608178,1.5658703,1.4004114,1010,936,test
808,0.93436766,0.93648624,0.94967127,0.94840074,0.9511912105798765,1.5658458,1.4060528,1010,936,test
809,0.9342457,0.9381838,0.94632065,0.9485283,0.9508179556313678,1.5658213,1.3918117,1010,936,test
810,0.9335114,0.9363988,0.94769835,0.94793046,0.950417146080261,1.5657964,1.3966117,1010,936,test
811,0.9341369,0.9590388,0.9523307,0.96055055,0.9503961793077246,1.5657712,1.4292672,1010,936,test
812,0.9335047,0.9406944,0.9452146,0.9500325,0.9503221173861814,1.5657458,1.3692938,1010,936,test
813,0.93315816,0.9393152,0.94735104,0.9494922,0.9502607130534858,1.5657202,1.390877,1010,936,test
814,0.9335265,0.95835,0.9508786,0.95900035,0.9498042074555749,1.5656943,1.4563667,1010,936,test
815,0.93284833,0.9387727,0.94774437,0.9492923,0.9499489133950606,1.5656682,1.3927372,1010,936,test
816,0.9328862,0.9307699,0.94416296,0.94447577,0.950099348052536,1.5656418,1.3683633,1010,936,test
817,0.93248755,0.9328282,0.94613636,0.9452926,0.9498722669872823,1.565615,1.4059237,1010,936,test
818,0.932164,0.9576535,0.95210993,0.9595797,0.9496078657540499,1.565588,1.4359015,1010,936,test
819,0.93203884,0.934189,0.945831,0.94639814,0.9493109582382899,1.5655608,1.3862555,1010,936,test
820,0.9322523,0.94054496,0.94734275,0.95063555,0.9493896158832924,1.5655332,1.3705798,1010,936,test
821,0.93135554,0.93343043,0.9431832,0.9455937,0.9490766174247784,1.5655054,1.3665494,1010,936,test
822,0.9319967,0.94106436,0.9473201,0.9508215,0.9490222908604706,1.5654773,1.3738452,1010,936,test
823,0.9313804,0.95768905,0.95058346,0.95970726,0.949139692307623,1.5654488,1.4116244,1010,936,test
824,0.9316301,0.9322549,0.94340134,0.94518197,0.9490536847425757,1.56542,1.3609903,1010,936,test
825,0.931153,0.9292468,0.94522226,0.9439807,0.948900813329927,1.565391,1.3702961,1010,936,test
826,0.93115157,0.93735325,0.94896317,0.9495028,0.9485568717915398,1.5653616,1.3703948,1010,936,test
827,0.930979,0.9307599,0.94567275,0.945205,0.9482392005200468,1.5653319,1.3589333,1010,936,test
828,0.93088406,0.9330458,0.9439819,0.9457778,0.9478014720849898,1.5653019,1.361636,1010,936,test
829,0.930285,0.92957294,0.94405866,0.9441129,0.9478031701497517,1.5652715,1.3558323,1010,936,test
830,0.9302616,0.9341426,0.9431899,0.94678295,0.947822365804743,1.5652409,1.3325686,1010,936,test
831,0.9301963,0.9573602,0.9506192,0.959239,0.9479121813814638,1.5652097,1.4237508,1010,936,test
832,0.9303071,0.95711553,0.94973135,0.9588313,0.9475675947077505,1.5651784,1.42306,1010,936,test
833,0.9297559,0.9295637,0.9409885,0.9427775,0.9471948073267565,1.5651467,1.3682595,1010,936,test
834,0.9296206,0.95638704,0.9493521,0.9570985,0.9469091170948953,1.5651146,1.4700484,1010,936,test
835,0.92963874,0.9559959,0.9493567,0.95721805,0.9465969433943391,1.5650821,1.4578214,1010,936,test
836,0.92952716,0.9337436,0.9452993,0.94551826,0.9463162135558183,1.5650493,1.4049774,1010,936,test
837,0.9297544,0.9364834,0.94683117,0.9473195,0.946422228429946,1.565016,1.4111434,1010,936,test
838,0.92975044,0.9369875,0.94524705,0.9475795,0.9462683308680317,1.5649824,1.3901632,1010,936,test
839,0.9293132,0.9536881,0.9489797,0.9555893,0.9461793608539883,1.5649484,1.4688497,1010,936,test
840,0.92876554,0.93239975,0.9427258,0.9436796,0.9463243403708146,1.564914,1.4155624,1010,936,test
841,0.92838156,0.93053025,0.9429396,0.9431726,0.9462264772638459,1.5648792,1.3994241,1010,936,test
842,0.92833453,0.95508194,0.949234,0.9566181,0.9459445107825177,1.564844,1.4608351,1010,936,test
843,0.928299,0.9353769,0.94481397,0.9459559,0.945702141261562,1.5648084,1.4152765,1010,936,test
844,0.927577,0.9336431,0.94316196,0.9445567,0.9458928483375141,1.5647722,1.4125853,1010,936,test
845,0.92750263,0.93087465,0.9399271,0.9427031,0.9457652064643389,1.5647358,1.3849623,1010,936,test
846,0.92719775,0.93307066,0.94535136,0.9454732,0.9457643741594387,1.5646988,1.3933017,1010,936,test
847,0.9272559,0.93583786,0.9426578,0.9460335,0.9455107970589536,1.5646614,1.3930849,1010,936,test
848,0.9262481,0.9294641,0.94009113,0.9425272,0.9455179805817423,1.5646236,1.3640109,1010,936,test
849,0.92636955,0.92632115,0.93939936,0.9407494,0.9454528450784784,1.5645852,1.3593616,1010,936,test
850,0.9263417,0.9311036,0.94231915,0.94342875,0.9452541006545757,1.5645465,1.3929299,1010,936,test
851,0.9261869,0.9338299,0.94386303,0.9457481,0.9450489527323194,1.5645071,1.3781823,1010,936,test
852,0.92622674,0.93485725,0.94350016,0.94657505,0.9450855546824868,1.5644673,1.3614534,1010,936,test
853,0.9259204,0.93273914,0.9426343,0.9454907,0.9447987014519356,1.564427,1.3480451,1010,936,test
854,0.92537934,0.93024695,0.9403319,0.9433422,0.9445721234126758,1.5643861,1.3506615,1010,936,test
855,0.9251345,0.9307852,0.94071853,0.94379485,0.9442092174419546,1.5643448,1.3490202,1010,936,test
856,0.92495453,0.9305862,0.9396547,0.9436103,0.9440229548913966,1.5643029,1.3373529,1010,936,test
857,0.92472935,0.93278176,0.94166696,0.94542587,0.9441049363205813,1.5642605,1.3380563,1010,936,test
858,0.9246569,0.93655103,0.94280076,0.94761515,0.9442166041030535,1.5642174,1.3454952,1010,936,test
859,0.92439234,0.9326107,0.94208944,0.94561636,0.9439615064786164,1.5641739,1.3321629,1010,936,test
860,0.92417747,0.93394566,0.9431349,0.94661677,0.9438934642981264,1.5641297,1.3344374,1010,936,test
861,0.9238128,0.9320524,0.9413192,0.94482064,0.9437580274675126,1.564085,1.3424616,1010,936,test
862,0.92374235,0.9306475,0.9426692,0.94527733,0.9436894478556114,1.5640397,1.3106105,1010,936,test
863,0.9239983,0.9546518,0.9478065,0.9576247,0.9437240142563293,1.5639937,1.3940693,1010,936,test
864,0.92381465,0.92782485,0.9383584,0.9419749,0.9437062757957775,1.5639471,1.3264765,1010,936,test
865,0.9234427,0.9545597,0.94939774,0.95839226,0.9439688703881813,1.5638999,1.3826057,1010,936,test
866,0.9229709,0.9297781,0.94205713,0.9439225,0.9439693786551826,1.563852,1.3402147,1010,936,test
867,0.9231294,0.9328501,0.9393511,0.94510126,0.9439768029591887,1.5638034,1.3202956,1010,936,test
868,0.92251354,0.93070686,0.9395921,0.94394267,0.944112302784496,1.5637542,1.3250144,1010,936,test
869,0.9227084,0.93092686,0.9410851,0.9443407,0.9442603542525387,1.5637043,1.3343477,1010,936,test
870,0.9220966,0.92774624,0.9397626,0.9428375,0.9443605676205092,1.5636536,1.3077918,1010,936,test
871,0.92204636,0.9291508,0.93918085,0.9426644,0.9441552869260681,1.5636022,1.338624,1010,936,test
872,0.9215712,0.9349641,0.9392172,0.94639814,0.9440944298668604,1.5635501,1.3104172,1010,936,test
873,0.920868,0.92954093,0.9382347,0.94306004,0.9446333356480083,1.5634972,1.3169498,1010,936,test
874,0.9208444,0.9258466,0.9387168,0.9414264,0.945070727543433,1.5634435,1.3103178,1010,936,test
875,0.92041993,0.92977667,0.93922824,0.94387543,0.9453634713745656,1.5633891,1.3013841,1010,936,test
876,0.9202711,0.9274683,0.93535864,0.94223034,0.9456858693838994,1.5633337,1.2624414,1010,936,test
877,0.919987,0.9245255,0.9299034,0.93884814,0.9459903111001094,1.5632777,1.2622952,1010,936,test
878,0.9196641,0.9293128,0.93915045,0.94528997,0.9463035662329727,1.5632207,1.2245018,1010,936,test
879,0.9195003,0.92769575,0.93737555,0.9437169,0.9464547989546406,1.5631629,1.2304491,1010,936,test
880,0.91953516,0.9316496,0.9355252,0.94660234,0.9465433374239813,1.5631042,1.1605318,1010,936,test
881,0.91899526,0.92802346,0.93048584,0.94325674,0.9465969672151354,1.5630445,1.1473534,1010,936,test
882,0.9184064,0.9319817,0.9367137,0.94826376,0.9466240143634803,1.562984,1.1028392,1010,936,test
883,0.9183451,0.9363818,0.9341054,0.9504535,0.9466959955484244,1.5629225,1.0603586,1010,936,test
884,0.9179002,0.9299537,0.93810797,0.94894564,0.9468002938428048,1.56286,1.0288492,1010,936,test
885,0.9178168,0.9259129,0.9383386,0.94618833,0.946681816620177,1.5627965,1.0706362,1010,936,test
886,0.91727084,0.9314523,0.9343878,0.9492053,0.9466864178627599,1.562732,0.98374045,1010,936,test
887,0.9175284,0.92811906,0.9356458,0.94727623,0.9465712192992684,1.5626664,1.0215014,1010,936,test
888,0.9171682,0.92460144,0.9357523,0.94618106,0.9465416639090589,1.5625998,0.97587454,1010,936,test
889,0.9165062,0.93018067,0.93622065,0.9492091,0.9463276777178921,1.5625321,0.9799656,1010,936,test
890,0.9165226,0.9294681,0.9366146,0.9498787,0.9460219498244701,1.5624632,0.91734254,1010,936,test
891,0.9159294,0.9279912,0.9338952,0.9486034,0.9457196099060943,1.5623932,0.88690865,1010,936,test
892,0.9163606,0.92728895,0.93415886,0.9482037,0.9453028599271586,1.5623219,0.8959082,1010,936,test
893,0.9158699,0.92456734,0.9354918,0.946767,0.9450176770064421,1.5622495,0.9288493,1010,936,test
894,0.91556966,0.92634046,0.93161464,0.94702435,0.9446461354892963,1.5621759,0.8829894,1010,936,test
895,0.915491,0.9241227,0.9379481,0.94768524,0.9441876801016642,1.5621009,0.90505046,1010,936,test
896,0.9154408,0.9525827,0.9470375,0.9572793,0.9437065147003848,1.5620246,1.353143,1010,936,test
897,0.9147549,0.95275366,0.9479549,0.95716345,0.9431589305077993,1.561947,1.3743689,1010,936,test
898,0.91478616,0.9273461,0.9273964,0.93774056,0.9427120768445064,1.561868,1.3390913,1010,936,test
899,0.9123728,0.92592454,0.9228478,0.9356768,0.9421087995536893,1.5617876,1.3298508,1010,936,test
900,0.9126853,0.9230783,0.9294902,0.9361862,0.9414936269341183,1.5617057,1.3393441,1010,936,test
901,0.9125349,0.9216635,0.93053436,0.93533933,0.9409212388631165,1.5616223,1.3581858,1010,936,test
902,0.91183144,0.922421,0.9325414,0.9363079,0.94035571259374,1.5615374,1.3625954,1010,936,test
903,0.9116888,0.92155457,0.9305928,0.93524873,0.9396948993358397,1.5614508,1.3603685,1010,936,test
904,0.9111977,0.9289614,0.9280515,0.93832326,0.9391297711211024,1.5613626,1.3595716,1010,936,test
905,0.91136825,0.92305636,0.9334556,0.9368664,0.9385434734410438,1.5612729,1.3660766,1010,936,test
906,0.91091126,0.923236,0.9329839,0.9368049,0.9381306518306389,1.5611812,1.3659861,1010,936,test
907,0.9105419,0.92140365,0.93182296,0.9357997,0.9376630371225719,1.5610878,1.3513588,1010,936,test
908,0.9103705,0.9214169,0.9273057,0.9343519,0.9374380013543393,1.5609927,1.3486406,1010,936,test
909,0.9099952,0.9193036,0.9294263,0.93400645,0.9372707745229953,1.5608957,1.3462343,1010,936,test
910,0.9090235,0.9244531,0.9363793,0.9386569,0.9371482585088627,1.5607966,1.3631786,1010,936,test
911,0.90884584,0.92024827,0.9306133,0.93460715,0.9369187858620844,1.5606956,1.358642,1010,936,test
912,0.9084562,0.9224483,0.92769504,0.9357134,0.9367988346797343,1.5605927,1.319589,1010,936,test
913,0.9081613,0.9166209,0.9261905,0.93177617,0.9366521629304883,1.5604874,1.3345547,1010,936,test
914,0.90754634,0.9243908,0.92694867,0.9362266,0.9365456601647539,1.56038,1.330763,1010,936,test
915,0.9073078,0.9242218,0.92297447,0.9352293,0.936644061820999,1.5602704,1.3123076,1010,936,test
916,0.90737164,0.9227514,0.92655814,0.93622637,0.9369827636724697,1.5601584,1.2874672,1010,936,test
917,0.90710187,0.9274733,0.92743516,0.9390563,0.9371739444776979,1.560044,1.2855726,1010,936,test
918,0.90701526,0.9184714,0.92754793,0.9351593,0.9373590637137202,1.5599272,1.2485199,1010,936,test
919,0.9065876,0.91762006,0.93048406,0.93609464,0.9374765230279655,1.5598078,1.229973,1010,936,test
920,0.90619713,0.9222838,0.92418504,0.9389633,0.937744787969037,1.5596857,1.1020731,1010,936,test
921,0.9058455,0.9175303,0.9260496,0.93786216,0.9380355038570657,1.5595609,1.0581914,1010,936,test
922,0.90526915,0.9214225,0.92011833,0.93949807,0.9387391327234567,1.5594332,0.96019703,1010,936,test
923,0.9052458,0.91701686,0.9254763,0.939957,0.9396003995676724,1.5593026,0.8910533,1010,936,test
924,0.9044267,0.9185631,0.9261401,0.9424286,0.9398556175948692,1.5591689,0.77069074,1010,936,test
925,0.90408295,0.92014116,0.92001235,0.94136584,0.9400973496678496,1.5590322,0.7549227,1010,936,test
926,0.90337926,0.91674554,0.9264227,0.9426341,0.9402995953060376,1.5588921,0.6543925,1010,936,test
927,0.90272254,0.9199687,0.9162835,0.9410857,0.9405143089927596,1.5587487,0.63357747,1010,936,test
928,0.90192056,0.9173734,0.91758233,0.9405756,0.9406151898344658,1.5586019,0.57102686,1010,936,test
929,0.9011168,0.9199692,0.9225114,0.94399166,0.9406120558957146,1.5584513,0.48714048,1010,936,test
930,0.90106755,0.9167055,0.9276376,0.9441904,0.9406122494835654,1.5582969,0.42766702,1010,936,test
931,0.9006224,0.91594124,0.9227849,0.9422051,0.9405336275049541,1.5581387,0.414767,1010,936,test
932,0.90047127,0.91649175,0.91929305,0.94143975,0.9404743365078689,1.5579765,0.29615685,1010,936,test
933,0.8997761,0.9152839,0.91337943,0.9387984,0.9403123633124589,1.5578101,0.24850789,1010,936,test
934,0.8995107,0.9140681,0.9204603,0.940259,0.9400902431400754,1.5576392,0.14517544,1010,936,test
935,0.89887494,0.9146147,0.9160249,0.93859005,0.9397627069076739,1.5574638,0.045322537,1010,936,test
936,0.8986923,0.91509473,0.9214184,0.9404938,0.9394725869634869,1.5572836,0.023749739,1010,936,test
937,0.8982941,0.91653454,0.9226917,0.9411603,0.9391119303839532,1.5570985,-0.04584579,1010,936,test
938,0.89740306,0.9214393,0.91676617,0.9417902,0.9386620732859612,1.5569084,-0.037133798,1010,936,test
939,0.8971598,0.9171645,0.9218205,0.9406886,0.9380866001949769,1.5567127,-0.105400294,1010,936,test
940,0.8970465,0.91079473,0.92381734,0.9379902,0.9375640400949186,1.5565116,-0.114789546,1010,936,test
941,0.89603084,0.90505236,0.9128339,0.93126,0.9369803002586334,1.5563046,-0.13055359,1010,936,test
942,0.89576095,0.91140497,0.9158832,0.9355668,0.93639105549348,1.5560915,-0.12712605,1010,936,test
943,0.8953229,0.9134793,0.91622585,0.9363966,0.9357671743800071,1.5558721,-0.16254118,1010,936,test
944,0.894342,0.9215596,0.9081787,0.9384707,0.9349589491892616,1.555646,-0.1011198,1010,936,test
945,0.8942784,0.9110811,0.91415524,0.93461347,0.9341456450736255,1.5554129,-0.14943618,1010,936,test
946,0.8935484,0.91405123,0.9123902,0.93539083,0.933474435860583,1.5551726,-0.16560097,1010,936,test
947,0.89311516,0.90580964,0.9179017,0.93279624,0.9327414513697954,1.5549246,-0.18363836,1010,936,test
948,0.89280456,0.90590656,0.9118601,0.9296956,0.9319330181345518,1.5546687,-0.2840892,1010,936,test
949,0.89247894,0.90782046,0.91463447,0.9313077,0.9311796443189848,1.5544044,-0.30613905,1010,936,test
950,0.89253783,0.90467185,0.9116131,0.92798984,0.9304511105639555,1.5541312,-0.35928485,1010,936,test
951,0.8920554,0.90473145,0.91230476,0.92767763,0.9296399644175466,1.5538487,-0.39910024,1010,936,test
952,0.89112484,0.89895403,0.91131127,0.92387974,0.9288851364155172,1.5535567,-0.4343815,1010,936,test
953,0.8910122,0.9077692,0.9051237,0.9261228,0.9281006000998119,1.5532542,-0.44774234,1010,936,test
954,0.8901966,0.9060659,0.90952325,0.9263128,0.927256085418519,1.5529411,-0.47241467,1010,936,test
955,0.88879526,0.91041136,0.90761447,0.9273906,0.9265294322670543,1.5526165,-0.5028215,1010,936,test
956,0.88812476,0.9146844,0.90436363,0.9270315,0.9258742717743902,1.55228,-0.58572197,1010,936,test
957,0.8876113,0.9031696,0.9137311,0.92437565,0.9251845644814571,1.5519307,-0.5806938,1010,936,test
958,0.8867548,0.9080484,0.90778005,0.92466855,0.9243997782796007,1.5515679,-0.5930098,1010,936,test
959,0.8865644,0.90622807,0.9044856,0.9227662,0.9236171044763993,1.551191,-0.5876938,1010,936,test
960,0.8856447,0.9074924,0.900911,0.9232768,0.9228735282122886,1.550799,-0.5284263,1010,936,test
961,0.8851446,0.91117525,0.89992857,0.9246315,0.9220577296579969,1.550391,-0.5392826,1010,936,test
962,0.8848871,0.9040102,0.9020934,0.9208735,0.9213155502829894,1.549966,-0.58696026,1010,936,test
963,0.88396984,0.90562177,0.9062195,0.9225141,0.9205902533589436,1.549523,-0.61561716,1010,936,test
964,0.88312274,0.9020778,0.9085603,0.92009246,0.9200659351615037,1.5490606,-0.6882986,1010,936,test
965,0.88236463,0.9077188,0.9000598,0.9198955,0.9195201962166097,1.5485778,-0.7010758,1010,936,test
966,0.8819724,0.9032364,0.9048139,0.918414,0.9189087032863884,1.5480729,-0.73938054,1010,936,test
967,0.8815892,0.9018621,0.9031614,0.91687465,0.9180793647477122,1.5475447,-0.7542216,1010,936,test
968,0.88105685,0.9094856,0.89754295,0.9187062,0.9174739864637084,1.5469913,-0.7617109,1010,936,test
969,0.879179,0.91073036,0.9006462,0.9191563,0.9168965293476955,1.5464109,-0.81641513,1010,936,test
970,0.8782433,0.9062241,0.9050329,0.9181453,0.9164247536875609,1.5458015,-0.8248714,1010,936,test
971,0.87901103,0.8977199,0.9059905,0.9140979,0.9158326469517027,1.5451609,-0.829552,1010,936,test
972,0.877611,0.8987848,0.9005128,0.9128294,0.9152946456992896,1.5444866,-0.8302998,1010,936,test
973,0.8763785,0.9035851,0.90198195,0.9151038,0.914767552360136,1.5437759,-0.8573411,1010,936,test
974,0.87536776,0.89852333,0.89869416,0.91210186,0.9141996311637388,1.5430257,-0.83044505,1010,936,test
975,0.8740351,0.90119946,0.89872724,0.9123689,0.913702126326836,1.5422326,-0.87853795,1010,936,test
976,0.87337697,0.90046114,0.90050864,0.9132186,0.9131341131279443,1.541393,-0.8504175,1010,936,test
977,0.8727411,0.8989198,0.8996657,0.9118823,0.9125055492811107,1.5405025,-0.863312,1010,936,test
978,0.8728545,0.89703906,0.8972635,0.9105948,0.9117162391179023,1.5395565,-0.84384215,1010,936,test
979,0.8714047,0.8986945,0.8974084,0.91135156,0.9109075546869303,1.5385494,-0.8491827,1010,936,test
980,0.8705307,0.89868355,0.8951695,0.9105114,0.9102741001540431,1.5374753,-0.85383606,1010,936,test
981,0.86944443,0.89346457,0.89801735,0.9083402,0.9096908091083716,1.5363272,-0.87548816,1010,936,test
982,0.8679246,0.8925854,0.8971249,0.9073695,0.9090866056308498,1.5350972,-0.8860322,1010,936,test
983,0.86775464,0.9004066,0.893063,0.909811,0.9083264594638474,1.5337762,-0.89227915,1010,936,test
984,0.86745113,0.89248663,0.89645934,0.90695345,0.9075530696775408,1.5323538,-0.8925725,1010,936,test
985,0.86654806,0.8945713,0.8925984,0.90677714,0.9067664362719479,1.5308176,-0.89082223,1010,936,test
986,0.8651834,0.89640236,0.8925215,0.9075351,0.9059665592470686,1.5291537,-0.8965857,1010,936,test
987,0.86415327,0.89596975,0.8911824,0.9072318,0.9051534386029031,1.5273454,-0.8813052,1010,936,test
988,0.8644055,0.898861,0.8904355,0.90818286,0.9043270743394511,1.5253731,-0.89224994,1010,936,test
989,0.86264664,0.88751304,0.89287436,0.90280926,0.903487466456713,1.5232133,-0.9137644,1010,936,test
990,0.86192155,0.8885269,0.8929112,0.9029808,0.9026346149546884,1.5208379,-0.9287265,1010,936,test
991,0.8607836,0.89210343,0.8866438,0.9029926,0.9017685198333777,1.5182133,-0.91718733,1010,936,test
992,0.86095434,0.89185,0.88996637,0.9035232,0.9008891810927806,1.5152978,-0.9354627,1010,936,test
993,0.8598638,0.8856294,0.89104056,0.89978945,0.8999965987328971,1.5120405,-0.9766551,1010,936,test
994,0.85897803,0.88547325,0.88988775,0.8996129,0.8990907727537273,1.5083776,-0.9650693,1010,936,test
995,0.85779977,0.8846792,0.8884835,0.89848566,0.8981717031552713,1.5042281,-0.97651345,1010,936,test
996,0.8570163,0.8883489,0.8864181,0.8991711,0.8972393899375288,1.4994888,-0.9960686,1010,936,test
997,0.85593265,0.8883353,0.8849498,0.8985611,0.8962938331005001,1.4940244,-1.001203,1010,936,test
998,0.85399324,0.8828604,0.8856755,0.8958192,0.8953350326441851,1.487655,-1.011434,1010,936,test
999,0.85314894,0.877349,0.88934445,0.893561,0.8943629885685838,1.4801364,-1.0401368,1010,936,test
1000,0.85198843,0.8776255,0.88376063,0.8920064,0.8933777008736962,1.4711276,-1.0350568,1010,936,test
1001,0.8518214,0.87355995,0.88547707,0.8900901,0.8923791695595221,1.4601392,-1.0532039,1010,936,test
1002,0.8504752,0.8767314,0.8803822,0.89064467,0.8913673946260618,1.4464413,-1.0274901,1010,936,test
1003,0.8499632,0.87740695,0.8817699,0.8910867,0.8903423760733152,1.4288993,-1.0416392,1010,936,test
1004,0.8489028,0.88182783,0.88033235,0.8931234,0.8893041139012824,1.4056476,-1.0293983,1010,936,test
1005,0.8479906,0.87019706,0.8806258,0.88656473,0.8882526081099631,1.3734008,-1.0640141,1010,936,test
1006,0.84725946,0.8667133,0.8800609,0.88473856,0.8871878586993576,1.3258177,-1.0600965,1010,936,test
1007,0.8454838,0.866127,0.8789669,0.8840327,0.8861098656694657,1.2490457,-1.0623852,1010,936,test
1008,0.8456236,0.9127894,0.91912854,0.92276037,0.9227603673934937,1.1071488,-0.96223235,1010,936,test
1009,0.8452884,0.9194715,0.9362376,0.93105316,0.9310531616210938,0.7853982,-0.9833026,1010,936,test
1010,0.8448318,0.8678832,0.8770884,0.8858924,0.885892391204834,-0.0,-0.9964596,1010,936,test
1011,0.8438794,0.91274023,0.9325161,0.92794204,0.9279420375823975,-0.7853982,-0.9261282,1010,936,test
1012,0.8439799,0.86482584,0.875882,0.88500106,0.8850010633468628,-1.1071488,-0.9520238,1010,936,test
1013,0.84319437,0.9172529,0.93138754,0.9302213,0.9302213191986084,-1.2490457,-0.9094298,1010,936,test
1014,0.84349686,0.8640585,0.87531686,0.88493824,0.8849382400512695,-1.3258177,-0.92971855,1010,936,test
1015,0.8426721,0.9229653,0.9373066,0.93549013,0.9354901313781738,-1.3734008,-0.88749903,1010,936,test
1016,0.8426476,0.9180877,0.92165124,0.9286454,0.9286453723907471,-1.4056476,-0.8606169,1010,936,test
1017,0.8421097,0.906567,0.917246,0.92206025,0.9220602512359619,-1.4288993,-0.8350415,1010,936,test
1018,0.84189224,0.8676578,0.8744099,0.8880006,0.8880006074905396,-1.4464413,-0.8596924,1010,936,test
1019,0.84147435,0.9046943,0.9078145,0.91936505,0.9244939122881203,-1.4601392,-0.77541935,1010,936,test
1020,0.84147173,0.90715396,0.9126533,0.92223024,0.9082088811056949,-1.4711276,-0.7727841,1010,936,test
1021,0.8411844,0.8600087,0.8730773,0.8850976,0.896388527325221,-1.4801364,-0.79277253,1010,936,test
1022,0.840662,0.8694172,0.87312937,0.890066,0.8850686277662001,-1.487655,-0.7835766,1010,936,test
1023,0.8404049,0.86445546,0.8729711,0.8875071,0.8826479298727847,-1.4940244,-0.78333867,1010,936,test
1024,0.8397031,0.8737389,0.8723897,0.8860954,0.8893578801836275,-1.4994888,-1.0457631,1010,936,test
1025,0.8394119,0.9237021,0.92627937,0.9286431,0.9286431074142456,-1.5042281,-1.0335476,1010,936,test
1026,0.83914286,0.85713845,0.871668,0.8767214,0.8767213821411133,-1.5083776,-1.080133,1010,936,test
1027,0.8388864,0.8584511,0.8712132,0.8773556,0.8773555755615234,-1.5120405,-1.0749974,1010,936,test
1028,0.83831936,0.90041655,0.91300863,0.9124594,0.9124593734741211,-1.5152978,-1.0493268,1010,936,test
1029,0.8385459,0.8621997,0.87065923,0.8784107,0.8784106969833374,-1.5182133,-1.100681,1010,936,test
1030,0.8379426,0.9095764,0.8992982,0.91221964,0.9092684677668977,-1.5208379,-1.0623603,1010,936,test
1031,0.8376165,0.86988926,0.86966926,0.88140917,0.887793592044285,-1.5232133,-1.120914,1010,936,test
1032,0.8370461,0.86206555,0.869296,0.87713194,0.8756857224873129,-1.5253731,-1.1311002,1010,936,test
1033,0.83650553,0.8626989,0.8686319,0.877401,0.8769891091755454,-1.5273454,-1.1243973,1010,936,test
1034,0.83635336,0.8627293,0.8683883,0.8771019,0.8762917791094094,-1.5291537,-1.1336424,1010,936,test
1035,0.83475053,0.862308,0.8670633,0.87592554,0.8763992479869293,-1.5308176,-1.1545196,1010,936,test
1036,0.83444035,0.90093386,0.89995337,0.9076899,0.9076899290084839,-1.5323538,-1.0804561,1010,936,test
1037,0.83370614,0.90154123,0.89156467,0.9052305,0.9052305221557617,-1.5337762,-1.0820904,1010,936,test
1038,0.8321878,0.9133289,0.8794394,0.9075872,0.9075871706008911,-1.5350972,-1.0640906,1010,936,test
