cycle_index,true_soh,pred_soh_deepopinn,pred_soh_lax,pred_soh_fusion_raw,pred_soh_fusion_post,true_kpd,pred_kpd,true_knee_cycle,pred_knee_cycle,split
0,0.9843011,0.9874798,0.989706,0.9808017,0.9807081037099774,1.5702046,1.4808104,1690,1701,train
1,0.984573,0.9868785,0.9896666,0.98048955,0.980723471991037,1.5702043,1.4813148,1690,1701,train
2,0.98516726,0.98755753,0.98966277,0.9808028,0.9807379483711716,1.5702039,1.4773839,1690,1701,train
3,0.98519516,0.9877516,0.9896332,0.98063576,0.9807515328503807,1.5702035,1.4457557,1690,1701,train
4,0.9852561,0.98755574,0.9896345,0.9808126,0.9807642254286647,1.5702032,1.4795351,1690,1701,train
5,0.985417,0.9878222,0.9896196,0.9809167,0.9807760261060234,1.5702028,1.4760921,1690,1701,train
6,0.9871002,0.9879669,0.9896369,0.9809531,0.9807869348824568,1.5702025,1.4710062,1690,1701,train
7,0.98705894,0.9873409,0.9896146,0.98060906,0.9807969517579651,1.5702021,1.4686403,1690,1701,train
8,0.986866,0.9876071,0.9895742,0.98087746,0.980806076732548,1.5702018,1.4860573,1690,1701,train
9,0.98685616,0.98774606,0.98957855,0.98080504,0.9808143098062058,1.5702014,1.4684192,1690,1701,train
10,0.9868573,0.9866151,0.9895706,0.9804702,0.9808216509789384,1.570201,1.4982269,1690,1701,train
11,0.98694754,0.9870876,0.9895847,0.9807965,0.9808281002507456,1.5702007,1.5082434,1690,1701,train
12,0.98689526,0.9870188,0.9894977,0.98036355,0.9808336576216276,1.5702003,1.4622052,1690,1701,train
13,0.9868701,0.98687506,0.9894947,0.9804736,0.9808383230915844,1.5702,1.4847045,1690,1701,train
14,0.98685026,0.9875788,0.98954314,0.98114777,0.980842096660616,1.5701996,1.5217943,1690,1701,train
15,0.986879,0.98719025,0.98949146,0.9804615,0.9808449783287222,1.5701994,1.4636729,1690,1701,train
16,0.98689437,0.98699737,0.9894731,0.98076284,0.9808469680959033,1.570199,1.5130793,1690,1701,train
17,0.987024,0.9868157,0.98945403,0.98073226,0.9808480659621591,1.5701987,1.5212266,1690,1701,train
18,0.9870964,0.9873837,0.9894804,0.9811745,0.9808482719274897,1.5701983,1.539103,1690,1701,train
19,0.9871386,0.98669124,0.98941255,0.98058915,0.980847585991895,1.5701979,1.5127401,1690,1701,train
20,0.98710257,0.98758566,0.98940444,0.9808621,0.980846008155375,1.5701976,1.4905846,1690,1701,train
21,0.98707306,0.98763365,0.98941326,0.9811117,0.9808435384179299,1.5701972,1.5178367,1690,1701,train
22,0.9870569,0.9879052,0.9893739,0.98094416,0.9808401767795596,1.5701967,1.4816124,1690,1701,train
23,0.9870863,0.9876328,0.9893565,0.9808345,0.9808359232402639,1.5701964,1.4856946,1690,1701,train
24,0.9871549,0.9875129,0.989336,0.9808691,0.980830777800043,1.570196,1.4980161,1690,1701,train
25,0.98708534,0.98765177,0.9893619,0.9810421,0.9808247404588774,1.5701957,1.5097349,1690,1701,train
26,0.9871213,0.98778605,0.98936653,0.98109674,0.9808170421036526,1.5701953,1.5079031,1690,1701,train
27,0.9871019,0.9877665,0.9892858,0.980666,0.9808060763543524,1.570195,1.4588848,1690,1701,train
28,0.98704183,0.98723185,0.98929095,0.9806491,0.9808113052392854,1.5701946,1.489997,1690,1701,train
29,0.987064,0.9877657,0.98929673,0.9809602,0.9808009266961143,1.5701942,1.4945716,1690,1701,train
30,0.9870332,0.9878583,0.9892939,0.9809957,0.9807958936928163,1.5701939,1.4932227,1690,1701,train
31,0.9870631,0.98759484,0.9892941,0.98116034,0.9807783311853809,1.5701935,1.5297586,1690,1701,train
32,0.98707926,0.98761463,0.9892453,0.981103,0.9807718276475116,1.5701932,1.5229722,1690,1701,train
33,0.9871332,0.9875332,0.9892423,0.9809968,0.9807497178399058,1.5701928,1.5151492,1690,1701,train
34,0.9871672,0.98751265,0.9892062,0.9808157,0.9807447804046612,1.5701925,1.4953855,1690,1701,train
35,0.98717976,0.98791456,0.98919314,0.9810041,0.9807271839170834,1.5701921,1.4937408,1690,1701,train
36,0.9872181,0.9873134,0.9891895,0.98076695,0.9807021854868604,1.5701917,1.5023441,1690,1701,train
37,0.98729444,0.98683083,0.98917156,0.98035765,0.9806802655111853,1.5701914,1.4829276,1690,1701,train
38,0.9872253,0.986637,0.9891394,0.9802969,0.9806522367769875,1.570191,1.4885561,1690,1701,train
39,0.9872109,0.98633665,0.9891311,0.98004824,0.9806137022425075,1.5701907,1.47714,1690,1701,train
40,0.98728037,0.98719585,0.9891472,0.98075116,0.9805997764541023,1.5701903,1.5089948,1690,1701,train
41,0.9871701,0.98664117,0.9890884,0.9801406,0.9805582414523972,1.57019,1.4707196,1690,1701,train
42,0.987135,0.986516,0.9890966,0.9802543,0.9805354880809578,1.5701895,1.4921622,1690,1701,train
43,0.9871209,0.9865416,0.9890833,0.9803151,0.9805107994966019,1.5701891,1.4983914,1690,1701,train
44,0.987085,0.9878091,0.98907185,0.9808458,0.9804923313358155,1.5701888,1.4845837,1690,1701,train
45,0.987033,0.98742455,0.9890225,0.9803315,0.9804822264982428,1.5701884,1.4471734,1690,1701,train
46,0.9870521,0.98701775,0.989003,0.9803007,0.980473834483147,1.570188,1.4693509,1690,1701,train
47,0.9870074,0.9874491,0.98899716,0.98048174,0.9804793932639727,1.5701877,1.4647595,1690,1701,train
48,0.987029,0.98772705,0.9890183,0.9810379,0.980477178950542,1.5701873,1.5147885,1690,1701,train
49,0.98713374,0.9871403,0.98897165,0.9805336,0.9804785899587728,1.570187,1.4911063,1690,1701,train
50,0.98716515,0.9864596,0.9889786,0.9804068,0.980471049476405,1.5701866,1.5178382,1690,1701,train
51,0.9871599,0.98688304,0.98897827,0.9804975,0.9804773175388677,1.5701863,1.5025412,1690,1701,train
52,0.9871194,0.98715276,0.98897016,0.9805887,0.9804828079530348,1.5701858,1.4971123,1690,1701,train
53,0.987069,0.98657644,0.9888871,0.9799721,0.9804696367279216,1.5701854,1.460171,1690,1701,train
54,0.9870098,0.9874259,0.98888683,0.9804205,0.9804681264092177,1.5701851,1.4620126,1690,1701,train
55,0.9872027,0.9867992,0.9888861,0.980197,0.98046081839698,1.5701847,1.4737883,1690,1701,train
56,0.9873946,0.9878516,0.9888816,0.9807171,0.9804574830628706,1.5701844,1.4718846,1690,1701,train
57,0.9874831,0.9870136,0.9888793,0.9804064,0.980474581679057,1.570184,1.4862157,1690,1701,train
58,0.987468,0.9872174,0.9889005,0.98057896,0.9804858298446663,1.5701836,1.49397,1690,1701,train
59,0.9869771,0.9861468,0.98885417,0.98022926,0.9805048924655572,1.5701832,1.5193517,1690,1701,train
60,0.98687273,0.98754823,0.9888109,0.98057264,0.9805259971851318,1.5701828,1.4752524,1690,1701,train
61,0.98684055,0.98676574,0.988803,0.98046005,0.9805439969184031,1.5701824,1.5104996,1690,1701,train
62,0.986836,0.9876803,0.98877984,0.98066163,0.9805628498976523,1.5701821,1.4788201,1690,1701,train
63,0.9869389,0.98701984,0.988748,0.9803998,0.9805576264238364,1.5701817,1.4889433,1690,1701,train
64,0.9869723,0.9870654,0.9887994,0.9808128,0.9805560552368137,1.5701814,1.535051,1690,1701,train
65,0.9870367,0.98651075,0.9887501,0.98070455,0.9805421085491831,1.5701809,1.5578637,1690,1701,train
66,0.9869624,0.9876884,0.98876905,0.98102766,0.9805641819613549,1.5701805,1.5233791,1690,1701,train
67,0.98699915,0.9869969,0.9887203,0.98072743,0.9805608317507231,1.5701802,1.5312449,1690,1701,train
68,0.986944,0.98736703,0.9887079,0.9808016,0.9805678221284873,1.5701798,1.517606,1690,1701,train
69,0.9868824,0.98775876,0.98875546,0.9811538,0.9805612240918271,1.5701795,1.5348122,1690,1701,train
70,0.98684573,0.9866736,0.9886379,0.9803475,0.9805753134355719,1.570179,1.5074184,1690,1701,train
71,0.9867679,0.98694956,0.9886523,0.9805356,0.980558300086335,1.5701786,1.5127774,1690,1701,train
72,0.9867071,0.9864814,0.9886583,0.9803387,0.9805576808090751,1.5701783,1.5177171,1690,1701,train
73,0.9866702,0.9865867,0.9886446,0.9804677,0.9805711542831601,1.5701779,1.5273256,1690,1701,train
74,0.9866191,0.98652697,0.9885849,0.98023486,0.9805899992267381,1.5701776,1.5043747,1690,1701,train
75,0.9864876,0.987114,0.98859066,0.9805806,0.9805968381310208,1.5701771,1.5098656,1690,1701,train
76,0.9865297,0.9870957,0.9885465,0.9803252,0.9806098012643831,1.5701767,1.4811046,1690,1701,train
77,0.9865428,0.98716724,0.98853296,0.98046166,0.9806213914144939,1.5701764,1.4937295,1690,1701,train
78,0.9865667,0.9877389,0.9885429,0.98072565,0.9806430008665622,1.570176,1.4900594,1690,1701,train
79,0.98655057,0.98688304,0.988503,0.98031825,0.9806422490115287,1.5701756,1.4948114,1690,1701,train
80,0.98662406,0.9876251,0.98854154,0.98087615,0.9806548611378108,1.5701752,1.5155858,1690,1701,train
81,0.98663545,0.9875842,0.98847365,0.9809211,0.980650086527513,1.5701748,1.5256615,1690,1701,train
82,0.9865897,0.9864092,0.9884751,0.9805232,0.9806661912586252,1.5701745,1.5502361,1690,1701,train
83,0.98670137,0.9868377,0.98849404,0.9807969,0.9806749206261007,1.5701741,1.5564061,1690,1701,train
84,0.9865835,0.98679245,0.98840654,0.98054755,0.9807016722893703,1.5701736,1.5313652,1690,1701,train
85,0.9865703,0.9862787,0.9884312,0.98035055,0.9807080184431118,1.5701733,1.5385773,1690,1701,train
86,0.9865686,0.9868791,0.9884325,0.9807184,0.9807233257405183,1.5701729,1.5460682,1690,1701,train
87,0.9864454,0.98625946,0.988426,0.9805428,0.9807352014917746,1.5701725,1.5634279,1690,1701,train
88,0.9864763,0.9877312,0.98838496,0.981006,0.9807578145211355,1.5701721,1.5295193,1690,1701,train
89,0.9863748,0.9872652,0.9883778,0.9808586,0.9807612345065582,1.5701717,1.540771,1690,1701,train
90,0.98632157,0.9876286,0.9883824,0.98103434,0.9807887884341165,1.5701714,1.5394659,1690,1701,train
91,0.98630947,0.98689705,0.98830736,0.9805269,0.9808067188556738,1.5701709,1.525277,1690,1701,train
92,0.98631334,0.9871869,0.98828137,0.98077226,0.9808331475192551,1.5701705,1.5379761,1690,1701,train
93,0.98632526,0.9865376,0.98829496,0.9804716,0.9808595449325541,1.5701702,1.5412984,1690,1701,train
94,0.986338,0.98729515,0.9883316,0.9809626,0.9808851084235581,1.5701698,1.5529852,1690,1701,train
95,0.98634636,0.9870515,0.98826754,0.9808527,0.9809120203493242,1.5701693,1.5566664,1690,1701,train
96,0.9864599,0.9877472,0.9883038,0.9815067,0.9809170118984418,1.570169,1.5921595,1690,1701,train
97,0.9863241,0.9869611,0.98827237,0.9809863,0.9809234775409393,1.5701686,1.5784899,1690,1701,train
98,0.9862799,0.9861298,0.9882158,0.98068464,0.980920447262616,1.5701681,1.5951315,1690,1701,train
99,0.9862676,0.9872911,0.9882561,0.981139,0.980925033256055,1.5701678,1.5770658,1690,1701,train
100,0.9862488,0.98741305,0.9882307,0.9811736,0.98092956990005,1.5701674,1.5744472,1690,1701,train
101,0.986165,0.98686993,0.988187,0.9808796,0.9809348707469027,1.570167,1.5736761,1690,1701,train
102,0.98611075,0.9875102,0.98815024,0.9810364,0.9809297349499274,1.5701666,1.5540252,1690,1701,train
103,0.9860109,0.9870816,0.988132,0.9808153,0.9809077301514788,1.5701662,1.5542557,1690,1701,train
104,0.9859952,0.98733157,0.9881104,0.98091847,0.9808912706114633,1.5701658,1.5519311,1690,1701,train
105,0.985949,0.9869229,0.98813605,0.9808569,0.9808621740915584,1.5701654,1.5691193,1690,1701,train
106,0.9859081,0.98758316,0.9881061,0.98121244,0.9808490281777292,1.570165,1.572311,1690,1701,train
107,0.9859493,0.9873823,0.98811305,0.9810562,0.9808339561221655,1.5701646,1.565533,1690,1701,train
108,0.98592466,0.9875699,0.9880789,0.98102576,0.9808037439481472,1.5701642,1.5511204,1690,1701,train
109,0.9858555,0.98666596,0.98807216,0.98055065,0.9807995874594415,1.5701638,1.5496066,1690,1701,train
110,0.98582774,0.9871934,0.98803544,0.9808173,0.9807828255921495,1.5701634,1.5504158,1690,1701,train
111,0.9859943,0.98726535,0.9880179,0.9808019,0.9807647195860473,1.570163,1.5445656,1690,1701,train
112,0.9860897,0.98716986,0.9880178,0.980766,0.9807394963244418,1.5701627,1.5461404,1690,1701,train
113,0.9860632,0.98674643,0.9880234,0.9805457,0.9807026914587269,1.5701622,1.545443,1690,1701,train
114,0.98603725,0.98749423,0.9880179,0.98088205,0.9806793604059665,1.5701618,1.540097,1690,1701,train
115,0.985985,0.98696697,0.98793954,0.98042506,0.980661953458702,1.5701615,1.5194497,1690,1701,train
116,0.98590416,0.9869273,0.98798245,0.9805949,0.9806478385174561,1.570161,1.5413965,1690,1701,train
117,0.98590356,0.98744726,0.98796064,0.98062354,0.9806168131030053,1.5701606,1.5131364,1690,1701,train
118,0.98592216,0.9867618,0.9879241,0.98029363,0.9805908319420624,1.5701602,1.5166342,1690,1701,train
119,0.98587734,0.9866998,0.9879208,0.98031646,0.9805589904830648,1.5701598,1.5233871,1690,1701,train
120,0.98587674,0.9873754,0.98790145,0.98062086,0.9805374277275343,1.5701594,1.5190543,1690,1701,train
121,0.98584384,0.98734367,0.9878845,0.98053604,0.9805114650356741,1.570159,1.5111725,1690,1701,train
122,0.9858806,0.98712754,0.98789567,0.98058814,0.9805089500852662,1.5701586,1.5306826,1690,1701,train
123,0.98584855,0.9876319,0.9878589,0.98063517,0.9804990233258343,1.5701581,1.506081,1690,1701,train
124,0.9857684,0.98709595,0.98783267,0.98040134,0.9804828741096138,1.5701578,1.5117,1690,1701,train
125,0.9856353,0.9861786,0.98778236,0.97999287,0.9804765867896219,1.5701574,1.5204586,1690,1701,train
126,0.98566884,0.98636025,0.9877774,0.9801209,0.980475119041614,1.5701569,1.5249321,1690,1701,train
127,0.98560953,0.9862753,0.98775077,0.98004454,0.9804642198066634,1.5701566,1.5216901,1690,1701,train
128,0.98559546,0.9870316,0.98774934,0.9806169,0.9804565556489442,1.5701561,1.5445528,1690,1701,train
129,0.9856039,0.9869844,0.9877565,0.98065543,0.9804478202898173,1.5701557,1.5519891,1690,1701,train
130,0.9856562,0.98679394,0.98774785,0.98062575,0.9804416715649014,1.5701553,1.5604932,1690,1701,train
131,0.98560226,0.986911,0.9877419,0.98060006,0.9804508265083797,1.5701549,1.550224,1690,1701,train
132,0.98560315,0.9872668,0.9877099,0.98073906,0.9804495241801706,1.5701544,1.5459924,1690,1701,train
133,0.98555535,0.98741496,0.98770225,0.98087674,0.9804479038637673,1.5701541,1.5538143,1690,1701,train
134,0.98548573,0.9861382,0.98764944,0.98022556,0.9804575754352868,1.5701536,1.5553874,1690,1701,train
135,0.9854132,0.9863378,0.98763776,0.9803124,0.980447707721567,1.5701532,1.5539163,1690,1701,train
136,0.9853379,0.98583496,0.98760116,0.98000693,0.98044975611972,1.5701529,1.5490198,1690,1701,train
137,0.9853687,0.98649764,0.98763764,0.98049945,0.9804507366957136,1.5701524,1.5668073,1690,1701,train
138,0.9853802,0.9869832,0.98762465,0.9806867,0.9804475745308577,1.570152,1.5598171,1690,1701,train
139,0.9854155,0.9869628,0.98760724,0.98071206,0.9804388838850024,1.5701516,1.5647093,1690,1701,train
140,0.98541754,0.9865883,0.98755634,0.9803862,0.9804413958895377,1.5701512,1.5497481,1690,1701,train
141,0.985418,0.9866499,0.9875355,0.9804537,0.9804443395791841,1.5701507,1.5547817,1690,1701,train
142,0.9852697,0.9865136,0.98753166,0.9805061,0.9804495186083941,1.5701504,1.5697916,1690,1701,train
143,0.9851198,0.98646444,0.98753786,0.9805518,0.980443911728298,1.5701499,1.5782568,1690,1701,train
144,0.98513746,0.9861587,0.98752713,0.9804074,0.9804398905040231,1.5701495,1.579989,1690,1701,train
145,0.98510545,0.98636496,0.98751926,0.9805245,0.9804318012063767,1.5701491,1.5816841,1690,1701,train
146,0.9850992,0.9864472,0.9875094,0.9805971,0.9804449454758094,1.5701487,1.5857216,1690,1701,train
147,0.98507833,0.9864236,0.98749346,0.9805478,0.98044555333815,1.5701482,1.5816483,1690,1701,train
148,0.98507684,0.98641825,0.987465,0.98036724,0.9804382116414371,1.5701479,1.5607566,1690,1701,train
149,0.9850759,0.98602706,0.9874321,0.9802615,0.9804349784070641,1.5701474,1.5732062,1690,1701,train
150,0.9851589,0.9865645,0.98742104,0.98038715,0.9804417316339733,1.5701469,1.5553749,1690,1701,train
151,0.98513085,0.98665667,0.9874095,0.98032343,0.9804272104714598,1.5701466,1.5421946,1690,1701,train
152,0.9850923,0.986678,0.9874177,0.98039585,0.9804235677688787,1.5701461,1.5494637,1690,1701,train
153,0.98510194,0.9868357,0.9874109,0.98049736,0.9804059527609149,1.5701457,1.5522506,1690,1701,train
154,0.9850494,0.986647,0.9873678,0.9803612,0.9804143135446296,1.5701452,1.5486599,1690,1701,train
155,0.9849713,0.9857817,0.9873413,0.97976637,0.9804169267267973,1.5701449,1.5306851,1690,1701,train
156,0.98493844,0.9858093,0.98733217,0.9798155,0.9804308925355989,1.5701444,1.5352387,1690,1701,train
157,0.9848868,0.9870347,0.98735446,0.9805637,0.9804293016887232,1.570144,1.5496315,1690,1701,train
158,0.98480654,0.98740375,0.9873269,0.9805534,0.9804314764110831,1.5701436,1.5261868,1690,1701,train
159,0.98472834,0.98699474,0.9872577,0.9802284,0.9804577099652746,1.5701431,1.5140314,1690,1701,train
160,0.98474437,0.9869559,0.98725444,0.98044956,0.9804506393496061,1.5701427,1.5435722,1690,1701,train
161,0.98475426,0.98674273,0.9872458,0.9803382,0.9804398014460515,1.5701423,1.5435112,1690,1701,train
162,0.98475057,0.9868127,0.9872178,0.9804088,0.9804229759049762,1.5701419,1.548615,1690,1701,train
163,0.9849128,0.98705095,0.9872503,0.9805852,0.9804130700029177,1.5701414,1.554362,1690,1701,train
164,0.98494947,0.98703027,0.98720175,0.9806213,0.9804146856790986,1.5701411,1.561501,1690,1701,train
165,0.98490375,0.98679465,0.98722315,0.980666,0.9804203096403963,1.5701406,1.5810256,1690,1701,train
166,0.9847631,0.98602355,0.9871832,0.98023415,0.9804192265447914,1.5701401,1.5775065,1690,1701,train
167,0.9846621,0.98655343,0.9871103,0.9803062,0.9804224976272835,1.5701398,1.5554507,1690,1701,train
168,0.9846464,0.98733413,0.9871323,0.98075026,0.9804168457314983,1.5701393,1.5603989,1690,1701,train
169,0.9846159,0.9865415,0.9871161,0.98039496,0.98042286510803,1.5701388,1.5668708,1690,1701,train
170,0.98472327,0.9867668,0.9871125,0.9805317,0.9804256428702472,1.5701385,1.5696422,1690,1701,train
171,0.98487145,0.98578584,0.987087,0.98009396,0.980438499670025,1.570138,1.5780605,1690,1701,train
172,0.98490757,0.9863819,0.9870674,0.98042595,0.9804343881902582,1.5701376,1.5820707,1690,1701,train
173,0.98490465,0.98743933,0.98709464,0.9808069,0.9804405489011767,1.5701371,1.5618846,1690,1701,train
174,0.98488045,0.98728377,0.9870856,0.980821,0.9804288143087971,1.5701367,1.5735813,1690,1701,train
175,0.9847743,0.9863014,0.98704135,0.9802844,0.9804202500587028,1.5701363,1.57056,1690,1701,train
176,0.9847046,0.9865204,0.9870089,0.9805428,0.9804179321374972,1.5701358,1.5894666,1690,1701,train
177,0.98451453,0.98618954,0.9869828,0.9802097,0.9804096831565379,1.5701354,1.5701504,1690,1701,train
178,0.98457426,0.9862931,0.98701817,0.98051566,0.9803949953429532,1.570135,1.6000465,1690,1701,train
179,0.984525,0.98629344,0.9869517,0.9801571,0.9803805264906067,1.5701345,1.5581636,1690,1701,train
180,0.9844558,0.98674774,0.986933,0.9803901,0.9803847372214428,1.570134,1.5588758,1690,1701,train
181,0.9844368,0.9861348,0.9869158,0.97995925,0.9803779621691538,1.5701337,1.5449394,1690,1701,train
182,0.9843659,0.98709726,0.986897,0.9804493,0.9803559382468339,1.5701332,1.5453964,1690,1701,train
183,0.98429483,0.9871354,0.98686063,0.9805164,0.9803475821019915,1.5701327,1.5523095,1690,1701,train
184,0.98424625,0.985813,0.98682904,0.97986656,0.9803407969538105,1.5701324,1.556275,1690,1701,train
185,0.98420453,0.98644286,0.9868667,0.9803079,0.9803220531014598,1.5701319,1.5698153,1690,1701,train
186,0.9841998,0.98695695,0.9868088,0.9804922,0.9803134092169464,1.5701314,1.5620275,1690,1701,train
187,0.98423606,0.98677427,0.9868058,0.9803397,0.9803064783857736,1.570131,1.5548593,1690,1701,train
188,0.98432237,0.98703825,0.9868212,0.98057157,0.9803022622073682,1.5701306,1.5662884,1690,1701,train
189,0.9844418,0.9863789,0.9868367,0.9804157,0.9803013797821291,1.5701301,1.587895,1690,1701,train
190,0.98442364,0.98628765,0.98681176,0.98035395,0.9803000186458223,1.5701296,1.5867684,1690,1701,train
191,0.9842919,0.98650515,0.9867588,0.9802623,0.9803113466119103,1.5701292,1.5635824,1690,1701,train
192,0.98413616,0.98645276,0.98669857,0.98014456,0.9802964193023834,1.5701288,1.5542587,1690,1701,train
193,0.984075,0.98706955,0.986736,0.9804986,0.980281947654023,1.5701283,1.5579598,1690,1701,train
194,0.9839571,0.9862324,0.9866779,0.9801595,0.9802772669201294,1.5701278,1.5704424,1690,1701,train
195,0.984151,0.9863145,0.9866946,0.9800888,0.9802662203874923,1.5701275,1.5561826,1690,1701,train
196,0.9843251,0.98547316,0.9866943,0.9797921,0.9802609761886114,1.570127,1.5723841,1690,1701,train
197,0.98444116,0.9868138,0.9866978,0.98042405,0.9802404442374197,1.5701265,1.5659379,1690,1701,train
198,0.9845093,0.986249,0.9866804,0.98003924,0.9802147674005198,1.570126,1.5546266,1690,1701,train
199,0.9845424,0.98697877,0.9866685,0.9804624,0.9801966068363689,1.5701256,1.5612012,1690,1701,train
200,0.98447007,0.9861747,0.9866541,0.9802375,0.9801947257130238,1.5701252,1.5842782,1690,1701,train
201,0.984384,0.9861269,0.9865936,0.9801072,0.9801795617467708,1.5701247,1.5731426,1690,1701,train
202,0.98415154,0.9862499,0.9865694,0.980205,0.9801779294551655,1.5701243,1.5781476,1690,1701,train
203,0.98386556,0.9866885,0.98658586,0.9804959,0.9801619484318064,1.5701238,1.5858793,1690,1701,train
204,0.98382336,0.9871058,0.9865711,0.98065025,0.9801624968434114,1.5701234,1.5791644,1690,1701,train
205,0.98381126,0.9857708,0.9865201,0.9798765,0.9801532818740636,1.570123,1.5693367,1690,1701,train
206,0.983745,0.98617625,0.98652905,0.98024684,0.98015140930482,1.5701225,1.5890559,1690,1701,train
207,0.9837115,0.9862431,0.9864719,0.98008937,0.9801381134390488,1.570122,1.5673441,1690,1701,train
208,0.9837018,0.9863731,0.986475,0.9803136,0.9801385680417533,1.5701215,1.5865654,1690,1701,train
209,0.9836537,0.98657763,0.98646426,0.98028195,0.9801450464141472,1.570121,1.5702511,1690,1701,train
210,0.98362064,0.9863976,0.9864763,0.98036855,0.980145602947828,1.5701207,1.5917145,1690,1701,train
211,0.983562,0.9864266,0.9864429,0.9802387,0.9801450130968936,1.5701202,1.575022,1690,1701,train
212,0.98355174,0.98612857,0.98639846,0.98004067,0.9801636064748217,1.5701197,1.570735,1690,1701,train
213,0.98358893,0.98587406,0.98639464,0.9799619,0.9801753079632605,1.5701193,1.5770767,1690,1701,train
214,0.9836276,0.986448,0.9863781,0.97999066,0.9802005374433305,1.5701188,1.5453053,1690,1701,train
215,0.9837728,0.9863874,0.9863618,0.9800413,0.9802189356025124,1.5701183,1.5557635,1690,1701,train
216,0.98384863,0.98549205,0.98631656,0.9796319,0.980235472353555,1.570118,1.5628933,1690,1701,train
217,0.98371655,0.98640144,0.98631966,0.98003435,0.9802560436622546,1.5701175,1.555293,1690,1701,train
218,0.9835578,0.9861411,0.98629755,0.9800425,0.9802719903909027,1.570117,1.5731821,1690,1701,train
219,0.9834291,0.9863361,0.9863303,0.9801725,0.9802994052711085,1.5701165,1.5759438,1690,1701,train
220,0.983409,0.9861162,0.98627543,0.98006576,0.9803194239762073,1.570116,1.5782405,1690,1701,train
221,0.98339015,0.9858813,0.98628056,0.98000354,0.9803328721363079,1.5701156,1.5851245,1690,1701,train
222,0.9835104,0.98611957,0.9862138,0.9800547,0.9803345927149899,1.5701151,1.5785154,1690,1701,train
223,0.9836227,0.9872456,0.9862453,0.9805782,0.9803458703285255,1.5701146,1.5713506,1690,1701,train
224,0.9836381,0.987155,0.9862188,0.9808701,0.9803569431661049,1.5701143,1.6134986,1690,1701,train
225,0.98360956,0.9864075,0.98619896,0.9805321,0.9803659275351819,1.5701138,1.6193775,1690,1701,train
226,0.9835713,0.9865649,0.9861656,0.98056597,0.9803652591379921,1.5701133,1.6146933,1690,1701,train
227,0.9834392,0.9861692,0.9861642,0.98044914,0.9803810470365777,1.5701128,1.6251328,1690,1701,train
228,0.9832322,0.98628724,0.98614335,0.9806908,0.9803885732270077,1.5701123,1.647949,1690,1701,train
229,0.98323363,0.98610044,0.98614156,0.98052686,0.9804049575230616,1.5701119,1.639604,1690,1701,train
230,0.98318535,0.98628354,0.98609746,0.9805721,0.9804348661871344,1.5701114,1.6350352,1690,1701,train
231,0.9831505,0.986289,0.9860908,0.98062354,0.9804435794508658,1.5701109,1.6411841,1690,1701,train
232,0.9831201,0.9861407,0.98610055,0.9806314,0.9804602570043641,1.5701104,1.6511012,1690,1701,train
233,0.98304844,0.9866425,0.9860815,0.98071736,0.9804753614253754,1.57011,1.6308864,1690,1701,train
234,0.98296684,0.9865048,0.9860513,0.98070127,0.9804865449599954,1.5701095,1.6384053,1690,1701,train
235,0.98290384,0.98624563,0.9860103,0.9802708,0.9804883637515358,1.570109,1.6031556,1690,1701,train
236,0.98289233,0.9871768,0.98596954,0.9807511,0.9805000952738354,1.5701085,1.6050227,1690,1701,train
237,0.9828734,0.9866686,0.98597556,0.9803515,0.9805094422849749,1.570108,1.5876821,1690,1701,train
238,0.98288864,0.9864773,0.9859682,0.98047554,0.9804939477126879,1.5701076,1.6149973,1690,1701,train
239,0.982917,0.98645854,0.9859339,0.98029333,0.9804879524445197,1.5701071,1.5949042,1690,1701,train
240,0.9829911,0.9859989,0.9859526,0.9804168,0.9804786837366215,1.5701066,1.6381105,1690,1701,train
241,0.98308545,0.98653877,0.985945,0.9804611,0.9804526937610113,1.5701061,1.6100932,1690,1701,train
242,0.98307425,0.9857493,0.98589605,0.980243,0.9804099595231418,1.5701057,1.6341264,1690,1701,train
243,0.9829427,0.98645806,0.98586893,0.9802513,0.9803936515038603,1.5701052,1.5917367,1690,1701,train
244,0.982811,0.98631597,0.98583186,0.9802049,0.9803577222765363,1.5701047,1.5960371,1690,1701,train
245,0.98277766,0.98629403,0.98581856,0.9800924,0.9803296276908776,1.5701042,1.5840483,1690,1701,train
246,0.9827192,0.98593795,0.98581666,0.9801781,0.9803021076165541,1.5701038,1.6167941,1690,1701,train
247,0.98275673,0.98646057,0.98577714,0.98018503,0.9802663067237044,1.5701033,1.5862186,1690,1701,train
248,0.98289144,0.9862069,0.9858479,0.98045665,0.9802168510640905,1.5701028,1.6331496,1690,1701,train
249,0.9829667,0.98579705,0.9857966,0.9800532,0.9801824773655712,1.5701023,1.6109006,1690,1701,train
250,0.98302543,0.9866295,0.985821,0.9805325,0.9801584537694551,1.5701019,1.6168664,1690,1701,train
251,0.9829837,0.98711383,0.9858173,0.9807024,0.9801271284983732,1.5701014,1.6075355,1690,1701,train
252,0.9829444,0.98548007,0.9857695,0.9799913,0.9800981693004198,1.5701009,1.6239215,1690,1701,train
253,0.982909,0.98624825,0.98576176,0.9803043,0.9800753901397685,1.5701004,1.6145048,1690,1701,train
254,0.982755,0.9861467,0.98575664,0.9802978,0.9800519692284397,1.5701,1.6201973,1690,1701,train
255,0.98254937,0.9862867,0.98564553,0.98001325,0.9800202202363637,1.5700995,1.5799911,1690,1701,train
256,0.98254853,0.9860738,0.985652,0.97988003,0.9799937170592135,1.570099,1.5767835,1690,1701,train
257,0.9824824,0.9860036,0.98560566,0.97984755,0.9799831062457239,1.5700985,1.5785769,1690,1701,train
258,0.9824042,0.9856323,0.98560154,0.9796075,0.9799639185318981,1.570098,1.5725126,1690,1701,train
259,0.9823645,0.9861162,0.9855888,0.979838,0.9799504160986152,1.5700976,1.5708891,1690,1701,train
260,0.98230606,0.9865713,0.9856148,0.98006415,0.9799386874776358,1.570097,1.5693818,1690,1701,train
261,0.9822522,0.98572475,0.9855578,0.9797545,0.9799161305454143,1.5700965,1.586024,1690,1701,train
262,0.98222065,0.98552775,0.98555446,0.97959995,0.9799178422770275,1.570096,1.5795118,1690,1701,train
263,0.98214227,0.9866477,0.9855635,0.9801493,0.9799069680360923,1.5700955,1.5765672,1690,1701,train
264,0.98214054,0.98560953,0.98550534,0.9796298,0.9799038617442626,1.5700951,1.5795279,1690,1701,train
265,0.9820723,0.9853319,0.98548853,0.9795938,0.9799006701665819,1.5700946,1.5929393,1690,1701,train
266,0.9821129,0.98630834,0.9855431,0.9800911,0.9798992156398992,1.5700941,1.591217,1690,1701,train
267,0.9822094,0.986554,0.9855062,0.9801478,0.9799010345178448,1.5700936,1.5839288,1690,1701,train
268,0.98225594,0.9857479,0.9854315,0.9794908,0.979898462930266,1.570093,1.5561144,1690,1701,train
269,0.9821594,0.9867306,0.9854194,0.9800322,0.9798844181958367,1.5700926,1.5613817,1690,1701,train
270,0.982091,0.98576695,0.9854427,0.97981036,0.9798865576014757,1.5700921,1.5936583,1690,1701,train
271,0.9820673,0.9856562,0.98538744,0.97955614,0.9798707743498624,1.5700916,1.5711343,1690,1701,train
272,0.9819652,0.9855784,0.98539746,0.9796146,0.9798566862252391,1.5700911,1.5828276,1690,1701,train
273,0.98196566,0.98614883,0.98540986,0.9800153,0.9798405230032973,1.5700907,1.5958784,1690,1701,train
274,0.98207164,0.9864783,0.98535836,0.9800102,0.9798403732457666,1.57009,1.5762407,1690,1701,train
275,0.9821625,0.9865441,0.9853462,0.98001826,0.9798278486437666,1.5700896,1.5734893,1690,1701,train
276,0.9822542,0.9856006,0.98531103,0.97951895,0.9798269443472454,1.5700891,1.5723324,1690,1701,train
277,0.9822664,0.9864032,0.9853325,0.9799869,0.9798473269202785,1.5700886,1.5788414,1690,1701,train
278,0.98226553,0.98602456,0.9853139,0.97966313,0.9798436532833338,1.5700881,1.5634391,1690,1701,train
279,0.98226774,0.9862122,0.9852904,0.9799428,0.9798505971333199,1.5700876,1.5866231,1690,1701,train
280,0.982272,0.9866669,0.9852854,0.98013693,0.9798575737875292,1.5700871,1.5821496,1690,1701,train
281,0.98200154,0.98627925,0.9852664,0.98008585,0.9798599350449259,1.5700866,1.6006445,1690,1701,train
282,0.98176646,0.98549587,0.98521835,0.9796455,0.9798536147978533,1.5700861,1.5971005,1690,1701,train
283,0.98183656,0.9861653,0.9852375,0.9799947,0.9798576110294627,1.5700856,1.5974776,1690,1701,train
284,0.9817828,0.98624855,0.9852053,0.97998637,0.9798501391054644,1.570085,1.5922254,1690,1701,train
285,0.98171353,0.98613906,0.9852148,0.98002374,0.9798496123140272,1.5700846,1.6033429,1690,1701,train
286,0.981682,0.98649335,0.98520184,0.9800404,0.9798430809051237,1.5700841,1.5836592,1690,1701,train
287,0.981634,0.9857205,0.9851377,0.9797599,0.9798365861049667,1.5700836,1.5994774,1690,1701,train
288,0.9815842,0.98564935,0.9851465,0.97984403,0.979824616694669,1.570083,1.6139463,1690,1701,train
289,0.9815522,0.9857084,0.9851055,0.97973716,0.9798294211093143,1.5700825,1.5984226,1690,1701,train
290,0.98150325,0.9854852,0.9850867,0.97956246,0.9798085356128935,1.5700821,1.5915501,1690,1701,train
291,0.9814684,0.98606104,0.9850708,0.9796201,0.9797854087812072,1.5700815,1.5631549,1690,1701,train
292,0.981439,0.9855769,0.98506796,0.97956985,0.9797855555226608,1.570081,1.5872873,1690,1701,train
293,0.98143035,0.9858399,0.9850095,0.9794943,0.97978434798756,1.5700805,1.563392,1690,1701,train
294,0.9814023,0.98650926,0.9850532,0.97990274,0.9797620299045928,1.57008,1.5702856,1690,1701,train
295,0.98137325,0.9856357,0.9849737,0.97929966,0.9797510798040598,1.5700794,1.5534023,1690,1701,train
296,0.9814559,0.9859884,0.9849898,0.9797635,0.9797366087875364,1.570079,1.5876384,1690,1701,train
297,0.98144263,0.9863415,0.9849479,0.979811,0.9797060210592985,1.5700785,1.57267,1690,1701,train
298,0.9814584,0.98603964,0.98499954,0.9799362,0.9796841284200261,1.5700779,1.6052655,1690,1701,train
299,0.98128235,0.9861212,0.98491013,0.97973514,0.9796787348321858,1.5700774,1.5782609,1690,1701,train
300,0.9812486,0.98634547,0.98493445,0.9797998,0.979658973063352,1.570077,1.5714586,1690,1701,train
301,0.9812679,0.9862656,0.98495746,0.9799666,0.9796505138777678,1.5700763,1.5961384,1690,1701,train
302,0.9813036,0.98573756,0.9849006,0.9795388,0.9796371450631697,1.5700759,1.5784671,1690,1701,train
303,0.9813524,0.9856288,0.98487127,0.97969526,0.9796437309747689,1.5700754,1.6052607,1690,1701,train
304,0.9813415,0.9854245,0.9848598,0.9796784,0.9796307412043448,1.5700748,1.6162798,1690,1701,train
305,0.98131657,0.9855584,0.9848497,0.97973967,0.9796206703874165,1.5700743,1.615727,1690,1701,train
306,0.9813284,0.98559844,0.98484313,0.9796537,0.9796238347853035,1.5700738,1.6029122,1690,1701,train
307,0.98121566,0.986097,0.9848138,0.9798273,0.9796277276265009,1.5700732,1.5939155,1690,1701,train
308,0.9810374,0.9856946,0.9847705,0.9794194,0.9796103314461174,1.5700728,1.57044,1690,1701,train
309,0.98100847,0.9857247,0.9847704,0.979485,0.9796209341564319,1.5700722,1.5765811,1690,1701,train
310,0.9809761,0.9857334,0.984725,0.97939503,0.9796269748061611,1.5700717,1.5663984,1690,1701,train
311,0.9809372,0.98613894,0.98473185,0.9798202,0.97963403451184,1.5700712,1.5928752,1690,1701,train
312,0.9809202,0.9857299,0.98470235,0.9795099,0.9796430359594182,1.5700706,1.5813345,1690,1701,train
313,0.98090893,0.985378,0.9846861,0.97946286,0.9796539560746929,1.5700701,1.5980169,1690,1701,train
314,0.98087066,0.9855559,0.9846474,0.9793946,0.9796579662053674,1.5700696,1.5797299,1690,1701,train
315,0.9808574,0.9859743,0.9846561,0.9797306,0.9796623299703762,1.5700691,1.5944498,1690,1701,train
316,0.9808712,0.98645157,0.9846709,0.979734,0.9796709462187693,1.5700685,1.5646694,1690,1701,train
317,0.9808413,0.9852857,0.9845997,0.9794202,0.9796680093281217,1.570068,1.6011316,1690,1701,train
318,0.98082453,0.98570836,0.9845967,0.9795403,0.9796628245043719,1.5700674,1.589541,1690,1701,train
319,0.98111534,0.98543423,0.98457754,0.9795772,0.9796478326934631,1.5700669,1.6117257,1690,1701,train
320,0.98152065,0.9858748,0.9846138,0.9797178,0.9796502902425557,1.5700665,1.6003603,1690,1701,train
321,0.9816931,0.9853821,0.9845854,0.9796392,0.9796403049976947,1.5700659,1.6223288,1690,1701,train
322,0.981621,0.98603415,0.9846088,0.97993034,0.9796406928119834,1.5700654,1.6165571,1690,1701,train
323,0.9815989,0.98364526,0.9845544,0.97873354,0.9796527277267716,1.5700648,1.6208549,1690,1701,train
324,0.9815065,0.985893,0.984517,0.97950065,0.979652342352076,1.5700643,1.5755678,1690,1701,train
325,0.9814604,0.9861835,0.9845797,0.9800444,0.9796515756151203,1.5700637,1.622063,1690,1701,train
326,0.9816424,0.9858291,0.98453325,0.97975695,0.9796662204786368,1.5700632,1.6104014,1690,1701,train
327,0.9818649,0.98659253,0.984565,0.9799813,0.9796620243813086,1.5700626,1.5892732,1690,1701,train
328,0.9820028,0.98535895,0.98447526,0.979335,0.9796485936183282,1.5700622,1.5898644,1690,1701,train
329,0.9821371,0.98553526,0.984502,0.979652,0.9796476937946191,1.5700616,1.6168265,1690,1701,train
330,0.9822153,0.98610306,0.9845096,0.9798574,0.9796378560837085,1.5700611,1.6062965,1690,1701,train
331,0.98226255,0.9857641,0.9844665,0.9796773,0.9796457171666744,1.5700605,1.6067175,1690,1701,train
332,0.98223037,0.98603773,0.9844701,0.97967535,0.9796470497515073,1.5700599,1.5893016,1690,1701,train
333,0.9819117,0.9865067,0.98446596,0.98001826,0.9796612138531854,1.5700594,1.6021019,1690,1701,train
334,0.98160946,0.985739,0.9844017,0.9794473,0.9796776038263222,1.5700588,1.582085,1690,1701,train
335,0.98138475,0.9857913,0.9843922,0.9796202,0.9796697403712674,1.5700583,1.6002508,1690,1701,train
336,0.9811981,0.9855745,0.98433185,0.97967803,0.9796656166476327,1.5700577,1.6226437,1690,1701,train
337,0.9811089,0.9858491,0.98431766,0.97969955,0.979670986665791,1.5700573,1.6085734,1690,1701,train
338,0.98103493,0.9851984,0.9842839,0.97937155,0.9796691122118365,1.5700567,1.6100627,1690,1701,train
339,0.980999,0.9858458,0.9842897,0.9796901,0.9796827699406748,1.5700561,1.6084521,1690,1701,train
340,0.98096573,0.9859086,0.98427224,0.9795921,0.9796735387595767,1.5700556,1.5930761,1690,1701,train
341,0.98093045,0.984898,0.98422414,0.979222,0.9796754447135776,1.570055,1.6122978,1690,1701,train
342,0.98092556,0.9856606,0.98422235,0.97961277,0.9796757088282134,1.5700545,1.6125591,1690,1701,train
343,0.98089916,0.98416615,0.9841845,0.97880036,0.9796800339620572,1.5700539,1.6075727,1690,1701,train
344,0.98084027,0.986147,0.98420393,0.9798709,0.9796714393311318,1.5700533,1.6143465,1690,1701,train
345,0.98090464,0.9857465,0.98420626,0.97972214,0.9796659591870167,1.5700529,1.6210535,1690,1701,train
346,0.9809699,0.9854243,0.9841612,0.9795225,0.9796532753850323,1.5700523,1.6180916,1690,1701,train
347,0.9809008,0.9858275,0.98412967,0.9795887,0.9796679833039957,1.5700517,1.6019707,1690,1701,train
348,0.98074985,0.9847224,0.9841011,0.9792168,0.9796533391479209,1.5700512,1.6262974,1690,1701,train
349,0.9806765,0.98580754,0.9841404,0.9797777,0.9796298757671518,1.5700506,1.6260104,1690,1701,train
350,0.980605,0.9853382,0.9840984,0.97963977,0.9796054662819601,1.57005,1.6396801,1690,1701,train
351,0.98058826,0.9846745,0.98407847,0.9791596,0.9795937343141344,1.5700495,1.6229546,1690,1701,train
352,0.98079,0.9861747,0.98408145,0.9800049,0.9795774103207161,1.5700489,1.6326506,1690,1701,train
353,0.9809258,0.98619485,0.9840897,0.97998524,0.9795628469331271,1.5700483,1.6287408,1690,1701,train
354,0.9810372,0.98539615,0.9840306,0.97975856,0.9795554493323364,1.5700479,1.652615,1690,1701,train
355,0.9811577,0.9862195,0.9840714,0.9801112,0.979543379370843,1.5700473,1.643159,1690,1701,train
356,0.9811544,0.98545384,0.984044,0.979628,0.9795169001886498,1.5700467,1.6326524,1690,1701,train
357,0.98119336,0.9861088,0.9839933,0.9797847,0.9795157482498087,1.5700462,1.612475,1690,1701,train
358,0.981065,0.9833634,0.98397446,0.9784465,0.9795119326196382,1.5700456,1.6206515,1690,1701,train
359,0.9808115,0.9844377,0.98395884,0.97898316,0.979507811066931,1.570045,1.6197265,1690,1701,train
360,0.9806277,0.9861835,0.98394245,0.9797854,0.9794654627316378,1.5700444,1.6094165,1690,1701,train
361,0.9804544,0.9855543,0.983904,0.9795331,0.9794358949463516,1.5700439,1.6189549,1690,1701,train
362,0.9803286,0.9856378,0.9838971,0.97961617,0.9794141250157741,1.5700433,1.6241101,1690,1701,train
363,0.9802451,0.98549163,0.98390985,0.97954464,0.979398247280221,1.5700427,1.6240999,1690,1701,train
364,0.98019934,0.9843609,0.9838584,0.9788553,0.9793827670984278,1.5700421,1.6118828,1690,1701,train
365,0.98017645,0.9855093,0.9838469,0.97942805,0.9793725613910406,1.5700417,1.6106306,1690,1701,train
366,0.9801565,0.9850234,0.98381793,0.9793244,0.9793454027950115,1.5700411,1.6291225,1690,1701,train
367,0.9801124,0.98534083,0.98381364,0.9793496,0.9793154994205486,1.5700405,1.6125336,1690,1701,train
368,0.98010135,0.9844767,0.9837682,0.9787842,0.9792891506073993,1.5700399,1.5986556,1690,1701,train
369,0.98011494,0.9855274,0.98377675,0.97919905,0.9792691532727036,1.5700393,1.5835934,1690,1701,train
370,0.9802062,0.98462474,0.9837649,0.9790296,0.9792607014531512,1.5700388,1.6195272,1690,1701,train
371,0.98017025,0.9836989,0.98372996,0.9782724,0.9792666272273449,1.5700382,1.5857428,1690,1701,train
372,0.9800961,0.98306316,0.98369014,0.9782071,0.979240825319112,1.5700376,1.6185977,1690,1701,train
373,0.9799405,0.985615,0.9837258,0.97939223,0.979222235921217,1.570037,1.6032639,1690,1701,train
374,0.9798458,0.98582935,0.98368907,0.9794666,0.9792266261936803,1.5700364,1.6000842,1690,1701,train
375,0.97974646,0.985541,0.983644,0.97930574,0.9792255279299362,1.5700358,1.5997504,1690,1701,train
376,0.97988117,0.98567057,0.9836408,0.9794366,0.9792242969156085,1.5700353,1.60776,1690,1701,train
377,0.9800521,0.9852833,0.98365784,0.9793557,0.9791864084925619,1.5700347,1.6215172,1690,1701,train
378,0.98020256,0.9858845,0.98365104,0.97958267,0.9791727032341869,1.5700341,1.6119727,1690,1701,train
379,0.98028016,0.9843594,0.9836254,0.97864854,0.9792004868142604,1.5700336,1.5936513,1690,1701,train
380,0.98037255,0.9844079,0.9836019,0.97899413,0.9791806648386465,1.570033,1.6335831,1690,1701,train
381,0.98040473,0.98583907,0.9836186,0.97971874,0.9791896024355811,1.5700324,1.6324191,1690,1701,train
382,0.9803994,0.9839569,0.9835677,0.9786854,0.9791651111666442,1.5700318,1.6249852,1690,1701,train
383,0.98038,0.9838653,0.98356026,0.9786649,0.9791999797069774,1.5700312,1.6284184,1690,1701,train
384,0.9801055,0.98452556,0.9834908,0.97897923,0.9791936365882139,1.5700307,1.6277435,1690,1701,train
385,0.97987264,0.9855671,0.98351806,0.97975653,0.979172606649524,1.5700301,1.6570146,1690,1701,train
386,0.97970515,0.98550874,0.98345256,0.9795662,0.9791909157088816,1.5700295,1.6393365,1690,1701,train
387,0.9795595,0.9855805,0.98345524,0.9794196,0.9791779925554136,1.5700289,1.6168462,1690,1701,train
388,0.97948635,0.9851918,0.98342144,0.9792833,0.9791670074824301,1.5700283,1.6254302,1690,1701,train
389,0.9794071,0.9843929,0.9833772,0.9789066,0.9791458764633135,1.5700277,1.6305312,1690,1701,train
390,0.9793639,0.9846542,0.98338735,0.97898465,0.9791259811135975,1.5700271,1.6234733,1690,1701,train
391,0.97933745,0.985635,0.98340416,0.97948235,0.9791054823203499,1.5700265,1.622644,1690,1701,train
392,0.9793079,0.9851629,0.98337734,0.97920316,0.9790848266749056,1.5700259,1.618754,1690,1701,train
393,0.97932774,0.9857228,0.98337996,0.9794727,0.9790744800719072,1.5700253,1.6167119,1690,1701,train
394,0.9793189,0.9857909,0.9833161,0.97931516,0.9790412346061892,1.5700247,1.595104,1690,1701,train
395,0.9792989,0.9856557,0.98330927,0.9792287,0.9790391754398048,1.5700241,1.593167,1690,1701,train
396,0.979427,0.9845659,0.98328686,0.97859085,0.9790188442764358,1.5700235,1.5838245,1690,1701,train
397,0.9794896,0.9858207,0.98333275,0.9794611,0.9790129897553699,1.570023,1.6105893,1690,1701,train
398,0.9794238,0.9857441,0.9832977,0.97933877,0.9789780522489432,1.5700223,1.6014612,1690,1701,train
399,0.9792958,0.9840462,0.9832393,0.97808146,0.9789471797147561,1.5700217,1.5553869,1690,1701,train
400,0.9791742,0.9847057,0.9832248,0.9786843,0.9789151715695856,1.5700212,1.5883852,1690,1701,train
401,0.9790842,0.98438656,0.983179,0.9784974,0.9788948084498424,1.5700206,1.5868096,1690,1701,train
402,0.97903985,0.9853971,0.9832046,0.9792045,0.9788693792363617,1.57002,1.6094651,1690,1701,train
403,0.9792116,0.98556995,0.98320735,0.97928923,0.9788487789279621,1.5700194,1.6089588,1690,1701,train
404,0.97937745,0.98302776,0.98317575,0.9778795,0.978861646424417,1.5700188,1.5961146,1690,1701,train
405,0.9794858,0.985606,0.9831607,0.97927064,0.9788266868104437,1.5700182,1.6058346,1690,1701,train
406,0.9795401,0.9850021,0.9831408,0.9787564,0.9788181920178719,1.5700175,1.5812274,1690,1701,train
407,0.97955734,0.98634803,0.9831766,0.97953635,0.9788446232601045,1.5700169,1.5915602,1690,1701,train
408,0.97948325,0.98279417,0.98308754,0.9776766,0.9788184673597659,1.5700163,1.5885059,1690,1701,train
409,0.97946125,0.98468316,0.98307675,0.9787582,0.9788038984557533,1.5700157,1.6032476,1690,1701,train
410,0.9792395,0.9842356,0.98307055,0.97864217,0.9787636037920223,1.5700151,1.6171609,1690,1701,train
411,0.979041,0.9836251,0.98303175,0.9780133,0.9787684500820729,1.5700145,1.5795125,1690,1701,train
412,0.9788736,0.9847524,0.9830345,0.9788032,0.9787559193385628,1.5700139,1.6056926,1690,1701,train
413,0.9787134,0.98476774,0.9829973,0.9788788,0.978733454554644,1.5700133,1.6150898,1690,1701,train
414,0.97861093,0.9850869,0.9830235,0.97926056,0.9787292648229393,1.5700126,1.6410801,1690,1701,train
415,0.97857475,0.9839388,0.982972,0.97853297,0.9787355724238203,1.570012,1.6252575,1690,1701,train
416,0.9785321,0.9845512,0.9829579,0.97910565,0.9786998671908295,1.5700114,1.6575133,1690,1701,train
417,0.9784985,0.984708,0.9829224,0.9790896,0.9787156161787838,1.5700108,1.6468308,1690,1701,train
418,0.9784865,0.9841882,0.9829091,0.9788135,0.9786986056795638,1.5700102,1.6458982,1690,1701,train
419,0.9784679,0.9850173,0.98287725,0.9790156,0.9787362989419179,1.5700096,1.6198307,1690,1701,train
420,0.9784639,0.983585,0.98286617,0.97829926,0.9787619939576334,1.5700089,1.6219205,1690,1701,train
421,0.97845066,0.9842342,0.9828448,0.97867095,0.978767076547989,1.5700083,1.6275086,1690,1701,train
422,0.97849065,0.9835234,0.9828396,0.9784557,0.9787499756893211,1.5700077,1.6456854,1690,1701,train
423,0.9786065,0.98343897,0.98282385,0.97812647,0.9787571936215773,1.5700071,1.6111693,1690,1701,train
424,0.97856873,0.98531044,0.9828348,0.97906667,0.9787644420170195,1.5700065,1.6090653,1690,1701,train
425,0.97840625,0.98550135,0.98280835,0.97931415,0.9787266911899904,1.5700058,1.6282072,1690,1701,train
426,0.9783141,0.9848982,0.9827602,0.97886664,0.9787068095219764,1.5700052,1.6125424,1690,1701,train
427,0.9782378,0.98571587,0.98275447,0.97927326,0.9786760169975306,1.5700046,1.611426,1690,1701,train
428,0.97819483,0.98547345,0.98270595,0.9791687,0.9786645201311395,1.570004,1.615218,1690,1701,train
429,0.9782921,0.98342407,0.98271793,0.978325,0.9786790219146168,1.5700033,1.6395334,1690,1701,train
430,0.9784109,0.98492795,0.9826765,0.97899735,0.9786614206005058,1.5700027,1.629176,1690,1701,train
431,0.97847575,0.9838076,0.98264825,0.9783781,0.9786680351931866,1.5700021,1.6241837,1690,1701,train
432,0.9785211,0.9825779,0.9826535,0.97784835,0.9786437038492268,1.5700014,1.6359652,1690,1701,train
433,0.9783243,0.98412275,0.9826521,0.97852296,0.978649371624643,1.5700008,1.6221178,1690,1701,train
434,0.9785101,0.98283166,0.9826139,0.97794443,0.9785645664238936,1.5700002,1.6330642,1690,1701,train
435,0.97852534,0.9852481,0.98262966,0.9790504,0.9785384600620097,1.5699995,1.6170915,1690,1701,train
436,0.978533,0.98390186,0.98259103,0.9783666,0.9785382751713692,1.5699989,1.6186079,1690,1701,train
437,0.9783212,0.9845897,0.9826087,0.9788845,0.9784920444876938,1.5699983,1.6385037,1690,1701,train
438,0.97812116,0.9855852,0.9825513,0.979253,0.9784874131761478,1.5699975,1.6231683,1690,1701,train
439,0.9779968,0.9844254,0.98253477,0.9786245,0.9784907454199261,1.569997,1.6191591,1690,1701,train
440,0.97789425,0.98306245,0.9825077,0.9778353,0.9785046043551114,1.5699964,1.6084939,1690,1701,train
441,0.97781545,0.9862727,0.98251504,0.9793271,0.9784911359424734,1.5699956,1.5904268,1690,1701,train
442,0.9777668,0.98357874,0.98246676,0.97815806,0.9784703724635067,1.569995,1.6169765,1690,1701,train
443,0.97774243,0.9858335,0.98243654,0.9790709,0.9784516416920728,1.5699944,1.5888425,1690,1701,train
444,0.9777147,0.98273546,0.9823983,0.97750646,0.9784399529456812,1.5699937,1.5919517,1690,1701,train
445,0.9776572,0.9827781,0.9823787,0.9776624,0.9784548113431176,1.5699931,1.608946,1690,1701,train
446,0.97761375,0.9837501,0.98239195,0.97824186,0.9784635225682293,1.5699924,1.6187649,1690,1701,train
447,0.9775586,0.9839572,0.98236793,0.9783247,0.9784822281944389,1.5699918,1.6166908,1690,1701,train
448,0.9775404,0.98343396,0.98237485,0.9783788,0.9784704361696918,1.5699912,1.655738,1690,1701,train
449,0.977513,0.98356664,0.98233664,0.9783465,0.9784565810822319,1.5699905,1.644655,1690,1701,train
450,0.9774779,0.983788,0.98231995,0.9785986,0.9784421858105499,1.5699899,1.6621749,1690,1701,train
451,0.9774382,0.98397267,0.9823134,0.9785316,0.9784308093361175,1.5699892,1.6426588,1690,1701,train
452,0.9773671,0.98397106,0.9823022,0.97870153,0.9784348909845352,1.5699886,1.6638719,1690,1701,train
453,0.9773306,0.984157,0.9822875,0.9788199,0.978414519378195,1.5699879,1.6671891,1690,1701,train
454,0.977269,0.98305273,0.98224413,0.9781116,0.9784060150054614,1.5699873,1.6507552,1690,1701,train
455,0.9773471,0.9824569,0.9822157,0.97764087,0.97840149155714,1.5699866,1.6312199,1690,1701,train
456,0.9775601,0.983528,0.9821953,0.9780582,0.9784170667912563,1.569986,1.6160388,1690,1701,train
457,0.9777722,0.98405945,0.9822397,0.9786304,0.9784085618703906,1.5699853,1.6515294,1690,1701,train
458,0.97791135,0.9842222,0.9821929,0.97850305,0.9783932162266858,1.5699847,1.6272031,1690,1701,train
459,0.97804546,0.98652744,0.9822397,0.9798366,0.9783964698796558,1.569984,1.6450657,1690,1701,train
460,0.97810256,0.98521954,0.982214,0.9790167,0.9783860985931604,1.5699834,1.6271615,1690,1701,train
461,0.97813964,0.98329556,0.98218584,0.97802454,0.9783956273168543,1.5699826,1.6267034,1690,1701,train
462,0.9781409,0.98473155,0.98216474,0.97887504,0.97838432790089,1.569982,1.6417439,1690,1701,train
463,0.9779517,0.98383284,0.982128,0.9782024,0.9783853956231434,1.5699813,1.6166606,1690,1701,train
464,0.97762007,0.98253113,0.98210216,0.9779538,0.9783887832620194,1.5699806,1.6682339,1690,1701,train
465,0.977379,0.9833075,0.98203576,0.9779519,0.9783902726544963,1.56998,1.6215503,1690,1701,train
466,0.9771433,0.9830135,0.9820292,0.97811466,0.9783661665577434,1.5699793,1.6600024,1690,1701,train
467,0.9770687,0.9847073,0.9820575,0.9789887,0.9783858975704238,1.5699787,1.660366,1690,1701,train
468,0.97700053,0.9853227,0.9820143,0.9791109,0.9783842927853312,1.569978,1.6382092,1690,1701,train
469,0.97671384,0.98403025,0.9820025,0.9787514,0.9783923234503897,1.5699773,1.675236,1690,1701,train
470,0.97615033,0.9836198,0.98193,0.97810423,0.9783533071482626,1.5699767,1.6238564,1690,1701,train
471,0.974964,0.98239183,0.98189914,0.97747815,0.9783248616284277,1.569976,1.6248276,1690,1701,train
472,0.973351,0.9824623,0.98200536,0.9772859,0.9782952244126206,1.5699753,1.5937579,1690,1701,train
473,0.9767999,0.9830622,0.9819375,0.97795033,0.9783067440885993,1.5699747,1.6396029,1690,1701,train
474,0.97456825,0.9828831,0.9819101,0.9775102,0.9782825659840242,1.569974,1.5977789,1690,1701,train
475,0.97540265,0.9846891,0.9818445,0.97839606,0.9782625637255897,1.5699732,1.595392,1690,1701,train
476,0.97554666,0.9853766,0.98181576,0.978707,0.9782475019441284,1.5699726,1.5913899,1690,1701,train
477,0.9756305,0.9831542,0.98178244,0.97783154,0.9782287117476101,1.5699719,1.6239696,1690,1701,train
478,0.9757169,0.98580414,0.98177373,0.9792157,0.9782043451787349,1.5699712,1.6281719,1690,1701,train
479,0.975704,0.9853524,0.98176354,0.9790031,0.978181663245384,1.5699706,1.6306552,1690,1701,train
480,0.9756185,0.9833798,0.98174596,0.97811973,0.9781434819888176,1.5699699,1.6462215,1690,1701,train
481,0.97547585,0.98331416,0.98173356,0.97810334,0.9780939631684505,1.5699692,1.6486887,1690,1701,train
482,0.97552663,0.9839163,0.981724,0.9783237,0.9780525197291138,1.5699685,1.6383545,1690,1701,train
483,0.975623,0.9834729,0.981689,0.9779197,0.9780180193756183,1.5699679,1.6176553,1690,1701,train
484,0.9756969,0.98298645,0.9816686,0.9778231,0.9779625426194717,1.5699672,1.6367962,1690,1701,train
485,0.9757952,0.9827905,0.9816552,0.97754264,0.9779395447581472,1.5699664,1.615131,1690,1701,train
486,0.9758139,0.98337436,0.9816252,0.9778705,0.977927367261499,1.5699657,1.6196915,1690,1701,train
487,0.975845,0.982064,0.9816247,0.9771322,0.9778807998680815,1.5699651,1.6111779,1690,1701,train
488,0.97584873,0.98338586,0.98166335,0.9779425,0.9778611724631757,1.5699644,1.6266421,1690,1701,train
489,0.9758648,0.98388064,0.9816551,0.9783458,0.9778123762267754,1.5699637,1.6453389,1690,1701,train
490,0.975614,0.9837442,0.9815546,0.9778694,0.9777624473495654,1.569963,1.5985963,1690,1701,train
491,0.9753729,0.9836364,0.98156774,0.97785383,0.9777176201676812,1.5699623,1.6030275,1690,1701,train
492,0.9751967,0.984111,0.9815208,0.9778326,0.977650183654303,1.5699615,1.5722297,1690,1701,train
493,0.9751668,0.98298657,0.98150355,0.9773519,0.9776202632485917,1.569961,1.5841153,1690,1701,train
494,0.97512025,0.9844868,0.9815796,0.9778909,0.9776006392512857,1.5699602,1.5541623,1690,1701,train
495,0.9750568,0.9843856,0.9814667,0.97786826,0.9775818025458908,1.5699595,1.5610808,1690,1701,train
496,0.9750091,0.98336005,0.9814462,0.97742873,0.9775502530077591,1.5699588,1.5719228,1690,1701,train
497,0.9749609,0.98453593,0.9814367,0.9778867,0.9775053507601235,1.5699581,1.5548469,1690,1701,train
498,0.9749622,0.98126006,0.9814141,0.97637844,0.9774487755782234,1.5699574,1.5754713,1690,1701,train
499,0.9749405,0.98389846,0.98139596,0.9774279,0.9774137726078083,1.5699567,1.5397414,1690,1701,train
500,0.97491384,0.9828489,0.9813994,0.9771228,0.9773383647194475,1.569956,1.5678048,1690,1701,train
501,0.974929,0.98307747,0.9813573,0.9770722,0.97730795659359,1.5699552,1.548613,1690,1701,train
502,0.9748872,0.98282754,0.98133564,0.97701544,0.9772941105084582,1.5699546,1.5579137,1690,1701,train
503,0.97491425,0.98302317,0.98133415,0.97730243,0.9772395235084803,1.5699539,1.5808387,1690,1701,train
504,0.9747969,0.9832939,0.98130625,0.9773651,0.9772507409570885,1.5699532,1.5724435,1690,1701,train
505,0.9749734,0.9828663,0.9812834,0.97711855,0.9772279199966362,1.5699525,1.5696648,1690,1701,train
506,0.9749021,0.98193604,0.98125684,0.9768062,0.9771878091083803,1.5699518,1.5902978,1690,1701,train
507,0.9748443,0.98168373,0.981253,0.9766831,0.9771730496231433,1.569951,1.5910931,1690,1701,train
508,0.9747065,0.98255634,0.9812223,0.97686636,0.9771503127901737,1.5699503,1.5599958,1690,1701,train
509,0.9747309,0.9835855,0.98123753,0.97742534,0.9771396494761558,1.5699496,1.5636771,1690,1701,train
510,0.97481847,0.9841721,0.9811849,0.97785795,0.9770999259985151,1.5699489,1.5815398,1690,1701,train
511,0.9748936,0.98223114,0.9811957,0.9768831,0.9770455173574948,1.5699482,1.5831146,1690,1701,train
512,0.9748588,0.98220456,0.98117363,0.97702485,0.977025706929108,1.5699475,1.6027563,1690,1701,train
513,0.97487247,0.981923,0.98114973,0.9769305,0.9769908581620339,1.5699468,1.6095024,1690,1701,train
514,0.9747827,0.9823289,0.9811248,0.97726965,0.9769667703818048,1.5699459,1.6263906,1690,1701,train
515,0.97476554,0.98203564,0.9811072,0.97700787,0.9769757502969706,1.5699452,1.6132016,1690,1701,train
516,0.9745807,0.98169446,0.9810856,0.9767096,0.976958749012041,1.5699445,1.598669,1690,1701,train
517,0.97440237,0.9832077,0.9810709,0.97759753,0.9769204677078585,1.5699438,1.6132741,1690,1701,train
518,0.9744583,0.9828546,0.9810544,0.977326,0.9769151606506421,1.5699431,1.602586,1690,1701,train
519,0.974475,0.98321295,0.9810251,0.9773062,0.9768939885297154,1.5699424,1.5786884,1690,1701,train
520,0.97438854,0.9827329,0.9810147,0.9770948,0.9768944555896004,1.5699416,1.5831077,1690,1701,train
521,0.9743245,0.979733,0.98098254,0.9755933,0.9768845820705402,1.5699409,1.5876352,1690,1701,train
522,0.97427493,0.981665,0.98095906,0.9766499,0.9768667841484517,1.5699402,1.5969844,1690,1701,train
523,0.9741673,0.9816215,0.9809402,0.9766446,0.9768717246686272,1.5699394,1.5996186,1690,1701,train
524,0.9740815,0.9813199,0.98093325,0.9763962,0.9768402457112842,1.5699387,1.5882663,1690,1701,train
525,0.97405356,0.9832244,0.9809203,0.97723395,0.9768439718015045,1.569938,1.5722752,1690,1701,train
526,0.9740027,0.98178756,0.9808904,0.9765675,0.9768396042859757,1.5699372,1.5813152,1690,1701,train
527,0.9739977,0.9814341,0.98087066,0.97633225,0.976809208011113,1.5699365,1.5751995,1690,1701,train
528,0.9739788,0.9821472,0.98087215,0.97684115,0.976776816012786,1.5699358,1.5928862,1690,1701,train
529,0.97403145,0.9806703,0.98083395,0.9760287,0.9767620414201631,1.569935,1.58683,1690,1701,train
530,0.97398,0.9828826,0.980826,0.97717255,0.9767421964432506,1.5699342,1.5889047,1690,1701,train
531,0.9739039,0.98252046,0.9807957,0.977089,0.9767277720301096,1.5699335,1.6021842,1690,1701,train
532,0.9739288,0.9812455,0.980773,0.97625864,0.9766899611934119,1.5699328,1.580882,1690,1701,train
533,0.97391754,0.98203576,0.98076516,0.97679967,0.9766778267939904,1.569932,1.5979587,1690,1701,train
534,0.97379494,0.9806961,0.9807384,0.97600627,0.9766598665856367,1.5699313,1.5853257,1690,1701,train
535,0.973766,0.9821644,0.9807323,0.97688776,0.9767046563365764,1.5699306,1.6016833,1690,1701,train
536,0.9739411,0.982894,0.98073125,0.97718406,0.9767092220383253,1.5699297,1.5924296,1690,1701,train
537,0.9740891,0.9812387,0.9806943,0.9763769,0.976686573608539,1.569929,1.5981078,1690,1701,train
538,0.9741493,0.9827939,0.98067594,0.97694296,0.9766795613851441,1.5699283,1.5708514,1690,1701,train
539,0.9741545,0.98203933,0.98069406,0.9767587,0.9766602135924328,1.5699276,1.5948567,1690,1701,train
540,0.97422135,0.9808717,0.9806527,0.9761259,0.9767618264673101,1.5699267,1.5915602,1690,1701,train
541,0.9741452,0.97710615,0.9806125,0.97426224,0.9767557137355046,1.569926,1.599846,1690,1701,train
542,0.9741272,0.983424,0.98064876,0.9774875,0.9767287636578513,1.5699252,1.5989299,1690,1701,train
543,0.97384065,0.98166716,0.9805684,0.97651315,0.9767595360499168,1.5699245,1.5917937,1690,1701,train
544,0.9735129,0.98198956,0.98054874,0.9766085,0.9767586019395976,1.5699238,1.5839334,1690,1701,train
545,0.9735699,0.9815425,0.98053217,0.9764595,0.9768318341875448,1.5699229,1.5940933,1690,1701,train
546,0.97342163,0.9828055,0.9805193,0.97692436,0.9768322633183057,1.5699222,1.5725297,1690,1701,train
547,0.9733117,0.9825499,0.9804975,0.97689515,0.9767750355337919,1.5699215,1.5855546,1690,1701,train
548,0.9732987,0.9821588,0.9804791,0.9767098,0.9767032103302433,1.5699207,1.587829,1690,1701,train
549,0.9732463,0.98139846,0.9804578,0.9764219,0.9766171460591712,1.56992,1.6007062,1690,1701,train
550,0.97323465,0.9812168,0.9804418,0.97616756,0.9765842366646077,1.5699191,1.5814254,1690,1701,train
551,0.97318393,0.9809613,0.9804244,0.97607356,0.9765183927262064,1.5699184,1.5863901,1690,1701,train
552,0.9731629,0.9826438,0.980397,0.97688496,0.9764794596483588,1.5699176,1.5814556,1690,1701,train
553,0.97316754,0.98260957,0.9803932,0.9769532,0.9763697060864218,1.5699168,1.5920376,1690,1701,train
554,0.9730964,0.9824399,0.98036456,0.97670645,0.9763200431694058,1.569916,1.5733172,1690,1701,train
555,0.9730209,0.98271847,0.98036003,0.9770522,0.9762011313765481,1.5699153,1.5983386,1690,1701,train
556,0.97308844,0.98251194,0.980337,0.97671914,0.9761360148634977,1.5699145,1.5711968,1690,1701,train
557,0.97280544,0.9837471,0.9803122,0.9772652,0.9761369813028123,1.5699137,1.5616431,1690,1701,train
558,0.97306085,0.9817958,0.98029613,0.9762463,0.9760329566600269,1.5699129,1.5592885,1690,1701,train
559,0.9731367,0.9824356,0.9802786,0.976539,0.9759462429158244,1.5699122,1.555687,1690,1701,train
560,0.97308844,0.979007,0.9802749,0.97482044,0.9758707134906377,1.5699114,1.559586,1690,1701,train
561,0.97286737,0.98264396,0.9802514,0.9765846,0.9757852973912196,1.5699106,1.5490781,1690,1701,train
562,0.9729391,0.9828831,0.98022175,0.9766349,0.9757721878242216,1.5699098,1.5411984,1690,1701,train
563,0.973057,0.9822242,0.9801949,0.9762369,0.9756835541945514,1.569909,1.5344328,1690,1701,train
564,0.9731514,0.9825828,0.9802203,0.9765528,0.975621084623748,1.5699083,1.5499308,1690,1701,train
565,0.9731919,0.97444904,0.9801791,0.9724433,0.9755903069636737,1.5699074,1.5562245,1690,1701,train
566,0.97314656,0.980634,0.9801419,0.9754113,0.9755647924251899,1.5699066,1.5342969,1690,1701,train
567,0.9731189,0.98092777,0.9801457,0.9756734,0.9755414908541081,1.5699059,1.5478857,1690,1701,train
568,0.9730502,0.97860086,0.98011214,0.97443056,0.9755171370502314,1.569905,1.5421324,1690,1701,train
569,0.9728978,0.9803751,0.9800822,0.9750841,0.9754193024042815,1.5699042,1.5122387,1690,1701,train
570,0.972691,0.97423446,0.98007035,0.9721713,0.975326191025119,1.5699035,1.5396227,1690,1701,train
571,0.9725951,0.97782063,0.98003745,0.9739506,0.9752484298286278,1.5699027,1.5343708,1690,1701,train
572,0.97254634,0.9809659,0.98002505,0.9755853,0.9751992377463181,1.5699018,1.5383449,1690,1701,train
573,0.9724849,0.98098457,0.9800074,0.97579217,0.9751445835785519,1.5699011,1.562993,1690,1701,train
574,0.9725401,0.9820287,0.9800029,0.9763119,0.9750927755720636,1.5699003,1.561537,1690,1701,train
575,0.97260135,0.9779004,0.9799775,0.9741202,0.9751190422112952,1.5698994,1.5519058,1690,1701,train
576,0.97253484,0.9816477,0.9799564,0.9759723,0.9751441646206374,1.5698986,1.5451798,1690,1701,train
577,0.97252774,0.9782357,0.97994745,0.97434133,0.975089674178321,1.5698979,1.5589104,1690,1701,train
578,0.97244936,0.9823073,0.97991097,0.9764248,0.9750672928522457,1.569897,1.5606967,1690,1701,train
579,0.97238666,0.97926074,0.97988987,0.9748992,0.9750426351698515,1.5698962,1.5648713,1690,1701,train
580,0.9723453,0.9822109,0.9798988,0.9764173,0.9750207335012495,1.5698954,1.5661592,1690,1701,train
581,0.9722323,0.9809902,0.9798521,0.9758464,0.9750206169003132,1.5698947,1.5739201,1690,1701,train
582,0.97213984,0.9763043,0.9798326,0.97345614,0.9750491785931095,1.5698938,1.5746257,1690,1701,train
583,0.9721776,0.9815308,0.97982335,0.97607404,0.975077466160433,1.569893,1.5688741,1690,1701,train
584,0.9721791,0.9815948,0.9798119,0.97615844,0.975139809820154,1.5698922,1.5755383,1690,1701,train
585,0.97221416,0.9793582,0.9797839,0.9749901,0.9752076939981802,1.5698913,1.5730774,1690,1701,train
586,0.972218,0.981926,0.97977036,0.9762342,0.9751679395942761,1.5698905,1.5653847,1690,1701,train
587,0.9721149,0.977731,0.979738,0.97414696,0.9752349455620101,1.5698897,1.5728914,1690,1701,train
588,0.971935,0.98175573,0.9797224,0.9759043,0.9752471177231457,1.5698888,1.5371143,1690,1701,train
589,0.9718992,0.98118544,0.97979057,0.9757251,0.9752550118573993,1.5698881,1.5487435,1690,1701,train
590,0.9719141,0.9787015,0.9796796,0.97451967,0.9753390628121253,1.5698873,1.5596565,1690,1701,train
591,0.9719351,0.9765078,0.9796613,0.97347826,0.9752501347949943,1.5698864,1.5697509,1690,1701,train
592,0.97177494,0.9762459,0.9796455,0.97356814,0.9752310836686774,1.5698856,1.597552,1690,1701,train
593,0.9718082,0.97831976,0.97963744,0.9744129,0.9752362579631596,1.5698848,1.5716738,1690,1701,train
594,0.97178984,0.9817113,0.9796438,0.9761215,0.9752445155292722,1.569884,1.5687693,1690,1701,train
595,0.9718231,0.9820408,0.9795924,0.97635835,0.9752431637773653,1.5698831,1.578712,1690,1701,train
596,0.97175854,0.98189974,0.97957754,0.97597307,0.9751865206824335,1.5698823,1.5408626,1690,1701,train
597,0.9717968,0.9809947,0.9795762,0.9757268,0.9752279879493172,1.5698814,1.5672419,1690,1701,train
598,0.9715621,0.9824224,0.9795564,0.97621447,0.9751903402602353,1.5698806,1.5384026,1690,1701,train
599,0.9717854,0.9822229,0.9795186,0.9763054,0.9751900860011773,1.5698798,1.5630887,1690,1701,train
600,0.971723,0.9767623,0.9794885,0.9734304,0.9752168423397711,1.5698789,1.553196,1690,1701,train
601,0.9717064,0.9752871,0.9794761,0.9729098,0.9751232622860292,1.5698781,1.5819615,1690,1701,train
602,0.9716308,0.9806192,0.97945726,0.97538984,0.9751124906754115,1.5698773,1.5530409,1690,1701,train
603,0.97141093,0.9807143,0.9794413,0.97530055,0.9750894375809986,1.5698763,1.5366708,1690,1701,train
604,0.9714565,0.98167825,0.97950864,0.9757679,0.9751059296633223,1.5698755,1.5316577,1690,1701,train
605,0.9714305,0.9814298,0.97940564,0.97578925,0.9750534973424289,1.5698746,1.5528324,1690,1701,train
606,0.9713923,0.9815794,0.97937226,0.97577614,0.9750839557830365,1.5698738,1.5428994,1690,1701,train
607,0.9713724,0.9794893,0.9793546,0.9747612,0.9750732942956759,1.569873,1.5497352,1690,1701,train
608,0.97128516,0.9809103,0.97952586,0.97562724,0.9750427260018273,1.5698721,1.5618472,1690,1701,train
609,0.9713175,0.9770309,0.97945607,0.97362036,0.9750320746589614,1.5698713,1.5606171,1690,1701,train
610,0.971289,0.97710395,0.9792994,0.9736462,0.9750211158153158,1.5698704,1.5639038,1690,1701,train
611,0.971301,0.9809005,0.97941613,0.9755673,0.9749897513514356,1.5698695,1.5584047,1690,1701,train
612,0.9713403,0.97693527,0.97927195,0.97371495,0.9749836515844404,1.5698687,1.5836399,1690,1701,train
613,0.9712947,0.9814202,0.9792411,0.9758489,0.9749238174451094,1.5698678,1.5656445,1690,1701,train
614,0.97111964,0.9817661,0.9792187,0.9760197,0.974897624896872,1.569867,1.5656021,1690,1701,train
615,0.9710259,0.97748077,0.9792628,0.9739921,0.9748702382495215,1.5698661,1.5837591,1690,1701,train
616,0.97115266,0.98066753,0.979177,0.97558314,0.9747975181811047,1.5698652,1.5820067,1690,1701,train
617,0.97117627,0.98146904,0.97916687,0.97609633,0.9746381556162131,1.5698644,1.5950551,1690,1701,train
618,0.97116554,0.9810462,0.9791633,0.9757797,0.9744936096543573,1.5698634,1.5828296,1690,1701,train
619,0.9711001,0.9784025,0.97918224,0.97441286,0.974386804836763,1.5698626,1.5801015,1690,1701,train
620,0.9710149,0.9799266,0.97910166,0.9752644,0.9743684026610955,1.5698618,1.5915219,1690,1701,train
621,0.97092235,0.9774556,0.9791175,0.973816,0.9743313427154745,1.5698608,1.5681412,1690,1701,train
622,0.97094184,0.9720049,0.9790612,0.97135854,0.974372977687841,1.56986,1.6095059,1690,1701,train
623,0.97100455,0.97992396,0.9790458,0.9752534,0.9743892585475804,1.5698591,1.5920048,1690,1701,train
624,0.971022,0.9776279,0.9792903,0.9742388,0.974379969936815,1.5698582,1.6039217,1690,1701,train
625,0.9709918,0.977394,0.97900736,0.9738328,0.9744187439213347,1.5698574,1.5773264,1690,1701,train
626,0.9709398,0.9810226,0.9789933,0.9757047,0.9743823768417381,1.5698565,1.58022,1690,1701,train
627,0.97087824,0.9793383,0.97897094,0.9747881,0.974273935601296,1.5698556,1.5739038,1690,1701,train
628,0.9709305,0.9762844,0.9789515,0.973416,0.9742390545484292,1.5698547,1.5972705,1690,1701,train
629,0.97082907,0.97793937,0.9789263,0.9739747,0.9742062306989315,1.5698538,1.5630738,1690,1701,train
630,0.9707599,0.9795597,0.978909,0.9748076,0.9742083129381685,1.569853,1.5643282,1690,1701,train
631,0.970745,0.9769807,0.9788873,0.9734955,0.9742227196126194,1.569852,1.5654743,1690,1701,train
632,0.9706933,0.9782857,0.9789194,0.9743664,0.9742271774254925,1.5698512,1.5895562,1690,1701,train
633,0.97064143,0.97472024,0.978861,0.97230476,0.974208136983702,1.5698502,1.5617446,1690,1701,train
634,0.9705961,0.97738373,0.9788922,0.9738866,0.9742124100301417,1.5698494,1.5879925,1690,1701,train
635,0.9705098,0.9729587,0.97881055,0.9714723,0.9741724831833267,1.5698484,1.5713962,1690,1701,train
636,0.9705571,0.9768516,0.9787972,0.9735685,0.9741839039093037,1.5698476,1.5851334,1690,1701,train
637,0.9706778,0.9776821,0.97881794,0.9739329,0.9741991082712751,1.5698466,1.5772536,1690,1701,train
638,0.9706516,0.9769124,0.978765,0.9735778,0.9741697998888483,1.5698458,1.5834392,1690,1701,train
639,0.97054535,0.9780165,0.9787624,0.9740959,0.9742048862631038,1.5698448,1.5779727,1690,1701,train
640,0.97046244,0.9767977,0.9787235,0.9740741,0.9743211275494326,1.5698439,1.6525062,1690,1701,train
641,0.9702476,0.97789365,0.9787403,0.9744311,0.9743302344516941,1.569843,1.627271,1690,1701,train
642,0.9702313,0.9815849,0.9786769,0.97635525,0.9743998197605118,1.5698421,1.634106,1690,1701,train
643,0.9702492,0.98102164,0.9786867,0.976014,0.9745034770926608,1.5698413,1.6272364,1690,1701,train
644,0.9702808,0.98053646,0.9786643,0.97565544,0.9746700930833896,1.5698403,1.6143411,1690,1701,train
645,0.97021246,0.9781787,0.97862613,0.9745409,0.9747068401994687,1.5698394,1.6263174,1690,1701,train
646,0.9701567,0.98100173,0.97873634,0.975797,0.9747532690747645,1.5698385,1.6004689,1690,1701,train
647,0.97008973,0.975776,0.9786376,0.9729698,0.9747438854683793,1.5698376,1.5838224,1690,1701,train
648,0.97007126,0.9766049,0.97864723,0.9735468,0.9746748694609414,1.5698366,1.6023521,1690,1701,train
649,0.97017545,0.9802204,0.97878945,0.9751153,0.9747359611760574,1.5698357,1.5642924,1690,1701,train
650,0.9701438,0.97738993,0.97853863,0.973892,0.9747625769538597,1.5698348,1.5988184,1690,1701,train
651,0.9701219,0.9770804,0.97866654,0.9734598,0.9747813102728929,1.5698339,1.5614766,1690,1701,train
652,0.9701441,0.9805238,0.97853804,0.97506005,0.9748193752363407,1.5698329,1.5461266,1690,1701,train
653,0.9701239,0.9746975,0.9784733,0.9723434,0.9747603086264618,1.569832,1.5794549,1690,1701,train
654,0.9700562,0.98056614,0.978469,0.9751585,0.9746351274885661,1.5698311,1.5575776,1690,1701,train
655,0.9700167,0.9799757,0.978508,0.9747043,0.9745794547454782,1.5698302,1.5377355,1690,1701,train
656,0.96996593,0.97906137,0.97844386,0.97456706,0.9745126807348443,1.5698292,1.5798968,1690,1701,train
657,0.9698931,0.98071074,0.9784464,0.9752093,0.9745025739504573,1.5698283,1.5554364,1690,1701,train
658,0.96983963,0.9805666,0.9784654,0.9752824,0.974549219531009,1.5698273,1.5727923,1690,1701,train
659,0.9698775,0.9815569,0.9783586,0.97567827,0.9744147762114973,1.5698264,1.562606,1690,1701,train
660,0.9697823,0.98132503,0.9784963,0.975386,0.9742376227354782,1.5698254,1.5372425,1690,1701,train
661,0.96983165,0.97751236,0.97843695,0.97346675,0.9741528567963808,1.5698245,1.5422418,1690,1701,train
662,0.96977437,0.9809221,0.97849023,0.9752302,0.9740640737534498,1.5698236,1.5435067,1690,1701,train
663,0.9697349,0.9807364,0.9782722,0.975017,0.9739799616306872,1.5698227,1.5355463,1690,1701,train
664,0.9696768,0.98030734,0.9784241,0.97510695,0.9738883795982444,1.5698217,1.568757,1690,1701,train
665,0.969668,0.9760528,0.97822875,0.97266734,0.9738301363732926,1.5698208,1.5418128,1690,1701,train
666,0.9697668,0.97875476,0.9782127,0.9741579,0.9737326901464668,1.5698198,1.5559233,1690,1701,train
667,0.96949625,0.9781027,0.9782073,0.97364146,0.9735766465216732,1.5698189,1.533637,1690,1701,train
668,0.96933955,0.97688335,0.9781671,0.9730543,0.9735923171226812,1.5698179,1.5391283,1690,1701,train
669,0.969323,0.9710799,0.97814655,0.97038275,0.973571723420219,1.569817,1.5752758,1690,1701,train
670,0.96935827,0.97676194,0.97813654,0.97307026,0.9735452592981586,1.569816,1.5495647,1690,1701,train
671,0.9693678,0.9774483,0.97811216,0.973516,0.9735343368013442,1.5698149,1.561962,1690,1701,train
672,0.96940845,0.9779644,0.9780928,0.973918,0.9735338401423238,1.569814,1.5794836,1690,1701,train
673,0.9693848,0.9761325,0.97807646,0.97300786,0.9733988473837972,1.569813,1.5829891,1690,1701,train
674,0.9693877,0.97436297,0.9780506,0.97196,0.9732373676571706,1.569812,1.5660919,1690,1701,train
675,0.96928316,0.97368455,0.9780345,0.97176224,0.9731114251461838,1.5698111,1.5847218,1690,1701,train
676,0.96932435,0.9719868,0.97802204,0.9710648,0.973058649685121,1.5698102,1.6057719,1690,1701,train
677,0.9693002,0.97369516,0.97800624,0.9719019,0.9729942423902539,1.5698092,1.601975,1690,1701,train
678,0.96932864,0.9786142,0.97814703,0.97433776,0.9729993551832301,1.5698081,1.588628,1690,1701,train
679,0.96931434,0.9810701,0.9780222,0.9753881,0.9729781923278968,1.5698072,1.5675526,1690,1701,train
680,0.96925193,0.977243,0.9779631,0.97361,0.9729103729536706,1.5698062,1.5906982,1690,1701,train
681,0.9690652,0.9797178,0.9781122,0.9749304,0.9729201889580085,1.5698053,1.5932624,1690,1701,train
682,0.9691038,0.97307086,0.9778997,0.9715624,0.9729356716428484,1.5698043,1.602605,1690,1701,train
683,0.96922535,0.9695804,0.97787726,0.9698492,0.9729446124354204,1.5698032,1.611663,1690,1701,train
684,0.9693408,0.9765113,0.9778661,0.9733523,0.9729599967818447,1.5698023,1.6077443,1690,1701,train
685,0.9693737,0.98199487,0.9786423,0.97639763,0.9729496732868014,1.5698013,1.6147531,1690,1701,train
686,0.96939516,0.97701013,0.9778284,0.9736565,0.9729440865120842,1.5698003,1.614935,1690,1701,train
687,0.9694028,0.97593963,0.97783643,0.9731409,0.9729374458925776,1.5697993,1.618455,1690,1701,train
688,0.96939653,0.97571903,0.9778312,0.97314006,0.9730060691970903,1.5697984,1.6322742,1690,1701,train
689,0.96938676,0.9755896,0.9778032,0.972805,0.9730529214383091,1.5697973,1.6002363,1690,1701,train
690,0.969319,0.97336805,0.9777423,0.9718574,0.9731275471920611,1.5697963,1.6248175,1690,1701,train
691,0.9692798,0.9762305,0.977749,0.9729022,0.9730857789236788,1.5697954,1.5737437,1690,1701,train
692,0.9691367,0.98068875,0.9777775,0.97536767,0.9731215325273058,1.5697943,1.596145,1690,1701,train
693,0.9691001,0.97366095,0.97773373,0.9716979,0.9732032244023129,1.5697933,1.587319,1690,1701,train
694,0.9691349,0.97595304,0.9777702,0.97274053,0.973246703885228,1.5697923,1.5706618,1690,1701,train
695,0.9693603,0.9757658,0.9777409,0.9728009,0.9732419772378424,1.5697913,1.5905982,1690,1701,train
696,0.9694599,0.97244096,0.9776766,0.9710972,0.9732294523455753,1.5697902,1.5917109,1690,1701,train
697,0.96972907,0.97357696,0.9777013,0.97188836,0.9732350532799227,1.5697893,1.6167934,1690,1701,train
698,0.96990293,0.97694814,0.97772497,0.9736286,0.973139160196312,1.5697882,1.6184782,1690,1701,train
699,0.96981716,0.9802972,0.9777403,0.9752151,0.9730398594670017,1.5697873,1.6030242,1690,1701,train
700,0.9696665,0.9823216,0.977752,0.9761345,0.973044709229456,1.5697862,1.5887874,1690,1701,train
701,0.9700203,0.97515976,0.9776337,0.9727748,0.972953251274688,1.5697852,1.6284199,1690,1701,train
702,0.9696956,0.9751614,0.9776138,0.97257704,0.9728212342161845,1.5697842,1.6047361,1690,1701,train
703,0.96952045,0.9739654,0.9775841,0.97167677,0.9728331670150355,1.5697832,1.5702015,1690,1701,train
704,0.9691064,0.9757267,0.9774952,0.9726061,0.9728487520817787,1.5697821,1.5765668,1690,1701,train
705,0.9689351,0.9801917,0.97764313,0.9746428,0.972896257437291,1.5697811,1.5425615,1690,1701,train
706,0.9686963,0.97437,0.97765476,0.97180825,0.9729763846583085,1.5697801,1.5589286,1690,1701,train
707,0.96855783,0.9734398,0.97768056,0.97137266,0.9728773161520643,1.569779,1.5629554,1690,1701,train
708,0.9684641,0.9754885,0.97743976,0.9722469,0.972794744969151,1.569778,1.5491867,1690,1701,train
709,0.96836734,0.97561556,0.9774662,0.97229505,0.9726519377242906,1.569777,1.5463474,1690,1701,train
710,0.9683088,0.9793805,0.97754717,0.97399473,0.972545393624533,1.5697759,1.516823,1690,1701,train
711,0.968269,0.97965276,0.97756195,0.97418284,0.9725971676765305,1.5697749,1.5223831,1690,1701,train
712,0.96823555,0.97659904,0.9774438,0.97259617,0.9725323067199636,1.5697738,1.5224756,1690,1701,train
713,0.96819055,0.974945,0.97771376,0.97187287,0.9724428004153263,1.5697728,1.5292021,1690,1701,train
714,0.9681213,0.9765389,0.9773989,0.9726412,0.9724771165221687,1.5697718,1.5330807,1690,1701,train
715,0.96811426,0.97568977,0.97734666,0.9720591,0.9723978810945897,1.5697707,1.5164677,1690,1701,train
716,0.9680691,0.9789537,0.97771955,0.9737303,0.9721780745461096,1.5697696,1.5059862,1690,1701,train
717,0.96808755,0.9773062,0.9773178,0.97272843,0.9720212681036402,1.5697685,1.4983004,1690,1701,train
718,0.9680671,0.9728045,0.977448,0.9705881,0.9720265824364333,1.5697675,1.5136561,1690,1701,train
719,0.9680152,0.97385097,0.9772707,0.97097075,0.9719293987608517,1.5697664,1.5004368,1690,1701,train
720,0.9681554,0.96955335,0.97716045,0.9691656,0.9718203413010791,1.5697654,1.551223,1690,1701,train
721,0.9682863,0.97416115,0.977225,0.97140425,0.9717610984370156,1.5697644,1.5354224,1690,1701,train
722,0.9684395,0.97327816,0.9772046,0.9710241,0.9716211241874613,1.5697633,1.5446575,1690,1701,train
723,0.96853334,0.9813669,0.9773649,0.9751169,0.9714535283916338,1.5697622,1.5355189,1690,1701,train
724,0.96856475,0.98130286,0.9772883,0.9748951,0.9713808696816146,1.5697612,1.5146904,1690,1701,train
725,0.9683489,0.9714671,0.9771781,0.9702064,0.9714480976469152,1.5697601,1.5584909,1690,1701,train
726,0.9685082,0.9772366,0.9771625,0.9728486,0.9715731455522489,1.569759,1.5219591,1690,1701,train
727,0.96844274,0.978147,0.97719264,0.9733107,0.97152325386972,1.5697579,1.520754,1690,1701,train
728,0.96818435,0.9689152,0.97710156,0.9686432,0.9715341617640781,1.5697569,1.5289682,1690,1701,train
729,0.9679051,0.9720495,0.9770123,0.97038525,0.9714697550321938,1.5697558,1.548973,1690,1701,train
730,0.9675068,0.97231627,0.97705954,0.9703197,0.9714853336239574,1.5697547,1.5229139,1690,1701,train
731,0.9675385,0.9660965,0.9770046,0.9670426,0.971493664087594,1.5697535,1.512129,1690,1701,train
732,0.966972,0.9804461,0.9769625,0.97444767,0.971496597080563,1.5697525,1.5231693,1690,1701,train
733,0.9673409,0.97262454,0.97693336,0.9706971,0.9714189032138695,1.5697514,1.5535679,1690,1701,train
734,0.96729773,0.9718466,0.97690815,0.9703047,0.971432551462452,1.5697503,1.5549054,1690,1701,train
735,0.96725875,0.975651,0.9769313,0.9721765,0.9713530456261679,1.5697492,1.5456262,1690,1701,train
736,0.9672108,0.9711431,0.976913,0.97008455,0.9714019504669857,1.5697482,1.5717264,1690,1701,train
737,0.967221,0.9739115,0.9768458,0.971534,0.9714062571114958,1.569747,1.5781705,1690,1701,train
738,0.96712375,0.9748417,0.9768858,0.97197616,0.9713349780811206,1.5697459,1.5729858,1690,1701,train
739,0.9670921,0.9659632,0.97679716,0.9674649,0.9712562991953229,1.5697448,1.5782325,1690,1701,train
740,0.96703225,0.9718815,0.97694194,0.9705283,0.9712477926557121,1.5697438,1.5790294,1690,1701,train
741,0.96682715,0.97959864,0.9773562,0.9744716,0.9712919188467958,1.5697426,1.567199,1690,1701,train
742,0.9669105,0.9789681,0.9769628,0.97382426,0.9713325017794288,1.5697415,1.5391576,1690,1701,train
743,0.9669121,0.9738623,0.97714615,0.9712629,0.9713012001981856,1.5697404,1.5391436,1690,1701,train
744,0.96682435,0.9736696,0.97682464,0.97118425,0.9712684980286221,1.5697392,1.5511503,1690,1701,train
745,0.9666336,0.9765029,0.97683936,0.9726292,0.971216272591159,1.5697381,1.5505545,1690,1701,train
746,0.96695936,0.9731822,0.97676,0.97110337,0.9710666873953898,1.569737,1.5735976,1690,1701,train
747,0.9672027,0.9752569,0.9767926,0.9720285,0.9709806991837272,1.5697359,1.5562642,1690,1701,train
748,0.96730393,0.9787593,0.976938,0.97381896,0.9709625715412564,1.5697348,1.552269,1690,1701,train
749,0.96738046,0.9769194,0.9766447,0.97270656,0.9709396151867655,1.5697336,1.5398474,1690,1701,train
750,0.96723825,0.97120607,0.9766383,0.9698636,0.9709570936220717,1.5697325,1.5490074,1690,1701,train
751,0.9673419,0.9696423,0.97662693,0.96906286,0.9707994332599347,1.5697314,1.5490514,1690,1701,train
752,0.96683025,0.9750227,0.9766388,0.97187924,0.9707634611216945,1.5697303,1.5572212,1690,1701,train
753,0.9669541,0.97101253,0.97659004,0.9695829,0.970766560156849,1.5697291,1.5282276,1690,1701,train
754,0.96678483,0.9739498,0.97659874,0.97102636,0.9707150474558752,1.5697279,1.5211316,1690,1701,train
755,0.9661403,0.9703665,0.9768548,0.96898925,0.9706599529692422,1.5697268,1.4880983,1690,1701,train
756,0.9664776,0.9744893,0.97659266,0.97136503,0.9706068781362268,1.5697256,1.5290463,1690,1701,train
757,0.96644425,0.9697199,0.9765886,0.9687285,0.9704004122248432,1.5697246,1.5045065,1690,1701,train
758,0.96639675,0.9735991,0.976457,0.9706752,0.9704326413982234,1.5697234,1.5043281,1690,1701,train
759,0.9663177,0.9686171,0.9767182,0.9680933,0.9703287778995363,1.5697222,1.4918234,1690,1701,train
760,0.96632826,0.97412086,0.976413,0.9710975,0.9702559229366103,1.5697211,1.5247042,1690,1701,train
761,0.96618956,0.9690701,0.97643185,0.96846557,0.9701878554151344,1.5697199,1.5175986,1690,1701,train
762,0.9662322,0.97260535,0.9764006,0.9703342,0.970002277917693,1.5697187,1.5263338,1690,1701,train
763,0.96620935,0.97532976,0.97635734,0.9716852,0.9699585802376843,1.5697175,1.5227687,1690,1701,train
764,0.96607673,0.9745671,0.9766549,0.9714836,0.9698725102287757,1.5697165,1.5368216,1690,1701,train
765,0.9659581,0.9715202,0.9763695,0.9699877,0.9697005436637287,1.5697153,1.552607,1690,1701,train
766,0.9654499,0.96667236,0.9763472,0.9673717,0.9696505854114963,1.5697141,1.5360473,1690,1701,train
767,0.9654716,0.96985286,0.97625184,0.9689531,0.9696857162182071,1.5697129,1.5337064,1690,1701,train
768,0.96580946,0.9734125,0.9763138,0.9705932,0.969670480447994,1.5697117,1.5102228,1690,1701,train
769,0.9658453,0.9688235,0.9762372,0.9683585,0.9695942305395636,1.5697105,1.5257087,1690,1701,train
770,0.96572363,0.97057605,0.9762379,0.96894455,0.9695013344845262,1.5697094,1.4879861,1690,1701,train
771,0.9660416,0.9729367,0.9762156,0.9700178,0.9694120717112176,1.5697082,1.4725368,1690,1701,train
772,0.96613634,0.9723669,0.9764917,0.9698031,0.9693527854097076,1.569707,1.4736055,1690,1701,train
773,0.96618783,0.96611166,0.9762112,0.9666942,0.9693402259473137,1.5697058,1.4923098,1690,1701,train
774,0.966279,0.97498536,0.9761162,0.97103727,0.9694696585114815,1.5697047,1.4722953,1690,1701,train
775,0.96628934,0.9735191,0.9762926,0.97029483,0.9694676159267694,1.5697035,1.4677652,1690,1701,train
776,0.9662338,0.9767717,0.9762076,0.9720399,0.9694896786787162,1.5697023,1.4806513,1690,1701,train
777,0.96607643,0.9750923,0.9761096,0.9709082,0.9694381819586294,1.5697011,1.4500612,1690,1701,train
778,0.9658218,0.97427607,0.97611415,0.9705694,0.9694880926961756,1.5696999,1.4594246,1690,1701,train
779,0.96548307,0.9683136,0.97602713,0.96755564,0.969504471644566,1.5696987,1.4657153,1690,1701,train
780,0.96542317,0.97108597,0.9765477,0.96876925,0.9694240552163418,1.5696974,1.4255338,1690,1701,train
781,0.9652921,0.96969247,0.97602046,0.9682276,0.969315950502031,1.5696962,1.4620072,1690,1701,train
782,0.96520936,0.9723116,0.9760064,0.96949863,0.9692664170738073,1.569695,1.4543482,1690,1701,train
783,0.9651687,0.97098505,0.9763286,0.9685926,0.9691500338104537,1.5696938,1.4167827,1690,1701,train
784,0.9651211,0.97223735,0.97664803,0.96964115,0.9691038269003225,1.5696926,1.4572374,1690,1701,train
785,0.965068,0.96922326,0.97607553,0.9679259,0.9690370823956685,1.5696913,1.4527655,1690,1701,train
786,0.96502864,0.97211856,0.9762163,0.96951336,0.9691306726978612,1.5696901,1.4619178,1690,1701,train
787,0.9649998,0.97612715,0.9764019,0.9716416,0.9690918485849027,1.5696889,1.4663883,1690,1701,train
788,0.9649374,0.96991014,0.9758968,0.96833587,0.969051862064589,1.5696877,1.4653423,1690,1701,train
789,0.9649374,0.9736856,0.9759524,0.9703462,0.9690342145386186,1.5696864,1.4738097,1690,1701,train
790,0.96484834,0.9699143,0.97586936,0.9685087,0.9690510492359306,1.5696852,1.487022,1690,1701,train
791,0.9648599,0.96660054,0.9758898,0.9666977,0.969103510587576,1.569684,1.471852,1690,1701,train
792,0.96476626,0.9679781,0.9761713,0.96764755,0.9690766963683889,1.5696827,1.493556,1690,1701,train
793,0.9647458,0.97093886,0.9757576,0.9692156,0.9691147352064549,1.5696815,1.5128006,1690,1701,train
794,0.96467793,0.9705522,0.97573125,0.9690931,0.9691556429681333,1.5696802,1.5227402,1690,1701,train
795,0.96480656,0.97242975,0.97574735,0.96976256,0.9692031625683312,1.569679,1.4869466,1690,1701,train
796,0.96494853,0.9760854,0.97621447,0.97166485,0.969247736711629,1.5696777,1.4774251,1690,1701,train
797,0.96504354,0.9719724,0.97567785,0.96969724,0.9694041922212726,1.5696765,1.5095695,1690,1701,train
798,0.96450126,0.9711952,0.9757874,0.96933764,0.9693791115671786,1.5696752,1.5108325,1690,1701,train
799,0.9650252,0.96550095,0.9757577,0.9666001,0.9692369841870806,1.569674,1.5324409,1690,1701,train
800,0.96493244,0.9735641,0.9756345,0.9704527,0.9692353970853246,1.5696727,1.5038877,1690,1701,train
801,0.9648312,0.9666319,0.97598946,0.9669721,0.9692091672587017,1.5696715,1.5004369,1690,1701,train
802,0.9645016,0.96948934,0.97621936,0.96829647,0.9691962569620375,1.5696702,1.4771397,1690,1701,train
803,0.9644891,0.96802026,0.9755915,0.96757376,0.9692165918556752,1.5696689,1.499223,1690,1701,train
804,0.96436346,0.96518016,0.9755266,0.96618617,0.969247563650382,1.5696677,1.5087855,1690,1701,train
805,0.9642357,0.9748309,0.97585344,0.97095436,0.9691892519183636,1.5696664,1.479638,1690,1701,train
806,0.9642138,0.97366,0.97572964,0.9702404,0.9692205316715268,1.5696651,1.46914,1690,1701,train
807,0.96417534,0.97534084,0.9759959,0.97105074,0.9691506967762752,1.5696639,1.4553548,1690,1701,train
808,0.9641762,0.9753642,0.9757867,0.9711639,0.9690860771828104,1.5696626,1.4739797,1690,1701,train
809,0.96411353,0.9750893,0.9760523,0.9711421,0.9689906111373375,1.5696613,1.4805236,1690,1701,train
810,0.9640841,0.9720599,0.97567785,0.9694287,0.968917845957376,1.56966,1.4713072,1690,1701,train
811,0.9640201,0.9669733,0.97575617,0.96677977,0.9687623447349845,1.5696586,1.4626156,1690,1701,train
812,0.96399945,0.9699422,0.9755925,0.9683765,0.9686773263378349,1.5696573,1.4773886,1690,1701,train
813,0.9639518,0.973828,0.9757465,0.9702986,0.9687173458378823,1.5696561,1.465259,1690,1701,train
814,0.96390754,0.9760958,0.9758322,0.9715308,0.9685877752591724,1.5696548,1.4718119,1690,1701,train
815,0.9638443,0.9752958,0.9755751,0.97097933,0.9684180338770434,1.5696535,1.4620098,1690,1701,train
816,0.9639536,0.97027713,0.975525,0.96865094,0.9683035429129903,1.5696522,1.4920394,1690,1701,train
817,0.9638797,0.9704375,0.97544134,0.9684553,0.9681242360715135,1.5696509,1.4606425,1690,1701,train
818,0.9637632,0.96807516,0.97542,0.9673375,0.968014156311551,1.5696496,1.472062,1690,1701,train
819,0.96367675,0.97122765,0.97543764,0.9687324,0.9678336656963665,1.5696483,1.4453325,1690,1701,train
820,0.9635446,0.9652339,0.97539675,0.9659457,0.9676634768791034,1.569647,1.4799508,1690,1701,train
821,0.96367663,0.96555185,0.9754633,0.9658819,0.9676067220664712,1.5696455,1.4503416,1690,1701,train
822,0.963927,0.95802736,0.9751785,0.9622394,0.9676222117204196,1.5696442,1.4832124,1690,1701,train
823,0.9640095,0.9687971,0.975311,0.9675541,0.9675325674268919,1.5696429,1.4567584,1690,1701,train
824,0.9641822,0.96920305,0.9753384,0.96805096,0.9674052979203996,1.5696416,1.4913092,1690,1701,train
825,0.9639288,0.96828306,0.97538114,0.96736753,0.9672544662046436,1.5696403,1.4639266,1690,1701,train
826,0.96384346,0.9681835,0.9751111,0.96752185,0.9672064968269243,1.569639,1.4970405,1690,1701,train
827,0.9638025,0.9716553,0.97522426,0.9691739,0.9672574118667553,1.5696375,1.4789516,1690,1701,train
828,0.96364456,0.96793056,0.9751587,0.96733844,0.9671404347967354,1.5696362,1.4889953,1690,1701,train
829,0.96359026,0.9582322,0.9750155,0.9625638,0.9671590967654352,1.5696349,1.5149287,1690,1701,train
830,0.96355027,0.96579283,0.97499126,0.9663864,0.9670710781346239,1.5696335,1.5110183,1690,1701,train
831,0.9634263,0.96093756,0.974968,0.96378577,0.9671147827580897,1.5696322,1.4968715,1690,1701,train
832,0.9632785,0.96431816,0.97492737,0.96595037,0.9671309023859754,1.5696309,1.5516373,1690,1701,train
833,0.96320856,0.9658288,0.9749359,0.96670014,0.9670413589325598,1.5696294,1.54875,1690,1701,train
834,0.96309865,0.9659421,0.9748838,0.9666166,0.9670184944091031,1.5696281,1.5330374,1690,1701,train
835,0.9630268,0.9657726,0.975249,0.9667034,0.9670620021005726,1.5696267,1.5433079,1690,1701,train
836,0.9629913,0.96795183,0.9749086,0.9676566,0.9670387176133923,1.5696254,1.5340008,1690,1701,train
837,0.9630052,0.97322285,0.975194,0.9705019,0.9668813009148919,1.569624,1.5443275,1690,1701,train
838,0.96293074,0.96224344,0.97483927,0.9645441,0.9668997493213198,1.5696226,1.5119005,1690,1701,train
839,0.9626214,0.9664016,0.9748082,0.9668746,0.966831933331742,1.5696212,1.538147,1690,1701,train
840,0.9627312,0.97424555,0.9749843,0.9706162,0.966767097440745,1.5696199,1.5007771,1690,1701,train
841,0.9624464,0.9678836,0.9749509,0.9673383,0.9668954857915881,1.5696185,1.4981155,1690,1701,train
842,0.9626216,0.96815884,0.97510433,0.96750087,0.9669249279061057,1.569617,1.4962236,1690,1701,train
843,0.96282744,0.96397793,0.9749265,0.9656265,0.9669398153869475,1.5696157,1.5333155,1690,1701,train
844,0.963034,0.9725873,0.9750036,0.96956325,0.9668330502252283,1.5696143,1.4749821,1690,1701,train
845,0.96314406,0.9722166,0.9749,0.96960354,0.9668021639931382,1.5696129,1.5061095,1690,1701,train
846,0.9628816,0.9664646,0.9747853,0.9667136,0.9666825783717222,1.5696115,1.5152411,1690,1701,train
847,0.9630533,0.965709,0.9746765,0.9664146,0.9666889693845439,1.5696101,1.5290911,1690,1701,train
848,0.9627606,0.9699338,0.97475624,0.9684579,0.9664023718441345,1.5696087,1.5128119,1690,1701,train
849,0.96277326,0.9728409,0.9747234,0.96995044,0.9664777188628262,1.5696073,1.514828,1690,1701,train
850,0.9621446,0.96957004,0.9747066,0.96826196,0.966432031533359,1.5696058,1.5130538,1690,1701,train
851,0.9622403,0.9702928,0.9751879,0.96887255,0.9663381688958986,1.5696044,1.5281997,1690,1701,train
852,0.96201855,0.9574085,0.97459984,0.96169037,0.9663307931245378,1.569603,1.4720387,1690,1701,train
853,0.9620925,0.9688094,0.97510374,0.9681031,0.9662950532012632,1.5696015,1.5292258,1690,1701,train
854,0.96206564,0.9585366,0.9745337,0.9623092,0.9663174565903323,1.5696001,1.4792293,1690,1701,train
855,0.96199065,0.96016526,0.9746145,0.963435,0.9661764317037762,1.5695987,1.5127451,1690,1701,train
856,0.9619197,0.96001923,0.9746078,0.96306795,0.966107209340789,1.5695972,1.477223,1690,1701,train
857,0.96184707,0.9595566,0.9744086,0.9630321,0.9660054173873618,1.5695958,1.5076444,1690,1701,train
858,0.9618455,0.9690437,0.9746077,0.967681,0.9660403394083807,1.5695944,1.4778717,1690,1701,train
859,0.9617901,0.96594846,0.9744731,0.96622396,0.9660307686823743,1.569593,1.4969423,1690,1701,train
860,0.96169466,0.9629836,0.9743478,0.96436477,0.9659336160221611,1.5695915,1.4585049,1690,1701,train
861,0.961584,0.96375144,0.9743907,0.9650962,0.9658380649608538,1.5695901,1.4986714,1690,1701,train
862,0.9610607,0.9679302,0.9744905,0.96704113,0.965781991553424,1.5695885,1.4726547,1690,1701,train
863,0.96141034,0.9584985,0.9744271,0.9623597,0.9656351886399372,1.5695871,1.4909649,1690,1701,train
864,0.9613248,0.96838474,0.9743161,0.96729726,0.9655122416400348,1.5695857,1.4807901,1690,1701,train
865,0.96122247,0.97235,0.97468185,0.9695579,0.9654763535658237,1.5695843,1.4987323,1690,1701,train
866,0.96126246,0.9604453,0.9742876,0.96328014,0.9654977499794508,1.5695827,1.4861286,1690,1701,train
867,0.96138936,0.9623269,0.97423345,0.9643934,0.9654693979931005,1.5695813,1.5063604,1690,1701,train
868,0.9614098,0.96331763,0.9742037,0.96470636,0.9655203257749786,1.5695798,1.4836996,1690,1701,train
869,0.9614873,0.9695153,0.9741843,0.96797514,0.9655680383811429,1.5695783,1.4970195,1690,1701,train
870,0.96153456,0.9681076,0.9745199,0.96734685,0.9656716421043486,1.5695769,1.4980489,1690,1701,train
871,0.9620587,0.96948487,0.97439635,0.96798676,0.9656251153118618,1.5695753,1.49401,1690,1701,train
872,0.961832,0.96101856,0.9741828,0.9633978,0.9656220733513038,1.5695739,1.4678767,1690,1701,train
873,0.96224535,0.9716134,0.97464895,0.96919507,0.9655708977893974,1.5695723,1.5013286,1690,1701,train
874,0.96229047,0.9572326,0.97443044,0.9617126,0.9657693620489232,1.5695708,1.490776,1690,1701,train
875,0.9620295,0.9651433,0.97442067,0.96607906,0.9657537866716984,1.5695693,1.5310194,1690,1701,train
876,0.96177256,0.96831626,0.97426295,0.96734536,0.9660084434844898,1.5695678,1.4925249,1690,1701,train
877,0.96105665,0.96325266,0.97402966,0.9647022,0.9661517871252504,1.5695664,1.492432,1690,1701,train
878,0.9612524,0.9690006,0.97425294,0.96767753,0.9660471905781327,1.5695648,1.4907193,1690,1701,train
879,0.96086454,0.9620513,0.9740292,0.9641776,0.9660585434747826,1.5695633,1.5032967,1690,1701,train
880,0.96054465,0.9725927,0.9744679,0.96932656,0.9660475014649108,1.5695617,1.461726,1690,1701,train
881,0.9608438,0.96808136,0.97400427,0.96698797,0.9659663762194767,1.5695603,1.4712379,1690,1701,train
882,0.9607249,0.96467876,0.97423387,0.965208,0.9659807195819653,1.5695587,1.4591807,1690,1701,train
883,0.9607218,0.95825815,0.9739474,0.96190935,0.9659184222340098,1.5695572,1.4652699,1690,1701,train
884,0.96074116,0.96155596,0.97443247,0.96348035,0.9657852751538499,1.5695556,1.4369972,1690,1701,train
885,0.96048784,0.9670142,0.97402805,0.96618557,0.9656748898858246,1.5695541,1.4390904,1690,1701,train
886,0.9604915,0.96748805,0.9742148,0.9663222,0.9655379553192447,1.5695525,1.4206388,1690,1701,train
887,0.9602891,0.9669655,0.9742446,0.9661428,0.9655798949639751,1.569551,1.43043,1690,1701,train
888,0.959339,0.9723985,0.9741399,0.96872485,0.9655880235610761,1.5695494,1.4101331,1690,1701,train
889,0.9580568,0.9670338,0.9740339,0.96585107,0.9653420107961577,1.5695479,1.3968397,1690,1701,train
890,0.96094173,0.9647038,0.97388166,0.9649756,0.9652452485423849,1.5695463,1.4397452,1690,1701,train
891,0.9591108,0.9694009,0.97405815,0.9672667,0.9654853069181819,1.5695448,1.4213959,1690,1701,train
892,0.95879775,0.96806693,0.9738431,0.96637094,0.9654457528862762,1.5695432,1.4016029,1690,1701,train
893,0.96002,0.96257067,0.97410405,0.96392095,0.9653723082357754,1.5695416,1.4373353,1690,1701,train
894,0.958199,0.95838034,0.9740888,0.9616238,0.965368819744636,1.56954,1.4185659,1690,1701,train
895,0.9586048,0.9619942,0.9737302,0.9633084,0.9654119620196298,1.5695385,1.4096452,1690,1701,train
896,0.9593997,0.97038376,0.97396874,0.9692581,0.9653223880044722,1.5695369,1.6060333,1690,1701,train
897,0.9594578,0.96362853,0.973815,0.9656754,0.9653909173353752,1.5695353,1.594279,1690,1701,train
898,0.9590308,0.9668219,0.9739245,0.9672902,0.9653464394824228,1.5695337,1.589094,1690,1701,train
899,0.9592339,0.95416963,0.97352976,0.96085423,0.9654983915289668,1.5695322,1.6038475,1690,1701,train
900,0.95945245,0.97282785,0.9738134,0.97026753,0.965249572962037,1.5695305,1.5815595,1690,1701,train
901,0.9589107,0.95250595,0.97375035,0.95999175,0.9653345680379194,1.5695289,1.5956804,1690,1701,train
902,0.95902866,0.96072733,0.9736455,0.96431345,0.9653739627226822,1.5695273,1.6139274,1690,1701,train
903,0.9595374,0.9626908,0.9735986,0.9653901,0.9652406129065355,1.5695257,1.6243755,1690,1701,train
904,0.9583201,0.9683352,0.973799,0.96799314,0.9651670532117393,1.569524,1.5843235,1690,1701,train
905,0.9585429,0.95813197,0.9737936,0.96289223,0.9650283597890331,1.5695225,1.5977733,1690,1701,train
906,0.9594145,0.9631387,0.973626,0.96563447,0.9651441427734405,1.5695208,1.625479,1690,1701,train
907,0.9581311,0.9544902,0.97373325,0.9611651,0.9650787125303452,1.5695192,1.6157544,1690,1701,train
908,0.95812947,0.9576771,0.9737513,0.96252745,0.9651359647175399,1.5695176,1.582845,1690,1701,train
909,0.95794463,0.9717317,0.9735735,0.9696649,0.9651173717027831,1.569516,1.5834527,1690,1701,train
910,0.9578619,0.96859586,0.97385776,0.9683969,0.9649953740056407,1.5695143,1.6156462,1690,1701,train
911,0.957941,0.9683658,0.9734246,0.96788144,0.9650272200427567,1.5695126,1.5799545,1690,1701,train
912,0.95722485,0.9568057,0.9735743,0.96226156,0.9650596306910773,1.5695109,1.6100063,1690,1701,train
913,0.95758253,0.9630133,0.97334313,0.965067,0.9651014578161605,1.5695093,1.5724168,1690,1701,train
914,0.9574542,0.97052336,0.9734647,0.9691277,0.9651758712402632,1.5695077,1.5964404,1690,1701,train
915,0.95682245,0.9716802,0.97344184,0.9695569,0.965118569703625,1.569506,1.5773987,1690,1701,train
916,0.9569271,0.9548032,0.9734859,0.9608316,0.9652101385822466,1.5695044,1.5628738,1690,1701,train
917,0.95804954,0.9594149,0.9734955,0.9635308,0.9653951176395501,1.5695027,1.6046517,1690,1701,train
918,0.95866525,0.96283245,0.97354877,0.9652207,0.9654168916595174,1.569501,1.5963352,1690,1701,train
919,0.9592061,0.95747524,0.9732332,0.96263903,0.9654138727461608,1.5694993,1.6245365,1690,1701,train
920,0.958651,0.9608598,0.9732671,0.9640554,0.9652598181430385,1.5694976,1.5854398,1690,1701,train
921,0.95885044,0.9689616,0.97336495,0.96851194,0.9651818931252418,1.5694959,1.6216061,1690,1701,train
922,0.9582978,0.9616221,0.97325635,0.964414,0.9651901908008562,1.5694942,1.5820096,1690,1701,train
923,0.9578651,0.9593873,0.97309345,0.96341187,0.9652298584797255,1.5694926,1.6038496,1690,1701,train
924,0.9586408,0.9569863,0.97316897,0.9622188,0.9653607555098589,1.5694908,1.605623,1690,1701,train
925,0.9580659,0.9690188,0.973372,0.9683441,0.9652605195415633,1.5694891,1.597315,1690,1701,train
926,0.95756865,0.95420325,0.9732062,0.9609594,0.9654511214774006,1.5694875,1.6242614,1690,1701,train
927,0.9583691,0.95915735,0.9730859,0.9634352,0.965207276546738,1.5694857,1.6212682,1690,1701,train
928,0.9579517,0.96532476,0.9729344,0.96677166,0.9651966788411669,1.569484,1.6487004,1690,1701,train
929,0.9570636,0.9687001,0.97323877,0.96834797,0.9650928215042411,1.5694823,1.6216439,1690,1701,train
930,0.9574122,0.9672277,0.9732847,0.96771604,0.965135585184637,1.5694805,1.6349131,1690,1701,train
931,0.95844936,0.96085656,0.97302425,0.96468365,0.965068365003893,1.5694788,1.6696515,1690,1701,train
932,0.95720065,0.97037494,0.97319174,0.9693951,0.9650693081948444,1.5694771,1.6465298,1690,1701,train
933,0.9570047,0.96013296,0.9729829,0.9638716,0.9648625718815066,1.5694753,1.6168003,1690,1701,train
934,0.9582074,0.95659983,0.97302485,0.9623809,0.9647433529280892,1.5694736,1.653842,1690,1701,train
935,0.95703137,0.9656718,0.9730799,0.96680784,0.9648186572491775,1.5694718,1.6271247,1690,1701,train
936,0.95730764,0.9603689,0.97298265,0.9642297,0.964732188212223,1.56947,1.6458504,1690,1701,train
937,0.95758593,0.9608054,0.97314227,0.96432453,0.9647947100526911,1.5694683,1.6254331,1690,1701,train
938,0.9569931,0.95970976,0.97298634,0.9637697,0.9645595453736242,1.5694666,1.6306472,1690,1701,train
939,0.9570575,0.9631305,0.9728551,0.9655662,0.9644606917432785,1.5694648,1.6406662,1690,1701,train
940,0.9573279,0.96762884,0.97281986,0.9678683,0.9644099113319909,1.569463,1.6423798,1690,1701,train
941,0.9567221,0.9560976,0.9726802,0.9619273,0.9644255198779607,1.5694612,1.6400381,1690,1701,train
942,0.95651275,0.9535005,0.97277415,0.96046937,0.9642545055142937,1.5694594,1.6211314,1690,1701,train
943,0.95726174,0.9626181,0.9726558,0.9650058,0.9642333372059906,1.5694577,1.6101159,1690,1701,train
944,0.9572031,0.95807326,0.97266173,0.9632558,0.9641547784677875,1.5694559,1.6796594,1690,1701,train
945,0.9566331,0.9631411,0.9728411,0.9655261,0.9639601805150032,1.5694541,1.6355311,1690,1701,train
946,0.95738643,0.9595222,0.9727114,0.9640744,0.9636794262278988,1.5694523,1.6878011,1690,1701,train
947,0.9572189,0.96645236,0.9725777,0.9674777,0.9637286654077204,1.5694504,1.6752822,1690,1701,train
948,0.95668745,0.95861816,0.97283757,0.96338403,0.9636222003645477,1.5694486,1.656076,1690,1701,train
949,0.9572128,0.95518446,0.9724951,0.9617227,0.9635021063195213,1.5694468,1.6775365,1690,1701,train
950,0.9577584,0.9564346,0.9725901,0.9624041,0.9633725746406421,1.569445,1.6799569,1690,1701,train
951,0.9568029,0.95479417,0.97237474,0.96151483,0.9634683380207982,1.5694431,1.6800867,1690,1701,train
952,0.95704734,0.9635516,0.9725533,0.96581835,0.9633589017166629,1.5694413,1.6542158,1690,1701,train
953,0.9572076,0.95505124,0.972633,0.9614737,0.9632685047634545,1.5694395,1.65131,1690,1701,train
954,0.95659757,0.963011,0.97251743,0.96545714,0.9632437368038946,1.5694376,1.6448739,1690,1701,train
955,0.9562812,0.95857,0.9723339,0.9633891,0.9632754276872134,1.5694358,1.6747504,1690,1701,train
956,0.9561501,0.9559437,0.97255087,0.9617351,0.963264032344075,1.5694339,1.630027,1690,1701,train
957,0.9566208,0.95447546,0.9723236,0.96148217,0.9633088601483457,1.569432,1.6975068,1690,1701,train
958,0.9559251,0.9591013,0.9724711,0.9633845,0.9634271975135733,1.5694302,1.636937,1690,1701,train
959,0.95601517,0.95407367,0.9724126,0.9607255,0.9633634800443523,1.5694283,1.6274638,1690,1701,train
960,0.95621485,0.9542843,0.9725462,0.9608107,0.9632811566333666,1.5694264,1.6207525,1690,1701,train
961,0.9561528,0.9638165,0.9723573,0.96568537,0.9633730997687818,1.5694246,1.6272893,1690,1701,train
962,0.9563554,0.9537491,0.9722337,0.9606142,0.9632679928822915,1.5694227,1.6394571,1690,1701,train
963,0.95668775,0.9624096,0.972308,0.9649512,0.9633272181278218,1.5694208,1.6268388,1690,1701,train
964,0.9561365,0.95834255,0.9722253,0.9629465,0.9633653359279676,1.5694189,1.638092,1690,1701,train
965,0.9568834,0.9647044,0.9720986,0.9659734,0.9634442632013289,1.569417,1.6148208,1690,1701,train
966,0.9561559,0.9637196,0.9722817,0.96545744,0.9635693453028179,1.5694151,1.6077428,1690,1701,train
967,0.95674366,0.95935965,0.97216547,0.96331644,0.9635397288147762,1.5694132,1.6216326,1690,1701,train
968,0.95568943,0.95306337,0.9720799,0.9600683,0.9634525871589343,1.5694113,1.6201357,1690,1701,train
969,0.9560469,0.9588877,0.9720684,0.9632824,0.9633850303130006,1.5694094,1.649818,1690,1701,train
970,0.95651007,0.9617914,0.971999,0.96458036,0.9633591067761363,1.5694075,1.6293205,1690,1701,train
971,0.9563473,0.9708873,0.9720383,0.96932656,0.9634294445974756,1.5694056,1.640635,1690,1701,train
972,0.9560307,0.95965576,0.9721314,0.9634406,0.9634842194852699,1.5694035,1.6193439,1690,1701,train
973,0.9563987,0.96277547,0.97214496,0.9651123,0.9635868539461453,1.5694016,1.628567,1690,1701,train
974,0.95634663,0.9618362,0.9720135,0.9646854,0.9636211214676893,1.5693997,1.6389245,1690,1701,train
975,0.9560492,0.95990926,0.9718612,0.96354806,0.9635881807769408,1.5693977,1.6247268,1690,1701,train
976,0.95627135,0.95654577,0.9720106,0.9619871,0.9635782937300875,1.5693958,1.6393842,1690,1701,train
977,0.9555459,0.95513517,0.97181404,0.9611919,0.9635236054674224,1.5693938,1.6361005,1690,1701,train
978,0.9562121,0.95661455,0.97187024,0.96220136,0.9635848883172952,1.5693918,1.6654632,1690,1701,train
979,0.9559322,0.9587712,0.97188604,0.9632753,0.9634667964437116,1.5693898,1.6616608,1690,1701,train
980,0.9554189,0.9598816,0.9719624,0.96353775,0.9634954461198166,1.5693879,1.6221693,1690,1701,train
981,0.9556402,0.96305,0.97186613,0.96528983,0.9633248523868122,1.5693859,1.6414549,1690,1701,train
982,0.955788,0.95390254,0.97179973,0.9606562,0.9633402564403418,1.5693839,1.6479799,1690,1701,train
983,0.9557637,0.95901877,0.9717103,0.9631686,0.9632235107482383,1.569382,1.6384306,1690,1701,train
984,0.9557879,0.9611669,0.97168875,0.9644404,0.9631438683217455,1.5693799,1.6604463,1690,1701,train
985,0.95580137,0.9595002,0.971678,0.9635565,0.9629801233310508,1.5693779,1.6567597,1690,1701,train
986,0.95551944,0.9565978,0.9716362,0.96210784,0.9627962722932362,1.5693759,1.6620755,1690,1701,train
987,0.95564216,0.9657575,0.9716106,0.9667607,0.9629032692378954,1.5693738,1.6599035,1690,1701,train
988,0.9559667,0.95592946,0.97162664,0.9615276,0.962795552571437,1.5693718,1.6331553,1690,1701,train
989,0.95565754,0.9555732,0.97155833,0.96137524,0.962710783093782,1.5693698,1.6388168,1690,1701,train
990,0.955943,0.9558244,0.9714911,0.9616267,0.9627748256769152,1.5693678,1.6558807,1690,1701,train
991,0.9555667,0.9581015,0.971461,0.9627703,0.9627817087557881,1.5693657,1.6544311,1690,1701,train
992,0.95520633,0.9739344,0.97156525,0.97098124,0.9629136164659803,1.5693637,1.6668869,1690,1701,train
993,0.9551641,0.95657194,0.9714565,0.96205395,0.9629397608298922,1.5693616,1.6624641,1690,1701,train
994,0.95564336,0.9640986,0.9714411,0.96592873,0.962862134298397,1.5693595,1.6667991,1690,1701,train
995,0.954906,0.9586129,0.97142416,0.9631422,0.9628691693367797,1.5693575,1.6690699,1690,1701,train
996,0.9554489,0.97153914,0.9715169,0.9699361,0.9628244653509686,1.5693554,1.6900388,1690,1701,train
997,0.95490974,0.95477784,0.9713386,0.9612743,0.9630702150813146,1.5693533,1.6826603,1690,1701,train
998,0.95500666,0.9588945,0.97129756,0.9633665,0.9631220529461535,1.5693512,1.6826906,1690,1701,train
999,0.9554877,0.95606947,0.97133213,0.96192604,0.9632208722480362,1.5693492,1.6819075,1690,1701,train
1000,0.9551429,0.95668334,0.97126544,0.9622142,0.9633061747598943,1.569347,1.6808081,1690,1701,train
1001,0.9550174,0.95534575,0.9712405,0.96166253,0.9632592774179313,1.569345,1.697607,1690,1701,train
1002,0.9552933,0.9555142,0.97121143,0.9617815,0.9633018970840331,1.5693429,1.7024926,1690,1701,train
1003,0.95481694,0.9559809,0.9712256,0.96201426,0.9633268635430313,1.5693407,1.7013958,1690,1701,train
1004,0.95464337,0.95964074,0.97119915,0.9638274,0.9634076337919013,1.5693386,1.6953803,1690,1701,train
1005,0.95492184,0.9583714,0.97111505,0.9629625,0.9634369153334044,1.5693364,1.6714076,1690,1701,train
1006,0.9549737,0.9689181,0.9710856,0.96842027,0.9634786998594397,1.5693344,1.6812049,1690,1701,train
1007,0.9543991,0.9537908,0.971059,0.9606115,0.9635582804293555,1.5693322,1.6716156,1690,1701,train
1008,0.95450157,0.96106935,0.97103286,0.96440905,0.963489059849823,1.5693301,1.6822962,1690,1701,train
1009,0.9548801,0.96320766,0.9710082,0.9652189,0.9633888750832795,1.569328,1.6485782,1690,1701,train
1010,0.95465225,0.9633404,0.97097266,0.9656011,0.9633449539435689,1.5693257,1.6880645,1690,1701,train
1011,0.95470643,0.96529627,0.97099304,0.9663849,0.963357120368218,1.5693235,1.661204,1690,1701,train
1012,0.9551464,0.95523435,0.970899,0.9614639,0.9633465696305508,1.5693214,1.6904886,1690,1701,train
1013,0.9550557,0.9597193,0.970947,0.963446,0.963392974262475,1.5693192,1.6514181,1690,1701,train
1014,0.9550562,0.9670024,0.97089475,0.96726024,0.9632556450461558,1.569317,1.6646547,1690,1701,train
1015,0.95427793,0.95323706,0.9708495,0.96038026,0.9631124393186814,1.5693148,1.6841617,1690,1701,train
1016,0.9544973,0.96301997,0.9708396,0.96545076,0.9629307785250865,1.5693127,1.6936518,1690,1701,train
1017,0.9543443,0.95525163,0.9707873,0.961131,0.9628793287391517,1.5693104,1.6520602,1690,1701,train
1018,0.95473474,0.9580846,0.97076213,0.96248615,0.962721121489649,1.5693083,1.6416425,1690,1701,train
1019,0.95459783,0.95801616,0.9707438,0.96225595,0.962596835089714,1.569306,1.6183324,1690,1701,train
1020,0.9539584,0.95726585,0.97069997,0.9620424,0.9626767451612994,1.5693038,1.6403593,1690,1701,train
1021,0.9542017,0.9639185,0.9706784,0.96527904,0.9625826170186216,1.5693016,1.6214263,1690,1701,train
1022,0.9543302,0.9551736,0.9706544,0.9608425,0.9625029725994121,1.5692993,1.6256448,1690,1701,train
1023,0.95398074,0.9574778,0.9706279,0.9617915,0.9623557304255205,1.5692971,1.5986389,1690,1701,train
1024,0.9539629,0.9581908,0.9705899,0.961837,0.9623151980776533,1.5692948,1.5608623,1690,1701,train
1025,0.9543043,0.95875764,0.970562,0.96200013,0.962228679001365,1.5692925,1.5462655,1690,1701,train
1026,0.9542352,0.9659425,0.97052693,0.96572006,0.9620454786206998,1.5692903,1.553572,1690,1701,train
1027,0.9541914,0.95731795,0.97050375,0.96114236,0.9618855289428342,1.569288,1.5330285,1690,1701,train
1028,0.95415056,0.95516384,0.970474,0.96019596,0.9617501615778433,1.5692858,1.5526677,1690,1701,train
1029,0.95395625,0.95174515,0.9704453,0.95831865,0.9616401286899288,1.5692835,1.5374478,1690,1701,train
1030,0.9539858,0.95589983,0.9704163,0.9603926,0.9614899319704047,1.5692812,1.5325052,1690,1701,train
1031,0.95355034,0.9549526,0.970388,0.9597838,0.9612311862498197,1.5692788,1.5180718,1690,1701,train
1032,0.95363545,0.9551892,0.9703601,0.9599949,0.9611157938203616,1.5692766,1.5299314,1690,1701,train
1033,0.9535909,0.9552376,0.970332,0.9599116,0.9610244630214491,1.5692743,1.5175743,1690,1701,train
1034,0.95365036,0.9613452,0.9702884,0.9630835,0.9609580718608626,1.5692719,1.525377,1690,1701,train
1035,0.95336443,0.96072686,0.9702681,0.9627044,0.9608221693636457,1.5692697,1.5182407,1690,1701,train
1036,0.9538965,0.95575905,0.970242,0.9599172,0.9608599527059812,1.5692673,1.4884266,1690,1701,train
1037,0.953968,0.9534037,0.97021425,0.95863605,0.9609691176523062,1.5692649,1.4796877,1690,1701,train
1038,0.9531733,0.95822537,0.9701592,0.96122605,0.9608200363182297,1.5692626,1.496939,1690,1701,train
1039,0.9535371,0.96108127,0.97012055,0.9624399,0.9608118300443242,1.5692602,1.4682449,1690,1701,train
1040,0.9532714,0.9598617,0.9701098,0.96227986,0.9608732986664397,1.5692579,1.5250727,1690,1701,train
1041,0.9532817,0.96280825,0.970055,0.9637588,0.9608175215446819,1.5692555,1.5235868,1690,1701,train
1042,0.9532725,0.9558071,0.97006476,0.9603484,0.9608842342239199,1.5692531,1.5433899,1690,1701,train
1043,0.9528375,0.96213686,0.970011,0.96329504,0.9609089172932024,1.5692507,1.5101221,1690,1701,train
1044,0.9527075,0.9593828,0.96999705,0.96195126,0.9609348384498773,1.5692483,1.518173,1690,1701,train
1045,0.9532308,0.9536722,0.96997184,0.9587997,0.9610712136692112,1.5692459,1.4901668,1690,1701,train
1046,0.9533211,0.95998406,0.9699121,0.9619595,0.9612353013167468,1.5692436,1.484218,1690,1701,train
1047,0.95288235,0.9565991,0.9698849,0.96039426,0.9613503671080535,1.5692412,1.5049666,1690,1701,train
1048,0.9527659,0.9584388,0.9698358,0.961371,0.9614641760661191,1.5692387,1.5109897,1690,1701,train
1049,0.95240074,0.9546146,0.9698818,0.9595006,0.9616218739267047,1.5692363,1.519681,1690,1701,train
1050,0.95267093,0.95431364,0.9697914,0.959145,0.9616375428819661,1.5692338,1.4977105,1690,1701,train
1051,0.95279855,0.960763,0.9697796,0.9624302,0.961788994162549,1.5692314,1.4970814,1690,1701,train
1052,0.9531659,0.9576529,0.9697857,0.960964,0.9620733257679005,1.5692289,1.5117922,1690,1701,train
1053,0.9525908,0.9556057,0.96980834,0.9598323,0.9622503785712171,1.5692265,1.5005692,1690,1701,train
1054,0.95312756,0.95293105,0.9696654,0.9586078,0.9623374528648594,1.569224,1.5220963,1690,1701,train
1055,0.9528571,0.95929384,0.9696684,0.96157914,0.9623052446622589,1.5692215,1.4880856,1690,1701,train
1056,0.95254344,0.9652926,0.96952486,0.9649157,0.9621872279934844,1.569219,1.525772,1690,1701,train
1057,0.95280975,0.96945846,0.9695138,0.96700835,0.9622138451713188,1.5692165,1.5219085,1690,1701,train
1058,0.9525602,0.9538232,0.9695889,0.95908546,0.96228909667191,1.5692141,1.5270662,1690,1701,train
1059,0.95251364,0.95913386,0.9694568,0.96185434,0.9621840155908329,1.5692115,1.5379901,1690,1701,train
1060,0.9522497,0.9672358,0.9693691,0.9659791,0.962198194546082,1.569209,1.5391264,1690,1701,train
1061,0.95237756,0.95837593,0.9694033,0.961517,0.962379870691427,1.5692065,1.5456516,1690,1701,train
1062,0.95224607,0.9566072,0.96933436,0.9605343,0.9624143481678311,1.569204,1.5379884,1690,1701,train
1063,0.95273525,0.9657537,0.96935916,0.9649912,0.9622205299141127,1.5692015,1.5111902,1690,1701,train
1064,0.952255,0.9614594,0.96926135,0.96273375,0.9622559499293803,1.5691988,1.5061924,1690,1701,train
1065,0.951562,0.96684253,0.9691497,0.965325,0.9623548281838196,1.5691963,1.490304,1690,1701,train
1066,0.9522507,0.9629345,0.9691893,0.96332586,0.9624315603148741,1.5691937,1.4886765,1690,1701,train
1067,0.95230144,0.9655344,0.9692036,0.9649181,0.9624523305982398,1.5691912,1.5205753,1690,1701,train
1068,0.9521143,0.9616396,0.96907926,0.9627094,0.9623954471028127,1.5691886,1.4974246,1690,1701,train
1069,0.9522292,0.96461976,0.9691864,0.9643529,0.962455525173096,1.569186,1.5090933,1690,1701,train
1070,0.9517929,0.9574959,0.96908426,0.96060145,0.9623030118230415,1.5691835,1.4982433,1690,1701,train
1071,0.95192116,0.95464087,0.9691149,0.9591272,0.9620929924952119,1.5691808,1.4953336,1690,1701,train
1072,0.9517598,0.96555436,0.96899587,0.9643908,0.9620723480230229,1.5691782,1.4611359,1690,1701,train
1073,0.9519545,0.95811975,0.96902084,0.96037495,0.9618601621057105,1.5691756,1.4335816,1690,1701,train
1074,0.95184684,0.9557968,0.9691261,0.9593888,0.9617497616411941,1.569173,1.4548652,1690,1701,train
1075,0.95200264,0.9655205,0.9689607,0.9642952,0.9616166885453723,1.5691704,1.4526144,1690,1701,train
1076,0.95187753,0.9571382,0.9689783,0.95996815,0.9613486913101471,1.5691676,1.4463822,1690,1701,train
1077,0.95126826,0.95558643,0.96897817,0.95919245,0.9612853673268973,1.569165,1.4484218,1690,1701,train
1078,0.95177,0.9533447,0.96900123,0.9580298,0.961068825812555,1.5691624,1.4455465,1690,1701,train
1079,0.9518048,0.95599174,0.9689324,0.9594181,0.9608938454685022,1.5691596,1.4520699,1690,1701,train
1080,0.95135784,0.958918,0.9688043,0.9608762,0.9606586718627117,1.569157,1.4514809,1690,1701,train
1081,0.9518122,0.9689385,0.96871376,0.96577305,0.9604695958403426,1.5691543,1.4273372,1690,1701,train
1082,0.951567,0.9583456,0.96868074,0.96022,0.9602222424373692,1.5691516,1.4107306,1690,1701,train
1083,0.95146626,0.9542732,0.9686427,0.9579288,0.9601438704502158,1.5691489,1.3860166,1690,1701,train
1084,0.951631,0.96491194,0.9687443,0.9634416,0.9599654326897955,1.5691462,1.3927863,1690,1701,train
1085,0.9511351,0.9635525,0.968686,0.96281564,0.9598058186902114,1.5691434,1.402858,1690,1701,train
1086,0.9512369,0.95146805,0.96859443,0.9566121,0.95975746842681,1.5691407,1.4015927,1690,1701,train
1087,0.9511483,0.9546914,0.9684899,0.9579169,0.95954370612602,1.5691379,1.3630607,1690,1701,train
1088,0.95122147,0.96777976,0.968357,0.96379447,0.9593942879269423,1.5691352,1.268642,1690,1701,train
1089,0.95096964,0.9566325,0.96843827,0.9581588,0.9594223307816179,1.5691324,1.2731144,1690,1701,train
1090,0.9508282,0.9532768,0.9685316,0.9564379,0.959378318650622,1.5691297,1.2694341,1690,1701,train
1091,0.951065,0.9527898,0.9684475,0.9562,0.9594328651617259,1.5691268,1.2732623,1690,1701,train
1092,0.9512476,0.9585538,0.96836054,0.95919144,0.9593791327618555,1.5691241,1.2817253,1690,1701,train
1093,0.95102143,0.95674974,0.96825707,0.95805585,0.9593950328547192,1.5691212,1.2586528,1690,1701,train
1094,0.95081425,0.953067,0.9685537,0.9563833,0.959286633497783,1.5691185,1.2751808,1690,1701,train
1095,0.9506931,0.9648433,0.96814895,0.962197,0.9593702971526008,1.5691156,1.2628798,1690,1701,train
1096,0.9508763,0.9615314,0.9683114,0.960956,0.9590807075546093,1.5691128,1.3129944,1690,1701,train
1097,0.95060706,0.95455694,0.9683341,0.95715564,0.9589833648545535,1.56911,1.2831565,1690,1701,train
1098,0.9510558,0.96350837,0.9680904,0.96180797,0.9590443435248415,1.5691072,1.3003488,1690,1701,train
1099,0.9506458,0.9585265,0.9680984,0.95919883,0.9589439884417619,1.5691043,1.2921574,1690,1701,train
1100,0.95127964,0.9548496,0.9682698,0.9574621,0.9588349808188115,1.5691015,1.3042324,1690,1701,train
1101,0.9509644,0.9622755,0.9679234,0.96101785,0.9589604888162718,1.5690986,1.2857317,1690,1701,train
1102,0.95074636,0.95357454,0.96805406,0.9569328,0.9588709376444536,1.5690956,1.3255479,1690,1701,train
1103,0.95088553,0.9613064,0.96761453,0.96037525,0.9586824357715985,1.5690928,1.2769166,1690,1701,train
1104,0.9507082,0.95501864,0.9677886,0.9573459,0.9583612738515396,1.5690899,1.293875,1690,1701,train
1105,0.9506683,0.9543498,0.9679214,0.95714253,0.9582941182747833,1.5690869,1.3067744,1690,1701,train
1106,0.95080644,0.9553715,0.96800405,0.95775735,0.9581864721054083,1.569084,1.3156791,1690,1701,train
1107,0.95046544,0.9674138,0.9677778,0.9635451,0.9583121831358732,1.5690811,1.2782929,1690,1701,train
1108,0.95101136,0.9628848,0.967813,0.96127766,0.958319843973748,1.5690781,1.2827681,1690,1701,train
1109,0.9504472,0.9546306,0.9677112,0.9569343,0.9582721923034067,1.5690751,1.2701238,1690,1701,train
1110,0.9502724,0.95729923,0.9676945,0.9584962,0.9582717825408811,1.5690722,1.2949365,1690,1701,train
1111,0.9503747,0.9593414,0.9675544,0.9592053,0.9584236270401192,1.5690693,1.2583836,1690,1701,train
1112,0.95034266,0.96259224,0.96763366,0.96095824,0.9584184848586197,1.5690662,1.2673556,1690,1701,train
1113,0.9504421,0.9565105,0.96775424,0.9577369,0.9582892313865022,1.5690632,1.2496238,1690,1701,train
1114,0.95027065,0.9530715,0.96784294,0.9560003,0.9585372238966984,1.5690602,1.249362,1690,1701,train
1115,0.95006293,0.95373476,0.96780306,0.956127,0.958593902559466,1.5690572,1.2246643,1690,1701,train
1116,0.9500647,0.9519889,0.9676762,0.95534277,0.9586325689642778,1.5690541,1.2415519,1690,1701,train
1117,0.94999015,0.9555633,0.9677278,0.95721453,0.9584728170662585,1.5690511,1.2457013,1690,1701,train
1118,0.94991666,0.9541201,0.9676356,0.95680165,0.9583599755654676,1.569048,1.2880157,1690,1701,train
1119,0.949686,0.9597962,0.9674461,0.959369,0.9583292445951808,1.5690451,1.2532495,1690,1701,train
1120,0.9496618,0.95036626,0.9675479,0.9548532,0.9582483319440118,1.569042,1.2867599,1690,1701,train
1121,0.949757,0.9698683,0.9671777,0.96445346,0.9583208209517808,1.5690389,1.2540921,1690,1701,train
1122,0.94973564,0.95456576,0.96750355,0.9568304,0.958391115258719,1.5690358,1.2676833,1690,1701,train
1123,0.94980335,0.95416313,0.9675177,0.95672673,0.958446729525828,1.5690327,1.2797036,1690,1701,train
1124,0.9496029,0.95754594,0.9675241,0.9585159,0.9586437266867341,1.5690296,1.2870487,1690,1701,train
1125,0.9494468,0.955963,0.96726775,0.95779276,0.9587869895185066,1.5690265,1.3050926,1690,1701,train
1126,0.94942665,0.9500517,0.96734214,0.95475394,0.9588145629439083,1.5690233,1.3003876,1690,1701,train
1127,0.9496921,0.9702947,0.96695304,0.9648081,0.9590066708835965,1.5690202,1.2775059,1690,1701,train
1128,0.94949347,0.9620931,0.966928,0.960645,0.9589874569390829,1.5690169,1.2812868,1690,1701,train
1129,0.949632,0.9698728,0.9671788,0.9646683,0.9588888958344391,1.5690138,1.2800031,1690,1701,train
1130,0.9486723,0.95628035,0.9669424,0.95784336,0.958850878844704,1.5690106,1.3012017,1690,1701,train
1131,0.9494997,0.962893,0.96695745,0.9609938,0.9587458171494135,1.5690074,1.2731324,1690,1701,train
1132,0.9490568,0.95912075,0.9666937,0.95904624,0.9585833516948913,1.5690042,1.2784034,1690,1701,train
1133,0.9491442,0.9573606,0.9670572,0.958272,0.9585703670399172,1.569001,1.2827529,1690,1701,train
1134,0.94934165,0.956122,0.96716917,0.95775616,0.9585071728303263,1.5689977,1.2936608,1690,1701,train
1135,0.9496143,0.9653849,0.9671456,0.9622793,0.9584022205062985,1.5689945,1.2691132,1690,1701,train
1136,0.949077,0.9564638,0.96634114,0.9575763,0.958148324702077,1.5689913,1.2750962,1690,1701,train
1137,0.94946426,0.9539199,0.9668221,0.9565847,0.9580718286904167,1.568988,1.298283,1690,1701,train
1138,0.9489727,0.9648553,0.9665538,0.9619354,0.9578561442427763,1.5689847,1.2777936,1690,1701,train
1139,0.949004,0.951787,0.9668883,0.9554376,0.9574067597885968,1.5689814,1.2892301,1690,1701,train
1140,0.9484897,0.95303273,0.9669601,0.9562113,0.9571503790286758,1.5689782,1.3038881,1690,1701,train
1141,0.94872516,0.9489615,0.9667907,0.954205,0.9568211961371266,1.5689749,1.317793,1690,1701,train
1142,0.9489921,0.96048355,0.96645224,0.95998675,0.9565445169870082,1.5689715,1.3154695,1690,1701,train
1143,0.9486424,0.9645114,0.96620464,0.96165794,0.9562537566962259,1.5689682,1.2757876,1690,1701,train
1144,0.9491333,0.9566574,0.96652794,0.9579758,0.956092183617026,1.5689648,1.3062289,1690,1701,train
1145,0.9487141,0.9563194,0.9661702,0.95756274,0.9558950134110739,1.5689615,1.2875531,1690,1701,train
1146,0.9490294,0.9578762,0.96585405,0.95815414,0.9556713361356931,1.568958,1.2721326,1690,1701,train
1147,0.9486055,0.95586795,0.9663148,0.95742565,0.9556831703639147,1.5689547,1.2946461,1690,1701,train
1148,0.94843507,0.94793147,0.96675307,0.9536546,0.9553794960272983,1.5689514,1.3159349,1690,1701,train
1149,0.93878406,0.94667554,0.96583116,0.9526982,0.9551276419275374,1.5689479,1.3049668,1690,1701,train
1150,0.93995446,0.9434527,0.9661474,0.95110965,0.9548940932000678,1.5689445,1.3024774,1690,1701,train
1151,0.9402831,0.945866,0.96535194,0.95206714,0.9546462002231075,1.568941,1.2926869,1690,1701,train
1152,0.9403277,0.94267905,0.966382,0.9488216,0.954238854223252,1.5689375,1.0642908,1690,1701,train
1153,0.9406851,0.94560623,0.9665017,0.9505597,0.9540095274106742,1.5689341,1.0904889,1690,1701,train
1154,0.94105643,0.95734096,0.96492255,0.95604825,0.9536210244183831,1.5689306,1.0761895,1690,1701,train
1155,0.941492,0.94600964,0.96604705,0.9503833,0.9535318628267573,1.5689272,1.0573645,1690,1701,train
1156,0.9414114,0.9466719,0.9659627,0.951121,0.9533491854019545,1.5689237,1.1086823,1690,1701,train
1157,0.9416759,0.9502692,0.96551263,0.95265937,0.9532892750736061,1.5689201,1.0856885,1690,1701,train
1158,0.94117534,0.95139384,0.96529245,0.9532358,0.9531796048817573,1.5689167,1.0925304,1690,1701,train
1159,0.9417131,0.95146525,0.96549237,0.9529748,0.9530290683999618,1.5689131,1.0502388,1690,1701,train
1160,0.940996,0.94373083,0.96532726,0.94939274,0.952912829894796,1.5689095,1.0999589,1690,1701,train
1161,0.9420737,0.9557408,0.96572316,0.955366,0.9527584206596307,1.568906,1.0687608,1690,1701,train
1162,0.94141465,0.94468147,0.96491265,0.9497106,0.952815567303037,1.5689024,1.0918893,1690,1701,train
1163,0.941877,0.9584524,0.9643829,0.9562188,0.9527398546586076,1.5688988,1.0438102,1690,1701,train
1164,0.9411851,0.9696102,0.96430916,0.96205384,0.9529424123054896,1.5688952,1.0628071,1690,1701,train
1165,0.9411479,0.9538715,0.96499836,0.95420647,0.952895212687553,1.5688915,1.0653527,1690,1701,train
1166,0.94170016,0.9580368,0.9652998,0.95654225,0.9529275791086307,1.568888,1.0818604,1690,1701,train
1167,0.941735,0.95210445,0.9654554,0.9535959,0.9529137926875471,1.5688843,1.0873331,1690,1701,train
1168,0.9411441,0.9573231,0.9634352,0.955587,0.9529837220842894,1.5688807,1.0653745,1690,1701,train
1169,0.9416596,0.946131,0.9649074,0.95027107,0.9532714886447414,1.568877,1.0701045,1690,1701,train
1170,0.94154775,0.95227945,0.9648634,0.95358115,0.953319848323595,1.5688733,1.0922903,1690,1701,train
1171,0.9420602,0.9448247,0.964424,0.9492546,0.9533201252963848,1.5688696,1.0418386,1690,1701,train
1172,0.94136333,0.94597137,0.9651902,0.9503986,0.9534813864519458,1.5688658,1.0872011,1690,1701,train
1173,0.9418149,0.9536545,0.9632273,0.95372015,0.9537075417895217,1.5688621,1.0723602,1690,1701,train
1174,0.94219434,0.9478377,0.9653705,0.9514952,0.9537930534340421,1.5688584,1.0993724,1690,1701,train
1175,0.9415857,0.9504883,0.9646656,0.9523712,0.95383400058833,1.5688546,1.0621104,1690,1701,train
1176,0.94125634,0.9489608,0.9656179,0.95204604,0.9538505654534212,1.5688508,1.0892353,1690,1701,train
1177,0.94171983,0.95425415,0.96397305,0.95417225,0.953896448692875,1.5688471,1.0679213,1690,1701,train
1178,0.94166416,0.94739306,0.96496606,0.95089334,0.9538095010744598,1.5688432,1.0656663,1690,1701,train
1179,0.9409711,0.9663594,0.96306604,0.95994115,0.9537608911489833,1.5688394,1.0446273,1690,1701,train
1180,0.9417934,0.95698845,0.96440166,0.9558373,0.9537459013186408,1.5688355,1.0879571,1690,1701,train
1181,0.9413004,0.9527953,0.9632081,0.95333916,0.953674813624184,1.5688317,1.0799805,1690,1701,train
1182,0.94194007,0.95080626,0.9651926,0.9528765,0.9536667769580236,1.5688279,1.0882732,1690,1701,train
1183,0.9415182,0.9661242,0.96401453,0.9601324,0.9533743243848685,1.5688239,1.0543425,1690,1701,train
1184,0.9418428,0.9558655,0.96369946,0.9546222,0.9533250354748815,1.56882,1.0305533,1690,1701,train
1185,0.9414497,0.95287347,0.9640767,0.9535393,0.9532601970403354,1.5688162,1.0736262,1690,1701,train
1186,0.94141316,0.9681802,0.96260273,0.9609978,0.9530770100335546,1.5688123,1.0739516,1690,1701,train
1187,0.94181025,0.94705164,0.9635628,0.95046335,0.9529577571890999,1.5688083,1.0763242,1690,1701,train
1188,0.94146025,0.9541241,0.9649432,0.9541315,0.9527525136285862,1.5688043,1.0420884,1690,1701,train
1189,0.94107,0.9470953,0.96468914,0.9506839,0.9527146454351253,1.5688003,1.0669184,1690,1701,train
1190,0.941895,0.95286787,0.96274555,0.95315,0.9527181412490938,1.5687963,1.0661603,1690,1701,train
1191,0.94153,0.94863796,0.96312666,0.9512462,0.9526418646590491,1.5687923,1.0860369,1690,1701,train
1192,0.94143075,0.94662917,0.96445996,0.9504764,0.9525891084946679,1.5687883,1.0774821,1690,1701,train
1193,0.94183636,0.9537729,0.9634762,0.95373774,0.9525454497927948,1.5687842,1.0596944,1690,1701,train
1194,0.9409155,0.94382393,0.9636457,0.94897604,0.9526159330514116,1.5687802,1.0934582,1690,1701,train
1195,0.94131655,0.9557265,0.9625766,0.9543036,0.9526331779959273,1.5687761,1.0338309,1690,1701,train
1196,0.9414595,0.95951676,0.9635303,0.9568145,0.9526380621381474,1.5687721,1.0756404,1690,1701,train
1197,0.94196516,0.9519196,0.9641645,0.9531602,0.9524879564909127,1.5687679,1.0841814,1690,1701,train
1198,0.9411253,0.94789124,0.9639754,0.95088553,0.9523800651890151,1.5687639,1.0632155,1690,1701,train
1199,0.9411762,0.9495252,0.9640808,0.95202917,0.9524889163283407,1.5687597,1.0978538,1690,1701,train
1200,0.941029,0.951697,0.96251464,0.9524349,0.952439557962181,1.5687555,1.0587342,1690,1701,train
1201,0.941127,0.9623818,0.9637189,0.9582168,0.9522925014673762,1.5687513,1.0625987,1690,1701,train
1202,0.9415968,0.9472797,0.963681,0.9504267,0.9522601121138541,1.5687472,1.0541008,1690,1701,train
1203,0.9408312,0.9485161,0.9612279,0.95068437,0.9521405961767739,1.568743,1.0817058,1690,1701,train
1204,0.9406557,0.946481,0.96377724,0.9499166,0.9521739818711641,1.5687387,1.0387241,1690,1701,train
1205,0.9404082,0.9539549,0.9636572,0.95410556,0.9525136610057854,1.5687345,1.0878645,1690,1701,train
1206,0.94168437,0.9472555,0.9636374,0.9502056,0.9526058177223733,1.5687302,1.0299075,1690,1701,train
1207,0.94109374,0.9424975,0.96099746,0.9475511,0.9525920949372709,1.568726,1.0811677,1690,1701,train
1208,0.94113606,0.96462196,0.96093357,0.95853007,0.9525953921545953,1.5687217,1.0443084,1690,1701,train
1209,0.94124854,0.94942355,0.9617305,0.9511966,0.9525908025186429,1.5687174,1.0726763,1690,1701,train
1210,0.94193226,0.9491551,0.96340334,0.9511088,0.9527247809545971,1.568713,1.0287505,1690,1701,train
1211,0.9409551,0.9477092,0.9635948,0.9507793,0.9527515406697389,1.5687087,1.0729591,1690,1701,train
1212,0.94132173,0.95567966,0.96257555,0.95437396,0.9530222159219832,1.5687042,1.0453724,1690,1701,train
1213,0.94106275,0.9506589,0.96101344,0.9515299,0.9530000701037161,1.5686998,1.0577558,1690,1701,train
1214,0.9411618,0.95173216,0.96139497,0.9521167,0.9531352982836461,1.5686955,1.0511067,1690,1701,train
1215,0.9405201,0.9632894,0.9618118,0.9581885,0.9530774899812952,1.568691,1.0594685,1690,1701,train
1216,0.94058764,0.9566357,0.9625877,0.9547733,0.9531071776698115,1.5686866,1.0341645,1690,1701,train
1217,0.941038,0.9617301,0.9619711,0.95742464,0.9530976078780596,1.5686822,1.0586728,1690,1701,train
1218,0.94047415,0.9572061,0.9626278,0.9552638,0.9531221715962944,1.5686777,1.057305,1690,1701,train
1219,0.941133,0.9544103,0.96283686,0.95404595,0.9531542271332938,1.5686731,1.0766715,1690,1701,train
1220,0.940508,0.9484264,0.96070945,0.95040107,0.9529158521117963,1.5686687,1.0681701,1690,1701,train
1221,0.9405379,0.95385075,0.9632558,0.9537739,0.9529947275380677,1.5686642,1.06584,1690,1701,train
1222,0.9411161,0.9573981,0.9609091,0.9546562,0.953130771653188,1.5686595,1.0224173,1690,1701,train
1223,0.9404358,0.9560709,0.9597895,0.95399916,0.9531672563017279,1.568655,1.0583749,1690,1701,train
1224,0.9403206,0.9470761,0.9615722,0.9495147,0.9529849297732994,1.5686504,1.0183514,1690,1701,train
1225,0.94077337,0.9524625,0.9609307,0.9521409,0.9529522676538343,1.5686458,1.0223722,1690,1701,train
1226,0.94097847,0.96154875,0.9594919,0.9563504,0.952915578422399,1.5686412,1.0128007,1690,1701,train
1227,0.93996537,0.95185673,0.9609196,0.9521946,0.9528197370211684,1.5686365,1.067032,1690,1701,train
1228,0.94011164,0.9627226,0.9619968,0.95762444,0.9527292107965305,1.5686319,1.0204144,1690,1701,train
1229,0.9405747,0.9462208,0.9604985,0.94907516,0.9526527682642059,1.5686271,1.0500513,1690,1701,train
1230,0.940645,0.94135076,0.9630328,0.9472176,0.9523952003796807,1.5686225,1.0511702,1690,1701,train
1231,0.9401772,0.951136,0.9625721,0.95181507,0.9523670546840753,1.5686177,1.0162952,1690,1701,train
1232,0.9398752,0.9536956,0.96207684,0.95319015,0.9523004241288024,1.5686129,1.0394173,1690,1701,train
1233,0.9399706,0.95302635,0.9596583,0.952186,0.9520189670390911,1.5686082,1.0307004,1690,1701,train
1234,0.940063,0.9530921,0.96269655,0.9529306,0.9520839382566225,1.5686034,1.0268464,1690,1701,train
1235,0.9407808,0.94697076,0.96117175,0.94944066,0.951756130943177,1.5685985,1.0278366,1690,1701,train
1236,0.9400744,0.9521917,0.9600086,0.9518645,0.9514878744468508,1.5685937,1.0330299,1690,1701,train
1237,0.94025534,0.9518232,0.9606867,0.95180464,0.9512758748917653,1.5685889,1.0284594,1690,1701,train
1238,0.9404009,0.95098317,0.96155363,0.95168275,0.9511757848575764,1.568584,1.0400683,1690,1701,train
1239,0.9404514,0.946678,0.9617381,0.94962096,0.951037853249437,1.5685791,1.051203,1690,1701,train
1240,0.9408619,0.95338345,0.96014476,0.95244217,0.9509077569634035,1.5685741,1.0252024,1690,1701,train
1241,0.94046617,0.9510709,0.9609604,0.9517769,0.9511197751657824,1.5685692,1.063809,1690,1701,train
1242,0.94034845,0.9506179,0.9591484,0.950955,0.9510411972416041,1.5685642,1.0457641,1690,1701,train
1243,0.9406589,0.94421864,0.96039516,0.9481691,0.9512327154667158,1.5685592,1.0673146,1690,1701,train
1244,0.9401906,0.9482442,0.9619682,0.95053726,0.9513434828921982,1.5685542,1.0585877,1690,1701,train
1245,0.9407462,0.95701396,0.9612849,0.95482427,0.9512735408735656,1.5685492,1.0556879,1690,1701,train
1246,0.94001484,0.9460826,0.9599328,0.9491731,0.9511875753472833,1.568544,1.0875164,1690,1701,train
1247,0.939799,0.9475108,0.9595167,0.94983184,0.9512163945001753,1.568539,1.0913446,1690,1701,train
1248,0.94049674,0.94686365,0.9602171,0.94961905,0.9512711617654224,1.5685339,1.0847986,1690,1701,train
1249,0.94025546,0.957668,0.959425,0.9547535,0.9512148309113979,1.5685288,1.061787,1690,1701,train
1250,0.93973815,0.9630105,0.95873797,0.9574406,0.9511191639282439,1.5685236,1.0772924,1690,1701,train
1251,0.9397527,0.95104873,0.9579457,0.951123,0.9509819041167938,1.5685184,1.0753238,1690,1701,train
1252,0.9401826,0.9507966,0.9605931,0.95168227,0.9513108467320555,1.5685133,1.0803188,1690,1701,train
1253,0.9394527,0.94793344,0.96016717,0.9502399,0.9511970006630142,1.568508,1.0954138,1690,1701,train
1254,0.94025075,0.94714206,0.959275,0.9492406,0.9514148927978967,1.5685028,1.0493351,1690,1701,train
1255,0.9402358,0.9563488,0.95887434,0.9541735,0.9512603889694355,1.5684975,1.0896575,1690,1701,train
1256,0.9399739,0.94882166,0.9607463,0.9505922,0.9512078190241728,1.5684922,1.0657648,1690,1701,train
1257,0.93933445,0.9426058,0.95954174,0.9473874,0.9511389870892273,1.5684868,1.0978711,1690,1701,train
1258,0.9396007,0.9508902,0.9578829,0.95080155,0.9510909252162347,1.5684816,1.0478216,1690,1701,train
1259,0.94022965,0.9474642,0.96031165,0.94987214,0.9511313708363666,1.5684762,1.0754353,1690,1701,train
1260,0.93954325,0.96162033,0.9590882,0.95666325,0.9511346642221664,1.5684707,1.0585917,1690,1701,train
1261,0.9396278,0.9572791,0.9614626,0.95512587,0.9510319848806094,1.5684654,1.0706849,1690,1701,train
1262,0.93968916,0.9543288,0.9599815,0.9530315,0.9511351821989367,1.5684599,1.0430933,1690,1701,train
1263,0.93975145,0.9538025,0.9615308,0.9530781,0.9510730467862258,1.5684544,1.0353605,1690,1701,train
1264,0.9399442,0.95146775,0.9603268,0.95171237,0.9510713429201738,1.5684489,1.0500933,1690,1701,train
1265,0.93994546,0.9515084,0.96081746,0.95189226,0.951021442101659,1.5684434,1.0548824,1690,1701,train
1266,0.9400649,0.94029033,0.9610433,0.9463652,0.9510126690253706,1.5684378,1.0725526,1690,1701,train
1267,0.9391613,0.9550876,0.9587342,0.9532657,0.9510496047421078,1.5684322,1.0616162,1690,1701,train
1268,0.9399178,0.942362,0.9605793,0.9472675,0.9510377004920307,1.5684266,1.0674498,1690,1701,train
1269,0.939015,0.9433926,0.9613379,0.9479456,0.9510004531000691,1.568421,1.0633773,1690,1701,train
1270,0.9398768,0.9554925,0.95909804,0.95326453,0.9508929662562358,1.5684154,1.0253694,1690,1701,train
1271,0.93939173,0.9484467,0.96068275,0.9503435,0.9510794135759272,1.5684097,1.060668,1690,1701,train
1272,0.93896836,0.9483564,0.95838165,0.9496279,0.9511650472203508,1.568404,1.0475848,1690,1701,train
1273,0.9392228,0.9474375,0.9602253,0.94982815,0.9512975357926503,1.5683982,1.0743116,1690,1701,train
1274,0.9394753,0.95571643,0.9587436,0.9535761,0.9512354420393319,1.5683925,1.0600287,1690,1701,train
1275,0.93938106,0.94893295,0.9606209,0.9506464,0.9512607294701998,1.5683867,1.0691874,1690,1701,train
1276,0.93941075,0.9583706,0.9588876,0.9548367,0.9512701915391356,1.5683808,1.0441654,1690,1701,train
1277,0.93917346,0.93402505,0.9607167,0.94334525,0.9514629289032788,1.568375,1.1040107,1690,1701,train
1278,0.9387878,0.9586229,0.95624876,0.9543312,0.9515363411559299,1.5683692,1.0454792,1690,1701,train
1279,0.9391608,0.94731134,0.95897996,0.9493672,0.9516723310856234,1.5683632,1.0630548,1690,1701,train
1280,0.939276,0.95329916,0.9554538,0.9539985,0.9515982497472419,1.5683573,1.3604766,1690,1701,train
1281,0.93969864,0.9392047,0.9606209,0.9480739,0.951730276931339,1.5683514,1.3615069,1690,1701,train
1282,0.93867964,0.94826865,0.96018296,0.9527466,0.9517442820638963,1.5683453,1.3801119,1690,1701,train
1283,0.9391018,0.9511024,0.959427,0.95411015,0.9518368766125058,1.5683393,1.3924952,1690,1701,train
1284,0.93839943,0.9449306,0.95796585,0.95062155,0.9518940938907037,1.5683333,1.3948904,1690,1701,train
1285,0.93864137,0.9490142,0.9583185,0.95301753,0.9518039277861803,1.5683272,1.4223475,1690,1701,train
1286,0.9385569,0.94937,0.9596477,0.9535246,0.9521799993332836,1.5683211,1.4224107,1690,1701,train
1287,0.9383261,0.94019294,0.9586495,0.9488389,0.9523046507838224,1.5683149,1.4521397,1690,1701,train
1288,0.93941766,0.95091075,0.960119,0.95460206,0.9523240654608054,1.5683087,1.4438484,1690,1701,train
1289,0.9390798,0.94745624,0.96099687,0.95302707,0.952383597147303,1.5683025,1.4407116,1690,1701,train
1290,0.93846816,0.9477733,0.95803213,0.95279026,0.9526040285637205,1.5682963,1.4805083,1690,1701,train
1291,0.93921375,0.9513813,0.9588927,0.9546165,0.9527595897390767,1.5682901,1.4528698,1690,1701,train
1292,0.93835545,0.9310175,0.95953906,0.94515973,0.9529365222692412,1.5682838,1.5482057,1690,1701,train
1293,0.9386981,0.94971836,0.9593406,0.9542759,0.9532311017814044,1.5682775,1.5015925,1690,1701,train
1294,0.9387196,0.9462362,0.9572265,0.9523288,0.9531881056200777,1.568271,1.5440267,1690,1701,train
1295,0.9384546,0.95725375,0.9553103,0.9572771,0.9530869085682312,1.5682647,1.5185289,1690,1701,train
1296,0.9384773,0.94604313,0.95953435,0.95241785,0.9531263926282344,1.5682583,1.4980601,1690,1701,train
1297,0.93845856,0.9419024,0.9582838,0.9501813,0.9531010266754127,1.5682518,1.5204196,1690,1701,train
1298,0.9380028,0.9395132,0.9555428,0.94836026,0.953020148007086,1.5682453,1.5287642,1690,1701,train
1299,0.93826824,0.94904166,0.96024835,0.95430315,0.9529601783751604,1.5682387,1.5200281,1690,1701,train
1300,0.9385439,0.956775,0.9565978,0.95737004,0.9529643183969506,1.5682322,1.5213027,1690,1701,train
1301,0.9381181,0.9517844,0.95774263,0.9550109,0.9529055277392016,1.5682256,1.5102241,1690,1701,train
1302,0.93833554,0.9388124,0.9588383,0.94897294,0.9530630793727137,1.5682191,1.5489367,1690,1701,train
1303,0.93829757,0.9486644,0.95768356,0.95336324,0.9528145076488568,1.5682124,1.5053165,1690,1701,train
1304,0.9381251,0.9405948,0.95868313,0.9495479,0.9528536321004251,1.5682057,1.5126683,1690,1701,train
1305,0.9380161,0.9536394,0.95562446,0.9553732,0.9527115569886419,1.5681989,1.5020245,1690,1701,train
1306,0.9378877,0.9511454,0.9548554,0.95378727,0.9527262814636259,1.5681921,1.4868132,1690,1701,train
1307,0.93844956,0.95194066,0.9568681,0.9547384,0.952480972940499,1.5681853,1.493305,1690,1701,train
1308,0.93753344,0.9375485,0.9578948,0.9481609,0.9523490856772558,1.5681785,1.556701,1690,1701,train
1309,0.9381071,0.94610447,0.9570266,0.95178837,0.9522429410591706,1.5681716,1.4922104,1690,1701,train
1310,0.9376857,0.9555315,0.9542446,0.9558538,0.9520373029623239,1.5681647,1.4839189,1690,1701,train
1311,0.938335,0.9370749,0.9572594,0.9469067,0.952011891657643,1.5681578,1.4520264,1690,1701,train
1312,0.93750185,0.95056915,0.9579805,0.95438266,0.9519353776575281,1.5681509,1.5021808,1690,1701,train
1313,0.93760645,0.9547745,0.9601532,0.9569869,0.951688663835655,1.5681438,1.4931277,1690,1701,train
1314,0.9373518,0.95649064,0.95649207,0.9568165,0.9517821540470294,1.5681368,1.474591,1690,1701,train
1315,0.93701935,0.94380426,0.95546585,0.9503345,0.951771914414853,1.5681297,1.5046467,1690,1701,train
1316,0.93793184,0.94734585,0.9571444,0.95251906,0.9517146026770167,1.5681225,1.5005305,1690,1701,train
1317,0.9368759,0.93293345,0.95579684,0.9450289,0.9517935913033755,1.5681154,1.5244592,1690,1701,train
1318,0.9379699,0.9347915,0.9583409,0.94623554,0.9517581384879347,1.5681082,1.4801097,1690,1701,train
1319,0.9374792,0.9465896,0.95234644,0.950654,0.9517278611806974,1.5681009,1.4631021,1690,1701,train
1320,0.9373278,0.94904095,0.95273894,0.9523369,0.9517196794512311,1.5680937,1.5040724,1690,1701,train
1321,0.9368679,0.9491827,0.9539468,0.9526752,0.9519288757667556,1.5680863,1.5004969,1690,1701,train
1322,0.9373261,0.94628143,0.9581599,0.9519345,0.9519292591095818,1.568079,1.4652004,1690,1701,train
1323,0.93693763,0.9489924,0.9547219,0.9527194,0.9518551756772274,1.5680715,1.4946287,1690,1701,train
1324,0.9377603,0.94789445,0.9530312,0.9517385,0.9517729094488446,1.5680641,1.4937547,1690,1701,train
1325,0.9370771,0.9504776,0.9537761,0.95326716,0.9517462876874911,1.5680566,1.4971445,1690,1701,train
1326,0.93706375,0.9478843,0.95632386,0.95258635,0.9519429754251051,1.5680491,1.4996607,1690,1701,train
1327,0.93733656,0.9419032,0.95520234,0.9492857,0.9520629166843732,1.5680416,1.5029451,1690,1701,train
1328,0.93710417,0.9415883,0.9577624,0.95051134,0.9521474013061263,1.5680339,1.5958693,1690,1701,train
1329,0.93656147,0.9434533,0.9564169,0.9507543,0.9523736608279609,1.5680263,1.5494096,1690,1701,train
1330,0.9369783,0.94490314,0.95665956,0.9516571,0.9522349703133249,1.5680186,1.5620351,1690,1701,train
1331,0.9374391,0.9452156,0.9517675,0.9506467,0.952379860728977,1.5680108,1.5651457,1690,1701,train
1332,0.936785,0.94708574,0.9584247,0.95325375,0.9523854111150105,1.568003,1.5682575,1690,1701,train
1333,0.93714416,0.95183325,0.9520184,0.95397246,0.9525777813642788,1.5679952,1.5512102,1690,1701,train
1334,0.937059,0.9537562,0.95234084,0.95511466,0.9524597069337177,1.5679873,1.5611646,1690,1701,train
1335,0.9368441,0.9539137,0.9542065,0.955589,0.9525903535187669,1.5679795,1.5535926,1690,1701,train
1336,0.9366519,0.94398534,0.9589838,0.9520269,0.9527432581474131,1.5679715,1.5950558,1690,1701,train
1337,0.93659073,0.95093274,0.955063,0.95460635,0.9527170974583439,1.5679635,1.5939051,1690,1701,train
1338,0.9366909,0.9537389,0.9550668,0.95599824,0.9526816595180753,1.5679554,1.5887904,1690,1701,train
1339,0.93616074,0.94205904,0.95493746,0.9501682,0.9529673792100141,1.5679474,1.6089119,1690,1701,train
1340,0.93619967,0.94792676,0.95132416,0.952098,0.9532850269644784,1.5679392,1.5865861,1690,1701,train
1341,0.9359276,0.9513482,0.94998705,0.953614,0.9533081753852805,1.567931,1.5982985,1690,1701,train
1342,0.9363498,0.9431541,0.95754164,0.9510266,0.9534587031550151,1.5679228,1.5677538,1690,1701,train
1343,0.9355981,0.9499574,0.95290756,0.9535501,0.9533083152089287,1.5679145,1.5900587,1690,1701,train
1344,0.93665636,0.95094407,0.9548124,0.9552558,0.9530518171244287,1.5679061,1.6800154,1690,1701,train
1345,0.93551475,0.94666225,0.95358443,0.95306015,0.9529207255195367,1.5678978,1.7155089,1690,1701,train
1346,0.9360157,0.9433436,0.9535245,0.95101935,0.9528291807209273,1.5678893,1.6749569,1690,1701,train
1347,0.93644047,0.94887304,0.9523841,0.9537279,0.9529928889476162,1.5678809,1.6950309,1690,1701,train
1348,0.93685365,0.948188,0.9569504,0.9541068,0.9527584084535649,1.5678724,1.647716,1690,1701,train
1349,0.9359612,0.94654715,0.9504571,0.9520667,0.9527857396599148,1.5678638,1.6946818,1690,1701,train
1350,0.9365803,0.9538526,0.9529445,0.9562091,0.9527831928503386,1.5678551,1.6708302,1690,1701,train
1351,0.9362471,0.9450264,0.9560695,0.95272815,0.9526928940316839,1.5678465,1.7027888,1690,1701,train
1352,0.9361637,0.948611,0.95370305,0.95385885,0.9526339151512987,1.5678377,1.6879936,1690,1701,train
1353,0.9363553,0.93700343,0.95563287,0.9487064,0.9525267118632411,1.567829,1.7248307,1690,1701,train
1354,0.9359325,0.93348277,0.95675755,0.9471656,0.9524675651720669,1.5678202,1.7225558,1690,1701,train
1355,0.93648016,0.9504425,0.95541215,0.95533377,0.9522428853738056,1.5678113,1.7029272,1690,1701,train
1356,0.93578875,0.9436468,0.95521986,0.9517808,0.9521099887535812,1.5678023,1.6984624,1690,1701,train
1357,0.935878,0.9528817,0.95115125,0.9556099,0.952002281336515,1.5677934,1.711729,1690,1701,train
1358,0.93518263,0.9433241,0.9509201,0.95075256,0.9519649679094815,1.5677843,1.7213238,1690,1701,train
1359,0.9354798,0.94655716,0.9598743,0.9545891,0.9519308360614427,1.5677751,1.7210765,1690,1701,train
1360,0.93570834,0.9373308,0.9557676,0.9492025,0.951966975519043,1.5677661,1.7610153,1690,1701,train
1361,0.93606645,0.9440093,0.9557949,0.9524911,0.951945637183121,1.5677568,1.7454745,1690,1701,train
1362,0.9355509,0.9388457,0.9514954,0.9491268,0.9517578453060946,1.5677476,1.7848226,1690,1701,train
1363,0.9358648,0.95187163,0.9557413,0.9566841,0.9517611612382163,1.5677382,1.7689458,1690,1701,train
1364,0.9356323,0.9386091,0.9527268,0.9491485,0.9516729117749207,1.5677289,1.7654687,1690,1701,train
1365,0.93580735,0.9370469,0.951612,0.94809204,0.9514735502811376,1.5677195,1.7670825,1690,1701,train
1366,0.93597746,0.94222945,0.9549113,0.9514182,0.9514611941744168,1.5677099,1.7517889,1690,1701,train
1367,0.9353921,0.9357757,0.9553155,0.94875866,0.9514914152144053,1.5677004,1.8172832,1690,1701,train
1368,0.93578374,0.9398771,0.9542009,0.9503344,0.9513522809246997,1.5676907,1.7872928,1690,1701,train
1369,0.93499184,0.94730604,0.95379645,0.9538519,0.9513260001730909,1.5676811,1.7657723,1690,1701,train
1370,0.9353968,0.94679815,0.95311916,0.95354563,0.9512912376504238,1.5676713,1.7802641,1690,1701,train
1371,0.93548125,0.9467368,0.95490277,0.9540011,0.9513770615507023,1.5676615,1.7864913,1690,1701,train
1372,0.9349381,0.93223834,0.948533,0.945172,0.9513536271088802,1.5676516,1.8020146,1690,1701,train
1373,0.935222,0.9523764,0.9588636,0.9577839,0.9514023127940484,1.5676417,1.7785971,1690,1701,train
1374,0.93503326,0.9428062,0.9480058,0.949999,0.9515346747140722,1.5676317,1.7485417,1690,1701,train
1375,0.93537384,0.93756664,0.9546319,0.9495212,0.9514034364757328,1.5676217,1.8191729,1690,1701,train
1376,0.935264,0.9469061,0.95359695,0.9539724,0.95147137695881,1.5676116,1.8114244,1690,1701,train
1377,0.9351305,0.9461324,0.9506984,0.95255554,0.9515399336274657,1.5676014,1.7730852,1690,1701,train
1378,0.9351795,0.9426844,0.94981223,0.95048237,0.9516248639927043,1.5675912,1.7612814,1690,1701,train
1379,0.9351485,0.941071,0.94831073,0.949127,0.9515301788505681,1.5675809,1.7411222,1690,1701,train
1380,0.9343874,0.95046383,0.94978046,0.95457804,0.951435439764669,1.5675706,1.7774285,1690,1701,train
1381,0.93541235,0.9436656,0.95558465,0.9523741,0.9516078752351591,1.5675601,1.7589031,1690,1701,train
1382,0.9345507,0.9430867,0.94757026,0.9500539,0.9516082235920343,1.5675496,1.7507632,1690,1701,train
1383,0.93479884,0.9399413,0.9525267,0.9497213,0.9516361598822617,1.567539,1.7583413,1690,1701,train
1384,0.93487674,0.9406769,0.95222306,0.9501374,0.9515544110906173,1.5675284,1.7723715,1690,1701,train
1385,0.9348863,0.93748707,0.95387506,0.9488288,0.951683524338113,1.5675176,1.762107,1690,1701,train
1386,0.9347757,0.942145,0.9544554,0.95152086,0.9516588692492208,1.5675069,1.7832129,1690,1701,train
1387,0.9352513,0.95041716,0.94856,0.95411354,0.9517264045505914,1.5674961,1.7600236,1690,1701,train
1388,0.9340811,0.92755437,0.95280653,0.9438333,0.951689672490595,1.5674851,1.802938,1690,1701,train
1389,0.9347372,0.95074654,0.9559589,0.9559261,0.951787479970252,1.5674741,1.740015,1690,1701,train
1390,0.9346211,0.952353,0.9471916,0.95474297,0.9518051617909331,1.567463,1.7570212,1690,1701,train
1391,0.93524265,0.94224524,0.95081043,0.95025086,0.9517751430441059,1.5674518,1.7305909,1690,1701,train
1392,0.9343874,0.9435153,0.94713634,0.9501374,0.9518925894083919,1.5674406,1.747182,1690,1701,train
1393,0.9345911,0.9450346,0.95761216,0.95332074,0.9518360171116109,1.5674293,1.7286294,1690,1701,train
1394,0.93479043,0.94622463,0.9504025,0.9522383,0.9517598899726286,1.567418,1.737394,1690,1701,train
1395,0.9336982,0.95198023,0.9509895,0.95503956,0.951788450299145,1.5674065,1.7031085,1690,1701,train
1396,0.933822,0.9419668,0.94723564,0.94922715,0.9518422978594174,1.567395,1.7295767,1690,1701,train
1397,0.9337984,0.9453891,0.94699144,0.9505281,0.9518991346488563,1.5673834,1.6823779,1690,1701,train
1398,0.9342765,0.9451746,0.9472821,0.9506427,0.9518044062083314,1.5673717,1.701085,1690,1701,train
1399,0.93361,0.9384045,0.9505245,0.9481271,0.9519317861053962,1.5673599,1.7191519,1690,1701,train
1400,0.93387806,0.95086133,0.95490444,0.9552928,0.9519337847490819,1.5673481,1.6869545,1690,1701,train
1401,0.9335639,0.95132893,0.9472573,0.95369214,0.9520570111060138,1.5673361,1.6905454,1690,1701,train
1402,0.9345417,0.9435406,0.95135975,0.95084196,0.952180499183891,1.5673242,1.705619,1690,1701,train
1403,0.93413574,0.94888794,0.94498,0.9516551,0.9522273762611659,1.567312,1.6618937,1690,1701,train
1404,0.9338576,0.9484093,0.9489629,0.9526206,0.9521669840801152,1.5672998,1.6908108,1690,1701,train
1405,0.93395716,0.9431725,0.9503572,0.9502988,0.9519296028046336,1.5672876,1.6921394,1690,1701,train
1406,0.9337975,0.9404801,0.9500789,0.94889474,0.9520352999362814,1.5672752,1.6968058,1690,1701,train
1407,0.93372583,0.948035,0.94537914,0.95124006,0.9519214618988612,1.5672628,1.6524796,1690,1701,train
1408,0.93420243,0.9496237,0.9528034,0.9548148,0.951805917187224,1.5672503,1.7684981,1690,1701,train
1409,0.93327135,0.95301116,0.9455558,0.95458513,0.9517209697745361,1.5672376,1.7455194,1690,1701,train
1410,0.9339805,0.9427006,0.9554164,0.95176506,0.9517169904391676,1.5672249,1.7496935,1690,1701,train
1411,0.93366826,0.9362997,0.94774985,0.94670695,0.9516809524589169,1.5672121,1.7597041,1690,1701,train
1412,0.93338084,0.9584297,0.94539994,0.95733744,0.9515665112088287,1.5671992,1.7484521,1690,1701,train
1413,0.9334368,0.9350966,0.94478154,0.9450733,0.9515195422762179,1.5671862,1.7236781,1690,1701,train
1414,0.933631,0.9540765,0.946403,0.95522875,0.9513916194812717,1.5671731,1.732406,1690,1701,train
1415,0.93409026,0.94652075,0.9445729,0.9509216,0.9513979933332372,1.56716,1.7320739,1690,1701,train
1416,0.93359417,0.9435442,0.94965863,0.95069826,0.9514107540073788,1.5671467,1.7386105,1690,1701,train
1417,0.93345433,0.9369953,0.9519738,0.94818133,0.9513838008974479,1.5671333,1.7704103,1690,1701,train
1418,0.93280673,0.9459374,0.94396114,0.9506528,0.9511486360968738,1.5671198,1.753874,1690,1701,train
1419,0.9339028,0.94901276,0.94525886,0.9524222,0.9511889752929658,1.5671064,1.7395142,1690,1701,train
1420,0.9331842,0.945269,0.95299363,0.9525977,0.9510686757024377,1.5670927,1.7635579,1690,1701,train
1421,0.9332202,0.94794,0.9449552,0.9519126,0.9509031280023453,1.5670788,1.7532251,1690,1701,train
1422,0.9325649,0.9499047,0.9441359,0.95279044,0.9508212975039103,1.567065,1.7624043,1690,1701,train
1423,0.93254966,0.9419066,0.943418,0.9484721,0.9506701073137863,1.567051,1.755014,1690,1701,train
1424,0.93295234,0.951401,0.94354665,0.95333666,0.9505984419960622,1.567037,1.7533989,1690,1701,train
1425,0.93310565,0.9421755,0.94941986,0.9502544,0.9505061339869033,1.5670228,1.7768813,1690,1701,train
1426,0.9321976,0.9315897,0.945953,0.944447,0.9505457088140785,1.5670085,1.8308529,1690,1701,train
1427,0.93252057,0.93650883,0.9509983,0.9478589,0.9504256347218721,1.5669941,1.7904747,1690,1701,train
1428,0.932443,0.9425875,0.9430586,0.9487733,0.950394181416033,1.5669795,1.7600926,1690,1701,train
1429,0.9326887,0.94474494,0.9436426,0.9499633,0.9503305998903325,1.566965,1.7535124,1690,1701,train
1430,0.9323463,0.9473579,0.9560568,0.954457,0.950275143733694,1.5669502,1.7689837,1690,1701,train
1431,0.9323615,0.9420279,0.9429251,0.94834393,0.9501197640265275,1.5669353,1.746511,1690,1701,train
1432,0.9330099,0.94992596,0.9483738,0.95394695,0.9500040155514933,1.5669204,1.7758758,1690,1701,train
1433,0.9323459,0.94839805,0.945564,0.9519545,0.9498228516423821,1.5669053,1.7115983,1690,1701,train
1434,0.93241847,0.94607043,0.9427779,0.9502166,0.9498845817842809,1.5668901,1.7275983,1690,1701,train
1435,0.9323967,0.93931186,0.94357514,0.94704556,0.9497899188968496,1.5668747,1.7378309,1690,1701,train
1436,0.93251055,0.9362712,0.9428592,0.94544804,0.9495256351380552,1.5668594,1.753596,1690,1701,train
1437,0.93212837,0.9452972,0.9430695,0.94985706,0.9494579727361825,1.5668437,1.723183,1690,1701,train
1438,0.93328273,0.94220376,0.9502864,0.9502227,0.9491742511924501,1.5668281,1.7453728,1690,1701,train
1439,0.9324678,0.94333756,0.94442004,0.9493172,0.9489978830601777,1.5668123,1.7391376,1690,1701,train
1440,0.93185675,0.9432138,0.9481411,0.95029885,0.9491064317412694,1.5667963,1.7557299,1690,1701,train
1441,0.9325581,0.9405595,0.95012426,0.9495054,0.9491652106222781,1.5667803,1.7651263,1690,1701,train
1442,0.93174034,0.93766797,0.94179994,0.9460321,0.9490969575715742,1.5667641,1.7694741,1690,1701,train
1443,0.9323513,0.944375,0.95407724,0.95252126,0.9489287180809552,1.5667478,1.7776432,1690,1701,train
1444,0.9320733,0.93334097,0.95043874,0.94622487,0.948926818469626,1.5667313,1.8050466,1690,1701,train
1445,0.9320148,0.9449198,0.94447196,0.95049655,0.9488591422577936,1.5667148,1.7830083,1690,1701,train
1446,0.9322864,0.95029926,0.95509887,0.9558684,0.9488097016164603,1.566698,1.786563,1690,1701,train
1447,0.93153983,0.940579,0.9428123,0.9476825,0.9488668376887468,1.5666811,1.7594116,1690,1701,train
1448,0.9321976,0.94326866,0.9499922,0.9508769,0.9489628262270046,1.5666641,1.7676823,1690,1701,train
1449,0.9313702,0.9396088,0.94435275,0.94801015,0.9489449826438888,1.5666469,1.8139839,1690,1701,train
1450,0.9315527,0.93474686,0.94345033,0.9451289,0.9490278090808681,1.5666296,1.7920082,1690,1701,train
1451,0.93176246,0.9372063,0.9457884,0.9471575,0.9488914824090309,1.5666122,1.8167698,1690,1701,train
1452,0.9315094,0.9482064,0.941295,0.9515262,0.9487161434529017,1.5665947,1.7986772,1690,1701,train
1453,0.9311887,0.93096924,0.95251137,0.9456727,0.9485863779727141,1.566577,1.823618,1690,1701,train
1454,0.83489245,0.93584174,0.9484663,0.9469666,0.9484178741406459,1.5665591,1.7986052,1690,1701,train
1455,0.928505,0.94104755,0.940409,0.9474315,0.9483455360690267,1.5665411,1.7712488,1690,1701,train
1456,0.9300367,0.93743193,0.9511335,0.94830686,0.9483413664440505,1.5665228,1.7836117,1690,1701,train
1457,0.929864,0.9341918,0.9434583,0.9447632,0.9482822149155425,1.5665045,1.7816842,1690,1701,train
1458,0.92985845,0.9430676,0.94050175,0.9486878,0.9483852881791464,1.566486,1.7960148,1690,1701,train
1459,0.9301735,0.9333782,0.94115645,0.9439152,0.9484141451518056,1.5664674,1.7974608,1690,1701,train
1460,0.9295981,0.9416683,0.9456639,0.9493361,0.9483841505160421,1.5664486,1.8084346,1690,1701,train
1461,0.93047035,0.94630086,0.95329094,0.9532718,0.948440695520973,1.5664295,1.7726872,1690,1701,train
1462,0.929714,0.93979084,0.9402842,0.946985,0.9483407865391493,1.5664104,1.7987754,1690,1701,train
1463,0.9304646,0.9491788,0.9537891,0.9549774,0.9482136595011104,1.5663911,1.7866999,1690,1701,train
1464,0.9298162,0.9489049,0.94484955,0.9525331,0.9481672544884636,1.5663716,1.7720232,1690,1701,train
1465,0.9301747,0.9352299,0.9504996,0.9472339,0.9481637326125669,1.5663519,1.8087574,1690,1701,train
1466,0.9300828,0.9343264,0.9417205,0.94460356,0.9482431435855387,1.5663321,1.8056343,1690,1701,train
1467,0.92976016,0.93890524,0.9477396,0.9483925,0.9482904708561601,1.5663121,1.8034922,1690,1701,train
1468,0.92997473,0.940912,0.9470712,0.94916797,0.9482440827681056,1.5662918,1.7930423,1690,1701,train
1469,0.9299131,0.9353993,0.9431188,0.9456291,0.9482612637701725,1.5662714,1.8223457,1690,1701,train
1470,0.9300332,0.943667,0.94391185,0.94976133,0.9481159791543577,1.5662509,1.7880285,1690,1701,train
1471,0.9301939,0.9431077,0.94696146,0.9501023,0.9479866333881287,1.5662302,1.7735492,1690,1701,train
1472,0.9299791,0.93864214,0.9419512,0.9462129,0.9481116782503843,1.5662092,1.7263126,1690,1701,train
1473,0.9294856,0.93692803,0.94296414,0.9458243,0.9480280165693824,1.5661881,1.7554903,1690,1701,train
1474,0.9296552,0.9340662,0.94592476,0.9450102,0.9479492682989661,1.5661668,1.7461026,1690,1701,train
1475,0.9297208,0.93691754,0.9453279,0.9462339,0.9478579286502851,1.5661452,1.7356552,1690,1701,train
1476,0.92969835,0.94320977,0.95275664,0.9511749,0.9477372225833245,1.5661235,1.7252362,1690,1701,train
1477,0.929337,0.93984497,0.93983686,0.9464323,0.9475297205658413,1.5661016,1.7412126,1690,1701,train
1478,0.9297899,0.93748856,0.9483459,0.9474281,0.9474179993674868,1.5660794,1.7558955,1690,1701,train
1479,0.9296011,0.9424022,0.9475198,0.94950944,0.9472686817844084,1.566057,1.728432,1690,1701,train
1480,0.92923325,0.94073963,0.9433675,0.9475049,0.9470816473935955,1.5660344,1.7111197,1690,1701,train
1481,0.9297411,0.9407719,0.95424926,0.9504158,0.947000610555395,1.5660117,1.7399703,1690,1701,train
1482,0.92953575,0.93769366,0.94512045,0.9466832,0.9469013737401822,1.5659887,1.7483485,1690,1701,train
1483,0.92903763,0.9384134,0.9446912,0.94693214,0.9466868717485724,1.5659654,1.7466918,1690,1701,train
1484,0.9292309,0.9401572,0.94598055,0.94814354,0.9466671246253971,1.565942,1.7474856,1690,1701,train
1485,0.9289104,0.94411963,0.94130456,0.94895095,0.9465212223942697,1.5659183,1.7385896,1690,1701,train
1486,0.9297111,0.93264693,0.9377327,0.9423652,0.94623712430806,1.5658944,1.7557751,1690,1701,train
1487,0.92885625,0.93782246,0.93747103,0.9447408,0.9463289095422669,1.5658703,1.7312157,1690,1701,train
1488,0.929397,0.9414698,0.950566,0.9497483,0.9462473122227539,1.5658458,1.7248377,1690,1701,train
1489,0.92886436,0.94337106,0.93880737,0.94782615,0.9462698473282456,1.5658213,1.722365,1690,1701,train
1490,0.9291669,0.9343873,0.94640386,0.94546074,0.9463418707733676,1.5657964,1.7668374,1690,1701,train
1491,0.92892843,0.93414515,0.93854624,0.9432116,0.9463417757790978,1.5657712,1.7415428,1690,1701,train
1492,0.9288593,0.9321126,0.94070196,0.94290584,0.946218679008164,1.5657458,1.7665797,1690,1701,train
1493,0.9286077,0.93089855,0.9377284,0.9414707,0.9461813076978368,1.5657202,1.7555822,1690,1701,train
1494,0.9291967,0.9368242,0.94144845,0.9452279,0.9460216768060623,1.5656943,1.7343128,1690,1701,train
1495,0.92814183,0.9366438,0.936932,0.94419676,0.945727257067667,1.5656682,1.754306,1690,1701,train
1496,0.92905784,0.9441763,0.93651533,0.947756,0.9455539865718673,1.5656418,1.7319685,1690,1701,train
1497,0.9279627,0.93976176,0.9367666,0.9454234,0.9456785993534389,1.565615,1.7147328,1690,1701,train
1498,0.92852426,0.9383519,0.9365149,0.9447265,0.9455584427956971,1.565588,1.7249917,1690,1701,train
1499,0.9282101,0.9404035,0.9461124,0.947957,0.9453738374983582,1.5655608,1.705391,1690,1701,train
1500,0.92857355,0.9384061,0.941302,0.94588715,0.9452594322832328,1.5655332,1.7206028,1690,1701,train
1501,0.9274901,0.9347693,0.93795156,0.9433771,0.9452607917926944,1.5655054,1.7405916,1690,1701,train
1502,0.92792773,0.9390541,0.94810724,0.9478433,0.9453206060305088,1.5654773,1.7161185,1690,1701,train
1503,0.9275353,0.9450325,0.9444559,0.94970536,0.945303099782222,1.5654488,1.6797856,1690,1701,train
1504,0.92776245,0.937479,0.94159347,0.94550234,0.9450663967676084,1.56542,1.722687,1690,1701,train
1505,0.9277733,0.93676746,0.95221496,0.9478219,0.9449239170438516,1.565391,1.7334981,1690,1701,train
1506,0.92711556,0.936318,0.9397293,0.94451374,0.9448813357794013,1.5653616,1.7298975,1690,1701,train
1507,0.9276259,0.9375807,0.94418114,0.94577587,0.9449736213178425,1.5653319,1.6725544,1690,1701,train
1508,0.92773694,0.9392093,0.93874913,0.94578975,0.9449515317560241,1.5653019,1.7347951,1690,1701,train
1509,0.9279632,0.93481874,0.9356001,0.94247854,0.9449291183061651,1.5652715,1.6978569,1690,1701,train
1510,0.9271971,0.93032825,0.93672,0.94081753,0.9448803834956664,1.5652409,1.741388,1690,1701,train
1511,0.9275532,0.942987,0.95150566,0.9506437,0.9449472021615187,1.5652097,1.7115679,1690,1701,train
1512,0.9270387,0.935166,0.9349481,0.94265825,0.9449476490498708,1.5651784,1.7176212,1690,1701,train
1513,0.9279288,0.93184906,0.9396515,0.94206613,0.9449017574277757,1.5651467,1.7117424,1690,1701,train
1514,0.9265461,0.9386841,0.9455074,0.9469813,0.9450254007121031,1.5651146,1.7114553,1690,1701,train
1515,0.9277659,0.9344604,0.94300556,0.94411504,0.9450837814439671,1.5650821,1.6992428,1690,1701,train
1516,0.92718345,0.93121696,0.93672657,0.94126016,0.9450580612668261,1.5650493,1.7398889,1690,1701,train
1517,0.9272726,0.9336722,0.9352989,0.9418458,0.9449895189846139,1.565016,1.700993,1690,1701,train
1518,0.9270129,0.92592,0.949591,0.94198674,0.9449047325472646,1.5649824,1.7751131,1690,1701,train
1519,0.92712945,0.9371804,0.94957876,0.9471755,0.9446681990458902,1.5649484,1.7074499,1690,1701,train
1520,0.9267341,0.9388552,0.95196813,0.94889504,0.9447751590334825,1.564914,1.7417951,1690,1701,train
1521,0.9267511,0.94262075,0.94959164,0.9499184,0.9446849557315781,1.5648792,1.7029243,1690,1701,train
1522,0.9259688,0.92975974,0.93690395,0.94081014,0.9448343754737965,1.564844,1.7704272,1690,1701,train
1523,0.92717934,0.9356937,0.94423234,0.9451042,0.9446940135233601,1.5648084,1.7066121,1690,1701,train
1524,0.92630774,0.9395982,0.9428861,0.94698584,0.9446781842191967,1.5647722,1.7332422,1690,1701,train
1525,0.9269259,0.9332311,0.9424088,0.9436086,0.9446552104891872,1.5647358,1.7318035,1690,1701,train
1526,0.9265381,0.92921937,0.9357687,0.9401036,0.9446312285781155,1.5646988,1.7516251,1690,1701,train
1527,0.92655617,0.931332,0.942757,0.94283086,0.9445177357383848,1.5646614,1.7447683,1690,1701,train
1528,0.92580044,0.92798364,0.93978107,0.9406057,0.9446990623414855,1.5646236,1.7703388,1690,1701,train
1529,0.9266647,0.9403814,0.9509183,0.9492282,0.9448877167125318,1.5645852,1.718658,1690,1701,train
1530,0.9262089,0.9444945,0.9432405,0.94947565,0.9449612883960312,1.5645465,1.7215426,1690,1701,train
1531,0.92622864,0.9383663,0.9379602,0.9450434,0.9447702883110491,1.5645071,1.719683,1690,1701,train
1532,0.9262141,0.9379802,0.9335942,0.9439049,0.9448456083605596,1.5644673,1.7348893,1690,1701,train
1533,0.92556846,0.9392942,0.9334262,0.944479,0.9447078937978964,1.564427,1.7281344,1690,1701,train
1534,0.92573434,0.938289,0.9374169,0.9449501,0.9445338944834641,1.5643861,1.7293185,1690,1701,train
1535,0.92555445,0.94187045,0.94343096,0.9477414,0.9442267485006461,1.5643448,1.667612,1690,1701,train
1536,0.92632556,0.93486136,0.9492754,0.9455862,0.944042177481817,1.5643029,1.6669208,1690,1701,train
1537,0.92569816,0.9328922,0.9344832,0.94100094,0.9441489508574179,1.5642605,1.6707121,1690,1701,train
1538,0.926132,0.9362533,0.9405141,0.9441573,0.9440040902650145,1.5642174,1.6669683,1690,1701,train
1539,0.9253059,0.9356806,0.9396652,0.94361657,0.9438695682075364,1.5641739,1.6619322,1690,1701,train
1540,0.9257692,0.94469917,0.9484984,0.9501498,0.9438430798556051,1.5641297,1.6342165,1690,1701,train
1541,0.9258523,0.9353121,0.94741094,0.9453079,0.9438191528279514,1.564085,1.6604557,1690,1701,train
1542,0.925882,0.9355231,0.9441793,0.9443968,0.9436614149145672,1.5640397,1.6324124,1690,1701,train
1543,0.9249323,0.9251256,0.9338338,0.9368473,0.9433117463228379,1.5639937,1.6665099,1690,1701,train
1544,0.925642,0.93826556,0.9507574,0.94750166,0.942952361943147,1.5639471,1.6444641,1690,1701,train
1545,0.9250845,0.92801905,0.93591356,0.93893486,0.9430290180390932,1.5638999,1.6793061,1690,1701,train
1546,0.9255827,0.9342584,0.9432738,0.94384915,0.9430096085032116,1.563852,1.6713547,1690,1701,train
1547,0.92568165,0.9288678,0.93353856,0.93879646,0.9431374602556425,1.5638034,1.6803129,1690,1701,train
1548,0.9253962,0.93715024,0.9481611,0.9462015,0.9429617087571749,1.5637542,1.6326412,1690,1701,train
1549,0.9249652,0.93269587,0.93617225,0.9411361,0.9429829629021608,1.5637043,1.6490998,1690,1701,train
1550,0.9253558,0.9353304,0.9451827,0.9445741,0.9431041187209916,1.5636536,1.6361556,1690,1701,train
1551,0.92470825,0.93131244,0.9449342,0.9428069,0.9429767742162519,1.5636022,1.6781188,1690,1701,train
1552,0.9249547,0.9306694,0.9458649,0.9430207,0.9427679420157266,1.5635501,1.7165602,1690,1701,train
1553,0.925006,0.92492104,0.931804,0.93680024,0.9428940498776588,1.5634972,1.7339886,1690,1701,train
1554,0.92516434,0.9247916,0.9370136,0.93791735,0.9428704503279057,1.5634435,1.7232647,1690,1701,train
1555,0.92491794,0.9243343,0.93410623,0.936996,0.9427839975013517,1.5633891,1.7258393,1690,1701,train
1556,0.9248908,0.9398185,0.9511962,0.9485848,0.9428306268580021,1.5633337,1.6668537,1690,1701,train
1557,0.92401236,0.92338955,0.9330257,0.93640435,0.9428593196340342,1.5632777,1.7446002,1690,1701,train
1558,0.92430156,0.9344754,0.94467545,0.94449145,0.9429409265971627,1.5632207,1.694489,1690,1701,train
1559,0.92375094,0.9405353,0.9407123,0.94646233,0.9428708666504658,1.5631629,1.6757233,1690,1701,train
1560,0.9242878,0.9389458,0.95068705,0.9484481,0.9428367525721687,1.5631042,1.7197778,1690,1701,train
1561,0.92339236,0.9287555,0.9462891,0.9425036,0.9428624615112505,1.5630445,1.7600224,1690,1701,train
1562,0.92406964,0.92873526,0.9471042,0.94253767,0.9429294045855473,1.562984,1.7411314,1690,1701,train
1563,0.923921,0.93318963,0.94254816,0.9434892,0.9428194591071579,1.5629225,1.7156368,1690,1701,train
1564,0.9244408,0.9365941,0.93113995,0.94207007,0.9428158838410307,1.56286,1.6703157,1690,1701,train
1565,0.9238928,0.937193,0.9335189,0.9432486,0.9426904898631554,1.5627965,1.7060351,1690,1701,train
1566,0.92407984,0.9315976,0.93420887,0.94027114,0.9425408335668175,1.562732,1.6704069,1690,1701,train
1567,0.9236849,0.93417585,0.9313748,0.9411927,0.9424594054675761,1.5626664,1.7068287,1690,1701,train
1568,0.92378056,0.9446451,0.9380127,0.948064,0.9424844756491062,1.5625998,1.6956972,1690,1701,train
1569,0.92343146,0.9399023,0.95177835,0.9491177,0.9424586159534348,1.5625321,1.7093632,1690,1701,train
1570,0.9240988,0.9278882,0.94094753,0.93977773,0.9424233896124229,1.5624632,1.640345,1690,1701,train
1571,0.9232646,0.9433521,0.93051356,0.9453552,0.9423305865643388,1.5623932,1.6690997,1690,1701,train
1572,0.9236797,0.9381665,0.9321087,0.94256294,0.9423426830008843,1.5623219,1.6036525,1690,1701,train
1573,0.92311716,0.93198025,0.94899845,0.9440474,0.9421925247437652,1.5622495,1.6668011,1690,1701,train
1574,0.92371356,0.9373779,0.9287034,0.9413659,0.9422686852891059,1.5621759,1.6080981,1690,1701,train
1575,0.9230465,0.9287275,0.93897927,0.9397758,0.9420969613859368,1.5621009,1.6465002,1690,1701,train
1576,0.9237498,0.9349632,0.9489919,0.94499063,0.9420319539862837,1.5620246,1.5962888,1690,1701,train
1577,0.9228679,0.9425,0.9295367,0.9441668,0.9420447364939054,1.561947,1.6061887,1690,1701,train
1578,0.9232429,0.9193175,0.93607324,0.93432,0.9419104281391073,1.561868,1.6527208,1690,1701,train
1579,0.92220616,0.9252275,0.92919964,0.93516994,0.9416270548968968,1.5617876,1.5933278,1690,1701,train
1580,0.92312557,0.9356892,0.95005363,0.94570714,0.9413567609839615,1.5617057,1.6068717,1690,1701,train
1581,0.9228547,0.9385123,0.9322578,0.94288194,0.9410063145049727,1.5616223,1.6166226,1690,1701,train
1582,0.9232121,0.9309305,0.9348017,0.93952894,0.9410096258792273,1.5615374,1.603633,1690,1701,train
1583,0.9227583,0.9207723,0.93880165,0.9358828,0.940673550882176,1.5614508,1.6717544,1690,1701,train
1584,0.9233449,0.92987084,0.94291645,0.9410317,0.9403812843566791,1.5613626,1.6112748,1690,1701,train
1585,0.9226574,0.93537945,0.92876035,0.9402822,0.9402805500404141,1.5612729,1.5985543,1690,1701,train
1586,0.9224872,0.93618816,0.93133014,0.941439,0.9402185186580528,1.5611812,1.612857,1690,1701,train
1587,0.92226416,0.929317,0.93215,0.9381842,0.9399549430157772,1.5610878,1.6189258,1690,1701,train
1588,0.922617,0.9330702,0.9288412,0.939051,0.9400223201283726,1.5609927,1.5896227,1690,1701,train
1589,0.92198557,0.92330027,0.9433054,0.9379143,0.939798261941658,1.5608957,1.6282367,1690,1701,train
1590,0.9228346,0.9334986,0.9376724,0.9413365,0.939699585065026,1.5607966,1.5788295,1690,1701,train
1591,0.921744,0.9330982,0.9463262,0.9434479,0.939629809018375,1.5606956,1.6035999,1690,1701,train
1592,0.9218295,0.9401228,0.93029106,0.94269985,0.9395270871925271,1.5605927,1.5526693,1690,1701,train
1593,0.9216669,0.9304712,0.9315814,0.93843746,0.9392778966922897,1.5604874,1.5949144,1690,1701,train
1594,0.921805,0.93573123,0.9272985,0.9398313,0.9394110102661848,1.56038,1.5651423,1690,1701,train
1595,0.92228293,0.93725276,0.94197404,0.9443129,0.9394862854606655,1.5602704,1.5801374,1690,1701,train
1596,0.92170435,0.9318307,0.9274991,0.93783444,0.939278922081461,1.5601584,1.5582336,1690,1701,train
1597,0.9209595,0.93286145,0.9274616,0.93840766,0.9393253144465661,1.560044,1.565169,1690,1701,train
1598,0.9216493,0.9296664,0.93296546,0.9381183,0.9394011484131588,1.5599272,1.5648098,1690,1701,train
1599,0.9214942,0.9309934,0.92652357,0.93724763,0.9394531755037425,1.5598078,1.5677804,1690,1701,train
1600,0.9218231,0.9344698,0.9340405,0.94049793,0.9397447870936888,1.5596857,1.5241922,1690,1701,train
1601,0.92157537,0.933246,0.9356077,0.940395,0.9396815843056948,1.5595609,1.5411454,1690,1701,train
1602,0.92098975,0.92789125,0.9273093,0.9358028,0.9399568448925392,1.5594332,1.5610844,1690,1701,train
1603,0.92162794,0.9301338,0.94280547,0.9407442,0.9401617414003545,1.5593026,1.5630847,1690,1701,train
1604,0.92138565,0.92884356,0.9405565,0.9390675,0.9399121051647324,1.5591689,1.5057317,1690,1701,train
1605,0.9209794,0.93123734,0.93115675,0.9385005,0.9397777094449618,1.5590322,1.5675497,1690,1701,train
1606,0.9205436,0.92101395,0.9266191,0.9322148,0.9399403436242768,1.5588921,1.5715303,1690,1701,train
1607,0.92064655,0.92698467,0.94009924,0.9384731,0.9399843805211247,1.5587487,1.5625635,1690,1701,train
1608,0.9205332,0.92776453,0.93368286,0.9374472,0.9398866956502565,1.5586019,1.5799156,1690,1701,train
1609,0.9207438,0.9419577,0.93038166,0.9438253,0.9399746129859787,1.5584513,1.5730855,1690,1701,train
1610,0.92082846,0.9316323,0.93742836,0.94035745,0.9400112888691812,1.5582969,1.582809,1690,1701,train
1611,0.92031115,0.933745,0.9410107,0.9423725,0.9402114019061291,1.5581387,1.5904704,1690,1701,train
1612,0.92016864,0.93412155,0.9508539,0.9446761,0.9402493066340819,1.5579765,1.5547752,1690,1701,train
1613,0.9202339,0.9168507,0.93872595,0.93345594,0.9401755772923888,1.5578101,1.6217164,1690,1701,train
1614,0.9207487,0.94046664,0.93612385,0.9443693,0.9404382072487664,1.5576392,1.5612139,1690,1701,train
1615,0.91953635,0.9338751,0.9299404,0.93931526,0.9404545081342296,1.5574638,1.5390109,1690,1701,train
1616,0.9203317,0.934804,0.9288061,0.939664,0.9404770522393493,1.5572836,1.5575411,1690,1701,train
1617,0.9190968,0.93178093,0.92599523,0.937639,0.9404485449155906,1.5570985,1.582275,1690,1701,train
1618,0.91997975,0.9343053,0.94608045,0.943558,0.9403391578515424,1.5569084,1.5491515,1690,1701,train
1619,0.9197371,0.9324088,0.92809695,0.93832904,0.9404195788997377,1.5567127,1.5648173,1690,1701,train
1620,0.9193707,0.9377874,0.9377633,0.94298357,0.9402893093850472,1.5565116,1.5100489,1690,1701,train
1621,0.919599,0.9359931,0.9469594,0.94472,0.9403925659043454,1.5563046,1.5596719,1690,1701,train
1622,0.9196082,0.939584,0.9329833,0.94278055,0.9401973468584451,1.5560915,1.5158356,1690,1701,train
1623,0.91894025,0.9344114,0.9323566,0.9398885,0.9400511025591113,1.5558721,1.5035955,1690,1701,train
1624,0.9196872,0.9327929,0.94797933,0.94298965,0.9401537826567127,1.555646,1.5173647,1690,1701,train
1625,0.91861457,0.92225575,0.9242556,0.9321367,0.9400356996788004,1.5554129,1.5550739,1690,1701,train
1626,0.9195526,0.9339198,0.94218737,0.9420703,0.9399841042530763,1.5551726,1.5075911,1690,1701,train
1627,0.9191635,0.9280895,0.9289934,0.9360472,0.93986544609554,1.5549246,1.5284173,1690,1701,train
1628,0.9196218,0.9277319,0.9389328,0.93792486,0.9398631811419897,1.5546687,1.4838268,1690,1701,train
1629,0.9193068,0.9360059,0.94264627,0.943527,0.9399331101202076,1.5544044,1.5418111,1690,1701,train
1630,0.91887265,0.9280626,0.9439174,0.9397564,0.9398675687426463,1.5541312,1.5383166,1690,1701,train
1631,0.919159,0.93083405,0.93986833,0.9402766,0.9399343788003937,1.5538487,1.5499253,1690,1701,train
1632,0.9191008,0.93355757,0.9438195,0.94258416,0.9398294543690013,1.5535567,1.544248,1690,1701,train
1633,0.91846955,0.9366318,0.9466709,0.94500786,0.939435631191324,1.5532542,1.5636231,1690,1701,train
1634,0.918144,0.92743874,0.9229336,0.9345385,0.9391003324317353,1.5529411,1.5651578,1690,1701,train
1635,0.9189056,0.93178594,0.93842536,0.9406134,0.9390065012673199,1.5526165,1.5747753,1690,1701,train
1636,0.91802233,0.92549586,0.9256277,0.93388885,0.9389276571804359,1.55228,1.5265452,1690,1701,train
1637,0.918482,0.926723,0.94700897,0.94014287,0.938891369497645,1.5519307,1.5768067,1690,1701,train
1638,0.91850173,0.9302462,0.9427718,0.9407481,0.9388490268718365,1.5515679,1.5575719,1690,1701,train
1639,0.91821307,0.91639096,0.92232865,0.9289538,0.938678662615837,1.551191,1.5885814,1690,1701,train
1640,0.9181095,0.9270519,0.9246304,0.9343132,0.9386844749887815,1.550799,1.5112025,1690,1701,train
1641,0.91777945,0.9266411,0.93246543,0.9366842,0.9383449547665774,1.550391,1.5929627,1690,1701,train
1642,0.91808337,0.9316081,0.94026494,0.9409068,0.9381595956295891,1.549966,1.5668466,1690,1701,train
1643,0.91760993,0.93506765,0.9462532,0.9441649,0.9378793022689602,1.549523,1.5706149,1690,1701,train
1644,0.91744834,0.9243232,0.92533505,0.93351626,0.9379865686813189,1.5490606,1.5627445,1690,1701,train
1645,0.91789025,0.93102217,0.9435761,0.94159436,0.9377029174132572,1.5485778,1.5885929,1690,1701,train
1646,0.9170421,0.9354019,0.9234867,0.93879193,0.9377261075758069,1.5480729,1.572298,1690,1701,train
1647,0.91743606,0.93366885,0.9445045,0.94303626,0.9376403739526215,1.5475447,1.5721024,1690,1701,train
1648,0.91678363,0.94129,0.92593753,0.94228876,0.9378480810471287,1.5469913,1.559518,1690,1701,train
1649,0.91725063,0.924436,0.92234755,0.9329144,0.9378359423720065,1.5464109,1.5711681,1690,1701,train
1650,0.91724354,0.9326025,0.9281649,0.93841434,0.9377980413324701,1.5458015,1.5611542,1690,1701,train
1651,0.9173335,0.9287759,0.9397495,0.9391388,0.9373694010659761,1.5451609,1.5427151,1690,1701,train
1652,0.91693735,0.93788916,0.93105435,0.9416701,0.9373530297684843,1.5444866,1.5433356,1690,1701,train
1653,0.91676474,0.9233654,0.9245017,0.9323672,0.9370417433804537,1.5437759,1.5068324,1690,1701,train
1654,0.9167512,0.92677253,0.9221331,0.93334067,0.9367427283344234,1.5430257,1.4841913,1690,1701,train
1655,0.9167801,0.9286042,0.9262569,0.9354025,0.9367643722540129,1.5422326,1.4991517,1690,1701,train
1656,0.91653335,0.9180486,0.9205735,0.92887497,0.9366335587640775,1.541393,1.528045,1690,1701,train
1657,0.9167591,0.9220748,0.93255734,0.9336866,0.9365530670999918,1.5405025,1.5084181,1690,1701,train
1658,0.9164932,0.93363,0.94664377,0.9426957,0.9364764427795087,1.5395565,1.4691297,1690,1701,train
1659,0.91581875,0.92770517,0.9475506,0.9399255,0.9365846626771728,1.5385494,1.4729209,1690,1701,train
1660,0.91602343,0.92864937,0.94136906,0.9384526,0.9362882404838184,1.5374753,1.4185127,1690,1701,train
1661,0.91545933,0.92970395,0.9219594,0.93461055,0.936196522474103,1.5363272,1.4619658,1690,1701,train
1662,0.91565,0.92583025,0.9323131,0.9348691,0.9360066552243421,1.5350972,1.4263119,1690,1701,train
1663,0.9161316,0.9287096,0.93803215,0.93786055,0.935944880799847,1.5337762,1.4419252,1690,1701,train
1664,0.91515684,0.92116904,0.9234854,0.9301807,0.9358403836604078,1.5323538,1.4067212,1690,1701,train
1665,0.91562784,0.92585236,0.9280505,0.93394333,0.9352511789291514,1.5308176,1.438841,1690,1701,train
1666,0.9153447,0.9375422,0.9350035,0.94112545,0.9348018436934575,1.5291537,1.3807222,1690,1701,train
1667,0.9151157,0.93172973,0.9273914,0.9365761,0.934417558156747,1.5273454,1.4140706,1690,1701,train
1668,0.91537637,0.92878795,0.9376892,0.9376052,0.9342911367497307,1.5253731,1.4160787,1690,1701,train
1669,0.91498774,0.92268443,0.9187856,0.9299715,0.934352821753083,1.5232133,1.4267625,1690,1701,train
1670,0.9151358,0.9305198,0.9361683,0.9377417,0.934079419501598,1.5208379,1.3702171,1690,1701,train
1671,0.9150117,0.9217799,0.9280746,0.9318994,0.9340697321449529,1.5182133,1.4419926,1690,1701,train
1672,0.914926,0.93148816,0.9371718,0.9379515,0.9339290863228225,1.5152978,1.305619,1690,1701,train
1673,0.9141699,0.91640985,0.9188393,0.92617166,0.9338954478531116,1.5120405,1.351349,1690,1701,train
1674,0.91433775,0.9239154,0.9190693,0.9296686,0.9337686889222555,1.5083776,1.3047303,1690,1701,train
1675,0.91351336,0.92250013,0.9352752,0.9333902,0.9333375255981281,1.5042281,1.3647603,1690,1701,train
1676,0.91367984,0.92459357,0.94192994,0.9353948,0.9331230869724836,1.4994888,1.2809348,1690,1701,train
1677,0.9135019,0.92437756,0.9210848,0.93060064,0.9327635442622592,1.4940244,1.329806,1690,1701,train
1678,0.913443,0.924376,0.9375582,0.9341506,0.932657885939987,1.487655,1.2727985,1690,1701,train
1679,0.9132984,0.92336965,0.9425101,0.935262,0.9322772717680378,1.4801364,1.32364,1690,1701,train
1680,0.913685,0.9259958,0.92009175,0.92999893,0.9319772430434232,1.4711276,1.1851525,1690,1701,train
1681,0.91318226,0.9237459,0.9265471,0.9312809,0.9315086960179421,1.4601392,1.2895597,1690,1701,train
1682,0.9135552,0.92223585,0.925269,0.9297039,0.930692492649165,1.4464413,1.2289613,1690,1701,train
1683,0.9135648,0.9239346,0.92790663,0.93190646,0.9300514352926545,1.4288993,1.3137351,1690,1701,train
1684,0.9125996,0.9219892,0.91971755,0.928525,0.9296718997448479,1.4056476,1.2655888,1690,1701,train
1685,0.91286784,0.9234916,0.9279917,0.9315175,0.9293028937060639,1.3734008,1.291253,1690,1701,train
1686,0.9127518,0.92744875,0.91627246,0.93017024,0.9287876179068034,1.3258177,1.2293723,1690,1701,train
1687,0.91288054,0.91551447,0.920509,0.9257317,0.928109445777957,1.2490457,1.3036095,1690,1701,train
1688,0.9122801,0.92028713,0.91622865,0.9262413,0.9276785156503026,1.1071488,1.1963252,1690,1701,train
1689,0.9125189,0.92322075,0.9161097,0.9278747,0.9273090985556172,0.7853982,1.2169034,1690,1701,train
1690,0.911878,0.9222536,0.9360206,0.93160766,0.9264194620255128,-0.0,1.1401105,1690,1701,train
1691,0.9113381,0.93047535,0.91722286,0.9309956,0.9258337431243902,-0.7853982,1.1134808,1690,1701,train
1692,0.91221255,0.92701507,0.932245,0.93061364,0.9254063395034038,-1.1071488,0.83440715,1690,1701,train
1693,0.9112507,0.9255914,0.91687465,0.92572916,0.9247505097143971,-1.2490457,0.78405666,1690,1701,train
1694,0.91120756,0.9177895,0.9210509,0.9222753,0.92421587784779,-1.3258177,0.72286,1690,1701,train
1695,0.9116609,0.9191024,0.9213671,0.92168456,0.9233433284649495,-1.3734008,0.55896807,1690,1701,train
1696,0.9111471,0.9182966,0.9178517,0.91906464,0.9228043817831535,-1.4056476,0.3926111,1690,1701,train
1697,0.91101074,0.91913116,0.91996324,0.9193967,0.9219102470053053,-1.4288993,0.3179138,1690,1701,train
1698,0.9103939,0.92230856,0.9178727,0.91899914,0.9214005731516014,-1.4464413,0.13239771,1690,1701,train
1699,0.91078544,0.9278566,0.9163971,0.921079,0.9205672248913247,-1.4601392,0.085073054,1690,1701,train
1700,0.9106853,0.9217466,0.934638,0.9210625,0.9197403791631087,-1.4711276,-0.08244243,1690,1701,train
1701,0.91030025,0.92044604,0.9224485,0.91764617,0.9189478240495406,-1.4801364,-0.055626422,1690,1701,train
1702,0.9095912,0.9263525,0.9348769,0.9226309,0.9184113012863651,-1.487655,-0.18578464,1690,1701,train
1703,0.91035837,0.92274487,0.916799,0.91621387,0.9175049368380593,-1.4940244,-0.20751703,1690,1701,train
1704,0.90958136,0.91715777,0.9230156,0.914624,0.9168642547833037,-1.4994888,-0.24038061,1690,1701,train
1705,0.9095833,0.9119694,0.9150722,0.90998006,0.9163540109113281,-1.5042281,-0.24969518,1690,1701,train
1706,0.90958226,0.9209349,0.9220731,0.91541505,0.9157878907164783,-1.5083776,-0.35225442,1690,1701,train
1707,0.90927356,0.92212594,0.9327738,0.91891885,0.9151410544473849,-1.5120405,-0.31612355,1690,1701,train
1708,0.9092115,0.9232135,0.9212866,0.9160227,0.9146248773474289,-1.5152978,-0.39697498,1690,1701,train
1709,0.9093969,0.9210993,0.92456275,0.915557,0.9140546123353075,-1.5182133,-0.4205923,1690,1701,train
1710,0.90873766,0.9162855,0.921437,0.9122639,0.9132871674628179,-1.5208379,-0.43133435,1690,1701,train
1711,0.9085128,0.9194915,0.9295316,0.9153563,0.9129092347492399,-1.5232133,-0.49483562,1690,1701,train
1712,0.9084993,0.92319596,0.92844534,0.91673756,0.9126922212175219,-1.5253731,-0.52441454,1690,1701,train
1713,0.9084307,0.91206205,0.9151584,0.90732974,0.9122559363546054,-1.5273454,-0.58928806,1690,1701,train
1714,0.9079585,0.9104924,0.914335,0.90647024,0.911641724324456,-1.5291537,-0.5721164,1690,1701,train
1715,0.9084459,0.9258839,0.9226208,0.915194,0.911319138023632,-1.5308176,-0.71104443,1690,1701,train
1716,0.9076515,0.9116571,0.91733897,0.9072556,0.9113090744633793,-1.5323538,-0.6394005,1690,1701,train
1717,0.9074409,0.91608745,0.9134021,0.9082658,0.9112681235248195,-1.5337762,-0.6744701,1690,1701,train
1718,0.907599,0.9218029,0.91729724,0.91157556,0.9110328942296138,-1.5350972,-0.7422675,1690,1701,train
1719,0.90741014,0.9142222,0.92020243,0.9084916,0.9108967690341394,-1.5363272,-0.73519224,1690,1701,train
1720,0.9074752,0.9222694,0.9171567,0.91190445,0.9103921393326873,-1.5374753,-0.7264013,1690,1701,train
1721,0.90707844,0.91631854,0.91591096,0.9080897,0.9102290071969255,-1.5385494,-0.788181,1690,1701,train
1722,0.9068626,0.928684,0.91653043,0.914679,0.9100425726840851,-1.5395565,-0.7680063,1690,1701,train
1723,0.90699893,0.91714096,0.9145987,0.9082825,0.9097508102821964,-1.5405025,-0.7762259,1690,1701,train
1724,0.9066918,0.91371846,0.9155127,0.9069497,0.9095659093175219,-1.541393,-0.75344837,1690,1701,train
1725,0.9066146,0.9191154,0.91297305,0.909131,0.9092668564908766,-1.5422326,-0.74572426,1690,1701,train
1726,0.90543985,0.9180259,0.927876,0.9119483,0.9092123047441658,-1.5430257,-0.7782978,1690,1701,train
1727,0.9052574,0.912161,0.91370595,0.90595204,0.9091994474597097,-1.5437759,-0.72428256,1690,1701,train
1728,0.905206,0.92720306,0.9177853,0.9145639,0.9092674687423246,-1.5444866,-0.72636545,1690,1701,train
1729,0.90566856,0.91927326,0.91679263,0.9104347,0.9090132688989263,-1.5451609,-0.7088026,1690,1701,train
1730,0.90506107,0.91453195,0.9203559,0.9084917,0.9088757169938003,-1.5458015,-0.75966793,1690,1701,train
1731,0.9044778,0.9131544,0.91207635,0.9058337,0.9085693101307188,-1.5464109,-0.7526901,1690,1701,train
1732,0.9049047,0.9176167,0.923089,0.9105605,0.9082242819757205,-1.5469913,-0.7800617,1690,1701,train
1733,0.904381,0.91163516,0.9115454,0.90535206,0.907999640083632,-1.5475447,-0.7001062,1690,1701,train
1734,0.90475965,0.9205605,0.9167409,0.9104142,0.9076657787776249,-1.5480729,-0.79197145,1690,1701,train
1735,0.9038149,0.9215468,0.93609554,0.9158114,0.9074394735961133,-1.5485778,-0.76927245,1690,1701,train
1736,0.90435326,0.9146172,0.9179341,0.90748453,0.9070572828651766,-1.5490606,-0.81774306,1690,1701,train
1737,0.9039058,0.90685487,0.91034245,0.9015063,0.9069966773878197,-1.549523,-0.8426862,1690,1701,train
1738,0.9033075,0.9114289,0.9160755,0.9046948,0.9067916717004529,-1.549966,-0.9087836,1690,1701,train
1739,0.90313005,0.9215466,0.92638826,0.91226,0.9063482365712476,-1.550391,-0.9186382,1690,1701,train
1740,0.90255076,0.9158151,0.91082823,0.9054347,0.9057637782255343,-1.550799,-0.9349514,1690,1701,train
1741,0.90254754,0.90416807,0.9103319,0.8994448,0.9054025388060275,-1.551191,-0.93108624,1690,1701,train
1742,0.9029091,0.9067118,0.91398597,0.900844,0.9049473641499033,-1.5515679,-1.0296023,1690,1701,train
1743,0.90210086,0.92408526,0.91023505,0.9090842,0.9043397976981016,-1.5519307,-0.9856449,1690,1701,train
1744,0.9021861,0.91170716,0.9123682,0.90271854,0.9037370137775119,-1.55228,-1.062855,1690,1701,train
1745,0.90218437,0.9202579,0.93974173,0.91340476,0.9033372816314263,-1.5526165,-1.1028812,1690,1701,train
1746,0.9014177,0.9127674,0.91162896,0.9025639,0.9028263288612361,-1.5529411,-1.127931,1690,1701,train
1747,0.9019528,0.9089626,0.9127768,0.9006329,0.9024127284468678,-1.5532542,-1.1640413,1690,1701,train
1748,0.9016501,0.91517806,0.91745156,0.9045433,0.9020717158269107,-1.5535567,-1.2117813,1690,1701,train
1749,0.90036035,0.9097272,0.91121495,0.9006461,0.9017166738553264,-1.5538487,-1.1632957,1690,1701,train
1750,0.9000081,0.9176685,0.9224275,0.9072855,0.9013281830934022,-1.5541312,-1.1775426,1690,1701,train
1751,0.9001497,0.9065685,0.91718245,0.8999176,0.9007944325355185,-1.5544044,-1.2373909,1690,1701,train
1752,0.8998591,0.8997191,0.90864325,0.89460486,0.9005488702690638,-1.5546687,-1.2085865,1690,1701,train
1753,0.8998631,0.90298223,0.91122466,0.896347,0.9002205321881982,-1.5549246,-1.2769135,1690,1701,train
1754,0.9002288,0.90970767,0.9165363,0.9010302,0.9000531417920639,-1.5551726,-1.2781752,1690,1701,train
1755,0.9001194,0.90096027,0.9089123,0.8948645,0.8998245350793075,-1.5554129,-1.263978,1690,1701,train
1756,0.89979225,0.89905983,0.90937775,0.89418715,0.8993181623784084,-1.555646,-1.2422317,1690,1701,train
1757,0.89929956,0.9104226,0.90874976,0.89986545,0.899032058760409,-1.5558721,-1.2313504,1690,1701,train
1758,0.89870304,0.9068717,0.9154668,0.8997664,0.8986461894053348,-1.5560915,-1.2230196,1690,1701,train
1759,0.89839166,0.91222095,0.9113808,0.90140057,0.8982557833873644,-1.5563046,-1.2332473,1690,1701,train
1760,0.8980457,0.90404725,0.91131914,0.8977048,0.8983546777090957,-1.5565116,-1.1751089,1690,1701,train
1761,0.8980481,0.90491784,0.9189836,0.8997079,0.8983669765144067,-1.5567127,-1.2134081,1690,1701,train
1762,0.89733934,0.8925154,0.90741277,0.89138323,0.8983618010588561,-1.5569084,-1.1172025,1690,1701,train
1763,0.89723784,0.90455616,0.90891814,0.89753956,0.8981400988925815,-1.5570985,-1.1546171,1690,1701,train
1764,0.89745694,0.9013485,0.9068836,0.895895,0.8979759167530054,-1.5572836,-1.0944986,1690,1701,train
1765,0.89692193,0.906378,0.90746415,0.89869624,0.8979903410257382,-1.5574638,-1.0796684,1690,1701,train
1766,0.8970565,0.90899706,0.9082551,0.8999716,0.8980187740438399,-1.5576392,-1.1105045,1690,1701,train
1767,0.8972901,0.8997426,0.90800107,0.895176,0.8978923450034764,-1.5578101,-1.1172574,1690,1701,train
1768,0.89643604,0.9099748,0.90922606,0.9008055,0.8977201224391194,-1.5579765,-1.0974095,1690,1701,train
1769,0.8966192,0.9121692,0.92412627,0.90483564,0.8978428552908159,-1.5581387,-1.1872283,1690,1701,train
1770,0.8956936,0.9001345,0.9072475,0.89529127,0.8976873239373581,-1.5582969,-1.1044931,1690,1701,train
1771,0.89586633,0.9107491,0.9161238,0.9028247,0.8980336919851677,-1.5584513,-1.1037701,1690,1701,train
1772,0.89598566,0.90125495,0.9060415,0.8961839,0.8981253934402126,-1.5586019,-1.0256902,1690,1701,train
1773,0.89542365,0.90753376,0.9142351,0.90096694,0.8979906870861285,-1.5587487,-1.074558,1690,1701,train
1774,0.89534795,0.90005445,0.9071153,0.8957827,0.8983370000183067,-1.5588921,-1.0326738,1690,1701,train
1775,0.8953024,0.8966745,0.912984,0.8950843,0.8985315953789389,-1.5590322,-1.0854781,1690,1701,train
1776,0.8957254,0.90944064,0.9167818,0.90252006,0.898600479652403,-1.5591689,-1.0785806,1690,1701,train
1777,0.8951003,0.90128577,0.90619063,0.89659894,0.8984906165477435,-1.5593026,-0.97953635,1690,1701,train
1778,0.8946486,0.8951355,0.90585864,0.8933372,0.8980516352365272,-1.5594332,-0.9887701,1690,1701,train
1779,0.8950941,0.90117943,0.90916026,0.8968012,0.8980034559214987,-1.5595609,-1.0386384,1690,1701,train
1780,0.8947495,0.9015176,0.905008,0.89587134,0.8980338267689705,-1.5596857,-1.0504298,1690,1701,train
1781,0.8944404,0.912853,0.92056704,0.90475816,0.8981300779097752,-1.5598078,-1.1309162,1690,1701,train
1782,0.8943903,0.90148056,0.90551805,0.8956154,0.897754553023224,-1.5599272,-1.0963935,1690,1701,train
1783,0.894096,0.9183559,0.91099095,0.90500134,0.8976087454636975,-1.560044,-1.1583319,1690,1701,train
1784,0.893722,0.91474015,0.90701735,0.90183014,0.8976915070442244,-1.5601584,-1.205826,1690,1701,train
1785,0.8935208,0.89374566,0.90511614,0.89083004,0.8975988910536579,-1.5602704,-1.1961125,1690,1701,train
1786,0.89310986,0.9120425,0.9091501,0.9007367,0.8976157061397202,-1.56038,-1.237234,1690,1701,train
1787,0.89365715,0.9005636,0.9077558,0.89479506,0.8975405700695469,-1.5604874,-1.211291,1690,1701,train
1788,0.89364564,0.9226459,0.936458,0.91301334,0.8971220071746154,-1.5605927,-1.2049509,1690,1701,train
1789,0.8930151,0.9072876,0.90365255,0.8975204,0.8969388096250666,-1.5606956,-1.1701366,1690,1701,train
1790,0.8927923,0.91192025,0.9072653,0.9006618,0.8964529295975066,-1.5607966,-1.1804233,1690,1701,train
1791,0.89293545,0.9020851,0.9039655,0.89489186,0.896212792981922,-1.5608957,-1.1795982,1690,1701,train
1792,0.89262974,0.8993478,0.90457976,0.8938366,0.8960418873347292,-1.5609927,-1.1567565,1690,1701,train
1793,0.8921569,0.90125036,0.9119306,0.8961981,0.8958605819926754,-1.5610878,-1.205889,1690,1701,train
1794,0.89199126,0.9013932,0.90428007,0.8949467,0.895570349820458,-1.5611812,-1.137703,1690,1701,train
1795,0.89155775,0.90949154,0.90438247,0.8990776,0.8956239330217306,-1.5612729,-1.1363791,1690,1701,train
1796,0.89203095,0.9001357,0.90412223,0.8942156,0.8952878687105557,-1.5613626,-1.1450267,1690,1701,train
1797,0.89194155,0.8974091,0.90549624,0.8929875,0.8951274589405633,-1.5614508,-1.168524,1690,1701,train
1798,0.89159673,0.909487,0.90492135,0.89900476,0.8948295856105752,-1.5615374,-1.1620545,1690,1701,train
1799,0.8911659,0.88569283,0.90342784,0.8864719,0.8948844014030676,-1.5616223,-1.1817507,1690,1701,train
1800,0.89049304,0.8858017,0.9027182,0.8864766,0.8945126109583267,-1.5617057,-1.1661689,1690,1701,train
1801,0.8912792,0.9020809,0.9165916,0.8976027,0.8940515536211857,-1.5617876,-1.2247527,1690,1701,train
1802,0.89076895,0.9078353,0.90271664,0.8976098,0.8940902634134914,-1.561868,-1.1650798,1690,1701,train
1803,0.8904268,0.91148627,0.9228561,0.90418637,0.8938149463177337,-1.561947,-1.1864787,1690,1701,train
1804,0.8907958,0.89666104,0.90557516,0.89251316,0.8934118327026337,-1.5620246,-1.1833303,1690,1701,train
1805,0.890966,0.90067416,0.9027824,0.8940204,0.8932206815599951,-1.5621009,-1.1631675,1690,1701,train
1806,0.8906093,0.8812227,0.9026614,0.88420385,0.8929228217429489,-1.5621759,-1.1600677,1690,1701,train
1807,0.88987863,0.90691745,0.9052417,0.89787537,0.8929153709220381,-1.5622495,-1.1502116,1690,1701,train
1808,0.89037263,0.9025828,0.9054121,0.8957317,0.8925154895625037,-1.5623219,-1.1493353,1690,1701,train
1809,0.890468,0.88780665,0.90131915,0.8874026,0.8925326002578481,-1.5623932,-1.1336077,1690,1701,train
1810,0.88973564,0.8995756,0.9071286,0.894625,0.8926844628440966,-1.5624632,-1.1497748,1690,1701,train
1811,0.8896746,0.88607585,0.90283346,0.8866476,0.8923714913979666,-1.5625321,-1.1655346,1690,1701,train
1812,0.8899086,0.8943051,0.9016777,0.8907279,0.8923996232525605,-1.5625998,-1.1386732,1690,1701,train
1813,0.88926685,0.8995297,0.90118784,0.8930772,0.8922629028436373,-1.5626664,-1.1603761,1690,1701,train
1814,0.88881683,0.8930991,0.9008763,0.8900086,0.8921517120832837,-1.562732,-1.1279882,1690,1701,train
1815,0.88913107,0.9088162,0.9041276,0.89838046,0.892092071345492,-1.5627965,-1.1737901,1690,1701,train
1816,0.88913226,0.8971417,0.906404,0.89301085,0.8921967525682244,-1.56286,-1.1764411,1690,1701,train
1817,0.888618,0.8969993,0.9020095,0.8919025,0.8920830249753798,-1.5629225,-1.1726499,1690,1701,train
1818,0.8891396,0.88657284,0.9002331,0.8865011,0.8918968493469684,-1.562984,-1.135736,1690,1701,train
1819,0.8883061,0.90286744,0.9036595,0.8953468,0.8917013875149825,-1.5630445,-1.1625161,1690,1701,train
1820,0.8881992,0.8897635,0.8997469,0.88843495,0.8916640593072828,-1.5631042,-1.0791085,1690,1701,train
1821,0.8880257,0.908147,0.9177615,0.90221345,0.8917899549124695,-1.5631629,-1.0645599,1690,1701,train
1822,0.88850415,0.8988221,0.9040738,0.8939767,0.8918622758070317,-1.5632207,-1.0893393,1690,1701,train
1823,0.8879204,0.89739156,0.90069366,0.892531,0.8916424630900404,-1.5632777,-1.0769864,1690,1701,train
1824,0.88741094,0.8825861,0.89951646,0.88486266,0.89177899224675,-1.5633337,-1.0662128,1690,1701,train
1825,0.88711137,0.89990497,0.899925,0.89383316,0.8913909114957658,-1.5633891,-1.0491066,1690,1701,train
1826,0.8871808,0.9025569,0.90581733,0.8964355,0.8909433719774096,-1.5634435,-1.0705101,1690,1701,train
1827,0.88737595,0.8866242,0.90067524,0.8872238,0.8907306768021381,-1.5634972,-1.0603617,1690,1701,train
1828,0.8870637,0.89540553,0.903108,0.8920551,0.8906250570219256,-1.5635501,-1.0844421,1690,1701,train
1829,0.8868301,0.897185,0.9025927,0.89293337,0.8908263021258997,-1.5636022,-1.0711106,1690,1701,train
1830,0.88619494,0.8902293,0.89901745,0.88872725,0.8905233243504745,-1.5636536,-1.0492449,1690,1701,train
1831,0.8869266,0.89491785,0.8999388,0.89104575,0.8905222164228639,-1.5637043,-1.0837605,1690,1701,train
1832,0.88648176,0.9156442,0.91674125,0.90542704,0.8902151813017959,-1.5637542,-1.1073526,1690,1701,train
1833,0.8859979,0.90476024,0.89917374,0.8961171,0.8901548811758926,-1.5638034,-1.0475821,1690,1701,train
1834,0.8860905,0.8980775,0.90069306,0.8928288,0.8899700337621078,-1.563852,-1.0831624,1690,1701,train
1835,0.88584983,0.88591456,0.897812,0.886282,0.8897263149720411,-1.5638999,-1.0464306,1690,1701,train
1836,0.88517094,0.89399064,0.9002198,0.8907432,0.8896681175242234,-1.5639471,-1.071352,1690,1701,train
1837,0.8852181,0.8894603,0.90345657,0.8889711,0.8893260877087253,-1.5639937,-1.1058962,1690,1701,train
1838,0.8855662,0.890484,0.8997351,0.88877255,0.8892780611268021,-1.5640397,-1.0820371,1690,1701,train
1839,0.88475704,0.8912902,0.89907134,0.8890838,0.889164775433767,-1.564085,-1.0736912,1690,1701,train
1840,0.8849441,0.8912721,0.8983438,0.8887522,0.8891797831283572,-1.5641297,-1.0923548,1690,1701,train
1841,0.8840882,0.886981,0.8978027,0.8866899,0.8892636308192154,-1.5641739,-1.0626874,1690,1701,train
1842,0.8844057,0.89042616,0.89948285,0.88850504,0.8890945099226674,-1.5642174,-1.1046711,1690,1701,train
1843,0.8847296,0.8932967,0.8990292,0.8897744,0.8890377576589846,-1.5642605,-1.113467,1690,1701,train
1844,0.8843878,0.8985272,0.90212387,0.8929111,0.8887786979761412,-1.5643029,-1.1459197,1690,1701,train
1845,0.8836938,0.8876344,0.8972945,0.8865864,0.8887034786749382,-1.5643448,-1.102251,1690,1701,train
1846,0.8833969,0.8847937,0.8964511,0.8850484,0.8885111152462698,-1.5643861,-1.0897939,1690,1701,train
1847,0.88370746,0.87764704,0.89616644,0.88138795,0.8886232727996589,-1.564427,-1.0890388,1690,1701,train
1848,0.88367695,0.8924011,0.90041023,0.8893664,0.8885651674596415,-1.5644673,-1.1506299,1690,1701,train
1849,0.88362277,0.88169324,0.89580595,0.8833109,0.888441467581346,-1.5645071,-1.0923644,1690,1701,train
1850,0.8837384,0.8906215,0.89782727,0.88788056,0.8881268718482297,-1.5645465,-1.1458156,1690,1701,train
1851,0.8831589,0.91141516,0.8969379,0.8982796,0.8882453785646869,-1.5645852,-1.1316795,1690,1701,train
1852,0.8830365,0.8990937,0.8966556,0.89173305,0.8880554481906249,-1.5646236,-1.1635402,1690,1701,train
1853,0.8826936,0.8944429,0.89577854,0.8893901,0.887843268933253,-1.5646614,-1.1358079,1690,1701,train
1854,0.8826872,0.89001656,0.89564633,0.88710415,0.8878494062567501,-1.5646988,-1.1385589,1690,1701,train
1855,0.88263184,0.9023093,0.8993078,0.89413637,0.887896073550625,-1.5647358,-1.1462023,1690,1701,train
1856,0.8825191,0.886677,0.8983431,0.8859248,0.8876472803368316,-1.5647722,-1.1576463,1690,1701,train
1857,0.8823554,0.8865623,0.89546037,0.8853669,0.8875205019904875,-1.5648084,-1.1323379,1690,1701,train
1858,0.8817983,0.8963711,0.89623725,0.8903828,0.8876584207836751,-1.564844,-1.1474887,1690,1701,train
1859,0.88173646,0.9034895,0.8978869,0.8942086,0.8878071376949344,-1.5648792,-1.1690972,1690,1701,train
1860,0.88163054,0.8929407,0.896098,0.88841987,0.8879922311538955,-1.564914,-1.1728663,1690,1701,train
1861,0.8816814,0.8942754,0.8971541,0.88930994,0.8881556381981757,-1.5649484,-1.1778611,1690,1701,train
1862,0.88128704,0.896804,0.90011144,0.8911289,0.8883425828235753,-1.5649824,-1.2001195,1690,1701,train
1863,0.8812031,0.8842233,0.8985463,0.88455373,0.8884714190672294,-1.565016,-1.1812524,1690,1701,train
1864,0.88145906,0.8927473,0.89836264,0.8888711,0.888552625619831,-1.5650493,-1.1728535,1690,1701,train
1865,0.88106513,0.87812614,0.89440715,0.8808108,0.8886588534770465,-1.5650821,-1.1393852,1690,1701,train
1866,0.88064295,0.8902321,0.8939539,0.88656867,0.8886421055223206,-1.5651146,-1.1685506,1690,1701,train
1867,0.88058126,0.89768124,0.89567435,0.89085096,0.8882980594567544,-1.5651467,-1.1547298,1690,1701,train
1868,0.8808266,0.88998157,0.8938353,0.88638574,0.8882230962763684,-1.5651784,-1.1721277,1690,1701,train
1869,0.8805635,0.89128613,0.89543647,0.88734835,0.8880242049139004,-1.5652097,-1.1827142,1690,1701,train
1870,0.87987405,0.8973881,0.8948208,0.8901811,0.8879942295856187,-1.5652409,-1.195007,1690,1701,train
1871,0.87971,0.87859976,0.8928069,0.8804414,0.8880205939246786,-1.5652715,-1.1677082,1690,1701,train
1872,0.8798616,0.87792635,0.89272857,0.8802076,0.8876318804887986,-1.5653019,-1.1518342,1690,1701,train
1873,0.88012177,0.8898422,0.9006952,0.88771516,0.8873665746795786,-1.5653319,-1.2056376,1690,1701,train
1874,0.8792035,0.8962746,0.89378405,0.8892937,0.8872855374525552,-1.5653616,-1.2045178,1690,1701,train
1875,0.87980396,0.89369226,0.89445925,0.8880606,0.8869560967404393,-1.565391,-1.2165625,1690,1701,train
1876,0.8793272,0.88155466,0.89233434,0.88169104,0.8867045018369756,-1.56542,-1.183418,1690,1701,train
1877,0.87899446,0.90542364,0.9036964,0.8960783,0.8864288517279925,-1.5654488,-1.235291,1690,1701,train
1878,0.8788324,0.8942464,0.89735216,0.8890328,0.8863262485997543,-1.5654773,-1.2176085,1690,1701,train
1879,0.8785805,0.89195395,0.8925471,0.8865036,0.8860790094134776,-1.5655054,-1.2444559,1690,1701,train
1880,0.8788177,0.89070624,0.8945701,0.88638496,0.885793956902307,-1.5655332,-1.2418247,1690,1701,train
1881,0.87818295,0.90060866,0.9008204,0.8929135,0.8857302234157469,-1.5655608,-1.2395884,1690,1701,train
1882,0.8781643,0.90230227,0.8940544,0.89217675,0.885598558305329,-1.565588,-1.2333188,1690,1701,train
1883,0.8774873,0.8853595,0.8920362,0.8832274,0.8853588374142195,-1.565615,-1.2227428,1690,1701,train
1884,0.8779283,0.8938415,0.8973393,0.88877493,0.8851217728322065,-1.5656418,-1.2240794,1690,1701,train
1885,0.87779903,0.88900936,0.89307225,0.88525236,0.8850853072683853,-1.5656682,-1.2309215,1690,1701,train
1886,0.87732714,0.8761676,0.89099646,0.87853205,0.8849621975933949,-1.5656943,-1.1997459,1690,1701,train
1887,0.8766888,0.8808062,0.89066684,0.88069797,0.8849090817881772,-1.5657202,-1.2108372,1690,1701,train
1888,0.87672096,0.8784668,0.89320266,0.87986654,0.8848252802970278,-1.5657458,-1.245271,1690,1701,train
1889,0.87677443,0.87982714,0.89052427,0.8800694,0.8844449743657015,-1.5657712,-1.2239151,1690,1701,train
1890,0.8758653,0.8760905,0.8902186,0.87824005,0.8842770685579473,-1.5657964,-1.2081617,1690,1701,train
1891,0.8763138,0.8819748,0.8901848,0.8809476,0.8841277794912408,-1.5658213,-1.2393168,1690,1701,train
1892,0.8759237,0.89908457,0.89144546,0.88980126,0.8839019674166914,-1.5658458,-1.2485163,1690,1701,train
1893,0.8757195,0.88432693,0.8921188,0.8824302,0.8839178318310135,-1.5658703,-1.2609439,1690,1701,train
1894,0.87611884,0.8959272,0.8905182,0.8879962,0.883680813229996,-1.5658944,-1.2469226,1690,1701,train
1895,0.87602854,0.8921535,0.89230704,0.8863379,0.8835996932026178,-1.5659183,-1.271164,1690,1701,train
1896,0.8759538,0.8762492,0.88930535,0.8777694,0.8835301902513288,-1.565942,-1.2506022,1690,1701,train
1897,0.8758481,0.8964642,0.8971976,0.88956887,0.8834114811526058,-1.5659654,-1.2875192,1690,1701,train
1898,0.875634,0.882043,0.8893093,0.8807567,0.8833427119450382,-1.5659887,-1.2410616,1690,1701,train
1899,0.8752015,0.8825889,0.89022577,0.8811231,0.8833408963126828,-1.5660117,-1.2577304,1690,1701,train
1900,0.875144,0.8859525,0.88937616,0.8825354,0.8832379680894334,-1.5660344,-1.267334,1690,1701,train
1901,0.8753467,0.88785505,0.8900284,0.88362855,0.8833281146799126,-1.566057,-1.2702131,1690,1701,train
1902,0.87448394,0.89029074,0.89102185,0.88501066,0.883080069324918,-1.5660794,-1.2811216,1690,1701,train
1903,0.87446374,0.8862101,0.889316,0.8826261,0.8834069766607455,-1.5661016,-1.270472,1690,1701,train
1904,0.87441146,0.88987076,0.8939996,0.8856493,0.8833835631465004,-1.5661235,-1.2644892,1690,1701,train
1905,0.87437344,0.8905295,0.88936937,0.8849109,0.883124709011859,-1.5661452,-1.2580185,1690,1701,train
1906,0.8738151,0.8911756,0.8892393,0.8851457,0.8832344166063006,-1.5661668,-1.2656248,1690,1701,train
1907,0.87399083,0.8804686,0.8876667,0.87934256,0.8832632513836587,-1.5661881,-1.270093,1690,1701,train
1908,0.87362695,0.88431484,0.8886535,0.881376,0.8835637342938034,-1.5662092,-1.2879925,1690,1701,train
1909,0.87377256,0.8941691,0.88800967,0.8863895,0.8838501259417408,-1.5662302,-1.2614,1690,1701,train
1910,0.8732361,0.8892449,0.8915879,0.88473237,0.8842683356586645,-1.5662509,-1.2667868,1690,1701,train
1911,0.8733597,0.88667977,0.8874638,0.88271034,0.8843909645083631,-1.5662714,-1.2324874,1690,1701,train
1912,0.8730566,0.88341534,0.88885295,0.8812898,0.8843619600868085,-1.5662918,-1.2470938,1690,1701,train
1913,0.8724414,0.8718223,0.8874093,0.87530464,0.8842444720455787,-1.5663121,-1.2228687,1690,1701,train
1914,0.87273884,0.8966579,0.8942245,0.88913524,0.8841671674944619,-1.5663321,-1.2632539,1690,1701,train
1915,0.8720143,0.8955192,0.88714385,0.8871774,0.8841837627430845,-1.5663519,-1.2207747,1690,1701,train
1916,0.87232006,0.8772013,0.8873434,0.877959,0.8837323164480138,-1.5663716,-1.2268,1690,1701,train
1917,0.8715108,0.89191324,0.88763577,0.88540435,0.8836978504850848,-1.5663911,-1.2303312,1690,1701,train
1918,0.87158126,0.88536,0.88704467,0.88198125,0.8835943414523809,-1.5664104,-1.227804,1690,1701,train
1919,0.8714897,0.8923069,0.891751,0.8867422,0.8834220512045055,-1.5664295,-1.2119656,1690,1701,train
1920,0.8716109,0.8871213,0.8870995,0.88282263,0.8832979935133802,-1.5664486,-1.2352926,1690,1701,train
1921,0.87087,0.8912963,0.8921528,0.88599265,0.8832917080416467,-1.5664674,-1.2552364,1690,1701,train
1922,0.8707243,0.89416456,0.8871069,0.8863356,0.8830242868608968,-1.566486,-1.2399923,1690,1701,train
1923,0.87079173,0.87426984,0.8866241,0.87637305,0.8830066057085051,-1.5665045,-1.2190928,1690,1701,train
1924,0.8711575,0.8817861,0.8874217,0.8802872,0.8827550559246867,-1.5665228,-1.2261885,1690,1701,train
1925,0.8705448,0.89186144,0.8900227,0.8858359,0.8824441238730317,-1.5665411,-1.245726,1690,1701,train
1926,0.87021804,0.87907803,0.8858609,0.87849396,0.8823027558301056,-1.5665591,-1.233246,1690,1701,train
1927,0.8699341,0.8879236,0.8857417,0.8830683,0.8819506197175992,-1.566577,-1.2134663,1690,1701,train
1928,0.86975586,0.8785409,0.8846363,0.8782184,0.881809519149656,-1.5665947,-1.1959637,1690,1701,train
1929,0.8699586,0.89006734,0.88638747,0.88424456,0.8816257403478266,-1.5666122,-1.221082,1690,1701,train
1930,0.8697282,0.8954441,0.904095,0.8912732,0.8813759377432999,-1.5666296,-1.2174287,1690,1701,train
1931,0.8698593,0.8810188,0.88598037,0.87949497,0.8812249139004793,-1.5666469,-1.2336657,1690,1701,train
1932,0.8694715,0.90049994,0.8898504,0.8901567,0.881030520510339,-1.5666641,-1.2449708,1690,1701,train
1933,0.86919636,0.88691795,0.8856926,0.8824944,0.8806900842445752,-1.5666811,-1.220628,1690,1701,train
1934,0.8689481,0.869291,0.8871666,0.873827,0.8803922861018453,-1.566698,-1.2421011,1690,1701,train
1935,0.86808383,0.87000746,0.8837832,0.8735822,0.8802321919101563,-1.5667148,-1.2148557,1690,1701,train
1936,0.8686262,0.8819128,0.88484085,0.87962484,0.8799910766275899,-1.5667313,-1.239371,1690,1701,train
1937,0.8680062,0.8772073,0.8838809,0.87696666,0.8796282941337585,-1.5667478,-1.247342,1690,1701,train
1938,0.8678557,0.8847048,0.8844861,0.8807305,0.8793295526475179,-1.5667641,-1.2667156,1690,1701,train
1939,0.86771876,0.8781013,0.88378334,0.8773022,0.8790664618429695,-1.5667803,-1.2589166,1690,1701,train
1940,0.86773115,0.86792874,0.88326013,0.872214,0.8788440215654676,-1.5667963,-1.24063,1690,1701,train
1941,0.8679512,0.88849103,0.8948854,0.8847567,0.8786396312455312,-1.5668123,-1.3174443,1690,1701,train
1942,0.8675522,0.8680773,0.88287437,0.8718624,0.8782345926781163,-1.5668281,-1.2836242,1690,1701,train
1943,0.86677593,0.8891053,0.8845651,0.8825615,0.8781999073759268,-1.5668437,-1.3184581,1690,1701,train
1944,0.8669704,0.8800336,0.8828048,0.8778092,0.8779267118364116,-1.5668594,-1.2882154,1690,1701,train
1945,0.8672687,0.8870524,0.88581383,0.88181686,0.8778144249251878,-1.5668747,-1.3201746,1690,1701,train
1946,0.86706614,0.87803996,0.88322353,0.8765515,0.8774214946547638,-1.5668901,-1.3342981,1690,1701,train
1947,0.8664301,0.8770132,0.8819329,0.8756844,0.8773801991976039,-1.5669053,-1.339498,1690,1701,train
1948,0.8666788,0.8827006,0.88182926,0.8783943,0.8772900839924147,-1.5669204,-1.3551829,1690,1701,train
1949,0.86626303,0.88018155,0.8835804,0.8774199,0.8768904060412068,-1.5669353,-1.3721691,1690,1701,train
1950,0.8661231,0.8833001,0.8833387,0.87897015,0.8763928481164913,-1.5669502,-1.3667907,1690,1701,train
1951,0.86570376,0.8730732,0.8817251,0.8736319,0.8763375577671243,-1.566965,-1.3428087,1690,1701,train
1952,0.86523265,0.8883085,0.882429,0.88140804,0.876351297798138,-1.5669795,-1.3488631,1690,1701,train
1953,0.8657816,0.8772838,0.8813696,0.87564266,0.8764389927893235,-1.5669941,-1.3448818,1690,1701,train
1954,0.8650608,0.8733258,0.8805337,0.8739479,0.8760317404903618,-1.5670085,-1.2812755,1690,1701,train
1955,0.8646259,0.882153,0.8835919,0.8788992,0.8762780878453982,-1.5670228,-1.309475,1690,1701,train
1956,0.8646414,0.87513447,0.88059384,0.8748728,0.8765044811830285,-1.567037,-1.2808886,1690,1701,train
1957,0.86460096,0.8782358,0.88079727,0.87641937,0.8764190434823437,-1.567051,-1.2885253,1690,1701,train
1958,0.8649516,0.875023,0.881217,0.87493366,0.8766231421716808,-1.567065,-1.2852068,1690,1701,train
1959,0.8644967,0.87381357,0.8801024,0.87435746,0.8765118778455141,-1.5670788,-1.2466241,1690,1701,train
1960,0.86440086,0.8738177,0.88015753,0.8742142,0.876404502855739,-1.5670927,-1.2670729,1690,1701,train
1961,0.8640448,0.88867456,0.88162893,0.88183016,0.8762971464984064,-1.5671064,-1.2933432,1690,1701,train
1962,0.86339015,0.87954366,0.8820207,0.87747866,0.8763016701964927,-1.5671198,-1.2747118,1690,1701,train
1963,0.8632641,0.87197006,0.8808176,0.8734658,0.8762343100152399,-1.5671333,-1.2645903,1690,1701,train
1964,0.86291164,0.87618524,0.88003874,0.8753247,0.8762959567168463,-1.5671467,-1.2733567,1690,1701,train
1965,0.86272705,0.88461447,0.8792213,0.87939405,0.8761866745971514,-1.56716,-1.2692051,1690,1701,train
1966,0.8630386,0.8819876,0.88160944,0.8784918,0.8759556663919393,-1.5671731,-1.289583,1690,1701,train
1967,0.8628343,0.87785655,0.8815462,0.87641865,0.8760102547932995,-1.5671862,-1.2873635,1690,1701,train
1968,0.86241144,0.8677185,0.8783624,0.87075084,0.875806230833544,-1.5671992,-1.2636523,1690,1701,train
1969,0.86211324,0.87623787,0.88007665,0.8752257,0.8759359933692089,-1.5672121,-1.2907038,1690,1701,train
1970,0.86231244,0.8761349,0.8788431,0.8749499,0.8758029483158813,-1.5672249,-1.2812586,1690,1701,train
1971,0.86226124,0.88888884,0.88137335,0.8817607,0.8759980563447727,-1.5672376,-1.308199,1690,1701,train
1972,0.8620703,0.87472403,0.87862027,0.8740976,0.8758565234949833,-1.5672503,-1.292953,1690,1701,train
1973,0.8613325,0.88100314,0.87828594,0.877155,0.8760287275862072,-1.5672628,-1.2947465,1690,1701,train
1974,0.8612749,0.88274646,0.87924975,0.8782764,0.876002590007793,-1.5672752,-1.2930809,1690,1701,train
1975,0.8611676,0.89902693,0.87936807,0.88640326,0.8759919836792663,-1.5672876,-1.3054674,1690,1701,train
1976,0.86087286,0.8843303,0.8782456,0.87880003,0.8759780239026184,-1.5672998,-1.2969395,1690,1701,train
1977,0.8607679,0.8657258,0.8772732,0.8691373,0.8759539040337078,-1.567312,-1.3093518,1690,1701,train
1978,0.86062825,0.86784816,0.8775474,0.87018216,0.8760832690534155,-1.5673242,-1.3201759,1690,1701,train
1979,0.86039627,0.8905866,0.88143206,0.8824448,0.8760620183646323,-1.5673361,-1.3319441,1690,1701,train
1980,0.86048406,0.86030954,0.8766421,0.8663949,0.8758854045449547,-1.5673481,-1.2940086,1690,1701,train
1981,0.8601554,0.87791383,0.87692493,0.8748294,0.8759481634552726,-1.5673599,-1.352314,1690,1701,train
1982,0.85957515,0.8548149,0.87623614,0.86315525,0.8758930143390365,-1.5673717,-1.3455642,1690,1701,train
1983,0.8593732,0.88180816,0.87763727,0.87704456,0.8760633236171127,-1.5673834,-1.3409348,1690,1701,train
1984,0.85942376,0.89248455,0.8773879,0.882575,0.8760852713126132,-1.567395,-1.3123403,1690,1701,train
1985,0.85910416,0.87697035,0.8764018,0.8744341,0.8758890309817821,-1.5674065,-1.3259416,1690,1701,train
1986,0.8587644,0.87385166,0.87621886,0.8730377,0.8757675869305012,-1.567418,-1.2985826,1690,1701,train
1987,0.8580924,0.87714064,0.8758995,0.8747414,0.8755704937992181,-1.5674293,-1.2817149,1690,1701,train
1988,0.8579381,0.8769275,0.87585557,0.87447757,0.8755232676400755,-1.5674406,-1.3005729,1690,1701,train
1989,0.8583846,0.87539953,0.87739366,0.8738741,0.87537214496471,-1.5674518,-1.3273611,1690,1701,train
1990,0.8577281,0.88042474,0.8776932,0.8765227,0.8754523680426977,-1.567463,-1.3203654,1690,1701,train
1991,0.8575273,0.8776802,0.8755056,0.87514186,0.8753967282941946,-1.5674741,-1.2527807,1690,1701,train
1992,0.8577986,0.8838891,0.877372,0.8784957,0.8753689285415228,-1.5674851,-1.2804327,1690,1701,train
1993,0.85785145,0.8776322,0.8752348,0.8748276,0.8751426684270037,-1.5674961,-1.281742,1690,1701,train
1994,0.8578007,0.87603605,0.87503004,0.87401265,0.8749154323956139,-1.5675069,-1.2771966,1690,1701,train
1995,0.8573057,0.8860768,0.8747808,0.87900895,0.8748159690668201,-1.5675176,-1.2754092,1690,1701,train
1996,0.85724086,0.8730036,0.8744247,0.8725217,0.8746338782460117,-1.5675284,-1.2545562,1690,1701,train
1997,0.8567907,0.8860878,0.8757621,0.8792496,0.8745570776645938,-1.567539,-1.2756355,1690,1701,train
1998,0.8562384,0.86265975,0.87406087,0.8672073,0.8743902315825739,-1.5675496,-1.260678,1690,1701,train
1999,0.85659826,0.87938786,0.87612844,0.8760148,0.8742556734617813,-1.5675601,-1.2700939,1690,1701,train
2000,0.85575324,0.8938559,0.89848614,0.8888689,0.874172197797386,-1.5675706,-1.2485827,1690,1701,train
2001,0.856007,0.8818814,0.87545425,0.8769748,0.8742828066196189,-1.5675809,-1.2867783,1690,1701,train
2002,0.85584587,0.87257004,0.8740373,0.8718141,0.8742334106564551,-1.5675912,-1.3057755,1690,1701,train
2003,0.8552388,0.87726325,0.8734807,0.8742068,0.873953177173187,-1.5676014,-1.2834096,1690,1701,train
2004,0.8552143,0.87652576,0.8732078,0.87380433,0.8736335080005515,-1.5676116,-1.2791228,1690,1701,train
2005,0.85475504,0.8837054,0.8736698,0.87721163,0.873747910299506,-1.5676217,-1.3188437,1690,1701,train
2006,0.8546062,0.87759626,0.87344784,0.8742306,0.8735094351480374,-1.5676317,-1.3008578,1690,1701,train
2007,0.85429275,0.8779599,0.8729198,0.87420505,0.8732569263273885,-1.5676417,-1.3112855,1690,1701,train
2008,0.85441375,0.86404085,0.8724583,0.8671974,0.873098295868572,-1.5676516,-1.3014662,1690,1701,train
2009,0.85457253,0.8684155,0.8735508,0.86942804,0.8728979287210747,-1.5676615,-1.3300588,1690,1701,train
2010,0.85406435,0.8804481,0.87382,0.87559515,0.8729447911999438,-1.5676713,-1.3210354,1690,1701,train
2011,0.8537508,0.8747492,0.8725959,0.8724917,0.872907007872459,-1.5676811,-1.3145075,1690,1701,train
2012,0.8537481,0.88056576,0.8750196,0.8758726,0.872631528757752,-1.5676907,-1.3301755,1690,1701,train
2013,0.85320735,0.8763766,0.8715288,0.87302613,0.8725464826205257,-1.5677004,-1.3176786,1690,1701,train
2014,0.8520608,0.87493384,0.87174106,0.87209004,0.8723352364906154,-1.5677099,-1.3517641,1690,1701,train
2015,0.8527037,0.86009586,0.8713764,0.86465204,0.8721027709870082,-1.5677195,-1.3421016,1690,1701,train
2016,0.85233074,0.8758408,0.8714843,0.87257034,0.8718887144999448,-1.5677289,-1.3404558,1690,1701,train
2017,0.8517688,0.87280023,0.87120426,0.87095076,0.871669251232757,-1.5677382,-1.3441133,1690,1701,train
2018,0.8518052,0.88254243,0.8732003,0.87591934,0.8714443811854616,-1.5677476,-1.3956239,1690,1701,train
2019,0.8517655,0.8710028,0.8710818,0.869732,0.8712141043580589,-1.5677568,-1.3815118,1690,1701,train
2020,0.85157466,0.8687525,0.87047404,0.8684913,0.8709784207505488,-1.5677661,-1.3773704,1690,1701,train
2021,0.85167646,0.8718418,0.8705107,0.870127,0.8707373303629312,-1.5677751,-1.3669735,1690,1701,train
2022,0.85127205,0.87892604,0.8711117,0.87366724,0.8704908331952061,-1.5677843,-1.3870595,1690,1701,train
2023,0.85143894,0.870522,0.86994904,0.86924154,0.8702389292473737,-1.5677934,-1.3785646,1690,1701,train
2024,0.8509889,0.8727368,0.8710607,0.8706884,0.8699816185194338,-1.5678023,-1.3694676,1690,1701,train
2025,0.8509547,0.8576975,0.8695065,0.86285007,0.8697189010113865,-1.5678113,-1.3622907,1690,1701,train
2026,0.85092574,0.8774034,0.8712972,0.87286484,0.8694507767232318,-1.5678202,-1.3978548,1690,1701,train
2027,0.85027784,0.87538683,0.8719623,0.872252,0.8691772456549697,-1.567829,-1.3670673,1690,1701,train
2028,0.8502967,0.8717908,0.86991197,0.87006634,0.8688983078066,-1.5678377,-1.352876,1690,1701,train
2029,0.8493341,0.87422955,0.868829,0.8711475,0.868613963178123,-1.5678465,-1.3373462,1690,1701,train
2030,0.84923834,0.8689535,0.8687581,0.8685554,0.8683242117695386,-1.5678551,-1.3286765,1690,1701,train
2031,0.8494547,0.8585608,0.8683599,0.86327,0.8680290535808467,-1.5678638,-1.3280272,1690,1701,train
2032,0.8486159,0.8731896,0.8684256,0.87045765,0.8677284886120474,-1.5678724,-1.3466244,1690,1701,train
2033,0.84842366,0.8659874,0.8677455,0.8667553,0.8674225168631406,-1.5678809,-1.3381071,1690,1701,train
2034,0.84846866,0.8728472,0.8679056,0.8701055,0.8671111383341265,-1.5678893,-1.353811,1690,1701,train
2035,0.84838456,0.86847234,0.8676764,0.86790735,0.8667943530250048,-1.5678978,-1.3477273,1690,1701,train
2036,0.8478959,0.8578237,0.8670893,0.8623799,0.8664721609357758,-1.5679061,-1.3562332,1690,1701,train
2037,0.8479683,0.86895144,0.8679155,0.8679438,0.8661445620664394,-1.5679145,-1.3815031,1690,1701,train
2038,0.8471651,0.8577652,0.8668499,0.86215436,0.8658115564169955,-1.5679228,-1.3742832,1690,1701,train
2039,0.84497774,0.8645098,0.8657127,0.8650788,0.8654731439874442,-1.567931,-1.3963939,1690,1701,train
2040,0.84449357,0.8634737,0.8650183,0.8643057,0.8651293247777855,-1.5679392,-1.4079287,1690,1701,train
