cycle_index,true_soh,pred_soh_deepopinn,pred_soh_lax,pred_soh_fusion_raw,pred_soh_fusion_post,true_kpd,pred_kpd,true_knee_cycle,pred_knee_cycle,split
0,0.97152066,0.96416533,0.9699995,0.9669421,0.9664723388434051,1.5698254,1.4638662,1030,1047,train
1,0.9715789,0.9635185,0.96988565,0.9668127,0.966492366253806,1.5698245,1.5214629,1030,1047,train
2,0.9716891,0.96369797,0.96986365,0.9671156,0.9665134608667835,1.5698236,1.5562413,1030,1047,train
3,0.97174656,0.9645288,0.9699708,0.9676491,0.9665356226823377,1.5698227,1.550542,1030,1047,train
4,0.97177464,0.96486187,0.969873,0.96768457,0.9665588517004687,1.5698217,1.5220731,1030,1047,train
5,0.9717866,0.9630052,0.96987075,0.9665172,0.9665831479211764,1.5698208,1.5289292,1030,1047,train
6,0.9717828,0.9613831,0.9699142,0.96539575,0.9666085113444608,1.5698198,1.5145065,1030,1047,train
7,0.9718645,0.9649575,0.96976936,0.9677561,0.9666349419703218,1.5698189,1.5283546,1030,1047,train
8,0.9718197,0.9627365,0.9698744,0.9661722,0.9666624397987597,1.5698179,1.4978158,1030,1047,train
9,0.9618489,0.96615213,0.97002137,0.9682166,0.9666910048297742,1.569817,1.4603022,1030,1047,train
10,0.9664179,0.9620703,0.969872,0.9657614,0.9667206370633654,1.569816,1.5018202,1030,1047,train
11,0.9676924,0.9606033,0.96984583,0.9648115,0.9667513364995334,1.5698149,1.5033064,1030,1047,train
12,0.96842957,0.96366143,0.9699171,0.9668728,0.966783103138278,1.569814,1.5141624,1030,1047,train
13,0.96900463,0.96343195,0.969732,0.966723,0.9668159369795993,1.569813,1.5221183,1030,1047,train
14,0.9693988,0.96070695,0.96961427,0.96502835,0.9668498380234974,1.569812,1.5405912,1030,1047,train
15,0.96969527,0.9619952,0.96965504,0.9659255,0.9668848062699722,1.5698111,1.5499146,1030,1047,train
16,0.97000575,0.9629425,0.9696102,0.9666035,0.9669208417190237,1.5698102,1.5633695,1030,1047,train
17,0.97016275,0.96263313,0.9696275,0.9665132,0.9669579443706519,1.5698092,1.5826428,1030,1047,train
18,0.970212,0.9613106,0.96957344,0.96564233,0.9669961142248568,1.5698081,1.5826917,1030,1047,train
19,0.9703882,0.9603404,0.96960795,0.9649462,0.9670353512816384,1.5698072,1.5691032,1030,1047,train
20,0.97045046,0.96273893,0.96957654,0.96655285,0.9670756555409967,1.5698062,1.5796087,1030,1047,train
21,0.97057176,0.96327424,0.9695707,0.9669511,0.9671170270029318,1.5698053,1.5891076,1030,1047,train
22,0.9705156,0.9647995,0.9695761,0.96796775,0.9671594656674436,1.5698043,1.5937876,1030,1047,train
23,0.9706321,0.9642177,0.96959674,0.96755046,0.967202971534532,1.5698032,1.5856507,1030,1047,train
24,0.9705844,0.96444947,0.96956956,0.9676646,0.9672475446041972,1.5698023,1.5802766,1030,1047,train
25,0.97053164,0.9639814,0.96953607,0.967516,0.96729318487642,1.5698013,1.6098723,1030,1047,train
26,0.970568,0.965183,0.9695458,0.9681558,0.9673788234445821,1.5698003,1.5840971,1030,1047,train
27,0.9705902,0.9652631,0.9695444,0.9682916,0.9674740373330701,1.5697993,1.5993594,1030,1047,train
28,0.9705517,0.9646306,0.969392,0.9677957,0.9675747014816709,1.5697984,1.5905371,1030,1047,train
29,0.9704936,0.96378696,0.9695663,0.9673674,0.9677377731149852,1.5697973,1.6044862,1030,1047,train
30,0.97054726,0.9654274,0.9695515,0.9683817,0.9678655807522292,1.5697963,1.5960739,1030,1047,train
31,0.97059125,0.96412957,0.9695507,0.9675404,0.9679350101458053,1.5697954,1.5962129,1030,1047,train
32,0.970556,0.96414125,0.96949106,0.9674805,0.9679725687809659,1.5697943,1.586603,1030,1047,train
33,0.9705678,0.96422267,0.9695387,0.9675776,0.9680639678236795,1.5697933,1.5925466,1030,1047,train
34,0.97051275,0.9662949,0.9694073,0.96886945,0.968105472096233,1.5697923,1.5887837,1030,1047,train
35,0.97048074,0.9651481,0.9693619,0.9681716,0.9681956252345958,1.5697913,1.5991344,1030,1047,train
36,0.9704091,0.9660294,0.96936595,0.96871436,0.9682273545830203,1.5697902,1.5937004,1030,1047,train
37,0.97047365,0.9654406,0.96928394,0.9683594,0.9681945512655266,1.5697893,1.6022148,1030,1047,train
38,0.97042817,0.9659132,0.9693074,0.96863335,0.9682468154948142,1.5697882,1.5952563,1030,1047,train
39,0.9703594,0.96571946,0.969332,0.9685292,0.9682768311607607,1.5697873,1.5980937,1030,1047,train
40,0.97044235,0.96490824,0.96930003,0.96802336,0.9682389262194955,1.5697862,1.6031914,1030,1047,train
41,0.97043234,0.9654308,0.9692137,0.9683587,0.9682148186970586,1.5697852,1.6063081,1030,1047,train
42,0.97039753,0.96701,0.96925783,0.96936876,0.9681993811534654,1.5697842,1.6017611,1030,1047,train
43,0.9704913,0.964142,0.9692589,0.9675971,0.9682128905626071,1.5697832,1.6178508,1030,1047,train
44,0.9703757,0.9654581,0.969227,0.96837527,0.9682345380963584,1.5697821,1.6055186,1030,1047,train
45,0.97033066,0.96559167,0.96914095,0.96843237,0.9681158124618654,1.5697811,1.6039214,1030,1047,train
46,0.97031784,0.9654565,0.96927476,0.9683759,0.9680658410396109,1.5697801,1.6037331,1030,1047,train
47,0.9703559,0.96541584,0.96922535,0.9683534,0.9680046824496737,1.569779,1.6066002,1030,1047,train
48,0.9703104,0.96552706,0.96910363,0.96824616,0.9680040836274633,1.569778,1.5793842,1030,1047,train
49,0.9702671,0.96434784,0.96928185,0.9674495,0.967975616865483,1.569777,1.565835,1030,1047,train
50,0.97027993,0.9653578,0.96905637,0.96810764,0.9679415650096341,1.5697759,1.5762458,1030,1047,train
51,0.97029436,0.9651172,0.9691677,0.9679645,0.9678830027974292,1.5697749,1.5737243,1030,1047,train
52,0.9702659,0.96435535,0.96911263,0.9674581,0.9678906796337421,1.5697738,1.5739338,1030,1047,train
53,0.96912754,0.9643823,0.9690305,0.96748936,0.9678367209295529,1.5697728,1.5800304,1030,1047,train
54,0.97041583,0.9616632,0.9689572,0.9657322,0.9677629170864416,1.5697718,1.5845273,1030,1047,train
55,0.9703106,0.96311,0.9689639,0.96678674,0.9676853880401118,1.5697707,1.6052253,1030,1047,train
56,0.97033435,0.95983154,0.96890026,0.9645564,0.9676476122690201,1.5697696,1.5893176,1030,1047,train
57,0.97026217,0.9637288,0.96902925,0.96714365,0.9675699650354108,1.5697685,1.5942901,1030,1047,train
58,0.97020245,0.9612632,0.9690032,0.9655118,0.9674891508063622,1.5697675,1.5896039,1030,1047,train
59,0.9701509,0.96445173,0.9689666,0.9675072,0.9674179279433307,1.5697664,1.5778959,1030,1047,train
60,0.970055,0.9650653,0.9690155,0.9678961,0.9673784090283337,1.5697654,1.5740924,1030,1047,train
61,0.97002536,0.9641802,0.9688712,0.96735984,0.967354037044291,1.5697644,1.5873096,1030,1047,train
62,0.970011,0.9656556,0.96881884,0.9682223,0.9672613992634468,1.5697633,1.5724238,1030,1047,train
63,0.96991366,0.9640006,0.96892166,0.96708477,0.9671491698723458,1.5697622,1.5563436,1030,1047,train
64,0.96983784,0.9640957,0.9687618,0.967484,0.9671281659118788,1.5697612,1.6245697,1030,1047,train
65,0.96986884,0.9646026,0.9689474,0.96776557,0.9670550596519686,1.5697601,1.6078516,1030,1047,train
66,0.9698588,0.96454847,0.968894,0.9678035,0.9669473878607913,1.569759,1.6234463,1030,1047,train
67,0.9699073,0.9647883,0.9688349,0.967954,0.9668757491504276,1.5697579,1.6251137,1030,1047,train
68,0.9698931,0.96276706,0.96875405,0.9665765,0.9668971199422525,1.5697569,1.6166713,1030,1047,train
69,0.9698323,0.9599924,0.96872604,0.9647116,0.9667738788546071,1.5697558,1.6061814,1030,1047,train
70,0.96980035,0.96510506,0.9687458,0.9680494,0.9666989270499875,1.5697547,1.6090479,1030,1047,train
71,0.9698085,0.96324766,0.96878946,0.96688473,0.9666825887254792,1.5697535,1.6144629,1030,1047,train
72,0.9697764,0.9639867,0.9686508,0.96734375,0.9667013523051866,1.5697525,1.6168265,1030,1047,train
73,0.96968436,0.96189845,0.96856534,0.96604437,0.9666892926609983,1.5697514,1.6306535,1030,1047,train
74,0.9696951,0.96225226,0.96878636,0.96627486,0.9667465326461775,1.5697503,1.6211251,1030,1047,train
75,0.96968675,0.96227336,0.96871567,0.9662858,0.9666507096384254,1.5697492,1.623738,1030,1047,train
76,0.96965194,0.9630282,0.96870446,0.9667264,0.9665814087656349,1.5697482,1.6152992,1030,1047,train
77,0.9696397,0.96007526,0.9685712,0.9647895,0.9665576220125557,1.569747,1.6173577,1030,1047,train
78,0.9696657,0.96316624,0.9684528,0.9667873,0.9665002295912888,1.5697459,1.6211283,1030,1047,train
79,0.96973807,0.96332705,0.96853185,0.966923,0.9664239246428311,1.5697448,1.6233475,1030,1047,train
80,0.96971726,0.96237755,0.9684321,0.96646506,0.9664130905410993,1.5697438,1.6564215,1030,1047,train
81,0.9696479,0.96160424,0.9683932,0.9659458,0.9663028074241133,1.5697426,1.6549573,1030,1047,train
82,0.9697358,0.9568321,0.9684818,0.9628229,0.9661886273481886,1.5697415,1.6462914,1030,1047,train
83,0.96969455,0.9617537,0.9683765,0.96610075,0.9661084554476514,1.5697404,1.6662083,1030,1047,train
84,0.96973485,0.96101475,0.9684857,0.96558636,0.9660684274313047,1.5697392,1.6550958,1030,1047,train
85,0.9696172,0.9610332,0.96829236,0.9656221,0.9661013643958347,1.5697381,1.6678776,1030,1047,train
86,0.96973246,0.958835,0.9685019,0.9641738,0.9660602987694002,1.569737,1.6547163,1030,1047,train
87,0.9697411,0.9630023,0.96835756,0.96693516,0.9659455814686262,1.5697359,1.6714531,1030,1047,train
88,0.9696869,0.96398765,0.96851546,0.96750844,0.965885367196957,1.5697348,1.6525539,1030,1047,train
89,0.96968174,0.9598026,0.9684066,0.9647413,0.96587731797101,1.5697336,1.6479249,1030,1047,train
90,0.96961117,0.9623079,0.9683751,0.96638733,0.9658351258722774,1.5697325,1.6530261,1030,1047,train
91,0.96958053,0.9636221,0.96829474,0.9672387,0.965799105771125,1.5697314,1.65632,1030,1047,train
92,0.96950775,0.9626225,0.9682164,0.9665449,0.9657378866098865,1.5697303,1.6515423,1030,1047,train
93,0.96946156,0.95938087,0.9682474,0.96447086,0.9656936243402745,1.5697291,1.6554983,1030,1047,train
94,0.9693904,0.9644617,0.9683678,0.9677436,0.9656177968378608,1.5697279,1.6458849,1030,1047,train
95,0.96939427,0.9636375,0.9682077,0.96720135,0.965538395846024,1.5697268,1.6515415,1030,1047,train
96,0.96939826,0.96101797,0.9681624,0.9654553,0.9656547476457826,1.5697256,1.6451044,1030,1047,train
97,0.96928847,0.95894337,0.9682477,0.9641128,0.9656377292053974,1.5697246,1.6420232,1030,1047,train
98,0.9692132,0.96036243,0.968305,0.96501946,0.9656551315448416,1.5697234,1.6369412,1030,1047,train
99,0.969228,0.9561714,0.9681932,0.9622843,0.9655362052021806,1.5697222,1.639049,1030,1047,train
100,0.9691225,0.9626689,0.96819013,0.9664925,0.9655403386085832,1.5697211,1.6377108,1030,1047,train
101,0.9691531,0.96254456,0.9680655,0.96647686,0.9655063368933241,1.5697199,1.654995,1030,1047,train
102,0.9690541,0.96038985,0.967965,0.96492636,0.965550305107595,1.5697187,1.631735,1030,1047,train
103,0.9689885,0.96131814,0.9680165,0.9655628,0.9654009442139773,1.5697175,1.6356683,1030,1047,train
104,0.96899945,0.9624157,0.9680636,0.96634614,0.965310578223484,1.5697165,1.6465249,1030,1047,train
105,0.9689548,0.9556418,0.96786004,0.96197176,0.9653447383745827,1.5697153,1.6593071,1030,1047,train
106,0.9689252,0.96180725,0.96789384,0.9659125,0.9651744395555698,1.5697141,1.6469188,1030,1047,train
107,0.9688914,0.96321166,0.9680587,0.9669285,0.9650655780503365,1.5697129,1.6586993,1030,1047,train
108,0.96878874,0.9613345,0.967777,0.9656232,0.9649017873000587,1.5697117,1.6552103,1030,1047,train
109,0.968881,0.95966744,0.9678807,0.9645773,0.9647651609633012,1.5697105,1.6571565,1030,1047,train
110,0.9689356,0.955569,0.9677507,0.9617851,0.9645696347662915,1.5697094,1.6387978,1030,1047,train
111,0.96904516,0.9594909,0.967771,0.9644035,0.9644138304227774,1.5697082,1.6512235,1030,1047,train
112,0.9690013,0.9628055,0.9679728,0.9665648,0.9642334557010883,1.569707,1.6442826,1030,1047,train
113,0.96903133,0.96195877,0.9678407,0.96597606,0.9641985577654817,1.5697058,1.64295,1030,1047,train
114,0.9690403,0.95758295,0.96767306,0.96311986,0.9641603739545652,1.5697047,1.6472545,1030,1047,train
115,0.9690436,0.95985484,0.96774006,0.96454155,0.9639903921435895,1.5697035,1.6347742,1030,1047,train
116,0.9688437,0.9600836,0.96782666,0.96472645,0.9639281494441383,1.5697023,1.6375864,1030,1047,train
117,0.9688468,0.9619681,0.96771395,0.96591955,0.9638951886466609,1.5697011,1.6371466,1030,1047,train
118,0.968725,0.96211815,0.9678047,0.96595,0.9639407245336986,1.5696999,1.6210244,1030,1047,train
119,0.968757,0.96212566,0.9677001,0.96599907,0.9638669703113965,1.5696987,1.6336246,1030,1047,train
120,0.9687495,0.95923376,0.9677267,0.964121,0.9639709414572956,1.5696974,1.6321776,1030,1047,train
121,0.96867675,0.9534117,0.9674809,0.9602841,0.9640159509943718,1.5696962,1.6323345,1030,1047,train
122,0.96871257,0.9579771,0.967488,0.9632821,0.9639732151566581,1.569695,1.6383991,1030,1047,train
123,0.9686238,0.95653725,0.9675236,0.9623849,0.9639225195141407,1.5696938,1.6435909,1030,1047,train
124,0.968538,0.96161294,0.9677352,0.96570534,0.9638684944738121,1.5696926,1.6391683,1030,1047,train
125,0.968521,0.9554343,0.9674871,0.96159065,0.9637840639672817,1.5696913,1.6309497,1030,1047,train
126,0.9684987,0.9567925,0.9674187,0.96245795,0.963869481754299,1.5696901,1.631388,1030,1047,train
127,0.96842194,0.9526267,0.9673413,0.95971227,0.9639563334252884,1.5696889,1.6271393,1030,1047,train
128,0.9684242,0.95832163,0.96738946,0.9638184,0.9639786999652967,1.5696877,1.6994954,1030,1047,train
129,0.96833766,0.95823896,0.9675474,0.9637183,0.964024826610522,1.5696864,1.6841311,1030,1047,train
130,0.968259,0.95139945,0.9673141,0.95932984,0.9640829906330799,1.5696852,1.7035053,1030,1047,train
131,0.9681554,0.9613049,0.96736354,0.9657121,0.9640390939460031,1.569684,1.6929815,1030,1047,train
132,0.9682041,0.95769906,0.96762204,0.9633285,0.9641082544578137,1.5696827,1.6736853,1030,1047,train
133,0.968084,0.9614223,0.9672991,0.96575195,0.964197577651215,1.5696815,1.689219,1030,1047,train
134,0.96807534,0.9604981,0.967379,0.96505827,0.9642829101442811,1.5696802,1.6686451,1030,1047,train
135,0.9681062,0.96344876,0.96743786,0.9670132,0.9643606510018295,1.569679,1.673389,1030,1047,train
136,0.96800166,0.9623833,0.967255,0.96623534,0.9643462478915878,1.5696777,1.6657171,1030,1047,train
137,0.96795464,0.96185064,0.9672128,0.9658991,0.964449612162054,1.5696765,1.6692581,1030,1047,train
138,0.96789473,0.9587927,0.96736574,0.9638999,0.9646480342856094,1.5696752,1.6598439,1030,1047,train
139,0.9678689,0.9604909,0.9673819,0.96501404,0.9648100178374766,1.569674,1.6613427,1030,1047,train
140,0.96789163,0.9639857,0.9672903,0.9672751,0.9648707563502833,1.5696727,1.6641731,1030,1047,train
141,0.9679247,0.9617475,0.9671385,0.96578234,0.9649452846337205,1.5696715,1.663472,1030,1047,train
142,0.9678801,0.9626169,0.9673189,0.96630645,0.9650788126373648,1.5696702,1.6482954,1030,1047,train
143,0.96794635,0.9580722,0.966977,0.9634089,0.965245358604888,1.5696689,1.6726499,1030,1047,train
144,0.967912,0.96136665,0.96705043,0.96550494,0.9654005416622244,1.5696677,1.6618354,1030,1047,train
145,0.9679157,0.9573371,0.9670155,0.9629527,0.9656065376137531,1.5696664,1.6747279,1030,1047,train
146,0.9678977,0.9603786,0.9670293,0.9648408,0.9657147856025143,1.5696651,1.6586031,1030,1047,train
147,0.96786356,0.9630184,0.9671179,0.9666566,0.9656938951324017,1.5696639,1.6733878,1030,1047,train
148,0.9677035,0.9621252,0.9669533,0.96597314,0.9658061431370442,1.5696626,1.6617534,1030,1047,train
149,0.967771,0.964033,0.9672396,0.9673975,0.9658604938623687,1.5696613,1.683059,1030,1047,train
150,0.9676727,0.9619945,0.96698356,0.96589214,0.965980588231414,1.56966,1.6611109,1030,1047,train
151,0.9677201,0.9595809,0.96691614,0.96436757,0.9660097341129127,1.5696586,1.6716212,1030,1047,train
152,0.9676529,0.96017694,0.9671252,0.9646259,0.9660695413910693,1.5696573,1.6391337,1030,1047,train
153,0.96759576,0.9614942,0.9671092,0.9655596,0.9659819613874756,1.5696561,1.6541704,1030,1047,train
154,0.96757275,0.9617933,0.9669062,0.9657025,0.9659734808368888,1.5696548,1.6537781,1030,1047,train
155,0.967472,0.96304905,0.9671432,0.96663195,0.9659965970259012,1.5696535,1.664196,1030,1047,train
156,0.96748745,0.96218204,0.96695703,0.96593773,0.9658483230985652,1.5696522,1.6484721,1030,1047,train
157,0.9674679,0.9624252,0.96689856,0.966153,0.9658757253015275,1.5696509,1.6614676,1030,1047,train
158,0.96743107,0.9640011,0.9670316,0.96719587,0.9658093267654585,1.5696496,1.6593342,1030,1047,train
159,0.96738344,0.9633453,0.9668756,0.96676505,0.9658273409243258,1.5696483,1.66521,1030,1047,train
160,0.96738416,0.96277714,0.9668251,0.9663989,0.9658693878679473,1.569647,1.6678858,1030,1047,train
161,0.96725357,0.9633348,0.9667914,0.9667603,0.9658906188617757,1.5696455,1.6692672,1030,1047,train
162,0.96730155,0.9610686,0.96690303,0.96525574,0.9659316876446953,1.5696442,1.6581843,1030,1047,train
163,0.9673038,0.9596453,0.9666429,0.96428174,0.9659931876980035,1.5696429,1.6604496,1030,1047,train
164,0.9671202,0.96108603,0.96646047,0.9651749,0.9658676697842115,1.5696416,1.6608822,1030,1047,train
165,0.9670701,0.9619417,0.96685916,0.9658147,0.9657421402003354,1.5696403,1.6587412,1030,1047,train
166,0.9669997,0.9635502,0.9665708,0.9668379,0.9657147767581458,1.569639,1.6676764,1030,1047,train
167,0.96693563,0.9609635,0.9665804,0.9651694,0.9656998710093828,1.5696375,1.669054,1030,1047,train
168,0.96691144,0.9614042,0.9665576,0.96537775,0.9656118312579332,1.5696362,1.655961,1030,1047,train
169,0.96685225,0.9625399,0.96647596,0.96614593,0.9654566375768239,1.5696349,1.6652256,1030,1047,train
170,0.9667653,0.9603714,0.9663322,0.9647741,0.9654594204747424,1.5696335,1.6779246,1030,1047,train
171,0.96678007,0.96294975,0.9666022,0.966358,0.9653838529233202,1.5696322,1.6499171,1030,1047,train
172,0.96673,0.96344817,0.96646285,0.96665406,0.9652769796229606,1.5696309,1.651058,1030,1047,train
173,0.96677244,0.9601209,0.9662455,0.9645988,0.9652470032672691,1.5696294,1.6794244,1030,1047,train
174,0.96682143,0.955294,0.9663624,0.96144795,0.9651516827468288,1.5696281,1.6709304,1030,1047,train
175,0.96675366,0.96250594,0.96627605,0.9661344,0.9651096339184968,1.5696267,1.6759157,1030,1047,train
176,0.9668029,0.95542204,0.96620256,0.9614667,0.9650474350507152,1.5696254,1.6662754,1030,1047,train
177,0.9667458,0.95914555,0.96620095,0.96388847,0.9650382155113495,1.569624,1.6673305,1030,1047,train
178,0.9667851,0.9610985,0.966171,0.96516865,0.9649601327867563,1.5696226,1.6709865,1030,1047,train
179,0.9667525,0.96216166,0.96624845,0.9659195,0.9648565123482203,1.5696212,1.6786547,1030,1047,train
180,0.9666621,0.95986164,0.96638143,0.9643707,0.9647886246019354,1.5696199,1.6625853,1030,1047,train
181,0.9667035,0.9606096,0.96600604,0.9648611,0.9647601050451095,1.5696185,1.6799707,1030,1047,train
182,0.9667194,0.9601249,0.9659785,0.9645359,0.9646712631643789,1.569617,1.67924,1030,1047,train
183,0.966641,0.9608927,0.9659846,0.9649841,0.9646541693166721,1.5696157,1.6699114,1030,1047,train
184,0.9667389,0.9595841,0.96595716,0.9641576,0.9646227312694277,1.5696143,1.6752131,1030,1047,train
185,0.9666201,0.95659244,0.9659113,0.9621646,0.9645863731894588,1.5696129,1.6678607,1030,1047,train
186,0.96658444,0.9601474,0.96616054,0.9645202,0.9646053167900713,1.5696115,1.6657689,1030,1047,train
187,0.96658045,0.9578476,0.96585333,0.9629802,0.9646248212054661,1.5696101,1.6706038,1030,1047,train
188,0.9665289,0.9555868,0.9658372,0.9614804,0.964627099990577,1.5696087,1.6653813,1030,1047,train
189,0.9665191,0.96149695,0.9659444,0.9653844,0.9645711629087406,1.5696073,1.6731701,1030,1047,train
190,0.96641517,0.9630711,0.96597326,0.9664568,0.9645470215830217,1.5696058,1.6811508,1030,1047,train
191,0.96636784,0.96196294,0.96586394,0.9657008,0.9645479835238727,1.5696044,1.6792359,1030,1047,train
192,0.9663412,0.9594643,0.9659376,0.9639345,0.9646251393759211,1.569603,1.6496854,1030,1047,train
193,0.966231,0.96459657,0.9660078,0.9671446,0.9646794487618218,1.5696015,1.624831,1030,1047,train
194,0.96625483,0.9639844,0.9661745,0.9667692,0.9646894219585762,1.5696001,1.6214743,1030,1047,train
195,0.9662384,0.9586276,0.9659722,0.9632802,0.9647172366174722,1.5695987,1.6279558,1030,1047,train
196,0.96619755,0.95783603,0.96586215,0.9627239,0.9646751698573885,1.5695972,1.6250594,1030,1047,train
197,0.9662052,0.96166015,0.96597445,0.96513265,0.9647188880653507,1.5695958,1.6069269,1030,1047,train
198,0.9661879,0.9605515,0.9659239,0.9643205,0.9647698668518695,1.5695944,1.5923114,1030,1047,train
199,0.9661543,0.96306944,0.9658681,0.96604455,0.9647946240553488,1.569593,1.6111491,1030,1047,train
200,0.96610147,0.9630877,0.96603596,0.9661055,0.9648624617528495,1.5695915,1.6126834,1030,1047,train
201,0.96601444,0.96259546,0.96597624,0.9656909,0.9649595536162981,1.5695901,1.5980276,1030,1047,train
202,0.96597475,0.9570227,0.96602213,0.96209294,0.9650278217311854,1.5695885,1.5993142,1030,1047,train
203,0.9659062,0.96019936,0.9657542,0.9641472,0.9650217223975656,1.5695871,1.6097797,1030,1047,train
204,0.9659179,0.9628792,0.9658123,0.9659023,0.9650785497918035,1.5695857,1.6101733,1030,1047,train
205,0.96582764,0.96143496,0.96585995,0.96497506,0.9651307196073553,1.5695843,1.6098733,1030,1047,train
206,0.96586126,0.9611548,0.9654604,0.9647046,0.9651447589954714,1.5695827,1.6112957,1030,1047,train
207,0.9658618,0.96357816,0.9658699,0.96636015,0.9652033229884305,1.5695813,1.6084375,1030,1047,train
208,0.9657182,0.96058774,0.9653392,0.9643692,0.9653077642737449,1.5695798,1.6225294,1030,1047,train
209,0.965789,0.96355355,0.96539134,0.9662474,0.9653754307461062,1.5695783,1.6118655,1030,1047,train
210,0.9656824,0.96411943,0.96547306,0.96662,0.9654245439432909,1.5695769,1.6092609,1030,1047,train
211,0.96568626,0.9612528,0.9652387,0.96479917,0.9653311625779983,1.5695753,1.6266562,1030,1047,train
212,0.96571535,0.96230817,0.9652233,0.96545804,0.9653725342862791,1.5695739,1.6226178,1030,1047,train
213,0.9656658,0.96115005,0.96567327,0.9647464,0.9652987448836147,1.5695723,1.6101236,1030,1047,train
214,0.9656128,0.9628742,0.9652513,0.965743,0.9652343440947786,1.5695708,1.6064769,1030,1047,train
215,0.9655661,0.9626054,0.96531165,0.9656249,0.9652940065620944,1.5695693,1.614052,1030,1047,train
216,0.9655133,0.9626518,0.96511114,0.965614,0.965335471676952,1.5695678,1.6153944,1030,1047,train
217,0.9643413,0.9606681,0.96546566,0.96428967,0.9653601858183063,1.5695664,1.5930922,1030,1047,train
218,0.96546847,0.95917225,0.96523243,0.96336454,0.965278700239445,1.5695648,1.6115973,1030,1047,train
219,0.9653397,0.961769,0.96499085,0.96498287,0.9652304978650644,1.5695633,1.6100852,1030,1047,train
220,0.9653387,0.9623158,0.9653132,0.96534765,0.9652004447303708,1.5695617,1.5977547,1030,1047,train
221,0.96524435,0.9641676,0.9652052,0.96665406,0.9650899085059443,1.5695603,1.6215341,1030,1047,train
222,0.96522593,0.96276224,0.9652331,0.96568304,0.9649666748018817,1.5695587,1.6095619,1030,1047,train
223,0.96514875,0.96358734,0.96522677,0.96623147,0.9648824908657087,1.5695572,1.6122115,1030,1047,train
224,0.96509117,0.9620764,0.96527565,0.96536237,0.9648422869542986,1.5695556,1.6302574,1030,1047,train
225,0.96503735,0.96090007,0.9647246,0.96444535,0.9648013010068359,1.5695541,1.6265404,1030,1047,train
226,0.9650674,0.9608941,0.9648415,0.96446,0.9647858345674983,1.5695525,1.6247783,1030,1047,train
227,0.96503466,0.9603866,0.9646679,0.9641572,0.9647655161731779,1.569551,1.6372128,1030,1047,train
228,0.9650091,0.9625606,0.96490526,0.96559435,0.9646558485734813,1.5695494,1.6315995,1030,1047,train
229,0.9649378,0.9612261,0.96469986,0.96470475,0.9645596317314378,1.5695479,1.6363161,1030,1047,train
230,0.9649479,0.9629128,0.9647758,0.9657969,0.9645498589566344,1.5695463,1.6325586,1030,1047,train
231,0.9649163,0.9628283,0.9647064,0.9657481,0.9645213603368361,1.5695448,1.6366953,1030,1047,train
232,0.9648083,0.96133107,0.9647561,0.9647194,0.9644771024590317,1.5695432,1.6241426,1030,1047,train
233,0.9647671,0.95795166,0.96470046,0.96253204,0.964469719903523,1.5695416,1.6276033,1030,1047,train
234,0.9647413,0.9599895,0.9645751,0.9638609,0.9643654615984875,1.56954,1.6342673,1030,1047,train
235,0.96469766,0.95909745,0.96496683,0.96334946,0.9643715650484987,1.5695385,1.6293117,1030,1047,train
236,0.96467906,0.96295977,0.96460646,0.9657883,0.9643637284397677,1.5695369,1.63291,1030,1047,train
237,0.96463525,0.95898926,0.96475434,0.96317625,0.9643436420187488,1.5695353,1.61994,1030,1047,train
238,0.9645634,0.96198326,0.96466106,0.96516186,0.9643561364572804,1.5695337,1.6318014,1030,1047,train
239,0.9645359,0.95826226,0.9645573,0.9625986,0.9642979990569333,1.5695322,1.6093836,1030,1047,train
240,0.96448725,0.95635784,0.964669,0.9614154,0.9643046013881951,1.5695305,1.6140451,1030,1047,train
241,0.96444756,0.95837367,0.96452296,0.9627509,0.964309951757301,1.5695289,1.6254098,1030,1047,train
242,0.96445966,0.9579346,0.964435,0.962361,0.9642809232611348,1.5695273,1.6102076,1030,1047,train
243,0.9644353,0.9602957,0.96477365,0.9638796,0.9643323656702373,1.5695257,1.5928982,1030,1047,train
244,0.9643782,0.9637197,0.96471083,0.96616405,0.9643147526063874,1.569524,1.6070237,1030,1047,train
245,0.96437055,0.9632901,0.96453464,0.96585345,0.9643508243521178,1.5695225,1.6089765,1030,1047,train
246,0.96432036,0.96240836,0.96468616,0.96531594,0.9643319452164348,1.5695208,1.6086067,1030,1047,train
247,0.964236,0.9619473,0.9641822,0.9649119,0.964407396076465,1.5695192,1.6116812,1030,1047,train
248,0.9642701,0.9634322,0.9645536,0.96594626,0.9644080702020408,1.5695176,1.6082523,1030,1047,train
249,0.9641869,0.95993304,0.9645217,0.9636159,0.9644507338928742,1.569516,1.5987983,1030,1047,train
250,0.96414775,0.9625244,0.96460485,0.96537673,0.9644783208285177,1.5695143,1.6095321,1030,1047,train
251,0.96416134,0.96176577,0.9645127,0.9648878,0.9645116646623536,1.5695126,1.614187,1030,1047,train
252,0.9641151,0.96185446,0.96429026,0.9648779,0.9644822674987213,1.5695109,1.6117249,1030,1047,train
253,0.96407694,0.960664,0.96445453,0.9640814,0.9644727929753054,1.5695093,1.6001551,1030,1047,train
254,0.96401244,0.9625534,0.9642794,0.9653337,0.9645021464193242,1.5695077,1.6126041,1030,1047,train
255,0.9640189,0.9607821,0.96434075,0.9641886,0.9645058740877871,1.569506,1.6106808,1030,1047,train
256,0.9639889,0.96017426,0.9643855,0.9638745,0.9645407336743953,1.5695044,1.6232878,1030,1047,train
257,0.96391875,0.96040297,0.9638756,0.9639885,0.9645682949328837,1.5695027,1.6394311,1030,1047,train
258,0.96386945,0.9608945,0.96430993,0.9644423,0.9645938336188833,1.569501,1.644829,1030,1047,train
259,0.9638717,0.9633733,0.9638431,0.9659538,0.9645509255664224,1.5694993,1.6477358,1030,1047,train
260,0.9637912,0.96077,0.9643325,0.964276,0.9645463568431965,1.5694976,1.628324,1030,1047,train
261,0.96378237,0.96259856,0.9642993,0.9654929,0.9645698556365417,1.5694959,1.6352932,1030,1047,train
262,0.9637087,0.9609043,0.96415305,0.96433145,0.964627098197672,1.5694942,1.630446,1030,1047,train
263,0.96372885,0.9601593,0.96425444,0.9638617,0.9646045461689381,1.5694926,1.6284776,1030,1047,train
264,0.9636484,0.96317494,0.9636835,0.96565366,0.964604824803675,1.5694908,1.623621,1030,1047,train
265,0.96360457,0.9616782,0.96363676,0.9646687,0.9645294901665592,1.5694891,1.6231713,1030,1047,train
266,0.96359164,0.9618978,0.963578,0.96481645,0.9644225482956792,1.5694875,1.626705,1030,1047,train
267,0.96344244,0.9641237,0.9638108,0.96635157,0.9643412904792219,1.5694857,1.63298,1030,1047,train
268,0.9633891,0.9579438,0.963765,0.962301,0.9642383567638504,1.569484,1.6276402,1030,1047,train
269,0.96335346,0.959286,0.9637635,0.96320117,0.9641849973260477,1.5694823,1.6330042,1030,1047,train
270,0.963318,0.9583955,0.9635509,0.9625844,0.9641830874325158,1.5694805,1.6352736,1030,1047,train
271,0.96327716,0.96173155,0.9635252,0.96475816,0.9642222150756712,1.5694788,1.6380408,1030,1047,train
272,0.9632446,0.9590416,0.9635252,0.96302897,0.9641875235293654,1.5694771,1.6409955,1030,1047,train
273,0.96315366,0.9616886,0.9637446,0.9648162,0.964233218131709,1.5694753,1.6439925,1030,1047,train
274,0.963149,0.960887,0.9636699,0.9642531,0.9643188722460326,1.5694736,1.6394758,1030,1047,train
275,0.9630809,0.9607359,0.96362364,0.96412116,0.9642695594490949,1.5694718,1.6353481,1030,1047,train
276,0.9630949,0.958896,0.9635358,0.96294224,0.9642569806198154,1.56947,1.6419306,1030,1047,train
277,0.9630701,0.96215636,0.9635351,0.96502686,0.9642278422947098,1.5694683,1.6363261,1030,1047,train
278,0.9630111,0.96064645,0.96355176,0.9640722,0.9642416644118863,1.5694666,1.6401609,1030,1047,train
279,0.96303993,0.9555342,0.9633586,0.9606849,0.964283880662185,1.5694648,1.6359782,1030,1047,train
280,0.96293247,0.96118414,0.9639276,0.96438473,0.9643457033034074,1.569463,1.6170611,1030,1047,train
281,0.9629446,0.9615959,0.9638364,0.9646354,0.9642979279347632,1.5694612,1.6180649,1030,1047,train
282,0.96287954,0.9625298,0.9637092,0.96524143,0.9642929334978262,1.5694594,1.6236434,1030,1047,train
283,0.9628484,0.9615708,0.96381664,0.96458226,0.9642758422733233,1.5694577,1.6122352,1030,1047,train
284,0.9627637,0.9617115,0.96359694,0.964642,0.9643046791973071,1.5694559,1.6161563,1030,1047,train
285,0.9627594,0.9617504,0.9629637,0.9644922,0.9644050394606405,1.5694541,1.6121792,1030,1047,train
286,0.96275693,0.95886916,0.9636449,0.96273893,0.9644725860000698,1.5694523,1.6034135,1030,1047,train
287,0.96275944,0.9605196,0.9636897,0.9638767,0.9644784073159387,1.5694504,1.6135592,1030,1047,train
288,0.9626737,0.96062386,0.96359754,0.9639226,0.964439315348625,1.5694486,1.6136649,1030,1047,train
289,0.96259785,0.9627267,0.9629437,0.9651476,0.9643809343507952,1.5694468,1.6170361,1030,1047,train
290,0.9624946,0.9628333,0.96291715,0.96522945,0.9643888075817733,1.569445,1.6204906,1030,1047,train
291,0.96244335,0.9620886,0.96298045,0.96477807,0.9644355696309539,1.5694431,1.6234937,1030,1047,train
292,0.9623937,0.9621864,0.9629115,0.9648577,0.9644843093206388,1.5694413,1.6294518,1030,1047,train
293,0.9623131,0.9623206,0.96284676,0.96490467,0.9645273255589926,1.5694395,1.6250194,1030,1047,train
294,0.96233433,0.9616616,0.9629007,0.96450317,0.9645225098860373,1.5694376,1.6273835,1030,1047,train
295,0.9622662,0.9627303,0.96280134,0.9652001,0.9645038973936884,1.5694358,1.6323801,1030,1047,train
296,0.962183,0.96040803,0.9633517,0.9637849,0.9644694712634948,1.5694339,1.6248566,1030,1047,train
297,0.96212053,0.96390784,0.96287304,0.9660488,0.9644856694673375,1.569432,1.6445849,1030,1047,train
298,0.96211135,0.9593467,0.9628904,0.96305406,0.9644006461991022,1.5694302,1.6374733,1030,1047,train
299,0.9620892,0.9587215,0.9626901,0.9626062,0.964380353390132,1.5694283,1.6386147,1030,1047,train
300,0.9620305,0.96199596,0.9629414,0.9647866,0.9643746709744572,1.5694264,1.637665,1030,1047,train
301,0.962051,0.9629884,0.9628356,0.9654569,0.9643463848314671,1.5694246,1.6470909,1030,1047,train
302,0.96199936,0.9637436,0.96282136,0.9659168,0.9642550620817265,1.5694227,1.6422563,1030,1047,train
303,0.96191555,0.9619602,0.9628174,0.9647101,0.9643019542069838,1.5694208,1.6334326,1030,1047,train
304,0.9618868,0.9592164,0.9626604,0.9628307,0.9642496156949908,1.5694189,1.622376,1030,1047,train
305,0.9618517,0.9598117,0.9626786,0.9632047,0.964239432693235,1.569417,1.6193444,1030,1047,train
306,0.96182835,0.96380293,0.9626621,0.96588266,0.9642578708849641,1.5694151,1.6360627,1030,1047,train
307,0.9618138,0.9611824,0.96277106,0.9641693,0.9642674718567942,1.5694132,1.6289235,1030,1047,train
308,0.9616738,0.9619441,0.9626086,0.9645949,0.9642763485489576,1.5694113,1.6235976,1030,1047,train
309,0.961625,0.9599938,0.96262395,0.9633675,0.9642873543227047,1.5694094,1.6298423,1030,1047,train
310,0.9616095,0.95841086,0.96261847,0.9623077,0.9642703646390054,1.5694075,1.6241663,1030,1047,train
311,0.9615699,0.9570352,0.9626167,0.9614129,0.96422669788121,1.5694056,1.6238782,1030,1047,train
312,0.96157753,0.96201444,0.96235704,0.9645924,0.9641641907444537,1.5694035,1.6258817,1030,1047,train
313,0.9615432,0.96313477,0.96214443,0.96520764,0.9640782622359918,1.5694016,1.6149381,1030,1047,train
314,0.9614747,0.96370196,0.9621,0.9655767,0.9640359536051765,1.5693997,1.6170835,1030,1047,train
315,0.9613941,0.9635155,0.96204585,0.96545005,0.9640132978404103,1.5693977,1.6184261,1030,1047,train
316,0.9614228,0.96002734,0.9628141,0.9633345,0.9640099820297956,1.5693958,1.6115607,1030,1047,train
317,0.96136934,0.96001923,0.96284187,0.96332204,0.9639775478981979,1.5693938,1.6090299,1030,1047,train
318,0.9613303,0.9632368,0.96224236,0.96532893,0.963998747792953,1.5693918,1.6206508,1030,1047,train
319,0.96132547,0.9594659,0.9626707,0.9628965,0.9639999507971884,1.5693898,1.6044676,1030,1047,train
320,0.96128166,0.96083677,0.9626199,0.9637998,0.9639532379192408,1.5693879,1.6091893,1030,1047,train
321,0.96128535,0.96009153,0.96273875,0.9633188,0.9639609070479518,1.5693859,1.6044567,1030,1047,train
322,0.9612152,0.96035075,0.9626926,0.9634951,0.9639405866136619,1.5693839,1.6079419,1030,1047,train
323,0.961194,0.9631256,0.9618422,0.9651429,0.9639879844515704,1.569382,1.6175344,1030,1047,train
324,0.9611122,0.96268314,0.9617285,0.96480393,0.9639304945140857,1.5693799,1.613118,1030,1047,train
325,0.96100473,0.96122384,0.96158373,0.9638007,0.9638733939097288,1.5693779,1.6092618,1030,1047,train
326,0.9610059,0.9620612,0.96159256,0.9643834,0.9639119140699159,1.5693759,1.6159983,1030,1047,train
327,0.96095926,0.963359,0.96179307,0.96530557,0.9639292693131991,1.5693738,1.6217275,1030,1047,train
328,0.96088564,0.95893514,0.96256554,0.9625678,0.9639631060987377,1.5693718,1.6119508,1030,1047,train
329,0.9608561,0.9628403,0.9616349,0.96492517,0.9639631636971648,1.5693698,1.6207117,1030,1047,train
330,0.96079,0.9608569,0.96161425,0.9636533,0.9638582165641916,1.5693678,1.62438,1030,1047,train
331,0.9607245,0.95927,0.96150756,0.96259815,0.9637560305739612,1.5693657,1.6244488,1030,1047,train
332,0.96068954,0.9597734,0.96155775,0.962909,0.9637655097497498,1.5693637,1.6193696,1030,1047,train
333,0.9607098,0.9606116,0.9614419,0.96348417,0.9637475888043983,1.5693616,1.6301346,1030,1047,train
334,0.9606535,0.959296,0.96168405,0.96268374,0.9637453713020804,1.5693595,1.6291795,1030,1047,train
335,0.96062344,0.9606972,0.9616589,0.96358865,0.9636841313550227,1.5693575,1.6294923,1030,1047,train
336,0.9605369,0.96192884,0.9614469,0.96440727,0.9636162998975881,1.5693554,1.6423061,1030,1047,train
337,0.9604801,0.9600129,0.9616196,0.96312624,0.9634750866709391,1.5693533,1.6278745,1030,1047,train
338,0.96043265,0.96265674,0.96151525,0.9648739,0.9634534957352064,1.5693512,1.638283,1030,1047,train
339,0.9603634,0.9603858,0.9616214,0.9633933,0.963430390136215,1.5693492,1.6323376,1030,1047,train
340,0.96034575,0.9612164,0.9614483,0.96394056,0.9634431228448169,1.569347,1.6414483,1030,1047,train
341,0.9603432,0.9605315,0.96145785,0.9635031,0.963455366920619,1.569345,1.6423048,1030,1047,train
342,0.9602442,0.96160626,0.9615902,0.9641736,0.9634172208552159,1.5693429,1.6316135,1030,1047,train
343,0.9602137,0.9591546,0.9608952,0.96243626,0.9633511559844605,1.5693407,1.6355402,1030,1047,train
344,0.9602238,0.9600651,0.9614146,0.9630845,0.963347118717195,1.5693386,1.6231508,1030,1047,train
345,0.96015173,0.9621092,0.96115386,0.9644014,0.963259267026372,1.5693364,1.6328747,1030,1047,train
346,0.96009666,0.96058977,0.9613183,0.9634139,0.9632011398785258,1.5693344,1.6253703,1030,1047,train
347,0.96011835,0.95971864,0.96133494,0.9629007,0.9631431929135946,1.5693322,1.6340868,1030,1047,train
348,0.9600599,0.9598534,0.9611133,0.96286076,0.9630835014465787,1.5693301,1.6207027,1030,1047,train
349,0.9600603,0.96052563,0.9612758,0.9634112,0.9630703471406575,1.569328,1.6343005,1030,1047,train
350,0.9600325,0.95935464,0.96117806,0.96257544,0.9630521037180981,1.5693257,1.6248207,1030,1047,train
351,0.96006376,0.9570353,0.96111864,0.9610846,0.9629988188357169,1.5693235,1.6300347,1030,1047,train
352,0.9599987,0.95891774,0.9611273,0.9623216,0.9629707418199885,1.5693214,1.6324339,1030,1047,train
353,0.960006,0.9589553,0.9613856,0.96232945,0.9629716648718094,1.5693192,1.6180973,1030,1047,train
354,0.9600219,0.9591056,0.9608284,0.96232814,0.9628867920145431,1.569317,1.6246116,1030,1047,train
355,0.95993507,0.96143574,0.9608193,0.9639405,0.9628650287898084,1.5693148,1.6432073,1030,1047,train
356,0.95991534,0.9618084,0.9608767,0.9641818,0.9628036154831365,1.5693127,1.6405988,1030,1047,train
357,0.9598146,0.9603647,0.96109843,0.96326333,0.9627254804132739,1.5693104,1.6341943,1030,1047,train
358,0.9597716,0.9594823,0.9608086,0.9626259,0.9626377752100899,1.5693083,1.6351637,1030,1047,train
359,0.95975333,0.95928025,0.9611808,0.96247643,0.962554939624974,1.569306,1.6154976,1030,1047,train
360,0.9597176,0.96050847,0.96081114,0.9631988,0.9624553823090696,1.5693038,1.6181631,1030,1047,train
361,0.9597032,0.9586729,0.9608232,0.9620486,0.962405767990853,1.5693016,1.6250724,1030,1047,train
362,0.95966834,0.96026576,0.9605763,0.96312964,0.9623827676372824,1.5692993,1.6445128,1030,1047,train
363,0.959632,0.9585197,0.96098775,0.9619485,0.9622837124617201,1.5692971,1.6177332,1030,1047,train
364,0.95963335,0.95953363,0.96113145,0.9626506,0.9622253598938569,1.5692948,1.6194358,1030,1047,train
365,0.9595567,0.95860016,0.96090555,0.9619582,0.9621804492730304,1.5692925,1.6136255,1030,1047,train
366,0.95952773,0.95862067,0.96099335,0.9619871,0.9621383620646478,1.5692903,1.6125919,1030,1047,train
367,0.95951754,0.95783466,0.9612049,0.9614774,0.9620554759285183,1.569288,1.6033909,1030,1047,train
368,0.95948064,0.9590846,0.9605953,0.9621298,0.9619924418302149,1.5692858,1.6013243,1030,1047,train
369,0.9593952,0.95874673,0.9609414,0.9620115,0.961937273001473,1.5692835,1.6044691,1030,1047,train
370,0.9593699,0.9593506,0.9608311,0.96240425,0.961879060729786,1.5692812,1.6094599,1030,1047,train
371,0.95934236,0.9589858,0.9607096,0.9621554,0.9618377538158541,1.5692788,1.6125852,1030,1047,train
372,0.95927554,0.95796967,0.9606541,0.96148723,0.9617897503810381,1.5692766,1.6134415,1030,1047,train
373,0.9592719,0.95795786,0.9606931,0.96145743,0.9617139122386502,1.5692743,1.60771,1030,1047,train
374,0.9592632,0.9580107,0.9604635,0.9614548,0.9616347161577781,1.5692719,1.6111048,1030,1047,train
375,0.9591602,0.9578137,0.9605413,0.9613608,0.9615846672396298,1.5692697,1.6138179,1030,1047,train
376,0.95911926,0.95806485,0.96062845,0.9615184,0.9615176157175247,1.5692673,1.6090102,1030,1047,train
377,0.9590732,0.95753646,0.9605633,0.96118,0.9614211746327328,1.5692649,1.612683,1030,1047,train
378,0.95908237,0.9575088,0.9606348,0.9611924,0.9613494157396723,1.5692626,1.6150514,1030,1047,train
379,0.9590529,0.95776904,0.96044797,0.96129864,0.9613039911531607,1.5692602,1.6118958,1030,1047,train
380,0.9590152,0.960374,0.9597797,0.96283764,0.9612648195662786,1.5692579,1.6137152,1030,1047,train
381,0.9589475,0.95871043,0.9593376,0.9616271,0.9612742998680334,1.5692555,1.6093526,1030,1047,train
382,0.95889854,0.9573107,0.960495,0.96098113,0.9612911603302562,1.5692531,1.6061937,1030,1047,train
383,0.9589067,0.957888,0.9604913,0.96137375,0.9612801883584408,1.5692507,1.6096051,1030,1047,train
384,0.958876,0.95868564,0.95937836,0.9617115,0.9612852301170024,1.5692483,1.6258109,1030,1047,train
385,0.95881265,0.9580019,0.96030927,0.961399,0.9613184768801465,1.5692459,1.608772,1030,1047,train
386,0.9587867,0.9565452,0.96008664,0.96042854,0.9613681884094628,1.5692436,1.6139867,1030,1047,train
387,0.957654,0.95646155,0.9596444,0.9602415,0.9613717156843261,1.5692412,1.6093088,1030,1047,train
388,0.9587331,0.95853263,0.95914847,0.9615263,0.9614040941130076,1.5692387,1.6203012,1030,1047,train
389,0.95870763,0.95933586,0.9593915,0.9621276,0.9614152541359988,1.5692363,1.624172,1030,1047,train
390,0.9586055,0.95636463,0.9598786,0.9603568,0.9614207588205027,1.5692338,1.6313552,1030,1047,train
391,0.95853674,0.95703995,0.95990086,0.960773,0.9614293784940466,1.5692314,1.6263728,1030,1047,train
392,0.95847166,0.9588357,0.9596865,0.9618645,0.961432669244492,1.5692289,1.6223626,1030,1047,train
393,0.95843,0.9594483,0.9590112,0.96218294,0.9614265836168756,1.5692265,1.637661,1030,1047,train
394,0.9583903,0.9562963,0.95974815,0.9602528,0.9614113718699715,1.569224,1.626265,1030,1047,train
395,0.9583034,0.95749366,0.958891,0.96085846,0.9614360232974488,1.5692215,1.6327751,1030,1047,train
396,0.958271,0.9588288,0.95917106,0.96181965,0.9614533480950969,1.569219,1.6376638,1030,1047,train
397,0.95823854,0.95815057,0.9590087,0.9613787,0.9614789997071175,1.5692165,1.6446464,1030,1047,train
398,0.9581987,0.9591912,0.9589042,0.96201605,0.9614790178818833,1.5692141,1.6423502,1030,1047,train
399,0.9582581,0.95963967,0.95913833,0.9623448,0.9614734280573372,1.5692115,1.6389126,1030,1047,train
400,0.95817274,0.95950866,0.9589723,0.9622387,0.9614773907948327,1.569209,1.6423857,1030,1047,train
401,0.9581056,0.9599227,0.95851827,0.9622847,0.9614778046089458,1.5692065,1.6218829,1030,1047,train
402,0.95802385,0.959108,0.9587568,0.9618298,0.9614549777837497,1.569204,1.6248112,1030,1047,train
403,0.9580807,0.9594984,0.9592726,0.962236,0.9614645184016408,1.5692015,1.6299016,1030,1047,train
404,0.9580087,0.9584268,0.9590206,0.9614416,0.9614509111995151,1.5691988,1.6230035,1030,1047,train
405,0.9579739,0.95814544,0.95889664,0.9612269,0.961429029954911,1.5691963,1.6226192,1030,1047,train
406,0.95795345,0.9583434,0.9587461,0.96134657,0.9614291583271878,1.5691937,1.6276441,1030,1047,train
407,0.95791274,0.9589586,0.95873165,0.9617449,0.9614080486109702,1.5691912,1.6281035,1030,1047,train
408,0.95780706,0.959648,0.95888174,0.9622134,0.9613305756064262,1.5691886,1.6253407,1030,1047,train
409,0.95784926,0.95818424,0.9588157,0.96128917,0.9612728816949322,1.569186,1.6329055,1030,1047,train
410,0.9577901,0.9567274,0.9585674,0.9601737,0.9612498119067905,1.5691835,1.61296,1030,1047,train
411,0.9577309,0.9567693,0.95902157,0.9603052,0.9612021589471234,1.5691808,1.6119651,1030,1047,train
412,0.95767975,0.9573514,0.9591198,0.9607198,0.9611163333106431,1.5691782,1.6143312,1030,1047,train
413,0.9576817,0.95782375,0.95837796,0.96088433,0.9610174822683994,1.5691756,1.6211067,1030,1047,train
414,0.9576678,0.95737976,0.95810676,0.960465,0.9610062123759663,1.569173,1.6091983,1030,1047,train
415,0.95764464,0.95859647,0.95868576,0.96141857,0.9609802156135085,1.5691704,1.6135458,1030,1047,train
416,0.9576254,0.95362365,0.9580376,0.95797884,0.9609297288943908,1.5691676,1.6034753,1030,1047,train
417,0.9575718,0.957984,0.9583273,0.9609151,0.9608584921255436,1.569165,1.6100457,1030,1047,train
418,0.95754015,0.9576186,0.95816046,0.96066993,0.9608261117189962,1.5691624,1.6159143,1030,1047,train
419,0.957453,0.9588893,0.958635,0.9616726,0.9607958160830843,1.5691596,1.627391,1030,1047,train
420,0.9574408,0.9569503,0.95810366,0.96026117,0.9607249042620896,1.569157,1.6229374,1030,1047,train
421,0.95737725,0.95782256,0.9582967,0.9609263,0.9606467031463547,1.5691543,1.6324308,1030,1047,train
422,0.9573778,0.9538002,0.9581638,0.9581765,0.9605891934950145,1.5691516,1.6130062,1030,1047,train
423,0.957354,0.9576049,0.9577675,0.9606288,0.9605327668312723,1.5691489,1.6272984,1030,1047,train
424,0.9572585,0.95761746,0.9581009,0.96071553,0.9604960484921305,1.5691462,1.6269357,1030,1047,train
425,0.95719427,0.9570161,0.9580625,0.9602848,0.9604864244879502,1.5691434,1.6212869,1030,1047,train
426,0.9571505,0.9568623,0.9579516,0.9601508,0.9604486595498936,1.5691407,1.619937,1030,1047,train
427,0.95708364,0.9580294,0.9582957,0.961023,0.960429676894191,1.5691379,1.6256583,1030,1047,train
428,0.95701516,0.9557994,0.9577135,0.95943147,0.9604044118665367,1.5691352,1.6250548,1030,1047,train
429,0.95696354,0.95644236,0.9581689,0.95994747,0.9604097474387753,1.5691324,1.6229644,1030,1047,train
430,0.95693946,0.95685863,0.95803416,0.96014434,0.9603824503462257,1.5691297,1.6155744,1030,1047,train
431,0.956914,0.955601,0.9579135,0.95934063,0.9603805096951903,1.5691268,1.6231462,1030,1047,train
432,0.9568467,0.95697105,0.95714086,0.96005774,0.9603569739596289,1.5691241,1.6258221,1030,1047,train
433,0.956827,0.95872736,0.9574044,0.96130395,0.9604037438325181,1.5691212,1.6335595,1030,1047,train
434,0.95680475,0.9583117,0.95740867,0.9610829,0.9604008016576608,1.5691185,1.6422234,1030,1047,train
435,0.9567165,0.95733345,0.95697886,0.96027744,0.9604148844575721,1.5691156,1.6301253,1030,1047,train
436,0.95667744,0.9585849,0.9561939,0.96081424,0.960358214398859,1.5691128,1.6145871,1030,1047,train
437,0.9565909,0.95856553,0.9572486,0.96111417,0.9603059189935437,1.56911,1.6250132,1030,1047,train
438,0.9565261,0.95894223,0.9567591,0.9612721,0.9603183291020803,1.5691072,1.6308043,1030,1047,train
439,0.956453,0.95618033,0.9566035,0.959429,0.9602695970605939,1.5691043,1.6284463,1030,1047,train
440,0.9563435,0.9577683,0.9566281,0.9604919,0.9602125536563909,1.5691015,1.6332235,1030,1047,train
441,0.9562727,0.95608544,0.95697695,0.9594095,0.9601954279535662,1.5690986,1.6196792,1030,1047,train
442,0.9562438,0.9576472,0.9559578,0.9602373,0.9601867469621272,1.5690956,1.6307154,1030,1047,train
443,0.9562209,0.95669496,0.9572442,0.95992345,0.9601516519878676,1.5690928,1.6294367,1030,1047,train
444,0.9561512,0.95738864,0.95664895,0.9602345,0.9600887729718072,1.5690899,1.6303154,1030,1047,train
445,0.95611054,0.9562787,0.956885,0.9595656,0.9600359419185349,1.5690869,1.6292847,1030,1047,train
446,0.9561259,0.9570512,0.9571588,0.96017337,0.9600140238100193,1.569084,1.6365771,1030,1047,train
447,0.9560797,0.95760703,0.9569422,0.9604323,0.9599939567693864,1.5690811,1.6276104,1030,1047,train
448,0.9561028,0.9568149,0.9566345,0.95999753,0.9599547800616542,1.5690781,1.6555278,1030,1047,train
449,0.9560666,0.9546368,0.95651174,0.9585498,0.9599239908935053,1.5690751,1.6547339,1030,1047,train
450,0.95603174,0.95608664,0.95660233,0.95950013,0.9598842890994858,1.5690722,1.6524479,1030,1047,train
451,0.956034,0.95779777,0.9563043,0.9605348,0.9598460898909167,1.5690693,1.6517601,1030,1047,train
452,0.95598465,0.9572946,0.95624804,0.9602088,0.9598015736903163,1.5690662,1.6543221,1030,1047,train
453,0.95595884,0.9572751,0.9562395,0.96017116,0.959768508959695,1.5690632,1.6501716,1030,1047,train
454,0.9559679,0.95668787,0.95599806,0.95970404,0.9597059046050889,1.5690602,1.6451585,1030,1047,train
455,0.95591766,0.9572805,0.9561486,0.96015817,0.9596474387115812,1.5690572,1.6511601,1030,1047,train
456,0.9547323,0.9556564,0.956111,0.95907784,0.9595916030530915,1.5690541,1.6480502,1030,1047,train
457,0.955807,0.95709,0.9558215,0.9599045,0.9595088747047631,1.5690511,1.6419241,1030,1047,train
458,0.9557529,0.95373607,0.95599425,0.9578376,0.9594423448424443,1.569048,1.6542907,1030,1047,train
459,0.9557145,0.9571649,0.9559004,0.9600331,0.9594117557141741,1.5690451,1.6529756,1030,1047,train
460,0.95571464,0.95455015,0.9569274,0.9586247,0.9593947628348375,1.569042,1.660291,1030,1047,train
461,0.95569557,0.95681643,0.95583224,0.95979583,0.959361130653795,1.5690389,1.6539567,1030,1047,train
462,0.95561635,0.95667017,0.9558246,0.9596791,0.9593724962263379,1.5690358,1.6503336,1030,1047,train
463,0.95563966,0.9533341,0.95621836,0.95765054,0.9593586692286252,1.5690327,1.6578771,1030,1047,train
464,0.9555429,0.956619,0.9559196,0.9597183,0.9593977693733685,1.5690296,1.6593032,1030,1047,train
465,0.95550036,0.9563489,0.95615506,0.9595862,0.9593424498771426,1.5690265,1.6568,1030,1047,train
466,0.95545775,0.95602965,0.9554548,0.959202,0.9593404948815161,1.5690233,1.6554229,1030,1047,train
467,0.95537543,0.95432246,0.95542675,0.9581258,0.9593200644022739,1.5690202,1.6624426,1030,1047,train
468,0.9553428,0.9556615,0.95595187,0.95909286,0.9593082877225265,1.5690169,1.6571554,1030,1047,train
469,0.9552977,0.95703304,0.95521796,0.9598386,0.9592746015761201,1.5690138,1.663179,1030,1047,train
470,0.9552646,0.9582814,0.9557523,0.96079814,0.9592299921053009,1.5690106,1.6668155,1030,1047,train
471,0.95517635,0.95457566,0.9559979,0.9584697,0.9592151246002303,1.5690074,1.6699564,1030,1047,train
472,0.9551191,0.9560637,0.9545181,0.9589634,0.959163900224862,1.5690042,1.6492317,1030,1047,train
473,0.95508254,0.9543457,0.9548554,0.9578877,0.959131641279536,1.569001,1.641562,1030,1047,train
474,0.95501125,0.9559629,0.9547479,0.95899737,0.9590752638140285,1.5689977,1.6571746,1030,1047,train
475,0.95501935,0.9567123,0.95456904,0.9594273,0.9590676360112406,1.5689945,1.6547675,1030,1047,train
476,0.95489615,0.95598423,0.9546464,0.9589596,0.9590084889096422,1.5689913,1.6522565,1030,1047,train
477,0.95490956,0.95595396,0.95463,0.95896286,0.9589863231763577,1.568988,1.6571376,1030,1047,train
478,0.95477945,0.9567002,0.9549006,0.95950526,0.9589473494449263,1.5689847,1.655805,1030,1047,train
479,0.95477116,0.9559523,0.9545368,0.95890826,0.9589243745632993,1.5689814,1.6515238,1030,1047,train
480,0.954692,0.9563577,0.9542656,0.9591413,0.9589072017940152,1.5689782,1.6579696,1030,1047,train
481,0.9546986,0.95627475,0.95472956,0.95921195,0.9589197750555681,1.5689749,1.6601862,1030,1047,train
482,0.95462006,0.95630634,0.9544822,0.9592393,0.9588792961222331,1.5689715,1.6722977,1030,1047,train
483,0.9546169,0.95664084,0.9542451,0.95933205,0.9588969817379867,1.5689682,1.6601354,1030,1047,train
484,0.95453715,0.95673454,0.95454615,0.95950925,0.9588189086894109,1.5689648,1.6680474,1030,1047,train
485,0.95449966,0.95597816,0.9547033,0.95906377,0.9588078625037441,1.5689615,1.6693938,1030,1047,train
486,0.9544229,0.9558707,0.9545649,0.95891494,0.9587446464323213,1.568958,1.6611178,1030,1047,train
487,0.95441866,0.95420516,0.9546023,0.9578901,0.9587176975805402,1.5689547,1.6696761,1030,1047,train
488,0.9543728,0.9561248,0.9547018,0.9591311,0.958711781552568,1.5689514,1.6644087,1030,1047,train
489,0.9542858,0.95387363,0.9547495,0.95761764,0.9586463600552853,1.5689479,1.6528082,1030,1047,train
490,0.9542809,0.9559427,0.9543301,0.958938,0.9586238050577273,1.5689445,1.6671219,1030,1047,train
491,0.9542527,0.95457846,0.9550028,0.9581372,0.9586245611655098,1.568941,1.6529655,1030,1047,train
492,0.954175,0.95372146,0.95443344,0.9574998,0.9586199839097834,1.5689375,1.6632257,1030,1047,train
493,0.95417744,0.95432794,0.9543443,0.9578117,0.9585417414208725,1.5689341,1.6523101,1030,1047,train
494,0.95403963,0.9549358,0.95417297,0.9581495,0.9584843360185945,1.5689306,1.6495134,1030,1047,train
495,0.95396125,0.95613086,0.9540708,0.95885557,0.958439628815545,1.5689272,1.6413802,1030,1047,train
496,0.95387226,0.9533837,0.95397615,0.95707476,0.9584953418166431,1.5689237,1.6459471,1030,1047,train
497,0.95386344,0.9565823,0.9530349,0.958819,0.9584623868852596,1.5689201,1.6270378,1030,1047,train
498,0.9538586,0.956133,0.95300364,0.9585833,0.9584159890212822,1.5689167,1.6385505,1030,1047,train
499,0.9537717,0.95698154,0.9531665,0.95914173,0.9583964953147156,1.5689131,1.6328032,1030,1047,train
500,0.95371926,0.9546876,0.9528289,0.9575277,0.958354852790006,1.5689095,1.6249102,1030,1047,train
501,0.95363826,0.95635396,0.9530903,0.9587437,0.9583796041422421,1.568906,1.6378355,1030,1047,train
502,0.9536059,0.9561626,0.95314956,0.95866376,0.9583057808039878,1.5689024,1.6432776,1030,1047,train
503,0.95361155,0.9569931,0.9528795,0.95917034,0.9582687110702929,1.5688988,1.6492306,1030,1047,train
504,0.95348555,0.9564501,0.95302844,0.95884424,0.9582383624505244,1.5688952,1.6474795,1030,1047,train
505,0.9534224,0.9555894,0.953072,0.9583107,0.958155874784858,1.5688915,1.6501172,1030,1047,train
506,0.9533441,0.9546629,0.953189,0.9577942,0.9581548217177139,1.568888,1.6603844,1030,1047,train
507,0.9533169,0.95571923,0.9533062,0.9585254,0.9581406485327032,1.5688843,1.6635127,1030,1047,train
508,0.9532136,0.953989,0.9533093,0.9573309,0.9581175681936929,1.5688807,1.6504067,1030,1047,train
509,0.9531629,0.95550746,0.95331633,0.958336,0.9580862520869481,1.568877,1.6536406,1030,1047,train
510,0.9531222,0.9553218,0.9532158,0.9581821,0.9580010325536552,1.5688733,1.6520014,1030,1047,train
511,0.9530412,0.95604587,0.9528737,0.9585761,0.9579621579544862,1.5688696,1.6532097,1030,1047,train
512,0.95296675,0.9559709,0.95301294,0.9585693,0.9579377123857288,1.5688658,1.6546926,1030,1047,train
513,0.9529529,0.95478094,0.9531367,0.95783025,0.9578444869140771,1.5688621,1.6553192,1030,1047,train
514,0.95282966,0.95440555,0.95329165,0.9576185,0.9577753098178939,1.5688584,1.6543107,1030,1047,train
515,0.95283127,0.955294,0.9527949,0.9580625,0.9577445368115425,1.5688546,1.6520392,1030,1047,train
516,0.9528138,0.95398724,0.9529585,0.9571226,0.9576978217991196,1.5688508,1.6281981,1030,1047,train
517,0.95278066,0.9532062,0.95308435,0.9567398,0.9576028828839542,1.5688471,1.6452062,1030,1047,train
518,0.9527875,0.95531374,0.9526869,0.95793486,0.9574862530772449,1.5688432,1.6312888,1030,1047,train
519,0.95276856,0.95553386,0.9525239,0.9580958,0.9573840852752812,1.5688394,1.6417125,1030,1047,train
520,0.95273525,0.9563601,0.9524286,0.9585461,0.9573192165058064,1.5688355,1.6302996,1030,1047,train
521,0.95275575,0.9525802,0.95267725,0.9562336,0.957266496443892,1.5688317,1.6449624,1030,1047,train
522,0.95276445,0.95347255,0.9527211,0.95676434,0.9571186702986606,1.5688279,1.6342385,1030,1047,train
523,0.9527241,0.9545131,0.952799,0.9575298,0.9570939521219195,1.5688239,1.6471703,1030,1047,train
524,0.95267993,0.95326227,0.9527465,0.9566815,0.957046457529238,1.56882,1.6428549,1030,1047,train
525,0.9526433,0.9541769,0.9524192,0.9571586,0.9570519077488485,1.5688162,1.6360891,1030,1047,train
526,0.95262146,0.95123035,0.95208204,0.9550979,0.9569806313997308,1.5688123,1.6240032,1030,1047,train
527,0.95254475,0.9552678,0.95209575,0.9578213,0.9569571714670638,1.5688083,1.642046,1030,1047,train
528,0.9525168,0.95313215,0.9523776,0.9565362,0.9569032172694389,1.5688043,1.6480106,1030,1047,train
529,0.95244,0.953724,0.95196867,0.9567772,0.9569113360771158,1.5688003,1.6399858,1030,1047,train
530,0.95243984,0.95545053,0.9523412,0.9580346,0.9568925625135729,1.5687963,1.6484458,1030,1047,train
531,0.95236874,0.95197713,0.9513881,0.955438,0.9568187350535268,1.5687923,1.62821,1030,1047,train
532,0.95231926,0.9524474,0.951403,0.95571256,0.9568021493607645,1.5687883,1.621984,1030,1047,train
533,0.9522618,0.9526286,0.95146966,0.9558809,0.956831615537743,1.5687842,1.6282532,1030,1047,train
534,0.95222616,0.9531292,0.95140135,0.95617455,0.9567719357435116,1.5687802,1.6255896,1030,1047,train
535,0.95219153,0.9564018,0.9515488,0.9583961,0.9567041409231749,1.5687761,1.6367886,1030,1047,train
536,0.9521029,0.95385647,0.95133847,0.956626,0.9567098873150506,1.5687721,1.6246088,1030,1047,train
537,0.9520098,0.95287937,0.9512386,0.9559554,0.9566503665587939,1.5687679,1.6223788,1030,1047,train
538,0.9519719,0.95488775,0.9509913,0.9571901,0.9566051124008749,1.5687639,1.6207336,1030,1047,train
539,0.951953,0.9556048,0.9511629,0.95774853,0.9565719037869174,1.5687597,1.6300851,1030,1047,train
540,0.9518721,0.9510408,0.95129347,0.9548182,0.9565245075583032,1.5687555,1.6301758,1030,1047,train
541,0.9517415,0.9534787,0.9512322,0.95643663,0.9564994009853895,1.5687513,1.639406,1030,1047,train
542,0.95173436,0.95507395,0.95110023,0.9573444,0.9564475313248365,1.5687472,1.6220173,1030,1047,train
543,0.951672,0.9551192,0.95107496,0.95748484,0.9563546503866354,1.568743,1.6432831,1030,1047,train
544,0.95162565,0.95467,0.95131224,0.95731556,0.9563629229251259,1.5687387,1.6550733,1030,1047,train
545,0.95153356,0.953398,0.95114607,0.9563556,0.9563814175191121,1.5687345,1.6379702,1030,1047,train
546,0.9514851,0.9536835,0.951464,0.95666826,0.9564103707551155,1.5687302,1.6471442,1030,1047,train
547,0.9514652,0.9561976,0.9510756,0.95822084,0.9563058649400678,1.568726,1.6498041,1030,1047,train
548,0.95140153,0.9525162,0.9511417,0.95581144,0.9562242742507935,1.5687217,1.6433072,1030,1047,train
549,0.9513856,0.9532987,0.9510373,0.9563509,0.956181543667588,1.5687174,1.6536188,1030,1047,train
550,0.9512959,0.9515891,0.95079935,0.95509887,0.956097549202874,1.568713,1.63821,1030,1047,train
551,0.9512776,0.952866,0.9508079,0.9559553,0.9561001091527707,1.5687087,1.6428559,1030,1047,train
552,0.95126426,0.9521545,0.9507704,0.955429,0.9559561026703959,1.5687042,1.632807,1030,1047,train
553,0.9512629,0.9537349,0.95072246,0.9564434,0.9558715432002542,1.5686998,1.632834,1030,1047,train
554,0.9512051,0.9514307,0.9507282,0.9549179,0.9557685144136584,1.5686955,1.627167,1030,1047,train
555,0.95119447,0.9523051,0.9506954,0.9555343,0.9556484782748773,1.568691,1.6374619,1030,1047,train
556,0.95114756,0.95475936,0.95056176,0.95704657,0.9556564949436654,1.5686866,1.6286755,1030,1047,train
557,0.9511143,0.9508462,0.9507061,0.95458674,0.9555329719014382,1.5686822,1.6368921,1030,1047,train
558,0.9510988,0.94903314,0.9507148,0.9534472,0.9554559786718247,1.5686777,1.6432991,1030,1047,train
559,0.9510965,0.9514841,0.95054543,0.95499456,0.9553434357504905,1.5686731,1.6428204,1030,1047,train
560,0.9510453,0.95365465,0.95023084,0.95627284,0.9552701759474279,1.5686687,1.6329148,1030,1047,train
561,0.951083,0.949526,0.95025676,0.95358795,0.9552734895560631,1.5686642,1.6308796,1030,1047,train
562,0.9510565,0.9534714,0.9502781,0.95620435,0.9551445083193076,1.5686595,1.6399937,1030,1047,train
563,0.95105225,0.9533759,0.9499694,0.9560202,0.9550535110871531,1.568655,1.6313722,1030,1047,train
564,0.95101327,0.9518369,0.9500457,0.9550086,0.9549704952597194,1.5686504,1.6257467,1030,1047,train
565,0.95090973,0.95199466,0.95017266,0.9552679,0.954862809911047,1.5686458,1.6486309,1030,1047,train
566,0.95088947,0.9517714,0.9500177,0.9549861,0.9547719600656843,1.5686412,1.6306014,1030,1047,train
567,0.9508131,0.9514471,0.9500176,0.9549231,0.9546992803565341,1.5686365,1.6573777,1030,1047,train
568,0.950784,0.95307827,0.9498104,0.9558741,0.9546316745243282,1.5686319,1.6469007,1030,1047,train
569,0.95071155,0.9494656,0.94984627,0.9535386,0.9545936019248326,1.5686271,1.647069,1030,1047,train
570,0.95065,0.94896746,0.94977254,0.95314854,0.9545752275486452,1.5686225,1.6382052,1030,1047,train
571,0.9506385,0.94878113,0.94982433,0.9530941,0.9545092478273824,1.5686177,1.6480045,1030,1047,train
572,0.9505767,0.9522244,0.9496231,0.95521295,0.954487888869001,1.5686129,1.635731,1030,1047,train
573,0.95058656,0.9518502,0.9494666,0.9548876,0.954499125039157,1.5686082,1.6276383,1030,1047,train
574,0.9505109,0.9509141,0.94949126,0.9543098,0.954416026422169,1.5686034,1.6319762,1030,1047,train
575,0.9504635,0.95166165,0.9494829,0.9548444,0.9543660417704887,1.5685985,1.6412885,1030,1047,train
576,0.95046216,0.9475344,0.9495027,0.9521409,0.9542977181943496,1.5685937,1.6360054,1030,1047,train
577,0.9504559,0.9515304,0.94935596,0.95466095,0.9542674469273666,1.5685889,1.6290302,1030,1047,train
578,0.9503415,0.9525629,0.9493253,0.9553717,0.9541721561383696,1.568584,1.6377301,1030,1047,train
579,0.9503529,0.95182,0.9492415,0.95489526,0.9541507818889918,1.5685791,1.6424617,1030,1047,train
580,0.95022655,0.9533362,0.9492127,0.95585304,0.9541052538162125,1.5685741,1.6389394,1030,1047,train
581,0.9501738,0.9487135,0.9492285,0.95286953,0.9539880420781333,1.5685692,1.6413772,1030,1047,train
582,0.9501341,0.9514643,0.9491442,0.9546116,0.9539983943717152,1.5685642,1.637155,1030,1047,train
583,0.9500403,0.9489517,0.94913244,0.95298404,0.9538289910602084,1.5685592,1.6383059,1030,1047,train
584,0.95000917,0.9505128,0.94906074,0.95403844,0.9536958909250013,1.5685542,1.6488924,1030,1047,train
585,0.9499629,0.94851995,0.9490179,0.9527168,0.9535972603979369,1.5685492,1.6457105,1030,1047,train
586,0.94990075,0.9476354,0.94897366,0.95214766,0.9535292105975999,1.568544,1.6485595,1030,1047,train
587,0.94988966,0.9520688,0.94890624,0.95497406,0.9534189391709493,1.568539,1.6421821,1030,1047,train
588,0.9498374,0.94898,0.9488871,0.95298886,0.9533804448094246,1.5685339,1.6466112,1030,1047,train
589,0.94974685,0.9504777,0.9488334,0.95389783,0.9533564456672927,1.5685288,1.6374915,1030,1047,train
590,0.94970673,0.95321596,0.9487808,0.9557025,0.9532474155115209,1.5685236,1.6447492,1030,1047,train
591,0.9496927,0.9479134,0.948731,0.9522335,0.9531996488130852,1.5685184,1.6420299,1030,1047,train
592,0.94958335,0.9488392,0.94868416,0.9528839,0.9531473512233414,1.5685133,1.6530685,1030,1047,train
593,0.94959974,0.95004284,0.9486294,0.9536834,0.9530129272518142,1.568508,1.658767,1030,1047,train
594,0.9495523,0.94897985,0.9485421,0.9530322,0.9529976173811567,1.5685028,1.669643,1030,1047,train
595,0.9495138,0.94794893,0.9485037,0.9523005,0.9529180788608064,1.5684975,1.6599941,1030,1047,train
596,0.9494672,0.94909406,0.9484608,0.9529806,0.9527628111602572,1.5684922,1.6503894,1030,1047,train
597,0.9494097,0.9470776,0.94841063,0.951715,0.9526829989532097,1.5684868,1.6604793,1030,1047,train
598,0.949355,0.9480324,0.948383,0.9522451,0.9527100831882289,1.5684816,1.6454139,1030,1047,train
599,0.9493427,0.9495077,0.9483154,0.95322174,0.9526570926636068,1.5684762,1.6518121,1030,1047,train
600,0.94931436,0.9487473,0.94827235,0.9527134,0.9526278018848621,1.5684707,1.6510313,1030,1047,train
601,0.94922715,0.94769466,0.9482122,0.9519943,0.9525864277612895,1.5684654,1.6471877,1030,1047,train
602,0.9491883,0.946605,0.9481009,0.9513229,0.9524748808230524,1.5684599,1.6586012,1030,1047,train
603,0.9491518,0.94912064,0.94808114,0.95291793,0.9523915100544074,1.5684544,1.6525645,1030,1047,train
604,0.94910544,0.9468302,0.9480255,0.95142496,0.952412518395881,1.5684489,1.6538982,1030,1047,train
605,0.9490763,0.94545317,0.9479569,0.9504619,0.952358244068836,1.5684434,1.6443565,1030,1047,train
606,0.9489659,0.9500717,0.948063,0.95338786,0.9523441952747187,1.5684378,1.6265993,1030,1047,train
607,0.9488989,0.9459833,0.94791734,0.95071024,0.9522503174650685,1.5684322,1.6287127,1030,1047,train
608,0.94893384,0.9517374,0.94800365,0.9545377,0.9522103369917594,1.5684266,1.6416438,1030,1047,train
609,0.94885707,0.94814515,0.9479311,0.9521575,0.9520959234304446,1.568421,1.636068,1030,1047,train
610,0.9487625,0.9484681,0.94786304,0.9523634,0.9520488063023448,1.5684154,1.6383772,1030,1047,train
611,0.948723,0.94916207,0.9477893,0.9527904,0.9519372799177126,1.5684097,1.6373401,1030,1047,train
612,0.948633,0.9472428,0.94777495,0.95152736,0.9517990922535605,1.568404,1.6348691,1030,1047,train
613,0.94860256,0.9474025,0.94754255,0.9515969,0.9517149985593784,1.5683982,1.638885,1030,1047,train
614,0.94856626,0.94653684,0.9476055,0.9510307,0.9516417929309419,1.5683925,1.635333,1030,1047,train
615,0.9484839,0.9496306,0.94763196,0.95307374,0.951545127341487,1.5683867,1.6404727,1030,1047,train
616,0.9484521,0.9472022,0.94748366,0.9514112,0.9515724504041592,1.5683808,1.6313567,1030,1047,train
617,0.9483874,0.94699347,0.94755864,0.95128876,0.9514921367520609,1.568375,1.6304362,1030,1047,train
618,0.94833606,0.9515744,0.9474435,0.95428944,0.951388148755824,1.5683692,1.640389,1030,1047,train
619,0.9482681,0.9474273,0.94731754,0.95161146,0.9513605965631172,1.5683632,1.6484768,1030,1047,train
620,0.9482763,0.94722044,0.94725055,0.95147914,0.9513696231181177,1.5683573,1.6517782,1030,1047,train
621,0.9482453,0.9506087,0.9473181,0.95362824,0.9513260507632573,1.5683514,1.6396661,1030,1047,train
622,0.94818735,0.9464451,0.9470479,0.9508874,0.9513140421237094,1.5683453,1.644624,1030,1047,train
623,0.94817793,0.9437065,0.9466785,0.9490233,0.9512864222933869,1.5683393,1.6451972,1030,1047,train
624,0.94807947,0.9470903,0.94702256,0.9513122,0.9512493795356236,1.5683333,1.6468112,1030,1047,train
625,0.9480139,0.945028,0.94680476,0.94985414,0.9511794440743255,1.5683272,1.6347376,1030,1047,train
626,0.9479523,0.9462254,0.94675106,0.9506895,0.9511489745171663,1.5683211,1.6476324,1030,1047,train
627,0.94794047,0.9453275,0.9466975,0.9500978,0.9510614332729955,1.5683149,1.6483854,1030,1047,train
628,0.94787407,0.9474548,0.94679093,0.95147294,0.9510725936888594,1.5683087,1.6432176,1030,1047,train
629,0.94786274,0.94327617,0.94642437,0.9486574,0.9511383628058738,1.5683025,1.6406533,1030,1047,train
630,0.94776535,0.9464351,0.94647014,0.9507428,0.9510214475640791,1.5682963,1.6449215,1030,1047,train
631,0.94658464,0.946327,0.9465314,0.9506212,0.9508809305449009,1.5682901,1.6329119,1030,1047,train
632,0.94766855,0.94591963,0.946558,0.95043653,0.9509579493787653,1.5682838,1.6462247,1030,1047,train
633,0.94768083,0.9459356,0.94634503,0.95031554,0.9508465751143026,1.5682775,1.6317358,1030,1047,train
634,0.94764364,0.94728136,0.9465973,0.9513,0.9509644536281263,1.568271,1.6407785,1030,1047,train
635,0.9475769,0.94563866,0.9462539,0.95010215,0.9509725840194825,1.5682647,1.6319904,1030,1047,train
636,0.94745547,0.94674575,0.94666576,0.95095986,0.9509613645525059,1.5682583,1.639137,1030,1047,train
637,0.947404,0.9472966,0.94655204,0.9512304,0.9509751626693254,1.5682518,1.6283277,1030,1047,train
638,0.9473518,0.9493435,0.9466518,0.95254415,0.9509584412045025,1.5682453,1.6212187,1030,1047,train
639,0.94734985,0.946254,0.94654036,0.9505434,0.9508802769432284,1.5682387,1.6269886,1030,1047,train
640,0.94726026,0.94889736,0.9463978,0.95251036,0.9507858791343893,1.5682322,1.6788096,1030,1047,train
641,0.9472419,0.9459308,0.9464897,0.95066714,0.9507351116541598,1.5682256,1.6897736,1030,1047,train
642,0.9471595,0.9466474,0.94623506,0.9511368,0.9507506893818727,1.5682191,1.7017717,1030,1047,train
643,0.9471526,0.9493453,0.94636106,0.952826,0.9506389318893401,1.5682124,1.6849421,1030,1047,train
644,0.94705343,0.9471636,0.9463533,0.9514461,0.9506582933259514,1.5682057,1.6918943,1030,1047,train
645,0.9470553,0.9447497,0.9458485,0.94969046,0.9505778560579049,1.5681989,1.679811,1030,1047,train
646,0.9470035,0.9461968,0.9457537,0.9506912,0.9504889511473789,1.5681921,1.6951187,1030,1047,train
647,0.94694084,0.9456706,0.9458848,0.95032233,0.9506112461063005,1.5681853,1.6843969,1030,1047,train
648,0.94690466,0.9443053,0.9458811,0.949447,0.9505948467096114,1.5681785,1.6865602,1030,1047,train
649,0.946869,0.94547737,0.94563407,0.95007944,0.9504656658744528,1.5681716,1.6740894,1030,1047,train
650,0.9467643,0.9487501,0.9461512,0.9524068,0.950459368458569,1.5681647,1.688209,1030,1047,train
651,0.9466504,0.9465869,0.9459632,0.9509341,0.9502831859081777,1.5681578,1.6840343,1030,1047,train
652,0.9466513,0.9489094,0.9458009,0.95241475,0.9502648955852183,1.5681509,1.6862535,1030,1047,train
653,0.9466096,0.9427711,0.9450624,0.948267,0.9501998320884264,1.5681438,1.689112,1030,1047,train
654,0.94660956,0.9416881,0.94513273,0.9475134,0.9501879543741552,1.5681368,1.6768463,1030,1047,train
655,0.94656056,0.94845426,0.94599414,0.952139,0.9499968114102959,1.5681297,1.6813433,1030,1047,train
656,0.946507,0.94836867,0.94588363,0.95211047,0.9499024516952903,1.5681225,1.6911106,1030,1047,train
657,0.94645184,0.94166744,0.94493353,0.9475324,0.9497972696120912,1.5681154,1.6914895,1030,1047,train
658,0.9464013,0.94680303,0.9457267,0.95106655,0.9497259500239881,1.5681082,1.6929972,1030,1047,train
659,0.9463558,0.9410142,0.94464874,0.9470199,0.9496389257993814,1.5681009,1.6879385,1030,1047,train
660,0.94633126,0.9424081,0.9453592,0.94816256,0.9496185596527612,1.5680937,1.6999029,1030,1047,train
661,0.9462219,0.94357324,0.9450525,0.948824,0.9494597650472704,1.5680863,1.6961224,1030,1047,train
662,0.9462037,0.94267446,0.94522727,0.94830704,0.9493272232480999,1.568079,1.7005308,1030,1047,train
663,0.9461118,0.94212985,0.94460523,0.9478372,0.9491807846548241,1.5680715,1.7067281,1030,1047,train
664,0.9460832,0.94507676,0.9449955,0.9498054,0.9491025147741573,1.5680641,1.699604,1030,1047,train
665,0.94601876,0.94518447,0.9449537,0.9497598,0.9489958070083535,1.5680566,1.6804615,1030,1047,train
666,0.94591916,0.94631433,0.9452244,0.95052004,0.9489790561172051,1.5680491,1.6734277,1030,1047,train
667,0.9459,0.9405323,0.94428784,0.946548,0.9489300457677009,1.5680416,1.6749156,1030,1047,train
668,0.9458296,0.9461664,0.94545764,0.95054066,0.9489300639006141,1.5680339,1.6843765,1030,1047,train
669,0.94579375,0.9446678,0.94514453,0.9494764,0.9489507467947059,1.5680263,1.6815283,1030,1047,train
670,0.9457578,0.9464712,0.9452014,0.95063204,0.9489900990235295,1.5680186,1.6762912,1030,1047,train
671,0.94568044,0.94729996,0.94525754,0.9511348,0.9489510976978305,1.5680108,1.6674201,1030,1047,train
672,0.9456428,0.94036984,0.94351923,0.94625026,0.9488948569507891,1.568003,1.6737692,1030,1047,train
673,0.94557106,0.94286144,0.9444319,0.94802064,0.9489004578135822,1.5679952,1.6614342,1030,1047,train
674,0.94547856,0.9453636,0.9442993,0.94969904,0.9488073869799971,1.5679873,1.6770692,1030,1047,train
675,0.94540554,0.9420903,0.9441749,0.94753766,0.9487248677764815,1.5679795,1.6759287,1030,1047,train
676,0.94532007,0.94850093,0.9448346,0.95186764,0.9487210777654134,1.5679715,1.6775142,1030,1047,train
677,0.945264,0.94165957,0.9443465,0.94728863,0.9487159156621459,1.5679635,1.6739488,1030,1047,train
678,0.9452648,0.9427052,0.94391173,0.9478738,0.9488217740499485,1.5679554,1.6760324,1030,1047,train
679,0.9451746,0.9416206,0.94369423,0.9471171,0.9487791460754593,1.5679474,1.6760528,1030,1047,train
680,0.9451336,0.946007,0.94439554,0.9501588,0.9487386204604371,1.5679392,1.6804758,1030,1047,train
681,0.94503164,0.94405234,0.94427,0.94883704,0.9487581444789811,1.567931,1.6764002,1030,1047,train
682,0.94493353,0.9444982,0.9437822,0.94905126,0.9487699523253059,1.5679228,1.6841779,1030,1047,train
683,0.94489247,0.9422035,0.9438191,0.94754463,0.9486357803730553,1.5679145,1.6794715,1030,1047,train
684,0.9448018,0.94218874,0.9440821,0.94763416,0.9486264452736641,1.5679061,1.6859093,1030,1047,train
685,0.9447573,0.94015133,0.94338363,0.9459928,0.9484858588347653,1.5678978,1.6587379,1030,1047,train
686,0.94473535,0.94477826,0.944383,0.9492979,0.9483633148388922,1.5678893,1.669555,1030,1047,train
687,0.9446922,0.9450024,0.9444135,0.94938564,0.9483466303783888,1.5678809,1.6577286,1030,1047,train
688,0.9446045,0.9466206,0.94466656,0.9504846,0.9482243233349087,1.5678724,1.655411,1030,1047,train
689,0.94458663,0.9460751,0.94450825,0.9500753,0.9480850358341703,1.5678638,1.6523513,1030,1047,train
690,0.94446874,0.94513774,0.9446342,0.9494768,0.9480446231505695,1.5678551,1.6486231,1030,1047,train
691,0.94447875,0.944319,0.94347095,0.948707,0.9479749768343747,1.5678465,1.6564527,1030,1047,train
692,0.944389,0.9433731,0.9436104,0.948181,0.9479923099822622,1.5678377,1.6663268,1030,1047,train
693,0.9443034,0.9415121,0.9437368,0.9469251,0.9478645773284142,1.567829,1.6521058,1030,1047,train
694,0.944278,0.9434544,0.9431778,0.94808334,0.9478172451948083,1.5678202,1.6580142,1030,1047,train
695,0.9442301,0.94071317,0.94310296,0.94623965,0.9478300478429108,1.5678113,1.6496643,1030,1047,train
696,0.9441511,0.9416521,0.9430898,0.9469264,0.9478002367895613,1.5678023,1.6642628,1030,1047,train
697,0.94411033,0.94386,0.94341516,0.9484647,0.9478681424986496,1.5677934,1.6690184,1030,1047,train
698,0.9441052,0.9403208,0.9427976,0.945937,0.9477176280568964,1.5677843,1.6543765,1030,1047,train
699,0.943989,0.9435234,0.943504,0.9482281,0.9476598810427388,1.5677751,1.6618419,1030,1047,train
700,0.94395864,0.94394016,0.9435897,0.94857097,0.9476745749154787,1.5677661,1.6712008,1030,1047,train
701,0.94283307,0.94410515,0.94363844,0.94864106,0.9476330398300684,1.5677568,1.6623335,1030,1047,train
702,0.9438586,0.9424983,0.94366896,0.9476461,0.9477153616223094,1.5677476,1.6697417,1030,1047,train
703,0.943865,0.9396384,0.94269603,0.9455183,0.9476107763672537,1.5677382,1.6632528,1030,1047,train
704,0.9438002,0.940834,0.9424472,0.94620234,0.9475620956125745,1.5677289,1.6574517,1030,1047,train
705,0.94375306,0.9387449,0.9421613,0.94462967,0.9474149519715099,1.5677195,1.6307361,1030,1047,train
706,0.9436727,0.94181633,0.94313204,0.9469473,0.9474113879339913,1.5677099,1.646839,1030,1047,train
707,0.9436315,0.94290227,0.94339216,0.94769526,0.9474377357048797,1.5677004,1.6432172,1030,1047,train
708,0.9436191,0.9438659,0.94311345,0.9482914,0.9474829889636459,1.5676907,1.6501167,1030,1047,train
709,0.9435039,0.9430278,0.9431266,0.947722,0.9474434830512614,1.5676811,1.6449528,1030,1047,train
710,0.94349575,0.9436905,0.94333935,0.9482133,0.9473993132269696,1.5676713,1.6466843,1030,1047,train
711,0.94346684,0.9443984,0.9431405,0.9486333,0.9473075466333055,1.5676615,1.6482408,1030,1047,train
712,0.9433464,0.93984324,0.9421289,0.9455058,0.9472733588703882,1.5676516,1.6617508,1030,1047,train
713,0.94331956,0.94397116,0.94329506,0.94837725,0.947233758393059,1.5676417,1.6453283,1030,1047,train
714,0.943252,0.9440807,0.9435483,0.9484882,0.9471326377651436,1.5676317,1.6414285,1030,1047,train
715,0.94317347,0.94240665,0.9423156,0.94713306,0.9471436819675438,1.5676217,1.6468616,1030,1047,train
716,0.94311064,0.94386137,0.9430849,0.94829255,0.9471825246373405,1.5676116,1.6521271,1030,1047,train
717,0.943118,0.94108117,0.9427898,0.9463238,0.9471747968206886,1.5676014,1.6353436,1030,1047,train
718,0.9430011,0.94223857,0.9423971,0.9470816,0.9471402034561898,1.5675912,1.6537459,1030,1047,train
719,0.94293356,0.94403934,0.9430835,0.94836533,0.9470179101997179,1.5675809,1.6444199,1030,1047,train
720,0.942919,0.9397425,0.94206727,0.945419,0.9468751886686831,1.5675706,1.6605818,1030,1047,train
721,0.9428517,0.94377434,0.94286835,0.9481961,0.9466683488623274,1.5675601,1.6543661,1030,1047,train
722,0.94275916,0.94062495,0.94139874,0.94578403,0.9466207062766687,1.5675496,1.6521937,1030,1047,train
723,0.9427276,0.9440883,0.94269824,0.9483163,0.9465986849667518,1.567539,1.6466649,1030,1047,train
724,0.94261974,0.94188666,0.942168,0.94673634,0.9463579561173433,1.5675284,1.6426044,1030,1047,train
725,0.94258946,0.94049954,0.9421028,0.9458598,0.9462081868531317,1.5675176,1.6498141,1030,1047,train
726,0.9425455,0.93963134,0.9423642,0.94534785,0.9461569790931873,1.5675069,1.6477255,1030,1047,train
727,0.94255674,0.94012654,0.94136536,0.94541305,0.9460190147510292,1.5674961,1.6450672,1030,1047,train
728,0.94250864,0.9427134,0.94218683,0.947312,0.9459009273475574,1.5674851,1.648839,1030,1047,train
729,0.9424747,0.9405254,0.9418305,0.945798,0.9456935596886021,1.5674741,1.6475108,1030,1047,train
730,0.9424006,0.94403714,0.94266856,0.94826263,0.9455128342811514,1.567463,1.6442513,1030,1047,train
731,0.9423849,0.94175744,0.9421718,0.9466232,0.9453425899054306,1.5674518,1.6371222,1030,1047,train
732,0.94226664,0.93858826,0.9409124,0.9442756,0.9453240792090503,1.5674406,1.6397603,1030,1047,train
733,0.9422095,0.9373821,0.9404584,0.9434534,0.9453062420428608,1.5674293,1.6525874,1030,1047,train
734,0.94218206,0.93852305,0.9414575,0.94434464,0.9452925280967264,1.567418,1.6360471,1030,1047,train
735,0.9421718,0.93822944,0.94099563,0.94406503,0.945145999894647,1.5674065,1.6401618,1030,1047,train
736,0.942095,0.9371066,0.940686,0.94328016,0.9451019749568002,1.567395,1.6436225,1030,1047,train
737,0.94203764,0.9383054,0.94060075,0.94406277,0.9450312034657335,1.5673834,1.6481433,1030,1047,train
738,0.94202644,0.9385386,0.94051015,0.9442261,0.944939816259164,1.5673717,1.6542736,1030,1047,train
739,0.9420099,0.9436238,0.9419646,0.94782454,0.9449539830150976,1.5673599,1.6443537,1030,1047,train
740,0.94201666,0.93809247,0.94126475,0.94410855,0.9448618242463893,1.5673481,1.6523819,1030,1047,train
741,0.941918,0.9362562,0.93964183,0.9424857,0.9448696323333478,1.5673361,1.6454644,1030,1047,train
742,0.94192827,0.9370656,0.93961596,0.94302416,0.9448556156454628,1.5673242,1.6489711,1030,1047,train
743,0.94181854,0.93715715,0.939881,0.9431177,0.9448344859899263,1.567312,1.6435175,1030,1047,train
744,0.941739,0.93890023,0.9409996,0.9445562,0.9448266841929865,1.5672998,1.6500978,1030,1047,train
745,0.94173753,0.9416499,0.94161904,0.9464665,0.9448035157559109,1.5672876,1.6456234,1030,1047,train
746,0.941654,0.94263685,0.9412832,0.9470433,0.9446914561534648,1.5672752,1.6487758,1030,1047,train
747,0.94163346,0.93569803,0.9393015,0.94203407,0.9447309943678431,1.5672628,1.6442208,1030,1047,train
748,0.9415838,0.9358975,0.9397911,0.94218,0.9446355161419565,1.5672503,1.6257043,1030,1047,train
749,0.94146556,0.9424157,0.94191706,0.9469694,0.9445819571341024,1.5672376,1.6335837,1030,1047,train
750,0.941399,0.9416554,0.9418731,0.9464788,0.944442581031719,1.5672249,1.6360484,1030,1047,train
751,0.9413934,0.93796426,0.9404089,0.9437373,0.9443491603467212,1.5672121,1.6377078,1030,1047,train
752,0.9413109,0.9428152,0.94146776,0.9471421,0.9443409803089042,1.5671992,1.6375922,1030,1047,train
753,0.9412625,0.94110453,0.9412683,0.9460139,0.9442791869346979,1.5671862,1.6431543,1030,1047,train
754,0.9411992,0.9426775,0.941635,0.94715875,0.9442649686273418,1.5671731,1.6494886,1030,1047,train
755,0.94122064,0.9428296,0.9414233,0.94714606,0.9441842444418226,1.56716,1.6385579,1030,1047,train
756,0.9410412,0.9399968,0.94031656,0.9451316,0.94421796659349,1.5671467,1.6553249,1030,1047,train
757,0.94108266,0.9355507,0.9383991,0.941766,0.9442128325124656,1.5671333,1.6525402,1030,1047,train
758,0.9410394,0.9356332,0.9391818,0.94197834,0.9442023794800269,1.5671198,1.6469867,1030,1047,train
759,0.9409471,0.93619746,0.9379709,0.94213325,0.9440553937590719,1.5671064,1.661792,1030,1047,train
760,0.9408047,0.9417076,0.9406233,0.94622594,0.9439438300731027,1.5670927,1.6388896,1030,1047,train
761,0.94078016,0.9380676,0.9393135,0.9435518,0.9438684540358095,1.5670788,1.6399515,1030,1047,train
762,0.9407462,0.9402702,0.9402562,0.9452095,0.9438298453995347,1.567065,1.6399064,1030,1047,train
763,0.9407447,0.93688124,0.9394886,0.9427999,0.943728800255895,1.567051,1.6355805,1030,1047,train
764,0.9407024,0.9355376,0.9386597,0.94177586,0.9436327618497634,1.567037,1.64443,1030,1047,train
765,0.9406371,0.940904,0.94105446,0.9458037,0.9436942875829272,1.5670228,1.6380068,1030,1047,train
766,0.9405854,0.9349308,0.9379747,0.9412233,0.9435759379211788,1.5670085,1.6457205,1030,1047,train
767,0.94053274,0.9373337,0.93914986,0.9430383,0.9434335074429092,1.5669941,1.6404111,1030,1047,train
768,0.94047636,0.93483114,0.9379755,0.94118404,0.9432934589525018,1.5669795,1.6502814,1030,1047,train
769,0.94041544,0.9347437,0.9377299,0.94109493,0.9431975779372486,1.566965,1.6552186,1030,1047,train
770,0.94036144,0.93647236,0.94061875,0.9429189,0.9431237767969955,1.5669502,1.6557353,1030,1047,train
771,0.9402451,0.9371951,0.93928134,0.943076,0.9429768710182778,1.5669353,1.6578104,1030,1047,train
772,0.94024134,0.93406874,0.93729484,0.94058436,0.9429832859139996,1.5669204,1.6611595,1030,1047,train
773,0.94013506,0.9367642,0.9390248,0.9426649,0.9429012275033016,1.5669053,1.645241,1030,1047,train
774,0.9400258,0.93908674,0.93904537,0.9440741,0.9427095892480523,1.5668901,1.6264372,1030,1047,train
775,0.9399181,0.9418088,0.9404152,0.94616556,0.9426676929030604,1.5668747,1.6251526,1030,1047,train
776,0.93993163,0.93878293,0.94049203,0.94428176,0.9426486377697085,1.5668594,1.636403,1030,1047,train
777,0.93990654,0.9345435,0.9372145,0.94078165,0.9425016526279371,1.5668437,1.6445764,1030,1047,train
778,0.9398079,0.9364361,0.9389865,0.9423655,0.9425691020467222,1.5668281,1.6312375,1030,1047,train
779,0.93971753,0.93664503,0.93994564,0.9427655,0.9426043020881921,1.5668123,1.637094,1030,1047,train
780,0.93967843,0.9383431,0.93974644,0.94383234,0.9426786568446051,1.5667963,1.6393886,1030,1047,train
781,0.9395593,0.9371722,0.93891823,0.9428671,0.9426464328690294,1.5667803,1.6385435,1030,1047,train
782,0.9395314,0.9375092,0.9388578,0.9430341,0.9426164936027124,1.5667641,1.631803,1030,1047,train
783,0.93945354,0.93397635,0.9388913,0.9407916,0.9425107582840755,1.5667478,1.6395857,1030,1047,train
784,0.93936306,0.9394593,0.9390116,0.9443655,0.9424039242170164,1.5667313,1.6369126,1030,1047,train
785,0.9393305,0.9389651,0.9396757,0.9441579,0.9422646948493363,1.5667148,1.6283112,1030,1047,train
786,0.93920726,0.9367831,0.93886596,0.9426466,0.9422943570281068,1.566698,1.6466669,1030,1047,train
787,0.93918353,0.93378806,0.9365109,0.9401225,0.9422984675560677,1.5666811,1.6448367,1030,1047,train
788,0.93909156,0.9368249,0.9384005,0.94253933,0.9423074883691815,1.5666641,1.6427003,1030,1047,train
789,0.93901974,0.936652,0.93814516,0.9423774,0.942299430165208,1.5666469,1.6448909,1030,1047,train
790,0.9389393,0.93448496,0.9368174,0.9406842,0.9421947210363395,1.5666296,1.6512141,1030,1047,train
791,0.9388951,0.9377059,0.9390813,0.9432324,0.9422373953711966,1.5666122,1.6347959,1030,1047,train
792,0.938819,0.9362947,0.93873906,0.9422331,0.9421684489886908,1.5665947,1.6347337,1030,1047,train
793,0.9387899,0.93642783,0.93871,0.94230384,0.9420506744971161,1.566577,1.6331692,1030,1047,train
794,0.938716,0.9339458,0.93753815,0.9404027,0.9418837766287599,1.5665591,1.6320152,1030,1047,train
795,0.93865645,0.9344452,0.93704724,0.9405985,0.9417790558271069,1.5665411,1.6302501,1030,1047,train
796,0.93859166,0.9407842,0.93981266,0.94532984,0.9417330740858776,1.5665228,1.6206563,1030,1047,train
797,0.93854725,0.93554175,0.93767035,0.94138795,0.9417121173174278,1.5665045,1.6169958,1030,1047,train
798,0.93844926,0.93251085,0.9361321,0.93904454,0.9416174445123149,1.566486,1.6163267,1030,1047,train
799,0.9384188,0.93639386,0.9385458,0.94219756,0.9415051888527237,1.5664674,1.6250923,1030,1047,train
800,0.9383931,0.9362916,0.9382676,0.9419808,0.9414986200277264,1.5664486,1.6100138,1030,1047,train
801,0.93830425,0.9353415,0.9371523,0.9411371,0.9414818469291258,1.5664295,1.6177995,1030,1047,train
802,0.93827784,0.93766475,0.9385505,0.94297075,0.9415158593478125,1.5664104,1.6154852,1030,1047,train
803,0.9381559,0.93263245,0.93647635,0.93924016,0.9413450928208769,1.5663911,1.6223842,1030,1047,train
804,0.9380863,0.9328555,0.93593085,0.9392511,0.941185032109801,1.5663716,1.6220472,1030,1047,train
805,0.93807757,0.9326322,0.9361167,0.9391626,0.9410919724953736,1.5663519,1.6241345,1030,1047,train
806,0.93799126,0.93838394,0.9385929,0.9434337,0.9410713437165046,1.5663321,1.6129038,1030,1047,train
807,0.9379535,0.93652856,0.93799204,0.942137,0.9410502333468487,1.5663121,1.6225438,1030,1047,train
808,0.9378678,0.93531543,0.93827236,0.941435,0.9409314018242974,1.5662918,1.6257546,1030,1047,train
809,0.9378145,0.93558514,0.93746674,0.9414032,0.9408332571151178,1.5662714,1.623584,1030,1047,train
810,0.9377482,0.9371784,0.9377006,0.94252056,0.9408498097795436,1.5662509,1.6283808,1030,1047,train
811,0.9377428,0.9351834,0.93728656,0.9411455,0.9408533084934821,1.5662302,1.6320461,1030,1047,train
812,0.9376783,0.9335755,0.9348494,0.93946844,0.9408475732735113,1.5662092,1.6241386,1030,1047,train
813,0.93771607,0.93490887,0.9374008,0.94101024,0.94071668412379,1.5661881,1.6348364,1030,1047,train
814,0.93764836,0.9328231,0.93522394,0.9391578,0.9406344729435346,1.5661668,1.6399467,1030,1047,train
815,0.93750036,0.93520004,0.93686545,0.94108534,0.9405709790528226,1.5661452,1.6376576,1030,1047,train
816,0.93744344,0.9343475,0.9355056,0.94020057,0.940466549545599,1.5661235,1.6372273,1030,1047,train
817,0.93736744,0.93319356,0.93471354,0.9392936,0.9403599719395767,1.5661016,1.6433704,1030,1047,train
818,0.9372994,0.9373183,0.93788433,0.942638,0.9403378321116107,1.5660794,1.6251395,1030,1047,train
819,0.937257,0.9374784,0.93772984,0.94265074,0.9402941362407083,1.566057,1.6153786,1030,1047,train
820,0.93713766,0.93412167,0.93636215,0.9402212,0.940145973630099,1.5660344,1.6299791,1030,1047,train
821,0.9370858,0.9334022,0.93647957,0.9397099,0.9400230223274942,1.5660117,1.6168087,1030,1047,train
822,0.93704647,0.93255174,0.9346782,0.93874794,0.9400781804001556,1.5659887,1.6215022,1030,1047,train
823,0.93697584,0.9319068,0.9337457,0.93813205,0.9400502890311123,1.5659654,1.6266575,1030,1047,train
824,0.93686074,0.9343666,0.93638957,0.9403195,0.9398676838409448,1.565942,1.6177704,1030,1047,train
825,0.93680227,0.9312713,0.9349958,0.9380076,0.939857372639722,1.5659183,1.6240546,1030,1047,train
826,0.936743,0.93441904,0.937841,0.94073254,0.9398380994402342,1.5658944,1.6228278,1030,1047,train
827,0.93667626,0.93133736,0.93238354,0.93742114,0.9397723039345726,1.5658703,1.624517,1030,1047,train
828,0.93657684,0.9345903,0.93713474,0.9406691,0.9397566951644898,1.5658458,1.6221335,1030,1047,train
829,0.93650556,0.9365941,0.93719673,0.9419601,0.9395956584622891,1.5658213,1.617627,1030,1047,train
830,0.93639535,0.9347297,0.9355228,0.9403238,0.9394066775718978,1.5657964,1.6138339,1030,1047,train
831,0.93623227,0.9328448,0.9353367,0.93904793,0.939291193273603,1.5657712,1.6125181,1030,1047,train
832,0.9361539,0.9321952,0.93313754,0.9380319,0.9393391166244236,1.5657458,1.6012213,1030,1047,train
833,0.93608856,0.9365604,0.93691254,0.9416557,0.9392361835705908,1.5657202,1.578845,1030,1047,train
834,0.9360568,0.93284476,0.93430233,0.93873596,0.9391252354127118,1.5656943,1.601326,1030,1047,train
835,0.9359683,0.9325361,0.93344516,0.93826264,0.93911710389809,1.5656682,1.5894196,1030,1047,train
836,0.93590564,0.93214965,0.93634456,0.93870807,0.9391720110274877,1.5656418,1.5885057,1030,1047,train
837,0.9358322,0.93191546,0.9321346,0.93752164,0.9390991445294854,1.565615,1.5856109,1030,1047,train
838,0.9358395,0.9325432,0.93626195,0.93891317,0.9390439543735429,1.565588,1.5829811,1030,1047,train
839,0.9357935,0.93332005,0.93676776,0.9395558,0.939009482324457,1.5655608,1.5858933,1030,1047,train
840,0.9357798,0.932714,0.93556,0.93887407,0.9389056532973412,1.5655332,1.5865822,1030,1047,train
841,0.9356865,0.9326949,0.9338087,0.93841535,0.9388515809367379,1.5655054,1.5824673,1030,1047,train
842,0.9356031,0.9356993,0.9371037,0.94121426,0.9387076151727507,1.5654773,1.5917974,1030,1047,train
843,0.9344065,0.9318222,0.9326863,0.9376224,0.9386133741823562,1.5654488,1.5906731,1030,1047,train
844,0.93545806,0.9325669,0.93379587,0.93835557,0.9386564080311427,1.56542,1.5872679,1030,1047,train
845,0.935424,0.93409026,0.93644017,0.9400097,0.9386858166501967,1.565391,1.5919038,1030,1047,train
846,0.93535846,0.93329,0.93538976,0.93929696,0.9386764381579114,1.5653616,1.6029406,1030,1047,train
847,0.9352846,0.9321112,0.93434554,0.93826216,0.9386260656176879,1.5653319,1.5998625,1030,1047,train
848,0.93523765,0.93168956,0.9316609,0.9373394,0.9385779733881656,1.5653019,1.5999494,1030,1047,train
849,0.9350566,0.934119,0.93622094,0.94003177,0.9385083066925259,1.5652715,1.6021361,1030,1047,train
850,0.9350384,0.93088144,0.93307257,0.9372032,0.9384962342738887,1.5652409,1.6084487,1030,1047,train
851,0.9349894,0.93135893,0.9319452,0.93719167,0.9384506182920549,1.5652097,1.5995927,1030,1047,train
852,0.93491066,0.9319049,0.9329264,0.9378185,0.9384078529497116,1.5651784,1.6059468,1030,1047,train
853,0.934795,0.93213135,0.9331672,0.9380539,0.9383310355179557,1.5651467,1.6114285,1030,1047,train
854,0.93477064,0.9335482,0.9351054,0.93935263,0.9382602410863441,1.5651146,1.5951054,1030,1047,train
855,0.9347416,0.934616,0.93613786,0.9402654,0.9382848674901042,1.5650821,1.5896213,1030,1047,train
856,0.93467844,0.93138576,0.93298256,0.9374406,0.9382605584724032,1.5650493,1.5960723,1030,1047,train
857,0.9346677,0.9300869,0.9304064,0.93592817,0.9381992885589889,1.565016,1.587707,1030,1047,train
858,0.9345571,0.9344114,0.9360385,0.94010067,0.9381651516036003,1.5649824,1.5882138,1030,1047,train
859,0.9345197,0.93488955,0.9356787,0.9402752,0.9382100318489958,1.5649484,1.5793381,1030,1047,train
860,0.9344671,0.9314016,0.9312772,0.937,0.9381905174659667,1.564914,1.5891132,1030,1047,train
861,0.9343718,0.9295418,0.93216574,0.93593675,0.9381681068944767,1.5648792,1.5762528,1030,1047,train
862,0.934272,0.9336785,0.9339987,0.9390718,0.9381408652442779,1.564844,1.5773787,1030,1047,train
863,0.93422616,0.9312385,0.93110645,0.9367782,0.9380735098274546,1.5648084,1.5755854,1030,1047,train
864,0.93418884,0.93180203,0.9323853,0.9374491,0.9380700353015341,1.5647722,1.5747852,1030,1047,train
865,0.934115,0.93225694,0.9324851,0.9378814,0.9380186030868796,1.5647358,1.595274,1030,1047,train
866,0.93405133,0.932297,0.9335853,0.93814456,0.9379939252194518,1.5646988,1.5900124,1030,1047,train
867,0.93397444,0.9359448,0.93473756,0.9407283,0.937954968735282,1.5646614,1.5785682,1030,1047,train
868,0.93383527,0.93259275,0.93387574,0.9384075,0.9380229168085041,1.5646236,1.5901386,1030,1047,train
869,0.93379056,0.93159986,0.93182874,0.93728065,0.9379432655470936,1.5645852,1.5924692,1030,1047,train
870,0.9337487,0.932729,0.93295014,0.93829125,0.9378804891748516,1.5645465,1.5936153,1030,1047,train
871,0.9336312,0.9320178,0.9316803,0.93753356,0.9379041621054569,1.5645071,1.5956464,1030,1047,train
872,0.9336433,0.93222904,0.93519306,0.93852466,0.9378980642636747,1.5644673,1.5964167,1030,1047,train
873,0.9334837,0.9318913,0.93179333,0.9374569,0.9378136432103986,1.564427,1.5916722,1030,1047,train
874,0.9334358,0.9316288,0.93135965,0.93727666,0.9376895330389966,1.5643861,1.6089292,1030,1047,train
875,0.9333674,0.931435,0.932184,0.9373701,0.9376820234234883,1.5643448,1.6125289,1030,1047,train
876,0.93324673,0.929547,0.93178654,0.9359298,0.9376188868325757,1.5643029,1.5910109,1030,1047,train
877,0.9332168,0.93267995,0.9337596,0.9384562,0.9375213562150018,1.5642605,1.5937936,1030,1047,train
878,0.9332102,0.93059766,0.92997366,0.9361808,0.9374299690664855,1.5642174,1.592375,1030,1047,train
879,0.93309164,0.9335711,0.93438065,0.9391817,0.9373446129159823,1.5641739,1.5932131,1030,1047,train
880,0.93296015,0.932366,0.9321419,0.93781275,0.9373076195927176,1.5641297,1.5850267,1030,1047,train
881,0.9329883,0.93264484,0.93345535,0.93831956,0.9373054691474814,1.564085,1.5864922,1030,1047,train
882,0.9328931,0.9327762,0.93396103,0.9385875,0.9372280721766957,1.5640397,1.5974414,1030,1047,train
883,0.9328294,0.9311346,0.930074,0.9365508,0.9371193620423376,1.5639937,1.5918815,1030,1047,train
884,0.9327074,0.931989,0.9321835,0.9375628,0.937118850387988,1.5639471,1.5822668,1030,1047,train
885,0.9325902,0.9315984,0.93087834,0.9370364,0.9371067019166915,1.5638999,1.590041,1030,1047,train
886,0.93252456,0.93076587,0.9305984,0.9364453,0.9370744009893041,1.563852,1.5931348,1030,1047,train
887,0.93241644,0.93066967,0.93230104,0.93682945,0.9369708523196261,1.5638034,1.5994389,1030,1047,train
888,0.9323626,0.93104756,0.93098843,0.9367483,0.9369365089573856,1.5637542,1.5978185,1030,1047,train
889,0.9322439,0.92931855,0.93112975,0.93563175,0.9368592709435699,1.5637043,1.5926676,1030,1047,train
890,0.932219,0.9324205,0.93238056,0.93789005,0.9368294998485132,1.5636536,1.5821626,1030,1047,train
891,0.9321725,0.9305336,0.93124765,0.93637514,0.9367662630385244,1.5636022,1.5792639,1030,1047,train
892,0.93207926,0.9302732,0.93120885,0.936217,0.9367198304464608,1.5635501,1.5829537,1030,1047,train
893,0.9320319,0.9291245,0.9311178,0.9353584,0.9367685577856213,1.5634972,1.566467,1030,1047,train
894,0.9318887,0.9277411,0.92901075,0.9339099,0.9367445299516068,1.5634435,1.5590583,1030,1047,train
895,0.93184745,0.93129843,0.93103194,0.9367564,0.9366917707157958,1.5633891,1.5678287,1030,1047,train
896,0.93175983,0.9303827,0.9279821,0.9354475,0.9366799339386246,1.5633337,1.5720567,1030,1047,train
897,0.93167734,0.930714,0.92839664,0.9357353,0.9366703577636987,1.5632777,1.5670698,1030,1047,train
898,0.931604,0.93156374,0.93262684,0.93739206,0.936669093403766,1.5632207,1.5819182,1030,1047,train
899,0.9314988,0.9321027,0.9334352,0.93787706,0.9366790565869834,1.5631629,1.5709643,1030,1047,train
900,0.9313817,0.93161356,0.9301207,0.93679416,0.9366731619982682,1.5631042,1.5775721,1030,1047,train
901,0.93132645,0.93070626,0.92836237,0.9358355,0.9366287532869199,1.5630445,1.5876441,1030,1047,train
902,0.931241,0.931429,0.9300628,0.9366979,0.9365366069618911,1.562984,1.5843806,1030,1047,train
903,0.93122184,0.9313133,0.9312585,0.937004,0.936576443191393,1.5629225,1.6010607,1030,1047,train
904,0.93107563,0.93129647,0.9314326,0.93704724,0.9365094345167501,1.56286,1.6032393,1030,1047,train
905,0.93099636,0.9312141,0.9309117,0.93686414,0.9365221802050129,1.5627965,1.6025771,1030,1047,train
906,0.9309243,0.9312298,0.93149257,0.93698204,0.9365020942254697,1.562732,1.5966358,1030,1047,train
907,0.93087226,0.93090737,0.9320264,0.9369362,0.9365513576297612,1.5626664,1.6028616,1030,1047,train
908,0.930818,0.9310001,0.9286238,0.9362199,0.936564507475021,1.5625998,1.6113001,1030,1047,train
909,0.9307353,0.9270853,0.92550194,0.9328473,0.9366154315954845,1.5625321,1.5974576,1030,1047,train
910,0.9306431,0.93177986,0.9337065,0.9378472,0.936584842270103,1.5624632,1.591646,1030,1047,train
911,0.9305655,0.9301236,0.92779064,0.9354261,0.9365712911516155,1.5623932,1.6070833,1030,1047,train
912,0.93048465,0.9305396,0.9309205,0.9363931,0.9366198923083277,1.5623219,1.5961726,1030,1047,train
913,0.9303772,0.9307741,0.93332666,0.93717104,0.9365552393679076,1.5622495,1.6041019,1030,1047,train
914,0.9302771,0.9292098,0.9244816,0.93404716,0.9365101149215438,1.5621759,1.6097199,1030,1047,train
915,0.9302363,0.92923415,0.9294174,0.9352187,0.9364236463328156,1.5621009,1.6028233,1030,1047,train
916,0.92909956,0.9314952,0.9296066,0.9366738,0.9364096732362865,1.5620246,1.5922259,1030,1047,train
917,0.93018216,0.93088377,0.93042344,0.9364554,0.9363375352639497,1.561947,1.5887667,1030,1047,train
918,0.9300352,0.9299239,0.93151844,0.9361433,0.9363605605791339,1.561868,1.5971189,1030,1047,train
919,0.9300218,0.9313015,0.9302807,0.93669844,0.936260648216712,1.5617876,1.5899279,1030,1047,train
920,0.92996836,0.93092227,0.9313607,0.93668544,0.936179060315351,1.5617057,1.5848265,1030,1047,train
921,0.92984635,0.93132615,0.929059,0.9364163,0.9361423470673579,1.5616223,1.589453,1030,1047,train
922,0.92973745,0.930416,0.9280356,0.93562365,0.9361023369773622,1.5615374,1.5977416,1030,1047,train
923,0.9295846,0.93090665,0.92989993,0.93641186,0.9360794214411647,1.5614508,1.6011401,1030,1047,train
924,0.92952484,0.92992467,0.92693824,0.9349891,0.935979383773846,1.5613626,1.5886413,1030,1047,train
925,0.9294563,0.9293008,0.9294158,0.93514407,0.9359047021362672,1.5612729,1.581506,1030,1047,train
926,0.9293644,0.93070287,0.93124104,0.9364953,0.9358080526735079,1.5611812,1.5814297,1030,1047,train
927,0.92931557,0.9309739,0.93079823,0.9366471,0.9357099943018905,1.5610878,1.5964752,1030,1047,train
928,0.92920554,0.92956257,0.92614937,0.9345933,0.9355936872370046,1.5609927,1.5940793,1030,1047,train
929,0.92913336,0.93013155,0.9300695,0.9357978,0.9355331733665689,1.5608957,1.5735795,1030,1047,train
930,0.92908084,0.9309801,0.9290458,0.9361885,0.935401693407357,1.5607966,1.5894694,1030,1047,train
931,0.928926,0.9305494,0.930385,0.9362494,0.9353004424617006,1.5606956,1.5924587,1030,1047,train
932,0.92891634,0.92836237,0.92918265,0.9344863,0.9352395601168603,1.5605927,1.5829132,1030,1047,train
933,0.9288204,0.9304564,0.93013716,0.93615204,0.9352382018103194,1.5604874,1.5966203,1030,1047,train
934,0.9287288,0.9266956,0.92574495,0.93267953,0.9351309385355444,1.56038,1.6022516,1030,1047,train
935,0.9286336,0.9304983,0.9301592,0.9362334,0.935047576376354,1.5602704,1.6054798,1030,1047,train
936,0.9285991,0.9298459,0.9277446,0.9352168,0.9350272152506783,1.5601584,1.603816,1030,1047,train
937,0.9284668,0.9249614,0.9278879,0.9321087,0.9348558909817407,1.560044,1.6088583,1030,1047,train
938,0.9283937,0.9308108,0.9282603,0.93600714,0.9347580641162971,1.5599272,1.6109498,1030,1047,train
939,0.9282977,0.93006325,0.9273212,0.93529016,0.9346572765515601,1.5598078,1.610127,1030,1047,train
940,0.92817134,0.9304509,0.9273025,0.9354378,0.934528885711171,1.5596857,1.59208,1030,1047,train
941,0.9282083,0.92931885,0.92935455,0.93520993,0.9343879450385028,1.5595609,1.5940117,1030,1047,train
942,0.9280032,0.9305185,0.9282807,0.93575895,0.9342631350522185,1.5594332,1.5994496,1030,1047,train
943,0.92779356,0.9264005,0.9241267,0.93199855,0.9342482358823914,1.5593026,1.5844722,1030,1047,train
944,0.9277022,0.92923415,0.9285902,0.93475986,0.9341048578821161,1.5591689,1.5558977,1030,1047,train
945,0.92755055,0.93024683,0.9278381,0.9353717,0.9341274125745564,1.5590322,1.5806302,1030,1047,train
946,0.92750794,0.92834187,0.9271501,0.93375105,0.9340966107710167,1.5588921,1.5411566,1030,1047,train
947,0.927368,0.9254581,0.92667127,0.93201226,0.9339743622602185,1.5587487,1.586268,1030,1047,train
948,0.9273079,0.92375135,0.9272139,0.93081915,0.9338468796572318,1.5586019,1.5470077,1030,1047,train
949,0.92717093,0.9290248,0.9284116,0.93467444,0.9337853120770145,1.5584513,1.5728848,1030,1047,train
950,0.9271076,0.92885584,0.9277868,0.934475,0.933738020443083,1.5582969,1.5840061,1030,1047,train
951,0.9268952,0.9291066,0.92569363,0.93423516,0.9336711110681122,1.5581387,1.6028087,1030,1047,train
952,0.92682755,0.92697465,0.9273987,0.9331096,0.9335918083066848,1.5579765,1.5748508,1030,1047,train
953,0.92669463,0.92915773,0.9275193,0.9344034,0.9335327122326782,1.5578101,1.5472198,1030,1047,train
954,0.9266308,0.9267603,0.9273531,0.93272775,0.9334582322253717,1.5576392,1.5328394,1030,1047,train
955,0.9265271,0.9302115,0.927745,0.9352303,0.9333878746415735,1.5574638,1.5632325,1030,1047,train
956,0.92638206,0.9283116,0.9285121,0.9342259,0.9334082838989214,1.5572836,1.5710884,1030,1047,train
957,0.9262629,0.9264801,0.9278691,0.9329721,0.9333695092474629,1.5570985,1.587491,1030,1047,train
958,0.92615145,0.92432845,0.92363226,0.93058765,0.9333377319941799,1.5569084,1.5941529,1030,1047,train
959,0.92597455,0.9275508,0.9264779,0.93312484,0.9333136783372014,1.5567127,1.5501857,1030,1047,train
960,0.92587143,0.9272533,0.9248806,0.9326634,0.933156082323887,1.5565116,1.5715858,1030,1047,train
961,0.9257527,0.9248697,0.9265046,0.93158877,0.9331064686037553,1.5563046,1.586038,1030,1047,train
962,0.925608,0.92934495,0.92532605,0.9342716,0.9330895098760211,1.5560915,1.5974784,1030,1047,train
963,0.9254799,0.92637897,0.9264717,0.932717,0.9329424901371214,1.5558721,1.6144252,1030,1047,train
964,0.92539483,0.92833364,0.9262711,0.9337067,0.9329481832940261,1.555646,1.5726347,1030,1047,train
965,0.925253,0.92871165,0.92724097,0.93416923,0.9328415488793728,1.5554129,1.5694667,1030,1047,train
966,0.92514855,0.92870677,0.92416906,0.9334834,0.9327634973024559,1.5551726,1.5804129,1030,1047,train
967,0.9250528,0.9297757,0.92567,0.93455523,0.9326896389714998,1.5549246,1.5831182,1030,1047,train
968,0.9248655,0.9242863,0.9248474,0.9306359,0.9326402934310922,1.5546687,1.5546064,1030,1047,train
969,0.92473763,0.92927253,0.9275194,0.93470436,0.9324629255868041,1.5544044,1.5882685,1030,1047,train
970,0.924676,0.92379415,0.921758,0.9296022,0.9324237658522669,1.5541312,1.560556,1030,1047,train
971,0.9245773,0.9246141,0.9262148,0.93111557,0.9323686305054881,1.5538487,1.5430429,1030,1047,train
972,0.9244034,0.9292544,0.9256569,0.93411994,0.9322519905839862,1.5535567,1.5661366,1030,1047,train
973,0.9242709,0.92906094,0.92489785,0.9338633,0.9321531057533113,1.5532542,1.5756528,1030,1047,train
974,0.9241377,0.92713845,0.9254291,0.9326467,0.9319932743329292,1.5529411,1.5580175,1030,1047,train
975,0.92399,0.9240784,0.92527324,0.93061745,0.9318942537247933,1.5526165,1.5570412,1030,1047,train
976,0.923948,0.9249368,0.9250591,0.93106914,0.9318318531538357,1.55228,1.5473125,1030,1047,train
977,0.92382,0.92798245,0.9251144,0.93287146,0.9317829625185504,1.5519307,1.5132492,1030,1047,train
978,0.9236643,0.92748475,0.9258779,0.93270504,0.9316686799135641,1.5515679,1.5081682,1030,1047,train
979,0.92353845,0.9252901,0.92585117,0.93122125,0.9315900280982036,1.551191,1.498589,1030,1047,train
980,0.92338246,0.9274725,0.92397606,0.93223155,0.9315092073091205,1.550799,1.5071614,1030,1047,train
981,0.92323726,0.9226916,0.9257775,0.9295094,0.9314289309583591,1.550391,1.4972386,1030,1047,train
982,0.9231041,0.9268857,0.92263997,0.93156654,0.9313828019896476,1.549966,1.5142322,1030,1047,train
983,0.9229248,0.92314327,0.92465895,0.9294188,0.931298125297533,1.549523,1.4767041,1030,1047,train
984,0.92280143,0.9251523,0.9240321,0.93061113,0.9310988786522838,1.5490606,1.4839689,1030,1047,train
985,0.922616,0.9263011,0.9243039,0.9315213,0.9309559243865031,1.5485778,1.5018692,1030,1047,train
986,0.9224654,0.9262526,0.92399883,0.9313684,0.9308064189723118,1.5480729,1.4932334,1030,1047,train
987,0.922348,0.9236405,0.92257285,0.92926073,0.9306608532065622,1.5475447,1.4810059,1030,1047,train
988,0.922207,0.92518914,0.92169726,0.9300899,0.9305556767747946,1.5469913,1.4875095,1030,1047,train
989,0.920944,0.9221494,0.9235279,0.92835206,0.9304332920194078,1.5464109,1.4498433,1030,1047,train
990,0.9219172,0.92594504,0.92549485,0.93148166,0.9303254687763507,1.5458015,1.4843624,1030,1047,train
991,0.9217445,0.92528284,0.92476237,0.9309289,0.9302872349828039,1.5451609,1.4941883,1030,1047,train
992,0.9216126,0.92506146,0.9244617,0.9307853,0.9302203412768517,1.5444866,1.5073807,1030,1047,train
993,0.9214699,0.9259082,0.92142344,0.9307813,0.9301938118555128,1.5437759,1.5402339,1030,1047,train
994,0.92129415,0.9262084,0.92340034,0.9314204,0.93003942312535,1.5430257,1.5340947,1030,1047,train
995,0.92115766,0.92384934,0.9205506,0.9293287,0.9300035287233178,1.5422326,1.5574017,1030,1047,train
996,0.921001,0.9246285,0.92373264,0.9306011,0.9297918466717484,1.541393,1.5568924,1030,1047,train
997,0.92084473,0.9257969,0.9242486,0.93131536,0.9296482072083929,1.5405025,1.5262948,1030,1047,train
998,0.92063516,0.9220282,0.92405105,0.9287345,0.9295659242187772,1.5395565,1.5104961,1030,1047,train
999,0.9205224,0.92232,0.9235979,0.9288634,0.9295413891627231,1.5385494,1.5194085,1030,1047,train
1000,0.92035663,0.924593,0.923606,0.9303503,0.9295414666788681,1.5374753,1.5211666,1030,1047,train
1001,0.920176,0.9223343,0.9239125,0.9290066,0.9293911390516182,1.5363272,1.5298743,1030,1047,train
1002,0.9200401,0.9226085,0.92032844,0.92819315,0.9292823030237287,1.5350972,1.507285,1030,1047,train
1003,0.9198462,0.9231715,0.9221574,0.92908704,0.9293080724706583,1.5337762,1.5229163,1030,1047,train
1004,0.91954416,0.9229624,0.922385,0.92911637,0.9292162397258156,1.5323538,1.5428412,1030,1047,train
1005,0.919525,0.9212853,0.92048097,0.9272832,0.929143245564328,1.5308176,1.4913183,1030,1047,train
1006,0.91933846,0.9243183,0.92196923,0.9297179,0.9289965144737025,1.5291537,1.5105978,1030,1047,train
1007,0.9191597,0.92114675,0.92258674,0.9277411,0.9288129244318407,1.5273454,1.498308,1030,1047,train
1008,0.91897273,0.9219507,0.91994894,0.9275986,0.9286636067448062,1.5253731,1.4935191,1030,1047,train
1009,0.9188128,0.9229642,0.92164767,0.92867726,0.9284582586409126,1.5232133,1.4953642,1030,1047,train
1010,0.9185943,0.92348194,0.92205155,0.9290634,0.9282471090740643,1.5208379,1.4867496,1030,1047,train
1011,0.91846955,0.92338973,0.9216038,0.9288283,0.9280369855687263,1.5182133,1.474613,1030,1047,train
1012,0.9182653,0.92109144,0.9222883,0.92733485,0.9278045921930982,1.5152978,1.4442742,1030,1047,train
1013,0.9180929,0.9230647,0.9220964,0.9285245,0.9274907691291855,1.5120405,1.436192,1030,1047,train
1014,0.9179021,0.92184055,0.92220736,0.92760885,0.9271877785388091,1.5083776,1.4093657,1030,1047,train
1015,0.91770065,0.92310035,0.9212428,0.9281042,0.9268996557059678,1.5042281,1.3932431,1030,1047,train
1016,0.9174949,0.9207108,0.9210645,0.92626196,0.9267098047570628,1.4994888,1.3482351,1030,1047,train
1017,0.9172962,0.9215888,0.9197433,0.92647886,0.9264146451172351,1.4940244,1.3421917,1030,1047,train
1018,0.9171781,0.92167544,0.9188223,0.9262011,0.9261222578811608,1.487655,1.3220226,1030,1047,train
1019,0.9168684,0.9218124,0.9200006,0.9264086,0.9258330538941286,1.4801364,1.2918525,1030,1047,train
1020,0.9167051,0.92169285,0.91966647,0.9263184,0.9256151787418918,1.4711276,1.3042271,1030,1047,train
1021,0.91646284,0.92273605,0.9195651,0.9270509,0.9252970269394238,1.4601392,1.3187139,1030,1047,train
1022,0.9163028,0.92136097,0.9183308,0.9257538,0.9250415301316813,1.4464413,1.2994657,1030,1047,train
1023,0.916016,0.92278725,0.91857344,0.92661446,0.9247987097774422,1.4288993,1.277066,1030,1047,train
1024,0.91579443,0.921607,0.9208996,0.9245444,0.9245391255888459,1.4056476,0.9383851,1030,1047,train
1025,0.91562384,0.9194813,0.9176481,0.9221249,0.9241988132846501,1.3734008,0.89230376,1030,1047,train
1026,0.9154236,0.9230897,0.9182495,0.9245881,0.9238722244729985,1.3258177,0.88795215,1030,1047,train
1027,0.9152078,0.9209673,0.91845477,0.92301136,0.9236073962799324,1.2490457,0.84267545,1030,1047,train
1028,0.9149639,0.9160043,0.9185765,0.91940707,0.9232545475632443,1.1071488,0.76745164,1030,1047,train
1029,0.9147562,0.92068344,0.9198036,0.9225992,0.9228421151307078,0.7853982,0.7418185,1030,1047,train
1030,0.9145362,0.91870534,0.9158399,0.9198081,0.92245600386845,-0.0,0.64178693,1030,1047,train
1031,0.91430455,0.9217764,0.9191594,0.9226974,0.921976351147163,-0.7853982,0.6588788,1030,1047,train
1032,0.9140681,0.91934955,0.91853356,0.9205872,0.9215753530142993,-1.1071488,0.58881044,1030,1047,train
1033,0.91387075,0.9199254,0.91843766,0.9206502,0.9211357658078078,-1.2490457,0.5363146,1030,1047,train
1034,0.91364694,0.9192863,0.91671336,0.9195392,0.920658130127735,-1.3258177,0.4852571,1030,1047,train
1035,0.91339207,0.91888094,0.9191594,0.9199843,0.9202224171907522,-1.3734008,0.50655997,1030,1047,train
1036,0.91317654,0.91969645,0.91725814,0.9202751,0.9197488437004064,-1.4056476,0.5470357,1030,1047,train
1037,0.91295636,0.91979986,0.9179231,0.92050296,0.9192901396011917,-1.4288993,0.5470436,1030,1047,train
1038,0.912647,0.9206771,0.91656923,0.9206818,0.9187329180305416,-1.4464413,0.53553534,1030,1047,train
1039,0.9124673,0.9202788,0.9173424,0.92062527,0.9182730361924727,-1.4601392,0.53826135,1030,1047,train
1040,0.9122503,0.9168372,0.9148313,0.9175417,0.9178457680883824,-1.4711276,0.493751,1030,1047,train
1041,0.9120128,0.9152243,0.9160496,0.9162963,0.9173139163034284,-1.4801364,0.403369,1030,1047,train
1042,0.91177636,0.9194952,0.91617465,0.9187505,0.9168160019443142,-1.487655,0.33984303,1030,1047,train
1043,0.9115302,0.9183589,0.9155481,0.918161,0.916302286751506,-1.4940244,0.39469033,1030,1047,train
1044,0.91130984,0.9187521,0.9156704,0.91767424,0.9157639300678032,-1.4994888,0.25313866,1030,1047,train
1045,0.9110395,0.9159008,0.9158467,0.9154168,0.9152248431843365,-1.5042281,0.17017484,1030,1047,train
1046,0.91077334,0.9173871,0.91595125,0.9160639,0.9147205167903181,-1.5083776,0.10710172,1030,1047,train
1047,0.91053647,0.91713256,0.9124436,0.9144875,0.9142496740861855,-1.5120405,0.0030612051,1030,1047,train
1048,0.91031647,0.916964,0.91528094,0.9141792,0.9137427615102325,-1.5152978,-0.16115928,1030,1047,train
1049,0.9100626,0.91479313,0.9135574,0.9112003,0.9133854965698595,-1.5182133,-0.3768056,1030,1047,train
1050,0.90980047,0.9177594,0.91536546,0.9128636,0.9128682592972927,-1.5208379,-0.5076389,1030,1047,train
1051,0.909568,0.9187649,0.91502184,0.9131582,0.9123361217491837,-1.5232133,-0.5592737,1030,1047,train
1052,0.9093094,0.91489434,0.9098357,0.9087374,0.9119095931604029,-1.5253731,-0.6839226,1030,1047,train
1053,0.909035,0.9147543,0.91513383,0.9095074,0.9114751995909778,-1.5273454,-0.76384807,1030,1047,train
1054,0.90879846,0.91938716,0.9124012,0.9114368,0.910912149447783,-1.5291537,-0.8421898,1030,1047,train
1055,0.908579,0.91814196,0.9117328,0.90985143,0.910486156937634,-1.5308176,-0.96039563,1030,1047,train
1056,0.90831935,0.9181496,0.9139824,0.910326,0.9099827976512195,-1.5323538,-0.9746696,1030,1047,train
1057,0.90801686,0.91625273,0.91495633,0.9093789,0.9095975546424195,-1.5337762,-0.9658743,1030,1047,train
1058,0.9078054,0.91420984,0.9142854,0.9079608,0.9092532569842019,-1.5350972,-0.9530047,1030,1047,train
1059,0.90749574,0.9158665,0.91147923,0.90818644,0.90887556331969,-1.5363272,-0.985415,1030,1047,train
1060,0.9071873,0.915185,0.9096351,0.9070789,0.9084520727235846,-1.5374753,-1.0278522,1030,1047,train
1061,0.90692794,0.916289,0.9120528,0.9083013,0.9080967965402678,-1.5385494,-1.0426869,1030,1047,train
1062,0.90665823,0.9143318,0.9134463,0.9073135,0.9077908179519971,-1.5395565,-1.0538073,1030,1047,train
1063,0.90638506,0.9170497,0.91216063,0.90896904,0.907534424911756,-1.5405025,-1.0139619,1030,1047,train
1064,0.9061186,0.9143665,0.9108491,0.90672797,0.9073314117103639,-1.541393,-1.049959,1030,1047,train
1065,0.90587074,0.9110442,0.91122794,0.9043124,0.9071479977930788,-1.5422326,-1.1189461,1030,1047,train
1066,0.9055597,0.9174069,0.91057175,0.90824014,0.9068261198112854,-1.5430257,-1.1252053,1030,1047,train
1067,0.9052655,0.912763,0.9113144,0.9052511,0.9065360496850192,-1.5437759,-1.156736,1030,1047,train
1068,0.90499425,0.9133774,0.9117036,0.905766,0.9063174802100223,-1.5444866,-1.1522241,1030,1047,train
1069,0.9046455,0.9152814,0.90925145,0.9063457,0.9061390374516092,-1.5451609,-1.1638635,1030,1047,train
1070,0.9043362,0.91597164,0.909801,0.90685254,0.9059780298989675,-1.5458015,-1.1780044,1030,1047,train
1071,0.90406525,0.91455853,0.9102739,0.90598595,0.9057352827676215,-1.5464109,-1.190878,1030,1047,train
1072,0.9037758,0.915454,0.9082835,0.9061338,0.9055534447882878,-1.5469913,-1.1812727,1030,1047,train
1073,0.9034649,0.9161699,0.9086377,0.9067918,0.9053107961708681,-1.5475447,-1.1601006,1030,1047,train
1074,0.9031402,0.91104984,0.90784645,0.90312606,0.9051692647535129,-1.5480729,-1.191302,1030,1047,train
1075,0.9027603,0.9167012,0.9088491,0.9071092,0.9049585501160154,-1.5485778,-1.1751766,1030,1047,train
1076,0.90246564,0.9152541,0.90712523,0.905784,0.9048066565522007,-1.5490606,-1.1696881,1030,1047,train
1077,0.90211695,0.91341794,0.9097123,0.90520304,0.9046618860154775,-1.549523,-1.173176,1030,1047,train
1078,0.90176624,0.91380346,0.9063519,0.90453917,0.9043779205340424,-1.549966,-1.1928097,1030,1047,train
1079,0.9014106,0.9153397,0.90660876,0.905614,0.9042245111742526,-1.550391,-1.1892288,1030,1047,train
1080,0.90110135,0.91339636,0.9073839,0.90455246,0.9040831344260162,-1.550799,-1.1874952,1030,1047,train
1081,0.90075874,0.9149079,0.9046159,0.9048756,0.9038861308022811,-1.551191,-1.1847705,1030,1047,train
1082,0.9004634,0.91342676,0.90640557,0.90436393,0.903678947430481,-1.5515679,-1.181989,1030,1047,train
1083,0.89973885,0.9104856,0.90244305,0.9013372,0.903466190763154,-1.5519307,-1.2141929,1030,1047,train
1084,0.89943844,0.9116962,0.9057906,0.9027957,0.9032669757637604,-1.55228,-1.2403684,1030,1047,train
1085,0.8990905,0.9147007,0.9013668,0.9037729,0.9029288363039641,-1.5526165,-1.220432,1030,1047,train
1086,0.898748,0.9108819,0.9072107,0.90246844,0.9025577140957536,-1.5529411,-1.2684003,1030,1047,train
1087,0.8983276,0.91094315,0.90404564,0.90164906,0.9023016837731797,-1.5532542,-1.2867714,1030,1047,train
1088,0.89798397,0.91103387,0.90086675,0.90078604,0.9019432571882466,-1.5535567,-1.3168163,1030,1047,train
1089,0.8976325,0.9088392,0.9031044,0.8997508,0.9016043490649317,-1.5538487,-1.3474739,1030,1047,train
1090,0.89722306,0.9093938,0.9021988,0.89968973,0.9013026122957699,-1.5541312,-1.3870032,1030,1047,train
1091,0.89680094,0.9124683,0.90325856,0.90203166,0.9008777911291496,-1.5544044,-1.3679544,1030,1047,train
1092,0.89637256,0.9100833,0.9021095,0.90018916,0.9006721548562601,-1.5546687,-1.3722467,1030,1047,train
1093,0.8960085,0.91163754,0.90085816,0.90082574,0.9003271161422925,-1.5549246,-1.3853079,1030,1047,train
1094,0.89562947,0.91028875,0.9000907,0.899759,0.8998526965262862,-1.5551726,-1.3870273,1030,1047,train
1095,0.8952585,0.90930486,0.90164554,0.8994666,0.899506625522893,-1.5554129,-1.3932884,1030,1047,train
1096,0.89486235,0.91113657,0.90163517,0.9007285,0.8991703459793984,-1.555646,-1.3776271,1030,1047,train
1097,0.8944674,0.9116797,0.89773977,0.90007865,0.8988239426000173,-1.5558721,-1.389381,1030,1047,train
1098,0.8940976,0.91285837,0.8994993,0.901428,0.8984780813435718,-1.5560915,-1.3576193,1030,1047,train
1099,0.8936624,0.90843964,0.89852,0.8983032,0.8981088709581564,-1.5563046,-1.3634146,1030,1047,train
1100,0.89281917,0.9082266,0.89685833,0.89771265,0.8977325002402621,-1.5565116,-1.3734889,1030,1047,train
1101,0.89245236,0.9070782,0.89868045,0.89730614,0.8974442148970425,-1.5567127,-1.3939769,1030,1047,train
1102,0.89205384,0.9066909,0.90062094,0.8975797,0.8970737719285076,-1.5569084,-1.3831413,1030,1047,train
1103,0.89163613,0.9090309,0.89581716,0.8978642,0.896769188286576,-1.5570985,-1.3965383,1030,1047,train
1104,0.8907912,0.90352535,0.89365625,0.89353365,0.8963759077664661,-1.5572836,-1.4455099,1030,1047,train
1105,0.89038414,0.904907,0.89394987,0.89442724,0.8959568127202833,-1.5574638,-1.4594944,1030,1047,train
1106,0.8899893,0.9057065,0.89172816,0.89434075,0.8956255970226452,-1.5576392,-1.4726937,1030,1047,train
1107,0.88955384,0.90572387,0.89398885,0.8948241,0.8951855929387109,-1.5578101,-1.4873867,1030,1047,train
1108,0.88913465,0.90456045,0.8929603,0.89374405,0.894780741107495,-1.5579765,-1.5031106,1030,1047,train
1109,0.8886706,0.90113103,0.8912447,0.8910667,0.8943114365147957,-1.5581387,-1.5122445,1030,1047,train
1110,0.88830054,0.9075923,0.89142495,0.89536893,0.893903862516272,-1.5582969,-1.4960704,1030,1047,train
1111,0.8878675,0.9063092,0.8943304,0.8951625,0.8934797217328443,-1.5584513,-1.5117105,1030,1047,train
1112,0.8874344,0.90352285,0.888783,0.89204866,0.8931648147119766,-1.5586019,-1.5061579,1030,1047,train
1113,0.8869769,0.9058479,0.8909224,0.89413834,0.8927382228274343,-1.5587487,-1.4923455,1030,1047,train
1114,0.8865369,0.90752554,0.89048684,0.89521855,0.8922015492199147,-1.5588921,-1.4723855,1030,1047,train
1115,0.88611937,0.9020843,0.8903217,0.89160466,0.8917758293244996,-1.5590322,-1.4834757,1030,1047,train
1116,0.8852289,0.904124,0.88888097,0.8926537,0.8913146727052371,-1.5591689,-1.4679223,1030,1047,train
1117,0.88477045,0.89896387,0.8851366,0.88837504,0.8909383945042173,-1.5593026,-1.4755547,1030,1047,train
1118,0.8843158,0.90068895,0.8840655,0.88923454,0.8904900571268808,-1.5594332,-1.4749062,1030,1047,train
1119,0.88387436,0.90569806,0.88812417,0.893656,0.8900238473179367,-1.5595609,-1.434798,1030,1047,train
1120,0.8834456,0.90022516,0.88671625,0.8896541,0.8895368006032706,-1.5596857,-1.4592384,1030,1047,train
1121,0.8829853,0.8992536,0.88846684,0.8894142,0.8891790903136356,-1.5598078,-1.4661435,1030,1047,train
1122,0.88252175,0.8997352,0.8832357,0.8884569,0.8888018462308838,-1.5599272,-1.467126,1030,1047,train
1123,0.88208705,0.89919204,0.88345647,0.8880871,0.8882787394014193,-1.560044,-1.4814365,1030,1047,train
1124,0.88160765,0.9004817,0.88512033,0.8893404,0.887965204065027,-1.5601584,-1.4778817,1030,1047,train
1125,0.88117564,0.89573026,0.8810958,0.88528746,0.887401803839556,-1.5602704,-1.4799311,1030,1047,train
1126,0.88072366,0.89611554,0.8810789,0.8854443,0.8869711711775428,-1.56038,-1.4974457,1030,1047,train
1127,0.8802798,0.89791876,0.8811916,0.88661486,0.8865581071779758,-1.5604874,-1.5017712,1030,1047,train
1128,0.87988865,0.89375305,0.87873906,0.8832637,0.885902655045262,-1.5605927,-1.5152142,1030,1047,train
1129,0.87937796,0.89631677,0.8788899,0.8849479,0.8853447562749058,-1.5606956,-1.5169063,1030,1047,train
1130,0.8789053,0.89776826,0.8825661,0.88677496,0.8848901859317638,-1.5607966,-1.5166227,1030,1047,train
1131,0.8784877,0.8933946,0.8766453,0.88252354,0.8843406995505478,-1.5608957,-1.5158272,1030,1047,train
1132,0.87799865,0.89797235,0.88010097,0.88637555,0.883868675690511,-1.5609927,-1.503869,1030,1047,train
1133,0.8774995,0.8959577,0.87920094,0.88487065,0.8834990734797217,-1.5610878,-1.5010546,1030,1047,train
1134,0.8770866,0.89486873,0.87752557,0.88377315,0.8829156562056991,-1.5611812,-1.4989475,1030,1047,train
1135,0.8765921,0.8941462,0.87443525,0.8826513,0.8822740832661086,-1.5612729,-1.48085,1030,1047,train
1136,0.8761773,0.89493126,0.8781462,0.8841276,0.8819163370832692,-1.5613626,-1.4662927,1030,1047,train
1137,0.87571895,0.88826656,0.8743843,0.8788038,0.8815582589065142,-1.5614508,-1.4883587,1030,1047,train
1138,0.87528574,0.89131093,0.8755791,0.88112783,0.8810677964051717,-1.5615374,-1.4745185,1030,1047,train
1139,0.8748061,0.8949063,0.8771726,0.88383937,0.8806100649002828,-1.5616223,-1.4736629,1030,1047,train
1140,0.8743365,0.88848555,0.8728237,0.87858826,0.8802042604586126,-1.5617057,-1.4844483,1030,1047,train
1141,0.8739124,0.88853294,0.87373865,0.8788351,0.8797137672716664,-1.5617876,-1.4853622,1030,1047,train
1142,0.87302375,0.8881259,0.87030613,0.87770677,0.879220821921637,-1.561868,-1.4927608,1030,1047,train
1143,0.87252355,0.88728,0.87362856,0.8778484,0.8787254244085417,-1.561947,-1.5154848,1030,1047,train
1144,0.8721319,0.8896703,0.87112737,0.87879354,0.8782275747323804,-1.5620246,-1.514405,1030,1047,train
1145,0.8716465,0.88897014,0.87156916,0.87830764,0.8777272728931532,-1.5621009,-1.5424491,1030,1047,train
1146,0.8712257,0.88236123,0.86737967,0.87297195,0.8772245188908602,-1.5621759,-1.5542935,1030,1047,train
1147,0.8707839,0.8842279,0.86737573,0.8741214,0.8767193127255011,-1.5622495,-1.5651442,1030,1047,train
1148,0.8703237,0.8901905,0.8688226,0.87843627,0.876211654397076,-1.5623219,-1.5417546,1030,1047,train
1149,0.86986095,0.8816728,0.86865747,0.87281895,0.8757015439055852,-1.5623932,-1.5577196,1030,1047,train
1150,0.86940736,0.88887715,0.87187445,0.8783232,0.8751889812510284,-1.5624632,-1.5420581,1030,1047,train
1151,0.86897564,0.8837498,0.8647494,0.87323236,0.8746739664334056,-1.5625321,-1.554538,1030,1047,train
1152,0.86848867,0.8807566,0.8660987,0.8716665,0.8741564994527169,-1.5625998,-1.5465503,1030,1047,train
1153,0.8681116,0.89277375,0.86983824,0.8804777,0.8736365803089623,-1.5626664,-1.5161895,1030,1047,train
1154,0.8676119,0.8898127,0.8706155,0.8786556,0.8731142090021417,-1.562732,-1.5356423,1030,1047,train
1155,0.8671949,0.87951064,0.8660311,0.87083083,0.8725893855322552,-1.5627965,-1.5496751,1030,1047,train
1156,0.8667742,0.884328,0.8678831,0.87436277,0.8720621098993028,-1.56286,-1.5542512,1030,1047,train
1157,0.86634076,0.881174,0.8642837,0.87136096,0.8715323821032844,-1.5629225,-1.574028,1030,1047,train
1158,0.8659176,0.8758959,0.8632934,0.86764127,0.8710002021442002,-1.562984,-1.5894902,1030,1047,train
1159,0.86550623,0.88294566,0.868628,0.87342066,0.8704655700220499,-1.5630445,-1.600332,1030,1047,train
1160,0.86505556,0.8821826,0.86761093,0.8726044,0.8699284857368338,-1.5631042,-1.616137,1030,1047,train
1161,0.8646308,0.875508,0.8619447,0.86684215,0.8693889492885517,-1.5631629,-1.6346054,1030,1047,train
1162,0.86425406,0.87512255,0.8607218,0.86618733,0.8688469606772037,-1.5632207,-1.6571262,1030,1047,train
1163,0.8599255,0.8777441,0.85730886,0.8670117,0.8683025199027898,-1.5632777,-1.6658258,1030,1047,train
1164,0.8595316,0.87826586,0.8588301,0.86768574,0.86775562696531,-1.5633337,-1.67168,1030,1047,train
1165,0.85826826,0.8762009,0.8625641,0.86723495,0.8672062818647641,-1.5633891,-1.675635,1030,1047,train
