cycle_index,true_soh,pred_soh_deepopinn,pred_soh_lax,pred_soh_fusion_raw,pred_soh_fusion_post,true_kpd,pred_kpd,true_knee_cycle,pred_knee_cycle,split
0,0.92486894,0.90477186,0.9047639,0.90531147,0.8965710845681999,1.5699847,1.6202248,1232,1171,valid
1,0.9250216,0.8935475,0.89578635,0.894694,0.8963849647653955,1.569984,1.5908377,1232,1171,valid
2,0.9241037,0.89370155,0.8990434,0.8954321,0.896199625525749,1.5699834,1.5974674,1232,1171,valid
3,0.9233244,0.89403254,0.9000037,0.8959336,0.8960150668492606,1.5699826,1.5911515,1232,1171,valid
4,0.9225661,0.89296544,0.89666885,0.89426994,0.8958312887359301,1.569982,1.61126,1232,1171,valid
5,0.9215748,0.89237714,0.8933643,0.8930968,0.8956482911857577,1.5699813,1.6161847,1232,1171,valid
6,0.92098445,0.893226,0.8980273,0.8947772,0.8954660741987432,1.5699806,1.6077121,1232,1171,valid
7,0.9202929,0.8923514,0.8931984,0.8931497,0.8952846377748868,1.56998,1.6000315,1232,1171,valid
8,0.91929597,0.89325535,0.8977207,0.8948098,0.8951039819141882,1.5699793,1.5969865,1232,1171,valid
9,0.91858464,0.89294004,0.89309466,0.8935133,0.8949241066166477,1.5699787,1.6132922,1232,1171,valid
10,0.91792315,0.89521265,0.89914095,0.8966864,0.8947450118822652,1.569978,1.5941346,1232,1171,valid
11,0.9170242,0.89267635,0.8931978,0.8933123,0.8945666977110406,1.5699773,1.6148481,1232,1171,valid
12,0.91638786,0.8923985,0.895817,0.89372647,0.8943891641029741,1.5699767,1.5986037,1232,1171,valid
13,0.9156798,0.8914465,0.89275265,0.89228284,0.8942124110580655,1.569976,1.6076015,1232,1171,valid
14,0.9149796,0.8934718,0.8958969,0.8946313,0.8940364385763149,1.5699753,1.5944896,1232,1171,valid
15,0.9143951,0.8930919,0.8951081,0.8941835,0.8938612466577223,1.5699747,1.5919957,1232,1171,valid
16,0.9136743,0.8937097,0.89643645,0.8948895,0.8936868353022877,1.569974,1.6008141,1232,1171,valid
17,0.91301596,0.8919327,0.8971553,0.89362293,0.893513204510011,1.5699732,1.5986559,1232,1171,valid
18,0.9117368,0.8924903,0.8968096,0.89401776,0.8933403542808924,1.5699726,1.5960644,1232,1171,valid
19,0.91111124,0.89094865,0.8946049,0.8922639,0.8931682846149317,1.5699719,1.6066892,1232,1171,valid
20,0.91055965,0.89103246,0.8961433,0.8927124,0.8929969955121291,1.5699712,1.5961125,1232,1171,valid
21,0.9098664,0.89077914,0.89576375,0.8923781,0.8928264869724843,1.5699706,1.6042742,1232,1171,valid
22,0.9087539,0.88986826,0.89062107,0.89054424,0.8926567589959977,1.5699699,1.6136472,1232,1171,valid
23,0.90819657,0.8912935,0.8965476,0.89295685,0.892487811582669,1.5699692,1.6031823,1232,1171,valid
24,0.9074607,0.890874,0.8949394,0.89233375,0.8923196447324983,1.5699685,1.5973144,1232,1171,valid
25,0.9070128,0.8913666,0.89442134,0.89258695,0.8921522584454684,1.5699679,1.6029632,1232,1171,valid
26,0.9065785,0.8907361,0.89395964,0.8920407,0.8923199313186652,1.5699672,1.5949106,1232,1171,valid
27,0.9059814,0.8929237,0.8990344,0.8948339,0.8921375237017819,1.5699664,1.5932575,1232,1171,valid
28,0.9055114,0.88848627,0.8886411,0.8889621,0.8918614001011369,1.5699657,1.6244195,1232,1171,valid
29,0.9051416,0.89113915,0.8932256,0.8921184,0.891724041608351,1.5699651,1.6096196,1232,1171,valid
30,0.9045172,0.8908657,0.8939713,0.8920942,0.8915442455940431,1.5699644,1.6029024,1232,1171,valid
31,0.90407753,0.89167684,0.89896077,0.8938564,0.891256764424124,1.5699637,1.5875099,1232,1171,valid
32,0.9036126,0.8902079,0.8950522,0.89172184,0.8910306232853307,1.569963,1.612364,1232,1171,valid
33,0.9030651,0.89108706,0.8989842,0.8933008,0.8908505034572367,1.5699623,1.6006107,1232,1171,valid
34,0.90251076,0.88898844,0.8934558,0.89034545,0.8906729370500565,1.5699615,1.6235518,1232,1171,valid
35,0.90201056,0.888746,0.8911771,0.88967603,0.8906141062531036,1.569961,1.625601,1232,1171,valid
36,0.9016555,0.8900559,0.89371485,0.8913076,0.8905285547083439,1.5699602,1.6156433,1232,1171,valid
37,0.90118766,0.8894162,0.89282864,0.8906231,0.8903891917813829,1.5699595,1.6143663,1232,1171,valid
38,0.9006441,0.8883594,0.8897524,0.8890814,0.8902312990517214,1.5699588,1.6249721,1232,1171,valid
39,0.90027016,0.8875445,0.8881514,0.8881082,0.8900433359725071,1.5699581,1.6241467,1232,1171,valid
40,0.89972705,0.8875605,0.8880008,0.8880749,0.8898866807267525,1.5699574,1.6265113,1232,1171,valid
41,0.89936864,0.88807493,0.88935995,0.8888873,0.8897883815860681,1.5699567,1.6078248,1232,1171,valid
42,0.89893407,0.8878423,0.8900485,0.88884,0.8897027483061661,1.569956,1.6077747,1232,1171,valid
43,0.898504,0.88813263,0.8896787,0.8890122,0.8895717212796107,1.5699552,1.6056893,1232,1171,valid
44,0.8980228,0.8905395,0.897305,0.8925511,0.8895424205966854,1.5699546,1.5961766,1232,1171,valid
45,0.89753574,0.8896661,0.8954649,0.89148074,0.8894540849321856,1.5699539,1.5957127,1232,1171,valid
46,0.896437,0.89089704,0.89615405,0.892592,0.8893166754523103,1.5699532,1.5981905,1232,1171,valid
47,0.89588886,0.88809955,0.8909917,0.8892077,0.8892596861471291,1.5699525,1.6122646,1232,1171,valid
48,0.8955254,0.8880732,0.8892517,0.8888,0.8891128617849348,1.5699518,1.6174552,1232,1171,valid
49,0.895046,0.8864523,0.8826537,0.88608706,0.8891291939220304,1.569951,1.628716,1232,1171,valid
50,0.8946507,0.8864057,0.8827063,0.88606226,0.8891288263562291,1.5699503,1.6284075,1232,1171,valid
51,0.89421755,0.8863528,0.88338345,0.88616043,0.8891101431845362,1.5699496,1.627873,1232,1171,valid
52,0.89379984,0.8876062,0.8873843,0.8880636,0.8889774239917145,1.5699489,1.6149304,1232,1171,valid
53,0.89343613,0.89115244,0.8940426,0.8923272,0.8889544446980289,1.5699482,1.6046588,1232,1171,valid
54,0.89304656,0.88795173,0.8889299,0.88868606,0.8886523937222444,1.5699475,1.6101,1232,1171,valid
55,0.89264786,0.8878085,0.88893783,0.88859373,0.8885208076711119,1.5699468,1.6069205,1232,1171,valid
56,0.89223576,0.8899253,0.8935982,0.8912153,0.888318862005662,1.5699459,1.610182,1232,1171,valid
57,0.8918491,0.88985354,0.8942046,0.89129376,0.8882851064435857,1.5699452,1.6081638,1232,1171,valid
58,0.8914478,0.8877374,0.8883306,0.88833314,0.8881286892464885,1.5699445,1.6190617,1232,1171,valid
59,0.8911191,0.88876486,0.8925071,0.89005095,0.8880221599868008,1.5699438,1.6119468,1232,1171,valid
60,0.89074165,0.8849147,0.8818308,0.88458234,0.8878507369312211,1.5699431,1.6441108,1232,1171,valid
61,0.8903138,0.8880336,0.8883867,0.8886221,0.8878781024673836,1.5699424,1.61309,1232,1171,valid
62,0.89001447,0.8872405,0.8854778,0.88734466,0.8878418829770908,1.5699416,1.6208363,1232,1171,valid
63,0.8895834,0.8878461,0.88770735,0.88839453,0.8878542414734515,1.5699409,1.6039482,1232,1171,valid
64,0.8893164,0.8878226,0.88597524,0.8879798,0.8877293503825119,1.5699402,1.6107744,1232,1171,valid
65,0.88891536,0.88741875,0.8945075,0.88950884,0.8875513224953239,1.5699394,1.5916808,1232,1171,valid
66,0.8886558,0.8866372,0.8881057,0.88750416,0.8873996908455156,1.5699387,1.6039196,1232,1171,valid
67,0.88823855,0.88629985,0.89224494,0.8881437,0.8871841499949948,1.569938,1.5929523,1232,1171,valid
68,0.8878851,0.887024,0.89318466,0.88891184,0.887051657615472,1.5699372,1.5935194,1232,1171,valid
69,0.8875854,0.88540643,0.8859373,0.8861104,0.8869716516626148,1.5699365,1.5987468,1232,1171,valid
70,0.88725877,0.8854715,0.886516,0.88627505,0.8868352064389762,1.5699358,1.5994778,1232,1171,valid
71,0.88702714,0.88692605,0.8914424,0.888452,0.886758264581225,1.569935,1.597829,1232,1171,valid
72,0.8866228,0.8855187,0.88307935,0.88542044,0.8866644378302185,1.5699342,1.6290938,1232,1171,valid
73,0.8862673,0.8852546,0.88743424,0.8862852,0.8864191276046419,1.5699335,1.5997009,1232,1171,valid
74,0.88602066,0.8835652,0.8768502,0.88264555,0.8863505405146523,1.5699328,1.6204262,1232,1171,valid
75,0.885633,0.8822275,0.8782251,0.88188565,0.8860113451714469,1.569932,1.6148343,1232,1171,valid
76,0.8808648,0.88296854,0.8760127,0.8820417,0.8857909783104145,1.5699313,1.6135563,1232,1171,valid
77,0.8850779,0.8846457,0.88297737,0.8849969,0.8856714263721234,1.5699306,1.5840788,1232,1171,valid
78,0.8846852,0.8838643,0.88217986,0.88419694,0.8854746385382907,1.5699297,1.5856203,1232,1171,valid
79,0.8843684,0.88616896,0.8913151,0.88797235,0.8853695148109131,1.569929,1.5745581,1232,1171,valid
80,0.88407266,0.8848649,0.8842139,0.885411,0.8852912872862798,1.5699283,1.5859611,1232,1171,valid
81,0.8837033,0.8866119,0.89069366,0.88820654,0.885223324024667,1.5699276,1.5739403,1232,1171,valid
82,0.8834798,0.8849505,0.881217,0.88485426,0.885004252629391,1.5699267,1.5887574,1232,1171,valid
83,0.8832737,0.8860712,0.88875926,0.88741106,0.8849178447226707,1.569926,1.5693446,1232,1171,valid
84,0.88287294,0.8865601,0.89038634,0.888137,0.8846402371663175,1.5699252,1.5687733,1232,1171,valid
85,0.882437,0.8867389,0.8898071,0.88819826,0.8843956612825472,1.5699245,1.5635281,1232,1171,valid
86,0.8822005,0.88212097,0.87164295,0.88053274,0.8841445258434231,1.5699238,1.6047537,1232,1171,valid
87,0.88187873,0.8829155,0.8835365,0.8837875,0.8840453053304163,1.5699229,1.5737936,1232,1171,valid
88,0.8815759,0.8819855,0.8751539,0.8811367,0.8837486251558359,1.5699222,1.6045727,1232,1171,valid
89,0.8813543,0.8830024,0.88304186,0.8837766,0.8835133207854284,1.5699215,1.570873,1232,1171,valid
90,0.88102746,0.8835664,0.8827942,0.8842337,0.8834385640847986,1.5699207,1.5627506,1232,1171,valid
91,0.8807084,0.8824631,0.88007104,0.88276976,0.8834034172904506,1.56992,1.5665587,1232,1171,valid
92,0.8804675,0.8836366,0.8884981,0.8854456,0.8832741097044602,1.5699191,1.562719,1232,1171,valid
93,0.8800858,0.88196564,0.8799588,0.88234395,0.8831449069953194,1.5699184,1.5670183,1232,1171,valid
94,0.8800469,0.88090825,0.8734813,0.88002914,0.8829656942422094,1.5699176,1.5898418,1232,1171,valid
95,0.87957036,0.88354206,0.8886888,0.8855121,0.8829345551146413,1.5699168,1.5470674,1232,1171,valid
96,0.8791228,0.8825542,0.8810572,0.8830498,0.8828321444374871,1.569916,1.5655069,1232,1171,valid
97,0.8788649,0.88042355,0.8786887,0.88090754,0.8827475239005647,1.5699153,1.5577997,1232,1171,valid
98,0.8785151,0.8845537,0.8893477,0.88640505,0.8825803469127929,1.5699145,1.5551221,1232,1171,valid
99,0.878346,0.8810506,0.8726531,0.8799805,0.882320187554023,1.5699137,1.5891159,1232,1171,valid
100,0.87795234,0.8842,0.8891336,0.8861379,0.8820455499990087,1.5699129,1.546021,1232,1171,valid
101,0.8777078,0.88113403,0.8799671,0.8816927,0.8818302385836403,1.5699122,1.5646363,1232,1171,valid
102,0.87748456,0.87909114,0.86649764,0.8771413,0.88159444621227,1.5699114,1.5913188,1232,1171,valid
103,0.87718683,0.8802808,0.87812954,0.8805817,0.8813966024518256,1.5699106,1.5725193,1232,1171,valid
104,0.8769459,0.88130796,0.880018,0.8817758,0.8812250199964498,1.5699098,1.5747365,1232,1171,valid
105,0.8766457,0.8789472,0.86679393,0.8770558,0.8809861707407466,1.569909,1.5957925,1232,1171,valid
106,0.8763307,0.87748885,0.8652523,0.87556446,0.8808058588152895,1.5699083,1.5965614,1232,1171,valid
107,0.87609863,0.8816879,0.8851366,0.88320106,0.8807233740698441,1.5699074,1.5622756,1232,1171,valid
108,0.87566185,0.87943846,0.8755226,0.8793823,0.8805586429772817,1.5699066,1.5715294,1232,1171,valid
109,0.87539184,0.88202304,0.88428223,0.88331413,0.8805900942485513,1.5699059,1.5597731,1232,1171,valid
110,0.8751519,0.88285714,0.88829416,0.8847741,0.8805905634928646,1.569905,1.5632629,1232,1171,valid
111,0.8749196,0.87940264,0.8774891,0.8797096,0.8805752459767087,1.5699042,1.5779266,1232,1171,valid
112,0.8746546,0.8783456,0.87340534,0.8780233,0.88037945049291,1.5699035,1.579124,1232,1171,valid
113,0.8744974,0.8822123,0.88529414,0.8835834,0.8800748959343838,1.5699027,1.5729994,1232,1171,valid
114,0.8742057,0.88247186,0.88245285,0.883219,0.8797479063652349,1.5699018,1.5726346,1232,1171,valid
115,0.87395215,0.87743735,0.8747572,0.87754196,0.8794025971035044,1.5699011,1.5828544,1232,1171,valid
116,0.8737009,0.877354,0.8749462,0.8775382,0.879199075768769,1.5699003,1.5790857,1232,1171,valid
117,0.8734864,0.8787526,0.8750278,0.878689,0.8788707639374924,1.5698994,1.5777385,1232,1171,valid
118,0.87325156,0.87945306,0.87621725,0.8794083,0.8787805983567998,1.5698986,1.5905886,1232,1171,valid
119,0.8730561,0.8817587,0.88221365,0.8825344,0.8785831762571285,1.5698979,1.5820773,1232,1171,valid
120,0.87283486,0.8768852,0.86400664,0.87477916,0.8781696328647034,1.569897,1.6035924,1232,1171,valid
121,0.8726103,0.8784448,0.86647785,0.876675,0.8779753568274941,1.5698962,1.5826132,1232,1171,valid
122,0.8723175,0.880105,0.8675447,0.8782044,0.877845986840845,1.5698954,1.5860453,1232,1171,valid
123,0.8721497,0.8802304,0.8663441,0.8780539,0.8776563085144115,1.5698947,1.5872345,1232,1171,valid
124,0.87177455,0.88089323,0.88477725,0.8824086,0.8776750704848245,1.5698938,1.57443,1232,1171,valid
125,0.8716349,0.8780561,0.881684,0.8794998,0.8775719238295677,1.569893,1.5744548,1232,1171,valid
126,0.87139815,0.87582,0.87333035,0.8759312,0.8775988508046665,1.5698922,1.5858351,1232,1171,valid
127,0.8711281,0.8754642,0.87308615,0.8755853,0.8774409428582627,1.5698913,1.5873468,1232,1171,valid
128,0.8709164,0.87645155,0.87423766,0.87646574,0.8770960120993248,1.5698905,1.6095752,1232,1171,valid
129,0.87080365,0.87434053,0.8710388,0.87411976,0.8769130333193028,1.5698897,1.6092887,1232,1171,valid
130,0.87057143,0.87917745,0.88178176,0.880256,0.8768810621528004,1.5698888,1.599381,1232,1171,valid
131,0.87036663,0.8759889,0.8747882,0.8761734,0.8765100137804189,1.5698881,1.6143429,1232,1171,valid
132,0.87009966,0.87539256,0.8749504,0.87577206,0.8761317607349091,1.5698873,1.6074532,1232,1171,valid
133,0.8698198,0.87540257,0.8731556,0.875275,0.8758278582727167,1.5698864,1.6286824,1232,1171,valid
134,0.869577,0.8749273,0.85378623,0.87076247,0.8754028020640656,1.5698856,1.6586751,1232,1171,valid
135,0.86940825,0.87273145,0.8686923,0.87226766,0.8754215526006583,1.5698848,1.6214147,1232,1171,valid
136,0.86911297,0.87495685,0.8642827,0.87301236,0.8752811540023232,1.569884,1.6442914,1232,1171,valid
137,0.8688297,0.873425,0.8594562,0.8708415,0.8750666534687989,1.5698831,1.6379716,1232,1171,valid
138,0.8686177,0.87595826,0.87920886,0.8772159,0.874779633935497,1.5698823,1.5886393,1232,1171,valid
139,0.8684295,0.8751866,0.873563,0.8753073,0.8745264508745154,1.5698814,1.6101029,1232,1171,valid
140,0.86820686,0.87811124,0.8786058,0.87874305,0.8743877917181683,1.5698806,1.6011162,1232,1171,valid
141,0.8678688,0.87516725,0.8717284,0.8748722,0.8740280164851605,1.5698798,1.6172447,1232,1171,valid
142,0.8675998,0.8774129,0.8778244,0.8780109,0.8736701531303007,1.5698789,1.6029032,1232,1171,valid
143,0.86748546,0.8754542,0.86150265,0.87296546,0.8734031438384514,1.5698781,1.6267195,1232,1171,valid
144,0.8673145,0.8737567,0.8702496,0.873449,0.8733538595200836,1.5698773,1.6153963,1232,1171,valid
145,0.86700195,0.8772962,0.8805205,0.87848496,0.8733999095969196,1.5698763,1.5996828,1232,1171,valid
146,0.86677593,0.8761803,0.87919617,0.8772675,0.8730200018093375,1.5698755,1.6073732,1232,1171,valid
147,0.8665125,0.87412477,0.8672966,0.87317187,0.8728408413474936,1.5698746,1.6115389,1232,1171,valid
148,0.86625165,0.87474984,0.863261,0.8728285,0.8726489427159776,1.5698738,1.6157002,1232,1171,valid
149,0.8660386,0.87234855,0.86449647,0.8712219,0.8723138459147303,1.569873,1.6042687,1232,1171,valid
150,0.86581886,0.8696835,0.86172736,0.86848277,0.872368192907086,1.5698721,1.6089008,1232,1171,valid
151,0.8654882,0.8733388,0.85410136,0.8697047,0.8721785404076665,1.5698713,1.6350152,1232,1171,valid
152,0.86534786,0.87223494,0.8673494,0.8715871,0.871906371017417,1.5698704,1.622664,1232,1171,valid
153,0.8649992,0.8742899,0.8653664,0.8729526,0.8716485586389566,1.5698695,1.6056039,1232,1171,valid
154,0.8648388,0.8723429,0.8601111,0.87028646,0.8716237170258282,1.5698687,1.6103976,1232,1171,valid
155,0.8646459,0.86900556,0.8505427,0.8655533,0.8712551875001833,1.5698678,1.6257726,1232,1171,valid
156,0.86464554,0.8724954,0.864935,0.87139285,0.8711219217696666,1.569867,1.6097336,1232,1171,valid
157,0.86435914,0.8711551,0.85870266,0.8689929,0.8711158267333491,1.5698661,1.6180669,1232,1171,valid
158,0.864056,0.8724592,0.8768724,0.87385064,0.8710563799479293,1.5698652,1.5999469,1232,1171,valid
159,0.8638199,0.8727828,0.8803425,0.87489736,0.8708129988747637,1.5698644,1.5875468,1232,1171,valid
160,0.8637412,0.86653954,0.8507074,0.86360276,0.870430775978191,1.5698634,1.6253352,1232,1171,valid
161,0.86336875,0.8709543,0.8663064,0.87050736,0.8702123734782843,1.5698626,1.5981197,1232,1171,valid
162,0.8632038,0.8692708,0.86158824,0.868215,0.8700135708524691,1.5698618,1.5949278,1232,1171,valid
163,0.86284727,0.8718699,0.85376906,0.8684765,0.8697528083107328,1.5698608,1.6316767,1232,1171,valid
164,0.8627321,0.872803,0.8725887,0.8733351,0.8696395202780106,1.56986,1.5884126,1232,1171,valid
165,0.86235356,0.87167513,0.86266065,0.8703017,0.8694927919914998,1.5698591,1.6050649,1232,1171,valid
166,0.86244243,0.87303483,0.86882293,0.8727773,0.8694858677068608,1.5698582,1.5854859,1232,1171,valid
167,0.86212504,0.8731392,0.8700572,0.8731298,0.8692403113875051,1.5698574,1.5827682,1232,1171,valid
168,0.86189365,0.8714931,0.87006056,0.87166125,0.8690009487169488,1.5698565,1.6044142,1232,1171,valid
169,0.8617228,0.86861503,0.8487166,0.8648956,0.8687538534626112,1.5698556,1.6215858,1232,1171,valid
170,0.86152095,0.8676691,0.84998995,0.86446565,0.8685230972483242,1.5698547,1.6105349,1232,1171,valid
171,0.86142147,0.87070614,0.87009186,0.8711034,0.8684502358995236,1.5698538,1.5939593,1232,1171,valid
172,0.861104,0.869702,0.8481807,0.8657463,0.8684352560354653,1.569853,1.6089801,1232,1171,valid
173,0.86094433,0.8699239,0.85414803,0.86730033,0.8683403944136816,1.569852,1.5844212,1232,1171,valid
174,0.8607747,0.8720685,0.87095946,0.8724692,0.8681489687661978,1.5698512,1.5800021,1232,1171,valid
175,0.8605613,0.86779547,0.8485303,0.86425954,0.8679169720370761,1.5698502,1.6122503,1232,1171,valid
176,0.8604448,0.8706583,0.86590433,0.8703103,0.8678556958147416,1.5698494,1.5796385,1232,1171,valid
177,0.8601661,0.8708168,0.8651273,0.87025535,0.8677804917451315,1.5698484,1.5833788,1232,1171,valid
178,0.8600157,0.86998236,0.8658724,0.86974764,0.867516394196005,1.5698476,1.5814213,1232,1171,valid
179,0.85975057,0.86449003,0.851249,0.86238956,0.8675713927568138,1.5698466,1.575989,1232,1171,valid
180,0.85962087,0.87102455,0.8702595,0.8714693,0.8675160483340765,1.5698458,1.5826015,1232,1171,valid
181,0.85931945,0.8706522,0.8677741,0.8706184,0.8672698042195932,1.5698448,1.5896294,1232,1171,valid
182,0.8591132,0.8642367,0.8541933,0.8626188,0.8672391067650217,1.5698439,1.6007375,1232,1171,valid
183,0.8588746,0.8658633,0.85123014,0.86337125,0.8670625353769819,1.569843,1.5941999,1232,1171,valid
184,0.8587021,0.86980444,0.8636875,0.8690911,0.8670635222024919,1.5698421,1.5919051,1232,1171,valid
185,0.85846716,0.87013364,0.8637208,0.86941695,0.8670934662791411,1.5698413,1.5838008,1232,1171,valid
186,0.85824734,0.86724305,0.85288763,0.8648066,0.8667567468029023,1.5698403,1.5961542,1232,1171,valid
187,0.85804886,0.866279,0.8530369,0.86407524,0.866415810007441,1.5698394,1.5938897,1232,1171,valid
188,0.8578627,0.8664731,0.8470886,0.8629369,0.8661964515002808,1.5698385,1.6068697,1232,1171,valid
189,0.8577107,0.8672888,0.8471667,0.86368394,0.8657323218082497,1.5698376,1.5957816,1232,1171,valid
190,0.8575362,0.86586535,0.8488804,0.862803,0.8654288397485568,1.5698366,1.6081145,1232,1171,valid
191,0.85731316,0.86478233,0.84619504,0.8614228,0.8652482897015381,1.5698357,1.6023755,1232,1171,valid
192,0.85724586,0.86560875,0.8631867,0.8659518,0.8650265104997464,1.5698348,1.540474,1232,1171,valid
193,0.8572046,0.86966026,0.8670135,0.8700377,0.8649982576740098,1.5698339,1.5336297,1232,1171,valid
194,0.856881,0.8674398,0.85811687,0.8663219,0.8649226075598467,1.5698329,1.5518372,1232,1171,valid
195,0.85658514,0.8670559,0.8611557,0.86658716,0.8646053699189284,1.569832,1.5582342,1232,1171,valid
196,0.8561211,0.8679626,0.8618115,0.86729836,0.8642720669422078,1.5698311,1.5811296,1232,1171,valid
197,0.85611755,0.86621845,0.86009896,0.86549616,0.8640879175071975,1.5698302,1.5885513,1232,1171,valid
198,0.855924,0.86524475,0.8607078,0.8648089,0.8638473280332106,1.5698292,1.5925086,1232,1171,valid
199,0.8556139,0.86921567,0.8623394,0.8683478,0.8635681772594246,1.5698283,1.5912094,1232,1171,valid
200,0.8554681,0.86989343,0.8630325,0.86897856,0.8632806683629299,1.5698273,1.5996156,1232,1171,valid
201,0.85522455,0.8637616,0.8445839,0.8601064,0.8629405991242858,1.5698264,1.6273719,1232,1171,valid
202,0.8550926,0.86428964,0.84485817,0.86053973,0.8627501460684277,1.5698254,1.6345838,1232,1171,valid
203,0.8549231,0.8700303,0.86151797,0.86878204,0.8625643651073067,1.5698245,1.5995029,1232,1171,valid
204,0.85468054,0.8632562,0.8438871,0.85954386,0.8624098643205735,1.5698236,1.6294119,1232,1171,valid
205,0.8545888,0.8630129,0.8457205,0.85992867,0.8620090381729437,1.5698227,1.5981102,1232,1171,valid
206,0.85438156,0.863531,0.8462446,0.8604159,0.8619076247115086,1.5698217,1.6036519,1232,1171,valid
207,0.85424596,0.8605195,0.8445649,0.85763264,0.8617746354259008,1.5698208,1.6058176,1232,1171,valid
208,0.8540302,0.8613093,0.8489797,0.8591714,0.8614874520226907,1.5698198,1.6050618,1232,1171,valid
209,0.8539095,0.85902643,0.8485519,0.8572961,0.8611774484150728,1.5698189,1.597254,1232,1171,valid
210,0.853716,0.8600615,0.84436,0.85714966,0.8608815090964306,1.5698179,1.616648,1232,1171,valid
211,0.85340196,0.85905117,0.84777904,0.85718423,0.860706617290569,1.569817,1.5934653,1232,1171,valid
212,0.85333097,0.8630255,0.86236316,0.8633704,0.8603455212143666,1.569816,1.5904675,1232,1171,valid
213,0.8531341,0.8582643,0.8475766,0.8565421,0.8600510845999819,1.5698149,1.5884513,1232,1171,valid
214,0.85297215,0.86434436,0.8629854,0.8646963,0.8596059509942406,1.569814,1.56991,1232,1171,valid
215,0.85273993,0.86608094,0.85838044,0.86508137,0.8593234271556829,1.569813,1.5817871,1232,1171,valid
216,0.85255134,0.86109924,0.8461633,0.85848624,0.8590016967321411,1.569812,1.5965881,1232,1171,valid
217,0.85241896,0.8637299,0.85659266,0.86277014,0.8584991088364055,1.5698111,1.5898643,1232,1171,valid
218,0.8521375,0.86004305,0.8439276,0.8572083,0.8582973863538912,1.5698102,1.5923991,1232,1171,valid
219,0.85193086,0.8639368,0.8525846,0.8620736,0.8582452568841048,1.5698092,1.5972371,1232,1171,valid
220,0.85181344,0.8612294,0.84566987,0.8584596,0.8580084598067763,1.5698081,1.6012952,1232,1171,valid
221,0.8516661,0.86443686,0.8588818,0.8637115,0.8579365618096596,1.5698072,1.6038806,1232,1171,valid
222,0.85139376,0.86238164,0.8437728,0.85865414,0.8577908726358744,1.5698062,1.6536816,1232,1171,valid
223,0.8513016,0.85657436,0.84642553,0.8547493,0.8578048163209288,1.5698053,1.6179316,1232,1171,valid
224,0.85101604,0.8588089,0.84630275,0.8566682,0.8576303479012416,1.5698043,1.5965831,1232,1171,valid
225,0.8509887,0.8632312,0.8582356,0.8626953,0.8576052364950445,1.5698032,1.5908562,1232,1171,valid
226,0.8508898,0.8584741,0.84698075,0.85661316,0.8576754526688513,1.5698023,1.5849903,1232,1171,valid
227,0.85058045,0.8598762,0.8448779,0.85725963,0.8574924950094677,1.5698013,1.5934975,1232,1171,valid
228,0.8504848,0.8605912,0.84319365,0.85748106,0.8574376402631414,1.5698003,1.5953977,1232,1171,valid
229,0.8503128,0.859202,0.8426702,0.8562974,0.8575986099136607,1.5697993,1.5890002,1232,1171,valid
230,0.85005695,0.8590449,0.84482265,0.8569473,0.8574937447210417,1.5697984,1.5380552,1232,1171,valid
231,0.84989905,0.85777235,0.8445033,0.8557032,0.8573567369275183,1.5697973,1.5610712,1232,1171,valid
232,0.8495889,0.8585299,0.8425076,0.856634,0.857235192478951,1.5697963,1.4520898,1232,1171,valid
233,0.8496884,0.8553226,0.8433269,0.8536056,0.8571195839747237,1.5697954,1.5435219,1232,1171,valid
234,0.8493783,0.85540247,0.8428153,0.8539804,0.8570463392776966,1.5697943,1.4812875,1232,1171,valid
235,0.84929943,0.8610748,0.84871984,0.8593393,0.8568252849928087,1.5697933,1.5435138,1232,1171,valid
236,0.8490641,0.858498,0.84478784,0.85660344,0.8566646247736821,1.5697923,1.5224049,1232,1171,valid
237,0.8488875,0.8605913,0.84948605,0.85898215,0.8565181962816987,1.5697913,1.5619999,1232,1171,valid
238,0.84877294,0.8585917,0.8437477,0.85615367,0.8565059709760472,1.5697902,1.5695616,1232,1171,valid
239,0.8486068,0.8619327,0.8508239,0.86028534,0.85636121861949,1.5697893,1.5694964,1232,1171,valid
240,0.8483963,0.858329,0.84235156,0.85562074,0.8564037215320962,1.5697882,1.5751787,1232,1171,valid
241,0.84831274,0.8582138,0.843509,0.85577077,0.8564749866539557,1.5697873,1.5740318,1232,1171,valid
242,0.8480907,0.8622055,0.85100377,0.8605324,0.8563494179582865,1.5697862,1.5709052,1232,1171,valid
243,0.84783137,0.85736525,0.84403574,0.8551407,0.8563944990846601,1.5697852,1.5819868,1232,1171,valid
244,0.8479236,0.8565924,0.84515536,0.85479367,0.8563572155146276,1.5697842,1.5746863,1232,1171,valid
245,0.84756887,0.8580072,0.8569044,0.85844237,0.8562735747207002,1.5697832,1.5565777,1232,1171,valid
246,0.84732985,0.8556614,0.8435422,0.85386443,0.856274346439448,1.5697821,1.5522602,1232,1171,valid
247,0.84711254,0.857731,0.8550339,0.857963,0.8562047331745413,1.5697811,1.5380363,1232,1171,valid
248,0.8468956,0.8525234,0.84331083,0.8513624,0.8561357526660847,1.5697801,1.5409122,1232,1171,valid
249,0.84669095,0.85807383,0.8508351,0.85748285,0.8558965452141295,1.569779,1.5235345,1232,1171,valid
250,0.8466057,0.8578056,0.85131127,0.8573058,0.8557320944871053,1.569778,1.5321805,1232,1171,valid
251,0.8464667,0.856603,0.8517419,0.85644126,0.8557835387201647,1.569777,1.5295476,1232,1171,valid
252,0.84630287,0.85754955,0.8520499,0.85715246,0.8556412792361711,1.5697759,1.5467521,1232,1171,valid
253,0.8461053,0.855248,0.8418751,0.8531287,0.8555760222905865,1.5697749,1.561799,1232,1171,valid
254,0.8458751,0.8554703,0.8486224,0.8545984,0.8554389847723703,1.5697738,1.5739421,1232,1171,valid
255,0.8456992,0.8578513,0.84157544,0.85510606,0.8552902365959776,1.5697728,1.5709498,1232,1171,valid
256,0.8455243,0.85672754,0.8522397,0.85669476,0.8551781072740936,1.5697718,1.5217507,1232,1171,valid
257,0.84538877,0.856481,0.85347164,0.8570763,0.8551006763042646,1.5697707,1.4721847,1232,1171,valid
258,0.8452046,0.8548377,0.8429291,0.85405266,0.8550675019823178,1.5697696,1.4055302,1232,1171,valid
259,0.84502256,0.85462785,0.8421582,0.85369194,0.8548075534343581,1.5697685,1.4107585,1232,1171,valid
260,0.84491986,0.8572347,0.8473753,0.85661834,0.8546765646892974,1.5697675,1.4461799,1232,1171,valid
261,0.8447391,0.8553784,0.8451283,0.85406584,0.8546108616033045,1.5697664,1.5361493,1232,1171,valid
262,0.8444639,0.8536033,0.8419405,0.8529076,0.8545791051803928,1.5697654,1.3978305,1232,1171,valid
263,0.8443715,0.85603356,0.8456633,0.85452366,0.8544893042236791,1.5697644,1.5630693,1232,1171,valid
264,0.8441922,0.85326695,0.84151566,0.85208374,0.8542317234661493,1.5697633,1.4678525,1232,1171,valid
265,0.844023,0.8556768,0.84120584,0.85389817,0.8541154924836243,1.5697622,1.477736,1232,1171,valid
266,0.8439057,0.8557396,0.84436995,0.85446227,0.8539131739263109,1.5697612,1.4972129,1232,1171,valid
267,0.84366053,0.8575153,0.84416455,0.855298,0.8537377286487478,1.5697601,1.5804617,1232,1171,valid
268,0.84341496,0.8563218,0.8441373,0.854354,0.8536553636323726,1.569759,1.5768695,1232,1171,valid
269,0.8433094,0.85448325,0.83979076,0.8517238,0.8534861319159266,1.5697579,1.6165357,1232,1171,valid
270,0.84307337,0.8555865,0.8412963,0.8531118,0.8531970903123656,1.5697569,1.5876641,1232,1171,valid
271,0.84293044,0.85295665,0.8402771,0.8508466,0.8530031948098178,1.5697558,1.5782287,1232,1171,valid
272,0.8428765,0.8533504,0.84348834,0.85179704,0.8526560505852988,1.5697547,1.5812016,1232,1171,valid
273,0.84271413,0.854247,0.8449042,0.8527418,0.8524786123357327,1.5697535,1.5911322,1232,1171,valid
274,0.84273773,0.85663295,0.8437847,0.8544314,0.8520677982228324,1.5697525,1.592173,1232,1171,valid
275,0.8425343,0.85549,0.84336776,0.85353273,0.8518306895256326,1.5697514,1.5759907,1232,1171,valid
276,0.8424681,0.85437554,0.8427659,0.85258245,0.8516559739793557,1.5697503,1.5653658,1232,1171,valid
277,0.84222364,0.855142,0.8439404,0.8534611,0.8515200324783518,1.5697492,1.5620866,1232,1171,valid
278,0.84211206,0.853528,0.84106535,0.85126305,0.8514137987914945,1.5697482,1.6089478,1232,1171,valid
279,0.841956,0.85585165,0.843753,0.8538479,0.8510384872741538,1.569747,1.5842093,1232,1171,valid
280,0.8417087,0.85616565,0.83968526,0.8531073,0.8508986730818838,1.5697459,1.609295,1232,1171,valid
281,0.84153587,0.85375535,0.84564036,0.8523933,0.8506367325245277,1.5697448,1.6063831,1232,1171,valid
282,0.84127295,0.85115004,0.8419785,0.84947157,0.850529457351505,1.5697438,1.6178305,1232,1171,valid
283,0.84115934,0.84947,0.8412441,0.84798723,0.8504851717781767,1.5697426,1.6148293,1232,1171,valid
284,0.841011,0.8539728,0.8425879,0.8518136,0.8503156822816665,1.5697415,1.6266131,1232,1171,valid
285,0.840924,0.84789264,0.8414169,0.84661454,0.8501404617652818,1.5697404,1.6351554,1232,1171,valid
286,0.84060603,0.8506669,0.84125125,0.84888726,0.8500669539472773,1.5697392,1.6248546,1232,1171,valid
287,0.8404637,0.84483874,0.84105396,0.84423023,0.8498466344780735,1.5697381,1.6121818,1232,1171,valid
288,0.84030175,0.849704,0.84038717,0.84775245,0.8496317242144256,1.569737,1.652246,1232,1171,valid
289,0.8401815,0.8519083,0.84388745,0.85043305,0.8493615353457495,1.5697359,1.6235585,1232,1171,valid
290,0.83993983,0.85093945,0.84564614,0.84999436,0.8491897333242999,1.5697348,1.6257751,1232,1171,valid
291,0.8398348,0.8494402,0.84255874,0.8482787,0.8489162894539244,1.5697336,1.6075763,1232,1171,valid
292,0.8395485,0.8479328,0.8417381,0.8468599,0.8487850697562221,1.5697325,1.6129982,1232,1171,valid
293,0.8393,0.8491221,0.8443097,0.84836775,0.8486634852076037,1.5697314,1.6091199,1232,1171,valid
294,0.83933353,0.8468391,0.84028053,0.84573907,0.848526028152289,1.5697303,1.604319,1232,1171,valid
295,0.83907855,0.850106,0.8416667,0.8488265,0.8482243781689156,1.5697291,1.5787346,1232,1171,valid
296,0.8388432,0.8504038,0.8428744,0.8493513,0.8479404923691526,1.5697279,1.5728642,1232,1171,valid
297,0.8386112,0.8505255,0.84694135,0.850173,0.8476757344801089,1.5697268,1.5883589,1232,1171,valid
298,0.8384876,0.8505367,0.8398994,0.84864527,0.8473922798348756,1.5697256,1.6041617,1232,1171,valid
299,0.8383129,0.85139555,0.84169805,0.8498674,0.8472397408211664,1.5697246,1.5795739,1232,1171,valid
300,0.8381834,0.85226005,0.8407685,0.85013294,0.847139798088714,1.5697234,1.616019,1232,1171,valid
301,0.8380536,0.84987813,0.8408796,0.84836155,0.8470682911690273,1.5697222,1.5969272,1232,1171,valid
302,0.8378141,0.8476033,0.84022546,0.8462938,0.8469722590326633,1.5697211,1.6119051,1232,1171,valid
303,0.8376587,0.8471186,0.8403826,0.84593433,0.8467725639086687,1.5697199,1.6119742,1232,1171,valid
304,0.8374373,0.8533331,0.840725,0.8512017,0.8466478650460499,1.5697187,1.5841672,1232,1171,valid
305,0.83734196,0.84532076,0.8395779,0.84449726,0.8465548977122335,1.5697175,1.5854185,1232,1171,valid
306,0.837366,0.85074323,0.83980167,0.8489987,0.8464825554432178,1.5697165,1.5731242,1232,1171,valid
307,0.8370665,0.84703004,0.8388242,0.8455625,0.846375187945032,1.5697153,1.6095034,1232,1171,valid
308,0.83688945,0.8443472,0.8400689,0.8437931,0.8462289349282373,1.5697141,1.5882126,1232,1171,valid
309,0.8366824,0.84501195,0.8422017,0.84475726,0.8460740048136315,1.5697129,1.5890766,1232,1171,valid
310,0.83653474,0.84445035,0.84120107,0.844109,0.8460637443227321,1.5697117,1.5878339,1232,1171,valid
311,0.83638346,0.84373236,0.8402214,0.84328973,0.845722614155433,1.5697105,1.5939693,1232,1171,valid
312,0.83617663,0.8462516,0.84226596,0.8457038,0.8455299612886944,1.5697094,1.5990676,1232,1171,valid
313,0.83614075,0.84482896,0.8400696,0.8441409,0.8452946073244791,1.5697082,1.5943608,1232,1171,valid
314,0.835884,0.84878194,0.84153557,0.8477167,0.845134719534242,1.569707,1.5810165,1232,1171,valid
315,0.8357617,0.84188443,0.8400458,0.84177184,0.8450445075850808,1.5697058,1.5926747,1232,1171,valid
316,0.8356544,0.848466,0.8395453,0.8467828,0.8449171814792198,1.5697047,1.6222081,1232,1171,valid
317,0.83554375,0.8430258,0.8400952,0.8426577,0.8447725757871619,1.5697035,1.5994277,1232,1171,valid
318,0.8355064,0.84336746,0.84145486,0.8431689,0.844607809893609,1.5697023,1.6055638,1232,1171,valid
319,0.8354261,0.8433366,0.8397757,0.8428674,0.8444240761371709,1.5697011,1.5958328,1232,1171,valid
320,0.83504564,0.84699345,0.8407157,0.8459097,0.8441474080887533,1.5696999,1.6106837,1232,1171,valid
321,0.8349414,0.8483616,0.84065723,0.84714943,0.8439297972577142,1.5696987,1.5884638,1232,1171,valid
322,0.8346474,0.845675,0.84002805,0.84451306,0.8437832390541755,1.5696974,1.6396835,1232,1171,valid
323,0.8345221,0.84731513,0.8403572,0.84620064,0.8436230835594422,1.5696962,1.5950086,1232,1171,valid
324,0.83440185,0.84318,0.84051573,0.8428842,0.8434532471317406,1.569695,1.596936,1232,1171,valid
325,0.8342732,0.84304047,0.84139276,0.8429839,0.8433080703102959,1.5696938,1.5918365,1232,1171,valid
326,0.8340817,0.8414309,0.8401089,0.8413265,0.8432176951514152,1.5696926,1.6065273,1232,1171,valid
327,0.8340422,0.8411192,0.8403157,0.841144,0.8430687271024808,1.5696913,1.6024748,1232,1171,valid
328,0.8339061,0.8463875,0.84308267,0.8460097,0.8428281762164566,1.5696901,1.5945313,1232,1171,valid
329,0.833743,0.84248817,0.8375267,0.8417333,0.8426548343311709,1.5696889,1.5946947,1232,1171,valid
330,0.83364815,0.8439367,0.8404374,0.8435783,0.8426636564558349,1.5696877,1.5819899,1232,1171,valid
331,0.833415,0.84281456,0.8408685,0.8428415,0.8424901646091567,1.5696864,1.5698502,1232,1171,valid
332,0.8331885,0.8441087,0.8416642,0.84399337,0.8425456157340504,1.5696852,1.5779481,1232,1171,valid
333,0.8329286,0.84334826,0.8388616,0.84277,0.8423726988037308,1.569684,1.5839745,1232,1171,valid
334,0.8327374,0.8416132,0.8386944,0.8413198,0.8422091609273297,1.5696827,1.5864247,1232,1171,valid
335,0.83254755,0.84004265,0.8385129,0.8399954,0.8421921128419062,1.5696815,1.5894983,1232,1171,valid
336,0.83248526,0.84706676,0.84076715,0.846184,0.841972639411958,1.5696802,1.579952,1232,1171,valid
337,0.83229387,0.8440273,0.8406701,0.84368736,0.841709251695301,1.569679,1.5836931,1232,1171,valid
338,0.83220387,0.8395139,0.84051883,0.83993113,0.8415821012023368,1.5696777,1.5963327,1232,1171,valid
339,0.83205336,0.83940715,0.84052026,0.8399038,0.8414114764067111,1.5696765,1.5875499,1232,1171,valid
340,0.83182114,0.8400618,0.8383409,0.83989424,0.8413300685235552,1.5696752,1.6017456,1232,1171,valid
341,0.8317314,0.8405163,0.84032035,0.8407669,0.8410311569583925,1.569674,1.5862212,1232,1171,valid
342,0.8316457,0.83957213,0.8385633,0.83951366,0.8409263699610081,1.5696727,1.606361,1232,1171,valid
343,0.8316125,0.8382766,0.83696747,0.8381605,0.840720240354343,1.5696715,1.6038749,1232,1171,valid
344,0.83140427,0.84029174,0.83862,0.83979684,0.840507515408476,1.5696702,1.652731,1232,1171,valid
345,0.83105516,0.84486306,0.8405744,0.8442026,0.8403841092750034,1.5696689,1.6046441,1232,1171,valid
346,0.83104,0.84074295,0.8406477,0.84082353,0.8402527061244948,1.5696677,1.6151474,1232,1171,valid
347,0.8308399,0.83937335,0.8378154,0.83907825,0.8400888437835693,1.5696664,1.6248125,1232,1171,valid
348,0.83055234,0.840793,0.8405525,0.8406949,0.8398731752614629,1.5696651,1.6376165,1232,1171,valid
349,0.83032376,0.8400954,0.839438,0.839915,0.8395991406680018,1.5696639,1.6361871,1232,1171,valid
350,0.83021015,0.84146076,0.8379955,0.84076583,0.8392881597610322,1.5696626,1.629799,1232,1171,valid
351,0.8301314,0.839524,0.8408115,0.839848,0.8390602271806019,1.5696613,1.6189605,1232,1171,valid
352,0.8300906,0.8407451,0.83953506,0.84065455,0.838882869556413,1.56966,1.6068103,1232,1171,valid
353,0.8299281,0.84313166,0.83823013,0.84219533,0.8386855286748037,1.5696586,1.6247306,1232,1171,valid
354,0.8297771,0.83986527,0.8391812,0.8397741,0.8386856942782136,1.5696573,1.6216247,1232,1171,valid
355,0.8296415,0.8391905,0.8390554,0.8393336,0.8383560940704461,1.5696561,1.6021936,1232,1171,valid
356,0.82947385,0.8309773,0.83837855,0.83246356,0.838332551882856,1.5696548,1.6180737,1232,1171,valid
357,0.8293332,0.83462,0.83987033,0.8357281,0.8384829005173379,1.5696535,1.6147411,1232,1171,valid
358,0.82920915,0.84025586,0.83938783,0.8401552,0.8385136460725297,1.5696522,1.6180397,1232,1171,valid
359,0.82905185,0.837427,0.8395356,0.8379459,0.8384699438589552,1.5696509,1.6115862,1232,1171,valid
360,0.8289521,0.8317188,0.83827496,0.8331025,0.8383830186181022,1.5696496,1.6088033,1232,1171,valid
361,0.8288605,0.838308,0.8390114,0.8386539,0.83820706083969,1.5696483,1.5959915,1232,1171,valid
362,0.8285485,0.83930016,0.83805287,0.83915603,0.8382045644110178,1.569647,1.6115236,1232,1171,valid
363,0.8284026,0.8367682,0.8369472,0.83679575,0.8381723031746074,1.5696455,1.6254318,1232,1171,valid
364,0.8282775,0.83583176,0.83846575,0.83643025,0.8380235750090883,1.5696442,1.6132393,1232,1171,valid
365,0.8279459,0.8360754,0.8402373,0.8369837,0.8378443106451523,1.5696429,1.6137338,1232,1171,valid
366,0.8279264,0.837777,0.84053105,0.8384535,0.8378892020908044,1.5696416,1.6081634,1232,1171,valid
367,0.8276772,0.8358177,0.84004754,0.83685935,0.8378215067172985,1.5696403,1.595397,1232,1171,valid
368,0.8276266,0.834931,0.8395487,0.8360657,0.83750209007697,1.569639,1.5919142,1232,1171,valid
369,0.8273988,0.83540875,0.8392938,0.83634627,0.8373182272003111,1.5696375,1.5998819,1232,1171,valid
370,0.8273682,0.83043575,0.8391057,0.83226675,0.8372299298942605,1.5696362,1.6042168,1232,1171,valid
371,0.8270676,0.8338166,0.83947146,0.83504975,0.8371055576319912,1.5696349,1.6070951,1232,1171,valid
372,0.8268499,0.8370973,0.84034,0.8379131,0.8369592296939036,1.5696335,1.6011302,1232,1171,valid
373,0.82691234,0.83935255,0.83109653,0.8377544,0.8367499836671144,1.5696322,1.6159486,1232,1171,valid
374,0.82656837,0.8432523,0.83889157,0.842555,0.8365754644641996,1.5696309,1.6055379,1232,1171,valid
375,0.82645327,0.8428462,0.83814967,0.84190017,0.836451681493932,1.5696294,1.6320122,1232,1171,valid
376,0.8264286,0.84009165,0.8387163,0.84004474,0.8363487537945132,1.5696281,1.5942363,1232,1171,valid
377,0.82617205,0.8363821,0.83865356,0.83691454,0.836227624318427,1.5696267,1.6129205,1232,1171,valid
378,0.8262019,0.83666325,0.83858824,0.8372274,0.8362187588440713,1.5696254,1.5980114,1232,1171,valid
379,0.8261862,0.8472203,0.83519256,0.8447566,0.8361707109389974,1.569624,1.6426774,1232,1171,valid
380,0.8258536,0.8447129,0.837752,0.8433886,0.8360755912495826,1.5696226,1.622507,1232,1171,valid
381,0.82557654,0.8347783,0.83861077,0.8355284,0.835921692916773,1.5696212,1.6254492,1232,1171,valid
382,0.8255369,0.8265297,0.8348223,0.82825243,0.8357905170453404,1.5696199,1.6030166,1232,1171,valid
383,0.8254338,0.8338989,0.82778776,0.8326795,0.8355531475506492,1.5696185,1.6162461,1232,1171,valid
384,0.82514036,0.832746,0.8381034,0.833827,0.8354268212931623,1.569617,1.6192234,1232,1171,valid
385,0.8249329,0.8321489,0.8392262,0.8335859,0.8351903637755929,1.5696157,1.617363,1232,1171,valid
386,0.8248008,0.8336675,0.83970976,0.83491665,0.8347751069410042,1.5696143,1.6162907,1232,1171,valid
387,0.8247683,0.835256,0.83658326,0.83557963,0.834533739818722,1.5696129,1.6137228,1232,1171,valid
388,0.82459277,0.8351321,0.8340956,0.83487934,0.8344749677178107,1.5696115,1.6279154,1232,1171,valid
389,0.8244598,0.83442354,0.8380398,0.835283,0.8342186672133454,1.5696101,1.6018927,1232,1171,valid
390,0.82419485,0.83673525,0.83400005,0.8363106,0.8340685232535644,1.5696087,1.6043017,1232,1171,valid
391,0.8240987,0.82555723,0.8382782,0.82804585,0.8339239856878509,1.5696073,1.6217489,1232,1171,valid
392,0.82398856,0.8299403,0.83871806,0.831803,0.8338367192185407,1.5696058,1.6020087,1232,1171,valid
393,0.8237211,0.83949006,0.83790046,0.8392768,0.8336715660925834,1.5696044,1.6117396,1232,1171,valid
394,0.8237812,0.8322541,0.8378133,0.8334409,0.8335049397278461,1.569603,1.6087503,1232,1171,valid
395,0.82358575,0.83028185,0.8350155,0.8312252,0.8333812408931616,1.5696015,1.6170844,1232,1171,valid
396,0.82336605,0.83033645,0.8394512,0.83207107,0.8331852057028084,1.5696001,1.6321093,1232,1171,valid
397,0.823235,0.8324586,0.8382995,0.8335887,0.8330904214878133,1.5695987,1.6261735,1232,1171,valid
398,0.8230825,0.8344079,0.8330395,0.83401865,0.8330949814476757,1.5695972,1.6371659,1232,1171,valid
399,0.8229248,0.8357309,0.8303055,0.83463156,0.8330487070821891,1.5695958,1.621948,1232,1171,valid
400,0.82278854,0.83093274,0.8375269,0.8322622,0.8330305113187744,1.5695944,1.6169078,1232,1171,valid
401,0.8226632,0.8313997,0.836066,0.83238125,0.8329192216718727,1.569593,1.610997,1232,1171,valid
402,0.8223724,0.83077836,0.8377184,0.8320959,0.8329694762219276,1.5695915,1.6290133,1232,1171,valid
403,0.8222434,0.82728386,0.83523345,0.82881606,0.8326555853408387,1.5695901,1.622298,1232,1171,valid
404,0.8220962,0.82998234,0.838555,0.8316795,0.8325278054315204,1.5695885,1.6206468,1232,1171,valid
405,0.8221033,0.8301171,0.83490443,0.83106244,0.8326014568277432,1.5695871,1.6181791,1232,1171,valid
406,0.82191926,0.8315988,0.8381039,0.8327104,0.8327894129000467,1.5695857,1.6479087,1232,1171,valid
407,0.82157123,0.8314805,0.8340941,0.8319367,0.832680802342127,1.5695843,1.6273317,1232,1171,valid
408,0.8215286,0.83067816,0.8378306,0.83190274,0.8322601470189113,1.5695827,1.6493092,1232,1171,valid
409,0.8213662,0.8324541,0.8333293,0.83255345,0.8321378346844709,1.5695813,1.629324,1232,1171,valid
410,0.82123166,0.8338982,0.8383737,0.8345977,0.8322109596659288,1.5695798,1.6513226,1232,1171,valid
411,0.82103974,0.8359667,0.8361764,0.83600736,0.8319450590037311,1.5695783,1.6231728,1232,1171,valid
412,0.82097065,0.83688617,0.83400595,0.83605593,0.8319384531636136,1.5695769,1.6609993,1232,1171,valid
413,0.8208321,0.8300977,0.83447325,0.8308699,0.8319357002928056,1.5695753,1.6315619,1232,1171,valid
414,0.8205154,0.83577317,0.83550185,0.8355261,0.8316629772661448,1.5695739,1.6513901,1232,1171,valid
415,0.820457,0.83019495,0.8378165,0.83171743,0.8316750118461138,1.5695723,1.6181684,1232,1171,valid
416,0.8202224,0.85235953,0.83927464,0.84984255,0.8316062696576804,1.5695708,1.6260735,1232,1171,valid
417,0.82024556,0.83210254,0.8292607,0.83154196,0.831276739261156,1.5695693,1.6143968,1232,1171,valid
418,0.8198603,0.831689,0.837358,0.83278483,0.8311708462613739,1.5695678,1.6248926,1232,1171,valid
419,0.8200642,0.8511238,0.83892643,0.8489259,0.8310777311654435,1.5695664,1.6034329,1232,1171,valid
420,0.81981975,0.8308078,0.83112276,0.8307499,0.8308418851351773,1.5695648,1.6333213,1232,1171,valid
421,0.8195626,0.8264326,0.83521795,0.8282475,0.8304886359269571,1.5695633,1.6040865,1232,1171,valid
422,0.8193355,0.8249285,0.83249795,0.8261858,0.8303615073633287,1.5695617,1.6483977,1232,1171,valid
423,0.8192178,0.82285297,0.83199465,0.8245253,0.8301449627316537,1.5695603,1.6309652,1232,1171,valid
424,0.81917477,0.82392526,0.8317039,0.8252001,0.8298556217507391,1.5695587,1.6506422,1232,1171,valid
425,0.8192165,0.8281691,0.83282065,0.8291656,0.8296419256591815,1.5695572,1.6034067,1232,1171,valid
426,0.8191332,0.8334867,0.83089066,0.83305645,0.8294036105312454,1.5695556,1.6044354,1232,1171,valid
427,0.8189696,0.82510567,0.83343637,0.8267037,0.8291721808407705,1.5695541,1.6207519,1232,1171,valid
428,0.8187285,0.8374356,0.8341129,0.8368687,0.8290031064557994,1.5695525,1.6088,1232,1171,valid
429,0.8186539,0.83074284,0.83709633,0.83209157,0.8286573889922353,1.569551,1.6063774,1232,1171,valid
430,0.818389,0.8218445,0.8301426,0.82342917,0.8283817256187244,1.5695494,1.6168599,1232,1171,valid
431,0.8182553,0.82655835,0.8297292,0.82741266,0.8282163599012022,1.5695479,1.5771091,1232,1171,valid
432,0.8180488,0.82985616,0.8324043,0.83044696,0.8281156815929711,1.5695463,1.6026667,1232,1171,valid
433,0.818,0.8343547,0.83052576,0.8337701,0.8278682232834466,1.5695448,1.591311,1232,1171,valid
434,0.81780905,0.8254378,0.83492154,0.8275149,0.8275758341086586,1.5695432,1.5845312,1232,1171,valid
435,0.8176298,0.8182903,0.83002526,0.82077974,0.8271501774509514,1.5695416,1.5806415,1232,1171,valid
436,0.8173474,0.82995164,0.8354484,0.83131886,0.8268288527410477,1.56954,1.5762559,1232,1171,valid
437,0.8173369,0.8200392,0.8373679,0.82356095,0.8267370419660431,1.5695385,1.598989,1232,1171,valid
438,0.8173908,0.82043284,0.8338043,0.82328314,0.8266692025147897,1.5695369,1.5795934,1232,1171,valid
439,0.81700623,0.8308505,0.8349188,0.8318143,0.8264423456018286,1.5695353,1.5945771,1232,1171,valid
440,0.8168242,0.8200575,0.8329103,0.82258743,0.826467170397021,1.5695337,1.6113081,1232,1171,valid
441,0.81672454,0.82561636,0.828641,0.8260374,0.8262853333937944,1.5695322,1.6362555,1232,1171,valid
442,0.8166371,0.8245702,0.83240235,0.8259962,0.8260532448187874,1.5695305,1.6305437,1232,1171,valid
443,0.8164612,0.8183619,0.8313271,0.82061404,0.8259370564704123,1.5695289,1.6539294,1232,1171,valid
444,0.81642145,0.8266994,0.83147156,0.82741314,0.825875061363328,1.5695273,1.6472863,1232,1171,valid
445,0.8162996,0.82695675,0.8290031,0.8270504,0.825794200825214,1.5695257,1.6575656,1232,1171,valid
446,0.8160885,0.8281773,0.8323792,0.82885224,0.8258950853121342,1.569524,1.6379424,1232,1171,valid
447,0.815857,0.8186776,0.8334433,0.82141346,0.8258339897938448,1.5695225,1.636727,1232,1171,valid
448,0.8157707,0.82313305,0.8329948,0.82529896,0.8255635844534763,1.5695208,1.5792674,1232,1171,valid
449,0.8156051,0.82705843,0.8331406,0.82847905,0.8252544664451332,1.5695192,1.5817089,1232,1171,valid
450,0.81554747,0.82484424,0.83463687,0.82713896,0.8247828612081914,1.5695176,1.5603983,1232,1171,valid
451,0.81530756,0.823676,0.83309066,0.82584006,0.8246135508037319,1.569516,1.5667148,1232,1171,valid
452,0.8151434,0.82326216,0.8332907,0.82564557,0.8245483470985189,1.5695143,1.5518974,1232,1171,valid
453,0.81503814,0.81984967,0.8335418,0.8229175,0.8241898171002222,1.5695126,1.555851,1232,1171,valid
454,0.8148502,0.82355857,0.8294066,0.82494265,0.8241975924909639,1.5695109,1.5747659,1232,1171,valid
455,0.81480736,0.84252465,0.83861417,0.8420965,0.8241290419206155,1.5695093,1.5777822,1232,1171,valid
456,0.81457865,0.81630313,0.83361727,0.81987476,0.8237519129321119,1.5695077,1.5855215,1232,1171,valid
457,0.81443405,0.81479293,0.83152163,0.81813776,0.8234725882100766,1.569506,1.5995016,1232,1171,valid
458,0.81437254,0.8195076,0.82972586,0.8214975,0.8232853547149896,1.5695044,1.6111547,1232,1171,valid
459,0.8140546,0.82089996,0.8299844,0.82258326,0.823268415745664,1.5695027,1.6246448,1232,1171,valid
460,0.81400955,0.8275214,0.829805,0.8281258,0.8231284729124514,1.569501,1.5890021,1232,1171,valid
461,0.8137323,0.826929,0.83055735,0.8278247,0.8226753816363812,1.5694993,1.5854096,1232,1171,valid
462,0.8136397,0.8200381,0.8316294,0.8224875,0.8225464841814882,1.5694976,1.5848634,1232,1171,valid
463,0.8134423,0.81973606,0.8325379,0.82247376,0.8221439800447733,1.5694959,1.5780838,1232,1171,valid
464,0.81340843,0.82046425,0.83169675,0.82308316,0.8217198467367343,1.5694942,1.5490973,1232,1171,valid
465,0.81322914,0.8161785,0.83042467,0.81932443,0.8215381973850601,1.5694926,1.5556071,1232,1171,valid
466,0.81317395,0.8203896,0.83076507,0.8228047,0.8209491185986385,1.5694908,1.5534384,1232,1171,valid
467,0.8131276,0.8239426,0.82914793,0.825319,0.8207591969204363,1.5694891,1.5568804,1232,1171,valid
468,0.8128226,0.8446295,0.8372335,0.84357804,0.8203769465470525,1.5694875,1.5681478,1232,1171,valid
469,0.81260586,0.81822765,0.83234143,0.8211565,0.819983650707594,1.5694857,1.5871854,1232,1171,valid
470,0.8125594,0.8183415,0.83402514,0.8214967,0.8197483929500198,1.569484,1.6012808,1232,1171,valid
471,0.81245303,0.8091512,0.8315866,0.81353027,0.8196000647522017,1.5694823,1.6102685,1232,1171,valid
472,0.8122782,0.81107783,0.8321993,0.8151834,0.8195422042895422,1.5694805,1.6139848,1232,1171,valid
473,0.81211936,0.81576025,0.8333349,0.81907666,0.8192473272118319,1.5694788,1.6310053,1232,1171,valid
474,0.8119905,0.8145155,0.8302442,0.81751114,0.8190033367291352,1.5694771,1.620999,1232,1171,valid
475,0.8118174,0.8205758,0.8319875,0.82279414,0.8189008704813726,1.5694753,1.6148762,1232,1171,valid
476,0.8117261,0.8123142,0.83168715,0.815945,0.8188387833744939,1.5694736,1.6336728,1232,1171,valid
477,0.8114789,0.8120773,0.83218896,0.8159326,0.8185869291572758,1.5694718,1.622177,1232,1171,valid
478,0.8114399,0.81649226,0.8305094,0.8193622,0.8184571984254256,1.56947,1.5905192,1232,1171,valid
479,0.811383,0.82572544,0.835139,0.827626,0.8180517538217038,1.5694683,1.6093215,1232,1171,valid
480,0.811309,0.8121568,0.83256054,0.8161618,0.8178587161743043,1.5694666,1.6087145,1232,1171,valid
481,0.8110969,0.82940733,0.83516365,0.83058584,0.8177505552561982,1.5694648,1.6116723,1232,1171,valid
482,0.8108182,0.833056,0.83331704,0.83335036,0.8175323599340389,1.569463,1.5822251,1232,1171,valid
483,0.8106682,0.84453124,0.8356223,0.8428882,0.8171995932303613,1.5694612,1.6106285,1232,1171,valid
484,0.81053334,0.8116749,0.8319193,0.81575483,0.8169579205487132,1.5694594,1.5919149,1232,1171,valid
485,0.81052476,0.8100828,0.828195,0.81378376,0.8168148658181422,1.5694577,1.5814627,1232,1171,valid
486,0.8103539,0.812519,0.8328491,0.81670004,0.8166631906890348,1.5694559,1.5805662,1232,1171,valid
487,0.8102023,0.812154,0.82996815,0.815916,0.8167418856623759,1.5694541,1.5661604,1232,1171,valid
488,0.80992186,0.8136965,0.8321439,0.81755614,0.8163089925614772,1.5694523,1.5730604,1232,1171,valid
489,0.8099599,0.81442523,0.8291476,0.8175632,0.8162834051457204,1.5694504,1.5687872,1232,1171,valid
490,0.8097199,0.8151253,0.8300438,0.81836396,0.8162155011903847,1.5694486,1.5606614,1232,1171,valid
491,0.8096135,0.8205768,0.8369669,0.82409286,0.8159387880533737,1.5694468,1.5720086,1232,1171,valid
492,0.8094019,0.8097539,0.8312028,0.8141955,0.8159246100701816,1.569445,1.571606,1232,1171,valid
493,0.809353,0.8167454,0.83674407,0.820958,0.8160203085803843,1.5694431,1.5718747,1232,1171,valid
494,0.8093708,0.83277,0.8333287,0.83321434,0.8160746591193978,1.5694413,1.5683589,1232,1171,valid
495,0.80905133,0.81338394,0.83103824,0.81712854,0.8158612659059487,1.5694395,1.5656651,1232,1171,valid
496,0.8089284,0.8099424,0.830381,0.8141205,0.8160195899453988,1.5694376,1.5806242,1232,1171,valid
497,0.80880296,0.8084141,0.8306098,0.8129926,0.8157556075971769,1.5694358,1.5719566,1232,1171,valid
498,0.8086966,0.80864906,0.8303001,0.81319565,0.8154510571212903,1.5694339,1.5604478,1232,1171,valid
499,0.80847204,0.81063956,0.8308531,0.8148711,0.815314910080185,1.569432,1.5667218,1232,1171,valid
500,0.8083195,0.80889785,0.8314435,0.8135799,0.8150751955614491,1.5694302,1.5677617,1232,1171,valid
501,0.80813664,0.8061163,0.8310808,0.8111219,0.8150732967520671,1.5694283,1.5891111,1232,1171,valid
502,0.80797166,0.81319237,0.8305191,0.81666666,0.814879263880315,1.5694264,1.5959871,1232,1171,valid
503,0.8078797,0.8088509,0.82913125,0.8128451,0.8146816858978039,1.5694246,1.6018667,1232,1171,valid
504,0.80793524,0.8175203,0.8305304,0.82011414,0.8145028052061136,1.5694227,1.6027527,1232,1171,valid
505,0.8077065,0.81241345,0.8301101,0.8158506,0.8144037631425196,1.5694208,1.6117282,1232,1171,valid
506,0.80753165,0.80976963,0.8289404,0.8135025,0.8142581242645835,1.5694189,1.6085441,1232,1171,valid
507,0.8073388,0.8074898,0.83010894,0.811893,0.8141060517504763,1.569417,1.6099269,1232,1171,valid
508,0.8072649,0.80872583,0.83101666,0.8131269,0.8139046189058446,1.5694151,1.601949,1232,1171,valid
509,0.80700856,0.8085874,0.82966614,0.81277525,0.8138459147571176,1.5694132,1.5967766,1232,1171,valid
510,0.8068707,0.8050164,0.83043325,0.8101005,0.8135598509907548,1.5694113,1.5895984,1232,1171,valid
511,0.80677783,0.8130987,0.8303021,0.8166364,0.813495677706458,1.5694094,1.5825804,1232,1171,valid
512,0.8066939,0.80520225,0.8313638,0.8098062,0.8134146378656812,1.5694075,1.6847372,1232,1171,valid
513,0.80664843,0.8216063,0.83291525,0.8233091,0.8131382544774044,1.5694056,1.6906681,1232,1171,valid
514,0.8065078,0.8065539,0.83034503,0.8105567,0.8131391122029451,1.5694035,1.7045498,1232,1171,valid
515,0.8064155,0.8258623,0.8349733,0.82706153,0.813020446803584,1.5694016,1.7055773,1232,1171,valid
516,0.80621046,0.813794,0.8310659,0.81662977,0.8131298816266824,1.5693997,1.6910868,1232,1171,valid
517,0.80585444,0.80732596,0.83249843,0.8116416,0.8132292803028853,1.5693977,1.7008084,1232,1171,valid
518,0.80575484,0.80729365,0.82997686,0.810977,0.8131879727949186,1.5693958,1.7197509,1232,1171,valid
519,0.8057549,0.80420333,0.83060956,0.808803,0.8130254001373608,1.5693938,1.6914868,1232,1171,valid
520,0.80573136,0.8161653,0.8299737,0.81817144,0.8129308541208821,1.5693918,1.7133913,1232,1171,valid
521,0.80539036,0.8016733,0.8292161,0.8063452,0.8130524773398176,1.5693898,1.711929,1232,1171,valid
522,0.8054405,0.80906594,0.8275385,0.81185836,0.8129161813174771,1.5693879,1.7275186,1232,1171,valid
523,0.80535144,0.81177306,0.82781756,0.8142281,0.8128062769989511,1.5693859,1.7078865,1232,1171,valid
524,0.80515647,0.81043386,0.82456297,0.81235904,0.8127248568449258,1.5693839,1.7271118,1232,1171,valid
525,0.8049415,0.81186444,0.8288808,0.8145538,0.8126465608847799,1.569382,1.7024955,1232,1171,valid
526,0.8047888,0.8093077,0.8287748,0.8124276,0.8126148651560267,1.5693799,1.7090188,1232,1171,valid
527,0.8046903,0.80882084,0.83022773,0.81245226,0.8124946717397742,1.5693779,1.6907129,1232,1171,valid
528,0.8045822,0.80881953,0.82951784,0.812266,0.8124958965261866,1.5693759,1.6968703,1232,1171,valid
529,0.80437815,0.8125131,0.8304285,0.8154213,0.8123613893587314,1.5693738,1.6980028,1232,1171,valid
530,0.8042884,0.8074102,0.8309439,0.81137156,0.8124261831826117,1.5693718,1.704109,1232,1171,valid
531,0.8041464,0.8072673,0.8314123,0.8113523,0.8124476845554433,1.5693698,1.7039921,1232,1171,valid
532,0.80397534,0.80940944,0.83109045,0.812953,0.812283776490037,1.5693678,1.7131054,1232,1171,valid
533,0.8038702,0.8124262,0.8297994,0.8151571,0.8121027420778184,1.5693657,1.7079549,1232,1171,valid
534,0.80367374,0.8064987,0.8309233,0.8106568,0.8117648047046211,1.5693637,1.7004955,1232,1171,valid
535,0.80349684,0.814095,0.83256114,0.8169256,0.8115211576645113,1.5693616,1.7287525,1232,1171,valid
536,0.8035228,0.8013785,0.8350607,0.807088,0.811044230281868,1.5693595,1.7430797,1232,1171,valid
537,0.80333984,0.804476,0.83568394,0.8096573,0.8110410065817542,1.5693575,1.7510993,1232,1171,valid
538,0.8030979,0.8128009,0.83265007,0.81567353,0.8106722762844876,1.5693554,1.7627935,1232,1171,valid
539,0.80298954,0.80277646,0.83461237,0.8080346,0.810752706104147,1.5693533,1.7564081,1232,1171,valid
540,0.8030539,0.80865836,0.83078104,0.81208384,0.8106718425391558,1.5693512,1.7432783,1232,1171,valid
541,0.8028809,0.7997926,0.8304238,0.80497473,0.8106494435945475,1.5693492,1.7270645,1232,1171,valid
542,0.8026074,0.8074826,0.8317519,0.81154835,0.8105647064755899,1.569347,1.710984,1232,1171,valid
543,0.8025123,0.800578,0.83611363,0.80678725,0.8101026120143894,1.569345,1.7234952,1232,1171,valid
544,0.80258805,0.8162885,0.83059484,0.81845313,0.809881506998927,1.5693429,1.7049596,1232,1171,valid
545,0.8023193,0.8085065,0.8328044,0.81266576,0.8096929629252975,1.5693407,1.6992439,1232,1171,valid
546,0.80211866,0.80151117,0.83064747,0.80660707,0.8099441360721324,1.5693386,1.6966503,1232,1171,valid
547,0.8020091,0.80797493,0.8320472,0.8122493,0.8098775755846179,1.5693364,1.6743166,1232,1171,valid
548,0.80164903,0.80554396,0.83161473,0.810093,0.8099349961064326,1.5693344,1.6906922,1232,1171,valid
549,0.8016302,0.80421793,0.8302976,0.8087902,0.8099759223155926,1.5693322,1.6856524,1232,1171,valid
550,0.80148125,0.8054998,0.831555,0.8100301,0.8099355347070119,1.5693301,1.6929692,1232,1171,valid
551,0.8013035,0.8010936,0.8324307,0.8067013,0.809982546029408,1.569328,1.686383,1232,1171,valid
552,0.8011294,0.8011177,0.8291929,0.8060811,0.8099217328315722,1.5693257,1.6836346,1232,1171,valid
553,0.80106544,0.8011087,0.83241856,0.80669385,0.809821728347849,1.5693235,1.6889673,1232,1171,valid
554,0.8011024,0.80184674,0.83072555,0.8069831,0.8095886906725939,1.5693214,1.6831555,1232,1171,valid
555,0.80086213,0.80230284,0.8317312,0.807474,0.8096029439578011,1.5693192,1.6953151,1232,1171,valid
556,0.8008138,0.79888284,0.8325448,0.8048292,0.8093919944146307,1.569317,1.7035606,1232,1171,valid
557,0.80049413,0.8033937,0.8327415,0.8084461,0.8092937635015465,1.5693148,1.7121817,1232,1171,valid
558,0.80033165,0.8018001,0.83178735,0.8069623,0.8092337646026051,1.5693127,1.7130471,1232,1171,valid
559,0.80014336,0.8098005,0.83249855,0.81355715,0.8092335758561383,1.5693104,1.7127137,1232,1171,valid
560,0.8001672,0.80558896,0.833725,0.81048626,0.8091112812549878,1.5693083,1.7014887,1232,1171,valid
561,0.80000997,0.8125908,0.8334545,0.8161634,0.8091887889174136,1.569306,1.6883248,1232,1171,valid
562,0.79992545,0.80143225,0.8327676,0.80710655,0.8089727244089895,1.5693038,1.6767741,1232,1171,valid
563,0.79974717,0.8080641,0.83347523,0.81282514,0.8088421437807075,1.5693016,1.6422161,1232,1171,valid
564,0.799466,0.8078616,0.83348083,0.8124351,0.8088622462055649,1.5692993,1.6764612,1232,1171,valid
565,0.79945445,0.7999878,0.8329554,0.80594987,0.8086702479989606,1.5692971,1.6814442,1232,1171,valid
566,0.79929847,0.79892766,0.8336088,0.8052995,0.8085601645478816,1.5692948,1.6707791,1232,1171,valid
567,0.7991751,0.8068664,0.83304214,0.81157863,0.8082307550333946,1.5692925,1.671216,1232,1171,valid
568,0.79889727,0.81829727,0.8339666,0.82116425,0.8081078538889309,1.5692903,1.6440617,1232,1171,valid
569,0.798875,0.80913675,0.8339275,0.81371313,0.8078117199509776,1.569288,1.6525207,1232,1171,valid
570,0.79876673,0.80496883,0.83398616,0.81046706,0.8079597283204434,1.5692858,1.63725,1232,1171,valid
571,0.7989206,0.7984827,0.8328857,0.80479145,0.8078592393122115,1.5692835,1.6711895,1232,1171,valid
572,0.7985573,0.7950027,0.8359785,0.8026759,0.8076562358192386,1.5692812,1.6623256,1232,1171,valid
573,0.7983661,0.79514873,0.8331759,0.8020849,0.807526548473532,1.5692788,1.683261,1232,1171,valid
574,0.7982946,0.7965179,0.8373039,0.80409306,0.8073641806270327,1.5692766,1.6732088,1232,1171,valid
575,0.7982112,0.7979919,0.83342385,0.8044121,0.8071452934041555,1.5692743,1.6852149,1232,1171,valid
576,0.79808736,0.7961537,0.8340905,0.80307394,0.8069549309575099,1.5692719,1.6841885,1232,1171,valid
577,0.7979769,0.7976141,0.8340353,0.8040902,0.806743923537796,1.5692697,1.7065413,1232,1171,valid
578,0.797862,0.7985499,0.8348479,0.80497736,0.8063745924796053,1.5692673,1.7113153,1232,1171,valid
579,0.7976299,0.80404425,0.8347206,0.8093921,0.8059540867519104,1.5692649,1.7092421,1232,1171,valid
580,0.7976044,0.7981814,0.8346244,0.8045363,0.8056257816494282,1.5692626,1.7261689,1232,1171,valid
581,0.7975422,0.8028563,0.8345108,0.8083752,0.8051617665291644,1.5692602,1.711793,1232,1171,valid
582,0.7972173,0.807323,0.8349639,0.81182617,0.804803090691267,1.5692579,1.7479961,1232,1171,valid
583,0.797129,0.80573463,0.8353646,0.8106235,0.8044921712561017,1.5692555,1.7485708,1232,1171,valid
584,0.79707414,0.7977307,0.83744943,0.80475605,0.803978431652512,1.5692531,1.7248449,1232,1171,valid
585,0.79703194,0.8056488,0.83560264,0.8106249,0.8037469140448824,1.5692507,1.7452382,1232,1171,valid
586,0.7967024,0.8089261,0.83573675,0.8134352,0.8033340328932864,1.5692483,1.7240089,1232,1171,valid
587,0.7966671,0.8051382,0.8354995,0.8107315,0.8033934813784558,1.5692459,1.6642537,1232,1171,valid
588,0.7964991,0.79543805,0.8352997,0.80284923,0.8029096785988903,1.5692436,1.6682427,1232,1171,valid
589,0.7961719,0.79326826,0.8479116,0.8037009,0.8028655543289694,1.5692412,1.6627516,1232,1171,valid
590,0.7958828,0.7955436,0.83657527,0.803147,0.8028597292058773,1.5692387,1.6752181,1232,1171,valid
591,0.796076,0.7961335,0.8380976,0.80404294,0.8026658915987741,1.5692363,1.6584544,1232,1171,valid
592,0.79587835,0.7961192,0.8360619,0.8038107,0.802477480429637,1.5692338,1.6294444,1232,1171,valid
593,0.79584235,0.79497594,0.83615434,0.80265963,0.8024658737221557,1.5692314,1.6669044,1232,1171,valid
594,0.79583734,0.7954371,0.8363389,0.80322355,0.8027655150523563,1.5692289,1.6435964,1232,1171,valid
595,0.79571974,0.7915249,0.8356625,0.79971933,0.8028437011012077,1.5692265,1.6761856,1232,1171,valid
596,0.79552627,0.7952981,0.8362285,0.80290926,0.803032497141461,1.569224,1.6706383,1232,1171,valid
597,0.7953145,0.79163027,0.8362936,0.7998083,0.8030170101161163,1.5692215,1.6948404,1232,1171,valid
598,0.7952239,0.79449224,0.83704585,0.8024162,0.8029835857986615,1.569219,1.6721629,1232,1171,valid
599,0.79508615,0.7934292,0.83708006,0.80138636,0.8028357461026856,1.5692165,1.6993659,1232,1171,valid
600,0.79476887,0.7910716,0.84694976,0.80167323,0.8027037982694907,1.5692141,1.6723034,1232,1171,valid
601,0.7947006,0.79361904,0.8375316,0.80170166,0.8025502411921398,1.5692115,1.6887207,1232,1171,valid
602,0.7945519,0.788167,0.8424675,0.7983625,0.8023167145128131,1.569209,1.68164,1232,1171,valid
603,0.79423195,0.7928026,0.8427863,0.802113,0.802143061002256,1.5692065,1.6885468,1232,1171,valid
604,0.79431105,0.7964777,0.83775455,0.8040537,0.8020283171089729,1.569204,1.6880257,1232,1171,valid
605,0.7940911,0.7899594,0.8481458,0.8007944,0.801982006268398,1.5692015,1.7063637,1232,1171,valid
606,0.7940619,0.7987157,0.8379139,0.80574524,0.801845072911489,1.5691988,1.7096037,1232,1171,valid
607,0.79381657,0.79070055,0.8374252,0.79902565,0.8018585237393461,1.5691963,1.7345812,1232,1171,valid
608,0.7936554,0.7918192,0.83807814,0.80010617,0.8018804248436147,1.5691937,1.727452,1232,1171,valid
609,0.7936634,0.79853666,0.83804846,0.8054765,0.8018461135862565,1.5691912,1.7324318,1232,1171,valid
610,0.79376405,0.7933537,0.8471236,0.80332327,0.8017774639916522,1.5691886,1.7058017,1232,1171,valid
611,0.7933581,0.80097353,0.8385656,0.80786234,0.8016641451744252,1.569186,1.6847138,1232,1171,valid
612,0.7933397,0.78928083,0.84193695,0.7988463,0.8015181772902984,1.5691835,1.727515,1232,1171,valid
613,0.7931336,0.80276823,0.83901405,0.8094512,0.8012790564850734,1.5691808,1.6769556,1232,1171,valid
614,0.79296315,0.79266334,0.83988774,0.8014504,0.8011891724201867,1.5691782,1.6827735,1232,1171,valid
615,0.7928232,0.7917062,0.839067,0.8006866,0.8010385529301243,1.5691756,1.6566714,1232,1171,valid
616,0.792587,0.79189706,0.8392212,0.8008518,0.8010620057559746,1.569173,1.6596471,1232,1171,valid
617,0.79259646,0.7900406,0.8398104,0.79952806,0.8008845117103368,1.5691704,1.6519647,1232,1171,valid
618,0.79241335,0.7899878,0.8417555,0.7998235,0.8007064205597894,1.5691676,1.6605581,1232,1171,valid
619,0.7924153,0.79098797,0.84205747,0.8006208,0.8006819380785177,1.569165,1.6709805,1232,1171,valid
620,0.79203373,0.79453945,0.8398694,0.8031118,0.800563583776547,1.5691624,1.6595471,1232,1171,valid
621,0.7920238,0.7870008,0.84106326,0.797268,0.8004575066840213,1.5691596,1.662198,1232,1171,valid
622,0.79191256,0.7888113,0.84015465,0.7984306,0.8003350267237525,1.569157,1.6787373,1232,1171,valid
623,0.7918642,0.78576523,0.8400028,0.7960051,0.800326614755837,1.5691543,1.6702356,1232,1171,valid
624,0.79168075,0.78870404,0.8393334,0.79812866,0.8003450847014278,1.5691516,1.6860726,1232,1171,valid
625,0.7915628,0.7894567,0.8405756,0.798889,0.8000449139484858,1.5691489,1.7007833,1232,1171,valid
626,0.7912545,0.79094404,0.8383781,0.7996464,0.799993131176327,1.5691462,1.6998004,1232,1171,valid
627,0.79130906,0.7917857,0.84086335,0.80085206,0.7997412756508823,1.5691434,1.6963012,1232,1171,valid
628,0.7912105,0.79052186,0.8410336,0.79966295,0.7995047732958341,1.5691407,1.7273306,1232,1171,valid
629,0.7910261,0.7896761,0.8381354,0.7983531,0.7994490833351868,1.5691379,1.7334054,1232,1171,valid
630,0.7909779,0.7930633,0.8372009,0.80094284,0.7993852825093783,1.5691352,1.7254547,1232,1171,valid
631,0.79083484,0.790867,0.8414228,0.79981375,0.7988204987970401,1.5691324,1.7583308,1232,1171,valid
632,0.79066265,0.7899082,0.8407221,0.7989593,0.7985190792289765,1.5691297,1.749356,1232,1171,valid
633,0.79050183,0.7863112,0.8343046,0.7946668,0.7981212359691912,1.5691268,1.7636074,1232,1171,valid
634,0.79040486,0.7877711,0.83432025,0.79591703,0.7977120696508555,1.5691241,1.7526937,1232,1171,valid
635,0.7901723,0.7874625,0.8422321,0.7971079,0.7973801195452572,1.5691212,1.777919,1232,1171,valid
636,0.79017675,0.78956103,0.8391767,0.7982474,0.7973400747123246,1.5691185,1.7671974,1232,1171,valid
637,0.78992504,0.7901913,0.84248364,0.79918736,0.7973357401805797,1.5691156,1.8031576,1232,1171,valid
638,0.7899455,0.7955638,0.8390601,0.8029662,0.7970817940265059,1.5691128,1.7807637,1232,1171,valid
639,0.78966403,0.79019207,0.83102036,0.79696417,0.7968752280972081,1.56911,1.7874544,1232,1171,valid
640,0.7895827,0.7929734,0.8372271,0.7998708,0.7967587326989798,1.5691072,1.8766154,1232,1171,valid
641,0.7895606,0.78691566,0.82907677,0.79309946,0.7966237310785336,1.5691043,1.9129758,1232,1171,valid
642,0.78942555,0.7938849,0.83736455,0.80066824,0.7963068800206318,1.5691015,1.8712319,1232,1171,valid
643,0.7893451,0.79358447,0.84082836,0.80120695,0.7959699331519102,1.5690986,1.8596654,1232,1171,valid
644,0.78946763,0.7887578,0.8285891,0.794927,0.7957677110712534,1.5690956,1.8460511,1232,1171,valid
645,0.78910077,0.79125947,0.8352653,0.7984792,0.7956065918225128,1.5690928,1.8184686,1232,1171,valid
646,0.7889505,0.78672975,0.8315482,0.794029,0.7953804712211238,1.5690899,1.8260651,1232,1171,valid
647,0.78875107,0.7879772,0.8415774,0.79712474,0.795063470845817,1.5690869,1.8177094,1232,1171,valid
648,0.7886476,0.78233147,0.82371163,0.7890796,0.7950109389039327,1.569084,1.7992194,1232,1171,valid
649,0.7885329,0.78173053,0.8257055,0.7889286,0.7946055273839006,1.5690811,1.8101443,1232,1171,valid
650,0.78846794,0.7915947,0.8316741,0.79797006,0.7945409556385911,1.5690781,1.8259335,1232,1171,valid
651,0.7882005,0.78270924,0.82134366,0.7890928,0.7942800890989071,1.5690751,1.7706223,1232,1171,valid
652,0.7881855,0.78770494,0.83045506,0.79498124,0.7942653952315675,1.5690722,1.767405,1232,1171,valid
653,0.7880739,0.7838808,0.82153046,0.7900246,0.7942463377922804,1.5690693,1.7778502,1232,1171,valid
654,0.7878997,0.7797302,0.81721354,0.78575534,0.7941081610894205,1.5690662,1.7864733,1232,1171,valid
655,0.7878385,0.78076667,0.8167038,0.786403,0.793857710109378,1.5690632,1.7988081,1232,1171,valid
656,0.7875096,0.7946224,0.829078,0.79993767,0.7937279505317366,1.5690602,1.8172743,1232,1171,valid
657,0.78754365,0.78918254,0.83591884,0.7970032,0.7935373350991578,1.5690572,1.8090076,1232,1171,valid
658,0.78741866,0.78810847,0.8231297,0.79388636,0.7933006914286239,1.5690541,1.7572465,1232,1171,valid
659,0.78695494,0.7899445,0.82347023,0.79497695,0.7925627639119137,1.5690511,1.8258424,1232,1171,valid
660,0.78699005,0.79245734,0.83070123,0.798478,0.7921333510747719,1.569048,1.8242513,1232,1171,valid
661,0.7870301,0.7820061,0.81454813,0.7867475,0.7916413985221138,1.5690451,1.8311095,1232,1171,valid
662,0.7869551,0.78574467,0.81349564,0.7899089,0.7912737449035256,1.569042,1.7755015,1232,1171,valid
663,0.7869187,0.78502774,0.812782,0.78910977,0.7908467244350047,1.5690389,1.7872274,1232,1171,valid
664,0.786546,0.7911763,0.8362758,0.7989911,0.790493888843786,1.5690358,1.7622726,1232,1171,valid
665,0.7864495,0.7840455,0.8163847,0.78916067,0.7902454763523155,1.5690327,1.7706809,1232,1171,valid
666,0.7863095,0.7835697,0.8133807,0.7884508,0.7899597891432811,1.5690296,1.7282057,1232,1171,valid
667,0.78613156,0.7912458,0.8151065,0.794788,0.7896204852118588,1.5690265,1.7563834,1232,1171,valid
668,0.7859156,0.79085946,0.8144524,0.7947024,0.7895802095410416,1.5690233,1.7024965,1232,1171,valid
669,0.78584164,0.78555226,0.8152714,0.79051036,0.7894702716986999,1.5690202,1.715868,1232,1171,valid
670,0.785735,0.786336,0.80901337,0.7896779,0.7894665808509458,1.5690169,1.744977,1232,1171,valid
671,0.7855015,0.7905382,0.8185722,0.7949752,0.7894904554320747,1.5690138,1.7483709,1232,1171,valid
672,0.7855117,0.78692925,0.8197197,0.7928599,0.7893737557925211,1.5690106,1.6647711,1232,1171,valid
673,0.7852723,0.7795173,0.80762994,0.7842416,0.7891889020104128,1.5690074,1.6959825,1232,1171,valid
674,0.78511316,0.78916895,0.8126508,0.79293734,0.7884987640233274,1.5690042,1.7084094,1232,1171,valid
675,0.7851632,0.77801967,0.80417067,0.78251094,0.7879638909286263,1.569001,1.6698151,1232,1171,valid
676,0.78496665,0.78407705,0.81341,0.788923,0.7874407875486144,1.5689977,1.7194039,1232,1171,valid
677,0.78486127,0.7761896,0.80200475,0.7803606,0.7872622003722334,1.5689945,1.7062682,1232,1171,valid
678,0.7845883,0.77631116,0.80007476,0.78022075,0.786932933258696,1.5689913,1.6831177,1232,1171,valid
679,0.78460014,0.77785957,0.80209243,0.7818815,0.7865640568329114,1.568988,1.6818309,1232,1171,valid
680,0.7845368,0.77951604,0.8024806,0.78339183,0.7862092487787422,1.5689847,1.6666027,1232,1171,valid
681,0.7842748,0.7772796,0.79974806,0.78107214,0.7856154980757939,1.5689814,1.6620234,1232,1171,valid
682,0.7842281,0.7765328,0.80222404,0.7812703,0.7857080263058147,1.5689782,1.6173401,1232,1171,valid
683,0.7840748,0.7770677,0.8008281,0.7812019,0.78550086434492,1.5689749,1.6497842,1232,1171,valid
684,0.7840774,0.7885689,0.8185116,0.79399186,0.7853371091138747,1.5689715,1.6560402,1232,1171,valid
685,0.78383744,0.78097284,0.8049152,0.7849735,0.784986508230383,1.5689682,1.6790106,1232,1171,valid
686,0.7837072,0.7862222,0.80067056,0.78822154,0.7847919271562883,1.5689648,1.6957493,1232,1171,valid
687,0.78365225,0.7815131,0.80498195,0.78543097,0.78448284896853,1.5689615,1.6775322,1232,1171,valid
688,0.7835828,0.7843108,0.81111765,0.78904366,0.7843670597305556,1.568958,1.6595187,1232,1171,valid
689,0.7834369,0.7879494,0.8119054,0.79217046,0.7841945436252377,1.5689547,1.6533974,1232,1171,valid
690,0.7832293,0.7810726,0.7978399,0.7838496,0.7842150762406683,1.5689514,1.6443744,1232,1171,valid
691,0.7830485,0.78275394,0.8148005,0.78869444,0.7840375260276875,1.5689479,1.6360927,1232,1171,valid
692,0.7828997,0.780838,0.79927903,0.78415215,0.783794421832806,1.5689445,1.6143131,1232,1171,valid
693,0.7827502,0.7788081,0.7944321,0.7814434,0.7836295982301195,1.568941,1.6287831,1232,1171,valid
694,0.78299344,0.78258795,0.796615,0.7852388,0.783450846303579,1.5689375,1.5811352,1232,1171,valid
695,0.7828967,0.77153116,0.7908602,0.77520865,0.7833829614046107,1.5689341,1.5789905,1232,1171,valid
696,0.78264034,0.7731707,0.7919899,0.7767275,0.7832412129323291,1.5689306,1.5828216,1232,1171,valid
697,0.78245294,0.77295655,0.78962785,0.7761055,0.7832190203176181,1.5689272,1.5786133,1232,1171,valid
698,0.78225523,0.7783964,0.79171354,0.78099954,0.783280280395706,1.5689237,1.5628427,1232,1171,valid
699,0.78208655,0.78636545,0.8078623,0.7906171,0.7829410107873462,1.5689201,1.5719632,1232,1171,valid
700,0.7819814,0.7835344,0.7939697,0.78537035,0.7826687540415749,1.5689167,1.5951664,1232,1171,valid
701,0.78175384,0.7912344,0.8128669,0.7955561,0.782317681491728,1.5689131,1.5710202,1232,1171,valid
702,0.78178096,0.77352023,0.78683853,0.7756356,0.7821917987217436,1.5689095,1.6325983,1232,1171,valid
703,0.7815138,0.7807123,0.81130385,0.78614306,0.7817566478794176,1.568906,1.6663907,1232,1171,valid
704,0.7814245,0.7818899,0.7937994,0.7829144,0.7815422941737523,1.5689024,1.7609284,1232,1171,valid
705,0.7812561,0.7754811,0.78915316,0.77679265,0.7808426453420712,1.5688988,1.7661455,1232,1171,valid
706,0.78110486,0.77966267,0.80896103,0.7839755,0.7807188054578665,1.5688952,1.7943648,1232,1171,valid
707,0.78101104,0.773023,0.7848363,0.7738239,0.7801224213283133,1.5688915,1.7847152,1232,1171,valid
708,0.780809,0.78136253,0.79078877,0.7816027,0.7795758093992841,1.568888,1.802884,1232,1171,valid
709,0.78091145,0.77647495,0.78874254,0.77746046,0.7791402407425605,1.5688843,1.7732028,1232,1171,valid
710,0.7805905,0.78544295,0.7938768,0.7856477,0.77917786570576,1.5688807,1.7816681,1232,1171,valid
711,0.78058654,0.78366673,0.80267763,0.78598744,0.7792667488111578,1.568877,1.7841101,1232,1171,valid
712,0.78049964,0.77709407,0.79162157,0.77888757,0.7792308047937165,1.5688733,1.7208209,1232,1171,valid
713,0.78039354,0.7733433,0.78454214,0.7743376,0.7792482207406087,1.5688696,1.7369848,1232,1171,valid
714,0.7802066,0.77271795,0.7850767,0.77418566,0.7793218711836758,1.5688658,1.7005109,1232,1171,valid
715,0.78019524,0.7762941,0.78658795,0.77757376,0.779470936516614,1.5688621,1.6684272,1232,1171,valid
716,0.7801542,0.77280617,0.78646815,0.77471906,0.7792989483705516,1.5688584,1.6731561,1232,1171,valid
717,0.779909,0.77512574,0.78093386,0.7753594,0.7793173862990155,1.5688546,1.6884526,1232,1171,valid
718,0.77972436,0.7778449,0.7899355,0.77927136,0.7793533385708405,1.5688508,1.7023693,1232,1171,valid
719,0.7795258,0.78170997,0.7850587,0.78118384,0.7790316914566333,1.5688471,1.7331841,1232,1171,valid
720,0.77949184,0.77413976,0.7800902,0.7739255,0.7790331001980815,1.5688432,1.7597306,1232,1171,valid
721,0.7794348,0.7756551,0.78053695,0.7753485,0.7787929485061632,1.5688394,1.7420917,1232,1171,valid
722,0.7791727,0.77797866,0.78024364,0.777219,0.7781804134741408,1.5688355,1.7322897,1232,1171,valid
723,0.7789851,0.7729279,0.7802757,0.7731302,0.7779324212893137,1.5688317,1.7387034,1232,1171,valid
724,0.77899545,0.7783892,0.784848,0.7781203,0.7775498995621697,1.5688279,1.7865922,1232,1171,valid
725,0.7787842,0.7843488,0.7993767,0.7858917,0.7772788790339311,1.5688239,1.780325,1232,1171,valid
726,0.778767,0.78038895,0.7839809,0.7794999,0.7772887320061365,1.56882,1.7942256,1232,1171,valid
727,0.778696,0.7788613,0.7857313,0.7785637,0.7774463145942635,1.5688162,1.803846,1232,1171,valid
728,0.7782477,0.7834841,0.779143,0.7807458,0.7771469584142818,1.5688123,1.8335521,1232,1171,valid
729,0.7781434,0.7727543,0.77742636,0.7718906,0.7768739956432645,1.5688083,1.8178818,1232,1171,valid
730,0.77810496,0.7894782,0.7991812,0.78985465,0.7770163608276556,1.5688043,1.7986494,1232,1171,valid
731,0.77800155,0.7726903,0.77743304,0.7719876,0.7767760601139997,1.5688003,1.795679,1232,1171,valid
732,0.7779219,0.7857951,0.79034257,0.78536725,0.7767223251732802,1.5687963,1.7586858,1232,1171,valid
733,0.77778125,0.7839075,0.7938765,0.7845638,0.7764267428736209,1.5687923,1.7590313,1232,1171,valid
734,0.7775844,0.77913,0.79534477,0.7809764,0.7764136125815579,1.5687883,1.7660398,1232,1171,valid
735,0.77728313,0.77981997,0.7801614,0.7786491,0.7761900667566347,1.5687842,1.7370566,1232,1171,valid
736,0.77758104,0.7688114,0.77131796,0.7680239,0.7764036619135743,1.5687802,1.7380819,1232,1171,valid
737,0.7773941,0.77621377,0.7764064,0.77482015,0.7762397539579426,1.5687761,1.7634313,1232,1171,valid
738,0.7774164,0.77095556,0.773352,0.7698709,0.7760687066723544,1.5687721,1.780746,1232,1171,valid
739,0.777105,0.7714765,0.7756759,0.77105945,0.7758905200568248,1.5687679,1.7352247,1232,1171,valid
740,0.7770821,0.7732271,0.7767453,0.7721307,0.7757051941113539,1.5687639,1.8180882,1232,1171,valid
741,0.77678007,0.7774612,0.77603114,0.77523685,0.7755127288359416,1.5687597,1.8401599,1232,1171,valid
742,0.7768643,0.7753014,0.7805459,0.7741042,0.775313124230588,1.5687555,1.8873492,1232,1171,valid
743,0.77674574,0.7704209,0.7736375,0.7689693,0.775106380295293,1.5687513,1.8609258,1232,1171,valid
744,0.7765573,0.7779143,0.7901565,0.7781787,0.7748924970300567,1.5687472,1.8823309,1232,1171,valid
745,0.77646834,0.7735496,0.77184105,0.77118695,0.774671474434879,1.568743,1.8500074,1232,1171,valid
746,0.7762125,0.7691755,0.77483773,0.7679948,0.7744433125097602,1.5687387,1.8940158,1232,1171,valid
747,0.7760533,0.77986205,0.7958038,0.7809615,0.7742080112546998,1.5687345,1.8709571,1232,1171,valid
748,0.77594376,0.768537,0.770215,0.76676273,0.7739655706696982,1.5687302,1.8618174,1232,1171,valid
749,0.775927,0.77681637,0.77681863,0.7748778,0.7737159907547553,1.568726,1.8402876,1232,1171,valid
750,0.7758295,0.7829722,0.7898692,0.7823771,0.7734592715098709,1.5687217,1.8529916,1232,1171,valid
751,0.7755368,0.770257,0.77442753,0.7692121,0.7731954129350453,1.5687174,1.8285015,1232,1171,valid
752,0.7754386,0.77682674,0.78117335,0.7759695,0.7729244150302784,1.568713,1.8096939,1232,1171,valid
753,0.77523655,0.7741558,0.775483,0.77263314,0.77264627779557,1.5687087,1.816166,1232,1171,valid
754,0.77509373,0.7833514,0.78925157,0.78316015,0.7723610012309204,1.5687042,1.7620339,1232,1171,valid
755,0.7750448,0.7682017,0.7686268,0.7669577,0.7720685853363295,1.5686998,1.7432721,1232,1171,valid
756,0.77494746,0.7751142,0.7726048,0.77311516,0.7717690301117972,1.5686955,1.7716235,1232,1171,valid
757,0.77482486,0.77528805,0.77668273,0.77413124,0.7714623355573236,1.568691,1.7637383,1232,1171,valid
758,0.77473867,0.773696,0.7710279,0.77199906,0.7711485016729086,1.5686866,1.7202793,1232,1171,valid
759,0.7745617,0.7715855,0.7667595,0.76935405,0.7708275284585523,1.5686822,1.7339655,1232,1171,valid
760,0.77454686,0.7740133,0.76865244,0.77192354,0.7704994159142546,1.5686777,1.6976331,1232,1171,valid
761,0.7743452,0.765912,0.76653576,0.7648917,0.7701641640400156,1.5686731,1.7145196,1232,1171,valid
762,0.77415985,0.79142916,0.80332196,0.79303,0.7753038813676416,1.5686687,1.6833018,1232,1171,valid
763,0.7739998,0.7823423,0.7790721,0.780391,0.7748117969199556,1.5686642,1.7466052,1232,1171,valid
764,0.7740007,0.77259,0.7673767,0.77032816,0.7743305460984825,1.5686595,1.727288,1232,1171,valid
765,0.77386206,0.77018595,0.76581323,0.7679163,0.7738601289032223,1.568655,1.75284,1232,1171,valid
766,0.77372503,0.7657024,0.7643521,0.7640738,0.7734005453341751,1.5686504,1.7462127,1232,1171,valid
767,0.7736901,0.7687074,0.765738,0.7665773,0.7729517953913407,1.5686458,1.7738613,1232,1171,valid
768,0.7734851,0.7746358,0.77272636,0.7718177,0.7725138790747194,1.5686412,1.9133179,1232,1171,valid
769,0.77322227,0.77143884,0.77935576,0.77063996,0.7720867963843109,1.5686365,1.9063684,1232,1171,valid
770,0.77310354,0.7747306,0.7770647,0.7726553,0.7716705473201153,1.5686319,1.930717,1232,1171,valid
771,0.7731297,0.7722901,0.7719009,0.76989317,0.7712651318821326,1.5686271,1.8947253,1232,1171,valid
772,0.77289206,0.775952,0.77122927,0.7726343,0.7708705500703629,1.5686225,1.9037228,1232,1171,valid
773,0.77260923,0.77629673,0.7732714,0.77379316,0.7704868018848061,1.5686177,1.832836,1232,1171,valid
774,0.77273494,0.7682637,0.76712453,0.766219,0.7701138873254622,1.5686129,1.8166034,1232,1171,valid
775,0.772611,0.7700342,0.768407,0.76815236,0.7697518063923312,1.5686082,1.7779329,1232,1171,valid
776,0.77231616,0.7711481,0.76622564,0.7688666,0.7694005590854132,1.5686034,1.7383485,1232,1171,valid
777,0.7721428,0.76476735,0.7642412,0.7632556,0.769060145404708,1.5685985,1.7533443,1232,1171,valid
778,0.7720713,0.77246684,0.77463186,0.7717782,0.7687305653502159,1.5685937,1.7147381,1232,1171,valid
779,0.77183414,0.7735153,0.7673681,0.77128446,0.7684118189219366,1.5685889,1.6946466,1232,1171,valid
780,0.7719745,0.7759892,0.77431566,0.7748044,0.7681039061198702,1.568584,1.6747955,1232,1171,valid
781,0.77186877,0.76934075,0.76444346,0.7671378,0.7678068269440168,1.5685791,1.7263529,1232,1171,valid
782,0.7717697,0.7651955,0.7643809,0.76381123,0.7675205813943762,1.5685741,1.7254102,1232,1171,valid
783,0.77165425,0.7695961,0.76762295,0.7677519,0.7672451694709487,1.5685692,1.7614754,1232,1171,valid
784,0.77145445,0.7666428,0.7615253,0.7643611,0.766980591173734,1.5685642,1.730401,1232,1171,valid
785,0.7714504,0.76692986,0.76118433,0.764297,0.7667268465027322,1.5685592,1.7644634,1232,1171,valid
786,0.7713426,0.76621866,0.76162523,0.7641552,0.7664839354579434,1.5685542,1.7132193,1232,1171,valid
787,0.77108496,0.7678713,0.7611376,0.7648663,0.7662518580393524,1.5685492,1.7909596,1232,1171,valid
788,0.7709308,0.77231586,0.7613721,0.76883864,0.7666082830887304,1.568544,1.7359511,1232,1171,valid
789,0.77069885,0.76731825,0.7619021,0.76431775,0.7666747974129883,1.568539,1.830264,1232,1171,valid
790,0.7706106,0.7705461,0.76451576,0.76816463,0.7665633796921774,1.5685339,1.719354,1232,1171,valid
791,0.7705828,0.76884586,0.7678232,0.7670339,0.7663308817758696,1.5685288,1.7852415,1232,1171,valid
792,0.77036756,0.77290714,0.76174784,0.7698404,0.7660734665866475,1.5685236,1.6676731,1232,1171,valid
793,0.77040005,0.7692088,0.76056707,0.76637733,0.7657566770653538,1.5685184,1.7070807,1232,1171,valid
794,0.77069235,0.7810011,0.80012,0.78458667,0.7655555410369751,1.5685133,1.5942655,1232,1171,valid
795,0.7704608,0.7661745,0.7578103,0.7634633,0.7651565803625727,1.568508,1.6961565,1232,1171,valid
796,0.7702746,0.7656374,0.7585676,0.7643696,0.7650700384645462,1.5685028,1.5171192,1232,1171,valid
797,0.76988757,0.7752274,0.75946355,0.7714425,0.7646882842061009,1.5684975,1.6370704,1232,1171,valid
798,0.77004546,0.7636884,0.75810194,0.7624162,0.7647682780122957,1.5684922,1.5623661,1232,1171,valid
799,0.76981604,0.76315117,0.7573503,0.76148176,0.7648012282980569,1.5684868,1.6157678,1232,1171,valid
800,0.7696896,0.768067,0.7697296,0.7687267,0.7646194389121223,1.5684816,1.4932449,1232,1171,valid
801,0.76945186,0.76454175,0.7585346,0.7632319,0.7644688462926851,1.5684762,1.5555081,1232,1171,valid
802,0.7693214,0.7649059,0.76613617,0.765354,0.7644334869013719,1.5684707,1.5105727,1232,1171,valid
803,0.7691537,0.7660021,0.7675451,0.76636714,0.7642553673357084,1.5684654,1.5331414,1232,1171,valid
804,0.7690316,0.76131415,0.7572783,0.76051223,0.7642933408555947,1.5684599,1.5378224,1232,1171,valid
805,0.7690423,0.76243913,0.76165056,0.7620713,0.7643401140159268,1.5684544,1.5715011,1232,1171,valid
806,0.76886916,0.7676376,0.770226,0.7682746,0.7645118409311227,1.5684489,1.5247068,1232,1171,valid
807,0.76872796,0.7639247,0.76163703,0.7633241,0.7644651055851578,1.5684434,1.5614704,1232,1171,valid
808,0.7684115,0.7755383,0.77069736,0.77466387,0.7643364888365825,1.5684378,1.531009,1232,1171,valid
809,0.76837754,0.7655864,0.75866413,0.7639693,0.7642015121025442,1.5684322,1.5744326,1232,1171,valid
810,0.7681538,0.7658985,0.7564648,0.7643169,0.764060175383058,1.5684266,1.492583,1232,1171,valid
811,0.7679694,0.75988007,0.7538994,0.7588869,0.763912478678124,1.568421,1.5071329,1232,1171,valid
812,0.76792836,0.7636045,0.75998294,0.7632809,0.763758421987742,1.5684154,1.4787498,1232,1171,valid
813,0.76789045,0.7642161,0.7590727,0.7639036,0.7635980053119121,1.5684097,1.4308599,1232,1171,valid
814,0.7677145,0.76428235,0.7622726,0.7644437,0.7634312286506345,1.568404,1.4548236,1232,1171,valid
815,0.7675373,0.7612245,0.75866,0.76142687,0.7632580920039089,1.5683982,1.4306831,1232,1171,valid
816,0.76750296,0.7619555,0.7607588,0.76282525,0.7630785953717355,1.5683925,1.3716395,1232,1171,valid
817,0.76736075,0.7587484,0.7531247,0.75869614,0.7628927387541141,1.5683867,1.3753408,1232,1171,valid
818,0.7673059,0.7620313,0.75604135,0.7618999,0.7627005221510449,1.5683808,1.3769362,1232,1171,valid
819,0.767228,0.76390564,0.7556609,0.76314044,0.7625019455625278,1.568375,1.4046513,1232,1171,valid
820,0.7671018,0.7709427,0.763199,0.7698188,0.7622970089885629,1.5683692,1.4772748,1232,1171,valid
821,0.7669349,0.78460765,0.7809614,0.7845263,0.76208571242915,1.5683632,1.4552908,1232,1171,valid
822,0.7668189,0.771881,0.7661638,0.77095425,0.7618680558842893,1.5683573,1.5098369,1232,1171,valid
823,0.7667363,0.76059335,0.7524763,0.75900173,0.7616440393539807,1.5683514,1.5327401,1232,1171,valid
824,0.76663643,0.764343,0.75638056,0.7623432,0.7614136628382242,1.5683453,1.6001815,1232,1171,valid
825,0.76654094,0.7634812,0.76089966,0.7624269,0.7611769263370198,1.5683393,1.6210005,1232,1171,valid
826,0.7664425,0.7651229,0.7587298,0.7632548,0.7609338298503676,1.5683333,1.628377,1232,1171,valid
827,0.766175,0.76199263,0.7548481,0.7600848,0.7606843733782676,1.5683272,1.6105666,1232,1171,valid
828,0.7660253,0.7601899,0.7543456,0.7584457,0.7604285569207195,1.5683211,1.6250875,1232,1171,valid
829,0.7660671,0.7687744,0.76626873,0.76844466,0.7601663804777237,1.5683149,1.5159354,1232,1171,valid
830,0.7659946,0.7559072,0.75228584,0.75498617,0.75989784404928,1.5683087,1.5676845,1232,1171,valid
831,0.76570475,0.7621212,0.7570635,0.7613371,0.7596229476353883,1.5683025,1.5041714,1232,1171,valid
832,0.76560146,0.7594973,0.75654644,0.7582946,0.7593416912360489,1.5682963,1.6312175,1232,1171,valid
833,0.76551324,0.78074265,0.76975924,0.77873963,0.762901475597871,1.5682901,1.5177754,1232,1171,valid
834,0.7654036,0.76163244,0.7576976,0.76002866,0.7626868996017261,1.5682838,1.6623638,1232,1171,valid
835,0.76533645,0.76497877,0.75561357,0.7624656,0.7624757550857856,1.5682775,1.635274,1232,1171,valid
836,0.76507086,0.7575481,0.75531834,0.7559949,0.7622680420500493,1.568271,1.7060604,1232,1171,valid
837,0.76493305,0.76295125,0.75530756,0.7603734,0.7620637604945172,1.5682647,1.6970007,1232,1171,valid
838,0.7648653,0.7593751,0.75479543,0.75730246,0.7618629104191895,1.5682583,1.7132769,1232,1171,valid
839,0.7648258,0.76150244,0.75633,0.7593129,0.7616654918240662,1.5682518,1.7132714,1232,1171,valid
840,0.76467276,0.7582419,0.7537383,0.75606877,0.761471504709147,1.5682453,1.7306957,1232,1171,valid
841,0.76447755,0.7610984,0.7535586,0.7583173,0.7612809490744323,1.5682387,1.7305613,1232,1171,valid
842,0.76442766,0.7631122,0.75686276,0.7605522,0.7610938249199218,1.5682322,1.7368644,1232,1171,valid
843,0.76433563,0.76521814,0.7516733,0.7611466,0.7609101322456157,1.5682256,1.7437068,1232,1171,valid
844,0.7642158,0.75855684,0.7564037,0.7569573,0.7607298710515138,1.5682191,1.7155323,1232,1171,valid
845,0.76405776,0.76898134,0.76496273,0.766979,0.7605530413376163,1.5682124,1.7226764,1232,1171,valid
846,0.76394224,0.7577454,0.7541766,0.75603807,0.760379643103923,1.5682057,1.688597,1232,1171,valid
847,0.76381487,0.76365983,0.75334454,0.7608678,0.760209676350434,1.5681989,1.6481189,1232,1171,valid
848,0.7637458,0.77392983,0.7626102,0.77118903,0.7600431410771494,1.5681921,1.6141422,1232,1171,valid
849,0.7634378,0.7786962,0.7720019,0.7770064,0.759880037284069,1.5681853,1.5997803,1232,1171,valid
850,0.763569,0.7783248,0.77150786,0.7767076,0.759720364971193,1.5681785,1.5848086,1232,1171,valid
851,0.7633336,0.7571577,0.75147384,0.7554861,0.7595641241385213,1.5681716,1.618615,1232,1171,valid
852,0.76317215,0.77146184,0.766642,0.76998854,0.7594113147860538,1.5681647,1.6195384,1232,1171,valid
853,0.7631163,0.7563796,0.7550913,0.7555668,0.7592619369137907,1.5681578,1.6225041,1232,1171,valid
854,0.76323795,0.7606647,0.77130294,0.76261157,0.7591159905217318,1.5681509,1.5694605,1232,1171,valid
855,0.7630166,0.75837195,0.7535815,0.75692266,0.7589734756098774,1.5681438,1.6122947,1232,1171,valid
856,0.7627971,0.7636789,0.7528182,0.76109946,0.7588343921782271,1.5681368,1.5993247,1232,1171,valid
857,0.7625559,0.7530402,0.7490802,0.75168294,0.7586987402267812,1.5681297,1.6235352,1232,1171,valid
858,0.76259106,0.7590562,0.7532745,0.7575587,0.7585665197555247,1.5681225,1.5894607,1232,1171,valid
859,0.76243037,0.7604651,0.75536746,0.7587174,0.7591784945924517,1.5681154,1.6484337,1232,1171,valid
860,0.76231664,0.76396704,0.76231444,0.76302135,0.7592410153569067,1.5681082,1.633059,1232,1171,valid
861,0.76224077,0.7561058,0.74959695,0.754035,0.7591067467135847,1.5681009,1.653907,1232,1171,valid
862,0.76190853,0.7708452,0.7636156,0.768677,0.7589618687882045,1.5680937,1.6506919,1232,1171,valid
863,0.76185334,0.75722766,0.75051904,0.75479555,0.7588063815807815,1.5680863,1.7026151,1232,1171,valid
864,0.7617508,0.7656877,0.7545828,0.7623782,0.7586402850913155,1.568079,1.7029381,1232,1171,valid
865,0.76145625,0.7545101,0.7481103,0.75190264,0.7584635793198068,1.5680715,1.7386587,1232,1171,valid
866,0.7614942,0.75306535,0.74699223,0.7504935,0.758276264266255,1.5680641,1.7433465,1232,1171,valid
867,0.7613267,0.7528001,0.7516792,0.75137407,0.7580783399306605,1.5680566,1.7205966,1232,1171,valid
868,0.76107764,0.7618164,0.75688195,0.7595258,0.7578698063130231,1.5680491,1.7358981,1232,1171,valid
869,0.76101726,0.7608309,0.75166976,0.75800973,0.7576506634133428,1.5680416,1.6871352,1232,1171,valid
870,0.76104707,0.7514143,0.75241417,0.7509771,0.7574209112316196,1.5680339,1.6354206,1232,1171,valid
871,0.7608741,0.76433086,0.763008,0.7635783,0.7571805497678534,1.5680263,1.6140268,1232,1171,valid
872,0.76078975,0.752059,0.75207126,0.7513561,0.7569295790220445,1.5680186,1.64552,1232,1171,valid
873,0.76063335,0.756243,0.75195444,0.7548734,0.7566679989941926,1.5680108,1.615339,1232,1171,valid
874,0.76057184,0.7658776,0.7759291,0.767344,0.7563958096842979,1.568003,1.6262962,1232,1171,valid
875,0.760514,0.76284665,0.76197845,0.761918,0.7561130110923602,1.5679952,1.6540662,1232,1171,valid
876,0.76035386,0.7644235,0.7584853,0.7625945,0.7558196032183797,1.5679873,1.6361094,1232,1171,valid
877,0.76018244,0.76407933,0.7518797,0.7608086,0.7555155860623562,1.5679795,1.6632276,1232,1171,valid
878,0.7599017,0.7544279,0.7469866,0.7518248,0.75520095962429,1.5679715,1.7062421,1232,1171,valid
879,0.75988436,0.75917983,0.75029373,0.75652075,0.7548757239041808,1.5679635,1.6707538,1232,1171,valid
880,0.759907,0.75501525,0.7557086,0.75410354,0.7545398789020288,1.5679554,1.6978906,1232,1171,valid
881,0.75978965,0.75338125,0.75167423,0.752148,0.7541934246178338,1.5679474,1.6734407,1232,1171,valid
882,0.75964105,0.7482934,0.74970466,0.747679,0.7538363610515959,1.5679392,1.6753837,1232,1171,valid
883,0.759494,0.76603305,0.75921834,0.7640796,0.7534686882033153,1.567931,1.6287524,1232,1171,valid
884,0.75936943,0.7648498,0.7528459,0.76153535,0.7530904060729916,1.5679228,1.676011,1232,1171,valid
885,0.75928164,0.7482183,0.74822396,0.7477962,0.7527015146606252,1.5679145,1.6033143,1232,1171,valid
886,0.7591677,0.77287483,0.7625391,0.7702511,0.7652179699728334,1.5679061,1.6258562,1232,1171,valid
887,0.75911057,0.76322585,0.75452614,0.7612426,0.7643762922036555,1.5678978,1.57486,1232,1171,valid
888,0.7588038,0.76637435,0.7569696,0.7643559,0.7635545611985791,1.5678893,1.559708,1232,1171,valid
889,0.7588178,0.7840427,0.77788615,0.78305644,0.762752776957604,1.5678809,1.5145433,1232,1171,valid
890,0.75857335,0.75393224,0.74929225,0.7527724,0.7619709394807302,1.5678724,1.5728062,1232,1171,valid
891,0.75837433,0.7521882,0.74828756,0.75130135,0.7612090487679579,1.5678638,1.5540599,1232,1171,valid
892,0.7582981,0.75675094,0.75556266,0.75613636,0.7604671048192869,1.5678551,1.5955446,1232,1171,valid
893,0.7582886,0.7560061,0.75292194,0.7551122,0.7597451076347173,1.5678465,1.5799824,1232,1171,valid
894,0.758396,0.7548566,0.74836373,0.75325024,0.7590430572142489,1.5678377,1.5839837,1232,1171,valid
895,0.758061,0.7733953,0.75485975,0.76937515,0.758360953557882,1.567829,1.5870625,1232,1171,valid
896,0.75796837,0.76607347,0.75389385,0.76248085,0.7576987966656165,1.5678202,1.7131095,1232,1171,valid
897,0.7579562,0.7611349,0.75404656,0.75858533,0.7570565865374522,1.5678113,1.7092859,1232,1171,valid
898,0.7576828,0.7452334,0.74545985,0.7440558,0.7564343231733894,1.5678023,1.7257408,1232,1171,valid
899,0.75764394,0.7586798,0.7537185,0.7567389,0.755832006573428,1.5677934,1.6815952,1232,1171,valid
900,0.75737816,0.7485855,0.74839985,0.7471877,0.7552496367375678,1.5677843,1.7455717,1232,1171,valid
901,0.7572935,0.7483996,0.7471766,0.74687284,0.7546872136658092,1.5677751,1.7335511,1232,1171,valid
902,0.7571719,0.7509481,0.74736,0.749158,0.7541447373581517,1.5677661,1.7008146,1232,1171,valid
903,0.75711447,0.75318074,0.7493272,0.7513458,0.7536222078145958,1.5677568,1.699245,1232,1171,valid
904,0.7570391,0.7629638,0.75874555,0.76114863,0.7531196250351411,1.5677476,1.6860471,1232,1171,valid
905,0.7569311,0.74748975,0.74660075,0.7463471,0.7526369890197878,1.5677382,1.6856318,1232,1171,valid
906,0.75671434,0.7518116,0.7461456,0.7493605,0.7521742997685359,1.5677289,1.7376282,1232,1171,valid
907,0.7566046,0.7553753,0.75408554,0.75383675,0.7517315572813853,1.5677195,1.7324228,1232,1171,valid
908,0.7563753,0.7447093,0.74577737,0.7433224,0.751308761558336,1.5677099,1.7834597,1232,1171,valid
909,0.7561677,0.7475766,0.74579954,0.7457094,0.7509059125993882,1.5677004,1.7685939,1232,1171,valid
910,0.75618744,0.7620657,0.7533865,0.75885385,0.7505230104044898,1.5676907,1.7612276,1232,1171,valid
911,0.75604546,0.7513708,0.7458968,0.7491277,0.7504060403639012,1.5676811,1.7119957,1232,1171,valid
912,0.7557956,0.7572316,0.7479042,0.7537513,0.7500671504797485,1.5676713,1.7816602,1232,1171,valid
913,0.7557842,0.7576493,0.74635553,0.75392747,0.749744162152366,1.5676615,1.7583163,1232,1171,valid
914,0.75579774,0.74412525,0.7456314,0.7428723,0.7494370753818057,1.5676516,1.7766937,1232,1171,valid
915,0.75568205,0.7612686,0.7514626,0.75795346,0.7491458901680675,1.5676417,1.7423577,1232,1171,valid
916,0.7557243,0.75899446,0.7519214,0.75593543,0.7488706065111516,1.5676317,1.7866379,1232,1171,valid
917,0.75546837,0.7526046,0.7543886,0.75133896,0.7486112244110577,1.5676217,1.7849191,1232,1171,valid
918,0.7555612,0.7496896,0.7521937,0.74863845,0.7483677438677859,1.5676116,1.7747507,1232,1171,valid
919,0.755274,0.7555773,0.7484536,0.7526585,0.7481401648813364,1.5676014,1.7637639,1232,1171,valid
920,0.75507426,0.75427806,0.744636,0.7505443,0.7479284874517089,1.5675912,1.8106806,1232,1171,valid
921,0.7551059,0.75646156,0.7528161,0.7538246,0.7477327115789036,1.5675809,1.8271009,1232,1171,valid
922,0.75494975,0.7492412,0.74658126,0.7469301,0.7475528372629205,1.5675706,1.8086092,1232,1171,valid
923,0.754748,0.7563653,0.74866873,0.7528541,0.7473888645037595,1.5675601,1.8360897,1232,1171,valid
924,0.7547252,0.7485701,0.7465578,0.746016,0.7472407933014207,1.5675496,1.8654742,1232,1171,valid
925,0.7546763,0.7530297,0.7488136,0.75032264,0.747108623655904,1.567539,1.8205214,1232,1171,valid
926,0.75451475,0.7506044,0.749582,0.74851835,0.7469923555672094,1.5675284,1.8240893,1232,1171,valid
927,0.75422466,0.7443123,0.74471605,0.7425141,0.746891989035337,1.5675176,1.8259001,1232,1171,valid
928,0.754124,0.7414235,0.7450168,0.7408601,0.7468075240602867,1.5675069,1.7367859,1232,1171,valid
929,0.75398207,0.7597164,0.75807565,0.75833637,0.7467389606420587,1.5674961,1.6980855,1232,1171,valid
930,0.75385964,0.7462653,0.7447548,0.7448814,0.7466862987806526,1.5674851,1.7037292,1232,1171,valid
931,0.75365704,0.75190973,0.74232537,0.74912226,0.7466495384760689,1.5674741,1.6691805,1232,1171,valid
932,0.75369585,0.75255513,0.7475246,0.7507724,0.7466286797283072,1.567463,1.6554798,1232,1171,valid
933,0.75349724,0.74444973,0.7445334,0.7438123,0.7466237225373676,1.5674518,1.6395766,1232,1171,valid
934,0.75329,0.7456746,0.74747884,0.74538267,0.7466346669032502,1.5674406,1.6391301,1232,1171,valid
935,0.75320274,0.7450565,0.7469158,0.74469805,0.7466615128259549,1.5674293,1.6511266,1232,1171,valid
936,0.7531857,0.77048635,0.7591072,0.7677663,0.7660694892396489,1.567418,1.6073402,1232,1171,valid
937,0.7531,0.75225484,0.74676645,0.7505492,0.7647376792422531,1.5674065,1.6298522,1232,1171,valid
938,0.7529456,0.766885,0.755803,0.7640522,0.7634478402789491,1.567395,1.6319178,1232,1171,valid
939,0.7530097,0.77496344,0.7627739,0.7716772,0.7621999723497367,1.5673834,1.670588,1232,1171,valid
940,0.7527882,0.7721082,0.75723183,0.7681795,0.760994075454616,1.5673717,1.6841544,1232,1171,valid
941,0.7523896,0.76134276,0.7476945,0.757391,0.759830149593587,1.5673599,1.721639,1232,1171,valid
942,0.75260264,0.75311166,0.7441157,0.7502403,0.7587081947666496,1.5673481,1.6996639,1232,1171,valid
943,0.75242984,0.7619041,0.7452102,0.7577076,0.757628210973804,1.5673361,1.6659442,1232,1171,valid
944,0.7523562,0.76494384,0.7504959,0.7611256,0.75659019821505,1.5673242,1.6777631,1232,1171,valid
945,0.7520992,0.7545084,0.7488147,0.752659,0.7555941564903879,1.567312,1.6452163,1232,1171,valid
946,0.75183034,0.75390315,0.7499653,0.75241137,0.7546400857998172,1.5672998,1.6445646,1232,1171,valid
947,0.7518618,0.7535041,0.75480676,0.75325596,0.7537279861433384,1.5672876,1.6158602,1232,1171,valid
948,0.7517588,0.75363374,0.75085086,0.75253755,0.7528578575209512,1.5672752,1.6198105,1232,1171,valid
949,0.7514785,0.75310516,0.75403744,0.7526291,0.7520296999326558,1.5672628,1.6391308,1232,1171,valid
950,0.75149316,0.7427219,0.7442939,0.7423057,0.751243513378452,1.5672503,1.6520863,1232,1171,valid
951,0.7511651,0.7474762,0.7455787,0.7464347,0.7504992978583398,1.5672376,1.6395156,1232,1171,valid
952,0.75120294,0.74834347,0.75272316,0.7484298,0.7497970533723194,1.5672249,1.6595625,1232,1171,valid
953,0.7510585,0.7514972,0.75325024,0.7509201,0.7491367799203907,1.5672121,1.6796126,1232,1171,valid
954,0.750882,0.74202657,0.7433566,0.7412676,0.7485184775025536,1.5671992,1.69717,1232,1171,valid
955,0.75084955,0.7432013,0.742831,0.7418562,0.7479421461188083,1.5671862,1.7338803,1232,1171,valid
956,0.7507242,0.74075115,0.7432891,0.73999584,0.7474077857691547,1.5671731,1.7341446,1232,1171,valid
957,0.7504797,0.74690783,0.7442582,0.74508053,0.7469153964535927,1.56716,1.7361432,1232,1171,valid
958,0.750426,0.745653,0.7423888,0.74353105,0.7464649781721224,1.5671467,1.7626468,1232,1171,valid
959,0.7503298,0.7602806,0.75573206,0.7580277,0.7460565309247439,1.5671333,1.7416725,1232,1171,valid
960,0.7502023,0.74323356,0.74246734,0.7409586,0.745690054711457,1.5671198,1.8632377,1232,1171,valid
961,0.74997556,0.7525717,0.7457817,0.7490235,0.7453655495322472,1.5671064,1.8697519,1232,1171,valid
962,0.7498971,0.74344206,0.7439948,0.7414567,0.7453920723733004,1.5670927,1.8593187,1232,1171,valid
963,0.7499671,0.7441732,0.74342966,0.74187493,0.7454115970277317,1.5670788,1.8670067,1232,1171,valid
964,0.74968123,0.738462,0.7412416,0.73677516,0.7451459911364172,1.567065,1.8847982,1232,1171,valid
965,0.74982905,0.75216734,0.74979913,0.74980646,0.7458380806143239,1.567051,1.8244804,1232,1171,valid
966,0.7494878,0.7521368,0.7482271,0.749397,0.7460442295973253,1.567037,1.8349818,1232,1171,valid
967,0.74943906,0.7403164,0.74295455,0.73905194,0.7462854373495131,1.5670228,1.8149543,1232,1171,valid
968,0.7493104,0.7542753,0.7482581,0.7509465,0.7461026698892815,1.5670085,1.859793,1232,1171,valid
969,0.749014,0.7684413,0.76351345,0.76579624,0.7463744604149171,1.5669941,1.7918658,1232,1171,valid
970,0.74906784,0.7489915,0.74387217,0.7463519,0.7467659703372624,1.5669795,1.7835662,1232,1171,valid
971,0.74894226,0.7394935,0.74171954,0.73861784,0.7466446578383618,1.566965,1.743687,1232,1171,valid
972,0.74887663,0.73971856,0.74099666,0.73883826,0.7465183117161298,1.5669502,1.7153296,1232,1171,valid
973,0.74858445,0.7466924,0.74214405,0.7448992,0.746386931970581,1.5669353,1.6731073,1232,1171,valid
974,0.7484233,0.7553922,0.74472845,0.7524477,0.7462505186017155,1.5669204,1.6596937,1232,1171,valid
975,0.7484971,0.7664138,0.74676764,0.76187575,0.7461090716095333,1.5669053,1.6286387,1232,1171,valid
976,0.7481848,0.75561893,0.743657,0.7523972,0.7459625909940343,1.5668901,1.6621584,1232,1171,valid
977,0.74814254,0.75089824,0.74850863,0.7495456,0.7458110767552186,1.5668747,1.6709943,1232,1171,valid
978,0.74802727,0.75750256,0.74558425,0.7543743,0.7456545288930861,1.5668594,1.6492757,1232,1171,valid
979,0.7498683,0.73551476,0.7361603,0.73514616,0.745492947407637,1.5668437,1.6210059,1232,1171,valid
980,0.7476245,0.74569595,0.74727535,0.74486893,0.7453263322988711,1.5668281,1.713573,1232,1171,valid
981,0.74763364,0.74537647,0.7422586,0.7436858,0.7451546835667885,1.5668123,1.7016567,1232,1171,valid
982,0.7476639,0.74463457,0.74349666,0.74313533,0.744978001211389,1.5667963,1.733248,1232,1171,valid
983,0.7474937,0.7453531,0.74460906,0.74370795,0.7447962852326729,1.5667803,1.767158,1232,1171,valid
984,0.7474851,0.74580324,0.745153,0.7440244,0.74460953563064,1.5667641,1.790177,1232,1171,valid
985,0.7474033,0.74347675,0.7446346,0.7419336,0.7444177524052904,1.5667478,1.8104982,1232,1171,valid
986,0.7472965,0.7643877,0.7420962,0.7573479,0.7442209355566242,1.5667313,1.9263616,1232,1171,valid
987,0.74707806,0.7438599,0.7437171,0.7421225,0.744019085084641,1.5667148,1.8001775,1232,1171,valid
988,0.7467521,0.74762845,0.7425672,0.7447855,0.7438122009893412,1.566698,1.8166813,1232,1171,valid
989,0.7467627,0.7570145,0.751827,0.7541435,0.7436002832707247,1.5666811,1.8155438,1232,1171,valid
990,0.74673,0.73191047,0.74061155,0.73194957,0.7433833319287914,1.5666641,1.8077648,1232,1171,valid
991,0.74648905,0.7492942,0.7489058,0.7475964,0.7431613469635413,1.5666469,1.7847693,1232,1171,valid
992,0.74642456,0.7386718,0.7424933,0.7376217,0.7429343283749745,1.5666296,1.8194652,1232,1171,valid
993,0.74616224,0.7470039,0.74561214,0.7449725,0.742702276163091,1.5666122,1.805493,1232,1171,valid
994,0.7464965,0.7667488,0.76190305,0.764003,0.7424651903278908,1.5665947,1.8089252,1232,1171,valid
995,0.7463671,0.7385829,0.73976076,0.73721755,0.7422230708693738,1.566577,1.7868749,1232,1171,valid
996,0.7461212,0.76462686,0.74582946,0.7593106,0.7604612021735213,1.5665591,1.771867,1232,1171,valid
997,0.74587435,0.76553196,0.744097,0.7600986,0.7572943098617317,1.5665411,1.7093977,1232,1171,valid
998,0.74572146,0.75792515,0.7422676,0.7537147,0.7549256481133494,1.5665228,1.6993554,1232,1171,valid
999,0.7456498,0.7528167,0.7593229,0.7534711,0.7533552169283744,1.5665045,1.6378156,1232,1171,valid
1000,0.74545884,0.75326765,0.7467921,0.7513957,0.7525830163068059,1.566486,1.6248612,1232,1171,valid
1001,0.7453454,0.75239795,0.744784,0.7501214,0.7544266736352587,1.5664674,1.6516384,1232,1171,valid
1002,0.7450985,0.76145536,0.74918306,0.7583532,0.7529340776272149,1.5664486,1.634922,1232,1171,valid
1003,0.7451643,0.75645185,0.7444825,0.75368965,0.7509457749463776,1.5664295,1.592226,1232,1171,valid
1004,0.7451505,0.7612858,0.74233115,0.7570392,0.7484617655927478,1.5664104,1.6045331,1232,1171,valid
1005,0.74502057,0.7369759,0.7400131,0.7370854,0.7454820495663257,1.5663911,1.6200725,1232,1171,valid
1006,0.7448082,0.77095306,0.74963045,0.76612186,0.7593730995529577,1.5663716,1.6235031,1232,1171,valid
1007,0.744589,0.7625276,0.7461872,0.75896966,0.7560821298967328,1.5663519,1.5801122,1232,1171,valid
1008,0.7444653,0.74225575,0.73978317,0.74111557,0.7531282333643691,1.5663321,1.6390389,1232,1171,valid
1009,0.74442905,0.7613767,0.7519317,0.7588357,0.7505114099558662,1.5663121,1.636149,1232,1171,valid
1010,0.7441758,0.74274147,0.74312675,0.7423936,0.7482316596712244,1.5662918,1.6054668,1232,1171,valid
1011,0.74427414,0.7407888,0.7440327,0.7410001,0.7462889825104437,1.5662714,1.608581,1232,1171,valid
1012,0.74406254,0.74793446,0.7475276,0.74729156,0.744683378473524,1.5662509,1.6243252,1232,1171,valid
1013,0.74383324,0.7417746,0.74861777,0.7427801,0.7434148475604653,1.5662302,1.5971687,1232,1171,valid
1014,0.7436929,0.7444359,0.7464547,0.74467397,0.7424833897712676,1.5662092,1.5655415,1232,1171,valid
1015,0.7436189,0.735638,0.7400919,0.73613423,0.741889005105935,1.5661881,1.6053361,1232,1171,valid
1016,0.7436307,0.74383956,0.74474776,0.7436887,0.743952882627325,1.5661668,1.5910094,1232,1171,valid
1017,0.74335575,0.7360985,0.73962057,0.7361035,0.7435859220403671,1.5661452,1.6514105,1232,1171,valid
1018,0.74321634,0.7505479,0.74459296,0.7487546,0.7432824270345286,1.5661235,1.62919,1232,1171,valid
1019,0.7432394,0.74350935,0.7389758,0.7415643,0.7430423976098053,1.5661016,1.697988,1232,1171,valid
1020,0.74324113,0.74627185,0.74231464,0.7447715,0.7428658337661973,1.5660794,1.6467854,1232,1171,valid
1021,0.743102,0.7524259,0.74427915,0.74925286,0.7427527355037047,1.566057,1.7714489,1232,1171,valid
1022,0.7426928,0.76689667,0.75093186,0.7621446,0.7427031028223273,1.5660344,1.7733893,1232,1171,valid
1023,0.7430067,0.7497228,0.74435556,0.7470274,0.7427169357220652,1.5660117,1.7842814,1232,1171,valid
1024,0.74266875,0.74181664,0.73775566,0.73933315,0.7427942342029185,1.5659887,1.795244,1232,1171,valid
1025,0.7425551,0.72724533,0.73790646,0.7273574,0.7429349982648871,1.5659654,1.8613341,1232,1171,valid
1026,0.74253887,0.75080657,0.7459864,0.7479741,0.7476129293441769,1.565942,1.8215332,1232,1171,valid
1027,0.74223834,0.75187635,0.7411729,0.7476147,0.7487462520599362,1.5659183,1.8588827,1232,1171,valid
1028,0.7422084,0.75443554,0.74452376,0.7502628,0.7490350961685177,1.5658944,1.869055,1232,1171,valid
1029,0.7423326,0.76481473,0.7655408,0.76308465,0.7477262309619355,1.5658703,1.8246096,1232,1171,valid
1030,0.7420488,0.7502304,0.7436541,0.7471274,0.7519686835152759,1.5658458,1.8091719,1232,1171,valid
1031,0.741637,0.7620777,0.7454876,0.75699335,0.7461777874401632,1.5658213,1.8036077,1232,1171,valid
1032,0.7418529,0.729479,0.7395977,0.73036104,0.7349619490759707,1.5657964,1.7247701,1232,1171,valid
1033,0.741752,0.7554146,0.74190354,0.7513853,0.7499638431054307,1.5657712,1.7374392,1232,1171,valid
1034,0.7415846,0.7607546,0.74437654,0.75618625,0.7489079654664921,1.5657458,1.7317648,1232,1171,valid
1035,0.74152744,0.74970305,0.7416902,0.747043,0.7480051689876948,1.5657202,1.6982243,1232,1171,valid
1036,0.74145454,0.74320614,0.74385595,0.7420984,0.7472554536690388,1.5656943,1.7288957,1232,1171,valid
1037,0.7411698,0.75247407,0.75015986,0.75105727,0.7466588195105244,1.5656682,1.6828188,1232,1171,valid
1038,0.7411318,0.74663174,0.747439,0.7459776,0.7462152665121513,1.5656418,1.6634421,1232,1171,valid
1039,0.7409412,0.752497,0.76684093,0.7548331,0.7459247946739196,1.565615,1.6221502,1232,1171,valid
1040,0.7407713,0.7395307,0.73881376,0.7388141,0.7457874039958293,1.565588,1.6296517,1232,1171,valid
1041,0.74084836,0.7385913,0.7385969,0.7381201,0.7458030944778805,1.5655608,1.61493,1232,1171,valid
1042,0.7406649,0.74330074,0.7412299,0.74236,0.7459718661200772,1.5655332,1.6204491,1232,1171,valid
1043,0.7406575,0.73894596,0.7450533,0.73981094,0.7468175634194811,1.5655054,1.5974977,1232,1171,valid
1044,0.7406144,0.7415794,0.74229264,0.74127793,0.7492139114578589,1.5654773,1.6089787,1232,1171,valid
1045,0.7403251,0.7621976,0.7476347,0.7586875,0.7491887244347993,1.5654488,1.6269915,1232,1171,valid
1046,0.74030584,0.753296,0.7459598,0.7512839,0.7490105636946206,1.56542,1.6198897,1232,1171,valid
1047,0.7402071,0.7633512,0.7568401,0.7613042,0.7486794292373186,1.565391,1.6513076,1232,1171,valid
1048,0.7400274,0.76001537,0.7516757,0.75783795,0.7481953210628932,1.5653616,1.6145554,1232,1171,valid
1049,0.73977137,0.74570256,0.7413342,0.74395335,0.7475582391713446,1.5653319,1.6722798,1232,1171,valid
1050,0.7397128,0.75168383,0.74095285,0.74884737,0.7467681835626726,1.5653019,1.641695,1232,1171,valid
1051,0.73948205,0.7540765,0.7432997,0.7510164,0.7458251542368773,1.5652715,1.6738853,1232,1171,valid
1052,0.73936987,0.75254726,0.7415198,0.74978447,0.7447291511939588,1.5652409,1.621316,1232,1171,valid
1053,0.7392076,0.7258175,0.736359,0.7273593,0.7434801744339168,1.5652097,1.6408743,1232,1171,valid
1054,0.7391569,0.7499074,0.73987806,0.74751633,0.7467548478329535,1.5651784,1.5958338,1232,1171,valid
1055,0.73897696,0.7502147,0.74013484,0.74764377,0.7466894061870992,1.5651467,1.6215382,1232,1171,valid
1056,0.7387447,0.74811745,0.73962605,0.7465541,0.7465908170093585,1.5651146,1.5175021,1232,1171,valid
1057,0.73870635,0.76110977,0.7445557,0.7580307,0.7464590802997312,1.5650821,1.5008337,1232,1171,valid
1058,0.7385373,0.7342744,0.7383305,0.7351891,0.7462941960582173,1.5650493,1.5304521,1232,1171,valid
1059,0.73849386,0.7470449,0.7399077,0.74586594,0.7460961642848171,1.565016,1.5007174,1232,1171,valid
1060,0.738374,0.7660611,0.7441757,0.7618711,0.7458649849795301,1.5649824,1.5076162,1232,1171,valid
1061,0.73815554,0.73895943,0.7379335,0.73893356,0.7456006581423568,1.5649484,1.5154271,1232,1171,valid
1062,0.7380882,0.74143714,0.7396022,0.74136025,0.7453031837732969,1.564914,1.4971466,1232,1171,valid
1063,0.73783374,0.74505156,0.744462,0.7454049,0.7449725618723504,1.5648792,1.4682372,1232,1171,valid
1064,0.73772776,0.7409668,0.74407166,0.7421765,0.7446087924395062,1.564844,1.4523833,1232,1171,valid
1065,0.7376829,0.7483388,0.75006604,0.74929017,0.7448241830885243,1.5648084,1.4472885,1232,1171,valid
1066,0.73771936,0.7409638,0.7434434,0.74216455,0.7442483881907982,1.5647722,1.4346671,1232,1171,valid
1067,0.7374349,0.7382118,0.74213886,0.73951876,0.7435788109988466,1.5647358,1.4641082,1232,1171,valid
1068,0.73745984,0.74521357,0.75058264,0.7470288,0.7428154515126809,1.5646988,1.4279101,1232,1171,valid
1069,0.7373494,0.74827087,0.75469935,0.7499884,0.7419583097323009,1.5646614,1.4744892,1232,1171,valid
1070,0.73725164,0.740237,0.7445459,0.7416305,0.7410073856577067,1.5646236,1.4615169,1232,1171,valid
1071,0.73695713,0.73586214,0.73852754,0.7370835,0.7399626792888984,1.5645852,1.4401385,1232,1171,valid
1072,0.73686606,0.74466133,0.7517786,0.7469678,0.7388241906258757,1.5645465,1.4068094,1232,1171,valid
1073,0.736844,0.73852307,0.7406575,0.7400692,0.7375919196686388,1.5645071,1.3728268,1232,1171,valid
1074,0.73675036,0.7304239,0.735813,0.73276436,0.7362658664171877,1.5644673,1.3569709,1232,1171,valid
1075,0.73650014,0.72521687,0.73545945,0.72869515,0.7348460308715223,1.564427,1.3366079,1232,1171,valid
1076,0.73636836,0.7500267,0.7407654,0.74943346,0.7459882997260866,1.5643861,1.3462961,1232,1171,valid
1077,0.7364251,0.73291636,0.73994935,0.73560727,0.7472010967316888,1.5643448,1.3516529,1232,1171,valid
1078,0.73616725,0.7423736,0.7411487,0.74347085,0.7482276400176364,1.5643029,1.3367704,1232,1171,valid
1079,0.736173,0.76109034,0.7431391,0.7586686,0.7490679295839294,1.5642605,1.3587021,1232,1171,valid
1080,0.73606396,0.7438605,0.7455572,0.74541986,0.7497219654305678,1.5642174,1.3551215,1232,1171,valid
1081,0.73578256,0.7408048,0.73783386,0.7412641,0.7501897475575515,1.5641739,1.3812499,1232,1171,valid
1082,0.73577166,0.7531622,0.7422454,0.7520433,0.7504712759648806,1.5641297,1.3752227,1232,1171,valid
1083,0.7356371,0.73630947,0.73936164,0.7377694,0.7505665506525552,1.564085,1.4152967,1232,1171,valid
1084,0.7356682,0.7524204,0.74813676,0.7528365,0.7504755716205715,1.5640397,1.3447254,1232,1171,valid
1085,0.7354526,0.7476308,0.7437388,0.7475629,0.7510469483886304,1.5639937,1.430759,1232,1171,valid
1086,0.73541427,0.7513251,0.742849,0.7505988,0.7504652510363496,1.5639471,1.3902498,1232,1171,valid
1087,0.7351462,0.76267684,0.7467634,0.7604038,0.7495762713030518,1.5638999,1.3986312,1232,1171,valid
1088,0.73503196,0.7587848,0.74385595,0.757584,0.7483800091887406,1.563852,1.2655437,1232,1171,valid
1089,0.7348776,0.75064456,0.7404425,0.7503908,0.7468764646934158,1.5638034,1.2659979,1232,1171,valid
1090,0.73464406,0.74295807,0.741945,0.7446124,0.7450656378170778,1.5637542,1.2583349,1232,1171,valid
1091,0.7345721,0.7390562,0.7388583,0.74082726,0.7429475285597262,1.5637043,1.2671677,1232,1171,valid
1092,0.7346173,0.7541745,0.7381029,0.7530701,0.7405221369213612,1.5636536,1.2158434,1232,1171,valid
1093,0.73448724,0.73145485,0.73652697,0.734457,0.7377894629019827,1.5636022,1.2455163,1232,1171,valid
1094,0.734542,0.7706649,0.7512379,0.76884615,0.7496914766365934,1.5635501,1.22585,1232,1171,valid
1095,0.7343676,0.7532195,0.7414233,0.7525982,0.7497337854418986,1.5634972,1.2729272,1232,1171,valid
1096,0.7342773,0.7294309,0.73611164,0.7326609,0.7497258350440696,1.5634435,1.2616072,1232,1171,valid
1097,0.7341113,0.74619573,0.7523403,0.74907184,0.7496676254431067,1.5633891,1.2902867,1232,1171,valid
1098,0.7339494,0.74127537,0.7432605,0.74324775,0.7495591566390096,1.5633337,1.3021145,1232,1171,valid
1099,0.7338484,0.7398578,0.7459246,0.7421818,0.7494004286317785,1.5632777,1.373805,1232,1171,valid
1100,0.7335254,0.74283004,0.7391868,0.74324673,0.7491914414214134,1.5632207,1.3662822,1232,1171,valid
1101,0.73337674,0.7571961,0.7659241,0.76001495,0.7489321950079141,1.5631629,1.3782028,1232,1171,valid
1102,0.73351526,0.73877585,0.73984605,0.7402338,0.7486226893912807,1.5631042,1.3536458,1232,1171,valid
1103,0.7332677,0.7528254,0.74210316,0.75184256,0.7482629245715134,1.5630445,1.360538,1232,1171,valid
1104,0.7331927,0.7399945,0.73979384,0.74120885,0.747852900548612,1.562984,1.3513,1232,1171,valid
1105,0.73288685,0.754912,0.74386096,0.7539031,0.7473926173225764,1.5629225,1.354403,1232,1171,valid
1106,0.7328114,0.7568743,0.7403401,0.7547742,0.7468820748934069,1.56286,1.3527119,1232,1171,valid
1107,0.7326769,0.75024724,0.7382575,0.7490549,0.7463212732611185,1.5627965,1.3540068,1232,1171,valid
1108,0.7327682,0.7450235,0.7396345,0.7453474,0.7467831746371923,1.562732,1.3263314,1232,1171,valid
1109,0.73261106,0.7371591,0.7378247,0.73852897,0.7462941157647691,1.5626664,1.3556523,1232,1171,valid
1110,0.7324844,0.7466621,0.7382933,0.74604255,0.7457014554390419,1.5625998,1.3782797,1232,1171,valid
1111,0.73229015,0.7386361,0.7404221,0.7400477,0.7450051936599953,1.5625321,1.3826132,1232,1171,valid
1112,0.73216146,0.7453834,0.7393388,0.74540997,0.7442053304276292,1.5624632,1.3513917,1232,1171,valid
1113,0.7323249,0.75742626,0.7446008,0.7558959,0.7433018657419436,1.5623932,1.3794472,1232,1171,valid
1114,0.73204225,0.7530117,0.7442876,0.7523589,0.7422947996029386,1.5623219,1.3713901,1232,1171,valid
1115,0.73187596,0.7277521,0.7389157,0.7312947,0.7411841320106142,1.5622495,1.3523066,1232,1171,valid
1116,0.73194605,0.73231626,0.745962,0.7363019,0.7399698629649702,1.5621759,1.3566923,1232,1171,valid
1117,0.73164195,0.72274715,0.73473513,0.7265841,0.7386519924660069,1.5621009,1.3379171,1232,1171,valid
1118,0.7316553,0.72914314,0.7356063,0.73195744,0.7372305205137242,1.5620246,1.3186352,1232,1171,valid
1119,0.7316376,0.73913395,0.74842244,0.7425898,0.7357054471081219,1.561947,1.3003469,1232,1171,valid
1120,0.7313336,0.7313565,0.7364708,0.7342671,0.7340767722492002,1.561868,1.2608476,1232,1171,valid
1121,0.7310831,0.735275,0.7364631,0.7376302,0.732344495936959,1.5617876,1.2227719,1232,1171,valid
1122,0.7310014,0.7534562,0.7637801,0.757712,0.7591748805273142,1.5617057,1.2085909,1232,1171,valid
1123,0.73096806,0.75226265,0.76071805,0.7561878,0.7483635417052674,1.5616223,1.2014918,1232,1171,valid
1124,0.73077434,0.72843707,0.7341459,0.73197615,0.7402465215751102,1.5615374,1.1857,1232,1171,valid
1125,0.73061234,0.72766495,0.735446,0.7312195,0.7348238201368428,1.5614508,1.2473162,1232,1171,valid
1126,0.73065114,0.73379314,0.73566335,0.73623127,0.7319047138804486,1.5613626,1.2319874,1232,1171,valid
1127,0.730596,0.73512554,0.7366741,0.7373402,0.7347091833750412,1.5612729,1.2552712,1232,1171,valid
1128,0.7302294,0.7270549,0.73439765,0.7308203,0.7350418908255442,1.5611812,1.202353,1232,1171,valid
1129,0.7300966,0.7415883,0.7360513,0.7424233,0.7350613730294367,1.5610878,1.2454691,1232,1171,valid
1130,0.730186,0.73151577,0.7386853,0.73549587,0.7347676299867184,1.5609927,1.1604298,1232,1171,valid
1131,0.7300918,0.7571196,0.750643,0.7579924,0.7579923868179321,1.5608957,1.2089452,1232,1171,valid
1132,0.7299025,0.7374613,0.7400216,0.74032265,0.7403226494789124,1.5607966,1.1862652,1232,1171,valid
1133,0.7300066,0.76336086,0.751693,0.76317155,0.7616877783428532,1.5606956,1.2129453,1232,1171,valid
1134,0.7299063,0.73570365,0.736483,0.73801583,0.7584990329814673,1.5605927,1.2165699,1232,1171,valid
1135,0.7298276,0.75618815,0.7416463,0.75520307,0.7557313839852545,1.5604874,1.2444065,1232,1171,valid
1136,0.7297328,0.7459426,0.73642623,0.7461398,0.7533848313542149,1.56038,1.2194446,1232,1171,valid
1137,0.72972965,0.7594697,0.7458358,0.7587382,0.751459375088348,1.5602704,1.2340622,1232,1171,valid
1138,0.7295747,0.74697113,0.7374141,0.74713373,0.7517585527329207,1.5601584,1.2231659,1232,1171,valid
1139,0.72938085,0.7476171,0.7386354,0.7474687,0.7503157660558615,1.560044,1.2877728,1232,1171,valid
1140,0.7292152,0.75705695,0.7444675,0.75621456,0.7471732044632812,1.5599272,1.2823644,1232,1171,valid
1141,0.7289305,0.73945,0.750306,0.7429594,0.7428985776581284,1.5598078,1.3399093,1232,1171,valid
1142,0.72866875,0.73065364,0.7348907,0.7329729,0.7374918856404038,1.5596857,1.3248458,1232,1171,valid
1143,0.72863454,0.7295127,0.7345233,0.7320495,0.7309531284101073,1.5595609,1.3162994,1232,1171,valid
1144,0.7288233,0.7557108,0.74786025,0.75576967,0.755769670009613,1.5594332,1.2901767,1232,1171,valid
1145,0.7285849,0.73705786,0.73681927,0.73862964,0.7386296391487122,1.5593026,1.2973983,1232,1171,valid
1146,0.7282776,0.7693248,0.75010026,0.76701677,0.7556692343769643,1.5591689,1.3053186,1232,1171,valid
1147,0.72812235,0.7353158,0.736132,0.73750204,0.7501044219190418,1.5590322,1.2371413,1232,1171,valid
1148,0.7279338,0.7405232,0.74183965,0.74276274,0.7461450871451072,1.5588921,1.2414082,1232,1171,valid
1149,0.7278486,0.73912036,0.73575854,0.74073964,0.7437912300551603,1.5587487,1.1937201,1232,1171,valid
1150,0.7276538,0.74224687,0.73789126,0.7439449,0.7430428506492011,1.5586019,1.150002,1232,1171,valid
1151,0.7277104,0.7471441,0.7455113,0.749612,0.7483081606043355,1.5584513,1.1148013,1232,1171,valid
1152,0.7274191,0.7510927,0.7377212,0.75198436,0.7499021572984131,1.5582969,0.99557143,1232,1171,valid
1153,0.7273014,0.7483636,0.7452489,0.7514311,0.7508803636480712,1.5581387,0.9784729,1232,1171,valid
1154,0.7272325,0.72637284,0.73477125,0.73187417,0.7512927267200495,1.5579765,0.97033787,1232,1171,valid
1155,0.7271213,0.74282306,0.7395134,0.7459679,0.7511392465143484,1.5578101,0.96184623,1232,1171,valid
1156,0.72697544,0.7486636,0.73839575,0.75055647,0.7504199230309679,1.5576392,0.93852246,1232,1171,valid
1157,0.7269623,0.77379847,0.7554983,0.77432686,0.7711795278957908,1.5574638,0.90761524,1232,1171,valid
1158,0.72662574,0.74318206,0.73888206,0.7464558,0.7508703555379592,1.5572836,0.9119589,1232,1171,valid
1159,0.72660375,0.7297709,0.73467463,0.73498005,0.7406203440257478,1.5570985,0.90534574,1232,1171,valid
1160,0.7265439,0.7501739,0.73875034,0.75236446,0.745968379293169,1.5569084,0.85801417,1232,1171,valid
1161,0.7263087,0.74196064,0.73633564,0.7452704,0.746039521694183,1.5567127,0.8664696,1232,1171,valid
1162,0.72625387,0.75431347,0.7475218,0.75768614,0.7411854982376094,1.5565116,0.8202687,1232,1171,valid
1163,0.7260561,0.7273856,0.7352625,0.7338023,0.7305714011192315,1.5563046,0.81392014,1232,1171,valid
1164,0.7260759,0.7537807,0.74648196,0.7572799,0.7400653862449295,1.5560915,0.78556985,1232,1171,valid
1165,0.7258765,0.73460436,0.73633206,0.73994786,0.7407131116511082,1.5558721,0.7847315,1232,1171,valid
1166,0.7258434,0.7280953,0.73670244,0.73500305,0.74127676804772,1.555646,0.7607796,1232,1171,valid
1167,0.7255203,0.72169846,0.73358095,0.72936845,0.7417563554347648,1.5554129,0.750351,1232,1171,valid
1168,0.725562,0.7277398,0.7375264,0.73501045,0.7421518738122426,1.5551726,0.7417454,1232,1171,valid
1169,0.7252983,0.73352885,0.7399454,0.7400634,0.7424633231801533,1.5549246,0.7471253,1232,1171,valid
1170,0.7251189,0.7344111,0.74216974,0.7411501,0.7426907035384971,1.5546687,0.7565169,1232,1171,valid
1171,0.7251261,0.7418175,0.7448108,0.74767935,0.7428340148872739,1.5544044,0.7416993,1232,1171,valid
1172,0.7247661,0.74597,0.73689747,0.7491026,0.7428932572264836,1.5541312,0.7872386,1232,1171,valid
1173,0.7248252,0.76144594,0.7480991,0.7639399,0.7428684305561264,1.5538487,0.75522286,1232,1171,valid
1174,0.7248791,0.7350535,0.7388561,0.74081695,0.742759534876202,1.5535567,0.78387856,1232,1171,valid
1175,0.7248117,0.7267711,0.73748356,0.73416585,0.7425665701867108,1.5532542,0.7518712,1232,1171,valid
1176,0.72476643,0.72763,0.7382934,0.7348904,0.7422895364876526,1.5529411,0.7701499,1232,1171,valid
1177,0.7244466,0.72043425,0.7351738,0.72852206,0.7419284337790273,1.5526165,0.77513516,1232,1171,valid
1178,0.72415555,0.7385105,0.738649,0.74337494,0.7414832620608519,1.55228,0.80722255,1232,1171,valid
1179,0.7241814,0.73535573,0.73846143,0.74087155,0.7421301742181295,1.5519307,0.8001403,1232,1171,valid
1180,0.724176,0.73740304,0.7377187,0.7419898,0.7415981970744416,1.5515679,0.85534513,1232,1171,valid
1181,0.7240539,0.72519314,0.7341244,0.7315867,0.7409288416917097,1.551191,0.8515956,1232,1171,valid
1182,0.72387654,0.7283281,0.7345878,0.7340714,0.7401221080699173,1.550799,0.86646056,1232,1171,valid
1183,0.7236372,0.73588765,0.73666024,0.7406237,0.7391779962090645,1.550391,0.8473273,1232,1171,valid
1184,0.7234178,0.75644076,0.74960315,0.75937676,0.7380965061091515,1.549966,0.8853773,1232,1171,valid
1185,0.72332597,0.7299683,0.73399305,0.7350051,0.7368776377701779,1.549523,0.9046359,1232,1171,valid
1186,0.7231612,0.72537565,0.7337035,0.7311039,0.7355213911921439,1.5490606,0.9345149,1232,1171,valid
1187,0.7229655,0.73708403,0.73471415,0.7405623,0.7340277663750495,1.5485778,0.94221354,1232,1171,valid
1188,0.72295433,0.74196887,0.7349515,0.7445005,0.7323967633188947,1.5480729,0.9422456,1232,1171,valid
1189,0.722797,0.71952486,0.73372364,0.7263539,0.7306283820236794,1.5475447,0.95199275,1232,1171,valid
1190,0.72272044,0.72454035,0.7350786,0.73045784,0.7287226224894038,1.5469913,0.97392374,1232,1171,valid
1191,0.72266203,0.711172,0.7328056,0.71940166,0.7266794847160677,1.5464109,0.9763366,1232,1171,valid
1192,0.72261024,0.7135296,0.7338489,0.7214642,0.7244989687036713,1.5458015,0.9777925,1232,1171,valid
1193,0.72243965,0.7142539,0.7323343,0.72193146,0.7221810744522144,1.5451609,0.9477104,1232,1171,valid
1194,0.7224926,0.73987424,0.7397677,0.7438101,0.7467171216065829,1.5444866,0.94036007,1232,1171,valid
1195,0.72234076,0.74676216,0.7589411,0.75337505,0.7453161050003116,1.5437759,0.90748554,1232,1171,valid
1196,0.7220458,0.73818284,0.738444,0.7425054,0.7439661297698572,1.5430257,0.8935034,1232,1171,valid
1197,0.7219738,0.7407543,0.7434825,0.7455033,0.7426671959152197,1.5422326,0.90294343,1232,1171,valid
1198,0.7218969,0.7373817,0.73844373,0.7420476,0.741419303436399,1.541393,0.8660795,1232,1171,valid
1199,0.72163725,0.7473191,0.7478589,0.75168324,0.7402224523333951,1.5405025,0.89332956,1232,1171,valid
1200,0.72138184,0.7213514,0.73319674,0.72792155,0.7390766426062081,1.5395565,0.91756797,1232,1171,valid
1201,0.7213275,0.7412678,0.7362522,0.7443551,0.737981874254838,1.5385494,0.91909987,1232,1171,valid
1202,0.72126424,0.74850476,0.73750556,0.7502986,0.7369381472792846,1.5374753,0.9312796,1232,1171,valid
1203,0.72101134,0.728099,0.7341954,0.73331594,0.7359454616795481,1.5363272,0.9419198,1232,1171,valid
1204,0.7210592,0.72998,0.7342564,0.7349368,0.7350038174556285,1.5350972,0.9244932,1232,1171,valid
1205,0.72080475,0.7274543,0.7330706,0.7325135,0.7341132146075257,1.5337762,0.95190144,1232,1171,valid
1206,0.7203167,0.7356565,0.7342431,0.73942333,0.7332736531352396,1.5323538,0.92827535,1232,1171,valid
1207,0.72056323,0.72544074,0.7337903,0.7312422,0.7324851330387705,1.5308176,0.9239512,1232,1171,valid
1208,0.7202444,0.7242762,0.7325077,0.7300489,0.7317476543181183,1.5291537,0.9258908,1232,1171,valid
1209,0.72024775,0.71300614,0.73094213,0.72080535,0.7310612169732829,1.5273454,0.92650557,1232,1171,valid
1210,0.7201289,0.70856345,0.7305449,0.71729386,0.7304258210042642,1.5253731,0.9144703,1232,1171,valid
1211,0.7199793,0.71086884,0.7313206,0.71929246,0.7298414664110625,1.5232133,0.91099554,1232,1171,valid
1212,0.71985537,0.7263384,0.7344066,0.7323322,0.7293081531936815,1.5208379,0.8851739,1232,1171,valid
1213,0.719639,0.71985066,0.7333607,0.727113,0.7291628569674384,1.5182133,0.86435425,1232,1171,valid
1214,0.7196952,0.704791,0.73218197,0.71521527,0.7286561512297492,1.5152978,0.8265573,1232,1171,valid
1215,0.71933347,0.7161038,0.73275006,0.7241266,0.7281896256142202,1.5120405,0.84852684,1232,1171,valid
1216,0.7194417,0.7280091,0.7426036,0.7357382,0.7277632801208473,1.5083776,0.8184375,1232,1171,valid
1217,0.719063,0.7222265,0.73380077,0.7292677,0.7273771147496307,1.5042281,0.8363921,1232,1171,valid
1218,0.7189203,0.72811216,0.7344583,0.73417,0.7270311295005703,1.4994888,0.82131183,1232,1171,valid
1219,0.71865094,0.7264893,0.7338355,0.73289955,0.7267253243736661,1.4940244,0.7994912,1232,1171,valid
1220,0.7185191,0.7194684,0.73257244,0.7272887,0.7264596993689181,1.487655,0.76714563,1232,1171,valid
1221,0.7184,0.7202668,0.7324388,0.72776324,0.7262342544863263,1.4801364,0.78726447,1232,1171,valid
1222,0.7180502,0.73508966,0.73606247,0.7403557,0.7260489897258907,1.4711276,0.77322674,1232,1171,valid
1223,0.7180914,0.7304971,0.7349089,0.73651546,0.7259039050876113,1.4601392,0.7664858,1232,1171,valid
1224,0.7179603,0.7124758,0.7322378,0.7217976,0.7257990005714882,1.4464413,0.7499234,1232,1171,valid
1225,0.7177562,0.72440636,0.73338735,0.731415,0.7257342761775212,1.4288993,0.7600242,1232,1171,valid
1226,0.71760887,0.7213874,0.7328249,0.72896105,0.7257097319057104,1.4056476,0.7518116,1232,1171,valid
1227,0.7174584,0.71519303,0.7328251,0.72394776,0.7257253677560559,1.3734008,0.76787764,1232,1171,valid
1228,0.7175342,0.72287357,0.7319554,0.72996885,0.7257811837285576,1.3258177,0.751381,1232,1171,valid
1229,0.7172605,0.7206712,0.73122513,0.7278465,0.7258771798232154,1.2490457,0.78647816,1232,1171,valid
1230,0.7170322,0.7042018,0.72974,0.71451825,0.7260133560400295,1.1071488,0.78755116,1232,1171,valid
1231,0.7168125,0.70538616,0.7311599,0.7155278,0.7261897123789998,0.7853982,0.81942993,1232,1171,valid
1232,0.7168046,0.73237205,0.73563516,0.73765874,0.7376587390899658,-0.0,0.84157884,1232,1171,valid
1233,0.71638817,0.7160454,0.7310772,0.7237861,0.7237861156463623,-0.7853982,0.84244365,1232,1171,valid
1234,0.7161768,0.7129953,0.73114073,0.72115976,0.7211597561836243,-1.1071488,0.87699264,1232,1171,valid
1235,0.7161362,0.74979734,0.7408235,0.7525198,0.7476823813987489,-1.2490457,0.85204643,1232,1171,valid
1236,0.7158629,0.7323046,0.743191,0.7389715,0.7433018288829101,-1.3258177,0.86411506,1232,1171,valid
1237,0.71575147,0.7146779,0.7325376,0.7226338,0.7395863505410935,-1.3734008,0.89775604,1232,1171,valid
1238,0.71560067,0.7127759,0.7328838,0.7212424,0.736535946373299,-1.4056476,0.89100635,1232,1171,valid
1239,0.7155103,0.734586,0.73760587,0.7396101,0.7341506163795264,-1.4288993,0.8727683,1232,1171,valid
1240,0.71474594,0.7372799,0.74381244,0.7431571,0.7339491978352193,-1.4464413,0.8488295,1232,1171,valid
1241,0.7149451,0.74864817,0.74377334,0.7521615,0.7374545986002131,-1.4601392,0.857141,1232,1171,valid
1242,0.71485263,0.70259976,0.72944105,0.71286047,0.7360328372680778,-1.4711276,0.8389723,1232,1171,valid
1243,0.7147674,0.72309375,0.7389058,0.73096114,0.732540327491182,-1.4801364,0.83876705,1232,1171,valid
1244,0.7149689,0.72305644,0.7367045,0.73069614,0.7269770692695269,-1.487655,0.80748594,1232,1171,valid
1245,0.7146073,0.7126523,0.73231924,0.7216463,0.7193430626031121,-1.4940244,0.79695714,1232,1171,valid
