2026-09-12 16:38:57,953 - INFO - ==================================================
2026-09-12 16:38:57,953 - INFO - Starting FusionMLP Training for [XJTU] - [3C]
2026-09-12 16:38:57,953 - INFO - Device: cuda | Epochs: 2000 | LR: 0.020000 | Mono Weight: 0.4000 | Knee Feature: True
2026-09-12 16:38:57,953 - INFO - ==================================================
2026-09-12 16:38:58,097 - INFO - Data Splits: Train=10, Val=2, Test=3
2026-09-12 16:38:58,256 - INFO - Epoch [   1/2000] LR: 0.006726 | Train Loss: 0.308228 (Data: 0.30820, Mono: 0.00007) | Val MSE: 0.015067 (RMSE: 0.1227) [BEST]
2026-09-12 16:38:58,433 - INFO - Epoch [   3/2000] LR: 0.007641 | Train Loss: 0.054938 (Data: 0.05490, Mono: 0.00010) | Val MSE: 0.014285 (RMSE: 0.1195) [BEST]
2026-09-12 16:38:58,520 - INFO - Epoch [   4/2000] LR: 0.008099 | Train Loss: 0.047973 (Data: 0.04794, Mono: 0.00009) | Val MSE: 0.000493 (RMSE: 0.0222) [BEST]
2026-09-12 16:38:58,786 - INFO - Epoch [   7/2000] LR: 0.009472 | Train Loss: 0.031582 (Data: 0.03155, Mono: 0.00007) | Val MSE: 0.000353 (RMSE: 0.0188) [BEST]
2026-09-12 16:38:58,877 - INFO - Epoch [   8/2000] LR: 0.009930 | Train Loss: 0.030413 (Data: 0.03038, Mono: 0.00008) | Val MSE: 0.000303 (RMSE: 0.0174) [BEST]
2026-09-12 16:38:59,062 - INFO - Epoch [  10/2000] LR: 0.010845 | Train Loss: 0.023544 (Data: 0.02352, Mono: 0.00007) | Val MSE: 0.000242 (RMSE: 0.0156) [BEST]
2026-09-12 16:38:59,347 - INFO - Epoch [  13/2000] LR: 0.012219 | Train Loss: 0.017865 (Data: 0.01784, Mono: 0.00006) | Val MSE: 0.000196 (RMSE: 0.0140) [BEST]
2026-09-12 16:38:59,527 - INFO - Epoch [  15/2000] LR: 0.013134 | Train Loss: 0.013601 (Data: 0.01358, Mono: 0.00005) | Val MSE: 0.000184 (RMSE: 0.0136) [BEST]
2026-09-12 16:38:59,620 - INFO - Epoch [  16/2000] LR: 0.013592 | Train Loss: 0.012769 (Data: 0.01275, Mono: 0.00005) | Val MSE: 0.000177 (RMSE: 0.0133) [BEST]
2026-09-12 16:38:59,990 - INFO - Epoch [  20/2000] LR: 0.015423 | Train Loss: 0.008518 (Data: 0.00850, Mono: 0.00004) | Val MSE: 0.000408 (RMSE: 0.0202) 
2026-09-12 16:39:00,813 - INFO - Epoch [  30/2000] LR: 0.020000 | Train Loss: 0.003573 (Data: 0.00356, Mono: 0.00003) | Val MSE: 0.000214 (RMSE: 0.0146) 
2026-09-12 16:39:01,514 - INFO - Epoch [  40/2000] LR: 0.019999 | Train Loss: 0.001986 (Data: 0.00198, Mono: 0.00001) | Val MSE: 0.001103 (RMSE: 0.0332) 
2026-09-12 16:39:02,247 - INFO - Epoch [  50/2000] LR: 0.019995 | Train Loss: 0.000860 (Data: 0.00086, Mono: 0.00001) | Val MSE: 0.000291 (RMSE: 0.0171) 
2026-09-12 16:39:03,009 - INFO - Epoch [  60/2000] LR: 0.019989 | Train Loss: 0.000679 (Data: 0.00068, Mono: 0.00001) | Val MSE: 0.000234 (RMSE: 0.0153) 
2026-09-12 16:39:03,670 - INFO - Epoch [  70/2000] LR: 0.019980 | Train Loss: 0.000494 (Data: 0.00049, Mono: 0.00001) | Val MSE: 0.000223 (RMSE: 0.0149) 
2026-09-12 16:39:04,334 - INFO - Epoch [  80/2000] LR: 0.019968 | Train Loss: 0.000525 (Data: 0.00052, Mono: 0.00000) | Val MSE: 0.000617 (RMSE: 0.0248) 
2026-09-12 16:39:05,019 - INFO - Epoch [  90/2000] LR: 0.019954 | Train Loss: 0.000445 (Data: 0.00044, Mono: 0.00000) | Val MSE: 0.000418 (RMSE: 0.0205) 
2026-09-12 16:39:05,440 - INFO - [*] Early stopping triggered at epoch 96. Best epoch was 16 with Val MSE: 0.000177
2026-09-12 16:39:05,440 - INFO - Training completed in 7.32s. Loading best checkpoint from epoch 16 for final test evaluation...
2026-09-12 16:39:05,504 - INFO - ==================================================
2026-09-12 16:39:05,504 - INFO - Test Results for [XJTU] - [3C] (Best Epoch 16):
2026-09-12 16:39:05,504 - INFO -   Test RMSE: 0.019449
2026-09-12 16:39:05,504 - INFO -   Test MAE:  0.016689
2026-09-12 16:39:05,504 - INFO -   Test MAPE: 1.755332
2026-09-12 16:39:05,504 - INFO -   Test MSE:  0.000378
2026-09-12 16:39:05,504 - INFO - ==================================================
2026-09-12 19:11:24,374 - INFO - ==================================================
2026-09-12 19:11:24,374 - INFO - Starting FusionMLP Training for [XJTU] - [3C]
2026-09-12 19:11:24,374 - INFO - Device: cuda | Epochs: 2000 | LR: 0.020000 | Mono Weight: 0.4000 | Knee Feature: True
2026-09-12 19:11:24,374 - INFO - ==================================================
2026-09-12 19:11:24,539 - INFO - Data Splits: Train=10, Val=2, Test=3
2026-09-12 19:11:24,674 - INFO - Epoch [   1/2000] LR: 0.006726 | Train Loss: 0.352105 (Data: 0.35204, Mono: 0.00016) | Val MSE: 0.016853 (RMSE: 0.1298) [BEST]
2026-09-12 19:11:24,887 - INFO - Epoch [   3/2000] LR: 0.007641 | Train Loss: 0.085970 (Data: 0.08592, Mono: 0.00013) | Val MSE: 0.005512 (RMSE: 0.0742) [BEST]
2026-09-12 19:11:24,993 - INFO - Epoch [   4/2000] LR: 0.008099 | Train Loss: 0.057691 (Data: 0.05765, Mono: 0.00011) | Val MSE: 0.002601 (RMSE: 0.0510) [BEST]
2026-09-12 19:11:25,105 - INFO - Epoch [   5/2000] LR: 0.008557 | Train Loss: 0.040747 (Data: 0.04071, Mono: 0.00009) | Val MSE: 0.000785 (RMSE: 0.0280) [BEST]
2026-09-12 19:11:25,257 - INFO - Epoch [   6/2000] LR: 0.009015 | Train Loss: 0.028375 (Data: 0.02834, Mono: 0.00008) | Val MSE: 0.000423 (RMSE: 0.0206) [BEST]
2026-09-12 19:11:25,367 - INFO - Epoch [   7/2000] LR: 0.009472 | Train Loss: 0.020844 (Data: 0.02081, Mono: 0.00007) | Val MSE: 0.000289 (RMSE: 0.0170) [BEST]
2026-09-12 19:11:25,599 - INFO - Epoch [   9/2000] LR: 0.010388 | Train Loss: 0.013047 (Data: 0.01302, Mono: 0.00006) | Val MSE: 0.000216 (RMSE: 0.0147) [BEST]
2026-09-12 19:11:25,705 - INFO - Epoch [  10/2000] LR: 0.010845 | Train Loss: 0.011361 (Data: 0.01134, Mono: 0.00005) | Val MSE: 0.000742 (RMSE: 0.0272) 
2026-09-12 19:11:26,120 - INFO - Epoch [  13/2000] LR: 0.012219 | Train Loss: 0.008145 (Data: 0.00813, Mono: 0.00004) | Val MSE: 0.000212 (RMSE: 0.0146) [BEST]
2026-09-12 19:11:26,901 - INFO - Epoch [  20/2000] LR: 0.015423 | Train Loss: 0.005344 (Data: 0.00533, Mono: 0.00003) | Val MSE: 0.000646 (RMSE: 0.0254) 
2026-09-12 19:11:27,909 - INFO - Epoch [  30/2000] LR: 0.020000 | Train Loss: 0.003622 (Data: 0.00361, Mono: 0.00003) | Val MSE: 0.000256 (RMSE: 0.0160) 
2026-09-12 19:11:28,908 - INFO - Epoch [  40/2000] LR: 0.019999 | Train Loss: 0.002093 (Data: 0.00209, Mono: 0.00002) | Val MSE: 0.000309 (RMSE: 0.0176) 
2026-09-12 19:11:30,034 - INFO - Epoch [  50/2000] LR: 0.019995 | Train Loss: 0.001406 (Data: 0.00140, Mono: 0.00001) | Val MSE: 0.000351 (RMSE: 0.0187) 
2026-09-12 19:11:30,988 - INFO - Epoch [  60/2000] LR: 0.019989 | Train Loss: 0.000854 (Data: 0.00085, Mono: 0.00001) | Val MSE: 0.000251 (RMSE: 0.0158) 
2026-09-12 19:11:31,764 - INFO - Epoch [  70/2000] LR: 0.019980 | Train Loss: 0.000738 (Data: 0.00074, Mono: 0.00001) | Val MSE: 0.000480 (RMSE: 0.0219) 
2026-09-12 19:11:32,610 - INFO - Epoch [  80/2000] LR: 0.019968 | Train Loss: 0.000552 (Data: 0.00055, Mono: 0.00001) | Val MSE: 0.000222 (RMSE: 0.0149) 
2026-09-12 19:11:33,343 - INFO - Epoch [  90/2000] LR: 0.019954 | Train Loss: 0.000608 (Data: 0.00061, Mono: 0.00001) | Val MSE: 0.000556 (RMSE: 0.0236) 
2026-09-12 19:11:33,564 - INFO - [*] Early stopping triggered at epoch 93. Best epoch was 13 with Val MSE: 0.000212
2026-09-12 19:11:33,565 - INFO - Training completed in 9.00s. Loading best checkpoint from epoch 13 for final test evaluation...
2026-09-12 19:11:33,590 - INFO - ==================================================
2026-09-12 19:11:33,590 - INFO - Test Results for [XJTU] - [3C] (Best Epoch 13):
2026-09-12 19:11:33,591 - INFO -   Test RMSE: 0.021445
2026-09-12 19:11:33,591 - INFO -   Test MAE:  0.018324
2026-09-12 19:11:33,591 - INFO -   Test MAPE: 1.931026
2026-09-12 19:11:33,591 - INFO -   Test MSE:  0.000460
2026-09-12 19:11:33,591 - INFO - ==================================================
2026-09-12 19:44:50,125 - INFO - ==================================================
2026-09-12 19:44:50,125 - INFO - Starting FusionMLP Training for [XJTU] - [3C]
2026-09-12 19:44:50,125 - INFO - Device: cuda | Epochs: 2000 | LR: 0.020000 | Mono Weight: 0.4000 | Knee Feature: True
2026-09-12 19:44:50,125 - INFO - ==================================================
2026-09-12 19:44:50,237 - INFO - Data Splits: Train=10, Val=2, Test=3
2026-09-12 19:44:50,341 - INFO - Epoch [   1/2000] LR: 0.006726 | Train Loss: 0.326750 (Data: 0.32671, Mono: 0.00010) | Val MSE: 0.185344 (RMSE: 0.4305) [BEST]
2026-09-12 19:44:50,431 - INFO - Epoch [   2/2000] LR: 0.007184 | Train Loss: 0.239692 (Data: 0.23966, Mono: 0.00008) | Val MSE: 0.137969 (RMSE: 0.3714) [BEST]
2026-09-12 19:44:50,513 - INFO - Epoch [   3/2000] LR: 0.007641 | Train Loss: 0.117943 (Data: 0.11789, Mono: 0.00014) | Val MSE: 0.049181 (RMSE: 0.2218) [BEST]
2026-09-12 19:44:50,589 - INFO - Epoch [   4/2000] LR: 0.008099 | Train Loss: 0.072890 (Data: 0.07285, Mono: 0.00011) | Val MSE: 0.008137 (RMSE: 0.0902) [BEST]
2026-09-12 19:44:50,700 - INFO - Epoch [   5/2000] LR: 0.008557 | Train Loss: 0.042273 (Data: 0.04223, Mono: 0.00010) | Val MSE: 0.003982 (RMSE: 0.0631) [BEST]
2026-09-12 19:44:50,775 - INFO - Epoch [   6/2000] LR: 0.009015 | Train Loss: 0.025174 (Data: 0.02514, Mono: 0.00008) | Val MSE: 0.000220 (RMSE: 0.0148) [BEST]
2026-09-12 19:44:51,112 - INFO - Epoch [  10/2000] LR: 0.010845 | Train Loss: 0.009744 (Data: 0.00973, Mono: 0.00004) | Val MSE: 0.000233 (RMSE: 0.0153) 
2026-09-12 19:44:51,894 - INFO - Epoch [  20/2000] LR: 0.015423 | Train Loss: 0.004449 (Data: 0.00444, Mono: 0.00003) | Val MSE: 0.000342 (RMSE: 0.0185) 
2026-09-12 19:44:52,732 - INFO - Epoch [  30/2000] LR: 0.020000 | Train Loss: 0.002678 (Data: 0.00267, Mono: 0.00002) | Val MSE: 0.000577 (RMSE: 0.0240) 
2026-09-12 19:44:53,555 - INFO - Epoch [  40/2000] LR: 0.019999 | Train Loss: 0.001637 (Data: 0.00163, Mono: 0.00001) | Val MSE: 0.000499 (RMSE: 0.0223) 
2026-09-12 19:44:54,359 - INFO - Epoch [  50/2000] LR: 0.019995 | Train Loss: 0.000986 (Data: 0.00098, Mono: 0.00001) | Val MSE: 0.000280 (RMSE: 0.0167) 
2026-09-12 19:44:55,161 - INFO - Epoch [  60/2000] LR: 0.019989 | Train Loss: 0.000862 (Data: 0.00086, Mono: 0.00001) | Val MSE: 0.000301 (RMSE: 0.0174) 
2026-09-12 19:44:55,329 - INFO - Epoch [  62/2000] LR: 0.019987 | Train Loss: 0.000663 (Data: 0.00066, Mono: 0.00001) | Val MSE: 0.000219 (RMSE: 0.0148) [BEST]
2026-09-12 19:44:55,821 - INFO - Epoch [  68/2000] LR: 0.019982 | Train Loss: 0.000513 (Data: 0.00051, Mono: 0.00001) | Val MSE: 0.000218 (RMSE: 0.0148) [BEST]
2026-09-12 19:44:55,986 - INFO - Epoch [  70/2000] LR: 0.019980 | Train Loss: 0.000565 (Data: 0.00056, Mono: 0.00001) | Val MSE: 0.000265 (RMSE: 0.0163) 
2026-09-12 19:44:56,808 - INFO - Epoch [  80/2000] LR: 0.019968 | Train Loss: 0.000460 (Data: 0.00046, Mono: 0.00000) | Val MSE: 0.000228 (RMSE: 0.0151) 
2026-09-12 19:44:57,535 - INFO - Epoch [  90/2000] LR: 0.019954 | Train Loss: 0.000703 (Data: 0.00070, Mono: 0.00000) | Val MSE: 0.000391 (RMSE: 0.0198) 
2026-09-12 19:44:58,191 - INFO - Epoch [ 100/2000] LR: 0.019938 | Train Loss: 0.000973 (Data: 0.00097, Mono: 0.00000) | Val MSE: 0.000984 (RMSE: 0.0314) 
2026-09-12 19:44:58,851 - INFO - Epoch [ 110/2000] LR: 0.019919 | Train Loss: 0.000529 (Data: 0.00053, Mono: 0.00000) | Val MSE: 0.000400 (RMSE: 0.0200) 
2026-09-12 19:44:59,457 - INFO - Epoch [ 119/2000] LR: 0.019899 | Train Loss: 0.000556 (Data: 0.00055, Mono: 0.00000) | Val MSE: 0.000216 (RMSE: 0.0147) [BEST]
2026-09-12 19:44:59,528 - INFO - Epoch [ 120/2000] LR: 0.019897 | Train Loss: 0.000397 (Data: 0.00040, Mono: 0.00000) | Val MSE: 0.000421 (RMSE: 0.0205) 
2026-09-12 19:45:00,056 - INFO - Epoch [ 128/2000] LR: 0.019878 | Train Loss: 0.000432 (Data: 0.00043, Mono: 0.00000) | Val MSE: 0.000216 (RMSE: 0.0147) [BEST]
2026-09-12 19:45:00,188 - INFO - Epoch [ 130/2000] LR: 0.019873 | Train Loss: 0.000644 (Data: 0.00064, Mono: 0.00000) | Val MSE: 0.000920 (RMSE: 0.0303) 
2026-09-12 19:45:00,587 - INFO - Epoch [ 136/2000] LR: 0.019857 | Train Loss: 0.000461 (Data: 0.00046, Mono: 0.00000) | Val MSE: 0.000211 (RMSE: 0.0145) [BEST]
2026-09-12 19:45:00,852 - INFO - Epoch [ 140/2000] LR: 0.019847 | Train Loss: 0.000509 (Data: 0.00051, Mono: 0.00000) | Val MSE: 0.000251 (RMSE: 0.0158) 
2026-09-12 19:45:01,514 - INFO - Epoch [ 150/2000] LR: 0.019817 | Train Loss: 0.000415 (Data: 0.00041, Mono: 0.00000) | Val MSE: 0.000209 (RMSE: 0.0145) [BEST]
2026-09-12 19:45:02,182 - INFO - Epoch [ 160/2000] LR: 0.019786 | Train Loss: 0.000434 (Data: 0.00043, Mono: 0.00000) | Val MSE: 0.000317 (RMSE: 0.0178) 
2026-09-12 19:45:02,855 - INFO - Epoch [ 170/2000] LR: 0.019752 | Train Loss: 0.000384 (Data: 0.00038, Mono: 0.00000) | Val MSE: 0.000209 (RMSE: 0.0144) [BEST]
2026-09-12 19:45:03,395 - INFO - Epoch [ 178/2000] LR: 0.019723 | Train Loss: 0.000500 (Data: 0.00050, Mono: 0.00000) | Val MSE: 0.000204 (RMSE: 0.0143) [BEST]
2026-09-12 19:45:03,527 - INFO - Epoch [ 180/2000] LR: 0.019715 | Train Loss: 0.000500 (Data: 0.00050, Mono: 0.00000) | Val MSE: 0.000214 (RMSE: 0.0146) 
2026-09-12 19:45:04,185 - INFO - Epoch [ 190/2000] LR: 0.019676 | Train Loss: 0.000481 (Data: 0.00048, Mono: 0.00000) | Val MSE: 0.000275 (RMSE: 0.0166) 
2026-09-12 19:45:04,855 - INFO - Epoch [ 200/2000] LR: 0.019635 | Train Loss: 0.000478 (Data: 0.00048, Mono: 0.00000) | Val MSE: 0.000304 (RMSE: 0.0174) 
2026-09-12 19:45:05,371 - INFO - Epoch [ 208/2000] LR: 0.019600 | Train Loss: 0.000418 (Data: 0.00042, Mono: 0.00000) | Val MSE: 0.000202 (RMSE: 0.0142) [BEST]
2026-09-12 19:45:05,523 - INFO - Epoch [ 210/2000] LR: 0.019591 | Train Loss: 0.000484 (Data: 0.00048, Mono: 0.00000) | Val MSE: 0.000571 (RMSE: 0.0239) 
2026-09-12 19:45:06,170 - INFO - Epoch [ 220/2000] LR: 0.019545 | Train Loss: 0.000489 (Data: 0.00049, Mono: 0.00000) | Val MSE: 0.000320 (RMSE: 0.0179) 
2026-09-12 19:45:06,835 - INFO - Epoch [ 230/2000] LR: 0.019496 | Train Loss: 0.000703 (Data: 0.00070, Mono: 0.00000) | Val MSE: 0.000342 (RMSE: 0.0185) 
2026-09-12 19:45:07,500 - INFO - Epoch [ 240/2000] LR: 0.019445 | Train Loss: 0.000748 (Data: 0.00075, Mono: 0.00000) | Val MSE: 0.000581 (RMSE: 0.0241) 
2026-09-12 19:45:08,183 - INFO - Epoch [ 250/2000] LR: 0.019391 | Train Loss: 0.000447 (Data: 0.00045, Mono: 0.00000) | Val MSE: 0.000207 (RMSE: 0.0144) 
2026-09-12 19:45:08,839 - INFO - Epoch [ 260/2000] LR: 0.019335 | Train Loss: 0.000487 (Data: 0.00049, Mono: 0.00000) | Val MSE: 0.000527 (RMSE: 0.0230) 
2026-09-12 19:45:09,494 - INFO - Epoch [ 270/2000] LR: 0.019277 | Train Loss: 0.000501 (Data: 0.00050, Mono: 0.00000) | Val MSE: 0.000256 (RMSE: 0.0160) 
2026-09-12 19:45:10,150 - INFO - Epoch [ 280/2000] LR: 0.019216 | Train Loss: 0.000513 (Data: 0.00051, Mono: 0.00000) | Val MSE: 0.000228 (RMSE: 0.0151) 
2026-09-12 19:45:10,745 - INFO - Epoch [ 289/2000] LR: 0.019159 | Train Loss: 0.000518 (Data: 0.00052, Mono: 0.00000) | Val MSE: 0.000201 (RMSE: 0.0142) [BEST]
2026-09-12 19:45:10,807 - INFO - Epoch [ 290/2000] LR: 0.019153 | Train Loss: 0.000407 (Data: 0.00041, Mono: 0.00000) | Val MSE: 0.000234 (RMSE: 0.0153) 
2026-09-12 19:45:11,496 - INFO - Epoch [ 300/2000] LR: 0.019087 | Train Loss: 0.000386 (Data: 0.00039, Mono: 0.00000) | Val MSE: 0.000310 (RMSE: 0.0176) 
2026-09-12 19:45:12,149 - INFO - Epoch [ 310/2000] LR: 0.019020 | Train Loss: 0.000623 (Data: 0.00062, Mono: 0.00000) | Val MSE: 0.000789 (RMSE: 0.0281) 
2026-09-12 19:45:12,793 - INFO - Epoch [ 320/2000] LR: 0.018950 | Train Loss: 0.000464 (Data: 0.00046, Mono: 0.00000) | Val MSE: 0.000241 (RMSE: 0.0155) 
2026-09-12 19:45:13,566 - INFO - Epoch [ 330/2000] LR: 0.018877 | Train Loss: 0.000483 (Data: 0.00048, Mono: 0.00000) | Val MSE: 0.000922 (RMSE: 0.0304) 
2026-09-12 19:45:14,405 - INFO - Epoch [ 340/2000] LR: 0.018803 | Train Loss: 0.000393 (Data: 0.00039, Mono: 0.00000) | Val MSE: 0.000223 (RMSE: 0.0149) 
2026-09-12 19:45:15,268 - INFO - Epoch [ 350/2000] LR: 0.018726 | Train Loss: 0.000588 (Data: 0.00059, Mono: 0.00000) | Val MSE: 0.000673 (RMSE: 0.0259) 
2026-09-12 19:45:16,137 - INFO - Epoch [ 360/2000] LR: 0.018647 | Train Loss: 0.000411 (Data: 0.00041, Mono: 0.00000) | Val MSE: 0.000248 (RMSE: 0.0157) 
2026-09-12 19:45:17,025 - INFO - Epoch [ 370/2000] LR: 0.018566 | Train Loss: 0.000404 (Data: 0.00040, Mono: 0.00000) | Val MSE: 0.000232 (RMSE: 0.0152) 
2026-09-12 19:45:17,773 - INFO - Epoch [ 380/2000] LR: 0.018482 | Train Loss: 0.000430 (Data: 0.00043, Mono: 0.00000) | Val MSE: 0.000467 (RMSE: 0.0216) 
2026-09-12 19:45:18,420 - INFO - Epoch [ 390/2000] LR: 0.018397 | Train Loss: 0.000407 (Data: 0.00041, Mono: 0.00000) | Val MSE: 0.000218 (RMSE: 0.0148) 
2026-09-12 19:45:19,080 - INFO - Epoch [ 400/2000] LR: 0.018309 | Train Loss: 0.000524 (Data: 0.00052, Mono: 0.00000) | Val MSE: 0.000651 (RMSE: 0.0255) 
2026-09-12 19:45:19,738 - INFO - Epoch [ 410/2000] LR: 0.018220 | Train Loss: 0.000407 (Data: 0.00041, Mono: 0.00000) | Val MSE: 0.000234 (RMSE: 0.0153) 
2026-09-12 19:45:20,390 - INFO - Epoch [ 420/2000] LR: 0.018128 | Train Loss: 0.000421 (Data: 0.00042, Mono: 0.00000) | Val MSE: 0.000501 (RMSE: 0.0224) 
2026-09-12 19:45:21,056 - INFO - Epoch [ 430/2000] LR: 0.018034 | Train Loss: 0.000470 (Data: 0.00047, Mono: 0.00000) | Val MSE: 0.000243 (RMSE: 0.0156) 
2026-09-12 19:45:21,705 - INFO - Epoch [ 440/2000] LR: 0.017938 | Train Loss: 0.000573 (Data: 0.00057, Mono: 0.00000) | Val MSE: 0.000268 (RMSE: 0.0164) 
2026-09-12 19:45:22,362 - INFO - Epoch [ 450/2000] LR: 0.017840 | Train Loss: 0.000587 (Data: 0.00059, Mono: 0.00000) | Val MSE: 0.000278 (RMSE: 0.0167) 
2026-09-12 19:45:23,017 - INFO - Epoch [ 460/2000] LR: 0.017740 | Train Loss: 0.000453 (Data: 0.00045, Mono: 0.00000) | Val MSE: 0.000312 (RMSE: 0.0177) 
2026-09-12 19:45:23,678 - INFO - Epoch [ 470/2000] LR: 0.017638 | Train Loss: 0.000385 (Data: 0.00038, Mono: 0.00000) | Val MSE: 0.000270 (RMSE: 0.0164) 
2026-09-12 19:45:24,332 - INFO - Epoch [ 480/2000] LR: 0.017534 | Train Loss: 0.000414 (Data: 0.00041, Mono: 0.00000) | Val MSE: 0.000283 (RMSE: 0.0168) 
2026-09-12 19:45:24,912 - INFO - [*] Early stopping triggered at epoch 489. Best epoch was 289 with Val MSE: 0.000201
2026-09-12 19:45:24,912 - INFO - Training completed in 34.65s. Loading best checkpoint from epoch 289 for final test evaluation...
2026-09-12 19:45:24,937 - INFO - ==================================================
2026-09-12 19:45:24,937 - INFO - Test Results for [XJTU] - [3C] (Best Epoch 289):
2026-09-12 19:45:24,937 - INFO -   Test RMSE: 0.021050
2026-09-12 19:45:24,937 - INFO -   Test MAE:  0.018186
2026-09-12 19:45:24,937 - INFO -   Test MAPE: 1.917895
2026-09-12 19:45:24,937 - INFO -   Test MSE:  0.000443
2026-09-12 19:45:24,937 - INFO - ==================================================
2026-09-12 20:16:30,692 - INFO - ==================================================
2026-09-12 20:16:30,692 - INFO - Starting FusionMLP Training for [XJTU] - [3C]
2026-09-12 20:16:30,692 - INFO - Device: cuda | Epochs: 2000 | LR: 0.020000 | Mono Weight: 0.4000 | Knee Feature: True
2026-09-12 20:16:30,692 - INFO - ==================================================
2026-09-12 20:16:30,806 - INFO - Data Splits: Train=10, Val=2, Test=3
2026-09-12 20:16:30,893 - INFO - Epoch [   1/2000] LR: 0.006726 | Train Loss: 0.292661 (Data: 0.29262, Mono: 0.00010) | Val MSE: 0.001826 (RMSE: 0.0427) [BEST]
2026-09-12 20:16:31,158 - INFO - Epoch [   5/2000] LR: 0.008557 | Train Loss: 0.029621 (Data: 0.02959, Mono: 0.00007) | Val MSE: 0.000500 (RMSE: 0.0224) [BEST]
2026-09-12 20:16:31,355 - INFO - Epoch [   8/2000] LR: 0.009930 | Train Loss: 0.015458 (Data: 0.01543, Mono: 0.00006) | Val MSE: 0.000318 (RMSE: 0.0178) [BEST]
2026-09-12 20:16:31,488 - INFO - Epoch [  10/2000] LR: 0.010845 | Train Loss: 0.012310 (Data: 0.01229, Mono: 0.00006) | Val MSE: 0.000348 (RMSE: 0.0187) 
2026-09-12 20:16:31,569 - INFO - Epoch [  11/2000] LR: 0.011303 | Train Loss: 0.010187 (Data: 0.01017, Mono: 0.00005) | Val MSE: 0.000225 (RMSE: 0.0150) [BEST]
2026-09-12 20:16:32,245 - INFO - Epoch [  20/2000] LR: 0.015423 | Train Loss: 0.004739 (Data: 0.00473, Mono: 0.00003) | Val MSE: 0.000393 (RMSE: 0.0198) 
2026-09-12 20:16:32,947 - INFO - Epoch [  30/2000] LR: 0.020000 | Train Loss: 0.003230 (Data: 0.00322, Mono: 0.00002) | Val MSE: 0.000264 (RMSE: 0.0162) 
2026-09-12 20:16:33,623 - INFO - Epoch [  40/2000] LR: 0.019999 | Train Loss: 0.001798 (Data: 0.00179, Mono: 0.00002) | Val MSE: 0.000241 (RMSE: 0.0155) 
2026-09-12 20:16:34,374 - INFO - Epoch [  50/2000] LR: 0.019995 | Train Loss: 0.001165 (Data: 0.00116, Mono: 0.00001) | Val MSE: 0.000294 (RMSE: 0.0171) 
2026-09-12 20:16:35,276 - INFO - Epoch [  60/2000] LR: 0.019989 | Train Loss: 0.000847 (Data: 0.00084, Mono: 0.00001) | Val MSE: 0.000253 (RMSE: 0.0159) 
2026-09-12 20:16:36,212 - INFO - Epoch [  70/2000] LR: 0.019980 | Train Loss: 0.000578 (Data: 0.00058, Mono: 0.00001) | Val MSE: 0.000458 (RMSE: 0.0214) 
2026-09-12 20:16:37,164 - INFO - Epoch [  80/2000] LR: 0.019968 | Train Loss: 0.000641 (Data: 0.00064, Mono: 0.00001) | Val MSE: 0.000548 (RMSE: 0.0234) 
2026-09-12 20:16:37,696 - INFO - Epoch [  87/2000] LR: 0.019959 | Train Loss: 0.000498 (Data: 0.00050, Mono: 0.00001) | Val MSE: 0.000224 (RMSE: 0.0150) [BEST]
2026-09-12 20:16:37,950 - INFO - Epoch [  90/2000] LR: 0.019954 | Train Loss: 0.000458 (Data: 0.00046, Mono: 0.00000) | Val MSE: 0.000265 (RMSE: 0.0163) 
2026-09-12 20:16:38,389 - INFO - Epoch [  96/2000] LR: 0.019945 | Train Loss: 0.000462 (Data: 0.00046, Mono: 0.00000) | Val MSE: 0.000222 (RMSE: 0.0149) [BEST]
2026-09-12 20:16:38,675 - INFO - Epoch [ 100/2000] LR: 0.019938 | Train Loss: 0.000437 (Data: 0.00044, Mono: 0.00000) | Val MSE: 0.000256 (RMSE: 0.0160) 
2026-09-12 20:16:39,359 - INFO - Epoch [ 110/2000] LR: 0.019919 | Train Loss: 0.000427 (Data: 0.00043, Mono: 0.00000) | Val MSE: 0.000240 (RMSE: 0.0155) 
2026-09-12 20:16:39,724 - INFO - Epoch [ 115/2000] LR: 0.019908 | Train Loss: 0.000474 (Data: 0.00047, Mono: 0.00000) | Val MSE: 0.000218 (RMSE: 0.0148) [BEST]
2026-09-12 20:16:40,076 - INFO - Epoch [ 120/2000] LR: 0.019897 | Train Loss: 0.000418 (Data: 0.00042, Mono: 0.00000) | Val MSE: 0.000262 (RMSE: 0.0162) 
2026-09-12 20:16:40,784 - INFO - Epoch [ 130/2000] LR: 0.019873 | Train Loss: 0.000566 (Data: 0.00056, Mono: 0.00000) | Val MSE: 0.000401 (RMSE: 0.0200) 
2026-09-12 20:16:41,551 - INFO - Epoch [ 140/2000] LR: 0.019847 | Train Loss: 0.000413 (Data: 0.00041, Mono: 0.00000) | Val MSE: 0.000224 (RMSE: 0.0150) 
2026-09-12 20:16:42,492 - INFO - Epoch [ 150/2000] LR: 0.019817 | Train Loss: 0.000442 (Data: 0.00044, Mono: 0.00000) | Val MSE: 0.000318 (RMSE: 0.0178) 
2026-09-12 20:16:43,480 - INFO - Epoch [ 160/2000] LR: 0.019786 | Train Loss: 0.000425 (Data: 0.00042, Mono: 0.00000) | Val MSE: 0.000222 (RMSE: 0.0149) 
2026-09-12 20:16:44,217 - INFO - Epoch [ 167/2000] LR: 0.019762 | Train Loss: 0.000408 (Data: 0.00041, Mono: 0.00000) | Val MSE: 0.000216 (RMSE: 0.0147) [BEST]
2026-09-12 20:16:44,518 - INFO - Epoch [ 170/2000] LR: 0.019752 | Train Loss: 0.000446 (Data: 0.00044, Mono: 0.00000) | Val MSE: 0.000262 (RMSE: 0.0162) 
2026-09-12 20:16:45,483 - INFO - Epoch [ 180/2000] LR: 0.019715 | Train Loss: 0.000435 (Data: 0.00043, Mono: 0.00000) | Val MSE: 0.000395 (RMSE: 0.0199) 
2026-09-12 20:16:46,458 - INFO - Epoch [ 190/2000] LR: 0.019676 | Train Loss: 0.000390 (Data: 0.00039, Mono: 0.00000) | Val MSE: 0.000221 (RMSE: 0.0149) 
2026-09-12 20:16:46,735 - INFO - Epoch [ 193/2000] LR: 0.019664 | Train Loss: 0.000383 (Data: 0.00038, Mono: 0.00000) | Val MSE: 0.000214 (RMSE: 0.0146) [BEST]
2026-09-12 20:16:47,414 - INFO - Epoch [ 200/2000] LR: 0.019635 | Train Loss: 0.000447 (Data: 0.00045, Mono: 0.00000) | Val MSE: 0.000228 (RMSE: 0.0151) 
2026-09-12 20:16:48,637 - INFO - Epoch [ 210/2000] LR: 0.019591 | Train Loss: 0.000383 (Data: 0.00038, Mono: 0.00000) | Val MSE: 0.000605 (RMSE: 0.0246) 
2026-09-12 20:16:49,745 - INFO - Epoch [ 220/2000] LR: 0.019545 | Train Loss: 0.000376 (Data: 0.00037, Mono: 0.00000) | Val MSE: 0.000264 (RMSE: 0.0163) 
2026-09-12 20:16:50,478 - INFO - Epoch [ 230/2000] LR: 0.019496 | Train Loss: 0.000453 (Data: 0.00045, Mono: 0.00000) | Val MSE: 0.000319 (RMSE: 0.0179) 
2026-09-12 20:16:51,233 - INFO - Epoch [ 240/2000] LR: 0.019445 | Train Loss: 0.000420 (Data: 0.00042, Mono: 0.00000) | Val MSE: 0.000224 (RMSE: 0.0150) 
2026-09-12 20:16:51,324 - INFO - Epoch [ 241/2000] LR: 0.019439 | Train Loss: 0.000432 (Data: 0.00043, Mono: 0.00000) | Val MSE: 0.000213 (RMSE: 0.0146) [BEST]
2026-09-12 20:16:52,159 - INFO - Epoch [ 250/2000] LR: 0.019391 | Train Loss: 0.000523 (Data: 0.00052, Mono: 0.00000) | Val MSE: 0.000311 (RMSE: 0.0176) 
2026-09-12 20:16:52,907 - INFO - Epoch [ 260/2000] LR: 0.019335 | Train Loss: 0.000415 (Data: 0.00041, Mono: 0.00000) | Val MSE: 0.000430 (RMSE: 0.0207) 
2026-09-12 20:16:53,708 - INFO - Epoch [ 270/2000] LR: 0.019277 | Train Loss: 0.000402 (Data: 0.00040, Mono: 0.00000) | Val MSE: 0.000226 (RMSE: 0.0150) 
2026-09-12 20:16:54,488 - INFO - Epoch [ 280/2000] LR: 0.019216 | Train Loss: 0.000389 (Data: 0.00039, Mono: 0.00000) | Val MSE: 0.000215 (RMSE: 0.0147) 
2026-09-12 20:16:54,982 - INFO - Epoch [ 287/2000] LR: 0.019172 | Train Loss: 0.000414 (Data: 0.00041, Mono: 0.00000) | Val MSE: 0.000212 (RMSE: 0.0146) [BEST]
2026-09-12 20:16:55,189 - INFO - Epoch [ 290/2000] LR: 0.019153 | Train Loss: 0.000409 (Data: 0.00041, Mono: 0.00000) | Val MSE: 0.000624 (RMSE: 0.0250) 
2026-09-12 20:16:55,852 - INFO - Epoch [ 300/2000] LR: 0.019087 | Train Loss: 0.000527 (Data: 0.00053, Mono: 0.00000) | Val MSE: 0.000393 (RMSE: 0.0198) 
2026-09-12 20:16:56,492 - INFO - Epoch [ 310/2000] LR: 0.019020 | Train Loss: 0.000467 (Data: 0.00047, Mono: 0.00000) | Val MSE: 0.000546 (RMSE: 0.0234) 
2026-09-12 20:16:57,146 - INFO - Epoch [ 320/2000] LR: 0.018950 | Train Loss: 0.000380 (Data: 0.00038, Mono: 0.00000) | Val MSE: 0.000230 (RMSE: 0.0152) 
2026-09-12 20:16:57,792 - INFO - Epoch [ 330/2000] LR: 0.018877 | Train Loss: 0.000569 (Data: 0.00057, Mono: 0.00000) | Val MSE: 0.000294 (RMSE: 0.0172) 
2026-09-12 20:16:58,438 - INFO - Epoch [ 340/2000] LR: 0.018803 | Train Loss: 0.000418 (Data: 0.00042, Mono: 0.00000) | Val MSE: 0.000585 (RMSE: 0.0242) 
2026-09-12 20:16:59,081 - INFO - Epoch [ 350/2000] LR: 0.018726 | Train Loss: 0.000473 (Data: 0.00047, Mono: 0.00000) | Val MSE: 0.000377 (RMSE: 0.0194) 
2026-09-12 20:16:59,726 - INFO - Epoch [ 360/2000] LR: 0.018647 | Train Loss: 0.000658 (Data: 0.00066, Mono: 0.00000) | Val MSE: 0.000447 (RMSE: 0.0212) 
2026-09-12 20:17:00,440 - INFO - Epoch [ 370/2000] LR: 0.018566 | Train Loss: 0.000497 (Data: 0.00050, Mono: 0.00000) | Val MSE: 0.000250 (RMSE: 0.0158) 
2026-09-12 20:17:01,133 - INFO - Epoch [ 380/2000] LR: 0.018482 | Train Loss: 0.000490 (Data: 0.00049, Mono: 0.00000) | Val MSE: 0.000446 (RMSE: 0.0211) 
2026-09-12 20:17:01,596 - INFO - Epoch [ 387/2000] LR: 0.018423 | Train Loss: 0.000432 (Data: 0.00043, Mono: 0.00000) | Val MSE: 0.000211 (RMSE: 0.0145) [BEST]
2026-09-12 20:17:01,791 - INFO - Epoch [ 390/2000] LR: 0.018397 | Train Loss: 0.000440 (Data: 0.00044, Mono: 0.00000) | Val MSE: 0.000218 (RMSE: 0.0147) 
2026-09-12 20:17:02,435 - INFO - Epoch [ 400/2000] LR: 0.018309 | Train Loss: 0.000564 (Data: 0.00056, Mono: 0.00000) | Val MSE: 0.000494 (RMSE: 0.0222) 
2026-09-12 20:17:03,112 - INFO - Epoch [ 410/2000] LR: 0.018220 | Train Loss: 0.000484 (Data: 0.00048, Mono: 0.00000) | Val MSE: 0.000246 (RMSE: 0.0157) 
2026-09-12 20:17:03,759 - INFO - Epoch [ 420/2000] LR: 0.018128 | Train Loss: 0.000584 (Data: 0.00058, Mono: 0.00000) | Val MSE: 0.000504 (RMSE: 0.0225) 
2026-09-12 20:17:04,417 - INFO - Epoch [ 430/2000] LR: 0.018034 | Train Loss: 0.000485 (Data: 0.00048, Mono: 0.00000) | Val MSE: 0.000398 (RMSE: 0.0200) 
2026-09-12 20:17:05,134 - INFO - Epoch [ 440/2000] LR: 0.017938 | Train Loss: 0.000709 (Data: 0.00071, Mono: 0.00000) | Val MSE: 0.000298 (RMSE: 0.0173) 
2026-09-12 20:17:05,819 - INFO - Epoch [ 450/2000] LR: 0.017840 | Train Loss: 0.000545 (Data: 0.00054, Mono: 0.00000) | Val MSE: 0.000473 (RMSE: 0.0217) 
2026-09-12 20:17:06,322 - INFO - Epoch [ 458/2000] LR: 0.017760 | Train Loss: 0.000417 (Data: 0.00042, Mono: 0.00000) | Val MSE: 0.000209 (RMSE: 0.0144) [BEST]
2026-09-12 20:17:06,452 - INFO - Epoch [ 460/2000] LR: 0.017740 | Train Loss: 0.000539 (Data: 0.00054, Mono: 0.00000) | Val MSE: 0.000637 (RMSE: 0.0252) 
2026-09-12 20:17:07,097 - INFO - Epoch [ 470/2000] LR: 0.017638 | Train Loss: 0.000461 (Data: 0.00046, Mono: 0.00000) | Val MSE: 0.000233 (RMSE: 0.0153) 
2026-09-12 20:17:07,746 - INFO - Epoch [ 480/2000] LR: 0.017534 | Train Loss: 0.000379 (Data: 0.00038, Mono: 0.00000) | Val MSE: 0.000379 (RMSE: 0.0195) 
2026-09-12 20:17:08,374 - INFO - Epoch [ 490/2000] LR: 0.017428 | Train Loss: 0.000536 (Data: 0.00053, Mono: 0.00000) | Val MSE: 0.000550 (RMSE: 0.0235) 
2026-09-12 20:17:08,993 - INFO - Epoch [ 500/2000] LR: 0.017320 | Train Loss: 0.000464 (Data: 0.00046, Mono: 0.00000) | Val MSE: 0.000226 (RMSE: 0.0150) 
2026-09-12 20:17:09,625 - INFO - Epoch [ 510/2000] LR: 0.017211 | Train Loss: 0.000458 (Data: 0.00046, Mono: 0.00000) | Val MSE: 0.000292 (RMSE: 0.0171) 
2026-09-12 20:17:10,261 - INFO - Epoch [ 520/2000] LR: 0.017099 | Train Loss: 0.000463 (Data: 0.00046, Mono: 0.00000) | Val MSE: 0.000228 (RMSE: 0.0151) 
2026-09-12 20:17:10,750 - INFO - Epoch [ 527/2000] LR: 0.017020 | Train Loss: 0.000410 (Data: 0.00041, Mono: 0.00000) | Val MSE: 0.000206 (RMSE: 0.0144) [BEST]
2026-09-12 20:17:10,942 - INFO - Epoch [ 530/2000] LR: 0.016986 | Train Loss: 0.000588 (Data: 0.00059, Mono: 0.00000) | Val MSE: 0.000322 (RMSE: 0.0180) 
2026-09-12 20:17:11,559 - INFO - Epoch [ 540/2000] LR: 0.016871 | Train Loss: 0.000390 (Data: 0.00039, Mono: 0.00000) | Val MSE: 0.000263 (RMSE: 0.0162) 
2026-09-12 20:17:12,199 - INFO - Epoch [ 550/2000] LR: 0.016755 | Train Loss: 0.000466 (Data: 0.00046, Mono: 0.00000) | Val MSE: 0.000390 (RMSE: 0.0197) 
2026-09-12 20:17:12,266 - INFO - Epoch [ 551/2000] LR: 0.016743 | Train Loss: 0.000609 (Data: 0.00061, Mono: 0.00000) | Val MSE: 0.000206 (RMSE: 0.0144) [BEST]
2026-09-12 20:17:12,589 - INFO - Epoch [ 556/2000] LR: 0.016684 | Train Loss: 0.000446 (Data: 0.00044, Mono: 0.00000) | Val MSE: 0.000206 (RMSE: 0.0144) [BEST]
2026-09-12 20:17:12,850 - INFO - Epoch [ 560/2000] LR: 0.016636 | Train Loss: 0.000526 (Data: 0.00052, Mono: 0.00000) | Val MSE: 0.000609 (RMSE: 0.0247) 
2026-09-12 20:17:13,476 - INFO - Epoch [ 570/2000] LR: 0.016516 | Train Loss: 0.000627 (Data: 0.00063, Mono: 0.00000) | Val MSE: 0.000615 (RMSE: 0.0248) 
2026-09-12 20:17:14,109 - INFO - Epoch [ 580/2000] LR: 0.016394 | Train Loss: 0.000575 (Data: 0.00057, Mono: 0.00000) | Val MSE: 0.000235 (RMSE: 0.0153) 
2026-09-12 20:17:14,174 - INFO - Epoch [ 581/2000] LR: 0.016382 | Train Loss: 0.000541 (Data: 0.00054, Mono: 0.00000) | Val MSE: 0.000205 (RMSE: 0.0143) [BEST]
2026-09-12 20:17:14,746 - INFO - Epoch [ 590/2000] LR: 0.016271 | Train Loss: 0.000640 (Data: 0.00064, Mono: 0.00000) | Val MSE: 0.000447 (RMSE: 0.0211) 
2026-09-12 20:17:15,379 - INFO - Epoch [ 600/2000] LR: 0.016146 | Train Loss: 0.000492 (Data: 0.00049, Mono: 0.00000) | Val MSE: 0.000241 (RMSE: 0.0155) 
2026-09-12 20:17:16,046 - INFO - Epoch [ 610/2000] LR: 0.016019 | Train Loss: 0.000754 (Data: 0.00075, Mono: 0.00000) | Val MSE: 0.000340 (RMSE: 0.0184) 
2026-09-12 20:17:16,669 - INFO - Epoch [ 620/2000] LR: 0.015891 | Train Loss: 0.000521 (Data: 0.00052, Mono: 0.00000) | Val MSE: 0.000255 (RMSE: 0.0160) 
2026-09-12 20:17:17,294 - INFO - Epoch [ 630/2000] LR: 0.015761 | Train Loss: 0.000617 (Data: 0.00062, Mono: 0.00000) | Val MSE: 0.000206 (RMSE: 0.0144) 
2026-09-12 20:17:17,906 - INFO - Epoch [ 640/2000] LR: 0.015630 | Train Loss: 0.000423 (Data: 0.00042, Mono: 0.00000) | Val MSE: 0.000260 (RMSE: 0.0161) 
2026-09-12 20:17:18,532 - INFO - Epoch [ 650/2000] LR: 0.015498 | Train Loss: 0.000379 (Data: 0.00038, Mono: 0.00000) | Val MSE: 0.000288 (RMSE: 0.0170) 
2026-09-12 20:17:19,157 - INFO - Epoch [ 660/2000] LR: 0.015364 | Train Loss: 0.000466 (Data: 0.00046, Mono: 0.00000) | Val MSE: 0.000239 (RMSE: 0.0154) 
2026-09-12 20:17:19,557 - INFO - Epoch [ 666/2000] LR: 0.015283 | Train Loss: 0.000562 (Data: 0.00056, Mono: 0.00000) | Val MSE: 0.000203 (RMSE: 0.0143) [BEST]
2026-09-12 20:17:19,803 - INFO - Epoch [ 670/2000] LR: 0.015229 | Train Loss: 0.000504 (Data: 0.00050, Mono: 0.00000) | Val MSE: 0.000656 (RMSE: 0.0256) 
2026-09-12 20:17:20,447 - INFO - Epoch [ 680/2000] LR: 0.015092 | Train Loss: 0.000390 (Data: 0.00039, Mono: 0.00000) | Val MSE: 0.000227 (RMSE: 0.0151) 
2026-09-12 20:17:21,169 - INFO - Epoch [ 690/2000] LR: 0.014954 | Train Loss: 0.000470 (Data: 0.00047, Mono: 0.00000) | Val MSE: 0.000622 (RMSE: 0.0249) 
2026-09-12 20:17:21,796 - INFO - Epoch [ 700/2000] LR: 0.014815 | Train Loss: 0.000502 (Data: 0.00050, Mono: 0.00000) | Val MSE: 0.000332 (RMSE: 0.0182) 
2026-09-12 20:17:22,431 - INFO - Epoch [ 710/2000] LR: 0.014675 | Train Loss: 0.000469 (Data: 0.00047, Mono: 0.00000) | Val MSE: 0.000201 (RMSE: 0.0142) [BEST]
2026-09-12 20:17:23,058 - INFO - Epoch [ 720/2000] LR: 0.014533 | Train Loss: 0.000403 (Data: 0.00040, Mono: 0.00000) | Val MSE: 0.000228 (RMSE: 0.0151) 
2026-09-12 20:17:23,699 - INFO - Epoch [ 730/2000] LR: 0.014391 | Train Loss: 0.000551 (Data: 0.00055, Mono: 0.00000) | Val MSE: 0.000477 (RMSE: 0.0219) 
2026-09-12 20:17:24,334 - INFO - Epoch [ 740/2000] LR: 0.014247 | Train Loss: 0.000620 (Data: 0.00062, Mono: 0.00000) | Val MSE: 0.000315 (RMSE: 0.0178) 
2026-09-12 20:17:24,961 - INFO - Epoch [ 750/2000] LR: 0.014102 | Train Loss: 0.000432 (Data: 0.00043, Mono: 0.00000) | Val MSE: 0.000226 (RMSE: 0.0150) 
2026-09-12 20:17:25,628 - INFO - Epoch [ 760/2000] LR: 0.013956 | Train Loss: 0.000441 (Data: 0.00044, Mono: 0.00000) | Val MSE: 0.000291 (RMSE: 0.0171) 
2026-09-12 20:17:26,311 - INFO - Epoch [ 770/2000] LR: 0.013809 | Train Loss: 0.000573 (Data: 0.00057, Mono: 0.00000) | Val MSE: 0.000201 (RMSE: 0.0142) [BEST]
2026-09-12 20:17:26,985 - INFO - Epoch [ 780/2000] LR: 0.013661 | Train Loss: 0.000457 (Data: 0.00046, Mono: 0.00000) | Val MSE: 0.000213 (RMSE: 0.0146) 
2026-09-12 20:17:27,671 - INFO - Epoch [ 790/2000] LR: 0.013512 | Train Loss: 0.000678 (Data: 0.00068, Mono: 0.00000) | Val MSE: 0.000340 (RMSE: 0.0184) 
2026-09-12 20:17:28,419 - INFO - Epoch [ 800/2000] LR: 0.013362 | Train Loss: 0.000450 (Data: 0.00045, Mono: 0.00000) | Val MSE: 0.000439 (RMSE: 0.0210) 
2026-09-12 20:17:29,169 - INFO - Epoch [ 810/2000] LR: 0.013212 | Train Loss: 0.000414 (Data: 0.00041, Mono: 0.00000) | Val MSE: 0.000242 (RMSE: 0.0155) 
2026-09-12 20:17:29,827 - INFO - Epoch [ 819/2000] LR: 0.013076 | Train Loss: 0.000493 (Data: 0.00049, Mono: 0.00000) | Val MSE: 0.000200 (RMSE: 0.0141) [BEST]
2026-09-12 20:17:29,899 - INFO - Epoch [ 820/2000] LR: 0.013060 | Train Loss: 0.000468 (Data: 0.00047, Mono: 0.00000) | Val MSE: 0.000272 (RMSE: 0.0165) 
2026-09-12 20:17:30,692 - INFO - Epoch [ 830/2000] LR: 0.012908 | Train Loss: 0.000659 (Data: 0.00066, Mono: 0.00000) | Val MSE: 0.000281 (RMSE: 0.0168) 
2026-09-12 20:17:31,390 - INFO - Epoch [ 840/2000] LR: 0.012755 | Train Loss: 0.000387 (Data: 0.00039, Mono: 0.00000) | Val MSE: 0.000322 (RMSE: 0.0179) 
2026-09-12 20:17:32,220 - INFO - Epoch [ 850/2000] LR: 0.012602 | Train Loss: 0.000506 (Data: 0.00050, Mono: 0.00000) | Val MSE: 0.000378 (RMSE: 0.0195) 
2026-09-12 20:17:33,066 - INFO - Epoch [ 860/2000] LR: 0.012447 | Train Loss: 0.000449 (Data: 0.00045, Mono: 0.00000) | Val MSE: 0.000235 (RMSE: 0.0153) 
2026-09-12 20:17:33,869 - INFO - Epoch [ 870/2000] LR: 0.012292 | Train Loss: 0.000444 (Data: 0.00044, Mono: 0.00000) | Val MSE: 0.000372 (RMSE: 0.0193) 
2026-09-12 20:17:34,596 - INFO - Epoch [ 880/2000] LR: 0.012137 | Train Loss: 0.000613 (Data: 0.00061, Mono: 0.00000) | Val MSE: 0.000233 (RMSE: 0.0153) 
2026-09-12 20:17:35,425 - INFO - Epoch [ 890/2000] LR: 0.011981 | Train Loss: 0.000605 (Data: 0.00060, Mono: 0.00000) | Val MSE: 0.000291 (RMSE: 0.0170) 
2026-09-12 20:17:36,239 - INFO - Epoch [ 900/2000] LR: 0.011824 | Train Loss: 0.000586 (Data: 0.00059, Mono: 0.00000) | Val MSE: 0.000397 (RMSE: 0.0199) 
2026-09-12 20:17:36,898 - INFO - Epoch [ 910/2000] LR: 0.011667 | Train Loss: 0.000559 (Data: 0.00056, Mono: 0.00000) | Val MSE: 0.000275 (RMSE: 0.0166) 
2026-09-12 20:17:37,587 - INFO - Epoch [ 920/2000] LR: 0.011510 | Train Loss: 0.000450 (Data: 0.00045, Mono: 0.00000) | Val MSE: 0.000221 (RMSE: 0.0149) 
2026-09-12 20:17:38,305 - INFO - Epoch [ 930/2000] LR: 0.011352 | Train Loss: 0.000608 (Data: 0.00061, Mono: 0.00000) | Val MSE: 0.000203 (RMSE: 0.0142) 
2026-09-12 20:17:38,710 - INFO - Epoch [ 934/2000] LR: 0.011289 | Train Loss: 0.000520 (Data: 0.00052, Mono: 0.00000) | Val MSE: 0.000195 (RMSE: 0.0140) [BEST]
2026-09-12 20:17:39,267 - INFO - Epoch [ 940/2000] LR: 0.011194 | Train Loss: 0.000435 (Data: 0.00043, Mono: 0.00000) | Val MSE: 0.000253 (RMSE: 0.0159) 
2026-09-12 20:17:40,259 - INFO - Epoch [ 950/2000] LR: 0.011035 | Train Loss: 0.000381 (Data: 0.00038, Mono: 0.00000) | Val MSE: 0.000330 (RMSE: 0.0182) 
2026-09-12 20:17:41,192 - INFO - Epoch [ 960/2000] LR: 0.010877 | Train Loss: 0.000602 (Data: 0.00060, Mono: 0.00000) | Val MSE: 0.000270 (RMSE: 0.0164) 
2026-09-12 20:17:41,473 - INFO - Epoch [ 963/2000] LR: 0.010829 | Train Loss: 0.000651 (Data: 0.00065, Mono: 0.00000) | Val MSE: 0.000195 (RMSE: 0.0140) [BEST]
2026-09-12 20:17:42,153 - INFO - Epoch [ 970/2000] LR: 0.010718 | Train Loss: 0.000471 (Data: 0.00047, Mono: 0.00000) | Val MSE: 0.000257 (RMSE: 0.0160) 
2026-09-12 20:17:42,704 - INFO - Epoch [ 976/2000] LR: 0.010622 | Train Loss: 0.000468 (Data: 0.00047, Mono: 0.00000) | Val MSE: 0.000193 (RMSE: 0.0139) [BEST]
2026-09-12 20:17:43,074 - INFO - Epoch [ 980/2000] LR: 0.010559 | Train Loss: 0.000590 (Data: 0.00059, Mono: 0.00000) | Val MSE: 0.000233 (RMSE: 0.0152) 
2026-09-12 20:17:43,537 - INFO - Epoch [ 985/2000] LR: 0.010479 | Train Loss: 0.000475 (Data: 0.00047, Mono: 0.00000) | Val MSE: 0.000190 (RMSE: 0.0138) [BEST]
2026-09-12 20:17:44,042 - INFO - Epoch [ 990/2000] LR: 0.010399 | Train Loss: 0.000494 (Data: 0.00049, Mono: 0.00000) | Val MSE: 0.000362 (RMSE: 0.0190) 
2026-09-12 20:17:45,048 - INFO - Epoch [1000/2000] LR: 0.010240 | Train Loss: 0.000587 (Data: 0.00059, Mono: 0.00000) | Val MSE: 0.000527 (RMSE: 0.0230) 
2026-09-12 20:17:45,981 - INFO - Epoch [1010/2000] LR: 0.010081 | Train Loss: 0.000428 (Data: 0.00043, Mono: 0.00000) | Val MSE: 0.000241 (RMSE: 0.0155) 
2026-09-12 20:17:46,980 - INFO - Epoch [1020/2000] LR: 0.009921 | Train Loss: 0.000484 (Data: 0.00048, Mono: 0.00000) | Val MSE: 0.000263 (RMSE: 0.0162) 
2026-09-12 20:17:48,033 - INFO - Epoch [1030/2000] LR: 0.009762 | Train Loss: 0.000423 (Data: 0.00042, Mono: 0.00000) | Val MSE: 0.000189 (RMSE: 0.0137) [BEST]
2026-09-12 20:17:48,999 - INFO - Epoch [1040/2000] LR: 0.009602 | Train Loss: 0.000450 (Data: 0.00045, Mono: 0.00000) | Val MSE: 0.000525 (RMSE: 0.0229) 
2026-09-12 20:17:49,941 - INFO - Epoch [1050/2000] LR: 0.009443 | Train Loss: 0.000526 (Data: 0.00052, Mono: 0.00000) | Val MSE: 0.000289 (RMSE: 0.0170) 
2026-09-12 20:17:50,652 - INFO - Epoch [1060/2000] LR: 0.009284 | Train Loss: 0.000357 (Data: 0.00036, Mono: 0.00000) | Val MSE: 0.000211 (RMSE: 0.0145) 
2026-09-12 20:17:51,016 - INFO - Epoch [1065/2000] LR: 0.009204 | Train Loss: 0.000436 (Data: 0.00043, Mono: 0.00000) | Val MSE: 0.000188 (RMSE: 0.0137) [BEST]
2026-09-12 20:17:51,362 - INFO - Epoch [1070/2000] LR: 0.009125 | Train Loss: 0.000402 (Data: 0.00040, Mono: 0.00000) | Val MSE: 0.000383 (RMSE: 0.0196) 
2026-09-12 20:17:52,088 - INFO - Epoch [1080/2000] LR: 0.008966 | Train Loss: 0.000388 (Data: 0.00039, Mono: 0.00000) | Val MSE: 0.000196 (RMSE: 0.0140) 
2026-09-12 20:17:52,725 - INFO - Epoch [1090/2000] LR: 0.008808 | Train Loss: 0.000458 (Data: 0.00046, Mono: 0.00000) | Val MSE: 0.000426 (RMSE: 0.0206) 
2026-09-12 20:17:53,367 - INFO - Epoch [1100/2000] LR: 0.008650 | Train Loss: 0.000521 (Data: 0.00052, Mono: 0.00000) | Val MSE: 0.000264 (RMSE: 0.0162) 
2026-09-12 20:17:54,032 - INFO - Epoch [1110/2000] LR: 0.008492 | Train Loss: 0.000571 (Data: 0.00057, Mono: 0.00000) | Val MSE: 0.000185 (RMSE: 0.0136) [BEST]
2026-09-12 20:17:54,711 - INFO - Epoch [1120/2000] LR: 0.008334 | Train Loss: 0.000455 (Data: 0.00045, Mono: 0.00000) | Val MSE: 0.000254 (RMSE: 0.0159) 
2026-09-12 20:17:55,334 - INFO - Epoch [1130/2000] LR: 0.008177 | Train Loss: 0.000363 (Data: 0.00036, Mono: 0.00000) | Val MSE: 0.000197 (RMSE: 0.0140) 
2026-09-12 20:17:55,985 - INFO - Epoch [1140/2000] LR: 0.008021 | Train Loss: 0.000397 (Data: 0.00040, Mono: 0.00000) | Val MSE: 0.000249 (RMSE: 0.0158) 
2026-09-12 20:17:56,122 - INFO - Epoch [1142/2000] LR: 0.007989 | Train Loss: 0.000373 (Data: 0.00037, Mono: 0.00000) | Val MSE: 0.000181 (RMSE: 0.0134) [BEST]
2026-09-12 20:17:56,681 - INFO - Epoch [1150/2000] LR: 0.007865 | Train Loss: 0.000571 (Data: 0.00057, Mono: 0.00000) | Val MSE: 0.000224 (RMSE: 0.0150) 
2026-09-12 20:17:57,340 - INFO - Epoch [1160/2000] LR: 0.007709 | Train Loss: 0.000354 (Data: 0.00035, Mono: 0.00000) | Val MSE: 0.000317 (RMSE: 0.0178) 
2026-09-12 20:17:57,975 - INFO - Epoch [1170/2000] LR: 0.007554 | Train Loss: 0.000488 (Data: 0.00049, Mono: 0.00000) | Val MSE: 0.000223 (RMSE: 0.0149) 
2026-09-12 20:17:58,621 - INFO - Epoch [1180/2000] LR: 0.007400 | Train Loss: 0.000384 (Data: 0.00038, Mono: 0.00000) | Val MSE: 0.000296 (RMSE: 0.0172) 
2026-09-12 20:17:59,267 - INFO - Epoch [1190/2000] LR: 0.007246 | Train Loss: 0.000380 (Data: 0.00038, Mono: 0.00000) | Val MSE: 0.000254 (RMSE: 0.0159) 
2026-09-12 20:17:59,915 - INFO - Epoch [1200/2000] LR: 0.007093 | Train Loss: 0.000394 (Data: 0.00039, Mono: 0.00000) | Val MSE: 0.000181 (RMSE: 0.0135) 
2026-09-12 20:18:00,553 - INFO - Epoch [1210/2000] LR: 0.006941 | Train Loss: 0.000361 (Data: 0.00036, Mono: 0.00000) | Val MSE: 0.000203 (RMSE: 0.0143) 
2026-09-12 20:18:01,220 - INFO - Epoch [1220/2000] LR: 0.006790 | Train Loss: 0.000380 (Data: 0.00038, Mono: 0.00000) | Val MSE: 0.000256 (RMSE: 0.0160) 
2026-09-12 20:18:01,782 - INFO - Epoch [1228/2000] LR: 0.006669 | Train Loss: 0.000375 (Data: 0.00037, Mono: 0.00000) | Val MSE: 0.000177 (RMSE: 0.0133) [BEST]
2026-09-12 20:18:01,917 - INFO - Epoch [1230/2000] LR: 0.006639 | Train Loss: 0.000326 (Data: 0.00032, Mono: 0.00000) | Val MSE: 0.000179 (RMSE: 0.0134) 
2026-09-12 20:18:02,060 - INFO - Epoch [1232/2000] LR: 0.006609 | Train Loss: 0.000381 (Data: 0.00038, Mono: 0.00000) | Val MSE: 0.000173 (RMSE: 0.0132) [BEST]
2026-09-12 20:18:02,194 - INFO - Epoch [1234/2000] LR: 0.006579 | Train Loss: 0.000375 (Data: 0.00037, Mono: 0.00000) | Val MSE: 0.000170 (RMSE: 0.0131) [BEST]
2026-09-12 20:18:02,580 - INFO - Epoch [1240/2000] LR: 0.006489 | Train Loss: 0.000457 (Data: 0.00046, Mono: 0.00000) | Val MSE: 0.000262 (RMSE: 0.0162) 
2026-09-12 20:18:03,244 - INFO - Epoch [1250/2000] LR: 0.006341 | Train Loss: 0.000359 (Data: 0.00036, Mono: 0.00000) | Val MSE: 0.000187 (RMSE: 0.0137) 
2026-09-12 20:18:03,891 - INFO - Epoch [1260/2000] LR: 0.006193 | Train Loss: 0.000498 (Data: 0.00050, Mono: 0.00000) | Val MSE: 0.000335 (RMSE: 0.0183) 
2026-09-12 20:18:04,549 - INFO - Epoch [1270/2000] LR: 0.006046 | Train Loss: 0.000358 (Data: 0.00036, Mono: 0.00000) | Val MSE: 0.000243 (RMSE: 0.0156) 
2026-09-12 20:18:05,207 - INFO - Epoch [1280/2000] LR: 0.005900 | Train Loss: 0.000356 (Data: 0.00036, Mono: 0.00000) | Val MSE: 0.000179 (RMSE: 0.0134) 
2026-09-12 20:18:05,853 - INFO - Epoch [1290/2000] LR: 0.005755 | Train Loss: 0.000356 (Data: 0.00035, Mono: 0.00000) | Val MSE: 0.000164 (RMSE: 0.0128) [BEST]
2026-09-12 20:18:06,305 - INFO - Epoch [1297/2000] LR: 0.005654 | Train Loss: 0.000368 (Data: 0.00037, Mono: 0.00000) | Val MSE: 0.000158 (RMSE: 0.0126) [BEST]
2026-09-12 20:18:06,516 - INFO - Epoch [1300/2000] LR: 0.005611 | Train Loss: 0.000411 (Data: 0.00041, Mono: 0.00000) | Val MSE: 0.000353 (RMSE: 0.0188) 
2026-09-12 20:18:07,264 - INFO - Epoch [1310/2000] LR: 0.005468 | Train Loss: 0.000486 (Data: 0.00048, Mono: 0.00000) | Val MSE: 0.000292 (RMSE: 0.0171) 
2026-09-12 20:18:07,969 - INFO - Epoch [1320/2000] LR: 0.005327 | Train Loss: 0.000430 (Data: 0.00043, Mono: 0.00000) | Val MSE: 0.000172 (RMSE: 0.0131) 
2026-09-12 20:18:08,600 - INFO - Epoch [1330/2000] LR: 0.005186 | Train Loss: 0.000317 (Data: 0.00032, Mono: 0.00000) | Val MSE: 0.000213 (RMSE: 0.0146) 
2026-09-12 20:18:09,232 - INFO - Epoch [1340/2000] LR: 0.005047 | Train Loss: 0.000353 (Data: 0.00035, Mono: 0.00000) | Val MSE: 0.000182 (RMSE: 0.0135) 
2026-09-12 20:18:09,867 - INFO - Epoch [1350/2000] LR: 0.004909 | Train Loss: 0.000399 (Data: 0.00040, Mono: 0.00000) | Val MSE: 0.000243 (RMSE: 0.0156) 
2026-09-12 20:18:09,995 - INFO - Epoch [1352/2000] LR: 0.004882 | Train Loss: 0.000341 (Data: 0.00034, Mono: 0.00000) | Val MSE: 0.000145 (RMSE: 0.0120) [BEST]
2026-09-12 20:18:10,204 - INFO - Epoch [1355/2000] LR: 0.004841 | Train Loss: 0.000305 (Data: 0.00030, Mono: 0.00000) | Val MSE: 0.000140 (RMSE: 0.0118) [BEST]
2026-09-12 20:18:10,523 - INFO - Epoch [1360/2000] LR: 0.004773 | Train Loss: 0.000311 (Data: 0.00031, Mono: 0.00000) | Val MSE: 0.000138 (RMSE: 0.0118) [BEST]
2026-09-12 20:18:10,648 - INFO - Epoch [1362/2000] LR: 0.004746 | Train Loss: 0.000407 (Data: 0.00041, Mono: 0.00000) | Val MSE: 0.000137 (RMSE: 0.0117) [BEST]
2026-09-12 20:18:11,172 - INFO - Epoch [1370/2000] LR: 0.004638 | Train Loss: 0.000494 (Data: 0.00049, Mono: 0.00000) | Val MSE: 0.000383 (RMSE: 0.0196) 
2026-09-12 20:18:11,809 - INFO - Epoch [1380/2000] LR: 0.004504 | Train Loss: 0.000400 (Data: 0.00040, Mono: 0.00000) | Val MSE: 0.000178 (RMSE: 0.0133) 
2026-09-12 20:18:12,487 - INFO - Epoch [1390/2000] LR: 0.004371 | Train Loss: 0.000337 (Data: 0.00034, Mono: 0.00000) | Val MSE: 0.000135 (RMSE: 0.0116) [BEST]
2026-09-12 20:18:12,622 - INFO - Epoch [1392/2000] LR: 0.004345 | Train Loss: 0.000273 (Data: 0.00027, Mono: 0.00000) | Val MSE: 0.000119 (RMSE: 0.0109) [BEST]
2026-09-12 20:18:13,147 - INFO - Epoch [1400/2000] LR: 0.004240 | Train Loss: 0.000296 (Data: 0.00029, Mono: 0.00000) | Val MSE: 0.000252 (RMSE: 0.0159) 
2026-09-12 20:18:13,789 - INFO - Epoch [1410/2000] LR: 0.004111 | Train Loss: 0.000336 (Data: 0.00033, Mono: 0.00000) | Val MSE: 0.000151 (RMSE: 0.0123) 
2026-09-12 20:18:14,436 - INFO - Epoch [1420/2000] LR: 0.003982 | Train Loss: 0.000352 (Data: 0.00035, Mono: 0.00000) | Val MSE: 0.000388 (RMSE: 0.0197) 
2026-09-12 20:18:14,910 - INFO - Epoch [1427/2000] LR: 0.003894 | Train Loss: 0.000320 (Data: 0.00032, Mono: 0.00000) | Val MSE: 0.000118 (RMSE: 0.0109) [BEST]
2026-09-12 20:18:15,108 - INFO - Epoch [1430/2000] LR: 0.003856 | Train Loss: 0.000299 (Data: 0.00030, Mono: 0.00000) | Val MSE: 0.000106 (RMSE: 0.0103) [BEST]
2026-09-12 20:18:15,786 - INFO - Epoch [1440/2000] LR: 0.003731 | Train Loss: 0.000252 (Data: 0.00025, Mono: 0.00000) | Val MSE: 0.000105 (RMSE: 0.0102) [BEST]
2026-09-12 20:18:15,915 - INFO - Epoch [1442/2000] LR: 0.003706 | Train Loss: 0.000253 (Data: 0.00025, Mono: 0.00000) | Val MSE: 0.000090 (RMSE: 0.0095) [BEST]
2026-09-12 20:18:16,469 - INFO - Epoch [1450/2000] LR: 0.003607 | Train Loss: 0.000270 (Data: 0.00027, Mono: 0.00000) | Val MSE: 0.000112 (RMSE: 0.0106) 
2026-09-12 20:18:16,908 - INFO - Epoch [1456/2000] LR: 0.003534 | Train Loss: 0.000313 (Data: 0.00031, Mono: 0.00000) | Val MSE: 0.000083 (RMSE: 0.0091) [BEST]
2026-09-12 20:18:17,203 - INFO - Epoch [1460/2000] LR: 0.003486 | Train Loss: 0.000312 (Data: 0.00031, Mono: 0.00000) | Val MSE: 0.000168 (RMSE: 0.0130) 
2026-09-12 20:18:17,523 - INFO - Epoch [1465/2000] LR: 0.003425 | Train Loss: 0.000200 (Data: 0.00020, Mono: 0.00000) | Val MSE: 0.000073 (RMSE: 0.0086) [BEST]
2026-09-12 20:18:17,658 - INFO - Epoch [1467/2000] LR: 0.003401 | Train Loss: 0.000221 (Data: 0.00022, Mono: 0.00000) | Val MSE: 0.000066 (RMSE: 0.0081) [BEST]
2026-09-12 20:18:17,858 - INFO - Epoch [1470/2000] LR: 0.003366 | Train Loss: 0.000405 (Data: 0.00040, Mono: 0.00000) | Val MSE: 0.000094 (RMSE: 0.0097) 
2026-09-12 20:18:18,504 - INFO - Epoch [1480/2000] LR: 0.003247 | Train Loss: 0.000255 (Data: 0.00025, Mono: 0.00000) | Val MSE: 0.000095 (RMSE: 0.0098) 
2026-09-12 20:18:19,168 - INFO - Epoch [1490/2000] LR: 0.003130 | Train Loss: 0.000409 (Data: 0.00041, Mono: 0.00000) | Val MSE: 0.000280 (RMSE: 0.0167) 
2026-09-12 20:18:19,818 - INFO - Epoch [1500/2000] LR: 0.003015 | Train Loss: 0.000210 (Data: 0.00021, Mono: 0.00000) | Val MSE: 0.000136 (RMSE: 0.0117) 
2026-09-12 20:18:20,148 - INFO - Epoch [1505/2000] LR: 0.002959 | Train Loss: 0.000234 (Data: 0.00023, Mono: 0.00000) | Val MSE: 0.000055 (RMSE: 0.0074) [BEST]
2026-09-12 20:18:20,509 - INFO - Epoch [1510/2000] LR: 0.002902 | Train Loss: 0.000268 (Data: 0.00027, Mono: 0.00000) | Val MSE: 0.000140 (RMSE: 0.0118) 
2026-09-12 20:18:21,162 - INFO - Epoch [1520/2000] LR: 0.002791 | Train Loss: 0.000214 (Data: 0.00021, Mono: 0.00000) | Val MSE: 0.000109 (RMSE: 0.0104) 
2026-09-12 20:18:21,809 - INFO - Epoch [1530/2000] LR: 0.002681 | Train Loss: 0.000244 (Data: 0.00024, Mono: 0.00000) | Val MSE: 0.000192 (RMSE: 0.0139) 
2026-09-12 20:18:22,479 - INFO - Epoch [1540/2000] LR: 0.002574 | Train Loss: 0.000224 (Data: 0.00022, Mono: 0.00000) | Val MSE: 0.000053 (RMSE: 0.0073) [BEST]
2026-09-12 20:18:23,125 - INFO - Epoch [1550/2000] LR: 0.002468 | Train Loss: 0.000204 (Data: 0.00020, Mono: 0.00000) | Val MSE: 0.000132 (RMSE: 0.0115) 
2026-09-12 20:18:23,370 - INFO - Epoch [1553/2000] LR: 0.002436 | Train Loss: 0.000172 (Data: 0.00017, Mono: 0.00000) | Val MSE: 0.000052 (RMSE: 0.0072) [BEST]
2026-09-12 20:18:23,460 - INFO - Epoch [1554/2000] LR: 0.002426 | Train Loss: 0.000190 (Data: 0.00019, Mono: 0.00000) | Val MSE: 0.000042 (RMSE: 0.0065) [BEST]
2026-09-12 20:18:23,896 - INFO - Epoch [1560/2000] LR: 0.002364 | Train Loss: 0.000302 (Data: 0.00030, Mono: 0.00000) | Val MSE: 0.000073 (RMSE: 0.0085) 
2026-09-12 20:18:24,544 - INFO - Epoch [1570/2000] LR: 0.002262 | Train Loss: 0.000323 (Data: 0.00032, Mono: 0.00000) | Val MSE: 0.000198 (RMSE: 0.0141) 
2026-09-12 20:18:25,187 - INFO - Epoch [1580/2000] LR: 0.002162 | Train Loss: 0.000273 (Data: 0.00027, Mono: 0.00000) | Val MSE: 0.000091 (RMSE: 0.0095) 
2026-09-12 20:18:25,813 - INFO - Epoch [1590/2000] LR: 0.002064 | Train Loss: 0.000183 (Data: 0.00018, Mono: 0.00000) | Val MSE: 0.000060 (RMSE: 0.0078) 
2026-09-12 20:18:26,449 - INFO - Epoch [1600/2000] LR: 0.001968 | Train Loss: 0.000307 (Data: 0.00031, Mono: 0.00000) | Val MSE: 0.000283 (RMSE: 0.0168) 
2026-09-12 20:18:27,087 - INFO - Epoch [1610/2000] LR: 0.001874 | Train Loss: 0.000200 (Data: 0.00020, Mono: 0.00000) | Val MSE: 0.000055 (RMSE: 0.0074) 
2026-09-12 20:18:27,722 - INFO - Epoch [1619/2000] LR: 0.001791 | Train Loss: 0.000189 (Data: 0.00019, Mono: 0.00000) | Val MSE: 0.000042 (RMSE: 0.0065) [BEST]
2026-09-12 20:18:27,793 - INFO - Epoch [1620/2000] LR: 0.001782 | Train Loss: 0.000173 (Data: 0.00017, Mono: 0.00000) | Val MSE: 0.000059 (RMSE: 0.0077) 
2026-09-12 20:18:28,431 - INFO - Epoch [1630/2000] LR: 0.001692 | Train Loss: 0.000168 (Data: 0.00017, Mono: 0.00000) | Val MSE: 0.000162 (RMSE: 0.0127) 
2026-09-12 20:18:28,691 - INFO - Epoch [1634/2000] LR: 0.001657 | Train Loss: 0.000165 (Data: 0.00016, Mono: 0.00000) | Val MSE: 0.000042 (RMSE: 0.0064) [BEST]
2026-09-12 20:18:29,092 - INFO - Epoch [1640/2000] LR: 0.001605 | Train Loss: 0.000258 (Data: 0.00026, Mono: 0.00000) | Val MSE: 0.000076 (RMSE: 0.0087) 
2026-09-12 20:18:29,738 - INFO - Epoch [1650/2000] LR: 0.001519 | Train Loss: 0.000186 (Data: 0.00019, Mono: 0.00000) | Val MSE: 0.000048 (RMSE: 0.0070) 
2026-09-12 20:18:30,134 - INFO - Epoch [1656/2000] LR: 0.001469 | Train Loss: 0.000175 (Data: 0.00017, Mono: 0.00000) | Val MSE: 0.000041 (RMSE: 0.0064) [BEST]
2026-09-12 20:18:30,202 - INFO - Epoch [1657/2000] LR: 0.001461 | Train Loss: 0.000207 (Data: 0.00021, Mono: 0.00000) | Val MSE: 0.000040 (RMSE: 0.0063) [BEST]
2026-09-12 20:18:30,396 - INFO - Epoch [1660/2000] LR: 0.001436 | Train Loss: 0.000156 (Data: 0.00015, Mono: 0.00000) | Val MSE: 0.000089 (RMSE: 0.0094) 
2026-09-12 20:18:31,051 - INFO - Epoch [1670/2000] LR: 0.001355 | Train Loss: 0.000169 (Data: 0.00017, Mono: 0.00000) | Val MSE: 0.000042 (RMSE: 0.0065) 
2026-09-12 20:18:31,185 - INFO - Epoch [1672/2000] LR: 0.001339 | Train Loss: 0.000168 (Data: 0.00017, Mono: 0.00000) | Val MSE: 0.000038 (RMSE: 0.0062) [BEST]
2026-09-12 20:18:31,699 - INFO - Epoch [1680/2000] LR: 0.001276 | Train Loss: 0.000176 (Data: 0.00018, Mono: 0.00000) | Val MSE: 0.000048 (RMSE: 0.0069) 
2026-09-12 20:18:32,366 - INFO - Epoch [1690/2000] LR: 0.001199 | Train Loss: 0.000170 (Data: 0.00017, Mono: 0.00000) | Val MSE: 0.000055 (RMSE: 0.0074) 
2026-09-12 20:18:32,762 - INFO - Epoch [1696/2000] LR: 0.001154 | Train Loss: 0.000173 (Data: 0.00017, Mono: 0.00000) | Val MSE: 0.000037 (RMSE: 0.0061) [BEST]
2026-09-12 20:18:33,022 - INFO - Epoch [1700/2000] LR: 0.001124 | Train Loss: 0.000174 (Data: 0.00017, Mono: 0.00000) | Val MSE: 0.000037 (RMSE: 0.0061) 
2026-09-12 20:18:33,660 - INFO - Epoch [1710/2000] LR: 0.001052 | Train Loss: 0.000290 (Data: 0.00029, Mono: 0.00000) | Val MSE: 0.000078 (RMSE: 0.0088) 
2026-09-12 20:18:34,331 - INFO - Epoch [1720/2000] LR: 0.000982 | Train Loss: 0.000150 (Data: 0.00015, Mono: 0.00000) | Val MSE: 0.000075 (RMSE: 0.0087) 
2026-09-12 20:18:34,534 - INFO - Epoch [1723/2000] LR: 0.000961 | Train Loss: 0.000158 (Data: 0.00016, Mono: 0.00000) | Val MSE: 0.000036 (RMSE: 0.0060) [BEST]
2026-09-12 20:18:34,930 - INFO - Epoch [1729/2000] LR: 0.000921 | Train Loss: 0.000160 (Data: 0.00016, Mono: 0.00000) | Val MSE: 0.000034 (RMSE: 0.0059) [BEST]
2026-09-12 20:18:34,998 - INFO - Epoch [1730/2000] LR: 0.000914 | Train Loss: 0.000147 (Data: 0.00015, Mono: 0.00000) | Val MSE: 0.000046 (RMSE: 0.0068) 
2026-09-12 20:18:35,642 - INFO - Epoch [1740/2000] LR: 0.000849 | Train Loss: 0.000171 (Data: 0.00017, Mono: 0.00000) | Val MSE: 0.000034 (RMSE: 0.0058) [BEST]
2026-09-12 20:18:36,344 - INFO - Epoch [1750/2000] LR: 0.000786 | Train Loss: 0.000177 (Data: 0.00018, Mono: 0.00000) | Val MSE: 0.000052 (RMSE: 0.0072) 
2026-09-12 20:18:37,183 - INFO - Epoch [1760/2000] LR: 0.000725 | Train Loss: 0.000151 (Data: 0.00015, Mono: 0.00000) | Val MSE: 0.000045 (RMSE: 0.0067) 
2026-09-12 20:18:38,091 - INFO - Epoch [1770/2000] LR: 0.000667 | Train Loss: 0.000151 (Data: 0.00015, Mono: 0.00000) | Val MSE: 0.000046 (RMSE: 0.0068) 
2026-09-12 20:18:38,934 - INFO - Epoch [1780/2000] LR: 0.000611 | Train Loss: 0.000161 (Data: 0.00016, Mono: 0.00000) | Val MSE: 0.000038 (RMSE: 0.0062) 
2026-09-12 20:18:39,775 - INFO - Epoch [1790/2000] LR: 0.000557 | Train Loss: 0.000144 (Data: 0.00014, Mono: 0.00000) | Val MSE: 0.000033 (RMSE: 0.0058) [BEST]
2026-09-12 20:18:40,619 - INFO - Epoch [1800/2000] LR: 0.000506 | Train Loss: 0.000138 (Data: 0.00014, Mono: 0.00000) | Val MSE: 0.000034 (RMSE: 0.0059) 
2026-09-12 20:18:41,475 - INFO - Epoch [1810/2000] LR: 0.000457 | Train Loss: 0.000142 (Data: 0.00014, Mono: 0.00000) | Val MSE: 0.000056 (RMSE: 0.0075) 
2026-09-12 20:18:42,332 - INFO - Epoch [1820/2000] LR: 0.000411 | Train Loss: 0.000157 (Data: 0.00016, Mono: 0.00000) | Val MSE: 0.000044 (RMSE: 0.0067) 
2026-09-12 20:18:43,298 - INFO - Epoch [1830/2000] LR: 0.000367 | Train Loss: 0.000143 (Data: 0.00014, Mono: 0.00000) | Val MSE: 0.000037 (RMSE: 0.0061) 
2026-09-12 20:18:43,387 - INFO - Epoch [1831/2000] LR: 0.000363 | Train Loss: 0.000163 (Data: 0.00016, Mono: 0.00000) | Val MSE: 0.000033 (RMSE: 0.0058) [BEST]
2026-09-12 20:18:44,148 - INFO - Epoch [1840/2000] LR: 0.000325 | Train Loss: 0.000137 (Data: 0.00014, Mono: 0.00000) | Val MSE: 0.000034 (RMSE: 0.0058) 
2026-09-12 20:18:44,976 - INFO - Epoch [1850/2000] LR: 0.000286 | Train Loss: 0.000145 (Data: 0.00014, Mono: 0.00000) | Val MSE: 0.000035 (RMSE: 0.0059) 
2026-09-12 20:18:45,623 - INFO - Epoch [1860/2000] LR: 0.000250 | Train Loss: 0.000151 (Data: 0.00015, Mono: 0.00000) | Val MSE: 0.000035 (RMSE: 0.0059) 
2026-09-12 20:18:46,264 - INFO - Epoch [1870/2000] LR: 0.000216 | Train Loss: 0.000149 (Data: 0.00015, Mono: 0.00000) | Val MSE: 0.000058 (RMSE: 0.0076) 
2026-09-12 20:18:46,911 - INFO - Epoch [1880/2000] LR: 0.000184 | Train Loss: 0.000145 (Data: 0.00014, Mono: 0.00000) | Val MSE: 0.000039 (RMSE: 0.0062) 
2026-09-12 20:18:47,543 - INFO - Epoch [1890/2000] LR: 0.000155 | Train Loss: 0.000145 (Data: 0.00014, Mono: 0.00000) | Val MSE: 0.000035 (RMSE: 0.0059) 
2026-09-12 20:18:47,963 - INFO - Epoch [1896/2000] LR: 0.000139 | Train Loss: 0.000144 (Data: 0.00014, Mono: 0.00000) | Val MSE: 0.000033 (RMSE: 0.0057) [BEST]
2026-09-12 20:18:48,228 - INFO - Epoch [1900/2000] LR: 0.000128 | Train Loss: 0.000145 (Data: 0.00014, Mono: 0.00000) | Val MSE: 0.000034 (RMSE: 0.0058) 
2026-09-12 20:18:48,859 - INFO - Epoch [1910/2000] LR: 0.000104 | Train Loss: 0.000141 (Data: 0.00014, Mono: 0.00000) | Val MSE: 0.000036 (RMSE: 0.0060) 
2026-09-12 20:18:49,498 - INFO - Epoch [1920/2000] LR: 0.000083 | Train Loss: 0.000137 (Data: 0.00014, Mono: 0.00000) | Val MSE: 0.000038 (RMSE: 0.0061) 
2026-09-12 20:18:50,126 - INFO - Epoch [1930/2000] LR: 0.000064 | Train Loss: 0.000136 (Data: 0.00014, Mono: 0.00000) | Val MSE: 0.000038 (RMSE: 0.0062) 
2026-09-12 20:18:50,771 - INFO - Epoch [1940/2000] LR: 0.000047 | Train Loss: 0.000143 (Data: 0.00014, Mono: 0.00000) | Val MSE: 0.000038 (RMSE: 0.0062) 
2026-09-12 20:18:51,407 - INFO - Epoch [1950/2000] LR: 0.000033 | Train Loss: 0.000142 (Data: 0.00014, Mono: 0.00000) | Val MSE: 0.000039 (RMSE: 0.0062) 
2026-09-12 20:18:52,028 - INFO - Epoch [1960/2000] LR: 0.000022 | Train Loss: 0.000143 (Data: 0.00014, Mono: 0.00000) | Val MSE: 0.000037 (RMSE: 0.0061) 
2026-09-12 20:18:52,645 - INFO - Epoch [1970/2000] LR: 0.000013 | Train Loss: 0.000142 (Data: 0.00014, Mono: 0.00000) | Val MSE: 0.000039 (RMSE: 0.0062) 
2026-09-12 20:18:53,344 - INFO - Epoch [1980/2000] LR: 0.000007 | Train Loss: 0.000139 (Data: 0.00014, Mono: 0.00000) | Val MSE: 0.000038 (RMSE: 0.0062) 
2026-09-12 20:18:53,971 - INFO - Epoch [1990/2000] LR: 0.000003 | Train Loss: 0.000141 (Data: 0.00014, Mono: 0.00000) | Val MSE: 0.000038 (RMSE: 0.0062) 
2026-09-12 20:18:54,589 - INFO - Epoch [2000/2000] LR: 0.000002 | Train Loss: 0.000141 (Data: 0.00014, Mono: 0.00000) | Val MSE: 0.000038 (RMSE: 0.0062) 
2026-09-12 20:18:54,589 - INFO - Training completed in 143.76s. Loading best checkpoint from epoch 1896 for final test evaluation...
2026-09-12 20:18:54,621 - INFO - ==================================================
2026-09-12 20:18:54,621 - INFO - Test Results for [XJTU] - [3C] (Best Epoch 1896):
2026-09-12 20:18:54,621 - INFO -   Test RMSE: 0.011661
2026-09-12 20:18:54,621 - INFO -   Test MAE:  0.010400
2026-09-12 20:18:54,621 - INFO -   Test MAPE: 1.089900
2026-09-12 20:18:54,621 - INFO -   Test MSE:  0.000136
2026-09-12 20:18:54,621 - INFO - ==================================================
2026-09-12 21:01:03,053 - INFO - ==================================================
2026-09-12 21:01:03,053 - INFO - Starting FusionMLP Training for [XJTU] - [3C]
2026-09-12 21:01:03,053 - INFO - Device: cuda | Epochs: 2000 | LR: 0.000200 | Mono Weight: 0.4000 | Knee Feature: True
2026-09-12 21:01:03,054 - INFO - ==================================================
2026-09-12 21:01:03,190 - INFO - Data Splits: Train=10, Val=2, Test=3
2026-09-12 21:01:03,306 - INFO - Epoch [   1/2000] LR: 0.006066 | Train Loss: 0.445736 (Data: 0.44568, Mono: 0.00015) | Val MSE: 0.031069 (RMSE: 0.1763) [BEST]
2026-09-12 21:01:03,428 - INFO - Epoch [   2/2000] LR: 0.005864 | Train Loss: 0.171377 (Data: 0.17131, Mono: 0.00016) | Val MSE: 0.012551 (RMSE: 0.1120) [BEST]
2026-09-12 21:01:03,555 - INFO - Epoch [   3/2000] LR: 0.005661 | Train Loss: 0.108463 (Data: 0.10841, Mono: 0.00014) | Val MSE: 0.005378 (RMSE: 0.0733) [BEST]
2026-09-12 21:01:03,652 - INFO - Epoch [   4/2000] LR: 0.005459 | Train Loss: 0.068940 (Data: 0.06889, Mono: 0.00012) | Val MSE: 0.003751 (RMSE: 0.0612) [BEST]
2026-09-12 21:01:03,755 - INFO - Epoch [   5/2000] LR: 0.005257 | Train Loss: 0.049376 (Data: 0.04934, Mono: 0.00010) | Val MSE: 0.000403 (RMSE: 0.0201) [BEST]
2026-09-12 21:01:04,021 - INFO - Epoch [   8/2000] LR: 0.004650 | Train Loss: 0.026722 (Data: 0.02669, Mono: 0.00007) | Val MSE: 0.000368 (RMSE: 0.0192) [BEST]
2026-09-12 21:01:04,127 - INFO - Epoch [   9/2000] LR: 0.004448 | Train Loss: 0.023793 (Data: 0.02377, Mono: 0.00007) | Val MSE: 0.000249 (RMSE: 0.0158) [BEST]
2026-09-12 21:01:04,201 - INFO - Epoch [  10/2000] LR: 0.004245 | Train Loss: 0.020228 (Data: 0.02020, Mono: 0.00006) | Val MSE: 0.000228 (RMSE: 0.0151) [BEST]
2026-09-12 21:01:04,383 - INFO - Epoch [  12/2000] LR: 0.003841 | Train Loss: 0.016803 (Data: 0.01678, Mono: 0.00006) | Val MSE: 0.000205 (RMSE: 0.0143) [BEST]
2026-09-12 21:01:05,055 - INFO - Epoch [  20/2000] LR: 0.002223 | Train Loss: 0.010753 (Data: 0.01073, Mono: 0.00005) | Val MSE: 0.000206 (RMSE: 0.0143) 
2026-09-12 21:01:05,917 - INFO - Epoch [  30/2000] LR: 0.000200 | Train Loss: 0.009362 (Data: 0.00934, Mono: 0.00004) | Val MSE: 0.000235 (RMSE: 0.0153) 
2026-09-12 21:01:06,772 - INFO - Epoch [  40/2000] LR: 0.000200 | Train Loss: 0.008645 (Data: 0.00863, Mono: 0.00004) | Val MSE: 0.000228 (RMSE: 0.0151) 
2026-09-12 21:01:07,711 - INFO - Epoch [  50/2000] LR: 0.000200 | Train Loss: 0.008922 (Data: 0.00891, Mono: 0.00004) | Val MSE: 0.000225 (RMSE: 0.0150) 
2026-09-12 21:01:08,584 - INFO - Epoch [  60/2000] LR: 0.000200 | Train Loss: 0.008413 (Data: 0.00840, Mono: 0.00004) | Val MSE: 0.000230 (RMSE: 0.0152) 
2026-09-12 21:01:09,471 - INFO - Epoch [  70/2000] LR: 0.000200 | Train Loss: 0.007956 (Data: 0.00794, Mono: 0.00004) | Val MSE: 0.000234 (RMSE: 0.0153) 
2026-09-12 21:01:10,396 - INFO - Epoch [  80/2000] LR: 0.000200 | Train Loss: 0.007897 (Data: 0.00788, Mono: 0.00004) | Val MSE: 0.000239 (RMSE: 0.0155) 
2026-09-12 21:01:11,272 - INFO - Epoch [  90/2000] LR: 0.000200 | Train Loss: 0.007566 (Data: 0.00755, Mono: 0.00004) | Val MSE: 0.000240 (RMSE: 0.0155) 
2026-09-12 21:01:12,078 - INFO - Epoch [ 100/2000] LR: 0.000199 | Train Loss: 0.007053 (Data: 0.00704, Mono: 0.00004) | Val MSE: 0.000237 (RMSE: 0.0154) 
2026-09-12 21:01:12,866 - INFO - Epoch [ 110/2000] LR: 0.000199 | Train Loss: 0.007022 (Data: 0.00701, Mono: 0.00004) | Val MSE: 0.000236 (RMSE: 0.0154) 
2026-09-12 21:01:13,693 - INFO - Epoch [ 120/2000] LR: 0.000199 | Train Loss: 0.007033 (Data: 0.00702, Mono: 0.00004) | Val MSE: 0.000232 (RMSE: 0.0152) 
2026-09-12 21:01:14,520 - INFO - Epoch [ 130/2000] LR: 0.000199 | Train Loss: 0.006325 (Data: 0.00631, Mono: 0.00004) | Val MSE: 0.000235 (RMSE: 0.0153) 
2026-09-12 21:01:15,284 - INFO - Epoch [ 140/2000] LR: 0.000198 | Train Loss: 0.006393 (Data: 0.00638, Mono: 0.00004) | Val MSE: 0.000234 (RMSE: 0.0153) 
2026-09-12 21:01:16,212 - INFO - Epoch [ 150/2000] LR: 0.000198 | Train Loss: 0.006019 (Data: 0.00600, Mono: 0.00004) | Val MSE: 0.000242 (RMSE: 0.0156) 
2026-09-12 21:01:17,058 - INFO - Epoch [ 160/2000] LR: 0.000198 | Train Loss: 0.005919 (Data: 0.00591, Mono: 0.00003) | Val MSE: 0.000246 (RMSE: 0.0157) 
2026-09-12 21:01:18,103 - INFO - Epoch [ 170/2000] LR: 0.000198 | Train Loss: 0.005729 (Data: 0.00572, Mono: 0.00003) | Val MSE: 0.000245 (RMSE: 0.0157) 
2026-09-12 21:01:18,989 - INFO - Epoch [ 180/2000] LR: 0.000197 | Train Loss: 0.005425 (Data: 0.00541, Mono: 0.00003) | Val MSE: 0.000248 (RMSE: 0.0157) 
2026-09-12 21:01:19,867 - INFO - Epoch [ 190/2000] LR: 0.000197 | Train Loss: 0.005211 (Data: 0.00520, Mono: 0.00003) | Val MSE: 0.000237 (RMSE: 0.0154) 
2026-09-12 21:01:20,845 - INFO - Epoch [ 200/2000] LR: 0.000196 | Train Loss: 0.005104 (Data: 0.00509, Mono: 0.00003) | Val MSE: 0.000249 (RMSE: 0.0158) 
2026-09-12 21:01:21,690 - INFO - Epoch [ 210/2000] LR: 0.000196 | Train Loss: 0.005012 (Data: 0.00500, Mono: 0.00004) | Val MSE: 0.000233 (RMSE: 0.0153) 
2026-09-12 21:01:21,857 - INFO - [*] Early stopping triggered at epoch 212. Best epoch was 12 with Val MSE: 0.000205
2026-09-12 21:01:21,857 - INFO - Training completed in 18.65s. Loading best checkpoint from epoch 12 for final test evaluation...
2026-09-12 21:01:21,894 - INFO - ==================================================
2026-09-12 21:01:21,894 - INFO - Test Results for [XJTU] - [3C] (Best Epoch 12):
2026-09-12 21:01:21,895 - INFO -   Test RMSE: 0.018385
2026-09-12 21:01:21,895 - INFO -   Test MAE:  0.015842
2026-09-12 21:01:21,895 - INFO -   Test MAPE: 1.677354
2026-09-12 21:01:21,895 - INFO -   Test MSE:  0.000338
2026-09-12 21:01:21,895 - INFO - ==================================================
2026-09-13 11:51:31,940 - INFO - ==================================================
2026-09-13 11:51:31,948 - INFO - Starting FusionMLP Training for [XJTU] - [3C]
2026-09-13 11:51:31,948 - INFO - Device: cuda | Epochs: 2000 | LR: 0.002000 | Mono Weight: 0.4000 | Knee Feature: True
2026-09-13 11:51:31,948 - INFO - ==================================================
2026-09-13 11:51:32,280 - INFO - Data Splits: Train=10, Val=2, Test=3
2026-09-13 11:51:32,582 - INFO - Epoch [   1/2000] LR: 0.006126 | Train Loss: 0.376205 (Data: 0.37610, Mono: 0.00026) | Val MSE: 0.042864 (RMSE: 0.2070) [BEST]
2026-09-13 11:51:32,678 - INFO - Epoch [   2/2000] LR: 0.005984 | Train Loss: 0.189876 (Data: 0.18980, Mono: 0.00019) | Val MSE: 0.008307 (RMSE: 0.0911) [BEST]
2026-09-13 11:51:32,844 - INFO - Epoch [   4/2000] LR: 0.005699 | Train Loss: 0.058320 (Data: 0.05828, Mono: 0.00011) | Val MSE: 0.000869 (RMSE: 0.0295) [BEST]
2026-09-13 11:51:32,931 - INFO - Epoch [   5/2000] LR: 0.005557 | Train Loss: 0.039090 (Data: 0.03906, Mono: 0.00009) | Val MSE: 0.000724 (RMSE: 0.0269) [BEST]
2026-09-13 11:51:33,008 - INFO - Epoch [   6/2000] LR: 0.005415 | Train Loss: 0.030758 (Data: 0.03073, Mono: 0.00008) | Val MSE: 0.000651 (RMSE: 0.0255) [BEST]
2026-09-13 11:51:33,086 - INFO - Epoch [   7/2000] LR: 0.005272 | Train Loss: 0.024744 (Data: 0.02472, Mono: 0.00007) | Val MSE: 0.000336 (RMSE: 0.0183) [BEST]
2026-09-13 11:51:33,298 - INFO - Epoch [  10/2000] LR: 0.004845 | Train Loss: 0.017165 (Data: 0.01714, Mono: 0.00006) | Val MSE: 0.000367 (RMSE: 0.0192) 
2026-09-13 11:51:33,474 - INFO - Epoch [  12/2000] LR: 0.004561 | Train Loss: 0.015213 (Data: 0.01519, Mono: 0.00006) | Val MSE: 0.000308 (RMSE: 0.0175) [BEST]
2026-09-13 11:51:33,695 - INFO - Epoch [  15/2000] LR: 0.004134 | Train Loss: 0.012283 (Data: 0.01226, Mono: 0.00005) | Val MSE: 0.000291 (RMSE: 0.0171) [BEST]
2026-09-13 11:51:34,086 - INFO - Epoch [  20/2000] LR: 0.003423 | Train Loss: 0.010506 (Data: 0.01049, Mono: 0.00005) | Val MSE: 0.000336 (RMSE: 0.0183) 
2026-09-13 11:51:34,813 - INFO - Epoch [  30/2000] LR: 0.002000 | Train Loss: 0.008164 (Data: 0.00815, Mono: 0.00004) | Val MSE: 0.000323 (RMSE: 0.0180) 
2026-09-13 11:51:35,539 - INFO - Epoch [  40/2000] LR: 0.002000 | Train Loss: 0.006639 (Data: 0.00662, Mono: 0.00004) | Val MSE: 0.000383 (RMSE: 0.0196) 
2026-09-13 11:51:36,267 - INFO - Epoch [  50/2000] LR: 0.001999 | Train Loss: 0.004938 (Data: 0.00493, Mono: 0.00003) | Val MSE: 0.000306 (RMSE: 0.0175) 
2026-09-13 11:51:36,999 - INFO - Epoch [  60/2000] LR: 0.001999 | Train Loss: 0.004185 (Data: 0.00417, Mono: 0.00003) | Val MSE: 0.000299 (RMSE: 0.0173) 
2026-09-13 11:51:37,296 - INFO - Epoch [  64/2000] LR: 0.001999 | Train Loss: 0.003823 (Data: 0.00381, Mono: 0.00002) | Val MSE: 0.000277 (RMSE: 0.0167) [BEST]
2026-09-13 11:51:37,725 - INFO - Epoch [  70/2000] LR: 0.001998 | Train Loss: 0.003312 (Data: 0.00330, Mono: 0.00002) | Val MSE: 0.000290 (RMSE: 0.0170) 
2026-09-13 11:51:37,878 - INFO - Epoch [  72/2000] LR: 0.001998 | Train Loss: 0.003097 (Data: 0.00309, Mono: 0.00003) | Val MSE: 0.000274 (RMSE: 0.0166) [BEST]
2026-09-13 11:51:38,461 - INFO - Epoch [  80/2000] LR: 0.001997 | Train Loss: 0.002802 (Data: 0.00279, Mono: 0.00002) | Val MSE: 0.000297 (RMSE: 0.0172) 
2026-09-13 11:51:39,176 - INFO - Epoch [  90/2000] LR: 0.001995 | Train Loss: 0.002242 (Data: 0.00223, Mono: 0.00002) | Val MSE: 0.000308 (RMSE: 0.0176) 
2026-09-13 11:51:39,618 - INFO - Epoch [  96/2000] LR: 0.001994 | Train Loss: 0.001915 (Data: 0.00191, Mono: 0.00002) | Val MSE: 0.000272 (RMSE: 0.0165) [BEST]
2026-09-13 11:51:39,898 - INFO - Epoch [ 100/2000] LR: 0.001994 | Train Loss: 0.001658 (Data: 0.00165, Mono: 0.00002) | Val MSE: 0.000266 (RMSE: 0.0163) [BEST]
2026-09-13 11:51:40,357 - INFO - Epoch [ 106/2000] LR: 0.001993 | Train Loss: 0.001638 (Data: 0.00163, Mono: 0.00002) | Val MSE: 0.000262 (RMSE: 0.0162) [BEST]
2026-09-13 11:51:40,627 - INFO - Epoch [ 110/2000] LR: 0.001992 | Train Loss: 0.001462 (Data: 0.00146, Mono: 0.00002) | Val MSE: 0.000256 (RMSE: 0.0160) [BEST]
2026-09-13 11:51:41,198 - INFO - Epoch [ 118/2000] LR: 0.001990 | Train Loss: 0.001262 (Data: 0.00126, Mono: 0.00001) | Val MSE: 0.000256 (RMSE: 0.0160) [BEST]
2026-09-13 11:51:41,347 - INFO - Epoch [ 120/2000] LR: 0.001990 | Train Loss: 0.001242 (Data: 0.00124, Mono: 0.00001) | Val MSE: 0.000254 (RMSE: 0.0159) [BEST]
2026-09-13 11:51:41,998 - INFO - Epoch [ 129/2000] LR: 0.001988 | Train Loss: 0.001168 (Data: 0.00116, Mono: 0.00001) | Val MSE: 0.000246 (RMSE: 0.0157) [BEST]
2026-09-13 11:51:42,067 - INFO - Epoch [ 130/2000] LR: 0.001987 | Train Loss: 0.001090 (Data: 0.00108, Mono: 0.00001) | Val MSE: 0.000262 (RMSE: 0.0162) 
2026-09-13 11:51:42,791 - INFO - Epoch [ 140/2000] LR: 0.001985 | Train Loss: 0.000998 (Data: 0.00099, Mono: 0.00001) | Val MSE: 0.000269 (RMSE: 0.0164) 
2026-09-13 11:51:43,507 - INFO - Epoch [ 150/2000] LR: 0.001982 | Train Loss: 0.000853 (Data: 0.00085, Mono: 0.00001) | Val MSE: 0.000287 (RMSE: 0.0169) 
2026-09-13 11:51:44,081 - INFO - Epoch [ 158/2000] LR: 0.001979 | Train Loss: 0.000805 (Data: 0.00080, Mono: 0.00001) | Val MSE: 0.000245 (RMSE: 0.0156) [BEST]
2026-09-13 11:51:44,228 - INFO - Epoch [ 160/2000] LR: 0.001979 | Train Loss: 0.000779 (Data: 0.00078, Mono: 0.00001) | Val MSE: 0.000264 (RMSE: 0.0163) 
2026-09-13 11:51:44,368 - INFO - Epoch [ 162/2000] LR: 0.001978 | Train Loss: 0.000794 (Data: 0.00079, Mono: 0.00001) | Val MSE: 0.000237 (RMSE: 0.0154) [BEST]
2026-09-13 11:51:44,959 - INFO - Epoch [ 170/2000] LR: 0.001975 | Train Loss: 0.000714 (Data: 0.00071, Mono: 0.00001) | Val MSE: 0.000259 (RMSE: 0.0161) 
2026-09-13 11:51:45,704 - INFO - Epoch [ 180/2000] LR: 0.001972 | Train Loss: 0.000664 (Data: 0.00066, Mono: 0.00001) | Val MSE: 0.000248 (RMSE: 0.0158) 
2026-09-13 11:51:46,441 - INFO - Epoch [ 190/2000] LR: 0.001968 | Train Loss: 0.000713 (Data: 0.00071, Mono: 0.00001) | Val MSE: 0.000242 (RMSE: 0.0156) 
2026-09-13 11:51:47,172 - INFO - Epoch [ 200/2000] LR: 0.001964 | Train Loss: 0.000665 (Data: 0.00066, Mono: 0.00001) | Val MSE: 0.000285 (RMSE: 0.0169) 
2026-09-13 11:51:47,917 - INFO - Epoch [ 210/2000] LR: 0.001959 | Train Loss: 0.000600 (Data: 0.00060, Mono: 0.00001) | Val MSE: 0.000241 (RMSE: 0.0155) 
2026-09-13 11:51:47,992 - INFO - Epoch [ 211/2000] LR: 0.001959 | Train Loss: 0.000634 (Data: 0.00063, Mono: 0.00001) | Val MSE: 0.000233 (RMSE: 0.0153) [BEST]
2026-09-13 11:51:48,646 - INFO - Epoch [ 220/2000] LR: 0.001954 | Train Loss: 0.000635 (Data: 0.00063, Mono: 0.00001) | Val MSE: 0.000260 (RMSE: 0.0161) 
2026-09-13 11:51:49,008 - INFO - Epoch [ 225/2000] LR: 0.001952 | Train Loss: 0.000587 (Data: 0.00058, Mono: 0.00001) | Val MSE: 0.000225 (RMSE: 0.0150) [BEST]
2026-09-13 11:51:49,378 - INFO - Epoch [ 230/2000] LR: 0.001950 | Train Loss: 0.000589 (Data: 0.00059, Mono: 0.00001) | Val MSE: 0.000243 (RMSE: 0.0156) 
2026-09-13 11:51:50,144 - INFO - Epoch [ 240/2000] LR: 0.001944 | Train Loss: 0.000557 (Data: 0.00055, Mono: 0.00001) | Val MSE: 0.000238 (RMSE: 0.0154) 
2026-09-13 11:51:50,909 - INFO - Epoch [ 250/2000] LR: 0.001939 | Train Loss: 0.000542 (Data: 0.00054, Mono: 0.00001) | Val MSE: 0.000245 (RMSE: 0.0157) 
2026-09-13 11:51:51,688 - INFO - Epoch [ 260/2000] LR: 0.001934 | Train Loss: 0.000547 (Data: 0.00054, Mono: 0.00001) | Val MSE: 0.000260 (RMSE: 0.0161) 
2026-09-13 11:51:52,019 - INFO - Epoch [ 264/2000] LR: 0.001931 | Train Loss: 0.000541 (Data: 0.00054, Mono: 0.00001) | Val MSE: 0.000224 (RMSE: 0.0150) [BEST]
2026-09-13 11:51:52,497 - INFO - Epoch [ 270/2000] LR: 0.001928 | Train Loss: 0.000543 (Data: 0.00054, Mono: 0.00001) | Val MSE: 0.000379 (RMSE: 0.0195) 
2026-09-13 11:51:53,238 - INFO - Epoch [ 280/2000] LR: 0.001922 | Train Loss: 0.000509 (Data: 0.00051, Mono: 0.00001) | Val MSE: 0.000249 (RMSE: 0.0158) 
2026-09-13 11:51:53,972 - INFO - Epoch [ 290/2000] LR: 0.001915 | Train Loss: 0.000491 (Data: 0.00049, Mono: 0.00001) | Val MSE: 0.000233 (RMSE: 0.0153) 
2026-09-13 11:51:54,705 - INFO - Epoch [ 300/2000] LR: 0.001909 | Train Loss: 0.000506 (Data: 0.00050, Mono: 0.00001) | Val MSE: 0.000251 (RMSE: 0.0158) 
2026-09-13 11:51:55,442 - INFO - Epoch [ 310/2000] LR: 0.001902 | Train Loss: 0.000470 (Data: 0.00047, Mono: 0.00001) | Val MSE: 0.000236 (RMSE: 0.0154) 
2026-09-13 11:51:56,037 - INFO - Epoch [ 318/2000] LR: 0.001896 | Train Loss: 0.000475 (Data: 0.00047, Mono: 0.00001) | Val MSE: 0.000220 (RMSE: 0.0148) [BEST]
2026-09-13 11:51:56,199 - INFO - Epoch [ 320/2000] LR: 0.001895 | Train Loss: 0.000510 (Data: 0.00051, Mono: 0.00001) | Val MSE: 0.000230 (RMSE: 0.0152) 
2026-09-13 11:51:56,965 - INFO - Epoch [ 330/2000] LR: 0.001888 | Train Loss: 0.000528 (Data: 0.00053, Mono: 0.00001) | Val MSE: 0.000232 (RMSE: 0.0152) 
2026-09-13 11:51:57,842 - INFO - Epoch [ 340/2000] LR: 0.001880 | Train Loss: 0.000616 (Data: 0.00061, Mono: 0.00001) | Val MSE: 0.000309 (RMSE: 0.0176) 
2026-09-13 11:51:58,694 - INFO - Epoch [ 350/2000] LR: 0.001873 | Train Loss: 0.000471 (Data: 0.00047, Mono: 0.00001) | Val MSE: 0.000234 (RMSE: 0.0153) 
2026-09-13 11:51:59,518 - INFO - Epoch [ 360/2000] LR: 0.001865 | Train Loss: 0.000506 (Data: 0.00050, Mono: 0.00000) | Val MSE: 0.000256 (RMSE: 0.0160) 
2026-09-13 11:52:00,371 - INFO - Epoch [ 370/2000] LR: 0.001857 | Train Loss: 0.000458 (Data: 0.00046, Mono: 0.00001) | Val MSE: 0.000309 (RMSE: 0.0176) 
2026-09-13 11:52:00,822 - INFO - Epoch [ 376/2000] LR: 0.001852 | Train Loss: 0.000481 (Data: 0.00048, Mono: 0.00001) | Val MSE: 0.000220 (RMSE: 0.0148) [BEST]
2026-09-13 11:52:01,118 - INFO - Epoch [ 380/2000] LR: 0.001848 | Train Loss: 0.000492 (Data: 0.00049, Mono: 0.00000) | Val MSE: 0.000230 (RMSE: 0.0152) 
2026-09-13 11:52:01,870 - INFO - Epoch [ 390/2000] LR: 0.001840 | Train Loss: 0.000468 (Data: 0.00047, Mono: 0.00001) | Val MSE: 0.000251 (RMSE: 0.0158) 
2026-09-13 11:52:02,610 - INFO - Epoch [ 400/2000] LR: 0.001831 | Train Loss: 0.000519 (Data: 0.00052, Mono: 0.00001) | Val MSE: 0.000236 (RMSE: 0.0154) 
2026-09-13 11:52:03,354 - INFO - Epoch [ 410/2000] LR: 0.001822 | Train Loss: 0.000460 (Data: 0.00046, Mono: 0.00001) | Val MSE: 0.000231 (RMSE: 0.0152) 
2026-09-13 11:52:03,938 - INFO - Epoch [ 418/2000] LR: 0.001815 | Train Loss: 0.000469 (Data: 0.00047, Mono: 0.00000) | Val MSE: 0.000215 (RMSE: 0.0147) [BEST]
2026-09-13 11:52:04,090 - INFO - Epoch [ 420/2000] LR: 0.001813 | Train Loss: 0.000493 (Data: 0.00049, Mono: 0.00000) | Val MSE: 0.000231 (RMSE: 0.0152) 
2026-09-13 11:52:04,690 - INFO - Epoch [ 428/2000] LR: 0.001805 | Train Loss: 0.000438 (Data: 0.00044, Mono: 0.00001) | Val MSE: 0.000215 (RMSE: 0.0147) [BEST]
2026-09-13 11:52:04,836 - INFO - Epoch [ 430/2000] LR: 0.001804 | Train Loss: 0.000454 (Data: 0.00045, Mono: 0.00001) | Val MSE: 0.000229 (RMSE: 0.0151) 
2026-09-13 11:52:05,568 - INFO - Epoch [ 440/2000] LR: 0.001794 | Train Loss: 0.000453 (Data: 0.00045, Mono: 0.00000) | Val MSE: 0.000357 (RMSE: 0.0189) 
2026-09-13 11:52:06,284 - INFO - Epoch [ 450/2000] LR: 0.001784 | Train Loss: 0.000474 (Data: 0.00047, Mono: 0.00000) | Val MSE: 0.000232 (RMSE: 0.0152) 
2026-09-13 11:52:07,004 - INFO - Epoch [ 460/2000] LR: 0.001774 | Train Loss: 0.000435 (Data: 0.00043, Mono: 0.00000) | Val MSE: 0.000216 (RMSE: 0.0147) 
2026-09-13 11:52:07,160 - INFO - Epoch [ 462/2000] LR: 0.001772 | Train Loss: 0.000441 (Data: 0.00044, Mono: 0.00000) | Val MSE: 0.000214 (RMSE: 0.0146) [BEST]
2026-09-13 11:52:07,773 - INFO - Epoch [ 470/2000] LR: 0.001764 | Train Loss: 0.000466 (Data: 0.00046, Mono: 0.00001) | Val MSE: 0.000213 (RMSE: 0.0146) [BEST]
2026-09-13 11:52:08,482 - INFO - Epoch [ 480/2000] LR: 0.001754 | Train Loss: 0.000452 (Data: 0.00045, Mono: 0.00000) | Val MSE: 0.000281 (RMSE: 0.0168) 
2026-09-13 11:52:09,223 - INFO - Epoch [ 490/2000] LR: 0.001743 | Train Loss: 0.000451 (Data: 0.00045, Mono: 0.00001) | Val MSE: 0.000222 (RMSE: 0.0149) 
2026-09-13 11:52:09,949 - INFO - Epoch [ 500/2000] LR: 0.001732 | Train Loss: 0.000427 (Data: 0.00043, Mono: 0.00000) | Val MSE: 0.000265 (RMSE: 0.0163) 
2026-09-13 11:52:10,245 - INFO - Epoch [ 504/2000] LR: 0.001728 | Train Loss: 0.000443 (Data: 0.00044, Mono: 0.00001) | Val MSE: 0.000213 (RMSE: 0.0146) [BEST]
2026-09-13 11:52:10,687 - INFO - Epoch [ 510/2000] LR: 0.001721 | Train Loss: 0.000477 (Data: 0.00048, Mono: 0.00001) | Val MSE: 0.000222 (RMSE: 0.0149) 
2026-09-13 11:52:11,435 - INFO - Epoch [ 520/2000] LR: 0.001710 | Train Loss: 0.000465 (Data: 0.00046, Mono: 0.00000) | Val MSE: 0.000225 (RMSE: 0.0150) 
2026-09-13 11:52:11,508 - INFO - Epoch [ 521/2000] LR: 0.001709 | Train Loss: 0.000428 (Data: 0.00043, Mono: 0.00001) | Val MSE: 0.000213 (RMSE: 0.0146) [BEST]
2026-09-13 11:52:12,105 - INFO - Epoch [ 529/2000] LR: 0.001700 | Train Loss: 0.000464 (Data: 0.00046, Mono: 0.00000) | Val MSE: 0.000213 (RMSE: 0.0146) [BEST]
2026-09-13 11:52:12,179 - INFO - Epoch [ 530/2000] LR: 0.001699 | Train Loss: 0.000422 (Data: 0.00042, Mono: 0.00000) | Val MSE: 0.000214 (RMSE: 0.0146) 
2026-09-13 11:52:12,938 - INFO - Epoch [ 540/2000] LR: 0.001687 | Train Loss: 0.000428 (Data: 0.00043, Mono: 0.00000) | Val MSE: 0.000240 (RMSE: 0.0155) 
2026-09-13 11:52:13,668 - INFO - Epoch [ 550/2000] LR: 0.001676 | Train Loss: 0.000454 (Data: 0.00045, Mono: 0.00000) | Val MSE: 0.000282 (RMSE: 0.0168) 
2026-09-13 11:52:14,246 - INFO - Epoch [ 558/2000] LR: 0.001666 | Train Loss: 0.000454 (Data: 0.00045, Mono: 0.00001) | Val MSE: 0.000207 (RMSE: 0.0144) [BEST]
2026-09-13 11:52:14,390 - INFO - Epoch [ 560/2000] LR: 0.001664 | Train Loss: 0.000439 (Data: 0.00044, Mono: 0.00000) | Val MSE: 0.000227 (RMSE: 0.0151) 
2026-09-13 11:52:15,116 - INFO - Epoch [ 570/2000] LR: 0.001652 | Train Loss: 0.000459 (Data: 0.00046, Mono: 0.00000) | Val MSE: 0.000299 (RMSE: 0.0173) 
2026-09-13 11:52:15,841 - INFO - Epoch [ 580/2000] LR: 0.001640 | Train Loss: 0.000469 (Data: 0.00047, Mono: 0.00000) | Val MSE: 0.000217 (RMSE: 0.0147) 
2026-09-13 11:52:16,594 - INFO - Epoch [ 590/2000] LR: 0.001627 | Train Loss: 0.000395 (Data: 0.00039, Mono: 0.00000) | Val MSE: 0.000327 (RMSE: 0.0181) 
2026-09-13 11:52:17,325 - INFO - Epoch [ 600/2000] LR: 0.001615 | Train Loss: 0.000435 (Data: 0.00043, Mono: 0.00000) | Val MSE: 0.000231 (RMSE: 0.0152) 
2026-09-13 11:52:18,062 - INFO - Epoch [ 610/2000] LR: 0.001602 | Train Loss: 0.000416 (Data: 0.00041, Mono: 0.00000) | Val MSE: 0.000226 (RMSE: 0.0150) 
2026-09-13 11:52:18,776 - INFO - Epoch [ 620/2000] LR: 0.001589 | Train Loss: 0.000414 (Data: 0.00041, Mono: 0.00000) | Val MSE: 0.000226 (RMSE: 0.0150) 
2026-09-13 11:52:19,510 - INFO - Epoch [ 630/2000] LR: 0.001576 | Train Loss: 0.000392 (Data: 0.00039, Mono: 0.00000) | Val MSE: 0.000219 (RMSE: 0.0148) 
2026-09-13 11:52:20,257 - INFO - Epoch [ 640/2000] LR: 0.001563 | Train Loss: 0.000448 (Data: 0.00045, Mono: 0.00000) | Val MSE: 0.000217 (RMSE: 0.0147) 
2026-09-13 11:52:20,628 - INFO - Epoch [ 645/2000] LR: 0.001557 | Train Loss: 0.000395 (Data: 0.00039, Mono: 0.00000) | Val MSE: 0.000206 (RMSE: 0.0143) [BEST]
2026-09-13 11:52:20,995 - INFO - Epoch [ 650/2000] LR: 0.001550 | Train Loss: 0.000422 (Data: 0.00042, Mono: 0.00000) | Val MSE: 0.000210 (RMSE: 0.0145) 
2026-09-13 11:52:21,710 - INFO - Epoch [ 660/2000] LR: 0.001537 | Train Loss: 0.000457 (Data: 0.00045, Mono: 0.00000) | Val MSE: 0.000249 (RMSE: 0.0158) 
2026-09-13 11:52:22,419 - INFO - Epoch [ 670/2000] LR: 0.001523 | Train Loss: 0.000475 (Data: 0.00047, Mono: 0.00000) | Val MSE: 0.000241 (RMSE: 0.0155) 
2026-09-13 11:52:23,168 - INFO - Epoch [ 680/2000] LR: 0.001510 | Train Loss: 0.000415 (Data: 0.00041, Mono: 0.00000) | Val MSE: 0.000222 (RMSE: 0.0149) 
2026-09-13 11:52:23,904 - INFO - Epoch [ 690/2000] LR: 0.001496 | Train Loss: 0.000421 (Data: 0.00042, Mono: 0.00000) | Val MSE: 0.000242 (RMSE: 0.0156) 
2026-09-13 11:52:23,992 - INFO - Epoch [ 691/2000] LR: 0.001494 | Train Loss: 0.000428 (Data: 0.00043, Mono: 0.00000) | Val MSE: 0.000203 (RMSE: 0.0142) [BEST]
2026-09-13 11:52:24,640 - INFO - Epoch [ 700/2000] LR: 0.001482 | Train Loss: 0.000416 (Data: 0.00041, Mono: 0.00000) | Val MSE: 0.000251 (RMSE: 0.0159) 
2026-09-13 11:52:25,379 - INFO - Epoch [ 710/2000] LR: 0.001468 | Train Loss: 0.000439 (Data: 0.00044, Mono: 0.00000) | Val MSE: 0.000211 (RMSE: 0.0145) 
2026-09-13 11:52:26,105 - INFO - Epoch [ 720/2000] LR: 0.001454 | Train Loss: 0.000430 (Data: 0.00043, Mono: 0.00000) | Val MSE: 0.000217 (RMSE: 0.0147) 
2026-09-13 11:52:26,838 - INFO - Epoch [ 730/2000] LR: 0.001439 | Train Loss: 0.000429 (Data: 0.00043, Mono: 0.00000) | Val MSE: 0.000257 (RMSE: 0.0160) 
2026-09-13 11:52:27,712 - INFO - Epoch [ 740/2000] LR: 0.001425 | Train Loss: 0.000419 (Data: 0.00042, Mono: 0.00000) | Val MSE: 0.000218 (RMSE: 0.0148) 
2026-09-13 11:52:27,886 - INFO - Epoch [ 742/2000] LR: 0.001422 | Train Loss: 0.000459 (Data: 0.00046, Mono: 0.00000) | Val MSE: 0.000201 (RMSE: 0.0142) [BEST]
2026-09-13 11:52:28,479 - INFO - Epoch [ 750/2000] LR: 0.001411 | Train Loss: 0.000410 (Data: 0.00041, Mono: 0.00000) | Val MSE: 0.000234 (RMSE: 0.0153) 
2026-09-13 11:52:29,077 - INFO - Epoch [ 757/2000] LR: 0.001400 | Train Loss: 0.000397 (Data: 0.00039, Mono: 0.00000) | Val MSE: 0.000200 (RMSE: 0.0141) [BEST]
2026-09-13 11:52:29,326 - INFO - Epoch [ 760/2000] LR: 0.001396 | Train Loss: 0.000399 (Data: 0.00040, Mono: 0.00000) | Val MSE: 0.000204 (RMSE: 0.0143) 
2026-09-13 11:52:29,842 - INFO - Epoch [ 766/2000] LR: 0.001387 | Train Loss: 0.000435 (Data: 0.00043, Mono: 0.00000) | Val MSE: 0.000198 (RMSE: 0.0141) [BEST]
2026-09-13 11:52:30,181 - INFO - Epoch [ 770/2000] LR: 0.001381 | Train Loss: 0.000413 (Data: 0.00041, Mono: 0.00000) | Val MSE: 0.000204 (RMSE: 0.0143) 
2026-09-13 11:52:31,017 - INFO - Epoch [ 780/2000] LR: 0.001367 | Train Loss: 0.000415 (Data: 0.00041, Mono: 0.00000) | Val MSE: 0.000215 (RMSE: 0.0147) 
2026-09-13 11:52:31,536 - INFO - Epoch [ 786/2000] LR: 0.001358 | Train Loss: 0.000391 (Data: 0.00039, Mono: 0.00000) | Val MSE: 0.000197 (RMSE: 0.0140) [BEST]
2026-09-13 11:52:31,917 - INFO - Epoch [ 790/2000] LR: 0.001352 | Train Loss: 0.000453 (Data: 0.00045, Mono: 0.00000) | Val MSE: 0.000222 (RMSE: 0.0149) 
2026-09-13 11:52:32,350 - INFO - Epoch [ 795/2000] LR: 0.001344 | Train Loss: 0.000403 (Data: 0.00040, Mono: 0.00000) | Val MSE: 0.000196 (RMSE: 0.0140) [BEST]
2026-09-13 11:52:32,819 - INFO - Epoch [ 800/2000] LR: 0.001337 | Train Loss: 0.000417 (Data: 0.00041, Mono: 0.00000) | Val MSE: 0.000206 (RMSE: 0.0144) 
2026-09-13 11:52:33,082 - INFO - Epoch [ 803/2000] LR: 0.001332 | Train Loss: 0.000398 (Data: 0.00040, Mono: 0.00000) | Val MSE: 0.000195 (RMSE: 0.0140) [BEST]
2026-09-13 11:52:33,701 - INFO - Epoch [ 810/2000] LR: 0.001322 | Train Loss: 0.000408 (Data: 0.00041, Mono: 0.00000) | Val MSE: 0.000241 (RMSE: 0.0155) 
2026-09-13 11:52:34,411 - INFO - Epoch [ 818/2000] LR: 0.001310 | Train Loss: 0.000440 (Data: 0.00044, Mono: 0.00000) | Val MSE: 0.000194 (RMSE: 0.0139) [BEST]
2026-09-13 11:52:34,589 - INFO - Epoch [ 820/2000] LR: 0.001307 | Train Loss: 0.000423 (Data: 0.00042, Mono: 0.00000) | Val MSE: 0.000199 (RMSE: 0.0141) 
2026-09-13 11:52:35,442 - INFO - Epoch [ 830/2000] LR: 0.001291 | Train Loss: 0.000405 (Data: 0.00040, Mono: 0.00000) | Val MSE: 0.000202 (RMSE: 0.0142) 
2026-09-13 11:52:35,985 - INFO - Epoch [ 836/2000] LR: 0.001282 | Train Loss: 0.000370 (Data: 0.00037, Mono: 0.00000) | Val MSE: 0.000191 (RMSE: 0.0138) [BEST]
2026-09-13 11:52:36,405 - INFO - Epoch [ 840/2000] LR: 0.001276 | Train Loss: 0.000387 (Data: 0.00039, Mono: 0.00000) | Val MSE: 0.000218 (RMSE: 0.0148) 
2026-09-13 11:52:36,530 - INFO - Epoch [ 841/2000] LR: 0.001275 | Train Loss: 0.000410 (Data: 0.00041, Mono: 0.00000) | Val MSE: 0.000190 (RMSE: 0.0138) [BEST]
2026-09-13 11:52:37,462 - INFO - Epoch [ 850/2000] LR: 0.001261 | Train Loss: 0.000409 (Data: 0.00041, Mono: 0.00000) | Val MSE: 0.000223 (RMSE: 0.0149) 
2026-09-13 11:52:38,523 - INFO - Epoch [ 860/2000] LR: 0.001245 | Train Loss: 0.000407 (Data: 0.00040, Mono: 0.00000) | Val MSE: 0.000217 (RMSE: 0.0147) 
2026-09-13 11:52:38,764 - INFO - Epoch [ 862/2000] LR: 0.001242 | Train Loss: 0.000388 (Data: 0.00039, Mono: 0.00000) | Val MSE: 0.000189 (RMSE: 0.0138) [BEST]
2026-09-13 11:52:39,642 - INFO - Epoch [ 870/2000] LR: 0.001230 | Train Loss: 0.000414 (Data: 0.00041, Mono: 0.00000) | Val MSE: 0.000216 (RMSE: 0.0147) 
2026-09-13 11:52:40,143 - INFO - Epoch [ 875/2000] LR: 0.001222 | Train Loss: 0.000409 (Data: 0.00041, Mono: 0.00000) | Val MSE: 0.000189 (RMSE: 0.0137) [BEST]
2026-09-13 11:52:40,663 - INFO - Epoch [ 880/2000] LR: 0.001214 | Train Loss: 0.000376 (Data: 0.00037, Mono: 0.00000) | Val MSE: 0.000252 (RMSE: 0.0159) 
2026-09-13 11:52:41,051 - INFO - Epoch [ 884/2000] LR: 0.001208 | Train Loss: 0.000401 (Data: 0.00040, Mono: 0.00000) | Val MSE: 0.000188 (RMSE: 0.0137) [BEST]
2026-09-13 11:52:41,263 - INFO - Epoch [ 886/2000] LR: 0.001205 | Train Loss: 0.000416 (Data: 0.00041, Mono: 0.00000) | Val MSE: 0.000187 (RMSE: 0.0137) [BEST]
2026-09-13 11:52:41,661 - INFO - Epoch [ 890/2000] LR: 0.001199 | Train Loss: 0.000385 (Data: 0.00038, Mono: 0.00000) | Val MSE: 0.000213 (RMSE: 0.0146) 
2026-09-13 11:52:41,879 - INFO - Epoch [ 892/2000] LR: 0.001196 | Train Loss: 0.000369 (Data: 0.00037, Mono: 0.00000) | Val MSE: 0.000186 (RMSE: 0.0137) [BEST]
2026-09-13 11:52:42,697 - INFO - Epoch [ 900/2000] LR: 0.001183 | Train Loss: 0.000452 (Data: 0.00045, Mono: 0.00000) | Val MSE: 0.000217 (RMSE: 0.0147) 
2026-09-13 11:52:42,993 - INFO - Epoch [ 903/2000] LR: 0.001178 | Train Loss: 0.000368 (Data: 0.00037, Mono: 0.00000) | Val MSE: 0.000182 (RMSE: 0.0135) [BEST]
2026-09-13 11:52:43,448 - INFO - Epoch [ 908/2000] LR: 0.001170 | Train Loss: 0.000380 (Data: 0.00038, Mono: 0.00000) | Val MSE: 0.000181 (RMSE: 0.0135) [BEST]
2026-09-13 11:52:43,618 - INFO - Epoch [ 910/2000] LR: 0.001167 | Train Loss: 0.000393 (Data: 0.00039, Mono: 0.00000) | Val MSE: 0.000197 (RMSE: 0.0140) 
2026-09-13 11:52:44,436 - INFO - Epoch [ 920/2000] LR: 0.001152 | Train Loss: 0.000422 (Data: 0.00042, Mono: 0.00000) | Val MSE: 0.000193 (RMSE: 0.0139) 
2026-09-13 11:52:45,236 - INFO - Epoch [ 930/2000] LR: 0.001136 | Train Loss: 0.000444 (Data: 0.00044, Mono: 0.00000) | Val MSE: 0.000188 (RMSE: 0.0137) 
2026-09-13 11:52:45,395 - INFO - Epoch [ 932/2000] LR: 0.001133 | Train Loss: 0.000382 (Data: 0.00038, Mono: 0.00000) | Val MSE: 0.000181 (RMSE: 0.0134) [BEST]
2026-09-13 11:52:46,057 - INFO - Epoch [ 940/2000] LR: 0.001120 | Train Loss: 0.000364 (Data: 0.00036, Mono: 0.00000) | Val MSE: 0.000188 (RMSE: 0.0137) 
2026-09-13 11:52:46,237 - INFO - Epoch [ 942/2000] LR: 0.001117 | Train Loss: 0.000362 (Data: 0.00036, Mono: 0.00000) | Val MSE: 0.000172 (RMSE: 0.0131) [BEST]
2026-09-13 11:52:46,905 - INFO - Epoch [ 950/2000] LR: 0.001104 | Train Loss: 0.000386 (Data: 0.00038, Mono: 0.00000) | Val MSE: 0.000190 (RMSE: 0.0138) 
2026-09-13 11:52:47,462 - INFO - Epoch [ 957/2000] LR: 0.001093 | Train Loss: 0.000366 (Data: 0.00036, Mono: 0.00000) | Val MSE: 0.000170 (RMSE: 0.0130) [BEST]
2026-09-13 11:52:47,720 - INFO - Epoch [ 960/2000] LR: 0.001088 | Train Loss: 0.000386 (Data: 0.00038, Mono: 0.00000) | Val MSE: 0.000170 (RMSE: 0.0130) 
2026-09-13 11:52:48,580 - INFO - Epoch [ 970/2000] LR: 0.001072 | Train Loss: 0.000414 (Data: 0.00041, Mono: 0.00000) | Val MSE: 0.000178 (RMSE: 0.0133) 
2026-09-13 11:52:49,191 - INFO - Epoch [ 977/2000] LR: 0.001061 | Train Loss: 0.000342 (Data: 0.00034, Mono: 0.00000) | Val MSE: 0.000155 (RMSE: 0.0125) [BEST]
2026-09-13 11:52:49,370 - INFO - Epoch [ 979/2000] LR: 0.001058 | Train Loss: 0.000350 (Data: 0.00035, Mono: 0.00000) | Val MSE: 0.000153 (RMSE: 0.0124) [BEST]
2026-09-13 11:52:49,461 - INFO - Epoch [ 980/2000] LR: 0.001057 | Train Loss: 0.000322 (Data: 0.00032, Mono: 0.00000) | Val MSE: 0.000211 (RMSE: 0.0145) 
2026-09-13 11:52:49,898 - INFO - Epoch [ 985/2000] LR: 0.001049 | Train Loss: 0.000356 (Data: 0.00035, Mono: 0.00000) | Val MSE: 0.000151 (RMSE: 0.0123) [BEST]
2026-09-13 11:52:50,077 - INFO - Epoch [ 987/2000] LR: 0.001045 | Train Loss: 0.000343 (Data: 0.00034, Mono: 0.00000) | Val MSE: 0.000144 (RMSE: 0.0120) [BEST]
2026-09-13 11:52:50,333 - INFO - Epoch [ 990/2000] LR: 0.001041 | Train Loss: 0.000357 (Data: 0.00036, Mono: 0.00000) | Val MSE: 0.000289 (RMSE: 0.0170) 
2026-09-13 11:52:51,191 - INFO - Epoch [1000/2000] LR: 0.001025 | Train Loss: 0.000369 (Data: 0.00037, Mono: 0.00000) | Val MSE: 0.000142 (RMSE: 0.0119) [BEST]
2026-09-13 11:52:51,459 - INFO - Epoch [1003/2000] LR: 0.001020 | Train Loss: 0.000314 (Data: 0.00031, Mono: 0.00000) | Val MSE: 0.000141 (RMSE: 0.0119) [BEST]
2026-09-13 11:52:51,551 - INFO - Epoch [1004/2000] LR: 0.001018 | Train Loss: 0.000327 (Data: 0.00033, Mono: 0.00000) | Val MSE: 0.000136 (RMSE: 0.0117) [BEST]
2026-09-13 11:52:52,104 - INFO - Epoch [1010/2000] LR: 0.001009 | Train Loss: 0.000353 (Data: 0.00035, Mono: 0.00000) | Val MSE: 0.000267 (RMSE: 0.0163) 
2026-09-13 11:52:52,797 - INFO - Epoch [1018/2000] LR: 0.000996 | Train Loss: 0.000305 (Data: 0.00030, Mono: 0.00000) | Val MSE: 0.000129 (RMSE: 0.0114) [BEST]
2026-09-13 11:52:52,978 - INFO - Epoch [1020/2000] LR: 0.000993 | Train Loss: 0.000327 (Data: 0.00033, Mono: 0.00000) | Val MSE: 0.000121 (RMSE: 0.0110) [BEST]
2026-09-13 11:52:53,329 - INFO - Epoch [1024/2000] LR: 0.000986 | Train Loss: 0.000305 (Data: 0.00030, Mono: 0.00000) | Val MSE: 0.000115 (RMSE: 0.0107) [BEST]
2026-09-13 11:52:53,436 - INFO - Epoch [1025/2000] LR: 0.000985 | Train Loss: 0.000292 (Data: 0.00029, Mono: 0.00000) | Val MSE: 0.000108 (RMSE: 0.0104) [BEST]
2026-09-13 11:52:53,713 - INFO - Epoch [1028/2000] LR: 0.000980 | Train Loss: 0.000267 (Data: 0.00027, Mono: 0.00000) | Val MSE: 0.000107 (RMSE: 0.0104) [BEST]
2026-09-13 11:52:53,894 - INFO - Epoch [1030/2000] LR: 0.000977 | Train Loss: 0.000325 (Data: 0.00032, Mono: 0.00000) | Val MSE: 0.000097 (RMSE: 0.0098) [BEST]
2026-09-13 11:52:54,778 - INFO - Epoch [1040/2000] LR: 0.000961 | Train Loss: 0.000305 (Data: 0.00030, Mono: 0.00000) | Val MSE: 0.000160 (RMSE: 0.0127) 
2026-09-13 11:52:55,555 - INFO - Epoch [1049/2000] LR: 0.000947 | Train Loss: 0.000336 (Data: 0.00033, Mono: 0.00000) | Val MSE: 0.000093 (RMSE: 0.0096) [BEST]
2026-09-13 11:52:55,650 - INFO - Epoch [1050/2000] LR: 0.000945 | Train Loss: 0.000395 (Data: 0.00039, Mono: 0.00000) | Val MSE: 0.000413 (RMSE: 0.0203) 
2026-09-13 11:52:56,182 - INFO - Epoch [1056/2000] LR: 0.000936 | Train Loss: 0.000275 (Data: 0.00027, Mono: 0.00000) | Val MSE: 0.000093 (RMSE: 0.0096) [BEST]
2026-09-13 11:52:56,532 - INFO - Epoch [1060/2000] LR: 0.000929 | Train Loss: 0.000301 (Data: 0.00030, Mono: 0.00000) | Val MSE: 0.000188 (RMSE: 0.0137) 
2026-09-13 11:52:56,707 - INFO - Epoch [1062/2000] LR: 0.000926 | Train Loss: 0.000262 (Data: 0.00026, Mono: 0.00000) | Val MSE: 0.000079 (RMSE: 0.0089) [BEST]
2026-09-13 11:52:57,206 - INFO - Epoch [1068/2000] LR: 0.000916 | Train Loss: 0.000265 (Data: 0.00026, Mono: 0.00000) | Val MSE: 0.000068 (RMSE: 0.0082) [BEST]
2026-09-13 11:52:57,354 - INFO - Epoch [1070/2000] LR: 0.000913 | Train Loss: 0.000291 (Data: 0.00029, Mono: 0.00000) | Val MSE: 0.000068 (RMSE: 0.0082) [BEST]
2026-09-13 11:52:57,734 - INFO - Epoch [1075/2000] LR: 0.000905 | Train Loss: 0.000254 (Data: 0.00025, Mono: 0.00000) | Val MSE: 0.000064 (RMSE: 0.0080) [BEST]
2026-09-13 11:52:58,027 - INFO - Epoch [1079/2000] LR: 0.000899 | Train Loss: 0.000277 (Data: 0.00028, Mono: 0.00000) | Val MSE: 0.000064 (RMSE: 0.0080) [BEST]
2026-09-13 11:52:58,109 - INFO - Epoch [1080/2000] LR: 0.000897 | Train Loss: 0.000257 (Data: 0.00026, Mono: 0.00000) | Val MSE: 0.000058 (RMSE: 0.0076) [BEST]
2026-09-13 11:52:58,861 - INFO - Epoch [1090/2000] LR: 0.000882 | Train Loss: 0.000249 (Data: 0.00025, Mono: 0.00000) | Val MSE: 0.000067 (RMSE: 0.0082) 
2026-09-13 11:52:59,092 - INFO - Epoch [1093/2000] LR: 0.000877 | Train Loss: 0.000236 (Data: 0.00023, Mono: 0.00000) | Val MSE: 0.000053 (RMSE: 0.0073) [BEST]
2026-09-13 11:52:59,613 - INFO - Epoch [1100/2000] LR: 0.000866 | Train Loss: 0.000282 (Data: 0.00028, Mono: 0.00000) | Val MSE: 0.000078 (RMSE: 0.0089) 
2026-09-13 11:53:00,364 - INFO - Epoch [1110/2000] LR: 0.000850 | Train Loss: 0.000210 (Data: 0.00021, Mono: 0.00000) | Val MSE: 0.000241 (RMSE: 0.0155) 
2026-09-13 11:53:00,672 - INFO - Epoch [1114/2000] LR: 0.000844 | Train Loss: 0.000260 (Data: 0.00026, Mono: 0.00000) | Val MSE: 0.000049 (RMSE: 0.0070) [BEST]
2026-09-13 11:53:01,141 - INFO - Epoch [1120/2000] LR: 0.000834 | Train Loss: 0.000202 (Data: 0.00020, Mono: 0.00000) | Val MSE: 0.000051 (RMSE: 0.0072) 
2026-09-13 11:53:01,897 - INFO - Epoch [1130/2000] LR: 0.000819 | Train Loss: 0.000237 (Data: 0.00024, Mono: 0.00000) | Val MSE: 0.000122 (RMSE: 0.0110) 
2026-09-13 11:53:02,657 - INFO - Epoch [1140/2000] LR: 0.000803 | Train Loss: 0.000201 (Data: 0.00020, Mono: 0.00000) | Val MSE: 0.000058 (RMSE: 0.0076) 
2026-09-13 11:53:03,408 - INFO - Epoch [1150/2000] LR: 0.000787 | Train Loss: 0.000212 (Data: 0.00021, Mono: 0.00000) | Val MSE: 0.000089 (RMSE: 0.0094) 
2026-09-13 11:53:04,176 - INFO - Epoch [1160/2000] LR: 0.000772 | Train Loss: 0.000226 (Data: 0.00022, Mono: 0.00000) | Val MSE: 0.000206 (RMSE: 0.0144) 
2026-09-13 11:53:04,926 - INFO - Epoch [1170/2000] LR: 0.000756 | Train Loss: 0.000200 (Data: 0.00020, Mono: 0.00000) | Val MSE: 0.000162 (RMSE: 0.0127) 
2026-09-13 11:53:05,696 - INFO - Epoch [1180/2000] LR: 0.000741 | Train Loss: 0.000254 (Data: 0.00025, Mono: 0.00000) | Val MSE: 0.000094 (RMSE: 0.0097) 
2026-09-13 11:53:06,455 - INFO - Epoch [1190/2000] LR: 0.000726 | Train Loss: 0.000210 (Data: 0.00021, Mono: 0.00000) | Val MSE: 0.000046 (RMSE: 0.0068) [BEST]
2026-09-13 11:53:06,837 - INFO - Epoch [1195/2000] LR: 0.000718 | Train Loss: 0.000218 (Data: 0.00022, Mono: 0.00000) | Val MSE: 0.000042 (RMSE: 0.0065) [BEST]
2026-09-13 11:53:07,226 - INFO - Epoch [1200/2000] LR: 0.000710 | Train Loss: 0.000294 (Data: 0.00029, Mono: 0.00000) | Val MSE: 0.000089 (RMSE: 0.0094) 
2026-09-13 11:53:07,984 - INFO - Epoch [1210/2000] LR: 0.000695 | Train Loss: 0.000198 (Data: 0.00020, Mono: 0.00000) | Val MSE: 0.000045 (RMSE: 0.0067) 
2026-09-13 11:53:08,219 - INFO - Epoch [1213/2000] LR: 0.000691 | Train Loss: 0.000212 (Data: 0.00021, Mono: 0.00000) | Val MSE: 0.000041 (RMSE: 0.0064) [BEST]
2026-09-13 11:53:08,764 - INFO - Epoch [1220/2000] LR: 0.000680 | Train Loss: 0.000243 (Data: 0.00024, Mono: 0.00001) | Val MSE: 0.000061 (RMSE: 0.0078) 
2026-09-13 11:53:09,524 - INFO - Epoch [1230/2000] LR: 0.000665 | Train Loss: 0.000204 (Data: 0.00020, Mono: 0.00000) | Val MSE: 0.000050 (RMSE: 0.0071) 
2026-09-13 11:53:10,277 - INFO - Epoch [1240/2000] LR: 0.000650 | Train Loss: 0.000212 (Data: 0.00021, Mono: 0.00000) | Val MSE: 0.000071 (RMSE: 0.0084) 
2026-09-13 11:53:11,036 - INFO - Epoch [1250/2000] LR: 0.000635 | Train Loss: 0.000204 (Data: 0.00020, Mono: 0.00000) | Val MSE: 0.000044 (RMSE: 0.0066) 
2026-09-13 11:53:11,339 - INFO - Epoch [1254/2000] LR: 0.000629 | Train Loss: 0.000203 (Data: 0.00020, Mono: 0.00000) | Val MSE: 0.000041 (RMSE: 0.0064) [BEST]
2026-09-13 11:53:11,804 - INFO - Epoch [1260/2000] LR: 0.000620 | Train Loss: 0.000214 (Data: 0.00021, Mono: 0.00000) | Val MSE: 0.000057 (RMSE: 0.0075) 
2026-09-13 11:53:12,555 - INFO - Epoch [1270/2000] LR: 0.000606 | Train Loss: 0.000194 (Data: 0.00019, Mono: 0.00000) | Val MSE: 0.000054 (RMSE: 0.0073) 
2026-09-13 11:53:13,313 - INFO - Epoch [1280/2000] LR: 0.000591 | Train Loss: 0.000246 (Data: 0.00024, Mono: 0.00000) | Val MSE: 0.000051 (RMSE: 0.0071) 
2026-09-13 11:53:14,084 - INFO - Epoch [1290/2000] LR: 0.000577 | Train Loss: 0.000255 (Data: 0.00025, Mono: 0.00000) | Val MSE: 0.000095 (RMSE: 0.0097) 
2026-09-13 11:53:14,815 - INFO - Epoch [1300/2000] LR: 0.000562 | Train Loss: 0.000196 (Data: 0.00019, Mono: 0.00000) | Val MSE: 0.000062 (RMSE: 0.0079) 
2026-09-13 11:53:14,895 - INFO - Epoch [1301/2000] LR: 0.000561 | Train Loss: 0.000197 (Data: 0.00020, Mono: 0.00000) | Val MSE: 0.000040 (RMSE: 0.0063) [BEST]
2026-09-13 11:53:15,582 - INFO - Epoch [1310/2000] LR: 0.000548 | Train Loss: 0.000209 (Data: 0.00021, Mono: 0.00000) | Val MSE: 0.000065 (RMSE: 0.0080) 
2026-09-13 11:53:16,325 - INFO - Epoch [1320/2000] LR: 0.000534 | Train Loss: 0.000249 (Data: 0.00025, Mono: 0.00000) | Val MSE: 0.000048 (RMSE: 0.0069) 
2026-09-13 11:53:17,102 - INFO - Epoch [1330/2000] LR: 0.000520 | Train Loss: 0.000219 (Data: 0.00022, Mono: 0.00000) | Val MSE: 0.000051 (RMSE: 0.0071) 
2026-09-13 11:53:17,861 - INFO - Epoch [1340/2000] LR: 0.000506 | Train Loss: 0.000211 (Data: 0.00021, Mono: 0.00000) | Val MSE: 0.000047 (RMSE: 0.0069) 
2026-09-13 11:53:18,305 - INFO - Epoch [1346/2000] LR: 0.000498 | Train Loss: 0.000230 (Data: 0.00023, Mono: 0.00000) | Val MSE: 0.000039 (RMSE: 0.0063) [BEST]
2026-09-13 11:53:18,601 - INFO - Epoch [1350/2000] LR: 0.000492 | Train Loss: 0.000206 (Data: 0.00020, Mono: 0.00000) | Val MSE: 0.000057 (RMSE: 0.0075) 
2026-09-13 11:53:19,072 - INFO - Epoch [1356/2000] LR: 0.000484 | Train Loss: 0.000210 (Data: 0.00021, Mono: 0.00000) | Val MSE: 0.000038 (RMSE: 0.0062) [BEST]
2026-09-13 11:53:19,383 - INFO - Epoch [1360/2000] LR: 0.000478 | Train Loss: 0.000266 (Data: 0.00026, Mono: 0.00000) | Val MSE: 0.000082 (RMSE: 0.0091) 
2026-09-13 11:53:20,133 - INFO - Epoch [1370/2000] LR: 0.000465 | Train Loss: 0.000199 (Data: 0.00020, Mono: 0.00000) | Val MSE: 0.000074 (RMSE: 0.0086) 
2026-09-13 11:53:20,915 - INFO - Epoch [1380/2000] LR: 0.000451 | Train Loss: 0.000214 (Data: 0.00021, Mono: 0.00000) | Val MSE: 0.000052 (RMSE: 0.0072) 
2026-09-13 11:53:21,678 - INFO - Epoch [1390/2000] LR: 0.000438 | Train Loss: 0.000262 (Data: 0.00026, Mono: 0.00000) | Val MSE: 0.000067 (RMSE: 0.0082) 
2026-09-13 11:53:22,446 - INFO - Epoch [1400/2000] LR: 0.000425 | Train Loss: 0.000215 (Data: 0.00021, Mono: 0.00000) | Val MSE: 0.000039 (RMSE: 0.0063) 
2026-09-13 11:53:23,211 - INFO - Epoch [1410/2000] LR: 0.000412 | Train Loss: 0.000188 (Data: 0.00019, Mono: 0.00000) | Val MSE: 0.000038 (RMSE: 0.0062) [BEST]
2026-09-13 11:53:23,735 - INFO - Epoch [1417/2000] LR: 0.000403 | Train Loss: 0.000181 (Data: 0.00018, Mono: 0.00000) | Val MSE: 0.000037 (RMSE: 0.0061) [BEST]
2026-09-13 11:53:23,964 - INFO - Epoch [1420/2000] LR: 0.000399 | Train Loss: 0.000187 (Data: 0.00019, Mono: 0.00000) | Val MSE: 0.000039 (RMSE: 0.0062) 
2026-09-13 11:53:24,125 - INFO - Epoch [1422/2000] LR: 0.000397 | Train Loss: 0.000192 (Data: 0.00019, Mono: 0.00000) | Val MSE: 0.000037 (RMSE: 0.0060) [BEST]
2026-09-13 11:53:24,720 - INFO - Epoch [1430/2000] LR: 0.000387 | Train Loss: 0.000232 (Data: 0.00023, Mono: 0.00000) | Val MSE: 0.000064 (RMSE: 0.0080) 
2026-09-13 11:53:25,481 - INFO - Epoch [1440/2000] LR: 0.000374 | Train Loss: 0.000186 (Data: 0.00018, Mono: 0.00000) | Val MSE: 0.000038 (RMSE: 0.0062) 
2026-09-13 11:53:25,783 - INFO - Epoch [1444/2000] LR: 0.000369 | Train Loss: 0.000171 (Data: 0.00017, Mono: 0.00000) | Val MSE: 0.000036 (RMSE: 0.0060) [BEST]
2026-09-13 11:53:26,231 - INFO - Epoch [1450/2000] LR: 0.000362 | Train Loss: 0.000223 (Data: 0.00022, Mono: 0.00000) | Val MSE: 0.000057 (RMSE: 0.0075) 
2026-09-13 11:53:26,985 - INFO - Epoch [1460/2000] LR: 0.000350 | Train Loss: 0.000186 (Data: 0.00018, Mono: 0.00000) | Val MSE: 0.000038 (RMSE: 0.0062) 
2026-09-13 11:53:27,814 - INFO - Epoch [1470/2000] LR: 0.000338 | Train Loss: 0.000190 (Data: 0.00019, Mono: 0.00000) | Val MSE: 0.000043 (RMSE: 0.0066) 
2026-09-13 11:53:28,618 - INFO - Epoch [1480/2000] LR: 0.000326 | Train Loss: 0.000181 (Data: 0.00018, Mono: 0.00000) | Val MSE: 0.000037 (RMSE: 0.0060) 
2026-09-13 11:53:29,449 - INFO - Epoch [1490/2000] LR: 0.000314 | Train Loss: 0.000181 (Data: 0.00018, Mono: 0.00000) | Val MSE: 0.000066 (RMSE: 0.0081) 
2026-09-13 11:53:30,213 - INFO - Epoch [1500/2000] LR: 0.000303 | Train Loss: 0.000174 (Data: 0.00017, Mono: 0.00000) | Val MSE: 0.000046 (RMSE: 0.0068) 
2026-09-13 11:53:30,987 - INFO - Epoch [1510/2000] LR: 0.000291 | Train Loss: 0.000190 (Data: 0.00019, Mono: 0.00000) | Val MSE: 0.000052 (RMSE: 0.0072) 
2026-09-13 11:53:31,784 - INFO - Epoch [1520/2000] LR: 0.000280 | Train Loss: 0.000189 (Data: 0.00019, Mono: 0.00000) | Val MSE: 0.000066 (RMSE: 0.0081) 
2026-09-13 11:53:32,576 - INFO - Epoch [1530/2000] LR: 0.000269 | Train Loss: 0.000180 (Data: 0.00018, Mono: 0.00000) | Val MSE: 0.000037 (RMSE: 0.0061) 
2026-09-13 11:53:33,372 - INFO - Epoch [1540/2000] LR: 0.000259 | Train Loss: 0.000177 (Data: 0.00018, Mono: 0.00000) | Val MSE: 0.000049 (RMSE: 0.0070) 
2026-09-13 11:53:34,172 - INFO - Epoch [1550/2000] LR: 0.000248 | Train Loss: 0.000209 (Data: 0.00021, Mono: 0.00000) | Val MSE: 0.000049 (RMSE: 0.0070) 
2026-09-13 11:53:34,993 - INFO - Epoch [1560/2000] LR: 0.000238 | Train Loss: 0.000184 (Data: 0.00018, Mono: 0.00000) | Val MSE: 0.000055 (RMSE: 0.0074) 
2026-09-13 11:53:35,797 - INFO - Epoch [1570/2000] LR: 0.000227 | Train Loss: 0.000181 (Data: 0.00018, Mono: 0.00000) | Val MSE: 0.000044 (RMSE: 0.0067) 
2026-09-13 11:53:36,598 - INFO - Epoch [1580/2000] LR: 0.000217 | Train Loss: 0.000193 (Data: 0.00019, Mono: 0.00000) | Val MSE: 0.000047 (RMSE: 0.0069) 
2026-09-13 11:53:37,457 - INFO - Epoch [1590/2000] LR: 0.000208 | Train Loss: 0.000187 (Data: 0.00019, Mono: 0.00000) | Val MSE: 0.000038 (RMSE: 0.0061) 
2026-09-13 11:53:38,150 - INFO - Epoch [1598/2000] LR: 0.000200 | Train Loss: 0.000188 (Data: 0.00019, Mono: 0.00000) | Val MSE: 0.000036 (RMSE: 0.0060) [BEST]
2026-09-13 11:53:38,325 - INFO - Epoch [1600/2000] LR: 0.000198 | Train Loss: 0.000209 (Data: 0.00021, Mono: 0.00000) | Val MSE: 0.000043 (RMSE: 0.0066) 
2026-09-13 11:53:39,157 - INFO - Epoch [1610/2000] LR: 0.000189 | Train Loss: 0.000182 (Data: 0.00018, Mono: 0.00000) | Val MSE: 0.000064 (RMSE: 0.0080) 
2026-09-13 11:53:40,013 - INFO - Epoch [1620/2000] LR: 0.000180 | Train Loss: 0.000184 (Data: 0.00018, Mono: 0.00000) | Val MSE: 0.000040 (RMSE: 0.0063) 
2026-09-13 11:53:40,833 - INFO - Epoch [1630/2000] LR: 0.000171 | Train Loss: 0.000181 (Data: 0.00018, Mono: 0.00000) | Val MSE: 0.000043 (RMSE: 0.0065) 
2026-09-13 11:53:41,336 - INFO - Epoch [1636/2000] LR: 0.000165 | Train Loss: 0.000180 (Data: 0.00018, Mono: 0.00000) | Val MSE: 0.000036 (RMSE: 0.0060) [BEST]
2026-09-13 11:53:41,688 - INFO - Epoch [1640/2000] LR: 0.000162 | Train Loss: 0.000174 (Data: 0.00017, Mono: 0.00000) | Val MSE: 0.000035 (RMSE: 0.0060) [BEST]
2026-09-13 11:53:42,538 - INFO - Epoch [1650/2000] LR: 0.000153 | Train Loss: 0.000187 (Data: 0.00019, Mono: 0.00000) | Val MSE: 0.000046 (RMSE: 0.0068) 
2026-09-13 11:53:43,381 - INFO - Epoch [1660/2000] LR: 0.000145 | Train Loss: 0.000174 (Data: 0.00017, Mono: 0.00000) | Val MSE: 0.000049 (RMSE: 0.0070) 
2026-09-13 11:53:44,055 - INFO - Epoch [1668/2000] LR: 0.000138 | Train Loss: 0.000205 (Data: 0.00020, Mono: 0.00001) | Val MSE: 0.000035 (RMSE: 0.0059) [BEST]
2026-09-13 11:53:44,232 - INFO - Epoch [1670/2000] LR: 0.000137 | Train Loss: 0.000180 (Data: 0.00018, Mono: 0.00000) | Val MSE: 0.000040 (RMSE: 0.0063) 
2026-09-13 11:53:45,102 - INFO - Epoch [1680/2000] LR: 0.000129 | Train Loss: 0.000186 (Data: 0.00018, Mono: 0.00000) | Val MSE: 0.000041 (RMSE: 0.0064) 
2026-09-13 11:53:45,906 - INFO - Epoch [1690/2000] LR: 0.000121 | Train Loss: 0.000179 (Data: 0.00018, Mono: 0.00000) | Val MSE: 0.000055 (RMSE: 0.0074) 
2026-09-13 11:53:46,705 - INFO - Epoch [1700/2000] LR: 0.000114 | Train Loss: 0.000184 (Data: 0.00018, Mono: 0.00000) | Val MSE: 0.000062 (RMSE: 0.0079) 
2026-09-13 11:53:47,521 - INFO - Epoch [1710/2000] LR: 0.000107 | Train Loss: 0.000184 (Data: 0.00018, Mono: 0.00000) | Val MSE: 0.000048 (RMSE: 0.0070) 
2026-09-13 11:53:48,323 - INFO - Epoch [1720/2000] LR: 0.000100 | Train Loss: 0.000175 (Data: 0.00017, Mono: 0.00000) | Val MSE: 0.000041 (RMSE: 0.0064) 
2026-09-13 11:53:49,122 - INFO - Epoch [1730/2000] LR: 0.000093 | Train Loss: 0.000178 (Data: 0.00018, Mono: 0.00000) | Val MSE: 0.000040 (RMSE: 0.0063) 
2026-09-13 11:53:49,297 - INFO - Epoch [1732/2000] LR: 0.000091 | Train Loss: 0.000200 (Data: 0.00020, Mono: 0.00000) | Val MSE: 0.000035 (RMSE: 0.0059) [BEST]
2026-09-13 11:53:49,981 - INFO - Epoch [1740/2000] LR: 0.000086 | Train Loss: 0.000174 (Data: 0.00017, Mono: 0.00000) | Val MSE: 0.000042 (RMSE: 0.0064) 
2026-09-13 11:53:50,782 - INFO - Epoch [1750/2000] LR: 0.000080 | Train Loss: 0.000175 (Data: 0.00017, Mono: 0.00000) | Val MSE: 0.000039 (RMSE: 0.0062) 
2026-09-13 11:53:51,603 - INFO - Epoch [1760/2000] LR: 0.000074 | Train Loss: 0.000180 (Data: 0.00018, Mono: 0.00000) | Val MSE: 0.000040 (RMSE: 0.0063) 
2026-09-13 11:53:52,401 - INFO - Epoch [1770/2000] LR: 0.000068 | Train Loss: 0.000180 (Data: 0.00018, Mono: 0.00000) | Val MSE: 0.000052 (RMSE: 0.0072) 
2026-09-13 11:53:53,227 - INFO - Epoch [1780/2000] LR: 0.000062 | Train Loss: 0.000176 (Data: 0.00017, Mono: 0.00000) | Val MSE: 0.000043 (RMSE: 0.0065) 
2026-09-13 11:53:54,037 - INFO - Epoch [1790/2000] LR: 0.000057 | Train Loss: 0.000184 (Data: 0.00018, Mono: 0.00000) | Val MSE: 0.000054 (RMSE: 0.0073) 
2026-09-13 11:53:54,905 - INFO - Epoch [1800/2000] LR: 0.000052 | Train Loss: 0.000179 (Data: 0.00018, Mono: 0.00000) | Val MSE: 0.000041 (RMSE: 0.0064) 
2026-09-13 11:53:55,746 - INFO - Epoch [1810/2000] LR: 0.000047 | Train Loss: 0.000184 (Data: 0.00018, Mono: 0.00000) | Val MSE: 0.000046 (RMSE: 0.0067) 
2026-09-13 11:53:56,579 - INFO - Epoch [1820/2000] LR: 0.000042 | Train Loss: 0.000169 (Data: 0.00017, Mono: 0.00000) | Val MSE: 0.000042 (RMSE: 0.0065) 
2026-09-13 11:53:57,470 - INFO - Epoch [1830/2000] LR: 0.000038 | Train Loss: 0.000183 (Data: 0.00018, Mono: 0.00000) | Val MSE: 0.000040 (RMSE: 0.0064) 
2026-09-13 11:53:58,321 - INFO - Epoch [1840/2000] LR: 0.000034 | Train Loss: 0.000176 (Data: 0.00017, Mono: 0.00000) | Val MSE: 0.000042 (RMSE: 0.0065) 
2026-09-13 11:53:59,188 - INFO - Epoch [1850/2000] LR: 0.000030 | Train Loss: 0.000174 (Data: 0.00017, Mono: 0.00000) | Val MSE: 0.000043 (RMSE: 0.0065) 
2026-09-13 11:54:00,032 - INFO - Epoch [1860/2000] LR: 0.000026 | Train Loss: 0.000183 (Data: 0.00018, Mono: 0.00000) | Val MSE: 0.000046 (RMSE: 0.0068) 
2026-09-13 11:54:00,886 - INFO - Epoch [1870/2000] LR: 0.000023 | Train Loss: 0.000171 (Data: 0.00017, Mono: 0.00000) | Val MSE: 0.000041 (RMSE: 0.0064) 
2026-09-13 11:54:01,724 - INFO - Epoch [1880/2000] LR: 0.000020 | Train Loss: 0.000179 (Data: 0.00018, Mono: 0.00000) | Val MSE: 0.000042 (RMSE: 0.0065) 
2026-09-13 11:54:02,585 - INFO - Epoch [1890/2000] LR: 0.000017 | Train Loss: 0.000177 (Data: 0.00018, Mono: 0.00000) | Val MSE: 0.000042 (RMSE: 0.0065) 
2026-09-13 11:54:03,380 - INFO - Epoch [1900/2000] LR: 0.000014 | Train Loss: 0.000181 (Data: 0.00018, Mono: 0.00000) | Val MSE: 0.000042 (RMSE: 0.0065) 
2026-09-13 11:54:04,183 - INFO - Epoch [1910/2000] LR: 0.000012 | Train Loss: 0.000182 (Data: 0.00018, Mono: 0.00000) | Val MSE: 0.000043 (RMSE: 0.0065) 
2026-09-13 11:54:05,016 - INFO - Epoch [1920/2000] LR: 0.000010 | Train Loss: 0.000178 (Data: 0.00018, Mono: 0.00000) | Val MSE: 0.000042 (RMSE: 0.0065) 
2026-09-13 11:54:05,837 - INFO - Epoch [1930/2000] LR: 0.000008 | Train Loss: 0.000181 (Data: 0.00018, Mono: 0.00000) | Val MSE: 0.000043 (RMSE: 0.0065) 
2026-09-13 11:54:05,995 - INFO - [*] Early stopping triggered at epoch 1932. Best epoch was 1732 with Val MSE: 0.000035
2026-09-13 11:54:05,995 - INFO - Training completed in 153.65s. Loading best checkpoint from epoch 1732 for final test evaluation...
2026-09-13 11:54:06,059 - INFO - ==================================================
2026-09-13 11:54:06,059 - INFO - Test Results for [XJTU] - [3C] (Best Epoch 1732):
2026-09-13 11:54:06,059 - INFO -   Test RMSE: 0.012090
2026-09-13 11:54:06,059 - INFO -   Test MAE:  0.010702
2026-09-13 11:54:06,059 - INFO -   Test MAPE: 1.120211
2026-09-13 11:54:06,059 - INFO -   Test MSE:  0.000146
2026-09-13 11:54:06,059 - INFO - ==================================================
2026-09-13 13:24:21,094 - INFO - ==================================================
2026-09-13 13:24:21,094 - INFO - Starting FusionMLP Training for [XJTU] - [3C]
2026-09-13 13:24:21,094 - INFO - Device: cuda | Epochs: 2000 | LR: 0.002000 | Mono Weight: 0.4000 | Knee Feature: True
2026-09-13 13:24:21,094 - INFO - ==================================================
2026-09-13 13:24:21,211 - INFO - Data Splits: Train=10, Val=2, Test=3
2026-09-13 13:24:21,307 - INFO - Epoch [   1/2000] LR: 0.006126 | Train Loss: 0.212301 (Data: 0.21227, Mono: 0.00008) | Val MSE: 0.029122 (RMSE: 0.1707) [BEST]
2026-09-13 13:24:21,381 - INFO - Epoch [   2/2000] LR: 0.005984 | Train Loss: 0.059102 (Data: 0.05906, Mono: 0.00011) | Val MSE: 0.010465 (RMSE: 0.1023) [BEST]
2026-09-13 13:24:21,456 - INFO - Epoch [   3/2000] LR: 0.005841 | Train Loss: 0.040882 (Data: 0.04084, Mono: 0.00010) | Val MSE: 0.002601 (RMSE: 0.0510) [BEST]
2026-09-13 13:24:21,539 - INFO - Epoch [   4/2000] LR: 0.005699 | Train Loss: 0.029942 (Data: 0.02991, Mono: 0.00008) | Val MSE: 0.001915 (RMSE: 0.0438) [BEST]
2026-09-13 13:24:21,614 - INFO - Epoch [   5/2000] LR: 0.005557 | Train Loss: 0.022776 (Data: 0.02275, Mono: 0.00008) | Val MSE: 0.000958 (RMSE: 0.0309) [BEST]
2026-09-13 13:24:21,689 - INFO - Epoch [   6/2000] LR: 0.005415 | Train Loss: 0.018612 (Data: 0.01859, Mono: 0.00007) | Val MSE: 0.000853 (RMSE: 0.0292) [BEST]
2026-09-13 13:24:21,772 - INFO - Epoch [   7/2000] LR: 0.005272 | Train Loss: 0.016162 (Data: 0.01614, Mono: 0.00006) | Val MSE: 0.000613 (RMSE: 0.0248) [BEST]
2026-09-13 13:24:21,920 - INFO - Epoch [   9/2000] LR: 0.004988 | Train Loss: 0.013949 (Data: 0.01393, Mono: 0.00006) | Val MSE: 0.000307 (RMSE: 0.0175) [BEST]
2026-09-13 13:24:21,989 - INFO - Epoch [  10/2000] LR: 0.004845 | Train Loss: 0.012578 (Data: 0.01256, Mono: 0.00005) | Val MSE: 0.000276 (RMSE: 0.0166) [BEST]
2026-09-13 13:24:22,175 - INFO - Epoch [  13/2000] LR: 0.004419 | Train Loss: 0.010396 (Data: 0.01037, Mono: 0.00005) | Val MSE: 0.000193 (RMSE: 0.0139) [BEST]
2026-09-13 13:24:22,348 - INFO - Epoch [  16/2000] LR: 0.003992 | Train Loss: 0.008988 (Data: 0.00897, Mono: 0.00004) | Val MSE: 0.000147 (RMSE: 0.0121) [BEST]
2026-09-13 13:24:22,575 - INFO - Epoch [  20/2000] LR: 0.003423 | Train Loss: 0.007636 (Data: 0.00762, Mono: 0.00004) | Val MSE: 0.000483 (RMSE: 0.0220) 
2026-09-13 13:24:22,801 - INFO - Epoch [  24/2000] LR: 0.002854 | Train Loss: 0.006699 (Data: 0.00668, Mono: 0.00004) | Val MSE: 0.000137 (RMSE: 0.0117) [BEST]
2026-09-13 13:24:22,851 - INFO - Epoch [  25/2000] LR: 0.002711 | Train Loss: 0.006499 (Data: 0.00648, Mono: 0.00004) | Val MSE: 0.000127 (RMSE: 0.0113) [BEST]
2026-09-13 13:24:23,142 - INFO - Epoch [  30/2000] LR: 0.002000 | Train Loss: 0.005615 (Data: 0.00560, Mono: 0.00004) | Val MSE: 0.000135 (RMSE: 0.0116) 
2026-09-13 13:24:23,705 - INFO - Epoch [  40/2000] LR: 0.002000 | Train Loss: 0.004913 (Data: 0.00490, Mono: 0.00003) | Val MSE: 0.000210 (RMSE: 0.0145) 
2026-09-13 13:24:24,304 - INFO - Epoch [  50/2000] LR: 0.001999 | Train Loss: 0.004096 (Data: 0.00408, Mono: 0.00003) | Val MSE: 0.000185 (RMSE: 0.0136) 
2026-09-13 13:24:24,874 - INFO - Epoch [  60/2000] LR: 0.001999 | Train Loss: 0.003504 (Data: 0.00349, Mono: 0.00003) | Val MSE: 0.000226 (RMSE: 0.0150) 
2026-09-13 13:24:25,451 - INFO - Epoch [  70/2000] LR: 0.001998 | Train Loss: 0.003223 (Data: 0.00321, Mono: 0.00003) | Val MSE: 0.000193 (RMSE: 0.0139) 
2026-09-13 13:24:26,031 - INFO - Epoch [  80/2000] LR: 0.001997 | Train Loss: 0.002878 (Data: 0.00287, Mono: 0.00003) | Val MSE: 0.000220 (RMSE: 0.0148) 
2026-09-13 13:24:26,608 - INFO - Epoch [  90/2000] LR: 0.001995 | Train Loss: 0.002506 (Data: 0.00250, Mono: 0.00002) | Val MSE: 0.000190 (RMSE: 0.0138) 
2026-09-13 13:24:27,195 - INFO - Epoch [ 100/2000] LR: 0.001994 | Train Loss: 0.002375 (Data: 0.00237, Mono: 0.00002) | Val MSE: 0.000218 (RMSE: 0.0148) 
2026-09-13 13:24:27,772 - INFO - Epoch [ 110/2000] LR: 0.001992 | Train Loss: 0.002186 (Data: 0.00218, Mono: 0.00002) | Val MSE: 0.000308 (RMSE: 0.0176) 
2026-09-13 13:24:28,461 - INFO - Epoch [ 120/2000] LR: 0.001990 | Train Loss: 0.002026 (Data: 0.00202, Mono: 0.00002) | Val MSE: 0.000322 (RMSE: 0.0180) 
2026-09-13 13:24:29,173 - INFO - Epoch [ 130/2000] LR: 0.001987 | Train Loss: 0.001824 (Data: 0.00182, Mono: 0.00002) | Val MSE: 0.000209 (RMSE: 0.0145) 
2026-09-13 13:24:29,875 - INFO - Epoch [ 140/2000] LR: 0.001985 | Train Loss: 0.001729 (Data: 0.00172, Mono: 0.00002) | Val MSE: 0.000211 (RMSE: 0.0145) 
2026-09-13 13:24:30,625 - INFO - Epoch [ 150/2000] LR: 0.001982 | Train Loss: 0.001614 (Data: 0.00161, Mono: 0.00002) | Val MSE: 0.000327 (RMSE: 0.0181) 
2026-09-13 13:24:31,329 - INFO - Epoch [ 160/2000] LR: 0.001979 | Train Loss: 0.001457 (Data: 0.00145, Mono: 0.00002) | Val MSE: 0.000208 (RMSE: 0.0144) 
2026-09-13 13:24:31,995 - INFO - Epoch [ 170/2000] LR: 0.001975 | Train Loss: 0.001445 (Data: 0.00144, Mono: 0.00002) | Val MSE: 0.000226 (RMSE: 0.0150) 
2026-09-13 13:24:32,649 - INFO - Epoch [ 180/2000] LR: 0.001972 | Train Loss: 0.001277 (Data: 0.00127, Mono: 0.00001) | Val MSE: 0.000301 (RMSE: 0.0174) 
2026-09-13 13:24:33,310 - INFO - Epoch [ 190/2000] LR: 0.001968 | Train Loss: 0.001134 (Data: 0.00113, Mono: 0.00001) | Val MSE: 0.000219 (RMSE: 0.0148) 
2026-09-13 13:24:33,975 - INFO - Epoch [ 200/2000] LR: 0.001964 | Train Loss: 0.001081 (Data: 0.00108, Mono: 0.00001) | Val MSE: 0.000185 (RMSE: 0.0136) 
2026-09-13 13:24:34,672 - INFO - Epoch [ 210/2000] LR: 0.001959 | Train Loss: 0.000939 (Data: 0.00093, Mono: 0.00001) | Val MSE: 0.000204 (RMSE: 0.0143) 
2026-09-13 13:24:35,355 - INFO - Epoch [ 220/2000] LR: 0.001954 | Train Loss: 0.000901 (Data: 0.00090, Mono: 0.00001) | Val MSE: 0.000192 (RMSE: 0.0139) 
2026-09-13 13:24:35,693 - INFO - [*] Early stopping triggered at epoch 225. Best epoch was 25 with Val MSE: 0.000127
2026-09-13 13:24:35,693 - INFO - Training completed in 14.46s. Loading best checkpoint from epoch 25 for final test evaluation...
2026-09-13 13:24:35,717 - INFO - ==================================================
2026-09-13 13:24:35,717 - INFO - Test Results for [XJTU] - [3C] (Best Epoch 25):
2026-09-13 13:24:35,717 - INFO -   Test RMSE: 0.014863
2026-09-13 13:24:35,717 - INFO -   Test MAE:  0.012760
2026-09-13 13:24:35,717 - INFO -   Test MAPE: 1.344742
2026-09-13 13:24:35,717 - INFO -   Test MSE:  0.000221
2026-09-13 13:24:35,717 - INFO - ==================================================
2026-09-13 13:45:43,177 - INFO - ==================================================
2026-09-13 13:45:43,177 - INFO - Starting FusionMLP Training for [XJTU] - [3C]
2026-09-13 13:45:43,177 - INFO - Device: cuda | Epochs: 2000 | LR: 0.000100 | Mono Weight: 0.4000 | Knee Feature: True
2026-09-13 13:45:43,177 - INFO - ==================================================
2026-09-13 13:45:43,295 - INFO - Data Splits: Train=10, Val=2, Test=3
2026-09-13 13:45:43,417 - INFO - Epoch [   1/2000] LR: 0.006063 | Train Loss: 0.116760 (Data: 0.11672, Mono: 0.00010) | Val MSE: 0.008867 (RMSE: 0.0942) [BEST]
2026-09-13 13:45:43,509 - INFO - Epoch [   2/2000] LR: 0.005857 | Train Loss: 0.045607 (Data: 0.04558, Mono: 0.00008) | Val MSE: 0.000797 (RMSE: 0.0282) [BEST]
2026-09-13 13:45:43,776 - INFO - Epoch [   5/2000] LR: 0.005240 | Train Loss: 0.017006 (Data: 0.01698, Mono: 0.00006) | Val MSE: 0.000485 (RMSE: 0.0220) [BEST]
2026-09-13 13:45:43,856 - INFO - Epoch [   6/2000] LR: 0.005035 | Train Loss: 0.013689 (Data: 0.01367, Mono: 0.00005) | Val MSE: 0.000400 (RMSE: 0.0200) [BEST]
2026-09-13 13:45:43,938 - INFO - Epoch [   7/2000] LR: 0.004829 | Train Loss: 0.012186 (Data: 0.01216, Mono: 0.00005) | Val MSE: 0.000191 (RMSE: 0.0138) [BEST]
2026-09-13 13:45:44,188 - INFO - Epoch [  10/2000] LR: 0.004212 | Train Loss: 0.009079 (Data: 0.00906, Mono: 0.00004) | Val MSE: 0.000868 (RMSE: 0.0295) 
2026-09-13 13:45:44,706 - INFO - Epoch [  16/2000] LR: 0.002979 | Train Loss: 0.006421 (Data: 0.00641, Mono: 0.00004) | Val MSE: 0.000102 (RMSE: 0.0101) [BEST]
2026-09-13 13:45:45,082 - INFO - Epoch [  20/2000] LR: 0.002156 | Train Loss: 0.005625 (Data: 0.00561, Mono: 0.00004) | Val MSE: 0.000150 (RMSE: 0.0123) 
2026-09-13 13:45:45,510 - INFO - Epoch [  25/2000] LR: 0.001128 | Train Loss: 0.005236 (Data: 0.00522, Mono: 0.00003) | Val MSE: 0.000096 (RMSE: 0.0098) [BEST]
2026-09-13 13:45:45,862 - INFO - Epoch [  29/2000] LR: 0.000306 | Train Loss: 0.005212 (Data: 0.00520, Mono: 0.00003) | Val MSE: 0.000091 (RMSE: 0.0096) [BEST]
2026-09-13 13:45:45,940 - INFO - Epoch [  30/2000] LR: 0.000100 | Train Loss: 0.005032 (Data: 0.00502, Mono: 0.00004) | Val MSE: 0.000094 (RMSE: 0.0097) 
2026-09-13 13:45:46,116 - INFO - Epoch [  32/2000] LR: 0.000100 | Train Loss: 0.004999 (Data: 0.00498, Mono: 0.00004) | Val MSE: 0.000090 (RMSE: 0.0095) [BEST]
2026-09-13 13:45:46,292 - INFO - Epoch [  34/2000] LR: 0.000100 | Train Loss: 0.005141 (Data: 0.00513, Mono: 0.00004) | Val MSE: 0.000090 (RMSE: 0.0095) [BEST]
2026-09-13 13:45:46,815 - INFO - Epoch [  40/2000] LR: 0.000100 | Train Loss: 0.004793 (Data: 0.00478, Mono: 0.00003) | Val MSE: 0.000090 (RMSE: 0.0095) 
2026-09-13 13:45:47,171 - INFO - Epoch [  44/2000] LR: 0.000100 | Train Loss: 0.004960 (Data: 0.00495, Mono: 0.00003) | Val MSE: 0.000089 (RMSE: 0.0095) [BEST]
2026-09-13 13:45:47,666 - INFO - Epoch [  50/2000] LR: 0.000100 | Train Loss: 0.004916 (Data: 0.00490, Mono: 0.00004) | Val MSE: 0.000090 (RMSE: 0.0095) 
2026-09-13 13:45:48,232 - INFO - Epoch [  57/2000] LR: 0.000100 | Train Loss: 0.004885 (Data: 0.00487, Mono: 0.00003) | Val MSE: 0.000089 (RMSE: 0.0094) [BEST]
2026-09-13 13:45:48,468 - INFO - Epoch [  60/2000] LR: 0.000100 | Train Loss: 0.004748 (Data: 0.00474, Mono: 0.00003) | Val MSE: 0.000090 (RMSE: 0.0095) 
2026-09-13 13:45:49,097 - INFO - Epoch [  70/2000] LR: 0.000100 | Train Loss: 0.004808 (Data: 0.00479, Mono: 0.00004) | Val MSE: 0.000090 (RMSE: 0.0095) 
2026-09-13 13:45:49,396 - INFO - Epoch [  75/2000] LR: 0.000100 | Train Loss: 0.004900 (Data: 0.00489, Mono: 0.00003) | Val MSE: 0.000089 (RMSE: 0.0094) [BEST]
2026-09-13 13:45:49,724 - INFO - Epoch [  80/2000] LR: 0.000100 | Train Loss: 0.004741 (Data: 0.00473, Mono: 0.00003) | Val MSE: 0.000089 (RMSE: 0.0094) 
2026-09-13 13:45:49,783 - INFO - Epoch [  81/2000] LR: 0.000100 | Train Loss: 0.004751 (Data: 0.00474, Mono: 0.00003) | Val MSE: 0.000089 (RMSE: 0.0094) [BEST]
2026-09-13 13:45:49,995 - INFO - Epoch [  84/2000] LR: 0.000100 | Train Loss: 0.004571 (Data: 0.00456, Mono: 0.00003) | Val MSE: 0.000088 (RMSE: 0.0094) [BEST]
2026-09-13 13:45:50,377 - INFO - Epoch [  90/2000] LR: 0.000100 | Train Loss: 0.004646 (Data: 0.00463, Mono: 0.00003) | Val MSE: 0.000090 (RMSE: 0.0095) 
2026-09-13 13:45:51,014 - INFO - Epoch [ 100/2000] LR: 0.000100 | Train Loss: 0.004513 (Data: 0.00450, Mono: 0.00003) | Val MSE: 0.000094 (RMSE: 0.0097) 
2026-09-13 13:45:51,626 - INFO - Epoch [ 110/2000] LR: 0.000100 | Train Loss: 0.004656 (Data: 0.00464, Mono: 0.00003) | Val MSE: 0.000105 (RMSE: 0.0103) 
2026-09-13 13:45:52,253 - INFO - Epoch [ 120/2000] LR: 0.000099 | Train Loss: 0.004305 (Data: 0.00429, Mono: 0.00003) | Val MSE: 0.000092 (RMSE: 0.0096) 
2026-09-13 13:45:52,888 - INFO - Epoch [ 130/2000] LR: 0.000099 | Train Loss: 0.004358 (Data: 0.00435, Mono: 0.00003) | Val MSE: 0.000091 (RMSE: 0.0096) 
2026-09-13 13:45:53,499 - INFO - Epoch [ 140/2000] LR: 0.000099 | Train Loss: 0.004398 (Data: 0.00439, Mono: 0.00003) | Val MSE: 0.000101 (RMSE: 0.0100) 
2026-09-13 13:45:54,183 - INFO - Epoch [ 150/2000] LR: 0.000099 | Train Loss: 0.004033 (Data: 0.00402, Mono: 0.00003) | Val MSE: 0.000113 (RMSE: 0.0106) 
2026-09-13 13:45:54,881 - INFO - Epoch [ 160/2000] LR: 0.000099 | Train Loss: 0.004203 (Data: 0.00419, Mono: 0.00003) | Val MSE: 0.000097 (RMSE: 0.0098) 
2026-09-13 13:45:55,582 - INFO - Epoch [ 170/2000] LR: 0.000099 | Train Loss: 0.003989 (Data: 0.00398, Mono: 0.00003) | Val MSE: 0.000101 (RMSE: 0.0101) 
2026-09-13 13:45:56,275 - INFO - Epoch [ 180/2000] LR: 0.000099 | Train Loss: 0.003850 (Data: 0.00384, Mono: 0.00003) | Val MSE: 0.000092 (RMSE: 0.0096) 
2026-09-13 13:45:56,991 - INFO - Epoch [ 190/2000] LR: 0.000098 | Train Loss: 0.003773 (Data: 0.00376, Mono: 0.00003) | Val MSE: 0.000094 (RMSE: 0.0097) 
2026-09-13 13:45:57,694 - INFO - Epoch [ 200/2000] LR: 0.000098 | Train Loss: 0.003769 (Data: 0.00376, Mono: 0.00003) | Val MSE: 0.000128 (RMSE: 0.0113) 
2026-09-13 13:45:58,384 - INFO - Epoch [ 210/2000] LR: 0.000098 | Train Loss: 0.003634 (Data: 0.00362, Mono: 0.00003) | Val MSE: 0.000099 (RMSE: 0.0100) 
2026-09-13 13:45:59,065 - INFO - Epoch [ 220/2000] LR: 0.000098 | Train Loss: 0.003751 (Data: 0.00374, Mono: 0.00003) | Val MSE: 0.000097 (RMSE: 0.0098) 
2026-09-13 13:45:59,746 - INFO - Epoch [ 230/2000] LR: 0.000098 | Train Loss: 0.003532 (Data: 0.00352, Mono: 0.00003) | Val MSE: 0.000117 (RMSE: 0.0108) 
2026-09-13 13:46:00,462 - INFO - Epoch [ 240/2000] LR: 0.000097 | Train Loss: 0.003421 (Data: 0.00341, Mono: 0.00003) | Val MSE: 0.000102 (RMSE: 0.0101) 
2026-09-13 13:46:01,137 - INFO - Epoch [ 250/2000] LR: 0.000097 | Train Loss: 0.003308 (Data: 0.00330, Mono: 0.00003) | Val MSE: 0.000103 (RMSE: 0.0101) 
2026-09-13 13:46:01,823 - INFO - Epoch [ 260/2000] LR: 0.000097 | Train Loss: 0.003445 (Data: 0.00343, Mono: 0.00003) | Val MSE: 0.000101 (RMSE: 0.0101) 
2026-09-13 13:46:02,498 - INFO - Epoch [ 270/2000] LR: 0.000096 | Train Loss: 0.003243 (Data: 0.00323, Mono: 0.00003) | Val MSE: 0.000107 (RMSE: 0.0103) 
2026-09-13 13:46:03,129 - INFO - Epoch [ 280/2000] LR: 0.000096 | Train Loss: 0.003211 (Data: 0.00320, Mono: 0.00003) | Val MSE: 0.000121 (RMSE: 0.0110) 
2026-09-13 13:46:03,383 - INFO - [*] Early stopping triggered at epoch 284. Best epoch was 84 with Val MSE: 0.000088
2026-09-13 13:46:03,383 - INFO - Training completed in 20.06s. Loading best checkpoint from epoch 84 for final test evaluation...
2026-09-13 13:46:03,413 - INFO - ==================================================
2026-09-13 13:46:03,413 - INFO - Test Results for [XJTU] - [3C] (Best Epoch 84):
2026-09-13 13:46:03,413 - INFO -   Test RMSE: 0.013601
2026-09-13 13:46:03,413 - INFO -   Test MAE:  0.011943
2026-09-13 13:46:03,413 - INFO -   Test MAPE: 1.253805
2026-09-13 13:46:03,414 - INFO -   Test MSE:  0.000185
2026-09-13 13:46:03,414 - INFO - ==================================================
2026-09-13 14:47:33,484 - INFO - ==================================================
2026-09-13 14:47:33,484 - INFO - Starting FusionMLP Training for [XJTU] - [3C]
2026-09-13 14:47:33,484 - INFO - Device: cuda | Epochs: 2000 | LR: 0.000100 | Mono Weight: 0.4000 | Knee Feature: True
2026-09-13 14:47:33,484 - INFO - ==================================================
2026-09-13 14:47:33,605 - INFO - Data Splits: Train=10, Val=2, Test=3
2026-09-13 14:47:33,687 - INFO - Epoch [   1/2000] LR: 0.006063 | Train Loss: 0.695675 (Data: 0.69566, Mono: 0.00005) | Val MSE: 0.004339 (RMSE: 0.0659) [BEST]
2026-09-13 14:47:33,811 - INFO - Epoch [   3/2000] LR: 0.005651 | Train Loss: 0.050210 (Data: 0.05019, Mono: 0.00005) | Val MSE: 0.003341 (RMSE: 0.0578) [BEST]
2026-09-13 14:47:33,930 - INFO - Epoch [   5/2000] LR: 0.005240 | Train Loss: 0.016481 (Data: 0.01646, Mono: 0.00005) | Val MSE: 0.000170 (RMSE: 0.0130) [BEST]
2026-09-13 14:47:34,109 - INFO - Epoch [   8/2000] LR: 0.004623 | Train Loss: 0.008072 (Data: 0.00805, Mono: 0.00004) | Val MSE: 0.000086 (RMSE: 0.0093) [BEST]
2026-09-13 14:47:34,236 - INFO - Epoch [  10/2000] LR: 0.004212 | Train Loss: 0.006770 (Data: 0.00675, Mono: 0.00004) | Val MSE: 0.000086 (RMSE: 0.0093) [BEST]
2026-09-13 14:47:34,475 - INFO - Epoch [  14/2000] LR: 0.003390 | Train Loss: 0.005439 (Data: 0.00542, Mono: 0.00003) | Val MSE: 0.000070 (RMSE: 0.0084) [BEST]
2026-09-13 14:47:34,834 - INFO - Epoch [  20/2000] LR: 0.002156 | Train Loss: 0.004372 (Data: 0.00436, Mono: 0.00003) | Val MSE: 0.000070 (RMSE: 0.0083) [BEST]
2026-09-13 14:47:35,217 - INFO - Epoch [  26/2000] LR: 0.000922 | Train Loss: 0.003937 (Data: 0.00392, Mono: 0.00003) | Val MSE: 0.000070 (RMSE: 0.0083) [BEST]
2026-09-13 14:47:35,461 - INFO - Epoch [  30/2000] LR: 0.000100 | Train Loss: 0.003792 (Data: 0.00378, Mono: 0.00003) | Val MSE: 0.000062 (RMSE: 0.0079) [BEST]
2026-09-13 14:47:35,575 - INFO - Epoch [  32/2000] LR: 0.000100 | Train Loss: 0.003742 (Data: 0.00373, Mono: 0.00003) | Val MSE: 0.000061 (RMSE: 0.0078) [BEST]
2026-09-13 14:47:35,758 - INFO - Epoch [  35/2000] LR: 0.000100 | Train Loss: 0.003713 (Data: 0.00370, Mono: 0.00003) | Val MSE: 0.000059 (RMSE: 0.0077) [BEST]
2026-09-13 14:47:36,058 - INFO - Epoch [  40/2000] LR: 0.000100 | Train Loss: 0.003657 (Data: 0.00365, Mono: 0.00003) | Val MSE: 0.000059 (RMSE: 0.0077) 
2026-09-13 14:47:36,661 - INFO - Epoch [  50/2000] LR: 0.000100 | Train Loss: 0.003671 (Data: 0.00366, Mono: 0.00003) | Val MSE: 0.000069 (RMSE: 0.0083) 
2026-09-13 14:47:37,283 - INFO - Epoch [  60/2000] LR: 0.000100 | Train Loss: 0.003625 (Data: 0.00361, Mono: 0.00003) | Val MSE: 0.000066 (RMSE: 0.0081) 
2026-09-13 14:47:37,866 - INFO - Epoch [  70/2000] LR: 0.000100 | Train Loss: 0.003492 (Data: 0.00348, Mono: 0.00003) | Val MSE: 0.000062 (RMSE: 0.0079) 
2026-09-13 14:47:37,929 - INFO - Epoch [  71/2000] LR: 0.000100 | Train Loss: 0.003581 (Data: 0.00357, Mono: 0.00003) | Val MSE: 0.000059 (RMSE: 0.0077) [BEST]
2026-09-13 14:47:38,047 - INFO - Epoch [  73/2000] LR: 0.000100 | Train Loss: 0.003471 (Data: 0.00346, Mono: 0.00003) | Val MSE: 0.000058 (RMSE: 0.0076) [BEST]
2026-09-13 14:47:38,465 - INFO - Epoch [  80/2000] LR: 0.000100 | Train Loss: 0.003471 (Data: 0.00346, Mono: 0.00003) | Val MSE: 0.000074 (RMSE: 0.0086) 
2026-09-13 14:47:38,829 - INFO - Epoch [  86/2000] LR: 0.000100 | Train Loss: 0.003298 (Data: 0.00329, Mono: 0.00003) | Val MSE: 0.000058 (RMSE: 0.0076) [BEST]
2026-09-13 14:47:39,020 - INFO - Epoch [  89/2000] LR: 0.000100 | Train Loss: 0.003491 (Data: 0.00348, Mono: 0.00003) | Val MSE: 0.000057 (RMSE: 0.0075) [BEST]
2026-09-13 14:47:39,076 - INFO - Epoch [  90/2000] LR: 0.000100 | Train Loss: 0.003306 (Data: 0.00329, Mono: 0.00003) | Val MSE: 0.000063 (RMSE: 0.0080) 
2026-09-13 14:47:39,254 - INFO - Epoch [  93/2000] LR: 0.000100 | Train Loss: 0.003431 (Data: 0.00342, Mono: 0.00003) | Val MSE: 0.000057 (RMSE: 0.0075) [BEST]
2026-09-13 14:47:39,663 - INFO - Epoch [ 100/2000] LR: 0.000100 | Train Loss: 0.003339 (Data: 0.00333, Mono: 0.00003) | Val MSE: 0.000057 (RMSE: 0.0076) 
2026-09-13 14:47:40,236 - INFO - Epoch [ 110/2000] LR: 0.000100 | Train Loss: 0.003257 (Data: 0.00325, Mono: 0.00003) | Val MSE: 0.000072 (RMSE: 0.0085) 
2026-09-13 14:47:40,813 - INFO - Epoch [ 120/2000] LR: 0.000099 | Train Loss: 0.003206 (Data: 0.00320, Mono: 0.00003) | Val MSE: 0.000063 (RMSE: 0.0080) 
2026-09-13 14:47:41,216 - INFO - Epoch [ 127/2000] LR: 0.000099 | Train Loss: 0.003180 (Data: 0.00317, Mono: 0.00003) | Val MSE: 0.000056 (RMSE: 0.0075) [BEST]
2026-09-13 14:47:41,399 - INFO - Epoch [ 130/2000] LR: 0.000099 | Train Loss: 0.003188 (Data: 0.00318, Mono: 0.00003) | Val MSE: 0.000057 (RMSE: 0.0076) 
2026-09-13 14:47:41,973 - INFO - Epoch [ 140/2000] LR: 0.000099 | Train Loss: 0.003082 (Data: 0.00307, Mono: 0.00003) | Val MSE: 0.000056 (RMSE: 0.0075) [BEST]
2026-09-13 14:47:42,575 - INFO - Epoch [ 150/2000] LR: 0.000099 | Train Loss: 0.002882 (Data: 0.00287, Mono: 0.00003) | Val MSE: 0.000066 (RMSE: 0.0081) 
2026-09-13 14:47:43,158 - INFO - Epoch [ 160/2000] LR: 0.000099 | Train Loss: 0.002945 (Data: 0.00293, Mono: 0.00002) | Val MSE: 0.000060 (RMSE: 0.0078) 
2026-09-13 14:47:43,725 - INFO - Epoch [ 170/2000] LR: 0.000099 | Train Loss: 0.002910 (Data: 0.00290, Mono: 0.00002) | Val MSE: 0.000058 (RMSE: 0.0076) 
2026-09-13 14:47:44,312 - INFO - Epoch [ 180/2000] LR: 0.000099 | Train Loss: 0.002784 (Data: 0.00277, Mono: 0.00002) | Val MSE: 0.000056 (RMSE: 0.0075) 
2026-09-13 14:47:44,377 - INFO - Epoch [ 181/2000] LR: 0.000099 | Train Loss: 0.002726 (Data: 0.00272, Mono: 0.00002) | Val MSE: 0.000055 (RMSE: 0.0074) [BEST]
2026-09-13 14:47:44,894 - INFO - Epoch [ 190/2000] LR: 0.000098 | Train Loss: 0.002795 (Data: 0.00279, Mono: 0.00002) | Val MSE: 0.000061 (RMSE: 0.0078) 
2026-09-13 14:47:45,460 - INFO - Epoch [ 200/2000] LR: 0.000098 | Train Loss: 0.002794 (Data: 0.00278, Mono: 0.00003) | Val MSE: 0.000062 (RMSE: 0.0079) 
2026-09-13 14:47:46,046 - INFO - Epoch [ 210/2000] LR: 0.000098 | Train Loss: 0.002636 (Data: 0.00263, Mono: 0.00002) | Val MSE: 0.000068 (RMSE: 0.0083) 
2026-09-13 14:47:46,645 - INFO - Epoch [ 220/2000] LR: 0.000098 | Train Loss: 0.002633 (Data: 0.00262, Mono: 0.00003) | Val MSE: 0.000070 (RMSE: 0.0084) 
2026-09-13 14:47:47,249 - INFO - Epoch [ 230/2000] LR: 0.000098 | Train Loss: 0.002604 (Data: 0.00259, Mono: 0.00002) | Val MSE: 0.000062 (RMSE: 0.0079) 
2026-09-13 14:47:47,836 - INFO - Epoch [ 240/2000] LR: 0.000097 | Train Loss: 0.002487 (Data: 0.00248, Mono: 0.00002) | Val MSE: 0.000062 (RMSE: 0.0079) 
2026-09-13 14:47:48,409 - INFO - Epoch [ 250/2000] LR: 0.000097 | Train Loss: 0.002378 (Data: 0.00237, Mono: 0.00002) | Val MSE: 0.000067 (RMSE: 0.0082) 
2026-09-13 14:47:48,994 - INFO - Epoch [ 260/2000] LR: 0.000097 | Train Loss: 0.002418 (Data: 0.00241, Mono: 0.00002) | Val MSE: 0.000057 (RMSE: 0.0076) 
2026-09-13 14:47:49,585 - INFO - Epoch [ 270/2000] LR: 0.000096 | Train Loss: 0.002352 (Data: 0.00234, Mono: 0.00002) | Val MSE: 0.000064 (RMSE: 0.0080) 
2026-09-13 14:47:50,154 - INFO - Epoch [ 280/2000] LR: 0.000096 | Train Loss: 0.002309 (Data: 0.00230, Mono: 0.00002) | Val MSE: 0.000068 (RMSE: 0.0082) 
2026-09-13 14:47:50,743 - INFO - Epoch [ 290/2000] LR: 0.000096 | Train Loss: 0.002209 (Data: 0.00220, Mono: 0.00002) | Val MSE: 0.000061 (RMSE: 0.0078) 
2026-09-13 14:47:51,321 - INFO - Epoch [ 300/2000] LR: 0.000096 | Train Loss: 0.002219 (Data: 0.00221, Mono: 0.00002) | Val MSE: 0.000061 (RMSE: 0.0078) 
2026-09-13 14:47:51,902 - INFO - Epoch [ 310/2000] LR: 0.000095 | Train Loss: 0.002228 (Data: 0.00222, Mono: 0.00002) | Val MSE: 0.000060 (RMSE: 0.0077) 
2026-09-13 14:47:52,479 - INFO - Epoch [ 320/2000] LR: 0.000095 | Train Loss: 0.002108 (Data: 0.00210, Mono: 0.00002) | Val MSE: 0.000082 (RMSE: 0.0091) 
2026-09-13 14:47:53,062 - INFO - Epoch [ 330/2000] LR: 0.000094 | Train Loss: 0.002102 (Data: 0.00209, Mono: 0.00002) | Val MSE: 0.000126 (RMSE: 0.0112) 
2026-09-13 14:47:53,642 - INFO - Epoch [ 340/2000] LR: 0.000094 | Train Loss: 0.001967 (Data: 0.00196, Mono: 0.00002) | Val MSE: 0.000076 (RMSE: 0.0087) 
2026-09-13 14:47:54,250 - INFO - Epoch [ 350/2000] LR: 0.000094 | Train Loss: 0.001998 (Data: 0.00199, Mono: 0.00002) | Val MSE: 0.000066 (RMSE: 0.0081) 
2026-09-13 14:47:54,827 - INFO - Epoch [ 360/2000] LR: 0.000093 | Train Loss: 0.001995 (Data: 0.00199, Mono: 0.00002) | Val MSE: 0.000074 (RMSE: 0.0086) 
2026-09-13 14:47:55,421 - INFO - Epoch [ 370/2000] LR: 0.000093 | Train Loss: 0.001974 (Data: 0.00197, Mono: 0.00002) | Val MSE: 0.000064 (RMSE: 0.0080) 
2026-09-13 14:47:56,000 - INFO - Epoch [ 380/2000] LR: 0.000093 | Train Loss: 0.001903 (Data: 0.00189, Mono: 0.00002) | Val MSE: 0.000106 (RMSE: 0.0103) 
2026-09-13 14:47:56,581 - INFO - Epoch [ 390/2000] LR: 0.000092 | Train Loss: 0.001931 (Data: 0.00192, Mono: 0.00002) | Val MSE: 0.000067 (RMSE: 0.0082) 
2026-09-13 14:47:57,181 - INFO - Epoch [ 400/2000] LR: 0.000092 | Train Loss: 0.001841 (Data: 0.00183, Mono: 0.00002) | Val MSE: 0.000105 (RMSE: 0.0102) 
2026-09-13 14:47:57,773 - INFO - Epoch [ 410/2000] LR: 0.000091 | Train Loss: 0.001823 (Data: 0.00182, Mono: 0.00002) | Val MSE: 0.000092 (RMSE: 0.0096) 
2026-09-13 14:47:58,353 - INFO - Epoch [ 420/2000] LR: 0.000091 | Train Loss: 0.001773 (Data: 0.00177, Mono: 0.00002) | Val MSE: 0.000076 (RMSE: 0.0087) 
2026-09-13 14:47:58,939 - INFO - Epoch [ 430/2000] LR: 0.000090 | Train Loss: 0.001821 (Data: 0.00181, Mono: 0.00002) | Val MSE: 0.000099 (RMSE: 0.0100) 
2026-09-13 14:47:59,520 - INFO - Epoch [ 440/2000] LR: 0.000090 | Train Loss: 0.001768 (Data: 0.00176, Mono: 0.00002) | Val MSE: 0.000082 (RMSE: 0.0091) 
2026-09-13 14:48:00,115 - INFO - Epoch [ 450/2000] LR: 0.000089 | Train Loss: 0.001707 (Data: 0.00170, Mono: 0.00002) | Val MSE: 0.000073 (RMSE: 0.0085) 
2026-09-13 14:48:00,701 - INFO - Epoch [ 460/2000] LR: 0.000089 | Train Loss: 0.001673 (Data: 0.00167, Mono: 0.00002) | Val MSE: 0.000069 (RMSE: 0.0083) 
2026-09-13 14:48:01,306 - INFO - Epoch [ 470/2000] LR: 0.000088 | Train Loss: 0.001685 (Data: 0.00168, Mono: 0.00002) | Val MSE: 0.000077 (RMSE: 0.0088) 
2026-09-13 14:48:01,889 - INFO - Epoch [ 480/2000] LR: 0.000088 | Train Loss: 0.001672 (Data: 0.00167, Mono: 0.00002) | Val MSE: 0.000073 (RMSE: 0.0085) 
2026-09-13 14:48:02,482 - INFO - Epoch [ 490/2000] LR: 0.000087 | Train Loss: 0.001658 (Data: 0.00165, Mono: 0.00002) | Val MSE: 0.000072 (RMSE: 0.0085) 
2026-09-13 14:48:03,064 - INFO - Epoch [ 500/2000] LR: 0.000087 | Train Loss: 0.001651 (Data: 0.00164, Mono: 0.00002) | Val MSE: 0.000073 (RMSE: 0.0086) 
2026-09-13 14:48:03,641 - INFO - Epoch [ 510/2000] LR: 0.000086 | Train Loss: 0.001621 (Data: 0.00161, Mono: 0.00002) | Val MSE: 0.000096 (RMSE: 0.0098) 
2026-09-13 14:48:04,218 - INFO - Epoch [ 520/2000] LR: 0.000086 | Train Loss: 0.001549 (Data: 0.00154, Mono: 0.00002) | Val MSE: 0.000080 (RMSE: 0.0089) 
2026-09-13 14:48:04,800 - INFO - Epoch [ 530/2000] LR: 0.000085 | Train Loss: 0.001540 (Data: 0.00153, Mono: 0.00002) | Val MSE: 0.000111 (RMSE: 0.0105) 
2026-09-13 14:48:05,386 - INFO - Epoch [ 540/2000] LR: 0.000085 | Train Loss: 0.001588 (Data: 0.00158, Mono: 0.00002) | Val MSE: 0.000102 (RMSE: 0.0101) 
2026-09-13 14:48:05,978 - INFO - Epoch [ 550/2000] LR: 0.000084 | Train Loss: 0.001588 (Data: 0.00158, Mono: 0.00002) | Val MSE: 0.000076 (RMSE: 0.0087) 
2026-09-13 14:48:06,564 - INFO - Epoch [ 560/2000] LR: 0.000083 | Train Loss: 0.001533 (Data: 0.00153, Mono: 0.00002) | Val MSE: 0.000076 (RMSE: 0.0087) 
2026-09-13 14:48:07,156 - INFO - Epoch [ 570/2000] LR: 0.000083 | Train Loss: 0.001511 (Data: 0.00150, Mono: 0.00002) | Val MSE: 0.000111 (RMSE: 0.0105) 
2026-09-13 14:48:07,759 - INFO - Epoch [ 580/2000] LR: 0.000082 | Train Loss: 0.001466 (Data: 0.00146, Mono: 0.00002) | Val MSE: 0.000093 (RMSE: 0.0097) 
2026-09-13 14:48:08,370 - INFO - Epoch [ 590/2000] LR: 0.000082 | Train Loss: 0.001405 (Data: 0.00140, Mono: 0.00002) | Val MSE: 0.000083 (RMSE: 0.0091) 
2026-09-13 14:48:08,965 - INFO - Epoch [ 600/2000] LR: 0.000081 | Train Loss: 0.001486 (Data: 0.00148, Mono: 0.00002) | Val MSE: 0.000080 (RMSE: 0.0090) 
2026-09-13 14:48:09,554 - INFO - Epoch [ 610/2000] LR: 0.000080 | Train Loss: 0.001403 (Data: 0.00140, Mono: 0.00002) | Val MSE: 0.000110 (RMSE: 0.0105) 
2026-09-13 14:48:10,145 - INFO - Epoch [ 620/2000] LR: 0.000080 | Train Loss: 0.001435 (Data: 0.00143, Mono: 0.00002) | Val MSE: 0.000081 (RMSE: 0.0090) 
2026-09-13 14:48:10,734 - INFO - Epoch [ 630/2000] LR: 0.000079 | Train Loss: 0.001430 (Data: 0.00142, Mono: 0.00002) | Val MSE: 0.000099 (RMSE: 0.0100) 
2026-09-13 14:48:11,339 - INFO - Epoch [ 640/2000] LR: 0.000078 | Train Loss: 0.001395 (Data: 0.00139, Mono: 0.00002) | Val MSE: 0.000087 (RMSE: 0.0093) 
2026-09-13 14:48:11,926 - INFO - Epoch [ 650/2000] LR: 0.000078 | Train Loss: 0.001443 (Data: 0.00144, Mono: 0.00002) | Val MSE: 0.000118 (RMSE: 0.0109) 
2026-09-13 14:48:12,511 - INFO - Epoch [ 660/2000] LR: 0.000077 | Train Loss: 0.001345 (Data: 0.00134, Mono: 0.00002) | Val MSE: 0.000080 (RMSE: 0.0089) 
2026-09-13 14:48:13,091 - INFO - Epoch [ 670/2000] LR: 0.000077 | Train Loss: 0.001307 (Data: 0.00130, Mono: 0.00002) | Val MSE: 0.000082 (RMSE: 0.0090) 
2026-09-13 14:48:13,675 - INFO - Epoch [ 680/2000] LR: 0.000076 | Train Loss: 0.001300 (Data: 0.00129, Mono: 0.00002) | Val MSE: 0.000081 (RMSE: 0.0090) 
2026-09-13 14:48:14,259 - INFO - Epoch [ 690/2000] LR: 0.000075 | Train Loss: 0.001310 (Data: 0.00130, Mono: 0.00002) | Val MSE: 0.000084 (RMSE: 0.0091) 
2026-09-13 14:48:14,844 - INFO - Epoch [ 700/2000] LR: 0.000074 | Train Loss: 0.001340 (Data: 0.00133, Mono: 0.00002) | Val MSE: 0.000094 (RMSE: 0.0097) 
2026-09-13 14:48:15,429 - INFO - Epoch [ 710/2000] LR: 0.000074 | Train Loss: 0.001309 (Data: 0.00130, Mono: 0.00002) | Val MSE: 0.000116 (RMSE: 0.0107) 
2026-09-13 14:48:16,043 - INFO - Epoch [ 720/2000] LR: 0.000073 | Train Loss: 0.001331 (Data: 0.00133, Mono: 0.00002) | Val MSE: 0.000108 (RMSE: 0.0104) 
2026-09-13 14:48:16,701 - INFO - Epoch [ 730/2000] LR: 0.000072 | Train Loss: 0.001247 (Data: 0.00124, Mono: 0.00002) | Val MSE: 0.000083 (RMSE: 0.0091) 
2026-09-13 14:48:17,429 - INFO - Epoch [ 740/2000] LR: 0.000072 | Train Loss: 0.001239 (Data: 0.00123, Mono: 0.00002) | Val MSE: 0.000088 (RMSE: 0.0094) 
2026-09-13 14:48:18,109 - INFO - Epoch [ 750/2000] LR: 0.000071 | Train Loss: 0.001282 (Data: 0.00128, Mono: 0.00002) | Val MSE: 0.000092 (RMSE: 0.0096) 
2026-09-13 14:48:18,787 - INFO - Epoch [ 760/2000] LR: 0.000070 | Train Loss: 0.001295 (Data: 0.00129, Mono: 0.00001) | Val MSE: 0.000105 (RMSE: 0.0102) 
2026-09-13 14:48:19,446 - INFO - Epoch [ 770/2000] LR: 0.000070 | Train Loss: 0.001282 (Data: 0.00128, Mono: 0.00002) | Val MSE: 0.000102 (RMSE: 0.0101) 
2026-09-13 14:48:20,093 - INFO - Epoch [ 780/2000] LR: 0.000069 | Train Loss: 0.001231 (Data: 0.00122, Mono: 0.00002) | Val MSE: 0.000088 (RMSE: 0.0094) 
2026-09-13 14:48:20,737 - INFO - Epoch [ 790/2000] LR: 0.000068 | Train Loss: 0.001278 (Data: 0.00127, Mono: 0.00002) | Val MSE: 0.000092 (RMSE: 0.0096) 
2026-09-13 14:48:21,345 - INFO - Epoch [ 800/2000] LR: 0.000067 | Train Loss: 0.001221 (Data: 0.00121, Mono: 0.00002) | Val MSE: 0.000097 (RMSE: 0.0098) 
2026-09-13 14:48:21,962 - INFO - Epoch [ 810/2000] LR: 0.000067 | Train Loss: 0.001308 (Data: 0.00130, Mono: 0.00002) | Val MSE: 0.000094 (RMSE: 0.0097) 
2026-09-13 14:48:22,566 - INFO - Epoch [ 820/2000] LR: 0.000066 | Train Loss: 0.001227 (Data: 0.00122, Mono: 0.00002) | Val MSE: 0.000093 (RMSE: 0.0096) 
2026-09-13 14:48:23,154 - INFO - Epoch [ 830/2000] LR: 0.000065 | Train Loss: 0.001224 (Data: 0.00122, Mono: 0.00001) | Val MSE: 0.000087 (RMSE: 0.0094) 
2026-09-13 14:48:23,745 - INFO - Epoch [ 840/2000] LR: 0.000064 | Train Loss: 0.001245 (Data: 0.00124, Mono: 0.00001) | Val MSE: 0.000104 (RMSE: 0.0102) 
2026-09-13 14:48:24,335 - INFO - Epoch [ 850/2000] LR: 0.000064 | Train Loss: 0.001160 (Data: 0.00115, Mono: 0.00001) | Val MSE: 0.000105 (RMSE: 0.0102) 
2026-09-13 14:48:24,929 - INFO - Epoch [ 860/2000] LR: 0.000063 | Train Loss: 0.001210 (Data: 0.00120, Mono: 0.00002) | Val MSE: 0.000095 (RMSE: 0.0097) 
2026-09-13 14:48:25,532 - INFO - Epoch [ 870/2000] LR: 0.000062 | Train Loss: 0.001145 (Data: 0.00114, Mono: 0.00002) | Val MSE: 0.000095 (RMSE: 0.0098) 
2026-09-13 14:48:26,116 - INFO - Epoch [ 880/2000] LR: 0.000061 | Train Loss: 0.001188 (Data: 0.00118, Mono: 0.00001) | Val MSE: 0.000096 (RMSE: 0.0098) 
2026-09-13 14:48:26,716 - INFO - Epoch [ 890/2000] LR: 0.000061 | Train Loss: 0.001212 (Data: 0.00121, Mono: 0.00002) | Val MSE: 0.000101 (RMSE: 0.0100) 
2026-09-13 14:48:27,452 - INFO - Epoch [ 900/2000] LR: 0.000060 | Train Loss: 0.001136 (Data: 0.00113, Mono: 0.00001) | Val MSE: 0.000155 (RMSE: 0.0125) 
2026-09-13 14:48:28,183 - INFO - Epoch [ 910/2000] LR: 0.000059 | Train Loss: 0.001178 (Data: 0.00117, Mono: 0.00001) | Val MSE: 0.000098 (RMSE: 0.0099) 
2026-09-13 14:48:28,885 - INFO - Epoch [ 920/2000] LR: 0.000058 | Train Loss: 0.001156 (Data: 0.00115, Mono: 0.00002) | Val MSE: 0.000089 (RMSE: 0.0094) 
2026-09-13 14:48:29,576 - INFO - Epoch [ 930/2000] LR: 0.000057 | Train Loss: 0.001118 (Data: 0.00111, Mono: 0.00001) | Val MSE: 0.000093 (RMSE: 0.0097) 
2026-09-13 14:48:30,400 - INFO - Epoch [ 940/2000] LR: 0.000057 | Train Loss: 0.001126 (Data: 0.00112, Mono: 0.00001) | Val MSE: 0.000090 (RMSE: 0.0095) 
2026-09-13 14:48:31,221 - INFO - Epoch [ 950/2000] LR: 0.000056 | Train Loss: 0.001144 (Data: 0.00114, Mono: 0.00001) | Val MSE: 0.000110 (RMSE: 0.0105) 
2026-09-13 14:48:32,053 - INFO - Epoch [ 960/2000] LR: 0.000055 | Train Loss: 0.001151 (Data: 0.00114, Mono: 0.00001) | Val MSE: 0.000092 (RMSE: 0.0096) 
2026-09-13 14:48:32,887 - INFO - Epoch [ 970/2000] LR: 0.000054 | Train Loss: 0.001121 (Data: 0.00111, Mono: 0.00002) | Val MSE: 0.000094 (RMSE: 0.0097) 
2026-09-13 14:48:33,703 - INFO - Epoch [ 980/2000] LR: 0.000054 | Train Loss: 0.001060 (Data: 0.00106, Mono: 0.00001) | Val MSE: 0.000093 (RMSE: 0.0096) 
2026-09-13 14:48:34,560 - INFO - Epoch [ 990/2000] LR: 0.000053 | Train Loss: 0.001116 (Data: 0.00111, Mono: 0.00001) | Val MSE: 0.000091 (RMSE: 0.0096) 
2026-09-13 14:48:35,226 - INFO - Epoch [1000/2000] LR: 0.000052 | Train Loss: 0.001107 (Data: 0.00110, Mono: 0.00001) | Val MSE: 0.000117 (RMSE: 0.0108) 
2026-09-13 14:48:35,891 - INFO - Epoch [1010/2000] LR: 0.000051 | Train Loss: 0.001073 (Data: 0.00107, Mono: 0.00001) | Val MSE: 0.000090 (RMSE: 0.0095) 
2026-09-13 14:48:36,573 - INFO - Epoch [1020/2000] LR: 0.000050 | Train Loss: 0.001066 (Data: 0.00106, Mono: 0.00001) | Val MSE: 0.000088 (RMSE: 0.0094) 
2026-09-13 14:48:37,273 - INFO - Epoch [1030/2000] LR: 0.000050 | Train Loss: 0.001096 (Data: 0.00109, Mono: 0.00001) | Val MSE: 0.000118 (RMSE: 0.0108) 
2026-09-13 14:48:37,989 - INFO - Epoch [1040/2000] LR: 0.000049 | Train Loss: 0.001142 (Data: 0.00114, Mono: 0.00001) | Val MSE: 0.000089 (RMSE: 0.0094) 
2026-09-13 14:48:38,673 - INFO - Epoch [1050/2000] LR: 0.000048 | Train Loss: 0.001055 (Data: 0.00105, Mono: 0.00001) | Val MSE: 0.000091 (RMSE: 0.0095) 
2026-09-13 14:48:39,398 - INFO - Epoch [1060/2000] LR: 0.000047 | Train Loss: 0.001057 (Data: 0.00105, Mono: 0.00001) | Val MSE: 0.000089 (RMSE: 0.0094) 
2026-09-13 14:48:40,135 - INFO - Epoch [1070/2000] LR: 0.000046 | Train Loss: 0.001052 (Data: 0.00105, Mono: 0.00001) | Val MSE: 0.000093 (RMSE: 0.0097) 
2026-09-13 14:48:40,846 - INFO - Epoch [1080/2000] LR: 0.000046 | Train Loss: 0.001058 (Data: 0.00105, Mono: 0.00001) | Val MSE: 0.000097 (RMSE: 0.0099) 
2026-09-13 14:48:41,553 - INFO - Epoch [1090/2000] LR: 0.000045 | Train Loss: 0.001099 (Data: 0.00109, Mono: 0.00001) | Val MSE: 0.000089 (RMSE: 0.0095) 
2026-09-13 14:48:42,270 - INFO - Epoch [1100/2000] LR: 0.000044 | Train Loss: 0.001076 (Data: 0.00107, Mono: 0.00001) | Val MSE: 0.000094 (RMSE: 0.0097) 
2026-09-13 14:48:43,002 - INFO - Epoch [1110/2000] LR: 0.000043 | Train Loss: 0.001078 (Data: 0.00107, Mono: 0.00001) | Val MSE: 0.000090 (RMSE: 0.0095) 
2026-09-13 14:48:43,720 - INFO - Epoch [1120/2000] LR: 0.000043 | Train Loss: 0.001063 (Data: 0.00106, Mono: 0.00001) | Val MSE: 0.000100 (RMSE: 0.0100) 
2026-09-13 14:48:44,405 - INFO - Epoch [1130/2000] LR: 0.000042 | Train Loss: 0.001087 (Data: 0.00108, Mono: 0.00001) | Val MSE: 0.000091 (RMSE: 0.0095) 
2026-09-13 14:48:45,075 - INFO - Epoch [1140/2000] LR: 0.000041 | Train Loss: 0.001055 (Data: 0.00105, Mono: 0.00001) | Val MSE: 0.000104 (RMSE: 0.0102) 
2026-09-13 14:48:45,736 - INFO - Epoch [1150/2000] LR: 0.000040 | Train Loss: 0.001000 (Data: 0.00100, Mono: 0.00001) | Val MSE: 0.000089 (RMSE: 0.0094) 
2026-09-13 14:48:46,390 - INFO - Epoch [1160/2000] LR: 0.000040 | Train Loss: 0.001044 (Data: 0.00104, Mono: 0.00001) | Val MSE: 0.000089 (RMSE: 0.0095) 
2026-09-13 14:48:47,083 - INFO - Epoch [1170/2000] LR: 0.000039 | Train Loss: 0.001039 (Data: 0.00103, Mono: 0.00001) | Val MSE: 0.000091 (RMSE: 0.0095) 
2026-09-13 14:48:47,779 - INFO - Epoch [1180/2000] LR: 0.000038 | Train Loss: 0.001045 (Data: 0.00104, Mono: 0.00001) | Val MSE: 0.000150 (RMSE: 0.0122) 
2026-09-13 14:48:48,460 - INFO - Epoch [1190/2000] LR: 0.000037 | Train Loss: 0.001038 (Data: 0.00103, Mono: 0.00001) | Val MSE: 0.000092 (RMSE: 0.0096) 
2026-09-13 14:48:49,127 - INFO - Epoch [1200/2000] LR: 0.000036 | Train Loss: 0.001006 (Data: 0.00100, Mono: 0.00001) | Val MSE: 0.000102 (RMSE: 0.0101) 
2026-09-13 14:48:49,815 - INFO - Epoch [1210/2000] LR: 0.000036 | Train Loss: 0.001010 (Data: 0.00100, Mono: 0.00001) | Val MSE: 0.000095 (RMSE: 0.0097) 
2026-09-13 14:48:50,485 - INFO - Epoch [1220/2000] LR: 0.000035 | Train Loss: 0.001007 (Data: 0.00100, Mono: 0.00001) | Val MSE: 0.000088 (RMSE: 0.0094) 
2026-09-13 14:48:51,148 - INFO - Epoch [1230/2000] LR: 0.000034 | Train Loss: 0.001028 (Data: 0.00102, Mono: 0.00001) | Val MSE: 0.000102 (RMSE: 0.0101) 
2026-09-13 14:48:51,808 - INFO - Epoch [1240/2000] LR: 0.000034 | Train Loss: 0.001057 (Data: 0.00105, Mono: 0.00001) | Val MSE: 0.000093 (RMSE: 0.0096) 
2026-09-13 14:48:52,542 - INFO - Epoch [1250/2000] LR: 0.000033 | Train Loss: 0.000980 (Data: 0.00097, Mono: 0.00001) | Val MSE: 0.000094 (RMSE: 0.0097) 
2026-09-13 14:48:53,254 - INFO - Epoch [1260/2000] LR: 0.000032 | Train Loss: 0.001030 (Data: 0.00102, Mono: 0.00001) | Val MSE: 0.000100 (RMSE: 0.0100) 
2026-09-13 14:48:53,974 - INFO - Epoch [1270/2000] LR: 0.000031 | Train Loss: 0.001020 (Data: 0.00102, Mono: 0.00001) | Val MSE: 0.000089 (RMSE: 0.0095) 
2026-09-13 14:48:54,719 - INFO - Epoch [1280/2000] LR: 0.000031 | Train Loss: 0.001019 (Data: 0.00101, Mono: 0.00001) | Val MSE: 0.000089 (RMSE: 0.0094) 
2026-09-13 14:48:55,434 - INFO - Epoch [1290/2000] LR: 0.000030 | Train Loss: 0.001004 (Data: 0.00100, Mono: 0.00001) | Val MSE: 0.000107 (RMSE: 0.0103) 
2026-09-13 14:48:56,162 - INFO - Epoch [1300/2000] LR: 0.000029 | Train Loss: 0.001057 (Data: 0.00105, Mono: 0.00001) | Val MSE: 0.000089 (RMSE: 0.0094) 
2026-09-13 14:48:56,873 - INFO - Epoch [1310/2000] LR: 0.000028 | Train Loss: 0.000992 (Data: 0.00099, Mono: 0.00001) | Val MSE: 0.000102 (RMSE: 0.0101) 
2026-09-13 14:48:57,511 - INFO - Epoch [1320/2000] LR: 0.000028 | Train Loss: 0.000999 (Data: 0.00099, Mono: 0.00001) | Val MSE: 0.000099 (RMSE: 0.0099) 
2026-09-13 14:48:58,103 - INFO - Epoch [1330/2000] LR: 0.000027 | Train Loss: 0.000978 (Data: 0.00097, Mono: 0.00001) | Val MSE: 0.000091 (RMSE: 0.0095) 
2026-09-13 14:48:58,692 - INFO - Epoch [1340/2000] LR: 0.000026 | Train Loss: 0.000993 (Data: 0.00099, Mono: 0.00001) | Val MSE: 0.000088 (RMSE: 0.0094) 
2026-09-13 14:48:59,282 - INFO - Epoch [1350/2000] LR: 0.000026 | Train Loss: 0.000974 (Data: 0.00097, Mono: 0.00001) | Val MSE: 0.000090 (RMSE: 0.0095) 
2026-09-13 14:48:59,870 - INFO - Epoch [1360/2000] LR: 0.000025 | Train Loss: 0.000981 (Data: 0.00098, Mono: 0.00001) | Val MSE: 0.000092 (RMSE: 0.0096) 
2026-09-13 14:49:00,470 - INFO - Epoch [1370/2000] LR: 0.000024 | Train Loss: 0.000985 (Data: 0.00098, Mono: 0.00001) | Val MSE: 0.000087 (RMSE: 0.0093) 
2026-09-13 14:49:01,065 - INFO - Epoch [1380/2000] LR: 0.000024 | Train Loss: 0.000972 (Data: 0.00097, Mono: 0.00001) | Val MSE: 0.000091 (RMSE: 0.0095) 
2026-09-13 14:49:01,660 - INFO - Epoch [1390/2000] LR: 0.000023 | Train Loss: 0.000953 (Data: 0.00095, Mono: 0.00001) | Val MSE: 0.000092 (RMSE: 0.0096) 
2026-09-13 14:49:02,252 - INFO - Epoch [1400/2000] LR: 0.000022 | Train Loss: 0.000980 (Data: 0.00097, Mono: 0.00001) | Val MSE: 0.000103 (RMSE: 0.0101) 
2026-09-13 14:49:02,845 - INFO - Epoch [1410/2000] LR: 0.000022 | Train Loss: 0.000967 (Data: 0.00096, Mono: 0.00001) | Val MSE: 0.000087 (RMSE: 0.0093) 
2026-09-13 14:49:03,441 - INFO - Epoch [1420/2000] LR: 0.000021 | Train Loss: 0.000977 (Data: 0.00097, Mono: 0.00001) | Val MSE: 0.000089 (RMSE: 0.0094) 
2026-09-13 14:49:04,031 - INFO - Epoch [1430/2000] LR: 0.000021 | Train Loss: 0.000954 (Data: 0.00095, Mono: 0.00001) | Val MSE: 0.000089 (RMSE: 0.0094) 
2026-09-13 14:49:04,622 - INFO - Epoch [1440/2000] LR: 0.000020 | Train Loss: 0.000967 (Data: 0.00096, Mono: 0.00001) | Val MSE: 0.000097 (RMSE: 0.0098) 
2026-09-13 14:49:05,214 - INFO - Epoch [1450/2000] LR: 0.000019 | Train Loss: 0.000994 (Data: 0.00099, Mono: 0.00001) | Val MSE: 0.000088 (RMSE: 0.0094) 
2026-09-13 14:49:05,816 - INFO - Epoch [1460/2000] LR: 0.000019 | Train Loss: 0.000965 (Data: 0.00096, Mono: 0.00001) | Val MSE: 0.000096 (RMSE: 0.0098) 
2026-09-13 14:49:06,405 - INFO - Epoch [1470/2000] LR: 0.000018 | Train Loss: 0.000964 (Data: 0.00096, Mono: 0.00001) | Val MSE: 0.000095 (RMSE: 0.0098) 
2026-09-13 14:49:06,997 - INFO - Epoch [1480/2000] LR: 0.000018 | Train Loss: 0.000971 (Data: 0.00097, Mono: 0.00001) | Val MSE: 0.000089 (RMSE: 0.0094) 
2026-09-13 14:49:07,591 - INFO - Epoch [1490/2000] LR: 0.000017 | Train Loss: 0.000976 (Data: 0.00097, Mono: 0.00001) | Val MSE: 0.000094 (RMSE: 0.0097) 
2026-09-13 14:49:08,183 - INFO - Epoch [1500/2000] LR: 0.000016 | Train Loss: 0.001010 (Data: 0.00100, Mono: 0.00001) | Val MSE: 0.000087 (RMSE: 0.0093) 
2026-09-13 14:49:08,769 - INFO - Epoch [1510/2000] LR: 0.000016 | Train Loss: 0.000994 (Data: 0.00099, Mono: 0.00001) | Val MSE: 0.000091 (RMSE: 0.0095) 
2026-09-13 14:49:09,356 - INFO - Epoch [1520/2000] LR: 0.000015 | Train Loss: 0.000985 (Data: 0.00098, Mono: 0.00001) | Val MSE: 0.000087 (RMSE: 0.0093) 
2026-09-13 14:49:09,960 - INFO - Epoch [1530/2000] LR: 0.000015 | Train Loss: 0.000957 (Data: 0.00095, Mono: 0.00001) | Val MSE: 0.000093 (RMSE: 0.0096) 
2026-09-13 14:49:10,548 - INFO - Epoch [1540/2000] LR: 0.000014 | Train Loss: 0.000929 (Data: 0.00092, Mono: 0.00001) | Val MSE: 0.000096 (RMSE: 0.0098) 
2026-09-13 14:49:11,145 - INFO - Epoch [1550/2000] LR: 0.000014 | Train Loss: 0.000944 (Data: 0.00094, Mono: 0.00001) | Val MSE: 0.000092 (RMSE: 0.0096) 
2026-09-13 14:49:11,740 - INFO - Epoch [1560/2000] LR: 0.000013 | Train Loss: 0.000939 (Data: 0.00093, Mono: 0.00001) | Val MSE: 0.000089 (RMSE: 0.0094) 
2026-09-13 14:49:12,339 - INFO - Epoch [1570/2000] LR: 0.000013 | Train Loss: 0.000952 (Data: 0.00095, Mono: 0.00001) | Val MSE: 0.000091 (RMSE: 0.0095) 
2026-09-13 14:49:12,945 - INFO - Epoch [1580/2000] LR: 0.000012 | Train Loss: 0.000979 (Data: 0.00097, Mono: 0.00001) | Val MSE: 0.000086 (RMSE: 0.0093) 
2026-09-13 14:49:13,547 - INFO - Epoch [1590/2000] LR: 0.000012 | Train Loss: 0.000959 (Data: 0.00095, Mono: 0.00001) | Val MSE: 0.000091 (RMSE: 0.0095) 
2026-09-13 14:49:14,152 - INFO - Epoch [1600/2000] LR: 0.000011 | Train Loss: 0.000970 (Data: 0.00097, Mono: 0.00001) | Val MSE: 0.000088 (RMSE: 0.0094) 
2026-09-13 14:49:14,741 - INFO - Epoch [1610/2000] LR: 0.000011 | Train Loss: 0.000948 (Data: 0.00094, Mono: 0.00001) | Val MSE: 0.000096 (RMSE: 0.0098) 
2026-09-13 14:49:15,351 - INFO - Epoch [1620/2000] LR: 0.000010 | Train Loss: 0.000976 (Data: 0.00097, Mono: 0.00001) | Val MSE: 0.000090 (RMSE: 0.0095) 
2026-09-13 14:49:15,947 - INFO - Epoch [1630/2000] LR: 0.000010 | Train Loss: 0.000971 (Data: 0.00097, Mono: 0.00001) | Val MSE: 0.000095 (RMSE: 0.0098) 
2026-09-13 14:49:16,540 - INFO - Epoch [1640/2000] LR: 0.000009 | Train Loss: 0.000942 (Data: 0.00094, Mono: 0.00001) | Val MSE: 0.000092 (RMSE: 0.0096) 
2026-09-13 14:49:17,151 - INFO - Epoch [1650/2000] LR: 0.000009 | Train Loss: 0.000944 (Data: 0.00094, Mono: 0.00001) | Val MSE: 0.000098 (RMSE: 0.0099) 
2026-09-13 14:49:17,750 - INFO - Epoch [1660/2000] LR: 0.000009 | Train Loss: 0.000952 (Data: 0.00095, Mono: 0.00001) | Val MSE: 0.000088 (RMSE: 0.0094) 
2026-09-13 14:49:18,352 - INFO - Epoch [1670/2000] LR: 0.000008 | Train Loss: 0.000966 (Data: 0.00096, Mono: 0.00001) | Val MSE: 0.000090 (RMSE: 0.0095) 
2026-09-13 14:49:18,985 - INFO - Epoch [1680/2000] LR: 0.000008 | Train Loss: 0.000951 (Data: 0.00095, Mono: 0.00001) | Val MSE: 0.000093 (RMSE: 0.0097) 
2026-09-13 14:49:19,603 - INFO - Epoch [1690/2000] LR: 0.000007 | Train Loss: 0.000932 (Data: 0.00093, Mono: 0.00001) | Val MSE: 0.000088 (RMSE: 0.0094) 
2026-09-13 14:49:20,194 - INFO - Epoch [1700/2000] LR: 0.000007 | Train Loss: 0.001014 (Data: 0.00101, Mono: 0.00001) | Val MSE: 0.000090 (RMSE: 0.0095) 
2026-09-13 14:49:20,792 - INFO - Epoch [1710/2000] LR: 0.000007 | Train Loss: 0.000969 (Data: 0.00096, Mono: 0.00001) | Val MSE: 0.000089 (RMSE: 0.0094) 
2026-09-13 14:49:21,386 - INFO - Epoch [1720/2000] LR: 0.000006 | Train Loss: 0.000958 (Data: 0.00095, Mono: 0.00001) | Val MSE: 0.000097 (RMSE: 0.0098) 
2026-09-13 14:49:21,982 - INFO - Epoch [1730/2000] LR: 0.000006 | Train Loss: 0.000940 (Data: 0.00094, Mono: 0.00001) | Val MSE: 0.000095 (RMSE: 0.0097) 
2026-09-13 14:49:22,573 - INFO - Epoch [1740/2000] LR: 0.000006 | Train Loss: 0.000971 (Data: 0.00097, Mono: 0.00001) | Val MSE: 0.000090 (RMSE: 0.0095) 
2026-09-13 14:49:23,161 - INFO - Epoch [1750/2000] LR: 0.000005 | Train Loss: 0.000933 (Data: 0.00093, Mono: 0.00001) | Val MSE: 0.000092 (RMSE: 0.0096) 
2026-09-13 14:49:23,781 - INFO - Epoch [1760/2000] LR: 0.000005 | Train Loss: 0.000965 (Data: 0.00096, Mono: 0.00001) | Val MSE: 0.000091 (RMSE: 0.0095) 
2026-09-13 14:49:24,369 - INFO - Epoch [1770/2000] LR: 0.000005 | Train Loss: 0.000946 (Data: 0.00094, Mono: 0.00001) | Val MSE: 0.000091 (RMSE: 0.0095) 
2026-09-13 14:49:24,979 - INFO - Epoch [1780/2000] LR: 0.000005 | Train Loss: 0.000958 (Data: 0.00095, Mono: 0.00001) | Val MSE: 0.000091 (RMSE: 0.0095) 
2026-09-13 14:49:25,564 - INFO - Epoch [1790/2000] LR: 0.000004 | Train Loss: 0.000933 (Data: 0.00093, Mono: 0.00001) | Val MSE: 0.000089 (RMSE: 0.0094) 
2026-09-13 14:49:26,168 - INFO - Epoch [1800/2000] LR: 0.000004 | Train Loss: 0.000951 (Data: 0.00095, Mono: 0.00001) | Val MSE: 0.000089 (RMSE: 0.0094) 
2026-09-13 14:49:26,773 - INFO - Epoch [1810/2000] LR: 0.000004 | Train Loss: 0.000951 (Data: 0.00095, Mono: 0.00001) | Val MSE: 0.000089 (RMSE: 0.0094) 
2026-09-13 14:49:27,384 - INFO - Epoch [1820/2000] LR: 0.000004 | Train Loss: 0.000953 (Data: 0.00095, Mono: 0.00001) | Val MSE: 0.000091 (RMSE: 0.0095) 
2026-09-13 14:49:28,017 - INFO - Epoch [1830/2000] LR: 0.000003 | Train Loss: 0.000963 (Data: 0.00096, Mono: 0.00001) | Val MSE: 0.000088 (RMSE: 0.0094) 
2026-09-13 14:49:28,657 - INFO - Epoch [1840/2000] LR: 0.000003 | Train Loss: 0.000942 (Data: 0.00094, Mono: 0.00001) | Val MSE: 0.000090 (RMSE: 0.0095) 
2026-09-13 14:49:29,299 - INFO - Epoch [1850/2000] LR: 0.000003 | Train Loss: 0.000955 (Data: 0.00095, Mono: 0.00001) | Val MSE: 0.000090 (RMSE: 0.0095) 
2026-09-13 14:49:29,927 - INFO - Epoch [1860/2000] LR: 0.000003 | Train Loss: 0.000926 (Data: 0.00092, Mono: 0.00001) | Val MSE: 0.000091 (RMSE: 0.0095) 
2026-09-13 14:49:30,617 - INFO - Epoch [1870/2000] LR: 0.000003 | Train Loss: 0.000949 (Data: 0.00094, Mono: 0.00001) | Val MSE: 0.000090 (RMSE: 0.0095) 
2026-09-13 14:49:31,293 - INFO - Epoch [1880/2000] LR: 0.000002 | Train Loss: 0.000929 (Data: 0.00092, Mono: 0.00001) | Val MSE: 0.000090 (RMSE: 0.0095) 
2026-09-13 14:49:31,933 - INFO - Epoch [1890/2000] LR: 0.000002 | Train Loss: 0.000934 (Data: 0.00093, Mono: 0.00001) | Val MSE: 0.000090 (RMSE: 0.0095) 
2026-09-13 14:49:32,586 - INFO - Epoch [1900/2000] LR: 0.000002 | Train Loss: 0.000929 (Data: 0.00092, Mono: 0.00001) | Val MSE: 0.000090 (RMSE: 0.0095) 
2026-09-13 14:49:33,226 - INFO - Epoch [1910/2000] LR: 0.000002 | Train Loss: 0.000981 (Data: 0.00098, Mono: 0.00001) | Val MSE: 0.000090 (RMSE: 0.0095) 
2026-09-13 14:49:33,887 - INFO - Epoch [1920/2000] LR: 0.000002 | Train Loss: 0.000979 (Data: 0.00097, Mono: 0.00001) | Val MSE: 0.000091 (RMSE: 0.0095) 
2026-09-13 14:49:34,542 - INFO - Epoch [1930/2000] LR: 0.000002 | Train Loss: 0.000947 (Data: 0.00094, Mono: 0.00001) | Val MSE: 0.000090 (RMSE: 0.0095) 
2026-09-13 14:49:35,222 - INFO - Epoch [1940/2000] LR: 0.000002 | Train Loss: 0.000958 (Data: 0.00095, Mono: 0.00001) | Val MSE: 0.000091 (RMSE: 0.0095) 
2026-09-13 14:49:35,900 - INFO - Epoch [1950/2000] LR: 0.000002 | Train Loss: 0.000950 (Data: 0.00094, Mono: 0.00001) | Val MSE: 0.000090 (RMSE: 0.0095) 
2026-09-13 14:49:36,606 - INFO - Epoch [1960/2000] LR: 0.000002 | Train Loss: 0.000912 (Data: 0.00091, Mono: 0.00001) | Val MSE: 0.000089 (RMSE: 0.0094) 
2026-09-13 14:49:37,300 - INFO - Epoch [1970/2000] LR: 0.000002 | Train Loss: 0.000976 (Data: 0.00097, Mono: 0.00001) | Val MSE: 0.000090 (RMSE: 0.0095) 
2026-09-13 14:49:37,967 - INFO - Epoch [1980/2000] LR: 0.000002 | Train Loss: 0.000946 (Data: 0.00094, Mono: 0.00001) | Val MSE: 0.000091 (RMSE: 0.0095) 
2026-09-13 14:49:38,646 - INFO - Epoch [1990/2000] LR: 0.000002 | Train Loss: 0.000946 (Data: 0.00094, Mono: 0.00001) | Val MSE: 0.000091 (RMSE: 0.0095) 
2026-09-13 14:49:39,336 - INFO - Epoch [2000/2000] LR: 0.000002 | Train Loss: 0.000951 (Data: 0.00095, Mono: 0.00001) | Val MSE: 0.000091 (RMSE: 0.0096) 
2026-09-13 14:49:39,336 - INFO - Training completed in 125.71s. Loading best checkpoint from epoch 181 for final test evaluation...
2026-09-13 14:49:39,356 - INFO - ==================================================
2026-09-13 14:49:39,356 - INFO - Test Results for [XJTU] - [3C] (Best Epoch 181):
2026-09-13 14:49:39,356 - INFO -   Test RMSE: 0.012418
2026-09-13 14:49:39,356 - INFO -   Test MAE:  0.010921
2026-09-13 14:49:39,356 - INFO -   Test MAPE: 1.143199
2026-09-13 14:49:39,356 - INFO -   Test MSE:  0.000154
2026-09-13 14:49:39,356 - INFO - ==================================================
2026-09-13 14:57:04,138 - INFO - ==================================================
2026-09-13 14:57:04,138 - INFO - Starting FusionMLP Training for [XJTU] - [3C]
2026-09-13 14:57:04,138 - INFO - Device: cuda | Epochs: 2000 | LR: 0.000100 | Mono Weight: 0.4000 | Knee Feature: True
2026-09-13 14:57:04,138 - INFO - ==================================================
2026-09-13 14:57:04,248 - INFO - Data Splits: Train=10, Val=2, Test=3
2026-09-13 14:57:04,327 - INFO - Epoch [   1/2000] LR: 0.006063 | Train Loss: 0.194905 (Data: 0.19487, Mono: 0.00009) | Val MSE: 0.097263 (RMSE: 0.3119) [BEST]
2026-09-13 14:57:04,392 - INFO - Epoch [   2/2000] LR: 0.005857 | Train Loss: 0.063592 (Data: 0.06356, Mono: 0.00009) | Val MSE: 0.011769 (RMSE: 0.1085) [BEST]
2026-09-13 14:57:04,448 - INFO - Epoch [   3/2000] LR: 0.005651 | Train Loss: 0.030321 (Data: 0.03029, Mono: 0.00007) | Val MSE: 0.005323 (RMSE: 0.0730) [BEST]
2026-09-13 14:57:04,514 - INFO - Epoch [   4/2000] LR: 0.005446 | Train Loss: 0.020677 (Data: 0.02065, Mono: 0.00007) | Val MSE: 0.001854 (RMSE: 0.0431) [BEST]
2026-09-13 14:57:04,576 - INFO - Epoch [   5/2000] LR: 0.005240 | Train Loss: 0.016137 (Data: 0.01611, Mono: 0.00006) | Val MSE: 0.000489 (RMSE: 0.0221) [BEST]
2026-09-13 14:57:04,718 - INFO - Epoch [   7/2000] LR: 0.004829 | Train Loss: 0.011533 (Data: 0.01151, Mono: 0.00005) | Val MSE: 0.000353 (RMSE: 0.0188) [BEST]
2026-09-13 14:57:04,789 - INFO - Epoch [   8/2000] LR: 0.004623 | Train Loss: 0.010667 (Data: 0.01065, Mono: 0.00005) | Val MSE: 0.000269 (RMSE: 0.0164) [BEST]
2026-09-13 14:57:04,847 - INFO - Epoch [   9/2000] LR: 0.004418 | Train Loss: 0.009910 (Data: 0.00989, Mono: 0.00004) | Val MSE: 0.000220 (RMSE: 0.0148) [BEST]
2026-09-13 14:57:04,914 - INFO - Epoch [  10/2000] LR: 0.004212 | Train Loss: 0.009065 (Data: 0.00904, Mono: 0.00005) | Val MSE: 0.000238 (RMSE: 0.0154) 
2026-09-13 14:57:05,088 - INFO - Epoch [  13/2000] LR: 0.003595 | Train Loss: 0.007397 (Data: 0.00738, Mono: 0.00004) | Val MSE: 0.000139 (RMSE: 0.0118) [BEST]
2026-09-13 14:57:05,510 - INFO - Epoch [  20/2000] LR: 0.002156 | Train Loss: 0.005682 (Data: 0.00567, Mono: 0.00004) | Val MSE: 0.000119 (RMSE: 0.0109) [BEST]
2026-09-13 14:57:05,576 - INFO - Epoch [  21/2000] LR: 0.001950 | Train Loss: 0.005560 (Data: 0.00555, Mono: 0.00004) | Val MSE: 0.000118 (RMSE: 0.0109) [BEST]
2026-09-13 14:57:05,814 - INFO - Epoch [  25/2000] LR: 0.001128 | Train Loss: 0.005199 (Data: 0.00519, Mono: 0.00003) | Val MSE: 0.000107 (RMSE: 0.0103) [BEST]
2026-09-13 14:57:05,932 - INFO - Epoch [  27/2000] LR: 0.000717 | Train Loss: 0.005178 (Data: 0.00516, Mono: 0.00004) | Val MSE: 0.000094 (RMSE: 0.0097) [BEST]
2026-09-13 14:57:06,119 - INFO - Epoch [  30/2000] LR: 0.000100 | Train Loss: 0.005046 (Data: 0.00503, Mono: 0.00003) | Val MSE: 0.000095 (RMSE: 0.0097) 
2026-09-13 14:57:06,182 - INFO - Epoch [  31/2000] LR: 0.000100 | Train Loss: 0.004841 (Data: 0.00483, Mono: 0.00003) | Val MSE: 0.000093 (RMSE: 0.0097) [BEST]
2026-09-13 14:57:06,363 - INFO - Epoch [  34/2000] LR: 0.000100 | Train Loss: 0.004928 (Data: 0.00492, Mono: 0.00003) | Val MSE: 0.000093 (RMSE: 0.0096) [BEST]
2026-09-13 14:57:06,610 - INFO - Epoch [  38/2000] LR: 0.000100 | Train Loss: 0.004845 (Data: 0.00483, Mono: 0.00003) | Val MSE: 0.000093 (RMSE: 0.0096) [BEST]
2026-09-13 14:57:06,671 - INFO - Epoch [  39/2000] LR: 0.000100 | Train Loss: 0.004924 (Data: 0.00491, Mono: 0.00003) | Val MSE: 0.000093 (RMSE: 0.0096) [BEST]
2026-09-13 14:57:06,737 - INFO - Epoch [  40/2000] LR: 0.000100 | Train Loss: 0.004773 (Data: 0.00476, Mono: 0.00003) | Val MSE: 0.000100 (RMSE: 0.0100) 
2026-09-13 14:57:07,346 - INFO - Epoch [  50/2000] LR: 0.000100 | Train Loss: 0.004753 (Data: 0.00474, Mono: 0.00003) | Val MSE: 0.000097 (RMSE: 0.0099) 
2026-09-13 14:57:07,412 - INFO - Epoch [  51/2000] LR: 0.000100 | Train Loss: 0.004963 (Data: 0.00495, Mono: 0.00004) | Val MSE: 0.000092 (RMSE: 0.0096) [BEST]
2026-09-13 14:57:07,525 - INFO - Epoch [  53/2000] LR: 0.000100 | Train Loss: 0.004876 (Data: 0.00486, Mono: 0.00004) | Val MSE: 0.000092 (RMSE: 0.0096) [BEST]
2026-09-13 14:57:07,590 - INFO - Epoch [  54/2000] LR: 0.000100 | Train Loss: 0.004857 (Data: 0.00484, Mono: 0.00004) | Val MSE: 0.000092 (RMSE: 0.0096) [BEST]
2026-09-13 14:57:07,965 - INFO - Epoch [  60/2000] LR: 0.000100 | Train Loss: 0.004632 (Data: 0.00462, Mono: 0.00003) | Val MSE: 0.000095 (RMSE: 0.0097) 
2026-09-13 14:57:08,106 - INFO - Epoch [  62/2000] LR: 0.000100 | Train Loss: 0.004737 (Data: 0.00472, Mono: 0.00004) | Val MSE: 0.000092 (RMSE: 0.0096) [BEST]
2026-09-13 14:57:08,343 - INFO - Epoch [  66/2000] LR: 0.000100 | Train Loss: 0.004745 (Data: 0.00473, Mono: 0.00004) | Val MSE: 0.000091 (RMSE: 0.0096) [BEST]
2026-09-13 14:57:08,590 - INFO - Epoch [  70/2000] LR: 0.000100 | Train Loss: 0.004796 (Data: 0.00478, Mono: 0.00003) | Val MSE: 0.000094 (RMSE: 0.0097) 
2026-09-13 14:57:08,655 - INFO - Epoch [  71/2000] LR: 0.000100 | Train Loss: 0.004890 (Data: 0.00488, Mono: 0.00003) | Val MSE: 0.000091 (RMSE: 0.0095) [BEST]
2026-09-13 14:57:08,957 - INFO - Epoch [  76/2000] LR: 0.000100 | Train Loss: 0.004828 (Data: 0.00482, Mono: 0.00003) | Val MSE: 0.000091 (RMSE: 0.0095) [BEST]
2026-09-13 14:57:09,196 - INFO - Epoch [  80/2000] LR: 0.000100 | Train Loss: 0.004537 (Data: 0.00452, Mono: 0.00003) | Val MSE: 0.000093 (RMSE: 0.0096) 
2026-09-13 14:57:09,501 - INFO - Epoch [  85/2000] LR: 0.000100 | Train Loss: 0.004576 (Data: 0.00456, Mono: 0.00003) | Val MSE: 0.000090 (RMSE: 0.0095) [BEST]
2026-09-13 14:57:09,791 - INFO - Epoch [  90/2000] LR: 0.000100 | Train Loss: 0.004473 (Data: 0.00446, Mono: 0.00003) | Val MSE: 0.000092 (RMSE: 0.0096) 
2026-09-13 14:57:10,039 - INFO - Epoch [  94/2000] LR: 0.000100 | Train Loss: 0.004643 (Data: 0.00463, Mono: 0.00003) | Val MSE: 0.000090 (RMSE: 0.0095) [BEST]
2026-09-13 14:57:10,410 - INFO - Epoch [ 100/2000] LR: 0.000100 | Train Loss: 0.004518 (Data: 0.00451, Mono: 0.00003) | Val MSE: 0.000091 (RMSE: 0.0095) 
2026-09-13 14:57:10,653 - INFO - Epoch [ 104/2000] LR: 0.000100 | Train Loss: 0.004389 (Data: 0.00438, Mono: 0.00003) | Val MSE: 0.000090 (RMSE: 0.0095) [BEST]
2026-09-13 14:57:11,034 - INFO - Epoch [ 110/2000] LR: 0.000100 | Train Loss: 0.004403 (Data: 0.00439, Mono: 0.00003) | Val MSE: 0.000090 (RMSE: 0.0095) 
2026-09-13 14:57:11,341 - INFO - Epoch [ 115/2000] LR: 0.000100 | Train Loss: 0.004273 (Data: 0.00426, Mono: 0.00003) | Val MSE: 0.000089 (RMSE: 0.0095) [BEST]
2026-09-13 14:57:11,643 - INFO - Epoch [ 120/2000] LR: 0.000099 | Train Loss: 0.004420 (Data: 0.00441, Mono: 0.00003) | Val MSE: 0.000090 (RMSE: 0.0095) 
2026-09-13 14:57:12,265 - INFO - Epoch [ 130/2000] LR: 0.000099 | Train Loss: 0.004477 (Data: 0.00446, Mono: 0.00003) | Val MSE: 0.000088 (RMSE: 0.0094) [BEST]
2026-09-13 14:57:12,881 - INFO - Epoch [ 140/2000] LR: 0.000099 | Train Loss: 0.004188 (Data: 0.00418, Mono: 0.00003) | Val MSE: 0.000093 (RMSE: 0.0096) 
2026-09-13 14:57:13,513 - INFO - Epoch [ 150/2000] LR: 0.000099 | Train Loss: 0.004051 (Data: 0.00404, Mono: 0.00003) | Val MSE: 0.000089 (RMSE: 0.0094) 
2026-09-13 14:57:13,657 - INFO - Epoch [ 152/2000] LR: 0.000099 | Train Loss: 0.003953 (Data: 0.00394, Mono: 0.00003) | Val MSE: 0.000088 (RMSE: 0.0094) [BEST]
2026-09-13 14:57:13,902 - INFO - Epoch [ 156/2000] LR: 0.000099 | Train Loss: 0.004252 (Data: 0.00424, Mono: 0.00003) | Val MSE: 0.000088 (RMSE: 0.0094) [BEST]
2026-09-13 14:57:14,142 - INFO - Epoch [ 160/2000] LR: 0.000099 | Train Loss: 0.004180 (Data: 0.00417, Mono: 0.00003) | Val MSE: 0.000088 (RMSE: 0.0094) [BEST]
2026-09-13 14:57:14,743 - INFO - Epoch [ 170/2000] LR: 0.000099 | Train Loss: 0.003911 (Data: 0.00390, Mono: 0.00003) | Val MSE: 0.000115 (RMSE: 0.0107) 
2026-09-13 14:57:15,359 - INFO - Epoch [ 180/2000] LR: 0.000099 | Train Loss: 0.003818 (Data: 0.00381, Mono: 0.00003) | Val MSE: 0.000089 (RMSE: 0.0094) 
2026-09-13 14:57:15,786 - INFO - Epoch [ 187/2000] LR: 0.000098 | Train Loss: 0.003760 (Data: 0.00375, Mono: 0.00003) | Val MSE: 0.000088 (RMSE: 0.0094) [BEST]
2026-09-13 14:57:15,968 - INFO - Epoch [ 190/2000] LR: 0.000098 | Train Loss: 0.003745 (Data: 0.00373, Mono: 0.00003) | Val MSE: 0.000089 (RMSE: 0.0094) 
2026-09-13 14:57:16,035 - INFO - Epoch [ 191/2000] LR: 0.000098 | Train Loss: 0.003900 (Data: 0.00389, Mono: 0.00003) | Val MSE: 0.000088 (RMSE: 0.0094) [BEST]
2026-09-13 14:57:16,568 - INFO - Epoch [ 200/2000] LR: 0.000098 | Train Loss: 0.003615 (Data: 0.00360, Mono: 0.00003) | Val MSE: 0.000089 (RMSE: 0.0094) 
2026-09-13 14:57:17,190 - INFO - Epoch [ 210/2000] LR: 0.000098 | Train Loss: 0.003627 (Data: 0.00362, Mono: 0.00003) | Val MSE: 0.000097 (RMSE: 0.0099) 
2026-09-13 14:57:17,798 - INFO - Epoch [ 220/2000] LR: 0.000098 | Train Loss: 0.003647 (Data: 0.00364, Mono: 0.00003) | Val MSE: 0.000100 (RMSE: 0.0100) 
2026-09-13 14:57:18,411 - INFO - Epoch [ 230/2000] LR: 0.000098 | Train Loss: 0.003468 (Data: 0.00346, Mono: 0.00003) | Val MSE: 0.000114 (RMSE: 0.0107) 
2026-09-13 14:57:19,042 - INFO - Epoch [ 240/2000] LR: 0.000097 | Train Loss: 0.003389 (Data: 0.00338, Mono: 0.00003) | Val MSE: 0.000090 (RMSE: 0.0095) 
2026-09-13 14:57:19,669 - INFO - Epoch [ 250/2000] LR: 0.000097 | Train Loss: 0.003454 (Data: 0.00344, Mono: 0.00003) | Val MSE: 0.000092 (RMSE: 0.0096) 
2026-09-13 14:57:20,269 - INFO - Epoch [ 260/2000] LR: 0.000097 | Train Loss: 0.003547 (Data: 0.00354, Mono: 0.00003) | Val MSE: 0.000096 (RMSE: 0.0098) 
2026-09-13 14:57:20,873 - INFO - Epoch [ 270/2000] LR: 0.000096 | Train Loss: 0.003381 (Data: 0.00337, Mono: 0.00003) | Val MSE: 0.000094 (RMSE: 0.0097) 
2026-09-13 14:57:21,540 - INFO - Epoch [ 280/2000] LR: 0.000096 | Train Loss: 0.003286 (Data: 0.00328, Mono: 0.00003) | Val MSE: 0.000121 (RMSE: 0.0110) 
2026-09-13 14:57:22,205 - INFO - Epoch [ 290/2000] LR: 0.000096 | Train Loss: 0.003240 (Data: 0.00323, Mono: 0.00003) | Val MSE: 0.000095 (RMSE: 0.0097) 
2026-09-13 14:57:22,914 - INFO - Epoch [ 300/2000] LR: 0.000096 | Train Loss: 0.003063 (Data: 0.00305, Mono: 0.00003) | Val MSE: 0.000097 (RMSE: 0.0098) 
2026-09-13 14:57:23,567 - INFO - Epoch [ 310/2000] LR: 0.000095 | Train Loss: 0.003298 (Data: 0.00329, Mono: 0.00003) | Val MSE: 0.000103 (RMSE: 0.0101) 
2026-09-13 14:57:24,214 - INFO - Epoch [ 320/2000] LR: 0.000095 | Train Loss: 0.002952 (Data: 0.00294, Mono: 0.00002) | Val MSE: 0.000096 (RMSE: 0.0098) 
2026-09-13 14:57:24,837 - INFO - Epoch [ 330/2000] LR: 0.000094 | Train Loss: 0.002969 (Data: 0.00296, Mono: 0.00003) | Val MSE: 0.000113 (RMSE: 0.0106) 
2026-09-13 14:57:25,474 - INFO - Epoch [ 340/2000] LR: 0.000094 | Train Loss: 0.002971 (Data: 0.00296, Mono: 0.00002) | Val MSE: 0.000100 (RMSE: 0.0100) 
2026-09-13 14:57:26,100 - INFO - Epoch [ 350/2000] LR: 0.000094 | Train Loss: 0.002911 (Data: 0.00290, Mono: 0.00002) | Val MSE: 0.000100 (RMSE: 0.0100) 
2026-09-13 14:57:26,715 - INFO - Epoch [ 360/2000] LR: 0.000093 | Train Loss: 0.002803 (Data: 0.00279, Mono: 0.00002) | Val MSE: 0.000107 (RMSE: 0.0103) 
2026-09-13 14:57:27,438 - INFO - Epoch [ 370/2000] LR: 0.000093 | Train Loss: 0.002811 (Data: 0.00280, Mono: 0.00003) | Val MSE: 0.000111 (RMSE: 0.0105) 
2026-09-13 14:57:28,102 - INFO - Epoch [ 380/2000] LR: 0.000093 | Train Loss: 0.002798 (Data: 0.00279, Mono: 0.00002) | Val MSE: 0.000104 (RMSE: 0.0102) 
2026-09-13 14:57:28,769 - INFO - Epoch [ 390/2000] LR: 0.000092 | Train Loss: 0.002718 (Data: 0.00271, Mono: 0.00003) | Val MSE: 0.000110 (RMSE: 0.0105) 
2026-09-13 14:57:29,488 - INFO - Epoch [ 400/2000] LR: 0.000092 | Train Loss: 0.002695 (Data: 0.00269, Mono: 0.00002) | Val MSE: 0.000106 (RMSE: 0.0103) 
2026-09-13 14:57:30,201 - INFO - Epoch [ 410/2000] LR: 0.000091 | Train Loss: 0.002577 (Data: 0.00257, Mono: 0.00002) | Val MSE: 0.000108 (RMSE: 0.0104) 
2026-09-13 14:57:30,926 - INFO - Epoch [ 420/2000] LR: 0.000091 | Train Loss: 0.002561 (Data: 0.00255, Mono: 0.00002) | Val MSE: 0.000115 (RMSE: 0.0107) 
2026-09-13 14:57:31,620 - INFO - Epoch [ 430/2000] LR: 0.000090 | Train Loss: 0.002589 (Data: 0.00258, Mono: 0.00002) | Val MSE: 0.000108 (RMSE: 0.0104) 
2026-09-13 14:57:32,318 - INFO - Epoch [ 440/2000] LR: 0.000090 | Train Loss: 0.002577 (Data: 0.00257, Mono: 0.00002) | Val MSE: 0.000147 (RMSE: 0.0121) 
2026-09-13 14:57:33,066 - INFO - Epoch [ 450/2000] LR: 0.000089 | Train Loss: 0.002547 (Data: 0.00254, Mono: 0.00002) | Val MSE: 0.000108 (RMSE: 0.0104) 
2026-09-13 14:57:33,765 - INFO - Epoch [ 460/2000] LR: 0.000089 | Train Loss: 0.002447 (Data: 0.00244, Mono: 0.00002) | Val MSE: 0.000111 (RMSE: 0.0105) 
2026-09-13 14:57:34,498 - INFO - Epoch [ 470/2000] LR: 0.000088 | Train Loss: 0.002516 (Data: 0.00251, Mono: 0.00002) | Val MSE: 0.000124 (RMSE: 0.0112) 
2026-09-13 14:57:35,237 - INFO - Epoch [ 480/2000] LR: 0.000088 | Train Loss: 0.002393 (Data: 0.00238, Mono: 0.00002) | Val MSE: 0.000117 (RMSE: 0.0108) 
2026-09-13 14:57:35,941 - INFO - Epoch [ 490/2000] LR: 0.000087 | Train Loss: 0.002425 (Data: 0.00242, Mono: 0.00002) | Val MSE: 0.000113 (RMSE: 0.0106) 
2026-09-13 14:57:36,641 - INFO - Epoch [ 500/2000] LR: 0.000087 | Train Loss: 0.002296 (Data: 0.00229, Mono: 0.00002) | Val MSE: 0.000140 (RMSE: 0.0118) 
2026-09-13 14:57:37,312 - INFO - Epoch [ 510/2000] LR: 0.000086 | Train Loss: 0.002239 (Data: 0.00223, Mono: 0.00002) | Val MSE: 0.000113 (RMSE: 0.0107) 
2026-09-13 14:57:37,946 - INFO - Epoch [ 520/2000] LR: 0.000086 | Train Loss: 0.002254 (Data: 0.00225, Mono: 0.00002) | Val MSE: 0.000122 (RMSE: 0.0110) 
2026-09-13 14:57:38,595 - INFO - Epoch [ 530/2000] LR: 0.000085 | Train Loss: 0.002267 (Data: 0.00226, Mono: 0.00002) | Val MSE: 0.000119 (RMSE: 0.0109) 
2026-09-13 14:57:39,244 - INFO - Epoch [ 540/2000] LR: 0.000085 | Train Loss: 0.002257 (Data: 0.00225, Mono: 0.00002) | Val MSE: 0.000119 (RMSE: 0.0109) 
2026-09-13 14:57:39,888 - INFO - Epoch [ 550/2000] LR: 0.000084 | Train Loss: 0.002204 (Data: 0.00220, Mono: 0.00002) | Val MSE: 0.000129 (RMSE: 0.0114) 
2026-09-13 14:57:40,535 - INFO - Epoch [ 560/2000] LR: 0.000083 | Train Loss: 0.002139 (Data: 0.00213, Mono: 0.00002) | Val MSE: 0.000122 (RMSE: 0.0110) 
2026-09-13 14:57:41,177 - INFO - Epoch [ 570/2000] LR: 0.000083 | Train Loss: 0.002181 (Data: 0.00217, Mono: 0.00002) | Val MSE: 0.000122 (RMSE: 0.0110) 
2026-09-13 14:57:41,824 - INFO - Epoch [ 580/2000] LR: 0.000082 | Train Loss: 0.002067 (Data: 0.00206, Mono: 0.00002) | Val MSE: 0.000121 (RMSE: 0.0110) 
2026-09-13 14:57:42,479 - INFO - Epoch [ 590/2000] LR: 0.000082 | Train Loss: 0.002058 (Data: 0.00205, Mono: 0.00002) | Val MSE: 0.000149 (RMSE: 0.0122) 
2026-09-13 14:57:43,123 - INFO - Epoch [ 600/2000] LR: 0.000081 | Train Loss: 0.002046 (Data: 0.00204, Mono: 0.00002) | Val MSE: 0.000138 (RMSE: 0.0117) 
2026-09-13 14:57:43,774 - INFO - Epoch [ 610/2000] LR: 0.000080 | Train Loss: 0.002072 (Data: 0.00206, Mono: 0.00002) | Val MSE: 0.000136 (RMSE: 0.0116) 
2026-09-13 14:57:44,431 - INFO - Epoch [ 620/2000] LR: 0.000080 | Train Loss: 0.001996 (Data: 0.00199, Mono: 0.00002) | Val MSE: 0.000145 (RMSE: 0.0121) 
2026-09-13 14:57:45,115 - INFO - Epoch [ 630/2000] LR: 0.000079 | Train Loss: 0.002012 (Data: 0.00200, Mono: 0.00002) | Val MSE: 0.000129 (RMSE: 0.0113) 
2026-09-13 14:57:45,823 - INFO - Epoch [ 640/2000] LR: 0.000078 | Train Loss: 0.001959 (Data: 0.00195, Mono: 0.00002) | Val MSE: 0.000126 (RMSE: 0.0112) 
2026-09-13 14:57:46,520 - INFO - Epoch [ 650/2000] LR: 0.000078 | Train Loss: 0.002031 (Data: 0.00202, Mono: 0.00002) | Val MSE: 0.000125 (RMSE: 0.0112) 
2026-09-13 14:57:47,211 - INFO - Epoch [ 660/2000] LR: 0.000077 | Train Loss: 0.001957 (Data: 0.00195, Mono: 0.00002) | Val MSE: 0.000128 (RMSE: 0.0113) 
2026-09-13 14:57:47,938 - INFO - Epoch [ 670/2000] LR: 0.000077 | Train Loss: 0.001885 (Data: 0.00188, Mono: 0.00002) | Val MSE: 0.000135 (RMSE: 0.0116) 
2026-09-13 14:57:48,610 - INFO - Epoch [ 680/2000] LR: 0.000076 | Train Loss: 0.001952 (Data: 0.00194, Mono: 0.00002) | Val MSE: 0.000126 (RMSE: 0.0112) 
2026-09-13 14:57:49,300 - INFO - Epoch [ 690/2000] LR: 0.000075 | Train Loss: 0.001906 (Data: 0.00190, Mono: 0.00002) | Val MSE: 0.000129 (RMSE: 0.0114) 
2026-09-13 14:57:49,986 - INFO - Epoch [ 700/2000] LR: 0.000074 | Train Loss: 0.001847 (Data: 0.00184, Mono: 0.00002) | Val MSE: 0.000136 (RMSE: 0.0117) 
2026-09-13 14:57:50,690 - INFO - Epoch [ 710/2000] LR: 0.000074 | Train Loss: 0.001906 (Data: 0.00190, Mono: 0.00002) | Val MSE: 0.000133 (RMSE: 0.0115) 
2026-09-13 14:57:51,387 - INFO - Epoch [ 720/2000] LR: 0.000073 | Train Loss: 0.001861 (Data: 0.00185, Mono: 0.00002) | Val MSE: 0.000145 (RMSE: 0.0120) 
2026-09-13 14:57:52,080 - INFO - Epoch [ 730/2000] LR: 0.000072 | Train Loss: 0.001804 (Data: 0.00180, Mono: 0.00002) | Val MSE: 0.000134 (RMSE: 0.0116) 
2026-09-13 14:57:52,769 - INFO - Epoch [ 740/2000] LR: 0.000072 | Train Loss: 0.001823 (Data: 0.00182, Mono: 0.00002) | Val MSE: 0.000129 (RMSE: 0.0114) 
2026-09-13 14:57:53,459 - INFO - Epoch [ 750/2000] LR: 0.000071 | Train Loss: 0.001864 (Data: 0.00186, Mono: 0.00002) | Val MSE: 0.000134 (RMSE: 0.0116) 
2026-09-13 14:57:54,103 - INFO - Epoch [ 760/2000] LR: 0.000070 | Train Loss: 0.001721 (Data: 0.00171, Mono: 0.00002) | Val MSE: 0.000136 (RMSE: 0.0117) 
2026-09-13 14:57:54,751 - INFO - Epoch [ 770/2000] LR: 0.000070 | Train Loss: 0.001770 (Data: 0.00176, Mono: 0.00002) | Val MSE: 0.000143 (RMSE: 0.0120) 
2026-09-13 14:57:55,417 - INFO - Epoch [ 780/2000] LR: 0.000069 | Train Loss: 0.001744 (Data: 0.00174, Mono: 0.00002) | Val MSE: 0.000143 (RMSE: 0.0119) 
2026-09-13 14:57:56,059 - INFO - Epoch [ 790/2000] LR: 0.000068 | Train Loss: 0.001719 (Data: 0.00171, Mono: 0.00002) | Val MSE: 0.000133 (RMSE: 0.0115) 
2026-09-13 14:57:56,707 - INFO - Epoch [ 800/2000] LR: 0.000067 | Train Loss: 0.001738 (Data: 0.00173, Mono: 0.00002) | Val MSE: 0.000147 (RMSE: 0.0121) 
2026-09-13 14:57:57,368 - INFO - Epoch [ 810/2000] LR: 0.000067 | Train Loss: 0.001741 (Data: 0.00173, Mono: 0.00002) | Val MSE: 0.000139 (RMSE: 0.0118) 
2026-09-13 14:57:58,022 - INFO - Epoch [ 820/2000] LR: 0.000066 | Train Loss: 0.001687 (Data: 0.00168, Mono: 0.00002) | Val MSE: 0.000136 (RMSE: 0.0117) 
2026-09-13 14:57:58,671 - INFO - Epoch [ 830/2000] LR: 0.000065 | Train Loss: 0.001710 (Data: 0.00170, Mono: 0.00002) | Val MSE: 0.000139 (RMSE: 0.0118) 
2026-09-13 14:57:59,312 - INFO - Epoch [ 840/2000] LR: 0.000064 | Train Loss: 0.001679 (Data: 0.00167, Mono: 0.00002) | Val MSE: 0.000137 (RMSE: 0.0117) 
2026-09-13 14:57:59,988 - INFO - Epoch [ 850/2000] LR: 0.000064 | Train Loss: 0.001672 (Data: 0.00166, Mono: 0.00002) | Val MSE: 0.000135 (RMSE: 0.0116) 
2026-09-13 14:58:00,691 - INFO - Epoch [ 860/2000] LR: 0.000063 | Train Loss: 0.001690 (Data: 0.00168, Mono: 0.00002) | Val MSE: 0.000157 (RMSE: 0.0125) 
2026-09-13 14:58:01,409 - INFO - Epoch [ 870/2000] LR: 0.000062 | Train Loss: 0.001655 (Data: 0.00165, Mono: 0.00002) | Val MSE: 0.000146 (RMSE: 0.0121) 
2026-09-13 14:58:02,103 - INFO - Epoch [ 880/2000] LR: 0.000061 | Train Loss: 0.001616 (Data: 0.00161, Mono: 0.00002) | Val MSE: 0.000138 (RMSE: 0.0118) 
2026-09-13 14:58:02,809 - INFO - Epoch [ 890/2000] LR: 0.000061 | Train Loss: 0.001638 (Data: 0.00163, Mono: 0.00002) | Val MSE: 0.000144 (RMSE: 0.0120) 
2026-09-13 14:58:03,510 - INFO - Epoch [ 900/2000] LR: 0.000060 | Train Loss: 0.001622 (Data: 0.00162, Mono: 0.00002) | Val MSE: 0.000148 (RMSE: 0.0122) 
2026-09-13 14:58:04,222 - INFO - Epoch [ 910/2000] LR: 0.000059 | Train Loss: 0.001631 (Data: 0.00162, Mono: 0.00002) | Val MSE: 0.000138 (RMSE: 0.0117) 
2026-09-13 14:58:04,904 - INFO - Epoch [ 920/2000] LR: 0.000058 | Train Loss: 0.001552 (Data: 0.00154, Mono: 0.00002) | Val MSE: 0.000139 (RMSE: 0.0118) 
2026-09-13 14:58:05,602 - INFO - Epoch [ 930/2000] LR: 0.000057 | Train Loss: 0.001637 (Data: 0.00163, Mono: 0.00002) | Val MSE: 0.000161 (RMSE: 0.0127) 
2026-09-13 14:58:06,293 - INFO - Epoch [ 940/2000] LR: 0.000057 | Train Loss: 0.001575 (Data: 0.00157, Mono: 0.00002) | Val MSE: 0.000142 (RMSE: 0.0119) 
2026-09-13 14:58:06,990 - INFO - Epoch [ 950/2000] LR: 0.000056 | Train Loss: 0.001547 (Data: 0.00154, Mono: 0.00002) | Val MSE: 0.000145 (RMSE: 0.0121) 
2026-09-13 14:58:07,677 - INFO - Epoch [ 960/2000] LR: 0.000055 | Train Loss: 0.001612 (Data: 0.00161, Mono: 0.00002) | Val MSE: 0.000170 (RMSE: 0.0130) 
2026-09-13 14:58:08,330 - INFO - Epoch [ 970/2000] LR: 0.000054 | Train Loss: 0.001524 (Data: 0.00152, Mono: 0.00002) | Val MSE: 0.000149 (RMSE: 0.0122) 
2026-09-13 14:58:08,981 - INFO - Epoch [ 980/2000] LR: 0.000054 | Train Loss: 0.001644 (Data: 0.00164, Mono: 0.00002) | Val MSE: 0.000148 (RMSE: 0.0122) 
2026-09-13 14:58:09,628 - INFO - Epoch [ 990/2000] LR: 0.000053 | Train Loss: 0.001515 (Data: 0.00151, Mono: 0.00002) | Val MSE: 0.000146 (RMSE: 0.0121) 
2026-09-13 14:58:10,253 - INFO - Epoch [1000/2000] LR: 0.000052 | Train Loss: 0.001528 (Data: 0.00152, Mono: 0.00002) | Val MSE: 0.000146 (RMSE: 0.0121) 
2026-09-13 14:58:10,939 - INFO - Epoch [1010/2000] LR: 0.000051 | Train Loss: 0.001486 (Data: 0.00148, Mono: 0.00002) | Val MSE: 0.000146 (RMSE: 0.0121) 
2026-09-13 14:58:11,596 - INFO - Epoch [1020/2000] LR: 0.000050 | Train Loss: 0.001511 (Data: 0.00150, Mono: 0.00002) | Val MSE: 0.000139 (RMSE: 0.0118) 
2026-09-13 14:58:12,247 - INFO - Epoch [1030/2000] LR: 0.000050 | Train Loss: 0.001555 (Data: 0.00155, Mono: 0.00002) | Val MSE: 0.000143 (RMSE: 0.0120) 
2026-09-13 14:58:12,962 - INFO - Epoch [1040/2000] LR: 0.000049 | Train Loss: 0.001481 (Data: 0.00147, Mono: 0.00002) | Val MSE: 0.000166 (RMSE: 0.0129) 
2026-09-13 14:58:13,699 - INFO - Epoch [1050/2000] LR: 0.000048 | Train Loss: 0.001503 (Data: 0.00150, Mono: 0.00002) | Val MSE: 0.000143 (RMSE: 0.0120) 
2026-09-13 14:58:14,437 - INFO - Epoch [1060/2000] LR: 0.000047 | Train Loss: 0.001411 (Data: 0.00140, Mono: 0.00002) | Val MSE: 0.000144 (RMSE: 0.0120) 
2026-09-13 14:58:15,148 - INFO - Epoch [1070/2000] LR: 0.000046 | Train Loss: 0.001454 (Data: 0.00145, Mono: 0.00002) | Val MSE: 0.000144 (RMSE: 0.0120) 
2026-09-13 14:58:15,920 - INFO - Epoch [1080/2000] LR: 0.000046 | Train Loss: 0.001488 (Data: 0.00148, Mono: 0.00002) | Val MSE: 0.000155 (RMSE: 0.0125) 
2026-09-13 14:58:16,704 - INFO - Epoch [1090/2000] LR: 0.000045 | Train Loss: 0.001466 (Data: 0.00146, Mono: 0.00002) | Val MSE: 0.000141 (RMSE: 0.0119) 
2026-09-13 14:58:17,520 - INFO - Epoch [1100/2000] LR: 0.000044 | Train Loss: 0.001521 (Data: 0.00151, Mono: 0.00002) | Val MSE: 0.000141 (RMSE: 0.0119) 
2026-09-13 14:58:18,314 - INFO - Epoch [1110/2000] LR: 0.000043 | Train Loss: 0.001464 (Data: 0.00146, Mono: 0.00002) | Val MSE: 0.000142 (RMSE: 0.0119) 
2026-09-13 14:58:19,117 - INFO - Epoch [1120/2000] LR: 0.000043 | Train Loss: 0.001446 (Data: 0.00144, Mono: 0.00002) | Val MSE: 0.000144 (RMSE: 0.0120) 
2026-09-13 14:58:19,927 - INFO - Epoch [1130/2000] LR: 0.000042 | Train Loss: 0.001490 (Data: 0.00148, Mono: 0.00002) | Val MSE: 0.000143 (RMSE: 0.0120) 
2026-09-13 14:58:20,650 - INFO - Epoch [1140/2000] LR: 0.000041 | Train Loss: 0.001494 (Data: 0.00149, Mono: 0.00002) | Val MSE: 0.000151 (RMSE: 0.0123) 
2026-09-13 14:58:21,364 - INFO - Epoch [1150/2000] LR: 0.000040 | Train Loss: 0.001458 (Data: 0.00145, Mono: 0.00002) | Val MSE: 0.000148 (RMSE: 0.0122) 
2026-09-13 14:58:22,067 - INFO - Epoch [1160/2000] LR: 0.000040 | Train Loss: 0.001493 (Data: 0.00149, Mono: 0.00002) | Val MSE: 0.000147 (RMSE: 0.0121) 
2026-09-13 14:58:22,762 - INFO - Epoch [1170/2000] LR: 0.000039 | Train Loss: 0.001421 (Data: 0.00141, Mono: 0.00002) | Val MSE: 0.000152 (RMSE: 0.0123) 
2026-09-13 14:58:23,449 - INFO - Epoch [1180/2000] LR: 0.000038 | Train Loss: 0.001424 (Data: 0.00142, Mono: 0.00001) | Val MSE: 0.000142 (RMSE: 0.0119) 
2026-09-13 14:58:24,085 - INFO - Epoch [1190/2000] LR: 0.000037 | Train Loss: 0.001482 (Data: 0.00148, Mono: 0.00002) | Val MSE: 0.000141 (RMSE: 0.0119) 
2026-09-13 14:58:24,728 - INFO - Epoch [1200/2000] LR: 0.000036 | Train Loss: 0.001410 (Data: 0.00140, Mono: 0.00002) | Val MSE: 0.000150 (RMSE: 0.0123) 
2026-09-13 14:58:25,365 - INFO - Epoch [1210/2000] LR: 0.000036 | Train Loss: 0.001446 (Data: 0.00144, Mono: 0.00002) | Val MSE: 0.000141 (RMSE: 0.0119) 
2026-09-13 14:58:26,029 - INFO - Epoch [1220/2000] LR: 0.000035 | Train Loss: 0.001410 (Data: 0.00140, Mono: 0.00002) | Val MSE: 0.000142 (RMSE: 0.0119) 
2026-09-13 14:58:26,663 - INFO - Epoch [1230/2000] LR: 0.000034 | Train Loss: 0.001378 (Data: 0.00137, Mono: 0.00002) | Val MSE: 0.000144 (RMSE: 0.0120) 
2026-09-13 14:58:27,324 - INFO - Epoch [1240/2000] LR: 0.000034 | Train Loss: 0.001430 (Data: 0.00142, Mono: 0.00002) | Val MSE: 0.000143 (RMSE: 0.0120) 
2026-09-13 14:58:27,980 - INFO - Epoch [1250/2000] LR: 0.000033 | Train Loss: 0.001435 (Data: 0.00143, Mono: 0.00002) | Val MSE: 0.000148 (RMSE: 0.0122) 
2026-09-13 14:58:28,621 - INFO - Epoch [1260/2000] LR: 0.000032 | Train Loss: 0.001387 (Data: 0.00138, Mono: 0.00002) | Val MSE: 0.000142 (RMSE: 0.0119) 
2026-09-13 14:58:29,284 - INFO - Epoch [1270/2000] LR: 0.000031 | Train Loss: 0.001453 (Data: 0.00145, Mono: 0.00002) | Val MSE: 0.000147 (RMSE: 0.0121) 
2026-09-13 14:58:29,906 - INFO - Epoch [1280/2000] LR: 0.000031 | Train Loss: 0.001309 (Data: 0.00130, Mono: 0.00001) | Val MSE: 0.000149 (RMSE: 0.0122) 
2026-09-13 14:58:30,574 - INFO - Epoch [1290/2000] LR: 0.000030 | Train Loss: 0.001388 (Data: 0.00138, Mono: 0.00002) | Val MSE: 0.000147 (RMSE: 0.0121) 
2026-09-13 14:58:31,254 - INFO - Epoch [1300/2000] LR: 0.000029 | Train Loss: 0.001435 (Data: 0.00143, Mono: 0.00002) | Val MSE: 0.000151 (RMSE: 0.0123) 
2026-09-13 14:58:31,948 - INFO - Epoch [1310/2000] LR: 0.000028 | Train Loss: 0.001437 (Data: 0.00143, Mono: 0.00002) | Val MSE: 0.000146 (RMSE: 0.0121) 
2026-09-13 14:58:32,639 - INFO - Epoch [1320/2000] LR: 0.000028 | Train Loss: 0.001380 (Data: 0.00137, Mono: 0.00002) | Val MSE: 0.000149 (RMSE: 0.0122) 
2026-09-13 14:58:33,340 - INFO - Epoch [1330/2000] LR: 0.000027 | Train Loss: 0.001368 (Data: 0.00136, Mono: 0.00001) | Val MSE: 0.000150 (RMSE: 0.0122) 
2026-09-13 14:58:34,016 - INFO - Epoch [1340/2000] LR: 0.000026 | Train Loss: 0.001413 (Data: 0.00141, Mono: 0.00002) | Val MSE: 0.000150 (RMSE: 0.0123) 
2026-09-13 14:58:34,704 - INFO - Epoch [1350/2000] LR: 0.000026 | Train Loss: 0.001343 (Data: 0.00134, Mono: 0.00001) | Val MSE: 0.000147 (RMSE: 0.0121) 
2026-09-13 14:58:35,399 - INFO - Epoch [1360/2000] LR: 0.000025 | Train Loss: 0.001397 (Data: 0.00139, Mono: 0.00001) | Val MSE: 0.000143 (RMSE: 0.0120) 
2026-09-13 14:58:36,101 - INFO - Epoch [1370/2000] LR: 0.000024 | Train Loss: 0.001407 (Data: 0.00140, Mono: 0.00002) | Val MSE: 0.000151 (RMSE: 0.0123) 
2026-09-13 14:58:36,829 - INFO - Epoch [1380/2000] LR: 0.000024 | Train Loss: 0.001323 (Data: 0.00132, Mono: 0.00001) | Val MSE: 0.000139 (RMSE: 0.0118) 
2026-09-13 14:58:37,532 - INFO - Epoch [1390/2000] LR: 0.000023 | Train Loss: 0.001321 (Data: 0.00131, Mono: 0.00001) | Val MSE: 0.000150 (RMSE: 0.0122) 
2026-09-13 14:58:38,220 - INFO - Epoch [1400/2000] LR: 0.000022 | Train Loss: 0.001376 (Data: 0.00137, Mono: 0.00002) | Val MSE: 0.000149 (RMSE: 0.0122) 
2026-09-13 14:58:38,922 - INFO - Epoch [1410/2000] LR: 0.000022 | Train Loss: 0.001406 (Data: 0.00140, Mono: 0.00002) | Val MSE: 0.000147 (RMSE: 0.0121) 
2026-09-13 14:58:39,563 - INFO - Epoch [1420/2000] LR: 0.000021 | Train Loss: 0.001364 (Data: 0.00136, Mono: 0.00002) | Val MSE: 0.000144 (RMSE: 0.0120) 
2026-09-13 14:58:40,210 - INFO - Epoch [1430/2000] LR: 0.000021 | Train Loss: 0.001355 (Data: 0.00135, Mono: 0.00002) | Val MSE: 0.000142 (RMSE: 0.0119) 
2026-09-13 14:58:40,854 - INFO - Epoch [1440/2000] LR: 0.000020 | Train Loss: 0.001377 (Data: 0.00137, Mono: 0.00002) | Val MSE: 0.000148 (RMSE: 0.0122) 
2026-09-13 14:58:41,503 - INFO - Epoch [1450/2000] LR: 0.000019 | Train Loss: 0.001383 (Data: 0.00138, Mono: 0.00001) | Val MSE: 0.000149 (RMSE: 0.0122) 
2026-09-13 14:58:42,160 - INFO - Epoch [1460/2000] LR: 0.000019 | Train Loss: 0.001327 (Data: 0.00132, Mono: 0.00002) | Val MSE: 0.000141 (RMSE: 0.0119) 
2026-09-13 14:58:42,813 - INFO - Epoch [1470/2000] LR: 0.000018 | Train Loss: 0.001341 (Data: 0.00133, Mono: 0.00002) | Val MSE: 0.000143 (RMSE: 0.0120) 
2026-09-13 14:58:43,474 - INFO - Epoch [1480/2000] LR: 0.000018 | Train Loss: 0.001370 (Data: 0.00136, Mono: 0.00002) | Val MSE: 0.000148 (RMSE: 0.0122) 
2026-09-13 14:58:44,128 - INFO - Epoch [1490/2000] LR: 0.000017 | Train Loss: 0.001362 (Data: 0.00136, Mono: 0.00002) | Val MSE: 0.000150 (RMSE: 0.0122) 
2026-09-13 14:58:44,783 - INFO - Epoch [1500/2000] LR: 0.000016 | Train Loss: 0.001289 (Data: 0.00128, Mono: 0.00001) | Val MSE: 0.000145 (RMSE: 0.0120) 
2026-09-13 14:58:45,457 - INFO - Epoch [1510/2000] LR: 0.000016 | Train Loss: 0.001323 (Data: 0.00132, Mono: 0.00001) | Val MSE: 0.000144 (RMSE: 0.0120) 
2026-09-13 14:58:46,096 - INFO - Epoch [1520/2000] LR: 0.000015 | Train Loss: 0.001380 (Data: 0.00137, Mono: 0.00002) | Val MSE: 0.000145 (RMSE: 0.0120) 
2026-09-13 14:58:46,787 - INFO - Epoch [1530/2000] LR: 0.000015 | Train Loss: 0.001371 (Data: 0.00136, Mono: 0.00002) | Val MSE: 0.000143 (RMSE: 0.0120) 
2026-09-13 14:58:47,496 - INFO - Epoch [1540/2000] LR: 0.000014 | Train Loss: 0.001335 (Data: 0.00133, Mono: 0.00002) | Val MSE: 0.000145 (RMSE: 0.0120) 
2026-09-13 14:58:48,173 - INFO - Epoch [1550/2000] LR: 0.000014 | Train Loss: 0.001346 (Data: 0.00134, Mono: 0.00002) | Val MSE: 0.000146 (RMSE: 0.0121) 
2026-09-13 14:58:48,879 - INFO - Epoch [1560/2000] LR: 0.000013 | Train Loss: 0.001246 (Data: 0.00124, Mono: 0.00001) | Val MSE: 0.000146 (RMSE: 0.0121) 
2026-09-13 14:58:49,581 - INFO - Epoch [1570/2000] LR: 0.000013 | Train Loss: 0.001339 (Data: 0.00133, Mono: 0.00001) | Val MSE: 0.000144 (RMSE: 0.0120) 
2026-09-13 14:58:50,268 - INFO - Epoch [1580/2000] LR: 0.000012 | Train Loss: 0.001349 (Data: 0.00134, Mono: 0.00002) | Val MSE: 0.000146 (RMSE: 0.0121) 
2026-09-13 14:58:50,958 - INFO - Epoch [1590/2000] LR: 0.000012 | Train Loss: 0.001296 (Data: 0.00129, Mono: 0.00002) | Val MSE: 0.000146 (RMSE: 0.0121) 
2026-09-13 14:58:51,667 - INFO - Epoch [1600/2000] LR: 0.000011 | Train Loss: 0.001306 (Data: 0.00130, Mono: 0.00002) | Val MSE: 0.000145 (RMSE: 0.0120) 
2026-09-13 14:58:52,371 - INFO - Epoch [1610/2000] LR: 0.000011 | Train Loss: 0.001353 (Data: 0.00135, Mono: 0.00002) | Val MSE: 0.000143 (RMSE: 0.0119) 
2026-09-13 14:58:53,071 - INFO - Epoch [1620/2000] LR: 0.000010 | Train Loss: 0.001347 (Data: 0.00134, Mono: 0.00001) | Val MSE: 0.000145 (RMSE: 0.0120) 
2026-09-13 14:58:53,775 - INFO - Epoch [1630/2000] LR: 0.000010 | Train Loss: 0.001339 (Data: 0.00133, Mono: 0.00002) | Val MSE: 0.000142 (RMSE: 0.0119) 
2026-09-13 14:58:54,471 - INFO - Epoch [1640/2000] LR: 0.000009 | Train Loss: 0.001345 (Data: 0.00134, Mono: 0.00001) | Val MSE: 0.000147 (RMSE: 0.0121) 
2026-09-13 14:58:55,143 - INFO - Epoch [1650/2000] LR: 0.000009 | Train Loss: 0.001333 (Data: 0.00133, Mono: 0.00002) | Val MSE: 0.000145 (RMSE: 0.0121) 
2026-09-13 14:58:55,809 - INFO - Epoch [1660/2000] LR: 0.000009 | Train Loss: 0.001321 (Data: 0.00131, Mono: 0.00002) | Val MSE: 0.000145 (RMSE: 0.0120) 
2026-09-13 14:58:56,409 - INFO - Epoch [1670/2000] LR: 0.000008 | Train Loss: 0.001321 (Data: 0.00132, Mono: 0.00002) | Val MSE: 0.000147 (RMSE: 0.0121) 
2026-09-13 14:58:57,055 - INFO - Epoch [1680/2000] LR: 0.000008 | Train Loss: 0.001317 (Data: 0.00131, Mono: 0.00001) | Val MSE: 0.000145 (RMSE: 0.0120) 
2026-09-13 14:58:57,713 - INFO - Epoch [1690/2000] LR: 0.000007 | Train Loss: 0.001308 (Data: 0.00130, Mono: 0.00001) | Val MSE: 0.000143 (RMSE: 0.0120) 
2026-09-13 14:58:58,376 - INFO - Epoch [1700/2000] LR: 0.000007 | Train Loss: 0.001319 (Data: 0.00131, Mono: 0.00001) | Val MSE: 0.000143 (RMSE: 0.0119) 
2026-09-13 14:58:59,035 - INFO - Epoch [1710/2000] LR: 0.000007 | Train Loss: 0.001291 (Data: 0.00129, Mono: 0.00001) | Val MSE: 0.000147 (RMSE: 0.0121) 
2026-09-13 14:58:59,704 - INFO - Epoch [1720/2000] LR: 0.000006 | Train Loss: 0.001311 (Data: 0.00131, Mono: 0.00002) | Val MSE: 0.000143 (RMSE: 0.0120) 
2026-09-13 14:59:00,361 - INFO - Epoch [1730/2000] LR: 0.000006 | Train Loss: 0.001337 (Data: 0.00133, Mono: 0.00002) | Val MSE: 0.000145 (RMSE: 0.0121) 
2026-09-13 14:59:00,994 - INFO - Epoch [1740/2000] LR: 0.000006 | Train Loss: 0.001323 (Data: 0.00132, Mono: 0.00001) | Val MSE: 0.000145 (RMSE: 0.0120) 
2026-09-13 14:59:01,653 - INFO - Epoch [1750/2000] LR: 0.000005 | Train Loss: 0.001335 (Data: 0.00133, Mono: 0.00001) | Val MSE: 0.000145 (RMSE: 0.0120) 
2026-09-13 14:59:02,346 - INFO - Epoch [1760/2000] LR: 0.000005 | Train Loss: 0.001318 (Data: 0.00131, Mono: 0.00002) | Val MSE: 0.000143 (RMSE: 0.0120) 
2026-09-13 14:59:03,060 - INFO - Epoch [1770/2000] LR: 0.000005 | Train Loss: 0.001296 (Data: 0.00129, Mono: 0.00001) | Val MSE: 0.000146 (RMSE: 0.0121) 
2026-09-13 14:59:03,742 - INFO - Epoch [1780/2000] LR: 0.000005 | Train Loss: 0.001312 (Data: 0.00131, Mono: 0.00002) | Val MSE: 0.000146 (RMSE: 0.0121) 
2026-09-13 14:59:04,459 - INFO - Epoch [1790/2000] LR: 0.000004 | Train Loss: 0.001345 (Data: 0.00134, Mono: 0.00002) | Val MSE: 0.000145 (RMSE: 0.0120) 
2026-09-13 14:59:05,144 - INFO - Epoch [1800/2000] LR: 0.000004 | Train Loss: 0.001349 (Data: 0.00134, Mono: 0.00002) | Val MSE: 0.000145 (RMSE: 0.0120) 
2026-09-13 14:59:05,857 - INFO - Epoch [1810/2000] LR: 0.000004 | Train Loss: 0.001288 (Data: 0.00128, Mono: 0.00002) | Val MSE: 0.000146 (RMSE: 0.0121) 
2026-09-13 14:59:06,531 - INFO - Epoch [1820/2000] LR: 0.000004 | Train Loss: 0.001349 (Data: 0.00134, Mono: 0.00002) | Val MSE: 0.000147 (RMSE: 0.0121) 
2026-09-13 14:59:07,240 - INFO - Epoch [1830/2000] LR: 0.000003 | Train Loss: 0.001328 (Data: 0.00132, Mono: 0.00002) | Val MSE: 0.000144 (RMSE: 0.0120) 
2026-09-13 14:59:07,947 - INFO - Epoch [1840/2000] LR: 0.000003 | Train Loss: 0.001308 (Data: 0.00130, Mono: 0.00001) | Val MSE: 0.000145 (RMSE: 0.0120) 
2026-09-13 14:59:08,656 - INFO - Epoch [1850/2000] LR: 0.000003 | Train Loss: 0.001308 (Data: 0.00130, Mono: 0.00002) | Val MSE: 0.000145 (RMSE: 0.0120) 
2026-09-13 14:59:09,329 - INFO - Epoch [1860/2000] LR: 0.000003 | Train Loss: 0.001288 (Data: 0.00128, Mono: 0.00002) | Val MSE: 0.000146 (RMSE: 0.0121) 
2026-09-13 14:59:10,031 - INFO - Epoch [1870/2000] LR: 0.000003 | Train Loss: 0.001319 (Data: 0.00131, Mono: 0.00001) | Val MSE: 0.000146 (RMSE: 0.0121) 
2026-09-13 14:59:10,689 - INFO - Epoch [1880/2000] LR: 0.000002 | Train Loss: 0.001342 (Data: 0.00134, Mono: 0.00002) | Val MSE: 0.000145 (RMSE: 0.0120) 
2026-09-13 14:59:11,344 - INFO - Epoch [1890/2000] LR: 0.000002 | Train Loss: 0.001281 (Data: 0.00127, Mono: 0.00001) | Val MSE: 0.000145 (RMSE: 0.0121) 
2026-09-13 14:59:11,996 - INFO - Epoch [1900/2000] LR: 0.000002 | Train Loss: 0.001307 (Data: 0.00130, Mono: 0.00002) | Val MSE: 0.000145 (RMSE: 0.0120) 
2026-09-13 14:59:12,661 - INFO - Epoch [1910/2000] LR: 0.000002 | Train Loss: 0.001266 (Data: 0.00126, Mono: 0.00001) | Val MSE: 0.000146 (RMSE: 0.0121) 
2026-09-13 14:59:13,339 - INFO - Epoch [1920/2000] LR: 0.000002 | Train Loss: 0.001324 (Data: 0.00132, Mono: 0.00002) | Val MSE: 0.000146 (RMSE: 0.0121) 
2026-09-13 14:59:14,012 - INFO - Epoch [1930/2000] LR: 0.000002 | Train Loss: 0.001305 (Data: 0.00130, Mono: 0.00001) | Val MSE: 0.000146 (RMSE: 0.0121) 
2026-09-13 14:59:14,662 - INFO - Epoch [1940/2000] LR: 0.000002 | Train Loss: 0.001330 (Data: 0.00132, Mono: 0.00002) | Val MSE: 0.000145 (RMSE: 0.0120) 
2026-09-13 14:59:15,256 - INFO - Epoch [1950/2000] LR: 0.000002 | Train Loss: 0.001317 (Data: 0.00131, Mono: 0.00002) | Val MSE: 0.000146 (RMSE: 0.0121) 
2026-09-13 14:59:15,909 - INFO - Epoch [1960/2000] LR: 0.000002 | Train Loss: 0.001296 (Data: 0.00129, Mono: 0.00002) | Val MSE: 0.000145 (RMSE: 0.0120) 
2026-09-13 14:59:16,560 - INFO - Epoch [1970/2000] LR: 0.000002 | Train Loss: 0.001333 (Data: 0.00133, Mono: 0.00002) | Val MSE: 0.000146 (RMSE: 0.0121) 
2026-09-13 14:59:17,220 - INFO - Epoch [1980/2000] LR: 0.000002 | Train Loss: 0.001273 (Data: 0.00127, Mono: 0.00002) | Val MSE: 0.000145 (RMSE: 0.0120) 
2026-09-13 14:59:17,933 - INFO - Epoch [1990/2000] LR: 0.000002 | Train Loss: 0.001249 (Data: 0.00124, Mono: 0.00002) | Val MSE: 0.000145 (RMSE: 0.0120) 
2026-09-13 14:59:18,595 - INFO - Epoch [2000/2000] LR: 0.000002 | Train Loss: 0.001290 (Data: 0.00128, Mono: 0.00001) | Val MSE: 0.000145 (RMSE: 0.0121) 
2026-09-13 14:59:18,595 - INFO - Training completed in 134.33s. Loading best checkpoint from epoch 191 for final test evaluation...
2026-09-13 14:59:18,620 - INFO - ==================================================
2026-09-13 14:59:18,620 - INFO - Test Results for [XJTU] - [3C] (Best Epoch 191):
2026-09-13 14:59:18,620 - INFO -   Test RMSE: 0.014088
2026-09-13 14:59:18,624 - INFO -   Test MAE:  0.012375
2026-09-13 14:59:18,624 - INFO -   Test MAPE: 1.298831
2026-09-13 14:59:18,624 - INFO -   Test MSE:  0.000198
2026-09-13 14:59:18,624 - INFO - ==================================================
2026-09-13 15:07:01,336 - INFO - ==================================================
2026-09-13 15:07:01,336 - INFO - Starting FusionMLP Training for [XJTU] - [3C]
2026-09-13 15:07:01,336 - INFO - Device: cuda | Epochs: 2000 | LR: 0.000100 | Mono Weight: 0.4000 | Knee Feature: True
2026-09-13 15:07:01,344 - INFO - ==================================================
2026-09-13 15:07:01,451 - INFO - Data Splits: Train=10, Val=2, Test=3
2026-09-13 15:07:01,553 - INFO - Epoch [   1/2000] LR: 0.006063 | Train Loss: 1.755115 (Data: 1.75510, Mono: 0.00005) | Val MSE: 0.807006 (RMSE: 0.8983) [BEST]
2026-09-13 15:07:01,631 - INFO - Epoch [   2/2000] LR: 0.005857 | Train Loss: 0.781329 (Data: 0.78131, Mono: 0.00005) | Val MSE: 0.801040 (RMSE: 0.8950) [BEST]
2026-09-13 15:07:01,713 - INFO - Epoch [   3/2000] LR: 0.005651 | Train Loss: 0.774290 (Data: 0.77427, Mono: 0.00004) | Val MSE: 0.785270 (RMSE: 0.8862) [BEST]
2026-09-13 15:07:01,791 - INFO - Epoch [   4/2000] LR: 0.005446 | Train Loss: 0.765991 (Data: 0.76597, Mono: 0.00005) | Val MSE: 0.760012 (RMSE: 0.8718) [BEST]
2026-09-13 15:07:01,867 - INFO - Epoch [   5/2000] LR: 0.005240 | Train Loss: 0.519483 (Data: 0.51945, Mono: 0.00007) | Val MSE: 0.445456 (RMSE: 0.6674) [BEST]
2026-09-13 15:07:01,945 - INFO - Epoch [   6/2000] LR: 0.005035 | Train Loss: 0.149925 (Data: 0.14990, Mono: 0.00007) | Val MSE: 0.010526 (RMSE: 0.1026) [BEST]
2026-09-13 15:07:02,019 - INFO - Epoch [   7/2000] LR: 0.004829 | Train Loss: 0.047503 (Data: 0.04748, Mono: 0.00005) | Val MSE: 0.002585 (RMSE: 0.0508) [BEST]
2026-09-13 15:07:02,236 - INFO - Epoch [  10/2000] LR: 0.004212 | Train Loss: 0.009932 (Data: 0.00992, Mono: 0.00004) | Val MSE: 0.000378 (RMSE: 0.0194) [BEST]
2026-09-13 15:07:02,360 - INFO - Epoch [  12/2000] LR: 0.003801 | Train Loss: 0.006430 (Data: 0.00642, Mono: 0.00003) | Val MSE: 0.000261 (RMSE: 0.0162) [BEST]
2026-09-13 15:07:02,621 - INFO - Epoch [  16/2000] LR: 0.002979 | Train Loss: 0.005273 (Data: 0.00526, Mono: 0.00004) | Val MSE: 0.000193 (RMSE: 0.0139) [BEST]
2026-09-13 15:07:02,788 - INFO - Epoch [  18/2000] LR: 0.002567 | Train Loss: 0.004892 (Data: 0.00488, Mono: 0.00003) | Val MSE: 0.000173 (RMSE: 0.0132) [BEST]
2026-09-13 15:07:02,939 - INFO - Epoch [  20/2000] LR: 0.002156 | Train Loss: 0.004677 (Data: 0.00466, Mono: 0.00003) | Val MSE: 0.000355 (RMSE: 0.0188) 
2026-09-13 15:07:03,092 - INFO - Epoch [  22/2000] LR: 0.001745 | Train Loss: 0.004415 (Data: 0.00440, Mono: 0.00003) | Val MSE: 0.000154 (RMSE: 0.0124) [BEST]
2026-09-13 15:07:03,437 - INFO - Epoch [  27/2000] LR: 0.000717 | Train Loss: 0.004136 (Data: 0.00412, Mono: 0.00003) | Val MSE: 0.000137 (RMSE: 0.0117) [BEST]
2026-09-13 15:07:03,631 - INFO - Epoch [  30/2000] LR: 0.000100 | Train Loss: 0.003867 (Data: 0.00386, Mono: 0.00003) | Val MSE: 0.000167 (RMSE: 0.0129) 
2026-09-13 15:07:03,799 - INFO - Epoch [  32/2000] LR: 0.000100 | Train Loss: 0.003790 (Data: 0.00378, Mono: 0.00003) | Val MSE: 0.000136 (RMSE: 0.0117) [BEST]
2026-09-13 15:07:04,307 - INFO - Epoch [  40/2000] LR: 0.000100 | Train Loss: 0.003914 (Data: 0.00390, Mono: 0.00003) | Val MSE: 0.000140 (RMSE: 0.0118) 
2026-09-13 15:07:04,975 - INFO - Epoch [  49/2000] LR: 0.000100 | Train Loss: 0.003869 (Data: 0.00385, Mono: 0.00003) | Val MSE: 0.000135 (RMSE: 0.0116) [BEST]
2026-09-13 15:07:05,047 - INFO - Epoch [  50/2000] LR: 0.000100 | Train Loss: 0.003769 (Data: 0.00376, Mono: 0.00003) | Val MSE: 0.000137 (RMSE: 0.0117) 
2026-09-13 15:07:05,125 - INFO - Epoch [  51/2000] LR: 0.000100 | Train Loss: 0.003778 (Data: 0.00377, Mono: 0.00003) | Val MSE: 0.000135 (RMSE: 0.0116) [BEST]
2026-09-13 15:07:05,306 - INFO - Epoch [  54/2000] LR: 0.000100 | Train Loss: 0.003653 (Data: 0.00364, Mono: 0.00003) | Val MSE: 0.000133 (RMSE: 0.0115) [BEST]
2026-09-13 15:07:05,370 - INFO - Epoch [  55/2000] LR: 0.000100 | Train Loss: 0.003652 (Data: 0.00364, Mono: 0.00003) | Val MSE: 0.000129 (RMSE: 0.0114) [BEST]
2026-09-13 15:07:05,716 - INFO - Epoch [  60/2000] LR: 0.000100 | Train Loss: 0.003692 (Data: 0.00368, Mono: 0.00003) | Val MSE: 0.000131 (RMSE: 0.0115) 
2026-09-13 15:07:06,185 - INFO - Epoch [  67/2000] LR: 0.000100 | Train Loss: 0.003685 (Data: 0.00367, Mono: 0.00003) | Val MSE: 0.000128 (RMSE: 0.0113) [BEST]
2026-09-13 15:07:06,388 - INFO - Epoch [  70/2000] LR: 0.000100 | Train Loss: 0.003701 (Data: 0.00369, Mono: 0.00003) | Val MSE: 0.000145 (RMSE: 0.0120) 
2026-09-13 15:07:06,926 - INFO - Epoch [  79/2000] LR: 0.000100 | Train Loss: 0.003603 (Data: 0.00359, Mono: 0.00003) | Val MSE: 0.000126 (RMSE: 0.0112) [BEST]
2026-09-13 15:07:06,989 - INFO - Epoch [  80/2000] LR: 0.000100 | Train Loss: 0.003595 (Data: 0.00358, Mono: 0.00003) | Val MSE: 0.000137 (RMSE: 0.0117) 
2026-09-13 15:07:07,357 - INFO - Epoch [  86/2000] LR: 0.000100 | Train Loss: 0.003608 (Data: 0.00360, Mono: 0.00003) | Val MSE: 0.000125 (RMSE: 0.0112) [BEST]
2026-09-13 15:07:07,639 - INFO - Epoch [  90/2000] LR: 0.000100 | Train Loss: 0.003528 (Data: 0.00352, Mono: 0.00003) | Val MSE: 0.000136 (RMSE: 0.0117) 
2026-09-13 15:07:07,706 - INFO - Epoch [  91/2000] LR: 0.000100 | Train Loss: 0.003590 (Data: 0.00358, Mono: 0.00003) | Val MSE: 0.000122 (RMSE: 0.0110) [BEST]
2026-09-13 15:07:07,938 - INFO - Epoch [  95/2000] LR: 0.000100 | Train Loss: 0.003487 (Data: 0.00348, Mono: 0.00003) | Val MSE: 0.000121 (RMSE: 0.0110) [BEST]
2026-09-13 15:07:08,257 - INFO - Epoch [ 100/2000] LR: 0.000100 | Train Loss: 0.003484 (Data: 0.00347, Mono: 0.00003) | Val MSE: 0.000135 (RMSE: 0.0116) 
2026-09-13 15:07:08,332 - INFO - Epoch [ 101/2000] LR: 0.000100 | Train Loss: 0.003454 (Data: 0.00344, Mono: 0.00003) | Val MSE: 0.000119 (RMSE: 0.0109) [BEST]
2026-09-13 15:07:08,740 - INFO - Epoch [ 107/2000] LR: 0.000100 | Train Loss: 0.003392 (Data: 0.00338, Mono: 0.00003) | Val MSE: 0.000117 (RMSE: 0.0108) [BEST]
2026-09-13 15:07:08,923 - INFO - Epoch [ 110/2000] LR: 0.000100 | Train Loss: 0.003394 (Data: 0.00338, Mono: 0.00003) | Val MSE: 0.000140 (RMSE: 0.0118) 
2026-09-13 15:07:08,979 - INFO - Epoch [ 111/2000] LR: 0.000100 | Train Loss: 0.003319 (Data: 0.00331, Mono: 0.00003) | Val MSE: 0.000117 (RMSE: 0.0108) [BEST]
2026-09-13 15:07:09,275 - INFO - Epoch [ 116/2000] LR: 0.000100 | Train Loss: 0.003232 (Data: 0.00322, Mono: 0.00003) | Val MSE: 0.000116 (RMSE: 0.0108) [BEST]
2026-09-13 15:07:09,342 - INFO - Epoch [ 117/2000] LR: 0.000100 | Train Loss: 0.003276 (Data: 0.00326, Mono: 0.00003) | Val MSE: 0.000114 (RMSE: 0.0107) [BEST]
2026-09-13 15:07:09,536 - INFO - Epoch [ 120/2000] LR: 0.000099 | Train Loss: 0.003340 (Data: 0.00333, Mono: 0.00003) | Val MSE: 0.000115 (RMSE: 0.0107) 
2026-09-13 15:07:09,607 - INFO - Epoch [ 121/2000] LR: 0.000099 | Train Loss: 0.003259 (Data: 0.00325, Mono: 0.00003) | Val MSE: 0.000112 (RMSE: 0.0106) [BEST]
2026-09-13 15:07:10,101 - INFO - Epoch [ 128/2000] LR: 0.000099 | Train Loss: 0.003165 (Data: 0.00315, Mono: 0.00003) | Val MSE: 0.000111 (RMSE: 0.0105) [BEST]
2026-09-13 15:07:10,243 - INFO - Epoch [ 130/2000] LR: 0.000099 | Train Loss: 0.003265 (Data: 0.00325, Mono: 0.00003) | Val MSE: 0.000149 (RMSE: 0.0122) 
2026-09-13 15:07:10,308 - INFO - Epoch [ 131/2000] LR: 0.000099 | Train Loss: 0.003255 (Data: 0.00324, Mono: 0.00003) | Val MSE: 0.000110 (RMSE: 0.0105) [BEST]
2026-09-13 15:07:10,796 - INFO - Epoch [ 139/2000] LR: 0.000099 | Train Loss: 0.003238 (Data: 0.00323, Mono: 0.00003) | Val MSE: 0.000110 (RMSE: 0.0105) [BEST]
2026-09-13 15:07:10,863 - INFO - Epoch [ 140/2000] LR: 0.000099 | Train Loss: 0.003080 (Data: 0.00307, Mono: 0.00003) | Val MSE: 0.000111 (RMSE: 0.0106) 
2026-09-13 15:07:11,210 - INFO - Epoch [ 145/2000] LR: 0.000099 | Train Loss: 0.003108 (Data: 0.00310, Mono: 0.00003) | Val MSE: 0.000106 (RMSE: 0.0103) [BEST]
2026-09-13 15:07:11,537 - INFO - Epoch [ 150/2000] LR: 0.000099 | Train Loss: 0.003112 (Data: 0.00310, Mono: 0.00003) | Val MSE: 0.000131 (RMSE: 0.0114) 
2026-09-13 15:07:11,801 - INFO - Epoch [ 154/2000] LR: 0.000099 | Train Loss: 0.003054 (Data: 0.00304, Mono: 0.00003) | Val MSE: 0.000103 (RMSE: 0.0101) [BEST]
2026-09-13 15:07:12,221 - INFO - Epoch [ 160/2000] LR: 0.000099 | Train Loss: 0.003091 (Data: 0.00308, Mono: 0.00003) | Val MSE: 0.000102 (RMSE: 0.0101) [BEST]
2026-09-13 15:07:12,440 - INFO - Epoch [ 163/2000] LR: 0.000099 | Train Loss: 0.002995 (Data: 0.00298, Mono: 0.00003) | Val MSE: 0.000102 (RMSE: 0.0101) [BEST]
2026-09-13 15:07:12,907 - INFO - Epoch [ 170/2000] LR: 0.000099 | Train Loss: 0.003044 (Data: 0.00303, Mono: 0.00003) | Val MSE: 0.000102 (RMSE: 0.0101) 
2026-09-13 15:07:13,078 - INFO - Epoch [ 173/2000] LR: 0.000099 | Train Loss: 0.002880 (Data: 0.00287, Mono: 0.00003) | Val MSE: 0.000098 (RMSE: 0.0099) [BEST]
2026-09-13 15:07:13,564 - INFO - Epoch [ 180/2000] LR: 0.000099 | Train Loss: 0.003009 (Data: 0.00300, Mono: 0.00003) | Val MSE: 0.000108 (RMSE: 0.0104) 
2026-09-13 15:07:13,784 - INFO - Epoch [ 183/2000] LR: 0.000099 | Train Loss: 0.002950 (Data: 0.00294, Mono: 0.00003) | Val MSE: 0.000098 (RMSE: 0.0099) [BEST]
2026-09-13 15:07:14,281 - INFO - Epoch [ 190/2000] LR: 0.000098 | Train Loss: 0.002811 (Data: 0.00280, Mono: 0.00003) | Val MSE: 0.000111 (RMSE: 0.0105) 
2026-09-13 15:07:14,435 - INFO - Epoch [ 192/2000] LR: 0.000098 | Train Loss: 0.002785 (Data: 0.00277, Mono: 0.00003) | Val MSE: 0.000094 (RMSE: 0.0097) [BEST]
2026-09-13 15:07:15,030 - INFO - Epoch [ 200/2000] LR: 0.000098 | Train Loss: 0.002718 (Data: 0.00271, Mono: 0.00003) | Val MSE: 0.000122 (RMSE: 0.0110) 
2026-09-13 15:07:15,178 - INFO - Epoch [ 202/2000] LR: 0.000098 | Train Loss: 0.002773 (Data: 0.00276, Mono: 0.00003) | Val MSE: 0.000092 (RMSE: 0.0096) [BEST]
2026-09-13 15:07:15,482 - INFO - Epoch [ 206/2000] LR: 0.000098 | Train Loss: 0.002744 (Data: 0.00273, Mono: 0.00003) | Val MSE: 0.000092 (RMSE: 0.0096) [BEST]
2026-09-13 15:07:15,766 - INFO - Epoch [ 210/2000] LR: 0.000098 | Train Loss: 0.002664 (Data: 0.00265, Mono: 0.00002) | Val MSE: 0.000128 (RMSE: 0.0113) 
2026-09-13 15:07:15,920 - INFO - Epoch [ 212/2000] LR: 0.000098 | Train Loss: 0.002715 (Data: 0.00270, Mono: 0.00003) | Val MSE: 0.000091 (RMSE: 0.0095) [BEST]
2026-09-13 15:07:16,501 - INFO - Epoch [ 220/2000] LR: 0.000098 | Train Loss: 0.002659 (Data: 0.00265, Mono: 0.00003) | Val MSE: 0.000090 (RMSE: 0.0095) [BEST]
2026-09-13 15:07:17,007 - INFO - Epoch [ 227/2000] LR: 0.000098 | Train Loss: 0.002567 (Data: 0.00256, Mono: 0.00002) | Val MSE: 0.000087 (RMSE: 0.0093) [BEST]
2026-09-13 15:07:17,242 - INFO - Epoch [ 230/2000] LR: 0.000098 | Train Loss: 0.002629 (Data: 0.00262, Mono: 0.00002) | Val MSE: 0.000101 (RMSE: 0.0100) 
2026-09-13 15:07:17,469 - INFO - Epoch [ 233/2000] LR: 0.000097 | Train Loss: 0.002624 (Data: 0.00261, Mono: 0.00002) | Val MSE: 0.000087 (RMSE: 0.0093) [BEST]
2026-09-13 15:07:17,704 - INFO - Epoch [ 236/2000] LR: 0.000097 | Train Loss: 0.002567 (Data: 0.00256, Mono: 0.00002) | Val MSE: 0.000086 (RMSE: 0.0093) [BEST]
2026-09-13 15:07:17,995 - INFO - Epoch [ 240/2000] LR: 0.000097 | Train Loss: 0.002572 (Data: 0.00256, Mono: 0.00002) | Val MSE: 0.000087 (RMSE: 0.0093) 
2026-09-13 15:07:18,294 - INFO - Epoch [ 245/2000] LR: 0.000097 | Train Loss: 0.002563 (Data: 0.00255, Mono: 0.00002) | Val MSE: 0.000085 (RMSE: 0.0092) [BEST]
2026-09-13 15:07:18,631 - INFO - Epoch [ 250/2000] LR: 0.000097 | Train Loss: 0.002422 (Data: 0.00241, Mono: 0.00002) | Val MSE: 0.000092 (RMSE: 0.0096) 
2026-09-13 15:07:19,328 - INFO - Epoch [ 260/2000] LR: 0.000097 | Train Loss: 0.002502 (Data: 0.00249, Mono: 0.00002) | Val MSE: 0.000088 (RMSE: 0.0094) 
2026-09-13 15:07:19,422 - INFO - Epoch [ 261/2000] LR: 0.000097 | Train Loss: 0.002402 (Data: 0.00239, Mono: 0.00002) | Val MSE: 0.000083 (RMSE: 0.0091) [BEST]
2026-09-13 15:07:19,634 - INFO - Epoch [ 264/2000] LR: 0.000097 | Train Loss: 0.002370 (Data: 0.00236, Mono: 0.00002) | Val MSE: 0.000083 (RMSE: 0.0091) [BEST]
2026-09-13 15:07:19,991 - INFO - Epoch [ 270/2000] LR: 0.000096 | Train Loss: 0.002408 (Data: 0.00240, Mono: 0.00002) | Val MSE: 0.000085 (RMSE: 0.0092) 
2026-09-13 15:07:20,328 - INFO - Epoch [ 275/2000] LR: 0.000096 | Train Loss: 0.002322 (Data: 0.00231, Mono: 0.00002) | Val MSE: 0.000081 (RMSE: 0.0090) [BEST]
2026-09-13 15:07:20,648 - INFO - Epoch [ 280/2000] LR: 0.000096 | Train Loss: 0.002316 (Data: 0.00231, Mono: 0.00002) | Val MSE: 0.000117 (RMSE: 0.0108) 
2026-09-13 15:07:21,238 - INFO - Epoch [ 290/2000] LR: 0.000096 | Train Loss: 0.002364 (Data: 0.00236, Mono: 0.00002) | Val MSE: 0.000111 (RMSE: 0.0105) 
2026-09-13 15:07:21,444 - INFO - Epoch [ 293/2000] LR: 0.000096 | Train Loss: 0.002213 (Data: 0.00220, Mono: 0.00002) | Val MSE: 0.000080 (RMSE: 0.0090) [BEST]
2026-09-13 15:07:21,884 - INFO - Epoch [ 300/2000] LR: 0.000096 | Train Loss: 0.002310 (Data: 0.00230, Mono: 0.00002) | Val MSE: 0.000084 (RMSE: 0.0091) 
2026-09-13 15:07:22,007 - INFO - Epoch [ 302/2000] LR: 0.000095 | Train Loss: 0.002226 (Data: 0.00222, Mono: 0.00002) | Val MSE: 0.000079 (RMSE: 0.0089) [BEST]
2026-09-13 15:07:22,480 - INFO - Epoch [ 310/2000] LR: 0.000095 | Train Loss: 0.002278 (Data: 0.00227, Mono: 0.00002) | Val MSE: 0.000105 (RMSE: 0.0103) 
2026-09-13 15:07:22,881 - INFO - Epoch [ 316/2000] LR: 0.000095 | Train Loss: 0.002177 (Data: 0.00217, Mono: 0.00002) | Val MSE: 0.000078 (RMSE: 0.0088) [BEST]
2026-09-13 15:07:23,142 - INFO - Epoch [ 320/2000] LR: 0.000095 | Train Loss: 0.002225 (Data: 0.00222, Mono: 0.00002) | Val MSE: 0.000091 (RMSE: 0.0095) 
2026-09-13 15:07:23,549 - INFO - Epoch [ 326/2000] LR: 0.000095 | Train Loss: 0.002143 (Data: 0.00213, Mono: 0.00002) | Val MSE: 0.000077 (RMSE: 0.0088) [BEST]
2026-09-13 15:07:23,818 - INFO - Epoch [ 330/2000] LR: 0.000094 | Train Loss: 0.002130 (Data: 0.00212, Mono: 0.00002) | Val MSE: 0.000081 (RMSE: 0.0090) 
2026-09-13 15:07:24,466 - INFO - Epoch [ 340/2000] LR: 0.000094 | Train Loss: 0.002017 (Data: 0.00201, Mono: 0.00002) | Val MSE: 0.000110 (RMSE: 0.0105) 
2026-09-13 15:07:24,701 - INFO - Epoch [ 343/2000] LR: 0.000094 | Train Loss: 0.002039 (Data: 0.00203, Mono: 0.00002) | Val MSE: 0.000076 (RMSE: 0.0087) [BEST]
2026-09-13 15:07:25,141 - INFO - Epoch [ 350/2000] LR: 0.000094 | Train Loss: 0.002043 (Data: 0.00203, Mono: 0.00002) | Val MSE: 0.000075 (RMSE: 0.0087) [BEST]
2026-09-13 15:07:25,810 - INFO - Epoch [ 360/2000] LR: 0.000093 | Train Loss: 0.001992 (Data: 0.00198, Mono: 0.00002) | Val MSE: 0.000075 (RMSE: 0.0087) [BEST]
2026-09-13 15:07:26,412 - INFO - Epoch [ 369/2000] LR: 0.000093 | Train Loss: 0.001943 (Data: 0.00193, Mono: 0.00002) | Val MSE: 0.000075 (RMSE: 0.0087) [BEST]
2026-09-13 15:07:26,480 - INFO - Epoch [ 370/2000] LR: 0.000093 | Train Loss: 0.001966 (Data: 0.00196, Mono: 0.00002) | Val MSE: 0.000083 (RMSE: 0.0091) 
2026-09-13 15:07:27,103 - INFO - Epoch [ 380/2000] LR: 0.000093 | Train Loss: 0.001903 (Data: 0.00190, Mono: 0.00002) | Val MSE: 0.000074 (RMSE: 0.0086) [BEST]
2026-09-13 15:07:27,684 - INFO - Epoch [ 390/2000] LR: 0.000092 | Train Loss: 0.002054 (Data: 0.00205, Mono: 0.00002) | Val MSE: 0.000075 (RMSE: 0.0086) 
2026-09-13 15:07:28,280 - INFO - Epoch [ 400/2000] LR: 0.000092 | Train Loss: 0.001857 (Data: 0.00185, Mono: 0.00002) | Val MSE: 0.000076 (RMSE: 0.0087) 
2026-09-13 15:07:28,862 - INFO - Epoch [ 410/2000] LR: 0.000091 | Train Loss: 0.001919 (Data: 0.00191, Mono: 0.00002) | Val MSE: 0.000084 (RMSE: 0.0092) 
2026-09-13 15:07:29,447 - INFO - Epoch [ 420/2000] LR: 0.000091 | Train Loss: 0.001937 (Data: 0.00193, Mono: 0.00002) | Val MSE: 0.000095 (RMSE: 0.0098) 
2026-09-13 15:07:29,766 - INFO - Epoch [ 425/2000] LR: 0.000091 | Train Loss: 0.001789 (Data: 0.00178, Mono: 0.00002) | Val MSE: 0.000072 (RMSE: 0.0085) [BEST]
2026-09-13 15:07:30,073 - INFO - Epoch [ 430/2000] LR: 0.000090 | Train Loss: 0.001787 (Data: 0.00178, Mono: 0.00002) | Val MSE: 0.000076 (RMSE: 0.0087) 
2026-09-13 15:07:30,480 - INFO - Epoch [ 437/2000] LR: 0.000090 | Train Loss: 0.001724 (Data: 0.00172, Mono: 0.00002) | Val MSE: 0.000072 (RMSE: 0.0085) [BEST]
2026-09-13 15:07:30,656 - INFO - Epoch [ 440/2000] LR: 0.000090 | Train Loss: 0.001732 (Data: 0.00172, Mono: 0.00002) | Val MSE: 0.000077 (RMSE: 0.0088) 
2026-09-13 15:07:31,252 - INFO - Epoch [ 450/2000] LR: 0.000089 | Train Loss: 0.001828 (Data: 0.00182, Mono: 0.00002) | Val MSE: 0.000107 (RMSE: 0.0104) 
2026-09-13 15:07:31,835 - INFO - Epoch [ 460/2000] LR: 0.000089 | Train Loss: 0.001678 (Data: 0.00167, Mono: 0.00002) | Val MSE: 0.000074 (RMSE: 0.0086) 
2026-09-13 15:07:32,429 - INFO - Epoch [ 470/2000] LR: 0.000088 | Train Loss: 0.001665 (Data: 0.00166, Mono: 0.00002) | Val MSE: 0.000127 (RMSE: 0.0113) 
2026-09-13 15:07:33,018 - INFO - Epoch [ 480/2000] LR: 0.000088 | Train Loss: 0.001704 (Data: 0.00170, Mono: 0.00002) | Val MSE: 0.000082 (RMSE: 0.0090) 
2026-09-13 15:07:33,649 - INFO - Epoch [ 490/2000] LR: 0.000087 | Train Loss: 0.001653 (Data: 0.00165, Mono: 0.00002) | Val MSE: 0.000076 (RMSE: 0.0087) 
2026-09-13 15:07:34,223 - INFO - Epoch [ 500/2000] LR: 0.000087 | Train Loss: 0.001606 (Data: 0.00160, Mono: 0.00002) | Val MSE: 0.000079 (RMSE: 0.0089) 
2026-09-13 15:07:34,860 - INFO - Epoch [ 510/2000] LR: 0.000086 | Train Loss: 0.001627 (Data: 0.00162, Mono: 0.00002) | Val MSE: 0.000075 (RMSE: 0.0087) 
2026-09-13 15:07:35,476 - INFO - Epoch [ 520/2000] LR: 0.000086 | Train Loss: 0.001613 (Data: 0.00161, Mono: 0.00002) | Val MSE: 0.000143 (RMSE: 0.0120) 
2026-09-13 15:07:36,066 - INFO - Epoch [ 530/2000] LR: 0.000085 | Train Loss: 0.001610 (Data: 0.00160, Mono: 0.00002) | Val MSE: 0.000073 (RMSE: 0.0086) 
2026-09-13 15:07:36,653 - INFO - Epoch [ 540/2000] LR: 0.000085 | Train Loss: 0.001584 (Data: 0.00158, Mono: 0.00002) | Val MSE: 0.000086 (RMSE: 0.0093) 
2026-09-13 15:07:37,245 - INFO - Epoch [ 550/2000] LR: 0.000084 | Train Loss: 0.001604 (Data: 0.00160, Mono: 0.00002) | Val MSE: 0.000142 (RMSE: 0.0119) 
2026-09-13 15:07:37,843 - INFO - Epoch [ 560/2000] LR: 0.000083 | Train Loss: 0.001425 (Data: 0.00142, Mono: 0.00002) | Val MSE: 0.000085 (RMSE: 0.0092) 
2026-09-13 15:07:38,439 - INFO - Epoch [ 570/2000] LR: 0.000083 | Train Loss: 0.001469 (Data: 0.00146, Mono: 0.00002) | Val MSE: 0.000142 (RMSE: 0.0119) 
2026-09-13 15:07:39,029 - INFO - Epoch [ 580/2000] LR: 0.000082 | Train Loss: 0.001536 (Data: 0.00153, Mono: 0.00002) | Val MSE: 0.000120 (RMSE: 0.0110) 
2026-09-13 15:07:39,626 - INFO - Epoch [ 590/2000] LR: 0.000082 | Train Loss: 0.001412 (Data: 0.00140, Mono: 0.00002) | Val MSE: 0.000086 (RMSE: 0.0093) 
2026-09-13 15:07:40,209 - INFO - Epoch [ 600/2000] LR: 0.000081 | Train Loss: 0.001416 (Data: 0.00141, Mono: 0.00002) | Val MSE: 0.000076 (RMSE: 0.0087) 
2026-09-13 15:07:40,804 - INFO - Epoch [ 610/2000] LR: 0.000080 | Train Loss: 0.001397 (Data: 0.00139, Mono: 0.00002) | Val MSE: 0.000077 (RMSE: 0.0088) 
2026-09-13 15:07:41,428 - INFO - Epoch [ 620/2000] LR: 0.000080 | Train Loss: 0.001374 (Data: 0.00137, Mono: 0.00002) | Val MSE: 0.000095 (RMSE: 0.0097) 
2026-09-13 15:07:42,047 - INFO - Epoch [ 630/2000] LR: 0.000079 | Train Loss: 0.001403 (Data: 0.00140, Mono: 0.00002) | Val MSE: 0.000084 (RMSE: 0.0092) 
2026-09-13 15:07:42,635 - INFO - Epoch [ 640/2000] LR: 0.000078 | Train Loss: 0.001399 (Data: 0.00139, Mono: 0.00002) | Val MSE: 0.000083 (RMSE: 0.0091) 
2026-09-13 15:07:43,230 - INFO - Epoch [ 650/2000] LR: 0.000078 | Train Loss: 0.001385 (Data: 0.00138, Mono: 0.00002) | Val MSE: 0.000075 (RMSE: 0.0087) 
2026-09-13 15:07:43,819 - INFO - Epoch [ 660/2000] LR: 0.000077 | Train Loss: 0.001373 (Data: 0.00137, Mono: 0.00002) | Val MSE: 0.000083 (RMSE: 0.0091) 
2026-09-13 15:07:44,407 - INFO - Epoch [ 670/2000] LR: 0.000077 | Train Loss: 0.001315 (Data: 0.00131, Mono: 0.00002) | Val MSE: 0.000108 (RMSE: 0.0104) 
2026-09-13 15:07:45,002 - INFO - Epoch [ 680/2000] LR: 0.000076 | Train Loss: 0.001353 (Data: 0.00135, Mono: 0.00002) | Val MSE: 0.000077 (RMSE: 0.0088) 
2026-09-13 15:07:45,586 - INFO - Epoch [ 690/2000] LR: 0.000075 | Train Loss: 0.001275 (Data: 0.00127, Mono: 0.00002) | Val MSE: 0.000097 (RMSE: 0.0099) 
2026-09-13 15:07:46,169 - INFO - Epoch [ 700/2000] LR: 0.000074 | Train Loss: 0.001280 (Data: 0.00127, Mono: 0.00001) | Val MSE: 0.000084 (RMSE: 0.0092) 
2026-09-13 15:07:46,743 - INFO - Epoch [ 710/2000] LR: 0.000074 | Train Loss: 0.001259 (Data: 0.00125, Mono: 0.00002) | Val MSE: 0.000088 (RMSE: 0.0094) 
2026-09-13 15:07:47,340 - INFO - Epoch [ 720/2000] LR: 0.000073 | Train Loss: 0.001290 (Data: 0.00128, Mono: 0.00002) | Val MSE: 0.000094 (RMSE: 0.0097) 
2026-09-13 15:07:47,935 - INFO - Epoch [ 730/2000] LR: 0.000072 | Train Loss: 0.001298 (Data: 0.00129, Mono: 0.00002) | Val MSE: 0.000113 (RMSE: 0.0106) 
2026-09-13 15:07:48,531 - INFO - Epoch [ 740/2000] LR: 0.000072 | Train Loss: 0.001260 (Data: 0.00125, Mono: 0.00002) | Val MSE: 0.000103 (RMSE: 0.0101) 
2026-09-13 15:07:49,114 - INFO - Epoch [ 750/2000] LR: 0.000071 | Train Loss: 0.001248 (Data: 0.00124, Mono: 0.00002) | Val MSE: 0.000109 (RMSE: 0.0104) 
2026-09-13 15:07:49,704 - INFO - Epoch [ 760/2000] LR: 0.000070 | Train Loss: 0.001199 (Data: 0.00119, Mono: 0.00002) | Val MSE: 0.000105 (RMSE: 0.0103) 
2026-09-13 15:07:50,292 - INFO - Epoch [ 770/2000] LR: 0.000070 | Train Loss: 0.001200 (Data: 0.00119, Mono: 0.00002) | Val MSE: 0.000088 (RMSE: 0.0094) 
2026-09-13 15:07:50,899 - INFO - Epoch [ 780/2000] LR: 0.000069 | Train Loss: 0.001222 (Data: 0.00122, Mono: 0.00002) | Val MSE: 0.000098 (RMSE: 0.0099) 
2026-09-13 15:07:51,492 - INFO - Epoch [ 790/2000] LR: 0.000068 | Train Loss: 0.001230 (Data: 0.00122, Mono: 0.00002) | Val MSE: 0.000083 (RMSE: 0.0091) 
2026-09-13 15:07:52,084 - INFO - Epoch [ 800/2000] LR: 0.000067 | Train Loss: 0.001141 (Data: 0.00113, Mono: 0.00002) | Val MSE: 0.000105 (RMSE: 0.0103) 
2026-09-13 15:07:52,681 - INFO - Epoch [ 810/2000] LR: 0.000067 | Train Loss: 0.001175 (Data: 0.00117, Mono: 0.00002) | Val MSE: 0.000082 (RMSE: 0.0091) 
2026-09-13 15:07:53,274 - INFO - Epoch [ 820/2000] LR: 0.000066 | Train Loss: 0.001147 (Data: 0.00114, Mono: 0.00001) | Val MSE: 0.000084 (RMSE: 0.0092) 
2026-09-13 15:07:53,865 - INFO - Epoch [ 830/2000] LR: 0.000065 | Train Loss: 0.001165 (Data: 0.00116, Mono: 0.00001) | Val MSE: 0.000130 (RMSE: 0.0114) 
2026-09-13 15:07:54,443 - INFO - Epoch [ 840/2000] LR: 0.000064 | Train Loss: 0.001132 (Data: 0.00113, Mono: 0.00002) | Val MSE: 0.000107 (RMSE: 0.0103) 
2026-09-13 15:07:55,037 - INFO - Epoch [ 850/2000] LR: 0.000064 | Train Loss: 0.001198 (Data: 0.00119, Mono: 0.00002) | Val MSE: 0.000099 (RMSE: 0.0100) 
2026-09-13 15:07:55,631 - INFO - Epoch [ 860/2000] LR: 0.000063 | Train Loss: 0.001121 (Data: 0.00112, Mono: 0.00001) | Val MSE: 0.000152 (RMSE: 0.0123) 
2026-09-13 15:07:56,238 - INFO - Epoch [ 870/2000] LR: 0.000062 | Train Loss: 0.001179 (Data: 0.00117, Mono: 0.00001) | Val MSE: 0.000094 (RMSE: 0.0097) 
2026-09-13 15:07:56,930 - INFO - Epoch [ 880/2000] LR: 0.000061 | Train Loss: 0.001112 (Data: 0.00111, Mono: 0.00001) | Val MSE: 0.000118 (RMSE: 0.0109) 
2026-09-13 15:07:57,694 - INFO - Epoch [ 890/2000] LR: 0.000061 | Train Loss: 0.001247 (Data: 0.00124, Mono: 0.00001) | Val MSE: 0.000228 (RMSE: 0.0151) 
2026-09-13 15:07:58,423 - INFO - Epoch [ 900/2000] LR: 0.000060 | Train Loss: 0.001083 (Data: 0.00108, Mono: 0.00002) | Val MSE: 0.000095 (RMSE: 0.0098) 
2026-09-13 15:07:59,139 - INFO - Epoch [ 910/2000] LR: 0.000059 | Train Loss: 0.001069 (Data: 0.00106, Mono: 0.00001) | Val MSE: 0.000086 (RMSE: 0.0093) 
2026-09-13 15:07:59,832 - INFO - Epoch [ 920/2000] LR: 0.000058 | Train Loss: 0.001160 (Data: 0.00115, Mono: 0.00001) | Val MSE: 0.000083 (RMSE: 0.0091) 
2026-09-13 15:08:00,521 - INFO - Epoch [ 930/2000] LR: 0.000057 | Train Loss: 0.001144 (Data: 0.00114, Mono: 0.00001) | Val MSE: 0.000093 (RMSE: 0.0097) 
2026-09-13 15:08:01,220 - INFO - Epoch [ 940/2000] LR: 0.000057 | Train Loss: 0.001056 (Data: 0.00105, Mono: 0.00001) | Val MSE: 0.000094 (RMSE: 0.0097) 
2026-09-13 15:08:01,886 - INFO - Epoch [ 950/2000] LR: 0.000056 | Train Loss: 0.001084 (Data: 0.00108, Mono: 0.00001) | Val MSE: 0.000089 (RMSE: 0.0094) 
2026-09-13 15:08:02,592 - INFO - Epoch [ 960/2000] LR: 0.000055 | Train Loss: 0.001010 (Data: 0.00101, Mono: 0.00001) | Val MSE: 0.000083 (RMSE: 0.0091) 
2026-09-13 15:08:03,308 - INFO - Epoch [ 970/2000] LR: 0.000054 | Train Loss: 0.001021 (Data: 0.00102, Mono: 0.00001) | Val MSE: 0.000142 (RMSE: 0.0119) 
2026-09-13 15:08:04,033 - INFO - Epoch [ 980/2000] LR: 0.000054 | Train Loss: 0.001027 (Data: 0.00102, Mono: 0.00001) | Val MSE: 0.000087 (RMSE: 0.0094) 
2026-09-13 15:08:04,726 - INFO - Epoch [ 990/2000] LR: 0.000053 | Train Loss: 0.001025 (Data: 0.00102, Mono: 0.00001) | Val MSE: 0.000087 (RMSE: 0.0093) 
2026-09-13 15:08:05,415 - INFO - Epoch [1000/2000] LR: 0.000052 | Train Loss: 0.001085 (Data: 0.00108, Mono: 0.00001) | Val MSE: 0.000085 (RMSE: 0.0092) 
2026-09-13 15:08:06,129 - INFO - Epoch [1010/2000] LR: 0.000051 | Train Loss: 0.001062 (Data: 0.00106, Mono: 0.00001) | Val MSE: 0.000085 (RMSE: 0.0092) 
2026-09-13 15:08:06,850 - INFO - Epoch [1020/2000] LR: 0.000050 | Train Loss: 0.001022 (Data: 0.00102, Mono: 0.00001) | Val MSE: 0.000091 (RMSE: 0.0096) 
2026-09-13 15:08:07,565 - INFO - Epoch [1030/2000] LR: 0.000050 | Train Loss: 0.001063 (Data: 0.00106, Mono: 0.00001) | Val MSE: 0.000143 (RMSE: 0.0120) 
2026-09-13 15:08:08,284 - INFO - Epoch [1040/2000] LR: 0.000049 | Train Loss: 0.001021 (Data: 0.00102, Mono: 0.00001) | Val MSE: 0.000093 (RMSE: 0.0097) 
2026-09-13 15:08:08,978 - INFO - Epoch [1050/2000] LR: 0.000048 | Train Loss: 0.001041 (Data: 0.00104, Mono: 0.00001) | Val MSE: 0.000104 (RMSE: 0.0102) 
2026-09-13 15:08:09,694 - INFO - Epoch [1060/2000] LR: 0.000047 | Train Loss: 0.001043 (Data: 0.00104, Mono: 0.00001) | Val MSE: 0.000088 (RMSE: 0.0094) 
2026-09-13 15:08:10,400 - INFO - Epoch [1070/2000] LR: 0.000046 | Train Loss: 0.001003 (Data: 0.00100, Mono: 0.00001) | Val MSE: 0.000092 (RMSE: 0.0096) 
2026-09-13 15:08:11,077 - INFO - Epoch [1080/2000] LR: 0.000046 | Train Loss: 0.001001 (Data: 0.00100, Mono: 0.00001) | Val MSE: 0.000095 (RMSE: 0.0097) 
2026-09-13 15:08:11,641 - INFO - Epoch [1090/2000] LR: 0.000045 | Train Loss: 0.000991 (Data: 0.00099, Mono: 0.00001) | Val MSE: 0.000100 (RMSE: 0.0100) 
2026-09-13 15:08:12,198 - INFO - Epoch [1100/2000] LR: 0.000044 | Train Loss: 0.001013 (Data: 0.00101, Mono: 0.00001) | Val MSE: 0.000089 (RMSE: 0.0094) 
2026-09-13 15:08:12,752 - INFO - Epoch [1110/2000] LR: 0.000043 | Train Loss: 0.000968 (Data: 0.00096, Mono: 0.00001) | Val MSE: 0.000084 (RMSE: 0.0092) 
2026-09-13 15:08:13,354 - INFO - Epoch [1120/2000] LR: 0.000043 | Train Loss: 0.001032 (Data: 0.00103, Mono: 0.00001) | Val MSE: 0.000165 (RMSE: 0.0129) 
2026-09-13 15:08:13,922 - INFO - Epoch [1130/2000] LR: 0.000042 | Train Loss: 0.000949 (Data: 0.00094, Mono: 0.00001) | Val MSE: 0.000085 (RMSE: 0.0092) 
2026-09-13 15:08:14,545 - INFO - Epoch [1140/2000] LR: 0.000041 | Train Loss: 0.001032 (Data: 0.00103, Mono: 0.00001) | Val MSE: 0.000116 (RMSE: 0.0108) 
2026-09-13 15:08:15,118 - INFO - Epoch [1150/2000] LR: 0.000040 | Train Loss: 0.001020 (Data: 0.00101, Mono: 0.00001) | Val MSE: 0.000157 (RMSE: 0.0125) 
2026-09-13 15:08:15,692 - INFO - Epoch [1160/2000] LR: 0.000040 | Train Loss: 0.000973 (Data: 0.00097, Mono: 0.00001) | Val MSE: 0.000089 (RMSE: 0.0094) 
2026-09-13 15:08:16,270 - INFO - Epoch [1170/2000] LR: 0.000039 | Train Loss: 0.000969 (Data: 0.00096, Mono: 0.00001) | Val MSE: 0.000093 (RMSE: 0.0097) 
2026-09-13 15:08:16,844 - INFO - Epoch [1180/2000] LR: 0.000038 | Train Loss: 0.000962 (Data: 0.00096, Mono: 0.00001) | Val MSE: 0.000087 (RMSE: 0.0093) 
2026-09-13 15:08:17,421 - INFO - Epoch [1190/2000] LR: 0.000037 | Train Loss: 0.000985 (Data: 0.00098, Mono: 0.00001) | Val MSE: 0.000099 (RMSE: 0.0100) 
2026-09-13 15:08:18,008 - INFO - Epoch [1200/2000] LR: 0.000036 | Train Loss: 0.000960 (Data: 0.00095, Mono: 0.00001) | Val MSE: 0.000095 (RMSE: 0.0097) 
2026-09-13 15:08:18,612 - INFO - Epoch [1210/2000] LR: 0.000036 | Train Loss: 0.000965 (Data: 0.00096, Mono: 0.00001) | Val MSE: 0.000099 (RMSE: 0.0100) 
2026-09-13 15:08:19,191 - INFO - Epoch [1220/2000] LR: 0.000035 | Train Loss: 0.000926 (Data: 0.00092, Mono: 0.00001) | Val MSE: 0.000088 (RMSE: 0.0094) 
2026-09-13 15:08:19,771 - INFO - Epoch [1230/2000] LR: 0.000034 | Train Loss: 0.000913 (Data: 0.00091, Mono: 0.00001) | Val MSE: 0.000099 (RMSE: 0.0099) 
2026-09-13 15:08:20,373 - INFO - Epoch [1240/2000] LR: 0.000034 | Train Loss: 0.000956 (Data: 0.00095, Mono: 0.00001) | Val MSE: 0.000086 (RMSE: 0.0093) 
2026-09-13 15:08:20,966 - INFO - Epoch [1250/2000] LR: 0.000033 | Train Loss: 0.000952 (Data: 0.00095, Mono: 0.00001) | Val MSE: 0.000106 (RMSE: 0.0103) 
2026-09-13 15:08:21,562 - INFO - Epoch [1260/2000] LR: 0.000032 | Train Loss: 0.000946 (Data: 0.00094, Mono: 0.00001) | Val MSE: 0.000097 (RMSE: 0.0099) 
2026-09-13 15:08:22,146 - INFO - Epoch [1270/2000] LR: 0.000031 | Train Loss: 0.000893 (Data: 0.00089, Mono: 0.00001) | Val MSE: 0.000099 (RMSE: 0.0099) 
2026-09-13 15:08:22,729 - INFO - Epoch [1280/2000] LR: 0.000031 | Train Loss: 0.000918 (Data: 0.00091, Mono: 0.00001) | Val MSE: 0.000095 (RMSE: 0.0098) 
2026-09-13 15:08:23,331 - INFO - Epoch [1290/2000] LR: 0.000030 | Train Loss: 0.000952 (Data: 0.00095, Mono: 0.00001) | Val MSE: 0.000102 (RMSE: 0.0101) 
2026-09-13 15:08:23,932 - INFO - Epoch [1300/2000] LR: 0.000029 | Train Loss: 0.000937 (Data: 0.00093, Mono: 0.00001) | Val MSE: 0.000107 (RMSE: 0.0103) 
2026-09-13 15:08:24,508 - INFO - Epoch [1310/2000] LR: 0.000028 | Train Loss: 0.000943 (Data: 0.00094, Mono: 0.00001) | Val MSE: 0.000092 (RMSE: 0.0096) 
2026-09-13 15:08:25,110 - INFO - Epoch [1320/2000] LR: 0.000028 | Train Loss: 0.000959 (Data: 0.00095, Mono: 0.00001) | Val MSE: 0.000087 (RMSE: 0.0093) 
2026-09-13 15:08:25,688 - INFO - Epoch [1330/2000] LR: 0.000027 | Train Loss: 0.000909 (Data: 0.00090, Mono: 0.00001) | Val MSE: 0.000087 (RMSE: 0.0093) 
2026-09-13 15:08:26,258 - INFO - Epoch [1340/2000] LR: 0.000026 | Train Loss: 0.000899 (Data: 0.00089, Mono: 0.00001) | Val MSE: 0.000088 (RMSE: 0.0094) 
2026-09-13 15:08:26,842 - INFO - Epoch [1350/2000] LR: 0.000026 | Train Loss: 0.000902 (Data: 0.00090, Mono: 0.00001) | Val MSE: 0.000088 (RMSE: 0.0094) 
2026-09-13 15:08:27,539 - INFO - Epoch [1360/2000] LR: 0.000025 | Train Loss: 0.000912 (Data: 0.00091, Mono: 0.00001) | Val MSE: 0.000086 (RMSE: 0.0093) 
2026-09-13 15:08:28,269 - INFO - Epoch [1370/2000] LR: 0.000024 | Train Loss: 0.000899 (Data: 0.00089, Mono: 0.00001) | Val MSE: 0.000094 (RMSE: 0.0097) 
2026-09-13 15:08:28,986 - INFO - Epoch [1380/2000] LR: 0.000024 | Train Loss: 0.000929 (Data: 0.00092, Mono: 0.00001) | Val MSE: 0.000087 (RMSE: 0.0093) 
2026-09-13 15:08:29,748 - INFO - Epoch [1390/2000] LR: 0.000023 | Train Loss: 0.000894 (Data: 0.00089, Mono: 0.00001) | Val MSE: 0.000087 (RMSE: 0.0093) 
2026-09-13 15:08:30,457 - INFO - Epoch [1400/2000] LR: 0.000022 | Train Loss: 0.000943 (Data: 0.00094, Mono: 0.00001) | Val MSE: 0.000101 (RMSE: 0.0100) 
2026-09-13 15:08:31,133 - INFO - Epoch [1410/2000] LR: 0.000022 | Train Loss: 0.000962 (Data: 0.00096, Mono: 0.00001) | Val MSE: 0.000090 (RMSE: 0.0095) 
2026-09-13 15:08:31,816 - INFO - Epoch [1420/2000] LR: 0.000021 | Train Loss: 0.000952 (Data: 0.00095, Mono: 0.00001) | Val MSE: 0.000095 (RMSE: 0.0097) 
2026-09-13 15:08:32,480 - INFO - Epoch [1430/2000] LR: 0.000021 | Train Loss: 0.000938 (Data: 0.00093, Mono: 0.00001) | Val MSE: 0.000088 (RMSE: 0.0094) 
2026-09-13 15:08:33,188 - INFO - Epoch [1440/2000] LR: 0.000020 | Train Loss: 0.000885 (Data: 0.00088, Mono: 0.00001) | Val MSE: 0.000092 (RMSE: 0.0096) 
2026-09-13 15:08:33,866 - INFO - Epoch [1450/2000] LR: 0.000019 | Train Loss: 0.000896 (Data: 0.00089, Mono: 0.00001) | Val MSE: 0.000088 (RMSE: 0.0094) 
2026-09-13 15:08:34,538 - INFO - Epoch [1460/2000] LR: 0.000019 | Train Loss: 0.000880 (Data: 0.00087, Mono: 0.00001) | Val MSE: 0.000098 (RMSE: 0.0099) 
2026-09-13 15:08:35,213 - INFO - Epoch [1470/2000] LR: 0.000018 | Train Loss: 0.000889 (Data: 0.00088, Mono: 0.00001) | Val MSE: 0.000109 (RMSE: 0.0104) 
2026-09-13 15:08:35,911 - INFO - Epoch [1480/2000] LR: 0.000018 | Train Loss: 0.000903 (Data: 0.00090, Mono: 0.00001) | Val MSE: 0.000108 (RMSE: 0.0104) 
2026-09-13 15:08:36,606 - INFO - Epoch [1490/2000] LR: 0.000017 | Train Loss: 0.000879 (Data: 0.00087, Mono: 0.00001) | Val MSE: 0.000090 (RMSE: 0.0095) 
2026-09-13 15:08:37,314 - INFO - Epoch [1500/2000] LR: 0.000016 | Train Loss: 0.000911 (Data: 0.00091, Mono: 0.00001) | Val MSE: 0.000096 (RMSE: 0.0098) 
2026-09-13 15:08:38,013 - INFO - Epoch [1510/2000] LR: 0.000016 | Train Loss: 0.000872 (Data: 0.00087, Mono: 0.00001) | Val MSE: 0.000092 (RMSE: 0.0096) 
2026-09-13 15:08:38,743 - INFO - Epoch [1520/2000] LR: 0.000015 | Train Loss: 0.000909 (Data: 0.00090, Mono: 0.00001) | Val MSE: 0.000116 (RMSE: 0.0108) 
2026-09-13 15:08:39,477 - INFO - Epoch [1530/2000] LR: 0.000015 | Train Loss: 0.000923 (Data: 0.00092, Mono: 0.00001) | Val MSE: 0.000087 (RMSE: 0.0093) 
2026-09-13 15:08:40,224 - INFO - Epoch [1540/2000] LR: 0.000014 | Train Loss: 0.000851 (Data: 0.00085, Mono: 0.00001) | Val MSE: 0.000091 (RMSE: 0.0095) 
2026-09-13 15:08:40,949 - INFO - Epoch [1550/2000] LR: 0.000014 | Train Loss: 0.000840 (Data: 0.00083, Mono: 0.00001) | Val MSE: 0.000088 (RMSE: 0.0094) 
2026-09-13 15:08:41,700 - INFO - Epoch [1560/2000] LR: 0.000013 | Train Loss: 0.000848 (Data: 0.00084, Mono: 0.00001) | Val MSE: 0.000090 (RMSE: 0.0095) 
2026-09-13 15:08:42,463 - INFO - Epoch [1570/2000] LR: 0.000013 | Train Loss: 0.000844 (Data: 0.00084, Mono: 0.00001) | Val MSE: 0.000092 (RMSE: 0.0096) 
2026-09-13 15:08:43,201 - INFO - Epoch [1580/2000] LR: 0.000012 | Train Loss: 0.000867 (Data: 0.00086, Mono: 0.00001) | Val MSE: 0.000089 (RMSE: 0.0094) 
2026-09-13 15:08:43,949 - INFO - Epoch [1590/2000] LR: 0.000012 | Train Loss: 0.000875 (Data: 0.00087, Mono: 0.00001) | Val MSE: 0.000091 (RMSE: 0.0095) 
2026-09-13 15:08:44,651 - INFO - Epoch [1600/2000] LR: 0.000011 | Train Loss: 0.000865 (Data: 0.00086, Mono: 0.00001) | Val MSE: 0.000088 (RMSE: 0.0094) 
2026-09-13 15:08:45,359 - INFO - Epoch [1610/2000] LR: 0.000011 | Train Loss: 0.000872 (Data: 0.00087, Mono: 0.00001) | Val MSE: 0.000087 (RMSE: 0.0093) 
2026-09-13 15:08:46,059 - INFO - Epoch [1620/2000] LR: 0.000010 | Train Loss: 0.000898 (Data: 0.00089, Mono: 0.00001) | Val MSE: 0.000089 (RMSE: 0.0094) 
2026-09-13 15:08:46,726 - INFO - Epoch [1630/2000] LR: 0.000010 | Train Loss: 0.000839 (Data: 0.00083, Mono: 0.00001) | Val MSE: 0.000089 (RMSE: 0.0094) 
2026-09-13 15:08:47,412 - INFO - Epoch [1640/2000] LR: 0.000009 | Train Loss: 0.000908 (Data: 0.00090, Mono: 0.00001) | Val MSE: 0.000093 (RMSE: 0.0096) 
2026-09-13 15:08:48,099 - INFO - Epoch [1650/2000] LR: 0.000009 | Train Loss: 0.000868 (Data: 0.00086, Mono: 0.00001) | Val MSE: 0.000096 (RMSE: 0.0098) 
2026-09-13 15:08:48,775 - INFO - Epoch [1660/2000] LR: 0.000009 | Train Loss: 0.000900 (Data: 0.00089, Mono: 0.00001) | Val MSE: 0.000088 (RMSE: 0.0094) 
2026-09-13 15:08:49,452 - INFO - Epoch [1670/2000] LR: 0.000008 | Train Loss: 0.000880 (Data: 0.00088, Mono: 0.00001) | Val MSE: 0.000089 (RMSE: 0.0094) 
2026-09-13 15:08:50,133 - INFO - Epoch [1680/2000] LR: 0.000008 | Train Loss: 0.000868 (Data: 0.00086, Mono: 0.00001) | Val MSE: 0.000088 (RMSE: 0.0094) 
2026-09-13 15:08:50,799 - INFO - Epoch [1690/2000] LR: 0.000007 | Train Loss: 0.000855 (Data: 0.00085, Mono: 0.00001) | Val MSE: 0.000088 (RMSE: 0.0094) 
2026-09-13 15:08:51,490 - INFO - Epoch [1700/2000] LR: 0.000007 | Train Loss: 0.000849 (Data: 0.00084, Mono: 0.00001) | Val MSE: 0.000088 (RMSE: 0.0094) 
2026-09-13 15:08:52,177 - INFO - Epoch [1710/2000] LR: 0.000007 | Train Loss: 0.000867 (Data: 0.00086, Mono: 0.00001) | Val MSE: 0.000090 (RMSE: 0.0095) 
2026-09-13 15:08:52,873 - INFO - Epoch [1720/2000] LR: 0.000006 | Train Loss: 0.000871 (Data: 0.00087, Mono: 0.00001) | Val MSE: 0.000090 (RMSE: 0.0095) 
2026-09-13 15:08:53,572 - INFO - Epoch [1730/2000] LR: 0.000006 | Train Loss: 0.000881 (Data: 0.00088, Mono: 0.00001) | Val MSE: 0.000090 (RMSE: 0.0095) 
2026-09-13 15:08:54,303 - INFO - Epoch [1740/2000] LR: 0.000006 | Train Loss: 0.000892 (Data: 0.00089, Mono: 0.00001) | Val MSE: 0.000091 (RMSE: 0.0095) 
2026-09-13 15:08:55,011 - INFO - Epoch [1750/2000] LR: 0.000005 | Train Loss: 0.000888 (Data: 0.00088, Mono: 0.00001) | Val MSE: 0.000092 (RMSE: 0.0096) 
2026-09-13 15:08:55,766 - INFO - Epoch [1760/2000] LR: 0.000005 | Train Loss: 0.000866 (Data: 0.00086, Mono: 0.00001) | Val MSE: 0.000089 (RMSE: 0.0094) 
2026-09-13 15:08:56,642 - INFO - Epoch [1770/2000] LR: 0.000005 | Train Loss: 0.000881 (Data: 0.00088, Mono: 0.00001) | Val MSE: 0.000089 (RMSE: 0.0094) 
2026-09-13 15:08:57,437 - INFO - Epoch [1780/2000] LR: 0.000005 | Train Loss: 0.000885 (Data: 0.00088, Mono: 0.00001) | Val MSE: 0.000091 (RMSE: 0.0095) 
2026-09-13 15:08:58,186 - INFO - Epoch [1790/2000] LR: 0.000004 | Train Loss: 0.000861 (Data: 0.00086, Mono: 0.00001) | Val MSE: 0.000088 (RMSE: 0.0094) 
2026-09-13 15:08:58,935 - INFO - Epoch [1800/2000] LR: 0.000004 | Train Loss: 0.000850 (Data: 0.00085, Mono: 0.00001) | Val MSE: 0.000093 (RMSE: 0.0097) 
2026-09-13 15:08:59,662 - INFO - Epoch [1810/2000] LR: 0.000004 | Train Loss: 0.000858 (Data: 0.00085, Mono: 0.00001) | Val MSE: 0.000094 (RMSE: 0.0097) 
2026-09-13 15:09:00,410 - INFO - Epoch [1820/2000] LR: 0.000004 | Train Loss: 0.000883 (Data: 0.00088, Mono: 0.00001) | Val MSE: 0.000089 (RMSE: 0.0094) 
2026-09-13 15:09:01,118 - INFO - Epoch [1830/2000] LR: 0.000003 | Train Loss: 0.000872 (Data: 0.00087, Mono: 0.00001) | Val MSE: 0.000089 (RMSE: 0.0094) 
2026-09-13 15:09:01,706 - INFO - Epoch [1840/2000] LR: 0.000003 | Train Loss: 0.000864 (Data: 0.00086, Mono: 0.00001) | Val MSE: 0.000088 (RMSE: 0.0094) 
2026-09-13 15:09:02,301 - INFO - Epoch [1850/2000] LR: 0.000003 | Train Loss: 0.000833 (Data: 0.00083, Mono: 0.00001) | Val MSE: 0.000088 (RMSE: 0.0094) 
2026-09-13 15:09:02,897 - INFO - Epoch [1860/2000] LR: 0.000003 | Train Loss: 0.000903 (Data: 0.00090, Mono: 0.00001) | Val MSE: 0.000089 (RMSE: 0.0094) 
2026-09-13 15:09:03,510 - INFO - Epoch [1870/2000] LR: 0.000003 | Train Loss: 0.000863 (Data: 0.00086, Mono: 0.00001) | Val MSE: 0.000089 (RMSE: 0.0094) 
2026-09-13 15:09:04,106 - INFO - Epoch [1880/2000] LR: 0.000002 | Train Loss: 0.000861 (Data: 0.00086, Mono: 0.00001) | Val MSE: 0.000089 (RMSE: 0.0094) 
2026-09-13 15:09:04,710 - INFO - Epoch [1890/2000] LR: 0.000002 | Train Loss: 0.000878 (Data: 0.00087, Mono: 0.00001) | Val MSE: 0.000090 (RMSE: 0.0095) 
2026-09-13 15:09:05,303 - INFO - Epoch [1900/2000] LR: 0.000002 | Train Loss: 0.000873 (Data: 0.00087, Mono: 0.00001) | Val MSE: 0.000090 (RMSE: 0.0095) 
2026-09-13 15:09:05,898 - INFO - Epoch [1910/2000] LR: 0.000002 | Train Loss: 0.000845 (Data: 0.00084, Mono: 0.00001) | Val MSE: 0.000090 (RMSE: 0.0095) 
2026-09-13 15:09:06,517 - INFO - Epoch [1920/2000] LR: 0.000002 | Train Loss: 0.000876 (Data: 0.00087, Mono: 0.00001) | Val MSE: 0.000092 (RMSE: 0.0096) 
2026-09-13 15:09:07,119 - INFO - Epoch [1930/2000] LR: 0.000002 | Train Loss: 0.000882 (Data: 0.00088, Mono: 0.00001) | Val MSE: 0.000093 (RMSE: 0.0096) 
2026-09-13 15:09:07,721 - INFO - Epoch [1940/2000] LR: 0.000002 | Train Loss: 0.000858 (Data: 0.00085, Mono: 0.00001) | Val MSE: 0.000091 (RMSE: 0.0095) 
2026-09-13 15:09:08,306 - INFO - Epoch [1950/2000] LR: 0.000002 | Train Loss: 0.000882 (Data: 0.00088, Mono: 0.00001) | Val MSE: 0.000089 (RMSE: 0.0094) 
2026-09-13 15:09:08,910 - INFO - Epoch [1960/2000] LR: 0.000002 | Train Loss: 0.000870 (Data: 0.00086, Mono: 0.00001) | Val MSE: 0.000091 (RMSE: 0.0095) 
2026-09-13 15:09:09,499 - INFO - Epoch [1970/2000] LR: 0.000002 | Train Loss: 0.000858 (Data: 0.00085, Mono: 0.00001) | Val MSE: 0.000090 (RMSE: 0.0095) 
2026-09-13 15:09:10,099 - INFO - Epoch [1980/2000] LR: 0.000002 | Train Loss: 0.000836 (Data: 0.00083, Mono: 0.00001) | Val MSE: 0.000090 (RMSE: 0.0095) 
2026-09-13 15:09:10,692 - INFO - Epoch [1990/2000] LR: 0.000002 | Train Loss: 0.000868 (Data: 0.00086, Mono: 0.00001) | Val MSE: 0.000089 (RMSE: 0.0095) 
2026-09-13 15:09:11,290 - INFO - Epoch [2000/2000] LR: 0.000002 | Train Loss: 0.000874 (Data: 0.00087, Mono: 0.00001) | Val MSE: 0.000093 (RMSE: 0.0096) 
2026-09-13 15:09:11,290 - INFO - Training completed in 129.82s. Loading best checkpoint from epoch 437 for final test evaluation...
2026-09-13 15:09:11,316 - INFO - ==================================================
2026-09-13 15:09:11,316 - INFO - Test Results for [XJTU] - [3C] (Best Epoch 437):
2026-09-13 15:09:11,316 - INFO -   Test RMSE: 0.013371
2026-09-13 15:09:11,316 - INFO -   Test MAE:  0.011642
2026-09-13 15:09:11,317 - INFO -   Test MAPE: 1.220974
2026-09-13 15:09:11,317 - INFO -   Test MSE:  0.000179
2026-09-13 15:09:11,317 - INFO - ==================================================
2026-09-13 15:17:11,025 - INFO - ==================================================
2026-09-13 15:17:11,025 - INFO - Starting FusionMLP Training for [XJTU] - [3C]
2026-09-13 15:17:11,025 - INFO - Device: cuda | Epochs: 2000 | LR: 0.000100 | Mono Weight: 0.4000 | Knee Feature: True
2026-09-13 15:17:11,025 - INFO - ==================================================
2026-09-13 15:17:11,133 - INFO - Data Splits: Train=10, Val=2, Test=3
2026-09-13 15:17:11,238 - INFO - Epoch [   1/2000] LR: 0.006063 | Train Loss: 0.342155 (Data: 0.34213, Mono: 0.00007) | Val MSE: 0.182616 (RMSE: 0.4273) [BEST]
2026-09-13 15:17:11,310 - INFO - Epoch [   2/2000] LR: 0.005857 | Train Loss: 0.079550 (Data: 0.07953, Mono: 0.00006) | Val MSE: 0.040045 (RMSE: 0.2001) [BEST]
2026-09-13 15:17:11,367 - INFO - Epoch [   3/2000] LR: 0.005651 | Train Loss: 0.038088 (Data: 0.03807, Mono: 0.00005) | Val MSE: 0.019912 (RMSE: 0.1411) [BEST]
2026-09-13 15:17:11,429 - INFO - Epoch [   4/2000] LR: 0.005446 | Train Loss: 0.021733 (Data: 0.02171, Mono: 0.00005) | Val MSE: 0.008308 (RMSE: 0.0911) [BEST]
2026-09-13 15:17:11,493 - INFO - Epoch [   5/2000] LR: 0.005240 | Train Loss: 0.013414 (Data: 0.01340, Mono: 0.00005) | Val MSE: 0.002425 (RMSE: 0.0492) [BEST]
2026-09-13 15:17:11,554 - INFO - Epoch [   6/2000] LR: 0.005035 | Train Loss: 0.009527 (Data: 0.00951, Mono: 0.00005) | Val MSE: 0.001335 (RMSE: 0.0365) [BEST]
2026-09-13 15:17:11,614 - INFO - Epoch [   7/2000] LR: 0.004829 | Train Loss: 0.007994 (Data: 0.00798, Mono: 0.00004) | Val MSE: 0.000681 (RMSE: 0.0261) [BEST]
2026-09-13 15:17:11,735 - INFO - Epoch [   9/2000] LR: 0.004418 | Train Loss: 0.006965 (Data: 0.00695, Mono: 0.00004) | Val MSE: 0.000162 (RMSE: 0.0127) [BEST]
2026-09-13 15:17:11,794 - INFO - Epoch [  10/2000] LR: 0.004212 | Train Loss: 0.006113 (Data: 0.00610, Mono: 0.00004) | Val MSE: 0.000310 (RMSE: 0.0176) 
2026-09-13 15:17:11,858 - INFO - Epoch [  11/2000] LR: 0.004007 | Train Loss: 0.006238 (Data: 0.00622, Mono: 0.00004) | Val MSE: 0.000078 (RMSE: 0.0088) [BEST]
2026-09-13 15:17:12,359 - INFO - Epoch [  19/2000] LR: 0.002362 | Train Loss: 0.004460 (Data: 0.00445, Mono: 0.00003) | Val MSE: 0.000066 (RMSE: 0.0081) [BEST]
2026-09-13 15:17:12,419 - INFO - Epoch [  20/2000] LR: 0.002156 | Train Loss: 0.004465 (Data: 0.00445, Mono: 0.00003) | Val MSE: 0.000067 (RMSE: 0.0082) 
2026-09-13 15:17:12,596 - INFO - Epoch [  23/2000] LR: 0.001539 | Train Loss: 0.004105 (Data: 0.00409, Mono: 0.00003) | Val MSE: 0.000061 (RMSE: 0.0078) [BEST]
2026-09-13 15:17:12,708 - INFO - Epoch [  25/2000] LR: 0.001128 | Train Loss: 0.004184 (Data: 0.00417, Mono: 0.00003) | Val MSE: 0.000055 (RMSE: 0.0074) [BEST]
2026-09-13 15:17:13,010 - INFO - Epoch [  30/2000] LR: 0.000100 | Train Loss: 0.003902 (Data: 0.00389, Mono: 0.00003) | Val MSE: 0.000058 (RMSE: 0.0076) 
2026-09-13 15:17:13,612 - INFO - Epoch [  40/2000] LR: 0.000100 | Train Loss: 0.003961 (Data: 0.00395, Mono: 0.00003) | Val MSE: 0.000061 (RMSE: 0.0078) 
2026-09-13 15:17:14,256 - INFO - Epoch [  50/2000] LR: 0.000100 | Train Loss: 0.003783 (Data: 0.00377, Mono: 0.00003) | Val MSE: 0.000066 (RMSE: 0.0081) 
2026-09-13 15:17:14,853 - INFO - Epoch [  60/2000] LR: 0.000100 | Train Loss: 0.003788 (Data: 0.00378, Mono: 0.00003) | Val MSE: 0.000063 (RMSE: 0.0079) 
2026-09-13 15:17:15,462 - INFO - Epoch [  70/2000] LR: 0.000100 | Train Loss: 0.003862 (Data: 0.00385, Mono: 0.00003) | Val MSE: 0.000063 (RMSE: 0.0079) 
2026-09-13 15:17:16,055 - INFO - Epoch [  80/2000] LR: 0.000100 | Train Loss: 0.003583 (Data: 0.00357, Mono: 0.00003) | Val MSE: 0.000065 (RMSE: 0.0081) 
2026-09-13 15:17:16,177 - INFO - Epoch [  82/2000] LR: 0.000100 | Train Loss: 0.003586 (Data: 0.00357, Mono: 0.00003) | Val MSE: 0.000055 (RMSE: 0.0074) [BEST]
2026-09-13 15:17:16,657 - INFO - Epoch [  90/2000] LR: 0.000100 | Train Loss: 0.003447 (Data: 0.00344, Mono: 0.00003) | Val MSE: 0.000060 (RMSE: 0.0077) 
2026-09-13 15:17:17,266 - INFO - Epoch [ 100/2000] LR: 0.000100 | Train Loss: 0.003436 (Data: 0.00343, Mono: 0.00003) | Val MSE: 0.000079 (RMSE: 0.0089) 
2026-09-13 15:17:17,874 - INFO - Epoch [ 110/2000] LR: 0.000100 | Train Loss: 0.003520 (Data: 0.00351, Mono: 0.00003) | Val MSE: 0.000075 (RMSE: 0.0087) 
2026-09-13 15:17:18,490 - INFO - Epoch [ 120/2000] LR: 0.000099 | Train Loss: 0.003351 (Data: 0.00334, Mono: 0.00003) | Val MSE: 0.000065 (RMSE: 0.0081) 
2026-09-13 15:17:19,107 - INFO - Epoch [ 130/2000] LR: 0.000099 | Train Loss: 0.003428 (Data: 0.00342, Mono: 0.00003) | Val MSE: 0.000057 (RMSE: 0.0075) 
2026-09-13 15:17:19,711 - INFO - Epoch [ 140/2000] LR: 0.000099 | Train Loss: 0.003438 (Data: 0.00343, Mono: 0.00003) | Val MSE: 0.000071 (RMSE: 0.0084) 
2026-09-13 15:17:20,309 - INFO - Epoch [ 150/2000] LR: 0.000099 | Train Loss: 0.003219 (Data: 0.00321, Mono: 0.00003) | Val MSE: 0.000060 (RMSE: 0.0078) 
2026-09-13 15:17:20,488 - INFO - Epoch [ 153/2000] LR: 0.000099 | Train Loss: 0.003204 (Data: 0.00319, Mono: 0.00003) | Val MSE: 0.000054 (RMSE: 0.0074) [BEST]
2026-09-13 15:17:20,908 - INFO - Epoch [ 160/2000] LR: 0.000099 | Train Loss: 0.003187 (Data: 0.00318, Mono: 0.00003) | Val MSE: 0.000107 (RMSE: 0.0103) 
2026-09-13 15:17:21,505 - INFO - Epoch [ 170/2000] LR: 0.000099 | Train Loss: 0.003208 (Data: 0.00320, Mono: 0.00003) | Val MSE: 0.000078 (RMSE: 0.0088) 
2026-09-13 15:17:22,123 - INFO - Epoch [ 180/2000] LR: 0.000099 | Train Loss: 0.003089 (Data: 0.00308, Mono: 0.00003) | Val MSE: 0.000077 (RMSE: 0.0088) 
2026-09-13 15:17:22,711 - INFO - Epoch [ 190/2000] LR: 0.000098 | Train Loss: 0.002926 (Data: 0.00292, Mono: 0.00003) | Val MSE: 0.000074 (RMSE: 0.0086) 
2026-09-13 15:17:23,303 - INFO - Epoch [ 200/2000] LR: 0.000098 | Train Loss: 0.003037 (Data: 0.00303, Mono: 0.00002) | Val MSE: 0.000087 (RMSE: 0.0093) 
2026-09-13 15:17:23,898 - INFO - Epoch [ 210/2000] LR: 0.000098 | Train Loss: 0.002989 (Data: 0.00298, Mono: 0.00003) | Val MSE: 0.000070 (RMSE: 0.0084) 
2026-09-13 15:17:24,537 - INFO - Epoch [ 220/2000] LR: 0.000098 | Train Loss: 0.002848 (Data: 0.00284, Mono: 0.00002) | Val MSE: 0.000056 (RMSE: 0.0075) 
2026-09-13 15:17:25,132 - INFO - Epoch [ 230/2000] LR: 0.000098 | Train Loss: 0.002754 (Data: 0.00274, Mono: 0.00003) | Val MSE: 0.000066 (RMSE: 0.0081) 
2026-09-13 15:17:25,724 - INFO - Epoch [ 240/2000] LR: 0.000097 | Train Loss: 0.002751 (Data: 0.00274, Mono: 0.00002) | Val MSE: 0.000139 (RMSE: 0.0118) 
2026-09-13 15:17:26,319 - INFO - Epoch [ 250/2000] LR: 0.000097 | Train Loss: 0.002639 (Data: 0.00263, Mono: 0.00002) | Val MSE: 0.000065 (RMSE: 0.0080) 
2026-09-13 15:17:26,930 - INFO - Epoch [ 260/2000] LR: 0.000097 | Train Loss: 0.002563 (Data: 0.00255, Mono: 0.00002) | Val MSE: 0.000074 (RMSE: 0.0086) 
2026-09-13 15:17:27,648 - INFO - Epoch [ 270/2000] LR: 0.000096 | Train Loss: 0.002564 (Data: 0.00256, Mono: 0.00002) | Val MSE: 0.000059 (RMSE: 0.0076) 
2026-09-13 15:17:28,361 - INFO - Epoch [ 280/2000] LR: 0.000096 | Train Loss: 0.002614 (Data: 0.00260, Mono: 0.00002) | Val MSE: 0.000086 (RMSE: 0.0093) 
2026-09-13 15:17:29,056 - INFO - Epoch [ 290/2000] LR: 0.000096 | Train Loss: 0.002495 (Data: 0.00249, Mono: 0.00002) | Val MSE: 0.000067 (RMSE: 0.0082) 
2026-09-13 15:17:29,712 - INFO - Epoch [ 300/2000] LR: 0.000096 | Train Loss: 0.002426 (Data: 0.00242, Mono: 0.00002) | Val MSE: 0.000066 (RMSE: 0.0081) 
2026-09-13 15:17:30,367 - INFO - Epoch [ 310/2000] LR: 0.000095 | Train Loss: 0.002437 (Data: 0.00243, Mono: 0.00002) | Val MSE: 0.000083 (RMSE: 0.0091) 
2026-09-13 15:17:31,043 - INFO - Epoch [ 320/2000] LR: 0.000095 | Train Loss: 0.002325 (Data: 0.00232, Mono: 0.00002) | Val MSE: 0.000071 (RMSE: 0.0084) 
2026-09-13 15:17:31,705 - INFO - Epoch [ 330/2000] LR: 0.000094 | Train Loss: 0.002271 (Data: 0.00226, Mono: 0.00002) | Val MSE: 0.000129 (RMSE: 0.0114) 
2026-09-13 15:17:32,362 - INFO - Epoch [ 340/2000] LR: 0.000094 | Train Loss: 0.002421 (Data: 0.00241, Mono: 0.00002) | Val MSE: 0.000061 (RMSE: 0.0078) 
2026-09-13 15:17:33,013 - INFO - Epoch [ 350/2000] LR: 0.000094 | Train Loss: 0.002285 (Data: 0.00228, Mono: 0.00002) | Val MSE: 0.000134 (RMSE: 0.0116) 
2026-09-13 15:17:33,630 - INFO - Epoch [ 360/2000] LR: 0.000093 | Train Loss: 0.002181 (Data: 0.00217, Mono: 0.00002) | Val MSE: 0.000074 (RMSE: 0.0086) 
2026-09-13 15:17:34,257 - INFO - Epoch [ 370/2000] LR: 0.000093 | Train Loss: 0.002264 (Data: 0.00226, Mono: 0.00002) | Val MSE: 0.000063 (RMSE: 0.0079) 
2026-09-13 15:17:34,891 - INFO - Epoch [ 380/2000] LR: 0.000093 | Train Loss: 0.002150 (Data: 0.00214, Mono: 0.00002) | Val MSE: 0.000066 (RMSE: 0.0081) 
2026-09-13 15:17:35,566 - INFO - Epoch [ 390/2000] LR: 0.000092 | Train Loss: 0.002096 (Data: 0.00209, Mono: 0.00002) | Val MSE: 0.000110 (RMSE: 0.0105) 
2026-09-13 15:17:36,213 - INFO - Epoch [ 400/2000] LR: 0.000092 | Train Loss: 0.002098 (Data: 0.00209, Mono: 0.00002) | Val MSE: 0.000066 (RMSE: 0.0081) 
2026-09-13 15:17:36,886 - INFO - Epoch [ 410/2000] LR: 0.000091 | Train Loss: 0.002208 (Data: 0.00220, Mono: 0.00002) | Val MSE: 0.000118 (RMSE: 0.0109) 
2026-09-13 15:17:37,609 - INFO - Epoch [ 420/2000] LR: 0.000091 | Train Loss: 0.002051 (Data: 0.00204, Mono: 0.00002) | Val MSE: 0.000118 (RMSE: 0.0109) 
2026-09-13 15:17:38,295 - INFO - Epoch [ 430/2000] LR: 0.000090 | Train Loss: 0.001947 (Data: 0.00194, Mono: 0.00002) | Val MSE: 0.000082 (RMSE: 0.0091) 
2026-09-13 15:17:38,991 - INFO - Epoch [ 440/2000] LR: 0.000090 | Train Loss: 0.001970 (Data: 0.00196, Mono: 0.00002) | Val MSE: 0.000093 (RMSE: 0.0097) 
2026-09-13 15:17:39,645 - INFO - Epoch [ 450/2000] LR: 0.000089 | Train Loss: 0.001949 (Data: 0.00194, Mono: 0.00002) | Val MSE: 0.000084 (RMSE: 0.0092) 
2026-09-13 15:17:40,312 - INFO - Epoch [ 460/2000] LR: 0.000089 | Train Loss: 0.001872 (Data: 0.00186, Mono: 0.00002) | Val MSE: 0.000077 (RMSE: 0.0088) 
2026-09-13 15:17:41,022 - INFO - Epoch [ 470/2000] LR: 0.000088 | Train Loss: 0.001839 (Data: 0.00183, Mono: 0.00002) | Val MSE: 0.000088 (RMSE: 0.0094) 
2026-09-13 15:17:41,729 - INFO - Epoch [ 480/2000] LR: 0.000088 | Train Loss: 0.001902 (Data: 0.00189, Mono: 0.00002) | Val MSE: 0.000071 (RMSE: 0.0084) 
2026-09-13 15:17:42,433 - INFO - Epoch [ 490/2000] LR: 0.000087 | Train Loss: 0.001847 (Data: 0.00184, Mono: 0.00002) | Val MSE: 0.000081 (RMSE: 0.0090) 
2026-09-13 15:17:43,143 - INFO - Epoch [ 500/2000] LR: 0.000087 | Train Loss: 0.001879 (Data: 0.00187, Mono: 0.00002) | Val MSE: 0.000118 (RMSE: 0.0109) 
2026-09-13 15:17:43,800 - INFO - Epoch [ 510/2000] LR: 0.000086 | Train Loss: 0.001914 (Data: 0.00191, Mono: 0.00002) | Val MSE: 0.000090 (RMSE: 0.0095) 
2026-09-13 15:17:44,492 - INFO - Epoch [ 520/2000] LR: 0.000086 | Train Loss: 0.001808 (Data: 0.00180, Mono: 0.00002) | Val MSE: 0.000082 (RMSE: 0.0090) 
2026-09-13 15:17:45,149 - INFO - Epoch [ 530/2000] LR: 0.000085 | Train Loss: 0.001758 (Data: 0.00175, Mono: 0.00002) | Val MSE: 0.000075 (RMSE: 0.0086) 
2026-09-13 15:17:45,817 - INFO - Epoch [ 540/2000] LR: 0.000085 | Train Loss: 0.001831 (Data: 0.00182, Mono: 0.00002) | Val MSE: 0.000103 (RMSE: 0.0101) 
2026-09-13 15:17:46,462 - INFO - Epoch [ 550/2000] LR: 0.000084 | Train Loss: 0.001747 (Data: 0.00174, Mono: 0.00002) | Val MSE: 0.000077 (RMSE: 0.0088) 
2026-09-13 15:17:47,121 - INFO - Epoch [ 560/2000] LR: 0.000083 | Train Loss: 0.001731 (Data: 0.00172, Mono: 0.00002) | Val MSE: 0.000086 (RMSE: 0.0093) 
2026-09-13 15:17:47,768 - INFO - Epoch [ 570/2000] LR: 0.000083 | Train Loss: 0.001689 (Data: 0.00168, Mono: 0.00002) | Val MSE: 0.000112 (RMSE: 0.0106) 
2026-09-13 15:17:48,422 - INFO - Epoch [ 580/2000] LR: 0.000082 | Train Loss: 0.001682 (Data: 0.00167, Mono: 0.00002) | Val MSE: 0.000147 (RMSE: 0.0121) 
2026-09-13 15:17:49,067 - INFO - Epoch [ 590/2000] LR: 0.000082 | Train Loss: 0.001625 (Data: 0.00162, Mono: 0.00002) | Val MSE: 0.000076 (RMSE: 0.0087) 
2026-09-13 15:17:49,709 - INFO - Epoch [ 600/2000] LR: 0.000081 | Train Loss: 0.001595 (Data: 0.00159, Mono: 0.00002) | Val MSE: 0.000102 (RMSE: 0.0101) 
2026-09-13 15:17:50,370 - INFO - Epoch [ 610/2000] LR: 0.000080 | Train Loss: 0.001574 (Data: 0.00157, Mono: 0.00002) | Val MSE: 0.000078 (RMSE: 0.0089) 
2026-09-13 15:17:51,013 - INFO - Epoch [ 620/2000] LR: 0.000080 | Train Loss: 0.001535 (Data: 0.00153, Mono: 0.00002) | Val MSE: 0.000111 (RMSE: 0.0105) 
2026-09-13 15:17:51,652 - INFO - Epoch [ 630/2000] LR: 0.000079 | Train Loss: 0.001567 (Data: 0.00156, Mono: 0.00002) | Val MSE: 0.000123 (RMSE: 0.0111) 
2026-09-13 15:17:52,316 - INFO - Epoch [ 640/2000] LR: 0.000078 | Train Loss: 0.001535 (Data: 0.00153, Mono: 0.00002) | Val MSE: 0.000089 (RMSE: 0.0094) 
2026-09-13 15:17:53,015 - INFO - Epoch [ 650/2000] LR: 0.000078 | Train Loss: 0.001593 (Data: 0.00159, Mono: 0.00002) | Val MSE: 0.000098 (RMSE: 0.0099) 
2026-09-13 15:17:53,708 - INFO - Epoch [ 660/2000] LR: 0.000077 | Train Loss: 0.001565 (Data: 0.00156, Mono: 0.00002) | Val MSE: 0.000079 (RMSE: 0.0089) 
2026-09-13 15:17:54,403 - INFO - Epoch [ 670/2000] LR: 0.000077 | Train Loss: 0.001466 (Data: 0.00146, Mono: 0.00002) | Val MSE: 0.000100 (RMSE: 0.0100) 
2026-09-13 15:17:55,081 - INFO - Epoch [ 680/2000] LR: 0.000076 | Train Loss: 0.001490 (Data: 0.00148, Mono: 0.00002) | Val MSE: 0.000091 (RMSE: 0.0095) 
2026-09-13 15:17:55,758 - INFO - Epoch [ 690/2000] LR: 0.000075 | Train Loss: 0.001498 (Data: 0.00149, Mono: 0.00002) | Val MSE: 0.000089 (RMSE: 0.0094) 
2026-09-13 15:17:56,444 - INFO - Epoch [ 700/2000] LR: 0.000074 | Train Loss: 0.001479 (Data: 0.00147, Mono: 0.00002) | Val MSE: 0.000107 (RMSE: 0.0103) 
2026-09-13 15:17:57,134 - INFO - Epoch [ 710/2000] LR: 0.000074 | Train Loss: 0.001466 (Data: 0.00146, Mono: 0.00002) | Val MSE: 0.000109 (RMSE: 0.0105) 
2026-09-13 15:17:57,830 - INFO - Epoch [ 720/2000] LR: 0.000073 | Train Loss: 0.001470 (Data: 0.00146, Mono: 0.00002) | Val MSE: 0.000082 (RMSE: 0.0091) 
2026-09-13 15:17:58,507 - INFO - Epoch [ 730/2000] LR: 0.000072 | Train Loss: 0.001470 (Data: 0.00146, Mono: 0.00002) | Val MSE: 0.000084 (RMSE: 0.0092) 
2026-09-13 15:17:59,210 - INFO - Epoch [ 740/2000] LR: 0.000072 | Train Loss: 0.001436 (Data: 0.00143, Mono: 0.00002) | Val MSE: 0.000091 (RMSE: 0.0095) 
2026-09-13 15:17:59,905 - INFO - Epoch [ 750/2000] LR: 0.000071 | Train Loss: 0.001405 (Data: 0.00140, Mono: 0.00002) | Val MSE: 0.000088 (RMSE: 0.0094) 
2026-09-13 15:18:00,570 - INFO - Epoch [ 760/2000] LR: 0.000070 | Train Loss: 0.001429 (Data: 0.00142, Mono: 0.00002) | Val MSE: 0.000102 (RMSE: 0.0101) 
2026-09-13 15:18:01,229 - INFO - Epoch [ 770/2000] LR: 0.000070 | Train Loss: 0.001432 (Data: 0.00143, Mono: 0.00002) | Val MSE: 0.000093 (RMSE: 0.0096) 
2026-09-13 15:18:01,885 - INFO - Epoch [ 780/2000] LR: 0.000069 | Train Loss: 0.001398 (Data: 0.00139, Mono: 0.00002) | Val MSE: 0.000094 (RMSE: 0.0097) 
2026-09-13 15:18:02,554 - INFO - Epoch [ 790/2000] LR: 0.000068 | Train Loss: 0.001327 (Data: 0.00132, Mono: 0.00002) | Val MSE: 0.000094 (RMSE: 0.0097) 
2026-09-13 15:18:03,169 - INFO - Epoch [ 800/2000] LR: 0.000067 | Train Loss: 0.001398 (Data: 0.00139, Mono: 0.00002) | Val MSE: 0.000098 (RMSE: 0.0099) 
2026-09-13 15:18:03,754 - INFO - Epoch [ 810/2000] LR: 0.000067 | Train Loss: 0.001394 (Data: 0.00139, Mono: 0.00002) | Val MSE: 0.000098 (RMSE: 0.0099) 
2026-09-13 15:18:04,349 - INFO - Epoch [ 820/2000] LR: 0.000066 | Train Loss: 0.001334 (Data: 0.00133, Mono: 0.00001) | Val MSE: 0.000122 (RMSE: 0.0110) 
2026-09-13 15:18:04,943 - INFO - Epoch [ 830/2000] LR: 0.000065 | Train Loss: 0.001361 (Data: 0.00135, Mono: 0.00002) | Val MSE: 0.000105 (RMSE: 0.0102) 
2026-09-13 15:18:05,524 - INFO - Epoch [ 840/2000] LR: 0.000064 | Train Loss: 0.001339 (Data: 0.00133, Mono: 0.00002) | Val MSE: 0.000097 (RMSE: 0.0099) 
2026-09-13 15:18:06,126 - INFO - Epoch [ 850/2000] LR: 0.000064 | Train Loss: 0.001336 (Data: 0.00133, Mono: 0.00002) | Val MSE: 0.000095 (RMSE: 0.0098) 
2026-09-13 15:18:06,703 - INFO - Epoch [ 860/2000] LR: 0.000063 | Train Loss: 0.001354 (Data: 0.00135, Mono: 0.00001) | Val MSE: 0.000112 (RMSE: 0.0106) 
2026-09-13 15:18:07,299 - INFO - Epoch [ 870/2000] LR: 0.000062 | Train Loss: 0.001361 (Data: 0.00136, Mono: 0.00002) | Val MSE: 0.000089 (RMSE: 0.0094) 
2026-09-13 15:18:07,888 - INFO - Epoch [ 880/2000] LR: 0.000061 | Train Loss: 0.001273 (Data: 0.00127, Mono: 0.00002) | Val MSE: 0.000089 (RMSE: 0.0094) 
2026-09-13 15:18:08,467 - INFO - Epoch [ 890/2000] LR: 0.000061 | Train Loss: 0.001290 (Data: 0.00128, Mono: 0.00001) | Val MSE: 0.000091 (RMSE: 0.0095) 
2026-09-13 15:18:09,047 - INFO - Epoch [ 900/2000] LR: 0.000060 | Train Loss: 0.001307 (Data: 0.00130, Mono: 0.00002) | Val MSE: 0.000098 (RMSE: 0.0099) 
2026-09-13 15:18:09,632 - INFO - Epoch [ 910/2000] LR: 0.000059 | Train Loss: 0.001240 (Data: 0.00123, Mono: 0.00002) | Val MSE: 0.000118 (RMSE: 0.0109) 
2026-09-13 15:18:10,222 - INFO - Epoch [ 920/2000] LR: 0.000058 | Train Loss: 0.001368 (Data: 0.00136, Mono: 0.00002) | Val MSE: 0.000102 (RMSE: 0.0101) 
2026-09-13 15:18:10,803 - INFO - Epoch [ 930/2000] LR: 0.000057 | Train Loss: 0.001288 (Data: 0.00128, Mono: 0.00001) | Val MSE: 0.000098 (RMSE: 0.0099) 
2026-09-13 15:18:11,384 - INFO - Epoch [ 940/2000] LR: 0.000057 | Train Loss: 0.001271 (Data: 0.00126, Mono: 0.00002) | Val MSE: 0.000093 (RMSE: 0.0096) 
2026-09-13 15:18:11,969 - INFO - Epoch [ 950/2000] LR: 0.000056 | Train Loss: 0.001236 (Data: 0.00123, Mono: 0.00002) | Val MSE: 0.000118 (RMSE: 0.0109) 
2026-09-13 15:18:12,549 - INFO - Epoch [ 960/2000] LR: 0.000055 | Train Loss: 0.001284 (Data: 0.00128, Mono: 0.00002) | Val MSE: 0.000091 (RMSE: 0.0095) 
2026-09-13 15:18:13,138 - INFO - Epoch [ 970/2000] LR: 0.000054 | Train Loss: 0.001263 (Data: 0.00126, Mono: 0.00002) | Val MSE: 0.000100 (RMSE: 0.0100) 
2026-09-13 15:18:13,735 - INFO - Epoch [ 980/2000] LR: 0.000054 | Train Loss: 0.001281 (Data: 0.00127, Mono: 0.00002) | Val MSE: 0.000096 (RMSE: 0.0098) 
2026-09-13 15:18:14,328 - INFO - Epoch [ 990/2000] LR: 0.000053 | Train Loss: 0.001261 (Data: 0.00125, Mono: 0.00001) | Val MSE: 0.000102 (RMSE: 0.0101) 
2026-09-13 15:18:14,933 - INFO - Epoch [1000/2000] LR: 0.000052 | Train Loss: 0.001280 (Data: 0.00127, Mono: 0.00002) | Val MSE: 0.000092 (RMSE: 0.0096) 
2026-09-13 15:18:15,531 - INFO - Epoch [1010/2000] LR: 0.000051 | Train Loss: 0.001212 (Data: 0.00121, Mono: 0.00002) | Val MSE: 0.000091 (RMSE: 0.0095) 
2026-09-13 15:18:16,123 - INFO - Epoch [1020/2000] LR: 0.000050 | Train Loss: 0.001236 (Data: 0.00123, Mono: 0.00002) | Val MSE: 0.000094 (RMSE: 0.0097) 
2026-09-13 15:18:16,710 - INFO - Epoch [1030/2000] LR: 0.000050 | Train Loss: 0.001201 (Data: 0.00120, Mono: 0.00001) | Val MSE: 0.000093 (RMSE: 0.0096) 
2026-09-13 15:18:17,320 - INFO - Epoch [1040/2000] LR: 0.000049 | Train Loss: 0.001193 (Data: 0.00119, Mono: 0.00001) | Val MSE: 0.000093 (RMSE: 0.0097) 
2026-09-13 15:18:17,937 - INFO - Epoch [1050/2000] LR: 0.000048 | Train Loss: 0.001211 (Data: 0.00120, Mono: 0.00002) | Val MSE: 0.000092 (RMSE: 0.0096) 
2026-09-13 15:18:18,530 - INFO - Epoch [1060/2000] LR: 0.000047 | Train Loss: 0.001190 (Data: 0.00118, Mono: 0.00001) | Val MSE: 0.000095 (RMSE: 0.0098) 
2026-09-13 15:18:19,145 - INFO - Epoch [1070/2000] LR: 0.000046 | Train Loss: 0.001192 (Data: 0.00119, Mono: 0.00001) | Val MSE: 0.000092 (RMSE: 0.0096) 
2026-09-13 15:18:19,740 - INFO - Epoch [1080/2000] LR: 0.000046 | Train Loss: 0.001199 (Data: 0.00119, Mono: 0.00001) | Val MSE: 0.000097 (RMSE: 0.0098) 
2026-09-13 15:18:20,327 - INFO - Epoch [1090/2000] LR: 0.000045 | Train Loss: 0.001248 (Data: 0.00124, Mono: 0.00001) | Val MSE: 0.000098 (RMSE: 0.0099) 
2026-09-13 15:18:20,908 - INFO - Epoch [1100/2000] LR: 0.000044 | Train Loss: 0.001203 (Data: 0.00120, Mono: 0.00002) | Val MSE: 0.000100 (RMSE: 0.0100) 
2026-09-13 15:18:21,498 - INFO - Epoch [1110/2000] LR: 0.000043 | Train Loss: 0.001156 (Data: 0.00115, Mono: 0.00002) | Val MSE: 0.000095 (RMSE: 0.0097) 
2026-09-13 15:18:22,091 - INFO - Epoch [1120/2000] LR: 0.000043 | Train Loss: 0.001172 (Data: 0.00117, Mono: 0.00001) | Val MSE: 0.000101 (RMSE: 0.0100) 
2026-09-13 15:18:22,672 - INFO - Epoch [1130/2000] LR: 0.000042 | Train Loss: 0.001193 (Data: 0.00119, Mono: 0.00001) | Val MSE: 0.000096 (RMSE: 0.0098) 
2026-09-13 15:18:23,278 - INFO - Epoch [1140/2000] LR: 0.000041 | Train Loss: 0.001195 (Data: 0.00119, Mono: 0.00002) | Val MSE: 0.000097 (RMSE: 0.0098) 
2026-09-13 15:18:23,877 - INFO - Epoch [1150/2000] LR: 0.000040 | Train Loss: 0.001167 (Data: 0.00116, Mono: 0.00001) | Val MSE: 0.000094 (RMSE: 0.0097) 
2026-09-13 15:18:24,468 - INFO - Epoch [1160/2000] LR: 0.000040 | Train Loss: 0.001212 (Data: 0.00121, Mono: 0.00002) | Val MSE: 0.000095 (RMSE: 0.0097) 
2026-09-13 15:18:25,071 - INFO - Epoch [1170/2000] LR: 0.000039 | Train Loss: 0.001136 (Data: 0.00113, Mono: 0.00001) | Val MSE: 0.000105 (RMSE: 0.0103) 
2026-09-13 15:18:25,666 - INFO - Epoch [1180/2000] LR: 0.000038 | Train Loss: 0.001140 (Data: 0.00113, Mono: 0.00001) | Val MSE: 0.000096 (RMSE: 0.0098) 
2026-09-13 15:18:26,261 - INFO - Epoch [1190/2000] LR: 0.000037 | Train Loss: 0.001158 (Data: 0.00115, Mono: 0.00001) | Val MSE: 0.000112 (RMSE: 0.0106) 
2026-09-13 15:18:26,868 - INFO - Epoch [1200/2000] LR: 0.000036 | Train Loss: 0.001147 (Data: 0.00114, Mono: 0.00001) | Val MSE: 0.000095 (RMSE: 0.0097) 
2026-09-13 15:18:27,602 - INFO - Epoch [1210/2000] LR: 0.000036 | Train Loss: 0.001144 (Data: 0.00114, Mono: 0.00001) | Val MSE: 0.000118 (RMSE: 0.0109) 
2026-09-13 15:18:28,342 - INFO - Epoch [1220/2000] LR: 0.000035 | Train Loss: 0.001159 (Data: 0.00115, Mono: 0.00001) | Val MSE: 0.000095 (RMSE: 0.0098) 
2026-09-13 15:18:29,075 - INFO - Epoch [1230/2000] LR: 0.000034 | Train Loss: 0.001120 (Data: 0.00111, Mono: 0.00001) | Val MSE: 0.000099 (RMSE: 0.0099) 
2026-09-13 15:18:29,820 - INFO - Epoch [1240/2000] LR: 0.000034 | Train Loss: 0.001146 (Data: 0.00114, Mono: 0.00002) | Val MSE: 0.000116 (RMSE: 0.0108) 
2026-09-13 15:18:30,553 - INFO - Epoch [1250/2000] LR: 0.000033 | Train Loss: 0.001111 (Data: 0.00111, Mono: 0.00001) | Val MSE: 0.000102 (RMSE: 0.0101) 
2026-09-13 15:18:31,294 - INFO - Epoch [1260/2000] LR: 0.000032 | Train Loss: 0.001134 (Data: 0.00113, Mono: 0.00001) | Val MSE: 0.000123 (RMSE: 0.0111) 
2026-09-13 15:18:31,988 - INFO - Epoch [1270/2000] LR: 0.000031 | Train Loss: 0.001138 (Data: 0.00113, Mono: 0.00001) | Val MSE: 0.000100 (RMSE: 0.0100) 
2026-09-13 15:18:32,725 - INFO - Epoch [1280/2000] LR: 0.000031 | Train Loss: 0.001096 (Data: 0.00109, Mono: 0.00001) | Val MSE: 0.000099 (RMSE: 0.0100) 
2026-09-13 15:18:33,451 - INFO - Epoch [1290/2000] LR: 0.000030 | Train Loss: 0.001145 (Data: 0.00114, Mono: 0.00001) | Val MSE: 0.000101 (RMSE: 0.0101) 
2026-09-13 15:18:34,168 - INFO - Epoch [1300/2000] LR: 0.000029 | Train Loss: 0.001103 (Data: 0.00110, Mono: 0.00001) | Val MSE: 0.000116 (RMSE: 0.0108) 
2026-09-13 15:18:34,902 - INFO - Epoch [1310/2000] LR: 0.000028 | Train Loss: 0.001139 (Data: 0.00113, Mono: 0.00001) | Val MSE: 0.000102 (RMSE: 0.0101) 
2026-09-13 15:18:35,651 - INFO - Epoch [1320/2000] LR: 0.000028 | Train Loss: 0.001100 (Data: 0.00109, Mono: 0.00001) | Val MSE: 0.000095 (RMSE: 0.0097) 
2026-09-13 15:18:36,462 - INFO - Epoch [1330/2000] LR: 0.000027 | Train Loss: 0.001110 (Data: 0.00111, Mono: 0.00001) | Val MSE: 0.000100 (RMSE: 0.0100) 
2026-09-13 15:18:37,221 - INFO - Epoch [1340/2000] LR: 0.000026 | Train Loss: 0.001121 (Data: 0.00111, Mono: 0.00001) | Val MSE: 0.000097 (RMSE: 0.0099) 
2026-09-13 15:18:37,919 - INFO - Epoch [1350/2000] LR: 0.000026 | Train Loss: 0.001111 (Data: 0.00110, Mono: 0.00001) | Val MSE: 0.000105 (RMSE: 0.0103) 
2026-09-13 15:18:38,645 - INFO - Epoch [1360/2000] LR: 0.000025 | Train Loss: 0.001071 (Data: 0.00107, Mono: 0.00001) | Val MSE: 0.000119 (RMSE: 0.0109) 
2026-09-13 15:18:39,364 - INFO - Epoch [1370/2000] LR: 0.000024 | Train Loss: 0.001047 (Data: 0.00104, Mono: 0.00001) | Val MSE: 0.000100 (RMSE: 0.0100) 
2026-09-13 15:18:40,003 - INFO - Epoch [1380/2000] LR: 0.000024 | Train Loss: 0.001070 (Data: 0.00106, Mono: 0.00001) | Val MSE: 0.000099 (RMSE: 0.0099) 
2026-09-13 15:18:40,623 - INFO - Epoch [1390/2000] LR: 0.000023 | Train Loss: 0.001095 (Data: 0.00109, Mono: 0.00001) | Val MSE: 0.000096 (RMSE: 0.0098) 
2026-09-13 15:18:41,259 - INFO - Epoch [1400/2000] LR: 0.000022 | Train Loss: 0.001115 (Data: 0.00111, Mono: 0.00001) | Val MSE: 0.000099 (RMSE: 0.0099) 
2026-09-13 15:18:41,922 - INFO - Epoch [1410/2000] LR: 0.000022 | Train Loss: 0.001070 (Data: 0.00106, Mono: 0.00001) | Val MSE: 0.000099 (RMSE: 0.0100) 
2026-09-13 15:18:42,607 - INFO - Epoch [1420/2000] LR: 0.000021 | Train Loss: 0.001132 (Data: 0.00113, Mono: 0.00001) | Val MSE: 0.000105 (RMSE: 0.0102) 
2026-09-13 15:18:43,263 - INFO - Epoch [1430/2000] LR: 0.000021 | Train Loss: 0.001073 (Data: 0.00107, Mono: 0.00001) | Val MSE: 0.000110 (RMSE: 0.0105) 
2026-09-13 15:18:43,878 - INFO - Epoch [1440/2000] LR: 0.000020 | Train Loss: 0.001084 (Data: 0.00108, Mono: 0.00001) | Val MSE: 0.000117 (RMSE: 0.0108) 
2026-09-13 15:18:44,551 - INFO - Epoch [1450/2000] LR: 0.000019 | Train Loss: 0.001047 (Data: 0.00104, Mono: 0.00001) | Val MSE: 0.000113 (RMSE: 0.0106) 
2026-09-13 15:18:45,234 - INFO - Epoch [1460/2000] LR: 0.000019 | Train Loss: 0.001074 (Data: 0.00107, Mono: 0.00001) | Val MSE: 0.000102 (RMSE: 0.0101) 
2026-09-13 15:18:45,876 - INFO - Epoch [1470/2000] LR: 0.000018 | Train Loss: 0.001105 (Data: 0.00110, Mono: 0.00002) | Val MSE: 0.000106 (RMSE: 0.0103) 
2026-09-13 15:18:46,549 - INFO - Epoch [1480/2000] LR: 0.000018 | Train Loss: 0.001062 (Data: 0.00106, Mono: 0.00001) | Val MSE: 0.000101 (RMSE: 0.0101) 
2026-09-13 15:18:47,260 - INFO - Epoch [1490/2000] LR: 0.000017 | Train Loss: 0.001068 (Data: 0.00106, Mono: 0.00001) | Val MSE: 0.000100 (RMSE: 0.0100) 
2026-09-13 15:18:47,901 - INFO - Epoch [1500/2000] LR: 0.000016 | Train Loss: 0.001058 (Data: 0.00105, Mono: 0.00001) | Val MSE: 0.000099 (RMSE: 0.0099) 
2026-09-13 15:18:48,547 - INFO - Epoch [1510/2000] LR: 0.000016 | Train Loss: 0.001056 (Data: 0.00105, Mono: 0.00001) | Val MSE: 0.000102 (RMSE: 0.0101) 
2026-09-13 15:18:49,186 - INFO - Epoch [1520/2000] LR: 0.000015 | Train Loss: 0.001113 (Data: 0.00111, Mono: 0.00001) | Val MSE: 0.000100 (RMSE: 0.0100) 
2026-09-13 15:18:49,812 - INFO - Epoch [1530/2000] LR: 0.000015 | Train Loss: 0.001059 (Data: 0.00105, Mono: 0.00001) | Val MSE: 0.000107 (RMSE: 0.0104) 
2026-09-13 15:18:50,417 - INFO - Epoch [1540/2000] LR: 0.000014 | Train Loss: 0.001072 (Data: 0.00107, Mono: 0.00001) | Val MSE: 0.000101 (RMSE: 0.0100) 
2026-09-13 15:18:51,066 - INFO - Epoch [1550/2000] LR: 0.000014 | Train Loss: 0.001086 (Data: 0.00108, Mono: 0.00001) | Val MSE: 0.000101 (RMSE: 0.0100) 
2026-09-13 15:18:51,806 - INFO - Epoch [1560/2000] LR: 0.000013 | Train Loss: 0.001041 (Data: 0.00104, Mono: 0.00001) | Val MSE: 0.000102 (RMSE: 0.0101) 
2026-09-13 15:18:52,490 - INFO - Epoch [1570/2000] LR: 0.000013 | Train Loss: 0.001057 (Data: 0.00105, Mono: 0.00001) | Val MSE: 0.000104 (RMSE: 0.0102) 
2026-09-13 15:18:53,218 - INFO - Epoch [1580/2000] LR: 0.000012 | Train Loss: 0.001049 (Data: 0.00104, Mono: 0.00001) | Val MSE: 0.000099 (RMSE: 0.0100) 
2026-09-13 15:18:53,922 - INFO - Epoch [1590/2000] LR: 0.000012 | Train Loss: 0.001054 (Data: 0.00105, Mono: 0.00001) | Val MSE: 0.000098 (RMSE: 0.0099) 
2026-09-13 15:18:54,599 - INFO - Epoch [1600/2000] LR: 0.000011 | Train Loss: 0.001063 (Data: 0.00106, Mono: 0.00001) | Val MSE: 0.000100 (RMSE: 0.0100) 
2026-09-13 15:18:55,244 - INFO - Epoch [1610/2000] LR: 0.000011 | Train Loss: 0.001052 (Data: 0.00105, Mono: 0.00001) | Val MSE: 0.000104 (RMSE: 0.0102) 
2026-09-13 15:18:55,834 - INFO - Epoch [1620/2000] LR: 0.000010 | Train Loss: 0.001084 (Data: 0.00108, Mono: 0.00001) | Val MSE: 0.000098 (RMSE: 0.0099) 
2026-09-13 15:18:56,422 - INFO - Epoch [1630/2000] LR: 0.000010 | Train Loss: 0.001096 (Data: 0.00109, Mono: 0.00001) | Val MSE: 0.000101 (RMSE: 0.0101) 
2026-09-13 15:18:57,005 - INFO - Epoch [1640/2000] LR: 0.000009 | Train Loss: 0.001053 (Data: 0.00105, Mono: 0.00001) | Val MSE: 0.000099 (RMSE: 0.0099) 
2026-09-13 15:18:57,700 - INFO - Epoch [1650/2000] LR: 0.000009 | Train Loss: 0.001041 (Data: 0.00104, Mono: 0.00001) | Val MSE: 0.000098 (RMSE: 0.0099) 
2026-09-13 15:18:58,355 - INFO - Epoch [1660/2000] LR: 0.000009 | Train Loss: 0.001061 (Data: 0.00106, Mono: 0.00001) | Val MSE: 0.000099 (RMSE: 0.0099) 
2026-09-13 15:18:59,019 - INFO - Epoch [1670/2000] LR: 0.000008 | Train Loss: 0.001045 (Data: 0.00104, Mono: 0.00001) | Val MSE: 0.000100 (RMSE: 0.0100) 
2026-09-13 15:18:59,632 - INFO - Epoch [1680/2000] LR: 0.000008 | Train Loss: 0.001046 (Data: 0.00104, Mono: 0.00001) | Val MSE: 0.000098 (RMSE: 0.0099) 
2026-09-13 15:19:00,260 - INFO - Epoch [1690/2000] LR: 0.000007 | Train Loss: 0.001076 (Data: 0.00107, Mono: 0.00001) | Val MSE: 0.000101 (RMSE: 0.0100) 
2026-09-13 15:19:00,912 - INFO - Epoch [1700/2000] LR: 0.000007 | Train Loss: 0.001050 (Data: 0.00104, Mono: 0.00001) | Val MSE: 0.000100 (RMSE: 0.0100) 
2026-09-13 15:19:01,580 - INFO - Epoch [1710/2000] LR: 0.000007 | Train Loss: 0.001048 (Data: 0.00104, Mono: 0.00001) | Val MSE: 0.000102 (RMSE: 0.0101) 
2026-09-13 15:19:02,252 - INFO - Epoch [1720/2000] LR: 0.000006 | Train Loss: 0.001045 (Data: 0.00104, Mono: 0.00001) | Val MSE: 0.000100 (RMSE: 0.0100) 
2026-09-13 15:19:02,909 - INFO - Epoch [1730/2000] LR: 0.000006 | Train Loss: 0.001073 (Data: 0.00107, Mono: 0.00001) | Val MSE: 0.000105 (RMSE: 0.0103) 
2026-09-13 15:19:03,552 - INFO - Epoch [1740/2000] LR: 0.000006 | Train Loss: 0.001076 (Data: 0.00107, Mono: 0.00001) | Val MSE: 0.000104 (RMSE: 0.0102) 
2026-09-13 15:19:04,213 - INFO - Epoch [1750/2000] LR: 0.000005 | Train Loss: 0.001073 (Data: 0.00107, Mono: 0.00001) | Val MSE: 0.000103 (RMSE: 0.0102) 
2026-09-13 15:19:04,888 - INFO - Epoch [1760/2000] LR: 0.000005 | Train Loss: 0.001056 (Data: 0.00105, Mono: 0.00001) | Val MSE: 0.000104 (RMSE: 0.0102) 
2026-09-13 15:19:05,506 - INFO - Epoch [1770/2000] LR: 0.000005 | Train Loss: 0.001054 (Data: 0.00105, Mono: 0.00001) | Val MSE: 0.000101 (RMSE: 0.0101) 
2026-09-13 15:19:06,229 - INFO - Epoch [1780/2000] LR: 0.000005 | Train Loss: 0.001050 (Data: 0.00104, Mono: 0.00001) | Val MSE: 0.000100 (RMSE: 0.0100) 
2026-09-13 15:19:06,930 - INFO - Epoch [1790/2000] LR: 0.000004 | Train Loss: 0.001061 (Data: 0.00106, Mono: 0.00001) | Val MSE: 0.000103 (RMSE: 0.0101) 
2026-09-13 15:19:07,641 - INFO - Epoch [1800/2000] LR: 0.000004 | Train Loss: 0.001076 (Data: 0.00107, Mono: 0.00001) | Val MSE: 0.000103 (RMSE: 0.0101) 
2026-09-13 15:19:08,329 - INFO - Epoch [1810/2000] LR: 0.000004 | Train Loss: 0.001043 (Data: 0.00104, Mono: 0.00001) | Val MSE: 0.000104 (RMSE: 0.0102) 
2026-09-13 15:19:09,019 - INFO - Epoch [1820/2000] LR: 0.000004 | Train Loss: 0.001011 (Data: 0.00101, Mono: 0.00001) | Val MSE: 0.000100 (RMSE: 0.0100) 
2026-09-13 15:19:09,746 - INFO - Epoch [1830/2000] LR: 0.000003 | Train Loss: 0.001068 (Data: 0.00106, Mono: 0.00001) | Val MSE: 0.000101 (RMSE: 0.0101) 
2026-09-13 15:19:10,466 - INFO - Epoch [1840/2000] LR: 0.000003 | Train Loss: 0.001037 (Data: 0.00103, Mono: 0.00001) | Val MSE: 0.000103 (RMSE: 0.0101) 
2026-09-13 15:19:11,223 - INFO - Epoch [1850/2000] LR: 0.000003 | Train Loss: 0.001041 (Data: 0.00104, Mono: 0.00001) | Val MSE: 0.000100 (RMSE: 0.0100) 
2026-09-13 15:19:11,946 - INFO - Epoch [1860/2000] LR: 0.000003 | Train Loss: 0.001049 (Data: 0.00104, Mono: 0.00001) | Val MSE: 0.000102 (RMSE: 0.0101) 
2026-09-13 15:19:12,649 - INFO - Epoch [1870/2000] LR: 0.000003 | Train Loss: 0.001039 (Data: 0.00103, Mono: 0.00001) | Val MSE: 0.000101 (RMSE: 0.0100) 
2026-09-13 15:19:13,355 - INFO - Epoch [1880/2000] LR: 0.000002 | Train Loss: 0.001065 (Data: 0.00106, Mono: 0.00001) | Val MSE: 0.000101 (RMSE: 0.0100) 
2026-09-13 15:19:14,010 - INFO - Epoch [1890/2000] LR: 0.000002 | Train Loss: 0.001048 (Data: 0.00104, Mono: 0.00001) | Val MSE: 0.000102 (RMSE: 0.0101) 
2026-09-13 15:19:14,674 - INFO - Epoch [1900/2000] LR: 0.000002 | Train Loss: 0.001033 (Data: 0.00103, Mono: 0.00001) | Val MSE: 0.000101 (RMSE: 0.0100) 
2026-09-13 15:19:15,362 - INFO - Epoch [1910/2000] LR: 0.000002 | Train Loss: 0.001050 (Data: 0.00105, Mono: 0.00001) | Val MSE: 0.000101 (RMSE: 0.0101) 
2026-09-13 15:19:16,055 - INFO - Epoch [1920/2000] LR: 0.000002 | Train Loss: 0.001073 (Data: 0.00107, Mono: 0.00001) | Val MSE: 0.000101 (RMSE: 0.0101) 
2026-09-13 15:19:16,722 - INFO - Epoch [1930/2000] LR: 0.000002 | Train Loss: 0.001066 (Data: 0.00106, Mono: 0.00002) | Val MSE: 0.000101 (RMSE: 0.0101) 
2026-09-13 15:19:17,414 - INFO - Epoch [1940/2000] LR: 0.000002 | Train Loss: 0.001052 (Data: 0.00105, Mono: 0.00001) | Val MSE: 0.000101 (RMSE: 0.0101) 
2026-09-13 15:19:18,082 - INFO - Epoch [1950/2000] LR: 0.000002 | Train Loss: 0.001056 (Data: 0.00105, Mono: 0.00001) | Val MSE: 0.000103 (RMSE: 0.0102) 
2026-09-13 15:19:18,745 - INFO - Epoch [1960/2000] LR: 0.000002 | Train Loss: 0.001010 (Data: 0.00100, Mono: 0.00001) | Val MSE: 0.000102 (RMSE: 0.0101) 
2026-09-13 15:19:19,421 - INFO - Epoch [1970/2000] LR: 0.000002 | Train Loss: 0.001059 (Data: 0.00105, Mono: 0.00001) | Val MSE: 0.000101 (RMSE: 0.0101) 
2026-09-13 15:19:20,067 - INFO - Epoch [1980/2000] LR: 0.000002 | Train Loss: 0.001037 (Data: 0.00103, Mono: 0.00001) | Val MSE: 0.000101 (RMSE: 0.0100) 
2026-09-13 15:19:20,741 - INFO - Epoch [1990/2000] LR: 0.000002 | Train Loss: 0.001046 (Data: 0.00104, Mono: 0.00001) | Val MSE: 0.000099 (RMSE: 0.0100) 
2026-09-13 15:19:21,459 - INFO - Epoch [2000/2000] LR: 0.000002 | Train Loss: 0.000989 (Data: 0.00098, Mono: 0.00001) | Val MSE: 0.000101 (RMSE: 0.0100) 
2026-09-13 15:19:21,459 - INFO - Training completed in 130.31s. Loading best checkpoint from epoch 153 for final test evaluation...
2026-09-13 15:19:21,493 - INFO - ==================================================
2026-09-13 15:19:21,493 - INFO - Test Results for [XJTU] - [3C] (Best Epoch 153):
2026-09-13 15:19:21,493 - INFO -   Test RMSE: 0.012776
2026-09-13 15:19:21,493 - INFO -   Test MAE:  0.011254
2026-09-13 15:19:21,493 - INFO -   Test MAPE: 1.176578
2026-09-13 15:19:21,493 - INFO -   Test MSE:  0.000163
2026-09-13 15:19:21,493 - INFO - ==================================================
2026-09-13 15:27:55,393 - INFO - ==================================================
2026-09-13 15:27:55,393 - INFO - Starting FusionMLP Training for [XJTU] - [3C]
2026-09-13 15:27:55,393 - INFO - Device: cuda | Epochs: 2000 | LR: 0.000100 | Mono Weight: 0.4000 | Knee Feature: True
2026-09-13 15:27:55,393 - INFO - ==================================================
2026-09-13 15:27:55,504 - INFO - Data Splits: Train=10, Val=2, Test=3
2026-09-13 15:27:55,619 - INFO - Epoch [   1/2000] LR: 0.006063 | Train Loss: 0.175616 (Data: 0.17557, Mono: 0.00011) | Val MSE: 0.006223 (RMSE: 0.0789) [BEST]
2026-09-13 15:27:55,689 - INFO - Epoch [   2/2000] LR: 0.005857 | Train Loss: 0.046916 (Data: 0.04688, Mono: 0.00009) | Val MSE: 0.005137 (RMSE: 0.0717) [BEST]
2026-09-13 15:27:55,743 - INFO - Epoch [   3/2000] LR: 0.005651 | Train Loss: 0.028190 (Data: 0.02816, Mono: 0.00008) | Val MSE: 0.002813 (RMSE: 0.0530) [BEST]
2026-09-13 15:27:55,812 - INFO - Epoch [   4/2000] LR: 0.005446 | Train Loss: 0.019818 (Data: 0.01979, Mono: 0.00006) | Val MSE: 0.001870 (RMSE: 0.0432) [BEST]
2026-09-13 15:27:55,870 - INFO - Epoch [   5/2000] LR: 0.005240 | Train Loss: 0.014909 (Data: 0.01489, Mono: 0.00006) | Val MSE: 0.000624 (RMSE: 0.0250) [BEST]
2026-09-13 15:27:55,932 - INFO - Epoch [   6/2000] LR: 0.005035 | Train Loss: 0.011756 (Data: 0.01174, Mono: 0.00005) | Val MSE: 0.000554 (RMSE: 0.0235) [BEST]
2026-09-13 15:27:55,997 - INFO - Epoch [   7/2000] LR: 0.004829 | Train Loss: 0.011240 (Data: 0.01122, Mono: 0.00005) | Val MSE: 0.000225 (RMSE: 0.0150) [BEST]
2026-09-13 15:27:56,192 - INFO - Epoch [  10/2000] LR: 0.004212 | Train Loss: 0.008377 (Data: 0.00836, Mono: 0.00004) | Val MSE: 0.001015 (RMSE: 0.0319) 
2026-09-13 15:27:56,493 - INFO - Epoch [  15/2000] LR: 0.003184 | Train Loss: 0.006145 (Data: 0.00613, Mono: 0.00004) | Val MSE: 0.000151 (RMSE: 0.0123) [BEST]
2026-09-13 15:27:56,795 - INFO - Epoch [  20/2000] LR: 0.002156 | Train Loss: 0.005565 (Data: 0.00555, Mono: 0.00003) | Val MSE: 0.000708 (RMSE: 0.0266) 
2026-09-13 15:27:56,853 - INFO - Epoch [  21/2000] LR: 0.001950 | Train Loss: 0.005221 (Data: 0.00521, Mono: 0.00003) | Val MSE: 0.000095 (RMSE: 0.0098) [BEST]
2026-09-13 15:27:57,402 - INFO - Epoch [  30/2000] LR: 0.000100 | Train Loss: 0.004458 (Data: 0.00444, Mono: 0.00004) | Val MSE: 0.000098 (RMSE: 0.0099) 
2026-09-13 15:27:58,001 - INFO - Epoch [  40/2000] LR: 0.000100 | Train Loss: 0.004308 (Data: 0.00429, Mono: 0.00003) | Val MSE: 0.000108 (RMSE: 0.0104) 
2026-09-13 15:27:58,157 - INFO - Epoch [  42/2000] LR: 0.000100 | Train Loss: 0.004327 (Data: 0.00432, Mono: 0.00003) | Val MSE: 0.000092 (RMSE: 0.0096) [BEST]
2026-09-13 15:27:58,224 - INFO - Epoch [  43/2000] LR: 0.000100 | Train Loss: 0.004375 (Data: 0.00436, Mono: 0.00003) | Val MSE: 0.000092 (RMSE: 0.0096) [BEST]
2026-09-13 15:27:58,583 - INFO - Epoch [  49/2000] LR: 0.000100 | Train Loss: 0.004285 (Data: 0.00427, Mono: 0.00003) | Val MSE: 0.000092 (RMSE: 0.0096) [BEST]
2026-09-13 15:27:58,644 - INFO - Epoch [  50/2000] LR: 0.000100 | Train Loss: 0.004344 (Data: 0.00433, Mono: 0.00003) | Val MSE: 0.000102 (RMSE: 0.0101) 
2026-09-13 15:27:59,259 - INFO - Epoch [  60/2000] LR: 0.000100 | Train Loss: 0.004158 (Data: 0.00415, Mono: 0.00003) | Val MSE: 0.000103 (RMSE: 0.0101) 
2026-09-13 15:27:59,845 - INFO - Epoch [  70/2000] LR: 0.000100 | Train Loss: 0.004335 (Data: 0.00432, Mono: 0.00003) | Val MSE: 0.000111 (RMSE: 0.0105) 
2026-09-13 15:28:00,450 - INFO - Epoch [  80/2000] LR: 0.000100 | Train Loss: 0.004187 (Data: 0.00417, Mono: 0.00003) | Val MSE: 0.000101 (RMSE: 0.0101) 
2026-09-13 15:28:01,058 - INFO - Epoch [  90/2000] LR: 0.000100 | Train Loss: 0.004206 (Data: 0.00419, Mono: 0.00003) | Val MSE: 0.000110 (RMSE: 0.0105) 
2026-09-13 15:28:01,658 - INFO - Epoch [ 100/2000] LR: 0.000100 | Train Loss: 0.004008 (Data: 0.00400, Mono: 0.00003) | Val MSE: 0.000110 (RMSE: 0.0105) 
2026-09-13 15:28:02,308 - INFO - Epoch [ 110/2000] LR: 0.000100 | Train Loss: 0.003904 (Data: 0.00389, Mono: 0.00003) | Val MSE: 0.000130 (RMSE: 0.0114) 
2026-09-13 15:28:02,896 - INFO - Epoch [ 120/2000] LR: 0.000099 | Train Loss: 0.003807 (Data: 0.00379, Mono: 0.00003) | Val MSE: 0.000105 (RMSE: 0.0103) 
2026-09-13 15:28:03,527 - INFO - Epoch [ 130/2000] LR: 0.000099 | Train Loss: 0.003854 (Data: 0.00384, Mono: 0.00003) | Val MSE: 0.000095 (RMSE: 0.0098) 
2026-09-13 15:28:04,153 - INFO - Epoch [ 140/2000] LR: 0.000099 | Train Loss: 0.003784 (Data: 0.00377, Mono: 0.00003) | Val MSE: 0.000111 (RMSE: 0.0105) 
2026-09-13 15:28:04,749 - INFO - Epoch [ 150/2000] LR: 0.000099 | Train Loss: 0.003810 (Data: 0.00380, Mono: 0.00003) | Val MSE: 0.000114 (RMSE: 0.0107) 
2026-09-13 15:28:05,354 - INFO - Epoch [ 160/2000] LR: 0.000099 | Train Loss: 0.003612 (Data: 0.00360, Mono: 0.00003) | Val MSE: 0.000148 (RMSE: 0.0122) 
2026-09-13 15:28:05,952 - INFO - Epoch [ 170/2000] LR: 0.000099 | Train Loss: 0.003611 (Data: 0.00360, Mono: 0.00003) | Val MSE: 0.000116 (RMSE: 0.0108) 
2026-09-13 15:28:06,550 - INFO - Epoch [ 180/2000] LR: 0.000099 | Train Loss: 0.003496 (Data: 0.00349, Mono: 0.00003) | Val MSE: 0.000129 (RMSE: 0.0114) 
2026-09-13 15:28:07,146 - INFO - Epoch [ 190/2000] LR: 0.000098 | Train Loss: 0.003545 (Data: 0.00353, Mono: 0.00003) | Val MSE: 0.000107 (RMSE: 0.0103) 
2026-09-13 15:28:07,750 - INFO - Epoch [ 200/2000] LR: 0.000098 | Train Loss: 0.003381 (Data: 0.00337, Mono: 0.00003) | Val MSE: 0.000114 (RMSE: 0.0107) 
2026-09-13 15:28:08,345 - INFO - Epoch [ 210/2000] LR: 0.000098 | Train Loss: 0.003454 (Data: 0.00344, Mono: 0.00003) | Val MSE: 0.000160 (RMSE: 0.0127) 
2026-09-13 15:28:08,928 - INFO - Epoch [ 220/2000] LR: 0.000098 | Train Loss: 0.003136 (Data: 0.00313, Mono: 0.00003) | Val MSE: 0.000147 (RMSE: 0.0121) 
2026-09-13 15:28:09,524 - INFO - Epoch [ 230/2000] LR: 0.000098 | Train Loss: 0.003121 (Data: 0.00311, Mono: 0.00003) | Val MSE: 0.000125 (RMSE: 0.0112) 
2026-09-13 15:28:10,137 - INFO - Epoch [ 240/2000] LR: 0.000097 | Train Loss: 0.003124 (Data: 0.00311, Mono: 0.00003) | Val MSE: 0.000151 (RMSE: 0.0123) 
2026-09-13 15:28:10,733 - INFO - Epoch [ 250/2000] LR: 0.000097 | Train Loss: 0.002983 (Data: 0.00297, Mono: 0.00003) | Val MSE: 0.000130 (RMSE: 0.0114) 
2026-09-13 15:28:11,343 - INFO - Epoch [ 260/2000] LR: 0.000097 | Train Loss: 0.003122 (Data: 0.00311, Mono: 0.00002) | Val MSE: 0.000120 (RMSE: 0.0110) 
2026-09-13 15:28:11,937 - INFO - Epoch [ 270/2000] LR: 0.000096 | Train Loss: 0.003063 (Data: 0.00305, Mono: 0.00003) | Val MSE: 0.000138 (RMSE: 0.0117) 
2026-09-13 15:28:12,515 - INFO - Epoch [ 280/2000] LR: 0.000096 | Train Loss: 0.002939 (Data: 0.00293, Mono: 0.00002) | Val MSE: 0.000139 (RMSE: 0.0118) 
2026-09-13 15:28:13,122 - INFO - Epoch [ 290/2000] LR: 0.000096 | Train Loss: 0.002916 (Data: 0.00291, Mono: 0.00002) | Val MSE: 0.000136 (RMSE: 0.0116) 
2026-09-13 15:28:13,708 - INFO - Epoch [ 300/2000] LR: 0.000096 | Train Loss: 0.002722 (Data: 0.00271, Mono: 0.00002) | Val MSE: 0.000164 (RMSE: 0.0128) 
2026-09-13 15:28:14,323 - INFO - Epoch [ 310/2000] LR: 0.000095 | Train Loss: 0.002864 (Data: 0.00285, Mono: 0.00003) | Val MSE: 0.000135 (RMSE: 0.0116) 
2026-09-13 15:28:14,919 - INFO - Epoch [ 320/2000] LR: 0.000095 | Train Loss: 0.002746 (Data: 0.00274, Mono: 0.00002) | Val MSE: 0.000130 (RMSE: 0.0114) 
2026-09-13 15:28:15,503 - INFO - Epoch [ 330/2000] LR: 0.000094 | Train Loss: 0.002685 (Data: 0.00267, Mono: 0.00003) | Val MSE: 0.000126 (RMSE: 0.0112) 
2026-09-13 15:28:16,102 - INFO - Epoch [ 340/2000] LR: 0.000094 | Train Loss: 0.002703 (Data: 0.00269, Mono: 0.00002) | Val MSE: 0.000135 (RMSE: 0.0116) 
2026-09-13 15:28:16,695 - INFO - Epoch [ 350/2000] LR: 0.000094 | Train Loss: 0.002676 (Data: 0.00267, Mono: 0.00002) | Val MSE: 0.000142 (RMSE: 0.0119) 
2026-09-13 15:28:17,299 - INFO - Epoch [ 360/2000] LR: 0.000093 | Train Loss: 0.002714 (Data: 0.00270, Mono: 0.00003) | Val MSE: 0.000132 (RMSE: 0.0115) 
2026-09-13 15:28:17,897 - INFO - Epoch [ 370/2000] LR: 0.000093 | Train Loss: 0.002537 (Data: 0.00253, Mono: 0.00002) | Val MSE: 0.000141 (RMSE: 0.0119) 
2026-09-13 15:28:18,498 - INFO - Epoch [ 380/2000] LR: 0.000093 | Train Loss: 0.002474 (Data: 0.00246, Mono: 0.00002) | Val MSE: 0.000138 (RMSE: 0.0117) 
2026-09-13 15:28:19,093 - INFO - Epoch [ 390/2000] LR: 0.000092 | Train Loss: 0.002544 (Data: 0.00253, Mono: 0.00002) | Val MSE: 0.000148 (RMSE: 0.0122) 
2026-09-13 15:28:19,677 - INFO - Epoch [ 400/2000] LR: 0.000092 | Train Loss: 0.002482 (Data: 0.00247, Mono: 0.00002) | Val MSE: 0.000137 (RMSE: 0.0117) 
2026-09-13 15:28:20,266 - INFO - Epoch [ 410/2000] LR: 0.000091 | Train Loss: 0.002485 (Data: 0.00248, Mono: 0.00002) | Val MSE: 0.000143 (RMSE: 0.0119) 
2026-09-13 15:28:20,861 - INFO - Epoch [ 420/2000] LR: 0.000091 | Train Loss: 0.002347 (Data: 0.00234, Mono: 0.00002) | Val MSE: 0.000151 (RMSE: 0.0123) 
2026-09-13 15:28:21,467 - INFO - Epoch [ 430/2000] LR: 0.000090 | Train Loss: 0.002307 (Data: 0.00230, Mono: 0.00002) | Val MSE: 0.000145 (RMSE: 0.0120) 
2026-09-13 15:28:22,066 - INFO - Epoch [ 440/2000] LR: 0.000090 | Train Loss: 0.002359 (Data: 0.00235, Mono: 0.00002) | Val MSE: 0.000171 (RMSE: 0.0131) 
2026-09-13 15:28:22,665 - INFO - Epoch [ 450/2000] LR: 0.000089 | Train Loss: 0.002359 (Data: 0.00235, Mono: 0.00002) | Val MSE: 0.000153 (RMSE: 0.0124) 
2026-09-13 15:28:23,260 - INFO - Epoch [ 460/2000] LR: 0.000089 | Train Loss: 0.002267 (Data: 0.00226, Mono: 0.00002) | Val MSE: 0.000197 (RMSE: 0.0140) 
2026-09-13 15:28:23,855 - INFO - Epoch [ 470/2000] LR: 0.000088 | Train Loss: 0.002299 (Data: 0.00229, Mono: 0.00002) | Val MSE: 0.000148 (RMSE: 0.0122) 
2026-09-13 15:28:24,449 - INFO - Epoch [ 480/2000] LR: 0.000088 | Train Loss: 0.002266 (Data: 0.00226, Mono: 0.00002) | Val MSE: 0.000177 (RMSE: 0.0133) 
2026-09-13 15:28:25,044 - INFO - Epoch [ 490/2000] LR: 0.000087 | Train Loss: 0.002273 (Data: 0.00226, Mono: 0.00002) | Val MSE: 0.000154 (RMSE: 0.0124) 
2026-09-13 15:28:25,650 - INFO - Epoch [ 500/2000] LR: 0.000087 | Train Loss: 0.002314 (Data: 0.00231, Mono: 0.00002) | Val MSE: 0.000169 (RMSE: 0.0130) 
2026-09-13 15:28:26,252 - INFO - Epoch [ 510/2000] LR: 0.000086 | Train Loss: 0.002177 (Data: 0.00217, Mono: 0.00002) | Val MSE: 0.000160 (RMSE: 0.0126) 
2026-09-13 15:28:26,850 - INFO - Epoch [ 520/2000] LR: 0.000086 | Train Loss: 0.002119 (Data: 0.00211, Mono: 0.00002) | Val MSE: 0.000171 (RMSE: 0.0131) 
2026-09-13 15:28:27,499 - INFO - Epoch [ 530/2000] LR: 0.000085 | Train Loss: 0.002078 (Data: 0.00207, Mono: 0.00002) | Val MSE: 0.000192 (RMSE: 0.0139) 
2026-09-13 15:28:28,158 - INFO - Epoch [ 540/2000] LR: 0.000085 | Train Loss: 0.002001 (Data: 0.00199, Mono: 0.00002) | Val MSE: 0.000167 (RMSE: 0.0129) 
2026-09-13 15:28:28,835 - INFO - Epoch [ 550/2000] LR: 0.000084 | Train Loss: 0.002012 (Data: 0.00200, Mono: 0.00002) | Val MSE: 0.000160 (RMSE: 0.0127) 
2026-09-13 15:28:29,514 - INFO - Epoch [ 560/2000] LR: 0.000083 | Train Loss: 0.002087 (Data: 0.00208, Mono: 0.00002) | Val MSE: 0.000162 (RMSE: 0.0127) 
2026-09-13 15:28:30,194 - INFO - Epoch [ 570/2000] LR: 0.000083 | Train Loss: 0.002051 (Data: 0.00204, Mono: 0.00002) | Val MSE: 0.000180 (RMSE: 0.0134) 
2026-09-13 15:28:30,879 - INFO - Epoch [ 580/2000] LR: 0.000082 | Train Loss: 0.002056 (Data: 0.00205, Mono: 0.00002) | Val MSE: 0.000151 (RMSE: 0.0123) 
2026-09-13 15:28:31,545 - INFO - Epoch [ 590/2000] LR: 0.000082 | Train Loss: 0.001964 (Data: 0.00196, Mono: 0.00002) | Val MSE: 0.000161 (RMSE: 0.0127) 
2026-09-13 15:28:32,243 - INFO - Epoch [ 600/2000] LR: 0.000081 | Train Loss: 0.001940 (Data: 0.00193, Mono: 0.00002) | Val MSE: 0.000152 (RMSE: 0.0123) 
2026-09-13 15:28:32,907 - INFO - Epoch [ 610/2000] LR: 0.000080 | Train Loss: 0.001859 (Data: 0.00185, Mono: 0.00002) | Val MSE: 0.000180 (RMSE: 0.0134) 
2026-09-13 15:28:33,591 - INFO - Epoch [ 620/2000] LR: 0.000080 | Train Loss: 0.001887 (Data: 0.00188, Mono: 0.00002) | Val MSE: 0.000180 (RMSE: 0.0134) 
2026-09-13 15:28:34,269 - INFO - Epoch [ 630/2000] LR: 0.000079 | Train Loss: 0.001917 (Data: 0.00191, Mono: 0.00002) | Val MSE: 0.000168 (RMSE: 0.0130) 
2026-09-13 15:28:34,972 - INFO - Epoch [ 640/2000] LR: 0.000078 | Train Loss: 0.001849 (Data: 0.00184, Mono: 0.00002) | Val MSE: 0.000166 (RMSE: 0.0129) 
2026-09-13 15:28:35,704 - INFO - Epoch [ 650/2000] LR: 0.000078 | Train Loss: 0.001907 (Data: 0.00190, Mono: 0.00002) | Val MSE: 0.000188 (RMSE: 0.0137) 
2026-09-13 15:28:36,463 - INFO - Epoch [ 660/2000] LR: 0.000077 | Train Loss: 0.001847 (Data: 0.00184, Mono: 0.00002) | Val MSE: 0.000154 (RMSE: 0.0124) 
2026-09-13 15:28:37,188 - INFO - Epoch [ 670/2000] LR: 0.000077 | Train Loss: 0.001931 (Data: 0.00192, Mono: 0.00002) | Val MSE: 0.000167 (RMSE: 0.0129) 
2026-09-13 15:28:37,914 - INFO - Epoch [ 680/2000] LR: 0.000076 | Train Loss: 0.001790 (Data: 0.00178, Mono: 0.00002) | Val MSE: 0.000152 (RMSE: 0.0123) 
2026-09-13 15:28:38,647 - INFO - Epoch [ 690/2000] LR: 0.000075 | Train Loss: 0.001785 (Data: 0.00178, Mono: 0.00002) | Val MSE: 0.000153 (RMSE: 0.0124) 
2026-09-13 15:28:39,364 - INFO - Epoch [ 700/2000] LR: 0.000074 | Train Loss: 0.001820 (Data: 0.00181, Mono: 0.00002) | Val MSE: 0.000156 (RMSE: 0.0125) 
2026-09-13 15:28:40,091 - INFO - Epoch [ 710/2000] LR: 0.000074 | Train Loss: 0.001807 (Data: 0.00180, Mono: 0.00002) | Val MSE: 0.000156 (RMSE: 0.0125) 
2026-09-13 15:28:40,817 - INFO - Epoch [ 720/2000] LR: 0.000073 | Train Loss: 0.001694 (Data: 0.00169, Mono: 0.00002) | Val MSE: 0.000157 (RMSE: 0.0125) 
2026-09-13 15:28:41,546 - INFO - Epoch [ 730/2000] LR: 0.000072 | Train Loss: 0.001806 (Data: 0.00180, Mono: 0.00002) | Val MSE: 0.000150 (RMSE: 0.0123) 
2026-09-13 15:28:42,267 - INFO - Epoch [ 740/2000] LR: 0.000072 | Train Loss: 0.001688 (Data: 0.00168, Mono: 0.00002) | Val MSE: 0.000165 (RMSE: 0.0128) 
2026-09-13 15:28:42,941 - INFO - Epoch [ 750/2000] LR: 0.000071 | Train Loss: 0.001748 (Data: 0.00174, Mono: 0.00002) | Val MSE: 0.000162 (RMSE: 0.0127) 
2026-09-13 15:28:43,634 - INFO - Epoch [ 760/2000] LR: 0.000070 | Train Loss: 0.001666 (Data: 0.00166, Mono: 0.00002) | Val MSE: 0.000154 (RMSE: 0.0124) 
2026-09-13 15:28:44,328 - INFO - Epoch [ 770/2000] LR: 0.000070 | Train Loss: 0.001707 (Data: 0.00170, Mono: 0.00002) | Val MSE: 0.000167 (RMSE: 0.0129) 
2026-09-13 15:28:44,987 - INFO - Epoch [ 780/2000] LR: 0.000069 | Train Loss: 0.001764 (Data: 0.00176, Mono: 0.00002) | Val MSE: 0.000159 (RMSE: 0.0126) 
2026-09-13 15:28:45,663 - INFO - Epoch [ 790/2000] LR: 0.000068 | Train Loss: 0.001707 (Data: 0.00170, Mono: 0.00002) | Val MSE: 0.000161 (RMSE: 0.0127) 
2026-09-13 15:28:46,344 - INFO - Epoch [ 800/2000] LR: 0.000067 | Train Loss: 0.001672 (Data: 0.00167, Mono: 0.00002) | Val MSE: 0.000149 (RMSE: 0.0122) 
2026-09-13 15:28:47,029 - INFO - Epoch [ 810/2000] LR: 0.000067 | Train Loss: 0.001674 (Data: 0.00167, Mono: 0.00002) | Val MSE: 0.000169 (RMSE: 0.0130) 
2026-09-13 15:28:47,697 - INFO - Epoch [ 820/2000] LR: 0.000066 | Train Loss: 0.001645 (Data: 0.00164, Mono: 0.00002) | Val MSE: 0.000157 (RMSE: 0.0125) 
2026-09-13 15:28:48,396 - INFO - Epoch [ 830/2000] LR: 0.000065 | Train Loss: 0.001628 (Data: 0.00162, Mono: 0.00002) | Val MSE: 0.000163 (RMSE: 0.0128) 
2026-09-13 15:28:49,092 - INFO - Epoch [ 840/2000] LR: 0.000064 | Train Loss: 0.001604 (Data: 0.00160, Mono: 0.00002) | Val MSE: 0.000161 (RMSE: 0.0127) 
2026-09-13 15:28:49,752 - INFO - Epoch [ 850/2000] LR: 0.000064 | Train Loss: 0.001560 (Data: 0.00155, Mono: 0.00002) | Val MSE: 0.000154 (RMSE: 0.0124) 
2026-09-13 15:28:50,471 - INFO - Epoch [ 860/2000] LR: 0.000063 | Train Loss: 0.001581 (Data: 0.00157, Mono: 0.00002) | Val MSE: 0.000169 (RMSE: 0.0130) 
2026-09-13 15:28:51,227 - INFO - Epoch [ 870/2000] LR: 0.000062 | Train Loss: 0.001576 (Data: 0.00157, Mono: 0.00002) | Val MSE: 0.000153 (RMSE: 0.0124) 
2026-09-13 15:28:51,927 - INFO - Epoch [ 880/2000] LR: 0.000061 | Train Loss: 0.001581 (Data: 0.00157, Mono: 0.00002) | Val MSE: 0.000158 (RMSE: 0.0126) 
2026-09-13 15:28:52,633 - INFO - Epoch [ 890/2000] LR: 0.000061 | Train Loss: 0.001576 (Data: 0.00157, Mono: 0.00002) | Val MSE: 0.000161 (RMSE: 0.0127) 
2026-09-13 15:28:53,358 - INFO - Epoch [ 900/2000] LR: 0.000060 | Train Loss: 0.001568 (Data: 0.00156, Mono: 0.00002) | Val MSE: 0.000158 (RMSE: 0.0126) 
2026-09-13 15:28:54,052 - INFO - Epoch [ 910/2000] LR: 0.000059 | Train Loss: 0.001583 (Data: 0.00158, Mono: 0.00002) | Val MSE: 0.000152 (RMSE: 0.0123) 
2026-09-13 15:28:54,785 - INFO - Epoch [ 920/2000] LR: 0.000058 | Train Loss: 0.001563 (Data: 0.00156, Mono: 0.00002) | Val MSE: 0.000160 (RMSE: 0.0127) 
2026-09-13 15:28:55,485 - INFO - Epoch [ 930/2000] LR: 0.000057 | Train Loss: 0.001484 (Data: 0.00148, Mono: 0.00002) | Val MSE: 0.000149 (RMSE: 0.0122) 
2026-09-13 15:28:56,217 - INFO - Epoch [ 940/2000] LR: 0.000057 | Train Loss: 0.001482 (Data: 0.00147, Mono: 0.00002) | Val MSE: 0.000162 (RMSE: 0.0127) 
2026-09-13 15:28:56,922 - INFO - Epoch [ 950/2000] LR: 0.000056 | Train Loss: 0.001523 (Data: 0.00152, Mono: 0.00002) | Val MSE: 0.000146 (RMSE: 0.0121) 
2026-09-13 15:28:57,555 - INFO - Epoch [ 960/2000] LR: 0.000055 | Train Loss: 0.001521 (Data: 0.00151, Mono: 0.00002) | Val MSE: 0.000151 (RMSE: 0.0123) 
2026-09-13 15:28:58,170 - INFO - Epoch [ 970/2000] LR: 0.000054 | Train Loss: 0.001520 (Data: 0.00151, Mono: 0.00002) | Val MSE: 0.000147 (RMSE: 0.0121) 
2026-09-13 15:28:58,765 - INFO - Epoch [ 980/2000] LR: 0.000054 | Train Loss: 0.001508 (Data: 0.00150, Mono: 0.00002) | Val MSE: 0.000147 (RMSE: 0.0121) 
2026-09-13 15:28:59,371 - INFO - Epoch [ 990/2000] LR: 0.000053 | Train Loss: 0.001437 (Data: 0.00143, Mono: 0.00002) | Val MSE: 0.000160 (RMSE: 0.0126) 
2026-09-13 15:28:59,986 - INFO - Epoch [1000/2000] LR: 0.000052 | Train Loss: 0.001483 (Data: 0.00148, Mono: 0.00002) | Val MSE: 0.000154 (RMSE: 0.0124) 
2026-09-13 15:29:00,599 - INFO - Epoch [1010/2000] LR: 0.000051 | Train Loss: 0.001468 (Data: 0.00146, Mono: 0.00002) | Val MSE: 0.000141 (RMSE: 0.0119) 
2026-09-13 15:29:01,238 - INFO - Epoch [1020/2000] LR: 0.000050 | Train Loss: 0.001408 (Data: 0.00140, Mono: 0.00002) | Val MSE: 0.000141 (RMSE: 0.0119) 
2026-09-13 15:29:01,847 - INFO - Epoch [1030/2000] LR: 0.000050 | Train Loss: 0.001436 (Data: 0.00143, Mono: 0.00002) | Val MSE: 0.000150 (RMSE: 0.0123) 
2026-09-13 15:29:02,466 - INFO - Epoch [1040/2000] LR: 0.000049 | Train Loss: 0.001478 (Data: 0.00147, Mono: 0.00002) | Val MSE: 0.000147 (RMSE: 0.0121) 
2026-09-13 15:29:03,072 - INFO - Epoch [1050/2000] LR: 0.000048 | Train Loss: 0.001445 (Data: 0.00144, Mono: 0.00002) | Val MSE: 0.000140 (RMSE: 0.0118) 
2026-09-13 15:29:03,698 - INFO - Epoch [1060/2000] LR: 0.000047 | Train Loss: 0.001523 (Data: 0.00152, Mono: 0.00002) | Val MSE: 0.000148 (RMSE: 0.0122) 
2026-09-13 15:29:04,307 - INFO - Epoch [1070/2000] LR: 0.000046 | Train Loss: 0.001511 (Data: 0.00150, Mono: 0.00002) | Val MSE: 0.000142 (RMSE: 0.0119) 
2026-09-13 15:29:04,920 - INFO - Epoch [1080/2000] LR: 0.000046 | Train Loss: 0.001395 (Data: 0.00139, Mono: 0.00002) | Val MSE: 0.000141 (RMSE: 0.0119) 
2026-09-13 15:29:05,528 - INFO - Epoch [1090/2000] LR: 0.000045 | Train Loss: 0.001391 (Data: 0.00138, Mono: 0.00002) | Val MSE: 0.000138 (RMSE: 0.0118) 
2026-09-13 15:29:06,134 - INFO - Epoch [1100/2000] LR: 0.000044 | Train Loss: 0.001473 (Data: 0.00147, Mono: 0.00002) | Val MSE: 0.000154 (RMSE: 0.0124) 
2026-09-13 15:29:06,756 - INFO - Epoch [1110/2000] LR: 0.000043 | Train Loss: 0.001422 (Data: 0.00142, Mono: 0.00002) | Val MSE: 0.000137 (RMSE: 0.0117) 
2026-09-13 15:29:07,367 - INFO - Epoch [1120/2000] LR: 0.000043 | Train Loss: 0.001422 (Data: 0.00142, Mono: 0.00002) | Val MSE: 0.000161 (RMSE: 0.0127) 
2026-09-13 15:29:07,980 - INFO - Epoch [1130/2000] LR: 0.000042 | Train Loss: 0.001408 (Data: 0.00140, Mono: 0.00002) | Val MSE: 0.000141 (RMSE: 0.0119) 
2026-09-13 15:29:08,603 - INFO - Epoch [1140/2000] LR: 0.000041 | Train Loss: 0.001420 (Data: 0.00141, Mono: 0.00002) | Val MSE: 0.000144 (RMSE: 0.0120) 
2026-09-13 15:29:09,211 - INFO - Epoch [1150/2000] LR: 0.000040 | Train Loss: 0.001390 (Data: 0.00138, Mono: 0.00002) | Val MSE: 0.000142 (RMSE: 0.0119) 
2026-09-13 15:29:09,833 - INFO - Epoch [1160/2000] LR: 0.000040 | Train Loss: 0.001374 (Data: 0.00137, Mono: 0.00002) | Val MSE: 0.000131 (RMSE: 0.0114) 
2026-09-13 15:29:10,441 - INFO - Epoch [1170/2000] LR: 0.000039 | Train Loss: 0.001325 (Data: 0.00132, Mono: 0.00001) | Val MSE: 0.000149 (RMSE: 0.0122) 
2026-09-13 15:29:11,050 - INFO - Epoch [1180/2000] LR: 0.000038 | Train Loss: 0.001390 (Data: 0.00138, Mono: 0.00002) | Val MSE: 0.000138 (RMSE: 0.0117) 
2026-09-13 15:29:11,667 - INFO - Epoch [1190/2000] LR: 0.000037 | Train Loss: 0.001361 (Data: 0.00135, Mono: 0.00002) | Val MSE: 0.000131 (RMSE: 0.0115) 
2026-09-13 15:29:12,273 - INFO - Epoch [1200/2000] LR: 0.000036 | Train Loss: 0.001361 (Data: 0.00135, Mono: 0.00002) | Val MSE: 0.000136 (RMSE: 0.0117) 
2026-09-13 15:29:12,877 - INFO - Epoch [1210/2000] LR: 0.000036 | Train Loss: 0.001373 (Data: 0.00137, Mono: 0.00002) | Val MSE: 0.000137 (RMSE: 0.0117) 
2026-09-13 15:29:13,481 - INFO - Epoch [1220/2000] LR: 0.000035 | Train Loss: 0.001345 (Data: 0.00134, Mono: 0.00002) | Val MSE: 0.000133 (RMSE: 0.0116) 
2026-09-13 15:29:14,097 - INFO - Epoch [1230/2000] LR: 0.000034 | Train Loss: 0.001352 (Data: 0.00135, Mono: 0.00002) | Val MSE: 0.000134 (RMSE: 0.0116) 
2026-09-13 15:29:14,694 - INFO - Epoch [1240/2000] LR: 0.000034 | Train Loss: 0.001349 (Data: 0.00134, Mono: 0.00002) | Val MSE: 0.000135 (RMSE: 0.0116) 
2026-09-13 15:29:15,300 - INFO - Epoch [1250/2000] LR: 0.000033 | Train Loss: 0.001337 (Data: 0.00133, Mono: 0.00002) | Val MSE: 0.000136 (RMSE: 0.0117) 
2026-09-13 15:29:15,927 - INFO - Epoch [1260/2000] LR: 0.000032 | Train Loss: 0.001312 (Data: 0.00131, Mono: 0.00002) | Val MSE: 0.000132 (RMSE: 0.0115) 
2026-09-13 15:29:16,535 - INFO - Epoch [1270/2000] LR: 0.000031 | Train Loss: 0.001272 (Data: 0.00127, Mono: 0.00002) | Val MSE: 0.000136 (RMSE: 0.0117) 
2026-09-13 15:29:17,168 - INFO - Epoch [1280/2000] LR: 0.000031 | Train Loss: 0.001343 (Data: 0.00134, Mono: 0.00002) | Val MSE: 0.000126 (RMSE: 0.0112) 
2026-09-13 15:29:17,782 - INFO - Epoch [1290/2000] LR: 0.000030 | Train Loss: 0.001322 (Data: 0.00132, Mono: 0.00002) | Val MSE: 0.000128 (RMSE: 0.0113) 
2026-09-13 15:29:18,392 - INFO - Epoch [1300/2000] LR: 0.000029 | Train Loss: 0.001300 (Data: 0.00129, Mono: 0.00002) | Val MSE: 0.000126 (RMSE: 0.0112) 
2026-09-13 15:29:19,010 - INFO - Epoch [1310/2000] LR: 0.000028 | Train Loss: 0.001270 (Data: 0.00126, Mono: 0.00002) | Val MSE: 0.000134 (RMSE: 0.0116) 
2026-09-13 15:29:19,720 - INFO - Epoch [1320/2000] LR: 0.000028 | Train Loss: 0.001321 (Data: 0.00132, Mono: 0.00001) | Val MSE: 0.000126 (RMSE: 0.0112) 
2026-09-13 15:29:20,420 - INFO - Epoch [1330/2000] LR: 0.000027 | Train Loss: 0.001281 (Data: 0.00127, Mono: 0.00002) | Val MSE: 0.000132 (RMSE: 0.0115) 
2026-09-13 15:29:21,122 - INFO - Epoch [1340/2000] LR: 0.000026 | Train Loss: 0.001337 (Data: 0.00133, Mono: 0.00002) | Val MSE: 0.000130 (RMSE: 0.0114) 
2026-09-13 15:29:21,824 - INFO - Epoch [1350/2000] LR: 0.000026 | Train Loss: 0.001313 (Data: 0.00131, Mono: 0.00002) | Val MSE: 0.000128 (RMSE: 0.0113) 
2026-09-13 15:29:22,539 - INFO - Epoch [1360/2000] LR: 0.000025 | Train Loss: 0.001297 (Data: 0.00129, Mono: 0.00001) | Val MSE: 0.000123 (RMSE: 0.0111) 
2026-09-13 15:29:23,262 - INFO - Epoch [1370/2000] LR: 0.000024 | Train Loss: 0.001274 (Data: 0.00127, Mono: 0.00002) | Val MSE: 0.000127 (RMSE: 0.0113) 
2026-09-13 15:29:23,969 - INFO - Epoch [1380/2000] LR: 0.000024 | Train Loss: 0.001325 (Data: 0.00132, Mono: 0.00002) | Val MSE: 0.000127 (RMSE: 0.0113) 
2026-09-13 15:29:24,677 - INFO - Epoch [1390/2000] LR: 0.000023 | Train Loss: 0.001267 (Data: 0.00126, Mono: 0.00002) | Val MSE: 0.000123 (RMSE: 0.0111) 
2026-09-13 15:29:25,381 - INFO - Epoch [1400/2000] LR: 0.000022 | Train Loss: 0.001308 (Data: 0.00130, Mono: 0.00002) | Val MSE: 0.000122 (RMSE: 0.0110) 
2026-09-13 15:29:26,085 - INFO - Epoch [1410/2000] LR: 0.000022 | Train Loss: 0.001312 (Data: 0.00131, Mono: 0.00002) | Val MSE: 0.000118 (RMSE: 0.0109) 
2026-09-13 15:29:26,781 - INFO - Epoch [1420/2000] LR: 0.000021 | Train Loss: 0.001279 (Data: 0.00127, Mono: 0.00002) | Val MSE: 0.000120 (RMSE: 0.0110) 
2026-09-13 15:29:27,530 - INFO - Epoch [1430/2000] LR: 0.000021 | Train Loss: 0.001268 (Data: 0.00126, Mono: 0.00002) | Val MSE: 0.000124 (RMSE: 0.0111) 
2026-09-13 15:29:28,180 - INFO - Epoch [1440/2000] LR: 0.000020 | Train Loss: 0.001268 (Data: 0.00126, Mono: 0.00001) | Val MSE: 0.000120 (RMSE: 0.0109) 
2026-09-13 15:29:28,815 - INFO - Epoch [1450/2000] LR: 0.000019 | Train Loss: 0.001310 (Data: 0.00130, Mono: 0.00002) | Val MSE: 0.000125 (RMSE: 0.0112) 
2026-09-13 15:29:29,452 - INFO - Epoch [1460/2000] LR: 0.000019 | Train Loss: 0.001286 (Data: 0.00128, Mono: 0.00002) | Val MSE: 0.000125 (RMSE: 0.0112) 
2026-09-13 15:29:30,086 - INFO - Epoch [1470/2000] LR: 0.000018 | Train Loss: 0.001258 (Data: 0.00125, Mono: 0.00002) | Val MSE: 0.000118 (RMSE: 0.0109) 
2026-09-13 15:29:30,729 - INFO - Epoch [1480/2000] LR: 0.000018 | Train Loss: 0.001263 (Data: 0.00126, Mono: 0.00002) | Val MSE: 0.000125 (RMSE: 0.0112) 
2026-09-13 15:29:31,364 - INFO - Epoch [1490/2000] LR: 0.000017 | Train Loss: 0.001246 (Data: 0.00124, Mono: 0.00001) | Val MSE: 0.000120 (RMSE: 0.0109) 
2026-09-13 15:29:32,018 - INFO - Epoch [1500/2000] LR: 0.000016 | Train Loss: 0.001263 (Data: 0.00126, Mono: 0.00002) | Val MSE: 0.000118 (RMSE: 0.0109) 
2026-09-13 15:29:32,683 - INFO - Epoch [1510/2000] LR: 0.000016 | Train Loss: 0.001262 (Data: 0.00126, Mono: 0.00002) | Val MSE: 0.000119 (RMSE: 0.0109) 
2026-09-13 15:29:33,330 - INFO - Epoch [1520/2000] LR: 0.000015 | Train Loss: 0.001258 (Data: 0.00125, Mono: 0.00001) | Val MSE: 0.000114 (RMSE: 0.0107) 
2026-09-13 15:29:34,035 - INFO - Epoch [1530/2000] LR: 0.000015 | Train Loss: 0.001256 (Data: 0.00125, Mono: 0.00001) | Val MSE: 0.000115 (RMSE: 0.0107) 
2026-09-13 15:29:34,753 - INFO - Epoch [1540/2000] LR: 0.000014 | Train Loss: 0.001294 (Data: 0.00129, Mono: 0.00002) | Val MSE: 0.000116 (RMSE: 0.0108) 
2026-09-13 15:29:35,460 - INFO - Epoch [1550/2000] LR: 0.000014 | Train Loss: 0.001232 (Data: 0.00123, Mono: 0.00002) | Val MSE: 0.000116 (RMSE: 0.0108) 
2026-09-13 15:29:36,140 - INFO - Epoch [1560/2000] LR: 0.000013 | Train Loss: 0.001283 (Data: 0.00128, Mono: 0.00002) | Val MSE: 0.000112 (RMSE: 0.0106) 
2026-09-13 15:29:36,838 - INFO - Epoch [1570/2000] LR: 0.000013 | Train Loss: 0.001215 (Data: 0.00121, Mono: 0.00001) | Val MSE: 0.000115 (RMSE: 0.0107) 
2026-09-13 15:29:37,566 - INFO - Epoch [1580/2000] LR: 0.000012 | Train Loss: 0.001267 (Data: 0.00126, Mono: 0.00001) | Val MSE: 0.000113 (RMSE: 0.0106) 
2026-09-13 15:29:38,303 - INFO - Epoch [1590/2000] LR: 0.000012 | Train Loss: 0.001238 (Data: 0.00123, Mono: 0.00002) | Val MSE: 0.000111 (RMSE: 0.0105) 
2026-09-13 15:29:39,004 - INFO - Epoch [1600/2000] LR: 0.000011 | Train Loss: 0.001201 (Data: 0.00120, Mono: 0.00002) | Val MSE: 0.000110 (RMSE: 0.0105) 
2026-09-13 15:29:39,684 - INFO - Epoch [1610/2000] LR: 0.000011 | Train Loss: 0.001268 (Data: 0.00126, Mono: 0.00002) | Val MSE: 0.000117 (RMSE: 0.0108) 
2026-09-13 15:29:40,367 - INFO - Epoch [1620/2000] LR: 0.000010 | Train Loss: 0.001226 (Data: 0.00122, Mono: 0.00001) | Val MSE: 0.000115 (RMSE: 0.0107) 
2026-09-13 15:29:41,068 - INFO - Epoch [1630/2000] LR: 0.000010 | Train Loss: 0.001251 (Data: 0.00125, Mono: 0.00001) | Val MSE: 0.000110 (RMSE: 0.0105) 
2026-09-13 15:29:41,721 - INFO - Epoch [1640/2000] LR: 0.000009 | Train Loss: 0.001238 (Data: 0.00123, Mono: 0.00002) | Val MSE: 0.000110 (RMSE: 0.0105) 
2026-09-13 15:29:42,379 - INFO - Epoch [1650/2000] LR: 0.000009 | Train Loss: 0.001248 (Data: 0.00124, Mono: 0.00002) | Val MSE: 0.000112 (RMSE: 0.0106) 
2026-09-13 15:29:43,019 - INFO - Epoch [1660/2000] LR: 0.000009 | Train Loss: 0.001269 (Data: 0.00126, Mono: 0.00001) | Val MSE: 0.000113 (RMSE: 0.0106) 
2026-09-13 15:29:43,666 - INFO - Epoch [1670/2000] LR: 0.000008 | Train Loss: 0.001259 (Data: 0.00125, Mono: 0.00002) | Val MSE: 0.000108 (RMSE: 0.0104) 
2026-09-13 15:29:44,299 - INFO - Epoch [1680/2000] LR: 0.000008 | Train Loss: 0.001240 (Data: 0.00123, Mono: 0.00002) | Val MSE: 0.000108 (RMSE: 0.0104) 
2026-09-13 15:29:44,964 - INFO - Epoch [1690/2000] LR: 0.000007 | Train Loss: 0.001191 (Data: 0.00119, Mono: 0.00001) | Val MSE: 0.000110 (RMSE: 0.0105) 
2026-09-13 15:29:45,601 - INFO - Epoch [1700/2000] LR: 0.000007 | Train Loss: 0.001241 (Data: 0.00123, Mono: 0.00002) | Val MSE: 0.000110 (RMSE: 0.0105) 
2026-09-13 15:29:46,254 - INFO - Epoch [1710/2000] LR: 0.000007 | Train Loss: 0.001226 (Data: 0.00122, Mono: 0.00002) | Val MSE: 0.000107 (RMSE: 0.0104) 
2026-09-13 15:29:46,879 - INFO - Epoch [1720/2000] LR: 0.000006 | Train Loss: 0.001221 (Data: 0.00122, Mono: 0.00002) | Val MSE: 0.000111 (RMSE: 0.0105) 
2026-09-13 15:29:47,566 - INFO - Epoch [1730/2000] LR: 0.000006 | Train Loss: 0.001220 (Data: 0.00121, Mono: 0.00002) | Val MSE: 0.000108 (RMSE: 0.0104) 
2026-09-13 15:29:48,220 - INFO - Epoch [1740/2000] LR: 0.000006 | Train Loss: 0.001221 (Data: 0.00122, Mono: 0.00001) | Val MSE: 0.000109 (RMSE: 0.0104) 
2026-09-13 15:29:48,878 - INFO - Epoch [1750/2000] LR: 0.000005 | Train Loss: 0.001202 (Data: 0.00120, Mono: 0.00001) | Val MSE: 0.000110 (RMSE: 0.0105) 
2026-09-13 15:29:49,566 - INFO - Epoch [1760/2000] LR: 0.000005 | Train Loss: 0.001210 (Data: 0.00120, Mono: 0.00001) | Val MSE: 0.000110 (RMSE: 0.0105) 
2026-09-13 15:29:50,270 - INFO - Epoch [1770/2000] LR: 0.000005 | Train Loss: 0.001223 (Data: 0.00122, Mono: 0.00001) | Val MSE: 0.000109 (RMSE: 0.0104) 
2026-09-13 15:29:50,960 - INFO - Epoch [1780/2000] LR: 0.000005 | Train Loss: 0.001217 (Data: 0.00121, Mono: 0.00001) | Val MSE: 0.000107 (RMSE: 0.0104) 
2026-09-13 15:29:51,665 - INFO - Epoch [1790/2000] LR: 0.000004 | Train Loss: 0.001197 (Data: 0.00119, Mono: 0.00001) | Val MSE: 0.000109 (RMSE: 0.0104) 
2026-09-13 15:29:52,390 - INFO - Epoch [1800/2000] LR: 0.000004 | Train Loss: 0.001226 (Data: 0.00122, Mono: 0.00002) | Val MSE: 0.000108 (RMSE: 0.0104) 
2026-09-13 15:29:53,084 - INFO - Epoch [1810/2000] LR: 0.000004 | Train Loss: 0.001246 (Data: 0.00124, Mono: 0.00001) | Val MSE: 0.000108 (RMSE: 0.0104) 
2026-09-13 15:29:53,758 - INFO - Epoch [1820/2000] LR: 0.000004 | Train Loss: 0.001235 (Data: 0.00123, Mono: 0.00001) | Val MSE: 0.000107 (RMSE: 0.0104) 
2026-09-13 15:29:54,449 - INFO - Epoch [1830/2000] LR: 0.000003 | Train Loss: 0.001267 (Data: 0.00126, Mono: 0.00001) | Val MSE: 0.000108 (RMSE: 0.0104) 
2026-09-13 15:29:55,176 - INFO - Epoch [1840/2000] LR: 0.000003 | Train Loss: 0.001239 (Data: 0.00123, Mono: 0.00002) | Val MSE: 0.000109 (RMSE: 0.0104) 
2026-09-13 15:29:55,867 - INFO - Epoch [1850/2000] LR: 0.000003 | Train Loss: 0.001194 (Data: 0.00119, Mono: 0.00001) | Val MSE: 0.000110 (RMSE: 0.0105) 
2026-09-13 15:29:56,573 - INFO - Epoch [1860/2000] LR: 0.000003 | Train Loss: 0.001212 (Data: 0.00121, Mono: 0.00002) | Val MSE: 0.000108 (RMSE: 0.0104) 
2026-09-13 15:29:57,236 - INFO - Epoch [1870/2000] LR: 0.000003 | Train Loss: 0.001254 (Data: 0.00125, Mono: 0.00001) | Val MSE: 0.000107 (RMSE: 0.0103) 
2026-09-13 15:29:57,901 - INFO - Epoch [1880/2000] LR: 0.000002 | Train Loss: 0.001251 (Data: 0.00124, Mono: 0.00002) | Val MSE: 0.000106 (RMSE: 0.0103) 
2026-09-13 15:29:58,535 - INFO - Epoch [1890/2000] LR: 0.000002 | Train Loss: 0.001220 (Data: 0.00121, Mono: 0.00001) | Val MSE: 0.000108 (RMSE: 0.0104) 
2026-09-13 15:29:59,170 - INFO - Epoch [1900/2000] LR: 0.000002 | Train Loss: 0.001253 (Data: 0.00125, Mono: 0.00002) | Val MSE: 0.000108 (RMSE: 0.0104) 
2026-09-13 15:29:59,823 - INFO - Epoch [1910/2000] LR: 0.000002 | Train Loss: 0.001213 (Data: 0.00121, Mono: 0.00002) | Val MSE: 0.000106 (RMSE: 0.0103) 
2026-09-13 15:30:00,488 - INFO - Epoch [1920/2000] LR: 0.000002 | Train Loss: 0.001195 (Data: 0.00119, Mono: 0.00001) | Val MSE: 0.000108 (RMSE: 0.0104) 
2026-09-13 15:30:01,133 - INFO - Epoch [1930/2000] LR: 0.000002 | Train Loss: 0.001199 (Data: 0.00119, Mono: 0.00001) | Val MSE: 0.000108 (RMSE: 0.0104) 
2026-09-13 15:30:01,782 - INFO - Epoch [1940/2000] LR: 0.000002 | Train Loss: 0.001211 (Data: 0.00120, Mono: 0.00002) | Val MSE: 0.000107 (RMSE: 0.0103) 
2026-09-13 15:30:02,440 - INFO - Epoch [1950/2000] LR: 0.000002 | Train Loss: 0.001209 (Data: 0.00120, Mono: 0.00001) | Val MSE: 0.000107 (RMSE: 0.0103) 
2026-09-13 15:30:03,094 - INFO - Epoch [1960/2000] LR: 0.000002 | Train Loss: 0.001230 (Data: 0.00122, Mono: 0.00002) | Val MSE: 0.000106 (RMSE: 0.0103) 
2026-09-13 15:30:03,743 - INFO - Epoch [1970/2000] LR: 0.000002 | Train Loss: 0.001207 (Data: 0.00120, Mono: 0.00002) | Val MSE: 0.000106 (RMSE: 0.0103) 
2026-09-13 15:30:04,415 - INFO - Epoch [1980/2000] LR: 0.000002 | Train Loss: 0.001185 (Data: 0.00118, Mono: 0.00002) | Val MSE: 0.000106 (RMSE: 0.0103) 
2026-09-13 15:30:05,139 - INFO - Epoch [1990/2000] LR: 0.000002 | Train Loss: 0.001268 (Data: 0.00126, Mono: 0.00002) | Val MSE: 0.000105 (RMSE: 0.0103) 
2026-09-13 15:30:05,864 - INFO - Epoch [2000/2000] LR: 0.000002 | Train Loss: 0.001165 (Data: 0.00116, Mono: 0.00001) | Val MSE: 0.000105 (RMSE: 0.0102) 
2026-09-13 15:30:05,864 - INFO - Training completed in 130.34s. Loading best checkpoint from epoch 49 for final test evaluation...
2026-09-13 15:30:05,888 - INFO - ==================================================
2026-09-13 15:30:05,888 - INFO - Test Results for [XJTU] - [3C] (Best Epoch 49):
2026-09-13 15:30:05,888 - INFO -   Test RMSE: 0.015427
2026-09-13 15:30:05,888 - INFO -   Test MAE:  0.013361
2026-09-13 15:30:05,888 - INFO -   Test MAPE: 1.399622
2026-09-13 15:30:05,888 - INFO -   Test MSE:  0.000238
2026-09-13 15:30:05,888 - INFO - ==================================================
2026-09-13 15:37:28,145 - INFO - ==================================================
2026-09-13 15:37:28,145 - INFO - Starting FusionMLP Training for [XJTU] - [3C]
2026-09-13 15:37:28,145 - INFO - Device: cuda | Epochs: 2000 | LR: 0.000100 | Mono Weight: 0.4000 | Knee Feature: True
2026-09-13 15:37:28,145 - INFO - ==================================================
2026-09-13 15:37:28,254 - INFO - Data Splits: Train=10, Val=2, Test=3
2026-09-13 15:37:28,360 - INFO - Epoch [   1/2000] LR: 0.006063 | Train Loss: 0.698258 (Data: 0.69824, Mono: 0.00005) | Val MSE: 0.076658 (RMSE: 0.2769) [BEST]
2026-09-13 15:37:28,443 - INFO - Epoch [   2/2000] LR: 0.005857 | Train Loss: 0.131329 (Data: 0.13130, Mono: 0.00007) | Val MSE: 0.073634 (RMSE: 0.2714) [BEST]
2026-09-13 15:37:28,512 - INFO - Epoch [   3/2000] LR: 0.005651 | Train Loss: 0.048155 (Data: 0.04813, Mono: 0.00007) | Val MSE: 0.011853 (RMSE: 0.1089) [BEST]
2026-09-13 15:37:28,579 - INFO - Epoch [   4/2000] LR: 0.005446 | Train Loss: 0.028193 (Data: 0.02817, Mono: 0.00006) | Val MSE: 0.009643 (RMSE: 0.0982) [BEST]
2026-09-13 15:37:28,670 - INFO - Epoch [   5/2000] LR: 0.005240 | Train Loss: 0.017276 (Data: 0.01725, Mono: 0.00005) | Val MSE: 0.002134 (RMSE: 0.0462) [BEST]
2026-09-13 15:37:28,737 - INFO - Epoch [   6/2000] LR: 0.005035 | Train Loss: 0.013483 (Data: 0.01346, Mono: 0.00005) | Val MSE: 0.000211 (RMSE: 0.0145) [BEST]
2026-09-13 15:37:29,011 - INFO - Epoch [  10/2000] LR: 0.004212 | Train Loss: 0.008859 (Data: 0.00884, Mono: 0.00004) | Val MSE: 0.000176 (RMSE: 0.0133) [BEST]
2026-09-13 15:37:29,301 - INFO - Epoch [  14/2000] LR: 0.003390 | Train Loss: 0.006954 (Data: 0.00694, Mono: 0.00004) | Val MSE: 0.000106 (RMSE: 0.0103) [BEST]
2026-09-13 15:37:29,643 - INFO - Epoch [  19/2000] LR: 0.002362 | Train Loss: 0.005459 (Data: 0.00544, Mono: 0.00004) | Val MSE: 0.000096 (RMSE: 0.0098) [BEST]
2026-09-13 15:37:29,727 - INFO - Epoch [  20/2000] LR: 0.002156 | Train Loss: 0.005074 (Data: 0.00506, Mono: 0.00003) | Val MSE: 0.000303 (RMSE: 0.0174) 
2026-09-13 15:37:29,934 - INFO - Epoch [  23/2000] LR: 0.001539 | Train Loss: 0.005037 (Data: 0.00502, Mono: 0.00003) | Val MSE: 0.000096 (RMSE: 0.0098) [BEST]
2026-09-13 15:37:30,008 - INFO - Epoch [  24/2000] LR: 0.001334 | Train Loss: 0.004774 (Data: 0.00476, Mono: 0.00003) | Val MSE: 0.000075 (RMSE: 0.0087) [BEST]
2026-09-13 15:37:30,437 - INFO - Epoch [  30/2000] LR: 0.000100 | Train Loss: 0.004564 (Data: 0.00455, Mono: 0.00003) | Val MSE: 0.000078 (RMSE: 0.0088) 
2026-09-13 15:37:30,515 - INFO - Epoch [  31/2000] LR: 0.000100 | Train Loss: 0.004492 (Data: 0.00448, Mono: 0.00003) | Val MSE: 0.000074 (RMSE: 0.0086) [BEST]
2026-09-13 15:37:31,157 - INFO - Epoch [  40/2000] LR: 0.000100 | Train Loss: 0.004372 (Data: 0.00436, Mono: 0.00003) | Val MSE: 0.000084 (RMSE: 0.0092) 
2026-09-13 15:37:31,302 - INFO - Epoch [  42/2000] LR: 0.000100 | Train Loss: 0.004359 (Data: 0.00435, Mono: 0.00003) | Val MSE: 0.000073 (RMSE: 0.0085) [BEST]
2026-09-13 15:37:31,769 - INFO - Epoch [  49/2000] LR: 0.000100 | Train Loss: 0.004323 (Data: 0.00431, Mono: 0.00003) | Val MSE: 0.000073 (RMSE: 0.0085) [BEST]
2026-09-13 15:37:31,841 - INFO - Epoch [  50/2000] LR: 0.000100 | Train Loss: 0.004405 (Data: 0.00439, Mono: 0.00003) | Val MSE: 0.000072 (RMSE: 0.0085) [BEST]
2026-09-13 15:37:32,515 - INFO - Epoch [  60/2000] LR: 0.000100 | Train Loss: 0.004339 (Data: 0.00433, Mono: 0.00003) | Val MSE: 0.000085 (RMSE: 0.0092) 
2026-09-13 15:37:32,907 - INFO - Epoch [  66/2000] LR: 0.000100 | Train Loss: 0.004198 (Data: 0.00418, Mono: 0.00003) | Val MSE: 0.000070 (RMSE: 0.0084) [BEST]
2026-09-13 15:37:33,113 - INFO - Epoch [  69/2000] LR: 0.000100 | Train Loss: 0.004132 (Data: 0.00412, Mono: 0.00003) | Val MSE: 0.000069 (RMSE: 0.0083) [BEST]
2026-09-13 15:37:33,182 - INFO - Epoch [  70/2000] LR: 0.000100 | Train Loss: 0.004256 (Data: 0.00424, Mono: 0.00003) | Val MSE: 0.000073 (RMSE: 0.0085) 
2026-09-13 15:37:33,815 - INFO - Epoch [  80/2000] LR: 0.000100 | Train Loss: 0.004137 (Data: 0.00412, Mono: 0.00003) | Val MSE: 0.000079 (RMSE: 0.0089) 
2026-09-13 15:37:34,481 - INFO - Epoch [  90/2000] LR: 0.000100 | Train Loss: 0.004158 (Data: 0.00415, Mono: 0.00003) | Val MSE: 0.000073 (RMSE: 0.0085) 
2026-09-13 15:37:35,166 - INFO - Epoch [ 100/2000] LR: 0.000100 | Train Loss: 0.003851 (Data: 0.00384, Mono: 0.00003) | Val MSE: 0.000078 (RMSE: 0.0089) 
2026-09-13 15:37:35,747 - INFO - Epoch [ 109/2000] LR: 0.000100 | Train Loss: 0.003845 (Data: 0.00383, Mono: 0.00003) | Val MSE: 0.000069 (RMSE: 0.0083) [BEST]
2026-09-13 15:37:35,811 - INFO - Epoch [ 110/2000] LR: 0.000100 | Train Loss: 0.003878 (Data: 0.00387, Mono: 0.00003) | Val MSE: 0.000069 (RMSE: 0.0083) [BEST]
2026-09-13 15:37:35,953 - INFO - Epoch [ 112/2000] LR: 0.000100 | Train Loss: 0.003843 (Data: 0.00383, Mono: 0.00003) | Val MSE: 0.000069 (RMSE: 0.0083) [BEST]
2026-09-13 15:37:36,227 - INFO - Epoch [ 116/2000] LR: 0.000100 | Train Loss: 0.003709 (Data: 0.00370, Mono: 0.00003) | Val MSE: 0.000067 (RMSE: 0.0082) [BEST]
2026-09-13 15:37:36,506 - INFO - Epoch [ 120/2000] LR: 0.000099 | Train Loss: 0.003646 (Data: 0.00364, Mono: 0.00003) | Val MSE: 0.000079 (RMSE: 0.0089) 
2026-09-13 15:37:36,786 - INFO - Epoch [ 124/2000] LR: 0.000099 | Train Loss: 0.003845 (Data: 0.00383, Mono: 0.00003) | Val MSE: 0.000067 (RMSE: 0.0082) [BEST]
2026-09-13 15:37:37,189 - INFO - Epoch [ 130/2000] LR: 0.000099 | Train Loss: 0.003513 (Data: 0.00350, Mono: 0.00003) | Val MSE: 0.000090 (RMSE: 0.0095) 
2026-09-13 15:37:37,859 - INFO - Epoch [ 140/2000] LR: 0.000099 | Train Loss: 0.003732 (Data: 0.00372, Mono: 0.00003) | Val MSE: 0.000071 (RMSE: 0.0084) 
2026-09-13 15:37:38,536 - INFO - Epoch [ 150/2000] LR: 0.000099 | Train Loss: 0.003514 (Data: 0.00350, Mono: 0.00003) | Val MSE: 0.000084 (RMSE: 0.0092) 
2026-09-13 15:37:39,198 - INFO - Epoch [ 160/2000] LR: 0.000099 | Train Loss: 0.003364 (Data: 0.00335, Mono: 0.00003) | Val MSE: 0.000070 (RMSE: 0.0084) 
2026-09-13 15:37:39,923 - INFO - Epoch [ 170/2000] LR: 0.000099 | Train Loss: 0.003396 (Data: 0.00338, Mono: 0.00003) | Val MSE: 0.000086 (RMSE: 0.0093) 
2026-09-13 15:37:40,333 - INFO - Epoch [ 176/2000] LR: 0.000099 | Train Loss: 0.003288 (Data: 0.00328, Mono: 0.00003) | Val MSE: 0.000067 (RMSE: 0.0082) [BEST]
2026-09-13 15:37:40,621 - INFO - Epoch [ 180/2000] LR: 0.000099 | Train Loss: 0.003285 (Data: 0.00327, Mono: 0.00003) | Val MSE: 0.000075 (RMSE: 0.0087) 
2026-09-13 15:37:41,339 - INFO - Epoch [ 190/2000] LR: 0.000098 | Train Loss: 0.003220 (Data: 0.00321, Mono: 0.00003) | Val MSE: 0.000067 (RMSE: 0.0082) 
2026-09-13 15:37:41,916 - INFO - Epoch [ 198/2000] LR: 0.000098 | Train Loss: 0.003188 (Data: 0.00318, Mono: 0.00003) | Val MSE: 0.000066 (RMSE: 0.0082) [BEST]
2026-09-13 15:37:42,076 - INFO - Epoch [ 200/2000] LR: 0.000098 | Train Loss: 0.003166 (Data: 0.00316, Mono: 0.00003) | Val MSE: 0.000099 (RMSE: 0.0099) 
2026-09-13 15:37:42,773 - INFO - Epoch [ 210/2000] LR: 0.000098 | Train Loss: 0.003158 (Data: 0.00315, Mono: 0.00003) | Val MSE: 0.000078 (RMSE: 0.0088) 
2026-09-13 15:37:43,592 - INFO - Epoch [ 220/2000] LR: 0.000098 | Train Loss: 0.003013 (Data: 0.00300, Mono: 0.00002) | Val MSE: 0.000076 (RMSE: 0.0087) 
2026-09-13 15:37:44,374 - INFO - Epoch [ 230/2000] LR: 0.000098 | Train Loss: 0.003068 (Data: 0.00306, Mono: 0.00002) | Val MSE: 0.000071 (RMSE: 0.0084) 
2026-09-13 15:37:45,058 - INFO - Epoch [ 240/2000] LR: 0.000097 | Train Loss: 0.002994 (Data: 0.00298, Mono: 0.00003) | Val MSE: 0.000068 (RMSE: 0.0083) 
2026-09-13 15:37:45,820 - INFO - Epoch [ 250/2000] LR: 0.000097 | Train Loss: 0.002821 (Data: 0.00281, Mono: 0.00002) | Val MSE: 0.000068 (RMSE: 0.0082) 
2026-09-13 15:37:46,508 - INFO - Epoch [ 260/2000] LR: 0.000097 | Train Loss: 0.002738 (Data: 0.00273, Mono: 0.00002) | Val MSE: 0.000073 (RMSE: 0.0086) 
2026-09-13 15:37:47,181 - INFO - Epoch [ 270/2000] LR: 0.000096 | Train Loss: 0.002728 (Data: 0.00272, Mono: 0.00003) | Val MSE: 0.000091 (RMSE: 0.0095) 
2026-09-13 15:37:47,870 - INFO - Epoch [ 280/2000] LR: 0.000096 | Train Loss: 0.002753 (Data: 0.00274, Mono: 0.00003) | Val MSE: 0.000080 (RMSE: 0.0090) 
2026-09-13 15:37:48,585 - INFO - Epoch [ 290/2000] LR: 0.000096 | Train Loss: 0.002614 (Data: 0.00260, Mono: 0.00003) | Val MSE: 0.000076 (RMSE: 0.0087) 
2026-09-13 15:37:49,246 - INFO - Epoch [ 300/2000] LR: 0.000096 | Train Loss: 0.002641 (Data: 0.00263, Mono: 0.00002) | Val MSE: 0.000084 (RMSE: 0.0092) 
2026-09-13 15:37:49,922 - INFO - Epoch [ 310/2000] LR: 0.000095 | Train Loss: 0.002459 (Data: 0.00245, Mono: 0.00002) | Val MSE: 0.000096 (RMSE: 0.0098) 
2026-09-13 15:37:50,572 - INFO - Epoch [ 320/2000] LR: 0.000095 | Train Loss: 0.002399 (Data: 0.00239, Mono: 0.00002) | Val MSE: 0.000072 (RMSE: 0.0085) 
2026-09-13 15:37:51,248 - INFO - Epoch [ 330/2000] LR: 0.000094 | Train Loss: 0.002384 (Data: 0.00238, Mono: 0.00002) | Val MSE: 0.000077 (RMSE: 0.0088) 
2026-09-13 15:37:51,888 - INFO - Epoch [ 340/2000] LR: 0.000094 | Train Loss: 0.002405 (Data: 0.00240, Mono: 0.00002) | Val MSE: 0.000080 (RMSE: 0.0090) 
2026-09-13 15:37:52,544 - INFO - Epoch [ 350/2000] LR: 0.000094 | Train Loss: 0.002368 (Data: 0.00236, Mono: 0.00002) | Val MSE: 0.000077 (RMSE: 0.0088) 
2026-09-13 15:37:53,206 - INFO - Epoch [ 360/2000] LR: 0.000093 | Train Loss: 0.002196 (Data: 0.00219, Mono: 0.00002) | Val MSE: 0.000079 (RMSE: 0.0089) 
2026-09-13 15:37:53,924 - INFO - Epoch [ 370/2000] LR: 0.000093 | Train Loss: 0.002346 (Data: 0.00234, Mono: 0.00002) | Val MSE: 0.000074 (RMSE: 0.0086) 
2026-09-13 15:37:54,626 - INFO - Epoch [ 380/2000] LR: 0.000093 | Train Loss: 0.002221 (Data: 0.00221, Mono: 0.00002) | Val MSE: 0.000088 (RMSE: 0.0094) 
2026-09-13 15:37:55,400 - INFO - Epoch [ 390/2000] LR: 0.000092 | Train Loss: 0.002165 (Data: 0.00216, Mono: 0.00002) | Val MSE: 0.000083 (RMSE: 0.0091) 
2026-09-13 15:37:56,126 - INFO - Epoch [ 400/2000] LR: 0.000092 | Train Loss: 0.002192 (Data: 0.00218, Mono: 0.00002) | Val MSE: 0.000079 (RMSE: 0.0089) 
2026-09-13 15:37:56,830 - INFO - Epoch [ 410/2000] LR: 0.000091 | Train Loss: 0.002155 (Data: 0.00215, Mono: 0.00002) | Val MSE: 0.000077 (RMSE: 0.0087) 
2026-09-13 15:37:57,509 - INFO - Epoch [ 420/2000] LR: 0.000091 | Train Loss: 0.002136 (Data: 0.00213, Mono: 0.00002) | Val MSE: 0.000081 (RMSE: 0.0090) 
2026-09-13 15:37:58,140 - INFO - Epoch [ 430/2000] LR: 0.000090 | Train Loss: 0.002211 (Data: 0.00220, Mono: 0.00002) | Val MSE: 0.000115 (RMSE: 0.0107) 
2026-09-13 15:37:58,753 - INFO - Epoch [ 440/2000] LR: 0.000090 | Train Loss: 0.002043 (Data: 0.00203, Mono: 0.00002) | Val MSE: 0.000078 (RMSE: 0.0089) 
2026-09-13 15:37:59,401 - INFO - Epoch [ 450/2000] LR: 0.000089 | Train Loss: 0.002027 (Data: 0.00202, Mono: 0.00002) | Val MSE: 0.000092 (RMSE: 0.0096) 
2026-09-13 15:38:00,036 - INFO - Epoch [ 460/2000] LR: 0.000089 | Train Loss: 0.001932 (Data: 0.00192, Mono: 0.00002) | Val MSE: 0.000088 (RMSE: 0.0094) 
2026-09-13 15:38:00,670 - INFO - Epoch [ 470/2000] LR: 0.000088 | Train Loss: 0.002031 (Data: 0.00202, Mono: 0.00002) | Val MSE: 0.000087 (RMSE: 0.0093) 
2026-09-13 15:38:01,347 - INFO - Epoch [ 480/2000] LR: 0.000088 | Train Loss: 0.001924 (Data: 0.00192, Mono: 0.00002) | Val MSE: 0.000083 (RMSE: 0.0091) 
2026-09-13 15:38:01,999 - INFO - Epoch [ 490/2000] LR: 0.000087 | Train Loss: 0.001955 (Data: 0.00195, Mono: 0.00002) | Val MSE: 0.000083 (RMSE: 0.0091) 
2026-09-13 15:38:02,687 - INFO - Epoch [ 500/2000] LR: 0.000087 | Train Loss: 0.001989 (Data: 0.00198, Mono: 0.00002) | Val MSE: 0.000090 (RMSE: 0.0095) 
2026-09-13 15:38:03,381 - INFO - Epoch [ 510/2000] LR: 0.000086 | Train Loss: 0.001868 (Data: 0.00186, Mono: 0.00002) | Val MSE: 0.000094 (RMSE: 0.0097) 
2026-09-13 15:38:04,028 - INFO - Epoch [ 520/2000] LR: 0.000086 | Train Loss: 0.001833 (Data: 0.00183, Mono: 0.00002) | Val MSE: 0.000085 (RMSE: 0.0092) 
2026-09-13 15:38:04,641 - INFO - Epoch [ 530/2000] LR: 0.000085 | Train Loss: 0.001814 (Data: 0.00181, Mono: 0.00002) | Val MSE: 0.000086 (RMSE: 0.0093) 
2026-09-13 15:38:05,360 - INFO - Epoch [ 540/2000] LR: 0.000085 | Train Loss: 0.001824 (Data: 0.00182, Mono: 0.00002) | Val MSE: 0.000102 (RMSE: 0.0101) 
2026-09-13 15:38:06,021 - INFO - Epoch [ 550/2000] LR: 0.000084 | Train Loss: 0.001815 (Data: 0.00181, Mono: 0.00002) | Val MSE: 0.000086 (RMSE: 0.0093) 
2026-09-13 15:38:06,615 - INFO - Epoch [ 560/2000] LR: 0.000083 | Train Loss: 0.001766 (Data: 0.00176, Mono: 0.00002) | Val MSE: 0.000165 (RMSE: 0.0129) 
2026-09-13 15:38:07,214 - INFO - Epoch [ 570/2000] LR: 0.000083 | Train Loss: 0.001793 (Data: 0.00179, Mono: 0.00002) | Val MSE: 0.000099 (RMSE: 0.0099) 
2026-09-13 15:38:07,845 - INFO - Epoch [ 580/2000] LR: 0.000082 | Train Loss: 0.001808 (Data: 0.00180, Mono: 0.00002) | Val MSE: 0.000137 (RMSE: 0.0117) 
2026-09-13 15:38:08,456 - INFO - Epoch [ 590/2000] LR: 0.000082 | Train Loss: 0.001667 (Data: 0.00166, Mono: 0.00002) | Val MSE: 0.000092 (RMSE: 0.0096) 
2026-09-13 15:38:09,034 - INFO - Epoch [ 600/2000] LR: 0.000081 | Train Loss: 0.001787 (Data: 0.00178, Mono: 0.00002) | Val MSE: 0.000089 (RMSE: 0.0094) 
2026-09-13 15:38:09,640 - INFO - Epoch [ 610/2000] LR: 0.000080 | Train Loss: 0.001693 (Data: 0.00169, Mono: 0.00002) | Val MSE: 0.000117 (RMSE: 0.0108) 
2026-09-13 15:38:10,229 - INFO - Epoch [ 620/2000] LR: 0.000080 | Train Loss: 0.001698 (Data: 0.00169, Mono: 0.00002) | Val MSE: 0.000100 (RMSE: 0.0100) 
2026-09-13 15:38:10,824 - INFO - Epoch [ 630/2000] LR: 0.000079 | Train Loss: 0.001705 (Data: 0.00170, Mono: 0.00002) | Val MSE: 0.000118 (RMSE: 0.0109) 
2026-09-13 15:38:11,420 - INFO - Epoch [ 640/2000] LR: 0.000078 | Train Loss: 0.001626 (Data: 0.00162, Mono: 0.00002) | Val MSE: 0.000105 (RMSE: 0.0102) 
2026-09-13 15:38:12,003 - INFO - Epoch [ 650/2000] LR: 0.000078 | Train Loss: 0.001664 (Data: 0.00166, Mono: 0.00002) | Val MSE: 0.000098 (RMSE: 0.0099) 
2026-09-13 15:38:12,589 - INFO - Epoch [ 660/2000] LR: 0.000077 | Train Loss: 0.001650 (Data: 0.00164, Mono: 0.00002) | Val MSE: 0.000109 (RMSE: 0.0105) 
2026-09-13 15:38:13,188 - INFO - Epoch [ 670/2000] LR: 0.000077 | Train Loss: 0.001619 (Data: 0.00161, Mono: 0.00002) | Val MSE: 0.000093 (RMSE: 0.0097) 
2026-09-13 15:38:13,780 - INFO - Epoch [ 680/2000] LR: 0.000076 | Train Loss: 0.001675 (Data: 0.00167, Mono: 0.00002) | Val MSE: 0.000116 (RMSE: 0.0108) 
2026-09-13 15:38:14,369 - INFO - Epoch [ 690/2000] LR: 0.000075 | Train Loss: 0.001611 (Data: 0.00160, Mono: 0.00002) | Val MSE: 0.000104 (RMSE: 0.0102) 
2026-09-13 15:38:14,953 - INFO - Epoch [ 700/2000] LR: 0.000074 | Train Loss: 0.001587 (Data: 0.00158, Mono: 0.00002) | Val MSE: 0.000096 (RMSE: 0.0098) 
2026-09-13 15:38:15,556 - INFO - Epoch [ 710/2000] LR: 0.000074 | Train Loss: 0.001568 (Data: 0.00156, Mono: 0.00002) | Val MSE: 0.000128 (RMSE: 0.0113) 
2026-09-13 15:38:16,140 - INFO - Epoch [ 720/2000] LR: 0.000073 | Train Loss: 0.001498 (Data: 0.00149, Mono: 0.00002) | Val MSE: 0.000110 (RMSE: 0.0105) 
2026-09-13 15:38:16,736 - INFO - Epoch [ 730/2000] LR: 0.000072 | Train Loss: 0.001438 (Data: 0.00143, Mono: 0.00002) | Val MSE: 0.000109 (RMSE: 0.0104) 
2026-09-13 15:38:17,389 - INFO - Epoch [ 740/2000] LR: 0.000072 | Train Loss: 0.001493 (Data: 0.00149, Mono: 0.00002) | Val MSE: 0.000105 (RMSE: 0.0102) 
2026-09-13 15:38:18,012 - INFO - Epoch [ 750/2000] LR: 0.000071 | Train Loss: 0.001481 (Data: 0.00147, Mono: 0.00002) | Val MSE: 0.000097 (RMSE: 0.0099) 
2026-09-13 15:38:18,606 - INFO - Epoch [ 760/2000] LR: 0.000070 | Train Loss: 0.001514 (Data: 0.00151, Mono: 0.00002) | Val MSE: 0.000100 (RMSE: 0.0100) 
2026-09-13 15:38:19,197 - INFO - Epoch [ 770/2000] LR: 0.000070 | Train Loss: 0.001463 (Data: 0.00146, Mono: 0.00002) | Val MSE: 0.000103 (RMSE: 0.0102) 
2026-09-13 15:38:19,791 - INFO - Epoch [ 780/2000] LR: 0.000069 | Train Loss: 0.001509 (Data: 0.00150, Mono: 0.00002) | Val MSE: 0.000124 (RMSE: 0.0112) 
2026-09-13 15:38:20,374 - INFO - Epoch [ 790/2000] LR: 0.000068 | Train Loss: 0.001488 (Data: 0.00148, Mono: 0.00002) | Val MSE: 0.000098 (RMSE: 0.0099) 
2026-09-13 15:38:20,961 - INFO - Epoch [ 800/2000] LR: 0.000067 | Train Loss: 0.001425 (Data: 0.00142, Mono: 0.00002) | Val MSE: 0.000098 (RMSE: 0.0099) 
2026-09-13 15:38:21,553 - INFO - Epoch [ 810/2000] LR: 0.000067 | Train Loss: 0.001443 (Data: 0.00144, Mono: 0.00002) | Val MSE: 0.000120 (RMSE: 0.0110) 
2026-09-13 15:38:22,149 - INFO - Epoch [ 820/2000] LR: 0.000066 | Train Loss: 0.001416 (Data: 0.00141, Mono: 0.00002) | Val MSE: 0.000099 (RMSE: 0.0100) 
2026-09-13 15:38:22,754 - INFO - Epoch [ 830/2000] LR: 0.000065 | Train Loss: 0.001378 (Data: 0.00137, Mono: 0.00002) | Val MSE: 0.000100 (RMSE: 0.0100) 
2026-09-13 15:38:23,379 - INFO - Epoch [ 840/2000] LR: 0.000064 | Train Loss: 0.001371 (Data: 0.00136, Mono: 0.00002) | Val MSE: 0.000109 (RMSE: 0.0104) 
2026-09-13 15:38:24,026 - INFO - Epoch [ 850/2000] LR: 0.000064 | Train Loss: 0.001418 (Data: 0.00141, Mono: 0.00002) | Val MSE: 0.000100 (RMSE: 0.0100) 
2026-09-13 15:38:24,697 - INFO - Epoch [ 860/2000] LR: 0.000063 | Train Loss: 0.001382 (Data: 0.00138, Mono: 0.00002) | Val MSE: 0.000108 (RMSE: 0.0104) 
2026-09-13 15:38:25,392 - INFO - Epoch [ 870/2000] LR: 0.000062 | Train Loss: 0.001347 (Data: 0.00134, Mono: 0.00001) | Val MSE: 0.000101 (RMSE: 0.0100) 
2026-09-13 15:38:26,090 - INFO - Epoch [ 880/2000] LR: 0.000061 | Train Loss: 0.001420 (Data: 0.00141, Mono: 0.00002) | Val MSE: 0.000104 (RMSE: 0.0102) 
2026-09-13 15:38:26,802 - INFO - Epoch [ 890/2000] LR: 0.000061 | Train Loss: 0.001351 (Data: 0.00134, Mono: 0.00002) | Val MSE: 0.000105 (RMSE: 0.0103) 
2026-09-13 15:38:27,632 - INFO - Epoch [ 900/2000] LR: 0.000060 | Train Loss: 0.001336 (Data: 0.00133, Mono: 0.00002) | Val MSE: 0.000120 (RMSE: 0.0110) 
2026-09-13 15:38:28,489 - INFO - Epoch [ 910/2000] LR: 0.000059 | Train Loss: 0.001388 (Data: 0.00138, Mono: 0.00002) | Val MSE: 0.000116 (RMSE: 0.0108) 
2026-09-13 15:38:29,272 - INFO - Epoch [ 920/2000] LR: 0.000058 | Train Loss: 0.001349 (Data: 0.00134, Mono: 0.00002) | Val MSE: 0.000147 (RMSE: 0.0121) 
2026-09-13 15:38:29,984 - INFO - Epoch [ 930/2000] LR: 0.000057 | Train Loss: 0.001298 (Data: 0.00129, Mono: 0.00002) | Val MSE: 0.000124 (RMSE: 0.0112) 
2026-09-13 15:38:30,701 - INFO - Epoch [ 940/2000] LR: 0.000057 | Train Loss: 0.001316 (Data: 0.00131, Mono: 0.00002) | Val MSE: 0.000133 (RMSE: 0.0115) 
2026-09-13 15:38:31,437 - INFO - Epoch [ 950/2000] LR: 0.000056 | Train Loss: 0.001291 (Data: 0.00128, Mono: 0.00002) | Val MSE: 0.000101 (RMSE: 0.0101) 
2026-09-13 15:38:32,192 - INFO - Epoch [ 960/2000] LR: 0.000055 | Train Loss: 0.001338 (Data: 0.00133, Mono: 0.00002) | Val MSE: 0.000110 (RMSE: 0.0105) 
2026-09-13 15:38:32,919 - INFO - Epoch [ 970/2000] LR: 0.000054 | Train Loss: 0.001341 (Data: 0.00133, Mono: 0.00002) | Val MSE: 0.000111 (RMSE: 0.0105) 
2026-09-13 15:38:33,746 - INFO - Epoch [ 980/2000] LR: 0.000054 | Train Loss: 0.001252 (Data: 0.00125, Mono: 0.00002) | Val MSE: 0.000105 (RMSE: 0.0102) 
2026-09-13 15:38:34,584 - INFO - Epoch [ 990/2000] LR: 0.000053 | Train Loss: 0.001297 (Data: 0.00129, Mono: 0.00002) | Val MSE: 0.000105 (RMSE: 0.0102) 
2026-09-13 15:38:35,335 - INFO - Epoch [1000/2000] LR: 0.000052 | Train Loss: 0.001314 (Data: 0.00131, Mono: 0.00001) | Val MSE: 0.000124 (RMSE: 0.0112) 
2026-09-13 15:38:36,386 - INFO - Epoch [1010/2000] LR: 0.000051 | Train Loss: 0.001240 (Data: 0.00123, Mono: 0.00001) | Val MSE: 0.000103 (RMSE: 0.0101) 
2026-09-13 15:38:37,526 - INFO - Epoch [1020/2000] LR: 0.000050 | Train Loss: 0.001273 (Data: 0.00127, Mono: 0.00002) | Val MSE: 0.000102 (RMSE: 0.0101) 
2026-09-13 15:38:38,497 - INFO - Epoch [1030/2000] LR: 0.000050 | Train Loss: 0.001281 (Data: 0.00127, Mono: 0.00002) | Val MSE: 0.000115 (RMSE: 0.0107) 
2026-09-13 15:38:39,429 - INFO - Epoch [1040/2000] LR: 0.000049 | Train Loss: 0.001222 (Data: 0.00122, Mono: 0.00002) | Val MSE: 0.000107 (RMSE: 0.0103) 
2026-09-13 15:38:40,598 - INFO - Epoch [1050/2000] LR: 0.000048 | Train Loss: 0.001227 (Data: 0.00122, Mono: 0.00002) | Val MSE: 0.000104 (RMSE: 0.0102) 
2026-09-13 15:38:41,646 - INFO - Epoch [1060/2000] LR: 0.000047 | Train Loss: 0.001219 (Data: 0.00121, Mono: 0.00002) | Val MSE: 0.000134 (RMSE: 0.0116) 
2026-09-13 15:38:42,638 - INFO - Epoch [1070/2000] LR: 0.000046 | Train Loss: 0.001268 (Data: 0.00126, Mono: 0.00002) | Val MSE: 0.000118 (RMSE: 0.0109) 
2026-09-13 15:38:43,850 - INFO - Epoch [1080/2000] LR: 0.000046 | Train Loss: 0.001223 (Data: 0.00122, Mono: 0.00001) | Val MSE: 0.000108 (RMSE: 0.0104) 
2026-09-13 15:38:44,595 - INFO - Epoch [1090/2000] LR: 0.000045 | Train Loss: 0.001234 (Data: 0.00123, Mono: 0.00002) | Val MSE: 0.000108 (RMSE: 0.0104) 
2026-09-13 15:38:45,291 - INFO - Epoch [1100/2000] LR: 0.000044 | Train Loss: 0.001262 (Data: 0.00126, Mono: 0.00001) | Val MSE: 0.000104 (RMSE: 0.0102) 
2026-09-13 15:38:46,097 - INFO - Epoch [1110/2000] LR: 0.000043 | Train Loss: 0.001284 (Data: 0.00128, Mono: 0.00002) | Val MSE: 0.000111 (RMSE: 0.0105) 
2026-09-13 15:38:46,786 - INFO - Epoch [1120/2000] LR: 0.000043 | Train Loss: 0.001238 (Data: 0.00123, Mono: 0.00001) | Val MSE: 0.000106 (RMSE: 0.0103) 
2026-09-13 15:38:47,614 - INFO - Epoch [1130/2000] LR: 0.000042 | Train Loss: 0.001173 (Data: 0.00117, Mono: 0.00001) | Val MSE: 0.000104 (RMSE: 0.0102) 
2026-09-13 15:38:48,341 - INFO - Epoch [1140/2000] LR: 0.000041 | Train Loss: 0.001197 (Data: 0.00119, Mono: 0.00002) | Val MSE: 0.000132 (RMSE: 0.0115) 
2026-09-13 15:38:49,149 - INFO - Epoch [1150/2000] LR: 0.000040 | Train Loss: 0.001195 (Data: 0.00119, Mono: 0.00002) | Val MSE: 0.000109 (RMSE: 0.0104) 
2026-09-13 15:38:49,850 - INFO - Epoch [1160/2000] LR: 0.000040 | Train Loss: 0.001190 (Data: 0.00118, Mono: 0.00001) | Val MSE: 0.000107 (RMSE: 0.0104) 
2026-09-13 15:38:50,549 - INFO - Epoch [1170/2000] LR: 0.000039 | Train Loss: 0.001155 (Data: 0.00115, Mono: 0.00002) | Val MSE: 0.000123 (RMSE: 0.0111) 
2026-09-13 15:38:51,281 - INFO - Epoch [1180/2000] LR: 0.000038 | Train Loss: 0.001175 (Data: 0.00117, Mono: 0.00002) | Val MSE: 0.000106 (RMSE: 0.0103) 
2026-09-13 15:38:52,024 - INFO - Epoch [1190/2000] LR: 0.000037 | Train Loss: 0.001181 (Data: 0.00117, Mono: 0.00002) | Val MSE: 0.000155 (RMSE: 0.0125) 
2026-09-13 15:38:52,795 - INFO - Epoch [1200/2000] LR: 0.000036 | Train Loss: 0.001153 (Data: 0.00115, Mono: 0.00001) | Val MSE: 0.000106 (RMSE: 0.0103) 
2026-09-13 15:38:53,600 - INFO - Epoch [1210/2000] LR: 0.000036 | Train Loss: 0.001230 (Data: 0.00122, Mono: 0.00001) | Val MSE: 0.000149 (RMSE: 0.0122) 
2026-09-13 15:38:54,400 - INFO - Epoch [1220/2000] LR: 0.000035 | Train Loss: 0.001162 (Data: 0.00116, Mono: 0.00001) | Val MSE: 0.000119 (RMSE: 0.0109) 
2026-09-13 15:38:55,145 - INFO - Epoch [1230/2000] LR: 0.000034 | Train Loss: 0.001196 (Data: 0.00119, Mono: 0.00001) | Val MSE: 0.000126 (RMSE: 0.0112) 
2026-09-13 15:38:55,919 - INFO - Epoch [1240/2000] LR: 0.000034 | Train Loss: 0.001149 (Data: 0.00114, Mono: 0.00001) | Val MSE: 0.000108 (RMSE: 0.0104) 
2026-09-13 15:38:56,734 - INFO - Epoch [1250/2000] LR: 0.000033 | Train Loss: 0.001169 (Data: 0.00116, Mono: 0.00001) | Val MSE: 0.000119 (RMSE: 0.0109) 
2026-09-13 15:38:57,511 - INFO - Epoch [1260/2000] LR: 0.000032 | Train Loss: 0.001174 (Data: 0.00117, Mono: 0.00001) | Val MSE: 0.000132 (RMSE: 0.0115) 
2026-09-13 15:38:58,201 - INFO - Epoch [1270/2000] LR: 0.000031 | Train Loss: 0.001152 (Data: 0.00115, Mono: 0.00001) | Val MSE: 0.000125 (RMSE: 0.0112) 
2026-09-13 15:38:58,911 - INFO - Epoch [1280/2000] LR: 0.000031 | Train Loss: 0.001180 (Data: 0.00117, Mono: 0.00001) | Val MSE: 0.000107 (RMSE: 0.0104) 
2026-09-13 15:38:59,666 - INFO - Epoch [1290/2000] LR: 0.000030 | Train Loss: 0.001153 (Data: 0.00115, Mono: 0.00001) | Val MSE: 0.000111 (RMSE: 0.0105) 
2026-09-13 15:39:00,390 - INFO - Epoch [1300/2000] LR: 0.000029 | Train Loss: 0.001117 (Data: 0.00111, Mono: 0.00001) | Val MSE: 0.000109 (RMSE: 0.0104) 
2026-09-13 15:39:01,296 - INFO - Epoch [1310/2000] LR: 0.000028 | Train Loss: 0.001171 (Data: 0.00117, Mono: 0.00001) | Val MSE: 0.000108 (RMSE: 0.0104) 
2026-09-13 15:39:02,007 - INFO - Epoch [1320/2000] LR: 0.000028 | Train Loss: 0.001140 (Data: 0.00113, Mono: 0.00002) | Val MSE: 0.000109 (RMSE: 0.0105) 
2026-09-13 15:39:02,775 - INFO - Epoch [1330/2000] LR: 0.000027 | Train Loss: 0.001175 (Data: 0.00117, Mono: 0.00001) | Val MSE: 0.000114 (RMSE: 0.0107) 
2026-09-13 15:39:03,589 - INFO - Epoch [1340/2000] LR: 0.000026 | Train Loss: 0.001160 (Data: 0.00115, Mono: 0.00001) | Val MSE: 0.000109 (RMSE: 0.0104) 
2026-09-13 15:39:04,481 - INFO - Epoch [1350/2000] LR: 0.000026 | Train Loss: 0.001141 (Data: 0.00113, Mono: 0.00001) | Val MSE: 0.000111 (RMSE: 0.0105) 
2026-09-13 15:39:05,347 - INFO - Epoch [1360/2000] LR: 0.000025 | Train Loss: 0.001117 (Data: 0.00111, Mono: 0.00001) | Val MSE: 0.000115 (RMSE: 0.0107) 
2026-09-13 15:39:06,176 - INFO - Epoch [1370/2000] LR: 0.000024 | Train Loss: 0.001116 (Data: 0.00111, Mono: 0.00001) | Val MSE: 0.000110 (RMSE: 0.0105) 
2026-09-13 15:39:07,010 - INFO - Epoch [1380/2000] LR: 0.000024 | Train Loss: 0.001168 (Data: 0.00116, Mono: 0.00002) | Val MSE: 0.000108 (RMSE: 0.0104) 
2026-09-13 15:39:07,971 - INFO - Epoch [1390/2000] LR: 0.000023 | Train Loss: 0.001141 (Data: 0.00113, Mono: 0.00002) | Val MSE: 0.000112 (RMSE: 0.0106) 
2026-09-13 15:39:08,738 - INFO - Epoch [1400/2000] LR: 0.000022 | Train Loss: 0.001143 (Data: 0.00114, Mono: 0.00002) | Val MSE: 0.000124 (RMSE: 0.0111) 
2026-09-13 15:39:09,529 - INFO - Epoch [1410/2000] LR: 0.000022 | Train Loss: 0.001131 (Data: 0.00113, Mono: 0.00001) | Val MSE: 0.000119 (RMSE: 0.0109) 
2026-09-13 15:39:10,408 - INFO - Epoch [1420/2000] LR: 0.000021 | Train Loss: 0.001120 (Data: 0.00111, Mono: 0.00001) | Val MSE: 0.000110 (RMSE: 0.0105) 
2026-09-13 15:39:11,252 - INFO - Epoch [1430/2000] LR: 0.000021 | Train Loss: 0.001153 (Data: 0.00115, Mono: 0.00001) | Val MSE: 0.000108 (RMSE: 0.0104) 
2026-09-13 15:39:11,980 - INFO - Epoch [1440/2000] LR: 0.000020 | Train Loss: 0.001108 (Data: 0.00110, Mono: 0.00001) | Val MSE: 0.000108 (RMSE: 0.0104) 
2026-09-13 15:39:12,770 - INFO - Epoch [1450/2000] LR: 0.000019 | Train Loss: 0.001132 (Data: 0.00113, Mono: 0.00001) | Val MSE: 0.000115 (RMSE: 0.0107) 
2026-09-13 15:39:13,631 - INFO - Epoch [1460/2000] LR: 0.000019 | Train Loss: 0.001110 (Data: 0.00110, Mono: 0.00001) | Val MSE: 0.000131 (RMSE: 0.0114) 
2026-09-13 15:39:14,609 - INFO - Epoch [1470/2000] LR: 0.000018 | Train Loss: 0.001088 (Data: 0.00108, Mono: 0.00001) | Val MSE: 0.000127 (RMSE: 0.0113) 
2026-09-13 15:39:15,338 - INFO - Epoch [1480/2000] LR: 0.000018 | Train Loss: 0.001085 (Data: 0.00108, Mono: 0.00001) | Val MSE: 0.000121 (RMSE: 0.0110) 
2026-09-13 15:39:16,044 - INFO - Epoch [1490/2000] LR: 0.000017 | Train Loss: 0.001114 (Data: 0.00111, Mono: 0.00001) | Val MSE: 0.000109 (RMSE: 0.0104) 
2026-09-13 15:39:16,858 - INFO - Epoch [1500/2000] LR: 0.000016 | Train Loss: 0.001073 (Data: 0.00107, Mono: 0.00001) | Val MSE: 0.000110 (RMSE: 0.0105) 
2026-09-13 15:39:17,585 - INFO - Epoch [1510/2000] LR: 0.000016 | Train Loss: 0.001130 (Data: 0.00112, Mono: 0.00001) | Val MSE: 0.000115 (RMSE: 0.0107) 
2026-09-13 15:39:18,326 - INFO - Epoch [1520/2000] LR: 0.000015 | Train Loss: 0.001097 (Data: 0.00109, Mono: 0.00001) | Val MSE: 0.000119 (RMSE: 0.0109) 
2026-09-13 15:39:19,046 - INFO - Epoch [1530/2000] LR: 0.000015 | Train Loss: 0.001126 (Data: 0.00112, Mono: 0.00001) | Val MSE: 0.000120 (RMSE: 0.0109) 
2026-09-13 15:39:19,872 - INFO - Epoch [1540/2000] LR: 0.000014 | Train Loss: 0.001099 (Data: 0.00109, Mono: 0.00002) | Val MSE: 0.000119 (RMSE: 0.0109) 
2026-09-13 15:39:20,599 - INFO - Epoch [1550/2000] LR: 0.000014 | Train Loss: 0.001135 (Data: 0.00113, Mono: 0.00001) | Val MSE: 0.000120 (RMSE: 0.0109) 
2026-09-13 15:39:21,399 - INFO - Epoch [1560/2000] LR: 0.000013 | Train Loss: 0.001122 (Data: 0.00112, Mono: 0.00001) | Val MSE: 0.000117 (RMSE: 0.0108) 
2026-09-13 15:39:22,348 - INFO - Epoch [1570/2000] LR: 0.000013 | Train Loss: 0.001072 (Data: 0.00107, Mono: 0.00001) | Val MSE: 0.000125 (RMSE: 0.0112) 
2026-09-13 15:39:23,142 - INFO - Epoch [1580/2000] LR: 0.000012 | Train Loss: 0.001099 (Data: 0.00109, Mono: 0.00001) | Val MSE: 0.000111 (RMSE: 0.0106) 
2026-09-13 15:39:23,894 - INFO - Epoch [1590/2000] LR: 0.000012 | Train Loss: 0.001065 (Data: 0.00106, Mono: 0.00001) | Val MSE: 0.000113 (RMSE: 0.0106) 
2026-09-13 15:39:24,765 - INFO - Epoch [1600/2000] LR: 0.000011 | Train Loss: 0.001099 (Data: 0.00109, Mono: 0.00001) | Val MSE: 0.000114 (RMSE: 0.0107) 
2026-09-13 15:39:25,578 - INFO - Epoch [1610/2000] LR: 0.000011 | Train Loss: 0.001077 (Data: 0.00107, Mono: 0.00001) | Val MSE: 0.000116 (RMSE: 0.0108) 
2026-09-13 15:39:26,314 - INFO - Epoch [1620/2000] LR: 0.000010 | Train Loss: 0.001112 (Data: 0.00111, Mono: 0.00001) | Val MSE: 0.000113 (RMSE: 0.0106) 
2026-09-13 15:39:27,082 - INFO - Epoch [1630/2000] LR: 0.000010 | Train Loss: 0.001115 (Data: 0.00111, Mono: 0.00001) | Val MSE: 0.000115 (RMSE: 0.0107) 
2026-09-13 15:39:28,403 - INFO - Epoch [1640/2000] LR: 0.000009 | Train Loss: 0.001053 (Data: 0.00105, Mono: 0.00001) | Val MSE: 0.000115 (RMSE: 0.0107) 
2026-09-13 15:39:29,204 - INFO - Epoch [1650/2000] LR: 0.000009 | Train Loss: 0.001126 (Data: 0.00112, Mono: 0.00001) | Val MSE: 0.000111 (RMSE: 0.0105) 
2026-09-13 15:39:30,136 - INFO - Epoch [1660/2000] LR: 0.000009 | Train Loss: 0.001121 (Data: 0.00111, Mono: 0.00001) | Val MSE: 0.000111 (RMSE: 0.0105) 
2026-09-13 15:39:30,965 - INFO - Epoch [1670/2000] LR: 0.000008 | Train Loss: 0.001104 (Data: 0.00110, Mono: 0.00001) | Val MSE: 0.000114 (RMSE: 0.0107) 
2026-09-13 15:39:31,568 - INFO - Epoch [1680/2000] LR: 0.000008 | Train Loss: 0.001093 (Data: 0.00109, Mono: 0.00001) | Val MSE: 0.000113 (RMSE: 0.0106) 
2026-09-13 15:39:32,306 - INFO - Epoch [1690/2000] LR: 0.000007 | Train Loss: 0.001082 (Data: 0.00108, Mono: 0.00001) | Val MSE: 0.000115 (RMSE: 0.0107) 
2026-09-13 15:39:32,947 - INFO - Epoch [1700/2000] LR: 0.000007 | Train Loss: 0.001079 (Data: 0.00107, Mono: 0.00001) | Val MSE: 0.000111 (RMSE: 0.0105) 
2026-09-13 15:39:33,605 - INFO - Epoch [1710/2000] LR: 0.000007 | Train Loss: 0.001074 (Data: 0.00107, Mono: 0.00001) | Val MSE: 0.000117 (RMSE: 0.0108) 
2026-09-13 15:39:34,203 - INFO - Epoch [1720/2000] LR: 0.000006 | Train Loss: 0.001081 (Data: 0.00108, Mono: 0.00001) | Val MSE: 0.000117 (RMSE: 0.0108) 
2026-09-13 15:39:34,817 - INFO - Epoch [1730/2000] LR: 0.000006 | Train Loss: 0.001062 (Data: 0.00106, Mono: 0.00001) | Val MSE: 0.000115 (RMSE: 0.0107) 
2026-09-13 15:39:35,446 - INFO - Epoch [1740/2000] LR: 0.000006 | Train Loss: 0.001071 (Data: 0.00107, Mono: 0.00001) | Val MSE: 0.000113 (RMSE: 0.0106) 
2026-09-13 15:39:36,178 - INFO - Epoch [1750/2000] LR: 0.000005 | Train Loss: 0.001103 (Data: 0.00110, Mono: 0.00001) | Val MSE: 0.000116 (RMSE: 0.0108) 
2026-09-13 15:39:36,852 - INFO - Epoch [1760/2000] LR: 0.000005 | Train Loss: 0.001109 (Data: 0.00110, Mono: 0.00001) | Val MSE: 0.000114 (RMSE: 0.0107) 
2026-09-13 15:39:37,573 - INFO - Epoch [1770/2000] LR: 0.000005 | Train Loss: 0.001153 (Data: 0.00115, Mono: 0.00001) | Val MSE: 0.000112 (RMSE: 0.0106) 
2026-09-13 15:39:38,244 - INFO - Epoch [1780/2000] LR: 0.000005 | Train Loss: 0.001050 (Data: 0.00104, Mono: 0.00001) | Val MSE: 0.000113 (RMSE: 0.0106) 
2026-09-13 15:39:38,925 - INFO - Epoch [1790/2000] LR: 0.000004 | Train Loss: 0.001061 (Data: 0.00106, Mono: 0.00001) | Val MSE: 0.000114 (RMSE: 0.0107) 
2026-09-13 15:39:39,573 - INFO - Epoch [1800/2000] LR: 0.000004 | Train Loss: 0.001089 (Data: 0.00108, Mono: 0.00001) | Val MSE: 0.000113 (RMSE: 0.0106) 
2026-09-13 15:39:40,231 - INFO - Epoch [1810/2000] LR: 0.000004 | Train Loss: 0.001094 (Data: 0.00109, Mono: 0.00001) | Val MSE: 0.000112 (RMSE: 0.0106) 
2026-09-13 15:39:40,923 - INFO - Epoch [1820/2000] LR: 0.000004 | Train Loss: 0.001096 (Data: 0.00109, Mono: 0.00001) | Val MSE: 0.000113 (RMSE: 0.0106) 
2026-09-13 15:39:41,616 - INFO - Epoch [1830/2000] LR: 0.000003 | Train Loss: 0.001057 (Data: 0.00105, Mono: 0.00001) | Val MSE: 0.000113 (RMSE: 0.0106) 
2026-09-13 15:39:42,313 - INFO - Epoch [1840/2000] LR: 0.000003 | Train Loss: 0.001117 (Data: 0.00111, Mono: 0.00001) | Val MSE: 0.000113 (RMSE: 0.0106) 
2026-09-13 15:39:42,924 - INFO - Epoch [1850/2000] LR: 0.000003 | Train Loss: 0.001087 (Data: 0.00108, Mono: 0.00001) | Val MSE: 0.000115 (RMSE: 0.0107) 
2026-09-13 15:39:43,586 - INFO - Epoch [1860/2000] LR: 0.000003 | Train Loss: 0.001089 (Data: 0.00108, Mono: 0.00001) | Val MSE: 0.000115 (RMSE: 0.0107) 
2026-09-13 15:39:44,250 - INFO - Epoch [1870/2000] LR: 0.000003 | Train Loss: 0.001066 (Data: 0.00106, Mono: 0.00001) | Val MSE: 0.000114 (RMSE: 0.0107) 
2026-09-13 15:39:44,904 - INFO - Epoch [1880/2000] LR: 0.000002 | Train Loss: 0.001044 (Data: 0.00104, Mono: 0.00001) | Val MSE: 0.000112 (RMSE: 0.0106) 
2026-09-13 15:39:45,590 - INFO - Epoch [1890/2000] LR: 0.000002 | Train Loss: 0.001104 (Data: 0.00110, Mono: 0.00001) | Val MSE: 0.000113 (RMSE: 0.0106) 
2026-09-13 15:39:46,197 - INFO - Epoch [1900/2000] LR: 0.000002 | Train Loss: 0.001093 (Data: 0.00109, Mono: 0.00001) | Val MSE: 0.000112 (RMSE: 0.0106) 
2026-09-13 15:39:46,842 - INFO - Epoch [1910/2000] LR: 0.000002 | Train Loss: 0.001068 (Data: 0.00106, Mono: 0.00001) | Val MSE: 0.000113 (RMSE: 0.0106) 
2026-09-13 15:39:47,473 - INFO - Epoch [1920/2000] LR: 0.000002 | Train Loss: 0.001103 (Data: 0.00110, Mono: 0.00002) | Val MSE: 0.000114 (RMSE: 0.0107) 
2026-09-13 15:39:48,140 - INFO - Epoch [1930/2000] LR: 0.000002 | Train Loss: 0.001069 (Data: 0.00106, Mono: 0.00001) | Val MSE: 0.000113 (RMSE: 0.0106) 
2026-09-13 15:39:48,776 - INFO - Epoch [1940/2000] LR: 0.000002 | Train Loss: 0.001068 (Data: 0.00106, Mono: 0.00001) | Val MSE: 0.000114 (RMSE: 0.0107) 
2026-09-13 15:39:49,430 - INFO - Epoch [1950/2000] LR: 0.000002 | Train Loss: 0.001079 (Data: 0.00107, Mono: 0.00001) | Val MSE: 0.000115 (RMSE: 0.0107) 
2026-09-13 15:39:50,089 - INFO - Epoch [1960/2000] LR: 0.000002 | Train Loss: 0.001109 (Data: 0.00110, Mono: 0.00001) | Val MSE: 0.000112 (RMSE: 0.0106) 
2026-09-13 15:39:50,782 - INFO - Epoch [1970/2000] LR: 0.000002 | Train Loss: 0.001170 (Data: 0.00116, Mono: 0.00001) | Val MSE: 0.000113 (RMSE: 0.0106) 
2026-09-13 15:39:51,429 - INFO - Epoch [1980/2000] LR: 0.000002 | Train Loss: 0.001090 (Data: 0.00108, Mono: 0.00001) | Val MSE: 0.000114 (RMSE: 0.0107) 
2026-09-13 15:39:52,056 - INFO - Epoch [1990/2000] LR: 0.000002 | Train Loss: 0.001123 (Data: 0.00112, Mono: 0.00001) | Val MSE: 0.000113 (RMSE: 0.0107) 
2026-09-13 15:39:52,780 - INFO - Epoch [2000/2000] LR: 0.000002 | Train Loss: 0.001097 (Data: 0.00109, Mono: 0.00002) | Val MSE: 0.000113 (RMSE: 0.0106) 
2026-09-13 15:39:52,780 - INFO - Training completed in 144.50s. Loading best checkpoint from epoch 198 for final test evaluation...
2026-09-13 15:39:52,806 - INFO - ==================================================
2026-09-13 15:39:52,806 - INFO - Test Results for [XJTU] - [3C] (Best Epoch 198):
2026-09-13 15:39:52,806 - INFO -   Test RMSE: 0.012950
2026-09-13 15:39:52,806 - INFO -   Test MAE:  0.011537
2026-09-13 15:39:52,806 - INFO -   Test MAPE: 1.209313
2026-09-13 15:39:52,806 - INFO -   Test MSE:  0.000168
2026-09-13 15:39:52,806 - INFO - ==================================================
2026-09-13 16:44:38,424 - INFO - ==================================================
2026-09-13 16:44:38,424 - INFO - Starting FusionMLP Training for [XJTU] - [3C]
2026-09-13 16:44:38,424 - INFO - Device: cuda | Epochs: 2000 | LR: 0.000100 | Mono Weight: 0.4000 | Knee Feature: True
2026-09-13 16:44:38,424 - INFO - ==================================================
2026-09-13 16:44:38,542 - INFO - Data Splits: Train=10, Val=2, Test=3
2026-09-13 16:44:38,663 - INFO - Epoch [   1/2000] LR: 0.006063 | Train Loss: 0.386799 (Data: 0.38677, Mono: 0.00007) | Val MSE: 0.206945 (RMSE: 0.4549) [BEST]
2026-09-13 16:44:38,742 - INFO - Epoch [   2/2000] LR: 0.005857 | Train Loss: 0.113107 (Data: 0.11308, Mono: 0.00007) | Val MSE: 0.044950 (RMSE: 0.2120) [BEST]
2026-09-13 16:44:38,815 - INFO - Epoch [   3/2000] LR: 0.005651 | Train Loss: 0.055243 (Data: 0.05522, Mono: 0.00006) | Val MSE: 0.019372 (RMSE: 0.1392) [BEST]
2026-09-13 16:44:38,888 - INFO - Epoch [   4/2000] LR: 0.005446 | Train Loss: 0.032837 (Data: 0.03281, Mono: 0.00006) | Val MSE: 0.013570 (RMSE: 0.1165) [BEST]
2026-09-13 16:44:38,969 - INFO - Epoch [   5/2000] LR: 0.005240 | Train Loss: 0.020376 (Data: 0.02035, Mono: 0.00005) | Val MSE: 0.004711 (RMSE: 0.0686) [BEST]
2026-09-13 16:44:39,047 - INFO - Epoch [   6/2000] LR: 0.005035 | Train Loss: 0.016173 (Data: 0.01615, Mono: 0.00005) | Val MSE: 0.004288 (RMSE: 0.0655) [BEST]
2026-09-13 16:44:39,142 - INFO - Epoch [   7/2000] LR: 0.004829 | Train Loss: 0.011926 (Data: 0.01191, Mono: 0.00005) | Val MSE: 0.000770 (RMSE: 0.0278) [BEST]
2026-09-13 16:44:39,230 - INFO - Epoch [   8/2000] LR: 0.004623 | Train Loss: 0.010348 (Data: 0.01033, Mono: 0.00004) | Val MSE: 0.000489 (RMSE: 0.0221) [BEST]
2026-09-13 16:44:39,312 - INFO - Epoch [   9/2000] LR: 0.004418 | Train Loss: 0.009056 (Data: 0.00904, Mono: 0.00005) | Val MSE: 0.000264 (RMSE: 0.0162) [BEST]
2026-09-13 16:44:39,406 - INFO - Epoch [  10/2000] LR: 0.004212 | Train Loss: 0.007960 (Data: 0.00794, Mono: 0.00004) | Val MSE: 0.000209 (RMSE: 0.0145) [BEST]
2026-09-13 16:44:39,672 - INFO - Epoch [  13/2000] LR: 0.003595 | Train Loss: 0.006809 (Data: 0.00679, Mono: 0.00004) | Val MSE: 0.000127 (RMSE: 0.0113) [BEST]
2026-09-13 16:44:39,840 - INFO - Epoch [  15/2000] LR: 0.003184 | Train Loss: 0.006174 (Data: 0.00616, Mono: 0.00004) | Val MSE: 0.000113 (RMSE: 0.0106) [BEST]
2026-09-13 16:44:40,231 - INFO - Epoch [  20/2000] LR: 0.002156 | Train Loss: 0.005025 (Data: 0.00501, Mono: 0.00003) | Val MSE: 0.000084 (RMSE: 0.0092) [BEST]
2026-09-13 16:44:40,308 - INFO - Epoch [  21/2000] LR: 0.001950 | Train Loss: 0.004857 (Data: 0.00484, Mono: 0.00004) | Val MSE: 0.000083 (RMSE: 0.0091) [BEST]
2026-09-13 16:44:40,541 - INFO - Epoch [  24/2000] LR: 0.001334 | Train Loss: 0.004738 (Data: 0.00472, Mono: 0.00003) | Val MSE: 0.000079 (RMSE: 0.0089) [BEST]
2026-09-13 16:44:40,688 - INFO - Epoch [  26/2000] LR: 0.000922 | Train Loss: 0.004379 (Data: 0.00437, Mono: 0.00003) | Val MSE: 0.000079 (RMSE: 0.0089) [BEST]
2026-09-13 16:44:40,901 - INFO - Epoch [  29/2000] LR: 0.000306 | Train Loss: 0.004281 (Data: 0.00427, Mono: 0.00003) | Val MSE: 0.000075 (RMSE: 0.0087) [BEST]
2026-09-13 16:44:40,974 - INFO - Epoch [  30/2000] LR: 0.000100 | Train Loss: 0.004365 (Data: 0.00435, Mono: 0.00003) | Val MSE: 0.000079 (RMSE: 0.0089) 
2026-09-13 16:44:41,188 - INFO - Epoch [  33/2000] LR: 0.000100 | Train Loss: 0.004377 (Data: 0.00436, Mono: 0.00003) | Val MSE: 0.000074 (RMSE: 0.0086) [BEST]
2026-09-13 16:44:41,702 - INFO - Epoch [  40/2000] LR: 0.000100 | Train Loss: 0.004495 (Data: 0.00448, Mono: 0.00003) | Val MSE: 0.000080 (RMSE: 0.0089) 
2026-09-13 16:44:42,446 - INFO - Epoch [  50/2000] LR: 0.000100 | Train Loss: 0.004243 (Data: 0.00423, Mono: 0.00003) | Val MSE: 0.000083 (RMSE: 0.0091) 
2026-09-13 16:44:42,535 - INFO - Epoch [  51/2000] LR: 0.000100 | Train Loss: 0.004377 (Data: 0.00436, Mono: 0.00003) | Val MSE: 0.000072 (RMSE: 0.0085) [BEST]
2026-09-13 16:44:42,749 - INFO - Epoch [  54/2000] LR: 0.000100 | Train Loss: 0.004303 (Data: 0.00429, Mono: 0.00003) | Val MSE: 0.000071 (RMSE: 0.0084) [BEST]
2026-09-13 16:44:43,096 - INFO - Epoch [  59/2000] LR: 0.000100 | Train Loss: 0.004070 (Data: 0.00406, Mono: 0.00003) | Val MSE: 0.000071 (RMSE: 0.0084) [BEST]
2026-09-13 16:44:43,178 - INFO - Epoch [  60/2000] LR: 0.000100 | Train Loss: 0.004207 (Data: 0.00419, Mono: 0.00003) | Val MSE: 0.000074 (RMSE: 0.0086) 
2026-09-13 16:44:43,904 - INFO - Epoch [  70/2000] LR: 0.000100 | Train Loss: 0.004100 (Data: 0.00409, Mono: 0.00003) | Val MSE: 0.000083 (RMSE: 0.0091) 
2026-09-13 16:44:44,608 - INFO - Epoch [  80/2000] LR: 0.000100 | Train Loss: 0.003937 (Data: 0.00393, Mono: 0.00003) | Val MSE: 0.000077 (RMSE: 0.0088) 
2026-09-13 16:44:45,314 - INFO - Epoch [  90/2000] LR: 0.000100 | Train Loss: 0.004081 (Data: 0.00407, Mono: 0.00003) | Val MSE: 0.000070 (RMSE: 0.0084) [BEST]
2026-09-13 16:44:45,882 - INFO - Epoch [  98/2000] LR: 0.000100 | Train Loss: 0.003897 (Data: 0.00389, Mono: 0.00003) | Val MSE: 0.000070 (RMSE: 0.0084) [BEST]
2026-09-13 16:44:46,027 - INFO - Epoch [ 100/2000] LR: 0.000100 | Train Loss: 0.003872 (Data: 0.00386, Mono: 0.00003) | Val MSE: 0.000069 (RMSE: 0.0083) [BEST]
2026-09-13 16:44:46,733 - INFO - Epoch [ 110/2000] LR: 0.000100 | Train Loss: 0.003860 (Data: 0.00385, Mono: 0.00003) | Val MSE: 0.000070 (RMSE: 0.0084) 
2026-09-13 16:44:47,116 - INFO - Epoch [ 115/2000] LR: 0.000100 | Train Loss: 0.003610 (Data: 0.00360, Mono: 0.00003) | Val MSE: 0.000068 (RMSE: 0.0083) [BEST]
2026-09-13 16:44:47,487 - INFO - Epoch [ 120/2000] LR: 0.000099 | Train Loss: 0.003599 (Data: 0.00359, Mono: 0.00003) | Val MSE: 0.000068 (RMSE: 0.0082) [BEST]
2026-09-13 16:44:47,641 - INFO - Epoch [ 122/2000] LR: 0.000099 | Train Loss: 0.003747 (Data: 0.00373, Mono: 0.00003) | Val MSE: 0.000068 (RMSE: 0.0082) [BEST]
2026-09-13 16:44:47,944 - INFO - Epoch [ 126/2000] LR: 0.000099 | Train Loss: 0.003605 (Data: 0.00359, Mono: 0.00003) | Val MSE: 0.000068 (RMSE: 0.0082) [BEST]
2026-09-13 16:44:48,260 - INFO - Epoch [ 130/2000] LR: 0.000099 | Train Loss: 0.003727 (Data: 0.00372, Mono: 0.00003) | Val MSE: 0.000068 (RMSE: 0.0083) 
2026-09-13 16:44:48,337 - INFO - Epoch [ 131/2000] LR: 0.000099 | Train Loss: 0.003484 (Data: 0.00347, Mono: 0.00003) | Val MSE: 0.000066 (RMSE: 0.0081) [BEST]
2026-09-13 16:44:49,010 - INFO - Epoch [ 140/2000] LR: 0.000099 | Train Loss: 0.003520 (Data: 0.00351, Mono: 0.00003) | Val MSE: 0.000066 (RMSE: 0.0081) [BEST]
2026-09-13 16:44:49,776 - INFO - Epoch [ 150/2000] LR: 0.000099 | Train Loss: 0.003447 (Data: 0.00344, Mono: 0.00003) | Val MSE: 0.000077 (RMSE: 0.0088) 
2026-09-13 16:44:50,474 - INFO - Epoch [ 159/2000] LR: 0.000099 | Train Loss: 0.003286 (Data: 0.00328, Mono: 0.00003) | Val MSE: 0.000065 (RMSE: 0.0081) [BEST]
2026-09-13 16:44:50,571 - INFO - Epoch [ 160/2000] LR: 0.000099 | Train Loss: 0.003427 (Data: 0.00342, Mono: 0.00003) | Val MSE: 0.000095 (RMSE: 0.0098) 
2026-09-13 16:44:51,303 - INFO - Epoch [ 170/2000] LR: 0.000099 | Train Loss: 0.003297 (Data: 0.00329, Mono: 0.00003) | Val MSE: 0.000081 (RMSE: 0.0090) 
2026-09-13 16:44:51,438 - INFO - Epoch [ 172/2000] LR: 0.000099 | Train Loss: 0.003246 (Data: 0.00323, Mono: 0.00003) | Val MSE: 0.000065 (RMSE: 0.0080) [BEST]
2026-09-13 16:44:51,515 - INFO - Epoch [ 173/2000] LR: 0.000099 | Train Loss: 0.003320 (Data: 0.00331, Mono: 0.00003) | Val MSE: 0.000065 (RMSE: 0.0080) [BEST]
2026-09-13 16:44:52,021 - INFO - Epoch [ 180/2000] LR: 0.000099 | Train Loss: 0.003369 (Data: 0.00336, Mono: 0.00003) | Val MSE: 0.000078 (RMSE: 0.0088) 
2026-09-13 16:44:52,741 - INFO - Epoch [ 190/2000] LR: 0.000098 | Train Loss: 0.003134 (Data: 0.00312, Mono: 0.00003) | Val MSE: 0.000064 (RMSE: 0.0080) [BEST]
2026-09-13 16:44:53,538 - INFO - Epoch [ 200/2000] LR: 0.000098 | Train Loss: 0.003019 (Data: 0.00301, Mono: 0.00003) | Val MSE: 0.000096 (RMSE: 0.0098) 
2026-09-13 16:44:54,294 - INFO - Epoch [ 210/2000] LR: 0.000098 | Train Loss: 0.003072 (Data: 0.00306, Mono: 0.00003) | Val MSE: 0.000082 (RMSE: 0.0091) 
2026-09-13 16:44:55,179 - INFO - Epoch [ 220/2000] LR: 0.000098 | Train Loss: 0.002926 (Data: 0.00292, Mono: 0.00002) | Val MSE: 0.000067 (RMSE: 0.0082) 
2026-09-13 16:44:56,019 - INFO - Epoch [ 230/2000] LR: 0.000098 | Train Loss: 0.002800 (Data: 0.00279, Mono: 0.00002) | Val MSE: 0.000076 (RMSE: 0.0087) 
2026-09-13 16:44:56,823 - INFO - Epoch [ 240/2000] LR: 0.000097 | Train Loss: 0.002772 (Data: 0.00276, Mono: 0.00002) | Val MSE: 0.000069 (RMSE: 0.0083) 
2026-09-13 16:44:57,542 - INFO - Epoch [ 250/2000] LR: 0.000097 | Train Loss: 0.002734 (Data: 0.00272, Mono: 0.00002) | Val MSE: 0.000075 (RMSE: 0.0087) 
2026-09-13 16:44:58,321 - INFO - Epoch [ 260/2000] LR: 0.000097 | Train Loss: 0.002852 (Data: 0.00284, Mono: 0.00002) | Val MSE: 0.000066 (RMSE: 0.0081) 
2026-09-13 16:44:59,066 - INFO - Epoch [ 270/2000] LR: 0.000096 | Train Loss: 0.002543 (Data: 0.00253, Mono: 0.00002) | Val MSE: 0.000065 (RMSE: 0.0081) 
2026-09-13 16:44:59,767 - INFO - Epoch [ 280/2000] LR: 0.000096 | Train Loss: 0.002646 (Data: 0.00264, Mono: 0.00002) | Val MSE: 0.000069 (RMSE: 0.0083) 
2026-09-13 16:45:00,484 - INFO - Epoch [ 290/2000] LR: 0.000096 | Train Loss: 0.002681 (Data: 0.00267, Mono: 0.00002) | Val MSE: 0.000066 (RMSE: 0.0081) 
2026-09-13 16:45:01,181 - INFO - Epoch [ 300/2000] LR: 0.000096 | Train Loss: 0.002274 (Data: 0.00227, Mono: 0.00002) | Val MSE: 0.000068 (RMSE: 0.0082) 
2026-09-13 16:45:01,907 - INFO - Epoch [ 310/2000] LR: 0.000095 | Train Loss: 0.002350 (Data: 0.00234, Mono: 0.00002) | Val MSE: 0.000069 (RMSE: 0.0083) 
2026-09-13 16:45:02,657 - INFO - Epoch [ 320/2000] LR: 0.000095 | Train Loss: 0.002483 (Data: 0.00247, Mono: 0.00002) | Val MSE: 0.000079 (RMSE: 0.0089) 
2026-09-13 16:45:03,397 - INFO - Epoch [ 330/2000] LR: 0.000094 | Train Loss: 0.002150 (Data: 0.00214, Mono: 0.00002) | Val MSE: 0.000077 (RMSE: 0.0088) 
2026-09-13 16:45:04,148 - INFO - Epoch [ 340/2000] LR: 0.000094 | Train Loss: 0.002213 (Data: 0.00220, Mono: 0.00002) | Val MSE: 0.000075 (RMSE: 0.0087) 
2026-09-13 16:45:04,900 - INFO - Epoch [ 350/2000] LR: 0.000094 | Train Loss: 0.002182 (Data: 0.00217, Mono: 0.00002) | Val MSE: 0.000074 (RMSE: 0.0086) 
2026-09-13 16:45:05,630 - INFO - Epoch [ 360/2000] LR: 0.000093 | Train Loss: 0.002124 (Data: 0.00212, Mono: 0.00002) | Val MSE: 0.000072 (RMSE: 0.0085) 
2026-09-13 16:45:06,404 - INFO - Epoch [ 370/2000] LR: 0.000093 | Train Loss: 0.002179 (Data: 0.00217, Mono: 0.00002) | Val MSE: 0.000075 (RMSE: 0.0087) 
2026-09-13 16:45:07,228 - INFO - Epoch [ 380/2000] LR: 0.000093 | Train Loss: 0.002160 (Data: 0.00215, Mono: 0.00002) | Val MSE: 0.000075 (RMSE: 0.0087) 
2026-09-13 16:45:07,981 - INFO - Epoch [ 390/2000] LR: 0.000092 | Train Loss: 0.002095 (Data: 0.00209, Mono: 0.00002) | Val MSE: 0.000074 (RMSE: 0.0086) 
2026-09-13 16:45:08,728 - INFO - Epoch [ 400/2000] LR: 0.000092 | Train Loss: 0.001957 (Data: 0.00195, Mono: 0.00002) | Val MSE: 0.000092 (RMSE: 0.0096) 
2026-09-13 16:45:09,459 - INFO - Epoch [ 410/2000] LR: 0.000091 | Train Loss: 0.001918 (Data: 0.00191, Mono: 0.00002) | Val MSE: 0.000079 (RMSE: 0.0089) 
2026-09-13 16:45:10,069 - INFO - Epoch [ 420/2000] LR: 0.000091 | Train Loss: 0.001945 (Data: 0.00194, Mono: 0.00002) | Val MSE: 0.000079 (RMSE: 0.0089) 
2026-09-13 16:45:10,667 - INFO - Epoch [ 430/2000] LR: 0.000090 | Train Loss: 0.001854 (Data: 0.00185, Mono: 0.00002) | Val MSE: 0.000100 (RMSE: 0.0100) 
2026-09-13 16:45:11,259 - INFO - Epoch [ 440/2000] LR: 0.000090 | Train Loss: 0.001900 (Data: 0.00189, Mono: 0.00002) | Val MSE: 0.000085 (RMSE: 0.0092) 
2026-09-13 16:45:11,852 - INFO - Epoch [ 450/2000] LR: 0.000089 | Train Loss: 0.001922 (Data: 0.00191, Mono: 0.00002) | Val MSE: 0.000087 (RMSE: 0.0093) 
2026-09-13 16:45:12,472 - INFO - Epoch [ 460/2000] LR: 0.000089 | Train Loss: 0.001891 (Data: 0.00188, Mono: 0.00002) | Val MSE: 0.000179 (RMSE: 0.0134) 
2026-09-13 16:45:13,089 - INFO - Epoch [ 470/2000] LR: 0.000088 | Train Loss: 0.001913 (Data: 0.00191, Mono: 0.00002) | Val MSE: 0.000081 (RMSE: 0.0090) 
2026-09-13 16:45:13,685 - INFO - Epoch [ 480/2000] LR: 0.000088 | Train Loss: 0.001813 (Data: 0.00181, Mono: 0.00002) | Val MSE: 0.000082 (RMSE: 0.0091) 
2026-09-13 16:45:14,271 - INFO - Epoch [ 490/2000] LR: 0.000087 | Train Loss: 0.001732 (Data: 0.00172, Mono: 0.00002) | Val MSE: 0.000086 (RMSE: 0.0093) 
2026-09-13 16:45:14,866 - INFO - Epoch [ 500/2000] LR: 0.000087 | Train Loss: 0.001755 (Data: 0.00175, Mono: 0.00002) | Val MSE: 0.000088 (RMSE: 0.0094) 
2026-09-13 16:45:15,461 - INFO - Epoch [ 510/2000] LR: 0.000086 | Train Loss: 0.001641 (Data: 0.00163, Mono: 0.00002) | Val MSE: 0.000108 (RMSE: 0.0104) 
2026-09-13 16:45:16,069 - INFO - Epoch [ 520/2000] LR: 0.000086 | Train Loss: 0.001715 (Data: 0.00171, Mono: 0.00002) | Val MSE: 0.000106 (RMSE: 0.0103) 
2026-09-13 16:45:16,707 - INFO - Epoch [ 530/2000] LR: 0.000085 | Train Loss: 0.001641 (Data: 0.00163, Mono: 0.00002) | Val MSE: 0.000103 (RMSE: 0.0101) 
2026-09-13 16:45:17,341 - INFO - Epoch [ 540/2000] LR: 0.000085 | Train Loss: 0.001640 (Data: 0.00163, Mono: 0.00002) | Val MSE: 0.000102 (RMSE: 0.0101) 
2026-09-13 16:45:17,982 - INFO - Epoch [ 550/2000] LR: 0.000084 | Train Loss: 0.001549 (Data: 0.00154, Mono: 0.00002) | Val MSE: 0.000089 (RMSE: 0.0094) 
2026-09-13 16:45:18,572 - INFO - Epoch [ 560/2000] LR: 0.000083 | Train Loss: 0.001665 (Data: 0.00166, Mono: 0.00002) | Val MSE: 0.000092 (RMSE: 0.0096) 
2026-09-13 16:45:19,165 - INFO - Epoch [ 570/2000] LR: 0.000083 | Train Loss: 0.001532 (Data: 0.00152, Mono: 0.00002) | Val MSE: 0.000095 (RMSE: 0.0098) 
2026-09-13 16:45:19,769 - INFO - Epoch [ 580/2000] LR: 0.000082 | Train Loss: 0.001579 (Data: 0.00157, Mono: 0.00002) | Val MSE: 0.000131 (RMSE: 0.0115) 
2026-09-13 16:45:20,378 - INFO - Epoch [ 590/2000] LR: 0.000082 | Train Loss: 0.001571 (Data: 0.00156, Mono: 0.00002) | Val MSE: 0.000093 (RMSE: 0.0096) 
2026-09-13 16:45:20,972 - INFO - Epoch [ 600/2000] LR: 0.000081 | Train Loss: 0.001475 (Data: 0.00147, Mono: 0.00002) | Val MSE: 0.000099 (RMSE: 0.0100) 
2026-09-13 16:45:21,595 - INFO - Epoch [ 610/2000] LR: 0.000080 | Train Loss: 0.001569 (Data: 0.00156, Mono: 0.00002) | Val MSE: 0.000102 (RMSE: 0.0101) 
2026-09-13 16:45:22,190 - INFO - Epoch [ 620/2000] LR: 0.000080 | Train Loss: 0.001559 (Data: 0.00155, Mono: 0.00002) | Val MSE: 0.000114 (RMSE: 0.0107) 
2026-09-13 16:46:47,707 - INFO - ==================================================
2026-09-13 16:46:47,707 - INFO - Starting FusionMLP Training for [XJTU] - [3C]
2026-09-13 16:46:47,708 - INFO - Device: cuda | Epochs: 2000 | LR: 0.000100 | Mono Weight: 0.4000 | Knee Feature: True
2026-09-13 16:46:47,708 - INFO - ==================================================
2026-09-13 16:46:47,835 - INFO - Data Splits: Train=10, Val=2, Test=3
2026-09-13 16:46:47,933 - INFO - Epoch [   1/2000] LR: 0.006063 | Train Loss: 0.276141 (Data: 0.27611, Mono: 0.00009) | Val MSE: 0.113799 (RMSE: 0.3373) [BEST]
2026-09-13 16:46:48,009 - INFO - Epoch [   2/2000] LR: 0.005857 | Train Loss: 0.073684 (Data: 0.07365, Mono: 0.00008) | Val MSE: 0.033429 (RMSE: 0.1828) [BEST]
2026-09-13 16:46:48,117 - INFO - Epoch [   3/2000] LR: 0.005651 | Train Loss: 0.036702 (Data: 0.03668, Mono: 0.00006) | Val MSE: 0.002258 (RMSE: 0.0475) [BEST]
2026-09-13 16:46:48,301 - INFO - Epoch [   5/2000] LR: 0.005240 | Train Loss: 0.016450 (Data: 0.01643, Mono: 0.00006) | Val MSE: 0.000229 (RMSE: 0.0151) [BEST]
2026-09-13 16:46:48,456 - INFO - Epoch [   7/2000] LR: 0.004829 | Train Loss: 0.011991 (Data: 0.01197, Mono: 0.00005) | Val MSE: 0.000222 (RMSE: 0.0149) [BEST]
2026-09-13 16:46:48,639 - INFO - Epoch [   9/2000] LR: 0.004418 | Train Loss: 0.009903 (Data: 0.00989, Mono: 0.00005) | Val MSE: 0.000178 (RMSE: 0.0133) [BEST]
2026-09-13 16:46:48,718 - INFO - Epoch [  10/2000] LR: 0.004212 | Train Loss: 0.008944 (Data: 0.00893, Mono: 0.00005) | Val MSE: 0.000192 (RMSE: 0.0139) 
2026-09-13 16:46:48,987 - INFO - Epoch [  13/2000] LR: 0.003595 | Train Loss: 0.007702 (Data: 0.00768, Mono: 0.00005) | Val MSE: 0.000137 (RMSE: 0.0117) [BEST]
2026-09-13 16:46:49,250 - INFO - Epoch [  16/2000] LR: 0.002979 | Train Loss: 0.006559 (Data: 0.00654, Mono: 0.00004) | Val MSE: 0.000127 (RMSE: 0.0113) [BEST]
2026-09-13 16:46:49,586 - INFO - Epoch [  20/2000] LR: 0.002156 | Train Loss: 0.005696 (Data: 0.00568, Mono: 0.00004) | Val MSE: 0.000201 (RMSE: 0.0142) 
2026-09-13 16:46:49,676 - INFO - Epoch [  21/2000] LR: 0.001950 | Train Loss: 0.005778 (Data: 0.00576, Mono: 0.00004) | Val MSE: 0.000105 (RMSE: 0.0103) [BEST]
2026-09-13 16:46:49,752 - INFO - Epoch [  22/2000] LR: 0.001745 | Train Loss: 0.005742 (Data: 0.00573, Mono: 0.00004) | Val MSE: 0.000099 (RMSE: 0.0100) [BEST]
2026-09-13 16:46:50,064 - INFO - Epoch [  26/2000] LR: 0.000922 | Train Loss: 0.005334 (Data: 0.00532, Mono: 0.00003) | Val MSE: 0.000095 (RMSE: 0.0097) [BEST]
2026-09-13 16:46:50,381 - INFO - Epoch [  30/2000] LR: 0.000100 | Train Loss: 0.004821 (Data: 0.00481, Mono: 0.00004) | Val MSE: 0.000107 (RMSE: 0.0103) 
2026-09-13 16:46:50,555 - INFO - Epoch [  32/2000] LR: 0.000100 | Train Loss: 0.004813 (Data: 0.00480, Mono: 0.00003) | Val MSE: 0.000093 (RMSE: 0.0096) [BEST]
2026-09-13 16:46:51,182 - INFO - Epoch [  40/2000] LR: 0.000100 | Train Loss: 0.005074 (Data: 0.00506, Mono: 0.00003) | Val MSE: 0.000094 (RMSE: 0.0097) 
2026-09-13 16:46:51,340 - INFO - Epoch [  42/2000] LR: 0.000100 | Train Loss: 0.004889 (Data: 0.00488, Mono: 0.00003) | Val MSE: 0.000092 (RMSE: 0.0096) [BEST]
2026-09-13 16:46:51,760 - INFO - Epoch [  47/2000] LR: 0.000100 | Train Loss: 0.004943 (Data: 0.00493, Mono: 0.00003) | Val MSE: 0.000091 (RMSE: 0.0096) [BEST]
2026-09-13 16:46:51,998 - INFO - Epoch [  50/2000] LR: 0.000100 | Train Loss: 0.004918 (Data: 0.00490, Mono: 0.00004) | Val MSE: 0.000100 (RMSE: 0.0100) 
2026-09-13 16:46:52,416 - INFO - Epoch [  55/2000] LR: 0.000100 | Train Loss: 0.004775 (Data: 0.00476, Mono: 0.00003) | Val MSE: 0.000091 (RMSE: 0.0095) [BEST]
2026-09-13 16:46:52,685 - INFO - Epoch [  58/2000] LR: 0.000100 | Train Loss: 0.004686 (Data: 0.00467, Mono: 0.00004) | Val MSE: 0.000091 (RMSE: 0.0095) [BEST]
2026-09-13 16:46:52,846 - INFO - Epoch [  60/2000] LR: 0.000100 | Train Loss: 0.004814 (Data: 0.00480, Mono: 0.00003) | Val MSE: 0.000098 (RMSE: 0.0099) 
2026-09-13 16:46:53,427 - INFO - Epoch [  67/2000] LR: 0.000100 | Train Loss: 0.004812 (Data: 0.00480, Mono: 0.00003) | Val MSE: 0.000090 (RMSE: 0.0095) [BEST]
2026-09-13 16:46:53,662 - INFO - Epoch [  70/2000] LR: 0.000100 | Train Loss: 0.004683 (Data: 0.00467, Mono: 0.00003) | Val MSE: 0.000100 (RMSE: 0.0100) 
2026-09-13 16:46:54,434 - INFO - Epoch [  80/2000] LR: 0.000100 | Train Loss: 0.004516 (Data: 0.00450, Mono: 0.00003) | Val MSE: 0.000098 (RMSE: 0.0099) 
2026-09-13 16:46:54,672 - INFO - Epoch [  83/2000] LR: 0.000100 | Train Loss: 0.004635 (Data: 0.00462, Mono: 0.00003) | Val MSE: 0.000090 (RMSE: 0.0095) [BEST]
2026-09-13 16:46:54,892 - INFO - Epoch [  86/2000] LR: 0.000100 | Train Loss: 0.004752 (Data: 0.00474, Mono: 0.00003) | Val MSE: 0.000089 (RMSE: 0.0094) [BEST]
2026-09-13 16:46:55,161 - INFO - Epoch [  90/2000] LR: 0.000100 | Train Loss: 0.004594 (Data: 0.00458, Mono: 0.00003) | Val MSE: 0.000093 (RMSE: 0.0096) 
2026-09-13 16:46:55,719 - INFO - Epoch [  98/2000] LR: 0.000100 | Train Loss: 0.004504 (Data: 0.00449, Mono: 0.00003) | Val MSE: 0.000088 (RMSE: 0.0094) [BEST]
2026-09-13 16:46:55,845 - INFO - Epoch [ 100/2000] LR: 0.000100 | Train Loss: 0.004514 (Data: 0.00450, Mono: 0.00003) | Val MSE: 0.000102 (RMSE: 0.0101) 
2026-09-13 16:46:56,617 - INFO - Epoch [ 109/2000] LR: 0.000100 | Train Loss: 0.004553 (Data: 0.00454, Mono: 0.00003) | Val MSE: 0.000087 (RMSE: 0.0093) [BEST]
2026-09-13 16:46:56,743 - INFO - Epoch [ 110/2000] LR: 0.000100 | Train Loss: 0.004219 (Data: 0.00421, Mono: 0.00003) | Val MSE: 0.000088 (RMSE: 0.0094) 
2026-09-13 16:46:57,483 - INFO - Epoch [ 120/2000] LR: 0.000099 | Train Loss: 0.004361 (Data: 0.00435, Mono: 0.00003) | Val MSE: 0.000089 (RMSE: 0.0095) 
2026-09-13 16:46:57,860 - INFO - Epoch [ 124/2000] LR: 0.000099 | Train Loss: 0.004244 (Data: 0.00423, Mono: 0.00003) | Val MSE: 0.000087 (RMSE: 0.0093) [BEST]
2026-09-13 16:46:58,136 - INFO - Epoch [ 128/2000] LR: 0.000099 | Train Loss: 0.004214 (Data: 0.00420, Mono: 0.00003) | Val MSE: 0.000087 (RMSE: 0.0093) [BEST]
2026-09-13 16:46:58,262 - INFO - Epoch [ 130/2000] LR: 0.000099 | Train Loss: 0.004324 (Data: 0.00431, Mono: 0.00003) | Val MSE: 0.000105 (RMSE: 0.0102) 
2026-09-13 16:46:58,770 - INFO - Epoch [ 138/2000] LR: 0.000099 | Train Loss: 0.004286 (Data: 0.00427, Mono: 0.00003) | Val MSE: 0.000087 (RMSE: 0.0093) [BEST]
2026-09-13 16:46:58,850 - INFO - Epoch [ 139/2000] LR: 0.000099 | Train Loss: 0.004113 (Data: 0.00410, Mono: 0.00003) | Val MSE: 0.000086 (RMSE: 0.0093) [BEST]
2026-09-13 16:46:58,920 - INFO - Epoch [ 140/2000] LR: 0.000099 | Train Loss: 0.003931 (Data: 0.00392, Mono: 0.00003) | Val MSE: 0.000103 (RMSE: 0.0102) 
2026-09-13 16:46:59,533 - INFO - Epoch [ 150/2000] LR: 0.000099 | Train Loss: 0.003958 (Data: 0.00395, Mono: 0.00003) | Val MSE: 0.000096 (RMSE: 0.0098) 
2026-09-13 16:47:00,005 - INFO - Epoch [ 158/2000] LR: 0.000099 | Train Loss: 0.003890 (Data: 0.00388, Mono: 0.00003) | Val MSE: 0.000086 (RMSE: 0.0093) [BEST]
2026-09-13 16:47:00,195 - INFO - Epoch [ 160/2000] LR: 0.000099 | Train Loss: 0.003904 (Data: 0.00389, Mono: 0.00003) | Val MSE: 0.000089 (RMSE: 0.0094) 
2026-09-13 16:47:00,809 - INFO - Epoch [ 170/2000] LR: 0.000099 | Train Loss: 0.003770 (Data: 0.00376, Mono: 0.00003) | Val MSE: 0.000088 (RMSE: 0.0094) 
2026-09-13 16:47:01,422 - INFO - Epoch [ 180/2000] LR: 0.000099 | Train Loss: 0.003719 (Data: 0.00371, Mono: 0.00003) | Val MSE: 0.000088 (RMSE: 0.0094) 
2026-09-13 16:47:02,054 - INFO - Epoch [ 190/2000] LR: 0.000098 | Train Loss: 0.003523 (Data: 0.00351, Mono: 0.00003) | Val MSE: 0.000095 (RMSE: 0.0097) 
2026-09-13 16:47:02,810 - INFO - Epoch [ 200/2000] LR: 0.000098 | Train Loss: 0.003619 (Data: 0.00361, Mono: 0.00003) | Val MSE: 0.000086 (RMSE: 0.0093) 
2026-09-13 16:47:03,779 - INFO - Epoch [ 210/2000] LR: 0.000098 | Train Loss: 0.003431 (Data: 0.00342, Mono: 0.00003) | Val MSE: 0.000090 (RMSE: 0.0095) 
2026-09-13 16:47:04,444 - INFO - Epoch [ 220/2000] LR: 0.000098 | Train Loss: 0.003185 (Data: 0.00318, Mono: 0.00002) | Val MSE: 0.000087 (RMSE: 0.0093) 
2026-09-13 16:47:05,186 - INFO - Epoch [ 230/2000] LR: 0.000098 | Train Loss: 0.003303 (Data: 0.00329, Mono: 0.00003) | Val MSE: 0.000090 (RMSE: 0.0095) 
2026-09-13 16:47:05,834 - INFO - Epoch [ 240/2000] LR: 0.000097 | Train Loss: 0.003289 (Data: 0.00328, Mono: 0.00003) | Val MSE: 0.000101 (RMSE: 0.0100) 
2026-09-13 16:47:06,506 - INFO - Epoch [ 250/2000] LR: 0.000097 | Train Loss: 0.003054 (Data: 0.00304, Mono: 0.00003) | Val MSE: 0.000093 (RMSE: 0.0097) 
2026-09-13 16:47:07,223 - INFO - Epoch [ 260/2000] LR: 0.000097 | Train Loss: 0.003042 (Data: 0.00303, Mono: 0.00003) | Val MSE: 0.000096 (RMSE: 0.0098) 
2026-09-13 16:47:07,869 - INFO - Epoch [ 270/2000] LR: 0.000096 | Train Loss: 0.003036 (Data: 0.00303, Mono: 0.00003) | Val MSE: 0.000090 (RMSE: 0.0095) 
2026-09-13 16:47:08,550 - INFO - Epoch [ 280/2000] LR: 0.000096 | Train Loss: 0.002763 (Data: 0.00275, Mono: 0.00002) | Val MSE: 0.000094 (RMSE: 0.0097) 
2026-09-13 16:47:09,164 - INFO - Epoch [ 290/2000] LR: 0.000096 | Train Loss: 0.002795 (Data: 0.00278, Mono: 0.00003) | Val MSE: 0.000111 (RMSE: 0.0105) 
2026-09-13 16:47:09,800 - INFO - Epoch [ 300/2000] LR: 0.000096 | Train Loss: 0.002747 (Data: 0.00274, Mono: 0.00002) | Val MSE: 0.000097 (RMSE: 0.0099) 
2026-09-13 16:47:10,585 - INFO - Epoch [ 310/2000] LR: 0.000095 | Train Loss: 0.002721 (Data: 0.00271, Mono: 0.00002) | Val MSE: 0.000130 (RMSE: 0.0114) 
2026-09-13 16:47:11,313 - INFO - Epoch [ 320/2000] LR: 0.000095 | Train Loss: 0.002671 (Data: 0.00266, Mono: 0.00002) | Val MSE: 0.000100 (RMSE: 0.0100) 
2026-09-13 16:47:12,025 - INFO - Epoch [ 330/2000] LR: 0.000094 | Train Loss: 0.002462 (Data: 0.00245, Mono: 0.00002) | Val MSE: 0.000115 (RMSE: 0.0107) 
2026-09-13 16:47:12,730 - INFO - Epoch [ 340/2000] LR: 0.000094 | Train Loss: 0.002524 (Data: 0.00251, Mono: 0.00002) | Val MSE: 0.000098 (RMSE: 0.0099) 
2026-09-13 16:47:13,458 - INFO - Epoch [ 350/2000] LR: 0.000094 | Train Loss: 0.002385 (Data: 0.00238, Mono: 0.00002) | Val MSE: 0.000104 (RMSE: 0.0102) 
2026-09-13 16:47:14,160 - INFO - Epoch [ 360/2000] LR: 0.000093 | Train Loss: 0.002403 (Data: 0.00239, Mono: 0.00002) | Val MSE: 0.000102 (RMSE: 0.0101) 
2026-09-13 16:47:14,844 - INFO - Epoch [ 370/2000] LR: 0.000093 | Train Loss: 0.002361 (Data: 0.00235, Mono: 0.00003) | Val MSE: 0.000106 (RMSE: 0.0103) 
2026-09-13 16:47:15,514 - INFO - Epoch [ 380/2000] LR: 0.000093 | Train Loss: 0.002174 (Data: 0.00217, Mono: 0.00002) | Val MSE: 0.000110 (RMSE: 0.0105) 
2026-09-13 16:47:16,207 - INFO - Epoch [ 390/2000] LR: 0.000092 | Train Loss: 0.002296 (Data: 0.00229, Mono: 0.00002) | Val MSE: 0.000122 (RMSE: 0.0110) 
2026-09-13 16:47:16,870 - INFO - Epoch [ 400/2000] LR: 0.000092 | Train Loss: 0.002252 (Data: 0.00224, Mono: 0.00002) | Val MSE: 0.000115 (RMSE: 0.0107) 
2026-09-13 16:47:17,514 - INFO - Epoch [ 410/2000] LR: 0.000091 | Train Loss: 0.002146 (Data: 0.00214, Mono: 0.00002) | Val MSE: 0.000113 (RMSE: 0.0106) 
2026-09-13 16:47:18,169 - INFO - Epoch [ 420/2000] LR: 0.000091 | Train Loss: 0.002174 (Data: 0.00217, Mono: 0.00002) | Val MSE: 0.000109 (RMSE: 0.0105) 
2026-09-13 16:47:18,835 - INFO - Epoch [ 430/2000] LR: 0.000090 | Train Loss: 0.002082 (Data: 0.00207, Mono: 0.00002) | Val MSE: 0.000131 (RMSE: 0.0114) 
2026-09-13 16:47:19,489 - INFO - Epoch [ 440/2000] LR: 0.000090 | Train Loss: 0.002065 (Data: 0.00206, Mono: 0.00002) | Val MSE: 0.000121 (RMSE: 0.0110) 
2026-09-13 16:47:20,141 - INFO - Epoch [ 450/2000] LR: 0.000089 | Train Loss: 0.002058 (Data: 0.00205, Mono: 0.00002) | Val MSE: 0.000115 (RMSE: 0.0107) 
2026-09-13 16:47:20,813 - INFO - Epoch [ 460/2000] LR: 0.000089 | Train Loss: 0.001968 (Data: 0.00196, Mono: 0.00002) | Val MSE: 0.000123 (RMSE: 0.0111) 
2026-09-13 16:47:21,467 - INFO - Epoch [ 470/2000] LR: 0.000088 | Train Loss: 0.001942 (Data: 0.00193, Mono: 0.00002) | Val MSE: 0.000127 (RMSE: 0.0113) 
2026-09-13 16:47:22,124 - INFO - Epoch [ 480/2000] LR: 0.000088 | Train Loss: 0.001863 (Data: 0.00186, Mono: 0.00002) | Val MSE: 0.000118 (RMSE: 0.0109) 
2026-09-13 16:47:22,825 - INFO - Epoch [ 490/2000] LR: 0.000087 | Train Loss: 0.001919 (Data: 0.00191, Mono: 0.00002) | Val MSE: 0.000135 (RMSE: 0.0116) 
2026-09-13 16:47:23,522 - INFO - Epoch [ 500/2000] LR: 0.000087 | Train Loss: 0.001833 (Data: 0.00183, Mono: 0.00002) | Val MSE: 0.000121 (RMSE: 0.0110) 
2026-09-13 16:47:24,231 - INFO - Epoch [ 510/2000] LR: 0.000086 | Train Loss: 0.001818 (Data: 0.00181, Mono: 0.00002) | Val MSE: 0.000124 (RMSE: 0.0112) 
2026-09-13 16:47:24,958 - INFO - Epoch [ 520/2000] LR: 0.000086 | Train Loss: 0.001755 (Data: 0.00175, Mono: 0.00002) | Val MSE: 0.000125 (RMSE: 0.0112) 
2026-09-13 16:47:25,646 - INFO - Epoch [ 530/2000] LR: 0.000085 | Train Loss: 0.001694 (Data: 0.00169, Mono: 0.00002) | Val MSE: 0.000127 (RMSE: 0.0113) 
2026-09-13 16:47:26,374 - INFO - Epoch [ 540/2000] LR: 0.000085 | Train Loss: 0.001784 (Data: 0.00178, Mono: 0.00002) | Val MSE: 0.000132 (RMSE: 0.0115) 
2026-09-13 16:47:27,072 - INFO - Epoch [ 550/2000] LR: 0.000084 | Train Loss: 0.001777 (Data: 0.00177, Mono: 0.00002) | Val MSE: 0.000132 (RMSE: 0.0115) 
2026-09-13 16:47:27,699 - INFO - Epoch [ 560/2000] LR: 0.000083 | Train Loss: 0.001683 (Data: 0.00168, Mono: 0.00002) | Val MSE: 0.000135 (RMSE: 0.0116) 
2026-09-13 16:47:28,287 - INFO - Epoch [ 570/2000] LR: 0.000083 | Train Loss: 0.001658 (Data: 0.00165, Mono: 0.00002) | Val MSE: 0.000132 (RMSE: 0.0115) 
2026-09-13 16:47:28,872 - INFO - Epoch [ 580/2000] LR: 0.000082 | Train Loss: 0.001644 (Data: 0.00164, Mono: 0.00002) | Val MSE: 0.000129 (RMSE: 0.0114) 
2026-09-13 16:47:29,455 - INFO - Epoch [ 590/2000] LR: 0.000082 | Train Loss: 0.001684 (Data: 0.00168, Mono: 0.00002) | Val MSE: 0.000134 (RMSE: 0.0116) 
2026-09-13 16:47:30,057 - INFO - Epoch [ 600/2000] LR: 0.000081 | Train Loss: 0.001607 (Data: 0.00160, Mono: 0.00002) | Val MSE: 0.000140 (RMSE: 0.0118) 
2026-09-13 16:47:30,648 - INFO - Epoch [ 610/2000] LR: 0.000080 | Train Loss: 0.001545 (Data: 0.00154, Mono: 0.00002) | Val MSE: 0.000133 (RMSE: 0.0115) 
2026-09-13 16:47:31,231 - INFO - Epoch [ 620/2000] LR: 0.000080 | Train Loss: 0.001555 (Data: 0.00155, Mono: 0.00002) | Val MSE: 0.000153 (RMSE: 0.0124) 
2026-09-13 16:47:31,816 - INFO - Epoch [ 630/2000] LR: 0.000079 | Train Loss: 0.001529 (Data: 0.00152, Mono: 0.00002) | Val MSE: 0.000153 (RMSE: 0.0124) 
2026-09-13 16:47:32,397 - INFO - Epoch [ 640/2000] LR: 0.000078 | Train Loss: 0.001582 (Data: 0.00157, Mono: 0.00002) | Val MSE: 0.000161 (RMSE: 0.0127) 
2026-09-13 16:47:32,985 - INFO - Epoch [ 650/2000] LR: 0.000078 | Train Loss: 0.001539 (Data: 0.00153, Mono: 0.00002) | Val MSE: 0.000136 (RMSE: 0.0116) 
2026-09-13 16:47:33,579 - INFO - Epoch [ 660/2000] LR: 0.000077 | Train Loss: 0.001461 (Data: 0.00145, Mono: 0.00002) | Val MSE: 0.000146 (RMSE: 0.0121) 
2026-09-13 16:47:34,169 - INFO - Epoch [ 670/2000] LR: 0.000077 | Train Loss: 0.001540 (Data: 0.00153, Mono: 0.00002) | Val MSE: 0.000141 (RMSE: 0.0119) 
2026-09-13 16:47:34,770 - INFO - Epoch [ 680/2000] LR: 0.000076 | Train Loss: 0.001472 (Data: 0.00147, Mono: 0.00002) | Val MSE: 0.000146 (RMSE: 0.0121) 
2026-09-13 16:47:35,366 - INFO - Epoch [ 690/2000] LR: 0.000075 | Train Loss: 0.001475 (Data: 0.00147, Mono: 0.00002) | Val MSE: 0.000143 (RMSE: 0.0119) 
2026-09-13 16:47:35,954 - INFO - Epoch [ 700/2000] LR: 0.000074 | Train Loss: 0.001394 (Data: 0.00139, Mono: 0.00002) | Val MSE: 0.000148 (RMSE: 0.0122) 
2026-09-13 16:47:36,531 - INFO - Epoch [ 710/2000] LR: 0.000074 | Train Loss: 0.001434 (Data: 0.00143, Mono: 0.00002) | Val MSE: 0.000144 (RMSE: 0.0120) 
2026-09-13 16:47:37,129 - INFO - Epoch [ 720/2000] LR: 0.000073 | Train Loss: 0.001362 (Data: 0.00136, Mono: 0.00002) | Val MSE: 0.000140 (RMSE: 0.0118) 
2026-09-13 16:47:37,718 - INFO - Epoch [ 730/2000] LR: 0.000072 | Train Loss: 0.001400 (Data: 0.00139, Mono: 0.00002) | Val MSE: 0.000141 (RMSE: 0.0119) 
2026-09-13 16:47:38,299 - INFO - Epoch [ 740/2000] LR: 0.000072 | Train Loss: 0.001333 (Data: 0.00133, Mono: 0.00002) | Val MSE: 0.000157 (RMSE: 0.0125) 
2026-09-13 16:47:38,881 - INFO - Epoch [ 750/2000] LR: 0.000071 | Train Loss: 0.001374 (Data: 0.00137, Mono: 0.00002) | Val MSE: 0.000142 (RMSE: 0.0119) 
2026-09-13 16:47:39,464 - INFO - Epoch [ 760/2000] LR: 0.000070 | Train Loss: 0.001450 (Data: 0.00144, Mono: 0.00002) | Val MSE: 0.000162 (RMSE: 0.0127) 
2026-09-13 16:47:40,050 - INFO - Epoch [ 770/2000] LR: 0.000070 | Train Loss: 0.001327 (Data: 0.00132, Mono: 0.00002) | Val MSE: 0.000148 (RMSE: 0.0122) 
2026-09-13 16:47:40,665 - INFO - Epoch [ 780/2000] LR: 0.000069 | Train Loss: 0.001278 (Data: 0.00127, Mono: 0.00002) | Val MSE: 0.000146 (RMSE: 0.0121) 
2026-09-13 16:47:41,264 - INFO - Epoch [ 790/2000] LR: 0.000068 | Train Loss: 0.001326 (Data: 0.00132, Mono: 0.00002) | Val MSE: 0.000152 (RMSE: 0.0123) 
2026-09-13 16:47:41,867 - INFO - Epoch [ 800/2000] LR: 0.000067 | Train Loss: 0.001283 (Data: 0.00128, Mono: 0.00002) | Val MSE: 0.000151 (RMSE: 0.0123) 
2026-09-13 16:47:42,492 - INFO - Epoch [ 810/2000] LR: 0.000067 | Train Loss: 0.001312 (Data: 0.00131, Mono: 0.00001) | Val MSE: 0.000148 (RMSE: 0.0122) 
2026-09-13 16:47:43,080 - INFO - Epoch [ 820/2000] LR: 0.000066 | Train Loss: 0.001246 (Data: 0.00124, Mono: 0.00001) | Val MSE: 0.000146 (RMSE: 0.0121) 
2026-09-13 16:47:43,672 - INFO - Epoch [ 830/2000] LR: 0.000065 | Train Loss: 0.001213 (Data: 0.00121, Mono: 0.00001) | Val MSE: 0.000145 (RMSE: 0.0120) 
2026-09-13 16:47:44,259 - INFO - Epoch [ 840/2000] LR: 0.000064 | Train Loss: 0.001300 (Data: 0.00129, Mono: 0.00002) | Val MSE: 0.000158 (RMSE: 0.0126) 
2026-09-13 16:47:44,845 - INFO - Epoch [ 850/2000] LR: 0.000064 | Train Loss: 0.001257 (Data: 0.00125, Mono: 0.00002) | Val MSE: 0.000155 (RMSE: 0.0125) 
2026-09-13 16:47:45,421 - INFO - Epoch [ 860/2000] LR: 0.000063 | Train Loss: 0.001306 (Data: 0.00130, Mono: 0.00002) | Val MSE: 0.000158 (RMSE: 0.0126) 
2026-09-13 16:47:45,997 - INFO - Epoch [ 870/2000] LR: 0.000062 | Train Loss: 0.001233 (Data: 0.00123, Mono: 0.00001) | Val MSE: 0.000150 (RMSE: 0.0123) 
2026-09-13 16:47:46,579 - INFO - Epoch [ 880/2000] LR: 0.000061 | Train Loss: 0.001242 (Data: 0.00124, Mono: 0.00001) | Val MSE: 0.000151 (RMSE: 0.0123) 
2026-09-13 16:47:47,186 - INFO - Epoch [ 890/2000] LR: 0.000061 | Train Loss: 0.001243 (Data: 0.00124, Mono: 0.00001) | Val MSE: 0.000146 (RMSE: 0.0121) 
2026-09-13 16:47:47,785 - INFO - Epoch [ 900/2000] LR: 0.000060 | Train Loss: 0.001259 (Data: 0.00125, Mono: 0.00001) | Val MSE: 0.000149 (RMSE: 0.0122) 
2026-09-13 16:47:48,377 - INFO - Epoch [ 910/2000] LR: 0.000059 | Train Loss: 0.001208 (Data: 0.00120, Mono: 0.00001) | Val MSE: 0.000148 (RMSE: 0.0122) 
2026-09-13 16:47:48,962 - INFO - Epoch [ 920/2000] LR: 0.000058 | Train Loss: 0.001178 (Data: 0.00117, Mono: 0.00001) | Val MSE: 0.000154 (RMSE: 0.0124) 
2026-09-13 16:47:49,551 - INFO - Epoch [ 930/2000] LR: 0.000057 | Train Loss: 0.001226 (Data: 0.00122, Mono: 0.00001) | Val MSE: 0.000147 (RMSE: 0.0121) 
2026-09-13 16:47:50,144 - INFO - Epoch [ 940/2000] LR: 0.000057 | Train Loss: 0.001217 (Data: 0.00121, Mono: 0.00001) | Val MSE: 0.000146 (RMSE: 0.0121) 
2026-09-13 16:47:50,739 - INFO - Epoch [ 950/2000] LR: 0.000056 | Train Loss: 0.001161 (Data: 0.00116, Mono: 0.00001) | Val MSE: 0.000163 (RMSE: 0.0128) 
2026-09-13 16:47:51,333 - INFO - Epoch [ 960/2000] LR: 0.000055 | Train Loss: 0.001179 (Data: 0.00117, Mono: 0.00001) | Val MSE: 0.000154 (RMSE: 0.0124) 
2026-09-13 16:47:51,927 - INFO - Epoch [ 970/2000] LR: 0.000054 | Train Loss: 0.001188 (Data: 0.00118, Mono: 0.00002) | Val MSE: 0.000151 (RMSE: 0.0123) 
2026-09-13 16:47:52,523 - INFO - Epoch [ 980/2000] LR: 0.000054 | Train Loss: 0.001159 (Data: 0.00115, Mono: 0.00001) | Val MSE: 0.000150 (RMSE: 0.0123) 
2026-09-13 16:47:53,110 - INFO - Epoch [ 990/2000] LR: 0.000053 | Train Loss: 0.001126 (Data: 0.00112, Mono: 0.00001) | Val MSE: 0.000145 (RMSE: 0.0121) 
2026-09-13 16:47:53,697 - INFO - Epoch [1000/2000] LR: 0.000052 | Train Loss: 0.001179 (Data: 0.00117, Mono: 0.00001) | Val MSE: 0.000148 (RMSE: 0.0122) 
2026-09-13 16:47:54,290 - INFO - Epoch [1010/2000] LR: 0.000051 | Train Loss: 0.001138 (Data: 0.00113, Mono: 0.00001) | Val MSE: 0.000147 (RMSE: 0.0121) 
2026-09-13 16:47:54,897 - INFO - Epoch [1020/2000] LR: 0.000050 | Train Loss: 0.001149 (Data: 0.00114, Mono: 0.00001) | Val MSE: 0.000152 (RMSE: 0.0123) 
2026-09-13 16:47:55,496 - INFO - Epoch [1030/2000] LR: 0.000050 | Train Loss: 0.001172 (Data: 0.00117, Mono: 0.00002) | Val MSE: 0.000148 (RMSE: 0.0122) 
2026-09-13 16:47:56,094 - INFO - Epoch [1040/2000] LR: 0.000049 | Train Loss: 0.001154 (Data: 0.00115, Mono: 0.00001) | Val MSE: 0.000158 (RMSE: 0.0126) 
2026-09-13 16:47:56,689 - INFO - Epoch [1050/2000] LR: 0.000048 | Train Loss: 0.001109 (Data: 0.00110, Mono: 0.00001) | Val MSE: 0.000152 (RMSE: 0.0123) 
2026-09-13 16:47:57,327 - INFO - Epoch [1060/2000] LR: 0.000047 | Train Loss: 0.001109 (Data: 0.00110, Mono: 0.00001) | Val MSE: 0.000146 (RMSE: 0.0121) 
2026-09-13 16:47:57,935 - INFO - Epoch [1070/2000] LR: 0.000046 | Train Loss: 0.001125 (Data: 0.00112, Mono: 0.00001) | Val MSE: 0.000149 (RMSE: 0.0122) 
2026-09-13 16:47:58,536 - INFO - Epoch [1080/2000] LR: 0.000046 | Train Loss: 0.001142 (Data: 0.00114, Mono: 0.00001) | Val MSE: 0.000146 (RMSE: 0.0121) 
2026-09-13 16:47:59,157 - INFO - Epoch [1090/2000] LR: 0.000045 | Train Loss: 0.001080 (Data: 0.00107, Mono: 0.00001) | Val MSE: 0.000167 (RMSE: 0.0129) 
2026-09-13 16:47:59,752 - INFO - Epoch [1100/2000] LR: 0.000044 | Train Loss: 0.001121 (Data: 0.00112, Mono: 0.00001) | Val MSE: 0.000149 (RMSE: 0.0122) 
2026-09-13 16:48:00,362 - INFO - Epoch [1110/2000] LR: 0.000043 | Train Loss: 0.001148 (Data: 0.00114, Mono: 0.00001) | Val MSE: 0.000147 (RMSE: 0.0121) 
2026-09-13 16:48:00,978 - INFO - Epoch [1120/2000] LR: 0.000043 | Train Loss: 0.001091 (Data: 0.00108, Mono: 0.00001) | Val MSE: 0.000144 (RMSE: 0.0120) 
2026-09-13 16:48:01,587 - INFO - Epoch [1130/2000] LR: 0.000042 | Train Loss: 0.001080 (Data: 0.00107, Mono: 0.00001) | Val MSE: 0.000146 (RMSE: 0.0121) 
2026-09-13 16:48:02,213 - INFO - Epoch [1140/2000] LR: 0.000041 | Train Loss: 0.001055 (Data: 0.00105, Mono: 0.00001) | Val MSE: 0.000145 (RMSE: 0.0121) 
2026-09-13 16:48:02,945 - INFO - Epoch [1150/2000] LR: 0.000040 | Train Loss: 0.001085 (Data: 0.00108, Mono: 0.00001) | Val MSE: 0.000150 (RMSE: 0.0122) 
2026-09-13 16:48:03,699 - INFO - Epoch [1160/2000] LR: 0.000040 | Train Loss: 0.001107 (Data: 0.00110, Mono: 0.00001) | Val MSE: 0.000147 (RMSE: 0.0121) 
2026-09-13 16:48:04,442 - INFO - Epoch [1170/2000] LR: 0.000039 | Train Loss: 0.001091 (Data: 0.00109, Mono: 0.00001) | Val MSE: 0.000149 (RMSE: 0.0122) 
2026-09-13 16:48:05,198 - INFO - Epoch [1180/2000] LR: 0.000038 | Train Loss: 0.001019 (Data: 0.00101, Mono: 0.00001) | Val MSE: 0.000149 (RMSE: 0.0122) 
2026-09-13 16:48:05,936 - INFO - Epoch [1190/2000] LR: 0.000037 | Train Loss: 0.001092 (Data: 0.00109, Mono: 0.00001) | Val MSE: 0.000145 (RMSE: 0.0120) 
2026-09-13 16:48:06,682 - INFO - Epoch [1200/2000] LR: 0.000036 | Train Loss: 0.001029 (Data: 0.00102, Mono: 0.00001) | Val MSE: 0.000144 (RMSE: 0.0120) 
2026-09-13 16:48:07,423 - INFO - Epoch [1210/2000] LR: 0.000036 | Train Loss: 0.001059 (Data: 0.00105, Mono: 0.00001) | Val MSE: 0.000150 (RMSE: 0.0123) 
2026-09-13 16:48:08,178 - INFO - Epoch [1220/2000] LR: 0.000035 | Train Loss: 0.001077 (Data: 0.00107, Mono: 0.00001) | Val MSE: 0.000144 (RMSE: 0.0120) 
2026-09-13 16:48:08,928 - INFO - Epoch [1230/2000] LR: 0.000034 | Train Loss: 0.001097 (Data: 0.00109, Mono: 0.00001) | Val MSE: 0.000142 (RMSE: 0.0119) 
2026-09-13 16:48:09,660 - INFO - Epoch [1240/2000] LR: 0.000034 | Train Loss: 0.001042 (Data: 0.00104, Mono: 0.00001) | Val MSE: 0.000147 (RMSE: 0.0121) 
2026-09-13 16:48:10,394 - INFO - Epoch [1250/2000] LR: 0.000033 | Train Loss: 0.001068 (Data: 0.00106, Mono: 0.00001) | Val MSE: 0.000144 (RMSE: 0.0120) 
2026-09-13 16:48:11,144 - INFO - Epoch [1260/2000] LR: 0.000032 | Train Loss: 0.001025 (Data: 0.00102, Mono: 0.00002) | Val MSE: 0.000149 (RMSE: 0.0122) 
2026-09-13 16:48:11,911 - INFO - Epoch [1270/2000] LR: 0.000031 | Train Loss: 0.001104 (Data: 0.00110, Mono: 0.00001) | Val MSE: 0.000148 (RMSE: 0.0121) 
2026-09-13 16:48:12,662 - INFO - Epoch [1280/2000] LR: 0.000031 | Train Loss: 0.000997 (Data: 0.00099, Mono: 0.00001) | Val MSE: 0.000147 (RMSE: 0.0121) 
2026-09-13 16:48:13,464 - INFO - Epoch [1290/2000] LR: 0.000030 | Train Loss: 0.001067 (Data: 0.00106, Mono: 0.00001) | Val MSE: 0.000145 (RMSE: 0.0120) 
2026-09-13 16:48:14,225 - INFO - Epoch [1300/2000] LR: 0.000029 | Train Loss: 0.001027 (Data: 0.00102, Mono: 0.00001) | Val MSE: 0.000150 (RMSE: 0.0122) 
2026-09-13 16:48:14,930 - INFO - Epoch [1310/2000] LR: 0.000028 | Train Loss: 0.001035 (Data: 0.00103, Mono: 0.00001) | Val MSE: 0.000146 (RMSE: 0.0121) 
2026-09-13 16:48:15,512 - INFO - Epoch [1320/2000] LR: 0.000028 | Train Loss: 0.001014 (Data: 0.00101, Mono: 0.00001) | Val MSE: 0.000141 (RMSE: 0.0119) 
2026-09-13 16:48:16,100 - INFO - Epoch [1330/2000] LR: 0.000027 | Train Loss: 0.001030 (Data: 0.00102, Mono: 0.00001) | Val MSE: 0.000144 (RMSE: 0.0120) 
2026-09-13 16:48:16,682 - INFO - Epoch [1340/2000] LR: 0.000026 | Train Loss: 0.001018 (Data: 0.00101, Mono: 0.00001) | Val MSE: 0.000139 (RMSE: 0.0118) 
2026-09-13 16:48:17,279 - INFO - Epoch [1350/2000] LR: 0.000026 | Train Loss: 0.001036 (Data: 0.00103, Mono: 0.00001) | Val MSE: 0.000148 (RMSE: 0.0122) 
2026-09-13 16:48:17,870 - INFO - Epoch [1360/2000] LR: 0.000025 | Train Loss: 0.001075 (Data: 0.00107, Mono: 0.00001) | Val MSE: 0.000142 (RMSE: 0.0119) 
2026-09-13 16:48:18,459 - INFO - Epoch [1370/2000] LR: 0.000024 | Train Loss: 0.001007 (Data: 0.00100, Mono: 0.00001) | Val MSE: 0.000143 (RMSE: 0.0120) 
2026-09-13 16:48:19,052 - INFO - Epoch [1380/2000] LR: 0.000024 | Train Loss: 0.001041 (Data: 0.00104, Mono: 0.00001) | Val MSE: 0.000140 (RMSE: 0.0118) 
2026-09-13 16:48:19,660 - INFO - Epoch [1390/2000] LR: 0.000023 | Train Loss: 0.001034 (Data: 0.00103, Mono: 0.00001) | Val MSE: 0.000141 (RMSE: 0.0119) 
2026-09-13 16:48:20,279 - INFO - Epoch [1400/2000] LR: 0.000022 | Train Loss: 0.001023 (Data: 0.00102, Mono: 0.00001) | Val MSE: 0.000146 (RMSE: 0.0121) 
2026-09-13 16:48:20,883 - INFO - Epoch [1410/2000] LR: 0.000022 | Train Loss: 0.001034 (Data: 0.00103, Mono: 0.00001) | Val MSE: 0.000140 (RMSE: 0.0118) 
2026-09-13 16:48:21,527 - INFO - Epoch [1420/2000] LR: 0.000021 | Train Loss: 0.001045 (Data: 0.00104, Mono: 0.00001) | Val MSE: 0.000146 (RMSE: 0.0121) 
2026-09-13 16:48:22,169 - INFO - Epoch [1430/2000] LR: 0.000021 | Train Loss: 0.001031 (Data: 0.00103, Mono: 0.00001) | Val MSE: 0.000145 (RMSE: 0.0120) 
2026-09-13 16:48:22,764 - INFO - Epoch [1440/2000] LR: 0.000020 | Train Loss: 0.001025 (Data: 0.00102, Mono: 0.00001) | Val MSE: 0.000141 (RMSE: 0.0119) 
2026-09-13 16:48:23,391 - INFO - Epoch [1450/2000] LR: 0.000019 | Train Loss: 0.001021 (Data: 0.00102, Mono: 0.00001) | Val MSE: 0.000142 (RMSE: 0.0119) 
2026-09-13 16:48:24,009 - INFO - Epoch [1460/2000] LR: 0.000019 | Train Loss: 0.001021 (Data: 0.00102, Mono: 0.00001) | Val MSE: 0.000136 (RMSE: 0.0117) 
2026-09-13 16:48:24,655 - INFO - Epoch [1470/2000] LR: 0.000018 | Train Loss: 0.000974 (Data: 0.00097, Mono: 0.00001) | Val MSE: 0.000137 (RMSE: 0.0117) 
2026-09-13 16:48:25,303 - INFO - Epoch [1480/2000] LR: 0.000018 | Train Loss: 0.000982 (Data: 0.00098, Mono: 0.00001) | Val MSE: 0.000140 (RMSE: 0.0118) 
2026-09-13 16:48:25,917 - INFO - Epoch [1490/2000] LR: 0.000017 | Train Loss: 0.000974 (Data: 0.00097, Mono: 0.00001) | Val MSE: 0.000136 (RMSE: 0.0116) 
2026-09-13 16:48:26,525 - INFO - Epoch [1500/2000] LR: 0.000016 | Train Loss: 0.001017 (Data: 0.00101, Mono: 0.00001) | Val MSE: 0.000142 (RMSE: 0.0119) 
2026-09-13 16:48:27,133 - INFO - Epoch [1510/2000] LR: 0.000016 | Train Loss: 0.001005 (Data: 0.00100, Mono: 0.00001) | Val MSE: 0.000140 (RMSE: 0.0118) 
2026-09-13 16:48:27,811 - INFO - Epoch [1520/2000] LR: 0.000015 | Train Loss: 0.001004 (Data: 0.00100, Mono: 0.00001) | Val MSE: 0.000136 (RMSE: 0.0117) 
2026-09-13 16:48:28,508 - INFO - Epoch [1530/2000] LR: 0.000015 | Train Loss: 0.000990 (Data: 0.00098, Mono: 0.00001) | Val MSE: 0.000136 (RMSE: 0.0117) 
2026-09-13 16:48:29,212 - INFO - Epoch [1540/2000] LR: 0.000014 | Train Loss: 0.001044 (Data: 0.00104, Mono: 0.00001) | Val MSE: 0.000138 (RMSE: 0.0117) 
2026-09-13 16:48:29,892 - INFO - Epoch [1550/2000] LR: 0.000014 | Train Loss: 0.001037 (Data: 0.00103, Mono: 0.00001) | Val MSE: 0.000136 (RMSE: 0.0116) 
2026-09-13 16:48:30,600 - INFO - Epoch [1560/2000] LR: 0.000013 | Train Loss: 0.000986 (Data: 0.00098, Mono: 0.00001) | Val MSE: 0.000135 (RMSE: 0.0116) 
2026-09-13 16:48:31,308 - INFO - Epoch [1570/2000] LR: 0.000013 | Train Loss: 0.001038 (Data: 0.00103, Mono: 0.00001) | Val MSE: 0.000135 (RMSE: 0.0116) 
2026-09-13 16:48:32,029 - INFO - Epoch [1580/2000] LR: 0.000012 | Train Loss: 0.000997 (Data: 0.00099, Mono: 0.00001) | Val MSE: 0.000136 (RMSE: 0.0117) 
2026-09-13 16:48:32,859 - INFO - Epoch [1590/2000] LR: 0.000012 | Train Loss: 0.000989 (Data: 0.00098, Mono: 0.00001) | Val MSE: 0.000138 (RMSE: 0.0118) 
2026-09-13 16:48:33,548 - INFO - Epoch [1600/2000] LR: 0.000011 | Train Loss: 0.000979 (Data: 0.00097, Mono: 0.00001) | Val MSE: 0.000141 (RMSE: 0.0119) 
2026-09-13 16:48:34,355 - INFO - Epoch [1610/2000] LR: 0.000011 | Train Loss: 0.000977 (Data: 0.00097, Mono: 0.00001) | Val MSE: 0.000137 (RMSE: 0.0117) 
2026-09-13 16:48:35,036 - INFO - Epoch [1620/2000] LR: 0.000010 | Train Loss: 0.001003 (Data: 0.00100, Mono: 0.00001) | Val MSE: 0.000134 (RMSE: 0.0116) 
2026-09-13 16:48:35,700 - INFO - Epoch [1630/2000] LR: 0.000010 | Train Loss: 0.001000 (Data: 0.00100, Mono: 0.00001) | Val MSE: 0.000137 (RMSE: 0.0117) 
2026-09-13 16:48:36,370 - INFO - Epoch [1640/2000] LR: 0.000009 | Train Loss: 0.001002 (Data: 0.00100, Mono: 0.00001) | Val MSE: 0.000137 (RMSE: 0.0117) 
2026-09-13 16:48:37,064 - INFO - Epoch [1650/2000] LR: 0.000009 | Train Loss: 0.000997 (Data: 0.00099, Mono: 0.00001) | Val MSE: 0.000133 (RMSE: 0.0115) 
2026-09-13 16:48:37,732 - INFO - Epoch [1660/2000] LR: 0.000009 | Train Loss: 0.000992 (Data: 0.00099, Mono: 0.00001) | Val MSE: 0.000133 (RMSE: 0.0115) 
2026-09-13 16:48:38,728 - INFO - Epoch [1670/2000] LR: 0.000008 | Train Loss: 0.000945 (Data: 0.00094, Mono: 0.00001) | Val MSE: 0.000134 (RMSE: 0.0116) 
2026-09-13 16:48:39,537 - INFO - Epoch [1680/2000] LR: 0.000008 | Train Loss: 0.001007 (Data: 0.00100, Mono: 0.00001) | Val MSE: 0.000137 (RMSE: 0.0117) 
2026-09-13 16:48:40,197 - INFO - Epoch [1690/2000] LR: 0.000007 | Train Loss: 0.000962 (Data: 0.00096, Mono: 0.00001) | Val MSE: 0.000137 (RMSE: 0.0117) 
2026-09-13 16:48:41,063 - INFO - Epoch [1700/2000] LR: 0.000007 | Train Loss: 0.001001 (Data: 0.00100, Mono: 0.00001) | Val MSE: 0.000135 (RMSE: 0.0116) 
2026-09-13 16:48:42,186 - INFO - Epoch [1710/2000] LR: 0.000007 | Train Loss: 0.001006 (Data: 0.00100, Mono: 0.00001) | Val MSE: 0.000135 (RMSE: 0.0116) 
2026-09-13 16:48:42,847 - INFO - Epoch [1720/2000] LR: 0.000006 | Train Loss: 0.000956 (Data: 0.00095, Mono: 0.00001) | Val MSE: 0.000135 (RMSE: 0.0116) 
2026-09-13 16:48:43,552 - INFO - Epoch [1730/2000] LR: 0.000006 | Train Loss: 0.000990 (Data: 0.00098, Mono: 0.00001) | Val MSE: 0.000135 (RMSE: 0.0116) 
2026-09-13 16:48:44,238 - INFO - Epoch [1740/2000] LR: 0.000006 | Train Loss: 0.000978 (Data: 0.00097, Mono: 0.00001) | Val MSE: 0.000135 (RMSE: 0.0116) 
2026-09-13 16:48:44,958 - INFO - Epoch [1750/2000] LR: 0.000005 | Train Loss: 0.000973 (Data: 0.00097, Mono: 0.00001) | Val MSE: 0.000134 (RMSE: 0.0116) 
2026-09-13 16:48:45,632 - INFO - Epoch [1760/2000] LR: 0.000005 | Train Loss: 0.001002 (Data: 0.00100, Mono: 0.00001) | Val MSE: 0.000135 (RMSE: 0.0116) 
2026-09-13 16:48:46,324 - INFO - Epoch [1770/2000] LR: 0.000005 | Train Loss: 0.000988 (Data: 0.00098, Mono: 0.00001) | Val MSE: 0.000133 (RMSE: 0.0115) 
2026-09-13 16:48:47,126 - INFO - Epoch [1780/2000] LR: 0.000005 | Train Loss: 0.000983 (Data: 0.00098, Mono: 0.00001) | Val MSE: 0.000134 (RMSE: 0.0116) 
2026-09-13 16:48:47,860 - INFO - Epoch [1790/2000] LR: 0.000004 | Train Loss: 0.000968 (Data: 0.00096, Mono: 0.00001) | Val MSE: 0.000134 (RMSE: 0.0116) 
2026-09-13 16:48:48,556 - INFO - Epoch [1800/2000] LR: 0.000004 | Train Loss: 0.000959 (Data: 0.00095, Mono: 0.00001) | Val MSE: 0.000135 (RMSE: 0.0116) 
2026-09-13 16:48:49,284 - INFO - Epoch [1810/2000] LR: 0.000004 | Train Loss: 0.001037 (Data: 0.00103, Mono: 0.00001) | Val MSE: 0.000133 (RMSE: 0.0115) 
2026-09-13 16:48:49,995 - INFO - Epoch [1820/2000] LR: 0.000004 | Train Loss: 0.000946 (Data: 0.00094, Mono: 0.00001) | Val MSE: 0.000133 (RMSE: 0.0115) 
2026-09-13 16:48:50,680 - INFO - Epoch [1830/2000] LR: 0.000003 | Train Loss: 0.000949 (Data: 0.00094, Mono: 0.00001) | Val MSE: 0.000134 (RMSE: 0.0116) 
2026-09-13 16:48:51,425 - INFO - Epoch [1840/2000] LR: 0.000003 | Train Loss: 0.000973 (Data: 0.00097, Mono: 0.00001) | Val MSE: 0.000133 (RMSE: 0.0115) 
2026-09-13 16:48:52,169 - INFO - Epoch [1850/2000] LR: 0.000003 | Train Loss: 0.000997 (Data: 0.00099, Mono: 0.00001) | Val MSE: 0.000133 (RMSE: 0.0115) 
2026-09-13 16:48:52,923 - INFO - Epoch [1860/2000] LR: 0.000003 | Train Loss: 0.000963 (Data: 0.00096, Mono: 0.00001) | Val MSE: 0.000135 (RMSE: 0.0116) 
2026-09-13 16:48:53,716 - INFO - Epoch [1870/2000] LR: 0.000003 | Train Loss: 0.000987 (Data: 0.00098, Mono: 0.00001) | Val MSE: 0.000133 (RMSE: 0.0115) 
2026-09-13 16:48:54,507 - INFO - Epoch [1880/2000] LR: 0.000002 | Train Loss: 0.000973 (Data: 0.00097, Mono: 0.00001) | Val MSE: 0.000134 (RMSE: 0.0116) 
2026-09-13 16:48:55,244 - INFO - Epoch [1890/2000] LR: 0.000002 | Train Loss: 0.000977 (Data: 0.00097, Mono: 0.00001) | Val MSE: 0.000133 (RMSE: 0.0115) 
2026-09-13 16:48:55,955 - INFO - Epoch [1900/2000] LR: 0.000002 | Train Loss: 0.000966 (Data: 0.00096, Mono: 0.00001) | Val MSE: 0.000134 (RMSE: 0.0116) 
2026-09-13 16:48:56,596 - INFO - Epoch [1910/2000] LR: 0.000002 | Train Loss: 0.000926 (Data: 0.00092, Mono: 0.00001) | Val MSE: 0.000133 (RMSE: 0.0115) 
2026-09-13 16:48:57,253 - INFO - Epoch [1920/2000] LR: 0.000002 | Train Loss: 0.000967 (Data: 0.00096, Mono: 0.00001) | Val MSE: 0.000134 (RMSE: 0.0116) 
2026-09-13 16:48:57,883 - INFO - Epoch [1930/2000] LR: 0.000002 | Train Loss: 0.000968 (Data: 0.00096, Mono: 0.00001) | Val MSE: 0.000134 (RMSE: 0.0116) 
2026-09-13 16:48:58,487 - INFO - Epoch [1940/2000] LR: 0.000002 | Train Loss: 0.000979 (Data: 0.00097, Mono: 0.00001) | Val MSE: 0.000133 (RMSE: 0.0115) 
2026-09-13 16:48:59,092 - INFO - Epoch [1950/2000] LR: 0.000002 | Train Loss: 0.000952 (Data: 0.00095, Mono: 0.00001) | Val MSE: 0.000134 (RMSE: 0.0116) 
2026-09-13 16:48:59,705 - INFO - Epoch [1960/2000] LR: 0.000002 | Train Loss: 0.000957 (Data: 0.00095, Mono: 0.00001) | Val MSE: 0.000134 (RMSE: 0.0116) 
2026-09-13 16:49:00,322 - INFO - Epoch [1970/2000] LR: 0.000002 | Train Loss: 0.000950 (Data: 0.00094, Mono: 0.00001) | Val MSE: 0.000134 (RMSE: 0.0116) 
2026-09-13 16:49:00,939 - INFO - Epoch [1980/2000] LR: 0.000002 | Train Loss: 0.000957 (Data: 0.00095, Mono: 0.00001) | Val MSE: 0.000133 (RMSE: 0.0115) 
2026-09-13 16:49:01,546 - INFO - Epoch [1990/2000] LR: 0.000002 | Train Loss: 0.000964 (Data: 0.00096, Mono: 0.00001) | Val MSE: 0.000132 (RMSE: 0.0115) 
2026-09-13 16:49:02,194 - INFO - Epoch [2000/2000] LR: 0.000002 | Train Loss: 0.000989 (Data: 0.00098, Mono: 0.00001) | Val MSE: 0.000133 (RMSE: 0.0115) 
2026-09-13 16:49:02,194 - INFO - Training completed in 134.34s. Loading best checkpoint from epoch 158 for final test evaluation...
2026-09-13 16:49:02,220 - INFO - ==================================================
2026-09-13 16:49:02,220 - INFO - Test Results for [XJTU] - [3C] (Best Epoch 158):
2026-09-13 16:49:02,220 - INFO -   Test RMSE: 0.013487
2026-09-13 16:49:02,220 - INFO -   Test MAE:  0.011881
2026-09-13 16:49:02,220 - INFO -   Test MAPE: 1.246018
2026-09-13 16:49:02,220 - INFO -   Test MSE:  0.000182
2026-09-13 16:49:02,221 - INFO - ==================================================
2026-09-13 16:53:16,919 - INFO - ==================================================
2026-09-13 16:53:16,919 - INFO - Starting FusionMLP Training for [XJTU] - [3C]
2026-09-13 16:53:16,920 - INFO - Device: cuda | Epochs: 2000 | LR: 0.000100 | Mono Weight: 0.4000 | Knee Feature: True
2026-09-13 16:53:16,920 - INFO - ==================================================
2026-09-13 16:53:17,035 - INFO - Data Splits: Train=10, Val=2, Test=3
2026-09-13 16:53:17,122 - INFO - Epoch [   1/2000] LR: 0.006063 | Train Loss: 0.202689 (Data: 0.20266, Mono: 0.00007) | Val MSE: 0.042131 (RMSE: 0.2053) [BEST]
2026-09-13 16:53:17,181 - INFO - Epoch [   2/2000] LR: 0.005857 | Train Loss: 0.062569 (Data: 0.06253, Mono: 0.00009) | Val MSE: 0.023568 (RMSE: 0.1535) [BEST]
2026-09-13 16:53:17,242 - INFO - Epoch [   3/2000] LR: 0.005651 | Train Loss: 0.038292 (Data: 0.03826, Mono: 0.00008) | Val MSE: 0.011515 (RMSE: 0.1073) [BEST]
2026-09-13 16:53:17,320 - INFO - Epoch [   4/2000] LR: 0.005446 | Train Loss: 0.022414 (Data: 0.02239, Mono: 0.00006) | Val MSE: 0.004859 (RMSE: 0.0697) [BEST]
2026-09-13 16:53:17,388 - INFO - Epoch [   5/2000] LR: 0.005240 | Train Loss: 0.017174 (Data: 0.01715, Mono: 0.00006) | Val MSE: 0.001090 (RMSE: 0.0330) [BEST]
2026-09-13 16:53:17,450 - INFO - Epoch [   6/2000] LR: 0.005035 | Train Loss: 0.013575 (Data: 0.01355, Mono: 0.00005) | Val MSE: 0.000911 (RMSE: 0.0302) [BEST]
2026-09-13 16:53:17,518 - INFO - Epoch [   7/2000] LR: 0.004829 | Train Loss: 0.011110 (Data: 0.01109, Mono: 0.00005) | Val MSE: 0.000267 (RMSE: 0.0163) [BEST]
2026-09-13 16:53:17,700 - INFO - Epoch [  10/2000] LR: 0.004212 | Train Loss: 0.008728 (Data: 0.00871, Mono: 0.00005) | Val MSE: 0.000603 (RMSE: 0.0246) 
2026-09-13 16:53:17,762 - INFO - Epoch [  11/2000] LR: 0.004007 | Train Loss: 0.008072 (Data: 0.00805, Mono: 0.00004) | Val MSE: 0.000159 (RMSE: 0.0126) [BEST]
2026-09-13 16:53:17,897 - INFO - Epoch [  13/2000] LR: 0.003595 | Train Loss: 0.007615 (Data: 0.00760, Mono: 0.00004) | Val MSE: 0.000135 (RMSE: 0.0116) [BEST]
2026-09-13 16:53:17,962 - INFO - Epoch [  14/2000] LR: 0.003390 | Train Loss: 0.006796 (Data: 0.00678, Mono: 0.00004) | Val MSE: 0.000106 (RMSE: 0.0103) [BEST]
2026-09-13 16:53:18,026 - INFO - Epoch [  15/2000] LR: 0.003184 | Train Loss: 0.006443 (Data: 0.00643, Mono: 0.00004) | Val MSE: 0.000103 (RMSE: 0.0102) [BEST]
2026-09-13 16:53:18,337 - INFO - Epoch [  20/2000] LR: 0.002156 | Train Loss: 0.005722 (Data: 0.00571, Mono: 0.00003) | Val MSE: 0.000147 (RMSE: 0.0121) 
2026-09-13 16:53:18,819 - INFO - Epoch [  28/2000] LR: 0.000511 | Train Loss: 0.005032 (Data: 0.00502, Mono: 0.00004) | Val MSE: 0.000088 (RMSE: 0.0094) [BEST]
2026-09-13 16:53:18,947 - INFO - Epoch [  30/2000] LR: 0.000100 | Train Loss: 0.004914 (Data: 0.00490, Mono: 0.00003) | Val MSE: 0.000107 (RMSE: 0.0103) 
2026-09-13 16:53:19,069 - INFO - Epoch [  32/2000] LR: 0.000100 | Train Loss: 0.004843 (Data: 0.00483, Mono: 0.00003) | Val MSE: 0.000087 (RMSE: 0.0093) [BEST]
2026-09-13 16:53:19,495 - INFO - Epoch [  39/2000] LR: 0.000100 | Train Loss: 0.004812 (Data: 0.00480, Mono: 0.00003) | Val MSE: 0.000087 (RMSE: 0.0093) [BEST]
2026-09-13 16:53:19,558 - INFO - Epoch [  40/2000] LR: 0.000100 | Train Loss: 0.004724 (Data: 0.00471, Mono: 0.00003) | Val MSE: 0.000093 (RMSE: 0.0097) 
2026-09-13 16:53:19,740 - INFO - Epoch [  43/2000] LR: 0.000100 | Train Loss: 0.005040 (Data: 0.00503, Mono: 0.00003) | Val MSE: 0.000087 (RMSE: 0.0093) [BEST]
2026-09-13 16:53:20,251 - INFO - Epoch [  50/2000] LR: 0.000100 | Train Loss: 0.004875 (Data: 0.00486, Mono: 0.00003) | Val MSE: 0.000089 (RMSE: 0.0094) 
2026-09-13 16:53:20,643 - INFO - Epoch [  56/2000] LR: 0.000100 | Train Loss: 0.004682 (Data: 0.00467, Mono: 0.00004) | Val MSE: 0.000087 (RMSE: 0.0093) [BEST]
2026-09-13 16:53:20,886 - INFO - Epoch [  60/2000] LR: 0.000100 | Train Loss: 0.004646 (Data: 0.00463, Mono: 0.00003) | Val MSE: 0.000095 (RMSE: 0.0097) 
2026-09-13 16:53:21,381 - INFO - Epoch [  68/2000] LR: 0.000100 | Train Loss: 0.004516 (Data: 0.00450, Mono: 0.00003) | Val MSE: 0.000086 (RMSE: 0.0093) [BEST]
2026-09-13 16:53:21,503 - INFO - Epoch [  70/2000] LR: 0.000100 | Train Loss: 0.004499 (Data: 0.00449, Mono: 0.00003) | Val MSE: 0.000086 (RMSE: 0.0093) 
2026-09-13 16:53:22,184 - INFO - Epoch [  80/2000] LR: 0.000100 | Train Loss: 0.004547 (Data: 0.00453, Mono: 0.00003) | Val MSE: 0.000100 (RMSE: 0.0100) 
2026-09-13 16:53:22,325 - INFO - Epoch [  82/2000] LR: 0.000100 | Train Loss: 0.004473 (Data: 0.00446, Mono: 0.00003) | Val MSE: 0.000085 (RMSE: 0.0092) [BEST]
2026-09-13 16:53:22,802 - INFO - Epoch [  90/2000] LR: 0.000100 | Train Loss: 0.004556 (Data: 0.00454, Mono: 0.00003) | Val MSE: 0.000086 (RMSE: 0.0093) 
2026-09-13 16:53:23,102 - INFO - Epoch [  95/2000] LR: 0.000100 | Train Loss: 0.004242 (Data: 0.00423, Mono: 0.00003) | Val MSE: 0.000085 (RMSE: 0.0092) [BEST]
2026-09-13 16:53:23,401 - INFO - Epoch [ 100/2000] LR: 0.000100 | Train Loss: 0.004274 (Data: 0.00426, Mono: 0.00003) | Val MSE: 0.000087 (RMSE: 0.0093) 
2026-09-13 16:53:23,956 - INFO - Epoch [ 109/2000] LR: 0.000100 | Train Loss: 0.004323 (Data: 0.00431, Mono: 0.00003) | Val MSE: 0.000085 (RMSE: 0.0092) [BEST]
2026-09-13 16:53:24,022 - INFO - Epoch [ 110/2000] LR: 0.000100 | Train Loss: 0.004234 (Data: 0.00422, Mono: 0.00003) | Val MSE: 0.000085 (RMSE: 0.0092) [BEST]
2026-09-13 16:53:24,626 - INFO - Epoch [ 120/2000] LR: 0.000099 | Train Loss: 0.004052 (Data: 0.00404, Mono: 0.00003) | Val MSE: 0.000095 (RMSE: 0.0097) 
2026-09-13 16:53:25,264 - INFO - Epoch [ 130/2000] LR: 0.000099 | Train Loss: 0.004138 (Data: 0.00413, Mono: 0.00003) | Val MSE: 0.000087 (RMSE: 0.0093) 
2026-09-13 16:53:25,876 - INFO - Epoch [ 140/2000] LR: 0.000099 | Train Loss: 0.004047 (Data: 0.00403, Mono: 0.00003) | Val MSE: 0.000085 (RMSE: 0.0092) 
2026-09-13 16:53:26,484 - INFO - Epoch [ 150/2000] LR: 0.000099 | Train Loss: 0.003946 (Data: 0.00393, Mono: 0.00003) | Val MSE: 0.000087 (RMSE: 0.0093) 
2026-09-13 16:53:27,169 - INFO - Epoch [ 160/2000] LR: 0.000099 | Train Loss: 0.003935 (Data: 0.00392, Mono: 0.00003) | Val MSE: 0.000087 (RMSE: 0.0093) 
2026-09-13 16:53:27,862 - INFO - Epoch [ 170/2000] LR: 0.000099 | Train Loss: 0.003756 (Data: 0.00374, Mono: 0.00003) | Val MSE: 0.000090 (RMSE: 0.0095) 
2026-09-13 16:53:28,526 - INFO - Epoch [ 180/2000] LR: 0.000099 | Train Loss: 0.003590 (Data: 0.00358, Mono: 0.00003) | Val MSE: 0.000089 (RMSE: 0.0095) 
2026-09-13 16:53:29,216 - INFO - Epoch [ 190/2000] LR: 0.000098 | Train Loss: 0.003564 (Data: 0.00355, Mono: 0.00003) | Val MSE: 0.000106 (RMSE: 0.0103) 
2026-09-13 16:53:29,923 - INFO - Epoch [ 200/2000] LR: 0.000098 | Train Loss: 0.003419 (Data: 0.00341, Mono: 0.00003) | Val MSE: 0.000093 (RMSE: 0.0097) 
2026-09-13 16:53:30,605 - INFO - Epoch [ 210/2000] LR: 0.000098 | Train Loss: 0.003440 (Data: 0.00343, Mono: 0.00003) | Val MSE: 0.000098 (RMSE: 0.0099) 
2026-09-13 16:53:31,275 - INFO - Epoch [ 220/2000] LR: 0.000098 | Train Loss: 0.003344 (Data: 0.00333, Mono: 0.00003) | Val MSE: 0.000090 (RMSE: 0.0095) 
2026-09-13 16:53:31,954 - INFO - Epoch [ 230/2000] LR: 0.000098 | Train Loss: 0.003262 (Data: 0.00325, Mono: 0.00003) | Val MSE: 0.000094 (RMSE: 0.0097) 
2026-09-13 16:53:32,609 - INFO - Epoch [ 240/2000] LR: 0.000097 | Train Loss: 0.003256 (Data: 0.00325, Mono: 0.00003) | Val MSE: 0.000099 (RMSE: 0.0099) 
2026-09-13 16:53:33,282 - INFO - Epoch [ 250/2000] LR: 0.000097 | Train Loss: 0.003199 (Data: 0.00319, Mono: 0.00003) | Val MSE: 0.000096 (RMSE: 0.0098) 
2026-09-13 16:53:33,937 - INFO - Epoch [ 260/2000] LR: 0.000097 | Train Loss: 0.003103 (Data: 0.00309, Mono: 0.00002) | Val MSE: 0.000130 (RMSE: 0.0114) 
2026-09-13 16:53:34,603 - INFO - Epoch [ 270/2000] LR: 0.000096 | Train Loss: 0.003103 (Data: 0.00309, Mono: 0.00003) | Val MSE: 0.000098 (RMSE: 0.0099) 
2026-09-13 16:53:35,306 - INFO - Epoch [ 280/2000] LR: 0.000096 | Train Loss: 0.003092 (Data: 0.00308, Mono: 0.00003) | Val MSE: 0.000101 (RMSE: 0.0101) 
2026-09-13 16:53:36,027 - INFO - Epoch [ 290/2000] LR: 0.000096 | Train Loss: 0.002886 (Data: 0.00288, Mono: 0.00002) | Val MSE: 0.000123 (RMSE: 0.0111) 
2026-09-13 16:53:36,826 - INFO - Epoch [ 300/2000] LR: 0.000096 | Train Loss: 0.002967 (Data: 0.00296, Mono: 0.00003) | Val MSE: 0.000108 (RMSE: 0.0104) 
2026-09-13 16:53:37,777 - INFO - Epoch [ 310/2000] LR: 0.000095 | Train Loss: 0.002862 (Data: 0.00285, Mono: 0.00002) | Val MSE: 0.000142 (RMSE: 0.0119) 
2026-09-13 16:53:38,710 - INFO - Epoch [ 320/2000] LR: 0.000095 | Train Loss: 0.002763 (Data: 0.00275, Mono: 0.00002) | Val MSE: 0.000103 (RMSE: 0.0102) 
2026-09-13 16:53:39,633 - INFO - Epoch [ 330/2000] LR: 0.000094 | Train Loss: 0.002717 (Data: 0.00271, Mono: 0.00002) | Val MSE: 0.000106 (RMSE: 0.0103) 
2026-09-13 16:53:40,545 - INFO - Epoch [ 340/2000] LR: 0.000094 | Train Loss: 0.002616 (Data: 0.00261, Mono: 0.00002) | Val MSE: 0.000102 (RMSE: 0.0101) 
2026-09-13 16:53:41,448 - INFO - Epoch [ 350/2000] LR: 0.000094 | Train Loss: 0.002670 (Data: 0.00266, Mono: 0.00002) | Val MSE: 0.000144 (RMSE: 0.0120) 
2026-09-13 16:53:42,357 - INFO - Epoch [ 360/2000] LR: 0.000093 | Train Loss: 0.002535 (Data: 0.00253, Mono: 0.00002) | Val MSE: 0.000130 (RMSE: 0.0114) 
2026-09-13 16:53:43,217 - INFO - Epoch [ 370/2000] LR: 0.000093 | Train Loss: 0.002443 (Data: 0.00243, Mono: 0.00002) | Val MSE: 0.000139 (RMSE: 0.0118) 
2026-09-13 16:53:43,983 - INFO - Epoch [ 380/2000] LR: 0.000093 | Train Loss: 0.002527 (Data: 0.00252, Mono: 0.00002) | Val MSE: 0.000123 (RMSE: 0.0111) 
2026-09-13 16:53:44,775 - INFO - Epoch [ 390/2000] LR: 0.000092 | Train Loss: 0.002519 (Data: 0.00251, Mono: 0.00002) | Val MSE: 0.000111 (RMSE: 0.0105) 
2026-09-13 16:53:45,471 - INFO - Epoch [ 400/2000] LR: 0.000092 | Train Loss: 0.002402 (Data: 0.00239, Mono: 0.00002) | Val MSE: 0.000112 (RMSE: 0.0106) 
2026-09-13 16:53:46,112 - INFO - Epoch [ 410/2000] LR: 0.000091 | Train Loss: 0.002386 (Data: 0.00238, Mono: 0.00002) | Val MSE: 0.000134 (RMSE: 0.0116) 
2026-09-13 16:53:46,741 - INFO - Epoch [ 420/2000] LR: 0.000091 | Train Loss: 0.002372 (Data: 0.00236, Mono: 0.00002) | Val MSE: 0.000113 (RMSE: 0.0106) 
2026-09-13 16:53:47,387 - INFO - Epoch [ 430/2000] LR: 0.000090 | Train Loss: 0.002360 (Data: 0.00235, Mono: 0.00002) | Val MSE: 0.000135 (RMSE: 0.0116) 
2026-09-13 16:53:48,063 - INFO - Epoch [ 440/2000] LR: 0.000090 | Train Loss: 0.002255 (Data: 0.00225, Mono: 0.00002) | Val MSE: 0.000131 (RMSE: 0.0114) 
2026-09-13 16:53:48,706 - INFO - Epoch [ 450/2000] LR: 0.000089 | Train Loss: 0.002292 (Data: 0.00228, Mono: 0.00002) | Val MSE: 0.000116 (RMSE: 0.0108) 
2026-09-13 16:53:49,355 - INFO - Epoch [ 460/2000] LR: 0.000089 | Train Loss: 0.002277 (Data: 0.00227, Mono: 0.00002) | Val MSE: 0.000115 (RMSE: 0.0107) 
2026-09-13 16:53:49,990 - INFO - Epoch [ 470/2000] LR: 0.000088 | Train Loss: 0.002258 (Data: 0.00225, Mono: 0.00002) | Val MSE: 0.000120 (RMSE: 0.0110) 
2026-09-13 16:53:50,656 - INFO - Epoch [ 480/2000] LR: 0.000088 | Train Loss: 0.002237 (Data: 0.00223, Mono: 0.00002) | Val MSE: 0.000162 (RMSE: 0.0127) 
2026-09-13 16:53:51,326 - INFO - Epoch [ 490/2000] LR: 0.000087 | Train Loss: 0.002054 (Data: 0.00205, Mono: 0.00002) | Val MSE: 0.000126 (RMSE: 0.0112) 
2026-09-13 16:53:52,010 - INFO - Epoch [ 500/2000] LR: 0.000087 | Train Loss: 0.002049 (Data: 0.00204, Mono: 0.00002) | Val MSE: 0.000122 (RMSE: 0.0110) 
2026-09-13 16:53:52,699 - INFO - Epoch [ 510/2000] LR: 0.000086 | Train Loss: 0.002096 (Data: 0.00209, Mono: 0.00002) | Val MSE: 0.000130 (RMSE: 0.0114) 
2026-09-13 16:53:53,373 - INFO - Epoch [ 520/2000] LR: 0.000086 | Train Loss: 0.002036 (Data: 0.00203, Mono: 0.00002) | Val MSE: 0.000137 (RMSE: 0.0117) 
2026-09-13 16:53:54,088 - INFO - Epoch [ 530/2000] LR: 0.000085 | Train Loss: 0.002055 (Data: 0.00205, Mono: 0.00002) | Val MSE: 0.000128 (RMSE: 0.0113) 
2026-09-13 16:53:54,767 - INFO - Epoch [ 540/2000] LR: 0.000085 | Train Loss: 0.002034 (Data: 0.00203, Mono: 0.00002) | Val MSE: 0.000130 (RMSE: 0.0114) 
2026-09-13 16:53:55,459 - INFO - Epoch [ 550/2000] LR: 0.000084 | Train Loss: 0.002017 (Data: 0.00201, Mono: 0.00002) | Val MSE: 0.000128 (RMSE: 0.0113) 
2026-09-13 16:53:56,132 - INFO - Epoch [ 560/2000] LR: 0.000083 | Train Loss: 0.002009 (Data: 0.00200, Mono: 0.00002) | Val MSE: 0.000135 (RMSE: 0.0116) 
2026-09-13 16:53:56,812 - INFO - Epoch [ 570/2000] LR: 0.000083 | Train Loss: 0.002019 (Data: 0.00201, Mono: 0.00002) | Val MSE: 0.000156 (RMSE: 0.0125) 
2026-09-13 16:53:57,519 - INFO - Epoch [ 580/2000] LR: 0.000082 | Train Loss: 0.001920 (Data: 0.00191, Mono: 0.00002) | Val MSE: 0.000143 (RMSE: 0.0120) 
2026-09-13 16:53:58,232 - INFO - Epoch [ 590/2000] LR: 0.000082 | Train Loss: 0.001928 (Data: 0.00192, Mono: 0.00002) | Val MSE: 0.000140 (RMSE: 0.0118) 
2026-09-13 16:53:58,880 - INFO - Epoch [ 600/2000] LR: 0.000081 | Train Loss: 0.001934 (Data: 0.00193, Mono: 0.00002) | Val MSE: 0.000136 (RMSE: 0.0117) 
2026-09-13 16:53:59,526 - INFO - Epoch [ 610/2000] LR: 0.000080 | Train Loss: 0.001890 (Data: 0.00188, Mono: 0.00002) | Val MSE: 0.000132 (RMSE: 0.0115) 
2026-09-13 16:54:00,171 - INFO - Epoch [ 620/2000] LR: 0.000080 | Train Loss: 0.001852 (Data: 0.00185, Mono: 0.00002) | Val MSE: 0.000135 (RMSE: 0.0116) 
2026-09-13 16:54:00,817 - INFO - Epoch [ 630/2000] LR: 0.000079 | Train Loss: 0.001883 (Data: 0.00188, Mono: 0.00002) | Val MSE: 0.000133 (RMSE: 0.0115) 
2026-09-13 16:54:01,460 - INFO - Epoch [ 640/2000] LR: 0.000078 | Train Loss: 0.001869 (Data: 0.00186, Mono: 0.00002) | Val MSE: 0.000144 (RMSE: 0.0120) 
2026-09-13 16:54:02,122 - INFO - Epoch [ 650/2000] LR: 0.000078 | Train Loss: 0.001823 (Data: 0.00182, Mono: 0.00002) | Val MSE: 0.000191 (RMSE: 0.0138) 
2026-09-13 16:54:02,767 - INFO - Epoch [ 660/2000] LR: 0.000077 | Train Loss: 0.001797 (Data: 0.00179, Mono: 0.00002) | Val MSE: 0.000150 (RMSE: 0.0122) 
2026-09-13 16:54:03,407 - INFO - Epoch [ 670/2000] LR: 0.000077 | Train Loss: 0.001799 (Data: 0.00179, Mono: 0.00002) | Val MSE: 0.000152 (RMSE: 0.0123) 
2026-09-13 16:54:04,049 - INFO - Epoch [ 680/2000] LR: 0.000076 | Train Loss: 0.001711 (Data: 0.00170, Mono: 0.00002) | Val MSE: 0.000145 (RMSE: 0.0120) 
2026-09-13 16:54:04,681 - INFO - Epoch [ 690/2000] LR: 0.000075 | Train Loss: 0.001810 (Data: 0.00180, Mono: 0.00002) | Val MSE: 0.000174 (RMSE: 0.0132) 
2026-09-13 16:54:05,262 - INFO - Epoch [ 700/2000] LR: 0.000074 | Train Loss: 0.001735 (Data: 0.00173, Mono: 0.00002) | Val MSE: 0.000159 (RMSE: 0.0126) 
2026-09-13 16:54:05,831 - INFO - Epoch [ 710/2000] LR: 0.000074 | Train Loss: 0.001668 (Data: 0.00166, Mono: 0.00002) | Val MSE: 0.000145 (RMSE: 0.0120) 
2026-09-13 16:54:06,413 - INFO - Epoch [ 720/2000] LR: 0.000073 | Train Loss: 0.001734 (Data: 0.00173, Mono: 0.00002) | Val MSE: 0.000138 (RMSE: 0.0117) 
2026-09-13 16:54:06,990 - INFO - Epoch [ 730/2000] LR: 0.000072 | Train Loss: 0.001627 (Data: 0.00162, Mono: 0.00002) | Val MSE: 0.000141 (RMSE: 0.0119) 
2026-09-13 16:54:07,586 - INFO - Epoch [ 740/2000] LR: 0.000072 | Train Loss: 0.001676 (Data: 0.00167, Mono: 0.00002) | Val MSE: 0.000149 (RMSE: 0.0122) 
2026-09-13 16:54:08,168 - INFO - Epoch [ 750/2000] LR: 0.000071 | Train Loss: 0.001681 (Data: 0.00167, Mono: 0.00002) | Val MSE: 0.000142 (RMSE: 0.0119) 
2026-09-13 16:54:08,746 - INFO - Epoch [ 760/2000] LR: 0.000070 | Train Loss: 0.001700 (Data: 0.00169, Mono: 0.00002) | Val MSE: 0.000152 (RMSE: 0.0123) 
2026-09-13 16:54:09,323 - INFO - Epoch [ 770/2000] LR: 0.000070 | Train Loss: 0.001599 (Data: 0.00159, Mono: 0.00002) | Val MSE: 0.000143 (RMSE: 0.0120) 
2026-09-13 16:54:09,911 - INFO - Epoch [ 780/2000] LR: 0.000069 | Train Loss: 0.001624 (Data: 0.00162, Mono: 0.00002) | Val MSE: 0.000141 (RMSE: 0.0119) 
2026-09-13 16:54:10,496 - INFO - Epoch [ 790/2000] LR: 0.000068 | Train Loss: 0.001653 (Data: 0.00165, Mono: 0.00002) | Val MSE: 0.000142 (RMSE: 0.0119) 
2026-09-13 16:54:11,084 - INFO - Epoch [ 800/2000] LR: 0.000067 | Train Loss: 0.001648 (Data: 0.00164, Mono: 0.00002) | Val MSE: 0.000154 (RMSE: 0.0124) 
2026-09-13 16:54:11,675 - INFO - Epoch [ 810/2000] LR: 0.000067 | Train Loss: 0.001566 (Data: 0.00156, Mono: 0.00002) | Val MSE: 0.000147 (RMSE: 0.0121) 
2026-09-13 16:54:12,266 - INFO - Epoch [ 820/2000] LR: 0.000066 | Train Loss: 0.001578 (Data: 0.00157, Mono: 0.00002) | Val MSE: 0.000150 (RMSE: 0.0123) 
2026-09-13 16:54:12,864 - INFO - Epoch [ 830/2000] LR: 0.000065 | Train Loss: 0.001575 (Data: 0.00157, Mono: 0.00002) | Val MSE: 0.000182 (RMSE: 0.0135) 
2026-09-13 16:54:13,439 - INFO - Epoch [ 840/2000] LR: 0.000064 | Train Loss: 0.001570 (Data: 0.00156, Mono: 0.00002) | Val MSE: 0.000160 (RMSE: 0.0127) 
2026-09-13 16:54:14,029 - INFO - Epoch [ 850/2000] LR: 0.000064 | Train Loss: 0.001580 (Data: 0.00157, Mono: 0.00002) | Val MSE: 0.000149 (RMSE: 0.0122) 
2026-09-13 16:54:14,611 - INFO - Epoch [ 860/2000] LR: 0.000063 | Train Loss: 0.001512 (Data: 0.00151, Mono: 0.00002) | Val MSE: 0.000153 (RMSE: 0.0124) 
2026-09-13 16:54:15,182 - INFO - Epoch [ 870/2000] LR: 0.000062 | Train Loss: 0.001535 (Data: 0.00153, Mono: 0.00002) | Val MSE: 0.000155 (RMSE: 0.0124) 
2026-09-13 16:54:15,755 - INFO - Epoch [ 880/2000] LR: 0.000061 | Train Loss: 0.001508 (Data: 0.00150, Mono: 0.00002) | Val MSE: 0.000146 (RMSE: 0.0121) 
2026-09-13 16:54:16,330 - INFO - Epoch [ 890/2000] LR: 0.000061 | Train Loss: 0.001597 (Data: 0.00159, Mono: 0.00002) | Val MSE: 0.000164 (RMSE: 0.0128) 
2026-09-13 16:54:16,914 - INFO - Epoch [ 900/2000] LR: 0.000060 | Train Loss: 0.001528 (Data: 0.00152, Mono: 0.00002) | Val MSE: 0.000156 (RMSE: 0.0125) 
2026-09-13 16:54:17,508 - INFO - Epoch [ 910/2000] LR: 0.000059 | Train Loss: 0.001502 (Data: 0.00149, Mono: 0.00002) | Val MSE: 0.000146 (RMSE: 0.0121) 
2026-09-13 16:54:18,102 - INFO - Epoch [ 920/2000] LR: 0.000058 | Train Loss: 0.001539 (Data: 0.00153, Mono: 0.00002) | Val MSE: 0.000155 (RMSE: 0.0125) 
2026-09-13 16:54:18,685 - INFO - Epoch [ 930/2000] LR: 0.000057 | Train Loss: 0.001565 (Data: 0.00156, Mono: 0.00002) | Val MSE: 0.000148 (RMSE: 0.0122) 
2026-09-13 16:54:19,291 - INFO - Epoch [ 940/2000] LR: 0.000057 | Train Loss: 0.001496 (Data: 0.00149, Mono: 0.00002) | Val MSE: 0.000169 (RMSE: 0.0130) 
2026-09-13 16:54:19,876 - INFO - Epoch [ 950/2000] LR: 0.000056 | Train Loss: 0.001513 (Data: 0.00151, Mono: 0.00002) | Val MSE: 0.000147 (RMSE: 0.0121) 
2026-09-13 16:54:20,461 - INFO - Epoch [ 960/2000] LR: 0.000055 | Train Loss: 0.001504 (Data: 0.00150, Mono: 0.00002) | Val MSE: 0.000156 (RMSE: 0.0125) 
2026-09-13 16:54:21,053 - INFO - Epoch [ 970/2000] LR: 0.000054 | Train Loss: 0.001432 (Data: 0.00143, Mono: 0.00002) | Val MSE: 0.000156 (RMSE: 0.0125) 
2026-09-13 16:54:21,637 - INFO - Epoch [ 980/2000] LR: 0.000054 | Train Loss: 0.001495 (Data: 0.00149, Mono: 0.00002) | Val MSE: 0.000148 (RMSE: 0.0122) 
2026-09-13 16:54:22,229 - INFO - Epoch [ 990/2000] LR: 0.000053 | Train Loss: 0.001476 (Data: 0.00147, Mono: 0.00002) | Val MSE: 0.000158 (RMSE: 0.0126) 
2026-09-13 16:54:22,806 - INFO - Epoch [1000/2000] LR: 0.000052 | Train Loss: 0.001479 (Data: 0.00147, Mono: 0.00002) | Val MSE: 0.000148 (RMSE: 0.0122) 
2026-09-13 16:54:23,401 - INFO - Epoch [1010/2000] LR: 0.000051 | Train Loss: 0.001403 (Data: 0.00140, Mono: 0.00002) | Val MSE: 0.000152 (RMSE: 0.0123) 
2026-09-13 16:54:23,982 - INFO - Epoch [1020/2000] LR: 0.000050 | Train Loss: 0.001446 (Data: 0.00144, Mono: 0.00002) | Val MSE: 0.000173 (RMSE: 0.0132) 
2026-09-13 16:54:24,570 - INFO - Epoch [1030/2000] LR: 0.000050 | Train Loss: 0.001411 (Data: 0.00140, Mono: 0.00002) | Val MSE: 0.000151 (RMSE: 0.0123) 
2026-09-13 16:54:25,181 - INFO - Epoch [1040/2000] LR: 0.000049 | Train Loss: 0.001397 (Data: 0.00139, Mono: 0.00002) | Val MSE: 0.000156 (RMSE: 0.0125) 
2026-09-13 16:54:25,804 - INFO - Epoch [1050/2000] LR: 0.000048 | Train Loss: 0.001461 (Data: 0.00145, Mono: 0.00002) | Val MSE: 0.000152 (RMSE: 0.0123) 
2026-09-13 16:54:26,413 - INFO - Epoch [1060/2000] LR: 0.000047 | Train Loss: 0.001478 (Data: 0.00147, Mono: 0.00002) | Val MSE: 0.000153 (RMSE: 0.0124) 
2026-09-13 16:54:27,036 - INFO - Epoch [1070/2000] LR: 0.000046 | Train Loss: 0.001449 (Data: 0.00144, Mono: 0.00002) | Val MSE: 0.000153 (RMSE: 0.0124) 
2026-09-13 16:54:27,663 - INFO - Epoch [1080/2000] LR: 0.000046 | Train Loss: 0.001366 (Data: 0.00136, Mono: 0.00002) | Val MSE: 0.000158 (RMSE: 0.0126) 
2026-09-13 16:54:28,305 - INFO - Epoch [1090/2000] LR: 0.000045 | Train Loss: 0.001400 (Data: 0.00139, Mono: 0.00002) | Val MSE: 0.000158 (RMSE: 0.0126) 
2026-09-13 16:54:28,952 - INFO - Epoch [1100/2000] LR: 0.000044 | Train Loss: 0.001439 (Data: 0.00143, Mono: 0.00002) | Val MSE: 0.000151 (RMSE: 0.0123) 
2026-09-13 16:54:29,598 - INFO - Epoch [1110/2000] LR: 0.000043 | Train Loss: 0.001395 (Data: 0.00139, Mono: 0.00002) | Val MSE: 0.000150 (RMSE: 0.0122) 
2026-09-13 16:54:30,202 - INFO - Epoch [1120/2000] LR: 0.000043 | Train Loss: 0.001370 (Data: 0.00136, Mono: 0.00002) | Val MSE: 0.000156 (RMSE: 0.0125) 
2026-09-13 16:54:30,797 - INFO - Epoch [1130/2000] LR: 0.000042 | Train Loss: 0.001345 (Data: 0.00134, Mono: 0.00002) | Val MSE: 0.000158 (RMSE: 0.0126) 
2026-09-13 16:54:31,451 - INFO - Epoch [1140/2000] LR: 0.000041 | Train Loss: 0.001411 (Data: 0.00140, Mono: 0.00002) | Val MSE: 0.000153 (RMSE: 0.0124) 
2026-09-13 16:54:32,113 - INFO - Epoch [1150/2000] LR: 0.000040 | Train Loss: 0.001367 (Data: 0.00136, Mono: 0.00001) | Val MSE: 0.000154 (RMSE: 0.0124) 
2026-09-13 16:54:32,773 - INFO - Epoch [1160/2000] LR: 0.000040 | Train Loss: 0.001399 (Data: 0.00139, Mono: 0.00002) | Val MSE: 0.000152 (RMSE: 0.0123) 
2026-09-13 16:54:33,406 - INFO - Epoch [1170/2000] LR: 0.000039 | Train Loss: 0.001379 (Data: 0.00137, Mono: 0.00002) | Val MSE: 0.000147 (RMSE: 0.0121) 
2026-09-13 16:54:34,045 - INFO - Epoch [1180/2000] LR: 0.000038 | Train Loss: 0.001403 (Data: 0.00140, Mono: 0.00002) | Val MSE: 0.000155 (RMSE: 0.0125) 
2026-09-13 16:54:34,797 - INFO - Epoch [1190/2000] LR: 0.000037 | Train Loss: 0.001319 (Data: 0.00131, Mono: 0.00001) | Val MSE: 0.000159 (RMSE: 0.0126) 
2026-09-13 16:54:35,509 - INFO - Epoch [1200/2000] LR: 0.000036 | Train Loss: 0.001399 (Data: 0.00139, Mono: 0.00002) | Val MSE: 0.000154 (RMSE: 0.0124) 
2026-09-13 16:54:36,239 - INFO - Epoch [1210/2000] LR: 0.000036 | Train Loss: 0.001430 (Data: 0.00142, Mono: 0.00002) | Val MSE: 0.000166 (RMSE: 0.0129) 
2026-09-13 16:54:36,962 - INFO - Epoch [1220/2000] LR: 0.000035 | Train Loss: 0.001359 (Data: 0.00135, Mono: 0.00002) | Val MSE: 0.000148 (RMSE: 0.0122) 
2026-09-13 16:54:37,628 - INFO - Epoch [1230/2000] LR: 0.000034 | Train Loss: 0.001313 (Data: 0.00131, Mono: 0.00002) | Val MSE: 0.000149 (RMSE: 0.0122) 
2026-09-13 16:54:38,249 - INFO - Epoch [1240/2000] LR: 0.000034 | Train Loss: 0.001380 (Data: 0.00137, Mono: 0.00002) | Val MSE: 0.000155 (RMSE: 0.0125) 
2026-09-13 16:54:38,870 - INFO - Epoch [1250/2000] LR: 0.000033 | Train Loss: 0.001304 (Data: 0.00130, Mono: 0.00002) | Val MSE: 0.000149 (RMSE: 0.0122) 
2026-09-13 16:54:39,732 - INFO - Epoch [1260/2000] LR: 0.000032 | Train Loss: 0.001378 (Data: 0.00137, Mono: 0.00001) | Val MSE: 0.000155 (RMSE: 0.0125) 
2026-09-13 16:54:40,331 - INFO - Epoch [1270/2000] LR: 0.000031 | Train Loss: 0.001337 (Data: 0.00133, Mono: 0.00002) | Val MSE: 0.000158 (RMSE: 0.0126) 
2026-09-13 16:54:41,383 - INFO - Epoch [1280/2000] LR: 0.000031 | Train Loss: 0.001336 (Data: 0.00133, Mono: 0.00001) | Val MSE: 0.000154 (RMSE: 0.0124) 
2026-09-13 16:54:42,270 - INFO - Epoch [1290/2000] LR: 0.000030 | Train Loss: 0.001369 (Data: 0.00136, Mono: 0.00001) | Val MSE: 0.000149 (RMSE: 0.0122) 
2026-09-13 16:54:43,137 - INFO - Epoch [1300/2000] LR: 0.000029 | Train Loss: 0.001330 (Data: 0.00132, Mono: 0.00001) | Val MSE: 0.000151 (RMSE: 0.0123) 
2026-09-13 16:54:44,327 - INFO - Epoch [1310/2000] LR: 0.000028 | Train Loss: 0.001301 (Data: 0.00129, Mono: 0.00002) | Val MSE: 0.000153 (RMSE: 0.0124) 
2026-09-13 16:54:45,189 - INFO - Epoch [1320/2000] LR: 0.000028 | Train Loss: 0.001339 (Data: 0.00133, Mono: 0.00001) | Val MSE: 0.000149 (RMSE: 0.0122) 
2026-09-13 16:54:46,545 - INFO - Epoch [1330/2000] LR: 0.000027 | Train Loss: 0.001320 (Data: 0.00131, Mono: 0.00001) | Val MSE: 0.000155 (RMSE: 0.0125) 
2026-09-13 16:54:47,792 - INFO - Epoch [1340/2000] LR: 0.000026 | Train Loss: 0.001372 (Data: 0.00137, Mono: 0.00002) | Val MSE: 0.000154 (RMSE: 0.0124) 
2026-09-13 16:54:48,675 - INFO - Epoch [1350/2000] LR: 0.000026 | Train Loss: 0.001320 (Data: 0.00131, Mono: 0.00001) | Val MSE: 0.000147 (RMSE: 0.0121) 
2026-09-13 16:54:49,759 - INFO - Epoch [1360/2000] LR: 0.000025 | Train Loss: 0.001320 (Data: 0.00131, Mono: 0.00001) | Val MSE: 0.000151 (RMSE: 0.0123) 
2026-09-13 16:54:50,631 - INFO - Epoch [1370/2000] LR: 0.000024 | Train Loss: 0.001298 (Data: 0.00129, Mono: 0.00001) | Val MSE: 0.000156 (RMSE: 0.0125) 
2026-09-13 16:54:51,252 - INFO - Epoch [1380/2000] LR: 0.000024 | Train Loss: 0.001321 (Data: 0.00132, Mono: 0.00001) | Val MSE: 0.000149 (RMSE: 0.0122) 
2026-09-13 16:54:51,897 - INFO - Epoch [1390/2000] LR: 0.000023 | Train Loss: 0.001325 (Data: 0.00132, Mono: 0.00001) | Val MSE: 0.000151 (RMSE: 0.0123) 
2026-09-13 16:54:52,618 - INFO - Epoch [1400/2000] LR: 0.000022 | Train Loss: 0.001309 (Data: 0.00130, Mono: 0.00002) | Val MSE: 0.000148 (RMSE: 0.0122) 
2026-09-13 16:54:53,266 - INFO - Epoch [1410/2000] LR: 0.000022 | Train Loss: 0.001379 (Data: 0.00137, Mono: 0.00002) | Val MSE: 0.000153 (RMSE: 0.0124) 
2026-09-13 16:54:54,038 - INFO - Epoch [1420/2000] LR: 0.000021 | Train Loss: 0.001287 (Data: 0.00128, Mono: 0.00001) | Val MSE: 0.000152 (RMSE: 0.0123) 
2026-09-13 16:54:54,748 - INFO - Epoch [1430/2000] LR: 0.000021 | Train Loss: 0.001284 (Data: 0.00128, Mono: 0.00002) | Val MSE: 0.000146 (RMSE: 0.0121) 
2026-09-13 16:54:55,450 - INFO - Epoch [1440/2000] LR: 0.000020 | Train Loss: 0.001335 (Data: 0.00133, Mono: 0.00001) | Val MSE: 0.000151 (RMSE: 0.0123) 
2026-09-13 16:54:56,114 - INFO - Epoch [1450/2000] LR: 0.000019 | Train Loss: 0.001325 (Data: 0.00132, Mono: 0.00001) | Val MSE: 0.000155 (RMSE: 0.0124) 
2026-09-13 16:54:56,734 - INFO - Epoch [1460/2000] LR: 0.000019 | Train Loss: 0.001327 (Data: 0.00132, Mono: 0.00002) | Val MSE: 0.000157 (RMSE: 0.0125) 
2026-09-13 16:54:57,536 - INFO - Epoch [1470/2000] LR: 0.000018 | Train Loss: 0.001292 (Data: 0.00129, Mono: 0.00001) | Val MSE: 0.000149 (RMSE: 0.0122) 
2026-09-13 16:54:58,259 - INFO - Epoch [1480/2000] LR: 0.000018 | Train Loss: 0.001250 (Data: 0.00124, Mono: 0.00001) | Val MSE: 0.000149 (RMSE: 0.0122) 
2026-09-13 16:54:58,994 - INFO - Epoch [1490/2000] LR: 0.000017 | Train Loss: 0.001257 (Data: 0.00125, Mono: 0.00001) | Val MSE: 0.000152 (RMSE: 0.0123) 
2026-09-13 16:54:59,703 - INFO - Epoch [1500/2000] LR: 0.000016 | Train Loss: 0.001318 (Data: 0.00131, Mono: 0.00002) | Val MSE: 0.000152 (RMSE: 0.0123) 
2026-09-13 16:55:00,328 - INFO - Epoch [1510/2000] LR: 0.000016 | Train Loss: 0.001336 (Data: 0.00133, Mono: 0.00001) | Val MSE: 0.000148 (RMSE: 0.0122) 
2026-09-13 16:55:01,000 - INFO - Epoch [1520/2000] LR: 0.000015 | Train Loss: 0.001340 (Data: 0.00133, Mono: 0.00002) | Val MSE: 0.000153 (RMSE: 0.0124) 
2026-09-13 16:55:01,654 - INFO - Epoch [1530/2000] LR: 0.000015 | Train Loss: 0.001289 (Data: 0.00128, Mono: 0.00001) | Val MSE: 0.000151 (RMSE: 0.0123) 
2026-09-13 16:55:02,544 - INFO - Epoch [1540/2000] LR: 0.000014 | Train Loss: 0.001252 (Data: 0.00125, Mono: 0.00002) | Val MSE: 0.000153 (RMSE: 0.0124) 
2026-09-13 16:55:03,505 - INFO - Epoch [1550/2000] LR: 0.000014 | Train Loss: 0.001293 (Data: 0.00129, Mono: 0.00002) | Val MSE: 0.000153 (RMSE: 0.0124) 
2026-09-13 16:55:04,708 - INFO - Epoch [1560/2000] LR: 0.000013 | Train Loss: 0.001340 (Data: 0.00133, Mono: 0.00001) | Val MSE: 0.000152 (RMSE: 0.0123) 
2026-09-13 16:55:05,429 - INFO - Epoch [1570/2000] LR: 0.000013 | Train Loss: 0.001283 (Data: 0.00128, Mono: 0.00001) | Val MSE: 0.000151 (RMSE: 0.0123) 
2026-09-13 16:55:06,135 - INFO - Epoch [1580/2000] LR: 0.000012 | Train Loss: 0.001284 (Data: 0.00128, Mono: 0.00002) | Val MSE: 0.000146 (RMSE: 0.0121) 
2026-09-13 16:55:06,982 - INFO - Epoch [1590/2000] LR: 0.000012 | Train Loss: 0.001288 (Data: 0.00128, Mono: 0.00001) | Val MSE: 0.000150 (RMSE: 0.0122) 
2026-09-13 16:55:07,852 - INFO - Epoch [1600/2000] LR: 0.000011 | Train Loss: 0.001333 (Data: 0.00133, Mono: 0.00001) | Val MSE: 0.000149 (RMSE: 0.0122) 
2026-09-13 16:55:08,702 - INFO - Epoch [1610/2000] LR: 0.000011 | Train Loss: 0.001285 (Data: 0.00128, Mono: 0.00002) | Val MSE: 0.000151 (RMSE: 0.0123) 
2026-09-13 16:55:09,560 - INFO - Epoch [1620/2000] LR: 0.000010 | Train Loss: 0.001273 (Data: 0.00127, Mono: 0.00001) | Val MSE: 0.000149 (RMSE: 0.0122) 
2026-09-13 16:55:10,424 - INFO - Epoch [1630/2000] LR: 0.000010 | Train Loss: 0.001274 (Data: 0.00127, Mono: 0.00002) | Val MSE: 0.000151 (RMSE: 0.0123) 
2026-09-13 16:55:11,362 - INFO - Epoch [1640/2000] LR: 0.000009 | Train Loss: 0.001266 (Data: 0.00126, Mono: 0.00001) | Val MSE: 0.000149 (RMSE: 0.0122) 
2026-09-13 16:55:12,223 - INFO - Epoch [1650/2000] LR: 0.000009 | Train Loss: 0.001317 (Data: 0.00131, Mono: 0.00001) | Val MSE: 0.000147 (RMSE: 0.0121) 
2026-09-13 16:55:13,065 - INFO - Epoch [1660/2000] LR: 0.000009 | Train Loss: 0.001265 (Data: 0.00126, Mono: 0.00002) | Val MSE: 0.000148 (RMSE: 0.0122) 
2026-09-13 16:55:14,006 - INFO - Epoch [1670/2000] LR: 0.000008 | Train Loss: 0.001306 (Data: 0.00130, Mono: 0.00001) | Val MSE: 0.000150 (RMSE: 0.0122) 
2026-09-13 16:55:14,818 - INFO - Epoch [1680/2000] LR: 0.000008 | Train Loss: 0.001256 (Data: 0.00125, Mono: 0.00001) | Val MSE: 0.000148 (RMSE: 0.0122) 
2026-09-13 16:55:15,645 - INFO - Epoch [1690/2000] LR: 0.000007 | Train Loss: 0.001296 (Data: 0.00129, Mono: 0.00001) | Val MSE: 0.000151 (RMSE: 0.0123) 
2026-09-13 16:55:16,468 - INFO - Epoch [1700/2000] LR: 0.000007 | Train Loss: 0.001290 (Data: 0.00128, Mono: 0.00001) | Val MSE: 0.000148 (RMSE: 0.0122) 
2026-09-13 16:55:17,235 - INFO - Epoch [1710/2000] LR: 0.000007 | Train Loss: 0.001295 (Data: 0.00129, Mono: 0.00002) | Val MSE: 0.000150 (RMSE: 0.0123) 
2026-09-13 16:55:18,027 - INFO - Epoch [1720/2000] LR: 0.000006 | Train Loss: 0.001218 (Data: 0.00121, Mono: 0.00001) | Val MSE: 0.000148 (RMSE: 0.0122) 
2026-09-13 16:55:18,768 - INFO - Epoch [1730/2000] LR: 0.000006 | Train Loss: 0.001241 (Data: 0.00124, Mono: 0.00002) | Val MSE: 0.000151 (RMSE: 0.0123) 
2026-09-13 16:55:19,561 - INFO - Epoch [1740/2000] LR: 0.000006 | Train Loss: 0.001277 (Data: 0.00127, Mono: 0.00002) | Val MSE: 0.000149 (RMSE: 0.0122) 
2026-09-13 16:55:20,548 - INFO - Epoch [1750/2000] LR: 0.000005 | Train Loss: 0.001270 (Data: 0.00126, Mono: 0.00002) | Val MSE: 0.000147 (RMSE: 0.0121) 
2026-09-13 16:55:21,496 - INFO - Epoch [1760/2000] LR: 0.000005 | Train Loss: 0.001229 (Data: 0.00122, Mono: 0.00001) | Val MSE: 0.000147 (RMSE: 0.0121) 
2026-09-13 16:55:22,225 - INFO - Epoch [1770/2000] LR: 0.000005 | Train Loss: 0.001221 (Data: 0.00122, Mono: 0.00001) | Val MSE: 0.000148 (RMSE: 0.0122) 
2026-09-13 16:55:22,931 - INFO - Epoch [1780/2000] LR: 0.000005 | Train Loss: 0.001303 (Data: 0.00130, Mono: 0.00001) | Val MSE: 0.000150 (RMSE: 0.0122) 
2026-09-13 16:55:23,624 - INFO - Epoch [1790/2000] LR: 0.000004 | Train Loss: 0.001315 (Data: 0.00131, Mono: 0.00002) | Val MSE: 0.000148 (RMSE: 0.0122) 
2026-09-13 16:55:24,299 - INFO - Epoch [1800/2000] LR: 0.000004 | Train Loss: 0.001239 (Data: 0.00123, Mono: 0.00001) | Val MSE: 0.000148 (RMSE: 0.0122) 
2026-09-13 16:55:24,962 - INFO - Epoch [1810/2000] LR: 0.000004 | Train Loss: 0.001244 (Data: 0.00124, Mono: 0.00001) | Val MSE: 0.000149 (RMSE: 0.0122) 
2026-09-13 16:55:25,601 - INFO - Epoch [1820/2000] LR: 0.000004 | Train Loss: 0.001311 (Data: 0.00131, Mono: 0.00001) | Val MSE: 0.000151 (RMSE: 0.0123) 
2026-09-13 16:55:26,245 - INFO - Epoch [1830/2000] LR: 0.000003 | Train Loss: 0.001328 (Data: 0.00132, Mono: 0.00001) | Val MSE: 0.000149 (RMSE: 0.0122) 
2026-09-13 16:55:26,884 - INFO - Epoch [1840/2000] LR: 0.000003 | Train Loss: 0.001288 (Data: 0.00128, Mono: 0.00001) | Val MSE: 0.000147 (RMSE: 0.0121) 
2026-09-13 16:55:27,922 - INFO - Epoch [1850/2000] LR: 0.000003 | Train Loss: 0.001255 (Data: 0.00125, Mono: 0.00002) | Val MSE: 0.000147 (RMSE: 0.0121) 
2026-09-13 16:55:28,778 - INFO - Epoch [1860/2000] LR: 0.000003 | Train Loss: 0.001282 (Data: 0.00128, Mono: 0.00001) | Val MSE: 0.000147 (RMSE: 0.0121) 
2026-09-13 16:55:29,469 - INFO - Epoch [1870/2000] LR: 0.000003 | Train Loss: 0.001285 (Data: 0.00128, Mono: 0.00001) | Val MSE: 0.000148 (RMSE: 0.0121) 
2026-09-13 16:55:30,133 - INFO - Epoch [1880/2000] LR: 0.000002 | Train Loss: 0.001289 (Data: 0.00128, Mono: 0.00002) | Val MSE: 0.000149 (RMSE: 0.0122) 
2026-09-13 16:55:30,836 - INFO - Epoch [1890/2000] LR: 0.000002 | Train Loss: 0.001233 (Data: 0.00123, Mono: 0.00001) | Val MSE: 0.000149 (RMSE: 0.0122) 
2026-09-13 16:55:31,593 - INFO - Epoch [1900/2000] LR: 0.000002 | Train Loss: 0.001279 (Data: 0.00127, Mono: 0.00002) | Val MSE: 0.000147 (RMSE: 0.0121) 
2026-09-13 16:55:32,418 - INFO - Epoch [1910/2000] LR: 0.000002 | Train Loss: 0.001210 (Data: 0.00120, Mono: 0.00001) | Val MSE: 0.000148 (RMSE: 0.0122) 
2026-09-13 16:55:33,245 - INFO - Epoch [1920/2000] LR: 0.000002 | Train Loss: 0.001276 (Data: 0.00127, Mono: 0.00001) | Val MSE: 0.000148 (RMSE: 0.0122) 
2026-09-13 16:55:34,077 - INFO - Epoch [1930/2000] LR: 0.000002 | Train Loss: 0.001287 (Data: 0.00128, Mono: 0.00002) | Val MSE: 0.000148 (RMSE: 0.0122) 
2026-09-13 16:55:35,030 - INFO - Epoch [1940/2000] LR: 0.000002 | Train Loss: 0.001275 (Data: 0.00127, Mono: 0.00002) | Val MSE: 0.000148 (RMSE: 0.0122) 
2026-09-13 16:55:36,097 - INFO - Epoch [1950/2000] LR: 0.000002 | Train Loss: 0.001266 (Data: 0.00126, Mono: 0.00001) | Val MSE: 0.000148 (RMSE: 0.0122) 
2026-09-13 16:55:36,879 - INFO - Epoch [1960/2000] LR: 0.000002 | Train Loss: 0.001262 (Data: 0.00126, Mono: 0.00001) | Val MSE: 0.000148 (RMSE: 0.0122) 
2026-09-13 16:55:37,785 - INFO - Epoch [1970/2000] LR: 0.000002 | Train Loss: 0.001227 (Data: 0.00122, Mono: 0.00001) | Val MSE: 0.000148 (RMSE: 0.0122) 
2026-09-13 16:55:38,590 - INFO - Epoch [1980/2000] LR: 0.000002 | Train Loss: 0.001268 (Data: 0.00126, Mono: 0.00001) | Val MSE: 0.000148 (RMSE: 0.0122) 
2026-09-13 16:55:39,336 - INFO - Epoch [1990/2000] LR: 0.000002 | Train Loss: 0.001268 (Data: 0.00126, Mono: 0.00002) | Val MSE: 0.000148 (RMSE: 0.0122) 
2026-09-13 16:55:40,138 - INFO - Epoch [2000/2000] LR: 0.000002 | Train Loss: 0.001217 (Data: 0.00121, Mono: 0.00001) | Val MSE: 0.000147 (RMSE: 0.0121) 
2026-09-13 16:55:40,138 - INFO - Training completed in 143.08s. Loading best checkpoint from epoch 110 for final test evaluation...
2026-09-13 16:55:40,171 - INFO - ==================================================
2026-09-13 16:55:40,172 - INFO - Test Results for [XJTU] - [3C] (Best Epoch 110):
2026-09-13 16:55:40,172 - INFO -   Test RMSE: 0.014199
2026-09-13 16:55:40,172 - INFO -   Test MAE:  0.012580
2026-09-13 16:55:40,172 - INFO -   Test MAPE: 1.319722
2026-09-13 16:55:40,172 - INFO -   Test MSE:  0.000202
2026-09-13 16:55:40,172 - INFO - ==================================================
