============================================================
  Unified Multi-Dataset Bagging Training Runner
============================================================
  Device: cuda
  Output: G:\ISDS\Knee-Aware-DOPLAX\DOPLAX-SOH-main 4\outputs

============================================================
  Phase 1: Training DeepOPINN on XJTU (2C)
============================================================
  Train: 1736 samples
  Valid: 435 samples
  Test:  732 samples
  g_dim: 16
  Training ...

  ERROR on DeepOPINN XJTU: invalid literal for int() with base 10: 'XJTU'

============================================================
  Phase 1: Training DeepOPINN on TJU (NCM_NCA)
============================================================
CY25-05_2-#2.csv
CY25-05_4-#3.csv
  Train: 5167 samples
  Valid: 1292 samples
  Test:  1757 samples
  g_dim: 16
  Training ...
[epoch:1 iter:50] data loss:0.001756, PDE loss:0.009981, physics loss:0.000856
[epoch:2 iter:50] data loss:0.000765, PDE loss:0.003928, physics loss:0.000570
[epoch:3 iter:50] data loss:0.000515, PDE loss:0.001822, physics loss:0.000490
[epoch:4 iter:50] data loss:0.000468, PDE loss:0.001062, physics loss:0.000505
[epoch:5 iter:50] data loss:0.000291, PDE loss:0.000828, physics loss:0.000248
[epoch:6 iter:50] data loss:0.000279, PDE loss:0.000549, physics loss:0.000156
[epoch:7 iter:50] data loss:0.000274, PDE loss:0.000560, physics loss:0.000240
[epoch:8 iter:50] data loss:0.000376, PDE loss:0.000429, physics loss:0.000328
[epoch:9 iter:50] data loss:0.000184, PDE loss:0.000439, physics loss:0.000274
[epoch:10 iter:50] data loss:0.000192, PDE loss:0.000391, physics loss:0.000164
[epoch:11 iter:50] data loss:0.000300, PDE loss:0.000315, physics loss:0.000326
[epoch:12 iter:50] data loss:0.000195, PDE loss:0.000268, physics loss:0.000164
[epoch:13 iter:50] data loss:0.000184, PDE loss:0.000248, physics loss:0.000167
[epoch:14 iter:50] data loss:0.000223, PDE loss:0.000240, physics loss:0.000195
[epoch:15 iter:50] data loss:0.000190, PDE loss:0.000215, physics loss:0.000271
[epoch:16 iter:50] data loss:0.000138, PDE loss:0.000267, physics loss:0.000165
[epoch:17 iter:50] data loss:0.000150, PDE loss:0.000171, physics loss:0.000136
[epoch:18 iter:50] data loss:0.000148, PDE loss:0.000203, physics loss:0.000188
[epoch:19 iter:50] data loss:0.000151, PDE loss:0.000210, physics loss:0.000344
[epoch:20 iter:50] data loss:0.000127, PDE loss:0.000184, physics loss:0.000218
[epoch:21 iter:50] data loss:0.000138, PDE loss:0.000149, physics loss:0.000238
[epoch:22 iter:50] data loss:0.000151, PDE loss:0.000142, physics loss:0.000154
[epoch:23 iter:50] data loss:0.000118, PDE loss:0.000159, physics loss:0.000247
[epoch:24 iter:50] data loss:0.000125, PDE loss:0.000117, physics loss:0.000131
[epoch:25 iter:50] data loss:0.000101, PDE loss:0.000134, physics loss:0.000105
[epoch:26 iter:50] data loss:0.000099, PDE loss:0.000116, physics loss:0.000204
[epoch:27 iter:50] data loss:0.000110, PDE loss:0.000093, physics loss:0.000116
[epoch:28 iter:50] data loss:0.000144, PDE loss:0.000114, physics loss:0.000137
[epoch:29 iter:50] data loss:0.000120, PDE loss:0.000075, physics loss:0.000224
[epoch:30 iter:50] data loss:0.000095, PDE loss:0.000107, physics loss:0.000228
[epoch:31 iter:50] data loss:0.000091, PDE loss:0.000090, physics loss:0.000239
[epoch:32 iter:50] data loss:0.000105, PDE loss:0.000114, physics loss:0.000114
[epoch:33 iter:50] data loss:0.000116, PDE loss:0.000077, physics loss:0.000174
[epoch:34 iter:50] data loss:0.000096, PDE loss:0.000087, physics loss:0.000169
[epoch:35 iter:50] data loss:0.000087, PDE loss:0.000077, physics loss:0.000125
[epoch:36 iter:50] data loss:0.000099, PDE loss:0.000071, physics loss:0.000099
[epoch:37 iter:50] data loss:0.000071, PDE loss:0.000101, physics loss:0.000118
[epoch:38 iter:50] data loss:0.000090, PDE loss:0.000077, physics loss:0.000116
[epoch:39 iter:50] data loss:0.000111, PDE loss:0.000073, physics loss:0.000142
[epoch:40 iter:50] data loss:0.000105, PDE loss:0.000056, physics loss:0.000079
[epoch:41 iter:50] data loss:0.000099, PDE loss:0.000058, physics loss:0.000141
[epoch:42 iter:50] data loss:0.000109, PDE loss:0.000052, physics loss:0.000145
[epoch:43 iter:50] data loss:0.000099, PDE loss:0.000050, physics loss:0.000098
[epoch:44 iter:50] data loss:0.000100, PDE loss:0.000059, physics loss:0.000147
[epoch:45 iter:50] data loss:0.000084, PDE loss:0.000051, physics loss:0.000079
[epoch:46 iter:50] data loss:0.000092, PDE loss:0.000054, physics loss:0.000147
[epoch:47 iter:50] data loss:0.000076, PDE loss:0.000058, physics loss:0.000118
[epoch:48 iter:50] data loss:0.000091, PDE loss:0.000040, physics loss:0.000091
[epoch:49 iter:50] data loss:0.000085, PDE loss:0.000053, physics loss:0.000141
[epoch:50 iter:50] data loss:0.000118, PDE loss:0.000059, physics loss:0.000122
[epoch:51 iter:50] data loss:0.000095, PDE loss:0.000035, physics loss:0.000219
[epoch:52 iter:50] data loss:0.000097, PDE loss:0.000047, physics loss:0.000100
[epoch:53 iter:50] data loss:0.000087, PDE loss:0.000034, physics loss:0.000117
[epoch:54 iter:50] data loss:0.000076, PDE loss:0.000035, physics loss:0.000105
[epoch:55 iter:50] data loss:0.000074, PDE loss:0.000050, physics loss:0.000112
[epoch:56 iter:50] data loss:0.000091, PDE loss:0.000040, physics loss:0.000124
[epoch:57 iter:50] data loss:0.000095, PDE loss:0.000032, physics loss:0.000112
[epoch:58 iter:50] data loss:0.000071, PDE loss:0.000038, physics loss:0.000092
[epoch:59 iter:50] data loss:0.000099, PDE loss:0.000031, physics loss:0.000189
[epoch:60 iter:50] data loss:0.000086, PDE loss:0.000033, physics loss:0.000141
[epoch:61 iter:50] data loss:0.000071, PDE loss:0.000029, physics loss:0.000058
[epoch:62 iter:50] data loss:0.000092, PDE loss:0.000034, physics loss:0.000246
[epoch:63 iter:50] data loss:0.000107, PDE loss:0.000022, physics loss:0.000163
[epoch:64 iter:50] data loss:0.000073, PDE loss:0.000037, physics loss:0.000130
[epoch:65 iter:50] data loss:0.000113, PDE loss:0.000033, physics loss:0.000142
[epoch:66 iter:50] data loss:0.000089, PDE loss:0.000027, physics loss:0.000100
[epoch:67 iter:50] data loss:0.000071, PDE loss:0.000033, physics loss:0.000157
[epoch:68 iter:50] data loss:0.000058, PDE loss:0.000027, physics loss:0.000104
[epoch:69 iter:50] data loss:0.000084, PDE loss:0.000032, physics loss:0.000099
[epoch:70 iter:50] data loss:0.000085, PDE loss:0.000028, physics loss:0.000143
[epoch:71 iter:50] data loss:0.000079, PDE loss:0.000027, physics loss:0.000135
[epoch:72 iter:50] data loss:0.000069, PDE loss:0.000031, physics loss:0.000149
[epoch:73 iter:50] data loss:0.000088, PDE loss:0.000029, physics loss:0.000156
[epoch:74 iter:50] data loss:0.000068, PDE loss:0.000025, physics loss:0.000181
[epoch:75 iter:50] data loss:0.000094, PDE loss:0.000023, physics loss:0.000080
[epoch:76 iter:50] data loss:0.000091, PDE loss:0.000031, physics loss:0.000085
[epoch:77 iter:50] data loss:0.000069, PDE loss:0.000021, physics loss:0.000107
[epoch:78 iter:50] data loss:0.000111, PDE loss:0.000019, physics loss:0.000150
[epoch:79 iter:50] data loss:0.000070, PDE loss:0.000018, physics loss:0.000129
[epoch:80 iter:50] data loss:0.000077, PDE loss:0.000021, physics loss:0.000074
[epoch:81 iter:50] data loss:0.000086, PDE loss:0.000025, physics loss:0.000104
[epoch:82 iter:50] data loss:0.000080, PDE loss:0.000027, physics loss:0.000096
[epoch:83 iter:50] data loss:0.000053, PDE loss:0.000020, physics loss:0.000101
[epoch:84 iter:50] data loss:0.000091, PDE loss:0.000021, physics loss:0.000131
[epoch:85 iter:50] data loss:0.000081, PDE loss:0.000020, physics loss:0.000155
[epoch:86 iter:50] data loss:0.000087, PDE loss:0.000021, physics loss:0.000099
[epoch:87 iter:50] data loss:0.000088, PDE loss:0.000025, physics loss:0.000118
[epoch:88 iter:50] data loss:0.000062, PDE loss:0.000025, physics loss:0.000143
[epoch:89 iter:50] data loss:0.000076, PDE loss:0.000017, physics loss:0.000079
[epoch:90 iter:50] data loss:0.000116, PDE loss:0.000020, physics loss:0.000128
[epoch:91 iter:50] data loss:0.000059, PDE loss:0.000015, physics loss:0.000104
[epoch:92 iter:50] data loss:0.000080, PDE loss:0.000015, physics loss:0.000115
[epoch:93 iter:50] data loss:0.000104, PDE loss:0.000023, physics loss:0.000147
[epoch:94 iter:50] data loss:0.000062, PDE loss:0.000023, physics loss:0.000137
[epoch:95 iter:50] data loss:0.000065, PDE loss:0.000019, physics loss:0.000115
[epoch:96 iter:50] data loss:0.000084, PDE loss:0.000014, physics loss:0.000088
[epoch:97 iter:50] data loss:0.000082, PDE loss:0.000019, physics loss:0.000097
[epoch:98 iter:50] data loss:0.000064, PDE loss:0.000018, physics loss:0.000099
[epoch:99 iter:50] data loss:0.000075, PDE loss:0.000015, physics loss:0.000168
[epoch:100 iter:50] data loss:0.000065, PDE loss:0.000014, physics loss:0.000110
[epoch:101 iter:50] data loss:0.000073, PDE loss:0.000017, physics loss:0.000115
[epoch:102 iter:50] data loss:0.000071, PDE loss:0.000023, physics loss:0.000145
[epoch:103 iter:50] data loss:0.000082, PDE loss:0.000014, physics loss:0.000097
[epoch:104 iter:50] data loss:0.000049, PDE loss:0.000013, physics loss:0.000109
[epoch:105 iter:50] data loss:0.000075, PDE loss:0.000019, physics loss:0.000065
[epoch:106 iter:50] data loss:0.000052, PDE loss:0.000011, physics loss:0.000102
[epoch:107 iter:50] data loss:0.000060, PDE loss:0.000009, physics loss:0.000149
[epoch:108 iter:50] data loss:0.000079, PDE loss:0.000015, physics loss:0.000121
[epoch:109 iter:50] data loss:0.000062, PDE loss:0.000011, physics loss:0.000092
[epoch:110 iter:50] data loss:0.000070, PDE loss:0.000035, physics loss:0.000108
[epoch:111 iter:50] data loss:0.000070, PDE loss:0.000026, physics loss:0.000144
[epoch:112 iter:50] data loss:0.000090, PDE loss:0.000014, physics loss:0.000206
[epoch:113 iter:50] data loss:0.000062, PDE loss:0.000013, physics loss:0.000085
[epoch:114 iter:50] data loss:0.000040, PDE loss:0.000014, physics loss:0.000087
[epoch:115 iter:50] data loss:0.000118, PDE loss:0.000012, physics loss:0.000148
[epoch:116 iter:50] data loss:0.000045, PDE loss:0.000009, physics loss:0.000104
[epoch:117 iter:50] data loss:0.000072, PDE loss:0.000013, physics loss:0.000119
[epoch:118 iter:50] data loss:0.000055, PDE loss:0.000009, physics loss:0.000114
[epoch:119 iter:50] data loss:0.000105, PDE loss:0.000009, physics loss:0.000072
[epoch:120 iter:50] data loss:0.000056, PDE loss:0.000009, physics loss:0.000062
[epoch:121 iter:50] data loss:0.000045, PDE loss:0.000015, physics loss:0.000065
[epoch:122 iter:50] data loss:0.000050, PDE loss:0.000021, physics loss:0.000086
[epoch:123 iter:50] data loss:0.000082, PDE loss:0.000014, physics loss:0.000115
[epoch:124 iter:50] data loss:0.000058, PDE loss:0.000006, physics loss:0.000100
[epoch:125 iter:50] data loss:0.000056, PDE loss:0.000008, physics loss:0.000155
[epoch:126 iter:50] data loss:0.000053, PDE loss:0.000015, physics loss:0.000116
[epoch:127 iter:50] data loss:0.000073, PDE loss:0.000010, physics loss:0.000115
[epoch:128 iter:50] data loss:0.000111, PDE loss:0.000007, physics loss:0.000110
[epoch:129 iter:50] data loss:0.000052, PDE loss:0.000016, physics loss:0.000089
[epoch:130 iter:50] data loss:0.000061, PDE loss:0.000008, physics loss:0.000130
[epoch:131 iter:50] data loss:0.000059, PDE loss:0.000010, physics loss:0.000138
[epoch:132 iter:50] data loss:0.000055, PDE loss:0.000008, physics loss:0.000091
[epoch:133 iter:50] data loss:0.000058, PDE loss:0.000015, physics loss:0.000058
[epoch:134 iter:50] data loss:0.000074, PDE loss:0.000007, physics loss:0.000116
[epoch:135 iter:50] data loss:0.000037, PDE loss:0.000007, physics loss:0.000101
[epoch:136 iter:50] data loss:0.000064, PDE loss:0.000008, physics loss:0.000084
[epoch:137 iter:50] data loss:0.000059, PDE loss:0.000008, physics loss:0.000120
[epoch:138 iter:50] data loss:0.000083, PDE loss:0.000020, physics loss:0.000089
[epoch:139 iter:50] data loss:0.000049, PDE loss:0.000013, physics loss:0.000071
[epoch:140 iter:50] data loss:0.000100, PDE loss:0.000007, physics loss:0.000132
[epoch:141 iter:50] data loss:0.000100, PDE loss:0.000007, physics loss:0.000138
[epoch:142 iter:50] data loss:0.000081, PDE loss:0.000015, physics loss:0.000114
[epoch:143 iter:50] data loss:0.000060, PDE loss:0.000011, physics loss:0.000084
[epoch:144 iter:50] data loss:0.000046, PDE loss:0.000005, physics loss:0.000075
[epoch:145 iter:50] data loss:0.000116, PDE loss:0.000005, physics loss:0.000090
[epoch:146 iter:50] data loss:0.000053, PDE loss:0.000004, physics loss:0.000096
[epoch:147 iter:50] data loss:0.000055, PDE loss:0.000005, physics loss:0.000110
[epoch:148 iter:50] data loss:0.000041, PDE loss:0.000021, physics loss:0.000083
[epoch:149 iter:50] data loss:0.000083, PDE loss:0.000004, physics loss:0.000125
[epoch:150 iter:50] data loss:0.000058, PDE loss:0.000012, physics loss:0.000060
[epoch:151 iter:50] data loss:0.000054, PDE loss:0.000006, physics loss:0.000068
[epoch:152 iter:50] data loss:0.000071, PDE loss:0.000004, physics loss:0.000088
[epoch:153 iter:50] data loss:0.000087, PDE loss:0.000006, physics loss:0.000127
[epoch:154 iter:50] data loss:0.000050, PDE loss:0.000005, physics loss:0.000136
[epoch:155 iter:50] data loss:0.000078, PDE loss:0.000006, physics loss:0.000081
[epoch:156 iter:50] data loss:0.000097, PDE loss:0.000007, physics loss:0.000064
[epoch:157 iter:50] data loss:0.000057, PDE loss:0.000006, physics loss:0.000059
[epoch:158 iter:50] data loss:0.000077, PDE loss:0.000012, physics loss:0.000109
[epoch:159 iter:50] data loss:0.000049, PDE loss:0.000005, physics loss:0.000073
[epoch:160 iter:50] data loss:0.000065, PDE loss:0.000004, physics loss:0.000154
[epoch:161 iter:50] data loss:0.000062, PDE loss:0.000003, physics loss:0.000097
[epoch:162 iter:50] data loss:0.000074, PDE loss:0.000003, physics loss:0.000094
[epoch:163 iter:50] data loss:0.000043, PDE loss:0.000005, physics loss:0.000053
[epoch:164 iter:50] data loss:0.000053, PDE loss:0.000004, physics loss:0.000109
[epoch:165 iter:50] data loss:0.000044, PDE loss:0.000004, physics loss:0.000090
[epoch:166 iter:50] data loss:0.000086, PDE loss:0.000002, physics loss:0.000094
[epoch:167 iter:50] data loss:0.000039, PDE loss:0.000006, physics loss:0.000081
[epoch:168 iter:50] data loss:0.000035, PDE loss:0.000002, physics loss:0.000094
[epoch:169 iter:50] data loss:0.000061, PDE loss:0.000003, physics loss:0.000122
[epoch:170 iter:50] data loss:0.000065, PDE loss:0.000009, physics loss:0.000072
[epoch:171 iter:50] data loss:0.000030, PDE loss:0.000002, physics loss:0.000086
[epoch:172 iter:50] data loss:0.000053, PDE loss:0.000006, physics loss:0.000090
[epoch:173 iter:50] data loss:0.000048, PDE loss:0.000003, physics loss:0.000141
[epoch:174 iter:50] data loss:0.000052, PDE loss:0.000003, physics loss:0.000133
[epoch:175 iter:50] data loss:0.000041, PDE loss:0.000013, physics loss:0.000068
[epoch:176 iter:50] data loss:0.000041, PDE loss:0.000002, physics loss:0.000112
[epoch:177 iter:50] data loss:0.000046, PDE loss:0.000002, physics loss:0.000136
[epoch:178 iter:50] data loss:0.000035, PDE loss:0.000003, physics loss:0.000081
[epoch:179 iter:50] data loss:0.000046, PDE loss:0.000004, physics loss:0.000106
[epoch:180 iter:50] data loss:0.000062, PDE loss:0.000001, physics loss:0.000119
[epoch:181 iter:50] data loss:0.000038, PDE loss:0.000002, physics loss:0.000069
[epoch:182 iter:50] data loss:0.000058, PDE loss:0.000001, physics loss:0.000066
[epoch:183 iter:50] data loss:0.000064, PDE loss:0.000001, physics loss:0.000059
[epoch:184 iter:50] data loss:0.000053, PDE loss:0.000002, physics loss:0.000135
[epoch:185 iter:50] data loss:0.000039, PDE loss:0.000005, physics loss:0.000105
[epoch:186 iter:50] data loss:0.000040, PDE loss:0.000004, physics loss:0.000083
[epoch:187 iter:50] data loss:0.000047, PDE loss:0.000008, physics loss:0.000041
[epoch:188 iter:50] data loss:0.000034, PDE loss:0.000003, physics loss:0.000065
[epoch:189 iter:50] data loss:0.000026, PDE loss:0.000003, physics loss:0.000049
[epoch:190 iter:50] data loss:0.000053, PDE loss:0.000002, physics loss:0.000116
[epoch:191 iter:50] data loss:0.000034, PDE loss:0.000001, physics loss:0.000054
[epoch:192 iter:50] data loss:0.000028, PDE loss:0.000004, physics loss:0.000067
[epoch:193 iter:50] data loss:0.000038, PDE loss:0.000001, physics loss:0.000070
[epoch:194 iter:50] data loss:0.000042, PDE loss:0.000002, physics loss:0.000082
[epoch:195 iter:50] data loss:0.000039, PDE loss:0.000006, physics loss:0.000079
[epoch:196 iter:50] data loss:0.000028, PDE loss:0.000001, physics loss:0.000071
[epoch:197 iter:50] data loss:0.000041, PDE loss:0.000001, physics loss:0.000065
[epoch:198 iter:50] data loss:0.000024, PDE loss:0.000001, physics loss:0.000062
[epoch:199 iter:50] data loss:0.000032, PDE loss:0.000002, physics loss:0.000064
[epoch:200 iter:50] data loss:0.000043, PDE loss:0.000001, physics loss:0.000064
[epoch:201 iter:50] data loss:0.000052, PDE loss:0.000002, physics loss:0.000095
[epoch:202 iter:50] data loss:0.000032, PDE loss:0.000001, physics loss:0.000053
[epoch:203 iter:50] data loss:0.000026, PDE loss:0.000001, physics loss:0.000065
[epoch:204 iter:50] data loss:0.000035, PDE loss:0.000001, physics loss:0.000064
[epoch:205 iter:50] data loss:0.000054, PDE loss:0.000002, physics loss:0.000104
[epoch:206 iter:50] data loss:0.000035, PDE loss:0.000004, physics loss:0.000091
[epoch:207 iter:50] data loss:0.000044, PDE loss:0.000001, physics loss:0.000122
[epoch:208 iter:50] data loss:0.000028, PDE loss:0.000001, physics loss:0.000057
[epoch:209 iter:50] data loss:0.000029, PDE loss:0.000000, physics loss:0.000058
[epoch:210 iter:50] data loss:0.000046, PDE loss:0.000002, physics loss:0.000087
[epoch:211 iter:50] data loss:0.000039, PDE loss:0.000001, physics loss:0.000091
[epoch:212 iter:50] data loss:0.000038, PDE loss:0.000002, physics loss:0.000088
[epoch:213 iter:50] data loss:0.000055, PDE loss:0.000003, physics loss:0.000062
[epoch:214 iter:50] data loss:0.000033, PDE loss:0.000002, physics loss:0.000093
[epoch:215 iter:50] data loss:0.000064, PDE loss:0.000002, physics loss:0.000085
[epoch:216 iter:50] data loss:0.000069, PDE loss:0.000004, physics loss:0.000110
[epoch:217 iter:50] data loss:0.000027, PDE loss:0.000002, physics loss:0.000096
[epoch:218 iter:50] data loss:0.000027, PDE loss:0.000001, physics loss:0.000039
[epoch:219 iter:50] data loss:0.000045, PDE loss:0.000001, physics loss:0.000063
[epoch:220 iter:50] data loss:0.000027, PDE loss:0.000001, physics loss:0.000093
[epoch:221 iter:50] data loss:0.000034, PDE loss:0.000000, physics loss:0.000093
[epoch:222 iter:50] data loss:0.000022, PDE loss:0.000000, physics loss:0.000059
[epoch:223 iter:50] data loss:0.000029, PDE loss:0.000001, physics loss:0.000062
[epoch:224 iter:50] data loss:0.000068, PDE loss:0.000000, physics loss:0.000102
[epoch:225 iter:50] data loss:0.000033, PDE loss:0.000001, physics loss:0.000046
[epoch:226 iter:50] data loss:0.000044, PDE loss:0.000003, physics loss:0.000055
[epoch:227 iter:50] data loss:0.000041, PDE loss:0.000000, physics loss:0.000045
[epoch:228 iter:50] data loss:0.000050, PDE loss:0.000000, physics loss:0.000083
[epoch:229 iter:50] data loss:0.000037, PDE loss:0.000000, physics loss:0.000080
[epoch:230 iter:50] data loss:0.000034, PDE loss:0.000000, physics loss:0.000104
[epoch:231 iter:50] data loss:0.000037, PDE loss:0.000000, physics loss:0.000098
[epoch:232 iter:50] data loss:0.000039, PDE loss:0.000001, physics loss:0.000065
[epoch:233 iter:50] data loss:0.000032, PDE loss:0.000000, physics loss:0.000089
[epoch:234 iter:50] data loss:0.000034, PDE loss:0.000001, physics loss:0.000095
[epoch:235 iter:50] data loss:0.000041, PDE loss:0.000000, physics loss:0.000097
[epoch:236 iter:50] data loss:0.000089, PDE loss:0.000002, physics loss:0.000072
[epoch:237 iter:50] data loss:0.000028, PDE loss:0.000000, physics loss:0.000035
[epoch:238 iter:50] data loss:0.000032, PDE loss:0.000000, physics loss:0.000098
[epoch:239 iter:50] data loss:0.000024, PDE loss:0.000002, physics loss:0.000045
[epoch:240 iter:50] data loss:0.000056, PDE loss:0.000002, physics loss:0.000062
[epoch:241 iter:50] data loss:0.000048, PDE loss:0.000000, physics loss:0.000086
[epoch:242 iter:50] data loss:0.000050, PDE loss:0.000000, physics loss:0.000064
[epoch:243 iter:50] data loss:0.000045, PDE loss:0.000001, physics loss:0.000059
[epoch:244 iter:50] data loss:0.000027, PDE loss:0.000001, physics loss:0.000076
[epoch:245 iter:50] data loss:0.000038, PDE loss:0.000000, physics loss:0.000058
[epoch:246 iter:50] data loss:0.000042, PDE loss:0.000000, physics loss:0.000067
[epoch:247 iter:50] data loss:0.000020, PDE loss:0.000001, physics loss:0.000062
[epoch:248 iter:50] data loss:0.000031, PDE loss:0.000003, physics loss:0.000051
[epoch:249 iter:50] data loss:0.000031, PDE loss:0.000001, physics loss:0.000076
[epoch:250 iter:50] data loss:0.000045, PDE loss:0.000000, physics loss:0.000103
[epoch:251 iter:50] data loss:0.000025, PDE loss:0.000001, physics loss:0.000046
[epoch:252 iter:50] data loss:0.000039, PDE loss:0.000000, physics loss:0.000065
[epoch:253 iter:50] data loss:0.000035, PDE loss:0.000002, physics loss:0.000052
[epoch:254 iter:50] data loss:0.000042, PDE loss:0.000000, physics loss:0.000082
[epoch:255 iter:50] data loss:0.000025, PDE loss:0.000001, physics loss:0.000050
[epoch:256 iter:50] data loss:0.000035, PDE loss:0.000001, physics loss:0.000066
[epoch:257 iter:50] data loss:0.000034, PDE loss:0.000000, physics loss:0.000053
[epoch:258 iter:50] data loss:0.000028, PDE loss:0.000000, physics loss:0.000050
[epoch:259 iter:50] data loss:0.000025, PDE loss:0.000000, physics loss:0.000047
[epoch:260 iter:50] data loss:0.000045, PDE loss:0.000000, physics loss:0.000064
[epoch:261 iter:50] data loss:0.000031, PDE loss:0.000000, physics loss:0.000072
[epoch:262 iter:50] data loss:0.000035, PDE loss:0.000000, physics loss:0.000051
[epoch:263 iter:50] data loss:0.000040, PDE loss:0.000001, physics loss:0.000101
[epoch:264 iter:50] data loss:0.000041, PDE loss:0.000000, physics loss:0.000076
[epoch:265 iter:50] data loss:0.000024, PDE loss:0.000000, physics loss:0.000045
[epoch:266 iter:50] data loss:0.000056, PDE loss:0.000000, physics loss:0.000053
[epoch:267 iter:50] data loss:0.000025, PDE loss:0.000000, physics loss:0.000077
[epoch:268 iter:50] data loss:0.000022, PDE loss:0.000000, physics loss:0.000067
[epoch:269 iter:50] data loss:0.000027, PDE loss:0.000000, physics loss:0.000057
[epoch:270 iter:50] data loss:0.000038, PDE loss:0.000002, physics loss:0.000116
[epoch:271 iter:50] data loss:0.000063, PDE loss:0.000001, physics loss:0.000146
[epoch:272 iter:50] data loss:0.000035, PDE loss:0.000000, physics loss:0.000064
[epoch:273 iter:50] data loss:0.000030, PDE loss:0.000001, physics loss:0.000053
[epoch:274 iter:50] data loss:0.000028, PDE loss:0.000000, physics loss:0.000059
[epoch:275 iter:50] data loss:0.000066, PDE loss:0.000002, physics loss:0.000075
[epoch:276 iter:50] data loss:0.000031, PDE loss:0.000000, physics loss:0.000048
[epoch:277 iter:50] data loss:0.000021, PDE loss:0.000000, physics loss:0.000046
[epoch:278 iter:50] data loss:0.000036, PDE loss:0.000000, physics loss:0.000073
[epoch:279 iter:50] data loss:0.000036, PDE loss:0.000000, physics loss:0.000073
[epoch:280 iter:50] data loss:0.000031, PDE loss:0.000000, physics loss:0.000081
[epoch:281 iter:50] data loss:0.000040, PDE loss:0.000001, physics loss:0.000061
[epoch:282 iter:50] data loss:0.000036, PDE loss:0.000000, physics loss:0.000073
[epoch:283 iter:50] data loss:0.000027, PDE loss:0.000001, physics loss:0.000046
[epoch:284 iter:50] data loss:0.000028, PDE loss:0.000000, physics loss:0.000052
[epoch:285 iter:50] data loss:0.000042, PDE loss:0.000000, physics loss:0.000078
[epoch:286 iter:50] data loss:0.000035, PDE loss:0.000000, physics loss:0.000028
[epoch:287 iter:50] data loss:0.000027, PDE loss:0.000000, physics loss:0.000068
[epoch:288 iter:50] data loss:0.000039, PDE loss:0.000000, physics loss:0.000065
[epoch:289 iter:50] data loss:0.000044, PDE loss:0.000000, physics loss:0.000064
[epoch:290 iter:50] data loss:0.000064, PDE loss:0.000004, physics loss:0.000074
[epoch:291 iter:50] data loss:0.000026, PDE loss:0.000000, physics loss:0.000048
[epoch:292 iter:50] data loss:0.000030, PDE loss:0.000001, physics loss:0.000045
[epoch:293 iter:50] data loss:0.000033, PDE loss:0.000003, physics loss:0.000081
[epoch:294 iter:50] data loss:0.000026, PDE loss:0.000000, physics loss:0.000055
[epoch:295 iter:50] data loss:0.000025, PDE loss:0.000000, physics loss:0.000082
[epoch:296 iter:50] data loss:0.000033, PDE loss:0.000001, physics loss:0.000065
[epoch:297 iter:50] data loss:0.000035, PDE loss:0.000001, physics loss:0.000065
[epoch:298 iter:50] data loss:0.000043, PDE loss:0.000000, physics loss:0.000115
[epoch:299 iter:50] data loss:0.000038, PDE loss:0.000000, physics loss:0.000066
[epoch:300 iter:50] data loss:0.000055, PDE loss:0.000000, physics loss:0.000097
[epoch:301 iter:50] data loss:0.000028, PDE loss:0.000000, physics loss:0.000037
[epoch:302 iter:50] data loss:0.000030, PDE loss:0.000001, physics loss:0.000065
[epoch:303 iter:50] data loss:0.000027, PDE loss:0.000000, physics loss:0.000074
[epoch:304 iter:50] data loss:0.000050, PDE loss:0.000000, physics loss:0.000100
[epoch:305 iter:50] data loss:0.000073, PDE loss:0.000000, physics loss:0.000071
[epoch:306 iter:50] data loss:0.000079, PDE loss:0.000002, physics loss:0.000054
[epoch:307 iter:50] data loss:0.000051, PDE loss:0.000000, physics loss:0.000053
[epoch:308 iter:50] data loss:0.000037, PDE loss:0.000000, physics loss:0.000035
[epoch:309 iter:50] data loss:0.000026, PDE loss:0.000000, physics loss:0.000043
[epoch:310 iter:50] data loss:0.000025, PDE loss:0.000000, physics loss:0.000047
[epoch:311 iter:50] data loss:0.000041, PDE loss:0.000000, physics loss:0.000047
[epoch:312 iter:50] data loss:0.000033, PDE loss:0.000001, physics loss:0.000030
[epoch:313 iter:50] data loss:0.000023, PDE loss:0.000000, physics loss:0.000061
[epoch:314 iter:50] data loss:0.000025, PDE loss:0.000000, physics loss:0.000063
[epoch:315 iter:50] data loss:0.000052, PDE loss:0.000000, physics loss:0.000057
[epoch:316 iter:50] data loss:0.000028, PDE loss:0.000001, physics loss:0.000067
[epoch:317 iter:50] data loss:0.000028, PDE loss:0.000000, physics loss:0.000042
[epoch:318 iter:50] data loss:0.000023, PDE loss:0.000001, physics loss:0.000078
[epoch:319 iter:50] data loss:0.000053, PDE loss:0.000001, physics loss:0.000122
[epoch:320 iter:50] data loss:0.000043, PDE loss:0.000000, physics loss:0.000090
[epoch:321 iter:50] data loss:0.000025, PDE loss:0.000000, physics loss:0.000060
[epoch:322 iter:50] data loss:0.000030, PDE loss:0.000000, physics loss:0.000060
[epoch:323 iter:50] data loss:0.000031, PDE loss:0.000000, physics loss:0.000072
[epoch:324 iter:50] data loss:0.000033, PDE loss:0.000000, physics loss:0.000079
[epoch:325 iter:50] data loss:0.000026, PDE loss:0.000000, physics loss:0.000077
[epoch:326 iter:50] data loss:0.000029, PDE loss:0.000000, physics loss:0.000059
[epoch:327 iter:50] data loss:0.000027, PDE loss:0.000000, physics loss:0.000066
[epoch:328 iter:50] data loss:0.000040, PDE loss:0.000000, physics loss:0.000081
[epoch:329 iter:50] data loss:0.000024, PDE loss:0.000000, physics loss:0.000049
[epoch:330 iter:50] data loss:0.000037, PDE loss:0.000000, physics loss:0.000038
[epoch:331 iter:50] data loss:0.000040, PDE loss:0.000000, physics loss:0.000098
[epoch:332 iter:50] data loss:0.000043, PDE loss:0.000000, physics loss:0.000103
[epoch:333 iter:50] data loss:0.000031, PDE loss:0.000000, physics loss:0.000062
[epoch:334 iter:50] data loss:0.000024, PDE loss:0.000001, physics loss:0.000057
[epoch:335 iter:50] data loss:0.000035, PDE loss:0.000000, physics loss:0.000056
[epoch:336 iter:50] data loss:0.000022, PDE loss:0.000000, physics loss:0.000048
[epoch:337 iter:50] data loss:0.000034, PDE loss:0.000001, physics loss:0.000059
[epoch:338 iter:50] data loss:0.000026, PDE loss:0.000000, physics loss:0.000053
[epoch:339 iter:50] data loss:0.000027, PDE loss:0.000000, physics loss:0.000047
[epoch:340 iter:50] data loss:0.000026, PDE loss:0.000000, physics loss:0.000052
[epoch:341 iter:50] data loss:0.000045, PDE loss:0.000000, physics loss:0.000080
[epoch:342 iter:50] data loss:0.000028, PDE loss:0.000000, physics loss:0.000094
[epoch:343 iter:50] data loss:0.000032, PDE loss:0.000000, physics loss:0.000137
[epoch:344 iter:50] data loss:0.000019, PDE loss:0.000000, physics loss:0.000042
[epoch:345 iter:50] data loss:0.000038, PDE loss:0.000000, physics loss:0.000066
[epoch:346 iter:50] data loss:0.000034, PDE loss:0.000000, physics loss:0.000084
[epoch:347 iter:50] data loss:0.000027, PDE loss:0.000000, physics loss:0.000053
[epoch:348 iter:50] data loss:0.000033, PDE loss:0.000000, physics loss:0.000048
[epoch:349 iter:50] data loss:0.000028, PDE loss:0.000001, physics loss:0.000051
[epoch:350 iter:50] data loss:0.000023, PDE loss:0.000000, physics loss:0.000032
[epoch:351 iter:50] data loss:0.000022, PDE loss:0.000000, physics loss:0.000051
[epoch:352 iter:50] data loss:0.000025, PDE loss:0.000000, physics loss:0.000043
[epoch:353 iter:50] data loss:0.000027, PDE loss:0.000000, physics loss:0.000062
[epoch:354 iter:50] data loss:0.000017, PDE loss:0.000000, physics loss:0.000038
[epoch:355 iter:50] data loss:0.000023, PDE loss:0.000000, physics loss:0.000066
[epoch:356 iter:50] data loss:0.000026, PDE loss:0.000000, physics loss:0.000088
[epoch:357 iter:50] data loss:0.000025, PDE loss:0.000000, physics loss:0.000100
[epoch:358 iter:50] data loss:0.000020, PDE loss:0.000000, physics loss:0.000089
[epoch:359 iter:50] data loss:0.000031, PDE loss:0.000000, physics loss:0.000085
[epoch:360 iter:50] data loss:0.000024, PDE loss:0.000000, physics loss:0.000073
[epoch:361 iter:50] data loss:0.000025, PDE loss:0.000000, physics loss:0.000062
[epoch:362 iter:50] data loss:0.000020, PDE loss:0.000000, physics loss:0.000019
[epoch:363 iter:50] data loss:0.000029, PDE loss:0.000000, physics loss:0.000073
[epoch:364 iter:50] data loss:0.000035, PDE loss:0.000001, physics loss:0.000046
[epoch:365 iter:50] data loss:0.000033, PDE loss:0.000000, physics loss:0.000079
[epoch:366 iter:50] data loss:0.000043, PDE loss:0.000000, physics loss:0.000078
[epoch:367 iter:50] data loss:0.000027, PDE loss:0.000000, physics loss:0.000047
[epoch:368 iter:50] data loss:0.000050, PDE loss:0.000000, physics loss:0.000077
[epoch:369 iter:50] data loss:0.000058, PDE loss:0.000001, physics loss:0.000057
[epoch:370 iter:50] data loss:0.000020, PDE loss:0.000000, physics loss:0.000042
[epoch:371 iter:50] data loss:0.000029, PDE loss:0.000000, physics loss:0.000073
[epoch:372 iter:50] data loss:0.000017, PDE loss:0.000001, physics loss:0.000071
[epoch:373 iter:50] data loss:0.000033, PDE loss:0.000000, physics loss:0.000106
[epoch:374 iter:50] data loss:0.000025, PDE loss:0.000000, physics loss:0.000068
[epoch:375 iter:50] data loss:0.000020, PDE loss:0.000000, physics loss:0.000051
[epoch:376 iter:50] data loss:0.000033, PDE loss:0.000000, physics loss:0.000033
[epoch:377 iter:50] data loss:0.000017, PDE loss:0.000001, physics loss:0.000041
[epoch:378 iter:50] data loss:0.000036, PDE loss:0.000000, physics loss:0.000045
[epoch:379 iter:50] data loss:0.000025, PDE loss:0.000001, physics loss:0.000051
[epoch:380 iter:50] data loss:0.000024, PDE loss:0.000001, physics loss:0.000043
[epoch:381 iter:50] data loss:0.000025, PDE loss:0.000000, physics loss:0.000051
[epoch:382 iter:50] data loss:0.000026, PDE loss:0.000000, physics loss:0.000082
[epoch:383 iter:50] data loss:0.000024, PDE loss:0.000001, physics loss:0.000040
[epoch:384 iter:50] data loss:0.000031, PDE loss:0.000000, physics loss:0.000062

  ERROR on DeepOPINN TJU: invalid literal for int() with base 10: 'TJU'

============================================================
  Phase 1: Training DeepOPINN on MIT (one_batch)
============================================================
  Train: 54053 samples
  Valid: 13514 samples
  Test:  14170 samples
  g_dim: 16
  Training ...
[epoch:1 iter:50] data loss:0.004165, PDE loss:0.027678, physics loss:0.002224
[epoch:1 iter:100] data loss:0.001484, PDE loss:0.020978, physics loss:0.001786
[epoch:1 iter:150] data loss:0.001003, PDE loss:0.016595, physics loss:0.002187
[epoch:1 iter:200] data loss:0.000652, PDE loss:0.017305, physics loss:0.000985
[epoch:1 iter:50] data loss:0.000405, PDE loss:0.000010, physics loss:0.000066
[epoch:2 iter:50] data loss:0.000557, PDE loss:0.014344, physics loss:0.001064
[epoch:2 iter:100] data loss:0.000474, PDE loss:0.012508, physics loss:0.000681
[epoch:2 iter:150] data loss:0.000409, PDE loss:0.011136, physics loss:0.000400
[epoch:2 iter:200] data loss:0.000334, PDE loss:0.010339, physics loss:0.000698
[epoch:2 iter:50] data loss:0.000207, PDE loss:0.000038, physics loss:0.000178
[epoch:3 iter:50] data loss:0.000312, PDE loss:0.009563, physics loss:0.000416
[epoch:3 iter:100] data loss:0.000302, PDE loss:0.008569, physics loss:0.000588
[epoch:3 iter:150] data loss:0.000276, PDE loss:0.008177, physics loss:0.000412
[epoch:3 iter:200] data loss:0.000201, PDE loss:0.007002, physics loss:0.000239
[epoch:3 iter:50] data loss:0.000136, PDE loss:0.000016, physics loss:0.000145
[epoch:4 iter:50] data loss:0.000233, PDE loss:0.006001, physics loss:0.000903
[epoch:4 iter:100] data loss:0.000200, PDE loss:0.005780, physics loss:0.000504
[epoch:4 iter:150] data loss:0.000173, PDE loss:0.005064, physics loss:0.000407
[epoch:4 iter:200] data loss:0.000172, PDE loss:0.005221, physics loss:0.000309
[epoch:4 iter:50] data loss:0.000104, PDE loss:0.000011, physics loss:0.000103
[epoch:5 iter:50] data loss:0.000165, PDE loss:0.004807, physics loss:0.000616
[epoch:5 iter:100] data loss:0.000199, PDE loss:0.004342, physics loss:0.000510
[epoch:5 iter:150] data loss:0.000163, PDE loss:0.003944, physics loss:0.000246
[epoch:5 iter:200] data loss:0.000117, PDE loss:0.002896, physics loss:0.000246
[epoch:5 iter:50] data loss:0.000079, PDE loss:0.000003, physics loss:0.000087
[epoch:6 iter:50] data loss:0.000141, PDE loss:0.003022, physics loss:0.000273
[epoch:6 iter:100] data loss:0.000142, PDE loss:0.003129, physics loss:0.000397
[epoch:6 iter:150] data loss:0.000114, PDE loss:0.003170, physics loss:0.000308
[epoch:6 iter:200] data loss:0.000127, PDE loss:0.002708, physics loss:0.000308
[epoch:6 iter:50] data loss:0.000087, PDE loss:0.000013, physics loss:0.000169
[epoch:7 iter:50] data loss:0.000122, PDE loss:0.002424, physics loss:0.000426
[epoch:7 iter:100] data loss:0.000125, PDE loss:0.001954, physics loss:0.000350
[epoch:7 iter:150] data loss:0.000121, PDE loss:0.002271, physics loss:0.000512
[epoch:7 iter:200] data loss:0.000108, PDE loss:0.002084, physics loss:0.000246
[epoch:7 iter:50] data loss:0.000072, PDE loss:0.000006, physics loss:0.000132
[epoch:8 iter:50] data loss:0.000130, PDE loss:0.001894, physics loss:0.000182
[epoch:8 iter:100] data loss:0.000136, PDE loss:0.001726, physics loss:0.000491
[epoch:8 iter:150] data loss:0.000110, PDE loss:0.001799, physics loss:0.000292
[epoch:8 iter:200] data loss:0.000100, PDE loss:0.001604, physics loss:0.000250
[epoch:8 iter:50] data loss:0.000094, PDE loss:0.000001, physics loss:0.000133
[epoch:9 iter:50] data loss:0.000090, PDE loss:0.001457, physics loss:0.000290
[epoch:9 iter:100] data loss:0.000099, PDE loss:0.001519, physics loss:0.001697
[epoch:9 iter:150] data loss:0.000083, PDE loss:0.001370, physics loss:0.000202
[epoch:9 iter:200] data loss:0.000112, PDE loss:0.001428, physics loss:0.000450
[epoch:9 iter:50] data loss:0.000072, PDE loss:0.000010, physics loss:0.000078
[epoch:10 iter:50] data loss:0.000088, PDE loss:0.001274, physics loss:0.000274
[epoch:10 iter:100] data loss:0.000097, PDE loss:0.001307, physics loss:0.000278
[epoch:10 iter:150] data loss:0.000082, PDE loss:0.001104, physics loss:0.000280
[epoch:10 iter:200] data loss:0.000086, PDE loss:0.001299, physics loss:0.000322
[epoch:10 iter:50] data loss:0.000067, PDE loss:0.000005, physics loss:0.000123
[epoch:11 iter:50] data loss:0.000073, PDE loss:0.001021, physics loss:0.000175
[epoch:11 iter:100] data loss:0.000083, PDE loss:0.001153, physics loss:0.000261
[epoch:11 iter:150] data loss:0.000097, PDE loss:0.000874, physics loss:0.000325
[epoch:11 iter:200] data loss:0.000078, PDE loss:0.001037, physics loss:0.000204
[epoch:11 iter:50] data loss:0.000070, PDE loss:0.000004, physics loss:0.000093
[epoch:12 iter:50] data loss:0.000071, PDE loss:0.000894, physics loss:0.000503
[epoch:12 iter:100] data loss:0.000090, PDE loss:0.000792, physics loss:0.000370
[epoch:12 iter:150] data loss:0.000070, PDE loss:0.000902, physics loss:0.000322
[epoch:12 iter:200] data loss:0.000069, PDE loss:0.000789, physics loss:0.000249
[epoch:12 iter:50] data loss:0.000065, PDE loss:0.000000, physics loss:0.000126
[epoch:13 iter:50] data loss:0.000104, PDE loss:0.000825, physics loss:0.000315
[epoch:13 iter:100] data loss:0.000082, PDE loss:0.000770, physics loss:0.000292
[epoch:13 iter:150] data loss:0.000084, PDE loss:0.000722, physics loss:0.000232
[epoch:13 iter:200] data loss:0.000098, PDE loss:0.000647, physics loss:0.000380
[epoch:13 iter:50] data loss:0.000061, PDE loss:0.000002, physics loss:0.000108
[epoch:14 iter:50] data loss:0.000075, PDE loss:0.000674, physics loss:0.000216
[epoch:14 iter:100] data loss:0.000072, PDE loss:0.000667, physics loss:0.000143
[epoch:14 iter:150] data loss:0.000084, PDE loss:0.000746, physics loss:0.000261
[epoch:14 iter:200] data loss:0.000071, PDE loss:0.000646, physics loss:0.000202
[epoch:14 iter:50] data loss:0.000068, PDE loss:0.000015, physics loss:0.000121
[epoch:15 iter:50] data loss:0.000091, PDE loss:0.000666, physics loss:0.000222
[epoch:15 iter:100] data loss:0.000060, PDE loss:0.000535, physics loss:0.000253
[epoch:15 iter:150] data loss:0.000072, PDE loss:0.000651, physics loss:0.000274
[epoch:15 iter:200] data loss:0.000069, PDE loss:0.000570, physics loss:0.000233
[epoch:15 iter:50] data loss:0.000090, PDE loss:0.000000, physics loss:0.000310
[epoch:16 iter:50] data loss:0.000084, PDE loss:0.000529, physics loss:0.000257
[epoch:16 iter:100] data loss:0.000057, PDE loss:0.000508, physics loss:0.000183
[epoch:16 iter:150] data loss:0.000068, PDE loss:0.000466, physics loss:0.000230
[epoch:16 iter:200] data loss:0.000091, PDE loss:0.000528, physics loss:0.000229
[epoch:16 iter:50] data loss:0.000078, PDE loss:0.000001, physics loss:0.000149
[epoch:17 iter:50] data loss:0.000087, PDE loss:0.000476, physics loss:0.000229
[epoch:17 iter:100] data loss:0.000062, PDE loss:0.000506, physics loss:0.000298
[epoch:17 iter:150] data loss:0.000069, PDE loss:0.000485, physics loss:0.000259
[epoch:17 iter:200] data loss:0.000080, PDE loss:0.000455, physics loss:0.000305
[epoch:17 iter:50] data loss:0.000070, PDE loss:0.000001, physics loss:0.000112
[epoch:18 iter:50] data loss:0.000061, PDE loss:0.000442, physics loss:0.000247
[epoch:18 iter:100] data loss:0.000053, PDE loss:0.000425, physics loss:0.000632
[epoch:18 iter:150] data loss:0.000064, PDE loss:0.000413, physics loss:0.000251
[epoch:18 iter:200] data loss:0.000051, PDE loss:0.000442, physics loss:0.000153
[epoch:18 iter:50] data loss:0.000052, PDE loss:0.000000, physics loss:0.000076
[epoch:19 iter:50] data loss:0.000069, PDE loss:0.000448, physics loss:0.000189
[epoch:19 iter:100] data loss:0.000065, PDE loss:0.000370, physics loss:0.000234
[epoch:19 iter:150] data loss:0.000055, PDE loss:0.000394, physics loss:0.000158
[epoch:19 iter:200] data loss:0.000083, PDE loss:0.000391, physics loss:0.000241
[epoch:19 iter:50] data loss:0.000048, PDE loss:0.000004, physics loss:0.000107
[epoch:20 iter:50] data loss:0.000053, PDE loss:0.000395, physics loss:0.000130
[epoch:20 iter:100] data loss:0.000052, PDE loss:0.000366, physics loss:0.000259
[epoch:20 iter:150] data loss:0.000052, PDE loss:0.000372, physics loss:0.000197
[epoch:20 iter:200] data loss:0.000043, PDE loss:0.000347, physics loss:0.000220
[epoch:20 iter:50] data loss:0.000033, PDE loss:0.000002, physics loss:0.000131
[epoch:21 iter:50] data loss:0.000050, PDE loss:0.000316, physics loss:0.000205
[epoch:21 iter:100] data loss:0.000049, PDE loss:0.000321, physics loss:0.000179
[epoch:21 iter:150] data loss:0.000057, PDE loss:0.000283, physics loss:0.000209
[epoch:21 iter:200] data loss:0.000076, PDE loss:0.000289, physics loss:0.000157
[epoch:21 iter:50] data loss:0.000041, PDE loss:0.000001, physics loss:0.000135
[epoch:22 iter:50] data loss:0.000047, PDE loss:0.000284, physics loss:0.000137
[epoch:22 iter:100] data loss:0.000061, PDE loss:0.000275, physics loss:0.000109
[epoch:22 iter:150] data loss:0.000047, PDE loss:0.000239, physics loss:0.000291
[epoch:22 iter:200] data loss:0.000069, PDE loss:0.000316, physics loss:0.000228
[epoch:22 iter:50] data loss:0.000051, PDE loss:0.000002, physics loss:0.000084
[epoch:23 iter:50] data loss:0.000059, PDE loss:0.000296, physics loss:0.000189
[epoch:23 iter:100] data loss:0.000055, PDE loss:0.000308, physics loss:0.000199
[epoch:23 iter:150] data loss:0.000044, PDE loss:0.000256, physics loss:0.000139
[epoch:23 iter:200] data loss:0.000062, PDE loss:0.000267, physics loss:0.000220
[epoch:23 iter:50] data loss:0.000053, PDE loss:0.000000, physics loss:0.000152
[epoch:24 iter:50] data loss:0.000048, PDE loss:0.000265, physics loss:0.000210
[epoch:24 iter:100] data loss:0.000089, PDE loss:0.000228, physics loss:0.000264
[epoch:24 iter:150] data loss:0.000050, PDE loss:0.000267, physics loss:0.000328
[epoch:24 iter:200] data loss:0.000055, PDE loss:0.000233, physics loss:0.000270
[epoch:24 iter:50] data loss:0.000042, PDE loss:0.000000, physics loss:0.000122
[epoch:25 iter:50] data loss:0.000044, PDE loss:0.000255, physics loss:0.000180
[epoch:25 iter:100] data loss:0.000060, PDE loss:0.000240, physics loss:0.000687
[epoch:25 iter:150] data loss:0.000047, PDE loss:0.000222, physics loss:0.000478
[epoch:25 iter:200] data loss:0.000046, PDE loss:0.000221, physics loss:0.000164
[epoch:25 iter:50] data loss:0.000042, PDE loss:0.000001, physics loss:0.000103
[epoch:26 iter:50] data loss:0.000058, PDE loss:0.000200, physics loss:0.000370
[epoch:26 iter:100] data loss:0.000112, PDE loss:0.000194, physics loss:0.000149
[epoch:26 iter:150] data loss:0.000043, PDE loss:0.000233, physics loss:0.000194
[epoch:26 iter:200] data loss:0.000065, PDE loss:0.000236, physics loss:0.000151
[epoch:26 iter:50] data loss:0.000050, PDE loss:0.000000, physics loss:0.000078
[epoch:27 iter:50] data loss:0.000046, PDE loss:0.000209, physics loss:0.000180
[epoch:27 iter:100] data loss:0.000044, PDE loss:0.000215, physics loss:0.000149
[epoch:27 iter:150] data loss:0.000061, PDE loss:0.000214, physics loss:0.000244
[epoch:27 iter:200] data loss:0.000044, PDE loss:0.000223, physics loss:0.000307
[epoch:27 iter:50] data loss:0.000036, PDE loss:0.000000, physics loss:0.000070
[epoch:28 iter:50] data loss:0.000048, PDE loss:0.000189, physics loss:0.000194
[epoch:28 iter:100] data loss:0.000049, PDE loss:0.000201, physics loss:0.000203
[epoch:28 iter:150] data loss:0.000066, PDE loss:0.000197, physics loss:0.000269
[epoch:28 iter:200] data loss:0.000053, PDE loss:0.000178, physics loss:0.000213
[epoch:28 iter:50] data loss:0.000057, PDE loss:0.000001, physics loss:0.001195
[epoch:29 iter:50] data loss:0.000047, PDE loss:0.000177, physics loss:0.000198
[epoch:29 iter:100] data loss:0.000041, PDE loss:0.000178, physics loss:0.000185
[epoch:29 iter:150] data loss:0.000045, PDE loss:0.000162, physics loss:0.000174
[epoch:29 iter:200] data loss:0.000051, PDE loss:0.000169, physics loss:0.000227
[epoch:29 iter:50] data loss:0.000048, PDE loss:0.000001, physics loss:0.000132
[epoch:30 iter:50] data loss:0.000031, PDE loss:0.000174, physics loss:0.000121
[epoch:30 iter:100] data loss:0.000050, PDE loss:0.000150, physics loss:0.000200
[epoch:30 iter:150] data loss:0.000037, PDE loss:0.000156, physics loss:0.000185
[epoch:30 iter:200] data loss:0.000044, PDE loss:0.000153, physics loss:0.000217
[epoch:30 iter:50] data loss:0.000037, PDE loss:0.000001, physics loss:0.000106
[epoch:31 iter:50] data loss:0.000046, PDE loss:0.000169, physics loss:0.000329
[epoch:31 iter:100] data loss:0.000044, PDE loss:0.000149, physics loss:0.000118
[epoch:31 iter:150] data loss:0.000054, PDE loss:0.000154, physics loss:0.000130
[epoch:31 iter:200] data loss:0.000047, PDE loss:0.000145, physics loss:0.000159
[epoch:31 iter:50] data loss:0.000080, PDE loss:0.000000, physics loss:0.000109
[epoch:32 iter:50] data loss:0.000040, PDE loss:0.000160, physics loss:0.000201
[epoch:32 iter:100] data loss:0.000034, PDE loss:0.000132, physics loss:0.000172
[epoch:32 iter:150] data loss:0.000035, PDE loss:0.000159, physics loss:0.000174
[epoch:32 iter:200] data loss:0.000056, PDE loss:0.000131, physics loss:0.000144
[epoch:32 iter:50] data loss:0.000062, PDE loss:0.000000, physics loss:0.000104
[epoch:33 iter:50] data loss:0.000039, PDE loss:0.000128, physics loss:0.000280
[epoch:33 iter:100] data loss:0.000036, PDE loss:0.000135, physics loss:0.000116
[epoch:33 iter:150] data loss:0.000042, PDE loss:0.000117, physics loss:0.000129
[epoch:33 iter:200] data loss:0.000047, PDE loss:0.000128, physics loss:0.000149
[epoch:33 iter:50] data loss:0.000028, PDE loss:0.000000, physics loss:0.000122
[epoch:34 iter:50] data loss:0.000053, PDE loss:0.000128, physics loss:0.000250
[epoch:34 iter:100] data loss:0.000052, PDE loss:0.000124, physics loss:0.000195
[epoch:34 iter:150] data loss:0.000036, PDE loss:0.000119, physics loss:0.000211
[epoch:34 iter:200] data loss:0.000038, PDE loss:0.000125, physics loss:0.000157
[epoch:34 iter:50] data loss:0.000031, PDE loss:0.000000, physics loss:0.000086
[epoch:35 iter:50] data loss:0.000032, PDE loss:0.000116, physics loss:0.000146
[epoch:35 iter:100] data loss:0.000034, PDE loss:0.000116, physics loss:0.000121
[epoch:35 iter:150] data loss:0.000035, PDE loss:0.000094, physics loss:0.000202
[epoch:35 iter:200] data loss:0.000052, PDE loss:0.000112, physics loss:0.000176
[epoch:35 iter:50] data loss:0.000037, PDE loss:0.000000, physics loss:0.000111
[epoch:36 iter:50] data loss:0.000035, PDE loss:0.000110, physics loss:0.000260
[epoch:36 iter:100] data loss:0.000039, PDE loss:0.000101, physics loss:0.000159
[epoch:36 iter:150] data loss:0.000040, PDE loss:0.000094, physics loss:0.000182
[epoch:36 iter:200] data loss:0.000036, PDE loss:0.000098, physics loss:0.000135
[epoch:36 iter:50] data loss:0.000037, PDE loss:0.000000, physics loss:0.000109
[epoch:37 iter:50] data loss:0.000040, PDE loss:0.000095, physics loss:0.000187
[epoch:37 iter:100] data loss:0.000032, PDE loss:0.000092, physics loss:0.000118
[epoch:37 iter:150] data loss:0.000030, PDE loss:0.000084, physics loss:0.000197
[epoch:37 iter:200] data loss:0.000030, PDE loss:0.000099, physics loss:0.000161
[epoch:37 iter:50] data loss:0.000045, PDE loss:0.000000, physics loss:0.000126
[epoch:38 iter:50] data loss:0.000050, PDE loss:0.000088, physics loss:0.000168
[epoch:38 iter:100] data loss:0.000041, PDE loss:0.000092, physics loss:0.000184
[epoch:38 iter:150] data loss:0.000034, PDE loss:0.000088, physics loss:0.000216
[epoch:38 iter:200] data loss:0.000029, PDE loss:0.000085, physics loss:0.000190
[epoch:38 iter:50] data loss:0.000043, PDE loss:0.000002, physics loss:0.000075
[epoch:39 iter:50] data loss:0.000035, PDE loss:0.000077, physics loss:0.000193
[epoch:39 iter:100] data loss:0.000046, PDE loss:0.000074, physics loss:0.000151
[epoch:39 iter:150] data loss:0.000040, PDE loss:0.000077, physics loss:0.000269
[epoch:39 iter:200] data loss:0.000036, PDE loss:0.000080, physics loss:0.000146
[epoch:39 iter:50] data loss:0.000046, PDE loss:0.000001, physics loss:0.000071
[epoch:40 iter:50] data loss:0.000032, PDE loss:0.000081, physics loss:0.000205
[epoch:40 iter:100] data loss:0.000039, PDE loss:0.000067, physics loss:0.000184
[epoch:40 iter:150] data loss:0.000061, PDE loss:0.000074, physics loss:0.000228
[epoch:40 iter:200] data loss:0.000030, PDE loss:0.000075, physics loss:0.000154
[epoch:40 iter:50] data loss:0.000032, PDE loss:0.000000, physics loss:0.000087
[epoch:41 iter:50] data loss:0.000032, PDE loss:0.000073, physics loss:0.000195
[epoch:41 iter:100] data loss:0.000031, PDE loss:0.000074, physics loss:0.000347
[epoch:41 iter:150] data loss:0.000033, PDE loss:0.000061, physics loss:0.000127
[epoch:41 iter:200] data loss:0.000035, PDE loss:0.000069, physics loss:0.000169
[epoch:41 iter:50] data loss:0.000027, PDE loss:0.000000, physics loss:0.000133
[epoch:42 iter:50] data loss:0.000035, PDE loss:0.000054, physics loss:0.000157
[epoch:42 iter:100] data loss:0.000034, PDE loss:0.000064, physics loss:0.000145
[epoch:42 iter:150] data loss:0.000030, PDE loss:0.000065, physics loss:0.000199
[epoch:42 iter:200] data loss:0.000036, PDE loss:0.000066, physics loss:0.000105
[epoch:42 iter:50] data loss:0.000046, PDE loss:0.000001, physics loss:0.000119
[epoch:43 iter:50] data loss:0.000036, PDE loss:0.000063, physics loss:0.000152
[epoch:43 iter:100] data loss:0.000039, PDE loss:0.000058, physics loss:0.000164
[epoch:43 iter:150] data loss:0.000029, PDE loss:0.000062, physics loss:0.000140
[epoch:43 iter:200] data loss:0.000032, PDE loss:0.000057, physics loss:0.000134
[epoch:43 iter:50] data loss:0.000034, PDE loss:0.000000, physics loss:0.000071
[epoch:44 iter:50] data loss:0.000030, PDE loss:0.000058, physics loss:0.000187
[epoch:44 iter:100] data loss:0.000034, PDE loss:0.000063, physics loss:0.000180
[epoch:44 iter:150] data loss:0.000045, PDE loss:0.000051, physics loss:0.000132
[epoch:44 iter:200] data loss:0.000029, PDE loss:0.000053, physics loss:0.000161
[epoch:44 iter:50] data loss:0.000023, PDE loss:0.000000, physics loss:0.000066
[epoch:45 iter:50] data loss:0.000024, PDE loss:0.000056, physics loss:0.000130
[epoch:45 iter:100] data loss:0.000028, PDE loss:0.000059, physics loss:0.000158
[epoch:45 iter:150] data loss:0.000029, PDE loss:0.000048, physics loss:0.000164
[epoch:45 iter:200] data loss:0.000036, PDE loss:0.000057, physics loss:0.000130
[epoch:45 iter:50] data loss:0.000031, PDE loss:0.000006, physics loss:0.000162
[epoch:46 iter:50] data loss:0.000028, PDE loss:0.000045, physics loss:0.000114
[epoch:46 iter:100] data loss:0.000031, PDE loss:0.000051, physics loss:0.000135
[epoch:46 iter:150] data loss:0.000032, PDE loss:0.000048, physics loss:0.000188
[epoch:46 iter:200] data loss:0.000034, PDE loss:0.000040, physics loss:0.000115
[epoch:46 iter:50] data loss:0.000026, PDE loss:0.000000, physics loss:0.000129
[epoch:47 iter:50] data loss:0.000033, PDE loss:0.000048, physics loss:0.000145
[epoch:47 iter:100] data loss:0.000031, PDE loss:0.000047, physics loss:0.000172
[epoch:47 iter:150] data loss:0.000029, PDE loss:0.000045, physics loss:0.000169
[epoch:47 iter:200] data loss:0.000034, PDE loss:0.000047, physics loss:0.000143
[epoch:47 iter:50] data loss:0.000026, PDE loss:0.000000, physics loss:0.000089
[epoch:48 iter:50] data loss:0.000032, PDE loss:0.000043, physics loss:0.000178
[epoch:48 iter:100] data loss:0.000030, PDE loss:0.000035, physics loss:0.000143
[epoch:48 iter:150] data loss:0.000030, PDE loss:0.000040, physics loss:0.000165
[epoch:48 iter:200] data loss:0.000026, PDE loss:0.000042, physics loss:0.000152
[epoch:48 iter:50] data loss:0.000023, PDE loss:0.000000, physics loss:0.000053
[epoch:49 iter:50] data loss:0.000031, PDE loss:0.000039, physics loss:0.000143
[epoch:49 iter:100] data loss:0.000025, PDE loss:0.000041, physics loss:0.000236
[epoch:49 iter:150] data loss:0.000025, PDE loss:0.000040, physics loss:0.000177
[epoch:49 iter:200] data loss:0.000033, PDE loss:0.000039, physics loss:0.000142
[epoch:49 iter:50] data loss:0.000027, PDE loss:0.000000, physics loss:0.000077
[epoch:50 iter:50] data loss:0.000026, PDE loss:0.000037, physics loss:0.000229
[epoch:50 iter:100] data loss:0.000028, PDE loss:0.000036, physics loss:0.000100
[epoch:50 iter:150] data loss:0.000030, PDE loss:0.000038, physics loss:0.000200
[epoch:50 iter:200] data loss:0.000023, PDE loss:0.000031, physics loss:0.000151
[epoch:50 iter:50] data loss:0.000043, PDE loss:0.000002, physics loss:0.000092
[epoch:51 iter:50] data loss:0.000054, PDE loss:0.000038, physics loss:0.000205
[epoch:51 iter:100] data loss:0.000026, PDE loss:0.000031, physics loss:0.000217
[epoch:51 iter:150] data loss:0.000026, PDE loss:0.000033, physics loss:0.000152
[epoch:51 iter:200] data loss:0.000026, PDE loss:0.000039, physics loss:0.000209
[epoch:51 iter:50] data loss:0.000023, PDE loss:0.000001, physics loss:0.000057
[epoch:52 iter:50] data loss:0.000024, PDE loss:0.000034, physics loss:0.000185
[epoch:52 iter:100] data loss:0.000030, PDE loss:0.000037, physics loss:0.000216
[epoch:52 iter:150] data loss:0.000040, PDE loss:0.000033, physics loss:0.000130
[epoch:52 iter:200] data loss:0.000028, PDE loss:0.000033, physics loss:0.000149
[epoch:52 iter:50] data loss:0.000019, PDE loss:0.000000, physics loss:0.000074
[epoch:53 iter:50] data loss:0.000025, PDE loss:0.000034, physics loss:0.000163
[epoch:53 iter:100] data loss:0.000026, PDE loss:0.000030, physics loss:0.000175
[epoch:53 iter:150] data loss:0.000026, PDE loss:0.000030, physics loss:0.000186
[epoch:53 iter:200] data loss:0.000030, PDE loss:0.000032, physics loss:0.000108
[epoch:53 iter:50] data loss:0.000021, PDE loss:0.000000, physics loss:0.000150
[epoch:54 iter:50] data loss:0.000025, PDE loss:0.000035, physics loss:0.000308
[epoch:54 iter:100] data loss:0.000031, PDE loss:0.000032, physics loss:0.000184
[epoch:54 iter:150] data loss:0.000023, PDE loss:0.000026, physics loss:0.000120
[epoch:54 iter:200] data loss:0.000024, PDE loss:0.000024, physics loss:0.000162
[epoch:54 iter:50] data loss:0.000021, PDE loss:0.000000, physics loss:0.000087
[epoch:55 iter:50] data loss:0.000024, PDE loss:0.000026, physics loss:0.000210
[epoch:55 iter:100] data loss:0.000023, PDE loss:0.000027, physics loss:0.000132
[epoch:55 iter:150] data loss:0.000026, PDE loss:0.000027, physics loss:0.000157
[epoch:55 iter:200] data loss:0.000027, PDE loss:0.000025, physics loss:0.000163
[epoch:55 iter:50] data loss:0.000021, PDE loss:0.000000, physics loss:0.000163
[epoch:56 iter:50] data loss:0.000028, PDE loss:0.000025, physics loss:0.000114
[epoch:56 iter:100] data loss:0.000030, PDE loss:0.000029, physics loss:0.000155
[epoch:56 iter:150] data loss:0.000021, PDE loss:0.000023, physics loss:0.000118
[epoch:56 iter:200] data loss:0.000028, PDE loss:0.000026, physics loss:0.000148
[epoch:56 iter:50] data loss:0.000034, PDE loss:0.000000, physics loss:0.000064
[epoch:57 iter:50] data loss:0.000029, PDE loss:0.000024, physics loss:0.000126
[epoch:57 iter:100] data loss:0.000025, PDE loss:0.000024, physics loss:0.000120
[epoch:57 iter:150] data loss:0.000029, PDE loss:0.000023, physics loss:0.000162
[epoch:57 iter:200] data loss:0.000022, PDE loss:0.000022, physics loss:0.000141
[epoch:57 iter:50] data loss:0.000017, PDE loss:0.000000, physics loss:0.000052
[epoch:58 iter:50] data loss:0.000027, PDE loss:0.000020, physics loss:0.000121
[epoch:58 iter:100] data loss:0.000025, PDE loss:0.000025, physics loss:0.000147
[epoch:58 iter:150] data loss:0.000024, PDE loss:0.000023, physics loss:0.000166
[epoch:58 iter:200] data loss:0.000026, PDE loss:0.000023, physics loss:0.000193
[epoch:58 iter:50] data loss:0.000025, PDE loss:0.000001, physics loss:0.000080
[epoch:59 iter:50] data loss:0.000031, PDE loss:0.000024, physics loss:0.000157
[epoch:59 iter:100] data loss:0.000022, PDE loss:0.000022, physics loss:0.000129
[epoch:59 iter:150] data loss:0.000028, PDE loss:0.000020, physics loss:0.000123
[epoch:59 iter:200] data loss:0.000025, PDE loss:0.000019, physics loss:0.000088
[epoch:59 iter:50] data loss:0.000030, PDE loss:0.000000, physics loss:0.000089
[epoch:60 iter:50] data loss:0.000029, PDE loss:0.000021, physics loss:0.000184
[epoch:60 iter:100] data loss:0.000019, PDE loss:0.000020, physics loss:0.000146
[epoch:60 iter:150] data loss:0.000027, PDE loss:0.000021, physics loss:0.000163
[epoch:60 iter:200] data loss:0.000019, PDE loss:0.000018, physics loss:0.000180
[epoch:60 iter:50] data loss:0.000021, PDE loss:0.000000, physics loss:0.000119
[epoch:61 iter:50] data loss:0.000025, PDE loss:0.000021, physics loss:0.000122
[epoch:61 iter:100] data loss:0.000031, PDE loss:0.000020, physics loss:0.000269
[epoch:61 iter:150] data loss:0.000026, PDE loss:0.000020, physics loss:0.000192
[epoch:61 iter:200] data loss:0.000029, PDE loss:0.000018, physics loss:0.000135
[epoch:61 iter:50] data loss:0.000040, PDE loss:0.000000, physics loss:0.000817
[epoch:62 iter:50] data loss:0.000024, PDE loss:0.000020, physics loss:0.000168
[epoch:62 iter:100] data loss:0.000024, PDE loss:0.000018, physics loss:0.000151
[epoch:62 iter:150] data loss:0.000022, PDE loss:0.000019, physics loss:0.000186
[epoch:62 iter:200] data loss:0.000023, PDE loss:0.000017, physics loss:0.000139
[epoch:62 iter:50] data loss:0.000019, PDE loss:0.000000, physics loss:0.000094
[epoch:63 iter:50] data loss:0.000028, PDE loss:0.000018, physics loss:0.000176
[epoch:63 iter:100] data loss:0.000020, PDE loss:0.000017, physics loss:0.000113
[epoch:63 iter:150] data loss:0.000025, PDE loss:0.000018, physics loss:0.000116
[epoch:63 iter:200] data loss:0.000025, PDE loss:0.000018, physics loss:0.000208
[epoch:63 iter:50] data loss:0.000025, PDE loss:0.000000, physics loss:0.000074
[epoch:64 iter:50] data loss:0.000026, PDE loss:0.000018, physics loss:0.000146
[epoch:64 iter:100] data loss:0.000024, PDE loss:0.000014, physics loss:0.000104
[epoch:64 iter:150] data loss:0.000022, PDE loss:0.000015, physics loss:0.000106
[epoch:64 iter:200] data loss:0.000023, PDE loss:0.000014, physics loss:0.000145
[epoch:64 iter:50] data loss:0.000025, PDE loss:0.000000, physics loss:0.000076
[epoch:65 iter:50] data loss:0.000031, PDE loss:0.000016, physics loss:0.000153
[epoch:65 iter:100] data loss:0.000024, PDE loss:0.000014, physics loss:0.000132
[epoch:65 iter:150] data loss:0.000022, PDE loss:0.000016, physics loss:0.000153
[epoch:65 iter:200] data loss:0.000022, PDE loss:0.000015, physics loss:0.000147
[epoch:65 iter:50] data loss:0.000022, PDE loss:0.000000, physics loss:0.000091
[epoch:66 iter:50] data loss:0.000020, PDE loss:0.000015, physics loss:0.000145
[epoch:66 iter:100] data loss:0.000024, PDE loss:0.000016, physics loss:0.000163
[epoch:66 iter:150] data loss:0.000024, PDE loss:0.000014, physics loss:0.000189
[epoch:66 iter:200] data loss:0.000023, PDE loss:0.000015, physics loss:0.000071
[epoch:66 iter:50] data loss:0.000026, PDE loss:0.000000, physics loss:0.000060
[epoch:67 iter:50] data loss:0.000021, PDE loss:0.000015, physics loss:0.000101
[epoch:67 iter:100] data loss:0.000027, PDE loss:0.000015, physics loss:0.000099
[epoch:67 iter:150] data loss:0.000026, PDE loss:0.000014, physics loss:0.000152
[epoch:67 iter:200] data loss:0.000023, PDE loss:0.000015, physics loss:0.000204
[epoch:67 iter:50] data loss:0.000022, PDE loss:0.000000, physics loss:0.000081
[epoch:68 iter:50] data loss:0.000022, PDE loss:0.000013, physics loss:0.000095
[epoch:68 iter:100] data loss:0.000022, PDE loss:0.000012, physics loss:0.000156
[epoch:68 iter:150] data loss:0.000021, PDE loss:0.000013, physics loss:0.000128
[epoch:68 iter:200] data loss:0.000028, PDE loss:0.000014, physics loss:0.000115
[epoch:68 iter:50] data loss:0.000018, PDE loss:0.000000, physics loss:0.000056
[epoch:69 iter:50] data loss:0.000019, PDE loss:0.000012, physics loss:0.000187
[epoch:69 iter:100] data loss:0.000026, PDE loss:0.000013, physics loss:0.000144
[epoch:69 iter:150] data loss:0.000022, PDE loss:0.000013, physics loss:0.000153
[epoch:69 iter:200] data loss:0.000021, PDE loss:0.000011, physics loss:0.000134
[epoch:69 iter:50] data loss:0.000022, PDE loss:0.000000, physics loss:0.000101
[epoch:70 iter:50] data loss:0.000033, PDE loss:0.000014, physics loss:0.000177
[epoch:70 iter:100] data loss:0.000021, PDE loss:0.000013, physics loss:0.000134
[epoch:70 iter:150] data loss:0.000029, PDE loss:0.000012, physics loss:0.000098
[epoch:70 iter:200] data loss:0.000022, PDE loss:0.000011, physics loss:0.000127
[epoch:70 iter:50] data loss:0.000024, PDE loss:0.000000, physics loss:0.000089
[epoch:71 iter:50] data loss:0.000023, PDE loss:0.000011, physics loss:0.000152
[epoch:71 iter:100] data loss:0.000024, PDE loss:0.000013, physics loss:0.000133
[epoch:71 iter:150] data loss:0.000022, PDE loss:0.000011, physics loss:0.000125
[epoch:71 iter:200] data loss:0.000022, PDE loss:0.000011, physics loss:0.000114
[epoch:71 iter:50] data loss:0.000024, PDE loss:0.000001, physics loss:0.000090
[epoch:72 iter:50] data loss:0.000038, PDE loss:0.000011, physics loss:0.000206
[epoch:72 iter:100] data loss:0.000022, PDE loss:0.000012, physics loss:0.000150
[epoch:72 iter:150] data loss:0.000021, PDE loss:0.000010, physics loss:0.000095
[epoch:72 iter:200] data loss:0.000023, PDE loss:0.000011, physics loss:0.000103
[epoch:72 iter:50] data loss:0.000028, PDE loss:0.000000, physics loss:0.000074
[epoch:73 iter:50] data loss:0.000020, PDE loss:0.000010, physics loss:0.000161
[epoch:73 iter:100] data loss:0.000021, PDE loss:0.000011, physics loss:0.000156
[epoch:73 iter:150] data loss:0.000020, PDE loss:0.000010, physics loss:0.000144
[epoch:73 iter:200] data loss:0.000021, PDE loss:0.000010, physics loss:0.000098
[epoch:73 iter:50] data loss:0.000015, PDE loss:0.000000, physics loss:0.000083
[epoch:74 iter:50] data loss:0.000023, PDE loss:0.000010, physics loss:0.000114
[epoch:74 iter:100] data loss:0.000019, PDE loss:0.000010, physics loss:0.000138
[epoch:74 iter:150] data loss:0.000020, PDE loss:0.000010, physics loss:0.000178
[epoch:74 iter:200] data loss:0.000017, PDE loss:0.000010, physics loss:0.000138
[epoch:74 iter:50] data loss:0.000020, PDE loss:0.000000, physics loss:0.000106
[epoch:75 iter:50] data loss:0.000022, PDE loss:0.000009, physics loss:0.000095
[epoch:75 iter:100] data loss:0.000020, PDE loss:0.000009, physics loss:0.000150
[epoch:75 iter:150] data loss:0.000029, PDE loss:0.000009, physics loss:0.000189
[epoch:75 iter:200] data loss:0.000024, PDE loss:0.000010, physics loss:0.000076
[epoch:75 iter:50] data loss:0.000017, PDE loss:0.000000, physics loss:0.000074
[epoch:76 iter:50] data loss:0.000024, PDE loss:0.000009, physics loss:0.000093
[epoch:76 iter:100] data loss:0.000026, PDE loss:0.000009, physics loss:0.000110
[epoch:76 iter:150] data loss:0.000030, PDE loss:0.000010, physics loss:0.000172
[epoch:76 iter:200] data loss:0.000021, PDE loss:0.000009, physics loss:0.000123
[epoch:76 iter:50] data loss:0.000018, PDE loss:0.000000, physics loss:0.000055
[epoch:77 iter:50] data loss:0.000023, PDE loss:0.000008, physics loss:0.000091
[epoch:77 iter:100] data loss:0.000020, PDE loss:0.000008, physics loss:0.000121
[epoch:77 iter:150] data loss:0.000023, PDE loss:0.000008, physics loss:0.000123
[epoch:77 iter:200] data loss:0.000020, PDE loss:0.000009, physics loss:0.000096
[epoch:77 iter:50] data loss:0.000024, PDE loss:0.000000, physics loss:0.000058
[epoch:78 iter:50] data loss:0.000023, PDE loss:0.000009, physics loss:0.000204
[epoch:78 iter:100] data loss:0.000019, PDE loss:0.000008, physics loss:0.000122
[epoch:78 iter:150] data loss:0.000022, PDE loss:0.000009, physics loss:0.000130
[epoch:78 iter:200] data loss:0.000016, PDE loss:0.000009, physics loss:0.000146
[epoch:78 iter:50] data loss:0.000019, PDE loss:0.000000, physics loss:0.000114
[epoch:79 iter:50] data loss:0.000019, PDE loss:0.000009, physics loss:0.000255
[epoch:79 iter:100] data loss:0.000021, PDE loss:0.000007, physics loss:0.000128
[epoch:79 iter:150] data loss:0.000020, PDE loss:0.000007, physics loss:0.000141
[epoch:79 iter:200] data loss:0.000020, PDE loss:0.000008, physics loss:0.000136
[epoch:79 iter:50] data loss:0.000015, PDE loss:0.000000, physics loss:0.000088
[epoch:80 iter:50] data loss:0.000017, PDE loss:0.000007, physics loss:0.000117
[epoch:80 iter:100] data loss:0.000023, PDE loss:0.000007, physics loss:0.000167
[epoch:80 iter:150] data loss:0.000026, PDE loss:0.000007, physics loss:0.000136
[epoch:80 iter:200] data loss:0.000020, PDE loss:0.000007, physics loss:0.000155
[epoch:80 iter:50] data loss:0.000018, PDE loss:0.000000, physics loss:0.000100
[epoch:81 iter:50] data loss:0.000024, PDE loss:0.000007, physics loss:0.000138
[epoch:81 iter:100] data loss:0.000022, PDE loss:0.000007, physics loss:0.000117
[epoch:81 iter:150] data loss:0.000016, PDE loss:0.000008, physics loss:0.000088
[epoch:81 iter:200] data loss:0.000019, PDE loss:0.000007, physics loss:0.000126
[epoch:81 iter:50] data loss:0.000022, PDE loss:0.000000, physics loss:0.000081
[epoch:82 iter:50] data loss:0.000021, PDE loss:0.000007, physics loss:0.000169
[epoch:82 iter:100] data loss:0.000022, PDE loss:0.000007, physics loss:0.000124
[epoch:82 iter:150] data loss:0.000025, PDE loss:0.000007, physics loss:0.000138
[epoch:82 iter:200] data loss:0.000021, PDE loss:0.000006, physics loss:0.000141
[epoch:82 iter:50] data loss:0.000013, PDE loss:0.000000, physics loss:0.000078
[epoch:83 iter:50] data loss:0.000021, PDE loss:0.000006, physics loss:0.000112
[epoch:83 iter:100] data loss:0.000021, PDE loss:0.000006, physics loss:0.000118
[epoch:83 iter:150] data loss:0.000020, PDE loss:0.000006, physics loss:0.000140
[epoch:83 iter:200] data loss:0.000032, PDE loss:0.000006, physics loss:0.000102
[epoch:83 iter:50] data loss:0.000020, PDE loss:0.000000, physics loss:0.000096
[epoch:84 iter:50] data loss:0.000019, PDE loss:0.000007, physics loss:0.000124
[epoch:84 iter:100] data loss:0.000024, PDE loss:0.000006, physics loss:0.000182
[epoch:84 iter:150] data loss:0.000017, PDE loss:0.000006, physics loss:0.000118
[epoch:84 iter:200] data loss:0.000019, PDE loss:0.000006, physics loss:0.000163
[epoch:84 iter:50] data loss:0.000022, PDE loss:0.000000, physics loss:0.000052
[epoch:85 iter:50] data loss:0.000023, PDE loss:0.000006, physics loss:0.000102
[epoch:85 iter:100] data loss:0.000020, PDE loss:0.000006, physics loss:0.000098
[epoch:85 iter:150] data loss:0.000018, PDE loss:0.000005, physics loss:0.000147
[epoch:85 iter:200] data loss:0.000018, PDE loss:0.000005, physics loss:0.000097
[epoch:85 iter:50] data loss:0.000016, PDE loss:0.000000, physics loss:0.000057
[epoch:86 iter:50] data loss:0.000020, PDE loss:0.000005, physics loss:0.000124
[epoch:86 iter:100] data loss:0.000018, PDE loss:0.000005, physics loss:0.000186
[epoch:86 iter:150] data loss:0.000020, PDE loss:0.000005, physics loss:0.000118
[epoch:86 iter:200] data loss:0.000016, PDE loss:0.000005, physics loss:0.000148
[epoch:86 iter:50] data loss:0.000015, PDE loss:0.000000, physics loss:0.000102
[epoch:87 iter:50] data loss:0.000019, PDE loss:0.000005, physics loss:0.000125
[epoch:87 iter:100] data loss:0.000020, PDE loss:0.000005, physics loss:0.000102
[epoch:87 iter:150] data loss:0.000018, PDE loss:0.000005, physics loss:0.000090
[epoch:87 iter:200] data loss:0.000022, PDE loss:0.000005, physics loss:0.000148
[epoch:87 iter:50] data loss:0.000022, PDE loss:0.000000, physics loss:0.000112
[epoch:88 iter:50] data loss:0.000021, PDE loss:0.000005, physics loss:0.000119
[epoch:88 iter:100] data loss:0.000021, PDE loss:0.000005, physics loss:0.000172
[epoch:88 iter:150] data loss:0.000017, PDE loss:0.000005, physics loss:0.000135
[epoch:88 iter:200] data loss:0.000017, PDE loss:0.000005, physics loss:0.000120
[epoch:88 iter:50] data loss:0.000014, PDE loss:0.000000, physics loss:0.000095
[epoch:89 iter:50] data loss:0.000020, PDE loss:0.000005, physics loss:0.000117
[epoch:89 iter:100] data loss:0.000019, PDE loss:0.000004, physics loss:0.000160
[epoch:89 iter:150] data loss:0.000018, PDE loss:0.000005, physics loss:0.000083
[epoch:89 iter:200] data loss:0.000021, PDE loss:0.000004, physics loss:0.000068
[epoch:89 iter:50] data loss:0.000028, PDE loss:0.000000, physics loss:0.000048
[epoch:90 iter:50] data loss:0.000018, PDE loss:0.000004, physics loss:0.000097
[epoch:90 iter:100] data loss:0.000021, PDE loss:0.000004, physics loss:0.000143
[epoch:90 iter:150] data loss:0.000018, PDE loss:0.000004, physics loss:0.000115
[epoch:90 iter:200] data loss:0.000021, PDE loss:0.000004, physics loss:0.000160
[epoch:90 iter:50] data loss:0.000011, PDE loss:0.000000, physics loss:0.000050
[epoch:91 iter:50] data loss:0.000018, PDE loss:0.000004, physics loss:0.000094
[epoch:91 iter:100] data loss:0.000021, PDE loss:0.000005, physics loss:0.000182
[epoch:91 iter:150] data loss:0.000018, PDE loss:0.000004, physics loss:0.000158
[epoch:91 iter:200] data loss:0.000019, PDE loss:0.000004, physics loss:0.000101
[epoch:91 iter:50] data loss:0.000017, PDE loss:0.000000, physics loss:0.000104
[epoch:92 iter:50] data loss:0.000019, PDE loss:0.000004, physics loss:0.000105
[epoch:92 iter:100] data loss:0.000019, PDE loss:0.000004, physics loss:0.000125
[epoch:92 iter:150] data loss:0.000020, PDE loss:0.000004, physics loss:0.000181
[epoch:92 iter:200] data loss:0.000024, PDE loss:0.000004, physics loss:0.000117
[epoch:92 iter:50] data loss:0.000020, PDE loss:0.000000, physics loss:0.000149
[epoch:93 iter:50] data loss:0.000015, PDE loss:0.000004, physics loss:0.000100
[epoch:93 iter:100] data loss:0.000019, PDE loss:0.000003, physics loss:0.000110
[epoch:93 iter:150] data loss:0.000018, PDE loss:0.000003, physics loss:0.000132
[epoch:93 iter:200] data loss:0.000016, PDE loss:0.000004, physics loss:0.000164
[epoch:93 iter:50] data loss:0.000017, PDE loss:0.000000, physics loss:0.000077
[epoch:94 iter:50] data loss:0.000018, PDE loss:0.000004, physics loss:0.000129
[epoch:94 iter:100] data loss:0.000016, PDE loss:0.000004, physics loss:0.000147
[epoch:94 iter:150] data loss:0.000015, PDE loss:0.000004, physics loss:0.000100
[epoch:94 iter:200] data loss:0.000017, PDE loss:0.000004, physics loss:0.000119
[epoch:94 iter:50] data loss:0.000020, PDE loss:0.000000, physics loss:0.000062
[epoch:95 iter:50] data loss:0.000025, PDE loss:0.000004, physics loss:0.000106
[epoch:95 iter:100] data loss:0.000015, PDE loss:0.000004, physics loss:0.000120
[epoch:95 iter:150] data loss:0.000031, PDE loss:0.000003, physics loss:0.000172
[epoch:95 iter:200] data loss:0.000021, PDE loss:0.000004, physics loss:0.000109
[epoch:95 iter:50] data loss:0.000013, PDE loss:0.000000, physics loss:0.000097
[epoch:96 iter:50] data loss:0.000020, PDE loss:0.000003, physics loss:0.000137
[epoch:96 iter:100] data loss:0.000020, PDE loss:0.000003, physics loss:0.000107
[epoch:96 iter:150] data loss:0.000019, PDE loss:0.000004, physics loss:0.000100
[epoch:96 iter:200] data loss:0.000028, PDE loss:0.000003, physics loss:0.000114
[epoch:96 iter:50] data loss:0.000019, PDE loss:0.000000, physics loss:0.000064
[epoch:97 iter:50] data loss:0.000018, PDE loss:0.000003, physics loss:0.000093
[epoch:97 iter:100] data loss:0.000019, PDE loss:0.000003, physics loss:0.000114
[epoch:97 iter:150] data loss:0.000018, PDE loss:0.000003, physics loss:0.000116
[epoch:97 iter:200] data loss:0.000015, PDE loss:0.000003, physics loss:0.000082
[epoch:97 iter:50] data loss:0.000019, PDE loss:0.000000, physics loss:0.000062
[epoch:98 iter:50] data loss:0.000018, PDE loss:0.000003, physics loss:0.000143
[epoch:98 iter:100] data loss:0.000019, PDE loss:0.000004, physics loss:0.000141
[epoch:98 iter:150] data loss:0.000021, PDE loss:0.000003, physics loss:0.000145
[epoch:98 iter:200] data loss:0.000020, PDE loss:0.000003, physics loss:0.000143
[epoch:98 iter:50] data loss:0.000014, PDE loss:0.000000, physics loss:0.000096
[epoch:99 iter:50] data loss:0.000020, PDE loss:0.000003, physics loss:0.000214
[epoch:99 iter:100] data loss:0.000016, PDE loss:0.000003, physics loss:0.000118
[epoch:99 iter:150] data loss:0.000016, PDE loss:0.000003, physics loss:0.000098
[epoch:99 iter:200] data loss:0.000019, PDE loss:0.000003, physics loss:0.000102
[epoch:99 iter:50] data loss:0.000016, PDE loss:0.000000, physics loss:0.000121
[epoch:100 iter:50] data loss:0.000022, PDE loss:0.000003, physics loss:0.000123
[epoch:100 iter:100] data loss:0.000017, PDE loss:0.000003, physics loss:0.000166
[epoch:100 iter:150] data loss:0.000018, PDE loss:0.000003, physics loss:0.000138
[epoch:100 iter:200] data loss:0.000021, PDE loss:0.000003, physics loss:0.000148
[epoch:100 iter:50] data loss:0.000016, PDE loss:0.000000, physics loss:0.000071
[epoch:101 iter:50] data loss:0.000018, PDE loss:0.000003, physics loss:0.000109
[epoch:101 iter:100] data loss:0.000020, PDE loss:0.000003, physics loss:0.000110
[epoch:101 iter:150] data loss:0.000017, PDE loss:0.000003, physics loss:0.000115
[epoch:101 iter:200] data loss:0.000017, PDE loss:0.000002, physics loss:0.000156
[epoch:101 iter:50] data loss:0.000013, PDE loss:0.000000, physics loss:0.000074
[epoch:102 iter:50] data loss:0.000016, PDE loss:0.000003, physics loss:0.000132
[epoch:102 iter:100] data loss:0.000019, PDE loss:0.000003, physics loss:0.000180
[epoch:102 iter:150] data loss:0.000019, PDE loss:0.000003, physics loss:0.000118
[epoch:102 iter:200] data loss:0.000018, PDE loss:0.000003, physics loss:0.000102
[epoch:102 iter:50] data loss:0.000014, PDE loss:0.000000, physics loss:0.000117
[epoch:103 iter:50] data loss:0.000017, PDE loss:0.000002, physics loss:0.000061
[epoch:103 iter:100] data loss:0.000016, PDE loss:0.000002, physics loss:0.000093
[epoch:103 iter:150] data loss:0.000018, PDE loss:0.000002, physics loss:0.000112
[epoch:103 iter:200] data loss:0.000033, PDE loss:0.000003, physics loss:0.000120
[epoch:103 iter:50] data loss:0.000016, PDE loss:0.000000, physics loss:0.000081
[epoch:104 iter:50] data loss:0.000021, PDE loss:0.000002, physics loss:0.000139
[epoch:104 iter:100] data loss:0.000018, PDE loss:0.000002, physics loss:0.000086
[epoch:104 iter:150] data loss:0.000019, PDE loss:0.000002, physics loss:0.000134
[epoch:104 iter:200] data loss:0.000017, PDE loss:0.000003, physics loss:0.000099
[epoch:104 iter:50] data loss:0.000011, PDE loss:0.000000, physics loss:0.000072
[epoch:105 iter:50] data loss:0.000016, PDE loss:0.000002, physics loss:0.000114
[epoch:105 iter:100] data loss:0.000016, PDE loss:0.000002, physics loss:0.000126
[epoch:105 iter:150] data loss:0.000015, PDE loss:0.000002, physics loss:0.000092
[epoch:105 iter:200] data loss:0.000015, PDE loss:0.000002, physics loss:0.000153
[epoch:105 iter:50] data loss:0.000029, PDE loss:0.000000, physics loss:0.000112
[epoch:106 iter:50] data loss:0.000017, PDE loss:0.000003, physics loss:0.000077
[epoch:106 iter:100] data loss:0.000016, PDE loss:0.000002, physics loss:0.000143
[epoch:106 iter:150] data loss:0.000014, PDE loss:0.000002, physics loss:0.000101
[epoch:106 iter:200] data loss:0.000019, PDE loss:0.000002, physics loss:0.000109
[epoch:106 iter:50] data loss:0.000019, PDE loss:0.000000, physics loss:0.000083
[epoch:107 iter:50] data loss:0.000018, PDE loss:0.000002, physics loss:0.000163
[epoch:107 iter:100] data loss:0.000017, PDE loss:0.000002, physics loss:0.000099
[epoch:107 iter:150] data loss:0.000015, PDE loss:0.000002, physics loss:0.000118
[epoch:107 iter:200] data loss:0.000013, PDE loss:0.000002, physics loss:0.000117
[epoch:107 iter:50] data loss:0.000011, PDE loss:0.000000, physics loss:0.000086
[epoch:108 iter:50] data loss:0.000016, PDE loss:0.000002, physics loss:0.000057
[epoch:108 iter:100] data loss:0.000015, PDE loss:0.000002, physics loss:0.000107
[epoch:108 iter:150] data loss:0.000016, PDE loss:0.000002, physics loss:0.000090
[epoch:108 iter:200] data loss:0.000015, PDE loss:0.000002, physics loss:0.000133
[epoch:108 iter:50] data loss:0.000016, PDE loss:0.000000, physics loss:0.000072
[epoch:109 iter:50] data loss:0.000017, PDE loss:0.000002, physics loss:0.000150
[epoch:109 iter:100] data loss:0.000017, PDE loss:0.000002, physics loss:0.000101
[epoch:109 iter:150] data loss:0.000021, PDE loss:0.000002, physics loss:0.000172
[epoch:109 iter:200] data loss:0.000014, PDE loss:0.000002, physics loss:0.000091
[epoch:109 iter:50] data loss:0.000012, PDE loss:0.000000, physics loss:0.000100
[epoch:110 iter:50] data loss:0.000015, PDE loss:0.000002, physics loss:0.000113
[epoch:110 iter:100] data loss:0.000014, PDE loss:0.000002, physics loss:0.000168
[epoch:110 iter:150] data loss:0.000015, PDE loss:0.000002, physics loss:0.000093
[epoch:110 iter:200] data loss:0.000015, PDE loss:0.000002, physics loss:0.000108
[epoch:110 iter:50] data loss:0.000012, PDE loss:0.000000, physics loss:0.000063
[epoch:111 iter:50] data loss:0.000016, PDE loss:0.000002, physics loss:0.000087
[epoch:111 iter:100] data loss:0.000016, PDE loss:0.000002, physics loss:0.000092
[epoch:111 iter:150] data loss:0.000013, PDE loss:0.000002, physics loss:0.000077
[epoch:111 iter:200] data loss:0.000015, PDE loss:0.000002, physics loss:0.000141
[epoch:111 iter:50] data loss:0.000020, PDE loss:0.000000, physics loss:0.000075
[epoch:112 iter:50] data loss:0.000015, PDE loss:0.000002, physics loss:0.000111
[epoch:112 iter:100] data loss:0.000017, PDE loss:0.000002, physics loss:0.000090
[epoch:112 iter:150] data loss:0.000016, PDE loss:0.000002, physics loss:0.000117
[epoch:112 iter:200] data loss:0.000017, PDE loss:0.000002, physics loss:0.000104
[epoch:112 iter:50] data loss:0.000032, PDE loss:0.000000, physics loss:0.000222
[epoch:113 iter:50] data loss:0.000017, PDE loss:0.000002, physics loss:0.000147
[epoch:113 iter:100] data loss:0.000017, PDE loss:0.000002, physics loss:0.000203
[epoch:113 iter:150] data loss:0.000016, PDE loss:0.000002, physics loss:0.000103
[epoch:113 iter:200] data loss:0.000017, PDE loss:0.000002, physics loss:0.000086
[epoch:113 iter:50] data loss:0.000015, PDE loss:0.000000, physics loss:0.000097
[epoch:114 iter:50] data loss:0.000029, PDE loss:0.000002, physics loss:0.000111
[epoch:114 iter:100] data loss:0.000016, PDE loss:0.000002, physics loss:0.000093
[epoch:114 iter:150] data loss:0.000016, PDE loss:0.000002, physics loss:0.000145
[epoch:114 iter:200] data loss:0.000016, PDE loss:0.000002, physics loss:0.000085
[epoch:114 iter:50] data loss:0.000013, PDE loss:0.000000, physics loss:0.000095
[epoch:115 iter:50] data loss:0.000015, PDE loss:0.000002, physics loss:0.000108
[epoch:115 iter:100] data loss:0.000017, PDE loss:0.000001, physics loss:0.000097
[epoch:115 iter:150] data loss:0.000016, PDE loss:0.000002, physics loss:0.000124
[epoch:115 iter:200] data loss:0.000014, PDE loss:0.000002, physics loss:0.000137
[epoch:115 iter:50] data loss:0.000013, PDE loss:0.000000, physics loss:0.000051
[epoch:116 iter:50] data loss:0.000015, PDE loss:0.000001, physics loss:0.000119
[epoch:116 iter:100] data loss:0.000016, PDE loss:0.000002, physics loss:0.000119
[epoch:116 iter:150] data loss:0.000017, PDE loss:0.000001, physics loss:0.000092
[epoch:116 iter:200] data loss:0.000016, PDE loss:0.000002, physics loss:0.000103
[epoch:116 iter:50] data loss:0.000024, PDE loss:0.000000, physics loss:0.000059
[epoch:117 iter:50] data loss:0.000016, PDE loss:0.000001, physics loss:0.000092
[epoch:117 iter:100] data loss:0.000014, PDE loss:0.000002, physics loss:0.000103
[epoch:117 iter:150] data loss:0.000032, PDE loss:0.000002, physics loss:0.000145
[epoch:117 iter:200] data loss:0.000020, PDE loss:0.000001, physics loss:0.000139
[epoch:117 iter:50] data loss:0.000018, PDE loss:0.000000, physics loss:0.000084
[epoch:118 iter:50] data loss:0.000014, PDE loss:0.000001, physics loss:0.000081
[epoch:118 iter:100] data loss:0.000016, PDE loss:0.000001, physics loss:0.000105
[epoch:118 iter:150] data loss:0.000016, PDE loss:0.000001, physics loss:0.000129
[epoch:118 iter:200] data loss:0.000016, PDE loss:0.000001, physics loss:0.000100
[epoch:118 iter:50] data loss:0.000027, PDE loss:0.000000, physics loss:0.000102
[epoch:119 iter:50] data loss:0.000015, PDE loss:0.000001, physics loss:0.000086
[epoch:119 iter:100] data loss:0.000015, PDE loss:0.000001, physics loss:0.000132
[epoch:119 iter:150] data loss:0.000016, PDE loss:0.000001, physics loss:0.000090
[epoch:119 iter:200] data loss:0.000015, PDE loss:0.000001, physics loss:0.000071
[epoch:119 iter:50] data loss:0.000015, PDE loss:0.000000, physics loss:0.000073
[epoch:120 iter:50] data loss:0.000015, PDE loss:0.000001, physics loss:0.000077
[epoch:120 iter:100] data loss:0.000016, PDE loss:0.000001, physics loss:0.000108
[epoch:120 iter:150] data loss:0.000014, PDE loss:0.000001, physics loss:0.000088
[epoch:120 iter:200] data loss:0.000016, PDE loss:0.000001, physics loss:0.000100
[epoch:120 iter:50] data loss:0.000011, PDE loss:0.000000, physics loss:0.000082
[epoch:121 iter:50] data loss:0.000015, PDE loss:0.000001, physics loss:0.000102
[epoch:121 iter:100] data loss:0.000016, PDE loss:0.000001, physics loss:0.000081
[epoch:121 iter:150] data loss:0.000025, PDE loss:0.000001, physics loss:0.000099
[epoch:121 iter:200] data loss:0.000015, PDE loss:0.000001, physics loss:0.000095
[epoch:121 iter:50] data loss:0.000017, PDE loss:0.000000, physics loss:0.000070
[epoch:122 iter:50] data loss:0.000015, PDE loss:0.000002, physics loss:0.000082
[epoch:122 iter:100] data loss:0.000017, PDE loss:0.000001, physics loss:0.000078
[epoch:122 iter:150] data loss:0.000015, PDE loss:0.000001, physics loss:0.000097
[epoch:122 iter:200] data loss:0.000013, PDE loss:0.000001, physics loss:0.000123
[epoch:122 iter:50] data loss:0.000018, PDE loss:0.000000, physics loss:0.000077
[epoch:123 iter:50] data loss:0.000015, PDE loss:0.000001, physics loss:0.000079
[epoch:123 iter:100] data loss:0.000010, PDE loss:0.000001, physics loss:0.000076
[epoch:123 iter:150] data loss:0.000013, PDE loss:0.000001, physics loss:0.000090
[epoch:123 iter:200] data loss:0.000018, PDE loss:0.000001, physics loss:0.000144
[epoch:123 iter:50] data loss:0.000011, PDE loss:0.000000, physics loss:0.000082
[epoch:124 iter:50] data loss:0.000015, PDE loss:0.000001, physics loss:0.000109
[epoch:124 iter:100] data loss:0.000015, PDE loss:0.000001, physics loss:0.000123
[epoch:124 iter:150] data loss:0.000012, PDE loss:0.000001, physics loss:0.000132
[epoch:124 iter:200] data loss:0.000016, PDE loss:0.000001, physics loss:0.000159
[epoch:124 iter:50] data loss:0.000018, PDE loss:0.000000, physics loss:0.000070
[epoch:125 iter:50] data loss:0.000017, PDE loss:0.000001, physics loss:0.000131
[epoch:125 iter:100] data loss:0.000014, PDE loss:0.000001, physics loss:0.000064
[epoch:125 iter:150] data loss:0.000015, PDE loss:0.000001, physics loss:0.000086
[epoch:125 iter:200] data loss:0.000015, PDE loss:0.000001, physics loss:0.000126
[epoch:125 iter:50] data loss:0.000014, PDE loss:0.000000, physics loss:0.000059
[epoch:126 iter:50] data loss:0.000013, PDE loss:0.000001, physics loss:0.000076
[epoch:126 iter:100] data loss:0.000014, PDE loss:0.000001, physics loss:0.000149
[epoch:126 iter:150] data loss:0.000015, PDE loss:0.000001, physics loss:0.000202
[epoch:126 iter:200] data loss:0.000015, PDE loss:0.000001, physics loss:0.000093
[epoch:126 iter:50] data loss:0.000012, PDE loss:0.000000, physics loss:0.000070
[epoch:127 iter:50] data loss:0.000016, PDE loss:0.000001, physics loss:0.000131
[epoch:127 iter:100] data loss:0.000017, PDE loss:0.000001, physics loss:0.000167
[epoch:127 iter:150] data loss:0.000014, PDE loss:0.000001, physics loss:0.000146
[epoch:127 iter:200] data loss:0.000012, PDE loss:0.000001, physics loss:0.000105
[epoch:127 iter:50] data loss:0.000015, PDE loss:0.000000, physics loss:0.000109
[epoch:128 iter:50] data loss:0.000013, PDE loss:0.000001, physics loss:0.000058
[epoch:128 iter:100] data loss:0.000017, PDE loss:0.000001, physics loss:0.000221
[epoch:128 iter:150] data loss:0.000015, PDE loss:0.000001, physics loss:0.000131
[epoch:128 iter:200] data loss:0.000013, PDE loss:0.000001, physics loss:0.000131
[epoch:128 iter:50] data loss:0.000013, PDE loss:0.000000, physics loss:0.000104
[epoch:129 iter:50] data loss:0.000014, PDE loss:0.000001, physics loss:0.000087
[epoch:129 iter:100] data loss:0.000012, PDE loss:0.000001, physics loss:0.000070
[epoch:129 iter:150] data loss:0.000012, PDE loss:0.000001, physics loss:0.000079
[epoch:129 iter:200] data loss:0.000013, PDE loss:0.000001, physics loss:0.000095
[epoch:129 iter:50] data loss:0.000015, PDE loss:0.000000, physics loss:0.000037
[epoch:130 iter:50] data loss:0.000013, PDE loss:0.000001, physics loss:0.000079
[epoch:130 iter:100] data loss:0.000015, PDE loss:0.000001, physics loss:0.000104
[epoch:130 iter:150] data loss:0.000013, PDE loss:0.000001, physics loss:0.000079
[epoch:130 iter:200] data loss:0.000014, PDE loss:0.000001, physics loss:0.000110
[epoch:130 iter:50] data loss:0.000009, PDE loss:0.000000, physics loss:0.000076
[epoch:131 iter:50] data loss:0.000015, PDE loss:0.000001, physics loss:0.000095
[epoch:131 iter:100] data loss:0.000014, PDE loss:0.000001, physics loss:0.000097
[epoch:131 iter:150] data loss:0.000013, PDE loss:0.000001, physics loss:0.000126
[epoch:131 iter:200] data loss:0.000012, PDE loss:0.000001, physics loss:0.000101
[epoch:131 iter:50] data loss:0.000026, PDE loss:0.000000, physics loss:0.000075
[epoch:132 iter:50] data loss:0.000014, PDE loss:0.000001, physics loss:0.000082
[epoch:132 iter:100] data loss:0.000021, PDE loss:0.000001, physics loss:0.000101
[epoch:132 iter:150] data loss:0.000011, PDE loss:0.000001, physics loss:0.000078
[epoch:132 iter:200] data loss:0.000014, PDE loss:0.000001, physics loss:0.000095
[epoch:132 iter:50] data loss:0.000011, PDE loss:0.000000, physics loss:0.000064
[epoch:133 iter:50] data loss:0.000015, PDE loss:0.000001, physics loss:0.000124
[epoch:133 iter:100] data loss:0.000017, PDE loss:0.000001, physics loss:0.000098
[epoch:133 iter:150] data loss:0.000016, PDE loss:0.000001, physics loss:0.000091
[epoch:133 iter:200] data loss:0.000011, PDE loss:0.000001, physics loss:0.000084
[epoch:133 iter:50] data loss:0.000015, PDE loss:0.000000, physics loss:0.000083
[epoch:134 iter:50] data loss:0.000013, PDE loss:0.000001, physics loss:0.000094
[epoch:134 iter:100] data loss:0.000011, PDE loss:0.000001, physics loss:0.000118
[epoch:134 iter:150] data loss:0.000012, PDE loss:0.000001, physics loss:0.000082
[epoch:134 iter:200] data loss:0.000012, PDE loss:0.000001, physics loss:0.000089
[epoch:134 iter:50] data loss:0.000013, PDE loss:0.000000, physics loss:0.000057
[epoch:135 iter:50] data loss:0.000012, PDE loss:0.000001, physics loss:0.000091
[epoch:135 iter:100] data loss:0.000013, PDE loss:0.000001, physics loss:0.000093
[epoch:135 iter:150] data loss:0.000015, PDE loss:0.000001, physics loss:0.000113
[epoch:135 iter:200] data loss:0.000015, PDE loss:0.000001, physics loss:0.000101
[epoch:135 iter:50] data loss:0.000016, PDE loss:0.000000, physics loss:0.000144
[epoch:136 iter:50] data loss:0.000016, PDE loss:0.000001, physics loss:0.000115
[epoch:136 iter:100] data loss:0.000013, PDE loss:0.000001, physics loss:0.000055
[epoch:136 iter:150] data loss:0.000016, PDE loss:0.000001, physics loss:0.000077
[epoch:136 iter:200] data loss:0.000012, PDE loss:0.000001, physics loss:0.000103
[epoch:136 iter:50] data loss:0.000012, PDE loss:0.000000, physics loss:0.000074
[epoch:137 iter:50] data loss:0.000014, PDE loss:0.000001, physics loss:0.000161
[epoch:137 iter:100] data loss:0.000011, PDE loss:0.000001, physics loss:0.000064
[epoch:137 iter:150] data loss:0.000015, PDE loss:0.000001, physics loss:0.000087
[epoch:137 iter:200] data loss:0.000012, PDE loss:0.000001, physics loss:0.000142
[epoch:137 iter:50] data loss:0.000023, PDE loss:0.000000, physics loss:0.000082
[epoch:138 iter:50] data loss:0.000012, PDE loss:0.000001, physics loss:0.000088
[epoch:138 iter:100] data loss:0.000012, PDE loss:0.000001, physics loss:0.000114
[epoch:138 iter:150] data loss:0.000013, PDE loss:0.000001, physics loss:0.000070
[epoch:138 iter:200] data loss:0.000015, PDE loss:0.000001, physics loss:0.000102
[epoch:138 iter:50] data loss:0.000013, PDE loss:0.000000, physics loss:0.000086
[epoch:139 iter:50] data loss:0.000012, PDE loss:0.000001, physics loss:0.000118
[epoch:139 iter:100] data loss:0.000016, PDE loss:0.000001, physics loss:0.000102
[epoch:139 iter:150] data loss:0.000013, PDE loss:0.000001, physics loss:0.000076
[epoch:139 iter:200] data loss:0.000013, PDE loss:0.000001, physics loss:0.000070
[epoch:139 iter:50] data loss:0.000014, PDE loss:0.000000, physics loss:0.000128
[epoch:140 iter:50] data loss:0.000013, PDE loss:0.000001, physics loss:0.000090
[epoch:140 iter:100] data loss:0.000016, PDE loss:0.000001, physics loss:0.000083
[epoch:140 iter:150] data loss:0.000012, PDE loss:0.000001, physics loss:0.000103
[epoch:140 iter:200] data loss:0.000015, PDE loss:0.000001, physics loss:0.000093
[epoch:140 iter:50] data loss:0.000011, PDE loss:0.000000, physics loss:0.000101
[epoch:141 iter:50] data loss:0.000012, PDE loss:0.000001, physics loss:0.000107
[epoch:141 iter:100] data loss:0.000013, PDE loss:0.000001, physics loss:0.000115
[epoch:141 iter:150] data loss:0.000013, PDE loss:0.000001, physics loss:0.000103
[epoch:141 iter:200] data loss:0.000013, PDE loss:0.000001, physics loss:0.000086
[epoch:141 iter:50] data loss:0.000018, PDE loss:0.000000, physics loss:0.000050
[epoch:142 iter:50] data loss:0.000014, PDE loss:0.000001, physics loss:0.000137
[epoch:142 iter:100] data loss:0.000016, PDE loss:0.000001, physics loss:0.000101
[epoch:142 iter:150] data loss:0.000013, PDE loss:0.000001, physics loss:0.000094
[epoch:142 iter:200] data loss:0.000014, PDE loss:0.000001, physics loss:0.000119
[epoch:142 iter:50] data loss:0.000020, PDE loss:0.000000, physics loss:0.000080
[epoch:143 iter:50] data loss:0.000013, PDE loss:0.000001, physics loss:0.000087
[epoch:143 iter:100] data loss:0.000013, PDE loss:0.000001, physics loss:0.000102
[epoch:143 iter:150] data loss:0.000013, PDE loss:0.000001, physics loss:0.000095
[epoch:143 iter:200] data loss:0.000013, PDE loss:0.000001, physics loss:0.000076
[epoch:143 iter:50] data loss:0.000014, PDE loss:0.000000, physics loss:0.000127
[epoch:144 iter:50] data loss:0.000014, PDE loss:0.000001, physics loss:0.000090
[epoch:144 iter:100] data loss:0.000011, PDE loss:0.000001, physics loss:0.000119
[epoch:144 iter:150] data loss:0.000012, PDE loss:0.000001, physics loss:0.000072
[epoch:144 iter:200] data loss:0.000013, PDE loss:0.000001, physics loss:0.000093
[epoch:144 iter:50] data loss:0.000013, PDE loss:0.000000, physics loss:0.000079
[epoch:145 iter:50] data loss:0.000013, PDE loss:0.000001, physics loss:0.000116
[epoch:145 iter:100] data loss:0.000011, PDE loss:0.000001, physics loss:0.000110
[epoch:145 iter:150] data loss:0.000014, PDE loss:0.000001, physics loss:0.000114
[epoch:145 iter:200] data loss:0.000013, PDE loss:0.000001, physics loss:0.000091
[epoch:145 iter:50] data loss:0.000017, PDE loss:0.000000, physics loss:0.000116
[epoch:146 iter:50] data loss:0.000012, PDE loss:0.000001, physics loss:0.000059
[epoch:146 iter:100] data loss:0.000014, PDE loss:0.000001, physics loss:0.000067
[epoch:146 iter:150] data loss:0.000026, PDE loss:0.000001, physics loss:0.000086
[epoch:146 iter:200] data loss:0.000014, PDE loss:0.000000, physics loss:0.000074
[epoch:146 iter:50] data loss:0.000014, PDE loss:0.000000, physics loss:0.000067
[epoch:147 iter:50] data loss:0.000012, PDE loss:0.000001, physics loss:0.000116
[epoch:147 iter:100] data loss:0.000011, PDE loss:0.000001, physics loss:0.000091
[epoch:147 iter:150] data loss:0.000014, PDE loss:0.000001, physics loss:0.000082
[epoch:147 iter:200] data loss:0.000013, PDE loss:0.000001, physics loss:0.000077
[epoch:147 iter:50] data loss:0.000011, PDE loss:0.000000, physics loss:0.000087
[epoch:148 iter:50] data loss:0.000016, PDE loss:0.000000, physics loss:0.000107
[epoch:148 iter:100] data loss:0.000012, PDE loss:0.000001, physics loss:0.000139
[epoch:148 iter:150] data loss:0.000014, PDE loss:0.000001, physics loss:0.000128
[epoch:148 iter:200] data loss:0.000012, PDE loss:0.000001, physics loss:0.000105
[epoch:148 iter:50] data loss:0.000022, PDE loss:0.000000, physics loss:0.000064
[epoch:149 iter:50] data loss:0.000012, PDE loss:0.000001, physics loss:0.000123
[epoch:149 iter:100] data loss:0.000012, PDE loss:0.000000, physics loss:0.000100
[epoch:149 iter:150] data loss:0.000011, PDE loss:0.000001, physics loss:0.000095
[epoch:149 iter:200] data loss:0.000012, PDE loss:0.000001, physics loss:0.000088
[epoch:149 iter:50] data loss:0.000012, PDE loss:0.000000, physics loss:0.000121
[epoch:150 iter:50] data loss:0.000014, PDE loss:0.000001, physics loss:0.000103
[epoch:150 iter:100] data loss:0.000017, PDE loss:0.000001, physics loss:0.000153
[epoch:150 iter:150] data loss:0.000013, PDE loss:0.000000, physics loss:0.000088
[epoch:150 iter:200] data loss:0.000014, PDE loss:0.000000, physics loss:0.000101
[epoch:150 iter:50] data loss:0.000012, PDE loss:0.000000, physics loss:0.000068
[epoch:151 iter:50] data loss:0.000011, PDE loss:0.000000, physics loss:0.000088
[epoch:151 iter:100] data loss:0.000014, PDE loss:0.000000, physics loss:0.000103
[epoch:151 iter:150] data loss:0.000012, PDE loss:0.000001, physics loss:0.000079
[epoch:151 iter:200] data loss:0.000012, PDE loss:0.000001, physics loss:0.000059
[epoch:151 iter:50] data loss:0.000010, PDE loss:0.000000, physics loss:0.000097
[epoch:152 iter:50] data loss:0.000013, PDE loss:0.000001, physics loss:0.000106
[epoch:152 iter:100] data loss:0.000013, PDE loss:0.000000, physics loss:0.000134
[epoch:152 iter:150] data loss:0.000010, PDE loss:0.000000, physics loss:0.000104
[epoch:152 iter:200] data loss:0.000011, PDE loss:0.000000, physics loss:0.000122
[epoch:152 iter:50] data loss:0.000015, PDE loss:0.000000, physics loss:0.000096
[epoch:153 iter:50] data loss:0.000012, PDE loss:0.000000, physics loss:0.000086
[epoch:153 iter:100] data loss:0.000010, PDE loss:0.000000, physics loss:0.000071
[epoch:153 iter:150] data loss:0.000012, PDE loss:0.000000, physics loss:0.000112
[epoch:153 iter:200] data loss:0.000014, PDE loss:0.000000, physics loss:0.000106
[epoch:153 iter:50] data loss:0.000015, PDE loss:0.000000, physics loss:0.000090
[epoch:154 iter:50] data loss:0.000012, PDE loss:0.000000, physics loss:0.000077
[epoch:154 iter:100] data loss:0.000013, PDE loss:0.000001, physics loss:0.000081
[epoch:154 iter:150] data loss:0.000011, PDE loss:0.000000, physics loss:0.000079
[epoch:154 iter:200] data loss:0.000013, PDE loss:0.000000, physics loss:0.000098
[epoch:154 iter:50] data loss:0.000014, PDE loss:0.000000, physics loss:0.000068
[epoch:155 iter:50] data loss:0.000012, PDE loss:0.000000, physics loss:0.000106
[epoch:155 iter:100] data loss:0.000010, PDE loss:0.000000, physics loss:0.000094
[epoch:155 iter:150] data loss:0.000013, PDE loss:0.000000, physics loss:0.000094
[epoch:155 iter:200] data loss:0.000011, PDE loss:0.000000, physics loss:0.000122
[epoch:155 iter:50] data loss:0.000012, PDE loss:0.000000, physics loss:0.000092
[epoch:156 iter:50] data loss:0.000015, PDE loss:0.000000, physics loss:0.000090
[epoch:156 iter:100] data loss:0.000012, PDE loss:0.000000, physics loss:0.000089
[epoch:156 iter:150] data loss:0.000012, PDE loss:0.000000, physics loss:0.000107
[epoch:156 iter:200] data loss:0.000011, PDE loss:0.000000, physics loss:0.000097
[epoch:156 iter:50] data loss:0.000013, PDE loss:0.000000, physics loss:0.000057
[epoch:157 iter:50] data loss:0.000011, PDE loss:0.000000, physics loss:0.000109
[epoch:157 iter:100] data loss:0.000010, PDE loss:0.000000, physics loss:0.000092
[epoch:157 iter:150] data loss:0.000012, PDE loss:0.000000, physics loss:0.000074
[epoch:157 iter:200] data loss:0.000012, PDE loss:0.000000, physics loss:0.000108
[epoch:157 iter:50] data loss:0.000022, PDE loss:0.000000, physics loss:0.000067
[epoch:158 iter:50] data loss:0.000012, PDE loss:0.000000, physics loss:0.000115
[epoch:158 iter:100] data loss:0.000013, PDE loss:0.000000, physics loss:0.000104
[epoch:158 iter:150] data loss:0.000010, PDE loss:0.000000, physics loss:0.000122
[epoch:158 iter:200] data loss:0.000010, PDE loss:0.000000, physics loss:0.000079
[epoch:158 iter:50] data loss:0.000008, PDE loss:0.000000, physics loss:0.000065
[epoch:159 iter:50] data loss:0.000014, PDE loss:0.000001, physics loss:0.000135
[epoch:159 iter:100] data loss:0.000009, PDE loss:0.000000, physics loss:0.000084
[epoch:159 iter:150] data loss:0.000014, PDE loss:0.000000, physics loss:0.000113
[epoch:159 iter:200] data loss:0.000010, PDE loss:0.000000, physics loss:0.000111
[epoch:159 iter:50] data loss:0.000011, PDE loss:0.000000, physics loss:0.000076
[epoch:160 iter:50] data loss:0.000011, PDE loss:0.000000, physics loss:0.000080
[epoch:160 iter:100] data loss:0.000011, PDE loss:0.000000, physics loss:0.000092
[epoch:160 iter:150] data loss:0.000012, PDE loss:0.000000, physics loss:0.000172
[epoch:160 iter:200] data loss:0.000012, PDE loss:0.000000, physics loss:0.000075
[epoch:160 iter:50] data loss:0.000010, PDE loss:0.000000, physics loss:0.000064
[epoch:161 iter:50] data loss:0.000012, PDE loss:0.000000, physics loss:0.000093
[epoch:161 iter:100] data loss:0.000012, PDE loss:0.000000, physics loss:0.000101
[epoch:161 iter:150] data loss:0.000011, PDE loss:0.000000, physics loss:0.000082
[epoch:161 iter:200] data loss:0.000011, PDE loss:0.000000, physics loss:0.000072
[epoch:161 iter:50] data loss:0.000010, PDE loss:0.000000, physics loss:0.000101
[epoch:162 iter:50] data loss:0.000013, PDE loss:0.000000, physics loss:0.000111
[epoch:162 iter:100] data loss:0.000012, PDE loss:0.000000, physics loss:0.000106
[epoch:162 iter:150] data loss:0.000012, PDE loss:0.000000, physics loss:0.000082
[epoch:162 iter:200] data loss:0.000013, PDE loss:0.000000, physics loss:0.000081
[epoch:162 iter:50] data loss:0.000013, PDE loss:0.000000, physics loss:0.000053
[epoch:163 iter:50] data loss:0.000012, PDE loss:0.000000, physics loss:0.000093
[epoch:163 iter:100] data loss:0.000013, PDE loss:0.000000, physics loss:0.000102
[epoch:163 iter:150] data loss:0.000014, PDE loss:0.000000, physics loss:0.000086
[epoch:163 iter:200] data loss:0.000011, PDE loss:0.000000, physics loss:0.000075
[epoch:163 iter:50] data loss:0.000018, PDE loss:0.000000, physics loss:0.000052
[epoch:164 iter:50] data loss:0.000011, PDE loss:0.000000, physics loss:0.000083
[epoch:164 iter:100] data loss:0.000009, PDE loss:0.000000, physics loss:0.000063
[epoch:164 iter:150] data loss:0.000010, PDE loss:0.000000, physics loss:0.000086
[epoch:164 iter:200] data loss:0.000011, PDE loss:0.000000, physics loss:0.000067
[epoch:164 iter:50] data loss:0.000020, PDE loss:0.000000, physics loss:0.000091
[epoch:165 iter:50] data loss:0.000011, PDE loss:0.000000, physics loss:0.000174
[epoch:165 iter:100] data loss:0.000011, PDE loss:0.000000, physics loss:0.000079
[epoch:165 iter:150] data loss:0.000014, PDE loss:0.000000, physics loss:0.000087
[epoch:165 iter:200] data loss:0.000011, PDE loss:0.000000, physics loss:0.000074
[epoch:165 iter:50] data loss:0.000008, PDE loss:0.000000, physics loss:0.000099
[epoch:166 iter:50] data loss:0.000011, PDE loss:0.000000, physics loss:0.000099
[epoch:166 iter:100] data loss:0.000012, PDE loss:0.000000, physics loss:0.000098
[epoch:166 iter:150] data loss:0.000012, PDE loss:0.000000, physics loss:0.000065
[epoch:166 iter:200] data loss:0.000011, PDE loss:0.000000, physics loss:0.000066
[epoch:166 iter:50] data loss:0.000017, PDE loss:0.000000, physics loss:0.000059
[epoch:167 iter:50] data loss:0.000011, PDE loss:0.000000, physics loss:0.000069
[epoch:167 iter:100] data loss:0.000012, PDE loss:0.000000, physics loss:0.000094
[epoch:167 iter:150] data loss:0.000011, PDE loss:0.000000, physics loss:0.000130
[epoch:167 iter:200] data loss:0.000011, PDE loss:0.000000, physics loss:0.000112
[epoch:167 iter:50] data loss:0.000015, PDE loss:0.000000, physics loss:0.000110
[epoch:168 iter:50] data loss:0.000011, PDE loss:0.000000, physics loss:0.000091
[epoch:168 iter:100] data loss:0.000012, PDE loss:0.000000, physics loss:0.000065
[epoch:168 iter:150] data loss:0.000014, PDE loss:0.000000, physics loss:0.000102
[epoch:168 iter:200] data loss:0.000014, PDE loss:0.000000, physics loss:0.000084
[epoch:168 iter:50] data loss:0.000011, PDE loss:0.000000, physics loss:0.000084
[epoch:169 iter:50] data loss:0.000011, PDE loss:0.000000, physics loss:0.000119
[epoch:169 iter:100] data loss:0.000013, PDE loss:0.000000, physics loss:0.000096
[epoch:169 iter:150] data loss:0.000012, PDE loss:0.000000, physics loss:0.000120
[epoch:169 iter:200] data loss:0.000013, PDE loss:0.000000, physics loss:0.000062
[epoch:169 iter:50] data loss:0.000014, PDE loss:0.000000, physics loss:0.000109
[epoch:170 iter:50] data loss:0.000009, PDE loss:0.000000, physics loss:0.000097
[epoch:170 iter:100] data loss:0.000011, PDE loss:0.000000, physics loss:0.000099
[epoch:170 iter:150] data loss:0.000012, PDE loss:0.000000, physics loss:0.000091
[epoch:170 iter:200] data loss:0.000010, PDE loss:0.000000, physics loss:0.000082
[epoch:170 iter:50] data loss:0.000010, PDE loss:0.000000, physics loss:0.000142
[epoch:171 iter:50] data loss:0.000010, PDE loss:0.000000, physics loss:0.000088
[epoch:171 iter:100] data loss:0.000009, PDE loss:0.000000, physics loss:0.000063
[epoch:171 iter:150] data loss:0.000011, PDE loss:0.000000, physics loss:0.000088
[epoch:171 iter:200] data loss:0.000012, PDE loss:0.000000, physics loss:0.000070
[epoch:171 iter:50] data loss:0.000013, PDE loss:0.000000, physics loss:0.000054
[epoch:172 iter:50] data loss:0.000021, PDE loss:0.000000, physics loss:0.000072
[epoch:172 iter:100] data loss:0.000011, PDE loss:0.000000, physics loss:0.000081
[epoch:172 iter:150] data loss:0.000010, PDE loss:0.000000, physics loss:0.000104
[epoch:172 iter:200] data loss:0.000012, PDE loss:0.000000, physics loss:0.000085
[epoch:172 iter:50] data loss:0.000010, PDE loss:0.000000, physics loss:0.000037
[epoch:173 iter:50] data loss:0.000013, PDE loss:0.000000, physics loss:0.000103
[epoch:173 iter:100] data loss:0.000014, PDE loss:0.000000, physics loss:0.000078
[epoch:173 iter:150] data loss:0.000011, PDE loss:0.000000, physics loss:0.000074
[epoch:173 iter:200] data loss:0.000009, PDE loss:0.000000, physics loss:0.000067
[epoch:173 iter:50] data loss:0.000028, PDE loss:0.000000, physics loss:0.000075
[epoch:174 iter:50] data loss:0.000013, PDE loss:0.000000, physics loss:0.000077
[epoch:174 iter:100] data loss:0.000010, PDE loss:0.000000, physics loss:0.000097
[epoch:174 iter:150] data loss:0.000010, PDE loss:0.000000, physics loss:0.000064
[epoch:174 iter:200] data loss:0.000013, PDE loss:0.000000, physics loss:0.000091
[epoch:174 iter:50] data loss:0.000009, PDE loss:0.000000, physics loss:0.000127
[epoch:175 iter:50] data loss:0.000011, PDE loss:0.000000, physics loss:0.000096
[epoch:175 iter:100] data loss:0.000012, PDE loss:0.000000, physics loss:0.000093
[epoch:175 iter:150] data loss:0.000010, PDE loss:0.000000, physics loss:0.000090
[epoch:175 iter:200] data loss:0.000010, PDE loss:0.000000, physics loss:0.000089
[epoch:175 iter:50] data loss:0.000030, PDE loss:0.000000, physics loss:0.000293
[epoch:176 iter:50] data loss:0.000012, PDE loss:0.000000, physics loss:0.000129
[epoch:176 iter:100] data loss:0.000011, PDE loss:0.000000, physics loss:0.000080
[epoch:176 iter:150] data loss:0.000012, PDE loss:0.000000, physics loss:0.000116
[epoch:176 iter:200] data loss:0.000012, PDE loss:0.000000, physics loss:0.000110
[epoch:176 iter:50] data loss:0.000010, PDE loss:0.000000, physics loss:0.000133
[epoch:177 iter:50] data loss:0.000009, PDE loss:0.000000, physics loss:0.000058
[epoch:177 iter:100] data loss:0.000011, PDE loss:0.000000, physics loss:0.000096
[epoch:177 iter:150] data loss:0.000013, PDE loss:0.000000, physics loss:0.000094
[epoch:177 iter:200] data loss:0.000011, PDE loss:0.000000, physics loss:0.000089
[epoch:177 iter:50] data loss:0.000007, PDE loss:0.000000, physics loss:0.000063
[epoch:178 iter:50] data loss:0.000012, PDE loss:0.000000, physics loss:0.000075
[epoch:178 iter:100] data loss:0.000011, PDE loss:0.000000, physics loss:0.000070
[epoch:178 iter:150] data loss:0.000010, PDE loss:0.000000, physics loss:0.000065
[epoch:178 iter:200] data loss:0.000010, PDE loss:0.000000, physics loss:0.000060
[epoch:178 iter:50] data loss:0.000008, PDE loss:0.000000, physics loss:0.000057
[epoch:179 iter:50] data loss:0.000011, PDE loss:0.000000, physics loss:0.000086
[epoch:179 iter:100] data loss:0.000011, PDE loss:0.000000, physics loss:0.000067
[epoch:179 iter:150] data loss:0.000011, PDE loss:0.000000, physics loss:0.000068
[epoch:179 iter:200] data loss:0.000013, PDE loss:0.000000, physics loss:0.000127
[epoch:179 iter:50] data loss:0.000009, PDE loss:0.000000, physics loss:0.000076
[epoch:180 iter:50] data loss:0.000011, PDE loss:0.000000, physics loss:0.000077
[epoch:180 iter:100] data loss:0.000011, PDE loss:0.000000, physics loss:0.000102
[epoch:180 iter:150] data loss:0.000012, PDE loss:0.000000, physics loss:0.000063
[epoch:180 iter:200] data loss:0.000010, PDE loss:0.000000, physics loss:0.000072
[epoch:180 iter:50] data loss:0.000009, PDE loss:0.000000, physics loss:0.000071
[epoch:181 iter:50] data loss:0.000012, PDE loss:0.000000, physics loss:0.000107
[epoch:181 iter:100] data loss:0.000010, PDE loss:0.000000, physics loss:0.000077
[epoch:181 iter:150] data loss:0.000011, PDE loss:0.000000, physics loss:0.000097
[epoch:181 iter:200] data loss:0.000010, PDE loss:0.000000, physics loss:0.000074
[epoch:181 iter:50] data loss:0.000011, PDE loss:0.000000, physics loss:0.000097
[epoch:182 iter:50] data loss:0.000010, PDE loss:0.000000, physics loss:0.000087
[epoch:182 iter:100] data loss:0.000011, PDE loss:0.000000, physics loss:0.000066
[epoch:182 iter:150] data loss:0.000011, PDE loss:0.000000, physics loss:0.000090
[epoch:182 iter:200] data loss:0.000012, PDE loss:0.000000, physics loss:0.000104
[epoch:182 iter:50] data loss:0.000014, PDE loss:0.000000, physics loss:0.000060
[epoch:183 iter:50] data loss:0.000012, PDE loss:0.000000, physics loss:0.000058
[epoch:183 iter:100] data loss:0.000013, PDE loss:0.000000, physics loss:0.000065
[epoch:183 iter:150] data loss:0.000012, PDE loss:0.000000, physics loss:0.000053
[epoch:183 iter:200] data loss:0.000008, PDE loss:0.000000, physics loss:0.000062
[epoch:183 iter:50] data loss:0.000013, PDE loss:0.000000, physics loss:0.000055
[epoch:184 iter:50] data loss:0.000010, PDE loss:0.000000, physics loss:0.000074
[epoch:184 iter:100] data loss:0.000009, PDE loss:0.000000, physics loss:0.000084
[epoch:184 iter:150] data loss:0.000009, PDE loss:0.000000, physics loss:0.000067
[epoch:184 iter:200] data loss:0.000011, PDE loss:0.000000, physics loss:0.000075
[epoch:184 iter:50] data loss:0.000011, PDE loss:0.000000, physics loss:0.000050
[epoch:185 iter:50] data loss:0.000026, PDE loss:0.000000, physics loss:0.000111
[epoch:185 iter:100] data loss:0.000010, PDE loss:0.000000, physics loss:0.000092
[epoch:185 iter:150] data loss:0.000010, PDE loss:0.000000, physics loss:0.000056
[epoch:185 iter:200] data loss:0.000011, PDE loss:0.000000, physics loss:0.000064
[epoch:185 iter:50] data loss:0.000010, PDE loss:0.000000, physics loss:0.000054
[epoch:186 iter:50] data loss:0.000011, PDE loss:0.000000, physics loss:0.000089
[epoch:186 iter:100] data loss:0.000010, PDE loss:0.000001, physics loss:0.000067
[epoch:186 iter:150] data loss:0.000010, PDE loss:0.000000, physics loss:0.000075
[epoch:186 iter:200] data loss:0.000011, PDE loss:0.000000, physics loss:0.000105
[epoch:186 iter:50] data loss:0.000029, PDE loss:0.000000, physics loss:0.000156
[epoch:187 iter:50] data loss:0.000011, PDE loss:0.000000, physics loss:0.000086
[epoch:187 iter:100] data loss:0.000011, PDE loss:0.000000, physics loss:0.000080
[epoch:187 iter:150] data loss:0.000010, PDE loss:0.000000, physics loss:0.000089
[epoch:187 iter:200] data loss:0.000011, PDE loss:0.000000, physics loss:0.000086
[epoch:187 iter:50] data loss:0.000009, PDE loss:0.000000, physics loss:0.000086
[epoch:188 iter:50] data loss:0.000011, PDE loss:0.000000, physics loss:0.000086
[epoch:188 iter:100] data loss:0.000011, PDE loss:0.000000, physics loss:0.000087
[epoch:188 iter:150] data loss:0.000012, PDE loss:0.000000, physics loss:0.000145
[epoch:188 iter:200] data loss:0.000009, PDE loss:0.000000, physics loss:0.000063
[epoch:188 iter:50] data loss:0.000012, PDE loss:0.000000, physics loss:0.000061
[epoch:189 iter:50] data loss:0.000012, PDE loss:0.000000, physics loss:0.000058
[epoch:189 iter:100] data loss:0.000011, PDE loss:0.000000, physics loss:0.000069
[epoch:189 iter:150] data loss:0.000010, PDE loss:0.000000, physics loss:0.000082
[epoch:189 iter:200] data loss:0.000011, PDE loss:0.000000, physics loss:0.000082
[epoch:189 iter:50] data loss:0.000034, PDE loss:0.000000, physics loss:0.000251
[epoch:190 iter:50] data loss:0.000009, PDE loss:0.000000, physics loss:0.000088
[epoch:190 iter:100] data loss:0.000009, PDE loss:0.000000, physics loss:0.000046
[epoch:190 iter:150] data loss:0.000011, PDE loss:0.000000, physics loss:0.000088
[epoch:190 iter:200] data loss:0.000010, PDE loss:0.000000, physics loss:0.000090
[epoch:190 iter:50] data loss:0.000013, PDE loss:0.000000, physics loss:0.000069
[epoch:191 iter:50] data loss:0.000009, PDE loss:0.000000, physics loss:0.000091
[epoch:191 iter:100] data loss:0.000009, PDE loss:0.000000, physics loss:0.000074
[epoch:191 iter:150] data loss:0.000011, PDE loss:0.000000, physics loss:0.000104
[epoch:191 iter:200] data loss:0.000010, PDE loss:0.000000, physics loss:0.000069
[epoch:191 iter:50] data loss:0.000008, PDE loss:0.000000, physics loss:0.000062
[epoch:192 iter:50] data loss:0.000010, PDE loss:0.000000, physics loss:0.000085
[epoch:192 iter:100] data loss:0.000010, PDE loss:0.000000, physics loss:0.000073
[epoch:192 iter:150] data loss:0.000010, PDE loss:0.000000, physics loss:0.000122
[epoch:192 iter:200] data loss:0.000009, PDE loss:0.000000, physics loss:0.000088
[epoch:192 iter:50] data loss:0.000011, PDE loss:0.000000, physics loss:0.000100
[epoch:193 iter:50] data loss:0.000009, PDE loss:0.000000, physics loss:0.000071
[epoch:193 iter:100] data loss:0.000009, PDE loss:0.000000, physics loss:0.000097
[epoch:193 iter:150] data loss:0.000009, PDE loss:0.000000, physics loss:0.000080
[epoch:193 iter:200] data loss:0.000009, PDE loss:0.000000, physics loss:0.000101
[epoch:193 iter:50] data loss:0.000009, PDE loss:0.000000, physics loss:0.000146
[epoch:194 iter:50] data loss:0.000009, PDE loss:0.000000, physics loss:0.000084
[epoch:194 iter:100] data loss:0.000023, PDE loss:0.000000, physics loss:0.000084
[epoch:194 iter:150] data loss:0.000010, PDE loss:0.000000, physics loss:0.000077
[epoch:194 iter:200] data loss:0.000012, PDE loss:0.000000, physics loss:0.000082
[epoch:194 iter:50] data loss:0.000008, PDE loss:0.000000, physics loss:0.000053
[epoch:195 iter:50] data loss:0.000010, PDE loss:0.000000, physics loss:0.000055
[epoch:195 iter:100] data loss:0.000010, PDE loss:0.000000, physics loss:0.000069
[epoch:195 iter:150] data loss:0.000009, PDE loss:0.000000, physics loss:0.000055
[epoch:195 iter:200] data loss:0.000011, PDE loss:0.000000, physics loss:0.000074
[epoch:195 iter:50] data loss:0.000009, PDE loss:0.000000, physics loss:0.000067
[epoch:196 iter:50] data loss:0.000010, PDE loss:0.000000, physics loss:0.000070
[epoch:196 iter:100] data loss:0.000010, PDE loss:0.000000, physics loss:0.000064
[epoch:196 iter:150] data loss:0.000009, PDE loss:0.000000, physics loss:0.000063
[epoch:196 iter:200] data loss:0.000015, PDE loss:0.000000, physics loss:0.000396
[epoch:196 iter:50] data loss:0.000019, PDE loss:0.000000, physics loss:0.000060
[epoch:197 iter:50] data loss:0.000012, PDE loss:0.000000, physics loss:0.000067
[epoch:197 iter:100] data loss:0.000009, PDE loss:0.000000, physics loss:0.000079
[epoch:197 iter:150] data loss:0.000009, PDE loss:0.000000, physics loss:0.000083
[epoch:197 iter:200] data loss:0.000012, PDE loss:0.000000, physics loss:0.000065
[epoch:197 iter:50] data loss:0.000013, PDE loss:0.000000, physics loss:0.000046
[epoch:198 iter:50] data loss:0.000011, PDE loss:0.000000, physics loss:0.000132
[epoch:198 iter:100] data loss:0.000010, PDE loss:0.000000, physics loss:0.000062
[epoch:198 iter:150] data loss:0.000010, PDE loss:0.000000, physics loss:0.000075
[epoch:198 iter:200] data loss:0.000009, PDE loss:0.000000, physics loss:0.000121
[epoch:198 iter:50] data loss:0.000006, PDE loss:0.000000, physics loss:0.000032
[epoch:199 iter:50] data loss:0.000009, PDE loss:0.000000, physics loss:0.000055
[epoch:199 iter:100] data loss:0.000009, PDE loss:0.000000, physics loss:0.000054
[epoch:199 iter:150] data loss:0.000010, PDE loss:0.000000, physics loss:0.000092
[epoch:199 iter:200] data loss:0.000011, PDE loss:0.000000, physics loss:0.000078
[epoch:199 iter:50] data loss:0.000035, PDE loss:0.000000, physics loss:0.000679
[epoch:200 iter:50] data loss:0.000011, PDE loss:0.000000, physics loss:0.000093
[epoch:200 iter:100] data loss:0.000010, PDE loss:0.000000, physics loss:0.000073
[epoch:200 iter:150] data loss:0.000011, PDE loss:0.000000, physics loss:0.000086
[epoch:200 iter:200] data loss:0.000010, PDE loss:0.000000, physics loss:0.000089
[epoch:200 iter:50] data loss:0.000008, PDE loss:0.000000, physics loss:0.000063
[epoch:201 iter:50] data loss:0.000009, PDE loss:0.000000, physics loss:0.000075
[epoch:201 iter:100] data loss:0.000010, PDE loss:0.000000, physics loss:0.000098
[epoch:201 iter:150] data loss:0.000012, PDE loss:0.000000, physics loss:0.000120
[epoch:201 iter:200] data loss:0.000010, PDE loss:0.000000, physics loss:0.000069
[epoch:201 iter:50] data loss:0.000011, PDE loss:0.000000, physics loss:0.000090
[epoch:202 iter:50] data loss:0.000009, PDE loss:0.000000, physics loss:0.000082
[epoch:202 iter:100] data loss:0.000009, PDE loss:0.000000, physics loss:0.000058
[epoch:202 iter:150] data loss:0.000010, PDE loss:0.000000, physics loss:0.000068
[epoch:202 iter:200] data loss:0.000010, PDE loss:0.000000, physics loss:0.000062
[epoch:202 iter:50] data loss:0.000010, PDE loss:0.000000, physics loss:0.000056
[epoch:203 iter:50] data loss:0.000011, PDE loss:0.000000, physics loss:0.000071
[epoch:203 iter:100] data loss:0.000011, PDE loss:0.000000, physics loss:0.000126
[epoch:203 iter:150] data loss:0.000011, PDE loss:0.000000, physics loss:0.000076
[epoch:203 iter:200] data loss:0.000009, PDE loss:0.000000, physics loss:0.000078
[epoch:203 iter:50] data loss:0.000010, PDE loss:0.000000, physics loss:0.000064
[epoch:204 iter:50] data loss:0.000010, PDE loss:0.000000, physics loss:0.000080
[epoch:204 iter:100] data loss:0.000010, PDE loss:0.000000, physics loss:0.000056
[epoch:204 iter:150] data loss:0.000010, PDE loss:0.000000, physics loss:0.000074
[epoch:204 iter:200] data loss:0.000011, PDE loss:0.000000, physics loss:0.000092
[epoch:204 iter:50] data loss:0.000012, PDE loss:0.000000, physics loss:0.000172
[epoch:205 iter:50] data loss:0.000012, PDE loss:0.000000, physics loss:0.000067
[epoch:205 iter:100] data loss:0.000010, PDE loss:0.000000, physics loss:0.000085
[epoch:205 iter:150] data loss:0.000010, PDE loss:0.000000, physics loss:0.000080
[epoch:205 iter:200] data loss:0.000008, PDE loss:0.000000, physics loss:0.000088
[epoch:205 iter:50] data loss:0.000030, PDE loss:0.000000, physics loss:0.000702
[epoch:206 iter:50] data loss:0.000009, PDE loss:0.000000, physics loss:0.000073
[epoch:206 iter:100] data loss:0.000010, PDE loss:0.000000, physics loss:0.000069
[epoch:206 iter:150] data loss:0.000009, PDE loss:0.000000, physics loss:0.000063
[epoch:206 iter:200] data loss:0.000011, PDE loss:0.000000, physics loss:0.000079
[epoch:206 iter:50] data loss:0.000008, PDE loss:0.000000, physics loss:0.000061
[epoch:207 iter:50] data loss:0.000010, PDE loss:0.000000, physics loss:0.000058
[epoch:207 iter:100] data loss:0.000009, PDE loss:0.000000, physics loss:0.000074
[epoch:207 iter:150] data loss:0.000010, PDE loss:0.000000, physics loss:0.000070
[epoch:207 iter:200] data loss:0.000010, PDE loss:0.000000, physics loss:0.000068
[epoch:207 iter:50] data loss:0.000012, PDE loss:0.000000, physics loss:0.000109
[epoch:208 iter:50] data loss:0.000010, PDE loss:0.000000, physics loss:0.000078
[epoch:208 iter:100] data loss:0.000008, PDE loss:0.000000, physics loss:0.000082
[epoch:208 iter:150] data loss:0.000022, PDE loss:0.000000, physics loss:0.000054
[epoch:208 iter:200] data loss:0.000010, PDE loss:0.000000, physics loss:0.000081
[epoch:208 iter:50] data loss:0.000009, PDE loss:0.000000, physics loss:0.000116
[epoch:209 iter:50] data loss:0.000009, PDE loss:0.000000, physics loss:0.000079
[epoch:209 iter:100] data loss:0.000009, PDE loss:0.000000, physics loss:0.000046
[epoch:209 iter:150] data loss:0.000012, PDE loss:0.000000, physics loss:0.000090
[epoch:209 iter:200] data loss:0.000008, PDE loss:0.000000, physics loss:0.000082
[epoch:209 iter:50] data loss:0.000007, PDE loss:0.000000, physics loss:0.000071
[epoch:210 iter:50] data loss:0.000011, PDE loss:0.000000, physics loss:0.000064
[epoch:210 iter:100] data loss:0.000010, PDE loss:0.000000, physics loss:0.000051
[epoch:210 iter:150] data loss:0.000010, PDE loss:0.000000, physics loss:0.000071
[epoch:210 iter:200] data loss:0.000009, PDE loss:0.000000, physics loss:0.000069
[epoch:210 iter:50] data loss:0.000012, PDE loss:0.000000, physics loss:0.000173
[epoch:211 iter:50] data loss:0.000008, PDE loss:0.000000, physics loss:0.000077
[epoch:211 iter:100] data loss:0.000010, PDE loss:0.000000, physics loss:0.000089
[epoch:211 iter:150] data loss:0.000008, PDE loss:0.000000, physics loss:0.000070
[epoch:211 iter:200] data loss:0.000010, PDE loss:0.000000, physics loss:0.000102
[epoch:211 iter:50] data loss:0.000010, PDE loss:0.000000, physics loss:0.000041
[epoch:212 iter:50] data loss:0.000009, PDE loss:0.000000, physics loss:0.000097
[epoch:212 iter:100] data loss:0.000009, PDE loss:0.000000, physics loss:0.000065
[epoch:212 iter:150] data loss:0.000009, PDE loss:0.000000, physics loss:0.000071
[epoch:212 iter:200] data loss:0.000012, PDE loss:0.000000, physics loss:0.000078
[epoch:212 iter:50] data loss:0.000010, PDE loss:0.000000, physics loss:0.000086
[epoch:213 iter:50] data loss:0.000009, PDE loss:0.000000, physics loss:0.000073
[epoch:213 iter:100] data loss:0.000010, PDE loss:0.000000, physics loss:0.000081
[epoch:213 iter:150] data loss:0.000010, PDE loss:0.000000, physics loss:0.000066
[epoch:213 iter:200] data loss:0.000010, PDE loss:0.000000, physics loss:0.000068
[epoch:213 iter:50] data loss:0.000030, PDE loss:0.000000, physics loss:0.000417
[epoch:214 iter:50] data loss:0.000010, PDE loss:0.000000, physics loss:0.000089
[epoch:214 iter:100] data loss:0.000008, PDE loss:0.000000, physics loss:0.000069
[epoch:214 iter:150] data loss:0.000010, PDE loss:0.000000, physics loss:0.000081
[epoch:214 iter:200] data loss:0.000009, PDE loss:0.000000, physics loss:0.000060
[epoch:214 iter:50] data loss:0.000009, PDE loss:0.000000, physics loss:0.000062
[epoch:215 iter:50] data loss:0.000011, PDE loss:0.000000, physics loss:0.000075
[epoch:215 iter:100] data loss:0.000009, PDE loss:0.000000, physics loss:0.000054
[epoch:215 iter:150] data loss:0.000010, PDE loss:0.000000, physics loss:0.000105
[epoch:215 iter:200] data loss:0.000011, PDE loss:0.000000, physics loss:0.000075
[epoch:215 iter:50] data loss:0.000012, PDE loss:0.000000, physics loss:0.000150
[epoch:216 iter:50] data loss:0.000009, PDE loss:0.000000, physics loss:0.000079
[epoch:216 iter:100] data loss:0.000030, PDE loss:0.000000, physics loss:0.000100
[epoch:216 iter:150] data loss:0.000009, PDE loss:0.000000, physics loss:0.000050
[epoch:216 iter:200] data loss:0.000009, PDE loss:0.000000, physics loss:0.000076
[epoch:216 iter:50] data loss:0.000010, PDE loss:0.000000, physics loss:0.000118
[epoch:217 iter:50] data loss:0.000011, PDE loss:0.000000, physics loss:0.000071
[epoch:217 iter:100] data loss:0.000009, PDE loss:0.000000, physics loss:0.000059
[epoch:217 iter:150] data loss:0.000010, PDE loss:0.000000, physics loss:0.000071
[epoch:217 iter:200] data loss:0.000009, PDE loss:0.000000, physics loss:0.000097
[epoch:217 iter:50] data loss:0.000009, PDE loss:0.000000, physics loss:0.000064
[epoch:218 iter:50] data loss:0.000020, PDE loss:0.000000, physics loss:0.000047
[epoch:218 iter:100] data loss:0.000009, PDE loss:0.000000, physics loss:0.000103
[epoch:218 iter:150] data loss:0.000009, PDE loss:0.000000, physics loss:0.000101
[epoch:218 iter:200] data loss:0.000010, PDE loss:0.000000, physics loss:0.000073
[epoch:218 iter:50] data loss:0.000011, PDE loss:0.000000, physics loss:0.000077
[epoch:219 iter:50] data loss:0.000011, PDE loss:0.000000, physics loss:0.000052
[epoch:219 iter:100] data loss:0.000009, PDE loss:0.000000, physics loss:0.000079
[epoch:219 iter:150] data loss:0.000009, PDE loss:0.000000, physics loss:0.000081
[epoch:219 iter:200] data loss:0.000009, PDE loss:0.000000, physics loss:0.000094
[epoch:219 iter:50] data loss:0.000011, PDE loss:0.000000, physics loss:0.000132
[epoch:220 iter:50] data loss:0.000009, PDE loss:0.000000, physics loss:0.000068
[epoch:220 iter:100] data loss:0.000010, PDE loss:0.000000, physics loss:0.000076
[epoch:220 iter:150] data loss:0.000010, PDE loss:0.000000, physics loss:0.000098
[epoch:220 iter:200] data loss:0.000009, PDE loss:0.000000, physics loss:0.000083
[epoch:220 iter:50] data loss:0.000013, PDE loss:0.000000, physics loss:0.000069
[epoch:221 iter:50] data loss:0.000010, PDE loss:0.000000, physics loss:0.000153
[epoch:221 iter:100] data loss:0.000009, PDE loss:0.000000, physics loss:0.000066
[epoch:221 iter:150] data loss:0.000009, PDE loss:0.000000, physics loss:0.000094
[epoch:221 iter:200] data loss:0.000009, PDE loss:0.000000, physics loss:0.000076
[epoch:221 iter:50] data loss:0.000008, PDE loss:0.000000, physics loss:0.000060
[epoch:222 iter:50] data loss:0.000011, PDE loss:0.000000, physics loss:0.000106
[epoch:222 iter:100] data loss:0.000010, PDE loss:0.000000, physics loss:0.000070
[epoch:222 iter:150] data loss:0.000009, PDE loss:0.000000, physics loss:0.000080
[epoch:222 iter:200] data loss:0.000010, PDE loss:0.000000, physics loss:0.000093
[epoch:222 iter:50] data loss:0.000006, PDE loss:0.000000, physics loss:0.000056
[epoch:223 iter:50] data loss:0.000011, PDE loss:0.000000, physics loss:0.000092
[epoch:223 iter:100] data loss:0.000008, PDE loss:0.000000, physics loss:0.000071
[epoch:223 iter:150] data loss:0.000012, PDE loss:0.000000, physics loss:0.000073
[epoch:223 iter:200] data loss:0.000008, PDE loss:0.000000, physics loss:0.000060
[epoch:223 iter:50] data loss:0.000010, PDE loss:0.000000, physics loss:0.000111
[epoch:224 iter:50] data loss:0.000010, PDE loss:0.000000, physics loss:0.000073
[epoch:224 iter:100] data loss:0.000009, PDE loss:0.000000, physics loss:0.000076
[epoch:224 iter:150] data loss:0.000008, PDE loss:0.000000, physics loss:0.000079
[epoch:224 iter:200] data loss:0.000009, PDE loss:0.000000, physics loss:0.000074
[epoch:224 iter:50] data loss:0.000009, PDE loss:0.000000, physics loss:0.000069
[epoch:225 iter:50] data loss:0.000009, PDE loss:0.000000, physics loss:0.000084
[epoch:225 iter:100] data loss:0.000009, PDE loss:0.000000, physics loss:0.000060
[epoch:225 iter:150] data loss:0.000008, PDE loss:0.000000, physics loss:0.000072
[epoch:225 iter:200] data loss:0.000009, PDE loss:0.000000, physics loss:0.000083
[epoch:225 iter:50] data loss:0.000009, PDE loss:0.000000, physics loss:0.000072
[epoch:226 iter:50] data loss:0.000008, PDE loss:0.000000, physics loss:0.000077
[epoch:226 iter:100] data loss:0.000009, PDE loss:0.000000, physics loss:0.000070
[epoch:226 iter:150] data loss:0.000009, PDE loss:0.000000, physics loss:0.000084
[epoch:226 iter:200] data loss:0.000008, PDE loss:0.000000, physics loss:0.000080
[epoch:226 iter:50] data loss:0.000028, PDE loss:0.000000, physics loss:0.000398
[epoch:227 iter:50] data loss:0.000009, PDE loss:0.000000, physics loss:0.000050
[epoch:227 iter:100] data loss:0.000007, PDE loss:0.000000, physics loss:0.000070
[epoch:227 iter:150] data loss:0.000009, PDE loss:0.000000, physics loss:0.000161
[epoch:227 iter:200] data loss:0.000008, PDE loss:0.000000, physics loss:0.000056
[epoch:227 iter:50] data loss:0.000009, PDE loss:0.000000, physics loss:0.000115
[epoch:228 iter:50] data loss:0.000009, PDE loss:0.000000, physics loss:0.000078
[epoch:228 iter:100] data loss:0.000011, PDE loss:0.000000, physics loss:0.000082
[epoch:228 iter:150] data loss:0.000012, PDE loss:0.000000, physics loss:0.000176
[epoch:228 iter:200] data loss:0.000007, PDE loss:0.000000, physics loss:0.000065
[epoch:228 iter:50] data loss:0.000008, PDE loss:0.000000, physics loss:0.000071
[epoch:229 iter:50] data loss:0.000007, PDE loss:0.000000, physics loss:0.000041
[epoch:229 iter:100] data loss:0.000010, PDE loss:0.000000, physics loss:0.000083
[epoch:229 iter:150] data loss:0.000010, PDE loss:0.000000, physics loss:0.000055
[epoch:229 iter:200] data loss:0.000009, PDE loss:0.000000, physics loss:0.000048
[epoch:229 iter:50] data loss:0.000011, PDE loss:0.000000, physics loss:0.000075
[epoch:230 iter:50] data loss:0.000010, PDE loss:0.000000, physics loss:0.000058
[epoch:230 iter:100] data loss:0.000025, PDE loss:0.000000, physics loss:0.000080
[epoch:230 iter:150] data loss:0.000010, PDE loss:0.000000, physics loss:0.000052
[epoch:230 iter:200] data loss:0.000009, PDE loss:0.000000, physics loss:0.000050
[epoch:230 iter:50] data loss:0.000011, PDE loss:0.000000, physics loss:0.000081
[epoch:231 iter:50] data loss:0.000008, PDE loss:0.000000, physics loss:0.000071
[epoch:231 iter:100] data loss:0.000010, PDE loss:0.000000, physics loss:0.000057
[epoch:231 iter:150] data loss:0.000009, PDE loss:0.000000, physics loss:0.000067
[epoch:231 iter:200] data loss:0.000009, PDE loss:0.000000, physics loss:0.000068
[epoch:231 iter:50] data loss:0.000010, PDE loss:0.000000, physics loss:0.000051
[epoch:232 iter:50] data loss:0.000010, PDE loss:0.000000, physics loss:0.000063
[epoch:232 iter:100] data loss:0.000008, PDE loss:0.000000, physics loss:0.000119
[epoch:232 iter:150] data loss:0.000008, PDE loss:0.000000, physics loss:0.000059
[epoch:232 iter:200] data loss:0.000008, PDE loss:0.000000, physics loss:0.000073
[epoch:232 iter:50] data loss:0.000010, PDE loss:0.000000, physics loss:0.000067
[epoch:233 iter:50] data loss:0.000008, PDE loss:0.000000, physics loss:0.000108
[epoch:233 iter:100] data loss:0.000009, PDE loss:0.000000, physics loss:0.000074
[epoch:233 iter:150] data loss:0.000008, PDE loss:0.000000, physics loss:0.000062
[epoch:233 iter:200] data loss:0.000010, PDE loss:0.000000, physics loss:0.000089
[epoch:233 iter:50] data loss:0.000007, PDE loss:0.000000, physics loss:0.000060
[epoch:234 iter:50] data loss:0.000009, PDE loss:0.000000, physics loss:0.000095
[epoch:234 iter:100] data loss:0.000011, PDE loss:0.000000, physics loss:0.000066
[epoch:234 iter:150] data loss:0.000008, PDE loss:0.000000, physics loss:0.000077
[epoch:234 iter:200] data loss:0.000008, PDE loss:0.000000, physics loss:0.000083
[epoch:234 iter:50] data loss:0.000009, PDE loss:0.000000, physics loss:0.000063
[epoch:235 iter:50] data loss:0.000009, PDE loss:0.000000, physics loss:0.000081
[epoch:235 iter:100] data loss:0.000008, PDE loss:0.000000, physics loss:0.000060
[epoch:235 iter:150] data loss:0.000009, PDE loss:0.000000, physics loss:0.000091
[epoch:235 iter:200] data loss:0.000007, PDE loss:0.000000, physics loss:0.000069
[epoch:235 iter:50] data loss:0.000008, PDE loss:0.000000, physics loss:0.000053
[epoch:236 iter:50] data loss:0.000010, PDE loss:0.000000, physics loss:0.000102
[epoch:236 iter:100] data loss:0.000009, PDE loss:0.000000, physics loss:0.000061
[epoch:236 iter:150] data loss:0.000009, PDE loss:0.000000, physics loss:0.000091
[epoch:236 iter:200] data loss:0.000010, PDE loss:0.000000, physics loss:0.000073
[epoch:236 iter:50] data loss:0.000008, PDE loss:0.000000, physics loss:0.000105
[epoch:237 iter:50] data loss:0.000007, PDE loss:0.000000, physics loss:0.000047
[epoch:237 iter:100] data loss:0.000008, PDE loss:0.000000, physics loss:0.000075
[epoch:237 iter:150] data loss:0.000011, PDE loss:0.000000, physics loss:0.000062
[epoch:237 iter:200] data loss:0.000010, PDE loss:0.000000, physics loss:0.000083
[epoch:237 iter:50] data loss:0.000010, PDE loss:0.000000, physics loss:0.000064
[epoch:238 iter:50] data loss:0.000009, PDE loss:0.000000, physics loss:0.000063
[epoch:238 iter:100] data loss:0.000009, PDE loss:0.000000, physics loss:0.000075
[epoch:238 iter:150] data loss:0.000010, PDE loss:0.000000, physics loss:0.000090
[epoch:238 iter:200] data loss:0.000009, PDE loss:0.000000, physics loss:0.000079
[epoch:238 iter:50] data loss:0.000009, PDE loss:0.000000, physics loss:0.000062
[epoch:239 iter:50] data loss:0.000008, PDE loss:0.000000, physics loss:0.000050
[epoch:239 iter:100] data loss:0.000009, PDE loss:0.000000, physics loss:0.000099
[epoch:239 iter:150] data loss:0.000009, PDE loss:0.000000, physics loss:0.000061
[epoch:239 iter:200] data loss:0.000008, PDE loss:0.000000, physics loss:0.000059
[epoch:239 iter:50] data loss:0.000030, PDE loss:0.000000, physics loss:0.000401
[epoch:240 iter:50] data loss:0.000009, PDE loss:0.000000, physics loss:0.000093
[epoch:240 iter:100] data loss:0.000008, PDE loss:0.000000, physics loss:0.000068
[epoch:240 iter:150] data loss:0.000008, PDE loss:0.000000, physics loss:0.000073
[epoch:240 iter:200] data loss:0.000007, PDE loss:0.000000, physics loss:0.000058
[epoch:240 iter:50] data loss:0.000008, PDE loss:0.000000, physics loss:0.000087
[epoch:241 iter:50] data loss:0.000010, PDE loss:0.000000, physics loss:0.000098
[epoch:241 iter:100] data loss:0.000011, PDE loss:0.000000, physics loss:0.000079
[epoch:241 iter:150] data loss:0.000010, PDE loss:0.000000, physics loss:0.000091
[epoch:241 iter:200] data loss:0.000009, PDE loss:0.000000, physics loss:0.000090
[epoch:241 iter:50] data loss:0.000011, PDE loss:0.000000, physics loss:0.000075
[epoch:242 iter:50] data loss:0.000009, PDE loss:0.000000, physics loss:0.000053
[epoch:242 iter:100] data loss:0.000009, PDE loss:0.000000, physics loss:0.000094
[epoch:242 iter:150] data loss:0.000007, PDE loss:0.000000, physics loss:0.000065
[epoch:242 iter:200] data loss:0.000008, PDE loss:0.000000, physics loss:0.000093
[epoch:242 iter:50] data loss:0.000013, PDE loss:0.000000, physics loss:0.000083
[epoch:243 iter:50] data loss:0.000008, PDE loss:0.000000, physics loss:0.000113
[epoch:243 iter:100] data loss:0.000009, PDE loss:0.000000, physics loss:0.000078
[epoch:243 iter:150] data loss:0.000009, PDE loss:0.000000, physics loss:0.000063
[epoch:243 iter:200] data loss:0.000008, PDE loss:0.000000, physics loss:0.000065
[epoch:243 iter:50] data loss:0.000007, PDE loss:0.000000, physics loss:0.000065
[epoch:244 iter:50] data loss:0.000009, PDE loss:0.000000, physics loss:0.000062
[epoch:244 iter:100] data loss:0.000009, PDE loss:0.000000, physics loss:0.000093
[epoch:244 iter:150] data loss:0.000008, PDE loss:0.000000, physics loss:0.000057
[epoch:244 iter:200] data loss:0.000010, PDE loss:0.000000, physics loss:0.000065
[epoch:244 iter:50] data loss:0.000009, PDE loss:0.000000, physics loss:0.000069
[epoch:245 iter:50] data loss:0.000009, PDE loss:0.000000, physics loss:0.000084
[epoch:245 iter:100] data loss:0.000009, PDE loss:0.000000, physics loss:0.000069
[epoch:245 iter:150] data loss:0.000008, PDE loss:0.000000, physics loss:0.000073
[epoch:245 iter:200] data loss:0.000009, PDE loss:0.000000, physics loss:0.000059
[epoch:245 iter:50] data loss:0.000010, PDE loss:0.000000, physics loss:0.000053
[epoch:246 iter:50] data loss:0.000010, PDE loss:0.000000, physics loss:0.000050
[epoch:246 iter:100] data loss:0.000009, PDE loss:0.000000, physics loss:0.000061
[epoch:246 iter:150] data loss:0.000008, PDE loss:0.000000, physics loss:0.000075
[epoch:246 iter:200] data loss:0.000009, PDE loss:0.000000, physics loss:0.000062
[epoch:246 iter:50] data loss:0.000008, PDE loss:0.000000, physics loss:0.000059
[epoch:247 iter:50] data loss:0.000008, PDE loss:0.000000, physics loss:0.000092
[epoch:247 iter:100] data loss:0.000007, PDE loss:0.000000, physics loss:0.000063
[epoch:247 iter:150] data loss:0.000009, PDE loss:0.000000, physics loss:0.000067
[epoch:247 iter:200] data loss:0.000010, PDE loss:0.000000, physics loss:0.000081
[epoch:247 iter:50] data loss:0.000008, PDE loss:0.000000, physics loss:0.000063
[epoch:248 iter:50] data loss:0.000007, PDE loss:0.000000, physics loss:0.000081
[epoch:248 iter:100] data loss:0.000008, PDE loss:0.000000, physics loss:0.000053
[epoch:248 iter:150] data loss:0.000008, PDE loss:0.000000, physics loss:0.000054
[epoch:248 iter:200] data loss:0.000008, PDE loss:0.000000, physics loss:0.000059
[epoch:248 iter:50] data loss:0.000008, PDE loss:0.000000, physics loss:0.000076
[epoch:249 iter:50] data loss:0.000010, PDE loss:0.000000, physics loss:0.000062
[epoch:249 iter:100] data loss:0.000008, PDE loss:0.000000, physics loss:0.000075
[epoch:249 iter:150] data loss:0.000009, PDE loss:0.000000, physics loss:0.000055
[epoch:249 iter:200] data loss:0.000009, PDE loss:0.000000, physics loss:0.000072
[epoch:249 iter:50] data loss:0.000007, PDE loss:0.000000, physics loss:0.000060
[epoch:250 iter:50] data loss:0.000007, PDE loss:0.000000, physics loss:0.000074
[epoch:250 iter:100] data loss:0.000008, PDE loss:0.000000, physics loss:0.000041
[epoch:250 iter:150] data loss:0.000011, PDE loss:0.000000, physics loss:0.000107
[epoch:250 iter:200] data loss:0.000008, PDE loss:0.000000, physics loss:0.000091
[epoch:250 iter:50] data loss:0.000011, PDE loss:0.000000, physics loss:0.000090
[epoch:251 iter:50] data loss:0.000010, PDE loss:0.000000, physics loss:0.000081
[epoch:251 iter:100] data loss:0.000008, PDE loss:0.000000, physics loss:0.000054
[epoch:251 iter:150] data loss:0.000011, PDE loss:0.000000, physics loss:0.000080
[epoch:251 iter:200] data loss:0.000007, PDE loss:0.000000, physics loss:0.000061
[epoch:251 iter:50] data loss:0.000008, PDE loss:0.000000, physics loss:0.000071
[epoch:252 iter:50] data loss:0.000009, PDE loss:0.000000, physics loss:0.000074
[epoch:252 iter:100] data loss:0.000007, PDE loss:0.000000, physics loss:0.000070
[epoch:252 iter:150] data loss:0.000008, PDE loss:0.000000, physics loss:0.000084
[epoch:252 iter:200] data loss:0.000010, PDE loss:0.000000, physics loss:0.000052
[epoch:252 iter:50] data loss:0.000010, PDE loss:0.000000, physics loss:0.000057
[epoch:253 iter:50] data loss:0.000009, PDE loss:0.000000, physics loss:0.000062
[epoch:253 iter:100] data loss:0.000010, PDE loss:0.000000, physics loss:0.000064
[epoch:253 iter:150] data loss:0.000009, PDE loss:0.000000, physics loss:0.000076
[epoch:253 iter:200] data loss:0.000007, PDE loss:0.000000, physics loss:0.000060
[epoch:253 iter:50] data loss:0.000011, PDE loss:0.000000, physics loss:0.000090
[epoch:254 iter:50] data loss:0.000008, PDE loss:0.000000, physics loss:0.000075
[epoch:254 iter:100] data loss:0.000009, PDE loss:0.000000, physics loss:0.000057
[epoch:254 iter:150] data loss:0.000008, PDE loss:0.000000, physics loss:0.000070
[epoch:254 iter:200] data loss:0.000008, PDE loss:0.000000, physics loss:0.000071
[epoch:254 iter:50] data loss:0.000010, PDE loss:0.000000, physics loss:0.000105
[epoch:255 iter:50] data loss:0.000009, PDE loss:0.000000, physics loss:0.000084
[epoch:255 iter:100] data loss:0.000014, PDE loss:0.000000, physics loss:0.000093
[epoch:255 iter:150] data loss:0.000008, PDE loss:0.000000, physics loss:0.000047
[epoch:255 iter:200] data loss:0.000008, PDE loss:0.000000, physics loss:0.000074
[epoch:255 iter:50] data loss:0.000007, PDE loss:0.000000, physics loss:0.000063
[epoch:256 iter:50] data loss:0.000007, PDE loss:0.000000, physics loss:0.000061
[epoch:256 iter:100] data loss:0.000008, PDE loss:0.000000, physics loss:0.000078
[epoch:256 iter:150] data loss:0.000009, PDE loss:0.000000, physics loss:0.000080
[epoch:256 iter:200] data loss:0.000014, PDE loss:0.000000, physics loss:0.000075
[epoch:256 iter:50] data loss:0.000006, PDE loss:0.000000, physics loss:0.000057
[epoch:257 iter:50] data loss:0.000009, PDE loss:0.000000, physics loss:0.000075
[epoch:257 iter:100] data loss:0.000010, PDE loss:0.000000, physics loss:0.000069
[epoch:257 iter:150] data loss:0.000008, PDE loss:0.000000, physics loss:0.000047
[epoch:257 iter:200] data loss:0.000007, PDE loss:0.000000, physics loss:0.000075
[epoch:257 iter:50] data loss:0.000014, PDE loss:0.000000, physics loss:0.000064
[epoch:258 iter:50] data loss:0.000009, PDE loss:0.000000, physics loss:0.000058
[epoch:258 iter:100] data loss:0.000007, PDE loss:0.000000, physics loss:0.000060
[epoch:258 iter:150] data loss:0.000010, PDE loss:0.000000, physics loss:0.000076
[epoch:258 iter:200] data loss:0.000010, PDE loss:0.000000, physics loss:0.000076
[epoch:258 iter:50] data loss:0.000009, PDE loss:0.000000, physics loss:0.000056
[epoch:259 iter:50] data loss:0.000008, PDE loss:0.000000, physics loss:0.000062
[epoch:259 iter:100] data loss:0.000010, PDE loss:0.000000, physics loss:0.000076
[epoch:259 iter:150] data loss:0.000011, PDE loss:0.000000, physics loss:0.000061
[epoch:259 iter:200] data loss:0.000008, PDE loss:0.000000, physics loss:0.000098
[epoch:259 iter:50] data loss:0.000009, PDE loss:0.000000, physics loss:0.000068
[epoch:260 iter:50] data loss:0.000009, PDE loss:0.000000, physics loss:0.000054
[epoch:260 iter:100] data loss:0.000008, PDE loss:0.000000, physics loss:0.000105
[epoch:260 iter:150] data loss:0.000009, PDE loss:0.000000, physics loss:0.000061
[epoch:260 iter:200] data loss:0.000008, PDE loss:0.000000, physics loss:0.000071
[epoch:260 iter:50] data loss:0.000009, PDE loss:0.000000, physics loss:0.000101
[epoch:261 iter:50] data loss:0.000010, PDE loss:0.000000, physics loss:0.000044
[epoch:261 iter:100] data loss:0.000008, PDE loss:0.000000, physics loss:0.000078
[epoch:261 iter:150] data loss:0.000008, PDE loss:0.000000, physics loss:0.000086
[epoch:261 iter:200] data loss:0.000008, PDE loss:0.000000, physics loss:0.000082
[epoch:261 iter:50] data loss:0.000015, PDE loss:0.000000, physics loss:0.000100
[epoch:262 iter:50] data loss:0.000007, PDE loss:0.000000, physics loss:0.000052
[epoch:262 iter:100] data loss:0.000008, PDE loss:0.000000, physics loss:0.000090
[epoch:262 iter:150] data loss:0.000010, PDE loss:0.000000, physics loss:0.000073
[epoch:262 iter:200] data loss:0.000008, PDE loss:0.000000, physics loss:0.000096
[epoch:262 iter:50] data loss:0.000009, PDE loss:0.000000, physics loss:0.000062
[epoch:263 iter:50] data loss:0.000008, PDE loss:0.000000, physics loss:0.000070
[epoch:263 iter:100] data loss:0.000009, PDE loss:0.000000, physics loss:0.000058
[epoch:263 iter:150] data loss:0.000008, PDE loss:0.000000, physics loss:0.000053
[epoch:263 iter:200] data loss:0.000008, PDE loss:0.000000, physics loss:0.000089
[epoch:263 iter:50] data loss:0.000009, PDE loss:0.000000, physics loss:0.000062
[epoch:264 iter:50] data loss:0.000007, PDE loss:0.000000, physics loss:0.000056
[epoch:264 iter:100] data loss:0.000019, PDE loss:0.000000, physics loss:0.000070
[epoch:264 iter:150] data loss:0.000007, PDE loss:0.000000, physics loss:0.000074
[epoch:264 iter:200] data loss:0.000008, PDE loss:0.000000, physics loss:0.000072
[epoch:264 iter:50] data loss:0.000007, PDE loss:0.000000, physics loss:0.000060
[epoch:265 iter:50] data loss:0.000012, PDE loss:0.000000, physics loss:0.000054
[epoch:265 iter:100] data loss:0.000007, PDE loss:0.000000, physics loss:0.000066
[epoch:265 iter:150] data loss:0.000007, PDE loss:0.000000, physics loss:0.000061
[epoch:265 iter:200] data loss:0.000009, PDE loss:0.000000, physics loss:0.000069
[epoch:265 iter:50] data loss:0.000008, PDE loss:0.000000, physics loss:0.000071
[epoch:266 iter:50] data loss:0.000008, PDE loss:0.000000, physics loss:0.000062
[epoch:266 iter:100] data loss:0.000009, PDE loss:0.000000, physics loss:0.000089
[epoch:266 iter:150] data loss:0.000008, PDE loss:0.000000, physics loss:0.000036
[epoch:266 iter:200] data loss:0.000008, PDE loss:0.000000, physics loss:0.000066
[epoch:266 iter:50] data loss:0.000007, PDE loss:0.000000, physics loss:0.000045
[epoch:267 iter:50] data loss:0.000008, PDE loss:0.000000, physics loss:0.000063
[epoch:267 iter:100] data loss:0.000008, PDE loss:0.000000, physics loss:0.000078
[epoch:267 iter:150] data loss:0.000006, PDE loss:0.000000, physics loss:0.000090
[epoch:267 iter:200] data loss:0.000008, PDE loss:0.000000, physics loss:0.000052
[epoch:267 iter:50] data loss:0.000009, PDE loss:0.000000, physics loss:0.000061
[epoch:268 iter:50] data loss:0.000011, PDE loss:0.000000, physics loss:0.000075
[epoch:268 iter:100] data loss:0.000007, PDE loss:0.000000, physics loss:0.000059
[epoch:268 iter:150] data loss:0.000008, PDE loss:0.000000, physics loss:0.000080
[epoch:268 iter:200] data loss:0.000009, PDE loss:0.000000, physics loss:0.000099
[epoch:268 iter:50] data loss:0.000009, PDE loss:0.000000, physics loss:0.000060
[epoch:269 iter:50] data loss:0.000007, PDE loss:0.000000, physics loss:0.000061
[epoch:269 iter:100] data loss:0.000007, PDE loss:0.000000, physics loss:0.000043
[epoch:269 iter:150] data loss:0.000008, PDE loss:0.000000, physics loss:0.000091
[epoch:269 iter:200] data loss:0.000010, PDE loss:0.000000, physics loss:0.000067
[epoch:269 iter:50] data loss:0.000016, PDE loss:0.000000, physics loss:0.000075
[epoch:270 iter:50] data loss:0.000008, PDE loss:0.000000, physics loss:0.000050
[epoch:270 iter:100] data loss:0.000009, PDE loss:0.000000, physics loss:0.000073
[epoch:270 iter:150] data loss:0.000008, PDE loss:0.000000, physics loss:0.000063
[epoch:270 iter:200] data loss:0.000007, PDE loss:0.000000, physics loss:0.000053
[epoch:270 iter:50] data loss:0.000013, PDE loss:0.000000, physics loss:0.000084
[epoch:271 iter:50] data loss:0.000008, PDE loss:0.000000, physics loss:0.000053
[epoch:271 iter:100] data loss:0.000007, PDE loss:0.000000, physics loss:0.000079
[epoch:271 iter:150] data loss:0.000008, PDE loss:0.000000, physics loss:0.000078
[epoch:271 iter:200] data loss:0.000007, PDE loss:0.000000, physics loss:0.000081
[epoch:271 iter:50] data loss:0.000007, PDE loss:0.000000, physics loss:0.000049
[epoch:272 iter:50] data loss:0.000008, PDE loss:0.000000, physics loss:0.000058
[epoch:272 iter:100] data loss:0.000010, PDE loss:0.000000, physics loss:0.000075
[epoch:272 iter:150] data loss:0.000009, PDE loss:0.000000, physics loss:0.000058
[epoch:272 iter:200] data loss:0.000008, PDE loss:0.000000, physics loss:0.000064
[epoch:272 iter:50] data loss:0.000009, PDE loss:0.000000, physics loss:0.000130
[epoch:273 iter:50] data loss:0.000008, PDE loss:0.000000, physics loss:0.000052
[epoch:273 iter:100] data loss:0.000007, PDE loss:0.000000, physics loss:0.000054
[epoch:273 iter:150] data loss:0.000008, PDE loss:0.000000, physics loss:0.000067
[epoch:273 iter:200] data loss:0.000009, PDE loss:0.000000, physics loss:0.000067
[epoch:273 iter:50] data loss:0.000010, PDE loss:0.000000, physics loss:0.000059
[epoch:274 iter:50] data loss:0.000009, PDE loss:0.000000, physics loss:0.000072
[epoch:274 iter:100] data loss:0.000007, PDE loss:0.000000, physics loss:0.000041
[epoch:274 iter:150] data loss:0.000009, PDE loss:0.000000, physics loss:0.000082
[epoch:274 iter:200] data loss:0.000007, PDE loss:0.000000, physics loss:0.000084
[epoch:274 iter:50] data loss:0.000007, PDE loss:0.000000, physics loss:0.000109
[epoch:275 iter:50] data loss:0.000009, PDE loss:0.000000, physics loss:0.000076
[epoch:275 iter:100] data loss:0.000009, PDE loss:0.000000, physics loss:0.000043
[epoch:275 iter:150] data loss:0.000007, PDE loss:0.000000, physics loss:0.000074
[epoch:275 iter:200] data loss:0.000008, PDE loss:0.000000, physics loss:0.000089
[epoch:275 iter:50] data loss:0.000006, PDE loss:0.000000, physics loss:0.000080
[epoch:276 iter:50] data loss:0.000007, PDE loss:0.000000, physics loss:0.000052
[epoch:276 iter:100] data loss:0.000009, PDE loss:0.000000, physics loss:0.000074
[epoch:276 iter:150] data loss:0.000009, PDE loss:0.000000, physics loss:0.000083
[epoch:276 iter:200] data loss:0.000009, PDE loss:0.000000, physics loss:0.000053
[epoch:276 iter:50] data loss:0.000008, PDE loss:0.000000, physics loss:0.000064
[epoch:277 iter:50] data loss:0.000007, PDE loss:0.000000, physics loss:0.000072
[epoch:277 iter:100] data loss:0.000007, PDE loss:0.000000, physics loss:0.000053
[epoch:277 iter:150] data loss:0.000008, PDE loss:0.000000, physics loss:0.000064
[epoch:277 iter:200] data loss:0.000008, PDE loss:0.000000, physics loss:0.000081
[epoch:277 iter:50] data loss:0.000008, PDE loss:0.000000, physics loss:0.000081
[epoch:278 iter:50] data loss:0.000007, PDE loss:0.000000, physics loss:0.000084
[epoch:278 iter:100] data loss:0.000009, PDE loss:0.000000, physics loss:0.000074
[epoch:278 iter:150] data loss:0.000007, PDE loss:0.000000, physics loss:0.000061
[epoch:278 iter:200] data loss:0.000008, PDE loss:0.000000, physics loss:0.000072
[epoch:278 iter:50] data loss:0.000007, PDE loss:0.000000, physics loss:0.000077
[epoch:279 iter:50] data loss:0.000009, PDE loss:0.000000, physics loss:0.000075
[epoch:279 iter:100] data loss:0.000008, PDE loss:0.000000, physics loss:0.000056
[epoch:279 iter:150] data loss:0.000007, PDE loss:0.000000, physics loss:0.000040
[epoch:279 iter:200] data loss:0.000009, PDE loss:0.000000, physics loss:0.000086
[epoch:279 iter:50] data loss:0.000011, PDE loss:0.000000, physics loss:0.000069
[epoch:280 iter:50] data loss:0.000008, PDE loss:0.000000, physics loss:0.000061
[epoch:280 iter:100] data loss:0.000010, PDE loss:0.000000, physics loss:0.000078
[epoch:280 iter:150] data loss:0.000008, PDE loss:0.000000, physics loss:0.000071
[epoch:280 iter:200] data loss:0.000008, PDE loss:0.000000, physics loss:0.000058
[epoch:280 iter:50] data loss:0.000011, PDE loss:0.000000, physics loss:0.000080
[epoch:281 iter:50] data loss:0.000007, PDE loss:0.000000, physics loss:0.000069
[epoch:281 iter:100] data loss:0.000007, PDE loss:0.000000, physics loss:0.000092
[epoch:281 iter:150] data loss:0.000008, PDE loss:0.000000, physics loss:0.000083
[epoch:281 iter:200] data loss:0.000009, PDE loss:0.000000, physics loss:0.000060
[epoch:281 iter:50] data loss:0.000008, PDE loss:0.000000, physics loss:0.000040
[epoch:282 iter:50] data loss:0.000009, PDE loss:0.000000, physics loss:0.000066
[epoch:282 iter:100] data loss:0.000006, PDE loss:0.000000, physics loss:0.000048
[epoch:282 iter:150] data loss:0.000008, PDE loss:0.000000, physics loss:0.000044
[epoch:282 iter:200] data loss:0.000009, PDE loss:0.000000, physics loss:0.000060
[epoch:282 iter:50] data loss:0.000008, PDE loss:0.000000, physics loss:0.000058
[epoch:283 iter:50] data loss:0.000007, PDE loss:0.000000, physics loss:0.000068
[epoch:283 iter:100] data loss:0.000007, PDE loss:0.000000, physics loss:0.000048
[epoch:283 iter:150] data loss:0.000008, PDE loss:0.000000, physics loss:0.000078
[epoch:283 iter:200] data loss:0.000009, PDE loss:0.000000, physics loss:0.000048
[epoch:283 iter:50] data loss:0.000008, PDE loss:0.000000, physics loss:0.000066
[epoch:284 iter:50] data loss:0.000007, PDE loss:0.000000, physics loss:0.000054
[epoch:284 iter:100] data loss:0.000008, PDE loss:0.000000, physics loss:0.000066
[epoch:284 iter:150] data loss:0.000008, PDE loss:0.000000, physics loss:0.000060
[epoch:284 iter:200] data loss:0.000007, PDE loss:0.000000, physics loss:0.000055
[epoch:284 iter:50] data loss:0.000009, PDE loss:0.000000, physics loss:0.000045
[epoch:285 iter:50] data loss:0.000009, PDE loss:0.000000, physics loss:0.000084
[epoch:285 iter:100] data loss:0.000009, PDE loss:0.000000, physics loss:0.000082
[epoch:285 iter:150] data loss:0.000007, PDE loss:0.000000, physics loss:0.000051
[epoch:285 iter:200] data loss:0.000008, PDE loss:0.000000, physics loss:0.000053
[epoch:285 iter:50] data loss:0.000007, PDE loss:0.000000, physics loss:0.000095
[epoch:286 iter:50] data loss:0.000008, PDE loss:0.000000, physics loss:0.000071
[epoch:286 iter:100] data loss:0.000007, PDE loss:0.000000, physics loss:0.000070
[epoch:286 iter:150] data loss:0.000008, PDE loss:0.000000, physics loss:0.000056
[epoch:286 iter:200] data loss:0.000008, PDE loss:0.000000, physics loss:0.000102
[epoch:286 iter:50] data loss:0.000010, PDE loss:0.000000, physics loss:0.000084
[epoch:287 iter:50] data loss:0.000008, PDE loss:0.000000, physics loss:0.000055
[epoch:287 iter:100] data loss:0.000010, PDE loss:0.000000, physics loss:0.000065
[epoch:287 iter:150] data loss:0.000008, PDE loss:0.000000, physics loss:0.000091
[epoch:287 iter:200] data loss:0.000006, PDE loss:0.000000, physics loss:0.000072
[epoch:287 iter:50] data loss:0.000009, PDE loss:0.000000, physics loss:0.000063
[epoch:288 iter:50] data loss:0.000008, PDE loss:0.000000, physics loss:0.000058
[epoch:288 iter:100] data loss:0.000008, PDE loss:0.000000, physics loss:0.000044
[epoch:288 iter:150] data loss:0.000007, PDE loss:0.000000, physics loss:0.000058
[epoch:288 iter:200] data loss:0.000007, PDE loss:0.000000, physics loss:0.000077
[epoch:288 iter:50] data loss:0.000008, PDE loss:0.000000, physics loss:0.000053
[epoch:289 iter:50] data loss:0.000007, PDE loss:0.000000, physics loss:0.000074
[epoch:289 iter:100] data loss:0.000008, PDE loss:0.000000, physics loss:0.000065
[epoch:289 iter:150] data loss:0.000007, PDE loss:0.000000, physics loss:0.000050
[epoch:289 iter:200] data loss:0.000007, PDE loss:0.000000, physics loss:0.000044
[epoch:289 iter:50] data loss:0.000008, PDE loss:0.000000, physics loss:0.000079
[epoch:290 iter:50] data loss:0.000007, PDE loss:0.000000, physics loss:0.000057
[epoch:290 iter:100] data loss:0.000008, PDE loss:0.000000, physics loss:0.000065
[epoch:290 iter:150] data loss:0.000007, PDE loss:0.000000, physics loss:0.000072
[epoch:290 iter:200] data loss:0.000007, PDE loss:0.000000, physics loss:0.000041
[epoch:290 iter:50] data loss:0.000031, PDE loss:0.000000, physics loss:0.000361
[epoch:291 iter:50] data loss:0.000008, PDE loss:0.000000, physics loss:0.000060
[epoch:291 iter:100] data loss:0.000007, PDE loss:0.000000, physics loss:0.000098
[epoch:291 iter:150] data loss:0.000006, PDE loss:0.000000, physics loss:0.000049
[epoch:291 iter:200] data loss:0.000007, PDE loss:0.000000, physics loss:0.000044
[epoch:291 iter:50] data loss:0.000008, PDE loss:0.000000, physics loss:0.000142
[epoch:292 iter:50] data loss:0.000007, PDE loss:0.000000, physics loss:0.000073
[epoch:292 iter:100] data loss:0.000007, PDE loss:0.000000, physics loss:0.000063
[epoch:292 iter:150] data loss:0.000007, PDE loss:0.000000, physics loss:0.000062
[epoch:292 iter:200] data loss:0.000007, PDE loss:0.000000, physics loss:0.000065
[epoch:292 iter:50] data loss:0.000007, PDE loss:0.000000, physics loss:0.000043
[epoch:293 iter:50] data loss:0.000008, PDE loss:0.000000, physics loss:0.000045
[epoch:293 iter:100] data loss:0.000007, PDE loss:0.000000, physics loss:0.000053
[epoch:293 iter:150] data loss:0.000008, PDE loss:0.000000, physics loss:0.000074
[epoch:293 iter:200] data loss:0.000008, PDE loss:0.000000, physics loss:0.000061
[epoch:293 iter:50] data loss:0.000008, PDE loss:0.000000, physics loss:0.000065
[epoch:294 iter:50] data loss:0.000009, PDE loss:0.000000, physics loss:0.000058
[epoch:294 iter:100] data loss:0.000007, PDE loss:0.000000, physics loss:0.000060
[epoch:294 iter:150] data loss:0.000010, PDE loss:0.000000, physics loss:0.000056
[epoch:294 iter:200] data loss:0.000007, PDE loss:0.000000, physics loss:0.000062
[epoch:294 iter:50] data loss:0.000009, PDE loss:0.000000, physics loss:0.000094
[epoch:295 iter:50] data loss:0.000007, PDE loss:0.000000, physics loss:0.000081
[epoch:295 iter:100] data loss:0.000007, PDE loss:0.000000, physics loss:0.000044
[epoch:295 iter:150] data loss:0.000008, PDE loss:0.000000, physics loss:0.000088
[epoch:295 iter:200] data loss:0.000009, PDE loss:0.000000, physics loss:0.000054
[epoch:295 iter:50] data loss:0.000030, PDE loss:0.000000, physics loss:0.000405
[epoch:296 iter:50] data loss:0.000008, PDE loss:0.000000, physics loss:0.000048
[epoch:296 iter:100] data loss:0.000008, PDE loss:0.000000, physics loss:0.000074
[epoch:296 iter:150] data loss:0.000008, PDE loss:0.000000, physics loss:0.000063
[epoch:296 iter:200] data loss:0.000009, PDE loss:0.000000, physics loss:0.000057
[epoch:296 iter:50] data loss:0.000007, PDE loss:0.000000, physics loss:0.000081
[epoch:297 iter:50] data loss:0.000009, PDE loss:0.000000, physics loss:0.000065
[epoch:297 iter:100] data loss:0.000007, PDE loss:0.000000, physics loss:0.000073
[epoch:297 iter:150] data loss:0.000008, PDE loss:0.000000, physics loss:0.000082
[epoch:297 iter:200] data loss:0.000006, PDE loss:0.000000, physics loss:0.000056
[epoch:297 iter:50] data loss:0.000007, PDE loss:0.000000, physics loss:0.000064
[epoch:298 iter:50] data loss:0.000009, PDE loss:0.000000, physics loss:0.000046
[epoch:298 iter:100] data loss:0.000007, PDE loss:0.000000, physics loss:0.000078
[epoch:298 iter:150] data loss:0.000007, PDE loss:0.000000, physics loss:0.000074
[epoch:298 iter:200] data loss:0.000007, PDE loss:0.000000, physics loss:0.000044
[epoch:298 iter:50] data loss:0.000006, PDE loss:0.000000, physics loss:0.000050
[epoch:299 iter:50] data loss:0.000008, PDE loss:0.000000, physics loss:0.000072
[epoch:299 iter:100] data loss:0.000008, PDE loss:0.000000, physics loss:0.000058
[epoch:299 iter:150] data loss:0.000009, PDE loss:0.000000, physics loss:0.000055
[epoch:299 iter:200] data loss:0.000009, PDE loss:0.000000, physics loss:0.000059
[epoch:299 iter:50] data loss:0.000011, PDE loss:0.000000, physics loss:0.000078
[epoch:300 iter:50] data loss:0.000008, PDE loss:0.000000, physics loss:0.000067
[epoch:300 iter:100] data loss:0.000007, PDE loss:0.000000, physics loss:0.000066
[epoch:300 iter:150] data loss:0.000007, PDE loss:0.000000, physics loss:0.000060
[epoch:300 iter:200] data loss:0.000007, PDE loss:0.000000, physics loss:0.000055
[epoch:300 iter:50] data loss:0.000010, PDE loss:0.000000, physics loss:0.000062
[epoch:301 iter:50] data loss:0.000008, PDE loss:0.000000, physics loss:0.000063
[epoch:301 iter:100] data loss:0.000007, PDE loss:0.000000, physics loss:0.000062
[epoch:301 iter:150] data loss:0.000007, PDE loss:0.000000, physics loss:0.000054
[epoch:301 iter:200] data loss:0.000007, PDE loss:0.000000, physics loss:0.000062
[epoch:301 iter:50] data loss:0.000007, PDE loss:0.000000, physics loss:0.000067
[epoch:302 iter:50] data loss:0.000008, PDE loss:0.000000, physics loss:0.000079
[epoch:302 iter:100] data loss:0.000008, PDE loss:0.000000, physics loss:0.000062
[epoch:302 iter:150] data loss:0.000008, PDE loss:0.000000, physics loss:0.000051
[epoch:302 iter:200] data loss:0.000008, PDE loss:0.000000, physics loss:0.000051
[epoch:302 iter:50] data loss:0.000010, PDE loss:0.000000, physics loss:0.000079
[epoch:303 iter:50] data loss:0.000007, PDE loss:0.000000, physics loss:0.000052
[epoch:303 iter:100] data loss:0.000007, PDE loss:0.000000, physics loss:0.000049
[epoch:303 iter:150] data loss:0.000007, PDE loss:0.000000, physics loss:0.000056
[epoch:303 iter:200] data loss:0.000007, PDE loss:0.000000, physics loss:0.000063
[epoch:303 iter:50] data loss:0.000005, PDE loss:0.000000, physics loss:0.000041
[epoch:304 iter:50] data loss:0.000007, PDE loss:0.000000, physics loss:0.000054
[epoch:304 iter:100] data loss:0.000007, PDE loss:0.000000, physics loss:0.000051
[epoch:304 iter:150] data loss:0.000007, PDE loss:0.000000, physics loss:0.000044
[epoch:304 iter:200] data loss:0.000007, PDE loss:0.000000, physics loss:0.000075
[epoch:304 iter:50] data loss:0.000008, PDE loss:0.000000, physics loss:0.000100
[epoch:305 iter:50] data loss:0.000008, PDE loss:0.000000, physics loss:0.000082
[epoch:305 iter:100] data loss:0.000007, PDE loss:0.000000, physics loss:0.000065
[epoch:305 iter:150] data loss:0.000008, PDE loss:0.000000, physics loss:0.000068
[epoch:305 iter:200] data loss:0.000008, PDE loss:0.000000, physics loss:0.000052
[epoch:305 iter:50] data loss:0.000008, PDE loss:0.000000, physics loss:0.000062
[epoch:306 iter:50] data loss:0.000007, PDE loss:0.000000, physics loss:0.000058
[epoch:306 iter:100] data loss:0.000006, PDE loss:0.000000, physics loss:0.000043
[epoch:306 iter:150] data loss:0.000008, PDE loss:0.000000, physics loss:0.000068
[epoch:306 iter:200] data loss:0.000008, PDE loss:0.000000, physics loss:0.000062
[epoch:306 iter:50] data loss:0.000008, PDE loss:0.000000, physics loss:0.000085
[epoch:307 iter:50] data loss:0.000007, PDE loss:0.000000, physics loss:0.000069
[epoch:307 iter:100] data loss:0.000006, PDE loss:0.000000, physics loss:0.000056
[epoch:307 iter:150] data loss:0.000007, PDE loss:0.000000, physics loss:0.000048
[epoch:307 iter:200] data loss:0.000007, PDE loss:0.000000, physics loss:0.000059
[epoch:307 iter:50] data loss:0.000006, PDE loss:0.000000, physics loss:0.000068
[epoch:308 iter:50] data loss:0.000009, PDE loss:0.000000, physics loss:0.000057
[epoch:308 iter:100] data loss:0.000008, PDE loss:0.000000, physics loss:0.000070
[epoch:308 iter:150] data loss:0.000008, PDE loss:0.000000, physics loss:0.000059
[epoch:308 iter:200] data loss:0.000008, PDE loss:0.000000, physics loss:0.000071
[epoch:308 iter:50] data loss:0.000007, PDE loss:0.000000, physics loss:0.000080
[epoch:309 iter:50] data loss:0.000008, PDE loss:0.000000, physics loss:0.000061
[epoch:309 iter:100] data loss:0.000008, PDE loss:0.000000, physics loss:0.000065
[epoch:309 iter:150] data loss:0.000009, PDE loss:0.000000, physics loss:0.000059
[epoch:309 iter:200] data loss:0.000008, PDE loss:0.000000, physics loss:0.000061
[epoch:309 iter:50] data loss:0.000009, PDE loss:0.000000, physics loss:0.000057
[epoch:310 iter:50] data loss:0.000007, PDE loss:0.000000, physics loss:0.000060
[epoch:310 iter:100] data loss:0.000006, PDE loss:0.000000, physics loss:0.000042
[epoch:310 iter:150] data loss:0.000008, PDE loss:0.000000, physics loss:0.000079
[epoch:310 iter:200] data loss:0.000008, PDE loss:0.000000, physics loss:0.000049
[epoch:310 iter:50] data loss:0.000009, PDE loss:0.000000, physics loss:0.000143
[epoch:311 iter:50] data loss:0.000008, PDE loss:0.000000, physics loss:0.000060
[epoch:311 iter:100] data loss:0.000007, PDE loss:0.000000, physics loss:0.000065
[epoch:311 iter:150] data loss:0.000007, PDE loss:0.000000, physics loss:0.000049
[epoch:311 iter:200] data loss:0.000007, PDE loss:0.000000, physics loss:0.000062
[epoch:311 iter:50] data loss:0.000018, PDE loss:0.000000, physics loss:0.000037
[epoch:312 iter:50] data loss:0.000007, PDE loss:0.000000, physics loss:0.000071
[epoch:312 iter:100] data loss:0.000007, PDE loss:0.000000, physics loss:0.000045
[epoch:312 iter:150] data loss:0.000007, PDE loss:0.000000, physics loss:0.000042
[epoch:312 iter:200] data loss:0.000007, PDE loss:0.000000, physics loss:0.000064
[epoch:312 iter:50] data loss:0.000009, PDE loss:0.000000, physics loss:0.000087
[epoch:313 iter:50] data loss:0.000008, PDE loss:0.000000, physics loss:0.000059
[epoch:313 iter:100] data loss:0.000006, PDE loss:0.000000, physics loss:0.000042
[epoch:313 iter:150] data loss:0.000008, PDE loss:0.000000, physics loss:0.000061
[epoch:313 iter:200] data loss:0.000007, PDE loss:0.000000, physics loss:0.000034
[epoch:313 iter:50] data loss:0.000007, PDE loss:0.000000, physics loss:0.000112
[epoch:314 iter:50] data loss:0.000008, PDE loss:0.000000, physics loss:0.000063
[epoch:314 iter:100] data loss:0.000008, PDE loss:0.000000, physics loss:0.000058
[epoch:314 iter:150] data loss:0.000008, PDE loss:0.000000, physics loss:0.000048
[epoch:314 iter:200] data loss:0.000018, PDE loss:0.000000, physics loss:0.000047
[epoch:314 iter:50] data loss:0.000010, PDE loss:0.000000, physics loss:0.000111
[epoch:315 iter:50] data loss:0.000008, PDE loss:0.000000, physics loss:0.000072
[epoch:315 iter:100] data loss:0.000007, PDE loss:0.000000, physics loss:0.000076
[epoch:315 iter:150] data loss:0.000007, PDE loss:0.000000, physics loss:0.000062
[epoch:315 iter:200] data loss:0.000008, PDE loss:0.000000, physics loss:0.000109
[epoch:315 iter:50] data loss:0.000008, PDE loss:0.000000, physics loss:0.000051
[epoch:316 iter:50] data loss:0.000007, PDE loss:0.000000, physics loss:0.000084
[epoch:316 iter:100] data loss:0.000008, PDE loss:0.000000, physics loss:0.000060
[epoch:316 iter:150] data loss:0.000007, PDE loss:0.000000, physics loss:0.000068
[epoch:316 iter:200] data loss:0.000007, PDE loss:0.000000, physics loss:0.000075
[epoch:316 iter:50] data loss:0.000011, PDE loss:0.000000, physics loss:0.000125
[epoch:317 iter:50] data loss:0.000009, PDE loss:0.000000, physics loss:0.000044
[epoch:317 iter:100] data loss:0.000008, PDE loss:0.000000, physics loss:0.000071
[epoch:317 iter:150] data loss:0.000007, PDE loss:0.000000, physics loss:0.000066
[epoch:317 iter:200] data loss:0.000007, PDE loss:0.000000, physics loss:0.000050
[epoch:317 iter:50] data loss:0.000005, PDE loss:0.000000, physics loss:0.000087
[epoch:318 iter:50] data loss:0.000008, PDE loss:0.000000, physics loss:0.000047
[epoch:318 iter:100] data loss:0.000007, PDE loss:0.000000, physics loss:0.000055
[epoch:318 iter:150] data loss:0.000006, PDE loss:0.000000, physics loss:0.000039
[epoch:318 iter:200] data loss:0.000006, PDE loss:0.000000, physics loss:0.000054
[epoch:318 iter:50] data loss:0.000008, PDE loss:0.000000, physics loss:0.000055
[epoch:319 iter:50] data loss:0.000007, PDE loss:0.000000, physics loss:0.000093
[epoch:319 iter:100] data loss:0.000008, PDE loss:0.000000, physics loss:0.000072
[epoch:319 iter:150] data loss:0.000011, PDE loss:0.000000, physics loss:0.000124
[epoch:319 iter:200] data loss:0.000007, PDE loss:0.000000, physics loss:0.000067
[epoch:319 iter:50] data loss:0.000007, PDE loss:0.000000, physics loss:0.000078
[epoch:320 iter:50] data loss:0.000010, PDE loss:0.000000, physics loss:0.000078
[epoch:320 iter:100] data loss:0.000006, PDE loss:0.000000, physics loss:0.000070
[epoch:320 iter:150] data loss:0.000007, PDE loss:0.000000, physics loss:0.000059
[epoch:320 iter:200] data loss:0.000008, PDE loss:0.000000, physics loss:0.000044
[epoch:320 iter:50] data loss:0.000009, PDE loss:0.000000, physics loss:0.000057
[epoch:321 iter:50] data loss:0.000007, PDE loss:0.000000, physics loss:0.000092
[epoch:321 iter:100] data loss:0.000007, PDE loss:0.000000, physics loss:0.000070
[epoch:321 iter:150] data loss:0.000008, PDE loss:0.000000, physics loss:0.000051
[epoch:321 iter:200] data loss:0.000007, PDE loss:0.000000, physics loss:0.000076
[epoch:321 iter:50] data loss:0.000006, PDE loss:0.000000, physics loss:0.000058
[epoch:322 iter:50] data loss:0.000006, PDE loss:0.000000, physics loss:0.000062
[epoch:322 iter:100] data loss:0.000007, PDE loss:0.000000, physics loss:0.000089
[epoch:322 iter:150] data loss:0.000007, PDE loss:0.000000, physics loss:0.000049
[epoch:322 iter:200] data loss:0.000006, PDE loss:0.000000, physics loss:0.000061
[epoch:322 iter:50] data loss:0.000007, PDE loss:0.000000, physics loss:0.000047
[epoch:323 iter:50] data loss:0.000008, PDE loss:0.000000, physics loss:0.000056
[epoch:323 iter:100] data loss:0.000007, PDE loss:0.000000, physics loss:0.000046
[epoch:323 iter:150] data loss:0.000008, PDE loss:0.000000, physics loss:0.000073
[epoch:323 iter:200] data loss:0.000007, PDE loss:0.000000, physics loss:0.000043
[epoch:323 iter:50] data loss:0.000041, PDE loss:0.000000, physics loss:0.000863
[epoch:324 iter:50] data loss:0.000008, PDE loss:0.000000, physics loss:0.000064
[epoch:324 iter:100] data loss:0.000007, PDE loss:0.000000, physics loss:0.000059
[epoch:324 iter:150] data loss:0.000007, PDE loss:0.000000, physics loss:0.000065
[epoch:324 iter:200] data loss:0.000008, PDE loss:0.000000, physics loss:0.000053
[epoch:324 iter:50] data loss:0.000009, PDE loss:0.000000, physics loss:0.000084
[epoch:325 iter:50] data loss:0.000008, PDE loss:0.000000, physics loss:0.000049
[epoch:325 iter:100] data loss:0.000008, PDE loss:0.000000, physics loss:0.000085
[epoch:325 iter:150] data loss:0.000008, PDE loss:0.000000, physics loss:0.000065
[epoch:325 iter:200] data loss:0.000008, PDE loss:0.000000, physics loss:0.000045
[epoch:325 iter:50] data loss:0.000006, PDE loss:0.000000, physics loss:0.000066
[epoch:326 iter:50] data loss:0.000008, PDE loss:0.000000, physics loss:0.000086
[epoch:326 iter:100] data loss:0.000006, PDE loss:0.000000, physics loss:0.000069
[epoch:326 iter:150] data loss:0.000007, PDE loss:0.000000, physics loss:0.000079
[epoch:326 iter:200] data loss:0.000008, PDE loss:0.000000, physics loss:0.000053
[epoch:326 iter:50] data loss:0.000006, PDE loss:0.000000, physics loss:0.000053
[epoch:327 iter:50] data loss:0.000009, PDE loss:0.000000, physics loss:0.000058
[epoch:327 iter:100] data loss:0.000012, PDE loss:0.000000, physics loss:0.000056
[epoch:327 iter:150] data loss:0.000007, PDE loss:0.000000, physics loss:0.000071
[epoch:327 iter:200] data loss:0.000006, PDE loss:0.000000, physics loss:0.000050
[epoch:327 iter:50] data loss:0.000006, PDE loss:0.000000, physics loss:0.000080
[epoch:328 iter:50] data loss:0.000006, PDE loss:0.000000, physics loss:0.000055
[epoch:328 iter:100] data loss:0.000007, PDE loss:0.000000, physics loss:0.000064
[epoch:328 iter:150] data loss:0.000007, PDE loss:0.000000, physics loss:0.000048
[epoch:328 iter:200] data loss:0.000007, PDE loss:0.000000, physics loss:0.000066
[epoch:328 iter:50] data loss:0.000005, PDE loss:0.000000, physics loss:0.000059
[epoch:329 iter:50] data loss:0.000008, PDE loss:0.000000, physics loss:0.000069
[epoch:329 iter:100] data loss:0.000007, PDE loss:0.000000, physics loss:0.000052
[epoch:329 iter:150] data loss:0.000006, PDE loss:0.000000, physics loss:0.000037
[epoch:329 iter:200] data loss:0.000007, PDE loss:0.000000, physics loss:0.000052
[epoch:329 iter:50] data loss:0.000007, PDE loss:0.000000, physics loss:0.000067
[epoch:330 iter:50] data loss:0.000007, PDE loss:0.000000, physics loss:0.000052
[epoch:330 iter:100] data loss:0.000007, PDE loss:0.000000, physics loss:0.000053
[epoch:330 iter:150] data loss:0.000007, PDE loss:0.000000, physics loss:0.000065
[epoch:330 iter:200] data loss:0.000006, PDE loss:0.000000, physics loss:0.000067
[epoch:330 iter:50] data loss:0.000008, PDE loss:0.000000, physics loss:0.000064
[epoch:331 iter:50] data loss:0.000007, PDE loss:0.000000, physics loss:0.000057
[epoch:331 iter:100] data loss:0.000008, PDE loss:0.000000, physics loss:0.000056
[epoch:331 iter:150] data loss:0.000008, PDE loss:0.000000, physics loss:0.000060
[epoch:331 iter:200] data loss:0.000007, PDE loss:0.000000, physics loss:0.000044
[epoch:331 iter:50] data loss:0.000008, PDE loss:0.000000, physics loss:0.000088
[epoch:332 iter:50] data loss:0.000007, PDE loss:0.000000, physics loss:0.000062
[epoch:332 iter:100] data loss:0.000007, PDE loss:0.000000, physics loss:0.000053
[epoch:332 iter:150] data loss:0.000006, PDE loss:0.000000, physics loss:0.000049
[epoch:332 iter:200] data loss:0.000007, PDE loss:0.000000, physics loss:0.000047
[epoch:332 iter:50] data loss:0.000021, PDE loss:0.000000, physics loss:0.000134
[epoch:333 iter:50] data loss:0.000007, PDE loss:0.000000, physics loss:0.000073
[epoch:333 iter:100] data loss:0.000007, PDE loss:0.000000, physics loss:0.000071
[epoch:333 iter:150] data loss:0.000008, PDE loss:0.000000, physics loss:0.000072
[epoch:333 iter:200] data loss:0.000007, PDE loss:0.000000, physics loss:0.000058
[epoch:333 iter:50] data loss:0.000009, PDE loss:0.000000, physics loss:0.000060
[epoch:334 iter:50] data loss:0.000020, PDE loss:0.000000, physics loss:0.000073
[epoch:334 iter:100] data loss:0.000008, PDE loss:0.000000, physics loss:0.000061
[epoch:334 iter:150] data loss:0.000007, PDE loss:0.000000, physics loss:0.000059
[epoch:334 iter:200] data loss:0.000007, PDE loss:0.000000, physics loss:0.000063
[epoch:334 iter:50] data loss:0.000019, PDE loss:0.000000, physics loss:0.000067
[epoch:335 iter:50] data loss:0.000009, PDE loss:0.000000, physics loss:0.000074
[epoch:335 iter:100] data loss:0.000007, PDE loss:0.000000, physics loss:0.000055
[epoch:335 iter:150] data loss:0.000009, PDE loss:0.000000, physics loss:0.000073
[epoch:335 iter:200] data loss:0.000007, PDE loss:0.000000, physics loss:0.000066
[epoch:335 iter:50] data loss:0.000008, PDE loss:0.000000, physics loss:0.000086
[epoch:336 iter:50] data loss:0.000006, PDE loss:0.000000, physics loss:0.000058
[epoch:336 iter:100] data loss:0.000006, PDE loss:0.000000, physics loss:0.000058
[epoch:336 iter:150] data loss:0.000007, PDE loss:0.000000, physics loss:0.000045
[epoch:336 iter:200] data loss:0.000008, PDE loss:0.000000, physics loss:0.000081
[epoch:336 iter:50] data loss:0.000005, PDE loss:0.000000, physics loss:0.000067
[epoch:337 iter:50] data loss:0.000006, PDE loss:0.000000, physics loss:0.000071
[epoch:337 iter:100] data loss:0.000007, PDE loss:0.000000, physics loss:0.000037
[epoch:337 iter:150] data loss:0.000020, PDE loss:0.000000, physics loss:0.000050
[epoch:337 iter:200] data loss:0.000008, PDE loss:0.000000, physics loss:0.000086
[epoch:337 iter:50] data loss:0.000021, PDE loss:0.000000, physics loss:0.000041
[epoch:338 iter:50] data loss:0.000007, PDE loss:0.000000, physics loss:0.000052
[epoch:338 iter:100] data loss:0.000006, PDE loss:0.000000, physics loss:0.000057
[epoch:338 iter:150] data loss:0.000008, PDE loss:0.000000, physics loss:0.000061
[epoch:338 iter:200] data loss:0.000009, PDE loss:0.000000, physics loss:0.000065
[epoch:338 iter:50] data loss:0.000011, PDE loss:0.000000, physics loss:0.000070
[epoch:339 iter:50] data loss:0.000009, PDE loss:0.000000, physics loss:0.000071
[epoch:339 iter:100] data loss:0.000007, PDE loss:0.000000, physics loss:0.000075
[epoch:339 iter:150] data loss:0.000006, PDE loss:0.000000, physics loss:0.000062
[epoch:339 iter:200] data loss:0.000008, PDE loss:0.000000, physics loss:0.000079
[epoch:339 iter:50] data loss:0.000007, PDE loss:0.000000, physics loss:0.000076
[epoch:340 iter:50] data loss:0.000007, PDE loss:0.000000, physics loss:0.000046
[epoch:340 iter:100] data loss:0.000006, PDE loss:0.000000, physics loss:0.000091
[epoch:340 iter:150] data loss:0.000010, PDE loss:0.000000, physics loss:0.000063
[epoch:340 iter:200] data loss:0.000008, PDE loss:0.000000, physics loss:0.000054
[epoch:340 iter:50] data loss:0.000008, PDE loss:0.000000, physics loss:0.000070
[epoch:341 iter:50] data loss:0.000007, PDE loss:0.000000, physics loss:0.000059
[epoch:341 iter:100] data loss:0.000007, PDE loss:0.000000, physics loss:0.000071
[epoch:341 iter:150] data loss:0.000007, PDE loss:0.000000, physics loss:0.000056
[epoch:341 iter:200] data loss:0.000005, PDE loss:0.000000, physics loss:0.000076
[epoch:341 iter:50] data loss:0.000007, PDE loss:0.000000, physics loss:0.000151
[epoch:342 iter:50] data loss:0.000006, PDE loss:0.000000, physics loss:0.000061
[epoch:342 iter:100] data loss:0.000008, PDE loss:0.000000, physics loss:0.000055
[epoch:342 iter:150] data loss:0.000006, PDE loss:0.000000, physics loss:0.000050
[epoch:342 iter:200] data loss:0.000007, PDE loss:0.000000, physics loss:0.000062
[epoch:342 iter:50] data loss:0.000005, PDE loss:0.000000, physics loss:0.000046
[epoch:343 iter:50] data loss:0.000008, PDE loss:0.000000, physics loss:0.000052
[epoch:343 iter:100] data loss:0.000007, PDE loss:0.000000, physics loss:0.000067
[epoch:343 iter:150] data loss:0.000008, PDE loss:0.000000, physics loss:0.000107
[epoch:343 iter:200] data loss:0.000006, PDE loss:0.000000, physics loss:0.000054
[epoch:343 iter:50] data loss:0.000011, PDE loss:0.000000, physics loss:0.000102
[epoch:344 iter:50] data loss:0.000006, PDE loss:0.000000, physics loss:0.000044
[epoch:344 iter:100] data loss:0.000007, PDE loss:0.000000, physics loss:0.000081
[epoch:344 iter:150] data loss:0.000007, PDE loss:0.000000, physics loss:0.000055
[epoch:344 iter:200] data loss:0.000007, PDE loss:0.000000, physics loss:0.000061
[epoch:344 iter:50] data loss:0.000010, PDE loss:0.000000, physics loss:0.000066
[epoch:345 iter:50] data loss:0.000008, PDE loss:0.000000, physics loss:0.000066
[epoch:345 iter:100] data loss:0.000011, PDE loss:0.000000, physics loss:0.000047
[epoch:345 iter:150] data loss:0.000007, PDE loss:0.000000, physics loss:0.000068
[epoch:345 iter:200] data loss:0.000006, PDE loss:0.000000, physics loss:0.000053
[epoch:345 iter:50] data loss:0.000010, PDE loss:0.000000, physics loss:0.000050
[epoch:346 iter:50] data loss:0.000007, PDE loss:0.000000, physics loss:0.000075
[epoch:346 iter:100] data loss:0.000007, PDE loss:0.000000, physics loss:0.000067
[epoch:346 iter:150] data loss:0.000007, PDE loss:0.000000, physics loss:0.000044
[epoch:346 iter:200] data loss:0.000007, PDE loss:0.000000, physics loss:0.000039
[epoch:346 iter:50] data loss:0.000006, PDE loss:0.000000, physics loss:0.000045
[epoch:347 iter:50] data loss:0.000008, PDE loss:0.000000, physics loss:0.000051
[epoch:347 iter:100] data loss:0.000007, PDE loss:0.000000, physics loss:0.000048
[epoch:347 iter:150] data loss:0.000008, PDE loss:0.000000, physics loss:0.000067
[epoch:347 iter:200] data loss:0.000007, PDE loss:0.000000, physics loss:0.000055
[epoch:347 iter:50] data loss:0.000018, PDE loss:0.000000, physics loss:0.000071
[epoch:348 iter:50] data loss:0.000008, PDE loss:0.000000, physics loss:0.000070
[epoch:348 iter:100] data loss:0.000006, PDE loss:0.000000, physics loss:0.000048
[epoch:348 iter:150] data loss:0.000007, PDE loss:0.000000, physics loss:0.000060
[epoch:348 iter:200] data loss:0.000007, PDE loss:0.000000, physics loss:0.000059
[epoch:348 iter:50] data loss:0.000009, PDE loss:0.000000, physics loss:0.000089
[epoch:349 iter:50] data loss:0.000006, PDE loss:0.000000, physics loss:0.000061
[epoch:349 iter:100] data loss:0.000007, PDE loss:0.000000, physics loss:0.000054
[epoch:349 iter:150] data loss:0.000007, PDE loss:0.000000, physics loss:0.000063
[epoch:349 iter:200] data loss:0.000006, PDE loss:0.000000, physics loss:0.000066
[epoch:349 iter:50] data loss:0.000006, PDE loss:0.000000, physics loss:0.000072
[epoch:350 iter:50] data loss:0.000007, PDE loss:0.000000, physics loss:0.000064
[epoch:350 iter:100] data loss:0.000007, PDE loss:0.000000, physics loss:0.000056
[epoch:350 iter:150] data loss:0.000006, PDE loss:0.000000, physics loss:0.000063
[epoch:350 iter:200] data loss:0.000007, PDE loss:0.000000, physics loss:0.000070
[epoch:350 iter:50] data loss:0.000008, PDE loss:0.000000, physics loss:0.000048
[epoch:351 iter:50] data loss:0.000007, PDE loss:0.000000, physics loss:0.000042
[epoch:351 iter:100] data loss:0.000006, PDE loss:0.000000, physics loss:0.000070
[epoch:351 iter:150] data loss:0.000007, PDE loss:0.000000, physics loss:0.000073
[epoch:351 iter:200] data loss:0.000007, PDE loss:0.000000, physics loss:0.000065
[epoch:351 iter:50] data loss:0.000027, PDE loss:0.000000, physics loss:0.000854
[epoch:352 iter:50] data loss:0.000006, PDE loss:0.000000, physics loss:0.000055
[epoch:352 iter:100] data loss:0.000006, PDE loss:0.000000, physics loss:0.000052
[epoch:352 iter:150] data loss:0.000006, PDE loss:0.000000, physics loss:0.000063
[epoch:352 iter:200] data loss:0.000007, PDE loss:0.000000, physics loss:0.000070
[epoch:352 iter:50] data loss:0.000010, PDE loss:0.000000, physics loss:0.000057
[epoch:353 iter:50] data loss:0.000007, PDE loss:0.000000, physics loss:0.000051
[epoch:353 iter:100] data loss:0.000007, PDE loss:0.000000, physics loss:0.000058
[epoch:353 iter:150] data loss:0.000006, PDE loss:0.000000, physics loss:0.000053
[epoch:353 iter:200] data loss:0.000007, PDE loss:0.000000, physics loss:0.000070
[epoch:353 iter:50] data loss:0.000011, PDE loss:0.000000, physics loss:0.000098
[epoch:354 iter:50] data loss:0.000007, PDE loss:0.000000, physics loss:0.000061
[epoch:354 iter:100] data loss:0.000007, PDE loss:0.000000, physics loss:0.000085
[epoch:354 iter:150] data loss:0.000008, PDE loss:0.000000, physics loss:0.000060
[epoch:354 iter:200] data loss:0.000006, PDE loss:0.000000, physics loss:0.000053
[epoch:354 iter:50] data loss:0.000009, PDE loss:0.000000, physics loss:0.000142
[epoch:355 iter:50] data loss:0.000007, PDE loss:0.000000, physics loss:0.000059
[epoch:355 iter:100] data loss:0.000007, PDE loss:0.000000, physics loss:0.000051
[epoch:355 iter:150] data loss:0.000005, PDE loss:0.000000, physics loss:0.000066
[epoch:355 iter:200] data loss:0.000006, PDE loss:0.000000, physics loss:0.000055
[epoch:355 iter:50] data loss:0.000008, PDE loss:0.000000, physics loss:0.000068
[epoch:356 iter:50] data loss:0.000007, PDE loss:0.000000, physics loss:0.000044
[epoch:356 iter:100] data loss:0.000007, PDE loss:0.000000, physics loss:0.000057
[epoch:356 iter:150] data loss:0.000008, PDE loss:0.000000, physics loss:0.000060
[epoch:356 iter:200] data loss:0.000008, PDE loss:0.000000, physics loss:0.000073
[epoch:356 iter:50] data loss:0.000006, PDE loss:0.000000, physics loss:0.000048
[epoch:357 iter:50] data loss:0.000007, PDE loss:0.000000, physics loss:0.000061
[epoch:357 iter:100] data loss:0.000008, PDE loss:0.000000, physics loss:0.000059
[epoch:357 iter:150] data loss:0.000007, PDE loss:0.000000, physics loss:0.000067
[epoch:357 iter:200] data loss:0.000007, PDE loss:0.000000, physics loss:0.000096
[epoch:357 iter:50] data loss:0.000007, PDE loss:0.000000, physics loss:0.000045
[epoch:358 iter:50] data loss:0.000007, PDE loss:0.000000, physics loss:0.000062
[epoch:358 iter:100] data loss:0.000007, PDE loss:0.000000, physics loss:0.000060
[epoch:358 iter:150] data loss:0.000007, PDE loss:0.000000, physics loss:0.000067
[epoch:358 iter:200] data loss:0.000007, PDE loss:0.000000, physics loss:0.000043
[epoch:358 iter:50] data loss:0.000008, PDE loss:0.000000, physics loss:0.000067
[epoch:359 iter:50] data loss:0.000008, PDE loss:0.000000, physics loss:0.000055
[epoch:359 iter:100] data loss:0.000007, PDE loss:0.000000, physics loss:0.000047
[epoch:359 iter:150] data loss:0.000008, PDE loss:0.000000, physics loss:0.000045
[epoch:359 iter:200] data loss:0.000006, PDE loss:0.000000, physics loss:0.000057
[epoch:359 iter:50] data loss:0.000008, PDE loss:0.000000, physics loss:0.000055
[epoch:360 iter:50] data loss:0.000009, PDE loss:0.000000, physics loss:0.000057
[epoch:360 iter:100] data loss:0.000007, PDE loss:0.000000, physics loss:0.000053
[epoch:360 iter:150] data loss:0.000008, PDE loss:0.000000, physics loss:0.000061
[epoch:360 iter:200] data loss:0.000008, PDE loss:0.000000, physics loss:0.000044
[epoch:360 iter:50] data loss:0.000006, PDE loss:0.000000, physics loss:0.000077
[epoch:361 iter:50] data loss:0.000007, PDE loss:0.000000, physics loss:0.000095
[epoch:361 iter:100] data loss:0.000008, PDE loss:0.000000, physics loss:0.000055
[epoch:361 iter:150] data loss:0.000007, PDE loss:0.000000, physics loss:0.000082
[epoch:361 iter:200] data loss:0.000006, PDE loss:0.000000, physics loss:0.000044
[epoch:361 iter:50] data loss:0.000010, PDE loss:0.000000, physics loss:0.000104
[epoch:362 iter:50] data loss:0.000007, PDE loss:0.000000, physics loss:0.000074
[epoch:362 iter:100] data loss:0.000009, PDE loss:0.000000, physics loss:0.000062
[epoch:362 iter:150] data loss:0.000006, PDE loss:0.000000, physics loss:0.000076
[epoch:362 iter:200] data loss:0.000010, PDE loss:0.000000, physics loss:0.000058
[epoch:362 iter:50] data loss:0.000010, PDE loss:0.000000, physics loss:0.000042
[epoch:363 iter:50] data loss:0.000007, PDE loss:0.000000, physics loss:0.000078
[epoch:363 iter:100] data loss:0.000009, PDE loss:0.000000, physics loss:0.000079
[epoch:363 iter:150] data loss:0.000006, PDE loss:0.000000, physics loss:0.000046
[epoch:363 iter:200] data loss:0.000008, PDE loss:0.000000, physics loss:0.000069
[epoch:363 iter:50] data loss:0.000010, PDE loss:0.000000, physics loss:0.000153
[epoch:364 iter:50] data loss:0.000007, PDE loss:0.000000, physics loss:0.000053
[epoch:364 iter:100] data loss:0.000006, PDE loss:0.000000, physics loss:0.000069
[epoch:364 iter:150] data loss:0.000009, PDE loss:0.000000, physics loss:0.000067
[epoch:364 iter:200] data loss:0.000007, PDE loss:0.000000, physics loss:0.000055
[epoch:364 iter:50] data loss:0.000008, PDE loss:0.000000, physics loss:0.000054
[epoch:365 iter:50] data loss:0.000006, PDE loss:0.000000, physics loss:0.000060
[epoch:365 iter:100] data loss:0.000007, PDE loss:0.000000, physics loss:0.000058
[epoch:365 iter:150] data loss:0.000007, PDE loss:0.000000, physics loss:0.000062
[epoch:365 iter:200] data loss:0.000007, PDE loss:0.000000, physics loss:0.000064
[epoch:365 iter:50] data loss:0.000009, PDE loss:0.000000, physics loss:0.000064
[epoch:366 iter:50] data loss:0.000008, PDE loss:0.000000, physics loss:0.000071
[epoch:366 iter:100] data loss:0.000007, PDE loss:0.000000, physics loss:0.000049
[epoch:366 iter:150] data loss:0.000007, PDE loss:0.000000, physics loss:0.000065
[epoch:366 iter:200] data loss:0.000007, PDE loss:0.000000, physics loss:0.000063
[epoch:366 iter:50] data loss:0.000008, PDE loss:0.000000, physics loss:0.000066
[epoch:367 iter:50] data loss:0.000006, PDE loss:0.000000, physics loss:0.000061
[epoch:367 iter:100] data loss:0.000007, PDE loss:0.000000, physics loss:0.000051
[epoch:367 iter:150] data loss:0.000006, PDE loss:0.000000, physics loss:0.000062
[epoch:367 iter:200] data loss:0.000008, PDE loss:0.000000, physics loss:0.000047
[epoch:367 iter:50] data loss:0.000013, PDE loss:0.000000, physics loss:0.000062
[epoch:368 iter:50] data loss:0.000007, PDE loss:0.000000, physics loss:0.000084
[epoch:368 iter:100] data loss:0.000008, PDE loss:0.000000, physics loss:0.000074
[epoch:368 iter:150] data loss:0.000005, PDE loss:0.000000, physics loss:0.000057
[epoch:368 iter:200] data loss:0.000006, PDE loss:0.000000, physics loss:0.000054
[epoch:368 iter:50] data loss:0.000008, PDE loss:0.000000, physics loss:0.000048
[epoch:369 iter:50] data loss:0.000006, PDE loss:0.000000, physics loss:0.000053
[epoch:369 iter:100] data loss:0.000006, PDE loss:0.000000, physics loss:0.000068
[epoch:369 iter:150] data loss:0.000007, PDE loss:0.000000, physics loss:0.000066
[epoch:369 iter:200] data loss:0.000008, PDE loss:0.000000, physics loss:0.000051
[epoch:369 iter:50] data loss:0.000008, PDE loss:0.000000, physics loss:0.000081
[epoch:370 iter:50] data loss:0.000009, PDE loss:0.000000, physics loss:0.000047
[epoch:370 iter:100] data loss:0.000008, PDE loss:0.000000, physics loss:0.000059
[epoch:370 iter:150] data loss:0.000007, PDE loss:0.000000, physics loss:0.000062
[epoch:370 iter:200] data loss:0.000007, PDE loss:0.000000, physics loss:0.000042
[epoch:370 iter:50] data loss:0.000006, PDE loss:0.000000, physics loss:0.000074
[epoch:371 iter:50] data loss:0.000006, PDE loss:0.000000, physics loss:0.000041
[epoch:371 iter:100] data loss:0.000006, PDE loss:0.000000, physics loss:0.000040
[epoch:371 iter:150] data loss:0.000007, PDE loss:0.000000, physics loss:0.000055
[epoch:371 iter:200] data loss:0.000019, PDE loss:0.000000, physics loss:0.000057
[epoch:371 iter:50] data loss:0.000028, PDE loss:0.000000, physics loss:0.000359
[epoch:372 iter:50] data loss:0.000006, PDE loss:0.000000, physics loss:0.000050
[epoch:372 iter:100] data loss:0.000007, PDE loss:0.000000, physics loss:0.000058
[epoch:372 iter:150] data loss:0.000007, PDE loss:0.000000, physics loss:0.000065
[epoch:372 iter:200] data loss:0.000006, PDE loss:0.000000, physics loss:0.000044
[epoch:372 iter:50] data loss:0.000007, PDE loss:0.000000, physics loss:0.000060
[epoch:373 iter:50] data loss:0.000006, PDE loss:0.000000, physics loss:0.000064
[epoch:373 iter:100] data loss:0.000017, PDE loss:0.000000, physics loss:0.000047
[epoch:373 iter:150] data loss:0.000007, PDE loss:0.000000, physics loss:0.000048
[epoch:373 iter:200] data loss:0.000007, PDE loss:0.000000, physics loss:0.000057
[epoch:373 iter:50] data loss:0.000010, PDE loss:0.000000, physics loss:0.000057
[epoch:374 iter:50] data loss:0.000006, PDE loss:0.000000, physics loss:0.000066
[epoch:374 iter:100] data loss:0.000007, PDE loss:0.000000, physics loss:0.000060
[epoch:374 iter:150] data loss:0.000007, PDE loss:0.000000, physics loss:0.000040
[epoch:374 iter:200] data loss:0.000008, PDE loss:0.000000, physics loss:0.000062
[epoch:374 iter:50] data loss:0.000005, PDE loss:0.000000, physics loss:0.000048
[epoch:375 iter:50] data loss:0.000006, PDE loss:0.000000, physics loss:0.000068
[epoch:375 iter:100] data loss:0.000006, PDE loss:0.000000, physics loss:0.000061
[epoch:375 iter:150] data loss:0.000006, PDE loss:0.000000, physics loss:0.000050
[epoch:375 iter:200] data loss:0.000007, PDE loss:0.000000, physics loss:0.000069
[epoch:375 iter:50] data loss:0.000008, PDE loss:0.000000, physics loss:0.000052
[epoch:376 iter:50] data loss:0.000007, PDE loss:0.000000, physics loss:0.000053
[epoch:376 iter:100] data loss:0.000007, PDE loss:0.000000, physics loss:0.000060
[epoch:376 iter:150] data loss:0.000009, PDE loss:0.000000, physics loss:0.000082
[epoch:376 iter:200] data loss:0.000007, PDE loss:0.000000, physics loss:0.000052
[epoch:376 iter:50] data loss:0.000007, PDE loss:0.000000, physics loss:0.000097
[epoch:377 iter:50] data loss:0.000006, PDE loss:0.000000, physics loss:0.000047
[epoch:377 iter:100] data loss:0.000007, PDE loss:0.000000, physics loss:0.000060
[epoch:377 iter:150] data loss:0.000007, PDE loss:0.000000, physics loss:0.000070
[epoch:377 iter:200] data loss:0.000009, PDE loss:0.000000, physics loss:0.000066
[epoch:377 iter:50] data loss:0.000009, PDE loss:0.000000, physics loss:0.000077
[epoch:378 iter:50] data loss:0.000007, PDE loss:0.000000, physics loss:0.000060
[epoch:378 iter:100] data loss:0.000006, PDE loss:0.000000, physics loss:0.000062
[epoch:378 iter:150] data loss:0.000006, PDE loss:0.000000, physics loss:0.000074
[epoch:378 iter:200] data loss:0.000007, PDE loss:0.000000, physics loss:0.000024
[epoch:378 iter:50] data loss:0.000007, PDE loss:0.000000, physics loss:0.000072
[epoch:379 iter:50] data loss:0.000007, PDE loss:0.000000, physics loss:0.000059
[epoch:379 iter:100] data loss:0.000007, PDE loss:0.000000, physics loss:0.000040
[epoch:379 iter:150] data loss:0.000005, PDE loss:0.000000, physics loss:0.000045
[epoch:379 iter:200] data loss:0.000006, PDE loss:0.000000, physics loss:0.000052
[epoch:379 iter:50] data loss:0.000006, PDE loss:0.000000, physics loss:0.000077
[epoch:380 iter:50] data loss:0.000007, PDE loss:0.000000, physics loss:0.000057
[epoch:380 iter:100] data loss:0.000007, PDE loss:0.000000, physics loss:0.000051
[epoch:380 iter:150] data loss:0.000006, PDE loss:0.000000, physics loss:0.000045
[epoch:380 iter:200] data loss:0.000006, PDE loss:0.000000, physics loss:0.000051
[epoch:380 iter:50] data loss:0.000006, PDE loss:0.000000, physics loss:0.000044
[epoch:381 iter:50] data loss:0.000006, PDE loss:0.000000, physics loss:0.000061
[epoch:381 iter:100] data loss:0.000009, PDE loss:0.000000, physics loss:0.000061
[epoch:381 iter:150] data loss:0.000006, PDE loss:0.000000, physics loss:0.000059
[epoch:381 iter:200] data loss:0.000007, PDE loss:0.000000, physics loss:0.000037
[epoch:381 iter:50] data loss:0.000009, PDE loss:0.000000, physics loss:0.000061
[epoch:382 iter:50] data loss:0.000007, PDE loss:0.000000, physics loss:0.000060
[epoch:382 iter:100] data loss:0.000006, PDE loss:0.000000, physics loss:0.000050
[epoch:382 iter:150] data loss:0.000006, PDE loss:0.000000, physics loss:0.000047
[epoch:382 iter:200] data loss:0.000006, PDE loss:0.000000, physics loss:0.000057
[epoch:382 iter:50] data loss:0.000008, PDE loss:0.000000, physics loss:0.000057
[epoch:383 iter:50] data loss:0.000007, PDE loss:0.000000, physics loss:0.000067
[epoch:383 iter:100] data loss:0.000006, PDE loss:0.000000, physics loss:0.000044
[epoch:383 iter:150] data loss:0.000007, PDE loss:0.000000, physics loss:0.000051
[epoch:383 iter:200] data loss:0.000009, PDE loss:0.000000, physics loss:0.000075
[epoch:383 iter:50] data loss:0.000007, PDE loss:0.000000, physics loss:0.000054
[epoch:384 iter:50] data loss:0.000006, PDE loss:0.000000, physics loss:0.000064
[epoch:384 iter:100] data loss:0.000006, PDE loss:0.000000, physics loss:0.000080
[epoch:384 iter:150] data loss:0.000008, PDE loss:0.000000, physics loss:0.000065
[epoch:384 iter:200] data loss:0.000007, PDE loss:0.000000, physics loss:0.000056
[epoch:384 iter:50] data loss:0.000010, PDE loss:0.000000, physics loss:0.000080
[epoch:385 iter:50] data loss:0.000006, PDE loss:0.000000, physics loss:0.000100
[epoch:385 iter:100] data loss:0.000007, PDE loss:0.000000, physics loss:0.000043
[epoch:385 iter:150] data loss:0.000007, PDE loss:0.000000, physics loss:0.000057
[epoch:385 iter:200] data loss:0.000006, PDE loss:0.000000, physics loss:0.000047
[epoch:385 iter:50] data loss:0.000020, PDE loss:0.000000, physics loss:0.000062
[epoch:386 iter:50] data loss:0.000008, PDE loss:0.000000, physics loss:0.000046
[epoch:386 iter:100] data loss:0.000007, PDE loss:0.000000, physics loss:0.000068
[epoch:386 iter:150] data loss:0.000007, PDE loss:0.000000, physics loss:0.000056
[epoch:386 iter:200] data loss:0.000008, PDE loss:0.000000, physics loss:0.000048
[epoch:386 iter:50] data loss:0.000006, PDE loss:0.000000, physics loss:0.000085
[epoch:387 iter:50] data loss:0.000007, PDE loss:0.000000, physics loss:0.000059
[epoch:387 iter:100] data loss:0.000006, PDE loss:0.000000, physics loss:0.000064
[epoch:387 iter:150] data loss:0.000006, PDE loss:0.000000, physics loss:0.000061
[epoch:387 iter:200] data loss:0.000007, PDE loss:0.000000, physics loss:0.000066
[epoch:387 iter:50] data loss:0.000008, PDE loss:0.000000, physics loss:0.000139
[epoch:388 iter:50] data loss:0.000006, PDE loss:0.000000, physics loss:0.000046
[epoch:388 iter:100] data loss:0.000009, PDE loss:0.000000, physics loss:0.000060
[epoch:388 iter:150] data loss:0.000007, PDE loss:0.000000, physics loss:0.000057
[epoch:388 iter:200] data loss:0.000006, PDE loss:0.000000, physics loss:0.000045
[epoch:388 iter:50] data loss:0.000013, PDE loss:0.000000, physics loss:0.000072
[epoch:389 iter:50] data loss:0.000008, PDE loss:0.000000, physics loss:0.000054
[epoch:389 iter:100] data loss:0.000007, PDE loss:0.000000, physics loss:0.000040
[epoch:389 iter:150] data loss:0.000007, PDE loss:0.000000, physics loss:0.000062
[epoch:389 iter:200] data loss:0.000007, PDE loss:0.000000, physics loss:0.000052
[epoch:389 iter:50] data loss:0.000005, PDE loss:0.000000, physics loss:0.000058
[epoch:390 iter:50] data loss:0.000006, PDE loss:0.000000, physics loss:0.000055
[epoch:390 iter:100] data loss:0.000008, PDE loss:0.000000, physics loss:0.000075
[epoch:390 iter:150] data loss:0.000005, PDE loss:0.000000, physics loss:0.000043
[epoch:390 iter:200] data loss:0.000006, PDE loss:0.000000, physics loss:0.000070
[epoch:390 iter:50] data loss:0.000012, PDE loss:0.000000, physics loss:0.000064
[epoch:391 iter:50] data loss:0.000006, PDE loss:0.000000, physics loss:0.000054
[epoch:391 iter:100] data loss:0.000006, PDE loss:0.000000, physics loss:0.000065
[epoch:391 iter:150] data loss:0.000006, PDE loss:0.000000, physics loss:0.000048
[epoch:391 iter:200] data loss:0.000007, PDE loss:0.000000, physics loss:0.000043
[epoch:391 iter:50] data loss:0.000008, PDE loss:0.000000, physics loss:0.000052
[epoch:392 iter:50] data loss:0.000006, PDE loss:0.000000, physics loss:0.000053
[epoch:392 iter:100] data loss:0.000006, PDE loss:0.000000, physics loss:0.000034
[epoch:392 iter:150] data loss:0.000006, PDE loss:0.000000, physics loss:0.000042
[epoch:392 iter:200] data loss:0.000006, PDE loss:0.000000, physics loss:0.000062
[epoch:392 iter:50] data loss:0.000006, PDE loss:0.000000, physics loss:0.000069
[epoch:393 iter:50] data loss:0.000006, PDE loss:0.000000, physics loss:0.000053
[epoch:393 iter:100] data loss:0.000006, PDE loss:0.000000, physics loss:0.000045
[epoch:393 iter:150] data loss:0.000007, PDE loss:0.000000, physics loss:0.000046
[epoch:393 iter:200] data loss:0.000006, PDE loss:0.000000, physics loss:0.000080
[epoch:393 iter:50] data loss:0.000005, PDE loss:0.000000, physics loss:0.000043
[epoch:394 iter:50] data loss:0.000007, PDE loss:0.000000, physics loss:0.000072
[epoch:394 iter:100] data loss:0.000006, PDE loss:0.000000, physics loss:0.000055
[epoch:394 iter:150] data loss:0.000008, PDE loss:0.000000, physics loss:0.000049
[epoch:394 iter:200] data loss:0.000008, PDE loss:0.000000, physics loss:0.000054
[epoch:394 iter:50] data loss:0.000010, PDE loss:0.000000, physics loss:0.000066
[epoch:395 iter:50] data loss:0.000005, PDE loss:0.000000, physics loss:0.000074
[epoch:395 iter:100] data loss:0.000007, PDE loss:0.000000, physics loss:0.000058
[epoch:395 iter:150] data loss:0.000008, PDE loss:0.000000, physics loss:0.000067
[epoch:395 iter:200] data loss:0.000007, PDE loss:0.000000, physics loss:0.000038
[epoch:395 iter:50] data loss:0.000007, PDE loss:0.000000, physics loss:0.000054
[epoch:396 iter:50] data loss:0.000006, PDE loss:0.000000, physics loss:0.000057
[epoch:396 iter:100] data loss:0.000007, PDE loss:0.000000, physics loss:0.000073
[epoch:396 iter:150] data loss:0.000005, PDE loss:0.000000, physics loss:0.000054
[epoch:396 iter:200] data loss:0.000006, PDE loss:0.000000, physics loss:0.000047
[epoch:396 iter:50] data loss:0.000007, PDE loss:0.000000, physics loss:0.000062
[epoch:397 iter:50] data loss:0.000006, PDE loss:0.000000, physics loss:0.000050
[epoch:397 iter:100] data loss:0.000006, PDE loss:0.000000, physics loss:0.000053
[epoch:397 iter:150] data loss:0.000007, PDE loss:0.000000, physics loss:0.000050
[epoch:397 iter:200] data loss:0.000006, PDE loss:0.000000, physics loss:0.000037
[epoch:397 iter:50] data loss:0.000009, PDE loss:0.000000, physics loss:0.000100
[epoch:398 iter:50] data loss:0.000005, PDE loss:0.000000, physics loss:0.000049
[epoch:398 iter:100] data loss:0.000005, PDE loss:0.000000, physics loss:0.000062
[epoch:398 iter:150] data loss:0.000005, PDE loss:0.000000, physics loss:0.000052
[epoch:398 iter:200] data loss:0.000006, PDE loss:0.000000, physics loss:0.000046
[epoch:398 iter:50] data loss:0.000006, PDE loss:0.000000, physics loss:0.000048
[epoch:399 iter:50] data loss:0.000006, PDE loss:0.000000, physics loss:0.000051
[epoch:399 iter:100] data loss:0.000005, PDE loss:0.000000, physics loss:0.000067
[epoch:399 iter:150] data loss:0.000006, PDE loss:0.000000, physics loss:0.000070
[epoch:399 iter:200] data loss:0.000006, PDE loss:0.000000, physics loss:0.000048
[epoch:399 iter:50] data loss:0.000008, PDE loss:0.000000, physics loss:0.000076
[epoch:400 iter:50] data loss:0.000008, PDE loss:0.000000, physics loss:0.000081
[epoch:400 iter:100] data loss:0.000007, PDE loss:0.000000, physics loss:0.000043
[epoch:400 iter:150] data loss:0.000005, PDE loss:0.000000, physics loss:0.000049
[epoch:400 iter:200] data loss:0.000009, PDE loss:0.000000, physics loss:0.000048
[epoch:400 iter:50] data loss:0.000007, PDE loss:0.000000, physics loss:0.000044
[epoch:401 iter:50] data loss:0.000008, PDE loss:0.000000, physics loss:0.000058
[epoch:401 iter:100] data loss:0.000007, PDE loss:0.000000, physics loss:0.000051
[epoch:401 iter:150] data loss:0.000006, PDE loss:0.000000, physics loss:0.000057
[epoch:401 iter:200] data loss:0.000005, PDE loss:0.000000, physics loss:0.000053
[epoch:401 iter:50] data loss:0.000006, PDE loss:0.000000, physics loss:0.000073
[epoch:402 iter:50] data loss:0.000006, PDE loss:0.000000, physics loss:0.000066
[epoch:402 iter:100] data loss:0.000006, PDE loss:0.000000, physics loss:0.000050
[epoch:402 iter:150] data loss:0.000008, PDE loss:0.000000, physics loss:0.000081
[epoch:402 iter:200] data loss:0.000006, PDE loss:0.000000, physics loss:0.000048
[epoch:402 iter:50] data loss:0.000007, PDE loss:0.000000, physics loss:0.000155
[epoch:403 iter:50] data loss:0.000007, PDE loss:0.000000, physics loss:0.000060
[epoch:403 iter:100] data loss:0.000007, PDE loss:0.000000, physics loss:0.000070
[epoch:403 iter:150] data loss:0.000006, PDE loss:0.000000, physics loss:0.000066
[epoch:403 iter:200] data loss:0.000008, PDE loss:0.000000, physics loss:0.000060
[epoch:403 iter:50] data loss:0.000006, PDE loss:0.000000, physics loss:0.000053
[epoch:404 iter:50] data loss:0.000007, PDE loss:0.000000, physics loss:0.000042
[epoch:404 iter:100] data loss:0.000006, PDE loss:0.000000, physics loss:0.000034
[epoch:404 iter:150] data loss:0.000006, PDE loss:0.000000, physics loss:0.000046
[epoch:404 iter:200] data loss:0.000007, PDE loss:0.000000, physics loss:0.000069
[epoch:404 iter:50] data loss:0.000007, PDE loss:0.000000, physics loss:0.000090
[epoch:405 iter:50] data loss:0.000007, PDE loss:0.000000, physics loss:0.000051
[epoch:405 iter:100] data loss:0.000007, PDE loss:0.000000, physics loss:0.000055
[epoch:405 iter:150] data loss:0.000006, PDE loss:0.000000, physics loss:0.000044
[epoch:405 iter:200] data loss:0.000006, PDE loss:0.000000, physics loss:0.000048
[epoch:405 iter:50] data loss:0.000007, PDE loss:0.000000, physics loss:0.000068
[epoch:406 iter:50] data loss:0.000007, PDE loss:0.000000, physics loss:0.000053
[epoch:406 iter:100] data loss:0.000006, PDE loss:0.000000, physics loss:0.000040
[epoch:406 iter:150] data loss:0.000006, PDE loss:0.000000, physics loss:0.000053
[epoch:406 iter:200] data loss:0.000005, PDE loss:0.000000, physics loss:0.000054
[epoch:406 iter:50] data loss:0.000007, PDE loss:0.000000, physics loss:0.000074
[epoch:407 iter:50] data loss:0.000007, PDE loss:0.000000, physics loss:0.000051
[epoch:407 iter:100] data loss:0.000005, PDE loss:0.000000, physics loss:0.000059
[epoch:407 iter:150] data loss:0.000008, PDE loss:0.000000, physics loss:0.000054
[epoch:407 iter:200] data loss:0.000006, PDE loss:0.000000, physics loss:0.000048
[epoch:407 iter:50] data loss:0.000007, PDE loss:0.000000, physics loss:0.000062
[epoch:408 iter:50] data loss:0.000007, PDE loss:0.000000, physics loss:0.000050
[epoch:408 iter:100] data loss:0.000017, PDE loss:0.000000, physics loss:0.000045
[epoch:408 iter:150] data loss:0.000006, PDE loss:0.000000, physics loss:0.000056
[epoch:408 iter:200] data loss:0.000007, PDE loss:0.000000, physics loss:0.000052
[epoch:408 iter:50] data loss:0.000006, PDE loss:0.000000, physics loss:0.000060
[epoch:409 iter:50] data loss:0.000006, PDE loss:0.000000, physics loss:0.000041
[epoch:409 iter:100] data loss:0.000007, PDE loss:0.000000, physics loss:0.000075
[epoch:409 iter:150] data loss:0.000006, PDE loss:0.000000, physics loss:0.000053
[epoch:409 iter:200] data loss:0.000007, PDE loss:0.000000, physics loss:0.000100
[epoch:409 iter:50] data loss:0.000006, PDE loss:0.000000, physics loss:0.000055
[epoch:410 iter:50] data loss:0.000007, PDE loss:0.000000, physics loss:0.000056
[epoch:410 iter:100] data loss:0.000007, PDE loss:0.000000, physics loss:0.000086
[epoch:410 iter:150] data loss:0.000006, PDE loss:0.000000, physics loss:0.000050
[epoch:410 iter:200] data loss:0.000006, PDE loss:0.000000, physics loss:0.000068
[epoch:410 iter:50] data loss:0.000010, PDE loss:0.000000, physics loss:0.000072
[epoch:411 iter:50] data loss:0.000006, PDE loss:0.000000, physics loss:0.000039
[epoch:411 iter:100] data loss:0.000007, PDE loss:0.000000, physics loss:0.000050
[epoch:411 iter:150] data loss:0.000006, PDE loss:0.000000, physics loss:0.000066
[epoch:411 iter:200] data loss:0.000007, PDE loss:0.000000, physics loss:0.000041
[epoch:411 iter:50] data loss:0.000005, PDE loss:0.000000, physics loss:0.000059
[epoch:412 iter:50] data loss:0.000007, PDE loss:0.000000, physics loss:0.000060
[epoch:412 iter:100] data loss:0.000006, PDE loss:0.000000, physics loss:0.000063
[epoch:412 iter:150] data loss:0.000007, PDE loss:0.000000, physics loss:0.000050
[epoch:412 iter:200] data loss:0.000007, PDE loss:0.000000, physics loss:0.000054
[epoch:412 iter:50] data loss:0.000007, PDE loss:0.000000, physics loss:0.000131
[epoch:413 iter:50] data loss:0.000009, PDE loss:0.000000, physics loss:0.000055
[epoch:413 iter:100] data loss:0.000007, PDE loss:0.000000, physics loss:0.000038
[epoch:413 iter:150] data loss:0.000007, PDE loss:0.000000, physics loss:0.000051
[epoch:413 iter:200] data loss:0.000006, PDE loss:0.000000, physics loss:0.000072
[epoch:413 iter:50] data loss:0.000027, PDE loss:0.000000, physics loss:0.000913
[epoch:414 iter:50] data loss:0.000016, PDE loss:0.000000, physics loss:0.000050
[epoch:414 iter:100] data loss:0.000007, PDE loss:0.000000, physics loss:0.000068
[epoch:414 iter:150] data loss:0.000005, PDE loss:0.000000, physics loss:0.000064
[epoch:414 iter:200] data loss:0.000006, PDE loss:0.000000, physics loss:0.000045
[epoch:414 iter:50] data loss:0.000028, PDE loss:0.000000, physics loss:0.000780
[epoch:415 iter:50] data loss:0.000006, PDE loss:0.000000, physics loss:0.000072
[epoch:415 iter:100] data loss:0.000007, PDE loss:0.000000, physics loss:0.000045
[epoch:415 iter:150] data loss:0.000007, PDE loss:0.000000, physics loss:0.000078
[epoch:415 iter:200] data loss:0.000006, PDE loss:0.000000, physics loss:0.000069
[epoch:415 iter:50] data loss:0.000005, PDE loss:0.000000, physics loss:0.000054
[epoch:416 iter:50] data loss:0.000006, PDE loss:0.000000, physics loss:0.000061
[epoch:416 iter:100] data loss:0.000006, PDE loss:0.000000, physics loss:0.000050
[epoch:416 iter:150] data loss:0.000006, PDE loss:0.000000, physics loss:0.000071
[epoch:416 iter:200] data loss:0.000006, PDE loss:0.000000, physics loss:0.000042
[epoch:416 iter:50] data loss:0.000007, PDE loss:0.000000, physics loss:0.000140
[epoch:417 iter:50] data loss:0.000007, PDE loss:0.000000, physics loss:0.000045
[epoch:417 iter:100] data loss:0.000005, PDE loss:0.000000, physics loss:0.000061
[epoch:417 iter:150] data loss:0.000006, PDE loss:0.000000, physics loss:0.000037
[epoch:417 iter:200] data loss:0.000006, PDE loss:0.000000, physics loss:0.000035
[epoch:417 iter:50] data loss:0.000009, PDE loss:0.000000, physics loss:0.000043
[epoch:418 iter:50] data loss:0.000006, PDE loss:0.000000, physics loss:0.000040
[epoch:418 iter:100] data loss:0.000006, PDE loss:0.000000, physics loss:0.000049
[epoch:418 iter:150] data loss:0.000006, PDE loss:0.000000, physics loss:0.000059
[epoch:418 iter:200] data loss:0.000006, PDE loss:0.000000, physics loss:0.000053
[epoch:418 iter:50] data loss:0.000007, PDE loss:0.000000, physics loss:0.000093
[epoch:419 iter:50] data loss:0.000006, PDE loss:0.000000, physics loss:0.000045
[epoch:419 iter:100] data loss:0.000006, PDE loss:0.000000, physics loss:0.000049
[epoch:419 iter:150] data loss:0.000007, PDE loss:0.000000, physics loss:0.000065
[epoch:419 iter:200] data loss:0.000006, PDE loss:0.000000, physics loss:0.000041
[epoch:419 iter:50] data loss:0.000007, PDE loss:0.000000, physics loss:0.000080
[epoch:420 iter:50] data loss:0.000007, PDE loss:0.000000, physics loss:0.000079
[epoch:420 iter:100] data loss:0.000007, PDE loss:0.000000, physics loss:0.000051
[epoch:420 iter:150] data loss:0.000006, PDE loss:0.000000, physics loss:0.000054
[epoch:420 iter:200] data loss:0.000006, PDE loss:0.000000, physics loss:0.000036
[epoch:420 iter:50] data loss:0.000008, PDE loss:0.000000, physics loss:0.000063
[epoch:421 iter:50] data loss:0.000007, PDE loss:0.000000, physics loss:0.000047
[epoch:421 iter:100] data loss:0.000007, PDE loss:0.000000, physics loss:0.000041
[epoch:421 iter:150] data loss:0.000006, PDE loss:0.000000, physics loss:0.000044
[epoch:421 iter:200] data loss:0.000011, PDE loss:0.000000, physics loss:0.000069
[epoch:421 iter:50] data loss:0.000007, PDE loss:0.000000, physics loss:0.000065
[epoch:422 iter:50] data loss:0.000007, PDE loss:0.000000, physics loss:0.000047
[epoch:422 iter:100] data loss:0.000006, PDE loss:0.000000, physics loss:0.000049
[epoch:422 iter:150] data loss:0.000006, PDE loss:0.000000, physics loss:0.000105
[epoch:422 iter:200] data loss:0.000006, PDE loss:0.000000, physics loss:0.000058
[epoch:422 iter:50] data loss:0.000006, PDE loss:0.000000, physics loss:0.000059
[epoch:423 iter:50] data loss:0.000009, PDE loss:0.000000, physics loss:0.000055
[epoch:423 iter:100] data loss:0.000005, PDE loss:0.000000, physics loss:0.000046
[epoch:423 iter:150] data loss:0.000008, PDE loss:0.000000, physics loss:0.000083
[epoch:423 iter:200] data loss:0.000007, PDE loss:0.000000, physics loss:0.000038
[epoch:423 iter:50] data loss:0.000009, PDE loss:0.000000, physics loss:0.000048
[epoch:424 iter:50] data loss:0.000006, PDE loss:0.000000, physics loss:0.000067
[epoch:424 iter:100] data loss:0.000007, PDE loss:0.000000, physics loss:0.000061
[epoch:424 iter:150] data loss:0.000006, PDE loss:0.000000, physics loss:0.000053
[epoch:424 iter:200] data loss:0.000008, PDE loss:0.000000, physics loss:0.000056
[epoch:424 iter:50] data loss:0.000009, PDE loss:0.000000, physics loss:0.000088
[epoch:425 iter:50] data loss:0.000005, PDE loss:0.000000, physics loss:0.000053
[epoch:425 iter:100] data loss:0.000006, PDE loss:0.000000, physics loss:0.000050
[epoch:425 iter:150] data loss:0.000007, PDE loss:0.000000, physics loss:0.000084
[epoch:425 iter:200] data loss:0.000006, PDE loss:0.000000, physics loss:0.000040
[epoch:425 iter:50] data loss:0.000008, PDE loss:0.000000, physics loss:0.000083
[epoch:426 iter:50] data loss:0.000006, PDE loss:0.000000, physics loss:0.000076
[epoch:426 iter:100] data loss:0.000007, PDE loss:0.000000, physics loss:0.000039
[epoch:426 iter:150] data loss:0.000006, PDE loss:0.000000, physics loss:0.000041
[epoch:426 iter:200] data loss:0.000006, PDE loss:0.000000, physics loss:0.000049
[epoch:426 iter:50] data loss:0.000007, PDE loss:0.000000, physics loss:0.000059
[epoch:427 iter:50] data loss:0.000006, PDE loss:0.000000, physics loss:0.000059
[epoch:427 iter:100] data loss:0.000006, PDE loss:0.000000, physics loss:0.000042
[epoch:427 iter:150] data loss:0.000006, PDE loss:0.000000, physics loss:0.000077
[epoch:427 iter:200] data loss:0.000007, PDE loss:0.000000, physics loss:0.000063
[epoch:427 iter:50] data loss:0.000006, PDE loss:0.000000, physics loss:0.000091
[epoch:428 iter:50] data loss:0.000006, PDE loss:0.000000, physics loss:0.000061
[epoch:428 iter:100] data loss:0.000006, PDE loss:0.000000, physics loss:0.000056
[epoch:428 iter:150] data loss:0.000006, PDE loss:0.000000, physics loss:0.000061
[epoch:428 iter:200] data loss:0.000007, PDE loss:0.000000, physics loss:0.000061
[epoch:428 iter:50] data loss:0.000007, PDE loss:0.000000, physics loss:0.000081
[epoch:429 iter:50] data loss:0.000005, PDE loss:0.000000, physics loss:0.000045
[epoch:429 iter:100] data loss:0.000006, PDE loss:0.000000, physics loss:0.000089
[epoch:429 iter:150] data loss:0.000006, PDE loss:0.000000, physics loss:0.000076
[epoch:429 iter:200] data loss:0.000006, PDE loss:0.000000, physics loss:0.000052
[epoch:429 iter:50] data loss:0.000007, PDE loss:0.000000, physics loss:0.000119
[epoch:430 iter:50] data loss:0.000008, PDE loss:0.000000, physics loss:0.000062
[epoch:430 iter:100] data loss:0.000007, PDE loss:0.000000, physics loss:0.000062
[epoch:430 iter:150] data loss:0.000007, PDE loss:0.000000, physics loss:0.000091
[epoch:430 iter:200] data loss:0.000007, PDE loss:0.000000, physics loss:0.000035
[epoch:430 iter:50] data loss:0.000006, PDE loss:0.000000, physics loss:0.000064
[epoch:431 iter:50] data loss:0.000006, PDE loss:0.000000, physics loss:0.000050
[epoch:431 iter:100] data loss:0.000007, PDE loss:0.000000, physics loss:0.000077
[epoch:431 iter:150] data loss:0.000006, PDE loss:0.000000, physics loss:0.000059
[epoch:431 iter:200] data loss:0.000006, PDE loss:0.000000, physics loss:0.000066
[epoch:431 iter:50] data loss:0.000026, PDE loss:0.000000, physics loss:0.000896
[epoch:432 iter:50] data loss:0.000006, PDE loss:0.000000, physics loss:0.000060
[epoch:432 iter:100] data loss:0.000006, PDE loss:0.000000, physics loss:0.000043
[epoch:432 iter:150] data loss:0.000005, PDE loss:0.000000, physics loss:0.000056
[epoch:432 iter:200] data loss:0.000006, PDE loss:0.000000, physics loss:0.000045
[epoch:432 iter:50] data loss:0.000006, PDE loss:0.000000, physics loss:0.000066
[epoch:433 iter:50] data loss:0.000006, PDE loss:0.000000, physics loss:0.000051
[epoch:433 iter:100] data loss:0.000005, PDE loss:0.000000, physics loss:0.000059
[epoch:433 iter:150] data loss:0.000005, PDE loss:0.000000, physics loss:0.000052
[epoch:433 iter:200] data loss:0.000006, PDE loss:0.000000, physics loss:0.000050
[epoch:433 iter:50] data loss:0.000027, PDE loss:0.000000, physics loss:0.000782
[epoch:434 iter:50] data loss:0.000007, PDE loss:0.000000, physics loss:0.000056
[epoch:434 iter:100] data loss:0.000007, PDE loss:0.000000, physics loss:0.000050
[epoch:434 iter:150] data loss:0.000006, PDE loss:0.000000, physics loss:0.000068
[epoch:434 iter:200] data loss:0.000007, PDE loss:0.000000, physics loss:0.000063
[epoch:434 iter:50] data loss:0.000005, PDE loss:0.000000, physics loss:0.000051
[epoch:435 iter:50] data loss:0.000007, PDE loss:0.000000, physics loss:0.000070
[epoch:435 iter:100] data loss:0.000008, PDE loss:0.000000, physics loss:0.000060
[epoch:435 iter:150] data loss:0.000006, PDE loss:0.000000, physics loss:0.000064
[epoch:435 iter:200] data loss:0.000006, PDE loss:0.000000, physics loss:0.000041
[epoch:435 iter:50] data loss:0.000012, PDE loss:0.000000, physics loss:0.000095
[epoch:436 iter:50] data loss:0.000006, PDE loss:0.000000, physics loss:0.000041
[epoch:436 iter:100] data loss:0.000007, PDE loss:0.000000, physics loss:0.000068
[epoch:436 iter:150] data loss:0.000007, PDE loss:0.000000, physics loss:0.000035
[epoch:436 iter:200] data loss:0.000005, PDE loss:0.000000, physics loss:0.000041
[epoch:436 iter:50] data loss:0.000008, PDE loss:0.000000, physics loss:0.000068
[epoch:437 iter:50] data loss:0.000008, PDE loss:0.000000, physics loss:0.000057
[epoch:437 iter:100] data loss:0.000005, PDE loss:0.000000, physics loss:0.000046
[epoch:437 iter:150] data loss:0.000006, PDE loss:0.000000, physics loss:0.000050
[epoch:437 iter:200] data loss:0.000007, PDE loss:0.000000, physics loss:0.000057
[epoch:437 iter:50] data loss:0.000013, PDE loss:0.000000, physics loss:0.000071
[epoch:438 iter:50] data loss:0.000006, PDE loss:0.000000, physics loss:0.000053
[epoch:438 iter:100] data loss:0.000007, PDE loss:0.000000, physics loss:0.000086
[epoch:438 iter:150] data loss:0.000006, PDE loss:0.000000, physics loss:0.000058
[epoch:438 iter:200] data loss:0.000007, PDE loss:0.000000, physics loss:0.000088
[epoch:438 iter:50] data loss:0.000006, PDE loss:0.000000, physics loss:0.000104
[epoch:439 iter:50] data loss:0.000007, PDE loss:0.000000, physics loss:0.000066
[epoch:439 iter:100] data loss:0.000007, PDE loss:0.000000, physics loss:0.000051
[epoch:439 iter:150] data loss:0.000006, PDE loss:0.000000, physics loss:0.000052
[epoch:439 iter:200] data loss:0.000006, PDE loss:0.000000, physics loss:0.000048
[epoch:439 iter:50] data loss:0.000005, PDE loss:0.000000, physics loss:0.000070
[epoch:440 iter:50] data loss:0.000005, PDE loss:0.000000, physics loss:0.000055
[epoch:440 iter:100] data loss:0.000006, PDE loss:0.000000, physics loss:0.000054
[epoch:440 iter:150] data loss:0.000006, PDE loss:0.000000, physics loss:0.000044
[epoch:440 iter:200] data loss:0.000005, PDE loss:0.000000, physics loss:0.000037
[epoch:440 iter:50] data loss:0.000006, PDE loss:0.000000, physics loss:0.000055
[epoch:441 iter:50] data loss:0.000005, PDE loss:0.000000, physics loss:0.000034
[epoch:441 iter:100] data loss:0.000006, PDE loss:0.000000, physics loss:0.000044
[epoch:441 iter:150] data loss:0.000005, PDE loss:0.000000, physics loss:0.000050
[epoch:441 iter:200] data loss:0.000007, PDE loss:0.000000, physics loss:0.000063
[epoch:441 iter:50] data loss:0.000009, PDE loss:0.000000, physics loss:0.000085
[epoch:442 iter:50] data loss:0.000006, PDE loss:0.000000, physics loss:0.000056
[epoch:442 iter:100] data loss:0.000005, PDE loss:0.000000, physics loss:0.000039
[epoch:442 iter:150] data loss:0.000007, PDE loss:0.000000, physics loss:0.000069
[epoch:442 iter:200] data loss:0.000006, PDE loss:0.000000, physics loss:0.000078
[epoch:442 iter:50] data loss:0.000007, PDE loss:0.000000, physics loss:0.000068
[epoch:443 iter:50] data loss:0.000006, PDE loss:0.000000, physics loss:0.000077
[epoch:443 iter:100] data loss:0.000006, PDE loss:0.000000, physics loss:0.000054
[epoch:443 iter:150] data loss:0.000009, PDE loss:0.000000, physics loss:0.000045
[epoch:443 iter:200] data loss:0.000007, PDE loss:0.000000, physics loss:0.000044
[epoch:443 iter:50] data loss:0.000010, PDE loss:0.000000, physics loss:0.000082
[epoch:444 iter:50] data loss:0.000007, PDE loss:0.000000, physics loss:0.000047
[epoch:444 iter:100] data loss:0.000006, PDE loss:0.000000, physics loss:0.000066
[epoch:444 iter:150] data loss:0.000005, PDE loss:0.000000, physics loss:0.000050
[epoch:444 iter:200] data loss:0.000007, PDE loss:0.000000, physics loss:0.000068
[epoch:444 iter:50] data loss:0.000009, PDE loss:0.000000, physics loss:0.000088
[epoch:445 iter:50] data loss:0.000005, PDE loss:0.000000, physics loss:0.000045
[epoch:445 iter:100] data loss:0.000005, PDE loss:0.000000, physics loss:0.000052
[epoch:445 iter:150] data loss:0.000005, PDE loss:0.000000, physics loss:0.000057
[epoch:445 iter:200] data loss:0.000006, PDE loss:0.000000, physics loss:0.000041
[epoch:445 iter:50] data loss:0.000005, PDE loss:0.000000, physics loss:0.000041
[epoch:446 iter:50] data loss:0.000009, PDE loss:0.000000, physics loss:0.000060
[epoch:446 iter:100] data loss:0.000006, PDE loss:0.000000, physics loss:0.000058
[epoch:446 iter:150] data loss:0.000008, PDE loss:0.000000, physics loss:0.000075
[epoch:446 iter:200] data loss:0.000006, PDE loss:0.000000, physics loss:0.000062
[epoch:446 iter:50] data loss:0.000010, PDE loss:0.000000, physics loss:0.000061
[epoch:447 iter:50] data loss:0.000006, PDE loss:0.000000, physics loss:0.000098
[epoch:447 iter:100] data loss:0.000005, PDE loss:0.000000, physics loss:0.000043
[epoch:447 iter:150] data loss:0.000006, PDE loss:0.000000, physics loss:0.000077
[epoch:447 iter:200] data loss:0.000005, PDE loss:0.000000, physics loss:0.000044
[epoch:447 iter:50] data loss:0.000006, PDE loss:0.000000, physics loss:0.000054
[epoch:448 iter:50] data loss:0.000006, PDE loss:0.000000, physics loss:0.000058
[epoch:448 iter:100] data loss:0.000006, PDE loss:0.000000, physics loss:0.000037
[epoch:448 iter:150] data loss:0.000006, PDE loss:0.000000, physics loss:0.000054
[epoch:448 iter:200] data loss:0.000006, PDE loss:0.000000, physics loss:0.000039
[epoch:448 iter:50] data loss:0.000007, PDE loss:0.000000, physics loss:0.000123
[epoch:449 iter:50] data loss:0.000006, PDE loss:0.000000, physics loss:0.000064
[epoch:449 iter:100] data loss:0.000006, PDE loss:0.000000, physics loss:0.000063
[epoch:449 iter:150] data loss:0.000006, PDE loss:0.000000, physics loss:0.000057
[epoch:449 iter:200] data loss:0.000007, PDE loss:0.000000, physics loss:0.000061
[epoch:449 iter:50] data loss:0.000016, PDE loss:0.000000, physics loss:0.000068
[epoch:450 iter:50] data loss:0.000006, PDE loss:0.000000, physics loss:0.000067
[epoch:450 iter:100] data loss:0.000007, PDE loss:0.000000, physics loss:0.000042
[epoch:450 iter:150] data loss:0.000005, PDE loss:0.000000, physics loss:0.000043
[epoch:450 iter:200] data loss:0.000005, PDE loss:0.000000, physics loss:0.000044
[epoch:450 iter:50] data loss:0.000004, PDE loss:0.000000, physics loss:0.000058
[epoch:451 iter:50] data loss:0.000006, PDE loss:0.000000, physics loss:0.000040
[epoch:451 iter:100] data loss:0.000006, PDE loss:0.000000, physics loss:0.000075
[epoch:451 iter:150] data loss:0.000005, PDE loss:0.000000, physics loss:0.000064
[epoch:451 iter:200] data loss:0.000006, PDE loss:0.000000, physics loss:0.000054
[epoch:451 iter:50] data loss:0.000008, PDE loss:0.000000, physics loss:0.000069
[epoch:452 iter:50] data loss:0.000005, PDE loss:0.000000, physics loss:0.000065
[epoch:452 iter:100] data loss:0.000007, PDE loss:0.000000, physics loss:0.000067
[epoch:452 iter:150] data loss:0.000007, PDE loss:0.000000, physics loss:0.000068
[epoch:452 iter:200] data loss:0.000006, PDE loss:0.000000, physics loss:0.000053
[epoch:452 iter:50] data loss:0.000006, PDE loss:0.000000, physics loss:0.000092
[epoch:453 iter:50] data loss:0.000007, PDE loss:0.000000, physics loss:0.000047
[epoch:453 iter:100] data loss:0.000006, PDE loss:0.000000, physics loss:0.000046
[epoch:453 iter:150] data loss:0.000006, PDE loss:0.000000, physics loss:0.000074
[epoch:453 iter:200] data loss:0.000008, PDE loss:0.000000, physics loss:0.000057
[epoch:453 iter:50] data loss:0.000009, PDE loss:0.000000, physics loss:0.000055
[epoch:454 iter:50] data loss:0.000006, PDE loss:0.000000, physics loss:0.000055
[epoch:454 iter:100] data loss:0.000006, PDE loss:0.000000, physics loss:0.000050
[epoch:454 iter:150] data loss:0.000005, PDE loss:0.000000, physics loss:0.000059
[epoch:454 iter:200] data loss:0.000008, PDE loss:0.000000, physics loss:0.000068
[epoch:454 iter:50] data loss:0.000006, PDE loss:0.000000, physics loss:0.000064
[epoch:455 iter:50] data loss:0.000007, PDE loss:0.000000, physics loss:0.000046
[epoch:455 iter:100] data loss:0.000007, PDE loss:0.000000, physics loss:0.000057
[epoch:455 iter:150] data loss:0.000006, PDE loss:0.000000, physics loss:0.000063
[epoch:455 iter:200] data loss:0.000007, PDE loss:0.000000, physics loss:0.000050
[epoch:455 iter:50] data loss:0.000005, PDE loss:0.000000, physics loss:0.000066
[epoch:456 iter:50] data loss:0.000006, PDE loss:0.000000, physics loss:0.000061
[epoch:456 iter:100] data loss:0.000007, PDE loss:0.000000, physics loss:0.000039
[epoch:456 iter:150] data loss:0.000005, PDE loss:0.000000, physics loss:0.000037
[epoch:456 iter:200] data loss:0.000006, PDE loss:0.000000, physics loss:0.000043
[epoch:456 iter:50] data loss:0.000007, PDE loss:0.000000, physics loss:0.000069
[epoch:457 iter:50] data loss:0.000005, PDE loss:0.000000, physics loss:0.000033
[epoch:457 iter:100] data loss:0.000006, PDE loss:0.000000, physics loss:0.000045
[epoch:457 iter:150] data loss:0.000006, PDE loss:0.000000, physics loss:0.000043
[epoch:457 iter:200] data loss:0.000006, PDE loss:0.000000, physics loss:0.000081
[epoch:457 iter:50] data loss:0.000006, PDE loss:0.000000, physics loss:0.000086
[epoch:458 iter:50] data loss:0.000008, PDE loss:0.000000, physics loss:0.000061
[epoch:458 iter:100] data loss:0.000005, PDE loss:0.000000, physics loss:0.000048
[epoch:458 iter:150] data loss:0.000006, PDE loss:0.000000, physics loss:0.000043
[epoch:458 iter:200] data loss:0.000006, PDE loss:0.000000, physics loss:0.000066
[epoch:458 iter:50] data loss:0.000009, PDE loss:0.000000, physics loss:0.000106
[epoch:459 iter:50] data loss:0.000006, PDE loss:0.000000, physics loss:0.000061
[epoch:459 iter:100] data loss:0.000006, PDE loss:0.000000, physics loss:0.000048
[epoch:459 iter:150] data loss:0.000005, PDE loss:0.000000, physics loss:0.000037
[epoch:459 iter:200] data loss:0.000005, PDE loss:0.000000, physics loss:0.000027
[epoch:459 iter:50] data loss:0.000009, PDE loss:0.000000, physics loss:0.000079
[epoch:460 iter:50] data loss:0.000006, PDE loss:0.000000, physics loss:0.000049
[epoch:460 iter:100] data loss:0.000006, PDE loss:0.000000, physics loss:0.000058
[epoch:460 iter:150] data loss:0.000006, PDE loss:0.000000, physics loss:0.000038
[epoch:460 iter:200] data loss:0.000006, PDE loss:0.000000, physics loss:0.000061
[epoch:460 iter:50] data loss:0.000005, PDE loss:0.000000, physics loss:0.000067
[epoch:461 iter:50] data loss:0.000005, PDE loss:0.000000, physics loss:0.000034
[epoch:461 iter:100] data loss:0.000006, PDE loss:0.000000, physics loss:0.000065
[epoch:461 iter:150] data loss:0.000006, PDE loss:0.000000, physics loss:0.000051
[epoch:461 iter:200] data loss:0.000006, PDE loss:0.000000, physics loss:0.000041
[epoch:461 iter:50] data loss:0.000007, PDE loss:0.000000, physics loss:0.000055
[epoch:462 iter:50] data loss:0.000007, PDE loss:0.000000, physics loss:0.000065
[epoch:462 iter:100] data loss:0.000007, PDE loss:0.000000, physics loss:0.000054
[epoch:462 iter:150] data loss:0.000006, PDE loss:0.000000, physics loss:0.000050
[epoch:462 iter:200] data loss:0.000005, PDE loss:0.000000, physics loss:0.000060
[epoch:462 iter:50] data loss:0.000007, PDE loss:0.000000, physics loss:0.000148
[epoch:463 iter:50] data loss:0.000006, PDE loss:0.000000, physics loss:0.000046
[epoch:463 iter:100] data loss:0.000006, PDE loss:0.000000, physics loss:0.000044
[epoch:463 iter:150] data loss:0.000006, PDE loss:0.000000, physics loss:0.000059
[epoch:463 iter:200] data loss:0.000005, PDE loss:0.000000, physics loss:0.000049
[epoch:463 iter:50] data loss:0.000011, PDE loss:0.000000, physics loss:0.000054
[epoch:464 iter:50] data loss:0.000006, PDE loss:0.000000, physics loss:0.000048
[epoch:464 iter:100] data loss:0.000005, PDE loss:0.000000, physics loss:0.000039
[epoch:464 iter:150] data loss:0.000006, PDE loss:0.000000, physics loss:0.000034
[epoch:464 iter:200] data loss:0.000006, PDE loss:0.000000, physics loss:0.000066
[epoch:464 iter:50] data loss:0.000007, PDE loss:0.000000, physics loss:0.000056
[epoch:465 iter:50] data loss:0.000006, PDE loss:0.000000, physics loss:0.000037
[epoch:465 iter:100] data loss:0.000005, PDE loss:0.000000, physics loss:0.000037
[epoch:465 iter:150] data loss:0.000006, PDE loss:0.000000, physics loss:0.000060
[epoch:465 iter:200] data loss:0.000014, PDE loss:0.000000, physics loss:0.000041
[epoch:465 iter:50] data loss:0.000005, PDE loss:0.000000, physics loss:0.000069
[epoch:466 iter:50] data loss:0.000006, PDE loss:0.000000, physics loss:0.000068
[epoch:466 iter:100] data loss:0.000006, PDE loss:0.000000, physics loss:0.000058
[epoch:466 iter:150] data loss:0.000005, PDE loss:0.000000, physics loss:0.000043
[epoch:466 iter:200] data loss:0.000007, PDE loss:0.000000, physics loss:0.000051
[epoch:466 iter:50] data loss:0.000009, PDE loss:0.000000, physics loss:0.000059
[epoch:467 iter:50] data loss:0.000007, PDE loss:0.000000, physics loss:0.000071
[epoch:467 iter:100] data loss:0.000005, PDE loss:0.000000, physics loss:0.000047
[epoch:467 iter:150] data loss:0.000005, PDE loss:0.000000, physics loss:0.000037
[epoch:467 iter:200] data loss:0.000006, PDE loss:0.000000, physics loss:0.000059
[epoch:467 iter:50] data loss:0.000006, PDE loss:0.000000, physics loss:0.000063
[epoch:468 iter:50] data loss:0.000007, PDE loss:0.000000, physics loss:0.000055
[epoch:468 iter:100] data loss:0.000006, PDE loss:0.000000, physics loss:0.000050
[epoch:468 iter:150] data loss:0.000006, PDE loss:0.000000, physics loss:0.000041
[epoch:468 iter:200] data loss:0.000007, PDE loss:0.000000, physics loss:0.000092
[epoch:468 iter:50] data loss:0.000007, PDE loss:0.000000, physics loss:0.000083
[epoch:469 iter:50] data loss:0.000006, PDE loss:0.000000, physics loss:0.000051
[epoch:469 iter:100] data loss:0.000007, PDE loss:0.000000, physics loss:0.000042
[epoch:469 iter:150] data loss:0.000006, PDE loss:0.000000, physics loss:0.000078
[epoch:469 iter:200] data loss:0.000006, PDE loss:0.000000, physics loss:0.000044
[epoch:469 iter:50] data loss:0.000010, PDE loss:0.000000, physics loss:0.000101
[epoch:470 iter:50] data loss:0.000005, PDE loss:0.000000, physics loss:0.000033
[epoch:470 iter:100] data loss:0.000006, PDE loss:0.000000, physics loss:0.000068
[epoch:470 iter:150] data loss:0.000006, PDE loss:0.000000, physics loss:0.000047
[epoch:470 iter:200] data loss:0.000005, PDE loss:0.000000, physics loss:0.000049
[epoch:470 iter:50] data loss:0.000006, PDE loss:0.000000, physics loss:0.000044
[epoch:471 iter:50] data loss:0.000006, PDE loss:0.000000, physics loss:0.000056
[epoch:471 iter:100] data loss:0.000006, PDE loss:0.000000, physics loss:0.000047
[epoch:471 iter:150] data loss:0.000005, PDE loss:0.000000, physics loss:0.000042
[epoch:471 iter:200] data loss:0.000005, PDE loss:0.000000, physics loss:0.000038
[epoch:471 iter:50] data loss:0.000007, PDE loss:0.000000, physics loss:0.000078
[epoch:472 iter:50] data loss:0.000006, PDE loss:0.000000, physics loss:0.000056
[epoch:472 iter:100] data loss:0.000006, PDE loss:0.000000, physics loss:0.000041
[epoch:472 iter:150] data loss:0.000006, PDE loss:0.000000, physics loss:0.000070
[epoch:472 iter:200] data loss:0.000008, PDE loss:0.000000, physics loss:0.000065
[epoch:472 iter:50] data loss:0.000009, PDE loss:0.000000, physics loss:0.000051
[epoch:473 iter:50] data loss:0.000007, PDE loss:0.000000, physics loss:0.000030
[epoch:473 iter:100] data loss:0.000007, PDE loss:0.000000, physics loss:0.000048
[epoch:473 iter:150] data loss:0.000005, PDE loss:0.000000, physics loss:0.000044
[epoch:473 iter:200] data loss:0.000006, PDE loss:0.000000, physics loss:0.000038
[epoch:473 iter:50] data loss:0.000007, PDE loss:0.000000, physics loss:0.000058
[epoch:474 iter:50] data loss:0.000006, PDE loss:0.000000, physics loss:0.000044
[epoch:474 iter:100] data loss:0.000014, PDE loss:0.000000, physics loss:0.000046
[epoch:474 iter:150] data loss:0.000007, PDE loss:0.000000, physics loss:0.000060
[epoch:474 iter:200] data loss:0.000006, PDE loss:0.000000, physics loss:0.000062
[epoch:474 iter:50] data loss:0.000006, PDE loss:0.000000, physics loss:0.000068
[epoch:475 iter:50] data loss:0.000006, PDE loss:0.000000, physics loss:0.000067
[epoch:475 iter:100] data loss:0.000007, PDE loss:0.000000, physics loss:0.000041
[epoch:475 iter:150] data loss:0.000005, PDE loss:0.000000, physics loss:0.000041
[epoch:475 iter:200] data loss:0.000006, PDE loss:0.000000, physics loss:0.000045
[epoch:475 iter:50] data loss:0.000008, PDE loss:0.000000, physics loss:0.000070
[epoch:476 iter:50] data loss:0.000008, PDE loss:0.000000, physics loss:0.000057
[epoch:476 iter:100] data loss:0.000006, PDE loss:0.000000, physics loss:0.000059
[epoch:476 iter:150] data loss:0.000005, PDE loss:0.000000, physics loss:0.000049
[epoch:476 iter:200] data loss:0.000006, PDE loss:0.000000, physics loss:0.000057
[epoch:476 iter:50] data loss:0.000008, PDE loss:0.000000, physics loss:0.000075
[epoch:477 iter:50] data loss:0.000006, PDE loss:0.000000, physics loss:0.000076
[epoch:477 iter:100] data loss:0.000006, PDE loss:0.000000, physics loss:0.000057
[epoch:477 iter:150] data loss:0.000005, PDE loss:0.000000, physics loss:0.000058
[epoch:477 iter:200] data loss:0.000007, PDE loss:0.000000, physics loss:0.000064
[epoch:477 iter:50] data loss:0.000007, PDE loss:0.000000, physics loss:0.000060
[epoch:478 iter:50] data loss:0.000006, PDE loss:0.000000, physics loss:0.000042
[epoch:478 iter:100] data loss:0.000006, PDE loss:0.000000, physics loss:0.000041
[epoch:478 iter:150] data loss:0.000007, PDE loss:0.000000, physics loss:0.000057
[epoch:478 iter:200] data loss:0.000006, PDE loss:0.000000, physics loss:0.000058
[epoch:478 iter:50] data loss:0.000007, PDE loss:0.000000, physics loss:0.000060
[epoch:479 iter:50] data loss:0.000006, PDE loss:0.000000, physics loss:0.000053
[epoch:479 iter:100] data loss:0.000005, PDE loss:0.000000, physics loss:0.000068
[epoch:479 iter:150] data loss:0.000005, PDE loss:0.000000, physics loss:0.000043
[epoch:479 iter:200] data loss:0.000006, PDE loss:0.000000, physics loss:0.000048
[epoch:479 iter:50] data loss:0.000010, PDE loss:0.000000, physics loss:0.000037
[epoch:480 iter:50] data loss:0.000008, PDE loss:0.000000, physics loss:0.000054
[epoch:480 iter:100] data loss:0.000007, PDE loss:0.000000, physics loss:0.000060
[epoch:480 iter:150] data loss:0.000007, PDE loss:0.000000, physics loss:0.000051
[epoch:480 iter:200] data loss:0.000006, PDE loss:0.000000, physics loss:0.000063
[epoch:480 iter:50] data loss:0.000020, PDE loss:0.000000, physics loss:0.000097
[epoch:481 iter:50] data loss:0.000005, PDE loss:0.000000, physics loss:0.000048
[epoch:481 iter:100] data loss:0.000008, PDE loss:0.000000, physics loss:0.000046
[epoch:481 iter:150] data loss:0.000005, PDE loss:0.000000, physics loss:0.000036
[epoch:481 iter:200] data loss:0.000006, PDE loss:0.000000, physics loss:0.000042
[epoch:481 iter:50] data loss:0.000007, PDE loss:0.000000, physics loss:0.000094
[epoch:482 iter:50] data loss:0.000006, PDE loss:0.000000, physics loss:0.000047
[epoch:482 iter:100] data loss:0.000005, PDE loss:0.000000, physics loss:0.000046
[epoch:482 iter:150] data loss:0.000005, PDE loss:0.000000, physics loss:0.000049
[epoch:482 iter:200] data loss:0.000006, PDE loss:0.000000, physics loss:0.000046
[epoch:482 iter:50] data loss:0.000007, PDE loss:0.000000, physics loss:0.000057
[epoch:483 iter:50] data loss:0.000005, PDE loss:0.000000, physics loss:0.000053
[epoch:483 iter:100] data loss:0.000005, PDE loss:0.000000, physics loss:0.000038
[epoch:483 iter:150] data loss:0.000006, PDE loss:0.000000, physics loss:0.000067
[epoch:483 iter:200] data loss:0.000006, PDE loss:0.000000, physics loss:0.000053
[epoch:483 iter:50] data loss:0.000006, PDE loss:0.000000, physics loss:0.000054
[epoch:484 iter:50] data loss:0.000005, PDE loss:0.000000, physics loss:0.000042
[epoch:484 iter:100] data loss:0.000005, PDE loss:0.000000, physics loss:0.000045
[epoch:484 iter:150] data loss:0.000006, PDE loss:0.000000, physics loss:0.000045
[epoch:484 iter:200] data loss:0.000006, PDE loss:0.000000, physics loss:0.000062
[epoch:484 iter:50] data loss:0.000005, PDE loss:0.000000, physics loss:0.000047
[epoch:485 iter:50] data loss:0.000007, PDE loss:0.000000, physics loss:0.000051
[epoch:485 iter:100] data loss:0.000006, PDE loss:0.000000, physics loss:0.000035
[epoch:485 iter:150] data loss:0.000005, PDE loss:0.000000, physics loss:0.000040
[epoch:485 iter:200] data loss:0.000006, PDE loss:0.000000, physics loss:0.000064
[epoch:485 iter:50] data loss:0.000007, PDE loss:0.000000, physics loss:0.000066
[epoch:486 iter:50] data loss:0.000007, PDE loss:0.000000, physics loss:0.000045
[epoch:486 iter:100] data loss:0.000006, PDE loss:0.000000, physics loss:0.000051
[epoch:486 iter:150] data loss:0.000006, PDE loss:0.000000, physics loss:0.000037
[epoch:486 iter:200] data loss:0.000007, PDE loss:0.000000, physics loss:0.000045
[epoch:486 iter:50] data loss:0.000006, PDE loss:0.000000, physics loss:0.000056
[epoch:487 iter:50] data loss:0.000006, PDE loss:0.000000, physics loss:0.000070
[epoch:487 iter:100] data loss:0.000004, PDE loss:0.000000, physics loss:0.000039
[epoch:487 iter:150] data loss:0.000006, PDE loss:0.000000, physics loss:0.000053
[epoch:487 iter:200] data loss:0.000005, PDE loss:0.000000, physics loss:0.000065
[epoch:487 iter:50] data loss:0.000007, PDE loss:0.000000, physics loss:0.000068
[epoch:488 iter:50] data loss:0.000006, PDE loss:0.000000, physics loss:0.000048
[epoch:488 iter:100] data loss:0.000008, PDE loss:0.000000, physics loss:0.000055
[epoch:488 iter:150] data loss:0.000006, PDE loss:0.000000, physics loss:0.000040
[epoch:488 iter:200] data loss:0.000005, PDE loss:0.000000, physics loss:0.000036
[epoch:488 iter:50] data loss:0.000007, PDE loss:0.000000, physics loss:0.000075
[epoch:489 iter:50] data loss:0.000005, PDE loss:0.000000, physics loss:0.000038
[epoch:489 iter:100] data loss:0.000007, PDE loss:0.000000, physics loss:0.000038
[epoch:489 iter:150] data loss:0.000006, PDE loss:0.000000, physics loss:0.000057
[epoch:489 iter:200] data loss:0.000007, PDE loss:0.000000, physics loss:0.000051
[epoch:489 iter:50] data loss:0.000007, PDE loss:0.000000, physics loss:0.000091
[epoch:490 iter:50] data loss:0.000006, PDE loss:0.000000, physics loss:0.000041
[epoch:490 iter:100] data loss:0.000005, PDE loss:0.000000, physics loss:0.000037
[epoch:490 iter:150] data loss:0.000006, PDE loss:0.000000, physics loss:0.000070
[epoch:490 iter:200] data loss:0.000006, PDE loss:0.000000, physics loss:0.000043
[epoch:490 iter:50] data loss:0.000007, PDE loss:0.000000, physics loss:0.000074
[epoch:491 iter:50] data loss:0.000006, PDE loss:0.000000, physics loss:0.000064
[epoch:491 iter:100] data loss:0.000006, PDE loss:0.000000, physics loss:0.000059
[epoch:491 iter:150] data loss:0.000006, PDE loss:0.000000, physics loss:0.000047
[epoch:491 iter:200] data loss:0.000005, PDE loss:0.000000, physics loss:0.000076
[epoch:491 iter:50] data loss:0.000008, PDE loss:0.000000, physics loss:0.000039
[epoch:492 iter:50] data loss:0.000007, PDE loss:0.000000, physics loss:0.000056
[epoch:492 iter:100] data loss:0.000005, PDE loss:0.000000, physics loss:0.000043
[epoch:492 iter:150] data loss:0.000007, PDE loss:0.000000, physics loss:0.000047
[epoch:492 iter:200] data loss:0.000006, PDE loss:0.000000, physics loss:0.000068
[epoch:492 iter:50] data loss:0.000006, PDE loss:0.000000, physics loss:0.000046
[epoch:493 iter:50] data loss:0.000006, PDE loss:0.000000, physics loss:0.000059
[epoch:493 iter:100] data loss:0.000005, PDE loss:0.000000, physics loss:0.000053
[epoch:493 iter:150] data loss:0.000005, PDE loss:0.000000, physics loss:0.000078
[epoch:493 iter:200] data loss:0.000005, PDE loss:0.000000, physics loss:0.000028
[epoch:493 iter:50] data loss:0.000029, PDE loss:0.000000, physics loss:0.000781
[epoch:494 iter:50] data loss:0.000005, PDE loss:0.000000, physics loss:0.000032
[epoch:494 iter:100] data loss:0.000007, PDE loss:0.000000, physics loss:0.000046
[epoch:494 iter:150] data loss:0.000006, PDE loss:0.000000, physics loss:0.000043
[epoch:494 iter:200] data loss:0.000006, PDE loss:0.000000, physics loss:0.000055
[epoch:494 iter:50] data loss:0.000007, PDE loss:0.000000, physics loss:0.000059
[epoch:495 iter:50] data loss:0.000006, PDE loss:0.000000, physics loss:0.000061
[epoch:495 iter:100] data loss:0.000007, PDE loss:0.000000, physics loss:0.000063
[epoch:495 iter:150] data loss:0.000005, PDE loss:0.000000, physics loss:0.000051
[epoch:495 iter:200] data loss:0.000007, PDE loss:0.000000, physics loss:0.000042
[epoch:495 iter:50] data loss:0.000007, PDE loss:0.000000, physics loss:0.000057
[epoch:496 iter:50] data loss:0.000006, PDE loss:0.000000, physics loss:0.000046
[epoch:496 iter:100] data loss:0.000006, PDE loss:0.000000, physics loss:0.000044
[epoch:496 iter:150] data loss:0.000007, PDE loss:0.000000, physics loss:0.000048
[epoch:496 iter:200] data loss:0.000006, PDE loss:0.000000, physics loss:0.000052
[epoch:496 iter:50] data loss:0.000009, PDE loss:0.000000, physics loss:0.000057
[epoch:497 iter:50] data loss:0.000008, PDE loss:0.000000, physics loss:0.000068
[epoch:497 iter:100] data loss:0.000006, PDE loss:0.000000, physics loss:0.000053
[epoch:497 iter:150] data loss:0.000005, PDE loss:0.000000, physics loss:0.000052
[epoch:497 iter:200] data loss:0.000006, PDE loss:0.000000, physics loss:0.000054
[epoch:497 iter:50] data loss:0.000005, PDE loss:0.000000, physics loss:0.000061
[epoch:498 iter:50] data loss:0.000006, PDE loss:0.000000, physics loss:0.000046
[epoch:498 iter:100] data loss:0.000005, PDE loss:0.000000, physics loss:0.000038
[epoch:498 iter:150] data loss:0.000006, PDE loss:0.000000, physics loss:0.000062
[epoch:498 iter:200] data loss:0.000006, PDE loss:0.000000, physics loss:0.000046
[epoch:498 iter:50] data loss:0.000008, PDE loss:0.000000, physics loss:0.000104
[epoch:499 iter:50] data loss:0.000005, PDE loss:0.000000, physics loss:0.000047
[epoch:499 iter:100] data loss:0.000005, PDE loss:0.000000, physics loss:0.000074
[epoch:499 iter:150] data loss:0.000006, PDE loss:0.000000, physics loss:0.000045
[epoch:499 iter:200] data loss:0.000006, PDE loss:0.000000, physics loss:0.000076
[epoch:499 iter:50] data loss:0.000007, PDE loss:0.000000, physics loss:0.000088
[epoch:500 iter:50] data loss:0.000006, PDE loss:0.000000, physics loss:0.000045
[epoch:500 iter:100] data loss:0.000008, PDE loss:0.000000, physics loss:0.000091
[epoch:500 iter:150] data loss:0.000008, PDE loss:0.000000, physics loss:0.000081
[epoch:500 iter:200] data loss:0.000006, PDE loss:0.000000, physics loss:0.000046
[epoch:500 iter:50] data loss:0.000008, PDE loss:0.000000, physics loss:0.000057
[epoch:501 iter:50] data loss:0.000007, PDE loss:0.000000, physics loss:0.000051
[epoch:501 iter:100] data loss:0.000005, PDE loss:0.000000, physics loss:0.000036
[epoch:501 iter:150] data loss:0.000006, PDE loss:0.000000, physics loss:0.000063
[epoch:501 iter:200] data loss:0.000006, PDE loss:0.000000, physics loss:0.000039
[epoch:501 iter:50] data loss:0.000008, PDE loss:0.000000, physics loss:0.000129
[epoch:502 iter:50] data loss:0.000007, PDE loss:0.000000, physics loss:0.000055
[epoch:502 iter:100] data loss:0.000006, PDE loss:0.000000, physics loss:0.000076
[epoch:502 iter:150] data loss:0.000005, PDE loss:0.000000, physics loss:0.000063
[epoch:502 iter:200] data loss:0.000006, PDE loss:0.000000, physics loss:0.000054
[epoch:502 iter:50] data loss:0.000004, PDE loss:0.000000, physics loss:0.000055
[epoch:503 iter:50] data loss:0.000006, PDE loss:0.000000, physics loss:0.000049
[epoch:503 iter:100] data loss:0.000006, PDE loss:0.000000, physics loss:0.000037
[epoch:503 iter:150] data loss:0.000006, PDE loss:0.000000, physics loss:0.000082
[epoch:503 iter:200] data loss:0.000006, PDE loss:0.000000, physics loss:0.000051
[epoch:503 iter:50] data loss:0.000007, PDE loss:0.000000, physics loss:0.000054
[epoch:504 iter:50] data loss:0.000006, PDE loss:0.000000, physics loss:0.000080
[epoch:504 iter:100] data loss:0.000005, PDE loss:0.000000, physics loss:0.000040
[epoch:504 iter:150] data loss:0.000005, PDE loss:0.000000, physics loss:0.000058
[epoch:504 iter:200] data loss:0.000007, PDE loss:0.000000, physics loss:0.000071
[epoch:504 iter:50] data loss:0.000005, PDE loss:0.000000, physics loss:0.000083
[epoch:505 iter:50] data loss:0.000004, PDE loss:0.000000, physics loss:0.000044
[epoch:505 iter:100] data loss:0.000007, PDE loss:0.000000, physics loss:0.000036
[epoch:505 iter:150] data loss:0.000005, PDE loss:0.000000, physics loss:0.000068
[epoch:505 iter:200] data loss:0.000006, PDE loss:0.000000, physics loss:0.000062
[epoch:505 iter:50] data loss:0.000006, PDE loss:0.000000, physics loss:0.000053
[epoch:506 iter:50] data loss:0.000007, PDE loss:0.000000, physics loss:0.000036
[epoch:506 iter:100] data loss:0.000005, PDE loss:0.000000, physics loss:0.000044
[epoch:506 iter:150] data loss:0.000006, PDE loss:0.000000, physics loss:0.000051
[epoch:506 iter:200] data loss:0.000006, PDE loss:0.000000, physics loss:0.000060
[epoch:506 iter:50] data loss:0.000007, PDE loss:0.000000, physics loss:0.000084
[epoch:507 iter:50] data loss:0.000005, PDE loss:0.000000, physics loss:0.000034
[epoch:507 iter:100] data loss:0.000006, PDE loss:0.000000, physics loss:0.000041
[epoch:507 iter:150] data loss:0.000006, PDE loss:0.000000, physics loss:0.000042
[epoch:507 iter:200] data loss:0.000016, PDE loss:0.000000, physics loss:0.000039
[epoch:507 iter:50] data loss:0.000008, PDE loss:0.000000, physics loss:0.000124
[epoch:508 iter:50] data loss:0.000005, PDE loss:0.000000, physics loss:0.000046
[epoch:508 iter:100] data loss:0.000006, PDE loss:0.000000, physics loss:0.000064
[epoch:508 iter:150] data loss:0.000005, PDE loss:0.000000, physics loss:0.000048
[epoch:508 iter:200] data loss:0.000005, PDE loss:0.000000, physics loss:0.000056
[epoch:508 iter:50] data loss:0.000006, PDE loss:0.000000, physics loss:0.000070
[epoch:509 iter:50] data loss:0.000006, PDE loss:0.000000, physics loss:0.000059
[epoch:509 iter:100] data loss:0.000006, PDE loss:0.000000, physics loss:0.000046
[epoch:509 iter:150] data loss:0.000006, PDE loss:0.000000, physics loss:0.000079
[epoch:509 iter:200] data loss:0.000006, PDE loss:0.000000, physics loss:0.000054
[epoch:509 iter:50] data loss:0.000017, PDE loss:0.000000, physics loss:0.000068
[epoch:510 iter:50] data loss:0.000008, PDE loss:0.000000, physics loss:0.000051
[epoch:510 iter:100] data loss:0.000007, PDE loss:0.000000, physics loss:0.000052
[epoch:510 iter:150] data loss:0.000006, PDE loss:0.000000, physics loss:0.000049
[epoch:510 iter:200] data loss:0.000006, PDE loss:0.000000, physics loss:0.000086
[epoch:510 iter:50] data loss:0.000006, PDE loss:0.000000, physics loss:0.000065
[epoch:511 iter:50] data loss:0.000005, PDE loss:0.000000, physics loss:0.000046
[epoch:511 iter:100] data loss:0.000006, PDE loss:0.000000, physics loss:0.000074
[epoch:511 iter:150] data loss:0.000007, PDE loss:0.000000, physics loss:0.000056
[epoch:511 iter:200] data loss:0.000006, PDE loss:0.000000, physics loss:0.000050
[epoch:511 iter:50] data loss:0.000021, PDE loss:0.000000, physics loss:0.000068
[epoch:512 iter:50] data loss:0.000007, PDE loss:0.000000, physics loss:0.000065
[epoch:512 iter:100] data loss:0.000005, PDE loss:0.000000, physics loss:0.000068
[epoch:512 iter:150] data loss:0.000007, PDE loss:0.000000, physics loss:0.000039
[epoch:512 iter:200] data loss:0.000006, PDE loss:0.000000, physics loss:0.000064
[epoch:512 iter:50] data loss:0.000007, PDE loss:0.000000, physics loss:0.000073
[epoch:513 iter:50] data loss:0.000007, PDE loss:0.000000, physics loss:0.000058
[epoch:513 iter:100] data loss:0.000006, PDE loss:0.000000, physics loss:0.000061
[epoch:513 iter:150] data loss:0.000006, PDE loss:0.000000, physics loss:0.000048
[epoch:513 iter:200] data loss:0.000005, PDE loss:0.000000, physics loss:0.000060
[epoch:513 iter:50] data loss:0.000004, PDE loss:0.000000, physics loss:0.000068
[epoch:514 iter:50] data loss:0.000005, PDE loss:0.000000, physics loss:0.000057
[epoch:514 iter:100] data loss:0.000006, PDE loss:0.000000, physics loss:0.000040
[epoch:514 iter:150] data loss:0.000005, PDE loss:0.000000, physics loss:0.000035
[epoch:514 iter:200] data loss:0.000006, PDE loss:0.000000, physics loss:0.000046
[epoch:514 iter:50] data loss:0.000008, PDE loss:0.000000, physics loss:0.000032
[epoch:515 iter:50] data loss:0.000005, PDE loss:0.000000, physics loss:0.000038
[epoch:515 iter:100] data loss:0.000005, PDE loss:0.000000, physics loss:0.000059
[epoch:515 iter:150] data loss:0.000006, PDE loss:0.000000, physics loss:0.000050
[epoch:515 iter:200] data loss:0.000005, PDE loss:0.000000, physics loss:0.000058
[epoch:515 iter:50] data loss:0.000006, PDE loss:0.000000, physics loss:0.000062
[epoch:516 iter:50] data loss:0.000005, PDE loss:0.000000, physics loss:0.000056
[epoch:516 iter:100] data loss:0.000006, PDE loss:0.000000, physics loss:0.000064
[epoch:516 iter:150] data loss:0.000006, PDE loss:0.000000, physics loss:0.000041
[epoch:516 iter:200] data loss:0.000007, PDE loss:0.000000, physics loss:0.000039
[epoch:516 iter:50] data loss:0.000006, PDE loss:0.000000, physics loss:0.000056
[epoch:517 iter:50] data loss:0.000006, PDE loss:0.000000, physics loss:0.000038
[epoch:517 iter:100] data loss:0.000006, PDE loss:0.000000, physics loss:0.000046
[epoch:517 iter:150] data loss:0.000006, PDE loss:0.000000, physics loss:0.000056
[epoch:517 iter:200] data loss:0.000006, PDE loss:0.000000, physics loss:0.000045
[epoch:517 iter:50] data loss:0.000027, PDE loss:0.000000, physics loss:0.000935
[epoch:518 iter:50] data loss:0.000006, PDE loss:0.000000, physics loss:0.000046
[epoch:518 iter:100] data loss:0.000006, PDE loss:0.000000, physics loss:0.000049
[epoch:518 iter:150] data loss:0.000006, PDE loss:0.000000, physics loss:0.000057
[epoch:518 iter:200] data loss:0.000005, PDE loss:0.000000, physics loss:0.000096
[epoch:518 iter:50] data loss:0.000006, PDE loss:0.000000, physics loss:0.000057
[epoch:519 iter:50] data loss:0.000006, PDE loss:0.000000, physics loss:0.000053
[epoch:519 iter:100] data loss:0.000005, PDE loss:0.000000, physics loss:0.000044
[epoch:519 iter:150] data loss:0.000005, PDE loss:0.000000, physics loss:0.000052
[epoch:519 iter:200] data loss:0.000006, PDE loss:0.000000, physics loss:0.000044
[epoch:519 iter:50] data loss:0.000006, PDE loss:0.000000, physics loss:0.000125
[epoch:520 iter:50] data loss:0.000006, PDE loss:0.000000, physics loss:0.000067
[epoch:520 iter:100] data loss:0.000004, PDE loss:0.000000, physics loss:0.000049
[epoch:520 iter:150] data loss:0.000006, PDE loss:0.000000, physics loss:0.000041
[epoch:520 iter:200] data loss:0.000006, PDE loss:0.000000, physics loss:0.000059
[epoch:520 iter:50] data loss:0.000006, PDE loss:0.000000, physics loss:0.000062
[epoch:521 iter:50] data loss:0.000006, PDE loss:0.000000, physics loss:0.000046
[epoch:521 iter:100] data loss:0.000005, PDE loss:0.000000, physics loss:0.000060
[epoch:521 iter:150] data loss:0.000006, PDE loss:0.000000, physics loss:0.000049
[epoch:521 iter:200] data loss:0.000006, PDE loss:0.000000, physics loss:0.000067
[epoch:521 iter:50] data loss:0.000006, PDE loss:0.000000, physics loss:0.000039
[epoch:522 iter:50] data loss:0.000005, PDE loss:0.000000, physics loss:0.000047
[epoch:522 iter:100] data loss:0.000007, PDE loss:0.000000, physics loss:0.000052
[epoch:522 iter:150] data loss:0.000006, PDE loss:0.000000, physics loss:0.000035
[epoch:522 iter:200] data loss:0.000006, PDE loss:0.000000, physics loss:0.000066
[epoch:522 iter:50] data loss:0.000007, PDE loss:0.000000, physics loss:0.000061
[epoch:523 iter:50] data loss:0.000006, PDE loss:0.000000, physics loss:0.000037
[epoch:523 iter:100] data loss:0.000005, PDE loss:0.000000, physics loss:0.000042
[epoch:523 iter:150] data loss:0.000006, PDE loss:0.000000, physics loss:0.000051
[epoch:523 iter:200] data loss:0.000006, PDE loss:0.000000, physics loss:0.000052
[epoch:523 iter:50] data loss:0.000009, PDE loss:0.000000, physics loss:0.000093
[epoch:524 iter:50] data loss:0.000005, PDE loss:0.000000, physics loss:0.000058
[epoch:524 iter:100] data loss:0.000006, PDE loss:0.000000, physics loss:0.000071
[epoch:524 iter:150] data loss:0.000013, PDE loss:0.000000, physics loss:0.000060
[epoch:524 iter:200] data loss:0.000006, PDE loss:0.000000, physics loss:0.000056
[epoch:524 iter:50] data loss:0.000007, PDE loss:0.000000, physics loss:0.000041
[epoch:525 iter:50] data loss:0.000005, PDE loss:0.000000, physics loss:0.000038
[epoch:525 iter:100] data loss:0.000006, PDE loss:0.000000, physics loss:0.000055
[epoch:525 iter:150] data loss:0.000005, PDE loss:0.000000, physics loss:0.000067
[epoch:525 iter:200] data loss:0.000005, PDE loss:0.000000, physics loss:0.000049
[epoch:525 iter:50] data loss:0.000015, PDE loss:0.000000, physics loss:0.000073
[epoch:526 iter:50] data loss:0.000005, PDE loss:0.000000, physics loss:0.000048
[epoch:526 iter:100] data loss:0.000006, PDE loss:0.000000, physics loss:0.000069
[epoch:526 iter:150] data loss:0.000005, PDE loss:0.000000, physics loss:0.000087
[epoch:526 iter:200] data loss:0.000006, PDE loss:0.000000, physics loss:0.000047
[epoch:526 iter:50] data loss:0.000006, PDE loss:0.000000, physics loss:0.000065
[epoch:527 iter:50] data loss:0.000006, PDE loss:0.000000, physics loss:0.000059
[epoch:527 iter:100] data loss:0.000006, PDE loss:0.000000, physics loss:0.000061
[epoch:527 iter:150] data loss:0.000006, PDE loss:0.000000, physics loss:0.000040
[epoch:527 iter:200] data loss:0.000006, PDE loss:0.000000, physics loss:0.000046
[epoch:527 iter:50] data loss:0.000005, PDE loss:0.000000, physics loss:0.000040
[epoch:528 iter:50] data loss:0.000006, PDE loss:0.000000, physics loss:0.000090
[epoch:528 iter:100] data loss:0.000006, PDE loss:0.000000, physics loss:0.000060
[epoch:528 iter:150] data loss:0.000006, PDE loss:0.000000, physics loss:0.000077
[epoch:528 iter:200] data loss:0.000005, PDE loss:0.000000, physics loss:0.000058
[epoch:528 iter:50] data loss:0.000006, PDE loss:0.000000, physics loss:0.000057
[epoch:529 iter:50] data loss:0.000005, PDE loss:0.000000, physics loss:0.000042
[epoch:529 iter:100] data loss:0.000005, PDE loss:0.000000, physics loss:0.000036
[epoch:529 iter:150] data loss:0.000017, PDE loss:0.000000, physics loss:0.000054
[epoch:529 iter:200] data loss:0.000006, PDE loss:0.000000, physics loss:0.000037
[epoch:529 iter:50] data loss:0.000008, PDE loss:0.000000, physics loss:0.000052
[epoch:530 iter:50] data loss:0.000007, PDE loss:0.000000, physics loss:0.000068
[epoch:530 iter:100] data loss:0.000007, PDE loss:0.000000, physics loss:0.000074
[epoch:530 iter:150] data loss:0.000004, PDE loss:0.000000, physics loss:0.000043
[epoch:530 iter:200] data loss:0.000006, PDE loss:0.000000, physics loss:0.000048
[epoch:530 iter:50] data loss:0.000027, PDE loss:0.000000, physics loss:0.001028
[epoch:531 iter:50] data loss:0.000006, PDE loss:0.000000, physics loss:0.000050
[epoch:531 iter:100] data loss:0.000007, PDE loss:0.000000, physics loss:0.000053
[epoch:531 iter:150] data loss:0.000005, PDE loss:0.000000, physics loss:0.000039
[epoch:531 iter:200] data loss:0.000006, PDE loss:0.000000, physics loss:0.000055
[epoch:531 iter:50] data loss:0.000017, PDE loss:0.000000, physics loss:0.000063
[epoch:532 iter:50] data loss:0.000006, PDE loss:0.000000, physics loss:0.000055
[epoch:532 iter:100] data loss:0.000006, PDE loss:0.000000, physics loss:0.000046
[epoch:532 iter:150] data loss:0.000005, PDE loss:0.000000, physics loss:0.000040
[epoch:532 iter:200] data loss:0.000006, PDE loss:0.000000, physics loss:0.000037
[epoch:532 iter:50] data loss:0.000010, PDE loss:0.000000, physics loss:0.000150
[epoch:533 iter:50] data loss:0.000006, PDE loss:0.000000, physics loss:0.000061
[epoch:533 iter:100] data loss:0.000006, PDE loss:0.000000, physics loss:0.000100
[epoch:533 iter:150] data loss:0.000007, PDE loss:0.000000, physics loss:0.000084
[epoch:533 iter:200] data loss:0.000007, PDE loss:0.000000, physics loss:0.000062
[epoch:533 iter:50] data loss:0.000006, PDE loss:0.000000, physics loss:0.000081
[epoch:534 iter:50] data loss:0.000006, PDE loss:0.000000, physics loss:0.000046
[epoch:534 iter:100] data loss:0.000006, PDE loss:0.000000, physics loss:0.000070
[epoch:534 iter:150] data loss:0.000006, PDE loss:0.000000, physics loss:0.000043
[epoch:534 iter:200] data loss:0.000006, PDE loss:0.000000, physics loss:0.000043
[epoch:534 iter:50] data loss:0.000007, PDE loss:0.000000, physics loss:0.000057
[epoch:535 iter:50] data loss:0.000006, PDE loss:0.000000, physics loss:0.000051
[epoch:535 iter:100] data loss:0.000006, PDE loss:0.000000, physics loss:0.000031
[epoch:535 iter:150] data loss:0.000005, PDE loss:0.000000, physics loss:0.000062
[epoch:535 iter:200] data loss:0.000007, PDE loss:0.000000, physics loss:0.000049
[epoch:535 iter:50] data loss:0.000006, PDE loss:0.000000, physics loss:0.000053
[epoch:536 iter:50] data loss:0.000006, PDE loss:0.000000, physics loss:0.000053
[epoch:536 iter:100] data loss:0.000004, PDE loss:0.000000, physics loss:0.000056
[epoch:536 iter:150] data loss:0.000005, PDE loss:0.000000, physics loss:0.000045
[epoch:536 iter:200] data loss:0.000006, PDE loss:0.000000, physics loss:0.000061
[epoch:536 iter:50] data loss:0.000004, PDE loss:0.000000, physics loss:0.000076
[epoch:537 iter:50] data loss:0.000006, PDE loss:0.000000, physics loss:0.000046
[epoch:537 iter:100] data loss:0.000006, PDE loss:0.000000, physics loss:0.000058
[epoch:537 iter:150] data loss:0.000006, PDE loss:0.000000, physics loss:0.000044
[epoch:537 iter:200] data loss:0.000007, PDE loss:0.000000, physics loss:0.000058
[epoch:537 iter:50] data loss:0.000007, PDE loss:0.000000, physics loss:0.000052
[epoch:538 iter:50] data loss:0.000006, PDE loss:0.000000, physics loss:0.000062
[epoch:538 iter:100] data loss:0.000012, PDE loss:0.000000, physics loss:0.000050
[epoch:538 iter:150] data loss:0.000006, PDE loss:0.000000, physics loss:0.000071
[epoch:538 iter:200] data loss:0.000006, PDE loss:0.000000, physics loss:0.000052
[epoch:538 iter:50] data loss:0.000009, PDE loss:0.000000, physics loss:0.000080
[epoch:539 iter:50] data loss:0.000005, PDE loss:0.000000, physics loss:0.000049
[epoch:539 iter:100] data loss:0.000005, PDE loss:0.000000, physics loss:0.000054
[epoch:539 iter:150] data loss:0.000005, PDE loss:0.000000, physics loss:0.000035
[epoch:539 iter:200] data loss:0.000006, PDE loss:0.000000, physics loss:0.000044
[epoch:539 iter:50] data loss:0.000006, PDE loss:0.000000, physics loss:0.000102
[epoch:540 iter:50] data loss:0.000005, PDE loss:0.000000, physics loss:0.000044
[epoch:540 iter:100] data loss:0.000006, PDE loss:0.000000, physics loss:0.000039
[epoch:540 iter:150] data loss:0.000005, PDE loss:0.000000, physics loss:0.000064
[epoch:540 iter:200] data loss:0.000006, PDE loss:0.000000, physics loss:0.000062
[epoch:540 iter:50] data loss:0.000006, PDE loss:0.000000, physics loss:0.000074
[epoch:541 iter:50] data loss:0.000005, PDE loss:0.000000, physics loss:0.000092
[epoch:541 iter:100] data loss:0.000005, PDE loss:0.000000, physics loss:0.000038
[epoch:541 iter:150] data loss:0.000006, PDE loss:0.000000, physics loss:0.000072
[epoch:541 iter:200] data loss:0.000006, PDE loss:0.000000, physics loss:0.000075
[epoch:541 iter:50] data loss:0.000007, PDE loss:0.000000, physics loss:0.000055
[epoch:542 iter:50] data loss:0.000005, PDE loss:0.000000, physics loss:0.000048
[epoch:542 iter:100] data loss:0.000005, PDE loss:0.000000, physics loss:0.000038
[epoch:542 iter:150] data loss:0.000005, PDE loss:0.000000, physics loss:0.000066
[epoch:542 iter:200] data loss:0.000006, PDE loss:0.000000, physics loss:0.000044
[epoch:542 iter:50] data loss:0.000007, PDE loss:0.000000, physics loss:0.000087
[epoch:543 iter:50] data loss:0.000005, PDE loss:0.000000, physics loss:0.000052
[epoch:543 iter:100] data loss:0.000006, PDE loss:0.000000, physics loss:0.000058
[epoch:543 iter:150] data loss:0.000006, PDE loss:0.000000, physics loss:0.000052
[epoch:543 iter:200] data loss:0.000005, PDE loss:0.000000, physics loss:0.000049
[epoch:543 iter:50] data loss:0.000012, PDE loss:0.000000, physics loss:0.000058
[epoch:544 iter:50] data loss:0.000007, PDE loss:0.000000, physics loss:0.000059
[epoch:544 iter:100] data loss:0.000006, PDE loss:0.000000, physics loss:0.000055
[epoch:544 iter:150] data loss:0.000006, PDE loss:0.000000, physics loss:0.000060
[epoch:544 iter:200] data loss:0.000006, PDE loss:0.000000, physics loss:0.000043
[epoch:544 iter:50] data loss:0.000010, PDE loss:0.000000, physics loss:0.000058
[epoch:545 iter:50] data loss:0.000006, PDE loss:0.000000, physics loss:0.000060
[epoch:545 iter:100] data loss:0.000005, PDE loss:0.000000, physics loss:0.000050
[epoch:545 iter:150] data loss:0.000006, PDE loss:0.000000, physics loss:0.000045
[epoch:545 iter:200] data loss:0.000005, PDE loss:0.000000, physics loss:0.000036
[epoch:545 iter:50] data loss:0.000007, PDE loss:0.000000, physics loss:0.000090
[epoch:546 iter:50] data loss:0.000006, PDE loss:0.000000, physics loss:0.000045
[epoch:546 iter:100] data loss:0.000006, PDE loss:0.000000, physics loss:0.000043
[epoch:546 iter:150] data loss:0.000012, PDE loss:0.000000, physics loss:0.000077
[epoch:546 iter:200] data loss:0.000006, PDE loss:0.000000, physics loss:0.000057
[epoch:546 iter:50] data loss:0.000008, PDE loss:0.000000, physics loss:0.000080
[epoch:547 iter:50] data loss:0.000005, PDE loss:0.000000, physics loss:0.000038
[epoch:547 iter:100] data loss:0.000006, PDE loss:0.000000, physics loss:0.000036
[epoch:547 iter:150] data loss:0.000006, PDE loss:0.000000, physics loss:0.000039
[epoch:547 iter:200] data loss:0.000005, PDE loss:0.000000, physics loss:0.000043
[epoch:547 iter:50] data loss:0.000006, PDE loss:0.000000, physics loss:0.000053
[epoch:548 iter:50] data loss:0.000006, PDE loss:0.000000, physics loss:0.000049
[epoch:548 iter:100] data loss:0.000006, PDE loss:0.000000, physics loss:0.000047
[epoch:548 iter:150] data loss:0.000006, PDE loss:0.000000, physics loss:0.000043
[epoch:548 iter:200] data loss:0.000005, PDE loss:0.000000, physics loss:0.000057
[epoch:548 iter:50] data loss:0.000006, PDE loss:0.000000, physics loss:0.000072
[epoch:549 iter:50] data loss:0.000006, PDE loss:0.000000, physics loss:0.000041
[epoch:549 iter:100] data loss:0.000007, PDE loss:0.000000, physics loss:0.000048
[epoch:549 iter:150] data loss:0.000006, PDE loss:0.000000, physics loss:0.000065
[epoch:549 iter:200] data loss:0.000006, PDE loss:0.000000, physics loss:0.000049
[epoch:549 iter:50] data loss:0.000005, PDE loss:0.000000, physics loss:0.000083
[epoch:550 iter:50] data loss:0.000007, PDE loss:0.000000, physics loss:0.000056
[epoch:550 iter:100] data loss:0.000005, PDE loss:0.000000, physics loss:0.000049
[epoch:550 iter:150] data loss:0.000006, PDE loss:0.000000, physics loss:0.000054
[epoch:550 iter:200] data loss:0.000007, PDE loss:0.000000, physics loss:0.000059
[epoch:550 iter:50] data loss:0.000008, PDE loss:0.000000, physics loss:0.000076
[epoch:551 iter:50] data loss:0.000007, PDE loss:0.000000, physics loss:0.000050
[epoch:551 iter:100] data loss:0.000005, PDE loss:0.000000, physics loss:0.000049
[epoch:551 iter:150] data loss:0.000013, PDE loss:0.000000, physics loss:0.000044
[epoch:551 iter:200] data loss:0.000006, PDE loss:0.000000, physics loss:0.000080
[epoch:551 iter:50] data loss:0.000009, PDE loss:0.000000, physics loss:0.000071
[epoch:552 iter:50] data loss:0.000006, PDE loss:0.000000, physics loss:0.000056
[epoch:552 iter:100] data loss:0.000005, PDE loss:0.000000, physics loss:0.000045
[epoch:552 iter:150] data loss:0.000005, PDE loss:0.000000, physics loss:0.000052
[epoch:552 iter:200] data loss:0.000005, PDE loss:0.000000, physics loss:0.000037
[epoch:552 iter:50] data loss:0.000004, PDE loss:0.000000, physics loss:0.000035
[epoch:553 iter:50] data loss:0.000005, PDE loss:0.000000, physics loss:0.000044
[epoch:553 iter:100] data loss:0.000014, PDE loss:0.000000, physics loss:0.000053
[epoch:553 iter:150] data loss:0.000006, PDE loss:0.000000, physics loss:0.000058
[epoch:553 iter:200] data loss:0.000006, PDE loss:0.000000, physics loss:0.000058
[epoch:553 iter:50] data loss:0.000007, PDE loss:0.000000, physics loss:0.000084
[epoch:554 iter:50] data loss:0.000006, PDE loss:0.000000, physics loss:0.000079
[epoch:554 iter:100] data loss:0.000006, PDE loss:0.000000, physics loss:0.000054
[epoch:554 iter:150] data loss:0.000006, PDE loss:0.000000, physics loss:0.000047
[epoch:554 iter:200] data loss:0.000008, PDE loss:0.000000, physics loss:0.000050
[epoch:554 iter:50] data loss:0.000005, PDE loss:0.000000, physics loss:0.000053
[epoch:555 iter:50] data loss:0.000005, PDE loss:0.000000, physics loss:0.000032
[epoch:555 iter:100] data loss:0.000006, PDE loss:0.000000, physics loss:0.000045
[epoch:555 iter:150] data loss:0.000006, PDE loss:0.000000, physics loss:0.000043
[epoch:555 iter:200] data loss:0.000007, PDE loss:0.000000, physics loss:0.000052
[epoch:555 iter:50] data loss:0.000005, PDE loss:0.000000, physics loss:0.000046
[epoch:556 iter:50] data loss:0.000006, PDE loss:0.000000, physics loss:0.000079
[epoch:556 iter:100] data loss:0.000006, PDE loss:0.000000, physics loss:0.000061
[epoch:556 iter:150] data loss:0.000005, PDE loss:0.000000, physics loss:0.000053
[epoch:556 iter:200] data loss:0.000005, PDE loss:0.000000, physics loss:0.000036
[epoch:556 iter:50] data loss:0.000006, PDE loss:0.000000, physics loss:0.000041
[epoch:557 iter:50] data loss:0.000005, PDE loss:0.000000, physics loss:0.000038
[epoch:557 iter:100] data loss:0.000006, PDE loss:0.000000, physics loss:0.000056
[epoch:557 iter:150] data loss:0.000006, PDE loss:0.000000, physics loss:0.000042
[epoch:557 iter:200] data loss:0.000005, PDE loss:0.000000, physics loss:0.000061
[epoch:557 iter:50] data loss:0.000004, PDE loss:0.000000, physics loss:0.000054
[epoch:558 iter:50] data loss:0.000005, PDE loss:0.000000, physics loss:0.000046
[epoch:558 iter:100] data loss:0.000006, PDE loss:0.000000, physics loss:0.000041
[epoch:558 iter:150] data loss:0.000005, PDE loss:0.000000, physics loss:0.000049
[epoch:558 iter:200] data loss:0.000006, PDE loss:0.000000, physics loss:0.000048
[epoch:558 iter:50] data loss:0.000008, PDE loss:0.000000, physics loss:0.000075
[epoch:559 iter:50] data loss:0.000007, PDE loss:0.000000, physics loss:0.000064
[epoch:559 iter:100] data loss:0.000006, PDE loss:0.000000, physics loss:0.000059
[epoch:559 iter:150] data loss:0.000005, PDE loss:0.000000, physics loss:0.000045
[epoch:559 iter:200] data loss:0.000005, PDE loss:0.000000, physics loss:0.000049
[epoch:559 iter:50] data loss:0.000006, PDE loss:0.000000, physics loss:0.000066
[epoch:560 iter:50] data loss:0.000006, PDE loss:0.000000, physics loss:0.000056
[epoch:560 iter:100] data loss:0.000007, PDE loss:0.000000, physics loss:0.000058
[epoch:560 iter:150] data loss:0.000005, PDE loss:0.000000, physics loss:0.000058
[epoch:560 iter:200] data loss:0.000005, PDE loss:0.000000, physics loss:0.000041
[epoch:560 iter:50] data loss:0.000017, PDE loss:0.000000, physics loss:0.000065
[epoch:561 iter:50] data loss:0.000005, PDE loss:0.000000, physics loss:0.000051
[epoch:561 iter:100] data loss:0.000006, PDE loss:0.000000, physics loss:0.000051
[epoch:561 iter:150] data loss:0.000006, PDE loss:0.000000, physics loss:0.000043
[epoch:561 iter:200] data loss:0.000006, PDE loss:0.000000, physics loss:0.000045
[epoch:561 iter:50] data loss:0.000008, PDE loss:0.000000, physics loss:0.000055
[epoch:562 iter:50] data loss:0.000005, PDE loss:0.000000, physics loss:0.000031
[epoch:562 iter:100] data loss:0.000006, PDE loss:0.000000, physics loss:0.000043
[epoch:562 iter:150] data loss:0.000006, PDE loss:0.000000, physics loss:0.000052
[epoch:562 iter:200] data loss:0.000005, PDE loss:0.000000, physics loss:0.000057
[epoch:562 iter:50] data loss:0.000005, PDE loss:0.000000, physics loss:0.000079
[epoch:563 iter:50] data loss:0.000005, PDE loss:0.000000, physics loss:0.000044
[epoch:563 iter:100] data loss:0.000005, PDE loss:0.000000, physics loss:0.000056
[epoch:563 iter:150] data loss:0.000005, PDE loss:0.000000, physics loss:0.000048
[epoch:563 iter:200] data loss:0.000005, PDE loss:0.000000, physics loss:0.000051
[epoch:563 iter:50] data loss:0.000005, PDE loss:0.000000, physics loss:0.000052
[epoch:564 iter:50] data loss:0.000006, PDE loss:0.000000, physics loss:0.000048
[epoch:564 iter:100] data loss:0.000006, PDE loss:0.000000, physics loss:0.000060
[epoch:564 iter:150] data loss:0.000005, PDE loss:0.000000, physics loss:0.000056
[epoch:564 iter:200] data loss:0.000005, PDE loss:0.000000, physics loss:0.000052
[epoch:564 iter:50] data loss:0.000007, PDE loss:0.000000, physics loss:0.000049
[epoch:565 iter:50] data loss:0.000005, PDE loss:0.000000, physics loss:0.000043
[epoch:565 iter:100] data loss:0.000006, PDE loss:0.000000, physics loss:0.000090
[epoch:565 iter:150] data loss:0.000005, PDE loss:0.000000, physics loss:0.000056
[epoch:565 iter:200] data loss:0.000006, PDE loss:0.000000, physics loss:0.000046
[epoch:565 iter:50] data loss:0.000007, PDE loss:0.000000, physics loss:0.000057
[epoch:566 iter:50] data loss:0.000004, PDE loss:0.000000, physics loss:0.000023
[epoch:566 iter:100] data loss:0.000005, PDE loss:0.000000, physics loss:0.000036
[epoch:566 iter:150] data loss:0.000006, PDE loss:0.000000, physics loss:0.000052
[epoch:566 iter:200] data loss:0.000006, PDE loss:0.000000, physics loss:0.000045
[epoch:566 iter:50] data loss:0.000006, PDE loss:0.000000, physics loss:0.000057
[epoch:567 iter:50] data loss:0.000005, PDE loss:0.000000, physics loss:0.000055
[epoch:567 iter:100] data loss:0.000006, PDE loss:0.000000, physics loss:0.000059
[epoch:567 iter:150] data loss:0.000004, PDE loss:0.000000, physics loss:0.000058
[epoch:567 iter:200] data loss:0.000006, PDE loss:0.000000, physics loss:0.000043
[epoch:567 iter:50] data loss:0.000004, PDE loss:0.000000, physics loss:0.000042
[epoch:568 iter:50] data loss:0.000006, PDE loss:0.000000, physics loss:0.000074
[epoch:568 iter:100] data loss:0.000006, PDE loss:0.000000, physics loss:0.000080
[epoch:568 iter:150] data loss:0.000006, PDE loss:0.000000, physics loss:0.000045
[epoch:568 iter:200] data loss:0.000004, PDE loss:0.000000, physics loss:0.000034
[epoch:568 iter:50] data loss:0.000005, PDE loss:0.000000, physics loss:0.000057
[epoch:569 iter:50] data loss:0.000005, PDE loss:0.000000, physics loss:0.000049
[epoch:569 iter:100] data loss:0.000006, PDE loss:0.000000, physics loss:0.000048
[epoch:569 iter:150] data loss:0.000007, PDE loss:0.000000, physics loss:0.000050
[epoch:569 iter:200] data loss:0.000006, PDE loss:0.000000, physics loss:0.000031
[epoch:569 iter:50] data loss:0.000006, PDE loss:0.000000, physics loss:0.000058
[epoch:570 iter:50] data loss:0.000006, PDE loss:0.000000, physics loss:0.000045
[epoch:570 iter:100] data loss:0.000005, PDE loss:0.000000, physics loss:0.000042
[epoch:570 iter:150] data loss:0.000007, PDE loss:0.000000, physics loss:0.000055
[epoch:570 iter:200] data loss:0.000005, PDE loss:0.000000, physics loss:0.000043
[epoch:570 iter:50] data loss:0.000007, PDE loss:0.000000, physics loss:0.000071
[epoch:571 iter:50] data loss:0.000007, PDE loss:0.000000, physics loss:0.000083
[epoch:571 iter:100] data loss:0.000006, PDE loss:0.000000, physics loss:0.000059
[epoch:571 iter:150] data loss:0.000005, PDE loss:0.000000, physics loss:0.000056
[epoch:571 iter:200] data loss:0.000005, PDE loss:0.000000, physics loss:0.000045
[epoch:571 iter:50] data loss:0.000006, PDE loss:0.000000, physics loss:0.000063
[epoch:572 iter:50] data loss:0.000005, PDE loss:0.000000, physics loss:0.000057
[epoch:572 iter:100] data loss:0.000006, PDE loss:0.000000, physics loss:0.000055
[epoch:572 iter:150] data loss:0.000005, PDE loss:0.000000, physics loss:0.000044
[epoch:572 iter:200] data loss:0.000005, PDE loss:0.000000, physics loss:0.000051
[epoch:572 iter:50] data loss:0.000006, PDE loss:0.000000, physics loss:0.000075
[epoch:573 iter:50] data loss:0.000005, PDE loss:0.000000, physics loss:0.000041
[epoch:573 iter:100] data loss:0.000006, PDE loss:0.000000, physics loss:0.000052
[epoch:573 iter:150] data loss:0.000004, PDE loss:0.000000, physics loss:0.000037
[epoch:573 iter:200] data loss:0.000005, PDE loss:0.000000, physics loss:0.000056
[epoch:573 iter:50] data loss:0.000005, PDE loss:0.000000, physics loss:0.000060
[epoch:574 iter:50] data loss:0.000004, PDE loss:0.000000, physics loss:0.000047
[epoch:574 iter:100] data loss:0.000005, PDE loss:0.000000, physics loss:0.000035
[epoch:574 iter:150] data loss:0.000004, PDE loss:0.000000, physics loss:0.000060
[epoch:574 iter:200] data loss:0.000006, PDE loss:0.000000, physics loss:0.000068
[epoch:574 iter:50] data loss:0.000008, PDE loss:0.000000, physics loss:0.000081
[epoch:575 iter:50] data loss:0.000006, PDE loss:0.000000, physics loss:0.000039
[epoch:575 iter:100] data loss:0.000005, PDE loss:0.000000, physics loss:0.000041
[epoch:575 iter:150] data loss:0.000005, PDE loss:0.000000, physics loss:0.000064
[epoch:575 iter:200] data loss:0.000007, PDE loss:0.000000, physics loss:0.000052
[epoch:575 iter:50] data loss:0.000005, PDE loss:0.000000, physics loss:0.000046
[epoch:576 iter:50] data loss:0.000006, PDE loss:0.000000, physics loss:0.000061
[epoch:576 iter:100] data loss:0.000006, PDE loss:0.000000, physics loss:0.000043
[epoch:576 iter:150] data loss:0.000005, PDE loss:0.000000, physics loss:0.000039
[epoch:576 iter:200] data loss:0.000006, PDE loss:0.000000, physics loss:0.000045
[epoch:576 iter:50] data loss:0.000005, PDE loss:0.000000, physics loss:0.000057
[epoch:577 iter:50] data loss:0.000005, PDE loss:0.000000, physics loss:0.000055
[epoch:577 iter:100] data loss:0.000014, PDE loss:0.000000, physics loss:0.000044
[epoch:577 iter:150] data loss:0.000006, PDE loss:0.000000, physics loss:0.000058
[epoch:577 iter:200] data loss:0.000007, PDE loss:0.000000, physics loss:0.000060
[epoch:577 iter:50] data loss:0.000007, PDE loss:0.000000, physics loss:0.000080
[epoch:578 iter:50] data loss:0.000006, PDE loss:0.000000, physics loss:0.000044
[epoch:578 iter:100] data loss:0.000006, PDE loss:0.000000, physics loss:0.000044
[epoch:578 iter:150] data loss:0.000005, PDE loss:0.000000, physics loss:0.000057
[epoch:578 iter:200] data loss:0.000014, PDE loss:0.000000, physics loss:0.000078
[epoch:578 iter:50] data loss:0.000026, PDE loss:0.000000, physics loss:0.000392
[epoch:579 iter:50] data loss:0.000005, PDE loss:0.000000, physics loss:0.000047
[epoch:579 iter:100] data loss:0.000006, PDE loss:0.000000, physics loss:0.000069
[epoch:579 iter:150] data loss:0.000006, PDE loss:0.000000, physics loss:0.000054
[epoch:579 iter:200] data loss:0.000007, PDE loss:0.000000, physics loss:0.000059
[epoch:579 iter:50] data loss:0.000005, PDE loss:0.000000, physics loss:0.000070
[epoch:580 iter:50] data loss:0.000005, PDE loss:0.000000, physics loss:0.000036
[epoch:580 iter:100] data loss:0.000005, PDE loss:0.000000, physics loss:0.000049
[epoch:580 iter:150] data loss:0.000014, PDE loss:0.000000, physics loss:0.000025
[epoch:580 iter:200] data loss:0.000005, PDE loss:0.000000, physics loss:0.000046
[epoch:580 iter:50] data loss:0.000007, PDE loss:0.000000, physics loss:0.000177
[epoch:581 iter:50] data loss:0.000005, PDE loss:0.000000, physics loss:0.000054
[epoch:581 iter:100] data loss:0.000006, PDE loss:0.000000, physics loss:0.000075
[epoch:581 iter:150] data loss:0.000005, PDE loss:0.000000, physics loss:0.000041
[epoch:581 iter:200] data loss:0.000007, PDE loss:0.000000, physics loss:0.000057
[epoch:581 iter:50] data loss:0.000007, PDE loss:0.000000, physics loss:0.000050
[epoch:582 iter:50] data loss:0.000005, PDE loss:0.000000, physics loss:0.000050
[epoch:582 iter:100] data loss:0.000005, PDE loss:0.000000, physics loss:0.000041
[epoch:582 iter:150] data loss:0.000005, PDE loss:0.000000, physics loss:0.000047
[epoch:582 iter:200] data loss:0.000005, PDE loss:0.000000, physics loss:0.000039
[epoch:582 iter:50] data loss:0.000006, PDE loss:0.000000, physics loss:0.000085
[epoch:583 iter:50] data loss:0.000005, PDE loss:0.000000, physics loss:0.000053
[epoch:583 iter:100] data loss:0.000005, PDE loss:0.000000, physics loss:0.000045
[epoch:583 iter:150] data loss:0.000006, PDE loss:0.000000, physics loss:0.000032
[epoch:583 iter:200] data loss:0.000005, PDE loss:0.000000, physics loss:0.000044
[epoch:583 iter:50] data loss:0.000006, PDE loss:0.000000, physics loss:0.000103
[epoch:584 iter:50] data loss:0.000007, PDE loss:0.000000, physics loss:0.000034
[epoch:584 iter:100] data loss:0.000005, PDE loss:0.000000, physics loss:0.000037
[epoch:584 iter:150] data loss:0.000005, PDE loss:0.000000, physics loss:0.000050
[epoch:584 iter:200] data loss:0.000006, PDE loss:0.000000, physics loss:0.000056
[epoch:584 iter:50] data loss:0.000005, PDE loss:0.000000, physics loss:0.000058
[epoch:585 iter:50] data loss:0.000005, PDE loss:0.000000, physics loss:0.000056
[epoch:585 iter:100] data loss:0.000004, PDE loss:0.000000, physics loss:0.000044
[epoch:585 iter:150] data loss:0.000006, PDE loss:0.000000, physics loss:0.000070
[epoch:585 iter:200] data loss:0.000005, PDE loss:0.000000, physics loss:0.000050
[epoch:585 iter:50] data loss:0.000006, PDE loss:0.000000, physics loss:0.000043
[epoch:586 iter:50] data loss:0.000005, PDE loss:0.000000, physics loss:0.000034
[epoch:586 iter:100] data loss:0.000005, PDE loss:0.000000, physics loss:0.000040
[epoch:586 iter:150] data loss:0.000005, PDE loss:0.000000, physics loss:0.000045
[epoch:586 iter:200] data loss:0.000005, PDE loss:0.000000, physics loss:0.000042
[epoch:586 iter:50] data loss:0.000006, PDE loss:0.000000, physics loss:0.000083
[epoch:587 iter:50] data loss:0.000007, PDE loss:0.000000, physics loss:0.000059
[epoch:587 iter:100] data loss:0.000006, PDE loss:0.000000, physics loss:0.000046
[epoch:587 iter:150] data loss:0.000006, PDE loss:0.000000, physics loss:0.000038
[epoch:587 iter:200] data loss:0.000005, PDE loss:0.000000, physics loss:0.000059
[epoch:587 iter:50] data loss:0.000005, PDE loss:0.000000, physics loss:0.000043
[epoch:588 iter:50] data loss:0.000005, PDE loss:0.000000, physics loss:0.000072
[epoch:588 iter:100] data loss:0.000016, PDE loss:0.000000, physics loss:0.000035
[epoch:588 iter:150] data loss:0.000006, PDE loss:0.000000, physics loss:0.000039
[epoch:588 iter:200] data loss:0.000006, PDE loss:0.000000, physics loss:0.000043
[epoch:588 iter:50] data loss:0.000005, PDE loss:0.000000, physics loss:0.000078
[epoch:589 iter:50] data loss:0.000006, PDE loss:0.000000, physics loss:0.000056
[epoch:589 iter:100] data loss:0.000006, PDE loss:0.000000, physics loss:0.000036
[epoch:589 iter:150] data loss:0.000005, PDE loss:0.000000, physics loss:0.000068
[epoch:589 iter:200] data loss:0.000005, PDE loss:0.000000, physics loss:0.000033
[epoch:589 iter:50] data loss:0.000004, PDE loss:0.000000, physics loss:0.000058
[epoch:590 iter:50] data loss:0.000005, PDE loss:0.000000, physics loss:0.000052
[epoch:590 iter:100] data loss:0.000004, PDE loss:0.000000, physics loss:0.000054
[epoch:590 iter:150] data loss:0.000005, PDE loss:0.000000, physics loss:0.000046
[epoch:590 iter:200] data loss:0.000006, PDE loss:0.000000, physics loss:0.000038
[epoch:590 iter:50] data loss:0.000006, PDE loss:0.000000, physics loss:0.000049
[epoch:591 iter:50] data loss:0.000006, PDE loss:0.000000, physics loss:0.000059
[epoch:591 iter:100] data loss:0.000005, PDE loss:0.000000, physics loss:0.000066
[epoch:591 iter:150] data loss:0.000005, PDE loss:0.000000, physics loss:0.000055
[epoch:591 iter:200] data loss:0.000006, PDE loss:0.000000, physics loss:0.000059
[epoch:591 iter:50] data loss:0.000006, PDE loss:0.000000, physics loss:0.000067
[epoch:592 iter:50] data loss:0.000005, PDE loss:0.000000, physics loss:0.000064
[epoch:592 iter:100] data loss:0.000006, PDE loss:0.000000, physics loss:0.000061
[epoch:592 iter:150] data loss:0.000005, PDE loss:0.000000, physics loss:0.000043
[epoch:592 iter:200] data loss:0.000005, PDE loss:0.000000, physics loss:0.000042
[epoch:592 iter:50] data loss:0.000005, PDE loss:0.000000, physics loss:0.000072
[epoch:593 iter:50] data loss:0.000005, PDE loss:0.000000, physics loss:0.000054
[epoch:593 iter:100] data loss:0.000005, PDE loss:0.000000, physics loss:0.000048
[epoch:593 iter:150] data loss:0.000004, PDE loss:0.000000, physics loss:0.000040
[epoch:593 iter:200] data loss:0.000005, PDE loss:0.000000, physics loss:0.000039
[epoch:593 iter:50] data loss:0.000007, PDE loss:0.000000, physics loss:0.000057
[epoch:594 iter:50] data loss:0.000006, PDE loss:0.000000, physics loss:0.000059
[epoch:594 iter:100] data loss:0.000005, PDE loss:0.000000, physics loss:0.000043
[epoch:594 iter:150] data loss:0.000005, PDE loss:0.000000, physics loss:0.000053
[epoch:594 iter:200] data loss:0.000006, PDE loss:0.000000, physics loss:0.000041
[epoch:594 iter:50] data loss:0.000007, PDE loss:0.000000, physics loss:0.000055
[epoch:595 iter:50] data loss:0.000006, PDE loss:0.000000, physics loss:0.000048
[epoch:595 iter:100] data loss:0.000005, PDE loss:0.000000, physics loss:0.000065
[epoch:595 iter:150] data loss:0.000006, PDE loss:0.000000, physics loss:0.000045
[epoch:595 iter:200] data loss:0.000005, PDE loss:0.000000, physics loss:0.000048
[epoch:595 iter:50] data loss:0.000006, PDE loss:0.000000, physics loss:0.000068
[epoch:596 iter:50] data loss:0.000006, PDE loss:0.000000, physics loss:0.000070
[epoch:596 iter:100] data loss:0.000005, PDE loss:0.000000, physics loss:0.000055
[epoch:596 iter:150] data loss:0.000005, PDE loss:0.000000, physics loss:0.000045
[epoch:596 iter:200] data loss:0.000006, PDE loss:0.000000, physics loss:0.000048
[epoch:596 iter:50] data loss:0.000005, PDE loss:0.000000, physics loss:0.000060
[epoch:597 iter:50] data loss:0.000005, PDE loss:0.000000, physics loss:0.000049
[epoch:597 iter:100] data loss:0.000006, PDE loss:0.000000, physics loss:0.000052
[epoch:597 iter:150] data loss:0.000005, PDE loss:0.000000, physics loss:0.000048
[epoch:597 iter:200] data loss:0.000005, PDE loss:0.000000, physics loss:0.000044
[epoch:597 iter:50] data loss:0.000007, PDE loss:0.000000, physics loss:0.000054
[epoch:598 iter:50] data loss:0.000005, PDE loss:0.000000, physics loss:0.000051
[epoch:598 iter:100] data loss:0.000005, PDE loss:0.000000, physics loss:0.000034
[epoch:598 iter:150] data loss:0.000006, PDE loss:0.000000, physics loss:0.000051
[epoch:598 iter:200] data loss:0.000006, PDE loss:0.000000, physics loss:0.000048
[epoch:598 iter:50] data loss:0.000009, PDE loss:0.000000, physics loss:0.000092
[epoch:599 iter:50] data loss:0.000005, PDE loss:0.000000, physics loss:0.000042
[epoch:599 iter:100] data loss:0.000006, PDE loss:0.000000, physics loss:0.000058
[epoch:599 iter:150] data loss:0.000004, PDE loss:0.000000, physics loss:0.000029
[epoch:599 iter:200] data loss:0.000006, PDE loss:0.000000, physics loss:0.000054
[epoch:599 iter:50] data loss:0.000006, PDE loss:0.000000, physics loss:0.000058
[epoch:600 iter:50] data loss:0.000006, PDE loss:0.000000, physics loss:0.000040
[epoch:600 iter:100] data loss:0.000006, PDE loss:0.000000, physics loss:0.000049
[epoch:600 iter:150] data loss:0.000005, PDE loss:0.000000, physics loss:0.000057
[epoch:600 iter:200] data loss:0.000005, PDE loss:0.000000, physics loss:0.000040
[epoch:600 iter:50] data loss:0.000005, PDE loss:0.000000, physics loss:0.000057
[epoch:601 iter:50] data loss:0.000005, PDE loss:0.000000, physics loss:0.000067
[epoch:601 iter:100] data loss:0.000006, PDE loss:0.000000, physics loss:0.000063
[epoch:601 iter:150] data loss:0.000005, PDE loss:0.000000, physics loss:0.000054
[epoch:601 iter:200] data loss:0.000006, PDE loss:0.000000, physics loss:0.000068
[epoch:601 iter:50] data loss:0.000007, PDE loss:0.000000, physics loss:0.000154
[epoch:602 iter:50] data loss:0.000004, PDE loss:0.000000, physics loss:0.000038
[epoch:602 iter:100] data loss:0.000005, PDE loss:0.000000, physics loss:0.000042
[epoch:602 iter:150] data loss:0.000005, PDE loss:0.000000, physics loss:0.000047
[epoch:602 iter:200] data loss:0.000005, PDE loss:0.000000, physics loss:0.000034
[epoch:602 iter:50] data loss:0.000006, PDE loss:0.000000, physics loss:0.000072
[epoch:603 iter:50] data loss:0.000006, PDE loss:0.000000, physics loss:0.000053
[epoch:603 iter:100] data loss:0.000005, PDE loss:0.000000, physics loss:0.000031
[epoch:603 iter:150] data loss:0.000005, PDE loss:0.000000, physics loss:0.000041
[epoch:603 iter:200] data loss:0.000006, PDE loss:0.000000, physics loss:0.000057
[epoch:603 iter:50] data loss:0.000007, PDE loss:0.000000, physics loss:0.000052
[epoch:604 iter:50] data loss:0.000005, PDE loss:0.000000, physics loss:0.000045
[epoch:604 iter:100] data loss:0.000005, PDE loss:0.000000, physics loss:0.000043
[epoch:604 iter:150] data loss:0.000005, PDE loss:0.000000, physics loss:0.000039
[epoch:604 iter:200] data loss:0.000006, PDE loss:0.000000, physics loss:0.000080
[epoch:604 iter:50] data loss:0.000016, PDE loss:0.000000, physics loss:0.000073
[epoch:605 iter:50] data loss:0.000006, PDE loss:0.000000, physics loss:0.000071
[epoch:605 iter:100] data loss:0.000007, PDE loss:0.000000, physics loss:0.000059
[epoch:605 iter:150] data loss:0.000005, PDE loss:0.000000, physics loss:0.000040
[epoch:605 iter:200] data loss:0.000005, PDE loss:0.000000, physics loss:0.000049
[epoch:605 iter:50] data loss:0.000005, PDE loss:0.000000, physics loss:0.000071
[epoch:606 iter:50] data loss:0.000006, PDE loss:0.000000, physics loss:0.000039
[epoch:606 iter:100] data loss:0.000006, PDE loss:0.000000, physics loss:0.000048
[epoch:606 iter:150] data loss:0.000007, PDE loss:0.000000, physics loss:0.000042
[epoch:606 iter:200] data loss:0.000006, PDE loss:0.000000, physics loss:0.000047
[epoch:606 iter:50] data loss:0.000006, PDE loss:0.000000, physics loss:0.000048
[epoch:607 iter:50] data loss:0.000006, PDE loss:0.000000, physics loss:0.000036
[epoch:607 iter:100] data loss:0.000006, PDE loss:0.000000, physics loss:0.000042
[epoch:607 iter:150] data loss:0.000006, PDE loss:0.000000, physics loss:0.000040
[epoch:607 iter:200] data loss:0.000005, PDE loss:0.000000, physics loss:0.000064
[epoch:607 iter:50] data loss:0.000006, PDE loss:0.000000, physics loss:0.000083
[epoch:608 iter:50] data loss:0.000005, PDE loss:0.000000, physics loss:0.000045
[epoch:608 iter:100] data loss:0.000006, PDE loss:0.000000, physics loss:0.000043
[epoch:608 iter:150] data loss:0.000005, PDE loss:0.000000, physics loss:0.000054
[epoch:608 iter:200] data loss:0.000005, PDE loss:0.000000, physics loss:0.000048
[epoch:608 iter:50] data loss:0.000006, PDE loss:0.000000, physics loss:0.000087
[epoch:609 iter:50] data loss:0.000005, PDE loss:0.000000, physics loss:0.000041
[epoch:609 iter:100] data loss:0.000005, PDE loss:0.000000, physics loss:0.000047
[epoch:609 iter:150] data loss:0.000005, PDE loss:0.000000, physics loss:0.000042
[epoch:609 iter:200] data loss:0.000005, PDE loss:0.000000, physics loss:0.000042
[epoch:609 iter:50] data loss:0.000007, PDE loss:0.000000, physics loss:0.000053
[epoch:610 iter:50] data loss:0.000005, PDE loss:0.000000, physics loss:0.000056
[epoch:610 iter:100] data loss:0.000005, PDE loss:0.000000, physics loss:0.000051
[epoch:610 iter:150] data loss:0.000007, PDE loss:0.000000, physics loss:0.000038
[epoch:610 iter:200] data loss:0.000005, PDE loss:0.000000, physics loss:0.000041
[epoch:610 iter:50] data loss:0.000006, PDE loss:0.000000, physics loss:0.000070
[epoch:611 iter:50] data loss:0.000005, PDE loss:0.000000, physics loss:0.000042
[epoch:611 iter:100] data loss:0.000005, PDE loss:0.000000, physics loss:0.000039
[epoch:611 iter:150] data loss:0.000005, PDE loss:0.000000, physics loss:0.000062
[epoch:611 iter:200] data loss:0.000006, PDE loss:0.000000, physics loss:0.000049
[epoch:611 iter:50] data loss:0.000005, PDE loss:0.000000, physics loss:0.000062
[epoch:612 iter:50] data loss:0.000005, PDE loss:0.000000, physics loss:0.000059
[epoch:612 iter:100] data loss:0.000006, PDE loss:0.000000, physics loss:0.000054
[epoch:612 iter:150] data loss:0.000006, PDE loss:0.000000, physics loss:0.000056
[epoch:612 iter:200] data loss:0.000005, PDE loss:0.000000, physics loss:0.000049
[epoch:612 iter:50] data loss:0.000005, PDE loss:0.000000, physics loss:0.000058
[epoch:613 iter:50] data loss:0.000004, PDE loss:0.000000, physics loss:0.000032
[epoch:613 iter:100] data loss:0.000005, PDE loss:0.000000, physics loss:0.000039
[epoch:613 iter:150] data loss:0.000005, PDE loss:0.000000, physics loss:0.000042
[epoch:613 iter:200] data loss:0.000006, PDE loss:0.000000, physics loss:0.000048
[epoch:613 iter:50] data loss:0.000006, PDE loss:0.000000, physics loss:0.000096
[epoch:614 iter:50] data loss:0.000004, PDE loss:0.000000, physics loss:0.000032
[epoch:614 iter:100] data loss:0.000005, PDE loss:0.000000, physics loss:0.000056
[epoch:614 iter:150] data loss:0.000005, PDE loss:0.000000, physics loss:0.000059
[epoch:614 iter:200] data loss:0.000006, PDE loss:0.000000, physics loss:0.000063
[epoch:614 iter:50] data loss:0.000005, PDE loss:0.000000, physics loss:0.000061
[epoch:615 iter:50] data loss:0.000005, PDE loss:0.000000, physics loss:0.000049
[epoch:615 iter:100] data loss:0.000005, PDE loss:0.000000, physics loss:0.000032
[epoch:615 iter:150] data loss:0.000012, PDE loss:0.000000, physics loss:0.000047
[epoch:615 iter:200] data loss:0.000005, PDE loss:0.000000, physics loss:0.000064
[epoch:615 iter:50] data loss:0.000006, PDE loss:0.000000, physics loss:0.000045
[epoch:616 iter:50] data loss:0.000005, PDE loss:0.000000, physics loss:0.000054
[epoch:616 iter:100] data loss:0.000005, PDE loss:0.000000, physics loss:0.000030
[epoch:616 iter:150] data loss:0.000006, PDE loss:0.000000, physics loss:0.000039
[epoch:616 iter:200] data loss:0.000006, PDE loss:0.000000, physics loss:0.000059
[epoch:616 iter:50] data loss:0.000004, PDE loss:0.000000, physics loss:0.000066
[epoch:617 iter:50] data loss:0.000005, PDE loss:0.000000, physics loss:0.000038
[epoch:617 iter:100] data loss:0.000006, PDE loss:0.000000, physics loss:0.000034
[epoch:617 iter:150] data loss:0.000005, PDE loss:0.000000, physics loss:0.000041
[epoch:617 iter:200] data loss:0.000004, PDE loss:0.000000, physics loss:0.000045
[epoch:617 iter:50] data loss:0.000027, PDE loss:0.000000, physics loss:0.000820
[epoch:618 iter:50] data loss:0.000010, PDE loss:0.000000, physics loss:0.000426
[epoch:618 iter:100] data loss:0.000005, PDE loss:0.000000, physics loss:0.000044
[epoch:618 iter:150] data loss:0.000006, PDE loss:0.000000, physics loss:0.000050
[epoch:618 iter:200] data loss:0.000005, PDE loss:0.000000, physics loss:0.000052
[epoch:618 iter:50] data loss:0.000007, PDE loss:0.000000, physics loss:0.000064
[epoch:619 iter:50] data loss:0.000009, PDE loss:0.000000, physics loss:0.000046
[epoch:619 iter:100] data loss:0.000006, PDE loss:0.000000, physics loss:0.000071
[epoch:619 iter:150] data loss:0.000005, PDE loss:0.000000, physics loss:0.000049
[epoch:619 iter:200] data loss:0.000005, PDE loss:0.000000, physics loss:0.000058
[epoch:619 iter:50] data loss:0.000008, PDE loss:0.000000, physics loss:0.000055
[epoch:620 iter:50] data loss:0.000005, PDE loss:0.000000, physics loss:0.000043
[epoch:620 iter:100] data loss:0.000005, PDE loss:0.000000, physics loss:0.000044
[epoch:620 iter:150] data loss:0.000006, PDE loss:0.000000, physics loss:0.000064
[epoch:620 iter:200] data loss:0.000005, PDE loss:0.000000, physics loss:0.000033
[epoch:620 iter:50] data loss:0.000005, PDE loss:0.000000, physics loss:0.000058
[epoch:621 iter:50] data loss:0.000006, PDE loss:0.000000, physics loss:0.000052
[epoch:621 iter:100] data loss:0.000005, PDE loss:0.000000, physics loss:0.000053
[epoch:621 iter:150] data loss:0.000006, PDE loss:0.000000, physics loss:0.000046
[epoch:621 iter:200] data loss:0.000005, PDE loss:0.000000, physics loss:0.000047
[epoch:621 iter:50] data loss:0.000006, PDE loss:0.000000, physics loss:0.000053
[epoch:622 iter:50] data loss:0.000006, PDE loss:0.000000, physics loss:0.000033
[epoch:622 iter:100] data loss:0.000006, PDE loss:0.000000, physics loss:0.000044
[epoch:622 iter:150] data loss:0.000005, PDE loss:0.000000, physics loss:0.000064
[epoch:622 iter:200] data loss:0.000005, PDE loss:0.000000, physics loss:0.000051
[epoch:622 iter:50] data loss:0.000005, PDE loss:0.000000, physics loss:0.000058
[epoch:623 iter:50] data loss:0.000006, PDE loss:0.000000, physics loss:0.000042
[epoch:623 iter:100] data loss:0.000004, PDE loss:0.000000, physics loss:0.000044
[epoch:623 iter:150] data loss:0.000007, PDE loss:0.000000, physics loss:0.000082
[epoch:623 iter:200] data loss:0.000005, PDE loss:0.000000, physics loss:0.000047
[epoch:623 iter:50] data loss:0.000006, PDE loss:0.000000, physics loss:0.000073
[epoch:624 iter:50] data loss:0.000007, PDE loss:0.000000, physics loss:0.000067
[epoch:624 iter:100] data loss:0.000006, PDE loss:0.000000, physics loss:0.000056
[epoch:624 iter:150] data loss:0.000005, PDE loss:0.000000, physics loss:0.000057
[epoch:624 iter:200] data loss:0.000005, PDE loss:0.000000, physics loss:0.000036
[epoch:624 iter:50] data loss:0.000006, PDE loss:0.000000, physics loss:0.000055
[epoch:625 iter:50] data loss:0.000005, PDE loss:0.000000, physics loss:0.000052
[epoch:625 iter:100] data loss:0.000006, PDE loss:0.000000, physics loss:0.000031
[epoch:625 iter:150] data loss:0.000005, PDE loss:0.000000, physics loss:0.000075
[epoch:625 iter:200] data loss:0.000005, PDE loss:0.000000, physics loss:0.000062
[epoch:625 iter:50] data loss:0.000007, PDE loss:0.000000, physics loss:0.000061
[epoch:626 iter:50] data loss:0.000006, PDE loss:0.000000, physics loss:0.000051
[epoch:626 iter:100] data loss:0.000005, PDE loss:0.000000, physics loss:0.000053
[epoch:626 iter:150] data loss:0.000005, PDE loss:0.000000, physics loss:0.000054
[epoch:626 iter:200] data loss:0.000005, PDE loss:0.000000, physics loss:0.000032
[epoch:626 iter:50] data loss:0.000007, PDE loss:0.000000, physics loss:0.000050
[epoch:627 iter:50] data loss:0.000006, PDE loss:0.000000, physics loss:0.000046
[epoch:627 iter:100] data loss:0.000004, PDE loss:0.000000, physics loss:0.000031
[epoch:627 iter:150] data loss:0.000005, PDE loss:0.000000, physics loss:0.000037
[epoch:627 iter:200] data loss:0.000006, PDE loss:0.000000, physics loss:0.000048
[epoch:627 iter:50] data loss:0.000014, PDE loss:0.000000, physics loss:0.000091
[epoch:628 iter:50] data loss:0.000006, PDE loss:0.000000, physics loss:0.000053
[epoch:628 iter:100] data loss:0.000006, PDE loss:0.000000, physics loss:0.000065
[epoch:628 iter:150] data loss:0.000011, PDE loss:0.000000, physics loss:0.000039
[epoch:628 iter:200] data loss:0.000005, PDE loss:0.000000, physics loss:0.000047
[epoch:628 iter:50] data loss:0.000005, PDE loss:0.000000, physics loss:0.000055
[epoch:629 iter:50] data loss:0.000005, PDE loss:0.000000, physics loss:0.000048
[epoch:629 iter:100] data loss:0.000007, PDE loss:0.000000, physics loss:0.000051
[epoch:629 iter:150] data loss:0.000005, PDE loss:0.000000, physics loss:0.000043
[epoch:629 iter:200] data loss:0.000005, PDE loss:0.000000, physics loss:0.000041
[epoch:629 iter:50] data loss:0.000006, PDE loss:0.000000, physics loss:0.000042
[epoch:630 iter:50] data loss:0.000006, PDE loss:0.000000, physics loss:0.000045
[epoch:630 iter:100] data loss:0.000005, PDE loss:0.000000, physics loss:0.000053
[epoch:630 iter:150] data loss:0.000005, PDE loss:0.000000, physics loss:0.000057
[epoch:630 iter:200] data loss:0.000006, PDE loss:0.000000, physics loss:0.000054
[epoch:630 iter:50] data loss:0.000007, PDE loss:0.000000, physics loss:0.000082
[epoch:631 iter:50] data loss:0.000005, PDE loss:0.000000, physics loss:0.000033
[epoch:631 iter:100] data loss:0.000005, PDE loss:0.000000, physics loss:0.000050
[epoch:631 iter:150] data loss:0.000006, PDE loss:0.000000, physics loss:0.000051
[epoch:631 iter:200] data loss:0.000004, PDE loss:0.000000, physics loss:0.000050
[epoch:631 iter:50] data loss:0.000006, PDE loss:0.000000, physics loss:0.000087
[epoch:632 iter:50] data loss:0.000005, PDE loss:0.000000, physics loss:0.000049
[epoch:632 iter:100] data loss:0.000005, PDE loss:0.000000, physics loss:0.000055
[epoch:632 iter:150] data loss:0.000006, PDE loss:0.000000, physics loss:0.000044
[epoch:632 iter:200] data loss:0.000006, PDE loss:0.000000, physics loss:0.000036
[epoch:632 iter:50] data loss:0.000005, PDE loss:0.000000, physics loss:0.000051
[epoch:633 iter:50] data loss:0.000005, PDE loss:0.000000, physics loss:0.000053
[epoch:633 iter:100] data loss:0.000006, PDE loss:0.000000, physics loss:0.000059
[epoch:633 iter:150] data loss:0.000005, PDE loss:0.000000, physics loss:0.000023
[epoch:633 iter:200] data loss:0.000005, PDE loss:0.000000, physics loss:0.000039
[epoch:633 iter:50] data loss:0.000005, PDE loss:0.000000, physics loss:0.000060
[epoch:634 iter:50] data loss:0.000005, PDE loss:0.000000, physics loss:0.000075
[epoch:634 iter:100] data loss:0.000005, PDE loss:0.000000, physics loss:0.000040
[epoch:634 iter:150] data loss:0.000005, PDE loss:0.000000, physics loss:0.000046
[epoch:634 iter:200] data loss:0.000005, PDE loss:0.000000, physics loss:0.000033
[epoch:634 iter:50] data loss:0.000018, PDE loss:0.000000, physics loss:0.000061
[epoch:635 iter:50] data loss:0.000008, PDE loss:0.000000, physics loss:0.000041
[epoch:635 iter:100] data loss:0.000006, PDE loss:0.000000, physics loss:0.000062
[epoch:635 iter:150] data loss:0.000004, PDE loss:0.000000, physics loss:0.000038
[epoch:635 iter:200] data loss:0.000006, PDE loss:0.000000, physics loss:0.000044
[epoch:635 iter:50] data loss:0.000006, PDE loss:0.000000, physics loss:0.000064
[epoch:636 iter:50] data loss:0.000007, PDE loss:0.000000, physics loss:0.000039
[epoch:636 iter:100] data loss:0.000005, PDE loss:0.000000, physics loss:0.000044
[epoch:636 iter:150] data loss:0.000007, PDE loss:0.000000, physics loss:0.000047
[epoch:636 iter:200] data loss:0.000005, PDE loss:0.000000, physics loss:0.000039
[epoch:636 iter:50] data loss:0.000005, PDE loss:0.000000, physics loss:0.000055
[epoch:637 iter:50] data loss:0.000006, PDE loss:0.000000, physics loss:0.000074
[epoch:637 iter:100] data loss:0.000005, PDE loss:0.000000, physics loss:0.000052
[epoch:637 iter:150] data loss:0.000004, PDE loss:0.000000, physics loss:0.000045
[epoch:637 iter:200] data loss:0.000006, PDE loss:0.000000, physics loss:0.000040
[epoch:637 iter:50] data loss:0.000005, PDE loss:0.000000, physics loss:0.000070
[epoch:638 iter:50] data loss:0.000005, PDE loss:0.000000, physics loss:0.000036
[epoch:638 iter:100] data loss:0.000006, PDE loss:0.000000, physics loss:0.000052
[epoch:638 iter:150] data loss:0.000005, PDE loss:0.000000, physics loss:0.000052
[epoch:638 iter:200] data loss:0.000006, PDE loss:0.000000, physics loss:0.000051
[epoch:638 iter:50] data loss:0.000010, PDE loss:0.000000, physics loss:0.000048
[epoch:639 iter:50] data loss:0.000004, PDE loss:0.000000, physics loss:0.000032
[epoch:639 iter:100] data loss:0.000004, PDE loss:0.000000, physics loss:0.000037
[epoch:639 iter:150] data loss:0.000006, PDE loss:0.000000, physics loss:0.000047
[epoch:639 iter:200] data loss:0.000005, PDE loss:0.000000, physics loss:0.000056
[epoch:639 iter:50] data loss:0.000028, PDE loss:0.000000, physics loss:0.000409
[epoch:640 iter:50] data loss:0.000005, PDE loss:0.000000, physics loss:0.000041
[epoch:640 iter:100] data loss:0.000005, PDE loss:0.000000, physics loss:0.000043
[epoch:640 iter:150] data loss:0.000006, PDE loss:0.000000, physics loss:0.000077
[epoch:640 iter:200] data loss:0.000006, PDE loss:0.000000, physics loss:0.000053
[epoch:640 iter:50] data loss:0.000005, PDE loss:0.000000, physics loss:0.000069
[epoch:641 iter:50] data loss:0.000005, PDE loss:0.000000, physics loss:0.000051
[epoch:641 iter:100] data loss:0.000006, PDE loss:0.000000, physics loss:0.000070
[epoch:641 iter:150] data loss:0.000006, PDE loss:0.000000, physics loss:0.000063
[epoch:641 iter:200] data loss:0.000005, PDE loss:0.000000, physics loss:0.000046
[epoch:641 iter:50] data loss:0.000004, PDE loss:0.000000, physics loss:0.000055
[epoch:642 iter:50] data loss:0.000005, PDE loss:0.000000, physics loss:0.000047
[epoch:642 iter:100] data loss:0.000005, PDE loss:0.000000, physics loss:0.000061
[epoch:642 iter:150] data loss:0.000005, PDE loss:0.000000, physics loss:0.000059
[epoch:642 iter:200] data loss:0.000005, PDE loss:0.000000, physics loss:0.000038
[epoch:642 iter:50] data loss:0.000015, PDE loss:0.000000, physics loss:0.000064
[epoch:643 iter:50] data loss:0.000005, PDE loss:0.000000, physics loss:0.000042
[epoch:643 iter:100] data loss:0.000004, PDE loss:0.000000, physics loss:0.000030
[epoch:643 iter:150] data loss:0.000005, PDE loss:0.000000, physics loss:0.000045
[epoch:643 iter:200] data loss:0.000006, PDE loss:0.000000, physics loss:0.000039
[epoch:643 iter:50] data loss:0.000010, PDE loss:0.000000, physics loss:0.000095
[epoch:644 iter:50] data loss:0.000005, PDE loss:0.000000, physics loss:0.000066
[epoch:644 iter:100] data loss:0.000011, PDE loss:0.000000, physics loss:0.000055
[epoch:644 iter:150] data loss:0.000005, PDE loss:0.000000, physics loss:0.000047
[epoch:644 iter:200] data loss:0.000005, PDE loss:0.000000, physics loss:0.000041
[epoch:644 iter:50] data loss:0.000004, PDE loss:0.000000, physics loss:0.000041
[epoch:645 iter:50] data loss:0.000004, PDE loss:0.000000, physics loss:0.000044
[epoch:645 iter:100] data loss:0.000005, PDE loss:0.000000, physics loss:0.000044
[epoch:645 iter:150] data loss:0.000006, PDE loss:0.000000, physics loss:0.000049
[epoch:645 iter:200] data loss:0.000005, PDE loss:0.000000, physics loss:0.000062
[epoch:645 iter:50] data loss:0.000007, PDE loss:0.000000, physics loss:0.000049
[epoch:646 iter:50] data loss:0.000006, PDE loss:0.000000, physics loss:0.000053
[epoch:646 iter:100] data loss:0.000005, PDE loss:0.000000, physics loss:0.000056
[epoch:646 iter:150] data loss:0.000005, PDE loss:0.000000, physics loss:0.000047
[epoch:646 iter:200] data loss:0.000005, PDE loss:0.000000, physics loss:0.000042
[epoch:646 iter:50] data loss:0.000004, PDE loss:0.000000, physics loss:0.000076
[epoch:647 iter:50] data loss:0.000005, PDE loss:0.000000, physics loss:0.000059
[epoch:647 iter:100] data loss:0.000005, PDE loss:0.000000, physics loss:0.000030
[epoch:647 iter:150] data loss:0.000006, PDE loss:0.000000, physics loss:0.000042
[epoch:647 iter:200] data loss:0.000006, PDE loss:0.000000, physics loss:0.000040
[epoch:647 iter:50] data loss:0.000004, PDE loss:0.000000, physics loss:0.000058
[epoch:648 iter:50] data loss:0.000006, PDE loss:0.000000, physics loss:0.000051
[epoch:648 iter:100] data loss:0.000005, PDE loss:0.000000, physics loss:0.000037
[epoch:648 iter:150] data loss:0.000006, PDE loss:0.000000, physics loss:0.000057
[epoch:648 iter:200] data loss:0.000012, PDE loss:0.000000, physics loss:0.000070
[epoch:648 iter:50] data loss:0.000005, PDE loss:0.000000, physics loss:0.000071
[epoch:649 iter:50] data loss:0.000005, PDE loss:0.000000, physics loss:0.000042
[epoch:649 iter:100] data loss:0.000005, PDE loss:0.000000, physics loss:0.000040
[epoch:649 iter:150] data loss:0.000005, PDE loss:0.000000, physics loss:0.000050
[epoch:649 iter:200] data loss:0.000005, PDE loss:0.000000, physics loss:0.000048
[epoch:649 iter:50] data loss:0.000007, PDE loss:0.000000, physics loss:0.000064
[epoch:650 iter:50] data loss:0.000006, PDE loss:0.000000, physics loss:0.000038
[epoch:650 iter:100] data loss:0.000006, PDE loss:0.000000, physics loss:0.000046
[epoch:650 iter:150] data loss:0.000005, PDE loss:0.000000, physics loss:0.000054
[epoch:650 iter:200] data loss:0.000005, PDE loss:0.000000, physics loss:0.000060
[epoch:650 iter:50] data loss:0.000007, PDE loss:0.000000, physics loss:0.000078
[epoch:651 iter:50] data loss:0.000005, PDE loss:0.000000, physics loss:0.000051
[epoch:651 iter:100] data loss:0.000005, PDE loss:0.000000, physics loss:0.000035
[epoch:651 iter:150] data loss:0.000008, PDE loss:0.000000, physics loss:0.000054
[epoch:651 iter:200] data loss:0.000007, PDE loss:0.000000, physics loss:0.000056
[epoch:651 iter:50] data loss:0.000016, PDE loss:0.000000, physics loss:0.000051
[epoch:652 iter:50] data loss:0.000005, PDE loss:0.000000, physics loss:0.000056
[epoch:652 iter:100] data loss:0.000005, PDE loss:0.000000, physics loss:0.000053
[epoch:652 iter:150] data loss:0.000005, PDE loss:0.000000, physics loss:0.000022
[epoch:652 iter:200] data loss:0.000006, PDE loss:0.000000, physics loss:0.000037
[epoch:652 iter:50] data loss:0.000006, PDE loss:0.000000, physics loss:0.000067
[epoch:653 iter:50] data loss:0.000005, PDE loss:0.000000, physics loss:0.000044
[epoch:653 iter:100] data loss:0.000006, PDE loss:0.000000, physics loss:0.000045
[epoch:653 iter:150] data loss:0.000005, PDE loss:0.000000, physics loss:0.000058
[epoch:653 iter:200] data loss:0.000005, PDE loss:0.000000, physics loss:0.000039
[epoch:653 iter:50] data loss:0.000006, PDE loss:0.000000, physics loss:0.000180
[epoch:654 iter:50] data loss:0.000005, PDE loss:0.000000, physics loss:0.000050
[epoch:654 iter:100] data loss:0.000005, PDE loss:0.000000, physics loss:0.000041
[epoch:654 iter:150] data loss:0.000006, PDE loss:0.000000, physics loss:0.000046
[epoch:654 iter:200] data loss:0.000005, PDE loss:0.000000, physics loss:0.000040
[epoch:654 iter:50] data loss:0.000005, PDE loss:0.000000, physics loss:0.000067
[epoch:655 iter:50] data loss:0.000005, PDE loss:0.000000, physics loss:0.000040
[epoch:655 iter:100] data loss:0.000004, PDE loss:0.000000, physics loss:0.000037
[epoch:655 iter:150] data loss:0.000005, PDE loss:0.000000, physics loss:0.000039
[epoch:655 iter:200] data loss:0.000005, PDE loss:0.000000, physics loss:0.000047
[epoch:655 iter:50] data loss:0.000006, PDE loss:0.000000, physics loss:0.000142
[epoch:656 iter:50] data loss:0.000005, PDE loss:0.000000, physics loss:0.000055
[epoch:656 iter:100] data loss:0.000005, PDE loss:0.000000, physics loss:0.000054
[epoch:656 iter:150] data loss:0.000006, PDE loss:0.000000, physics loss:0.000041
[epoch:656 iter:200] data loss:0.000006, PDE loss:0.000000, physics loss:0.000055
[epoch:656 iter:50] data loss:0.000005, PDE loss:0.000000, physics loss:0.000067
[epoch:657 iter:50] data loss:0.000006, PDE loss:0.000000, physics loss:0.000042
[epoch:657 iter:100] data loss:0.000006, PDE loss:0.000000, physics loss:0.000071
[epoch:657 iter:150] data loss:0.000005, PDE loss:0.000000, physics loss:0.000055
[epoch:657 iter:200] data loss:0.000005, PDE loss:0.000000, physics loss:0.000050
[epoch:657 iter:50] data loss:0.000007, PDE loss:0.000000, physics loss:0.000057
[epoch:658 iter:50] data loss:0.000006, PDE loss:0.000000, physics loss:0.000043
[epoch:658 iter:100] data loss:0.000005, PDE loss:0.000000, physics loss:0.000055
[epoch:658 iter:150] data loss:0.000006, PDE loss:0.000000, physics loss:0.000077
[epoch:658 iter:200] data loss:0.000006, PDE loss:0.000000, physics loss:0.000048
[epoch:658 iter:50] data loss:0.000006, PDE loss:0.000000, physics loss:0.000041
[epoch:659 iter:50] data loss:0.000005, PDE loss:0.000000, physics loss:0.000040
[epoch:659 iter:100] data loss:0.000005, PDE loss:0.000000, physics loss:0.000043
[epoch:659 iter:150] data loss:0.000006, PDE loss:0.000000, physics loss:0.000062
[epoch:659 iter:200] data loss:0.000004, PDE loss:0.000000, physics loss:0.000027
[epoch:659 iter:50] data loss:0.000004, PDE loss:0.000000, physics loss:0.000143
[epoch:660 iter:50] data loss:0.000006, PDE loss:0.000000, physics loss:0.000040
[epoch:660 iter:100] data loss:0.000005, PDE loss:0.000000, physics loss:0.000047
[epoch:660 iter:150] data loss:0.000005, PDE loss:0.000000, physics loss:0.000040
[epoch:660 iter:200] data loss:0.000006, PDE loss:0.000000, physics loss:0.000071
[epoch:660 iter:50] data loss:0.000008, PDE loss:0.000000, physics loss:0.000065
[epoch:661 iter:50] data loss:0.000005, PDE loss:0.000000, physics loss:0.000051
[epoch:661 iter:100] data loss:0.000006, PDE loss:0.000000, physics loss:0.000038
[epoch:661 iter:150] data loss:0.000004, PDE loss:0.000000, physics loss:0.000079
[epoch:661 iter:200] data loss:0.000005, PDE loss:0.000000, physics loss:0.000043
[epoch:661 iter:50] data loss:0.000007, PDE loss:0.000000, physics loss:0.000055
[epoch:662 iter:50] data loss:0.000005, PDE loss:0.000000, physics loss:0.000039
[epoch:662 iter:100] data loss:0.000013, PDE loss:0.000000, physics loss:0.000100
[epoch:662 iter:150] data loss:0.000006, PDE loss:0.000000, physics loss:0.000061
[epoch:662 iter:200] data loss:0.000008, PDE loss:0.000000, physics loss:0.000083
[epoch:662 iter:50] data loss:0.000005, PDE loss:0.000000, physics loss:0.000073
[epoch:663 iter:50] data loss:0.000004, PDE loss:0.000000, physics loss:0.000041
[epoch:663 iter:100] data loss:0.000006, PDE loss:0.000000, physics loss:0.000037
[epoch:663 iter:150] data loss:0.000006, PDE loss:0.000000, physics loss:0.000051
[epoch:663 iter:200] data loss:0.000005, PDE loss:0.000000, physics loss:0.000048
[epoch:663 iter:50] data loss:0.000005, PDE loss:0.000000, physics loss:0.000064
[epoch:664 iter:50] data loss:0.000004, PDE loss:0.000000, physics loss:0.000039
[epoch:664 iter:100] data loss:0.000005, PDE loss:0.000000, physics loss:0.000049
[epoch:664 iter:150] data loss:0.000005, PDE loss:0.000000, physics loss:0.000040
[epoch:664 iter:200] data loss:0.000005, PDE loss:0.000000, physics loss:0.000053
[epoch:664 iter:50] data loss:0.000008, PDE loss:0.000000, physics loss:0.000076
[epoch:665 iter:50] data loss:0.000005, PDE loss:0.000000, physics loss:0.000059
[epoch:665 iter:100] data loss:0.000005, PDE loss:0.000000, physics loss:0.000057
[epoch:665 iter:150] data loss:0.000005, PDE loss:0.000000, physics loss:0.000041
[epoch:665 iter:200] data loss:0.000005, PDE loss:0.000000, physics loss:0.000056
[epoch:665 iter:50] data loss:0.000007, PDE loss:0.000000, physics loss:0.000050
[epoch:666 iter:50] data loss:0.000005, PDE loss:0.000000, physics loss:0.000047
[epoch:666 iter:100] data loss:0.000006, PDE loss:0.000000, physics loss:0.000039
[epoch:666 iter:150] data loss:0.000005, PDE loss:0.000000, physics loss:0.000057
[epoch:666 iter:200] data loss:0.000005, PDE loss:0.000000, physics loss:0.000063
[epoch:666 iter:50] data loss:0.000005, PDE loss:0.000000, physics loss:0.000054
[epoch:667 iter:50] data loss:0.000005, PDE loss:0.000000, physics loss:0.000042
[epoch:667 iter:100] data loss:0.000006, PDE loss:0.000000, physics loss:0.000043
[epoch:667 iter:150] data loss:0.000005, PDE loss:0.000000, physics loss:0.000038
[epoch:667 iter:200] data loss:0.000005, PDE loss:0.000000, physics loss:0.000048
[epoch:667 iter:50] data loss:0.000007, PDE loss:0.000000, physics loss:0.000065
[epoch:668 iter:50] data loss:0.000006, PDE loss:0.000000, physics loss:0.000037
[epoch:668 iter:100] data loss:0.000005, PDE loss:0.000000, physics loss:0.000041
[epoch:668 iter:150] data loss:0.000006, PDE loss:0.000000, physics loss:0.000044
[epoch:668 iter:200] data loss:0.000005, PDE loss:0.000000, physics loss:0.000041
[epoch:668 iter:50] data loss:0.000006, PDE loss:0.000000, physics loss:0.000047
[epoch:669 iter:50] data loss:0.000006, PDE loss:0.000000, physics loss:0.000047
[epoch:669 iter:100] data loss:0.000005, PDE loss:0.000000, physics loss:0.000036
[epoch:669 iter:150] data loss:0.000005, PDE loss:0.000000, physics loss:0.000043
[epoch:669 iter:200] data loss:0.000005, PDE loss:0.000000, physics loss:0.000053
[epoch:669 iter:50] data loss:0.000010, PDE loss:0.000000, physics loss:0.000068
[epoch:670 iter:50] data loss:0.000005, PDE loss:0.000000, physics loss:0.000063
[epoch:670 iter:100] data loss:0.000006, PDE loss:0.000000, physics loss:0.000056
[epoch:670 iter:150] data loss:0.000006, PDE loss:0.000000, physics loss:0.000058
[epoch:670 iter:200] data loss:0.000005, PDE loss:0.000000, physics loss:0.000047
[epoch:670 iter:50] data loss:0.000012, PDE loss:0.000000, physics loss:0.000046
[epoch:671 iter:50] data loss:0.000004, PDE loss:0.000000, physics loss:0.000043
[epoch:671 iter:100] data loss:0.000006, PDE loss:0.000000, physics loss:0.000041
[epoch:671 iter:150] data loss:0.000005, PDE loss:0.000000, physics loss:0.000052
[epoch:671 iter:200] data loss:0.000005, PDE loss:0.000000, physics loss:0.000031
[epoch:671 iter:50] data loss:0.000007, PDE loss:0.000000, physics loss:0.000043
[epoch:672 iter:50] data loss:0.000005, PDE loss:0.000000, physics loss:0.000067
[epoch:672 iter:100] data loss:0.000005, PDE loss:0.000000, physics loss:0.000041
[epoch:672 iter:150] data loss:0.000005, PDE loss:0.000000, physics loss:0.000039
[epoch:672 iter:200] data loss:0.000006, PDE loss:0.000000, physics loss:0.000036
[epoch:672 iter:50] data loss:0.000005, PDE loss:0.000000, physics loss:0.000055
[epoch:673 iter:50] data loss:0.000005, PDE loss:0.000000, physics loss:0.000032
[epoch:673 iter:100] data loss:0.000006, PDE loss:0.000000, physics loss:0.000051
[epoch:673 iter:150] data loss:0.000005, PDE loss:0.000000, physics loss:0.000055
[epoch:673 iter:200] data loss:0.000006, PDE loss:0.000000, physics loss:0.000023
[epoch:673 iter:50] data loss:0.000007, PDE loss:0.000000, physics loss:0.000068
[epoch:674 iter:50] data loss:0.000006, PDE loss:0.000000, physics loss:0.000035
[epoch:674 iter:100] data loss:0.000005, PDE loss:0.000000, physics loss:0.000061
[epoch:674 iter:150] data loss:0.000006, PDE loss:0.000000, physics loss:0.000061
[epoch:674 iter:200] data loss:0.000007, PDE loss:0.000000, physics loss:0.000060
[epoch:674 iter:50] data loss:0.000005, PDE loss:0.000000, physics loss:0.000041
[epoch:675 iter:50] data loss:0.000005, PDE loss:0.000000, physics loss:0.000047
[epoch:675 iter:100] data loss:0.000006, PDE loss:0.000000, physics loss:0.000075
[epoch:675 iter:150] data loss:0.000006, PDE loss:0.000000, physics loss:0.000046
[epoch:675 iter:200] data loss:0.000006, PDE loss:0.000000, physics loss:0.000129
[epoch:675 iter:50] data loss:0.000004, PDE loss:0.000000, physics loss:0.000063
[epoch:676 iter:50] data loss:0.000006, PDE loss:0.000000, physics loss:0.000039
[epoch:676 iter:100] data loss:0.000005, PDE loss:0.000000, physics loss:0.000045
[epoch:676 iter:150] data loss:0.000004, PDE loss:0.000000, physics loss:0.000051
[epoch:676 iter:200] data loss:0.000006, PDE loss:0.000000, physics loss:0.000043
[epoch:676 iter:50] data loss:0.000006, PDE loss:0.000000, physics loss:0.000063
[epoch:677 iter:50] data loss:0.000006, PDE loss:0.000000, physics loss:0.000053
[epoch:677 iter:100] data loss:0.000005, PDE loss:0.000000, physics loss:0.000061
[epoch:677 iter:150] data loss:0.000004, PDE loss:0.000000, physics loss:0.000034
[epoch:677 iter:200] data loss:0.000006, PDE loss:0.000000, physics loss:0.000046
[epoch:677 iter:50] data loss:0.000005, PDE loss:0.000000, physics loss:0.000062
[epoch:678 iter:50] data loss:0.000004, PDE loss:0.000000, physics loss:0.000050
[epoch:678 iter:100] data loss:0.000004, PDE loss:0.000000, physics loss:0.000044
[epoch:678 iter:150] data loss:0.000005, PDE loss:0.000000, physics loss:0.000052
[epoch:678 iter:200] data loss:0.000006, PDE loss:0.000000, physics loss:0.000050
[epoch:678 iter:50] data loss:0.000004, PDE loss:0.000000, physics loss:0.000048
[epoch:679 iter:50] data loss:0.000005, PDE loss:0.000000, physics loss:0.000052
[epoch:679 iter:100] data loss:0.000005, PDE loss:0.000000, physics loss:0.000031
[epoch:679 iter:150] data loss:0.000005, PDE loss:0.000000, physics loss:0.000045
[epoch:679 iter:200] data loss:0.000005, PDE loss:0.000000, physics loss:0.000049
[epoch:679 iter:50] data loss:0.000006, PDE loss:0.000000, physics loss:0.000062
[epoch:680 iter:50] data loss:0.000005, PDE loss:0.000000, physics loss:0.000048
[epoch:680 iter:100] data loss:0.000005, PDE loss:0.000000, physics loss:0.000062
[epoch:680 iter:150] data loss:0.000006, PDE loss:0.000000, physics loss:0.000043
[epoch:680 iter:200] data loss:0.000005, PDE loss:0.000000, physics loss:0.000040
[epoch:680 iter:50] data loss:0.000007, PDE loss:0.000000, physics loss:0.000068
[epoch:681 iter:50] data loss:0.000006, PDE loss:0.000000, physics loss:0.000045
[epoch:681 iter:100] data loss:0.000005, PDE loss:0.000000, physics loss:0.000035
[epoch:681 iter:150] data loss:0.000005, PDE loss:0.000000, physics loss:0.000045
[epoch:681 iter:200] data loss:0.000005, PDE loss:0.000000, physics loss:0.000058
[epoch:681 iter:50] data loss:0.000006, PDE loss:0.000000, physics loss:0.000071
[epoch:682 iter:50] data loss:0.000005, PDE loss:0.000000, physics loss:0.000046
[epoch:682 iter:100] data loss:0.000004, PDE loss:0.000000, physics loss:0.000043
[epoch:682 iter:150] data loss:0.000004, PDE loss:0.000000, physics loss:0.000047
[epoch:682 iter:200] data loss:0.000005, PDE loss:0.000000, physics loss:0.000054
[epoch:682 iter:50] data loss:0.000004, PDE loss:0.000000, physics loss:0.000057
[epoch:683 iter:50] data loss:0.000005, PDE loss:0.000000, physics loss:0.000054
[epoch:683 iter:100] data loss:0.000005, PDE loss:0.000000, physics loss:0.000052
[epoch:683 iter:150] data loss:0.000004, PDE loss:0.000000, physics loss:0.000054
[epoch:683 iter:200] data loss:0.000006, PDE loss:0.000000, physics loss:0.000052
[epoch:683 iter:50] data loss:0.000005, PDE loss:0.000000, physics loss:0.000066
[epoch:684 iter:50] data loss:0.000004, PDE loss:0.000000, physics loss:0.000041
[epoch:684 iter:100] data loss:0.000005, PDE loss:0.000000, physics loss:0.000045
[epoch:684 iter:150] data loss:0.000004, PDE loss:0.000000, physics loss:0.000040
[epoch:684 iter:200] data loss:0.000005, PDE loss:0.000000, physics loss:0.000042
[epoch:684 iter:50] data loss:0.000006, PDE loss:0.000000, physics loss:0.000071
[epoch:685 iter:50] data loss:0.000005, PDE loss:0.000000, physics loss:0.000047
[epoch:685 iter:100] data loss:0.000006, PDE loss:0.000000, physics loss:0.000041
[epoch:685 iter:150] data loss:0.000006, PDE loss:0.000000, physics loss:0.000047
[epoch:685 iter:200] data loss:0.000006, PDE loss:0.000000, physics loss:0.000048
[epoch:685 iter:50] data loss:0.000005, PDE loss:0.000000, physics loss:0.000063
[epoch:686 iter:50] data loss:0.000005, PDE loss:0.000000, physics loss:0.000048
[epoch:686 iter:100] data loss:0.000005, PDE loss:0.000000, physics loss:0.000037
[epoch:686 iter:150] data loss:0.000011, PDE loss:0.000000, physics loss:0.000037
[epoch:686 iter:200] data loss:0.000006, PDE loss:0.000000, physics loss:0.000037
[epoch:686 iter:50] data loss:0.000006, PDE loss:0.000000, physics loss:0.000081
[epoch:687 iter:50] data loss:0.000006, PDE loss:0.000000, physics loss:0.000045
[epoch:687 iter:100] data loss:0.000005, PDE loss:0.000000, physics loss:0.000085
[epoch:687 iter:150] data loss:0.000005, PDE loss:0.000000, physics loss:0.000061
[epoch:687 iter:200] data loss:0.000005, PDE loss:0.000000, physics loss:0.000059
[epoch:687 iter:50] data loss:0.000007, PDE loss:0.000000, physics loss:0.000076
[epoch:688 iter:50] data loss:0.000006, PDE loss:0.000000, physics loss:0.000064
[epoch:688 iter:100] data loss:0.000007, PDE loss:0.000000, physics loss:0.000052
[epoch:688 iter:150] data loss:0.000004, PDE loss:0.000000, physics loss:0.000055
[epoch:688 iter:200] data loss:0.000005, PDE loss:0.000000, physics loss:0.000034
[epoch:688 iter:50] data loss:0.000005, PDE loss:0.000000, physics loss:0.000068
[epoch:689 iter:50] data loss:0.000006, PDE loss:0.000000, physics loss:0.000046
[epoch:689 iter:100] data loss:0.000005, PDE loss:0.000000, physics loss:0.000035
[epoch:689 iter:150] data loss:0.000006, PDE loss:0.000000, physics loss:0.000052
[epoch:689 iter:200] data loss:0.000004, PDE loss:0.000000, physics loss:0.000057
[epoch:689 iter:50] data loss:0.000005, PDE loss:0.000000, physics loss:0.000054
[epoch:690 iter:50] data loss:0.000006, PDE loss:0.000000, physics loss:0.000048
[epoch:690 iter:100] data loss:0.000005, PDE loss:0.000000, physics loss:0.000031
[epoch:690 iter:150] data loss:0.000006, PDE loss:0.000000, physics loss:0.000051
[epoch:690 iter:200] data loss:0.000006, PDE loss:0.000000, physics loss:0.000036
[epoch:690 iter:50] data loss:0.000005, PDE loss:0.000000, physics loss:0.000069
[epoch:691 iter:50] data loss:0.000005, PDE loss:0.000000, physics loss:0.000040
[epoch:691 iter:100] data loss:0.000006, PDE loss:0.000000, physics loss:0.000057
[epoch:691 iter:150] data loss:0.000004, PDE loss:0.000000, physics loss:0.000030
[epoch:691 iter:200] data loss:0.000005, PDE loss:0.000000, physics loss:0.000035
[epoch:691 iter:50] data loss:0.000005, PDE loss:0.000000, physics loss:0.000053
[epoch:692 iter:50] data loss:0.000005, PDE loss:0.000000, physics loss:0.000036
[epoch:692 iter:100] data loss:0.000005, PDE loss:0.000000, physics loss:0.000040
[epoch:692 iter:150] data loss:0.000005, PDE loss:0.000000, physics loss:0.000055
[epoch:692 iter:200] data loss:0.000005, PDE loss:0.000000, physics loss:0.000068
[epoch:692 iter:50] data loss:0.000026, PDE loss:0.000000, physics loss:0.000922
[epoch:693 iter:50] data loss:0.000005, PDE loss:0.000000, physics loss:0.000043
[epoch:693 iter:100] data loss:0.000005, PDE loss:0.000000, physics loss:0.000061
[epoch:693 iter:150] data loss:0.000004, PDE loss:0.000000, physics loss:0.000038
[epoch:693 iter:200] data loss:0.000006, PDE loss:0.000000, physics loss:0.000046
[epoch:693 iter:50] data loss:0.000006, PDE loss:0.000000, physics loss:0.000060
[epoch:694 iter:50] data loss:0.000005, PDE loss:0.000000, physics loss:0.000056
[epoch:694 iter:100] data loss:0.000006, PDE loss:0.000000, physics loss:0.000041
[epoch:694 iter:150] data loss:0.000006, PDE loss:0.000000, physics loss:0.000031
[epoch:694 iter:200] data loss:0.000005, PDE loss:0.000000, physics loss:0.000066
[epoch:694 iter:50] data loss:0.000026, PDE loss:0.000000, physics loss:0.000346
[epoch:695 iter:50] data loss:0.000004, PDE loss:0.000000, physics loss:0.000055
[epoch:695 iter:100] data loss:0.000005, PDE loss:0.000000, physics loss:0.000044
[epoch:695 iter:150] data loss:0.000006, PDE loss:0.000000, physics loss:0.000044
[epoch:695 iter:200] data loss:0.000006, PDE loss:0.000000, physics loss:0.000041
[epoch:695 iter:50] data loss:0.000005, PDE loss:0.000000, physics loss:0.000042
[epoch:696 iter:50] data loss:0.000006, PDE loss:0.000000, physics loss:0.000056
[epoch:696 iter:100] data loss:0.000005, PDE loss:0.000000, physics loss:0.000049
[epoch:696 iter:150] data loss:0.000004, PDE loss:0.000000, physics loss:0.000042
[epoch:696 iter:200] data loss:0.000004, PDE loss:0.000000, physics loss:0.000038
[epoch:696 iter:50] data loss:0.000005, PDE loss:0.000000, physics loss:0.000051
[epoch:697 iter:50] data loss:0.000005, PDE loss:0.000000, physics loss:0.000045
[epoch:697 iter:100] data loss:0.000006, PDE loss:0.000000, physics loss:0.000038
[epoch:697 iter:150] data loss:0.000006, PDE loss:0.000000, physics loss:0.000041
[epoch:697 iter:200] data loss:0.000006, PDE loss:0.000000, physics loss:0.000041
[epoch:697 iter:50] data loss:0.000005, PDE loss:0.000000, physics loss:0.000056
[epoch:698 iter:50] data loss:0.000006, PDE loss:0.000000, physics loss:0.000029
[epoch:698 iter:100] data loss:0.000005, PDE loss:0.000000, physics loss:0.000077
[epoch:698 iter:150] data loss:0.000006, PDE loss:0.000000, physics loss:0.000037
[epoch:698 iter:200] data loss:0.000005, PDE loss:0.000000, physics loss:0.000049
[epoch:698 iter:50] data loss:0.000004, PDE loss:0.000000, physics loss:0.000049
[epoch:699 iter:50] data loss:0.000005, PDE loss:0.000000, physics loss:0.000030
[epoch:699 iter:100] data loss:0.000005, PDE loss:0.000000, physics loss:0.000042
[epoch:699 iter:150] data loss:0.000006, PDE loss:0.000000, physics loss:0.000038
[epoch:699 iter:200] data loss:0.000005, PDE loss:0.000000, physics loss:0.000051
[epoch:699 iter:50] data loss:0.000005, PDE loss:0.000000, physics loss:0.000062
[epoch:700 iter:50] data loss:0.000005, PDE loss:0.000000, physics loss:0.000056
[epoch:700 iter:100] data loss:0.000007, PDE loss:0.000000, physics loss:0.000067
[epoch:700 iter:150] data loss:0.000005, PDE loss:0.000000, physics loss:0.000033
[epoch:700 iter:200] data loss:0.000005, PDE loss:0.000000, physics loss:0.000052
[epoch:700 iter:50] data loss:0.000008, PDE loss:0.000000, physics loss:0.000048
[epoch:701 iter:50] data loss:0.000005, PDE loss:0.000000, physics loss:0.000037
[epoch:701 iter:100] data loss:0.000004, PDE loss:0.000000, physics loss:0.000059
[epoch:701 iter:150] data loss:0.000006, PDE loss:0.000000, physics loss:0.000048
[epoch:701 iter:200] data loss:0.000006, PDE loss:0.000000, physics loss:0.000063
[epoch:701 iter:50] data loss:0.000006, PDE loss:0.000000, physics loss:0.000064
[epoch:702 iter:50] data loss:0.000005, PDE loss:0.000000, physics loss:0.000063
[epoch:702 iter:100] data loss:0.000005, PDE loss:0.000000, physics loss:0.000053
[epoch:702 iter:150] data loss:0.000005, PDE loss:0.000000, physics loss:0.000057
[epoch:702 iter:200] data loss:0.000005, PDE loss:0.000000, physics loss:0.000031
[epoch:702 iter:50] data loss:0.000006, PDE loss:0.000000, physics loss:0.000059
[epoch:703 iter:50] data loss:0.000005, PDE loss:0.000000, physics loss:0.000040
[epoch:703 iter:100] data loss:0.000005, PDE loss:0.000000, physics loss:0.000059
[epoch:703 iter:150] data loss:0.000006, PDE loss:0.000000, physics loss:0.000037
[epoch:703 iter:200] data loss:0.000007, PDE loss:0.000000, physics loss:0.000040
[epoch:703 iter:50] data loss:0.000005, PDE loss:0.000000, physics loss:0.000066
[epoch:704 iter:50] data loss:0.000005, PDE loss:0.000000, physics loss:0.000065
[epoch:704 iter:100] data loss:0.000005, PDE loss:0.000000, physics loss:0.000048
[epoch:704 iter:150] data loss:0.000005, PDE loss:0.000000, physics loss:0.000054
[epoch:704 iter:200] data loss:0.000005, PDE loss:0.000000, physics loss:0.000045
[epoch:704 iter:50] data loss:0.000005, PDE loss:0.000000, physics loss:0.000065
[epoch:705 iter:50] data loss:0.000006, PDE loss:0.000000, physics loss:0.000056
[epoch:705 iter:100] data loss:0.000005, PDE loss:0.000000, physics loss:0.000050
[epoch:705 iter:150] data loss:0.000005, PDE loss:0.000000, physics loss:0.000059
[epoch:705 iter:200] data loss:0.000009, PDE loss:0.000000, physics loss:0.000053
[epoch:705 iter:50] data loss:0.000006, PDE loss:0.000000, physics loss:0.000075
[epoch:706 iter:50] data loss:0.000006, PDE loss:0.000000, physics loss:0.000058
[epoch:706 iter:100] data loss:0.000004, PDE loss:0.000000, physics loss:0.000041
[epoch:706 iter:150] data loss:0.000006, PDE loss:0.000000, physics loss:0.000055
[epoch:706 iter:200] data loss:0.000005, PDE loss:0.000000, physics loss:0.000051
[epoch:706 iter:50] data loss:0.000005, PDE loss:0.000000, physics loss:0.000062
[epoch:707 iter:50] data loss:0.000015, PDE loss:0.000000, physics loss:0.000034
[epoch:707 iter:100] data loss:0.000005, PDE loss:0.000000, physics loss:0.000032
[epoch:707 iter:150] data loss:0.000006, PDE loss:0.000000, physics loss:0.000049
[epoch:707 iter:200] data loss:0.000011, PDE loss:0.000000, physics loss:0.000033
[epoch:707 iter:50] data loss:0.000005, PDE loss:0.000000, physics loss:0.000058
[epoch:708 iter:50] data loss:0.000005, PDE loss:0.000000, physics loss:0.000054
[epoch:708 iter:100] data loss:0.000006, PDE loss:0.000000, physics loss:0.000051
[epoch:708 iter:150] data loss:0.000005, PDE loss:0.000000, physics loss:0.000057
[epoch:708 iter:200] data loss:0.000015, PDE loss:0.000000, physics loss:0.000042
[epoch:708 iter:50] data loss:0.000005, PDE loss:0.000000, physics loss:0.000085
[epoch:709 iter:50] data loss:0.000004, PDE loss:0.000000, physics loss:0.000035
[epoch:709 iter:100] data loss:0.000005, PDE loss:0.000000, physics loss:0.000034
[epoch:709 iter:150] data loss:0.000004, PDE loss:0.000000, physics loss:0.000043
[epoch:709 iter:200] data loss:0.000005, PDE loss:0.000000, physics loss:0.000045
[epoch:709 iter:50] data loss:0.000007, PDE loss:0.000000, physics loss:0.000060
[epoch:710 iter:50] data loss:0.000005, PDE loss:0.000000, physics loss:0.000049
[epoch:710 iter:100] data loss:0.000005, PDE loss:0.000000, physics loss:0.000048
[epoch:710 iter:150] data loss:0.000004, PDE loss:0.000000, physics loss:0.000051
[epoch:710 iter:200] data loss:0.000006, PDE loss:0.000000, physics loss:0.000038
[epoch:710 iter:50] data loss:0.000026, PDE loss:0.000000, physics loss:0.000341
[epoch:711 iter:50] data loss:0.000006, PDE loss:0.000000, physics loss:0.000045
[epoch:711 iter:100] data loss:0.000005, PDE loss:0.000000, physics loss:0.000046
[epoch:711 iter:150] data loss:0.000005, PDE loss:0.000000, physics loss:0.000048
[epoch:711 iter:200] data loss:0.000004, PDE loss:0.000000, physics loss:0.000043
[epoch:711 iter:50] data loss:0.000005, PDE loss:0.000000, physics loss:0.000060
[epoch:712 iter:50] data loss:0.000005, PDE loss:0.000000, physics loss:0.000034
[epoch:712 iter:100] data loss:0.000005, PDE loss:0.000000, physics loss:0.000041
[epoch:712 iter:150] data loss:0.000008, PDE loss:0.000000, physics loss:0.000054
[epoch:712 iter:200] data loss:0.000005, PDE loss:0.000000, physics loss:0.000043
[epoch:712 iter:50] data loss:0.000004, PDE loss:0.000000, physics loss:0.000048
[epoch:713 iter:50] data loss:0.000006, PDE loss:0.000000, physics loss:0.000059
[epoch:713 iter:100] data loss:0.000005, PDE loss:0.000000, physics loss:0.000059
[epoch:713 iter:150] data loss:0.000006, PDE loss:0.000000, physics loss:0.000051
[epoch:713 iter:200] data loss:0.000005, PDE loss:0.000000, physics loss:0.000043
[epoch:713 iter:50] data loss:0.000006, PDE loss:0.000000, physics loss:0.000039
[epoch:714 iter:50] data loss:0.000006, PDE loss:0.000000, physics loss:0.000052
[epoch:714 iter:100] data loss:0.000005, PDE loss:0.000000, physics loss:0.000044
[epoch:714 iter:150] data loss:0.000005, PDE loss:0.000000, physics loss:0.000045
[epoch:714 iter:200] data loss:0.000006, PDE loss:0.000000, physics loss:0.000039
[epoch:714 iter:50] data loss:0.000006, PDE loss:0.000000, physics loss:0.000066
[epoch:715 iter:50] data loss:0.000005, PDE loss:0.000000, physics loss:0.000040
[epoch:715 iter:100] data loss:0.000005, PDE loss:0.000000, physics loss:0.000041
[epoch:715 iter:150] data loss:0.000005, PDE loss:0.000000, physics loss:0.000065
[epoch:715 iter:200] data loss:0.000004, PDE loss:0.000000, physics loss:0.000038
[epoch:715 iter:50] data loss:0.000005, PDE loss:0.000000, physics loss:0.000047
[epoch:716 iter:50] data loss:0.000006, PDE loss:0.000000, physics loss:0.000040
[epoch:716 iter:100] data loss:0.000005, PDE loss:0.000000, physics loss:0.000030
[epoch:716 iter:150] data loss:0.000006, PDE loss:0.000000, physics loss:0.000060
[epoch:716 iter:200] data loss:0.000005, PDE loss:0.000000, physics loss:0.000031
[epoch:716 iter:50] data loss:0.000006, PDE loss:0.000000, physics loss:0.000077
[epoch:717 iter:50] data loss:0.000005, PDE loss:0.000000, physics loss:0.000057
[epoch:717 iter:100] data loss:0.000005, PDE loss:0.000000, physics loss:0.000052
[epoch:717 iter:150] data loss:0.000005, PDE loss:0.000000, physics loss:0.000045
[epoch:717 iter:200] data loss:0.000006, PDE loss:0.000000, physics loss:0.000056
[epoch:717 iter:50] data loss:0.000010, PDE loss:0.000000, physics loss:0.000051
[epoch:718 iter:50] data loss:0.000005, PDE loss:0.000000, physics loss:0.000038
[epoch:718 iter:100] data loss:0.000004, PDE loss:0.000000, physics loss:0.000043
[epoch:718 iter:150] data loss:0.000005, PDE loss:0.000000, physics loss:0.000038
[epoch:718 iter:200] data loss:0.000005, PDE loss:0.000000, physics loss:0.000058
[epoch:718 iter:50] data loss:0.000005, PDE loss:0.000000, physics loss:0.000060
[epoch:719 iter:50] data loss:0.000005, PDE loss:0.000000, physics loss:0.000033
[epoch:719 iter:100] data loss:0.000005, PDE loss:0.000000, physics loss:0.000038
[epoch:719 iter:150] data loss:0.000005, PDE loss:0.000000, physics loss:0.000044
[epoch:719 iter:200] data loss:0.000005, PDE loss:0.000000, physics loss:0.000044
[epoch:719 iter:50] data loss:0.000005, PDE loss:0.000000, physics loss:0.000046
[epoch:720 iter:50] data loss:0.000004, PDE loss:0.000000, physics loss:0.000051
[epoch:720 iter:100] data loss:0.000005, PDE loss:0.000000, physics loss:0.000030
[epoch:720 iter:150] data loss:0.000005, PDE loss:0.000000, physics loss:0.000034
[epoch:720 iter:200] data loss:0.000005, PDE loss:0.000000, physics loss:0.000045
[epoch:720 iter:50] data loss:0.000005, PDE loss:0.000000, physics loss:0.000070
[epoch:721 iter:50] data loss:0.000006, PDE loss:0.000000, physics loss:0.000075
[epoch:721 iter:100] data loss:0.000006, PDE loss:0.000000, physics loss:0.000067
[epoch:721 iter:150] data loss:0.000004, PDE loss:0.000000, physics loss:0.000043
[epoch:721 iter:200] data loss:0.000013, PDE loss:0.000000, physics loss:0.000045
[epoch:721 iter:50] data loss:0.000013, PDE loss:0.000000, physics loss:0.000064
[epoch:722 iter:50] data loss:0.000005, PDE loss:0.000000, physics loss:0.000038
[epoch:722 iter:100] data loss:0.000006, PDE loss:0.000000, physics loss:0.000034
[epoch:722 iter:150] data loss:0.000004, PDE loss:0.000000, physics loss:0.000040
[epoch:722 iter:200] data loss:0.000006, PDE loss:0.000000, physics loss:0.000049
[epoch:722 iter:50] data loss:0.000005, PDE loss:0.000000, physics loss:0.000051
[epoch:723 iter:50] data loss:0.000005, PDE loss:0.000000, physics loss:0.000034
[epoch:723 iter:100] data loss:0.000010, PDE loss:0.000000, physics loss:0.000039
[epoch:723 iter:150] data loss:0.000005, PDE loss:0.000000, physics loss:0.000036
[epoch:723 iter:200] data loss:0.000005, PDE loss:0.000000, physics loss:0.000037
[epoch:723 iter:50] data loss:0.000005, PDE loss:0.000000, physics loss:0.000066
[epoch:724 iter:50] data loss:0.000004, PDE loss:0.000000, physics loss:0.000042
[epoch:724 iter:100] data loss:0.000011, PDE loss:0.000000, physics loss:0.000051
[epoch:724 iter:150] data loss:0.000005, PDE loss:0.000000, physics loss:0.000054
[epoch:724 iter:200] data loss:0.000005, PDE loss:0.000000, physics loss:0.000058
[epoch:724 iter:50] data loss:0.000013, PDE loss:0.000000, physics loss:0.000060
[epoch:725 iter:50] data loss:0.000007, PDE loss:0.000000, physics loss:0.000061
[epoch:725 iter:100] data loss:0.000004, PDE loss:0.000000, physics loss:0.000037
[epoch:725 iter:150] data loss:0.000006, PDE loss:0.000000, physics loss:0.000046
[epoch:725 iter:200] data loss:0.000006, PDE loss:0.000000, physics loss:0.000036
[epoch:725 iter:50] data loss:0.000005, PDE loss:0.000000, physics loss:0.000047
[epoch:726 iter:50] data loss:0.000005, PDE loss:0.000000, physics loss:0.000034
[epoch:726 iter:100] data loss:0.000005, PDE loss:0.000000, physics loss:0.000051
[epoch:726 iter:150] data loss:0.000005, PDE loss:0.000000, physics loss:0.000034
[epoch:726 iter:200] data loss:0.000005, PDE loss:0.000000, physics loss:0.000038
[epoch:726 iter:50] data loss:0.000008, PDE loss:0.000000, physics loss:0.000057
[epoch:727 iter:50] data loss:0.000005, PDE loss:0.000000, physics loss:0.000034
[epoch:727 iter:100] data loss:0.000005, PDE loss:0.000000, physics loss:0.000034
[epoch:727 iter:150] data loss:0.000006, PDE loss:0.000000, physics loss:0.000051
[epoch:727 iter:200] data loss:0.000006, PDE loss:0.000000, physics loss:0.000053
[epoch:727 iter:50] data loss:0.000003, PDE loss:0.000000, physics loss:0.000065
[epoch:728 iter:50] data loss:0.000004, PDE loss:0.000000, physics loss:0.000057
[epoch:728 iter:100] data loss:0.000005, PDE loss:0.000000, physics loss:0.000039
[epoch:728 iter:150] data loss:0.000004, PDE loss:0.000000, physics loss:0.000051
[epoch:728 iter:200] data loss:0.000006, PDE loss:0.000000, physics loss:0.000041
[epoch:728 iter:50] data loss:0.000004, PDE loss:0.000000, physics loss:0.000052
[epoch:729 iter:50] data loss:0.000005, PDE loss:0.000000, physics loss:0.000029
[epoch:729 iter:100] data loss:0.000005, PDE loss:0.000000, physics loss:0.000033
[epoch:729 iter:150] data loss:0.000006, PDE loss:0.000000, physics loss:0.000054
[epoch:729 iter:200] data loss:0.000005, PDE loss:0.000000, physics loss:0.000046
[epoch:729 iter:50] data loss:0.000005, PDE loss:0.000000, physics loss:0.000101
[epoch:730 iter:50] data loss:0.000005, PDE loss:0.000000, physics loss:0.000059
[epoch:730 iter:100] data loss:0.000005, PDE loss:0.000000, physics loss:0.000048
[epoch:730 iter:150] data loss:0.000004, PDE loss:0.000000, physics loss:0.000035
[epoch:730 iter:200] data loss:0.000007, PDE loss:0.000000, physics loss:0.000077
[epoch:730 iter:50] data loss:0.000005, PDE loss:0.000000, physics loss:0.000057
[epoch:731 iter:50] data loss:0.000005, PDE loss:0.000000, physics loss:0.000055
[epoch:731 iter:100] data loss:0.000005, PDE loss:0.000000, physics loss:0.000047
[epoch:731 iter:150] data loss:0.000005, PDE loss:0.000000, physics loss:0.000049
[epoch:731 iter:200] data loss:0.000005, PDE loss:0.000000, physics loss:0.000048
[epoch:731 iter:50] data loss:0.000005, PDE loss:0.000000, physics loss:0.000062
[epoch:732 iter:50] data loss:0.000006, PDE loss:0.000000, physics loss:0.000051
[epoch:732 iter:100] data loss:0.000005, PDE loss:0.000000, physics loss:0.000035
[epoch:732 iter:150] data loss:0.000005, PDE loss:0.000000, physics loss:0.000065
[epoch:732 iter:200] data loss:0.000014, PDE loss:0.000000, physics loss:0.000044
[epoch:732 iter:50] data loss:0.000005, PDE loss:0.000000, physics loss:0.000065
[epoch:733 iter:50] data loss:0.000005, PDE loss:0.000000, physics loss:0.000055
[epoch:733 iter:100] data loss:0.000005, PDE loss:0.000000, physics loss:0.000044
[epoch:733 iter:150] data loss:0.000005, PDE loss:0.000000, physics loss:0.000069
[epoch:733 iter:200] data loss:0.000005, PDE loss:0.000000, physics loss:0.000050
[epoch:733 iter:50] data loss:0.000004, PDE loss:0.000000, physics loss:0.000047
[epoch:734 iter:50] data loss:0.000006, PDE loss:0.000000, physics loss:0.000058
[epoch:734 iter:100] data loss:0.000005, PDE loss:0.000000, physics loss:0.000043
[epoch:734 iter:150] data loss:0.000005, PDE loss:0.000000, physics loss:0.000023
[epoch:734 iter:200] data loss:0.000006, PDE loss:0.000000, physics loss:0.000042
[epoch:734 iter:50] data loss:0.000004, PDE loss:0.000000, physics loss:0.000046
[epoch:735 iter:50] data loss:0.000005, PDE loss:0.000000, physics loss:0.000044
[epoch:735 iter:100] data loss:0.000004, PDE loss:0.000000, physics loss:0.000041
[epoch:735 iter:150] data loss:0.000005, PDE loss:0.000000, physics loss:0.000029
[epoch:735 iter:200] data loss:0.000004, PDE loss:0.000000, physics loss:0.000040
[epoch:735 iter:50] data loss:0.000035, PDE loss:0.000000, physics loss:0.000356
[epoch:736 iter:50] data loss:0.000006, PDE loss:0.000000, physics loss:0.000045
[epoch:736 iter:100] data loss:0.000005, PDE loss:0.000000, physics loss:0.000039
[epoch:736 iter:150] data loss:0.000005, PDE loss:0.000000, physics loss:0.000061
[epoch:736 iter:200] data loss:0.000005, PDE loss:0.000000, physics loss:0.000046
[epoch:736 iter:50] data loss:0.000007, PDE loss:0.000000, physics loss:0.000081
[epoch:737 iter:50] data loss:0.000004, PDE loss:0.000000, physics loss:0.000035
[epoch:737 iter:100] data loss:0.000009, PDE loss:0.000000, physics loss:0.000042
[epoch:737 iter:150] data loss:0.000006, PDE loss:0.000000, physics loss:0.000051
[epoch:737 iter:200] data loss:0.000004, PDE loss:0.000000, physics loss:0.000035
[epoch:737 iter:50] data loss:0.000006, PDE loss:0.000000, physics loss:0.000115
[epoch:738 iter:50] data loss:0.000005, PDE loss:0.000000, physics loss:0.000034
[epoch:738 iter:100] data loss:0.000004, PDE loss:0.000000, physics loss:0.000031
[epoch:738 iter:150] data loss:0.000005, PDE loss:0.000000, physics loss:0.000054
[epoch:738 iter:200] data loss:0.000005, PDE loss:0.000000, physics loss:0.000058
[epoch:738 iter:50] data loss:0.000005, PDE loss:0.000000, physics loss:0.000075
[epoch:739 iter:50] data loss:0.000005, PDE loss:0.000000, physics loss:0.000022
[epoch:739 iter:100] data loss:0.000005, PDE loss:0.000000, physics loss:0.000049
[epoch:739 iter:150] data loss:0.000005, PDE loss:0.000000, physics loss:0.000054
[epoch:739 iter:200] data loss:0.000005, PDE loss:0.000000, physics loss:0.000042
[epoch:739 iter:50] data loss:0.000006, PDE loss:0.000000, physics loss:0.000047
[epoch:740 iter:50] data loss:0.000005, PDE loss:0.000000, physics loss:0.000037
[epoch:740 iter:100] data loss:0.000005, PDE loss:0.000000, physics loss:0.000061
[epoch:740 iter:150] data loss:0.000004, PDE loss:0.000000, physics loss:0.000049
[epoch:740 iter:200] data loss:0.000005, PDE loss:0.000000, physics loss:0.000045
[epoch:740 iter:50] data loss:0.000014, PDE loss:0.000000, physics loss:0.000070
[epoch:741 iter:50] data loss:0.000005, PDE loss:0.000000, physics loss:0.000059
[epoch:741 iter:100] data loss:0.000005, PDE loss:0.000000, physics loss:0.000058
[epoch:741 iter:150] data loss:0.000006, PDE loss:0.000000, physics loss:0.000065
[epoch:741 iter:200] data loss:0.000005, PDE loss:0.000000, physics loss:0.000037
[epoch:741 iter:50] data loss:0.000010, PDE loss:0.000000, physics loss:0.000089
[epoch:742 iter:50] data loss:0.000005, PDE loss:0.000000, physics loss:0.000052
[epoch:742 iter:100] data loss:0.000006, PDE loss:0.000000, physics loss:0.000065
[epoch:742 iter:150] data loss:0.000005, PDE loss:0.000000, physics loss:0.000065
[epoch:742 iter:200] data loss:0.000005, PDE loss:0.000000, physics loss:0.000032
[epoch:742 iter:50] data loss:0.000006, PDE loss:0.000000, physics loss:0.000063
[epoch:743 iter:50] data loss:0.000005, PDE loss:0.000000, physics loss:0.000037
[epoch:743 iter:100] data loss:0.000005, PDE loss:0.000000, physics loss:0.000044
[epoch:743 iter:150] data loss:0.000006, PDE loss:0.000000, physics loss:0.000033
[epoch:743 iter:200] data loss:0.000005, PDE loss:0.000000, physics loss:0.000053
[epoch:743 iter:50] data loss:0.000009, PDE loss:0.000000, physics loss:0.000064
[epoch:744 iter:50] data loss:0.000006, PDE loss:0.000000, physics loss:0.000038
[epoch:744 iter:100] data loss:0.000006, PDE loss:0.000000, physics loss:0.000054
[epoch:744 iter:150] data loss:0.000005, PDE loss:0.000000, physics loss:0.000054
[epoch:744 iter:200] data loss:0.000006, PDE loss:0.000000, physics loss:0.000039
[epoch:744 iter:50] data loss:0.000007, PDE loss:0.000000, physics loss:0.000064
[epoch:745 iter:50] data loss:0.000005, PDE loss:0.000000, physics loss:0.000056
[epoch:745 iter:100] data loss:0.000006, PDE loss:0.000000, physics loss:0.000051
[epoch:745 iter:150] data loss:0.000005, PDE loss:0.000000, physics loss:0.000028
[epoch:745 iter:200] data loss:0.000005, PDE loss:0.000000, physics loss:0.000036
[epoch:745 iter:50] data loss:0.000005, PDE loss:0.000000, physics loss:0.000050
[epoch:746 iter:50] data loss:0.000004, PDE loss:0.000000, physics loss:0.000042
[epoch:746 iter:100] data loss:0.000005, PDE loss:0.000000, physics loss:0.000072
[epoch:746 iter:150] data loss:0.000006, PDE loss:0.000000, physics loss:0.000046
[epoch:746 iter:200] data loss:0.000004, PDE loss:0.000000, physics loss:0.000043
[epoch:746 iter:50] data loss:0.000005, PDE loss:0.000000, physics loss:0.000077
[epoch:747 iter:50] data loss:0.000005, PDE loss:0.000000, physics loss:0.000041
[epoch:747 iter:100] data loss:0.000005, PDE loss:0.000000, physics loss:0.000040
[epoch:747 iter:150] data loss:0.000006, PDE loss:0.000000, physics loss:0.000045
[epoch:747 iter:200] data loss:0.000005, PDE loss:0.000000, physics loss:0.000043
[epoch:747 iter:50] data loss:0.000008, PDE loss:0.000000, physics loss:0.000085
[epoch:748 iter:50] data loss:0.000005, PDE loss:0.000000, physics loss:0.000040
[epoch:748 iter:100] data loss:0.000005, PDE loss:0.000000, physics loss:0.000030
[epoch:748 iter:150] data loss:0.000005, PDE loss:0.000000, physics loss:0.000036
[epoch:748 iter:200] data loss:0.000007, PDE loss:0.000000, physics loss:0.000057
[epoch:748 iter:50] data loss:0.000006, PDE loss:0.000000, physics loss:0.000078
[epoch:749 iter:50] data loss:0.000006, PDE loss:0.000000, physics loss:0.000040
[epoch:749 iter:100] data loss:0.000005, PDE loss:0.000000, physics loss:0.000044
[epoch:749 iter:150] data loss:0.000005, PDE loss:0.000000, physics loss:0.000042
[epoch:749 iter:200] data loss:0.000005, PDE loss:0.000000, physics loss:0.000056
[epoch:749 iter:50] data loss:0.000005, PDE loss:0.000000, physics loss:0.000060
[epoch:750 iter:50] data loss:0.000005, PDE loss:0.000000, physics loss:0.000058
[epoch:750 iter:100] data loss:0.000005, PDE loss:0.000000, physics loss:0.000034
[epoch:750 iter:150] data loss:0.000005, PDE loss:0.000000, physics loss:0.000028
[epoch:750 iter:200] data loss:0.000005, PDE loss:0.000000, physics loss:0.000058
[epoch:750 iter:50] data loss:0.000009, PDE loss:0.000000, physics loss:0.000061
[epoch:751 iter:50] data loss:0.000005, PDE loss:0.000000, physics loss:0.000051
[epoch:751 iter:100] data loss:0.000008, PDE loss:0.000000, physics loss:0.000061
[epoch:751 iter:150] data loss:0.000005, PDE loss:0.000000, physics loss:0.000043
[epoch:751 iter:200] data loss:0.000014, PDE loss:0.000000, physics loss:0.000040
[epoch:751 iter:50] data loss:0.000005, PDE loss:0.000000, physics loss:0.000052
[epoch:752 iter:50] data loss:0.000006, PDE loss:0.000000, physics loss:0.000052
[epoch:752 iter:100] data loss:0.000006, PDE loss:0.000000, physics loss:0.000064
[epoch:752 iter:150] data loss:0.000006, PDE loss:0.000000, physics loss:0.000054
[epoch:752 iter:200] data loss:0.000004, PDE loss:0.000000, physics loss:0.000056
[epoch:752 iter:50] data loss:0.000015, PDE loss:0.000000, physics loss:0.000050
[epoch:753 iter:50] data loss:0.000005, PDE loss:0.000000, physics loss:0.000066
[epoch:753 iter:100] data loss:0.000005, PDE loss:0.000000, physics loss:0.000055
[epoch:753 iter:150] data loss:0.000005, PDE loss:0.000000, physics loss:0.000050
[epoch:753 iter:200] data loss:0.000005, PDE loss:0.000000, physics loss:0.000044
[epoch:753 iter:50] data loss:0.000005, PDE loss:0.000000, physics loss:0.000070
[epoch:754 iter:50] data loss:0.000005, PDE loss:0.000000, physics loss:0.000058
[epoch:754 iter:100] data loss:0.000005, PDE loss:0.000000, physics loss:0.000053
[epoch:754 iter:150] data loss:0.000006, PDE loss:0.000000, physics loss:0.000043
[epoch:754 iter:200] data loss:0.000004, PDE loss:0.000000, physics loss:0.000045
[epoch:754 iter:50] data loss:0.000009, PDE loss:0.000000, physics loss:0.000068
[epoch:755 iter:50] data loss:0.000005, PDE loss:0.000000, physics loss:0.000059
[epoch:755 iter:100] data loss:0.000005, PDE loss:0.000000, physics loss:0.000035
[epoch:755 iter:150] data loss:0.000005, PDE loss:0.000000, physics loss:0.000042
[epoch:755 iter:200] data loss:0.000004, PDE loss:0.000000, physics loss:0.000035
[epoch:755 iter:50] data loss:0.000027, PDE loss:0.000000, physics loss:0.000932
[epoch:756 iter:50] data loss:0.000006, PDE loss:0.000000, physics loss:0.000045
[epoch:756 iter:100] data loss:0.000005, PDE loss:0.000000, physics loss:0.000046
[epoch:756 iter:150] data loss:0.000004, PDE loss:0.000000, physics loss:0.000035
[epoch:756 iter:200] data loss:0.000005, PDE loss:0.000000, physics loss:0.000042
[epoch:756 iter:50] data loss:0.000012, PDE loss:0.000000, physics loss:0.000067
[epoch:757 iter:50] data loss:0.000004, PDE loss:0.000000, physics loss:0.000046
[epoch:757 iter:100] data loss:0.000006, PDE loss:0.000000, physics loss:0.000030
[epoch:757 iter:150] data loss:0.000004, PDE loss:0.000000, physics loss:0.000048
[epoch:757 iter:200] data loss:0.000004, PDE loss:0.000000, physics loss:0.000041
[epoch:757 iter:50] data loss:0.000006, PDE loss:0.000000, physics loss:0.000040
[epoch:758 iter:50] data loss:0.000004, PDE loss:0.000000, physics loss:0.000047
[epoch:758 iter:100] data loss:0.000005, PDE loss:0.000000, physics loss:0.000031
[epoch:758 iter:150] data loss:0.000007, PDE loss:0.000000, physics loss:0.000066
[epoch:758 iter:200] data loss:0.000006, PDE loss:0.000000, physics loss:0.000045
[epoch:758 iter:50] data loss:0.000006, PDE loss:0.000000, physics loss:0.000061
[epoch:759 iter:50] data loss:0.000005, PDE loss:0.000000, physics loss:0.000042
[epoch:759 iter:100] data loss:0.000005, PDE loss:0.000000, physics loss:0.000031
[epoch:759 iter:150] data loss:0.000004, PDE loss:0.000000, physics loss:0.000051
[epoch:759 iter:200] data loss:0.000004, PDE loss:0.000000, physics loss:0.000036
[epoch:759 iter:50] data loss:0.000007, PDE loss:0.000000, physics loss:0.000057
[epoch:760 iter:50] data loss:0.000004, PDE loss:0.000000, physics loss:0.000067
[epoch:760 iter:100] data loss:0.000005, PDE loss:0.000000, physics loss:0.000040
[epoch:760 iter:150] data loss:0.000005, PDE loss:0.000000, physics loss:0.000056
[epoch:760 iter:200] data loss:0.000005, PDE loss:0.000000, physics loss:0.000040
[epoch:760 iter:50] data loss:0.000007, PDE loss:0.000000, physics loss:0.000136
[epoch:761 iter:50] data loss:0.000005, PDE loss:0.000000, physics loss:0.000053
[epoch:761 iter:100] data loss:0.000005, PDE loss:0.000000, physics loss:0.000046
[epoch:761 iter:150] data loss:0.000005, PDE loss:0.000000, physics loss:0.000060
[epoch:761 iter:200] data loss:0.000005, PDE loss:0.000000, physics loss:0.000035
[epoch:761 iter:50] data loss:0.000009, PDE loss:0.000000, physics loss:0.000068
[epoch:762 iter:50] data loss:0.000005, PDE loss:0.000000, physics loss:0.000041
[epoch:762 iter:100] data loss:0.000005, PDE loss:0.000000, physics loss:0.000038
[epoch:762 iter:150] data loss:0.000004, PDE loss:0.000000, physics loss:0.000042
[epoch:762 iter:200] data loss:0.000004, PDE loss:0.000000, physics loss:0.000021
[epoch:762 iter:50] data loss:0.000004, PDE loss:0.000000, physics loss:0.000054
[epoch:763 iter:50] data loss:0.000005, PDE loss:0.000000, physics loss:0.000045
[epoch:763 iter:100] data loss:0.000004, PDE loss:0.000000, physics loss:0.000028
[epoch:763 iter:150] data loss:0.000005, PDE loss:0.000000, physics loss:0.000036
[epoch:763 iter:200] data loss:0.000004, PDE loss:0.000000, physics loss:0.000034
[epoch:763 iter:50] data loss:0.000006, PDE loss:0.000000, physics loss:0.000082
[epoch:764 iter:50] data loss:0.000005, PDE loss:0.000000, physics loss:0.000054
[epoch:764 iter:100] data loss:0.000004, PDE loss:0.000000, physics loss:0.000040
[epoch:764 iter:150] data loss:0.000005, PDE loss:0.000000, physics loss:0.000038
[epoch:764 iter:200] data loss:0.000005, PDE loss:0.000000, physics loss:0.000047
[epoch:764 iter:50] data loss:0.000005, PDE loss:0.000000, physics loss:0.000048
[epoch:765 iter:50] data loss:0.000004, PDE loss:0.000000, physics loss:0.000052
[epoch:765 iter:100] data loss:0.000005, PDE loss:0.000000, physics loss:0.000043
[epoch:765 iter:150] data loss:0.000006, PDE loss:0.000000, physics loss:0.000042
[epoch:765 iter:200] data loss:0.000004, PDE loss:0.000000, physics loss:0.000034
[epoch:765 iter:50] data loss:0.000009, PDE loss:0.000000, physics loss:0.000094
[epoch:766 iter:50] data loss:0.000005, PDE loss:0.000000, physics loss:0.000070
[epoch:766 iter:100] data loss:0.000005, PDE loss:0.000000, physics loss:0.000051
[epoch:766 iter:150] data loss:0.000005, PDE loss:0.000000, physics loss:0.000047
[epoch:766 iter:200] data loss:0.000005, PDE loss:0.000000, physics loss:0.000043
[epoch:766 iter:50] data loss:0.000005, PDE loss:0.000000, physics loss:0.000076
[epoch:767 iter:50] data loss:0.000005, PDE loss:0.000000, physics loss:0.000045
[epoch:767 iter:100] data loss:0.000005, PDE loss:0.000000, physics loss:0.000049
[epoch:767 iter:150] data loss:0.000004, PDE loss:0.000000, physics loss:0.000036
[epoch:767 iter:200] data loss:0.000005, PDE loss:0.000000, physics loss:0.000041
[epoch:767 iter:50] data loss:0.000007, PDE loss:0.000000, physics loss:0.000067
[epoch:768 iter:50] data loss:0.000005, PDE loss:0.000000, physics loss:0.000045
[epoch:768 iter:100] data loss:0.000004, PDE loss:0.000000, physics loss:0.000048
[epoch:768 iter:150] data loss:0.000005, PDE loss:0.000000, physics loss:0.000036
[epoch:768 iter:200] data loss:0.000004, PDE loss:0.000000, physics loss:0.000042
[epoch:768 iter:50] data loss:0.000005, PDE loss:0.000000, physics loss:0.000055
[epoch:769 iter:50] data loss:0.000009, PDE loss:0.000000, physics loss:0.000047
[epoch:769 iter:100] data loss:0.000005, PDE loss:0.000000, physics loss:0.000040
[epoch:769 iter:150] data loss:0.000005, PDE loss:0.000000, physics loss:0.000032
[epoch:769 iter:200] data loss:0.000005, PDE loss:0.000000, physics loss:0.000036
[epoch:769 iter:50] data loss:0.000004, PDE loss:0.000000, physics loss:0.000077
[epoch:770 iter:50] data loss:0.000005, PDE loss:0.000000, physics loss:0.000035
[epoch:770 iter:100] data loss:0.000005, PDE loss:0.000000, physics loss:0.000055
[epoch:770 iter:150] data loss:0.000005, PDE loss:0.000000, physics loss:0.000031
[epoch:770 iter:200] data loss:0.000005, PDE loss:0.000000, physics loss:0.000050
[epoch:770 iter:50] data loss:0.000005, PDE loss:0.000000, physics loss:0.000067
[epoch:771 iter:50] data loss:0.000005, PDE loss:0.000000, physics loss:0.000043
[epoch:771 iter:100] data loss:0.000006, PDE loss:0.000000, physics loss:0.000055
[epoch:771 iter:150] data loss:0.000005, PDE loss:0.000000, physics loss:0.000042
[epoch:771 iter:200] data loss:0.000004, PDE loss:0.000000, physics loss:0.000039
[epoch:771 iter:50] data loss:0.000012, PDE loss:0.000000, physics loss:0.000081
[epoch:772 iter:50] data loss:0.000005, PDE loss:0.000000, physics loss:0.000037
[epoch:772 iter:100] data loss:0.000004, PDE loss:0.000000, physics loss:0.000052
[epoch:772 iter:150] data loss:0.000005, PDE loss:0.000000, physics loss:0.000041
[epoch:772 iter:200] data loss:0.000005, PDE loss:0.000000, physics loss:0.000068
[epoch:772 iter:50] data loss:0.000006, PDE loss:0.000000, physics loss:0.000047
[epoch:773 iter:50] data loss:0.000004, PDE loss:0.000000, physics loss:0.000047
[epoch:773 iter:100] data loss:0.000005, PDE loss:0.000000, physics loss:0.000037
[epoch:773 iter:150] data loss:0.000005, PDE loss:0.000000, physics loss:0.000052
[epoch:773 iter:200] data loss:0.000006, PDE loss:0.000000, physics loss:0.000039
[epoch:773 iter:50] data loss:0.000004, PDE loss:0.000000, physics loss:0.000057
[epoch:774 iter:50] data loss:0.000005, PDE loss:0.000000, physics loss:0.000036
[epoch:774 iter:100] data loss:0.000004, PDE loss:0.000000, physics loss:0.000048
[epoch:774 iter:150] data loss:0.000005, PDE loss:0.000000, physics loss:0.000042
[epoch:774 iter:200] data loss:0.000004, PDE loss:0.000000, physics loss:0.000036
[epoch:774 iter:50] data loss:0.000006, PDE loss:0.000000, physics loss:0.000129
[epoch:775 iter:50] data loss:0.000005, PDE loss:0.000000, physics loss:0.000031
[epoch:775 iter:100] data loss:0.000006, PDE loss:0.000000, physics loss:0.000053
[epoch:775 iter:150] data loss:0.000005, PDE loss:0.000000, physics loss:0.000026
[epoch:775 iter:200] data loss:0.000005, PDE loss:0.000000, physics loss:0.000047
[epoch:775 iter:50] data loss:0.000028, PDE loss:0.000000, physics loss:0.001031
[epoch:776 iter:50] data loss:0.000004, PDE loss:0.000000, physics loss:0.000048
[epoch:776 iter:100] data loss:0.000004, PDE loss:0.000000, physics loss:0.000029
[epoch:776 iter:150] data loss:0.000004, PDE loss:0.000000, physics loss:0.000032
[epoch:776 iter:200] data loss:0.000004, PDE loss:0.000000, physics loss:0.000043
[epoch:776 iter:50] data loss:0.000011, PDE loss:0.000000, physics loss:0.000060
[epoch:777 iter:50] data loss:0.000005, PDE loss:0.000000, physics loss:0.000036
[epoch:777 iter:100] data loss:0.000005, PDE loss:0.000000, physics loss:0.000048
[epoch:777 iter:150] data loss:0.000004, PDE loss:0.000000, physics loss:0.000053
[epoch:777 iter:200] data loss:0.000005, PDE loss:0.000000, physics loss:0.000041
[epoch:777 iter:50] data loss:0.000005, PDE loss:0.000000, physics loss:0.000063
[epoch:778 iter:50] data loss:0.000005, PDE loss:0.000000, physics loss:0.000039
[epoch:778 iter:100] data loss:0.000004, PDE loss:0.000000, physics loss:0.000048
[epoch:778 iter:150] data loss:0.000004, PDE loss:0.000000, physics loss:0.000049
[epoch:778 iter:200] data loss:0.000005, PDE loss:0.000000, physics loss:0.000049
[epoch:778 iter:50] data loss:0.000027, PDE loss:0.000000, physics loss:0.000954
[epoch:779 iter:50] data loss:0.000005, PDE loss:0.000000, physics loss:0.000040
[epoch:779 iter:100] data loss:0.000005, PDE loss:0.000000, physics loss:0.000042
[epoch:779 iter:150] data loss:0.000005, PDE loss:0.000000, physics loss:0.000028
[epoch:779 iter:200] data loss:0.000006, PDE loss:0.000000, physics loss:0.000055
[epoch:779 iter:50] data loss:0.000004, PDE loss:0.000000, physics loss:0.000069
[epoch:780 iter:50] data loss:0.000005, PDE loss:0.000000, physics loss:0.000050
[epoch:780 iter:100] data loss:0.000005, PDE loss:0.000000, physics loss:0.000055
[epoch:780 iter:150] data loss:0.000006, PDE loss:0.000000, physics loss:0.000033
[epoch:780 iter:200] data loss:0.000005, PDE loss:0.000000, physics loss:0.000056
[epoch:780 iter:50] data loss:0.000005, PDE loss:0.000000, physics loss:0.000091
[epoch:781 iter:50] data loss:0.000006, PDE loss:0.000000, physics loss:0.000053
[epoch:781 iter:100] data loss:0.000005, PDE loss:0.000000, physics loss:0.000039
[epoch:781 iter:150] data loss:0.000005, PDE loss:0.000000, physics loss:0.000048
[epoch:781 iter:200] data loss:0.000005, PDE loss:0.000000, physics loss:0.000039
[epoch:781 iter:50] data loss:0.000005, PDE loss:0.000000, physics loss:0.000041
[epoch:782 iter:50] data loss:0.000005, PDE loss:0.000000, physics loss:0.000045
[epoch:782 iter:100] data loss:0.000005, PDE loss:0.000000, physics loss:0.000054
[epoch:782 iter:150] data loss:0.000005, PDE loss:0.000000, physics loss:0.000049
[epoch:782 iter:200] data loss:0.000005, PDE loss:0.000000, physics loss:0.000038
[epoch:782 iter:50] data loss:0.000004, PDE loss:0.000000, physics loss:0.000059
[epoch:783 iter:50] data loss:0.000004, PDE loss:0.000000, physics loss:0.000034
[epoch:783 iter:100] data loss:0.000005, PDE loss:0.000000, physics loss:0.000049
[epoch:783 iter:150] data loss:0.000005, PDE loss:0.000000, physics loss:0.000026
[epoch:783 iter:200] data loss:0.000005, PDE loss:0.000000, physics loss:0.000039
[epoch:783 iter:50] data loss:0.000006, PDE loss:0.000000, physics loss:0.000081
[epoch:784 iter:50] data loss:0.000007, PDE loss:0.000000, physics loss:0.000091
[epoch:784 iter:100] data loss:0.000005, PDE loss:0.000000, physics loss:0.000075
[epoch:784 iter:150] data loss:0.000004, PDE loss:0.000000, physics loss:0.000029
[epoch:784 iter:200] data loss:0.000005, PDE loss:0.000000, physics loss:0.000046
[epoch:784 iter:50] data loss:0.000005, PDE loss:0.000000, physics loss:0.000065
[epoch:785 iter:50] data loss:0.000006, PDE loss:0.000000, physics loss:0.000082
[epoch:785 iter:100] data loss:0.000005, PDE loss:0.000000, physics loss:0.000050
[epoch:785 iter:150] data loss:0.000004, PDE loss:0.000000, physics loss:0.000031
[epoch:785 iter:200] data loss:0.000004, PDE loss:0.000000, physics loss:0.000053
[epoch:785 iter:50] data loss:0.000008, PDE loss:0.000000, physics loss:0.000063
[epoch:786 iter:50] data loss:0.000004, PDE loss:0.000000, physics loss:0.000043
[epoch:786 iter:100] data loss:0.000005, PDE loss:0.000000, physics loss:0.000062
[epoch:786 iter:150] data loss:0.000005, PDE loss:0.000000, physics loss:0.000048
[epoch:786 iter:200] data loss:0.000004, PDE loss:0.000000, physics loss:0.000034
[epoch:786 iter:50] data loss:0.000005, PDE loss:0.000000, physics loss:0.000054
[epoch:787 iter:50] data loss:0.000006, PDE loss:0.000000, physics loss:0.000048
[epoch:787 iter:100] data loss:0.000005, PDE loss:0.000000, physics loss:0.000046
[epoch:787 iter:150] data loss:0.000005, PDE loss:0.000000, physics loss:0.000045
[epoch:787 iter:200] data loss:0.000005, PDE loss:0.000000, physics loss:0.000052
[epoch:787 iter:50] data loss:0.000005, PDE loss:0.000000, physics loss:0.000050
[epoch:788 iter:50] data loss:0.000005, PDE loss:0.000000, physics loss:0.000038
[epoch:788 iter:100] data loss:0.000005, PDE loss:0.000000, physics loss:0.000053
[epoch:788 iter:150] data loss:0.000007, PDE loss:0.000000, physics loss:0.000055
[epoch:788 iter:200] data loss:0.000005, PDE loss:0.000000, physics loss:0.000039
[epoch:788 iter:50] data loss:0.000009, PDE loss:0.000000, physics loss:0.000048
[epoch:789 iter:50] data loss:0.000005, PDE loss:0.000000, physics loss:0.000077
[epoch:789 iter:100] data loss:0.000005, PDE loss:0.000000, physics loss:0.000044
[epoch:789 iter:150] data loss:0.000005, PDE loss:0.000000, physics loss:0.000036
[epoch:789 iter:200] data loss:0.000004, PDE loss:0.000000, physics loss:0.000043
[epoch:789 iter:50] data loss:0.000006, PDE loss:0.000000, physics loss:0.000067
[epoch:790 iter:50] data loss:0.000005, PDE loss:0.000000, physics loss:0.000031
[epoch:790 iter:100] data loss:0.000005, PDE loss:0.000000, physics loss:0.000058
[epoch:790 iter:150] data loss:0.000006, PDE loss:0.000000, physics loss:0.000042
[epoch:790 iter:200] data loss:0.000005, PDE loss:0.000000, physics loss:0.000046
[epoch:790 iter:50] data loss:0.000006, PDE loss:0.000000, physics loss:0.000055
[epoch:791 iter:50] data loss:0.000005, PDE loss:0.000000, physics loss:0.000047
[epoch:791 iter:100] data loss:0.000005, PDE loss:0.000000, physics loss:0.000052
[epoch:791 iter:150] data loss:0.000004, PDE loss:0.000000, physics loss:0.000036
[epoch:791 iter:200] data loss:0.000004, PDE loss:0.000000, physics loss:0.000046
[epoch:791 iter:50] data loss:0.000005, PDE loss:0.000000, physics loss:0.000047
[epoch:792 iter:50] data loss:0.000005, PDE loss:0.000000, physics loss:0.000048
[epoch:792 iter:100] data loss:0.000005, PDE loss:0.000000, physics loss:0.000042
[epoch:792 iter:150] data loss:0.000005, PDE loss:0.000000, physics loss:0.000038
[epoch:792 iter:200] data loss:0.000005, PDE loss:0.000000, physics loss:0.000038
[epoch:792 iter:50] data loss:0.000007, PDE loss:0.000000, physics loss:0.000049
[epoch:793 iter:50] data loss:0.000010, PDE loss:0.000000, physics loss:0.000059
[epoch:793 iter:100] data loss:0.000004, PDE loss:0.000000, physics loss:0.000039
[epoch:793 iter:150] data loss:0.000005, PDE loss:0.000000, physics loss:0.000048
[epoch:793 iter:200] data loss:0.000006, PDE loss:0.000000, physics loss:0.000049
[epoch:793 iter:50] data loss:0.000009, PDE loss:0.000000, physics loss:0.000065
[epoch:794 iter:50] data loss:0.000005, PDE loss:0.000000, physics loss:0.000050
[epoch:794 iter:100] data loss:0.000004, PDE loss:0.000000, physics loss:0.000052
[epoch:794 iter:150] data loss:0.000005, PDE loss:0.000000, physics loss:0.000049
[epoch:794 iter:200] data loss:0.000006, PDE loss:0.000000, physics loss:0.000049
[epoch:794 iter:50] data loss:0.000006, PDE loss:0.000000, physics loss:0.000068
[epoch:795 iter:50] data loss:0.000005, PDE loss:0.000000, physics loss:0.000041
[epoch:795 iter:100] data loss:0.000005, PDE loss:0.000000, physics loss:0.000045
[epoch:795 iter:150] data loss:0.000005, PDE loss:0.000000, physics loss:0.000056
[epoch:795 iter:200] data loss:0.000013, PDE loss:0.000000, physics loss:0.000052
[epoch:795 iter:50] data loss:0.000005, PDE loss:0.000000, physics loss:0.000047
[epoch:796 iter:50] data loss:0.000005, PDE loss:0.000000, physics loss:0.000041
[epoch:796 iter:100] data loss:0.000015, PDE loss:0.000000, physics loss:0.000042
[epoch:796 iter:150] data loss:0.000005, PDE loss:0.000000, physics loss:0.000065
[epoch:796 iter:200] data loss:0.000005, PDE loss:0.000000, physics loss:0.000044
[epoch:796 iter:50] data loss:0.000005, PDE loss:0.000000, physics loss:0.000050
[epoch:797 iter:50] data loss:0.000005, PDE loss:0.000000, physics loss:0.000072
[epoch:797 iter:100] data loss:0.000005, PDE loss:0.000000, physics loss:0.000035
[epoch:797 iter:150] data loss:0.000005, PDE loss:0.000000, physics loss:0.000046
[epoch:797 iter:200] data loss:0.000004, PDE loss:0.000000, physics loss:0.000050
[epoch:797 iter:50] data loss:0.000006, PDE loss:0.000000, physics loss:0.000051
[epoch:798 iter:50] data loss:0.000012, PDE loss:0.000000, physics loss:0.000040
[epoch:798 iter:100] data loss:0.000004, PDE loss:0.000000, physics loss:0.000044
[epoch:798 iter:150] data loss:0.000004, PDE loss:0.000000, physics loss:0.000039
[epoch:798 iter:200] data loss:0.000005, PDE loss:0.000000, physics loss:0.000074
[epoch:798 iter:50] data loss:0.000005, PDE loss:0.000000, physics loss:0.000053
[epoch:799 iter:50] data loss:0.000006, PDE loss:0.000000, physics loss:0.000055
[epoch:799 iter:100] data loss:0.000005, PDE loss:0.000000, physics loss:0.000059
[epoch:799 iter:150] data loss:0.000005, PDE loss:0.000000, physics loss:0.000054
[epoch:799 iter:200] data loss:0.000004, PDE loss:0.000000, physics loss:0.000053
[epoch:799 iter:50] data loss:0.000006, PDE loss:0.000000, physics loss:0.000055
[epoch:800 iter:50] data loss:0.000004, PDE loss:0.000000, physics loss:0.000043
[epoch:800 iter:100] data loss:0.000004, PDE loss:0.000000, physics loss:0.000040
[epoch:800 iter:150] data loss:0.000005, PDE loss:0.000000, physics loss:0.000039
[epoch:800 iter:200] data loss:0.000005, PDE loss:0.000000, physics loss:0.000059
[epoch:800 iter:50] data loss:0.000005, PDE loss:0.000000, physics loss:0.000034
[epoch:801 iter:50] data loss:0.000005, PDE loss:0.000000, physics loss:0.000049
[epoch:801 iter:100] data loss:0.000005, PDE loss:0.000000, physics loss:0.000039
[epoch:801 iter:150] data loss:0.000004, PDE loss:0.000000, physics loss:0.000042
[epoch:801 iter:200] data loss:0.000005, PDE loss:0.000000, physics loss:0.000038
[epoch:801 iter:50] data loss:0.000006, PDE loss:0.000000, physics loss:0.000069
[epoch:802 iter:50] data loss:0.000005, PDE loss:0.000000, physics loss:0.000027
[epoch:802 iter:100] data loss:0.000005, PDE loss:0.000000, physics loss:0.000057
[epoch:802 iter:150] data loss:0.000004, PDE loss:0.000000, physics loss:0.000035
[epoch:802 iter:200] data loss:0.000007, PDE loss:0.000000, physics loss:0.000042
[epoch:802 iter:50] data loss:0.000005, PDE loss:0.000000, physics loss:0.000054
[epoch:803 iter:50] data loss:0.000005, PDE loss:0.000000, physics loss:0.000050
[epoch:803 iter:100] data loss:0.000005, PDE loss:0.000000, physics loss:0.000035
[epoch:803 iter:150] data loss:0.000005, PDE loss:0.000000, physics loss:0.000042
[epoch:803 iter:200] data loss:0.000004, PDE loss:0.000000, physics loss:0.000042
[epoch:803 iter:50] data loss:0.000005, PDE loss:0.000000, physics loss:0.000058
[epoch:804 iter:50] data loss:0.000004, PDE loss:0.000000, physics loss:0.000053
[epoch:804 iter:100] data loss:0.000004, PDE loss:0.000000, physics loss:0.000039
[epoch:804 iter:150] data loss:0.000005, PDE loss:0.000000, physics loss:0.000042
[epoch:804 iter:200] data loss:0.000004, PDE loss:0.000000, physics loss:0.000039
[epoch:804 iter:50] data loss:0.000004, PDE loss:0.000000, physics loss:0.000046
[epoch:805 iter:50] data loss:0.000005, PDE loss:0.000000, physics loss:0.000047
[epoch:805 iter:100] data loss:0.000004, PDE loss:0.000000, physics loss:0.000044
[epoch:805 iter:150] data loss:0.000005, PDE loss:0.000000, physics loss:0.000052
[epoch:805 iter:200] data loss:0.000006, PDE loss:0.000000, physics loss:0.000066
[epoch:805 iter:50] data loss:0.000006, PDE loss:0.000000, physics loss:0.000064
[epoch:806 iter:50] data loss:0.000005, PDE loss:0.000000, physics loss:0.000034
[epoch:806 iter:100] data loss:0.000005, PDE loss:0.000000, physics loss:0.000046
[epoch:806 iter:150] data loss:0.000006, PDE loss:0.000000, physics loss:0.000064
[epoch:806 iter:200] data loss:0.000005, PDE loss:0.000000, physics loss:0.000044
[epoch:806 iter:50] data loss:0.000007, PDE loss:0.000000, physics loss:0.000055
[epoch:807 iter:50] data loss:0.000005, PDE loss:0.000000, physics loss:0.000041
[epoch:807 iter:100] data loss:0.000004, PDE loss:0.000000, physics loss:0.000038
[epoch:807 iter:150] data loss:0.000007, PDE loss:0.000000, physics loss:0.000034
[epoch:807 iter:200] data loss:0.000004, PDE loss:0.000000, physics loss:0.000053
[epoch:807 iter:50] data loss:0.000013, PDE loss:0.000000, physics loss:0.000070
[epoch:808 iter:50] data loss:0.000005, PDE loss:0.000000, physics loss:0.000044
[epoch:808 iter:100] data loss:0.000004, PDE loss:0.000000, physics loss:0.000042
[epoch:808 iter:150] data loss:0.000004, PDE loss:0.000000, physics loss:0.000059
[epoch:808 iter:200] data loss:0.000005, PDE loss:0.000000, physics loss:0.000047
[epoch:808 iter:50] data loss:0.000005, PDE loss:0.000000, physics loss:0.000070
[epoch:809 iter:50] data loss:0.000005, PDE loss:0.000000, physics loss:0.000046
[epoch:809 iter:100] data loss:0.000004, PDE loss:0.000000, physics loss:0.000030
[epoch:809 iter:150] data loss:0.000004, PDE loss:0.000000, physics loss:0.000041
[epoch:809 iter:200] data loss:0.000005, PDE loss:0.000000, physics loss:0.000052
[epoch:809 iter:50] data loss:0.000008, PDE loss:0.000000, physics loss:0.000076
[epoch:810 iter:50] data loss:0.000006, PDE loss:0.000000, physics loss:0.000048
[epoch:810 iter:100] data loss:0.000005, PDE loss:0.000000, physics loss:0.000046
[epoch:810 iter:150] data loss:0.000005, PDE loss:0.000000, physics loss:0.000039
[epoch:810 iter:200] data loss:0.000005, PDE loss:0.000000, physics loss:0.000066
[epoch:810 iter:50] data loss:0.000004, PDE loss:0.000000, physics loss:0.000056
[epoch:811 iter:50] data loss:0.000004, PDE loss:0.000000, physics loss:0.000036
[epoch:811 iter:100] data loss:0.000006, PDE loss:0.000000, physics loss:0.000051
[epoch:811 iter:150] data loss:0.000005, PDE loss:0.000000, physics loss:0.000055
[epoch:811 iter:200] data loss:0.000005, PDE loss:0.000000, physics loss:0.000041
[epoch:811 iter:50] data loss:0.000012, PDE loss:0.000000, physics loss:0.000056
[epoch:812 iter:50] data loss:0.000004, PDE loss:0.000000, physics loss:0.000040
[epoch:812 iter:100] data loss:0.000005, PDE loss:0.000000, physics loss:0.000074
[epoch:812 iter:150] data loss:0.000004, PDE loss:0.000000, physics loss:0.000036
[epoch:812 iter:200] data loss:0.000005, PDE loss:0.000000, physics loss:0.000058
[epoch:812 iter:50] data loss:0.000004, PDE loss:0.000000, physics loss:0.000051
[epoch:813 iter:50] data loss:0.000006, PDE loss:0.000000, physics loss:0.000054
[epoch:813 iter:100] data loss:0.000004, PDE loss:0.000000, physics loss:0.000047
[epoch:813 iter:150] data loss:0.000004, PDE loss:0.000000, physics loss:0.000043
[epoch:813 iter:200] data loss:0.000005, PDE loss:0.000000, physics loss:0.000056
[epoch:813 iter:50] data loss:0.000027, PDE loss:0.000000, physics loss:0.000487
[epoch:814 iter:50] data loss:0.000005, PDE loss:0.000000, physics loss:0.000038
[epoch:814 iter:100] data loss:0.000004, PDE loss:0.000000, physics loss:0.000032
[epoch:814 iter:150] data loss:0.000004, PDE loss:0.000000, physics loss:0.000040
[epoch:814 iter:200] data loss:0.000004, PDE loss:0.000000, physics loss:0.000051
[epoch:814 iter:50] data loss:0.000005, PDE loss:0.000000, physics loss:0.000083
[epoch:815 iter:50] data loss:0.000005, PDE loss:0.000000, physics loss:0.000050
[epoch:815 iter:100] data loss:0.000005, PDE loss:0.000000, physics loss:0.000042
[epoch:815 iter:150] data loss:0.000005, PDE loss:0.000000, physics loss:0.000036
[epoch:815 iter:200] data loss:0.000005, PDE loss:0.000000, physics loss:0.000047
[epoch:815 iter:50] data loss:0.000005, PDE loss:0.000000, physics loss:0.000071

  ERROR on DeepOPINN MIT: list index out of range

============================================================
  Phase 1: Training DeepOPINN on HUST (one_batch)
============================================================
  Train: 86234 samples
  Valid: 21559 samples
  Test:  35302 samples
  g_dim: 16
  Training ...
[epoch:1 iter:50] data loss:0.003442, PDE loss:0.011233, physics loss:0.001522
[epoch:1 iter:100] data loss:0.001418, PDE loss:0.009716, physics loss:0.001049
[epoch:1 iter:150] data loss:0.000924, PDE loss:0.008753, physics loss:0.000958
[epoch:1 iter:200] data loss:0.000744, PDE loss:0.007981, physics loss:0.000454
[epoch:1 iter:250] data loss:0.000744, PDE loss:0.006733, physics loss:0.000449
[epoch:1 iter:300] data loss:0.000607, PDE loss:0.005854, physics loss:0.000470
[epoch:1 iter:50] data loss:0.000216, PDE loss:0.000019, physics loss:0.000050
[epoch:2 iter:50] data loss:0.000363, PDE loss:0.004761, physics loss:0.000385
[epoch:2 iter:100] data loss:0.000360, PDE loss:0.003809, physics loss:0.000297
[epoch:2 iter:150] data loss:0.000429, PDE loss:0.004166, physics loss:0.000435
[epoch:2 iter:200] data loss:0.000309, PDE loss:0.002973, physics loss:0.000318
[epoch:2 iter:250] data loss:0.000366, PDE loss:0.002574, physics loss:0.000498
[epoch:2 iter:300] data loss:0.000322, PDE loss:0.002752, physics loss:0.000251
[epoch:2 iter:50] data loss:0.000138, PDE loss:0.000021, physics loss:0.000053
[epoch:3 iter:50] data loss:0.000279, PDE loss:0.002516, physics loss:0.000380
[epoch:3 iter:100] data loss:0.000333, PDE loss:0.002033, physics loss:0.000395
[epoch:3 iter:150] data loss:0.000314, PDE loss:0.001955, physics loss:0.000457
[epoch:3 iter:200] data loss:0.000221, PDE loss:0.001531, physics loss:0.000299
[epoch:3 iter:250] data loss:0.000225, PDE loss:0.001476, physics loss:0.000341
[epoch:3 iter:300] data loss:0.000187, PDE loss:0.001455, physics loss:0.000286
[epoch:3 iter:50] data loss:0.000125, PDE loss:0.000009, physics loss:0.000071
[epoch:4 iter:50] data loss:0.000196, PDE loss:0.001103, physics loss:0.000320
[epoch:4 iter:100] data loss:0.000205, PDE loss:0.001221, physics loss:0.000299
[epoch:4 iter:150] data loss:0.000203, PDE loss:0.001041, physics loss:0.000282
[epoch:4 iter:200] data loss:0.000194, PDE loss:0.001003, physics loss:0.000205
[epoch:4 iter:250] data loss:0.000159, PDE loss:0.000915, physics loss:0.000274
[epoch:4 iter:300] data loss:0.000178, PDE loss:0.000973, physics loss:0.000235
[epoch:4 iter:50] data loss:0.000137, PDE loss:0.000004, physics loss:0.000063
[epoch:5 iter:50] data loss:0.000143, PDE loss:0.000857, physics loss:0.000182
[epoch:5 iter:100] data loss:0.000136, PDE loss:0.000721, physics loss:0.000264
[epoch:5 iter:150] data loss:0.000137, PDE loss:0.000635, physics loss:0.000214
[epoch:5 iter:200] data loss:0.000115, PDE loss:0.000577, physics loss:0.000233
[epoch:5 iter:250] data loss:0.000144, PDE loss:0.000589, physics loss:0.000220
[epoch:5 iter:300] data loss:0.000127, PDE loss:0.000609, physics loss:0.000180
[epoch:5 iter:50] data loss:0.000054, PDE loss:0.000005, physics loss:0.000073
[epoch:6 iter:50] data loss:0.000130, PDE loss:0.000521, physics loss:0.000255
[epoch:6 iter:100] data loss:0.000129, PDE loss:0.000475, physics loss:0.000145
[epoch:6 iter:150] data loss:0.000125, PDE loss:0.000442, physics loss:0.000172
[epoch:6 iter:200] data loss:0.000137, PDE loss:0.000513, physics loss:0.000219
[epoch:6 iter:250] data loss:0.000129, PDE loss:0.000395, physics loss:0.000242
[epoch:6 iter:300] data loss:0.000124, PDE loss:0.000387, physics loss:0.000284
[epoch:6 iter:50] data loss:0.000082, PDE loss:0.000001, physics loss:0.000047
[epoch:7 iter:50] data loss:0.000136, PDE loss:0.000449, physics loss:0.000216
[epoch:7 iter:100] data loss:0.000129, PDE loss:0.000378, physics loss:0.000193
[epoch:7 iter:150] data loss:0.000128, PDE loss:0.000302, physics loss:0.000150
[epoch:7 iter:200] data loss:0.000108, PDE loss:0.000364, physics loss:0.000178
[epoch:7 iter:250] data loss:0.000108, PDE loss:0.000322, physics loss:0.000183
[epoch:7 iter:300] data loss:0.000137, PDE loss:0.000364, physics loss:0.000125
[epoch:7 iter:50] data loss:0.000068, PDE loss:0.000003, physics loss:0.000064
[epoch:8 iter:50] data loss:0.000101, PDE loss:0.000300, physics loss:0.000188
[epoch:8 iter:100] data loss:0.000109, PDE loss:0.000299, physics loss:0.000181
[epoch:8 iter:150] data loss:0.000125, PDE loss:0.000247, physics loss:0.000201
[epoch:8 iter:200] data loss:0.000087, PDE loss:0.000230, physics loss:0.000258
[epoch:8 iter:250] data loss:0.000131, PDE loss:0.000253, physics loss:0.000235
[epoch:8 iter:300] data loss:0.000111, PDE loss:0.000294, physics loss:0.000282
[epoch:8 iter:50] data loss:0.000042, PDE loss:0.000001, physics loss:0.000065
[epoch:9 iter:50] data loss:0.000078, PDE loss:0.000217, physics loss:0.000152
[epoch:9 iter:100] data loss:0.000118, PDE loss:0.000240, physics loss:0.000167
[epoch:9 iter:150] data loss:0.000105, PDE loss:0.000197, physics loss:0.000116
[epoch:9 iter:200] data loss:0.000089, PDE loss:0.000260, physics loss:0.000155
[epoch:9 iter:250] data loss:0.000102, PDE loss:0.000211, physics loss:0.000196
[epoch:9 iter:300] data loss:0.000113, PDE loss:0.000219, physics loss:0.000185
[epoch:9 iter:50] data loss:0.000051, PDE loss:0.000001, physics loss:0.000072
[epoch:10 iter:50] data loss:0.000080, PDE loss:0.000182, physics loss:0.000163
[epoch:10 iter:100] data loss:0.000102, PDE loss:0.000195, physics loss:0.000205
[epoch:10 iter:150] data loss:0.000106, PDE loss:0.000182, physics loss:0.000184
[epoch:10 iter:200] data loss:0.000092, PDE loss:0.000189, physics loss:0.000190
[epoch:10 iter:250] data loss:0.000120, PDE loss:0.000189, physics loss:0.000162
[epoch:10 iter:300] data loss:0.000084, PDE loss:0.000162, physics loss:0.000151
[epoch:10 iter:50] data loss:0.000062, PDE loss:0.000001, physics loss:0.000090
[epoch:11 iter:50] data loss:0.000092, PDE loss:0.000178, physics loss:0.000196
[epoch:11 iter:100] data loss:0.000093, PDE loss:0.000161, physics loss:0.000181
[epoch:11 iter:150] data loss:0.000088, PDE loss:0.000148, physics loss:0.000244
[epoch:11 iter:200] data loss:0.000139, PDE loss:0.000153, physics loss:0.000159
[epoch:11 iter:250] data loss:0.000103, PDE loss:0.000162, physics loss:0.000174
[epoch:11 iter:300] data loss:0.000163, PDE loss:0.000179, physics loss:0.000191
[epoch:11 iter:50] data loss:0.000040, PDE loss:0.000000, physics loss:0.000102
[epoch:12 iter:50] data loss:0.000082, PDE loss:0.000140, physics loss:0.000169
[epoch:12 iter:100] data loss:0.000090, PDE loss:0.000136, physics loss:0.000153
[epoch:12 iter:150] data loss:0.000094, PDE loss:0.000156, physics loss:0.000211
[epoch:12 iter:200] data loss:0.000101, PDE loss:0.000143, physics loss:0.000190
[epoch:12 iter:250] data loss:0.000126, PDE loss:0.000138, physics loss:0.000153
[epoch:12 iter:300] data loss:0.000080, PDE loss:0.000135, physics loss:0.000180
[epoch:12 iter:50] data loss:0.000050, PDE loss:0.000000, physics loss:0.000057
[epoch:13 iter:50] data loss:0.000118, PDE loss:0.000124, physics loss:0.000178
[epoch:13 iter:100] data loss:0.000086, PDE loss:0.000122, physics loss:0.000189
[epoch:13 iter:150] data loss:0.000074, PDE loss:0.000120, physics loss:0.000115
[epoch:13 iter:200] data loss:0.000094, PDE loss:0.000121, physics loss:0.000185
[epoch:13 iter:250] data loss:0.000100, PDE loss:0.000119, physics loss:0.000183
[epoch:13 iter:300] data loss:0.000082, PDE loss:0.000107, physics loss:0.000202
[epoch:13 iter:50] data loss:0.000056, PDE loss:0.000001, physics loss:0.000060
[epoch:14 iter:50] data loss:0.000100, PDE loss:0.000105, physics loss:0.000185
[epoch:14 iter:100] data loss:0.000108, PDE loss:0.000107, physics loss:0.000227
[epoch:14 iter:150] data loss:0.000072, PDE loss:0.000095, physics loss:0.000148
[epoch:14 iter:200] data loss:0.000081, PDE loss:0.000099, physics loss:0.000153
[epoch:14 iter:250] data loss:0.000074, PDE loss:0.000099, physics loss:0.000186
[epoch:14 iter:300] data loss:0.000078, PDE loss:0.000095, physics loss:0.000202
[epoch:14 iter:50] data loss:0.000046, PDE loss:0.000000, physics loss:0.000055
[epoch:15 iter:50] data loss:0.000072, PDE loss:0.000093, physics loss:0.000145
[epoch:15 iter:100] data loss:0.000071, PDE loss:0.000084, physics loss:0.000157
[epoch:15 iter:150] data loss:0.000059, PDE loss:0.000094, physics loss:0.000123
[epoch:15 iter:200] data loss:0.000096, PDE loss:0.000086, physics loss:0.000161
[epoch:15 iter:250] data loss:0.000077, PDE loss:0.000085, physics loss:0.000146
[epoch:15 iter:300] data loss:0.000081, PDE loss:0.000082, physics loss:0.000147
[epoch:15 iter:50] data loss:0.000035, PDE loss:0.000000, physics loss:0.000078
[epoch:16 iter:50] data loss:0.000100, PDE loss:0.000085, physics loss:0.000164
[epoch:16 iter:100] data loss:0.000112, PDE loss:0.000093, physics loss:0.000162
[epoch:16 iter:150] data loss:0.000080, PDE loss:0.000083, physics loss:0.000179
[epoch:16 iter:200] data loss:0.000080, PDE loss:0.000090, physics loss:0.000189
[epoch:16 iter:250] data loss:0.000069, PDE loss:0.000083, physics loss:0.000173
[epoch:16 iter:300] data loss:0.000145, PDE loss:0.000071, physics loss:0.000161
[epoch:16 iter:50] data loss:0.000049, PDE loss:0.000001, physics loss:0.000069
[epoch:17 iter:50] data loss:0.000075, PDE loss:0.000081, physics loss:0.000166
[epoch:17 iter:100] data loss:0.000080, PDE loss:0.000070, physics loss:0.000120
[epoch:17 iter:150] data loss:0.000068, PDE loss:0.000073, physics loss:0.000112
[epoch:17 iter:200] data loss:0.000073, PDE loss:0.000077, physics loss:0.000167
[epoch:17 iter:250] data loss:0.000079, PDE loss:0.000074, physics loss:0.000114
[epoch:17 iter:300] data loss:0.000062, PDE loss:0.000069, physics loss:0.000149
[epoch:17 iter:50] data loss:0.000043, PDE loss:0.000000, physics loss:0.000070
[epoch:18 iter:50] data loss:0.000067, PDE loss:0.000065, physics loss:0.000167
[epoch:18 iter:100] data loss:0.000065, PDE loss:0.000059, physics loss:0.000203
[epoch:18 iter:150] data loss:0.000068, PDE loss:0.000077, physics loss:0.000146
[epoch:18 iter:200] data loss:0.000087, PDE loss:0.000061, physics loss:0.000158
[epoch:18 iter:250] data loss:0.000076, PDE loss:0.000063, physics loss:0.000139
[epoch:18 iter:300] data loss:0.000078, PDE loss:0.000060, physics loss:0.000124
[epoch:18 iter:50] data loss:0.000050, PDE loss:0.000001, physics loss:0.000067
[epoch:19 iter:50] data loss:0.000059, PDE loss:0.000057, physics loss:0.000128
[epoch:19 iter:100] data loss:0.000062, PDE loss:0.000067, physics loss:0.000142
[epoch:19 iter:150] data loss:0.000063, PDE loss:0.000060, physics loss:0.000131
[epoch:19 iter:200] data loss:0.000098, PDE loss:0.000056, physics loss:0.000134
[epoch:19 iter:250] data loss:0.000101, PDE loss:0.000062, physics loss:0.000163
[epoch:19 iter:300] data loss:0.000065, PDE loss:0.000051, physics loss:0.000121
[epoch:19 iter:50] data loss:0.000060, PDE loss:0.000001, physics loss:0.000050
[epoch:20 iter:50] data loss:0.000070, PDE loss:0.000053, physics loss:0.000154
[epoch:20 iter:100] data loss:0.000102, PDE loss:0.000056, physics loss:0.000143
[epoch:20 iter:150] data loss:0.000080, PDE loss:0.000049, physics loss:0.000125
[epoch:20 iter:200] data loss:0.000071, PDE loss:0.000049, physics loss:0.000168
[epoch:20 iter:250] data loss:0.000058, PDE loss:0.000044, physics loss:0.000193
[epoch:20 iter:300] data loss:0.000060, PDE loss:0.000048, physics loss:0.000197
[epoch:20 iter:50] data loss:0.000036, PDE loss:0.000001, physics loss:0.000071
[epoch:21 iter:50] data loss:0.000064, PDE loss:0.000055, physics loss:0.000183
[epoch:21 iter:100] data loss:0.000061, PDE loss:0.000040, physics loss:0.000171
[epoch:21 iter:150] data loss:0.000057, PDE loss:0.000041, physics loss:0.000139
[epoch:21 iter:200] data loss:0.000062, PDE loss:0.000050, physics loss:0.000118
[epoch:21 iter:250] data loss:0.000066, PDE loss:0.000049, physics loss:0.000141
[epoch:21 iter:300] data loss:0.000061, PDE loss:0.000040, physics loss:0.000129
[epoch:21 iter:50] data loss:0.000041, PDE loss:0.000002, physics loss:0.000055
[epoch:22 iter:50] data loss:0.000065, PDE loss:0.000042, physics loss:0.000153
[epoch:22 iter:100] data loss:0.000052, PDE loss:0.000043, physics loss:0.000128
[epoch:22 iter:150] data loss:0.000072, PDE loss:0.000051, physics loss:0.000140
[epoch:22 iter:200] data loss:0.000089, PDE loss:0.000047, physics loss:0.000177
[epoch:22 iter:250] data loss:0.000059, PDE loss:0.000035, physics loss:0.000128
[epoch:22 iter:300] data loss:0.000055, PDE loss:0.000040, physics loss:0.000125
[epoch:22 iter:50] data loss:0.000032, PDE loss:0.000002, physics loss:0.000060
[epoch:23 iter:50] data loss:0.000046, PDE loss:0.000041, physics loss:0.000132
[epoch:23 iter:100] data loss:0.000049, PDE loss:0.000043, physics loss:0.000115
[epoch:23 iter:150] data loss:0.000053, PDE loss:0.000038, physics loss:0.000167
[epoch:23 iter:200] data loss:0.000050, PDE loss:0.000035, physics loss:0.000168
[epoch:23 iter:250] data loss:0.000057, PDE loss:0.000035, physics loss:0.000081
[epoch:23 iter:300] data loss:0.000057, PDE loss:0.000034, physics loss:0.000168
[epoch:23 iter:50] data loss:0.000045, PDE loss:0.000000, physics loss:0.000060
[epoch:24 iter:50] data loss:0.000065, PDE loss:0.000034, physics loss:0.000151
[epoch:24 iter:100] data loss:0.000061, PDE loss:0.000038, physics loss:0.000145
[epoch:24 iter:150] data loss:0.000056, PDE loss:0.000031, physics loss:0.000142
[epoch:24 iter:200] data loss:0.000054, PDE loss:0.000028, physics loss:0.000144
[epoch:24 iter:250] data loss:0.000055, PDE loss:0.000036, physics loss:0.000128
[epoch:24 iter:300] data loss:0.000061, PDE loss:0.000029, physics loss:0.000168
[epoch:24 iter:50] data loss:0.000038, PDE loss:0.000002, physics loss:0.000044
[epoch:25 iter:50] data loss:0.000050, PDE loss:0.000032, physics loss:0.000159
[epoch:25 iter:100] data loss:0.000049, PDE loss:0.000031, physics loss:0.000153
[epoch:25 iter:150] data loss:0.000047, PDE loss:0.000027, physics loss:0.000120
[epoch:25 iter:200] data loss:0.000057, PDE loss:0.000033, physics loss:0.000129
[epoch:25 iter:250] data loss:0.000050, PDE loss:0.000026, physics loss:0.000108
[epoch:25 iter:300] data loss:0.000050, PDE loss:0.000029, physics loss:0.000142
[epoch:25 iter:50] data loss:0.000043, PDE loss:0.000005, physics loss:0.000067
[epoch:26 iter:50] data loss:0.000055, PDE loss:0.000029, physics loss:0.000182
[epoch:26 iter:100] data loss:0.000050, PDE loss:0.000029, physics loss:0.000142
[epoch:26 iter:150] data loss:0.000057, PDE loss:0.000026, physics loss:0.000131
[epoch:26 iter:200] data loss:0.000061, PDE loss:0.000031, physics loss:0.000146
[epoch:26 iter:250] data loss:0.000051, PDE loss:0.000031, physics loss:0.000103
[epoch:26 iter:300] data loss:0.000070, PDE loss:0.000029, physics loss:0.000150
[epoch:26 iter:50] data loss:0.000032, PDE loss:0.000000, physics loss:0.000054
[epoch:27 iter:50] data loss:0.000048, PDE loss:0.000026, physics loss:0.000143
[epoch:27 iter:100] data loss:0.000048, PDE loss:0.000025, physics loss:0.000118
[epoch:27 iter:150] data loss:0.000057, PDE loss:0.000026, physics loss:0.000135
[epoch:27 iter:200] data loss:0.000062, PDE loss:0.000024, physics loss:0.000132
[epoch:27 iter:250] data loss:0.000047, PDE loss:0.000025, physics loss:0.000097
[epoch:27 iter:300] data loss:0.000049, PDE loss:0.000025, physics loss:0.000123
[epoch:27 iter:50] data loss:0.000037, PDE loss:0.000002, physics loss:0.000066
[epoch:28 iter:50] data loss:0.000058, PDE loss:0.000023, physics loss:0.000134
[epoch:28 iter:100] data loss:0.000047, PDE loss:0.000024, physics loss:0.000146
[epoch:28 iter:150] data loss:0.000066, PDE loss:0.000025, physics loss:0.000114
[epoch:28 iter:200] data loss:0.000046, PDE loss:0.000023, physics loss:0.000172
[epoch:28 iter:250] data loss:0.000043, PDE loss:0.000022, physics loss:0.000127
[epoch:28 iter:300] data loss:0.000054, PDE loss:0.000022, physics loss:0.000122
[epoch:28 iter:50] data loss:0.000028, PDE loss:0.000000, physics loss:0.000041
[epoch:29 iter:50] data loss:0.000043, PDE loss:0.000021, physics loss:0.000120
[epoch:29 iter:100] data loss:0.000054, PDE loss:0.000021, physics loss:0.000175
[epoch:29 iter:150] data loss:0.000049, PDE loss:0.000023, physics loss:0.000201
[epoch:29 iter:200] data loss:0.000047, PDE loss:0.000020, physics loss:0.000132
[epoch:29 iter:250] data loss:0.000052, PDE loss:0.000020, physics loss:0.000129
[epoch:29 iter:300] data loss:0.000083, PDE loss:0.000019, physics loss:0.000126
[epoch:29 iter:50] data loss:0.000028, PDE loss:0.000000, physics loss:0.000075
[epoch:30 iter:50] data loss:0.000057, PDE loss:0.000019, physics loss:0.000148
[epoch:30 iter:100] data loss:0.000037, PDE loss:0.000020, physics loss:0.000118
[epoch:30 iter:150] data loss:0.000042, PDE loss:0.000023, physics loss:0.000120
[epoch:30 iter:200] data loss:0.000052, PDE loss:0.000021, physics loss:0.000101
[epoch:30 iter:250] data loss:0.000039, PDE loss:0.000018, physics loss:0.000130
[epoch:30 iter:300] data loss:0.000037, PDE loss:0.000015, physics loss:0.000099
[epoch:30 iter:50] data loss:0.000037, PDE loss:0.000000, physics loss:0.000047
[epoch:31 iter:50] data loss:0.000046, PDE loss:0.000018, physics loss:0.000156
[epoch:31 iter:100] data loss:0.000046, PDE loss:0.000020, physics loss:0.000125
[epoch:31 iter:150] data loss:0.000042, PDE loss:0.000017, physics loss:0.000123
[epoch:31 iter:200] data loss:0.000040, PDE loss:0.000018, physics loss:0.000146
[epoch:31 iter:250] data loss:0.000044, PDE loss:0.000017, physics loss:0.000117
[epoch:31 iter:300] data loss:0.000045, PDE loss:0.000016, physics loss:0.000141
[epoch:31 iter:50] data loss:0.000038, PDE loss:0.000000, physics loss:0.000051
[epoch:32 iter:50] data loss:0.000045, PDE loss:0.000018, physics loss:0.000145
[epoch:32 iter:100] data loss:0.000040, PDE loss:0.000016, physics loss:0.000143
[epoch:32 iter:150] data loss:0.000045, PDE loss:0.000018, physics loss:0.000142
[epoch:32 iter:200] data loss:0.000042, PDE loss:0.000020, physics loss:0.000110
[epoch:32 iter:250] data loss:0.000045, PDE loss:0.000016, physics loss:0.000154
[epoch:32 iter:300] data loss:0.000061, PDE loss:0.000015, physics loss:0.000119
[epoch:32 iter:50] data loss:0.000030, PDE loss:0.000000, physics loss:0.000066
[epoch:33 iter:50] data loss:0.000042, PDE loss:0.000016, physics loss:0.000126
[epoch:33 iter:100] data loss:0.000052, PDE loss:0.000018, physics loss:0.000119
[epoch:33 iter:150] data loss:0.000041, PDE loss:0.000016, physics loss:0.000174
[epoch:33 iter:200] data loss:0.000050, PDE loss:0.000016, physics loss:0.000158
[epoch:33 iter:250] data loss:0.000041, PDE loss:0.000015, physics loss:0.000122
[epoch:33 iter:300] data loss:0.000038, PDE loss:0.000015, physics loss:0.000153
[epoch:33 iter:50] data loss:0.000023, PDE loss:0.000001, physics loss:0.000077
[epoch:34 iter:50] data loss:0.000044, PDE loss:0.000014, physics loss:0.000108
[epoch:34 iter:100] data loss:0.000042, PDE loss:0.000013, physics loss:0.000138
[epoch:34 iter:150] data loss:0.000050, PDE loss:0.000015, physics loss:0.000126
[epoch:34 iter:200] data loss:0.000049, PDE loss:0.000014, physics loss:0.000159
[epoch:34 iter:250] data loss:0.000044, PDE loss:0.000013, physics loss:0.000115
[epoch:34 iter:300] data loss:0.000039, PDE loss:0.000012, physics loss:0.000183
[epoch:34 iter:50] data loss:0.000023, PDE loss:0.000001, physics loss:0.000082
[epoch:35 iter:50] data loss:0.000041, PDE loss:0.000016, physics loss:0.000101
[epoch:35 iter:100] data loss:0.000044, PDE loss:0.000013, physics loss:0.000140
[epoch:35 iter:150] data loss:0.000049, PDE loss:0.000014, physics loss:0.000131
[epoch:35 iter:200] data loss:0.000046, PDE loss:0.000011, physics loss:0.000116
[epoch:35 iter:250] data loss:0.000048, PDE loss:0.000011, physics loss:0.000190
[epoch:35 iter:300] data loss:0.000039, PDE loss:0.000012, physics loss:0.000129
[epoch:35 iter:50] data loss:0.000030, PDE loss:0.000000, physics loss:0.000062
[epoch:36 iter:50] data loss:0.000050, PDE loss:0.000011, physics loss:0.000092
[epoch:36 iter:100] data loss:0.000052, PDE loss:0.000013, physics loss:0.000115
[epoch:36 iter:150] data loss:0.000049, PDE loss:0.000012, physics loss:0.000131
[epoch:36 iter:200] data loss:0.000040, PDE loss:0.000013, physics loss:0.000125
[epoch:36 iter:250] data loss:0.000046, PDE loss:0.000012, physics loss:0.000140
[epoch:36 iter:300] data loss:0.000044, PDE loss:0.000011, physics loss:0.000121
[epoch:36 iter:50] data loss:0.000027, PDE loss:0.000000, physics loss:0.000049
[epoch:37 iter:50] data loss:0.000047, PDE loss:0.000010, physics loss:0.000121
[epoch:37 iter:100] data loss:0.000044, PDE loss:0.000013, physics loss:0.000113
[epoch:37 iter:150] data loss:0.000054, PDE loss:0.000011, physics loss:0.000120
[epoch:37 iter:200] data loss:0.000036, PDE loss:0.000010, physics loss:0.000117
[epoch:37 iter:250] data loss:0.000052, PDE loss:0.000010, physics loss:0.000160
[epoch:37 iter:300] data loss:0.000044, PDE loss:0.000010, physics loss:0.000179
[epoch:37 iter:50] data loss:0.000021, PDE loss:0.000001, physics loss:0.000052
[epoch:38 iter:50] data loss:0.000053, PDE loss:0.000011, physics loss:0.000179
[epoch:38 iter:100] data loss:0.000045, PDE loss:0.000010, physics loss:0.000154
[epoch:38 iter:150] data loss:0.000039, PDE loss:0.000010, physics loss:0.000116
[epoch:38 iter:200] data loss:0.000038, PDE loss:0.000010, physics loss:0.000140
[epoch:38 iter:250] data loss:0.000041, PDE loss:0.000009, physics loss:0.000154
[epoch:38 iter:300] data loss:0.000044, PDE loss:0.000009, physics loss:0.000097
[epoch:38 iter:50] data loss:0.000020, PDE loss:0.000000, physics loss:0.000054
[epoch:39 iter:50] data loss:0.000042, PDE loss:0.000009, physics loss:0.000120
[epoch:39 iter:100] data loss:0.000039, PDE loss:0.000009, physics loss:0.000119
[epoch:39 iter:150] data loss:0.000037, PDE loss:0.000009, physics loss:0.000169
[epoch:39 iter:200] data loss:0.000043, PDE loss:0.000008, physics loss:0.000107
[epoch:39 iter:250] data loss:0.000039, PDE loss:0.000009, physics loss:0.000132
[epoch:39 iter:300] data loss:0.000043, PDE loss:0.000008, physics loss:0.000106
[epoch:39 iter:50] data loss:0.000018, PDE loss:0.000000, physics loss:0.000060
[epoch:40 iter:50] data loss:0.000043, PDE loss:0.000008, physics loss:0.000149
[epoch:40 iter:100] data loss:0.000042, PDE loss:0.000008, physics loss:0.000125
[epoch:40 iter:150] data loss:0.000032, PDE loss:0.000008, physics loss:0.000127
[epoch:40 iter:200] data loss:0.000038, PDE loss:0.000008, physics loss:0.000119
[epoch:40 iter:250] data loss:0.000047, PDE loss:0.000008, physics loss:0.000110
[epoch:40 iter:300] data loss:0.000036, PDE loss:0.000008, physics loss:0.000138
[epoch:40 iter:50] data loss:0.000020, PDE loss:0.000001, physics loss:0.000047
[epoch:41 iter:50] data loss:0.000040, PDE loss:0.000008, physics loss:0.000094
[epoch:41 iter:100] data loss:0.000040, PDE loss:0.000008, physics loss:0.000091
[epoch:41 iter:150] data loss:0.000044, PDE loss:0.000007, physics loss:0.000140
[epoch:41 iter:200] data loss:0.000037, PDE loss:0.000008, physics loss:0.000141
[epoch:41 iter:250] data loss:0.000037, PDE loss:0.000007, physics loss:0.000116
[epoch:41 iter:300] data loss:0.000040, PDE loss:0.000006, physics loss:0.000115
[epoch:41 iter:50] data loss:0.000025, PDE loss:0.000000, physics loss:0.000061
[epoch:42 iter:50] data loss:0.000044, PDE loss:0.000008, physics loss:0.000147
[epoch:42 iter:100] data loss:0.000038, PDE loss:0.000007, physics loss:0.000129
[epoch:42 iter:150] data loss:0.000035, PDE loss:0.000006, physics loss:0.000113
[epoch:42 iter:200] data loss:0.000031, PDE loss:0.000006, physics loss:0.000130
[epoch:42 iter:250] data loss:0.000035, PDE loss:0.000006, physics loss:0.000104
[epoch:42 iter:300] data loss:0.000041, PDE loss:0.000007, physics loss:0.000115
[epoch:42 iter:50] data loss:0.000026, PDE loss:0.000000, physics loss:0.000045
[epoch:43 iter:50] data loss:0.000031, PDE loss:0.000006, physics loss:0.000105
[epoch:43 iter:100] data loss:0.000041, PDE loss:0.000006, physics loss:0.000160
[epoch:43 iter:150] data loss:0.000043, PDE loss:0.000007, physics loss:0.000154
[epoch:43 iter:200] data loss:0.000037, PDE loss:0.000006, physics loss:0.000108
[epoch:43 iter:250] data loss:0.000036, PDE loss:0.000006, physics loss:0.000112
[epoch:43 iter:300] data loss:0.000034, PDE loss:0.000006, physics loss:0.000123
[epoch:43 iter:50] data loss:0.000020, PDE loss:0.000001, physics loss:0.000044
[epoch:44 iter:50] data loss:0.000040, PDE loss:0.000007, physics loss:0.000144
[epoch:44 iter:100] data loss:0.000040, PDE loss:0.000006, physics loss:0.000143
[epoch:44 iter:150] data loss:0.000043, PDE loss:0.000005, physics loss:0.000141
[epoch:44 iter:200] data loss:0.000038, PDE loss:0.000006, physics loss:0.000096
[epoch:44 iter:250] data loss:0.000036, PDE loss:0.000006, physics loss:0.000139
[epoch:44 iter:300] data loss:0.000045, PDE loss:0.000005, physics loss:0.000129
[epoch:44 iter:50] data loss:0.000020, PDE loss:0.000000, physics loss:0.000065
[epoch:45 iter:50] data loss:0.000036, PDE loss:0.000006, physics loss:0.000155
[epoch:45 iter:100] data loss:0.000036, PDE loss:0.000005, physics loss:0.000159
[epoch:45 iter:150] data loss:0.000035, PDE loss:0.000005, physics loss:0.000103
[epoch:45 iter:200] data loss:0.000035, PDE loss:0.000005, physics loss:0.000131
[epoch:45 iter:250] data loss:0.000040, PDE loss:0.000007, physics loss:0.000149
[epoch:45 iter:300] data loss:0.000038, PDE loss:0.000006, physics loss:0.000148
[epoch:45 iter:50] data loss:0.000021, PDE loss:0.000000, physics loss:0.000072
[epoch:46 iter:50] data loss:0.000031, PDE loss:0.000004, physics loss:0.000078
[epoch:46 iter:100] data loss:0.000040, PDE loss:0.000005, physics loss:0.000152
[epoch:46 iter:150] data loss:0.000036, PDE loss:0.000006, physics loss:0.000118
[epoch:46 iter:200] data loss:0.000037, PDE loss:0.000005, physics loss:0.000094
[epoch:46 iter:250] data loss:0.000035, PDE loss:0.000004, physics loss:0.000108
[epoch:46 iter:300] data loss:0.000030, PDE loss:0.000005, physics loss:0.000110
[epoch:46 iter:50] data loss:0.000020, PDE loss:0.000001, physics loss:0.000051
[epoch:47 iter:50] data loss:0.000037, PDE loss:0.000005, physics loss:0.000105
[epoch:47 iter:100] data loss:0.000039, PDE loss:0.000005, physics loss:0.000158
[epoch:47 iter:150] data loss:0.000035, PDE loss:0.000004, physics loss:0.000115
[epoch:47 iter:200] data loss:0.000034, PDE loss:0.000004, physics loss:0.000101
[epoch:47 iter:250] data loss:0.000036, PDE loss:0.000004, physics loss:0.000139
[epoch:47 iter:300] data loss:0.000031, PDE loss:0.000004, physics loss:0.000097
[epoch:47 iter:50] data loss:0.000018, PDE loss:0.000000, physics loss:0.000038
[epoch:48 iter:50] data loss:0.000035, PDE loss:0.000004, physics loss:0.000107
[epoch:48 iter:100] data loss:0.000036, PDE loss:0.000005, physics loss:0.000115
[epoch:48 iter:150] data loss:0.000031, PDE loss:0.000004, physics loss:0.000098
[epoch:48 iter:200] data loss:0.000037, PDE loss:0.000005, physics loss:0.000134
[epoch:48 iter:250] data loss:0.000036, PDE loss:0.000004, physics loss:0.000153
[epoch:48 iter:300] data loss:0.000029, PDE loss:0.000005, physics loss:0.000109
[epoch:48 iter:50] data loss:0.000017, PDE loss:0.000003, physics loss:0.000041
[epoch:49 iter:50] data loss:0.000033, PDE loss:0.000004, physics loss:0.000142
[epoch:49 iter:100] data loss:0.000030, PDE loss:0.000004, physics loss:0.000080
[epoch:49 iter:150] data loss:0.000025, PDE loss:0.000004, physics loss:0.000099
[epoch:49 iter:200] data loss:0.000036, PDE loss:0.000004, physics loss:0.000123
[epoch:49 iter:250] data loss:0.000026, PDE loss:0.000003, physics loss:0.000095
[epoch:49 iter:300] data loss:0.000026, PDE loss:0.000003, physics loss:0.000119
[epoch:49 iter:50] data loss:0.000020, PDE loss:0.000000, physics loss:0.000033
[epoch:50 iter:50] data loss:0.000048, PDE loss:0.000004, physics loss:0.000168
[epoch:50 iter:100] data loss:0.000039, PDE loss:0.000003, physics loss:0.000097
[epoch:50 iter:150] data loss:0.000030, PDE loss:0.000004, physics loss:0.000113
[epoch:50 iter:200] data loss:0.000033, PDE loss:0.000003, physics loss:0.000141
[epoch:50 iter:250] data loss:0.000032, PDE loss:0.000004, physics loss:0.000094
[epoch:50 iter:300] data loss:0.000033, PDE loss:0.000003, physics loss:0.000124
[epoch:50 iter:50] data loss:0.000033, PDE loss:0.000004, physics loss:0.000040
[epoch:51 iter:50] data loss:0.000045, PDE loss:0.000003, physics loss:0.000099
[epoch:51 iter:100] data loss:0.000035, PDE loss:0.000003, physics loss:0.000109
[epoch:51 iter:150] data loss:0.000031, PDE loss:0.000003, physics loss:0.000090
[epoch:51 iter:200] data loss:0.000026, PDE loss:0.000003, physics loss:0.000100
[epoch:51 iter:250] data loss:0.000025, PDE loss:0.000002, physics loss:0.000124
[epoch:51 iter:300] data loss:0.000029, PDE loss:0.000003, physics loss:0.000093
[epoch:51 iter:50] data loss:0.000028, PDE loss:0.000000, physics loss:0.000053
[epoch:52 iter:50] data loss:0.000038, PDE loss:0.000003, physics loss:0.000143
[epoch:52 iter:100] data loss:0.000026, PDE loss:0.000003, physics loss:0.000124
[epoch:52 iter:150] data loss:0.000024, PDE loss:0.000003, physics loss:0.000097
[epoch:52 iter:200] data loss:0.000037, PDE loss:0.000003, physics loss:0.000114
[epoch:52 iter:250] data loss:0.000028, PDE loss:0.000003, physics loss:0.000084
[epoch:52 iter:300] data loss:0.000028, PDE loss:0.000005, physics loss:0.000105
[epoch:52 iter:50] data loss:0.000040, PDE loss:0.000000, physics loss:0.000045
[epoch:53 iter:50] data loss:0.000030, PDE loss:0.000003, physics loss:0.000121
[epoch:53 iter:100] data loss:0.000034, PDE loss:0.000003, physics loss:0.000115
[epoch:53 iter:150] data loss:0.000026, PDE loss:0.000003, physics loss:0.000108
[epoch:53 iter:200] data loss:0.000032, PDE loss:0.000003, physics loss:0.000136
[epoch:53 iter:250] data loss:0.000027, PDE loss:0.000002, physics loss:0.000116
[epoch:53 iter:300] data loss:0.000028, PDE loss:0.000002, physics loss:0.000149
[epoch:53 iter:50] data loss:0.000024, PDE loss:0.000000, physics loss:0.000044
[epoch:54 iter:50] data loss:0.000031, PDE loss:0.000003, physics loss:0.000090
[epoch:54 iter:100] data loss:0.000027, PDE loss:0.000002, physics loss:0.000103
[epoch:54 iter:150] data loss:0.000033, PDE loss:0.000003, physics loss:0.000126
[epoch:54 iter:200] data loss:0.000027, PDE loss:0.000002, physics loss:0.000116
[epoch:54 iter:250] data loss:0.000034, PDE loss:0.000002, physics loss:0.000081
[epoch:54 iter:300] data loss:0.000030, PDE loss:0.000002, physics loss:0.000097
[epoch:54 iter:50] data loss:0.000021, PDE loss:0.000001, physics loss:0.000057
[epoch:55 iter:50] data loss:0.000027, PDE loss:0.000002, physics loss:0.000111
[epoch:55 iter:100] data loss:0.000027, PDE loss:0.000002, physics loss:0.000087
[epoch:55 iter:150] data loss:0.000033, PDE loss:0.000003, physics loss:0.000122
[epoch:55 iter:200] data loss:0.000042, PDE loss:0.000003, physics loss:0.000123
[epoch:55 iter:250] data loss:0.000032, PDE loss:0.000003, physics loss:0.000099
[epoch:55 iter:300] data loss:0.000032, PDE loss:0.000002, physics loss:0.000112
[epoch:55 iter:50] data loss:0.000022, PDE loss:0.000001, physics loss:0.000060
[epoch:56 iter:50] data loss:0.000028, PDE loss:0.000002, physics loss:0.000094
[epoch:56 iter:100] data loss:0.000034, PDE loss:0.000002, physics loss:0.000114
[epoch:56 iter:150] data loss:0.000039, PDE loss:0.000002, physics loss:0.000124
[epoch:56 iter:200] data loss:0.000026, PDE loss:0.000002, physics loss:0.000121
[epoch:56 iter:250] data loss:0.000023, PDE loss:0.000002, physics loss:0.000089
[epoch:56 iter:300] data loss:0.000030, PDE loss:0.000003, physics loss:0.000121
[epoch:56 iter:50] data loss:0.000019, PDE loss:0.000000, physics loss:0.000054
[epoch:57 iter:50] data loss:0.000027, PDE loss:0.000001, physics loss:0.000054
[epoch:57 iter:100] data loss:0.000026, PDE loss:0.000002, physics loss:0.000080
[epoch:57 iter:150] data loss:0.000033, PDE loss:0.000002, physics loss:0.000113
[epoch:57 iter:200] data loss:0.000034, PDE loss:0.000002, physics loss:0.000083
[epoch:57 iter:250] data loss:0.000036, PDE loss:0.000002, physics loss:0.000115
[epoch:57 iter:300] data loss:0.000027, PDE loss:0.000002, physics loss:0.000122
[epoch:57 iter:50] data loss:0.000018, PDE loss:0.000003, physics loss:0.000043
[epoch:58 iter:50] data loss:0.000028, PDE loss:0.000004, physics loss:0.000108
[epoch:58 iter:100] data loss:0.000025, PDE loss:0.000002, physics loss:0.000097
[epoch:58 iter:150] data loss:0.000025, PDE loss:0.000002, physics loss:0.000093
[epoch:58 iter:200] data loss:0.000033, PDE loss:0.000001, physics loss:0.000082
[epoch:58 iter:250] data loss:0.000026, PDE loss:0.000001, physics loss:0.000086
[epoch:58 iter:300] data loss:0.000022, PDE loss:0.000002, physics loss:0.000083
[epoch:58 iter:50] data loss:0.000016, PDE loss:0.000000, physics loss:0.000051
[epoch:59 iter:50] data loss:0.000022, PDE loss:0.000001, physics loss:0.000128
[epoch:59 iter:100] data loss:0.000028, PDE loss:0.000001, physics loss:0.000101
[epoch:59 iter:150] data loss:0.000029, PDE loss:0.000002, physics loss:0.000115
[epoch:59 iter:200] data loss:0.000041, PDE loss:0.000002, physics loss:0.000059
[epoch:59 iter:250] data loss:0.000022, PDE loss:0.000001, physics loss:0.000077
[epoch:59 iter:300] data loss:0.000033, PDE loss:0.000001, physics loss:0.000088
[epoch:59 iter:50] data loss:0.000019, PDE loss:0.000000, physics loss:0.000038
[epoch:60 iter:50] data loss:0.000024, PDE loss:0.000002, physics loss:0.000101
[epoch:60 iter:100] data loss:0.000031, PDE loss:0.000001, physics loss:0.000098
[epoch:60 iter:150] data loss:0.000025, PDE loss:0.000001, physics loss:0.000132
[epoch:60 iter:200] data loss:0.000024, PDE loss:0.000002, physics loss:0.000102
[epoch:60 iter:250] data loss:0.000026, PDE loss:0.000001, physics loss:0.000095
[epoch:60 iter:300] data loss:0.000028, PDE loss:0.000001, physics loss:0.000117
[epoch:60 iter:50] data loss:0.000022, PDE loss:0.000001, physics loss:0.000035
[epoch:61 iter:50] data loss:0.000026, PDE loss:0.000001, physics loss:0.000093
[epoch:61 iter:100] data loss:0.000037, PDE loss:0.000001, physics loss:0.000088
[epoch:61 iter:150] data loss:0.000023, PDE loss:0.000001, physics loss:0.000070
[epoch:61 iter:200] data loss:0.000029, PDE loss:0.000003, physics loss:0.000085
[epoch:61 iter:250] data loss:0.000023, PDE loss:0.000001, physics loss:0.000112
[epoch:61 iter:300] data loss:0.000031, PDE loss:0.000003, physics loss:0.000115
[epoch:61 iter:50] data loss:0.000013, PDE loss:0.000000, physics loss:0.000046
[epoch:62 iter:50] data loss:0.000026, PDE loss:0.000002, physics loss:0.000105
[epoch:62 iter:100] data loss:0.000029, PDE loss:0.000001, physics loss:0.000096
[epoch:62 iter:150] data loss:0.000030, PDE loss:0.000001, physics loss:0.000104
[epoch:62 iter:200] data loss:0.000025, PDE loss:0.000001, physics loss:0.000083
[epoch:62 iter:250] data loss:0.000028, PDE loss:0.000001, physics loss:0.000129
[epoch:62 iter:300] data loss:0.000026, PDE loss:0.000001, physics loss:0.000121
[epoch:62 iter:50] data loss:0.000022, PDE loss:0.000000, physics loss:0.000045
[epoch:63 iter:50] data loss:0.000029, PDE loss:0.000001, physics loss:0.000093
[epoch:63 iter:100] data loss:0.000026, PDE loss:0.000001, physics loss:0.000101
[epoch:63 iter:150] data loss:0.000024, PDE loss:0.000002, physics loss:0.000067
[epoch:63 iter:200] data loss:0.000024, PDE loss:0.000001, physics loss:0.000089
[epoch:63 iter:250] data loss:0.000029, PDE loss:0.000001, physics loss:0.000113
[epoch:63 iter:300] data loss:0.000027, PDE loss:0.000001, physics loss:0.000084
[epoch:63 iter:50] data loss:0.000018, PDE loss:0.000000, physics loss:0.000049
[epoch:64 iter:50] data loss:0.000023, PDE loss:0.000001, physics loss:0.000098
[epoch:64 iter:100] data loss:0.000024, PDE loss:0.000002, physics loss:0.000117
[epoch:64 iter:150] data loss:0.000029, PDE loss:0.000001, physics loss:0.000110
[epoch:64 iter:200] data loss:0.000026, PDE loss:0.000002, physics loss:0.000081
[epoch:64 iter:250] data loss:0.000025, PDE loss:0.000001, physics loss:0.000084
[epoch:64 iter:300] data loss:0.000029, PDE loss:0.000001, physics loss:0.000064
[epoch:64 iter:50] data loss:0.000015, PDE loss:0.000000, physics loss:0.000053
[epoch:65 iter:50] data loss:0.000019, PDE loss:0.000001, physics loss:0.000065
[epoch:65 iter:100] data loss:0.000022, PDE loss:0.000001, physics loss:0.000087
[epoch:65 iter:150] data loss:0.000030, PDE loss:0.000001, physics loss:0.000104
[epoch:65 iter:200] data loss:0.000040, PDE loss:0.000001, physics loss:0.000096
[epoch:65 iter:250] data loss:0.000027, PDE loss:0.000001, physics loss:0.000120
[epoch:65 iter:300] data loss:0.000022, PDE loss:0.000001, physics loss:0.000071
[epoch:65 iter:50] data loss:0.000014, PDE loss:0.000001, physics loss:0.000048
[epoch:66 iter:50] data loss:0.000028, PDE loss:0.000001, physics loss:0.000114
[epoch:66 iter:100] data loss:0.000030, PDE loss:0.000001, physics loss:0.000102
[epoch:66 iter:150] data loss:0.000026, PDE loss:0.000001, physics loss:0.000092
[epoch:66 iter:200] data loss:0.000029, PDE loss:0.000002, physics loss:0.000094
[epoch:66 iter:250] data loss:0.000019, PDE loss:0.000001, physics loss:0.000080
[epoch:66 iter:300] data loss:0.000038, PDE loss:0.000002, physics loss:0.000135
[epoch:66 iter:50] data loss:0.000021, PDE loss:0.000001, physics loss:0.000036
[epoch:67 iter:50] data loss:0.000023, PDE loss:0.000001, physics loss:0.000116
[epoch:67 iter:100] data loss:0.000026, PDE loss:0.000001, physics loss:0.000098
[epoch:67 iter:150] data loss:0.000022, PDE loss:0.000001, physics loss:0.000085
[epoch:67 iter:200] data loss:0.000025, PDE loss:0.000001, physics loss:0.000092
[epoch:67 iter:250] data loss:0.000029, PDE loss:0.000001, physics loss:0.000090
[epoch:67 iter:300] data loss:0.000024, PDE loss:0.000001, physics loss:0.000129
[epoch:67 iter:50] data loss:0.000015, PDE loss:0.000001, physics loss:0.000049
[epoch:68 iter:50] data loss:0.000036, PDE loss:0.000001, physics loss:0.000133
[epoch:68 iter:100] data loss:0.000022, PDE loss:0.000001, physics loss:0.000087
[epoch:68 iter:150] data loss:0.000021, PDE loss:0.000001, physics loss:0.000070
[epoch:68 iter:200] data loss:0.000029, PDE loss:0.000001, physics loss:0.000098
[epoch:68 iter:250] data loss:0.000031, PDE loss:0.000001, physics loss:0.000092
[epoch:68 iter:300] data loss:0.000024, PDE loss:0.000001, physics loss:0.000093
[epoch:68 iter:50] data loss:0.000016, PDE loss:0.000000, physics loss:0.000036
[epoch:69 iter:50] data loss:0.000020, PDE loss:0.000001, physics loss:0.000114
[epoch:69 iter:100] data loss:0.000023, PDE loss:0.000001, physics loss:0.000101
[epoch:69 iter:150] data loss:0.000020, PDE loss:0.000001, physics loss:0.000087
[epoch:69 iter:200] data loss:0.000026, PDE loss:0.000001, physics loss:0.000080
[epoch:69 iter:250] data loss:0.000023, PDE loss:0.000001, physics loss:0.000098
[epoch:69 iter:300] data loss:0.000028, PDE loss:0.000001, physics loss:0.000107
[epoch:69 iter:50] data loss:0.000016, PDE loss:0.000000, physics loss:0.000040
[epoch:70 iter:50] data loss:0.000022, PDE loss:0.000001, physics loss:0.000069
[epoch:70 iter:100] data loss:0.000025, PDE loss:0.000001, physics loss:0.000086
[epoch:70 iter:150] data loss:0.000030, PDE loss:0.000002, physics loss:0.000096
[epoch:70 iter:200] data loss:0.000025, PDE loss:0.000001, physics loss:0.000109
[epoch:70 iter:250] data loss:0.000023, PDE loss:0.000001, physics loss:0.000075
[epoch:70 iter:300] data loss:0.000026, PDE loss:0.000000, physics loss:0.000097
[epoch:70 iter:50] data loss:0.000014, PDE loss:0.000000, physics loss:0.000065
[epoch:71 iter:50] data loss:0.000024, PDE loss:0.000000, physics loss:0.000091
[epoch:71 iter:100] data loss:0.000023, PDE loss:0.000001, physics loss:0.000122
[epoch:71 iter:150] data loss:0.000024, PDE loss:0.000001, physics loss:0.000077
[epoch:71 iter:200] data loss:0.000027, PDE loss:0.000001, physics loss:0.000094
[epoch:71 iter:250] data loss:0.000023, PDE loss:0.000002, physics loss:0.000072
[epoch:71 iter:300] data loss:0.000024, PDE loss:0.000001, physics loss:0.000071
[epoch:71 iter:50] data loss:0.000013, PDE loss:0.000000, physics loss:0.000043
[epoch:72 iter:50] data loss:0.000025, PDE loss:0.000001, physics loss:0.000077
[epoch:72 iter:100] data loss:0.000020, PDE loss:0.000000, physics loss:0.000069
[epoch:72 iter:150] data loss:0.000024, PDE loss:0.000001, physics loss:0.000081
[epoch:72 iter:200] data loss:0.000023, PDE loss:0.000000, physics loss:0.000123
[epoch:72 iter:250] data loss:0.000022, PDE loss:0.000000, physics loss:0.000067
[epoch:72 iter:300] data loss:0.000033, PDE loss:0.000002, physics loss:0.000085
[epoch:72 iter:50] data loss:0.000010, PDE loss:0.000000, physics loss:0.000040
[epoch:73 iter:50] data loss:0.000025, PDE loss:0.000000, physics loss:0.000103
[epoch:73 iter:100] data loss:0.000022, PDE loss:0.000001, physics loss:0.000071
[epoch:73 iter:150] data loss:0.000030, PDE loss:0.000000, physics loss:0.000075
[epoch:73 iter:200] data loss:0.000028, PDE loss:0.000000, physics loss:0.000075
[epoch:73 iter:250] data loss:0.000023, PDE loss:0.000002, physics loss:0.000084
[epoch:73 iter:300] data loss:0.000021, PDE loss:0.000001, physics loss:0.000089
[epoch:73 iter:50] data loss:0.000014, PDE loss:0.000000, physics loss:0.000057
[epoch:74 iter:50] data loss:0.000045, PDE loss:0.000000, physics loss:0.000060
[epoch:74 iter:100] data loss:0.000024, PDE loss:0.000000, physics loss:0.000085
[epoch:74 iter:150] data loss:0.000026, PDE loss:0.000000, physics loss:0.000087
[epoch:74 iter:200] data loss:0.000022, PDE loss:0.000000, physics loss:0.000062
[epoch:74 iter:250] data loss:0.000027, PDE loss:0.000001, physics loss:0.000074
[epoch:74 iter:300] data loss:0.000024, PDE loss:0.000001, physics loss:0.000085
[epoch:74 iter:50] data loss:0.000012, PDE loss:0.000000, physics loss:0.000053
[epoch:75 iter:50] data loss:0.000025, PDE loss:0.000001, physics loss:0.000135
[epoch:75 iter:100] data loss:0.000029, PDE loss:0.000001, physics loss:0.000061
[epoch:75 iter:150] data loss:0.000025, PDE loss:0.000000, physics loss:0.000117
[epoch:75 iter:200] data loss:0.000029, PDE loss:0.000000, physics loss:0.000093
[epoch:75 iter:250] data loss:0.000021, PDE loss:0.000001, physics loss:0.000106
[epoch:75 iter:300] data loss:0.000021, PDE loss:0.000001, physics loss:0.000078
[epoch:75 iter:50] data loss:0.000010, PDE loss:0.000000, physics loss:0.000051
[epoch:76 iter:50] data loss:0.000024, PDE loss:0.000001, physics loss:0.000103
[epoch:76 iter:100] data loss:0.000025, PDE loss:0.000001, physics loss:0.000087
[epoch:76 iter:150] data loss:0.000023, PDE loss:0.000001, physics loss:0.000084
[epoch:76 iter:200] data loss:0.000021, PDE loss:0.000001, physics loss:0.000066
[epoch:76 iter:250] data loss:0.000027, PDE loss:0.000000, physics loss:0.000117
[epoch:76 iter:300] data loss:0.000021, PDE loss:0.000000, physics loss:0.000100
[epoch:76 iter:50] data loss:0.000014, PDE loss:0.000000, physics loss:0.000050
[epoch:77 iter:50] data loss:0.000027, PDE loss:0.000001, physics loss:0.000098
[epoch:77 iter:100] data loss:0.000024, PDE loss:0.000000, physics loss:0.000111
[epoch:77 iter:150] data loss:0.000024, PDE loss:0.000001, physics loss:0.000131
[epoch:77 iter:200] data loss:0.000023, PDE loss:0.000000, physics loss:0.000094
[epoch:77 iter:250] data loss:0.000021, PDE loss:0.000001, physics loss:0.000103
[epoch:77 iter:300] data loss:0.000022, PDE loss:0.000000, physics loss:0.000089
[epoch:77 iter:50] data loss:0.000011, PDE loss:0.000000, physics loss:0.000045
[epoch:78 iter:50] data loss:0.000026, PDE loss:0.000002, physics loss:0.000116
[epoch:78 iter:100] data loss:0.000022, PDE loss:0.000001, physics loss:0.000103
[epoch:78 iter:150] data loss:0.000020, PDE loss:0.000001, physics loss:0.000109
[epoch:78 iter:200] data loss:0.000020, PDE loss:0.000000, physics loss:0.000078
[epoch:78 iter:250] data loss:0.000020, PDE loss:0.000001, physics loss:0.000104
[epoch:78 iter:300] data loss:0.000024, PDE loss:0.000000, physics loss:0.000093
[epoch:78 iter:50] data loss:0.000015, PDE loss:0.000001, physics loss:0.000049
[epoch:79 iter:50] data loss:0.000020, PDE loss:0.000000, physics loss:0.000070
[epoch:79 iter:100] data loss:0.000021, PDE loss:0.000001, physics loss:0.000070
[epoch:79 iter:150] data loss:0.000022, PDE loss:0.000000, physics loss:0.000087
[epoch:79 iter:200] data loss:0.000025, PDE loss:0.000000, physics loss:0.000110
[epoch:79 iter:250] data loss:0.000024, PDE loss:0.000000, physics loss:0.000141
[epoch:79 iter:300] data loss:0.000026, PDE loss:0.000000, physics loss:0.000119
[epoch:79 iter:50] data loss:0.000012, PDE loss:0.000000, physics loss:0.000040
[epoch:80 iter:50] data loss:0.000033, PDE loss:0.000000, physics loss:0.000110
[epoch:80 iter:100] data loss:0.000025, PDE loss:0.000000, physics loss:0.000128
[epoch:80 iter:150] data loss:0.000023, PDE loss:0.000001, physics loss:0.000106
[epoch:80 iter:200] data loss:0.000023, PDE loss:0.000000, physics loss:0.000126
[epoch:80 iter:250] data loss:0.000022, PDE loss:0.000000, physics loss:0.000089
[epoch:80 iter:300] data loss:0.000022, PDE loss:0.000000, physics loss:0.000073
[epoch:80 iter:50] data loss:0.000015, PDE loss:0.000001, physics loss:0.000032
[epoch:81 iter:50] data loss:0.000028, PDE loss:0.000000, physics loss:0.000090
[epoch:81 iter:100] data loss:0.000026, PDE loss:0.000000, physics loss:0.000100
[epoch:81 iter:150] data loss:0.000021, PDE loss:0.000001, physics loss:0.000094
[epoch:81 iter:200] data loss:0.000028, PDE loss:0.000000, physics loss:0.000078
[epoch:81 iter:250] data loss:0.000020, PDE loss:0.000001, physics loss:0.000123
[epoch:81 iter:300] data loss:0.000022, PDE loss:0.000001, physics loss:0.000108
[epoch:81 iter:50] data loss:0.000015, PDE loss:0.000000, physics loss:0.000042
[epoch:82 iter:50] data loss:0.000024, PDE loss:0.000001, physics loss:0.000121
[epoch:82 iter:100] data loss:0.000021, PDE loss:0.000000, physics loss:0.000098
[epoch:82 iter:150] data loss:0.000025, PDE loss:0.000001, physics loss:0.000085
[epoch:82 iter:200] data loss:0.000023, PDE loss:0.000000, physics loss:0.000076
[epoch:82 iter:250] data loss:0.000027, PDE loss:0.000000, physics loss:0.000076
[epoch:82 iter:300] data loss:0.000021, PDE loss:0.000000, physics loss:0.000066
[epoch:82 iter:50] data loss:0.000013, PDE loss:0.000000, physics loss:0.000047
[epoch:83 iter:50] data loss:0.000023, PDE loss:0.000001, physics loss:0.000072
[epoch:83 iter:100] data loss:0.000019, PDE loss:0.000000, physics loss:0.000049
[epoch:83 iter:150] data loss:0.000021, PDE loss:0.000000, physics loss:0.000096
[epoch:83 iter:200] data loss:0.000028, PDE loss:0.000000, physics loss:0.000118
[epoch:83 iter:250] data loss:0.000024, PDE loss:0.000001, physics loss:0.000072
[epoch:83 iter:300] data loss:0.000025, PDE loss:0.000000, physics loss:0.000114
[epoch:83 iter:50] data loss:0.000010, PDE loss:0.000000, physics loss:0.000041
[epoch:84 iter:50] data loss:0.000023, PDE loss:0.000001, physics loss:0.000086
[epoch:84 iter:100] data loss:0.000021, PDE loss:0.000000, physics loss:0.000116
[epoch:84 iter:150] data loss:0.000025, PDE loss:0.000000, physics loss:0.000102
[epoch:84 iter:200] data loss:0.000023, PDE loss:0.000000, physics loss:0.000055
[epoch:84 iter:250] data loss:0.000022, PDE loss:0.000001, physics loss:0.000094
[epoch:84 iter:300] data loss:0.000024, PDE loss:0.000000, physics loss:0.000073
[epoch:84 iter:50] data loss:0.000021, PDE loss:0.000000, physics loss:0.000048
[epoch:85 iter:50] data loss:0.000025, PDE loss:0.000000, physics loss:0.000116
[epoch:85 iter:100] data loss:0.000035, PDE loss:0.000000, physics loss:0.000093
[epoch:85 iter:150] data loss:0.000023, PDE loss:0.000000, physics loss:0.000066
[epoch:85 iter:200] data loss:0.000021, PDE loss:0.000000, physics loss:0.000075
[epoch:85 iter:250] data loss:0.000022, PDE loss:0.000001, physics loss:0.000118
[epoch:85 iter:300] data loss:0.000022, PDE loss:0.000001, physics loss:0.000080
[epoch:85 iter:50] data loss:0.000015, PDE loss:0.000000, physics loss:0.000046
[epoch:86 iter:50] data loss:0.000025, PDE loss:0.000000, physics loss:0.000084
[epoch:86 iter:100] data loss:0.000020, PDE loss:0.000000, physics loss:0.000079
[epoch:86 iter:150] data loss:0.000021, PDE loss:0.000000, physics loss:0.000091
[epoch:86 iter:200] data loss:0.000023, PDE loss:0.000001, physics loss:0.000092
[epoch:86 iter:250] data loss:0.000023, PDE loss:0.000001, physics loss:0.000072
[epoch:86 iter:300] data loss:0.000024, PDE loss:0.000000, physics loss:0.000070
[epoch:86 iter:50] data loss:0.000015, PDE loss:0.000000, physics loss:0.000046
[epoch:87 iter:50] data loss:0.000024, PDE loss:0.000000, physics loss:0.000097
[epoch:87 iter:100] data loss:0.000019, PDE loss:0.000001, physics loss:0.000095
[epoch:87 iter:150] data loss:0.000020, PDE loss:0.000000, physics loss:0.000105
[epoch:87 iter:200] data loss:0.000029, PDE loss:0.000001, physics loss:0.000130
[epoch:87 iter:250] data loss:0.000019, PDE loss:0.000001, physics loss:0.000100
[epoch:87 iter:300] data loss:0.000023, PDE loss:0.000000, physics loss:0.000090
[epoch:87 iter:50] data loss:0.000011, PDE loss:0.000000, physics loss:0.000039
[epoch:88 iter:50] data loss:0.000034, PDE loss:0.000001, physics loss:0.000071
[epoch:88 iter:100] data loss:0.000020, PDE loss:0.000000, physics loss:0.000072
[epoch:88 iter:150] data loss:0.000023, PDE loss:0.000000, physics loss:0.000126
[epoch:88 iter:200] data loss:0.000025, PDE loss:0.000000, physics loss:0.000088
[epoch:88 iter:250] data loss:0.000018, PDE loss:0.000000, physics loss:0.000101
[epoch:88 iter:300] data loss:0.000021, PDE loss:0.000001, physics loss:0.000092
[epoch:88 iter:50] data loss:0.000011, PDE loss:0.000000, physics loss:0.000031
[epoch:89 iter:50] data loss:0.000021, PDE loss:0.000000, physics loss:0.000080
[epoch:89 iter:100] data loss:0.000021, PDE loss:0.000000, physics loss:0.000063
[epoch:89 iter:150] data loss:0.000021, PDE loss:0.000001, physics loss:0.000099
[epoch:89 iter:200] data loss:0.000021, PDE loss:0.000000, physics loss:0.000095
[epoch:89 iter:250] data loss:0.000022, PDE loss:0.000000, physics loss:0.000090
[epoch:89 iter:300] data loss:0.000020, PDE loss:0.000000, physics loss:0.000122
[epoch:89 iter:50] data loss:0.000012, PDE loss:0.000000, physics loss:0.000043
[epoch:90 iter:50] data loss:0.000023, PDE loss:0.000000, physics loss:0.000102
[epoch:90 iter:100] data loss:0.000025, PDE loss:0.000001, physics loss:0.000076
[epoch:90 iter:150] data loss:0.000027, PDE loss:0.000001, physics loss:0.000089
[epoch:90 iter:200] data loss:0.000020, PDE loss:0.000000, physics loss:0.000066
[epoch:90 iter:250] data loss:0.000022, PDE loss:0.000000, physics loss:0.000080
[epoch:90 iter:300] data loss:0.000019, PDE loss:0.000000, physics loss:0.000096
[epoch:90 iter:50] data loss:0.000010, PDE loss:0.000000, physics loss:0.000038
[epoch:91 iter:50] data loss:0.000024, PDE loss:0.000000, physics loss:0.000094
[epoch:91 iter:100] data loss:0.000022, PDE loss:0.000000, physics loss:0.000077
[epoch:91 iter:150] data loss:0.000024, PDE loss:0.000000, physics loss:0.000109
[epoch:91 iter:200] data loss:0.000023, PDE loss:0.000000, physics loss:0.000086
[epoch:91 iter:250] data loss:0.000024, PDE loss:0.000000, physics loss:0.000102
[epoch:91 iter:300] data loss:0.000017, PDE loss:0.000000, physics loss:0.000084
[epoch:91 iter:50] data loss:0.000012, PDE loss:0.000000, physics loss:0.000042
[epoch:92 iter:50] data loss:0.000019, PDE loss:0.000000, physics loss:0.000062
[epoch:92 iter:100] data loss:0.000021, PDE loss:0.000000, physics loss:0.000118
[epoch:92 iter:150] data loss:0.000024, PDE loss:0.000000, physics loss:0.000090
[epoch:92 iter:200] data loss:0.000021, PDE loss:0.000000, physics loss:0.000111
[epoch:92 iter:250] data loss:0.000023, PDE loss:0.000000, physics loss:0.000102
[epoch:92 iter:300] data loss:0.000019, PDE loss:0.000001, physics loss:0.000078
[epoch:92 iter:50] data loss:0.000009, PDE loss:0.000001, physics loss:0.000034
[epoch:93 iter:50] data loss:0.000020, PDE loss:0.000001, physics loss:0.000106
[epoch:93 iter:100] data loss:0.000021, PDE loss:0.000000, physics loss:0.000086
[epoch:93 iter:150] data loss:0.000024, PDE loss:0.000000, physics loss:0.000067
[epoch:93 iter:200] data loss:0.000020, PDE loss:0.000000, physics loss:0.000102
[epoch:93 iter:250] data loss:0.000020, PDE loss:0.000000, physics loss:0.000083
[epoch:93 iter:300] data loss:0.000018, PDE loss:0.000000, physics loss:0.000098
[epoch:93 iter:50] data loss:0.000018, PDE loss:0.000001, physics loss:0.000052
[epoch:94 iter:50] data loss:0.000021, PDE loss:0.000000, physics loss:0.000090
[epoch:94 iter:100] data loss:0.000018, PDE loss:0.000000, physics loss:0.000116
[epoch:94 iter:150] data loss:0.000019, PDE loss:0.000000, physics loss:0.000062
[epoch:94 iter:200] data loss:0.000020, PDE loss:0.000000, physics loss:0.000076
[epoch:94 iter:250] data loss:0.000019, PDE loss:0.000000, physics loss:0.000085
[epoch:94 iter:300] data loss:0.000027, PDE loss:0.000001, physics loss:0.000114
[epoch:94 iter:50] data loss:0.000011, PDE loss:0.000000, physics loss:0.000052
[epoch:95 iter:50] data loss:0.000019, PDE loss:0.000001, physics loss:0.000069
[epoch:95 iter:100] data loss:0.000022, PDE loss:0.000000, physics loss:0.000077
[epoch:95 iter:150] data loss:0.000017, PDE loss:0.000000, physics loss:0.000102
[epoch:95 iter:200] data loss:0.000019, PDE loss:0.000000, physics loss:0.000105
[epoch:95 iter:250] data loss:0.000019, PDE loss:0.000000, physics loss:0.000061
[epoch:95 iter:300] data loss:0.000021, PDE loss:0.000000, physics loss:0.000101
[epoch:95 iter:50] data loss:0.000010, PDE loss:0.000000, physics loss:0.000052
[epoch:96 iter:50] data loss:0.000021, PDE loss:0.000001, physics loss:0.000099
[epoch:96 iter:100] data loss:0.000019, PDE loss:0.000000, physics loss:0.000102
[epoch:96 iter:150] data loss:0.000028, PDE loss:0.000000, physics loss:0.000105
[epoch:96 iter:200] data loss:0.000021, PDE loss:0.000000, physics loss:0.000095
[epoch:96 iter:250] data loss:0.000020, PDE loss:0.000000, physics loss:0.000085
[epoch:96 iter:300] data loss:0.000024, PDE loss:0.000000, physics loss:0.000113
[epoch:96 iter:50] data loss:0.000021, PDE loss:0.000000, physics loss:0.000041
[epoch:97 iter:50] data loss:0.000022, PDE loss:0.000000, physics loss:0.000085
[epoch:97 iter:100] data loss:0.000027, PDE loss:0.000000, physics loss:0.000088
[epoch:97 iter:150] data loss:0.000019, PDE loss:0.000000, physics loss:0.000078
[epoch:97 iter:200] data loss:0.000023, PDE loss:0.000000, physics loss:0.000088
[epoch:97 iter:250] data loss:0.000019, PDE loss:0.000000, physics loss:0.000087
[epoch:97 iter:300] data loss:0.000024, PDE loss:0.000000, physics loss:0.000062
[epoch:97 iter:50] data loss:0.000010, PDE loss:0.000001, physics loss:0.000044
[epoch:98 iter:50] data loss:0.000020, PDE loss:0.000000, physics loss:0.000106
[epoch:98 iter:100] data loss:0.000021, PDE loss:0.000000, physics loss:0.000074
[epoch:98 iter:150] data loss:0.000021, PDE loss:0.000000, physics loss:0.000085
[epoch:98 iter:200] data loss:0.000027, PDE loss:0.000001, physics loss:0.000098
[epoch:98 iter:250] data loss:0.000021, PDE loss:0.000000, physics loss:0.000095
[epoch:98 iter:300] data loss:0.000025, PDE loss:0.000000, physics loss:0.000112
[epoch:98 iter:50] data loss:0.000013, PDE loss:0.000001, physics loss:0.000038
[epoch:99 iter:50] data loss:0.000020, PDE loss:0.000001, physics loss:0.000072
[epoch:99 iter:100] data loss:0.000017, PDE loss:0.000001, physics loss:0.000098
[epoch:99 iter:150] data loss:0.000018, PDE loss:0.000000, physics loss:0.000083
[epoch:99 iter:200] data loss:0.000021, PDE loss:0.000000, physics loss:0.000095
[epoch:99 iter:250] data loss:0.000020, PDE loss:0.000000, physics loss:0.000081
[epoch:99 iter:300] data loss:0.000018, PDE loss:0.000000, physics loss:0.000092
[epoch:99 iter:50] data loss:0.000009, PDE loss:0.000000, physics loss:0.000043
[epoch:100 iter:50] data loss:0.000017, PDE loss:0.000000, physics loss:0.000085
[epoch:100 iter:100] data loss:0.000019, PDE loss:0.000001, physics loss:0.000078
[epoch:100 iter:150] data loss:0.000021, PDE loss:0.000000, physics loss:0.000088
[epoch:100 iter:200] data loss:0.000022, PDE loss:0.000000, physics loss:0.000074
[epoch:100 iter:250] data loss:0.000021, PDE loss:0.000000, physics loss:0.000087
[epoch:100 iter:300] data loss:0.000020, PDE loss:0.000000, physics loss:0.000074
[epoch:100 iter:50] data loss:0.000015, PDE loss:0.000000, physics loss:0.000038
[epoch:101 iter:50] data loss:0.000021, PDE loss:0.000000, physics loss:0.000093
[epoch:101 iter:100] data loss:0.000017, PDE loss:0.000000, physics loss:0.000079
[epoch:101 iter:150] data loss:0.000021, PDE loss:0.000000, physics loss:0.000074
[epoch:101 iter:200] data loss:0.000022, PDE loss:0.000000, physics loss:0.000081
[epoch:101 iter:250] data loss:0.000023, PDE loss:0.000000, physics loss:0.000086
[epoch:101 iter:300] data loss:0.000020, PDE loss:0.000001, physics loss:0.000080
[epoch:101 iter:50] data loss:0.000013, PDE loss:0.000000, physics loss:0.000040
[epoch:102 iter:50] data loss:0.000033, PDE loss:0.000000, physics loss:0.000074
[epoch:102 iter:100] data loss:0.000028, PDE loss:0.000001, physics loss:0.000078
[epoch:102 iter:150] data loss:0.000017, PDE loss:0.000000, physics loss:0.000087
[epoch:102 iter:200] data loss:0.000019, PDE loss:0.000000, physics loss:0.000062
[epoch:102 iter:250] data loss:0.000018, PDE loss:0.000000, physics loss:0.000091
[epoch:102 iter:300] data loss:0.000017, PDE loss:0.000000, physics loss:0.000068
[epoch:102 iter:50] data loss:0.000008, PDE loss:0.000000, physics loss:0.000039
[epoch:103 iter:50] data loss:0.000023, PDE loss:0.000000, physics loss:0.000092
[epoch:103 iter:100] data loss:0.000019, PDE loss:0.000000, physics loss:0.000069
[epoch:103 iter:150] data loss:0.000021, PDE loss:0.000000, physics loss:0.000116
[epoch:103 iter:200] data loss:0.000021, PDE loss:0.000000, physics loss:0.000079
[epoch:103 iter:250] data loss:0.000018, PDE loss:0.000000, physics loss:0.000080
[epoch:103 iter:300] data loss:0.000015, PDE loss:0.000000, physics loss:0.000092
[epoch:103 iter:50] data loss:0.000009, PDE loss:0.000000, physics loss:0.000036
[epoch:104 iter:50] data loss:0.000026, PDE loss:0.000000, physics loss:0.000085
[epoch:104 iter:100] data loss:0.000022, PDE loss:0.000000, physics loss:0.000076
[epoch:104 iter:150] data loss:0.000026, PDE loss:0.000000, physics loss:0.000075
[epoch:104 iter:200] data loss:0.000024, PDE loss:0.000000, physics loss:0.000102
[epoch:104 iter:250] data loss:0.000017, PDE loss:0.000000, physics loss:0.000090
[epoch:104 iter:300] data loss:0.000020, PDE loss:0.000000, physics loss:0.000078
[epoch:104 iter:50] data loss:0.000008, PDE loss:0.000000, physics loss:0.000044
[epoch:105 iter:50] data loss:0.000016, PDE loss:0.000000, physics loss:0.000108
[epoch:105 iter:100] data loss:0.000019, PDE loss:0.000001, physics loss:0.000078
[epoch:105 iter:150] data loss:0.000023, PDE loss:0.000000, physics loss:0.000104
[epoch:105 iter:200] data loss:0.000025, PDE loss:0.000000, physics loss:0.000081
[epoch:105 iter:250] data loss:0.000020, PDE loss:0.000000, physics loss:0.000090
[epoch:105 iter:300] data loss:0.000020, PDE loss:0.000001, physics loss:0.000104
[epoch:105 iter:50] data loss:0.000016, PDE loss:0.000000, physics loss:0.000037
[epoch:106 iter:50] data loss:0.000016, PDE loss:0.000000, physics loss:0.000082
[epoch:106 iter:100] data loss:0.000028, PDE loss:0.000000, physics loss:0.000078
[epoch:106 iter:150] data loss:0.000020, PDE loss:0.000000, physics loss:0.000083
[epoch:106 iter:200] data loss:0.000021, PDE loss:0.000000, physics loss:0.000064
[epoch:106 iter:250] data loss:0.000021, PDE loss:0.000000, physics loss:0.000104
[epoch:106 iter:300] data loss:0.000021, PDE loss:0.000001, physics loss:0.000092
[epoch:106 iter:50] data loss:0.000009, PDE loss:0.000000, physics loss:0.000034
[epoch:107 iter:50] data loss:0.000019, PDE loss:0.000000, physics loss:0.000092
[epoch:107 iter:100] data loss:0.000025, PDE loss:0.000000, physics loss:0.000096
[epoch:107 iter:150] data loss:0.000028, PDE loss:0.000000, physics loss:0.000074
[epoch:107 iter:200] data loss:0.000027, PDE loss:0.000000, physics loss:0.000082
[epoch:107 iter:250] data loss:0.000023, PDE loss:0.000000, physics loss:0.000063
[epoch:107 iter:300] data loss:0.000015, PDE loss:0.000000, physics loss:0.000065
[epoch:107 iter:50] data loss:0.000010, PDE loss:0.000000, physics loss:0.000053
[epoch:108 iter:50] data loss:0.000027, PDE loss:0.000000, physics loss:0.000063
[epoch:108 iter:100] data loss:0.000017, PDE loss:0.000000, physics loss:0.000075
[epoch:108 iter:150] data loss:0.000024, PDE loss:0.000001, physics loss:0.000072
[epoch:108 iter:200] data loss:0.000023, PDE loss:0.000000, physics loss:0.000097
[epoch:108 iter:250] data loss:0.000017, PDE loss:0.000000, physics loss:0.000109
[epoch:108 iter:300] data loss:0.000021, PDE loss:0.000000, physics loss:0.000072
[epoch:108 iter:50] data loss:0.000019, PDE loss:0.000001, physics loss:0.000031
[epoch:109 iter:50] data loss:0.000017, PDE loss:0.000000, physics loss:0.000044
[epoch:109 iter:100] data loss:0.000018, PDE loss:0.000000, physics loss:0.000080
[epoch:109 iter:150] data loss:0.000023, PDE loss:0.000000, physics loss:0.000092
[epoch:109 iter:200] data loss:0.000015, PDE loss:0.000000, physics loss:0.000091
[epoch:109 iter:250] data loss:0.000023, PDE loss:0.000000, physics loss:0.000086
[epoch:109 iter:300] data loss:0.000021, PDE loss:0.000000, physics loss:0.000077
[epoch:109 iter:50] data loss:0.000010, PDE loss:0.000000, physics loss:0.000039
[epoch:110 iter:50] data loss:0.000018, PDE loss:0.000000, physics loss:0.000090
[epoch:110 iter:100] data loss:0.000019, PDE loss:0.000000, physics loss:0.000101
[epoch:110 iter:150] data loss:0.000023, PDE loss:0.000000, physics loss:0.000072
[epoch:110 iter:200] data loss:0.000020, PDE loss:0.000000, physics loss:0.000099
[epoch:110 iter:250] data loss:0.000020, PDE loss:0.000000, physics loss:0.000058
[epoch:110 iter:300] data loss:0.000022, PDE loss:0.000000, physics loss:0.000104
[epoch:110 iter:50] data loss:0.000019, PDE loss:0.000000, physics loss:0.000065
[epoch:111 iter:50] data loss:0.000021, PDE loss:0.000000, physics loss:0.000078
[epoch:111 iter:100] data loss:0.000023, PDE loss:0.000000, physics loss:0.000099
[epoch:111 iter:150] data loss:0.000020, PDE loss:0.000000, physics loss:0.000075
[epoch:111 iter:200] data loss:0.000019, PDE loss:0.000001, physics loss:0.000064
[epoch:111 iter:250] data loss:0.000017, PDE loss:0.000001, physics loss:0.000054
[epoch:111 iter:300] data loss:0.000025, PDE loss:0.000000, physics loss:0.000083
[epoch:111 iter:50] data loss:0.000009, PDE loss:0.000000, physics loss:0.000045
[epoch:112 iter:50] data loss:0.000019, PDE loss:0.000001, physics loss:0.000063
[epoch:112 iter:100] data loss:0.000015, PDE loss:0.000000, physics loss:0.000084
[epoch:112 iter:150] data loss:0.000021, PDE loss:0.000000, physics loss:0.000110
[epoch:112 iter:200] data loss:0.000021, PDE loss:0.000000, physics loss:0.000065
[epoch:112 iter:250] data loss:0.000018, PDE loss:0.000000, physics loss:0.000070
[epoch:112 iter:300] data loss:0.000021, PDE loss:0.000000, physics loss:0.000100
[epoch:112 iter:50] data loss:0.000010, PDE loss:0.000000, physics loss:0.000037
[epoch:113 iter:50] data loss:0.000022, PDE loss:0.000000, physics loss:0.000070
[epoch:113 iter:100] data loss:0.000017, PDE loss:0.000000, physics loss:0.000073
[epoch:113 iter:150] data loss:0.000019, PDE loss:0.000001, physics loss:0.000087
[epoch:113 iter:200] data loss:0.000016, PDE loss:0.000000, physics loss:0.000089
[epoch:113 iter:250] data loss:0.000025, PDE loss:0.000000, physics loss:0.000073
[epoch:113 iter:300] data loss:0.000019, PDE loss:0.000000, physics loss:0.000088
[epoch:113 iter:50] data loss:0.000009, PDE loss:0.000000, physics loss:0.000039
[epoch:114 iter:50] data loss:0.000018, PDE loss:0.000000, physics loss:0.000083
[epoch:114 iter:100] data loss:0.000020, PDE loss:0.000000, physics loss:0.000059
[epoch:114 iter:150] data loss:0.000018, PDE loss:0.000000, physics loss:0.000093
[epoch:114 iter:200] data loss:0.000021, PDE loss:0.000000, physics loss:0.000090
[epoch:114 iter:250] data loss:0.000018, PDE loss:0.000000, physics loss:0.000074
[epoch:114 iter:300] data loss:0.000022, PDE loss:0.000001, physics loss:0.000079
[epoch:114 iter:50] data loss:0.000011, PDE loss:0.000000, physics loss:0.000036
[epoch:115 iter:50] data loss:0.000021, PDE loss:0.000000, physics loss:0.000107
[epoch:115 iter:100] data loss:0.000024, PDE loss:0.000000, physics loss:0.000087
[epoch:115 iter:150] data loss:0.000019, PDE loss:0.000000, physics loss:0.000101
[epoch:115 iter:200] data loss:0.000015, PDE loss:0.000001, physics loss:0.000057
[epoch:115 iter:250] data loss:0.000020, PDE loss:0.000000, physics loss:0.000071
[epoch:115 iter:300] data loss:0.000020, PDE loss:0.000001, physics loss:0.000099
[epoch:115 iter:50] data loss:0.000010, PDE loss:0.000000, physics loss:0.000039
[epoch:116 iter:50] data loss:0.000017, PDE loss:0.000000, physics loss:0.000068
[epoch:116 iter:100] data loss:0.000024, PDE loss:0.000000, physics loss:0.000085
[epoch:116 iter:150] data loss:0.000015, PDE loss:0.000000, physics loss:0.000110
[epoch:116 iter:200] data loss:0.000019, PDE loss:0.000000, physics loss:0.000071
[epoch:116 iter:250] data loss:0.000019, PDE loss:0.000000, physics loss:0.000088
[epoch:116 iter:300] data loss:0.000017, PDE loss:0.000000, physics loss:0.000057
[epoch:116 iter:50] data loss:0.000013, PDE loss:0.000000, physics loss:0.000042
[epoch:117 iter:50] data loss:0.000019, PDE loss:0.000000, physics loss:0.000058
[epoch:117 iter:100] data loss:0.000022, PDE loss:0.000000, physics loss:0.000073
[epoch:117 iter:150] data loss:0.000017, PDE loss:0.000000, physics loss:0.000094
[epoch:117 iter:200] data loss:0.000020, PDE loss:0.000000, physics loss:0.000077
[epoch:117 iter:250] data loss:0.000022, PDE loss:0.000000, physics loss:0.000090
[epoch:117 iter:300] data loss:0.000020, PDE loss:0.000000, physics loss:0.000089
[epoch:117 iter:50] data loss:0.000008, PDE loss:0.000000, physics loss:0.000030
[epoch:118 iter:50] data loss:0.000019, PDE loss:0.000000, physics loss:0.000072
[epoch:118 iter:100] data loss:0.000021, PDE loss:0.000000, physics loss:0.000062
[epoch:118 iter:150] data loss:0.000017, PDE loss:0.000000, physics loss:0.000071
[epoch:118 iter:200] data loss:0.000016, PDE loss:0.000000, physics loss:0.000080
[epoch:118 iter:250] data loss:0.000019, PDE loss:0.000000, physics loss:0.000080
[epoch:118 iter:300] data loss:0.000026, PDE loss:0.000000, physics loss:0.000122
[epoch:118 iter:50] data loss:0.000010, PDE loss:0.000000, physics loss:0.000057
[epoch:119 iter:50] data loss:0.000021, PDE loss:0.000000, physics loss:0.000074
[epoch:119 iter:100] data loss:0.000016, PDE loss:0.000000, physics loss:0.000086
[epoch:119 iter:150] data loss:0.000019, PDE loss:0.000000, physics loss:0.000076
[epoch:119 iter:200] data loss:0.000022, PDE loss:0.000001, physics loss:0.000079
[epoch:119 iter:250] data loss:0.000017, PDE loss:0.000000, physics loss:0.000103
[epoch:119 iter:300] data loss:0.000023, PDE loss:0.000000, physics loss:0.000086
[epoch:119 iter:50] data loss:0.000015, PDE loss:0.000000, physics loss:0.000031
[epoch:120 iter:50] data loss:0.000019, PDE loss:0.000000, physics loss:0.000056
[epoch:120 iter:100] data loss:0.000019, PDE loss:0.000000, physics loss:0.000072
[epoch:120 iter:150] data loss:0.000014, PDE loss:0.000000, physics loss:0.000071
[epoch:120 iter:200] data loss:0.000019, PDE loss:0.000000, physics loss:0.000083
[epoch:120 iter:250] data loss:0.000020, PDE loss:0.000000, physics loss:0.000084
[epoch:120 iter:300] data loss:0.000023, PDE loss:0.000000, physics loss:0.000097
[epoch:120 iter:50] data loss:0.000013, PDE loss:0.000000, physics loss:0.000044
[epoch:121 iter:50] data loss:0.000017, PDE loss:0.000000, physics loss:0.000054
[epoch:121 iter:100] data loss:0.000018, PDE loss:0.000000, physics loss:0.000085
[epoch:121 iter:150] data loss:0.000018, PDE loss:0.000000, physics loss:0.000065
[epoch:121 iter:200] data loss:0.000016, PDE loss:0.000000, physics loss:0.000087
[epoch:121 iter:250] data loss:0.000018, PDE loss:0.000001, physics loss:0.000116
[epoch:121 iter:300] data loss:0.000022, PDE loss:0.000001, physics loss:0.000069
[epoch:121 iter:50] data loss:0.000010, PDE loss:0.000000, physics loss:0.000032
[epoch:122 iter:50] data loss:0.000023, PDE loss:0.000003, physics loss:0.000073
[epoch:122 iter:100] data loss:0.000019, PDE loss:0.000000, physics loss:0.000116
[epoch:122 iter:150] data loss:0.000020, PDE loss:0.000000, physics loss:0.000123
[epoch:122 iter:200] data loss:0.000018, PDE loss:0.000000, physics loss:0.000102
[epoch:122 iter:250] data loss:0.000018, PDE loss:0.000000, physics loss:0.000075
[epoch:122 iter:300] data loss:0.000019, PDE loss:0.000000, physics loss:0.000076
[epoch:122 iter:50] data loss:0.000013, PDE loss:0.000000, physics loss:0.000066
[epoch:123 iter:50] data loss:0.000018, PDE loss:0.000000, physics loss:0.000075
[epoch:123 iter:100] data loss:0.000021, PDE loss:0.000001, physics loss:0.000118
[epoch:123 iter:150] data loss:0.000020, PDE loss:0.000000, physics loss:0.000060
[epoch:123 iter:200] data loss:0.000019, PDE loss:0.000000, physics loss:0.000098
[epoch:123 iter:250] data loss:0.000016, PDE loss:0.000000, physics loss:0.000038
[epoch:123 iter:300] data loss:0.000020, PDE loss:0.000000, physics loss:0.000079
[epoch:123 iter:50] data loss:0.000009, PDE loss:0.000000, physics loss:0.000039
[epoch:124 iter:50] data loss:0.000018, PDE loss:0.000000, physics loss:0.000054
[epoch:124 iter:100] data loss:0.000019, PDE loss:0.000000, physics loss:0.000092
[epoch:124 iter:150] data loss:0.000019, PDE loss:0.000000, physics loss:0.000063
[epoch:124 iter:200] data loss:0.000013, PDE loss:0.000000, physics loss:0.000079
[epoch:124 iter:250] data loss:0.000021, PDE loss:0.000000, physics loss:0.000087
[epoch:124 iter:300] data loss:0.000021, PDE loss:0.000000, physics loss:0.000104
[epoch:124 iter:50] data loss:0.000011, PDE loss:0.000000, physics loss:0.000035
[epoch:125 iter:50] data loss:0.000017, PDE loss:0.000000, physics loss:0.000093
[epoch:125 iter:100] data loss:0.000022, PDE loss:0.000000, physics loss:0.000088
[epoch:125 iter:150] data loss:0.000020, PDE loss:0.000000, physics loss:0.000078
[epoch:125 iter:200] data loss:0.000019, PDE loss:0.000000, physics loss:0.000108
[epoch:125 iter:250] data loss:0.000015, PDE loss:0.000001, physics loss:0.000103
[epoch:125 iter:300] data loss:0.000020, PDE loss:0.000000, physics loss:0.000064
[epoch:125 iter:50] data loss:0.000008, PDE loss:0.000000, physics loss:0.000042
[epoch:126 iter:50] data loss:0.000020, PDE loss:0.000000, physics loss:0.000100
[epoch:126 iter:100] data loss:0.000019, PDE loss:0.000000, physics loss:0.000091
[epoch:126 iter:150] data loss:0.000019, PDE loss:0.000000, physics loss:0.000077
[epoch:126 iter:200] data loss:0.000021, PDE loss:0.000000, physics loss:0.000108
[epoch:126 iter:250] data loss:0.000020, PDE loss:0.000000, physics loss:0.000088
[epoch:126 iter:300] data loss:0.000021, PDE loss:0.000000, physics loss:0.000081
[epoch:126 iter:50] data loss:0.000009, PDE loss:0.000000, physics loss:0.000027
[epoch:127 iter:50] data loss:0.000026, PDE loss:0.000000, physics loss:0.000106
[epoch:127 iter:100] data loss:0.000020, PDE loss:0.000000, physics loss:0.000100
[epoch:127 iter:150] data loss:0.000017, PDE loss:0.000000, physics loss:0.000051
[epoch:127 iter:200] data loss:0.000029, PDE loss:0.000000, physics loss:0.000087
[epoch:127 iter:250] data loss:0.000019, PDE loss:0.000000, physics loss:0.000100
[epoch:127 iter:300] data loss:0.000019, PDE loss:0.000000, physics loss:0.000048
[epoch:127 iter:50] data loss:0.000010, PDE loss:0.000000, physics loss:0.000034
[epoch:128 iter:50] data loss:0.000020, PDE loss:0.000000, physics loss:0.000081
[epoch:128 iter:100] data loss:0.000019, PDE loss:0.000000, physics loss:0.000092
[epoch:128 iter:150] data loss:0.000019, PDE loss:0.000000, physics loss:0.000082
[epoch:128 iter:200] data loss:0.000019, PDE loss:0.000000, physics loss:0.000059
[epoch:128 iter:250] data loss:0.000018, PDE loss:0.000000, physics loss:0.000068
[epoch:128 iter:300] data loss:0.000021, PDE loss:0.000000, physics loss:0.000092
[epoch:128 iter:50] data loss:0.000007, PDE loss:0.000000, physics loss:0.000049
[epoch:129 iter:50] data loss:0.000017, PDE loss:0.000000, physics loss:0.000061
[epoch:129 iter:100] data loss:0.000024, PDE loss:0.000000, physics loss:0.000082
[epoch:129 iter:150] data loss:0.000021, PDE loss:0.000000, physics loss:0.000075
[epoch:129 iter:200] data loss:0.000023, PDE loss:0.000000, physics loss:0.000070
[epoch:129 iter:250] data loss:0.000021, PDE loss:0.000000, physics loss:0.000103
[epoch:129 iter:300] data loss:0.000017, PDE loss:0.000000, physics loss:0.000076
[epoch:129 iter:50] data loss:0.000007, PDE loss:0.000000, physics loss:0.000031
[epoch:130 iter:50] data loss:0.000020, PDE loss:0.000001, physics loss:0.000109
[epoch:130 iter:100] data loss:0.000016, PDE loss:0.000000, physics loss:0.000120
[epoch:130 iter:150] data loss:0.000017, PDE loss:0.000000, physics loss:0.000061
[epoch:130 iter:200] data loss:0.000021, PDE loss:0.000000, physics loss:0.000057
[epoch:130 iter:250] data loss:0.000016, PDE loss:0.000000, physics loss:0.000062
[epoch:130 iter:300] data loss:0.000019, PDE loss:0.000000, physics loss:0.000070
[epoch:130 iter:50] data loss:0.000008, PDE loss:0.000000, physics loss:0.000028
[epoch:131 iter:50] data loss:0.000017, PDE loss:0.000000, physics loss:0.000073
[epoch:131 iter:100] data loss:0.000025, PDE loss:0.000000, physics loss:0.000101
[epoch:131 iter:150] data loss:0.000019, PDE loss:0.000000, physics loss:0.000091
[epoch:131 iter:200] data loss:0.000019, PDE loss:0.000000, physics loss:0.000119
[epoch:131 iter:250] data loss:0.000018, PDE loss:0.000001, physics loss:0.000061
[epoch:131 iter:300] data loss:0.000019, PDE loss:0.000000, physics loss:0.000068
[epoch:131 iter:50] data loss:0.000007, PDE loss:0.000000, physics loss:0.000044
[epoch:132 iter:50] data loss:0.000016, PDE loss:0.000000, physics loss:0.000047
[epoch:132 iter:100] data loss:0.000016, PDE loss:0.000000, physics loss:0.000058
[epoch:132 iter:150] data loss:0.000021, PDE loss:0.000000, physics loss:0.000039
[epoch:132 iter:200] data loss:0.000015, PDE loss:0.000000, physics loss:0.000077
[epoch:132 iter:250] data loss:0.000015, PDE loss:0.000000, physics loss:0.000067
[epoch:132 iter:300] data loss:0.000021, PDE loss:0.000000, physics loss:0.000096
[epoch:132 iter:50] data loss:0.000014, PDE loss:0.000000, physics loss:0.000046
[epoch:133 iter:50] data loss:0.000021, PDE loss:0.000000, physics loss:0.000090
[epoch:133 iter:100] data loss:0.000017, PDE loss:0.000000, physics loss:0.000076
[epoch:133 iter:150] data loss:0.000019, PDE loss:0.000000, physics loss:0.000100
[epoch:133 iter:200] data loss:0.000019, PDE loss:0.000000, physics loss:0.000077
[epoch:133 iter:250] data loss:0.000019, PDE loss:0.000000, physics loss:0.000064
[epoch:133 iter:300] data loss:0.000021, PDE loss:0.000000, physics loss:0.000055
[epoch:133 iter:50] data loss:0.000010, PDE loss:0.000000, physics loss:0.000031
[epoch:134 iter:50] data loss:0.000021, PDE loss:0.000000, physics loss:0.000098
[epoch:134 iter:100] data loss:0.000019, PDE loss:0.000000, physics loss:0.000077
[epoch:134 iter:150] data loss:0.000016, PDE loss:0.000000, physics loss:0.000089
[epoch:134 iter:200] data loss:0.000020, PDE loss:0.000000, physics loss:0.000102
[epoch:134 iter:250] data loss:0.000018, PDE loss:0.000000, physics loss:0.000061
[epoch:134 iter:300] data loss:0.000020, PDE loss:0.000000, physics loss:0.000095
[epoch:134 iter:50] data loss:0.000009, PDE loss:0.000000, physics loss:0.000041
[epoch:135 iter:50] data loss:0.000017, PDE loss:0.000000, physics loss:0.000094
[epoch:135 iter:100] data loss:0.000021, PDE loss:0.000000, physics loss:0.000115
[epoch:135 iter:150] data loss:0.000022, PDE loss:0.000000, physics loss:0.000076
[epoch:135 iter:200] data loss:0.000017, PDE loss:0.000000, physics loss:0.000081
[epoch:135 iter:250] data loss:0.000015, PDE loss:0.000000, physics loss:0.000082
[epoch:135 iter:300] data loss:0.000019, PDE loss:0.000000, physics loss:0.000079
[epoch:135 iter:50] data loss:0.000009, PDE loss:0.000000, physics loss:0.000042
[epoch:136 iter:50] data loss:0.000018, PDE loss:0.000000, physics loss:0.000062
[epoch:136 iter:100] data loss:0.000014, PDE loss:0.000000, physics loss:0.000060
[epoch:136 iter:150] data loss:0.000015, PDE loss:0.000000, physics loss:0.000069
[epoch:136 iter:200] data loss:0.000018, PDE loss:0.000000, physics loss:0.000095
[epoch:136 iter:250] data loss:0.000013, PDE loss:0.000000, physics loss:0.000066
[epoch:136 iter:300] data loss:0.000019, PDE loss:0.000000, physics loss:0.000061
[epoch:136 iter:50] data loss:0.000009, PDE loss:0.000000, physics loss:0.000038
[epoch:137 iter:50] data loss:0.000014, PDE loss:0.000001, physics loss:0.000051
[epoch:137 iter:100] data loss:0.000016, PDE loss:0.000000, physics loss:0.000071
[epoch:137 iter:150] data loss:0.000014, PDE loss:0.000000, physics loss:0.000081
[epoch:137 iter:200] data loss:0.000016, PDE loss:0.000000, physics loss:0.000097
[epoch:137 iter:250] data loss:0.000021, PDE loss:0.000000, physics loss:0.000089
[epoch:137 iter:300] data loss:0.000022, PDE loss:0.000000, physics loss:0.000078
[epoch:137 iter:50] data loss:0.000009, PDE loss:0.000000, physics loss:0.000047
[epoch:138 iter:50] data loss:0.000019, PDE loss:0.000000, physics loss:0.000073
[epoch:138 iter:100] data loss:0.000024, PDE loss:0.000000, physics loss:0.000077
[epoch:138 iter:150] data loss:0.000015, PDE loss:0.000000, physics loss:0.000073
[epoch:138 iter:200] data loss:0.000016, PDE loss:0.000000, physics loss:0.000064
[epoch:138 iter:250] data loss:0.000017, PDE loss:0.000000, physics loss:0.000090
[epoch:138 iter:300] data loss:0.000021, PDE loss:0.000000, physics loss:0.000097
[epoch:138 iter:50] data loss:0.000013, PDE loss:0.000000, physics loss:0.000036
[epoch:139 iter:50] data loss:0.000022, PDE loss:0.000000, physics loss:0.000089
[epoch:139 iter:100] data loss:0.000018, PDE loss:0.000000, physics loss:0.000058
[epoch:139 iter:150] data loss:0.000018, PDE loss:0.000000, physics loss:0.000075
[epoch:139 iter:200] data loss:0.000018, PDE loss:0.000002, physics loss:0.000097
[epoch:139 iter:250] data loss:0.000016, PDE loss:0.000000, physics loss:0.000069
[epoch:139 iter:300] data loss:0.000018, PDE loss:0.000000, physics loss:0.000116
[epoch:139 iter:50] data loss:0.000011, PDE loss:0.000000, physics loss:0.000029
[epoch:140 iter:50] data loss:0.000020, PDE loss:0.000000, physics loss:0.000063
[epoch:140 iter:100] data loss:0.000021, PDE loss:0.000000, physics loss:0.000088
[epoch:140 iter:150] data loss:0.000016, PDE loss:0.000000, physics loss:0.000077
[epoch:140 iter:200] data loss:0.000019, PDE loss:0.000000, physics loss:0.000091
[epoch:140 iter:250] data loss:0.000019, PDE loss:0.000000, physics loss:0.000116
[epoch:140 iter:300] data loss:0.000021, PDE loss:0.000000, physics loss:0.000096
[epoch:140 iter:50] data loss:0.000013, PDE loss:0.000000, physics loss:0.000035
[epoch:141 iter:50] data loss:0.000018, PDE loss:0.000000, physics loss:0.000083
[epoch:141 iter:100] data loss:0.000019, PDE loss:0.000000, physics loss:0.000110
[epoch:141 iter:150] data loss:0.000015, PDE loss:0.000000, physics loss:0.000088
[epoch:141 iter:200] data loss:0.000021, PDE loss:0.000000, physics loss:0.000087
[epoch:141 iter:250] data loss:0.000013, PDE loss:0.000000, physics loss:0.000081
[epoch:141 iter:300] data loss:0.000019, PDE loss:0.000000, physics loss:0.000063
[epoch:141 iter:50] data loss:0.000012, PDE loss:0.000000, physics loss:0.000037
[epoch:142 iter:50] data loss:0.000019, PDE loss:0.000001, physics loss:0.000073
[epoch:142 iter:100] data loss:0.000021, PDE loss:0.000000, physics loss:0.000085
[epoch:142 iter:150] data loss:0.000017, PDE loss:0.000001, physics loss:0.000086
[epoch:142 iter:200] data loss:0.000021, PDE loss:0.000000, physics loss:0.000088
[epoch:142 iter:250] data loss:0.000018, PDE loss:0.000000, physics loss:0.000080
[epoch:142 iter:300] data loss:0.000019, PDE loss:0.000000, physics loss:0.000095
[epoch:142 iter:50] data loss:0.000008, PDE loss:0.000000, physics loss:0.000033
[epoch:143 iter:50] data loss:0.000020, PDE loss:0.000000, physics loss:0.000070
[epoch:143 iter:100] data loss:0.000017, PDE loss:0.000000, physics loss:0.000094
[epoch:143 iter:150] data loss:0.000018, PDE loss:0.000000, physics loss:0.000069
[epoch:143 iter:200] data loss:0.000025, PDE loss:0.000000, physics loss:0.000084
[epoch:143 iter:250] data loss:0.000019, PDE loss:0.000000, physics loss:0.000084
[epoch:143 iter:300] data loss:0.000019, PDE loss:0.000000, physics loss:0.000083
[epoch:143 iter:50] data loss:0.000008, PDE loss:0.000000, physics loss:0.000026
[epoch:144 iter:50] data loss:0.000017, PDE loss:0.000000, physics loss:0.000108
[epoch:144 iter:100] data loss:0.000019, PDE loss:0.000000, physics loss:0.000091
[epoch:144 iter:150] data loss:0.000016, PDE loss:0.000000, physics loss:0.000097
[epoch:144 iter:200] data loss:0.000023, PDE loss:0.000000, physics loss:0.000079
[epoch:144 iter:250] data loss:0.000019, PDE loss:0.000000, physics loss:0.000108
[epoch:144 iter:300] data loss:0.000017, PDE loss:0.000000, physics loss:0.000068
[epoch:144 iter:50] data loss:0.000011, PDE loss:0.000000, physics loss:0.000039
[epoch:145 iter:50] data loss:0.000019, PDE loss:0.000000, physics loss:0.000071
[epoch:145 iter:100] data loss:0.000018, PDE loss:0.000001, physics loss:0.000078
[epoch:145 iter:150] data loss:0.000017, PDE loss:0.000000, physics loss:0.000072
[epoch:145 iter:200] data loss:0.000014, PDE loss:0.000000, physics loss:0.000040
[epoch:145 iter:250] data loss:0.000014, PDE loss:0.000000, physics loss:0.000097
[epoch:145 iter:300] data loss:0.000022, PDE loss:0.000000, physics loss:0.000066
[epoch:145 iter:50] data loss:0.000012, PDE loss:0.000000, physics loss:0.000044
[epoch:146 iter:50] data loss:0.000016, PDE loss:0.000000, physics loss:0.000097
[epoch:146 iter:100] data loss:0.000022, PDE loss:0.000000, physics loss:0.000070
[epoch:146 iter:150] data loss:0.000023, PDE loss:0.000000, physics loss:0.000088
[epoch:146 iter:200] data loss:0.000017, PDE loss:0.000000, physics loss:0.000096
[epoch:146 iter:250] data loss:0.000018, PDE loss:0.000000, physics loss:0.000076
[epoch:146 iter:300] data loss:0.000019, PDE loss:0.000000, physics loss:0.000076
[epoch:146 iter:50] data loss:0.000007, PDE loss:0.000000, physics loss:0.000032
[epoch:147 iter:50] data loss:0.000019, PDE loss:0.000000, physics loss:0.000084
[epoch:147 iter:100] data loss:0.000018, PDE loss:0.000001, physics loss:0.000071
[epoch:147 iter:150] data loss:0.000023, PDE loss:0.000001, physics loss:0.000072
[epoch:147 iter:200] data loss:0.000017, PDE loss:0.000000, physics loss:0.000072
[epoch:147 iter:250] data loss:0.000020, PDE loss:0.000000, physics loss:0.000080
[epoch:147 iter:300] data loss:0.000015, PDE loss:0.000000, physics loss:0.000081
[epoch:147 iter:50] data loss:0.000008, PDE loss:0.000000, physics loss:0.000032
[epoch:148 iter:50] data loss:0.000016, PDE loss:0.000000, physics loss:0.000087
[epoch:148 iter:100] data loss:0.000017, PDE loss:0.000000, physics loss:0.000082
[epoch:148 iter:150] data loss:0.000020, PDE loss:0.000000, physics loss:0.000053
[epoch:148 iter:200] data loss:0.000020, PDE loss:0.000000, physics loss:0.000079
[epoch:148 iter:250] data loss:0.000016, PDE loss:0.000000, physics loss:0.000079
[epoch:148 iter:300] data loss:0.000013, PDE loss:0.000001, physics loss:0.000072
[epoch:148 iter:50] data loss:0.000011, PDE loss:0.000000, physics loss:0.000034
[epoch:149 iter:50] data loss:0.000018, PDE loss:0.000000, physics loss:0.000084
[epoch:149 iter:100] data loss:0.000022, PDE loss:0.000002, physics loss:0.000107
[epoch:149 iter:150] data loss:0.000016, PDE loss:0.000000, physics loss:0.000063
[epoch:149 iter:200] data loss:0.000016, PDE loss:0.000000, physics loss:0.000085
[epoch:149 iter:250] data loss:0.000017, PDE loss:0.000001, physics loss:0.000075
[epoch:149 iter:300] data loss:0.000013, PDE loss:0.000000, physics loss:0.000104
[epoch:149 iter:50] data loss:0.000009, PDE loss:0.000000, physics loss:0.000036
[epoch:150 iter:50] data loss:0.000015, PDE loss:0.000000, physics loss:0.000060
[epoch:150 iter:100] data loss:0.000019, PDE loss:0.000000, physics loss:0.000069
[epoch:150 iter:150] data loss:0.000017, PDE loss:0.000000, physics loss:0.000096
[epoch:150 iter:200] data loss:0.000016, PDE loss:0.000000, physics loss:0.000055
[epoch:150 iter:250] data loss:0.000021, PDE loss:0.000000, physics loss:0.000081
[epoch:150 iter:300] data loss:0.000014, PDE loss:0.000000, physics loss:0.000080
[epoch:150 iter:50] data loss:0.000008, PDE loss:0.000000, physics loss:0.000041
[epoch:151 iter:50] data loss:0.000018, PDE loss:0.000000, physics loss:0.000069
[epoch:151 iter:100] data loss:0.000017, PDE loss:0.000000, physics loss:0.000050
[epoch:151 iter:150] data loss:0.000017, PDE loss:0.000000, physics loss:0.000068
[epoch:151 iter:200] data loss:0.000017, PDE loss:0.000000, physics loss:0.000067
[epoch:151 iter:250] data loss:0.000019, PDE loss:0.000000, physics loss:0.000099
[epoch:151 iter:300] data loss:0.000021, PDE loss:0.000000, physics loss:0.000100
[epoch:151 iter:50] data loss:0.000015, PDE loss:0.000000, physics loss:0.000028
[epoch:152 iter:50] data loss:0.000015, PDE loss:0.000000, physics loss:0.000103
[epoch:152 iter:100] data loss:0.000017, PDE loss:0.000000, physics loss:0.000069
[epoch:152 iter:150] data loss:0.000016, PDE loss:0.000000, physics loss:0.000070
[epoch:152 iter:200] data loss:0.000019, PDE loss:0.000000, physics loss:0.000075
[epoch:152 iter:250] data loss:0.000018, PDE loss:0.000000, physics loss:0.000095
[epoch:152 iter:300] data loss:0.000017, PDE loss:0.000000, physics loss:0.000064
[epoch:152 iter:50] data loss:0.000006, PDE loss:0.000000, physics loss:0.000030
[epoch:153 iter:50] data loss:0.000017, PDE loss:0.000000, physics loss:0.000068
[epoch:153 iter:100] data loss:0.000016, PDE loss:0.000000, physics loss:0.000078
[epoch:153 iter:150] data loss:0.000023, PDE loss:0.000000, physics loss:0.000073
[epoch:153 iter:200] data loss:0.000018, PDE loss:0.000001, physics loss:0.000080
[epoch:153 iter:250] data loss:0.000015, PDE loss:0.000000, physics loss:0.000068
[epoch:153 iter:300] data loss:0.000017, PDE loss:0.000000, physics loss:0.000082
[epoch:153 iter:50] data loss:0.000008, PDE loss:0.000000, physics loss:0.000026
[epoch:154 iter:50] data loss:0.000016, PDE loss:0.000000, physics loss:0.000068
[epoch:154 iter:100] data loss:0.000019, PDE loss:0.000000, physics loss:0.000068
[epoch:154 iter:150] data loss:0.000015, PDE loss:0.000000, physics loss:0.000069
[epoch:154 iter:200] data loss:0.000019, PDE loss:0.000000, physics loss:0.000097
[epoch:154 iter:250] data loss:0.000019, PDE loss:0.000000, physics loss:0.000061
[epoch:154 iter:300] data loss:0.000018, PDE loss:0.000001, physics loss:0.000070
[epoch:154 iter:50] data loss:0.000012, PDE loss:0.000000, physics loss:0.000049
[epoch:155 iter:50] data loss:0.000016, PDE loss:0.000000, physics loss:0.000090
[epoch:155 iter:100] data loss:0.000031, PDE loss:0.000000, physics loss:0.000101
[epoch:155 iter:150] data loss:0.000016, PDE loss:0.000000, physics loss:0.000070
[epoch:155 iter:200] data loss:0.000015, PDE loss:0.000000, physics loss:0.000064
[epoch:155 iter:250] data loss:0.000016, PDE loss:0.000000, physics loss:0.000078
[epoch:155 iter:300] data loss:0.000014, PDE loss:0.000000, physics loss:0.000094
[epoch:155 iter:50] data loss:0.000010, PDE loss:0.000000, physics loss:0.000032
[epoch:156 iter:50] data loss:0.000015, PDE loss:0.000000, physics loss:0.000082
[epoch:156 iter:100] data loss:0.000021, PDE loss:0.000000, physics loss:0.000117
[epoch:156 iter:150] data loss:0.000019, PDE loss:0.000000, physics loss:0.000090
[epoch:156 iter:200] data loss:0.000015, PDE loss:0.000000, physics loss:0.000063
[epoch:156 iter:250] data loss:0.000018, PDE loss:0.000000, physics loss:0.000115
[epoch:156 iter:300] data loss:0.000024, PDE loss:0.000000, physics loss:0.000111
[epoch:156 iter:50] data loss:0.000007, PDE loss:0.000000, physics loss:0.000045
[epoch:157 iter:50] data loss:0.000025, PDE loss:0.000000, physics loss:0.000080
[epoch:157 iter:100] data loss:0.000019, PDE loss:0.000000, physics loss:0.000094
[epoch:157 iter:150] data loss:0.000015, PDE loss:0.000000, physics loss:0.000089
[epoch:157 iter:200] data loss:0.000016, PDE loss:0.000000, physics loss:0.000093
[epoch:157 iter:250] data loss:0.000019, PDE loss:0.000000, physics loss:0.000063
[epoch:157 iter:300] data loss:0.000016, PDE loss:0.000000, physics loss:0.000073
[epoch:157 iter:50] data loss:0.000007, PDE loss:0.000000, physics loss:0.000034
[epoch:158 iter:50] data loss:0.000022, PDE loss:0.000000, physics loss:0.000078
[epoch:158 iter:100] data loss:0.000019, PDE loss:0.000001, physics loss:0.000072
[epoch:158 iter:150] data loss:0.000015, PDE loss:0.000000, physics loss:0.000070
[epoch:158 iter:200] data loss:0.000019, PDE loss:0.000000, physics loss:0.000066
[epoch:158 iter:250] data loss:0.000019, PDE loss:0.000000, physics loss:0.000089
[epoch:158 iter:300] data loss:0.000017, PDE loss:0.000000, physics loss:0.000079
[epoch:158 iter:50] data loss:0.000009, PDE loss:0.000000, physics loss:0.000039
[epoch:159 iter:50] data loss:0.000015, PDE loss:0.000000, physics loss:0.000061
[epoch:159 iter:100] data loss:0.000017, PDE loss:0.000000, physics loss:0.000064
[epoch:159 iter:150] data loss:0.000020, PDE loss:0.000000, physics loss:0.000058
[epoch:159 iter:200] data loss:0.000015, PDE loss:0.000000, physics loss:0.000096
[epoch:159 iter:250] data loss:0.000017, PDE loss:0.000000, physics loss:0.000101
[epoch:159 iter:300] data loss:0.000017, PDE loss:0.000000, physics loss:0.000105
[epoch:159 iter:50] data loss:0.000009, PDE loss:0.000000, physics loss:0.000026
[epoch:160 iter:50] data loss:0.000017, PDE loss:0.000000, physics loss:0.000075
[epoch:160 iter:100] data loss:0.000013, PDE loss:0.000001, physics loss:0.000083
[epoch:160 iter:150] data loss:0.000016, PDE loss:0.000000, physics loss:0.000076
[epoch:160 iter:200] data loss:0.000015, PDE loss:0.000000, physics loss:0.000086
[epoch:160 iter:250] data loss:0.000019, PDE loss:0.000000, physics loss:0.000090
[epoch:160 iter:300] data loss:0.000017, PDE loss:0.000000, physics loss:0.000048
[epoch:160 iter:50] data loss:0.000009, PDE loss:0.000000, physics loss:0.000035
[epoch:161 iter:50] data loss:0.000016, PDE loss:0.000000, physics loss:0.000052
[epoch:161 iter:100] data loss:0.000019, PDE loss:0.000000, physics loss:0.000086
[epoch:161 iter:150] data loss:0.000022, PDE loss:0.000000, physics loss:0.000097
[epoch:161 iter:200] data loss:0.000015, PDE loss:0.000000, physics loss:0.000067
[epoch:161 iter:250] data loss:0.000023, PDE loss:0.000000, physics loss:0.000088
[epoch:161 iter:300] data loss:0.000018, PDE loss:0.000000, physics loss:0.000094
[epoch:161 iter:50] data loss:0.000011, PDE loss:0.000000, physics loss:0.000022
[epoch:162 iter:50] data loss:0.000014, PDE loss:0.000000, physics loss:0.000084
[epoch:162 iter:100] data loss:0.000017, PDE loss:0.000000, physics loss:0.000086
[epoch:162 iter:150] data loss:0.000016, PDE loss:0.000000, physics loss:0.000088
[epoch:162 iter:200] data loss:0.000024, PDE loss:0.000000, physics loss:0.000098
[epoch:162 iter:250] data loss:0.000018, PDE loss:0.000000, physics loss:0.000057
[epoch:162 iter:300] data loss:0.000018, PDE loss:0.000000, physics loss:0.000093
[epoch:162 iter:50] data loss:0.000008, PDE loss:0.000000, physics loss:0.000033
[epoch:163 iter:50] data loss:0.000019, PDE loss:0.000001, physics loss:0.000092
[epoch:163 iter:100] data loss:0.000018, PDE loss:0.000000, physics loss:0.000079
[epoch:163 iter:150] data loss:0.000017, PDE loss:0.000000, physics loss:0.000071
[epoch:163 iter:200] data loss:0.000015, PDE loss:0.000000, physics loss:0.000056
[epoch:163 iter:250] data loss:0.000015, PDE loss:0.000000, physics loss:0.000096
[epoch:163 iter:300] data loss:0.000017, PDE loss:0.000000, physics loss:0.000067
[epoch:163 iter:50] data loss:0.000008, PDE loss:0.000000, physics loss:0.000038
[epoch:164 iter:50] data loss:0.000013, PDE loss:0.000000, physics loss:0.000077
[epoch:164 iter:100] data loss:0.000017, PDE loss:0.000000, physics loss:0.000066
[epoch:164 iter:150] data loss:0.000021, PDE loss:0.000000, physics loss:0.000064
[epoch:164 iter:200] data loss:0.000014, PDE loss:0.000000, physics loss:0.000060
[epoch:164 iter:250] data loss:0.000016, PDE loss:0.000000, physics loss:0.000087
[epoch:164 iter:300] data loss:0.000016, PDE loss:0.000000, physics loss:0.000096
[epoch:164 iter:50] data loss:0.000008, PDE loss:0.000000, physics loss:0.000038
[epoch:165 iter:50] data loss:0.000021, PDE loss:0.000000, physics loss:0.000093
[epoch:165 iter:100] data loss:0.000021, PDE loss:0.000000, physics loss:0.000091
[epoch:165 iter:150] data loss:0.000016, PDE loss:0.000000, physics loss:0.000059
[epoch:165 iter:200] data loss:0.000018, PDE loss:0.000000, physics loss:0.000084
[epoch:165 iter:250] data loss:0.000016, PDE loss:0.000000, physics loss:0.000067
[epoch:165 iter:300] data loss:0.000015, PDE loss:0.000000, physics loss:0.000061
[epoch:165 iter:50] data loss:0.000006, PDE loss:0.000000, physics loss:0.000028
[epoch:166 iter:50] data loss:0.000020, PDE loss:0.000000, physics loss:0.000070
[epoch:166 iter:100] data loss:0.000018, PDE loss:0.000000, physics loss:0.000081
[epoch:166 iter:150] data loss:0.000021, PDE loss:0.000000, physics loss:0.000061
[epoch:166 iter:200] data loss:0.000017, PDE loss:0.000000, physics loss:0.000089
[epoch:166 iter:250] data loss:0.000024, PDE loss:0.000001, physics loss:0.000075
[epoch:166 iter:300] data loss:0.000015, PDE loss:0.000000, physics loss:0.000082
[epoch:166 iter:50] data loss:0.000011, PDE loss:0.000000, physics loss:0.000038
[epoch:167 iter:50] data loss:0.000019, PDE loss:0.000000, physics loss:0.000081
[epoch:167 iter:100] data loss:0.000017, PDE loss:0.000000, physics loss:0.000081
[epoch:167 iter:150] data loss:0.000020, PDE loss:0.000000, physics loss:0.000081
[epoch:167 iter:200] data loss:0.000020, PDE loss:0.000000, physics loss:0.000121
[epoch:167 iter:250] data loss:0.000022, PDE loss:0.000000, physics loss:0.000074
[epoch:167 iter:300] data loss:0.000016, PDE loss:0.000000, physics loss:0.000052
[epoch:167 iter:50] data loss:0.000010, PDE loss:0.000000, physics loss:0.000041
[epoch:168 iter:50] data loss:0.000019, PDE loss:0.000000, physics loss:0.000101
[epoch:168 iter:100] data loss:0.000019, PDE loss:0.000000, physics loss:0.000072
[epoch:168 iter:150] data loss:0.000017, PDE loss:0.000000, physics loss:0.000083
[epoch:168 iter:200] data loss:0.000017, PDE loss:0.000000, physics loss:0.000086
[epoch:168 iter:250] data loss:0.000017, PDE loss:0.000000, physics loss:0.000055
[epoch:168 iter:300] data loss:0.000022, PDE loss:0.000000, physics loss:0.000104
[epoch:168 iter:50] data loss:0.000012, PDE loss:0.000000, physics loss:0.000037
[epoch:169 iter:50] data loss:0.000014, PDE loss:0.000000, physics loss:0.000070
[epoch:169 iter:100] data loss:0.000017, PDE loss:0.000000, physics loss:0.000068
[epoch:169 iter:150] data loss:0.000016, PDE loss:0.000000, physics loss:0.000078
[epoch:169 iter:200] data loss:0.000017, PDE loss:0.000000, physics loss:0.000083
[epoch:169 iter:250] data loss:0.000019, PDE loss:0.000000, physics loss:0.000062
[epoch:169 iter:300] data loss:0.000016, PDE loss:0.000000, physics loss:0.000078
[epoch:169 iter:50] data loss:0.000012, PDE loss:0.000000, physics loss:0.000044
[epoch:170 iter:50] data loss:0.000018, PDE loss:0.000000, physics loss:0.000055
[epoch:170 iter:100] data loss:0.000016, PDE loss:0.000000, physics loss:0.000103
[epoch:170 iter:150] data loss:0.000019, PDE loss:0.000000, physics loss:0.000077
[epoch:170 iter:200] data loss:0.000022, PDE loss:0.000000, physics loss:0.000105
[epoch:170 iter:250] data loss:0.000015, PDE loss:0.000000, physics loss:0.000067
[epoch:170 iter:300] data loss:0.000018, PDE loss:0.000000, physics loss:0.000087
[epoch:170 iter:50] data loss:0.000008, PDE loss:0.000000, physics loss:0.000021
[epoch:171 iter:50] data loss:0.000015, PDE loss:0.000000, physics loss:0.000084
[epoch:171 iter:100] data loss:0.000015, PDE loss:0.000000, physics loss:0.000061
[epoch:171 iter:150] data loss:0.000016, PDE loss:0.000000, physics loss:0.000084
[epoch:171 iter:200] data loss:0.000017, PDE loss:0.000000, physics loss:0.000072
[epoch:171 iter:250] data loss:0.000015, PDE loss:0.000000, physics loss:0.000060
[epoch:171 iter:300] data loss:0.000017, PDE loss:0.000000, physics loss:0.000071
[epoch:171 iter:50] data loss:0.000009, PDE loss:0.000000, physics loss:0.000041
[epoch:172 iter:50] data loss:0.000017, PDE loss:0.000000, physics loss:0.000075
[epoch:172 iter:100] data loss:0.000015, PDE loss:0.000000, physics loss:0.000054
[epoch:172 iter:150] data loss:0.000017, PDE loss:0.000000, physics loss:0.000084
[epoch:172 iter:200] data loss:0.000019, PDE loss:0.000000, physics loss:0.000086
[epoch:172 iter:250] data loss:0.000015, PDE loss:0.000000, physics loss:0.000077
[epoch:172 iter:300] data loss:0.000018, PDE loss:0.000000, physics loss:0.000106
[epoch:172 iter:50] data loss:0.000010, PDE loss:0.000000, physics loss:0.000036
[epoch:173 iter:50] data loss:0.000017, PDE loss:0.000000, physics loss:0.000093
[epoch:173 iter:100] data loss:0.000018, PDE loss:0.000000, physics loss:0.000067
[epoch:173 iter:150] data loss:0.000019, PDE loss:0.000000, physics loss:0.000100
[epoch:173 iter:200] data loss:0.000016, PDE loss:0.000000, physics loss:0.000093
[epoch:173 iter:250] data loss:0.000018, PDE loss:0.000000, physics loss:0.000096
[epoch:173 iter:300] data loss:0.000017, PDE loss:0.000000, physics loss:0.000092
[epoch:173 iter:50] data loss:0.000010, PDE loss:0.000000, physics loss:0.000040
[epoch:174 iter:50] data loss:0.000016, PDE loss:0.000000, physics loss:0.000090
[epoch:174 iter:100] data loss:0.000017, PDE loss:0.000000, physics loss:0.000105
[epoch:174 iter:150] data loss:0.000017, PDE loss:0.000000, physics loss:0.000064
[epoch:174 iter:200] data loss:0.000018, PDE loss:0.000000, physics loss:0.000090
[epoch:174 iter:250] data loss:0.000022, PDE loss:0.000001, physics loss:0.000094
[epoch:174 iter:300] data loss:0.000017, PDE loss:0.000000, physics loss:0.000053
[epoch:174 iter:50] data loss:0.000015, PDE loss:0.000000, physics loss:0.000035
[epoch:175 iter:50] data loss:0.000018, PDE loss:0.000000, physics loss:0.000082
[epoch:175 iter:100] data loss:0.000018, PDE loss:0.000000, physics loss:0.000107
[epoch:175 iter:150] data loss:0.000015, PDE loss:0.000000, physics loss:0.000091
[epoch:175 iter:200] data loss:0.000016, PDE loss:0.000000, physics loss:0.000089
[epoch:175 iter:250] data loss:0.000016, PDE loss:0.000000, physics loss:0.000059
[epoch:175 iter:300] data loss:0.000017, PDE loss:0.000001, physics loss:0.000066
[epoch:175 iter:50] data loss:0.000006, PDE loss:0.000000, physics loss:0.000038
[epoch:176 iter:50] data loss:0.000018, PDE loss:0.000000, physics loss:0.000093
[epoch:176 iter:100] data loss:0.000021, PDE loss:0.000000, physics loss:0.000064
[epoch:176 iter:150] data loss:0.000018, PDE loss:0.000000, physics loss:0.000100
[epoch:176 iter:200] data loss:0.000019, PDE loss:0.000000, physics loss:0.000102
[epoch:176 iter:250] data loss:0.000022, PDE loss:0.000000, physics loss:0.000069
[epoch:176 iter:300] data loss:0.000017, PDE loss:0.000000, physics loss:0.000081
[epoch:176 iter:50] data loss:0.000007, PDE loss:0.000000, physics loss:0.000023
[epoch:177 iter:50] data loss:0.000015, PDE loss:0.000000, physics loss:0.000078
[epoch:177 iter:100] data loss:0.000018, PDE loss:0.000000, physics loss:0.000084
[epoch:177 iter:150] data loss:0.000014, PDE loss:0.000000, physics loss:0.000047
[epoch:177 iter:200] data loss:0.000014, PDE loss:0.000000, physics loss:0.000100
[epoch:177 iter:250] data loss:0.000014, PDE loss:0.000000, physics loss:0.000090
[epoch:177 iter:300] data loss:0.000016, PDE loss:0.000000, physics loss:0.000072
[epoch:177 iter:50] data loss:0.000009, PDE loss:0.000000, physics loss:0.000022
[epoch:178 iter:50] data loss:0.000015, PDE loss:0.000000, physics loss:0.000096
[epoch:178 iter:100] data loss:0.000018, PDE loss:0.000001, physics loss:0.000051
[epoch:178 iter:150] data loss:0.000016, PDE loss:0.000000, physics loss:0.000065
[epoch:178 iter:200] data loss:0.000017, PDE loss:0.000000, physics loss:0.000094
[epoch:178 iter:250] data loss:0.000015, PDE loss:0.000000, physics loss:0.000087
[epoch:178 iter:300] data loss:0.000017, PDE loss:0.000000, physics loss:0.000081
[epoch:178 iter:50] data loss:0.000006, PDE loss:0.000000, physics loss:0.000028
[epoch:179 iter:50] data loss:0.000016, PDE loss:0.000000, physics loss:0.000068
[epoch:179 iter:100] data loss:0.000018, PDE loss:0.000000, physics loss:0.000061
[epoch:179 iter:150] data loss:0.000017, PDE loss:0.000000, physics loss:0.000098
[epoch:179 iter:200] data loss:0.000020, PDE loss:0.000000, physics loss:0.000071
[epoch:179 iter:250] data loss:0.000016, PDE loss:0.000000, physics loss:0.000064
[epoch:179 iter:300] data loss:0.000015, PDE loss:0.000000, physics loss:0.000061
[epoch:179 iter:50] data loss:0.000007, PDE loss:0.000000, physics loss:0.000025
[epoch:180 iter:50] data loss:0.000013, PDE loss:0.000000, physics loss:0.000061
[epoch:180 iter:100] data loss:0.000017, PDE loss:0.000000, physics loss:0.000087
[epoch:180 iter:150] data loss:0.000016, PDE loss:0.000000, physics loss:0.000067
[epoch:180 iter:200] data loss:0.000016, PDE loss:0.000000, physics loss:0.000060
[epoch:180 iter:250] data loss:0.000018, PDE loss:0.000000, physics loss:0.000054
[epoch:180 iter:300] data loss:0.000021, PDE loss:0.000000, physics loss:0.000091
[epoch:180 iter:50] data loss:0.000010, PDE loss:0.000000, physics loss:0.000029
[epoch:181 iter:50] data loss:0.000015, PDE loss:0.000000, physics loss:0.000059
[epoch:181 iter:100] data loss:0.000017, PDE loss:0.000000, physics loss:0.000087
[epoch:181 iter:150] data loss:0.000017, PDE loss:0.000000, physics loss:0.000066
[epoch:181 iter:200] data loss:0.000015, PDE loss:0.000000, physics loss:0.000068
[epoch:181 iter:250] data loss:0.000016, PDE loss:0.000000, physics loss:0.000061
[epoch:181 iter:300] data loss:0.000014, PDE loss:0.000000, physics loss:0.000071
[epoch:181 iter:50] data loss:0.000009, PDE loss:0.000000, physics loss:0.000043
[epoch:182 iter:50] data loss:0.000020, PDE loss:0.000000, physics loss:0.000080
[epoch:182 iter:100] data loss:0.000019, PDE loss:0.000000, physics loss:0.000070
[epoch:182 iter:150] data loss:0.000017, PDE loss:0.000000, physics loss:0.000071
[epoch:182 iter:200] data loss:0.000017, PDE loss:0.000000, physics loss:0.000077
[epoch:182 iter:250] data loss:0.000020, PDE loss:0.000000, physics loss:0.000070
[epoch:182 iter:300] data loss:0.000017, PDE loss:0.000000, physics loss:0.000084
[epoch:182 iter:50] data loss:0.000006, PDE loss:0.000000, physics loss:0.000028
[epoch:183 iter:50] data loss:0.000020, PDE loss:0.000000, physics loss:0.000070
[epoch:183 iter:100] data loss:0.000014, PDE loss:0.000000, physics loss:0.000054
[epoch:183 iter:150] data loss:0.000021, PDE loss:0.000000, physics loss:0.000064
[epoch:183 iter:200] data loss:0.000014, PDE loss:0.000000, physics loss:0.000089
[epoch:183 iter:250] data loss:0.000016, PDE loss:0.000000, physics loss:0.000057
[epoch:183 iter:300] data loss:0.000014, PDE loss:0.000000, physics loss:0.000062
[epoch:183 iter:50] data loss:0.000007, PDE loss:0.000000, physics loss:0.000033
[epoch:184 iter:50] data loss:0.000016, PDE loss:0.000000, physics loss:0.000079
[epoch:184 iter:100] data loss:0.000020, PDE loss:0.000000, physics loss:0.000077
[epoch:184 iter:150] data loss:0.000018, PDE loss:0.000000, physics loss:0.000108
[epoch:184 iter:200] data loss:0.000016, PDE loss:0.000000, physics loss:0.000079
[epoch:184 iter:250] data loss:0.000017, PDE loss:0.000000, physics loss:0.000088
[epoch:184 iter:300] data loss:0.000025, PDE loss:0.000000, physics loss:0.000102
[epoch:184 iter:50] data loss:0.000006, PDE loss:0.000000, physics loss:0.000031
[epoch:185 iter:50] data loss:0.000020, PDE loss:0.000000, physics loss:0.000082
[epoch:185 iter:100] data loss:0.000016, PDE loss:0.000000, physics loss:0.000068
[epoch:185 iter:150] data loss:0.000016, PDE loss:0.000000, physics loss:0.000054
[epoch:185 iter:200] data loss:0.000017, PDE loss:0.000000, physics loss:0.000052
[epoch:185 iter:250] data loss:0.000014, PDE loss:0.000000, physics loss:0.000067
[epoch:185 iter:300] data loss:0.000015, PDE loss:0.000000, physics loss:0.000062
[epoch:185 iter:50] data loss:0.000010, PDE loss:0.000000, physics loss:0.000042
[epoch:186 iter:50] data loss:0.000016, PDE loss:0.000000, physics loss:0.000063
[epoch:186 iter:100] data loss:0.000014, PDE loss:0.000000, physics loss:0.000066
[epoch:186 iter:150] data loss:0.000017, PDE loss:0.000000, physics loss:0.000071
[epoch:186 iter:200] data loss:0.000014, PDE loss:0.000000, physics loss:0.000060
[epoch:186 iter:250] data loss:0.000017, PDE loss:0.000000, physics loss:0.000073
[epoch:186 iter:300] data loss:0.000015, PDE loss:0.000000, physics loss:0.000080
[epoch:186 iter:50] data loss:0.000006, PDE loss:0.000000, physics loss:0.000032
[epoch:187 iter:50] data loss:0.000013, PDE loss:0.000000, physics loss:0.000074
[epoch:187 iter:100] data loss:0.000014, PDE loss:0.000000, physics loss:0.000058
[epoch:187 iter:150] data loss:0.000016, PDE loss:0.000000, physics loss:0.000079
[epoch:187 iter:200] data loss:0.000017, PDE loss:0.000000, physics loss:0.000056
[epoch:187 iter:250] data loss:0.000017, PDE loss:0.000000, physics loss:0.000059
[epoch:187 iter:300] data loss:0.000017, PDE loss:0.000000, physics loss:0.000066
[epoch:187 iter:50] data loss:0.000008, PDE loss:0.000000, physics loss:0.000033
[epoch:188 iter:50] data loss:0.000019, PDE loss:0.000000, physics loss:0.000076
[epoch:188 iter:100] data loss:0.000014, PDE loss:0.000000, physics loss:0.000078
[epoch:188 iter:150] data loss:0.000014, PDE loss:0.000000, physics loss:0.000082
[epoch:188 iter:200] data loss:0.000015, PDE loss:0.000000, physics loss:0.000090
[epoch:188 iter:250] data loss:0.000014, PDE loss:0.000000, physics loss:0.000095
[epoch:188 iter:300] data loss:0.000014, PDE loss:0.000000, physics loss:0.000059
[epoch:188 iter:50] data loss:0.000011, PDE loss:0.000000, physics loss:0.000045
[epoch:189 iter:50] data loss:0.000017, PDE loss:0.000000, physics loss:0.000094
[epoch:189 iter:100] data loss:0.000019, PDE loss:0.000000, physics loss:0.000093
[epoch:189 iter:150] data loss:0.000016, PDE loss:0.000000, physics loss:0.000090
[epoch:189 iter:200] data loss:0.000014, PDE loss:0.000000, physics loss:0.000097
[epoch:189 iter:250] data loss:0.000016, PDE loss:0.000000, physics loss:0.000084
[epoch:189 iter:300] data loss:0.000015, PDE loss:0.000000, physics loss:0.000080
[epoch:189 iter:50] data loss:0.000012, PDE loss:0.000000, physics loss:0.000055
[epoch:190 iter:50] data loss:0.000016, PDE loss:0.000000, physics loss:0.000083
[epoch:190 iter:100] data loss:0.000018, PDE loss:0.000000, physics loss:0.000104
[epoch:190 iter:150] data loss:0.000014, PDE loss:0.000000, physics loss:0.000081
[epoch:190 iter:200] data loss:0.000019, PDE loss:0.000001, physics loss:0.000084
[epoch:190 iter:250] data loss:0.000016, PDE loss:0.000000, physics loss:0.000079
[epoch:190 iter:300] data loss:0.000017, PDE loss:0.000000, physics loss:0.000061
[epoch:190 iter:50] data loss:0.000006, PDE loss:0.000000, physics loss:0.000042
[epoch:191 iter:50] data loss:0.000015, PDE loss:0.000001, physics loss:0.000058
[epoch:191 iter:100] data loss:0.000014, PDE loss:0.000000, physics loss:0.000063
[epoch:191 iter:150] data loss:0.000017, PDE loss:0.000000, physics loss:0.000083
[epoch:191 iter:200] data loss:0.000018, PDE loss:0.000000, physics loss:0.000100
[epoch:191 iter:250] data loss:0.000018, PDE loss:0.000000, physics loss:0.000103
[epoch:191 iter:300] data loss:0.000014, PDE loss:0.000000, physics loss:0.000074
[epoch:191 iter:50] data loss:0.000008, PDE loss:0.000000, physics loss:0.000041
[epoch:192 iter:50] data loss:0.000018, PDE loss:0.000000, physics loss:0.000096
[epoch:192 iter:100] data loss:0.000015, PDE loss:0.000000, physics loss:0.000068
[epoch:192 iter:150] data loss:0.000015, PDE loss:0.000000, physics loss:0.000091
[epoch:192 iter:200] data loss:0.000013, PDE loss:0.000000, physics loss:0.000087
[epoch:192 iter:250] data loss:0.000015, PDE loss:0.000000, physics loss:0.000093
[epoch:192 iter:300] data loss:0.000013, PDE loss:0.000000, physics loss:0.000080
[epoch:192 iter:50] data loss:0.000011, PDE loss:0.000000, physics loss:0.000039
[epoch:193 iter:50] data loss:0.000017, PDE loss:0.000000, physics loss:0.000072
[epoch:193 iter:100] data loss:0.000017, PDE loss:0.000000, physics loss:0.000060
[epoch:193 iter:150] data loss:0.000015, PDE loss:0.000000, physics loss:0.000083
[epoch:193 iter:200] data loss:0.000016, PDE loss:0.000000, physics loss:0.000085
[epoch:193 iter:250] data loss:0.000033, PDE loss:0.000001, physics loss:0.000064
[epoch:193 iter:300] data loss:0.000015, PDE loss:0.000000, physics loss:0.000078
[epoch:193 iter:50] data loss:0.000007, PDE loss:0.000000, physics loss:0.000031
[epoch:194 iter:50] data loss:0.000015, PDE loss:0.000000, physics loss:0.000083
[epoch:194 iter:100] data loss:0.000014, PDE loss:0.000000, physics loss:0.000064
[epoch:194 iter:150] data loss:0.000014, PDE loss:0.000000, physics loss:0.000061
[epoch:194 iter:200] data loss:0.000019, PDE loss:0.000000, physics loss:0.000100
[epoch:194 iter:250] data loss:0.000015, PDE loss:0.000000, physics loss:0.000086
[epoch:194 iter:300] data loss:0.000018, PDE loss:0.000000, physics loss:0.000080
[epoch:194 iter:50] data loss:0.000008, PDE loss:0.000000, physics loss:0.000037
[epoch:195 iter:50] data loss:0.000018, PDE loss:0.000000, physics loss:0.000067
[epoch:195 iter:100] data loss:0.000019, PDE loss:0.000000, physics loss:0.000070
[epoch:195 iter:150] data loss:0.000019, PDE loss:0.000000, physics loss:0.000077
[epoch:195 iter:200] data loss:0.000016, PDE loss:0.000000, physics loss:0.000082
[epoch:195 iter:250] data loss:0.000016, PDE loss:0.000000, physics loss:0.000070
[epoch:195 iter:300] data loss:0.000019, PDE loss:0.000000, physics loss:0.000066
[epoch:195 iter:50] data loss:0.000006, PDE loss:0.000000, physics loss:0.000041
[epoch:196 iter:50] data loss:0.000017, PDE loss:0.000000, physics loss:0.000077
[epoch:196 iter:100] data loss:0.000022, PDE loss:0.000000, physics loss:0.000065
[epoch:196 iter:150] data loss:0.000016, PDE loss:0.000000, physics loss:0.000084
[epoch:196 iter:200] data loss:0.000014, PDE loss:0.000000, physics loss:0.000109
[epoch:196 iter:250] data loss:0.000015, PDE loss:0.000000, physics loss:0.000064
[epoch:196 iter:300] data loss:0.000017, PDE loss:0.000000, physics loss:0.000054
[epoch:196 iter:50] data loss:0.000010, PDE loss:0.000000, physics loss:0.000019
[epoch:197 iter:50] data loss:0.000016, PDE loss:0.000000, physics loss:0.000054
[epoch:197 iter:100] data loss:0.000019, PDE loss:0.000000, physics loss:0.000061
[epoch:197 iter:150] data loss:0.000019, PDE loss:0.000000, physics loss:0.000046
[epoch:197 iter:200] data loss:0.000016, PDE loss:0.000000, physics loss:0.000081
[epoch:197 iter:250] data loss:0.000015, PDE loss:0.000000, physics loss:0.000056
[epoch:197 iter:300] data loss:0.000021, PDE loss:0.000000, physics loss:0.000058
[epoch:197 iter:50] data loss:0.000009, PDE loss:0.000000, physics loss:0.000030
[epoch:198 iter:50] data loss:0.000015, PDE loss:0.000000, physics loss:0.000056
[epoch:198 iter:100] data loss:0.000018, PDE loss:0.000000, physics loss:0.000061
[epoch:198 iter:150] data loss:0.000014, PDE loss:0.000000, physics loss:0.000081
[epoch:198 iter:200] data loss:0.000017, PDE loss:0.000000, physics loss:0.000066
[epoch:198 iter:250] data loss:0.000015, PDE loss:0.000000, physics loss:0.000087
[epoch:198 iter:300] data loss:0.000016, PDE loss:0.000000, physics loss:0.000047
[epoch:198 iter:50] data loss:0.000009, PDE loss:0.000000, physics loss:0.000038
[epoch:199 iter:50] data loss:0.000016, PDE loss:0.000000, physics loss:0.000086
[epoch:199 iter:100] data loss:0.000018, PDE loss:0.000000, physics loss:0.000077
[epoch:199 iter:150] data loss:0.000015, PDE loss:0.000000, physics loss:0.000050
[epoch:199 iter:200] data loss:0.000017, PDE loss:0.000000, physics loss:0.000061
[epoch:199 iter:250] data loss:0.000017, PDE loss:0.000000, physics loss:0.000084
[epoch:199 iter:300] data loss:0.000022, PDE loss:0.000000, physics loss:0.000058
[epoch:199 iter:50] data loss:0.000008, PDE loss:0.000000, physics loss:0.000033
[epoch:200 iter:50] data loss:0.000016, PDE loss:0.000000, physics loss:0.000089
[epoch:200 iter:100] data loss:0.000018, PDE loss:0.000000, physics loss:0.000073
[epoch:200 iter:150] data loss:0.000017, PDE loss:0.000000, physics loss:0.000051
[epoch:200 iter:200] data loss:0.000017, PDE loss:0.000000, physics loss:0.000097
[epoch:200 iter:250] data loss:0.000015, PDE loss:0.000000, physics loss:0.000064
[epoch:200 iter:300] data loss:0.000015, PDE loss:0.000000, physics loss:0.000101
[epoch:200 iter:50] data loss:0.000007, PDE loss:0.000000, physics loss:0.000038
[epoch:201 iter:50] data loss:0.000013, PDE loss:0.000000, physics loss:0.000077
[epoch:201 iter:100] data loss:0.000019, PDE loss:0.000000, physics loss:0.000066
[epoch:201 iter:150] data loss:0.000015, PDE loss:0.000000, physics loss:0.000060
[epoch:201 iter:200] data loss:0.000017, PDE loss:0.000000, physics loss:0.000081
[epoch:201 iter:250] data loss:0.000022, PDE loss:0.000000, physics loss:0.000054
[epoch:201 iter:300] data loss:0.000017, PDE loss:0.000000, physics loss:0.000069
[epoch:201 iter:50] data loss:0.000006, PDE loss:0.000000, physics loss:0.000037
[epoch:202 iter:50] data loss:0.000013, PDE loss:0.000000, physics loss:0.000046
[epoch:202 iter:100] data loss:0.000022, PDE loss:0.000000, physics loss:0.000065
[epoch:202 iter:150] data loss:0.000020, PDE loss:0.000000, physics loss:0.000066
[epoch:202 iter:200] data loss:0.000016, PDE loss:0.000000, physics loss:0.000085
[epoch:202 iter:250] data loss:0.000019, PDE loss:0.000000, physics loss:0.000094
[epoch:202 iter:300] data loss:0.000014, PDE loss:0.000000, physics loss:0.000070
[epoch:202 iter:50] data loss:0.000010, PDE loss:0.000000, physics loss:0.000023
[epoch:203 iter:50] data loss:0.000013, PDE loss:0.000000, physics loss:0.000084
[epoch:203 iter:100] data loss:0.000015, PDE loss:0.000000, physics loss:0.000080
[epoch:203 iter:150] data loss:0.000015, PDE loss:0.000000, physics loss:0.000088
[epoch:203 iter:200] data loss:0.000017, PDE loss:0.000000, physics loss:0.000050
[epoch:203 iter:250] data loss:0.000019, PDE loss:0.000000, physics loss:0.000060
[epoch:203 iter:300] data loss:0.000016, PDE loss:0.000000, physics loss:0.000072
[epoch:203 iter:50] data loss:0.000009, PDE loss:0.000000, physics loss:0.000032
[epoch:204 iter:50] data loss:0.000018, PDE loss:0.000000, physics loss:0.000060
[epoch:204 iter:100] data loss:0.000018, PDE loss:0.000000, physics loss:0.000098
[epoch:204 iter:150] data loss:0.000015, PDE loss:0.000000, physics loss:0.000083
[epoch:204 iter:200] data loss:0.000016, PDE loss:0.000000, physics loss:0.000049
[epoch:204 iter:250] data loss:0.000018, PDE loss:0.000000, physics loss:0.000084
[epoch:204 iter:300] data loss:0.000018, PDE loss:0.000000, physics loss:0.000067
[epoch:204 iter:50] data loss:0.000013, PDE loss:0.000000, physics loss:0.000052
[epoch:205 iter:50] data loss:0.000016, PDE loss:0.000000, physics loss:0.000072
[epoch:205 iter:100] data loss:0.000018, PDE loss:0.000000, physics loss:0.000121
[epoch:205 iter:150] data loss:0.000014, PDE loss:0.000000, physics loss:0.000085
[epoch:205 iter:200] data loss:0.000028, PDE loss:0.000000, physics loss:0.000115
[epoch:205 iter:250] data loss:0.000016, PDE loss:0.000000, physics loss:0.000086
[epoch:205 iter:300] data loss:0.000016, PDE loss:0.000000, physics loss:0.000096
[epoch:205 iter:50] data loss:0.000011, PDE loss:0.000000, physics loss:0.000036
[epoch:206 iter:50] data loss:0.000020, PDE loss:0.000000, physics loss:0.000072
[epoch:206 iter:100] data loss:0.000020, PDE loss:0.000000, physics loss:0.000077
[epoch:206 iter:150] data loss:0.000016, PDE loss:0.000000, physics loss:0.000080
[epoch:206 iter:200] data loss:0.000015, PDE loss:0.000000, physics loss:0.000078
[epoch:206 iter:250] data loss:0.000014, PDE loss:0.000000, physics loss:0.000074
[epoch:206 iter:300] data loss:0.000019, PDE loss:0.000000, physics loss:0.000104
[epoch:206 iter:50] data loss:0.000010, PDE loss:0.000000, physics loss:0.000034
[epoch:207 iter:50] data loss:0.000021, PDE loss:0.000000, physics loss:0.000094
[epoch:207 iter:100] data loss:0.000016, PDE loss:0.000000, physics loss:0.000097
[epoch:207 iter:150] data loss:0.000019, PDE loss:0.000000, physics loss:0.000091
[epoch:207 iter:200] data loss:0.000014, PDE loss:0.000000, physics loss:0.000094
[epoch:207 iter:250] data loss:0.000017, PDE loss:0.000000, physics loss:0.000079
[epoch:207 iter:300] data loss:0.000019, PDE loss:0.000000, physics loss:0.000063
[epoch:207 iter:50] data loss:0.000008, PDE loss:0.000000, physics loss:0.000027
[epoch:208 iter:50] data loss:0.000017, PDE loss:0.000000, physics loss:0.000074
[epoch:208 iter:100] data loss:0.000017, PDE loss:0.000000, physics loss:0.000081
[epoch:208 iter:150] data loss:0.000016, PDE loss:0.000000, physics loss:0.000084
[epoch:208 iter:200] data loss:0.000019, PDE loss:0.000000, physics loss:0.000104
[epoch:208 iter:250] data loss:0.000015, PDE loss:0.000000, physics loss:0.000078
[epoch:208 iter:300] data loss:0.000017, PDE loss:0.000000, physics loss:0.000087
[epoch:208 iter:50] data loss:0.000007, PDE loss:0.000000, physics loss:0.000027
[epoch:209 iter:50] data loss:0.000017, PDE loss:0.000000, physics loss:0.000093
[epoch:209 iter:100] data loss:0.000016, PDE loss:0.000000, physics loss:0.000090
[epoch:209 iter:150] data loss:0.000017, PDE loss:0.000000, physics loss:0.000067
[epoch:209 iter:200] data loss:0.000019, PDE loss:0.000000, physics loss:0.000057
[epoch:209 iter:250] data loss:0.000017, PDE loss:0.000000, physics loss:0.000078
[epoch:209 iter:300] data loss:0.000015, PDE loss:0.000000, physics loss:0.000045
[epoch:209 iter:50] data loss:0.000007, PDE loss:0.000000, physics loss:0.000054
[epoch:210 iter:50] data loss:0.000017, PDE loss:0.000000, physics loss:0.000092
[epoch:210 iter:100] data loss:0.000013, PDE loss:0.000000, physics loss:0.000054
[epoch:210 iter:150] data loss:0.000021, PDE loss:0.000000, physics loss:0.000081
[epoch:210 iter:200] data loss:0.000017, PDE loss:0.000000, physics loss:0.000065
[epoch:210 iter:250] data loss:0.000014, PDE loss:0.000000, physics loss:0.000059
[epoch:210 iter:300] data loss:0.000019, PDE loss:0.000000, physics loss:0.000065
[epoch:210 iter:50] data loss:0.000011, PDE loss:0.000000, physics loss:0.000022
[epoch:211 iter:50] data loss:0.000018, PDE loss:0.000000, physics loss:0.000099
[epoch:211 iter:100] data loss:0.000017, PDE loss:0.000000, physics loss:0.000069
[epoch:211 iter:150] data loss:0.000016, PDE loss:0.000000, physics loss:0.000051
[epoch:211 iter:200] data loss:0.000017, PDE loss:0.000000, physics loss:0.000095
[epoch:211 iter:250] data loss:0.000016, PDE loss:0.000000, physics loss:0.000069
[epoch:211 iter:300] data loss:0.000014, PDE loss:0.000000, physics loss:0.000070
[epoch:211 iter:50] data loss:0.000011, PDE loss:0.000000, physics loss:0.000035
[epoch:212 iter:50] data loss:0.000015, PDE loss:0.000000, physics loss:0.000078
[epoch:212 iter:100] data loss:0.000018, PDE loss:0.000000, physics loss:0.000062
[epoch:212 iter:150] data loss:0.000015, PDE loss:0.000000, physics loss:0.000073
[epoch:212 iter:200] data loss:0.000019, PDE loss:0.000000, physics loss:0.000051
[epoch:212 iter:250] data loss:0.000024, PDE loss:0.000000, physics loss:0.000087
[epoch:212 iter:300] data loss:0.000020, PDE loss:0.000000, physics loss:0.000066
[epoch:212 iter:50] data loss:0.000010, PDE loss:0.000000, physics loss:0.000031
[epoch:213 iter:50] data loss:0.000014, PDE loss:0.000000, physics loss:0.000074
[epoch:213 iter:100] data loss:0.000022, PDE loss:0.000000, physics loss:0.000080
[epoch:213 iter:150] data loss:0.000018, PDE loss:0.000000, physics loss:0.000072
[epoch:213 iter:200] data loss:0.000016, PDE loss:0.000000, physics loss:0.000076
[epoch:213 iter:250] data loss:0.000014, PDE loss:0.000000, physics loss:0.000065
[epoch:213 iter:300] data loss:0.000014, PDE loss:0.000000, physics loss:0.000057
[epoch:213 iter:50] data loss:0.000006, PDE loss:0.000000, physics loss:0.000028
[epoch:214 iter:50] data loss:0.000015, PDE loss:0.000000, physics loss:0.000078
[epoch:214 iter:100] data loss:0.000023, PDE loss:0.000000, physics loss:0.000079
[epoch:214 iter:150] data loss:0.000014, PDE loss:0.000000, physics loss:0.000079
[epoch:214 iter:200] data loss:0.000015, PDE loss:0.000000, physics loss:0.000086
[epoch:214 iter:250] data loss:0.000016, PDE loss:0.000000, physics loss:0.000075
[epoch:214 iter:300] data loss:0.000018, PDE loss:0.000000, physics loss:0.000085
[epoch:214 iter:50] data loss:0.000014, PDE loss:0.000000, physics loss:0.000037
[epoch:215 iter:50] data loss:0.000013, PDE loss:0.000000, physics loss:0.000076
[epoch:215 iter:100] data loss:0.000016, PDE loss:0.000000, physics loss:0.000083
[epoch:215 iter:150] data loss:0.000015, PDE loss:0.000000, physics loss:0.000086
[epoch:215 iter:200] data loss:0.000017, PDE loss:0.000000, physics loss:0.000072
[epoch:215 iter:250] data loss:0.000016, PDE loss:0.000000, physics loss:0.000083
[epoch:215 iter:300] data loss:0.000016, PDE loss:0.000000, physics loss:0.000070
[epoch:215 iter:50] data loss:0.000011, PDE loss:0.000000, physics loss:0.000029
[epoch:216 iter:50] data loss:0.000015, PDE loss:0.000000, physics loss:0.000073
[epoch:216 iter:100] data loss:0.000014, PDE loss:0.000000, physics loss:0.000055
[epoch:216 iter:150] data loss:0.000016, PDE loss:0.000000, physics loss:0.000105
[epoch:216 iter:200] data loss:0.000014, PDE loss:0.000000, physics loss:0.000059
[epoch:216 iter:250] data loss:0.000014, PDE loss:0.000000, physics loss:0.000065
[epoch:216 iter:300] data loss:0.000018, PDE loss:0.000000, physics loss:0.000092
[epoch:216 iter:50] data loss:0.000008, PDE loss:0.000000, physics loss:0.000032
[epoch:217 iter:50] data loss:0.000015, PDE loss:0.000000, physics loss:0.000073
[epoch:217 iter:100] data loss:0.000014, PDE loss:0.000000, physics loss:0.000075
[epoch:217 iter:150] data loss:0.000014, PDE loss:0.000000, physics loss:0.000077
[epoch:217 iter:200] data loss:0.000016, PDE loss:0.000000, physics loss:0.000092
[epoch:217 iter:250] data loss:0.000016, PDE loss:0.000000, physics loss:0.000092
[epoch:217 iter:300] data loss:0.000014, PDE loss:0.000000, physics loss:0.000057
[epoch:217 iter:50] data loss:0.000006, PDE loss:0.000000, physics loss:0.000034
[epoch:218 iter:50] data loss:0.000016, PDE loss:0.000000, physics loss:0.000071
[epoch:218 iter:100] data loss:0.000024, PDE loss:0.000000, physics loss:0.000128
[epoch:218 iter:150] data loss:0.000015, PDE loss:0.000000, physics loss:0.000113
[epoch:218 iter:200] data loss:0.000016, PDE loss:0.000000, physics loss:0.000071
[epoch:218 iter:250] data loss:0.000014, PDE loss:0.000000, physics loss:0.000089
[epoch:218 iter:300] data loss:0.000015, PDE loss:0.000000, physics loss:0.000044
[epoch:218 iter:50] data loss:0.000010, PDE loss:0.000000, physics loss:0.000029
[epoch:219 iter:50] data loss:0.000014, PDE loss:0.000000, physics loss:0.000075
[epoch:219 iter:100] data loss:0.000014, PDE loss:0.000000, physics loss:0.000081
[epoch:219 iter:150] data loss:0.000015, PDE loss:0.000000, physics loss:0.000075
[epoch:219 iter:200] data loss:0.000016, PDE loss:0.000000, physics loss:0.000104
[epoch:219 iter:250] data loss:0.000016, PDE loss:0.000000, physics loss:0.000078
[epoch:219 iter:300] data loss:0.000013, PDE loss:0.000000, physics loss:0.000062
[epoch:219 iter:50] data loss:0.000007, PDE loss:0.000000, physics loss:0.000037
[epoch:220 iter:50] data loss:0.000014, PDE loss:0.000000, physics loss:0.000077
[epoch:220 iter:100] data loss:0.000021, PDE loss:0.000000, physics loss:0.000068
[epoch:220 iter:150] data loss:0.000014, PDE loss:0.000000, physics loss:0.000077
[epoch:220 iter:200] data loss:0.000016, PDE loss:0.000000, physics loss:0.000068
[epoch:220 iter:250] data loss:0.000018, PDE loss:0.000000, physics loss:0.000107
[epoch:220 iter:300] data loss:0.000016, PDE loss:0.000000, physics loss:0.000067
[epoch:220 iter:50] data loss:0.000011, PDE loss:0.000000, physics loss:0.000035
[epoch:221 iter:50] data loss:0.000014, PDE loss:0.000000, physics loss:0.000075
[epoch:221 iter:100] data loss:0.000017, PDE loss:0.000000, physics loss:0.000095
[epoch:221 iter:150] data loss:0.000017, PDE loss:0.000000, physics loss:0.000070
[epoch:221 iter:200] data loss:0.000015, PDE loss:0.000000, physics loss:0.000068
[epoch:221 iter:250] data loss:0.000014, PDE loss:0.000000, physics loss:0.000100
[epoch:221 iter:300] data loss:0.000015, PDE loss:0.000000, physics loss:0.000054
[epoch:221 iter:50] data loss:0.000007, PDE loss:0.000000, physics loss:0.000024
[epoch:222 iter:50] data loss:0.000014, PDE loss:0.000000, physics loss:0.000077
[epoch:222 iter:100] data loss:0.000015, PDE loss:0.000000, physics loss:0.000076
[epoch:222 iter:150] data loss:0.000015, PDE loss:0.000000, physics loss:0.000056
[epoch:222 iter:200] data loss:0.000021, PDE loss:0.000000, physics loss:0.000079
[epoch:222 iter:250] data loss:0.000020, PDE loss:0.000000, physics loss:0.000093
[epoch:222 iter:300] data loss:0.000014, PDE loss:0.000000, physics loss:0.000081
[epoch:222 iter:50] data loss:0.000006, PDE loss:0.000000, physics loss:0.000021
[epoch:223 iter:50] data loss:0.000018, PDE loss:0.000000, physics loss:0.000080
[epoch:223 iter:100] data loss:0.000018, PDE loss:0.000000, physics loss:0.000099
[epoch:223 iter:150] data loss:0.000015, PDE loss:0.000000, physics loss:0.000083
[epoch:223 iter:200] data loss:0.000017, PDE loss:0.000000, physics loss:0.000095
[epoch:223 iter:250] data loss:0.000019, PDE loss:0.000000, physics loss:0.000091
[epoch:223 iter:300] data loss:0.000015, PDE loss:0.000000, physics loss:0.000061
[epoch:223 iter:50] data loss:0.000013, PDE loss:0.000000, physics loss:0.000035
[epoch:224 iter:50] data loss:0.000016, PDE loss:0.000000, physics loss:0.000084
[epoch:224 iter:100] data loss:0.000016, PDE loss:0.000000, physics loss:0.000087
[epoch:224 iter:150] data loss:0.000015, PDE loss:0.000000, physics loss:0.000085
[epoch:224 iter:200] data loss:0.000016, PDE loss:0.000000, physics loss:0.000073
[epoch:224 iter:250] data loss:0.000015, PDE loss:0.000000, physics loss:0.000087
[epoch:224 iter:300] data loss:0.000017, PDE loss:0.000000, physics loss:0.000076
[epoch:224 iter:50] data loss:0.000012, PDE loss:0.000000, physics loss:0.000037
[epoch:225 iter:50] data loss:0.000019, PDE loss:0.000000, physics loss:0.000085
[epoch:225 iter:100] data loss:0.000016, PDE loss:0.000000, physics loss:0.000087
[epoch:225 iter:150] data loss:0.000015, PDE loss:0.000000, physics loss:0.000078
[epoch:225 iter:200] data loss:0.000014, PDE loss:0.000000, physics loss:0.000090
[epoch:225 iter:250] data loss:0.000014, PDE loss:0.000000, physics loss:0.000083
[epoch:225 iter:300] data loss:0.000021, PDE loss:0.000000, physics loss:0.000087
[epoch:225 iter:50] data loss:0.000006, PDE loss:0.000000, physics loss:0.000043
[epoch:226 iter:50] data loss:0.000016, PDE loss:0.000000, physics loss:0.000114
[epoch:226 iter:100] data loss:0.000016, PDE loss:0.000000, physics loss:0.000090
[epoch:226 iter:150] data loss:0.000016, PDE loss:0.000000, physics loss:0.000086
[epoch:226 iter:200] data loss:0.000014, PDE loss:0.000000, physics loss:0.000079
[epoch:226 iter:250] data loss:0.000019, PDE loss:0.000000, physics loss:0.000074
[epoch:226 iter:300] data loss:0.000016, PDE loss:0.000000, physics loss:0.000076
[epoch:226 iter:50] data loss:0.000011, PDE loss:0.000000, physics loss:0.000034
[epoch:227 iter:50] data loss:0.000014, PDE loss:0.000000, physics loss:0.000044
[epoch:227 iter:100] data loss:0.000013, PDE loss:0.000000, physics loss:0.000060
[epoch:227 iter:150] data loss:0.000018, PDE loss:0.000000, physics loss:0.000066
[epoch:227 iter:200] data loss:0.000014, PDE loss:0.000000, physics loss:0.000045
[epoch:227 iter:250] data loss:0.000016, PDE loss:0.000000, physics loss:0.000102
[epoch:227 iter:300] data loss:0.000015, PDE loss:0.000000, physics loss:0.000067
[epoch:227 iter:50] data loss:0.000009, PDE loss:0.000000, physics loss:0.000037
[epoch:228 iter:50] data loss:0.000012, PDE loss:0.000000, physics loss:0.000077
[epoch:228 iter:100] data loss:0.000016, PDE loss:0.000000, physics loss:0.000064
[epoch:228 iter:150] data loss:0.000012, PDE loss:0.000000, physics loss:0.000053
[epoch:228 iter:200] data loss:0.000014, PDE loss:0.000000, physics loss:0.000063
[epoch:228 iter:250] data loss:0.000012, PDE loss:0.000000, physics loss:0.000069
[epoch:228 iter:300] data loss:0.000015, PDE loss:0.000000, physics loss:0.000060
[epoch:228 iter:50] data loss:0.000011, PDE loss:0.000000, physics loss:0.000030
[epoch:229 iter:50] data loss:0.000012, PDE loss:0.000000, physics loss:0.000055
[epoch:229 iter:100] data loss:0.000020, PDE loss:0.000000, physics loss:0.000080
[epoch:229 iter:150] data loss:0.000017, PDE loss:0.000000, physics loss:0.000098
[epoch:229 iter:200] data loss:0.000017, PDE loss:0.000000, physics loss:0.000075
[epoch:229 iter:250] data loss:0.000016, PDE loss:0.000000, physics loss:0.000070
[epoch:229 iter:300] data loss:0.000017, PDE loss:0.000000, physics loss:0.000107
[epoch:229 iter:50] data loss:0.000006, PDE loss:0.000000, physics loss:0.000031
[epoch:230 iter:50] data loss:0.000015, PDE loss:0.000000, physics loss:0.000069
[epoch:230 iter:100] data loss:0.000016, PDE loss:0.000000, physics loss:0.000055
[epoch:230 iter:150] data loss:0.000018, PDE loss:0.000000, physics loss:0.000064
[epoch:230 iter:200] data loss:0.000014, PDE loss:0.000000, physics loss:0.000062
[epoch:230 iter:250] data loss:0.000016, PDE loss:0.000000, physics loss:0.000079
[epoch:230 iter:300] data loss:0.000014, PDE loss:0.000000, physics loss:0.000053
[epoch:230 iter:50] data loss:0.000011, PDE loss:0.000000, physics loss:0.000034
[epoch:231 iter:50] data loss:0.000014, PDE loss:0.000000, physics loss:0.000084
[epoch:231 iter:100] data loss:0.000015, PDE loss:0.000000, physics loss:0.000074
[epoch:231 iter:150] data loss:0.000015, PDE loss:0.000000, physics loss:0.000096
[epoch:231 iter:200] data loss:0.000016, PDE loss:0.000000, physics loss:0.000049
[epoch:231 iter:250] data loss:0.000017, PDE loss:0.000000, physics loss:0.000099
[epoch:231 iter:300] data loss:0.000019, PDE loss:0.000000, physics loss:0.000105
[epoch:231 iter:50] data loss:0.000006, PDE loss:0.000000, physics loss:0.000059
[epoch:232 iter:50] data loss:0.000017, PDE loss:0.000000, physics loss:0.000059
[epoch:232 iter:100] data loss:0.000015, PDE loss:0.000000, physics loss:0.000088
[epoch:232 iter:150] data loss:0.000017, PDE loss:0.000000, physics loss:0.000078
[epoch:232 iter:200] data loss:0.000014, PDE loss:0.000000, physics loss:0.000069
[epoch:232 iter:250] data loss:0.000014, PDE loss:0.000000, physics loss:0.000072
[epoch:232 iter:300] data loss:0.000014, PDE loss:0.000000, physics loss:0.000067
[epoch:232 iter:50] data loss:0.000008, PDE loss:0.000000, physics loss:0.000027
[epoch:233 iter:50] data loss:0.000017, PDE loss:0.000000, physics loss:0.000092
[epoch:233 iter:100] data loss:0.000017, PDE loss:0.000000, physics loss:0.000063
[epoch:233 iter:150] data loss:0.000015, PDE loss:0.000000, physics loss:0.000075
[epoch:233 iter:200] data loss:0.000014, PDE loss:0.000000, physics loss:0.000085
[epoch:233 iter:250] data loss:0.000015, PDE loss:0.000000, physics loss:0.000079
[epoch:233 iter:300] data loss:0.000016, PDE loss:0.000000, physics loss:0.000077
[epoch:233 iter:50] data loss:0.000008, PDE loss:0.000000, physics loss:0.000049
[epoch:234 iter:50] data loss:0.000016, PDE loss:0.000000, physics loss:0.000061
[epoch:234 iter:100] data loss:0.000015, PDE loss:0.000000, physics loss:0.000062
[epoch:234 iter:150] data loss:0.000016, PDE loss:0.000000, physics loss:0.000081
[epoch:234 iter:200] data loss:0.000017, PDE loss:0.000000, physics loss:0.000088
[epoch:234 iter:250] data loss:0.000016, PDE loss:0.000000, physics loss:0.000068
[epoch:234 iter:300] data loss:0.000017, PDE loss:0.000000, physics loss:0.000075
[epoch:234 iter:50] data loss:0.000007, PDE loss:0.000000, physics loss:0.000032
[epoch:235 iter:50] data loss:0.000015, PDE loss:0.000000, physics loss:0.000047
[epoch:235 iter:100] data loss:0.000014, PDE loss:0.000000, physics loss:0.000088
[epoch:235 iter:150] data loss:0.000013, PDE loss:0.000000, physics loss:0.000075
[epoch:235 iter:200] data loss:0.000017, PDE loss:0.000000, physics loss:0.000076
[epoch:235 iter:250] data loss:0.000017, PDE loss:0.000000, physics loss:0.000081
[epoch:235 iter:300] data loss:0.000016, PDE loss:0.000000, physics loss:0.000058
[epoch:235 iter:50] data loss:0.000008, PDE loss:0.000000, physics loss:0.000064
[epoch:236 iter:50] data loss:0.000015, PDE loss:0.000000, physics loss:0.000096
[epoch:236 iter:100] data loss:0.000017, PDE loss:0.000000, physics loss:0.000071
[epoch:236 iter:150] data loss:0.000017, PDE loss:0.000000, physics loss:0.000079
[epoch:236 iter:200] data loss:0.000014, PDE loss:0.000000, physics loss:0.000065
[epoch:236 iter:250] data loss:0.000018, PDE loss:0.000000, physics loss:0.000087
[epoch:236 iter:300] data loss:0.000019, PDE loss:0.000000, physics loss:0.000103
[epoch:236 iter:50] data loss:0.000007, PDE loss:0.000000, physics loss:0.000039
[epoch:237 iter:50] data loss:0.000015, PDE loss:0.000000, physics loss:0.000078
[epoch:237 iter:100] data loss:0.000015, PDE loss:0.000000, physics loss:0.000079
[epoch:237 iter:150] data loss:0.000016, PDE loss:0.000000, physics loss:0.000079
[epoch:237 iter:200] data loss:0.000015, PDE loss:0.000000, physics loss:0.000076
[epoch:237 iter:250] data loss:0.000017, PDE loss:0.000000, physics loss:0.000062
[epoch:237 iter:300] data loss:0.000017, PDE loss:0.000000, physics loss:0.000080
[epoch:237 iter:50] data loss:0.000008, PDE loss:0.000000, physics loss:0.000028
[epoch:238 iter:50] data loss:0.000018, PDE loss:0.000000, physics loss:0.000070
[epoch:238 iter:100] data loss:0.000018, PDE loss:0.000000, physics loss:0.000083
[epoch:238 iter:150] data loss:0.000017, PDE loss:0.000000, physics loss:0.000057
[epoch:238 iter:200] data loss:0.000016, PDE loss:0.000000, physics loss:0.000082
[epoch:238 iter:250] data loss:0.000019, PDE loss:0.000000, physics loss:0.000081
[epoch:238 iter:300] data loss:0.000015, PDE loss:0.000000, physics loss:0.000073
[epoch:238 iter:50] data loss:0.000007, PDE loss:0.000000, physics loss:0.000026
[epoch:239 iter:50] data loss:0.000016, PDE loss:0.000000, physics loss:0.000091
[epoch:239 iter:100] data loss:0.000012, PDE loss:0.000000, physics loss:0.000053
[epoch:239 iter:150] data loss:0.000012, PDE loss:0.000000, physics loss:0.000051
[epoch:239 iter:200] data loss:0.000017, PDE loss:0.000000, physics loss:0.000087
[epoch:239 iter:250] data loss:0.000012, PDE loss:0.000000, physics loss:0.000051
[epoch:239 iter:300] data loss:0.000015, PDE loss:0.000000, physics loss:0.000081
[epoch:239 iter:50] data loss:0.000008, PDE loss:0.000000, physics loss:0.000035
[epoch:240 iter:50] data loss:0.000017, PDE loss:0.000000, physics loss:0.000083
[epoch:240 iter:100] data loss:0.000026, PDE loss:0.000000, physics loss:0.000089
[epoch:240 iter:150] data loss:0.000016, PDE loss:0.000000, physics loss:0.000099
[epoch:240 iter:200] data loss:0.000021, PDE loss:0.000000, physics loss:0.000074
[epoch:240 iter:250] data loss:0.000016, PDE loss:0.000000, physics loss:0.000064
[epoch:240 iter:300] data loss:0.000015, PDE loss:0.000000, physics loss:0.000081
[epoch:240 iter:50] data loss:0.000005, PDE loss:0.000000, physics loss:0.000033
[epoch:241 iter:50] data loss:0.000016, PDE loss:0.000000, physics loss:0.000081
[epoch:241 iter:100] data loss:0.000017, PDE loss:0.000000, physics loss:0.000065
[epoch:241 iter:150] data loss:0.000019, PDE loss:0.000000, physics loss:0.000076
[epoch:241 iter:200] data loss:0.000016, PDE loss:0.000000, physics loss:0.000087
[epoch:241 iter:250] data loss:0.000017, PDE loss:0.000000, physics loss:0.000116
[epoch:241 iter:300] data loss:0.000017, PDE loss:0.000000, physics loss:0.000064
[epoch:241 iter:50] data loss:0.000005, PDE loss:0.000000, physics loss:0.000030
[epoch:242 iter:50] data loss:0.000018, PDE loss:0.000000, physics loss:0.000079
[epoch:242 iter:100] data loss:0.000014, PDE loss:0.000000, physics loss:0.000059
[epoch:242 iter:150] data loss:0.000014, PDE loss:0.000000, physics loss:0.000078
[epoch:242 iter:200] data loss:0.000016, PDE loss:0.000000, physics loss:0.000062
[epoch:242 iter:250] data loss:0.000013, PDE loss:0.000000, physics loss:0.000063
[epoch:242 iter:300] data loss:0.000014, PDE loss:0.000000, physics loss:0.000081
[epoch:242 iter:50] data loss:0.000006, PDE loss:0.000000, physics loss:0.000026
[epoch:243 iter:50] data loss:0.000017, PDE loss:0.000000, physics loss:0.000064
[epoch:243 iter:100] data loss:0.000013, PDE loss:0.000000, physics loss:0.000059
[epoch:243 iter:150] data loss:0.000014, PDE loss:0.000000, physics loss:0.000079
[epoch:243 iter:200] data loss:0.000013, PDE loss:0.000000, physics loss:0.000063
[epoch:243 iter:250] data loss:0.000016, PDE loss:0.000000, physics loss:0.000070
[epoch:243 iter:300] data loss:0.000016, PDE loss:0.000000, physics loss:0.000071
[epoch:243 iter:50] data loss:0.000009, PDE loss:0.000000, physics loss:0.000047
[epoch:244 iter:50] data loss:0.000015, PDE loss:0.000000, physics loss:0.000058
[epoch:244 iter:100] data loss:0.000017, PDE loss:0.000000, physics loss:0.000098
[epoch:244 iter:150] data loss:0.000015, PDE loss:0.000000, physics loss:0.000074
[epoch:244 iter:200] data loss:0.000016, PDE loss:0.000000, physics loss:0.000063
[epoch:244 iter:250] data loss:0.000014, PDE loss:0.000000, physics loss:0.000085
[epoch:244 iter:300] data loss:0.000015, PDE loss:0.000000, physics loss:0.000068
[epoch:244 iter:50] data loss:0.000007, PDE loss:0.000000, physics loss:0.000029
[epoch:245 iter:50] data loss:0.000013, PDE loss:0.000000, physics loss:0.000072
[epoch:245 iter:100] data loss:0.000018, PDE loss:0.000000, physics loss:0.000106
[epoch:245 iter:150] data loss:0.000013, PDE loss:0.000000, physics loss:0.000089
[epoch:245 iter:200] data loss:0.000015, PDE loss:0.000000, physics loss:0.000070
[epoch:245 iter:250] data loss:0.000015, PDE loss:0.000000, physics loss:0.000074
[epoch:245 iter:300] data loss:0.000017, PDE loss:0.000000, physics loss:0.000074
[epoch:245 iter:50] data loss:0.000007, PDE loss:0.000000, physics loss:0.000039
[epoch:246 iter:50] data loss:0.000015, PDE loss:0.000000, physics loss:0.000044
[epoch:246 iter:100] data loss:0.000015, PDE loss:0.000000, physics loss:0.000078
[epoch:246 iter:150] data loss:0.000015, PDE loss:0.000000, physics loss:0.000078
[epoch:246 iter:200] data loss:0.000013, PDE loss:0.000000, physics loss:0.000063
[epoch:246 iter:250] data loss:0.000012, PDE loss:0.000000, physics loss:0.000059
[epoch:246 iter:300] data loss:0.000015, PDE loss:0.000000, physics loss:0.000056
[epoch:246 iter:50] data loss:0.000006, PDE loss:0.000000, physics loss:0.000025
[epoch:247 iter:50] data loss:0.000013, PDE loss:0.000000, physics loss:0.000069
[epoch:247 iter:100] data loss:0.000016, PDE loss:0.000000, physics loss:0.000104
[epoch:247 iter:150] data loss:0.000015, PDE loss:0.000000, physics loss:0.000081
[epoch:247 iter:200] data loss:0.000017, PDE loss:0.000000, physics loss:0.000053
[epoch:247 iter:250] data loss:0.000017, PDE loss:0.000000, physics loss:0.000097
[epoch:247 iter:300] data loss:0.000012, PDE loss:0.000000, physics loss:0.000086
[epoch:247 iter:50] data loss:0.000006, PDE loss:0.000000, physics loss:0.000027
[epoch:248 iter:50] data loss:0.000017, PDE loss:0.000000, physics loss:0.000091
[epoch:248 iter:100] data loss:0.000014, PDE loss:0.000000, physics loss:0.000091
[epoch:248 iter:150] data loss:0.000013, PDE loss:0.000000, physics loss:0.000098
[epoch:248 iter:200] data loss:0.000017, PDE loss:0.000000, physics loss:0.000089
[epoch:248 iter:250] data loss:0.000013, PDE loss:0.000000, physics loss:0.000061
[epoch:248 iter:300] data loss:0.000012, PDE loss:0.000000, physics loss:0.000057
[epoch:248 iter:50] data loss:0.000007, PDE loss:0.000000, physics loss:0.000040
[epoch:249 iter:50] data loss:0.000013, PDE loss:0.000000, physics loss:0.000084
[epoch:249 iter:100] data loss:0.000015, PDE loss:0.000000, physics loss:0.000040
[epoch:249 iter:150] data loss:0.000018, PDE loss:0.000000, physics loss:0.000113
[epoch:249 iter:200] data loss:0.000015, PDE loss:0.000000, physics loss:0.000065
[epoch:249 iter:250] data loss:0.000016, PDE loss:0.000000, physics loss:0.000064
[epoch:249 iter:300] data loss:0.000013, PDE loss:0.000000, physics loss:0.000057
[epoch:249 iter:50] data loss:0.000008, PDE loss:0.000000, physics loss:0.000042
[epoch:250 iter:50] data loss:0.000019, PDE loss:0.000000, physics loss:0.000073
[epoch:250 iter:100] data loss:0.000016, PDE loss:0.000000, physics loss:0.000083
[epoch:250 iter:150] data loss:0.000015, PDE loss:0.000000, physics loss:0.000058
[epoch:250 iter:200] data loss:0.000012, PDE loss:0.000000, physics loss:0.000080
[epoch:250 iter:250] data loss:0.000015, PDE loss:0.000000, physics loss:0.000053
[epoch:250 iter:300] data loss:0.000015, PDE loss:0.000000, physics loss:0.000092
[epoch:250 iter:50] data loss:0.000006, PDE loss:0.000000, physics loss:0.000040
[epoch:251 iter:50] data loss:0.000011, PDE loss:0.000000, physics loss:0.000047
[epoch:251 iter:100] data loss:0.000014, PDE loss:0.000000, physics loss:0.000078
[epoch:251 iter:150] data loss:0.000015, PDE loss:0.000000, physics loss:0.000056
[epoch:251 iter:200] data loss:0.000013, PDE loss:0.000000, physics loss:0.000089
[epoch:251 iter:250] data loss:0.000019, PDE loss:0.000000, physics loss:0.000078
[epoch:251 iter:300] data loss:0.000014, PDE loss:0.000000, physics loss:0.000091
[epoch:251 iter:50] data loss:0.000007, PDE loss:0.000000, physics loss:0.000046
[epoch:252 iter:50] data loss:0.000015, PDE loss:0.000000, physics loss:0.000065
[epoch:252 iter:100] data loss:0.000017, PDE loss:0.000000, physics loss:0.000086
[epoch:252 iter:150] data loss:0.000016, PDE loss:0.000000, physics loss:0.000114
[epoch:252 iter:200] data loss:0.000014, PDE loss:0.000000, physics loss:0.000074
[epoch:252 iter:250] data loss:0.000017, PDE loss:0.000000, physics loss:0.000063
[epoch:252 iter:300] data loss:0.000017, PDE loss:0.000000, physics loss:0.000085
[epoch:252 iter:50] data loss:0.000008, PDE loss:0.000000, physics loss:0.000042
[epoch:253 iter:50] data loss:0.000017, PDE loss:0.000000, physics loss:0.000053
[epoch:253 iter:100] data loss:0.000016, PDE loss:0.000000, physics loss:0.000070
[epoch:253 iter:150] data loss:0.000014, PDE loss:0.000000, physics loss:0.000036
[epoch:253 iter:200] data loss:0.000014, PDE loss:0.000000, physics loss:0.000074
[epoch:253 iter:250] data loss:0.000020, PDE loss:0.000000, physics loss:0.000096
[epoch:253 iter:300] data loss:0.000014, PDE loss:0.000000, physics loss:0.000083
[epoch:253 iter:50] data loss:0.000009, PDE loss:0.000000, physics loss:0.000034
[epoch:254 iter:50] data loss:0.000014, PDE loss:0.000000, physics loss:0.000069
[epoch:254 iter:100] data loss:0.000016, PDE loss:0.000000, physics loss:0.000075
[epoch:254 iter:150] data loss:0.000012, PDE loss:0.000000, physics loss:0.000062
[epoch:254 iter:200] data loss:0.000015, PDE loss:0.000000, physics loss:0.000071
[epoch:254 iter:250] data loss:0.000014, PDE loss:0.000000, physics loss:0.000072
[epoch:254 iter:300] data loss:0.000014, PDE loss:0.000000, physics loss:0.000072
[epoch:254 iter:50] data loss:0.000008, PDE loss:0.000000, physics loss:0.000034
[epoch:255 iter:50] data loss:0.000013, PDE loss:0.000000, physics loss:0.000093
[epoch:255 iter:100] data loss:0.000016, PDE loss:0.000000, physics loss:0.000062
[epoch:255 iter:150] data loss:0.000015, PDE loss:0.000000, physics loss:0.000064
[epoch:255 iter:200] data loss:0.000013, PDE loss:0.000000, physics loss:0.000071
[epoch:255 iter:250] data loss:0.000020, PDE loss:0.000000, physics loss:0.000064
[epoch:255 iter:300] data loss:0.000014, PDE loss:0.000000, physics loss:0.000086
[epoch:255 iter:50] data loss:0.000008, PDE loss:0.000000, physics loss:0.000032
[epoch:256 iter:50] data loss:0.000018, PDE loss:0.000000, physics loss:0.000073
[epoch:256 iter:100] data loss:0.000015, PDE loss:0.000000, physics loss:0.000055
[epoch:256 iter:150] data loss:0.000014, PDE loss:0.000000, physics loss:0.000063
[epoch:256 iter:200] data loss:0.000014, PDE loss:0.000000, physics loss:0.000073
[epoch:256 iter:250] data loss:0.000014, PDE loss:0.000000, physics loss:0.000084
[epoch:256 iter:300] data loss:0.000015, PDE loss:0.000000, physics loss:0.000082
[epoch:256 iter:50] data loss:0.000005, PDE loss:0.000000, physics loss:0.000026
[epoch:257 iter:50] data loss:0.000014, PDE loss:0.000000, physics loss:0.000082
[epoch:257 iter:100] data loss:0.000011, PDE loss:0.000000, physics loss:0.000086
[epoch:257 iter:150] data loss:0.000014, PDE loss:0.000000, physics loss:0.000064
[epoch:257 iter:200] data loss:0.000013, PDE loss:0.000000, physics loss:0.000077
[epoch:257 iter:250] data loss:0.000016, PDE loss:0.000000, physics loss:0.000077
[epoch:257 iter:300] data loss:0.000015, PDE loss:0.000000, physics loss:0.000041
[epoch:257 iter:50] data loss:0.000011, PDE loss:0.000000, physics loss:0.000041
[epoch:258 iter:50] data loss:0.000013, PDE loss:0.000000, physics loss:0.000079
[epoch:258 iter:100] data loss:0.000013, PDE loss:0.000000, physics loss:0.000067
[epoch:258 iter:150] data loss:0.000015, PDE loss:0.000000, physics loss:0.000102
[epoch:258 iter:200] data loss:0.000012, PDE loss:0.000000, physics loss:0.000085
[epoch:258 iter:250] data loss:0.000014, PDE loss:0.000000, physics loss:0.000061
[epoch:258 iter:300] data loss:0.000015, PDE loss:0.000000, physics loss:0.000073
[epoch:258 iter:50] data loss:0.000008, PDE loss:0.000000, physics loss:0.000035
[epoch:259 iter:50] data loss:0.000014, PDE loss:0.000000, physics loss:0.000062
[epoch:259 iter:100] data loss:0.000013, PDE loss:0.000000, physics loss:0.000086
[epoch:259 iter:150] data loss:0.000014, PDE loss:0.000000, physics loss:0.000077
[epoch:259 iter:200] data loss:0.000016, PDE loss:0.000000, physics loss:0.000065
[epoch:259 iter:250] data loss:0.000016, PDE loss:0.000000, physics loss:0.000078
[epoch:259 iter:300] data loss:0.000014, PDE loss:0.000000, physics loss:0.000075
[epoch:259 iter:50] data loss:0.000006, PDE loss:0.000000, physics loss:0.000036
[epoch:260 iter:50] data loss:0.000016, PDE loss:0.000000, physics loss:0.000076
[epoch:260 iter:100] data loss:0.000015, PDE loss:0.000000, physics loss:0.000084
[epoch:260 iter:150] data loss:0.000015, PDE loss:0.000000, physics loss:0.000060
[epoch:260 iter:200] data loss:0.000015, PDE loss:0.000000, physics loss:0.000072
[epoch:260 iter:250] data loss:0.000016, PDE loss:0.000000, physics loss:0.000069
[epoch:260 iter:300] data loss:0.000016, PDE loss:0.000000, physics loss:0.000066
[epoch:260 iter:50] data loss:0.000007, PDE loss:0.000000, physics loss:0.000049
[epoch:261 iter:50] data loss:0.000018, PDE loss:0.000000, physics loss:0.000072
[epoch:261 iter:100] data loss:0.000013, PDE loss:0.000000, physics loss:0.000074
[epoch:261 iter:150] data loss:0.000014, PDE loss:0.000000, physics loss:0.000093
[epoch:261 iter:200] data loss:0.000014, PDE loss:0.000000, physics loss:0.000077
[epoch:261 iter:250] data loss:0.000012, PDE loss:0.000000, physics loss:0.000092
[epoch:261 iter:300] data loss:0.000012, PDE loss:0.000000, physics loss:0.000055
[epoch:261 iter:50] data loss:0.000007, PDE loss:0.000000, physics loss:0.000035
[epoch:262 iter:50] data loss:0.000018, PDE loss:0.000000, physics loss:0.000079
[epoch:262 iter:100] data loss:0.000016, PDE loss:0.000000, physics loss:0.000067
[epoch:262 iter:150] data loss:0.000012, PDE loss:0.000000, physics loss:0.000051
[epoch:262 iter:200] data loss:0.000014, PDE loss:0.000000, physics loss:0.000065
[epoch:262 iter:250] data loss:0.000015, PDE loss:0.000000, physics loss:0.000057
[epoch:262 iter:300] data loss:0.000015, PDE loss:0.000000, physics loss:0.000095
[epoch:262 iter:50] data loss:0.000008, PDE loss:0.000000, physics loss:0.000037
[epoch:263 iter:50] data loss:0.000014, PDE loss:0.000000, physics loss:0.000076
[epoch:263 iter:100] data loss:0.000014, PDE loss:0.000000, physics loss:0.000066
[epoch:263 iter:150] data loss:0.000014, PDE loss:0.000000, physics loss:0.000076
[epoch:263 iter:200] data loss:0.000013, PDE loss:0.000000, physics loss:0.000040
[epoch:263 iter:250] data loss:0.000015, PDE loss:0.000000, physics loss:0.000096
[epoch:263 iter:300] data loss:0.000015, PDE loss:0.000000, physics loss:0.000073
[epoch:263 iter:50] data loss:0.000007, PDE loss:0.000000, physics loss:0.000035
[epoch:264 iter:50] data loss:0.000015, PDE loss:0.000000, physics loss:0.000055
[epoch:264 iter:100] data loss:0.000014, PDE loss:0.000000, physics loss:0.000080
[epoch:264 iter:150] data loss:0.000016, PDE loss:0.000000, physics loss:0.000070
[epoch:264 iter:200] data loss:0.000013, PDE loss:0.000000, physics loss:0.000094
[epoch:264 iter:250] data loss:0.000012, PDE loss:0.000000, physics loss:0.000098
[epoch:264 iter:300] data loss:0.000012, PDE loss:0.000000, physics loss:0.000060
[epoch:264 iter:50] data loss:0.000009, PDE loss:0.000000, physics loss:0.000036
[epoch:265 iter:50] data loss:0.000016, PDE loss:0.000000, physics loss:0.000094
[epoch:265 iter:100] data loss:0.000016, PDE loss:0.000000, physics loss:0.000075
[epoch:265 iter:150] data loss:0.000017, PDE loss:0.000000, physics loss:0.000058
[epoch:265 iter:200] data loss:0.000016, PDE loss:0.000000, physics loss:0.000066
[epoch:265 iter:250] data loss:0.000013, PDE loss:0.000000, physics loss:0.000079
[epoch:265 iter:300] data loss:0.000013, PDE loss:0.000000, physics loss:0.000060
[epoch:265 iter:50] data loss:0.000007, PDE loss:0.000000, physics loss:0.000043
[epoch:266 iter:50] data loss:0.000015, PDE loss:0.000000, physics loss:0.000079
[epoch:266 iter:100] data loss:0.000014, PDE loss:0.000000, physics loss:0.000068
[epoch:266 iter:150] data loss:0.000014, PDE loss:0.000000, physics loss:0.000047
[epoch:266 iter:200] data loss:0.000013, PDE loss:0.000000, physics loss:0.000052
[epoch:266 iter:250] data loss:0.000012, PDE loss:0.000000, physics loss:0.000061
[epoch:266 iter:300] data loss:0.000011, PDE loss:0.000000, physics loss:0.000055
[epoch:266 iter:50] data loss:0.000008, PDE loss:0.000000, physics loss:0.000027
[epoch:267 iter:50] data loss:0.000015, PDE loss:0.000000, physics loss:0.000081
[epoch:267 iter:100] data loss:0.000012, PDE loss:0.000000, physics loss:0.000063
[epoch:267 iter:150] data loss:0.000013, PDE loss:0.000000, physics loss:0.000060
[epoch:267 iter:200] data loss:0.000018, PDE loss:0.000000, physics loss:0.000099
[epoch:267 iter:250] data loss:0.000017, PDE loss:0.000000, physics loss:0.000072
[epoch:267 iter:300] data loss:0.000014, PDE loss:0.000000, physics loss:0.000063
[epoch:267 iter:50] data loss:0.000011, PDE loss:0.000000, physics loss:0.000032
[epoch:268 iter:50] data loss:0.000013, PDE loss:0.000000, physics loss:0.000063
[epoch:268 iter:100] data loss:0.000010, PDE loss:0.000000, physics loss:0.000071
[epoch:268 iter:150] data loss:0.000013, PDE loss:0.000000, physics loss:0.000066
[epoch:268 iter:200] data loss:0.000015, PDE loss:0.000000, physics loss:0.000063
[epoch:268 iter:250] data loss:0.000014, PDE loss:0.000000, physics loss:0.000068
[epoch:268 iter:300] data loss:0.000012, PDE loss:0.000000, physics loss:0.000067
[epoch:268 iter:50] data loss:0.000008, PDE loss:0.000000, physics loss:0.000039
[epoch:269 iter:50] data loss:0.000011, PDE loss:0.000000, physics loss:0.000064
[epoch:269 iter:100] data loss:0.000015, PDE loss:0.000000, physics loss:0.000062
[epoch:269 iter:150] data loss:0.000014, PDE loss:0.000000, physics loss:0.000082
[epoch:269 iter:200] data loss:0.000012, PDE loss:0.000000, physics loss:0.000079
[epoch:269 iter:250] data loss:0.000012, PDE loss:0.000000, physics loss:0.000060
[epoch:269 iter:300] data loss:0.000017, PDE loss:0.000000, physics loss:0.000055
[epoch:269 iter:50] data loss:0.000009, PDE loss:0.000000, physics loss:0.000034
[epoch:270 iter:50] data loss:0.000016, PDE loss:0.000000, physics loss:0.000055
[epoch:270 iter:100] data loss:0.000016, PDE loss:0.000000, physics loss:0.000063
[epoch:270 iter:150] data loss:0.000013, PDE loss:0.000000, physics loss:0.000072
[epoch:270 iter:200] data loss:0.000013, PDE loss:0.000000, physics loss:0.000093
[epoch:270 iter:250] data loss:0.000018, PDE loss:0.000000, physics loss:0.000128
[epoch:270 iter:300] data loss:0.000014, PDE loss:0.000000, physics loss:0.000093
[epoch:270 iter:50] data loss:0.000012, PDE loss:0.000000, physics loss:0.000031
[epoch:271 iter:50] data loss:0.000014, PDE loss:0.000000, physics loss:0.000080
[epoch:271 iter:100] data loss:0.000015, PDE loss:0.000000, physics loss:0.000066
[epoch:271 iter:150] data loss:0.000015, PDE loss:0.000000, physics loss:0.000055
[epoch:271 iter:200] data loss:0.000018, PDE loss:0.000000, physics loss:0.000066
[epoch:271 iter:250] data loss:0.000015, PDE loss:0.000000, physics loss:0.000088
[epoch:271 iter:300] data loss:0.000014, PDE loss:0.000000, physics loss:0.000041
[epoch:271 iter:50] data loss:0.000011, PDE loss:0.000000, physics loss:0.000027
[epoch:272 iter:50] data loss:0.000015, PDE loss:0.000000, physics loss:0.000099
[epoch:272 iter:100] data loss:0.000013, PDE loss:0.000000, physics loss:0.000050
[epoch:272 iter:150] data loss:0.000012, PDE loss:0.000000, physics loss:0.000075
[epoch:272 iter:200] data loss:0.000014, PDE loss:0.000000, physics loss:0.000060
[epoch:272 iter:250] data loss:0.000014, PDE loss:0.000000, physics loss:0.000063
[epoch:272 iter:300] data loss:0.000012, PDE loss:0.000000, physics loss:0.000061
[epoch:272 iter:50] data loss:0.000007, PDE loss:0.000000, physics loss:0.000024
[epoch:273 iter:50] data loss:0.000014, PDE loss:0.000000, physics loss:0.000063
[epoch:273 iter:100] data loss:0.000016, PDE loss:0.000000, physics loss:0.000062
[epoch:273 iter:150] data loss:0.000015, PDE loss:0.000000, physics loss:0.000074
[epoch:273 iter:200] data loss:0.000015, PDE loss:0.000000, physics loss:0.000059
[epoch:273 iter:250] data loss:0.000011, PDE loss:0.000000, physics loss:0.000076
[epoch:273 iter:300] data loss:0.000015, PDE loss:0.000000, physics loss:0.000058
[epoch:273 iter:50] data loss:0.000006, PDE loss:0.000000, physics loss:0.000032
[epoch:274 iter:50] data loss:0.000018, PDE loss:0.000000, physics loss:0.000067
[epoch:274 iter:100] data loss:0.000013, PDE loss:0.000000, physics loss:0.000081
[epoch:274 iter:150] data loss:0.000013, PDE loss:0.000000, physics loss:0.000066
[epoch:274 iter:200] data loss:0.000014, PDE loss:0.000000, physics loss:0.000057
[epoch:274 iter:250] data loss:0.000015, PDE loss:0.000000, physics loss:0.000058
[epoch:274 iter:300] data loss:0.000013, PDE loss:0.000000, physics loss:0.000052
[epoch:274 iter:50] data loss:0.000005, PDE loss:0.000000, physics loss:0.000037
[epoch:275 iter:50] data loss:0.000012, PDE loss:0.000000, physics loss:0.000064
[epoch:275 iter:100] data loss:0.000012, PDE loss:0.000000, physics loss:0.000046
[epoch:275 iter:150] data loss:0.000011, PDE loss:0.000000, physics loss:0.000056
[epoch:275 iter:200] data loss:0.000020, PDE loss:0.000000, physics loss:0.000094
[epoch:275 iter:250] data loss:0.000014, PDE loss:0.000000, physics loss:0.000069
[epoch:275 iter:300] data loss:0.000011, PDE loss:0.000000, physics loss:0.000078
[epoch:275 iter:50] data loss:0.000006, PDE loss:0.000000, physics loss:0.000024
[epoch:276 iter:50] data loss:0.000013, PDE loss:0.000000, physics loss:0.000071
[epoch:276 iter:100] data loss:0.000012, PDE loss:0.000000, physics loss:0.000062
[epoch:276 iter:150] data loss:0.000011, PDE loss:0.000000, physics loss:0.000055
[epoch:276 iter:200] data loss:0.000014, PDE loss:0.000000, physics loss:0.000062
[epoch:276 iter:250] data loss:0.000014, PDE loss:0.000000, physics loss:0.000072
[epoch:276 iter:300] data loss:0.000012, PDE loss:0.000000, physics loss:0.000078
[epoch:276 iter:50] data loss:0.000007, PDE loss:0.000000, physics loss:0.000035
[epoch:277 iter:50] data loss:0.000014, PDE loss:0.000000, physics loss:0.000045
[epoch:277 iter:100] data loss:0.000015, PDE loss:0.000000, physics loss:0.000068
[epoch:277 iter:150] data loss:0.000012, PDE loss:0.000000, physics loss:0.000057
[epoch:277 iter:200] data loss:0.000016, PDE loss:0.000000, physics loss:0.000057
[epoch:277 iter:250] data loss:0.000012, PDE loss:0.000000, physics loss:0.000053
[epoch:277 iter:300] data loss:0.000015, PDE loss:0.000000, physics loss:0.000069
[epoch:277 iter:50] data loss:0.000007, PDE loss:0.000000, physics loss:0.000033
[epoch:278 iter:50] data loss:0.000013, PDE loss:0.000000, physics loss:0.000051
[epoch:278 iter:100] data loss:0.000018, PDE loss:0.000000, physics loss:0.000101
[epoch:278 iter:150] data loss:0.000014, PDE loss:0.000000, physics loss:0.000051
[epoch:278 iter:200] data loss:0.000012, PDE loss:0.000000, physics loss:0.000068
[epoch:278 iter:250] data loss:0.000013, PDE loss:0.000000, physics loss:0.000084
[epoch:278 iter:300] data loss:0.000017, PDE loss:0.000000, physics loss:0.000065
[epoch:278 iter:50] data loss:0.000006, PDE loss:0.000000, physics loss:0.000034
[epoch:279 iter:50] data loss:0.000014, PDE loss:0.000000, physics loss:0.000060
[epoch:279 iter:100] data loss:0.000013, PDE loss:0.000000, physics loss:0.000052
[epoch:279 iter:150] data loss:0.000011, PDE loss:0.000000, physics loss:0.000075
[epoch:279 iter:200] data loss:0.000013, PDE loss:0.000000, physics loss:0.000064
[epoch:279 iter:250] data loss:0.000012, PDE loss:0.000000, physics loss:0.000072
[epoch:279 iter:300] data loss:0.000012, PDE loss:0.000000, physics loss:0.000054
[epoch:279 iter:50] data loss:0.000007, PDE loss:0.000000, physics loss:0.000040
[epoch:280 iter:50] data loss:0.000016, PDE loss:0.000000, physics loss:0.000062
[epoch:280 iter:100] data loss:0.000017, PDE loss:0.000000, physics loss:0.000069
[epoch:280 iter:150] data loss:0.000016, PDE loss:0.000000, physics loss:0.000084
[epoch:280 iter:200] data loss:0.000012, PDE loss:0.000000, physics loss:0.000057
[epoch:280 iter:250] data loss:0.000013, PDE loss:0.000000, physics loss:0.000079
[epoch:280 iter:300] data loss:0.000014, PDE loss:0.000000, physics loss:0.000058
[epoch:280 iter:50] data loss:0.000008, PDE loss:0.000000, physics loss:0.000036
[epoch:281 iter:50] data loss:0.000014, PDE loss:0.000000, physics loss:0.000069
[epoch:281 iter:100] data loss:0.000013, PDE loss:0.000000, physics loss:0.000075
[epoch:281 iter:150] data loss:0.000013, PDE loss:0.000000, physics loss:0.000042
[epoch:281 iter:200] data loss:0.000013, PDE loss:0.000000, physics loss:0.000074
[epoch:281 iter:250] data loss:0.000016, PDE loss:0.000000, physics loss:0.000060
[epoch:281 iter:300] data loss:0.000014, PDE loss:0.000000, physics loss:0.000060
[epoch:281 iter:50] data loss:0.000010, PDE loss:0.000000, physics loss:0.000047
[epoch:282 iter:50] data loss:0.000015, PDE loss:0.000000, physics loss:0.000049
[epoch:282 iter:100] data loss:0.000015, PDE loss:0.000000, physics loss:0.000075
[epoch:282 iter:150] data loss:0.000012, PDE loss:0.000000, physics loss:0.000049
[epoch:282 iter:200] data loss:0.000012, PDE loss:0.000000, physics loss:0.000065
[epoch:282 iter:250] data loss:0.000012, PDE loss:0.000000, physics loss:0.000078
[epoch:282 iter:300] data loss:0.000013, PDE loss:0.000000, physics loss:0.000089
[epoch:282 iter:50] data loss:0.000011, PDE loss:0.000000, physics loss:0.000031
[epoch:283 iter:50] data loss:0.000013, PDE loss:0.000000, physics loss:0.000042
[epoch:283 iter:100] data loss:0.000011, PDE loss:0.000000, physics loss:0.000076
[epoch:283 iter:150] data loss:0.000014, PDE loss:0.000000, physics loss:0.000069
[epoch:283 iter:200] data loss:0.000015, PDE loss:0.000000, physics loss:0.000065
[epoch:283 iter:250] data loss:0.000015, PDE loss:0.000000, physics loss:0.000097
[epoch:283 iter:300] data loss:0.000013, PDE loss:0.000000, physics loss:0.000061
[epoch:283 iter:50] data loss:0.000008, PDE loss:0.000000, physics loss:0.000025
[epoch:284 iter:50] data loss:0.000014, PDE loss:0.000000, physics loss:0.000067
[epoch:284 iter:100] data loss:0.000014, PDE loss:0.000000, physics loss:0.000074
[epoch:284 iter:150] data loss:0.000013, PDE loss:0.000000, physics loss:0.000059
[epoch:284 iter:200] data loss:0.000013, PDE loss:0.000000, physics loss:0.000053
[epoch:284 iter:250] data loss:0.000015, PDE loss:0.000000, physics loss:0.000084
[epoch:284 iter:300] data loss:0.000012, PDE loss:0.000000, physics loss:0.000047
[epoch:284 iter:50] data loss:0.000012, PDE loss:0.000000, physics loss:0.000028
[epoch:285 iter:50] data loss:0.000013, PDE loss:0.000000, physics loss:0.000060
[epoch:285 iter:100] data loss:0.000013, PDE loss:0.000000, physics loss:0.000068
[epoch:285 iter:150] data loss:0.000012, PDE loss:0.000000, physics loss:0.000069
[epoch:285 iter:200] data loss:0.000010, PDE loss:0.000000, physics loss:0.000049
[epoch:285 iter:250] data loss:0.000012, PDE loss:0.000000, physics loss:0.000081
[epoch:285 iter:300] data loss:0.000016, PDE loss:0.000000, physics loss:0.000076
[epoch:285 iter:50] data loss:0.000007, PDE loss:0.000000, physics loss:0.000020
[epoch:286 iter:50] data loss:0.000013, PDE loss:0.000000, physics loss:0.000083
[epoch:286 iter:100] data loss:0.000012, PDE loss:0.000000, physics loss:0.000086
[epoch:286 iter:150] data loss:0.000011, PDE loss:0.000000, physics loss:0.000070
[epoch:286 iter:200] data loss:0.000018, PDE loss:0.000000, physics loss:0.000074
[epoch:286 iter:250] data loss:0.000010, PDE loss:0.000000, physics loss:0.000056
[epoch:286 iter:300] data loss:0.000017, PDE loss:0.000000, physics loss:0.000056
[epoch:286 iter:50] data loss:0.000005, PDE loss:0.000000, physics loss:0.000026
[epoch:287 iter:50] data loss:0.000014, PDE loss:0.000000, physics loss:0.000077
[epoch:287 iter:100] data loss:0.000010, PDE loss:0.000000, physics loss:0.000053
[epoch:287 iter:150] data loss:0.000022, PDE loss:0.000000, physics loss:0.000073
[epoch:287 iter:200] data loss:0.000015, PDE loss:0.000000, physics loss:0.000070
[epoch:287 iter:250] data loss:0.000012, PDE loss:0.000000, physics loss:0.000063
[epoch:287 iter:300] data loss:0.000013, PDE loss:0.000000, physics loss:0.000086
[epoch:287 iter:50] data loss:0.000013, PDE loss:0.000000, physics loss:0.000047
[epoch:288 iter:50] data loss:0.000016, PDE loss:0.000000, physics loss:0.000071
[epoch:288 iter:100] data loss:0.000011, PDE loss:0.000000, physics loss:0.000055
[epoch:288 iter:150] data loss:0.000013, PDE loss:0.000000, physics loss:0.000069
[epoch:288 iter:200] data loss:0.000013, PDE loss:0.000000, physics loss:0.000055
[epoch:288 iter:250] data loss:0.000017, PDE loss:0.000000, physics loss:0.000064
[epoch:288 iter:300] data loss:0.000013, PDE loss:0.000000, physics loss:0.000077
[epoch:288 iter:50] data loss:0.000011, PDE loss:0.000000, physics loss:0.000033
[epoch:289 iter:50] data loss:0.000012, PDE loss:0.000000, physics loss:0.000062
[epoch:289 iter:100] data loss:0.000010, PDE loss:0.000000, physics loss:0.000062
[epoch:289 iter:150] data loss:0.000012, PDE loss:0.000000, physics loss:0.000051
[epoch:289 iter:200] data loss:0.000012, PDE loss:0.000000, physics loss:0.000058
[epoch:289 iter:250] data loss:0.000012, PDE loss:0.000000, physics loss:0.000051
[epoch:289 iter:300] data loss:0.000013, PDE loss:0.000000, physics loss:0.000092
[epoch:289 iter:50] data loss:0.000007, PDE loss:0.000000, physics loss:0.000034
[epoch:290 iter:50] data loss:0.000014, PDE loss:0.000000, physics loss:0.000075
[epoch:290 iter:100] data loss:0.000017, PDE loss:0.000000, physics loss:0.000061
[epoch:290 iter:150] data loss:0.000011, PDE loss:0.000000, physics loss:0.000060
[epoch:290 iter:200] data loss:0.000013, PDE loss:0.000000, physics loss:0.000058
[epoch:290 iter:250] data loss:0.000014, PDE loss:0.000000, physics loss:0.000073
[epoch:290 iter:300] data loss:0.000013, PDE loss:0.000000, physics loss:0.000062
[epoch:290 iter:50] data loss:0.000007, PDE loss:0.000000, physics loss:0.000022
[epoch:291 iter:50] data loss:0.000013, PDE loss:0.000000, physics loss:0.000053
[epoch:291 iter:100] data loss:0.000014, PDE loss:0.000000, physics loss:0.000077
[epoch:291 iter:150] data loss:0.000015, PDE loss:0.000000, physics loss:0.000065
[epoch:291 iter:200] data loss:0.000013, PDE loss:0.000000, physics loss:0.000076
[epoch:291 iter:250] data loss:0.000013, PDE loss:0.000000, physics loss:0.000061
[epoch:291 iter:300] data loss:0.000013, PDE loss:0.000000, physics loss:0.000069
[epoch:291 iter:50] data loss:0.000011, PDE loss:0.000000, physics loss:0.000023
[epoch:292 iter:50] data loss:0.000013, PDE loss:0.000000, physics loss:0.000067
[epoch:292 iter:100] data loss:0.000012, PDE loss:0.000000, physics loss:0.000066
[epoch:292 iter:150] data loss:0.000013, PDE loss:0.000000, physics loss:0.000099
[epoch:292 iter:200] data loss:0.000011, PDE loss:0.000000, physics loss:0.000070
[epoch:292 iter:250] data loss:0.000013, PDE loss:0.000000, physics loss:0.000056
[epoch:292 iter:300] data loss:0.000013, PDE loss:0.000000, physics loss:0.000065
[epoch:292 iter:50] data loss:0.000011, PDE loss:0.000000, physics loss:0.000030
[epoch:293 iter:50] data loss:0.000014, PDE loss:0.000000, physics loss:0.000061
[epoch:293 iter:100] data loss:0.000011, PDE loss:0.000000, physics loss:0.000077
[epoch:293 iter:150] data loss:0.000011, PDE loss:0.000000, physics loss:0.000070
[epoch:293 iter:200] data loss:0.000013, PDE loss:0.000000, physics loss:0.000060
[epoch:293 iter:250] data loss:0.000014, PDE loss:0.000000, physics loss:0.000073
[epoch:293 iter:300] data loss:0.000015, PDE loss:0.000000, physics loss:0.000084
[epoch:293 iter:50] data loss:0.000009, PDE loss:0.000000, physics loss:0.000036
[epoch:294 iter:50] data loss:0.000015, PDE loss:0.000000, physics loss:0.000064
[epoch:294 iter:100] data loss:0.000014, PDE loss:0.000000, physics loss:0.000079
[epoch:294 iter:150] data loss:0.000012, PDE loss:0.000000, physics loss:0.000065
[epoch:294 iter:200] data loss:0.000015, PDE loss:0.000000, physics loss:0.000055
[epoch:294 iter:250] data loss:0.000014, PDE loss:0.000000, physics loss:0.000055
[epoch:294 iter:300] data loss:0.000013, PDE loss:0.000000, physics loss:0.000070
[epoch:294 iter:50] data loss:0.000008, PDE loss:0.000000, physics loss:0.000040
[epoch:295 iter:50] data loss:0.000014, PDE loss:0.000000, physics loss:0.000086
[epoch:295 iter:100] data loss:0.000012, PDE loss:0.000000, physics loss:0.000062
[epoch:295 iter:150] data loss:0.000013, PDE loss:0.000000, physics loss:0.000062
[epoch:295 iter:200] data loss:0.000013, PDE loss:0.000000, physics loss:0.000064
[epoch:295 iter:250] data loss:0.000016, PDE loss:0.000000, physics loss:0.000073
[epoch:295 iter:300] data loss:0.000014, PDE loss:0.000000, physics loss:0.000057
[epoch:295 iter:50] data loss:0.000006, PDE loss:0.000000, physics loss:0.000040
[epoch:296 iter:50] data loss:0.000013, PDE loss:0.000000, physics loss:0.000072
[epoch:296 iter:100] data loss:0.000012, PDE loss:0.000000, physics loss:0.000058
[epoch:296 iter:150] data loss:0.000012, PDE loss:0.000000, physics loss:0.000053
[epoch:296 iter:200] data loss:0.000012, PDE loss:0.000000, physics loss:0.000075
[epoch:296 iter:250] data loss:0.000014, PDE loss:0.000000, physics loss:0.000053
[epoch:296 iter:300] data loss:0.000013, PDE loss:0.000000, physics loss:0.000058
[epoch:296 iter:50] data loss:0.000006, PDE loss:0.000000, physics loss:0.000028
[epoch:297 iter:50] data loss:0.000014, PDE loss:0.000000, physics loss:0.000072
[epoch:297 iter:100] data loss:0.000013, PDE loss:0.000000, physics loss:0.000080
[epoch:297 iter:150] data loss:0.000011, PDE loss:0.000000, physics loss:0.000058
[epoch:297 iter:200] data loss:0.000012, PDE loss:0.000000, physics loss:0.000054
[epoch:297 iter:250] data loss:0.000011, PDE loss:0.000000, physics loss:0.000054
[epoch:297 iter:300] data loss:0.000012, PDE loss:0.000000, physics loss:0.000068
[epoch:297 iter:50] data loss:0.000007, PDE loss:0.000000, physics loss:0.000040
[epoch:298 iter:50] data loss:0.000015, PDE loss:0.000000, physics loss:0.000073
[epoch:298 iter:100] data loss:0.000013, PDE loss:0.000000, physics loss:0.000108
[epoch:298 iter:150] data loss:0.000014, PDE loss:0.000000, physics loss:0.000052
[epoch:298 iter:200] data loss:0.000014, PDE loss:0.000000, physics loss:0.000067
[epoch:298 iter:250] data loss:0.000019, PDE loss:0.000000, physics loss:0.000080
[epoch:298 iter:300] data loss:0.000012, PDE loss:0.000000, physics loss:0.000084
[epoch:298 iter:50] data loss:0.000009, PDE loss:0.000000, physics loss:0.000034
[epoch:299 iter:50] data loss:0.000015, PDE loss:0.000000, physics loss:0.000053
[epoch:299 iter:100] data loss:0.000014, PDE loss:0.000000, physics loss:0.000053
[epoch:299 iter:150] data loss:0.000018, PDE loss:0.000000, physics loss:0.000073
[epoch:299 iter:200] data loss:0.000010, PDE loss:0.000000, physics loss:0.000074
[epoch:299 iter:250] data loss:0.000012, PDE loss:0.000000, physics loss:0.000062
[epoch:299 iter:300] data loss:0.000014, PDE loss:0.000000, physics loss:0.000091
[epoch:299 iter:50] data loss:0.000007, PDE loss:0.000000, physics loss:0.000021
[epoch:300 iter:50] data loss:0.000016, PDE loss:0.000000, physics loss:0.000081
[epoch:300 iter:100] data loss:0.000011, PDE loss:0.000000, physics loss:0.000098
[epoch:300 iter:150] data loss:0.000012, PDE loss:0.000000, physics loss:0.000064
[epoch:300 iter:200] data loss:0.000014, PDE loss:0.000000, physics loss:0.000082
[epoch:300 iter:250] data loss:0.000013, PDE loss:0.000000, physics loss:0.000061
[epoch:300 iter:300] data loss:0.000015, PDE loss:0.000000, physics loss:0.000065
[epoch:300 iter:50] data loss:0.000007, PDE loss:0.000000, physics loss:0.000025
[epoch:301 iter:50] data loss:0.000015, PDE loss:0.000000, physics loss:0.000083
[epoch:301 iter:100] data loss:0.000011, PDE loss:0.000000, physics loss:0.000064
[epoch:301 iter:150] data loss:0.000013, PDE loss:0.000000, physics loss:0.000078
[epoch:301 iter:200] data loss:0.000014, PDE loss:0.000000, physics loss:0.000091
[epoch:301 iter:250] data loss:0.000014, PDE loss:0.000000, physics loss:0.000074
[epoch:301 iter:300] data loss:0.000015, PDE loss:0.000000, physics loss:0.000089
[epoch:301 iter:50] data loss:0.000006, PDE loss:0.000000, physics loss:0.000040
[epoch:302 iter:50] data loss:0.000021, PDE loss:0.000000, physics loss:0.000048
[epoch:302 iter:100] data loss:0.000012, PDE loss:0.000000, physics loss:0.000049
[epoch:302 iter:150] data loss:0.000011, PDE loss:0.000000, physics loss:0.000053
[epoch:302 iter:200] data loss:0.000012, PDE loss:0.000000, physics loss:0.000061
[epoch:302 iter:250] data loss:0.000013, PDE loss:0.000000, physics loss:0.000063
[epoch:302 iter:300] data loss:0.000014, PDE loss:0.000000, physics loss:0.000061
[epoch:302 iter:50] data loss:0.000007, PDE loss:0.000000, physics loss:0.000026
[epoch:303 iter:50] data loss:0.000014, PDE loss:0.000000, physics loss:0.000059
[epoch:303 iter:100] data loss:0.000012, PDE loss:0.000000, physics loss:0.000057
[epoch:303 iter:150] data loss:0.000013, PDE loss:0.000000, physics loss:0.000061
[epoch:303 iter:200] data loss:0.000016, PDE loss:0.000000, physics loss:0.000058
[epoch:303 iter:250] data loss:0.000012, PDE loss:0.000000, physics loss:0.000062
[epoch:303 iter:300] data loss:0.000011, PDE loss:0.000000, physics loss:0.000060
[epoch:303 iter:50] data loss:0.000006, PDE loss:0.000000, physics loss:0.000034
[epoch:304 iter:50] data loss:0.000013, PDE loss:0.000000, physics loss:0.000062
[epoch:304 iter:100] data loss:0.000015, PDE loss:0.000000, physics loss:0.000086
[epoch:304 iter:150] data loss:0.000013, PDE loss:0.000000, physics loss:0.000074
[epoch:304 iter:200] data loss:0.000012, PDE loss:0.000000, physics loss:0.000055
[epoch:304 iter:250] data loss:0.000012, PDE loss:0.000000, physics loss:0.000053
[epoch:304 iter:300] data loss:0.000012, PDE loss:0.000000, physics loss:0.000067
[epoch:304 iter:50] data loss:0.000007, PDE loss:0.000000, physics loss:0.000030
[epoch:305 iter:50] data loss:0.000017, PDE loss:0.000000, physics loss:0.000078
[epoch:305 iter:100] data loss:0.000018, PDE loss:0.000000, physics loss:0.000064
[epoch:305 iter:150] data loss:0.000012, PDE loss:0.000000, physics loss:0.000065
[epoch:305 iter:200] data loss:0.000017, PDE loss:0.000000, physics loss:0.000039
[epoch:305 iter:250] data loss:0.000013, PDE loss:0.000000, physics loss:0.000053
[epoch:305 iter:300] data loss:0.000017, PDE loss:0.000000, physics loss:0.000054
[epoch:305 iter:50] data loss:0.000006, PDE loss:0.000000, physics loss:0.000023
[epoch:306 iter:50] data loss:0.000013, PDE loss:0.000000, physics loss:0.000054
[epoch:306 iter:100] data loss:0.000012, PDE loss:0.000000, physics loss:0.000086
[epoch:306 iter:150] data loss:0.000013, PDE loss:0.000000, physics loss:0.000066
[epoch:306 iter:200] data loss:0.000016, PDE loss:0.000000, physics loss:0.000057
[epoch:306 iter:250] data loss:0.000014, PDE loss:0.000000, physics loss:0.000074
[epoch:306 iter:300] data loss:0.000014, PDE loss:0.000000, physics loss:0.000077
[epoch:306 iter:50] data loss:0.000005, PDE loss:0.000000, physics loss:0.000030
[epoch:307 iter:50] data loss:0.000012, PDE loss:0.000000, physics loss:0.000061
[epoch:307 iter:100] data loss:0.000013, PDE loss:0.000000, physics loss:0.000080
[epoch:307 iter:150] data loss:0.000014, PDE loss:0.000000, physics loss:0.000069
[epoch:307 iter:200] data loss:0.000016, PDE loss:0.000000, physics loss:0.000064
[epoch:307 iter:250] data loss:0.000013, PDE loss:0.000000, physics loss:0.000058
[epoch:307 iter:300] data loss:0.000011, PDE loss:0.000000, physics loss:0.000076
[epoch:307 iter:50] data loss:0.000006, PDE loss:0.000000, physics loss:0.000030
[epoch:308 iter:50] data loss:0.000012, PDE loss:0.000000, physics loss:0.000058
[epoch:308 iter:100] data loss:0.000016, PDE loss:0.000000, physics loss:0.000064
[epoch:308 iter:150] data loss:0.000012, PDE loss:0.000000, physics loss:0.000050
[epoch:308 iter:200] data loss:0.000012, PDE loss:0.000000, physics loss:0.000096
[epoch:308 iter:250] data loss:0.000017, PDE loss:0.000000, physics loss:0.000058
[epoch:308 iter:300] data loss:0.000011, PDE loss:0.000000, physics loss:0.000057
[epoch:308 iter:50] data loss:0.000006, PDE loss:0.000000, physics loss:0.000037
[epoch:309 iter:50] data loss:0.000015, PDE loss:0.000000, physics loss:0.000060
[epoch:309 iter:100] data loss:0.000016, PDE loss:0.000000, physics loss:0.000079
[epoch:309 iter:150] data loss:0.000014, PDE loss:0.000000, physics loss:0.000070
[epoch:309 iter:200] data loss:0.000014, PDE loss:0.000000, physics loss:0.000047
[epoch:309 iter:250] data loss:0.000013, PDE loss:0.000000, physics loss:0.000067
[epoch:309 iter:300] data loss:0.000011, PDE loss:0.000000, physics loss:0.000091
[epoch:309 iter:50] data loss:0.000005, PDE loss:0.000000, physics loss:0.000024
[epoch:310 iter:50] data loss:0.000012, PDE loss:0.000000, physics loss:0.000062
[epoch:310 iter:100] data loss:0.000012, PDE loss:0.000000, physics loss:0.000059
[epoch:310 iter:150] data loss:0.000010, PDE loss:0.000000, physics loss:0.000055
[epoch:310 iter:200] data loss:0.000014, PDE loss:0.000000, physics loss:0.000047
[epoch:310 iter:250] data loss:0.000012, PDE loss:0.000000, physics loss:0.000066
[epoch:310 iter:300] data loss:0.000011, PDE loss:0.000000, physics loss:0.000059
[epoch:310 iter:50] data loss:0.000009, PDE loss:0.000000, physics loss:0.000030
[epoch:311 iter:50] data loss:0.000010, PDE loss:0.000000, physics loss:0.000052
[epoch:311 iter:100] data loss:0.000012, PDE loss:0.000000, physics loss:0.000072
[epoch:311 iter:150] data loss:0.000011, PDE loss:0.000000, physics loss:0.000080
[epoch:311 iter:200] data loss:0.000012, PDE loss:0.000000, physics loss:0.000056
[epoch:311 iter:250] data loss:0.000016, PDE loss:0.000000, physics loss:0.000091
[epoch:311 iter:300] data loss:0.000013, PDE loss:0.000000, physics loss:0.000056
[epoch:311 iter:50] data loss:0.000009, PDE loss:0.000000, physics loss:0.000029
[epoch:312 iter:50] data loss:0.000012, PDE loss:0.000000, physics loss:0.000052
[epoch:312 iter:100] data loss:0.000012, PDE loss:0.000000, physics loss:0.000073
[epoch:312 iter:150] data loss:0.000015, PDE loss:0.000000, physics loss:0.000081
[epoch:312 iter:200] data loss:0.000011, PDE loss:0.000000, physics loss:0.000038
[epoch:312 iter:250] data loss:0.000017, PDE loss:0.000000, physics loss:0.000054
[epoch:312 iter:300] data loss:0.000013, PDE loss:0.000000, physics loss:0.000054
[epoch:312 iter:50] data loss:0.000008, PDE loss:0.000000, physics loss:0.000028
[epoch:313 iter:50] data loss:0.000014, PDE loss:0.000000, physics loss:0.000063
[epoch:313 iter:100] data loss:0.000012, PDE loss:0.000000, physics loss:0.000039
[epoch:313 iter:150] data loss:0.000019, PDE loss:0.000000, physics loss:0.000080
[epoch:313 iter:200] data loss:0.000011, PDE loss:0.000000, physics loss:0.000077
[epoch:313 iter:250] data loss:0.000009, PDE loss:0.000000, physics loss:0.000059
[epoch:313 iter:300] data loss:0.000014, PDE loss:0.000000, physics loss:0.000074
[epoch:313 iter:50] data loss:0.000007, PDE loss:0.000000, physics loss:0.000028
[epoch:314 iter:50] data loss:0.000013, PDE loss:0.000000, physics loss:0.000074
[epoch:314 iter:100] data loss:0.000012, PDE loss:0.000000, physics loss:0.000076
[epoch:314 iter:150] data loss:0.000013, PDE loss:0.000000, physics loss:0.000063
[epoch:314 iter:200] data loss:0.000011, PDE loss:0.000000, physics loss:0.000066
[epoch:314 iter:250] data loss:0.000014, PDE loss:0.000000, physics loss:0.000058
[epoch:314 iter:300] data loss:0.000011, PDE loss:0.000000, physics loss:0.000064
[epoch:314 iter:50] data loss:0.000006, PDE loss:0.000000, physics loss:0.000036
[epoch:315 iter:50] data loss:0.000012, PDE loss:0.000000, physics loss:0.000062
[epoch:315 iter:100] data loss:0.000013, PDE loss:0.000000, physics loss:0.000072
[epoch:315 iter:150] data loss:0.000014, PDE loss:0.000000, physics loss:0.000054
[epoch:315 iter:200] data loss:0.000015, PDE loss:0.000000, physics loss:0.000071
[epoch:315 iter:250] data loss:0.000013, PDE loss:0.000000, physics loss:0.000054
[epoch:315 iter:300] data loss:0.000012, PDE loss:0.000000, physics loss:0.000083
[epoch:315 iter:50] data loss:0.000006, PDE loss:0.000000, physics loss:0.000035
[epoch:316 iter:50] data loss:0.000012, PDE loss:0.000000, physics loss:0.000057
[epoch:316 iter:100] data loss:0.000012, PDE loss:0.000000, physics loss:0.000070
[epoch:316 iter:150] data loss:0.000012, PDE loss:0.000000, physics loss:0.000071
[epoch:316 iter:200] data loss:0.000012, PDE loss:0.000000, physics loss:0.000054
[epoch:316 iter:250] data loss:0.000013, PDE loss:0.000000, physics loss:0.000053
[epoch:316 iter:300] data loss:0.000010, PDE loss:0.000000, physics loss:0.000074
[epoch:316 iter:50] data loss:0.000007, PDE loss:0.000000, physics loss:0.000033
[epoch:317 iter:50] data loss:0.000011, PDE loss:0.000000, physics loss:0.000050
[epoch:317 iter:100] data loss:0.000010, PDE loss:0.000000, physics loss:0.000069
[epoch:317 iter:150] data loss:0.000012, PDE loss:0.000000, physics loss:0.000050
[epoch:317 iter:200] data loss:0.000018, PDE loss:0.000000, physics loss:0.000098
[epoch:317 iter:250] data loss:0.000013, PDE loss:0.000000, physics loss:0.000066
[epoch:317 iter:300] data loss:0.000011, PDE loss:0.000000, physics loss:0.000075
[epoch:317 iter:50] data loss:0.000006, PDE loss:0.000000, physics loss:0.000032
[epoch:318 iter:50] data loss:0.000013, PDE loss:0.000000, physics loss:0.000063
[epoch:318 iter:100] data loss:0.000016, PDE loss:0.000000, physics loss:0.000048
[epoch:318 iter:150] data loss:0.000012, PDE loss:0.000000, physics loss:0.000076
[epoch:318 iter:200] data loss:0.000014, PDE loss:0.000000, physics loss:0.000051
[epoch:318 iter:250] data loss:0.000012, PDE loss:0.000000, physics loss:0.000070
[epoch:318 iter:300] data loss:0.000017, PDE loss:0.000000, physics loss:0.000076
[epoch:318 iter:50] data loss:0.000011, PDE loss:0.000000, physics loss:0.000026
[epoch:319 iter:50] data loss:0.000013, PDE loss:0.000000, physics loss:0.000059
[epoch:319 iter:100] data loss:0.000012, PDE loss:0.000000, physics loss:0.000076
[epoch:319 iter:150] data loss:0.000013, PDE loss:0.000000, physics loss:0.000080
[epoch:319 iter:200] data loss:0.000015, PDE loss:0.000000, physics loss:0.000059
[epoch:319 iter:250] data loss:0.000017, PDE loss:0.000000, physics loss:0.000068
[epoch:319 iter:300] data loss:0.000010, PDE loss:0.000000, physics loss:0.000055
[epoch:319 iter:50] data loss:0.000008, PDE loss:0.000000, physics loss:0.000028
[epoch:320 iter:50] data loss:0.000012, PDE loss:0.000000, physics loss:0.000057
[epoch:320 iter:100] data loss:0.000011, PDE loss:0.000000, physics loss:0.000072
[epoch:320 iter:150] data loss:0.000012, PDE loss:0.000000, physics loss:0.000063
[epoch:320 iter:200] data loss:0.000011, PDE loss:0.000000, physics loss:0.000067
[epoch:320 iter:250] data loss:0.000012, PDE loss:0.000000, physics loss:0.000055
[epoch:320 iter:300] data loss:0.000014, PDE loss:0.000000, physics loss:0.000072
[epoch:320 iter:50] data loss:0.000008, PDE loss:0.000000, physics loss:0.000029
[epoch:321 iter:50] data loss:0.000011, PDE loss:0.000000, physics loss:0.000064
[epoch:321 iter:100] data loss:0.000014, PDE loss:0.000000, physics loss:0.000081
[epoch:321 iter:150] data loss:0.000013, PDE loss:0.000000, physics loss:0.000058
[epoch:321 iter:200] data loss:0.000016, PDE loss:0.000000, physics loss:0.000082
[epoch:321 iter:250] data loss:0.000010, PDE loss:0.000000, physics loss:0.000075
[epoch:321 iter:300] data loss:0.000011, PDE loss:0.000000, physics loss:0.000043
[epoch:321 iter:50] data loss:0.000006, PDE loss:0.000000, physics loss:0.000036
[epoch:322 iter:50] data loss:0.000011, PDE loss:0.000000, physics loss:0.000041
[epoch:322 iter:100] data loss:0.000010, PDE loss:0.000000, physics loss:0.000073
[epoch:322 iter:150] data loss:0.000014, PDE loss:0.000000, physics loss:0.000065
[epoch:322 iter:200] data loss:0.000013, PDE loss:0.000000, physics loss:0.000073
[epoch:322 iter:250] data loss:0.000012, PDE loss:0.000000, physics loss:0.000083
[epoch:322 iter:300] data loss:0.000013, PDE loss:0.000000, physics loss:0.000082
[epoch:322 iter:50] data loss:0.000009, PDE loss:0.000000, physics loss:0.000044
[epoch:323 iter:50] data loss:0.000010, PDE loss:0.000000, physics loss:0.000086
[epoch:323 iter:100] data loss:0.000013, PDE loss:0.000000, physics loss:0.000053
[epoch:323 iter:150] data loss:0.000014, PDE loss:0.000000, physics loss:0.000049
[epoch:323 iter:200] data loss:0.000014, PDE loss:0.000000, physics loss:0.000079
[epoch:323 iter:250] data loss:0.000012, PDE loss:0.000000, physics loss:0.000060
[epoch:323 iter:300] data loss:0.000011, PDE loss:0.000000, physics loss:0.000070
[epoch:323 iter:50] data loss:0.000009, PDE loss:0.000000, physics loss:0.000035
[epoch:324 iter:50] data loss:0.000011, PDE loss:0.000000, physics loss:0.000070
[epoch:324 iter:100] data loss:0.000012, PDE loss:0.000000, physics loss:0.000050
[epoch:324 iter:150] data loss:0.000013, PDE loss:0.000000, physics loss:0.000067
[epoch:324 iter:200] data loss:0.000013, PDE loss:0.000000, physics loss:0.000061
[epoch:324 iter:250] data loss:0.000015, PDE loss:0.000000, physics loss:0.000078
[epoch:324 iter:300] data loss:0.000012, PDE loss:0.000000, physics loss:0.000050
[epoch:324 iter:50] data loss:0.000007, PDE loss:0.000000, physics loss:0.000033
[epoch:325 iter:50] data loss:0.000012, PDE loss:0.000000, physics loss:0.000074
[epoch:325 iter:100] data loss:0.000011, PDE loss:0.000000, physics loss:0.000062
[epoch:325 iter:150] data loss:0.000015, PDE loss:0.000000, physics loss:0.000059
[epoch:325 iter:200] data loss:0.000013, PDE loss:0.000000, physics loss:0.000062
[epoch:325 iter:250] data loss:0.000013, PDE loss:0.000000, physics loss:0.000055
[epoch:325 iter:300] data loss:0.000013, PDE loss:0.000000, physics loss:0.000070
[epoch:325 iter:50] data loss:0.000008, PDE loss:0.000000, physics loss:0.000035
[epoch:326 iter:50] data loss:0.000016, PDE loss:0.000000, physics loss:0.000059
[epoch:326 iter:100] data loss:0.000012, PDE loss:0.000000, physics loss:0.000072
[epoch:326 iter:150] data loss:0.000010, PDE loss:0.000000, physics loss:0.000064
[epoch:326 iter:200] data loss:0.000011, PDE loss:0.000000, physics loss:0.000057
[epoch:326 iter:250] data loss:0.000017, PDE loss:0.000000, physics loss:0.000101
[epoch:326 iter:300] data loss:0.000012, PDE loss:0.000000, physics loss:0.000067
[epoch:326 iter:50] data loss:0.000007, PDE loss:0.000000, physics loss:0.000027
[epoch:327 iter:50] data loss:0.000012, PDE loss:0.000000, physics loss:0.000060
[epoch:327 iter:100] data loss:0.000012, PDE loss:0.000000, physics loss:0.000071
[epoch:327 iter:150] data loss:0.000016, PDE loss:0.000000, physics loss:0.000060
[epoch:327 iter:200] data loss:0.000011, PDE loss:0.000000, physics loss:0.000063
[epoch:327 iter:250] data loss:0.000013, PDE loss:0.000000, physics loss:0.000073
[epoch:327 iter:300] data loss:0.000010, PDE loss:0.000000, physics loss:0.000057
[epoch:327 iter:50] data loss:0.000006, PDE loss:0.000000, physics loss:0.000025
[epoch:328 iter:50] data loss:0.000014, PDE loss:0.000000, physics loss:0.000073
[epoch:328 iter:100] data loss:0.000012, PDE loss:0.000000, physics loss:0.000075
[epoch:328 iter:150] data loss:0.000012, PDE loss:0.000000, physics loss:0.000099
[epoch:328 iter:200] data loss:0.000013, PDE loss:0.000000, physics loss:0.000087
[epoch:328 iter:250] data loss:0.000012, PDE loss:0.000000, physics loss:0.000067
[epoch:328 iter:300] data loss:0.000014, PDE loss:0.000000, physics loss:0.000059
[epoch:328 iter:50] data loss:0.000009, PDE loss:0.000000, physics loss:0.000027
[epoch:329 iter:50] data loss:0.000013, PDE loss:0.000000, physics loss:0.000082
[epoch:329 iter:100] data loss:0.000012, PDE loss:0.000000, physics loss:0.000068
[epoch:329 iter:150] data loss:0.000012, PDE loss:0.000000, physics loss:0.000062
[epoch:329 iter:200] data loss:0.000014, PDE loss:0.000000, physics loss:0.000100
[epoch:329 iter:250] data loss:0.000010, PDE loss:0.000000, physics loss:0.000061
[epoch:329 iter:300] data loss:0.000012, PDE loss:0.000000, physics loss:0.000092
[epoch:329 iter:50] data loss:0.000008, PDE loss:0.000000, physics loss:0.000027
[epoch:330 iter:50] data loss:0.000016, PDE loss:0.000000, physics loss:0.000068
[epoch:330 iter:100] data loss:0.000011, PDE loss:0.000000, physics loss:0.000072
[epoch:330 iter:150] data loss:0.000016, PDE loss:0.000000, physics loss:0.000055
[epoch:330 iter:200] data loss:0.000011, PDE loss:0.000000, physics loss:0.000063
[epoch:330 iter:250] data loss:0.000014, PDE loss:0.000000, physics loss:0.000061
[epoch:330 iter:300] data loss:0.000011, PDE loss:0.000000, physics loss:0.000049
[epoch:330 iter:50] data loss:0.000006, PDE loss:0.000000, physics loss:0.000024
[epoch:331 iter:50] data loss:0.000010, PDE loss:0.000000, physics loss:0.000063
[epoch:331 iter:100] data loss:0.000011, PDE loss:0.000000, physics loss:0.000059
[epoch:331 iter:150] data loss:0.000013, PDE loss:0.000000, physics loss:0.000086
[epoch:331 iter:200] data loss:0.000010, PDE loss:0.000000, physics loss:0.000051
[epoch:331 iter:250] data loss:0.000012, PDE loss:0.000000, physics loss:0.000046
[epoch:331 iter:300] data loss:0.000010, PDE loss:0.000000, physics loss:0.000061
[epoch:331 iter:50] data loss:0.000006, PDE loss:0.000000, physics loss:0.000032
[epoch:332 iter:50] data loss:0.000012, PDE loss:0.000000, physics loss:0.000051
[epoch:332 iter:100] data loss:0.000012, PDE loss:0.000000, physics loss:0.000039
[epoch:332 iter:150] data loss:0.000010, PDE loss:0.000000, physics loss:0.000067
[epoch:332 iter:200] data loss:0.000014, PDE loss:0.000000, physics loss:0.000076
[epoch:332 iter:250] data loss:0.000013, PDE loss:0.000000, physics loss:0.000048
[epoch:332 iter:300] data loss:0.000010, PDE loss:0.000000, physics loss:0.000051
[epoch:332 iter:50] data loss:0.000008, PDE loss:0.000000, physics loss:0.000031
[epoch:333 iter:50] data loss:0.000013, PDE loss:0.000000, physics loss:0.000080
[epoch:333 iter:100] data loss:0.000012, PDE loss:0.000000, physics loss:0.000058
[epoch:333 iter:150] data loss:0.000011, PDE loss:0.000000, physics loss:0.000063
[epoch:333 iter:200] data loss:0.000013, PDE loss:0.000000, physics loss:0.000060
[epoch:333 iter:250] data loss:0.000010, PDE loss:0.000000, physics loss:0.000087
[epoch:333 iter:300] data loss:0.000011, PDE loss:0.000000, physics loss:0.000060
[epoch:333 iter:50] data loss:0.000009, PDE loss:0.000000, physics loss:0.000029
[epoch:334 iter:50] data loss:0.000012, PDE loss:0.000000, physics loss:0.000069
[epoch:334 iter:100] data loss:0.000015, PDE loss:0.000000, physics loss:0.000062
[epoch:334 iter:150] data loss:0.000010, PDE loss:0.000000, physics loss:0.000052
[epoch:334 iter:200] data loss:0.000010, PDE loss:0.000000, physics loss:0.000055
[epoch:334 iter:250] data loss:0.000011, PDE loss:0.000000, physics loss:0.000052
[epoch:334 iter:300] data loss:0.000013, PDE loss:0.000000, physics loss:0.000070
[epoch:334 iter:50] data loss:0.000006, PDE loss:0.000000, physics loss:0.000027
[epoch:335 iter:50] data loss:0.000011, PDE loss:0.000000, physics loss:0.000070
[epoch:335 iter:100] data loss:0.000014, PDE loss:0.000000, physics loss:0.000068
[epoch:335 iter:150] data loss:0.000012, PDE loss:0.000000, physics loss:0.000085
[epoch:335 iter:200] data loss:0.000012, PDE loss:0.000000, physics loss:0.000069
[epoch:335 iter:250] data loss:0.000013, PDE loss:0.000000, physics loss:0.000044
[epoch:335 iter:300] data loss:0.000011, PDE loss:0.000000, physics loss:0.000066
[epoch:335 iter:50] data loss:0.000008, PDE loss:0.000000, physics loss:0.000043
[epoch:336 iter:50] data loss:0.000013, PDE loss:0.000000, physics loss:0.000056
[epoch:336 iter:100] data loss:0.000012, PDE loss:0.000000, physics loss:0.000067
[epoch:336 iter:150] data loss:0.000013, PDE loss:0.000000, physics loss:0.000067
[epoch:336 iter:200] data loss:0.000015, PDE loss:0.000000, physics loss:0.000067
[epoch:336 iter:250] data loss:0.000015, PDE loss:0.000000, physics loss:0.000061
[epoch:336 iter:300] data loss:0.000012, PDE loss:0.000000, physics loss:0.000068
[epoch:336 iter:50] data loss:0.000007, PDE loss:0.000000, physics loss:0.000027
[epoch:337 iter:50] data loss:0.000011, PDE loss:0.000000, physics loss:0.000050
[epoch:337 iter:100] data loss:0.000014, PDE loss:0.000000, physics loss:0.000066
[epoch:337 iter:150] data loss:0.000016, PDE loss:0.000000, physics loss:0.000082
[epoch:337 iter:200] data loss:0.000014, PDE loss:0.000000, physics loss:0.000048
[epoch:337 iter:250] data loss:0.000010, PDE loss:0.000000, physics loss:0.000062
[epoch:337 iter:300] data loss:0.000011, PDE loss:0.000000, physics loss:0.000056
[epoch:337 iter:50] data loss:0.000007, PDE loss:0.000000, physics loss:0.000039
[epoch:338 iter:50] data loss:0.000012, PDE loss:0.000000, physics loss:0.000074
[epoch:338 iter:100] data loss:0.000015, PDE loss:0.000000, physics loss:0.000061
[epoch:338 iter:150] data loss:0.000014, PDE loss:0.000000, physics loss:0.000080
[epoch:338 iter:200] data loss:0.000014, PDE loss:0.000000, physics loss:0.000065
[epoch:338 iter:250] data loss:0.000013, PDE loss:0.000000, physics loss:0.000099
[epoch:338 iter:300] data loss:0.000013, PDE loss:0.000000, physics loss:0.000066
[epoch:338 iter:50] data loss:0.000008, PDE loss:0.000000, physics loss:0.000030
[epoch:339 iter:50] data loss:0.000015, PDE loss:0.000000, physics loss:0.000064
[epoch:339 iter:100] data loss:0.000011, PDE loss:0.000000, physics loss:0.000071
[epoch:339 iter:150] data loss:0.000011, PDE loss:0.000000, physics loss:0.000060
[epoch:339 iter:200] data loss:0.000013, PDE loss:0.000000, physics loss:0.000062
[epoch:339 iter:250] data loss:0.000011, PDE loss:0.000000, physics loss:0.000047
[epoch:339 iter:300] data loss:0.000010, PDE loss:0.000000, physics loss:0.000050
[epoch:339 iter:50] data loss:0.000005, PDE loss:0.000000, physics loss:0.000034
[epoch:340 iter:50] data loss:0.000013, PDE loss:0.000000, physics loss:0.000062
[epoch:340 iter:100] data loss:0.000012, PDE loss:0.000000, physics loss:0.000056
[epoch:340 iter:150] data loss:0.000011, PDE loss:0.000000, physics loss:0.000062
[epoch:340 iter:200] data loss:0.000011, PDE loss:0.000000, physics loss:0.000061
[epoch:340 iter:250] data loss:0.000010, PDE loss:0.000000, physics loss:0.000044
[epoch:340 iter:300] data loss:0.000014, PDE loss:0.000000, physics loss:0.000082
[epoch:340 iter:50] data loss:0.000006, PDE loss:0.000000, physics loss:0.000023
[epoch:341 iter:50] data loss:0.000014, PDE loss:0.000000, physics loss:0.000054
[epoch:341 iter:100] data loss:0.000014, PDE loss:0.000000, physics loss:0.000061
[epoch:341 iter:150] data loss:0.000013, PDE loss:0.000000, physics loss:0.000052
[epoch:341 iter:200] data loss:0.000016, PDE loss:0.000000, physics loss:0.000061
[epoch:341 iter:250] data loss:0.000012, PDE loss:0.000000, physics loss:0.000058
[epoch:341 iter:300] data loss:0.000014, PDE loss:0.000000, physics loss:0.000053
[epoch:341 iter:50] data loss:0.000007, PDE loss:0.000000, physics loss:0.000032
[epoch:342 iter:50] data loss:0.000011, PDE loss:0.000000, physics loss:0.000044
[epoch:342 iter:100] data loss:0.000015, PDE loss:0.000000, physics loss:0.000042
[epoch:342 iter:150] data loss:0.000011, PDE loss:0.000000, physics loss:0.000045
[epoch:342 iter:200] data loss:0.000013, PDE loss:0.000000, physics loss:0.000078
[epoch:342 iter:250] data loss:0.000013, PDE loss:0.000000, physics loss:0.000050
[epoch:342 iter:300] data loss:0.000012, PDE loss:0.000000, physics loss:0.000062
[epoch:342 iter:50] data loss:0.000007, PDE loss:0.000000, physics loss:0.000023
[epoch:343 iter:50] data loss:0.000011, PDE loss:0.000000, physics loss:0.000078
[epoch:343 iter:100] data loss:0.000015, PDE loss:0.000000, physics loss:0.000078
[epoch:343 iter:150] data loss:0.000012, PDE loss:0.000000, physics loss:0.000070
[epoch:343 iter:200] data loss:0.000012, PDE loss:0.000000, physics loss:0.000079
[epoch:343 iter:250] data loss:0.000013, PDE loss:0.000000, physics loss:0.000064
[epoch:343 iter:300] data loss:0.000013, PDE loss:0.000000, physics loss:0.000068
[epoch:343 iter:50] data loss:0.000004, PDE loss:0.000000, physics loss:0.000032
[epoch:344 iter:50] data loss:0.000014, PDE loss:0.000000, physics loss:0.000070
[epoch:344 iter:100] data loss:0.000013, PDE loss:0.000000, physics loss:0.000062
[epoch:344 iter:150] data loss:0.000015, PDE loss:0.000000, physics loss:0.000089
[epoch:344 iter:200] data loss:0.000010, PDE loss:0.000000, physics loss:0.000044
[epoch:344 iter:250] data loss:0.000012, PDE loss:0.000000, physics loss:0.000076
[epoch:344 iter:300] data loss:0.000015, PDE loss:0.000000, physics loss:0.000060
[epoch:344 iter:50] data loss:0.000005, PDE loss:0.000000, physics loss:0.000034
[epoch:345 iter:50] data loss:0.000012, PDE loss:0.000000, physics loss:0.000039
[epoch:345 iter:100] data loss:0.000008, PDE loss:0.000000, physics loss:0.000050
[epoch:345 iter:150] data loss:0.000012, PDE loss:0.000000, physics loss:0.000059
[epoch:345 iter:200] data loss:0.000011, PDE loss:0.000000, physics loss:0.000056
[epoch:345 iter:250] data loss:0.000013, PDE loss:0.000000, physics loss:0.000080
[epoch:345 iter:300] data loss:0.000012, PDE loss:0.000000, physics loss:0.000044
[epoch:345 iter:50] data loss:0.000006, PDE loss:0.000000, physics loss:0.000027
[epoch:346 iter:50] data loss:0.000013, PDE loss:0.000000, physics loss:0.000067
[epoch:346 iter:100] data loss:0.000013, PDE loss:0.000000, physics loss:0.000081
[epoch:346 iter:150] data loss:0.000011, PDE loss:0.000000, physics loss:0.000059
[epoch:346 iter:200] data loss:0.000013, PDE loss:0.000000, physics loss:0.000065
[epoch:346 iter:250] data loss:0.000012, PDE loss:0.000000, physics loss:0.000061
[epoch:346 iter:300] data loss:0.000011, PDE loss:0.000000, physics loss:0.000058
[epoch:346 iter:50] data loss:0.000006, PDE loss:0.000000, physics loss:0.000035
[epoch:347 iter:50] data loss:0.000013, PDE loss:0.000000, physics loss:0.000080
[epoch:347 iter:100] data loss:0.000013, PDE loss:0.000000, physics loss:0.000050
[epoch:347 iter:150] data loss:0.000015, PDE loss:0.000000, physics loss:0.000053
[epoch:347 iter:200] data loss:0.000011, PDE loss:0.000000, physics loss:0.000093
[epoch:347 iter:250] data loss:0.000015, PDE loss:0.000000, physics loss:0.000080
[epoch:347 iter:300] data loss:0.000011, PDE loss:0.000000, physics loss:0.000047
[epoch:347 iter:50] data loss:0.000005, PDE loss:0.000000, physics loss:0.000023
[epoch:348 iter:50] data loss:0.000012, PDE loss:0.000000, physics loss:0.000067
[epoch:348 iter:100] data loss:0.000014, PDE loss:0.000000, physics loss:0.000060
[epoch:348 iter:150] data loss:0.000011, PDE loss:0.000000, physics loss:0.000059
[epoch:348 iter:200] data loss:0.000011, PDE loss:0.000000, physics loss:0.000065
[epoch:348 iter:250] data loss:0.000012, PDE loss:0.000000, physics loss:0.000067
[epoch:348 iter:300] data loss:0.000011, PDE loss:0.000000, physics loss:0.000070
[epoch:348 iter:50] data loss:0.000005, PDE loss:0.000000, physics loss:0.000029
[epoch:349 iter:50] data loss:0.000011, PDE loss:0.000000, physics loss:0.000049
[epoch:349 iter:100] data loss:0.000013, PDE loss:0.000000, physics loss:0.000083
[epoch:349 iter:150] data loss:0.000011, PDE loss:0.000000, physics loss:0.000053
[epoch:349 iter:200] data loss:0.000012, PDE loss:0.000000, physics loss:0.000076
[epoch:349 iter:250] data loss:0.000017, PDE loss:0.000000, physics loss:0.000053
[epoch:349 iter:300] data loss:0.000012, PDE loss:0.000000, physics loss:0.000048
[epoch:349 iter:50] data loss:0.000007, PDE loss:0.000000, physics loss:0.000036
[epoch:350 iter:50] data loss:0.000013, PDE loss:0.000000, physics loss:0.000039
[epoch:350 iter:100] data loss:0.000010, PDE loss:0.000000, physics loss:0.000054
[epoch:350 iter:150] data loss:0.000009, PDE loss:0.000000, physics loss:0.000054
[epoch:350 iter:200] data loss:0.000014, PDE loss:0.000000, physics loss:0.000060
[epoch:350 iter:250] data loss:0.000012, PDE loss:0.000000, physics loss:0.000062
[epoch:350 iter:300] data loss:0.000013, PDE loss:0.000000, physics loss:0.000088
[epoch:350 iter:50] data loss:0.000005, PDE loss:0.000000, physics loss:0.000038
[epoch:351 iter:50] data loss:0.000013, PDE loss:0.000000, physics loss:0.000057
[epoch:351 iter:100] data loss:0.000011, PDE loss:0.000000, physics loss:0.000043
[epoch:351 iter:150] data loss:0.000014, PDE loss:0.000000, physics loss:0.000080
[epoch:351 iter:200] data loss:0.000012, PDE loss:0.000000, physics loss:0.000048
[epoch:351 iter:250] data loss:0.000011, PDE loss:0.000000, physics loss:0.000071
[epoch:351 iter:300] data loss:0.000012, PDE loss:0.000000, physics loss:0.000070
[epoch:351 iter:50] data loss:0.000007, PDE loss:0.000000, physics loss:0.000023
[epoch:352 iter:50] data loss:0.000014, PDE loss:0.000000, physics loss:0.000050
[epoch:352 iter:100] data loss:0.000012, PDE loss:0.000000, physics loss:0.000058
[epoch:352 iter:150] data loss:0.000010, PDE loss:0.000000, physics loss:0.000064
[epoch:352 iter:200] data loss:0.000011, PDE loss:0.000000, physics loss:0.000065
[epoch:352 iter:250] data loss:0.000015, PDE loss:0.000000, physics loss:0.000068
[epoch:352 iter:300] data loss:0.000014, PDE loss:0.000000, physics loss:0.000061
[epoch:352 iter:50] data loss:0.000006, PDE loss:0.000000, physics loss:0.000024
[epoch:353 iter:50] data loss:0.000012, PDE loss:0.000000, physics loss:0.000050
[epoch:353 iter:100] data loss:0.000013, PDE loss:0.000000, physics loss:0.000084
[epoch:353 iter:150] data loss:0.000015, PDE loss:0.000000, physics loss:0.000063
[epoch:353 iter:200] data loss:0.000012, PDE loss:0.000000, physics loss:0.000054
[epoch:353 iter:250] data loss:0.000012, PDE loss:0.000000, physics loss:0.000059
[epoch:353 iter:300] data loss:0.000012, PDE loss:0.000000, physics loss:0.000071
[epoch:353 iter:50] data loss:0.000006, PDE loss:0.000000, physics loss:0.000031
[epoch:354 iter:50] data loss:0.000012, PDE loss:0.000000, physics loss:0.000082
[epoch:354 iter:100] data loss:0.000011, PDE loss:0.000000, physics loss:0.000062
[epoch:354 iter:150] data loss:0.000012, PDE loss:0.000000, physics loss:0.000060
[epoch:354 iter:200] data loss:0.000013, PDE loss:0.000000, physics loss:0.000069
[epoch:354 iter:250] data loss:0.000010, PDE loss:0.000000, physics loss:0.000053
[epoch:354 iter:300] data loss:0.000010, PDE loss:0.000000, physics loss:0.000052
[epoch:354 iter:50] data loss:0.000007, PDE loss:0.000000, physics loss:0.000028
[epoch:355 iter:50] data loss:0.000012, PDE loss:0.000000, physics loss:0.000043
[epoch:355 iter:100] data loss:0.000012, PDE loss:0.000000, physics loss:0.000067
[epoch:355 iter:150] data loss:0.000012, PDE loss:0.000000, physics loss:0.000065
[epoch:355 iter:200] data loss:0.000012, PDE loss:0.000000, physics loss:0.000104
[epoch:355 iter:250] data loss:0.000014, PDE loss:0.000000, physics loss:0.000062
[epoch:355 iter:300] data loss:0.000013, PDE loss:0.000000, physics loss:0.000060
[epoch:355 iter:50] data loss:0.000007, PDE loss:0.000000, physics loss:0.000022

  ERROR on DeepOPINN HUST: list index out of range

============================================================
  Phase 2: Training Bagging_u on XJTU (2C)
============================================================
  Train: 1736 samples
  Valid: 435 samples
  Test:  732 samples
  g_dim: 16
  DOP weights: G:\ISDS\Knee-Aware-DOPLAX\DOPLAX-SOH-main 4\outputs\XJTU\DeepOPINN\best_model.pth
  LAX weights: G:\ISDS\Knee-Aware-DOPLAX\DOPLAX-SOH-main 4\outputs\XJTU\best_weights.pth
  Training ...

  ERROR on Bagging XJTU: too many values to unpack (expected 4)

============================================================
  Phase 2: Training Bagging_u on TJU (NCM_NCA)
============================================================
CY25-05_2-#2.csv
CY25-05_4-#3.csv
  Train: 5167 samples
  Valid: 1292 samples
  Test:  1757 samples
  g_dim: 16
  DOP weights: G:\ISDS\Knee-Aware-DOPLAX\DOPLAX-SOH-main 4\outputs\TJU\DeepOPINN\best_model.pth
  LAX weights: G:\ISDS\Knee-Aware-DOPLAX\DOPLAX-SOH-main 4\outputs\TJU\best_weights.pth
  Training ...

  ERROR on Bagging TJU: too many values to unpack (expected 4)

============================================================
  Phase 2: Training Bagging_u on MIT (one_batch)
============================================================
  Train: 54053 samples
  Valid: 13514 samples
  Test:  14170 samples
  g_dim: 16
  DOP weights: G:\ISDS\Knee-Aware-DOPLAX\DOPLAX-SOH-main 4\outputs\MIT\DeepOPINN\best_model.pth
  LAX weights: G:\ISDS\Knee-Aware-DOPLAX\DOPLAX-SOH-main 4\outputs\MIT\best_weights.pth
  Training ...

  ERROR on Bagging MIT: too many values to unpack (expected 4)

============================================================
  Phase 2: Training Bagging_u on HUST (one_batch)
============================================================
  Train: 86234 samples
  Valid: 21559 samples
  Test:  35302 samples
  g_dim: 16
  DOP weights: G:\ISDS\Knee-Aware-DOPLAX\DOPLAX-SOH-main 4\outputs\HUST\DeepOPINN\best_model.pth
  LAX weights: G:\ISDS\Knee-Aware-DOPLAX\DOPLAX-SOH-main 4\outputs\HUST\best_weights.pth
  Training ...

  ERROR on Bagging HUST: too many values to unpack (expected 4)

============================================================
  All Bagging training complete!
============================================================
