cycle_index,true_kpd,pred_kpd,kpd_error,true_knee_cycle,pred_knee_cycle,split
0,1.5702249,1.4730068,-0.09721804,1750,1742,train
1,1.5702245,1.4667397,-0.10348487,1750,1742,train
2,1.5702243,1.4471369,-0.123087406,1750,1742,train
3,1.5702239,1.4283568,-0.14186716,1750,1742,train
4,1.5702236,1.4165667,-0.15365684,1750,1742,train
5,1.5702232,1.4380697,-0.13215351,1750,1742,train
6,1.570223,1.435361,-0.13486195,1750,1742,train
7,1.5702226,1.4322902,-0.13793242,1750,1742,train
8,1.5702223,1.5465838,-0.023638487,1750,1742,train
9,1.5702219,1.5547538,-0.015468121,1750,1742,train
10,1.5702217,1.5492179,-0.021003723,1750,1742,train
11,1.5702213,1.5344707,-0.035750628,1750,1742,train
12,1.570221,1.5559201,-0.014300823,1750,1742,train
13,1.5702206,1.5731783,0.0029577017,1750,1742,train
14,1.5702202,1.5668347,-0.0033855438,1750,1742,train
15,1.57022,1.5559393,-0.014280677,1750,1742,train
16,1.5702196,1.4615932,-0.108626485,1750,1742,train
17,1.5702193,1.4599943,-0.11022496,1750,1742,train
18,1.5702189,1.4653277,-0.10489118,1750,1742,train
19,1.5702187,1.4487655,-0.121453166,1750,1742,train
20,1.5702183,1.4622087,-0.10800958,1750,1742,train
21,1.570218,1.4631313,-0.10708666,1750,1742,train
22,1.5702176,1.4552759,-0.114941716,1750,1742,train
23,1.5702173,1.4550002,-0.11521709,1750,1742,train
24,1.5702169,1.5532728,-0.01694405,1750,1742,train
25,1.5702167,1.5319355,-0.038281202,1750,1742,train
26,1.5702163,1.5191153,-0.05110097,1750,1742,train
27,1.570216,1.5395436,-0.030672312,1750,1742,train
28,1.5702156,1.5455534,-0.024662137,1750,1742,train
29,1.5702152,1.5460215,-0.024193764,1750,1742,train
30,1.570215,1.5298178,-0.040397167,1750,1742,train
31,1.5702146,1.531687,-0.038527608,1750,1742,train
32,1.5702143,1.5143745,-0.055839777,1750,1742,train
33,1.5702139,1.5082363,-0.061977625,1750,1742,train
34,1.5702136,1.5026205,-0.0675931,1750,1742,train
35,1.5702132,1.5005572,-0.069656014,1750,1742,train
36,1.5702128,1.4877727,-0.08244014,1750,1742,train
37,1.5702126,1.486055,-0.084157586,1750,1742,train
38,1.5702122,1.4904468,-0.07976544,1750,1742,train
39,1.5702119,1.4941349,-0.076076984,1750,1742,train
40,1.5702115,1.4947764,-0.07543516,1750,1742,train
41,1.5702112,1.4852707,-0.08494043,1750,1742,train
42,1.5702108,1.5020198,-0.06819105,1750,1742,train
43,1.5702105,1.5019983,-0.06821215,1750,1742,train
44,1.5702102,1.4911354,-0.07907486,1750,1742,train
45,1.5702099,1.5000203,-0.070189595,1750,1742,train
46,1.5702095,1.4855708,-0.084638715,1750,1742,train
47,1.5702091,1.4841322,-0.086076975,1750,1742,train
48,1.5702088,1.4857612,-0.08444762,1750,1742,train
49,1.5702084,1.4788717,-0.09133673,1750,1742,train
50,1.5702081,1.4969602,-0.07324791,1750,1742,train
51,1.5702077,1.4950638,-0.07514393,1750,1742,train
52,1.5702074,1.4942098,-0.07599759,1750,1742,train
53,1.570207,1.4634084,-0.10679865,1750,1742,train
54,1.5702068,1.4635491,-0.106657624,1750,1742,train
55,1.5702064,1.4629889,-0.10721755,1750,1742,train
56,1.570206,1.4373152,-0.13289082,1750,1742,train
57,1.5702057,1.4292649,-0.14094079,1750,1742,train
58,1.5702053,1.4247274,-0.14547789,1750,1742,train
59,1.570205,1.4252684,-0.14493656,1750,1742,train
60,1.5702046,1.4387004,-0.13150418,1750,1742,train
61,1.5702043,1.4369972,-0.13320708,1750,1742,train
62,1.5702039,1.4142457,-0.15595818,1750,1742,train
63,1.5702035,1.429064,-0.1411395,1750,1742,train
64,1.5702032,1.4571021,-0.113101125,1750,1742,train
65,1.5702028,1.4600323,-0.11017048,1750,1742,train
66,1.5702025,1.4542284,-0.11597407,1750,1742,train
67,1.5702021,1.4575418,-0.11266029,1750,1742,train
68,1.5702018,1.4730816,-0.097120166,1750,1742,train
69,1.5702014,1.4651555,-0.105045915,1750,1742,train
70,1.570201,1.454147,-0.11605406,1750,1742,train
71,1.5702007,1.4521859,-0.11801481,1750,1742,train
72,1.5702003,1.45074,-0.119460344,1750,1742,train
73,1.5702,1.4529785,-0.117221475,1750,1742,train
74,1.5701996,1.4694774,-0.10072219,1750,1742,train
75,1.5701994,1.4737079,-0.096491456,1750,1742,train
76,1.570199,1.4585572,-0.111641765,1750,1742,train
77,1.5701987,1.4461844,-0.12401426,1750,1742,train
78,1.5701983,1.4565642,-0.11363411,1750,1742,train
79,1.5701979,1.4593477,-0.110850215,1750,1742,train
80,1.5701976,1.4353657,-0.1348319,1750,1742,train
81,1.5701972,1.4625641,-0.107633114,1750,1742,train
82,1.5701967,1.4414003,-0.12879646,1750,1742,train
83,1.5701964,1.4410994,-0.12909698,1750,1742,train
84,1.570196,1.4552305,-0.11496556,1750,1742,train
85,1.5701957,1.4483033,-0.12189233,1750,1742,train
86,1.5701953,1.4466777,-0.12351763,1750,1742,train
87,1.570195,1.4376049,-0.13259006,1750,1742,train
88,1.5701946,1.4462924,-0.1239022,1750,1742,train
89,1.5701942,1.439394,-0.13080025,1750,1742,train
90,1.5701939,1.4366426,-0.13355124,1750,1742,train
91,1.5701935,1.4282401,-0.14195347,1750,1742,train
92,1.5701932,1.4256935,-0.14449966,1750,1742,train
93,1.5701928,1.4261703,-0.14402246,1750,1742,train
94,1.5701925,1.4165915,-0.15360093,1750,1742,train
95,1.5701921,1.4210278,-0.14916432,1750,1742,train
96,1.5701917,1.4241405,-0.14605129,1750,1742,train
97,1.5701914,1.4213235,-0.14886785,1750,1742,train
98,1.570191,1.419384,-0.15080702,1750,1742,train
99,1.5701907,1.4342055,-0.13598514,1750,1742,train
100,1.5701903,1.431521,-0.13866925,1750,1742,train
101,1.57019,1.4465173,-0.123672605,1750,1742,train
102,1.5701895,1.4334891,-0.13670039,1750,1742,train
103,1.5701891,1.429684,-0.14050508,1750,1742,train
104,1.5701888,1.4254836,-0.14470518,1750,1742,train
105,1.5701884,1.4220499,-0.14813852,1750,1742,train
106,1.570188,1.4211017,-0.14908636,1750,1742,train
107,1.5701877,1.4292036,-0.14098406,1750,1742,train
108,1.5701873,1.4348602,-0.1353271,1750,1742,train
109,1.570187,1.415416,-0.15477097,1750,1742,train
110,1.5701866,1.4072735,-0.16291308,1750,1742,train
111,1.5701863,1.4429214,-0.12726486,1750,1742,train
112,1.5701858,1.4556241,-0.11456168,1750,1742,train
113,1.5701854,1.4612066,-0.10897887,1750,1742,train
114,1.5701851,1.4523523,-0.11783278,1750,1742,train
115,1.5701847,1.4278098,-0.14237487,1750,1742,train
116,1.5701844,1.4455264,-0.12465799,1750,1742,train
117,1.570184,1.4391105,-0.13107347,1750,1742,train
118,1.5701836,1.4371154,-0.1330682,1750,1742,train
119,1.5701832,1.432555,-0.1376282,1750,1742,train
120,1.5701828,1.4472826,-0.12290025,1750,1742,train
121,1.5701824,1.4597827,-0.11039972,1750,1742,train
122,1.5701821,1.4397662,-0.13041592,1750,1742,train
123,1.5701817,1.4408581,-0.1293236,1750,1742,train
124,1.5701814,1.4406831,-0.12949824,1750,1742,train
125,1.5701809,1.4411463,-0.12903464,1750,1742,train
126,1.5701805,1.4389639,-0.13121665,1750,1742,train
127,1.5701802,1.4503653,-0.11981487,1750,1742,train
128,1.5701798,1.4615711,-0.10860872,1750,1742,train
129,1.5701795,1.4462233,-0.1239562,1750,1742,train
130,1.570179,1.4475582,-0.12262082,1750,1742,train
131,1.5701786,1.4725786,-0.09759998,1750,1742,train
132,1.5701783,1.4443583,-0.12581992,1750,1742,train
133,1.5701779,1.4524453,-0.117732644,1750,1742,train
134,1.5701776,1.4572115,-0.11296606,1750,1742,train
135,1.5701771,1.4623777,-0.10779941,1750,1742,train
136,1.5701767,1.4681159,-0.102060795,1750,1742,train
137,1.5701764,1.4732969,-0.09687948,1750,1742,train
138,1.570176,1.4685295,-0.10164654,1750,1742,train
139,1.5701756,1.4711618,-0.099013805,1750,1742,train
140,1.5701752,1.4477571,-0.122418046,1750,1742,train
141,1.5701748,1.4574525,-0.11272228,1750,1742,train
142,1.5701745,1.4380863,-0.13208818,1750,1742,train
143,1.5701741,1.4439774,-0.12619674,1750,1742,train
144,1.5701736,1.4411685,-0.12900507,1750,1742,train
145,1.5701733,1.4468553,-0.12331796,1750,1742,train
146,1.5701729,1.4531475,-0.117025375,1750,1742,train
147,1.5701725,1.4471054,-0.12306714,1750,1742,train
148,1.5701721,1.4521012,-0.11807084,1750,1742,train
149,1.5701717,1.4529078,-0.11726391,1750,1742,train
150,1.5701714,1.4580777,-0.11209369,1750,1742,train
151,1.5701709,1.4684628,-0.101708055,1750,1742,train
152,1.5701705,1.4442997,-0.12587082,1750,1742,train
153,1.5701702,1.4704275,-0.09974265,1750,1742,train
154,1.5701698,1.4614462,-0.10872364,1750,1742,train
155,1.5701693,1.448812,-0.12135732,1750,1742,train
156,1.570169,1.4683547,-0.10181427,1750,1742,train
157,1.5701686,1.459975,-0.11019361,1750,1742,train
158,1.5701681,1.4581709,-0.11199725,1750,1742,train
159,1.5701678,1.45154,-0.11862779,1750,1742,train
160,1.5701674,1.4510813,-0.11908615,1750,1742,train
161,1.570167,1.4518809,-0.11828601,1750,1742,train
162,1.5701666,1.4537694,-0.11639714,1750,1742,train
163,1.5701662,1.4595734,-0.11059284,1750,1742,train
164,1.5701658,1.4534569,-0.116708875,1750,1742,train
165,1.5701654,1.4484373,-0.12172806,1750,1742,train
166,1.570165,1.44262,-0.127545,1750,1742,train
167,1.5701646,1.4417142,-0.1284504,1750,1742,train
168,1.5701642,1.4556303,-0.1145339,1750,1742,train
169,1.5701638,1.4692438,-0.10092008,1750,1742,train
170,1.5701634,1.4609308,-0.109232545,1750,1742,train
171,1.570163,1.4568703,-0.113292694,1750,1742,train
172,1.5701627,1.4570438,-0.11311889,1750,1742,train
173,1.5701622,1.4585894,-0.11157274,1750,1742,train
174,1.5701618,1.4636884,-0.106473446,1750,1742,train
175,1.5701615,1.4555207,-0.11464071,1750,1742,train
176,1.570161,1.4590771,-0.111083865,1750,1742,train
177,1.5701606,1.4740427,-0.09611797,1750,1742,train
178,1.5701602,1.4676924,-0.102467775,1750,1742,train
179,1.5701598,1.4715743,-0.09858549,1750,1742,train
180,1.5701594,1.4815559,-0.0886035,1750,1742,train
181,1.570159,1.4677124,-0.102446556,1750,1742,train
182,1.5701586,1.4641352,-0.10602343,1750,1742,train
183,1.5701581,1.4601028,-0.11005533,1750,1742,train
184,1.5701578,1.4582115,-0.111946225,1750,1742,train
185,1.5701574,1.4645877,-0.10556972,1750,1742,train
186,1.5701569,1.4785477,-0.09160924,1750,1742,train
187,1.5701566,1.4850451,-0.0851115,1750,1742,train
188,1.5701561,1.4718628,-0.098293304,1750,1742,train
189,1.5701557,1.4839072,-0.08624852,1750,1742,train
190,1.5701553,1.4846554,-0.08549988,1750,1742,train
191,1.5701549,1.4857385,-0.08441639,1750,1742,train
192,1.5701544,1.4611167,-0.10903776,1750,1742,train
193,1.5701541,1.4557871,-0.11436701,1750,1742,train
194,1.5701536,1.4708066,-0.099346995,1750,1742,train
195,1.5701532,1.4670074,-0.10314584,1750,1742,train
196,1.5701529,1.4644407,-0.105712175,1750,1742,train
197,1.5701524,1.4730166,-0.09713578,1750,1742,train
198,1.570152,1.4617584,-0.10839367,1750,1742,train
199,1.5701516,1.460278,-0.10987353,1750,1742,train
200,1.5701512,1.4903662,-0.07978499,1750,1742,train
201,1.5701507,1.491674,-0.07847679,1750,1742,train
202,1.5701504,1.4847205,-0.08542991,1750,1742,train
203,1.5701499,1.4758615,-0.09428835,1750,1742,train
204,1.5701495,1.4984453,-0.07170427,1750,1742,train
205,1.5701491,1.4706876,-0.099461436,1750,1742,train
206,1.5701487,1.4860206,-0.08412814,1750,1742,train
207,1.5701482,1.4983647,-0.07178354,1750,1742,train
208,1.5701479,1.4830743,-0.087073565,1750,1742,train
209,1.5701474,1.4833876,-0.086759806,1750,1742,train
210,1.5701469,1.4746189,-0.09552801,1750,1742,train
211,1.5701466,1.4739015,-0.09624505,1750,1742,train
212,1.5701461,1.4732234,-0.096922636,1750,1742,train
213,1.5701457,1.4722528,-0.09789288,1750,1742,train
214,1.5701452,1.4754442,-0.09470105,1750,1742,train
215,1.5701449,1.4728118,-0.09733307,1750,1742,train
216,1.5701444,1.4857775,-0.08436692,1750,1742,train
217,1.570144,1.4998832,-0.07026088,1750,1742,train
218,1.5701436,1.497426,-0.07271755,1750,1742,train
219,1.5701431,1.502807,-0.06733608,1750,1742,train
220,1.5701427,1.4854779,-0.08466482,1750,1742,train
221,1.5701423,1.4777044,-0.09243786,1750,1742,train
222,1.5701419,1.4892561,-0.08088577,1750,1742,train
223,1.5701414,1.4943835,-0.07575798,1750,1742,train
224,1.5701411,1.4836788,-0.08646226,1750,1742,train
225,1.5701406,1.4924403,-0.07770026,1750,1742,train
226,1.5701401,1.4860985,-0.084041595,1750,1742,train
227,1.5701398,1.4881268,-0.08201301,1750,1742,train
228,1.5701393,1.478638,-0.091501236,1750,1742,train
229,1.5701388,1.4871507,-0.08298814,1750,1742,train
230,1.5701385,1.489506,-0.08063245,1750,1742,train
231,1.570138,1.489269,-0.08086896,1750,1742,train
232,1.5701376,1.527295,-0.042842627,1750,1742,train
233,1.5701371,1.5058788,-0.06425834,1750,1742,train
234,1.5701367,1.5109572,-0.059179425,1750,1742,train
235,1.5701363,1.5211383,-0.048998,1750,1742,train
236,1.5701358,1.5184844,-0.051651478,1750,1742,train
237,1.5701354,1.5246693,-0.045466065,1750,1742,train
238,1.570135,1.5205736,-0.04956138,1750,1742,train
239,1.5701345,1.5145684,-0.055566072,1750,1742,train
240,1.570134,1.5116361,-0.058497906,1750,1742,train
241,1.5701337,1.5114694,-0.058664322,1750,1742,train
242,1.5701332,1.4935179,-0.07661533,1750,1742,train
243,1.5701327,1.4949087,-0.07522404,1750,1742,train
244,1.5701324,1.4800892,-0.09004319,1750,1742,train
245,1.5701319,1.4831377,-0.08699417,1750,1742,train
246,1.5701314,1.4975531,-0.07257831,1750,1742,train
247,1.570131,1.4835668,-0.08656418,1750,1742,train
248,1.5701306,1.5009245,-0.06920612,1750,1742,train
249,1.5701301,1.4794466,-0.09068346,1750,1742,train
250,1.5701296,1.484321,-0.085808635,1750,1742,train
251,1.5701292,1.4883649,-0.08176422,1750,1742,train
252,1.5701288,1.4937438,-0.07638502,1750,1742,train
253,1.5701283,1.5015553,-0.068573,1750,1742,train
254,1.5701278,1.4942677,-0.07586014,1750,1742,train
255,1.5701275,1.4936299,-0.076497555,1750,1742,train
256,1.570127,1.5207314,-0.04939556,1750,1742,train
257,1.5701265,1.5228677,-0.047258854,1750,1742,train
258,1.570126,1.5094604,-0.060665607,1750,1742,train
259,1.5701256,1.5012264,-0.068899155,1750,1742,train
260,1.5701252,1.4981167,-0.07200849,1750,1742,train
261,1.5701247,1.5016202,-0.06850457,1750,1742,train
262,1.5701243,1.5029368,-0.06718743,1750,1742,train
263,1.5701238,1.5097091,-0.060414672,1750,1742,train
264,1.5701234,1.5151893,-0.054934144,1750,1742,train
265,1.570123,1.5192945,-0.050828457,1750,1742,train
266,1.5701225,1.5342531,-0.03586936,1750,1742,train
267,1.570122,1.500949,-0.06917298,1750,1742,train
268,1.5701215,1.5020163,-0.06810522,1750,1742,train
269,1.570121,1.5149496,-0.05517149,1750,1742,train
270,1.5701207,1.5210602,-0.049060464,1750,1742,train
271,1.5701202,1.5050068,-0.065113425,1750,1742,train
272,1.5701197,1.502958,-0.06716168,1750,1742,train
273,1.5701193,1.5064865,-0.06363273,1750,1742,train
274,1.5701188,1.4838779,-0.08624089,1750,1742,train
275,1.5701183,1.4818354,-0.08828294,1750,1742,train
276,1.570118,1.4808999,-0.08921802,1750,1742,train
277,1.5701175,1.4897537,-0.08036375,1750,1742,train
278,1.570117,1.4945507,-0.07556629,1750,1742,train
279,1.5701165,1.4744766,-0.095639944,1750,1742,train
280,1.570116,1.460825,-0.10929108,1750,1742,train
281,1.5701156,1.4707726,-0.09934294,1750,1742,train
282,1.5701151,1.4597343,-0.11038077,1750,1742,train
283,1.5701146,1.4566113,-0.11350334,1750,1742,train
284,1.5701143,1.4841112,-0.086003065,1750,1742,train
285,1.5701138,1.4810107,-0.0891031,1750,1742,train
286,1.5701133,1.4824758,-0.08763754,1750,1742,train
287,1.5701128,1.4972115,-0.07290137,1750,1742,train
288,1.5701123,1.4925176,-0.07759476,1750,1742,train
289,1.5701119,1.4721555,-0.09795642,1750,1742,train
290,1.5701114,1.4710894,-0.09902203,1750,1742,train
291,1.5701109,1.4757483,-0.09436262,1750,1742,train
292,1.5701104,1.48548,-0.08463049,1750,1742,train
293,1.57011,1.4856316,-0.08447838,1750,1742,train
294,1.5701095,1.4692714,-0.100838065,1750,1742,train
295,1.570109,1.4622674,-0.10784161,1750,1742,train
296,1.5701085,1.4829438,-0.08716476,1750,1742,train
297,1.570108,1.4669003,-0.10320771,1750,1742,train
298,1.5701076,1.4597653,-0.110342264,1750,1742,train
299,1.5701071,1.4691325,-0.10097456,1750,1742,train
300,1.5701066,1.4873041,-0.082802534,1750,1742,train
301,1.5701061,1.4704838,-0.09962237,1750,1742,train
302,1.5701057,1.4814708,-0.08863485,1750,1742,train
303,1.5701052,1.4697945,-0.10031068,1750,1742,train
304,1.5701047,1.4782978,-0.09180689,1750,1742,train
305,1.5701042,1.4844227,-0.08568156,1750,1742,train
306,1.5701038,1.4800627,-0.09004104,1750,1742,train
307,1.5701033,1.4907138,-0.07938945,1750,1742,train
308,1.5701028,1.4927657,-0.077337146,1750,1742,train
309,1.5701023,1.4771476,-0.092954755,1750,1742,train
310,1.5701019,1.4927602,-0.077341676,1750,1742,train
311,1.5701014,1.4789765,-0.09112489,1750,1742,train
312,1.5701009,1.4895427,-0.08055818,1750,1742,train
313,1.5701004,1.4845991,-0.08550131,1750,1742,train
314,1.5701,1.4875648,-0.08253515,1750,1742,train
315,1.5700995,1.4977442,-0.07235527,1750,1742,train
316,1.570099,1.4905783,-0.0795207,1750,1742,train
317,1.5700985,1.4825974,-0.08750117,1750,1742,train
318,1.570098,1.4823419,-0.08775616,1750,1742,train
319,1.5700976,1.4753699,-0.094727635,1750,1742,train
320,1.570097,1.5056689,-0.06442809,1750,1742,train
321,1.5700965,1.515208,-0.054888487,1750,1742,train
322,1.570096,1.5149459,-0.05515015,1750,1742,train
323,1.5700955,1.492901,-0.07719457,1750,1742,train
324,1.5700951,1.4918894,-0.078205705,1750,1742,train
325,1.5700946,1.502163,-0.06793153,1750,1742,train
326,1.5700941,1.5066681,-0.06342602,1750,1742,train
327,1.5700936,1.4855804,-0.08451319,1750,1742,train
328,1.570093,1.5338318,-0.0362612,1750,1742,train
329,1.5700926,1.5047026,-0.06538999,1750,1742,train
330,1.5700921,1.5096271,-0.06046498,1750,1742,train
331,1.5700916,1.4956793,-0.074412346,1750,1742,train
332,1.5700911,1.5016856,-0.06840551,1750,1742,train
333,1.5700907,1.5127256,-0.05736506,1750,1742,train
334,1.57009,1.5099022,-0.060187817,1750,1742,train
335,1.5700896,1.5166415,-0.05344808,1750,1742,train
336,1.5700891,1.4964002,-0.073688865,1750,1742,train
337,1.5700886,1.5011235,-0.06896508,1750,1742,train
338,1.5700881,1.5070055,-0.063082695,1750,1742,train
339,1.5700876,1.5065242,-0.06356335,1750,1742,train
340,1.5700871,1.5049407,-0.06514633,1750,1742,train
341,1.5700866,1.516154,-0.053932548,1750,1742,train
342,1.5700861,1.4950771,-0.07500899,1750,1742,train
343,1.5700856,1.4955684,-0.07451725,1750,1742,train
344,1.570085,1.5024014,-0.0676837,1750,1742,train
345,1.5700846,1.5160394,-0.0540452,1750,1742,train
346,1.5700841,1.5172842,-0.05279994,1750,1742,train
347,1.5700836,1.4968841,-0.07319951,1750,1742,train
348,1.570083,1.5296202,-0.04046285,1750,1742,train
349,1.5700825,1.5293182,-0.04076433,1750,1742,train
350,1.5700821,1.515555,-0.054527044,1750,1742,train
351,1.5700815,1.5148046,-0.05527687,1750,1742,train
352,1.570081,1.5257576,-0.044323444,1750,1742,train
353,1.5700805,1.502388,-0.06769252,1750,1742,train
354,1.57008,1.5183347,-0.051745296,1750,1742,train
355,1.5700794,1.5189141,-0.051165342,1750,1742,train
356,1.570079,1.5042362,-0.06584275,1750,1742,train
357,1.5700785,1.5111178,-0.058960676,1750,1742,train
358,1.5700779,1.5089334,-0.06114447,1750,1742,train
359,1.5700774,1.523244,-0.046833396,1750,1742,train
360,1.570077,1.5326649,-0.037412047,1750,1742,train
361,1.5700763,1.5122313,-0.057844996,1750,1742,train
362,1.5700759,1.5034592,-0.066616654,1750,1742,train
363,1.5700754,1.50573,-0.06434536,1750,1742,train
364,1.5700748,1.5208341,-0.04924071,1750,1742,train
365,1.5700743,1.5026333,-0.06744099,1750,1742,train
366,1.5700738,1.4958242,-0.074249625,1750,1742,train
367,1.5700732,1.4957131,-0.07436013,1750,1742,train
368,1.5700728,1.4686352,-0.10143757,1750,1742,train
369,1.5700722,1.488716,-0.08135617,1750,1742,train
370,1.5700717,1.4847535,-0.08531821,1750,1742,train
371,1.5700712,1.4816852,-0.08838606,1750,1742,train
372,1.5700706,1.4743507,-0.09571993,1750,1742,train
373,1.5700701,1.4917595,-0.07831061,1750,1742,train
374,1.5700696,1.485986,-0.08408356,1750,1742,train
375,1.5700691,1.4854441,-0.084625006,1750,1742,train
376,1.5700685,1.4699975,-0.10007095,1750,1742,train
377,1.570068,1.4974022,-0.07266581,1750,1742,train
378,1.5700674,1.4848697,-0.08519769,1750,1742,train
379,1.5700669,1.4804106,-0.08965635,1750,1742,train
380,1.5700665,1.4874915,-0.08257496,1750,1742,train
381,1.5700659,1.488204,-0.08186185,1750,1742,train
382,1.5700654,1.4819185,-0.088146925,1750,1742,train
383,1.5700648,1.4804981,-0.08956671,1750,1742,train
384,1.5700643,1.5027598,-0.06730449,1750,1742,train
385,1.5700637,1.4940453,-0.07601845,1750,1742,train
386,1.5700632,1.4988766,-0.07118666,1750,1742,train
387,1.5700626,1.5098193,-0.06024337,1750,1742,train
388,1.5700622,1.5100838,-0.059978366,1750,1742,train
389,1.5700616,1.4978168,-0.07224476,1750,1742,train
390,1.5700611,1.4851499,-0.08491123,1750,1742,train
391,1.5700605,1.4910731,-0.07898736,1750,1742,train
392,1.5700599,1.4938793,-0.07618058,1750,1742,train
393,1.5700594,1.497229,-0.07283044,1750,1742,train
394,1.5700588,1.4972419,-0.07281697,1750,1742,train
395,1.5700583,1.5028939,-0.06716442,1750,1742,train
396,1.5700577,1.5067989,-0.06325889,1750,1742,train
397,1.5700573,1.4964195,-0.073637724,1750,1742,train
398,1.5700567,1.5076288,-0.06242788,1750,1742,train
399,1.5700561,1.4985933,-0.07146275,1750,1742,train
400,1.5700556,1.4850444,-0.085011244,1750,1742,train
401,1.570055,1.4895828,-0.08047223,1750,1742,train
402,1.5700545,1.5167232,-0.053331375,1750,1742,train
403,1.5700539,1.505809,-0.064244986,1750,1742,train
404,1.5700533,1.5043436,-0.06570971,1750,1742,train
405,1.5700529,1.4936633,-0.07638955,1750,1742,train
406,1.5700523,1.49344,-0.076612234,1750,1742,train
407,1.5700517,1.4846547,-0.085397005,1750,1742,train
408,1.5700512,1.4987719,-0.07127929,1750,1742,train
409,1.5700506,1.4889987,-0.081051946,1750,1742,train
410,1.57005,1.4954692,-0.07458079,1750,1742,train
411,1.5700495,1.4858959,-0.08415365,1750,1742,train
412,1.5700489,1.4859557,-0.08409321,1750,1742,train
413,1.5700483,1.4911987,-0.07884967,1750,1742,train
414,1.5700479,1.5191791,-0.05086875,1750,1742,train
415,1.5700473,1.4905944,-0.07945287,1750,1742,train
416,1.5700467,1.510604,-0.05944264,1750,1742,train
417,1.5700462,1.5065308,-0.063515425,1750,1742,train
418,1.5700456,1.5177134,-0.052332163,1750,1742,train
419,1.570045,1.5206276,-0.049417377,1750,1742,train
420,1.5700444,1.5193169,-0.050727487,1750,1742,train
421,1.5700439,1.518699,-0.05134487,1750,1742,train
422,1.5700433,1.511006,-0.059037328,1750,1742,train
423,1.5700427,1.5028342,-0.06720853,1750,1742,train
424,1.5700421,1.5208102,-0.049231887,1750,1742,train
425,1.5700417,1.5071561,-0.06288552,1750,1742,train
426,1.5700411,1.5033206,-0.066720486,1750,1742,train
427,1.5700405,1.5157728,-0.054267645,1750,1742,train
428,1.5700399,1.5169443,-0.05309558,1750,1742,train
429,1.5700393,1.5177305,-0.052308798,1750,1742,train
430,1.5700388,1.5041003,-0.06593847,1750,1742,train
431,1.5700382,1.5057715,-0.06426668,1750,1742,train
432,1.5700376,1.5046873,-0.065350294,1750,1742,train
433,1.570037,1.509323,-0.060714006,1750,1742,train
434,1.5700364,1.527174,-0.042862415,1750,1742,train
435,1.5700358,1.5318617,-0.038174152,1750,1742,train
436,1.5700353,1.5199742,-0.050061107,1750,1742,train
437,1.5700347,1.5229259,-0.04710889,1750,1742,train
438,1.5700341,1.5224199,-0.047614217,1750,1742,train
439,1.5700336,1.5205793,-0.049454212,1750,1742,train
440,1.570033,1.5128837,-0.05714929,1750,1742,train
441,1.5700324,1.5209988,-0.049033523,1750,1742,train
442,1.5700318,1.4920638,-0.077968,1750,1742,train
443,1.5700312,1.513702,-0.05632913,1750,1742,train
444,1.5700307,1.5077885,-0.06224215,1750,1742,train
445,1.5700301,1.508396,-0.061634064,1750,1742,train
446,1.5700295,1.5148927,-0.0551368,1750,1742,train
447,1.5700289,1.5045565,-0.065472364,1750,1742,train
448,1.5700283,1.5005472,-0.069481134,1750,1742,train
449,1.5700277,1.4869782,-0.083049536,1750,1742,train
450,1.5700271,1.5084417,-0.061585426,1750,1742,train
451,1.5700265,1.4839861,-0.08604038,1750,1742,train
452,1.5700259,1.4965078,-0.07351816,1750,1742,train
453,1.5700253,1.4960316,-0.07399368,1750,1742,train
454,1.5700247,1.5053991,-0.06462562,1750,1742,train
455,1.5700241,1.5128801,-0.057144046,1750,1742,train
456,1.5700235,1.5003023,-0.06972122,1750,1742,train
457,1.570023,1.4994705,-0.07055247,1750,1742,train
458,1.5700223,1.5089878,-0.06103456,1750,1742,train
459,1.5700217,1.507414,-0.062607765,1750,1742,train
460,1.5700212,1.5073658,-0.06265533,1750,1742,train
461,1.5700206,1.4903655,-0.07965505,1750,1742,train
462,1.57002,1.5030777,-0.066942215,1750,1742,train
463,1.5700194,1.5000495,-0.06996989,1750,1742,train
464,1.5700188,1.5065807,-0.06343806,1750,1742,train
465,1.5700182,1.5221431,-0.047875047,1750,1742,train
466,1.5700175,1.5010704,-0.06894708,1750,1742,train
467,1.5700169,1.5078708,-0.062146068,1750,1742,train
468,1.5700163,1.4994075,-0.070608735,1750,1742,train
469,1.5700157,1.5003158,-0.06969988,1750,1742,train
470,1.5700151,1.4974414,-0.07257366,1750,1742,train
471,1.5700145,1.5064428,-0.06357169,1750,1742,train
472,1.5700139,1.4976722,-0.07234168,1750,1742,train
473,1.5700133,1.4972482,-0.07276511,1750,1742,train
474,1.5700126,1.4882135,-0.08179903,1750,1742,train
475,1.570012,1.4894965,-0.080515504,1750,1742,train
476,1.5700114,1.4912633,-0.07874811,1750,1742,train
477,1.5700108,1.4980624,-0.07194841,1750,1742,train
478,1.5700102,1.4913967,-0.07861352,1750,1742,train
479,1.5700096,1.4859643,-0.08404529,1750,1742,train
480,1.5700089,1.4666582,-0.10335064,1750,1742,train
481,1.5700083,1.4819183,-0.08808994,1750,1742,train
482,1.5700077,1.4752275,-0.09478021,1750,1742,train
483,1.5700071,1.4726343,-0.09737277,1750,1742,train
484,1.5700065,1.4762435,-0.093762994,1750,1742,train
485,1.5700058,1.4874717,-0.082534075,1750,1742,train
486,1.5700052,1.4806479,-0.08935726,1750,1742,train
487,1.5700046,1.5080302,-0.061974406,1750,1742,train
488,1.570004,1.4979024,-0.07210159,1750,1742,train
489,1.5700033,1.5012891,-0.06871414,1750,1742,train
490,1.5700027,1.4820731,-0.08792961,1750,1742,train
491,1.5700021,1.4888315,-0.08117056,1750,1742,train
492,1.5700014,1.4955051,-0.07449627,1750,1742,train
493,1.5700008,1.4914734,-0.07852733,1750,1742,train
494,1.5700002,1.4969274,-0.07307279,1750,1742,train
495,1.5699995,1.5039607,-0.06603873,1750,1742,train
496,1.5699989,1.4839984,-0.08600044,1750,1742,train
497,1.5699983,1.471374,-0.09862423,1750,1742,train
498,1.5699975,1.4822224,-0.08777511,1750,1742,train
499,1.569997,1.4847202,-0.08527672,1750,1742,train
500,1.5699964,1.4847791,-0.08521724,1750,1742,train
501,1.5699956,1.4774711,-0.09252453,1750,1742,train
502,1.569995,1.4721838,-0.09781122,1750,1742,train
503,1.5699944,1.4925982,-0.07739627,1750,1742,train
504,1.5699937,1.480059,-0.08993471,1750,1742,train
505,1.5699931,1.4685608,-0.10143232,1750,1742,train
506,1.5699924,1.469136,-0.10085642,1750,1742,train
507,1.5699918,1.4806237,-0.089368105,1750,1742,train
508,1.5699912,1.4827679,-0.08722329,1750,1742,train
509,1.5699905,1.4940103,-0.07598019,1750,1742,train
510,1.5699899,1.4657559,-0.10423398,1750,1742,train
511,1.5699892,1.4754373,-0.09455192,1750,1742,train
512,1.5699886,1.4765556,-0.09343302,1750,1742,train
513,1.5699879,1.4827749,-0.08721304,1750,1742,train
514,1.5699873,1.4837193,-0.08626795,1750,1742,train
515,1.5699866,1.4871469,-0.08283973,1750,1742,train
516,1.569986,1.4912847,-0.07870126,1750,1742,train
517,1.5699853,1.4808763,-0.089108944,1750,1742,train
518,1.5699847,1.4886118,-0.08137286,1750,1742,train
519,1.569984,1.4924955,-0.07748842,1750,1742,train
520,1.5699834,1.4890636,-0.08091974,1750,1742,train
521,1.5699826,1.4857856,-0.084197044,1750,1742,train
522,1.569982,1.4773735,-0.09260857,1750,1742,train
523,1.5699813,1.4845657,-0.0854156,1750,1742,train
524,1.5699806,1.4845144,-0.085466266,1750,1742,train
525,1.56998,1.482991,-0.086989045,1750,1742,train
526,1.5699793,1.4864469,-0.08353245,1750,1742,train
527,1.5699787,1.4934037,-0.07657504,1750,1742,train
528,1.569978,1.4884325,-0.08154547,1750,1742,train
529,1.5699773,1.493553,-0.07642424,1750,1742,train
530,1.5699767,1.4856619,-0.08431482,1750,1742,train
531,1.569976,1.4774835,-0.09249246,1750,1742,train
532,1.5699753,1.4796289,-0.09034634,1750,1742,train
533,1.5699747,1.485802,-0.08417261,1750,1742,train
534,1.569974,1.4759173,-0.09405661,1750,1742,train
535,1.5699732,1.4804918,-0.08948147,1750,1742,train
536,1.5699726,1.4801704,-0.089802265,1750,1742,train
537,1.5699719,1.4937727,-0.076199174,1750,1742,train
538,1.5699712,1.4872732,-0.08269799,1750,1742,train
539,1.5699706,1.4857364,-0.08423424,1750,1742,train
540,1.5699699,1.4813222,-0.08864772,1750,1742,train
541,1.5699692,1.4752901,-0.09467912,1750,1742,train
542,1.5699685,1.4784663,-0.09150219,1750,1742,train
543,1.5699679,1.4789127,-0.091055155,1750,1742,train
544,1.5699672,1.4984462,-0.071520925,1750,1742,train
545,1.5699664,1.4862816,-0.0836848,1750,1742,train
546,1.5699657,1.4917344,-0.078231335,1750,1742,train
547,1.5699651,1.4935831,-0.07638204,1750,1742,train
548,1.5699644,1.4821507,-0.087813735,1750,1742,train
549,1.5699637,1.4767399,-0.09322381,1750,1742,train
550,1.569963,1.4817171,-0.08824587,1750,1742,train
551,1.5699623,1.4833459,-0.0866164,1750,1742,train
552,1.5699615,1.4745908,-0.09537077,1750,1742,train
553,1.569961,1.4715456,-0.098415375,1750,1742,train
554,1.5699602,1.4805301,-0.089430094,1750,1742,train
555,1.5699595,1.4745041,-0.09545541,1750,1742,train
556,1.5699588,1.4665551,-0.10340369,1750,1742,train
557,1.5699581,1.4697763,-0.10018182,1750,1742,train
558,1.5699574,1.4792826,-0.09067476,1750,1742,train
559,1.5699567,1.4710948,-0.09886181,1750,1742,train
560,1.569956,1.4763227,-0.093633294,1750,1742,train
561,1.5699552,1.4730567,-0.096898556,1750,1742,train
562,1.5699546,1.4673193,-0.10263538,1750,1742,train
563,1.5699539,1.4792986,-0.09065533,1750,1742,train
564,1.5699532,1.4768586,-0.09309459,1750,1742,train
565,1.5699525,1.4923172,-0.07763529,1750,1742,train
566,1.5699518,1.481947,-0.08800483,1750,1742,train
567,1.569951,1.4865052,-0.08344591,1750,1742,train
568,1.5699503,1.4708753,-0.09907508,1750,1742,train
569,1.5699496,1.4740576,-0.09589207,1750,1742,train
570,1.5699489,1.4752463,-0.0947026,1750,1742,train
571,1.5699482,1.4943873,-0.07556093,1750,1742,train
572,1.5699475,1.4873295,-0.082618,1750,1742,train
573,1.5699468,1.4715099,-0.09843683,1750,1742,train
574,1.5699459,1.4652933,-0.10465264,1750,1742,train
575,1.5699452,1.4712225,-0.0987227,1750,1742,train
576,1.5699445,1.4799938,-0.08995068,1750,1742,train
577,1.5699438,1.4789479,-0.09099591,1750,1742,train
578,1.5699431,1.4840899,-0.08585322,1750,1742,train
579,1.5699424,1.4900475,-0.0798949,1750,1742,train
580,1.5699416,1.4778347,-0.09210694,1750,1742,train
581,1.5699409,1.480486,-0.08945489,1750,1742,train
582,1.5699402,1.4702427,-0.09969747,1750,1742,train
583,1.5699394,1.4580798,-0.11185956,1750,1742,train
584,1.5699387,1.4808382,-0.08910048,1750,1742,train
585,1.569938,1.4672784,-0.10265958,1750,1742,train
586,1.5699372,1.4748448,-0.095092416,1750,1742,train
587,1.5699365,1.4561796,-0.113756895,1750,1742,train
588,1.5699358,1.4694278,-0.100507975,1750,1742,train
589,1.569935,1.4682906,-0.1016444,1750,1742,train
590,1.5699342,1.4684136,-0.10152066,1750,1742,train
591,1.5699335,1.4729056,-0.0970279,1750,1742,train
592,1.5699328,1.4629775,-0.10695529,1750,1742,train
593,1.569932,1.4642081,-0.10572386,1750,1742,train
594,1.5699313,1.4764848,-0.09344649,1750,1742,train
595,1.5699306,1.465589,-0.10434151,1750,1742,train
596,1.5699297,1.4723254,-0.097604275,1750,1742,train
597,1.569929,1.4631366,-0.10679245,1750,1742,train
598,1.5699283,1.4775277,-0.09240055,1750,1742,train
599,1.5699276,1.4675652,-0.102362394,1750,1742,train
600,1.5699267,1.4788249,-0.091101885,1750,1742,train
601,1.569926,1.4706395,-0.099286556,1750,1742,train
602,1.5699252,1.4937166,-0.07620859,1750,1742,train
603,1.5699245,1.4830929,-0.08683157,1750,1742,train
604,1.5699238,1.4825059,-0.08741784,1750,1742,train
605,1.5699229,1.4604845,-0.10943842,1750,1742,train
606,1.5699222,1.4740264,-0.09589577,1750,1742,train
607,1.5699215,1.4615695,-0.108351946,1750,1742,train
608,1.5699207,1.4659181,-0.104002595,1750,1742,train
609,1.56992,1.4851294,-0.08479059,1750,1742,train
610,1.5699191,1.4767351,-0.093183994,1750,1742,train
611,1.5699184,1.469166,-0.10075235,1750,1742,train
612,1.5699176,1.4626904,-0.107227206,1750,1742,train
613,1.5699168,1.4761903,-0.093726516,1750,1742,train
614,1.569916,1.4668466,-0.103069425,1750,1742,train
615,1.5699153,1.4661145,-0.10380077,1750,1742,train
616,1.5699145,1.4643201,-0.1055944,1750,1742,train
617,1.5699137,1.4501497,-0.11976409,1750,1742,train
618,1.5699129,1.4584233,-0.11148965,1750,1742,train
619,1.5699122,1.4773369,-0.09257531,1750,1742,train
620,1.5699114,1.4836416,-0.08626974,1750,1742,train
621,1.5699106,1.4498837,-0.120026946,1750,1742,train
622,1.5699098,1.4743899,-0.0955199,1750,1742,train
623,1.569909,1.4552906,-0.11461842,1750,1742,train
624,1.5699083,1.4586512,-0.111257076,1750,1742,train
625,1.5699074,1.4668174,-0.10309005,1750,1742,train
626,1.5699066,1.4717503,-0.09815633,1750,1742,train
627,1.5699059,1.4725351,-0.097370744,1750,1742,train
628,1.569905,1.4674078,-0.10249722,1750,1742,train
629,1.5699042,1.4696459,-0.10025835,1750,1742,train
630,1.5699035,1.4795494,-0.090354085,1750,1742,train
631,1.5699027,1.4695323,-0.10037041,1750,1742,train
632,1.5699018,1.4483823,-0.121519566,1750,1742,train
633,1.5699011,1.4554567,-0.114444375,1750,1742,train
634,1.5699003,1.455557,-0.114343286,1750,1742,train
635,1.5698994,1.4468752,-0.123024225,1750,1742,train
636,1.5698986,1.4607668,-0.10913181,1750,1742,train
637,1.5698979,1.4572732,-0.112624645,1750,1742,train
638,1.569897,1.4624029,-0.107494116,1750,1742,train
639,1.5698962,1.449311,-0.1205852,1750,1742,train
640,1.5698954,1.4673702,-0.102525234,1750,1742,train
641,1.5698947,1.4572059,-0.11268878,1750,1742,train
642,1.5698938,1.4646895,-0.105204344,1750,1742,train
643,1.569893,1.4652427,-0.10465026,1750,1742,train
644,1.5698922,1.4595628,-0.11032939,1750,1742,train
645,1.5698913,1.4577229,-0.11216843,1750,1742,train
646,1.5698905,1.4514573,-0.11843324,1750,1742,train
647,1.5698897,1.4562907,-0.11359894,1750,1742,train
648,1.5698888,1.4648056,-0.10508323,1750,1742,train
649,1.5698881,1.4531355,-0.116752625,1750,1742,train
650,1.5698873,1.4682331,-0.10165417,1750,1742,train
651,1.5698864,1.4666759,-0.10321057,1750,1742,train
652,1.5698856,1.4810638,-0.08882177,1750,1742,train
653,1.5698848,1.468256,-0.10162878,1750,1742,train
654,1.569884,1.4722433,-0.09764063,1750,1742,train
655,1.5698831,1.4893363,-0.080546856,1750,1742,train
656,1.5698823,1.4577099,-0.112172365,1750,1742,train
657,1.5698814,1.4701622,-0.099719286,1750,1742,train
658,1.5698806,1.4774998,-0.09238076,1750,1742,train
659,1.5698798,1.4784664,-0.09141338,1750,1742,train
660,1.5698789,1.4720234,-0.09785557,1750,1742,train
661,1.5698781,1.4666033,-0.10327482,1750,1742,train
662,1.5698773,1.4734169,-0.09646034,1750,1742,train
663,1.5698763,1.472507,-0.09736931,1750,1742,train
664,1.5698755,1.4625944,-0.10728109,1750,1742,train
665,1.5698746,1.476239,-0.09363568,1750,1742,train
666,1.5698738,1.4759947,-0.0938791,1750,1742,train
667,1.569873,1.487835,-0.082037926,1750,1742,train
668,1.5698721,1.4811966,-0.0886755,1750,1742,train
669,1.5698713,1.4707831,-0.09908819,1750,1742,train
670,1.5698704,1.4671224,-0.10274792,1750,1742,train
671,1.5698695,1.4782711,-0.09159839,1750,1742,train
672,1.5698687,1.4669504,-0.10291827,1750,1742,train
673,1.5698678,1.4726944,-0.09717345,1750,1742,train
674,1.569867,1.4753879,-0.094479084,1750,1742,train
675,1.5698661,1.471727,-0.09813905,1750,1742,train
676,1.5698652,1.4710227,-0.0988425,1750,1742,train
677,1.5698644,1.466578,-0.103286386,1750,1742,train
678,1.5698634,1.4728478,-0.09701562,1750,1742,train
679,1.5698626,1.503247,-0.06661558,1750,1742,train
680,1.5698618,1.4937325,-0.07612932,1750,1742,train
681,1.5698608,1.469195,-0.10066581,1750,1742,train
682,1.56986,1.4934452,-0.07641482,1750,1742,train
683,1.5698591,1.4961791,-0.07368004,1750,1742,train
684,1.5698582,1.4679554,-0.10190284,1750,1742,train
685,1.5698574,1.4968761,-0.07298124,1750,1742,train
686,1.5698565,1.5056086,-0.064247966,1750,1742,train
687,1.5698556,1.4910618,-0.078793764,1750,1742,train
688,1.5698547,1.4778849,-0.09196985,1750,1742,train
689,1.5698538,1.474647,-0.09520674,1750,1742,train
690,1.569853,1.4689124,-0.100940585,1750,1742,train
691,1.569852,1.4633979,-0.106454134,1750,1742,train
692,1.5698512,1.469712,-0.10013914,1750,1742,train
693,1.5698502,1.4550475,-0.11480272,1750,1742,train
694,1.5698494,1.4947035,-0.07514584,1750,1742,train
695,1.5698484,1.487682,-0.08216643,1750,1742,train
696,1.5698476,1.4626981,-0.10714948,1750,1742,train
697,1.5698466,1.455914,-0.11393261,1750,1742,train
698,1.5698458,1.4711752,-0.0986706,1750,1742,train
699,1.5698448,1.4768114,-0.09303343,1750,1742,train
700,1.5698439,1.4892819,-0.080561996,1750,1742,train
701,1.569843,1.4692574,-0.1005857,1750,1742,train
702,1.5698421,1.4808638,-0.08897829,1750,1742,train
703,1.5698413,1.4736986,-0.09614265,1750,1742,train
704,1.5698403,1.4868698,-0.0829705,1750,1742,train
705,1.5698394,1.4502096,-0.11962974,1750,1742,train
706,1.5698385,1.4614106,-0.10842788,1750,1742,train
707,1.5698376,1.4726962,-0.097141385,1750,1742,train
708,1.5698366,1.4553077,-0.114528894,1750,1742,train
709,1.5698357,1.4590349,-0.11080074,1750,1742,train
710,1.5698348,1.4600474,-0.109787464,1750,1742,train
711,1.5698339,1.4600693,-0.109764576,1750,1742,train
712,1.5698329,1.4626408,-0.10719216,1750,1742,train
713,1.569832,1.4735913,-0.09624064,1750,1742,train
714,1.5698311,1.4702091,-0.09962201,1750,1742,train
715,1.5698302,1.4652655,-0.10456467,1750,1742,train
716,1.5698292,1.5046633,-0.06516588,1750,1742,train
717,1.5698283,1.4693155,-0.10051274,1750,1742,train
718,1.5698273,1.4635316,-0.106295705,1750,1742,train
719,1.5698264,1.4788543,-0.090972066,1750,1742,train
720,1.5698254,1.4771415,-0.09268391,1750,1742,train
721,1.5698245,1.4810759,-0.088748574,1750,1742,train
722,1.5698236,1.4761935,-0.093630075,1750,1742,train
723,1.5698227,1.5121714,-0.05765128,1750,1742,train
724,1.5698217,1.4853963,-0.08442545,1750,1742,train
725,1.5698208,1.4976008,-0.07221997,1750,1742,train
726,1.5698198,1.4881772,-0.08164263,1750,1742,train
727,1.5698189,1.4847338,-0.085085034,1750,1742,train
728,1.5698179,1.4908016,-0.07901633,1750,1742,train
729,1.569817,1.4876777,-0.08213925,1750,1742,train
730,1.569816,1.4865751,-0.08324087,1750,1742,train
731,1.5698149,1.504282,-0.06553292,1750,1742,train
732,1.569814,1.4915906,-0.07822335,1750,1742,train
733,1.569813,1.4896361,-0.08017695,1750,1742,train
734,1.569812,1.4863837,-0.08342838,1750,1742,train
735,1.5698111,1.495006,-0.07480514,1750,1742,train
736,1.5698102,1.4885418,-0.08126831,1750,1742,train
737,1.5698092,1.4752991,-0.09451008,1750,1742,train
738,1.5698081,1.4848492,-0.08495891,1750,1742,train
739,1.5698072,1.4686081,-0.10119903,1750,1742,train
740,1.5698062,1.4736162,-0.096189976,1750,1742,train
741,1.5698053,1.4649295,-0.1048758,1750,1742,train
742,1.5698043,1.4805888,-0.08921552,1750,1742,train
743,1.5698032,1.472827,-0.09697628,1750,1742,train
744,1.5698023,1.4706204,-0.09918189,1750,1742,train
745,1.5698013,1.4625616,-0.10723972,1750,1742,train
746,1.5698003,1.4898893,-0.07991099,1750,1742,train
747,1.5697993,1.4803149,-0.08948445,1750,1742,train
748,1.5697984,1.478729,-0.09106934,1750,1742,train
749,1.5697973,1.4702826,-0.09951472,1750,1742,train
750,1.5697963,1.484064,-0.08573234,1750,1742,train
751,1.5697954,1.4828466,-0.08694875,1750,1742,train
752,1.5697943,1.4626592,-0.10713506,1750,1742,train
753,1.5697933,1.4643861,-0.10540724,1750,1742,train
754,1.5697923,1.4561679,-0.113624334,1750,1742,train
755,1.5697913,1.4682662,-0.10152507,1750,1742,train
756,1.5697902,1.4698948,-0.09989548,1750,1742,train
757,1.5697893,1.4805669,-0.08922243,1750,1742,train
758,1.5697882,1.4448771,-0.12491107,1750,1742,train
759,1.5697873,1.4459953,-0.12379193,1750,1742,train
760,1.5697862,1.4901769,-0.079609275,1750,1742,train
761,1.5697852,1.4786192,-0.09116602,1750,1742,train
762,1.5697842,1.4734783,-0.09630585,1750,1742,train
763,1.5697832,1.4502581,-0.119525075,1750,1742,train
764,1.5697821,1.4657212,-0.10406089,1750,1742,train
765,1.5697811,1.482797,-0.08698404,1750,1742,train
766,1.5697801,1.4707313,-0.09904885,1750,1742,train
767,1.569779,1.4811252,-0.0886538,1750,1742,train
768,1.569778,1.4690728,-0.10070515,1750,1742,train
769,1.569777,1.4712418,-0.09853518,1750,1742,train
770,1.5697759,1.4714351,-0.09834087,1750,1742,train
771,1.5697749,1.4798708,-0.08990407,1750,1742,train
772,1.5697738,1.4804473,-0.0893265,1750,1742,train
773,1.5697728,1.4840837,-0.08568919,1750,1742,train
774,1.5697718,1.4603281,-0.109443665,1750,1742,train
775,1.5697707,1.4712706,-0.09850013,1750,1742,train
776,1.5697696,1.4913446,-0.07842505,1750,1742,train
777,1.5697685,1.4977982,-0.07197034,1750,1742,train
778,1.5697675,1.4992815,-0.07048595,1750,1742,train
779,1.5697664,1.4849651,-0.084801316,1750,1742,train
780,1.5697654,1.4907985,-0.078966975,1750,1742,train
781,1.5697644,1.4848241,-0.084940314,1750,1742,train
782,1.5697633,1.4861431,-0.08362019,1750,1742,train
783,1.5697622,1.482239,-0.08752322,1750,1742,train
784,1.5697612,1.4794993,-0.09026182,1750,1742,train
785,1.5697601,1.4882734,-0.0814867,1750,1742,train
786,1.569759,1.4767559,-0.093003154,1750,1742,train
787,1.5697579,1.4739785,-0.09577942,1750,1742,train
788,1.5697569,1.473414,-0.09634292,1750,1742,train
789,1.5697558,1.4698675,-0.099888325,1750,1742,train
790,1.5697547,1.4533482,-0.11640656,1750,1742,train
791,1.5697535,1.4795783,-0.09017527,1750,1742,train
792,1.5697525,1.4912696,-0.07848287,1750,1742,train
793,1.5697514,1.4760182,-0.09373319,1750,1742,train
794,1.5697503,1.4833183,-0.08643198,1750,1742,train
795,1.5697492,1.4808531,-0.088896155,1750,1742,train
796,1.5697482,1.4734447,-0.09630346,1750,1742,train
797,1.569747,1.4708405,-0.09890652,1750,1742,train
798,1.5697459,1.4536268,-0.11611915,1750,1742,train
799,1.5697448,1.4666214,-0.10312343,1750,1742,train
800,1.5697438,1.4891975,-0.08054626,1750,1742,train
801,1.5697426,1.4904544,-0.079288125,1750,1742,train
802,1.5697415,1.4614023,-0.10833919,1750,1742,train
803,1.5697404,1.46605,-0.103690386,1750,1742,train
804,1.5697392,1.4794718,-0.09026742,1750,1742,train
805,1.5697381,1.4749719,-0.09476626,1750,1742,train
806,1.569737,1.480727,-0.08901,1750,1742,train
807,1.5697359,1.4775678,-0.09216809,1750,1742,train
808,1.5697348,1.4935918,-0.07614303,1750,1742,train
809,1.5697336,1.5054944,-0.06423926,1750,1742,train
810,1.5697325,1.5004714,-0.06926119,1750,1742,train
811,1.5697314,1.4796923,-0.090039015,1750,1742,train
812,1.5697303,1.4754361,-0.09429419,1750,1742,train
813,1.5697291,1.4840467,-0.08568239,1750,1742,train
814,1.5697279,1.4730299,-0.096698046,1750,1742,train
815,1.5697268,1.4725014,-0.09722543,1750,1742,train
816,1.5697256,1.4833639,-0.086361766,1750,1742,train
817,1.5697246,1.4712462,-0.09847832,1750,1742,train
818,1.5697234,1.4636153,-0.10610807,1750,1742,train
819,1.5697222,1.4743234,-0.09539878,1750,1742,train
820,1.5697211,1.4682853,-0.10143578,1750,1742,train
821,1.5697199,1.4533029,-0.11641705,1750,1742,train
822,1.5697187,1.445544,-0.124174714,1750,1742,train
823,1.5697175,1.4594969,-0.11022067,1750,1742,train
824,1.5697165,1.4702188,-0.099497676,1750,1742,train
825,1.5697153,1.4633086,-0.10640669,1750,1742,train
826,1.5697141,1.475222,-0.09449208,1750,1742,train
827,1.5697129,1.4606357,-0.109077215,1750,1742,train
828,1.5697117,1.4565086,-0.11320305,1750,1742,train
829,1.5697105,1.4552627,-0.11444783,1750,1742,train
830,1.5697094,1.4532118,-0.116497636,1750,1742,train
831,1.5697082,1.4572611,-0.11244714,1750,1742,train
832,1.569707,1.4802827,-0.08942437,1750,1742,train
833,1.5697058,1.4790372,-0.09066868,1750,1742,train
834,1.5697047,1.4871222,-0.082582474,1750,1742,train
835,1.5697035,1.4622877,-0.107415795,1750,1742,train
836,1.5697023,1.4700694,-0.09963286,1750,1742,train
837,1.5697011,1.4859412,-0.083759904,1750,1742,train
838,1.5696999,1.4751699,-0.09452999,1750,1742,train
839,1.5696987,1.4726957,-0.09700298,1750,1742,train
840,1.5696974,1.459265,-0.11043239,1750,1742,train
841,1.5696962,1.4872596,-0.08243656,1750,1742,train
842,1.569695,1.4728826,-0.09681237,1750,1742,train
843,1.5696938,1.4437948,-0.12589896,1750,1742,train
844,1.5696926,1.485867,-0.08382559,1750,1742,train
845,1.5696913,1.4737488,-0.0959425,1750,1742,train
846,1.5696901,1.4714694,-0.098220706,1750,1742,train
847,1.5696889,1.4831715,-0.08651745,1750,1742,train
848,1.5696877,1.4796846,-0.09000313,1750,1742,train
849,1.5696864,1.4690709,-0.1006155,1750,1742,train
850,1.5696852,1.4789317,-0.090753555,1750,1742,train
851,1.569684,1.4879656,-0.081718445,1750,1742,train
852,1.5696827,1.4849008,-0.084781885,1750,1742,train
853,1.5696815,1.4757856,-0.09389591,1750,1742,train
854,1.5696802,1.4529488,-0.116731405,1750,1742,train
855,1.569679,1.4684649,-0.10121417,1750,1742,train
856,1.5696777,1.4839723,-0.0857054,1750,1742,train
857,1.5696765,1.4679875,-0.10168898,1750,1742,train
858,1.5696752,1.4798982,-0.08977699,1750,1742,train
859,1.569674,1.4893588,-0.08031523,1750,1742,train
860,1.5696727,1.4878559,-0.08181679,1750,1742,train
861,1.5696715,1.4885476,-0.08112395,1750,1742,train
862,1.5696702,1.4835285,-0.086141706,1750,1742,train
863,1.5696689,1.4852557,-0.08441317,1750,1742,train
864,1.5696677,1.5053728,-0.064294934,1750,1742,train
865,1.5696664,1.5131539,-0.056512475,1750,1742,train
866,1.5696651,1.494565,-0.075100064,1750,1742,train
867,1.5696639,1.4930321,-0.076631784,1750,1742,train
868,1.5696626,1.500653,-0.06900954,1750,1742,train
869,1.5696613,1.5131681,-0.056493163,1750,1742,train
870,1.56966,1.4974244,-0.072235584,1750,1742,train
871,1.5696586,1.5111941,-0.058464527,1750,1742,train
872,1.5696573,1.5074248,-0.062232494,1750,1742,train
873,1.5696561,1.502908,-0.06674814,1750,1742,train
874,1.5696548,1.5244642,-0.045190573,1750,1742,train
875,1.5696535,1.5099931,-0.059660435,1750,1742,train
876,1.5696522,1.5069343,-0.062717915,1750,1742,train
877,1.5696509,1.5078104,-0.061840534,1750,1742,train
878,1.5696496,1.4786092,-0.09104037,1750,1742,train
879,1.5696483,1.4937083,-0.07594001,1750,1742,train
880,1.569647,1.4851807,-0.08446622,1750,1742,train
881,1.5696455,1.4898723,-0.07977319,1750,1742,train
882,1.5696442,1.4852394,-0.084404826,1750,1742,train
883,1.5696429,1.5149071,-0.05473578,1750,1742,train
884,1.5696416,1.4843138,-0.085327744,1750,1742,train
885,1.5696403,1.4817023,-0.08793795,1750,1742,train
886,1.569639,1.4976884,-0.071950555,1750,1742,train
887,1.5696375,1.5222443,-0.047393203,1750,1742,train
888,1.5696362,1.5034232,-0.06621301,1750,1742,train
889,1.5696349,1.5207651,-0.04886985,1750,1742,train
890,1.5696335,1.5239285,-0.04570496,1750,1742,train
891,1.5696322,1.5114841,-0.058148026,1750,1742,train
892,1.5696309,1.4998438,-0.069787025,1750,1742,train
893,1.5696294,1.4897808,-0.07984865,1750,1742,train
894,1.5696281,1.5014035,-0.06822467,1750,1742,train
895,1.5696267,1.4958887,-0.07373798,1750,1742,train
896,1.5696254,1.4417489,-0.12787652,1750,1742,train
897,1.569624,1.4465113,-0.12311268,1750,1742,train
898,1.5696226,1.4523522,-0.11727047,1750,1742,train
899,1.5696212,1.4512767,-0.118344545,1750,1742,train
900,1.5696199,1.4700582,-0.09956169,1750,1742,train
901,1.5696185,1.4596405,-0.10997796,1750,1742,train
902,1.569617,1.4763771,-0.0932399,1750,1742,train
903,1.5696157,1.4772973,-0.092318416,1750,1742,train
904,1.5696143,1.4782487,-0.091365576,1750,1742,train
905,1.5696129,1.4839095,-0.08570337,1750,1742,train
906,1.5696115,1.4973077,-0.07230389,1750,1742,train
907,1.5696101,1.4873457,-0.08226442,1750,1742,train
908,1.5696087,1.4826405,-0.08696818,1750,1742,train
909,1.5696073,1.4805167,-0.089090586,1750,1742,train
910,1.5696058,1.4584625,-0.11114335,1750,1742,train
911,1.5696044,1.4654669,-0.10413754,1750,1742,train
912,1.569603,1.4787004,-0.09090257,1750,1742,train
913,1.5696015,1.4682547,-0.10134685,1750,1742,train
914,1.5696001,1.453369,-0.116231084,1750,1742,train
915,1.5695987,1.4672412,-0.10235751,1750,1742,train
916,1.5695972,1.4891318,-0.080465436,1750,1742,train
917,1.5695958,1.4460562,-0.12353957,1750,1742,train
918,1.5695944,1.4596221,-0.10997224,1750,1742,train
919,1.569593,1.4778523,-0.09174061,1750,1742,train
920,1.5695915,1.4826353,-0.08695626,1750,1742,train
921,1.5695901,1.4675587,-0.10203135,1750,1742,train
922,1.5695885,1.4732702,-0.096318364,1750,1742,train
923,1.5695871,1.471462,-0.0981251,1750,1742,train
924,1.5695857,1.4696274,-0.0999583,1750,1742,train
925,1.5695843,1.4648036,-0.104780674,1750,1742,train
926,1.5695827,1.4841223,-0.085460424,1750,1742,train
927,1.5695813,1.4879533,-0.081627965,1750,1742,train
928,1.5695798,1.4834499,-0.086129904,1750,1742,train
929,1.5695783,1.4741682,-0.09541011,1750,1742,train
930,1.5695769,1.4975154,-0.07206142,1750,1742,train
931,1.5695753,1.4889336,-0.08064175,1750,1742,train
932,1.5695739,1.4833138,-0.08626008,1750,1742,train
933,1.5695723,1.4881232,-0.08144915,1750,1742,train
934,1.5695708,1.4595865,-0.10998428,1750,1742,train
935,1.5695693,1.4889113,-0.08065808,1750,1742,train
936,1.5695678,1.5098062,-0.059761643,1750,1742,train
937,1.5695664,1.4914662,-0.078100204,1750,1742,train
938,1.5695648,1.4757925,-0.09377229,1750,1742,train
939,1.5695633,1.5135766,-0.055986643,1750,1742,train
940,1.5695617,1.506992,-0.06256974,1750,1742,train
941,1.5695603,1.5150146,-0.05454564,1750,1742,train
942,1.5695587,1.5090082,-0.06055057,1750,1742,train
943,1.5695572,1.4972962,-0.072260976,1750,1742,train
944,1.5695556,1.5179327,-0.051622987,1750,1742,train
945,1.5695541,1.513104,-0.05645013,1750,1742,train
946,1.5695525,1.513246,-0.05630648,1750,1742,train
947,1.569551,1.5333573,-0.03619373,1750,1742,train
948,1.5695494,1.5141704,-0.055379033,1750,1742,train
949,1.5695479,1.5353888,-0.034159064,1750,1742,train
950,1.5695463,1.5110302,-0.058516145,1750,1742,train
951,1.5695448,1.5358014,-0.03374338,1750,1742,train
952,1.5695432,1.5275297,-0.042013526,1750,1742,train
953,1.5695416,1.5008578,-0.06868374,1750,1742,train
954,1.56954,1.5206515,-0.048888564,1750,1742,train
955,1.5695385,1.5267441,-0.042794347,1750,1742,train
956,1.5695369,1.4908653,-0.078671575,1750,1742,train
957,1.5695353,1.50414,-0.065395236,1750,1742,train
958,1.5695337,1.5357503,-0.033783436,1750,1742,train
959,1.5695322,1.5178299,-0.05170226,1750,1742,train
960,1.5695305,1.4949174,-0.074613094,1750,1742,train
961,1.5695289,1.5190827,-0.050446272,1750,1742,train
962,1.5695273,1.5168813,-0.05264592,1750,1742,train
963,1.5695257,1.5195341,-0.049991608,1750,1742,train
964,1.569524,1.5246925,-0.044831514,1750,1742,train
965,1.5695225,1.4837453,-0.08577716,1750,1742,train
966,1.5695208,1.4915538,-0.07796705,1750,1742,train
967,1.5695192,1.5181291,-0.05139005,1750,1742,train
968,1.5695176,1.5131403,-0.05637729,1750,1742,train
969,1.569516,1.5008599,-0.06865609,1750,1742,train
970,1.5695143,1.479484,-0.09003031,1750,1742,train
971,1.5695126,1.5141705,-0.05534208,1750,1742,train
972,1.5695109,1.5108277,-0.058683276,1750,1742,train
973,1.5695093,1.484584,-0.084925294,1750,1742,train
974,1.5695077,1.4749278,-0.094579935,1750,1742,train
975,1.569506,1.5046525,-0.06485355,1750,1742,train
976,1.5695044,1.5078609,-0.06164348,1750,1742,train
977,1.5695027,1.5166749,-0.052827835,1750,1742,train
978,1.569501,1.5075399,-0.061961174,1750,1742,train
979,1.5694993,1.5023177,-0.06718159,1750,1742,train
980,1.5694976,1.5236886,-0.04580903,1750,1742,train
981,1.5694959,1.5197225,-0.049773455,1750,1742,train
982,1.5694942,1.4932749,-0.07621932,1750,1742,train
983,1.5694926,1.4880201,-0.081472516,1750,1742,train
984,1.5694908,1.4881984,-0.08129239,1750,1742,train
985,1.5694891,1.4942,-0.07528913,1750,1742,train
986,1.5694875,1.4857273,-0.08376014,1750,1742,train
987,1.5694857,1.5183411,-0.0511446,1750,1742,train
988,1.569484,1.4976656,-0.07181835,1750,1742,train
989,1.5694823,1.4801003,-0.08938205,1750,1742,train
990,1.5694805,1.4903487,-0.07913184,1750,1742,train
991,1.5694788,1.4741211,-0.09535766,1750,1742,train
992,1.5694771,1.5107796,-0.058697462,1750,1742,train
993,1.5694753,1.5189508,-0.050524473,1750,1742,train
994,1.5694736,1.5122877,-0.05718589,1750,1742,train
995,1.5694718,1.501336,-0.06813586,1750,1742,train
996,1.56947,1.5443027,-0.025167346,1750,1742,train
997,1.5694683,1.5216064,-0.047861814,1750,1742,train
998,1.5694666,1.5234373,-0.04602933,1750,1742,train
999,1.5694648,1.5339322,-0.035532594,1750,1742,train
1000,1.569463,1.5449837,-0.02447927,1750,1742,train
1001,1.5694612,1.5192728,-0.050188422,1750,1742,train
1002,1.5694594,1.5062895,-0.063169956,1750,1742,train
1003,1.5694577,1.5258956,-0.043562055,1750,1742,train
1004,1.5694559,1.5394125,-0.030043364,1750,1742,train
1005,1.5694541,1.5015833,-0.067870736,1750,1742,train
1006,1.5694523,1.5073621,-0.06209016,1750,1742,train
1007,1.5694504,1.5011232,-0.06832719,1750,1742,train
1008,1.5694486,1.5171144,-0.05233419,1750,1742,train
1009,1.5694468,1.4977386,-0.0717082,1750,1742,train
1010,1.569445,1.5021312,-0.06731379,1750,1742,train
1011,1.5694431,1.5057619,-0.063681245,1750,1742,train
1012,1.5694413,1.5379815,-0.03145981,1750,1742,train
1013,1.5694395,1.509842,-0.059597492,1750,1742,train
1014,1.5694376,1.516248,-0.053189635,1750,1742,train
1015,1.5694358,1.5248157,-0.044620156,1750,1742,train
1016,1.5694339,1.511349,-0.058084965,1750,1742,train
1017,1.569432,1.5146992,-0.0547328,1750,1742,train
1018,1.5694302,1.4998047,-0.0696255,1750,1742,train
1019,1.5694283,1.4888365,-0.0805918,1750,1742,train
1020,1.5694264,1.4853019,-0.084124565,1750,1742,train
1021,1.5694246,1.490804,-0.07862067,1750,1742,train
1022,1.5694227,1.5199296,-0.049493074,1750,1742,train
1023,1.5694208,1.4949131,-0.07450771,1750,1742,train
1024,1.5694189,1.4858041,-0.083614826,1750,1742,train
1025,1.569417,1.4962078,-0.07320917,1750,1742,train
1026,1.5694151,1.5060273,-0.06338775,1750,1742,train
1027,1.5694132,1.5132302,-0.05618298,1750,1742,train
1028,1.5694113,1.5162728,-0.053138494,1750,1742,train
1029,1.5694094,1.506098,-0.06331134,1750,1742,train
1030,1.5694075,1.4912739,-0.07813358,1750,1742,train
1031,1.5694056,1.5109904,-0.058415174,1750,1742,train
1032,1.5694035,1.5242991,-0.045104384,1750,1742,train
1033,1.5694016,1.5485332,-0.02086842,1750,1742,train
1034,1.5693997,1.5301927,-0.03920698,1750,1742,train
1035,1.5693977,1.5144395,-0.054958224,1750,1742,train
1036,1.5693958,1.521133,-0.048262835,1750,1742,train
1037,1.5693938,1.5164502,-0.052943587,1750,1742,train
1038,1.5693918,1.5180473,-0.051344514,1750,1742,train
1039,1.5693898,1.510607,-0.058782816,1750,1742,train
1040,1.5693879,1.4946156,-0.07477236,1750,1742,train
1041,1.5693859,1.5103823,-0.05900359,1750,1742,train
1042,1.5693839,1.4981145,-0.07126939,1750,1742,train
1043,1.569382,1.5132582,-0.056123734,1750,1742,train
1044,1.5693799,1.5049131,-0.064466834,1750,1742,train
1045,1.5693779,1.5261569,-0.043220997,1750,1742,train
1046,1.5693759,1.5162905,-0.053085327,1750,1742,train
1047,1.5693738,1.5143611,-0.055012703,1750,1742,train
1048,1.5693718,1.5134994,-0.05587244,1750,1742,train
1049,1.5693698,1.5248688,-0.044500947,1750,1742,train
1050,1.5693678,1.5204804,-0.048887372,1750,1742,train
1051,1.5693657,1.5085249,-0.060840845,1750,1742,train
1052,1.5693637,1.497671,-0.071692705,1750,1742,train
1053,1.5693616,1.4778234,-0.09153819,1750,1742,train
1054,1.5693595,1.4870112,-0.08234835,1750,1742,train
1055,1.5693575,1.4815321,-0.08782542,1750,1742,train
1056,1.5693554,1.4804482,-0.08890712,1750,1742,train
1057,1.5693533,1.508188,-0.061165333,1750,1742,train
1058,1.5693512,1.5273218,-0.04202938,1750,1742,train
1059,1.5693492,1.5066774,-0.06267178,1750,1742,train
1060,1.569347,1.4915028,-0.07784426,1750,1742,train
1061,1.569345,1.5133501,-0.05599487,1750,1742,train
1062,1.5693429,1.5093877,-0.05995512,1750,1742,train
1063,1.5693407,1.5145272,-0.054813504,1750,1742,train
1064,1.5693386,1.4976037,-0.071734905,1750,1742,train
1065,1.5693364,1.494984,-0.07435238,1750,1742,train
1066,1.5693344,1.4924344,-0.076900005,1750,1742,train
1067,1.5693322,1.5165309,-0.05280137,1750,1742,train
1068,1.5693301,1.4766635,-0.092666626,1750,1742,train
1069,1.569328,1.5032961,-0.06603181,1750,1742,train
1070,1.5693257,1.5182471,-0.051078558,1750,1742,train
1071,1.5693235,1.4981776,-0.07114589,1750,1742,train
1072,1.5693214,1.4716327,-0.097688675,1750,1742,train
1073,1.5693192,1.4765664,-0.092752814,1750,1742,train
1074,1.569317,1.4865932,-0.08272374,1750,1742,train
1075,1.5693148,1.4954597,-0.07385516,1750,1742,train
1076,1.5693127,1.506167,-0.06314564,1750,1742,train
1077,1.5693104,1.4785674,-0.090743065,1750,1742,train
1078,1.5693083,1.4797164,-0.08959186,1750,1742,train
1079,1.569306,1.4623013,-0.10700476,1750,1742,train
1080,1.5693038,1.4785788,-0.090724945,1750,1742,train
1081,1.5693016,1.4900076,-0.07929397,1750,1742,train
1082,1.5692993,1.4553561,-0.11394322,1750,1742,train
1083,1.5692971,1.4726086,-0.09668851,1750,1742,train
1084,1.5692948,1.4819577,-0.087337136,1750,1742,train
1085,1.5692925,1.4797897,-0.08950281,1750,1742,train
1086,1.5692903,1.4658024,-0.10348785,1750,1742,train
1087,1.569288,1.4624699,-0.10681808,1750,1742,train
1088,1.5692858,1.4834787,-0.085807085,1750,1742,train
1089,1.5692835,1.480433,-0.0888505,1750,1742,train
1090,1.5692812,1.4611573,-0.1081239,1750,1742,train
1091,1.5692788,1.471446,-0.0978328,1750,1742,train
1092,1.5692766,1.4811947,-0.08808184,1750,1742,train
1093,1.5692743,1.469528,-0.09974635,1750,1742,train
1094,1.5692719,1.477505,-0.09176695,1750,1742,train
1095,1.5692697,1.4727902,-0.096479416,1750,1742,train
1096,1.5692673,1.4640657,-0.1052016,1750,1742,train
1097,1.5692649,1.4711361,-0.098128796,1750,1742,train
1098,1.5692626,1.4813105,-0.08795214,1750,1742,train
1099,1.5692602,1.4892886,-0.07997167,1750,1742,train
1100,1.5692579,1.4663671,-0.10289073,1750,1742,train
1101,1.5692555,1.4828631,-0.0863924,1750,1742,train
1102,1.5692531,1.4761571,-0.09309602,1750,1742,train
1103,1.5692507,1.481638,-0.08761275,1750,1742,train
1104,1.5692483,1.4661114,-0.1031369,1750,1742,train
1105,1.5692459,1.4604161,-0.108829856,1750,1742,train
1106,1.5692436,1.4756463,-0.09359729,1750,1742,train
1107,1.5692412,1.4770426,-0.09219861,1750,1742,train
1108,1.5692387,1.4678278,-0.101410866,1750,1742,train
1109,1.5692363,1.4723487,-0.09688759,1750,1742,train
1110,1.5692338,1.4878752,-0.08135855,1750,1742,train
1111,1.5692314,1.4725866,-0.09664476,1750,1742,train
1112,1.5692289,1.4643288,-0.10490012,1750,1742,train
1113,1.5692265,1.4579797,-0.111246824,1750,1742,train
1114,1.569224,1.4693521,-0.099871874,1750,1742,train
1115,1.5692215,1.4716022,-0.097619295,1750,1742,train
1116,1.569219,1.4690417,-0.10017729,1750,1742,train
1117,1.5692165,1.4662983,-0.10291815,1750,1742,train
1118,1.5692141,1.4367619,-0.13245225,1750,1742,train
1119,1.5692115,1.4620117,-0.10719979,1750,1742,train
1120,1.569209,1.4642951,-0.10491383,1750,1742,train
1121,1.5692065,1.4625149,-0.1066916,1750,1742,train
1122,1.569204,1.4460505,-0.12315345,1750,1742,train
1123,1.5692015,1.4494851,-0.119716406,1750,1742,train
1124,1.5691988,1.4527428,-0.11645603,1750,1742,train
1125,1.5691963,1.4597731,-0.10942328,1750,1742,train
1126,1.5691937,1.4644005,-0.10479319,1750,1742,train
1127,1.5691912,1.480514,-0.08867717,1750,1742,train
1128,1.5691886,1.4552104,-0.11397815,1750,1742,train
1129,1.569186,1.4683425,-0.10084343,1750,1742,train
1130,1.5691835,1.4759982,-0.093185306,1750,1742,train
1131,1.5691808,1.452609,-0.1165719,1750,1742,train
1132,1.5691782,1.4804207,-0.088757515,1750,1742,train
1133,1.5691756,1.4702129,-0.098962665,1750,1742,train
1134,1.569173,1.4585946,-0.11057842,1750,1742,train
1135,1.5691704,1.4639441,-0.10522628,1750,1742,train
1136,1.5691676,1.455283,-0.11388457,1750,1742,train
1137,1.569165,1.4538186,-0.11534643,1750,1742,train
1138,1.5691624,1.4638402,-0.10532212,1750,1742,train
1139,1.5691596,1.4587195,-0.110440135,1750,1742,train
1140,1.569157,1.4492024,-0.119954586,1750,1742,train
1141,1.5691543,1.4439436,-0.12521064,1750,1742,train
1142,1.5691516,1.4656055,-0.10354614,1750,1742,train
1143,1.5691489,1.4572163,-0.111932635,1750,1742,train
1144,1.5691462,1.4207996,-0.14834654,1750,1742,train
1145,1.5691434,1.4604542,-0.10868919,1750,1742,train
1146,1.5691407,1.4536717,-0.11546898,1750,1742,train
1147,1.5691379,1.4257855,-0.14335239,1750,1742,train
1148,1.5691352,1.432181,-0.13695419,1750,1742,train
1149,1.5691324,1.4617602,-0.107372284,1750,1742,train
1150,1.5691297,1.4620252,-0.10710454,1750,1742,train
1151,1.5691268,1.4599761,-0.10915077,1750,1742,train
1152,1.5691241,1.4870497,-0.082074404,1750,1742,train
1153,1.5691212,1.4797801,-0.08934116,1750,1742,train
1154,1.5691185,1.4694457,-0.099672794,1750,1742,train
1155,1.5691156,1.4836549,-0.08546078,1750,1742,train
1156,1.5691128,1.4821433,-0.086969495,1750,1742,train
1157,1.56911,1.485647,-0.08346307,1750,1742,train
1158,1.5691072,1.4564193,-0.112687826,1750,1742,train
1159,1.5691043,1.4573407,-0.1117636,1750,1742,train
1160,1.5691015,1.4911848,-0.07791662,1750,1742,train
1161,1.5690986,1.4686843,-0.100414276,1750,1742,train
1162,1.5690956,1.4797404,-0.08935523,1750,1742,train
1163,1.5690928,1.4814591,-0.08763361,1750,1742,train
1164,1.5690899,1.4895074,-0.07958245,1750,1742,train
1165,1.5690869,1.485502,-0.083584905,1750,1742,train
1166,1.569084,1.4914511,-0.077632904,1750,1742,train
1167,1.5690811,1.469498,-0.09958303,1750,1742,train
1168,1.5690781,1.4582214,-0.11085665,1750,1742,train
1169,1.5690751,1.4652914,-0.10378373,1750,1742,train
1170,1.5690722,1.4770458,-0.09202647,1750,1742,train
1171,1.5690693,1.4794468,-0.0896225,1750,1742,train
1172,1.5690662,1.456927,-0.112139225,1750,1742,train
1173,1.5690632,1.4583495,-0.11071372,1750,1742,train
1174,1.5690602,1.4741142,-0.09494603,1750,1742,train
1175,1.5690572,1.4689881,-0.100069165,1750,1742,train
1176,1.5690541,1.4726088,-0.09644532,1750,1742,train
1177,1.5690511,1.4409502,-0.12810099,1750,1742,train
1178,1.569048,1.4741647,-0.09488332,1750,1742,train
1179,1.5690451,1.4728358,-0.09620929,1750,1742,train
1180,1.569042,1.4501157,-0.11892629,1750,1742,train
1181,1.5690389,1.4595343,-0.10950458,1750,1742,train
1182,1.5690358,1.4521387,-0.116897106,1750,1742,train
1183,1.5690327,1.4353416,-0.13369107,1750,1742,train
1184,1.5690296,1.4381752,-0.13085437,1750,1742,train
1185,1.5690265,1.4409307,-0.12809575,1750,1742,train
1186,1.5690233,1.4358288,-0.13319445,1750,1742,train
1187,1.5690202,1.4135331,-0.15548706,1750,1742,train
1188,1.5690169,1.4124424,-0.15657449,1750,1742,train
1189,1.5690138,1.4139484,-0.15506542,1750,1742,train
1190,1.5690106,1.4043623,-0.1646483,1750,1742,train
1191,1.5690074,1.3884401,-0.18056726,1750,1742,train
1192,1.5690042,1.4084738,-0.16053033,1750,1742,train
1193,1.569001,1.4035387,-0.16546226,1750,1742,train
1194,1.5689977,1.4040211,-0.1649766,1750,1742,train
1195,1.5689945,1.3933902,-0.17560434,1750,1742,train
1196,1.5689913,1.3929038,-0.1760875,1750,1742,train
1197,1.568988,1.4266943,-0.14229369,1750,1742,train
1198,1.5689847,1.4379557,-0.13102901,1750,1742,train
1199,1.5689814,1.4119962,-0.15698516,1750,1742,train
1200,1.5689782,1.4336886,-0.13528955,1750,1742,train
1201,1.5689749,1.4454623,-0.12351251,1750,1742,train
1202,1.5689715,1.4285704,-0.14040112,1750,1742,train
1203,1.5689682,1.4083289,-0.16063929,1750,1742,train
1204,1.5689648,1.4070717,-0.16189313,1750,1742,train
1205,1.5689615,1.3950729,-0.17388856,1750,1742,train
1206,1.568958,1.3975419,-0.17141616,1750,1742,train
1207,1.5689547,1.3897119,-0.17924285,1750,1742,train
1208,1.5689514,1.4122977,-0.15665364,1750,1742,train
1209,1.5689479,1.4085798,-0.16036808,1750,1742,train
1210,1.5689445,1.4155291,-0.15341532,1750,1742,train
1211,1.568941,1.4068718,-0.1620692,1750,1742,train
1212,1.5689375,1.3979906,-0.17094696,1750,1742,train
1213,1.5689341,1.3881044,-0.18082964,1750,1742,train
1214,1.5689306,1.3835195,-0.1854111,1750,1742,train
1215,1.5689272,1.3788702,-0.19005692,1750,1742,train
1216,1.5689237,1.3957944,-0.17312932,1750,1742,train
1217,1.5689201,1.416321,-0.1525991,1750,1742,train
1218,1.5689167,1.4197801,-0.14913654,1750,1742,train
1219,1.5689131,1.417959,-0.15095413,1750,1742,train
1220,1.5689095,1.4235313,-0.14537823,1750,1742,train
1221,1.568906,1.4121691,-0.15673685,1750,1742,train
1222,1.5689024,1.4205625,-0.14833987,1750,1742,train
1223,1.5688988,1.4018694,-0.16702938,1750,1742,train
1224,1.5688952,1.4267168,-0.14217842,1750,1742,train
1225,1.5688915,1.4474971,-0.121394396,1750,1742,train
1226,1.568888,1.4578965,-0.11099148,1750,1742,train
1227,1.5688843,1.4736593,-0.09522498,1750,1742,train
1228,1.5688807,1.4606569,-0.108223796,1750,1742,train
1229,1.568877,1.4574242,-0.11145282,1750,1742,train
1230,1.5688733,1.4358678,-0.1330055,1750,1742,train
1231,1.5688696,1.4241607,-0.14470887,1750,1742,train
1232,1.5688658,1.435149,-0.13371682,1750,1742,train
1233,1.5688621,1.3966415,-0.17222059,1750,1742,train
1234,1.5688584,1.3963026,-0.1725558,1750,1742,train
1235,1.5688546,1.4382286,-0.13062596,1750,1742,train
1236,1.5688508,1.4474657,-0.1213851,1750,1742,train
1237,1.5688471,1.4409811,-0.12786591,1750,1742,train
1238,1.5688432,1.4494226,-0.11942065,1750,1742,train
1239,1.5688394,1.4498272,-0.11901224,1750,1742,train
1240,1.5688355,1.4726151,-0.096220374,1750,1742,train
1241,1.5688317,1.4671417,-0.101689935,1750,1742,train
1242,1.5688279,1.4698347,-0.09899318,1750,1742,train
1243,1.5688239,1.4767958,-0.09202814,1750,1742,train
1244,1.56882,1.4497033,-0.119116664,1750,1742,train
1245,1.5688162,1.4496754,-0.119140744,1750,1742,train
1246,1.5688123,1.4659038,-0.10290849,1750,1742,train
1247,1.5688083,1.4592452,-0.10956311,1750,1742,train
1248,1.5688043,1.4865582,-0.082246065,1750,1742,train
1249,1.5688003,1.4804177,-0.0883826,1750,1742,train
1250,1.5687963,1.4684259,-0.10037041,1750,1742,train
1251,1.5687923,1.479456,-0.089336395,1750,1742,train
1252,1.5687883,1.4807653,-0.08802295,1750,1742,train
1253,1.5687842,1.4945831,-0.07420111,1750,1742,train
1254,1.5687802,1.4985512,-0.070228934,1750,1742,train
1255,1.5687761,1.4712663,-0.09750986,1750,1742,train
1256,1.5687721,1.5119119,-0.05686021,1750,1742,train
1257,1.5687679,1.4896964,-0.07907152,1750,1742,train
1258,1.5687639,1.4836457,-0.085118175,1750,1742,train
1259,1.5687597,1.4719543,-0.096805334,1750,1742,train
1260,1.5687555,1.4752173,-0.093538165,1750,1742,train
1261,1.5687513,1.469759,-0.09899235,1750,1742,train
1262,1.5687472,1.5029814,-0.06576574,1750,1742,train
1263,1.568743,1.4656501,-0.10309291,1750,1742,train
1264,1.5687387,1.4509559,-0.11778283,1750,1742,train
1265,1.5687345,1.480499,-0.0882355,1750,1742,train
1266,1.5687302,1.4749317,-0.09379852,1750,1742,train
1267,1.568726,1.4577783,-0.11094761,1750,1742,train
1268,1.5687217,1.473796,-0.09492564,1750,1742,train
1269,1.5687174,1.471826,-0.0968914,1750,1742,train
1270,1.568713,1.4781196,-0.09059334,1750,1742,train
1271,1.5687087,1.470725,-0.0979836,1750,1742,train
1272,1.5687042,1.4884018,-0.08030248,1750,1742,train
1273,1.5686998,1.4690006,-0.09969926,1750,1742,train
1274,1.5686955,1.4732357,-0.09545982,1750,1742,train
1275,1.568691,1.4668648,-0.10182619,1750,1742,train
1276,1.5686866,1.461604,-0.107082605,1750,1742,train
1277,1.5686822,1.4725181,-0.09616411,1750,1742,train
1278,1.5686777,1.4658675,-0.102810144,1750,1742,train
1279,1.5686731,1.4514441,-0.117228985,1750,1742,train
1280,1.5686687,1.44256,-0.12610877,1750,1742,train
1281,1.5686642,1.458646,-0.110018134,1750,1742,train
1282,1.5686595,1.4816535,-0.08700609,1750,1742,train
1283,1.568655,1.4805615,-0.08809352,1750,1742,train
1284,1.5686504,1.4858917,-0.082758665,1750,1742,train
1285,1.5686458,1.4775848,-0.091060996,1750,1742,train
1286,1.5686412,1.4955922,-0.07304895,1750,1742,train
1287,1.5686365,1.4589641,-0.10967243,1750,1742,train
1288,1.5686319,1.5089493,-0.059682608,1750,1742,train
1289,1.5686271,1.4616996,-0.106927514,1750,1742,train
1290,1.5686225,1.5076128,-0.061009645,1750,1742,train
1291,1.5686177,1.5067445,-0.061873198,1750,1742,train
1292,1.5686129,1.5169557,-0.0516572,1750,1742,train
1293,1.5686082,1.491596,-0.07701218,1750,1742,train
1294,1.5686034,1.4899503,-0.0786531,1750,1742,train
1295,1.5685985,1.4628836,-0.10571492,1750,1742,train
1296,1.5685937,1.4566851,-0.111908674,1750,1742,train
1297,1.5685889,1.4343226,-0.13426626,1750,1742,train
1298,1.568584,1.4651496,-0.103434324,1750,1742,train
1299,1.5685791,1.4771035,-0.091475606,1750,1742,train
1300,1.5685741,1.4554632,-0.1131109,1750,1742,train
1301,1.5685692,1.4676583,-0.1009109,1750,1742,train
1302,1.5685642,1.4839795,-0.08458471,1750,1742,train
1303,1.5685592,1.4516448,-0.11691439,1750,1742,train
1304,1.5685542,1.4860624,-0.082491755,1750,1742,train
1305,1.5685492,1.4902706,-0.07827854,1750,1742,train
1306,1.568544,1.4901203,-0.07842374,1750,1742,train
1307,1.568539,1.4832021,-0.08533692,1750,1742,train
1308,1.5685339,1.4383861,-0.13014781,1750,1742,train
1309,1.5685288,1.4322284,-0.13630033,1750,1742,train
1310,1.5685236,1.4558601,-0.11266351,1750,1742,train
1311,1.5685184,1.4445771,-0.1239413,1750,1742,train
1312,1.5685133,1.4282842,-0.1402291,1750,1742,train
1313,1.568508,1.4474186,-0.12108946,1750,1742,train
1314,1.5685028,1.4818821,-0.08662069,1750,1742,train
1315,1.5684975,1.4849514,-0.08354616,1750,1742,train
1316,1.5684922,1.486122,-0.08237016,1750,1742,train
1317,1.5684868,1.4728878,-0.095599055,1750,1742,train
1318,1.5684816,1.4484899,-0.11999166,1750,1742,train
1319,1.5684762,1.43412,-0.13435614,1750,1742,train
1320,1.5684707,1.4405276,-0.12794316,1750,1742,train
1321,1.5684654,1.4314333,-0.13703203,1750,1742,train
1322,1.5684599,1.4639822,-0.104477644,1750,1742,train
1323,1.5684544,1.4615242,-0.10693014,1750,1742,train
1324,1.5684489,1.4655102,-0.10293865,1750,1742,train
1325,1.5684434,1.4669864,-0.101457,1750,1742,train
1326,1.5684378,1.4498888,-0.11854899,1750,1742,train
1327,1.5684322,1.45017,-0.11826217,1750,1742,train
1328,1.5684266,1.4742409,-0.09418571,1750,1742,train
1329,1.568421,1.4738364,-0.094584584,1750,1742,train
1330,1.5684154,1.4807111,-0.0877043,1750,1742,train
1331,1.5684097,1.4584231,-0.10998654,1750,1742,train
1332,1.568404,1.4514256,-0.11697841,1750,1742,train
1333,1.5683982,1.4675215,-0.10087669,1750,1742,train
1334,1.5683925,1.4494852,-0.11890733,1750,1742,train
1335,1.5683867,1.4460578,-0.12232888,1750,1742,train
1336,1.5683808,1.4536103,-0.11477053,1750,1742,train
1337,1.568375,1.4466363,-0.12173867,1750,1742,train
1338,1.5683692,1.4582119,-0.11015725,1750,1742,train
1339,1.5683632,1.4644879,-0.10387528,1750,1742,train
1340,1.5683573,1.4685973,-0.099760056,1750,1742,train
1341,1.5683514,1.4629706,-0.10538077,1750,1742,train
1342,1.5683453,1.4598342,-0.10851109,1750,1742,train
1343,1.5683393,1.4771625,-0.09117687,1750,1742,train
1344,1.5683333,1.4866635,-0.08166981,1750,1742,train
1345,1.5683272,1.484369,-0.08395815,1750,1742,train
1346,1.5683211,1.4809252,-0.08739591,1750,1742,train
1347,1.5683149,1.4966071,-0.071707845,1750,1742,train
1348,1.5683087,1.4831493,-0.08515942,1750,1742,train
1349,1.5683025,1.4797856,-0.08851695,1750,1742,train
1350,1.5682963,1.4722204,-0.09607589,1750,1742,train
1351,1.5682901,1.4737163,-0.094573855,1750,1742,train
1352,1.5682838,1.4553126,-0.11297119,1750,1742,train
1353,1.5682775,1.4581997,-0.11007774,1750,1742,train
1354,1.568271,1.4622319,-0.10603917,1750,1742,train
1355,1.5682647,1.4616901,-0.106574655,1750,1742,train
1356,1.5682583,1.4489567,-0.11930156,1750,1742,train
1357,1.5682518,1.4491493,-0.1191026,1750,1742,train
1358,1.5682453,1.4535621,-0.11468315,1750,1742,train
1359,1.5682387,1.4755495,-0.092689276,1750,1742,train
1360,1.5682322,1.4640921,-0.10414004,1750,1742,train
1361,1.5682256,1.4762722,-0.0919534,1750,1742,train
1362,1.5682191,1.4768678,-0.09135127,1750,1742,train
1363,1.5682124,1.4671835,-0.10102892,1750,1742,train
1364,1.5682057,1.467885,-0.1003207,1750,1742,train
1365,1.5681989,1.4611223,-0.107076645,1750,1742,train
1366,1.5681921,1.4481443,-0.12004781,1750,1742,train
1367,1.5681853,1.4617105,-0.10647488,1750,1742,train
1368,1.5681785,1.4861816,-0.08199692,1750,1742,train
1369,1.5681716,1.4845841,-0.08358753,1750,1742,train
1370,1.5681647,1.474235,-0.09392965,1750,1742,train
1371,1.5681578,1.4749577,-0.09320009,1750,1742,train
1372,1.5681509,1.4471618,-0.120989084,1750,1742,train
1373,1.5681438,1.4484417,-0.1197021,1750,1742,train
1374,1.5681368,1.4258567,-0.1422801,1750,1742,train
1375,1.5681297,1.4461627,-0.12196696,1750,1742,train
1376,1.5681225,1.4300256,-0.13809693,1750,1742,train
1377,1.5681154,1.4422444,-0.12587094,1750,1742,train
1378,1.5681082,1.4221017,-0.14600646,1750,1742,train
1379,1.5681009,1.426431,-0.14166999,1750,1742,train
1380,1.5680937,1.4395735,-0.12852013,1750,1742,train
1381,1.5680863,1.4215921,-0.14649415,1750,1742,train
1382,1.568079,1.4311246,-0.13695443,1750,1742,train
1383,1.5680715,1.4369677,-0.13110375,1750,1742,train
1384,1.5680641,1.41448,-0.15358412,1750,1742,train
1385,1.5680566,1.4080988,-0.15995777,1750,1742,train
1386,1.5680491,1.3847467,-0.1833024,1750,1742,train
1387,1.5680416,1.4075793,-0.16046226,1750,1742,train
1388,1.5680339,1.4004562,-0.16757774,1750,1742,train
1389,1.5680263,1.4003869,-0.16763937,1750,1742,train
1390,1.5680186,1.4179928,-0.15002573,1750,1742,train
1391,1.5680108,1.4199498,-0.14806104,1750,1742,train
1392,1.568003,1.3910013,-0.17700171,1750,1742,train
1393,1.5679952,1.3623934,-0.20560181,1750,1742,train
1394,1.5679873,1.3673835,-0.20060384,1750,1742,train
1395,1.5679795,1.3638448,-0.2041347,1750,1742,train
1396,1.5679715,1.3576366,-0.2103349,1750,1742,train
1397,1.5679635,1.343712,-0.22425151,1750,1742,train
1398,1.5679554,1.3542703,-0.21368504,1750,1742,train
1399,1.5679474,1.3559644,-0.21198297,1750,1742,train
1400,1.5679392,1.3646526,-0.20328653,1750,1742,train
1401,1.567931,1.3665287,-0.2014023,1750,1742,train
1402,1.5679228,1.3351218,-0.23280108,1750,1742,train
1403,1.5679145,1.3754528,-0.19246173,1750,1742,train
1404,1.5679061,1.3632039,-0.20470226,1750,1742,train
1405,1.5678978,1.366034,-0.20186377,1750,1742,train
1406,1.5678893,1.3463542,-0.22153509,1750,1742,train
1407,1.5678809,1.3574812,-0.21039963,1750,1742,train
1408,1.5678724,1.3723311,-0.19554126,1750,1742,train
1409,1.5678638,1.3669868,-0.20087707,1750,1742,train
1410,1.5678551,1.3607126,-0.20714247,1750,1742,train
1411,1.5678465,1.4006233,-0.16722322,1750,1742,train
1412,1.5678377,1.379972,-0.18786573,1750,1742,train
1413,1.567829,1.3711882,-0.19664085,1750,1742,train
1414,1.5678202,1.380129,-0.18769121,1750,1742,train
1415,1.5678113,1.3656186,-0.20219266,1750,1742,train
1416,1.5678023,1.3648095,-0.2029928,1750,1742,train
1417,1.5677934,1.3650248,-0.20276856,1750,1742,train
1418,1.5677843,1.3835362,-0.18424809,1750,1742,train
1419,1.5677751,1.379974,-0.18780112,1750,1742,train
1420,1.5677661,1.3644176,-0.20334852,1750,1742,train
1421,1.5677568,1.3738191,-0.19393766,1750,1742,train
1422,1.5677476,1.3842793,-0.18346834,1750,1742,train
1423,1.5677382,1.3807212,-0.18701696,1750,1742,train
1424,1.5677289,1.3850584,-0.18267047,1750,1742,train
1425,1.5677195,1.3694233,-0.19829619,1750,1742,train
1426,1.5677099,1.3833154,-0.18439448,1750,1742,train
1427,1.5677004,1.3587897,-0.2089107,1750,1742,train
1428,1.5676907,1.3672838,-0.20040691,1750,1742,train
1429,1.5676811,1.3583034,-0.20937765,1750,1742,train
1430,1.5676713,1.3618472,-0.20582414,1750,1742,train
1431,1.5676615,1.3776634,-0.18999815,1750,1742,train
1432,1.5676516,1.3546379,-0.21301377,1750,1742,train
1433,1.5676417,1.3524276,-0.21521413,1750,1742,train
1434,1.5676317,1.3481315,-0.21950018,1750,1742,train
1435,1.5676217,1.3536187,-0.21400297,1750,1742,train
1436,1.5676116,1.352618,-0.2149936,1750,1742,train
1437,1.5676014,1.3607616,-0.2068398,1750,1742,train
1438,1.5675912,1.3681448,-0.19944644,1750,1742,train
1439,1.5675809,1.3753426,-0.19223833,1750,1742,train
1440,1.5675706,1.3816212,-0.18594933,1750,1742,train
1441,1.5675601,1.3822501,-0.18531,1750,1742,train
1442,1.5675496,1.3715318,-0.19601774,1750,1742,train
1443,1.567539,1.3826623,-0.18487668,1750,1742,train
1444,1.5675284,1.3910418,-0.17648661,1750,1742,train
1445,1.5675176,1.371277,-0.19624066,1750,1742,train
1446,1.5675069,1.3639268,-0.20358014,1750,1742,train
1447,1.5674961,1.372612,-0.19488406,1750,1742,train
1448,1.5674851,1.3543967,-0.2130884,1750,1742,train
1449,1.5674741,1.3499748,-0.21749938,1750,1742,train
1450,1.567463,1.3538435,-0.21361959,1750,1742,train
1451,1.5674518,1.3464003,-0.22105157,1750,1742,train
1452,1.5674406,1.3384717,-0.22896898,1750,1742,train
1453,1.5674293,1.3447417,-0.2226876,1750,1742,train
1454,1.567418,1.35304,-0.214378,1750,1742,train
1455,1.5674065,1.3600245,-0.20738208,1750,1742,train
1456,1.567395,1.3660412,-0.20135379,1750,1742,train
1457,1.5673834,1.3561091,-0.21127427,1750,1742,train
1458,1.5673717,1.336595,-0.23077667,1750,1742,train
1459,1.5673599,1.3477278,-0.21963215,1750,1742,train
1460,1.5673481,1.3580389,-0.20930922,1750,1742,train
1461,1.5673361,1.3345672,-0.2327689,1750,1742,train
1462,1.5673242,1.3468958,-0.22042835,1750,1742,train
1463,1.567312,1.3436776,-0.22363436,1750,1742,train
1464,1.5672998,1.3214709,-0.24582899,1750,1742,train
1465,1.5672876,1.3091726,-0.25811493,1750,1742,train
1466,1.5672752,1.3088953,-0.25837982,1750,1742,train
1467,1.5672628,1.3076872,-0.2595756,1750,1742,train
1468,1.5672503,1.2919894,-0.2752608,1750,1742,train
1469,1.5672376,1.3033679,-0.26386976,1750,1742,train
1470,1.5672249,1.3054589,-0.26176596,1750,1742,train
1471,1.5672121,1.319206,-0.2480061,1750,1742,train
1472,1.5671992,1.3312024,-0.23599684,1750,1742,train
1473,1.5671862,1.3180299,-0.24915636,1750,1742,train
1474,1.5671731,1.2995949,-0.26757824,1750,1742,train
1475,1.56716,1.3272616,-0.23989844,1750,1742,train
1476,1.5671467,1.3354919,-0.23165476,1750,1742,train
1477,1.5671333,1.3219862,-0.24514711,1750,1742,train
1478,1.5671198,1.3055973,-0.26152253,1750,1742,train
1479,1.5671064,1.3259729,-0.24113345,1750,1742,train
1480,1.5670927,1.2926632,-0.27442944,1750,1742,train
1481,1.5670788,1.2813878,-0.28569102,1750,1742,train
1482,1.567065,1.2871404,-0.27992463,1750,1742,train
1483,1.567051,1.2563442,-0.31070685,1750,1742,train
1484,1.567037,1.2471483,-0.3198887,1750,1742,train
1485,1.5670228,1.2547281,-0.31229472,1750,1742,train
1486,1.5670085,1.266633,-0.30037546,1750,1742,train
1487,1.5669941,1.283149,-0.28384507,1750,1742,train
1488,1.5669795,1.2692013,-0.29777825,1750,1742,train
1489,1.566965,1.1767015,-0.39026344,1750,1742,train
1490,1.5669502,1.0632209,-0.50372934,1750,1742,train
1491,1.5669353,1.1630176,-0.40391767,1750,1742,train
1492,1.5669204,1.1659214,-0.40099895,1750,1742,train
1493,1.5669053,1.0530363,-0.5138689,1750,1742,train
1494,1.5668901,0.97939825,-0.58749187,1750,1742,train
1495,1.5668747,1.0495828,-0.5172919,1750,1742,train
1496,1.5668594,1.0035284,-0.563331,1750,1742,train
1497,1.5668437,0.86472523,-0.7021185,1750,1742,train
1498,1.5668281,0.87337655,-0.6934516,1750,1742,train
1499,1.5668123,0.7845099,-0.7823024,1750,1742,train
1500,1.5667963,0.6754695,-0.8913268,1750,1742,train
1501,1.5667803,0.7183858,-0.8483945,1750,1742,train
1502,1.5667641,0.8171936,-0.7495705,1750,1742,train
1503,1.5667478,0.9231801,-0.6435677,1750,1742,train
1504,1.5667313,0.8247888,-0.7419425,1750,1742,train
1505,1.5667148,0.69965947,-0.8670553,1750,1742,train
1506,1.566698,0.6024383,-0.9642597,1750,1742,train
1507,1.5666811,0.76927626,-0.7974049,1750,1742,train
1508,1.5666641,0.79271364,-0.77395046,1750,1742,train
1509,1.5666469,0.7046765,-0.8619704,1750,1742,train
1510,1.5666296,0.61600626,-0.9506234,1750,1742,train
1511,1.5666122,0.6607797,-0.9058325,1750,1742,train
1512,1.5665947,0.609146,-0.9574487,1750,1742,train
1513,1.566577,0.5238302,-1.0427468,1750,1742,train
1514,1.5665591,0.55698,-1.0095791,1750,1742,train
1515,1.5665411,0.39866388,-1.1678772,1750,1742,train
1516,1.5665228,0.28538662,-1.2811363,1750,1742,train
1517,1.5665045,0.36438954,-1.2021149,1750,1742,train
1518,1.566486,0.4589523,-1.1075337,1750,1742,train
1519,1.5664674,0.46621168,-1.1002557,1750,1742,train
1520,1.5664486,0.45269758,-1.1137509,1750,1742,train
1521,1.5664295,0.35481492,-1.2116146,1750,1742,train
1522,1.5664104,0.33690992,-1.2295005,1750,1742,train
1523,1.5663911,0.19930685,-1.3670843,1750,1742,train
1524,1.5663716,0.11240567,-1.4539659,1750,1742,train
1525,1.5663519,0.07087625,-1.4954756,1750,1742,train
1526,1.5663321,0.19838405,-1.367948,1750,1742,train
1527,1.5663121,0.14894836,-1.4173638,1750,1742,train
1528,1.5662918,0.07387397,-1.4924178,1750,1742,train
1529,1.5662714,0.042836875,-1.5234345,1750,1742,train
1530,1.5662509,0.041129064,-1.5251218,1750,1742,train
1531,1.5662302,0.16864014,-1.39759,1750,1742,train
1532,1.5662092,0.0948336,-1.4713756,1750,1742,train
1533,1.5661881,0.10180677,-1.4643813,1750,1742,train
1534,1.5661668,0.050887,-1.5152798,1750,1742,train
1535,1.5661452,0.092543155,-1.473602,1750,1742,train
1536,1.5661235,1.1825309,-0.3835926,1750,1742,train
1537,1.5661016,1.1357012,-0.43040037,1750,1742,train
1538,1.5660794,1.0795407,-0.48653865,1750,1742,train
1539,1.566057,1.0434239,-0.5226331,1750,1742,train
1540,1.5660344,0.9846897,-0.5813447,1750,1742,train
1541,1.5660117,1.0156791,-0.55033255,1750,1742,train
1542,1.5659887,1.1341035,-0.43188512,1750,1742,train
1543,1.5659654,1.1191027,-0.4468627,1750,1742,train
1544,1.565942,1.09306,-0.47288203,1750,1742,train
1545,1.5659183,0.99540913,-0.5705092,1750,1742,train
1546,1.5658944,1.1106449,-0.45524943,1750,1742,train
1547,1.5658703,0.9970573,-0.56881297,1750,1742,train
1548,1.5658458,0.902498,-0.66334784,1750,1742,train
1549,1.5658213,1.0386178,-0.52720344,1750,1742,train
1550,1.5657964,0.9918134,-0.57398295,1750,1742,train
1551,1.5657712,0.942714,-0.62305725,1750,1742,train
1552,1.5657458,1.1011717,-0.4645741,1750,1742,train
1553,1.5657202,0.9968884,-0.5688318,1750,1742,train
1554,1.5656943,1.0141761,-0.5515182,1750,1742,train
1555,1.5656682,0.9315652,-0.634103,1750,1742,train
1556,1.5656418,0.9316916,-0.6339502,1750,1742,train
1557,1.565615,0.8777782,-0.6878369,1750,1742,train
1558,1.565588,0.96255636,-0.60303164,1750,1742,train
1559,1.5655608,0.900377,-0.66518384,1750,1742,train
1560,1.5655332,1.1520133,-0.41351986,1750,1742,train
1561,1.5655054,1.0525314,-0.512974,1750,1742,train
1562,1.5654773,0.96996117,-0.5955161,1750,1742,train
1563,1.5654488,1.0716707,-0.4937781,1750,1742,train
1564,1.56542,1.0943924,-0.4710276,1750,1742,train
1565,1.565391,1.0645953,-0.5007956,1750,1742,train
1566,1.5653616,1.0795958,-0.4857658,1750,1742,train
1567,1.5653319,1.1722046,-0.39312732,1750,1742,train
1568,1.5653019,1.0751483,-0.49015355,1750,1742,train
1569,1.5652715,0.9817595,-0.583512,1750,1742,train
1570,1.5652409,0.98680395,-0.5784369,1750,1742,train
1571,1.5652097,0.93796146,-0.6272483,1750,1742,train
1572,1.5651784,0.9566821,-0.6084963,1750,1742,train
1573,1.5651467,0.89196527,-0.6731814,1750,1742,train
1574,1.5651146,0.8780248,-0.6870898,1750,1742,train
1575,1.5650821,0.83847666,-0.7266054,1750,1742,train
1576,1.5650493,0.91544,-0.64960927,1750,1742,train
1577,1.565016,0.8610586,-0.70395744,1750,1742,train
1578,1.5649824,0.94655645,-0.61842597,1750,1742,train
1579,1.5649484,0.83035576,-0.7345927,1750,1742,train
1580,1.564914,0.8441545,-0.7207595,1750,1742,train
1581,1.5648792,0.8204186,-0.7444606,1750,1742,train
1582,1.564844,0.8198514,-0.7449926,1750,1742,train
1583,1.5648084,0.80614257,-0.7586658,1750,1742,train
1584,1.5647722,1.1899769,-0.37479532,1750,1742,train
1585,1.5647358,1.146821,-0.41791475,1750,1742,train
1586,1.5646988,1.1997201,-0.36497867,1750,1742,train
1587,1.5646614,1.1219324,-0.442729,1750,1742,train
1588,1.5646236,1.1592225,-0.4054011,1750,1742,train
1589,1.5645852,1.1081643,-0.4564209,1750,1742,train
1590,1.5645465,1.1929729,-0.37157357,1750,1742,train
1591,1.5645071,1.1401174,-0.42438972,1750,1742,train
1592,1.5644673,1.2422762,-0.32219112,1750,1742,train
1593,1.564427,1.1660242,-0.3984028,1750,1742,train
1594,1.5643861,1.1007674,-0.46361876,1750,1742,train
1595,1.5643448,1.104479,-0.4598658,1750,1742,train
1596,1.5643029,1.1117531,-0.45254982,1750,1742,train
1597,1.5642605,1.1791786,-0.3850819,1750,1742,train
1598,1.5642174,1.0752609,-0.48895657,1750,1742,train
1599,1.5641739,1.0648508,-0.49932313,1750,1742,train
1600,1.5641297,1.2083981,-0.3557316,1750,1742,train
1601,1.564085,1.1761138,-0.38797116,1750,1742,train
1602,1.5640397,1.1390377,-0.42500198,1750,1742,train
1603,1.5639937,1.200877,-0.36311674,1750,1742,train
1604,1.5639471,1.1538471,-0.41009998,1750,1742,train
1605,1.5638999,1.1842675,-0.37963235,1750,1742,train
1606,1.563852,1.2026219,-0.36123002,1750,1742,train
1607,1.5638034,1.1147342,-0.44906926,1750,1742,train
1608,1.5637542,1.0069023,-0.55685186,1750,1742,train
1609,1.5637043,0.99266195,-0.5710423,1750,1742,train
1610,1.5636536,1.0853993,-0.47825432,1750,1742,train
1611,1.5636022,1.0947139,-0.46888828,1750,1742,train
1612,1.5635501,1.0630264,-0.5005237,1750,1742,train
1613,1.5634972,1.1165638,-0.4469334,1750,1742,train
1614,1.5634435,1.1043892,-0.45905435,1750,1742,train
1615,1.5633891,0.97579545,-0.5875936,1750,1742,train
1616,1.5633337,1.0305319,-0.53280187,1750,1742,train
1617,1.5632777,1.1170428,-0.44623494,1750,1742,train
1618,1.5632207,1.0192108,-0.5440099,1750,1742,train
1619,1.5631629,0.9970148,-0.5661481,1750,1742,train
1620,1.5631042,0.8285948,-0.73450935,1750,1742,train
1621,1.5630445,0.8997698,-0.66327477,1750,1742,train
1622,1.562984,0.7341827,-0.8288013,1750,1742,train
1623,1.5629225,0.84401286,-0.7189096,1750,1742,train
1624,1.56286,0.9908074,-0.5720526,1750,1742,train
1625,1.5627965,0.9091151,-0.6536814,1750,1742,train
1626,1.562732,0.9135511,-0.6491809,1750,1742,train
1627,1.5626664,0.86688656,-0.69577986,1750,1742,train
1628,1.5625998,0.7245138,-0.83808595,1750,1742,train
1629,1.5625321,0.812742,-0.7497901,1750,1742,train
1630,1.5624632,0.7115053,-0.8509579,1750,1742,train
1631,1.5623932,0.8996732,-0.66271996,1750,1742,train
1632,1.5623219,1.1830053,-0.37931657,1750,1742,train
1633,1.5622495,1.1764786,-0.38577092,1750,1742,train
1634,1.5621759,1.2076634,-0.35451245,1750,1742,train
1635,1.5621009,1.1785568,-0.3835441,1750,1742,train
1636,1.5620246,1.1807404,-0.38128424,1750,1742,train
1637,1.561947,1.1041416,-0.4578054,1750,1742,train
1638,1.561868,1.1335154,-0.4283526,1750,1742,train
1639,1.5617876,1.1549889,-0.40679872,1750,1742,train
1640,1.5617057,1.1692878,-0.3924179,1750,1742,train
1641,1.5616223,1.1366245,-0.4249978,1750,1742,train
1642,1.5615374,1.0702683,-0.4912691,1750,1742,train
1643,1.5614508,0.95256793,-0.6088829,1750,1742,train
1644,1.5613626,0.9878876,-0.573475,1750,1742,train
1645,1.5612729,1.0251191,-0.5361538,1750,1742,train
1646,1.5611812,1.04646,-0.51472116,1750,1742,train
1647,1.5610878,1.1215332,-0.4395547,1750,1742,train
1648,1.5609927,1.220783,-0.34020972,1750,1742,train
1649,1.5608957,1.1488616,-0.41203403,1750,1742,train
1650,1.5607966,1.0317446,-0.529052,1750,1742,train
1651,1.5606956,0.9779148,-0.58278084,1750,1742,train
1652,1.5605927,1.048779,-0.51181364,1750,1742,train
1653,1.5604874,1.041842,-0.5186454,1750,1742,train
1654,1.56038,1.0706567,-0.48972332,1750,1742,train
1655,1.5602704,1.036906,-0.5233644,1750,1742,train
1656,1.5601584,1.2102635,-0.34989488,1750,1742,train
1657,1.560044,1.0507054,-0.5093386,1750,1742,train
1658,1.5599272,1.0120968,-0.54783046,1750,1742,train
1659,1.5598078,1.1364418,-0.42336595,1750,1742,train
1660,1.5596857,1.0251853,-0.53450036,1750,1742,train
1661,1.5595609,1.0617386,-0.49782228,1750,1742,train
1662,1.5594332,0.9570016,-0.6024316,1750,1742,train
1663,1.5593026,0.9957135,-0.5635891,1750,1742,train
1664,1.5591689,1.2259966,-0.33317232,1750,1742,train
1665,1.5590322,1.1394204,-0.4196118,1750,1742,train
1666,1.5588921,1.2166512,-0.34224093,1750,1742,train
1667,1.5587487,1.2136954,-0.34505332,1750,1742,train
1668,1.5586019,1.1861757,-0.37242615,1750,1742,train
1669,1.5584513,1.1877255,-0.37072575,1750,1742,train
1670,1.5582969,1.2666948,-0.29160213,1750,1742,train
1671,1.5581387,1.1453897,-0.41274905,1750,1742,train
1672,1.5579765,1.2334669,-0.32450962,1750,1742,train
1673,1.5578101,1.2493109,-0.30849922,1750,1742,train
1674,1.5576392,1.2726736,-0.28496563,1750,1742,train
1675,1.5574638,1.2712151,-0.28624868,1750,1742,train
1676,1.5572836,1.1901205,-0.36716318,1750,1742,train
1677,1.5570985,1.2263379,-0.3307606,1750,1742,train
1678,1.5569084,1.1487699,-0.4081385,1750,1742,train
1679,1.5567127,1.0521297,-0.504583,1750,1742,train
1680,1.5565116,1.1136751,-0.44283652,1750,1742,train
1681,1.5563046,1.0463337,-0.5099709,1750,1742,train
1682,1.5560915,1.0592365,-0.49685502,1750,1742,train
1683,1.5558721,0.9753228,-0.5805493,1750,1742,train
1684,1.555646,0.83535016,-0.7202958,1750,1742,train
1685,1.5554129,0.75891984,-0.79649305,1750,1742,train
1686,1.5551726,0.7920761,-0.76309645,1750,1742,train
1687,1.5549246,0.91729856,-0.63762605,1750,1742,train
1688,1.5546687,1.09379,-0.4608786,1750,1742,train
1689,1.5544044,0.8895149,-0.66488945,1750,1742,train
1690,1.5541312,0.90349823,-0.6506329,1750,1742,train
1691,1.5538487,0.9121984,-0.6416503,1750,1742,train
1692,1.5535567,0.9780892,-0.57546747,1750,1742,train
1693,1.5532542,1.0701795,-0.48307478,1750,1742,train
1694,1.5529411,1.0197073,-0.53323376,1750,1742,train
1695,1.5526165,1.023109,-0.5295075,1750,1742,train
1696,1.55228,1.266015,-0.2862649,1750,1742,train
1697,1.5519307,1.2049675,-0.34696317,1750,1742,train
1698,1.5515679,1.135938,-0.41562986,1750,1742,train
1699,1.551191,1.1091835,-0.44200742,1750,1742,train
1700,1.550799,1.0647938,-0.4860052,1750,1742,train
1701,1.550391,1.111428,-0.43896294,1750,1742,train
1702,1.549966,1.1022477,-0.44771826,1750,1742,train
1703,1.549523,0.94786686,-0.60165614,1750,1742,train
1704,1.5490606,1.0975261,-0.4515345,1750,1742,train
1705,1.5485778,1.1560048,-0.392573,1750,1742,train
1706,1.5480729,1.0716383,-0.4764346,1750,1742,train
1707,1.5475447,1.0870843,-0.46046042,1750,1742,train
1708,1.5469913,1.1524243,-0.394567,1750,1742,train
1709,1.5464109,1.0855863,-0.4608246,1750,1742,train
1710,1.5458015,1.0705761,-0.47522545,1750,1742,train
1711,1.5451609,1.0264156,-0.5187453,1750,1742,train
1712,1.5444866,1.1544185,-0.39006817,1750,1742,train
1713,1.5437759,1.1997803,-0.34399557,1750,1742,train
1714,1.5430257,1.1969604,-0.34606528,1750,1742,train
1715,1.5422326,1.1283588,-0.4138738,1750,1742,train
1716,1.541393,1.116081,-0.42531204,1750,1742,train
1717,1.5405025,0.9582205,-0.58228207,1750,1742,train
1718,1.5395565,0.9782946,-0.5612619,1750,1742,train
1719,1.5385494,1.0152942,-0.5232552,1750,1742,train
1720,1.5374753,1.088623,-0.4488523,1750,1742,train
1721,1.5363272,0.87917304,-0.6571542,1750,1742,train
1722,1.5350972,1.0232303,-0.5118669,1750,1742,train
1723,1.5337762,1.0024503,-0.5313258,1750,1742,train
1724,1.5323538,1.0063394,-0.5260143,1750,1742,train
1725,1.5308176,1.0867009,-0.4441167,1750,1742,train
1726,1.5291537,0.8626393,-0.6665144,1750,1742,train
1727,1.5273454,0.92063415,-0.60671127,1750,1742,train
1728,1.5253731,0.71650606,-0.80886704,1750,1742,train
1729,1.5232133,0.6648979,-0.85831535,1750,1742,train
1730,1.5208379,0.6258658,-0.8949721,1750,1742,train
1731,1.5182133,0.5136586,-1.0045547,1750,1742,train
1732,1.5152978,0.5092903,-1.0060074,1750,1742,train
1733,1.5120405,0.5533744,-0.9586661,1750,1742,train
1734,1.5083776,0.38508773,-1.1232898,1750,1742,train
1735,1.5042281,0.39674133,-1.1074867,1750,1742,train
1736,1.4994888,-0.13799073,-1.6374795,1750,1742,train
1737,1.4940244,-0.16837238,-1.6623968,1750,1742,train
1738,1.487655,-0.17909513,-1.6667502,1750,1742,train
1739,1.4801364,-0.14935479,-1.6294912,1750,1742,train
1740,1.4711276,0.071534246,-1.3995934,1750,1742,train
1741,1.4601392,0.022594638,-1.4375445,1750,1742,train
1742,1.4464413,0.015648983,-1.4307923,1750,1742,train
1743,1.4288993,-0.20373923,-1.6326385,1750,1742,train
1744,1.4056476,-0.90885735,-2.314505,1750,1742,train
1745,1.3734008,-0.8802333,-2.253634,1750,1742,train
1746,1.3258177,-0.93018126,-2.255999,1750,1742,train
1747,1.2490457,-0.96819794,-2.2172437,1750,1742,train
1748,1.1071488,-1.199461,-2.3066096,1750,1742,train
1749,0.7853982,-1.2276611,-2.0130594,1750,1742,train
1750,-0.0,-1.2424339,-1.2424339,1750,1742,train
1751,-0.7853982,-1.2043176,-0.41891938,1750,1742,train
1752,-1.1071488,-1.354235,-0.24708629,1750,1742,train
1753,-1.2490457,-1.3343012,-0.0852555,1750,1742,train
1754,-1.3258177,-1.3459731,-0.02015543,1750,1742,train
1755,-1.3734008,-1.3489244,0.024476409,1750,1742,train
1756,-1.4056476,-1.3210104,0.084637284,1750,1742,train
1757,-1.4288993,-1.3206999,0.10819936,1750,1742,train
1758,-1.4464413,-1.3401887,0.10625255,1750,1742,train
1759,-1.4601392,-1.3313892,0.12874997,1750,1742,train
1760,-1.4711276,-1.416702,0.054425597,1750,1742,train
1761,-1.4801364,-1.4057375,0.074398875,1750,1742,train
1762,-1.487655,-1.3962367,0.091418386,1750,1742,train
1763,-1.4940244,-1.401663,0.09236145,1750,1742,train
1764,-1.4994888,-1.4162467,0.08324218,1750,1742,train
1765,-1.5042281,-1.4211318,0.083096266,1750,1742,train
1766,-1.5083776,-1.4191812,0.089196324,1750,1742,train
1767,-1.5120405,-1.4203598,0.091680646,1750,1742,train
1768,-1.5152978,-1.4386601,0.076637626,1750,1742,train
1769,-1.5182133,-1.4163651,0.101848125,1750,1742,train
1770,-1.5208379,-1.4165709,0.104267,1750,1742,train
1771,-1.5232133,-1.403726,0.119487286,1750,1742,train
1772,-1.5253731,-1.4107695,0.11460364,1750,1742,train
1773,-1.5273454,-1.4101822,0.11716318,1750,1742,train
1774,-1.5291537,-1.4131279,0.116025805,1750,1742,train
1775,-1.5308176,-1.4126971,0.11812055,1750,1742,train
1776,-1.5323538,-1.3783879,0.15396583,1750,1742,train
1777,-1.5337762,-1.3814079,0.1523683,1750,1742,train
1778,-1.5350972,-1.3873587,0.14773858,1750,1742,train
1779,-1.5363272,-1.3757623,0.1605649,1750,1742,train
1780,-1.5374753,-1.3711693,0.16630602,1750,1742,train
1781,-1.5385494,-1.352394,0.18615544,1750,1742,train
1782,-1.5395565,-1.3621521,0.1774044,1750,1742,train
1783,-1.5405025,-1.3651278,0.17537475,1750,1742,train
1784,-1.541393,-1.373251,0.16814208,1750,1742,train
1785,-1.5422326,-1.3614459,0.18078673,1750,1742,train
1786,-1.5430257,-1.3590273,0.18399847,1750,1742,train
1787,-1.5437759,-1.3432646,0.20051134,1750,1742,train
1788,-1.5444866,-1.3493338,0.19515288,1750,1742,train
1789,-1.5451609,-1.3539506,0.19121027,1750,1742,train
1790,-1.5458015,-1.3616663,0.1841352,1750,1742,train
1791,-1.5464109,-1.3618302,0.18458068,1750,1742,train
1792,-1.5469913,-1.390975,0.15601635,1750,1742,train
1793,-1.5475447,-1.3959297,0.15161502,1750,1742,train
1794,-1.5480729,-1.4057667,0.14230621,1750,1742,train
1795,-1.5485778,-1.4259729,0.12260485,1750,1742,train
1796,-1.5490606,-1.4397423,0.10931826,1750,1742,train
1797,-1.549523,-1.4257153,0.12380767,1750,1742,train
1798,-1.549966,-1.4053259,0.14464009,1750,1742,train
1799,-1.550391,-1.4230453,0.12734568,1750,1742,train
1800,-1.550799,-1.4357228,0.115076184,1750,1742,train
1801,-1.551191,-1.4531052,0.09808576,1750,1742,train
1802,-1.5515679,-1.4556563,0.09591162,1750,1742,train
1803,-1.5519307,-1.4503711,0.10155952,1750,1742,train
1804,-1.55228,-1.4563525,0.09592748,1750,1742,train
1805,-1.5526165,-1.4417634,0.110853076,1750,1742,train
1806,-1.5529411,-1.4410605,0.11188054,1750,1742,train
1807,-1.5532542,-1.4391282,0.114126086,1750,1742,train
1808,-1.5535567,-1.4067552,0.14680147,1750,1742,train
1809,-1.5538487,-1.4030133,0.1508354,1750,1742,train
1810,-1.5541312,-1.4011543,0.15297687,1750,1742,train
1811,-1.5544044,-1.4010212,0.15338314,1750,1742,train
1812,-1.5546687,-1.4143513,0.14031732,1750,1742,train
1813,-1.5549246,-1.409904,0.1450206,1750,1742,train
1814,-1.5551726,-1.4089046,0.14626801,1750,1742,train
1815,-1.5554129,-1.420989,0.13442385,1750,1742,train
1816,-1.555646,-1.4397268,0.11591911,1750,1742,train
1817,-1.5558721,-1.4129294,0.14294267,1750,1742,train
1818,-1.5560915,-1.421848,0.13424349,1750,1742,train
1819,-1.5563046,-1.4263031,0.13000143,1750,1742,train
1820,-1.5565116,-1.3886261,0.16788554,1750,1742,train
1821,-1.5567127,-1.391896,0.16481674,1750,1742,train
1822,-1.5569084,-1.3950682,0.1618402,1750,1742,train
1823,-1.5570985,-1.4056956,0.15140295,1750,1742,train
1824,-1.5572836,-1.3898513,0.16743231,1750,1742,train
1825,-1.5574638,-1.4043943,0.1530695,1750,1742,train
1826,-1.5576392,-1.4089723,0.14866698,1750,1742,train
1827,-1.5578101,-1.4168987,0.14091134,1750,1742,train
1828,-1.5579765,-1.3977581,0.16021836,1750,1742,train
1829,-1.5581387,-1.4041915,0.15394723,1750,1742,train
1830,-1.5582969,-1.3961885,0.16210842,1750,1742,train
1831,-1.5584513,-1.4069593,0.151492,1750,1742,train
1832,-1.5586019,-1.3854349,0.17316699,1750,1742,train
1833,-1.5587487,-1.3949053,0.1638434,1750,1742,train
1834,-1.5588921,-1.3988795,0.1600126,1750,1742,train
1835,-1.5590322,-1.4060482,0.15298402,1750,1742,train
1836,-1.5591689,-1.3866673,0.17250168,1750,1742,train
1837,-1.5593026,-1.3768166,0.18248594,1750,1742,train
1838,-1.5594332,-1.4007118,0.15872145,1750,1742,train
1839,-1.5595609,-1.3922906,0.1672703,1750,1742,train
1840,-1.5596857,-1.4044677,0.155218,1750,1742,train
1841,-1.5598078,-1.3939277,0.16588008,1750,1742,train
1842,-1.5599272,-1.3816817,0.17824554,1750,1742,train
1843,-1.560044,-1.4075687,0.15247536,1750,1742,train
1844,-1.5601584,-1.3971257,0.16303265,1750,1742,train
1845,-1.5602704,-1.3762771,0.18399334,1750,1742,train
1846,-1.56038,-1.3762577,0.18412232,1750,1742,train
1847,-1.5604874,-1.3772521,0.18323529,1750,1742,train
1848,-1.5605927,-1.3803082,0.1802845,1750,1742,train
1849,-1.5606956,-1.3775178,0.18317783,1750,1742,train
1850,-1.5607966,-1.3638945,0.19690216,1750,1742,train
1851,-1.5608957,-1.3612847,0.19961095,1750,1742,train
1852,-1.5609927,-1.3478367,0.21315598,1750,1742,train
1853,-1.5610878,-1.3652431,0.19584477,1750,1742,train
1854,-1.5611812,-1.3573627,0.20381844,1750,1742,train
1855,-1.5612729,-1.3652751,0.19599771,1750,1742,train
1856,-1.5613626,-1.3783113,0.18305135,1750,1742,train
1857,-1.5614508,-1.4008592,0.1605916,1750,1742,train
1858,-1.5615374,-1.3948255,0.16671193,1750,1742,train
1859,-1.5616223,-1.3933487,0.16827357,1750,1742,train
1860,-1.5617057,-1.4035885,0.15811718,1750,1742,train
1861,-1.5617876,-1.3833737,0.17841387,1750,1742,train
1862,-1.561868,-1.3899853,0.17188263,1750,1742,train
1863,-1.561947,-1.3920498,0.1698972,1750,1742,train
1864,-1.5620246,-1.3957934,0.16623116,1750,1742,train
1865,-1.5621009,-1.4136248,0.14847612,1750,1742,train
1866,-1.5621759,-1.4093368,0.15283906,1750,1742,train
1867,-1.5622495,-1.4006603,0.16158926,1750,1742,train
1868,-1.5623219,-1.3909618,0.17136014,1750,1742,train
1869,-1.5623932,-1.3915259,0.17086732,1750,1742,train
1870,-1.5624632,-1.3875673,0.17489588,1750,1742,train
1871,-1.5625321,-1.3879204,0.17461169,1750,1742,train
1872,-1.5625998,-1.3974881,0.16511166,1750,1742,train
1873,-1.5626664,-1.3900342,0.17263222,1750,1742,train
1874,-1.562732,-1.3769549,0.18577707,1750,1742,train
1875,-1.5627965,-1.3993684,0.16342807,1750,1742,train
1876,-1.56286,-1.416892,0.14596796,1750,1742,train
1877,-1.5629225,-1.4026332,0.16028929,1750,1742,train
1878,-1.562984,-1.4066916,0.15629244,1750,1742,train
1879,-1.5630445,-1.4027028,0.16034174,1750,1742,train
1880,-1.5631042,-1.4074514,0.15565276,1750,1742,train
1881,-1.5631629,-1.3955754,0.16758752,1750,1742,train
1882,-1.5632207,-1.3765004,0.18672037,1750,1742,train
1883,-1.5632777,-1.4223437,0.14093399,1750,1742,train
1884,-1.5633337,-1.4072821,0.15605164,1750,1742,train
1885,-1.5633891,-1.3992885,0.16410053,1750,1742,train
1886,-1.5634435,-1.3898671,0.17357647,1750,1742,train
1887,-1.5634972,-1.3904113,0.17308593,1750,1742,train
1888,-1.5635501,-1.402875,0.16067517,1750,1742,train
1889,-1.5636022,-1.4068487,0.15675354,1750,1742,train
1890,-1.5636536,-1.3936832,0.1699704,1750,1742,train
1891,-1.5637043,-1.4049492,0.15875506,1750,1742,train
1892,-1.5637542,-1.4146254,0.1491288,1750,1742,train
1893,-1.5638034,-1.404222,0.15958142,1750,1742,train
1894,-1.563852,-1.4267106,0.13714135,1750,1742,train
1895,-1.5638999,-1.4269177,0.1369822,1750,1742,train
1896,-1.5639471,-1.4282646,0.13568246,1750,1742,train
1897,-1.5639937,-1.4394047,0.12458897,1750,1742,train
1898,-1.5640397,-1.4302018,0.13383794,1750,1742,train
1899,-1.564085,-1.4275815,0.13650346,1750,1742,train
1900,-1.5641297,-1.445256,0.118873715,1750,1742,train
1901,-1.5641739,-1.441516,0.122657895,1750,1742,train
1902,-1.5642174,-1.439886,0.124331474,1750,1742,train
1903,-1.5642605,-1.4379638,0.12629664,1750,1742,train
1904,-1.5643029,-1.4279633,0.13633966,1750,1742,train
1905,-1.5643448,-1.4065392,0.15780556,1750,1742,train
1906,-1.5643861,-1.4114876,0.15289855,1750,1742,train
1907,-1.564427,-1.4408046,0.12362242,1750,1742,train
1908,-1.5644673,-1.4474442,0.11702311,1750,1742,train
1909,-1.5645071,-1.4158506,0.14865649,1750,1742,train
1910,-1.5645465,-1.4230688,0.1414777,1750,1742,train
1911,-1.5645852,-1.4459684,0.11861682,1750,1742,train
1912,-1.5646236,-1.4266855,0.13793814,1750,1742,train
1913,-1.5646614,-1.4404334,0.124228,1750,1742,train
1914,-1.5646988,-1.4389334,0.12576544,1750,1742,train
1915,-1.5647358,-1.421578,0.14315772,1750,1742,train
1916,-1.5647722,-1.3996997,0.16507256,1750,1742,train
1917,-1.5648084,-1.3782892,0.18651915,1750,1742,train
1918,-1.564844,-1.4432843,0.12155974,1750,1742,train
1919,-1.5648792,-1.4431224,0.12175679,1750,1742,train
1920,-1.564914,-1.3994441,0.16546988,1750,1742,train
1921,-1.5649484,-1.4249911,0.13995731,1750,1742,train
1922,-1.5649824,-1.418906,0.14607644,1750,1742,train
1923,-1.565016,-1.4708663,0.09414971,1750,1742,train
1924,-1.5650493,-1.4588845,0.10616481,1750,1742,train
1925,-1.5650821,-1.462126,0.10295606,1750,1742,train
1926,-1.5651146,-1.4611638,0.10395086,1750,1742,train
1927,-1.5651467,-1.4591377,0.10600901,1750,1742,train
1928,-1.5651784,-1.4104308,0.1547476,1750,1742,train
1929,-1.5652097,-1.4809046,0.08430517,1750,1742,train
1930,-1.5652409,-1.4869483,0.07829261,1750,1742,train
1931,-1.5652715,-1.4426689,0.12260258,1750,1742,train
1932,-1.5653019,-1.4563196,0.108982325,1750,1742,train
1933,-1.5653319,-1.4658006,0.09953129,1750,1742,train
1934,-1.5653616,-1.4625916,0.10276997,1750,1742,train
1935,-1.565391,-1.434984,0.13040698,1750,1742,train
1936,-1.56542,-1.4359204,0.12949967,1750,1742,train
1937,-1.5654488,-1.4532132,0.112235546,1750,1742,train
1938,-1.5654773,-1.4409623,0.12451494,1750,1742,train
1939,-1.5655054,-1.4560838,0.10942161,1750,1742,train
1940,-1.5655332,-1.4701483,0.095384836,1750,1742,train
1941,-1.5655608,-1.4585578,0.10700297,1750,1742,train
1942,-1.565588,-1.4827783,0.08280969,1750,1742,train
1943,-1.565615,-1.4813404,0.08427465,1750,1742,train
1944,-1.5656418,-1.439033,0.12660873,1750,1742,train
1945,-1.5656682,-1.4175541,0.14811409,1750,1742,train
1946,-1.5656943,-1.4457114,0.11998296,1750,1742,train
1947,-1.5657202,-1.463881,0.101839185,1750,1742,train
1948,-1.5657458,-1.4272063,0.13853955,1750,1742,train
1949,-1.5657712,-1.4222703,0.14350092,1750,1742,train
1950,-1.5657964,-1.4664512,0.09934521,1750,1742,train
1951,-1.5658213,-1.4607706,0.10505068,1750,1742,train
1952,-1.5658458,-1.4594383,0.10640752,1750,1742,train
1953,-1.5658703,-1.47576,0.0901103,1750,1742,train
1954,-1.5658944,-1.4868193,0.0790751,1750,1742,train
1955,-1.5659183,-1.4389219,0.1269964,1750,1742,train
1956,-1.565942,-1.4226046,0.14333749,1750,1742,train
1957,-1.5659654,-1.4480765,0.11788893,1750,1742,train
1958,-1.5659887,-1.4595388,0.10644984,1750,1742,train
1959,-1.5660117,-1.4606731,0.10533857,1750,1742,train
1960,-1.5660344,-1.4740653,0.09196913,1750,1742,train
1961,-1.566057,-1.4362183,0.1298387,1750,1742,train
1962,-1.5660794,-1.4741377,0.091941714,1750,1742,train
1963,-1.5661016,-1.4985163,0.06758523,1750,1742,train
1964,-1.5661235,-1.4743582,0.091765285,1750,1742,train
1965,-1.5661452,-1.4452361,0.120909095,1750,1742,train
1966,-1.5661668,-1.4474185,0.11874831,1750,1742,train
1967,-1.5661881,-1.5064578,0.05973029,1750,1742,train
1968,-1.5662092,-1.5235641,0.042645097,1750,1742,train
1969,-1.5662302,-1.4667263,0.099503875,1750,1742,train
1970,-1.5662509,-1.4706048,0.09564614,1750,1742,train
1971,-1.5662714,-1.4653149,0.10095656,1750,1742,train
1972,-1.5662918,-1.460634,0.105657816,1750,1742,train
1973,-1.5663121,-1.501699,0.064613104,1750,1742,train
1974,-1.5663321,-1.5020255,0.06430662,1750,1742,train
1975,-1.5663519,-1.4257293,0.14062262,1750,1742,train
1976,-1.5663716,-1.430383,0.1359886,1750,1742,train
1977,-1.5663911,-1.5117931,0.054597974,1750,1742,train
1978,-1.5664104,-1.5180879,0.04832256,1750,1742,train
1979,-1.5664295,-1.4665812,0.09984827,1750,1742,train
1980,-1.5664486,-1.4498513,0.116597295,1750,1742,train
1981,-1.5664674,-1.5268221,0.039645314,1750,1742,train
1982,-1.566486,-1.535169,0.031316996,1750,1742,train
1983,-1.5665045,-1.4827585,0.08374596,1750,1742,train
1984,-1.5665228,-1.5045474,0.06197548,1750,1742,train
1985,-1.5665411,-1.5025166,0.06402445,1750,1742,train
1986,-1.5665591,-1.4538472,0.11271191,1750,1742,train
1987,-1.566577,-1.4682028,0.09837413,1750,1742,train
1988,-1.5665947,-1.5436976,0.022897124,1750,1742,train
1989,-1.5666122,-1.5584103,0.008201957,1750,1742,train
1990,-1.5666296,-1.4912367,0.07539296,1750,1742,train
1991,-1.5666469,-1.4934558,0.073191166,1750,1742,train
1992,-1.5666641,-1.5702043,-0.0035401583,1750,1742,train
1993,-1.5666811,-1.5639613,0.0027198792,1750,1742,train
1994,-1.566698,-1.5228293,0.04386866,1750,1742,train
1995,-1.5667148,-1.5413694,0.025345325,1750,1742,train
1996,-1.5667313,-1.4761206,0.09061074,1750,1742,train
1997,-1.5667478,-1.5134301,0.053317666,1750,1742,train
1998,-1.5667641,-1.5271479,0.039616227,1750,1742,train
1999,-1.5667803,-1.597476,-0.030695677,1750,1742,train
2000,-1.5667963,-1.500118,0.066678286,1750,1742,train
2001,-1.5668123,-1.508346,0.058466315,1750,1742,train
2002,-1.5668281,-1.5784848,-0.011656642,1750,1742,train
2003,-1.5668437,-1.583564,-0.016720295,1750,1742,train
2004,-1.5668594,-1.5616935,0.0051658154,1750,1742,train
2005,-1.5668747,-1.5477904,0.019084334,1750,1742,train
2006,-1.5668901,-1.5180264,0.04886377,1750,1742,train
2007,-1.5669053,-1.5599229,0.0069823265,1750,1742,train
2008,-1.5669204,-1.5575175,0.009402871,1750,1742,train
2009,-1.5669353,-1.523761,0.043174267,1750,1742,train
2010,-1.5669502,-1.5228109,0.044139266,1750,1742,train
2011,-1.566965,-1.5270259,0.039939046,1750,1742,train
2012,-1.5669795,-1.5172033,0.049776196,1750,1742,train
2013,-1.5669941,-1.5442028,0.022791266,1750,1742,train
2014,-1.5670085,-1.5584317,0.008576751,1750,1742,train
2015,-1.5670228,-1.5653296,0.0016932487,1750,1742,train
2016,-1.567037,-1.5192616,0.047775388,1750,1742,train
2017,-1.567051,-1.5581836,0.008867502,1750,1742,train
2018,-1.567065,-1.5502261,0.016838908,1750,1742,train
2019,-1.5670788,-1.5337086,0.033370256,1750,1742,train
2020,-1.5670927,-1.5497262,0.01736641,1750,1742,train
2021,-1.5671064,-1.5914958,-0.024389386,1750,1742,train
2022,-1.5671198,-1.6046948,-0.037575006,1750,1742,train
2023,-1.5671333,-1.592247,-0.025113702,1750,1742,train
2024,-1.5671467,-1.533705,0.033441663,1750,1742,train
2025,-1.56716,-1.572354,-0.0051939487,1750,1742,train
2026,-1.5671731,-1.5648329,0.0023401976,1750,1742,train
2027,-1.5671862,-1.5243062,0.04288006,1750,1742,train
2028,-1.5671992,-1.5302291,0.03697014,1750,1742,train
2029,-1.5672121,-1.5960168,-0.02880466,1750,1742,train
2030,-1.5672249,-1.5406649,0.026559949,1750,1742,train
2031,-1.5672376,-1.5324539,0.03478372,1750,1742,train
2032,-1.5672503,-1.5560653,0.011184931,1750,1742,train
2033,-1.5672628,-1.5579374,0.009325385,1750,1742,train
2034,-1.5672752,-1.5539217,0.013353467,1750,1742,train
2035,-1.5672876,-1.5210155,0.04627204,1750,1742,train
2036,-1.5672998,-1.560159,0.007140875,1750,1742,train
2037,-1.567312,-1.5926882,-0.0253762,1750,1742,train
2038,-1.5673242,-1.6002955,-0.032971382,1750,1742,train
2039,-1.5673361,-1.5788543,-0.01151824,1750,1742,train
2040,-1.5673481,-1.5576873,0.00966084,1750,1742,train
2041,-1.5673599,-1.5784322,-0.011072278,1750,1742,train
2042,-1.5673717,-1.5406575,0.026714206,1750,1742,train
2043,-1.5673834,-1.5469878,0.020395637,1750,1742,train
2044,-1.567395,-1.5104746,0.05692041,1750,1742,train
2045,-1.5674065,-1.5310796,0.036326885,1750,1742,train
2046,-1.567418,-1.5583065,0.009111524,1750,1742,train
2047,-1.5674293,-1.5767844,-0.009355068,1750,1742,train
2048,-1.5674406,-1.5998529,-0.03241229,1750,1742,train
2049,-1.5674518,-1.6246829,-0.05723107,1750,1742,train
2050,-1.567463,-1.5618072,0.0056558847,1750,1742,train
2051,-1.5674741,-1.6375673,-0.070093155,1750,1742,train
2052,-1.5674851,-1.6420715,-0.07458639,1750,1742,train
2053,-1.5674961,-1.640809,-0.073313,1750,1742,train
2054,-1.5675069,-1.6341717,-0.066664815,1750,1742,train
2055,-1.5675176,-1.5836257,-0.016108036,1750,1742,train
2056,-1.5675284,-1.6101713,-0.04264295,1750,1742,train
2057,-1.567539,-1.6806033,-0.11306429,1750,1742,train
2058,-1.5675496,-1.6897355,-0.122185946,1750,1742,train
2059,-1.5675601,-1.6504811,-0.08292103,1750,1742,train
2060,-1.5675706,-1.6580061,-0.090435505,1750,1742,train
2061,-1.5675809,-1.6567214,-0.089140415,1750,1742,train
2062,-1.5675912,-1.6728914,-0.10530019,1750,1742,train
2063,-1.5676014,-1.6704067,-0.10280526,1750,1742,train
2064,-1.5676116,-1.6329746,-0.06536305,1750,1742,train
2065,-1.5676217,-1.6949911,-0.1273694,1750,1742,train
2066,-1.5676317,-1.6999025,-0.13227081,1750,1742,train
2067,-1.5676417,-1.6785238,-0.110882044,1750,1742,train
2068,-1.5676516,-1.6978493,-0.13019764,1750,1742,train
2069,-1.5676615,-1.6933872,-0.12572563,1750,1742,train
2070,-1.5676713,-1.7157744,-0.14810312,1750,1742,train
2071,-1.5676811,-1.6707208,-0.10303974,1750,1742,train
2072,-1.5676907,-1.6574904,-0.08979964,1750,1742,train
2073,-1.5677004,-1.6687465,-0.101046085,1750,1742,train
2074,-1.5677099,-1.7397568,-0.1720469,1750,1742,train
2075,-1.5677195,-1.641789,-0.0740695,1750,1742,train
2076,-1.5677289,-1.6979289,-0.13020003,1750,1742,train
2077,-1.5677382,-1.6616342,-0.09389603,1750,1742,train
2078,-1.5677476,-1.660319,-0.09257138,1750,1742,train
2079,-1.5677568,-1.627496,-0.059739232,1750,1742,train
2080,-1.5677661,-1.6376666,-0.06990051,1750,1742,train
2081,-1.5677751,-1.7017689,-0.13399374,1750,1742,train
2082,-1.5677843,-1.6634045,-0.095620155,1750,1742,train
2083,-1.5677934,-1.6632398,-0.09544647,1750,1742,train
2084,-1.5678023,-1.688825,-0.1210227,1750,1742,train
2085,-1.5678113,-1.6691071,-0.10129583,1750,1742,train
2086,-1.5678202,-1.6208804,-0.053060174,1750,1742,train
2087,-1.567829,-1.5700854,-0.0022563934,1750,1742,train
2088,-1.5678377,-1.623435,-0.055597305,1750,1742,train
2089,-1.5678465,-1.6265836,-0.05873704,1750,1742,train
2090,-1.5678551,-1.5809925,-0.013137341,1750,1742,train
2091,-1.5678638,-1.6159432,-0.04807937,1750,1742,train
2092,-1.5678724,-1.6379323,-0.070059896,1750,1742,train
2093,-1.5678809,-1.6478533,-0.07997239,1750,1742,train
2094,-1.5678893,-1.6436017,-0.07571232,1750,1742,train
2095,-1.5678978,-1.6782528,-0.11035502,1750,1742,train
2096,-1.5679061,-1.670613,-0.10270691,1750,1742,train
2097,-1.5679145,-1.6476433,-0.07972884,1750,1742,train
2098,-1.5679228,-1.5964854,-0.028562546,1750,1742,train
2099,-1.567931,-1.5824778,-0.014546752,1750,1742,train
2100,-1.5679392,-1.5699837,-0.0020445585,1750,1742,train
2101,-1.5679474,-1.4909215,0.07702589,1750,1742,train
2102,-1.5679554,-1.465286,0.10266936,1750,1742,train
