cycle_index,true_kpd,pred_kpd,kpd_error,true_knee_cycle,pred_knee_cycle,split
0,1.5702249,1.5388072,-0.031417727,1750,1760,valid
1,1.5702245,1.5260415,-0.044183016,1750,1760,valid
2,1.5702243,1.5175272,-0.052697062,1750,1760,valid
3,1.5702239,1.5080731,-0.062150836,1750,1760,valid
4,1.5702236,1.4984727,-0.07175088,1750,1760,valid
5,1.5702232,1.5002801,-0.06994307,1750,1760,valid
6,1.570223,1.4977777,-0.07244527,1750,1760,valid
7,1.5702226,1.500978,-0.06924462,1750,1760,valid
8,1.5702223,1.6096046,0.03938234,1750,1760,valid
9,1.5702219,1.5965886,0.02636671,1750,1760,valid
10,1.5702217,1.5968766,0.026654959,1750,1760,valid
11,1.5702213,1.5965276,0.026306272,1750,1760,valid
12,1.570221,1.6300516,0.059830666,1750,1760,valid
13,1.5702206,1.6340473,0.06382668,1750,1760,valid
14,1.5702202,1.631146,0.060925722,1750,1760,valid
15,1.57022,1.6302876,0.060067654,1750,1760,valid
16,1.5702196,1.5034659,-0.066753745,1750,1760,valid
17,1.5702193,1.5054387,-0.06478059,1750,1760,valid
18,1.5702189,1.5118853,-0.058333635,1750,1760,valid
19,1.5702187,1.511707,-0.058511734,1750,1760,valid
20,1.5702183,1.5259209,-0.044297457,1750,1760,valid
21,1.570218,1.5252267,-0.044991255,1750,1760,valid
22,1.5702176,1.5204439,-0.049773693,1750,1760,valid
23,1.5702173,1.5205519,-0.04966533,1750,1760,valid
24,1.5702169,1.5897839,0.019567013,1750,1760,valid
25,1.5702167,1.5850004,0.01478374,1750,1760,valid
26,1.5702163,1.5829946,0.012778282,1750,1760,valid
27,1.570216,1.5815388,0.011322856,1750,1760,valid
28,1.5702156,1.5919865,0.021770954,1750,1760,valid
29,1.5702152,1.5811718,0.010956526,1750,1760,valid
30,1.570215,1.5794576,0.009242654,1750,1760,valid
31,1.5702146,1.5800545,0.009839892,1750,1760,valid
32,1.5702143,1.5774819,0.0072675943,1750,1760,valid
33,1.5702139,1.5692885,-0.0009254217,1750,1760,valid
34,1.5702136,1.5706054,0.00039184093,1750,1760,valid
35,1.5702132,1.5709527,0.0007394552,1750,1760,valid
36,1.5702128,1.5601001,-0.010112762,1750,1760,valid
37,1.5702126,1.5597054,-0.010507226,1750,1760,valid
38,1.5702122,1.5694975,-0.0007147789,1750,1760,valid
39,1.5702119,1.5657469,-0.004464984,1750,1760,valid
40,1.5702115,1.5602912,-0.009920359,1750,1760,valid
41,1.5702112,1.5538331,-0.016378045,1750,1760,valid
42,1.5702108,1.5579159,-0.0122948885,1750,1760,valid
43,1.5702105,1.5499237,-0.020286798,1750,1760,valid
44,1.5702102,1.5539883,-0.01622188,1750,1760,valid
45,1.5702099,1.5595989,-0.010610938,1750,1760,valid
46,1.5702095,1.5549787,-0.015230775,1750,1760,valid
47,1.5702091,1.5541694,-0.01603973,1750,1760,valid
48,1.5702088,1.5450771,-0.025131702,1750,1760,valid
49,1.5702084,1.5550652,-0.015143275,1750,1760,valid
50,1.5702081,1.5560454,-0.01416266,1750,1760,valid
51,1.5702077,1.5536184,-0.016589284,1750,1760,valid
52,1.5702074,1.5356365,-0.034570813,1750,1760,valid
53,1.570207,1.539088,-0.031118989,1750,1760,valid
54,1.5702068,1.5439724,-0.026234388,1750,1760,valid
55,1.5702064,1.5373826,-0.0328238,1750,1760,valid
56,1.570206,1.5016507,-0.068555355,1750,1760,valid
57,1.5702057,1.5091182,-0.06108749,1750,1760,valid
58,1.5702053,1.5055894,-0.064615965,1750,1760,valid
59,1.570205,1.5099183,-0.06028664,1750,1760,valid
60,1.5702046,1.5037279,-0.0664767,1750,1760,valid
61,1.5702043,1.5044461,-0.06575811,1750,1760,valid
62,1.5702039,1.5103931,-0.059810758,1750,1760,valid
63,1.5702035,1.5098852,-0.06031835,1750,1760,valid
64,1.5702032,1.5202287,-0.04997444,1750,1760,valid
65,1.5702028,1.5248207,-0.045382142,1750,1760,valid
66,1.5702025,1.5069876,-0.0632149,1750,1760,valid
67,1.5702021,1.5128651,-0.057337046,1750,1760,valid
68,1.5702018,1.515357,-0.054844737,1750,1760,valid
69,1.5702014,1.523766,-0.046435356,1750,1760,valid
70,1.570201,1.5137035,-0.056497574,1750,1760,valid
71,1.5702007,1.5181066,-0.052094102,1750,1760,valid
72,1.5702003,1.5076334,-0.06256688,1750,1760,valid
73,1.5702,1.5180454,-0.05215454,1750,1760,valid
74,1.5701996,1.5079552,-0.062244415,1750,1760,valid
75,1.5701994,1.5088395,-0.061359882,1750,1760,valid
76,1.570199,1.5140543,-0.056144714,1750,1760,valid
77,1.5701987,1.5139608,-0.056237817,1750,1760,valid
78,1.5701983,1.5135281,-0.05667019,1750,1760,valid
79,1.5701979,1.515252,-0.054945946,1750,1760,valid
80,1.5701976,1.5106914,-0.059506178,1750,1760,valid
81,1.5701972,1.5214478,-0.048749447,1750,1760,valid
82,1.5701967,1.5250877,-0.045109034,1750,1760,valid
83,1.5701964,1.5043771,-0.06581926,1750,1760,valid
84,1.570196,1.5208932,-0.049302816,1750,1760,valid
85,1.5701957,1.5215614,-0.04863429,1750,1760,valid
86,1.5701953,1.5135083,-0.056686997,1750,1760,valid
87,1.570195,1.5119214,-0.058273554,1750,1760,valid
88,1.5701946,1.5153048,-0.0548898,1750,1760,valid
89,1.5701942,1.5122894,-0.05790484,1750,1760,valid
90,1.5701939,1.5149156,-0.0552783,1750,1760,valid
91,1.5701935,1.5168414,-0.053352118,1750,1760,valid
92,1.5701932,1.5162638,-0.05392933,1750,1760,valid
93,1.5701928,1.52384,-0.046352863,1750,1760,valid
94,1.5701925,1.5257623,-0.044430137,1750,1760,valid
95,1.5701921,1.5073465,-0.06284559,1750,1760,valid
96,1.5701917,1.4877455,-0.08244622,1750,1760,valid
97,1.5701914,1.4975928,-0.07259858,1750,1760,valid
98,1.570191,1.5003178,-0.069873214,1750,1760,valid
99,1.5701907,1.4966044,-0.073586226,1750,1760,valid
100,1.5701903,1.4882865,-0.081903815,1750,1760,valid
101,1.57019,1.4892633,-0.08092666,1750,1760,valid
102,1.5701895,1.4879601,-0.082229376,1750,1760,valid
103,1.5701891,1.4869592,-0.0832299,1750,1760,valid
104,1.5701888,1.5048702,-0.065318584,1750,1760,valid
105,1.5701884,1.4967351,-0.07345331,1750,1760,valid
106,1.570188,1.5031691,-0.067018986,1750,1760,valid
107,1.5701877,1.4945431,-0.07564461,1750,1760,valid
108,1.5701873,1.5077137,-0.062473655,1750,1760,valid
109,1.570187,1.5156109,-0.05457604,1750,1760,valid
110,1.5701866,1.5125816,-0.05760503,1750,1760,valid
111,1.5701863,1.5103914,-0.059794903,1750,1760,valid
112,1.5701858,1.5263927,-0.043793082,1750,1760,valid
113,1.5701854,1.5180213,-0.052164078,1750,1760,valid
114,1.5701851,1.5170933,-0.053091764,1750,1760,valid
115,1.5701847,1.5151062,-0.055078506,1750,1760,valid
116,1.5701844,1.5118018,-0.05838251,1750,1760,valid
117,1.570184,1.5294673,-0.040716648,1750,1760,valid
118,1.5701836,1.5133761,-0.056807518,1750,1760,valid
119,1.5701832,1.5249219,-0.045261264,1750,1760,valid
120,1.5701828,1.5286093,-0.041573524,1750,1760,valid
121,1.5701824,1.5312232,-0.038959265,1750,1760,valid
122,1.5701821,1.5295923,-0.04058981,1750,1760,valid
123,1.5701817,1.5284009,-0.04178083,1750,1760,valid
124,1.5701814,1.5286906,-0.041490793,1750,1760,valid
125,1.5701809,1.5297529,-0.040428042,1750,1760,valid
126,1.5701805,1.5324512,-0.037729383,1750,1760,valid
127,1.5701802,1.5348957,-0.03528452,1750,1760,valid
128,1.5701798,1.5378833,-0.03229654,1750,1760,valid
129,1.5701795,1.5230066,-0.047172904,1750,1760,valid
130,1.570179,1.5196929,-0.050486088,1750,1760,valid
131,1.5701786,1.534065,-0.03611362,1750,1760,valid
132,1.5701783,1.5325856,-0.03759265,1750,1760,valid
133,1.5701779,1.5312548,-0.038923144,1750,1760,valid
134,1.5701776,1.5191741,-0.051003456,1750,1760,valid
135,1.5701771,1.518323,-0.051854134,1750,1760,valid
136,1.5701767,1.5209143,-0.049262404,1750,1760,valid
137,1.5701764,1.5198953,-0.050281048,1750,1760,valid
138,1.570176,1.5271301,-0.04304588,1750,1760,valid
139,1.5701756,1.5250592,-0.045116425,1750,1760,valid
140,1.5701752,1.5236335,-0.04654169,1750,1760,valid
141,1.5701748,1.5304378,-0.039736986,1750,1760,valid
142,1.5701745,1.5314491,-0.038725376,1750,1760,valid
143,1.5701741,1.5285357,-0.041638374,1750,1760,valid
144,1.5701736,1.5205861,-0.04958749,1750,1760,valid
145,1.5701733,1.5302949,-0.03987837,1750,1760,valid
146,1.5701729,1.5174098,-0.052763104,1750,1760,valid
147,1.5701725,1.5066946,-0.06347799,1750,1760,valid
148,1.5701721,1.5299009,-0.040271163,1750,1760,valid
149,1.5701717,1.5294785,-0.040693164,1750,1760,valid
150,1.5701714,1.5076497,-0.062521696,1750,1760,valid
151,1.5701709,1.5128474,-0.057323456,1750,1760,valid
152,1.5701705,1.5100644,-0.06010616,1750,1760,valid
153,1.5701702,1.5204463,-0.049723864,1750,1760,valid
154,1.5701698,1.5275052,-0.042664647,1750,1760,valid
155,1.5701693,1.5200641,-0.050105214,1750,1760,valid
156,1.570169,1.5180824,-0.05208659,1750,1760,valid
157,1.5701686,1.5237643,-0.04640436,1750,1760,valid
158,1.5701681,1.52475,-0.045418143,1750,1760,valid
159,1.5701678,1.5103387,-0.059829116,1750,1760,valid
160,1.5701674,1.5170391,-0.05312836,1750,1760,valid
161,1.570167,1.5039423,-0.066224694,1750,1760,valid
162,1.5701666,1.5001074,-0.07005918,1750,1760,valid
163,1.5701662,1.5141826,-0.055983663,1750,1760,valid
164,1.5701658,1.5084783,-0.06168747,1750,1760,valid
165,1.5701654,1.5126313,-0.0575341,1750,1760,valid
166,1.570165,1.5002216,-0.06994343,1750,1760,valid
167,1.5701646,1.499754,-0.07041061,1750,1760,valid
168,1.5701642,1.5215813,-0.04858291,1750,1760,valid
169,1.5701638,1.5178256,-0.052338243,1750,1760,valid
170,1.5701634,1.5145863,-0.05557704,1750,1760,valid
171,1.570163,1.5118871,-0.058275938,1750,1760,valid
172,1.5701627,1.5197549,-0.050407767,1750,1760,valid
173,1.5701622,1.5158036,-0.0543586,1750,1760,valid
174,1.5701618,1.5162991,-0.05386269,1750,1760,valid
175,1.5701615,1.5262558,-0.043905616,1750,1760,valid
176,1.570161,1.5395687,-0.030592322,1750,1760,valid
177,1.5701606,1.5365623,-0.033598304,1750,1760,valid
178,1.5701602,1.5360993,-0.034060836,1750,1760,valid
179,1.5701598,1.5384436,-0.031716228,1750,1760,valid
180,1.5701594,1.5303407,-0.039818764,1750,1760,valid
181,1.570159,1.5334868,-0.036672115,1750,1760,valid
182,1.5701586,1.5330327,-0.037125945,1750,1760,valid
183,1.5701581,1.5321352,-0.038022876,1750,1760,valid
184,1.5701578,1.5446906,-0.025467157,1750,1760,valid
185,1.5701574,1.5597072,-0.010450244,1750,1760,valid
186,1.5701569,1.5564139,-0.013743043,1750,1760,valid
187,1.5701566,1.5596001,-0.010556459,1750,1760,valid
188,1.5701561,1.5459647,-0.02419138,1750,1760,valid
189,1.5701557,1.5497793,-0.020376444,1750,1760,valid
190,1.5701553,1.5446466,-0.025508642,1750,1760,valid
191,1.5701549,1.5464149,-0.023740053,1750,1760,valid
192,1.5701544,1.5560873,-0.014067173,1750,1760,valid
193,1.5701541,1.5483563,-0.021797776,1750,1760,valid
194,1.5701536,1.5650282,-0.0051254034,1750,1760,valid
195,1.5701532,1.5571021,-0.013051152,1750,1760,valid
196,1.5701529,1.5589304,-0.011222482,1750,1760,valid
197,1.5701524,1.5632243,-0.0069280863,1750,1760,valid
198,1.570152,1.563822,-0.0063300133,1750,1760,valid
199,1.5701516,1.5556054,-0.014546156,1750,1760,valid
200,1.5701512,1.5878189,0.017667651,1750,1760,valid
201,1.5701507,1.582906,0.012755275,1750,1760,valid
202,1.5701504,1.5776918,0.007541418,1750,1760,valid
203,1.5701499,1.5767279,0.0065779686,1750,1760,valid
204,1.5701495,1.5894998,0.01935029,1750,1760,valid
205,1.5701491,1.5949466,0.024797559,1750,1760,valid
206,1.5701487,1.5904367,0.02028799,1750,1760,valid
207,1.5701482,1.5898702,0.019721985,1750,1760,valid
208,1.5701479,1.5570784,-0.01306951,1750,1760,valid
209,1.5701474,1.5613647,-0.008782744,1750,1760,valid
210,1.5701469,1.5594549,-0.010692,1750,1760,valid
211,1.5701466,1.5683765,-0.0017700195,1750,1760,valid
212,1.5701461,1.5477264,-0.022419691,1750,1760,valid
213,1.5701457,1.5593109,-0.010834813,1750,1760,valid
214,1.5701452,1.541438,-0.028707266,1750,1760,valid
215,1.5701449,1.5432979,-0.026847005,1750,1760,valid
216,1.5701444,1.5655274,-0.004616976,1750,1760,valid
217,1.570144,1.5458618,-0.024282217,1750,1760,valid
218,1.5701436,1.5597216,-0.010421991,1750,1760,valid
219,1.5701431,1.546105,-0.024038076,1750,1760,valid
220,1.5701427,1.5491757,-0.020967007,1750,1760,valid
221,1.5701423,1.5545216,-0.015620708,1750,1760,valid
222,1.5701419,1.5535696,-0.016572356,1750,1760,valid
223,1.5701414,1.5569038,-0.013237596,1750,1760,valid
224,1.5701411,1.5633658,-0.00677526,1750,1760,valid
225,1.5701406,1.5507897,-0.019350886,1750,1760,valid
226,1.5701401,1.558274,-0.011866093,1750,1760,valid
227,1.5701398,1.5568022,-0.013337612,1750,1760,valid
228,1.5701393,1.5501348,-0.02000451,1750,1760,valid
229,1.5701388,1.5535197,-0.016619086,1750,1760,valid
230,1.5701385,1.5525312,-0.017607212,1750,1760,valid
231,1.570138,1.5548134,-0.015324593,1750,1760,valid
232,1.5701376,1.5738323,0.0036946535,1750,1760,valid
233,1.5701371,1.5636349,-0.0065022707,1750,1760,valid
234,1.5701367,1.5741258,0.0039891005,1750,1760,valid
235,1.5701363,1.5665622,-0.003574133,1750,1760,valid
236,1.5701358,1.5734491,0.003313303,1750,1760,valid
237,1.5701354,1.5765743,0.0064389706,1750,1760,valid
238,1.570135,1.5785123,0.008377314,1750,1760,valid
239,1.5701345,1.5682148,-0.0019197464,1750,1760,valid
240,1.570134,1.5709419,0.00080788136,1750,1760,valid
241,1.5701337,1.5703746,0.00024092197,1750,1760,valid
242,1.5701332,1.5680366,-0.002096653,1750,1760,valid
243,1.5701327,1.5773789,0.0072461367,1750,1760,valid
244,1.5701324,1.5705869,0.00045454502,1750,1760,valid
245,1.5701319,1.5728832,0.0027513504,1750,1760,valid
246,1.5701314,1.5742178,0.0040863752,1750,1760,valid
247,1.570131,1.5661746,-0.003956318,1750,1760,valid
248,1.5701306,1.5615697,-0.008560896,1750,1760,valid
249,1.5701301,1.5611717,-0.008958459,1750,1760,valid
250,1.5701296,1.5618836,-0.008246064,1750,1760,valid
251,1.5701292,1.5677465,-0.002382636,1750,1760,valid
252,1.5701288,1.5633953,-0.0067335367,1750,1760,valid
253,1.5701283,1.5600737,-0.010054588,1750,1760,valid
254,1.5701278,1.5619425,-0.008185387,1750,1760,valid
255,1.5701275,1.563379,-0.006748438,1750,1760,valid
256,1.570127,1.5772383,0.007111311,1750,1760,valid
257,1.5701265,1.5792518,0.009125233,1750,1760,valid
258,1.570126,1.5890871,0.018961072,1750,1760,valid
259,1.5701256,1.5756729,0.005547285,1750,1760,valid
260,1.5701252,1.5750539,0.004928708,1750,1760,valid
261,1.5701247,1.5768081,0.0066833496,1750,1760,valid
262,1.5701243,1.5860398,0.015915513,1750,1760,valid
263,1.5701238,1.5751032,0.004979372,1750,1760,valid
264,1.5701234,1.5918956,0.021772146,1750,1760,valid
265,1.570123,1.5839618,0.013838887,1750,1760,valid
266,1.5701225,1.5735645,0.003442049,1750,1760,valid
267,1.570122,1.5767953,0.006673336,1750,1760,valid
268,1.5701215,1.5778993,0.00777781,1750,1760,valid
269,1.570121,1.5875231,0.017402053,1750,1760,valid
270,1.5701207,1.592237,0.022116303,1750,1760,valid
271,1.5701202,1.5842474,0.014127135,1750,1760,valid
272,1.5701197,1.579555,0.009435296,1750,1760,valid
273,1.5701193,1.5828968,0.012777567,1750,1760,valid
274,1.5701188,1.5884719,0.018353105,1750,1760,valid
275,1.5701183,1.5832384,0.013120055,1750,1760,valid
276,1.570118,1.5742265,0.004108548,1750,1760,valid
277,1.5701175,1.5728121,0.0026946068,1750,1760,valid
278,1.570117,1.5735991,0.0034821033,1750,1760,valid
279,1.5701165,1.5735636,0.0034470558,1750,1760,valid
280,1.570116,1.569905,-0.00021100044,1750,1760,valid
281,1.5701156,1.5685186,-0.0015969276,1750,1760,valid
282,1.5701151,1.5693904,-0.0007246733,1750,1760,valid
283,1.5701146,1.5669339,-0.0031807423,1750,1760,valid
284,1.5701143,1.5645576,-0.0055567026,1750,1760,valid
285,1.5701138,1.5678002,-0.002313614,1750,1760,valid
286,1.5701133,1.5725356,0.0024223328,1750,1760,valid
287,1.5701128,1.5708852,0.000772357,1750,1760,valid
288,1.5701123,1.5825617,0.012449384,1750,1760,valid
289,1.5701119,1.56791,-0.0022019148,1750,1760,valid
290,1.5701114,1.5780168,0.007905364,1750,1760,valid
291,1.5701109,1.5748938,0.004782915,1750,1760,valid
292,1.5701104,1.5639974,-0.0061130524,1750,1760,valid
293,1.57011,1.5741498,0.0040398836,1750,1760,valid
294,1.5701095,1.5802101,0.010100603,1750,1760,valid
295,1.570109,1.5794214,0.009312391,1750,1760,valid
296,1.5701085,1.5823181,0.012209535,1750,1760,valid
297,1.570108,1.5886463,0.018538237,1750,1760,valid
298,1.5701076,1.5795134,0.009405851,1750,1760,valid
299,1.5701071,1.5803516,0.010244489,1750,1760,valid
300,1.5701066,1.5899293,0.019822717,1750,1760,valid
301,1.5701061,1.5925784,0.022472262,1750,1760,valid
302,1.5701057,1.5840034,0.013897777,1750,1760,valid
303,1.5701052,1.5941992,0.024093986,1750,1760,valid
304,1.5701047,1.6051716,0.035066843,1750,1760,valid
305,1.5701042,1.6030374,0.032933116,1750,1760,valid
306,1.5701038,1.6012554,0.031151652,1750,1760,valid
307,1.5701033,1.6023422,0.03223896,1750,1760,valid
308,1.5701028,1.6024117,0.032308936,1750,1760,valid
309,1.5701023,1.6050459,0.03494358,1750,1760,valid
310,1.5701019,1.6023483,0.03224647,1750,1760,valid
311,1.5701014,1.6013076,0.03120625,1750,1760,valid
312,1.5701009,1.599631,0.029530048,1750,1760,valid
313,1.5701004,1.5972848,0.027184367,1750,1760,valid
314,1.5701,1.5990176,0.02891767,1750,1760,valid
315,1.5700995,1.5962055,0.026106,1750,1760,valid
316,1.570099,1.6074724,0.037373424,1750,1760,valid
317,1.5700985,1.6051846,0.035086036,1750,1760,valid
318,1.570098,1.6059566,0.035858512,1750,1760,valid
319,1.5700976,1.6001899,0.030092359,1750,1760,valid
320,1.570097,1.6157317,0.045634747,1750,1760,valid
321,1.5700965,1.5999568,0.029860258,1750,1760,valid
322,1.570096,1.5981126,0.028016567,1750,1760,valid
323,1.5700955,1.605684,0.035588503,1750,1760,valid
324,1.5700951,1.5976768,0.027581692,1750,1760,valid
325,1.5700946,1.5920637,0.02196908,1750,1760,valid
326,1.5700941,1.6093545,0.039260387,1750,1760,valid
327,1.5700936,1.6011076,0.031013966,1750,1760,valid
328,1.570093,1.5914819,0.021388888,1750,1760,valid
329,1.5700926,1.6071894,0.037096858,1750,1760,valid
330,1.5700921,1.6151137,0.045021653,1750,1760,valid
331,1.5700916,1.6094108,0.039319158,1750,1760,valid
332,1.5700911,1.5960946,0.02600348,1750,1760,valid
333,1.5700907,1.6013414,0.031250715,1750,1760,valid
334,1.57009,1.6039762,0.033886194,1750,1760,valid
335,1.5700896,1.6015769,0.031487346,1750,1760,valid
336,1.5700891,1.5971668,0.027077675,1750,1760,valid
337,1.5700886,1.595891,0.025802374,1750,1760,valid
338,1.5700881,1.587164,0.017075896,1750,1760,valid
339,1.5700876,1.5936337,0.0235461,1750,1760,valid
340,1.5700871,1.5947927,0.024705648,1750,1760,valid
341,1.5700866,1.5937533,0.02366674,1750,1760,valid
342,1.5700861,1.6005279,0.030441761,1750,1760,valid
343,1.5700856,1.602491,0.032405376,1750,1760,valid
344,1.570085,1.6134558,0.043370724,1750,1760,valid
345,1.5700846,1.6095519,0.039467335,1750,1760,valid
346,1.5700841,1.6091199,0.039035797,1750,1760,valid
347,1.5700836,1.6063927,0.036309123,1750,1760,valid
348,1.570083,1.6012771,0.03119409,1750,1760,valid
349,1.5700825,1.5981567,0.028074145,1750,1760,valid
350,1.5700821,1.6173334,0.047251344,1750,1760,valid
351,1.5700815,1.5959537,0.02587223,1750,1760,valid
352,1.570081,1.6087693,0.038688302,1750,1760,valid
353,1.5700805,1.6208799,0.05079937,1750,1760,valid
354,1.57008,1.6214573,0.051377296,1750,1760,valid
355,1.5700794,1.6208613,0.050781846,1750,1760,valid
356,1.570079,1.6219434,0.051864386,1750,1760,valid
357,1.5700785,1.6216407,0.05156219,1750,1760,valid
358,1.5700779,1.6236656,0.053587675,1750,1760,valid
359,1.5700774,1.6210785,0.051001072,1750,1760,valid
360,1.570077,1.6179141,0.04783714,1750,1760,valid
361,1.5700763,1.6277164,0.057640076,1750,1760,valid
362,1.5700759,1.6118189,0.04174304,1750,1760,valid
363,1.5700754,1.6092111,0.039135695,1750,1760,valid
364,1.5700748,1.6159474,0.04587257,1750,1760,valid
365,1.5700743,1.6104847,0.0404104,1750,1760,valid
366,1.5700738,1.6118652,0.04179132,1750,1760,valid
367,1.5700732,1.6158195,0.045746207,1750,1760,valid
368,1.5700728,1.6135689,0.043496132,1750,1760,valid
369,1.5700722,1.6103003,0.04022813,1750,1760,valid
370,1.5700717,1.6122968,0.042225122,1750,1760,valid
371,1.5700712,1.6124705,0.042399287,1750,1760,valid
372,1.5700706,1.6074156,0.037344933,1750,1760,valid
373,1.5700701,1.6020437,0.0319736,1750,1760,valid
374,1.5700696,1.6091352,0.0390656,1750,1760,valid
375,1.5700691,1.6046357,0.03456664,1750,1760,valid
376,1.5700685,1.586475,0.016406536,1750,1760,valid
377,1.570068,1.5926763,0.02260828,1750,1760,valid
378,1.5700674,1.5877941,0.01772666,1750,1760,valid
379,1.5700669,1.583075,0.013008118,1750,1760,valid
380,1.5700665,1.5910556,0.02098918,1750,1760,valid
381,1.5700659,1.5772189,0.007153034,1750,1760,valid
382,1.5700654,1.5779886,0.007923245,1750,1760,valid
383,1.5700648,1.5948013,0.024736524,1750,1760,valid
384,1.5700643,1.5918326,0.021768332,1750,1760,valid
385,1.5700637,1.5995681,0.029504418,1750,1760,valid
386,1.5700632,1.6013997,0.031336427,1750,1760,valid
387,1.5700626,1.6019326,0.031870008,1750,1760,valid
388,1.5700622,1.5894709,0.019408703,1750,1760,valid
389,1.5700616,1.5910136,0.020951986,1750,1760,valid
390,1.5700611,1.5948642,0.024803162,1750,1760,valid
391,1.5700605,1.5882124,0.01815188,1750,1760,valid
392,1.5700599,1.5898798,0.019819856,1750,1760,valid
393,1.5700594,1.5878586,0.017799139,1750,1760,valid
394,1.5700588,1.592428,0.022369146,1750,1760,valid
395,1.5700583,1.5966482,0.02658987,1750,1760,valid
396,1.5700577,1.5921912,0.02213347,1750,1760,valid
397,1.5700573,1.5970374,0.026980162,1750,1760,valid
398,1.5700567,1.5916802,0.021623492,1750,1760,valid
399,1.5700561,1.5958441,0.025788069,1750,1760,valid
400,1.5700556,1.5907362,0.020680547,1750,1760,valid
401,1.570055,1.5935252,0.023470163,1750,1760,valid
402,1.5700545,1.59306,0.023005486,1750,1760,valid
403,1.5700539,1.5932097,0.023155808,1750,1760,valid
404,1.5700533,1.5951531,0.025099754,1750,1760,valid
405,1.5700529,1.5941837,0.024130821,1750,1760,valid
406,1.5700523,1.5901523,0.020099998,1750,1760,valid
407,1.5700517,1.5962491,0.026197433,1750,1760,valid
408,1.5700512,1.5856761,0.015624881,1750,1760,valid
409,1.5700506,1.6027895,0.032738924,1750,1760,valid
410,1.57005,1.6015579,0.03150785,1750,1760,valid
411,1.5700495,1.588578,0.018528461,1750,1760,valid
412,1.5700489,1.598248,0.028199077,1750,1760,valid
413,1.5700483,1.5959853,0.025936961,1750,1760,valid
414,1.5700479,1.586783,0.016735196,1750,1760,valid
415,1.5700473,1.5862653,0.016218066,1750,1760,valid
416,1.5700467,1.5883499,0.018303275,1750,1760,valid
417,1.5700462,1.58662,0.016573787,1750,1760,valid
418,1.5700456,1.5888672,0.018821597,1750,1760,valid
419,1.570045,1.5833844,0.0133394,1750,1760,valid
420,1.5700444,1.5857285,0.015684128,1750,1760,valid
421,1.5700439,1.5858688,0.015824914,1750,1760,valid
422,1.5700433,1.5881735,0.018130183,1750,1760,valid
423,1.5700427,1.5854201,0.015377402,1750,1760,valid
424,1.5700421,1.5925702,0.022528052,1750,1760,valid
425,1.5700417,1.5983436,0.028301954,1750,1760,valid
426,1.5700411,1.6015776,0.03153658,1750,1760,valid
427,1.5700405,1.5850459,0.015005469,1750,1760,valid
428,1.5700399,1.5866225,0.016582608,1750,1760,valid
429,1.5700393,1.5899472,0.019907951,1750,1760,valid
430,1.5700388,1.589068,0.01902926,1750,1760,valid
431,1.5700382,1.5827979,0.0127596855,1750,1760,valid
432,1.5700376,1.6080693,0.038031697,1750,1760,valid
433,1.570037,1.6032507,0.033213735,1750,1760,valid
434,1.5700364,1.6040072,0.033970833,1750,1760,valid
435,1.5700358,1.6022227,0.032186866,1750,1760,valid
436,1.5700353,1.6017528,0.03171742,1750,1760,valid
437,1.5700347,1.6018953,0.03186059,1750,1760,valid
438,1.5700341,1.5959615,0.025927305,1750,1760,valid
439,1.5700336,1.5960894,0.026055813,1750,1760,valid
440,1.570033,1.5969112,0.026878238,1750,1760,valid
441,1.5700324,1.5965989,0.026566505,1750,1760,valid
442,1.5700318,1.5998259,0.029794097,1750,1760,valid
443,1.5700312,1.5945996,0.024568439,1750,1760,valid
444,1.5700307,1.5977435,0.027712822,1750,1760,valid
445,1.5700301,1.5947962,0.024766088,1750,1760,valid
446,1.5700295,1.5972207,0.027191162,1750,1760,valid
447,1.5700289,1.5984173,0.028388381,1750,1760,valid
448,1.5700283,1.6002986,0.030270338,1750,1760,valid
449,1.5700277,1.6018412,0.031813502,1750,1760,valid
450,1.5700271,1.5989463,0.02891922,1750,1760,valid
451,1.5700265,1.5951267,0.025100231,1750,1760,valid
452,1.5700259,1.5932897,0.023263812,1750,1760,valid
453,1.5700253,1.5931008,0.023075461,1750,1760,valid
454,1.5700247,1.595182,0.025157213,1750,1760,valid
455,1.5700241,1.5990242,0.029000044,1750,1760,valid
456,1.5700235,1.5901333,0.020109773,1750,1760,valid
457,1.570023,1.5913165,0.02129352,1750,1760,valid
458,1.5700223,1.6085107,0.038488388,1750,1760,valid
459,1.5700217,1.6060145,0.03599274,1750,1760,valid
460,1.5700212,1.6094881,0.039466977,1750,1760,valid
461,1.5700206,1.6004,0.030379415,1750,1760,valid
462,1.57002,1.5959195,0.02589953,1750,1760,valid
463,1.5700194,1.5928007,0.022781372,1750,1760,valid
464,1.5700188,1.5984954,0.028476596,1750,1760,valid
465,1.5700182,1.5970299,0.027011752,1750,1760,valid
466,1.5700175,1.6007997,0.030782223,1750,1760,valid
467,1.5700169,1.6044496,0.03443277,1750,1760,valid
468,1.5700163,1.5985596,0.028543353,1750,1760,valid
469,1.5700157,1.5991477,0.029132009,1750,1760,valid
470,1.5700151,1.5954001,0.025385022,1750,1760,valid
471,1.5700145,1.5986713,0.02865684,1750,1760,valid
472,1.5700139,1.5984039,0.02839005,1750,1760,valid
473,1.5700133,1.6135312,0.043517947,1750,1760,valid
474,1.5700126,1.602496,0.03248346,1750,1760,valid
475,1.570012,1.5986742,0.028662205,1750,1760,valid
476,1.5700114,1.6016256,0.031614184,1750,1760,valid
477,1.5700108,1.5976276,0.027616858,1750,1760,valid
478,1.5700102,1.6038599,0.033849716,1750,1760,valid
479,1.5700096,1.6025288,0.03251922,1750,1760,valid
480,1.5700089,1.5829933,0.012984395,1750,1760,valid
481,1.5700083,1.5878279,0.017819643,1750,1760,valid
482,1.5700077,1.5876174,0.017609715,1750,1760,valid
483,1.5700071,1.5902178,0.020210743,1750,1760,valid
484,1.5700065,1.5921224,0.022115946,1750,1760,valid
485,1.5700058,1.5894406,0.01943481,1750,1760,valid
486,1.5700052,1.5864087,0.016403556,1750,1760,valid
487,1.5700046,1.5895174,0.019512773,1750,1760,valid
488,1.570004,1.5809263,0.010922313,1750,1760,valid
489,1.5700033,1.5782847,0.008281469,1750,1760,valid
490,1.5700027,1.5850787,0.015076041,1750,1760,valid
491,1.5700021,1.578453,0.008450866,1750,1760,valid
492,1.5700014,1.5820154,0.012014031,1750,1760,valid
493,1.5700008,1.5820453,0.012044549,1750,1760,valid
494,1.5700002,1.5815841,0.011583924,1750,1760,valid
495,1.5699995,1.5797824,0.00978291,1750,1760,valid
496,1.5699989,1.5775994,0.007600546,1750,1760,valid
497,1.5699983,1.5803798,0.010381579,1750,1760,valid
498,1.5699975,1.5802517,0.010254145,1750,1760,valid
499,1.569997,1.5786337,0.008636713,1750,1760,valid
500,1.5699964,1.5730484,0.0030519962,1750,1760,valid
501,1.5699956,1.580492,0.010496378,1750,1760,valid
502,1.569995,1.5845455,0.014550447,1750,1760,valid
503,1.5699944,1.5900106,0.020016193,1750,1760,valid
504,1.5699937,1.5749726,0.004978895,1750,1760,valid
505,1.5699931,1.5806221,0.010628939,1750,1760,valid
506,1.5699924,1.5777546,0.0077621937,1750,1760,valid
507,1.5699918,1.5750381,0.0050462484,1750,1760,valid
508,1.5699912,1.5727971,0.002805829,1750,1760,valid
509,1.5699905,1.5733243,0.003333807,1750,1760,valid
510,1.5699899,1.57751,0.0075200796,1750,1760,valid
511,1.5699892,1.5843782,0.014389038,1750,1760,valid
512,1.5699886,1.553506,-0.016482592,1750,1760,valid
513,1.5699879,1.5493549,-0.020632982,1750,1760,valid
514,1.5699873,1.5532916,-0.016695738,1750,1760,valid
515,1.5699866,1.5562971,-0.013689518,1750,1760,valid
516,1.569986,1.5514846,-0.018501401,1750,1760,valid
517,1.5699853,1.5536611,-0.016324162,1750,1760,valid
518,1.5699847,1.5542835,-0.015701175,1750,1760,valid
519,1.569984,1.5484474,-0.021536589,1750,1760,valid
520,1.5699834,1.5473912,-0.022592187,1750,1760,valid
521,1.5699826,1.554031,-0.015951633,1750,1760,valid
522,1.569982,1.550576,-0.01940608,1750,1760,valid
523,1.5699813,1.5557353,-0.014245987,1750,1760,valid
524,1.5699806,1.5564911,-0.013489485,1750,1760,valid
525,1.56998,1.5541303,-0.01584971,1750,1760,valid
526,1.5699793,1.5469627,-0.023016572,1750,1760,valid
527,1.5699787,1.5600376,-0.009941101,1750,1760,valid
528,1.569978,1.5487926,-0.021185398,1750,1760,valid
529,1.5699773,1.5394441,-0.030533195,1750,1760,valid
530,1.5699767,1.5419438,-0.028032899,1750,1760,valid
531,1.569976,1.5458902,-0.02408576,1750,1760,valid
532,1.5699753,1.5377015,-0.03227377,1750,1760,valid
533,1.5699747,1.5397327,-0.030241966,1750,1760,valid
534,1.569974,1.5446503,-0.02532363,1750,1760,valid
535,1.5699732,1.5393811,-0.030592084,1750,1760,valid
536,1.5699726,1.5399251,-0.030047536,1750,1760,valid
537,1.5699719,1.5353862,-0.034585714,1750,1760,valid
538,1.5699712,1.5417824,-0.028188825,1750,1760,valid
539,1.5699706,1.5431468,-0.02682376,1750,1760,valid
540,1.5699699,1.5457573,-0.024212599,1750,1760,valid
541,1.5699692,1.5326924,-0.037276745,1750,1760,valid
542,1.5699685,1.5489014,-0.021067023,1750,1760,valid
543,1.5699679,1.5468097,-0.023158193,1750,1760,valid
544,1.5699672,1.5437349,-0.026232243,1750,1760,valid
545,1.5699664,1.5398318,-0.030134678,1750,1760,valid
546,1.5699657,1.5406189,-0.029346824,1750,1760,valid
547,1.5699651,1.5424911,-0.027474046,1750,1760,valid
548,1.5699644,1.5370705,-0.032893896,1750,1760,valid
549,1.5699637,1.5402837,-0.029680014,1750,1760,valid
550,1.569963,1.5294862,-0.0404768,1750,1760,valid
551,1.5699623,1.5458386,-0.024123669,1750,1760,valid
552,1.5699615,1.5464795,-0.023482084,1750,1760,valid
553,1.569961,1.5338581,-0.03610289,1750,1760,valid
554,1.5699602,1.5366292,-0.033331037,1750,1760,valid
555,1.5699595,1.536494,-0.033465505,1750,1760,valid
556,1.5699588,1.5478457,-0.022113085,1750,1760,valid
557,1.5699581,1.5442069,-0.025751233,1750,1760,valid
558,1.5699574,1.5478338,-0.022123575,1750,1760,valid
559,1.5699567,1.5372967,-0.032660007,1750,1760,valid
560,1.569956,1.5412716,-0.028684378,1750,1760,valid
561,1.5699552,1.5412824,-0.028672814,1750,1760,valid
562,1.5699546,1.5392609,-0.03069377,1750,1760,valid
563,1.5699539,1.5349845,-0.03496945,1750,1760,valid
564,1.5699532,1.542511,-0.027442217,1750,1760,valid
565,1.5699525,1.5508199,-0.019132614,1750,1760,valid
566,1.5699518,1.5340021,-0.035949707,1750,1760,valid
567,1.569951,1.5489931,-0.020957947,1750,1760,valid
568,1.5699503,1.5408674,-0.029082894,1750,1760,valid
569,1.5699496,1.5349146,-0.035035014,1750,1760,valid
570,1.5699489,1.5460746,-0.023874283,1750,1760,valid
571,1.5699482,1.544131,-0.025817156,1750,1760,valid
572,1.5699475,1.5509139,-0.019033551,1750,1760,valid
573,1.5699468,1.5449709,-0.024975896,1750,1760,valid
574,1.5699459,1.5389363,-0.031009674,1750,1760,valid
575,1.5699452,1.5449593,-0.02498591,1750,1760,valid
576,1.5699445,1.5364075,-0.03353703,1750,1760,valid
577,1.5699438,1.536212,-0.03373182,1750,1760,valid
578,1.5699431,1.5382408,-0.03170228,1750,1760,valid
579,1.5699424,1.5338035,-0.036138892,1750,1760,valid
580,1.5699416,1.5462506,-0.023691058,1750,1760,valid
581,1.5699409,1.5382141,-0.031726837,1750,1760,valid
582,1.5699402,1.5470247,-0.022915483,1750,1760,valid
583,1.5699394,1.5395409,-0.030398488,1750,1760,valid
584,1.5699387,1.5451424,-0.024796247,1750,1760,valid
585,1.569938,1.5423409,-0.02759707,1750,1760,valid
586,1.5699372,1.5379353,-0.032001972,1750,1760,valid
587,1.5699365,1.5394095,-0.030526996,1750,1760,valid
588,1.5699358,1.5382061,-0.0317297,1750,1760,valid
589,1.569935,1.5372925,-0.032642484,1750,1760,valid
590,1.5699342,1.5413718,-0.028562427,1750,1760,valid
591,1.5699335,1.5385178,-0.0314157,1750,1760,valid
592,1.5699328,1.5384407,-0.031492114,1750,1760,valid
593,1.569932,1.5389006,-0.03103137,1750,1760,valid
594,1.5699313,1.5390328,-0.030898452,1750,1760,valid
595,1.5699306,1.5282227,-0.041707873,1750,1760,valid
596,1.5699297,1.5326259,-0.037303805,1750,1760,valid
597,1.569929,1.5306453,-0.039283752,1750,1760,valid
598,1.5699283,1.5337844,-0.0361439,1750,1760,valid
599,1.5699276,1.5480546,-0.021872997,1750,1760,valid
600,1.5699267,1.5485442,-0.02138257,1750,1760,valid
601,1.569926,1.5372419,-0.032684088,1750,1760,valid
602,1.5699252,1.549972,-0.019953132,1750,1760,valid
603,1.5699245,1.5485944,-0.021330118,1750,1760,valid
604,1.5699238,1.5448298,-0.025093913,1750,1760,valid
605,1.5699229,1.5440025,-0.025920391,1750,1760,valid
606,1.5699222,1.5371063,-0.032815933,1750,1760,valid
607,1.5699215,1.5442755,-0.025645971,1750,1760,valid
608,1.5699207,1.5378081,-0.0321126,1750,1760,valid
609,1.56992,1.5472553,-0.022664666,1750,1760,valid
610,1.5699191,1.5450163,-0.02490282,1750,1760,valid
611,1.5699184,1.5435628,-0.026355624,1750,1760,valid
612,1.5699176,1.5487742,-0.021143317,1750,1760,valid
613,1.5699168,1.5511395,-0.01877737,1750,1760,valid
614,1.569916,1.5463381,-0.023577929,1750,1760,valid
615,1.5699153,1.5456883,-0.024227023,1750,1760,valid
616,1.5699145,1.5515983,-0.01831615,1750,1760,valid
617,1.5699137,1.5366285,-0.03328526,1750,1760,valid
618,1.5699129,1.5407236,-0.029189348,1750,1760,valid
619,1.5699122,1.5402399,-0.029672265,1750,1760,valid
620,1.5699114,1.5381867,-0.03172469,1750,1760,valid
621,1.5699106,1.5424002,-0.027510405,1750,1760,valid
622,1.5699098,1.5395261,-0.030383706,1750,1760,valid
623,1.569909,1.538146,-0.031762958,1750,1760,valid
624,1.5699083,1.5339317,-0.03597653,1750,1760,valid
625,1.5699074,1.5307518,-0.039155602,1750,1760,valid
626,1.5699066,1.5429839,-0.026922703,1750,1760,valid
627,1.5699059,1.5428088,-0.027097106,1750,1760,valid
628,1.569905,1.5398412,-0.030063868,1750,1760,valid
629,1.5699042,1.5410125,-0.028891683,1750,1760,valid
630,1.5699035,1.540669,-0.029234529,1750,1760,valid
631,1.5699027,1.54195,-0.027952671,1750,1760,valid
632,1.5699018,1.5428072,-0.027094603,1750,1760,valid
633,1.5699011,1.5292556,-0.04064548,1750,1760,valid
634,1.5699003,1.5434489,-0.02645135,1750,1760,valid
635,1.5698994,1.54371,-0.026189446,1750,1760,valid
636,1.5698986,1.541504,-0.02839458,1750,1760,valid
637,1.5698979,1.5290962,-0.040801644,1750,1760,valid
638,1.569897,1.5327053,-0.03719175,1750,1760,valid
639,1.5698962,1.5220819,-0.04781437,1750,1760,valid
640,1.5698954,1.5459821,-0.023913264,1750,1760,valid
641,1.5698947,1.5334861,-0.036408544,1750,1760,valid
642,1.5698938,1.5398464,-0.030047417,1750,1760,valid
643,1.569893,1.5385954,-0.031297565,1750,1760,valid
644,1.5698922,1.5305424,-0.039349794,1750,1760,valid
645,1.5698913,1.5373158,-0.032575488,1750,1760,valid
646,1.5698905,1.5373341,-0.032556415,1750,1760,valid
647,1.5698897,1.5362463,-0.033643365,1750,1760,valid
648,1.5698888,1.5498317,-0.020057082,1750,1760,valid
649,1.5698881,1.5316601,-0.038228035,1750,1760,valid
650,1.5698873,1.5461137,-0.023773551,1750,1760,valid
651,1.5698864,1.5548173,-0.015069127,1750,1760,valid
652,1.5698856,1.542103,-0.02778256,1750,1760,valid
653,1.5698848,1.547441,-0.022443771,1750,1760,valid
654,1.569884,1.5475013,-0.022382617,1750,1760,valid
655,1.5698831,1.5443115,-0.025571585,1750,1760,valid
656,1.5698823,1.5453624,-0.02451992,1750,1760,valid
657,1.5698814,1.5456475,-0.024233937,1750,1760,valid
658,1.5698806,1.5424528,-0.027427793,1750,1760,valid
659,1.5698798,1.5469358,-0.022943974,1750,1760,valid
660,1.5698789,1.5366497,-0.03322923,1750,1760,valid
661,1.5698781,1.544733,-0.025145054,1750,1760,valid
662,1.5698773,1.5493724,-0.020504832,1750,1760,valid
663,1.5698763,1.5473328,-0.02254355,1750,1760,valid
664,1.5698755,1.5457118,-0.024163723,1750,1760,valid
665,1.5698746,1.5320461,-0.037828565,1750,1760,valid
666,1.5698738,1.5340612,-0.035812616,1750,1760,valid
667,1.569873,1.539505,-0.03036797,1750,1760,valid
668,1.5698721,1.5358057,-0.03406644,1750,1760,valid
669,1.5698713,1.538138,-0.031733274,1750,1760,valid
670,1.5698704,1.5380474,-0.03182292,1750,1760,valid
671,1.5698695,1.5371993,-0.03267026,1750,1760,valid
672,1.5698687,1.5336217,-0.036247015,1750,1760,valid
673,1.5698678,1.5344812,-0.03538668,1750,1760,valid
674,1.569867,1.5347135,-0.03515351,1750,1760,valid
675,1.5698661,1.540095,-0.02977109,1750,1760,valid
676,1.5698652,1.5230541,-0.046811104,1750,1760,valid
677,1.5698644,1.5396925,-0.030171871,1750,1760,valid
678,1.5698634,1.5362287,-0.03363478,1750,1760,valid
679,1.5698626,1.5390192,-0.030843377,1750,1760,valid
680,1.5698618,1.5421991,-0.027662635,1750,1760,valid
681,1.5698608,1.5313209,-0.038539886,1750,1760,valid
682,1.56986,1.5377617,-0.032098293,1750,1760,valid
683,1.5698591,1.5374472,-0.032411933,1750,1760,valid
684,1.5698582,1.5317318,-0.03812635,1750,1760,valid
685,1.5698574,1.5303652,-0.03949213,1750,1760,valid
686,1.5698565,1.5261476,-0.04370892,1750,1760,valid
687,1.5698556,1.5265968,-0.043258786,1750,1760,valid
688,1.5698547,1.522989,-0.0468657,1750,1760,valid
689,1.5698538,1.5237448,-0.04610896,1750,1760,valid
690,1.569853,1.5380805,-0.031772494,1750,1760,valid
691,1.569852,1.5294724,-0.040379643,1750,1760,valid
692,1.5698512,1.5219858,-0.04786539,1750,1760,valid
693,1.5698502,1.5292914,-0.040558815,1750,1760,valid
694,1.5698494,1.5343703,-0.03547907,1750,1760,valid
695,1.5698484,1.5345488,-0.03529966,1750,1760,valid
696,1.5698476,1.5277417,-0.042105913,1750,1760,valid
697,1.5698466,1.518216,-0.051630616,1750,1760,valid
698,1.5698458,1.5245249,-0.04532087,1750,1760,valid
699,1.5698448,1.5256035,-0.04424131,1750,1760,valid
700,1.5698439,1.5274181,-0.04242575,1750,1760,valid
701,1.569843,1.5254638,-0.044379234,1750,1760,valid
702,1.5698421,1.5241203,-0.04572177,1750,1760,valid
703,1.5698413,1.5200737,-0.049767613,1750,1760,valid
704,1.5698403,1.5258617,-0.043978572,1750,1760,valid
705,1.5698394,1.5308268,-0.03901255,1750,1760,valid
706,1.5698385,1.5277895,-0.04204905,1750,1760,valid
707,1.5698376,1.530241,-0.039596558,1750,1760,valid
708,1.5698366,1.5317793,-0.038057327,1750,1760,valid
709,1.5698357,1.527848,-0.041987658,1750,1760,valid
710,1.5698348,1.5286243,-0.041210532,1750,1760,valid
711,1.5698339,1.5237318,-0.046102047,1750,1760,valid
712,1.5698329,1.5401554,-0.02967751,1750,1760,valid
713,1.569832,1.5319264,-0.037905574,1750,1760,valid
714,1.5698311,1.5223379,-0.04749322,1750,1760,valid
715,1.5698302,1.5223157,-0.04751444,1750,1760,valid
716,1.5698292,1.5390015,-0.03082776,1750,1760,valid
717,1.5698283,1.5366678,-0.033160448,1750,1760,valid
718,1.5698273,1.5231752,-0.04665208,1750,1760,valid
719,1.5698264,1.530564,-0.039262414,1750,1760,valid
720,1.5698254,1.5442498,-0.025575638,1750,1760,valid
721,1.5698245,1.533607,-0.03621745,1750,1760,valid
722,1.5698236,1.5481001,-0.021723509,1750,1760,valid
723,1.5698227,1.541681,-0.028141618,1750,1760,valid
724,1.5698217,1.5387094,-0.031112313,1750,1760,valid
725,1.5698208,1.5371954,-0.032625318,1750,1760,valid
726,1.5698198,1.5373051,-0.03251469,1750,1760,valid
727,1.5698189,1.5321127,-0.037706137,1750,1760,valid
728,1.5698179,1.5262809,-0.04353702,1750,1760,valid
729,1.569817,1.5207076,-0.04910934,1750,1760,valid
730,1.569816,1.522879,-0.04693699,1750,1760,valid
731,1.5698149,1.5204432,-0.04937172,1750,1760,valid
732,1.569814,1.5134506,-0.056363344,1750,1760,valid
733,1.569813,1.5203934,-0.04941964,1750,1760,valid
734,1.569812,1.5315102,-0.038301826,1750,1760,valid
735,1.5698111,1.5075072,-0.0623039,1750,1760,valid
736,1.5698102,1.5272368,-0.042573333,1750,1760,valid
737,1.5698092,1.5340798,-0.03572941,1750,1760,valid
738,1.5698081,1.529031,-0.040777087,1750,1760,valid
739,1.5698072,1.5327182,-0.03708899,1750,1760,valid
740,1.5698062,1.5327631,-0.037043095,1750,1760,valid
741,1.5698053,1.5356262,-0.03417909,1750,1760,valid
742,1.5698043,1.5248821,-0.044922233,1750,1760,valid
743,1.5698032,1.5202055,-0.04959774,1750,1760,valid
744,1.5698023,1.5328324,-0.0369699,1750,1760,valid
745,1.5698013,1.5200367,-0.049764633,1750,1760,valid
746,1.5698003,1.520832,-0.048968315,1750,1760,valid
747,1.5697993,1.5168984,-0.05290091,1750,1760,valid
748,1.5697984,1.5163045,-0.053493857,1750,1760,valid
749,1.5697973,1.5191591,-0.0506382,1750,1760,valid
750,1.5697963,1.516099,-0.053697348,1750,1760,valid
751,1.5697954,1.5137602,-0.05603516,1750,1760,valid
752,1.5697943,1.5026171,-0.06717718,1750,1760,valid
753,1.5697933,1.5154026,-0.054390788,1750,1760,valid
754,1.5697923,1.5048666,-0.06492567,1750,1760,valid
755,1.5697913,1.5199549,-0.049836397,1750,1760,valid
756,1.5697902,1.511686,-0.058104277,1750,1760,valid
757,1.5697893,1.5149597,-0.054829597,1750,1760,valid
758,1.5697882,1.5128937,-0.05689454,1750,1760,valid
759,1.5697873,1.5158516,-0.053935647,1750,1760,valid
760,1.5697862,1.5133798,-0.05640638,1750,1760,valid
761,1.5697852,1.504721,-0.06506419,1750,1760,valid
762,1.5697842,1.508332,-0.06145215,1750,1760,valid
763,1.5697832,1.5076879,-0.062095284,1750,1760,valid
764,1.5697821,1.5023082,-0.06747389,1750,1760,valid
765,1.5697811,1.5152031,-0.054577947,1750,1760,valid
766,1.5697801,1.5135236,-0.056256533,1750,1760,valid
767,1.569779,1.5087466,-0.061032414,1750,1760,valid
768,1.569778,1.5166132,-0.05316472,1750,1760,valid
769,1.569777,1.5154285,-0.05434847,1750,1760,valid
770,1.5697759,1.5153781,-0.05439782,1750,1760,valid
771,1.5697749,1.5099223,-0.0598526,1750,1760,valid
772,1.5697738,1.5042859,-0.06548786,1750,1760,valid
773,1.5697728,1.5051076,-0.0646652,1750,1760,valid
774,1.5697718,1.5106746,-0.05909717,1750,1760,valid
775,1.5697707,1.5061953,-0.06357539,1750,1760,valid
776,1.5697696,1.5193672,-0.050402403,1750,1760,valid
777,1.5697685,1.5267379,-0.04303062,1750,1760,valid
778,1.5697675,1.526772,-0.042995453,1750,1760,valid
779,1.5697664,1.5223724,-0.047394037,1750,1760,valid
780,1.5697654,1.5233378,-0.046427608,1750,1760,valid
781,1.5697644,1.5161953,-0.05356908,1750,1760,valid
782,1.5697633,1.519281,-0.050482273,1750,1760,valid
783,1.5697622,1.5174379,-0.052324295,1750,1760,valid
784,1.5697612,1.5121008,-0.05766034,1750,1760,valid
785,1.5697601,1.5121145,-0.05764556,1750,1760,valid
786,1.569759,1.5140809,-0.05567813,1750,1760,valid
787,1.5697579,1.5129347,-0.056823254,1750,1760,valid
788,1.5697569,1.5148232,-0.054933667,1750,1760,valid
789,1.5697558,1.5115076,-0.058248162,1750,1760,valid
790,1.5697547,1.5149571,-0.05479765,1750,1760,valid
791,1.5697535,1.5115839,-0.058169603,1750,1760,valid
792,1.5697525,1.5174412,-0.0523113,1750,1760,valid
793,1.5697514,1.5148726,-0.05487883,1750,1760,valid
794,1.5697503,1.5102539,-0.059496403,1750,1760,valid
795,1.5697492,1.5084149,-0.06133437,1750,1760,valid
796,1.5697482,1.5045642,-0.065184,1750,1760,valid
797,1.569747,1.5007799,-0.068967104,1750,1760,valid
798,1.5697459,1.5020487,-0.06769717,1750,1760,valid
799,1.5697448,1.503633,-0.0661118,1750,1760,valid
800,1.5697438,1.504328,-0.06541574,1750,1760,valid
801,1.5697426,1.50334,-0.066402555,1750,1760,valid
802,1.5697415,1.4997475,-0.06999397,1750,1760,valid
803,1.5697404,1.4977225,-0.07201791,1750,1760,valid
804,1.5697392,1.5129833,-0.0567559,1750,1760,valid
805,1.5697381,1.5070398,-0.062698364,1750,1760,valid
806,1.569737,1.5034287,-0.06630826,1750,1760,valid
807,1.5697359,1.4995561,-0.07017982,1750,1760,valid
808,1.5697348,1.5055522,-0.06418264,1750,1760,valid
809,1.5697336,1.5040295,-0.06570411,1750,1760,valid
810,1.5697325,1.5016948,-0.06803775,1750,1760,valid
811,1.5697314,1.4952211,-0.07451022,1750,1760,valid
812,1.5697303,1.4977088,-0.072021484,1750,1760,valid
813,1.5697291,1.5018454,-0.06788373,1750,1760,valid
814,1.5697279,1.5026662,-0.06706166,1750,1760,valid
815,1.5697268,1.5092591,-0.06046772,1750,1760,valid
816,1.5697256,1.5099683,-0.059757352,1750,1760,valid
817,1.5697246,1.5027599,-0.06696463,1750,1760,valid
818,1.5697234,1.4964705,-0.07325292,1750,1760,valid
819,1.5697222,1.5006697,-0.06905246,1750,1760,valid
820,1.5697211,1.5033405,-0.06638062,1750,1760,valid
821,1.5697199,1.4955319,-0.074187994,1750,1760,valid
822,1.5697187,1.4926051,-0.07711363,1750,1760,valid
823,1.5697175,1.4934644,-0.076253176,1750,1760,valid
824,1.5697165,1.5038207,-0.065895796,1750,1760,valid
825,1.5697153,1.4961979,-0.07351732,1750,1760,valid
826,1.5697141,1.511679,-0.058035016,1750,1760,valid
827,1.5697129,1.4995183,-0.0701946,1750,1760,valid
828,1.5697117,1.4971647,-0.07254696,1750,1760,valid
829,1.5697105,1.5162239,-0.053486586,1750,1760,valid
830,1.5697094,1.5125917,-0.0571177,1750,1760,valid
831,1.5697082,1.5160425,-0.053665757,1750,1760,valid
832,1.569707,1.5241873,-0.04551971,1750,1760,valid
833,1.5697058,1.5131091,-0.056596756,1750,1760,valid
834,1.5697047,1.5132535,-0.0564512,1750,1760,valid
835,1.5697035,1.5125386,-0.057164907,1750,1760,valid
836,1.5697023,1.5215788,-0.04812348,1750,1760,valid
837,1.5697011,1.5080049,-0.06169617,1750,1760,valid
838,1.5696999,1.5081333,-0.06156659,1750,1760,valid
839,1.5696987,1.50549,-0.064208746,1750,1760,valid
840,1.5696974,1.5085629,-0.061134458,1750,1760,valid
841,1.5696962,1.5215719,-0.048124313,1750,1760,valid
842,1.569695,1.5100318,-0.059663177,1750,1760,valid
843,1.5696938,1.5113691,-0.058324695,1750,1760,valid
844,1.5696926,1.5113426,-0.058349967,1750,1760,valid
845,1.5696913,1.5195075,-0.050183773,1750,1760,valid
846,1.5696901,1.5137298,-0.055960298,1750,1760,valid
847,1.5696889,1.5169384,-0.05275047,1750,1760,valid
848,1.5696877,1.5170116,-0.05267608,1750,1760,valid
849,1.5696864,1.5164815,-0.053204894,1750,1760,valid
850,1.5696852,1.5150313,-0.054653883,1750,1760,valid
851,1.569684,1.5168514,-0.052832603,1750,1760,valid
852,1.5696827,1.52371,-0.045972705,1750,1760,valid
853,1.5696815,1.5259292,-0.043752313,1750,1760,valid
854,1.5696802,1.523514,-0.04616618,1750,1760,valid
855,1.569679,1.5253854,-0.044293642,1750,1760,valid
856,1.5696777,1.534448,-0.035229683,1750,1760,valid
857,1.5696765,1.5323921,-0.037284374,1750,1760,valid
858,1.5696752,1.5282161,-0.041459084,1750,1760,valid
859,1.569674,1.5258592,-0.04381478,1750,1760,valid
860,1.5696727,1.5286478,-0.041024923,1750,1760,valid
861,1.5696715,1.5246063,-0.045065165,1750,1760,valid
862,1.5696702,1.5303938,-0.03927636,1750,1760,valid
863,1.5696689,1.5290724,-0.040596485,1750,1760,valid
864,1.5696677,1.5528098,-0.016857862,1750,1760,valid
865,1.5696664,1.5523205,-0.017345905,1750,1760,valid
866,1.5696651,1.5445755,-0.025089622,1750,1760,valid
867,1.5696639,1.5518029,-0.017861009,1750,1760,valid
868,1.5696626,1.5508299,-0.018832684,1750,1760,valid
869,1.5696613,1.5482668,-0.021394491,1750,1760,valid
870,1.56966,1.5454075,-0.024252415,1750,1760,valid
871,1.5696586,1.5455549,-0.02410376,1750,1760,valid
872,1.5696573,1.5501194,-0.019537926,1750,1760,valid
873,1.5696561,1.554723,-0.014933109,1750,1760,valid
874,1.5696548,1.5514672,-0.018187642,1750,1760,valid
875,1.5696535,1.5576763,-0.011977196,1750,1760,valid
876,1.5696522,1.5474911,-0.022161126,1750,1760,valid
877,1.5696509,1.5622547,-0.007396221,1750,1760,valid
878,1.5696496,1.563909,-0.0057405233,1750,1760,valid
879,1.5696483,1.5607841,-0.008864164,1750,1760,valid
880,1.569647,1.5528154,-0.016831517,1750,1760,valid
881,1.5696455,1.5592657,-0.010379791,1750,1760,valid
882,1.5696442,1.55508,-0.0145641565,1750,1760,valid
883,1.5696429,1.5573895,-0.012253404,1750,1760,valid
884,1.5696416,1.5508423,-0.018799305,1750,1760,valid
885,1.5696403,1.5482926,-0.021347642,1750,1760,valid
886,1.569639,1.5490949,-0.020544052,1750,1760,valid
887,1.5696375,1.5481219,-0.021515608,1750,1760,valid
888,1.5696362,1.5470645,-0.022571683,1750,1760,valid
889,1.5696349,1.5366114,-0.033023477,1750,1760,valid
890,1.5696335,1.537185,-0.03244853,1750,1760,valid
891,1.5696322,1.5416492,-0.02798295,1750,1760,valid
892,1.5696309,1.5407304,-0.028900504,1750,1760,valid
893,1.5696294,1.5376272,-0.03200221,1750,1760,valid
894,1.5696281,1.5412621,-0.02836597,1750,1760,valid
895,1.5696267,1.5433923,-0.026234388,1750,1760,valid
896,1.5696254,1.503301,-0.06632435,1750,1760,valid
897,1.569624,1.5045202,-0.06510377,1750,1760,valid
898,1.5696226,1.5028808,-0.066741824,1750,1760,valid
899,1.5696212,1.5071545,-0.06246674,1750,1760,valid
900,1.5696199,1.5072432,-0.062376738,1750,1760,valid
901,1.5696185,1.5075284,-0.06209004,1750,1760,valid
902,1.569617,1.5041327,-0.065484285,1750,1760,valid
903,1.5696157,1.499018,-0.07059777,1750,1760,valid
904,1.5696143,1.4981927,-0.07142162,1750,1760,valid
905,1.5696129,1.504884,-0.064728856,1750,1760,valid
906,1.5696115,1.4973522,-0.07225931,1750,1760,valid
907,1.5696101,1.5059276,-0.063682556,1750,1760,valid
908,1.5696087,1.5014582,-0.06815052,1750,1760,valid
909,1.5696073,1.4947982,-0.074809074,1750,1760,valid
910,1.5696058,1.5108806,-0.058725238,1750,1760,valid
911,1.5696044,1.5021629,-0.06744146,1750,1760,valid
912,1.569603,1.4952766,-0.074326396,1750,1760,valid
913,1.5696015,1.4938892,-0.07571232,1750,1760,valid
914,1.5696001,1.4998801,-0.06972003,1750,1760,valid
915,1.5695987,1.5070761,-0.06252253,1750,1760,valid
916,1.5695972,1.5041193,-0.06547797,1750,1760,valid
917,1.5695958,1.4979281,-0.07166767,1750,1760,valid
918,1.5695944,1.4921366,-0.077457786,1750,1760,valid
919,1.569593,1.493424,-0.076168895,1750,1760,valid
920,1.5695915,1.5005426,-0.06904888,1750,1760,valid
921,1.5695901,1.5023798,-0.06721032,1750,1760,valid
922,1.5695885,1.4885778,-0.0810107,1750,1760,valid
923,1.5695871,1.4992929,-0.07029426,1750,1760,valid
924,1.5695857,1.4997495,-0.06983614,1750,1760,valid
925,1.5695843,1.5008371,-0.06874716,1750,1760,valid
926,1.5695827,1.5024037,-0.067178965,1750,1760,valid
927,1.5695813,1.5055382,-0.064043045,1750,1760,valid
928,1.5695798,1.5041741,-0.06540573,1750,1760,valid
929,1.5695783,1.5194931,-0.050085187,1750,1760,valid
930,1.5695769,1.5041226,-0.065454245,1750,1760,valid
931,1.5695753,1.506434,-0.063141346,1750,1760,valid
932,1.5695739,1.5082673,-0.061306596,1750,1760,valid
933,1.5695723,1.5064645,-0.06310785,1750,1760,valid
934,1.5695708,1.5155759,-0.053994894,1750,1760,valid
935,1.5695693,1.5143044,-0.05526495,1750,1760,valid
936,1.5695678,1.5115986,-0.057969213,1750,1760,valid
937,1.5695664,1.5145394,-0.055027008,1750,1760,valid
938,1.5695648,1.5096271,-0.059937716,1750,1760,valid
939,1.5695633,1.5075305,-0.06203282,1750,1760,valid
940,1.5695617,1.5147148,-0.054846883,1750,1760,valid
941,1.5695603,1.5142039,-0.055356383,1750,1760,valid
942,1.5695587,1.5178616,-0.051697135,1750,1760,valid
943,1.5695572,1.5170296,-0.052527547,1750,1760,valid
944,1.5695556,1.5430243,-0.026531339,1750,1760,valid
945,1.5695541,1.5418104,-0.027743697,1750,1760,valid
946,1.5695525,1.543139,-0.02641356,1750,1760,valid
947,1.569551,1.5495244,-0.020026565,1750,1760,valid
948,1.5695494,1.5500152,-0.01953423,1750,1760,valid
949,1.5695479,1.5506709,-0.01887703,1750,1760,valid
950,1.5695463,1.5538372,-0.015709162,1750,1760,valid
951,1.5695448,1.5514218,-0.01812303,1750,1760,valid
952,1.5695432,1.5702211,0.000677824,1750,1760,valid
953,1.5695416,1.5681636,-0.0013779402,1750,1760,valid
954,1.56954,1.5635692,-0.0059708357,1750,1760,valid
955,1.5695385,1.5623144,-0.007224083,1750,1760,valid
956,1.5695369,1.563223,-0.00631392,1750,1760,valid
957,1.5695353,1.5743041,0.0047688484,1750,1760,valid
958,1.5695337,1.5705358,0.0010020733,1750,1760,valid
959,1.5695322,1.562437,-0.0070950985,1750,1760,valid
960,1.5695305,1.5778664,0.008335948,1750,1760,valid
961,1.5695289,1.578317,0.008788109,1750,1760,valid
962,1.5695273,1.5771264,0.0075991154,1750,1760,valid
963,1.5695257,1.5753918,0.0058660507,1750,1760,valid
964,1.569524,1.5793658,0.0098418,1750,1760,valid
965,1.5695225,1.5782623,0.008739829,1750,1760,valid
966,1.5695208,1.5826751,0.013154268,1750,1760,valid
967,1.5695192,1.5798719,0.010352731,1750,1760,valid
968,1.5695176,1.587364,0.017846346,1750,1760,valid
969,1.569516,1.575973,0.0064570904,1750,1760,valid
970,1.5695143,1.59507,0.02555573,1750,1760,valid
971,1.5695126,1.5946047,0.025092125,1750,1760,valid
972,1.5695109,1.5847191,0.015208125,1750,1760,valid
973,1.5695093,1.5787112,0.009201884,1750,1760,valid
974,1.5695077,1.5781136,0.008605838,1750,1760,valid
975,1.569506,1.5709438,0.0014377832,1750,1760,valid
976,1.5695044,1.5698365,0.00033211708,1750,1760,valid
977,1.5695027,1.5660893,-0.0034134388,1750,1760,valid
978,1.569501,1.5637398,-0.0057612658,1750,1760,valid
979,1.5694993,1.5635188,-0.0059804916,1750,1760,valid
980,1.5694976,1.5561494,-0.013348222,1750,1760,valid
981,1.5694959,1.5542088,-0.015287161,1750,1760,valid
982,1.5694942,1.5551438,-0.014350414,1750,1760,valid
983,1.5694926,1.571349,0.0018564463,1750,1760,valid
984,1.5694908,1.5547018,-0.014788985,1750,1760,valid
985,1.5694891,1.5573237,-0.012165427,1750,1760,valid
986,1.5694875,1.5554712,-0.014016271,1750,1760,valid
987,1.5694857,1.5530838,-0.016401887,1750,1760,valid
988,1.569484,1.5518286,-0.017655373,1750,1760,valid
989,1.5694823,1.5525849,-0.01689744,1750,1760,valid
990,1.5694805,1.5417998,-0.027680755,1750,1760,valid
991,1.5694788,1.5454328,-0.024045944,1750,1760,valid
992,1.5694771,1.5252889,-0.04418814,1750,1760,valid
993,1.5694753,1.5254273,-0.04404795,1750,1760,valid
994,1.5694736,1.5251796,-0.044294,1750,1760,valid
995,1.5694718,1.5278172,-0.041654587,1750,1760,valid
996,1.56947,1.5408835,-0.028586507,1750,1760,valid
997,1.5694683,1.5347204,-0.03474784,1750,1760,valid
998,1.5694666,1.5392706,-0.030195951,1750,1760,valid
999,1.5694648,1.5296413,-0.039823532,1750,1760,valid
1000,1.569463,1.5238153,-0.04564774,1750,1760,valid
1001,1.5694612,1.5179218,-0.05153942,1750,1760,valid
1002,1.5694594,1.5120125,-0.057446957,1750,1760,valid
1003,1.5694577,1.5181849,-0.05127275,1750,1760,valid
1004,1.5694559,1.5149512,-0.054504633,1750,1760,valid
1005,1.5694541,1.5251863,-0.044267774,1750,1760,valid
1006,1.5694523,1.5231955,-0.04625678,1750,1760,valid
1007,1.5694504,1.5285867,-0.040863633,1750,1760,valid
1008,1.5694486,1.5009875,-0.06846106,1750,1760,valid
1009,1.5694468,1.5004935,-0.068953276,1750,1760,valid
1010,1.569445,1.4947209,-0.07472408,1750,1760,valid
1011,1.5694431,1.4815497,-0.08789337,1750,1760,valid
1012,1.5694413,1.4954982,-0.07394314,1750,1760,valid
1013,1.5694395,1.4814239,-0.088015676,1750,1760,valid
1014,1.5694376,1.4936316,-0.07580602,1750,1760,valid
1015,1.5694358,1.5091015,-0.060334325,1750,1760,valid
1016,1.5694339,1.4937063,-0.07572758,1750,1760,valid
1017,1.569432,1.5089558,-0.060476184,1750,1760,valid
1018,1.5694302,1.4972596,-0.072170615,1750,1760,valid
1019,1.5694283,1.4765371,-0.09289122,1750,1760,valid
1020,1.5694264,1.5047547,-0.064671755,1750,1760,valid
1021,1.5694246,1.4886377,-0.08078694,1750,1760,valid
1022,1.5694227,1.4919899,-0.07743287,1750,1760,valid
1023,1.5694208,1.4942789,-0.07514191,1750,1760,valid
1024,1.5694189,1.5506318,-0.018787146,1750,1760,valid
1025,1.569417,1.5553145,-0.014102459,1750,1760,valid
1026,1.5694151,1.5549264,-0.014488697,1750,1760,valid
1027,1.5694132,1.5381117,-0.0313015,1750,1760,valid
1028,1.5694113,1.5369284,-0.032482862,1750,1760,valid
1029,1.5694094,1.5586305,-0.010778904,1750,1760,valid
1030,1.5694075,1.5664625,-0.0029449463,1750,1760,valid
1031,1.5694056,1.5729935,0.0035879612,1750,1760,valid
1032,1.5694035,1.5528646,-0.016538978,1750,1760,valid
1033,1.5694016,1.557244,-0.012157679,1750,1760,valid
1034,1.5693997,1.557633,-0.011766672,1750,1760,valid
1035,1.5693977,1.5564389,-0.012958765,1750,1760,valid
1036,1.5693958,1.5572956,-0.01210022,1750,1760,valid
1037,1.5693938,1.5454645,-0.023929238,1750,1760,valid
1038,1.5693918,1.5485857,-0.020806193,1750,1760,valid
1039,1.5693898,1.56809,-0.0012998581,1750,1760,valid
1040,1.5693879,1.5640689,-0.0053189993,1750,1760,valid
1041,1.5693859,1.5632677,-0.0061181784,1750,1760,valid
1042,1.5693839,1.5467393,-0.02264452,1750,1760,valid
1043,1.569382,1.5514632,-0.017918706,1750,1760,valid
1044,1.5693799,1.5487626,-0.020617366,1750,1760,valid
1045,1.5693779,1.5519106,-0.01746726,1750,1760,valid
1046,1.5693759,1.5596564,-0.009719491,1750,1760,valid
1047,1.5693738,1.5630575,-0.006316304,1750,1760,valid
1048,1.5693718,1.5502189,-0.01915288,1750,1760,valid
1049,1.5693698,1.5503992,-0.018970609,1750,1760,valid
1050,1.5693678,1.5475864,-0.021781325,1750,1760,valid
1051,1.5693657,1.5491171,-0.020248652,1750,1760,valid
1052,1.5693637,1.545037,-0.024326682,1750,1760,valid
1053,1.5693616,1.5429442,-0.026417375,1750,1760,valid
1054,1.5693595,1.5432506,-0.02610898,1750,1760,valid
1055,1.5693575,1.5385509,-0.03080666,1750,1760,valid
1056,1.5693554,1.5408549,-0.028500438,1750,1760,valid
1057,1.5693533,1.5457907,-0.02356267,1750,1760,valid
1058,1.5693512,1.5519531,-0.017398119,1750,1760,valid
1059,1.5693492,1.5466129,-0.022736311,1750,1760,valid
1060,1.569347,1.5598629,-0.009484172,1750,1760,valid
1061,1.569345,1.547786,-0.021559,1750,1760,valid
1062,1.5693429,1.5551547,-0.01418817,1750,1760,valid
1063,1.5693407,1.5519043,-0.017436385,1750,1760,valid
1064,1.5693386,1.5372794,-0.032059193,1750,1760,valid
1065,1.5693364,1.537728,-0.031608462,1750,1760,valid
1066,1.5693344,1.534955,-0.034379363,1750,1760,valid
1067,1.5693322,1.5328465,-0.03648579,1750,1760,valid
1068,1.5693301,1.5386748,-0.030655265,1750,1760,valid
1069,1.569328,1.5315459,-0.037782073,1750,1760,valid
1070,1.5693257,1.5362842,-0.033041477,1750,1760,valid
1071,1.5693235,1.5351427,-0.03418088,1750,1760,valid
1072,1.5693214,1.5466863,-0.022635102,1750,1760,valid
1073,1.5693192,1.5484889,-0.020830393,1750,1760,valid
1074,1.569317,1.5472823,-0.022034645,1750,1760,valid
1075,1.5693148,1.5504103,-0.018904567,1750,1760,valid
1076,1.5693127,1.5414622,-0.027850509,1750,1760,valid
1077,1.5693104,1.5422995,-0.027010918,1750,1760,valid
1078,1.5693083,1.5368292,-0.032479048,1750,1760,valid
1079,1.569306,1.5433186,-0.025987387,1750,1760,valid
1080,1.5693038,1.5444669,-0.024836898,1750,1760,valid
1081,1.5693016,1.5432277,-0.026073933,1750,1760,valid
1082,1.5692993,1.5437608,-0.025538564,1750,1760,valid
1083,1.5692971,1.539471,-0.029826045,1750,1760,valid
1084,1.5692948,1.5281552,-0.041139603,1750,1760,valid
1085,1.5692925,1.5253483,-0.04394424,1750,1760,valid
1086,1.5692903,1.5297433,-0.039546967,1750,1760,valid
1087,1.569288,1.5335121,-0.0357759,1750,1760,valid
1088,1.5692858,1.5290896,-0.04019618,1750,1760,valid
1089,1.5692835,1.531821,-0.037462473,1750,1760,valid
1090,1.5692812,1.5349947,-0.0342865,1750,1760,valid
1091,1.5692788,1.5365423,-0.03273654,1750,1760,valid
1092,1.5692766,1.5329232,-0.03635335,1750,1760,valid
1093,1.5692743,1.5263174,-0.04295695,1750,1760,valid
1094,1.5692719,1.5331349,-0.036136985,1750,1760,valid
1095,1.5692697,1.5357218,-0.03354788,1750,1760,valid
1096,1.5692673,1.5410188,-0.02824843,1750,1760,valid
1097,1.5692649,1.5403028,-0.028962135,1750,1760,valid
1098,1.5692626,1.5372367,-0.032025933,1750,1760,valid
1099,1.5692602,1.5281401,-0.04112017,1750,1760,valid
1100,1.5692579,1.5314631,-0.03779471,1750,1760,valid
1101,1.5692555,1.5287455,-0.04050994,1750,1760,valid
1102,1.5692531,1.5263095,-0.042943597,1750,1760,valid
1103,1.5692507,1.5417632,-0.027487516,1750,1760,valid
1104,1.5692483,1.5376736,-0.031574726,1750,1760,valid
1105,1.5692459,1.5395837,-0.029662251,1750,1760,valid
1106,1.5692436,1.5385064,-0.030737162,1750,1760,valid
1107,1.5692412,1.5310742,-0.038167,1750,1760,valid
1108,1.5692387,1.5363169,-0.03292179,1750,1760,valid
1109,1.5692363,1.534183,-0.035053253,1750,1760,valid
1110,1.5692338,1.5375919,-0.03164184,1750,1760,valid
1111,1.5692314,1.5373198,-0.03191161,1750,1760,valid
1112,1.5692289,1.5358291,-0.03339982,1750,1760,valid
1113,1.5692265,1.5376189,-0.031607628,1750,1760,valid
1114,1.569224,1.5346031,-0.03462088,1750,1760,valid
1115,1.5692215,1.5420566,-0.027164936,1750,1760,valid
1116,1.569219,1.5398055,-0.029413462,1750,1760,valid
1117,1.5692165,1.54337,-0.025846481,1750,1760,valid
1118,1.5692141,1.5381682,-0.031045914,1750,1760,valid
1119,1.5692115,1.5369108,-0.03230071,1750,1760,valid
1120,1.569209,1.5397823,-0.029426694,1750,1760,valid
1121,1.5692065,1.5354822,-0.033724308,1750,1760,valid
1122,1.569204,1.5372694,-0.03193462,1750,1760,valid
1123,1.5692015,1.5384333,-0.030768156,1750,1760,valid
1124,1.5691988,1.5349241,-0.034274697,1750,1760,valid
1125,1.5691963,1.5448103,-0.024386048,1750,1760,valid
1126,1.5691937,1.5422107,-0.026983023,1750,1760,valid
1127,1.5691912,1.5363158,-0.03287542,1750,1760,valid
1128,1.5691886,1.5401053,-0.029083252,1750,1760,valid
1129,1.569186,1.5318819,-0.037304044,1750,1760,valid
1130,1.5691835,1.5403893,-0.02879417,1750,1760,valid
1131,1.5691808,1.5353211,-0.03385973,1750,1760,valid
1132,1.5691782,1.529275,-0.039903283,1750,1760,valid
1133,1.5691756,1.5301858,-0.038989782,1750,1760,valid
1134,1.569173,1.5260913,-0.04308164,1750,1760,valid
1135,1.5691704,1.5234687,-0.045701623,1750,1760,valid
1136,1.5691676,1.523791,-0.04537666,1750,1760,valid
1137,1.569165,1.5338005,-0.03536451,1750,1760,valid
1138,1.5691624,1.531541,-0.03762138,1750,1760,valid
1139,1.5691596,1.5289683,-0.040191293,1750,1760,valid
1140,1.569157,1.5268296,-0.042327404,1750,1760,valid
1141,1.5691543,1.527235,-0.04191923,1750,1760,valid
1142,1.5691516,1.5231242,-0.046027422,1750,1760,valid
1143,1.5691489,1.5227475,-0.04640138,1750,1760,valid
1144,1.5691462,1.5200319,-0.049114227,1750,1760,valid
1145,1.5691434,1.5275232,-0.041620255,1750,1760,valid
1146,1.5691407,1.5309956,-0.038145065,1750,1760,valid
1147,1.5691379,1.5299964,-0.039141536,1750,1760,valid
1148,1.5691352,1.5337458,-0.035389423,1750,1760,valid
1149,1.5691324,1.5368687,-0.032263756,1750,1760,valid
1150,1.5691297,1.5303413,-0.038788438,1750,1760,valid
1151,1.5691268,1.5367191,-0.03240776,1750,1760,valid
1152,1.5691241,1.580771,0.011646867,1750,1760,valid
1153,1.5691212,1.581492,0.012370706,1750,1760,valid
1154,1.5691185,1.5764474,0.007328868,1750,1760,valid
1155,1.5691156,1.5761167,0.0070010424,1750,1760,valid
1156,1.5691128,1.5778232,0.008710384,1750,1760,valid
1157,1.56911,1.579592,0.010481954,1750,1760,valid
1158,1.5691072,1.580625,0.011517882,1750,1760,valid
1159,1.5691043,1.5776179,0.00851357,1750,1760,valid
1160,1.5691015,1.5854093,0.01630783,1750,1760,valid
1161,1.5690986,1.5846443,0.015545726,1750,1760,valid
1162,1.5690956,1.5777869,0.008691311,1750,1760,valid
1163,1.5690928,1.5833772,0.014284492,1750,1760,valid
1164,1.5690899,1.588509,0.019419074,1750,1760,valid
1165,1.5690869,1.5904965,0.02140963,1750,1760,valid
1166,1.569084,1.5880891,0.01900506,1750,1760,valid
1167,1.5690811,1.5819249,0.012843847,1750,1760,valid
1168,1.5690781,1.582274,0.013195872,1750,1760,valid
1169,1.5690751,1.5787463,0.009671211,1750,1760,valid
1170,1.5690722,1.580774,0.011701703,1750,1760,valid
1171,1.5690693,1.5944021,0.025332808,1750,1760,valid
1172,1.5690662,1.5696455,0.00057935715,1750,1760,valid
1173,1.5690632,1.5839331,0.014869928,1750,1760,valid
1174,1.5690602,1.5735272,0.0044670105,1750,1760,valid
1175,1.5690572,1.5645713,-0.004485965,1750,1760,valid
1176,1.5690541,1.5589099,-0.010144234,1750,1760,valid
1177,1.5690511,1.5653868,-0.0036643744,1750,1760,valid
1178,1.569048,1.5536611,-0.015386939,1750,1760,valid
1179,1.5690451,1.5580051,-0.011039972,1750,1760,valid
1180,1.569042,1.5635902,-0.0054517984,1750,1760,valid
1181,1.5690389,1.5650992,-0.0039396286,1750,1760,valid
1182,1.5690358,1.5646939,-0.0043418407,1750,1760,valid
1183,1.5690327,1.5560492,-0.012983441,1750,1760,valid
1184,1.5690296,1.5618919,-0.007137656,1750,1760,valid
1185,1.5690265,1.5719697,0.0029432774,1750,1760,valid
1186,1.5690233,1.5668582,-0.0021650791,1750,1760,valid
1187,1.5690202,1.5662917,-0.0027284622,1750,1760,valid
1188,1.5690169,1.5592406,-0.009776354,1750,1760,valid
1189,1.5690138,1.5650644,-0.0039494038,1750,1760,valid
1190,1.5690106,1.5572051,-0.011805534,1750,1760,valid
1191,1.5690074,1.5569005,-0.012106895,1750,1760,valid
1192,1.5690042,1.5483683,-0.020635843,1750,1760,valid
1193,1.569001,1.5548586,-0.014142394,1750,1760,valid
1194,1.5689977,1.5460994,-0.022898316,1750,1760,valid
1195,1.5689945,1.5492008,-0.019793749,1750,1760,valid
1196,1.5689913,1.5558925,-0.013098836,1750,1760,valid
1197,1.568988,1.5492702,-0.019717813,1750,1760,valid
1198,1.5689847,1.5541859,-0.01479888,1750,1760,valid
1199,1.5689814,1.5504584,-0.018522978,1750,1760,valid
1200,1.5689782,1.5191214,-0.049856782,1750,1760,valid
1201,1.5689749,1.5200447,-0.04893017,1750,1760,valid
1202,1.5689715,1.5211147,-0.047856808,1750,1760,valid
1203,1.5689682,1.5336488,-0.03531933,1750,1760,valid
1204,1.5689648,1.5282567,-0.040708184,1750,1760,valid
1205,1.5689615,1.5268942,-0.04206729,1750,1760,valid
1206,1.568958,1.5277371,-0.041220903,1750,1760,valid
1207,1.5689547,1.5254308,-0.043523908,1750,1760,valid
1208,1.5689514,1.5232472,-0.045704126,1750,1760,valid
1209,1.5689479,1.5205495,-0.048398376,1750,1760,valid
1210,1.5689445,1.5163126,-0.052631855,1750,1760,valid
1211,1.568941,1.5190995,-0.049841523,1750,1760,valid
1212,1.5689375,1.5130519,-0.055885673,1750,1760,valid
1213,1.5689341,1.5100522,-0.05888188,1750,1760,valid
1214,1.5689306,1.5066602,-0.062270403,1750,1760,valid
1215,1.5689272,1.5070331,-0.06189406,1750,1760,valid
1216,1.5689237,1.5228925,-0.046031237,1750,1760,valid
1217,1.5689201,1.5223625,-0.046557665,1750,1760,valid
1218,1.5689167,1.521837,-0.047079682,1750,1760,valid
1219,1.5689131,1.5198917,-0.049021363,1750,1760,valid
1220,1.5689095,1.5338428,-0.035066724,1750,1760,valid
1221,1.568906,1.5284866,-0.04041934,1750,1760,valid
1222,1.5689024,1.5301619,-0.038740516,1750,1760,valid
1223,1.5688988,1.5256636,-0.043235183,1750,1760,valid
1224,1.5688952,1.5339469,-0.03494835,1750,1760,valid
1225,1.5688915,1.5383614,-0.030530095,1750,1760,valid
1226,1.568888,1.5424381,-0.0264498,1750,1760,valid
1227,1.5688843,1.5447851,-0.024099112,1750,1760,valid
1228,1.5688807,1.5392342,-0.029646516,1750,1760,valid
1229,1.568877,1.5437732,-0.025103807,1750,1760,valid
1230,1.5688733,1.5429492,-0.025924087,1750,1760,valid
1231,1.5688696,1.5419179,-0.02695167,1750,1760,valid
1232,1.5688658,1.5425265,-0.026339293,1750,1760,valid
1233,1.5688621,1.5468988,-0.021963239,1750,1760,valid
1234,1.5688584,1.5429577,-0.025900722,1750,1760,valid
1235,1.5688546,1.5417709,-0.027083635,1750,1760,valid
1236,1.5688508,1.5541062,-0.01474452,1750,1760,valid
1237,1.5688471,1.5561634,-0.01268363,1750,1760,valid
1238,1.5688432,1.5553925,-0.013450742,1750,1760,valid
1239,1.5688394,1.5468881,-0.021951318,1750,1760,valid
1240,1.5688355,1.5733149,0.0044794083,1750,1760,valid
1241,1.5688317,1.5727068,0.0038751364,1750,1760,valid
1242,1.5688279,1.5734042,0.0045763254,1750,1760,valid
1243,1.5688239,1.5745614,0.005737424,1750,1760,valid
1244,1.56882,1.5777782,0.0089582205,1750,1760,valid
1245,1.5688162,1.5786139,0.009797692,1750,1760,valid
1246,1.5688123,1.5855265,0.016714215,1750,1760,valid
1247,1.5688083,1.5626351,-0.006173253,1750,1760,valid
1248,1.5688043,1.5906427,0.021838427,1750,1760,valid
1249,1.5688003,1.5961885,0.027388215,1750,1760,valid
1250,1.5687963,1.5986426,0.02984631,1750,1760,valid
1251,1.5687923,1.5992819,0.030489564,1750,1760,valid
1252,1.5687883,1.5928252,0.024036884,1750,1760,valid
1253,1.5687842,1.5868075,0.018023252,1750,1760,valid
1254,1.5687802,1.588351,0.019570827,1750,1760,valid
1255,1.5687761,1.5844247,0.015648603,1750,1760,valid
1256,1.5687721,1.5795563,0.010784268,1750,1760,valid
1257,1.5687679,1.586058,0.017290115,1750,1760,valid
1258,1.5687639,1.588558,0.019794106,1750,1760,valid
1259,1.5687597,1.5932456,0.024485946,1750,1760,valid
1260,1.5687555,1.5903919,0.021636367,1750,1760,valid
1261,1.5687513,1.5893114,0.020560026,1750,1760,valid
1262,1.5687472,1.5887443,0.01999712,1750,1760,valid
1263,1.568743,1.5916945,0.022951484,1750,1760,valid
1264,1.5687387,1.5675571,-0.0011816025,1750,1760,valid
1265,1.5687345,1.5668573,-0.0018771887,1750,1760,valid
1266,1.5687302,1.5816345,0.012904286,1750,1760,valid
1267,1.568726,1.586692,0.017966032,1750,1760,valid
1268,1.5687217,1.577921,0.009199381,1750,1760,valid
1269,1.5687174,1.5801449,0.011427522,1750,1760,valid
1270,1.568713,1.5734253,0.004712343,1750,1760,valid
1271,1.5687087,1.5757074,0.0069987774,1750,1760,valid
1272,1.5687042,1.5682213,-0.00048291683,1750,1760,valid
1273,1.5686998,1.5609384,-0.0077614784,1750,1760,valid
1274,1.5686955,1.5653336,-0.0033619404,1750,1760,valid
1275,1.568691,1.5634383,-0.005252719,1750,1760,valid
1276,1.5686866,1.5537348,-0.014951825,1750,1760,valid
1277,1.5686822,1.5672086,-0.001473546,1750,1760,valid
1278,1.5686777,1.5634755,-0.005202174,1750,1760,valid
1279,1.5686731,1.5686551,-1.8000603e-05,1750,1760,valid
1280,1.5686687,1.6330411,0.06437242,1750,1760,valid
1281,1.5686642,1.6269662,0.058302045,1750,1760,valid
1282,1.5686595,1.6284093,0.059749722,1750,1760,valid
1283,1.568655,1.6195285,0.050873518,1750,1760,valid
1284,1.5686504,1.613618,0.04496765,1750,1760,valid
1285,1.5686458,1.6172196,0.048573732,1750,1760,valid
1286,1.5686412,1.6081885,0.039547324,1750,1760,valid
1287,1.5686365,1.6156881,0.04705155,1750,1760,valid
1288,1.5686319,1.6278094,0.059177518,1750,1760,valid
1289,1.5686271,1.6294386,0.06081152,1750,1760,valid
1290,1.5686225,1.6328828,0.06426036,1750,1760,valid
1291,1.5686177,1.6375932,0.06897545,1750,1760,valid
1292,1.5686129,1.642338,0.073725104,1750,1760,valid
1293,1.5686082,1.6476085,0.079000354,1750,1760,valid
1294,1.5686034,1.6357113,0.067107916,1750,1760,valid
1295,1.5685985,1.6468091,0.07821059,1750,1760,valid
1296,1.5685937,1.6207771,0.05218339,1750,1760,valid
1297,1.5685889,1.6231424,0.05455351,1750,1760,valid
1298,1.568584,1.6330142,0.06443024,1750,1760,valid
1299,1.5685791,1.6276855,0.05910647,1750,1760,valid
1300,1.5685741,1.6246101,0.056035995,1750,1760,valid
1301,1.5685692,1.614659,0.04608977,1750,1760,valid
1302,1.5685642,1.6241794,0.055615187,1750,1760,valid
1303,1.5685592,1.6103511,0.041791916,1750,1760,valid
1304,1.5685542,1.6224663,0.053912163,1750,1760,valid
1305,1.5685492,1.6301546,0.061605453,1750,1760,valid
1306,1.568544,1.633945,0.06540096,1750,1760,valid
1307,1.568539,1.6329106,0.064371586,1750,1760,valid
1308,1.5685339,1.643345,0.0748111,1750,1760,valid
1309,1.5685288,1.6316093,0.06308055,1750,1760,valid
1310,1.5685236,1.6394657,0.070942044,1750,1760,valid
1311,1.5685184,1.6318507,0.06333232,1750,1760,valid
1312,1.5685133,1.6359802,0.067466974,1750,1760,valid
1313,1.568508,1.6326456,0.06413758,1750,1760,valid
1314,1.5685028,1.6305251,0.06202233,1750,1760,valid
1315,1.5684975,1.6279159,0.05941832,1750,1760,valid
1316,1.5684922,1.6193731,0.05088091,1750,1760,valid
1317,1.5684868,1.6317048,0.063218,1750,1760,valid
1318,1.5684816,1.6191401,0.050658584,1750,1760,valid
1319,1.5684762,1.6248329,0.05635667,1750,1760,valid
1320,1.5684707,1.6273885,0.05891776,1750,1760,valid
1321,1.5684654,1.6232518,0.054786444,1750,1760,valid
1322,1.5684599,1.6256899,0.057229996,1750,1760,valid
1323,1.5684544,1.6287441,0.06028974,1750,1760,valid
1324,1.5684489,1.6364297,0.06798077,1750,1760,valid
1325,1.5684434,1.6264256,0.057982206,1750,1760,valid
1326,1.5684378,1.6250733,0.0566355,1750,1760,valid
1327,1.5684322,1.6344687,0.06603646,1750,1760,valid
1328,1.5684266,1.6526053,0.084178686,1750,1760,valid
1329,1.568421,1.6600031,0.09158206,1750,1760,valid
1330,1.5684154,1.6588701,0.0904547,1750,1760,valid
1331,1.5684097,1.6578126,0.089402914,1750,1760,valid
1332,1.568404,1.6600556,0.09165168,1750,1760,valid
1333,1.5683982,1.6507859,0.082387686,1750,1760,valid
1334,1.5683925,1.6493112,0.08091867,1750,1760,valid
1335,1.5683867,1.6522512,0.08386457,1750,1760,valid
1336,1.5683808,1.6353164,0.06693554,1750,1760,valid
1337,1.568375,1.649175,0.08080006,1750,1760,valid
1338,1.5683692,1.6394783,0.071109176,1750,1760,valid
1339,1.5683632,1.6407243,0.07236111,1750,1760,valid
1340,1.5683573,1.6441772,0.07581985,1750,1760,valid
1341,1.5683514,1.6365647,0.06821334,1750,1760,valid
1342,1.5683453,1.6379607,0.069615364,1750,1760,valid
1343,1.5683393,1.639895,0.071555614,1750,1760,valid
1344,1.5683333,1.6420153,0.07368207,1750,1760,valid
1345,1.5683272,1.6543322,0.08600497,1750,1760,valid
1346,1.5683211,1.6549206,0.08659947,1750,1760,valid
1347,1.5683149,1.6537526,0.085437655,1750,1760,valid
1348,1.5683087,1.6534966,0.08518791,1750,1760,valid
1349,1.5683025,1.6511885,0.08288598,1750,1760,valid
1350,1.5682963,1.6367148,0.0684185,1750,1760,valid
1351,1.5682901,1.6391506,0.070860505,1750,1760,valid
1352,1.5682838,1.6517134,0.083429575,1750,1760,valid
1353,1.5682775,1.650094,0.081816554,1750,1760,valid
1354,1.568271,1.6480215,0.07975042,1750,1760,valid
1355,1.5682647,1.6356874,0.06742263,1750,1760,valid
1356,1.5682583,1.6499107,0.0816524,1750,1760,valid
1357,1.5682518,1.6475366,0.07928479,1750,1760,valid
1358,1.5682453,1.6494659,0.08122063,1750,1760,valid
1359,1.5682387,1.6514233,0.0831846,1750,1760,valid
1360,1.5682322,1.6606435,0.09241128,1750,1760,valid
1361,1.5682256,1.6554204,0.0871948,1750,1760,valid
1362,1.5682191,1.6573633,0.08914423,1750,1760,valid
1363,1.5682124,1.6605666,0.09235418,1750,1760,valid
1364,1.5682057,1.6522924,0.08408666,1750,1760,valid
1365,1.5681989,1.6623136,0.09411466,1750,1760,valid
1366,1.5681921,1.6613989,0.09320676,1750,1760,valid
1367,1.5681853,1.6538334,0.08564806,1750,1760,valid
1368,1.5681785,1.6567218,0.088543296,1750,1760,valid
1369,1.5681716,1.6556802,0.08750856,1750,1760,valid
1370,1.5681647,1.6549195,0.0867548,1750,1760,valid
1371,1.5681578,1.6512843,0.083126545,1750,1760,valid
1372,1.5681509,1.6533605,0.08520961,1750,1760,valid
1373,1.5681438,1.6660037,0.09785986,1750,1760,valid
1374,1.5681368,1.670583,0.1024462,1750,1760,valid
1375,1.5681297,1.6549171,0.08678746,1750,1760,valid
1376,1.5681225,1.6749249,0.106802344,1750,1760,valid
1377,1.5681154,1.6635227,0.09540737,1750,1760,valid
1378,1.5681082,1.6699401,0.10183191,1750,1760,valid
1379,1.5681009,1.6761928,0.10809183,1750,1760,valid
1380,1.5680937,1.6758455,0.10775185,1750,1760,valid
1381,1.5680863,1.6773932,0.10930693,1750,1760,valid
1382,1.568079,1.6743901,0.10631108,1750,1760,valid
1383,1.5680715,1.6743858,0.1063143,1750,1760,valid
1384,1.5680641,1.6719644,0.10390031,1750,1760,valid
1385,1.5680566,1.6733111,0.10525453,1750,1760,valid
1386,1.5680491,1.6672506,0.09920156,1750,1760,valid
1387,1.5680416,1.6624262,0.09438467,1750,1760,valid
1388,1.5680339,1.6659502,0.097916245,1750,1760,valid
1389,1.5680263,1.6603112,0.09228492,1750,1760,valid
1390,1.5680186,1.6615534,0.09353483,1750,1760,valid
1391,1.5680108,1.6672779,0.099267125,1750,1760,valid
1392,1.568003,1.655009,0.08700597,1750,1760,valid
1393,1.5679952,1.652335,0.08433986,1750,1760,valid
1394,1.5679873,1.6449943,0.077006936,1750,1760,valid
1395,1.5679795,1.6433392,0.0753597,1750,1760,valid
1396,1.5679715,1.6417186,0.07374716,1750,1760,valid
1397,1.5679635,1.6483735,0.08041,1750,1760,valid
1398,1.5679554,1.6435305,0.07557511,1750,1760,valid
1399,1.5679474,1.64591,0.07796264,1750,1760,valid
1400,1.5679392,1.6419884,0.074049234,1750,1760,valid
1401,1.567931,1.6363113,0.06838024,1750,1760,valid
1402,1.5679228,1.63553,0.067607164,1750,1760,valid
1403,1.5679145,1.6346146,0.0667001,1750,1760,valid
1404,1.5679061,1.6281371,0.06023097,1750,1760,valid
1405,1.5678978,1.6295204,0.06162262,1750,1760,valid
1406,1.5678893,1.6254705,0.057581186,1750,1760,valid
1407,1.5678809,1.6234435,0.055562615,1750,1760,valid
1408,1.5678724,1.6258445,0.057972074,1750,1760,valid
1409,1.5678638,1.612006,0.044142127,1750,1760,valid
1410,1.5678551,1.6133878,0.045532703,1750,1760,valid
1411,1.5678465,1.6231807,0.05533421,1750,1760,valid
1412,1.5678377,1.6241217,0.05628395,1750,1760,valid
1413,1.567829,1.6109501,0.0431211,1750,1760,valid
1414,1.5678202,1.6201494,0.052329183,1750,1760,valid
1415,1.5678113,1.6247725,0.056961298,1750,1760,valid
1416,1.5678023,1.6357267,0.06792438,1750,1760,valid
1417,1.5677934,1.6251602,0.057366848,1750,1760,valid
1418,1.5677843,1.6305113,0.062726974,1750,1760,valid
1419,1.5677751,1.6180274,0.05025232,1750,1760,valid
1420,1.5677661,1.6188433,0.051077247,1750,1760,valid
1421,1.5677568,1.6313847,0.06362796,1750,1760,valid
1422,1.5677476,1.6265827,0.05883515,1750,1760,valid
1423,1.5677382,1.6182283,0.05049014,1750,1760,valid
1424,1.5677289,1.6183741,0.050645232,1750,1760,valid
1425,1.5677195,1.624061,0.05634153,1750,1760,valid
1426,1.5677099,1.6224346,0.054724693,1750,1760,valid
1427,1.5677004,1.6136034,0.045902967,1750,1760,valid
1428,1.5676907,1.6175205,0.04982972,1750,1760,valid
1429,1.5676811,1.6165075,0.048826456,1750,1760,valid
1430,1.5676713,1.6148385,0.047167182,1750,1760,valid
1431,1.5676615,1.6214677,0.053806186,1750,1760,valid
1432,1.5676516,1.6252818,0.05763018,1750,1760,valid
1433,1.5676417,1.622377,0.054735303,1750,1760,valid
1434,1.5676317,1.6174964,0.04986465,1750,1760,valid
1435,1.5676217,1.6114032,0.04378152,1750,1760,valid
1436,1.5676116,1.607376,0.039764404,1750,1760,valid
1437,1.5676014,1.608952,0.041350603,1750,1760,valid
1438,1.5675912,1.6082302,0.040639043,1750,1760,valid
1439,1.5675809,1.604502,0.036921024,1750,1760,valid
1440,1.5675706,1.6275814,0.06001079,1750,1760,valid
1441,1.5675601,1.6210725,0.053512454,1750,1760,valid
1442,1.5675496,1.6259587,0.058409095,1750,1760,valid
1443,1.567539,1.6212839,0.053744912,1750,1760,valid
1444,1.5675284,1.6215465,0.05401814,1750,1760,valid
1445,1.5675176,1.6136622,0.046144605,1750,1760,valid
1446,1.5675069,1.6123557,0.0448488,1750,1760,valid
1447,1.5674961,1.6233621,0.055866003,1750,1760,valid
1448,1.5674851,1.6336639,0.0661788,1750,1760,valid
1449,1.5674741,1.6321762,0.064702034,1750,1760,valid
1450,1.567463,1.6252476,0.057784557,1750,1760,valid
1451,1.5674518,1.6253836,0.05793178,1750,1760,valid
1452,1.5674406,1.6248327,0.05739212,1750,1760,valid
1453,1.5674293,1.6249726,0.057543278,1750,1760,valid
1454,1.567418,1.6175716,0.050153613,1750,1760,valid
1455,1.5674065,1.6137054,0.04629886,1750,1760,valid
1456,1.567395,1.639178,0.071783066,1750,1760,valid
1457,1.5673834,1.6380968,0.0707134,1750,1760,valid
1458,1.5673717,1.6359735,0.06860173,1750,1760,valid
1459,1.5673599,1.6326007,0.06524074,1750,1760,valid
1460,1.5673481,1.6273255,0.059977412,1750,1760,valid
1461,1.5673361,1.6183547,0.051018596,1750,1760,valid
1462,1.5673242,1.6193109,0.051986694,1750,1760,valid
1463,1.567312,1.6197035,0.05239153,1750,1760,valid
1464,1.5672998,1.6252983,0.05799842,1750,1760,valid
1465,1.5672876,1.6286081,0.061320543,1750,1760,valid
1466,1.5672752,1.6237848,0.056509614,1750,1760,valid
1467,1.5672628,1.6330407,0.0657779,1750,1760,valid
1468,1.5672503,1.6346527,0.06740248,1750,1760,valid
1469,1.5672376,1.6306523,0.06341469,1750,1760,valid
1470,1.5672249,1.6279755,0.060750604,1750,1760,valid
1471,1.5672121,1.6175449,0.050332785,1750,1760,valid
1472,1.5671992,1.6236387,0.05643952,1750,1760,valid
1473,1.5671862,1.6290276,0.06184137,1750,1760,valid
1474,1.5671731,1.6233237,0.056150556,1750,1760,valid
1475,1.56716,1.6197686,0.05260861,1750,1760,valid
1476,1.5671467,1.6306813,0.06353462,1750,1760,valid
1477,1.5671333,1.632727,0.06559372,1750,1760,valid
1478,1.5671198,1.6256857,0.058565855,1750,1760,valid
1479,1.5671064,1.6311944,0.06408799,1750,1760,valid
1480,1.5670927,1.6228684,0.05577576,1750,1760,valid
1481,1.5670788,1.6202533,0.053174496,1750,1760,valid
1482,1.567065,1.61965,0.052585006,1750,1760,valid
1483,1.567051,1.6208751,0.053824067,1750,1760,valid
1484,1.567037,1.6236643,0.056627274,1750,1760,valid
1485,1.5670228,1.6206665,0.053643703,1750,1760,valid
1486,1.5670085,1.6196411,0.05263257,1750,1760,valid
1487,1.5669941,1.6226863,0.055692196,1750,1760,valid
1488,1.5669795,1.5978463,0.030866742,1750,1760,valid
1489,1.566965,1.5983646,0.031399608,1750,1760,valid
1490,1.5669502,1.5953126,0.028362393,1750,1760,valid
1491,1.5669353,1.5903721,0.023436785,1750,1760,valid
1492,1.5669204,1.5935305,0.026610136,1750,1760,valid
1493,1.5669053,1.5865747,0.019669414,1750,1760,valid
1494,1.5668901,1.5908139,0.023923755,1750,1760,valid
1495,1.5668747,1.5941701,0.027295351,1750,1760,valid
1496,1.5668594,1.5363555,-0.030503869,1750,1760,valid
1497,1.5668437,1.5400239,-0.026819825,1750,1760,valid
1498,1.5668281,1.546212,-0.020616174,1750,1760,valid
1499,1.5668123,1.546723,-0.020089269,1750,1760,valid
1500,1.5667963,1.5328648,-0.033931494,1750,1760,valid
1501,1.5667803,1.5333161,-0.033464193,1750,1760,valid
1502,1.5667641,1.5398136,-0.026950479,1750,1760,valid
1503,1.5667478,1.5379467,-0.028801084,1750,1760,valid
1504,1.5667313,1.5166115,-0.050119877,1750,1760,valid
1505,1.5667148,1.5103493,-0.05636549,1750,1760,valid
1506,1.566698,1.5098723,-0.056825638,1750,1760,valid
1507,1.5666811,1.5030501,-0.06363106,1750,1760,valid
1508,1.5666641,1.5028784,-0.06378567,1750,1760,valid
1509,1.5666469,1.4930868,-0.07356012,1750,1760,valid
1510,1.5666296,1.4975458,-0.06908381,1750,1760,valid
1511,1.5666122,1.5000598,-0.0665524,1750,1760,valid
1512,1.5665947,1.5157715,-0.05082321,1750,1760,valid
1513,1.566577,1.5077643,-0.05881262,1750,1760,valid
1514,1.5665591,1.5077655,-0.058793545,1750,1760,valid
1515,1.5665411,1.4982392,-0.068301916,1750,1760,valid
1516,1.5665228,1.5018029,-0.064719915,1750,1760,valid
1517,1.5665045,1.4998047,-0.06669974,1750,1760,valid
1518,1.566486,1.4853686,-0.08111739,1750,1760,valid
1519,1.5664674,1.4848593,-0.08160806,1750,1760,valid
1520,1.5664486,1.4942381,-0.07221043,1750,1760,valid
1521,1.5664295,1.4883133,-0.07811618,1750,1760,valid
1522,1.5664104,1.4864209,-0.07998955,1750,1760,valid
1523,1.5663911,1.4867982,-0.07959294,1750,1760,valid
1524,1.5663716,1.4911549,-0.07521665,1750,1760,valid
1525,1.5663519,1.4981306,-0.06822133,1750,1760,valid
1526,1.5663321,1.49438,-0.071952105,1750,1760,valid
1527,1.5663121,1.4969263,-0.06938577,1750,1760,valid
1528,1.5662918,1.5002716,-0.06602025,1750,1760,valid
1529,1.5662714,1.4955442,-0.07072723,1750,1760,valid
1530,1.5662509,1.4795978,-0.08665311,1750,1760,valid
1531,1.5662302,1.491282,-0.07494819,1750,1760,valid
1532,1.5662092,1.4686725,-0.09753668,1750,1760,valid
1533,1.5661881,1.4651937,-0.10099435,1750,1760,valid
1534,1.5661668,1.4654753,-0.10069144,1750,1760,valid
1535,1.5661452,1.4671382,-0.09900701,1750,1760,valid
1536,1.5661235,1.4338677,-0.1322558,1750,1760,valid
1537,1.5661016,1.4342322,-0.13186932,1750,1760,valid
1538,1.5660794,1.420692,-0.14538741,1750,1760,valid
1539,1.566057,1.4317616,-0.13429534,1750,1760,valid
1540,1.5660344,1.4249244,-0.14111006,1750,1760,valid
1541,1.5660117,1.4189116,-0.14710009,1750,1760,valid
1542,1.5659887,1.4160962,-0.14989245,1750,1760,valid
1543,1.5659654,1.4044564,-0.16150904,1750,1760,valid
1544,1.565942,1.404085,-0.16185701,1750,1760,valid
1545,1.5659183,1.4025531,-0.16336524,1750,1760,valid
1546,1.5658944,1.4099343,-0.15596008,1750,1760,valid
1547,1.5658703,1.405368,-0.16050231,1750,1760,valid
1548,1.5658458,1.4026635,-0.16318238,1750,1760,valid
1549,1.5658213,1.4190606,-0.1467607,1750,1760,valid
1550,1.5657964,1.4199681,-0.14582825,1750,1760,valid
1551,1.5657712,1.4171034,-0.14866781,1750,1760,valid
1552,1.5657458,1.4082558,-0.15749002,1750,1760,valid
1553,1.5657202,1.403099,-0.16262126,1750,1760,valid
1554,1.5656943,1.3937751,-0.17191923,1750,1760,valid
1555,1.5656682,1.387193,-0.17847526,1750,1760,valid
1556,1.5656418,1.3971639,-0.1684779,1750,1760,valid
1557,1.565615,1.3935573,-0.17205775,1750,1760,valid
1558,1.565588,1.3981795,-0.16740847,1750,1760,valid
1559,1.5655608,1.3881344,-0.17742646,1750,1760,valid
1560,1.5655332,1.3987317,-0.16680145,1750,1760,valid
1561,1.5655054,1.3939531,-0.1715523,1750,1760,valid
1562,1.5654773,1.3962786,-0.16919863,1750,1760,valid
1563,1.5654488,1.4083669,-0.15708184,1750,1760,valid
1564,1.56542,1.4009008,-0.16451919,1750,1760,valid
1565,1.565391,1.3971052,-0.16828573,1750,1760,valid
1566,1.5653616,1.3953483,-0.17001331,1750,1760,valid
1567,1.5653319,1.3882421,-0.17708981,1750,1760,valid
1568,1.5653019,1.3851901,-0.18011177,1750,1760,valid
1569,1.5652715,1.3762454,-0.18902612,1750,1760,valid
1570,1.5652409,1.3690158,-0.19622505,1750,1760,valid
1571,1.5652097,1.3704762,-0.1947335,1750,1760,valid
1572,1.5651784,1.3762,-0.18897843,1750,1760,valid
1573,1.5651467,1.3751891,-0.18995762,1750,1760,valid
1574,1.5651146,1.3700305,-0.1950841,1750,1760,valid
1575,1.5650821,1.3692186,-0.19586349,1750,1760,valid
1576,1.5650493,1.3807223,-0.184327,1750,1760,valid
1577,1.565016,1.3799088,-0.18510723,1750,1760,valid
1578,1.5649824,1.3828586,-0.18212378,1750,1760,valid
1579,1.5649484,1.3830876,-0.1818608,1750,1760,valid
1580,1.564914,1.3677167,-0.19719732,1750,1760,valid
1581,1.5648792,1.3766967,-0.18818247,1750,1760,valid
1582,1.564844,1.3818167,-0.18302727,1750,1760,valid
1583,1.5648084,1.372689,-0.19211936,1750,1760,valid
1584,1.5647722,1.4061651,-0.15860713,1750,1760,valid
1585,1.5647358,1.4048207,-0.15991509,1750,1760,valid
1586,1.5646988,1.3993009,-0.16539788,1750,1760,valid
1587,1.5646614,1.3934035,-0.17125785,1750,1760,valid
1588,1.5646236,1.390413,-0.17421055,1750,1760,valid
1589,1.5645852,1.3901612,-0.17442405,1750,1760,valid
1590,1.5645465,1.3825855,-0.18196094,1750,1760,valid
1591,1.5645071,1.3796898,-0.18481731,1750,1760,valid
1592,1.5644673,1.3875012,-0.17696607,1750,1760,valid
1593,1.564427,1.393425,-0.17100203,1750,1760,valid
1594,1.5643861,1.3956568,-0.1687293,1750,1760,valid
1595,1.5643448,1.4013875,-0.16295731,1750,1760,valid
1596,1.5643029,1.3985608,-0.16574216,1750,1760,valid
1597,1.5642605,1.3948478,-0.16941273,1750,1760,valid
1598,1.5642174,1.3879079,-0.17630959,1750,1760,valid
1599,1.5641739,1.3898633,-0.17431068,1750,1760,valid
1600,1.5641297,1.3895797,-0.17455006,1750,1760,valid
1601,1.564085,1.3807303,-0.18335474,1750,1760,valid
1602,1.5640397,1.3775381,-0.18650162,1750,1760,valid
1603,1.5639937,1.3746855,-0.18930817,1750,1760,valid
1604,1.5639471,1.3848526,-0.17909443,1750,1760,valid
1605,1.5638999,1.3850625,-0.17883742,1750,1760,valid
1606,1.563852,1.383816,-0.18003595,1750,1760,valid
1607,1.5638034,1.3821257,-0.1816777,1750,1760,valid
1608,1.5637542,1.3865632,-0.17719102,1750,1760,valid
1609,1.5637043,1.3696175,-0.19408679,1750,1760,valid
1610,1.5636536,1.375377,-0.18827653,1750,1760,valid
1611,1.5636022,1.3784328,-0.18516946,1750,1760,valid
1612,1.5635501,1.3755528,-0.18799734,1750,1760,valid
1613,1.5634972,1.3818208,-0.18167639,1750,1760,valid
1614,1.5634435,1.3794847,-0.18395889,1750,1760,valid
1615,1.5633891,1.3772895,-0.18609953,1750,1760,valid
1616,1.5633337,1.3843585,-0.17897522,1750,1760,valid
1617,1.5632777,1.3863221,-0.17695558,1750,1760,valid
1618,1.5632207,1.3823051,-0.1809156,1750,1760,valid
1619,1.5631629,1.3846707,-0.17849219,1750,1760,valid
1620,1.5631042,1.3667436,-0.19636059,1750,1760,valid
1621,1.5630445,1.366333,-0.19671154,1750,1760,valid
1622,1.562984,1.3643216,-0.1986624,1750,1760,valid
1623,1.5629225,1.3593678,-0.20355463,1750,1760,valid
1624,1.56286,1.3579087,-0.20495129,1750,1760,valid
1625,1.5627965,1.3539327,-0.20886374,1750,1760,valid
1626,1.562732,1.3680602,-0.19467175,1750,1760,valid
1627,1.5626664,1.3686407,-0.19402575,1750,1760,valid
1628,1.5625998,1.3613076,-0.20129216,1750,1760,valid
1629,1.5625321,1.3535677,-0.20896435,1750,1760,valid
1630,1.5624632,1.3537139,-0.2087493,1750,1760,valid
1631,1.5623932,1.3497252,-0.21266794,1750,1760,valid
1632,1.5623219,1.3601134,-0.20220852,1750,1760,valid
1633,1.5622495,1.3572773,-0.20497227,1750,1760,valid
1634,1.5621759,1.3576508,-0.20452511,1750,1760,valid
1635,1.5621009,1.3542753,-0.20782554,1750,1760,valid
1636,1.5620246,1.3550562,-0.20696843,1750,1760,valid
1637,1.561947,1.3531382,-0.20880878,1750,1760,valid
1638,1.561868,1.3530296,-0.20883834,1750,1760,valid
1639,1.5617876,1.3484842,-0.21330345,1750,1760,valid
1640,1.5617057,1.3509465,-0.21075916,1750,1760,valid
1641,1.5616223,1.3524747,-0.20914757,1750,1760,valid
1642,1.5615374,1.357691,-0.20384634,1750,1760,valid
1643,1.5614508,1.3511461,-0.21030474,1750,1760,valid
1644,1.5613626,1.3543869,-0.2069757,1750,1760,valid
1645,1.5612729,1.3559084,-0.20536447,1750,1760,valid
1646,1.5611812,1.3461624,-0.21501875,1750,1760,valid
1647,1.5610878,1.3437839,-0.21730399,1750,1760,valid
1648,1.5609927,1.3340735,-0.22691917,1750,1760,valid
1649,1.5608957,1.3376153,-0.22328043,1750,1760,valid
1650,1.5607966,1.3366365,-0.22416008,1750,1760,valid
1651,1.5606956,1.3353962,-0.22529948,1750,1760,valid
1652,1.5605927,1.3310456,-0.22954702,1750,1760,valid
1653,1.5604874,1.3232933,-0.23719406,1750,1760,valid
1654,1.56038,1.3202674,-0.24011254,1750,1760,valid
1655,1.5602704,1.3249843,-0.23528612,1750,1760,valid
1656,1.5601584,1.324986,-0.23517239,1750,1760,valid
1657,1.560044,1.3324347,-0.2276094,1750,1760,valid
1658,1.5599272,1.3328439,-0.22708333,1750,1760,valid
1659,1.5598078,1.3320198,-0.22778797,1750,1760,valid
1660,1.5596857,1.3313065,-0.22837925,1750,1760,valid
1661,1.5595609,1.3245755,-0.23498535,1750,1760,valid
1662,1.5594332,1.3342184,-0.22521484,1750,1760,valid
1663,1.5593026,1.3266209,-0.23268163,1750,1760,valid
1664,1.5591689,1.3279035,-0.23126543,1750,1760,valid
1665,1.5590322,1.3317722,-0.22726,1750,1760,valid
1666,1.5588921,1.3327935,-0.22609866,1750,1760,valid
1667,1.5587487,1.3296702,-0.22907853,1750,1760,valid
1668,1.5586019,1.3302672,-0.22833467,1750,1760,valid
1669,1.5584513,1.3307232,-0.22772813,1750,1760,valid
1670,1.5582969,1.3289871,-0.2293098,1750,1760,valid
1671,1.5581387,1.3353021,-0.22283661,1750,1760,valid
1672,1.5579765,1.3359468,-0.22202969,1750,1760,valid
1673,1.5578101,1.3320128,-0.2257973,1750,1760,valid
1674,1.5576392,1.3315743,-0.22606492,1750,1760,valid
1675,1.5574638,1.3286747,-0.22878909,1750,1760,valid
1676,1.5572836,1.3237709,-0.23351276,1750,1760,valid
1677,1.5570985,1.333392,-0.22370648,1750,1760,valid
1678,1.5569084,1.3340039,-0.22290444,1750,1760,valid
1679,1.5567127,1.3334241,-0.22328866,1750,1760,valid
1680,1.5565116,1.3213013,-0.2352103,1750,1760,valid
1681,1.5563046,1.3252312,-0.23107338,1750,1760,valid
1682,1.5560915,1.3232888,-0.23280275,1750,1760,valid
1683,1.5558721,1.3222802,-0.23359191,1750,1760,valid
1684,1.555646,1.3172972,-0.23834872,1750,1760,valid
1685,1.5554129,1.3139107,-0.24150217,1750,1760,valid
1686,1.5551726,1.3126264,-0.2425462,1750,1760,valid
1687,1.5549246,1.3161478,-0.2387768,1750,1760,valid
1688,1.5546687,1.3103892,-0.2442795,1750,1760,valid
1689,1.5544044,1.3140987,-0.24030566,1750,1760,valid
1690,1.5541312,1.3203503,-0.23378086,1750,1760,valid
1691,1.5538487,1.3137271,-0.2401216,1750,1760,valid
1692,1.5535567,1.3109895,-0.24256718,1750,1760,valid
1693,1.5532542,1.3123993,-0.24085498,1750,1760,valid
1694,1.5529411,1.3046303,-0.2483108,1750,1760,valid
1695,1.5526165,1.2940462,-0.2585703,1750,1760,valid
1696,1.55228,1.3049102,-0.24736977,1750,1760,valid
1697,1.5519307,1.3158833,-0.23604739,1750,1760,valid
1698,1.5515679,1.3180859,-0.233482,1750,1760,valid
1699,1.551191,1.3128749,-0.23831606,1750,1760,valid
1700,1.550799,1.3120543,-0.23874474,1750,1760,valid
1701,1.550391,1.3019924,-0.24839854,1750,1760,valid
1702,1.549966,1.301296,-0.24866998,1750,1760,valid
1703,1.549523,1.3015009,-0.24802208,1750,1760,valid
1704,1.5490606,1.3029566,-0.246104,1750,1760,valid
1705,1.5485778,1.3052857,-0.2432921,1750,1760,valid
1706,1.5480729,1.3082412,-0.23983169,1750,1760,valid
1707,1.5475447,1.3111159,-0.23642886,1750,1760,valid
1708,1.5469913,1.3094263,-0.23756504,1750,1760,valid
1709,1.5464109,1.304166,-0.24224496,1750,1760,valid
1710,1.5458015,1.3007225,-0.24507904,1750,1760,valid
1711,1.5451609,1.3109483,-0.23421264,1750,1760,valid
1712,1.5444866,1.3125535,-0.23193312,1750,1760,valid
1713,1.5437759,1.3055297,-0.2382462,1750,1760,valid
1714,1.5430257,1.3051493,-0.23787642,1750,1760,valid
1715,1.5422326,1.3074601,-0.23477256,1750,1760,valid
1716,1.541393,1.3130457,-0.2283473,1750,1760,valid
1717,1.5405025,1.3162639,-0.22423863,1750,1760,valid
1718,1.5395565,1.3165,-0.22305655,1750,1760,valid
1719,1.5385494,1.3125082,-0.2260412,1750,1760,valid
1720,1.5374753,1.3039842,-0.23349118,1750,1760,valid
1721,1.5363272,1.30216,-0.23416722,1750,1760,valid
1722,1.5350972,1.3043303,-0.23076689,1750,1760,valid
1723,1.5337762,1.304725,-0.22905111,1750,1760,valid
1724,1.5323538,1.3000389,-0.23231483,1750,1760,valid
1725,1.5308176,1.2979891,-0.2328285,1750,1760,valid
1726,1.5291537,1.296117,-0.23303676,1750,1760,valid
1727,1.5273454,1.2952358,-0.23210967,1750,1760,valid
1728,1.5253731,1.2815542,-0.24381888,1750,1760,valid
1729,1.5232133,1.287269,-0.23594427,1750,1760,valid
1730,1.5208379,1.2863802,-0.23445773,1750,1760,valid
1731,1.5182133,1.2916495,-0.22656381,1750,1760,valid
1732,1.5152978,1.2932644,-0.22203338,1750,1760,valid
1733,1.5120405,1.297618,-0.21442246,1750,1760,valid
1734,1.5083776,1.2995324,-0.20884514,1750,1760,valid
1735,1.5042281,1.3018275,-0.20240057,1750,1760,valid
1736,1.4994888,1.2818522,-0.21763659,1750,1760,valid
1737,1.4940244,1.2809973,-0.21302712,1750,1760,valid
1738,1.487655,1.2807773,-0.20687771,1750,1760,valid
1739,1.4801364,1.2724589,-0.20767748,1750,1760,valid
1740,1.4711276,1.274045,-0.19708264,1750,1760,valid
1741,1.4601392,1.2827234,-0.17741573,1750,1760,valid
1742,1.4464413,1.2796073,-0.166834,1750,1760,valid
1743,1.4288993,1.2792358,-0.14966345,1750,1760,valid
1744,1.4056476,1.2372571,-0.16839051,1750,1760,valid
1745,1.3734008,1.2354937,-0.13790715,1750,1760,valid
1746,1.3258177,1.2362064,-0.08961129,1750,1760,valid
1747,1.2490457,1.2391918,-0.009853959,1750,1760,valid
1748,1.1071488,1.2199256,0.112776875,1750,1760,valid
1749,0.7853982,1.2196245,0.43422633,1750,1760,valid
1750,-0.0,1.2203441,1.2203441,1750,1760,valid
1751,-0.7853982,1.2268186,2.0122168,1750,1760,valid
1752,-1.1071488,0.822883,1.9300318,1750,1760,valid
1753,-1.2490457,0.81113887,2.0601845,1750,1760,valid
1754,-1.3258177,0.8075166,2.1333342,1750,1760,valid
1755,-1.3734008,0.86567354,2.2390742,1750,1760,valid
1756,-1.4056476,0.4421766,1.8478242,1750,1760,valid
1757,-1.4288993,0.40840006,1.8372993,1750,1760,valid
1758,-1.4464413,0.41587922,1.8623205,1750,1760,valid
1759,-1.4601392,0.5098704,1.9700096,1750,1760,valid
1760,-1.4711276,-0.051866986,1.4192606,1750,1760,valid
1761,-1.4801364,-0.07858906,1.4015473,1750,1760,valid
1762,-1.487655,-0.09745565,1.3901994,1750,1760,valid
1763,-1.4940244,-0.14462209,1.3494023,1750,1760,valid
1764,-1.4994888,-0.1210769,1.3784119,1750,1760,valid
1765,-1.5042281,-0.12692598,1.3773022,1750,1760,valid
1766,-1.5083776,-0.15903229,1.3493452,1750,1760,valid
1767,-1.5120405,-0.15481168,1.3572288,1750,1760,valid
1768,-1.5152978,-0.23076239,1.2845354,1750,1760,valid
1769,-1.5182133,-0.25115392,1.2670593,1750,1760,valid
1770,-1.5208379,-0.22465593,1.2961819,1750,1760,valid
1771,-1.5232133,-0.2416062,1.281607,1750,1760,valid
1772,-1.5253731,-0.3032962,1.2220769,1750,1760,valid
1773,-1.5273454,-0.28542367,1.2419218,1750,1760,valid
1774,-1.5291537,-0.3048426,1.2243111,1750,1760,valid
1775,-1.5308176,-0.3228766,1.207941,1750,1760,valid
1776,-1.5323538,-0.2856431,1.2467107,1750,1760,valid
1777,-1.5337762,-0.30521527,1.2285609,1750,1760,valid
1778,-1.5350972,-0.3406271,1.1944702,1750,1760,valid
1779,-1.5363272,-0.3640375,1.1722897,1750,1760,valid
1780,-1.5374753,-0.35806406,1.1794113,1750,1760,valid
1781,-1.5385494,-0.37405565,1.1644938,1750,1760,valid
1782,-1.5395565,-0.38963974,1.1499168,1750,1760,valid
1783,-1.5405025,-0.42238685,1.1181157,1750,1760,valid
1784,-1.541393,-0.41555938,1.1258336,1750,1760,valid
1785,-1.5422326,-0.4398748,1.1023579,1750,1760,valid
1786,-1.5430257,-0.4388531,1.1041726,1750,1760,valid
1787,-1.5437759,-0.45223847,1.0915375,1750,1760,valid
1788,-1.5444866,-0.5135696,1.030917,1750,1760,valid
1789,-1.5451609,-0.52360296,1.0215579,1750,1760,valid
1790,-1.5458015,-0.5291792,1.0166223,1750,1760,valid
1791,-1.5464109,-0.52199864,1.0244123,1750,1760,valid
1792,-1.5469913,-0.6425756,0.9044157,1750,1760,valid
1793,-1.5475447,-0.6761762,0.8713685,1750,1760,valid
1794,-1.5480729,-0.66696453,0.8811084,1750,1760,valid
1795,-1.5485778,-0.70268345,0.84589434,1750,1760,valid
1796,-1.5490606,-0.74860084,0.80045974,1750,1760,valid
1797,-1.549523,-0.7650833,0.7844397,1750,1760,valid
1798,-1.549966,-0.79085207,0.7591139,1750,1760,valid
1799,-1.550391,-0.85565174,0.6947392,1750,1760,valid
1800,-1.550799,-0.91843164,0.6323674,1750,1760,valid
1801,-1.551191,-0.9502928,0.60089815,1750,1760,valid
1802,-1.5515679,-0.9242791,0.6272888,1750,1760,valid
1803,-1.5519307,-0.96722174,0.5847089,1750,1760,valid
1804,-1.55228,-1.0464462,0.50583375,1750,1760,valid
1805,-1.5526165,-1.0129782,0.5396383,1750,1760,valid
1806,-1.5529411,-1.0185999,0.5343412,1750,1760,valid
1807,-1.5532542,-1.0233172,0.529937,1750,1760,valid
1808,-1.5535567,-1.0138062,0.53975046,1750,1760,valid
1809,-1.5538487,-1.0390679,0.5147809,1750,1760,valid
1810,-1.5541312,-1.0464061,0.507725,1750,1760,valid
1811,-1.5544044,-1.0577962,0.49660814,1750,1760,valid
1812,-1.5546687,-1.0194621,0.53520656,1750,1760,valid
1813,-1.5549246,-1.0386457,0.51627886,1750,1760,valid
1814,-1.5551726,-1.0743089,0.4808637,1750,1760,valid
1815,-1.5554129,-1.0855066,0.46990633,1750,1760,valid
1816,-1.555646,-1.0928456,0.46280038,1750,1760,valid
1817,-1.5558721,-1.1054977,0.45037436,1750,1760,valid
1818,-1.5560915,-1.0982828,0.45780873,1750,1760,valid
1819,-1.5563046,-1.1205666,0.43573797,1750,1760,valid
1820,-1.5565116,-1.1571233,0.3993883,1750,1760,valid
1821,-1.5567127,-1.1764438,0.38026893,1750,1760,valid
1822,-1.5569084,-1.1764084,0.38049996,1750,1760,valid
1823,-1.5570985,-1.1729481,0.3841504,1750,1760,valid
1824,-1.5572836,-1.1798644,0.37741923,1750,1760,valid
1825,-1.5574638,-1.1970809,0.3603829,1750,1760,valid
1826,-1.5576392,-1.2070171,0.35062218,1750,1760,valid
1827,-1.5578101,-1.212662,0.3451481,1750,1760,valid
1828,-1.5579765,-1.186761,0.37121546,1750,1760,valid
1829,-1.5581387,-1.1955476,0.36259115,1750,1760,valid
1830,-1.5582969,-1.1857133,0.37258363,1750,1760,valid
1831,-1.5584513,-1.1864835,0.3719678,1750,1760,valid
1832,-1.5586019,-1.1938617,0.36474013,1750,1760,valid
1833,-1.5587487,-1.1702268,0.3885219,1750,1760,valid
1834,-1.5588921,-1.183009,0.3758831,1750,1760,valid
1835,-1.5590322,-1.1904846,0.36854756,1750,1760,valid
1836,-1.5591689,-1.1939174,0.36525154,1750,1760,valid
1837,-1.5593026,-1.1922481,0.36705446,1750,1760,valid
1838,-1.5594332,-1.2009038,0.35852945,1750,1760,valid
1839,-1.5595609,-1.2104368,0.34912407,1750,1760,valid
1840,-1.5596857,-1.198345,0.36134076,1750,1760,valid
1841,-1.5598078,-1.1897497,0.37005806,1750,1760,valid
1842,-1.5599272,-1.2069156,0.3530116,1750,1760,valid
1843,-1.560044,-1.2077706,0.35227346,1750,1760,valid
1844,-1.5601584,-1.2077072,0.3524512,1750,1760,valid
1845,-1.5602704,-1.2037725,0.35649788,1750,1760,valid
1846,-1.56038,-1.2078462,0.35253382,1750,1760,valid
1847,-1.5604874,-1.2050024,0.35548496,1750,1760,valid
1848,-1.5605927,-1.2111628,0.34942985,1750,1760,valid
1849,-1.5606956,-1.2044152,0.35628045,1750,1760,valid
1850,-1.5607966,-1.1993523,0.36144435,1750,1760,valid
1851,-1.5608957,-1.2028013,0.35809433,1750,1760,valid
1852,-1.5609927,-1.199887,0.36110568,1750,1760,valid
1853,-1.5610878,-1.2051443,0.35594356,1750,1760,valid
1854,-1.5611812,-1.2108386,0.35034263,1750,1760,valid
1855,-1.5612729,-1.2132437,0.34802914,1750,1760,valid
1856,-1.5613626,-1.2349458,0.32641685,1750,1760,valid
1857,-1.5614508,-1.2400084,0.32144248,1750,1760,valid
1858,-1.5615374,-1.2477698,0.31376755,1750,1760,valid
1859,-1.5616223,-1.2360364,0.32558584,1750,1760,valid
1860,-1.5617057,-1.2349513,0.32675445,1750,1760,valid
1861,-1.5617876,-1.2358279,0.32595968,1750,1760,valid
1862,-1.561868,-1.2376506,0.32421732,1750,1760,valid
1863,-1.561947,-1.2503544,0.31159258,1750,1760,valid
1864,-1.5620246,-1.26417,0.29785454,1750,1760,valid
1865,-1.5621009,-1.2499359,0.31216502,1750,1760,valid
1866,-1.5621759,-1.2611969,0.30097902,1750,1760,valid
1867,-1.5622495,-1.2549758,0.30727375,1750,1760,valid
1868,-1.5623219,-1.2718692,0.29045272,1750,1760,valid
1869,-1.5623932,-1.2731295,0.28926373,1750,1760,valid
1870,-1.5624632,-1.2713375,0.29112566,1750,1760,valid
1871,-1.5625321,-1.2681769,0.29435515,1750,1760,valid
1872,-1.5625998,-1.262128,0.30047178,1750,1760,valid
1873,-1.5626664,-1.261045,0.30162144,1750,1760,valid
1874,-1.562732,-1.2722342,0.29049778,1750,1760,valid
1875,-1.5627965,-1.273341,0.28945553,1750,1760,valid
1876,-1.56286,-1.2715514,0.29130864,1750,1760,valid
1877,-1.5629225,-1.2685894,0.2943331,1750,1760,valid
1878,-1.562984,-1.2753813,0.28760266,1750,1760,valid
1879,-1.5630445,-1.2713788,0.2916658,1750,1760,valid
1880,-1.5631042,-1.277602,0.2855022,1750,1760,valid
1881,-1.5631629,-1.2825056,0.2806573,1750,1760,valid
1882,-1.5632207,-1.2773755,0.28584528,1750,1760,valid
1883,-1.5632777,-1.2806025,0.28267527,1750,1760,valid
1884,-1.5633337,-1.2863295,0.27700424,1750,1760,valid
1885,-1.5633891,-1.2959175,0.26747155,1750,1760,valid
1886,-1.5634435,-1.2891265,0.27431703,1750,1760,valid
1887,-1.5634972,-1.2969692,0.266528,1750,1760,valid
1888,-1.5635501,-1.2613361,0.30221403,1750,1760,valid
1889,-1.5636022,-1.2531857,0.31041646,1750,1760,valid
1890,-1.5636536,-1.2616746,0.30197895,1750,1760,valid
1891,-1.5637043,-1.2693816,0.2943226,1750,1760,valid
1892,-1.5637542,-1.2682254,0.29552877,1750,1760,valid
1893,-1.5638034,-1.2790248,0.2847786,1750,1760,valid
1894,-1.563852,-1.2789769,0.28487504,1750,1760,valid
1895,-1.5638999,-1.2686613,0.2952386,1750,1760,valid
1896,-1.5639471,-1.2567592,0.3071879,1750,1760,valid
1897,-1.5639937,-1.2477833,0.3162104,1750,1760,valid
1898,-1.5640397,-1.253757,0.3102827,1750,1760,valid
1899,-1.564085,-1.271146,0.29293895,1750,1760,valid
1900,-1.5641297,-1.2509394,0.31319034,1750,1760,valid
1901,-1.5641739,-1.2620182,0.30215573,1750,1760,valid
1902,-1.5642174,-1.2630194,0.301198,1750,1760,valid
1903,-1.5642605,-1.2646347,0.29962575,1750,1760,valid
1904,-1.5643029,-1.2243283,0.33997464,1750,1760,valid
1905,-1.5643448,-1.2418308,0.32251394,1750,1760,valid
1906,-1.5643861,-1.2421303,0.32225585,1750,1760,valid
1907,-1.564427,-1.2357473,0.32867968,1750,1760,valid
1908,-1.5644673,-1.2414589,0.32300842,1750,1760,valid
1909,-1.5645071,-1.2454379,0.31906927,1750,1760,valid
1910,-1.5645465,-1.2396641,0.3248824,1750,1760,valid
1911,-1.5645852,-1.2462122,0.31837296,1750,1760,valid
1912,-1.5646236,-1.2319592,0.33266437,1750,1760,valid
1913,-1.5646614,-1.2337933,0.33086812,1750,1760,valid
1914,-1.5646988,-1.2374554,0.32724345,1750,1760,valid
1915,-1.5647358,-1.227104,0.33763182,1750,1760,valid
1916,-1.5647722,-1.2316442,0.3331281,1750,1760,valid
1917,-1.5648084,-1.2431501,0.32165825,1750,1760,valid
1918,-1.564844,-1.2439463,0.3208977,1750,1760,valid
1919,-1.5648792,-1.238613,0.32626617,1750,1760,valid
1920,-1.564914,-1.2181697,0.3467443,1750,1760,valid
1921,-1.5649484,-1.2176275,0.3473209,1750,1760,valid
1922,-1.5649824,-1.2277339,0.33724856,1750,1760,valid
1923,-1.565016,-1.2232233,0.3417927,1750,1760,valid
1924,-1.5650493,-1.2328798,0.33216953,1750,1760,valid
1925,-1.5650821,-1.2313967,0.3336854,1750,1760,valid
1926,-1.5651146,-1.2322968,0.3328178,1750,1760,valid
1927,-1.5651467,-1.2364821,0.32866454,1750,1760,valid
1928,-1.5651784,-1.2450829,0.32009554,1750,1760,valid
1929,-1.5652097,-1.2538989,0.3113109,1750,1760,valid
1930,-1.5652409,-1.2462904,0.3189504,1750,1760,valid
1931,-1.5652715,-1.2542801,0.3109914,1750,1760,valid
1932,-1.5653019,-1.2543782,0.3109237,1750,1760,valid
1933,-1.5653319,-1.2439505,0.32138145,1750,1760,valid
1934,-1.5653616,-1.2550869,0.31027472,1750,1760,valid
1935,-1.565391,-1.2550712,0.31031978,1750,1760,valid
1936,-1.56542,-1.2439721,0.32144797,1750,1760,valid
1937,-1.5654488,-1.2460976,0.3193512,1750,1760,valid
1938,-1.5654773,-1.2466319,0.3188454,1750,1760,valid
1939,-1.5655054,-1.2510338,0.3144716,1750,1760,valid
1940,-1.5655332,-1.2452371,0.32029605,1750,1760,valid
1941,-1.5655608,-1.255482,0.31007886,1750,1760,valid
1942,-1.565588,-1.2555656,0.31002235,1750,1760,valid
1943,-1.565615,-1.2508568,0.3147583,1750,1760,valid
1944,-1.5656418,-1.266144,0.29949772,1750,1760,valid
1945,-1.5656682,-1.2808577,0.28481054,1750,1760,valid
1946,-1.5656943,-1.2695289,0.29616547,1750,1760,valid
1947,-1.5657202,-1.2804754,0.28524482,1750,1760,valid
1948,-1.5657458,-1.2928483,0.27289748,1750,1760,valid
1949,-1.5657712,-1.296447,0.26932418,1750,1760,valid
1950,-1.5657964,-1.2990311,0.26676524,1750,1760,valid
1951,-1.5658213,-1.2847514,0.28106987,1750,1760,valid
1952,-1.5658458,-1.3068383,0.25900757,1750,1760,valid
1953,-1.5658703,-1.3085389,0.25733137,1750,1760,valid
1954,-1.5658944,-1.3164244,0.24947,1750,1760,valid
1955,-1.5659183,-1.3126895,0.25322878,1750,1760,valid
1956,-1.565942,-1.3079878,0.25795424,1750,1760,valid
1957,-1.5659654,-1.3069203,0.25904512,1750,1760,valid
1958,-1.5659887,-1.3019052,0.2640835,1750,1760,valid
1959,-1.5660117,-1.308767,0.2572447,1750,1760,valid
1960,-1.5660344,-1.3264232,0.23961127,1750,1760,valid
1961,-1.566057,-1.3166425,0.24941444,1750,1760,valid
1962,-1.5660794,-1.3124362,0.25364316,1750,1760,valid
1963,-1.5661016,-1.315521,0.25058055,1750,1760,valid
1964,-1.5661235,-1.3258457,0.24027777,1750,1760,valid
1965,-1.5661452,-1.3224933,0.24365187,1750,1760,valid
1966,-1.5661668,-1.3307599,0.23540688,1750,1760,valid
1967,-1.5661881,-1.3347008,0.23148727,1750,1760,valid
1968,-1.5662092,-1.3571253,0.20908391,1750,1760,valid
1969,-1.5662302,-1.3584366,0.2077936,1750,1760,valid
1970,-1.5662509,-1.3612869,0.20496404,1750,1760,valid
1971,-1.5662714,-1.3670882,0.19918323,1750,1760,valid
1972,-1.5662918,-1.3681192,0.19817257,1750,1760,valid
1973,-1.5663121,-1.3658262,0.20048583,1750,1760,valid
1974,-1.5663321,-1.3540089,0.21232319,1750,1760,valid
1975,-1.5663519,-1.3578981,0.20845377,1750,1760,valid
1976,-1.5663716,-1.3748661,0.19150543,1750,1760,valid
1977,-1.5663911,-1.3676176,0.1987735,1750,1760,valid
1978,-1.5664104,-1.3682302,0.1981802,1750,1760,valid
1979,-1.5664295,-1.3714378,0.19499171,1750,1760,valid
1980,-1.5664486,-1.3707151,0.19573343,1750,1760,valid
1981,-1.5664674,-1.3751824,0.19128501,1750,1760,valid
1982,-1.566486,-1.3655856,0.20090044,1750,1760,valid
1983,-1.5665045,-1.365442,0.20106244,1750,1760,valid
1984,-1.5665228,-1.3641346,0.20238829,1750,1760,valid
1985,-1.5665411,-1.3762226,0.19031847,1750,1760,valid
1986,-1.5665591,-1.3664842,0.20007491,1750,1760,valid
1987,-1.566577,-1.3694074,0.19716954,1750,1760,valid
1988,-1.5665947,-1.3752949,0.1912998,1750,1760,valid
1989,-1.5666122,-1.3695569,0.19705534,1750,1760,valid
1990,-1.5666296,-1.3610075,0.2056222,1750,1760,valid
1991,-1.5666469,-1.3667349,0.19991207,1750,1760,valid
1992,-1.5666641,-1.3724488,0.1942153,1750,1760,valid
1993,-1.5666811,-1.3703067,0.19637442,1750,1760,valid
1994,-1.566698,-1.3771918,0.18950617,1750,1760,valid
1995,-1.5667148,-1.3744438,0.192271,1750,1760,valid
1996,-1.5667313,-1.3761642,0.19056714,1750,1760,valid
1997,-1.5667478,-1.3726001,0.1941477,1750,1760,valid
1998,-1.5667641,-1.3753915,0.19137263,1750,1760,valid
1999,-1.5667803,-1.3795924,0.18718791,1750,1760,valid
2000,-1.5667963,-1.3776896,0.1891067,1750,1760,valid
2001,-1.5668123,-1.3751302,0.1916821,1750,1760,valid
2002,-1.5668281,-1.373188,0.19364011,1750,1760,valid
2003,-1.5668437,-1.3733382,0.19350553,1750,1760,valid
2004,-1.5668594,-1.3729554,0.19390392,1750,1760,valid
2005,-1.5668747,-1.3748779,0.19199681,1750,1760,valid
2006,-1.5668901,-1.3760153,0.19087481,1750,1760,valid
2007,-1.5669053,-1.3767896,0.19011569,1750,1760,valid
2008,-1.5669204,-1.38689,0.18003035,1750,1760,valid
2009,-1.5669353,-1.3857234,0.18121195,1750,1760,valid
2010,-1.5669502,-1.3863652,0.18058503,1750,1760,valid
2011,-1.566965,-1.3817384,0.18522656,1750,1760,valid
2012,-1.5669795,-1.3843455,0.182634,1750,1760,valid
2013,-1.5669941,-1.3867729,0.1802212,1750,1760,valid
2014,-1.5670085,-1.3819921,0.1850164,1750,1760,valid
2015,-1.5670228,-1.3686787,0.19834411,1750,1760,valid
2016,-1.567037,-1.3676214,0.19941556,1750,1760,valid
2017,-1.567051,-1.368036,0.19901502,1750,1760,valid
2018,-1.567065,-1.3708744,0.1961906,1750,1760,valid
2019,-1.5670788,-1.3789647,0.18811417,1750,1760,valid
2020,-1.5670927,-1.3718961,0.19519651,1750,1760,valid
2021,-1.5671064,-1.3779693,0.1891371,1750,1760,valid
2022,-1.5671198,-1.3831428,0.18397701,1750,1760,valid
2023,-1.5671333,-1.3774619,0.1896714,1750,1760,valid
2024,-1.5671467,-1.3665214,0.2006253,1750,1760,valid
2025,-1.56716,-1.3614154,0.20574462,1750,1760,valid
2026,-1.5671731,-1.360539,0.20663416,1750,1760,valid
2027,-1.5671862,-1.3644639,0.20272231,1750,1760,valid
2028,-1.5671992,-1.3571197,0.21007955,1750,1760,valid
2029,-1.5672121,-1.3603172,0.20689487,1750,1760,valid
2030,-1.5672249,-1.3576356,0.20958924,1750,1760,valid
2031,-1.5672376,-1.36038,0.20685756,1750,1760,valid
2032,-1.5672503,-1.3395793,0.22767091,1750,1760,valid
2033,-1.5672628,-1.3451265,0.22213626,1750,1760,valid
2034,-1.5672752,-1.3479869,0.21928823,1750,1760,valid
2035,-1.5672876,-1.3420384,0.22524917,1750,1760,valid
2036,-1.5672998,-1.3452978,0.22200203,1750,1760,valid
2037,-1.567312,-1.3448825,0.22242951,1750,1760,valid
2038,-1.5673242,-1.341589,0.22573519,1750,1760,valid
2039,-1.5673361,-1.3471797,0.22015643,1750,1760,valid
2040,-1.5673481,-1.3418934,0.22545469,1750,1760,valid
2041,-1.5673599,-1.3460946,0.22126532,1750,1760,valid
2042,-1.5673717,-1.348658,0.21871376,1750,1760,valid
2043,-1.5673834,-1.3437278,0.22365558,1750,1760,valid
2044,-1.567395,-1.3339682,0.23342681,1750,1760,valid
2045,-1.5674065,-1.3413175,0.226089,1750,1760,valid
2046,-1.567418,-1.3390917,0.22832632,1750,1760,valid
2047,-1.5674293,-1.3408805,0.22654879,1750,1760,valid
2048,-1.5674406,-1.3563064,0.2111342,1750,1760,valid
2049,-1.5674518,-1.3522627,0.2151891,1750,1760,valid
2050,-1.567463,-1.3544446,0.21301842,1750,1760,valid
2051,-1.5674741,-1.3489902,0.21848392,1750,1760,valid
2052,-1.5674851,-1.3535526,0.21393251,1750,1760,valid
2053,-1.5674961,-1.360002,0.20749402,1750,1760,valid
2054,-1.5675069,-1.3599979,0.20750904,1750,1760,valid
2055,-1.5675176,-1.3611543,0.20636332,1750,1760,valid
2056,-1.5675284,-1.364968,0.20256042,1750,1760,valid
2057,-1.567539,-1.3650334,0.20250559,1750,1760,valid
2058,-1.5675496,-1.3669498,0.20059979,1750,1760,valid
2059,-1.5675601,-1.3691269,0.19843316,1750,1760,valid
2060,-1.5675706,-1.3601786,0.20739198,1750,1760,valid
2061,-1.5675809,-1.3661454,0.20143557,1750,1760,valid
2062,-1.5675912,-1.3715619,0.1960293,1750,1760,valid
2063,-1.5676014,-1.3762195,0.19138193,1750,1760,valid
2064,-1.5676116,-1.3591807,0.20843089,1750,1760,valid
2065,-1.5676217,-1.3619665,0.20565522,1750,1760,valid
2066,-1.5676317,-1.3574073,0.21022439,1750,1760,valid
2067,-1.5676417,-1.3598456,0.2077961,1750,1760,valid
2068,-1.5676516,-1.3543499,0.21330178,1750,1760,valid
2069,-1.5676615,-1.3545597,0.21310186,1750,1760,valid
2070,-1.5676713,-1.3615117,0.20615959,1750,1760,valid
2071,-1.5676811,-1.3582325,0.20944858,1750,1760,valid
2072,-1.5676907,-1.3645471,0.2031436,1750,1760,valid
2073,-1.5677004,-1.3712531,0.19644725,1750,1760,valid
2074,-1.5677099,-1.3683691,0.19934082,1750,1760,valid
2075,-1.5677195,-1.3752139,0.1925056,1750,1760,valid
2076,-1.5677289,-1.3731029,0.19462597,1750,1760,valid
2077,-1.5677382,-1.3688006,0.19893754,1750,1760,valid
2078,-1.5677476,-1.3706642,0.19708335,1750,1760,valid
2079,-1.5677568,-1.3719354,0.1958214,1750,1760,valid
2080,-1.5677661,-1.3921192,0.1756469,1750,1760,valid
2081,-1.5677751,-1.3851734,0.18260169,1750,1760,valid
2082,-1.5677843,-1.396567,0.17121732,1750,1760,valid
2083,-1.5677934,-1.3864591,0.18133426,1750,1760,valid
2084,-1.5678023,-1.386672,0.18113029,1750,1760,valid
2085,-1.5678113,-1.385649,0.18216228,1750,1760,valid
2086,-1.5678202,-1.3815566,0.18626356,1750,1760,valid
2087,-1.567829,-1.397835,0.169994,1750,1760,valid
2088,-1.5678377,-1.4077713,0.16006637,1750,1760,valid
2089,-1.5678465,-1.3948725,0.17297399,1750,1760,valid
2090,-1.5678551,-1.3931367,0.17471838,1750,1760,valid
2091,-1.5678638,-1.398253,0.16961086,1750,1760,valid
2092,-1.5678724,-1.4124246,0.15544784,1750,1760,valid
2093,-1.5678809,-1.4049475,0.16293335,1750,1760,valid
2094,-1.5678893,-1.4033531,0.16453624,1750,1760,valid
2095,-1.5678978,-1.409609,0.15828884,1750,1760,valid
2096,-1.5679061,-1.4383187,0.12958741,1750,1760,valid
2097,-1.5679145,-1.4395363,0.12837815,1750,1760,valid
2098,-1.5679228,-1.4403818,0.12754107,1750,1760,valid
2099,-1.567931,-1.4379969,0.12993419,1750,1760,valid
2100,-1.5679392,-1.4386308,0.12930834,1750,1760,valid
2101,-1.5679474,-1.4294345,0.13851285,1750,1760,valid
2102,-1.5679554,-1.4270794,0.14087594,1750,1760,valid
2103,-1.5679635,-1.4274273,0.14053619,1750,1760,valid
2104,-1.5679715,-1.4368349,0.13113654,1750,1760,valid
2105,-1.5679795,-1.4359696,0.13200986,1750,1760,valid
2106,-1.5679873,-1.4385326,0.12945473,1750,1760,valid
2107,-1.5679952,-1.4426173,0.1253779,1750,1760,valid
2108,-1.568003,-1.4449368,0.123066306,1750,1760,valid
2109,-1.5680108,-1.4418232,0.12618756,1750,1760,valid
2110,-1.5680186,-1.43961,0.12840855,1750,1760,valid
2111,-1.5680263,-1.4370039,0.13102245,1750,1760,valid
2112,-1.5680339,-1.4449916,0.123042345,1750,1760,valid
2113,-1.5680416,-1.4469641,0.12107742,1750,1760,valid
2114,-1.5680491,-1.4454412,0.12260783,1750,1760,valid
2115,-1.5680566,-1.447608,0.12044859,1750,1760,valid
2116,-1.5680641,-1.4657154,0.102348685,1750,1760,valid
2117,-1.5680715,-1.4521463,0.11592519,1750,1760,valid
2118,-1.568079,-1.4544812,0.11359775,1750,1760,valid
2119,-1.5680863,-1.458607,0.10947931,1750,1760,valid
2120,-1.5680937,-1.463273,0.10482061,1750,1760,valid
2121,-1.5681009,-1.4671652,0.1009357,1750,1760,valid
2122,-1.5681082,-1.466578,0.101530194,1750,1760,valid
2123,-1.5681154,-1.46503,0.1030854,1750,1760,valid
2124,-1.5681225,-1.4725457,0.09557676,1750,1760,valid
2125,-1.5681297,-1.4660153,0.10211432,1750,1760,valid
2126,-1.5681368,-1.4666713,0.10146546,1750,1760,valid
2127,-1.5681438,-1.477463,0.09068084,1750,1760,valid
2128,-1.5681509,-1.4705467,0.097604156,1750,1760,valid
2129,-1.5681578,-1.4764214,0.091736436,1750,1760,valid
2130,-1.5681647,-1.4706886,0.097476125,1750,1760,valid
2131,-1.5681716,-1.4731553,0.09501636,1750,1760,valid
2132,-1.5681785,-1.4780402,0.090138316,1750,1760,valid
2133,-1.5681853,-1.4808676,0.087317705,1750,1760,valid
2134,-1.5681921,-1.4839921,0.084200025,1750,1760,valid
2135,-1.5681989,-1.4761095,0.092089415,1750,1760,valid
2136,-1.5682057,-1.4653084,0.10289729,1750,1760,valid
2137,-1.5682124,-1.4692229,0.09898949,1750,1760,valid
2138,-1.5682191,-1.4653039,0.10291517,1750,1760,valid
2139,-1.5682256,-1.4707272,0.09749842,1750,1760,valid
2140,-1.5682322,-1.4663322,0.10189998,1750,1760,valid
2141,-1.5682387,-1.4770164,0.091222286,1750,1760,valid
2142,-1.5682453,-1.483081,0.08516431,1750,1760,valid
2143,-1.5682518,-1.4764727,0.09177911,1750,1760,valid
2144,-1.5682583,-1.4701236,0.09813464,1750,1760,valid
2145,-1.5682647,-1.4641339,0.104130864,1750,1760,valid
2146,-1.568271,-1.4668243,0.10144675,1750,1760,valid
2147,-1.5682775,-1.4823205,0.08595693,1750,1760,valid
2148,-1.5682838,-1.4746541,0.09362972,1750,1760,valid
2149,-1.5682901,-1.4824185,0.08587158,1750,1760,valid
2150,-1.5682963,-1.4700189,0.09827745,1750,1760,valid
2151,-1.5683025,-1.4607844,0.10751808,1750,1760,valid
2152,-1.5683087,-1.4611125,0.10719621,1750,1760,valid
2153,-1.5683149,-1.465251,0.10306394,1750,1760,valid
2154,-1.5683211,-1.4636929,0.104628205,1750,1760,valid
2155,-1.5683272,-1.4568391,0.111488104,1750,1760,valid
2156,-1.5683333,-1.4571745,0.11115873,1750,1760,valid
2157,-1.5683393,-1.462493,0.105846405,1750,1760,valid
2158,-1.5683453,-1.4577438,0.110601544,1750,1760,valid
2159,-1.5683514,-1.469903,0.098448396,1750,1760,valid
2160,-1.5683573,-1.4489124,0.11944497,1750,1760,valid
2161,-1.5683632,-1.449056,0.11930716,1750,1760,valid
2162,-1.5683692,-1.4511285,0.11724067,1750,1760,valid
2163,-1.568375,-1.4579357,0.1104393,1750,1760,valid
2164,-1.5683808,-1.4539626,0.11441827,1750,1760,valid
2165,-1.5683867,-1.4556595,0.112727165,1750,1760,valid
2166,-1.5683925,-1.4446187,0.12377381,1750,1760,valid
2167,-1.5683982,-1.4521191,0.116279125,1750,1760,valid
2168,-1.568404,-1.4478436,0.12056041,1750,1760,valid
2169,-1.5684097,-1.4488834,0.11952627,1750,1760,valid
2170,-1.5684154,-1.446969,0.12144637,1750,1760,valid
2171,-1.568421,-1.4479944,0.120426655,1750,1760,valid
2172,-1.5684266,-1.4468215,0.12160516,1750,1760,valid
2173,-1.5684322,-1.4572444,0.111187816,1750,1760,valid
2174,-1.5684378,-1.4528679,0.11556995,1750,1760,valid
2175,-1.5684434,-1.4491205,0.119322896,1750,1760,valid
2176,-1.5684489,-1.4406776,0.12777126,1750,1760,valid
2177,-1.5684544,-1.450439,0.11801541,1750,1760,valid
2178,-1.5684599,-1.4381328,0.1303271,1750,1760,valid
2179,-1.5684654,-1.4406309,0.12783444,1750,1760,valid
2180,-1.5684707,-1.4445386,0.12393212,1750,1760,valid
2181,-1.5684762,-1.4445744,0.123901844,1750,1760,valid
2182,-1.5684816,-1.4413612,0.12712038,1750,1760,valid
2183,-1.5684868,-1.4516196,0.116867185,1750,1760,valid
2184,-1.5684922,-1.435123,0.1333692,1750,1760,valid
2185,-1.5684975,-1.4385223,0.1299752,1750,1760,valid
2186,-1.5685028,-1.43709,0.13141274,1750,1760,valid
2187,-1.568508,-1.447438,0.12107003,1750,1760,valid
2188,-1.5685133,-1.4454625,0.12305081,1750,1760,valid
2189,-1.5685184,-1.44817,0.12034845,1750,1760,valid
2190,-1.5685236,-1.4502003,0.118323326,1750,1760,valid
2191,-1.5685288,-1.447919,0.12060976,1750,1760,valid
2192,-1.5685339,-1.4469018,0.1216321,1750,1760,valid
2193,-1.568539,-1.4488671,0.11967194,1750,1760,valid
2194,-1.568544,-1.4496179,0.11892617,1750,1760,valid
2195,-1.5685492,-1.4526858,0.11586332,1750,1760,valid
2196,-1.5685542,-1.449985,0.118569136,1750,1760,valid
2197,-1.5685592,-1.4504464,0.1181128,1750,1760,valid
2198,-1.5685642,-1.4568611,0.11170304,1750,1760,valid
2199,-1.5685692,-1.4476762,0.120893,1750,1760,valid
2200,-1.5685741,-1.4542899,0.11428416,1750,1760,valid
2201,-1.5685791,-1.458063,0.11051607,1750,1760,valid
2202,-1.568584,-1.4536409,0.11494303,1750,1760,valid
2203,-1.5685889,-1.4708378,0.09775102,1750,1760,valid
2204,-1.5685937,-1.471003,0.097590685,1750,1760,valid
2205,-1.5685985,-1.4637442,0.104854345,1750,1760,valid
2206,-1.5686034,-1.4631364,0.10546696,1750,1760,valid
2207,-1.5686082,-1.4581325,0.11047566,1750,1760,valid
2208,-1.5686129,-1.4670563,0.10155666,1750,1760,valid
2209,-1.5686177,-1.4699924,0.0986253,1750,1760,valid
2210,-1.5686225,-1.4676039,0.10101855,1750,1760,valid
2211,-1.5686271,-1.4700565,0.098570585,1750,1760,valid
2212,-1.5686319,-1.4658163,0.10281563,1750,1760,valid
2213,-1.5686365,-1.4594698,0.10916674,1750,1760,valid
2214,-1.5686412,-1.456402,0.11223924,1750,1760,valid
2215,-1.5686458,-1.461021,0.10762489,1750,1760,valid
2216,-1.5686504,-1.4700823,0.09856808,1750,1760,valid
2217,-1.568655,-1.4654988,0.10315621,1750,1760,valid
2218,-1.5686595,-1.4682527,0.100406885,1750,1760,valid
2219,-1.5686642,-1.477638,0.09102619,1750,1760,valid
2220,-1.5686687,-1.4805108,0.08815789,1750,1760,valid
2221,-1.5686731,-1.4852744,0.0833987,1750,1760,valid
2222,-1.5686777,-1.4900458,0.07863188,1750,1760,valid
2223,-1.5686822,-1.4837971,0.08488512,1750,1760,valid
2224,-1.5686866,-1.5027329,0.06595373,1750,1760,valid
2225,-1.568691,-1.500488,0.06820297,1750,1760,valid
2226,-1.5686955,-1.4987367,0.069958806,1750,1760,valid
2227,-1.5686998,-1.4928491,0.075850725,1750,1760,valid
2228,-1.5687042,-1.5043483,0.06435597,1750,1760,valid
2229,-1.5687087,-1.4866288,0.08207989,1750,1760,valid
2230,-1.568713,-1.4958842,0.07282877,1750,1760,valid
2231,-1.5687174,-1.4930341,0.075683236,1750,1760,valid
2232,-1.5687217,-1.5025864,0.06613529,1750,1760,valid
2233,-1.568726,-1.5100334,0.058692575,1750,1760,valid
2234,-1.5687302,-1.4997108,0.06901944,1750,1760,valid
2235,-1.5687345,-1.5070927,0.061641812,1750,1760,valid
2236,-1.5687387,-1.5094681,0.05927062,1750,1760,valid
2237,-1.568743,-1.5080662,0.060676813,1750,1760,valid
2238,-1.5687472,-1.5074604,0.061286807,1750,1760,valid
2239,-1.5687513,-1.5060208,0.06273055,1750,1760,valid
2240,-1.5687555,-1.5114285,0.057327032,1750,1760,valid
2241,-1.5687597,-1.5145993,0.054160357,1750,1760,valid
2242,-1.5687639,-1.5114073,0.057356596,1750,1760,valid
2243,-1.5687679,-1.5110314,0.057736516,1750,1760,valid
2244,-1.5687721,-1.5207777,0.047994375,1750,1760,valid
2245,-1.5687761,-1.5121605,0.05661559,1750,1760,valid
2246,-1.5687802,-1.5100698,0.058710337,1750,1760,valid
2247,-1.5687842,-1.5248284,0.043955803,1750,1760,valid
2248,-1.5687883,-1.5286806,0.040107727,1750,1760,valid
2249,-1.5687923,-1.5213768,0.047415495,1750,1760,valid
2250,-1.5687963,-1.5213459,0.047450423,1750,1760,valid
2251,-1.5688003,-1.5238359,0.044964433,1750,1760,valid
2252,-1.5688043,-1.5238554,0.044948816,1750,1760,valid
2253,-1.5688083,-1.5291816,0.039626718,1750,1760,valid
2254,-1.5688123,-1.5316999,0.037112355,1750,1760,valid
2255,-1.5688162,-1.5360359,0.03278029,1750,1760,valid
2256,-1.56882,-1.526336,0.042484045,1750,1760,valid
2257,-1.5688239,-1.5257196,0.04310429,1750,1760,valid
2258,-1.5688279,-1.5221955,0.04663241,1750,1760,valid
2259,-1.5688317,-1.5203853,0.048446417,1750,1760,valid
2260,-1.5688355,-1.5220783,0.04675722,1750,1760,valid
2261,-1.5688394,-1.5184379,0.05040157,1750,1760,valid
2262,-1.5688432,-1.5354679,0.033375382,1750,1760,valid
2263,-1.5688471,-1.5290345,0.039812565,1750,1760,valid
2264,-1.5688508,-1.4860384,0.08281231,1750,1760,valid
2265,-1.5688546,-1.4834483,0.0854063,1750,1760,valid
2266,-1.5688584,-1.4844317,0.08442664,1750,1760,valid
2267,-1.5688621,-1.4946966,0.07416546,1750,1760,valid
2268,-1.5688658,-1.4848931,0.08397269,1750,1760,valid
2269,-1.5688696,-1.4859319,0.08293772,1750,1760,valid
2270,-1.5688733,-1.4859462,0.08292711,1750,1760,valid
2271,-1.568877,-1.4809643,0.08791268,1750,1760,valid
2272,-1.5688807,-1.4919767,0.07690394,1750,1760,valid
2273,-1.5688843,-1.486666,0.08221829,1750,1760,valid
2274,-1.568888,-1.4928377,0.07605028,1750,1760,valid
2275,-1.5688915,-1.4974258,0.07146573,1750,1760,valid
2276,-1.5688952,-1.483881,0.085014224,1750,1760,valid
2277,-1.5688988,-1.4858613,0.083037496,1750,1760,valid
2278,-1.5689024,-1.4819703,0.08693206,1750,1760,valid
2279,-1.568906,-1.4767165,0.09218943,1750,1760,valid
2280,-1.5689095,-1.4829848,0.085924745,1750,1760,valid
2281,-1.5689131,-1.4911566,0.077756524,1750,1760,valid
2282,-1.5689167,-1.4830627,0.085853934,1750,1760,valid
2283,-1.5689201,-1.4881339,0.08078623,1750,1760,valid
2284,-1.5689237,-1.4886551,0.08026862,1750,1760,valid
2285,-1.5689272,-1.4862788,0.0826484,1750,1760,valid
2286,-1.5689306,-1.4775798,0.091350794,1750,1760,valid
2287,-1.5689341,-1.4839427,0.084991336,1750,1760,valid
2288,-1.5689375,-1.4657903,0.10314727,1750,1760,valid
2289,-1.568941,-1.4713225,0.09761846,1750,1760,valid
2290,-1.5689445,-1.4727535,0.09619093,1750,1760,valid
2291,-1.5689479,-1.4742906,0.0946573,1750,1760,valid
2292,-1.5689514,-1.4657347,0.10321665,1750,1760,valid
2293,-1.5689547,-1.4671545,0.1018002,1750,1760,valid
2294,-1.568958,-1.4533086,0.11564946,1750,1760,valid
2295,-1.5689615,-1.4614909,0.10747063,1750,1760,valid
2296,-1.5689648,-1.4537373,0.11522758,1750,1760,valid
2297,-1.5689682,-1.4450003,0.123967886,1750,1760,valid
2298,-1.5689715,-1.4386499,0.13032162,1750,1760,valid
2299,-1.5689749,-1.4482293,0.12074554,1750,1760,valid
2300,-1.5689782,-1.4401004,0.12887776,1750,1760,valid
2301,-1.5689814,-1.43954,0.12944138,1750,1760,valid
2302,-1.5689847,-1.4425318,0.12645292,1750,1760,valid
2303,-1.568988,-1.4421703,0.1268177,1750,1760,valid
2304,-1.5689913,-1.44842,0.120571256,1750,1760,valid
2305,-1.5689945,-1.4401336,0.12886095,1750,1760,valid
2306,-1.5689977,-1.4324675,0.13653028,1750,1760,valid
2307,-1.569001,-1.4455615,0.12343943,1750,1760,valid
2308,-1.5690042,-1.4387265,0.13027763,1750,1760,valid
2309,-1.5690074,-1.439693,0.12931442,1750,1760,valid
2310,-1.5690106,-1.4346275,0.13438308,1750,1760,valid
2311,-1.5690138,-1.4342539,0.1347599,1750,1760,valid
2312,-1.5690169,-1.4392202,0.12979674,1750,1760,valid
2313,-1.5690202,-1.4325728,0.13644731,1750,1760,valid
2314,-1.5690233,-1.4354956,0.13352764,1750,1760,valid
2315,-1.5690265,-1.4204066,0.14861989,1750,1760,valid
2316,-1.5690296,-1.4378524,0.13117719,1750,1760,valid
2317,-1.5690327,-1.4444177,0.124614954,1750,1760,valid
2318,-1.5690358,-1.4441278,0.12490797,1750,1760,valid
2319,-1.5690389,-1.437357,0.13168192,1750,1760,valid
2320,-1.569042,-1.4254901,0.14355183,1750,1760,valid
2321,-1.5690451,-1.4231453,0.14589977,1750,1760,valid
2322,-1.569048,-1.4239435,0.14510453,1750,1760,valid
2323,-1.5690511,-1.4261438,0.14290738,1750,1760,valid
2324,-1.5690541,-1.425639,0.1434151,1750,1760,valid
2325,-1.5690572,-1.4219322,0.147125,1750,1760,valid
2326,-1.5690602,-1.4283437,0.14071655,1750,1760,valid
2327,-1.5690632,-1.4243093,0.14475393,1750,1760,valid
2328,-1.5690662,-1.4185466,0.15051961,1750,1760,valid
2329,-1.5690693,-1.4004636,0.16860569,1750,1760,valid
2330,-1.5690722,-1.3990527,0.1700195,1750,1760,valid
2331,-1.5690751,-1.4270833,0.14199185,1750,1760,valid
2332,-1.5690781,-1.423341,0.14573705,1750,1760,valid
2333,-1.5690811,-1.4248257,0.1442554,1750,1760,valid
2334,-1.569084,-1.4123617,0.1567223,1750,1760,valid
2335,-1.5690869,-1.4004751,0.16861176,1750,1760,valid
2336,-1.5690899,-1.4092774,0.15981245,1750,1760,valid
2337,-1.5690928,-1.4095235,0.15956926,1750,1760,valid
2338,-1.5690956,-1.4048955,0.16420007,1750,1760,valid
2339,-1.5690986,-1.4067469,0.16235173,1750,1760,valid
2340,-1.5691015,-1.4037194,0.16538203,1750,1760,valid
2341,-1.5691043,-1.4051389,0.16396546,1750,1760,valid
2342,-1.5691072,-1.4026386,0.16646862,1750,1760,valid
2343,-1.56911,-1.3817548,0.18735528,1750,1760,valid
2344,-1.5691128,-1.3835704,0.18554235,1750,1760,valid
2345,-1.5691156,-1.3802592,0.18885648,1750,1760,valid
2346,-1.5691185,-1.4005337,0.16858482,1750,1760,valid
2347,-1.5691212,-1.4043243,0.16479695,1750,1760,valid
2348,-1.5691241,-1.4003708,0.16875327,1750,1760,valid
2349,-1.5691268,-1.384332,0.1847949,1750,1760,valid
2350,-1.5691297,-1.3822138,0.18691587,1750,1760,valid
2351,-1.5691324,-1.3774381,0.19169438,1750,1760,valid
2352,-1.5691352,-1.393405,0.17573023,1750,1760,valid
2353,-1.5691379,-1.3917993,0.1773386,1750,1760,valid
2354,-1.5691407,-1.3956268,0.17351389,1750,1760,valid
2355,-1.5691434,-1.3923094,0.17683399,1750,1760,valid
2356,-1.5691462,-1.3968922,0.17225397,1750,1760,valid
2357,-1.5691489,-1.3913661,0.17778277,1750,1760,valid
2358,-1.5691516,-1.3843634,0.18478823,1750,1760,valid
2359,-1.5691543,-1.380914,0.18824029,1750,1760,valid
2360,-1.569157,-1.3680934,0.20106363,1750,1760,valid
2361,-1.5691596,-1.3932469,0.17591274,1750,1760,valid
2362,-1.5691624,-1.3901966,0.1789658,1750,1760,valid
2363,-1.569165,-1.3823997,0.18676531,1750,1760,valid
2364,-1.5691676,-1.3792092,0.18995845,1750,1760,valid
2365,-1.5691704,-1.3760805,0.19308984,1750,1760,valid
2366,-1.569173,-1.3857526,0.18342042,1750,1760,valid
2367,-1.5691756,-1.3848991,0.18427646,1750,1760,valid
2368,-1.5691782,-1.3902745,0.1789037,1750,1760,valid
2369,-1.5691808,-1.3932472,0.1759336,1750,1760,valid
2370,-1.5691835,-1.3821551,0.18702841,1750,1760,valid
2371,-1.569186,-1.368803,0.20038295,1750,1760,valid
2372,-1.5691886,-1.371938,0.1972506,1750,1760,valid
2373,-1.5691912,-1.3800547,0.1891365,1750,1760,valid
2374,-1.5691937,-1.377403,0.1917907,1750,1760,valid
2375,-1.5691963,-1.3780893,0.19110703,1750,1760,valid
2376,-1.5691988,-1.3919508,0.177248,1750,1760,valid
2377,-1.5692015,-1.389562,0.17963946,1750,1760,valid
2378,-1.569204,-1.3762758,0.1929282,1750,1760,valid
2379,-1.5692065,-1.3774693,0.19173717,1750,1760,valid
2380,-1.569209,-1.3721498,0.19705915,1750,1760,valid
2381,-1.5692115,-1.369393,0.19981849,1750,1760,valid
2382,-1.5692141,-1.3691368,0.2000773,1750,1760,valid
2383,-1.5692165,-1.3826795,0.18653703,1750,1760,valid
2384,-1.569219,-1.3834713,0.18574774,1750,1760,valid
2385,-1.5692215,-1.3829553,0.18626618,1750,1760,valid
2386,-1.569224,-1.3811147,0.18810928,1750,1760,valid
2387,-1.5692265,-1.3737133,0.19551325,1750,1760,valid
2388,-1.5692289,-1.3787003,0.19052863,1750,1760,valid
2389,-1.5692314,-1.3516345,0.21759689,1750,1760,valid
2390,-1.5692338,-1.3869141,0.18231964,1750,1760,valid
2391,-1.5692363,-1.3547833,0.21445298,1750,1760,valid
2392,-1.5692387,-1.3896408,0.17959785,1750,1760,valid
2393,-1.5692412,-1.3854959,0.18374527,1750,1760,valid
2394,-1.5692436,-1.3891222,0.1801213,1750,1760,valid
2395,-1.5692459,-1.3647734,0.20447254,1750,1760,valid
2396,-1.5692483,-1.360752,0.20849633,1750,1760,valid
2397,-1.5692507,-1.3635042,0.20574653,1750,1760,valid
2398,-1.5692531,-1.3877318,0.1815213,1750,1760,valid
2399,-1.5692555,-1.3688114,0.2004441,1750,1760,valid
2400,-1.5692579,-1.3920507,0.17720711,1750,1760,valid
2401,-1.5692602,-1.3709713,0.19828892,1750,1760,valid
2402,-1.5692626,-1.3782582,0.1910044,1750,1760,valid
2403,-1.5692649,-1.3756754,0.19358945,1750,1760,valid
2404,-1.5692673,-1.3575094,0.2117579,1750,1760,valid
2405,-1.5692697,-1.3541389,0.2151308,1750,1760,valid
2406,-1.5692719,-1.3580761,0.21119583,1750,1760,valid
2407,-1.5692743,-1.3747079,0.19456637,1750,1760,valid
2408,-1.5692766,-1.3781586,0.191118,1750,1760,valid
2409,-1.5692788,-1.3767081,0.19257069,1750,1760,valid
2410,-1.5692812,-1.3593434,0.20993781,1750,1760,valid
2411,-1.5692835,-1.3578517,0.21143174,1750,1760,valid
2412,-1.5692858,-1.3565578,0.2127279,1750,1760,valid
2413,-1.569288,-1.3808696,0.18841839,1750,1760,valid
2414,-1.5692903,-1.3793663,0.189924,1750,1760,valid
2415,-1.5692925,-1.3838835,0.18540907,1750,1760,valid
2416,-1.5692948,-1.3657746,0.20352018,1750,1760,valid
2417,-1.5692971,-1.3660258,0.20327127,1750,1760,valid
2418,-1.5692993,-1.3636341,0.20566523,1750,1760,valid
2419,-1.5693016,-1.3388371,0.23046446,1750,1760,valid
2420,-1.5693038,-1.3686361,0.20066762,1750,1760,valid
2421,-1.569306,-1.3741348,0.19517124,1750,1760,valid
2422,-1.5693083,-1.3682413,0.20106697,1750,1760,valid
2423,-1.5693104,-1.3765734,0.19273698,1750,1760,valid
2424,-1.5693127,-1.3631582,0.20615447,1750,1760,valid
2425,-1.5693148,-1.3615459,0.20776892,1750,1760,valid
2426,-1.569317,-1.3558421,0.21347487,1750,1760,valid
2427,-1.5693192,-1.3831389,0.18618035,1750,1760,valid
2428,-1.5693214,-1.378886,0.19043541,1750,1760,valid
2429,-1.5693235,-1.3820119,0.18731165,1750,1760,valid
2430,-1.5693257,-1.3548638,0.21446192,1750,1760,valid
2431,-1.569328,-1.356183,0.2131449,1750,1760,valid
2432,-1.5693301,-1.3625005,0.20682955,1750,1760,valid
2433,-1.5693322,-1.363383,0.20594919,1750,1760,valid
2434,-1.5693344,-1.3864579,0.18287647,1750,1760,valid
2435,-1.5693364,-1.3924899,0.1768465,1750,1760,valid
2436,-1.5693386,-1.3899312,0.17940736,1750,1760,valid
2437,-1.5693407,-1.3706605,0.19868016,1750,1760,valid
2438,-1.5693429,-1.3711758,0.19816709,1750,1760,valid
2439,-1.569345,-1.3738818,0.19546318,1750,1760,valid
2440,-1.569347,-1.3523458,0.2170012,1750,1760,valid
2441,-1.5693492,-1.3632474,0.20610178,1750,1760,valid
2442,-1.5693512,-1.3557396,0.2136116,1750,1760,valid
2443,-1.5693533,-1.3898594,0.1794939,1750,1760,valid
2444,-1.5693554,-1.387525,0.1818304,1750,1760,valid
2445,-1.5693575,-1.3916651,0.17769241,1750,1760,valid
2446,-1.5693595,-1.3699803,0.1993792,1750,1760,valid
2447,-1.5693616,-1.3692019,0.20015967,1750,1760,valid
2448,-1.5693637,-1.3696697,0.19969404,1750,1760,valid
2449,-1.5693657,-1.3960773,0.17328846,1750,1760,valid
2450,-1.5693678,-1.3956354,0.1737324,1750,1760,valid
2451,-1.5693698,-1.3944457,0.17492414,1750,1760,valid
2452,-1.5693718,-1.3749714,0.19440043,1750,1760,valid
2453,-1.5693738,-1.3747633,0.1946106,1750,1760,valid
2454,-1.5693759,-1.3792093,0.1901666,1750,1760,valid
2455,-1.5693779,-1.3557776,0.21360028,1750,1760,valid
2456,-1.5693799,-1.3607302,0.20864975,1750,1760,valid
2457,-1.569382,-1.3639569,0.20542502,1750,1760,valid
2458,-1.5693839,-1.3972502,0.17213368,1750,1760,valid
2459,-1.5693859,-1.3947814,0.17460454,1750,1760,valid
2460,-1.5693879,-1.3944368,0.17495108,1750,1760,valid
2461,-1.5693898,-1.3741723,0.19521749,1750,1760,valid
2462,-1.5693918,-1.3693684,0.20002341,1750,1760,valid
2463,-1.5693938,-1.3682752,0.20111859,1750,1760,valid
2464,-1.5693958,-1.4077682,0.16162753,1750,1760,valid
2465,-1.5693977,-1.4123418,0.15705585,1750,1760,valid
2466,-1.5693997,-1.3958905,0.17350924,1750,1760,valid
2467,-1.5694016,-1.3894525,0.17994916,1750,1760,valid
2468,-1.5694035,-1.3887259,0.18067765,1750,1760,valid
2469,-1.5694056,-1.3935097,0.17589581,1750,1760,valid
2470,-1.5694075,-1.399219,0.17018843,1750,1760,valid
2471,-1.5694094,-1.3761472,0.19326222,1750,1760,valid
2472,-1.5694113,-1.3790371,0.19037414,1750,1760,valid
2473,-1.5694132,-1.3788999,0.19051325,1750,1760,valid
2474,-1.5694151,-1.4080057,0.16140938,1750,1760,valid
2475,-1.569417,-1.4129663,0.15645075,1750,1760,valid
2476,-1.5694189,-1.4155992,0.15381968,1750,1760,valid
2477,-1.5694208,-1.4010482,0.16837263,1750,1760,valid
2478,-1.5694227,-1.3953722,0.17405057,1750,1760,valid
2479,-1.5694246,-1.3948779,0.17454672,1750,1760,valid
2480,-1.5694264,-1.4262556,0.14317083,1750,1760,valid
2481,-1.5694283,-1.4311931,0.13823521,1750,1760,valid
2482,-1.5694302,-1.4359665,0.13346374,1750,1760,valid
2483,-1.569432,-1.415098,0.15433407,1750,1760,valid
2484,-1.5694339,-1.420614,0.14881992,1750,1760,valid
2485,-1.5694358,-1.4192853,0.15015054,1750,1760,valid
2486,-1.5694376,-1.3964232,0.1730144,1750,1760,valid
2487,-1.5694395,-1.3968949,0.1725446,1750,1760,valid
2488,-1.5694413,-1.4023845,0.1670568,1750,1760,valid
2489,-1.5694431,-1.4339712,0.13547194,1750,1760,valid
2490,-1.569445,-1.4366617,0.1327833,1750,1760,valid
2491,-1.5694468,-1.441828,0.12761879,1750,1760,valid
2492,-1.5694486,-1.4188042,0.15064442,1750,1760,valid
2493,-1.5694504,-1.4195986,0.1498518,1750,1760,valid
2494,-1.5694523,-1.4183466,0.15110564,1750,1760,valid
2495,-1.5694541,-1.4436074,0.12584662,1750,1760,valid
2496,-1.5694559,-1.4483486,0.12110722,1750,1760,valid
2497,-1.5694577,-1.4501821,0.11927557,1750,1760,valid
2498,-1.5694594,-1.4372569,0.1322025,1750,1760,valid
2499,-1.5694612,-1.4322007,0.13726056,1750,1760,valid
2500,-1.569463,-1.4348195,0.13464355,1750,1760,valid
2501,-1.5694648,-1.4365093,0.13295555,1750,1760,valid
2502,-1.5694666,-1.4267346,0.14273202,1750,1760,valid
2503,-1.5694683,-1.4547368,0.11473143,1750,1760,valid
2504,-1.56947,-1.449328,0.1201421,1750,1760,valid
2505,-1.5694718,-1.4480966,0.1213752,1750,1760,valid
2506,-1.5694736,-1.4440163,0.12545729,1750,1760,valid
2507,-1.5694753,-1.4541208,0.11535454,1750,1760,valid
2508,-1.5694771,-1.4338081,0.135669,1750,1760,valid
2509,-1.5694788,-1.4363511,0.13312769,1750,1760,valid
2510,-1.5694805,-1.4376562,0.13182437,1750,1760,valid
2511,-1.5694823,-1.4700423,0.09943998,1750,1760,valid
2512,-1.569484,-1.4558916,0.113592386,1750,1760,valid
2513,-1.5694857,-1.4410406,0.12844503,1750,1760,valid
2514,-1.5694875,-1.4543087,0.115178704,1750,1760,valid
2515,-1.5694891,-1.43999,0.12949908,1750,1760,valid
2516,-1.5694908,-1.4412351,0.12825572,1750,1760,valid
2517,-1.5694926,-1.4389338,0.13055873,1750,1760,valid
2518,-1.5694942,-1.4238406,0.1456536,1750,1760,valid
2519,-1.5694959,-1.4709923,0.09850359,1750,1760,valid
2520,-1.5694976,-1.4646187,0.1048789,1750,1760,valid
2521,-1.5694993,-1.4419175,0.12758172,1750,1760,valid
2522,-1.569501,-1.4490259,0.12047517,1750,1760,valid
2523,-1.5695027,-1.4534844,0.116018295,1750,1760,valid
2524,-1.5695044,-1.4370499,0.13245451,1750,1760,valid
2525,-1.569506,-1.4387852,0.13072085,1750,1760,valid
2526,-1.5695077,-1.4622571,0.10725057,1750,1760,valid
2527,-1.5695093,-1.4665765,0.10293281,1750,1760,valid
2528,-1.5695109,-1.4589301,0.1105808,1750,1760,valid
2529,-1.5695126,-1.4800696,0.08944297,1750,1760,valid
2530,-1.5695143,-1.4563501,0.11316419,1750,1760,valid
2531,-1.569516,-1.4647579,0.104758024,1750,1760,valid
2532,-1.5695176,-1.4552357,0.11428189,1750,1760,valid
2533,-1.5695192,-1.4657904,0.10372877,1750,1760,valid
2534,-1.5695208,-1.4675505,0.101970315,1750,1760,valid
2535,-1.5695225,-1.4688463,0.10067618,1750,1760,valid
2536,-1.569524,-1.4756556,0.093868494,1750,1760,valid
2537,-1.5695257,-1.4775233,0.09200239,1750,1760,valid
2538,-1.5695273,-1.4773314,0.09219587,1750,1760,valid
2539,-1.5695289,-1.4816253,0.08790362,1750,1760,valid
2540,-1.5695305,-1.4741085,0.09542203,1750,1760,valid
2541,-1.5695322,-1.4718711,0.09766102,1750,1760,valid
2542,-1.5695337,-1.469415,0.10011876,1750,1760,valid
2543,-1.5695353,-1.4957733,0.07376194,1750,1760,valid
2544,-1.5695369,-1.4963784,0.0731585,1750,1760,valid
2545,-1.5695385,-1.4983282,0.071210265,1750,1760,valid
2546,-1.56954,-1.4993182,0.07022178,1750,1760,valid
2547,-1.5695416,-1.4775503,0.091991305,1750,1760,valid
2548,-1.5695432,-1.478409,0.09113419,1750,1760,valid
2549,-1.5695448,-1.476093,0.09345174,1750,1760,valid
2550,-1.5695463,-1.507175,0.062371373,1750,1760,valid
2551,-1.5695479,-1.5141124,0.05543554,1750,1760,valid
2552,-1.5695494,-1.4990017,0.0705477,1750,1760,valid
2553,-1.569551,-1.4974186,0.07213235,1750,1760,valid
2554,-1.5695525,-1.497781,0.0717715,1750,1760,valid
2555,-1.5695541,-1.5072223,0.062331796,1750,1760,valid
2556,-1.5695556,-1.4876317,0.08192396,1750,1760,valid
2557,-1.5695572,-1.476233,0.093324184,1750,1760,valid
2558,-1.5695587,-1.5133216,0.0562371,1750,1760,valid
2559,-1.5695603,-1.516885,0.052675247,1750,1760,valid
2560,-1.5695617,-1.5331221,0.036439657,1750,1760,valid
2561,-1.5695633,-1.508322,0.06124127,1750,1760,valid
2562,-1.5695648,-1.5086156,0.060949206,1750,1760,valid
2563,-1.5695664,-1.5090091,0.060557246,1750,1760,valid
2564,-1.5695678,-1.5174606,0.052107215,1750,1760,valid
2565,-1.5695693,-1.5519474,0.017621994,1750,1760,valid
2566,-1.5695708,-1.5528059,0.01676488,1750,1760,valid
2567,-1.5695723,-1.5582652,0.01130712,1750,1760,valid
2568,-1.5695739,-1.5468339,0.022740006,1750,1760,valid
2569,-1.5695753,-1.5429437,0.026631594,1750,1760,valid
2570,-1.5695769,-1.5480328,0.021544099,1750,1760,valid
2571,-1.5695783,-1.5482211,0.021357179,1750,1760,valid
2572,-1.5695798,-1.5303175,0.039262295,1750,1760,valid
2573,-1.5695813,-1.537379,0.032202244,1750,1760,valid
2574,-1.5695827,-1.5367863,0.032796383,1750,1760,valid
2575,-1.5695843,-1.5404668,0.029117465,1750,1760,valid
2576,-1.5695857,-1.5692728,0.00031292439,1750,1760,valid
2577,-1.5695871,-1.5708907,-0.0013035536,1750,1760,valid
2578,-1.5695885,-1.5685083,0.0010802746,1750,1760,valid
2579,-1.5695901,-1.5689512,0.0006388426,1750,1760,valid
2580,-1.5695915,-1.540329,0.029262543,1750,1760,valid
2581,-1.569593,-1.5369442,0.0326488,1750,1760,valid
2582,-1.5695944,-1.543375,0.026219368,1750,1760,valid
2583,-1.5695958,-1.5860016,-0.01640582,1750,1760,valid
2584,-1.5695972,-1.5714257,-0.0018284321,1750,1760,valid
2585,-1.5695987,-1.5691087,0.0004899502,1750,1760,valid
2586,-1.5696001,-1.5613139,0.008286238,1750,1760,valid
2587,-1.5696015,-1.5671282,0.0024733543,1750,1760,valid
2588,-1.569603,-1.5692987,0.0003042221,1750,1760,valid
2589,-1.5696044,-1.5476103,0.021994114,1750,1760,valid
2590,-1.5696058,-1.5657256,0.0038802624,1750,1760,valid
2591,-1.5696073,-1.5485468,0.021060467,1750,1760,valid
2592,-1.5696087,-1.5888766,-0.019267917,1750,1760,valid
2593,-1.5696101,-1.5876969,-0.018086791,1750,1760,valid
2594,-1.5696115,-1.5908741,-0.021262527,1750,1760,valid
2595,-1.5696129,-1.592755,-0.0231421,1750,1760,valid
2596,-1.5696143,-1.5705614,-0.0009471178,1750,1760,valid
2597,-1.5696157,-1.5701197,-0.0005040169,1750,1760,valid
2598,-1.569617,-1.565126,0.004491091,1750,1760,valid
2599,-1.5696185,-1.5698677,-0.00024926662,1750,1760,valid
2600,-1.5696199,-1.5890155,-0.01939559,1750,1760,valid
2601,-1.5696212,-1.5935049,-0.0238837,1750,1760,valid
2602,-1.5696226,-1.5915121,-0.021889448,1750,1760,valid
2603,-1.569624,-1.5998255,-0.030201554,1750,1760,valid
2604,-1.5696254,-1.5870847,-0.017459273,1750,1760,valid
2605,-1.5696267,-1.589126,-0.019499302,1750,1760,valid
2606,-1.5696281,-1.5926899,-0.023061752,1750,1760,valid
2607,-1.5696294,-1.6173263,-0.04769683,1750,1760,valid
2608,-1.5696309,-1.6167037,-0.047072887,1750,1760,valid
2609,-1.5696322,-1.5977943,-0.028162122,1750,1760,valid
2610,-1.5696335,-1.6240623,-0.054428816,1750,1760,valid
2611,-1.5696349,-1.5972013,-0.027566433,1750,1760,valid
2612,-1.5696362,-1.5970024,-0.027366161,1750,1760,valid
2613,-1.5696375,-1.5971763,-0.027538776,1750,1760,valid
2614,-1.569639,-1.5901785,-0.020539522,1750,1760,valid
2615,-1.5696403,-1.6014311,-0.031790853,1750,1760,valid
2616,-1.5696416,-1.6019464,-0.032304764,1750,1760,valid
2617,-1.5696429,-1.6233921,-0.053749204,1750,1760,valid
2618,-1.5696442,-1.6244342,-0.05479002,1750,1760,valid
2619,-1.5696455,-1.6277096,-0.058064103,1750,1760,valid
2620,-1.569647,-1.6173922,-0.047745228,1750,1760,valid
2621,-1.5696483,-1.6160963,-0.046447992,1750,1760,valid
2622,-1.5696496,-1.6196283,-0.049978733,1750,1760,valid
2623,-1.5696509,-1.6281667,-0.058515787,1750,1760,valid
2624,-1.5696522,-1.6375399,-0.067887664,1750,1760,valid
2625,-1.5696535,-1.6399059,-0.07025242,1750,1760,valid
2626,-1.5696548,-1.6300933,-0.060438514,1750,1760,valid
2627,-1.5696561,-1.631012,-0.06135583,1750,1760,valid
2628,-1.5696573,-1.638816,-0.06915867,1750,1760,valid
2629,-1.5696586,-1.6310706,-0.061411977,1750,1760,valid
2630,-1.56966,-1.6258135,-0.056153536,1750,1760,valid
2631,-1.5696613,-1.6315336,-0.061872363,1750,1760,valid
2632,-1.5696626,-1.6400911,-0.07042849,1750,1760,valid
2633,-1.5696639,-1.6625121,-0.09284818,1750,1760,valid
2634,-1.5696651,-1.6601197,-0.09045458,1750,1760,valid
2635,-1.5696664,-1.6633276,-0.09366119,1750,1760,valid
2636,-1.5696677,-1.6734507,-0.10378301,1750,1760,valid
2637,-1.5696689,-1.6411233,-0.071454406,1750,1760,valid
2638,-1.5696702,-1.6583842,-0.088714,1750,1760,valid
2639,-1.5696715,-1.658654,-0.08898246,1750,1760,valid
2640,-1.5696727,-1.6519492,-0.08227646,1750,1760,valid
2641,-1.569674,-1.6978273,-0.12815332,1750,1760,valid
2642,-1.5696752,-1.6951,-0.12542474,1750,1760,valid
2643,-1.5696765,-1.6950635,-0.12538695,1750,1760,valid
2644,-1.5696777,-1.6786869,-0.10900915,1750,1760,valid
2645,-1.569679,-1.6686753,-0.09899628,1750,1760,valid
2646,-1.5696802,-1.6714816,-0.101801395,1750,1760,valid
2647,-1.5696815,-1.6730092,-0.10332763,1750,1760,valid
2648,-1.5696827,-1.6822681,-0.112585425,1750,1760,valid
2649,-1.569684,-1.6633009,-0.09361684,1750,1760,valid
2650,-1.5696852,-1.6897299,-0.12004471,1750,1760,valid
2651,-1.5696864,-1.6782427,-0.10855627,1750,1760,valid
2652,-1.5696877,-1.7066584,-0.13697064,1750,1760,valid
2653,-1.5696889,-1.7084824,-0.13879347,1750,1760,valid
2654,-1.5696901,-1.6861494,-0.11645925,1750,1760,valid
2655,-1.5696913,-1.6872535,-0.117562175,1750,1760,valid
