cycle_index,true_kpd,pred_kpd,kpd_error,true_knee_cycle,pred_knee_cycle,split
0,1.5700821,1.5008024,-0.06927967,1400,1231,train
1,1.5700815,1.4880013,-0.082080126,1400,1231,train
2,1.570081,1.4830719,-0.08700907,1400,1231,train
3,1.5700805,1.4819595,-0.08812106,1400,1231,train
4,1.57008,1.4583131,-0.111766934,1400,1231,train
5,1.5700794,1.4543651,-0.11571431,1400,1231,train
6,1.570079,1.4674195,-0.102659464,1400,1231,train
7,1.5700785,1.4707826,-0.099295855,1400,1231,train
8,1.5700779,1.5872426,0.017164707,1400,1231,train
9,1.5700774,1.5683448,-0.0017325878,1400,1231,train
10,1.570077,1.5670849,-0.002992034,1400,1231,train
11,1.5700763,1.5665298,-0.0035465956,1400,1231,train
12,1.5700759,1.6195905,0.04951465,1400,1231,train
13,1.5700754,1.6163428,0.04626739,1400,1231,train
14,1.5700748,1.6050978,0.035022974,1400,1231,train
15,1.5700743,1.6067964,0.036722064,1400,1231,train
16,1.5700738,1.4950887,-0.07498515,1400,1231,train
17,1.5700732,1.4883292,-0.081744075,1400,1231,train
18,1.5700728,1.483397,-0.08667576,1400,1231,train
19,1.5700722,1.4899462,-0.08012593,1400,1231,train
20,1.5700717,1.5006212,-0.0694505,1400,1231,train
21,1.5700712,1.485492,-0.08457923,1400,1231,train
22,1.5700706,1.4790539,-0.09101677,1400,1231,train
23,1.5700701,1.4737054,-0.09636474,1400,1231,train
24,1.5700696,1.5416744,-0.028395176,1400,1231,train
25,1.5700691,1.5447505,-0.025318623,1400,1231,train
26,1.5700685,1.5502194,-0.019849062,1400,1231,train
27,1.570068,1.5460274,-0.02404058,1400,1231,train
28,1.5700674,1.5443137,-0.025753736,1400,1231,train
29,1.5700669,1.5458261,-0.024240851,1400,1231,train
30,1.5700665,1.575818,0.0057514906,1400,1231,train
31,1.5700659,1.5722709,0.0022050142,1400,1231,train
32,1.5700654,1.5429381,-0.027127266,1400,1231,train
33,1.5700648,1.5511451,-0.018919706,1400,1231,train
34,1.5700643,1.5380801,-0.03198421,1400,1231,train
35,1.5700637,1.5441371,-0.02592659,1400,1231,train
36,1.5700632,1.5494021,-0.020661116,1400,1231,train
37,1.5700626,1.5410182,-0.02904439,1400,1231,train
38,1.5700622,1.5367626,-0.033299565,1400,1231,train
39,1.5700616,1.5392712,-0.030790329,1400,1231,train
40,1.5700611,1.5472416,-0.022819519,1400,1231,train
41,1.5700605,1.5332273,-0.036833167,1400,1231,train
42,1.5700599,1.5298579,-0.04020202,1400,1231,train
43,1.5700594,1.5322098,-0.037849665,1400,1231,train
44,1.5700588,1.5272111,-0.042847753,1400,1231,train
45,1.5700583,1.520992,-0.049066305,1400,1231,train
46,1.5700577,1.5237594,-0.046298385,1400,1231,train
47,1.5700573,1.5216124,-0.048444867,1400,1231,train
48,1.5700567,1.506993,-0.06306362,1400,1231,train
49,1.5700561,1.5336205,-0.036435604,1400,1231,train
50,1.5700556,1.5273287,-0.042726874,1400,1231,train
51,1.570055,1.5076365,-0.06241846,1400,1231,train
52,1.5700545,1.5417746,-0.0282799,1400,1231,train
53,1.5700539,1.5066462,-0.06340778,1400,1231,train
54,1.5700533,1.5060378,-0.06401551,1400,1231,train
55,1.5700529,1.5172096,-0.052843213,1400,1231,train
56,1.5700523,1.4894974,-0.08055484,1400,1231,train
57,1.5700517,1.4927114,-0.077340245,1400,1231,train
58,1.5700512,1.496558,-0.07349324,1400,1231,train
59,1.5700506,1.4855154,-0.08453524,1400,1231,train
60,1.57005,1.4770054,-0.09304464,1400,1231,train
61,1.5700495,1.4714062,-0.0986433,1400,1231,train
62,1.5700489,1.4706796,-0.09936929,1400,1231,train
63,1.5700483,1.4632955,-0.10675287,1400,1231,train
64,1.5700479,1.5041286,-0.06591928,1400,1231,train
65,1.5700473,1.5088874,-0.06115985,1400,1231,train
66,1.5700467,1.490106,-0.07994068,1400,1231,train
67,1.5700462,1.487529,-0.08251715,1400,1231,train
68,1.5700456,1.4868448,-0.08320081,1400,1231,train
69,1.570045,1.5083514,-0.06169355,1400,1231,train
70,1.5700444,1.5188229,-0.05122149,1400,1231,train
71,1.5700439,1.4995327,-0.07051122,1400,1231,train
72,1.5700433,1.4942954,-0.07574797,1400,1231,train
73,1.5700427,1.4966686,-0.07337415,1400,1231,train
74,1.5700421,1.4951421,-0.07490003,1400,1231,train
75,1.5700417,1.4758595,-0.09418213,1400,1231,train
76,1.5700411,1.4976301,-0.07241094,1400,1231,train
77,1.5700405,1.4954028,-0.07463765,1400,1231,train
78,1.5700399,1.5082906,-0.06174922,1400,1231,train
79,1.5700393,1.5017045,-0.06833482,1400,1231,train
80,1.5700388,1.5060558,-0.06398296,1400,1231,train
81,1.5700382,1.504014,-0.066024184,1400,1231,train
82,1.5700376,1.5104816,-0.059556007,1400,1231,train
83,1.570037,1.5045173,-0.06551969,1400,1231,train
84,1.5700364,1.4925369,-0.07749951,1400,1231,train
85,1.5700358,1.5064535,-0.0635823,1400,1231,train
86,1.5700353,1.4862623,-0.08377302,1400,1231,train
87,1.5700347,1.4909763,-0.07905841,1400,1231,train
88,1.5700341,1.5061922,-0.06384194,1400,1231,train
89,1.5700336,1.4976399,-0.072393656,1400,1231,train
90,1.570033,1.5073836,-0.06264937,1400,1231,train
91,1.5700324,1.5087216,-0.061310768,1400,1231,train
92,1.5700318,1.4998261,-0.07020569,1400,1231,train
93,1.5700312,1.5079408,-0.062090397,1400,1231,train
94,1.5700307,1.5029253,-0.06710541,1400,1231,train
95,1.5700301,1.5070183,-0.063011765,1400,1231,train
96,1.5700295,1.4945848,-0.0754447,1400,1231,train
97,1.5700289,1.4961289,-0.073899984,1400,1231,train
98,1.5700283,1.467529,-0.10249925,1400,1231,train
99,1.5700277,1.490525,-0.0795027,1400,1231,train
100,1.5700271,1.4854572,-0.08456993,1400,1231,train
101,1.5700265,1.4786986,-0.091327906,1400,1231,train
102,1.5700259,1.4879332,-0.08209276,1400,1231,train
103,1.5700253,1.4801279,-0.089897394,1400,1231,train
104,1.5700247,1.4782426,-0.09178209,1400,1231,train
105,1.5700241,1.4585353,-0.11148882,1400,1231,train
106,1.5700235,1.4837351,-0.08628845,1400,1231,train
107,1.570023,1.4549387,-0.11508429,1400,1231,train
108,1.5700223,1.4698691,-0.10015321,1400,1231,train
109,1.5700217,1.4838575,-0.086164236,1400,1231,train
110,1.5700212,1.4583488,-0.1116724,1400,1231,train
111,1.5700206,1.4663339,-0.10368669,1400,1231,train
112,1.57002,1.5033722,-0.06664777,1400,1231,train
113,1.5700194,1.5038546,-0.06616473,1400,1231,train
114,1.5700188,1.5002923,-0.06972647,1400,1231,train
115,1.5700182,1.4889909,-0.08102727,1400,1231,train
116,1.5700175,1.4898387,-0.08017874,1400,1231,train
117,1.5700169,1.4749305,-0.095086336,1400,1231,train
118,1.5700163,1.4797465,-0.090269804,1400,1231,train
119,1.5700157,1.4860003,-0.08401537,1400,1231,train
120,1.5700151,1.5047517,-0.06526339,1400,1231,train
121,1.5700145,1.4721663,-0.09784818,1400,1231,train
122,1.5700139,1.4845233,-0.085490584,1400,1231,train
123,1.5700133,1.4723846,-0.09762871,1400,1231,train
124,1.5700126,1.5054442,-0.0645684,1400,1231,train
125,1.570012,1.4906344,-0.07937753,1400,1231,train
126,1.5700114,1.4950109,-0.075000525,1400,1231,train
127,1.5700108,1.489008,-0.08100283,1400,1231,train
128,1.5700102,1.4893749,-0.08063531,1400,1231,train
129,1.5700096,1.4806663,-0.08934331,1400,1231,train
130,1.5700089,1.4837817,-0.08622718,1400,1231,train
131,1.5700083,1.482164,-0.08784425,1400,1231,train
132,1.5700077,1.4769955,-0.09301221,1400,1231,train
133,1.5700071,1.4750655,-0.094941616,1400,1231,train
134,1.5700065,1.4782919,-0.09171462,1400,1231,train
135,1.5700058,1.4978509,-0.07215488,1400,1231,train
136,1.5700052,1.4917506,-0.07825458,1400,1231,train
137,1.5700046,1.4790149,-0.09098971,1400,1231,train
138,1.570004,1.4715345,-0.098469496,1400,1231,train
139,1.5700033,1.4878333,-0.08217001,1400,1231,train
140,1.5700027,1.4742146,-0.09578812,1400,1231,train
141,1.5700021,1.476167,-0.093835115,1400,1231,train
142,1.5700014,1.4707484,-0.09925294,1400,1231,train
143,1.5700008,1.4736074,-0.09639335,1400,1231,train
144,1.5700002,1.4740217,-0.0959785,1400,1231,train
145,1.5699995,1.4757624,-0.09423709,1400,1231,train
146,1.5699989,1.4768008,-0.09319806,1400,1231,train
147,1.5699983,1.499998,-0.07000029,1400,1231,train
148,1.5699975,1.4862573,-0.083740234,1400,1231,train
149,1.569997,1.4808711,-0.08912587,1400,1231,train
150,1.5699964,1.4817026,-0.08829379,1400,1231,train
151,1.5699956,1.4715685,-0.09842718,1400,1231,train
152,1.569995,1.4808116,-0.08918345,1400,1231,train
153,1.5699944,1.4470943,-0.12290013,1400,1231,train
154,1.5699937,1.4799368,-0.090056896,1400,1231,train
155,1.5699931,1.4583602,-0.11163294,1400,1231,train
156,1.5699924,1.478508,-0.09148443,1400,1231,train
157,1.5699918,1.4623533,-0.10763848,1400,1231,train
158,1.5699912,1.4726517,-0.09733951,1400,1231,train
159,1.5699905,1.4739203,-0.09607017,1400,1231,train
160,1.5699899,1.4676138,-0.1023761,1400,1231,train
161,1.5699892,1.4386611,-0.1313281,1400,1231,train
162,1.5699886,1.4445872,-0.12540138,1400,1231,train
163,1.5699879,1.4671406,-0.10284734,1400,1231,train
164,1.5699873,1.4613552,-0.10863209,1400,1231,train
165,1.5699866,1.4544239,-0.11556268,1400,1231,train
166,1.569986,1.4675713,-0.10241473,1400,1231,train
167,1.5699853,1.445133,-0.1248523,1400,1231,train
168,1.5699847,1.4780414,-0.091943264,1400,1231,train
169,1.569984,1.4565885,-0.11339545,1400,1231,train
170,1.5699834,1.4673611,-0.10262227,1400,1231,train
171,1.5699826,1.4782913,-0.091691375,1400,1231,train
172,1.569982,1.4672176,-0.10276449,1400,1231,train
173,1.5699813,1.4935627,-0.07641864,1400,1231,train
174,1.5699806,1.4728932,-0.09708738,1400,1231,train
175,1.56998,1.4662259,-0.10375416,1400,1231,train
176,1.5699793,1.4693005,-0.1006788,1400,1231,train
177,1.5699787,1.4599259,-0.110052824,1400,1231,train
178,1.569978,1.4855571,-0.08442092,1400,1231,train
179,1.5699773,1.4757534,-0.09422386,1400,1231,train
180,1.5699767,1.4638638,-0.10611284,1400,1231,train
181,1.569976,1.4636431,-0.1063329,1400,1231,train
182,1.5699753,1.4774516,-0.092523694,1400,1231,train
183,1.5699747,1.4861516,-0.083823085,1400,1231,train
184,1.569974,1.5157596,-0.05421436,1400,1231,train
185,1.5699732,1.5105098,-0.05946338,1400,1231,train
186,1.5699726,1.5250093,-0.04496336,1400,1231,train
187,1.5699719,1.5039786,-0.06599331,1400,1231,train
188,1.5699712,1.5159986,-0.053972602,1400,1231,train
189,1.5699706,1.5062984,-0.063672185,1400,1231,train
190,1.5699699,1.5043914,-0.06557846,1400,1231,train
191,1.5699692,1.4992027,-0.07076645,1400,1231,train
192,1.5699685,1.5009052,-0.069063306,1400,1231,train
193,1.5699679,1.5217916,-0.04817629,1400,1231,train
194,1.5699672,1.5169026,-0.053064585,1400,1231,train
195,1.5699664,1.5195409,-0.05042553,1400,1231,train
196,1.5699657,1.5138588,-0.056106925,1400,1231,train
197,1.5699651,1.497169,-0.07279611,1400,1231,train
198,1.5699644,1.4992771,-0.070687294,1400,1231,train
199,1.5699637,1.4866364,-0.08332729,1400,1231,train
200,1.569963,1.5232893,-0.046673656,1400,1231,train
201,1.5699623,1.5180851,-0.05187714,1400,1231,train
202,1.5699615,1.507223,-0.06273854,1400,1231,train
203,1.569961,1.513731,-0.05622995,1400,1231,train
204,1.5699602,1.5267828,-0.043177485,1400,1231,train
205,1.5699595,1.5401924,-0.029767156,1400,1231,train
206,1.5699588,1.5451304,-0.024828434,1400,1231,train
207,1.5699581,1.523994,-0.04596412,1400,1231,train
208,1.5699574,1.4995348,-0.07042253,1400,1231,train
209,1.5699567,1.4991739,-0.07078278,1400,1231,train
210,1.569956,1.4993248,-0.07063115,1400,1231,train
211,1.5699552,1.5085967,-0.06135857,1400,1231,train
212,1.5699546,1.502846,-0.06710863,1400,1231,train
213,1.5699539,1.4923067,-0.07764721,1400,1231,train
214,1.5699532,1.4842451,-0.08570814,1400,1231,train
215,1.5699525,1.4879463,-0.082006216,1400,1231,train
216,1.5699518,1.5091627,-0.06078911,1400,1231,train
217,1.569951,1.5017313,-0.06821978,1400,1231,train
218,1.5699503,1.502499,-0.06745136,1400,1231,train
219,1.5699496,1.4802029,-0.08974671,1400,1231,train
220,1.5699489,1.5046892,-0.065259695,1400,1231,train
221,1.5699482,1.4950265,-0.07492173,1400,1231,train
222,1.5699475,1.4776216,-0.092325926,1400,1231,train
223,1.5699468,1.5229218,-0.047024965,1400,1231,train
224,1.5699459,1.5099213,-0.06002462,1400,1231,train
225,1.5699452,1.5081981,-0.061747074,1400,1231,train
226,1.5699445,1.5072134,-0.06273115,1400,1231,train
227,1.5699438,1.51046,-0.059483767,1400,1231,train
228,1.5699431,1.5232639,-0.04667914,1400,1231,train
229,1.5699424,1.5049012,-0.065041184,1400,1231,train
230,1.5699416,1.4923049,-0.07763672,1400,1231,train
231,1.5699409,1.5164329,-0.053508043,1400,1231,train
232,1.5699402,1.5304433,-0.0394969,1400,1231,train
233,1.5699394,1.5335027,-0.036436677,1400,1231,train
234,1.5699387,1.5271245,-0.042814136,1400,1231,train
235,1.569938,1.5335084,-0.036429524,1400,1231,train
236,1.5699372,1.5547433,-0.015193939,1400,1231,train
237,1.5699365,1.5137837,-0.05615282,1400,1231,train
238,1.5699358,1.5358567,-0.034079075,1400,1231,train
239,1.569935,1.5217791,-0.048155904,1400,1231,train
240,1.5699342,1.5181172,-0.05181706,1400,1231,train
241,1.5699335,1.5157689,-0.054164648,1400,1231,train
242,1.5699328,1.5370224,-0.032910466,1400,1231,train
243,1.569932,1.5143855,-0.055546522,1400,1231,train
244,1.5699313,1.5145108,-0.055420518,1400,1231,train
245,1.5699306,1.5069221,-0.06300843,1400,1231,train
246,1.5699297,1.5082598,-0.061669946,1400,1231,train
247,1.569929,1.5108244,-0.05910456,1400,1231,train
248,1.5699283,1.5035496,-0.06637871,1400,1231,train
249,1.5699276,1.5021675,-0.06776011,1400,1231,train
250,1.5699267,1.4977952,-0.072131515,1400,1231,train
251,1.569926,1.5017264,-0.068199635,1400,1231,train
252,1.5699252,1.5024575,-0.06746769,1400,1231,train
253,1.5699245,1.4903762,-0.07954824,1400,1231,train
254,1.5699238,1.4984994,-0.071424365,1400,1231,train
255,1.5699229,1.496596,-0.073326945,1400,1231,train
256,1.5699222,1.527377,-0.0425452,1400,1231,train
257,1.5699215,1.5320613,-0.037860155,1400,1231,train
258,1.5699207,1.5222144,-0.047706246,1400,1231,train
259,1.56992,1.5565267,-0.013393283,1400,1231,train
260,1.5699191,1.5289307,-0.040988445,1400,1231,train
261,1.5699184,1.5341678,-0.035750628,1400,1231,train
262,1.5699176,1.5234236,-0.046494007,1400,1231,train
263,1.5699168,1.5265462,-0.043370605,1400,1231,train
264,1.569916,1.5578014,-0.012114644,1400,1231,train
265,1.5699153,1.5468539,-0.023061395,1400,1231,train
266,1.5699145,1.5398955,-0.030018926,1400,1231,train
267,1.5699137,1.5380547,-0.03185904,1400,1231,train
268,1.5699129,1.5493779,-0.020534992,1400,1231,train
269,1.5699122,1.5450509,-0.024861336,1400,1231,train
270,1.5699114,1.5384686,-0.03144276,1400,1231,train
271,1.5699106,1.5316283,-0.038282394,1400,1231,train
272,1.5699098,1.538352,-0.0315578,1400,1231,train
273,1.569909,1.5277599,-0.042149067,1400,1231,train
274,1.5699083,1.5155861,-0.054322124,1400,1231,train
275,1.5699074,1.5524601,-0.017447352,1400,1231,train
276,1.5699066,1.5096481,-0.060258508,1400,1231,train
277,1.5699059,1.5428784,-0.027027488,1400,1231,train
278,1.569905,1.5186933,-0.051211715,1400,1231,train
279,1.5699042,1.5192292,-0.050675035,1400,1231,train
280,1.5699035,1.5117482,-0.0581553,1400,1231,train
281,1.5699027,1.5141643,-0.05573833,1400,1231,train
282,1.5699018,1.5091778,-0.06072402,1400,1231,train
283,1.5699011,1.5063477,-0.06355345,1400,1231,train
284,1.5699003,1.5304985,-0.03940177,1400,1231,train
285,1.5698994,1.5078046,-0.062094808,1400,1231,train
286,1.5698986,1.5096077,-0.060290933,1400,1231,train
287,1.5698979,1.5000308,-0.069867134,1400,1231,train
288,1.569897,1.5162435,-0.053653598,1400,1231,train
289,1.5698962,1.5150523,-0.054843903,1400,1231,train
290,1.5698954,1.5308139,-0.039081454,1400,1231,train
291,1.5698947,1.5371225,-0.032772183,1400,1231,train
292,1.5698938,1.5405298,-0.02936399,1400,1231,train
293,1.569893,1.5358055,-0.03408754,1400,1231,train
294,1.5698922,1.5224826,-0.047409534,1400,1231,train
295,1.5698913,1.5331553,-0.03673601,1400,1231,train
296,1.5698905,1.5207111,-0.049179435,1400,1231,train
297,1.5698897,1.5215002,-0.048389435,1400,1231,train
298,1.5698888,1.527084,-0.042804837,1400,1231,train
299,1.5698881,1.5041689,-0.06571925,1400,1231,train
300,1.5698873,1.518614,-0.051273227,1400,1231,train
301,1.5698864,1.5070269,-0.062859535,1400,1231,train
302,1.5698856,1.50483,-0.06505561,1400,1231,train
303,1.5698848,1.5057236,-0.06416118,1400,1231,train
304,1.569884,1.5547138,-0.015170097,1400,1231,train
305,1.5698831,1.5486915,-0.021191597,1400,1231,train
306,1.5698823,1.554993,-0.01488924,1400,1231,train
307,1.5698814,1.5609586,-0.008922815,1400,1231,train
308,1.5698806,1.5384842,-0.03139639,1400,1231,train
309,1.5698798,1.5231513,-0.04672849,1400,1231,train
310,1.5698789,1.547068,-0.022810936,1400,1231,train
311,1.5698781,1.5515864,-0.018291712,1400,1231,train
312,1.5698773,1.5340197,-0.03585756,1400,1231,train
313,1.5698763,1.5425394,-0.027336955,1400,1231,train
314,1.5698755,1.5378261,-0.032049417,1400,1231,train
315,1.5698746,1.5406001,-0.029274583,1400,1231,train
316,1.5698738,1.5551467,-0.014727116,1400,1231,train
317,1.569873,1.5454376,-0.024435401,1400,1231,train
318,1.5698721,1.5388231,-0.031049013,1400,1231,train
319,1.5698713,1.5380738,-0.03179753,1400,1231,train
320,1.5698704,1.5262265,-0.043643832,1400,1231,train
321,1.5698695,1.5312726,-0.03859687,1400,1231,train
322,1.5698687,1.546298,-0.023570657,1400,1231,train
323,1.5698678,1.5281157,-0.0417521,1400,1231,train
324,1.569867,1.5165766,-0.053290367,1400,1231,train
325,1.5698661,1.5282185,-0.041647553,1400,1231,train
326,1.5698652,1.537149,-0.032716274,1400,1231,train
327,1.5698644,1.5324173,-0.037447095,1400,1231,train
328,1.5698634,1.5351882,-0.03467524,1400,1231,train
329,1.5698626,1.5608473,-0.009015322,1400,1231,train
330,1.5698618,1.5360069,-0.033854842,1400,1231,train
331,1.5698608,1.520339,-0.049521804,1400,1231,train
332,1.56986,1.5062641,-0.06359589,1400,1231,train
333,1.5698591,1.5128212,-0.05703795,1400,1231,train
334,1.5698582,1.5060482,-0.06380999,1400,1231,train
335,1.5698574,1.4981154,-0.07174194,1400,1231,train
336,1.5698565,1.5119588,-0.057897687,1400,1231,train
337,1.5698556,1.5298711,-0.039984465,1400,1231,train
338,1.5698547,1.5343906,-0.035464168,1400,1231,train
339,1.5698538,1.5165883,-0.053265452,1400,1231,train
340,1.569853,1.5251698,-0.0446831,1400,1231,train
341,1.569852,1.5219846,-0.047867417,1400,1231,train
342,1.5698512,1.5062821,-0.06356907,1400,1231,train
343,1.5698502,1.498688,-0.071162224,1400,1231,train
344,1.5698494,1.5014744,-0.06837499,1400,1231,train
345,1.5698484,1.5527759,-0.017072558,1400,1231,train
346,1.5698476,1.508837,-0.0610106,1400,1231,train
347,1.5698466,1.5166652,-0.05318141,1400,1231,train
348,1.5698458,1.519073,-0.050772786,1400,1231,train
349,1.5698448,1.5237966,-0.046048284,1400,1231,train
350,1.5698439,1.5150247,-0.054819226,1400,1231,train
351,1.569843,1.5261223,-0.043720722,1400,1231,train
352,1.5698421,1.5261723,-0.04366982,1400,1231,train
353,1.5698413,1.5341228,-0.03571844,1400,1231,train
354,1.5698403,1.5338553,-0.035984993,1400,1231,train
355,1.5698394,1.5414474,-0.028391957,1400,1231,train
356,1.5698385,1.5370781,-0.03276038,1400,1231,train
357,1.5698376,1.5147446,-0.05509293,1400,1231,train
358,1.5698366,1.5006825,-0.06915414,1400,1231,train
359,1.5698357,1.528966,-0.040869713,1400,1231,train
360,1.5698348,1.5221014,-0.047733426,1400,1231,train
361,1.5698339,1.5372363,-0.03259754,1400,1231,train
362,1.5698329,1.524787,-0.045045972,1400,1231,train
363,1.569832,1.5031362,-0.06669581,1400,1231,train
364,1.5698311,1.5232612,-0.046569943,1400,1231,train
365,1.5698302,1.4918697,-0.07796049,1400,1231,train
366,1.5698292,1.5151653,-0.054663897,1400,1231,train
367,1.5698283,1.5168096,-0.05301869,1400,1231,train
368,1.5698273,1.513691,-0.05613637,1400,1231,train
369,1.5698264,1.5106021,-0.059224248,1400,1231,train
370,1.5698254,1.5195224,-0.050302982,1400,1231,train
371,1.5698245,1.5420899,-0.027734518,1400,1231,train
372,1.5698236,1.4937785,-0.076045156,1400,1231,train
373,1.5698227,1.5228585,-0.04696417,1400,1231,train
374,1.5698217,1.5182743,-0.051547408,1400,1231,train
375,1.5698208,1.5220827,-0.047738075,1400,1231,train
376,1.5698198,1.4985375,-0.07128227,1400,1231,train
377,1.5698189,1.5061854,-0.06363344,1400,1231,train
378,1.5698179,1.4969882,-0.07282972,1400,1231,train
379,1.569817,1.4754367,-0.09438026,1400,1231,train
380,1.569816,1.5026851,-0.06713092,1400,1231,train
381,1.5698149,1.4908587,-0.07895625,1400,1231,train
382,1.569814,1.4747548,-0.09505916,1400,1231,train
383,1.569813,1.467078,-0.10273504,1400,1231,train
384,1.569812,1.473906,-0.09590602,1400,1231,train
385,1.5698111,1.4958785,-0.07393265,1400,1231,train
386,1.5698102,1.4782016,-0.091608524,1400,1231,train
387,1.5698092,1.4954314,-0.074377775,1400,1231,train
388,1.5698081,1.4793477,-0.09046042,1400,1231,train
389,1.5698072,1.5054241,-0.06438303,1400,1231,train
390,1.5698062,1.4820279,-0.08777833,1400,1231,train
391,1.5698053,1.4877391,-0.08206618,1400,1231,train
392,1.5698043,1.5142154,-0.05558896,1400,1231,train
393,1.5698032,1.5218718,-0.047931433,1400,1231,train
394,1.5698023,1.5018165,-0.06798577,1400,1231,train
395,1.5698013,1.5149796,-0.05482173,1400,1231,train
396,1.5698003,1.5040952,-0.06570506,1400,1231,train
397,1.5697993,1.5014116,-0.06838775,1400,1231,train
398,1.5697984,1.477886,-0.09191239,1400,1231,train
399,1.5697973,1.4780308,-0.09176648,1400,1231,train
400,1.5697963,1.4664129,-0.10338342,1400,1231,train
401,1.5697954,1.475992,-0.093803406,1400,1231,train
402,1.5697943,1.4841467,-0.08564758,1400,1231,train
403,1.5697933,1.491808,-0.07798529,1400,1231,train
404,1.5697923,1.4804769,-0.089315414,1400,1231,train
405,1.5697913,1.488186,-0.081605315,1400,1231,train
406,1.5697902,1.4792876,-0.09050262,1400,1231,train
407,1.5697893,1.4803909,-0.089398384,1400,1231,train
408,1.5697882,1.469079,-0.1007092,1400,1231,train
409,1.5697873,1.46948,-0.100307226,1400,1231,train
410,1.5697862,1.478884,-0.09090221,1400,1231,train
411,1.5697852,1.4949484,-0.07483685,1400,1231,train
412,1.5697842,1.4953808,-0.074403405,1400,1231,train
413,1.5697832,1.4945114,-0.075271845,1400,1231,train
414,1.5697821,1.4913515,-0.07843065,1400,1231,train
415,1.5697811,1.481317,-0.08846402,1400,1231,train
416,1.5697801,1.4902923,-0.0794878,1400,1231,train
417,1.569779,1.4912415,-0.07853758,1400,1231,train
418,1.569778,1.4910381,-0.07873988,1400,1231,train
419,1.569777,1.4921145,-0.07766247,1400,1231,train
420,1.5697759,1.4836981,-0.08607781,1400,1231,train
421,1.5697749,1.4771163,-0.09265852,1400,1231,train
422,1.5697738,1.4853836,-0.08439016,1400,1231,train
423,1.5697728,1.4945519,-0.07522094,1400,1231,train
424,1.5697718,1.4973636,-0.0724082,1400,1231,train
425,1.5697707,1.4885817,-0.08118904,1400,1231,train
426,1.5697696,1.4796228,-0.09014678,1400,1231,train
427,1.5697685,1.4693763,-0.10039222,1400,1231,train
428,1.5697675,1.4756794,-0.09408808,1400,1231,train
429,1.5697664,1.4757726,-0.09399378,1400,1231,train
430,1.5697654,1.4772227,-0.09254277,1400,1231,train
431,1.5697644,1.4767663,-0.09299803,1400,1231,train
432,1.5697633,1.4731171,-0.09664619,1400,1231,train
433,1.5697622,1.4630848,-0.10667741,1400,1231,train
434,1.5697612,1.4862797,-0.08348143,1400,1231,train
435,1.5697601,1.5090518,-0.060708284,1400,1231,train
436,1.569759,1.4970158,-0.07274318,1400,1231,train
437,1.5697579,1.5064863,-0.06327164,1400,1231,train
438,1.5697569,1.4933493,-0.07640755,1400,1231,train
439,1.5697558,1.5246661,-0.04508972,1400,1231,train
440,1.5697547,1.4917713,-0.07798338,1400,1231,train
441,1.5697535,1.4969249,-0.07282865,1400,1231,train
442,1.5697525,1.5235474,-0.046205044,1400,1231,train
443,1.5697514,1.4992925,-0.07045889,1400,1231,train
444,1.5697503,1.5119448,-0.05780554,1400,1231,train
445,1.5697492,1.5217923,-0.047956944,1400,1231,train
446,1.5697482,1.4933624,-0.07638574,1400,1231,train
447,1.569747,1.4854581,-0.084288836,1400,1231,train
448,1.5697459,1.5101546,-0.059591293,1400,1231,train
449,1.5697448,1.5104425,-0.05930233,1400,1231,train
450,1.5697438,1.500893,-0.068850756,1400,1231,train
451,1.5697426,1.4905357,-0.079206824,1400,1231,train
452,1.5697415,1.5043242,-0.06541729,1400,1231,train
453,1.5697404,1.4993165,-0.07042396,1400,1231,train
454,1.5697392,1.508739,-0.061000228,1400,1231,train
455,1.5697381,1.5140713,-0.055666804,1400,1231,train
456,1.569737,1.5174446,-0.052292347,1400,1231,train
457,1.5697359,1.5136771,-0.056058764,1400,1231,train
458,1.5697348,1.5228434,-0.04689145,1400,1231,train
459,1.5697336,1.51402,-0.055713654,1400,1231,train
460,1.5697325,1.4912797,-0.078452826,1400,1231,train
461,1.5697314,1.5047479,-0.06498349,1400,1231,train
462,1.5697303,1.4924822,-0.0772481,1400,1231,train
463,1.5697291,1.5110871,-0.05864203,1400,1231,train
464,1.5697279,1.4965447,-0.07318318,1400,1231,train
465,1.5697268,1.5179856,-0.051741242,1400,1231,train
466,1.5697256,1.5067111,-0.06301451,1400,1231,train
467,1.5697246,1.5194736,-0.050251007,1400,1231,train
468,1.5697234,1.5128891,-0.05683422,1400,1231,train
469,1.5697222,1.5288332,-0.040889025,1400,1231,train
470,1.5697211,1.5095493,-0.060171843,1400,1231,train
471,1.5697199,1.5329182,-0.036801696,1400,1231,train
472,1.5697187,1.5187628,-0.05095589,1400,1231,train
473,1.5697175,1.5360004,-0.033717155,1400,1231,train
474,1.5697165,1.5282121,-0.041504383,1400,1231,train
475,1.5697153,1.5373901,-0.03232515,1400,1231,train
476,1.5697141,1.5382081,-0.031505942,1400,1231,train
477,1.5697129,1.5274923,-0.042220592,1400,1231,train
478,1.5697117,1.5287466,-0.04096508,1400,1231,train
479,1.5697105,1.5282452,-0.041465282,1400,1231,train
480,1.5697094,1.4866451,-0.08306432,1400,1231,train
481,1.5697082,1.4865313,-0.08317697,1400,1231,train
482,1.569707,1.500151,-0.069556,1400,1231,train
483,1.5697058,1.5072315,-0.06247437,1400,1231,train
484,1.5697047,1.5192714,-0.050433278,1400,1231,train
485,1.5697035,1.5052075,-0.06449592,1400,1231,train
486,1.5697023,1.5113088,-0.05839348,1400,1231,train
487,1.5697011,1.5174994,-0.05220163,1400,1231,train
488,1.5696999,1.5000803,-0.06961954,1400,1231,train
489,1.5696987,1.5096055,-0.060093164,1400,1231,train
490,1.5696974,1.5160269,-0.053670526,1400,1231,train
491,1.5696962,1.5113881,-0.058308125,1400,1231,train
492,1.569695,1.5087736,-0.06092143,1400,1231,train
493,1.5696938,1.5051726,-0.06452119,1400,1231,train
494,1.5696926,1.5196562,-0.05003643,1400,1231,train
495,1.5696913,1.5249538,-0.04473746,1400,1231,train
496,1.5696901,1.5332597,-0.03643036,1400,1231,train
497,1.5696889,1.521461,-0.048227906,1400,1231,train
498,1.5696877,1.5047593,-0.06492841,1400,1231,train
499,1.5696864,1.5049244,-0.064761996,1400,1231,train
500,1.5696852,1.5112938,-0.05839145,1400,1231,train
501,1.569684,1.5100701,-0.059613943,1400,1231,train
502,1.5696827,1.5323884,-0.03729427,1400,1231,train
503,1.5696815,1.5232823,-0.046399236,1400,1231,train
504,1.5696802,1.5134089,-0.056271315,1400,1231,train
505,1.569679,1.5100754,-0.059603572,1400,1231,train
506,1.5696777,1.5156864,-0.053991318,1400,1231,train
507,1.5696765,1.5271333,-0.042543173,1400,1231,train
508,1.5696752,1.5254227,-0.044252515,1400,1231,train
509,1.569674,1.5215039,-0.04817009,1400,1231,train
510,1.5696727,1.5164161,-0.05325663,1400,1231,train
511,1.5696715,1.5205092,-0.04916227,1400,1231,train
512,1.5696702,1.5009694,-0.06870079,1400,1231,train
513,1.5696689,1.4983773,-0.071291566,1400,1231,train
514,1.5696677,1.499501,-0.07016671,1400,1231,train
515,1.5696664,1.4978935,-0.07177293,1400,1231,train
516,1.5696651,1.5124347,-0.057230353,1400,1231,train
517,1.5696639,1.4949783,-0.07468557,1400,1231,train
518,1.5696626,1.5184575,-0.05120504,1400,1231,train
519,1.5696613,1.5153129,-0.05434835,1400,1231,train
520,1.56966,1.4989053,-0.07075465,1400,1231,train
521,1.5696586,1.510902,-0.05875659,1400,1231,train
522,1.5696573,1.5099239,-0.05973339,1400,1231,train
523,1.5696561,1.4988909,-0.07076526,1400,1231,train
524,1.5696548,1.5187664,-0.05088842,1400,1231,train
525,1.5696535,1.5003308,-0.069322705,1400,1231,train
526,1.5696522,1.5246868,-0.044965386,1400,1231,train
527,1.5696509,1.5280082,-0.041642666,1400,1231,train
528,1.5696496,1.500793,-0.0688566,1400,1231,train
529,1.5696483,1.5049187,-0.06472957,1400,1231,train
530,1.569647,1.5057113,-0.06393564,1400,1231,train
531,1.5696455,1.496614,-0.073031545,1400,1231,train
532,1.5696442,1.5264326,-0.04321158,1400,1231,train
533,1.5696429,1.4998882,-0.06975472,1400,1231,train
534,1.5696416,1.5069516,-0.06269002,1400,1231,train
535,1.5696403,1.5139176,-0.055722713,1400,1231,train
536,1.569639,1.5236986,-0.0459404,1400,1231,train
537,1.5696375,1.5048801,-0.06475747,1400,1231,train
538,1.5696362,1.514276,-0.055360198,1400,1231,train
539,1.5696349,1.5097771,-0.059857845,1400,1231,train
540,1.5696335,1.5095031,-0.060130358,1400,1231,train
541,1.5696322,1.5359395,-0.033692718,1400,1231,train
542,1.5696309,1.5513054,-0.018325448,1400,1231,train
543,1.5696294,1.5443466,-0.02528286,1400,1231,train
544,1.5696281,1.5319948,-0.0376333,1400,1231,train
545,1.5696267,1.5255523,-0.044074416,1400,1231,train
546,1.5696254,1.5277293,-0.041896105,1400,1231,train
547,1.569624,1.5027927,-0.06683123,1400,1231,train
548,1.5696226,1.522726,-0.046896577,1400,1231,train
549,1.5696212,1.5246917,-0.044929504,1400,1231,train
550,1.5696199,1.5387645,-0.030855417,1400,1231,train
551,1.5696185,1.5347627,-0.034855723,1400,1231,train
552,1.569617,1.5328535,-0.03676355,1400,1231,train
553,1.5696157,1.5125482,-0.057067513,1400,1231,train
554,1.5696143,1.5237322,-0.045882106,1400,1231,train
555,1.5696129,1.5133824,-0.056230426,1400,1231,train
556,1.5696115,1.5155694,-0.0540421,1400,1231,train
557,1.5696101,1.5358192,-0.033790946,1400,1231,train
558,1.5696087,1.5397787,-0.029829979,1400,1231,train
559,1.5696073,1.5304285,-0.03917873,1400,1231,train
560,1.5696058,1.5509944,-0.018611431,1400,1231,train
561,1.5696044,1.543443,-0.026161432,1400,1231,train
562,1.569603,1.5331684,-0.03643453,1400,1231,train
563,1.5696015,1.5283892,-0.04121232,1400,1231,train
564,1.5696001,1.531998,-0.037602067,1400,1231,train
565,1.5695987,1.5338113,-0.035787344,1400,1231,train
566,1.5695972,1.528547,-0.041050196,1400,1231,train
567,1.5695958,1.5442026,-0.025393248,1400,1231,train
568,1.5695944,1.5544554,-0.015138984,1400,1231,train
569,1.569593,1.5468248,-0.02276814,1400,1231,train
570,1.5695915,1.5640028,-0.00558877,1400,1231,train
571,1.5695901,1.5529814,-0.016608715,1400,1231,train
572,1.5695885,1.5478175,-0.021771073,1400,1231,train
573,1.5695871,1.5551022,-0.014484882,1400,1231,train
574,1.5695857,1.543463,-0.02612269,1400,1231,train
575,1.5695843,1.536742,-0.03284228,1400,1231,train
576,1.5695827,1.5572437,-0.012338996,1400,1231,train
577,1.5695813,1.549032,-0.020549297,1400,1231,train
578,1.5695798,1.5402174,-0.02936244,1400,1231,train
579,1.5695783,1.532464,-0.037114263,1400,1231,train
580,1.5695769,1.5429466,-0.026630282,1400,1231,train
581,1.5695753,1.5397127,-0.029862642,1400,1231,train
582,1.5695739,1.5506995,-0.018874407,1400,1231,train
583,1.5695723,1.5265054,-0.04306698,1400,1231,train
584,1.5695708,1.5311124,-0.038458347,1400,1231,train
585,1.5695693,1.5373768,-0.032192588,1400,1231,train
586,1.5695678,1.5352186,-0.034349203,1400,1231,train
587,1.5695664,1.542498,-0.027068377,1400,1231,train
588,1.5695648,1.5400256,-0.029539227,1400,1231,train
589,1.5695633,1.5348842,-0.034679055,1400,1231,train
590,1.5695617,1.5556568,-0.013904929,1400,1231,train
591,1.5695603,1.5471087,-0.02245164,1400,1231,train
592,1.5695587,1.5421616,-0.027397156,1400,1231,train
593,1.5695572,1.5459626,-0.023594618,1400,1231,train
594,1.5695556,1.5446723,-0.02488339,1400,1231,train
595,1.5695541,1.5414795,-0.028074622,1400,1231,train
596,1.5695525,1.541635,-0.027917504,1400,1231,train
597,1.569551,1.557566,-0.011984944,1400,1231,train
598,1.5695494,1.56191,-0.007639408,1400,1231,train
599,1.5695479,1.5371425,-0.032405376,1400,1231,train
600,1.5695463,1.5450035,-0.024542809,1400,1231,train
601,1.5695448,1.5497067,-0.019838095,1400,1231,train
602,1.5695432,1.5542202,-0.015323043,1400,1231,train
603,1.5695416,1.5444111,-0.02513051,1400,1231,train
604,1.56954,1.5501904,-0.019349575,1400,1231,train
605,1.5695385,1.5464908,-0.023047686,1400,1231,train
606,1.5695369,1.5594708,-0.010066152,1400,1231,train
607,1.5695353,1.5698291,0.0002938509,1400,1231,train
608,1.5695337,1.546972,-0.02256167,1400,1231,train
609,1.5695322,1.5657573,-0.0037748814,1400,1231,train
610,1.5695305,1.5585895,-0.010941029,1400,1231,train
611,1.5695289,1.5407207,-0.028808236,1400,1231,train
612,1.5695273,1.5436728,-0.025854468,1400,1231,train
613,1.5695257,1.5494701,-0.020055652,1400,1231,train
614,1.569524,1.5332448,-0.0362792,1400,1231,train
615,1.5695225,1.5384877,-0.031034827,1400,1231,train
616,1.5695208,1.5248035,-0.04471731,1400,1231,train
617,1.5695192,1.5244818,-0.04503739,1400,1231,train
618,1.5695176,1.5164769,-0.053040743,1400,1231,train
619,1.569516,1.5388389,-0.03067708,1400,1231,train
620,1.5695143,1.5332994,-0.03621483,1400,1231,train
621,1.5695126,1.5271589,-0.04235375,1400,1231,train
622,1.5695109,1.5350403,-0.034470677,1400,1231,train
623,1.5695093,1.5189861,-0.050523162,1400,1231,train
624,1.5695077,1.528322,-0.041185737,1400,1231,train
625,1.569506,1.5304782,-0.03902781,1400,1231,train
626,1.5695044,1.5178146,-0.051689744,1400,1231,train
627,1.5695027,1.536751,-0.03275168,1400,1231,train
628,1.569501,1.5240256,-0.045475483,1400,1231,train
629,1.5694993,1.5132004,-0.056298852,1400,1231,train
630,1.5694976,1.510566,-0.05893159,1400,1231,train
631,1.5694959,1.5106983,-0.058797598,1400,1231,train
632,1.5694942,1.5049725,-0.06452179,1400,1231,train
633,1.5694926,1.5074289,-0.062063694,1400,1231,train
634,1.5694908,1.5088109,-0.060679913,1400,1231,train
635,1.5694891,1.514182,-0.05530715,1400,1231,train
636,1.5694875,1.5203052,-0.049182296,1400,1231,train
637,1.5694857,1.5299337,-0.039551973,1400,1231,train
638,1.569484,1.5283316,-0.041152358,1400,1231,train
639,1.5694823,1.5219222,-0.047560096,1400,1231,train
640,1.5694805,1.5415301,-0.027950406,1400,1231,train
641,1.5694788,1.5191301,-0.05034864,1400,1231,train
642,1.5694771,1.5466623,-0.02281475,1400,1231,train
643,1.5694753,1.5253767,-0.044098616,1400,1231,train
644,1.5694736,1.5392612,-0.030212402,1400,1231,train
645,1.5694718,1.5289328,-0.040539026,1400,1231,train
646,1.56947,1.5364736,-0.032996416,1400,1231,train
647,1.5694683,1.5403758,-0.029092431,1400,1231,train
648,1.5694666,1.5365986,-0.032868028,1400,1231,train
649,1.5694648,1.5327276,-0.036737204,1400,1231,train
650,1.569463,1.5353947,-0.034068346,1400,1231,train
651,1.5694612,1.529793,-0.039668202,1400,1231,train
652,1.5694594,1.5236675,-0.045791984,1400,1231,train
653,1.5694577,1.5250599,-0.04439771,1400,1231,train
654,1.5694559,1.529474,-0.039981842,1400,1231,train
655,1.5694541,1.5185288,-0.050925255,1400,1231,train
656,1.5694523,1.5337399,-0.03571236,1400,1231,train
657,1.5694504,1.5296918,-0.039758563,1400,1231,train
658,1.5694486,1.5376217,-0.031826854,1400,1231,train
659,1.5694468,1.5408627,-0.028584123,1400,1231,train
660,1.569445,1.5373429,-0.032102108,1400,1231,train
661,1.5694431,1.5415245,-0.027918577,1400,1231,train
662,1.5694413,1.5372363,-0.032204986,1400,1231,train
663,1.5694395,1.5380168,-0.031422734,1400,1231,train
664,1.5694376,1.5297445,-0.039693117,1400,1231,train
665,1.5694358,1.5171735,-0.052262306,1400,1231,train
666,1.5694339,1.5326794,-0.03675449,1400,1231,train
667,1.569432,1.5373038,-0.032128215,1400,1231,train
668,1.5694302,1.5065093,-0.06292093,1400,1231,train
669,1.5694283,1.5179027,-0.051525593,1400,1231,train
670,1.5694264,1.5162438,-0.053182602,1400,1231,train
671,1.5694246,1.5133663,-0.056058288,1400,1231,train
672,1.5694227,1.5174787,-0.051944017,1400,1231,train
673,1.5694208,1.5028654,-0.06655538,1400,1231,train
674,1.5694189,1.5119684,-0.057450533,1400,1231,train
675,1.569417,1.5269927,-0.04242432,1400,1231,train
676,1.5694151,1.5101744,-0.0592407,1400,1231,train
677,1.5694132,1.5192205,-0.050192714,1400,1231,train
678,1.5694113,1.5169656,-0.05244565,1400,1231,train
679,1.5694094,1.498575,-0.0708344,1400,1231,train
680,1.5694075,1.5097758,-0.059631705,1400,1231,train
681,1.5694056,1.5148137,-0.054591894,1400,1231,train
682,1.5694035,1.5127451,-0.056658387,1400,1231,train
683,1.5694016,1.4919142,-0.07748747,1400,1231,train
684,1.5693997,1.5143714,-0.05502832,1400,1231,train
685,1.5693977,1.50736,-0.062037706,1400,1231,train
686,1.5693958,1.4919882,-0.0774076,1400,1231,train
687,1.5693938,1.4981415,-0.07125223,1400,1231,train
688,1.5693918,1.4979806,-0.07141125,1400,1231,train
689,1.5693898,1.4914993,-0.077890515,1400,1231,train
690,1.5693879,1.4900302,-0.07935774,1400,1231,train
691,1.5693859,1.4890231,-0.0803628,1400,1231,train
692,1.5693839,1.4889867,-0.08039713,1400,1231,train
693,1.569382,1.5007509,-0.06863105,1400,1231,train
694,1.5693799,1.5023817,-0.06699824,1400,1231,train
695,1.5693779,1.5033138,-0.06606412,1400,1231,train
696,1.5693759,1.4998354,-0.0695405,1400,1231,train
697,1.5693738,1.500143,-0.069230795,1400,1231,train
698,1.5693718,1.5028088,-0.06656301,1400,1231,train
699,1.5693698,1.508133,-0.06123674,1400,1231,train
700,1.5693678,1.5181549,-0.051212907,1400,1231,train
701,1.5693657,1.5024266,-0.066939116,1400,1231,train
702,1.5693637,1.5144954,-0.05486834,1400,1231,train
703,1.5693616,1.5021254,-0.067236185,1400,1231,train
704,1.5693595,1.4991482,-0.07021129,1400,1231,train
705,1.5693575,1.4981356,-0.07122195,1400,1231,train
706,1.5693554,1.5041093,-0.065246105,1400,1231,train
707,1.5693533,1.5125287,-0.056824684,1400,1231,train
708,1.5693512,1.4914776,-0.07787359,1400,1231,train
709,1.5693492,1.4828138,-0.086535335,1400,1231,train
710,1.569347,1.4867477,-0.08259928,1400,1231,train
711,1.569345,1.5094981,-0.059846878,1400,1231,train
712,1.5693429,1.5154319,-0.05391097,1400,1231,train
713,1.5693407,1.5114421,-0.05789864,1400,1231,train
714,1.5693386,1.5137922,-0.055546403,1400,1231,train
715,1.5693364,1.51051,-0.058826447,1400,1231,train
716,1.5693344,1.4981093,-0.07122505,1400,1231,train
717,1.5693322,1.5040002,-0.065332055,1400,1231,train
718,1.5693301,1.4953592,-0.073970914,1400,1231,train
719,1.569328,1.4964775,-0.072850466,1400,1231,train
720,1.5693257,1.5202502,-0.049075484,1400,1231,train
721,1.5693235,1.5046853,-0.06463826,1400,1231,train
722,1.5693214,1.5099044,-0.05941701,1400,1231,train
723,1.5693192,1.5187751,-0.050544143,1400,1231,train
724,1.569317,1.5023296,-0.066987395,1400,1231,train
725,1.5693148,1.5019102,-0.06740463,1400,1231,train
726,1.5693127,1.4777282,-0.091584444,1400,1231,train
727,1.5693104,1.4859691,-0.08334136,1400,1231,train
728,1.5693083,1.4909271,-0.07838118,1400,1231,train
729,1.569306,1.4902747,-0.07903135,1400,1231,train
730,1.5693038,1.5036129,-0.065690875,1400,1231,train
731,1.5693016,1.4920824,-0.07721925,1400,1231,train
732,1.5692993,1.4927258,-0.07657349,1400,1231,train
733,1.5692971,1.4888092,-0.08048785,1400,1231,train
734,1.5692948,1.4856203,-0.08367455,1400,1231,train
735,1.5692925,1.4984858,-0.07080674,1400,1231,train
736,1.5692903,1.4798336,-0.08945668,1400,1231,train
737,1.569288,1.4704529,-0.09883511,1400,1231,train
738,1.5692858,1.47608,-0.09320581,1400,1231,train
739,1.5692835,1.4774976,-0.09178591,1400,1231,train
740,1.5692812,1.4712831,-0.09799814,1400,1231,train
741,1.5692788,1.4612787,-0.10800016,1400,1231,train
742,1.5692766,1.4707713,-0.09850526,1400,1231,train
743,1.5692743,1.4739256,-0.095348716,1400,1231,train
744,1.5692719,1.4594759,-0.10979605,1400,1231,train
745,1.5692697,1.4669064,-0.10236323,1400,1231,train
746,1.5692673,1.4629138,-0.10635352,1400,1231,train
747,1.5692649,1.4619613,-0.10730362,1400,1231,train
748,1.5692626,1.4574801,-0.11178255,1400,1231,train
749,1.5692602,1.4636228,-0.10563743,1400,1231,train
750,1.5692579,1.4650717,-0.10418618,1400,1231,train
751,1.5692555,1.4683737,-0.100881815,1400,1231,train
752,1.5692531,1.4584782,-0.110774875,1400,1231,train
753,1.5692507,1.4583958,-0.110854864,1400,1231,train
754,1.5692483,1.4716067,-0.09764159,1400,1231,train
755,1.5692459,1.4533544,-0.115891576,1400,1231,train
756,1.5692436,1.4516664,-0.117577195,1400,1231,train
757,1.5692412,1.4549226,-0.11431861,1400,1231,train
758,1.5692387,1.4653696,-0.10386908,1400,1231,train
759,1.5692363,1.4557906,-0.11344564,1400,1231,train
760,1.5692338,1.4620206,-0.10721314,1400,1231,train
761,1.5692314,1.4655815,-0.103649855,1400,1231,train
762,1.5692289,1.4601341,-0.10909474,1400,1231,train
763,1.5692265,1.4500263,-0.11920023,1400,1231,train
764,1.569224,1.4596212,-0.10960281,1400,1231,train
765,1.5692215,1.4712324,-0.09798908,1400,1231,train
766,1.569219,1.471505,-0.09771395,1400,1231,train
767,1.5692165,1.4755714,-0.093645096,1400,1231,train
768,1.5692141,1.4665432,-0.10267091,1400,1231,train
769,1.5692115,1.4572276,-0.111983895,1400,1231,train
770,1.569209,1.4651321,-0.10407686,1400,1231,train
771,1.5692065,1.4621477,-0.10705876,1400,1231,train
772,1.569204,1.4591603,-0.110043645,1400,1231,train
773,1.5692015,1.461936,-0.10726547,1400,1231,train
774,1.5691988,1.4336518,-0.13554704,1400,1231,train
775,1.5691963,1.4474032,-0.12179315,1400,1231,train
776,1.5691937,1.443429,-0.12576473,1400,1231,train
777,1.5691912,1.4389,-0.13029122,1400,1231,train
778,1.5691886,1.4374326,-0.13175595,1400,1231,train
779,1.569186,1.4466596,-0.12252641,1400,1231,train
780,1.5691835,1.4544901,-0.1146934,1400,1231,train
781,1.5691808,1.4603193,-0.108861566,1400,1231,train
782,1.5691782,1.4510684,-0.11810982,1400,1231,train
783,1.5691756,1.4644114,-0.10476422,1400,1231,train
784,1.569173,1.4465926,-0.12258041,1400,1231,train
785,1.5691704,1.4484624,-0.12070799,1400,1231,train
786,1.5691676,1.4444185,-0.124749064,1400,1231,train
787,1.569165,1.4381553,-0.1310097,1400,1231,train
788,1.5691624,1.4297943,-0.13936806,1400,1231,train
789,1.5691596,1.4400036,-0.129156,1400,1231,train
790,1.569157,1.4304606,-0.13869643,1400,1231,train
791,1.5691543,1.4375606,-0.1315937,1400,1231,train
792,1.5691516,1.4368957,-0.13225591,1400,1231,train
793,1.5691489,1.4398917,-0.1292572,1400,1231,train
794,1.5691462,1.4344494,-0.13469672,1400,1231,train
795,1.5691434,1.433938,-0.13520539,1400,1231,train
796,1.5691407,1.4372792,-0.13186145,1400,1231,train
797,1.5691379,1.4422818,-0.12685609,1400,1231,train
798,1.5691352,1.4507794,-0.11835575,1400,1231,train
799,1.5691324,1.4513066,-0.117825866,1400,1231,train
800,1.5691297,1.4550556,-0.11407411,1400,1231,train
801,1.5691268,1.4574705,-0.11165631,1400,1231,train
802,1.5691241,1.4605291,-0.10859501,1400,1231,train
803,1.5691212,1.4503261,-0.11879516,1400,1231,train
804,1.5691185,1.4627402,-0.10637832,1400,1231,train
805,1.5691156,1.4658885,-0.10322714,1400,1231,train
806,1.5691128,1.4581504,-0.11096239,1400,1231,train
807,1.56911,1.4526947,-0.11641538,1400,1231,train
808,1.5691072,1.4243895,-0.1447177,1400,1231,train
809,1.5691043,1.43277,-0.1363343,1400,1231,train
810,1.5691015,1.4407128,-0.12838864,1400,1231,train
811,1.5690986,1.4277571,-0.14134145,1400,1231,train
812,1.5690956,1.4370521,-0.13204348,1400,1231,train
813,1.5690928,1.4310887,-0.13800406,1400,1231,train
814,1.5690899,1.4377612,-0.1313287,1400,1231,train
815,1.5690869,1.4310195,-0.13806736,1400,1231,train
816,1.569084,1.4336832,-0.13540089,1400,1231,train
817,1.5690811,1.442454,-0.12662709,1400,1231,train
818,1.5690781,1.4357061,-0.13337195,1400,1231,train
819,1.5690751,1.4325206,-0.13655448,1400,1231,train
820,1.5690722,1.4248244,-0.14424789,1400,1231,train
821,1.5690693,1.4222116,-0.14685762,1400,1231,train
822,1.5690662,1.4171507,-0.15191543,1400,1231,train
823,1.5690632,1.4207765,-0.1482867,1400,1231,train
824,1.5690602,1.4132811,-0.15577912,1400,1231,train
825,1.5690572,1.4067552,-0.16230202,1400,1231,train
826,1.5690541,1.4215673,-0.1474868,1400,1231,train
827,1.5690511,1.4182715,-0.1507796,1400,1231,train
828,1.569048,1.4267347,-0.14231336,1400,1231,train
829,1.5690451,1.4247475,-0.1442976,1400,1231,train
830,1.569042,1.4186647,-0.15037727,1400,1231,train
831,1.5690389,1.4235902,-0.14544868,1400,1231,train
832,1.5690358,1.4283807,-0.14065504,1400,1231,train
833,1.5690327,1.4368997,-0.132133,1400,1231,train
834,1.5690296,1.4326763,-0.13635325,1400,1231,train
835,1.5690265,1.4279286,-0.1410979,1400,1231,train
836,1.5690233,1.4385998,-0.13042343,1400,1231,train
837,1.5690202,1.4343767,-0.13464344,1400,1231,train
838,1.5690169,1.4466827,-0.12233424,1400,1231,train
839,1.5690138,1.4425249,-0.12648892,1400,1231,train
840,1.5690106,1.4440207,-0.12498987,1400,1231,train
841,1.5690074,1.4334639,-0.13554347,1400,1231,train
842,1.5690042,1.4353373,-0.13366687,1400,1231,train
843,1.569001,1.435239,-0.133762,1400,1231,train
844,1.5689977,1.433966,-0.1350317,1400,1231,train
845,1.5689945,1.4427094,-0.12628508,1400,1231,train
846,1.5689913,1.442265,-0.12672627,1400,1231,train
847,1.568988,1.4496759,-0.11931205,1400,1231,train
848,1.5689847,1.4607058,-0.10827899,1400,1231,train
849,1.5689814,1.4502294,-0.118752,1400,1231,train
850,1.5689782,1.4542773,-0.11470091,1400,1231,train
851,1.5689749,1.4585743,-0.11040056,1400,1231,train
852,1.5689715,1.4554279,-0.11354363,1400,1231,train
853,1.5689682,1.4378918,-0.13107634,1400,1231,train
854,1.5689648,1.4495338,-0.11943102,1400,1231,train
855,1.5689615,1.4479562,-0.1210053,1400,1231,train
856,1.568958,1.4397626,-0.12919545,1400,1231,train
857,1.5689547,1.4385545,-0.13040018,1400,1231,train
858,1.5689514,1.4553599,-0.11359143,1400,1231,train
859,1.5689479,1.4350642,-0.13388371,1400,1231,train
860,1.5689445,1.43909,-0.12985444,1400,1231,train
861,1.568941,1.4468759,-0.12206507,1400,1231,train
862,1.5689375,1.4416318,-0.12730575,1400,1231,train
863,1.5689341,1.435905,-0.1330291,1400,1231,train
864,1.5689306,1.4765971,-0.092333555,1400,1231,train
865,1.5689272,1.4749992,-0.09392798,1400,1231,train
866,1.5689237,1.4696687,-0.099254966,1400,1231,train
867,1.5689201,1.4764233,-0.09249687,1400,1231,train
868,1.5689167,1.455573,-0.113343716,1400,1231,train
869,1.5689131,1.4574502,-0.11146295,1400,1231,train
870,1.5689095,1.4671848,-0.101724744,1400,1231,train
871,1.568906,1.4821621,-0.08674383,1400,1231,train
872,1.5689024,1.4860439,-0.08285844,1400,1231,train
873,1.5688988,1.4731418,-0.09575701,1400,1231,train
874,1.5688952,1.4718958,-0.09699941,1400,1231,train
875,1.5688915,1.4886793,-0.080212235,1400,1231,train
876,1.568888,1.4881262,-0.08076179,1400,1231,train
877,1.5688843,1.4924,-0.0764842,1400,1231,train
878,1.5688807,1.4811602,-0.08772051,1400,1231,train
879,1.568877,1.4744803,-0.09439671,1400,1231,train
880,1.5688733,1.4932927,-0.0755806,1400,1231,train
881,1.5688696,1.4826171,-0.08625245,1400,1231,train
882,1.5688658,1.4905825,-0.07828331,1400,1231,train
883,1.5688621,1.4855943,-0.08326781,1400,1231,train
884,1.5688584,1.4928508,-0.076007605,1400,1231,train
885,1.5688546,1.4783487,-0.09050584,1400,1231,train
886,1.5688508,1.4762475,-0.09260321,1400,1231,train
887,1.5688471,1.4737837,-0.09506333,1400,1231,train
888,1.5688432,1.4664993,-0.10234392,1400,1231,train
889,1.5688394,1.4734583,-0.09538114,1400,1231,train
890,1.5688355,1.4803591,-0.08847642,1400,1231,train
891,1.5688317,1.469796,-0.09903574,1400,1231,train
892,1.5688279,1.4580375,-0.11079037,1400,1231,train
893,1.5688239,1.4580715,-0.11075246,1400,1231,train
894,1.56882,1.4649725,-0.1038475,1400,1231,train
895,1.5688162,1.4652414,-0.10357475,1400,1231,train
896,1.5688123,1.44336,-0.12545228,1400,1231,train
897,1.5688083,1.4310405,-0.13776779,1400,1231,train
898,1.5688043,1.4356353,-0.13316894,1400,1231,train
899,1.5688003,1.4407965,-0.12800384,1400,1231,train
900,1.5687963,1.4251007,-0.1436956,1400,1231,train
901,1.5687923,1.418945,-0.14984739,1400,1231,train
902,1.5687883,1.4211656,-0.1476227,1400,1231,train
903,1.5687842,1.4244354,-0.14434886,1400,1231,train
904,1.5687802,1.4232771,-0.14550304,1400,1231,train
905,1.5687761,1.4264927,-0.14228344,1400,1231,train
906,1.5687721,1.4378661,-0.13090599,1400,1231,train
907,1.5687679,1.4455175,-0.123250365,1400,1231,train
908,1.5687639,1.4148147,-0.15394914,1400,1231,train
909,1.5687597,1.4275041,-0.14125562,1400,1231,train
910,1.5687555,1.4272871,-0.1414684,1400,1231,train
911,1.5687513,1.4241741,-0.14457726,1400,1231,train
912,1.5687472,1.4303277,-0.13841951,1400,1231,train
913,1.568743,1.4205512,-0.14819181,1400,1231,train
914,1.5687387,1.412574,-0.15616465,1400,1231,train
915,1.5687345,1.4276893,-0.14104521,1400,1231,train
916,1.5687302,1.429862,-0.13886821,1400,1231,train
917,1.568726,1.4235108,-0.14521515,1400,1231,train
918,1.5687217,1.4226147,-0.14610696,1400,1231,train
919,1.5687174,1.4207914,-0.14792597,1400,1231,train
920,1.568713,1.431351,-0.137362,1400,1231,train
921,1.5687087,1.4367572,-0.13195145,1400,1231,train
922,1.5687042,1.4359034,-0.13280082,1400,1231,train
923,1.5686998,1.4368578,-0.13184202,1400,1231,train
924,1.5686955,1.4289432,-0.13975239,1400,1231,train
925,1.568691,1.4291273,-0.13956368,1400,1231,train
926,1.5686866,1.4198604,-0.14882624,1400,1231,train
927,1.5686822,1.4333277,-0.13535452,1400,1231,train
928,1.5686777,1.4251548,-0.14352286,1400,1231,train
929,1.5686731,1.4417815,-0.12689161,1400,1231,train
930,1.5686687,1.4377542,-0.13091457,1400,1231,train
931,1.5686642,1.4353592,-0.13330495,1400,1231,train
932,1.5686595,1.4476476,-0.12101197,1400,1231,train
933,1.568655,1.4342065,-0.13444853,1400,1231,train
934,1.5686504,1.4367858,-0.13186455,1400,1231,train
935,1.5686458,1.4391232,-0.12952268,1400,1231,train
936,1.5686412,1.4390082,-0.12963295,1400,1231,train
937,1.5686365,1.4544247,-0.1142118,1400,1231,train
938,1.5686319,1.43317,-0.13546193,1400,1231,train
939,1.5686271,1.4392523,-0.12937486,1400,1231,train
940,1.5686225,1.4483502,-0.12027228,1400,1231,train
941,1.5686177,1.4565471,-0.11207056,1400,1231,train
942,1.5686129,1.4508961,-0.11771679,1400,1231,train
943,1.5686082,1.4548359,-0.11377227,1400,1231,train
944,1.5686034,1.4695728,-0.099030614,1400,1231,train
945,1.5685985,1.4747894,-0.09380913,1400,1231,train
946,1.5685937,1.4796112,-0.08898258,1400,1231,train
947,1.5685889,1.4753566,-0.093232274,1400,1231,train
948,1.568584,1.4694502,-0.09913373,1400,1231,train
949,1.5685791,1.4763365,-0.0922426,1400,1231,train
950,1.5685741,1.47562,-0.09295404,1400,1231,train
951,1.5685692,1.4608967,-0.10767245,1400,1231,train
952,1.5685642,1.4839896,-0.08457458,1400,1231,train
953,1.5685592,1.500466,-0.06809318,1400,1231,train
954,1.5685542,1.4894593,-0.07909489,1400,1231,train
955,1.5685492,1.50436,-0.064189196,1400,1231,train
956,1.568544,1.5026729,-0.06587112,1400,1231,train
957,1.568539,1.4951544,-0.07338464,1400,1231,train
958,1.5685339,1.4908588,-0.077675104,1400,1231,train
959,1.5685288,1.5035523,-0.064976454,1400,1231,train
960,1.5685236,1.5092595,-0.059264183,1400,1231,train
961,1.5685184,1.5174814,-0.051036954,1400,1231,train
962,1.5685133,1.5187682,-0.049745083,1400,1231,train
963,1.568508,1.5095366,-0.058971405,1400,1231,train
964,1.5685028,1.5089078,-0.05959499,1400,1231,train
965,1.5684975,1.5057298,-0.062767744,1400,1231,train
966,1.5684922,1.5209272,-0.047564983,1400,1231,train
967,1.5684868,1.524018,-0.04446876,1400,1231,train
968,1.5684816,1.5062008,-0.062280774,1400,1231,train
969,1.5684762,1.5064131,-0.062063098,1400,1231,train
970,1.5684707,1.5042818,-0.06418896,1400,1231,train
971,1.5684654,1.5108236,-0.057641745,1400,1231,train
972,1.5684599,1.5033875,-0.06507242,1400,1231,train
973,1.5684544,1.5063865,-0.062067866,1400,1231,train
974,1.5684489,1.5108106,-0.057638288,1400,1231,train
975,1.5684434,1.5009043,-0.067539096,1400,1231,train
976,1.5684378,1.5066779,-0.06175995,1400,1231,train
977,1.5684322,1.5048809,-0.06355131,1400,1231,train
978,1.5684266,1.5016627,-0.06676388,1400,1231,train
979,1.568421,1.4917583,-0.07666266,1400,1231,train
980,1.5684154,1.5004809,-0.06793451,1400,1231,train
981,1.5684097,1.4945916,-0.07381809,1400,1231,train
982,1.568404,1.4804878,-0.087916136,1400,1231,train
983,1.5683982,1.4978324,-0.07056582,1400,1231,train
984,1.5683925,1.481273,-0.08711946,1400,1231,train
985,1.5683867,1.4770737,-0.091313004,1400,1231,train
986,1.5683808,1.4754776,-0.09290326,1400,1231,train
987,1.568375,1.4819176,-0.08645737,1400,1231,train
988,1.5683692,1.4814458,-0.08692336,1400,1231,train
989,1.5683632,1.4612434,-0.1071198,1400,1231,train
990,1.5683573,1.4678941,-0.10046327,1400,1231,train
991,1.5683514,1.4656136,-0.102737784,1400,1231,train
992,1.5683453,1.4465216,-0.12182367,1400,1231,train
993,1.5683393,1.4447167,-0.123622656,1400,1231,train
994,1.5683333,1.4456853,-0.122648,1400,1231,train
995,1.5683272,1.4371649,-0.13116229,1400,1231,train
996,1.5683211,1.4401277,-0.12819338,1400,1231,train
997,1.5683149,1.4401207,-0.12819421,1400,1231,train
998,1.5683087,1.448119,-0.12018967,1400,1231,train
999,1.5683025,1.4362745,-0.13202798,1400,1231,train
1000,1.5682963,1.4215783,-0.14671803,1400,1231,train
1001,1.5682901,1.4206878,-0.14760232,1400,1231,train
1002,1.5682838,1.4130405,-0.15524328,1400,1231,train
1003,1.5682775,1.4208419,-0.14743555,1400,1231,train
1004,1.568271,1.4174452,-0.15082586,1400,1231,train
1005,1.5682647,1.391343,-0.17692173,1400,1231,train
1006,1.5682583,1.3848774,-0.18338084,1400,1231,train
1007,1.5682518,1.4015498,-0.16670203,1400,1231,train
1008,1.5682453,1.2954518,-0.27279353,1400,1231,train
1009,1.5682387,1.2934449,-0.27479386,1400,1231,train
1010,1.5682322,1.2694962,-0.29873598,1400,1231,train
1011,1.5682256,1.2998625,-0.26836312,1400,1231,train
1012,1.5682191,1.2772249,-0.29099417,1400,1231,train
1013,1.5682124,1.2876751,-0.28053725,1400,1231,train
1014,1.5682057,1.2782168,-0.28998888,1400,1231,train
1015,1.5681989,1.2783993,-0.28979957,1400,1231,train
1016,1.5681921,1.280432,-0.28776014,1400,1231,train
1017,1.5681853,1.2813991,-0.2867862,1400,1231,train
1018,1.5681785,1.2412328,-0.32694578,1400,1231,train
1019,1.5681716,1.2270515,-0.34112012,1400,1231,train
1020,1.5681647,1.2320954,-0.33606935,1400,1231,train
1021,1.5681578,1.2691457,-0.29901206,1400,1231,train
1022,1.5681509,1.2624948,-0.30565608,1400,1231,train
1023,1.5681438,1.2637279,-0.30441594,1400,1231,train
1024,1.5681368,1.2941046,-0.27403224,1400,1231,train
1025,1.5681297,1.298263,-0.2698667,1400,1231,train
1026,1.5681225,1.3177392,-0.25038326,1400,1231,train
1027,1.5681154,1.3019524,-0.266163,1400,1231,train
1028,1.5681082,1.2774878,-0.29062045,1400,1231,train
1029,1.5681009,1.2742642,-0.2938367,1400,1231,train
1030,1.5680937,1.2217307,-0.34636295,1400,1231,train
1031,1.5680863,1.3174639,-0.2506224,1400,1231,train
1032,1.568079,1.2273378,-0.34074116,1400,1231,train
1033,1.5680715,1.2523721,-0.31569934,1400,1231,train
1034,1.5680641,1.2333086,-0.33475554,1400,1231,train
1035,1.5680566,1.1985264,-0.3695302,1400,1231,train
1036,1.5680491,1.2172376,-0.35081148,1400,1231,train
1037,1.5680416,1.218761,-0.3492806,1400,1231,train
1038,1.5680339,1.1966693,-0.3713646,1400,1231,train
1039,1.5680263,1.1547754,-0.41325092,1400,1231,train
1040,1.5680186,1.106611,-0.46140754,1400,1231,train
1041,1.5680108,1.1675507,-0.40046012,1400,1231,train
1042,1.568003,1.1245441,-0.4434589,1400,1231,train
1043,1.5679952,1.1123018,-0.45569336,1400,1231,train
1044,1.5679873,1.1369065,-0.43108082,1400,1231,train
1045,1.5679795,1.1733251,-0.3946544,1400,1231,train
1046,1.5679715,1.1712319,-0.3967396,1400,1231,train
1047,1.5679635,1.1580719,-0.4098916,1400,1231,train
1048,1.5679554,1.2696457,-0.29830968,1400,1231,train
1049,1.5679474,1.270457,-0.29749036,1400,1231,train
1050,1.5679392,1.2217264,-0.34621274,1400,1231,train
1051,1.567931,1.2721987,-0.29573238,1400,1231,train
1052,1.5679228,1.2581245,-0.30979836,1400,1231,train
1053,1.5679145,1.2566571,-0.31125736,1400,1231,train
1054,1.5679061,1.2418139,-0.32609224,1400,1231,train
1055,1.5678978,1.1752464,-0.39265144,1400,1231,train
1056,1.5678893,1.2690905,-0.2987988,1400,1231,train
1057,1.5678809,1.2847726,-0.28310823,1400,1231,train
1058,1.5678724,1.2482613,-0.31961107,1400,1231,train
1059,1.5678638,1.2075707,-0.36029315,1400,1231,train
1060,1.5678551,1.1393975,-0.42845762,1400,1231,train
1061,1.5678465,1.1729298,-0.39491677,1400,1231,train
1062,1.5678377,1.2139571,-0.35388064,1400,1231,train
1063,1.567829,1.2173817,-0.3504473,1400,1231,train
1064,1.5678202,1.279757,-0.28806317,1400,1231,train
1065,1.5678113,1.2882183,-0.279593,1400,1231,train
1066,1.5678023,1.2897549,-0.27804744,1400,1231,train
1067,1.5677934,1.250006,-0.3177874,1400,1231,train
1068,1.5677843,1.2623587,-0.30542564,1400,1231,train
1069,1.5677751,1.2640766,-0.30369854,1400,1231,train
1070,1.5677661,1.274195,-0.2935711,1400,1231,train
1071,1.5677568,1.2574861,-0.31027067,1400,1231,train
1072,1.5677476,1.3101904,-0.25755715,1400,1231,train
1073,1.5677382,1.3228874,-0.24485075,1400,1231,train
1074,1.5677289,1.3205942,-0.24713469,1400,1231,train
1075,1.5677195,1.3329015,-0.23481798,1400,1231,train
1076,1.5677099,1.2922037,-0.27550626,1400,1231,train
1077,1.5677004,1.3250877,-0.24261272,1400,1231,train
1078,1.5676907,1.3254145,-0.24227619,1400,1231,train
1079,1.5676811,1.288991,-0.2786901,1400,1231,train
1080,1.5676713,1.333943,-0.23372829,1400,1231,train
1081,1.5676615,1.3406367,-0.2270248,1400,1231,train
1082,1.5676516,1.3432543,-0.2243973,1400,1231,train
1083,1.5676417,1.3245622,-0.24307954,1400,1231,train
1084,1.5676317,1.34095,-0.22668171,1400,1231,train
1085,1.5676217,1.3279811,-0.2396406,1400,1231,train
1086,1.5676116,1.3175666,-0.25004494,1400,1231,train
1087,1.5676014,1.3272479,-0.24035358,1400,1231,train
1088,1.5675912,1.3274202,-0.24017096,1400,1231,train
1089,1.5675809,1.334279,-0.233302,1400,1231,train
1090,1.5675706,1.324409,-0.24316156,1400,1231,train
1091,1.5675601,1.3318458,-0.23571432,1400,1231,train
1092,1.5675496,1.3133738,-0.25417578,1400,1231,train
1093,1.567539,1.3119869,-0.25555205,1400,1231,train
1094,1.5675284,1.3214595,-0.24606884,1400,1231,train
1095,1.5675176,1.3350954,-0.23242223,1400,1231,train
1096,1.5675069,1.3297224,-0.2377845,1400,1231,train
1097,1.5674961,1.3324329,-0.2350632,1400,1231,train
1098,1.5674851,1.3294779,-0.23800719,1400,1231,train
1099,1.5674741,1.3045301,-0.26294398,1400,1231,train
1100,1.567463,1.3087952,-0.25866783,1400,1231,train
1101,1.5674518,1.3143402,-0.2531116,1400,1231,train
1102,1.5674406,1.3091254,-0.2583152,1400,1231,train
1103,1.5674293,1.3176805,-0.24974883,1400,1231,train
1104,1.567418,1.3240312,-0.24338675,1400,1231,train
1105,1.5674065,1.3277184,-0.23968816,1400,1231,train
1106,1.567395,1.3170505,-0.2503445,1400,1231,train
1107,1.5673834,1.3174998,-0.24988365,1400,1231,train
1108,1.5673717,1.2721009,-0.2952708,1400,1231,train
1109,1.5673599,1.2973198,-0.27004015,1400,1231,train
1110,1.5673481,1.2545159,-0.31283224,1400,1231,train
1111,1.5673361,1.2863237,-0.28101242,1400,1231,train
1112,1.5673242,1.3077214,-0.2596028,1400,1231,train
1113,1.567312,1.2948568,-0.27245522,1400,1231,train
1114,1.5672998,1.2893938,-0.27790606,1400,1231,train
1115,1.5672876,1.3126016,-0.254686,1400,1231,train
1116,1.5672752,1.2978334,-0.26944172,1400,1231,train
1117,1.5672628,1.2924917,-0.2747711,1400,1231,train
1118,1.5672503,1.310488,-0.25676227,1400,1231,train
1119,1.5672376,1.2756987,-0.29153895,1400,1231,train
1120,1.5672249,1.2749497,-0.2922752,1400,1231,train
1121,1.5672121,1.301676,-0.26553607,1400,1231,train
1122,1.5671992,1.2985669,-0.2686323,1400,1231,train
1123,1.5671862,1.281966,-0.28522027,1400,1231,train
1124,1.5671731,1.2960773,-0.27109587,1400,1231,train
1125,1.56716,1.2932596,-0.2739004,1400,1231,train
1126,1.5671467,1.2928878,-0.27425885,1400,1231,train
1127,1.5671333,1.2994984,-0.26763487,1400,1231,train
1128,1.5671198,1.2721543,-0.2949655,1400,1231,train
1129,1.5671064,1.2763277,-0.29077864,1400,1231,train
1130,1.5670927,1.2862375,-0.28085518,1400,1231,train
1131,1.5670788,1.2425976,-0.32448125,1400,1231,train
1132,1.567065,1.2836463,-0.28341866,1400,1231,train
1133,1.567051,1.245344,-0.321707,1400,1231,train
1134,1.567037,1.2413139,-0.32572305,1400,1231,train
1135,1.5670228,1.2290177,-0.33800507,1400,1231,train
1136,1.5670085,1.2591281,-0.3078804,1400,1231,train
1137,1.5669941,1.2601151,-0.30687892,1400,1231,train
1138,1.5669795,1.2790471,-0.2879324,1400,1231,train
1139,1.566965,1.2497988,-0.3171662,1400,1231,train
1140,1.5669502,1.2711769,-0.29577327,1400,1231,train
1141,1.5669353,1.2172954,-0.3496399,1400,1231,train
1142,1.5669204,1.259495,-0.30742538,1400,1231,train
1143,1.5669053,1.2496692,-0.31723607,1400,1231,train
1144,1.5668901,1.296827,-0.27006316,1400,1231,train
1145,1.5668747,1.298641,-0.26823378,1400,1231,train
1146,1.5668594,1.3045135,-0.2623459,1400,1231,train
1147,1.5668437,1.3088775,-0.25796628,1400,1231,train
1148,1.5668281,1.2952017,-0.27162647,1400,1231,train
1149,1.5668123,1.300473,-0.2663393,1400,1231,train
1150,1.5667963,1.2929368,-0.2738595,1400,1231,train
1151,1.5667803,1.2832623,-0.28351808,1400,1231,train
1152,1.5667641,1.3590672,-0.20769691,1400,1231,train
1153,1.5667478,1.3690922,-0.19765556,1400,1231,train
1154,1.5667313,1.364622,-0.20210934,1400,1231,train
1155,1.5667148,1.3637244,-0.20299041,1400,1231,train
1156,1.566698,1.361283,-0.20541501,1400,1231,train
1157,1.5666811,1.3671632,-0.19951797,1400,1231,train
1158,1.5666641,1.3699105,-0.19675362,1400,1231,train
1159,1.5666469,1.3576796,-0.20896733,1400,1231,train
1160,1.5666296,1.3805444,-0.18608522,1400,1231,train
1161,1.5666122,1.3580128,-0.20859945,1400,1231,train
1162,1.5665947,1.363981,-0.20261371,1400,1231,train
1163,1.566577,1.3510486,-0.21552837,1400,1231,train
1164,1.5665591,1.3355119,-0.23104715,1400,1231,train
1165,1.5665411,1.357311,-0.20923007,1400,1231,train
1166,1.5665228,1.3501599,-0.21636295,1400,1231,train
1167,1.5665045,1.3341352,-0.2323693,1400,1231,train
1168,1.566486,1.3143215,-0.25216448,1400,1231,train
1169,1.5664674,1.3120741,-0.25439334,1400,1231,train
1170,1.5664486,1.3138024,-0.2526462,1400,1231,train
1171,1.5664295,1.3080624,-0.25836706,1400,1231,train
1172,1.5664104,1.2842556,-0.2821548,1400,1231,train
1173,1.5663911,1.2606637,-0.30572736,1400,1231,train
1174,1.5663716,1.2716032,-0.29476833,1400,1231,train
1175,1.5663519,1.2452142,-0.32113767,1400,1231,train
1176,1.5663321,1.2310029,-0.33532917,1400,1231,train
1177,1.5663121,1.2273633,-0.33894873,1400,1231,train
1178,1.5662918,1.2417254,-0.32456636,1400,1231,train
1179,1.5662714,1.2824755,-0.28379595,1400,1231,train
1180,1.5662509,1.2185825,-0.3476684,1400,1231,train
1181,1.5662302,1.2188032,-0.347427,1400,1231,train
1182,1.5662092,1.215156,-0.35105324,1400,1231,train
1183,1.5661881,1.1781167,-0.38807142,1400,1231,train
1184,1.5661668,1.1665982,-0.39956856,1400,1231,train
1185,1.5661452,1.222903,-0.34324217,1400,1231,train
1186,1.5661235,1.2101495,-0.35597396,1400,1231,train
1187,1.5661016,1.1941223,-0.37197924,1400,1231,train
1188,1.5660794,1.156261,-0.4098184,1400,1231,train
1189,1.566057,1.1427166,-0.42334032,1400,1231,train
1190,1.5660344,1.1300765,-0.4359579,1400,1231,train
1191,1.5660117,1.1361357,-0.42987597,1400,1231,train
1192,1.5659887,1.1031418,-0.46284688,1400,1231,train
1193,1.5659654,1.0747046,-0.49126077,1400,1231,train
1194,1.565942,1.0727091,-0.49323297,1400,1231,train
1195,1.5659183,1.0363905,-0.5295278,1400,1231,train
1196,1.5658944,0.96805465,-0.5978397,1400,1231,train
1197,1.5658703,1.0290781,-0.53679216,1400,1231,train
1198,1.5658458,0.99624157,-0.5696043,1400,1231,train
1199,1.5658213,0.9350059,-0.6308154,1400,1231,train
1200,1.5657964,0.8230419,-0.74275446,1400,1231,train
1201,1.5657712,0.8843706,-0.6814006,1400,1231,train
1202,1.5657458,0.807329,-0.75841683,1400,1231,train
1203,1.5657202,0.78880614,-0.77691406,1400,1231,train
1204,1.5656943,0.84382004,-0.7218743,1400,1231,train
1205,1.5656682,0.77371395,-0.7919543,1400,1231,train
1206,1.5656418,0.7938533,-0.7717885,1400,1231,train
1207,1.565615,0.7470282,-0.8185869,1400,1231,train
1208,1.565588,0.5936177,-0.9719703,1400,1231,train
1209,1.5655608,0.678498,-0.8870628,1400,1231,train
1210,1.5655332,0.59562355,-0.9699096,1400,1231,train
1211,1.5655054,0.6489184,-0.916587,1400,1231,train
1212,1.5654773,0.6076574,-0.9578199,1400,1231,train
1213,1.5654488,0.5727792,-0.9926696,1400,1231,train
1214,1.56542,0.5862354,-0.9791846,1400,1231,train
1215,1.565391,0.48899218,-1.0763987,1400,1231,train
1216,1.5653616,0.4126839,-1.1526778,1400,1231,train
1217,1.5653319,0.4426656,-1.1226664,1400,1231,train
1218,1.5653019,0.36736313,-1.1979388,1400,1231,train
1219,1.5652715,0.35979068,-1.2054808,1400,1231,train
1220,1.5652409,0.315108,-1.2501328,1400,1231,train
1221,1.5652097,0.38916773,-1.1760421,1400,1231,train
1222,1.5651784,0.2784244,-1.286754,1400,1231,train
1223,1.5651467,0.26431805,-1.3008287,1400,1231,train
1224,1.5651146,0.18437845,-1.3807361,1400,1231,train
1225,1.5650821,0.14737257,-1.4177095,1400,1231,train
1226,1.5650493,0.14375769,-1.4212916,1400,1231,train
1227,1.565016,0.12082702,-1.4441891,1400,1231,train
1228,1.5649824,0.09998807,-1.4649943,1400,1231,train
1229,1.5649484,0.14226794,-1.4226805,1400,1231,train
1230,1.564914,0.11428506,-1.4506289,1400,1231,train
1231,1.5648792,0.0066314247,-1.5582478,1400,1231,train
1232,1.564844,-0.027640983,-1.592485,1400,1231,train
1233,1.5648084,-0.029621972,-1.5944303,1400,1231,train
1234,1.5647722,-0.1210812,-1.6858535,1400,1231,train
1235,1.5647358,-0.06740361,-1.6321393,1400,1231,train
1236,1.5646988,-0.045893203,-1.610592,1400,1231,train
1237,1.5646614,-0.12302353,-1.6876849,1400,1231,train
1238,1.5646236,-0.16657606,-1.7311996,1400,1231,train
1239,1.5645852,-0.12624943,-1.6908346,1400,1231,train
1240,1.5645465,-0.23991498,-1.8044615,1400,1231,train
1241,1.5645071,-0.29713628,-1.8616434,1400,1231,train
1242,1.5644673,-0.23460084,-1.7990682,1400,1231,train
1243,1.564427,-0.25107592,-1.8155029,1400,1231,train
1244,1.5643861,-0.30515802,-1.8695441,1400,1231,train
1245,1.5643448,-0.31981215,-1.884157,1400,1231,train
1246,1.5643029,-0.25606978,-1.8203727,1400,1231,train
1247,1.5642605,-0.34947002,-1.9137305,1400,1231,train
1248,1.5642174,-0.4402999,-2.0045173,1400,1231,train
1249,1.5641739,-0.4320388,-1.9962127,1400,1231,train
1250,1.5641297,-0.44439942,-2.0085292,1400,1231,train
1251,1.564085,-0.48332444,-2.0474095,1400,1231,train
1252,1.5640397,-0.5062939,-2.0703335,1400,1231,train
1253,1.5639937,-0.52704936,-2.091043,1400,1231,train
1254,1.5639471,-0.51985073,-2.083798,1400,1231,train
1255,1.5638999,-0.5390188,-2.1029186,1400,1231,train
1256,1.563852,-0.62061465,-2.1844666,1400,1231,train
1257,1.5638034,-0.6160401,-2.1798434,1400,1231,train
1258,1.5637542,-0.55146205,-2.1152163,1400,1231,train
1259,1.5637043,-0.5799977,-2.143702,1400,1231,train
1260,1.5636536,-0.6030636,-2.166717,1400,1231,train
1261,1.5636022,-0.62999636,-2.1935985,1400,1231,train
1262,1.5635501,-0.64864737,-2.2121975,1400,1231,train
1263,1.5634972,-0.6174413,-2.1809385,1400,1231,train
1264,1.5634435,-0.5429282,-2.1063719,1400,1231,train
1265,1.5633891,-0.55303484,-2.1164238,1400,1231,train
1266,1.5633337,-0.5905532,-2.153887,1400,1231,train
1267,1.5632777,-0.6081663,-2.171444,1400,1231,train
1268,1.5632207,-0.57692975,-2.1401505,1400,1231,train
1269,1.5631629,-0.6061322,-2.169295,1400,1231,train
1270,1.5631042,-0.5838932,-2.1469975,1400,1231,train
1271,1.5630445,-0.603588,-2.1666327,1400,1231,train
1272,1.562984,-0.6046382,-2.167622,1400,1231,train
1273,1.5629225,-0.6037008,-2.1666234,1400,1231,train
1274,1.56286,-0.602784,-2.165644,1400,1231,train
1275,1.5627965,-0.5526371,-2.1154337,1400,1231,train
1276,1.562732,-0.578725,-2.141457,1400,1231,train
1277,1.5626664,-0.6707704,-2.2334368,1400,1231,train
1278,1.5625998,-0.666475,-2.2290747,1400,1231,train
1279,1.5625321,-0.687312,-2.249844,1400,1231,train
1280,1.5624632,-0.5384208,-2.100884,1400,1231,train
1281,1.5623932,-0.5051611,-2.0675542,1400,1231,train
1282,1.5623219,-0.61645067,-2.1787724,1400,1231,train
1283,1.5622495,-0.502967,-2.0652165,1400,1231,train
1284,1.5621759,-0.5629053,-2.125081,1400,1231,train
1285,1.5621009,-0.6114387,-2.1735396,1400,1231,train
1286,1.5620246,-0.6111516,-2.1731763,1400,1231,train
1287,1.561947,-0.5631187,-2.1250658,1400,1231,train
1288,1.561868,-0.6101096,-2.1719775,1400,1231,train
1289,1.5617876,-0.6448686,-2.2066562,1400,1231,train
1290,1.5617057,-0.6572782,-2.218984,1400,1231,train
1291,1.5616223,-0.7286941,-2.2903163,1400,1231,train
1292,1.5615374,-0.69160116,-2.2531385,1400,1231,train
1293,1.5614508,-0.68759894,-2.2490497,1400,1231,train
1294,1.5613626,-0.7553289,-2.3166914,1400,1231,train
1295,1.5612729,-0.68940926,-2.250682,1400,1231,train
1296,1.5611812,-0.7538612,-2.3150425,1400,1231,train
1297,1.5610878,-0.73895776,-2.3000455,1400,1231,train
1298,1.5609927,-0.7487512,-2.309744,1400,1231,train
1299,1.5608957,-0.7499591,-2.310855,1400,1231,train
1300,1.5607966,-0.7657887,-2.3265853,1400,1231,train
1301,1.5606956,-0.78377545,-2.344471,1400,1231,train
1302,1.5605927,-0.7324439,-2.2930365,1400,1231,train
1303,1.5604874,-0.83303976,-2.393527,1400,1231,train
1304,1.56038,-0.8194797,-2.3798597,1400,1231,train
1305,1.5602704,-0.8591404,-2.4194107,1400,1231,train
1306,1.5601584,-0.85122156,-2.4113798,1400,1231,train
1307,1.560044,-0.80183095,-2.361875,1400,1231,train
1308,1.5599272,-0.862574,-2.422501,1400,1231,train
1309,1.5598078,-0.86783,-2.4276378,1400,1231,train
1310,1.5596857,-0.8371265,-2.3968122,1400,1231,train
1311,1.5595609,-0.88668084,-2.4462419,1400,1231,train
1312,1.5594332,-0.8917868,-2.45122,1400,1231,train
1313,1.5593026,-0.90237594,-2.4616785,1400,1231,train
1314,1.5591689,-0.9280386,-2.4872074,1400,1231,train
1315,1.5590322,-0.8959132,-2.4549453,1400,1231,train
1316,1.5588921,-0.8799182,-2.4388103,1400,1231,train
1317,1.5587487,-0.8794774,-2.4382262,1400,1231,train
1318,1.5586019,-0.9309554,-2.4895573,1400,1231,train
1319,1.5584513,-0.92807317,-2.4865246,1400,1231,train
1320,1.5582969,-0.91891325,-2.47721,1400,1231,train
1321,1.5581387,-0.9502636,-2.5084023,1400,1231,train
1322,1.5579765,-0.9311719,-2.4891484,1400,1231,train
1323,1.5578101,-0.9731044,-2.5309145,1400,1231,train
1324,1.5576392,-0.91750336,-2.4751425,1400,1231,train
1325,1.5574638,-0.97063756,-2.5281014,1400,1231,train
1326,1.5572836,-0.9452039,-2.5024877,1400,1231,train
1327,1.5570985,-0.9683459,-2.5254445,1400,1231,train
1328,1.5569084,-0.9475336,-2.504442,1400,1231,train
1329,1.5567127,-0.97088397,-2.5275967,1400,1231,train
1330,1.5565116,-0.9834292,-2.5399408,1400,1231,train
1331,1.5563046,-0.9187299,-2.4750345,1400,1231,train
1332,1.5560915,-0.9304422,-2.4865336,1400,1231,train
1333,1.5558721,-1.0104934,-2.5663655,1400,1231,train
1334,1.555646,-0.98171425,-2.5373602,1400,1231,train
1335,1.5554129,-1.0104616,-2.5658746,1400,1231,train
1336,1.5551726,-0.9501029,-2.5052755,1400,1231,train
1337,1.5549246,-0.9074944,-2.462419,1400,1231,train
1338,1.5546687,-0.9535207,-2.5081894,1400,1231,train
1339,1.5544044,-0.9262303,-2.4806347,1400,1231,train
1340,1.5541312,-0.920282,-2.4744132,1400,1231,train
1341,1.5538487,-0.943996,-2.4978447,1400,1231,train
1342,1.5535567,-0.94940454,-2.5029612,1400,1231,train
1343,1.5532542,-0.97475827,-2.5280125,1400,1231,train
1344,1.5529411,-0.8512721,-2.4042132,1400,1231,train
1345,1.5526165,-0.8906967,-2.4433131,1400,1231,train
1346,1.55228,-0.9207449,-2.4730248,1400,1231,train
1347,1.5519307,-0.91671836,-2.468649,1400,1231,train
1348,1.5515679,-0.89266753,-2.4442353,1400,1231,train
1349,1.551191,-0.8954507,-2.4466417,1400,1231,train
1350,1.550799,-0.90847623,-2.4592752,1400,1231,train
1351,1.550391,-0.9376722,-2.488063,1400,1231,train
1352,1.549966,-0.8706959,-2.420662,1400,1231,train
1353,1.549523,-0.92212665,-2.4716496,1400,1231,train
1354,1.5490606,-0.9202685,-2.469329,1400,1231,train
1355,1.5485778,-0.9183954,-2.4669733,1400,1231,train
1356,1.5480729,-0.8994252,-2.447498,1400,1231,train
1357,1.5475447,-0.9035692,-2.451114,1400,1231,train
1358,1.5469913,-0.93575615,-2.4827476,1400,1231,train
1359,1.5464109,-0.9604564,-2.5068674,1400,1231,train
1360,1.5458015,-0.8435787,-2.3893802,1400,1231,train
1361,1.5451609,-0.93742836,-2.4825892,1400,1231,train
1362,1.5444866,-0.9041854,-2.448672,1400,1231,train
1363,1.5437759,-0.9302858,-2.4740617,1400,1231,train
1364,1.5430257,-0.9092313,-2.4522572,1400,1231,train
1365,1.5422326,-0.94684315,-2.4890757,1400,1231,train
1366,1.541393,-0.9274354,-2.4688284,1400,1231,train
1367,1.5405025,-0.93916017,-2.4796627,1400,1231,train
1368,1.5395565,-0.9129275,-2.4524841,1400,1231,train
1369,1.5385494,-0.965513,-2.5040624,1400,1231,train
1370,1.5374753,-0.9159653,-2.4534407,1400,1231,train
1371,1.5363272,-0.9223473,-2.4586744,1400,1231,train
1372,1.5350972,-0.9680989,-2.5031962,1400,1231,train
1373,1.5337762,-0.9661878,-2.499964,1400,1231,train
1374,1.5323538,-0.9056635,-2.4380174,1400,1231,train
1375,1.5308176,-0.99361545,-2.5244331,1400,1231,train
1376,1.5291537,-0.93157053,-2.4607244,1400,1231,train
1377,1.5273454,-1.0051955,-2.5325408,1400,1231,train
1378,1.5253731,-0.976667,-2.5020401,1400,1231,train
1379,1.5232133,-0.9441955,-2.4674087,1400,1231,train
1380,1.5208379,-1.013154,-2.5339918,1400,1231,train
1381,1.5182133,-1.0106305,-2.5288439,1400,1231,train
1382,1.5152978,-1.0407735,-2.5560713,1400,1231,train
1383,1.5120405,-1.0547981,-2.5668387,1400,1231,train
1384,1.5083776,-1.0417002,-2.550078,1400,1231,train
1385,1.5042281,-1.0741076,-2.5783358,1400,1231,train
1386,1.4994888,-1.0695771,-2.569066,1400,1231,train
1387,1.4940244,-1.0818167,-2.575841,1400,1231,train
1388,1.487655,-1.1158142,-2.6034694,1400,1231,train
1389,1.4801364,-1.1271107,-2.607247,1400,1231,train
1390,1.4711276,-1.0887519,-2.5598795,1400,1231,train
1391,1.4601392,-1.1299675,-2.5901065,1400,1231,train
1392,1.4464413,-1.1560347,-2.6024761,1400,1231,train
1393,1.4288993,-1.1386428,-2.567542,1400,1231,train
1394,1.4056476,-1.1919494,-2.5975971,1400,1231,train
1395,1.3734008,-1.1617599,-2.5351605,1400,1231,train
1396,1.3258177,-1.1838932,-2.5097108,1400,1231,train
1397,1.2490457,-1.1956115,-2.4446573,1400,1231,train
1398,1.1071488,-1.211943,-2.3190918,1400,1231,train
1399,0.7853982,-1.1688334,-1.9542315,1400,1231,train
1400,-0.0,-1.2320848,-1.2320848,1400,1231,train
1401,-0.7853982,-1.2229544,-0.4375562,1400,1231,train
1402,-1.1071488,-1.1839955,-0.07684672,1400,1231,train
1403,-1.2490457,-1.208677,0.040368676,1400,1231,train
1404,-1.3258177,-1.2223454,0.10347235,1400,1231,train
1405,-1.3734008,-1.2560147,0.1173861,1400,1231,train
1406,-1.4056476,-1.2675931,0.13805449,1400,1231,train
1407,-1.4288993,-1.2272425,0.20165682,1400,1231,train
1408,-1.4464413,-1.3269618,0.11947954,1400,1231,train
1409,-1.4601392,-1.3307676,0.12937152,1400,1231,train
1410,-1.4711276,-1.3454354,0.12569225,1400,1231,train
1411,-1.4801364,-1.3344343,0.14570212,1400,1231,train
1412,-1.487655,-1.3417525,0.14590251,1400,1231,train
1413,-1.4940244,-1.3535941,0.14043033,1400,1231,train
1414,-1.4994888,-1.374887,0.12460184,1400,1231,train
1415,-1.5042281,-1.3265512,0.17767692,1400,1231,train
1416,-1.5083776,-1.3713892,0.1369884,1400,1231,train
1417,-1.5120405,-1.3795444,0.13249612,1400,1231,train
1418,-1.5152978,-1.3929315,0.12236631,1400,1231,train
1419,-1.5182133,-1.3724508,0.14576244,1400,1231,train
1420,-1.5208379,-1.3789362,0.14190173,1400,1231,train
1421,-1.5232133,-1.3765731,0.14664018,1400,1231,train
1422,-1.5253731,-1.3895218,0.13585126,1400,1231,train
1423,-1.5273454,-1.3928312,0.13451421,1400,1231,train
1424,-1.5291537,-1.3868114,0.14234233,1400,1231,train
1425,-1.5308176,-1.3975863,0.13323128,1400,1231,train
1426,-1.5323538,-1.3915112,0.14084256,1400,1231,train
1427,-1.5337762,-1.4098365,0.12393963,1400,1231,train
1428,-1.5350972,-1.3703802,0.16471708,1400,1231,train
1429,-1.5363272,-1.4038981,0.13242912,1400,1231,train
1430,-1.5374753,-1.3903327,0.14714265,1400,1231,train
1431,-1.5385494,-1.3814911,0.15705836,1400,1231,train
1432,-1.5395565,-1.3911045,0.14845204,1400,1231,train
1433,-1.5405025,-1.3898416,0.15066099,1400,1231,train
1434,-1.541393,-1.4021826,0.13921046,1400,1231,train
1435,-1.5422326,-1.412983,0.12924969,1400,1231,train
1436,-1.5430257,-1.4315996,0.111426115,1400,1231,train
1437,-1.5437759,-1.4192991,0.12447679,1400,1231,train
1438,-1.5444866,-1.4419141,0.10257256,1400,1231,train
1439,-1.5451609,-1.4375012,0.1076597,1400,1231,train
1440,-1.5458015,-1.4116032,0.13419831,1400,1231,train
1441,-1.5464109,-1.4017289,0.14468205,1400,1231,train
1442,-1.5469913,-1.4525487,0.094442606,1400,1231,train
1443,-1.5475447,-1.429986,0.11755872,1400,1231,train
1444,-1.5480729,-1.4396341,0.10843885,1400,1231,train
1445,-1.5485778,-1.3997632,0.14881456,1400,1231,train
1446,-1.5490606,-1.4340575,0.11500311,1400,1231,train
1447,-1.549523,-1.4371314,0.11239159,1400,1231,train
1448,-1.549966,-1.433922,0.116043925,1400,1231,train
1449,-1.550391,-1.4110546,0.13933635,1400,1231,train
1450,-1.550799,-1.4168903,0.13390875,1400,1231,train
1451,-1.551191,-1.3892033,0.16198766,1400,1231,train
1452,-1.5515679,-1.3878093,0.16375864,1400,1231,train
1453,-1.5519307,-1.4285887,0.12334192,1400,1231,train
1454,-1.55228,-1.4255435,0.1267364,1400,1231,train
1455,-1.5526165,-1.42786,0.124756455,1400,1231,train
1456,-1.5529411,-1.4229008,0.13004029,1400,1231,train
1457,-1.5532542,-1.3814383,0.17181599,1400,1231,train
1458,-1.5535567,-1.4043951,0.14916158,1400,1231,train
1459,-1.5538487,-1.411665,0.14218378,1400,1231,train
1460,-1.5541312,-1.4214814,0.13264978,1400,1231,train
1461,-1.5544044,-1.4203025,0.13410187,1400,1231,train
1462,-1.5546687,-1.398907,0.15576172,1400,1231,train
1463,-1.5549246,-1.4147147,0.14020991,1400,1231,train
1464,-1.5551726,-1.4065769,0.14859569,1400,1231,train
1465,-1.5554129,-1.3962817,0.15913117,1400,1231,train
1466,-1.555646,-1.395166,0.1604799,1400,1231,train
1467,-1.5558721,-1.3862276,0.16964447,1400,1231,train
1468,-1.5560915,-1.3998172,0.15627432,1400,1231,train
1469,-1.5563046,-1.4001083,0.15619624,1400,1231,train
1470,-1.5565116,-1.3965797,0.1599319,1400,1231,train
1471,-1.5567127,-1.403255,0.15345776,1400,1231,train
1472,-1.5569084,-1.407613,0.14929533,1400,1231,train
1473,-1.5570985,-1.4044361,0.1526624,1400,1231,train
1474,-1.5572836,-1.4114852,0.14579844,1400,1231,train
1475,-1.5574638,-1.4095849,0.14787889,1400,1231,train
1476,-1.5576392,-1.4058807,0.15175855,1400,1231,train
1477,-1.5578101,-1.3958645,0.16194558,1400,1231,train
1478,-1.5579765,-1.4307591,0.12721741,1400,1231,train
1479,-1.5581387,-1.4080529,0.1500858,1400,1231,train
1480,-1.5582969,-1.4190667,0.13923025,1400,1231,train
1481,-1.5584513,-1.4124749,0.14597642,1400,1231,train
1482,-1.5586019,-1.4020412,0.15656066,1400,1231,train
1483,-1.5587487,-1.4168655,0.14188325,1400,1231,train
1484,-1.5588921,-1.4074922,0.15139997,1400,1231,train
1485,-1.5590322,-1.4003627,0.15866947,1400,1231,train
1486,-1.5591689,-1.3939226,0.16524637,1400,1231,train
1487,-1.5593026,-1.406367,0.15293562,1400,1231,train
1488,-1.5594332,-1.4086707,0.15076256,1400,1231,train
1489,-1.5595609,-1.4217737,0.13778722,1400,1231,train
1490,-1.5596857,-1.4073544,0.15233135,1400,1231,train
1491,-1.5598078,-1.4178236,0.14198422,1400,1231,train
1492,-1.5599272,-1.4162867,0.14364052,1400,1231,train
1493,-1.560044,-1.4263439,0.13370013,1400,1231,train
1494,-1.5601584,-1.4122592,0.14789915,1400,1231,train
1495,-1.5602704,-1.4197545,0.14051592,1400,1231,train
1496,-1.56038,-1.4093571,0.15102291,1400,1231,train
1497,-1.5604874,-1.4035559,0.15693152,1400,1231,train
1498,-1.5605927,-1.3972793,0.16331339,1400,1231,train
1499,-1.5606956,-1.4114649,0.14923072,1400,1231,train
1500,-1.5607966,-1.4058857,0.15491092,1400,1231,train
1501,-1.5608957,-1.4003495,0.16054618,1400,1231,train
1502,-1.5609927,-1.3953142,0.1656785,1400,1231,train
1503,-1.5610878,-1.3889859,0.17210197,1400,1231,train
1504,-1.5611812,-1.3949608,0.16622043,1400,1231,train
1505,-1.5612729,-1.4128797,0.14839315,1400,1231,train
1506,-1.5613626,-1.4110162,0.1503464,1400,1231,train
1507,-1.5614508,-1.4094899,0.15196097,1400,1231,train
1508,-1.5615374,-1.4143307,0.14720666,1400,1231,train
1509,-1.5616223,-1.3998419,0.16178036,1400,1231,train
1510,-1.5617057,-1.4158454,0.14586031,1400,1231,train
1511,-1.5617876,-1.4209206,0.140867,1400,1231,train
1512,-1.561868,-1.4025464,0.15932155,1400,1231,train
1513,-1.561947,-1.4070115,0.15493548,1400,1231,train
1514,-1.5620246,-1.3994102,0.16261435,1400,1231,train
1515,-1.5621009,-1.4061805,0.15592039,1400,1231,train
1516,-1.5621759,-1.4070344,0.15514147,1400,1231,train
1517,-1.5622495,-1.4034059,0.15884364,1400,1231,train
1518,-1.5623219,-1.404009,0.15831292,1400,1231,train
1519,-1.5623932,-1.4090362,0.15335703,1400,1231,train
1520,-1.5624632,-1.3965821,0.16588104,1400,1231,train
1521,-1.5625321,-1.3966498,0.16588223,1400,1231,train
1522,-1.5625998,-1.3897679,0.1728319,1400,1231,train
1523,-1.5626664,-1.3890064,0.17366004,1400,1231,train
1524,-1.562732,-1.3911829,0.17154908,1400,1231,train
1525,-1.5627965,-1.3751755,0.187621,1400,1231,train
1526,-1.56286,-1.3904183,0.17244172,1400,1231,train
1527,-1.5629225,-1.3732855,0.18963695,1400,1231,train
1528,-1.562984,-1.3851415,0.1778425,1400,1231,train
1529,-1.5630445,-1.3838342,0.1792103,1400,1231,train
1530,-1.5631042,-1.3779426,0.18516159,1400,1231,train
1531,-1.5631629,-1.3791072,0.18405569,1400,1231,train
1532,-1.5632207,-1.37076,0.19246078,1400,1231,train
1533,-1.5632777,-1.3924847,0.17079306,1400,1231,train
1534,-1.5633337,-1.4018955,0.16143823,1400,1231,train
1535,-1.5633891,-1.3858701,0.17751896,1400,1231,train
1536,-1.5634435,-1.4347497,0.12869382,1400,1231,train
1537,-1.5634972,-1.4066103,0.15688694,1400,1231,train
1538,-1.5635501,-1.4185762,0.14497387,1400,1231,train
1539,-1.5636022,-1.4156651,0.14793706,1400,1231,train
1540,-1.5636536,-1.4189181,0.14473546,1400,1231,train
1541,-1.5637043,-1.395694,0.16801023,1400,1231,train
1542,-1.5637542,-1.401592,0.16216218,1400,1231,train
1543,-1.5638034,-1.4218817,0.14192176,1400,1231,train
1544,-1.563852,-1.417566,0.14628601,1400,1231,train
1545,-1.5638999,-1.4107747,0.15312517,1400,1231,train
1546,-1.5639471,-1.4211816,0.14276552,1400,1231,train
1547,-1.5639937,-1.418376,0.14561772,1400,1231,train
1548,-1.5640397,-1.4368453,0.1271944,1400,1231,train
1549,-1.564085,-1.4232728,0.14081216,1400,1231,train
1550,-1.5641297,-1.4395142,0.12461555,1400,1231,train
1551,-1.5641739,-1.4279156,0.13625836,1400,1231,train
1552,-1.5642174,-1.4121598,0.15205765,1400,1231,train
1553,-1.5642605,-1.4133775,0.15088296,1400,1231,train
1554,-1.5643029,-1.4077625,0.1565404,1400,1231,train
1555,-1.5643448,-1.4103171,0.1540277,1400,1231,train
1556,-1.5643861,-1.4140358,0.15035033,1400,1231,train
1557,-1.564427,-1.4185667,0.14586031,1400,1231,train
1558,-1.5644673,-1.4154887,0.14897859,1400,1231,train
1559,-1.5645071,-1.4094954,0.15501177,1400,1231,train
1560,-1.5645465,-1.425212,0.13933444,1400,1231,train
1561,-1.5645852,-1.4204262,0.14415896,1400,1231,train
1562,-1.5646236,-1.4215189,0.14310467,1400,1231,train
1563,-1.5646614,-1.4314835,0.13317788,1400,1231,train
1564,-1.5646988,-1.420784,0.14391482,1400,1231,train
1565,-1.5647358,-1.4392403,0.12549543,1400,1231,train
1566,-1.5647722,-1.45397,0.11080229,1400,1231,train
1567,-1.5648084,-1.4407599,0.12404847,1400,1231,train
1568,-1.564844,-1.4434583,0.12138569,1400,1231,train
1569,-1.5648792,-1.4268073,0.1380719,1400,1231,train
1570,-1.564914,-1.4280773,0.13683665,1400,1231,train
1571,-1.5649484,-1.4169772,0.14797127,1400,1231,train
1572,-1.5649824,-1.4200935,0.14488888,1400,1231,train
1573,-1.565016,-1.4155058,0.14951026,1400,1231,train
1574,-1.5650493,-1.4274626,0.13758671,1400,1231,train
1575,-1.5650821,-1.4087186,0.15636349,1400,1231,train
1576,-1.5651146,-1.4067793,0.15833533,1400,1231,train
1577,-1.5651467,-1.4019837,0.16316295,1400,1231,train
1578,-1.5651784,-1.4079133,0.15726507,1400,1231,train
1579,-1.5652097,-1.3949499,0.17025983,1400,1231,train
1580,-1.5652409,-1.4122305,0.15301037,1400,1231,train
1581,-1.5652715,-1.4232454,0.14202607,1400,1231,train
1582,-1.5653019,-1.4228044,0.14249754,1400,1231,train
1583,-1.5653319,-1.4142151,0.15111685,1400,1231,train
1584,-1.5653616,-1.4079375,0.15742409,1400,1231,train
1585,-1.565391,-1.411489,0.15390193,1400,1231,train
1586,-1.56542,-1.4079978,0.15742218,1400,1231,train
1587,-1.5654488,-1.3934414,0.17200732,1400,1231,train
1588,-1.5654773,-1.4045242,0.16095304,1400,1231,train
1589,-1.5655054,-1.4081309,0.1573745,1400,1231,train
1590,-1.5655332,-1.4011528,0.16438031,1400,1231,train
1591,-1.5655608,-1.4113538,0.15420699,1400,1231,train
1592,-1.565588,-1.4021399,0.1634481,1400,1231,train
1593,-1.565615,-1.3955606,0.17005444,1400,1231,train
1594,-1.5656418,-1.4139298,0.15171194,1400,1231,train
1595,-1.5656682,-1.4040601,0.1616081,1400,1231,train
1596,-1.5656943,-1.4081135,0.15758085,1400,1231,train
1597,-1.5657202,-1.396141,0.16957915,1400,1231,train
1598,-1.5657458,-1.3953664,0.1703794,1400,1231,train
1599,-1.5657712,-1.404284,0.16148722,1400,1231,train
1600,-1.5657964,-1.419138,0.14665842,1400,1231,train
1601,-1.5658213,-1.4184394,0.1473819,1400,1231,train
1602,-1.5658458,-1.4155593,0.15028656,1400,1231,train
1603,-1.5658703,-1.4078491,0.15802121,1400,1231,train
1604,-1.5658944,-1.4079963,0.15789807,1400,1231,train
1605,-1.5659183,-1.4077442,0.15817416,1400,1231,train
1606,-1.565942,-1.4207942,0.1451478,1400,1231,train
1607,-1.5659654,-1.4218881,0.1440773,1400,1231,train
1608,-1.5659887,-1.4210224,0.14496624,1400,1231,train
1609,-1.5660117,-1.4123006,0.15371108,1400,1231,train
1610,-1.5660344,-1.4108522,0.15518224,1400,1231,train
1611,-1.566057,-1.4174786,0.1485784,1400,1231,train
1612,-1.5660794,-1.4118996,0.15417981,1400,1231,train
1613,-1.5661016,-1.4173236,0.14877796,1400,1231,train
1614,-1.5661235,-1.4243805,0.14174294,1400,1231,train
1615,-1.5661452,-1.4237239,0.14242125,1400,1231,train
1616,-1.5661668,-1.4328299,0.1333369,1400,1231,train
1617,-1.5661881,-1.4270844,0.13910365,1400,1231,train
1618,-1.5662092,-1.4307554,0.13545382,1400,1231,train
1619,-1.5662302,-1.4278139,0.13841629,1400,1231,train
1620,-1.5662509,-1.4331229,0.13312805,1400,1231,train
1621,-1.5662714,-1.4155931,0.15067828,1400,1231,train
1622,-1.5662918,-1.4261584,0.14013338,1400,1231,train
1623,-1.5663121,-1.4226302,0.14368188,1400,1231,train
1624,-1.5663321,-1.4294904,0.13684165,1400,1231,train
1625,-1.5663519,-1.4217625,0.14458942,1400,1231,train
1626,-1.5663716,-1.4299742,0.13639736,1400,1231,train
1627,-1.5663911,-1.4164723,0.1499188,1400,1231,train
1628,-1.5664104,-1.4174274,0.148983,1400,1231,train
1629,-1.5664295,-1.4105976,0.15583193,1400,1231,train
1630,-1.5664486,-1.416127,0.1503216,1400,1231,train
1631,-1.5664674,-1.4264694,0.13999796,1400,1231,train
1632,-1.566486,-1.4287925,0.13769352,1400,1231,train
1633,-1.5665045,-1.4276359,0.13886857,1400,1231,train
1634,-1.5665228,-1.4301934,0.13632941,1400,1231,train
1635,-1.5665411,-1.4210343,0.14550674,1400,1231,train
1636,-1.5665591,-1.4115176,0.15504146,1400,1231,train
1637,-1.566577,-1.4143221,0.15225482,1400,1231,train
1638,-1.5665947,-1.4192708,0.14732397,1400,1231,train
1639,-1.5666122,-1.4190836,0.14752865,1400,1231,train
1640,-1.5666296,-1.4201908,0.14643884,1400,1231,train
1641,-1.5666469,-1.4182305,0.1484164,1400,1231,train
1642,-1.5666641,-1.4086564,0.15800774,1400,1231,train
1643,-1.5666811,-1.4148751,0.151806,1400,1231,train
1644,-1.566698,-1.4207088,0.14598918,1400,1231,train
1645,-1.5667148,-1.4239131,0.14280164,1400,1231,train
1646,-1.5667313,-1.4160986,0.15063274,1400,1231,train
1647,-1.5667478,-1.4179296,0.14881814,1400,1231,train
1648,-1.5667641,-1.4217132,0.14505088,1400,1231,train
1649,-1.5667803,-1.4119561,0.15482426,1400,1231,train
1650,-1.5667963,-1.4187822,0.14801407,1400,1231,train
1651,-1.5668123,-1.4265302,0.14028203,1400,1231,train
1652,-1.5668281,-1.4179666,0.14886153,1400,1231,train
1653,-1.5668437,-1.4092417,0.15760207,1400,1231,train
1654,-1.5668594,-1.4093617,0.15749764,1400,1231,train
1655,-1.5668747,-1.4142983,0.15257645,1400,1231,train
1656,-1.5668901,-1.4177353,0.14915478,1400,1231,train
1657,-1.5669053,-1.4239486,0.14295661,1400,1231,train
1658,-1.5669204,-1.4174001,0.14952028,1400,1231,train
1659,-1.5669353,-1.411512,0.15542328,1400,1231,train
1660,-1.5669502,-1.4076748,0.15927541,1400,1231,train
1661,-1.566965,-1.4217293,0.14523566,1400,1231,train
1662,-1.5669795,-1.4289691,0.13801038,1400,1231,train
1663,-1.5669941,-1.4377892,0.12920487,1400,1231,train
1664,-1.5670085,-1.4795961,0.08741236,1400,1231,train
1665,-1.5670228,-1.4683356,0.09868717,1400,1231,train
1666,-1.567037,-1.4780185,0.089018464,1400,1231,train
1667,-1.567051,-1.4862491,0.080801964,1400,1231,train
1668,-1.567065,-1.4734838,0.0935812,1400,1231,train
1669,-1.5670788,-1.477444,0.089634776,1400,1231,train
1670,-1.5670927,-1.4751872,0.091905475,1400,1231,train
1671,-1.5671064,-1.4821295,0.08497691,1400,1231,train
1672,-1.5671198,-1.4881558,0.078963995,1400,1231,train
1673,-1.5671333,-1.4808961,0.08623719,1400,1231,train
1674,-1.5671467,-1.4824572,0.0846895,1400,1231,train
1675,-1.56716,-1.487596,0.079563975,1400,1231,train
1676,-1.5671731,-1.4947963,0.07237685,1400,1231,train
1677,-1.5671862,-1.4930811,0.07410514,1400,1231,train
1678,-1.5671992,-1.4867291,0.080470085,1400,1231,train
1679,-1.5672121,-1.4891168,0.07809532,1400,1231,train
1680,-1.5672249,-1.4937947,0.07343018,1400,1231,train
1681,-1.5672376,-1.4923949,0.07484269,1400,1231,train
1682,-1.5672503,-1.4947773,0.07247293,1400,1231,train
1683,-1.5672628,-1.4881994,0.079063416,1400,1231,train
1684,-1.5672752,-1.4880245,0.07925069,1400,1231,train
1685,-1.5672876,-1.4901454,0.07714212,1400,1231,train
1686,-1.5672998,-1.4822986,0.08500123,1400,1231,train
1687,-1.567312,-1.4879735,0.07933855,1400,1231,train
1688,-1.5673242,-1.494514,0.07281017,1400,1231,train
1689,-1.5673361,-1.4927905,0.07454562,1400,1231,train
1690,-1.5673481,-1.4834805,0.08386767,1400,1231,train
1691,-1.5673599,-1.4890413,0.078318596,1400,1231,train
1692,-1.5673717,-1.4938508,0.0735209,1400,1231,train
1693,-1.5673834,-1.4897065,0.07767689,1400,1231,train
1694,-1.567395,-1.4911879,0.07620704,1400,1231,train
1695,-1.5674065,-1.4969736,0.0704329,1400,1231,train
1696,-1.567418,-1.5092673,0.05815065,1400,1231,train
1697,-1.5674293,-1.5110945,0.056334853,1400,1231,train
1698,-1.5674406,-1.5033681,0.06407249,1400,1231,train
1699,-1.5674518,-1.5041804,0.0632714,1400,1231,train
1700,-1.567463,-1.5062919,0.061171174,1400,1231,train
1701,-1.5674741,-1.5119183,0.05555582,1400,1231,train
1702,-1.5674851,-1.5066345,0.06085062,1400,1231,train
1703,-1.5674961,-1.5019109,0.06558514,1400,1231,train
1704,-1.5675069,-1.5008419,0.06666505,1400,1231,train
1705,-1.5675176,-1.5055827,0.061934948,1400,1231,train
1706,-1.5675284,-1.5036922,0.06383622,1400,1231,train
1707,-1.567539,-1.5001941,0.067344904,1400,1231,train
1708,-1.5675496,-1.5095985,0.057951093,1400,1231,train
1709,-1.5675601,-1.504658,0.06290209,1400,1231,train
1710,-1.5675706,-1.5083884,0.059182167,1400,1231,train
1711,-1.5675809,-1.5128012,0.054779768,1400,1231,train
1712,-1.5675912,-1.5234305,0.044160724,1400,1231,train
1713,-1.5676014,-1.5272925,0.040308952,1400,1231,train
1714,-1.5676116,-1.5303042,0.03730738,1400,1231,train
1715,-1.5676217,-1.5334114,0.034210324,1400,1231,train
1716,-1.5676317,-1.5350864,0.03254533,1400,1231,train
1717,-1.5676417,-1.5398221,0.027819633,1400,1231,train
1718,-1.5676516,-1.5373832,0.03026843,1400,1231,train
1719,-1.5676615,-1.534747,0.03291452,1400,1231,train
1720,-1.5676713,-1.5382593,0.029412031,1400,1231,train
1721,-1.5676811,-1.5375524,0.030128717,1400,1231,train
1722,-1.5676907,-1.5312746,0.036416173,1400,1231,train
1723,-1.5677004,-1.5418835,0.025816917,1400,1231,train
1724,-1.5677099,-1.5355399,0.032170057,1400,1231,train
1725,-1.5677195,-1.5307869,0.036932588,1400,1231,train
1726,-1.5677289,-1.5346217,0.03310716,1400,1231,train
1727,-1.5677382,-1.5384176,0.029320598,1400,1231,train
1728,-1.5677476,-1.541079,0.026668549,1400,1231,train
1729,-1.5677568,-1.5402309,0.027525902,1400,1231,train
1730,-1.5677661,-1.541738,0.026028037,1400,1231,train
1731,-1.5677751,-1.5448744,0.0229007,1400,1231,train
1732,-1.5677843,-1.5405116,0.027272701,1400,1231,train
1733,-1.5677934,-1.5417445,0.026048899,1400,1231,train
1734,-1.5678023,-1.5481378,0.019664526,1400,1231,train
1735,-1.5678113,-1.5564463,0.011364937,1400,1231,train
1736,-1.5678202,-1.5506186,0.017201543,1400,1231,train
1737,-1.567829,-1.5427887,0.025040269,1400,1231,train
1738,-1.5678377,-1.5361344,0.031703353,1400,1231,train
1739,-1.5678465,-1.5394111,0.028435469,1400,1231,train
1740,-1.5678551,-1.5438162,0.02403891,1400,1231,train
1741,-1.5678638,-1.5512195,0.016644359,1400,1231,train
1742,-1.5678724,-1.5480187,0.019853711,1400,1231,train
1743,-1.5678809,-1.5479467,0.019934177,1400,1231,train
1744,-1.5678893,-1.5473583,0.020531058,1400,1231,train
1745,-1.5678978,-1.5369517,0.030946136,1400,1231,train
1746,-1.5679061,-1.5328012,0.03510499,1400,1231,train
1747,-1.5679145,-1.5394676,0.028446913,1400,1231,train
1748,-1.5679228,-1.5348077,0.03311515,1400,1231,train
1749,-1.567931,-1.528063,0.039867997,1400,1231,train
1750,-1.5679392,-1.5224361,0.04550302,1400,1231,train
1751,-1.5679474,-1.5353518,0.032595634,1400,1231,train
1752,-1.5679554,-1.5115442,0.056411147,1400,1231,train
1753,-1.5679635,-1.514019,0.05394447,1400,1231,train
1754,-1.5679715,-1.5163418,0.051629663,1400,1231,train
1755,-1.5679795,-1.5019839,0.065995574,1400,1231,train
1756,-1.5679873,-1.5090044,0.05898297,1400,1231,train
1757,-1.5679952,-1.5071371,0.06085813,1400,1231,train
1758,-1.568003,-1.5123054,0.05569768,1400,1231,train
1759,-1.5680108,-1.5125101,0.055500746,1400,1231,train
1760,-1.5680186,-1.5054107,0.062607884,1400,1231,train
1761,-1.5680263,-1.5098922,0.05813408,1400,1231,train
1762,-1.5680339,-1.5040804,0.06395352,1400,1231,train
1763,-1.5680416,-1.5077853,0.060256243,1400,1231,train
1764,-1.5680491,-1.4983954,0.06965363,1400,1231,train
1765,-1.5680566,-1.503553,0.06450355,1400,1231,train
1766,-1.5680641,-1.5145079,0.053556204,1400,1231,train
1767,-1.5680715,-1.5174942,0.050577283,1400,1231,train
1768,-1.568079,-1.5187962,0.04928279,1400,1231,train
1769,-1.5680863,-1.5164798,0.051606417,1400,1231,train
1770,-1.5680937,-1.5166962,0.051397443,1400,1231,train
1771,-1.5681009,-1.5192263,0.048874617,1400,1231,train
1772,-1.5681082,-1.5167536,0.051354647,1400,1231,train
1773,-1.5681154,-1.5240283,0.044087052,1400,1231,train
1774,-1.5681225,-1.5176266,0.050495863,1400,1231,train
1775,-1.5681297,-1.5220726,0.046057105,1400,1231,train
1776,-1.5681368,-1.5256706,0.042466164,1400,1231,train
1777,-1.5681438,-1.519596,0.048547864,1400,1231,train
1778,-1.5681509,-1.5189798,0.04917109,1400,1231,train
1779,-1.5681578,-1.5146117,0.05354607,1400,1231,train
1780,-1.5681647,-1.5190456,0.049119115,1400,1231,train
1781,-1.5681716,-1.5093389,0.058832765,1400,1231,train
1782,-1.5681785,-1.5116954,0.05648315,1400,1231,train
1783,-1.5681853,-1.5158782,0.05230713,1400,1231,train
1784,-1.5681921,-1.5329213,0.03527081,1400,1231,train
1785,-1.5681989,-1.5280981,0.040100813,1400,1231,train
1786,-1.5682057,-1.5213959,0.046809793,1400,1231,train
1787,-1.5682124,-1.5136845,0.05452788,1400,1231,train
1788,-1.5682191,-1.5196829,0.04853618,1400,1231,train
1789,-1.5682256,-1.5237653,0.044460297,1400,1231,train
1790,-1.5682322,-1.5249617,0.04327047,1400,1231,train
1791,-1.5682387,-1.5292349,0.03900385,1400,1231,train
1792,-1.5682453,-1.5573514,0.010893941,1400,1231,train
1793,-1.5682518,-1.5415282,0.026723623,1400,1231,train
1794,-1.5682583,-1.5503877,0.017870545,1400,1231,train
1795,-1.5682647,-1.5605696,0.007695079,1400,1231,train
1796,-1.568271,-1.5560639,0.01220715,1400,1231,train
1797,-1.5682775,-1.547557,0.020720482,1400,1231,train
1798,-1.5682838,-1.5484655,0.019818306,1400,1231,train
1799,-1.5682901,-1.5614829,0.006807208,1400,1231,train
1800,-1.5682963,-1.5742731,-0.005976796,1400,1231,train
1801,-1.5683025,-1.5682642,3.8266182e-05,1400,1231,train
1802,-1.5683087,-1.5739919,-0.0056831837,1400,1231,train
1803,-1.5683149,-1.5790207,-0.010705829,1400,1231,train
1804,-1.5683211,-1.5676706,0.0006505251,1400,1231,train
1805,-1.5683272,-1.576459,-0.008131862,1400,1231,train
1806,-1.5683333,-1.5856824,-0.017349124,1400,1231,train
1807,-1.5683393,-1.5874074,-0.019068003,1400,1231,train
1808,-1.5683453,-1.5760769,-0.007731557,1400,1231,train
1809,-1.5683514,-1.5727068,-0.0043554306,1400,1231,train
1810,-1.5683573,-1.5757148,-0.007357478,1400,1231,train
1811,-1.5683632,-1.5809579,-0.0125947,1400,1231,train
1812,-1.5683692,-1.5755222,-0.007153034,1400,1231,train
1813,-1.568375,-1.581106,-0.012730956,1400,1231,train
1814,-1.5683808,-1.5701815,-0.0018006563,1400,1231,train
1815,-1.5683867,-1.5674903,0.00089633465,1400,1231,train
1816,-1.5683925,-1.571434,-0.0030415058,1400,1231,train
1817,-1.5683982,-1.5839221,-0.0155239105,1400,1231,train
1818,-1.568404,-1.5866191,-0.01821518,1400,1231,train
1819,-1.5684097,-1.5950826,-0.02667296,1400,1231,train
1820,-1.5684154,-1.581486,-0.013070583,1400,1231,train
1821,-1.568421,-1.5897222,-0.02130115,1400,1231,train
1822,-1.5684266,-1.5848503,-0.016423702,1400,1231,train
1823,-1.5684322,-1.5756345,-0.0072022676,1400,1231,train
1824,-1.5684378,-1.5920277,-0.02358985,1400,1231,train
1825,-1.5684434,-1.584985,-0.0165416,1400,1231,train
1826,-1.5684489,-1.5919226,-0.02347374,1400,1231,train
1827,-1.5684544,-1.5815352,-0.013080835,1400,1231,train
1828,-1.5684599,-1.5700932,-0.0016332865,1400,1231,train
1829,-1.5684654,-1.5843282,-0.015862823,1400,1231,train
1830,-1.5684707,-1.5863919,-0.01792121,1400,1231,train
1831,-1.5684762,-1.5784192,-0.009943008,1400,1231,train
1832,-1.5684816,-1.5720029,-0.0035213232,1400,1231,train
1833,-1.5684868,-1.5802557,-0.011768937,1400,1231,train
1834,-1.5684922,-1.5893342,-0.020842075,1400,1231,train
1835,-1.5684975,-1.5759734,-0.007475853,1400,1231,train
1836,-1.5685028,-1.5876465,-0.0191437,1400,1231,train
1837,-1.568508,-1.606533,-0.03802502,1400,1231,train
1838,-1.5685133,-1.6077768,-0.039263487,1400,1231,train
1839,-1.5685184,-1.6115499,-0.043031454,1400,1231,train
1840,-1.5685236,-1.6123605,-0.043836832,1400,1231,train
1841,-1.5685288,-1.5990403,-0.030511498,1400,1231,train
1842,-1.5685339,-1.6074773,-0.03894341,1400,1231,train
1843,-1.568539,-1.6053597,-0.03682065,1400,1231,train
1844,-1.568544,-1.6101248,-0.041580796,1400,1231,train
1845,-1.5685492,-1.5971143,-0.028565168,1400,1231,train
1846,-1.5685542,-1.6045647,-0.036010504,1400,1231,train
1847,-1.5685592,-1.6065178,-0.037958622,1400,1231,train
1848,-1.5685642,-1.6107326,-0.04216838,1400,1231,train
1849,-1.5685692,-1.6210431,-0.052473903,1400,1231,train
1850,-1.5685741,-1.6197715,-0.05119741,1400,1231,train
1851,-1.5685791,-1.5999672,-0.031388164,1400,1231,train
1852,-1.568584,-1.6071085,-0.03852451,1400,1231,train
1853,-1.5685889,-1.6037647,-0.0351758,1400,1231,train
1854,-1.5685937,-1.6100221,-0.041428328,1400,1231,train
1855,-1.5685985,-1.6039095,-0.035310984,1400,1231,train
1856,-1.5686034,-1.609096,-0.040492654,1400,1231,train
1857,-1.5686082,-1.621638,-0.053029776,1400,1231,train
1858,-1.5686129,-1.604015,-0.03540206,1400,1231,train
1859,-1.5686177,-1.6069825,-0.038364768,1400,1231,train
1860,-1.5686225,-1.6298183,-0.06119585,1400,1231,train
1861,-1.5686271,-1.6266057,-0.05797863,1400,1231,train
1862,-1.5686319,-1.6130838,-0.044451952,1400,1231,train
1863,-1.5686365,-1.6276816,-0.059045076,1400,1231,train
1864,-1.5686412,-1.6224916,-0.053850412,1400,1231,train
1865,-1.5686458,-1.6092427,-0.040596843,1400,1231,train
1866,-1.5686504,-1.6296804,-0.06103003,1400,1231,train
1867,-1.568655,-1.6320832,-0.06342816,1400,1231,train
1868,-1.5686595,-1.6334621,-0.06480253,1400,1231,train
1869,-1.5686642,-1.6223056,-0.05364144,1400,1231,train
1870,-1.5686687,-1.6429715,-0.07430279,1400,1231,train
1871,-1.5686731,-1.6331655,-0.064492345,1400,1231,train
1872,-1.5686777,-1.6480196,-0.07934189,1400,1231,train
1873,-1.5686822,-1.6298497,-0.06116748,1400,1231,train
1874,-1.5686866,-1.6474271,-0.07874048,1400,1231,train
1875,-1.568691,-1.6564589,-0.08776784,1400,1231,train
1876,-1.5686955,-1.6551452,-0.08644962,1400,1231,train
1877,-1.5686998,-1.6501281,-0.08142829,1400,1231,train
1878,-1.5687042,-1.6415248,-0.072820544,1400,1231,train
1879,-1.5687087,-1.6592317,-0.090523005,1400,1231,train
1880,-1.568713,-1.6491867,-0.08047378,1400,1231,train
1881,-1.5687174,-1.6487019,-0.079984546,1400,1231,train
1882,-1.5687217,-1.6549299,-0.086208224,1400,1231,train
1883,-1.568726,-1.6188533,-0.050127387,1400,1231,train
1884,-1.5687302,-1.6232799,-0.054549694,1400,1231,train
1885,-1.5687345,-1.6346067,-0.06587219,1400,1231,train
1886,-1.5687387,-1.6574855,-0.088746786,1400,1231,train
1887,-1.568743,-1.6544397,-0.0856967,1400,1231,train
1888,-1.5687472,-1.6399858,-0.07123864,1400,1231,train
1889,-1.5687513,-1.6384139,-0.06966257,1400,1231,train
1890,-1.5687555,-1.640727,-0.071971536,1400,1231,train
1891,-1.5687597,-1.6336465,-0.06488681,1400,1231,train
1892,-1.5687639,-1.6387856,-0.07002175,1400,1231,train
1893,-1.5687679,-1.6464517,-0.07768381,1400,1231,train
1894,-1.5687721,-1.6597333,-0.09096122,1400,1231,train
1895,-1.5687761,-1.6587073,-0.08993113,1400,1231,train
1896,-1.5687802,-1.6376982,-0.06891799,1400,1231,train
1897,-1.5687842,-1.6314554,-0.062671185,1400,1231,train
1898,-1.5687883,-1.6546367,-0.08584845,1400,1231,train
1899,-1.5687923,-1.6555301,-0.08673775,1400,1231,train
1900,-1.5687963,-1.6511606,-0.08236432,1400,1231,train
1901,-1.5688003,-1.6517156,-0.082915306,1400,1231,train
1902,-1.5688043,-1.650584,-0.08177972,1400,1231,train
1903,-1.5688083,-1.6613362,-0.09252787,1400,1231,train
1904,-1.5688123,-1.6345699,-0.06575763,1400,1231,train
1905,-1.5688162,-1.657069,-0.08825278,1400,1231,train
1906,-1.56882,-1.6438156,-0.07499564,1400,1231,train
1907,-1.5688239,-1.6493877,-0.08056378,1400,1231,train
1908,-1.5688279,-1.6565052,-0.08767736,1400,1231,train
1909,-1.5688317,-1.6469336,-0.07810187,1400,1231,train
1910,-1.5688355,-1.6470222,-0.07818675,1400,1231,train
1911,-1.5688394,-1.6497815,-0.080942035,1400,1231,train
1912,-1.5688432,-1.6793531,-0.11050987,1400,1231,train
1913,-1.5688471,-1.6701462,-0.10129917,1400,1231,train
1914,-1.5688508,-1.6685913,-0.099740505,1400,1231,train
1915,-1.5688546,-1.6434835,-0.07462895,1400,1231,train
1916,-1.5688584,-1.6571295,-0.08827114,1400,1231,train
1917,-1.5688621,-1.6753522,-0.106490135,1400,1231,train
1918,-1.5688658,-1.6543528,-0.08548701,1400,1231,train
1919,-1.5688696,-1.6868832,-0.11801362,1400,1231,train
1920,-1.5688733,-1.7050169,-0.13614357,1400,1231,train
1921,-1.568877,-1.70022,-0.131343,1400,1231,train
1922,-1.5688807,-1.7091968,-0.14031613,1400,1231,train
1923,-1.5688843,-1.7180231,-0.14913881,1400,1231,train
1924,-1.568888,-1.7087613,-0.13987339,1400,1231,train
1925,-1.5688915,-1.7210684,-0.15217686,1400,1231,train
1926,-1.5688952,-1.7284946,-0.15959942,1400,1231,train
1927,-1.5688988,-1.7321959,-0.16329706,1400,1231,train
1928,-1.5689024,-1.7159622,-0.1470598,1400,1231,train
1929,-1.568906,-1.7195075,-0.1506015,1400,1231,train
1930,-1.5689095,-1.748621,-0.17971146,1400,1231,train
1931,-1.5689131,-1.7225671,-0.15365398,1400,1231,train
1932,-1.5689167,-1.7455578,-0.1766411,1400,1231,train
1933,-1.5689201,-1.7236072,-0.15468705,1400,1231,train
1934,-1.5689237,-1.7494951,-0.18057144,1400,1231,train
1935,-1.5689272,-1.7380569,-0.16912973,1400,1231,train
1936,-1.5689306,-1.73688,-0.16794932,1400,1231,train
1937,-1.5689341,-1.7354532,-0.16651917,1400,1231,train
1938,-1.5689375,-1.7385918,-0.16965425,1400,1231,train
1939,-1.568941,-1.7085862,-0.13964522,1400,1231,train
1940,-1.5689445,-1.7242603,-0.15531588,1400,1231,train
1941,-1.5689479,-1.7299592,-0.16101134,1400,1231,train
1942,-1.5689514,-1.731179,-0.16222763,1400,1231,train
1943,-1.5689547,-1.7248008,-0.15584612,1400,1231,train
1944,-1.568958,-1.7353703,-0.16641223,1400,1231,train
1945,-1.5689615,-1.7298574,-0.16089594,1400,1231,train
