cycle_index,true_kpd,pred_kpd,kpd_error,true_knee_cycle,pred_knee_cycle,split
0,1.5702249,1.5006438,-0.06958103,1750,1738,train
1,1.5702245,1.4821272,-0.088097334,1750,1738,train
2,1.5702243,1.4687166,-0.101507664,1750,1738,train
3,1.5702239,1.4958347,-0.07438922,1750,1738,train
4,1.5702236,1.4810064,-0.089217186,1750,1738,train
5,1.5702232,1.4894245,-0.080798745,1750,1738,train
6,1.570223,1.4748133,-0.09540963,1750,1738,train
7,1.5702226,1.4481806,-0.12204206,1750,1738,train
8,1.5702223,1.5915905,0.021368265,1750,1738,train
9,1.5702219,1.573323,0.0031011105,1750,1738,train
10,1.5702217,1.5500271,-0.02019453,1750,1738,train
11,1.5702213,1.5824643,0.012243032,1750,1738,train
12,1.570221,1.5855262,0.015305281,1750,1738,train
13,1.5702206,1.6043519,0.03413129,1750,1738,train
14,1.5702202,1.6167561,0.04653585,1750,1738,train
15,1.57022,1.6008335,0.030613542,1750,1738,train
16,1.5702196,1.4983103,-0.07190931,1750,1738,train
17,1.5702193,1.4771626,-0.09305668,1750,1738,train
18,1.5702189,1.502544,-0.067674875,1750,1738,train
19,1.5702187,1.4825729,-0.08764577,1750,1738,train
20,1.5702183,1.5143082,-0.05591011,1750,1738,train
21,1.570218,1.4912882,-0.07892978,1750,1738,train
22,1.5702176,1.5001309,-0.07008672,1750,1738,train
23,1.5702173,1.5012892,-0.068928,1750,1738,train
24,1.5702169,1.5689325,-0.0012843609,1750,1738,train
25,1.5702167,1.5652412,-0.004975438,1750,1738,train
26,1.5702163,1.5692154,-0.0010008812,1750,1738,train
27,1.570216,1.551308,-0.018907905,1750,1738,train
28,1.5702156,1.5755271,0.005311489,1750,1738,train
29,1.5702152,1.5828717,0.01265645,1750,1738,train
30,1.570215,1.5623163,-0.007898688,1750,1738,train
31,1.5702146,1.5592747,-0.010939956,1750,1738,train
32,1.5702143,1.548847,-0.021367311,1750,1738,train
33,1.5702139,1.5476441,-0.022569776,1750,1738,train
34,1.5702136,1.5400515,-0.030162096,1750,1738,train
35,1.5702132,1.5341461,-0.03606713,1750,1738,train
36,1.5702128,1.5408366,-0.029376268,1750,1738,train
37,1.5702126,1.5301893,-0.040023327,1750,1738,train
38,1.5702122,1.5619675,-0.008244753,1750,1738,train
39,1.5702119,1.5151311,-0.05508077,1750,1738,train
40,1.5702115,1.5496063,-0.020605206,1750,1738,train
41,1.5702112,1.5225854,-0.04762578,1750,1738,train
42,1.5702108,1.5372022,-0.033008575,1750,1738,train
43,1.5702105,1.5637028,-0.006507635,1750,1738,train
44,1.5702102,1.548317,-0.021893263,1750,1738,train
45,1.5702099,1.5354316,-0.034778237,1750,1738,train
46,1.5702095,1.5634924,-0.006717086,1750,1738,train
47,1.5702091,1.556656,-0.013553143,1750,1738,train
48,1.5702088,1.5299866,-0.040222168,1750,1738,train
49,1.5702084,1.5279279,-0.042280555,1750,1738,train
50,1.5702081,1.5237007,-0.04650736,1750,1738,train
51,1.5702077,1.5210102,-0.049197555,1750,1738,train
52,1.5702074,1.5226206,-0.0475868,1750,1738,train
53,1.570207,1.5128329,-0.05737412,1750,1738,train
54,1.5702068,1.5390348,-0.031171918,1750,1738,train
55,1.5702064,1.531078,-0.039128423,1750,1738,train
56,1.570206,1.4980036,-0.072202444,1750,1738,train
57,1.5702057,1.4999982,-0.07020748,1750,1738,train
58,1.5702053,1.4801115,-0.09009385,1750,1738,train
59,1.570205,1.5110557,-0.059149265,1750,1738,train
60,1.5702046,1.4659542,-0.10425043,1750,1738,train
61,1.5702043,1.4834096,-0.086794615,1750,1738,train
62,1.5702039,1.4762936,-0.09391034,1750,1738,train
63,1.5702035,1.4682833,-0.10192025,1750,1738,train
64,1.5702032,1.482941,-0.08726215,1750,1738,train
65,1.5702028,1.4798268,-0.09037602,1750,1738,train
66,1.5702025,1.5095711,-0.060631394,1750,1738,train
67,1.5702021,1.5049855,-0.06521666,1750,1738,train
68,1.5702018,1.4725806,-0.0976212,1750,1738,train
69,1.5702014,1.5093004,-0.060901046,1750,1738,train
70,1.570201,1.5018935,-0.06830752,1750,1738,train
71,1.5702007,1.4939944,-0.07620633,1750,1738,train
72,1.5702003,1.507648,-0.06255233,1750,1738,train
73,1.5702,1.4986191,-0.07158089,1750,1738,train
74,1.5701996,1.4989582,-0.07124138,1750,1738,train
75,1.5701994,1.4839602,-0.08623922,1750,1738,train
76,1.570199,1.4742234,-0.09597564,1750,1738,train
77,1.5701987,1.4736356,-0.0965631,1750,1738,train
78,1.5701983,1.477246,-0.09295225,1750,1738,train
79,1.5701979,1.4707758,-0.0994221,1750,1738,train
80,1.5701976,1.4816475,-0.08855009,1750,1738,train
81,1.5701972,1.4868865,-0.08331072,1750,1738,train
82,1.5701967,1.5006138,-0.06958294,1750,1738,train
83,1.5701964,1.5134394,-0.056756973,1750,1738,train
84,1.570196,1.4734551,-0.09674096,1750,1738,train
85,1.5701957,1.4667636,-0.10343206,1750,1738,train
86,1.5701953,1.4752824,-0.09491289,1750,1738,train
87,1.570195,1.5015265,-0.068668485,1750,1738,train
88,1.5701946,1.5028331,-0.067361474,1750,1738,train
89,1.5701942,1.4971912,-0.07300305,1750,1738,train
90,1.5701939,1.491747,-0.078446865,1750,1738,train
91,1.5701935,1.4798373,-0.09035623,1750,1738,train
92,1.5701932,1.4800644,-0.09012878,1750,1738,train
93,1.5701928,1.4892495,-0.080943346,1750,1738,train
94,1.5701925,1.4767495,-0.09344292,1750,1738,train
95,1.5701921,1.4772497,-0.09294236,1750,1738,train
96,1.5701917,1.458442,-0.11174977,1750,1738,train
97,1.5701914,1.4538169,-0.11637449,1750,1738,train
98,1.570191,1.4430336,-0.12715745,1750,1738,train
99,1.5701907,1.4612081,-0.10898256,1750,1738,train
100,1.5701903,1.4825507,-0.08763957,1750,1738,train
101,1.57019,1.4741722,-0.09601772,1750,1738,train
102,1.5701895,1.4251405,-0.14504898,1750,1738,train
103,1.5701891,1.47247,-0.09771907,1750,1738,train
104,1.5701888,1.492722,-0.07746673,1750,1738,train
105,1.5701884,1.4903464,-0.07984197,1750,1738,train
106,1.570188,1.4683611,-0.101826906,1750,1738,train
107,1.5701877,1.4803933,-0.0897944,1750,1738,train
108,1.5701873,1.4743589,-0.095828414,1750,1738,train
109,1.570187,1.4764545,-0.093732476,1750,1738,train
110,1.5701866,1.506803,-0.06338358,1750,1738,train
111,1.5701863,1.4686773,-0.101508975,1750,1738,train
112,1.5701858,1.5206629,-0.049522877,1750,1738,train
113,1.5701854,1.4919868,-0.07819867,1750,1738,train
114,1.5701851,1.5023835,-0.067801595,1750,1738,train
115,1.5701847,1.4913785,-0.07880616,1750,1738,train
116,1.5701844,1.4863365,-0.08384788,1750,1738,train
117,1.570184,1.4876717,-0.08251226,1750,1738,train
118,1.5701836,1.4793203,-0.09086335,1750,1738,train
119,1.5701832,1.5139277,-0.05625546,1750,1738,train
120,1.5701828,1.4805303,-0.08965254,1750,1738,train
121,1.5701824,1.4760344,-0.09414804,1750,1738,train
122,1.5701821,1.4861269,-0.084055185,1750,1738,train
123,1.5701817,1.4818678,-0.08831394,1750,1738,train
124,1.5701814,1.4792354,-0.09094596,1750,1738,train
125,1.5701809,1.4967167,-0.073464155,1750,1738,train
126,1.5701805,1.5008023,-0.06937826,1750,1738,train
127,1.5701802,1.4965286,-0.07365155,1750,1738,train
128,1.5701798,1.4844673,-0.08571255,1750,1738,train
129,1.5701795,1.4919175,-0.07826197,1750,1738,train
130,1.570179,1.50066,-0.06951904,1750,1738,train
131,1.5701786,1.4823698,-0.08780885,1750,1738,train
132,1.5701783,1.4911492,-0.07902908,1750,1738,train
133,1.5701779,1.4762868,-0.093891144,1750,1738,train
134,1.5701776,1.4710636,-0.09911394,1750,1738,train
135,1.5701771,1.464381,-0.1057961,1750,1738,train
136,1.5701767,1.5019307,-0.06824601,1750,1738,train
137,1.5701764,1.5087628,-0.061413527,1750,1738,train
138,1.570176,1.5109875,-0.059188485,1750,1738,train
139,1.5701756,1.5122511,-0.05792451,1750,1738,train
140,1.5701752,1.506496,-0.06367922,1750,1738,train
141,1.5701748,1.5019487,-0.0682261,1750,1738,train
142,1.5701745,1.5113343,-0.058840156,1750,1738,train
143,1.5701741,1.4874829,-0.08269119,1750,1738,train
144,1.5701736,1.4818432,-0.08833039,1750,1738,train
145,1.5701733,1.4751885,-0.09498477,1750,1738,train
146,1.5701729,1.5064937,-0.06367922,1750,1738,train
147,1.5701725,1.5141251,-0.05604744,1750,1738,train
148,1.5701721,1.4939873,-0.07618475,1750,1738,train
149,1.5701717,1.4582512,-0.111920476,1750,1738,train
150,1.5701714,1.5042179,-0.06595349,1750,1738,train
151,1.5701709,1.4902894,-0.07988143,1750,1738,train
152,1.5701705,1.5047513,-0.0654192,1750,1738,train
153,1.5701702,1.4967905,-0.073379636,1750,1738,train
154,1.5701698,1.4864193,-0.08375049,1750,1738,train
155,1.5701693,1.4881144,-0.08205497,1750,1738,train
156,1.570169,1.4862252,-0.083943725,1750,1738,train
157,1.5701686,1.4935076,-0.07666099,1750,1738,train
158,1.5701681,1.4885163,-0.08165181,1750,1738,train
159,1.5701678,1.4751002,-0.09506762,1750,1738,train
160,1.5701674,1.4817526,-0.08841479,1750,1738,train
161,1.570167,1.5024055,-0.06776142,1750,1738,train
162,1.5701666,1.5054728,-0.06469381,1750,1738,train
163,1.5701662,1.4964923,-0.07367396,1750,1738,train
164,1.5701658,1.4995642,-0.07060158,1750,1738,train
165,1.5701654,1.4885349,-0.08163047,1750,1738,train
166,1.570165,1.4835324,-0.08663261,1750,1738,train
167,1.5701646,1.4742227,-0.0959419,1750,1738,train
168,1.5701642,1.4797387,-0.09042549,1750,1738,train
169,1.5701638,1.478919,-0.09124482,1750,1738,train
170,1.5701634,1.4780928,-0.09207058,1750,1738,train
171,1.570163,1.487505,-0.08265805,1750,1738,train
172,1.5701627,1.4701347,-0.10002792,1750,1738,train
173,1.5701622,1.4729247,-0.09723747,1750,1738,train
174,1.5701618,1.4844825,-0.08567929,1750,1738,train
175,1.5701615,1.4820844,-0.08807707,1750,1738,train
176,1.570161,1.4728761,-0.09728491,1750,1738,train
177,1.5701606,1.4923251,-0.07783556,1750,1738,train
178,1.5701602,1.4865981,-0.08356202,1750,1738,train
179,1.5701598,1.4717863,-0.09837353,1750,1738,train
180,1.5701594,1.4807409,-0.08941853,1750,1738,train
181,1.570159,1.4878395,-0.0823195,1750,1738,train
182,1.5701586,1.4725473,-0.09761131,1750,1738,train
183,1.5701581,1.4981234,-0.07203472,1750,1738,train
184,1.5701578,1.519228,-0.050929785,1750,1738,train
185,1.5701574,1.4971504,-0.07300699,1750,1738,train
186,1.5701569,1.5018345,-0.06832242,1750,1738,train
187,1.5701566,1.5097454,-0.060411215,1750,1738,train
188,1.5701561,1.5215632,-0.048592925,1750,1738,train
189,1.5701557,1.5279475,-0.042208195,1750,1738,train
190,1.5701553,1.5286505,-0.04150474,1750,1738,train
191,1.5701549,1.5151345,-0.05502045,1750,1738,train
192,1.5701544,1.5204806,-0.049673796,1750,1738,train
193,1.5701541,1.4895799,-0.080574155,1750,1738,train
194,1.5701536,1.4942849,-0.075868726,1750,1738,train
195,1.5701532,1.50842,-0.061733246,1750,1738,train
196,1.5701529,1.4933782,-0.07677472,1750,1738,train
197,1.5701524,1.5226527,-0.047499657,1750,1738,train
198,1.570152,1.5122257,-0.057926297,1750,1738,train
199,1.5701516,1.5229497,-0.047201872,1750,1738,train
200,1.5701512,1.5343962,-0.03575504,1750,1738,train
201,1.5701507,1.537125,-0.03302574,1750,1738,train
202,1.5701504,1.5131042,-0.057046175,1750,1738,train
203,1.5701499,1.529097,-0.041052938,1750,1738,train
204,1.5701495,1.5238411,-0.0463084,1750,1738,train
205,1.5701491,1.5196137,-0.05053532,1750,1738,train
206,1.5701487,1.5134265,-0.056722164,1750,1738,train
207,1.5701482,1.5052593,-0.064888954,1750,1738,train
208,1.5701479,1.4778899,-0.09225798,1750,1738,train
209,1.5701474,1.4654921,-0.104655266,1750,1738,train
210,1.5701469,1.4955047,-0.07464218,1750,1738,train
211,1.5701466,1.4742498,-0.09589672,1750,1738,train
212,1.5701461,1.4699322,-0.100213885,1750,1738,train
213,1.5701457,1.4828773,-0.08726847,1750,1738,train
214,1.5701452,1.4885757,-0.08156955,1750,1738,train
215,1.5701449,1.4614553,-0.10868955,1750,1738,train
216,1.5701444,1.4884379,-0.081706524,1750,1738,train
217,1.570144,1.4922941,-0.077849984,1750,1738,train
218,1.5701436,1.4906992,-0.07944441,1750,1738,train
219,1.5701431,1.4714415,-0.098701596,1750,1738,train
220,1.5701427,1.4832635,-0.08687925,1750,1738,train
221,1.5701423,1.4807265,-0.08941579,1750,1738,train
222,1.5701419,1.4773397,-0.09280217,1750,1738,train
223,1.5701414,1.4770764,-0.09306502,1750,1738,train
224,1.5701411,1.4963938,-0.07374728,1750,1738,train
225,1.5701406,1.4693582,-0.100782394,1750,1738,train
226,1.5701401,1.4637077,-0.10643244,1750,1738,train
227,1.5701398,1.5043284,-0.065811396,1750,1738,train
228,1.5701393,1.4916818,-0.078457475,1750,1738,train
229,1.5701388,1.4721899,-0.09794891,1750,1738,train
230,1.5701385,1.4648027,-0.10533571,1750,1738,train
231,1.570138,1.4565469,-0.113591075,1750,1738,train
232,1.5701376,1.489636,-0.080501676,1750,1738,train
233,1.5701371,1.487257,-0.08288014,1750,1738,train
234,1.5701367,1.4881155,-0.08202112,1750,1738,train
235,1.5701363,1.4780904,-0.0920459,1750,1738,train
236,1.5701358,1.4910643,-0.07907152,1750,1738,train
237,1.5701354,1.5163845,-0.053750873,1750,1738,train
238,1.570135,1.4881653,-0.08196974,1750,1738,train
239,1.5701345,1.5115808,-0.058553696,1750,1738,train
240,1.570134,1.5016572,-0.068476796,1750,1738,train
241,1.5701337,1.4981564,-0.07197726,1750,1738,train
242,1.5701332,1.4919546,-0.078178644,1750,1738,train
243,1.5701327,1.4947004,-0.0754323,1750,1738,train
244,1.5701324,1.4996142,-0.070518136,1750,1738,train
245,1.5701319,1.5042081,-0.06592381,1750,1738,train
246,1.5701314,1.4903497,-0.07978177,1750,1738,train
247,1.570131,1.4893386,-0.08079231,1750,1738,train
248,1.5701306,1.4913888,-0.07874179,1750,1738,train
249,1.5701301,1.4831603,-0.08696985,1750,1738,train
250,1.5701296,1.4808104,-0.08931923,1750,1738,train
251,1.5701292,1.4622701,-0.107859015,1750,1738,train
252,1.5701288,1.4800885,-0.090040326,1750,1738,train
253,1.5701283,1.4690456,-0.10108268,1750,1738,train
254,1.5701278,1.4763141,-0.09381378,1750,1738,train
255,1.5701275,1.468997,-0.101130486,1750,1738,train
256,1.570127,1.5222315,-0.04789555,1750,1738,train
257,1.5701265,1.4969695,-0.07315707,1750,1738,train
258,1.570126,1.4843724,-0.08575368,1750,1738,train
259,1.5701256,1.4914036,-0.078722,1750,1738,train
260,1.5701252,1.4861138,-0.084011436,1750,1738,train
261,1.5701247,1.5369506,-0.033174157,1750,1738,train
262,1.5701243,1.5132968,-0.056827426,1750,1738,train
263,1.5701238,1.4842666,-0.08585715,1750,1738,train
264,1.5701234,1.4758141,-0.09430933,1750,1738,train
265,1.570123,1.4818866,-0.08823633,1750,1738,train
266,1.5701225,1.4791446,-0.09097791,1750,1738,train
267,1.570122,1.5005965,-0.06952548,1750,1738,train
268,1.5701215,1.4885662,-0.08155537,1750,1738,train
269,1.570121,1.4908173,-0.07930374,1750,1738,train
270,1.5701207,1.4911665,-0.07895422,1750,1738,train
271,1.5701202,1.5028007,-0.06731951,1750,1738,train
272,1.5701197,1.4954739,-0.07464588,1750,1738,train
273,1.5701193,1.5131872,-0.05693209,1750,1738,train
274,1.5701188,1.4726495,-0.09746933,1750,1738,train
275,1.5701183,1.4929346,-0.07718372,1750,1738,train
276,1.570118,1.4980963,-0.0720216,1750,1738,train
277,1.5701175,1.5005665,-0.06955099,1750,1738,train
278,1.570117,1.4994581,-0.07065892,1750,1738,train
279,1.5701165,1.4824828,-0.08763373,1750,1738,train
280,1.570116,1.4740067,-0.09610939,1750,1738,train
281,1.5701156,1.4680017,-0.10211384,1750,1738,train
282,1.5701151,1.4919713,-0.078143835,1750,1738,train
283,1.5701146,1.4544573,-0.11565733,1750,1738,train
284,1.5701143,1.454636,-0.11547828,1750,1738,train
285,1.5701138,1.4899745,-0.08013928,1750,1738,train
286,1.5701133,1.4616156,-0.10849774,1750,1738,train
287,1.5701128,1.475219,-0.09489381,1750,1738,train
288,1.5701123,1.477668,-0.0924443,1750,1738,train
289,1.5701119,1.477874,-0.09223783,1750,1738,train
290,1.5701114,1.4508944,-0.11921704,1750,1738,train
291,1.5701109,1.4396548,-0.13045609,1750,1738,train
292,1.5701104,1.4694968,-0.100613594,1750,1738,train
293,1.57011,1.4968395,-0.07327044,1750,1738,train
294,1.5701095,1.4510013,-0.1191082,1750,1738,train
295,1.570109,1.4529196,-0.11718941,1750,1738,train
296,1.5701085,1.4855018,-0.08460677,1750,1738,train
297,1.570108,1.492039,-0.07806909,1750,1738,train
298,1.5701076,1.4789714,-0.09113622,1750,1738,train
299,1.5701071,1.493462,-0.076645136,1750,1738,train
300,1.5701066,1.4587982,-0.111308455,1750,1738,train
301,1.5701061,1.4989935,-0.07111263,1750,1738,train
302,1.5701057,1.4799201,-0.09018552,1750,1738,train
303,1.5701052,1.4726572,-0.09744799,1750,1738,train
304,1.5701047,1.5137861,-0.05631864,1750,1738,train
305,1.5701042,1.4962039,-0.07390034,1750,1738,train
306,1.5701038,1.4753948,-0.09470892,1750,1738,train
307,1.5701033,1.4813772,-0.08872604,1750,1738,train
308,1.5701028,1.4944036,-0.07569921,1750,1738,train
309,1.5701023,1.5055896,-0.06451273,1750,1738,train
310,1.5701019,1.4991908,-0.07091105,1750,1738,train
311,1.5701014,1.4612598,-0.10884154,1750,1738,train
312,1.5701009,1.4568505,-0.113250375,1750,1738,train
313,1.5701004,1.4788473,-0.09125316,1750,1738,train
314,1.5701,1.4832523,-0.08684766,1750,1738,train
315,1.5700995,1.4950184,-0.07508111,1750,1738,train
316,1.570099,1.4829867,-0.08711231,1750,1738,train
317,1.5700985,1.47558,-0.09451854,1750,1738,train
318,1.570098,1.4761481,-0.093949914,1750,1738,train
319,1.5700976,1.4696423,-0.100455284,1750,1738,train
320,1.570097,1.4845301,-0.08556688,1750,1738,train
321,1.5700965,1.5035114,-0.066585064,1750,1738,train
322,1.570096,1.5074065,-0.06268954,1750,1738,train
323,1.5700955,1.487785,-0.08231056,1750,1738,train
324,1.5700951,1.4612775,-0.10881758,1750,1738,train
325,1.5700946,1.4878018,-0.082292795,1750,1738,train
326,1.5700941,1.4815423,-0.08855176,1750,1738,train
327,1.5700936,1.4647856,-0.105308056,1750,1738,train
328,1.570093,1.4869139,-0.083179116,1750,1738,train
329,1.5700926,1.4937267,-0.07636583,1750,1738,train
330,1.5700921,1.4802381,-0.089854,1750,1738,train
331,1.5700916,1.4927282,-0.07736337,1750,1738,train
332,1.5700911,1.4781921,-0.09189904,1750,1738,train
333,1.5700907,1.482332,-0.08775866,1750,1738,train
334,1.57009,1.4730887,-0.097001314,1750,1738,train
335,1.5700896,1.4717684,-0.0983212,1750,1738,train
336,1.5700891,1.4890883,-0.081000805,1750,1738,train
337,1.5700886,1.4787122,-0.091376424,1750,1738,train
338,1.5700881,1.4777628,-0.09232533,1750,1738,train
339,1.5700876,1.4661839,-0.10390365,1750,1738,train
340,1.5700871,1.4698195,-0.10026753,1750,1738,train
341,1.5700866,1.4770316,-0.09305501,1750,1738,train
342,1.5700861,1.4914626,-0.07862353,1750,1738,train
343,1.5700856,1.4851806,-0.08490503,1750,1738,train
344,1.570085,1.4860853,-0.08399975,1750,1738,train
345,1.5700846,1.4778783,-0.09220624,1750,1738,train
346,1.5700841,1.4720052,-0.09807885,1750,1738,train
347,1.5700836,1.4703765,-0.09970713,1750,1738,train
348,1.570083,1.479871,-0.09021199,1750,1738,train
349,1.5700825,1.4835026,-0.08657992,1750,1738,train
350,1.5700821,1.4677927,-0.10228932,1750,1738,train
351,1.5700815,1.4665656,-0.10351586,1750,1738,train
352,1.570081,1.4918606,-0.07822037,1750,1738,train
353,1.5700805,1.4901478,-0.07993269,1750,1738,train
354,1.57008,1.4853733,-0.08470678,1750,1738,train
355,1.5700794,1.4803487,-0.08973074,1750,1738,train
356,1.570079,1.4902241,-0.079854846,1750,1738,train
357,1.5700785,1.4864321,-0.08364642,1750,1738,train
358,1.5700779,1.4896243,-0.080453634,1750,1738,train
359,1.5700774,1.4927808,-0.077296615,1750,1738,train
360,1.570077,1.4945621,-0.07551479,1750,1738,train
361,1.5700763,1.4920082,-0.07806814,1750,1738,train
362,1.5700759,1.4824436,-0.0876323,1750,1738,train
363,1.5700754,1.5006738,-0.06940162,1750,1738,train
364,1.5700748,1.492645,-0.07742977,1750,1738,train
365,1.5700743,1.4928889,-0.07718539,1750,1738,train
366,1.5700738,1.4928887,-0.077185154,1750,1738,train
367,1.5700732,1.4782652,-0.09180808,1750,1738,train
368,1.5700728,1.4746088,-0.09546399,1750,1738,train
369,1.5700722,1.4614873,-0.10858488,1750,1738,train
370,1.5700717,1.4559575,-0.114114165,1750,1738,train
371,1.5700712,1.4829258,-0.08714545,1750,1738,train
372,1.5700706,1.4720846,-0.09798598,1750,1738,train
373,1.5700701,1.4466515,-0.12341869,1750,1738,train
374,1.5700696,1.4468296,-0.123239994,1750,1738,train
375,1.5700691,1.4539294,-0.11613965,1750,1738,train
376,1.5700685,1.4394938,-0.1305747,1750,1738,train
377,1.570068,1.4379556,-0.13211238,1750,1738,train
378,1.5700674,1.4453553,-0.12471211,1750,1738,train
379,1.5700669,1.4418012,-0.12826574,1750,1738,train
380,1.5700665,1.4363263,-0.13374019,1750,1738,train
381,1.5700659,1.4423556,-0.12771022,1750,1738,train
382,1.5700654,1.4433147,-0.12675071,1750,1738,train
383,1.5700648,1.4681468,-0.10191798,1750,1738,train
384,1.5700643,1.4602021,-0.10986221,1750,1738,train
385,1.5700637,1.4650724,-0.10499132,1750,1738,train
386,1.5700632,1.4593337,-0.110729575,1750,1738,train
387,1.5700626,1.4681923,-0.1018703,1750,1738,train
388,1.5700622,1.4551611,-0.114901066,1750,1738,train
389,1.5700616,1.4445297,-0.12553191,1750,1738,train
390,1.5700611,1.4402305,-0.1298306,1750,1738,train
391,1.5700605,1.4351102,-0.13495028,1750,1738,train
392,1.5700599,1.4531447,-0.116915226,1750,1738,train
393,1.5700594,1.4702852,-0.09977424,1750,1738,train
394,1.5700588,1.4616696,-0.10838926,1750,1738,train
395,1.5700583,1.4792233,-0.090835094,1750,1738,train
396,1.5700577,1.4752504,-0.09480739,1750,1738,train
397,1.5700573,1.4693669,-0.100690365,1750,1738,train
398,1.5700567,1.4889541,-0.08110261,1750,1738,train
399,1.5700561,1.4856241,-0.084432006,1750,1738,train
400,1.5700556,1.487524,-0.08253157,1750,1738,train
401,1.570055,1.4839499,-0.08610511,1750,1738,train
402,1.5700545,1.4833364,-0.08671808,1750,1738,train
403,1.5700539,1.4905951,-0.07945883,1750,1738,train
404,1.5700533,1.4840505,-0.08600283,1750,1738,train
405,1.5700529,1.4670539,-0.10299897,1750,1738,train
406,1.5700523,1.4748621,-0.09519017,1750,1738,train
407,1.5700517,1.4643431,-0.1057086,1750,1738,train
408,1.5700512,1.4666413,-0.10340989,1750,1738,train
409,1.5700506,1.4791796,-0.09087098,1750,1738,train
410,1.57005,1.4719995,-0.098050475,1750,1738,train
411,1.5700495,1.4881587,-0.08189082,1750,1738,train
412,1.5700489,1.4981215,-0.07192743,1750,1738,train
413,1.5700483,1.4694514,-0.100596905,1750,1738,train
414,1.5700479,1.4752754,-0.09477246,1750,1738,train
415,1.5700473,1.479685,-0.09036231,1750,1738,train
416,1.5700467,1.4721148,-0.09793186,1750,1738,train
417,1.5700462,1.4777232,-0.092322946,1750,1738,train
418,1.5700456,1.4816436,-0.08840203,1750,1738,train
419,1.570045,1.4741765,-0.09586847,1750,1738,train
420,1.5700444,1.5007231,-0.069321275,1750,1738,train
421,1.5700439,1.4862418,-0.083802104,1750,1738,train
422,1.5700433,1.4856067,-0.084436655,1750,1738,train
423,1.5700427,1.4905242,-0.07951856,1750,1738,train
424,1.5700421,1.4980732,-0.07196891,1750,1738,train
425,1.5700417,1.4961109,-0.07393074,1750,1738,train
426,1.5700411,1.499815,-0.07022607,1750,1738,train
427,1.5700405,1.4980581,-0.071982384,1750,1738,train
428,1.5700399,1.5374663,-0.03257358,1750,1738,train
429,1.5700393,1.5223716,-0.047667623,1750,1738,train
430,1.5700388,1.5229881,-0.047050714,1750,1738,train
431,1.5700382,1.533482,-0.036556244,1750,1738,train
432,1.5700376,1.5224066,-0.047631025,1750,1738,train
433,1.570037,1.5202307,-0.049806356,1750,1738,train
434,1.5700364,1.5053012,-0.064735174,1750,1738,train
435,1.5700358,1.49655,-0.07348585,1750,1738,train
436,1.5700353,1.4831996,-0.08683574,1750,1738,train
437,1.5700347,1.4998599,-0.07017481,1750,1738,train
438,1.5700341,1.4853864,-0.084647775,1750,1738,train
439,1.5700336,1.4976362,-0.07239735,1750,1738,train
440,1.570033,1.5182768,-0.051756144,1750,1738,train
441,1.5700324,1.5021355,-0.06789684,1750,1738,train
442,1.5700318,1.4876964,-0.08233535,1750,1738,train
443,1.5700312,1.5079384,-0.06209278,1750,1738,train
444,1.5700307,1.4968072,-0.07322347,1750,1738,train
445,1.5700301,1.4898928,-0.08013725,1750,1738,train
446,1.5700295,1.4885341,-0.081495404,1750,1738,train
447,1.5700289,1.4941362,-0.07589269,1750,1738,train
448,1.5700283,1.479796,-0.09023225,1750,1738,train
449,1.5700277,1.5092747,-0.060752988,1750,1738,train
450,1.5700271,1.5099597,-0.060067415,1750,1738,train
451,1.5700265,1.5126208,-0.05740571,1750,1738,train
452,1.5700259,1.510031,-0.059994936,1750,1738,train
453,1.5700253,1.4926301,-0.0773952,1750,1738,train
454,1.5700247,1.5035827,-0.06644201,1750,1738,train
455,1.5700241,1.5025029,-0.067521214,1750,1738,train
456,1.5700235,1.5141506,-0.055872917,1750,1738,train
457,1.570023,1.4914793,-0.07854366,1750,1738,train
458,1.5700223,1.5107782,-0.059244156,1750,1738,train
459,1.5700217,1.5147133,-0.05530846,1750,1738,train
460,1.5700212,1.5184865,-0.051534653,1750,1738,train
461,1.5700206,1.5174344,-0.052586198,1750,1738,train
462,1.57002,1.5225458,-0.047474146,1750,1738,train
463,1.5700194,1.5107913,-0.059228063,1750,1738,train
464,1.5700188,1.5115625,-0.0584563,1750,1738,train
465,1.5700182,1.5082245,-0.061793685,1750,1738,train
466,1.5700175,1.5162683,-0.053749204,1750,1738,train
467,1.5700169,1.5100734,-0.059943438,1750,1738,train
468,1.5700163,1.5153701,-0.054646134,1750,1738,train
469,1.5700157,1.5194465,-0.050569177,1750,1738,train
470,1.5700151,1.5244124,-0.04560268,1750,1738,train
471,1.5700145,1.5265921,-0.04342234,1750,1738,train
472,1.5700139,1.5314219,-0.03859198,1750,1738,train
473,1.5700133,1.5325787,-0.037434578,1750,1738,train
474,1.5700126,1.5255197,-0.04449284,1750,1738,train
475,1.570012,1.51668,-0.05333197,1750,1738,train
476,1.5700114,1.5265381,-0.043473244,1750,1738,train
477,1.5700108,1.5161331,-0.05387771,1750,1738,train
478,1.5700102,1.517552,-0.052458167,1750,1738,train
479,1.5700096,1.5296504,-0.04035914,1750,1738,train
480,1.5700089,1.5220801,-0.04792881,1750,1738,train
481,1.5700083,1.5045174,-0.06549084,1750,1738,train
482,1.5700077,1.5105717,-0.059435964,1750,1738,train
483,1.5700071,1.5268904,-0.04311669,1750,1738,train
484,1.5700065,1.5085113,-0.061495185,1750,1738,train
485,1.5700058,1.5128839,-0.057121873,1750,1738,train
486,1.5700052,1.5242575,-0.045747638,1750,1738,train
487,1.5700046,1.5363271,-0.03367746,1750,1738,train
488,1.570004,1.5390286,-0.030975342,1750,1738,train
489,1.5700033,1.538487,-0.031516314,1750,1738,train
490,1.5700027,1.5402324,-0.029770255,1750,1738,train
491,1.5700021,1.5472187,-0.022783399,1750,1738,train
492,1.5700014,1.52677,-0.043231368,1750,1738,train
493,1.5700008,1.5214703,-0.04853046,1750,1738,train
494,1.5700002,1.5470405,-0.02295971,1750,1738,train
495,1.5699995,1.5259434,-0.044056058,1750,1738,train
496,1.5699989,1.5401661,-0.02983272,1750,1738,train
497,1.5699983,1.5294,-0.040598273,1750,1738,train
498,1.5699975,1.5337752,-0.03622234,1750,1738,train
499,1.569997,1.5249193,-0.04507768,1750,1738,train
500,1.5699964,1.5345662,-0.035430193,1750,1738,train
501,1.5699956,1.5314035,-0.0385921,1750,1738,train
502,1.569995,1.5252485,-0.044746518,1750,1738,train
503,1.5699944,1.5361223,-0.033872128,1750,1738,train
504,1.5699937,1.547461,-0.022532701,1750,1738,train
505,1.5699931,1.5431321,-0.026861072,1750,1738,train
506,1.5699924,1.5454804,-0.024512053,1750,1738,train
507,1.5699918,1.550071,-0.019920826,1750,1738,train
508,1.5699912,1.5756764,0.00568521,1750,1738,train
509,1.5699905,1.5581193,-0.011871219,1750,1738,train
510,1.5699899,1.5634314,-0.0065585375,1750,1738,train
511,1.5699892,1.5813862,0.011397004,1750,1738,train
512,1.5699886,1.5601113,-0.009877324,1750,1738,train
513,1.5699879,1.5689341,-0.0010538101,1750,1738,train
514,1.5699873,1.5612043,-0.008782983,1750,1738,train
515,1.5699866,1.5630085,-0.006978035,1750,1738,train
516,1.569986,1.5496716,-0.020314336,1750,1738,train
517,1.5699853,1.5615028,-0.008482456,1750,1738,train
518,1.5699847,1.5688754,-0.0011092424,1750,1738,train
519,1.569984,1.5288408,-0.04114318,1750,1738,train
520,1.5699834,1.552796,-0.017187357,1750,1738,train
521,1.5699826,1.5328703,-0.037112355,1750,1738,train
522,1.569982,1.5322293,-0.037752748,1750,1738,train
523,1.5699813,1.5268763,-0.043105006,1750,1738,train
524,1.5699806,1.5116317,-0.058348894,1750,1738,train
525,1.56998,1.5367812,-0.033198833,1750,1738,train
526,1.5699793,1.5078008,-0.062178493,1750,1738,train
527,1.5699787,1.5217396,-0.048239112,1750,1738,train
528,1.569978,1.5095227,-0.060455322,1750,1738,train
529,1.5699773,1.5136516,-0.056325674,1750,1738,train
530,1.5699767,1.5227658,-0.04721093,1750,1738,train
531,1.569976,1.540887,-0.029088974,1750,1738,train
532,1.5699753,1.5446519,-0.025323391,1750,1738,train
533,1.5699747,1.5533332,-0.016641498,1750,1738,train
534,1.569974,1.5695939,-0.00038003922,1750,1738,train
535,1.5699732,1.568289,-0.0016841888,1750,1738,train
536,1.5699726,1.5670042,-0.0029684305,1750,1738,train
537,1.5699719,1.5816162,0.011644244,1750,1738,train
538,1.5699712,1.5831419,0.013170719,1750,1738,train
539,1.5699706,1.5714593,0.0014886856,1750,1738,train
540,1.5699699,1.5788217,0.008851767,1750,1738,train
541,1.5699692,1.5607362,-0.009232998,1750,1738,train
542,1.5699685,1.5809891,0.01102066,1750,1738,train
543,1.5699679,1.5725459,0.00257802,1750,1738,train
544,1.5699672,1.5691808,-0.0007863045,1750,1738,train
545,1.5699664,1.5660819,-0.003884554,1750,1738,train
546,1.5699657,1.5528721,-0.017093658,1750,1738,train
547,1.5699651,1.5547656,-0.015199542,1750,1738,train
548,1.5699644,1.5599283,-0.010036111,1750,1738,train
549,1.5699637,1.5669717,-0.002992034,1750,1738,train
550,1.569963,1.5721049,0.0021419525,1750,1738,train
551,1.5699623,1.5938528,0.023890495,1750,1738,train
552,1.5699615,1.600654,0.030692458,1750,1738,train
553,1.569961,1.5947955,0.024834514,1750,1738,train
554,1.5699602,1.6070929,0.03713262,1750,1738,train
555,1.5699595,1.5950081,0.025048614,1750,1738,train
556,1.5699588,1.5914335,0.021474719,1750,1738,train
557,1.5699581,1.6045041,0.034546018,1750,1738,train
558,1.5699574,1.5988663,0.028908968,1750,1738,train
559,1.5699567,1.584776,0.014819384,1750,1738,train
560,1.569956,1.5652444,-0.0047115088,1750,1738,train
561,1.5699552,1.5651598,-0.004795432,1750,1738,train
562,1.5699546,1.554851,-0.015103579,1750,1738,train
563,1.5699539,1.5616955,-0.008258462,1750,1738,train
564,1.5699532,1.5655336,-0.004419565,1750,1738,train
565,1.5699525,1.5624938,-0.007458687,1750,1738,train
566,1.5699518,1.5569711,-0.0129807,1750,1738,train
567,1.569951,1.5488005,-0.021150589,1750,1738,train
568,1.5699503,1.553724,-0.016226292,1750,1738,train
569,1.5699496,1.5660274,-0.003922224,1750,1738,train
570,1.5699489,1.5645317,-0.0054172277,1750,1738,train
571,1.5699482,1.5708627,0.00091445446,1750,1738,train
572,1.5699475,1.5919484,0.022000909,1750,1738,train
573,1.5699468,1.6060187,0.036071897,1750,1738,train
574,1.5699459,1.5891777,0.019231796,1750,1738,train
575,1.5699452,1.6069448,0.036999583,1750,1738,train
576,1.5699445,1.6051106,0.035166144,1750,1738,train
577,1.5699438,1.6064674,0.03652358,1750,1738,train
578,1.5699431,1.6008834,0.030940294,1750,1738,train
579,1.5699424,1.592278,0.022335649,1750,1738,train
580,1.5699416,1.5803204,0.010378718,1750,1738,train
581,1.5699409,1.5753679,0.005427003,1750,1738,train
582,1.5699402,1.5706035,0.0006632805,1750,1738,train
583,1.5699394,1.5598149,-0.010124445,1750,1738,train
584,1.5699387,1.5659006,-0.0040380955,1750,1738,train
585,1.569938,1.5797403,0.009802341,1750,1738,train
586,1.5699372,1.5536181,-0.016319156,1750,1738,train
587,1.5699365,1.5800915,0.010154963,1750,1738,train
588,1.5699358,1.5815365,0.011600733,1750,1738,train
589,1.569935,1.5742538,0.0043188334,1750,1738,train
590,1.5699342,1.5907738,0.020839572,1750,1738,train
591,1.5699335,1.5813541,0.011420608,1750,1738,train
592,1.5699328,1.6079932,0.038060427,1750,1738,train
593,1.569932,1.6120641,0.04213214,1750,1738,train
594,1.5699313,1.6205763,0.050644994,1750,1738,train
595,1.5699306,1.6231385,0.053207994,1750,1738,train
596,1.5699297,1.6169032,0.046973467,1750,1738,train
597,1.569929,1.623273,0.05334401,1750,1738,train
598,1.5699283,1.6102605,0.0403322,1750,1738,train
599,1.5699276,1.622259,0.052331448,1750,1738,train
600,1.5699267,1.6104126,0.04048586,1750,1738,train
601,1.569926,1.5967934,0.02686739,1750,1738,train
602,1.5699252,1.587396,0.017470837,1750,1738,train
603,1.5699245,1.5818889,0.01196444,1750,1738,train
604,1.5699238,1.5985671,0.02864337,1750,1738,train
605,1.5699229,1.5883338,0.018410921,1750,1738,train
606,1.5699222,1.5812951,0.011372924,1750,1738,train
607,1.5699215,1.5866523,0.016730785,1750,1738,train
608,1.5699207,1.5977408,0.02782011,1750,1738,train
609,1.56992,1.6234906,0.05357063,1750,1738,train
610,1.5699191,1.6371875,0.06726837,1750,1738,train
611,1.5699184,1.6336061,0.06368768,1750,1738,train
612,1.5699176,1.6414,0.07148242,1750,1738,train
613,1.5699168,1.641206,0.07128918,1750,1738,train
614,1.569916,1.6206762,0.05076015,1750,1738,train
615,1.5699153,1.6329372,0.0630219,1750,1738,train
616,1.5699145,1.6439338,0.07401931,1750,1738,train
617,1.5699137,1.6574919,0.08757818,1750,1738,train
618,1.5699129,1.6336073,0.06369436,1750,1738,train
619,1.5699122,1.630788,0.060875773,1750,1738,train
620,1.5699114,1.6311034,0.061192036,1750,1738,train
621,1.5699106,1.6100957,0.040185094,1750,1738,train
622,1.5699098,1.596367,0.02645719,1750,1738,train
623,1.569909,1.5993594,0.029450417,1750,1738,train
624,1.5699083,1.5784472,0.008538961,1750,1738,train
625,1.5699074,1.5747917,0.004884243,1750,1738,train
626,1.5699066,1.5709887,0.0010820627,1750,1738,train
627,1.5699059,1.5822463,0.012340426,1750,1738,train
628,1.569905,1.579948,0.010042906,1750,1738,train
629,1.5699042,1.5872947,0.01739049,1750,1738,train
630,1.5699035,1.5902854,0.020381927,1750,1738,train
631,1.5699027,1.6030097,0.033107042,1750,1738,train
632,1.5699018,1.595613,0.025711179,1750,1738,train
633,1.5699011,1.6195427,0.04964161,1750,1738,train
634,1.5699003,1.6210054,0.05110514,1750,1738,train
635,1.5698994,1.6200219,0.0501225,1750,1738,train
636,1.5698986,1.6111652,0.04126656,1750,1738,train
637,1.5698979,1.620147,0.0502491,1750,1738,train
638,1.569897,1.6069722,0.037075162,1750,1738,train
639,1.5698962,1.6184986,0.048602343,1750,1738,train
640,1.5698954,1.6234654,0.053570032,1750,1738,train
641,1.5698947,1.6424067,0.07251203,1750,1738,train
642,1.5698938,1.623483,0.053589106,1750,1738,train
643,1.569893,1.6488016,0.07890856,1750,1738,train
644,1.5698922,1.6352782,0.06538606,1750,1738,train
645,1.5698913,1.6529447,0.08305335,1750,1738,train
646,1.5698905,1.6387358,0.06884527,1750,1738,train
647,1.5698897,1.6484393,0.07854962,1750,1738,train
648,1.5698888,1.6553532,0.08546436,1750,1738,train
649,1.5698881,1.6529629,0.08307481,1750,1738,train
650,1.5698873,1.6343167,0.0644294,1750,1738,train
651,1.5698864,1.644929,0.075042605,1750,1738,train
652,1.5698856,1.6308165,0.060930848,1750,1738,train
653,1.5698848,1.6342605,0.06437576,1750,1738,train
654,1.569884,1.6108893,0.041005373,1750,1738,train
655,1.5698831,1.6104066,0.04052353,1750,1738,train
656,1.5698823,1.6065688,0.03668654,1750,1738,train
657,1.5698814,1.62712,0.05723858,1750,1738,train
658,1.5698806,1.6179769,0.0480963,1750,1738,train
659,1.5698798,1.6347593,0.06487954,1750,1738,train
660,1.5698789,1.6278163,0.057937384,1750,1738,train
661,1.5698781,1.633993,0.06411493,1750,1738,train
662,1.5698773,1.6409906,0.07111335,1750,1738,train
663,1.5698763,1.6343782,0.06450188,1750,1738,train
664,1.5698755,1.6396649,0.06978941,1750,1738,train
665,1.5698746,1.6434562,0.07358158,1750,1738,train
666,1.5698738,1.6211784,0.05130458,1750,1738,train
667,1.569873,1.6155347,0.045661688,1750,1738,train
668,1.5698721,1.6271874,0.05731523,1750,1738,train
669,1.5698713,1.6179756,0.048104286,1750,1738,train
670,1.5698704,1.60977,0.039899707,1750,1738,train
671,1.5698695,1.6185095,0.048640013,1750,1738,train
672,1.5698687,1.6197246,0.049855947,1750,1738,train
673,1.5698678,1.6035353,0.033667445,1750,1738,train
674,1.569867,1.6041931,0.034326077,1750,1738,train
675,1.5698661,1.6214715,0.051605463,1750,1738,train
676,1.5698652,1.6265726,0.056707382,1750,1738,train
677,1.5698644,1.624044,0.05417955,1750,1738,train
678,1.5698634,1.6273762,0.05751276,1750,1738,train
679,1.5698626,1.6209189,0.051056266,1750,1738,train
680,1.5698618,1.6291121,0.059250355,1750,1738,train
681,1.5698608,1.6594248,0.089563966,1750,1738,train
682,1.56986,1.6270717,0.057211757,1750,1738,train
683,1.5698591,1.6298109,0.059951782,1750,1738,train
684,1.5698582,1.6331925,0.063334346,1750,1738,train
685,1.5698574,1.6217898,0.051932454,1750,1738,train
686,1.5698565,1.6056961,0.035839558,1750,1738,train
687,1.5698556,1.5977346,0.027879,1750,1738,train
688,1.5698547,1.595358,0.025503278,1750,1738,train
689,1.5698538,1.6082308,0.038377047,1750,1738,train
690,1.569853,1.6225013,0.052648306,1750,1738,train
691,1.569852,1.6023412,0.03248918,1750,1738,train
692,1.5698512,1.6132226,0.04337144,1750,1738,train
693,1.5698502,1.6097775,0.039927244,1750,1738,train
694,1.5698494,1.6054766,0.035627246,1750,1738,train
695,1.5698484,1.5845268,0.014678359,1750,1738,train
696,1.5698476,1.5893419,0.019494295,1750,1738,train
697,1.5698466,1.5964959,0.026649237,1750,1738,train
698,1.5698458,1.578417,0.008571148,1750,1738,train
699,1.5698448,1.5828621,0.013017297,1750,1738,train
700,1.5698439,1.5881941,0.018350244,1750,1738,train
701,1.569843,1.5928413,0.022998214,1750,1738,train
702,1.5698421,1.5810646,0.011222482,1750,1738,train
703,1.5698413,1.5800298,0.01018858,1750,1738,train
704,1.5698403,1.5856401,0.01579976,1750,1738,train
705,1.5698394,1.5831965,0.0133571625,1750,1738,train
706,1.5698385,1.5743415,0.0045030117,1750,1738,train
707,1.5698376,1.560999,-0.008838534,1750,1738,train
708,1.5698366,1.5616705,-0.008166075,1750,1738,train
709,1.5698357,1.5452584,-0.02457726,1750,1738,train
710,1.5698348,1.5604733,-0.0093615055,1750,1738,train
711,1.5698339,1.5409845,-0.028849363,1750,1738,train
712,1.5698329,1.538208,-0.031624913,1750,1738,train
713,1.569832,1.5436634,-0.026168585,1750,1738,train
714,1.5698311,1.5233847,-0.046446443,1750,1738,train
715,1.5698302,1.525309,-0.044521213,1750,1738,train
716,1.5698292,1.5396268,-0.030202389,1750,1738,train
717,1.5698283,1.5371335,-0.032694817,1750,1738,train
718,1.5698273,1.5678844,-0.001942873,1750,1738,train
719,1.5698264,1.5471344,-0.022691965,1750,1738,train
720,1.5698254,1.5795394,0.009714007,1750,1738,train
721,1.5698245,1.5666555,-0.0031689405,1750,1738,train
722,1.5698236,1.5747825,0.004958868,1750,1738,train
723,1.5698227,1.5845841,0.014761448,1750,1738,train
724,1.5698217,1.5770274,0.0072057247,1750,1738,train
725,1.5698208,1.5600262,-0.009794593,1750,1738,train
726,1.5698198,1.5724225,0.0026026964,1750,1738,train
727,1.5698189,1.5391161,-0.03070271,1750,1738,train
728,1.5698179,1.5457933,-0.024024606,1750,1738,train
729,1.569817,1.5445356,-0.02528131,1750,1738,train
730,1.569816,1.5320827,-0.037733316,1750,1738,train
731,1.5698149,1.5308195,-0.038995385,1750,1738,train
732,1.569814,1.5319232,-0.037890792,1750,1738,train
733,1.569813,1.5419407,-0.027872324,1750,1738,train
734,1.569812,1.553866,-0.01594603,1750,1738,train
735,1.5698111,1.5401485,-0.02966261,1750,1738,train
736,1.5698102,1.5446321,-0.025178075,1750,1738,train
737,1.5698092,1.5426524,-0.02715683,1750,1738,train
738,1.5698081,1.5356127,-0.034195423,1750,1738,train
739,1.5698072,1.5469544,-0.022852778,1750,1738,train
740,1.5698062,1.5196295,-0.05017674,1750,1738,train
741,1.5698053,1.5215039,-0.04830134,1750,1738,train
742,1.5698043,1.5287794,-0.041024923,1750,1738,train
743,1.5698032,1.5234878,-0.04631543,1750,1738,train
744,1.5698023,1.5222776,-0.04752469,1750,1738,train
745,1.5698013,1.5006231,-0.06917822,1750,1738,train
746,1.5698003,1.5036527,-0.066147566,1750,1738,train
747,1.5697993,1.5108697,-0.058929563,1750,1738,train
748,1.5697984,1.5128607,-0.056937695,1750,1738,train
749,1.5697973,1.5163945,-0.05340278,1750,1738,train
750,1.5697963,1.528015,-0.041781306,1750,1738,train
751,1.5697954,1.5150659,-0.05472946,1750,1738,train
752,1.5697943,1.5293044,-0.040489912,1750,1738,train
753,1.5697933,1.5223196,-0.04747379,1750,1738,train
754,1.5697923,1.535038,-0.034754276,1750,1738,train
755,1.5697913,1.5246739,-0.04511738,1750,1738,train
756,1.5697902,1.5155753,-0.054214954,1750,1738,train
757,1.5697893,1.5220096,-0.04777968,1750,1738,train
758,1.5697882,1.5377055,-0.032082677,1750,1738,train
759,1.5697873,1.5152259,-0.054561377,1750,1738,train
760,1.5697862,1.5162816,-0.053504586,1750,1738,train
761,1.5697852,1.5034156,-0.06636965,1750,1738,train
762,1.5697842,1.4941154,-0.07566881,1750,1738,train
763,1.5697832,1.470831,-0.098952174,1750,1738,train
764,1.5697821,1.4754795,-0.094302654,1750,1738,train
765,1.5697811,1.4900327,-0.07974839,1750,1738,train
766,1.5697801,1.4896338,-0.08014631,1750,1738,train
767,1.569779,1.4978342,-0.07194483,1750,1738,train
768,1.569778,1.4978521,-0.07192588,1750,1738,train
769,1.569777,1.5137153,-0.056061745,1750,1738,train
770,1.5697759,1.5093706,-0.060405374,1750,1738,train
771,1.5697749,1.5028324,-0.06694245,1750,1738,train
772,1.5697738,1.4970009,-0.07277286,1750,1738,train
773,1.5697728,1.5141445,-0.0556283,1750,1738,train
774,1.5697718,1.5063295,-0.06344223,1750,1738,train
775,1.5697707,1.4907564,-0.0790143,1750,1738,train
776,1.5697696,1.5113854,-0.05838418,1750,1738,train
777,1.5697685,1.52476,-0.04500854,1750,1738,train
778,1.5697675,1.5192189,-0.050548553,1750,1738,train
779,1.5697664,1.5134459,-0.056320548,1750,1738,train
780,1.5697654,1.5167093,-0.05305612,1750,1738,train
781,1.5697644,1.5118716,-0.0578928,1750,1738,train
782,1.5697633,1.5190625,-0.050700784,1750,1738,train
783,1.5697622,1.5196595,-0.05010271,1750,1738,train
784,1.5697612,1.5258598,-0.043901324,1750,1738,train
785,1.5697601,1.538105,-0.031655073,1750,1738,train
786,1.569759,1.5275373,-0.042221665,1750,1738,train
787,1.5697579,1.5149688,-0.054789186,1750,1738,train
788,1.5697569,1.5109949,-0.058761954,1750,1738,train
789,1.5697558,1.5379858,-0.03176999,1750,1738,train
790,1.5697547,1.5367959,-0.032958865,1750,1738,train
791,1.5697535,1.5285714,-0.04118216,1750,1738,train
792,1.5697525,1.527047,-0.042705417,1750,1738,train
793,1.5697514,1.513933,-0.05581844,1750,1738,train
794,1.5697503,1.5023559,-0.067394376,1750,1738,train
795,1.5697492,1.4904056,-0.07934368,1750,1738,train
796,1.5697482,1.4827372,-0.08701098,1750,1738,train
797,1.569747,1.4913808,-0.07836616,1750,1738,train
798,1.5697459,1.4753406,-0.09440529,1750,1738,train
799,1.5697448,1.4810503,-0.08869457,1750,1738,train
800,1.5697438,1.4897866,-0.07995713,1750,1738,train
801,1.5697426,1.4763297,-0.093412876,1750,1738,train
802,1.5697415,1.4746996,-0.09504187,1750,1738,train
803,1.5697404,1.4944904,-0.07525003,1750,1738,train
804,1.5697392,1.4871941,-0.08254516,1750,1738,train
805,1.5697381,1.5176243,-0.05211389,1750,1738,train
806,1.569737,1.507218,-0.062518954,1750,1738,train
807,1.5697359,1.5276568,-0.04207909,1750,1738,train
808,1.5697348,1.5320293,-0.03770554,1750,1738,train
809,1.5697336,1.5168468,-0.052886844,1750,1738,train
810,1.5697325,1.5345762,-0.03515637,1750,1738,train
811,1.5697314,1.5073183,-0.062413096,1750,1738,train
812,1.5697303,1.5006595,-0.069070816,1750,1738,train
813,1.5697291,1.4999659,-0.06976318,1750,1738,train
814,1.5697279,1.5014695,-0.068258405,1750,1738,train
815,1.5697268,1.4989833,-0.07074356,1750,1738,train
816,1.5697256,1.4783214,-0.0914042,1750,1738,train
817,1.5697246,1.4789042,-0.09082031,1750,1738,train
818,1.5697234,1.4919939,-0.07772946,1750,1738,train
819,1.5697222,1.484601,-0.085121155,1750,1738,train
820,1.5697211,1.4774835,-0.09223759,1750,1738,train
821,1.5697199,1.4454602,-0.12425971,1750,1738,train
822,1.5697187,1.4710913,-0.09862745,1750,1738,train
823,1.5697175,1.4772418,-0.09247577,1750,1738,train
824,1.5697165,1.5043443,-0.06537211,1750,1738,train
825,1.5697153,1.5070739,-0.06264138,1750,1738,train
826,1.5697141,1.4824115,-0.087302566,1750,1738,train
827,1.5697129,1.4905596,-0.0791533,1750,1738,train
828,1.5697117,1.490533,-0.07917869,1750,1738,train
829,1.5697105,1.5129583,-0.056752205,1750,1738,train
830,1.5697094,1.4952208,-0.07448864,1750,1738,train
831,1.5697082,1.5008063,-0.0689019,1750,1738,train
832,1.569707,1.5039151,-0.065791965,1750,1738,train
833,1.5697058,1.5008844,-0.06882143,1750,1738,train
834,1.5697047,1.4949604,-0.074744225,1750,1738,train
835,1.5697035,1.493783,-0.07592046,1750,1738,train
836,1.5697023,1.4835777,-0.08612454,1750,1738,train
837,1.5697011,1.5058119,-0.063889146,1750,1738,train
838,1.5696999,1.4892075,-0.08049238,1750,1738,train
839,1.5696987,1.4895557,-0.080142975,1750,1738,train
840,1.5696974,1.4803431,-0.08935428,1750,1738,train
841,1.5696962,1.5053613,-0.06433487,1750,1738,train
842,1.569695,1.4903737,-0.079321265,1750,1738,train
843,1.5696938,1.482568,-0.08712578,1750,1738,train
844,1.5696926,1.4965448,-0.073147774,1750,1738,train
845,1.5696913,1.4974122,-0.072279096,1750,1738,train
846,1.5696901,1.4944308,-0.07525933,1750,1738,train
847,1.5696889,1.5182915,-0.051397443,1750,1738,train
848,1.5696877,1.5024341,-0.06725359,1750,1738,train
849,1.5696864,1.5127147,-0.05697167,1750,1738,train
850,1.5696852,1.5059211,-0.063764095,1750,1738,train
851,1.569684,1.4958487,-0.07383537,1750,1738,train
852,1.5696827,1.5003157,-0.06936705,1750,1738,train
853,1.5696815,1.5168282,-0.052853346,1750,1738,train
854,1.5696802,1.5179644,-0.05171585,1750,1738,train
855,1.569679,1.4995402,-0.07013881,1750,1738,train
856,1.5696777,1.498157,-0.071520686,1750,1738,train
857,1.5696765,1.4908074,-0.078869104,1750,1738,train
858,1.5696752,1.4977539,-0.07192135,1750,1738,train
859,1.569674,1.4943423,-0.07533169,1750,1738,train
860,1.5696727,1.4967184,-0.0729543,1750,1738,train
861,1.5696715,1.4963245,-0.07334697,1750,1738,train
862,1.5696702,1.499105,-0.07056522,1750,1738,train
863,1.5696689,1.4989408,-0.07072806,1750,1738,train
864,1.5696677,1.5109407,-0.058727026,1750,1738,train
865,1.5696664,1.5057281,-0.06393826,1750,1738,train
866,1.5696651,1.4996347,-0.07003033,1750,1738,train
867,1.5696639,1.4923366,-0.07732725,1750,1738,train
868,1.5696626,1.4863067,-0.0833559,1750,1738,train
869,1.5696613,1.4918137,-0.0778476,1750,1738,train
870,1.56966,1.4883655,-0.08129442,1750,1738,train
871,1.5696586,1.4869988,-0.08265984,1750,1738,train
872,1.5696573,1.5028945,-0.066762805,1750,1738,train
873,1.5696561,1.4869299,-0.08272624,1750,1738,train
874,1.5696548,1.4984031,-0.07125175,1750,1738,train
875,1.5696535,1.5085329,-0.06112063,1750,1738,train
876,1.5696522,1.5034611,-0.06619108,1750,1738,train
877,1.5696509,1.5160692,-0.053581715,1750,1738,train
878,1.5696496,1.5158267,-0.053822875,1750,1738,train
879,1.5696483,1.5224191,-0.04722917,1750,1738,train
880,1.569647,1.4987121,-0.07093489,1750,1738,train
881,1.5696455,1.5090419,-0.06060362,1750,1738,train
882,1.5696442,1.4869397,-0.082704544,1750,1738,train
883,1.5696429,1.4784644,-0.09117854,1750,1738,train
884,1.5696416,1.4871824,-0.08245921,1750,1738,train
885,1.5696403,1.4879295,-0.081710815,1750,1738,train
886,1.569639,1.4880477,-0.08159125,1750,1738,train
887,1.5696375,1.4710103,-0.09862721,1750,1738,train
888,1.5696362,1.4746733,-0.094962955,1750,1738,train
889,1.5696349,1.4722161,-0.097418785,1750,1738,train
890,1.5696335,1.4623942,-0.10723925,1750,1738,train
891,1.5696322,1.4863842,-0.08324802,1750,1738,train
892,1.5696309,1.466807,-0.10282385,1750,1738,train
893,1.5696294,1.4927409,-0.07688856,1750,1738,train
894,1.5696281,1.4856002,-0.08402789,1750,1738,train
895,1.5696267,1.4889675,-0.08065915,1750,1738,train
896,1.5696254,1.4522424,-0.117383,1750,1738,train
897,1.569624,1.4562149,-0.11340904,1750,1738,train
898,1.5696226,1.4636886,-0.105934024,1750,1738,train
899,1.5696212,1.4588903,-0.11073089,1750,1738,train
900,1.5696199,1.4578239,-0.11179602,1750,1738,train
901,1.5696185,1.4578177,-0.11180079,1750,1738,train
902,1.569617,1.4488885,-0.12072849,1750,1738,train
903,1.5696157,1.4741981,-0.09541762,1750,1738,train
904,1.5696143,1.446037,-0.12357724,1750,1738,train
905,1.5696129,1.452559,-0.11705387,1750,1738,train
906,1.5696115,1.4657277,-0.10388386,1750,1738,train
907,1.5696101,1.459061,-0.11054909,1750,1738,train
908,1.5696087,1.4359661,-0.13364255,1750,1738,train
909,1.5696073,1.449062,-0.12054527,1750,1738,train
910,1.5696058,1.4482508,-0.12135506,1750,1738,train
911,1.5696044,1.4544579,-0.11514652,1750,1738,train
912,1.569603,1.4347358,-0.13486719,1750,1738,train
913,1.5696015,1.4361639,-0.13343763,1750,1738,train
914,1.5696001,1.4193115,-0.15028858,1750,1738,train
915,1.5695987,1.4294064,-0.14019227,1750,1738,train
916,1.5695972,1.4375322,-0.13206506,1750,1738,train
917,1.5695958,1.4340571,-0.1355387,1750,1738,train
918,1.5695944,1.444871,-0.124723434,1750,1738,train
919,1.569593,1.436193,-0.13339996,1750,1738,train
920,1.5695915,1.4521382,-0.11745334,1750,1738,train
921,1.5695901,1.4539521,-0.11563802,1750,1738,train
922,1.5695885,1.4612467,-0.10834181,1750,1738,train
923,1.5695871,1.4692134,-0.100373745,1750,1738,train
924,1.5695857,1.4576889,-0.11189675,1750,1738,train
925,1.5695843,1.4580598,-0.11152446,1750,1738,train
926,1.5695827,1.4475533,-0.12202942,1750,1738,train
927,1.5695813,1.4312947,-0.13828659,1750,1738,train
928,1.5695798,1.4395022,-0.1300776,1750,1738,train
929,1.5695783,1.4465762,-0.12300205,1750,1738,train
930,1.5695769,1.4465213,-0.12305558,1750,1738,train
931,1.5695753,1.4449563,-0.12461901,1750,1738,train
932,1.5695739,1.4457328,-0.12384105,1750,1738,train
933,1.5695723,1.4376333,-0.13193905,1750,1738,train
934,1.5695708,1.4407532,-0.12881756,1750,1738,train
935,1.5695693,1.44093,-0.12863934,1750,1738,train
936,1.5695678,1.462986,-0.10658181,1750,1738,train
937,1.5695664,1.471044,-0.098522425,1750,1738,train
938,1.5695648,1.4615345,-0.10803032,1750,1738,train
939,1.5695633,1.4637989,-0.10576439,1750,1738,train
940,1.5695617,1.4678361,-0.10172558,1750,1738,train
941,1.5695603,1.4832718,-0.08628845,1750,1738,train
942,1.5695587,1.4606148,-0.10894394,1750,1738,train
943,1.5695572,1.4652063,-0.104350924,1750,1738,train
944,1.5695556,1.4916283,-0.07792735,1750,1738,train
945,1.5695541,1.4724729,-0.097081184,1750,1738,train
946,1.5695525,1.4750421,-0.094510436,1750,1738,train
947,1.569551,1.4856503,-0.08390069,1750,1738,train
948,1.5695494,1.4737461,-0.09580338,1750,1738,train
949,1.5695479,1.4709624,-0.09858549,1750,1738,train
950,1.5695463,1.4749521,-0.09459424,1750,1738,train
951,1.5695448,1.4809239,-0.0886209,1750,1738,train
952,1.5695432,1.4899192,-0.07962406,1750,1738,train
953,1.5695416,1.514707,-0.054834604,1750,1738,train
954,1.56954,1.5085948,-0.060945272,1750,1738,train
955,1.5695385,1.5105033,-0.059035182,1750,1738,train
956,1.5695369,1.5110574,-0.058479548,1750,1738,train
957,1.5695353,1.5112195,-0.058315754,1750,1738,train
958,1.5695337,1.5026722,-0.06686151,1750,1738,train
959,1.5695322,1.5081257,-0.061406493,1750,1738,train
960,1.5695305,1.4992601,-0.07027042,1750,1738,train
961,1.5695289,1.4992301,-0.07029879,1750,1738,train
962,1.5695273,1.492121,-0.07740629,1750,1738,train
963,1.5695257,1.4757893,-0.09373641,1750,1738,train
964,1.569524,1.4902068,-0.07931721,1750,1738,train
965,1.5695225,1.4862285,-0.083294034,1750,1738,train
966,1.5695208,1.4712324,-0.09828842,1750,1738,train
967,1.5695192,1.4793195,-0.09019971,1750,1738,train
968,1.5695176,1.4745164,-0.09500122,1750,1738,train
969,1.569516,1.484088,-0.085428,1750,1738,train
970,1.5695143,1.4869876,-0.082526684,1750,1738,train
971,1.5695126,1.5007659,-0.068746686,1750,1738,train
972,1.5695109,1.4771439,-0.09236705,1750,1738,train
973,1.5695093,1.5008228,-0.068686485,1750,1738,train
974,1.5695077,1.4917043,-0.07780337,1750,1738,train
975,1.569506,1.4886422,-0.08086383,1750,1738,train
976,1.5695044,1.4727798,-0.09672463,1750,1738,train
977,1.5695027,1.4720064,-0.09749627,1750,1738,train
978,1.569501,1.4774084,-0.09209263,1750,1738,train
979,1.5694993,1.4887635,-0.0807358,1750,1738,train
980,1.5694976,1.4712747,-0.09822285,1750,1738,train
981,1.5694959,1.4738555,-0.09564042,1750,1738,train
982,1.5694942,1.4711787,-0.0983156,1750,1738,train
983,1.5694926,1.4643142,-0.105178356,1750,1738,train
984,1.5694908,1.464364,-0.10512674,1750,1738,train
985,1.5694891,1.4766386,-0.092850566,1750,1738,train
986,1.5694875,1.4749924,-0.09449506,1750,1738,train
987,1.5694857,1.4754816,-0.094004035,1750,1738,train
988,1.569484,1.4888415,-0.08064246,1750,1738,train
989,1.5694823,1.4739568,-0.0955255,1750,1738,train
990,1.5694805,1.4542161,-0.115264416,1750,1738,train
991,1.5694788,1.4657128,-0.103765965,1750,1738,train
992,1.5694771,1.3738916,-0.19558549,1750,1738,train
993,1.5694753,1.3521194,-0.21735585,1750,1738,train
994,1.5694736,1.3967733,-0.17270029,1750,1738,train
995,1.5694718,1.353457,-0.21601486,1750,1738,train
996,1.56947,1.3871264,-0.1823436,1750,1738,train
997,1.5694683,1.3958611,-0.17360711,1750,1738,train
998,1.5694666,1.4095559,-0.15991068,1750,1738,train
999,1.5694648,1.3773909,-0.19207394,1750,1738,train
1000,1.569463,1.2503722,-0.31909084,1750,1738,train
1001,1.5694612,1.2749648,-0.29449642,1750,1738,train
1002,1.5694594,1.2760546,-0.29340482,1750,1738,train
1003,1.5694577,1.2328112,-0.33664644,1750,1738,train
1004,1.5694559,1.2688226,-0.3006333,1750,1738,train
1005,1.5694541,1.2815883,-0.28786576,1750,1738,train
1006,1.5694523,1.2642031,-0.3052492,1750,1738,train
1007,1.5694504,1.2903733,-0.27907705,1750,1738,train
1008,1.5694486,1.061002,-0.5084466,1750,1738,train
1009,1.5694468,1.0387259,-0.53072095,1750,1738,train
1010,1.569445,1.0727686,-0.49667645,1750,1738,train
1011,1.5694431,1.0768707,-0.49257243,1750,1738,train
1012,1.5694413,1.0691926,-0.5002487,1750,1738,train
1013,1.5694395,1.0934856,-0.47595394,1750,1738,train
1014,1.5694376,1.1092958,-0.46014178,1750,1738,train
1015,1.5694358,1.0557315,-0.5137043,1750,1738,train
1016,1.5694339,0.9890902,-0.5803437,1750,1738,train
1017,1.569432,0.9860903,-0.5833417,1750,1738,train
1018,1.5694302,0.9971525,-0.5722777,1750,1738,train
1019,1.5694283,0.9762046,-0.59322375,1750,1738,train
1020,1.5694264,0.9778998,-0.5915266,1750,1738,train
1021,1.5694246,0.93984854,-0.6295761,1750,1738,train
1022,1.5694227,0.94635355,-0.62306917,1750,1738,train
1023,1.5694208,0.98580897,-0.58361185,1750,1738,train
1024,1.5694189,1.034873,-0.5345459,1750,1738,train
1025,1.569417,1.0031322,-0.5662848,1750,1738,train
1026,1.5694151,1.0299256,-0.5394895,1750,1738,train
1027,1.5694132,1.0657158,-0.5036974,1750,1738,train
1028,1.5694113,0.9955608,-0.57385045,1750,1738,train
1029,1.5694094,1.0651019,-0.5043075,1750,1738,train
1030,1.5694075,1.0355089,-0.5338986,1750,1738,train
1031,1.5694056,0.9826816,-0.586724,1750,1738,train
1032,1.5694035,1.0127053,-0.5566982,1750,1738,train
1033,1.5694016,0.99657905,-0.5728226,1750,1738,train
1034,1.5693997,0.9697692,-0.59963053,1750,1738,train
1035,1.5693977,0.99010026,-0.5792974,1750,1738,train
1036,1.5693958,0.9816334,-0.58776236,1750,1738,train
1037,1.5693938,0.956406,-0.61298776,1750,1738,train
1038,1.5693918,1.0231929,-0.54619896,1750,1738,train
1039,1.5693898,1.035958,-0.53343177,1750,1738,train
1040,1.5693879,0.9929508,-0.5764371,1750,1738,train
1041,1.5693859,1.0061413,-0.5632446,1750,1738,train
1042,1.5693839,1.0202914,-0.5490924,1750,1738,train
1043,1.569382,1.036115,-0.5332669,1750,1738,train
1044,1.5693799,1.0933917,-0.47598827,1750,1738,train
1045,1.5693779,1.0794785,-0.4898994,1750,1738,train
1046,1.5693759,1.0830159,-0.48635995,1750,1738,train
1047,1.5693738,0.9896667,-0.57970715,1750,1738,train
1048,1.5693718,1.054912,-0.51445985,1750,1738,train
1049,1.5693698,1.1456769,-0.42369294,1750,1738,train
1050,1.5693678,1.0526738,-0.51669395,1750,1738,train
1051,1.5693657,1.1196351,-0.44973063,1750,1738,train
1052,1.5693637,1.0988606,-0.4705031,1750,1738,train
1053,1.5693616,1.1331341,-0.43622744,1750,1738,train
1054,1.5693595,1.1493325,-0.42002702,1750,1738,train
1055,1.5693575,1.226393,-0.34296453,1750,1738,train
1056,1.5693554,1.2793033,-0.29005206,1750,1738,train
1057,1.5693533,1.2856395,-0.28371382,1750,1738,train
1058,1.5693512,1.2864519,-0.28289926,1750,1738,train
1059,1.5693492,1.2623705,-0.3069787,1750,1738,train
1060,1.569347,1.2848669,-0.2844801,1750,1738,train
1061,1.569345,1.2389686,-0.3303764,1750,1738,train
1062,1.5693429,1.2561297,-0.3132131,1750,1738,train
1063,1.5693407,1.2138602,-0.35548055,1750,1738,train
1064,1.5693386,1.285662,-0.2836765,1750,1738,train
1065,1.5693364,1.2343922,-0.33494425,1750,1738,train
1066,1.5693344,1.2471125,-0.32222188,1750,1738,train
1067,1.5693322,1.2370307,-0.3323015,1750,1738,train
1068,1.5693301,1.284222,-0.2851081,1750,1738,train
1069,1.569328,1.2889674,-0.28036058,1750,1738,train
1070,1.5693257,1.3414094,-0.22791624,1750,1738,train
1071,1.5693235,1.3864436,-0.18287992,1750,1738,train
1072,1.5693214,1.5005169,-0.0688045,1750,1738,train
1073,1.5693192,1.4959569,-0.07336235,1750,1738,train
1074,1.569317,1.4743736,-0.094943404,1750,1738,train
1075,1.5693148,1.4999691,-0.06934571,1750,1738,train
1076,1.5693127,1.4952602,-0.07405245,1750,1738,train
1077,1.5693104,1.4774253,-0.09188509,1750,1738,train
1078,1.5693083,1.4851751,-0.08413315,1750,1738,train
1079,1.569306,1.4879713,-0.08133471,1750,1738,train
1080,1.5693038,1.4860514,-0.08325231,1750,1738,train
1081,1.5693016,1.483527,-0.08577466,1750,1738,train
1082,1.5692993,1.4627306,-0.106568694,1750,1738,train
1083,1.5692971,1.4980984,-0.0711987,1750,1738,train
1084,1.5692948,1.4906238,-0.07867098,1750,1738,train
1085,1.5692925,1.4941767,-0.0751158,1750,1738,train
1086,1.5692903,1.504077,-0.06521332,1750,1738,train
1087,1.569288,1.4696348,-0.099653244,1750,1738,train
1088,1.5692858,1.461718,-0.10756779,1750,1738,train
1089,1.5692835,1.47005,-0.09923351,1750,1738,train
1090,1.5692812,1.4665788,-0.10270238,1750,1738,train
1091,1.5692788,1.4597026,-0.109576225,1750,1738,train
1092,1.5692766,1.463604,-0.1056726,1750,1738,train
1093,1.5692743,1.4807825,-0.0884918,1750,1738,train
1094,1.5692719,1.4804695,-0.08880246,1750,1738,train
1095,1.5692697,1.4585508,-0.11071885,1750,1738,train
1096,1.5692673,1.4549463,-0.11432099,1750,1738,train
1097,1.5692649,1.4555041,-0.11376083,1750,1738,train
1098,1.5692626,1.4505953,-0.118667364,1750,1738,train
1099,1.5692602,1.4518812,-0.11737907,1750,1738,train
1100,1.5692579,1.4549835,-0.11427438,1750,1738,train
1101,1.5692555,1.4618552,-0.1074003,1750,1738,train
1102,1.5692531,1.46666,-0.102593064,1750,1738,train
1103,1.5692507,1.4639142,-0.10533655,1750,1738,train
1104,1.5692483,1.4788351,-0.09041321,1750,1738,train
1105,1.5692459,1.4618852,-0.10736072,1750,1738,train
1106,1.5692436,1.4647846,-0.10445893,1750,1738,train
1107,1.5692412,1.4805009,-0.08874023,1750,1738,train
1108,1.5692387,1.469307,-0.09993172,1750,1738,train
1109,1.5692363,1.4703012,-0.09893513,1750,1738,train
1110,1.5692338,1.4634333,-0.10580051,1750,1738,train
1111,1.5692314,1.4752817,-0.093949676,1750,1738,train
1112,1.5692289,1.4793425,-0.08988643,1750,1738,train
1113,1.5692265,1.4865217,-0.08270478,1750,1738,train
1114,1.569224,1.4794898,-0.0897342,1750,1738,train
1115,1.5692215,1.465951,-0.10327053,1750,1738,train
1116,1.569219,1.4678266,-0.10139239,1750,1738,train
1117,1.5692165,1.4697751,-0.09944141,1750,1738,train
1118,1.5692141,1.4856982,-0.08351588,1750,1738,train
1119,1.5692115,1.4748261,-0.094385386,1750,1738,train
1120,1.569209,1.4580398,-0.11116922,1750,1738,train
1121,1.5692065,1.4770191,-0.092187405,1750,1738,train
1122,1.569204,1.468852,-0.10035193,1750,1738,train
1123,1.5692015,1.4670782,-0.10212326,1750,1738,train
1124,1.5691988,1.4639609,-0.10523796,1750,1738,train
1125,1.5691963,1.461824,-0.107372284,1750,1738,train
1126,1.5691937,1.4527767,-0.11641705,1750,1738,train
1127,1.5691912,1.4611607,-0.10803056,1750,1738,train
1128,1.5691886,1.4616544,-0.10753417,1750,1738,train
1129,1.569186,1.4765224,-0.09266353,1750,1738,train
1130,1.5691835,1.4731851,-0.09599841,1750,1738,train
1131,1.5691808,1.4801693,-0.08901155,1750,1738,train
1132,1.5691782,1.4596231,-0.109555125,1750,1738,train
1133,1.5691756,1.4617494,-0.10742617,1750,1738,train
1134,1.569173,1.480643,-0.088529944,1750,1738,train
1135,1.5691704,1.4674315,-0.10173881,1750,1738,train
1136,1.5691676,1.4711856,-0.09798205,1750,1738,train
1137,1.569165,1.470938,-0.098227024,1750,1738,train
1138,1.5691624,1.4738019,-0.09536052,1750,1738,train
1139,1.5691596,1.4500587,-0.11910093,1750,1738,train
1140,1.569157,1.4622333,-0.1069237,1750,1738,train
1141,1.5691543,1.4590569,-0.11009741,1750,1738,train
1142,1.5691516,1.4570068,-0.11214483,1750,1738,train
1143,1.5691489,1.4603407,-0.10880816,1750,1738,train
1144,1.5691462,1.4803697,-0.08877647,1750,1738,train
1145,1.5691434,1.4557436,-0.11339986,1750,1738,train
1146,1.5691407,1.4690795,-0.10006118,1750,1738,train
1147,1.5691379,1.4619702,-0.10716772,1750,1738,train
1148,1.5691352,1.4638267,-0.10530853,1750,1738,train
1149,1.5691324,1.470316,-0.098816395,1750,1738,train
1150,1.5691297,1.4590077,-0.110121965,1750,1738,train
1151,1.5691268,1.4617963,-0.10733056,1750,1738,train
1152,1.5691241,1.4885055,-0.08061862,1750,1738,train
1153,1.5691212,1.4860528,-0.08306849,1750,1738,train
1154,1.5691185,1.489855,-0.07926345,1750,1738,train
1155,1.5691156,1.4809537,-0.088161945,1750,1738,train
1156,1.5691128,1.487903,-0.08120978,1750,1738,train
1157,1.56911,1.4826627,-0.08644736,1750,1738,train
1158,1.5691072,1.5064706,-0.062636614,1750,1738,train
1159,1.5691043,1.4800302,-0.089074135,1750,1738,train
1160,1.5691015,1.4774828,-0.09161866,1750,1738,train
1161,1.5690986,1.4918759,-0.077222705,1750,1738,train
1162,1.5690956,1.478951,-0.090144634,1750,1738,train
1163,1.5690928,1.49354,-0.0755527,1750,1738,train
1164,1.5690899,1.4807984,-0.088291526,1750,1738,train
1165,1.5690869,1.4839711,-0.08511579,1750,1738,train
1166,1.569084,1.4877288,-0.081355214,1750,1738,train
1167,1.5690811,1.5010828,-0.06799829,1750,1738,train
1168,1.5690781,1.5012217,-0.06785643,1750,1738,train
1169,1.5690751,1.5051095,-0.06396556,1750,1738,train
1170,1.5690722,1.4988779,-0.07019436,1750,1738,train
1171,1.5690693,1.4879587,-0.0811106,1750,1738,train
1172,1.5690662,1.4868529,-0.08221328,1750,1738,train
1173,1.5690632,1.4745134,-0.094549775,1750,1738,train
1174,1.5690602,1.4783235,-0.09073675,1750,1738,train
1175,1.5690572,1.4634262,-0.105630994,1750,1738,train
1176,1.5690541,1.4666181,-0.102436066,1750,1738,train
1177,1.5690511,1.4761915,-0.092859626,1750,1738,train
1178,1.569048,1.4590728,-0.10997522,1750,1738,train
1179,1.5690451,1.472043,-0.09700203,1750,1738,train
1180,1.569042,1.4563577,-0.11268425,1750,1738,train
1181,1.5690389,1.4603665,-0.10867238,1750,1738,train
1182,1.5690358,1.4575074,-0.1115284,1750,1738,train
1183,1.5690327,1.4666883,-0.102344394,1750,1738,train
1184,1.5690296,1.4582621,-0.11076748,1750,1738,train
1185,1.5690265,1.4646168,-0.104409695,1750,1738,train
1186,1.5690233,1.467756,-0.10126722,1750,1738,train
1187,1.5690202,1.4774203,-0.09159982,1750,1738,train
1188,1.5690169,1.4845752,-0.08444178,1750,1738,train
1189,1.5690138,1.4758271,-0.093186736,1750,1738,train
1190,1.5690106,1.4861548,-0.08285582,1750,1738,train
1191,1.5690074,1.4658966,-0.10311079,1750,1738,train
1192,1.5690042,1.4702339,-0.09877026,1750,1738,train
1193,1.569001,1.459632,-0.10936892,1750,1738,train
1194,1.5689977,1.4559474,-0.11305034,1750,1738,train
1195,1.5689945,1.4641778,-0.104816675,1750,1738,train
1196,1.5689913,1.4732723,-0.09571898,1750,1738,train
1197,1.568988,1.4596353,-0.10935271,1750,1738,train
1198,1.5689847,1.4616067,-0.107378006,1750,1738,train
1199,1.5689814,1.4442968,-0.12468457,1750,1738,train
1200,1.5689782,1.4237009,-0.14527726,1750,1738,train
1201,1.5689749,1.4335705,-0.13540435,1750,1738,train
1202,1.5689715,1.4330574,-0.13591409,1750,1738,train
1203,1.5689682,1.4118785,-0.15708971,1750,1738,train
1204,1.5689648,1.42295,-0.14601481,1750,1738,train
1205,1.5689615,1.4249288,-0.14403272,1750,1738,train
1206,1.568958,1.410735,-0.15822303,1750,1738,train
1207,1.5689547,1.4170275,-0.15192723,1750,1738,train
1208,1.5689514,1.4142829,-0.15466845,1750,1738,train
1209,1.5689479,1.3966879,-0.17226005,1750,1738,train
1210,1.5689445,1.3905611,-0.17838335,1750,1738,train
1211,1.568941,1.4070275,-0.16191351,1750,1738,train
1212,1.5689375,1.4006824,-0.16825509,1750,1738,train
1213,1.5689341,1.4037459,-0.1651882,1750,1738,train
1214,1.5689306,1.3906504,-0.17828023,1750,1738,train
1215,1.5689272,1.3804898,-0.18843734,1750,1738,train
1216,1.5689237,1.3826293,-0.18629444,1750,1738,train
1217,1.5689201,1.4040585,-0.16486168,1750,1738,train
1218,1.5689167,1.3961154,-0.17280126,1750,1738,train
1219,1.5689131,1.4078234,-0.16108966,1750,1738,train
1220,1.5689095,1.4051328,-0.16377676,1750,1738,train
1221,1.568906,1.4142588,-0.15464711,1750,1738,train
1222,1.5689024,1.4188174,-0.15008497,1750,1738,train
1223,1.5688988,1.4070833,-0.16181552,1750,1738,train
1224,1.5688952,1.4221965,-0.14669871,1750,1738,train
1225,1.5688915,1.4194067,-0.14948487,1750,1738,train
1226,1.568888,1.4245851,-0.14430285,1750,1738,train
1227,1.5688843,1.4226161,-0.14626813,1750,1738,train
1228,1.5688807,1.4099431,-0.15893757,1750,1738,train
1229,1.568877,1.4026774,-0.16619956,1750,1738,train
1230,1.5688733,1.4148185,-0.15405476,1750,1738,train
1231,1.5688696,1.3956246,-0.17324495,1750,1738,train
1232,1.5688658,1.3940252,-0.17484057,1750,1738,train
1233,1.5688621,1.3949419,-0.17392015,1750,1738,train
1234,1.5688584,1.4207671,-0.14809132,1750,1738,train
1235,1.5688546,1.3988104,-0.17004418,1750,1738,train
1236,1.5688508,1.4041463,-0.16470444,1750,1738,train
1237,1.5688471,1.407622,-0.16122508,1750,1738,train
1238,1.5688432,1.4059383,-0.16290498,1750,1738,train
1239,1.5688394,1.4016645,-0.16717494,1750,1738,train
1240,1.5688355,1.4133754,-0.15546012,1750,1738,train
1241,1.5688317,1.3963394,-0.17249227,1750,1738,train
1242,1.5688279,1.4006804,-0.16814744,1750,1738,train
1243,1.5688239,1.409951,-0.15887296,1750,1738,train
1244,1.56882,1.4266046,-0.14221537,1750,1738,train
1245,1.5688162,1.4019119,-0.16690433,1750,1738,train
1246,1.5688123,1.384402,-0.18441021,1750,1738,train
1247,1.5688083,1.3936884,-0.17511988,1750,1738,train
1248,1.5688043,1.3757079,-0.1930964,1750,1738,train
1249,1.5688003,1.416688,-0.15211236,1750,1738,train
1250,1.5687963,1.4277239,-0.14107239,1750,1738,train
1251,1.5687923,1.41606,-0.15273237,1750,1738,train
1252,1.5687883,1.4235075,-0.14528084,1750,1738,train
1253,1.5687842,1.4141138,-0.15467048,1750,1738,train
1254,1.5687802,1.4134336,-0.15534663,1750,1738,train
1255,1.5687761,1.4173052,-0.1514709,1750,1738,train
1256,1.5687721,1.4124184,-0.15635371,1750,1738,train
1257,1.5687679,1.4408185,-0.12794936,1750,1738,train
1258,1.5687639,1.4296103,-0.1391536,1750,1738,train
1259,1.5687597,1.4176273,-0.15113235,1750,1738,train
1260,1.5687555,1.4338529,-0.1349026,1750,1738,train
1261,1.5687513,1.3876183,-0.18113303,1750,1738,train
1262,1.5687472,1.3872918,-0.18145537,1750,1738,train
1263,1.568743,1.4282264,-0.14051664,1750,1738,train
1264,1.5687387,1.4011163,-0.16762245,1750,1738,train
1265,1.5687345,1.4080172,-0.16071737,1750,1738,train
1266,1.5687302,1.4262366,-0.1424936,1750,1738,train
1267,1.568726,1.4085002,-0.16022575,1750,1738,train
1268,1.5687217,1.4178042,-0.15091741,1750,1738,train
1269,1.5687174,1.4128058,-0.15591156,1750,1738,train
1270,1.568713,1.4224079,-0.14630508,1750,1738,train
1271,1.5687087,1.3892922,-0.17941642,1750,1738,train
1272,1.5687042,1.3975294,-0.17117488,1750,1738,train
1273,1.5686998,1.3948331,-0.17386675,1750,1738,train
1274,1.5686955,1.3873756,-0.18131995,1750,1738,train
1275,1.568691,1.39393,-0.17476106,1750,1738,train
1276,1.5686866,1.3992357,-0.16945088,1750,1738,train
1277,1.5686822,1.4049289,-0.16375327,1750,1738,train
1278,1.5686777,1.4033875,-0.16529012,1750,1738,train
1279,1.5686731,1.4155488,-0.15312433,1750,1738,train
1280,1.5686687,1.4268461,-0.14182258,1750,1738,train
1281,1.5686642,1.4199075,-0.14875674,1750,1738,train
1282,1.5686595,1.430524,-0.13813555,1750,1738,train
1283,1.568655,1.4302641,-0.1383909,1750,1738,train
1284,1.5686504,1.4149907,-0.1536597,1750,1738,train
1285,1.5686458,1.4199979,-0.1486479,1750,1738,train
1286,1.5686412,1.4149003,-0.15374088,1750,1738,train
1287,1.5686365,1.4095905,-0.15904605,1750,1738,train
1288,1.5686319,1.4538121,-0.114819765,1750,1738,train
1289,1.5686271,1.4372618,-0.1313653,1750,1738,train
1290,1.5686225,1.4464443,-0.1221782,1750,1738,train
1291,1.5686177,1.4574664,-0.11115134,1750,1738,train
1292,1.5686129,1.4535689,-0.115044,1750,1738,train
1293,1.5686082,1.4439826,-0.12462556,1750,1738,train
1294,1.5686034,1.4496412,-0.11896217,1750,1738,train
1295,1.5685985,1.440498,-0.12810051,1750,1738,train
1296,1.5685937,1.4288154,-0.13977838,1750,1738,train
1297,1.5685889,1.411201,-0.15738785,1750,1738,train
1298,1.568584,1.421264,-0.14731991,1750,1738,train
1299,1.5685791,1.4218287,-0.14675033,1750,1738,train
1300,1.5685741,1.4275362,-0.14103782,1750,1738,train
1301,1.5685692,1.4105457,-0.15802348,1750,1738,train
1302,1.5685642,1.4146446,-0.15391958,1750,1738,train
1303,1.5685592,1.4280707,-0.1404885,1750,1738,train
1304,1.5685542,1.4293712,-0.13918293,1750,1738,train
1305,1.5685492,1.4536482,-0.11490095,1750,1738,train
1306,1.568544,1.4409426,-0.12760139,1750,1738,train
1307,1.568539,1.4398227,-0.12871635,1750,1738,train
1308,1.5685339,1.4519446,-0.11658931,1750,1738,train
1309,1.5685288,1.4513447,-0.11718404,1750,1738,train
1310,1.5685236,1.4404325,-0.1280911,1750,1738,train
1311,1.5685184,1.461669,-0.10684943,1750,1738,train
1312,1.5685133,1.4407319,-0.12778139,1750,1738,train
1313,1.568508,1.4408104,-0.12769759,1750,1738,train
1314,1.5685028,1.4438643,-0.12463844,1750,1738,train
1315,1.5684975,1.4449272,-0.12357032,1750,1738,train
1316,1.5684922,1.442667,-0.12582517,1750,1738,train
1317,1.5684868,1.423558,-0.14492881,1750,1738,train
1318,1.5684816,1.4419099,-0.12657166,1750,1738,train
1319,1.5684762,1.4299401,-0.1385361,1750,1738,train
1320,1.5684707,1.4408107,-0.12766004,1750,1738,train
1321,1.5684654,1.4385929,-0.12987244,1750,1738,train
1322,1.5684599,1.4498694,-0.118590474,1750,1738,train
1323,1.5684544,1.4615623,-0.10689211,1750,1738,train
1324,1.5684489,1.4516649,-0.11678398,1750,1738,train
1325,1.5684434,1.4560398,-0.11240363,1750,1738,train
1326,1.5684378,1.4447786,-0.12365925,1750,1738,train
1327,1.5684322,1.4659467,-0.10248554,1750,1738,train
1328,1.5684266,1.4835851,-0.08484149,1750,1738,train
1329,1.568421,1.475831,-0.092589974,1750,1738,train
1330,1.5684154,1.4641043,-0.10431111,1750,1738,train
1331,1.5684097,1.4649994,-0.103410244,1750,1738,train
1332,1.568404,1.465708,-0.10269594,1750,1738,train
1333,1.5683982,1.4579186,-0.11047959,1750,1738,train
1334,1.5683925,1.4646846,-0.10370791,1750,1738,train
1335,1.5683867,1.480896,-0.08749068,1750,1738,train
1336,1.5683808,1.4894522,-0.07892859,1750,1738,train
1337,1.568375,1.475898,-0.092476964,1750,1738,train
1338,1.5683692,1.4716173,-0.09675181,1750,1738,train
1339,1.5683632,1.4880571,-0.08030605,1750,1738,train
1340,1.5683573,1.4781495,-0.090207815,1750,1738,train
1341,1.5683514,1.4781029,-0.090248466,1750,1738,train
1342,1.5683453,1.4727607,-0.09558463,1750,1738,train
1343,1.5683393,1.4776537,-0.090685606,1750,1738,train
1344,1.5683333,1.5111232,-0.057210088,1750,1738,train
1345,1.5683272,1.4939005,-0.07442665,1750,1738,train
1346,1.5683211,1.507268,-0.061053157,1750,1738,train
1347,1.5683149,1.4956703,-0.07264459,1750,1738,train
1348,1.5683087,1.4902225,-0.07808626,1750,1738,train
1349,1.5683025,1.4876537,-0.08064878,1750,1738,train
1350,1.5682963,1.5080726,-0.0602237,1750,1738,train
1351,1.5682901,1.5024477,-0.06584239,1750,1738,train
1352,1.5682838,1.5192666,-0.04901719,1750,1738,train
1353,1.5682775,1.5179894,-0.05028808,1750,1738,train
1354,1.568271,1.5132202,-0.05505085,1750,1738,train
1355,1.5682647,1.5238241,-0.044440627,1750,1738,train
1356,1.5682583,1.5125048,-0.05575347,1750,1738,train
1357,1.5682518,1.5306704,-0.037581444,1750,1738,train
1358,1.5682453,1.5286964,-0.039548874,1750,1738,train
1359,1.5682387,1.5198834,-0.04835534,1750,1738,train
1360,1.5682322,1.5510297,-0.017202497,1750,1738,train
1361,1.5682256,1.5335977,-0.034627914,1750,1738,train
1362,1.5682191,1.5454483,-0.022770762,1750,1738,train
1363,1.5682124,1.5410688,-0.027143598,1750,1738,train
1364,1.5682057,1.5231025,-0.045103192,1750,1738,train
1365,1.5681989,1.5207117,-0.04748726,1750,1738,train
1366,1.5681921,1.5402986,-0.027893543,1750,1738,train
1367,1.5681853,1.5380627,-0.030122638,1750,1738,train
1368,1.5681785,1.5449264,-0.02325213,1750,1738,train
1369,1.5681716,1.5504317,-0.017739892,1750,1738,train
1370,1.5681647,1.5400392,-0.028125525,1750,1738,train
1371,1.5681578,1.5501684,-0.017989397,1750,1738,train
1372,1.5681509,1.550506,-0.017644882,1750,1738,train
1373,1.5681438,1.562885,-0.0052587986,1750,1738,train
1374,1.5681368,1.5602787,-0.007858157,1750,1738,train
1375,1.5681297,1.555085,-0.013044715,1750,1738,train
1376,1.5681225,1.5614047,-0.006717801,1750,1738,train
1377,1.5681154,1.5494661,-0.01864922,1750,1738,train
1378,1.5681082,1.5723945,0.004286289,1750,1738,train
1379,1.5681009,1.5535675,-0.014533401,1750,1738,train
1380,1.5680937,1.5542474,-0.013846278,1750,1738,train
1381,1.5680863,1.5552572,-0.012829065,1750,1738,train
1382,1.568079,1.5601273,-0.007951736,1750,1738,train
1383,1.5680715,1.5525877,-0.015483737,1750,1738,train
1384,1.5680641,1.5358198,-0.032244325,1750,1738,train
1385,1.5680566,1.546754,-0.02130258,1750,1738,train
1386,1.5680491,1.5424749,-0.025574207,1750,1738,train
1387,1.5680416,1.5451419,-0.022899628,1750,1738,train
1388,1.5680339,1.5386848,-0.029349089,1750,1738,train
1389,1.5680263,1.5450747,-0.022951603,1750,1738,train
1390,1.5680186,1.5559216,-0.012097001,1750,1738,train
1391,1.5680108,1.5208448,-0.04716599,1750,1738,train
1392,1.568003,1.5096073,-0.058395743,1750,1738,train
1393,1.5679952,1.4965212,-0.071473956,1750,1738,train
1394,1.5679873,1.4956839,-0.072303414,1750,1738,train
1395,1.5679795,1.4927714,-0.07520807,1750,1738,train
1396,1.5679715,1.4732007,-0.09477079,1750,1738,train
1397,1.5679635,1.4720834,-0.09588003,1750,1738,train
1398,1.5679554,1.4933543,-0.074601054,1750,1738,train
1399,1.5679474,1.4832871,-0.08466029,1750,1738,train
1400,1.5679392,1.4552687,-0.11267042,1750,1738,train
1401,1.567931,1.4506437,-0.1172874,1750,1738,train
1402,1.5679228,1.4560199,-0.11190295,1750,1738,train
1403,1.5679145,1.462712,-0.10520244,1750,1738,train
1404,1.5679061,1.433672,-0.13423419,1750,1738,train
1405,1.5678978,1.4373695,-0.13052833,1750,1738,train
1406,1.5678893,1.4459169,-0.12197244,1750,1738,train
1407,1.5678809,1.4282286,-0.13965225,1750,1738,train
1408,1.5678724,1.4542396,-0.1136328,1750,1738,train
1409,1.5678638,1.4490346,-0.11882925,1750,1738,train
1410,1.5678551,1.4576267,-0.11022842,1750,1738,train
1411,1.5678465,1.448733,-0.119113564,1750,1738,train
1412,1.5678377,1.444098,-0.12373972,1750,1738,train
1413,1.567829,1.4361482,-0.13168085,1750,1738,train
1414,1.5678202,1.4281831,-0.13963711,1750,1738,train
1415,1.5678113,1.4285858,-0.13922548,1750,1738,train
1416,1.5678023,1.4503822,-0.11742008,1750,1738,train
1417,1.5677934,1.4354689,-0.13232446,1750,1738,train
1418,1.5677843,1.4593215,-0.10846281,1750,1738,train
1419,1.5677751,1.443804,-0.123971105,1750,1738,train
1420,1.5677661,1.4392321,-0.12853396,1750,1738,train
1421,1.5677568,1.4305826,-0.13717413,1750,1738,train
1422,1.5677476,1.434621,-0.13312662,1750,1738,train
1423,1.5677382,1.4236869,-0.14405131,1750,1738,train
1424,1.5677289,1.4235933,-0.1441356,1750,1738,train
1425,1.5677195,1.4057426,-0.16197681,1750,1738,train
1426,1.5677099,1.4191065,-0.14860344,1750,1738,train
1427,1.5677004,1.4069529,-0.16074753,1750,1738,train
1428,1.5676907,1.4245462,-0.14314449,1750,1738,train
1429,1.5676811,1.4080781,-0.159603,1750,1738,train
1430,1.5676713,1.393146,-0.17452526,1750,1738,train
1431,1.5676615,1.4192331,-0.14842844,1750,1738,train
1432,1.5676516,1.412,-0.15565169,1750,1738,train
1433,1.5676417,1.402717,-0.16492474,1750,1738,train
1434,1.5676317,1.4044023,-0.16322947,1750,1738,train
1435,1.5676217,1.4121339,-0.15548778,1750,1738,train
1436,1.5676116,1.3964045,-0.17120707,1750,1738,train
1437,1.5676014,1.4048207,-0.16278076,1750,1738,train
1438,1.5675912,1.4024624,-0.16512883,1750,1738,train
1439,1.5675809,1.4145191,-0.15306187,1750,1738,train
1440,1.5675706,1.4126306,-0.15494001,1750,1738,train
1441,1.5675601,1.4174162,-0.15014386,1750,1738,train
1442,1.5675496,1.4105521,-0.15699744,1750,1738,train
1443,1.567539,1.4087001,-0.15883887,1750,1738,train
1444,1.5675284,1.43313,-0.13439834,1750,1738,train
1445,1.5675176,1.4152112,-0.15230644,1750,1738,train
1446,1.5675069,1.404609,-0.16289794,1750,1738,train
1447,1.5674961,1.3965977,-0.17089832,1750,1738,train
1448,1.5674851,1.4211583,-0.14632678,1750,1738,train
1449,1.5674741,1.3846246,-0.18284953,1750,1738,train
1450,1.567463,1.4252588,-0.14220428,1750,1738,train
1451,1.5674518,1.41065,-0.15680182,1750,1738,train
1452,1.5674406,1.4179256,-0.14951503,1750,1738,train
1453,1.5674293,1.3978541,-0.16957521,1750,1738,train
1454,1.567418,1.4012872,-0.16613078,1750,1738,train
1455,1.5674065,1.3854702,-0.18193638,1750,1738,train
1456,1.567395,1.3976705,-0.16972446,1750,1738,train
1457,1.5673834,1.3849952,-0.18238819,1750,1738,train
1458,1.5673717,1.3718266,-0.19554508,1750,1738,train
1459,1.5673599,1.3653376,-0.20202231,1750,1738,train
1460,1.5673481,1.3703183,-0.19702983,1750,1738,train
1461,1.5673361,1.3706759,-0.19666016,1750,1738,train
1462,1.5673242,1.3332562,-0.23406792,1750,1738,train
1463,1.567312,1.3420259,-0.22528613,1750,1738,train
1464,1.5672998,1.3717806,-0.19551921,1750,1738,train
1465,1.5672876,1.3385161,-0.22877145,1750,1738,train
1466,1.5672752,1.3731574,-0.19411778,1750,1738,train
1467,1.5672628,1.3405739,-0.22668886,1750,1738,train
1468,1.5672503,1.3440982,-0.22315204,1750,1738,train
1469,1.5672376,1.3575332,-0.2097044,1750,1738,train
1470,1.5672249,1.3201528,-0.2470721,1750,1738,train
1471,1.5672121,1.3247197,-0.24249244,1750,1738,train
1472,1.5671992,1.3507669,-0.21643233,1750,1738,train
1473,1.5671862,1.3626635,-0.20452273,1750,1738,train
1474,1.5671731,1.3571514,-0.21002173,1750,1738,train
1475,1.56716,1.3781799,-0.1889801,1750,1738,train
1476,1.5671467,1.346722,-0.22042465,1750,1738,train
1477,1.5671333,1.3311996,-0.23593366,1750,1738,train
1478,1.5671198,1.3481388,-0.21898103,1750,1738,train
1479,1.5671064,1.3449008,-0.22220552,1750,1738,train
1480,1.5670927,1.3346491,-0.23244357,1750,1738,train
1481,1.5670788,1.320754,-0.24632478,1750,1738,train
1482,1.567065,1.3432717,-0.22379327,1750,1738,train
1483,1.567051,1.3433936,-0.22365749,1750,1738,train
1484,1.567037,1.3125352,-0.25450182,1750,1738,train
1485,1.5670228,1.297728,-0.26929486,1750,1738,train
1486,1.5670085,1.3054628,-0.26154566,1750,1738,train
1487,1.5669941,1.2456717,-0.32132232,1750,1738,train
1488,1.5669795,1.1928961,-0.3740834,1750,1738,train
1489,1.566965,1.1193427,-0.4476223,1750,1738,train
1490,1.5669502,1.1265012,-0.440449,1750,1738,train
1491,1.5669353,1.1129775,-0.4539578,1750,1738,train
1492,1.5669204,1.1059701,-0.46095026,1750,1738,train
1493,1.5669053,0.98881066,-0.5780946,1750,1738,train
1494,1.5668901,0.9130339,-0.6538562,1750,1738,train
1495,1.5668747,0.9205765,-0.6462982,1750,1738,train
1496,1.5668594,0.949621,-0.61723834,1750,1738,train
1497,1.5668437,0.8137932,-0.75305057,1750,1738,train
1498,1.5668281,1.0088987,-0.5579294,1750,1738,train
1499,1.5668123,0.906562,-0.6602503,1750,1738,train
1500,1.5667963,0.86849475,-0.69830155,1750,1738,train
1501,1.5667803,0.82780504,-0.7389753,1750,1738,train
1502,1.5667641,0.7571294,-0.80963475,1750,1738,train
1503,1.5667478,0.6893494,-0.8773984,1750,1738,train
1504,1.5667313,0.6696259,-0.89710546,1750,1738,train
1505,1.5667148,0.74314666,-0.8235681,1750,1738,train
1506,1.566698,0.6950556,-0.87164235,1750,1738,train
1507,1.5666811,0.70740014,-0.859281,1750,1738,train
1508,1.5666641,0.69162947,-0.87503463,1750,1738,train
1509,1.5666469,0.52911,-1.0375369,1750,1738,train
1510,1.5666296,0.7058657,-0.86076397,1750,1738,train
1511,1.5666122,0.66663235,-0.8999799,1750,1738,train
1512,1.5665947,0.80426484,-0.7623299,1750,1738,train
1513,1.566577,0.7087787,-0.8577983,1750,1738,train
1514,1.5665591,0.87892103,-0.68763804,1750,1738,train
1515,1.5665411,0.78115034,-0.78539073,1750,1738,train
1516,1.5665228,0.9002486,-0.66627425,1750,1738,train
1517,1.5665045,0.7349566,-0.83154786,1750,1738,train
1518,1.566486,0.619074,-0.947412,1750,1738,train
1519,1.5664674,0.7669312,-0.7995362,1750,1738,train
1520,1.5664486,0.7067607,-0.85968786,1750,1738,train
1521,1.5664295,0.6120383,-0.9543912,1750,1738,train
1522,1.5664104,0.6064661,-0.9599443,1750,1738,train
1523,1.5663911,0.5201904,-1.0462008,1750,1738,train
1524,1.5663716,0.6256458,-0.94072574,1750,1738,train
1525,1.5663519,0.5080559,-1.058296,1750,1738,train
1526,1.5663321,0.66093296,-0.90539914,1750,1738,train
1527,1.5663121,0.41087875,-1.1554333,1750,1738,train
1528,1.5662918,0.4440351,-1.1222568,1750,1738,train
1529,1.5662714,0.35769594,-1.2085755,1750,1738,train
1530,1.5662509,0.5782604,-0.9879905,1750,1738,train
1531,1.5662302,0.57106495,-0.9951652,1750,1738,train
1532,1.5662092,0.6520457,-0.9141635,1750,1738,train
1533,1.5661881,0.568969,-0.9972191,1750,1738,train
1534,1.5661668,0.5982495,-0.96791726,1750,1738,train
1535,1.5661452,0.59153605,-0.97460914,1750,1738,train
1536,1.5661235,1.2260426,-0.34008086,1750,1738,train
1537,1.5661016,1.1386322,-0.42746937,1750,1738,train
1538,1.5660794,1.1237313,-0.44234812,1750,1738,train
1539,1.566057,1.1573584,-0.40869856,1750,1738,train
1540,1.5660344,1.0268192,-0.5392152,1750,1738,train
1541,1.5660117,0.9379888,-0.62802285,1750,1738,train
1542,1.5659887,1.0084941,-0.5574945,1750,1738,train
1543,1.5659654,1.0266999,-0.5392655,1750,1738,train
1544,1.565942,1.0646546,-0.50128746,1750,1738,train
1545,1.5659183,0.93317485,-0.6327435,1750,1738,train
1546,1.5658944,0.93557274,-0.6303216,1750,1738,train
1547,1.5658703,0.86967516,-0.6961951,1750,1738,train
1548,1.5658458,0.74196506,-0.8238808,1750,1738,train
1549,1.5658213,0.55455405,-1.0112672,1750,1738,train
1550,1.5657964,0.7374861,-0.82831025,1750,1738,train
1551,1.5657712,0.6955537,-0.8702175,1750,1738,train
1552,1.5657458,0.83268875,-0.7330571,1750,1738,train
1553,1.5657202,0.576586,-0.9891342,1750,1738,train
1554,1.5656943,0.890672,-0.6750223,1750,1738,train
1555,1.5656682,0.8161247,-0.74954355,1750,1738,train
1556,1.5656418,0.9854133,-0.58022845,1750,1738,train
1557,1.565615,0.9732013,-0.5924138,1750,1738,train
1558,1.565588,1.0608152,-0.5047728,1750,1738,train
1559,1.5655608,1.0069748,-0.558586,1750,1738,train
1560,1.5655332,1.1541083,-0.41142488,1750,1738,train
1561,1.5655054,1.0823003,-0.48320508,1750,1738,train
1562,1.5654773,1.0934558,-0.47202146,1750,1738,train
1563,1.5654488,1.141053,-0.4243958,1750,1738,train
1564,1.56542,1.0952127,-0.47020733,1750,1738,train
1565,1.565391,1.0171037,-0.5482873,1750,1738,train
1566,1.5653616,1.0114226,-0.553939,1750,1738,train
1567,1.5653319,1.009569,-0.5557629,1750,1738,train
1568,1.5653019,0.90411717,-0.6611847,1750,1738,train
1569,1.5652715,0.86156154,-0.70370996,1750,1738,train
1570,1.5652409,0.7948531,-0.77038777,1750,1738,train
1571,1.5652097,0.68742114,-0.8777886,1750,1738,train
1572,1.5651784,0.9106348,-0.6545436,1750,1738,train
1573,1.5651467,0.903226,-0.66192067,1750,1738,train
1574,1.5651146,1.007072,-0.55804265,1750,1738,train
1575,1.5650821,0.7953514,-0.7697307,1750,1738,train
1576,1.5650493,1.1402602,-0.42478907,1750,1738,train
1577,1.565016,1.1642845,-0.40073156,1750,1738,train
1578,1.5649824,1.2301803,-0.33480215,1750,1738,train
1579,1.5649484,1.1572852,-0.40766323,1750,1738,train
1580,1.564914,1.2110305,-0.3538835,1750,1738,train
1581,1.5648792,1.206891,-0.35798824,1750,1738,train
1582,1.564844,1.0486629,-0.5161811,1750,1738,train
1583,1.5648084,1.0639443,-0.500864,1750,1738,train
1584,1.5647722,1.1929886,-0.3717836,1750,1738,train
1585,1.5647358,1.2004066,-0.36432922,1750,1738,train
1586,1.5646988,1.1207465,-0.44395232,1750,1738,train
1587,1.5646614,1.0469174,-0.51774395,1750,1738,train
1588,1.5646236,1.0170105,-0.54761314,1750,1738,train
1589,1.5645852,1.0450293,-0.5195559,1750,1738,train
1590,1.5645465,1.1311657,-0.43338072,1750,1738,train
1591,1.5645071,1.0405086,-0.5239985,1750,1738,train
1592,1.5644673,1.1120968,-0.45237052,1750,1738,train
1593,1.564427,1.0639868,-0.50044024,1750,1738,train
1594,1.5643861,1.1207064,-0.4436797,1750,1738,train
1595,1.5643448,1.1070735,-0.45727122,1750,1738,train
1596,1.5643029,1.1333834,-0.43091953,1750,1738,train
1597,1.5642605,1.1561747,-0.40808582,1750,1738,train
1598,1.5642174,1.1193264,-0.4448911,1750,1738,train
1599,1.5641739,1.1145761,-0.44959784,1750,1738,train
1600,1.5641297,1.2797232,-0.28440654,1750,1738,train
1601,1.564085,1.2103679,-0.3537171,1750,1738,train
1602,1.5640397,1.1485436,-0.4154961,1750,1738,train
1603,1.5639937,1.0962465,-0.4677472,1750,1738,train
1604,1.5639471,1.1609459,-0.4030012,1750,1738,train
1605,1.5638999,1.0957607,-0.46813917,1750,1738,train
1606,1.563852,1.1594708,-0.40438116,1750,1738,train
1607,1.5638034,1.0731246,-0.4906788,1750,1738,train
1608,1.5637542,1.1071404,-0.45661378,1750,1738,train
1609,1.5637043,1.0091166,-0.5545876,1750,1738,train
1610,1.5636536,1.086532,-0.4771216,1750,1738,train
1611,1.5636022,1.0750313,-0.48857093,1750,1738,train
1612,1.5635501,1.1330414,-0.43050873,1750,1738,train
1613,1.5634972,1.1602025,-0.40329468,1750,1738,train
1614,1.5634435,1.1388812,-0.42456234,1750,1738,train
1615,1.5633891,1.0352547,-0.52813435,1750,1738,train
1616,1.5633337,1.1294436,-0.4338901,1750,1738,train
1617,1.5632777,1.106654,-0.45662367,1750,1738,train
1618,1.5632207,1.0712552,-0.49196553,1750,1738,train
1619,1.5631629,1.0140582,-0.5491047,1750,1738,train
1620,1.5631042,1.0217326,-0.5413716,1750,1738,train
1621,1.5630445,1.0762413,-0.4868033,1750,1738,train
1622,1.562984,0.9957912,-0.5671928,1750,1738,train
1623,1.5629225,0.8987349,-0.66418755,1750,1738,train
1624,1.56286,0.91987765,-0.64298236,1750,1738,train
1625,1.5627965,0.91114783,-0.65164864,1750,1738,train
1626,1.562732,0.92228246,-0.6404495,1750,1738,train
1627,1.5626664,0.9370365,-0.6256299,1750,1738,train
1628,1.5625998,0.8675511,-0.6950487,1750,1738,train
1629,1.5625321,0.806411,-0.75612104,1750,1738,train
1630,1.5624632,0.892704,-0.66975915,1750,1738,train
1631,1.5623932,0.8167658,-0.7456274,1750,1738,train
1632,1.5623219,1.1294221,-0.43289983,1750,1738,train
1633,1.5622495,0.9981698,-0.56407976,1750,1738,train
1634,1.5621759,1.0285866,-0.53358924,1750,1738,train
1635,1.5621009,1.0066991,-0.5554018,1750,1738,train
1636,1.5620246,0.8805878,-0.6814368,1750,1738,train
1637,1.561947,0.84268177,-0.7192652,1750,1738,train
1638,1.561868,0.9891047,-0.57276326,1750,1738,train
1639,1.5617876,0.9795934,-0.5821942,1750,1738,train
1640,1.5617057,1.1537465,-0.40795922,1750,1738,train
1641,1.5616223,1.1019769,-0.4596454,1750,1738,train
1642,1.5615374,1.2759666,-0.28557074,1750,1738,train
1643,1.5614508,1.2011242,-0.36032665,1750,1738,train
1644,1.5613626,1.1822779,-0.3790847,1750,1738,train
1645,1.5612729,1.0747831,-0.48648977,1750,1738,train
1646,1.5611812,0.9962381,-0.5649431,1750,1738,train
1647,1.5610878,0.82015276,-0.7409351,1750,1738,train
1648,1.5609927,1.1362801,-0.42471266,1750,1738,train
1649,1.5608957,1.1034493,-0.45744634,1750,1738,train
1650,1.5607966,1.0488665,-0.5119301,1750,1738,train
1651,1.5606956,0.91825396,-0.6424417,1750,1738,train
1652,1.5605927,0.8010787,-0.759514,1750,1738,train
1653,1.5604874,0.8328392,-0.7276482,1750,1738,train
1654,1.56038,0.8074609,-0.7529191,1750,1738,train
1655,1.5602704,0.5642602,-0.99601024,1750,1738,train
1656,1.5601584,0.95731485,-0.6028435,1750,1738,train
1657,1.560044,0.72558093,-0.8344631,1750,1738,train
1658,1.5599272,0.8292073,-0.7307199,1750,1738,train
1659,1.5598078,0.89226276,-0.667545,1750,1738,train
1660,1.5596857,1.0063655,-0.55332017,1750,1738,train
1661,1.5595609,0.73343873,-0.82612216,1750,1738,train
1662,1.5594332,0.76789486,-0.79153836,1750,1738,train
1663,1.5593026,0.59797406,-0.9613285,1750,1738,train
1664,1.5591689,1.1770277,-0.38214123,1750,1738,train
1665,1.5590322,1.1507217,-0.40831053,1750,1738,train
1666,1.5588921,1.1487987,-0.41009343,1750,1738,train
1667,1.5587487,1.0686285,-0.49012017,1750,1738,train
1668,1.5586019,1.1409705,-0.4176314,1750,1738,train
1669,1.5584513,1.0560489,-0.5024024,1750,1738,train
1670,1.5582969,1.1401072,-0.41818976,1750,1738,train
1671,1.5581387,1.095437,-0.46270168,1750,1738,train
1672,1.5579765,1.2505405,-0.307436,1750,1738,train
1673,1.5578101,1.0976522,-0.46015787,1750,1738,train
1674,1.5576392,1.1731539,-0.38448536,1750,1738,train
1675,1.5574638,1.0006582,-0.5568056,1750,1738,train
1676,1.5572836,1.0970609,-0.46022272,1750,1738,train
1677,1.5570985,0.98586273,-0.5712358,1750,1738,train
1678,1.5569084,0.9268545,-0.6300539,1750,1738,train
1679,1.5567127,1.0705155,-0.48619723,1750,1738,train
1680,1.5565116,0.99817014,-0.5583415,1750,1738,train
1681,1.5563046,0.9004606,-0.655844,1750,1738,train
1682,1.5560915,0.8103967,-0.7456949,1750,1738,train
1683,1.5558721,0.58765113,-0.96822095,1750,1738,train
1684,1.555646,0.7321782,-0.82346773,1750,1738,train
1685,1.5554129,0.7690834,-0.7863295,1750,1738,train
1686,1.5551726,0.57455593,-0.9806166,1750,1738,train
1687,1.5549246,0.57467914,-0.9802455,1750,1738,train
1688,1.5546687,0.764189,-0.79047966,1750,1738,train
1689,1.5544044,0.45315635,-1.101248,1750,1738,train
1690,1.5541312,0.6382826,-0.91584855,1750,1738,train
1691,1.5538487,0.6887479,-0.86510086,1750,1738,train
1692,1.5535567,0.58276427,-0.9707924,1750,1738,train
1693,1.5532542,0.67377895,-0.8794753,1750,1738,train
1694,1.5529411,0.5052794,-1.0476617,1750,1738,train
1695,1.5526165,0.46892494,-1.0836916,1750,1738,train
1696,1.55228,0.77294964,-0.7793303,1750,1738,train
1697,1.5519307,0.5439346,-1.0079961,1750,1738,train
1698,1.5515679,0.6450268,-0.9065411,1750,1738,train
1699,1.551191,0.623899,-0.927292,1750,1738,train
1700,1.550799,0.65095025,-0.89984876,1750,1738,train
1701,1.550391,0.65618694,-0.894204,1750,1738,train
1702,1.549966,0.54021287,-1.0097531,1750,1738,train
1703,1.549523,0.45574886,-1.0937741,1750,1738,train
1704,1.5490606,0.6683501,-0.8807105,1750,1738,train
1705,1.5485778,0.5051934,-1.0433843,1750,1738,train
1706,1.5480729,0.67461544,-0.8734575,1750,1738,train
1707,1.5475447,0.74517536,-0.80236936,1750,1738,train
1708,1.5469913,0.7535217,-0.79346967,1750,1738,train
1709,1.5464109,0.6265269,-0.919884,1750,1738,train
1710,1.5458015,0.49110413,-1.0546974,1750,1738,train
1711,1.5451609,0.39749777,-1.1476631,1750,1738,train
1712,1.5444866,0.6558402,-0.8886464,1750,1738,train
1713,1.5437759,0.49635136,-1.0474246,1750,1738,train
1714,1.5430257,0.42176977,-1.121256,1750,1738,train
1715,1.5422326,0.30123726,-1.2409954,1750,1738,train
1716,1.541393,0.3199244,-1.2214687,1750,1738,train
1717,1.5405025,0.20486124,-1.3356413,1750,1738,train
1718,1.5395565,0.07072115,-1.4688354,1750,1738,train
1719,1.5385494,-0.040803526,-1.579353,1750,1738,train
1720,1.5374753,0.3100242,-1.2274511,1750,1738,train
1721,1.5363272,0.13709515,-1.3992321,1750,1738,train
1722,1.5350972,0.22899228,-1.3061049,1750,1738,train
1723,1.5337762,0.2437506,-1.2900256,1750,1738,train
1724,1.5323538,0.22841115,-1.3039426,1750,1738,train
1725,1.5308176,0.22684959,-1.3039681,1750,1738,train
1726,1.5291537,0.2514723,-1.2776814,1750,1738,train
1727,1.5273454,0.2038613,-1.3234842,1750,1738,train
1728,1.5253731,0.3363881,-1.188985,1750,1738,train
1729,1.5232133,0.3441002,-1.179113,1750,1738,train
1730,1.5208379,0.30598193,-1.2148559,1750,1738,train
1731,1.5182133,0.3752952,-1.1429181,1750,1738,train
1732,1.5152978,0.32035673,-1.194941,1750,1738,train
1733,1.5120405,0.1495108,-1.3625298,1750,1738,train
1734,1.5083776,0.28778398,-1.2205936,1750,1738,train
1735,1.5042281,0.11336034,-1.3908678,1750,1738,train
1736,1.4994888,0.058550626,-1.4409382,1750,1738,train
1737,1.4940244,-0.10474752,-1.5987719,1750,1738,train
1738,1.487655,-0.020204261,-1.5078593,1750,1738,train
1739,1.4801364,-0.09259337,-1.5727298,1750,1738,train
1740,1.4711276,-0.09030074,-1.5614283,1750,1738,train
1741,1.4601392,-0.054897066,-1.5150362,1750,1738,train
1742,1.4464413,-0.030051947,-1.4764932,1750,1738,train
1743,1.4288993,-0.11530513,-1.5442045,1750,1738,train
1744,1.4056476,-0.43574145,-1.8413891,1750,1738,train
1745,1.3734008,-0.45881382,-1.8322146,1750,1738,train
1746,1.3258177,-0.47741425,-1.803232,1750,1738,train
1747,1.2490457,-0.5938035,-1.8428493,1750,1738,train
1748,1.1071488,-0.6309961,-1.7381449,1750,1738,train
1749,0.7853982,-0.7702316,-1.5556297,1750,1738,train
1750,-0.0,-0.7741264,-0.7741264,1750,1738,train
1751,-0.7853982,-0.80575347,-0.020355284,1750,1738,train
1752,-1.1071488,-1.3869462,-0.27979743,1750,1738,train
1753,-1.2490457,-1.3770059,-0.1279602,1750,1738,train
1754,-1.3258177,-1.374733,-0.048915267,1750,1738,train
1755,-1.3734008,-1.375288,-0.0018872023,1750,1738,train
1756,-1.4056476,-1.3876026,0.018045068,1750,1738,train
1757,-1.4288993,-1.3796678,0.04923153,1750,1738,train
1758,-1.4464413,-1.3936894,0.0527519,1750,1738,train
1759,-1.4601392,-1.397336,0.06280315,1750,1738,train
1760,-1.4711276,-1.4626491,0.008478522,1750,1738,train
1761,-1.4801364,-1.4774075,0.002728939,1750,1738,train
1762,-1.487655,-1.4704392,0.017215848,1750,1738,train
1763,-1.4940244,-1.4687403,0.025284052,1750,1738,train
1764,-1.4994888,-1.4548805,0.044608355,1750,1738,train
1765,-1.5042281,-1.453379,0.05084908,1750,1738,train
1766,-1.5083776,-1.4517003,0.056677222,1750,1738,train
1767,-1.5120405,-1.4464647,0.06557584,1750,1738,train
1768,-1.5152978,-1.4820955,0.03320229,1750,1738,train
1769,-1.5182133,-1.4643579,0.05385542,1750,1738,train
1770,-1.5208379,-1.472463,0.04837489,1750,1738,train
1771,-1.5232133,-1.465574,0.05763924,1750,1738,train
1772,-1.5253731,-1.4827375,0.04263556,1750,1738,train
1773,-1.5273454,-1.4657016,0.06164384,1750,1738,train
1774,-1.5291537,-1.4614031,0.06775057,1750,1738,train
1775,-1.5308176,-1.4803398,0.050477862,1750,1738,train
1776,-1.5323538,-1.4521155,0.08023822,1750,1738,train
1777,-1.5337762,-1.4521142,0.08166194,1750,1738,train
1778,-1.5350972,-1.4663222,0.06877506,1750,1738,train
1779,-1.5363272,-1.4459965,0.09033072,1750,1738,train
1780,-1.5374753,-1.4481794,0.08929598,1750,1738,train
1781,-1.5385494,-1.4385917,0.099957705,1750,1738,train
1782,-1.5395565,-1.44768,0.09187651,1750,1738,train
1783,-1.5405025,-1.4315469,0.10895562,1750,1738,train
1784,-1.541393,-1.4239557,0.11743736,1750,1738,train
1785,-1.5422326,-1.4198282,0.122404456,1750,1738,train
1786,-1.5430257,-1.4270089,0.116016865,1750,1738,train
1787,-1.5437759,-1.4213413,0.122434616,1750,1738,train
1788,-1.5444866,-1.4151577,0.12932897,1750,1738,train
1789,-1.5451609,-1.4168806,0.12828028,1750,1738,train
1790,-1.5458015,-1.4092257,0.13657582,1750,1738,train
1791,-1.5464109,-1.4220066,0.12440431,1750,1738,train
1792,-1.5469913,-1.4403107,0.10668063,1750,1738,train
1793,-1.5475447,-1.4444141,0.10313058,1750,1738,train
1794,-1.5480729,-1.4546063,0.09346664,1750,1738,train
1795,-1.5485778,-1.4370781,0.11149967,1750,1738,train
1796,-1.5490606,-1.4445361,0.10452449,1750,1738,train
1797,-1.549523,-1.4409976,0.108525395,1750,1738,train
1798,-1.549966,-1.4570005,0.09296548,1750,1738,train
1799,-1.550391,-1.4459257,0.104465246,1750,1738,train
1800,-1.550799,-1.4583033,0.09249568,1750,1738,train
1801,-1.551191,-1.4685242,0.082666755,1750,1738,train
1802,-1.5515679,-1.4724925,0.079075456,1750,1738,train
1803,-1.5519307,-1.4659629,0.08596778,1750,1738,train
1804,-1.55228,-1.4673612,0.08491874,1750,1738,train
1805,-1.5526165,-1.4628264,0.089790106,1750,1738,train
1806,-1.5529411,-1.4773607,0.07558036,1750,1738,train
1807,-1.5532542,-1.4897641,0.06349015,1750,1738,train
1808,-1.5535567,-1.4628353,0.09072137,1750,1738,train
1809,-1.5538487,-1.4619081,0.09194064,1750,1738,train
1810,-1.5541312,-1.4598082,0.09432292,1750,1738,train
1811,-1.5544044,-1.4731956,0.081208825,1750,1738,train
1812,-1.5546687,-1.4732438,0.08142483,1750,1738,train
1813,-1.5549246,-1.4576797,0.09724486,1750,1738,train
1814,-1.5551726,-1.4595587,0.09561384,1750,1738,train
1815,-1.5554129,-1.4529979,0.102414966,1750,1738,train
1816,-1.555646,-1.4468291,0.10881686,1750,1738,train
1817,-1.5558721,-1.4566274,0.099244714,1750,1738,train
1818,-1.5560915,-1.4582444,0.097847104,1750,1738,train
1819,-1.5563046,-1.4578826,0.09842193,1750,1738,train
1820,-1.5565116,-1.4601148,0.096396804,1750,1738,train
1821,-1.5567127,-1.4609818,0.0957309,1750,1738,train
1822,-1.5569084,-1.4632329,0.093675494,1750,1738,train
1823,-1.5570985,-1.4727092,0.08438933,1750,1738,train
1824,-1.5572836,-1.4635122,0.09377146,1750,1738,train
1825,-1.5574638,-1.4685674,0.088896394,1750,1738,train
1826,-1.5576392,-1.4763238,0.0813154,1750,1738,train
1827,-1.5578101,-1.4719324,0.08587766,1750,1738,train
1828,-1.5579765,-1.46682,0.09115648,1750,1738,train
1829,-1.5581387,-1.4604285,0.09771025,1750,1738,train
1830,-1.5582969,-1.477512,0.08078492,1750,1738,train
1831,-1.5584513,-1.4692235,0.089227796,1750,1738,train
1832,-1.5586019,-1.4615382,0.09706366,1750,1738,train
1833,-1.5587487,-1.454946,0.10380268,1750,1738,train
1834,-1.5588921,-1.4560678,0.10282433,1750,1738,train
1835,-1.5590322,-1.4536664,0.10536575,1750,1738,train
1836,-1.5591689,-1.4530241,0.106144786,1750,1738,train
1837,-1.5593026,-1.4538288,0.10547376,1750,1738,train
1838,-1.5594332,-1.453958,0.10547519,1750,1738,train
1839,-1.5595609,-1.4725441,0.08701682,1750,1738,train
1840,-1.5596857,-1.4605613,0.09912443,1750,1738,train
1841,-1.5598078,-1.4623277,0.09748006,1750,1738,train
1842,-1.5599272,-1.4666417,0.09328556,1750,1738,train
1843,-1.560044,-1.484561,0.07548308,1750,1738,train
1844,-1.5601584,-1.4867661,0.07339227,1750,1738,train
1845,-1.5602704,-1.4721484,0.08812201,1750,1738,train
1846,-1.56038,-1.4829824,0.077397585,1750,1738,train
1847,-1.5604874,-1.4854842,0.07500315,1750,1738,train
1848,-1.5605927,-1.4900377,0.07055497,1750,1738,train
1849,-1.5606956,-1.4980085,0.06268716,1750,1738,train
1850,-1.5607966,-1.4873309,0.073465705,1750,1738,train
1851,-1.5608957,-1.4957864,0.06510925,1750,1738,train
1852,-1.5609927,-1.487612,0.07338071,1750,1738,train
1853,-1.5610878,-1.4937125,0.0673753,1750,1738,train
1854,-1.5611812,-1.488871,0.07231021,1750,1738,train
1855,-1.5612729,-1.493294,0.06797886,1750,1738,train
1856,-1.5613626,-1.5038965,0.05746615,1750,1738,train
1857,-1.5614508,-1.5058281,0.055622697,1750,1738,train
1858,-1.5615374,-1.504992,0.056545377,1750,1738,train
1859,-1.5616223,-1.5103567,0.051265597,1750,1738,train
1860,-1.5617057,-1.4995832,0.062122464,1750,1738,train
1861,-1.5617876,-1.5010052,0.060782433,1750,1738,train
1862,-1.561868,-1.4909787,0.070889235,1750,1738,train
1863,-1.561947,-1.4935827,0.06836426,1750,1738,train
1864,-1.5620246,-1.5067015,0.055323124,1750,1738,train
1865,-1.5621009,-1.5072703,0.05483055,1750,1738,train
1866,-1.5621759,-1.4990201,0.06315577,1750,1738,train
1867,-1.5622495,-1.5057545,0.05649507,1750,1738,train
1868,-1.5623219,-1.4836316,0.07869029,1750,1738,train
1869,-1.5623932,-1.4891604,0.07323277,1750,1738,train
1870,-1.5624632,-1.4916813,0.07078183,1750,1738,train
1871,-1.5625321,-1.510406,0.05212605,1750,1738,train
1872,-1.5625998,-1.4990706,0.063529134,1750,1738,train
1873,-1.5626664,-1.4990284,0.06363797,1750,1738,train
1874,-1.562732,-1.5011356,0.061596394,1750,1738,train
1875,-1.5627965,-1.4797189,0.08307755,1750,1738,train
1876,-1.56286,-1.5022151,0.060644865,1750,1738,train
1877,-1.5629225,-1.4967704,0.066152096,1750,1738,train
1878,-1.562984,-1.4985139,0.06447005,1750,1738,train
1879,-1.5630445,-1.5033789,0.05966568,1750,1738,train
1880,-1.5631042,-1.5044196,0.058684587,1750,1738,train
1881,-1.5631629,-1.4842393,0.07892358,1750,1738,train
1882,-1.5632207,-1.4834156,0.079805136,1750,1738,train
1883,-1.5632777,-1.4801955,0.0830822,1750,1738,train
1884,-1.5633337,-1.5089611,0.05437267,1750,1738,train
1885,-1.5633891,-1.5017252,0.061663866,1750,1738,train
1886,-1.5634435,-1.4921553,0.07128823,1750,1738,train
1887,-1.5634972,-1.5027289,0.060768247,1750,1738,train
1888,-1.5635501,-1.5034921,0.060057998,1750,1738,train
1889,-1.5636022,-1.5090303,0.054571867,1750,1738,train
1890,-1.5636536,-1.499722,0.063931584,1750,1738,train
1891,-1.5637043,-1.4951813,0.06852293,1750,1738,train
1892,-1.5637542,-1.4912574,0.07249677,1750,1738,train
1893,-1.5638034,-1.4990528,0.06475067,1750,1738,train
1894,-1.563852,-1.496756,0.067095995,1750,1738,train
1895,-1.5638999,-1.4741769,0.08972299,1750,1738,train
1896,-1.5639471,-1.492765,0.07118213,1750,1738,train
1897,-1.5639937,-1.4934397,0.07055402,1750,1738,train
1898,-1.5640397,-1.4731356,0.09090412,1750,1738,train
1899,-1.564085,-1.4927589,0.07132614,1750,1738,train
1900,-1.5641297,-1.4836304,0.08049929,1750,1738,train
1901,-1.5641739,-1.4576187,0.10655522,1750,1738,train
1902,-1.5642174,-1.4685893,0.09562814,1750,1738,train
1903,-1.5642605,-1.4992243,0.06503618,1750,1738,train
1904,-1.5643029,-1.4823004,0.08200252,1750,1738,train
1905,-1.5643448,-1.4917369,0.072607875,1750,1738,train
1906,-1.5643861,-1.4752384,0.08914769,1750,1738,train
1907,-1.564427,-1.4854463,0.078980684,1750,1738,train
1908,-1.5644673,-1.483304,0.08116329,1750,1738,train
1909,-1.5645071,-1.4992867,0.065220475,1750,1738,train
1910,-1.5645465,-1.5047768,0.05976963,1750,1738,train
1911,-1.5645852,-1.4874117,0.07717347,1750,1738,train
1912,-1.5646236,-1.4911019,0.07352173,1750,1738,train
1913,-1.5646614,-1.468841,0.09582043,1750,1738,train
1914,-1.5646988,-1.4664967,0.09820211,1750,1738,train
1915,-1.5647358,-1.497611,0.067124724,1750,1738,train
1916,-1.5647722,-1.4880946,0.07667768,1750,1738,train
1917,-1.5648084,-1.4835719,0.08123648,1750,1738,train
1918,-1.564844,-1.4806509,0.08419311,1750,1738,train
1919,-1.5648792,-1.4574372,0.10744202,1750,1738,train
1920,-1.564914,-1.5146499,0.05026412,1750,1738,train
1921,-1.5649484,-1.4903097,0.074638724,1750,1738,train
1922,-1.5649824,-1.5140765,0.050905943,1750,1738,train
1923,-1.565016,-1.5037369,0.061279178,1750,1738,train
1924,-1.5650493,-1.5002176,0.06483173,1750,1738,train
1925,-1.5650821,-1.4789481,0.08613396,1750,1738,train
1926,-1.5651146,-1.4607241,0.1043905,1750,1738,train
1927,-1.5651467,-1.4962493,0.06889737,1750,1738,train
1928,-1.5651784,-1.4593995,0.10577893,1750,1738,train
1929,-1.5652097,-1.5098999,0.05530989,1750,1738,train
1930,-1.5652409,-1.4995397,0.06570113,1750,1738,train
1931,-1.5652715,-1.4653662,0.09990525,1750,1738,train
1932,-1.5653019,-1.4571114,0.10819054,1750,1738,train
1933,-1.5653319,-1.5134044,0.051927567,1750,1738,train
1934,-1.5653616,-1.4861021,0.079259515,1750,1738,train
1935,-1.565391,-1.5118761,0.05351484,1750,1738,train
1936,-1.56542,-1.4984426,0.06697738,1750,1738,train
1937,-1.5654488,-1.5002756,0.06517315,1750,1738,train
1938,-1.5654773,-1.4911096,0.07436764,1750,1738,train
1939,-1.5655054,-1.5087731,0.056732297,1750,1738,train
1940,-1.5655332,-1.5029123,0.06262088,1750,1738,train
1941,-1.5655608,-1.4760659,0.08949494,1750,1738,train
1942,-1.565588,-1.5177251,0.047862887,1750,1738,train
1943,-1.565615,-1.457734,0.10788107,1750,1738,train
1944,-1.5656418,-1.4791462,0.08649552,1750,1738,train
1945,-1.5656682,-1.5276368,0.03803146,1750,1738,train
1946,-1.5656943,-1.5147419,0.050952435,1750,1738,train
1947,-1.5657202,-1.5205456,0.0451746,1750,1738,train
1948,-1.5657458,-1.496901,0.068844795,1750,1738,train
1949,-1.5657712,-1.5006043,0.06516695,1750,1738,train
1950,-1.5657964,-1.4822915,0.083504915,1750,1738,train
1951,-1.5658213,-1.5427463,0.023074985,1750,1738,train
1952,-1.5658458,-1.5545781,0.011267781,1750,1738,train
1953,-1.5658703,-1.5088654,0.05700493,1750,1738,train
1954,-1.5658944,-1.5027635,0.063130856,1750,1738,train
1955,-1.5659183,-1.4975362,0.068382144,1750,1738,train
1956,-1.565942,-1.4985011,0.06744099,1750,1738,train
1957,-1.5659654,-1.4682071,0.09775829,1750,1738,train
1958,-1.5659887,-1.5197127,0.046275973,1750,1738,train
1959,-1.5660117,-1.5117915,0.0542202,1750,1738,train
1960,-1.5660344,-1.5056033,0.060431123,1750,1738,train
1961,-1.566057,-1.4741724,0.09188461,1750,1738,train
1962,-1.5660794,-1.5066302,0.059449196,1750,1738,train
1963,-1.5661016,-1.5113759,0.054725647,1750,1738,train
1964,-1.5661235,-1.5147147,0.051408768,1750,1738,train
1965,-1.5661452,-1.5058408,0.060304403,1750,1738,train
1966,-1.5661668,-1.5086181,0.057548642,1750,1738,train
1967,-1.5661881,-1.4776354,0.08855271,1750,1738,train
1968,-1.5662092,-1.4876659,0.078543305,1750,1738,train
1969,-1.5662302,-1.5003473,0.06588292,1750,1738,train
1970,-1.5662509,-1.5425231,0.023727775,1750,1738,train
1971,-1.5662714,-1.51359,0.052681446,1750,1738,train
1972,-1.5662918,-1.5065756,0.059716225,1750,1738,train
1973,-1.5663121,-1.5122628,0.054049253,1750,1738,train
1974,-1.5663321,-1.533052,0.033280134,1750,1738,train
1975,-1.5663519,-1.5323225,0.034029365,1750,1738,train
1976,-1.5663716,-1.5315919,0.034779668,1750,1738,train
1977,-1.5663911,-1.520714,0.045677066,1750,1738,train
1978,-1.5664104,-1.5294259,0.036984563,1750,1738,train
1979,-1.5664295,-1.5487415,0.017688036,1750,1738,train
1980,-1.5664486,-1.5303409,0.03610766,1750,1738,train
1981,-1.5664674,-1.5085334,0.057934046,1750,1738,train
1982,-1.566486,-1.5608058,0.0056802034,1750,1738,train
1983,-1.5665045,-1.5323772,0.034127235,1750,1738,train
1984,-1.5665228,-1.5652564,0.0012664795,1750,1738,train
1985,-1.5665411,-1.5635586,0.0029824972,1750,1738,train
1986,-1.5665591,-1.5483612,0.018197894,1750,1738,train
1987,-1.566577,-1.5284255,0.038151503,1750,1738,train
1988,-1.5665947,-1.5467875,0.01980722,1750,1738,train
1989,-1.5666122,-1.55163,0.0149822235,1750,1738,train
1990,-1.5666296,-1.5471711,0.019458532,1750,1738,train
1991,-1.5666469,-1.5565436,0.010103345,1750,1738,train
1992,-1.5666641,-1.5971766,-0.030512452,1750,1738,train
1993,-1.5666811,-1.5787252,-0.012044072,1750,1738,train
1994,-1.566698,-1.5778794,-0.011181474,1750,1738,train
1995,-1.5667148,-1.586268,-0.019553185,1750,1738,train
1996,-1.5667313,-1.579428,-0.012696624,1750,1738,train
1997,-1.5667478,-1.5786896,-0.011941791,1750,1738,train
1998,-1.5667641,-1.5758996,-0.009135485,1750,1738,train
1999,-1.5667803,-1.5767277,-0.009947419,1750,1738,train
2000,-1.5667963,-1.5523467,0.014449596,1750,1738,train
2001,-1.5668123,-1.5560684,0.010743856,1750,1738,train
2002,-1.5668281,-1.6041158,-0.037287712,1750,1738,train
2003,-1.5668437,-1.5617001,0.0051436424,1750,1738,train
2004,-1.5668594,-1.541418,0.025441408,1750,1738,train
2005,-1.5668747,-1.5555515,0.011323214,1750,1738,train
2006,-1.5668901,-1.6248357,-0.05794561,1750,1738,train
2007,-1.5669053,-1.6124096,-0.04550433,1750,1738,train
2008,-1.5669204,-1.5740323,-0.007111907,1750,1738,train
2009,-1.5669353,-1.5603251,0.006610155,1750,1738,train
2010,-1.5669502,-1.5914996,-0.024549365,1750,1738,train
2011,-1.566965,-1.5569406,0.010024428,1750,1738,train
2012,-1.5669795,-1.6080489,-0.04106939,1750,1738,train
2013,-1.5669941,-1.6013014,-0.03430736,1750,1738,train
2014,-1.5670085,-1.5895674,-0.022558928,1750,1738,train
2015,-1.5670228,-1.5769997,-0.009976864,1750,1738,train
2016,-1.567037,-1.5882055,-0.02116847,1750,1738,train
2017,-1.567051,-1.589438,-0.022386909,1750,1738,train
2018,-1.567065,-1.6192057,-0.052140713,1750,1738,train
2019,-1.5670788,-1.6185844,-0.051505566,1750,1738,train
2020,-1.5670927,-1.6099503,-0.042857647,1750,1738,train
2021,-1.5671064,-1.6020468,-0.03494048,1750,1738,train
2022,-1.5671198,-1.5681945,-0.0010746717,1750,1738,train
2023,-1.5671333,-1.558263,0.008870363,1750,1738,train
2024,-1.5671467,-1.560945,0.006201625,1750,1738,train
2025,-1.56716,-1.6009228,-0.033762813,1750,1738,train
2026,-1.5671731,-1.5873137,-0.020140529,1750,1738,train
2027,-1.5671862,-1.5690408,-0.0018545389,1750,1738,train
2028,-1.5671992,-1.5715246,-0.00432539,1750,1738,train
2029,-1.5672121,-1.5402881,0.026924014,1750,1738,train
2030,-1.5672249,-1.6002744,-0.033049583,1750,1738,train
2031,-1.5672376,-1.5870214,-0.019783735,1750,1738,train
2032,-1.5672503,-1.5720191,-0.0047688484,1750,1738,train
2033,-1.5672628,-1.588649,-0.021386266,1750,1738,train
2034,-1.5672752,-1.6109583,-0.04368317,1750,1738,train
2035,-1.5672876,-1.5522586,0.015028954,1750,1738,train
2036,-1.5672998,-1.558269,0.009030819,1750,1738,train
2037,-1.567312,-1.550547,0.016764998,1750,1738,train
2038,-1.5673242,-1.5834599,-0.016135693,1750,1738,train
2039,-1.5673361,-1.6072898,-0.03995371,1750,1738,train
2040,-1.5673481,-1.5952654,-0.027917266,1750,1738,train
2041,-1.5673599,-1.565375,0.0019849539,1750,1738,train
2042,-1.5673717,-1.550714,0.01665771,1750,1738,train
2043,-1.5673834,-1.5673566,2.682209e-05,1750,1738,train
2044,-1.567395,-1.5722384,-0.0048434734,1750,1738,train
2045,-1.5674065,-1.599057,-0.031650424,1750,1738,train
2046,-1.567418,-1.5913122,-0.02389419,1750,1738,train
2047,-1.5674293,-1.5761003,-0.008671045,1750,1738,train
2048,-1.5674406,-1.5742025,-0.0067619085,1750,1738,train
2049,-1.5674518,-1.6253941,-0.05794227,1750,1738,train
2050,-1.567463,-1.6220176,-0.05455458,1750,1738,train
2051,-1.5674741,-1.5479497,0.019524455,1750,1738,train
2052,-1.5674851,-1.5628738,0.0046112537,1750,1738,train
2053,-1.5674961,-1.5765572,-0.009061098,1750,1738,train
2054,-1.5675069,-1.5588135,0.008693457,1750,1738,train
2055,-1.5675176,-1.6222532,-0.05473554,1750,1738,train
2056,-1.5675284,-1.5811872,-0.013658881,1750,1738,train
2057,-1.567539,-1.5919523,-0.024413347,1750,1738,train
2058,-1.5675496,-1.5967892,-0.029239655,1750,1738,train
2059,-1.5675601,-1.6361411,-0.068580985,1750,1738,train
2060,-1.5675706,-1.6161597,-0.04858911,1750,1738,train
2061,-1.5675809,-1.6168318,-0.04925084,1750,1738,train
2062,-1.5675912,-1.6112404,-0.043649197,1750,1738,train
2063,-1.5676014,-1.6311393,-0.063537836,1750,1738,train
2064,-1.5676116,-1.5830126,-0.015401006,1750,1738,train
2065,-1.5676217,-1.6137271,-0.046105385,1750,1738,train
2066,-1.5676317,-1.6743424,-0.10671067,1750,1738,train
2067,-1.5676417,-1.6629825,-0.09534073,1750,1738,train
2068,-1.5676516,-1.6006466,-0.032994986,1750,1738,train
2069,-1.5676615,-1.6240668,-0.056405306,1750,1738,train
2070,-1.5676713,-1.6239741,-0.056302786,1750,1738,train
2071,-1.5676811,-1.6090232,-0.04134214,1750,1738,train
2072,-1.5676907,-1.6046329,-0.036942124,1750,1738,train
2073,-1.5677004,-1.6459705,-0.07827008,1750,1738,train
2074,-1.5677099,-1.6315997,-0.06388974,1750,1738,train
2075,-1.5677195,-1.656843,-0.08912349,1750,1738,train
2076,-1.5677289,-1.6563581,-0.088629246,1750,1738,train
2077,-1.5677382,-1.6289806,-0.06124246,1750,1738,train
2078,-1.5677476,-1.6283567,-0.060609102,1750,1738,train
2079,-1.5677568,-1.6822591,-0.11450231,1750,1738,train
2080,-1.5677661,-1.6801834,-0.11241734,1750,1738,train
2081,-1.5677751,-1.6356077,-0.06783259,1750,1738,train
2082,-1.5677843,-1.6215242,-0.053739905,1750,1738,train
2083,-1.5677934,-1.6527673,-0.08497393,1750,1738,train
2084,-1.5678023,-1.6745749,-0.10677254,1750,1738,train
2085,-1.5678113,-1.6968824,-0.12907112,1750,1738,train
2086,-1.5678202,-1.6936007,-0.12578046,1750,1738,train
2087,-1.567829,-1.6797552,-0.1119262,1750,1738,train
2088,-1.5678377,-1.6659296,-0.09809184,1750,1738,train
2089,-1.5678465,-1.6855108,-0.11766422,1750,1738,train
2090,-1.5678551,-1.6553845,-0.08752942,1750,1738,train
2091,-1.5678638,-1.6531382,-0.08527434,1750,1738,train
2092,-1.5678724,-1.6368967,-0.069024324,1750,1738,train
2093,-1.5678809,-1.6987307,-0.13084984,1750,1738,train
2094,-1.5678893,-1.697315,-0.12942564,1750,1738,train
2095,-1.5678978,-1.6836991,-0.115801334,1750,1738,train
2096,-1.5679061,-1.6662875,-0.0983814,1750,1738,train
2097,-1.5679145,-1.6864136,-0.11849916,1750,1738,train
2098,-1.5679228,-1.7178025,-0.1498797,1750,1738,train
2099,-1.567931,-1.7042663,-0.13633525,1750,1738,train
2100,-1.5679392,-1.7212225,-0.15328336,1750,1738,train
2101,-1.5679474,-1.7122695,-0.14432216,1750,1738,train
2102,-1.5679554,-1.6568005,-0.088845134,1750,1738,train
2103,-1.5679635,-1.6826988,-0.114735365,1750,1738,train
2104,-1.5679715,-1.7308193,-0.16284788,1750,1738,train
2105,-1.5679795,-1.6909246,-0.12294519,1750,1738,train
2106,-1.5679873,-1.7059802,-0.13799286,1750,1738,train
2107,-1.5679952,-1.701557,-0.13356185,1750,1738,train
2108,-1.568003,-1.7056007,-0.13759768,1750,1738,train
2109,-1.5680108,-1.7439573,-0.17594647,1750,1738,train
2110,-1.5680186,-1.7222549,-0.15423632,1750,1738,train
2111,-1.5680263,-1.7119702,-0.1439439,1750,1738,train
2112,-1.5680339,-1.7227646,-0.15473068,1750,1738,train
2113,-1.5680416,-1.7552171,-0.18717551,1750,1738,train
2114,-1.5680491,-1.7486486,-0.18059957,1750,1738,train
2115,-1.5680566,-1.710784,-0.14272738,1750,1738,train
2116,-1.5680641,-1.7361223,-0.16805816,1750,1738,train
2117,-1.5680715,-1.7808567,-0.21278524,1750,1738,train
2118,-1.568079,-1.7848322,-0.21675324,1750,1738,train
2119,-1.5680863,-1.7819704,-0.21388412,1750,1738,train
2120,-1.5680937,-1.7447315,-0.17663789,1750,1738,train
2121,-1.5681009,-1.7813276,-0.21322668,1750,1738,train
2122,-1.5681082,-1.7766575,-0.20854926,1750,1738,train
2123,-1.5681154,-1.7340734,-0.16595805,1750,1738,train
2124,-1.5681225,-1.7533597,-0.18523717,1750,1738,train
2125,-1.5681297,-1.7416992,-0.17356956,1750,1738,train
2126,-1.5681368,-1.7680384,-0.19990158,1750,1738,train
2127,-1.5681438,-1.7400703,-0.1719265,1750,1738,train
2128,-1.5681509,-1.7849685,-0.21681762,1750,1738,train
2129,-1.5681578,-1.7677023,-0.19954455,1750,1738,train
2130,-1.5681647,-1.75995,-0.19178534,1750,1738,train
2131,-1.5681716,-1.7632272,-0.1950556,1750,1738,train
2132,-1.5681785,-1.7809383,-0.21275973,1750,1738,train
2133,-1.5681853,-1.7855793,-0.217394,1750,1738,train
2134,-1.5681921,-1.7861372,-0.2179451,1750,1738,train
2135,-1.5681989,-1.7186646,-0.15046573,1750,1738,train
2136,-1.5682057,-1.7417103,-0.17350459,1750,1738,train
2137,-1.5682124,-1.7368901,-0.16867769,1750,1738,train
