cycle_index,true_kpd,pred_kpd,kpd_error,true_knee_cycle,pred_knee_cycle,split
0,1.5702249,1.4903504,-0.079874516,1750,1748,train
1,1.5702245,1.4747707,-0.09545386,1750,1748,train
2,1.5702243,1.4640577,-0.1061666,1750,1748,train
3,1.5702239,1.4564891,-0.11373484,1750,1748,train
4,1.5702236,1.4756409,-0.09458268,1750,1748,train
5,1.5702232,1.4500753,-0.12014794,1750,1748,train
6,1.570223,1.4555146,-0.11470842,1750,1748,train
7,1.5702226,1.4340948,-0.13612783,1750,1748,train
8,1.5702223,1.5437268,-0.026495457,1750,1748,train
9,1.5702219,1.5324872,-0.037734747,1750,1748,train
10,1.5702217,1.5441506,-0.026071072,1750,1748,train
11,1.5702213,1.5330564,-0.037164927,1750,1748,train
12,1.570221,1.5722497,0.0020287037,1750,1748,train
13,1.5702206,1.5688229,-0.0013977289,1750,1748,train
14,1.5702202,1.5522984,-0.017921805,1750,1748,train
15,1.57022,1.560223,-0.00999701,1750,1748,train
16,1.5702196,1.4604609,-0.109758735,1750,1748,train
17,1.5702193,1.4666709,-0.10354841,1750,1748,train
18,1.5702189,1.4557638,-0.114455104,1750,1748,train
19,1.5702187,1.4510198,-0.11919892,1750,1748,train
20,1.5702183,1.4635514,-0.10666692,1750,1748,train
21,1.570218,1.4589336,-0.111284375,1750,1748,train
22,1.5702176,1.4640441,-0.106173515,1750,1748,train
23,1.5702173,1.4625251,-0.10769212,1750,1748,train
24,1.5702169,1.5203723,-0.049844623,1750,1748,train
25,1.5702167,1.5153157,-0.054901004,1750,1748,train
26,1.5702163,1.5119691,-0.05824721,1750,1748,train
27,1.570216,1.5073366,-0.062879324,1750,1748,train
28,1.5702156,1.5152152,-0.055000424,1750,1748,train
29,1.5702152,1.5098978,-0.060317397,1750,1748,train
30,1.570215,1.5140023,-0.056212664,1750,1748,train
31,1.5702146,1.5073549,-0.06285977,1750,1748,train
32,1.5702143,1.4844398,-0.08577442,1750,1748,train
33,1.5702139,1.493196,-0.0770179,1750,1748,train
34,1.5702136,1.4914246,-0.078788996,1750,1748,train
35,1.5702132,1.4849117,-0.08530152,1750,1748,train
36,1.5702128,1.4767697,-0.093443155,1750,1748,train
37,1.5702126,1.4927487,-0.077463865,1750,1748,train
38,1.5702122,1.4945585,-0.07565379,1750,1748,train
39,1.5702119,1.4860967,-0.08411515,1750,1748,train
40,1.5702115,1.5017202,-0.06849134,1750,1748,train
41,1.5702112,1.4729161,-0.097295046,1750,1748,train
42,1.5702108,1.4966242,-0.07358658,1750,1748,train
43,1.5702105,1.5071312,-0.06307924,1750,1748,train
44,1.5702102,1.4760134,-0.0941968,1750,1748,train
45,1.5702099,1.5029051,-0.06730473,1750,1748,train
46,1.5702095,1.4773321,-0.09287739,1750,1748,train
47,1.5702091,1.4975326,-0.07267654,1750,1748,train
48,1.5702088,1.4851444,-0.08506441,1750,1748,train
49,1.5702084,1.4842287,-0.0859797,1750,1748,train
50,1.5702081,1.4779549,-0.09225321,1750,1748,train
51,1.5702077,1.4784197,-0.09178805,1750,1748,train
52,1.5702074,1.4781723,-0.092035055,1750,1748,train
53,1.570207,1.4676852,-0.10252178,1750,1748,train
54,1.5702068,1.467179,-0.10302782,1750,1748,train
55,1.5702064,1.4672079,-0.102998495,1750,1748,train
56,1.570206,1.4431181,-0.12708795,1750,1748,train
57,1.5702057,1.4478061,-0.12239957,1750,1748,train
58,1.5702053,1.4454851,-0.124720216,1750,1748,train
59,1.570205,1.43855,-0.13165498,1750,1748,train
60,1.5702046,1.4279661,-0.1422385,1750,1748,train
61,1.5702043,1.4220684,-0.1481359,1750,1748,train
62,1.5702039,1.4434519,-0.12675202,1750,1748,train
63,1.5702035,1.429671,-0.1405325,1750,1748,train
64,1.5702032,1.4574673,-0.11273587,1750,1748,train
65,1.5702028,1.4575272,-0.11267567,1750,1748,train
66,1.5702025,1.4657608,-0.10444164,1750,1748,train
67,1.5702021,1.4535909,-0.11661124,1750,1748,train
68,1.5702018,1.4578338,-0.11236799,1750,1748,train
69,1.5702014,1.4658191,-0.10438228,1750,1748,train
70,1.570201,1.4657769,-0.10442412,1750,1748,train
71,1.5702007,1.4613069,-0.10889375,1750,1748,train
72,1.5702003,1.4610612,-0.109139085,1750,1748,train
73,1.5702,1.4320543,-0.13814569,1750,1748,train
74,1.5701996,1.4342077,-0.13599193,1750,1748,train
75,1.5701994,1.443477,-0.12672234,1750,1748,train
76,1.570199,1.4416766,-0.1285224,1750,1748,train
77,1.5701987,1.4586529,-0.1115458,1750,1748,train
78,1.5701983,1.4580503,-0.11214805,1750,1748,train
79,1.5701979,1.4566666,-0.11353135,1750,1748,train
80,1.5701976,1.4505618,-0.11963582,1750,1748,train
81,1.5701972,1.4556303,-0.11456692,1750,1748,train
82,1.5701967,1.4420264,-0.12817037,1750,1748,train
83,1.5701964,1.4399022,-0.1302942,1750,1748,train
84,1.570196,1.4341735,-0.13602257,1750,1748,train
85,1.5701957,1.4338492,-0.13634646,1750,1748,train
86,1.5701953,1.4412276,-0.12896776,1750,1748,train
87,1.570195,1.4388659,-0.13132906,1750,1748,train
88,1.5701946,1.4560912,-0.11410344,1750,1748,train
89,1.5701942,1.4537469,-0.11644733,1750,1748,train
90,1.5701939,1.4517024,-0.11849153,1750,1748,train
91,1.5701935,1.4400663,-0.13012719,1750,1748,train
92,1.5701932,1.456341,-0.11385214,1750,1748,train
93,1.5701928,1.4391379,-0.13105488,1750,1748,train
94,1.5701925,1.435642,-0.13455045,1750,1748,train
95,1.5701921,1.430036,-0.14015615,1750,1748,train
96,1.5701917,1.4537363,-0.116455436,1750,1748,train
97,1.5701914,1.4476006,-0.12259078,1750,1748,train
98,1.570191,1.4291147,-0.14107633,1750,1748,train
99,1.5701907,1.4297361,-0.14045453,1750,1748,train
100,1.5701903,1.4382459,-0.13194442,1750,1748,train
101,1.57019,1.4111435,-0.15904641,1750,1748,train
102,1.5701895,1.434042,-0.1361475,1750,1748,train
103,1.5701891,1.4398345,-0.13035464,1750,1748,train
104,1.5701888,1.4438202,-0.12636852,1750,1748,train
105,1.5701884,1.4358816,-0.13430679,1750,1748,train
106,1.570188,1.438283,-0.13190508,1750,1748,train
107,1.5701877,1.4230492,-0.14713848,1750,1748,train
108,1.5701873,1.424109,-0.14607835,1750,1748,train
109,1.570187,1.4516718,-0.118515134,1750,1748,train
110,1.5701866,1.4218216,-0.14836502,1750,1748,train
111,1.5701863,1.4498504,-0.12033582,1750,1748,train
112,1.5701858,1.4425544,-0.12763143,1750,1748,train
113,1.5701854,1.4425178,-0.12766767,1750,1748,train
114,1.5701851,1.4401503,-0.1300348,1750,1748,train
115,1.5701847,1.4434152,-0.12676954,1750,1748,train
116,1.5701844,1.4419565,-0.12822783,1750,1748,train
117,1.570184,1.4425112,-0.12767279,1750,1748,train
118,1.5701836,1.4467969,-0.12338674,1750,1748,train
119,1.5701832,1.4445441,-0.12563908,1750,1748,train
120,1.5701828,1.4488419,-0.12134087,1750,1748,train
121,1.5701824,1.4574122,-0.1127702,1750,1748,train
122,1.5701821,1.4422867,-0.12789536,1750,1748,train
123,1.5701817,1.4568937,-0.113288045,1750,1748,train
124,1.5701814,1.4341103,-0.13607109,1750,1748,train
125,1.5701809,1.4590931,-0.1110878,1750,1748,train
126,1.5701805,1.4437202,-0.12646031,1750,1748,train
127,1.5701802,1.4492565,-0.12092364,1750,1748,train
128,1.5701798,1.4575552,-0.112624645,1750,1748,train
129,1.5701795,1.4459882,-0.124191284,1750,1748,train
130,1.570179,1.4510936,-0.11908543,1750,1748,train
131,1.5701786,1.4428887,-0.12728989,1750,1748,train
132,1.5701783,1.4473456,-0.122832656,1750,1748,train
133,1.5701779,1.453085,-0.11709297,1750,1748,train
134,1.5701776,1.4504547,-0.11972284,1750,1748,train
135,1.5701771,1.447645,-0.12253213,1750,1748,train
136,1.5701767,1.4433517,-0.12682498,1750,1748,train
137,1.5701764,1.4472235,-0.12295282,1750,1748,train
138,1.570176,1.4540601,-0.11611593,1750,1748,train
139,1.5701756,1.4511026,-0.11907303,1750,1748,train
140,1.5701752,1.4545532,-0.115621924,1750,1748,train
141,1.5701748,1.4660151,-0.10415971,1750,1748,train
142,1.5701745,1.4458382,-0.12433624,1750,1748,train
143,1.5701741,1.4479299,-0.12224424,1750,1748,train
144,1.5701736,1.4422222,-0.12795138,1750,1748,train
145,1.5701733,1.467482,-0.10269129,1750,1748,train
146,1.5701729,1.453571,-0.116601944,1750,1748,train
147,1.5701725,1.4539979,-0.1161747,1750,1748,train
148,1.5701721,1.455138,-0.1150341,1750,1748,train
149,1.5701717,1.4431906,-0.12698114,1750,1748,train
150,1.5701714,1.4417229,-0.12844849,1750,1748,train
151,1.5701709,1.4446018,-0.1255691,1750,1748,train
152,1.5701705,1.4408865,-0.12928402,1750,1748,train
153,1.5701702,1.4440832,-0.12608695,1750,1748,train
154,1.5701698,1.4612539,-0.108915925,1750,1748,train
155,1.5701693,1.4340315,-0.13613784,1750,1748,train
156,1.570169,1.4325616,-0.13760734,1750,1748,train
157,1.5701686,1.4582585,-0.111910105,1750,1748,train
158,1.5701681,1.459401,-0.110767126,1750,1748,train
159,1.5701678,1.4462446,-0.12392318,1750,1748,train
160,1.5701674,1.4510349,-0.11913252,1750,1748,train
161,1.570167,1.4547589,-0.11540806,1750,1748,train
162,1.5701666,1.4586307,-0.11153591,1750,1748,train
163,1.5701662,1.446586,-0.12358022,1750,1748,train
164,1.5701658,1.4475771,-0.122588634,1750,1748,train
165,1.5701654,1.4348121,-0.13535333,1750,1748,train
166,1.570165,1.4544944,-0.11567068,1750,1748,train
167,1.5701646,1.4479032,-0.122261405,1750,1748,train
168,1.5701642,1.4653236,-0.104840636,1750,1748,train
169,1.5701638,1.4669325,-0.10323131,1750,1748,train
170,1.5701634,1.4505919,-0.11957145,1750,1748,train
171,1.570163,1.4605191,-0.109643936,1750,1748,train
172,1.5701627,1.4771389,-0.09302378,1750,1748,train
173,1.5701622,1.4574453,-0.11271691,1750,1748,train
174,1.5701618,1.4551369,-0.115024924,1750,1748,train
175,1.5701615,1.4858537,-0.08430779,1750,1748,train
176,1.570161,1.5003346,-0.069826365,1750,1748,train
177,1.5701606,1.4857631,-0.084397554,1750,1748,train
178,1.5701602,1.4710793,-0.0990808,1750,1748,train
179,1.5701598,1.4709159,-0.09924388,1750,1748,train
180,1.5701594,1.4802749,-0.08988452,1750,1748,train
181,1.570159,1.478318,-0.09184098,1750,1748,train
182,1.5701586,1.4904044,-0.07975423,1750,1748,train
183,1.5701581,1.4720058,-0.09815228,1750,1748,train
184,1.5701578,1.4880147,-0.08214307,1750,1748,train
185,1.5701574,1.5008554,-0.06930196,1750,1748,train
186,1.5701569,1.4817059,-0.08845103,1750,1748,train
187,1.5701566,1.4830881,-0.08706844,1750,1748,train
188,1.5701561,1.4936892,-0.07646692,1750,1748,train
189,1.5701557,1.4817842,-0.088371515,1750,1748,train
190,1.5701553,1.4748454,-0.09530985,1750,1748,train
191,1.5701549,1.4859338,-0.084221125,1750,1748,train
192,1.5701544,1.4621493,-0.108005166,1750,1748,train
193,1.5701541,1.4750152,-0.09513891,1750,1748,train
194,1.5701536,1.469127,-0.101026535,1750,1748,train
195,1.5701532,1.4656103,-0.10454297,1750,1748,train
196,1.5701529,1.4719864,-0.098166466,1750,1748,train
197,1.5701524,1.475663,-0.094489455,1750,1748,train
198,1.570152,1.4804715,-0.08968055,1750,1748,train
199,1.5701516,1.479862,-0.09028959,1750,1748,train
200,1.5701512,1.4936756,-0.07647562,1750,1748,train
201,1.5701507,1.4863869,-0.08376384,1750,1748,train
202,1.5701504,1.4924648,-0.077685595,1750,1748,train
203,1.5701499,1.4923091,-0.077840805,1750,1748,train
204,1.5701495,1.4893165,-0.08083308,1750,1748,train
205,1.5701491,1.496114,-0.07403505,1750,1748,train
206,1.5701487,1.4796184,-0.09053028,1750,1748,train
207,1.5701482,1.4855759,-0.084572315,1750,1748,train
208,1.5701479,1.4548888,-0.11525905,1750,1748,train
209,1.5701474,1.4642773,-0.10587013,1750,1748,train
210,1.5701469,1.4662328,-0.10391414,1750,1748,train
211,1.5701466,1.4689295,-0.10121703,1750,1748,train
212,1.5701461,1.4577,-0.11244607,1750,1748,train
213,1.5701457,1.456868,-0.11327767,1750,1748,train
214,1.5701452,1.4521296,-0.11801565,1750,1748,train
215,1.5701449,1.4344398,-0.13570511,1750,1748,train
216,1.5701444,1.4783983,-0.09174609,1750,1748,train
217,1.570144,1.4582981,-0.11184597,1750,1748,train
218,1.5701436,1.4542296,-0.11591399,1750,1748,train
219,1.5701431,1.4489443,-0.12119877,1750,1748,train
220,1.5701427,1.4567996,-0.11334312,1750,1748,train
221,1.5701423,1.4593153,-0.11082697,1750,1748,train
222,1.5701419,1.4660902,-0.10405171,1750,1748,train
223,1.5701414,1.46916,-0.100981474,1750,1748,train
224,1.5701411,1.4470421,-0.12309897,1750,1748,train
225,1.5701406,1.4453976,-0.124742985,1750,1748,train
226,1.5701401,1.4511517,-0.118988395,1750,1748,train
227,1.5701398,1.4414209,-0.12871885,1750,1748,train
228,1.5701393,1.4468932,-0.12324607,1750,1748,train
229,1.5701388,1.4674075,-0.10273135,1750,1748,train
230,1.5701385,1.4535404,-0.11659801,1750,1748,train
231,1.570138,1.4591583,-0.110979676,1750,1748,train
232,1.5701376,1.4778298,-0.092307806,1750,1748,train
233,1.5701371,1.4918233,-0.07831383,1750,1748,train
234,1.5701367,1.4844558,-0.08568084,1750,1748,train
235,1.5701363,1.4732158,-0.09692049,1750,1748,train
236,1.5701358,1.5029359,-0.067199945,1750,1748,train
237,1.5701354,1.4918356,-0.07829976,1750,1748,train
238,1.570135,1.4957756,-0.07435942,1750,1748,train
239,1.5701345,1.4854206,-0.084713936,1750,1748,train
240,1.570134,1.4800832,-0.09005082,1750,1748,train
241,1.5701337,1.4534914,-0.11664224,1750,1748,train
242,1.5701332,1.4579003,-0.11223292,1750,1748,train
243,1.5701327,1.4705487,-0.09958398,1750,1748,train
244,1.5701324,1.4514173,-0.11871505,1750,1748,train
245,1.5701319,1.4536743,-0.11645758,1750,1748,train
246,1.5701314,1.4677746,-0.10235679,1750,1748,train
247,1.570131,1.4677391,-0.10239184,1750,1748,train
248,1.5701306,1.4749417,-0.095188856,1750,1748,train
249,1.5701301,1.4795197,-0.090610385,1750,1748,train
250,1.5701296,1.4574251,-0.112704515,1750,1748,train
251,1.5701292,1.4670634,-0.10306573,1750,1748,train
252,1.5701288,1.4638503,-0.10627854,1750,1748,train
253,1.5701283,1.46632,-0.103808284,1750,1748,train
254,1.5701278,1.4796791,-0.09044874,1750,1748,train
255,1.5701275,1.4779972,-0.0921303,1750,1748,train
256,1.570127,1.4799647,-0.09016228,1750,1748,train
257,1.5701265,1.4789922,-0.09113431,1750,1748,train
258,1.570126,1.5016271,-0.06849897,1750,1748,train
259,1.5701256,1.4764442,-0.093681335,1750,1748,train
260,1.5701252,1.4900603,-0.08006489,1750,1748,train
261,1.5701247,1.4898877,-0.08023703,1750,1748,train
262,1.5701243,1.4683837,-0.1017406,1750,1748,train
263,1.5701238,1.4654937,-0.10463011,1750,1748,train
264,1.5701234,1.4839437,-0.08617973,1750,1748,train
265,1.570123,1.4867163,-0.08340669,1750,1748,train
266,1.5701225,1.4872783,-0.08284414,1750,1748,train
267,1.570122,1.4858259,-0.08429611,1750,1748,train
268,1.5701215,1.4885893,-0.08153224,1750,1748,train
269,1.570121,1.5044291,-0.06569195,1750,1748,train
270,1.5701207,1.4833174,-0.08680332,1750,1748,train
271,1.5701202,1.4933584,-0.07676184,1750,1748,train
272,1.5701197,1.4799774,-0.09014237,1750,1748,train
273,1.5701193,1.4740263,-0.09609294,1750,1748,train
274,1.5701188,1.4768182,-0.09330058,1750,1748,train
275,1.5701183,1.4983159,-0.07180238,1750,1748,train
276,1.570118,1.468243,-0.10187495,1750,1748,train
277,1.5701175,1.4865738,-0.08354366,1750,1748,train
278,1.570117,1.4737409,-0.09637606,1750,1748,train
279,1.5701165,1.4531446,-0.11697197,1750,1748,train
280,1.570116,1.4458901,-0.124225974,1750,1748,train
281,1.5701156,1.467339,-0.10277653,1750,1748,train
282,1.5701151,1.4663719,-0.103743196,1750,1748,train
283,1.5701146,1.4608988,-0.109215856,1750,1748,train
284,1.5701143,1.4660733,-0.10404098,1750,1748,train
285,1.5701138,1.4438034,-0.12631035,1750,1748,train
286,1.5701133,1.4497973,-0.12031603,1750,1748,train
287,1.5701128,1.4455954,-0.12451744,1750,1748,train
288,1.5701123,1.4749784,-0.0951339,1750,1748,train
289,1.5701119,1.4577457,-0.1123662,1750,1748,train
290,1.5701114,1.4767467,-0.093364716,1750,1748,train
291,1.5701109,1.4782963,-0.09181464,1750,1748,train
292,1.5701104,1.4663944,-0.103716016,1750,1748,train
293,1.57011,1.468498,-0.10161197,1750,1748,train
294,1.5701095,1.4642287,-0.10588074,1750,1748,train
295,1.570109,1.4780396,-0.09206939,1750,1748,train
296,1.5701085,1.4687073,-0.10140121,1750,1748,train
297,1.570108,1.4781235,-0.09198451,1750,1748,train
298,1.5701076,1.4819818,-0.088125825,1750,1748,train
299,1.5701071,1.4844673,-0.085639834,1750,1748,train
300,1.5701066,1.4821182,-0.08798838,1750,1748,train
301,1.5701061,1.4744251,-0.09568107,1750,1748,train
302,1.5701057,1.4830546,-0.087051034,1750,1748,train
303,1.5701052,1.4575326,-0.11257255,1750,1748,train
304,1.5701047,1.494499,-0.07560575,1750,1748,train
305,1.5701042,1.4971962,-0.072908044,1750,1748,train
306,1.5701038,1.4761114,-0.09399235,1750,1748,train
307,1.5701033,1.4823979,-0.087705374,1750,1748,train
308,1.5701028,1.4748846,-0.09521818,1750,1748,train
309,1.5701023,1.4780599,-0.092042446,1750,1748,train
310,1.5701019,1.4747276,-0.09537423,1750,1748,train
311,1.5701014,1.4926126,-0.07748878,1750,1748,train
312,1.5701009,1.4958283,-0.07427263,1750,1748,train
313,1.5701004,1.4763327,-0.09376776,1750,1748,train
314,1.5701,1.4812498,-0.08885014,1750,1748,train
315,1.5700995,1.4824784,-0.08762109,1750,1748,train
316,1.570099,1.5107825,-0.059316516,1750,1748,train
317,1.5700985,1.5072234,-0.06287515,1750,1748,train
318,1.570098,1.4838816,-0.08621645,1750,1748,train
319,1.5700976,1.4997092,-0.07038832,1750,1748,train
320,1.570097,1.4886088,-0.08148813,1750,1748,train
321,1.5700965,1.5037392,-0.066357255,1750,1748,train
322,1.570096,1.5102649,-0.059831142,1750,1748,train
323,1.5700955,1.517566,-0.052529573,1750,1748,train
324,1.5700951,1.5069786,-0.06311643,1750,1748,train
325,1.5700946,1.4965062,-0.07358837,1750,1748,train
326,1.5700941,1.4888201,-0.08127403,1750,1748,train
327,1.5700936,1.4862531,-0.08384049,1750,1748,train
328,1.570093,1.5015002,-0.06859279,1750,1748,train
329,1.5700926,1.5106069,-0.059485674,1750,1748,train
330,1.5700921,1.5011472,-0.06894493,1750,1748,train
331,1.5700916,1.4952863,-0.07480526,1750,1748,train
332,1.5700911,1.4983635,-0.07172763,1750,1748,train
333,1.5700907,1.4934113,-0.07667935,1750,1748,train
334,1.57009,1.4892765,-0.08081353,1750,1748,train
335,1.5700896,1.4888918,-0.08119774,1750,1748,train
336,1.5700891,1.4945252,-0.07556391,1750,1748,train
337,1.5700886,1.4829341,-0.08715451,1750,1748,train
338,1.5700881,1.4886479,-0.08144021,1750,1748,train
339,1.5700876,1.4871086,-0.082978964,1750,1748,train
340,1.5700871,1.4842043,-0.08588278,1750,1748,train
341,1.5700866,1.4976329,-0.07245374,1750,1748,train
342,1.5700861,1.497365,-0.07272112,1750,1748,train
343,1.5700856,1.4844486,-0.08563709,1750,1748,train
344,1.570085,1.4848874,-0.08519769,1750,1748,train
345,1.5700846,1.4854276,-0.084656954,1750,1748,train
346,1.5700841,1.4997149,-0.07036924,1750,1748,train
347,1.5700836,1.4964058,-0.07367778,1750,1748,train
348,1.570083,1.4913442,-0.07873881,1750,1748,train
349,1.5700825,1.4831663,-0.08691621,1750,1748,train
350,1.5700821,1.5094213,-0.06066072,1750,1748,train
351,1.5700815,1.4807938,-0.08928764,1750,1748,train
352,1.570081,1.5245509,-0.04553008,1750,1748,train
353,1.5700805,1.523806,-0.046274543,1750,1748,train
354,1.57008,1.5190802,-0.05099988,1750,1748,train
355,1.5700794,1.4956594,-0.074420094,1750,1748,train
356,1.570079,1.5020185,-0.06806052,1750,1748,train
357,1.5700785,1.5246823,-0.04539621,1750,1748,train
358,1.5700779,1.5068407,-0.06323719,1750,1748,train
359,1.5700774,1.5216616,-0.04841578,1750,1748,train
360,1.570077,1.5135299,-0.056547046,1750,1748,train
361,1.5700763,1.5130627,-0.05701363,1750,1748,train
362,1.5700759,1.516282,-0.053793907,1750,1748,train
363,1.5700754,1.514811,-0.055264354,1750,1748,train
364,1.5700748,1.5132198,-0.056854963,1750,1748,train
365,1.5700743,1.5053816,-0.064692736,1750,1748,train
366,1.5700738,1.4993858,-0.07068801,1750,1748,train
367,1.5700732,1.5020626,-0.06801069,1750,1748,train
368,1.5700728,1.5014093,-0.06866348,1750,1748,train
369,1.5700722,1.5041906,-0.06588161,1750,1748,train
370,1.5700717,1.5017085,-0.06836319,1750,1748,train
371,1.5700712,1.4821451,-0.08792615,1750,1748,train
372,1.5700706,1.4957753,-0.07429528,1750,1748,train
373,1.5700701,1.4823185,-0.08775163,1750,1748,train
374,1.5700696,1.5105457,-0.05952382,1750,1748,train
375,1.5700691,1.5002193,-0.06984973,1750,1748,train
376,1.5700685,1.4818215,-0.08824694,1750,1748,train
377,1.570068,1.4845678,-0.08550024,1750,1748,train
378,1.5700674,1.472853,-0.09721446,1750,1748,train
379,1.5700669,1.4725772,-0.097489715,1750,1748,train
380,1.5700665,1.4616982,-0.10836828,1750,1748,train
381,1.5700659,1.4680817,-0.10198414,1750,1748,train
382,1.5700654,1.4572078,-0.11285758,1750,1748,train
383,1.5700648,1.4548895,-0.11517525,1750,1748,train
384,1.5700643,1.4884164,-0.08164787,1750,1748,train
385,1.5700637,1.4909354,-0.079128265,1750,1748,train
386,1.5700632,1.4864663,-0.083596945,1750,1748,train
387,1.5700626,1.4802539,-0.0898087,1750,1748,train
388,1.5700622,1.4884967,-0.0815655,1750,1748,train
389,1.5700616,1.5037681,-0.06629348,1750,1748,train
390,1.5700611,1.5046084,-0.065452695,1750,1748,train
391,1.5700605,1.505788,-0.06427252,1750,1748,train
392,1.5700599,1.4988153,-0.0712446,1750,1748,train
393,1.5700594,1.5045433,-0.065516114,1750,1748,train
394,1.5700588,1.512458,-0.057600856,1750,1748,train
395,1.5700583,1.5091205,-0.06093788,1750,1748,train
396,1.5700577,1.4803902,-0.08966756,1750,1748,train
397,1.5700573,1.4969692,-0.07308805,1750,1748,train
398,1.5700567,1.4915721,-0.078484535,1750,1748,train
399,1.5700561,1.4736639,-0.096392155,1750,1748,train
400,1.5700556,1.4754244,-0.094631195,1750,1748,train
401,1.570055,1.4776993,-0.09235573,1750,1748,train
402,1.5700545,1.4748149,-0.09523964,1750,1748,train
403,1.5700539,1.4735677,-0.09648621,1750,1748,train
404,1.5700533,1.497369,-0.07268429,1750,1748,train
405,1.5700529,1.497093,-0.0729599,1750,1748,train
406,1.5700523,1.4805741,-0.089478135,1750,1748,train
407,1.5700517,1.4952978,-0.07475388,1750,1748,train
408,1.5700512,1.4835539,-0.08649731,1750,1748,train
409,1.5700506,1.5042232,-0.06582737,1750,1748,train
410,1.57005,1.5062469,-0.06380308,1750,1748,train
411,1.5700495,1.5009568,-0.06909275,1750,1748,train
412,1.5700489,1.4922065,-0.077842474,1750,1748,train
413,1.5700483,1.4916769,-0.078371406,1750,1748,train
414,1.5700479,1.4909785,-0.079069376,1750,1748,train
415,1.5700473,1.4746873,-0.09535992,1750,1748,train
416,1.5700467,1.5015926,-0.06845403,1750,1748,train
417,1.5700462,1.5066288,-0.063417435,1750,1748,train
418,1.5700456,1.4893265,-0.08071911,1750,1748,train
419,1.570045,1.4864365,-0.08360851,1750,1748,train
420,1.5700444,1.5084472,-0.061597228,1750,1748,train
421,1.5700439,1.511346,-0.05869794,1750,1748,train
422,1.5700433,1.5112189,-0.05882442,1750,1748,train
423,1.5700427,1.5130754,-0.056967378,1750,1748,train
424,1.5700421,1.4908857,-0.0791564,1750,1748,train
425,1.5700417,1.490281,-0.07976067,1750,1748,train
426,1.5700411,1.4973161,-0.07272494,1750,1748,train
427,1.5700405,1.5007498,-0.06929064,1750,1748,train
428,1.5700399,1.4979062,-0.07213366,1750,1748,train
429,1.5700393,1.4966736,-0.07336569,1750,1748,train
430,1.5700388,1.495549,-0.07448983,1750,1748,train
431,1.5700382,1.4958607,-0.0741775,1750,1748,train
432,1.5700376,1.5053866,-0.06465101,1750,1748,train
433,1.570037,1.5134535,-0.056583524,1750,1748,train
434,1.5700364,1.5122347,-0.057801723,1750,1748,train
435,1.5700358,1.511729,-0.058306813,1750,1748,train
436,1.5700353,1.5105656,-0.0594697,1750,1748,train
437,1.5700347,1.513741,-0.056293726,1750,1748,train
438,1.5700341,1.5128978,-0.057136297,1750,1748,train
439,1.5700336,1.5081401,-0.061893463,1750,1748,train
440,1.570033,1.5086882,-0.061344743,1750,1748,train
441,1.5700324,1.506671,-0.06336141,1750,1748,train
442,1.5700318,1.5110168,-0.059014916,1750,1748,train
443,1.5700312,1.515264,-0.05476713,1750,1748,train
444,1.5700307,1.5041246,-0.06590605,1750,1748,train
445,1.5700301,1.5008938,-0.06913626,1750,1748,train
446,1.5700295,1.5071847,-0.06284475,1750,1748,train
447,1.5700289,1.5033345,-0.06669438,1750,1748,train
448,1.5700283,1.4973114,-0.07271695,1750,1748,train
449,1.5700277,1.5004777,-0.06955004,1750,1748,train
450,1.5700271,1.5001822,-0.06984496,1750,1748,train
451,1.5700265,1.4836572,-0.086369276,1750,1748,train
452,1.5700259,1.508771,-0.06125498,1750,1748,train
453,1.5700253,1.4814981,-0.0885272,1750,1748,train
454,1.5700247,1.4995761,-0.07044864,1750,1748,train
455,1.5700241,1.4917854,-0.078238726,1750,1748,train
456,1.5700235,1.4914064,-0.078617096,1750,1748,train
457,1.570023,1.4946692,-0.07535374,1750,1748,train
458,1.5700223,1.4995896,-0.07043278,1750,1748,train
459,1.5700217,1.4999018,-0.07011998,1750,1748,train
460,1.5700212,1.5059412,-0.06408,1750,1748,train
461,1.5700206,1.5003214,-0.06969917,1750,1748,train
462,1.57002,1.504175,-0.06584501,1750,1748,train
463,1.5700194,1.4980009,-0.072018504,1750,1748,train
464,1.5700188,1.4943912,-0.075627565,1750,1748,train
465,1.5700182,1.4979416,-0.07207656,1750,1748,train
466,1.5700175,1.5157111,-0.054306388,1750,1748,train
467,1.5700169,1.497654,-0.0723629,1750,1748,train
468,1.5700163,1.5097548,-0.060261488,1750,1748,train
469,1.5700157,1.502949,-0.06706667,1750,1748,train
470,1.5700151,1.5200408,-0.049974322,1750,1748,train
471,1.5700145,1.5052134,-0.0648011,1750,1748,train
472,1.5700139,1.5024478,-0.06756604,1750,1748,train
473,1.5700133,1.4932847,-0.07672858,1750,1748,train
474,1.5700126,1.4893789,-0.08063364,1750,1748,train
475,1.570012,1.4966518,-0.073360205,1750,1748,train
476,1.5700114,1.4883707,-0.08164072,1750,1748,train
477,1.5700108,1.4973412,-0.072669625,1750,1748,train
478,1.5700102,1.4956458,-0.074364424,1750,1748,train
479,1.5700096,1.4981445,-0.07186508,1750,1748,train
480,1.5700089,1.4817108,-0.08829808,1750,1748,train
481,1.5700083,1.4837197,-0.08628857,1750,1748,train
482,1.5700077,1.4845886,-0.08541906,1750,1748,train
483,1.5700071,1.486441,-0.08356607,1750,1748,train
484,1.5700065,1.4896606,-0.08034587,1750,1748,train
485,1.5700058,1.486625,-0.08338082,1750,1748,train
486,1.5700052,1.4837798,-0.08622539,1750,1748,train
487,1.5700046,1.4896717,-0.080332875,1750,1748,train
488,1.570004,1.483743,-0.086261034,1750,1748,train
489,1.5700033,1.4816104,-0.088392854,1750,1748,train
490,1.5700027,1.477821,-0.09218168,1750,1748,train
491,1.5700021,1.4849924,-0.085009694,1750,1748,train
492,1.5700014,1.48371,-0.08629131,1750,1748,train
493,1.5700008,1.4863927,-0.08360803,1750,1748,train
494,1.5700002,1.4894606,-0.080539584,1750,1748,train
495,1.5699995,1.4808705,-0.08912897,1750,1748,train
496,1.5699989,1.4875268,-0.082472086,1750,1748,train
497,1.5699983,1.4817227,-0.08827555,1750,1748,train
498,1.5699975,1.4597955,-0.110202074,1750,1748,train
499,1.569997,1.4860414,-0.08395553,1750,1748,train
500,1.5699964,1.4874176,-0.08257878,1750,1748,train
501,1.5699956,1.4744661,-0.095529556,1750,1748,train
502,1.569995,1.4789084,-0.091086626,1750,1748,train
503,1.5699944,1.4823458,-0.08764863,1750,1748,train
504,1.5699937,1.4873695,-0.0826242,1750,1748,train
505,1.5699931,1.4807949,-0.08919823,1750,1748,train
506,1.5699924,1.4803989,-0.08959353,1750,1748,train
507,1.5699918,1.4946908,-0.07530105,1750,1748,train
508,1.5699912,1.483294,-0.08669722,1750,1748,train
509,1.5699905,1.4661002,-0.1038903,1750,1748,train
510,1.5699899,1.4975498,-0.07244015,1750,1748,train
511,1.5699892,1.4808059,-0.08918333,1750,1748,train
512,1.5699886,1.4604601,-0.10952854,1750,1748,train
513,1.5699879,1.464894,-0.10509384,1750,1748,train
514,1.5699873,1.4928524,-0.07713485,1750,1748,train
515,1.5699866,1.4651667,-0.104819894,1750,1748,train
516,1.569986,1.4846091,-0.08537686,1750,1748,train
517,1.5699853,1.4803486,-0.08963668,1750,1748,train
518,1.5699847,1.4797726,-0.09021211,1750,1748,train
519,1.569984,1.4645656,-0.105418324,1750,1748,train
520,1.5699834,1.4668434,-0.10314,1750,1748,train
521,1.5699826,1.4677544,-0.102228284,1750,1748,train
522,1.569982,1.4729203,-0.09706175,1750,1748,train
523,1.5699813,1.4665408,-0.10344052,1750,1748,train
524,1.5699806,1.4671341,-0.1028465,1750,1748,train
525,1.56998,1.4645553,-0.10542476,1750,1748,train
526,1.5699793,1.4845479,-0.08543146,1750,1748,train
527,1.5699787,1.4744964,-0.09548235,1750,1748,train
528,1.569978,1.4692179,-0.1007601,1750,1748,train
529,1.5699773,1.4635916,-0.10638571,1750,1748,train
530,1.5699767,1.454888,-0.1150887,1750,1748,train
531,1.569976,1.4769385,-0.093037486,1750,1748,train
532,1.5699753,1.4748011,-0.09517419,1750,1748,train
533,1.5699747,1.4638535,-0.10612118,1750,1748,train
534,1.569974,1.466617,-0.10335696,1750,1748,train
535,1.5699732,1.4688005,-0.101172686,1750,1748,train
536,1.5699726,1.4726905,-0.09728217,1750,1748,train
537,1.5699719,1.4753015,-0.094670415,1750,1748,train
538,1.5699712,1.4750696,-0.09490156,1750,1748,train
539,1.5699706,1.481995,-0.08797562,1750,1748,train
540,1.5699699,1.4753189,-0.094650984,1750,1748,train
541,1.5699692,1.4646637,-0.10530543,1750,1748,train
542,1.5699685,1.4784095,-0.09155893,1750,1748,train
543,1.5699679,1.4801071,-0.0898608,1750,1748,train
544,1.5699672,1.468981,-0.10098612,1750,1748,train
545,1.5699664,1.4643085,-0.105657935,1750,1748,train
546,1.5699657,1.464783,-0.10518277,1750,1748,train
547,1.5699651,1.4734203,-0.09654486,1750,1748,train
548,1.5699644,1.4664476,-0.10351682,1750,1748,train
549,1.5699637,1.4539385,-0.11602521,1750,1748,train
550,1.569963,1.4575853,-0.11237764,1750,1748,train
551,1.5699623,1.468888,-0.10107422,1750,1748,train
552,1.5699615,1.4782956,-0.09166598,1750,1748,train
553,1.569961,1.4751143,-0.094846606,1750,1748,train
554,1.5699602,1.4603468,-0.10961342,1750,1748,train
555,1.5699595,1.4652848,-0.1046747,1750,1748,train
556,1.5699588,1.4696476,-0.10031116,1750,1748,train
557,1.5699581,1.4740224,-0.0959357,1750,1748,train
558,1.5699574,1.4695055,-0.10045183,1750,1748,train
559,1.5699567,1.4803437,-0.08961296,1750,1748,train
560,1.569956,1.4818869,-0.08806908,1750,1748,train
561,1.5699552,1.4899048,-0.08005047,1750,1748,train
562,1.5699546,1.4674475,-0.102507114,1750,1748,train
563,1.5699539,1.4755352,-0.094418764,1750,1748,train
564,1.5699532,1.4734927,-0.09646046,1750,1748,train
565,1.5699525,1.4674686,-0.10248387,1750,1748,train
566,1.5699518,1.4593885,-0.11056328,1750,1748,train
567,1.569951,1.4803032,-0.08964789,1750,1748,train
568,1.5699503,1.4805908,-0.08935952,1750,1748,train
569,1.5699496,1.470752,-0.099197626,1750,1748,train
570,1.5699489,1.4718043,-0.09814465,1750,1748,train
571,1.5699482,1.4761109,-0.09383726,1750,1748,train
572,1.5699475,1.4780465,-0.091900945,1750,1748,train
573,1.5699468,1.4784266,-0.09152019,1750,1748,train
574,1.5699459,1.4776714,-0.09227455,1750,1748,train
575,1.5699452,1.484258,-0.08568716,1750,1748,train
576,1.5699445,1.4788377,-0.09110677,1750,1748,train
577,1.5699438,1.4732995,-0.09664428,1750,1748,train
578,1.5699431,1.4695331,-0.100409985,1750,1748,train
579,1.5699424,1.4818542,-0.088088155,1750,1748,train
580,1.5699416,1.45152,-0.118421674,1750,1748,train
581,1.5699409,1.4686689,-0.10127199,1750,1748,train
582,1.5699402,1.467412,-0.102528214,1750,1748,train
583,1.5699394,1.4659817,-0.10395765,1750,1748,train
584,1.5699387,1.4510307,-0.11890793,1750,1748,train
585,1.569938,1.4619236,-0.108014345,1750,1748,train
586,1.5699372,1.4629545,-0.10698271,1750,1748,train
587,1.5699365,1.4734168,-0.09651971,1750,1748,train
588,1.5699358,1.4659642,-0.1039716,1750,1748,train
589,1.569935,1.4653773,-0.10455763,1750,1748,train
590,1.5699342,1.4703085,-0.09962571,1750,1748,train
591,1.5699335,1.4666997,-0.103233814,1750,1748,train
592,1.5699328,1.4721973,-0.097735524,1750,1748,train
593,1.569932,1.4725028,-0.09742916,1750,1748,train
594,1.5699313,1.4885131,-0.08141816,1750,1748,train
595,1.5699306,1.4775202,-0.092410326,1750,1748,train
596,1.5699297,1.4711202,-0.09880948,1750,1748,train
597,1.569929,1.4615991,-0.10832989,1750,1748,train
598,1.5699283,1.4613429,-0.10858536,1750,1748,train
599,1.5699276,1.4708014,-0.09912622,1750,1748,train
600,1.5699267,1.4726386,-0.09728813,1750,1748,train
601,1.569926,1.4620435,-0.1078825,1750,1748,train
602,1.5699252,1.4589818,-0.11094344,1750,1748,train
603,1.5699245,1.4684634,-0.10146105,1750,1748,train
604,1.5699238,1.4628284,-0.10709536,1750,1748,train
605,1.5699229,1.46223,-0.10769296,1750,1748,train
606,1.5699222,1.4615495,-0.10837269,1750,1748,train
607,1.5699215,1.4644285,-0.10549295,1750,1748,train
608,1.5699207,1.4830606,-0.08686006,1750,1748,train
609,1.56992,1.4690499,-0.10087001,1750,1748,train
610,1.5699191,1.4822398,-0.08767927,1750,1748,train
611,1.5699184,1.4843438,-0.08557463,1750,1748,train
612,1.5699176,1.4806719,-0.08924568,1750,1748,train
613,1.5699168,1.4637783,-0.10613859,1750,1748,train
614,1.569916,1.4884503,-0.08146572,1750,1748,train
615,1.5699153,1.4779805,-0.0919348,1750,1748,train
616,1.5699145,1.4785331,-0.09138131,1750,1748,train
617,1.5699137,1.4709637,-0.09895003,1750,1748,train
618,1.5699129,1.4782509,-0.09166205,1750,1748,train
619,1.5699122,1.4733552,-0.09655702,1750,1748,train
620,1.5699114,1.4681076,-0.10180378,1750,1748,train
621,1.5699106,1.4730604,-0.096850276,1750,1748,train
622,1.5699098,1.474996,-0.09491384,1750,1748,train
623,1.569909,1.4781367,-0.09177232,1750,1748,train
624,1.5699083,1.4733971,-0.096511126,1750,1748,train
625,1.5699074,1.4609278,-0.10897958,1750,1748,train
626,1.5699066,1.4604883,-0.10941827,1750,1748,train
627,1.5699059,1.454452,-0.11545384,1750,1748,train
628,1.569905,1.4486423,-0.12126279,1750,1748,train
629,1.5699042,1.4551812,-0.11472297,1750,1748,train
630,1.5699035,1.4725556,-0.097347856,1750,1748,train
631,1.5699027,1.4662509,-0.10365176,1750,1748,train
632,1.5699018,1.4701551,-0.099746704,1750,1748,train
633,1.5699011,1.4670194,-0.10288167,1750,1748,train
634,1.5699003,1.4717784,-0.09812188,1750,1748,train
635,1.5698994,1.4565395,-0.11335993,1750,1748,train
636,1.5698986,1.4490254,-0.12087321,1750,1748,train
637,1.5698979,1.4585506,-0.11134732,1750,1748,train
638,1.569897,1.464082,-0.10581505,1750,1748,train
639,1.5698962,1.4551529,-0.11474335,1750,1748,train
640,1.5698954,1.4599494,-0.10994601,1750,1748,train
641,1.5698947,1.4631917,-0.106702924,1750,1748,train
642,1.5698938,1.467036,-0.10285783,1750,1748,train
643,1.569893,1.4529154,-0.11697757,1750,1748,train
644,1.5698922,1.4675626,-0.10232961,1750,1748,train
645,1.5698913,1.4728049,-0.09708643,1750,1748,train
646,1.5698905,1.4494803,-0.120410204,1750,1748,train
647,1.5698897,1.4628094,-0.10708022,1750,1748,train
648,1.5698888,1.4639212,-0.10596764,1750,1748,train
649,1.5698881,1.4664829,-0.10340524,1750,1748,train
650,1.5698873,1.4726448,-0.097242475,1750,1748,train
651,1.5698864,1.4674712,-0.102415204,1750,1748,train
652,1.5698856,1.4626482,-0.10723746,1750,1748,train
653,1.5698848,1.4643193,-0.10556543,1750,1748,train
654,1.569884,1.4676747,-0.10220921,1750,1748,train
655,1.5698831,1.4857326,-0.08415055,1750,1748,train
656,1.5698823,1.4715918,-0.09829044,1750,1748,train
657,1.5698814,1.4825462,-0.08733523,1750,1748,train
658,1.5698806,1.4832845,-0.08659613,1750,1748,train
659,1.5698798,1.4824426,-0.08743715,1750,1748,train
660,1.5698789,1.4940071,-0.075871825,1750,1748,train
661,1.5698781,1.4567118,-0.11316633,1750,1748,train
662,1.5698773,1.4801264,-0.089750886,1750,1748,train
663,1.5698763,1.4809744,-0.08890188,1750,1748,train
664,1.5698755,1.4678755,-0.102,1750,1748,train
665,1.5698746,1.4811258,-0.08874881,1750,1748,train
666,1.5698738,1.4780953,-0.09177852,1750,1748,train
667,1.569873,1.4681504,-0.1017226,1750,1748,train
668,1.5698721,1.4650925,-0.1047796,1750,1748,train
669,1.5698713,1.4701456,-0.09972572,1750,1748,train
670,1.5698704,1.466224,-0.1036464,1750,1748,train
671,1.5698695,1.4657887,-0.104080796,1750,1748,train
672,1.5698687,1.4716713,-0.09819734,1750,1748,train
673,1.5698678,1.476728,-0.09313989,1750,1748,train
674,1.569867,1.4600683,-0.10979867,1750,1748,train
675,1.5698661,1.4845082,-0.085357904,1750,1748,train
676,1.5698652,1.4692216,-0.100643635,1750,1748,train
677,1.5698644,1.480567,-0.089297414,1750,1748,train
678,1.5698634,1.477882,-0.09198141,1750,1748,train
679,1.5698626,1.4592861,-0.11057651,1750,1748,train
680,1.5698618,1.475282,-0.094579816,1750,1748,train
681,1.5698608,1.4729366,-0.096924186,1750,1748,train
682,1.56986,1.4782288,-0.091631174,1750,1748,train
683,1.5698591,1.4746349,-0.09522426,1750,1748,train
684,1.5698582,1.4755282,-0.09432995,1750,1748,train
685,1.5698574,1.4649765,-0.10488081,1750,1748,train
686,1.5698565,1.4654909,-0.10436559,1750,1748,train
687,1.5698556,1.4622643,-0.10759127,1750,1748,train
688,1.5698547,1.4790686,-0.0907861,1750,1748,train
689,1.5698538,1.4853724,-0.08448136,1750,1748,train
690,1.569853,1.4808782,-0.088974714,1750,1748,train
691,1.569852,1.4836545,-0.086197495,1750,1748,train
692,1.5698512,1.4786282,-0.091223,1750,1748,train
693,1.5698502,1.4896202,-0.08023,1750,1748,train
694,1.5698494,1.486393,-0.0834564,1750,1748,train
695,1.5698484,1.4861935,-0.08365488,1750,1748,train
696,1.5698476,1.480578,-0.08926964,1750,1748,train
697,1.5698466,1.4797447,-0.09010196,1750,1748,train
698,1.5698458,1.4862561,-0.08358967,1750,1748,train
699,1.5698448,1.4863235,-0.083521366,1750,1748,train
700,1.5698439,1.4662658,-0.10357809,1750,1748,train
701,1.569843,1.4707568,-0.099086285,1750,1748,train
702,1.5698421,1.468122,-0.101720095,1750,1748,train
703,1.5698413,1.4575061,-0.112335205,1750,1748,train
704,1.5698403,1.4675171,-0.102323174,1750,1748,train
705,1.5698394,1.4662334,-0.103605986,1750,1748,train
706,1.5698385,1.4638892,-0.10594928,1750,1748,train
707,1.5698376,1.4795352,-0.09030235,1750,1748,train
708,1.5698366,1.4692792,-0.10055745,1750,1748,train
709,1.5698357,1.473498,-0.096337676,1750,1748,train
710,1.5698348,1.4740402,-0.09579468,1750,1748,train
711,1.5698339,1.4765334,-0.09330046,1750,1748,train
712,1.5698329,1.4808984,-0.08893454,1750,1748,train
713,1.569832,1.4817685,-0.08806348,1750,1748,train
714,1.5698311,1.4850785,-0.08475268,1750,1748,train
715,1.5698302,1.4784263,-0.09140384,1750,1748,train
716,1.5698292,1.4783083,-0.091520905,1750,1748,train
717,1.5698283,1.4714429,-0.098385334,1750,1748,train
718,1.5698273,1.4582906,-0.11153674,1750,1748,train
719,1.5698264,1.4855167,-0.0843097,1750,1748,train
720,1.5698254,1.49258,-0.077245355,1750,1748,train
721,1.5698245,1.4859176,-0.08390689,1750,1748,train
722,1.5698236,1.4874153,-0.08240831,1750,1748,train
723,1.5698227,1.4749411,-0.094881535,1750,1748,train
724,1.5698217,1.4796308,-0.09019089,1750,1748,train
725,1.5698208,1.4810385,-0.08878231,1750,1748,train
726,1.5698198,1.4970274,-0.07279241,1750,1748,train
727,1.5698189,1.4957807,-0.07403815,1750,1748,train
728,1.5698179,1.4970806,-0.072737336,1750,1748,train
729,1.569817,1.4880897,-0.08172727,1750,1748,train
730,1.569816,1.4867017,-0.08311427,1750,1748,train
731,1.5698149,1.481349,-0.08846593,1750,1748,train
732,1.569814,1.4867094,-0.08310461,1750,1748,train
733,1.569813,1.4930532,-0.076759815,1750,1748,train
734,1.569812,1.4783796,-0.09143245,1750,1748,train
735,1.5698111,1.4876846,-0.0821265,1750,1748,train
736,1.5698102,1.4743025,-0.09550762,1750,1748,train
737,1.5698092,1.4678745,-0.10193467,1750,1748,train
738,1.5698081,1.4789708,-0.09083736,1750,1748,train
739,1.5698072,1.4803947,-0.08941245,1750,1748,train
740,1.5698062,1.4767917,-0.09301448,1750,1748,train
741,1.5698053,1.4721392,-0.097666025,1750,1748,train
742,1.5698043,1.4546082,-0.11519611,1750,1748,train
743,1.5698032,1.4563725,-0.11343074,1750,1748,train
744,1.5698023,1.4583375,-0.11146474,1750,1748,train
745,1.5698013,1.4815998,-0.08820152,1750,1748,train
746,1.5698003,1.4675434,-0.102256894,1750,1748,train
747,1.5697993,1.4597229,-0.11007643,1750,1748,train
748,1.5697984,1.4700739,-0.09972441,1750,1748,train
749,1.5697973,1.4681033,-0.10169399,1750,1748,train
750,1.5697963,1.4706763,-0.09912002,1750,1748,train
751,1.5697954,1.4830284,-0.08676696,1750,1748,train
752,1.5697943,1.4829143,-0.08687997,1750,1748,train
753,1.5697933,1.4781966,-0.09159672,1750,1748,train
754,1.5697923,1.4899917,-0.079800606,1750,1748,train
755,1.5697913,1.4936434,-0.076147914,1750,1748,train
756,1.5697902,1.4986216,-0.07116866,1750,1748,train
757,1.5697893,1.4913948,-0.07839453,1750,1748,train
758,1.5697882,1.4938493,-0.07593894,1750,1748,train
759,1.5697873,1.4941816,-0.07560563,1750,1748,train
760,1.5697862,1.4816424,-0.088143826,1750,1748,train
761,1.5697852,1.5056019,-0.064183354,1750,1748,train
762,1.5697842,1.496167,-0.07361722,1750,1748,train
763,1.5697832,1.4765583,-0.09322488,1750,1748,train
764,1.5697821,1.4969507,-0.07283139,1750,1748,train
765,1.5697811,1.4715176,-0.0982635,1750,1748,train
766,1.5697801,1.492137,-0.077643156,1750,1748,train
767,1.569779,1.4699241,-0.099854946,1750,1748,train
768,1.569778,1.4710668,-0.09871113,1750,1748,train
769,1.569777,1.4739076,-0.09586942,1750,1748,train
770,1.5697759,1.4781997,-0.09157622,1750,1748,train
771,1.5697749,1.481044,-0.08873081,1750,1748,train
772,1.5697738,1.5064069,-0.06336689,1750,1748,train
773,1.5697728,1.5000396,-0.06973326,1750,1748,train
774,1.5697718,1.506475,-0.063296795,1750,1748,train
775,1.5697707,1.4965177,-0.073253036,1750,1748,train
776,1.5697696,1.5034053,-0.06636429,1750,1748,train
777,1.5697685,1.5012,-0.06856859,1750,1748,train
778,1.5697675,1.4892412,-0.08052623,1750,1748,train
779,1.5697664,1.5005635,-0.0692029,1750,1748,train
780,1.5697654,1.4760535,-0.09371197,1750,1748,train
781,1.5697644,1.496259,-0.0735054,1750,1748,train
782,1.5697633,1.4892318,-0.08053148,1750,1748,train
783,1.5697622,1.4915235,-0.078238726,1750,1748,train
784,1.5697612,1.4790909,-0.09067023,1750,1748,train
785,1.5697601,1.4784154,-0.091344714,1750,1748,train
786,1.569759,1.4741763,-0.09558272,1750,1748,train
787,1.5697579,1.4743825,-0.09537542,1750,1748,train
788,1.5697569,1.4642441,-0.10551274,1750,1748,train
789,1.5697558,1.4697757,-0.099980116,1750,1748,train
790,1.5697547,1.4904189,-0.07933581,1750,1748,train
791,1.5697535,1.4724563,-0.09729719,1750,1748,train
792,1.5697525,1.477464,-0.092288494,1750,1748,train
793,1.5697514,1.4791249,-0.09062648,1750,1748,train
794,1.5697503,1.4842182,-0.08553207,1750,1748,train
795,1.5697492,1.4791551,-0.09059417,1750,1748,train
796,1.5697482,1.4862076,-0.08354056,1750,1748,train
797,1.569747,1.4943917,-0.07535529,1750,1748,train
798,1.5697459,1.4989283,-0.07081759,1750,1748,train
799,1.5697448,1.5030019,-0.0667429,1750,1748,train
800,1.5697438,1.5084898,-0.061253905,1750,1748,train
801,1.5697426,1.5005951,-0.06914747,1750,1748,train
802,1.5697415,1.5096776,-0.06006384,1750,1748,train
803,1.5697404,1.4946014,-0.075139046,1750,1748,train
804,1.5697392,1.4877893,-0.08194995,1750,1748,train
805,1.5697381,1.5057027,-0.064035416,1750,1748,train
806,1.569737,1.4786934,-0.09104359,1750,1748,train
807,1.5697359,1.4738216,-0.095914245,1750,1748,train
808,1.5697348,1.4855968,-0.084138036,1750,1748,train
809,1.5697336,1.4881027,-0.081630945,1750,1748,train
810,1.5697325,1.4686301,-0.10110247,1750,1748,train
811,1.5697314,1.4780416,-0.091689706,1750,1748,train
812,1.5697303,1.480717,-0.08901334,1750,1748,train
813,1.5697291,1.4854825,-0.084246635,1750,1748,train
814,1.5697279,1.4837018,-0.08602607,1750,1748,train
815,1.5697268,1.4870619,-0.08266497,1750,1748,train
816,1.5697256,1.4952874,-0.074438214,1750,1748,train
817,1.5697246,1.4745934,-0.09513116,1750,1748,train
818,1.5697234,1.4852109,-0.08451247,1750,1748,train
819,1.5697222,1.4799019,-0.089820266,1750,1748,train
820,1.5697211,1.473027,-0.09669411,1750,1748,train
821,1.5697199,1.4772401,-0.092479825,1750,1748,train
822,1.5697187,1.4725955,-0.097123265,1750,1748,train
823,1.5697175,1.4747338,-0.0949837,1750,1748,train
824,1.5697165,1.4583603,-0.11135614,1750,1748,train
825,1.5697153,1.464958,-0.10475731,1750,1748,train
826,1.5697141,1.4586947,-0.11101937,1750,1748,train
827,1.5697129,1.4621191,-0.107593775,1750,1748,train
828,1.5697117,1.4591863,-0.11052537,1750,1748,train
829,1.5697105,1.4621813,-0.10752916,1750,1748,train
830,1.5697094,1.4613788,-0.10833061,1750,1748,train
831,1.5697082,1.4821577,-0.08755052,1750,1748,train
832,1.569707,1.469897,-0.099810004,1750,1748,train
833,1.5697058,1.469546,-0.10015988,1750,1748,train
834,1.5697047,1.4957355,-0.073969126,1750,1748,train
835,1.5697035,1.4840219,-0.08568156,1750,1748,train
836,1.5697023,1.4868481,-0.08285415,1750,1748,train
837,1.5697011,1.4902037,-0.07949734,1750,1748,train
838,1.5696999,1.4877576,-0.08194232,1750,1748,train
839,1.5696987,1.4954593,-0.07423937,1750,1748,train
840,1.5696974,1.4761105,-0.09358692,1750,1748,train
841,1.5696962,1.4916763,-0.07801986,1750,1748,train
842,1.569695,1.4578408,-0.111854196,1750,1748,train
843,1.5696938,1.4698112,-0.0998826,1750,1748,train
844,1.5696926,1.484196,-0.085496664,1750,1748,train
845,1.5696913,1.4579499,-0.11174142,1750,1748,train
846,1.5696901,1.458881,-0.11080909,1750,1748,train
847,1.5696889,1.4489024,-0.12078655,1750,1748,train
848,1.5696877,1.4660242,-0.103663564,1750,1748,train
849,1.5696864,1.4722373,-0.097449064,1750,1748,train
850,1.5696852,1.4745908,-0.09509444,1750,1748,train
851,1.569684,1.4749088,-0.0947752,1750,1748,train
852,1.5696827,1.4670588,-0.10262394,1750,1748,train
853,1.5696815,1.4785955,-0.09108603,1750,1748,train
854,1.5696802,1.4795941,-0.0900861,1750,1748,train
855,1.569679,1.4822996,-0.087379456,1750,1748,train
856,1.5696777,1.4965919,-0.073085785,1750,1748,train
857,1.5696765,1.5018165,-0.06786001,1750,1748,train
858,1.5696752,1.4899626,-0.07971263,1750,1748,train
859,1.569674,1.5189917,-0.050682306,1750,1748,train
860,1.5696727,1.5063615,-0.06331122,1750,1748,train
861,1.5696715,1.5027021,-0.066969395,1750,1748,train
862,1.5696702,1.5083266,-0.06134355,1750,1748,train
863,1.5696689,1.5115266,-0.058142304,1750,1748,train
864,1.5696677,1.5502541,-0.01941359,1750,1748,train
865,1.5696664,1.5454357,-0.024230719,1750,1748,train
866,1.5696651,1.5487154,-0.020949721,1750,1748,train
867,1.5696639,1.5362445,-0.03341937,1750,1748,train
868,1.5696626,1.5237807,-0.045881867,1750,1748,train
869,1.5696613,1.5220859,-0.047575355,1750,1748,train
870,1.56966,1.5029366,-0.06672335,1750,1748,train
871,1.5696586,1.4978635,-0.071795106,1750,1748,train
872,1.5696573,1.5296905,-0.03996682,1750,1748,train
873,1.5696561,1.5014709,-0.06818521,1750,1748,train
874,1.5696548,1.5201557,-0.049499154,1750,1748,train
875,1.5696535,1.5197713,-0.049882174,1750,1748,train
876,1.5696522,1.5196747,-0.04997754,1750,1748,train
877,1.5696509,1.5100762,-0.059574723,1750,1748,train
878,1.5696496,1.5141188,-0.055530787,1750,1748,train
879,1.5696483,1.5092704,-0.060377836,1750,1748,train
880,1.569647,1.4887637,-0.080883265,1750,1748,train
881,1.5696455,1.4823979,-0.08724761,1750,1748,train
882,1.5696442,1.4820557,-0.08758855,1750,1748,train
883,1.5696429,1.4688265,-0.10081637,1750,1748,train
884,1.5696416,1.499526,-0.070115566,1750,1748,train
885,1.5696403,1.4738052,-0.09583509,1750,1748,train
886,1.569639,1.4896425,-0.07999647,1750,1748,train
887,1.5696375,1.4721905,-0.09744704,1750,1748,train
888,1.5696362,1.4663868,-0.10324943,1750,1748,train
889,1.5696349,1.4741218,-0.095513105,1750,1748,train
890,1.5696335,1.4688752,-0.100758314,1750,1748,train
891,1.5696322,1.4606763,-0.10895586,1750,1748,train
892,1.5696309,1.4757708,-0.09386003,1750,1748,train
893,1.5696294,1.4832659,-0.086363554,1750,1748,train
894,1.5696281,1.4706787,-0.09894943,1750,1748,train
895,1.5696267,1.4921843,-0.07744241,1750,1748,train
896,1.5696254,1.4836128,-0.0860126,1750,1748,train
897,1.569624,1.486557,-0.08306694,1750,1748,train
898,1.5696226,1.4823087,-0.08731389,1750,1748,train
899,1.5696212,1.4827895,-0.08683169,1750,1748,train
900,1.5696199,1.4842398,-0.08538008,1750,1748,train
901,1.5696185,1.493939,-0.07567942,1750,1748,train
902,1.569617,1.4953696,-0.07424748,1750,1748,train
903,1.5696157,1.4990075,-0.07060826,1750,1748,train
904,1.5696143,1.4807372,-0.08887708,1750,1748,train
905,1.5696129,1.480383,-0.08922982,1750,1748,train
906,1.5696115,1.4793105,-0.09030104,1750,1748,train
907,1.5696101,1.4680635,-0.101546645,1750,1748,train
908,1.5696087,1.4652373,-0.10437143,1750,1748,train
909,1.5696073,1.4607925,-0.10881472,1750,1748,train
910,1.5696058,1.4707637,-0.098842144,1750,1748,train
911,1.5696044,1.4632121,-0.106392264,1750,1748,train
912,1.569603,1.4449497,-0.12465322,1750,1748,train
913,1.5696015,1.447871,-0.121730566,1750,1748,train
914,1.5696001,1.4628178,-0.10678232,1750,1748,train
915,1.5695987,1.4473975,-0.122201204,1750,1748,train
916,1.5695972,1.4713818,-0.09821546,1750,1748,train
917,1.5695958,1.4721705,-0.09742534,1750,1748,train
918,1.5695944,1.4429424,-0.126652,1750,1748,train
919,1.569593,1.447185,-0.12240791,1750,1748,train
920,1.5695915,1.4478955,-0.121695995,1750,1748,train
921,1.5695901,1.4510185,-0.11857164,1750,1748,train
922,1.5695885,1.4463435,-0.123245,1750,1748,train
923,1.5695871,1.4615972,-0.10798991,1750,1748,train
924,1.5695857,1.4380882,-0.1314975,1750,1748,train
925,1.5695843,1.433131,-0.13645327,1750,1748,train
926,1.5695827,1.4488225,-0.1207602,1750,1748,train
927,1.5695813,1.4491202,-0.12046111,1750,1748,train
928,1.5695798,1.4602457,-0.10933411,1750,1748,train
929,1.5695783,1.4650154,-0.10456288,1750,1748,train
930,1.5695769,1.4425037,-0.12707317,1750,1748,train
931,1.5695753,1.4626656,-0.10690975,1750,1748,train
932,1.5695739,1.467447,-0.10212684,1750,1748,train
933,1.5695723,1.4877605,-0.081811786,1750,1748,train
934,1.5695708,1.4786029,-0.09096789,1750,1748,train
935,1.5695693,1.4849001,-0.08466923,1750,1748,train
936,1.5695678,1.4861869,-0.08338094,1750,1748,train
937,1.5695664,1.5120338,-0.05753255,1750,1748,train
938,1.5695648,1.513398,-0.056166768,1750,1748,train
939,1.5695633,1.5089414,-0.060621858,1750,1748,train
940,1.5695617,1.4918096,-0.07775211,1750,1748,train
941,1.5695603,1.4932286,-0.076331735,1750,1748,train
942,1.5695587,1.4888659,-0.08069289,1750,1748,train
943,1.5695572,1.4829725,-0.08658469,1750,1748,train
944,1.5695556,1.5026203,-0.0669353,1750,1748,train
945,1.5695541,1.4990902,-0.070463896,1750,1748,train
946,1.5695525,1.4929172,-0.07663536,1750,1748,train
947,1.569551,1.5001813,-0.069369674,1750,1748,train
948,1.5695494,1.4973289,-0.072220564,1750,1748,train
949,1.5695479,1.4975225,-0.07202542,1750,1748,train
950,1.5695463,1.4977874,-0.071758986,1750,1748,train
951,1.5695448,1.5025669,-0.06697786,1750,1748,train
952,1.5695432,1.5022125,-0.06733072,1750,1748,train
953,1.5695416,1.5191034,-0.050438166,1750,1748,train
954,1.56954,1.4990227,-0.0705173,1750,1748,train
955,1.5695385,1.494738,-0.07480049,1750,1748,train
956,1.5695369,1.4938244,-0.07571256,1750,1748,train
957,1.5695353,1.4887823,-0.08075297,1750,1748,train
958,1.5695337,1.4949037,-0.07463002,1750,1748,train
959,1.5695322,1.4968913,-0.072640896,1750,1748,train
960,1.5695305,1.4650673,-0.10446322,1750,1748,train
961,1.5695289,1.4860325,-0.08349645,1750,1748,train
962,1.5695273,1.4823685,-0.0871588,1750,1748,train
963,1.5695257,1.4665627,-0.10296297,1750,1748,train
964,1.569524,1.4641962,-0.105327845,1750,1748,train
965,1.5695225,1.4720936,-0.09742892,1750,1748,train
966,1.5695208,1.4705522,-0.098968625,1750,1748,train
967,1.5695192,1.4894134,-0.08010578,1750,1748,train
968,1.5695176,1.4783678,-0.09114981,1750,1748,train
969,1.569516,1.4877986,-0.08171737,1750,1748,train
970,1.5695143,1.4929439,-0.07657039,1750,1748,train
971,1.5695126,1.4960048,-0.073507786,1750,1748,train
972,1.5695109,1.5017394,-0.067771554,1750,1748,train
973,1.5695093,1.5032521,-0.06625712,1750,1748,train
974,1.5695077,1.5033625,-0.06614518,1750,1748,train
975,1.569506,1.4932504,-0.07625568,1750,1748,train
976,1.5695044,1.4844298,-0.085074544,1750,1748,train
977,1.5695027,1.4818077,-0.087695,1750,1748,train
978,1.569501,1.4775629,-0.09193814,1750,1748,train
979,1.5694993,1.452191,-0.11730826,1750,1748,train
980,1.5694976,1.4791245,-0.09037304,1750,1748,train
981,1.5694959,1.4504133,-0.11908257,1750,1748,train
982,1.5694942,1.4663552,-0.10313904,1750,1748,train
983,1.5694926,1.4663099,-0.10318267,1750,1748,train
984,1.5694908,1.4667509,-0.10273993,1750,1748,train
985,1.5694891,1.4613162,-0.10817289,1750,1748,train
986,1.5694875,1.4721237,-0.09736371,1750,1748,train
987,1.5694857,1.4837675,-0.085718155,1750,1748,train
988,1.569484,1.4963213,-0.073162675,1750,1748,train
989,1.5694823,1.481762,-0.087720275,1750,1748,train
990,1.5694805,1.4960871,-0.073393464,1750,1748,train
991,1.5694788,1.5048667,-0.06461203,1750,1748,train
992,1.5694771,1.488889,-0.0805881,1750,1748,train
993,1.5694753,1.4910725,-0.07840276,1750,1748,train
994,1.5694736,1.491386,-0.07808757,1750,1748,train
995,1.5694718,1.499313,-0.07015884,1750,1748,train
996,1.56947,1.4774358,-0.09203422,1750,1748,train
997,1.5694683,1.4764137,-0.09305453,1750,1748,train
998,1.5694666,1.4788945,-0.09057212,1750,1748,train
999,1.5694648,1.4738095,-0.09565532,1750,1748,train
1000,1.569463,1.4912229,-0.078240156,1750,1748,train
1001,1.5694612,1.4632242,-0.106237054,1750,1748,train
1002,1.5694594,1.4712813,-0.09817815,1750,1748,train
1003,1.5694577,1.4798212,-0.089636445,1750,1748,train
1004,1.5694559,1.4868134,-0.082642436,1750,1748,train
1005,1.5694541,1.4849929,-0.08446121,1750,1748,train
1006,1.5694523,1.4855225,-0.08392978,1750,1748,train
1007,1.5694504,1.4822384,-0.08721197,1750,1748,train
1008,1.5694486,1.4701312,-0.09931743,1750,1748,train
1009,1.5694468,1.463558,-0.10588884,1750,1748,train
1010,1.569445,1.4524053,-0.11703968,1750,1748,train
1011,1.5694431,1.4830862,-0.08635688,1750,1748,train
1012,1.5694413,1.4436134,-0.12582791,1750,1748,train
1013,1.5694395,1.4628139,-0.106625676,1750,1748,train
1014,1.5694376,1.421166,-0.14827168,1750,1748,train
1015,1.5694358,1.4246268,-0.14480901,1750,1748,train
1016,1.5694339,1.4460781,-0.123355865,1750,1748,train
1017,1.569432,1.4459693,-0.12346268,1750,1748,train
1018,1.5694302,1.4463464,-0.12308383,1750,1748,train
1019,1.5694283,1.4501566,-0.119271755,1750,1748,train
1020,1.5694264,1.4560988,-0.11332762,1750,1748,train
1021,1.5694246,1.4587345,-0.11069012,1750,1748,train
1022,1.5694227,1.4706466,-0.0987761,1750,1748,train
1023,1.5694208,1.4626563,-0.106764555,1750,1748,train
1024,1.5694189,1.5021552,-0.06726372,1750,1748,train
1025,1.569417,1.4781928,-0.09122419,1750,1748,train
1026,1.5694151,1.4747853,-0.094629765,1750,1748,train
1027,1.5694132,1.4772285,-0.09218466,1750,1748,train
1028,1.5694113,1.4848748,-0.08453643,1750,1748,train
1029,1.5694094,1.478791,-0.09061837,1750,1748,train
1030,1.5694075,1.4752946,-0.09411287,1750,1748,train
1031,1.5694056,1.4708667,-0.098538876,1750,1748,train
1032,1.5694035,1.4818406,-0.08756292,1750,1748,train
1033,1.5694016,1.4811882,-0.088213444,1750,1748,train
1034,1.5693997,1.5002446,-0.0691551,1750,1748,train
1035,1.5693977,1.4679785,-0.10141921,1750,1748,train
1036,1.5693958,1.4873924,-0.082003355,1750,1748,train
1037,1.5693938,1.4910241,-0.07836962,1750,1748,train
1038,1.5693918,1.480045,-0.089346886,1750,1748,train
1039,1.5693898,1.4903637,-0.0790261,1750,1748,train
1040,1.5693879,1.4659524,-0.10343552,1750,1748,train
1041,1.5693859,1.4730606,-0.09632528,1750,1748,train
1042,1.5693839,1.4697548,-0.099629045,1750,1748,train
1043,1.569382,1.4729815,-0.0964005,1750,1748,train
1044,1.5693799,1.4603283,-0.109051585,1750,1748,train
1045,1.5693779,1.4668313,-0.10254657,1750,1748,train
1046,1.5693759,1.4542632,-0.11511266,1750,1748,train
1047,1.5693738,1.4595789,-0.109794974,1750,1748,train
1048,1.5693718,1.4544941,-0.1148777,1750,1748,train
1049,1.5693698,1.4614294,-0.107940435,1750,1748,train
1050,1.5693678,1.465117,-0.10425079,1750,1748,train
1051,1.5693657,1.4550929,-0.11427283,1750,1748,train
1052,1.5693637,1.4445589,-0.124804854,1750,1748,train
1053,1.5693616,1.4636655,-0.10569608,1750,1748,train
1054,1.5693595,1.4707291,-0.09863043,1750,1748,train
1055,1.5693575,1.4696879,-0.099669576,1750,1748,train
1056,1.5693554,1.4744194,-0.09493601,1750,1748,train
1057,1.5693533,1.4677976,-0.101555705,1750,1748,train
1058,1.5693512,1.4679997,-0.1013515,1750,1748,train
1059,1.5693492,1.4701867,-0.09916246,1750,1748,train
1060,1.569347,1.4803596,-0.08898747,1750,1748,train
1061,1.569345,1.4685658,-0.100779176,1750,1748,train
1062,1.5693429,1.4549756,-0.11436725,1750,1748,train
1063,1.5693407,1.4754474,-0.09389329,1750,1748,train
1064,1.5693386,1.4672883,-0.102050304,1750,1748,train
1065,1.5693364,1.4791871,-0.09014928,1750,1748,train
1066,1.5693344,1.473923,-0.09541142,1750,1748,train
1067,1.5693322,1.459861,-0.1094712,1750,1748,train
1068,1.5693301,1.4621391,-0.10719097,1750,1748,train
1069,1.569328,1.4626639,-0.10666406,1750,1748,train
1070,1.5693257,1.472827,-0.09649873,1750,1748,train
1071,1.5693235,1.4576077,-0.11171579,1750,1748,train
1072,1.5693214,1.4460807,-0.12324071,1750,1748,train
1073,1.5693192,1.4695487,-0.099770546,1750,1748,train
1074,1.569317,1.4377079,-0.13160908,1750,1748,train
1075,1.5693148,1.4430671,-0.12624776,1750,1748,train
1076,1.5693127,1.4631134,-0.106199265,1750,1748,train
1077,1.5693104,1.4659482,-0.1033622,1750,1748,train
1078,1.5693083,1.4556233,-0.11368501,1750,1748,train
1079,1.569306,1.4602628,-0.10904324,1750,1748,train
1080,1.5693038,1.4645932,-0.10471058,1750,1748,train
1081,1.5693016,1.4347966,-0.13450503,1750,1748,train
1082,1.5692993,1.4331927,-0.13610661,1750,1748,train
1083,1.5692971,1.436852,-0.1324451,1750,1748,train
1084,1.5692948,1.4552088,-0.11408603,1750,1748,train
1085,1.5692925,1.4358203,-0.1334722,1750,1748,train
1086,1.5692903,1.4469256,-0.12236464,1750,1748,train
1087,1.569288,1.4508307,-0.11845732,1750,1748,train
1088,1.5692858,1.4499454,-0.1193403,1750,1748,train
1089,1.5692835,1.451819,-0.11746454,1750,1748,train
1090,1.5692812,1.4545162,-0.11476505,1750,1748,train
1091,1.5692788,1.4559729,-0.11330593,1750,1748,train
1092,1.5692766,1.4405936,-0.12868297,1750,1748,train
1093,1.5692743,1.4378319,-0.13144243,1750,1748,train
1094,1.5692719,1.4344893,-0.13478267,1750,1748,train
1095,1.5692697,1.4582719,-0.110997796,1750,1748,train
1096,1.5692673,1.4393942,-0.12987304,1750,1748,train
1097,1.5692649,1.46126,-0.10800493,1750,1748,train
1098,1.5692626,1.452981,-0.11628163,1750,1748,train
1099,1.5692602,1.4286091,-0.1406511,1750,1748,train
1100,1.5692579,1.4500719,-0.119185925,1750,1748,train
1101,1.5692555,1.445845,-0.12341046,1750,1748,train
1102,1.5692531,1.4448497,-0.12440336,1750,1748,train
1103,1.5692507,1.4346994,-0.13455129,1750,1748,train
1104,1.5692483,1.4455824,-0.12366593,1750,1748,train
1105,1.5692459,1.4433478,-0.12589812,1750,1748,train
1106,1.5692436,1.4443833,-0.12486029,1750,1748,train
1107,1.5692412,1.4371024,-0.13213873,1750,1748,train
1108,1.5692387,1.4389367,-0.13030195,1750,1748,train
1109,1.5692363,1.4578172,-0.11141908,1750,1748,train
1110,1.5692338,1.4602709,-0.10896289,1750,1748,train
1111,1.5692314,1.4527941,-0.116437316,1750,1748,train
1112,1.5692289,1.4557164,-0.113512516,1750,1748,train
1113,1.5692265,1.453166,-0.116060495,1750,1748,train
1114,1.569224,1.4475167,-0.12170732,1750,1748,train
1115,1.5692215,1.4374499,-0.13177156,1750,1748,train
1116,1.569219,1.4673353,-0.10188365,1750,1748,train
1117,1.5692165,1.4432313,-0.12598515,1750,1748,train
1118,1.5692141,1.4500284,-0.119185686,1750,1748,train
1119,1.5692115,1.4410529,-0.12815857,1750,1748,train
1120,1.569209,1.4437268,-0.1254822,1750,1748,train
1121,1.5692065,1.4393245,-0.12988198,1750,1748,train
1122,1.569204,1.4500178,-0.11918616,1750,1748,train
1123,1.5692015,1.4467903,-0.12241113,1750,1748,train
1124,1.5691988,1.449453,-0.11974585,1750,1748,train
1125,1.5691963,1.4503887,-0.11880767,1750,1748,train
1126,1.5691937,1.4759076,-0.09328616,1750,1748,train
1127,1.5691912,1.4633079,-0.10588336,1750,1748,train
1128,1.5691886,1.4411768,-0.12801182,1750,1748,train
1129,1.569186,1.4523311,-0.116854906,1750,1748,train
1130,1.5691835,1.4560716,-0.11311185,1750,1748,train
1131,1.5691808,1.4496195,-0.119561315,1750,1748,train
1132,1.5691782,1.4261352,-0.14304304,1750,1748,train
1133,1.5691756,1.4388084,-0.13036716,1750,1748,train
1134,1.569173,1.4578781,-0.111294866,1750,1748,train
1135,1.5691704,1.4355168,-0.13365352,1750,1748,train
1136,1.5691676,1.436924,-0.13224363,1750,1748,train
1137,1.569165,1.4249382,-0.14422679,1750,1748,train
1138,1.5691624,1.430907,-0.13825536,1750,1748,train
1139,1.5691596,1.4469352,-0.12222445,1750,1748,train
1140,1.569157,1.4444895,-0.124667525,1750,1748,train
1141,1.5691543,1.4457889,-0.1233654,1750,1748,train
1142,1.5691516,1.4490795,-0.12007213,1750,1748,train
1143,1.5691489,1.4482827,-0.12086618,1750,1748,train
1144,1.5691462,1.4403123,-0.12883389,1750,1748,train
1145,1.5691434,1.4368254,-0.13231802,1750,1748,train
1146,1.5691407,1.4363405,-0.13280022,1750,1748,train
1147,1.5691379,1.4447552,-0.124382734,1750,1748,train
1148,1.5691352,1.4227431,-0.1463921,1750,1748,train
1149,1.5691324,1.4167043,-0.15242815,1750,1748,train
1150,1.5691297,1.4344194,-0.13471031,1750,1748,train
1151,1.5691268,1.4277105,-0.14141631,1750,1748,train
1152,1.5691241,1.4580301,-0.111094,1750,1748,train
1153,1.5691212,1.4517871,-0.11733413,1750,1748,train
1154,1.5691185,1.4576274,-0.111491084,1750,1748,train
1155,1.5691156,1.4473935,-0.1217221,1750,1748,train
1156,1.5691128,1.4475117,-0.121601105,1750,1748,train
1157,1.56911,1.4459059,-0.12320411,1750,1748,train
1158,1.5691072,1.4495184,-0.11958873,1750,1748,train
1159,1.5691043,1.451173,-0.117931366,1750,1748,train
1160,1.5691015,1.4631646,-0.105936885,1750,1748,train
1161,1.5690986,1.446317,-0.122781634,1750,1748,train
1162,1.5690956,1.4488031,-0.120292544,1750,1748,train
1163,1.5690928,1.4617004,-0.10739231,1750,1748,train
1164,1.5690899,1.4599175,-0.109172344,1750,1748,train
1165,1.5690869,1.4654766,-0.10361028,1750,1748,train
1166,1.569084,1.4631935,-0.10589051,1750,1748,train
1167,1.5690811,1.4553131,-0.11376798,1750,1748,train
1168,1.5690781,1.4678591,-0.10121894,1750,1748,train
1169,1.5690751,1.4525858,-0.11648929,1750,1748,train
1170,1.5690722,1.4746436,-0.09442866,1750,1748,train
1171,1.5690693,1.4559656,-0.11310363,1750,1748,train
1172,1.5690662,1.4518907,-0.11717546,1750,1748,train
1173,1.5690632,1.4530039,-0.1160593,1750,1748,train
1174,1.5690602,1.4520406,-0.11701965,1750,1748,train
1175,1.5690572,1.4542239,-0.114833355,1750,1748,train
1176,1.5690541,1.4589103,-0.11014378,1750,1748,train
1177,1.5690511,1.4228495,-0.14620161,1750,1748,train
1178,1.569048,1.4534411,-0.115606904,1750,1748,train
1179,1.5690451,1.4494929,-0.119552135,1750,1748,train
1180,1.569042,1.450824,-0.118217945,1750,1748,train
1181,1.5690389,1.4544142,-0.11462462,1750,1748,train
1182,1.5690358,1.4328393,-0.1361965,1750,1748,train
1183,1.5690327,1.4321296,-0.13690305,1750,1748,train
1184,1.5690296,1.435665,-0.13336456,1750,1748,train
1185,1.5690265,1.4414203,-0.12760615,1750,1748,train
1186,1.5690233,1.440818,-0.1282053,1750,1748,train
1187,1.5690202,1.4473932,-0.12162697,1750,1748,train
1188,1.5690169,1.4327916,-0.13622534,1750,1748,train
1189,1.5690138,1.4385937,-0.13042009,1750,1748,train
1190,1.5690106,1.4382222,-0.13078845,1750,1748,train
1191,1.5690074,1.4460518,-0.12295556,1750,1748,train
1192,1.5690042,1.4423525,-0.12665164,1750,1748,train
1193,1.569001,1.4405279,-0.12847304,1750,1748,train
1194,1.5689977,1.4341635,-0.13483429,1750,1748,train
1195,1.5689945,1.44715,-0.12184453,1750,1748,train
1196,1.5689913,1.4357833,-0.13320804,1750,1748,train
1197,1.568988,1.4304357,-0.13855231,1750,1748,train
1198,1.5689847,1.4480553,-0.12092948,1750,1748,train
1199,1.5689814,1.443751,-0.12523043,1750,1748,train
1200,1.5689782,1.4347445,-0.13423371,1750,1748,train
1201,1.5689749,1.4251097,-0.14386511,1750,1748,train
1202,1.5689715,1.4275331,-0.14143836,1750,1748,train
1203,1.5689682,1.4124418,-0.15652633,1750,1748,train
1204,1.5689648,1.4313139,-0.13765097,1750,1748,train
1205,1.5689615,1.4300475,-0.13891399,1750,1748,train
1206,1.568958,1.4255059,-0.14345217,1750,1748,train
1207,1.5689547,1.4299049,-0.13904977,1750,1748,train
1208,1.5689514,1.4142133,-0.15473807,1750,1748,train
1209,1.5689479,1.432416,-0.13653195,1750,1748,train
1210,1.5689445,1.4358057,-0.13313878,1750,1748,train
1211,1.568941,1.435799,-0.133142,1750,1748,train
1212,1.5689375,1.4353744,-0.13356316,1750,1748,train
1213,1.5689341,1.4321144,-0.13681972,1750,1748,train
1214,1.5689306,1.4393265,-0.1296041,1750,1748,train
1215,1.5689272,1.4454894,-0.12343776,1750,1748,train
1216,1.5689237,1.4600248,-0.10889888,1750,1748,train
1217,1.5689201,1.4393939,-0.12952626,1750,1748,train
1218,1.5689167,1.4376494,-0.13126731,1750,1748,train
1219,1.5689131,1.4564781,-0.11243498,1750,1748,train
1220,1.5689095,1.4475232,-0.12138629,1750,1748,train
1221,1.568906,1.4409416,-0.12796438,1750,1748,train
1222,1.5689024,1.4322317,-0.13667071,1750,1748,train
1223,1.5688988,1.4391181,-0.12978065,1750,1748,train
1224,1.5688952,1.4334881,-0.13540709,1750,1748,train
1225,1.5688915,1.4235505,-0.14534104,1750,1748,train
1226,1.568888,1.448662,-0.12022591,1750,1748,train
1227,1.5688843,1.4270904,-0.14179385,1750,1748,train
1228,1.5688807,1.4443746,-0.124506116,1750,1748,train
1229,1.568877,1.4530675,-0.11580944,1750,1748,train
1230,1.5688733,1.4367093,-0.132164,1750,1748,train
1231,1.5688696,1.4479938,-0.120875835,1750,1748,train
1232,1.5688658,1.4382138,-0.13065195,1750,1748,train
1233,1.5688621,1.4326787,-0.13618338,1750,1748,train
1234,1.5688584,1.4368238,-0.13203454,1750,1748,train
1235,1.5688546,1.4569757,-0.11187887,1750,1748,train
1236,1.5688508,1.451084,-0.11776674,1750,1748,train
1237,1.5688471,1.4571505,-0.1116966,1750,1748,train
1238,1.5688432,1.4460088,-0.122834444,1750,1748,train
1239,1.5688394,1.4536983,-0.11514115,1750,1748,train
1240,1.5688355,1.4603267,-0.108508825,1750,1748,train
1241,1.5688317,1.4644654,-0.1043663,1750,1748,train
1242,1.5688279,1.4601458,-0.10868204,1750,1748,train
1243,1.5688239,1.457585,-0.11123896,1750,1748,train
1244,1.56882,1.46178,-0.10704005,1750,1748,train
1245,1.5688162,1.4551102,-0.11370599,1750,1748,train
1246,1.5688123,1.460203,-0.1086092,1750,1748,train
1247,1.5688083,1.4321265,-0.1366818,1750,1748,train
1248,1.5688043,1.4752976,-0.093506694,1750,1748,train
1249,1.5688003,1.4651107,-0.10368967,1750,1748,train
1250,1.5687963,1.4628515,-0.10594475,1750,1748,train
1251,1.5687923,1.4625502,-0.10624218,1750,1748,train
1252,1.5687883,1.4577637,-0.11102462,1750,1748,train
1253,1.5687842,1.4493893,-0.1193949,1750,1748,train
1254,1.5687802,1.4536896,-0.11509061,1750,1748,train
1255,1.5687761,1.4364567,-0.13231945,1750,1748,train
1256,1.5687721,1.4703357,-0.098436356,1750,1748,train
1257,1.5687679,1.471431,-0.09733689,1750,1748,train
1258,1.5687639,1.4747454,-0.09401846,1750,1748,train
1259,1.5687597,1.4793055,-0.089454174,1750,1748,train
1260,1.5687555,1.4742867,-0.09446883,1750,1748,train
1261,1.5687513,1.4890696,-0.079681754,1750,1748,train
1262,1.5687472,1.4849586,-0.083788514,1750,1748,train
1263,1.568743,1.4866319,-0.08211112,1750,1748,train
1264,1.5687387,1.4733053,-0.095433354,1750,1748,train
1265,1.5687345,1.4710257,-0.09770882,1750,1748,train
1266,1.5687302,1.4556723,-0.11305797,1750,1748,train
1267,1.568726,1.4675937,-0.10113227,1750,1748,train
1268,1.5687217,1.4608927,-0.107828975,1750,1748,train
1269,1.5687174,1.4717876,-0.09692979,1750,1748,train
1270,1.568713,1.4603391,-0.10837388,1750,1748,train
1271,1.5687087,1.4796962,-0.0890125,1750,1748,train
1272,1.5687042,1.4573382,-0.11136603,1750,1748,train
1273,1.5686998,1.4690804,-0.09961939,1750,1748,train
1274,1.5686955,1.4615616,-0.107133985,1750,1748,train
1275,1.568691,1.4750961,-0.09359491,1750,1748,train
1276,1.5686866,1.4518673,-0.11681926,1750,1748,train
1277,1.5686822,1.4440551,-0.12462711,1750,1748,train
1278,1.5686777,1.4615322,-0.10714543,1750,1748,train
1279,1.5686731,1.4504248,-0.11824834,1750,1748,train
1280,1.5686687,1.45604,-0.1126287,1750,1748,train
1281,1.5686642,1.453749,-0.11491525,1750,1748,train
1282,1.5686595,1.444246,-0.12441349,1750,1748,train
1283,1.568655,1.434662,-0.13399303,1750,1748,train
1284,1.5686504,1.4584609,-0.11018944,1750,1748,train
1285,1.5686458,1.464911,-0.10373485,1750,1748,train
1286,1.5686412,1.4512364,-0.11740482,1750,1748,train
1287,1.5686365,1.4564465,-0.11219001,1750,1748,train
1288,1.5686319,1.452474,-0.11615789,1750,1748,train
1289,1.5686271,1.4615645,-0.10706258,1750,1748,train
1290,1.5686225,1.4531223,-0.11550021,1750,1748,train
1291,1.5686177,1.4660534,-0.102564335,1750,1748,train
1292,1.5686129,1.4567702,-0.11184275,1750,1748,train
1293,1.5686082,1.4610479,-0.10756028,1750,1748,train
1294,1.5686034,1.4500095,-0.11859393,1750,1748,train
1295,1.5685985,1.4473599,-0.12123859,1750,1748,train
1296,1.5685937,1.4257555,-0.14283824,1750,1748,train
1297,1.5685889,1.4203942,-0.14819467,1750,1748,train
1298,1.568584,1.4290309,-0.13955307,1750,1748,train
1299,1.5685791,1.4231428,-0.14543629,1750,1748,train
1300,1.5685741,1.4246559,-0.14391816,1750,1748,train
1301,1.5685692,1.4323628,-0.13620639,1750,1748,train
1302,1.5685642,1.41727,-0.15129423,1750,1748,train
1303,1.5685592,1.4337537,-0.13480544,1750,1748,train
1304,1.5685542,1.4344423,-0.13411188,1750,1748,train
1305,1.5685492,1.416091,-0.15245819,1750,1748,train
1306,1.568544,1.4442137,-0.12433028,1750,1748,train
1307,1.568539,1.4244727,-0.14406633,1750,1748,train
1308,1.5685339,1.4145817,-0.15395224,1750,1748,train
1309,1.5685288,1.4346354,-0.13389337,1750,1748,train
1310,1.5685236,1.436566,-0.13195765,1750,1748,train
1311,1.5685184,1.4357953,-0.1327231,1750,1748,train
1312,1.5685133,1.4417489,-0.12676442,1750,1748,train
1313,1.568508,1.4379764,-0.13053167,1750,1748,train
1314,1.5685028,1.439529,-0.12897384,1750,1748,train
1315,1.5684975,1.419539,-0.14895856,1750,1748,train
1316,1.5684922,1.4175582,-0.15093398,1750,1748,train
1317,1.5684868,1.4259511,-0.14253569,1750,1748,train
1318,1.5684816,1.4198396,-0.14864194,1750,1748,train
1319,1.5684762,1.4460459,-0.122430325,1750,1748,train
1320,1.5684707,1.427171,-0.14129972,1750,1748,train
1321,1.5684654,1.4356394,-0.13282597,1750,1748,train
1322,1.5684599,1.431818,-0.13664186,1750,1748,train
1323,1.5684544,1.4346683,-0.13378608,1750,1748,train
1324,1.5684489,1.412234,-0.15621495,1750,1748,train
1325,1.5684434,1.4093964,-0.15904701,1750,1748,train
1326,1.5684378,1.430454,-0.1379838,1750,1748,train
1327,1.5684322,1.4090462,-0.15938604,1750,1748,train
1328,1.5684266,1.425416,-0.14301062,1750,1748,train
1329,1.568421,1.4155837,-0.15283728,1750,1748,train
1330,1.5684154,1.432636,-0.13577938,1750,1748,train
1331,1.5684097,1.435749,-0.13266063,1750,1748,train
1332,1.568404,1.4323651,-0.1360389,1750,1748,train
1333,1.5683982,1.4369508,-0.13144743,1750,1748,train
1334,1.5683925,1.4330679,-0.1353246,1750,1748,train
1335,1.5683867,1.4446512,-0.12373543,1750,1748,train
1336,1.5683808,1.4425701,-0.12581074,1750,1748,train
1337,1.568375,1.4458156,-0.12255943,1750,1748,train
1338,1.5683692,1.4456744,-0.12269473,1750,1748,train
1339,1.5683632,1.4739949,-0.09436834,1750,1748,train
1340,1.5683573,1.4420376,-0.12631977,1750,1748,train
1341,1.5683514,1.4414979,-0.12685347,1750,1748,train
1342,1.5683453,1.4397911,-0.12855422,1750,1748,train
1343,1.5683393,1.4541042,-0.11423516,1750,1748,train
1344,1.5683333,1.4687765,-0.0995568,1750,1748,train
1345,1.5683272,1.4707601,-0.09756708,1750,1748,train
1346,1.5683211,1.4722458,-0.0960753,1750,1748,train
1347,1.5683149,1.4626944,-0.1056205,1750,1748,train
1348,1.5683087,1.4462717,-0.12203705,1750,1748,train
1349,1.5683025,1.4493257,-0.11897683,1750,1748,train
1350,1.5682963,1.4479511,-0.120345235,1750,1748,train
1351,1.5682901,1.4445435,-0.12374663,1750,1748,train
1352,1.5682838,1.4695323,-0.098751545,1750,1748,train
1353,1.5682775,1.4690747,-0.09920275,1750,1748,train
1354,1.568271,1.4775213,-0.09074974,1750,1748,train
1355,1.5682647,1.4748977,-0.09336698,1750,1748,train
1356,1.5682583,1.476002,-0.09225631,1750,1748,train
1357,1.5682518,1.4670876,-0.10116422,1750,1748,train
1358,1.5682453,1.4609901,-0.10725522,1750,1748,train
1359,1.5682387,1.4635265,-0.10471225,1750,1748,train
1360,1.5682322,1.4977169,-0.070515275,1750,1748,train
1361,1.5682256,1.4947144,-0.07351124,1750,1748,train
1362,1.5682191,1.4923888,-0.07583022,1750,1748,train
1363,1.5682124,1.482764,-0.085448384,1750,1748,train
1364,1.5682057,1.4724177,-0.095788,1750,1748,train
1365,1.5681989,1.4785316,-0.08966732,1750,1748,train
1366,1.5681921,1.4700584,-0.09813368,1750,1748,train
1367,1.5681853,1.4630555,-0.10512984,1750,1748,train
1368,1.5681785,1.4705132,-0.09766531,1750,1748,train
1369,1.5681716,1.4619894,-0.10618222,1750,1748,train
1370,1.5681647,1.479684,-0.08848071,1750,1748,train
1371,1.5681578,1.4642608,-0.103896976,1750,1748,train
1372,1.5681509,1.4676527,-0.1004982,1750,1748,train
1373,1.5681438,1.4817109,-0.086432934,1750,1748,train
1374,1.5681368,1.4582639,-0.10987294,1750,1748,train
1375,1.5681297,1.4694774,-0.09865224,1750,1748,train
1376,1.5681225,1.4769498,-0.091172695,1750,1748,train
1377,1.5681154,1.4834816,-0.08463371,1750,1748,train
1378,1.5681082,1.4904761,-0.07763207,1750,1748,train
1379,1.5681009,1.4757568,-0.092344165,1750,1748,train
1380,1.5680937,1.4771596,-0.09093404,1750,1748,train
1381,1.5680863,1.4814484,-0.086637855,1750,1748,train
1382,1.568079,1.4793607,-0.088718295,1750,1748,train
1383,1.5680715,1.4772733,-0.09079814,1750,1748,train
1384,1.5680641,1.4905386,-0.0775255,1750,1748,train
1385,1.5680566,1.4867183,-0.08133829,1750,1748,train
1386,1.5680491,1.4845345,-0.08351457,1750,1748,train
1387,1.5680416,1.4816295,-0.08641207,1750,1748,train
1388,1.5680339,1.4734904,-0.094543576,1750,1748,train
1389,1.5680263,1.4652566,-0.10276973,1750,1748,train
1390,1.5680186,1.4616781,-0.10634041,1750,1748,train
1391,1.5680108,1.4582385,-0.109772325,1750,1748,train
1392,1.568003,1.4525195,-0.11548352,1750,1748,train
1393,1.5679952,1.4433545,-0.1246407,1750,1748,train
1394,1.5679873,1.4480269,-0.11996043,1750,1748,train
1395,1.5679795,1.4343092,-0.13367021,1750,1748,train
1396,1.5679715,1.4266815,-0.14128995,1750,1748,train
1397,1.5679635,1.4410739,-0.12688959,1750,1748,train
1398,1.5679554,1.442462,-0.1254934,1750,1748,train
1399,1.5679474,1.425853,-0.14209437,1750,1748,train
1400,1.5679392,1.4167812,-0.15115798,1750,1748,train
1401,1.567931,1.4212122,-0.14671886,1750,1748,train
1402,1.5679228,1.4170736,-0.15084922,1750,1748,train
1403,1.5679145,1.4216034,-0.14631104,1750,1748,train
1404,1.5679061,1.4118654,-0.15604079,1750,1748,train
1405,1.5678978,1.4164326,-0.15146518,1750,1748,train
1406,1.5678893,1.4250561,-0.14283323,1750,1748,train
1407,1.5678809,1.4212413,-0.14663959,1750,1748,train
1408,1.5678724,1.4231946,-0.14467776,1750,1748,train
1409,1.5678638,1.4204502,-0.14741361,1750,1748,train
1410,1.5678551,1.439558,-0.12829709,1750,1748,train
1411,1.5678465,1.407049,-0.1607976,1750,1748,train
1412,1.5678377,1.4182651,-0.14957261,1750,1748,train
1413,1.567829,1.4218212,-0.14600778,1750,1748,train
1414,1.5678202,1.4322623,-0.13555789,1750,1748,train
1415,1.5678113,1.4016808,-0.16613042,1750,1748,train
1416,1.5678023,1.4342548,-0.13354754,1750,1748,train
1417,1.5677934,1.4150748,-0.15271854,1750,1748,train
1418,1.5677843,1.4423871,-0.1253972,1750,1748,train
1419,1.5677751,1.4228835,-0.14489162,1750,1748,train
1420,1.5677661,1.4300348,-0.13773131,1750,1748,train
1421,1.5677568,1.4247166,-0.14304018,1750,1748,train
1422,1.5677476,1.4188677,-0.14887989,1750,1748,train
1423,1.5677382,1.4138252,-0.15391302,1750,1748,train
1424,1.5677289,1.4107585,-0.15697038,1750,1748,train
1425,1.5677195,1.4224641,-0.14525533,1750,1748,train
1426,1.5677099,1.4277999,-0.13990998,1750,1748,train
1427,1.5677004,1.3996438,-0.1680566,1750,1748,train
1428,1.5676907,1.3970109,-0.17067981,1750,1748,train
1429,1.5676811,1.4101555,-0.15752554,1750,1748,train
1430,1.5676713,1.4069963,-0.16067505,1750,1748,train
1431,1.5676615,1.3926973,-0.17496419,1750,1748,train
1432,1.5676516,1.397611,-0.17004061,1750,1748,train
1433,1.5676417,1.395579,-0.17206275,1750,1748,train
1434,1.5676317,1.4142569,-0.15337479,1750,1748,train
1435,1.5676217,1.3856598,-0.1819619,1750,1748,train
1436,1.5676116,1.3892567,-0.17835486,1750,1748,train
1437,1.5676014,1.3833041,-0.18429732,1750,1748,train
1438,1.5675912,1.3989975,-0.16859365,1750,1748,train
1439,1.5675809,1.3852338,-0.18234718,1750,1748,train
1440,1.5675706,1.4008013,-0.16676927,1750,1748,train
1441,1.5675601,1.410671,-0.15688908,1750,1748,train
1442,1.5675496,1.4314559,-0.13609374,1750,1748,train
1443,1.567539,1.4070412,-0.16049778,1750,1748,train
1444,1.5675284,1.4077716,-0.15975678,1750,1748,train
1445,1.5675176,1.4002936,-0.16722405,1750,1748,train
1446,1.5675069,1.4130056,-0.15450132,1750,1748,train
1447,1.5674961,1.3989918,-0.16850424,1750,1748,train
1448,1.5674851,1.4101896,-0.15729547,1750,1748,train
1449,1.5674741,1.4057093,-0.16176486,1750,1748,train
1450,1.567463,1.4113241,-0.1561389,1750,1748,train
1451,1.5674518,1.3968825,-0.1705693,1750,1748,train
1452,1.5674406,1.399645,-0.16779566,1750,1748,train
1453,1.5674293,1.3970965,-0.17033279,1750,1748,train
1454,1.567418,1.4040649,-0.16335309,1750,1748,train
1455,1.5674065,1.3927587,-0.17464781,1750,1748,train
1456,1.567395,1.4017682,-0.16562676,1750,1748,train
1457,1.5673834,1.3825141,-0.18486929,1750,1748,train
1458,1.5673717,1.3865042,-0.18086755,1750,1748,train
1459,1.5673599,1.3809549,-0.18640506,1750,1748,train
1460,1.5673481,1.38571,-0.18163812,1750,1748,train
1461,1.5673361,1.3870785,-0.18025756,1750,1748,train
1462,1.5673242,1.4067621,-0.16056204,1750,1748,train
1463,1.567312,1.3785613,-0.18875074,1750,1748,train
1464,1.5672998,1.4007272,-0.16657269,1750,1748,train
1465,1.5672876,1.4024706,-0.16481698,1750,1748,train
1466,1.5672752,1.3900299,-0.17724526,1750,1748,train
1467,1.5672628,1.3866789,-0.18058383,1750,1748,train
1468,1.5672503,1.3936124,-0.17363787,1750,1748,train
1469,1.5672376,1.3842599,-0.18297768,1750,1748,train
1470,1.5672249,1.3859401,-0.18128479,1750,1748,train
1471,1.5672121,1.3959618,-0.17125034,1750,1748,train
1472,1.5671992,1.394041,-0.17315829,1750,1748,train
1473,1.5671862,1.4090389,-0.15814734,1750,1748,train
1474,1.5671731,1.4068042,-0.16036892,1750,1748,train
1475,1.56716,1.4020952,-0.16506481,1750,1748,train
1476,1.5671467,1.4089721,-0.15817451,1750,1748,train
1477,1.5671333,1.4274868,-0.13964653,1750,1748,train
1478,1.5671198,1.4138165,-0.15330338,1750,1748,train
1479,1.5671064,1.4176922,-0.14941418,1750,1748,train
1480,1.5670927,1.4110683,-0.15602434,1750,1748,train
1481,1.5670788,1.4053011,-0.16177773,1750,1748,train
1482,1.567065,1.4096425,-0.15742254,1750,1748,train
1483,1.567051,1.4050786,-0.1619724,1750,1748,train
1484,1.567037,1.407251,-0.15978599,1750,1748,train
1485,1.5670228,1.4151609,-0.1518619,1750,1748,train
1486,1.5670085,1.4028507,-0.16415775,1750,1748,train
1487,1.5669941,1.4092764,-0.1577177,1750,1748,train
1488,1.5669795,1.3880503,-0.17892921,1750,1748,train
1489,1.566965,1.3836474,-0.18331754,1750,1748,train
1490,1.5669502,1.3876097,-0.17934048,1750,1748,train
1491,1.5669353,1.3828568,-0.18407845,1750,1748,train
1492,1.5669204,1.3681235,-0.19879687,1750,1748,train
1493,1.5669053,1.3731396,-0.19376564,1750,1748,train
1494,1.5668901,1.3892438,-0.17764628,1750,1748,train
1495,1.5668747,1.3785297,-0.18834507,1750,1748,train
1496,1.5668594,1.3597696,-0.20708978,1750,1748,train
1497,1.5668437,1.3599272,-0.20691657,1750,1748,train
1498,1.5668281,1.3675196,-0.19930851,1750,1748,train
1499,1.5668123,1.3646773,-0.20213497,1750,1748,train
1500,1.5667963,1.358288,-0.20850825,1750,1748,train
1501,1.5667803,1.3510029,-0.2157774,1750,1748,train
1502,1.5667641,1.3644185,-0.20234561,1750,1748,train
1503,1.5667478,1.3609706,-0.20577717,1750,1748,train
1504,1.5667313,1.3747175,-0.19201386,1750,1748,train
1505,1.5667148,1.3805475,-0.18616724,1750,1748,train
1506,1.566698,1.376941,-0.18975699,1750,1748,train
1507,1.5666811,1.372873,-0.1938082,1750,1748,train
1508,1.5666641,1.3707691,-0.19589496,1750,1748,train
1509,1.5666469,1.3625605,-0.20408642,1750,1748,train
1510,1.5666296,1.3567077,-0.20992196,1750,1748,train
1511,1.5666122,1.357978,-0.20863426,1750,1748,train
1512,1.5665947,1.3619405,-0.20465422,1750,1748,train
1513,1.566577,1.3717496,-0.19482732,1750,1748,train
1514,1.5665591,1.3758075,-0.19075155,1750,1748,train
1515,1.5665411,1.3699548,-0.19658625,1750,1748,train
1516,1.5665228,1.370273,-0.19624984,1750,1748,train
1517,1.5665045,1.3634461,-0.20305836,1750,1748,train
1518,1.566486,1.3747455,-0.19174051,1750,1748,train
1519,1.5664674,1.3697339,-0.19673347,1750,1748,train
1520,1.5664486,1.371094,-0.19535458,1750,1748,train
1521,1.5664295,1.365056,-0.20137346,1750,1748,train
1522,1.5664104,1.3729831,-0.19342732,1750,1748,train
1523,1.5663911,1.3652468,-0.20114434,1750,1748,train
1524,1.5663716,1.3533412,-0.21303034,1750,1748,train
1525,1.5663519,1.3566725,-0.20967937,1750,1748,train
1526,1.5663321,1.3484101,-0.21792197,1750,1748,train
1527,1.5663121,1.3400936,-0.22621846,1750,1748,train
1528,1.5662918,1.3354661,-0.23082566,1750,1748,train
1529,1.5662714,1.326324,-0.23994744,1750,1748,train
1530,1.5662509,1.3362759,-0.22997499,1750,1748,train
1531,1.5662302,1.3259943,-0.24023592,1750,1748,train
1532,1.5662092,1.3143799,-0.25182927,1750,1748,train
1533,1.5661881,1.3242328,-0.24195528,1750,1748,train
1534,1.5661668,1.3388767,-0.22729003,1750,1748,train
1535,1.5661452,1.3333117,-0.2328335,1750,1748,train
1536,1.5661235,1.3084201,-0.25770342,1750,1748,train
1537,1.5661016,1.3069046,-0.259197,1750,1748,train
1538,1.5660794,1.3061926,-0.25988674,1750,1748,train
1539,1.566057,1.3011899,-0.26486707,1750,1748,train
1540,1.5660344,1.2899557,-0.2760787,1750,1748,train
1541,1.5660117,1.2970464,-0.26896524,1750,1748,train
1542,1.5659887,1.28004,-0.28594863,1750,1748,train
1543,1.5659654,1.2743758,-0.29158962,1750,1748,train
1544,1.565942,1.273565,-0.292377,1750,1748,train
1545,1.5659183,1.2690371,-0.2968812,1750,1748,train
1546,1.5658944,1.276924,-0.28897035,1750,1748,train
1547,1.5658703,1.2729179,-0.29295242,1750,1748,train
1548,1.5658458,1.262524,-0.30332184,1750,1748,train
1549,1.5658213,1.2524748,-0.3133465,1750,1748,train
1550,1.5657964,1.2649145,-0.30088186,1750,1748,train
1551,1.5657712,1.2529979,-0.31277335,1750,1748,train
1552,1.5657458,1.2661303,-0.2996155,1750,1748,train
1553,1.5657202,1.26665,-0.29907024,1750,1748,train
1554,1.5656943,1.2802559,-0.28543842,1750,1748,train
1555,1.5656682,1.2726432,-0.29302502,1750,1748,train
1556,1.5656418,1.2642771,-0.30136466,1750,1748,train
1557,1.565615,1.2527347,-0.3128804,1750,1748,train
1558,1.565588,1.241974,-0.323614,1750,1748,train
1559,1.5655608,1.2319233,-0.33363748,1750,1748,train
1560,1.5655332,1.2430482,-0.32248497,1750,1748,train
1561,1.5655054,1.2348866,-0.33061874,1750,1748,train
1562,1.5654773,1.2489038,-0.3165735,1750,1748,train
1563,1.5654488,1.2289153,-0.33653343,1750,1748,train
1564,1.56542,1.2284095,-0.3370105,1750,1748,train
1565,1.565391,1.2197621,-0.34562886,1750,1748,train
1566,1.5653616,1.2406703,-0.3246913,1750,1748,train
1567,1.5653319,1.2194037,-0.3459282,1750,1748,train
1568,1.5653019,1.2197441,-0.3455578,1750,1748,train
1569,1.5652715,1.1986289,-0.3666426,1750,1748,train
1570,1.5652409,1.210793,-0.35444784,1750,1748,train
1571,1.5652097,1.1974275,-0.36778224,1750,1748,train
1572,1.5651784,1.1814505,-0.3837279,1750,1748,train
1573,1.5651467,1.1718435,-0.39330316,1750,1748,train
1574,1.5651146,1.145645,-0.4194696,1750,1748,train
1575,1.5650821,1.1638489,-0.4012332,1750,1748,train
1576,1.5650493,1.1935337,-0.37151563,1750,1748,train
1577,1.565016,1.1854542,-0.37956178,1750,1748,train
1578,1.5649824,1.203325,-0.36165738,1750,1748,train
1579,1.5649484,1.1851771,-0.37977135,1750,1748,train
1580,1.564914,1.191303,-0.37361097,1750,1748,train
1581,1.5648792,1.1649263,-0.3999529,1750,1748,train
1582,1.564844,1.1856554,-0.37918866,1750,1748,train
1583,1.5648084,1.1767247,-0.3880837,1750,1748,train
1584,1.5647722,1.237418,-0.3273542,1750,1748,train
1585,1.5647358,1.2307196,-0.3340162,1750,1748,train
1586,1.5646988,1.252496,-0.3122028,1750,1748,train
1587,1.5646614,1.2495834,-0.31507802,1750,1748,train
1588,1.5646236,1.2439567,-0.3206669,1750,1748,train
1589,1.5645852,1.2320805,-0.33250475,1750,1748,train
1590,1.5645465,1.2269902,-0.33755624,1750,1748,train
1591,1.5645071,1.2098663,-0.35464084,1750,1748,train
1592,1.5644673,1.1977608,-0.3667065,1750,1748,train
1593,1.564427,1.2060208,-0.3584062,1750,1748,train
1594,1.5643861,1.2079891,-0.35639703,1750,1748,train
1595,1.5643448,1.2037572,-0.3605876,1750,1748,train
1596,1.5643029,1.2083389,-0.35596406,1750,1748,train
1597,1.5642605,1.2023377,-0.36192274,1750,1748,train
1598,1.5642174,1.2319099,-0.33230758,1750,1748,train
1599,1.5641739,1.2214125,-0.3427614,1750,1748,train
1600,1.5641297,1.2583607,-0.30576897,1750,1748,train
1601,1.564085,1.2574513,-0.3066337,1750,1748,train
1602,1.5640397,1.2434325,-0.3206072,1750,1748,train
1603,1.5639937,1.2437918,-0.32020187,1750,1748,train
1604,1.5639471,1.2464443,-0.31750274,1750,1748,train
1605,1.5638999,1.230932,-0.33296788,1750,1748,train
1606,1.563852,1.2126573,-0.35119462,1750,1748,train
1607,1.5638034,1.2085769,-0.35522652,1750,1748,train
1608,1.5637542,1.2268069,-0.33694732,1750,1748,train
1609,1.5637043,1.214824,-0.3488803,1750,1748,train
1610,1.5636536,1.2199011,-0.3437525,1750,1748,train
1611,1.5636022,1.2170126,-0.34658957,1750,1748,train
1612,1.5635501,1.223526,-0.3400241,1750,1748,train
1613,1.5634972,1.2323018,-0.33119535,1750,1748,train
1614,1.5634435,1.2234211,-0.34002244,1750,1748,train
1615,1.5633891,1.2290001,-0.33438897,1750,1748,train
1616,1.5633337,1.2542968,-0.30903697,1750,1748,train
1617,1.5632777,1.2452532,-0.31802452,1750,1748,train
1618,1.5632207,1.239162,-0.32405877,1750,1748,train
1619,1.5631629,1.2309386,-0.33222437,1750,1748,train
1620,1.5631042,1.2352302,-0.32787395,1750,1748,train
1621,1.5630445,1.2320254,-0.33101916,1750,1748,train
1622,1.562984,1.2277989,-0.33518505,1750,1748,train
1623,1.5629225,1.23243,-0.3304925,1750,1748,train
1624,1.56286,1.2431734,-0.31968665,1750,1748,train
1625,1.5627965,1.2434926,-0.31930387,1750,1748,train
1626,1.562732,1.2550457,-0.30768633,1750,1748,train
1627,1.5626664,1.232894,-0.32977247,1750,1748,train
1628,1.5625998,1.2547002,-0.3078996,1750,1748,train
1629,1.5625321,1.2627409,-0.29979122,1750,1748,train
1630,1.5624632,1.2527332,-0.30972993,1750,1748,train
1631,1.5623932,1.2550929,-0.30730033,1750,1748,train
1632,1.5623219,1.2774442,-0.28487766,1750,1748,train
1633,1.5622495,1.2817092,-0.28054035,1750,1748,train
1634,1.5621759,1.2747593,-0.28741658,1750,1748,train
1635,1.5621009,1.2841449,-0.277956,1750,1748,train
1636,1.5620246,1.273226,-0.28879857,1750,1748,train
1637,1.561947,1.2651204,-0.2968266,1750,1748,train
1638,1.561868,1.2467093,-0.3151586,1750,1748,train
1639,1.5617876,1.2479045,-0.31388307,1750,1748,train
1640,1.5617057,1.2749846,-0.2867211,1750,1748,train
1641,1.5616223,1.2700262,-0.29159606,1750,1748,train
1642,1.5615374,1.2626677,-0.29886973,1750,1748,train
1643,1.5614508,1.2797421,-0.28170872,1750,1748,train
1644,1.5613626,1.2928877,-0.26847494,1750,1748,train
1645,1.5612729,1.2879753,-0.27329755,1750,1748,train
1646,1.5611812,1.2932346,-0.2679466,1750,1748,train
1647,1.5610878,1.2938993,-0.26718855,1750,1748,train
1648,1.5609927,1.285021,-0.27597177,1750,1748,train
1649,1.5608957,1.2757841,-0.28511155,1750,1748,train
1650,1.5607966,1.2796973,-0.28109932,1750,1748,train
1651,1.5606956,1.2742634,-0.28643227,1750,1748,train
1652,1.5605927,1.2666023,-0.29399037,1750,1748,train
1653,1.5604874,1.2668803,-0.29360712,1750,1748,train
1654,1.56038,1.2385588,-0.3218212,1750,1748,train
1655,1.5602704,1.2497541,-0.31051636,1750,1748,train
1656,1.5601584,1.2112129,-0.3489455,1750,1748,train
1657,1.560044,1.2675943,-0.2924497,1750,1748,train
1658,1.5599272,1.2801472,-0.27978003,1750,1748,train
1659,1.5598078,1.2521951,-0.30761266,1750,1748,train
1660,1.5596857,1.2392895,-0.32039618,1750,1748,train
1661,1.5595609,1.2114383,-0.3481226,1750,1748,train
1662,1.5594332,1.2907009,-0.2687323,1750,1748,train
1663,1.5593026,1.27845,-0.28085256,1750,1748,train
1664,1.5591689,1.3353143,-0.22385466,1750,1748,train
1665,1.5590322,1.3389266,-0.22010565,1750,1748,train
1666,1.5588921,1.340157,-0.2187351,1750,1748,train
1667,1.5587487,1.3286085,-0.23014021,1750,1748,train
1668,1.5586019,1.3173238,-0.24127805,1750,1748,train
1669,1.5584513,1.2895814,-0.26886988,1750,1748,train
1670,1.5582969,1.3131244,-0.2451725,1750,1748,train
1671,1.5581387,1.2782016,-0.27993715,1750,1748,train
1672,1.5579765,1.3237383,-0.23423815,1750,1748,train
1673,1.5578101,1.3216406,-0.23616946,1750,1748,train
1674,1.5576392,1.3205745,-0.23706472,1750,1748,train
1675,1.5574638,1.2741411,-0.2833227,1750,1748,train
1676,1.5572836,1.3359528,-0.22133088,1750,1748,train
1677,1.5570985,1.2903155,-0.266783,1750,1748,train
1678,1.5569084,1.3120683,-0.24484003,1750,1748,train
1679,1.5567127,1.2755122,-0.28120053,1750,1748,train
1680,1.5565116,1.2996819,-0.25682974,1750,1748,train
1681,1.5563046,1.251812,-0.3044926,1750,1748,train
1682,1.5560915,1.2856288,-0.27046275,1750,1748,train
1683,1.5558721,1.2271652,-0.32870686,1750,1748,train
1684,1.555646,1.2186649,-0.33698106,1750,1748,train
1685,1.5554129,1.2111449,-0.34426796,1750,1748,train
1686,1.5551726,1.2410092,-0.31416333,1750,1748,train
1687,1.5549246,1.2403259,-0.31459868,1750,1748,train
1688,1.5546687,1.2941177,-0.26055098,1750,1748,train
1689,1.5544044,1.2490444,-0.30535996,1750,1748,train
1690,1.5541312,1.2295043,-0.3246268,1750,1748,train
1691,1.5538487,1.1929997,-0.36084902,1750,1748,train
1692,1.5535567,1.2267158,-0.32684088,1750,1748,train
1693,1.5532542,1.2041149,-0.34913933,1750,1748,train
1694,1.5529411,1.194253,-0.35868812,1750,1748,train
1695,1.5526165,1.2041998,-0.3484167,1750,1748,train
1696,1.55228,1.3391857,-0.21309423,1750,1748,train
1697,1.5519307,1.2795395,-0.2723912,1750,1748,train
1698,1.5515679,1.2510872,-0.30048072,1750,1748,train
1699,1.551191,1.2067934,-0.34439754,1750,1748,train
1700,1.550799,1.2583361,-0.29246294,1750,1748,train
1701,1.550391,1.1586047,-0.39178622,1750,1748,train
1702,1.549966,1.1457863,-0.4041797,1750,1748,train
1703,1.549523,1.169883,-0.37963998,1750,1748,train
1704,1.5490606,1.2768915,-0.2721691,1750,1748,train
1705,1.5485778,1.2309039,-0.31767392,1750,1748,train
1706,1.5480729,1.3125087,-0.23556423,1750,1748,train
1707,1.5475447,1.1984913,-0.34905338,1750,1748,train
1708,1.5469913,1.2449558,-0.30203557,1750,1748,train
1709,1.5464109,1.2371831,-0.30922782,1750,1748,train
1710,1.5458015,1.2464473,-0.2993542,1750,1748,train
1711,1.5451609,1.2756717,-0.26948917,1750,1748,train
1712,1.5444866,1.3443415,-0.20014513,1750,1748,train
1713,1.5437759,1.3833131,-0.16046286,1750,1748,train
1714,1.5430257,1.3145884,-0.2284373,1750,1748,train
1715,1.5422326,1.2148924,-0.32734025,1750,1748,train
1716,1.541393,1.2905886,-0.25080442,1750,1748,train
1717,1.5405025,1.2742131,-0.26628947,1750,1748,train
1718,1.5395565,1.2592549,-0.28030157,1750,1748,train
1719,1.5385494,1.243548,-0.2950014,1750,1748,train
1720,1.5374753,1.237129,-0.30034637,1750,1748,train
1721,1.5363272,1.1903203,-0.346007,1750,1748,train
1722,1.5350972,1.1860777,-0.34901953,1750,1748,train
1723,1.5337762,1.1477436,-0.38603258,1750,1748,train
1724,1.5323538,1.1799653,-0.3523885,1750,1748,train
1725,1.5308176,1.1461074,-0.3847102,1750,1748,train
1726,1.5291537,1.1951278,-0.33402586,1750,1748,train
1727,1.5273454,1.1483624,-0.37898302,1750,1748,train
1728,1.5253731,1.0993148,-0.4260583,1750,1748,train
1729,1.5232133,1.0649915,-0.4582218,1750,1748,train
1730,1.5208379,1.00193,-0.5189079,1750,1748,train
1731,1.5182133,0.9002763,-0.61793697,1750,1748,train
1732,1.5152978,0.9740026,-0.5412952,1750,1748,train
1733,1.5120405,0.91345596,-0.59858453,1750,1748,train
1734,1.5083776,0.8851584,-0.62321913,1750,1748,train
1735,1.5042281,0.8836229,-0.62060523,1750,1748,train
1736,1.4994888,0.82855964,-0.6709292,1750,1748,train
1737,1.4940244,0.61710835,-0.87691605,1750,1748,train
1738,1.487655,0.67395055,-0.8137045,1750,1748,train
1739,1.4801364,0.65117395,-0.82896245,1750,1748,train
1740,1.4711276,0.6986147,-0.7725129,1750,1748,train
1741,1.4601392,0.8757137,-0.58442545,1750,1748,train
1742,1.4464413,0.80911577,-0.6373255,1750,1748,train
1743,1.4288993,0.72727084,-0.70162845,1750,1748,train
1744,1.4056476,0.18937303,-1.2162746,1750,1748,train
1745,1.3734008,0.20125896,-1.1721418,1750,1748,train
1746,1.3258177,0.21833457,-1.1074831,1750,1748,train
1747,1.2490457,0.14591604,-1.1031296,1750,1748,train
1748,1.1071488,-0.08644152,-1.1935903,1750,1748,train
1749,0.7853982,-0.1659456,-0.9513438,1750,1748,train
1750,-0.0,-0.17645773,-0.17645773,1750,1748,train
1751,-0.7853982,-0.33575666,0.44964153,1750,1748,train
1752,-1.1071488,-1.2848376,-0.17768884,1750,1748,train
1753,-1.2490457,-1.336053,-0.087007284,1750,1748,train
1754,-1.3258177,-1.3301817,-0.0043640137,1750,1748,train
1755,-1.3734008,-1.3148657,0.0585351,1750,1748,train
1756,-1.4056476,-1.3365061,0.06914151,1750,1748,train
1757,-1.4288993,-1.3278092,0.10109007,1750,1748,train
1758,-1.4464413,-1.3288833,0.117558,1750,1748,train
1759,-1.4601392,-1.334523,0.1256162,1750,1748,train
1760,-1.4711276,-1.4633086,0.0078190565,1750,1748,train
1761,-1.4801364,-1.4573634,0.022773027,1750,1748,train
1762,-1.487655,-1.4710381,0.01661694,1750,1748,train
1763,-1.4940244,-1.4710488,0.022975564,1750,1748,train
1764,-1.4994888,-1.4496498,0.04983902,1750,1748,train
1765,-1.5042281,-1.4458919,0.058336258,1750,1748,train
1766,-1.5083776,-1.4379762,0.07040131,1750,1748,train
1767,-1.5120405,-1.437942,0.07409847,1750,1748,train
1768,-1.5152978,-1.4621019,0.053195834,1750,1748,train
1769,-1.5182133,-1.46613,0.052083254,1750,1748,train
1770,-1.5208379,-1.4652665,0.055571437,1750,1748,train
1771,-1.5232133,-1.4653702,0.05784309,1750,1748,train
1772,-1.5253731,-1.4654343,0.05993879,1750,1748,train
1773,-1.5273454,-1.472143,0.055202365,1750,1748,train
1774,-1.5291537,-1.4816905,0.04746318,1750,1748,train
1775,-1.5308176,-1.4662546,0.064563036,1750,1748,train
1776,-1.5323538,-1.4322417,0.10011208,1750,1748,train
1777,-1.5337762,-1.4300753,0.103700876,1750,1748,train
1778,-1.5350972,-1.4287634,0.10633385,1750,1748,train
1779,-1.5363272,-1.4274166,0.10891068,1750,1748,train
1780,-1.5374753,-1.4155023,0.12197304,1750,1748,train
1781,-1.5385494,-1.424427,0.11412239,1750,1748,train
1782,-1.5395565,-1.3983053,0.1412512,1750,1748,train
1783,-1.5405025,-1.4090654,0.13143718,1750,1748,train
1784,-1.541393,-1.385005,0.15638804,1750,1748,train
1785,-1.5422326,-1.4007318,0.14150083,1750,1748,train
1786,-1.5430257,-1.3856778,0.15734792,1750,1748,train
1787,-1.5437759,-1.3844051,0.15937078,1750,1748,train
1788,-1.5444866,-1.3782134,0.16627324,1750,1748,train
1789,-1.5451609,-1.382092,0.16306889,1750,1748,train
1790,-1.5458015,-1.3908777,0.1549238,1750,1748,train
1791,-1.5464109,-1.3888271,0.15758383,1750,1748,train
1792,-1.5469913,-1.4268056,0.12018573,1750,1748,train
1793,-1.5475447,-1.4070742,0.1404705,1750,1748,train
1794,-1.5480729,-1.3977969,0.15027606,1750,1748,train
1795,-1.5485778,-1.4099315,0.13864625,1750,1748,train
1796,-1.5490606,-1.402233,0.14682758,1750,1748,train
1797,-1.549523,-1.4084222,0.14110076,1750,1748,train
1798,-1.549966,-1.3999716,0.14999437,1750,1748,train
1799,-1.550391,-1.401374,0.14901698,1750,1748,train
1800,-1.550799,-1.4018141,0.14898491,1750,1748,train
1801,-1.551191,-1.3966725,0.15451849,1750,1748,train
1802,-1.5515679,-1.4131236,0.1384443,1750,1748,train
1803,-1.5519307,-1.4025987,0.14933193,1750,1748,train
1804,-1.55228,-1.4254391,0.12684083,1750,1748,train
1805,-1.5526165,-1.4051144,0.14750206,1750,1748,train
1806,-1.5529411,-1.4160972,0.13684392,1750,1748,train
1807,-1.5532542,-1.4050255,0.14822876,1750,1748,train
1808,-1.5535567,-1.3809683,0.17258835,1750,1748,train
1809,-1.5538487,-1.3846524,0.16919637,1750,1748,train
1810,-1.5541312,-1.3841712,0.1699599,1750,1748,train
1811,-1.5544044,-1.3804598,0.17394459,1750,1748,train
1812,-1.5546687,-1.3800166,0.1746521,1750,1748,train
1813,-1.5549246,-1.3844563,0.17046833,1750,1748,train
1814,-1.5551726,-1.3763198,0.1788528,1750,1748,train
1815,-1.5554129,-1.3739524,0.1814605,1750,1748,train
1816,-1.555646,-1.3748198,0.18082619,1750,1748,train
1817,-1.5558721,-1.371428,0.18444407,1750,1748,train
1818,-1.5560915,-1.384613,0.17147851,1750,1748,train
1819,-1.5563046,-1.382638,0.1736666,1750,1748,train
1820,-1.5565116,-1.3831601,0.17335153,1750,1748,train
1821,-1.5567127,-1.3895636,0.16714919,1750,1748,train
1822,-1.5569084,-1.3973043,0.15960407,1750,1748,train
1823,-1.5570985,-1.3938686,0.16322994,1750,1748,train
1824,-1.5572836,-1.3889463,0.16833735,1750,1748,train
1825,-1.5574638,-1.405313,0.15215075,1750,1748,train
1826,-1.5576392,-1.3981173,0.15952194,1750,1748,train
1827,-1.5578101,-1.399368,0.15844202,1750,1748,train
1828,-1.5579765,-1.3939178,0.16405869,1750,1748,train
1829,-1.5581387,-1.393011,0.16512775,1750,1748,train
1830,-1.5582969,-1.3985052,0.15979171,1750,1748,train
1831,-1.5584513,-1.3951781,0.16327322,1750,1748,train
1832,-1.5586019,-1.3927903,0.16581154,1750,1748,train
1833,-1.5587487,-1.4015663,0.15718246,1750,1748,train
1834,-1.5588921,-1.3913958,0.16749632,1750,1748,train
1835,-1.5590322,-1.3978031,0.16122913,1750,1748,train
1836,-1.5591689,-1.3839068,0.1752621,1750,1748,train
1837,-1.5593026,-1.3890135,0.17028904,1750,1748,train
1838,-1.5594332,-1.4020422,0.15739107,1750,1748,train
1839,-1.5595609,-1.3948193,0.16474164,1750,1748,train
1840,-1.5596857,-1.3941386,0.16554713,1750,1748,train
1841,-1.5598078,-1.4015908,0.15821695,1750,1748,train
1842,-1.5599272,-1.397301,0.16262627,1750,1748,train
1843,-1.560044,-1.3947856,0.16525841,1750,1748,train
1844,-1.5601584,-1.3988061,0.16135228,1750,1748,train
1845,-1.5602704,-1.4055258,0.15474463,1750,1748,train
1846,-1.56038,-1.3992121,0.16116786,1750,1748,train
1847,-1.5604874,-1.408111,0.15237641,1750,1748,train
1848,-1.5605927,-1.3971878,0.16340482,1750,1748,train
1849,-1.5606956,-1.3939263,0.16676939,1750,1748,train
1850,-1.5607966,-1.3961518,0.16464484,1750,1748,train
1851,-1.5608957,-1.3991239,0.16177177,1750,1748,train
1852,-1.5609927,-1.3902094,0.17078328,1750,1748,train
1853,-1.5610878,-1.3855677,0.17552018,1750,1748,train
1854,-1.5611812,-1.3925214,0.1686598,1750,1748,train
1855,-1.5612729,-1.40799,0.15328288,1750,1748,train
1856,-1.5613626,-1.4041317,0.15723097,1750,1748,train
1857,-1.5614508,-1.402472,0.15897882,1750,1748,train
1858,-1.5615374,-1.4097896,0.15174782,1750,1748,train
1859,-1.5616223,-1.4096768,0.15194547,1750,1748,train
1860,-1.5617057,-1.3993045,0.1624012,1750,1748,train
1861,-1.5617876,-1.4022067,0.15958095,1750,1748,train
1862,-1.561868,-1.3964238,0.16544414,1750,1748,train
1863,-1.561947,-1.4027619,0.15918505,1750,1748,train
1864,-1.5620246,-1.391644,0.17038059,1750,1748,train
1865,-1.5621009,-1.4080026,0.15409827,1750,1748,train
1866,-1.5621759,-1.4118075,0.15036833,1750,1748,train
1867,-1.5622495,-1.3957226,0.16652691,1750,1748,train
1868,-1.5623219,-1.4153988,0.14692307,1750,1748,train
1869,-1.5623932,-1.4078822,0.15451097,1750,1748,train
1870,-1.5624632,-1.409565,0.15289819,1750,1748,train
1871,-1.5625321,-1.4035041,0.15902793,1750,1748,train
1872,-1.5625998,-1.4129803,0.14961946,1750,1748,train
1873,-1.5626664,-1.4128158,0.1498506,1750,1748,train
1874,-1.562732,-1.4122136,0.15051842,1750,1748,train
1875,-1.5627965,-1.4033351,0.15946138,1750,1748,train
1876,-1.56286,-1.4016643,0.16119576,1750,1748,train
1877,-1.5629225,-1.4047902,0.15813231,1750,1748,train
1878,-1.562984,-1.4051534,0.1578306,1750,1748,train
1879,-1.5630445,-1.4081303,0.15491426,1750,1748,train
1880,-1.5631042,-1.4099126,0.15319157,1750,1748,train
1881,-1.5631629,-1.4005775,0.16258538,1750,1748,train
1882,-1.5632207,-1.4020742,0.16114652,1750,1748,train
1883,-1.5632777,-1.4091561,0.15412164,1750,1748,train
1884,-1.5633337,-1.4295073,0.1338265,1750,1748,train
1885,-1.5633891,-1.4123809,0.15100813,1750,1748,train
1886,-1.5634435,-1.4137921,0.14965141,1750,1748,train
1887,-1.5634972,-1.4142032,0.14929402,1750,1748,train
1888,-1.5635501,-1.4196672,0.14388287,1750,1748,train
1889,-1.5636022,-1.4292696,0.13433266,1750,1748,train
1890,-1.5636536,-1.4330847,0.13056886,1750,1748,train
1891,-1.5637043,-1.4258912,0.13781309,1750,1748,train
1892,-1.5637542,-1.42466,0.13909423,1750,1748,train
1893,-1.5638034,-1.4188318,0.14497161,1750,1748,train
1894,-1.563852,-1.417483,0.14636898,1750,1748,train
1895,-1.5638999,-1.4014121,0.16248775,1750,1748,train
1896,-1.5639471,-1.4194598,0.14448726,1750,1748,train
1897,-1.5639937,-1.4125198,0.15147388,1750,1748,train
1898,-1.5640397,-1.4252648,0.13877487,1750,1748,train
1899,-1.564085,-1.4232033,0.14088166,1750,1748,train
1900,-1.5641297,-1.4167696,0.14736009,1750,1748,train
1901,-1.5641739,-1.4188385,0.14533544,1750,1748,train
1902,-1.5642174,-1.4286648,0.13555264,1750,1748,train
1903,-1.5642605,-1.4092087,0.15505183,1750,1748,train
1904,-1.5643029,-1.4027381,0.16156483,1750,1748,train
1905,-1.5643448,-1.3993723,0.16497242,1750,1748,train
1906,-1.5643861,-1.393359,0.17102718,1750,1748,train
1907,-1.564427,-1.4098529,0.15457416,1750,1748,train
1908,-1.5644673,-1.3983845,0.16608286,1750,1748,train
1909,-1.5645071,-1.411233,0.15327418,1750,1748,train
1910,-1.5645465,-1.4007452,0.16380131,1750,1748,train
1911,-1.5645852,-1.3894787,0.17510653,1750,1748,train
1912,-1.5646236,-1.38805,0.17657363,1750,1748,train
1913,-1.5646614,-1.3853505,0.17931092,1750,1748,train
1914,-1.5646988,-1.3824816,0.18221724,1750,1748,train
1915,-1.5647358,-1.3920238,0.17271197,1750,1748,train
1916,-1.5647722,-1.3825133,0.18225896,1750,1748,train
1917,-1.5648084,-1.3857024,0.179106,1750,1748,train
1918,-1.564844,-1.388109,0.17673504,1750,1748,train
1919,-1.5648792,-1.3888628,0.17601633,1750,1748,train
1920,-1.564914,-1.4115704,0.15334356,1750,1748,train
1921,-1.5649484,-1.4134023,0.15154612,1750,1748,train
1922,-1.5649824,-1.4144642,0.15051818,1750,1748,train
1923,-1.565016,-1.4096689,0.15534711,1750,1748,train
1924,-1.5650493,-1.4132979,0.1517514,1750,1748,train
1925,-1.5650821,-1.411937,0.15314507,1750,1748,train
1926,-1.5651146,-1.4167418,0.14837277,1750,1748,train
1927,-1.5651467,-1.4104159,0.1547308,1750,1748,train
1928,-1.5651784,-1.4048494,0.16032898,1750,1748,train
1929,-1.5652097,-1.4044635,0.16074622,1750,1748,train
1930,-1.5652409,-1.419547,0.1456939,1750,1748,train
1931,-1.5652715,-1.4095628,0.15570867,1750,1748,train
1932,-1.5653019,-1.4080275,0.15727437,1750,1748,train
1933,-1.5653319,-1.407056,0.15827596,1750,1748,train
1934,-1.5653616,-1.4142795,0.15108216,1750,1748,train
1935,-1.565391,-1.4047887,0.16060221,1750,1748,train
1936,-1.56542,-1.3938415,0.17157853,1750,1748,train
1937,-1.5654488,-1.4025633,0.16288543,1750,1748,train
1938,-1.5654773,-1.4185212,0.14695609,1750,1748,train
1939,-1.5655054,-1.3984027,0.1671027,1750,1748,train
1940,-1.5655332,-1.4050614,0.1604718,1750,1748,train
1941,-1.5655608,-1.407258,0.15830278,1750,1748,train
1942,-1.565588,-1.3963724,0.16921556,1750,1748,train
1943,-1.565615,-1.3958766,0.16973841,1750,1748,train
1944,-1.5656418,-1.4018649,0.16377687,1750,1748,train
1945,-1.5656682,-1.3963782,0.16929007,1750,1748,train
1946,-1.5656943,-1.4154835,0.15021086,1750,1748,train
1947,-1.5657202,-1.4171796,0.14854062,1750,1748,train
1948,-1.5657458,-1.4042096,0.16153622,1750,1748,train
1949,-1.5657712,-1.4127023,0.1530689,1750,1748,train
1950,-1.5657964,-1.4170077,0.14878869,1750,1748,train
1951,-1.5658213,-1.4220674,0.14375389,1750,1748,train
1952,-1.5658458,-1.4166415,0.14920437,1750,1748,train
1953,-1.5658703,-1.4416952,0.12417507,1750,1748,train
1954,-1.5658944,-1.4322432,0.13365114,1750,1748,train
1955,-1.5659183,-1.4306133,0.13530505,1750,1748,train
1956,-1.565942,-1.4053516,0.16059041,1750,1748,train
1957,-1.5659654,-1.4269261,0.13903928,1750,1748,train
1958,-1.5659887,-1.4365163,0.12947237,1750,1748,train
1959,-1.5660117,-1.4273596,0.13865209,1750,1748,train
1960,-1.5660344,-1.4319363,0.13409817,1750,1748,train
1961,-1.566057,-1.4397845,0.12627244,1750,1748,train
1962,-1.5660794,-1.4149662,0.15111315,1750,1748,train
1963,-1.5661016,-1.4441488,0.12195277,1750,1748,train
1964,-1.5661235,-1.4202645,0.145859,1750,1748,train
1965,-1.5661452,-1.4255296,0.14061558,1750,1748,train
1966,-1.5661668,-1.432209,0.13395774,1750,1748,train
1967,-1.5661881,-1.4254267,0.14076138,1750,1748,train
1968,-1.5662092,-1.4311428,0.13506639,1750,1748,train
1969,-1.5662302,-1.4280705,0.13815963,1750,1748,train
1970,-1.5662509,-1.4287889,0.13746202,1750,1748,train
1971,-1.5662714,-1.4375205,0.12875092,1750,1748,train
1972,-1.5662918,-1.442358,0.12393379,1750,1748,train
1973,-1.5663121,-1.4249158,0.14139628,1750,1748,train
1974,-1.5663321,-1.4373754,0.12895668,1750,1748,train
1975,-1.5663519,-1.4395785,0.12677336,1750,1748,train
1976,-1.5663716,-1.4374102,0.12896132,1750,1748,train
1977,-1.5663911,-1.446327,0.12006414,1750,1748,train
1978,-1.5664104,-1.4310312,0.1353792,1750,1748,train
1979,-1.5664295,-1.423521,0.14290845,1750,1748,train
1980,-1.5664486,-1.4154286,0.15101993,1750,1748,train
1981,-1.5664674,-1.4396051,0.12686229,1750,1748,train
1982,-1.566486,-1.4317313,0.13475466,1750,1748,train
1983,-1.5665045,-1.4452775,0.121227026,1750,1748,train
1984,-1.5665228,-1.4290259,0.13749695,1750,1748,train
1985,-1.5665411,-1.459048,0.10749304,1750,1748,train
1986,-1.5665591,-1.4209023,0.14565682,1750,1748,train
1987,-1.566577,-1.4594189,0.107158065,1750,1748,train
1988,-1.5665947,-1.4458939,0.120700836,1750,1748,train
1989,-1.5666122,-1.4349833,0.13162899,1750,1748,train
1990,-1.5666296,-1.4361887,0.13044095,1750,1748,train
1991,-1.5666469,-1.4323807,0.13426626,1750,1748,train
1992,-1.5666641,-1.4529322,0.11373186,1750,1748,train
1993,-1.5666811,-1.4582205,0.108460665,1750,1748,train
1994,-1.566698,-1.4562149,0.11048305,1750,1748,train
1995,-1.5667148,-1.4418904,0.124824405,1750,1748,train
1996,-1.5667313,-1.4515002,0.11523116,1750,1748,train
1997,-1.5667478,-1.4620192,0.10472858,1750,1748,train
1998,-1.5667641,-1.4291604,0.13760376,1750,1748,train
1999,-1.5667803,-1.4592218,0.10755849,1750,1748,train
2000,-1.5667963,-1.4623338,0.104462504,1750,1748,train
2001,-1.5668123,-1.4626265,0.10418582,1750,1748,train
2002,-1.5668281,-1.4591651,0.107663035,1750,1748,train
2003,-1.5668437,-1.433751,0.13309276,1750,1748,train
2004,-1.5668594,-1.4623019,0.104557514,1750,1748,train
2005,-1.5668747,-1.4668765,0.099998236,1750,1748,train
2006,-1.5668901,-1.4683414,0.09854877,1750,1748,train
2007,-1.5669053,-1.4446299,0.12227535,1750,1748,train
2008,-1.5669204,-1.4545155,0.11240494,1750,1748,train
2009,-1.5669353,-1.4530522,0.11388314,1750,1748,train
2010,-1.5669502,-1.4610652,0.10588503,1750,1748,train
2011,-1.566965,-1.4554663,0.11149871,1750,1748,train
2012,-1.5669795,-1.4618734,0.105106115,1750,1748,train
2013,-1.5669941,-1.4459374,0.121056676,1750,1748,train
2014,-1.5670085,-1.4480515,0.11895704,1750,1748,train
2015,-1.5670228,-1.4763277,0.09069514,1750,1748,train
2016,-1.567037,-1.47743,0.089607,1750,1748,train
2017,-1.567051,-1.4490628,0.11798823,1750,1748,train
2018,-1.567065,-1.4609456,0.106119394,1750,1748,train
2019,-1.5670788,-1.4648721,0.10220671,1750,1748,train
2020,-1.5670927,-1.4582638,0.1088289,1750,1748,train
2021,-1.5671064,-1.4823072,0.08479917,1750,1748,train
2022,-1.5671198,-1.4891601,0.077959776,1750,1748,train
2023,-1.5671333,-1.4762005,0.090932846,1750,1748,train
2024,-1.5671467,-1.4631927,0.10395396,1750,1748,train
2025,-1.56716,-1.4624016,0.10475838,1750,1748,train
2026,-1.5671731,-1.4827336,0.084439516,1750,1748,train
2027,-1.5671862,-1.4969221,0.0702641,1750,1748,train
2028,-1.5671992,-1.4948807,0.072318554,1750,1748,train
2029,-1.5672121,-1.4869659,0.08024621,1750,1748,train
2030,-1.5672249,-1.5032375,0.063987374,1750,1748,train
2031,-1.5672376,-1.4642172,0.10302043,1750,1748,train
2032,-1.5672503,-1.4501894,0.1170609,1750,1748,train
2033,-1.5672628,-1.4917309,0.07553184,1750,1748,train
2034,-1.5672752,-1.4857554,0.08151972,1750,1748,train
2035,-1.5672876,-1.5011749,0.06611264,1750,1748,train
2036,-1.5672998,-1.4638623,0.10343754,1750,1748,train
2037,-1.567312,-1.5136056,0.053706408,1750,1748,train
2038,-1.5673242,-1.4976077,0.06971645,1750,1748,train
2039,-1.5673361,-1.4997761,0.06755996,1750,1748,train
2040,-1.5673481,-1.4854889,0.08185923,1750,1748,train
2041,-1.5673599,-1.4922123,0.07514763,1750,1748,train
2042,-1.5673717,-1.4543445,0.113027215,1750,1748,train
2043,-1.5673834,-1.4742937,0.0930897,1750,1748,train
2044,-1.567395,-1.5008855,0.066509485,1750,1748,train
2045,-1.5674065,-1.5108175,0.056589007,1750,1748,train
2046,-1.567418,-1.485867,0.081550956,1750,1748,train
2047,-1.5674293,-1.4866283,0.08080101,1750,1748,train
2048,-1.5674406,-1.5014737,0.065966964,1750,1748,train
2049,-1.5674518,-1.5299897,0.037462115,1750,1748,train
2050,-1.567463,-1.5009613,0.06650174,1750,1748,train
2051,-1.5674741,-1.5045567,0.06291747,1750,1748,train
2052,-1.5674851,-1.5153887,0.052096367,1750,1748,train
2053,-1.5674961,-1.4803679,0.08712816,1750,1748,train
2054,-1.5675069,-1.4849697,0.082537174,1750,1748,train
2055,-1.5675176,-1.4957113,0.07180631,1750,1748,train
2056,-1.5675284,-1.5187279,0.04880047,1750,1748,train
2057,-1.567539,-1.5272475,0.04029143,1750,1748,train
2058,-1.5675496,-1.5149704,0.052579165,1750,1748,train
2059,-1.5675601,-1.5444677,0.02309239,1750,1748,train
2060,-1.5675706,-1.5407077,0.02686286,1750,1748,train
2061,-1.5675809,-1.5395477,0.028033257,1750,1748,train
2062,-1.5675912,-1.5138824,0.05370879,1750,1748,train
2063,-1.5676014,-1.5113524,0.056249022,1750,1748,train
2064,-1.5676116,-1.512996,0.054615617,1750,1748,train
2065,-1.5676217,-1.5150219,0.052599788,1750,1748,train
2066,-1.5676317,-1.5115738,0.05605793,1750,1748,train
2067,-1.5676417,-1.499835,0.06780672,1750,1748,train
2068,-1.5676516,-1.5115762,0.056075454,1750,1748,train
2069,-1.5676615,-1.4968343,0.070827246,1750,1748,train
2070,-1.5676713,-1.526618,0.041053295,1750,1748,train
2071,-1.5676811,-1.5294824,0.03819871,1750,1748,train
2072,-1.5676907,-1.4958832,0.0718075,1750,1748,train
2073,-1.5677004,-1.4979486,0.06975174,1750,1748,train
2074,-1.5677099,-1.5300661,0.03764379,1750,1748,train
2075,-1.5677195,-1.5173159,0.050403595,1750,1748,train
2076,-1.5677289,-1.5056205,0.062108397,1750,1748,train
2077,-1.5677382,-1.5222614,0.045476794,1750,1748,train
2078,-1.5677476,-1.5281806,0.039566994,1750,1748,train
2079,-1.5677568,-1.5173652,0.050391555,1750,1748,train
2080,-1.5677661,-1.5199187,0.04784739,1750,1748,train
2081,-1.5677751,-1.5357418,0.032033324,1750,1748,train
2082,-1.5677843,-1.5743777,-0.0065933466,1750,1748,train
2083,-1.5677934,-1.538429,0.029364347,1750,1748,train
2084,-1.5678023,-1.5438828,0.023919463,1750,1748,train
2085,-1.5678113,-1.5370884,0.030722857,1750,1748,train
2086,-1.5678202,-1.5417063,0.026113868,1750,1748,train
2087,-1.567829,-1.5577655,0.010063529,1750,1748,train
2088,-1.5678377,-1.5577943,0.010043383,1750,1748,train
2089,-1.5678465,-1.5610042,0.006842375,1750,1748,train
2090,-1.5678551,-1.5261055,0.041749597,1750,1748,train
2091,-1.5678638,-1.5335166,0.034347177,1750,1748,train
2092,-1.5678724,-1.5571486,0.010723829,1750,1748,train
2093,-1.5678809,-1.5648227,0.003058195,1750,1748,train
2094,-1.5678893,-1.5497472,0.018142104,1750,1748,train
2095,-1.5678978,-1.5359864,0.031911373,1750,1748,train
2096,-1.5679061,-1.5464072,0.021498919,1750,1748,train
2097,-1.5679145,-1.5484581,0.019456387,1750,1748,train
2098,-1.5679228,-1.5502689,0.017653942,1750,1748,train
2099,-1.567931,-1.5570954,0.010835648,1750,1748,train
2100,-1.5679392,-1.5711884,-0.0032492876,1750,1748,train
2101,-1.5679474,-1.5784101,-0.010462761,1750,1748,train
2102,-1.5679554,-1.5802605,-0.0123051405,1750,1748,train
2103,-1.5679635,-1.559752,0.0082114935,1750,1748,train
2104,-1.5679715,-1.5401249,0.027846575,1750,1748,train
2105,-1.5679795,-1.5392756,0.028703809,1750,1748,train
2106,-1.5679873,-1.5511694,0.016817927,1750,1748,train
2107,-1.5679952,-1.5435486,0.024446607,1750,1748,train
2108,-1.568003,-1.5526513,0.015351772,1750,1748,train
2109,-1.5680108,-1.5403824,0.027628422,1750,1748,train
2110,-1.5680186,-1.5503578,0.017660737,1750,1748,train
2111,-1.5680263,-1.549572,0.018454313,1750,1748,train
2112,-1.5680339,-1.5740457,-0.0060117245,1750,1748,train
2113,-1.5680416,-1.5530441,0.014997482,1750,1748,train
2114,-1.5680491,-1.5563351,0.011713982,1750,1748,train
2115,-1.5680566,-1.5963068,-0.028250217,1750,1748,train
2116,-1.5680641,-1.5882025,-0.020138383,1750,1748,train
2117,-1.5680715,-1.5426064,0.02546513,1750,1748,train
2118,-1.568079,-1.551899,0.016180038,1750,1748,train
2119,-1.5680863,-1.5692823,-0.0011960268,1750,1748,train
2120,-1.5680937,-1.6096878,-0.041594148,1750,1748,train
2121,-1.5681009,-1.5728084,-0.0047074556,1750,1748,train
2122,-1.5681082,-1.5763164,-0.008208156,1750,1748,train
2123,-1.5681154,-1.5677605,0.00035488605,1750,1748,train
2124,-1.5681225,-1.5486614,0.019461155,1750,1748,train
2125,-1.5681297,-1.5613172,0.0068124533,1750,1748,train
2126,-1.5681368,-1.5992477,-0.031110883,1750,1748,train
2127,-1.5681438,-1.6018531,-0.033709288,1750,1748,train
2128,-1.5681509,-1.5623167,0.005834222,1750,1748,train
2129,-1.5681578,-1.5551734,0.012984395,1750,1748,train
2130,-1.5681647,-1.607921,-0.039756298,1750,1748,train
2131,-1.5681716,-1.6185704,-0.050398827,1750,1748,train
2132,-1.5681785,-1.5839309,-0.015752316,1750,1748,train
2133,-1.5681853,-1.5850916,-0.016906261,1750,1748,train
2134,-1.5681921,-1.5946894,-0.026497245,1750,1748,train
2135,-1.5681989,-1.5902199,-0.022020936,1750,1748,train
2136,-1.5682057,-1.5996208,-0.031415105,1750,1748,train
2137,-1.5682124,-1.5995803,-0.031367898,1750,1748,train
2138,-1.5682191,-1.613272,-0.045052886,1750,1748,train
2139,-1.5682256,-1.5649718,0.0032538176,1750,1748,train
2140,-1.5682322,-1.6170512,-0.048819065,1750,1748,train
2141,-1.5682387,-1.6291814,-0.06094265,1750,1748,train
2142,-1.5682453,-1.6313674,-0.06312215,1750,1748,train
2143,-1.5682518,-1.6325641,-0.06431222,1750,1748,train
2144,-1.5682583,-1.6444986,-0.0762403,1750,1748,train
2145,-1.5682647,-1.6164758,-0.048211098,1750,1748,train
2146,-1.568271,-1.6112584,-0.042987347,1750,1748,train
2147,-1.5682775,-1.6238875,-0.05561006,1750,1748,train
2148,-1.5682838,-1.6293213,-0.06103754,1750,1748,train
2149,-1.5682901,-1.6385846,-0.0702945,1750,1748,train
2150,-1.5682963,-1.5963979,-0.028101563,1750,1748,train
2151,-1.5683025,-1.6434897,-0.075187206,1750,1748,train
2152,-1.5683087,-1.6466694,-0.07836068,1750,1748,train
2153,-1.5683149,-1.6660639,-0.097748995,1750,1748,train
2154,-1.5683211,-1.618273,-0.04995191,1750,1748,train
2155,-1.5683272,-1.6383595,-0.07003236,1750,1748,train
2156,-1.5683333,-1.6288946,-0.0605613,1750,1748,train
2157,-1.5683393,-1.6236784,-0.055339098,1750,1748,train
2158,-1.5683453,-1.6838784,-0.11553311,1750,1748,train
2159,-1.5683514,-1.6286676,-0.060316205,1750,1748,train
2160,-1.5683573,-1.6478193,-0.07946193,1750,1748,train
2161,-1.5683632,-1.6476011,-0.07923794,1750,1748,train
2162,-1.5683692,-1.6499054,-0.08153629,1750,1748,train
2163,-1.568375,-1.6602671,-0.09189212,1750,1748,train
2164,-1.5683808,-1.65534,-0.08695912,1750,1748,train
2165,-1.5683867,-1.6591899,-0.090803266,1750,1748,train
2166,-1.5683925,-1.6133871,-0.044994593,1750,1748,train
2167,-1.5683982,-1.6179799,-0.049581647,1750,1748,train
2168,-1.568404,-1.6682289,-0.099824905,1750,1748,train
2169,-1.5684097,-1.6729702,-0.104560494,1750,1748,train
2170,-1.5684154,-1.628443,-0.0600276,1750,1748,train
2171,-1.568421,-1.6428337,-0.0744127,1750,1748,train
2172,-1.5684266,-1.6742054,-0.10577881,1750,1748,train
2173,-1.5684322,-1.6263413,-0.05790913,1750,1748,train
2174,-1.5684378,-1.6824286,-0.11399078,1750,1748,train
2175,-1.5684434,-1.665673,-0.0972296,1750,1748,train
2176,-1.5684489,-1.673702,-0.1052531,1750,1748,train
2177,-1.5684544,-1.6712627,-0.10280836,1750,1748,train
2178,-1.5684599,-1.6504507,-0.08199084,1750,1748,train
2179,-1.5684654,-1.7072277,-0.13876235,1750,1748,train
2180,-1.5684707,-1.7043717,-0.13590097,1750,1748,train
2181,-1.5684762,-1.6555154,-0.08703923,1750,1748,train
2182,-1.5684816,-1.7065341,-0.13805258,1750,1748,train
2183,-1.5684868,-1.6374731,-0.0689863,1750,1748,train
2184,-1.5684922,-1.6518846,-0.08339238,1750,1748,train
2185,-1.5684975,-1.6648865,-0.096388936,1750,1748,train
2186,-1.5685028,-1.6445936,-0.07609081,1750,1748,train
2187,-1.568508,-1.6513519,-0.0828439,1750,1748,train
2188,-1.5685133,-1.6896318,-0.121118546,1750,1748,train
2189,-1.5685184,-1.6841937,-0.11567533,1750,1748,train
2190,-1.5685236,-1.7008891,-0.13236547,1750,1748,train
2191,-1.5685288,-1.6531005,-0.08457172,1750,1748,train
2192,-1.5685339,-1.673104,-0.10457015,1750,1748,train
2193,-1.568539,-1.7112682,-0.14272916,1750,1748,train
2194,-1.568544,-1.6856823,-0.11713827,1750,1748,train
2195,-1.5685492,-1.6873511,-0.11880195,1750,1748,train
2196,-1.5685542,-1.6479068,-0.07935262,1750,1748,train
2197,-1.5685592,-1.6580782,-0.089519024,1750,1748,train
2198,-1.5685642,-1.7124705,-0.14390635,1750,1748,train
2199,-1.5685692,-1.6589389,-0.0903697,1750,1748,train
2200,-1.5685741,-1.6498652,-0.08129108,1750,1748,train
2201,-1.5685791,-1.6510998,-0.08252072,1750,1748,train
2202,-1.568584,-1.7129956,-0.14441168,1750,1748,train
2203,-1.5685889,-1.6568981,-0.08830929,1750,1748,train
2204,-1.5685937,-1.688216,-0.11962223,1750,1748,train
2205,-1.5685985,-1.6852255,-0.11662698,1750,1748,train
2206,-1.5686034,-1.6387272,-0.07012379,1750,1748,train
2207,-1.5686082,-1.6451582,-0.07655001,1750,1748,train
2208,-1.5686129,-1.7091732,-0.14056027,1750,1748,train
2209,-1.5686177,-1.732982,-0.16436434,1750,1748,train
2210,-1.5686225,-1.6990347,-0.13041222,1750,1748,train
2211,-1.5686271,-1.6841741,-0.11554694,1750,1748,train
2212,-1.5686319,-1.6903256,-0.12169373,1750,1748,train
2213,-1.5686365,-1.6942786,-0.12564206,1750,1748,train
2214,-1.5686412,-1.682945,-0.11430383,1750,1748,train
2215,-1.5686458,-1.6865886,-0.11794281,1750,1748,train
2216,-1.5686504,-1.6693754,-0.100725055,1750,1748,train
2217,-1.568655,-1.6692622,-0.10060716,1750,1748,train
2218,-1.5686595,-1.6971774,-0.12851787,1750,1748,train
2219,-1.5686642,-1.7005831,-0.1319189,1750,1748,train
2220,-1.5686687,-1.6688417,-0.100173,1750,1748,train
2221,-1.5686731,-1.7045001,-0.13582695,1750,1748,train
2222,-1.5686777,-1.7177142,-0.14903653,1750,1748,train
2223,-1.5686822,-1.6881026,-0.11942041,1750,1748,train
2224,-1.5686866,-1.7091916,-0.14050496,1750,1748,train
2225,-1.568691,-1.6715944,-0.102903366,1750,1748,train
2226,-1.5686955,-1.734935,-0.1662395,1750,1748,train
