cycle_index,true_kpd,pred_kpd,kpd_error,true_knee_cycle,pred_knee_cycle,split
0,1.5701296,1.5018314,-0.06829822,1500,1485,train
1,1.5701292,1.4819444,-0.088184714,1500,1485,train
2,1.5701288,1.4669222,-0.103206635,1500,1485,train
3,1.5701283,1.4717917,-0.09833658,1500,1485,train
4,1.5701278,1.4650272,-0.10510063,1500,1485,train
5,1.5701275,1.4600035,-0.11012399,1500,1485,train
6,1.570127,1.4536564,-0.116470575,1500,1485,train
7,1.5701265,1.4567014,-0.113425136,1500,1485,train
8,1.570126,1.5672935,-0.002832532,1500,1485,train
9,1.5701256,1.5590503,-0.011075258,1500,1485,train
10,1.5701252,1.5427521,-0.027373075,1500,1485,train
11,1.5701247,1.545273,-0.024851799,1500,1485,train
12,1.5701243,1.5742737,0.004149437,1500,1485,train
13,1.5701238,1.580256,0.010132194,1500,1485,train
14,1.5701234,1.5689217,-0.0012017488,1500,1485,train
15,1.570123,1.5861996,0.016076684,1500,1485,train
16,1.5701225,1.4574522,-0.1126703,1500,1485,train
17,1.570122,1.4714199,-0.09870207,1500,1485,train
18,1.5701215,1.4808381,-0.08928347,1500,1485,train
19,1.570121,1.4759767,-0.094144344,1500,1485,train
20,1.5701207,1.4717615,-0.09835923,1500,1485,train
21,1.5701202,1.4581119,-0.11200833,1500,1485,train
22,1.5701197,1.4750767,-0.09504306,1500,1485,train
23,1.5701193,1.4605982,-0.10952103,1500,1485,train
24,1.5701188,1.539726,-0.030392766,1500,1485,train
25,1.5701183,1.5363965,-0.033721805,1500,1485,train
26,1.570118,1.524936,-0.04518199,1500,1485,train
27,1.5701175,1.5374299,-0.032687545,1500,1485,train
28,1.570117,1.5316122,-0.03850484,1500,1485,train
29,1.5701165,1.5391408,-0.0309757,1500,1485,train
30,1.570116,1.5331129,-0.03700316,1500,1485,train
31,1.5701156,1.5311996,-0.03891599,1500,1485,train
32,1.5701151,1.5213478,-0.04876733,1500,1485,train
33,1.5701146,1.5154785,-0.05463612,1500,1485,train
34,1.5701143,1.5104339,-0.059680343,1500,1485,train
35,1.5701138,1.5113672,-0.058746576,1500,1485,train
36,1.5701133,1.515461,-0.054652333,1500,1485,train
37,1.5701128,1.5159638,-0.05414903,1500,1485,train
38,1.5701123,1.5009067,-0.06920564,1500,1485,train
39,1.5701119,1.5219481,-0.04816377,1500,1485,train
40,1.5701114,1.5118397,-0.058271646,1500,1485,train
41,1.5701109,1.4986064,-0.07150447,1500,1485,train
42,1.5701104,1.5168421,-0.053268313,1500,1485,train
43,1.57011,1.5152957,-0.05481422,1500,1485,train
44,1.5701095,1.4973762,-0.07273328,1500,1485,train
45,1.570109,1.505304,-0.06480503,1500,1485,train
46,1.5701085,1.5144845,-0.05562401,1500,1485,train
47,1.570108,1.5067873,-0.063320756,1500,1485,train
48,1.5701076,1.4970086,-0.07309902,1500,1485,train
49,1.5701071,1.5029755,-0.06713164,1500,1485,train
50,1.5701066,1.497382,-0.07272458,1500,1485,train
51,1.5701061,1.4886338,-0.0814724,1500,1485,train
52,1.5701057,1.489183,-0.08092272,1500,1485,train
53,1.5701052,1.5071708,-0.0629344,1500,1485,train
54,1.5701047,1.4968885,-0.0732162,1500,1485,train
55,1.5701042,1.4956858,-0.074418426,1500,1485,train
56,1.5701038,1.4592422,-0.11086154,1500,1485,train
57,1.5701033,1.450088,-0.12001526,1500,1485,train
58,1.5701028,1.4564557,-0.1136471,1500,1485,train
59,1.5701023,1.4675181,-0.10258424,1500,1485,train
60,1.5701019,1.4526488,-0.1174531,1500,1485,train
61,1.5701014,1.4431846,-0.12691677,1500,1485,train
62,1.5701009,1.466207,-0.103893876,1500,1485,train
63,1.5701004,1.4602576,-0.10984278,1500,1485,train
64,1.5701,1.4860315,-0.08406842,1500,1485,train
65,1.5700995,1.4723217,-0.097777724,1500,1485,train
66,1.570099,1.4623618,-0.10773718,1500,1485,train
67,1.5700985,1.473495,-0.09660351,1500,1485,train
68,1.570098,1.4782221,-0.09187591,1500,1485,train
69,1.5700976,1.4882766,-0.081820965,1500,1485,train
70,1.570097,1.4766626,-0.093434334,1500,1485,train
71,1.5700965,1.4737513,-0.096345186,1500,1485,train
72,1.570096,1.4654033,-0.1046927,1500,1485,train
73,1.5700955,1.4771156,-0.09297991,1500,1485,train
74,1.5700951,1.467971,-0.102124095,1500,1485,train
75,1.5700946,1.4654834,-0.10461116,1500,1485,train
76,1.5700941,1.4652495,-0.10484457,1500,1485,train
77,1.5700936,1.4722992,-0.09779441,1500,1485,train
78,1.570093,1.4587551,-0.1113379,1500,1485,train
79,1.5700926,1.4639122,-0.10618031,1500,1485,train
80,1.5700921,1.4640986,-0.10599351,1500,1485,train
81,1.5700916,1.4618084,-0.10828316,1500,1485,train
82,1.5700911,1.4665682,-0.1035229,1500,1485,train
83,1.5700907,1.4782697,-0.091820955,1500,1485,train
84,1.57009,1.4476672,-0.122422814,1500,1485,train
85,1.5700896,1.4603587,-0.10973084,1500,1485,train
86,1.5700891,1.4681556,-0.10193348,1500,1485,train
87,1.5700886,1.4643819,-0.10570669,1500,1485,train
88,1.5700881,1.467223,-0.1028651,1500,1485,train
89,1.5700876,1.4656569,-0.104430676,1500,1485,train
90,1.5700871,1.4554719,-0.1146152,1500,1485,train
91,1.5700866,1.4500282,-0.12005842,1500,1485,train
92,1.5700861,1.4697597,-0.10032642,1500,1485,train
93,1.5700856,1.4553965,-0.11468911,1500,1485,train
94,1.570085,1.4559947,-0.11409032,1500,1485,train
95,1.5700846,1.4748454,-0.09523916,1500,1485,train
96,1.5700841,1.4590569,-0.11102724,1500,1485,train
97,1.5700836,1.4429317,-0.12715197,1500,1485,train
98,1.570083,1.4451603,-0.12492275,1500,1485,train
99,1.5700825,1.4461362,-0.12394631,1500,1485,train
100,1.5700821,1.4459132,-0.12416887,1500,1485,train
101,1.5700815,1.4366992,-0.13338232,1500,1485,train
102,1.570081,1.4421899,-0.12789106,1500,1485,train
103,1.5700805,1.4227113,-0.14736927,1500,1485,train
104,1.57008,1.4587777,-0.111302376,1500,1485,train
105,1.5700794,1.4649425,-0.10513699,1500,1485,train
106,1.570079,1.448977,-0.121101975,1500,1485,train
107,1.5700785,1.4507775,-0.11930096,1500,1485,train
108,1.5700779,1.4569128,-0.11316514,1500,1485,train
109,1.5700774,1.4588351,-0.111242294,1500,1485,train
110,1.570077,1.4512421,-0.11883485,1500,1485,train
111,1.5700763,1.446722,-0.123354316,1500,1485,train
112,1.5700759,1.4935161,-0.07655978,1500,1485,train
113,1.5700754,1.4743018,-0.09577358,1500,1485,train
114,1.5700748,1.4747163,-0.09535849,1500,1485,train
115,1.5700743,1.4753149,-0.094759464,1500,1485,train
116,1.5700738,1.4688096,-0.10126424,1500,1485,train
117,1.5700732,1.4737507,-0.09632254,1500,1485,train
118,1.5700728,1.4580153,-0.11205745,1500,1485,train
119,1.5700722,1.4804318,-0.08964038,1500,1485,train
120,1.5700717,1.4750321,-0.095039606,1500,1485,train
121,1.5700712,1.4780259,-0.09204531,1500,1485,train
122,1.5700706,1.4703918,-0.099678874,1500,1485,train
123,1.5700701,1.4740973,-0.095972896,1500,1485,train
124,1.5700696,1.4780204,-0.09204912,1500,1485,train
125,1.5700691,1.4731246,-0.09694445,1500,1485,train
126,1.5700685,1.4895546,-0.080513835,1500,1485,train
127,1.570068,1.4802704,-0.089797616,1500,1485,train
128,1.5700674,1.4703441,-0.09972334,1500,1485,train
129,1.5700669,1.4847155,-0.08535147,1500,1485,train
130,1.5700665,1.4704759,-0.09959054,1500,1485,train
131,1.5700659,1.4773327,-0.092733145,1500,1485,train
132,1.5700654,1.4562709,-0.113794446,1500,1485,train
133,1.5700648,1.4673281,-0.10273671,1500,1485,train
134,1.5700643,1.4781103,-0.09195399,1500,1485,train
135,1.5700637,1.4681425,-0.1019212,1500,1485,train
136,1.5700632,1.4609197,-0.109143496,1500,1485,train
137,1.5700626,1.449806,-0.12025666,1500,1485,train
138,1.5700622,1.465025,-0.10503721,1500,1485,train
139,1.5700616,1.449935,-0.120126605,1500,1485,train
140,1.5700611,1.4745853,-0.09547579,1500,1485,train
141,1.5700605,1.4555354,-0.11452508,1500,1485,train
142,1.5700599,1.4716454,-0.09841454,1500,1485,train
143,1.5700594,1.4700058,-0.10005367,1500,1485,train
144,1.5700588,1.472904,-0.097154856,1500,1485,train
145,1.5700583,1.4704788,-0.09957957,1500,1485,train
146,1.5700577,1.4726751,-0.097382665,1500,1485,train
147,1.5700573,1.4586028,-0.11145449,1500,1485,train
148,1.5700567,1.4498537,-0.12020302,1500,1485,train
149,1.5700561,1.4504545,-0.11960161,1500,1485,train
150,1.5700556,1.4534118,-0.11664379,1500,1485,train
151,1.570055,1.4693179,-0.100737095,1500,1485,train
152,1.5700545,1.455611,-0.11444354,1500,1485,train
153,1.5700539,1.4532183,-0.116835594,1500,1485,train
154,1.5700533,1.4644238,-0.10562956,1500,1485,train
155,1.5700529,1.4497905,-0.120262384,1500,1485,train
156,1.5700523,1.458174,-0.111878276,1500,1485,train
157,1.5700517,1.4571655,-0.11288619,1500,1485,train
158,1.5700512,1.4446203,-0.12543094,1500,1485,train
159,1.5700506,1.4477987,-0.12225187,1500,1485,train
160,1.57005,1.4537051,-0.11634493,1500,1485,train
161,1.5700495,1.4548059,-0.11524367,1500,1485,train
162,1.5700489,1.4581985,-0.11185038,1500,1485,train
163,1.5700483,1.4586103,-0.111438036,1500,1485,train
164,1.5700479,1.4555682,-0.11447966,1500,1485,train
165,1.5700473,1.4470948,-0.12295246,1500,1485,train
166,1.5700467,1.4440197,-0.12602699,1500,1485,train
167,1.5700462,1.4547561,-0.115290046,1500,1485,train
168,1.5700456,1.4794718,-0.09057379,1500,1485,train
169,1.570045,1.4799407,-0.09010434,1500,1485,train
170,1.5700444,1.4667714,-0.103273034,1500,1485,train
171,1.5700439,1.4585528,-0.111491084,1500,1485,train
172,1.5700433,1.4625846,-0.10745871,1500,1485,train
173,1.5700427,1.4707592,-0.099283576,1500,1485,train
174,1.5700421,1.4834836,-0.08655858,1500,1485,train
175,1.5700417,1.4708526,-0.09918904,1500,1485,train
176,1.5700411,1.4685857,-0.10145533,1500,1485,train
177,1.5700405,1.47947,-0.09057045,1500,1485,train
178,1.5700399,1.4778571,-0.092182755,1500,1485,train
179,1.5700393,1.4797741,-0.090265155,1500,1485,train
180,1.5700388,1.4714769,-0.09856188,1500,1485,train
181,1.5700382,1.5004288,-0.0696094,1500,1485,train
182,1.5700376,1.4931033,-0.07693434,1500,1485,train
183,1.570037,1.4957949,-0.074242115,1500,1485,train
184,1.5700364,1.5025687,-0.06746769,1500,1485,train
185,1.5700358,1.5164585,-0.053577304,1500,1485,train
186,1.5700353,1.5035051,-0.06653023,1500,1485,train
187,1.5700347,1.5082208,-0.06181395,1500,1485,train
188,1.5700341,1.5215558,-0.048478365,1500,1485,train
189,1.5700336,1.501943,-0.06809056,1500,1485,train
190,1.570033,1.494888,-0.075145006,1500,1485,train
191,1.5700324,1.5059961,-0.06403625,1500,1485,train
192,1.5700318,1.5008368,-0.06919491,1500,1485,train
193,1.5700312,1.5076493,-0.062381864,1500,1485,train
194,1.5700307,1.5092108,-0.060819864,1500,1485,train
195,1.5700301,1.4877983,-0.08223176,1500,1485,train
196,1.5700295,1.487151,-0.08287847,1500,1485,train
197,1.5700289,1.5028354,-0.06719351,1500,1485,train
198,1.5700283,1.5045052,-0.06552315,1500,1485,train
199,1.5700277,1.4945713,-0.07545638,1500,1485,train
200,1.5700271,1.5144897,-0.055537462,1500,1485,train
201,1.5700265,1.5126504,-0.057376146,1500,1485,train
202,1.5700259,1.5164999,-0.053526044,1500,1485,train
203,1.5700253,1.5170274,-0.052997947,1500,1485,train
204,1.5700247,1.5228281,-0.047196627,1500,1485,train
205,1.5700241,1.537825,-0.032199144,1500,1485,train
206,1.5700235,1.5153571,-0.0546664,1500,1485,train
207,1.570023,1.5186856,-0.05133736,1500,1485,train
208,1.5700223,1.4972979,-0.07272446,1500,1485,train
209,1.5700217,1.4992137,-0.07080805,1500,1485,train
210,1.5700212,1.4951053,-0.074915886,1500,1485,train
211,1.5700206,1.488104,-0.08191657,1500,1485,train
212,1.57002,1.5059277,-0.06409228,1500,1485,train
213,1.5700194,1.5047939,-0.06522548,1500,1485,train
214,1.5700188,1.4913973,-0.07862151,1500,1485,train
215,1.5700182,1.4804282,-0.08958995,1500,1485,train
216,1.5700175,1.4875621,-0.0824554,1500,1485,train
217,1.5700169,1.4857814,-0.08423543,1500,1485,train
218,1.5700163,1.5020709,-0.06794536,1500,1485,train
219,1.5700157,1.488239,-0.08177662,1500,1485,train
220,1.5700151,1.5042242,-0.06579089,1500,1485,train
221,1.5700145,1.5134954,-0.05651903,1500,1485,train
222,1.5700139,1.4966526,-0.07336128,1500,1485,train
223,1.5700133,1.4870464,-0.08296692,1500,1485,train
224,1.5700126,1.5056875,-0.064325094,1500,1485,train
225,1.570012,1.5047712,-0.06524074,1500,1485,train
226,1.5700114,1.4958453,-0.07416606,1500,1485,train
227,1.5700108,1.5115488,-0.058462024,1500,1485,train
228,1.5700102,1.507701,-0.062309146,1500,1485,train
229,1.5700096,1.5049942,-0.065015435,1500,1485,train
230,1.5700089,1.5070426,-0.06296623,1500,1485,train
231,1.5700083,1.5154214,-0.054586887,1500,1485,train
232,1.5700077,1.5136405,-0.05636716,1500,1485,train
233,1.5700071,1.5016038,-0.068403244,1500,1485,train
234,1.5700065,1.5003626,-0.069643855,1500,1485,train
235,1.5700058,1.4968429,-0.07316291,1500,1485,train
236,1.5700052,1.5152717,-0.054733515,1500,1485,train
237,1.5700046,1.5273252,-0.04267943,1500,1485,train
238,1.570004,1.5162983,-0.053705692,1500,1485,train
239,1.5700033,1.5163367,-0.05366659,1500,1485,train
240,1.5700027,1.5303283,-0.0396744,1500,1485,train
241,1.5700021,1.4995228,-0.070479274,1500,1485,train
242,1.5700014,1.5164399,-0.05356145,1500,1485,train
243,1.5700008,1.51597,-0.054030776,1500,1485,train
244,1.5700002,1.4943485,-0.075651646,1500,1485,train
245,1.5699995,1.5196071,-0.05039239,1500,1485,train
246,1.5699989,1.5149912,-0.055007696,1500,1485,train
247,1.5699983,1.5117618,-0.05823648,1500,1485,train
248,1.5699975,1.5065699,-0.06342769,1500,1485,train
249,1.569997,1.5037391,-0.066257834,1500,1485,train
250,1.5699964,1.4906588,-0.0793376,1500,1485,train
251,1.5699956,1.5055823,-0.06441331,1500,1485,train
252,1.569995,1.4999592,-0.070035815,1500,1485,train
253,1.5699944,1.4947096,-0.07528484,1500,1485,train
254,1.5699937,1.4977696,-0.07222414,1500,1485,train
255,1.5699931,1.4976795,-0.07231367,1500,1485,train
256,1.5699924,1.5335631,-0.036429286,1500,1485,train
257,1.5699918,1.5249753,-0.045016527,1500,1485,train
258,1.5699912,1.5356505,-0.03434074,1500,1485,train
259,1.5699905,1.5251195,-0.044870973,1500,1485,train
260,1.5699899,1.529391,-0.04059887,1500,1485,train
261,1.5699892,1.5293322,-0.040657043,1500,1485,train
262,1.5699886,1.5319343,-0.038054347,1500,1485,train
263,1.5699879,1.5327541,-0.03723383,1500,1485,train
264,1.5699873,1.5351325,-0.03485477,1500,1485,train
265,1.5699866,1.531444,-0.03854263,1500,1485,train
266,1.569986,1.523935,-0.046051025,1500,1485,train
267,1.5699853,1.5214038,-0.04858148,1500,1485,train
268,1.5699847,1.5303288,-0.039655924,1500,1485,train
269,1.569984,1.5355768,-0.03440714,1500,1485,train
270,1.5699834,1.5301365,-0.039846897,1500,1485,train
271,1.5699826,1.5350916,-0.03489101,1500,1485,train
272,1.569982,1.5184051,-0.051576972,1500,1485,train
273,1.5699813,1.5323554,-0.03762591,1500,1485,train
274,1.5699806,1.5393313,-0.030649304,1500,1485,train
275,1.56998,1.5312185,-0.038761497,1500,1485,train
276,1.5699793,1.5221721,-0.047807217,1500,1485,train
277,1.5699787,1.5024843,-0.06749439,1500,1485,train
278,1.569978,1.5145044,-0.055473566,1500,1485,train
279,1.5699773,1.5265309,-0.04344642,1500,1485,train
280,1.5699767,1.5056348,-0.0643419,1500,1485,train
281,1.569976,1.5153534,-0.05462253,1500,1485,train
282,1.5699753,1.4953532,-0.074622035,1500,1485,train
283,1.5699747,1.5052409,-0.06473374,1500,1485,train
284,1.569974,1.510669,-0.059304953,1500,1485,train
285,1.5699732,1.5116932,-0.05827999,1500,1485,train
286,1.5699726,1.5023769,-0.06759572,1500,1485,train
287,1.5699719,1.504476,-0.06549597,1500,1485,train
288,1.5699712,1.5211277,-0.048843503,1500,1485,train
289,1.5699706,1.5099128,-0.06005776,1500,1485,train
290,1.5699699,1.5086083,-0.06136155,1500,1485,train
291,1.5699692,1.5211132,-0.04885602,1500,1485,train
292,1.5699685,1.5217856,-0.048182845,1500,1485,train
293,1.5699679,1.5243948,-0.045573115,1500,1485,train
294,1.5699672,1.519533,-0.050434113,1500,1485,train
295,1.5699664,1.5277262,-0.042240262,1500,1485,train
296,1.5699657,1.5222638,-0.047701955,1500,1485,train
297,1.5699651,1.5221097,-0.047855377,1500,1485,train
298,1.5699644,1.5094069,-0.060557485,1500,1485,train
299,1.5699637,1.5110049,-0.05895877,1500,1485,train
300,1.569963,1.5364296,-0.033533335,1500,1485,train
301,1.5699623,1.5143574,-0.055604815,1500,1485,train
302,1.5699615,1.5246578,-0.045303702,1500,1485,train
303,1.569961,1.5143038,-0.05565715,1500,1485,train
304,1.5699602,1.53468,-0.035280228,1500,1485,train
305,1.5699595,1.530507,-0.039452553,1500,1485,train
306,1.5699588,1.53641,-0.033548832,1500,1485,train
307,1.5699581,1.5328149,-0.03714323,1500,1485,train
308,1.5699574,1.5278778,-0.042079568,1500,1485,train
309,1.5699567,1.5373576,-0.03259909,1500,1485,train
310,1.569956,1.5412896,-0.028666377,1500,1485,train
311,1.5699552,1.5251107,-0.04484451,1500,1485,train
312,1.5699546,1.5365825,-0.033372164,1500,1485,train
313,1.5699539,1.5381249,-0.031829,1500,1485,train
314,1.5699532,1.5248046,-0.04514861,1500,1485,train
315,1.5699525,1.5266101,-0.043342352,1500,1485,train
316,1.5699518,1.53743,-0.032521725,1500,1485,train
317,1.569951,1.518739,-0.051212072,1500,1485,train
318,1.5699503,1.5414791,-0.028471231,1500,1485,train
319,1.5699496,1.5233022,-0.04664743,1500,1485,train
320,1.5699489,1.5372298,-0.032719135,1500,1485,train
321,1.5699482,1.5259043,-0.0440439,1500,1485,train
322,1.5699475,1.5372212,-0.032726288,1500,1485,train
323,1.5699468,1.5375178,-0.03242898,1500,1485,train
324,1.5699459,1.5379056,-0.032040358,1500,1485,train
325,1.5699452,1.5322301,-0.037715077,1500,1485,train
326,1.5699445,1.5357051,-0.03423941,1500,1485,train
327,1.5699438,1.5323155,-0.037628293,1500,1485,train
328,1.5699431,1.540737,-0.029206038,1500,1485,train
329,1.5699424,1.5263114,-0.043630958,1500,1485,train
330,1.5699416,1.5403455,-0.02959609,1500,1485,train
331,1.5699409,1.5551947,-0.014746189,1500,1485,train
332,1.5699402,1.5432407,-0.026699543,1500,1485,train
333,1.5699394,1.5411897,-0.028749704,1500,1485,train
334,1.5699387,1.5338752,-0.036063433,1500,1485,train
335,1.569938,1.5189894,-0.0509485,1500,1485,train
336,1.5699372,1.5205936,-0.049343586,1500,1485,train
337,1.5699365,1.5245581,-0.045378447,1500,1485,train
338,1.5699358,1.532114,-0.03782177,1500,1485,train
339,1.569935,1.5350944,-0.034840584,1500,1485,train
340,1.5699342,1.5345458,-0.03538847,1500,1485,train
341,1.5699335,1.5184554,-0.051478148,1500,1485,train
342,1.5699328,1.5269824,-0.04295039,1500,1485,train
343,1.569932,1.5271517,-0.04278028,1500,1485,train
344,1.5699313,1.5257609,-0.04417038,1500,1485,train
345,1.5699306,1.5278007,-0.042129874,1500,1485,train
346,1.5699297,1.5461218,-0.023807883,1500,1485,train
347,1.569929,1.5351223,-0.03480673,1500,1485,train
348,1.5699283,1.5368859,-0.03304243,1500,1485,train
349,1.5699276,1.542598,-0.027329564,1500,1485,train
350,1.5699267,1.5358453,-0.03408146,1500,1485,train
351,1.569926,1.5399389,-0.029987097,1500,1485,train
352,1.5699252,1.5599592,-0.009966016,1500,1485,train
353,1.5699245,1.5538095,-0.01611495,1500,1485,train
354,1.5699238,1.5539579,-0.01596582,1500,1485,train
355,1.5699229,1.5441203,-0.025802612,1500,1485,train
356,1.5699222,1.5347128,-0.035209417,1500,1485,train
357,1.5699215,1.5518677,-0.01805377,1500,1485,train
358,1.5699207,1.5459088,-0.02401185,1500,1485,train
359,1.56992,1.5523609,-0.017559052,1500,1485,train
360,1.5699191,1.5514137,-0.018505454,1500,1485,train
361,1.5699184,1.5625421,-0.007376313,1500,1485,train
362,1.5699176,1.5598321,-0.0100854635,1500,1485,train
363,1.5699168,1.5409313,-0.0289855,1500,1485,train
364,1.569916,1.5393398,-0.03057623,1500,1485,train
365,1.5699153,1.5450144,-0.024900913,1500,1485,train
366,1.5699145,1.5497198,-0.02019465,1500,1485,train
367,1.5699137,1.5582726,-0.011641145,1500,1485,train
368,1.5699129,1.5431955,-0.026717424,1500,1485,train
369,1.5699122,1.5402501,-0.029662132,1500,1485,train
370,1.5699114,1.5363576,-0.03355372,1500,1485,train
371,1.5699106,1.5476904,-0.022220254,1500,1485,train
372,1.5699098,1.5404073,-0.029502511,1500,1485,train
373,1.569909,1.5376663,-0.032242656,1500,1485,train
374,1.5699083,1.5486344,-0.021273851,1500,1485,train
375,1.5699074,1.5411146,-0.028792858,1500,1485,train
376,1.5699066,1.5287535,-0.041153073,1500,1485,train
377,1.5699059,1.5240067,-0.045899153,1500,1485,train
378,1.569905,1.5123851,-0.057519913,1500,1485,train
379,1.5699042,1.5118341,-0.058070064,1500,1485,train
380,1.5699035,1.5034982,-0.0664053,1500,1485,train
381,1.5699027,1.5243208,-0.045581818,1500,1485,train
382,1.5699018,1.5301204,-0.03978145,1500,1485,train
383,1.5699011,1.5064254,-0.06347573,1500,1485,train
384,1.5699003,1.5433888,-0.02651143,1500,1485,train
385,1.5698994,1.5399724,-0.029927015,1500,1485,train
386,1.5698986,1.5240216,-0.04587698,1500,1485,train
387,1.5698979,1.5250732,-0.04482472,1500,1485,train
388,1.569897,1.5157392,-0.054157853,1500,1485,train
389,1.5698962,1.5224303,-0.04746592,1500,1485,train
390,1.5698954,1.5317682,-0.038127184,1500,1485,train
391,1.5698947,1.5223758,-0.04751885,1500,1485,train
392,1.5698938,1.5098741,-0.06001973,1500,1485,train
393,1.569893,1.5202107,-0.04968226,1500,1485,train
394,1.5698922,1.5226374,-0.0472548,1500,1485,train
395,1.5698913,1.5244462,-0.045445085,1500,1485,train
396,1.5698905,1.5272863,-0.042604208,1500,1485,train
397,1.5698897,1.5363126,-0.033577085,1500,1485,train
398,1.5698888,1.5348382,-0.03505063,1500,1485,train
399,1.5698881,1.5169798,-0.0529083,1500,1485,train
400,1.5698873,1.5116801,-0.058207154,1500,1485,train
401,1.5698864,1.5231764,-0.046710014,1500,1485,train
402,1.5698856,1.5282935,-0.04159212,1500,1485,train
403,1.5698848,1.5273514,-0.042533398,1500,1485,train
404,1.569884,1.5093889,-0.06049502,1500,1485,train
405,1.5698831,1.5103575,-0.05952561,1500,1485,train
406,1.5698823,1.5181868,-0.051695466,1500,1485,train
407,1.5698814,1.5192487,-0.050632715,1500,1485,train
408,1.5698806,1.5249355,-0.04494512,1500,1485,train
409,1.5698798,1.516828,-0.05305183,1500,1485,train
410,1.5698789,1.5235735,-0.046305418,1500,1485,train
411,1.5698781,1.5114505,-0.058427572,1500,1485,train
412,1.5698773,1.5126412,-0.057236075,1500,1485,train
413,1.5698763,1.520323,-0.049553275,1500,1485,train
414,1.5698755,1.5159527,-0.053922772,1500,1485,train
415,1.5698746,1.5093935,-0.06048119,1500,1485,train
416,1.5698738,1.5315251,-0.038348675,1500,1485,train
417,1.569873,1.5221653,-0.047707677,1500,1485,train
418,1.5698721,1.5479202,-0.021951914,1500,1485,train
419,1.5698713,1.5330563,-0.036815047,1500,1485,train
420,1.5698704,1.5228511,-0.047019243,1500,1485,train
421,1.5698695,1.5228653,-0.047004223,1500,1485,train
422,1.5698687,1.5273616,-0.042507052,1500,1485,train
423,1.5698678,1.5446851,-0.025182724,1500,1485,train
424,1.569867,1.5453268,-0.024540186,1500,1485,train
425,1.5698661,1.5236464,-0.046219707,1500,1485,train
426,1.5698652,1.5222476,-0.047617674,1500,1485,train
427,1.5698644,1.5238862,-0.04597819,1500,1485,train
428,1.5698634,1.514294,-0.05556941,1500,1485,train
429,1.5698626,1.5350662,-0.034796357,1500,1485,train
430,1.5698618,1.5207897,-0.049072027,1500,1485,train
431,1.5698608,1.5429351,-0.026925683,1500,1485,train
432,1.56986,1.5425446,-0.027315378,1500,1485,train
433,1.5698591,1.5420713,-0.027787805,1500,1485,train
434,1.5698582,1.5439097,-0.025948524,1500,1485,train
435,1.5698574,1.5524453,-0.017412066,1500,1485,train
436,1.5698565,1.5344648,-0.03539169,1500,1485,train
437,1.5698556,1.5476974,-0.022158146,1500,1485,train
438,1.5698547,1.5497763,-0.02007842,1500,1485,train
439,1.5698538,1.5337183,-0.036135435,1500,1485,train
440,1.569853,1.5286545,-0.041198492,1500,1485,train
441,1.569852,1.5231763,-0.046675682,1500,1485,train
442,1.5698512,1.5363119,-0.033539295,1500,1485,train
443,1.5698502,1.5389445,-0.030905724,1500,1485,train
444,1.5698494,1.5376412,-0.032208204,1500,1485,train
445,1.5698484,1.5338701,-0.035978317,1500,1485,train
446,1.5698476,1.5327774,-0.037070155,1500,1485,train
447,1.5698466,1.5396373,-0.030209303,1500,1485,train
448,1.5698458,1.5228523,-0.046993494,1500,1485,train
449,1.5698448,1.5379405,-0.03190434,1500,1485,train
450,1.5698439,1.5371107,-0.032733202,1500,1485,train
451,1.569843,1.5337385,-0.03610456,1500,1485,train
452,1.5698421,1.5277575,-0.042084575,1500,1485,train
453,1.5698413,1.5436082,-0.026233077,1500,1485,train
454,1.5698403,1.5381157,-0.031724572,1500,1485,train
455,1.5698394,1.533777,-0.03606236,1500,1485,train
456,1.5698385,1.5370629,-0.03277564,1500,1485,train
457,1.5698376,1.5242808,-0.045556784,1500,1485,train
458,1.5698366,1.5440756,-0.025761008,1500,1485,train
459,1.5698357,1.5238674,-0.045968294,1500,1485,train
460,1.5698348,1.5494846,-0.020350218,1500,1485,train
461,1.5698339,1.5340413,-0.03579259,1500,1485,train
462,1.5698329,1.5286862,-0.041146755,1500,1485,train
463,1.569832,1.5520033,-0.017828703,1500,1485,train
464,1.5698311,1.5403246,-0.029506564,1500,1485,train
465,1.5698302,1.5518781,-0.017952085,1500,1485,train
466,1.5698292,1.5390153,-0.030813932,1500,1485,train
467,1.5698283,1.5416266,-0.0282017,1500,1485,train
468,1.5698273,1.5413339,-0.028493404,1500,1485,train
469,1.5698264,1.5523729,-0.017453432,1500,1485,train
470,1.5698254,1.5528443,-0.016981125,1500,1485,train
471,1.5698245,1.5486571,-0.021167397,1500,1485,train
472,1.5698236,1.5440361,-0.025787473,1500,1485,train
473,1.5698227,1.5406415,-0.029181123,1500,1485,train
474,1.5698217,1.5528997,-0.016921997,1500,1485,train
475,1.5698208,1.5475552,-0.022265553,1500,1485,train
476,1.5698198,1.5444645,-0.025355339,1500,1485,train
477,1.5698189,1.538882,-0.030936837,1500,1485,train
478,1.5698179,1.5414646,-0.028353333,1500,1485,train
479,1.569817,1.53192,-0.03789699,1500,1485,train
480,1.569816,1.5162301,-0.053585887,1500,1485,train
481,1.5698149,1.5220947,-0.047720194,1500,1485,train
482,1.569814,1.5161854,-0.053628564,1500,1485,train
483,1.569813,1.5283151,-0.041497946,1500,1485,train
484,1.569812,1.4998226,-0.06998944,1500,1485,train
485,1.5698111,1.53033,-0.039481163,1500,1485,train
486,1.5698102,1.5390925,-0.030717611,1500,1485,train
487,1.5698092,1.5215466,-0.048262596,1500,1485,train
488,1.5698081,1.5084705,-0.06133759,1500,1485,train
489,1.5698072,1.5017347,-0.06807244,1500,1485,train
490,1.5698062,1.5066804,-0.06312585,1500,1485,train
491,1.5698053,1.5112622,-0.058543086,1500,1485,train
492,1.5698043,1.516474,-0.053330302,1500,1485,train
493,1.5698032,1.5345912,-0.03521204,1500,1485,train
494,1.5698023,1.4993238,-0.07047844,1500,1485,train
495,1.5698013,1.5092233,-0.06057799,1500,1485,train
496,1.5698003,1.5278164,-0.041983843,1500,1485,train
497,1.5697993,1.5313368,-0.03846252,1500,1485,train
498,1.5697984,1.5229803,-0.046818018,1500,1485,train
499,1.5697973,1.5079712,-0.06182611,1500,1485,train
500,1.5697963,1.5172498,-0.0525465,1500,1485,train
501,1.5697954,1.5378642,-0.031931162,1500,1485,train
502,1.5697943,1.5333495,-0.036444783,1500,1485,train
503,1.5697933,1.5216345,-0.048158884,1500,1485,train
504,1.5697923,1.5228873,-0.04690492,1500,1485,train
505,1.5697913,1.5187397,-0.051051617,1500,1485,train
506,1.5697902,1.5221682,-0.047622085,1500,1485,train
507,1.5697893,1.5317062,-0.038083076,1500,1485,train
508,1.5697882,1.5060921,-0.063696146,1500,1485,train
509,1.5697873,1.5090029,-0.06078434,1500,1485,train
510,1.5697862,1.5014024,-0.06838381,1500,1485,train
511,1.5697852,1.5215666,-0.048218608,1500,1485,train
512,1.5697842,1.4875262,-0.082257986,1500,1485,train
513,1.5697832,1.506834,-0.06294918,1500,1485,train
514,1.5697821,1.4975381,-0.07224405,1500,1485,train
515,1.5697811,1.5013139,-0.06846714,1500,1485,train
516,1.5697801,1.4882026,-0.08157754,1500,1485,train
517,1.569779,1.5028753,-0.06690371,1500,1485,train
518,1.569778,1.501681,-0.068096995,1500,1485,train
519,1.569777,1.5112808,-0.058496237,1500,1485,train
520,1.5697759,1.4896264,-0.08014953,1500,1485,train
521,1.5697749,1.4854869,-0.084288,1500,1485,train
522,1.5697738,1.5056744,-0.06409943,1500,1485,train
523,1.5697728,1.4805768,-0.089196086,1500,1485,train
524,1.5697718,1.4991271,-0.07064462,1500,1485,train
525,1.5697707,1.4809376,-0.08883309,1500,1485,train
526,1.5697696,1.489965,-0.07980466,1500,1485,train
527,1.5697685,1.4944632,-0.07530534,1500,1485,train
528,1.5697675,1.490399,-0.07936847,1500,1485,train
529,1.5697664,1.4992536,-0.07051277,1500,1485,train
530,1.5697654,1.4875417,-0.08222377,1500,1485,train
531,1.5697644,1.4881054,-0.08165896,1500,1485,train
532,1.5697633,1.4850082,-0.08475506,1500,1485,train
533,1.5697622,1.5042917,-0.06547058,1500,1485,train
534,1.5697612,1.4927797,-0.076981425,1500,1485,train
535,1.5697601,1.4764105,-0.093349576,1500,1485,train
536,1.569759,1.4928638,-0.07689524,1500,1485,train
537,1.5697579,1.4903748,-0.079383135,1500,1485,train
538,1.5697569,1.4724331,-0.097323775,1500,1485,train
539,1.5697558,1.4969108,-0.07284498,1500,1485,train
540,1.5697547,1.4871882,-0.0825665,1500,1485,train
541,1.5697535,1.4922693,-0.07748425,1500,1485,train
542,1.5697525,1.4768518,-0.092900634,1500,1485,train
543,1.5697514,1.4786988,-0.09105253,1500,1485,train
544,1.5697503,1.4909948,-0.0787555,1500,1485,train
545,1.5697492,1.4770209,-0.09272838,1500,1485,train
546,1.5697482,1.4749582,-0.09478998,1500,1485,train
547,1.569747,1.4891291,-0.080617905,1500,1485,train
548,1.5697459,1.4813094,-0.088436484,1500,1485,train
549,1.5697448,1.4882358,-0.081508994,1500,1485,train
550,1.5697438,1.4983537,-0.07139003,1500,1485,train
551,1.5697426,1.5133532,-0.05638933,1500,1485,train
552,1.5697415,1.4902437,-0.079497814,1500,1485,train
553,1.5697404,1.4757512,-0.09398925,1500,1485,train
554,1.5697392,1.4910016,-0.07873762,1500,1485,train
555,1.5697381,1.490776,-0.07896221,1500,1485,train
556,1.569737,1.4870396,-0.08269739,1500,1485,train
557,1.5697359,1.4834774,-0.08625853,1500,1485,train
558,1.5697348,1.4811946,-0.0885402,1500,1485,train
559,1.5697336,1.502321,-0.067412615,1500,1485,train
560,1.5697325,1.5039605,-0.06577206,1500,1485,train
561,1.5697314,1.5090716,-0.060659766,1500,1485,train
562,1.5697303,1.4966687,-0.073061585,1500,1485,train
563,1.5697291,1.5013572,-0.06837189,1500,1485,train
564,1.5697279,1.4851817,-0.08454621,1500,1485,train
565,1.5697268,1.484227,-0.08549988,1500,1485,train
566,1.5697256,1.498796,-0.07092965,1500,1485,train
567,1.5697246,1.4887073,-0.081017256,1500,1485,train
568,1.5697234,1.5024858,-0.067237616,1500,1485,train
569,1.5697222,1.4893732,-0.08034897,1500,1485,train
570,1.5697211,1.5012829,-0.06843817,1500,1485,train
571,1.5697199,1.4921088,-0.07761109,1500,1485,train
572,1.5697187,1.5019711,-0.06774759,1500,1485,train
573,1.5697175,1.4922712,-0.07744634,1500,1485,train
574,1.5697165,1.4878262,-0.081890225,1500,1485,train
575,1.5697153,1.498154,-0.07156122,1500,1485,train
576,1.5697141,1.4730833,-0.09663081,1500,1485,train
577,1.5697129,1.4831355,-0.086577415,1500,1485,train
578,1.5697117,1.4891549,-0.08055675,1500,1485,train
579,1.5697105,1.4717028,-0.09800768,1500,1485,train
580,1.5697094,1.4944319,-0.07527757,1500,1485,train
581,1.5697082,1.4953003,-0.074407935,1500,1485,train
582,1.569707,1.4913027,-0.07840431,1500,1485,train
583,1.5697058,1.4793493,-0.09035659,1500,1485,train
584,1.5697047,1.4956439,-0.0740608,1500,1485,train
585,1.5697035,1.4843124,-0.085391045,1500,1485,train
586,1.5697023,1.4770508,-0.09265149,1500,1485,train
587,1.5697011,1.4783769,-0.09132421,1500,1485,train
588,1.5696999,1.5030981,-0.06660175,1500,1485,train
589,1.5696987,1.4777817,-0.09191704,1500,1485,train
590,1.5696974,1.4806422,-0.08905518,1500,1485,train
591,1.5696962,1.4865515,-0.083144665,1500,1485,train
592,1.569695,1.4858522,-0.083842754,1500,1485,train
593,1.5696938,1.4878281,-0.08186567,1500,1485,train
594,1.5696926,1.479265,-0.09042764,1500,1485,train
595,1.5696913,1.49966,-0.070031285,1500,1485,train
596,1.5696901,1.5014818,-0.06820834,1500,1485,train
597,1.5696889,1.4998859,-0.069803,1500,1485,train
598,1.5696877,1.4960399,-0.07364786,1500,1485,train
599,1.5696864,1.4903461,-0.07934034,1500,1485,train
600,1.5696852,1.5040745,-0.06561077,1500,1485,train
601,1.569684,1.4774507,-0.0922333,1500,1485,train
602,1.5696827,1.4844052,-0.08527756,1500,1485,train
603,1.5696815,1.4970589,-0.07262266,1500,1485,train
604,1.5696802,1.5038584,-0.06582177,1500,1485,train
605,1.569679,1.4965096,-0.07316947,1500,1485,train
606,1.5696777,1.495709,-0.07396877,1500,1485,train
607,1.5696765,1.4796214,-0.09005511,1500,1485,train
608,1.5696752,1.4898307,-0.079844475,1500,1485,train
609,1.569674,1.488771,-0.08090305,1500,1485,train
610,1.5696727,1.4867399,-0.08293283,1500,1485,train
611,1.5696715,1.4837861,-0.085885406,1500,1485,train
612,1.5696702,1.4927926,-0.076877594,1500,1485,train
613,1.5696689,1.511559,-0.05810988,1500,1485,train
614,1.5696677,1.4794574,-0.09021032,1500,1485,train
615,1.5696664,1.482419,-0.08724737,1500,1485,train
616,1.5696651,1.4763181,-0.09334695,1500,1485,train
617,1.5696639,1.4905038,-0.079160094,1500,1485,train
618,1.5696626,1.5007492,-0.06891334,1500,1485,train
619,1.5696613,1.4968331,-0.07282817,1500,1485,train
620,1.56966,1.4920942,-0.07756579,1500,1485,train
621,1.5696586,1.4813073,-0.08835137,1500,1485,train
622,1.5696573,1.4924375,-0.077219844,1500,1485,train
623,1.5696561,1.4977386,-0.071917534,1500,1485,train
624,1.5696548,1.491529,-0.078125834,1500,1485,train
625,1.5696535,1.5003848,-0.0692687,1500,1485,train
626,1.5696522,1.4782516,-0.09140062,1500,1485,train
627,1.5696509,1.4771976,-0.09245324,1500,1485,train
628,1.5696496,1.499167,-0.07048261,1500,1485,train
629,1.5696483,1.4936329,-0.07601535,1500,1485,train
630,1.569647,1.470726,-0.09892094,1500,1485,train
631,1.5696455,1.4699998,-0.099645734,1500,1485,train
632,1.5696442,1.4816252,-0.08801901,1500,1485,train
633,1.5696429,1.4819992,-0.08764374,1500,1485,train
634,1.5696416,1.4814088,-0.088232756,1500,1485,train
635,1.5696403,1.4832033,-0.08643699,1500,1485,train
636,1.569639,1.4714476,-0.09819138,1500,1485,train
637,1.5696375,1.4776279,-0.09200966,1500,1485,train
638,1.5696362,1.479551,-0.09008527,1500,1485,train
639,1.5696349,1.4873078,-0.08232713,1500,1485,train
640,1.5696335,1.4789199,-0.09071362,1500,1485,train
641,1.5696322,1.4756253,-0.094006896,1500,1485,train
642,1.5696309,1.4907906,-0.078840256,1500,1485,train
643,1.5696294,1.4721239,-0.09750557,1500,1485,train
644,1.5696281,1.4950774,-0.07455075,1500,1485,train
645,1.5696267,1.4854555,-0.084171176,1500,1485,train
646,1.5696254,1.4748899,-0.0947355,1500,1485,train
647,1.569624,1.4714714,-0.09815252,1500,1485,train
648,1.5696226,1.4980291,-0.07159352,1500,1485,train
649,1.5696212,1.4898533,-0.07976794,1500,1485,train
650,1.5696199,1.4997418,-0.0698781,1500,1485,train
651,1.5696185,1.4793456,-0.0902729,1500,1485,train
652,1.569617,1.4793147,-0.09030235,1500,1485,train
653,1.5696157,1.4724569,-0.09715879,1500,1485,train
654,1.5696143,1.4832985,-0.08631575,1500,1485,train
655,1.5696129,1.4827453,-0.08686757,1500,1485,train
656,1.5696115,1.4958656,-0.073745966,1500,1485,train
657,1.5696101,1.4971517,-0.07245839,1500,1485,train
658,1.5696087,1.4922357,-0.07737303,1500,1485,train
659,1.5696073,1.4988682,-0.07073903,1500,1485,train
660,1.5696058,1.47945,-0.09015584,1500,1485,train
661,1.5696044,1.47835,-0.09125435,1500,1485,train
662,1.569603,1.4567776,-0.11282539,1500,1485,train
663,1.5696015,1.4754099,-0.09419167,1500,1485,train
664,1.5696001,1.4784751,-0.09112501,1500,1485,train
665,1.5695987,1.4758322,-0.09376645,1500,1485,train
666,1.5695972,1.469715,-0.099882245,1500,1485,train
667,1.5695958,1.4738405,-0.09575534,1500,1485,train
668,1.5695944,1.4825532,-0.08704114,1500,1485,train
669,1.569593,1.4799715,-0.089621425,1500,1485,train
670,1.5695915,1.486287,-0.083304524,1500,1485,train
671,1.5695901,1.4842722,-0.08531785,1500,1485,train
672,1.5695885,1.4777071,-0.091881394,1500,1485,train
673,1.5695871,1.4725187,-0.09706843,1500,1485,train
674,1.5695857,1.4735608,-0.09602487,1500,1485,train
675,1.5695843,1.4691074,-0.10047686,1500,1485,train
676,1.5695827,1.4952259,-0.074356794,1500,1485,train
677,1.5695813,1.4554604,-0.11412084,1500,1485,train
678,1.5695798,1.4640353,-0.10554457,1500,1485,train
679,1.5695783,1.4580007,-0.11157763,1500,1485,train
680,1.5695769,1.4897022,-0.079874635,1500,1485,train
681,1.5695753,1.4949813,-0.07459402,1500,1485,train
682,1.5695739,1.4699767,-0.099597216,1500,1485,train
683,1.5695723,1.4929669,-0.07660544,1500,1485,train
684,1.5695708,1.4907031,-0.078867674,1500,1485,train
685,1.5695693,1.4774641,-0.09210527,1500,1485,train
686,1.5695678,1.4745121,-0.0950557,1500,1485,train
687,1.5695664,1.4794557,-0.09011066,1500,1485,train
688,1.5695648,1.4892942,-0.08027065,1500,1485,train
689,1.5695633,1.4976568,-0.07190645,1500,1485,train
690,1.5695617,1.4901203,-0.07944143,1500,1485,train
691,1.5695603,1.4963069,-0.07325339,1500,1485,train
692,1.5695587,1.5047069,-0.06485188,1500,1485,train
693,1.5695572,1.4769342,-0.092622995,1500,1485,train
694,1.5695556,1.4715135,-0.09804213,1500,1485,train
695,1.5695541,1.4864576,-0.083096504,1500,1485,train
696,1.5695525,1.4875865,-0.08196604,1500,1485,train
697,1.569551,1.4789827,-0.090568304,1500,1485,train
698,1.5695494,1.4804751,-0.08907437,1500,1485,train
699,1.5695479,1.4696999,-0.09984803,1500,1485,train
700,1.5695463,1.470372,-0.09917438,1500,1485,train
701,1.5695448,1.470436,-0.099108815,1500,1485,train
702,1.5695432,1.4469247,-0.122618556,1500,1485,train
703,1.5695416,1.4728388,-0.096702814,1500,1485,train
704,1.56954,1.4632266,-0.10631347,1500,1485,train
705,1.5695385,1.4607517,-0.10878682,1500,1485,train
706,1.5695369,1.4676785,-0.10185838,1500,1485,train
707,1.5695353,1.4789512,-0.09058404,1500,1485,train
708,1.5695337,1.4759371,-0.09359658,1500,1485,train
709,1.5695322,1.4593518,-0.11018038,1500,1485,train
710,1.5695305,1.4694262,-0.10010433,1500,1485,train
711,1.5695289,1.4655244,-0.1040045,1500,1485,train
712,1.5695273,1.4828,-0.08672726,1500,1485,train
713,1.5695257,1.4736865,-0.09583926,1500,1485,train
714,1.569524,1.460887,-0.108637094,1500,1485,train
715,1.5695225,1.4690442,-0.10047829,1500,1485,train
716,1.5695208,1.4704151,-0.099105716,1500,1485,train
717,1.5695192,1.4832913,-0.086227894,1500,1485,train
718,1.5695176,1.4818407,-0.08767688,1500,1485,train
719,1.569516,1.4822261,-0.08728981,1500,1485,train
720,1.5695143,1.4852829,-0.08423138,1500,1485,train
721,1.5695126,1.4869775,-0.08253515,1500,1485,train
722,1.5695109,1.4898574,-0.0796535,1500,1485,train
723,1.5695093,1.4910104,-0.07849884,1500,1485,train
724,1.5695077,1.4900739,-0.0794338,1500,1485,train
725,1.569506,1.4853628,-0.08414328,1500,1485,train
726,1.5695044,1.4875836,-0.08192074,1500,1485,train
727,1.5695027,1.490663,-0.07883966,1500,1485,train
728,1.569501,1.4998422,-0.069658875,1500,1485,train
729,1.5694993,1.4955788,-0.07392049,1500,1485,train
730,1.5694976,1.4941816,-0.07531595,1500,1485,train
731,1.5694959,1.4779267,-0.091569185,1500,1485,train
732,1.5694942,1.4721236,-0.097370625,1500,1485,train
733,1.5694926,1.4948454,-0.07464719,1500,1485,train
734,1.5694908,1.4743499,-0.095140934,1500,1485,train
735,1.5694891,1.4849216,-0.08456755,1500,1485,train
736,1.5694875,1.4778974,-0.09159005,1500,1485,train
737,1.5694857,1.4815831,-0.087902546,1500,1485,train
738,1.569484,1.4800446,-0.08943939,1500,1485,train
739,1.5694823,1.4974351,-0.07204723,1500,1485,train
740,1.5694805,1.4773088,-0.09217179,1500,1485,train
741,1.5694788,1.4854734,-0.084005356,1500,1485,train
742,1.5694771,1.4842649,-0.08521223,1500,1485,train
743,1.5694753,1.4880049,-0.08147037,1500,1485,train
744,1.5694736,1.4769758,-0.092497826,1500,1485,train
745,1.5694718,1.4986424,-0.07082939,1500,1485,train
746,1.56947,1.4890127,-0.08045733,1500,1485,train
747,1.5694683,1.4879956,-0.081472635,1500,1485,train
748,1.5694666,1.4956315,-0.073835135,1500,1485,train
749,1.5694648,1.4961822,-0.0732826,1500,1485,train
750,1.569463,1.4818258,-0.087637186,1500,1485,train
751,1.5694612,1.4915111,-0.07795012,1500,1485,train
752,1.5694594,1.4798378,-0.08962166,1500,1485,train
753,1.5694577,1.4944228,-0.07503486,1500,1485,train
754,1.5694559,1.4689946,-0.100461245,1500,1485,train
755,1.5694541,1.4720081,-0.097445965,1500,1485,train
756,1.5694523,1.4718148,-0.097637534,1500,1485,train
757,1.5694504,1.4843282,-0.08512223,1500,1485,train
758,1.5694486,1.4763463,-0.093102336,1500,1485,train
759,1.5694468,1.4883757,-0.08107114,1500,1485,train
760,1.569445,1.4667048,-0.10274017,1500,1485,train
761,1.5694431,1.4663599,-0.10308325,1500,1485,train
762,1.5694413,1.4674084,-0.1020329,1500,1485,train
763,1.5694395,1.4853259,-0.0841136,1500,1485,train
764,1.5694376,1.483197,-0.08624065,1500,1485,train
765,1.5694358,1.496892,-0.07254386,1500,1485,train
766,1.5694339,1.4894776,-0.07995629,1500,1485,train
767,1.569432,1.4638124,-0.10561967,1500,1485,train
768,1.5694302,1.4992776,-0.07015264,1500,1485,train
769,1.5694283,1.4999094,-0.069518924,1500,1485,train
770,1.5694264,1.4730022,-0.09642422,1500,1485,train
771,1.5694246,1.4921265,-0.077298164,1500,1485,train
772,1.5694227,1.4705007,-0.098922014,1500,1485,train
773,1.5694208,1.4857907,-0.083630085,1500,1485,train
774,1.5694189,1.4845681,-0.08485079,1500,1485,train
775,1.569417,1.4693453,-0.10007167,1500,1485,train
776,1.5694151,1.4899472,-0.07946789,1500,1485,train
777,1.5694132,1.4954498,-0.0739634,1500,1485,train
778,1.5694113,1.4984903,-0.070920944,1500,1485,train
779,1.5694094,1.4781353,-0.09127402,1500,1485,train
780,1.5694075,1.49044,-0.07896745,1500,1485,train
781,1.5694056,1.492938,-0.076467514,1500,1485,train
782,1.5694035,1.5077467,-0.061656833,1500,1485,train
783,1.5694016,1.5116026,-0.05779898,1500,1485,train
784,1.5693997,1.4900303,-0.079369426,1500,1485,train
785,1.5693977,1.504196,-0.06520164,1500,1485,train
786,1.5693958,1.489372,-0.080023766,1500,1485,train
787,1.5693938,1.492278,-0.077115774,1500,1485,train
788,1.5693918,1.4966539,-0.07273793,1500,1485,train
789,1.5693898,1.4867331,-0.08265674,1500,1485,train
790,1.5693879,1.4971726,-0.07221532,1500,1485,train
791,1.5693859,1.4907259,-0.07866001,1500,1485,train
792,1.5693839,1.473979,-0.09540486,1500,1485,train
793,1.569382,1.4825206,-0.08686137,1500,1485,train
794,1.5693799,1.4714963,-0.09788358,1500,1485,train
795,1.5693779,1.5050423,-0.064335585,1500,1485,train
796,1.5693759,1.4755487,-0.09382713,1500,1485,train
797,1.5693738,1.4912131,-0.07816076,1500,1485,train
798,1.5693718,1.4868563,-0.08251548,1500,1485,train
799,1.5693698,1.4938018,-0.07556796,1500,1485,train
800,1.5693678,1.4829952,-0.086372614,1500,1485,train
801,1.5693657,1.5054412,-0.06392455,1500,1485,train
802,1.5693637,1.4922007,-0.07716298,1500,1485,train
803,1.5693616,1.5143008,-0.055060744,1500,1485,train
804,1.5693595,1.4897896,-0.079569936,1500,1485,train
805,1.5693575,1.4975449,-0.07181263,1500,1485,train
806,1.5693554,1.4842229,-0.08513248,1500,1485,train
807,1.5693533,1.4780761,-0.09127724,1500,1485,train
808,1.5693512,1.4874442,-0.081907034,1500,1485,train
809,1.5693492,1.4847982,-0.08455098,1500,1485,train
810,1.569347,1.4862194,-0.08312762,1500,1485,train
811,1.569345,1.4805164,-0.08882856,1500,1485,train
812,1.5693429,1.4645208,-0.10482204,1500,1485,train
813,1.5693407,1.4840069,-0.085333824,1500,1485,train
814,1.5693386,1.4851093,-0.08422923,1500,1485,train
815,1.5693364,1.4926157,-0.076720715,1500,1485,train
816,1.5693344,1.4740314,-0.09530294,1500,1485,train
817,1.5693322,1.4890852,-0.080247045,1500,1485,train
818,1.5693301,1.4964273,-0.0729028,1500,1485,train
819,1.569328,1.5012627,-0.068065286,1500,1485,train
820,1.5693257,1.4985743,-0.07075143,1500,1485,train
821,1.5693235,1.4805924,-0.08873117,1500,1485,train
822,1.5693214,1.4852351,-0.0840863,1500,1485,train
823,1.5693192,1.4988258,-0.07049346,1500,1485,train
824,1.569317,1.4875531,-0.08176386,1500,1485,train
825,1.5693148,1.4831915,-0.08612335,1500,1485,train
826,1.5693127,1.4808869,-0.088425756,1500,1485,train
827,1.5693104,1.4814148,-0.08789563,1500,1485,train
828,1.5693083,1.4663626,-0.102945685,1500,1485,train
829,1.569306,1.4812516,-0.08805442,1500,1485,train
830,1.5693038,1.4836439,-0.08565986,1500,1485,train
831,1.5693016,1.4745082,-0.09479344,1500,1485,train
832,1.5692993,1.4828262,-0.08647311,1500,1485,train
833,1.5692971,1.4614633,-0.10783374,1500,1485,train
834,1.5692948,1.4769573,-0.09233749,1500,1485,train
835,1.5692925,1.4825197,-0.0867728,1500,1485,train
836,1.5692903,1.4725916,-0.09669864,1500,1485,train
837,1.569288,1.4743738,-0.0949142,1500,1485,train
838,1.5692858,1.4694462,-0.09983957,1500,1485,train
839,1.5692835,1.4600403,-0.109243155,1500,1485,train
840,1.5692812,1.458233,-0.11104822,1500,1485,train
841,1.5692788,1.4549196,-0.11435926,1500,1485,train
842,1.5692766,1.4466348,-0.1226418,1500,1485,train
843,1.5692743,1.4583213,-0.11095297,1500,1485,train
844,1.5692719,1.4437654,-0.12550652,1500,1485,train
845,1.5692697,1.4448195,-0.12445021,1500,1485,train
846,1.5692673,1.4464214,-0.12284589,1500,1485,train
847,1.5692649,1.4765791,-0.09268582,1500,1485,train
848,1.5692626,1.4606316,-0.108631015,1500,1485,train
849,1.5692602,1.4663577,-0.10290253,1500,1485,train
850,1.5692579,1.4771236,-0.09213424,1500,1485,train
851,1.5692555,1.4785628,-0.09069264,1500,1485,train
852,1.5692531,1.485235,-0.08401811,1500,1485,train
853,1.5692507,1.4808707,-0.08837998,1500,1485,train
854,1.5692483,1.5007317,-0.06851661,1500,1485,train
855,1.5692459,1.4767697,-0.09247625,1500,1485,train
856,1.5692436,1.4859143,-0.0833292,1500,1485,train
857,1.5692412,1.4856513,-0.08358991,1500,1485,train
858,1.5692387,1.4926605,-0.07657814,1500,1485,train
859,1.5692363,1.4847207,-0.08451557,1500,1485,train
860,1.5692338,1.4878811,-0.08135271,1500,1485,train
861,1.5692314,1.4767711,-0.092460275,1500,1485,train
862,1.5692289,1.4792633,-0.08996558,1500,1485,train
863,1.5692265,1.4852455,-0.08398104,1500,1485,train
864,1.569224,1.4966904,-0.07253361,1500,1485,train
865,1.5692215,1.4988368,-0.07038474,1500,1485,train
866,1.569219,1.5031328,-0.06608617,1500,1485,train
867,1.5692165,1.5118278,-0.057388663,1500,1485,train
868,1.5692141,1.5126423,-0.05657184,1500,1485,train
869,1.5692115,1.5113356,-0.05787587,1500,1485,train
870,1.569209,1.5291681,-0.04004085,1500,1485,train
871,1.5692065,1.4982436,-0.070962906,1500,1485,train
872,1.569204,1.5191962,-0.05000782,1500,1485,train
873,1.5692015,1.5418686,-0.027332902,1500,1485,train
874,1.5691988,1.5161924,-0.05300641,1500,1485,train
875,1.5691963,1.522087,-0.047109365,1500,1485,train
876,1.5691937,1.5061038,-0.06308997,1500,1485,train
877,1.5691912,1.5151166,-0.054074645,1500,1485,train
878,1.5691886,1.5090286,-0.06016004,1500,1485,train
879,1.569186,1.5071361,-0.062049866,1500,1485,train
880,1.5691835,1.503616,-0.06556749,1500,1485,train
881,1.5691808,1.4895396,-0.07964122,1500,1485,train
882,1.5691782,1.5114583,-0.057719946,1500,1485,train
883,1.5691756,1.5306667,-0.038508892,1500,1485,train
884,1.569173,1.5160177,-0.053155303,1500,1485,train
885,1.5691704,1.5090227,-0.060147643,1500,1485,train
886,1.5691676,1.5128412,-0.05632639,1500,1485,train
887,1.569165,1.4978232,-0.07134175,1500,1485,train
888,1.5691624,1.4935378,-0.075624585,1500,1485,train
889,1.5691596,1.5144227,-0.05473697,1500,1485,train
890,1.569157,1.4869258,-0.082231164,1500,1485,train
891,1.5691543,1.5043912,-0.06476307,1500,1485,train
892,1.5691516,1.4897139,-0.07943773,1500,1485,train
893,1.5691489,1.4891475,-0.080001354,1500,1485,train
894,1.5691462,1.4972289,-0.071917295,1500,1485,train
895,1.5691434,1.50201,-0.06713343,1500,1485,train
896,1.5691407,1.4553018,-0.11383891,1500,1485,train
897,1.5691379,1.4470649,-0.122073054,1500,1485,train
898,1.5691352,1.4522336,-0.116901636,1500,1485,train
899,1.5691324,1.4650975,-0.1040349,1500,1485,train
900,1.5691297,1.4698365,-0.09929323,1500,1485,train
901,1.5691268,1.4786661,-0.09046078,1500,1485,train
902,1.5691241,1.4816568,-0.08746731,1500,1485,train
903,1.5691212,1.484822,-0.08429921,1500,1485,train
904,1.5691185,1.4669805,-0.10213804,1500,1485,train
905,1.5691156,1.4798405,-0.08927512,1500,1485,train
906,1.5691128,1.4724169,-0.0966959,1500,1485,train
907,1.56911,1.4824238,-0.08668625,1500,1485,train
908,1.5691072,1.4884712,-0.080636024,1500,1485,train
909,1.5691043,1.4661448,-0.10295951,1500,1485,train
910,1.5691015,1.4685311,-0.10057032,1500,1485,train
911,1.5690986,1.4722728,-0.09682584,1500,1485,train
912,1.5690956,1.4623691,-0.10672653,1500,1485,train
913,1.5690928,1.4426129,-0.12647986,1500,1485,train
914,1.5690899,1.4639564,-0.10513353,1500,1485,train
915,1.5690869,1.4628805,-0.10620642,1500,1485,train
916,1.569084,1.4663141,-0.10276997,1500,1485,train
917,1.5690811,1.4477243,-0.121356726,1500,1485,train
918,1.5690781,1.4751965,-0.09388161,1500,1485,train
919,1.5690751,1.452054,-0.117021084,1500,1485,train
920,1.5690722,1.4539834,-0.11508882,1500,1485,train
921,1.5690693,1.4508787,-0.11819053,1500,1485,train
922,1.5690662,1.4518783,-0.11718786,1500,1485,train
923,1.5690632,1.4657028,-0.103360415,1500,1485,train
924,1.5690602,1.461042,-0.10801816,1500,1485,train
925,1.5690572,1.4547937,-0.114263535,1500,1485,train
926,1.5690541,1.4585643,-0.110489845,1500,1485,train
927,1.5690511,1.4469317,-0.12211943,1500,1485,train
928,1.569048,1.4609557,-0.10809231,1500,1485,train
929,1.5690451,1.4438357,-0.12520933,1500,1485,train
930,1.569042,1.441791,-0.12725091,1500,1485,train
931,1.5690389,1.4465135,-0.122525334,1500,1485,train
932,1.5690358,1.450539,-0.118496776,1500,1485,train
933,1.5690327,1.4541934,-0.114839315,1500,1485,train
934,1.5690296,1.4705617,-0.09846783,1500,1485,train
935,1.5690265,1.4741387,-0.09488773,1500,1485,train
936,1.5690233,1.4774082,-0.09161508,1500,1485,train
937,1.5690202,1.4920095,-0.07701063,1500,1485,train
938,1.5690169,1.4888186,-0.08019829,1500,1485,train
939,1.5690138,1.4937171,-0.07529676,1500,1485,train
940,1.5690106,1.5165633,-0.05244732,1500,1485,train
941,1.5690074,1.4994905,-0.0695169,1500,1485,train
942,1.5690042,1.5064132,-0.06259096,1500,1485,train
943,1.569001,1.483788,-0.085212946,1500,1485,train
944,1.5689977,1.530997,-0.038000703,1500,1485,train
945,1.5689945,1.5082251,-0.06076944,1500,1485,train
946,1.5689913,1.5013928,-0.06759846,1500,1485,train
947,1.568988,1.5058839,-0.06310403,1500,1485,train
948,1.5689847,1.5064479,-0.062536836,1500,1485,train
949,1.5689814,1.506587,-0.06239438,1500,1485,train
950,1.5689782,1.5104113,-0.058566928,1500,1485,train
951,1.5689749,1.5111711,-0.05780375,1500,1485,train
952,1.5689715,1.5099458,-0.059025764,1500,1485,train
953,1.5689682,1.5067947,-0.062173486,1500,1485,train
954,1.5689648,1.5113701,-0.057594776,1500,1485,train
955,1.5689615,1.5325696,-0.036391854,1500,1485,train
956,1.568958,1.5147262,-0.054231882,1500,1485,train
957,1.5689547,1.51087,-0.058084726,1500,1485,train
958,1.5689514,1.5262568,-0.04269457,1500,1485,train
959,1.5689479,1.5156918,-0.053256154,1500,1485,train
960,1.5689445,1.5242922,-0.044652224,1500,1485,train
961,1.568941,1.5179491,-0.050991893,1500,1485,train
962,1.5689375,1.5224931,-0.046444416,1500,1485,train
963,1.5689341,1.5109954,-0.057938695,1500,1485,train
964,1.5689306,1.513057,-0.055873632,1500,1485,train
965,1.5689272,1.5017118,-0.06721532,1500,1485,train
966,1.5689237,1.501775,-0.067148685,1500,1485,train
967,1.5689201,1.5202568,-0.048663378,1500,1485,train
968,1.5689167,1.5141175,-0.0547992,1500,1485,train
969,1.5689131,1.5101657,-0.05874741,1500,1485,train
970,1.5689095,1.5048175,-0.06409204,1500,1485,train
971,1.568906,1.5007212,-0.06818473,1500,1485,train
972,1.5689024,1.5115077,-0.057394624,1500,1485,train
973,1.5688988,1.4942969,-0.07460189,1500,1485,train
974,1.5688952,1.5038122,-0.06508303,1500,1485,train
975,1.5688915,1.5103744,-0.0585171,1500,1485,train
976,1.568888,1.5111631,-0.057724833,1500,1485,train
977,1.5688843,1.5064417,-0.06244254,1500,1485,train
978,1.5688807,1.5076917,-0.061188936,1500,1485,train
979,1.568877,1.5020525,-0.066824436,1500,1485,train
980,1.5688733,1.5052941,-0.0635792,1500,1485,train
981,1.5688696,1.5090426,-0.05982697,1500,1485,train
982,1.5688658,1.5050079,-0.06385791,1500,1485,train
983,1.5688621,1.5009477,-0.06791437,1500,1485,train
984,1.5688584,1.4935985,-0.075259924,1500,1485,train
985,1.5688546,1.4848677,-0.08398688,1500,1485,train
986,1.5688508,1.5065525,-0.062298298,1500,1485,train
987,1.5688471,1.4997013,-0.0691458,1500,1485,train
988,1.5688432,1.4951822,-0.07366109,1500,1485,train
989,1.5688394,1.4833043,-0.08553517,1500,1485,train
990,1.5688355,1.490587,-0.0782485,1500,1485,train
991,1.5688317,1.4962504,-0.07258129,1500,1485,train
992,1.5688279,1.4857545,-0.08307338,1500,1485,train
993,1.5688239,1.4706974,-0.09812653,1500,1485,train
994,1.56882,1.492414,-0.076406,1500,1485,train
995,1.5688162,1.475322,-0.09349418,1500,1485,train
996,1.5688123,1.4777553,-0.09105694,1500,1485,train
997,1.5688083,1.468131,-0.10067737,1500,1485,train
998,1.5688043,1.4797716,-0.08903265,1500,1485,train
999,1.5688003,1.4776883,-0.09111202,1500,1485,train
1000,1.5687963,1.4724488,-0.09634745,1500,1485,train
1001,1.5687923,1.4633025,-0.10548985,1500,1485,train
1002,1.5687883,1.4642653,-0.10452294,1500,1485,train
1003,1.5687842,1.4702189,-0.09856534,1500,1485,train
1004,1.5687802,1.4791291,-0.08965111,1500,1485,train
1005,1.5687761,1.4563024,-0.112473726,1500,1485,train
1006,1.5687721,1.4612643,-0.107507825,1500,1485,train
1007,1.5687679,1.4685717,-0.10019624,1500,1485,train
1008,1.5687639,1.4415735,-0.12719035,1500,1485,train
1009,1.5687597,1.4598656,-0.10889411,1500,1485,train
1010,1.5687555,1.4602621,-0.10849345,1500,1485,train
1011,1.5687513,1.4587681,-0.109983206,1500,1485,train
1012,1.5687472,1.4585999,-0.11014724,1500,1485,train
1013,1.568743,1.4381018,-0.13064122,1500,1485,train
1014,1.5687387,1.4444156,-0.12432313,1500,1485,train
1015,1.5687345,1.4596063,-0.10912824,1500,1485,train
1016,1.5687302,1.4367607,-0.13196957,1500,1485,train
1017,1.568726,1.4334772,-0.13524878,1500,1485,train
1018,1.5687217,1.4475645,-0.12115717,1500,1485,train
1019,1.5687174,1.4331592,-0.13555813,1500,1485,train
1020,1.568713,1.4561929,-0.1125201,1500,1485,train
1021,1.5687087,1.435641,-0.13306761,1500,1485,train
1022,1.5687042,1.433449,-0.13525522,1500,1485,train
1023,1.5686998,1.4511373,-0.11756253,1500,1485,train
1024,1.5686955,1.4862411,-0.08245444,1500,1485,train
1025,1.568691,1.4795243,-0.08916676,1500,1485,train
1026,1.5686866,1.4790401,-0.08964646,1500,1485,train
1027,1.5686822,1.4839871,-0.0846951,1500,1485,train
1028,1.5686777,1.478175,-0.09050262,1500,1485,train
1029,1.5686731,1.4831767,-0.085496426,1500,1485,train
1030,1.5686687,1.480258,-0.088410735,1500,1485,train
1031,1.5686642,1.4766994,-0.09196484,1500,1485,train
1032,1.5686595,1.4661779,-0.1024816,1500,1485,train
1033,1.568655,1.4465723,-0.12208271,1500,1485,train
1034,1.5686504,1.4795488,-0.08910155,1500,1485,train
1035,1.5686458,1.4524487,-0.11619711,1500,1485,train
1036,1.5686412,1.4865541,-0.08208704,1500,1485,train
1037,1.5686365,1.4519997,-0.11663687,1500,1485,train
1038,1.5686319,1.4939578,-0.07467413,1500,1485,train
1039,1.5686271,1.4683033,-0.100323796,1500,1485,train
1040,1.5686225,1.472328,-0.09629452,1500,1485,train
1041,1.5686177,1.4941885,-0.074429154,1500,1485,train
1042,1.5686129,1.4892246,-0.07938838,1500,1485,train
1043,1.5686082,1.4871451,-0.0814631,1500,1485,train
1044,1.5686034,1.4692409,-0.09936249,1500,1485,train
1045,1.5685985,1.4672396,-0.10135889,1500,1485,train
1046,1.5685937,1.463695,-0.10489869,1500,1485,train
1047,1.5685889,1.4662747,-0.102314115,1500,1485,train
1048,1.568584,1.4664187,-0.10216522,1500,1485,train
1049,1.5685791,1.4564564,-0.112122655,1500,1485,train
1050,1.5685741,1.4514766,-0.1170975,1500,1485,train
1051,1.5685692,1.4587157,-0.109853506,1500,1485,train
1052,1.5685642,1.468783,-0.099781156,1500,1485,train
1053,1.5685592,1.463741,-0.104818225,1500,1485,train
1054,1.5685542,1.4624867,-0.10606742,1500,1485,train
1055,1.5685492,1.4573485,-0.11120069,1500,1485,train
1056,1.568544,1.4716442,-0.09689987,1500,1485,train
1057,1.568539,1.4651434,-0.10339558,1500,1485,train
1058,1.5685339,1.4747677,-0.09376621,1500,1485,train
1059,1.5685288,1.4562211,-0.11230767,1500,1485,train
1060,1.5685236,1.4714875,-0.09703612,1500,1485,train
1061,1.5685184,1.4655479,-0.10297048,1500,1485,train
1062,1.5685133,1.4614494,-0.10706389,1500,1485,train
1063,1.568508,1.4799116,-0.08859646,1500,1485,train
1064,1.5685028,1.4614369,-0.107065916,1500,1485,train
1065,1.5684975,1.452436,-0.11606157,1500,1485,train
1066,1.5684922,1.4597602,-0.108731985,1500,1485,train
1067,1.5684868,1.4670712,-0.101415634,1500,1485,train
1068,1.5684816,1.4508436,-0.11763799,1500,1485,train
1069,1.5684762,1.4498094,-0.11866677,1500,1485,train
1070,1.5684707,1.4634058,-0.10506487,1500,1485,train
1071,1.5684654,1.4541819,-0.11428344,1500,1485,train
1072,1.5684599,1.4568937,-0.111566186,1500,1485,train
1073,1.5684544,1.4545069,-0.11394751,1500,1485,train
1074,1.5684489,1.4485865,-0.11986244,1500,1485,train
1075,1.5684434,1.4563208,-0.112122655,1500,1485,train
1076,1.5684378,1.460062,-0.10837579,1500,1485,train
1077,1.5684322,1.4446788,-0.12375343,1500,1485,train
1078,1.5684266,1.4361963,-0.13223028,1500,1485,train
1079,1.568421,1.4430654,-0.1253556,1500,1485,train
1080,1.5684154,1.450467,-0.11794841,1500,1485,train
1081,1.5684097,1.4353199,-0.13308978,1500,1485,train
1082,1.568404,1.4442279,-0.124176025,1500,1485,train
1083,1.5683982,1.432252,-0.13614619,1500,1485,train
1084,1.5683925,1.4536533,-0.11473918,1500,1485,train
1085,1.5683867,1.4414022,-0.12698448,1500,1485,train
1086,1.5683808,1.4439172,-0.12446368,1500,1485,train
1087,1.568375,1.4287691,-0.13960588,1500,1485,train
1088,1.5683692,1.4441487,-0.12422049,1500,1485,train
1089,1.5683632,1.457823,-0.11054015,1500,1485,train
1090,1.5683573,1.4565649,-0.111792445,1500,1485,train
1091,1.5683514,1.4388591,-0.12949228,1500,1485,train
1092,1.5683453,1.4428997,-0.1254456,1500,1485,train
1093,1.5683393,1.4433478,-0.124991536,1500,1485,train
1094,1.5683333,1.4257636,-0.14256966,1500,1485,train
1095,1.5683272,1.4575884,-0.110738754,1500,1485,train
1096,1.5683211,1.4501922,-0.118128896,1500,1485,train
1097,1.5683149,1.4487894,-0.11952555,1500,1485,train
1098,1.5683087,1.44135,-0.12695873,1500,1485,train
1099,1.5683025,1.4387401,-0.12956238,1500,1485,train
1100,1.5682963,1.4502594,-0.118036866,1500,1485,train
1101,1.5682901,1.4362545,-0.13203561,1500,1485,train
1102,1.5682838,1.4399049,-0.12837887,1500,1485,train
1103,1.5682775,1.4341118,-0.13416564,1500,1485,train
1104,1.568271,1.4458522,-0.12241888,1500,1485,train
1105,1.5682647,1.4339849,-0.13427985,1500,1485,train
1106,1.5682583,1.4407035,-0.12755477,1500,1485,train
1107,1.5682518,1.455505,-0.112746835,1500,1485,train
1108,1.5682453,1.4468855,-0.121359825,1500,1485,train
1109,1.5682387,1.4512558,-0.11698294,1500,1485,train
1110,1.5682322,1.4386071,-0.12962508,1500,1485,train
1111,1.5682256,1.4393498,-0.12887585,1500,1485,train
1112,1.5682191,1.4557239,-0.112495184,1500,1485,train
1113,1.5682124,1.4489198,-0.11929262,1500,1485,train
1114,1.5682057,1.4499614,-0.11824429,1500,1485,train
1115,1.5681989,1.4501257,-0.118073225,1500,1485,train
1116,1.5681921,1.448865,-0.11932707,1500,1485,train
1117,1.5681853,1.4493065,-0.11887884,1500,1485,train
1118,1.5681785,1.4487361,-0.11944246,1500,1485,train
1119,1.5681716,1.4435921,-0.12457955,1500,1485,train
1120,1.5681647,1.4595939,-0.108570814,1500,1485,train
1121,1.5681578,1.4553661,-0.11279166,1500,1485,train
1122,1.5681509,1.4522083,-0.1159426,1500,1485,train
1123,1.5681438,1.4456924,-0.122451425,1500,1485,train
1124,1.5681368,1.4503717,-0.11776507,1500,1485,train
1125,1.5681297,1.4613533,-0.10677636,1500,1485,train
1126,1.5681225,1.4427133,-0.12540925,1500,1485,train
1127,1.5681154,1.4463239,-0.12179148,1500,1485,train
1128,1.5681082,1.4397593,-0.12834895,1500,1485,train
1129,1.5681009,1.446906,-0.12119496,1500,1485,train
1130,1.5680937,1.458066,-0.11002767,1500,1485,train
1131,1.5680863,1.4421972,-0.12588906,1500,1485,train
1132,1.568079,1.4481983,-0.119880676,1500,1485,train
1133,1.5680715,1.4488552,-0.11921632,1500,1485,train
1134,1.5680641,1.4538217,-0.114242435,1500,1485,train
1135,1.5680566,1.4345839,-0.13347268,1500,1485,train
1136,1.5680491,1.4352511,-0.13279796,1500,1485,train
1137,1.5680416,1.4360793,-0.1319623,1500,1485,train
1138,1.5680339,1.4450394,-0.12299454,1500,1485,train
1139,1.5680263,1.4490316,-0.11899471,1500,1485,train
1140,1.5680186,1.4402727,-0.12774587,1500,1485,train
1141,1.5680108,1.4416955,-0.12631536,1500,1485,train
1142,1.568003,1.4371583,-0.13084471,1500,1485,train
1143,1.5679952,1.4308839,-0.1371113,1500,1485,train
1144,1.5679873,1.435675,-0.1323123,1500,1485,train
1145,1.5679795,1.4413314,-0.12664807,1500,1485,train
1146,1.5679715,1.4405208,-0.1274507,1500,1485,train
1147,1.5679635,1.4278052,-0.1401583,1500,1485,train
1148,1.5679554,1.4350696,-0.13288581,1500,1485,train
1149,1.5679474,1.4432318,-0.12471557,1500,1485,train
1150,1.5679392,1.446017,-0.121922135,1500,1485,train
1151,1.567931,1.4388552,-0.12907588,1500,1485,train
1152,1.5679228,1.4768221,-0.09110069,1500,1485,train
1153,1.5679145,1.4727416,-0.09517288,1500,1485,train
1154,1.5679061,1.4715092,-0.09639692,1500,1485,train
1155,1.5678978,1.4762073,-0.09169054,1500,1485,train
1156,1.5678893,1.4820079,-0.08588147,1500,1485,train
1157,1.5678809,1.4725875,-0.0952934,1500,1485,train
1158,1.5678724,1.4733723,-0.094500065,1500,1485,train
1159,1.5678638,1.4663262,-0.101537585,1500,1485,train
1160,1.5678551,1.4778681,-0.08998704,1500,1485,train
1161,1.5678465,1.4836305,-0.084216,1500,1485,train
1162,1.5678377,1.4711463,-0.09669137,1500,1485,train
1163,1.567829,1.4906262,-0.0772028,1500,1485,train
1164,1.5678202,1.4883507,-0.07946944,1500,1485,train
1165,1.5678113,1.4761661,-0.09164512,1500,1485,train
1166,1.5678023,1.4873922,-0.08041012,1500,1485,train
1167,1.5677934,1.4858185,-0.081974864,1500,1485,train
1168,1.5677843,1.4666243,-0.10116005,1500,1485,train
1169,1.5677751,1.4828768,-0.08489835,1500,1485,train
1170,1.5677661,1.4831048,-0.084661245,1500,1485,train
1171,1.5677568,1.482487,-0.08526981,1500,1485,train
1172,1.5677476,1.4553688,-0.112378836,1500,1485,train
1173,1.5677382,1.4675988,-0.10013938,1500,1485,train
1174,1.5677289,1.4589388,-0.10879004,1500,1485,train
1175,1.5677195,1.4628577,-0.10486174,1500,1485,train
1176,1.5677099,1.4620312,-0.10567868,1500,1485,train
1177,1.5677004,1.4509255,-0.11677492,1500,1485,train
1178,1.5676907,1.4605885,-0.107102275,1500,1485,train
1179,1.5676811,1.4316416,-0.1360395,1500,1485,train
1180,1.5676713,1.455727,-0.11194432,1500,1485,train
1181,1.5676615,1.4639342,-0.10372734,1500,1485,train
1182,1.5676516,1.4551587,-0.11249292,1500,1485,train
1183,1.5676417,1.4601266,-0.1075151,1500,1485,train
1184,1.5676317,1.4589105,-0.108721256,1500,1485,train
1185,1.5676217,1.4465736,-0.12104809,1500,1485,train
1186,1.5676116,1.4546613,-0.112950325,1500,1485,train
1187,1.5676014,1.4587408,-0.10886061,1500,1485,train
1188,1.5675912,1.4543785,-0.113212705,1500,1485,train
1189,1.5675809,1.4434575,-0.124123454,1500,1485,train
1190,1.5675706,1.4628847,-0.1046859,1500,1485,train
1191,1.5675601,1.44544,-0.12212002,1500,1485,train
1192,1.5675496,1.4549345,-0.11261511,1500,1485,train
1193,1.567539,1.4335706,-0.13396835,1500,1485,train
1194,1.5675284,1.4459374,-0.12159097,1500,1485,train
1195,1.5675176,1.4427791,-0.124738574,1500,1485,train
1196,1.5675069,1.4413106,-0.12619627,1500,1485,train
1197,1.5674961,1.4336001,-0.133896,1500,1485,train
1198,1.5674851,1.4273744,-0.14011073,1500,1485,train
1199,1.5674741,1.4081163,-0.15935779,1500,1485,train
1200,1.567463,1.420771,-0.14669204,1500,1485,train
1201,1.5674518,1.3943558,-0.17309606,1500,1485,train
1202,1.5674406,1.4085375,-0.15890312,1500,1485,train
1203,1.5674293,1.4024818,-0.16494751,1500,1485,train
1204,1.567418,1.4026914,-0.16472661,1500,1485,train
1205,1.5674065,1.3967204,-0.17068613,1500,1485,train
1206,1.567395,1.3908283,-0.17656672,1500,1485,train
1207,1.5673834,1.3803526,-0.18703079,1500,1485,train
1208,1.5673717,1.4024022,-0.16496956,1500,1485,train
1209,1.5673599,1.3741548,-0.19320512,1500,1485,train
1210,1.5673481,1.3741485,-0.19319963,1500,1485,train
1211,1.5673361,1.377335,-0.19000113,1500,1485,train
1212,1.5673242,1.3802423,-0.18708181,1500,1485,train
1213,1.567312,1.3982177,-0.16909432,1500,1485,train
1214,1.5672998,1.389195,-0.17810488,1500,1485,train
1215,1.5672876,1.395212,-0.17207551,1500,1485,train
1216,1.5672752,1.4180875,-0.14918768,1500,1485,train
1217,1.5672628,1.4060657,-0.16119707,1500,1485,train
1218,1.5672503,1.4098619,-0.15738833,1500,1485,train
1219,1.5672376,1.401903,-0.16533458,1500,1485,train
1220,1.5672249,1.3903152,-0.17690969,1500,1485,train
1221,1.5672121,1.4072864,-0.1599257,1500,1485,train
1222,1.5671992,1.4142535,-0.15294576,1500,1485,train
1223,1.5671862,1.408111,-0.15907526,1500,1485,train
1224,1.5671731,1.4188225,-0.1483506,1500,1485,train
1225,1.56716,1.4067751,-0.1603849,1500,1485,train
1226,1.5671467,1.4045024,-0.16264427,1500,1485,train
1227,1.5671333,1.4005998,-0.16653347,1500,1485,train
1228,1.5671198,1.4011375,-0.16598237,1500,1485,train
1229,1.5671064,1.4049237,-0.16218269,1500,1485,train
1230,1.5670927,1.4113597,-0.15573299,1500,1485,train
1231,1.5670788,1.4091785,-0.15790033,1500,1485,train
1232,1.567065,1.395957,-0.171108,1500,1485,train
1233,1.567051,1.3878348,-0.17921627,1500,1485,train
1234,1.567037,1.4030123,-0.16402471,1500,1485,train
1235,1.5670228,1.3981087,-0.16891408,1500,1485,train
1236,1.5670085,1.4021536,-0.16485488,1500,1485,train
1237,1.5669941,1.4007783,-0.16621578,1500,1485,train
1238,1.5669795,1.4010853,-0.16589427,1500,1485,train
1239,1.566965,1.4071724,-0.15979254,1500,1485,train
1240,1.5669502,1.422807,-0.14414322,1500,1485,train
1241,1.5669353,1.434678,-0.13225734,1500,1485,train
1242,1.5669204,1.4080195,-0.15890086,1500,1485,train
1243,1.5669053,1.4061606,-0.16074467,1500,1485,train
1244,1.5668901,1.4188539,-0.14803624,1500,1485,train
1245,1.5668747,1.428285,-0.13858974,1500,1485,train
1246,1.5668594,1.4024106,-0.16444874,1500,1485,train
1247,1.5668437,1.420157,-0.14668679,1500,1485,train
1248,1.5668281,1.4525715,-0.11425662,1500,1485,train
1249,1.5668123,1.4527786,-0.1140337,1500,1485,train
1250,1.5667963,1.4467194,-0.120076895,1500,1485,train
1251,1.5667803,1.4297304,-0.13704991,1500,1485,train
1252,1.5667641,1.4252844,-0.14147973,1500,1485,train
1253,1.5667478,1.4381645,-0.12858331,1500,1485,train
1254,1.5667313,1.439283,-0.12744832,1500,1485,train
1255,1.5667148,1.4559246,-0.11079013,1500,1485,train
1256,1.566698,1.4496872,-0.11701071,1500,1485,train
1257,1.5666811,1.4420879,-0.12459326,1500,1485,train
1258,1.5666641,1.4558895,-0.110774636,1500,1485,train
1259,1.5666469,1.4502536,-0.11639333,1500,1485,train
1260,1.5666296,1.4655918,-0.10103786,1500,1485,train
1261,1.5666122,1.4327446,-0.13386762,1500,1485,train
1262,1.5665947,1.4447744,-0.12182033,1500,1485,train
1263,1.566577,1.4586987,-0.10787821,1500,1485,train
1264,1.5665591,1.4295256,-0.13703346,1500,1485,train
1265,1.5665411,1.4423482,-0.124192834,1500,1485,train
1266,1.5665228,1.4271815,-0.13934135,1500,1485,train
1267,1.5665045,1.4313381,-0.1351664,1500,1485,train
1268,1.566486,1.4313087,-0.13517725,1500,1485,train
1269,1.5664674,1.4079852,-0.1584822,1500,1485,train
1270,1.5664486,1.4288532,-0.13759542,1500,1485,train
1271,1.5664295,1.4377601,-0.12866938,1500,1485,train
1272,1.5664104,1.423744,-0.14266646,1500,1485,train
1273,1.5663911,1.4234841,-0.14290702,1500,1485,train
1274,1.5663716,1.3955135,-0.17085803,1500,1485,train
1275,1.5663519,1.4245354,-0.1418165,1500,1485,train
1276,1.5663321,1.4233751,-0.14295697,1500,1485,train
1277,1.5663121,1.4090016,-0.15731049,1500,1485,train
1278,1.5662918,1.4184805,-0.1478113,1500,1485,train
1279,1.5662714,1.4281863,-0.13808513,1500,1485,train
1280,1.5662509,1.4694103,-0.09684062,1500,1485,train
1281,1.5662302,1.4729813,-0.093248844,1500,1485,train
1282,1.5662092,1.4796901,-0.08651912,1500,1485,train
1283,1.5661881,1.4842962,-0.081891894,1500,1485,train
1284,1.5661668,1.4611177,-0.105049014,1500,1485,train
1285,1.5661452,1.4540079,-0.11213732,1500,1485,train
1286,1.5661235,1.4557536,-0.11036992,1500,1485,train
1287,1.5661016,1.476553,-0.08954859,1500,1485,train
1288,1.5660794,1.4691284,-0.09695101,1500,1485,train
1289,1.566057,1.4712692,-0.09478772,1500,1485,train
1290,1.5660344,1.4756826,-0.09035182,1500,1485,train
1291,1.5660117,1.4707731,-0.09523857,1500,1485,train
1292,1.5659887,1.4744871,-0.09150159,1500,1485,train
1293,1.5659654,1.4660418,-0.09992361,1500,1485,train
1294,1.565942,1.4655461,-0.10039592,1500,1485,train
1295,1.5659183,1.4806153,-0.08530307,1500,1485,train
1296,1.5658944,1.4574344,-0.10845995,1500,1485,train
1297,1.5658703,1.4736624,-0.09220791,1500,1485,train
1298,1.5658458,1.4676491,-0.098196745,1500,1485,train
1299,1.5658213,1.4671078,-0.09871352,1500,1485,train
1300,1.5657964,1.4555354,-0.11026096,1500,1485,train
1301,1.5657712,1.4477838,-0.117987394,1500,1485,train
1302,1.5657458,1.4624732,-0.10327268,1500,1485,train
1303,1.5657202,1.4756562,-0.09006405,1500,1485,train
1304,1.5656943,1.4368389,-0.12885547,1500,1485,train
1305,1.5656682,1.4495888,-0.11607945,1500,1485,train
1306,1.5656418,1.4503787,-0.115263104,1500,1485,train
1307,1.565615,1.4573258,-0.10828924,1500,1485,train
1308,1.565588,1.4359441,-0.12964392,1500,1485,train
1309,1.5655608,1.4413552,-0.12420559,1500,1485,train
1310,1.5655332,1.4533119,-0.11222124,1500,1485,train
1311,1.5655054,1.453328,-0.11217737,1500,1485,train
1312,1.5654773,1.4391496,-0.12632763,1500,1485,train
1313,1.5654488,1.444616,-0.1208328,1500,1485,train
1314,1.56542,1.4356303,-0.12978971,1500,1485,train
1315,1.565391,1.4310023,-0.13438869,1500,1485,train
1316,1.5653616,1.4088199,-0.1565417,1500,1485,train
1317,1.5653319,1.4169457,-0.14838624,1500,1485,train
1318,1.5653019,1.4142516,-0.15105033,1500,1485,train
1319,1.5652715,1.446177,-0.11909449,1500,1485,train
1320,1.5652409,1.4368751,-0.12836576,1500,1485,train
1321,1.5652097,1.4205035,-0.14470625,1500,1485,train
1322,1.5651784,1.4395276,-0.12565076,1500,1485,train
1323,1.5651467,1.4370749,-0.12807178,1500,1485,train
1324,1.5651146,1.4049617,-0.16015291,1500,1485,train
1325,1.5650821,1.4254959,-0.13958621,1500,1485,train
1326,1.5650493,1.4302441,-0.1348052,1500,1485,train
1327,1.565016,1.4426742,-0.12234187,1500,1485,train
1328,1.5649824,1.4520049,-0.112977505,1500,1485,train
1329,1.5649484,1.4564767,-0.10847175,1500,1485,train
1330,1.564914,1.4299061,-0.13500786,1500,1485,train
1331,1.5648792,1.4363396,-0.12853956,1500,1485,train
1332,1.564844,1.4094408,-0.15540326,1500,1485,train
1333,1.5648084,1.4233752,-0.14143312,1500,1485,train
1334,1.5647722,1.4180566,-0.14671564,1500,1485,train
1335,1.5647358,1.4297899,-0.13494587,1500,1485,train
1336,1.5646988,1.3978075,-0.16689134,1500,1485,train
1337,1.5646614,1.3986372,-0.16602421,1500,1485,train
1338,1.5646236,1.405936,-0.15868759,1500,1485,train
1339,1.5645852,1.4164248,-0.14816046,1500,1485,train
1340,1.5645465,1.4002991,-0.1642474,1500,1485,train
1341,1.5645071,1.3908808,-0.1736263,1500,1485,train
1342,1.5644673,1.4157507,-0.14871657,1500,1485,train
1343,1.564427,1.41502,-0.14940703,1500,1485,train
1344,1.5643861,1.4242535,-0.14013267,1500,1485,train
1345,1.5643448,1.4216638,-0.142681,1500,1485,train
1346,1.5643029,1.4230489,-0.14125407,1500,1485,train
1347,1.5642605,1.4183327,-0.14592779,1500,1485,train
1348,1.5642174,1.4113727,-0.15284479,1500,1485,train
1349,1.5641739,1.4054933,-0.15868068,1500,1485,train
1350,1.5641297,1.415813,-0.14831674,1500,1485,train
1351,1.564085,1.4095194,-0.15456557,1500,1485,train
1352,1.5640397,1.4141183,-0.14992142,1500,1485,train
1353,1.5639937,1.4100386,-0.1539551,1500,1485,train
1354,1.5639471,1.4162902,-0.14765692,1500,1485,train
1355,1.5638999,1.4230229,-0.14087701,1500,1485,train
1356,1.563852,1.4279013,-0.13595068,1500,1485,train
1357,1.5638034,1.429495,-0.13430846,1500,1485,train
1358,1.5637542,1.4288163,-0.13493788,1500,1485,train
1359,1.5637043,1.4262228,-0.13748145,1500,1485,train
1360,1.5636536,1.4306749,-0.13297868,1500,1485,train
1361,1.5636022,1.4341266,-0.1294756,1500,1485,train
1362,1.5635501,1.4208186,-0.14273155,1500,1485,train
1363,1.5634972,1.4320645,-0.13143265,1500,1485,train
1364,1.5634435,1.412859,-0.15058458,1500,1485,train
1365,1.5633891,1.4174075,-0.14598155,1500,1485,train
1366,1.5633337,1.4183133,-0.14502048,1500,1485,train
1367,1.5632777,1.4196364,-0.14364135,1500,1485,train
1368,1.5632207,1.4076737,-0.15554702,1500,1485,train
1369,1.5631629,1.4137994,-0.14936352,1500,1485,train
1370,1.5631042,1.4258397,-0.13726449,1500,1485,train
1371,1.5630445,1.4246736,-0.13837099,1500,1485,train
1372,1.562984,1.4274538,-0.13553023,1500,1485,train
1373,1.5629225,1.4257452,-0.13717723,1500,1485,train
1374,1.56286,1.434761,-0.12809896,1500,1485,train
1375,1.5627965,1.4260572,-0.13673925,1500,1485,train
1376,1.562732,1.4506319,-0.112100124,1500,1485,train
1377,1.5626664,1.4499102,-0.11275625,1500,1485,train
1378,1.5625998,1.4428854,-0.11971438,1500,1485,train
1379,1.5625321,1.4454025,-0.117129564,1500,1485,train
1380,1.5624632,1.4415894,-0.12087381,1500,1485,train
1381,1.5623932,1.4430163,-0.1193769,1500,1485,train
1382,1.5623219,1.4454594,-0.116862535,1500,1485,train
1383,1.5622495,1.4482739,-0.113975644,1500,1485,train
1384,1.5621759,1.4460837,-0.116092205,1500,1485,train
1385,1.5621009,1.4473945,-0.1147064,1500,1485,train
1386,1.5620246,1.460037,-0.1019876,1500,1485,train
1387,1.561947,1.4627106,-0.09923637,1500,1485,train
1388,1.561868,1.4643,-0.097567916,1500,1485,train
1389,1.5617876,1.4582916,-0.103495955,1500,1485,train
1390,1.5617057,1.4627231,-0.09898257,1500,1485,train
1391,1.5616223,1.4625789,-0.09904337,1500,1485,train
1392,1.5615374,1.4589853,-0.10255206,1500,1485,train
1393,1.5614508,1.4501463,-0.11130452,1500,1485,train
1394,1.5613626,1.4443371,-0.117025495,1500,1485,train
1395,1.5612729,1.447152,-0.11412084,1500,1485,train
1396,1.5611812,1.437749,-0.12343216,1500,1485,train
1397,1.5610878,1.4412638,-0.11982405,1500,1485,train
1398,1.5609927,1.4372286,-0.12376416,1500,1485,train
1399,1.5608957,1.4468452,-0.11405051,1500,1485,train
1400,1.5607966,1.3992786,-0.16151798,1500,1485,train
1401,1.5606956,1.4076741,-0.15302157,1500,1485,train
1402,1.5605927,1.4182533,-0.14233935,1500,1485,train
1403,1.5604874,1.4205256,-0.13996184,1500,1485,train
1404,1.56038,1.3737618,-0.18661821,1500,1485,train
1405,1.5602704,1.3726944,-0.18757606,1500,1485,train
1406,1.5601584,1.3967491,-0.16340923,1500,1485,train
1407,1.560044,1.3594698,-0.20057428,1500,1485,train
1408,1.5599272,1.3255895,-0.23433769,1500,1485,train
1409,1.5598078,1.3168648,-0.24294293,1500,1485,train
1410,1.5596857,1.2679362,-0.29174948,1500,1485,train
1411,1.5595609,1.2594998,-0.3000611,1500,1485,train
1412,1.5594332,1.2236527,-0.3357805,1500,1485,train
1413,1.5593026,1.249603,-0.30969954,1500,1485,train
1414,1.5591689,1.2526531,-0.3065158,1500,1485,train
1415,1.5590322,1.2659013,-0.29313087,1500,1485,train
1416,1.5588921,1.1566991,-0.40219307,1500,1485,train
1417,1.5587487,1.1801306,-0.37861812,1500,1485,train
1418,1.5586019,1.230351,-0.32825089,1500,1485,train
1419,1.5584513,1.1817955,-0.37665582,1500,1485,train
1420,1.5582969,1.1555641,-0.40273285,1500,1485,train
1421,1.5581387,1.079848,-0.47829068,1500,1485,train
1422,1.5579765,1.0828872,-0.4750893,1500,1485,train
1423,1.5578101,1.0656543,-0.4921558,1500,1485,train
1424,1.5576392,1.1114763,-0.44616294,1500,1485,train
1425,1.5574638,1.0747428,-0.48272097,1500,1485,train
1426,1.5572836,1.0151336,-0.54215,1500,1485,train
1427,1.5570985,0.9973229,-0.5597756,1500,1485,train
1428,1.5569084,0.91573834,-0.64117,1500,1485,train
1429,1.5567127,0.9863901,-0.57032263,1500,1485,train
1430,1.5565116,0.9439196,-0.61259204,1500,1485,train
1431,1.5563046,0.9855805,-0.57072407,1500,1485,train
1432,1.5560915,0.8776423,-0.6784493,1500,1485,train
1433,1.5558721,0.94607234,-0.60979974,1500,1485,train
1434,1.555646,0.92369044,-0.6319555,1500,1485,train
1435,1.5554129,0.8811288,-0.6742841,1500,1485,train
1436,1.5551726,0.83273846,-0.7224341,1500,1485,train
1437,1.5549246,0.78823495,-0.76668966,1500,1485,train
1438,1.5546687,0.77839375,-0.7762749,1500,1485,train
1439,1.5544044,0.77853477,-0.7758696,1500,1485,train
1440,1.5541312,0.85631466,-0.6978165,1500,1485,train
1441,1.5538487,0.8604708,-0.693378,1500,1485,train
1442,1.5535567,0.73344254,-0.82011414,1500,1485,train
1443,1.5532542,0.7182818,-0.83497244,1500,1485,train
1444,1.5529411,0.6260185,-0.92692256,1500,1485,train
1445,1.5526165,0.6763723,-0.8762442,1500,1485,train
1446,1.55228,0.63133216,-0.9209478,1500,1485,train
1447,1.5519307,0.63424313,-0.91768754,1500,1485,train
1448,1.5515679,0.64591515,-0.90565276,1500,1485,train
1449,1.551191,0.650689,-0.90050197,1500,1485,train
1450,1.550799,0.66904604,-0.88175297,1500,1485,train
1451,1.550391,0.6391599,-0.91123104,1500,1485,train
1452,1.549966,0.56203026,-0.9879357,1500,1485,train
1453,1.549523,0.4796105,-1.0699124,1500,1485,train
1454,1.5490606,0.40900856,-1.1400521,1500,1485,train
1455,1.5485778,0.4334043,-1.1151735,1500,1485,train
1456,1.5480729,0.60488623,-0.9431867,1500,1485,train
1457,1.5475447,0.5300929,-1.0174518,1500,1485,train
1458,1.5469913,0.47824383,-1.0687475,1500,1485,train
1459,1.5464109,0.47478944,-1.0716214,1500,1485,train
1460,1.5458015,0.39913064,-1.1466708,1500,1485,train
1461,1.5451609,0.4546374,-1.0905235,1500,1485,train
1462,1.5444866,0.391248,-1.1532387,1500,1485,train
1463,1.5437759,0.44787356,-1.0959023,1500,1485,train
1464,1.5430257,0.4410016,-1.1020241,1500,1485,train
1465,1.5422326,0.473132,-1.0691006,1500,1485,train
1466,1.541393,0.33363152,-1.2077615,1500,1485,train
1467,1.5405025,0.3220353,-1.2184672,1500,1485,train
1468,1.5395565,0.2583135,-1.281243,1500,1485,train
1469,1.5385494,0.20320608,-1.3353434,1500,1485,train
1470,1.5374753,0.20257238,-1.334903,1500,1485,train
1471,1.5363272,0.1731393,-1.3631879,1500,1485,train
1472,1.5350972,0.37683567,-1.1582615,1500,1485,train
1473,1.5337762,0.34193027,-1.1918459,1500,1485,train
1474,1.5323538,0.24185067,-1.290503,1500,1485,train
1475,1.5308176,0.1668903,-1.3639274,1500,1485,train
1476,1.5291537,0.095877886,-1.4332758,1500,1485,train
1477,1.5273454,0.18771376,-1.3396317,1500,1485,train
1478,1.5253731,0.14706533,-1.3783078,1500,1485,train
1479,1.5232133,0.18815005,-1.3350632,1500,1485,train
1480,1.5208379,0.11453847,-1.4062995,1500,1485,train
1481,1.5182133,0.109755255,-1.408458,1500,1485,train
1482,1.5152978,0.12501647,-1.3902813,1500,1485,train
1483,1.5120405,0.08808136,-1.4239591,1500,1485,train
1484,1.5083776,0.087143786,-1.4212338,1500,1485,train
1485,1.5042281,-0.021840949,-1.526069,1500,1485,train
1486,1.4994888,-0.02851067,-1.5279995,1500,1485,train
1487,1.4940244,-0.04218372,-1.5362082,1500,1485,train
1488,1.487655,-0.17835407,-1.6660091,1500,1485,train
1489,1.4801364,-0.28350863,-1.763645,1500,1485,train
1490,1.4711276,-0.28808987,-1.7592175,1500,1485,train
1491,1.4601392,-0.26334757,-1.7234867,1500,1485,train
1492,1.4464413,-0.34489286,-1.7913342,1500,1485,train
1493,1.4288993,-0.31672925,-1.7456286,1500,1485,train
1494,1.4056476,-0.395495,-1.8011427,1500,1485,train
1495,1.3734008,-0.33485723,-1.708258,1500,1485,train
1496,1.3258177,-0.77611053,-2.1019282,1500,1485,train
1497,1.2490457,-0.73081815,-1.9798639,1500,1485,train
1498,1.1071488,-0.765466,-1.8726147,1500,1485,train
1499,0.7853982,-0.8592942,-1.6446924,1500,1485,train
1500,-0.0,-0.93162036,-0.93162036,1500,1485,train
1501,-0.7853982,-0.89311105,-0.107712865,1500,1485,train
1502,-1.1071488,-0.9171722,0.18997657,1500,1485,train
1503,-1.2490457,-0.95563567,0.29341006,1500,1485,train
1504,-1.3258177,-1.1212552,0.20456254,1500,1485,train
1505,-1.3734008,-1.0992773,0.27412355,1500,1485,train
1506,-1.4056476,-1.1589758,0.2466718,1500,1485,train
1507,-1.4288993,-1.1748728,0.25402653,1500,1485,train
1508,-1.4464413,-1.1694959,0.27694535,1500,1485,train
1509,-1.4601392,-1.1515284,0.3086108,1500,1485,train
1510,-1.4711276,-1.1593266,0.31180108,1500,1485,train
1511,-1.4801364,-1.1570379,0.32309854,1500,1485,train
1512,-1.487655,-1.1777799,0.30987513,1500,1485,train
1513,-1.4940244,-1.1754785,0.31854594,1500,1485,train
1514,-1.4994888,-1.1891674,0.31032145,1500,1485,train
1515,-1.5042281,-1.1723502,0.33187795,1500,1485,train
1516,-1.5083776,-1.2007072,0.30767035,1500,1485,train
1517,-1.5120405,-1.2288443,0.2831962,1500,1485,train
1518,-1.5152978,-1.2194762,0.29582155,1500,1485,train
1519,-1.5182133,-1.2423742,0.2758391,1500,1485,train
1520,-1.5208379,-1.2501948,0.27064312,1500,1485,train
1521,-1.5232133,-1.2713954,0.25181782,1500,1485,train
1522,-1.5253731,-1.274899,0.2504741,1500,1485,train
1523,-1.5273454,-1.274197,0.25314844,1500,1485,train
1524,-1.5291537,-1.2841094,0.24504435,1500,1485,train
1525,-1.5308176,-1.2876334,0.24318421,1500,1485,train
1526,-1.5323538,-1.2650214,0.26733232,1500,1485,train
1527,-1.5337762,-1.2724094,0.26136672,1500,1485,train
1528,-1.5350972,-1.2667632,0.26833403,1500,1485,train
1529,-1.5363272,-1.2753006,0.26102662,1500,1485,train
1530,-1.5374753,-1.2811491,0.2563262,1500,1485,train
1531,-1.5385494,-1.3036973,0.23485208,1500,1485,train
1532,-1.5395565,-1.3081073,0.23144925,1500,1485,train
1533,-1.5405025,-1.3136395,0.22686303,1500,1485,train
1534,-1.541393,-1.3153234,0.22606969,1500,1485,train
1535,-1.5422326,-1.3305416,0.21169102,1500,1485,train
1536,-1.5430257,-1.3314723,0.21155345,1500,1485,train
1537,-1.5437759,-1.3485599,0.19521606,1500,1485,train
1538,-1.5444866,-1.3282515,0.21623516,1500,1485,train
1539,-1.5451609,-1.3430493,0.2021116,1500,1485,train
1540,-1.5458015,-1.3414727,0.20432878,1500,1485,train
1541,-1.5464109,-1.3695738,0.17683709,1500,1485,train
1542,-1.5469913,-1.3516855,0.19530582,1500,1485,train
1543,-1.5475447,-1.3486419,0.19890285,1500,1485,train
1544,-1.5480729,-1.354477,0.19359589,1500,1485,train
1545,-1.5485778,-1.3508854,0.1976924,1500,1485,train
1546,-1.5490606,-1.3730944,0.17596614,1500,1485,train
1547,-1.549523,-1.33694,0.21258295,1500,1485,train
1548,-1.549966,-1.364954,0.18501198,1500,1485,train
1549,-1.550391,-1.3419335,0.20845747,1500,1485,train
1550,-1.550799,-1.3734505,0.1773485,1500,1485,train
1551,-1.551191,-1.3841891,0.16700184,1500,1485,train
1552,-1.5515679,-1.347904,0.20366395,1500,1485,train
1553,-1.5519307,-1.3636712,0.18825948,1500,1485,train
1554,-1.55228,-1.3447242,0.20755577,1500,1485,train
1555,-1.5526165,-1.3538821,0.1987344,1500,1485,train
1556,-1.5529411,-1.3603351,0.19260597,1500,1485,train
1557,-1.5532542,-1.3410057,0.21224856,1500,1485,train
1558,-1.5535567,-1.3437189,0.2098378,1500,1485,train
1559,-1.5538487,-1.3291073,0.22474146,1500,1485,train
1560,-1.5541312,-1.3453398,0.20879138,1500,1485,train
1561,-1.5544044,-1.3301861,0.22421825,1500,1485,train
1562,-1.5546687,-1.3125181,0.24215055,1500,1485,train
1563,-1.5549246,-1.366976,0.18794858,1500,1485,train
1564,-1.5551726,-1.3429531,0.21221948,1500,1485,train
1565,-1.5554129,-1.3510684,0.20434451,1500,1485,train
1566,-1.555646,-1.3305405,0.2251054,1500,1485,train
1567,-1.5558721,-1.3238943,0.23197782,1500,1485,train
1568,-1.5560915,-1.3331347,0.2229569,1500,1485,train
1569,-1.5563046,-1.3275397,0.22876489,1500,1485,train
1570,-1.5565116,-1.3243887,0.2321229,1500,1485,train
1571,-1.5567127,-1.3370639,0.21964884,1500,1485,train
1572,-1.5569084,-1.3434849,0.21342349,1500,1485,train
1573,-1.5570985,-1.3352921,0.2218064,1500,1485,train
1574,-1.5572836,-1.3436759,0.21360779,1500,1485,train
1575,-1.5574638,-1.3665388,0.190925,1500,1485,train
1576,-1.5576392,-1.3721915,0.1854477,1500,1485,train
1577,-1.5578101,-1.3584746,0.19933546,1500,1485,train
1578,-1.5579765,-1.3499005,0.208076,1500,1485,train
1579,-1.5581387,-1.3491626,0.20897615,1500,1485,train
1580,-1.5582969,-1.3611281,0.19716883,1500,1485,train
1581,-1.5584513,-1.370642,0.18780935,1500,1485,train
1582,-1.5586019,-1.3642559,0.19434595,1500,1485,train
1583,-1.5587487,-1.3771305,0.18161821,1500,1485,train
1584,-1.5588921,-1.3572524,0.20163977,1500,1485,train
1585,-1.5590322,-1.3729544,0.18607783,1500,1485,train
1586,-1.5591689,-1.3539734,0.20519555,1500,1485,train
1587,-1.5593026,-1.3716989,0.18760371,1500,1485,train
1588,-1.5594332,-1.3606966,0.19873667,1500,1485,train
1589,-1.5595609,-1.349391,0.21016991,1500,1485,train
1590,-1.5596857,-1.3550763,0.2046094,1500,1485,train
1591,-1.5598078,-1.3670107,0.19279706,1500,1485,train
1592,-1.5599272,-1.3496727,0.21025455,1500,1485,train
1593,-1.560044,-1.3502431,0.20980096,1500,1485,train
1594,-1.5601584,-1.3665895,0.19356883,1500,1485,train
1595,-1.5602704,-1.3718336,0.18843687,1500,1485,train
1596,-1.56038,-1.366831,0.19354904,1500,1485,train
1597,-1.5604874,-1.3626072,0.19788015,1500,1485,train
1598,-1.5605927,-1.3462439,0.2143488,1500,1485,train
1599,-1.5606956,-1.3731797,0.18751597,1500,1485,train
1600,-1.5607966,-1.349896,0.21090066,1500,1485,train
1601,-1.5608957,-1.3667586,0.1941371,1500,1485,train
1602,-1.5609927,-1.379529,0.18146372,1500,1485,train
1603,-1.5610878,-1.3829749,0.17811298,1500,1485,train
1604,-1.5611812,-1.3733978,0.18778336,1500,1485,train
1605,-1.5612729,-1.3673584,0.19391441,1500,1485,train
1606,-1.5613626,-1.3731605,0.18820214,1500,1485,train
1607,-1.5614508,-1.3778574,0.18359339,1500,1485,train
1608,-1.5615374,-1.3868477,0.17468965,1500,1485,train
1609,-1.5616223,-1.3798896,0.18173265,1500,1485,train
1610,-1.5617057,-1.3699117,0.19179404,1500,1485,train
1611,-1.5617876,-1.3749418,0.18684578,1500,1485,train
1612,-1.561868,-1.3894451,0.17242289,1500,1485,train
1613,-1.561947,-1.3816893,0.18025768,1500,1485,train
1614,-1.5620246,-1.3955383,0.16648626,1500,1485,train
1615,-1.5621009,-1.4012244,0.16087651,1500,1485,train
1616,-1.5621759,-1.3868291,0.17534673,1500,1485,train
1617,-1.5622495,-1.3942554,0.16799414,1500,1485,train
1618,-1.5623219,-1.3903337,0.17198825,1500,1485,train
1619,-1.5623932,-1.4001199,0.16227329,1500,1485,train
1620,-1.5624632,-1.4114789,0.15098429,1500,1485,train
1621,-1.5625321,-1.4051262,0.15740585,1500,1485,train
1622,-1.5625998,-1.3983011,0.16429865,1500,1485,train
1623,-1.5626664,-1.3947183,0.16794813,1500,1485,train
1624,-1.562732,-1.3881915,0.17454052,1500,1485,train
1625,-1.5627965,-1.3728414,0.18995512,1500,1485,train
1626,-1.56286,-1.3857744,0.17708564,1500,1485,train
1627,-1.5629225,-1.3936915,0.16923094,1500,1485,train
1628,-1.562984,-1.3939651,0.16901886,1500,1485,train
1629,-1.5630445,-1.3998196,0.16322494,1500,1485,train
1630,-1.5631042,-1.3899804,0.17312372,1500,1485,train
1631,-1.5631629,-1.3887895,0.17437339,1500,1485,train
1632,-1.5632207,-1.398453,0.16476774,1500,1485,train
1633,-1.5632777,-1.4030366,0.16024113,1500,1485,train
1634,-1.5633337,-1.4082203,0.15511346,1500,1485,train
1635,-1.5633891,-1.4046786,0.15871048,1500,1485,train
1636,-1.5634435,-1.4091997,0.15424383,1500,1485,train
1637,-1.5634972,-1.4144137,0.1490835,1500,1485,train
1638,-1.5635501,-1.4094222,0.15412796,1500,1485,train
1639,-1.5636022,-1.4022269,0.16137528,1500,1485,train
1640,-1.5636536,-1.3944411,0.16921246,1500,1485,train
1641,-1.5637043,-1.4157586,0.14794564,1500,1485,train
1642,-1.5637542,-1.4082732,0.15548098,1500,1485,train
1643,-1.5638034,-1.4132736,0.15052986,1500,1485,train
1644,-1.563852,-1.397646,0.166206,1500,1485,train
1645,-1.5638999,-1.4022697,0.16163015,1500,1485,train
1646,-1.5639471,-1.408145,0.15580213,1500,1485,train
1647,-1.5639937,-1.4003446,0.16364908,1500,1485,train
1648,-1.5640397,-1.4014921,0.16254759,1500,1485,train
1649,-1.564085,-1.3993737,0.16471136,1500,1485,train
1650,-1.5641297,-1.395772,0.16835773,1500,1485,train
1651,-1.5641739,-1.40401,0.16016388,1500,1485,train
1652,-1.5642174,-1.4063592,0.15785825,1500,1485,train
1653,-1.5642605,-1.3907156,0.17354488,1500,1485,train
1654,-1.5643029,-1.3872473,0.1770556,1500,1485,train
1655,-1.5643448,-1.398001,0.16634381,1500,1485,train
1656,-1.5643861,-1.3838811,0.18050504,1500,1485,train
1657,-1.564427,-1.3992683,0.16515875,1500,1485,train
1658,-1.5644673,-1.3980397,0.16642761,1500,1485,train
1659,-1.5645071,-1.3961961,0.168311,1500,1485,train
1660,-1.5645465,-1.4125757,0.15197074,1500,1485,train
1661,-1.5645852,-1.4049473,0.15963793,1500,1485,train
1662,-1.5646236,-1.4220014,0.14262223,1500,1485,train
1663,-1.5646614,-1.425467,0.13919437,1500,1485,train
1664,-1.5646988,-1.4251845,0.13951433,1500,1485,train
1665,-1.5647358,-1.4229128,0.14182293,1500,1485,train
1666,-1.5647722,-1.4211994,0.1435728,1500,1485,train
1667,-1.5648084,-1.4224168,0.14239156,1500,1485,train
1668,-1.564844,-1.4292312,0.13561285,1500,1485,train
1669,-1.5648792,-1.4256871,0.1391921,1500,1485,train
1670,-1.564914,-1.4346666,0.13024735,1500,1485,train
1671,-1.5649484,-1.4292455,0.13570297,1500,1485,train
1672,-1.5649824,-1.4275837,0.13739872,1500,1485,train
1673,-1.565016,-1.4342892,0.13072681,1500,1485,train
1674,-1.5650493,-1.4369117,0.12813759,1500,1485,train
1675,-1.5650821,-1.4239234,0.1411587,1500,1485,train
1676,-1.5651146,-1.4428105,0.12230408,1500,1485,train
1677,-1.5651467,-1.4342685,0.13087821,1500,1485,train
1678,-1.5651784,-1.4459188,0.119259596,1500,1485,train
1679,-1.5652097,-1.4431221,0.1220876,1500,1485,train
1680,-1.5652409,-1.4289877,0.13625312,1500,1485,train
1681,-1.5652715,-1.4380713,0.12720025,1500,1485,train
1682,-1.5653019,-1.4387589,0.12654305,1500,1485,train
1683,-1.5653319,-1.4426982,0.122633696,1500,1485,train
1684,-1.5653616,-1.441541,0.12382066,1500,1485,train
1685,-1.565391,-1.424593,0.14079797,1500,1485,train
1686,-1.56542,-1.4315605,0.13385952,1500,1485,train
1687,-1.5654488,-1.4327762,0.13267255,1500,1485,train
1688,-1.5654773,-1.4290493,0.136428,1500,1485,train
1689,-1.5655054,-1.4220841,0.14342129,1500,1485,train
1690,-1.5655332,-1.4184175,0.1471157,1500,1485,train
1691,-1.5655608,-1.4365437,0.12901711,1500,1485,train
1692,-1.565588,-1.4379323,0.12765574,1500,1485,train
1693,-1.565615,-1.4426659,0.12294912,1500,1485,train
1694,-1.5656418,-1.4515909,0.114050865,1500,1485,train
1695,-1.5656682,-1.4443755,0.12129271,1500,1485,train
1696,-1.5656943,-1.4384911,0.12720323,1500,1485,train
1697,-1.5657202,-1.438919,0.12680125,1500,1485,train
1698,-1.5657458,-1.4402497,0.12549615,1500,1485,train
1699,-1.5657712,-1.44844,0.11733127,1500,1485,train
1700,-1.5657964,-1.4559035,0.109892845,1500,1485,train
1701,-1.5658213,-1.4298804,0.13594091,1500,1485,train
1702,-1.5658458,-1.4437497,0.12209618,1500,1485,train
1703,-1.5658703,-1.4466796,0.11919069,1500,1485,train
1704,-1.5658944,-1.4435813,0.12231302,1500,1485,train
1705,-1.5659183,-1.4524004,0.11351788,1500,1485,train
1706,-1.565942,-1.4486368,0.11730528,1500,1485,train
1707,-1.5659654,-1.4523871,0.11357832,1500,1485,train
1708,-1.5659887,-1.4523039,0.11368477,1500,1485,train
1709,-1.5660117,-1.4462268,0.11978483,1500,1485,train
1710,-1.5660344,-1.4643964,0.10163808,1500,1485,train
1711,-1.566057,-1.4419931,0.12406385,1500,1485,train
1712,-1.5660794,-1.4566135,0.10946584,1500,1485,train
1713,-1.5661016,-1.4560292,0.110072374,1500,1485,train
1714,-1.5661235,-1.4510825,0.11504102,1500,1485,train
1715,-1.5661452,-1.4537137,0.112431526,1500,1485,train
1716,-1.5661668,-1.4498351,0.1163317,1500,1485,train
1717,-1.5661881,-1.4458661,0.12032199,1500,1485,train
1718,-1.5662092,-1.4408715,0.12533772,1500,1485,train
1719,-1.5662302,-1.4405658,0.12566435,1500,1485,train
1720,-1.5662509,-1.4300218,0.13622916,1500,1485,train
1721,-1.5662714,-1.4255996,0.14067185,1500,1485,train
1722,-1.5662918,-1.4420549,0.12423694,1500,1485,train
1723,-1.5663121,-1.439198,0.12711406,1500,1485,train
1724,-1.5663321,-1.4334288,0.13290334,1500,1485,train
1725,-1.5663519,-1.4293827,0.13696921,1500,1485,train
1726,-1.5663716,-1.4306121,0.13575947,1500,1485,train
1727,-1.5663911,-1.4368539,0.12953722,1500,1485,train
1728,-1.5664104,-1.4089018,0.15750861,1500,1485,train
1729,-1.5664295,-1.4059534,0.16047609,1500,1485,train
1730,-1.5664486,-1.4171758,0.1492728,1500,1485,train
1731,-1.5664674,-1.4132121,0.15325534,1500,1485,train
1732,-1.566486,-1.4116852,0.15480077,1500,1485,train
1733,-1.5665045,-1.4018352,0.16466928,1500,1485,train
1734,-1.5665228,-1.4065958,0.15992701,1500,1485,train
1735,-1.5665411,-1.4191191,0.14742196,1500,1485,train
1736,-1.5665591,-1.4100056,0.1565535,1500,1485,train
1737,-1.566577,-1.4033027,0.16327429,1500,1485,train
1738,-1.5665947,-1.4017094,0.16488528,1500,1485,train
1739,-1.5666122,-1.4047945,0.16181779,1500,1485,train
1740,-1.5666296,-1.406533,0.16009665,1500,1485,train
1741,-1.5666469,-1.408093,0.15855396,1500,1485,train
1742,-1.5666641,-1.4107982,0.15586591,1500,1485,train
1743,-1.5666811,-1.4088129,0.15786827,1500,1485,train
1744,-1.566698,-1.4000423,0.16665566,1500,1485,train
1745,-1.5667148,-1.3967047,0.17001009,1500,1485,train
1746,-1.5667313,-1.4066415,0.16008985,1500,1485,train
1747,-1.5667478,-1.4051263,0.16162145,1500,1485,train
1748,-1.5667641,-1.393054,0.17371011,1500,1485,train
1749,-1.5667803,-1.3878477,0.17893267,1500,1485,train
1750,-1.5667963,-1.3906511,0.1761452,1500,1485,train
1751,-1.5668123,-1.3932533,0.17355895,1500,1485,train
1752,-1.5668281,-1.3910917,0.17573643,1500,1485,train
1753,-1.5668437,-1.3893898,0.177454,1500,1485,train
1754,-1.5668594,-1.3926308,0.17422855,1500,1485,train
1755,-1.5668747,-1.3856593,0.1812154,1500,1485,train
1756,-1.5668901,-1.3973472,0.16954291,1500,1485,train
1757,-1.5669053,-1.3915435,0.17536175,1500,1485,train
1758,-1.5669204,-1.3998607,0.16705966,1500,1485,train
1759,-1.5669353,-1.4033289,0.1636064,1500,1485,train
1760,-1.5669502,-1.4035947,0.16335547,1500,1485,train
1761,-1.566965,-1.3944944,0.17247057,1500,1485,train
1762,-1.5669795,-1.3972495,0.16973007,1500,1485,train
1763,-1.5669941,-1.40502,0.16197407,1500,1485,train
1764,-1.5670085,-1.4075058,0.15950274,1500,1485,train
1765,-1.5670228,-1.4019842,0.16503859,1500,1485,train
1766,-1.567037,-1.4012781,0.16575885,1500,1485,train
1767,-1.567051,-1.4091864,0.15786469,1500,1485,train
1768,-1.567065,-1.4026655,0.1643995,1500,1485,train
1769,-1.5670788,-1.4042641,0.16281474,1500,1485,train
1770,-1.5670927,-1.410212,0.15688062,1500,1485,train
1771,-1.5671064,-1.4089909,0.1581155,1500,1485,train
1772,-1.5671198,-1.4129506,0.1541692,1500,1485,train
1773,-1.5671333,-1.3962604,0.17087293,1500,1485,train
1774,-1.5671467,-1.4026835,0.16446316,1500,1485,train
1775,-1.56716,-1.4067656,0.16039443,1500,1485,train
1776,-1.5671731,-1.3929954,0.17417777,1500,1485,train
1777,-1.5671862,-1.397817,0.16936922,1500,1485,train
1778,-1.5671992,-1.3954444,0.17175484,1500,1485,train
1779,-1.5672121,-1.3946154,0.1725967,1500,1485,train
1780,-1.5672249,-1.3911059,0.17611897,1500,1485,train
1781,-1.5672376,-1.3864073,0.18083036,1500,1485,train
1782,-1.5672503,-1.3851533,0.18209696,1500,1485,train
1783,-1.5672628,-1.3910792,0.17618358,1500,1485,train
1784,-1.5672752,-1.3745875,0.19268763,1500,1485,train
1785,-1.5672876,-1.3835826,0.18370497,1500,1485,train
1786,-1.5672998,-1.3704015,0.19689834,1500,1485,train
1787,-1.567312,-1.381622,0.18569005,1500,1485,train
1788,-1.5673242,-1.383311,0.18401313,1500,1485,train
1789,-1.5673361,-1.3813534,0.1859827,1500,1485,train
1790,-1.5673481,-1.3833408,0.18400729,1500,1485,train
1791,-1.5673599,-1.3835009,0.18385899,1500,1485,train
1792,-1.5673717,-1.4118252,0.15554655,1500,1485,train
1793,-1.5673834,-1.40377,0.16361344,1500,1485,train
1794,-1.567395,-1.4072574,0.16013753,1500,1485,train
1795,-1.5674065,-1.4184561,0.14895046,1500,1485,train
1796,-1.567418,-1.4074886,0.1599294,1500,1485,train
1797,-1.5674293,-1.4041256,0.16330373,1500,1485,train
1798,-1.5674406,-1.4123662,0.15507448,1500,1485,train
1799,-1.5674518,-1.4104234,0.15702844,1500,1485,train
1800,-1.567463,-1.4236925,0.14377058,1500,1485,train
1801,-1.5674741,-1.4248909,0.14258325,1500,1485,train
1802,-1.5674851,-1.4190658,0.14841926,1500,1485,train
1803,-1.5674961,-1.4251571,0.14233899,1500,1485,train
1804,-1.5675069,-1.4309983,0.13650858,1500,1485,train
1805,-1.5675176,-1.4154032,0.15211439,1500,1485,train
1806,-1.5675284,-1.4249126,0.1426158,1500,1485,train
1807,-1.567539,-1.4188435,0.14869547,1500,1485,train
1808,-1.5675496,-1.389816,0.17773354,1500,1485,train
1809,-1.5675601,-1.3929074,0.1746527,1500,1485,train
1810,-1.5675706,-1.3868526,0.18071795,1500,1485,train
1811,-1.5675809,-1.389147,0.1784339,1500,1485,train
1812,-1.5675912,-1.3857458,0.18184543,1500,1485,train
1813,-1.5676014,-1.3783072,0.18929422,1500,1485,train
1814,-1.5676116,-1.3793833,0.18822825,1500,1485,train
1815,-1.5676217,-1.3842652,0.18335652,1500,1485,train
1816,-1.5676317,-1.3812387,0.18639302,1500,1485,train
1817,-1.5676417,-1.3851055,0.18253624,1500,1485,train
1818,-1.5676516,-1.3815796,0.18607199,1500,1485,train
1819,-1.5676615,-1.3890975,0.17856407,1500,1485,train
1820,-1.5676713,-1.3779294,0.18974185,1500,1485,train
1821,-1.5676811,-1.3783019,0.18937922,1500,1485,train
1822,-1.5676907,-1.381073,0.18661773,1500,1485,train
1823,-1.5677004,-1.3867092,0.18099117,1500,1485,train
1824,-1.5677099,-1.376695,0.19101489,1500,1485,train
1825,-1.5677195,-1.3763199,0.19139957,1500,1485,train
1826,-1.5677289,-1.379941,0.18778789,1500,1485,train
1827,-1.5677382,-1.3748513,0.19288683,1500,1485,train
1828,-1.5677476,-1.3674493,0.20029831,1500,1485,train
1829,-1.5677568,-1.371197,0.19655979,1500,1485,train
1830,-1.5677661,-1.3812271,0.18653893,1500,1485,train
1831,-1.5677751,-1.3887407,0.17903447,1500,1485,train
1832,-1.5677843,-1.3883479,0.17943645,1500,1485,train
1833,-1.5677934,-1.3848252,0.18296814,1500,1485,train
1834,-1.5678023,-1.3828024,0.18499994,1500,1485,train
1835,-1.5678113,-1.388577,0.17923427,1500,1485,train
1836,-1.5678202,-1.3808563,0.18696392,1500,1485,train
1837,-1.567829,-1.3828704,0.18495858,1500,1485,train
1838,-1.5678377,-1.3823397,0.185498,1500,1485,train
1839,-1.5678465,-1.3806291,0.18721747,1500,1485,train
1840,-1.5678551,-1.390794,0.17706108,1500,1485,train
1841,-1.5678638,-1.3841267,0.18373716,1500,1485,train
1842,-1.5678724,-1.3715942,0.19627821,1500,1485,train
1843,-1.5678809,-1.3839498,0.18393111,1500,1485,train
1844,-1.5678893,-1.383964,0.18392539,1500,1485,train
1845,-1.5678978,-1.3700355,0.19786227,1500,1485,train
1846,-1.5679061,-1.3760695,0.1918366,1500,1485,train
1847,-1.5679145,-1.3807275,0.18718696,1500,1485,train
1848,-1.5679228,-1.3720088,0.19591403,1500,1485,train
1849,-1.567931,-1.3724921,0.19543898,1500,1485,train
1850,-1.5679392,-1.3816285,0.18631065,1500,1485,train
1851,-1.5679474,-1.3780097,0.18993771,1500,1485,train
1852,-1.5679554,-1.3734512,0.19450414,1500,1485,train
1853,-1.5679635,-1.3804975,0.18746603,1500,1485,train
1854,-1.5679715,-1.3906629,0.17730856,1500,1485,train
1855,-1.5679795,-1.3739305,0.194049,1500,1485,train
1856,-1.5679873,-1.3919497,0.17603767,1500,1485,train
1857,-1.5679952,-1.3919792,0.17601597,1500,1485,train
1858,-1.568003,-1.3952453,0.17275774,1500,1485,train
1859,-1.5680108,-1.382545,0.18546581,1500,1485,train
1860,-1.5680186,-1.387151,0.18086755,1500,1485,train
1861,-1.5680263,-1.3859725,0.1820538,1500,1485,train
1862,-1.5680339,-1.3977108,0.17032313,1500,1485,train
1863,-1.5680416,-1.3961613,0.17188025,1500,1485,train
1864,-1.5680491,-1.400259,0.16779006,1500,1485,train
1865,-1.5680566,-1.4032595,0.16479707,1500,1485,train
1866,-1.5680641,-1.4059536,0.16211045,1500,1485,train
1867,-1.5680715,-1.3999175,0.168154,1500,1485,train
1868,-1.568079,-1.4063878,0.16169119,1500,1485,train
1869,-1.5680863,-1.4024101,0.16567612,1500,1485,train
1870,-1.5680937,-1.4065721,0.16152155,1500,1485,train
1871,-1.5681009,-1.4087334,0.15936756,1500,1485,train
1872,-1.5681082,-1.4098246,0.15828359,1500,1485,train
1873,-1.5681154,-1.411754,0.15636134,1500,1485,train
1874,-1.5681225,-1.4146321,0.15349042,1500,1485,train
1875,-1.5681297,-1.4101746,0.15795505,1500,1485,train
1876,-1.5681368,-1.4149959,0.1531409,1500,1485,train
1877,-1.5681438,-1.4185507,0.14959311,1500,1485,train
1878,-1.5681509,-1.4165697,0.15158117,1500,1485,train
1879,-1.5681578,-1.413578,0.15457976,1500,1485,train
1880,-1.5681647,-1.4210285,0.14713621,1500,1485,train
1881,-1.5681716,-1.436008,0.13216364,1500,1485,train
1882,-1.5681785,-1.4316702,0.13650835,1500,1485,train
1883,-1.5681853,-1.4299586,0.13822675,1500,1485,train
1884,-1.5681921,-1.4403863,0.12780583,1500,1485,train
1885,-1.5681989,-1.4271761,0.1410228,1500,1485,train
1886,-1.5682057,-1.4358294,0.13237631,1500,1485,train
1887,-1.5682124,-1.4359845,0.1322279,1500,1485,train
1888,-1.5682191,-1.4398966,0.12832248,1500,1485,train
1889,-1.5682256,-1.4355885,0.13263714,1500,1485,train
1890,-1.5682322,-1.4315217,0.13671052,1500,1485,train
1891,-1.5682387,-1.4313556,0.13688314,1500,1485,train
1892,-1.5682453,-1.4314926,0.13675272,1500,1485,train
1893,-1.5682518,-1.4384627,0.12978911,1500,1485,train
1894,-1.5682583,-1.4396427,0.12861562,1500,1485,train
1895,-1.5682647,-1.4410567,0.127208,1500,1485,train
1896,-1.568271,-1.433825,0.13444602,1500,1485,train
1897,-1.5682775,-1.4339535,0.13432395,1500,1485,train
1898,-1.5682838,-1.4400169,0.12826693,1500,1485,train
1899,-1.5682901,-1.445214,0.12307608,1500,1485,train
1900,-1.5682963,-1.4480584,0.12023795,1500,1485,train
1901,-1.5683025,-1.434425,0.13387752,1500,1485,train
1902,-1.5683087,-1.4409761,0.12733257,1500,1485,train
1903,-1.5683149,-1.4382694,0.13004553,1500,1485,train
1904,-1.5683211,-1.4200048,0.14831626,1500,1485,train
1905,-1.5683272,-1.4246712,0.14365602,1500,1485,train
1906,-1.5683333,-1.4334543,0.134879,1500,1485,train
1907,-1.5683393,-1.4375015,0.1308378,1500,1485,train
1908,-1.5683453,-1.4247394,0.14360595,1500,1485,train
1909,-1.5683514,-1.4246435,0.14370787,1500,1485,train
1910,-1.5683573,-1.4319725,0.13638484,1500,1485,train
1911,-1.5683632,-1.4206946,0.1476686,1500,1485,train
1912,-1.5683692,-1.4177963,0.1505729,1500,1485,train
1913,-1.568375,-1.4278369,0.1405381,1500,1485,train
1914,-1.5683808,-1.4362471,0.13213372,1500,1485,train
1915,-1.5683867,-1.432972,0.13541472,1500,1485,train
1916,-1.5683925,-1.4413208,0.12707174,1500,1485,train
1917,-1.5683982,-1.439961,0.12843728,1500,1485,train
1918,-1.568404,-1.4450252,0.12337875,1500,1485,train
1919,-1.5684097,-1.4480064,0.12040329,1500,1485,train
1920,-1.5684154,-1.4804509,0.087964535,1500,1485,train
1921,-1.568421,-1.4791539,0.089267135,1500,1485,train
1922,-1.5684266,-1.4742458,0.09418082,1500,1485,train
1923,-1.5684322,-1.4769006,0.091531634,1500,1485,train
1924,-1.5684378,-1.4966342,0.07180357,1500,1485,train
1925,-1.5684434,-1.4828987,0.085544705,1500,1485,train
1926,-1.5684489,-1.4808562,0.08759272,1500,1485,train
1927,-1.5684544,-1.497745,0.07070935,1500,1485,train
1928,-1.5684599,-1.4939036,0.07455623,1500,1485,train
1929,-1.5684654,-1.5003452,0.06812012,1500,1485,train
1930,-1.5684707,-1.4956709,0.0727998,1500,1485,train
1931,-1.5684762,-1.5096391,0.058837056,1500,1485,train
1932,-1.5684816,-1.5181508,0.050330758,1500,1485,train
1933,-1.5684868,-1.4956644,0.07282245,1500,1485,train
1934,-1.5684922,-1.4970016,0.071490526,1500,1485,train
1935,-1.5684975,-1.5202756,0.048221946,1500,1485,train
1936,-1.5685028,-1.4945166,0.07398617,1500,1485,train
1937,-1.568508,-1.5031188,0.065389276,1500,1485,train
1938,-1.5685133,-1.5057538,0.06275952,1500,1485,train
1939,-1.5685184,-1.5090086,0.059509754,1500,1485,train
1940,-1.5685236,-1.5072429,0.061280727,1500,1485,train
1941,-1.5685288,-1.4999669,0.06856191,1500,1485,train
1942,-1.5685339,-1.5070791,0.061454773,1500,1485,train
1943,-1.568539,-1.5113504,0.05718863,1500,1485,train
1944,-1.568544,-1.4980807,0.0704633,1500,1485,train
1945,-1.5685492,-1.4971738,0.07137537,1500,1485,train
1946,-1.5685542,-1.5020914,0.066462755,1500,1485,train
1947,-1.5685592,-1.5004287,0.06813049,1500,1485,train
1948,-1.5685642,-1.511432,0.057132125,1500,1485,train
1949,-1.5685692,-1.5099735,0.058595657,1500,1485,train
1950,-1.5685741,-1.5185165,0.05005753,1500,1485,train
1951,-1.5685791,-1.5231123,0.04546678,1500,1485,train
1952,-1.568584,-1.5288126,0.03977132,1500,1485,train
1953,-1.5685889,-1.5149126,0.053676248,1500,1485,train
1954,-1.5685937,-1.513214,0.05537975,1500,1485,train
1955,-1.5685985,-1.5030792,0.06551933,1500,1485,train
1956,-1.5686034,-1.5274367,0.041166663,1500,1485,train
1957,-1.5686082,-1.5056504,0.06295776,1500,1485,train
1958,-1.5686129,-1.5157213,0.052891612,1500,1485,train
1959,-1.5686177,-1.5271268,0.041490912,1500,1485,train
1960,-1.5686225,-1.513278,0.055344462,1500,1485,train
1961,-1.5686271,-1.5288464,0.039780736,1500,1485,train
1962,-1.5686319,-1.5458527,0.022779226,1500,1485,train
1963,-1.5686365,-1.5300953,0.038541198,1500,1485,train
1964,-1.5686412,-1.5241048,0.044536352,1500,1485,train
1965,-1.5686458,-1.5193853,0.049260497,1500,1485,train
1966,-1.5686504,-1.5540154,0.014634967,1500,1485,train
1967,-1.568655,-1.522418,0.046236992,1500,1485,train
1968,-1.5686595,-1.5585864,0.010073185,1500,1485,train
1969,-1.5686642,-1.549612,0.019052148,1500,1485,train
1970,-1.5686687,-1.5523386,0.016330123,1500,1485,train
1971,-1.5686731,-1.5552218,0.013451338,1500,1485,train
1972,-1.5686777,-1.5553231,0.01335454,1500,1485,train
1973,-1.5686822,-1.554873,0.013809204,1500,1485,train
1974,-1.5686866,-1.557349,0.011337638,1500,1485,train
1975,-1.568691,-1.5450819,0.023609161,1500,1485,train
1976,-1.5686955,-1.5759122,-0.007216692,1500,1485,train
1977,-1.5686998,-1.5584396,0.010260224,1500,1485,train
1978,-1.5687042,-1.5630636,0.005640626,1500,1485,train
1979,-1.5687087,-1.5677812,0.0009274483,1500,1485,train
1980,-1.568713,-1.5719354,-0.0032224655,1500,1485,train
1981,-1.5687174,-1.5752325,-0.0065151453,1500,1485,train
1982,-1.5687217,-1.5859404,-0.017218709,1500,1485,train
1983,-1.568726,-1.5819016,-0.013175607,1500,1485,train
1984,-1.5687302,-1.578258,-0.0095278025,1500,1485,train
1985,-1.5687345,-1.6049929,-0.03625834,1500,1485,train
1986,-1.5687387,-1.5839119,-0.015173197,1500,1485,train
1987,-1.568743,-1.5802426,-0.011499643,1500,1485,train
1988,-1.5687472,-1.5813754,-0.012628198,1500,1485,train
1989,-1.5687513,-1.587916,-0.019164681,1500,1485,train
1990,-1.5687555,-1.5941188,-0.025363326,1500,1485,train
1991,-1.5687597,-1.6058828,-0.037123084,1500,1485,train
1992,-1.5687639,-1.5906004,-0.02183652,1500,1485,train
1993,-1.5687679,-1.6122556,-0.043487668,1500,1485,train
1994,-1.5687721,-1.5931041,-0.024332047,1500,1485,train
1995,-1.5687761,-1.6161431,-0.047366977,1500,1485,train
1996,-1.5687802,-1.603959,-0.03517878,1500,1485,train
1997,-1.5687842,-1.612261,-0.04347682,1500,1485,train
1998,-1.5687883,-1.615957,-0.04716873,1500,1485,train
1999,-1.5687923,-1.6206462,-0.051853895,1500,1485,train
2000,-1.5687963,-1.6228023,-0.05400598,1500,1485,train
2001,-1.5688003,-1.6209095,-0.052109122,1500,1485,train
2002,-1.5688043,-1.6218026,-0.052998304,1500,1485,train
2003,-1.5688083,-1.6037288,-0.034920454,1500,1485,train
2004,-1.5688123,-1.6064682,-0.03765595,1500,1485,train
2005,-1.5688162,-1.6142573,-0.04544115,1500,1485,train
2006,-1.56882,-1.6271211,-0.05830109,1500,1485,train
2007,-1.5688239,-1.6099167,-0.041092753,1500,1485,train
2008,-1.5688279,-1.6227853,-0.053957462,1500,1485,train
2009,-1.5688317,-1.6367345,-0.0679028,1500,1485,train
2010,-1.5688355,-1.6364727,-0.067637205,1500,1485,train
2011,-1.5688394,-1.6404592,-0.07161975,1500,1485,train
2012,-1.5688432,-1.6479411,-0.07909787,1500,1485,train
2013,-1.5688471,-1.6199851,-0.051138043,1500,1485,train
2014,-1.5688508,-1.626045,-0.057194233,1500,1485,train
2015,-1.5688546,-1.6450963,-0.07624173,1500,1485,train
2016,-1.5688584,-1.6845349,-0.11567652,1500,1485,train
2017,-1.5688621,-1.6586442,-0.08978212,1500,1485,train
2018,-1.5688658,-1.6643605,-0.09549475,1500,1485,train
2019,-1.5688696,-1.6688416,-0.09997201,1500,1485,train
2020,-1.5688733,-1.6431565,-0.07428324,1500,1485,train
2021,-1.568877,-1.6638315,-0.09495449,1500,1485,train
2022,-1.5688807,-1.6704941,-0.1016134,1500,1485,train
2023,-1.5688843,-1.6605301,-0.09164584,1500,1485,train
2024,-1.568888,-1.6538334,-0.08494544,1500,1485,train
2025,-1.5688915,-1.6824701,-0.11357856,1500,1485,train
2026,-1.5688952,-1.6746774,-0.10578215,1500,1485,train
2027,-1.5688988,-1.6719607,-0.103061914,1500,1485,train
2028,-1.5689024,-1.6896846,-0.120782256,1500,1485,train
2029,-1.568906,-1.6527138,-0.083807826,1500,1485,train
2030,-1.5689095,-1.6926024,-0.12369287,1500,1485,train
2031,-1.5689131,-1.6980624,-0.12914932,1500,1485,train
2032,-1.5689167,-1.6556737,-0.086757064,1500,1485,train
2033,-1.5689201,-1.6593803,-0.09046018,1500,1485,train
2034,-1.5689237,-1.7006073,-0.13168359,1500,1485,train
2035,-1.5689272,-1.6749016,-0.105974436,1500,1485,train
2036,-1.5689306,-1.6747142,-0.10578358,1500,1485,train
2037,-1.5689341,-1.670578,-0.10164392,1500,1485,train
2038,-1.5689375,-1.6419337,-0.07299614,1500,1485,train
2039,-1.568941,-1.6911111,-0.12217009,1500,1485,train
2040,-1.5689445,-1.6412485,-0.07230401,1500,1485,train
2041,-1.5689479,-1.6700114,-0.10106349,1500,1485,train
2042,-1.5689514,-1.6518476,-0.08289623,1500,1485,train
2043,-1.5689547,-1.6719437,-0.10298896,1500,1485,train
2044,-1.568958,-1.6802716,-0.11131358,1500,1485,train
2045,-1.5689615,-1.6637399,-0.09477842,1500,1485,train
2046,-1.5689648,-1.6724597,-0.10349488,1500,1485,train
2047,-1.5689682,-1.6588538,-0.08988559,1500,1485,train
2048,-1.5689715,-1.6707927,-0.101821184,1500,1485,train
2049,-1.5689749,-1.701143,-0.13216817,1500,1485,train
2050,-1.5689782,-1.6997665,-0.13078833,1500,1485,train
2051,-1.5689814,-1.6651547,-0.09617329,1500,1485,train
2052,-1.5689847,-1.6672392,-0.09825444,1500,1485,train
2053,-1.568988,-1.682391,-0.11340308,1500,1485,train
2054,-1.5689913,-1.6950028,-0.12601149,1500,1485,train
2055,-1.5689945,-1.6778072,-0.10881269,1500,1485,train
2056,-1.5689977,-1.6633043,-0.09430659,1500,1485,train
2057,-1.569001,-1.6859512,-0.11695027,1500,1485,train
2058,-1.5690042,-1.713944,-0.14493978,1500,1485,train
2059,-1.5690074,-1.6822927,-0.1132853,1500,1485,train
2060,-1.5690106,-1.6971295,-0.12811887,1500,1485,train
2061,-1.5690138,-1.6989169,-0.12990308,1500,1485,train
2062,-1.5690169,-1.700035,-0.13101804,1500,1485,train
2063,-1.5690202,-1.731075,-0.1620549,1500,1485,train
2064,-1.5690233,-1.6903558,-0.121332526,1500,1485,train
2065,-1.5690265,-1.7118707,-0.1428442,1500,1485,train
2066,-1.5690296,-1.7201859,-0.1511563,1500,1485,train
2067,-1.5690327,-1.7293024,-0.16026974,1500,1485,train
2068,-1.5690358,-1.691582,-0.122546196,1500,1485,train
2069,-1.5690389,-1.7151124,-0.14607358,1500,1485,train
2070,-1.569042,-1.6822278,-0.11318588,1500,1485,train
2071,-1.5690451,-1.688612,-0.11956692,1500,1485,train
2072,-1.569048,-1.6787679,-0.10971987,1500,1485,train
2073,-1.5690511,-1.7192411,-0.15019,1500,1485,train
2074,-1.5690541,-1.6974052,-0.12835109,1500,1485,train
2075,-1.5690572,-1.6908004,-0.1217432,1500,1485,train
2076,-1.5690602,-1.6972952,-0.12823498,1500,1485,train
2077,-1.5690632,-1.7038618,-0.13479865,1500,1485,train
2078,-1.5690662,-1.6770785,-0.10801232,1500,1485,train
2079,-1.5690693,-1.6654972,-0.09642792,1500,1485,train
2080,-1.5690722,-1.6561253,-0.08705306,1500,1485,train
2081,-1.5690751,-1.6088176,-0.03974247,1500,1485,train
2082,-1.5690781,-1.6429868,-0.07390869,1500,1485,train
2083,-1.5690811,-1.6429772,-0.07389617,1500,1485,train
2084,-1.569084,-1.6209627,-0.05187869,1500,1485,train
2085,-1.5690869,-1.6090938,-0.040006876,1500,1485,train
2086,-1.5690899,-1.6328056,-0.0637157,1500,1485,train
2087,-1.5690928,-1.6507198,-0.08162701,1500,1485,train
2088,-1.5690956,-1.65045,-0.08135438,1500,1485,train
2089,-1.5690986,-1.6298513,-0.06075275,1500,1485,train
2090,-1.5691015,-1.6352105,-0.06610906,1500,1485,train
2091,-1.5691043,-1.6404908,-0.07138646,1500,1485,train
2092,-1.5691072,-1.6890159,-0.11990869,1500,1485,train
2093,-1.56911,-1.6663178,-0.097207785,1500,1485,train
2094,-1.5691128,-1.6755857,-0.10647297,1500,1485,train
2095,-1.5691156,-1.7276158,-0.1585002,1500,1485,train
2096,-1.5691185,-1.7294639,-0.16034544,1500,1485,train
2097,-1.5691212,-1.7289054,-0.1597842,1500,1485,train
2098,-1.5691241,-1.7299669,-0.16084278,1500,1485,train
2099,-1.5691268,-1.7120101,-0.1428833,1500,1485,train
2100,-1.5691297,-1.7186897,-0.14955997,1500,1485,train
2101,-1.5691324,-1.7139206,-0.14478815,1500,1485,train
2102,-1.5691352,-1.6727796,-0.10364437,1500,1485,train
2103,-1.5691379,-1.6718953,-0.102757335,1500,1485,train
2104,-1.5691407,-1.6828911,-0.11375046,1500,1485,train
2105,-1.5691434,-1.6892524,-0.12010896,1500,1485,train
2106,-1.5691462,-1.6889796,-0.11983347,1500,1485,train
2107,-1.5691489,-1.6722623,-0.10311341,1500,1485,train
2108,-1.5691516,-1.6394954,-0.07034373,1500,1485,train
2109,-1.5691543,-1.6651812,-0.0960269,1500,1485,train
2110,-1.569157,-1.6689992,-0.09984219,1500,1485,train
2111,-1.5691596,-1.6594824,-0.09032273,1500,1485,train
2112,-1.5691624,-1.6616137,-0.092451334,1500,1485,train
2113,-1.569165,-1.6959157,-0.12675071,1500,1485,train
2114,-1.5691676,-1.6568279,-0.08766031,1500,1485,train
