system_time,relative_time_min,voltage_V,current_A,capacity_Ah,power_Wh,temperature_C,description
"[[array(['2022-09-16,15:05:23'], dtype='<U19')]
 [array(['2022-09-16,15:05:24'], dtype='<U19')]
 [array(['2022-09-16,15:05:25'], dtype='<U19')]
 ...
 [array(['2022-09-16,20:40:44'], dtype='<U19')]
 [array(['2022-09-16,20:40:45'], dtype='<U19')]
 [array(['2022-09-16,20:40:46'], dtype='<U19')]]","[[0.   ]
 [0.017]
 [0.034]
 ...
 [4.969]
 [4.986]
 [5.   ]]","[[4.1057]
 [4.1057]
 [4.1059]
 ...
 [3.135 ]
 [3.1355]
 [3.1356]]","[[0.]
 [0.]
 [0.]
 ...
 [0.]
 [0.]
 [0.]]","[[0.]
 [0.]
 [0.]
 ...
 [0.]
 [0.]
 [0.]]","[[0.]
 [0.]
 [0.]
 ...
 [0.]
 [0.]
 [0.]]","[[25.5]
 [25.6]
 [25.5]
 ...
 [26.1]
 [26.1]
 [26.1]]",['0.5C charge and 0.2C discharge [test capacity]']
"[[array(['2022-09-16,20:40:47'], dtype='<U19')]
 [array(['2022-09-16,20:40:48'], dtype='<U19')]
 [array(['2022-09-16,20:40:49'], dtype='<U19')]
 ...
 [array(['2022-09-16,22:38:35'], dtype='<U19')]
 [array(['2022-09-16,22:38:36'], dtype='<U19')]
 [array(['2022-09-16,22:38:36'], dtype='<U19')]]","[[0.   ]
 [0.017]
 [0.034]
 ...
 [4.986]
 [5.   ]
 [5.   ]]","[[3.3541]
 [3.4032]
 [3.4241]
 ...
 [3.3957]
 [3.3957]
 [3.3957]]","[[3.9991]
 [3.9999]
 [4.    ]
 ...
 [0.    ]
 [0.    ]
 [0.    ]]","[[0.   ]
 [0.001]
 [0.002]
 ...
 [0.   ]
 [0.   ]
 [0.   ]]","[[0.   ]
 [0.004]
 [0.008]
 ...
 [0.   ]
 [0.   ]
 [0.   ]]","[[26.1]
 [26.1]
 [26.1]
 ...
 [27.2]
 [27.2]
 [27.3]]",['2C charge and 1C discharge']
"[[array(['2022-09-16,22:38:37'], dtype='<U19')]
 [array(['2022-09-16,22:38:38'], dtype='<U19')]
 [array(['2022-09-16,22:38:39'], dtype='<U19')]
 ...
 [array(['2022-09-17,00:34:49'], dtype='<U19')]
 [array(['2022-09-17,00:34:50'], dtype='<U19')]
 [array(['2022-09-17,00:34:50'], dtype='<U19')]]","[[0.   ]
 [0.018]
 [0.035]
 ...
 [4.984]
 [5.   ]
 [5.   ]]","[[3.5518]
 [3.5671]
 [3.5742]
 ...
 [3.3941]
 [3.3941]
 [3.3941]]","[[3.9991]
 [3.9999]
 [3.9999]
 ...
 [0.    ]
 [0.    ]
 [0.    ]]","[[0.   ]
 [0.001]
 [0.002]
 ...
 [0.   ]
 [0.   ]
 [0.   ]]","[[0.   ]
 [0.004]
 [0.008]
 ...
 [0.   ]
 [0.   ]
 [0.   ]]","[[27.2]
 [27.2]
 [27.2]
 ...
 [27.2]
 [27.2]
 [27.2]]",['2C charge and 1C discharge']
"[[array(['2022-09-17,00:34:51'], dtype='<U19')]
 [array(['2022-09-17,00:34:52'], dtype='<U19')]
 [array(['2022-09-17,00:34:53'], dtype='<U19')]
 ...
 [array(['2022-09-17,02:31:00'], dtype='<U19')]
 [array(['2022-09-17,02:31:01'], dtype='<U19')]
 [array(['2022-09-17,02:31:01'], dtype='<U19')]]","[[0.   ]
 [0.017]
 [0.034]
 ...
 [4.986]
 [5.   ]
 [5.   ]]","[[3.5504]
 [3.5655]
 [3.573 ]
 ...
 [3.3921]
 [3.3923]
 [3.3923]]","[[3.9991]
 [3.9999]
 [4.    ]
 ...
 [0.    ]
 [0.    ]
 [0.    ]]","[[0.   ]
 [0.001]
 [0.002]
 ...
 [0.   ]
 [0.   ]
 [0.   ]]","[[0.   ]
 [0.004]
 [0.008]
 ...
 [0.   ]
 [0.   ]
 [0.   ]]","[[27.2]
 [27.2]
 [27.2]
 ...
 [27.2]
 [27.2]
 [27.2]]",['2C charge and 1C discharge']
"[[array(['2022-09-17,02:31:02'], dtype='<U19')]
 [array(['2022-09-17,02:31:03'], dtype='<U19')]
 [array(['2022-09-17,02:31:04'], dtype='<U19')]
 ...
 [array(['2022-09-17,04:27:12'], dtype='<U19')]
 [array(['2022-09-17,04:27:13'], dtype='<U19')]
 [array(['2022-09-17,04:27:13'], dtype='<U19')]]","[[0.   ]
 [0.017]
 [0.034]
 ...
 [4.986]
 [5.   ]
 [5.   ]]","[[3.5488]
 [3.5635]
 [3.5715]
 ...
 [3.3903]
 [3.3904]
 [3.3904]]","[[3.9991]
 [3.9999]
 [4.    ]
 ...
 [0.    ]
 [0.    ]
 [0.    ]]","[[0.   ]
 [0.001]
 [0.002]
 ...
 [0.   ]
 [0.   ]
 [0.   ]]","[[0.   ]
 [0.004]
 [0.008]
 ...
 [0.   ]
 [0.   ]
 [0.   ]]","[[27.2]
 [27.2]
 [27.2]
 ...
 [27.3]
 [27.2]
 [27.2]]",['2C charge and 1C discharge']
"[[array(['2022-09-17,04:27:14'], dtype='<U19')]
 [array(['2022-09-17,04:27:15'], dtype='<U19')]
 [array(['2022-09-17,04:27:16'], dtype='<U19')]
 ...
 [array(['2022-09-17,06:23:28'], dtype='<U19')]
 [array(['2022-09-17,06:23:29'], dtype='<U19')]
 [array(['2022-09-17,06:23:29'], dtype='<U19')]]","[[0.   ]
 [0.017]
 [0.034]
 ...
 [4.989]
 [5.001]
 [5.001]]","[[3.5468]
 [3.5621]
 [3.5698]
 ...
 [3.3886]
 [3.3886]
 [3.3886]]","[[3.9991]
 [3.9999]
 [4.    ]
 ...
 [0.    ]
 [0.    ]
 [0.    ]]","[[0.   ]
 [0.001]
 [0.002]
 ...
 [0.   ]
 [0.   ]
 [0.   ]]","[[0.   ]
 [0.004]
 [0.008]
 ...
 [0.   ]
 [0.   ]
 [0.   ]]","[[27.2]
 [27.2]
 [27.2]
 ...
 [27.2]
 [27.2]
 [27.2]]",['2C charge and 1C discharge']
"[[array(['2022-09-17,06:23:30'], dtype='<U19')]
 [array(['2022-09-17,06:23:31'], dtype='<U19')]
 [array(['2022-09-17,06:23:32'], dtype='<U19')]
 ...
 [array(['2022-09-17,08:19:46'], dtype='<U19')]
 [array(['2022-09-17,08:19:47'], dtype='<U19')]
 [array(['2022-09-17,08:19:47'], dtype='<U19')]]","[[0.   ]
 [0.017]
 [0.034]
 ...
 [4.991]
 [5.   ]
 [5.   ]]","[[3.5442]
 [3.5605]
 [3.5684]
 ...
 [3.3872]
 [3.3872]
 [3.3872]]","[[3.9991]
 [3.9999]
 [4.    ]
 ...
 [0.    ]
 [0.    ]
 [0.    ]]","[[0.   ]
 [0.001]
 [0.002]
 ...
 [0.   ]
 [0.   ]
 [0.   ]]","[[0.   ]
 [0.004]
 [0.008]
 ...
 [0.   ]
 [0.   ]
 [0.   ]]","[[27.2]
 [27.2]
 [27.2]
 ...
 [27.2]
 [27.2]
 [27.2]]",['2C charge and 1C discharge']
"[[array(['2022-09-17,08:19:48'], dtype='<U19')]
 [array(['2022-09-17,08:19:49'], dtype='<U19')]
 [array(['2022-09-17,08:19:50'], dtype='<U19')]
 ...
 [array(['2022-09-17,10:16:07'], dtype='<U19')]
 [array(['2022-09-17,10:16:08'], dtype='<U19')]
 [array(['2022-09-17,10:16:08'], dtype='<U19')]]","[[0.   ]
 [0.017]
 [0.034]
 ...
 [4.993]
 [5.   ]
 [5.   ]]","[[3.5418]
 [3.5595]
 [3.5673]
 ...
 [3.3852]
 [3.3854]
 [3.3852]]","[[3.9991]
 [3.9999]
 [4.    ]
 ...
 [0.    ]
 [0.    ]
 [0.    ]]","[[0.   ]
 [0.001]
 [0.002]
 ...
 [0.   ]
 [0.   ]
 [0.   ]]","[[0.   ]
 [0.004]
 [0.008]
 ...
 [0.   ]
 [0.   ]
 [0.   ]]","[[27.2]
 [27.2]
 [27.2]
 ...
 [27.2]
 [27.2]
 [27.2]]",['2C charge and 1C discharge']
"[[array(['2022-09-17,10:16:09'], dtype='<U19')]
 [array(['2022-09-17,10:16:10'], dtype='<U19')]
 [array(['2022-09-17,10:16:11'], dtype='<U19')]
 ...
 [array(['2022-09-17,12:12:29'], dtype='<U19')]
 [array(['2022-09-17,12:12:30'], dtype='<U19')]
 [array(['2022-09-17,12:12:30'], dtype='<U19')]]","[[0.   ]
 [0.017]
 [0.034]
 ...
 [4.985]
 [5.   ]
 [5.   ]]","[[3.5412]
 [3.5575]
 [3.5655]
 ...
 [3.3834]
 [3.3835]
 [3.3835]]","[[3.9991]
 [3.9999]
 [4.    ]
 ...
 [0.    ]
 [0.    ]
 [0.    ]]","[[0.   ]
 [0.001]
 [0.002]
 ...
 [0.   ]
 [0.   ]
 [0.   ]]","[[0.   ]
 [0.004]
 [0.008]
 ...
 [0.   ]
 [0.   ]
 [0.   ]]","[[27.2]
 [27.2]
 [27.2]
 ...
 [27.3]
 [27.2]
 [27.2]]",['2C charge and 1C discharge']
"[[array(['2022-09-17,12:12:31'], dtype='<U19')]
 [array(['2022-09-17,12:12:32'], dtype='<U19')]
 [array(['2022-09-17,12:12:33'], dtype='<U19')]
 ...
 [array(['2022-09-17,14:08:55'], dtype='<U19')]
 [array(['2022-09-17,14:08:56'], dtype='<U19')]
 [array(['2022-09-17,14:08:56'], dtype='<U19')]]","[[0.   ]
 [0.017]
 [0.034]
 ...
 [4.994]
 [5.001]
 [5.001]]","[[3.5395]
 [3.5558]
 [3.5638]
 ...
 [3.3814]
 [3.3815]
 [3.3815]]","[[3.9994]
 [3.9999]
 [4.    ]
 ...
 [0.    ]
 [0.    ]
 [0.    ]]","[[0.   ]
 [0.001]
 [0.002]
 ...
 [0.   ]
 [0.   ]
 [0.   ]]","[[0.   ]
 [0.004]
 [0.008]
 ...
 [0.   ]
 [0.   ]
 [0.   ]]","[[27.3]
 [27.3]
 [27.2]
 ...
 [27.3]
 [27.2]
 [27.2]]",['2C charge and 1C discharge']
"[[array(['2022-09-17,14:08:57'], dtype='<U19')]
 [array(['2022-09-17,14:08:58'], dtype='<U19')]
 [array(['2022-09-17,14:08:59'], dtype='<U19')]
 ...
 [array(['2022-09-17,16:05:02'], dtype='<U19')]
 [array(['2022-09-17,16:05:03'], dtype='<U19')]
 [array(['2022-09-17,16:05:03'], dtype='<U19')]]","[[0.   ]
 [0.017]
 [0.034]
 ...
 [4.992]
 [5.   ]
 [5.   ]]","[[3.5376]
 [3.553 ]
 [3.5618]
 ...
 [3.3863]
 [3.3863]
 [3.3863]]","[[3.9991]
 [3.9999]
 [4.    ]
 ...
 [0.    ]
 [0.    ]
 [0.    ]]","[[0.   ]
 [0.001]
 [0.002]
 ...
 [0.   ]
 [0.   ]
 [0.   ]]","[[0.   ]
 [0.004]
 [0.008]
 ...
 [0.   ]
 [0.   ]
 [0.   ]]","[[27.3]
 [27.3]
 [27.2]
 ...
 [26.3]
 [26.3]
 [26.3]]",['2C charge and 1C discharge']
"[[array(['2022-09-17,16:05:04'], dtype='<U19')]
 [array(['2022-09-17,16:05:05'], dtype='<U19')]
 [array(['2022-09-17,16:05:06'], dtype='<U19')]
 ...
 [array(['2022-09-17,18:02:20'], dtype='<U19')]
 [array(['2022-09-17,18:02:20'], dtype='<U19')]
 [array(['2022-09-17,18:02:20'], dtype='<U19')]]","[[0.   ]
 [0.017]
 [0.034]
 ...
 [4.992]
 [5.   ]
 [5.   ]]","[[3.5452]
 [3.5621]
 [3.5704]
 ...
 [3.3806]
 [3.3806]
 [3.3806]]","[[3.9991]
 [3.9999]
 [4.    ]
 ...
 [0.    ]
 [0.    ]
 [0.    ]]","[[0.   ]
 [0.001]
 [0.002]
 ...
 [0.   ]
 [0.   ]
 [0.   ]]","[[0.   ]
 [0.004]
 [0.008]
 ...
 [0.   ]
 [0.   ]
 [0.   ]]","[[26.3]
 [26.3]
 [26.3]
 ...
 [27. ]
 [27.1]
 [27.1]]",['2C charge and 1C discharge']
"[[array(['2022-09-17,18:02:21'], dtype='<U19')]
 [array(['2022-09-17,18:02:22'], dtype='<U19')]
 [array(['2022-09-17,18:02:23'], dtype='<U19')]
 ...
 [array(['2022-09-17,19:59:02'], dtype='<U19')]
 [array(['2022-09-17,19:59:02'], dtype='<U19')]
 [array(['2022-09-17,19:59:02'], dtype='<U19')]]","[[0.   ]
 [0.017]
 [0.034]
 ...
 [4.997]
 [5.001]
 [5.001]]","[[3.537 ]
 [3.5539]
 [3.5621]
 ...
 [3.3769]
 [3.3769]
 [3.3769]]","[[3.9991]
 [3.9999]
 [3.9999]
 ...
 [0.    ]
 [0.    ]
 [0.    ]]","[[0.   ]
 [0.001]
 [0.002]
 ...
 [0.   ]
 [0.   ]
 [0.   ]]","[[0.   ]
 [0.004]
 [0.008]
 ...
 [0.   ]
 [0.   ]
 [0.   ]]","[[27. ]
 [27. ]
 [27.1]
 ...
 [27.1]
 [27.2]
 [27.2]]",['2C charge and 1C discharge']
"[[array(['2022-09-17,19:59:03'], dtype='<U19')]
 [array(['2022-09-17,19:59:04'], dtype='<U19')]
 [array(['2022-09-17,19:59:05'], dtype='<U19')]
 ...
 [array(['2022-09-17,21:55:47'], dtype='<U19')]
 [array(['2022-09-17,21:55:47'], dtype='<U19')]
 [array(['2022-09-17,21:55:47'], dtype='<U19')]]","[[0.   ]
 [0.017]
 [0.034]
 ...
 [4.993]
 [5.001]
 [5.001]]","[[3.5332]
 [3.5502]
 [3.5585]
 ...
 [3.3751]
 [3.3751]
 [3.3751]]","[[3.9991]
 [3.9999]
 [4.    ]
 ...
 [0.    ]
 [0.    ]
 [0.    ]]","[[0.   ]
 [0.001]
 [0.002]
 ...
 [0.   ]
 [0.   ]
 [0.   ]]","[[0.   ]
 [0.004]
 [0.008]
 ...
 [0.   ]
 [0.   ]
 [0.   ]]","[[27.2]
 [27.2]
 [27.2]
 ...
 [27.1]
 [27.1]
 [27.1]]",['2C charge and 1C discharge']
"[[array(['2022-09-17,21:55:48'], dtype='<U19')]
 [array(['2022-09-17,21:55:49'], dtype='<U19')]
 [array(['2022-09-17,21:55:50'], dtype='<U19')]
 ...
 [array(['2022-09-17,23:52:34'], dtype='<U19')]
 [array(['2022-09-17,23:52:35'], dtype='<U19')]
 [array(['2022-09-17,23:52:35'], dtype='<U19')]]","[[0.   ]
 [0.017]
 [0.035]
 ...
 [4.989]
 [5.   ]
 [5.   ]]","[[3.5321]
 [3.5492]
 [3.5576]
 ...
 [3.3721]
 [3.3721]
 [3.3721]]","[[3.9991]
 [3.9999]
 [4.    ]
 ...
 [0.    ]
 [0.    ]
 [0.    ]]","[[0.   ]
 [0.001]
 [0.002]
 ...
 [0.   ]
 [0.   ]
 [0.   ]]","[[0.   ]
 [0.004]
 [0.008]
 ...
 [0.   ]
 [0.   ]
 [0.   ]]","[[27.1]
 [27. ]
 [27.1]
 ...
 [27.3]
 [27.2]
 [27.3]]",['2C charge and 1C discharge']
"[[array(['2022-09-17,23:52:36'], dtype='<U19')]
 [array(['2022-09-17,23:52:37'], dtype='<U19')]
 [array(['2022-09-17,23:52:38'], dtype='<U19')]
 ...
 [array(['2022-09-18,01:49:21'], dtype='<U19')]
 [array(['2022-09-18,01:49:22'], dtype='<U19')]
 [array(['2022-09-18,01:49:22'], dtype='<U19')]]","[[0.   ]
 [0.017]
 [0.035]
 ...
 [4.993]
 [5.001]
 [5.001]]","[[3.5281]
 [3.5455]
 [3.5541]
 ...
 [3.3703]
 [3.3703]
 [3.3703]]","[[3.9991]
 [4.    ]
 [4.    ]
 ...
 [0.    ]
 [0.    ]
 [0.    ]]","[[0.   ]
 [0.001]
 [0.002]
 ...
 [0.   ]
 [0.   ]
 [0.   ]]","[[0.   ]
 [0.004]
 [0.008]
 ...
 [0.   ]
 [0.   ]
 [0.   ]]","[[27.2]
 [27.2]
 [27.2]
 ...
 [27.2]
 [27.2]
 [27.2]]",['2C charge and 1C discharge']
"[[array(['2022-09-18,01:49:23'], dtype='<U19')]
 [array(['2022-09-18,01:49:24'], dtype='<U19')]
 [array(['2022-09-18,01:49:25'], dtype='<U19')]
 ...
 [array(['2022-09-18,03:46:07'], dtype='<U19')]
 [array(['2022-09-18,03:46:07'], dtype='<U19')]
 [array(['2022-09-18,03:46:07'], dtype='<U19')]]","[[0.   ]
 [0.017]
 [0.034]
 ...
 [4.991]
 [5.   ]
 [5.   ]]","[[3.5242]
 [3.5438]
 [3.5524]
 ...
 [3.3683]
 [3.3683]
 [3.3683]]","[[3.9991]
 [3.9999]
 [4.    ]
 ...
 [0.    ]
 [0.    ]
 [0.    ]]","[[0.   ]
 [0.001]
 [0.002]
 ...
 [0.   ]
 [0.   ]
 [0.   ]]","[[0.   ]
 [0.004]
 [0.008]
 ...
 [0.   ]
 [0.   ]
 [0.   ]]","[[27.2]
 [27.2]
 [27.2]
 ...
 [27.2]
 [27.2]
 [27.2]]",['2C charge and 1C discharge']
"[[array(['2022-09-18,03:46:08'], dtype='<U19')]
 [array(['2022-09-18,03:46:09'], dtype='<U19')]
 [array(['2022-09-18,03:46:10'], dtype='<U19')]
 ...
 [array(['2022-09-18,05:42:53'], dtype='<U19')]
 [array(['2022-09-18,05:42:53'], dtype='<U19')]
 [array(['2022-09-18,05:42:53'], dtype='<U19')]]","[[0.   ]
 [0.017]
 [0.035]
 ...
 [4.994]
 [5.   ]
 [5.   ]]","[[3.5238]
 [3.5418]
 [3.5504]
 ...
 [3.3664]
 [3.3664]
 [3.3664]]","[[3.9991]
 [3.9999]
 [4.    ]
 ...
 [0.    ]
 [0.    ]
 [0.    ]]","[[0.   ]
 [0.001]
 [0.002]
 ...
 [0.   ]
 [0.   ]
 [0.   ]]","[[0.   ]
 [0.004]
 [0.008]
 ...
 [0.   ]
 [0.   ]
 [0.   ]]","[[27.2]
 [27.2]
 [27.2]
 ...
 [27.2]
 [27.2]
 [27.2]]",['2C charge and 1C discharge']
"[[array(['2022-09-18,05:42:54'], dtype='<U19')]
 [array(['2022-09-18,05:42:55'], dtype='<U19')]
 [array(['2022-09-18,05:42:56'], dtype='<U19')]
 ...
 [array(['2022-09-18,07:39:41'], dtype='<U19')]
 [array(['2022-09-18,07:39:41'], dtype='<U19')]
 [array(['2022-09-18,07:39:41'], dtype='<U19')]]","[[0.   ]
 [0.017]
 [0.034]
 ...
 [4.992]
 [5.   ]
 [5.   ]]","[[3.5224]
 [3.5402]
 [3.5493]
 ...
 [3.3646]
 [3.3646]
 [3.3646]]","[[3.9991]
 [4.    ]
 [4.    ]
 ...
 [0.    ]
 [0.    ]
 [0.    ]]","[[0.   ]
 [0.001]
 [0.002]
 ...
 [0.   ]
 [0.   ]
 [0.   ]]","[[0.   ]
 [0.004]
 [0.008]
 ...
 [0.   ]
 [0.   ]
 [0.   ]]","[[27.2]
 [27.2]
 [27.2]
 ...
 [27.2]
 [27.2]
 [27.2]]",['2C charge and 1C discharge']
"[[array(['2022-09-18,07:39:42'], dtype='<U19')]
 [array(['2022-09-18,07:39:43'], dtype='<U19')]
 [array(['2022-09-18,07:39:44'], dtype='<U19')]
 ...
 [array(['2022-09-18,09:36:32'], dtype='<U19')]
 [array(['2022-09-18,09:36:32'], dtype='<U19')]
 [array(['2022-09-18,09:36:32'], dtype='<U19')]]","[[0.   ]
 [0.017]
 [0.034]
 ...
 [4.996]
 [5.   ]
 [5.   ]]","[[3.5212]
 [3.5384]
 [3.5472]
 ...
 [3.3621]
 [3.3621]
 [3.3623]]","[[3.9994]
 [3.9999]
 [4.    ]
 ...
 [0.    ]
 [0.    ]
 [0.    ]]","[[0.   ]
 [0.001]
 [0.002]
 ...
 [0.   ]
 [0.   ]
 [0.   ]]","[[0.   ]
 [0.004]
 [0.008]
 ...
 [0.   ]
 [0.   ]
 [0.   ]]","[[27.2]
 [27.2]
 [27.2]
 ...
 [27.2]
 [27.2]
 [27.2]]",['2C charge and 1C discharge']
"[[array(['2022-09-18,09:36:33'], dtype='<U19')]
 [array(['2022-09-18,09:36:34'], dtype='<U19')]
 [array(['2022-09-18,09:36:36'], dtype='<U19')]
 ...
 [array(['2022-09-18,11:35:51'], dtype='<U19')]
 [array(['2022-09-18,11:35:51'], dtype='<U19')]
 [array(['2022-09-18,11:35:51'], dtype='<U19')]]","[[0.   ]
 [0.017]
 [0.034]
 ...
 [4.998]
 [5.001]
 [5.001]]","[[3.5178]
 [3.5361]
 [3.545 ]
 ...
 [3.3609]
 [3.3609]
 [3.3611]]","[[3.9994]
 [4.    ]
 [4.    ]
 ...
 [0.    ]
 [0.    ]
 [0.    ]]","[[0.   ]
 [0.001]
 [0.002]
 ...
 [0.   ]
 [0.   ]
 [0.   ]]","[[0.   ]
 [0.004]
 [0.008]
 ...
 [0.   ]
 [0.   ]
 [0.   ]]","[[27.2]
 [27.2]
 [27.2]
 ...
 [27.2]
 [27.2]
 [27.2]]",['2C charge and 1C discharge']
"[[array(['2022-09-18,11:35:52'], dtype='<U19')]
 [array(['2022-09-18,11:35:53'], dtype='<U19')]
 [array(['2022-09-18,11:35:55'], dtype='<U19')]
 ...
 [array(['2022-09-18,13:33:02'], dtype='<U19')]
 [array(['2022-09-18,13:33:02'], dtype='<U19')]
 [array(['2022-09-18,13:33:02'], dtype='<U19')]]","[[0.   ]
 [0.017]
 [0.034]
 ...
 [4.993]
 [5.   ]
 [5.   ]]","[[3.5173]
 [3.5353]
 [3.5442]
 ...
 [3.358 ]
 [3.358 ]
 [3.358 ]]","[[3.9991]
 [3.9999]
 [4.    ]
 ...
 [0.    ]
 [0.    ]
 [0.    ]]","[[0.   ]
 [0.001]
 [0.002]
 ...
 [0.   ]
 [0.   ]
 [0.   ]]","[[0.   ]
 [0.004]
 [0.008]
 ...
 [0.   ]
 [0.   ]
 [0.   ]]","[[27.2]
 [27.2]
 [27.1]
 ...
 [27.1]
 [27.1]
 [27.1]]",['2C charge and 1C discharge']
"[[array(['2022-09-18,13:33:03'], dtype='<U19')]
 [array(['2022-09-18,13:33:04'], dtype='<U19')]
 [array(['2022-09-18,13:33:05'], dtype='<U19')]
 ...
 [array(['2022-09-18,15:30:12'], dtype='<U19')]
 [array(['2022-09-18,15:30:13'], dtype='<U19')]
 [array(['2022-09-18,15:30:13'], dtype='<U19')]]","[[0.   ]
 [0.017]
 [0.034]
 ...
 [4.994]
 [5.   ]
 [5.   ]]","[[3.5144]
 [3.5327]
 [3.5418]
 ...
 [3.3549]
 [3.3549]
 [3.3549]]","[[3.9991]
 [3.9999]
 [4.    ]
 ...
 [0.    ]
 [0.    ]
 [0.    ]]","[[0.   ]
 [0.001]
 [0.002]
 ...
 [0.   ]
 [0.   ]
 [0.   ]]","[[0.   ]
 [0.004]
 [0.008]
 ...
 [0.   ]
 [0.   ]
 [0.   ]]","[[27.2]
 [27.1]
 [27.1]
 ...
 [27.3]
 [27.3]
 [27.3]]",['2C charge and 1C discharge']
"[[array(['2022-09-18,15:30:14'], dtype='<U19')]
 [array(['2022-09-18,15:30:15'], dtype='<U19')]
 [array(['2022-09-18,15:30:16'], dtype='<U19')]
 ...
 [array(['2022-09-18,17:27:17'], dtype='<U19')]
 [array(['2022-09-18,17:27:17'], dtype='<U19')]
 [array(['2022-09-18,17:27:17'], dtype='<U19')]]","[[0.   ]
 [0.017]
 [0.034]
 ...
 [4.994]
 [5.   ]
 [5.   ]]","[[3.5101]
 [3.5289]
 [3.5381]
 ...
 [3.3521]
 [3.3521]
 [3.3521]]","[[3.9994]
 [3.9999]
 [4.    ]
 ...
 [0.    ]
 [0.    ]
 [0.    ]]","[[0.   ]
 [0.001]
 [0.002]
 ...
 [0.   ]
 [0.   ]
 [0.   ]]","[[0.   ]
 [0.004]
 [0.008]
 ...
 [0.   ]
 [0.   ]
 [0.   ]]","[[27.3]
 [27.3]
 [27.3]
 ...
 [27.3]
 [27.3]
 [27.3]]",['2C charge and 1C discharge']
"[[array(['2022-09-18,17:27:18'], dtype='<U19')]
 [array(['2022-09-18,17:27:19'], dtype='<U19')]
 [array(['2022-09-18,17:27:20'], dtype='<U19')]
 ...
 [array(['2022-09-18,19:24:19'], dtype='<U19')]
 [array(['2022-09-18,19:24:19'], dtype='<U19')]
 [array(['2022-09-18,19:24:19'], dtype='<U19')]]","[[0.   ]
 [0.017]
 [0.034]
 ...
 [4.995]
 [5.   ]
 [5.   ]]","[[3.5072]
 [3.5261]
 [3.5353]
 ...
 [3.3511]
 [3.3511]
 [3.3514]]","[[3.9991]
 [3.9999]
 [4.    ]
 ...
 [0.    ]
 [0.    ]
 [0.    ]]","[[0.   ]
 [0.001]
 [0.002]
 ...
 [0.   ]
 [0.   ]
 [0.   ]]","[[0.   ]
 [0.004]
 [0.008]
 ...
 [0.   ]
 [0.   ]
 [0.   ]]","[[27.3]
 [27.3]
 [27.3]
 ...
 [27.2]
 [27.2]
 [27.2]]",['2C charge and 1C discharge']
"[[array(['2022-09-18,19:24:20'], dtype='<U19')]
 [array(['2022-09-18,19:24:21'], dtype='<U19')]
 [array(['2022-09-18,19:24:22'], dtype='<U19')]
 ...
 [array(['2022-09-18,21:21:31'], dtype='<U19')]
 [array(['2022-09-18,21:21:31'], dtype='<U19')]
 [array(['2022-09-18,21:21:31'], dtype='<U19')]]","[[0.   ]
 [0.017]
 [0.034]
 ...
 [4.993]
 [5.001]
 [5.001]]","[[3.5084]
 [3.5262]
 [3.5353]
 ...
 [3.3485]
 [3.3486]
 [3.3486]]","[[3.9994]
 [4.    ]
 [4.    ]
 ...
 [0.    ]
 [0.    ]
 [0.    ]]","[[0.   ]
 [0.001]
 [0.002]
 ...
 [0.   ]
 [0.   ]
 [0.   ]]","[[0.   ]
 [0.004]
 [0.008]
 ...
 [0.   ]
 [0.   ]
 [0.   ]]","[[27.2]
 [27.2]
 [27.2]
 ...
 [27.2]
 [27.2]
 [27.2]]",['2C charge and 1C discharge']
"[[array(['2022-09-18,21:21:32'], dtype='<U19')]
 [array(['2022-09-18,21:21:33'], dtype='<U19')]
 [array(['2022-09-18,21:21:34'], dtype='<U19')]
 ...
 [array(['2022-09-18,23:18:39'], dtype='<U19')]
 [array(['2022-09-18,23:18:39'], dtype='<U19')]
 [array(['2022-09-18,23:18:39'], dtype='<U19')]]","[[0.   ]
 [0.017]
 [0.034]
 ...
 [4.992]
 [5.001]
 [5.001]]","[[3.5044]
 [3.5232]
 [3.5324]
 ...
 [3.3451]
 [3.3452]
 [3.3452]]","[[3.9994]
 [4.    ]
 [4.    ]
 ...
 [0.    ]
 [0.    ]
 [0.    ]]","[[0.   ]
 [0.001]
 [0.002]
 ...
 [0.   ]
 [0.   ]
 [0.   ]]","[[0.   ]
 [0.004]
 [0.008]
 ...
 [0.   ]
 [0.   ]
 [0.   ]]","[[27.2]
 [27.2]
 [27.2]
 ...
 [27.3]
 [27.3]
 [27.3]]",['2C charge and 1C discharge']
"[[array(['2022-09-18,23:18:40'], dtype='<U19')]
 [array(['2022-09-18,23:18:41'], dtype='<U19')]
 [array(['2022-09-18,23:18:42'], dtype='<U19')]
 ...
 [array(['2022-09-19,01:15:51'], dtype='<U19')]
 [array(['2022-09-19,01:15:51'], dtype='<U19')]
 [array(['2022-09-19,01:15:51'], dtype='<U19')]]","[[0.   ]
 [0.017]
 [0.034]
 ...
 [4.996]
 [5.   ]
 [5.   ]]","[[3.4979]
 [3.5205]
 [3.5296]
 ...
 [3.3435]
 [3.3435]
 [3.3435]]","[[3.9991]
 [4.    ]
 [4.    ]
 ...
 [0.    ]
 [0.    ]
 [0.    ]]","[[0.   ]
 [0.001]
 [0.002]
 ...
 [0.   ]
 [0.   ]
 [0.   ]]","[[0.   ]
 [0.004]
 [0.008]
 ...
 [0.   ]
 [0.   ]
 [0.   ]]","[[27.3]
 [27.3]
 [27.3]
 ...
 [27.2]
 [27.2]
 [27.2]]",['2C charge and 1C discharge']
"[[array(['2022-09-19,01:15:52'], dtype='<U19')]
 [array(['2022-09-19,01:15:53'], dtype='<U19')]
 [array(['2022-09-19,01:15:54'], dtype='<U19')]
 ...
 [array(['2022-09-19,03:13:09'], dtype='<U19')]
 [array(['2022-09-19,03:13:09'], dtype='<U19')]
 [array(['2022-09-19,03:13:10'], dtype='<U19')]]","[[0.   ]
 [0.017]
 [0.034]
 ...
 [4.998]
 [5.   ]
 [5.   ]]","[[3.4993]
 [3.5182]
 [3.5276]
 ...
 [3.3425]
 [3.3425]
 [3.3422]]","[[3.9991]
 [3.9999]
 [4.    ]
 ...
 [0.    ]
 [0.    ]
 [0.    ]]","[[0.   ]
 [0.001]
 [0.002]
 ...
 [0.   ]
 [0.   ]
 [0.   ]]","[[0.   ]
 [0.004]
 [0.008]
 ...
 [0.   ]
 [0.   ]
 [0.   ]]","[[27.2]
 [27.2]
 [27.2]
 ...
 [27.2]
 [27.2]
 [27.2]]",['2C charge and 1C discharge']
"[[array(['2022-09-19,03:13:11'], dtype='<U19')]
 [array(['2022-09-19,03:13:12'], dtype='<U19')]
 [array(['2022-09-19,03:13:13'], dtype='<U19')]
 ...
 [array(['2022-09-19,05:10:30'], dtype='<U19')]
 [array(['2022-09-19,05:10:31'], dtype='<U19')]
 [array(['2022-09-19,05:10:31'], dtype='<U19')]]","[[0.   ]
 [0.017]
 [0.034]
 ...
 [4.99 ]
 [5.   ]
 [5.   ]]","[[3.4987]
 [3.5173]
 [3.5269]
 ...
 [3.34  ]
 [3.3402]
 [3.3402]]","[[3.9994]
 [4.    ]
 [4.    ]
 ...
 [0.    ]
 [0.    ]
 [0.    ]]","[[0.   ]
 [0.001]
 [0.002]
 ...
 [0.   ]
 [0.   ]
 [0.   ]]","[[0.   ]
 [0.004]
 [0.008]
 ...
 [0.   ]
 [0.   ]
 [0.   ]]","[[27.2]
 [27.2]
 [27.2]
 ...
 [27.1]
 [27.1]
 [27.1]]",['2C charge and 1C discharge']
"[[array(['2022-09-19,05:10:32'], dtype='<U19')]
 [array(['2022-09-19,05:10:33'], dtype='<U19')]
 [array(['2022-09-19,05:10:34'], dtype='<U19')]
 ...
 [array(['2022-09-19,07:08:00'], dtype='<U19')]
 [array(['2022-09-19,07:08:01'], dtype='<U19')]
 [array(['2022-09-19,07:08:01'], dtype='<U19')]]","[[0.   ]
 [0.017]
 [0.034]
 ...
 [4.997]
 [5.   ]
 [5.   ]]","[[3.4959]
 [3.5158]
 [3.5252]
 ...
 [3.3385]
 [3.3385]
 [3.3385]]","[[3.9991]
 [3.9999]
 [4.    ]
 ...
 [0.    ]
 [0.    ]
 [0.    ]]","[[0.   ]
 [0.001]
 [0.002]
 ...
 [0.   ]
 [0.   ]
 [0.   ]]","[[0.   ]
 [0.004]
 [0.008]
 ...
 [0.   ]
 [0.   ]
 [0.   ]]","[[27.1]
 [27.1]
 [27.1]
 ...
 [27.2]
 [27.2]
 [27.2]]",['2C charge and 1C discharge']
"[[array(['2022-09-19,07:08:02'], dtype='<U19')]
 [array(['2022-09-19,07:08:03'], dtype='<U19')]
 [array(['2022-09-19,07:08:04'], dtype='<U19')]
 ...
 [array(['2022-09-19,09:05:25'], dtype='<U19')]
 [array(['2022-09-19,09:05:25'], dtype='<U19')]
 [array(['2022-09-19,09:05:25'], dtype='<U19')]]","[[0.   ]
 [0.017]
 [0.034]
 ...
 [4.996]
 [5.001]
 [5.001]]","[[3.4942]
 [3.5135]
 [3.5232]
 ...
 [3.3371]
 [3.3372]
 [3.3372]]","[[3.9991]
 [3.9999]
 [4.    ]
 ...
 [0.    ]
 [0.    ]
 [0.    ]]","[[0.   ]
 [0.001]
 [0.002]
 ...
 [0.   ]
 [0.   ]
 [0.   ]]","[[0.   ]
 [0.004]
 [0.008]
 ...
 [0.   ]
 [0.   ]
 [0.   ]]","[[27.2]
 [27.2]
 [27.2]
 ...
 [27.2]
 [27.1]
 [27.2]]",['2C charge and 1C discharge']
"[[array(['2022-09-19,09:05:26'], dtype='<U19')]
 [array(['2022-09-19,09:05:27'], dtype='<U19')]
 [array(['2022-09-19,09:05:28'], dtype='<U19')]
 ...
 [array(['2022-09-19,11:02:53'], dtype='<U19')]
 [array(['2022-09-19,11:02:54'], dtype='<U19')]
 [array(['2022-09-19,11:02:54'], dtype='<U19')]]","[[0.   ]
 [0.017]
 [0.034]
 ...
 [4.993]
 [5.001]
 [5.001]]","[[3.4944]
 [3.5129]
 [3.5224]
 ...
 [3.3343]
 [3.3343]
 [3.3343]]","[[3.9991]
 [3.9999]
 [3.9999]
 ...
 [0.    ]
 [0.    ]
 [0.    ]]","[[0.   ]
 [0.001]
 [0.002]
 ...
 [0.   ]
 [0.   ]
 [0.   ]]","[[0.   ]
 [0.004]
 [0.008]
 ...
 [0.   ]
 [0.   ]
 [0.   ]]","[[27.1]
 [27.1]
 [27.1]
 ...
 [27.1]
 [27.1]
 [27.1]]",['2C charge and 1C discharge']
"[[array(['2022-09-19,11:02:55'], dtype='<U19')]
 [array(['2022-09-19,11:02:56'], dtype='<U19')]
 [array(['2022-09-19,11:02:57'], dtype='<U19')]
 ...
 [array(['2022-09-19,13:00:22'], dtype='<U19')]
 [array(['2022-09-19,13:00:22'], dtype='<U19')]
 [array(['2022-09-19,13:00:22'], dtype='<U19')]]","[[0.   ]
 [0.017]
 [0.034]
 ...
 [4.995]
 [5.001]
 [5.001]]","[[3.4904]
 [3.5098]
 [3.5196]
 ...
 [3.3322]
 [3.3323]
 [3.3323]]","[[3.9991]
 [3.9999]
 [4.    ]
 ...
 [0.    ]
 [0.    ]
 [0.    ]]","[[0.   ]
 [0.001]
 [0.002]
 ...
 [0.   ]
 [0.   ]
 [0.   ]]","[[0.   ]
 [0.004]
 [0.008]
 ...
 [0.   ]
 [0.   ]
 [0.   ]]","[[27.1]
 [27.1]
 [27.1]
 ...
 [27.1]
 [27.1]
 [27.1]]",['2C charge and 1C discharge']
"[[array(['2022-09-19,13:00:23'], dtype='<U19')]
 [array(['2022-09-19,13:00:24'], dtype='<U19')]
 [array(['2022-09-19,13:00:25'], dtype='<U19')]
 ...
 [array(['2022-09-19,14:57:53'], dtype='<U19')]
 [array(['2022-09-19,14:57:54'], dtype='<U19')]
 [array(['2022-09-19,14:57:54'], dtype='<U19')]]","[[0.   ]
 [0.017]
 [0.034]
 ...
 [4.99 ]
 [5.   ]
 [5.   ]]","[[3.489 ]
 [3.5084]
 [3.5179]
 ...
 [3.3305]
 [3.3305]
 [3.3305]]","[[3.9991]
 [3.9999]
 [4.    ]
 ...
 [0.    ]
 [0.    ]
 [0.    ]]","[[0.   ]
 [0.001]
 [0.002]
 ...
 [0.   ]
 [0.   ]
 [0.   ]]","[[0.   ]
 [0.004]
 [0.008]
 ...
 [0.   ]
 [0.   ]
 [0.   ]]","[[27.1]
 [27.1]
 [27.1]
 ...
 [27.1]
 [27.1]
 [27.1]]",['2C charge and 1C discharge']
"[[array(['2022-09-19,14:57:55'], dtype='<U19')]
 [array(['2022-09-19,14:57:56'], dtype='<U19')]
 [array(['2022-09-19,14:57:57'], dtype='<U19')]
 ...
 [array(['2022-09-19,16:55:22'], dtype='<U19')]
 [array(['2022-09-19,16:55:22'], dtype='<U19')]
 [array(['2022-09-19,16:55:22'], dtype='<U19')]]","[[0.   ]
 [0.017]
 [0.035]
 ...
 [4.995]
 [5.   ]
 [5.   ]]","[[3.4866]
 [3.5066]
 [3.5162]
 ...
 [3.3318]
 [3.3318]
 [3.3318]]","[[3.9991]
 [3.9999]
 [3.9999]
 ...
 [0.    ]
 [0.    ]
 [0.    ]]","[[0.   ]
 [0.001]
 [0.002]
 ...
 [0.   ]
 [0.   ]
 [0.   ]]","[[0.   ]
 [0.004]
 [0.008]
 ...
 [0.   ]
 [0.   ]
 [0.   ]]","[[27.1]
 [27.1]
 [27.1]
 ...
 [26.9]
 [26.9]
 [26.9]]",['2C charge and 1C discharge']
"[[array(['2022-09-19,16:55:23'], dtype='<U19')]
 [array(['2022-09-19,16:55:24'], dtype='<U19')]
 [array(['2022-09-19,16:55:25'], dtype='<U19')]
 ...
 [array(['2022-09-19,18:53:15'], dtype='<U19')]
 [array(['2022-09-19,18:53:16'], dtype='<U19')]
 [array(['2022-09-19,18:53:16'], dtype='<U19')]]","[[0.   ]
 [0.017]
 [0.034]
 ...
 [4.994]
 [5.001]
 [5.001]]","[[3.489 ]
 [3.5081]
 [3.5179]
 ...
 [3.3258]
 [3.3258]
 [3.3258]]","[[3.9991]
 [3.9999]
 [4.    ]
 ...
 [0.    ]
 [0.    ]
 [0.    ]]","[[0.   ]
 [0.001]
 [0.002]
 ...
 [0.   ]
 [0.   ]
 [0.   ]]","[[0.   ]
 [0.004]
 [0.008]
 ...
 [0.   ]
 [0.   ]
 [0.   ]]","[[26.9]
 [26.9]
 [26.9]
 ...
 [27.2]
 [27.2]
 [27.2]]",['2C charge and 1C discharge']
"[[array(['2022-09-19,18:53:17'], dtype='<U19')]
 [array(['2022-09-19,18:53:18'], dtype='<U19')]
 [array(['2022-09-19,18:53:19'], dtype='<U19')]
 ...
 [array(['2022-09-19,20:50:52'], dtype='<U19')]
 [array(['2022-09-19,20:50:52'], dtype='<U19')]
 [array(['2022-09-19,20:50:52'], dtype='<U19')]]","[[0.   ]
 [0.017]
 [0.034]
 ...
 [4.994]
 [5.   ]
 [5.   ]]","[[3.4823]
 [3.5018]
 [3.5115]
 ...
 [3.3251]
 [3.3251]
 [3.3251]]","[[3.9991]
 [3.9999]
 [3.9999]
 ...
 [0.    ]
 [0.    ]
 [0.    ]]","[[0.   ]
 [0.001]
 [0.002]
 ...
 [0.   ]
 [0.   ]
 [0.   ]]","[[0.   ]
 [0.004]
 [0.008]
 ...
 [0.   ]
 [0.   ]
 [0.   ]]","[[27.2]
 [27.1]
 [27.2]
 ...
 [27.1]
 [27.1]
 [27.1]]",['2C charge and 1C discharge']
"[[array(['2022-09-19,20:50:53'], dtype='<U19')]
 [array(['2022-09-19,20:50:54'], dtype='<U19')]
 [array(['2022-09-19,20:50:55'], dtype='<U19')]
 ...
 [array(['2022-09-19,22:48:27'], dtype='<U19')]
 [array(['2022-09-19,22:48:28'], dtype='<U19')]
 [array(['2022-09-19,22:48:28'], dtype='<U19')]]","[[0.   ]
 [0.017]
 [0.034]
 ...
 [4.998]
 [5.001]
 [5.001]]","[[3.4823]
 [3.5018]
 [3.5115]
 ...
 [3.3223]
 [3.3223]
 [3.3223]]","[[3.9991]
 [3.9999]
 [4.    ]
 ...
 [0.    ]
 [0.    ]
 [0.    ]]","[[0.   ]
 [0.001]
 [0.002]
 ...
 [0.   ]
 [0.   ]
 [0.   ]]","[[0.   ]
 [0.004]
 [0.008]
 ...
 [0.   ]
 [0.   ]
 [0.   ]]","[[27.1]
 [27.1]
 [27.1]
 ...
 [27.1]
 [27.1]
 [27.1]]",['2C charge and 1C discharge']
"[[array(['2022-09-19,22:48:29'], dtype='<U19')]
 [array(['2022-09-19,22:48:30'], dtype='<U19')]
 [array(['2022-09-19,22:48:31'], dtype='<U19')]
 ...
 [array(['2022-09-20,00:46:18'], dtype='<U19')]
 [array(['2022-09-20,00:46:18'], dtype='<U19')]
 [array(['2022-09-20,00:46:18'], dtype='<U19')]]","[[0.   ]
 [0.017]
 [0.035]
 ...
 [4.994]
 [5.001]
 [5.001]]","[[3.4787]
 [3.4984]
 [3.5081]
 ...
 [3.3222]
 [3.3222]
 [3.3222]]","[[3.9991]
 [3.9999]
 [4.    ]
 ...
 [0.    ]
 [0.    ]
 [0.    ]]","[[0.   ]
 [0.001]
 [0.002]
 ...
 [0.   ]
 [0.   ]
 [0.   ]]","[[0.   ]
 [0.004]
 [0.008]
 ...
 [0.   ]
 [0.   ]
 [0.   ]]","[[27.1]
 [27.1]
 [27.1]
 ...
 [26.9]
 [26.9]
 [26.9]]",['2C charge and 1C discharge']
"[[array(['2022-09-20,00:46:19'], dtype='<U19')]
 [array(['2022-09-20,00:46:20'], dtype='<U19')]
 [array(['2022-09-20,00:46:21'], dtype='<U19')]
 ...
 [array(['2022-09-20,02:44:09'], dtype='<U19')]
 [array(['2022-09-20,02:44:09'], dtype='<U19')]
 [array(['2022-09-20,02:44:09'], dtype='<U19')]]","[[0.   ]
 [0.017]
 [0.034]
 ...
 [4.994]
 [5.   ]
 [5.   ]]","[[3.479 ]
 [3.4995]
 [3.509 ]
 ...
 [3.3199]
 [3.32  ]
 [3.3199]]","[[3.9991]
 [3.9999]
 [3.9999]
 ...
 [0.    ]
 [0.    ]
 [0.    ]]","[[0.   ]
 [0.001]
 [0.002]
 ...
 [0.   ]
 [0.   ]
 [0.   ]]","[[0.   ]
 [0.004]
 [0.008]
 ...
 [0.   ]
 [0.   ]
 [0.   ]]","[[26.9]
 [26.9]
 [26.9]
 ...
 [27.1]
 [27.1]
 [27. ]]",['2C charge and 1C discharge']
"[[array(['2022-09-20,02:44:10'], dtype='<U19')]
 [array(['2022-09-20,02:44:11'], dtype='<U19')]
 [array(['2022-09-20,02:44:12'], dtype='<U19')]
 ...
 [array(['2022-09-20,04:42:05'], dtype='<U19')]
 [array(['2022-09-20,04:42:05'], dtype='<U19')]
 [array(['2022-09-20,04:42:05'], dtype='<U19')]]","[[0.   ]
 [0.017]
 [0.034]
 ...
 [4.994]
 [5.   ]
 [5.   ]]","[[3.477 ]
 [3.4969]
 [3.5067]
 ...
 [3.3177]
 [3.3177]
 [3.3177]]","[[3.9991]
 [3.9999]
 [4.    ]
 ...
 [0.    ]
 [0.    ]
 [0.    ]]","[[0.   ]
 [0.001]
 [0.002]
 ...
 [0.   ]
 [0.   ]
 [0.   ]]","[[0.   ]
 [0.004]
 [0.008]
 ...
 [0.   ]
 [0.   ]
 [0.   ]]","[[27. ]
 [27. ]
 [27. ]
 ...
 [27.1]
 [27. ]
 [27.1]]",['2C charge and 1C discharge']
"[[array(['2022-09-20,04:42:06'], dtype='<U19')]
 [array(['2022-09-20,04:42:07'], dtype='<U19')]
 [array(['2022-09-20,04:42:08'], dtype='<U19')]
 ...
 [array(['2022-09-20,06:39:59'], dtype='<U19')]
 [array(['2022-09-20,06:39:59'], dtype='<U19')]
 [array(['2022-09-20,06:39:59'], dtype='<U19')]]","[[0.   ]
 [0.017]
 [0.034]
 ...
 [4.998]
 [5.001]
 [5.001]]","[[3.4749]
 [3.4947]
 [3.5047]
 ...
 [3.3166]
 [3.3166]
 [3.3166]]","[[3.9991]
 [3.9999]
 [4.    ]
 ...
 [0.    ]
 [0.    ]
 [0.    ]]","[[0.   ]
 [0.001]
 [0.002]
 ...
 [0.   ]
 [0.   ]
 [0.   ]]","[[0.   ]
 [0.004]
 [0.008]
 ...
 [0.   ]
 [0.   ]
 [0.   ]]","[[27.1]
 [27. ]
 [27.1]
 ...
 [26.9]
 [26.9]
 [26.9]]",['2C charge and 1C discharge']
"[[array(['2022-09-20,06:40:00'], dtype='<U19')]
 [array(['2022-09-20,06:40:01'], dtype='<U19')]
 [array(['2022-09-20,06:40:02'], dtype='<U19')]
 ...
 [array(['2022-09-20,08:37:56'], dtype='<U19')]
 [array(['2022-09-20,08:37:56'], dtype='<U19')]
 [array(['2022-09-20,08:37:56'], dtype='<U19')]]","[[0.   ]
 [0.017]
 [0.034]
 ...
 [4.995]
 [5.   ]
 [5.   ]]","[[3.4738]
 [3.4942]
 [3.5041]
 ...
 [3.3155]
 [3.3155]
 [3.3155]]","[[3.9991]
 [3.9999]
 [4.    ]
 ...
 [0.    ]
 [0.    ]
 [0.    ]]","[[0.   ]
 [0.001]
 [0.002]
 ...
 [0.   ]
 [0.   ]
 [0.   ]]","[[0.   ]
 [0.004]
 [0.008]
 ...
 [0.   ]
 [0.   ]
 [0.   ]]","[[26.9]
 [27. ]
 [26.9]
 ...
 [26.9]
 [26.9]
 [26.9]]",['2C charge and 1C discharge']
"[[array(['2022-09-20,08:37:57'], dtype='<U19')]
 [array(['2022-09-20,08:37:58'], dtype='<U19')]
 [array(['2022-09-20,08:37:59'], dtype='<U19')]
 ...
 [array(['2022-09-20,10:35:50'], dtype='<U19')]
 [array(['2022-09-20,10:35:50'], dtype='<U19')]
 [array(['2022-09-20,10:35:50'], dtype='<U19')]]","[[0.   ]
 [0.017]
 [0.034]
 ...
 [4.995]
 [5.   ]
 [5.   ]]","[[3.4729]
 [3.4932]
 [3.5033]
 ...
 [3.3171]
 [3.3171]
 [3.3172]]","[[3.9991]
 [3.9999]
 [4.    ]
 ...
 [0.    ]
 [0.    ]
 [0.    ]]","[[0.   ]
 [0.001]
 [0.002]
 ...
 [0.   ]
 [0.   ]
 [0.   ]]","[[0.   ]
 [0.004]
 [0.008]
 ...
 [0.   ]
 [0.   ]
 [0.   ]]","[[26.9]
 [26.9]
 [26.9]
 ...
 [26.8]
 [26.8]
 [26.8]]",['2C charge and 1C discharge']
"[[array(['2022-09-20,10:35:51'], dtype='<U19')]
 [array(['2022-09-20,10:35:52'], dtype='<U19')]
 [array(['2022-09-20,10:35:53'], dtype='<U19')]
 ...
 [array(['2022-09-20,12:33:59'], dtype='<U19')]
 [array(['2022-09-20,12:33:59'], dtype='<U19')]
 [array(['2022-09-20,12:33:59'], dtype='<U19')]]","[[0.   ]
 [0.017]
 [0.034]
 ...
 [4.994]
 [5.   ]
 [5.   ]]","[[3.4761]
 [3.4956]
 [3.5058]
 ...
 [3.3139]
 [3.3139]
 [3.3142]]","[[3.9994]
 [3.9999]
 [4.    ]
 ...
 [0.    ]
 [0.    ]
 [0.    ]]","[[0.   ]
 [0.001]
 [0.002]
 ...
 [0.   ]
 [0.   ]
 [0.   ]]","[[0.   ]
 [0.004]
 [0.008]
 ...
 [0.   ]
 [0.   ]
 [0.   ]]","[[26.8]
 [26.8]
 [26.8]
 ...
 [26.9]
 [26.8]
 [26.8]]",['2C charge and 1C discharge']
"[[array(['2022-09-20,12:34:00'], dtype='<U19')]
 [array(['2022-09-20,12:34:01'], dtype='<U19')]
 [array(['2022-09-20,12:34:02'], dtype='<U19')]
 ...
 [array(['2022-09-20,14:32:02'], dtype='<U19')]
 [array(['2022-09-20,14:32:03'], dtype='<U19')]
 [array(['2022-09-20,14:32:03'], dtype='<U19')]]","[[0.   ]
 [0.017]
 [0.034]
 ...
 [4.994]
 [5.001]
 [5.001]]","[[3.471 ]
 [3.4913]
 [3.5018]
 ...
 [3.3128]
 [3.3128]
 [3.3128]]","[[3.9991]
 [3.9999]
 [4.    ]
 ...
 [0.    ]
 [0.    ]
 [0.    ]]","[[0.   ]
 [0.001]
 [0.002]
 ...
 [0.   ]
 [0.   ]
 [0.   ]]","[[0.   ]
 [0.004]
 [0.008]
 ...
 [0.   ]
 [0.   ]
 [0.   ]]","[[26.8]
 [26.8]
 [26.8]
 ...
 [26.8]
 [26.8]
 [26.8]]",['2C charge and 1C discharge']
"[[array(['2022-09-20,14:32:04'], dtype='<U19')]
 [array(['2022-09-20,14:32:05'], dtype='<U19')]
 [array(['2022-09-20,14:32:06'], dtype='<U19')]
 ...
 [array(['2022-09-20,16:30:10'], dtype='<U19')]
 [array(['2022-09-20,16:30:10'], dtype='<U19')]
 [array(['2022-09-20,16:30:10'], dtype='<U19')]]","[[0.   ]
 [0.017]
 [0.036]
 ...
 [4.995]
 [5.   ]
 [5.   ]]","[[3.4706]
 [3.4909]
 [3.5012]
 ...
 [3.3077]
 [3.3077]
 [3.3077]]","[[3.9991]
 [3.9999]
 [4.    ]
 ...
 [0.    ]
 [0.    ]
 [0.    ]]","[[0.   ]
 [0.001]
 [0.002]
 ...
 [0.   ]
 [0.   ]
 [0.   ]]","[[0.   ]
 [0.004]
 [0.008]
 ...
 [0.   ]
 [0.   ]
 [0.   ]]","[[26.8]
 [26.8]
 [26.8]
 ...
 [27.2]
 [27.1]
 [27.1]]",['2C charge and 1C discharge']
"[[array(['2022-09-20,16:30:11'], dtype='<U19')]
 [array(['2022-09-20,16:30:12'], dtype='<U19')]
 [array(['2022-09-20,16:30:13'], dtype='<U19')]
 ...
 [array(['2022-09-20,18:28:04'], dtype='<U19')]
 [array(['2022-09-20,18:28:04'], dtype='<U19')]
 [array(['2022-09-20,18:28:04'], dtype='<U19')]]","[[0.   ]
 [0.017]
 [0.034]
 ...
 [4.997]
 [5.   ]
 [5.   ]]","[[3.466 ]
 [3.4853]
 [3.4955]
 ...
 [3.2931]
 [3.2931]
 [3.2932]]","[[3.9991]
 [3.9999]
 [4.    ]
 ...
 [0.    ]
 [0.    ]
 [0.    ]]","[[0.   ]
 [0.001]
 [0.002]
 ...
 [0.   ]
 [0.   ]
 [0.   ]]","[[0.   ]
 [0.004]
 [0.008]
 ...
 [0.   ]
 [0.   ]
 [0.   ]]","[[27.1]
 [27.1]
 [27.1]
 ...
 [27.7]
 [27.7]
 [27.8]]",['2C charge and 1C discharge']
"[[array(['2022-09-20,18:28:05'], dtype='<U19')]
 [array(['2022-09-20,18:28:07'], dtype='<U19')]
 [array(['2022-09-20,18:28:08'], dtype='<U19')]
 ...
 [array(['2022-09-20,20:26:04'], dtype='<U19')]
 [array(['2022-09-20,20:26:04'], dtype='<U19')]
 [array(['2022-09-20,20:26:04'], dtype='<U19')]]","[[0.   ]
 [0.017]
 [0.034]
 ...
 [4.996]
 [5.   ]
 [5.   ]]","[[3.4481]
 [3.4687]
 [3.4792]
 ...
 [3.3031]
 [3.3031]
 [3.3031]]","[[3.9991]
 [3.9999]
 [4.    ]
 ...
 [0.    ]
 [0.    ]
 [0.    ]]","[[0.   ]
 [0.001]
 [0.002]
 ...
 [0.   ]
 [0.   ]
 [0.   ]]","[[0.   ]
 [0.004]
 [0.008]
 ...
 [0.   ]
 [0.   ]
 [0.   ]]","[[27.8]
 [27.8]
 [27.7]
 ...
 [27.1]
 [27.1]
 [27.1]]",['2C charge and 1C discharge']
"[[array(['2022-09-20,20:26:05'], dtype='<U19')]
 [array(['2022-09-20,20:26:06'], dtype='<U19')]
 [array(['2022-09-20,20:26:07'], dtype='<U19')]
 ...
 [array(['2022-09-20,22:24:05'], dtype='<U19')]
 [array(['2022-09-20,22:24:05'], dtype='<U19')]
 [array(['2022-09-20,22:24:05'], dtype='<U19')]]","[[0.   ]
 [0.017]
 [0.034]
 ...
 [4.998]
 [5.   ]
 [5.   ]]","[[3.4598]
 [3.4801]
 [3.4912]
 ...
 [3.3037]
 [3.3037]
 [3.3037]]","[[3.9991]
 [3.9999]
 [4.    ]
 ...
 [0.    ]
 [0.    ]
 [0.    ]]","[[0.   ]
 [0.001]
 [0.002]
 ...
 [0.   ]
 [0.   ]
 [0.   ]]","[[0.   ]
 [0.004]
 [0.008]
 ...
 [0.   ]
 [0.   ]
 [0.   ]]","[[27.1]
 [27.1]
 [27.1]
 ...
 [27. ]
 [27. ]
 [27. ]]",['2C charge and 1C discharge']
"[[array(['2022-09-20,22:24:06'], dtype='<U19')]
 [array(['2022-09-20,22:24:07'], dtype='<U19')]
 [array(['2022-09-20,22:24:08'], dtype='<U19')]
 ...
 [array(['2022-09-21,00:22:05'], dtype='<U19')]
 [array(['2022-09-21,00:22:05'], dtype='<U19')]
 [array(['2022-09-21,00:22:05'], dtype='<U19')]]","[[0.   ]
 [0.017]
 [0.035]
 ...
 [4.991]
 [5.001]
 [5.001]]","[[3.461 ]
 [3.4816]
 [3.4924]
 ...
 [3.3042]
 [3.3043]
 [3.3043]]","[[3.9991]
 [4.    ]
 [4.    ]
 ...
 [0.    ]
 [0.    ]
 [0.    ]]","[[0.   ]
 [0.001]
 [0.002]
 ...
 [0.   ]
 [0.   ]
 [0.   ]]","[[0.   ]
 [0.004]
 [0.008]
 ...
 [0.   ]
 [0.   ]
 [0.   ]]","[[27. ]
 [27. ]
 [27. ]
 ...
 [26.9]
 [26.8]
 [26.8]]",['2C charge and 1C discharge']
"[[array(['2022-09-21,00:22:06'], dtype='<U19')]
 [array(['2022-09-21,00:22:07'], dtype='<U19')]
 [array(['2022-09-21,00:22:08'], dtype='<U19')]
 ...
 [array(['2022-09-21,02:20:12'], dtype='<U19')]
 [array(['2022-09-21,02:20:12'], dtype='<U19')]
 [array(['2022-09-21,02:20:13'], dtype='<U19')]]","[[0.   ]
 [0.017]
 [0.034]
 ...
 [4.991]
 [5.   ]
 [5.   ]]","[[3.463 ]
 [3.4832]
 [3.4936]
 ...
 [3.3032]
 [3.3032]
 [3.3035]]","[[3.9991]
 [3.9999]
 [4.    ]
 ...
 [0.    ]
 [0.    ]
 [0.    ]]","[[0.   ]
 [0.001]
 [0.002]
 ...
 [0.   ]
 [0.   ]
 [0.   ]]","[[0.   ]
 [0.004]
 [0.008]
 ...
 [0.   ]
 [0.   ]
 [0.   ]]","[[26.9]
 [26.9]
 [26.8]
 ...
 [26.8]
 [26.8]
 [26.8]]",['2C charge and 1C discharge']
"[[array(['2022-09-21,02:20:14'], dtype='<U19')]
 [array(['2022-09-21,02:20:15'], dtype='<U19')]
 [array(['2022-09-21,02:20:16'], dtype='<U19')]
 ...
 [array(['2022-09-21,04:18:17'], dtype='<U19')]
 [array(['2022-09-21,04:18:18'], dtype='<U19')]
 [array(['2022-09-21,04:18:18'], dtype='<U19')]]","[[0.   ]
 [0.017]
 [0.034]
 ...
 [4.991]
 [5.001]
 [5.001]]","[[3.461 ]
 [3.4823]
 [3.4926]
 ...
 [3.3028]
 [3.3029]
 [3.3029]]","[[3.9991]
 [3.9999]
 [4.    ]
 ...
 [0.    ]
 [0.    ]
 [0.    ]]","[[0.   ]
 [0.001]
 [0.002]
 ...
 [0.   ]
 [0.   ]
 [0.   ]]","[[0.   ]
 [0.004]
 [0.008]
 ...
 [0.   ]
 [0.   ]
 [0.   ]]","[[26.8]
 [26.8]
 [26.8]
 ...
 [26.8]
 [26.8]
 [26.8]]",['2C charge and 1C discharge']
"[[array(['2022-09-21,04:18:19'], dtype='<U19')]
 [array(['2022-09-21,04:18:20'], dtype='<U19')]
 [array(['2022-09-21,04:18:21'], dtype='<U19')]
 ...
 [array(['2022-09-21,06:16:29'], dtype='<U19')]
 [array(['2022-09-21,06:16:29'], dtype='<U19')]
 [array(['2022-09-21,06:16:29'], dtype='<U19')]]","[[0.   ]
 [0.017]
 [0.034]
 ...
 [4.993]
 [5.   ]
 [5.   ]]","[[3.4626]
 [3.4827]
 [3.4932]
 ...
 [3.3023]
 [3.3023]
 [3.3023]]","[[3.9991]
 [3.9999]
 [4.    ]
 ...
 [0.    ]
 [0.    ]
 [0.    ]]","[[0.   ]
 [0.001]
 [0.002]
 ...
 [0.   ]
 [0.   ]
 [0.   ]]","[[0.   ]
 [0.004]
 [0.008]
 ...
 [0.   ]
 [0.   ]
 [0.   ]]","[[26.8]
 [26.8]
 [26.8]
 ...
 [26.7]
 [26.7]
 [26.7]]",['2C charge and 1C discharge']
"[[array(['2022-09-21,06:16:30'], dtype='<U19')]
 [array(['2022-09-21,06:16:31'], dtype='<U19')]
 [array(['2022-09-21,06:16:32'], dtype='<U19')]
 ...
 [array(['2022-09-21,08:14:41'], dtype='<U19')]
 [array(['2022-09-21,08:14:42'], dtype='<U19')]
 [array(['2022-09-21,08:14:42'], dtype='<U19')]]","[[0.   ]
 [0.018]
 [0.035]
 ...
 [4.996]
 [5.   ]
 [5.   ]]","[[3.4603]
 [3.4816]
 [3.4932]
 ...
 [3.3025]
 [3.3025]
 [3.3026]]","[[3.9991]
 [3.9999]
 [4.    ]
 ...
 [0.    ]
 [0.    ]
 [0.    ]]","[[0.   ]
 [0.001]
 [0.002]
 ...
 [0.   ]
 [0.   ]
 [0.   ]]","[[0.   ]
 [0.004]
 [0.008]
 ...
 [0.   ]
 [0.   ]
 [0.   ]]","[[26.7]
 [26.7]
 [26.7]
 ...
 [26.6]
 [26.7]
 [26.7]]",['2C charge and 1C discharge']
"[[array(['2022-09-21,08:14:43'], dtype='<U19')]
 [array(['2022-09-21,08:14:44'], dtype='<U19')]
 [array(['2022-09-21,08:14:45'], dtype='<U19')]
 ...
 [array(['2022-09-21,10:13:04'], dtype='<U19')]
 [array(['2022-09-21,10:13:04'], dtype='<U19')]
 [array(['2022-09-21,10:13:04'], dtype='<U19')]]","[[0.   ]
 [0.017]
 [0.034]
 ...
 [4.993]
 [5.   ]
 [5.   ]]","[[3.4615]
 [3.4827]
 [3.4933]
 ...
 [3.2972]
 [3.2972]
 [3.2972]]","[[3.9991]
 [3.9999]
 [4.    ]
 ...
 [0.    ]
 [0.    ]
 [0.    ]]","[[0.   ]
 [0.001]
 [0.002]
 ...
 [0.   ]
 [0.   ]
 [0.   ]]","[[0.   ]
 [0.004]
 [0.008]
 ...
 [0.   ]
 [0.   ]
 [0.   ]]","[[26.6]
 [26.6]
 [26.6]
 ...
 [26.9]
 [26.9]
 [26.9]]",['2C charge and 1C discharge']
"[[array(['2022-09-21,10:13:05'], dtype='<U19')]
 [array(['2022-09-21,10:13:06'], dtype='<U19')]
 [array(['2022-09-21,10:13:07'], dtype='<U19')]
 ...
 [array(['2022-09-21,12:11:14'], dtype='<U19')]
 [array(['2022-09-21,12:11:15'], dtype='<U19')]
 [array(['2022-09-21,12:11:15'], dtype='<U19')]]","[[0.   ]
 [0.017]
 [0.034]
 ...
 [4.994]
 [5.001]
 [5.001]]","[[3.4552]
 [3.4763]
 [3.487 ]
 ...
 [3.2989]
 [3.2989]
 [3.2989]]","[[3.9994]
 [3.9999]
 [4.    ]
 ...
 [0.    ]
 [0.    ]
 [0.    ]]","[[0.   ]
 [0.001]
 [0.002]
 ...
 [0.   ]
 [0.   ]
 [0.   ]]","[[0.   ]
 [0.004]
 [0.008]
 ...
 [0.   ]
 [0.   ]
 [0.   ]]","[[26.9]
 [26.9]
 [26.9]
 ...
 [26.8]
 [26.8]
 [26.8]]",['2C charge and 1C discharge']
"[[array(['2022-09-21,12:11:16'], dtype='<U19')]
 [array(['2022-09-21,12:11:17'], dtype='<U19')]
 [array(['2022-09-21,12:11:18'], dtype='<U19')]
 ...
 [array(['2022-09-21,14:09:39'], dtype='<U19')]
 [array(['2022-09-21,14:09:40'], dtype='<U19')]
 [array(['2022-09-21,14:09:40'], dtype='<U19')]]","[[0.   ]
 [0.017]
 [0.034]
 ...
 [4.993]
 [5.001]
 [5.001]]","[[3.4586]
 [3.4789]
 [3.4896]
 ...
 [3.2948]
 [3.2949]
 [3.2949]]","[[3.9994]
 [3.9999]
 [4.    ]
 ...
 [0.    ]
 [0.    ]
 [0.    ]]","[[0.   ]
 [0.001]
 [0.002]
 ...
 [0.   ]
 [0.   ]
 [0.   ]]","[[0.   ]
 [0.004]
 [0.008]
 ...
 [0.   ]
 [0.   ]
 [0.   ]]","[[26.7]
 [26.7]
 [26.7]
 ...
 [26.8]
 [26.8]
 [26.8]]",['2C charge and 1C discharge']
"[[array(['2022-09-21,14:09:41'], dtype='<U19')]
 [array(['2022-09-21,14:09:42'], dtype='<U19')]
 [array(['2022-09-21,14:09:43'], dtype='<U19')]
 ...
 [array(['2022-09-21,16:07:57'], dtype='<U19')]
 [array(['2022-09-21,16:07:57'], dtype='<U19')]
 [array(['2022-09-21,16:07:58'], dtype='<U19')]]","[[0.   ]
 [0.017]
 [0.034]
 ...
 [4.985]
 [5.001]
 [5.001]]","[[3.454 ]
 [3.4749]
 [3.4853]
 ...
 [3.2894]
 [3.2894]
 [3.2894]]","[[3.9991]
 [4.    ]
 [4.    ]
 ...
 [0.    ]
 [0.    ]
 [0.    ]]","[[0.   ]
 [0.001]
 [0.002]
 ...
 [0.   ]
 [0.   ]
 [0.   ]]","[[0.   ]
 [0.004]
 [0.008]
 ...
 [0.   ]
 [0.   ]
 [0.   ]]","[[26.8]
 [26.8]
 [26.8]
 ...
 [27.1]
 [27.1]
 [27.1]]",['2C charge and 1C discharge']
"[[array(['2022-09-21,16:07:59'], dtype='<U19')]
 [array(['2022-09-21,16:08:00'], dtype='<U19')]
 [array(['2022-09-21,16:08:01'], dtype='<U19')]
 ...
 [array(['2022-09-21,18:06:17'], dtype='<U19')]
 [array(['2022-09-21,18:06:17'], dtype='<U19')]
 [array(['2022-09-21,18:06:17'], dtype='<U19')]]","[[0.   ]
 [0.017]
 [0.034]
 ...
 [4.996]
 [5.   ]
 [5.   ]]","[[3.4475]
 [3.469 ]
 [3.4798]
 ...
 [3.2871]
 [3.2871]
 [3.2871]]","[[3.9991]
 [3.9999]
 [4.    ]
 ...
 [0.    ]
 [0.    ]
 [0.    ]]","[[0.   ]
 [0.001]
 [0.002]
 ...
 [0.   ]
 [0.   ]
 [0.   ]]","[[0.   ]
 [0.004]
 [0.008]
 ...
 [0.   ]
 [0.   ]
 [0.   ]]","[[27.1]
 [27.1]
 [27.1]
 ...
 [27.1]
 [27.1]
 [27.1]]",['2C charge and 1C discharge']
"[[array(['2022-09-21,18:06:18'], dtype='<U19')]
 [array(['2022-09-21,18:06:19'], dtype='<U19')]
 [array(['2022-09-21,18:06:20'], dtype='<U19')]
 ...
 [array(['2022-09-21,20:04:34'], dtype='<U19')]
 [array(['2022-09-21,20:04:34'], dtype='<U19')]
 [array(['2022-09-21,20:04:34'], dtype='<U19')]]","[[0.   ]
 [0.017]
 [0.035]
 ...
 [4.995]
 [5.001]
 [5.001]]","[[3.445 ]
 [3.4672]
 [3.4781]
 ...
 [3.29  ]
 [3.29  ]
 [3.29  ]]","[[3.9991]
 [3.9999]
 [3.9999]
 ...
 [0.    ]
 [0.    ]
 [0.    ]]","[[0.   ]
 [0.001]
 [0.002]
 ...
 [0.   ]
 [0.   ]
 [0.   ]]","[[0.   ]
 [0.004]
 [0.008]
 ...
 [0.   ]
 [0.   ]
 [0.   ]]","[[27. ]
 [27. ]
 [27.1]
 ...
 [27. ]
 [27. ]
 [27. ]]",['2C charge and 1C discharge']
"[[array(['2022-09-21,20:04:35'], dtype='<U19')]
 [array(['2022-09-21,20:04:36'], dtype='<U19')]
 [array(['2022-09-21,20:04:38'], dtype='<U19')]
 ...
 [array(['2022-09-21,22:03:01'], dtype='<U19')]
 [array(['2022-09-21,22:03:02'], dtype='<U19')]
 [array(['2022-09-21,22:03:02'], dtype='<U19')]]","[[0.   ]
 [0.019]
 [0.036]
 ...
 [4.993]
 [5.   ]
 [5.   ]]","[[3.4492]
 [3.4699]
 [3.4819]
 ...
 [3.2917]
 [3.2917]
 [3.2917]]","[[3.9991]
 [4.    ]
 [4.    ]
 ...
 [0.    ]
 [0.    ]
 [0.    ]]","[[0.   ]
 [0.001]
 [0.002]
 ...
 [0.   ]
 [0.   ]
 [0.   ]]","[[0.   ]
 [0.004]
 [0.008]
 ...
 [0.   ]
 [0.   ]
 [0.   ]]","[[27. ]
 [27. ]
 [27. ]
 ...
 [26.8]
 [26.8]
 [26.8]]",['2C charge and 1C discharge']
"[[array(['2022-09-21,22:03:03'], dtype='<U19')]
 [array(['2022-09-21,22:03:04'], dtype='<U19')]
 [array(['2022-09-21,22:03:05'], dtype='<U19')]
 ...
 [array(['2022-09-22,00:01:29'], dtype='<U19')]
 [array(['2022-09-22,00:01:30'], dtype='<U19')]
 [array(['2022-09-22,00:01:30'], dtype='<U19')]]","[[0.   ]
 [0.017]
 [0.034]
 ...
 [4.99 ]
 [5.   ]
 [5.   ]]","[[3.4506]
 [3.4724]
 [3.4833]
 ...
 [3.2922]
 [3.2922]
 [3.2922]]","[[3.9991]
 [3.9999]
 [4.    ]
 ...
 [0.    ]
 [0.    ]
 [0.    ]]","[[0.   ]
 [0.001]
 [0.002]
 ...
 [0.   ]
 [0.   ]
 [0.   ]]","[[0.   ]
 [0.004]
 [0.008]
 ...
 [0.   ]
 [0.   ]
 [0.   ]]","[[26.8]
 [26.8]
 [26.8]
 ...
 [26.7]
 [26.7]
 [26.7]]",['2C charge and 1C discharge']
"[[array(['2022-09-22,00:01:31'], dtype='<U19')]
 [array(['2022-09-22,00:01:32'], dtype='<U19')]
 [array(['2022-09-22,00:01:33'], dtype='<U19')]
 ...
 [array(['2022-09-22,01:59:58'], dtype='<U19')]
 [array(['2022-09-22,01:59:59'], dtype='<U19')]
 [array(['2022-09-22,01:59:59'], dtype='<U19')]]","[[0.   ]
 [0.017]
 [0.034]
 ...
 [4.992]
 [5.   ]
 [5.   ]]","[[3.4523]
 [3.4739]
 [3.4844]
 ...
 [3.2917]
 [3.2917]
 [3.2917]]","[[3.9991]
 [4.    ]
 [4.    ]
 ...
 [0.    ]
 [0.    ]
 [0.    ]]","[[0.   ]
 [0.001]
 [0.002]
 ...
 [0.   ]
 [0.   ]
 [0.   ]]","[[0.   ]
 [0.004]
 [0.008]
 ...
 [0.   ]
 [0.   ]
 [0.   ]]","[[26.7]
 [26.6]
 [26.7]
 ...
 [26.6]
 [26.7]
 [26.6]]",['2C charge and 1C discharge']
"[[array(['2022-09-22,02:00:00'], dtype='<U19')]
 [array(['2022-09-22,02:00:01'], dtype='<U19')]
 [array(['2022-09-22,02:00:02'], dtype='<U19')]
 ...
 [array(['2022-09-22,03:58:31'], dtype='<U19')]
 [array(['2022-09-22,03:58:31'], dtype='<U19')]
 [array(['2022-09-22,03:58:32'], dtype='<U19')]]","[[0.   ]
 [0.017]
 [0.034]
 ...
 [4.998]
 [5.001]
 [5.001]]","[[3.4513]
 [3.4733]
 [3.4843]
 ...
 [3.2912]
 [3.2912]
 [3.2912]]","[[3.9994]
 [3.9999]
 [4.    ]
 ...
 [0.    ]
 [0.    ]
 [0.    ]]","[[0.   ]
 [0.001]
 [0.002]
 ...
 [0.   ]
 [0.   ]
 [0.   ]]","[[0.   ]
 [0.004]
 [0.008]
 ...
 [0.   ]
 [0.   ]
 [0.   ]]","[[26.6]
 [26.6]
 [26.6]
 ...
 [26.6]
 [26.6]
 [26.6]]",['2C charge and 1C discharge']
"[[array(['2022-09-22,03:58:33'], dtype='<U19')]
 [array(['2022-09-22,03:58:34'], dtype='<U19')]
 [array(['2022-09-22,03:58:35'], dtype='<U19')]
 ...
 [array(['2022-09-22,05:56:59'], dtype='<U19')]
 [array(['2022-09-22,05:56:59'], dtype='<U19')]
 [array(['2022-09-22,05:56:59'], dtype='<U19')]]","[[0.   ]
 [0.017]
 [0.034]
 ...
 [4.993]
 [5.   ]
 [5.   ]]","[[3.4516]
 [3.4727]
 [3.4839]
 ...
 [3.2923]
 [3.2923]
 [3.2923]]","[[3.9994]
 [4.    ]
 [4.    ]
 ...
 [0.    ]
 [0.    ]
 [0.    ]]","[[0.   ]
 [0.001]
 [0.002]
 ...
 [0.   ]
 [0.   ]
 [0.   ]]","[[0.   ]
 [0.004]
 [0.008]
 ...
 [0.   ]
 [0.   ]
 [0.   ]]","[[26.7]
 [26.6]
 [26.6]
 ...
 [26.5]
 [26.5]
 [26.5]]",['2C charge and 1C discharge']
"[[array(['2022-09-22,05:57:00'], dtype='<U19')]
 [array(['2022-09-22,05:57:02'], dtype='<U19')]
 [array(['2022-09-22,05:57:03'], dtype='<U19')]
 ...
 [array(['2022-09-22,07:55:32'], dtype='<U19')]
 [array(['2022-09-22,07:55:32'], dtype='<U19')]
 [array(['2022-09-22,07:55:33'], dtype='<U19')]]","[[0.   ]
 [0.018]
 [0.035]
 ...
 [4.997]
 [5.001]
 [5.001]]","[[3.4533]
 [3.4752]
 [3.4864]
 ...
 [3.2916]
 [3.2916]
 [3.2916]]","[[3.9994]
 [4.    ]
 [4.    ]
 ...
 [0.    ]
 [0.    ]
 [0.    ]]","[[0.   ]
 [0.001]
 [0.002]
 ...
 [0.   ]
 [0.   ]
 [0.   ]]","[[0.   ]
 [0.004]
 [0.008]
 ...
 [0.   ]
 [0.   ]
 [0.   ]]","[[26.4]
 [26.4]
 [26.4]
 ...
 [26.4]
 [26.4]
 [26.4]]",['2C charge and 1C discharge']
"[[array(['2022-09-22,07:55:34'], dtype='<U19')]
 [array(['2022-09-22,07:55:35'], dtype='<U19')]
 [array(['2022-09-22,07:55:36'], dtype='<U19')]
 ...
 [array(['2022-09-22,09:54:09'], dtype='<U19')]
 [array(['2022-09-22,09:54:10'], dtype='<U19')]
 [array(['2022-09-22,09:54:10'], dtype='<U19')]]","[[0.   ]
 [0.017]
 [0.034]
 ...
 [4.989]
 [5.001]
 [5.001]]","[[3.4513]
 [3.4744]
 [3.4853]
 ...
 [3.2889]
 [3.2891]
 [3.2891]]","[[3.9994]
 [4.    ]
 [4.    ]
 ...
 [0.    ]
 [0.    ]
 [0.    ]]","[[0.   ]
 [0.001]
 [0.002]
 ...
 [0.   ]
 [0.   ]
 [0.   ]]","[[0.   ]
 [0.004]
 [0.008]
 ...
 [0.   ]
 [0.   ]
 [0.   ]]","[[26.5]
 [26.5]
 [26.4]
 ...
 [26.8]
 [26.8]
 [26.8]]",['2C charge and 1C discharge']
"[[array(['2022-09-22,09:54:11'], dtype='<U19')]
 [array(['2022-09-22,09:54:12'], dtype='<U19')]
 [array(['2022-09-22,09:54:13'], dtype='<U19')]
 ...
 [array(['2022-09-22,11:52:33'], dtype='<U19')]
 [array(['2022-09-22,11:52:34'], dtype='<U19')]
 [array(['2022-09-22,11:52:34'], dtype='<U19')]]","[[0.   ]
 [0.017]
 [0.034]
 ...
 [4.995]
 [5.001]
 [5.001]]","[[3.449 ]
 [3.4704]
 [3.4816]
 ...
 [3.2765]
 [3.2765]
 [3.2765]]","[[3.9994]
 [3.9999]
 [4.    ]
 ...
 [0.    ]
 [0.    ]
 [0.    ]]","[[0.   ]
 [0.001]
 [0.002]
 ...
 [0.   ]
 [0.   ]
 [0.   ]]","[[0.   ]
 [0.004]
 [0.008]
 ...
 [0.   ]
 [0.   ]
 [0.   ]]","[[26.8]
 [26.8]
 [26.8]
 ...
 [27.2]
 [27.2]
 [27.2]]",['2C charge and 1C discharge']
"[[array(['2022-09-22,11:52:35'], dtype='<U19')]
 [array(['2022-09-22,11:52:36'], dtype='<U19')]
 [array(['2022-09-22,11:52:37'], dtype='<U19')]
 ...
 [array(['2022-09-22,13:50:46'], dtype='<U19')]
 [array(['2022-09-22,13:50:47'], dtype='<U19')]
 [array(['2022-09-22,13:50:47'], dtype='<U19')]]","[[0.   ]
 [0.017]
 [0.035]
 ...
 [4.995]
 [5.001]
 [5.001]]","[[3.4344]
 [3.4567]
 [3.4686]
 ...
 [3.2765]
 [3.2765]
 [3.2765]]","[[3.9994]
 [4.    ]
 [4.    ]
 ...
 [0.    ]
 [0.    ]
 [0.    ]]","[[0.   ]
 [0.001]
 [0.002]
 ...
 [0.   ]
 [0.   ]
 [0.   ]]","[[0.   ]
 [0.004]
 [0.008]
 ...
 [0.   ]
 [0.   ]
 [0.   ]]","[[27.2]
 [27.2]
 [27.2]
 ...
 [27.1]
 [27.1]
 [27.1]]",['2C charge and 1C discharge']
"[[array(['2022-09-22,13:50:48'], dtype='<U19')]
 [array(['2022-09-22,13:50:49'], dtype='<U19')]
 [array(['2022-09-22,13:50:50'], dtype='<U19')]
 ...
 [array(['2022-09-22,15:49:10'], dtype='<U19')]
 [array(['2022-09-22,15:49:11'], dtype='<U19')]
 [array(['2022-09-22,15:49:11'], dtype='<U19')]]","[[0.   ]
 [0.017]
 [0.034]
 ...
 [4.99 ]
 [5.001]
 [5.001]]","[[3.435 ]
 [3.4576]
 [3.469 ]
 ...
 [3.2779]
 [3.2779]
 [3.2779]]","[[3.9994]
 [3.9999]
 [4.    ]
 ...
 [0.    ]
 [0.    ]
 [0.    ]]","[[0.   ]
 [0.001]
 [0.002]
 ...
 [0.   ]
 [0.   ]
 [0.   ]]","[[0.   ]
 [0.004]
 [0.008]
 ...
 [0.   ]
 [0.   ]
 [0.   ]]","[[27.1]
 [27.1]
 [27.1]
 ...
 [26.9]
 [26.9]
 [26.9]]",['2C charge and 1C discharge']
"[[array(['2022-09-22,15:49:12'], dtype='<U19')]
 [array(['2022-09-22,15:49:13'], dtype='<U19')]
 [array(['2022-09-22,15:49:14'], dtype='<U19')]
 ...
 [array(['2022-09-22,17:47:41'], dtype='<U19')]
 [array(['2022-09-22,17:47:41'], dtype='<U19')]
 [array(['2022-09-22,17:47:41'], dtype='<U19')]]","[[0.   ]
 [0.017]
 [0.034]
 ...
 [4.994]
 [5.   ]
 [5.   ]]","[[3.4386]
 [3.4598]
 [3.4712]
 ...
 [3.2753]
 [3.2753]
 [3.2753]]","[[3.9994]
 [3.9999]
 [4.    ]
 ...
 [0.    ]
 [0.    ]
 [0.    ]]","[[0.   ]
 [0.001]
 [0.002]
 ...
 [0.   ]
 [0.   ]
 [0.   ]]","[[0.   ]
 [0.004]
 [0.008]
 ...
 [0.   ]
 [0.   ]
 [0.   ]]","[[26.8]
 [26.9]
 [26.9]
 ...
 [27. ]
 [27. ]
 [27. ]]",['2C charge and 1C discharge']
"[[array(['2022-09-22,17:47:42'], dtype='<U19')]
 [array(['2022-09-22,17:47:43'], dtype='<U19')]
 [array(['2022-09-22,17:47:44'], dtype='<U19')]
 ...
 [array(['2022-09-22,19:46:06'], dtype='<U19')]
 [array(['2022-09-22,19:46:07'], dtype='<U19')]
 [array(['2022-09-22,19:46:07'], dtype='<U19')]]","[[0.   ]
 [0.017]
 [0.034]
 ...
 [4.982]
 [5.002]
 [5.002]]","[[3.4347]
 [3.4564]
 [3.468 ]
 ...
 [3.2766]
 [3.2766]
 [3.2769]]","[[3.9994]
 [3.9999]
 [4.    ]
 ...
 [0.    ]
 [0.    ]
 [0.    ]]","[[0.   ]
 [0.001]
 [0.002]
 ...
 [0.   ]
 [0.   ]
 [0.   ]]","[[0.   ]
 [0.004]
 [0.008]
 ...
 [0.   ]
 [0.   ]
 [0.   ]]","[[27.]
 [27.]
 [27.]
 ...
 [27.]
 [27.]
 [27.]]",['2C charge and 1C discharge']
"[[array(['2022-09-22,19:46:08'], dtype='<U19')]
 [array(['2022-09-22,19:46:09'], dtype='<U19')]
 [array(['2022-09-22,19:46:10'], dtype='<U19')]
 ...
 [array(['2022-09-22,21:44:36'], dtype='<U19')]
 [array(['2022-09-22,21:44:37'], dtype='<U19')]
 [array(['2022-09-22,21:44:37'], dtype='<U19')]]","[[0.   ]
 [0.017]
 [0.034]
 ...
 [4.997]
 [5.   ]
 [5.   ]]","[[3.4367]
 [3.459 ]
 [3.4704]
 ...
 [3.2776]
 [3.2776]
 [3.2776]]","[[3.9991]
 [4.    ]
 [4.    ]
 ...
 [0.    ]
 [0.    ]
 [0.    ]]","[[0.   ]
 [0.001]
 [0.002]
 ...
 [0.   ]
 [0.   ]
 [0.   ]]","[[0.   ]
 [0.004]
 [0.008]
 ...
 [0.   ]
 [0.   ]
 [0.   ]]","[[27. ]
 [27. ]
 [27. ]
 ...
 [26.9]
 [26.9]
 [26.9]]",['2C charge and 1C discharge']
"[[array(['2022-09-22,21:44:38'], dtype='<U19')]
 [array(['2022-09-22,21:44:39'], dtype='<U19')]
 [array(['2022-09-22,21:44:40'], dtype='<U19')]
 ...
 [array(['2022-09-22,23:43:09'], dtype='<U19')]
 [array(['2022-09-22,23:43:09'], dtype='<U19')]
 [array(['2022-09-22,23:43:09'], dtype='<U19')]]","[[0.   ]
 [0.017]
 [0.034]
 ...
 [4.996]
 [5.001]
 [5.001]]","[[3.4377]
 [3.46  ]
 [3.4715]
 ...
 [3.276 ]
 [3.276 ]
 [3.276 ]]","[[3.9994]
 [4.    ]
 [4.    ]
 ...
 [0.    ]
 [0.    ]
 [0.    ]]","[[0.   ]
 [0.001]
 [0.002]
 ...
 [0.   ]
 [0.   ]
 [0.   ]]","[[0.   ]
 [0.004]
 [0.008]
 ...
 [0.   ]
 [0.   ]
 [0.   ]]","[[26.9]
 [26.9]
 [26.9]
 ...
 [26.8]
 [26.8]
 [26.8]]",['2C charge and 1C discharge']
"[[array(['2022-09-22,23:43:10'], dtype='<U19')]
 [array(['2022-09-22,23:43:11'], dtype='<U19')]
 [array(['2022-09-22,23:43:12'], dtype='<U19')]
 ...
 [array(['2022-09-23,01:41:32'], dtype='<U19')]
 [array(['2022-09-23,01:41:32'], dtype='<U19')]
 [array(['2022-09-23,01:41:32'], dtype='<U19')]]","[[0.   ]
 [0.017]
 [0.034]
 ...
 [4.998]
 [5.001]
 [5.001]]","[[3.4364]
 [3.4587]
 [3.4703]
 ...
 [3.2751]
 [3.2751]
 [3.2751]]","[[3.9994]
 [4.    ]
 [4.    ]
 ...
 [0.    ]
 [0.    ]
 [0.    ]]","[[0.   ]
 [0.001]
 [0.002]
 ...
 [0.   ]
 [0.   ]
 [0.   ]]","[[0.   ]
 [0.004]
 [0.008]
 ...
 [0.   ]
 [0.   ]
 [0.   ]]","[[26.8]
 [26.8]
 [26.8]
 ...
 [26.9]
 [26.9]
 [26.8]]",['2C charge and 1C discharge']
"[[array(['2022-09-23,01:41:33'], dtype='<U19')]
 [array(['2022-09-23,01:41:34'], dtype='<U19')]
 [array(['2022-09-23,01:41:35'], dtype='<U19')]
 ...
 [array(['2022-09-23,03:39:58'], dtype='<U19')]
 [array(['2022-09-23,03:39:59'], dtype='<U19')]
 [array(['2022-09-23,03:39:59'], dtype='<U19')]]","[[0.   ]
 [0.017]
 [0.034]
 ...
 [4.998]
 [5.   ]
 [5.   ]]","[[3.4347]
 [3.4576]
 [3.4692]
 ...
 [3.2746]
 [3.2746]
 [3.2746]]","[[3.9994]
 [4.    ]
 [4.    ]
 ...
 [0.    ]
 [0.    ]
 [0.    ]]","[[0.   ]
 [0.001]
 [0.002]
 ...
 [0.   ]
 [0.   ]
 [0.   ]]","[[0.   ]
 [0.004]
 [0.008]
 ...
 [0.   ]
 [0.   ]
 [0.   ]]","[[26.8]
 [26.8]
 [26.9]
 ...
 [26.9]
 [26.9]
 [26.9]]",['2C charge and 1C discharge']
"[[array(['2022-09-23,03:40:00'], dtype='<U19')]
 [array(['2022-09-23,03:40:01'], dtype='<U19')]
 [array(['2022-09-23,03:40:02'], dtype='<U19')]
 ...
 [array(['2022-09-23,05:38:24'], dtype='<U19')]
 [array(['2022-09-23,05:38:25'], dtype='<U19')]
 [array(['2022-09-23,05:38:25'], dtype='<U19')]]","[[0.   ]
 [0.017]
 [0.034]
 ...
 [4.985]
 [5.   ]
 [5.   ]]","[[3.4347]
 [3.4573]
 [3.4689]
 ...
 [3.2748]
 [3.2751]
 [3.2751]]","[[3.9994]
 [3.9999]
 [4.    ]
 ...
 [0.    ]
 [0.    ]
 [0.    ]]","[[0.   ]
 [0.001]
 [0.002]
 ...
 [0.   ]
 [0.   ]
 [0.   ]]","[[0.   ]
 [0.004]
 [0.008]
 ...
 [0.   ]
 [0.   ]
 [0.   ]]","[[26.8]
 [26.9]
 [26.8]
 ...
 [26.8]
 [26.8]
 [26.8]]",['2C charge and 1C discharge']
"[[array(['2022-09-23,05:38:26'], dtype='<U19')]
 [array(['2022-09-23,05:38:27'], dtype='<U19')]
 [array(['2022-09-23,05:38:28'], dtype='<U19')]
 ...
 [array(['2022-09-23,07:36:48'], dtype='<U19')]
 [array(['2022-09-23,07:36:49'], dtype='<U19')]
 [array(['2022-09-23,07:36:49'], dtype='<U19')]]","[[0.   ]
 [0.017]
 [0.034]
 ...
 [4.984]
 [5.   ]
 [5.   ]]","[[3.4349]
 [3.4576]
 [3.4698]
 ...
 [3.2769]
 [3.2771]
 [3.2771]]","[[3.9994]
 [4.    ]
 [4.    ]
 ...
 [0.    ]
 [0.    ]
 [0.    ]]","[[0.   ]
 [0.001]
 [0.002]
 ...
 [0.   ]
 [0.   ]
 [0.   ]]","[[0.   ]
 [0.004]
 [0.008]
 ...
 [0.   ]
 [0.   ]
 [0.   ]]","[[26.8]
 [26.8]
 [26.8]
 ...
 [26.6]
 [26.5]
 [26.5]]",['2C charge and 1C discharge']
"[[array(['2022-09-23,07:36:50'], dtype='<U19')]
 [array(['2022-09-23,07:36:51'], dtype='<U19')]
 [array(['2022-09-23,07:36:52'], dtype='<U19')]
 ...
 [array(['2022-09-23,09:35:24'], dtype='<U19')]
 [array(['2022-09-23,09:35:25'], dtype='<U19')]
 [array(['2022-09-23,09:35:25'], dtype='<U19')]]","[[0.   ]
 [0.017]
 [0.034]
 ...
 [4.983]
 [5.   ]
 [5.   ]]","[[3.4381]
 [3.461 ]
 [3.4721]
 ...
 [3.2759]
 [3.276 ]
 [3.276 ]]","[[3.9994]
 [4.    ]
 [4.    ]
 ...
 [0.    ]
 [0.    ]
 [0.    ]]","[[0.   ]
 [0.001]
 [0.002]
 ...
 [0.   ]
 [0.   ]
 [0.   ]]","[[0.   ]
 [0.004]
 [0.008]
 ...
 [0.   ]
 [0.   ]
 [0.   ]]","[[26.5]
 [26.5]
 [26.5]
 ...
 [26.6]
 [26.6]
 [26.6]]",['2C charge and 1C discharge']
"[[array(['2022-09-23,09:35:26'], dtype='<U19')]
 [array(['2022-09-23,09:35:27'], dtype='<U19')]
 [array(['2022-09-23,09:35:28'], dtype='<U19')]
 ...
 [array(['2022-09-23,11:34:02'], dtype='<U19')]
 [array(['2022-09-23,11:34:02'], dtype='<U19')]
 [array(['2022-09-23,11:34:02'], dtype='<U19')]]","[[0.   ]
 [0.017]
 [0.035]
 ...
 [4.997]
 [5.001]
 [5.001]]","[[3.4366]
 [3.4604]
 [3.4721]
 ...
 [3.2691]
 [3.2691]
 [3.2691]]","[[3.9994]
 [4.    ]
 [4.    ]
 ...
 [0.    ]
 [0.    ]
 [0.    ]]","[[0.   ]
 [0.001]
 [0.002]
 ...
 [0.   ]
 [0.   ]
 [0.   ]]","[[0.   ]
 [0.004]
 [0.008]
 ...
 [0.   ]
 [0.   ]
 [0.   ]]","[[26.6]
 [26.6]
 [26.6]
 ...
 [26.8]
 [26.8]
 [26.8]]",['2C charge and 1C discharge']
"[[array(['2022-09-23,11:34:03'], dtype='<U19')]
 [array(['2022-09-23,11:34:04'], dtype='<U19')]
 [array(['2022-09-23,11:34:05'], dtype='<U19')]
 ...
 [array(['2022-09-23,13:32:43'], dtype='<U19')]
 [array(['2022-09-23,13:32:43'], dtype='<U19')]
 [array(['2022-09-23,13:32:43'], dtype='<U19')]]","[[0.   ]
 [0.017]
 [0.035]
 ...
 [4.997]
 [5.   ]
 [5.   ]]","[[3.4298]
 [3.4529]
 [3.4647]
 ...
 [3.2574]
 [3.2574]
 [3.2574]]","[[3.9994]
 [3.9999]
 [4.    ]
 ...
 [0.    ]
 [0.    ]
 [0.    ]]","[[0.   ]
 [0.001]
 [0.002]
 ...
 [0.   ]
 [0.   ]
 [0.   ]]","[[0.   ]
 [0.004]
 [0.008]
 ...
 [0.   ]
 [0.   ]
 [0.   ]]","[[26.8]
 [26.8]
 [26.8]
 ...
 [27.6]
 [27.6]
 [27.6]]",['2C charge and 1C discharge']
"[[array(['2022-09-23,13:32:44'], dtype='<U19')]
 [array(['2022-09-23,13:32:45'], dtype='<U19')]
 [array(['2022-09-23,13:32:46'], dtype='<U19')]
 ...
 [array(['2022-09-23,15:30:51'], dtype='<U19')]
 [array(['2022-09-23,15:30:51'], dtype='<U19')]
 [array(['2022-09-23,15:30:51'], dtype='<U19')]]","[[0.   ]
 [0.017]
 [0.034]
 ...
 [5.   ]
 [5.   ]
 [5.   ]]","[[3.4149]
 [3.4389]
 [3.4504]
 ...
 [3.248 ]
 [3.248 ]
 [3.2482]]","[[3.9994]
 [3.9999]
 [4.    ]
 ...
 [0.    ]
 [0.    ]
 [0.    ]]","[[0.   ]
 [0.001]
 [0.002]
 ...
 [0.   ]
 [0.   ]
 [0.   ]]","[[0.   ]
 [0.004]
 [0.008]
 ...
 [0.   ]
 [0.   ]
 [0.   ]]","[[27.6]
 [27.6]
 [27.6]
 ...
 [28. ]
 [28. ]
 [28. ]]",['2C charge and 1C discharge']
"[[array(['2022-09-23,15:30:52'], dtype='<U19')]
 [array(['2022-09-23,15:30:53'], dtype='<U19')]
 [array(['2022-09-23,15:30:54'], dtype='<U19')]
 ...
 [array(['2022-09-23,17:29:06'], dtype='<U19')]
 [array(['2022-09-23,17:29:06'], dtype='<U19')]
 [array(['2022-09-23,17:29:06'], dtype='<U19')]]","[[0.   ]
 [0.017]
 [0.034]
 ...
 [4.999]
 [5.   ]
 [5.   ]]","[[3.4052]
 [3.4283]
 [3.4404]
 ...
 [3.2599]
 [3.2599]
 [3.2599]]","[[3.9994]
 [4.    ]
 [4.    ]
 ...
 [0.    ]
 [0.    ]
 [0.    ]]","[[0.   ]
 [0.001]
 [0.002]
 ...
 [0.   ]
 [0.   ]
 [0.   ]]","[[0.   ]
 [0.004]
 [0.008]
 ...
 [0.   ]
 [0.   ]
 [0.   ]]","[[28.1]
 [28. ]
 [28. ]
 ...
 [27.1]
 [27.1]
 [27.1]]",['2C charge and 1C discharge']
"[[array(['2022-09-23,17:29:07'], dtype='<U19')]
 [array(['2022-09-23,17:29:08'], dtype='<U19')]
 [array(['2022-09-23,17:29:09'], dtype='<U19')]
 ...
 [array(['2022-09-23,19:27:37'], dtype='<U19')]
 [array(['2022-09-23,19:27:37'], dtype='<U19')]
 [array(['2022-09-23,19:27:37'], dtype='<U19')]]","[[0.   ]
 [0.017]
 [0.034]
 ...
 [5.   ]
 [5.   ]
 [5.   ]]","[[3.42  ]
 [3.4435]
 [3.4555]
 ...
 [3.2676]
 [3.2676]
 [3.2676]]","[[3.9994]
 [4.    ]
 [4.    ]
 ...
 [0.    ]
 [0.    ]
 [0.    ]]","[[0.   ]
 [0.001]
 [0.002]
 ...
 [0.   ]
 [0.   ]
 [0.   ]]","[[0.   ]
 [0.004]
 [0.008]
 ...
 [0.   ]
 [0.   ]
 [0.   ]]","[[27.1]
 [27.1]
 [27.1]
 ...
 [26.8]
 [26.8]
 [26.8]]",['2C charge and 1C discharge']
"[[array(['2022-09-23,19:27:38'], dtype='<U19')]
 [array(['2022-09-23,19:27:39'], dtype='<U19')]
 [array(['2022-09-23,19:27:40'], dtype='<U19')]
 ...
 [array(['2022-09-23,21:26:14'], dtype='<U19')]
 [array(['2022-09-23,21:26:14'], dtype='<U19')]
 [array(['2022-09-23,21:26:15'], dtype='<U19')]]","[[0.   ]
 [0.017]
 [0.034]
 ...
 [4.985]
 [5.   ]
 [5.   ]]","[[3.4293]
 [3.4524]
 [3.4641]
 ...
 [3.2688]
 [3.2688]
 [3.2689]]","[[3.9994]
 [3.9999]
 [4.    ]
 ...
 [0.    ]
 [0.    ]
 [0.    ]]","[[0.   ]
 [0.001]
 [0.002]
 ...
 [0.   ]
 [0.   ]
 [0.   ]]","[[0.   ]
 [0.004]
 [0.008]
 ...
 [0.   ]
 [0.   ]
 [0.   ]]","[[26.8]
 [26.8]
 [26.8]
 ...
 [26.7]
 [26.7]
 [26.7]]",['2C charge and 1C discharge']
"[[array(['2022-09-23,21:26:16'], dtype='<U19')]
 [array(['2022-09-23,21:26:17'], dtype='<U19')]
 [array(['2022-09-23,21:26:18'], dtype='<U19')]
 ...
 [array(['2022-09-23,23:24:54'], dtype='<U19')]
 [array(['2022-09-23,23:24:54'], dtype='<U19')]
 [array(['2022-09-23,23:24:54'], dtype='<U19')]]","[[0.   ]
 [0.017]
 [0.034]
 ...
 [4.998]
 [5.001]
 [5.001]]","[[3.4307]
 [3.4541]
 [3.4658]
 ...
 [3.27  ]
 [3.27  ]
 [3.27  ]]","[[3.9994]
 [4.    ]
 [4.    ]
 ...
 [0.    ]
 [0.    ]
 [0.    ]]","[[0.   ]
 [0.001]
 [0.002]
 ...
 [0.   ]
 [0.   ]
 [0.   ]]","[[0.   ]
 [0.004]
 [0.008]
 ...
 [0.   ]
 [0.   ]
 [0.   ]]","[[26.7]
 [26.7]
 [26.7]
 ...
 [26.5]
 [26.5]
 [26.5]]",['2C charge and 1C discharge']
"[[array(['2022-09-23,23:24:55'], dtype='<U19')]
 [array(['2022-09-23,23:24:56'], dtype='<U19')]
 [array(['2022-09-23,23:24:57'], dtype='<U19')]
 ...
 [array(['2022-09-24,01:23:37'], dtype='<U19')]
 [array(['2022-09-24,01:23:37'], dtype='<U19')]
 [array(['2022-09-24,01:23:37'], dtype='<U19')]]","[[0.   ]
 [0.017]
 [0.034]
 ...
 [4.998]
 [5.   ]
 [5.   ]]","[[3.4317]
 [3.4555]
 [3.4673]
 ...
 [3.2711]
 [3.2711]
 [3.2711]]","[[3.9994]
 [4.    ]
 [4.    ]
 ...
 [0.    ]
 [0.    ]
 [0.    ]]","[[0.   ]
 [0.001]
 [0.002]
 ...
 [0.   ]
 [0.   ]
 [0.   ]]","[[0.   ]
 [0.004]
 [0.008]
 ...
 [0.   ]
 [0.   ]
 [0.   ]]","[[26.5]
 [26.5]
 [26.5]
 ...
 [26.5]
 [26.4]
 [26.4]]",['2C charge and 1C discharge']
"[[array(['2022-09-24,01:23:38'], dtype='<U19')]
 [array(['2022-09-24,01:23:39'], dtype='<U19')]
 [array(['2022-09-24,01:23:40'], dtype='<U19')]
 ...
 [array(['2022-09-24,03:22:26'], dtype='<U19')]
 [array(['2022-09-24,03:22:27'], dtype='<U19')]
 [array(['2022-09-24,03:22:27'], dtype='<U19')]]","[[0.   ]
 [0.017]
 [0.034]
 ...
 [4.985]
 [5.   ]
 [5.   ]]","[[3.4343]
 [3.4575]
 [3.4692]
 ...
 [3.2686]
 [3.2688]
 [3.2686]]","[[3.9994]
 [3.9999]
 [4.    ]
 ...
 [0.    ]
 [0.    ]
 [0.    ]]","[[0.   ]
 [0.001]
 [0.002]
 ...
 [0.   ]
 [0.   ]
 [0.   ]]","[[0.   ]
 [0.004]
 [0.008]
 ...
 [0.   ]
 [0.   ]
 [0.   ]]","[[26.4]
 [26.4]
 [26.4]
 ...
 [26.6]
 [26.6]
 [26.6]]",['2C charge and 1C discharge']
"[[array(['2022-09-24,03:22:28'], dtype='<U19')]
 [array(['2022-09-24,03:22:29'], dtype='<U19')]
 [array(['2022-09-24,03:22:30'], dtype='<U19')]
 ...
 [array(['2022-09-24,05:20:59'], dtype='<U19')]
 [array(['2022-09-24,05:20:59'], dtype='<U19')]
 [array(['2022-09-24,05:20:59'], dtype='<U19')]]","[[0.   ]
 [0.017]
 [0.034]
 ...
 [5.   ]
 [5.001]
 [5.001]]","[[3.4295]
 [3.454 ]
 [3.4658]
 ...
 [3.2703]
 [3.2703]
 [3.2703]]","[[3.9994]
 [4.    ]
 [4.    ]
 ...
 [0.    ]
 [0.    ]
 [0.    ]]","[[0.   ]
 [0.001]
 [0.002]
 ...
 [0.   ]
 [0.   ]
 [0.   ]]","[[0.   ]
 [0.004]
 [0.008]
 ...
 [0.   ]
 [0.   ]
 [0.   ]]","[[26.6]
 [26.5]
 [26.6]
 ...
 [26.5]
 [26.5]
 [26.5]]",['2C charge and 1C discharge']
"[[array(['2022-09-24,05:21:00'], dtype='<U19')]
 [array(['2022-09-24,05:21:01'], dtype='<U19')]
 [array(['2022-09-24,05:21:02'], dtype='<U19')]
 ...
 [array(['2022-09-24,07:19:42'], dtype='<U19')]
 [array(['2022-09-24,07:19:42'], dtype='<U19')]
 [array(['2022-09-24,07:19:42'], dtype='<U19')]]","[[0.   ]
 [0.017]
 [0.034]
 ...
 [4.999]
 [5.   ]
 [5.   ]]","[[3.4327]
 [3.4564]
 [3.4684]
 ...
 [3.2716]
 [3.2716]
 [3.2716]]","[[3.9994]
 [4.    ]
 [4.    ]
 ...
 [0.    ]
 [0.    ]
 [0.    ]]","[[0.   ]
 [0.001]
 [0.002]
 ...
 [0.   ]
 [0.   ]
 [0.   ]]","[[0.   ]
 [0.004]
 [0.008]
 ...
 [0.   ]
 [0.   ]
 [0.   ]]","[[26.5]
 [26.5]
 [26.5]
 ...
 [26.4]
 [26.4]
 [26.4]]",['2C charge and 1C discharge']
"[[array(['2022-09-24,07:19:43'], dtype='<U19')]
 [array(['2022-09-24,07:19:44'], dtype='<U19')]
 [array(['2022-09-24,07:19:45'], dtype='<U19')]
 ...
 [array(['2022-09-24,09:18:28'], dtype='<U19')]
 [array(['2022-09-24,09:18:28'], dtype='<U19')]
 [array(['2022-09-24,09:18:28'], dtype='<U19')]]","[[0.   ]
 [0.017]
 [0.034]
 ...
 [4.998]
 [5.   ]
 [5.   ]]","[[3.4327]
 [3.4578]
 [3.4699]
 ...
 [3.2673]
 [3.2674]
 [3.2674]]","[[3.9994]
 [4.    ]
 [4.    ]
 ...
 [0.    ]
 [0.    ]
 [0.    ]]","[[0.   ]
 [0.001]
 [0.002]
 ...
 [0.   ]
 [0.   ]
 [0.   ]]","[[0.   ]
 [0.004]
 [0.008]
 ...
 [0.   ]
 [0.   ]
 [0.   ]]","[[26.4]
 [26.4]
 [26.4]
 ...
 [26.4]
 [26.4]
 [26.4]]",['2C charge and 1C discharge']
"[[array(['2022-09-24,09:18:29'], dtype='<U19')]
 [array(['2022-09-24,09:18:30'], dtype='<U19')]
 [array(['2022-09-24,09:18:31'], dtype='<U19')]
 ...
 [array(['2022-09-24,11:17:16'], dtype='<U19')]
 [array(['2022-09-24,11:17:16'], dtype='<U19')]
 [array(['2022-09-24,11:17:16'], dtype='<U19')]]","[[0.   ]
 [0.017]
 [0.034]
 ...
 [5.   ]
 [5.   ]
 [5.   ]]","[[3.4295]
 [3.454 ]
 [3.466 ]
 ...
 [3.2689]
 [3.2689]
 [3.2689]]","[[3.9994]
 [4.    ]
 [4.    ]
 ...
 [0.    ]
 [0.    ]
 [0.    ]]","[[0.   ]
 [0.001]
 [0.002]
 ...
 [0.   ]
 [0.   ]
 [0.   ]]","[[0.   ]
 [0.004]
 [0.008]
 ...
 [0.   ]
 [0.   ]
 [0.   ]]","[[26.4]
 [26.4]
 [26.4]
 ...
 [26.4]
 [26.4]
 [26.4]]",['2C charge and 1C discharge']
"[[array(['2022-09-24,11:17:17'], dtype='<U19')]
 [array(['2022-09-24,11:17:18'], dtype='<U19')]
 [array(['2022-09-24,11:17:19'], dtype='<U19')]
 ...
 [array(['2022-09-24,13:16:07'], dtype='<U19')]
 [array(['2022-09-24,13:16:07'], dtype='<U19')]
 [array(['2022-09-24,13:16:07'], dtype='<U19')]]","[[0.   ]
 [0.017]
 [0.034]
 ...
 [5.   ]
 [5.   ]
 [5.   ]]","[[3.4315]
 [3.4558]
 [3.4676]
 ...
 [3.2673]
 [3.2673]
 [3.2673]]","[[3.9994]
 [4.    ]
 [4.0001]
 ...
 [0.    ]
 [0.    ]
 [0.    ]]","[[0.   ]
 [0.001]
 [0.002]
 ...
 [0.   ]
 [0.   ]
 [0.   ]]","[[0.   ]
 [0.004]
 [0.008]
 ...
 [0.   ]
 [0.   ]
 [0.   ]]","[[26.4]
 [26.4]
 [26.4]
 ...
 [26.5]
 [26.5]
 [26.5]]",['2C charge and 1C discharge']
"[[array(['2022-09-24,13:16:08'], dtype='<U19')]
 [array(['2022-09-24,13:16:09'], dtype='<U19')]
 [array(['2022-09-24,13:16:10'], dtype='<U19')]
 ...
 [array(['2022-09-24,15:14:47'], dtype='<U19')]
 [array(['2022-09-24,15:14:47'], dtype='<U19')]
 [array(['2022-09-24,15:14:47'], dtype='<U19')]]","[[0.   ]
 [0.017]
 [0.034]
 ...
 [4.998]
 [5.   ]
 [5.   ]]","[[3.4303]
 [3.4535]
 [3.4658]
 ...
 [3.2656]
 [3.2656]
 [3.2656]]","[[3.9994]
 [4.    ]
 [4.    ]
 ...
 [0.    ]
 [0.    ]
 [0.    ]]","[[0.   ]
 [0.001]
 [0.002]
 ...
 [0.   ]
 [0.   ]
 [0.   ]]","[[0.   ]
 [0.004]
 [0.008]
 ...
 [0.   ]
 [0.   ]
 [0.   ]]","[[26.4]
 [26.4]
 [26.4]
 ...
 [26.4]
 [26.4]
 [26.4]]",['2C charge and 1C discharge']
"[[array(['2022-09-24,15:14:48'], dtype='<U19')]
 [array(['2022-09-24,15:14:49'], dtype='<U19')]
 [array(['2022-09-24,15:14:50'], dtype='<U19')]
 ...
 [array(['2022-09-24,17:13:36'], dtype='<U19')]
 [array(['2022-09-24,17:13:36'], dtype='<U19')]
 [array(['2022-09-24,17:13:36'], dtype='<U19')]]","[[0.   ]
 [0.017]
 [0.034]
 ...
 [4.999]
 [5.   ]
 [5.   ]]","[[3.4281]
 [3.4526]
 [3.4646]
 ...
 [3.2646]
 [3.2646]
 [3.2646]]","[[3.9994]
 [4.    ]
 [4.    ]
 ...
 [0.    ]
 [0.    ]
 [0.    ]]","[[0.   ]
 [0.001]
 [0.002]
 ...
 [0.   ]
 [0.   ]
 [0.   ]]","[[0.   ]
 [0.004]
 [0.008]
 ...
 [0.   ]
 [0.   ]
 [0.   ]]","[[26.5]
 [26.4]
 [26.4]
 ...
 [26.4]
 [26.4]
 [26.4]]",['2C charge and 1C discharge']
"[[array(['2022-09-24,17:13:38'], dtype='<U19')]
 [array(['2022-09-24,17:13:39'], dtype='<U19')]
 [array(['2022-09-24,17:13:40'], dtype='<U19')]
 ...
 [array(['2022-09-24,19:12:24'], dtype='<U19')]
 [array(['2022-09-24,19:12:25'], dtype='<U19')]
 [array(['2022-09-24,19:12:26'], dtype='<U19')]]","[[0.   ]
 [0.017]
 [0.034]
 ...
 [4.984]
 [5.   ]
 [5.   ]]","[[3.4264]
 [3.4533]
 [3.4652]
 ...
 [3.2654]
 [3.2656]
 [3.2656]]","[[3.9998]
 [4.    ]
 [4.    ]
 ...
 [0.    ]
 [0.    ]
 [0.    ]]","[[0.   ]
 [0.001]
 [0.002]
 ...
 [0.   ]
 [0.   ]
 [0.   ]]","[[0.   ]
 [0.004]
 [0.008]
 ...
 [0.   ]
 [0.   ]
 [0.   ]]","[[26.4]
 [26.4]
 [26.4]
 ...
 [26.3]
 [26.3]
 [26.3]]",['2C charge and 1C discharge']
"[[array(['2022-09-24,19:12:27'], dtype='<U19')]
 [array(['2022-09-24,19:12:28'], dtype='<U19')]
 [array(['2022-09-24,19:12:29'], dtype='<U19')]
 ...
 [array(['2022-09-24,21:11:15'], dtype='<U19')]
 [array(['2022-09-24,21:11:16'], dtype='<U19')]
 [array(['2022-09-24,21:11:16'], dtype='<U19')]]","[[0.   ]
 [0.017]
 [0.034]
 ...
 [4.984]
 [5.001]
 [5.001]]","[[3.4281]
 [3.4535]
 [3.4653]
 ...
 [3.2654]
 [3.2654]
 [3.2654]]","[[3.9994]
 [3.9999]
 [4.0001]
 ...
 [0.    ]
 [0.    ]
 [0.    ]]","[[0.   ]
 [0.001]
 [0.002]
 ...
 [0.   ]
 [0.   ]
 [0.   ]]","[[0.   ]
 [0.004]
 [0.008]
 ...
 [0.   ]
 [0.   ]
 [0.   ]]","[[26.3]
 [26.3]
 [26.3]
 ...
 [26.3]
 [26.3]
 [26.3]]",['2C charge and 1C discharge']
"[[array(['2022-09-24,21:11:17'], dtype='<U19')]
 [array(['2022-09-24,21:11:18'], dtype='<U19')]
 [array(['2022-09-24,21:11:19'], dtype='<U19')]
 ...
 [array(['2022-09-24,23:10:06'], dtype='<U19')]
 [array(['2022-09-24,23:10:07'], dtype='<U19')]
 [array(['2022-09-24,23:10:07'], dtype='<U19')]]","[[0.   ]
 [0.017]
 [0.034]
 ...
 [4.998]
 [5.   ]
 [5.   ]]","[[3.4286]
 [3.4533]
 [3.4656]
 ...
 [3.2648]
 [3.2648]
 [3.2648]]","[[3.9994]
 [4.    ]
 [4.    ]
 ...
 [0.    ]
 [0.    ]
 [0.    ]]","[[0.   ]
 [0.001]
 [0.002]
 ...
 [0.   ]
 [0.   ]
 [0.   ]]","[[0.   ]
 [0.004]
 [0.008]
 ...
 [0.   ]
 [0.   ]
 [0.   ]]","[[26.3]
 [26.3]
 [26.3]
 ...
 [26.4]
 [26.4]
 [26.4]]",['2C charge and 1C discharge']
"[[array(['2022-09-24,23:10:08'], dtype='<U19')]
 [array(['2022-09-24,23:10:09'], dtype='<U19')]
 [array(['2022-09-24,23:10:10'], dtype='<U19')]
 ...
 [array(['2022-09-25,01:08:47'], dtype='<U19')]
 [array(['2022-09-25,01:08:47'], dtype='<U19')]
 [array(['2022-09-25,01:08:47'], dtype='<U19')]]","[[0.   ]
 [0.017]
 [0.034]
 ...
 [4.999]
 [5.   ]
 [5.   ]]","[[3.4266]
 [3.453 ]
 [3.4652]
 ...
 [3.2656]
 [3.2656]
 [3.2657]]","[[3.9994]
 [4.    ]
 [4.    ]
 ...
 [0.    ]
 [0.    ]
 [0.    ]]","[[0.   ]
 [0.001]
 [0.002]
 ...
 [0.   ]
 [0.   ]
 [0.   ]]","[[0.   ]
 [0.004]
 [0.008]
 ...
 [0.   ]
 [0.   ]
 [0.   ]]","[[26.4]
 [26.4]
 [26.4]
 ...
 [26.2]
 [26.2]
 [26.2]]",['2C charge and 1C discharge']
"[[array(['2022-09-25,01:08:48'], dtype='<U19')]
 [array(['2022-09-25,01:08:49'], dtype='<U19')]
 [array(['2022-09-25,01:08:50'], dtype='<U19')]
 ...
 [array(['2022-09-25,03:07:35'], dtype='<U19')]
 [array(['2022-09-25,03:07:35'], dtype='<U19')]
 [array(['2022-09-25,03:07:35'], dtype='<U19')]]","[[0.   ]
 [0.017]
 [0.034]
 ...
 [4.999]
 [5.001]
 [5.001]]","[[3.4289]
 [3.4544]
 [3.4663]
 ...
 [3.2702]
 [3.2703]
 [3.2703]]","[[3.9994]
 [4.    ]
 [4.    ]
 ...
 [0.    ]
 [0.    ]
 [0.    ]]","[[0.   ]
 [0.001]
 [0.002]
 ...
 [0.   ]
 [0.   ]
 [0.   ]]","[[0.   ]
 [0.004]
 [0.008]
 ...
 [0.   ]
 [0.   ]
 [0.   ]]","[[26.2]
 [26.1]
 [26.2]
 ...
 [26. ]
 [26. ]
 [26. ]]",['2C charge and 1C discharge']
"[[array(['2022-09-25,03:07:36'], dtype='<U19')]
 [array(['2022-09-25,03:07:37'], dtype='<U19')]
 [array(['2022-09-25,03:07:38'], dtype='<U19')]
 ...
 [array(['2022-09-25,05:06:30'], dtype='<U19')]
 [array(['2022-09-25,05:06:31'], dtype='<U19')]
 [array(['2022-09-25,05:06:31'], dtype='<U19')]]","[[0.   ]
 [0.017]
 [0.035]
 ...
 [4.983]
 [5.001]
 [5.001]]","[[3.4349]
 [3.4595]
 [3.4718]
 ...
 [3.2686]
 [3.2686]
 [3.2686]]","[[3.9994]
 [4.    ]
 [4.    ]
 ...
 [0.    ]
 [0.    ]
 [0.    ]]","[[0.   ]
 [0.001]
 [0.002]
 ...
 [0.   ]
 [0.   ]
 [0.   ]]","[[0.   ]
 [0.004]
 [0.008]
 ...
 [0.   ]
 [0.   ]
 [0.   ]]","[[26. ]
 [26. ]
 [26. ]
 ...
 [26.1]
 [26.1]
 [26.1]]",['2C charge and 1C discharge']
"[[array(['2022-09-25,05:06:32'], dtype='<U19')]
 [array(['2022-09-25,05:06:33'], dtype='<U19')]
 [array(['2022-09-25,05:06:34'], dtype='<U19')]
 ...
 [array(['2022-09-25,07:05:30'], dtype='<U19')]
 [array(['2022-09-25,07:05:30'], dtype='<U19')]
 [array(['2022-09-25,07:05:30'], dtype='<U19')]]","[[0.   ]
 [0.017]
 [0.034]
 ...
 [4.999]
 [5.   ]
 [5.   ]]","[[3.4318]
 [3.4573]
 [3.4699]
 ...
 [3.2683]
 [3.2683]
 [3.2683]]","[[3.9994]
 [3.9999]
 [4.    ]
 ...
 [0.    ]
 [0.    ]
 [0.    ]]","[[0.   ]
 [0.001]
 [0.002]
 ...
 [0.   ]
 [0.   ]
 [0.   ]]","[[0.   ]
 [0.004]
 [0.008]
 ...
 [0.   ]
 [0.   ]
 [0.   ]]","[[26.1]
 [26.1]
 [26.1]
 ...
 [26. ]
 [26. ]
 [26. ]]",['2C charge and 1C discharge']
"[[array(['2022-09-25,07:05:31'], dtype='<U19')]
 [array(['2022-09-25,07:05:32'], dtype='<U19')]
 [array(['2022-09-25,07:05:33'], dtype='<U19')]
 ...
 [array(['2022-09-25,09:04:21'], dtype='<U19')]
 [array(['2022-09-25,09:04:21'], dtype='<U19')]
 [array(['2022-09-25,09:04:21'], dtype='<U19')]]","[[0.   ]
 [0.017]
 [0.034]
 ...
 [4.998]
 [5.001]
 [5.001]]","[[3.433 ]
 [3.458 ]
 [3.4703]
 ...
 [3.2659]
 [3.2659]
 [3.2659]]","[[3.9994]
 [3.9999]
 [4.    ]
 ...
 [0.    ]
 [0.    ]
 [0.    ]]","[[0.   ]
 [0.001]
 [0.002]
 ...
 [0.   ]
 [0.   ]
 [0.   ]]","[[0.   ]
 [0.004]
 [0.008]
 ...
 [0.   ]
 [0.   ]
 [0.   ]]","[[26. ]
 [26. ]
 [26. ]
 ...
 [26.2]
 [26.2]
 [26.2]]",['2C charge and 1C discharge']
"[[array(['2022-09-25,09:04:22'], dtype='<U19')]
 [array(['2022-09-25,09:04:23'], dtype='<U19')]
 [array(['2022-09-25,09:04:24'], dtype='<U19')]
 ...
 [array(['2022-09-25,11:03:19'], dtype='<U19')]
 [array(['2022-09-25,11:03:19'], dtype='<U19')]
 [array(['2022-09-25,11:03:19'], dtype='<U19')]]","[[0.   ]
 [0.018]
 [0.035]
 ...
 [4.997]
 [5.   ]
 [5.   ]]","[[3.4286]
 [3.454 ]
 [3.468 ]
 ...
 [3.2534]
 [3.2534]
 [3.2534]]","[[3.9994]
 [4.    ]
 [4.    ]
 ...
 [0.    ]
 [0.    ]
 [0.    ]]","[[0.   ]
 [0.001]
 [0.002]
 ...
 [0.   ]
 [0.   ]
 [0.   ]]","[[0.   ]
 [0.004]
 [0.008]
 ...
 [0.   ]
 [0.   ]
 [0.   ]]","[[26.2]
 [26.2]
 [26.2]
 ...
 [26.8]
 [26.8]
 [26.8]]",['2C charge and 1C discharge']
"[[array(['2022-09-25,11:03:20'], dtype='<U19')]
 [array(['2022-09-25,11:03:21'], dtype='<U19')]
 [array(['2022-09-25,11:03:22'], dtype='<U19')]
 ...
 [array(['2022-09-25,13:01:46'], dtype='<U19')]
 [array(['2022-09-25,13:01:46'], dtype='<U19')]
 [array(['2022-09-25,13:01:46'], dtype='<U19')]]","[[0.   ]
 [0.017]
 [0.034]
 ...
 [4.999]
 [5.001]
 [5.001]]","[[3.4147]
 [3.4403]
 [3.453 ]
 ...
 [3.2503]
 [3.2503]
 [3.2503]]","[[3.9994]
 [4.    ]
 [4.    ]
 ...
 [0.    ]
 [0.    ]
 [0.    ]]","[[0.   ]
 [0.001]
 [0.002]
 ...
 [0.   ]
 [0.   ]
 [0.   ]]","[[0.   ]
 [0.004]
 [0.008]
 ...
 [0.   ]
 [0.   ]
 [0.   ]]","[[26.8]
 [26.8]
 [26.8]
 ...
 [26.9]
 [26.8]
 [26.9]]",['2C charge and 1C discharge']
"[[array(['2022-09-25,13:01:47'], dtype='<U19')]
 [array(['2022-09-25,13:01:48'], dtype='<U19')]
 [array(['2022-09-25,13:01:49'], dtype='<U19')]
 ...
 [array(['2022-09-25,15:00:07'], dtype='<U19')]
 [array(['2022-09-25,15:00:07'], dtype='<U19')]
 [array(['2022-09-25,15:00:07'], dtype='<U19')]]","[[0.   ]
 [0.017]
 [0.034]
 ...
 [4.999]
 [5.   ]
 [5.   ]]","[[3.4117]
 [3.4372]
 [3.4501]
 ...
 [3.2577]
 [3.2577]
 [3.2577]]","[[3.9994]
 [4.    ]
 [4.    ]
 ...
 [0.    ]
 [0.    ]
 [0.    ]]","[[0.   ]
 [0.001]
 [0.002]
 ...
 [0.   ]
 [0.   ]
 [0.   ]]","[[0.   ]
 [0.004]
 [0.008]
 ...
 [0.   ]
 [0.   ]
 [0.   ]]","[[26.9]
 [26.8]
 [26.8]
 ...
 [26.5]
 [26.5]
 [26.5]]",['2C charge and 1C discharge']
"[[array(['2022-09-25,15:00:08'], dtype='<U19')]
 [array(['2022-09-25,15:00:09'], dtype='<U19')]
 [array(['2022-09-25,15:00:10'], dtype='<U19')]
 ...
 [array(['2022-09-25,16:58:45'], dtype='<U19')]
 [array(['2022-09-25,16:58:45'], dtype='<U19')]
 [array(['2022-09-25,16:58:45'], dtype='<U19')]]","[[0.   ]
 [0.017]
 [0.034]
 ...
 [4.999]
 [5.001]
 [5.001]]","[[3.4212]
 [3.4466]
 [3.4592]
 ...
 [3.2525]
 [3.2525]
 [3.2525]]","[[3.9994]
 [3.9999]
 [4.0001]
 ...
 [0.    ]
 [0.    ]
 [0.    ]]","[[0.   ]
 [0.001]
 [0.002]
 ...
 [0.   ]
 [0.   ]
 [0.   ]]","[[0.   ]
 [0.004]
 [0.008]
 ...
 [0.   ]
 [0.   ]
 [0.   ]]","[[26.5]
 [26.5]
 [26.5]
 ...
 [26.8]
 [26.8]
 [26.8]]",['2C charge and 1C discharge']
"[[array(['2022-09-25,16:58:46'], dtype='<U19')]
 [array(['2022-09-25,16:58:47'], dtype='<U19')]
 [array(['2022-09-25,16:58:48'], dtype='<U19')]
 ...
 [array(['2022-09-25,18:57:20'], dtype='<U19')]
 [array(['2022-09-25,18:57:20'], dtype='<U19')]
 [array(['2022-09-25,18:57:20'], dtype='<U19')]]","[[0.   ]
 [0.017]
 [0.034]
 ...
 [4.998]
 [5.001]
 [5.001]]","[[3.4138]
 [3.4403]
 [3.4527]
 ...
 [3.253 ]
 [3.253 ]
 [3.253 ]]","[[3.9994]
 [4.    ]
 [4.    ]
 ...
 [0.    ]
 [0.    ]
 [0.    ]]","[[0.   ]
 [0.001]
 [0.002]
 ...
 [0.   ]
 [0.   ]
 [0.   ]]","[[0.   ]
 [0.004]
 [0.008]
 ...
 [0.   ]
 [0.   ]
 [0.   ]]","[[26.8]
 [26.8]
 [26.8]
 ...
 [26.7]
 [26.7]
 [26.7]]",['2C charge and 1C discharge']
"[[array(['2022-09-25,18:57:21'], dtype='<U19')]
 [array(['2022-09-25,18:57:22'], dtype='<U19')]
 [array(['2022-09-25,18:57:23'], dtype='<U19')]
 ...
 [array(['2022-09-25,20:56:04'], dtype='<U19')]
 [array(['2022-09-25,20:56:04'], dtype='<U19')]
 [array(['2022-09-25,20:56:04'], dtype='<U19')]]","[[0.   ]
 [0.017]
 [0.034]
 ...
 [4.999]
 [5.   ]
 [5.   ]]","[[3.4163]
 [3.4415]
 [3.4543]
 ...
 [3.2563]
 [3.2562]
 [3.2563]]","[[3.9994]
 [4.    ]
 [4.0001]
 ...
 [0.    ]
 [0.    ]
 [0.    ]]","[[0.   ]
 [0.001]
 [0.002]
 ...
 [0.   ]
 [0.   ]
 [0.   ]]","[[0.   ]
 [0.004]
 [0.008]
 ...
 [0.   ]
 [0.   ]
 [0.   ]]","[[26.7]
 [26.7]
 [26.6]
 ...
 [26.4]
 [26.4]
 [26.4]]",['2C charge and 1C discharge']
"[[array(['2022-09-25,20:56:05'], dtype='<U19')]
 [array(['2022-09-25,20:56:06'], dtype='<U19')]
 [array(['2022-09-25,20:56:07'], dtype='<U19')]
 ...
 [array(['2022-09-25,22:54:54'], dtype='<U19')]
 [array(['2022-09-25,22:54:54'], dtype='<U19')]
 [array(['2022-09-25,22:54:54'], dtype='<U19')]]","[[0.   ]
 [0.017]
 [0.034]
 ...
 [4.999]
 [5.   ]
 [5.   ]]","[[3.4189]
 [3.4458]
 [3.4586]
 ...
 [3.2568]
 [3.2568]
 [3.2568]]","[[3.9994]
 [4.    ]
 [4.    ]
 ...
 [0.    ]
 [0.    ]
 [0.    ]]","[[0.   ]
 [0.001]
 [0.002]
 ...
 [0.   ]
 [0.   ]
 [0.   ]]","[[0.   ]
 [0.004]
 [0.008]
 ...
 [0.   ]
 [0.   ]
 [0.   ]]","[[26.4]
 [26.4]
 [26.4]
 ...
 [26.4]
 [26.4]
 [26.4]]",['2C charge and 1C discharge']
"[[array(['2022-09-25,22:54:55'], dtype='<U19')]
 [array(['2022-09-25,22:54:57'], dtype='<U19')]
 [array(['2022-09-25,22:54:58'], dtype='<U19')]
 ...
 [array(['2022-09-26,00:53:47'], dtype='<U19')]
 [array(['2022-09-26,00:53:47'], dtype='<U19')]
 [array(['2022-09-26,00:53:47'], dtype='<U19')]]","[[0.   ]
 [0.017]
 [0.034]
 ...
 [4.999]
 [5.   ]
 [5.   ]]","[[3.4195]
 [3.4466]
 [3.4593]
 ...
 [3.256 ]
 [3.256 ]
 [3.256 ]]","[[3.9994]
 [4.    ]
 [4.    ]
 ...
 [0.    ]
 [0.    ]
 [0.    ]]","[[0.   ]
 [0.001]
 [0.002]
 ...
 [0.   ]
 [0.   ]
 [0.   ]]","[[0.   ]
 [0.004]
 [0.008]
 ...
 [0.   ]
 [0.   ]
 [0.   ]]","[[26.4]
 [26.4]
 [26.4]
 ...
 [26.4]
 [26.4]
 [26.4]]",['2C charge and 1C discharge']
"[[array(['2022-09-26,00:53:48'], dtype='<U19')]
 [array(['2022-09-26,00:53:49'], dtype='<U19')]
 [array(['2022-09-26,00:53:50'], dtype='<U19')]
 ...
 [array(['2022-09-26,02:52:29'], dtype='<U19')]
 [array(['2022-09-26,02:52:29'], dtype='<U19')]
 [array(['2022-09-26,02:52:29'], dtype='<U19')]]","[[0.   ]
 [0.017]
 [0.034]
 ...
 [4.998]
 [5.   ]
 [5.   ]]","[[3.4203]
 [3.4457]
 [3.4584]
 ...
 [3.255 ]
 [3.2548]
 [3.255 ]]","[[3.9994]
 [4.    ]
 [4.    ]
 ...
 [0.    ]
 [0.    ]
 [0.    ]]","[[0.   ]
 [0.001]
 [0.002]
 ...
 [0.   ]
 [0.   ]
 [0.   ]]","[[0.   ]
 [0.004]
 [0.008]
 ...
 [0.   ]
 [0.   ]
 [0.   ]]","[[26.4]
 [26.4]
 [26.4]
 ...
 [26.4]
 [26.4]
 [26.4]]",['2C charge and 1C discharge']
"[[array(['2022-09-26,02:52:30'], dtype='<U19')]
 [array(['2022-09-26,02:52:31'], dtype='<U19')]
 [array(['2022-09-26,02:52:32'], dtype='<U19')]
 ...
 [array(['2022-09-26,04:51:12'], dtype='<U19')]
 [array(['2022-09-26,04:51:13'], dtype='<U19')]
 [array(['2022-09-26,04:51:13'], dtype='<U19')]]","[[0.   ]
 [0.017]
 [0.034]
 ...
 [4.996]
 [5.   ]
 [5.   ]]","[[3.4175]
 [3.444 ]
 [3.457 ]
 ...
 [3.2542]
 [3.2542]
 [3.2543]]","[[3.9994]
 [4.    ]
 [4.    ]
 ...
 [0.    ]
 [0.    ]
 [0.    ]]","[[0.   ]
 [0.001]
 [0.002]
 ...
 [0.   ]
 [0.   ]
 [0.   ]]","[[0.   ]
 [0.004]
 [0.008]
 ...
 [0.   ]
 [0.   ]
 [0.   ]]","[[26.5]
 [26.4]
 [26.4]
 ...
 [26.4]
 [26.4]
 [26.4]]",['2C charge and 1C discharge']
"[[array(['2022-09-26,04:51:14'], dtype='<U19')]
 [array(['2022-09-26,04:51:15'], dtype='<U19')]
 [array(['2022-09-26,04:51:16'], dtype='<U19')]
 ...
 [array(['2022-09-26,06:49:53'], dtype='<U19')]
 [array(['2022-09-26,06:49:53'], dtype='<U19')]
 [array(['2022-09-26,06:49:53'], dtype='<U19')]]","[[0.   ]
 [0.017]
 [0.034]
 ...
 [4.999]
 [5.   ]
 [5.   ]]","[[3.4172]
 [3.4435]
 [3.4566]
 ...
 [3.2543]
 [3.2543]
 [3.2543]]","[[3.9994]
 [4.    ]
 [4.    ]
 ...
 [0.    ]
 [0.    ]
 [0.    ]]","[[0.   ]
 [0.001]
 [0.002]
 ...
 [0.   ]
 [0.   ]
 [0.   ]]","[[0.   ]
 [0.004]
 [0.008]
 ...
 [0.   ]
 [0.   ]
 [0.   ]]","[[26.4]
 [26.4]
 [26.4]
 ...
 [26.4]
 [26.4]
 [26.4]]",['2C charge and 1C discharge']
"[[array(['2022-09-26,06:49:54'], dtype='<U19')]
 [array(['2022-09-26,06:49:55'], dtype='<U19')]
 [array(['2022-09-26,06:49:56'], dtype='<U19')]
 ...
 [array(['2022-09-26,08:48:35'], dtype='<U19')]
 [array(['2022-09-26,08:48:35'], dtype='<U19')]
 [array(['2022-09-26,08:48:35'], dtype='<U19')]]","[[0.   ]
 [0.017]
 [0.034]
 ...
 [4.997]
 [5.001]
 [5.001]]","[[3.4187]
 [3.4438]
 [3.4569]
 ...
 [3.2554]
 [3.2554]
 [3.2554]]","[[3.9994]
 [4.    ]
 [4.    ]
 ...
 [0.    ]
 [0.    ]
 [0.    ]]","[[0.   ]
 [0.001]
 [0.002]
 ...
 [0.   ]
 [0.   ]
 [0.   ]]","[[0.   ]
 [0.004]
 [0.008]
 ...
 [0.   ]
 [0.   ]
 [0.   ]]","[[26.4]
 [26.4]
 [26.4]
 ...
 [26.2]
 [26.2]
 [26.2]]",['2C charge and 1C discharge']
"[[array(['2022-09-26,08:48:36'], dtype='<U19')]
 [array(['2022-09-26,08:48:37'], dtype='<U19')]
 [array(['2022-09-26,08:48:38'], dtype='<U19')]
 ...
 [array(['2022-09-26,10:47:30'], dtype='<U19')]
 [array(['2022-09-26,10:47:30'], dtype='<U19')]
 [array(['2022-09-26,10:47:30'], dtype='<U19')]]","[[0.   ]
 [0.017]
 [0.035]
 ...
 [4.999]
 [5.001]
 [5.001]]","[[3.419 ]
 [3.4466]
 [3.4595]
 ...
 [3.2451]
 [3.2453]
 [3.2451]]","[[3.9994]
 [4.    ]
 [4.0001]
 ...
 [0.    ]
 [0.    ]
 [0.    ]]","[[0.   ]
 [0.001]
 [0.002]
 ...
 [0.   ]
 [0.   ]
 [0.   ]]","[[0.   ]
 [0.004]
 [0.008]
 ...
 [0.   ]
 [0.   ]
 [0.   ]]","[[26.2]
 [26.2]
 [26.2]
 ...
 [26.9]
 [26.9]
 [26.9]]",['2C charge and 1C discharge']
"[[array(['2022-09-26,10:47:31'], dtype='<U19')]
 [array(['2022-09-26,10:47:32'], dtype='<U19')]
 [array(['2022-09-26,10:47:33'], dtype='<U19')]
 ...
 [array(['2022-09-26,12:45:56'], dtype='<U19')]
 [array(['2022-09-26,12:45:56'], dtype='<U19')]
 [array(['2022-09-26,12:45:56'], dtype='<U19')]]","[[0.   ]
 [0.017]
 [0.034]
 ...
 [4.999]
 [5.   ]
 [5.   ]]","[[3.4067]
 [3.4332]
 [3.4461]
 ...
 [3.2403]
 [3.2405]
 [3.2405]]","[[3.9994]
 [4.    ]
 [4.    ]
 ...
 [0.    ]
 [0.    ]
 [0.    ]]","[[0.   ]
 [0.001]
 [0.002]
 ...
 [0.   ]
 [0.   ]
 [0.   ]]","[[0.   ]
 [0.004]
 [0.008]
 ...
 [0.   ]
 [0.   ]
 [0.   ]]","[[26.8]
 [26.9]
 [26.9]
 ...
 [27.1]
 [27.1]
 [27.1]]",['2C charge and 1C discharge']
"[[array(['2022-09-26,12:45:57'], dtype='<U19')]
 [array(['2022-09-26,12:45:58'], dtype='<U19')]
 [array(['2022-09-26,12:45:59'], dtype='<U19')]
 ...
 [array(['2022-09-26,14:44:13'], dtype='<U19')]
 [array(['2022-09-26,14:44:14'], dtype='<U19')]
 [array(['2022-09-26,14:44:14'], dtype='<U19')]]","[[0.   ]
 [0.017]
 [0.034]
 ...
 [4.985]
 [5.   ]
 [5.   ]]","[[3.4015]
 [3.4281]
 [3.4417]
 ...
 [3.2451]
 [3.2453]
 [3.2453]]","[[3.9994]
 [4.    ]
 [4.    ]
 ...
 [0.    ]
 [0.    ]
 [0.    ]]","[[0.   ]
 [0.001]
 [0.002]
 ...
 [0.   ]
 [0.   ]
 [0.   ]]","[[0.   ]
 [0.004]
 [0.008]
 ...
 [0.   ]
 [0.   ]
 [0.   ]]","[[27.1]
 [27.1]
 [27.1]
 ...
 [26.7]
 [26.7]
 [26.7]]",['2C charge and 1C discharge']
"[[array(['2022-09-26,14:44:15'], dtype='<U19')]
 [array(['2022-09-26,14:44:16'], dtype='<U19')]
 [array(['2022-09-26,14:44:18'], dtype='<U19')]
 ...
 [array(['2022-09-26,16:42:44'], dtype='<U19')]
 [array(['2022-09-26,16:42:44'], dtype='<U19')]
 [array(['2022-09-26,16:42:44'], dtype='<U19')]]","[[0.   ]
 [0.017]
 [0.034]
 ...
 [4.998]
 [5.   ]
 [5.   ]]","[[3.4083]
 [3.4347]
 [3.4481]
 ...
 [3.241 ]
 [3.241 ]
 [3.241 ]]","[[3.9994]
 [4.    ]
 [4.    ]
 ...
 [0.    ]
 [0.    ]
 [0.    ]]","[[0.   ]
 [0.001]
 [0.002]
 ...
 [0.   ]
 [0.   ]
 [0.   ]]","[[0.   ]
 [0.004]
 [0.008]
 ...
 [0.   ]
 [0.   ]
 [0.   ]]","[[26.7]
 [26.7]
 [26.7]
 ...
 [27.1]
 [27.1]
 [27.1]]",['2C charge and 1C discharge']
"[[array(['2022-09-26,16:42:45'], dtype='<U19')]
 [array(['2022-09-26,16:42:46'], dtype='<U19')]
 [array(['2022-09-26,16:42:47'], dtype='<U19')]
 ...
 [array(['2022-09-26,18:41:06'], dtype='<U19')]
 [array(['2022-09-26,18:41:06'], dtype='<U19')]
 [array(['2022-09-26,18:41:06'], dtype='<U19')]]","[[0.   ]
 [0.017]
 [0.034]
 ...
 [4.997]
 [5.   ]
 [5.   ]]","[[3.4038]
 [3.4297]
 [3.443 ]
 ...
 [3.2419]
 [3.2419]
 [3.2419]]","[[3.9994]
 [4.    ]
 [4.    ]
 ...
 [0.    ]
 [0.    ]
 [0.    ]]","[[0.   ]
 [0.001]
 [0.002]
 ...
 [0.   ]
 [0.   ]
 [0.   ]]","[[0.   ]
 [0.004]
 [0.008]
 ...
 [0.   ]
 [0.   ]
 [0.   ]]","[[27.1]
 [27.1]
 [27. ]
 ...
 [27. ]
 [26.9]
 [27. ]]",['2C charge and 1C discharge']
"[[array(['2022-09-26,18:41:07'], dtype='<U19')]
 [array(['2022-09-26,18:41:08'], dtype='<U19')]
 [array(['2022-09-26,18:41:09'], dtype='<U19')]
 ...
 [array(['2022-09-26,20:39:41'], dtype='<U19')]
 [array(['2022-09-26,20:39:41'], dtype='<U19')]
 [array(['2022-09-26,20:39:41'], dtype='<U19')]]","[[0.   ]
 [0.017]
 [0.034]
 ...
 [4.997]
 [5.001]
 [5.001]]","[[3.404 ]
 [3.4307]
 [3.4446]
 ...
 [3.2413]
 [3.2416]
 [3.2416]]","[[3.9994]
 [4.    ]
 [4.    ]
 ...
 [0.    ]
 [0.    ]
 [0.    ]]","[[0.   ]
 [0.001]
 [0.002]
 ...
 [0.   ]
 [0.   ]
 [0.   ]]","[[0.   ]
 [0.004]
 [0.008]
 ...
 [0.   ]
 [0.   ]
 [0.   ]]","[[27. ]
 [27. ]
 [26.9]
 ...
 [26.9]
 [26.9]
 [26.9]]",['2C charge and 1C discharge']
"[[array(['2022-09-26,20:39:42'], dtype='<U19')]
 [array(['2022-09-26,20:39:43'], dtype='<U19')]
 [array(['2022-09-26,20:39:44'], dtype='<U19')]
 ...
 [array(['2022-09-26,22:38:14'], dtype='<U19')]
 [array(['2022-09-26,22:38:14'], dtype='<U19')]
 [array(['2022-09-26,22:38:14'], dtype='<U19')]]","[[0.   ]
 [0.017]
 [0.035]
 ...
 [4.997]
 [5.001]
 [5.001]]","[[3.4032]
 [3.431 ]
 [3.4443]
 ...
 [3.241 ]
 [3.241 ]
 [3.241 ]]","[[3.9994]
 [4.    ]
 [4.0001]
 ...
 [0.    ]
 [0.    ]
 [0.    ]]","[[0.   ]
 [0.001]
 [0.002]
 ...
 [0.   ]
 [0.   ]
 [0.   ]]","[[0.   ]
 [0.004]
 [0.008]
 ...
 [0.   ]
 [0.   ]
 [0.   ]]","[[26.9]
 [26.9]
 [26.9]
 ...
 [26.9]
 [26.9]
 [26.9]]",['2C charge and 1C discharge']
"[[array(['2022-09-26,22:38:15'], dtype='<U19')]
 [array(['2022-09-26,22:38:16'], dtype='<U19')]
 [array(['2022-09-26,22:38:17'], dtype='<U19')]
 ...
 [array(['2022-09-27,00:36:50'], dtype='<U19')]
 [array(['2022-09-27,00:36:50'], dtype='<U19')]
 [array(['2022-09-27,00:36:50'], dtype='<U19')]]","[[0.   ]
 [0.017]
 [0.034]
 ...
 [4.997]
 [5.   ]
 [5.   ]]","[[3.4044]
 [3.4309]
 [3.4441]
 ...
 [3.2428]
 [3.2426]
 [3.2428]]","[[3.9994]
 [4.    ]
 [4.    ]
 ...
 [0.    ]
 [0.    ]
 [0.    ]]","[[0.   ]
 [0.001]
 [0.002]
 ...
 [0.   ]
 [0.   ]
 [0.   ]]","[[0.   ]
 [0.004]
 [0.008]
 ...
 [0.   ]
 [0.   ]
 [0.   ]]","[[26.9]
 [26.9]
 [26.9]
 ...
 [26.8]
 [26.8]
 [26.8]]",['2C charge and 1C discharge']
"[[array(['2022-09-27,00:36:51'], dtype='<U19')]
 [array(['2022-09-27,00:36:52'], dtype='<U19')]
 [array(['2022-09-27,00:36:53'], dtype='<U19')]
 ...
 [array(['2022-09-27,02:35:31'], dtype='<U19')]
 [array(['2022-09-27,02:35:31'], dtype='<U19')]
 [array(['2022-09-27,02:35:31'], dtype='<U19')]]","[[0.   ]
 [0.017]
 [0.034]
 ...
 [4.997]
 [5.001]
 [5.001]]","[[3.4063]
 [3.4329]
 [3.4463]
 ...
 [3.2434]
 [3.2434]
 [3.2436]]","[[3.9994]
 [4.    ]
 [4.    ]
 ...
 [0.    ]
 [0.    ]
 [0.    ]]","[[0.   ]
 [0.001]
 [0.002]
 ...
 [0.   ]
 [0.   ]
 [0.   ]]","[[0.   ]
 [0.004]
 [0.008]
 ...
 [0.   ]
 [0.   ]
 [0.   ]]","[[26.8]
 [26.8]
 [26.8]
 ...
 [26.8]
 [26.8]
 [26.8]]",['2C charge and 1C discharge']
"[[array(['2022-09-27,02:35:32'], dtype='<U19')]
 [array(['2022-09-27,02:35:33'], dtype='<U19')]
 [array(['2022-09-27,02:35:34'], dtype='<U19')]
 ...
 [array(['2022-09-27,04:34:11'], dtype='<U19')]
 [array(['2022-09-27,04:34:11'], dtype='<U19')]
 [array(['2022-09-27,04:34:11'], dtype='<U19')]]","[[0.   ]
 [0.017]
 [0.034]
 ...
 [5.   ]
 [5.001]
 [5.001]]","[[3.4078]
 [3.4341]
 [3.447 ]
 ...
 [3.2434]
 [3.2434]
 [3.2434]]","[[3.9994]
 [4.    ]
 [4.    ]
 ...
 [0.    ]
 [0.    ]
 [0.    ]]","[[0.   ]
 [0.001]
 [0.002]
 ...
 [0.   ]
 [0.   ]
 [0.   ]]","[[0.   ]
 [0.004]
 [0.008]
 ...
 [0.   ]
 [0.   ]
 [0.   ]]","[[26.8]
 [26.8]
 [26.8]
 ...
 [26.8]
 [26.8]
 [26.8]]",['2C charge and 1C discharge']
"[[array(['2022-09-27,04:34:12'], dtype='<U19')]
 [array(['2022-09-27,04:34:13'], dtype='<U19')]
 [array(['2022-09-27,04:34:14'], dtype='<U19')]
 ...
 [array(['2022-09-27,06:32:52'], dtype='<U19')]
 [array(['2022-09-27,06:32:52'], dtype='<U19')]
 [array(['2022-09-27,06:32:52'], dtype='<U19')]]","[[0.   ]
 [0.017]
 [0.034]
 ...
 [4.999]
 [5.   ]
 [5.   ]]","[[3.4072]
 [3.4338]
 [3.447 ]
 ...
 [3.243 ]
 [3.243 ]
 [3.243 ]]","[[3.9994]
 [4.    ]
 [4.    ]
 ...
 [0.    ]
 [0.    ]
 [0.    ]]","[[0.   ]
 [0.001]
 [0.002]
 ...
 [0.   ]
 [0.   ]
 [0.   ]]","[[0.   ]
 [0.004]
 [0.008]
 ...
 [0.   ]
 [0.   ]
 [0.   ]]","[[26.8]
 [26.7]
 [26.7]
 ...
 [26.7]
 [26.7]
 [26.7]]",['2C charge and 1C discharge']
"[[array(['2022-09-27,06:32:53'], dtype='<U19')]
 [array(['2022-09-27,06:32:54'], dtype='<U19')]
 [array(['2022-09-27,06:32:55'], dtype='<U19')]
 ...
 [array(['2022-09-27,08:31:38'], dtype='<U19')]
 [array(['2022-09-27,08:31:38'], dtype='<U19')]
 [array(['2022-09-27,08:31:38'], dtype='<U19')]]","[[0.   ]
 [0.017]
 [0.034]
 ...
 [5.   ]
 [5.001]
 [5.001]]","[[3.4061]
 [3.4333]
 [3.447 ]
 ...
 [3.2433]
 [3.2433]
 [3.2433]]","[[3.9994]
 [4.    ]
 [4.0001]
 ...
 [0.    ]
 [0.    ]
 [0.    ]]","[[0.   ]
 [0.001]
 [0.002]
 ...
 [0.   ]
 [0.   ]
 [0.   ]]","[[0.   ]
 [0.004]
 [0.008]
 ...
 [0.   ]
 [0.   ]
 [0.   ]]","[[26.7]
 [26.7]
 [26.7]
 ...
 [26.7]
 [26.7]
 [26.7]]",['2C charge and 1C discharge']
"[[array(['2022-09-27,08:31:39'], dtype='<U19')]
 [array(['2022-09-27,08:31:40'], dtype='<U19')]
 [array(['2022-09-27,08:31:41'], dtype='<U19')]
 ...
 [array(['2022-09-27,10:30:19'], dtype='<U19')]
 [array(['2022-09-27,10:30:19'], dtype='<U19')]
 [array(['2022-09-27,10:30:19'], dtype='<U19')]]","[[0.   ]
 [0.017]
 [0.034]
 ...
 [4.998]
 [5.   ]
 [5.   ]]","[[3.4049]
 [3.4341]
 [3.4478]
 ...
 [3.2425]
 [3.2426]
 [3.2426]]","[[3.9994]
 [4.    ]
 [4.    ]
 ...
 [0.    ]
 [0.    ]
 [0.    ]]","[[0.   ]
 [0.001]
 [0.002]
 ...
 [0.   ]
 [0.   ]
 [0.   ]]","[[0.   ]
 [0.004]
 [0.008]
 ...
 [0.   ]
 [0.   ]
 [0.   ]]","[[26.7]
 [26.7]
 [26.7]
 ...
 [26.8]
 [26.8]
 [26.8]]",['2C charge and 1C discharge']
"[[array(['2022-09-27,10:30:20'], dtype='<U19')]
 [array(['2022-09-27,10:30:21'], dtype='<U19')]
 [array(['2022-09-27,10:30:22'], dtype='<U19')]
 ...
 [array(['2022-09-27,12:28:52'], dtype='<U19')]
 [array(['2022-09-27,12:28:52'], dtype='<U19')]
 [array(['2022-09-27,12:28:52'], dtype='<U19')]]","[[0.   ]
 [0.017]
 [0.034]
 ...
 [5.   ]
 [5.001]
 [5.001]]","[[3.4064]
 [3.4333]
 [3.447 ]
 ...
 [3.2391]
 [3.2391]
 [3.2391]]","[[3.9994]
 [4.    ]
 [4.    ]
 ...
 [0.    ]
 [0.    ]
 [0.    ]]","[[0.   ]
 [0.001]
 [0.002]
 ...
 [0.   ]
 [0.   ]
 [0.   ]]","[[0.   ]
 [0.004]
 [0.008]
 ...
 [0.   ]
 [0.   ]
 [0.   ]]","[[26.8]
 [26.8]
 [26.8]
 ...
 [26.9]
 [26.9]
 [26.9]]",['2C charge and 1C discharge']
"[[array(['2022-09-27,12:28:53'], dtype='<U19')]
 [array(['2022-09-27,12:28:54'], dtype='<U19')]
 [array(['2022-09-27,12:28:55'], dtype='<U19')]
 ...
 [array(['2022-09-27,14:27:25'], dtype='<U19')]
 [array(['2022-09-27,14:27:26'], dtype='<U19')]
 [array(['2022-09-27,14:27:26'], dtype='<U19')]]","[[0.   ]
 [0.017]
 [0.034]
 ...
 [4.998]
 [5.001]
 [5.001]]","[[3.4023]
 [3.43  ]
 [3.443 ]
 ...
 [3.2394]
 [3.2394]
 [3.2394]]","[[3.9994]
 [4.    ]
 [4.0001]
 ...
 [0.    ]
 [0.    ]
 [0.    ]]","[[0.   ]
 [0.001]
 [0.002]
 ...
 [0.   ]
 [0.   ]
 [0.   ]]","[[0.   ]
 [0.004]
 [0.008]
 ...
 [0.   ]
 [0.   ]
 [0.   ]]","[[26.9]
 [26.9]
 [26.9]
 ...
 [26.9]
 [26.9]
 [26.9]]",['2C charge and 1C discharge']
"[[array(['2022-09-27,14:27:27'], dtype='<U19')]
 [array(['2022-09-27,14:27:28'], dtype='<U19')]
 [array(['2022-09-27,14:27:29'], dtype='<U19')]
 ...
 [array(['2022-09-27,16:26:02'], dtype='<U19')]
 [array(['2022-09-27,16:26:02'], dtype='<U19')]
 [array(['2022-09-27,16:26:02'], dtype='<U19')]]","[[0.   ]
 [0.017]
 [0.036]
 ...
 [4.997]
 [5.001]
 [5.001]]","[[3.4034]
 [3.4301]
 [3.4438]
 ...
 [3.2354]
 [3.2354]
 [3.2354]]","[[3.9994]
 [4.    ]
 [4.    ]
 ...
 [0.    ]
 [0.    ]
 [0.    ]]","[[0.   ]
 [0.001]
 [0.002]
 ...
 [0.   ]
 [0.   ]
 [0.   ]]","[[0.   ]
 [0.004]
 [0.008]
 ...
 [0.   ]
 [0.   ]
 [0.   ]]","[[26.9]
 [26.9]
 [26.9]
 ...
 [27.1]
 [27.1]
 [27.1]]",['2C charge and 1C discharge']
"[[array(['2022-09-27,16:26:03'], dtype='<U19')]
 [array(['2022-09-27,16:26:04'], dtype='<U19')]
 [array(['2022-09-27,16:26:05'], dtype='<U19')]
 ...
 [array(['2022-09-27,18:24:32'], dtype='<U19')]
 [array(['2022-09-27,18:24:33'], dtype='<U19')]
 [array(['2022-09-27,18:24:33'], dtype='<U19')]]","[[0.   ]
 [0.017]
 [0.034]
 ...
 [4.986]
 [5.001]
 [5.001]]","[[3.3983]
 [3.4255]
 [3.4392]
 ...
 [3.2367]
 [3.2368]
 [3.2368]]","[[3.9994]
 [4.    ]
 [4.    ]
 ...
 [0.    ]
 [0.    ]
 [0.    ]]","[[0.   ]
 [0.001]
 [0.002]
 ...
 [0.   ]
 [0.   ]
 [0.   ]]","[[0.   ]
 [0.004]
 [0.008]
 ...
 [0.   ]
 [0.   ]
 [0.   ]]","[[27.1]
 [27.1]
 [27.1]
 ...
 [26.9]
 [27. ]
 [27. ]]",['2C charge and 1C discharge']
"[[array(['2022-09-27,18:24:34'], dtype='<U19')]
 [array(['2022-09-27,18:24:35'], dtype='<U19')]
 [array(['2022-09-27,18:24:36'], dtype='<U19')]
 ...
 [array(['2022-09-27,20:23:08'], dtype='<U19')]
 [array(['2022-09-27,20:23:08'], dtype='<U19')]
 [array(['2022-09-27,20:23:08'], dtype='<U19')]]","[[0.   ]
 [0.017]
 [0.034]
 ...
 [4.999]
 [5.   ]
 [5.   ]]","[[3.3994]
 [3.4284]
 [3.442 ]
 ...
 [3.2373]
 [3.2373]
 [3.2373]]","[[3.9994]
 [4.    ]
 [4.    ]
 ...
 [0.    ]
 [0.    ]
 [0.    ]]","[[0.   ]
 [0.001]
 [0.002]
 ...
 [0.   ]
 [0.   ]
 [0.   ]]","[[0.   ]
 [0.004]
 [0.008]
 ...
 [0.   ]
 [0.   ]
 [0.   ]]","[[26.9]
 [26.9]
 [26.9]
 ...
 [27. ]
 [27. ]
 [27. ]]",['2C charge and 1C discharge']
"[[array(['2022-09-27,20:23:09'], dtype='<U19')]
 [array(['2022-09-27,20:23:10'], dtype='<U19')]
 [array(['2022-09-27,20:23:12'], dtype='<U19')]
 ...
 [array(['2022-09-27,22:21:46'], dtype='<U19')]
 [array(['2022-09-27,22:21:47'], dtype='<U19')]
 [array(['2022-09-27,22:21:47'], dtype='<U19')]]","[[0.   ]
 [0.017]
 [0.034]
 ...
 [4.983]
 [5.   ]
 [5.   ]]","[[3.3997]
 [3.4283]
 [3.4417]
 ...
 [3.2374]
 [3.2376]
 [3.2377]]","[[3.9994]
 [4.    ]
 [4.    ]
 ...
 [0.    ]
 [0.    ]
 [0.    ]]","[[0.   ]
 [0.001]
 [0.002]
 ...
 [0.   ]
 [0.   ]
 [0.   ]]","[[0.   ]
 [0.004]
 [0.008]
 ...
 [0.   ]
 [0.   ]
 [0.   ]]","[[27. ]
 [27. ]
 [27. ]
 ...
 [26.9]
 [26.8]
 [26.8]]",['2C charge and 1C discharge']
"[[array(['2022-09-27,22:21:48'], dtype='<U19')]
 [array(['2022-09-27,22:21:49'], dtype='<U19')]
 [array(['2022-09-27,22:21:50'], dtype='<U19')]
 ...
 [array(['2022-09-28,00:20:22'], dtype='<U19')]
 [array(['2022-09-28,00:20:22'], dtype='<U19')]
 [array(['2022-09-28,00:20:22'], dtype='<U19')]]","[[0.   ]
 [0.017]
 [0.034]
 ...
 [5.   ]
 [5.001]
 [5.001]]","[[3.4011]
 [3.4286]
 [3.4426]
 ...
 [3.2373]
 [3.2373]
 [3.2373]]","[[3.9994]
 [4.    ]
 [4.    ]
 ...
 [0.    ]
 [0.    ]
 [0.    ]]","[[0.   ]
 [0.001]
 [0.002]
 ...
 [0.   ]
 [0.   ]
 [0.   ]]","[[0.   ]
 [0.004]
 [0.008]
 ...
 [0.   ]
 [0.   ]
 [0.   ]]","[[26.9]
 [26.9]
 [26.8]
 ...
 [26.9]
 [26.9]
 [26.9]]",['2C charge and 1C discharge']
"[[array(['2022-09-28,00:20:23'], dtype='<U19')]
 [array(['2022-09-28,00:20:24'], dtype='<U19')]
 [array(['2022-09-28,00:20:25'], dtype='<U19')]
 ...
 [array(['2022-09-28,02:18:52'], dtype='<U19')]
 [array(['2022-09-28,02:18:53'], dtype='<U19')]
 [array(['2022-09-28,02:18:53'], dtype='<U19')]]","[[0.   ]
 [0.017]
 [0.034]
 ...
 [4.983]
 [5.   ]
 [5.   ]]","[[3.4003]
 [3.429 ]
 [3.4423]
 ...
 [3.2373]
 [3.2374]
 [3.2374]]","[[3.9994]
 [4.    ]
 [4.    ]
 ...
 [0.    ]
 [0.    ]
 [0.    ]]","[[0.   ]
 [0.001]
 [0.002]
 ...
 [0.   ]
 [0.   ]
 [0.   ]]","[[0.   ]
 [0.004]
 [0.008]
 ...
 [0.   ]
 [0.   ]
 [0.   ]]","[[26.9]
 [26.9]
 [26.8]
 ...
 [26.9]
 [26.9]
 [26.9]]",['2C charge and 1C discharge']
"[[array(['2022-09-28,02:18:54'], dtype='<U19')]
 [array(['2022-09-28,02:18:55'], dtype='<U19')]
 [array(['2022-09-28,02:18:56'], dtype='<U19')]
 ...
 [array(['2022-09-28,04:17:24'], dtype='<U19')]
 [array(['2022-09-28,04:17:24'], dtype='<U19')]
 [array(['2022-09-28,04:17:24'], dtype='<U19')]]","[[0.   ]
 [0.017]
 [0.034]
 ...
 [4.998]
 [5.001]
 [5.001]]","[[3.4014]
 [3.4286]
 [3.4424]
 ...
 [3.239 ]
 [3.239 ]
 [3.239 ]]","[[3.9994]
 [4.    ]
 [4.    ]
 ...
 [0.    ]
 [0.    ]
 [0.    ]]","[[0.   ]
 [0.001]
 [0.002]
 ...
 [0.   ]
 [0.   ]
 [0.   ]]","[[0.   ]
 [0.004]
 [0.008]
 ...
 [0.   ]
 [0.   ]
 [0.   ]]","[[26.9]
 [26.9]
 [26.9]
 ...
 [26.8]
 [26.8]
 [26.8]]",['2C charge and 1C discharge']
"[[array(['2022-09-28,04:17:25'], dtype='<U19')]
 [array(['2022-09-28,04:17:26'], dtype='<U19')]
 [array(['2022-09-28,04:17:27'], dtype='<U19')]
 ...
 [array(['2022-09-28,06:15:51'], dtype='<U19')]
 [array(['2022-09-28,06:15:52'], dtype='<U19')]
 [array(['2022-09-28,06:15:52'], dtype='<U19')]]","[[0.   ]
 [0.017]
 [0.034]
 ...
 [4.986]
 [5.   ]
 [5.   ]]","[[3.4031]
 [3.4307]
 [3.4446]
 ...
 [3.2388]
 [3.2388]
 [3.2388]]","[[3.9994]
 [4.    ]
 [4.    ]
 ...
 [0.    ]
 [0.    ]
 [0.    ]]","[[0.   ]
 [0.001]
 [0.002]
 ...
 [0.   ]
 [0.   ]
 [0.   ]]","[[0.   ]
 [0.004]
 [0.008]
 ...
 [0.   ]
 [0.   ]
 [0.   ]]","[[26.8]
 [26.8]
 [26.8]
 ...
 [26.8]
 [26.8]
 [26.8]]",['2C charge and 1C discharge']
"[[array(['2022-09-28,06:15:53'], dtype='<U19')]
 [array(['2022-09-28,06:15:54'], dtype='<U19')]
 [array(['2022-09-28,06:15:55'], dtype='<U19')]
 ...
 [array(['2022-09-28,08:14:22'], dtype='<U19')]
 [array(['2022-09-28,08:14:22'], dtype='<U19')]
 [array(['2022-09-28,08:14:22'], dtype='<U19')]]","[[0.   ]
 [0.017]
 [0.034]
 ...
 [4.999]
 [5.   ]
 [5.   ]]","[[3.4023]
 [3.4303]
 [3.4444]
 ...
 [3.24  ]
 [3.24  ]
 [3.24  ]]","[[3.9994]
 [4.    ]
 [4.    ]
 ...
 [0.    ]
 [0.    ]
 [0.    ]]","[[0.   ]
 [0.001]
 [0.002]
 ...
 [0.   ]
 [0.   ]
 [0.   ]]","[[0.   ]
 [0.004]
 [0.008]
 ...
 [0.   ]
 [0.   ]
 [0.   ]]","[[26.8]
 [26.8]
 [26.7]
 ...
 [26.8]
 [26.8]
 [26.8]]",['2C charge and 1C discharge']
"[[array(['2022-09-28,08:14:23'], dtype='<U19')]
 [array(['2022-09-28,08:14:24'], dtype='<U19')]
 [array(['2022-09-28,08:14:25'], dtype='<U19')]
 ...
 [array(['2022-09-28,10:13:17'], dtype='<U19')]
 [array(['2022-09-28,10:13:17'], dtype='<U19')]
 [array(['2022-09-28,10:13:17'], dtype='<U19')]]","[[0.   ]
 [0.017]
 [0.034]
 ...
 [4.999]
 [5.001]
 [5.001]]","[[3.4032]
 [3.4317]
 [3.4458]
 ...
 [3.2313]
 [3.2314]
 [3.2314]]","[[3.9994]
 [3.9999]
 [4.    ]
 ...
 [0.    ]
 [0.    ]
 [0.    ]]","[[0.   ]
 [0.001]
 [0.002]
 ...
 [0.   ]
 [0.   ]
 [0.   ]]","[[0.   ]
 [0.004]
 [0.008]
 ...
 [0.   ]
 [0.   ]
 [0.   ]]","[[26.8]
 [26.8]
 [26.7]
 ...
 [27.3]
 [27.2]
 [27.2]]",['2C charge and 1C discharge']
"[[array(['2022-09-28,10:13:18'], dtype='<U19')]
 [array(['2022-09-28,10:13:19'], dtype='<U19')]
 [array(['2022-09-28,10:13:20'], dtype='<U19')]
 ...
 [array(['2022-09-28,12:11:31'], dtype='<U19')]
 [array(['2022-09-28,12:11:32'], dtype='<U19')]
 [array(['2022-09-28,12:11:32'], dtype='<U19')]]","[[0.   ]
 [0.017]
 [0.034]
 ...
 [4.984]
 [5.001]
 [5.001]]","[[3.394 ]
 [3.4214]
 [3.4355]
 ...
 [3.2257]
 [3.2259]
 [3.2259]]","[[3.9994]
 [3.9999]
 [4.    ]
 ...
 [0.    ]
 [0.    ]
 [0.    ]]","[[0.   ]
 [0.001]
 [0.002]
 ...
 [0.   ]
 [0.   ]
 [0.   ]]","[[0.   ]
 [0.004]
 [0.008]
 ...
 [0.   ]
 [0.   ]
 [0.   ]]","[[27.2]
 [27.3]
 [27.2]
 ...
 [27.6]
 [27.6]
 [27.6]]",['2C charge and 1C discharge']
"[[array(['2022-09-28,12:11:33'], dtype='<U19')]
 [array(['2022-09-28,12:11:34'], dtype='<U19')]
 [array(['2022-09-28,12:11:35'], dtype='<U19')]
 ...
 [array(['2022-09-28,14:09:41'], dtype='<U19')]
 [array(['2022-09-28,14:09:41'], dtype='<U19')]
 [array(['2022-09-28,14:09:41'], dtype='<U19')]]","[[0.   ]
 [0.017]
 [0.034]
 ...
 [4.999]
 [5.   ]
 [5.   ]]","[[3.3869]
 [3.4154]
 [3.429 ]
 ...
 [3.2283]
 [3.2283]
 [3.2283]]","[[3.9994]
 [4.    ]
 [4.    ]
 ...
 [0.    ]
 [0.    ]
 [0.    ]]","[[0.   ]
 [0.001]
 [0.002]
 ...
 [0.   ]
 [0.   ]
 [0.   ]]","[[0.   ]
 [0.004]
 [0.008]
 ...
 [0.   ]
 [0.   ]
 [0.   ]]","[[27.6]
 [27.5]
 [27.5]
 ...
 [27.4]
 [27.4]
 [27.4]]",['2C charge and 1C discharge']
"[[array(['2022-09-28,14:09:42'], dtype='<U19')]
 [array(['2022-09-28,14:09:43'], dtype='<U19')]
 [array(['2022-09-28,14:09:44'], dtype='<U19')]
 ...
 [array(['2022-09-28,16:08:07'], dtype='<U19')]
 [array(['2022-09-28,16:08:07'], dtype='<U19')]
 [array(['2022-09-28,16:08:07'], dtype='<U19')]]","[[0.   ]
 [0.017]
 [0.034]
 ...
 [4.995]
 [5.   ]
 [5.   ]]","[[3.3915]
 [3.4187]
 [3.4321]
 ...
 [3.2259]
 [3.2259]
 [3.226 ]]","[[3.9994]
 [4.    ]
 [4.    ]
 ...
 [0.    ]
 [0.    ]
 [0.    ]]","[[0.   ]
 [0.001]
 [0.002]
 ...
 [0.   ]
 [0.   ]
 [0.   ]]","[[0.   ]
 [0.004]
 [0.008]
 ...
 [0.   ]
 [0.   ]
 [0.   ]]","[[27.4]
 [27.4]
 [27.4]
 ...
 [27.4]
 [27.4]
 [27.4]]",['2C charge and 1C discharge']
"[[array(['2022-09-28,16:08:08'], dtype='<U19')]
 [array(['2022-09-28,16:08:09'], dtype='<U19')]
 [array(['2022-09-28,16:08:10'], dtype='<U19')]
 ...
 [array(['2022-09-28,18:06:35'], dtype='<U19')]
 [array(['2022-09-28,18:06:36'], dtype='<U19')]
 [array(['2022-09-28,18:06:36'], dtype='<U19')]]","[[0.   ]
 [0.017]
 [0.034]
 ...
 [4.987]
 [5.   ]
 [5.   ]]","[[3.3875]
 [3.4155]
 [3.4298]
 ...
 [3.2333]
 [3.2334]
 [3.2334]]","[[3.9994]
 [4.    ]
 [4.    ]
 ...
 [0.    ]
 [0.    ]
 [0.    ]]","[[0.   ]
 [0.001]
 [0.002]
 ...
 [0.   ]
 [0.   ]
 [0.   ]]","[[0.   ]
 [0.004]
 [0.008]
 ...
 [0.   ]
 [0.   ]
 [0.   ]]","[[27.5]
 [27.5]
 [27.5]
 ...
 [27. ]
 [27. ]
 [27. ]]",['2C charge and 1C discharge']
"[[array(['2022-09-28,18:06:37'], dtype='<U19')]
 [array(['2022-09-28,18:06:38'], dtype='<U19')]
 [array(['2022-09-28,18:06:39'], dtype='<U19')]
 ...
 [array(['2022-09-28,20:05:11'], dtype='<U19')]
 [array(['2022-09-28,20:05:11'], dtype='<U19')]
 [array(['2022-09-28,20:05:11'], dtype='<U19')]]","[[0.   ]
 [0.017]
 [0.035]
 ...
 [5.   ]
 [5.   ]
 [5.   ]]","[[3.3975]
 [3.4254]
 [3.44  ]
 ...
 [3.2317]
 [3.2317]
 [3.2317]]","[[3.9994]
 [4.    ]
 [4.    ]
 ...
 [0.    ]
 [0.    ]
 [0.    ]]","[[0.   ]
 [0.001]
 [0.002]
 ...
 [0.   ]
 [0.   ]
 [0.   ]]","[[0.   ]
 [0.004]
 [0.008]
 ...
 [0.   ]
 [0.   ]
 [0.   ]]","[[26.9]
 [27. ]
 [27. ]
 ...
 [27.1]
 [27.1]
 [27.1]]",['2C charge and 1C discharge']
"[[array(['2022-09-28,20:05:12'], dtype='<U19')]
 [array(['2022-09-28,20:05:13'], dtype='<U19')]
 [array(['2022-09-28,20:05:14'], dtype='<U19')]
 ...
 [array(['2022-09-28,22:03:43'], dtype='<U19')]
 [array(['2022-09-28,22:03:43'], dtype='<U19')]
 [array(['2022-09-28,22:03:43'], dtype='<U19')]]","[[0.   ]
 [0.017]
 [0.034]
 ...
 [5.   ]
 [5.001]
 [5.001]]","[[3.3947]
 [3.423 ]
 [3.4378]
 ...
 [3.2313]
 [3.2313]
 [3.2313]]","[[3.9994]
 [4.    ]
 [4.    ]
 ...
 [0.    ]
 [0.    ]
 [0.    ]]","[[0.   ]
 [0.001]
 [0.002]
 ...
 [0.   ]
 [0.   ]
 [0.   ]]","[[0.   ]
 [0.004]
 [0.008]
 ...
 [0.   ]
 [0.   ]
 [0.   ]]","[[27.1]
 [27.1]
 [27.1]
 ...
 [27.1]
 [27.1]
 [27.1]]",['2C charge and 1C discharge']
"[[array(['2022-09-28,22:03:44'], dtype='<U19')]
 [array(['2022-09-28,22:03:45'], dtype='<U19')]
 [array(['2022-09-28,22:03:46'], dtype='<U19')]
 ...
 [array(['2022-09-29,00:02:14'], dtype='<U19')]
 [array(['2022-09-29,00:02:15'], dtype='<U19')]
 [array(['2022-09-29,00:02:15'], dtype='<U19')]]","[[0.   ]
 [0.017]
 [0.034]
 ...
 [4.984]
 [5.   ]
 [5.   ]]","[[3.3927]
 [3.4223]
 [3.4367]
 ...
 [3.234 ]
 [3.2342]
 [3.2342]]","[[3.9991]
 [4.    ]
 [4.    ]
 ...
 [0.    ]
 [0.    ]
 [0.    ]]","[[0.   ]
 [0.001]
 [0.002]
 ...
 [0.   ]
 [0.   ]
 [0.   ]]","[[0.   ]
 [0.004]
 [0.008]
 ...
 [0.   ]
 [0.   ]
 [0.   ]]","[[27.1]
 [27. ]
 [27.1]
 ...
 [27. ]
 [27. ]
 [27. ]]",['2C charge and 1C discharge']
"[[array(['2022-09-29,00:02:16'], dtype='<U19')]
 [array(['2022-09-29,00:02:17'], dtype='<U19')]
 [array(['2022-09-29,00:02:18'], dtype='<U19')]
 ...
 [array(['2022-09-29,02:00:38'], dtype='<U19')]
 [array(['2022-09-29,02:00:38'], dtype='<U19')]
 [array(['2022-09-29,02:00:38'], dtype='<U19')]]","[[0.   ]
 [0.017]
 [0.034]
 ...
 [4.999]
 [5.   ]
 [5.   ]]","[[3.3987]
 [3.4263]
 [3.4406]
 ...
 [3.2327]
 [3.2327]
 [3.2327]]","[[3.9994]
 [4.    ]
 [4.    ]
 ...
 [0.    ]
 [0.    ]
 [0.    ]]","[[0.   ]
 [0.001]
 [0.002]
 ...
 [0.   ]
 [0.   ]
 [0.   ]]","[[0.   ]
 [0.004]
 [0.008]
 ...
 [0.   ]
 [0.   ]
 [0.   ]]","[[27.]
 [27.]
 [27.]
 ...
 [27.]
 [27.]
 [27.]]",['2C charge and 1C discharge']
"[[array(['2022-09-29,02:00:39'], dtype='<U19')]
 [array(['2022-09-29,02:00:40'], dtype='<U19')]
 [array(['2022-09-29,02:00:41'], dtype='<U19')]
 ...
 [array(['2022-09-29,03:59:03'], dtype='<U19')]
 [array(['2022-09-29,03:59:03'], dtype='<U19')]
 [array(['2022-09-29,03:59:03'], dtype='<U19')]]","[[0.   ]
 [0.017]
 [0.035]
 ...
 [4.997]
 [5.001]
 [5.001]]","[[3.3958]
 [3.4249]
 [3.439 ]
 ...
 [3.233 ]
 [3.233 ]
 [3.233 ]]","[[3.9994]
 [4.    ]
 [4.    ]
 ...
 [0.    ]
 [0.    ]
 [0.    ]]","[[0.   ]
 [0.001]
 [0.002]
 ...
 [0.   ]
 [0.   ]
 [0.   ]]","[[0.   ]
 [0.004]
 [0.008]
 ...
 [0.   ]
 [0.   ]
 [0.   ]]","[[27.]
 [27.]
 [27.]
 ...
 [27.]
 [27.]
 [27.]]",['2C charge and 1C discharge']
"[[array(['2022-09-29,03:59:04'], dtype='<U19')]
 [array(['2022-09-29,03:59:05'], dtype='<U19')]
 [array(['2022-09-29,03:59:06'], dtype='<U19')]
 ...
 [array(['2022-09-29,05:57:25'], dtype='<U19')]
 [array(['2022-09-29,05:57:25'], dtype='<U19')]
 [array(['2022-09-29,05:57:25'], dtype='<U19')]]","[[0.   ]
 [0.017]
 [0.034]
 ...
 [4.997]
 [5.   ]
 [5.   ]]","[[3.3958]
 [3.4247]
 [3.4392]
 ...
 [3.234 ]
 [3.234 ]
 [3.234 ]]","[[3.9994]
 [3.9999]
 [4.    ]
 ...
 [0.    ]
 [0.    ]
 [0.    ]]","[[0.   ]
 [0.001]
 [0.002]
 ...
 [0.   ]
 [0.   ]
 [0.   ]]","[[0.   ]
 [0.004]
 [0.008]
 ...
 [0.   ]
 [0.   ]
 [0.   ]]","[[26.9]
 [26.9]
 [26.9]
 ...
 [26.9]
 [26.9]
 [26.9]]",['2C charge and 1C discharge']
"[[array(['2022-09-29,05:57:26'], dtype='<U19')]
 [array(['2022-09-29,05:57:27'], dtype='<U19')]
 [array(['2022-09-29,05:57:28'], dtype='<U19')]
 ...
 [array(['2022-09-29,07:55:47'], dtype='<U19')]
 [array(['2022-09-29,07:55:47'], dtype='<U19')]
 [array(['2022-09-29,07:55:47'], dtype='<U19')]]","[[0.   ]
 [0.017]
 [0.034]
 ...
 [4.997]
 [5.001]
 [5.001]]","[[3.3978]
 [3.4257]
 [3.4403]
 ...
 [3.2347]
 [3.2347]
 [3.2347]]","[[3.9991]
 [4.    ]
 [4.    ]
 ...
 [0.    ]
 [0.    ]
 [0.    ]]","[[0.   ]
 [0.001]
 [0.002]
 ...
 [0.   ]
 [0.   ]
 [0.   ]]","[[0.   ]
 [0.004]
 [0.008]
 ...
 [0.   ]
 [0.   ]
 [0.   ]]","[[26.9]
 [26.9]
 [26.8]
 ...
 [26.7]
 [26.8]
 [26.8]]",['2C charge and 1C discharge']
"[[array(['2022-09-29,07:55:48'], dtype='<U19')]
 [array(['2022-09-29,07:55:49'], dtype='<U19')]
 [array(['2022-09-29,07:55:50'], dtype='<U19')]
 ...
 [array(['2022-09-29,09:54:27'], dtype='<U19')]
 [array(['2022-09-29,09:54:27'], dtype='<U19')]
 [array(['2022-09-29,09:54:27'], dtype='<U19')]]","[[0.   ]
 [0.017]
 [0.034]
 ...
 [4.997]
 [5.   ]
 [5.   ]]","[[3.3981]
 [3.428 ]
 [3.4418]
 ...
 [3.2297]
 [3.2297]
 [3.2297]]","[[3.9994]
 [3.9999]
 [4.    ]
 ...
 [0.    ]
 [0.    ]
 [0.    ]]","[[0.   ]
 [0.001]
 [0.002]
 ...
 [0.   ]
 [0.   ]
 [0.   ]]","[[0.   ]
 [0.004]
 [0.008]
 ...
 [0.   ]
 [0.   ]
 [0.   ]]","[[26.8]
 [26.7]
 [26.8]
 ...
 [27.2]
 [27.2]
 [27.2]]",['2C charge and 1C discharge']
"[[array(['2022-09-29,09:54:28'], dtype='<U19')]
 [array(['2022-09-29,09:54:29'], dtype='<U19')]
 [array(['2022-09-29,09:54:30'], dtype='<U19')]
 ...
 [array(['2022-09-29,11:52:40'], dtype='<U19')]
 [array(['2022-09-29,11:52:40'], dtype='<U19')]
 [array(['2022-09-29,11:52:40'], dtype='<U19')]]","[[0.   ]
 [0.017]
 [0.034]
 ...
 [4.997]
 [5.   ]
 [5.   ]]","[[3.3926]
 [3.4209]
 [3.4349]
 ...
 [3.2144]
 [3.2145]
 [3.2145]]","[[3.9994]
 [3.9999]
 [4.    ]
 ...
 [0.    ]
 [0.    ]
 [0.    ]]","[[0.   ]
 [0.001]
 [0.002]
 ...
 [0.   ]
 [0.   ]
 [0.   ]]","[[0.   ]
 [0.004]
 [0.008]
 ...
 [0.   ]
 [0.   ]
 [0.   ]]","[[27.2]
 [27.2]
 [27.2]
 ...
 [28.2]
 [28.2]
 [28.2]]",['2C charge and 1C discharge']
"[[array(['2022-09-29,11:52:41'], dtype='<U19')]
 [array(['2022-09-29,11:52:42'], dtype='<U19')]
 [array(['2022-09-29,11:52:43'], dtype='<U19')]
 ...
 [array(['2022-09-29,13:50:31'], dtype='<U19')]
 [array(['2022-09-29,13:50:31'], dtype='<U19')]
 [array(['2022-09-29,13:50:31'], dtype='<U19')]]","[[0.   ]
 [0.017]
 [0.034]
 ...
 [4.999]
 [5.001]
 [5.001]]","[[3.3743]
 [3.4023]
 [3.4167]
 ...
 [3.2091]
 [3.2091]
 [3.2091]]","[[3.9994]
 [4.    ]
 [4.    ]
 ...
 [0.    ]
 [0.    ]
 [0.    ]]","[[0.   ]
 [0.001]
 [0.002]
 ...
 [0.   ]
 [0.   ]
 [0.   ]]","[[0.   ]
 [0.004]
 [0.008]
 ...
 [0.   ]
 [0.   ]
 [0.   ]]","[[28.2]
 [28.2]
 [28.2]
 ...
 [28.6]
 [28.6]
 [28.6]]",['2C charge and 1C discharge']
"[[array(['2022-09-29,13:50:32'], dtype='<U19')]
 [array(['2022-09-29,13:50:33'], dtype='<U19')]
 [array(['2022-09-29,13:50:34'], dtype='<U19')]
 ...
 [array(['2022-09-29,15:48:10'], dtype='<U19')]
 [array(['2022-09-29,15:48:11'], dtype='<U19')]
 [array(['2022-09-29,15:48:11'], dtype='<U19')]]","[[0.   ]
 [0.017]
 [0.034]
 ...
 [4.984]
 [5.   ]
 [5.   ]]","[[3.3678]
 [3.396 ]
 [3.4104]
 ...
 [3.2142]
 [3.2144]
 [3.2144]]","[[3.9994]
 [3.9999]
 [4.    ]
 ...
 [0.    ]
 [0.    ]
 [0.    ]]","[[0.   ]
 [0.001]
 [0.002]
 ...
 [0.   ]
 [0.   ]
 [0.   ]]","[[0.   ]
 [0.004]
 [0.008]
 ...
 [0.   ]
 [0.   ]
 [0.   ]]","[[28.5]
 [28.5]
 [28.5]
 ...
 [28.2]
 [28.2]
 [28.2]]",['2C charge and 1C discharge']
"[[array(['2022-09-29,15:48:12'], dtype='<U19')]
 [array(['2022-09-29,15:48:13'], dtype='<U19')]
 [array(['2022-09-29,15:48:15'], dtype='<U19')]
 ...
 [array(['2022-09-29,17:46:10'], dtype='<U19')]
 [array(['2022-09-29,17:46:10'], dtype='<U19')]
 [array(['2022-09-29,17:46:10'], dtype='<U19')]]","[[0.   ]
 [0.017]
 [0.035]
 ...
 [5.   ]
 [5.   ]
 [5.   ]]","[[3.3757]
 [3.4034]
 [3.4166]
 ...
 [3.2164]
 [3.2164]
 [3.2164]]","[[3.9994]
 [4.    ]
 [4.    ]
 ...
 [0.    ]
 [0.    ]
 [0.    ]]","[[0.   ]
 [0.001]
 [0.002]
 ...
 [0.   ]
 [0.   ]
 [0.   ]]","[[0.   ]
 [0.004]
 [0.008]
 ...
 [0.   ]
 [0.   ]
 [0.   ]]","[[28.2]
 [28.1]
 [28.1]
 ...
 [27.9]
 [27.9]
 [27.9]]",['2C charge and 1C discharge']
"[[array(['2022-09-29,17:46:11'], dtype='<U19')]
 [array(['2022-09-29,17:46:12'], dtype='<U19')]
 [array(['2022-09-29,17:46:13'], dtype='<U19')]
 ...
 [array(['2022-09-29,19:44:10'], dtype='<U19')]
 [array(['2022-09-29,19:44:10'], dtype='<U19')]
 [array(['2022-09-29,19:44:10'], dtype='<U19')]]","[[0.   ]
 [0.017]
 [0.034]
 ...
 [4.997]
 [5.001]
 [5.001]]","[[3.3778]
 [3.4058]
 [3.4204]
 ...
 [3.2188]
 [3.2188]
 [3.2188]]","[[3.9994]
 [3.9999]
 [4.    ]
 ...
 [0.    ]
 [0.    ]
 [0.    ]]","[[0.   ]
 [0.001]
 [0.002]
 ...
 [0.   ]
 [0.   ]
 [0.   ]]","[[0.   ]
 [0.004]
 [0.008]
 ...
 [0.   ]
 [0.   ]
 [0.   ]]","[[27.9]
 [27.9]
 [27.9]
 ...
 [27.8]
 [27.7]
 [27.7]]",['2C charge and 1C discharge']
"[[array(['2022-09-29,19:44:11'], dtype='<U19')]
 [array(['2022-09-29,19:44:12'], dtype='<U19')]
 [array(['2022-09-29,19:44:13'], dtype='<U19')]
 ...
 [array(['2022-09-29,21:42:15'], dtype='<U19')]
 [array(['2022-09-29,21:42:15'], dtype='<U19')]
 [array(['2022-09-29,21:42:15'], dtype='<U19')]]","[[0.   ]
 [0.017]
 [0.034]
 ...
 [4.997]
 [5.   ]
 [5.   ]]","[[3.3801]
 [3.4087]
 [3.4232]
 ...
 [3.2199]
 [3.2199]
 [3.2199]]","[[3.9994]
 [4.    ]
 [4.    ]
 ...
 [0.    ]
 [0.    ]
 [0.    ]]","[[0.   ]
 [0.001]
 [0.002]
 ...
 [0.   ]
 [0.   ]
 [0.   ]]","[[0.   ]
 [0.004]
 [0.008]
 ...
 [0.   ]
 [0.   ]
 [0.   ]]","[[27.7]
 [27.8]
 [27.7]
 ...
 [27.7]
 [27.6]
 [27.6]]",['2C charge and 1C discharge']
"[[array(['2022-09-29,21:42:16'], dtype='<U19')]
 [array(['2022-09-29,21:42:17'], dtype='<U19')]
 [array(['2022-09-29,21:42:18'], dtype='<U19')]
 ...
 [array(['2022-09-29,23:40:21'], dtype='<U19')]
 [array(['2022-09-29,23:40:22'], dtype='<U19')]
 [array(['2022-09-29,23:40:23'], dtype='<U19')]]","[[0.   ]
 [0.017]
 [0.034]
 ...
 [4.984]
 [5.001]
 [5.001]]","[[3.3818]
 [3.4103]
 [3.4249]
 ...
 [3.221 ]
 [3.2211]
 [3.2213]]","[[3.9991]
 [3.9999]
 [4.    ]
 ...
 [0.    ]
 [0.    ]
 [0.    ]]","[[0.   ]
 [0.001]
 [0.002]
 ...
 [0.   ]
 [0.   ]
 [0.   ]]","[[0.   ]
 [0.004]
 [0.008]
 ...
 [0.   ]
 [0.   ]
 [0.   ]]","[[27.6]
 [27.6]
 [27.6]
 ...
 [27.6]
 [27.6]
 [27.6]]",['2C charge and 1C discharge']
"[[array(['2022-09-29,23:40:24'], dtype='<U19')]
 [array(['2022-09-29,23:40:25'], dtype='<U19')]
 [array(['2022-09-29,23:40:26'], dtype='<U19')]
 ...
 [array(['2022-09-30,01:38:31'], dtype='<U19')]
 [array(['2022-09-30,01:38:32'], dtype='<U19')]
 [array(['2022-09-30,01:38:32'], dtype='<U19')]]","[[0.   ]
 [0.017]
 [0.034]
 ...
 [4.998]
 [5.001]
 [5.001]]","[[3.3838]
 [3.4114]
 [3.4266]
 ...
 [3.2223]
 [3.2223]
 [3.2223]]","[[3.9991]
 [3.9999]
 [4.    ]
 ...
 [0.    ]
 [0.    ]
 [0.    ]]","[[0.   ]
 [0.001]
 [0.002]
 ...
 [0.   ]
 [0.   ]
 [0.   ]]","[[0.   ]
 [0.004]
 [0.008]
 ...
 [0.   ]
 [0.   ]
 [0.   ]]","[[27.6]
 [27.6]
 [27.6]
 ...
 [27.5]
 [27.5]
 [27.5]]",['2C charge and 1C discharge']
"[[array(['2022-09-30,01:38:33'], dtype='<U19')]
 [array(['2022-09-30,01:38:34'], dtype='<U19')]
 [array(['2022-09-30,01:38:35'], dtype='<U19')]
 ...
 [array(['2022-09-30,03:36:41'], dtype='<U19')]
 [array(['2022-09-30,03:36:42'], dtype='<U19')]
 [array(['2022-09-30,03:36:42'], dtype='<U19')]]","[[0.   ]
 [0.017]
 [0.034]
 ...
 [4.999]
 [5.   ]
 [5.   ]]","[[3.3843]
 [3.4132]
 [3.428 ]
 ...
 [3.2227]
 [3.2227]
 [3.2227]]","[[3.9994]
 [3.9999]
 [4.    ]
 ...
 [0.    ]
 [0.    ]
 [0.    ]]","[[0.   ]
 [0.001]
 [0.002]
 ...
 [0.   ]
 [0.   ]
 [0.   ]]","[[0.   ]
 [0.004]
 [0.008]
 ...
 [0.   ]
 [0.   ]
 [0.   ]]","[[27.5]
 [27.5]
 [27.5]
 ...
 [27.5]
 [27.5]
 [27.5]]",['2C charge and 1C discharge']
"[[array(['2022-09-30,03:36:43'], dtype='<U19')]
 [array(['2022-09-30,03:36:44'], dtype='<U19')]
 [array(['2022-09-30,03:36:45'], dtype='<U19')]
 ...
 [array(['2022-09-30,05:34:55'], dtype='<U19')]
 [array(['2022-09-30,05:34:56'], dtype='<U19')]
 [array(['2022-09-30,05:34:56'], dtype='<U19')]]","[[0.   ]
 [0.017]
 [0.034]
 ...
 [4.984]
 [5.   ]
 [5.   ]]","[[3.3844]
 [3.4135]
 [3.4286]
 ...
 [3.2231]
 [3.2231]
 [3.2233]]","[[3.9994]
 [3.9999]
 [4.    ]
 ...
 [0.    ]
 [0.    ]
 [0.    ]]","[[0.   ]
 [0.001]
 [0.002]
 ...
 [0.   ]
 [0.   ]
 [0.   ]]","[[0.   ]
 [0.004]
 [0.008]
 ...
 [0.   ]
 [0.   ]
 [0.   ]]","[[27.5]
 [27.5]
 [27.5]
 ...
 [27.5]
 [27.5]
 [27.5]]",['2C charge and 1C discharge']
"[[array(['2022-09-30,05:34:57'], dtype='<U19')]
 [array(['2022-09-30,05:34:58'], dtype='<U19')]
 [array(['2022-09-30,05:34:59'], dtype='<U19')]
 ...
 [array(['2022-09-30,07:33:09'], dtype='<U19')]
 [array(['2022-09-30,07:33:10'], dtype='<U19')]
 [array(['2022-09-30,07:33:10'], dtype='<U19')]]","[[0.   ]
 [0.017]
 [0.034]
 ...
 [4.983]
 [5.001]
 [5.001]]","[[3.3851]
 [3.415 ]
 [3.4292]
 ...
 [3.224 ]
 [3.2242]
 [3.2242]]","[[3.9994]
 [3.9999]
 [4.    ]
 ...
 [0.    ]
 [0.    ]
 [0.    ]]","[[0.   ]
 [0.001]
 [0.002]
 ...
 [0.   ]
 [0.   ]
 [0.   ]]","[[0.   ]
 [0.004]
 [0.008]
 ...
 [0.   ]
 [0.   ]
 [0.   ]]","[[27.5]
 [27.5]
 [27.5]
 ...
 [27.4]
 [27.4]
 [27.4]]",['2C charge and 1C discharge']
"[[array(['2022-09-30,07:33:11'], dtype='<U19')]
 [array(['2022-09-30,07:33:13'], dtype='<U19')]
 [array(['2022-09-30,07:33:14'], dtype='<U19')]
 ...
 [array(['2022-09-30,09:31:29'], dtype='<U19')]
 [array(['2022-09-30,09:31:29'], dtype='<U19')]
 [array(['2022-09-30,09:31:29'], dtype='<U19')]]","[[0.   ]
 [0.017]
 [0.034]
 ...
 [5.   ]
 [5.   ]
 [5.   ]]","[[3.3867]
 [3.4157]
 [3.4303]
 ...
 [3.2225]
 [3.2225]
 [3.2225]]","[[3.9994]
 [3.9999]
 [4.    ]
 ...
 [0.    ]
 [0.    ]
 [0.    ]]","[[0.   ]
 [0.001]
 [0.002]
 ...
 [0.   ]
 [0.   ]
 [0.   ]]","[[0.   ]
 [0.004]
 [0.008]
 ...
 [0.   ]
 [0.   ]
 [0.   ]]","[[27.4]
 [27.4]
 [27.4]
 ...
 [27.5]
 [27.5]
 [27.5]]",['2C charge and 1C discharge']
"[[array(['2022-09-30,09:31:30'], dtype='<U19')]
 [array(['2022-09-30,09:31:31'], dtype='<U19')]
 [array(['2022-09-30,09:31:32'], dtype='<U19')]
 ...
 [array(['2022-09-30,11:29:35'], dtype='<U19')]
 [array(['2022-09-30,11:29:35'], dtype='<U19')]
 [array(['2022-09-30,11:29:35'], dtype='<U19')]]","[[0.   ]
 [0.017]
 [0.034]
 ...
 [4.999]
 [5.   ]
 [5.   ]]","[[3.3855]
 [3.4141]
 [3.4289]
 ...
 [3.2197]
 [3.2197]
 [3.2197]]","[[3.9994]
 [3.9999]
 [4.    ]
 ...
 [0.    ]
 [0.    ]
 [0.    ]]","[[0.   ]
 [0.001]
 [0.002]
 ...
 [0.   ]
 [0.   ]
 [0.   ]]","[[0.   ]
 [0.004]
 [0.008]
 ...
 [0.   ]
 [0.   ]
 [0.   ]]","[[27.5]
 [27.5]
 [27.5]
 ...
 [27.7]
 [27.7]
 [27.7]]",['2C charge and 1C discharge']
"[[array(['2022-09-30,11:29:36'], dtype='<U19')]
 [array(['2022-09-30,11:29:37'], dtype='<U19')]
 [array(['2022-09-30,11:29:38'], dtype='<U19')]
 ...
 [array(['2022-09-30,13:27:36'], dtype='<U19')]
 [array(['2022-09-30,13:27:36'], dtype='<U19')]
 [array(['2022-09-30,13:27:36'], dtype='<U19')]]","[[0.   ]
 [0.017]
 [0.034]
 ...
 [5.   ]
 [5.001]
 [5.001]]","[[3.382 ]
 [3.4106]
 [3.4254]
 ...
 [3.2205]
 [3.2205]
 [3.2205]]","[[3.9994]
 [3.9999]
 [4.    ]
 ...
 [0.    ]
 [0.    ]
 [0.    ]]","[[0.   ]
 [0.001]
 [0.002]
 ...
 [0.   ]
 [0.   ]
 [0.   ]]","[[0.   ]
 [0.004]
 [0.008]
 ...
 [0.   ]
 [0.   ]
 [0.   ]]","[[27.7]
 [27.7]
 [27.7]
 ...
 [27.7]
 [27.7]
 [27.7]]",['2C charge and 1C discharge']
"[[array(['2022-09-30,13:27:37'], dtype='<U19')]
 [array(['2022-09-30,13:27:38'], dtype='<U19')]
 [array(['2022-09-30,13:27:39'], dtype='<U19')]
 ...
 [array(['2022-09-30,15:25:41'], dtype='<U19')]
 [array(['2022-09-30,15:25:41'], dtype='<U19')]
 [array(['2022-09-30,15:25:41'], dtype='<U19')]]","[[0.   ]
 [0.017]
 [0.034]
 ...
 [4.997]
 [5.   ]
 [5.   ]]","[[3.3815]
 [3.4107]
 [3.4257]
 ...
 [3.2191]
 [3.2191]
 [3.2191]]","[[3.9994]
 [3.9999]
 [4.    ]
 ...
 [0.    ]
 [0.    ]
 [0.    ]]","[[0.   ]
 [0.001]
 [0.002]
 ...
 [0.   ]
 [0.   ]
 [0.   ]]","[[0.   ]
 [0.004]
 [0.008]
 ...
 [0.   ]
 [0.   ]
 [0.   ]]","[[27.7]
 [27.7]
 [27.7]
 ...
 [27.7]
 [27.7]
 [27.7]]",['2C charge and 1C discharge']
"[[array(['2022-09-30,15:25:42'], dtype='<U19')]
 [array(['2022-09-30,15:25:43'], dtype='<U19')]
 [array(['2022-09-30,15:25:44'], dtype='<U19')]
 ...
 [array(['2022-09-30,17:23:37'], dtype='<U19')]
 [array(['2022-09-30,17:23:37'], dtype='<U19')]
 [array(['2022-09-30,17:23:37'], dtype='<U19')]]","[[0.   ]
 [0.017]
 [0.034]
 ...
 [4.997]
 [5.001]
 [5.001]]","[[3.3808]
 [3.4097]
 [3.4244]
 ...
 [3.222 ]
 [3.2222]
 [3.222 ]]","[[3.9991]
 [3.9999]
 [4.    ]
 ...
 [0.    ]
 [0.    ]
 [0.    ]]","[[0.   ]
 [0.001]
 [0.002]
 ...
 [0.   ]
 [0.   ]
 [0.   ]]","[[0.   ]
 [0.004]
 [0.008]
 ...
 [0.   ]
 [0.   ]
 [0.   ]]","[[27.7]
 [27.7]
 [27.7]
 ...
 [27.5]
 [27.5]
 [27.5]]",['2C charge and 1C discharge']
"[[array(['2022-09-30,17:23:38'], dtype='<U19')]
 [array(['2022-09-30,17:23:39'], dtype='<U19')]
 [array(['2022-09-30,17:23:40'], dtype='<U19')]
 ...
 [array(['2022-09-30,19:21:40'], dtype='<U19')]
 [array(['2022-09-30,19:21:40'], dtype='<U19')]
 [array(['2022-09-30,19:21:41'], dtype='<U19')]]","[[0.   ]
 [0.017]
 [0.034]
 ...
 [4.998]
 [5.001]
 [5.001]]","[[3.3849]
 [3.4137]
 [3.428 ]
 ...
 [3.2243]
 [3.2243]
 [3.2243]]","[[3.9994]
 [4.    ]
 [4.    ]
 ...
 [0.    ]
 [0.    ]
 [0.    ]]","[[0.   ]
 [0.001]
 [0.002]
 ...
 [0.   ]
 [0.   ]
 [0.   ]]","[[0.   ]
 [0.004]
 [0.008]
 ...
 [0.   ]
 [0.   ]
 [0.   ]]","[[27.5]
 [27.5]
 [27.5]
 ...
 [27.5]
 [27.5]
 [27.5]]",['2C charge and 1C discharge']
"[[array(['2022-09-30,19:21:42'], dtype='<U19')]
 [array(['2022-09-30,19:21:43'], dtype='<U19')]
 [array(['2022-09-30,19:21:44'], dtype='<U19')]
 ...
 [array(['2022-09-30,21:19:49'], dtype='<U19')]
 [array(['2022-09-30,21:19:49'], dtype='<U19')]
 [array(['2022-09-30,21:19:49'], dtype='<U19')]]","[[0.   ]
 [0.017]
 [0.034]
 ...
 [4.997]
 [5.   ]
 [5.   ]]","[[3.3866]
 [3.4169]
 [3.4317]
 ...
 [3.2253]
 [3.2253]
 [3.2256]]","[[3.9994]
 [4.    ]
 [4.    ]
 ...
 [0.    ]
 [0.    ]
 [0.    ]]","[[0.   ]
 [0.001]
 [0.002]
 ...
 [0.   ]
 [0.   ]
 [0.   ]]","[[0.   ]
 [0.004]
 [0.008]
 ...
 [0.   ]
 [0.   ]
 [0.   ]]","[[27.4]
 [27.4]
 [27.4]
 ...
 [27.4]
 [27.4]
 [27.4]]",['2C charge and 1C discharge']
"[[array(['2022-09-30,21:19:50'], dtype='<U19')]
 [array(['2022-09-30,21:19:51'], dtype='<U19')]
 [array(['2022-09-30,21:19:52'], dtype='<U19')]
 ...
 [array(['2022-09-30,23:18:00'], dtype='<U19')]
 [array(['2022-09-30,23:18:00'], dtype='<U19')]
 [array(['2022-09-30,23:18:00'], dtype='<U19')]]","[[0.   ]
 [0.017]
 [0.034]
 ...
 [4.998]
 [5.001]
 [5.001]]","[[3.3887]
 [3.4178]
 [3.4321]
 ...
 [3.2256]
 [3.2256]
 [3.2256]]","[[3.9994]
 [4.    ]
 [4.    ]
 ...
 [0.    ]
 [0.    ]
 [0.    ]]","[[0.   ]
 [0.001]
 [0.002]
 ...
 [0.   ]
 [0.   ]
 [0.   ]]","[[0.   ]
 [0.004]
 [0.008]
 ...
 [0.   ]
 [0.   ]
 [0.   ]]","[[27.4]
 [27.4]
 [27.4]
 ...
 [27.3]
 [27.3]
 [27.3]]",['2C charge and 1C discharge']
"[[array(['2022-09-30,23:18:01'], dtype='<U19')]
 [array(['2022-09-30,23:18:02'], dtype='<U19')]
 [array(['2022-09-30,23:18:03'], dtype='<U19')]
 ...
 [array(['2022-10-01,01:16:07'], dtype='<U19')]
 [array(['2022-10-01,01:16:07'], dtype='<U19')]
 [array(['2022-10-01,01:16:07'], dtype='<U19')]]","[[0.   ]
 [0.017]
 [0.034]
 ...
 [4.998]
 [5.   ]
 [5.   ]]","[[3.3894]
 [3.4183]
 [3.4332]
 ...
 [3.2265]
 [3.2265]
 [3.2265]]","[[3.9994]
 [4.    ]
 [4.    ]
 ...
 [0.    ]
 [0.    ]
 [0.    ]]","[[0.   ]
 [0.001]
 [0.002]
 ...
 [0.   ]
 [0.   ]
 [0.   ]]","[[0.   ]
 [0.004]
 [0.008]
 ...
 [0.   ]
 [0.   ]
 [0.   ]]","[[27.4]
 [27.4]
 [27.3]
 ...
 [27.3]
 [27.3]
 [27.3]]",['2C charge and 1C discharge']
"[[array(['2022-10-01,01:16:08'], dtype='<U19')]
 [array(['2022-10-01,01:16:09'], dtype='<U19')]
 [array(['2022-10-01,01:16:10'], dtype='<U19')]
 ...
 [array(['2022-10-01,03:14:12'], dtype='<U19')]
 [array(['2022-10-01,03:14:12'], dtype='<U19')]
 [array(['2022-10-01,03:14:12'], dtype='<U19')]]","[[0.   ]
 [0.017]
 [0.035]
 ...
 [5.   ]
 [5.001]
 [5.001]]","[[3.3901]
 [3.4194]
 [3.4344]
 ...
 [3.2265]
 [3.2265]
 [3.2265]]","[[3.9994]
 [4.    ]
 [4.    ]
 ...
 [0.    ]
 [0.    ]
 [0.    ]]","[[0.   ]
 [0.001]
 [0.002]
 ...
 [0.   ]
 [0.   ]
 [0.   ]]","[[0.   ]
 [0.004]
 [0.008]
 ...
 [0.   ]
 [0.   ]
 [0.   ]]","[[27.3]
 [27.2]
 [27.2]
 ...
 [27.2]
 [27.2]
 [27.2]]",['2C charge and 1C discharge']
"[[array(['2022-10-01,03:14:13'], dtype='<U19')]
 [array(['2022-10-01,03:14:14'], dtype='<U19')]
 [array(['2022-10-01,03:14:15'], dtype='<U19')]
 ...
 [array(['2022-10-01,05:12:17'], dtype='<U19')]
 [array(['2022-10-01,05:12:17'], dtype='<U19')]
 [array(['2022-10-01,05:12:17'], dtype='<U19')]]","[[0.   ]
 [0.017]
 [0.034]
 ...
 [4.998]
 [5.   ]
 [5.   ]]","[[3.3894]
 [3.4201]
 [3.4346]
 ...
 [3.2271]
 [3.2274]
 [3.2274]]","[[3.9991]
 [3.9999]
 [4.    ]
 ...
 [0.    ]
 [0.    ]
 [0.    ]]","[[0.   ]
 [0.001]
 [0.002]
 ...
 [0.   ]
 [0.   ]
 [0.   ]]","[[0.   ]
 [0.004]
 [0.008]
 ...
 [0.   ]
 [0.   ]
 [0.   ]]","[[27.2]
 [27.2]
 [27.2]
 ...
 [27.2]
 [27.2]
 [27.2]]",['2C charge and 1C discharge']
"[[array(['2022-10-01,05:12:18'], dtype='<U19')]
 [array(['2022-10-01,05:12:19'], dtype='<U19')]
 [array(['2022-10-01,05:12:20'], dtype='<U19')]
 ...
 [array(['2022-10-01,07:10:23'], dtype='<U19')]
 [array(['2022-10-01,07:10:23'], dtype='<U19')]
 [array(['2022-10-01,07:10:23'], dtype='<U19')]]","[[0.   ]
 [0.017]
 [0.034]
 ...
 [5.   ]
 [5.   ]
 [5.   ]]","[[3.3917]
 [3.4209]
 [3.4357]
 ...
 [3.2285]
 [3.2285]
 [3.2285]]","[[3.9994]
 [4.    ]
 [4.    ]
 ...
 [0.    ]
 [0.    ]
 [0.    ]]","[[0.   ]
 [0.001]
 [0.002]
 ...
 [0.   ]
 [0.   ]
 [0.   ]]","[[0.   ]
 [0.004]
 [0.008]
 ...
 [0.   ]
 [0.   ]
 [0.   ]]","[[27.2]
 [27.2]
 [27.2]
 ...
 [27.2]
 [27.2]
 [27.2]]",['2C charge and 1C discharge']
"[[array(['2022-10-01,07:10:24'], dtype='<U19')]
 [array(['2022-10-01,07:10:25'], dtype='<U19')]
 [array(['2022-10-01,07:10:26'], dtype='<U19')]
 ...
 [array(['2022-10-01,09:08:30'], dtype='<U19')]
 [array(['2022-10-01,09:08:30'], dtype='<U19')]
 [array(['2022-10-01,09:08:30'], dtype='<U19')]]","[[0.   ]
 [0.017]
 [0.034]
 ...
 [4.998]
 [5.001]
 [5.001]]","[[3.3918]
 [3.4217]
 [3.4367]
 ...
 [3.2285]
 [3.2287]
 [3.2285]]","[[3.9994]
 [4.    ]
 [4.    ]
 ...
 [0.    ]
 [0.    ]
 [0.    ]]","[[0.   ]
 [0.001]
 [0.002]
 ...
 [0.   ]
 [0.   ]
 [0.   ]]","[[0.   ]
 [0.004]
 [0.008]
 ...
 [0.   ]
 [0.   ]
 [0.   ]]","[[27.2]
 [27.2]
 [27.2]
 ...
 [27.1]
 [27.1]
 [27.1]]",['2C charge and 1C discharge']
"[[array(['2022-10-01,09:08:31'], dtype='<U19')]
 [array(['2022-10-01,09:08:32'], dtype='<U19')]
 [array(['2022-10-01,09:08:33'], dtype='<U19')]
 ...
 [array(['2022-10-01,11:06:33'], dtype='<U19')]
 [array(['2022-10-01,11:06:33'], dtype='<U19')]
 [array(['2022-10-01,11:06:33'], dtype='<U19')]]","[[0.   ]
 [0.017]
 [0.034]
 ...
 [4.999]
 [5.001]
 [5.001]]","[[3.394 ]
 [3.4227]
 [3.4377]
 ...
 [3.2287]
 [3.2287]
 [3.2287]]","[[3.9994]
 [4.    ]
 [4.    ]
 ...
 [0.    ]
 [0.    ]
 [0.    ]]","[[0.   ]
 [0.001]
 [0.002]
 ...
 [0.   ]
 [0.   ]
 [0.   ]]","[[0.   ]
 [0.004]
 [0.008]
 ...
 [0.   ]
 [0.   ]
 [0.   ]]","[[27.1]
 [27.1]
 [27.1]
 ...
 [27.2]
 [27.2]
 [27.2]]",['2C charge and 1C discharge']
"[[array(['2022-10-01,11:06:34'], dtype='<U19')]
 [array(['2022-10-01,11:06:35'], dtype='<U19')]
 [array(['2022-10-01,11:06:36'], dtype='<U19')]
 ...
 [array(['2022-10-01,13:04:40'], dtype='<U19')]
 [array(['2022-10-01,13:04:40'], dtype='<U19')]
 [array(['2022-10-01,13:04:40'], dtype='<U19')]]","[[0.   ]
 [0.017]
 [0.034]
 ...
 [5.   ]
 [5.   ]
 [5.   ]]","[[3.3926]
 [3.4224]
 [3.4373]
 ...
 [3.2294]
 [3.2294]
 [3.2294]]","[[3.9994]
 [4.    ]
 [4.    ]
 ...
 [0.    ]
 [0.    ]
 [0.    ]]","[[0.   ]
 [0.001]
 [0.002]
 ...
 [0.   ]
 [0.   ]
 [0.   ]]","[[0.   ]
 [0.004]
 [0.008]
 ...
 [0.   ]
 [0.   ]
 [0.   ]]","[[27.2]
 [27.2]
 [27.2]
 ...
 [27.1]
 [27.1]
 [27.1]]",['2C charge and 1C discharge']
"[[array(['2022-10-01,13:04:41'], dtype='<U19')]
 [array(['2022-10-01,13:04:42'], dtype='<U19')]
 [array(['2022-10-01,13:04:43'], dtype='<U19')]
 ...
 [array(['2022-10-01,15:02:50'], dtype='<U19')]
 [array(['2022-10-01,15:02:51'], dtype='<U19')]
 [array(['2022-10-01,15:02:51'], dtype='<U19')]]","[[0.   ]
 [0.017]
 [0.034]
 ...
 [4.985]
 [5.   ]
 [5.   ]]","[[3.3924]
 [3.4238]
 [3.4386]
 ...
 [3.2294]
 [3.2296]
 [3.2296]]","[[3.9994]
 [4.    ]
 [4.    ]
 ...
 [0.    ]
 [0.    ]
 [0.    ]]","[[0.   ]
 [0.001]
 [0.002]
 ...
 [0.   ]
 [0.   ]
 [0.   ]]","[[0.   ]
 [0.004]
 [0.008]
 ...
 [0.   ]
 [0.   ]
 [0.   ]]","[[27.1]
 [27.1]
 [27.1]
 ...
 [27.1]
 [27.1]
 [27.1]]",['2C charge and 1C discharge']
"[[array(['2022-10-01,15:02:52'], dtype='<U19')]
 [array(['2022-10-01,15:02:53'], dtype='<U19')]
 [array(['2022-10-01,15:02:54'], dtype='<U19')]
 ...
 [array(['2022-10-01,17:01:00'], dtype='<U19')]
 [array(['2022-10-01,17:01:01'], dtype='<U19')]
 [array(['2022-10-01,17:01:01'], dtype='<U19')]]","[[0.   ]
 [0.017]
 [0.035]
 ...
 [4.996]
 [5.   ]
 [5.   ]]","[[3.3932]
 [3.4232]
 [3.4384]
 ...
 [3.2291]
 [3.2291]
 [3.2293]]","[[3.9994]
 [3.9999]
 [4.    ]
 ...
 [0.    ]
 [0.    ]
 [0.    ]]","[[0.   ]
 [0.001]
 [0.002]
 ...
 [0.   ]
 [0.   ]
 [0.   ]]","[[0.   ]
 [0.004]
 [0.008]
 ...
 [0.   ]
 [0.   ]
 [0.   ]]","[[27.1]
 [27.1]
 [27.1]
 ...
 [27.2]
 [27.1]
 [27.1]]",['2C charge and 1C discharge']
"[[array(['2022-10-01,17:01:02'], dtype='<U19')]
 [array(['2022-10-01,17:01:03'], dtype='<U19')]
 [array(['2022-10-01,17:01:04'], dtype='<U19')]
 ...
 [array(['2022-10-01,18:59:04'], dtype='<U19')]
 [array(['2022-10-01,18:59:05'], dtype='<U19')]
 [array(['2022-10-01,18:59:05'], dtype='<U19')]]","[[0.   ]
 [0.017]
 [0.034]
 ...
 [4.984]
 [5.   ]
 [5.   ]]","[[3.3941]
 [3.4235]
 [3.4384]
 ...
 [3.2293]
 [3.2294]
 [3.2294]]","[[3.9994]
 [4.    ]
 [4.    ]
 ...
 [0.    ]
 [0.    ]
 [0.    ]]","[[0.   ]
 [0.001]
 [0.002]
 ...
 [0.   ]
 [0.   ]
 [0.   ]]","[[0.   ]
 [0.004]
 [0.008]
 ...
 [0.   ]
 [0.   ]
 [0.   ]]","[[27.1]
 [27.1]
 [27.1]
 ...
 [27.1]
 [27.1]
 [27.1]]",['2C charge and 1C discharge']
"[[array(['2022-10-01,18:59:06'], dtype='<U19')]
 [array(['2022-10-01,18:59:07'], dtype='<U19')]
 [array(['2022-10-01,18:59:08'], dtype='<U19')]
 ...
 [array(['2022-10-01,20:57:08'], dtype='<U19')]
 [array(['2022-10-01,20:57:08'], dtype='<U19')]
 [array(['2022-10-01,20:57:09'], dtype='<U19')]]","[[0.   ]
 [0.017]
 [0.034]
 ...
 [4.999]
 [5.001]
 [5.001]]","[[3.3941]
 [3.4237]
 [3.4386]
 ...
 [3.2297]
 [3.2296]
 [3.2297]]","[[3.9994]
 [3.9999]
 [4.    ]
 ...
 [0.    ]
 [0.    ]
 [0.    ]]","[[0.   ]
 [0.001]
 [0.002]
 ...
 [0.   ]
 [0.   ]
 [0.   ]]","[[0.   ]
 [0.004]
 [0.008]
 ...
 [0.   ]
 [0.   ]
 [0.   ]]","[[27.1]
 [27.1]
 [27.1]
 ...
 [27.1]
 [27.1]
 [27.1]]",['2C charge and 1C discharge']
"[[array(['2022-10-01,20:57:09'], dtype='<U19')]
 [array(['2022-10-01,20:57:10'], dtype='<U19')]
 [array(['2022-10-01,20:57:12'], dtype='<U19')]
 ...
 [array(['2022-10-01,22:55:09'], dtype='<U19')]
 [array(['2022-10-01,22:55:10'], dtype='<U19')]
 [array(['2022-10-01,22:55:10'], dtype='<U19')]]","[[0.   ]
 [0.017]
 [0.034]
 ...
 [4.993]
 [5.   ]
 [5.   ]]","[[3.3944]
 [3.4235]
 [3.4387]
 ...
 [3.23  ]
 [3.2302]
 [3.2302]]","[[3.9994]
 [4.    ]
 [4.    ]
 ...
 [0.    ]
 [0.    ]
 [0.    ]]","[[0.   ]
 [0.001]
 [0.002]
 ...
 [0.   ]
 [0.   ]
 [0.   ]]","[[0.   ]
 [0.004]
 [0.008]
 ...
 [0.   ]
 [0.   ]
 [0.   ]]","[[27.1]
 [27.1]
 [27.1]
 ...
 [27. ]
 [27. ]
 [27. ]]",['2C charge and 1C discharge']
"[[array(['2022-10-01,22:55:11'], dtype='<U19')]
 [array(['2022-10-01,22:55:12'], dtype='<U19')]
 [array(['2022-10-01,22:55:13'], dtype='<U19')]
 ...
 [array(['2022-10-02,00:53:10'], dtype='<U19')]
 [array(['2022-10-02,00:53:11'], dtype='<U19')]
 [array(['2022-10-02,00:53:11'], dtype='<U19')]]","[[0.   ]
 [0.017]
 [0.034]
 ...
 [4.99 ]
 [5.001]
 [5.001]]","[[3.3943]
 [3.4246]
 [3.4398]
 ...
 [3.2307]
 [3.2307]
 [3.231 ]]","[[3.9994]
 [4.    ]
 [4.    ]
 ...
 [0.    ]
 [0.    ]
 [0.    ]]","[[0.   ]
 [0.001]
 [0.002]
 ...
 [0.   ]
 [0.   ]
 [0.   ]]","[[0.   ]
 [0.004]
 [0.008]
 ...
 [0.   ]
 [0.   ]
 [0.   ]]","[[27.]
 [27.]
 [27.]
 ...
 [27.]
 [27.]
 [27.]]",['2C charge and 1C discharge']
"[[array(['2022-10-02,00:53:12'], dtype='<U19')]
 [array(['2022-10-02,00:53:13'], dtype='<U19')]
 [array(['2022-10-02,00:53:14'], dtype='<U19')]
 ...
 [array(['2022-10-02,02:51:15'], dtype='<U19')]
 [array(['2022-10-02,02:51:15'], dtype='<U19')]
 [array(['2022-10-02,02:51:16'], dtype='<U19')]]","[[0.   ]
 [0.017]
 [0.034]
 ...
 [4.993]
 [5.001]
 [5.001]]","[[3.3951]
 [3.4267]
 [3.4415]
 ...
 [3.2311]
 [3.2311]
 [3.2313]]","[[3.9994]
 [4.    ]
 [4.    ]
 ...
 [0.    ]
 [0.    ]
 [0.    ]]","[[0.   ]
 [0.001]
 [0.002]
 ...
 [0.   ]
 [0.   ]
 [0.   ]]","[[0.   ]
 [0.004]
 [0.008]
 ...
 [0.   ]
 [0.   ]
 [0.   ]]","[[27. ]
 [27. ]
 [27. ]
 ...
 [27.1]
 [27.1]
 [27.1]]",['2C charge and 1C discharge']
"[[array(['2022-10-02,02:51:17'], dtype='<U19')]
 [array(['2022-10-02,02:51:18'], dtype='<U19')]
 [array(['2022-10-02,02:51:19'], dtype='<U19')]
 ...
 [array(['2022-10-02,04:49:21'], dtype='<U19')]
 [array(['2022-10-02,04:49:21'], dtype='<U19')]
 [array(['2022-10-02,04:49:21'], dtype='<U19')]]","[[0.   ]
 [0.017]
 [0.034]
 ...
 [4.996]
 [5.   ]
 [5.   ]]","[[3.3958]
 [3.426 ]
 [3.4406]
 ...
 [3.2316]
 [3.2316]
 [3.2317]]","[[3.9991]
 [4.    ]
 [4.    ]
 ...
 [0.    ]
 [0.    ]
 [0.    ]]","[[0.   ]
 [0.001]
 [0.002]
 ...
 [0.   ]
 [0.   ]
 [0.   ]]","[[0.   ]
 [0.004]
 [0.008]
 ...
 [0.   ]
 [0.   ]
 [0.   ]]","[[27.1]
 [27. ]
 [27.1]
 ...
 [27. ]
 [26.9]
 [27. ]]",['2C charge and 1C discharge']
"[[array(['2022-10-02,04:49:22'], dtype='<U19')]
 [array(['2022-10-02,04:49:23'], dtype='<U19')]
 [array(['2022-10-02,04:49:24'], dtype='<U19')]
 ...
 [array(['2022-10-02,06:47:28'], dtype='<U19')]
 [array(['2022-10-02,06:47:28'], dtype='<U19')]
 [array(['2022-10-02,06:47:28'], dtype='<U19')]]","[[0.   ]
 [0.017]
 [0.034]
 ...
 [4.999]
 [5.   ]
 [5.   ]]","[[3.3943]
 [3.4267]
 [3.4415]
 ...
 [3.2317]
 [3.2319]
 [3.2317]]","[[3.9994]
 [3.9999]
 [4.    ]
 ...
 [0.    ]
 [0.    ]
 [0.    ]]","[[0.   ]
 [0.001]
 [0.002]
 ...
 [0.   ]
 [0.   ]
 [0.   ]]","[[0.   ]
 [0.004]
 [0.008]
 ...
 [0.   ]
 [0.   ]
 [0.   ]]","[[27. ]
 [27. ]
 [26.9]
 ...
 [27. ]
 [27. ]
 [27. ]]",['2C charge and 1C discharge']
"[[array(['2022-10-02,06:47:29'], dtype='<U19')]
 [array(['2022-10-02,06:47:30'], dtype='<U19')]
 [array(['2022-10-02,06:47:31'], dtype='<U19')]
 ...
 [array(['2022-10-02,08:45:32'], dtype='<U19')]
 [array(['2022-10-02,08:45:32'], dtype='<U19')]
 [array(['2022-10-02,08:45:33'], dtype='<U19')]]","[[0.   ]
 [0.018]
 [0.035]
 ...
 [4.998]
 [5.001]
 [5.001]]","[[3.3967]
 [3.4266]
 [3.4424]
 ...
 [3.233 ]
 [3.233 ]
 [3.233 ]]","[[3.9994]
 [3.9999]
 [4.    ]
 ...
 [0.    ]
 [0.    ]
 [0.    ]]","[[0.   ]
 [0.001]
 [0.002]
 ...
 [0.   ]
 [0.   ]
 [0.   ]]","[[0.   ]
 [0.004]
 [0.008]
 ...
 [0.   ]
 [0.   ]
 [0.   ]]","[[27. ]
 [27. ]
 [27. ]
 ...
 [27.1]
 [27.1]
 [27. ]]",['2C charge and 1C discharge']
"[[array(['2022-10-02,08:45:34'], dtype='<U19')]
 [array(['2022-10-02,08:45:35'], dtype='<U19')]
 [array(['2022-10-02,08:45:36'], dtype='<U19')]
 ...
 [array(['2022-10-02,10:43:35'], dtype='<U19')]
 [array(['2022-10-02,10:43:36'], dtype='<U19')]
 [array(['2022-10-02,10:43:36'], dtype='<U19')]]","[[0.   ]
 [0.017]
 [0.034]
 ...
 [4.991]
 [5.   ]
 [5.   ]]","[[3.3986]
 [3.4284]
 [3.443 ]
 ...
 [3.2319]
 [3.2319]
 [3.2319]]","[[3.9994]
 [3.9999]
 [4.    ]
 ...
 [0.    ]
 [0.    ]
 [0.    ]]","[[0.   ]
 [0.001]
 [0.002]
 ...
 [0.   ]
 [0.   ]
 [0.   ]]","[[0.   ]
 [0.004]
 [0.008]
 ...
 [0.   ]
 [0.   ]
 [0.   ]]","[[27.]
 [27.]
 [27.]
 ...
 [27.]
 [27.]
 [27.]]",['2C charge and 1C discharge']
"[[array(['2022-10-02,10:43:37'], dtype='<U19')]
 [array(['2022-10-02,10:43:38'], dtype='<U19')]
 [array(['2022-10-02,10:43:39'], dtype='<U19')]
 ...
 [array(['2022-10-02,12:41:38'], dtype='<U19')]
 [array(['2022-10-02,12:41:38'], dtype='<U19')]
 [array(['2022-10-02,12:41:38'], dtype='<U19')]]","[[0.   ]
 [0.017]
 [0.034]
 ...
 [5.   ]
 [5.001]
 [5.001]]","[[3.3986]
 [3.4278]
 [3.4427]
 ...
 [3.233 ]
 [3.233 ]
 [3.2331]]","[[3.9994]
 [3.9999]
 [4.    ]
 ...
 [0.    ]
 [0.    ]
 [0.    ]]","[[0.   ]
 [0.001]
 [0.002]
 ...
 [0.   ]
 [0.   ]
 [0.   ]]","[[0.   ]
 [0.004]
 [0.008]
 ...
 [0.   ]
 [0.   ]
 [0.   ]]","[[27. ]
 [27. ]
 [27. ]
 ...
 [26.9]
 [26.9]
 [26.9]]",['2C charge and 1C discharge']
"[[array(['2022-10-02,12:41:39'], dtype='<U19')]
 [array(['2022-10-02,12:41:40'], dtype='<U19')]
 [array(['2022-10-02,12:41:41'], dtype='<U19')]
 ...
 [array(['2022-10-02,14:39:41'], dtype='<U19')]
 [array(['2022-10-02,14:39:42'], dtype='<U19')]
 [array(['2022-10-02,14:39:42'], dtype='<U19')]]","[[0.   ]
 [0.017]
 [0.034]
 ...
 [4.992]
 [5.   ]
 [5.   ]]","[[3.3975]
 [3.4283]
 [3.4437]
 ...
 [3.2334]
 [3.2336]
 [3.2336]]","[[3.9994]
 [3.9999]
 [4.    ]
 ...
 [0.    ]
 [0.    ]
 [0.    ]]","[[0.   ]
 [0.001]
 [0.002]
 ...
 [0.   ]
 [0.   ]
 [0.   ]]","[[0.   ]
 [0.004]
 [0.008]
 ...
 [0.   ]
 [0.   ]
 [0.   ]]","[[26.9]
 [26.9]
 [26.9]
 ...
 [26.8]
 [26.8]
 [26.8]]",['2C charge and 1C discharge']
"[[array(['2022-10-02,14:39:43'], dtype='<U19')]
 [array(['2022-10-02,14:39:44'], dtype='<U19')]
 [array(['2022-10-02,14:39:45'], dtype='<U19')]
 ...
 [array(['2022-10-02,16:37:49'], dtype='<U19')]
 [array(['2022-10-02,16:37:49'], dtype='<U19')]
 [array(['2022-10-02,16:37:49'], dtype='<U19')]]","[[0.   ]
 [0.017]
 [0.034]
 ...
 [4.997]
 [5.   ]
 [5.   ]]","[[3.4   ]
 [3.43  ]
 [3.4446]
 ...
 [3.2328]
 [3.233 ]
 [3.2328]]","[[3.9994]
 [4.    ]
 [4.    ]
 ...
 [0.    ]
 [0.    ]
 [0.    ]]","[[0.   ]
 [0.001]
 [0.002]
 ...
 [0.   ]
 [0.   ]
 [0.   ]]","[[0.   ]
 [0.004]
 [0.008]
 ...
 [0.   ]
 [0.   ]
 [0.   ]]","[[26.8]
 [26.8]
 [26.8]
 ...
 [27. ]
 [27. ]
 [27. ]]",['2C charge and 1C discharge']
"[[array(['2022-10-02,16:37:50'], dtype='<U19')]
 [array(['2022-10-02,16:37:51'], dtype='<U19')]
 [array(['2022-10-02,16:37:52'], dtype='<U19')]
 ...
 [array(['2022-10-02,18:35:51'], dtype='<U19')]
 [array(['2022-10-02,18:35:52'], dtype='<U19')]
 [array(['2022-10-02,18:35:52'], dtype='<U19')]]","[[0.   ]
 [0.017]
 [0.034]
 ...
 [4.984]
 [5.   ]
 [5.   ]]","[[3.3972]
 [3.428 ]
 [3.4435]
 ...
 [3.2331]
 [3.2333]
 [3.2333]]","[[3.9994]
 [4.    ]
 [4.    ]
 ...
 [0.    ]
 [0.    ]
 [0.    ]]","[[0.   ]
 [0.001]
 [0.002]
 ...
 [0.   ]
 [0.   ]
 [0.   ]]","[[0.   ]
 [0.004]
 [0.008]
 ...
 [0.   ]
 [0.   ]
 [0.   ]]","[[27.]
 [27.]
 [27.]
 ...
 [27.]
 [27.]
 [27.]]",['2C charge and 1C discharge']
"[[array(['2022-10-02,18:35:53'], dtype='<U19')]
 [array(['2022-10-02,18:35:54'], dtype='<U19')]
 [array(['2022-10-02,18:35:55'], dtype='<U19')]
 ...
 [array(['2022-10-02,20:33:55'], dtype='<U19')]
 [array(['2022-10-02,20:33:55'], dtype='<U19')]
 [array(['2022-10-02,20:33:55'], dtype='<U19')]]","[[0.   ]
 [0.017]
 [0.034]
 ...
 [4.996]
 [5.001]
 [5.001]]","[[3.3975]
 [3.4283]
 [3.4438]
 ...
 [3.2334]
 [3.2334]
 [3.2334]]","[[3.9994]
 [4.    ]
 [4.    ]
 ...
 [0.    ]
 [0.    ]
 [0.    ]]","[[0.   ]
 [0.001]
 [0.002]
 ...
 [0.   ]
 [0.   ]
 [0.   ]]","[[0.   ]
 [0.004]
 [0.008]
 ...
 [0.   ]
 [0.   ]
 [0.   ]]","[[27.]
 [27.]
 [27.]
 ...
 [27.]
 [27.]
 [27.]]",['2C charge and 1C discharge']
"[[array(['2022-10-02,20:33:56'], dtype='<U19')]
 [array(['2022-10-02,20:33:57'], dtype='<U19')]
 [array(['2022-10-02,20:33:58'], dtype='<U19')]
 ...
 [array(['2022-10-02,22:31:59'], dtype='<U19')]
 [array(['2022-10-02,22:32:00'], dtype='<U19')]
 [array(['2022-10-02,22:32:00'], dtype='<U19')]]","[[0.   ]
 [0.017]
 [0.034]
 ...
 [5.   ]
 [5.   ]
 [5.   ]]","[[3.3986]
 [3.4284]
 [3.4441]
 ...
 [3.2337]
 [3.2337]
 [3.2337]]","[[3.9994]
 [4.    ]
 [4.    ]
 ...
 [0.    ]
 [0.    ]
 [0.    ]]","[[0.   ]
 [0.001]
 [0.002]
 ...
 [0.   ]
 [0.   ]
 [0.   ]]","[[0.   ]
 [0.004]
 [0.008]
 ...
 [0.   ]
 [0.   ]
 [0.   ]]","[[27. ]
 [26.9]
 [26.9]
 ...
 [26.9]
 [26.9]
 [26.9]]",['2C charge and 1C discharge']
"[[array(['2022-10-02,22:32:01'], dtype='<U19')]
 [array(['2022-10-02,22:32:02'], dtype='<U19')]
 [array(['2022-10-02,22:32:03'], dtype='<U19')]
 ...
 [array(['2022-10-03,00:30:04'], dtype='<U19')]
 [array(['2022-10-03,00:30:05'], dtype='<U19')]
 [array(['2022-10-03,00:30:05'], dtype='<U19')]]","[[0.   ]
 [0.017]
 [0.034]
 ...
 [4.991]
 [5.001]
 [5.001]]","[[3.3958]
 [3.43  ]
 [3.4453]
 ...
 [3.2339]
 [3.234 ]
 [3.234 ]]","[[3.9994]
 [4.    ]
 [4.    ]
 ...
 [0.    ]
 [0.    ]
 [0.    ]]","[[0.   ]
 [0.001]
 [0.002]
 ...
 [0.   ]
 [0.   ]
 [0.   ]]","[[0.   ]
 [0.004]
 [0.008]
 ...
 [0.   ]
 [0.   ]
 [0.   ]]","[[26.9]
 [26.9]
 [26.9]
 ...
 [27. ]
 [27. ]
 [27. ]]",['2C charge and 1C discharge']
"[[array(['2022-10-03,00:30:06'], dtype='<U19')]
 [array(['2022-10-03,00:30:07'], dtype='<U19')]
 [array(['2022-10-03,00:30:08'], dtype='<U19')]
 ...
 [array(['2022-10-03,02:28:06'], dtype='<U19')]
 [array(['2022-10-03,02:28:06'], dtype='<U19')]
 [array(['2022-10-03,02:28:07'], dtype='<U19')]]","[[0.   ]
 [0.017]
 [0.034]
 ...
 [4.998]
 [5.   ]
 [5.   ]]","[[3.3986]
 [3.4298]
 [3.4446]
 ...
 [3.2368]
 [3.2368]
 [3.2368]]","[[3.9994]
 [4.    ]
 [4.    ]
 ...
 [0.    ]
 [0.    ]
 [0.    ]]","[[0.   ]
 [0.001]
 [0.002]
 ...
 [0.   ]
 [0.   ]
 [0.   ]]","[[0.   ]
 [0.004]
 [0.008]
 ...
 [0.   ]
 [0.   ]
 [0.   ]]","[[27. ]
 [27. ]
 [26.9]
 ...
 [26.8]
 [26.8]
 [26.8]]",['2C charge and 1C discharge']
"[[array(['2022-10-03,02:28:08'], dtype='<U19')]
 [array(['2022-10-03,02:28:09'], dtype='<U19')]
 [array(['2022-10-03,02:28:10'], dtype='<U19')]
 ...
 [array(['2022-10-03,04:26:17'], dtype='<U19')]
 [array(['2022-10-03,04:26:17'], dtype='<U19')]
 [array(['2022-10-03,04:26:17'], dtype='<U19')]]","[[0.   ]
 [0.017]
 [0.033]
 ...
 [4.995]
 [5.   ]
 [5.   ]]","[[3.4043]
 [3.4335]
 [3.4486]
 ...
 [3.2383]
 [3.2385]
 [3.2385]]","[[3.9994]
 [4.    ]
 [4.    ]
 ...
 [0.    ]
 [0.    ]
 [0.    ]]","[[0.   ]
 [0.001]
 [0.002]
 ...
 [0.   ]
 [0.   ]
 [0.   ]]","[[0.   ]
 [0.004]
 [0.008]
 ...
 [0.   ]
 [0.   ]
 [0.   ]]","[[26.8]
 [26.8]
 [26.8]
 ...
 [26.6]
 [26.6]
 [26.6]]",['2C charge and 1C discharge']
"[[array(['2022-10-03,04:26:18'], dtype='<U19')]
 [array(['2022-10-03,04:26:19'], dtype='<U19')]
 [array(['2022-10-03,04:26:20'], dtype='<U19')]
 ...
 [array(['2022-10-03,06:24:30'], dtype='<U19')]
 [array(['2022-10-03,06:24:31'], dtype='<U19')]
 [array(['2022-10-03,06:24:31'], dtype='<U19')]]","[[0.   ]
 [0.017]
 [0.034]
 ...
 [4.989]
 [5.   ]
 [5.   ]]","[[3.4044]
 [3.4357]
 [3.4512]
 ...
 [3.2405]
 [3.2406]
 [3.2406]]","[[3.9994]
 [4.    ]
 [4.    ]
 ...
 [0.    ]
 [0.    ]
 [0.    ]]","[[0.   ]
 [0.001]
 [0.002]
 ...
 [0.   ]
 [0.   ]
 [0.   ]]","[[0.   ]
 [0.004]
 [0.008]
 ...
 [0.   ]
 [0.   ]
 [0.   ]]","[[26.6]
 [26.6]
 [26.6]
 ...
 [26.4]
 [26.4]
 [26.4]]",['2C charge and 1C discharge']
"[[array(['2022-10-03,06:24:32'], dtype='<U19')]
 [array(['2022-10-03,06:24:33'], dtype='<U19')]
 [array(['2022-10-03,06:24:34'], dtype='<U19')]
 ...
 [array(['2022-10-03,08:22:44'], dtype='<U19')]
 [array(['2022-10-03,08:22:44'], dtype='<U19')]
 [array(['2022-10-03,08:22:44'], dtype='<U19')]]","[[0.   ]
 [0.017]
 [0.034]
 ...
 [4.995]
 [5.   ]
 [5.   ]]","[[3.4089]
 [3.4386]
 [3.4543]
 ...
 [3.2402]
 [3.2402]
 [3.2402]]","[[3.9994]
 [4.    ]
 [4.    ]
 ...
 [0.    ]
 [0.    ]
 [0.    ]]","[[0.   ]
 [0.001]
 [0.002]
 ...
 [0.   ]
 [0.   ]
 [0.   ]]","[[0.   ]
 [0.004]
 [0.008]
 ...
 [0.   ]
 [0.   ]
 [0.   ]]","[[26.4]
 [26.4]
 [26.4]
 ...
 [26.6]
 [26.6]
 [26.5]]",['2C charge and 1C discharge']
"[[array(['2022-10-03,08:22:45'], dtype='<U19')]
 [array(['2022-10-03,08:22:46'], dtype='<U19')]
 [array(['2022-10-03,08:22:47'], dtype='<U19')]
 ...
 [array(['2022-10-03,10:21:00'], dtype='<U19')]
 [array(['2022-10-03,10:21:00'], dtype='<U19')]
 [array(['2022-10-03,10:21:00'], dtype='<U19')]]","[[0.   ]
 [0.017]
 [0.034]
 ...
 [4.996]
 [5.   ]
 [5.   ]]","[[3.4058]
 [3.4377]
 [3.4538]
 ...
 [3.2406]
 [3.2408]
 [3.2408]]","[[3.9994]
 [4.    ]
 [4.    ]
 ...
 [0.    ]
 [0.    ]
 [0.    ]]","[[0.   ]
 [0.001]
 [0.002]
 ...
 [0.   ]
 [0.   ]
 [0.   ]]","[[0.   ]
 [0.004]
 [0.008]
 ...
 [0.   ]
 [0.   ]
 [0.   ]]","[[26.5]
 [26.6]
 [26.5]
 ...
 [26.4]
 [26.4]
 [26.4]]",['2C charge and 1C discharge']
"[[array(['2022-10-03,10:21:01'], dtype='<U19')]
 [array(['2022-10-03,10:21:02'], dtype='<U19')]
 [array(['2022-10-03,10:21:03'], dtype='<U19')]
 ...
 [array(['2022-10-03,12:19:20'], dtype='<U19')]
 [array(['2022-10-03,12:19:21'], dtype='<U19')]
 [array(['2022-10-03,12:19:22'], dtype='<U19')]]","[[0.   ]
 [0.017]
 [0.034]
 ...
 [4.983]
 [5.   ]
 [5.   ]]","[[3.4064]
 [3.4387]
 [3.4546]
 ...
 [3.2408]
 [3.241 ]
 [3.241 ]]","[[3.9994]
 [4.    ]
 [4.    ]
 ...
 [0.    ]
 [0.    ]
 [0.    ]]","[[0.   ]
 [0.001]
 [0.002]
 ...
 [0.   ]
 [0.   ]
 [0.   ]]","[[0.   ]
 [0.004]
 [0.008]
 ...
 [0.   ]
 [0.   ]
 [0.   ]]","[[26.4]
 [26.4]
 [26.4]
 ...
 [26.5]
 [26.4]
 [26.4]]",['2C charge and 1C discharge']
"[[array(['2022-10-03,12:19:23'], dtype='<U19')]
 [array(['2022-10-03,12:19:24'], dtype='<U19')]
 [array(['2022-10-03,12:19:25'], dtype='<U19')]
 ...
 [array(['2022-10-03,14:17:39'], dtype='<U19')]
 [array(['2022-10-03,14:17:39'], dtype='<U19')]
 [array(['2022-10-03,14:17:39'], dtype='<U19')]]","[[0.   ]
 [0.017]
 [0.034]
 ...
 [4.999]
 [5.   ]
 [5.   ]]","[[3.4072]
 [3.4392]
 [3.455 ]
 ...
 [3.2437]
 [3.2437]
 [3.2437]]","[[3.9994]
 [4.    ]
 [4.    ]
 ...
 [0.    ]
 [0.    ]
 [0.    ]]","[[0.   ]
 [0.001]
 [0.002]
 ...
 [0.   ]
 [0.   ]
 [0.   ]]","[[0.   ]
 [0.004]
 [0.008]
 ...
 [0.   ]
 [0.   ]
 [0.   ]]","[[26.4]
 [26.4]
 [26.4]
 ...
 [26.2]
 [26.2]
 [26.2]]",['2C charge and 1C discharge']
"[[array(['2022-10-03,14:17:40'], dtype='<U19')]
 [array(['2022-10-03,14:17:41'], dtype='<U19')]
 [array(['2022-10-03,14:17:42'], dtype='<U19')]
 ...
 [array(['2022-10-03,16:16:05'], dtype='<U19')]
 [array(['2022-10-03,16:16:06'], dtype='<U19')]
 [array(['2022-10-03,16:16:06'], dtype='<U19')]]","[[0.   ]
 [0.017]
 [0.034]
 ...
 [4.985]
 [5.001]
 [5.001]]","[[3.411 ]
 [3.4435]
 [3.4587]
 ...
 [3.2443]
 [3.2445]
 [3.2445]]","[[3.9994]
 [4.    ]
 [4.    ]
 ...
 [0.    ]
 [0.    ]
 [0.    ]]","[[0.   ]
 [0.001]
 [0.002]
 ...
 [0.   ]
 [0.   ]
 [0.   ]]","[[0.   ]
 [0.004]
 [0.008]
 ...
 [0.   ]
 [0.   ]
 [0.   ]]","[[26.2]
 [26.2]
 [26.2]
 ...
 [26.2]
 [26.2]
 [26.2]]",['2C charge and 1C discharge']
"[[array(['2022-10-03,16:16:07'], dtype='<U19')]
 [array(['2022-10-03,16:16:08'], dtype='<U19')]
 [array(['2022-10-03,16:16:09'], dtype='<U19')]
 ...
 [array(['2022-10-03,18:14:26'], dtype='<U19')]
 [array(['2022-10-03,18:14:26'], dtype='<U19')]
 [array(['2022-10-03,18:14:26'], dtype='<U19')]]","[[0.   ]
 [0.017]
 [0.034]
 ...
 [4.999]
 [5.   ]
 [5.   ]]","[[3.4117]
 [3.4438]
 [3.4595]
 ...
 [3.2453]
 [3.2454]
 [3.2454]]","[[3.9994]
 [4.    ]
 [4.    ]
 ...
 [0.    ]
 [0.    ]
 [0.    ]]","[[0.   ]
 [0.001]
 [0.002]
 ...
 [0.   ]
 [0.   ]
 [0.   ]]","[[0.   ]
 [0.004]
 [0.008]
 ...
 [0.   ]
 [0.   ]
 [0.   ]]","[[26.1]
 [26.1]
 [26.1]
 ...
 [26.2]
 [26.2]
 [26.2]]",['2C charge and 1C discharge']
"[[array(['2022-10-03,18:14:27'], dtype='<U19')]
 [array(['2022-10-03,18:14:28'], dtype='<U19')]
 [array(['2022-10-03,18:14:29'], dtype='<U19')]
 ...
 [array(['2022-10-03,20:12:53'], dtype='<U19')]
 [array(['2022-10-03,20:12:53'], dtype='<U19')]
 [array(['2022-10-03,20:12:53'], dtype='<U19')]]","[[0.   ]
 [0.017]
 [0.034]
 ...
 [5.   ]
 [5.   ]
 [5.   ]]","[[3.4141]
 [3.4453]
 [3.4609]
 ...
 [3.2446]
 [3.2446]
 [3.2446]]","[[3.9994]
 [4.    ]
 [4.    ]
 ...
 [0.    ]
 [0.    ]
 [0.    ]]","[[0.   ]
 [0.001]
 [0.002]
 ...
 [0.   ]
 [0.   ]
 [0.   ]]","[[0.   ]
 [0.004]
 [0.008]
 ...
 [0.   ]
 [0.   ]
 [0.   ]]","[[26.1]
 [26.1]
 [26.1]
 ...
 [26.3]
 [26.3]
 [26.3]]",['2C charge and 1C discharge']
"[[array(['2022-10-03,20:12:54'], dtype='<U19')]
 [array(['2022-10-03,20:12:55'], dtype='<U19')]
 [array(['2022-10-03,20:12:56'], dtype='<U19')]
 ...
 [array(['2022-10-03,22:11:11'], dtype='<U19')]
 [array(['2022-10-03,22:11:12'], dtype='<U19')]
 [array(['2022-10-03,22:11:12'], dtype='<U19')]]","[[0.   ]
 [0.017]
 [0.034]
 ...
 [4.985]
 [5.   ]
 [5.   ]]","[[3.412 ]
 [3.4437]
 [3.4593]
 ...
 [3.2459]
 [3.246 ]
 [3.2459]]","[[3.9994]
 [4.    ]
 [4.0001]
 ...
 [0.    ]
 [0.    ]
 [0.    ]]","[[0.   ]
 [0.001]
 [0.002]
 ...
 [0.   ]
 [0.   ]
 [0.   ]]","[[0.   ]
 [0.004]
 [0.008]
 ...
 [0.   ]
 [0.   ]
 [0.   ]]","[[26.3]
 [26.2]
 [26.2]
 ...
 [26.2]
 [26.2]
 [26.2]]",['2C charge and 1C discharge']
"[[array(['2022-10-03,22:11:13'], dtype='<U19')]
 [array(['2022-10-03,22:11:14'], dtype='<U19')]
 [array(['2022-10-03,22:11:15'], dtype='<U19')]
 ...
 [array(['2022-10-04,00:09:35'], dtype='<U19')]
 [array(['2022-10-04,00:09:35'], dtype='<U19')]
 [array(['2022-10-04,00:09:35'], dtype='<U19')]]","[[0.   ]
 [0.017]
 [0.034]
 ...
 [4.999]
 [5.   ]
 [5.   ]]","[[3.4135]
 [3.4455]
 [3.4612]
 ...
 [3.2462]
 [3.2462]
 [3.2462]]","[[3.9994]
 [4.    ]
 [4.0001]
 ...
 [0.    ]
 [0.    ]
 [0.    ]]","[[0.   ]
 [0.001]
 [0.002]
 ...
 [0.   ]
 [0.   ]
 [0.   ]]","[[0.   ]
 [0.004]
 [0.008]
 ...
 [0.   ]
 [0.   ]
 [0.   ]]","[[26.2]
 [26.2]
 [26.2]
 ...
 [26.2]
 [26.2]
 [26.2]]",['2C charge and 1C discharge']
"[[array(['2022-10-04,00:09:36'], dtype='<U19')]
 [array(['2022-10-04,00:09:37'], dtype='<U19')]
 [array(['2022-10-04,00:09:38'], dtype='<U19')]
 ...
 [array(['2022-10-04,02:07:50'], dtype='<U19')]
 [array(['2022-10-04,02:07:50'], dtype='<U19')]
 [array(['2022-10-04,02:07:51'], dtype='<U19')]]","[[0.   ]
 [0.017]
 [0.034]
 ...
 [5.   ]
 [5.001]
 [5.001]]","[[3.4146]
 [3.4453]
 [3.4612]
 ...
 [3.2473]
 [3.2473]
 [3.2473]]","[[3.9994]
 [4.    ]
 [4.    ]
 ...
 [0.    ]
 [0.    ]
 [0.    ]]","[[0.   ]
 [0.001]
 [0.002]
 ...
 [0.   ]
 [0.   ]
 [0.   ]]","[[0.   ]
 [0.004]
 [0.008]
 ...
 [0.   ]
 [0.   ]
 [0.   ]]","[[26.2]
 [26.2]
 [26.2]
 ...
 [26.1]
 [26.1]
 [26.1]]",['2C charge and 1C discharge']
"[[array(['2022-10-04,02:07:52'], dtype='<U19')]
 [array(['2022-10-04,02:07:53'], dtype='<U19')]
 [array(['2022-10-04,02:07:54'], dtype='<U19')]
 ...
 [array(['2022-10-04,04:06:08'], dtype='<U19')]
 [array(['2022-10-04,04:06:09'], dtype='<U19')]
 [array(['2022-10-04,04:06:09'], dtype='<U19')]]","[[0.   ]
 [0.017]
 [0.034]
 ...
 [4.983]
 [5.   ]
 [5.   ]]","[[3.4169]
 [3.4478]
 [3.4633]
 ...
 [3.2473]
 [3.2474]
 [3.2474]]","[[3.9994]
 [4.    ]
 [4.0001]
 ...
 [0.    ]
 [0.    ]
 [0.    ]]","[[0.   ]
 [0.001]
 [0.002]
 ...
 [0.   ]
 [0.   ]
 [0.   ]]","[[0.   ]
 [0.004]
 [0.008]
 ...
 [0.   ]
 [0.   ]
 [0.   ]]","[[26.1]
 [26.1]
 [26.1]
 ...
 [26.1]
 [26.1]
 [26.1]]",['2C charge and 1C discharge']
"[[array(['2022-10-04,04:06:10'], dtype='<U19')]
 [array(['2022-10-04,04:06:11'], dtype='<U19')]
 [array(['2022-10-04,04:06:12'], dtype='<U19')]
 ...
 [array(['2022-10-04,06:04:27'], dtype='<U19')]
 [array(['2022-10-04,06:04:28'], dtype='<U19')]
 [array(['2022-10-04,06:04:28'], dtype='<U19')]]","[[0.   ]
 [0.017]
 [0.035]
 ...
 [4.996]
 [5.001]
 [5.001]]","[[3.416 ]
 [3.4481]
 [3.463 ]
 ...
 [3.249 ]
 [3.249 ]
 [3.249 ]]","[[3.9994]
 [4.    ]
 [4.    ]
 ...
 [0.    ]
 [0.    ]
 [0.    ]]","[[0.   ]
 [0.001]
 [0.002]
 ...
 [0.   ]
 [0.   ]
 [0.   ]]","[[0.   ]
 [0.004]
 [0.008]
 ...
 [0.   ]
 [0.   ]
 [0.   ]]","[[26.1]
 [26.1]
 [26.1]
 ...
 [26.1]
 [26.1]
 [26.1]]",['2C charge and 1C discharge']
"[[array(['2022-10-04,06:04:29'], dtype='<U19')]
 [array(['2022-10-04,06:04:30'], dtype='<U19')]
 [array(['2022-10-04,06:04:31'], dtype='<U19')]
 ...
 [array(['2022-10-04,08:02:46'], dtype='<U19')]
 [array(['2022-10-04,08:02:46'], dtype='<U19')]
 [array(['2022-10-04,08:02:47'], dtype='<U19')]]","[[0.   ]
 [0.017]
 [0.034]
 ...
 [4.997]
 [5.   ]
 [5.   ]]","[[3.4167]
 [3.4489]
 [3.4647]
 ...
 [3.2499]
 [3.25  ]
 [3.25  ]]","[[3.9994]
 [4.    ]
 [4.    ]
 ...
 [0.    ]
 [0.    ]
 [0.    ]]","[[0.   ]
 [0.001]
 [0.002]
 ...
 [0.   ]
 [0.   ]
 [0.   ]]","[[0.   ]
 [0.004]
 [0.008]
 ...
 [0.   ]
 [0.   ]
 [0.   ]]","[[26.1]
 [26.1]
 [26.1]
 ...
 [25.9]
 [25.9]
 [25.8]]",['2C charge and 1C discharge']
"[[array(['2022-10-04,08:02:47'], dtype='<U19')]
 [array(['2022-10-04,08:02:49'], dtype='<U19')]
 [array(['2022-10-04,08:02:50'], dtype='<U19')]
 ...
 [array(['2022-10-04,10:01:06'], dtype='<U19')]
 [array(['2022-10-04,10:01:07'], dtype='<U19')]
 [array(['2022-10-04,10:01:07'], dtype='<U19')]]","[[0.   ]
 [0.017]
 [0.034]
 ...
 [4.984]
 [5.   ]
 [5.   ]]","[[3.4192]
 [3.4512]
 [3.467 ]
 ...
 [3.251 ]
 [3.2511]
 [3.2511]]","[[3.9994]
 [4.    ]
 [4.    ]
 ...
 [0.    ]
 [0.    ]
 [0.    ]]","[[0.   ]
 [0.001]
 [0.002]
 ...
 [0.   ]
 [0.   ]
 [0.   ]]","[[0.   ]
 [0.004]
 [0.008]
 ...
 [0.   ]
 [0.   ]
 [0.   ]]","[[25.8]
 [25.8]
 [25.8]
 ...
 [25.8]
 [25.8]
 [25.8]]",['2C charge and 1C discharge']
"[[array(['2022-10-04,10:01:08'], dtype='<U19')]
 [array(['2022-10-04,10:01:09'], dtype='<U19')]
 [array(['2022-10-04,10:01:10'], dtype='<U19')]
 ...
 [array(['2022-10-04,11:59:33'], dtype='<U19')]
 [array(['2022-10-04,11:59:34'], dtype='<U19')]
 [array(['2022-10-04,11:59:34'], dtype='<U19')]]","[[0.   ]
 [0.017]
 [0.034]
 ...
 [4.983]
 [5.   ]
 [5.   ]]","[[3.4203]
 [3.4527]
 [3.4684]
 ...
 [3.2534]
 [3.2536]
 [3.2536]]","[[3.9994]
 [4.    ]
 [4.    ]
 ...
 [0.    ]
 [0.    ]
 [0.    ]]","[[0.   ]
 [0.001]
 [0.002]
 ...
 [0.   ]
 [0.   ]
 [0.   ]]","[[0.   ]
 [0.004]
 [0.008]
 ...
 [0.   ]
 [0.   ]
 [0.   ]]","[[25.8]
 [25.8]
 [25.8]
 ...
 [25.7]
 [25.7]
 [25.6]]",['2C charge and 1C discharge']
"[[array(['2022-10-04,11:59:35'], dtype='<U19')]
 [array(['2022-10-04,11:59:36'], dtype='<U19')]
 [array(['2022-10-04,11:59:37'], dtype='<U19')]
 ...
 [array(['2022-10-04,13:58:03'], dtype='<U19')]
 [array(['2022-10-04,13:58:03'], dtype='<U19')]
 [array(['2022-10-04,13:58:03'], dtype='<U19')]]","[[0.   ]
 [0.017]
 [0.034]
 ...
 [5.   ]
 [5.   ]
 [5.   ]]","[[3.4243]
 [3.4564]
 [3.4716]
 ...
 [3.2542]
 [3.2542]
 [3.2542]]","[[3.9994]
 [4.    ]
 [4.    ]
 ...
 [0.    ]
 [0.    ]
 [0.    ]]","[[0.   ]
 [0.001]
 [0.002]
 ...
 [0.   ]
 [0.   ]
 [0.   ]]","[[0.   ]
 [0.004]
 [0.008]
 ...
 [0.   ]
 [0.   ]
 [0.   ]]","[[25.6]
 [25.6]
 [25.6]
 ...
 [25.6]
 [25.6]
 [25.6]]",['2C charge and 1C discharge']
"[[array(['2022-10-04,13:58:04'], dtype='<U19')]
 [array(['2022-10-04,13:58:05'], dtype='<U19')]
 [array(['2022-10-04,13:58:06'], dtype='<U19')]
 ...
 [array(['2022-10-04,15:56:29'], dtype='<U19')]
 [array(['2022-10-04,15:56:29'], dtype='<U19')]
 [array(['2022-10-04,15:56:29'], dtype='<U19')]]","[[0.   ]
 [0.017]
 [0.035]
 ...
 [4.996]
 [5.   ]
 [5.   ]]","[[3.4249]
 [3.457 ]
 [3.4723]
 ...
 [3.2554]
 [3.2557]
 [3.2557]]","[[3.9994]
 [4.    ]
 [4.    ]
 ...
 [0.    ]
 [0.    ]
 [0.    ]]","[[0.   ]
 [0.001]
 [0.002]
 ...
 [0.   ]
 [0.   ]
 [0.   ]]","[[0.   ]
 [0.004]
 [0.008]
 ...
 [0.   ]
 [0.   ]
 [0.   ]]","[[25.6]
 [25.6]
 [25.6]
 ...
 [25.5]
 [25.6]
 [25.6]]",['2C charge and 1C discharge']
"[[array(['2022-10-04,15:56:30'], dtype='<U19')]
 [array(['2022-10-04,15:56:31'], dtype='<U19')]
 [array(['2022-10-04,15:56:32'], dtype='<U19')]
 ...
 [array(['2022-10-04,17:54:57'], dtype='<U19')]
 [array(['2022-10-04,17:54:57'], dtype='<U19')]
 [array(['2022-10-04,17:54:57'], dtype='<U19')]]","[[0.   ]
 [0.017]
 [0.034]
 ...
 [4.999]
 [5.001]
 [5.001]]","[[3.4266]
 [3.4587]
 [3.4739]
 ...
 [3.2565]
 [3.2565]
 [3.2565]]","[[3.9998]
 [4.    ]
 [4.    ]
 ...
 [0.    ]
 [0.    ]
 [0.    ]]","[[0.   ]
 [0.001]
 [0.002]
 ...
 [0.   ]
 [0.   ]
 [0.   ]]","[[0.   ]
 [0.004]
 [0.008]
 ...
 [0.   ]
 [0.   ]
 [0.   ]]","[[25.5]
 [25.5]
 [25.5]
 ...
 [25.4]
 [25.4]
 [25.4]]",['2C charge and 1C discharge']
"[[array(['2022-10-04,17:54:58'], dtype='<U19')]
 [array(['2022-10-04,17:54:59'], dtype='<U19')]
 [array(['2022-10-04,17:55:00'], dtype='<U19')]
 ...
 [array(['2022-10-04,19:53:32'], dtype='<U19')]
 [array(['2022-10-04,19:53:32'], dtype='<U19')]
 [array(['2022-10-04,19:53:32'], dtype='<U19')]]","[[0.   ]
 [0.017]
 [0.034]
 ...
 [4.997]
 [5.001]
 [5.001]]","[[3.4275]
 [3.4598]
 [3.4756]
 ...
 [3.2586]
 [3.2586]
 [3.2586]]","[[3.9994]
 [4.    ]
 [4.    ]
 ...
 [0.    ]
 [0.    ]
 [0.    ]]","[[0.   ]
 [0.001]
 [0.002]
 ...
 [0.   ]
 [0.   ]
 [0.   ]]","[[0.   ]
 [0.004]
 [0.008]
 ...
 [0.   ]
 [0.   ]
 [0.   ]]","[[25.4]
 [25.4]
 [25.4]
 ...
 [25.3]
 [25.3]
 [25.3]]",['2C charge and 1C discharge']
"[[array(['2022-10-04,19:53:33'], dtype='<U19')]
 [array(['2022-10-04,19:53:34'], dtype='<U19')]
 [array(['2022-10-04,19:53:35'], dtype='<U19')]
 ...
 [array(['2022-10-04,21:52:12'], dtype='<U19')]
 [array(['2022-10-04,21:52:12'], dtype='<U19')]
 [array(['2022-10-04,21:52:12'], dtype='<U19')]]","[[0.   ]
 [0.017]
 [0.034]
 ...
 [4.997]
 [5.001]
 [5.001]]","[[3.4301]
 [3.4629]
 [3.4787]
 ...
 [3.2603]
 [3.2603]
 [3.2603]]","[[3.9994]
 [4.    ]
 [4.    ]
 ...
 [0.    ]
 [0.    ]
 [0.    ]]","[[0.   ]
 [0.001]
 [0.002]
 ...
 [0.   ]
 [0.   ]
 [0.   ]]","[[0.   ]
 [0.004]
 [0.008]
 ...
 [0.   ]
 [0.   ]
 [0.   ]]","[[25.3]
 [25.3]
 [25.3]
 ...
 [25.1]
 [25.1]
 [25.1]]",['2C charge and 1C discharge']
"[[array(['2022-10-04,21:52:13'], dtype='<U19')]
 [array(['2022-10-04,21:52:14'], dtype='<U19')]
 [array(['2022-10-04,21:52:15'], dtype='<U19')]
 ...
 [array(['2022-10-04,23:50:48'], dtype='<U19')]
 [array(['2022-10-04,23:50:48'], dtype='<U19')]
 [array(['2022-10-04,23:50:48'], dtype='<U19')]]","[[0.   ]
 [0.017]
 [0.034]
 ...
 [4.997]
 [5.001]
 [5.001]]","[[3.433 ]
 [3.4655]
 [3.4815]
 ...
 [3.2631]
 [3.2631]
 [3.2633]]","[[3.9994]
 [3.9999]
 [4.    ]
 ...
 [0.    ]
 [0.    ]
 [0.    ]]","[[0.   ]
 [0.001]
 [0.002]
 ...
 [0.   ]
 [0.   ]
 [0.   ]]","[[0.   ]
 [0.004]
 [0.008]
 ...
 [0.   ]
 [0.   ]
 [0.   ]]","[[25.1]
 [25.1]
 [25.1]
 ...
 [24.9]
 [24.9]
 [24.9]]",['2C charge and 1C discharge']
"[[array(['2022-10-04,23:50:49'], dtype='<U19')]
 [array(['2022-10-04,23:50:50'], dtype='<U19')]
 [array(['2022-10-04,23:50:51'], dtype='<U19')]
 ...
 [array(['2022-10-05,01:49:33'], dtype='<U19')]
 [array(['2022-10-05,01:49:34'], dtype='<U19')]
 [array(['2022-10-05,01:49:34'], dtype='<U19')]]","[[0.   ]
 [0.017]
 [0.035]
 ...
 [4.997]
 [5.001]
 [5.001]]","[[3.4364]
 [3.4689]
 [3.4858]
 ...
 [3.2636]
 [3.2636]
 [3.2637]]","[[3.9994]
 [3.9999]
 [4.    ]
 ...
 [0.    ]
 [0.    ]
 [0.    ]]","[[0.   ]
 [0.001]
 [0.002]
 ...
 [0.   ]
 [0.   ]
 [0.   ]]","[[0.   ]
 [0.004]
 [0.008]
 ...
 [0.   ]
 [0.   ]
 [0.   ]]","[[24.9]
 [24.9]
 [24.9]
 ...
 [24.9]
 [24.9]
 [24.9]]",['2C charge and 1C discharge']
"[[array(['2022-10-05,01:49:35'], dtype='<U19')]
 [array(['2022-10-05,01:49:36'], dtype='<U19')]
 [array(['2022-10-05,01:49:37'], dtype='<U19')]
 ...
 [array(['2022-10-05,03:48:26'], dtype='<U19')]
 [array(['2022-10-05,03:48:27'], dtype='<U19')]
 [array(['2022-10-05,03:48:27'], dtype='<U19')]]","[[0.   ]
 [0.017]
 [0.034]
 ...
 [4.997]
 [5.001]
 [5.001]]","[[3.4357]
 [3.4692]
 [3.4852]
 ...
 [3.2653]
 [3.2653]
 [3.2653]]","[[3.9994]
 [4.    ]
 [4.    ]
 ...
 [0.    ]
 [0.    ]
 [0.    ]]","[[0.   ]
 [0.001]
 [0.002]
 ...
 [0.   ]
 [0.   ]
 [0.   ]]","[[0.   ]
 [0.004]
 [0.008]
 ...
 [0.   ]
 [0.   ]
 [0.   ]]","[[24.8]
 [24.9]
 [24.9]
 ...
 [24.8]
 [24.8]
 [24.8]]",['2C charge and 1C discharge']
"[[array(['2022-10-05,03:48:28'], dtype='<U19')]
 [array(['2022-10-05,03:48:29'], dtype='<U19')]
 [array(['2022-10-05,03:48:30'], dtype='<U19')]
 ...
 [array(['2022-10-05,05:47:18'], dtype='<U19')]
 [array(['2022-10-05,05:47:18'], dtype='<U19')]
 [array(['2022-10-05,05:47:18'], dtype='<U19')]]","[[0.   ]
 [0.017]
 [0.034]
 ...
 [4.999]
 [5.   ]
 [5.   ]]","[[3.4381]
 [3.4716]
 [3.4876]
 ...
 [3.2671]
 [3.2671]
 [3.2671]]","[[3.9994]
 [4.    ]
 [4.    ]
 ...
 [0.    ]
 [0.    ]
 [0.    ]]","[[0.   ]
 [0.001]
 [0.002]
 ...
 [0.   ]
 [0.   ]
 [0.   ]]","[[0.   ]
 [0.004]
 [0.008]
 ...
 [0.   ]
 [0.   ]
 [0.   ]]","[[24.7]
 [24.7]
 [24.8]
 ...
 [24.7]
 [24.7]
 [24.7]]",['2C charge and 1C discharge']
"[[array(['2022-10-05,05:47:19'], dtype='<U19')]
 [array(['2022-10-05,05:47:20'], dtype='<U19')]
 [array(['2022-10-05,05:47:21'], dtype='<U19')]
 ...
 [array(['2022-10-05,07:46:16'], dtype='<U19')]
 [array(['2022-10-05,07:46:16'], dtype='<U19')]
 [array(['2022-10-05,07:46:17'], dtype='<U19')]]","[[0.   ]
 [0.017]
 [0.034]
 ...
 [4.998]
 [5.   ]
 [5.   ]]","[[3.4406]
 [3.4741]
 [3.4901]
 ...
 [3.2699]
 [3.2699]
 [3.2699]]","[[3.9994]
 [3.9999]
 [4.    ]
 ...
 [0.    ]
 [0.    ]
 [0.    ]]","[[0.   ]
 [0.001]
 [0.002]
 ...
 [0.   ]
 [0.   ]
 [0.   ]]","[[0.   ]
 [0.004]
 [0.008]
 ...
 [0.   ]
 [0.   ]
 [0.   ]]","[[24.7]
 [24.7]
 [24.7]
 ...
 [24.5]
 [24.5]
 [24.5]]",['2C charge and 1C discharge']
"[[array(['2022-10-05,07:46:18'], dtype='<U19')]
 [array(['2022-10-05,07:46:19'], dtype='<U19')]
 [array(['2022-10-05,07:46:20'], dtype='<U19')]
 ...
 [array(['2022-10-05,09:45:19'], dtype='<U19')]
 [array(['2022-10-05,09:45:19'], dtype='<U19')]
 [array(['2022-10-05,09:45:19'], dtype='<U19')]]","[[0.   ]
 [0.017]
 [0.034]
 ...
 [4.999]
 [5.   ]
 [5.   ]]","[[3.445 ]
 [3.4779]
 [3.4938]
 ...
 [3.2713]
 [3.2713]
 [3.2716]]","[[3.9994]
 [4.    ]
 [4.    ]
 ...
 [0.    ]
 [0.    ]
 [0.    ]]","[[0.   ]
 [0.001]
 [0.002]
 ...
 [0.   ]
 [0.   ]
 [0.   ]]","[[0.   ]
 [0.004]
 [0.008]
 ...
 [0.   ]
 [0.   ]
 [0.   ]]","[[24.5]
 [24.5]
 [24.5]
 ...
 [24.3]
 [24.3]
 [24.3]]",['2C charge and 1C discharge']
"[[array(['2022-10-05,09:45:20'], dtype='<U19')]
 [array(['2022-10-05,09:45:21'], dtype='<U19')]
 [array(['2022-10-05,09:45:22'], dtype='<U19')]
 ...
 [array(['2022-10-05,11:44:19'], dtype='<U19')]
 [array(['2022-10-05,11:44:20'], dtype='<U19')]
 [array(['2022-10-05,11:44:21'], dtype='<U19')]]","[[0.   ]
 [0.017]
 [0.034]
 ...
 [4.983]
 [5.   ]
 [5.   ]]","[[3.446 ]
 [3.4799]
 [3.4959]
 ...
 [3.2706]
 [3.2708]
 [3.2708]]","[[3.9994]
 [4.    ]
 [4.    ]
 ...
 [0.    ]
 [0.    ]
 [0.    ]]","[[0.   ]
 [0.001]
 [0.002]
 ...
 [0.   ]
 [0.   ]
 [0.   ]]","[[0.   ]
 [0.004]
 [0.008]
 ...
 [0.   ]
 [0.   ]
 [0.   ]]","[[24.3]
 [24.3]
 [24.3]
 ...
 [24.3]
 [24.3]
 [24.3]]",['2C charge and 1C discharge']
"[[array(['2022-10-05,11:44:22'], dtype='<U19')]
 [array(['2022-10-05,11:44:23'], dtype='<U19')]
 [array(['2022-10-05,11:44:24'], dtype='<U19')]
 ...
 [array(['2022-10-05,13:43:26'], dtype='<U19')]
 [array(['2022-10-05,13:43:26'], dtype='<U19')]
 [array(['2022-10-05,13:43:26'], dtype='<U19')]]","[[0.   ]
 [0.017]
 [0.034]
 ...
 [4.996]
 [5.   ]
 [5.   ]]","[[3.4463]
 [3.4806]
 [3.4964]
 ...
 [3.2737]
 [3.2737]
 [3.2737]]","[[3.9994]
 [4.    ]
 [4.    ]
 ...
 [0.    ]
 [0.    ]
 [0.    ]]","[[0.   ]
 [0.001]
 [0.002]
 ...
 [0.   ]
 [0.   ]
 [0.   ]]","[[0.   ]
 [0.004]
 [0.008]
 ...
 [0.   ]
 [0.   ]
 [0.   ]]","[[24.3]
 [24.3]
 [24.3]
 ...
 [24.3]
 [24.3]
 [24.3]]",['2C charge and 1C discharge']
"[[array(['2022-10-05,13:43:27'], dtype='<U19')]
 [array(['2022-10-05,13:43:28'], dtype='<U19')]
 [array(['2022-10-05,13:43:29'], dtype='<U19')]
 ...
 [array(['2022-10-05,15:42:28'], dtype='<U19')]
 [array(['2022-10-05,15:42:28'], dtype='<U19')]
 [array(['2022-10-05,15:42:28'], dtype='<U19')]]","[[0.   ]
 [0.017]
 [0.034]
 ...
 [4.995]
 [5.   ]
 [5.   ]]","[[3.4512]
 [3.4835]
 [3.4993]
 ...
 [3.2759]
 [3.2759]
 [3.2759]]","[[3.9994]
 [4.    ]
 [4.    ]
 ...
 [0.    ]
 [0.    ]
 [0.    ]]","[[0.   ]
 [0.001]
 [0.002]
 ...
 [0.   ]
 [0.   ]
 [0.   ]]","[[0.   ]
 [0.004]
 [0.008]
 ...
 [0.   ]
 [0.   ]
 [0.   ]]","[[24.2]
 [24.2]
 [24.2]
 ...
 [24. ]
 [24. ]
 [24.1]]",['2C charge and 1C discharge']
"[[array(['2022-10-05,15:42:29'], dtype='<U19')]
 [array(['2022-10-05,15:42:30'], dtype='<U19')]
 [array(['2022-10-05,15:42:31'], dtype='<U19')]
 ...
 [array(['2022-10-05,17:41:45'], dtype='<U19')]
 [array(['2022-10-05,17:41:46'], dtype='<U19')]
 [array(['2022-10-05,17:41:46'], dtype='<U19')]]","[[0.   ]
 [0.017]
 [0.034]
 ...
 [4.995]
 [5.   ]
 [5.   ]]","[[3.4523]
 [3.4859]
 [3.5018]
 ...
 [3.2774]
 [3.2776]
 [3.2776]]","[[3.9994]
 [4.    ]
 [4.    ]
 ...
 [0.    ]
 [0.    ]
 [0.    ]]","[[0.   ]
 [0.001]
 [0.002]
 ...
 [0.   ]
 [0.   ]
 [0.   ]]","[[0.   ]
 [0.004]
 [0.008]
 ...
 [0.   ]
 [0.   ]
 [0.   ]]","[[24. ]
 [24. ]
 [24. ]
 ...
 [23.9]
 [23.9]
 [23.9]]",['2C charge and 1C discharge']
"[[array(['2022-10-05,17:41:47'], dtype='<U19')]
 [array(['2022-10-05,17:41:48'], dtype='<U19')]
 [array(['2022-10-05,17:41:49'], dtype='<U19')]
 ...
 [array(['2022-10-05,19:41:11'], dtype='<U19')]
 [array(['2022-10-05,19:41:11'], dtype='<U19')]
 [array(['2022-10-05,19:41:11'], dtype='<U19')]]","[[0.   ]
 [0.017]
 [0.034]
 ...
 [4.998]
 [5.001]
 [5.001]]","[[3.4535]
 [3.4886]
 [3.5042]
 ...
 [3.2793]
 [3.2793]
 [3.2793]]","[[3.9994]
 [4.    ]
 [4.    ]
 ...
 [0.    ]
 [0.    ]
 [0.    ]]","[[0.   ]
 [0.001]
 [0.002]
 ...
 [0.   ]
 [0.   ]
 [0.   ]]","[[0.   ]
 [0.004]
 [0.008]
 ...
 [0.   ]
 [0.   ]
 [0.   ]]","[[23.9]
 [23.9]
 [23.9]
 ...
 [23.7]
 [23.7]
 [23.7]]",['2C charge and 1C discharge']
"[[array(['2022-10-05,19:41:12'], dtype='<U19')]
 [array(['2022-10-05,19:41:13'], dtype='<U19')]
 [array(['2022-10-05,19:41:14'], dtype='<U19')]
 ...
 [array(['2022-10-05,21:40:40'], dtype='<U19')]
 [array(['2022-10-05,21:40:41'], dtype='<U19')]
 [array(['2022-10-05,21:40:41'], dtype='<U19')]]","[[0.   ]
 [0.017]
 [0.034]
 ...
 [4.983]
 [5.   ]
 [5.   ]]","[[3.4566]
 [3.4906]
 [3.5066]
 ...
 [3.2794]
 [3.2794]
 [3.2796]]","[[3.9994]
 [4.    ]
 [4.    ]
 ...
 [0.    ]
 [0.    ]
 [0.    ]]","[[0.   ]
 [0.001]
 [0.002]
 ...
 [0.   ]
 [0.   ]
 [0.   ]]","[[0.   ]
 [0.004]
 [0.008]
 ...
 [0.   ]
 [0.   ]
 [0.   ]]","[[23.7]
 [23.7]
 [23.7]
 ...
 [23.7]
 [23.7]
 [23.7]]",['2C charge and 1C discharge']
"[[array(['2022-10-05,21:40:42'], dtype='<U19')]
 [array(['2022-10-05,21:40:43'], dtype='<U19')]
 [array(['2022-10-05,21:40:44'], dtype='<U19')]
 ...
 [array(['2022-10-05,23:40:06'], dtype='<U19')]
 [array(['2022-10-05,23:40:06'], dtype='<U19')]
 [array(['2022-10-05,23:40:06'], dtype='<U19')]]","[[0.   ]
 [0.017]
 [0.034]
 ...
 [4.998]
 [5.   ]
 [5.   ]]","[[3.4538]
 [3.4909]
 [3.5072]
 ...
 [3.2806]
 [3.2806]
 [3.2806]]","[[3.9994]
 [4.    ]
 [4.    ]
 ...
 [0.    ]
 [0.    ]
 [0.    ]]","[[0.   ]
 [0.001]
 [0.002]
 ...
 [0.   ]
 [0.   ]
 [0.   ]]","[[0.   ]
 [0.004]
 [0.008]
 ...
 [0.   ]
 [0.   ]
 [0.   ]]","[[23.7]
 [23.7]
 [23.7]
 ...
 [23.6]
 [23.6]
 [23.6]]",['2C charge and 1C discharge']
"[[array(['2022-10-05,23:40:07'], dtype='<U19')]
 [array(['2022-10-05,23:40:08'], dtype='<U19')]
 [array(['2022-10-05,23:40:09'], dtype='<U19')]
 ...
 [array(['2022-10-06,01:39:35'], dtype='<U19')]
 [array(['2022-10-06,01:39:36'], dtype='<U19')]
 [array(['2022-10-06,01:39:36'], dtype='<U19')]]","[[0.   ]
 [0.017]
 [0.034]
 ...
 [4.999]
 [5.001]
 [5.001]]","[[3.4596]
 [3.4932]
 [3.509 ]
 ...
 [3.2817]
 [3.2819]
 [3.2817]]","[[3.9994]
 [4.    ]
 [4.    ]
 ...
 [0.    ]
 [0.    ]
 [0.    ]]","[[0.   ]
 [0.001]
 [0.002]
 ...
 [0.   ]
 [0.   ]
 [0.   ]]","[[0.   ]
 [0.004]
 [0.008]
 ...
 [0.   ]
 [0.   ]
 [0.   ]]","[[23.6]
 [23.6]
 [23.5]
 ...
 [23.4]
 [23.4]
 [23.4]]",['2C charge and 1C discharge']
"[[array(['2022-10-06,01:39:37'], dtype='<U19')]
 [array(['2022-10-06,01:39:38'], dtype='<U19')]
 [array(['2022-10-06,01:39:39'], dtype='<U19')]
 ...
 [array(['2022-10-06,03:39:11'], dtype='<U19')]
 [array(['2022-10-06,03:39:11'], dtype='<U19')]
 [array(['2022-10-06,03:39:11'], dtype='<U19')]]","[[0.   ]
 [0.017]
 [0.034]
 ...
 [4.998]
 [5.001]
 [5.001]]","[[3.459 ]
 [3.4939]
 [3.5102]
 ...
 [3.2826]
 [3.2826]
 [3.2826]]","[[3.9994]
 [4.    ]
 [4.    ]
 ...
 [0.    ]
 [0.    ]
 [0.    ]]","[[0.   ]
 [0.001]
 [0.002]
 ...
 [0.   ]
 [0.   ]
 [0.   ]]","[[0.   ]
 [0.004]
 [0.008]
 ...
 [0.   ]
 [0.   ]
 [0.   ]]","[[23.4]
 [23.4]
 [23.4]
 ...
 [23.4]
 [23.4]
 [23.4]]",['2C charge and 1C discharge']
"[[array(['2022-10-06,03:39:12'], dtype='<U19')]
 [array(['2022-10-06,03:39:13'], dtype='<U19')]
 [array(['2022-10-06,03:39:14'], dtype='<U19')]
 ...
 [array(['2022-10-06,05:38:38'], dtype='<U19')]
 [array(['2022-10-06,05:38:39'], dtype='<U19')]
 [array(['2022-10-06,05:38:39'], dtype='<U19')]]","[[0.   ]
 [0.017]
 [0.035]
 ...
 [4.984]
 [5.   ]
 [5.   ]]","[[3.4603]
 [3.4959]
 [3.5115]
 ...
 [3.2831]
 [3.2832]
 [3.2831]]","[[3.9994]
 [4.    ]
 [4.    ]
 ...
 [0.    ]
 [0.    ]
 [0.    ]]","[[0.   ]
 [0.001]
 [0.002]
 ...
 [0.   ]
 [0.   ]
 [0.   ]]","[[0.   ]
 [0.004]
 [0.008]
 ...
 [0.   ]
 [0.   ]
 [0.   ]]","[[23.4]
 [23.4]
 [23.4]
 ...
 [23.5]
 [23.5]
 [23.5]]",['2C charge and 1C discharge']
"[[array(['2022-10-06,05:38:40'], dtype='<U19')]
 [array(['2022-10-06,05:38:41'], dtype='<U19')]
 [array(['2022-10-06,05:38:42'], dtype='<U19')]
 ...
 [array(['2022-10-06,07:38:13'], dtype='<U19')]
 [array(['2022-10-06,07:38:13'], dtype='<U19')]
 [array(['2022-10-06,07:38:13'], dtype='<U19')]]","[[0.   ]
 [0.017]
 [0.034]
 ...
 [4.998]
 [5.   ]
 [5.   ]]","[[3.4609]
 [3.4958]
 [3.5119]
 ...
 [3.2854]
 [3.2854]
 [3.2854]]","[[3.9994]
 [4.    ]
 [4.    ]
 ...
 [0.    ]
 [0.    ]
 [0.    ]]","[[0.   ]
 [0.001]
 [0.002]
 ...
 [0.   ]
 [0.   ]
 [0.   ]]","[[0.   ]
 [0.004]
 [0.008]
 ...
 [0.   ]
 [0.   ]
 [0.   ]]","[[23.5]
 [23.4]
 [23.5]
 ...
 [23.3]
 [23.4]
 [23.4]]",['2C charge and 1C discharge']
"[[array(['2022-10-06,07:38:14'], dtype='<U19')]
 [array(['2022-10-06,07:38:15'], dtype='<U19')]
 [array(['2022-10-06,07:38:16'], dtype='<U19')]
 ...
 [array(['2022-10-06,09:37:51'], dtype='<U19')]
 [array(['2022-10-06,09:37:51'], dtype='<U19')]
 [array(['2022-10-06,09:37:51'], dtype='<U19')]]","[[0.   ]
 [0.017]
 [0.034]
 ...
 [4.999]
 [5.   ]
 [5.   ]]","[[3.4644]
 [3.4989]
 [3.5149]
 ...
 [3.286 ]
 [3.286 ]
 [3.286 ]]","[[3.9998]
 [4.    ]
 [4.    ]
 ...
 [0.    ]
 [0.    ]
 [0.    ]]","[[0.   ]
 [0.001]
 [0.002]
 ...
 [0.   ]
 [0.   ]
 [0.   ]]","[[0.   ]
 [0.004]
 [0.008]
 ...
 [0.   ]
 [0.   ]
 [0.   ]]","[[23.3]
 [23.3]
 [23.4]
 ...
 [23.4]
 [23.4]
 [23.3]]",['2C charge and 1C discharge']
"[[array(['2022-10-06,09:37:52'], dtype='<U19')]
 [array(['2022-10-06,09:37:53'], dtype='<U19')]
 [array(['2022-10-06,09:37:54'], dtype='<U19')]
 ...
 [array(['2022-10-06,11:37:26'], dtype='<U19')]
 [array(['2022-10-06,11:37:26'], dtype='<U19')]
 [array(['2022-10-06,11:37:26'], dtype='<U19')]]","[[0.   ]
 [0.017]
 [0.034]
 ...
 [4.998]
 [5.001]
 [5.001]]","[[3.4658]
 [3.4996]
 [3.5155]
 ...
 [3.2865]
 [3.2865]
 [3.2865]]","[[3.9994]
 [3.9999]
 [4.0001]
 ...
 [0.    ]
 [0.    ]
 [0.    ]]","[[0.   ]
 [0.001]
 [0.002]
 ...
 [0.   ]
 [0.   ]
 [0.   ]]","[[0.   ]
 [0.004]
 [0.008]
 ...
 [0.   ]
 [0.   ]
 [0.   ]]","[[23.4]
 [23.4]
 [23.4]
 ...
 [23.3]
 [23.3]
 [23.3]]",['2C charge and 1C discharge']
"[[array(['2022-10-06,11:37:27'], dtype='<U19')]
 [array(['2022-10-06,11:37:28'], dtype='<U19')]
 [array(['2022-10-06,11:37:29'], dtype='<U19')]
 ...
 [array(['2022-10-06,13:37:03'], dtype='<U19')]
 [array(['2022-10-06,13:37:03'], dtype='<U19')]
 [array(['2022-10-06,13:37:03'], dtype='<U19')]]","[[0.   ]
 [0.017]
 [0.034]
 ...
 [4.999]
 [5.   ]
 [5.   ]]","[[3.4649]
 [3.4992]
 [3.5156]
 ...
 [3.288 ]
 [3.288 ]
 [3.288 ]]","[[3.9994]
 [4.    ]
 [4.    ]
 ...
 [0.    ]
 [0.    ]
 [0.    ]]","[[0.   ]
 [0.001]
 [0.002]
 ...
 [0.   ]
 [0.   ]
 [0.   ]]","[[0.   ]
 [0.004]
 [0.008]
 ...
 [0.   ]
 [0.   ]
 [0.   ]]","[[23.3]
 [23.3]
 [23.3]
 ...
 [23.2]
 [23.2]
 [23.2]]",['2C charge and 1C discharge']
"[[array(['2022-10-06,13:37:04'], dtype='<U19')]
 [array(['2022-10-06,13:37:05'], dtype='<U19')]
 [array(['2022-10-06,13:37:06'], dtype='<U19')]
 ...
 [array(['2022-10-06,15:36:42'], dtype='<U19')]
 [array(['2022-10-06,15:36:43'], dtype='<U19')]
 [array(['2022-10-06,15:36:43'], dtype='<U19')]]","[[0.   ]
 [0.017]
 [0.034]
 ...
 [4.984]
 [5.   ]
 [5.   ]]","[[3.4664]
 [3.5018]
 [3.5181]
 ...
 [3.2863]
 [3.2865]
 [3.2865]]","[[3.9994]
 [4.    ]
 [4.    ]
 ...
 [0.    ]
 [0.    ]
 [0.    ]]","[[0.   ]
 [0.001]
 [0.002]
 ...
 [0.   ]
 [0.   ]
 [0.   ]]","[[0.   ]
 [0.004]
 [0.008]
 ...
 [0.   ]
 [0.   ]
 [0.   ]]","[[23.1]
 [23.2]
 [23.1]
 ...
 [23.3]
 [23.3]
 [23.3]]",['2C charge and 1C discharge']
"[[array(['2022-10-06,15:36:44'], dtype='<U19')]
 [array(['2022-10-06,15:36:45'], dtype='<U19')]
 [array(['2022-10-06,15:36:46'], dtype='<U19')]
 ...
 [array(['2022-10-06,17:36:14'], dtype='<U19')]
 [array(['2022-10-06,17:36:14'], dtype='<U19')]
 [array(['2022-10-06,17:36:14'], dtype='<U19')]]","[[0.   ]
 [0.017]
 [0.034]
 ...
 [4.999]
 [5.   ]
 [5.   ]]","[[3.4666]
 [3.5004]
 [3.5165]
 ...
 [3.2869]
 [3.2868]
 [3.2869]]","[[3.9994]
 [4.    ]
 [4.0001]
 ...
 [0.    ]
 [0.    ]
 [0.    ]]","[[0.   ]
 [0.001]
 [0.002]
 ...
 [0.   ]
 [0.   ]
 [0.   ]]","[[0.   ]
 [0.004]
 [0.008]
 ...
 [0.   ]
 [0.   ]
 [0.   ]]","[[23.3]
 [23.3]
 [23.3]
 ...
 [23.3]
 [23.3]
 [23.2]]",['2C charge and 1C discharge']
"[[array(['2022-10-06,17:36:15'], dtype='<U19')]
 [array(['2022-10-06,17:36:16'], dtype='<U19')]
 [array(['2022-10-06,17:36:17'], dtype='<U19')]
 ...
 [array(['2022-10-06,19:35:52'], dtype='<U19')]
 [array(['2022-10-06,19:35:52'], dtype='<U19')]
 [array(['2022-10-06,19:35:52'], dtype='<U19')]]","[[0.   ]
 [0.017]
 [0.035]
 ...
 [4.998]
 [5.001]
 [5.001]]","[[3.4658]
 [3.501 ]
 [3.517 ]
 ...
 [3.2885]
 [3.2886]
 [3.2886]]","[[3.9998]
 [4.    ]
 [4.    ]
 ...
 [0.    ]
 [0.    ]
 [0.    ]]","[[0.   ]
 [0.001]
 [0.002]
 ...
 [0.   ]
 [0.   ]
 [0.   ]]","[[0.   ]
 [0.004]
 [0.008]
 ...
 [0.   ]
 [0.   ]
 [0.   ]]","[[23.2]
 [23.2]
 [23.2]
 ...
 [23. ]
 [23. ]
 [23. ]]",['2C charge and 1C discharge']
"[[array(['2022-10-06,19:35:53'], dtype='<U19')]
 [array(['2022-10-06,19:35:54'], dtype='<U19')]
 [array(['2022-10-06,19:35:55'], dtype='<U19')]
 ...
 [array(['2022-10-06,21:35:36'], dtype='<U19')]
 [array(['2022-10-06,21:35:36'], dtype='<U19')]
 [array(['2022-10-06,21:35:36'], dtype='<U19')]]","[[0.   ]
 [0.017]
 [0.034]
 ...
 [4.999]
 [5.   ]
 [5.   ]]","[[3.4686]
 [3.5036]
 [3.5198]
 ...
 [3.2882]
 [3.2882]
 [3.2883]]","[[3.9994]
 [3.9999]
 [4.    ]
 ...
 [0.    ]
 [0.    ]
 [0.    ]]","[[0.   ]
 [0.001]
 [0.002]
 ...
 [0.   ]
 [0.   ]
 [0.   ]]","[[0.   ]
 [0.004]
 [0.008]
 ...
 [0.   ]
 [0.   ]
 [0.   ]]","[[23. ]
 [23. ]
 [23. ]
 ...
 [23.3]
 [23.3]
 [23.3]]",['2C charge and 1C discharge']
"[[array(['2022-10-06,21:35:37'], dtype='<U19')]
 [array(['2022-10-06,21:35:38'], dtype='<U19')]
 [array(['2022-10-06,21:35:39'], dtype='<U19')]
 ...
 [array(['2022-10-06,23:35:08'], dtype='<U19')]
 [array(['2022-10-06,23:35:09'], dtype='<U19')]
 [array(['2022-10-06,23:35:09'], dtype='<U19')]]","[[0.   ]
 [0.017]
 [0.034]
 ...
 [4.998]
 [5.   ]
 [5.   ]]","[[3.4664]
 [3.5015]
 [3.5179]
 ...
 [3.2883]
 [3.2885]
 [3.2883]]","[[3.9994]
 [4.    ]
 [4.    ]
 ...
 [0.    ]
 [0.    ]
 [0.    ]]","[[0.   ]
 [0.001]
 [0.002]
 ...
 [0.   ]
 [0.   ]
 [0.   ]]","[[0.   ]
 [0.004]
 [0.008]
 ...
 [0.   ]
 [0.   ]
 [0.   ]]","[[23.3]
 [23.3]
 [23.3]
 ...
 [23.2]
 [23.2]
 [23.2]]",['2C charge and 1C discharge']
"[[array(['2022-10-06,23:35:10'], dtype='<U19')]
 [array(['2022-10-06,23:35:11'], dtype='<U19')]
 [array(['2022-10-06,23:35:12'], dtype='<U19')]
 ...
 [array(['2022-10-07,01:34:45'], dtype='<U19')]
 [array(['2022-10-07,01:34:46'], dtype='<U19')]
 [array(['2022-10-07,01:34:46'], dtype='<U19')]]","[[0.   ]
 [0.017]
 [0.034]
 ...
 [4.985]
 [5.001]
 [5.001]]","[[3.4675]
 [3.5026]
 [3.5189]
 ...
 [3.2908]
 [3.2908]
 [3.2908]]","[[3.9998]
 [4.    ]
 [4.0001]
 ...
 [0.    ]
 [0.    ]
 [0.    ]]","[[0.   ]
 [0.001]
 [0.002]
 ...
 [0.   ]
 [0.   ]
 [0.   ]]","[[0.   ]
 [0.004]
 [0.008]
 ...
 [0.   ]
 [0.   ]
 [0.   ]]","[[23.1]
 [23.2]
 [23.1]
 ...
 [23. ]
 [23. ]
 [23. ]]",['2C charge and 1C discharge']
"[[array(['2022-10-07,01:34:47'], dtype='<U19')]
 [array(['2022-10-07,01:34:48'], dtype='<U19')]
 [array(['2022-10-07,01:34:49'], dtype='<U19')]
 ...
 [array(['2022-10-07,03:34:26'], dtype='<U19')]
 [array(['2022-10-07,03:34:26'], dtype='<U19')]
 [array(['2022-10-07,03:34:26'], dtype='<U19')]]","[[0.   ]
 [0.017]
 [0.034]
 ...
 [4.999]
 [5.   ]
 [5.   ]]","[[3.4743]
 [3.5058]
 [3.5221]
 ...
 [3.2919]
 [3.2919]
 [3.292 ]]","[[3.9994]
 [4.    ]
 [4.    ]
 ...
 [0.    ]
 [0.    ]
 [0.    ]]","[[0.   ]
 [0.001]
 [0.002]
 ...
 [0.   ]
 [0.   ]
 [0.   ]]","[[0.   ]
 [0.004]
 [0.008]
 ...
 [0.   ]
 [0.   ]
 [0.   ]]","[[23. ]
 [23. ]
 [23. ]
 ...
 [22.9]
 [22.9]
 [22.9]]",['2C charge and 1C discharge']
"[[array(['2022-10-07,03:34:27'], dtype='<U19')]
 [array(['2022-10-07,03:34:28'], dtype='<U19')]
 [array(['2022-10-07,03:34:29'], dtype='<U19')]
 ...
 [array(['2022-10-07,05:34:12'], dtype='<U19')]
 [array(['2022-10-07,05:34:12'], dtype='<U19')]
 [array(['2022-10-07,05:34:12'], dtype='<U19')]]","[[0.   ]
 [0.017]
 [0.034]
 ...
 [5.   ]
 [5.001]
 [5.001]]","[[3.4719]
 [3.5073]
 [3.5236]
 ...
 [3.2929]
 [3.2931]
 [3.2931]]","[[3.9994]
 [4.    ]
 [4.0001]
 ...
 [0.    ]
 [0.    ]
 [0.    ]]","[[0.   ]
 [0.001]
 [0.002]
 ...
 [0.   ]
 [0.   ]
 [0.   ]]","[[0.   ]
 [0.004]
 [0.008]
 ...
 [0.   ]
 [0.   ]
 [0.   ]]","[[22.9]
 [22.9]
 [22.9]
 ...
 [22.9]
 [22.9]
 [22.9]]",['2C charge and 1C discharge']
"[[array(['2022-10-07,05:34:13'], dtype='<U19')]
 [array(['2022-10-07,05:34:14'], dtype='<U19')]
 [array(['2022-10-07,05:34:15'], dtype='<U19')]
 ...
 [array(['2022-10-07,07:33:48'], dtype='<U19')]
 [array(['2022-10-07,07:33:49'], dtype='<U19')]
 [array(['2022-10-07,07:33:49'], dtype='<U19')]]","[[0.   ]
 [0.017]
 [0.034]
 ...
 [4.983]
 [5.   ]
 [5.   ]]","[[3.4724]
 [3.5084]
 [3.5247]
 ...
 [3.2926]
 [3.2931]
 [3.2929]]","[[3.9994]
 [3.9999]
 [4.    ]
 ...
 [0.    ]
 [0.    ]
 [0.    ]]","[[0.   ]
 [0.001]
 [0.002]
 ...
 [0.   ]
 [0.   ]
 [0.   ]]","[[0.   ]
 [0.004]
 [0.008]
 ...
 [0.   ]
 [0.   ]
 [0.   ]]","[[22.9]
 [22.8]
 [22.8]
 ...
 [22.9]
 [22.9]
 [22.9]]",['2C charge and 1C discharge']
"[[array(['2022-10-07,07:33:50'], dtype='<U19')]
 [array(['2022-10-07,07:33:51'], dtype='<U19')]
 [array(['2022-10-07,07:33:53'], dtype='<U19')]
 ...
 [array(['2022-10-07,09:33:34'], dtype='<U19')]
 [array(['2022-10-07,09:33:34'], dtype='<U19')]
 [array(['2022-10-07,09:33:35'], dtype='<U19')]]","[[0.   ]
 [0.017]
 [0.034]
 ...
 [4.999]
 [5.001]
 [5.001]]","[[3.4736]
 [3.509 ]
 [3.5252]
 ...
 [3.2929]
 [3.2931]
 [3.2931]]","[[3.9994]
 [4.    ]
 [4.    ]
 ...
 [0.    ]
 [0.    ]
 [0.    ]]","[[0.   ]
 [0.001]
 [0.002]
 ...
 [0.   ]
 [0.   ]
 [0.   ]]","[[0.   ]
 [0.004]
 [0.008]
 ...
 [0.   ]
 [0.   ]
 [0.   ]]","[[22.8]
 [22.8]
 [22.8]
 ...
 [22.8]
 [22.8]
 [22.8]]",['2C charge and 1C discharge']
"[[array(['2022-10-07,09:33:36'], dtype='<U19')]
 [array(['2022-10-07,09:33:37'], dtype='<U19')]
 [array(['2022-10-07,09:33:38'], dtype='<U19')]
 ...
 [array(['2022-10-07,11:33:22'], dtype='<U19')]
 [array(['2022-10-07,11:33:22'], dtype='<U19')]
 [array(['2022-10-07,11:33:22'], dtype='<U19')]]","[[0.   ]
 [0.017]
 [0.034]
 ...
 [4.999]
 [5.   ]
 [5.   ]]","[[3.4752]
 [3.5096]
 [3.5256]
 ...
 [3.294 ]
 [3.294 ]
 [3.294 ]]","[[3.9998]
 [4.    ]
 [4.    ]
 ...
 [0.    ]
 [0.    ]
 [0.    ]]","[[0.   ]
 [0.001]
 [0.002]
 ...
 [0.   ]
 [0.   ]
 [0.   ]]","[[0.   ]
 [0.004]
 [0.008]
 ...
 [0.   ]
 [0.   ]
 [0.   ]]","[[22.8]
 [22.8]
 [22.8]
 ...
 [22.8]
 [22.8]
 [22.8]]",['2C charge and 1C discharge']
"[[array(['2022-10-07,11:33:23'], dtype='<U19')]
 [array(['2022-10-07,11:33:24'], dtype='<U19')]
 [array(['2022-10-07,11:33:25'], dtype='<U19')]
 ...
 [array(['2022-10-07,13:33:06'], dtype='<U19')]
 [array(['2022-10-07,13:33:07'], dtype='<U19')]
 [array(['2022-10-07,13:33:07'], dtype='<U19')]]","[[0.   ]
 [0.017]
 [0.034]
 ...
 [5.   ]
 [5.   ]
 [5.   ]]","[[3.4752]
 [3.5104]
 [3.5264]
 ...
 [3.2951]
 [3.2951]
 [3.2954]]","[[3.9994]
 [4.    ]
 [4.    ]
 ...
 [0.    ]
 [0.    ]
 [0.    ]]","[[0.   ]
 [0.001]
 [0.002]
 ...
 [0.   ]
 [0.   ]
 [0.   ]]","[[0.   ]
 [0.004]
 [0.008]
 ...
 [0.   ]
 [0.   ]
 [0.   ]]","[[22.8]
 [22.8]
 [22.8]
 ...
 [22.7]
 [22.7]
 [22.7]]",['2C charge and 1C discharge']
"[[array(['2022-10-07,13:33:08'], dtype='<U19')]
 [array(['2022-10-07,13:33:09'], dtype='<U19')]
 [array(['2022-10-07,13:33:10'], dtype='<U19')]
 ...
 [array(['2022-10-07,15:32:55'], dtype='<U19')]
 [array(['2022-10-07,15:32:55'], dtype='<U19')]
 [array(['2022-10-07,15:32:55'], dtype='<U19')]]","[[0.   ]
 [0.017]
 [0.034]
 ...
 [4.999]
 [5.   ]
 [5.   ]]","[[3.4778]
 [3.5125]
 [3.5282]
 ...
 [3.2951]
 [3.2948]
 [3.2949]]","[[3.9998]
 [4.0001]
 [4.0001]
 ...
 [0.    ]
 [0.    ]
 [0.    ]]","[[0.   ]
 [0.001]
 [0.002]
 ...
 [0.   ]
 [0.   ]
 [0.   ]]","[[0.   ]
 [0.004]
 [0.008]
 ...
 [0.   ]
 [0.   ]
 [0.   ]]","[[22.7]
 [22.7]
 [22.7]
 ...
 [22.7]
 [22.7]
 [22.7]]",['2C charge and 1C discharge']
"[[array(['2022-10-07,15:32:56'], dtype='<U19')]
 [array(['2022-10-07,15:32:57'], dtype='<U19')]
 [array(['2022-10-07,15:32:58'], dtype='<U19')]
 ...
 [array(['2022-10-07,17:32:44'], dtype='<U19')]
 [array(['2022-10-07,17:32:44'], dtype='<U19')]
 [array(['2022-10-07,17:32:44'], dtype='<U19')]]","[[0.   ]
 [0.017]
 [0.034]
 ...
 [4.997]
 [5.   ]
 [5.   ]]","[[3.4746]
 [3.5119]
 [3.5275]
 ...
 [3.2951]
 [3.2951]
 [3.2951]]","[[3.9998]
 [4.    ]
 [4.    ]
 ...
 [0.    ]
 [0.    ]
 [0.    ]]","[[0.   ]
 [0.001]
 [0.002]
 ...
 [0.   ]
 [0.   ]
 [0.   ]]","[[0.   ]
 [0.004]
 [0.008]
 ...
 [0.   ]
 [0.   ]
 [0.   ]]","[[22.7]
 [22.7]
 [22.7]
 ...
 [22.6]
 [22.6]
 [22.6]]",['2C charge and 1C discharge']
"[[array(['2022-10-07,17:32:45'], dtype='<U19')]
 [array(['2022-10-07,17:32:46'], dtype='<U19')]
 [array(['2022-10-07,17:32:47'], dtype='<U19')]
 ...
 [array(['2022-10-07,19:32:37'], dtype='<U19')]
 [array(['2022-10-07,19:32:37'], dtype='<U19')]
 [array(['2022-10-07,19:32:38'], dtype='<U19')]]","[[0.   ]
 [0.017]
 [0.034]
 ...
 [4.996]
 [5.   ]
 [5.   ]]","[[3.4769]
 [3.5125]
 [3.5285]
 ...
 [3.2959]
 [3.296 ]
 [3.2959]]","[[3.9994]
 [4.    ]
 [4.    ]
 ...
 [0.    ]
 [0.    ]
 [0.    ]]","[[0.   ]
 [0.001]
 [0.002]
 ...
 [0.   ]
 [0.   ]
 [0.   ]]","[[0.   ]
 [0.004]
 [0.008]
 ...
 [0.   ]
 [0.   ]
 [0.   ]]","[[22.6]
 [22.6]
 [22.6]
 ...
 [22.7]
 [22.7]
 [22.7]]",['2C charge and 1C discharge']
"[[array(['2022-10-07,19:32:39'], dtype='<U19')]
 [array(['2022-10-07,19:32:40'], dtype='<U19')]
 [array(['2022-10-07,19:32:41'], dtype='<U19')]
 ...
 [array(['2022-10-07,21:32:28'], dtype='<U19')]
 [array(['2022-10-07,21:32:28'], dtype='<U19')]
 [array(['2022-10-07,21:32:28'], dtype='<U19')]]","[[0.   ]
 [0.017]
 [0.034]
 ...
 [5.   ]
 [5.001]
 [5.001]]","[[3.4763]
 [3.5125]
 [3.5289]
 ...
 [3.2954]
 [3.2954]
 [3.2954]]","[[3.9994]
 [3.9999]
 [4.    ]
 ...
 [0.    ]
 [0.    ]
 [0.    ]]","[[0.   ]
 [0.001]
 [0.002]
 ...
 [0.   ]
 [0.   ]
 [0.   ]]","[[0.   ]
 [0.004]
 [0.008]
 ...
 [0.   ]
 [0.   ]
 [0.   ]]","[[22.7]
 [22.6]
 [22.6]
 ...
 [22.7]
 [22.7]
 [22.7]]",['2C charge and 1C discharge']
"[[array(['2022-10-07,21:32:29'], dtype='<U19')]
 [array(['2022-10-07,21:32:30'], dtype='<U19')]
 [array(['2022-10-07,21:32:31'], dtype='<U19')]
 ...
 [array(['2022-10-07,23:32:13'], dtype='<U19')]
 [array(['2022-10-07,23:32:13'], dtype='<U19')]
 [array(['2022-10-07,23:32:13'], dtype='<U19')]]","[[0.   ]
 [0.017]
 [0.034]
 ...
 [4.999]
 [5.   ]
 [5.   ]]","[[3.4753]
 [3.5115]
 [3.5281]
 ...
 [3.2962]
 [3.2965]
 [3.2962]]","[[3.9994]
 [4.    ]
 [4.0001]
 ...
 [0.    ]
 [0.    ]
 [0.    ]]","[[0.   ]
 [0.001]
 [0.002]
 ...
 [0.   ]
 [0.   ]
 [0.   ]]","[[0.   ]
 [0.004]
 [0.008]
 ...
 [0.   ]
 [0.   ]
 [0.   ]]","[[22.7]
 [22.7]
 [22.7]
 ...
 [22.6]
 [22.6]
 [22.6]]",['2C charge and 1C discharge']
"[[array(['2022-10-07,23:32:14'], dtype='<U19')]
 [array(['2022-10-07,23:32:15'], dtype='<U19')]
 [array(['2022-10-07,23:32:16'], dtype='<U19')]
 ...
 [array(['2022-10-08,01:31:55'], dtype='<U19')]
 [array(['2022-10-08,01:31:55'], dtype='<U19')]
 [array(['2022-10-08,01:31:55'], dtype='<U19')]]","[[0.   ]
 [0.017]
 [0.034]
 ...
 [4.997]
 [5.001]
 [5.001]]","[[3.4761]
 [3.5135]
 [3.5302]
 ...
 [3.2966]
 [3.2965]
 [3.2965]]","[[3.9994]
 [4.    ]
 [4.0001]
 ...
 [0.    ]
 [0.    ]
 [0.    ]]","[[0.   ]
 [0.001]
 [0.002]
 ...
 [0.   ]
 [0.   ]
 [0.   ]]","[[0.   ]
 [0.004]
 [0.008]
 ...
 [0.   ]
 [0.   ]
 [0.   ]]","[[22.6]
 [22.6]
 [22.6]
 ...
 [22.6]
 [22.6]
 [22.6]]",['2C charge and 1C discharge']
"[[array(['2022-10-08,01:31:56'], dtype='<U19')]
 [array(['2022-10-08,01:31:57'], dtype='<U19')]
 [array(['2022-10-08,01:31:58'], dtype='<U19')]
 ...
 [array(['2022-10-08,03:31:39'], dtype='<U19')]
 [array(['2022-10-08,03:31:39'], dtype='<U19')]
 [array(['2022-10-08,03:31:39'], dtype='<U19')]]","[[0.   ]
 [0.017]
 [0.034]
 ...
 [4.997]
 [5.   ]
 [5.   ]]","[[3.4779]
 [3.5136]
 [3.5298]
 ...
 [3.2976]
 [3.2979]
 [3.2974]]","[[3.9994]
 [3.9999]
 [3.9999]
 ...
 [0.    ]
 [0.    ]
 [0.    ]]","[[0.   ]
 [0.001]
 [0.002]
 ...
 [0.   ]
 [0.   ]
 [0.   ]]","[[0.   ]
 [0.004]
 [0.008]
 ...
 [0.   ]
 [0.   ]
 [0.   ]]","[[22.6]
 [22.6]
 [22.6]
 ...
 [22.6]
 [22.6]
 [22.6]]",['2C charge and 1C discharge']
"[[array(['2022-10-08,03:31:40'], dtype='<U19')]
 [array(['2022-10-08,03:31:41'], dtype='<U19')]
 [array(['2022-10-08,03:31:42'], dtype='<U19')]
 ...
 [array(['2022-10-08,05:31:22'], dtype='<U19')]
 [array(['2022-10-08,05:31:23'], dtype='<U19')]
 [array(['2022-10-08,05:31:23'], dtype='<U19')]]","[[0.   ]
 [0.017]
 [0.034]
 ...
 [4.983]
 [5.001]
 [5.001]]","[[3.4789]
 [3.515 ]
 [3.5312]
 ...
 [3.2985]
 [3.2979]
 [3.2983]]","[[3.9994]
 [4.0001]
 [4.0001]
 ...
 [0.    ]
 [0.    ]
 [0.    ]]","[[0.   ]
 [0.001]
 [0.002]
 ...
 [0.   ]
 [0.   ]
 [0.   ]]","[[0.   ]
 [0.004]
 [0.008]
 ...
 [0.   ]
 [0.   ]
 [0.   ]]","[[22.6]
 [22.6]
 [22.6]
 ...
 [22.6]
 [22.6]
 [22.5]]",['2C charge and 1C discharge']
"[[array(['2022-10-08,05:31:24'], dtype='<U19')]
 [array(['2022-10-08,05:31:25'], dtype='<U19')]
 [array(['2022-10-08,05:31:26'], dtype='<U19')]
 ...
 [array(['2022-10-08,07:31:06'], dtype='<U19')]
 [array(['2022-10-08,07:31:06'], dtype='<U19')]
 [array(['2022-10-08,07:31:06'], dtype='<U19')]]","[[0.   ]
 [0.017]
 [0.034]
 ...
 [4.999]
 [5.   ]
 [5.   ]]","[[3.4798]
 [3.5156]
 [3.5322]
 ...
 [3.2986]
 [3.2985]
 [3.2983]]","[[4.0001]
 [4.    ]
 [4.0001]
 ...
 [0.    ]
 [0.    ]
 [0.    ]]","[[0.   ]
 [0.001]
 [0.002]
 ...
 [0.   ]
 [0.   ]
 [0.   ]]","[[0.   ]
 [0.004]
 [0.008]
 ...
 [0.   ]
 [0.   ]
 [0.   ]]","[[22.6]
 [22.5]
 [22.5]
 ...
 [22.6]
 [22.6]
 [22.6]]",['2C charge and 1C discharge']
"[[array(['2022-10-08,07:31:07'], dtype='<U19')]
 [array(['2022-10-08,07:31:08'], dtype='<U19')]
 [array(['2022-10-08,07:31:09'], dtype='<U19')]
 ...
 [array(['2022-10-08,09:30:55'], dtype='<U19')]
 [array(['2022-10-08,09:30:56'], dtype='<U19')]
 [array(['2022-10-08,09:30:56'], dtype='<U19')]]","[[0.   ]
 [0.017]
 [0.035]
 ...
 [4.983]
 [5.001]
 [5.001]]","[[3.4801]
 [3.5161]
 [3.5322]
 ...
 [3.2992]
 [3.2989]
 [3.2991]]","[[3.9994]
 [3.9999]
 [3.9999]
 ...
 [0.    ]
 [0.    ]
 [0.    ]]","[[0.   ]
 [0.001]
 [0.002]
 ...
 [0.   ]
 [0.   ]
 [0.   ]]","[[0.   ]
 [0.004]
 [0.008]
 ...
 [0.   ]
 [0.   ]
 [0.   ]]","[[22.5]
 [22.5]
 [22.5]
 ...
 [22.5]
 [22.5]
 [22.5]]",['2C charge and 1C discharge']
"[[array(['2022-10-08,09:30:57'], dtype='<U19')]
 [array(['2022-10-08,09:30:58'], dtype='<U19')]
 [array(['2022-10-08,09:30:59'], dtype='<U19')]
 ...
 [array(['2022-10-08,11:30:46'], dtype='<U19')]
 [array(['2022-10-08,11:30:47'], dtype='<U19')]
 [array(['2022-10-08,11:30:47'], dtype='<U19')]]","[[0.   ]
 [0.017]
 [0.034]
 ...
 [4.986]
 [5.   ]
 [5.   ]]","[[3.4815]
 [3.5167]
 [3.5325]
 ...
 [3.2977]
 [3.2979]
 [3.2982]]","[[3.9998]
 [4.0002]
 [3.9999]
 ...
 [0.    ]
 [0.    ]
 [0.    ]]","[[0.   ]
 [0.001]
 [0.002]
 ...
 [0.   ]
 [0.   ]
 [0.   ]]","[[0.   ]
 [0.004]
 [0.008]
 ...
 [0.   ]
 [0.   ]
 [0.   ]]","[[22.5]
 [22.5]
 [22.5]
 ...
 [22.5]
 [22.5]
 [22.5]]",['2C charge and 1C discharge']
"[[array(['2022-10-08,11:30:48'], dtype='<U19')]
 [array(['2022-10-08,11:30:49'], dtype='<U19')]
 [array(['2022-10-08,11:30:50'], dtype='<U19')]
 ...
 [array(['2022-10-08,13:30:34'], dtype='<U19')]
 [array(['2022-10-08,13:30:34'], dtype='<U19')]
 [array(['2022-10-08,13:30:34'], dtype='<U19')]]","[[0.   ]
 [0.017]
 [0.034]
 ...
 [4.995]
 [5.001]
 [5.001]]","[[3.4807]
 [3.5156]
 [3.5321]
 ...
 [3.2994]
 [3.3   ]
 [3.3   ]]","[[3.9994]
 [4.0001]
 [4.0001]
 ...
 [0.    ]
 [0.    ]
 [0.    ]]","[[0.   ]
 [0.001]
 [0.002]
 ...
 [0.   ]
 [0.   ]
 [0.   ]]","[[0.   ]
 [0.004]
 [0.008]
 ...
 [0.   ]
 [0.   ]
 [0.   ]]","[[22.5]
 [22.5]
 [22.5]
 ...
 [22.5]
 [22.5]
 [22.5]]",['2C charge and 1C discharge']
"[[array(['2022-10-08,13:30:35'], dtype='<U19')]
 [array(['2022-10-08,13:30:36'], dtype='<U19')]
 [array(['2022-10-08,13:30:37'], dtype='<U19')]
 ...
 [array(['2022-10-08,15:30:12'], dtype='<U19')]
 [array(['2022-10-08,15:30:13'], dtype='<U19')]
 [array(['2022-10-08,15:30:13'], dtype='<U19')]]","[[0.   ]
 [0.017]
 [0.033]
 ...
 [4.989]
 [5.001]
 [5.001]]","[[3.4818]
 [3.5169]
 [3.5333]
 ...
 [3.3005]
 [3.3009]
 [3.3008]]","[[3.9994]
 [3.9999]
 [3.9999]
 ...
 [0.    ]
 [0.    ]
 [0.    ]]","[[0.   ]
 [0.001]
 [0.002]
 ...
 [0.   ]
 [0.   ]
 [0.   ]]","[[0.   ]
 [0.004]
 [0.008]
 ...
 [0.   ]
 [0.   ]
 [0.   ]]","[[22.6]
 [22.5]
 [22.5]
 ...
 [22.3]
 [22.4]
 [22.3]]",['2C charge and 1C discharge']
"[[array(['2022-10-08,15:30:14'], dtype='<U19')]
 [array(['2022-10-08,15:30:15'], dtype='<U19')]
 [array(['2022-10-08,15:30:16'], dtype='<U19')]
 ...
 [array(['2022-10-08,17:30:03'], dtype='<U19')]
 [array(['2022-10-08,17:30:04'], dtype='<U19')]
 [array(['2022-10-08,17:30:04'], dtype='<U19')]]","[[0.   ]
 [0.017]
 [0.033]
 ...
 [4.987]
 [5.   ]
 [5.   ]]","[[3.483 ]
 [3.5193]
 [3.5356]
 ...
 [3.3014]
 [3.3014]
 [3.3014]]","[[3.9994]
 [3.9999]
 [4.    ]
 ...
 [0.    ]
 [0.    ]
 [0.    ]]","[[0.   ]
 [0.001]
 [0.002]
 ...
 [0.   ]
 [0.   ]
 [0.   ]]","[[0.   ]
 [0.004]
 [0.008]
 ...
 [0.   ]
 [0.   ]
 [0.   ]]","[[22.3]
 [22.3]
 [22.3]
 ...
 [22.5]
 [22.5]
 [22.5]]",['2C charge and 1C discharge']
"[[array(['2022-10-08,17:30:05'], dtype='<U19')]
 [array(['2022-10-08,17:30:06'], dtype='<U19')]
 [array(['2022-10-08,17:30:07'], dtype='<U19')]
 ...
 [array(['2022-10-08,19:29:52'], dtype='<U19')]
 [array(['2022-10-08,19:29:53'], dtype='<U19')]
 [array(['2022-10-08,19:29:53'], dtype='<U19')]]","[[0.   ]
 [0.017]
 [0.034]
 ...
 [4.988]
 [5.   ]
 [5.   ]]","[[3.4832]
 [3.5205]
 [3.5359]
 ...
 [3.2991]
 [3.2992]
 [3.2992]]","[[3.9994]
 [4.0001]
 [4.    ]
 ...
 [0.    ]
 [0.    ]
 [0.    ]]","[[0.   ]
 [0.001]
 [0.002]
 ...
 [0.   ]
 [0.   ]
 [0.   ]]","[[0.   ]
 [0.004]
 [0.008]
 ...
 [0.   ]
 [0.   ]
 [0.   ]]","[[22.5]
 [22.6]
 [22.5]
 ...
 [22.6]
 [22.6]
 [22.6]]",['2C charge and 1C discharge']
"[[array(['2022-10-08,19:29:54'], dtype='<U19')]
 [array(['2022-10-08,19:29:55'], dtype='<U19')]
 [array(['2022-10-08,19:29:56'], dtype='<U19')]
 ...
 [array(['2022-10-08,21:29:35'], dtype='<U19')]
 [array(['2022-10-08,21:29:35'], dtype='<U19')]
 [array(['2022-10-08,21:29:35'], dtype='<U19')]]","[[0.   ]
 [0.018]
 [0.036]
 ...
 [4.999]
 [5.   ]
 [5.   ]]","[[3.4804]
 [3.5169]
 [3.5344]
 ...
 [3.2988]
 [3.2985]
 [3.2989]]","[[3.9994]
 [4.    ]
 [4.    ]
 ...
 [0.    ]
 [0.    ]
 [0.    ]]","[[0.   ]
 [0.001]
 [0.002]
 ...
 [0.   ]
 [0.   ]
 [0.   ]]","[[0.   ]
 [0.004]
 [0.008]
 ...
 [0.   ]
 [0.   ]
 [0.   ]]","[[22.6]
 [22.6]
 [22.6]
 ...
 [22.7]
 [22.7]
 [22.7]]",['2C charge and 1C discharge']
"[[array(['2022-10-08,21:29:36'], dtype='<U19')]
 [array(['2022-10-08,21:29:37'], dtype='<U19')]
 [array(['2022-10-08,21:29:38'], dtype='<U19')]
 ...
 [array(['2022-10-08,23:29:13'], dtype='<U19')]
 [array(['2022-10-08,23:29:13'], dtype='<U19')]
 [array(['2022-10-08,23:29:13'], dtype='<U19')]]","[[0.   ]
 [0.017]
 [0.033]
 ...
 [4.999]
 [5.   ]
 [5.   ]]","[[3.4799]
 [3.5155]
 [3.5321]
 ...
 [3.3009]
 [3.3006]
 [3.3008]]","[[3.9998]
 [4.    ]
 [4.    ]
 ...
 [0.    ]
 [0.    ]
 [0.    ]]","[[0.   ]
 [0.001]
 [0.002]
 ...
 [0.   ]
 [0.   ]
 [0.   ]]","[[0.   ]
 [0.004]
 [0.008]
 ...
 [0.   ]
 [0.   ]
 [0.   ]]","[[22.7]
 [22.7]
 [22.7]
 ...
 [22.5]
 [22.5]
 [22.5]]",['2C charge and 1C discharge']
"[[array(['2022-10-08,23:29:14'], dtype='<U19')]
 [array(['2022-10-08,23:29:15'], dtype='<U19')]
 [array(['2022-10-08,23:29:16'], dtype='<U19')]
 ...
 [array(['2022-10-09,01:28:46'], dtype='<U19')]
 [array(['2022-10-09,01:28:47'], dtype='<U19')]
 [array(['2022-10-09,01:28:47'], dtype='<U19')]]","[[0.   ]
 [0.017]
 [0.033]
 ...
 [4.987]
 [5.001]
 [5.001]]","[[3.4829]
 [3.5185]
 [3.5345]
 ...
 [3.3014]
 [3.3008]
 [3.3012]]","[[3.9994]
 [4.    ]
 [4.    ]
 ...
 [0.    ]
 [0.    ]
 [0.    ]]","[[0.   ]
 [0.001]
 [0.002]
 ...
 [0.   ]
 [0.   ]
 [0.   ]]","[[0.   ]
 [0.004]
 [0.008]
 ...
 [0.   ]
 [0.   ]
 [0.   ]]","[[22.4]
 [22.4]
 [22.4]
 ...
 [22.4]
 [22.4]
 [22.4]]",['2C charge and 1C discharge']
"[[array(['2022-10-09,01:28:48'], dtype='<U19')]
 [array(['2022-10-09,01:28:49'], dtype='<U19')]
 [array(['2022-10-09,01:28:50'], dtype='<U19')]
 ...
 [array(['2022-10-09,03:28:24'], dtype='<U19')]
 [array(['2022-10-09,03:28:25'], dtype='<U19')]
 [array(['2022-10-09,03:28:25'], dtype='<U19')]]","[[0.   ]
 [0.017]
 [0.033]
 ...
 [4.991]
 [5.   ]
 [5.   ]]","[[3.4843]
 [3.5196]
 [3.5361]
 ...
 [3.3028]
 [3.3023]
 [3.3023]]","[[3.9998]
 [3.9999]
 [4.0001]
 ...
 [0.    ]
 [0.    ]
 [0.    ]]","[[0.   ]
 [0.001]
 [0.002]
 ...
 [0.   ]
 [0.   ]
 [0.   ]]","[[0.   ]
 [0.004]
 [0.008]
 ...
 [0.   ]
 [0.   ]
 [0.   ]]","[[22.4]
 [22.4]
 [22.4]
 ...
 [22.4]
 [22.4]
 [22.4]]",['2C charge and 1C discharge']
"[[array(['2022-10-09,03:28:26'], dtype='<U19')]
 [array(['2022-10-09,03:28:27'], dtype='<U19')]
 [array(['2022-10-09,03:28:28'], dtype='<U19')]
 ...
 [array(['2022-10-09,05:28:07'], dtype='<U19')]
 [array(['2022-10-09,05:28:07'], dtype='<U19')]
 [array(['2022-10-09,05:28:08'], dtype='<U19')]]","[[0.   ]
 [0.017]
 [0.034]
 ...
 [4.996]
 [5.   ]
 [5.   ]]","[[3.4863]
 [3.5216]
 [3.5367]
 ...
 [3.3035]
 [3.3037]
 [3.3037]]","[[3.9998]
 [4.0001]
 [3.9999]
 ...
 [0.    ]
 [0.    ]
 [0.    ]]","[[0.   ]
 [0.001]
 [0.002]
 ...
 [0.   ]
 [0.   ]
 [0.   ]]","[[0.   ]
 [0.004]
 [0.008]
 ...
 [0.   ]
 [0.   ]
 [0.   ]]","[[22.4]
 [22.3]
 [22.3]
 ...
 [22.3]
 [22.3]
 [22.3]]",['2C charge and 1C discharge']
"[[array(['2022-10-09,05:28:09'], dtype='<U19')]
 [array(['2022-10-09,05:28:10'], dtype='<U19')]
 [array(['2022-10-09,05:28:11'], dtype='<U19')]
 ...
 [array(['2022-10-09,07:27:59'], dtype='<U19')]
 [array(['2022-10-09,07:27:59'], dtype='<U19')]
 [array(['2022-10-09,07:27:59'], dtype='<U19')]]","[[0.   ]
 [0.017]
 [0.034]
 ...
 [4.999]
 [5.   ]
 [5.   ]]","[[3.4873]
 [3.5227]
 [3.5393]
 ...
 [3.3048]
 [3.306 ]
 [3.3059]]","[[4.0001]
 [3.9999]
 [4.0001]
 ...
 [0.    ]
 [0.    ]
 [0.    ]]","[[0.   ]
 [0.001]
 [0.002]
 ...
 [0.   ]
 [0.   ]
 [0.   ]]","[[0.   ]
 [0.004]
 [0.008]
 ...
 [0.   ]
 [0.   ]
 [0.   ]]","[[22.3]
 [22.3]
 [22.3]
 ...
 [22.1]
 [22.1]
 [22.1]]",['2C charge and 1C discharge']
"[[array(['2022-10-09,07:28:00'], dtype='<U19')]
 [array(['2022-10-09,07:28:01'], dtype='<U19')]
 [array(['2022-10-09,07:28:02'], dtype='<U19')]
 ...
 [array(['2022-10-09,09:28:05'], dtype='<U19')]
 [array(['2022-10-09,09:28:06'], dtype='<U19')]
 [array(['2022-10-09,09:28:06'], dtype='<U19')]]","[[0.   ]
 [0.017]
 [0.033]
 ...
 [4.993]
 [5.001]
 [5.001]]","[[3.4889]
 [3.5259]
 [3.5418]
 ...
 [3.3011]
 [3.3011]
 [3.3012]]","[[4.0001]
 [4.0001]
 [4.    ]
 ...
 [0.    ]
 [0.    ]
 [0.    ]]","[[0.   ]
 [0.001]
 [0.002]
 ...
 [0.   ]
 [0.   ]
 [0.   ]]","[[0.   ]
 [0.004]
 [0.008]
 ...
 [0.   ]
 [0.   ]
 [0.   ]]","[[22.1]
 [22.1]
 [22. ]
 ...
 [22.6]
 [22.6]
 [22.6]]",['2C charge and 1C discharge']
"[[array(['2022-10-09,09:28:07'], dtype='<U19')]
 [array(['2022-10-09,09:28:08'], dtype='<U19')]
 [array(['2022-10-09,09:28:09'], dtype='<U19')]
 ...
 [array(['2022-10-09,11:27:35'], dtype='<U19')]
 [array(['2022-10-09,11:27:35'], dtype='<U19')]
 [array(['2022-10-09,11:27:35'], dtype='<U19')]]","[[0.   ]
 [0.017]
 [0.034]
 ...
 [4.998]
 [5.001]
 [5.001]]","[[3.4832]
 [3.5198]
 [3.5359]
 ...
 [3.3   ]
 [3.2997]
 [3.2997]]","[[3.9998]
 [4.0001]
 [4.    ]
 ...
 [0.    ]
 [0.    ]
 [0.    ]]","[[0.   ]
 [0.001]
 [0.002]
 ...
 [0.   ]
 [0.   ]
 [0.   ]]","[[0.   ]
 [0.004]
 [0.008]
 ...
 [0.   ]
 [0.   ]
 [0.   ]]","[[22.6]
 [22.6]
 [22.6]
 ...
 [22.8]
 [22.8]
 [22.8]]",['2C charge and 1C discharge']
"[[array(['2022-10-09,11:27:36'], dtype='<U19')]
 [array(['2022-10-09,11:27:37'], dtype='<U19')]
 [array(['2022-10-09,11:27:38'], dtype='<U19')]
 ...
 [array(['2022-10-09,13:26:59'], dtype='<U19')]
 [array(['2022-10-09,13:26:59'], dtype='<U19')]
 [array(['2022-10-09,13:26:59'], dtype='<U19')]]","[[0.   ]
 [0.017]
 [0.034]
 ...
 [4.99 ]
 [5.   ]
 [5.   ]]","[[3.4799]
 [3.5172]
 [3.5339]
 ...
 [3.3002]
 [3.3002]
 [3.3   ]]","[[3.9994]
 [4.0001]
 [4.0001]
 ...
 [0.    ]
 [0.    ]
 [0.    ]]","[[0.   ]
 [0.001]
 [0.002]
 ...
 [0.   ]
 [0.   ]
 [0.   ]]","[[0.   ]
 [0.004]
 [0.008]
 ...
 [0.   ]
 [0.   ]
 [0.   ]]","[[22.9]
 [22.8]
 [22.8]
 ...
 [22.8]
 [22.8]
 [22.8]]",['2C charge and 1C discharge']
"[[array(['2022-10-09,13:27:00'], dtype='<U19')]
 [array(['2022-10-09,13:27:01'], dtype='<U19')]
 [array(['2022-10-09,13:27:02'], dtype='<U19')]
 ...
 [array(['2022-10-09,15:26:16'], dtype='<U19')]
 [array(['2022-10-09,15:26:17'], dtype='<U19')]
 [array(['2022-10-09,15:26:17'], dtype='<U19')]]","[[0.   ]
 [0.017]
 [0.034]
 ...
 [4.985]
 [5.   ]
 [5.   ]]","[[3.4826]
 [3.5173]
 [3.5348]
 ...
 [3.3019]
 [3.3019]
 [3.3017]]","[[3.9994]
 [4.    ]
 [4.0001]
 ...
 [0.    ]
 [0.    ]
 [0.    ]]","[[0.   ]
 [0.001]
 [0.002]
 ...
 [0.   ]
 [0.   ]
 [0.   ]]","[[0.   ]
 [0.004]
 [0.008]
 ...
 [0.   ]
 [0.   ]
 [0.   ]]","[[22.8]
 [22.8]
 [22.7]
 ...
 [22.6]
 [22.6]
 [22.6]]",['2C charge and 1C discharge']
"[[array(['2022-10-09,15:26:18'], dtype='<U19')]
 [array(['2022-10-09,15:26:19'], dtype='<U19')]
 [array(['2022-10-09,15:26:20'], dtype='<U19')]
 ...
 [array(['2022-10-09,17:25:48'], dtype='<U19')]
 [array(['2022-10-09,17:25:49'], dtype='<U19')]
 [array(['2022-10-09,17:25:49'], dtype='<U19')]]","[[0.   ]
 [0.017]
 [0.034]
 ...
 [4.984]
 [5.   ]
 [5.   ]]","[[3.483 ]
 [3.5198]
 [3.5372]
 ...
 [3.2994]
 [3.3   ]
 [3.2996]]","[[3.9991]
 [3.9999]
 [4.0001]
 ...
 [0.    ]
 [0.    ]
 [0.    ]]","[[0.   ]
 [0.001]
 [0.002]
 ...
 [0.   ]
 [0.   ]
 [0.   ]]","[[0.   ]
 [0.004]
 [0.008]
 ...
 [0.   ]
 [0.   ]
 [0.   ]]","[[22.6]
 [22.6]
 [22.6]
 ...
 [22.9]
 [22.9]
 [22.9]]",['2C charge and 1C discharge']
"[[array(['2022-10-09,17:25:50'], dtype='<U19')]
 [array(['2022-10-09,17:25:51'], dtype='<U19')]
 [array(['2022-10-09,17:25:52'], dtype='<U19')]
 ...
 [array(['2022-10-09,19:25:00'], dtype='<U19')]
 [array(['2022-10-09,19:25:00'], dtype='<U19')]
 [array(['2022-10-09,19:25:00'], dtype='<U19')]]","[[0.   ]
 [0.017]
 [0.033]
 ...
 [4.998]
 [5.001]
 [5.001]]","[[3.4801]
 [3.5164]
 [3.5327]
 ...
 [3.3048]
 [3.3048]
 [3.3049]]","[[3.9998]
 [4.    ]
 [4.    ]
 ...
 [0.    ]
 [0.    ]
 [0.    ]]","[[0.   ]
 [0.001]
 [0.002]
 ...
 [0.   ]
 [0.   ]
 [0.   ]]","[[0.   ]
 [0.004]
 [0.008]
 ...
 [0.   ]
 [0.   ]
 [0.   ]]","[[22.9]
 [22.9]
 [22.8]
 ...
 [22.3]
 [22.3]
 [22.3]]",['2C charge and 1C discharge']
"[[array(['2022-10-09,19:25:01'], dtype='<U19')]
 [array(['2022-10-09,19:25:02'], dtype='<U19')]
 [array(['2022-10-09,19:25:03'], dtype='<U19')]
 ...
 [array(['2022-10-09,21:24:41'], dtype='<U19')]
 [array(['2022-10-09,21:24:41'], dtype='<U19')]
 [array(['2022-10-09,21:24:41'], dtype='<U19')]]","[[0.   ]
 [0.017]
 [0.033]
 ...
 [4.997]
 [5.   ]
 [5.   ]]","[[3.4893]
 [3.5244]
 [3.5404]
 ...
 [3.3048]
 [3.3059]
 [3.3057]]","[[3.9994]
 [3.9999]
 [4.    ]
 ...
 [0.    ]
 [0.    ]
 [0.    ]]","[[0.   ]
 [0.001]
 [0.002]
 ...
 [0.   ]
 [0.   ]
 [0.   ]]","[[0.   ]
 [0.004]
 [0.008]
 ...
 [0.   ]
 [0.   ]
 [0.   ]]","[[22.3]
 [22.3]
 [22.3]
 ...
 [22.5]
 [22.5]
 [22.5]]",['2C charge and 1C discharge']
"[[array(['2022-10-09,21:24:42'], dtype='<U19')]
 [array(['2022-10-09,21:24:43'], dtype='<U19')]
 [array(['2022-10-09,21:24:44'], dtype='<U19')]
 ...
 [array(['2022-10-09,23:24:21'], dtype='<U19')]
 [array(['2022-10-09,23:24:21'], dtype='<U19')]
 [array(['2022-10-09,23:24:21'], dtype='<U19')]]","[[0.   ]
 [0.017]
 [0.033]
 ...
 [4.986]
 [5.   ]
 [5.   ]]","[[3.489 ]
 [3.5247]
 [3.5415]
 ...
 [3.3054]
 [3.3068]
 [3.3063]]","[[3.9991]
 [3.9999]
 [4.0001]
 ...
 [0.    ]
 [0.    ]
 [0.    ]]","[[0.   ]
 [0.001]
 [0.002]
 ...
 [0.   ]
 [0.   ]
 [0.   ]]","[[0.   ]
 [0.004]
 [0.008]
 ...
 [0.   ]
 [0.   ]
 [0.   ]]","[[22.5]
 [22.4]
 [22.4]
 ...
 [22.4]
 [22.4]
 [22.4]]",['2C charge and 1C discharge']
"[[array(['2022-10-09,23:24:22'], dtype='<U19')]
 [array(['2022-10-09,23:24:23'], dtype='<U19')]
 [array(['2022-10-09,23:24:24'], dtype='<U19')]
 ...
 [array(['2022-10-10,01:24:07'], dtype='<U19')]
 [array(['2022-10-10,01:24:07'], dtype='<U19')]
 [array(['2022-10-10,01:24:07'], dtype='<U19')]]","[[0.   ]
 [0.017]
 [0.033]
 ...
 [4.999]
 [5.   ]
 [5.   ]]","[[3.4895]
 [3.5258]
 [3.5421]
 ...
 [3.3092]
 [3.3089]
 [3.3094]]","[[3.9991]
 [4.    ]
 [3.9999]
 ...
 [0.    ]
 [0.    ]
 [0.    ]]","[[0.   ]
 [0.001]
 [0.002]
 ...
 [0.   ]
 [0.   ]
 [0.   ]]","[[0.   ]
 [0.004]
 [0.008]
 ...
 [0.   ]
 [0.   ]
 [0.   ]]","[[22.4]
 [22.4]
 [22.4]
 ...
 [22.2]
 [22.2]
 [22.2]]",['2C charge and 1C discharge']
"[[array(['2022-10-10,01:24:08'], dtype='<U19')]
 [array(['2022-10-10,01:24:09'], dtype='<U19')]
 [array(['2022-10-10,01:24:10'], dtype='<U19')]
 ...
 [array(['2022-10-10,03:24:02'], dtype='<U19')]
 [array(['2022-10-10,03:24:03'], dtype='<U19')]
 [array(['2022-10-10,03:24:03'], dtype='<U19')]]","[[0.   ]
 [0.017]
 [0.033]
 ...
 [4.991]
 [5.001]
 [5.001]]","[[3.4942]
 [3.5302]
 [3.5468]
 ...
 [3.3103]
 [3.3091]
 [3.3088]]","[[4.0001]
 [4.0001]
 [4.0003]
 ...
 [0.    ]
 [0.    ]
 [0.    ]]","[[0.   ]
 [0.001]
 [0.002]
 ...
 [0.   ]
 [0.   ]
 [0.   ]]","[[0.   ]
 [0.004]
 [0.008]
 ...
 [0.   ]
 [0.   ]
 [0.   ]]","[[22.2]
 [22.1]
 [22.2]
 ...
 [22. ]
 [22.1]
 [22.1]]",['2C charge and 1C discharge']
"[[array(['2022-10-10,03:24:04'], dtype='<U19')]
 [array(['2022-10-10,03:24:05'], dtype='<U19')]
 [array(['2022-10-10,03:24:06'], dtype='<U19')]
 ...
 [array(['2022-10-10,05:23:54'], dtype='<U19')]
 [array(['2022-10-10,05:23:54'], dtype='<U19')]
 [array(['2022-10-10,05:23:54'], dtype='<U19')]]","[[0.   ]
 [0.017]
 [0.034]
 ...
 [4.992]
 [5.001]
 [5.001]]","[[3.4952]
 [3.5321]
 [3.5473]
 ...
 [3.3111]
 [3.3112]
 [3.3114]]","[[4.0004]
 [4.0002]
 [3.9999]
 ...
 [0.    ]
 [0.    ]
 [0.    ]]","[[0.   ]
 [0.001]
 [0.002]
 ...
 [0.   ]
 [0.   ]
 [0.   ]]","[[0.   ]
 [0.004]
 [0.008]
 ...
 [0.   ]
 [0.   ]
 [0.   ]]","[[22.1]
 [22. ]
 [22. ]
 ...
 [22. ]
 [22. ]
 [22. ]]",['2C charge and 1C discharge']
"[[array(['2022-10-10,05:23:55'], dtype='<U19')]
 [array(['2022-10-10,05:23:56'], dtype='<U19')]
 [array(['2022-10-10,05:23:57'], dtype='<U19')]
 ...
 [array(['2022-10-10,07:23:51'], dtype='<U19')]
 [array(['2022-10-10,07:23:52'], dtype='<U19')]
 [array(['2022-10-10,07:23:52'], dtype='<U19')]]","[[0.   ]
 [0.017]
 [0.033]
 ...
 [4.99 ]
 [5.001]
 [5.001]]","[[3.4919]
 [3.5327]
 [3.5472]
 ...
 [3.3099]
 [3.3114]
 [3.3117]]","[[3.9988]
 [4.0003]
 [3.9998]
 ...
 [0.    ]
 [0.    ]
 [0.    ]]","[[0.   ]
 [0.001]
 [0.002]
 ...
 [0.   ]
 [0.   ]
 [0.   ]]","[[0.   ]
 [0.004]
 [0.008]
 ...
 [0.   ]
 [0.   ]
 [0.   ]]","[[22. ]
 [22. ]
 [22. ]
 ...
 [21.9]
 [21.9]
 [21.9]]",['2C charge and 1C discharge']
"[[array(['2022-10-10,07:23:53'], dtype='<U19')]
 [array(['2022-10-10,07:23:54'], dtype='<U19')]
 [array(['2022-10-10,07:23:55'], dtype='<U19')]
 ...
 [array(['2022-10-10,09:23:51'], dtype='<U19')]
 [array(['2022-10-10,09:23:52'], dtype='<U19')]
 [array(['2022-10-10,09:23:52'], dtype='<U19')]]","[[0.   ]
 [0.017]
 [0.033]
 ...
 [4.997]
 [5.001]
 [5.001]]","[[3.4936]
 [3.5333]
 [3.5488]
 ...
 [3.3063]
 [3.3059]
 [3.3065]]","[[3.9982]
 [4.0004]
 [3.9999]
 ...
 [0.    ]
 [0.    ]
 [0.    ]]","[[0.   ]
 [0.001]
 [0.002]
 ...
 [0.   ]
 [0.   ]
 [0.   ]]","[[0.   ]
 [0.004]
 [0.008]
 ...
 [0.   ]
 [0.   ]
 [0.   ]]","[[21.9]
 [21.9]
 [21.9]
 ...
 [22.5]
 [22.5]
 [22.5]]",['2C charge and 1C discharge']
"[[array(['2022-10-10,09:23:53'], dtype='<U19')]
 [array(['2022-10-10,09:23:54'], dtype='<U19')]
 [array(['2022-10-10,09:23:55'], dtype='<U19')]
 ...
 [array(['2022-10-10,11:23:02'], dtype='<U19')]
 [array(['2022-10-10,11:23:02'], dtype='<U19')]
 [array(['2022-10-10,11:23:02'], dtype='<U19')]]","[[0.   ]
 [0.017]
 [0.033]
 ...
 [4.992]
 [5.   ]
 [5.   ]]","[[3.4881]
 [3.525 ]
 [3.5415]
 ...
 [3.3017]
 [3.3014]
 [3.3019]]","[[3.9994]
 [3.9999]
 [4.    ]
 ...
 [0.    ]
 [0.    ]
 [0.    ]]","[[0.   ]
 [0.001]
 [0.002]
 ...
 [0.   ]
 [0.   ]
 [0.   ]]","[[0.   ]
 [0.004]
 [0.008]
 ...
 [0.   ]
 [0.   ]
 [0.   ]]","[[22.4]
 [22.4]
 [22.5]
 ...
 [22.8]
 [22.8]
 [22.8]]",['2C charge and 1C discharge']
"[[array(['2022-10-10,11:23:03'], dtype='<U19')]
 [array(['2022-10-10,11:23:04'], dtype='<U19')]
 [array(['2022-10-10,11:23:05'], dtype='<U19')]
 ...
 [array(['2022-10-10,13:21:58'], dtype='<U19')]
 [array(['2022-10-10,13:21:59'], dtype='<U19')]
 [array(['2022-10-10,13:21:59'], dtype='<U19')]]","[[0.   ]
 [0.017]
 [0.034]
 ...
 [4.983]
 [5.   ]
 [5.   ]]","[[3.4824]
 [3.5201]
 [3.5362]
 ...
 [3.304 ]
 [3.3037]
 [3.3045]]","[[3.9994]
 [4.0002]
 [4.    ]
 ...
 [0.    ]
 [0.    ]
 [0.    ]]","[[0.   ]
 [0.001]
 [0.002]
 ...
 [0.   ]
 [0.   ]
 [0.   ]]","[[0.   ]
 [0.004]
 [0.008]
 ...
 [0.   ]
 [0.   ]
 [0.   ]]","[[22.8]
 [22.8]
 [22.8]
 ...
 [22.7]
 [22.6]
 [22.6]]",['2C charge and 1C discharge']
"[[array(['2022-10-10,13:22:00'], dtype='<U19')]
 [array(['2022-10-10,13:22:01'], dtype='<U19')]
 [array(['2022-10-10,13:22:02'], dtype='<U19')]
 ...
 [array(['2022-10-10,15:21:06'], dtype='<U19')]
 [array(['2022-10-10,15:21:07'], dtype='<U19')]
 [array(['2022-10-10,15:21:07'], dtype='<U19')]]","[[0.   ]
 [0.017]
 [0.033]
 ...
 [4.988]
 [5.   ]
 [5.   ]]","[[3.4859]
 [3.5232]
 [3.5396]
 ...
 [3.3063]
 [3.3059]
 [3.3063]]","[[3.9998]
 [4.0001]
 [4.0002]
 ...
 [0.    ]
 [0.    ]
 [0.    ]]","[[0.   ]
 [0.001]
 [0.002]
 ...
 [0.   ]
 [0.   ]
 [0.   ]]","[[0.   ]
 [0.004]
 [0.008]
 ...
 [0.   ]
 [0.   ]
 [0.   ]]","[[22.7]
 [22.6]
 [22.6]
 ...
 [22.5]
 [22.5]
 [22.5]]",['2C charge and 1C discharge']
"[[array(['2022-10-10,15:21:08'], dtype='<U19')]
 [array(['2022-10-10,15:21:09'], dtype='<U19')]
 [array(['2022-10-10,15:21:10'], dtype='<U19')]
 ...
 [array(['2022-10-10,17:20:25'], dtype='<U19')]
 [array(['2022-10-10,17:20:26'], dtype='<U19')]
 [array(['2022-10-10,17:20:26'], dtype='<U19')]]","[[0.   ]
 [0.018]
 [0.034]
 ...
 [4.998]
 [5.001]
 [5.001]]","[[3.489 ]
 [3.5292]
 [3.5445]
 ...
 [3.308 ]
 [3.3079]
 [3.3077]]","[[3.9991]
 [3.9999]
 [4.0002]
 ...
 [0.    ]
 [0.    ]
 [0.    ]]","[[0.   ]
 [0.001]
 [0.002]
 ...
 [0.   ]
 [0.   ]
 [0.   ]]","[[0.   ]
 [0.004]
 [0.008]
 ...
 [0.   ]
 [0.   ]
 [0.   ]]","[[22.5]
 [22.5]
 [22.5]
 ...
 [22.5]
 [22.5]
 [22.5]]",['2C charge and 1C discharge']
"[[array(['2022-10-10,17:20:27'], dtype='<U19')]
 [array(['2022-10-10,17:20:28'], dtype='<U19')]
 [array(['2022-10-10,17:20:29'], dtype='<U19')]
 ...
 [array(['2022-10-10,19:19:43'], dtype='<U19')]
 [array(['2022-10-10,19:19:43'], dtype='<U19')]
 [array(['2022-10-10,19:19:43'], dtype='<U19')]]","[[0.   ]
 [0.017]
 [0.034]
 ...
 [4.995]
 [5.   ]
 [5.   ]]","[[3.4898]
 [3.527 ]
 [3.5441]
 ...
 [3.3045]
 [3.3042]
 [3.3045]]","[[4.0004]
 [3.9999]
 [4.0002]
 ...
 [0.    ]
 [0.    ]
 [0.    ]]","[[0.   ]
 [0.001]
 [0.002]
 ...
 [0.   ]
 [0.   ]
 [0.   ]]","[[0.   ]
 [0.004]
 [0.008]
 ...
 [0.   ]
 [0.   ]
 [0.   ]]","[[22.4]
 [22.4]
 [22.4]
 ...
 [22.7]
 [22.7]
 [22.7]]",['2C charge and 1C discharge']
"[[array(['2022-10-10,19:19:44'], dtype='<U19')]
 [array(['2022-10-10,19:19:45'], dtype='<U19')]
 [array(['2022-10-10,19:19:46'], dtype='<U19')]
 ...
 [array(['2022-10-10,21:18:47'], dtype='<U19')]
 [array(['2022-10-10,21:18:48'], dtype='<U19')]
 [array(['2022-10-10,21:18:48'], dtype='<U19')]]","[[0.   ]
 [0.017]
 [0.034]
 ...
 [4.984]
 [5.001]
 [5.001]]","[[3.4846]
 [3.5221]
 [3.5382]
 ...
 [3.3039]
 [3.304 ]
 [3.304 ]]","[[3.9994]
 [4.    ]
 [4.0001]
 ...
 [0.    ]
 [0.    ]
 [0.    ]]","[[0.   ]
 [0.001]
 [0.002]
 ...
 [0.   ]
 [0.   ]
 [0.   ]]","[[0.   ]
 [0.004]
 [0.008]
 ...
 [0.   ]
 [0.   ]
 [0.   ]]","[[22.7]
 [22.7]
 [22.7]
 ...
 [22.9]
 [22.9]
 [22.9]]",['2C charge and 1C discharge']
"[[array(['2022-10-10,21:18:49'], dtype='<U19')]
 [array(['2022-10-10,21:18:50'], dtype='<U19')]
 [array(['2022-10-10,21:18:51'], dtype='<U19')]
 ...
 [array(['2022-10-10,23:17:54'], dtype='<U19')]
 [array(['2022-10-10,23:17:55'], dtype='<U19')]
 [array(['2022-10-10,23:17:55'], dtype='<U19')]]","[[0.   ]
 [0.017]
 [0.033]
 ...
 [4.985]
 [5.001]
 [5.001]]","[[3.4846]
 [3.5216]
 [3.5381]
 ...
 [3.3094]
 [3.31  ]
 [3.3091]]","[[3.9994]
 [4.0001]
 [4.    ]
 ...
 [0.    ]
 [0.    ]
 [0.    ]]","[[0.   ]
 [0.001]
 [0.002]
 ...
 [0.   ]
 [0.   ]
 [0.   ]]","[[0.   ]
 [0.004]
 [0.008]
 ...
 [0.   ]
 [0.   ]
 [0.   ]]","[[22.9]
 [22.9]
 [22.8]
 ...
 [22.2]
 [22.3]
 [22.2]]",['2C charge and 1C discharge']
"[[array(['2022-10-10,23:17:56'], dtype='<U19')]
 [array(['2022-10-10,23:17:57'], dtype='<U19')]
 [array(['2022-10-10,23:17:58'], dtype='<U19')]
 ...
 [array(['2022-10-11,01:17:31'], dtype='<U19')]
 [array(['2022-10-11,01:17:31'], dtype='<U19')]
 [array(['2022-10-11,01:17:32'], dtype='<U19')]]","[[0.   ]
 [0.017]
 [0.033]
 ...
 [4.999]
 [5.   ]
 [5.   ]]","[[3.4958]
 [3.531 ]
 [3.5473]
 ...
 [3.31  ]
 [3.31  ]
 [3.3114]]","[[4.0013]
 [4.0001]
 [4.0001]
 ...
 [0.    ]
 [0.    ]
 [0.    ]]","[[0.   ]
 [0.001]
 [0.002]
 ...
 [0.   ]
 [0.   ]
 [0.   ]]","[[0.   ]
 [0.004]
 [0.008]
 ...
 [0.   ]
 [0.   ]
 [0.   ]]","[[22.2]
 [22.2]
 [22.2]
 ...
 [22.2]
 [22.2]
 [22.2]]",['2C charge and 1C discharge']
"[[array(['2022-10-11,01:17:33'], dtype='<U19')]
 [array(['2022-10-11,01:17:34'], dtype='<U19')]
 [array(['2022-10-11,01:17:35'], dtype='<U19')]
 ...
 [array(['2022-10-11,03:17:11'], dtype='<U19')]
 [array(['2022-10-11,03:17:11'], dtype='<U19')]
 [array(['2022-10-11,03:17:11'], dtype='<U19')]]","[[0.   ]
 [0.017]
 [0.034]
 ...
 [4.997]
 [5.001]
 [5.001]]","[[3.4878]
 [3.5344]
 [3.5487]
 ...
 [3.3115]
 [3.312 ]
 [3.3125]]","[[3.9994]
 [4.0003]
 [3.9999]
 ...
 [0.    ]
 [0.    ]
 [0.    ]]","[[0.   ]
 [0.001]
 [0.002]
 ...
 [0.   ]
 [0.   ]
 [0.   ]]","[[0.   ]
 [0.004]
 [0.008]
 ...
 [0.   ]
 [0.   ]
 [0.   ]]","[[22.2]
 [22.2]
 [22.2]
 ...
 [22. ]
 [22. ]
 [22. ]]",['2C charge and 1C discharge']
"[[array(['2022-10-11,03:17:12'], dtype='<U19')]
 [array(['2022-10-11,03:17:13'], dtype='<U19')]
 [array(['2022-10-11,03:17:14'], dtype='<U19')]
 ...
 [array(['2022-10-11,05:16:58'], dtype='<U19')]
 [array(['2022-10-11,05:16:58'], dtype='<U19')]
 [array(['2022-10-11,05:16:58'], dtype='<U19')]]","[[0.   ]
 [0.017]
 [0.033]
 ...
 [4.99 ]
 [5.   ]
 [5.   ]]","[[3.4956]
 [3.535 ]
 [3.5513]
 ...
 [3.3135]
 [3.3143]
 [3.3143]]","[[3.9988]
 [4.0001]
 [4.0002]
 ...
 [0.    ]
 [0.    ]
 [0.    ]]","[[0.   ]
 [0.001]
 [0.002]
 ...
 [0.   ]
 [0.   ]
 [0.   ]]","[[0.   ]
 [0.004]
 [0.008]
 ...
 [0.   ]
 [0.   ]
 [0.   ]]","[[22.]
 [22.]
 [22.]
 ...
 [22.]
 [22.]
 [22.]]",['2C charge and 1C discharge']
"[[array(['2022-10-11,05:16:59'], dtype='<U19')]
 [array(['2022-10-11,05:17:00'], dtype='<U19')]
 [array(['2022-10-11,05:17:01'], dtype='<U19')]
 ...
 [array(['2022-10-11,07:16:40'], dtype='<U19')]
 [array(['2022-10-11,07:16:40'], dtype='<U19')]
 [array(['2022-10-11,07:16:41'], dtype='<U19')]]","[[0.   ]
 [0.017]
 [0.034]
 ...
 [4.986]
 [5.   ]
 [5.   ]]","[[3.4987]
 [3.5356]
 [3.5522]
 ...
 [3.3139]
 [3.3131]
 [3.3134]]","[[3.9998]
 [4.    ]
 [3.9999]
 ...
 [0.    ]
 [0.    ]
 [0.    ]]","[[0.   ]
 [0.001]
 [0.002]
 ...
 [0.   ]
 [0.   ]
 [0.   ]]","[[0.   ]
 [0.004]
 [0.008]
 ...
 [0.   ]
 [0.   ]
 [0.   ]]","[[22.]
 [22.]
 [22.]
 ...
 [22.]
 [22.]
 [22.]]",['2C charge and 1C discharge']
"[[array(['2022-10-11,07:16:41'], dtype='<U19')]
 [array(['2022-10-11,07:16:43'], dtype='<U19')]
 [array(['2022-10-11,07:16:44'], dtype='<U19')]
 ...
 [array(['2022-10-11,09:16:30'], dtype='<U19')]
 [array(['2022-10-11,09:16:30'], dtype='<U19')]
 [array(['2022-10-11,09:16:30'], dtype='<U19')]]","[[0.   ]
 [0.018]
 [0.034]
 ...
 [4.998]
 [5.001]
 [5.001]]","[[3.4993]
 [3.5387]
 [3.5548]
 ...
 [3.3123]
 [3.3111]
 [3.3112]]","[[3.9994]
 [4.0003]
 [4.0004]
 ...
 [0.    ]
 [0.    ]
 [0.    ]]","[[0.   ]
 [0.001]
 [0.002]
 ...
 [0.   ]
 [0.   ]
 [0.   ]]","[[0.   ]
 [0.004]
 [0.008]
 ...
 [0.   ]
 [0.   ]
 [0.   ]]","[[21.9]
 [21.9]
 [22. ]
 ...
 [22.3]
 [22.3]
 [22.3]]",['2C charge and 1C discharge']
"[[array(['2022-10-11,09:16:31'], dtype='<U19')]
 [array(['2022-10-11,09:16:32'], dtype='<U19')]
 [array(['2022-10-11,09:16:33'], dtype='<U19')]
 ...
 [array(['2022-10-11,11:15:54'], dtype='<U19')]
 [array(['2022-10-11,11:15:55'], dtype='<U19')]
 [array(['2022-10-11,11:15:55'], dtype='<U19')]]","[[0.   ]
 [0.017]
 [0.034]
 ...
 [4.984]
 [5.001]
 [5.001]]","[[3.4941]
 [3.5327]
 [3.5492]
 ...
 [3.3054]
 [3.3055]
 [3.3057]]","[[3.9994]
 [4.0002]
 [4.    ]
 ...
 [0.    ]
 [0.    ]
 [0.    ]]","[[0.   ]
 [0.001]
 [0.002]
 ...
 [0.   ]
 [0.   ]
 [0.   ]]","[[0.   ]
 [0.004]
 [0.008]
 ...
 [0.   ]
 [0.   ]
 [0.   ]]","[[22.3]
 [22.3]
 [22.3]
 ...
 [23. ]
 [23. ]
 [23. ]]",['2C charge and 1C discharge']
"[[array(['2022-10-11,11:15:56'], dtype='<U19')]
 [array(['2022-10-11,11:15:57'], dtype='<U19')]
 [array(['2022-10-11,11:15:59'], dtype='<U19')]
 ...
 [array(['2022-10-11,13:14:47'], dtype='<U19')]
 [array(['2022-10-11,13:14:47'], dtype='<U19')]
 [array(['2022-10-11,13:14:47'], dtype='<U19')]]","[[0.   ]
 [0.019]
 [0.036]
 ...
 [4.986]
 [5.001]
 [5.001]]","[[3.4872]
 [3.5227]
 [3.5422]
 ...
 [3.3054]
 [3.3055]
 [3.3057]]","[[3.9998]
 [4.0001]
 [4.0002]
 ...
 [0.    ]
 [0.    ]
 [0.    ]]","[[0.   ]
 [0.001]
 [0.002]
 ...
 [0.   ]
 [0.   ]
 [0.   ]]","[[0.   ]
 [0.004]
 [0.008]
 ...
 [0.   ]
 [0.   ]
 [0.   ]]","[[23. ]
 [23. ]
 [22.9]
 ...
 [23. ]
 [23. ]
 [23. ]]",['2C charge and 1C discharge']
"[[array(['2022-10-11,13:14:48'], dtype='<U19')]
 [array(['2022-10-11,13:14:49'], dtype='<U19')]
 [array(['2022-10-11,13:14:50'], dtype='<U19')]
 ...
 [array(['2022-10-11,15:13:40'], dtype='<U19')]
 [array(['2022-10-11,15:13:41'], dtype='<U19')]
 [array(['2022-10-11,15:13:41'], dtype='<U19')]]","[[0.   ]
 [0.017]
 [0.033]
 ...
 [4.995]
 [5.001]
 [5.001]]","[[3.4873]
 [3.5247]
 [3.541 ]
 ...
 [3.3068]
 [3.3071]
 [3.3072]]","[[3.9994]
 [4.    ]
 [4.0001]
 ...
 [0.    ]
 [0.    ]
 [0.    ]]","[[0.   ]
 [0.001]
 [0.002]
 ...
 [0.   ]
 [0.   ]
 [0.   ]]","[[0.   ]
 [0.004]
 [0.008]
 ...
 [0.   ]
 [0.   ]
 [0.   ]]","[[23. ]
 [23. ]
 [23. ]
 ...
 [22.8]
 [22.8]
 [22.7]]",['2C charge and 1C discharge']
"[[array(['2022-10-11,15:13:42'], dtype='<U19')]
 [array(['2022-10-11,15:13:43'], dtype='<U19')]
 [array(['2022-10-11,15:13:44'], dtype='<U19')]
 ...
 [array(['2022-10-11,17:12:47'], dtype='<U19')]
 [array(['2022-10-11,17:12:48'], dtype='<U19')]
 [array(['2022-10-11,17:12:48'], dtype='<U19')]]","[[0.   ]
 [0.017]
 [0.033]
 ...
 [4.987]
 [5.   ]
 [5.   ]]","[[3.4906]
 [3.5282]
 [3.5448]
 ...
 [3.3063]
 [3.3063]
 [3.3065]]","[[3.9994]
 [3.9999]
 [4.0002]
 ...
 [0.    ]
 [0.    ]
 [0.    ]]","[[0.   ]
 [0.001]
 [0.002]
 ...
 [0.   ]
 [0.   ]
 [0.   ]]","[[0.   ]
 [0.004]
 [0.008]
 ...
 [0.   ]
 [0.   ]
 [0.   ]]","[[22.7]
 [22.7]
 [22.7]
 ...
 [22.9]
 [22.9]
 [22.9]]",['2C charge and 1C discharge']
"[[array(['2022-10-11,17:12:49'], dtype='<U19')]
 [array(['2022-10-11,17:12:50'], dtype='<U19')]
 [array(['2022-10-11,17:12:51'], dtype='<U19')]
 ...
 [array(['2022-10-11,19:11:40'], dtype='<U19')]
 [array(['2022-10-11,19:11:40'], dtype='<U19')]
 [array(['2022-10-11,19:11:41'], dtype='<U19')]]","[[0.   ]
 [0.017]
 [0.033]
 ...
 [4.998]
 [5.001]
 [5.001]]","[[3.4899]
 [3.5258]
 [3.5427]
 ...
 [3.3091]
 [3.3092]
 [3.3095]]","[[4.0001]
 [4.    ]
 [4.    ]
 ...
 [0.    ]
 [0.    ]
 [0.    ]]","[[0.   ]
 [0.001]
 [0.002]
 ...
 [0.   ]
 [0.   ]
 [0.   ]]","[[0.   ]
 [0.004]
 [0.008]
 ...
 [0.   ]
 [0.   ]
 [0.   ]]","[[22.9]
 [22.8]
 [22.9]
 ...
 [22.7]
 [22.7]
 [22.7]]",['2C charge and 1C discharge']
"[[array(['2022-10-11,19:11:42'], dtype='<U19')]
 [array(['2022-10-11,19:11:43'], dtype='<U19')]
 [array(['2022-10-11,19:11:44'], dtype='<U19')]
 ...
 [array(['2022-10-11,21:10:36'], dtype='<U19')]
 [array(['2022-10-11,21:10:37'], dtype='<U19')]
 [array(['2022-10-11,21:10:37'], dtype='<U19')]]","[[0.   ]
 [0.017]
 [0.034]
 ...
 [4.986]
 [5.001]
 [5.001]]","[[3.4901]
 [3.5292]
 [3.5453]
 ...
 [3.3083]
 [3.3085]
 [3.3083]]","[[4.0001]
 [4.0001]
 [4.    ]
 ...
 [0.    ]
 [0.    ]
 [0.    ]]","[[0.   ]
 [0.001]
 [0.002]
 ...
 [0.   ]
 [0.   ]
 [0.   ]]","[[0.   ]
 [0.004]
 [0.008]
 ...
 [0.   ]
 [0.   ]
 [0.   ]]","[[22.7]
 [22.7]
 [22.7]
 ...
 [22.7]
 [22.7]
 [22.7]]",['2C charge and 1C discharge']
"[[array(['2022-10-11,21:10:38'], dtype='<U19')]
 [array(['2022-10-11,21:10:39'], dtype='<U19')]
 [array(['2022-10-11,21:10:40'], dtype='<U19')]
 ...
 [array(['2022-10-11,23:09:41'], dtype='<U19')]
 [array(['2022-10-11,23:09:41'], dtype='<U19')]
 [array(['2022-10-11,23:09:41'], dtype='<U19')]]","[[0.   ]
 [0.017]
 [0.033]
 ...
 [4.999]
 [5.001]
 [5.001]]","[[3.4919]
 [3.5285]
 [3.5456]
 ...
 [3.3092]
 [3.3088]
 [3.3089]]","[[3.9991]
 [3.9999]
 [4.0001]
 ...
 [0.    ]
 [0.    ]
 [0.    ]]","[[0.   ]
 [0.001]
 [0.002]
 ...
 [0.   ]
 [0.   ]
 [0.   ]]","[[0.   ]
 [0.004]
 [0.008]
 ...
 [0.   ]
 [0.   ]
 [0.   ]]","[[22.7]
 [22.7]
 [22.7]
 ...
 [22.7]
 [22.7]
 [22.7]]",['2C charge and 1C discharge']
"[[array(['2022-10-11,23:09:42'], dtype='<U19')]
 [array(['2022-10-11,23:09:43'], dtype='<U19')]
 [array(['2022-10-11,23:09:44'], dtype='<U19')]
 ...
 [array(['2022-10-12,01:08:49'], dtype='<U19')]
 [array(['2022-10-12,01:08:49'], dtype='<U19')]
 [array(['2022-10-12,01:08:49'], dtype='<U19')]]","[[0.   ]
 [0.017]
 [0.033]
 ...
 [4.997]
 [5.001]
 [5.001]]","[[3.4926]
 [3.5293]
 [3.5456]
 ...
 [3.3085]
 [3.3095]
 [3.3094]]","[[3.9994]
 [4.    ]
 [4.    ]
 ...
 [0.    ]
 [0.    ]
 [0.    ]]","[[0.   ]
 [0.001]
 [0.002]
 ...
 [0.   ]
 [0.   ]
 [0.   ]]","[[0.   ]
 [0.004]
 [0.008]
 ...
 [0.   ]
 [0.   ]
 [0.   ]]","[[22.7]
 [22.7]
 [22.7]
 ...
 [22.7]
 [22.7]
 [22.7]]",['2C charge and 1C discharge']
"[[array(['2022-10-12,01:08:50'], dtype='<U19')]
 [array(['2022-10-12,01:08:51'], dtype='<U19')]
 [array(['2022-10-12,01:08:52'], dtype='<U19')]
 ...
 [array(['2022-10-12,03:07:48'], dtype='<U19')]
 [array(['2022-10-12,03:07:49'], dtype='<U19')]
 [array(['2022-10-12,03:07:49'], dtype='<U19')]]","[[0.   ]
 [0.017]
 [0.033]
 ...
 [4.989]
 [5.001]
 [5.001]]","[[3.4933]
 [3.5299]
 [3.5465]
 ...
 [3.3095]
 [3.3097]
 [3.3097]]","[[3.9998]
 [4.0001]
 [4.0002]
 ...
 [0.    ]
 [0.    ]
 [0.    ]]","[[0.   ]
 [0.001]
 [0.002]
 ...
 [0.   ]
 [0.   ]
 [0.   ]]","[[0.   ]
 [0.004]
 [0.008]
 ...
 [0.   ]
 [0.   ]
 [0.   ]]","[[22.7]
 [22.7]
 [22.7]
 ...
 [22.7]
 [22.7]
 [22.7]]",['2C charge and 1C discharge']
"[[array(['2022-10-12,03:07:50'], dtype='<U19')]
 [array(['2022-10-12,03:07:51'], dtype='<U19')]
 [array(['2022-10-12,03:07:52'], dtype='<U19')]
 ...
 [array(['2022-10-12,05:06:54'], dtype='<U19')]
 [array(['2022-10-12,05:06:54'], dtype='<U19')]
 [array(['2022-10-12,05:06:54'], dtype='<U19')]]","[[0.   ]
 [0.017]
 [0.034]
 ...
 [4.993]
 [5.   ]
 [5.   ]]","[[3.4926]
 [3.531 ]
 [3.5485]
 ...
 [3.3103]
 [3.31  ]
 [3.3106]]","[[4.0001]
 [4.0001]
 [4.0002]
 ...
 [0.    ]
 [0.    ]
 [0.    ]]","[[0.   ]
 [0.001]
 [0.002]
 ...
 [0.   ]
 [0.   ]
 [0.   ]]","[[0.   ]
 [0.004]
 [0.008]
 ...
 [0.   ]
 [0.   ]
 [0.   ]]","[[22.7]
 [22.7]
 [22.7]
 ...
 [22.7]
 [22.7]
 [22.7]]",['2C charge and 1C discharge']
"[[array(['2022-10-12,05:06:55'], dtype='<U19')]
 [array(['2022-10-12,05:06:56'], dtype='<U19')]
 [array(['2022-10-12,05:06:57'], dtype='<U19')]
 ...
 [array(['2022-10-12,07:06:05'], dtype='<U19')]
 [array(['2022-10-12,07:06:06'], dtype='<U19')]
 [array(['2022-10-12,07:06:06'], dtype='<U19')]]","[[0.   ]
 [0.017]
 [0.033]
 ...
 [4.991]
 [5.   ]
 [5.   ]]","[[3.4953]
 [3.531 ]
 [3.5473]
 ...
 [3.3109]
 [3.3102]
 [3.3111]]","[[4.0001]
 [4.0001]
 [4.    ]
 ...
 [0.    ]
 [0.    ]
 [0.    ]]","[[0.   ]
 [0.001]
 [0.002]
 ...
 [0.   ]
 [0.   ]
 [0.   ]]","[[0.   ]
 [0.004]
 [0.008]
 ...
 [0.   ]
 [0.   ]
 [0.   ]]","[[22.7]
 [22.7]
 [22.7]
 ...
 [22.8]
 [22.7]
 [22.7]]",['2C charge and 1C discharge']
"[[array(['2022-10-12,07:06:07'], dtype='<U19')]
 [array(['2022-10-12,07:06:08'], dtype='<U19')]
 [array(['2022-10-12,07:06:09'], dtype='<U19')]
 ...
 [array(['2022-10-12,09:05:19'], dtype='<U19')]
 [array(['2022-10-12,09:05:19'], dtype='<U19')]
 [array(['2022-10-12,09:05:19'], dtype='<U19')]]","[[0.   ]
 [0.017]
 [0.033]
 ...
 [5.   ]
 [5.   ]
 [5.   ]]","[[3.495 ]
 [3.5315]
 [3.5476]
 ...
 [3.3094]
 [3.3094]
 [3.31  ]]","[[3.9991]
 [4.0001]
 [4.0001]
 ...
 [0.    ]
 [0.    ]
 [0.    ]]","[[0.   ]
 [0.001]
 [0.002]
 ...
 [0.   ]
 [0.   ]
 [0.   ]]","[[0.   ]
 [0.004]
 [0.008]
 ...
 [0.   ]
 [0.   ]
 [0.   ]]","[[22.8]
 [22.8]
 [22.8]
 ...
 [22.9]
 [22.9]
 [22.9]]",['2C charge and 1C discharge']
"[[array(['2022-10-12,09:05:20'], dtype='<U19')]
 [array(['2022-10-12,09:05:21'], dtype='<U19')]
 [array(['2022-10-12,09:05:22'], dtype='<U19')]
 ...
 [array(['2022-10-12,11:04:09'], dtype='<U19')]
 [array(['2022-10-12,11:04:09'], dtype='<U19')]
 [array(['2022-10-12,11:04:09'], dtype='<U19')]]","[[0.   ]
 [0.017]
 [0.033]
 ...
 [4.989]
 [5.001]
 [5.001]]","[[3.493 ]
 [3.5298]
 [3.5458]
 ...
 [3.3072]
 [3.3071]
 [3.3072]]","[[3.9994]
 [4.0001]
 [3.9999]
 ...
 [0.    ]
 [0.    ]
 [0.    ]]","[[0.   ]
 [0.001]
 [0.002]
 ...
 [0.   ]
 [0.   ]
 [0.   ]]","[[0.   ]
 [0.004]
 [0.008]
 ...
 [0.   ]
 [0.   ]
 [0.   ]]","[[22.9]
 [22.9]
 [22.8]
 ...
 [23.1]
 [23.1]
 [23.1]]",['2C charge and 1C discharge']
"[[array(['2022-10-12,11:04:10'], dtype='<U19')]
 [array(['2022-10-12,11:04:11'], dtype='<U19')]
 [array(['2022-10-12,11:04:12'], dtype='<U19')]
 ...
 [array(['2022-10-12,13:02:50'], dtype='<U19')]
 [array(['2022-10-12,13:02:50'], dtype='<U19')]
 [array(['2022-10-12,13:02:50'], dtype='<U19')]]","[[0.   ]
 [0.017]
 [0.033]
 ...
 [4.995]
 [5.001]
 [5.001]]","[[3.489 ]
 [3.5267]
 [3.5432]
 ...
 [3.3092]
 [3.3097]
 [3.3102]]","[[4.0001]
 [4.    ]
 [4.0001]
 ...
 [0.    ]
 [0.    ]
 [0.    ]]","[[0.   ]
 [0.001]
 [0.002]
 ...
 [0.   ]
 [0.   ]
 [0.   ]]","[[0.   ]
 [0.004]
 [0.008]
 ...
 [0.   ]
 [0.   ]
 [0.   ]]","[[23.1]
 [23.1]
 [23.1]
 ...
 [22.7]
 [22.7]
 [22.7]]",['2C charge and 1C discharge']
"[[array(['2022-10-12,13:02:51'], dtype='<U19')]
 [array(['2022-10-12,13:02:52'], dtype='<U19')]
 [array(['2022-10-12,13:02:53'], dtype='<U19')]
 ...
 [array(['2022-10-12,15:02:10'], dtype='<U19')]
 [array(['2022-10-12,15:02:11'], dtype='<U19')]
 [array(['2022-10-12,15:02:11'], dtype='<U19')]]","[[0.   ]
 [0.017]
 [0.034]
 ...
 [4.993]
 [5.   ]
 [5.   ]]","[[3.4912]
 [3.5305]
 [3.5475]
 ...
 [3.3102]
 [3.31  ]
 [3.31  ]]","[[3.9991]
 [3.9999]
 [3.9999]
 ...
 [0.    ]
 [0.    ]
 [0.    ]]","[[0.   ]
 [0.001]
 [0.002]
 ...
 [0.   ]
 [0.   ]
 [0.   ]]","[[0.   ]
 [0.004]
 [0.008]
 ...
 [0.   ]
 [0.   ]
 [0.   ]]","[[22.7]
 [22.7]
 [22.7]
 ...
 [22.9]
 [22.9]
 [22.9]]",['2C charge and 1C discharge']
"[[array(['2022-10-12,15:02:12'], dtype='<U19')]
 [array(['2022-10-12,15:02:13'], dtype='<U19')]
 [array(['2022-10-12,15:02:14'], dtype='<U19')]
 ...
 [array(['2022-10-12,17:01:09'], dtype='<U19')]
 [array(['2022-10-12,17:01:09'], dtype='<U19')]
 [array(['2022-10-12,17:01:10'], dtype='<U19')]]","[[0.   ]
 [0.017]
 [0.033]
 ...
 [4.986]
 [5.001]
 [5.001]]","[[3.4919]
 [3.5307]
 [3.5473]
 ...
 [3.3111]
 [3.3115]
 [3.3112]]","[[3.9994]
 [4.    ]
 [4.0001]
 ...
 [0.    ]
 [0.    ]
 [0.    ]]","[[0.   ]
 [0.001]
 [0.002]
 ...
 [0.   ]
 [0.   ]
 [0.   ]]","[[0.   ]
 [0.004]
 [0.008]
 ...
 [0.   ]
 [0.   ]
 [0.   ]]","[[22.9]
 [22.9]
 [22.9]
 ...
 [22.8]
 [22.8]
 [22.8]]",['2C charge and 1C discharge']
"[[array(['2022-10-12,17:01:11'], dtype='<U19')]
 [array(['2022-10-12,17:01:12'], dtype='<U19')]
 [array(['2022-10-12,17:01:13'], dtype='<U19')]
 ...
 [array(['2022-10-12,19:00:23'], dtype='<U19')]
 [array(['2022-10-12,19:00:24'], dtype='<U19')]
 [array(['2022-10-12,19:00:24'], dtype='<U19')]]","[[0.   ]
 [0.017]
 [0.033]
 ...
 [4.985]
 [5.001]
 [5.001]]","[[3.4947]
 [3.5325]
 [3.5487]
 ...
 [3.3145]
 [3.3143]
 [3.3151]]","[[3.9994]
 [4.0002]
 [4.0001]
 ...
 [0.    ]
 [0.    ]
 [0.    ]]","[[0.   ]
 [0.001]
 [0.002]
 ...
 [0.   ]
 [0.   ]
 [0.   ]]","[[0.   ]
 [0.004]
 [0.008]
 ...
 [0.   ]
 [0.   ]
 [0.   ]]","[[22.8]
 [22.8]
 [22.7]
 ...
 [22.5]
 [22.5]
 [22.5]]",['2C charge and 1C discharge']
"[[array(['2022-10-12,19:00:25'], dtype='<U19')]
 [array(['2022-10-12,19:00:26'], dtype='<U19')]
 [array(['2022-10-12,19:00:27'], dtype='<U19')]
 ...
 [array(['2022-10-12,20:59:56'], dtype='<U19')]
 [array(['2022-10-12,20:59:57'], dtype='<U19')]
 [array(['2022-10-12,20:59:57'], dtype='<U19')]]","[[0.   ]
 [0.017]
 [0.033]
 ...
 [4.994]
 [5.   ]
 [5.   ]]","[[3.4986]
 [3.537 ]
 [3.5535]
 ...
 [3.3139]
 [3.3146]
 [3.3143]]","[[3.9994]
 [3.9999]
 [3.9999]
 ...
 [0.    ]
 [0.    ]
 [0.    ]]","[[0.   ]
 [0.001]
 [0.002]
 ...
 [0.   ]
 [0.   ]
 [0.   ]]","[[0.   ]
 [0.004]
 [0.008]
 ...
 [0.   ]
 [0.   ]
 [0.   ]]","[[22.4]
 [22.5]
 [22.5]
 ...
 [22.6]
 [22.5]
 [22.5]]",['2C charge and 1C discharge']
"[[array(['2022-10-12,20:59:58'], dtype='<U19')]
 [array(['2022-10-12,20:59:59'], dtype='<U19')]
 [array(['2022-10-12,21:00:00'], dtype='<U19')]
 ...
 [array(['2022-10-12,22:59:19'], dtype='<U19')]
 [array(['2022-10-12,22:59:20'], dtype='<U19')]
 [array(['2022-10-12,22:59:20'], dtype='<U19')]]","[[0.   ]
 [0.017]
 [0.033]
 ...
 [4.985]
 [5.   ]
 [5.   ]]","[[3.4987]
 [3.5364]
 [3.5541]
 ...
 [3.3137]
 [3.3142]
 [3.3148]]","[[3.9991]
 [4.    ]
 [4.0002]
 ...
 [0.    ]
 [0.    ]
 [0.    ]]","[[0.   ]
 [0.001]
 [0.002]
 ...
 [0.   ]
 [0.   ]
 [0.   ]]","[[0.   ]
 [0.004]
 [0.008]
 ...
 [0.   ]
 [0.   ]
 [0.   ]]","[[22.5]
 [22.5]
 [22.5]
 ...
 [22.3]
 [22.4]
 [22.3]]",['2C charge and 1C discharge']
"[[array(['2022-10-12,22:59:21'], dtype='<U19')]
 [array(['2022-10-12,22:59:22'], dtype='<U19')]
 [array(['2022-10-12,22:59:23'], dtype='<U19')]
 ...
 [array(['2022-10-13,00:58:45'], dtype='<U19')]
 [array(['2022-10-13,00:58:45'], dtype='<U19')]
 [array(['2022-10-13,00:58:45'], dtype='<U19')]]","[[0.   ]
 [0.017]
 [0.034]
 ...
 [4.997]
 [5.001]
 [5.001]]","[[3.4992]
 [3.5404]
 [3.5551]
 ...
 [3.3154]
 [3.3149]
 [3.3146]]","[[3.9991]
 [4.0002]
 [3.9999]
 ...
 [0.    ]
 [0.    ]
 [0.    ]]","[[0.   ]
 [0.001]
 [0.002]
 ...
 [0.   ]
 [0.   ]
 [0.   ]]","[[0.   ]
 [0.004]
 [0.008]
 ...
 [0.   ]
 [0.   ]
 [0.   ]]","[[22.3]
 [22.3]
 [22.3]
 ...
 [22.4]
 [22.4]
 [22.4]]",['2C charge and 1C discharge']
"[[array(['2022-10-13,00:58:46'], dtype='<U19')]
 [array(['2022-10-13,00:58:47'], dtype='<U19')]
 [array(['2022-10-13,00:58:48'], dtype='<U19')]
 ...
 [array(['2022-10-13,02:58:11'], dtype='<U19')]
 [array(['2022-10-13,02:58:11'], dtype='<U19')]
 [array(['2022-10-13,02:58:11'], dtype='<U19')]]","[[0.   ]
 [0.017]
 [0.033]
 ...
 [4.997]
 [5.001]
 [5.001]]","[[3.5006]
 [3.5381]
 [3.5538]
 ...
 [3.3154]
 [3.3154]
 [3.3155]]","[[3.9994]
 [4.0001]
 [3.9999]
 ...
 [0.    ]
 [0.    ]
 [0.    ]]","[[0.   ]
 [0.001]
 [0.002]
 ...
 [0.   ]
 [0.   ]
 [0.   ]]","[[0.   ]
 [0.004]
 [0.008]
 ...
 [0.   ]
 [0.   ]
 [0.   ]]","[[22.4]
 [22.4]
 [22.4]
 ...
 [22.3]
 [22.3]
 [22.3]]",['2C charge and 1C discharge']
"[[array(['2022-10-13,02:58:12'], dtype='<U19')]
 [array(['2022-10-13,02:58:13'], dtype='<U19')]
 [array(['2022-10-13,02:58:15'], dtype='<U19')]
 ...
 [array(['2022-10-13,04:57:40'], dtype='<U19')]
 [array(['2022-10-13,04:57:41'], dtype='<U19')]
 [array(['2022-10-13,04:57:41'], dtype='<U19')]]","[[0.   ]
 [0.017]
 [0.034]
 ...
 [4.99 ]
 [5.001]
 [5.001]]","[[3.5013]
 [3.5401]
 [3.5559]
 ...
 [3.3155]
 [3.3155]
 [3.3148]]","[[4.0001]
 [4.0002]
 [3.9999]
 ...
 [0.    ]
 [0.    ]
 [0.    ]]","[[0.   ]
 [0.001]
 [0.002]
 ...
 [0.   ]
 [0.   ]
 [0.   ]]","[[0.   ]
 [0.004]
 [0.008]
 ...
 [0.   ]
 [0.   ]
 [0.   ]]","[[22.3]
 [22.3]
 [22.3]
 ...
 [22.3]
 [22.3]
 [22.3]]",['2C charge and 1C discharge']
"[[array(['2022-10-13,04:57:42'], dtype='<U19')]
 [array(['2022-10-13,04:57:43'], dtype='<U19')]
 [array(['2022-10-13,04:57:44'], dtype='<U19')]
 ...
 [array(['2022-10-13,06:57:08'], dtype='<U19')]
 [array(['2022-10-13,06:57:08'], dtype='<U19')]
 [array(['2022-10-13,06:57:08'], dtype='<U19')]]","[[0.   ]
 [0.017]
 [0.034]
 ...
 [4.992]
 [5.   ]
 [5.   ]]","[[3.5013]
 [3.5387]
 [3.5551]
 ...
 [3.3166]
 [3.3163]
 [3.3174]]","[[4.0004]
 [3.9999]
 [3.9999]
 ...
 [0.    ]
 [0.    ]
 [0.    ]]","[[0.   ]
 [0.001]
 [0.002]
 ...
 [0.   ]
 [0.   ]
 [0.   ]]","[[0.   ]
 [0.004]
 [0.008]
 ...
 [0.   ]
 [0.   ]
 [0.   ]]","[[22.2]
 [22.3]
 [22.3]
 ...
 [22.1]
 [22.1]
 [22.1]]",['2C charge and 1C discharge']
"[[array(['2022-10-13,06:57:09'], dtype='<U19')]
 [array(['2022-10-13,06:57:10'], dtype='<U19')]
 [array(['2022-10-13,06:57:11'], dtype='<U19')]
 ...
 [array(['2022-10-13,08:56:33'], dtype='<U19')]
 [array(['2022-10-13,08:56:33'], dtype='<U19')]
 [array(['2022-10-13,08:56:33'], dtype='<U19')]]","[[0.   ]
 [0.017]
 [0.033]
 ...
 [4.99 ]
 [5.001]
 [5.001]]","[[3.5027]
 [3.5401]
 [3.5576]
 ...
 [3.3168]
 [3.3165]
 [3.3169]]","[[3.9988]
 [3.9999]
 [4.0001]
 ...
 [0.    ]
 [0.    ]
 [0.    ]]","[[0.   ]
 [0.001]
 [0.002]
 ...
 [0.   ]
 [0.   ]
 [0.   ]]","[[0.   ]
 [0.004]
 [0.008]
 ...
 [0.   ]
 [0.   ]
 [0.   ]]","[[22.1]
 [22.1]
 [22.1]
 ...
 [22.2]
 [22.2]
 [22.2]]",['2C charge and 1C discharge']
"[[array(['2022-10-13,08:56:34'], dtype='<U19')]
 [array(['2022-10-13,08:56:35'], dtype='<U19')]
 [array(['2022-10-13,08:56:36'], dtype='<U19')]
 ...
 [array(['2022-10-13,10:56:03'], dtype='<U19')]
 [array(['2022-10-13,10:56:04'], dtype='<U19')]
 [array(['2022-10-13,10:56:04'], dtype='<U19')]]","[[0.   ]
 [0.017]
 [0.034]
 ...
 [4.988]
 [5.001]
 [5.001]]","[[3.5015]
 [3.5402]
 [3.5567]
 ...
 [3.316 ]
 [3.3165]
 [3.3152]]","[[4.0001]
 [3.9999]
 [3.9999]
 ...
 [0.    ]
 [0.    ]
 [0.    ]]","[[0.   ]
 [0.001]
 [0.002]
 ...
 [0.   ]
 [0.   ]
 [0.   ]]","[[0.   ]
 [0.004]
 [0.008]
 ...
 [0.   ]
 [0.   ]
 [0.   ]]","[[22.2]
 [22.1]
 [22.1]
 ...
 [22.3]
 [22.3]
 [22.3]]",['2C charge and 1C discharge']
"[[array(['2022-10-13,10:56:05'], dtype='<U19')]
 [array(['2022-10-13,10:56:06'], dtype='<U19')]
 [array(['2022-10-13,10:56:07'], dtype='<U19')]
 ...
 [array(['2022-10-13,12:55:30'], dtype='<U19')]
 [array(['2022-10-13,12:55:30'], dtype='<U19')]
 [array(['2022-10-13,12:55:31'], dtype='<U19')]]","[[0.   ]
 [0.017]
 [0.033]
 ...
 [4.996]
 [5.   ]
 [5.   ]]","[[3.5004]
 [3.5378]
 [3.5555]
 ...
 [3.3162]
 [3.3166]
 [3.3166]]","[[3.9988]
 [3.9999]
 [3.9999]
 ...
 [0.    ]
 [0.    ]
 [0.    ]]","[[0.   ]
 [0.001]
 [0.002]
 ...
 [0.   ]
 [0.   ]
 [0.   ]]","[[0.   ]
 [0.004]
 [0.008]
 ...
 [0.   ]
 [0.   ]
 [0.   ]]","[[22.3]
 [22.3]
 [22.3]
 ...
 [22.1]
 [22.1]
 [22.1]]",['2C charge and 1C discharge']
"[[array(['2022-10-13,12:55:32'], dtype='<U19')]
 [array(['2022-10-13,12:55:33'], dtype='<U19')]
 [array(['2022-10-13,12:55:34'], dtype='<U19')]
 ...
 [array(['2022-10-13,14:54:50'], dtype='<U19')]
 [array(['2022-10-13,14:54:50'], dtype='<U19')]
 [array(['2022-10-13,14:54:50'], dtype='<U19')]]","[[0.   ]
 [0.017]
 [0.034]
 ...
 [4.995]
 [5.001]
 [5.001]]","[[3.5009]
 [3.5398]
 [3.5562]
 ...
 [3.3172]
 [3.3165]
 [3.3172]]","[[3.9994]
 [3.9999]
 [3.9999]
 ...
 [0.    ]
 [0.    ]
 [0.    ]]","[[0.   ]
 [0.001]
 [0.002]
 ...
 [0.   ]
 [0.   ]
 [0.   ]]","[[0.   ]
 [0.004]
 [0.008]
 ...
 [0.   ]
 [0.   ]
 [0.   ]]","[[22.1]
 [22.1]
 [22.1]
 ...
 [22.1]
 [22.1]
 [22.1]]",['2C charge and 1C discharge']
"[[array(['2022-10-13,14:54:51'], dtype='<U19')]
 [array(['2022-10-13,14:54:52'], dtype='<U19')]
 [array(['2022-10-13,14:54:53'], dtype='<U19')]
 ...
 [array(['2022-10-13,16:54:01'], dtype='<U19')]
 [array(['2022-10-13,16:54:02'], dtype='<U19')]
 [array(['2022-10-13,16:54:02'], dtype='<U19')]]","[[0.   ]
 [0.017]
 [0.033]
 ...
 [4.994]
 [5.001]
 [5.001]]","[[3.5002]
 [3.5395]
 [3.5578]
 ...
 [3.3162]
 [3.3171]
 [3.3174]]","[[3.9991]
 [3.9999]
 [4.0001]
 ...
 [0.    ]
 [0.    ]
 [0.    ]]","[[0.   ]
 [0.001]
 [0.002]
 ...
 [0.   ]
 [0.   ]
 [0.   ]]","[[0.   ]
 [0.004]
 [0.008]
 ...
 [0.   ]
 [0.   ]
 [0.   ]]","[[22.1]
 [22.1]
 [22.1]
 ...
 [22.1]
 [22.1]
 [22.1]]",['2C charge and 1C discharge']
"[[array(['2022-10-13,16:54:03'], dtype='<U19')]
 [array(['2022-10-13,16:54:04'], dtype='<U19')]
 [array(['2022-10-13,16:54:05'], dtype='<U19')]
 ...
 [array(['2022-10-13,18:53:19'], dtype='<U19')]
 [array(['2022-10-13,18:53:19'], dtype='<U19')]
 [array(['2022-10-13,18:53:19'], dtype='<U19')]]","[[0.   ]
 [0.017]
 [0.033]
 ...
 [4.997]
 [5.   ]
 [5.   ]]","[[3.5038]
 [3.5416]
 [3.5575]
 ...
 [3.3168]
 [3.318 ]
 [3.3174]]","[[3.9991]
 [4.0002]
 [3.9999]
 ...
 [0.    ]
 [0.    ]
 [0.    ]]","[[0.   ]
 [0.001]
 [0.002]
 ...
 [0.   ]
 [0.   ]
 [0.   ]]","[[0.   ]
 [0.004]
 [0.008]
 ...
 [0.   ]
 [0.   ]
 [0.   ]]","[[22.1]
 [22.1]
 [22.1]
 ...
 [22.1]
 [22.1]
 [22.1]]",['2C charge and 1C discharge']
"[[array(['2022-10-13,18:53:20'], dtype='<U19')]
 [array(['2022-10-13,18:53:21'], dtype='<U19')]
 [array(['2022-10-13,18:53:22'], dtype='<U19')]
 ...
 [array(['2022-10-13,20:52:22'], dtype='<U19')]
 [array(['2022-10-13,20:52:23'], dtype='<U19')]
 [array(['2022-10-13,20:52:23'], dtype='<U19')]]","[[0.   ]
 [0.017]
 [0.034]
 ...
 [4.991]
 [5.   ]
 [5.   ]]","[[3.503 ]
 [3.5421]
 [3.559 ]
 ...
 [3.3137]
 [3.3134]
 [3.3135]]","[[4.0004]
 [4.0003]
 [4.0002]
 ...
 [0.    ]
 [0.    ]
 [0.    ]]","[[0.   ]
 [0.001]
 [0.002]
 ...
 [0.   ]
 [0.   ]
 [0.   ]]","[[0.   ]
 [0.004]
 [0.008]
 ...
 [0.   ]
 [0.   ]
 [0.   ]]","[[22.1]
 [22.1]
 [22.1]
 ...
 [22.6]
 [22.6]
 [22.6]]",['2C charge and 1C discharge']
"[[array(['2022-10-13,20:52:24'], dtype='<U19')]
 [array(['2022-10-13,20:52:25'], dtype='<U19')]
 [array(['2022-10-13,20:52:26'], dtype='<U19')]
 ...
 [array(['2022-10-13,22:51:02'], dtype='<U19')]
 [array(['2022-10-13,22:51:02'], dtype='<U19')]
 [array(['2022-10-13,22:51:02'], dtype='<U19')]]","[[0.   ]
 [0.017]
 [0.033]
 ...
 [4.992]
 [5.   ]
 [5.   ]]","[[3.4995]
 [3.5356]
 [3.5522]
 ...
 [3.3128]
 [3.312 ]
 [3.3123]]","[[4.0001]
 [3.9999]
 [3.9999]
 ...
 [0.    ]
 [0.    ]
 [0.    ]]","[[0.   ]
 [0.001]
 [0.002]
 ...
 [0.   ]
 [0.   ]
 [0.   ]]","[[0.   ]
 [0.004]
 [0.008]
 ...
 [0.   ]
 [0.   ]
 [0.   ]]","[[22.6]
 [22.6]
 [22.5]
 ...
 [22.7]
 [22.7]
 [22.7]]",['2C charge and 1C discharge']
"[[array(['2022-10-13,22:51:03'], dtype='<U19')]
 [array(['2022-10-13,22:51:04'], dtype='<U19')]
 [array(['2022-10-13,22:51:06'], dtype='<U19')]
 ...
 [array(['2022-10-14,00:49:28'], dtype='<U19')]
 [array(['2022-10-14,00:49:28'], dtype='<U19')]
 [array(['2022-10-14,00:49:28'], dtype='<U19')]]","[[0.   ]
 [0.017]
 [0.035]
 ...
 [4.997]
 [5.   ]
 [5.   ]]","[[3.4976]
 [3.5347]
 [3.5525]
 ...
 [3.3174]
 [3.3183]
 [3.318 ]]","[[4.0001]
 [3.9999]
 [4.    ]
 ...
 [0.    ]
 [0.    ]
 [0.    ]]","[[0.   ]
 [0.001]
 [0.002]
 ...
 [0.   ]
 [0.   ]
 [0.   ]]","[[0.   ]
 [0.004]
 [0.008]
 ...
 [0.   ]
 [0.   ]
 [0.   ]]","[[22.6]
 [22.6]
 [22.6]
 ...
 [22.2]
 [22.2]
 [22.2]]",['2C charge and 1C discharge']
"[[array(['2022-10-14,00:49:29'], dtype='<U19')]
 [array(['2022-10-14,00:49:30'], dtype='<U19')]
 [array(['2022-10-14,00:49:31'], dtype='<U19')]
 ...
 [array(['2022-10-14,02:48:36'], dtype='<U19')]
 [array(['2022-10-14,02:48:37'], dtype='<U19')]
 [array(['2022-10-14,02:48:37'], dtype='<U19')]]","[[0.   ]
 [0.017]
 [0.034]
 ...
 [4.988]
 [5.001]
 [5.001]]","[[3.5058]
 [3.5421]
 [3.5585]
 ...
 [3.3171]
 [3.3188]
 [3.3171]]","[[4.0004]
 [4.0001]
 [4.0001]
 ...
 [0.    ]
 [0.    ]
 [0.    ]]","[[0.   ]
 [0.001]
 [0.002]
 ...
 [0.   ]
 [0.   ]
 [0.   ]]","[[0.   ]
 [0.004]
 [0.008]
 ...
 [0.   ]
 [0.   ]
 [0.   ]]","[[22.2]
 [22.2]
 [22.2]
 ...
 [22.1]
 [22.1]
 [22.1]]",['2C charge and 1C discharge']
"[[array(['2022-10-14,02:48:38'], dtype='<U19')]
 [array(['2022-10-14,02:48:39'], dtype='<U19')]
 [array(['2022-10-14,02:48:40'], dtype='<U19')]
 ...
 [array(['2022-10-14,04:47:46'], dtype='<U19')]
 [array(['2022-10-14,04:47:47'], dtype='<U19')]
 [array(['2022-10-14,04:47:47'], dtype='<U19')]]","[[0.   ]
 [0.017]
 [0.034]
 ...
 [4.985]
 [5.   ]
 [5.   ]]","[[3.5026]
 [3.545 ]
 [3.5593]
 ...
 [3.3166]
 [3.3168]
 [3.318 ]]","[[3.9985]
 [4.0002]
 [3.9998]
 ...
 [0.    ]
 [0.    ]
 [0.    ]]","[[0.   ]
 [0.001]
 [0.002]
 ...
 [0.   ]
 [0.   ]
 [0.   ]]","[[0.   ]
 [0.004]
 [0.008]
 ...
 [0.   ]
 [0.   ]
 [0.   ]]","[[22.1]
 [22.1]
 [22.1]
 ...
 [22.1]
 [22.1]
 [22.1]]",['2C charge and 1C discharge']
"[[array(['2022-10-14,04:47:48'], dtype='<U19')]
 [array(['2022-10-14,04:47:49'], dtype='<U19')]
 [array(['2022-10-14,04:47:50'], dtype='<U19')]
 ...
 [array(['2022-10-14,06:46:59'], dtype='<U19')]
 [array(['2022-10-14,06:46:59'], dtype='<U19')]
 [array(['2022-10-14,06:47:00'], dtype='<U19')]]","[[0.   ]
 [0.018]
 [0.034]
 ...
 [4.986]
 [5.   ]
 [5.   ]]","[[3.5027]
 [3.5421]
 [3.5584]
 ...
 [3.3171]
 [3.3172]
 [3.3169]]","[[4.0001]
 [3.9999]
 [3.9999]
 ...
 [0.    ]
 [0.    ]
 [0.    ]]","[[0.   ]
 [0.001]
 [0.002]
 ...
 [0.   ]
 [0.   ]
 [0.   ]]","[[0.   ]
 [0.004]
 [0.008]
 ...
 [0.   ]
 [0.   ]
 [0.   ]]","[[22.1]
 [22.1]
 [22.1]
 ...
 [22.2]
 [22.2]
 [22.2]]",['2C charge and 1C discharge']
"[[array(['2022-10-14,06:47:01'], dtype='<U19')]
 [array(['2022-10-14,06:47:02'], dtype='<U19')]
 [array(['2022-10-14,06:47:03'], dtype='<U19')]
 ...
 [array(['2022-10-14,08:46:09'], dtype='<U19')]
 [array(['2022-10-14,08:46:09'], dtype='<U19')]
 [array(['2022-10-14,08:46:09'], dtype='<U19')]]","[[0.   ]
 [0.017]
 [0.033]
 ...
 [4.998]
 [5.   ]
 [5.   ]]","[[3.5042]
 [3.5421]
 [3.5581]
 ...
 [3.3199]
 [3.3183]
 [3.3197]]","[[4.0004]
 [4.0003]
 [4.    ]
 ...
 [0.    ]
 [0.    ]
 [0.    ]]","[[0.   ]
 [0.001]
 [0.002]
 ...
 [0.   ]
 [0.   ]
 [0.   ]]","[[0.   ]
 [0.004]
 [0.008]
 ...
 [0.   ]
 [0.   ]
 [0.   ]]","[[22.2]
 [22.1]
 [22.1]
 ...
 [22.1]
 [22.1]
 [22.1]]",['2C charge and 1C discharge']
"[[array(['2022-10-14,08:46:10'], dtype='<U19')]
 [array(['2022-10-14,08:46:11'], dtype='<U19')]
 [array(['2022-10-14,08:46:12'], dtype='<U19')]
 ...
 [array(['2022-10-14,10:45:25'], dtype='<U19')]
 [array(['2022-10-14,10:45:26'], dtype='<U19')]
 [array(['2022-10-14,10:45:26'], dtype='<U19')]]","[[0.   ]
 [0.017]
 [0.034]
 ...
 [4.999]
 [5.   ]
 [5.   ]]","[[3.5046]
 [3.5427]
 [3.561 ]
 ...
 [3.3188]
 [3.3194]
 [3.3183]]","[[3.9988]
 [3.9999]
 [3.9999]
 ...
 [0.    ]
 [0.    ]
 [0.    ]]","[[0.   ]
 [0.001]
 [0.002]
 ...
 [0.   ]
 [0.   ]
 [0.   ]]","[[0.   ]
 [0.004]
 [0.008]
 ...
 [0.   ]
 [0.   ]
 [0.   ]]","[[22. ]
 [22. ]
 [22. ]
 ...
 [22.1]
 [22. ]
 [22. ]]",['2C charge and 1C discharge']
"[[array(['2022-10-14,10:45:27'], dtype='<U19')]
 [array(['2022-10-14,10:45:28'], dtype='<U19')]
 [array(['2022-10-14,10:45:29'], dtype='<U19')]
 ...
 [array(['2022-10-14,12:44:35'], dtype='<U19')]
 [array(['2022-10-14,12:44:35'], dtype='<U19')]
 [array(['2022-10-14,12:44:36'], dtype='<U19')]]","[[0.   ]
 [0.017]
 [0.033]
 ...
 [4.998]
 [5.001]
 [5.001]]","[[3.5056]
 [3.5439]
 [3.5595]
 ...
 [3.3183]
 [3.3172]
 [3.3172]]","[[3.9998]
 [4.0003]
 [3.9999]
 ...
 [0.    ]
 [0.    ]
 [0.    ]]","[[0.   ]
 [0.001]
 [0.002]
 ...
 [0.   ]
 [0.   ]
 [0.   ]]","[[0.   ]
 [0.004]
 [0.008]
 ...
 [0.   ]
 [0.   ]
 [0.   ]]","[[22.1]
 [22. ]
 [22. ]
 ...
 [22.2]
 [22.2]
 [22.2]]",['2C charge and 1C discharge']
"[[array(['2022-10-14,12:44:37'], dtype='<U19')]
 [array(['2022-10-14,12:44:38'], dtype='<U19')]
 [array(['2022-10-14,12:44:39'], dtype='<U19')]
 ...
 [array(['2022-10-14,14:43:42'], dtype='<U19')]
 [array(['2022-10-14,14:43:43'], dtype='<U19')]
 [array(['2022-10-14,14:43:43'], dtype='<U19')]]","[[0.   ]
 [0.017]
 [0.033]
 ...
 [4.984]
 [5.   ]
 [5.   ]]","[[3.5047]
 [3.5427]
 [3.5582]
 ...
 [3.3159]
 [3.3165]
 [3.3166]]","[[3.9994]
 [4.0001]
 [3.9999]
 ...
 [0.    ]
 [0.    ]
 [0.    ]]","[[0.   ]
 [0.001]
 [0.002]
 ...
 [0.   ]
 [0.   ]
 [0.   ]]","[[0.   ]
 [0.004]
 [0.008]
 ...
 [0.   ]
 [0.   ]
 [0.   ]]","[[22.2]
 [22.2]
 [22.1]
 ...
 [22.5]
 [22.5]
 [22.5]]",['2C charge and 1C discharge']
"[[array(['2022-10-14,14:43:44'], dtype='<U19')]
 [array(['2022-10-14,14:43:45'], dtype='<U19')]
 [array(['2022-10-14,14:43:46'], dtype='<U19')]
 ...
 [array(['2022-10-14,16:42:38'], dtype='<U19')]
 [array(['2022-10-14,16:42:39'], dtype='<U19')]
 [array(['2022-10-14,16:42:39'], dtype='<U19')]]","[[0.   ]
 [0.017]
 [0.034]
 ...
 [4.989]
 [5.   ]
 [5.   ]]","[[3.5006]
 [3.5393]
 [3.5562]
 ...
 [3.3152]
 [3.3154]
 [3.3159]]","[[3.9988]
 [4.0001]
 [3.9999]
 ...
 [0.    ]
 [0.    ]
 [0.    ]]","[[0.   ]
 [0.001]
 [0.002]
 ...
 [0.   ]
 [0.   ]
 [0.   ]]","[[0.   ]
 [0.004]
 [0.008]
 ...
 [0.   ]
 [0.   ]
 [0.   ]]","[[22.5]
 [22.5]
 [22.5]
 ...
 [22.6]
 [22.6]
 [22.6]]",['2C charge and 1C discharge']
"[[array(['2022-10-14,16:42:40'], dtype='<U19')]
 [array(['2022-10-14,16:42:41'], dtype='<U19')]
 [array(['2022-10-14,16:42:42'], dtype='<U19')]
 ...
 [array(['2022-10-14,18:41:33'], dtype='<U19')]
 [array(['2022-10-14,18:41:33'], dtype='<U19')]
 [array(['2022-10-14,18:41:33'], dtype='<U19')]]","[[0.   ]
 [0.017]
 [0.033]
 ...
 [4.997]
 [5.   ]
 [5.   ]]","[[3.4996]
 [3.5387]
 [3.5553]
 ...
 [3.3169]
 [3.3172]
 [3.318 ]]","[[3.9994]
 [4.    ]
 [4.0001]
 ...
 [0.    ]
 [0.    ]
 [0.    ]]","[[0.   ]
 [0.001]
 [0.002]
 ...
 [0.   ]
 [0.   ]
 [0.   ]]","[[0.   ]
 [0.004]
 [0.008]
 ...
 [0.   ]
 [0.   ]
 [0.   ]]","[[22.6]
 [22.6]
 [22.6]
 ...
 [22.5]
 [22.5]
 [22.5]]",['2C charge and 1C discharge']
"[[array(['2022-10-14,18:41:34'], dtype='<U19')]
 [array(['2022-10-14,18:41:35'], dtype='<U19')]
 [array(['2022-10-14,18:41:36'], dtype='<U19')]
 ...
 [array(['2022-10-14,20:40:17'], dtype='<U19')]
 [array(['2022-10-14,20:40:17'], dtype='<U19')]
 [array(['2022-10-14,20:40:17'], dtype='<U19')]]","[[0.   ]
 [0.017]
 [0.033]
 ...
 [5.   ]
 [5.001]
 [5.001]]","[[3.5033]
 [3.5416]
 [3.5576]
 ...
 [3.3152]
 [3.3145]
 [3.3152]]","[[4.0013]
 [4.0002]
 [3.9999]
 ...
 [0.    ]
 [0.    ]
 [0.    ]]","[[0.   ]
 [0.001]
 [0.002]
 ...
 [0.   ]
 [0.   ]
 [0.   ]]","[[0.   ]
 [0.004]
 [0.008]
 ...
 [0.   ]
 [0.   ]
 [0.   ]]","[[22.5]
 [22.5]
 [22.5]
 ...
 [22.7]
 [22.7]
 [22.7]]",['2C charge and 1C discharge']
"[[array(['2022-10-14,20:40:18'], dtype='<U19')]
 [array(['2022-10-14,20:40:19'], dtype='<U19')]
 [array(['2022-10-14,20:40:20'], dtype='<U19')]
 ...
 [array(['2022-10-14,22:38:52'], dtype='<U19')]
 [array(['2022-10-14,22:38:53'], dtype='<U19')]
 [array(['2022-10-14,22:38:53'], dtype='<U19')]]","[[0.   ]
 [0.017]
 [0.034]
 ...
 [4.984]
 [5.   ]
 [5.   ]]","[[3.5006]
 [3.5379]
 [3.5544]
 ...
 [3.3131]
 [3.3135]
 [3.3134]]","[[3.9994]
 [4.0001]
 [4.    ]
 ...
 [0.    ]
 [0.    ]
 [0.    ]]","[[0.   ]
 [0.001]
 [0.002]
 ...
 [0.   ]
 [0.   ]
 [0.   ]]","[[0.   ]
 [0.004]
 [0.008]
 ...
 [0.   ]
 [0.   ]
 [0.   ]]","[[22.7]
 [22.7]
 [22.7]
 ...
 [22.7]
 [22.7]
 [22.7]]",['2C charge and 1C discharge']
"[[array(['2022-10-14,22:38:54'], dtype='<U19')]
 [array(['2022-10-14,22:38:55'], dtype='<U19')]
 [array(['2022-10-14,22:38:56'], dtype='<U19')]
 ...
 [array(['2022-10-15,00:37:41'], dtype='<U19')]
 [array(['2022-10-15,00:37:41'], dtype='<U19')]
 [array(['2022-10-15,00:37:41'], dtype='<U19')]]","[[0.   ]
 [0.017]
 [0.033]
 ...
 [4.997]
 [5.   ]
 [5.   ]]","[[3.4976]
 [3.5356]
 [3.5535]
 ...
 [3.3182]
 [3.318 ]
 [3.318 ]]","[[3.9991]
 [3.9999]
 [4.0002]
 ...
 [0.    ]
 [0.    ]
 [0.    ]]","[[0.   ]
 [0.001]
 [0.002]
 ...
 [0.   ]
 [0.   ]
 [0.   ]]","[[0.   ]
 [0.004]
 [0.008]
 ...
 [0.   ]
 [0.   ]
 [0.   ]]","[[22.7]
 [22.7]
 [22.7]
 ...
 [22.4]
 [22.4]
 [22.4]]",['2C charge and 1C discharge']
"[[array(['2022-10-15,00:37:42'], dtype='<U19')]
 [array(['2022-10-15,00:37:43'], dtype='<U19')]
 [array(['2022-10-15,00:37:44'], dtype='<U19')]
 ...
 [array(['2022-10-15,02:36:42'], dtype='<U19')]
 [array(['2022-10-15,02:36:42'], dtype='<U19')]
 [array(['2022-10-15,02:36:42'], dtype='<U19')]]","[[0.   ]
 [0.017]
 [0.033]
 ...
 [5.   ]
 [5.001]
 [5.001]]","[[3.5027]
 [3.5421]
 [3.5595]
 ...
 [3.3189]
 [3.3182]
 [3.3186]]","[[3.9991]
 [4.0002]
 [4.0003]
 ...
 [0.    ]
 [0.    ]
 [0.    ]]","[[0.   ]
 [0.001]
 [0.002]
 ...
 [0.   ]
 [0.   ]
 [0.   ]]","[[0.   ]
 [0.004]
 [0.008]
 ...
 [0.   ]
 [0.   ]
 [0.   ]]","[[22.4]
 [22.4]
 [22.4]
 ...
 [22.5]
 [22.5]
 [22.5]]",['2C charge and 1C discharge']
"[[array(['2022-10-15,02:36:43'], dtype='<U19')]
 [array(['2022-10-15,02:36:44'], dtype='<U19')]
 [array(['2022-10-15,02:36:45'], dtype='<U19')]
 ...
 [array(['2022-10-15,04:35:29'], dtype='<U19')]
 [array(['2022-10-15,04:35:30'], dtype='<U19')]
 [array(['2022-10-15,04:35:30'], dtype='<U19')]]","[[0.   ]
 [0.017]
 [0.034]
 ...
 [4.99 ]
 [5.001]
 [5.001]]","[[3.5032]
 [3.5428]
 [3.559 ]
 ...
 [3.3194]
 [3.3191]
 [3.318 ]]","[[3.9998]
 [4.0001]
 [3.9999]
 ...
 [0.    ]
 [0.    ]
 [0.    ]]","[[0.   ]
 [0.001]
 [0.002]
 ...
 [0.   ]
 [0.   ]
 [0.   ]]","[[0.   ]
 [0.004]
 [0.008]
 ...
 [0.   ]
 [0.   ]
 [0.   ]]","[[22.5]
 [22.5]
 [22.4]
 ...
 [22.5]
 [22.5]
 [22.5]]",['2C charge and 1C discharge']
"[[array(['2022-10-15,04:35:31'], dtype='<U19')]
 [array(['2022-10-15,04:35:32'], dtype='<U19')]
 [array(['2022-10-15,04:35:33'], dtype='<U19')]
 ...
 [array(['2022-10-15,06:34:23'], dtype='<U19')]
 [array(['2022-10-15,06:34:23'], dtype='<U19')]
 [array(['2022-10-15,06:34:23'], dtype='<U19')]]","[[0.   ]
 [0.017]
 [0.034]
 ...
 [4.993]
 [5.   ]
 [5.   ]]","[[3.5042]
 [3.5422]
 [3.5593]
 ...
 [3.3188]
 [3.3199]
 [3.3194]]","[[4.0004]
 [3.9999]
 [3.9999]
 ...
 [0.    ]
 [0.    ]
 [0.    ]]","[[0.   ]
 [0.001]
 [0.002]
 ...
 [0.   ]
 [0.   ]
 [0.   ]]","[[0.   ]
 [0.004]
 [0.008]
 ...
 [0.   ]
 [0.   ]
 [0.   ]]","[[22.4]
 [22.4]
 [22.5]
 ...
 [22.4]
 [22.3]
 [22.3]]",['2C charge and 1C discharge']
"[[array(['2022-10-15,06:34:24'], dtype='<U19')]
 [array(['2022-10-15,06:34:25'], dtype='<U19')]
 [array(['2022-10-15,06:34:26'], dtype='<U19')]
 ...
 [array(['2022-10-15,08:33:22'], dtype='<U19')]
 [array(['2022-10-15,08:33:22'], dtype='<U19')]
 [array(['2022-10-15,08:33:23'], dtype='<U19')]]","[[0.   ]
 [0.017]
 [0.033]
 ...
 [4.993]
 [5.   ]
 [5.   ]]","[[3.5056]
 [3.5438]
 [3.5618]
 ...
 [3.3194]
 [3.3202]
 [3.3205]]","[[3.9998]
 [4.0001]
 [4.0003]
 ...
 [0.    ]
 [0.    ]
 [0.    ]]","[[0.   ]
 [0.001]
 [0.002]
 ...
 [0.   ]
 [0.   ]
 [0.   ]]","[[0.   ]
 [0.004]
 [0.008]
 ...
 [0.   ]
 [0.   ]
 [0.   ]]","[[22.3]
 [22.3]
 [22.3]
 ...
 [22.4]
 [22.4]
 [22.4]]",['2C charge and 1C discharge']
"[[array(['2022-10-15,08:33:24'], dtype='<U19')]
 [array(['2022-10-15,08:33:25'], dtype='<U19')]
 [array(['2022-10-15,08:33:26'], dtype='<U19')]
 ...
 [array(['2022-10-15,10:32:28'], dtype='<U19')]
 [array(['2022-10-15,10:32:28'], dtype='<U19')]
 [array(['2022-10-15,10:32:28'], dtype='<U19')]]","[[0.   ]
 [0.017]
 [0.033]
 ...
 [4.998]
 [5.   ]
 [5.   ]]","[[3.505 ]
 [3.5445]
 [3.5618]
 ...
 [3.3166]
 [3.3163]
 [3.3163]]","[[3.9998]
 [4.    ]
 [4.0002]
 ...
 [0.    ]
 [0.    ]
 [0.    ]]","[[0.   ]
 [0.001]
 [0.002]
 ...
 [0.   ]
 [0.   ]
 [0.   ]]","[[0.   ]
 [0.004]
 [0.008]
 ...
 [0.   ]
 [0.   ]
 [0.   ]]","[[22.4]
 [22.4]
 [22.3]
 ...
 [22.7]
 [22.7]
 [22.7]]",['2C charge and 1C discharge']
"[[array(['2022-10-15,10:32:29'], dtype='<U19')]
 [array(['2022-10-15,10:32:30'], dtype='<U19')]
 [array(['2022-10-15,10:32:31'], dtype='<U19')]
 ...
 [array(['2022-10-15,12:30:54'], dtype='<U19')]
 [array(['2022-10-15,12:30:54'], dtype='<U19')]
 [array(['2022-10-15,12:30:54'], dtype='<U19')]]","[[0.   ]
 [0.017]
 [0.034]
 ...
 [4.99 ]
 [5.   ]
 [5.   ]]","[[3.5012]
 [3.5412]
 [3.5578]
 ...
 [3.3188]
 [3.3189]
 [3.3183]]","[[3.9991]
 [3.9999]
 [4.    ]
 ...
 [0.    ]
 [0.    ]
 [0.    ]]","[[0.   ]
 [0.001]
 [0.002]
 ...
 [0.   ]
 [0.   ]
 [0.   ]]","[[0.   ]
 [0.004]
 [0.008]
 ...
 [0.   ]
 [0.   ]
 [0.   ]]","[[22.7]
 [22.7]
 [22.7]
 ...
 [22.6]
 [22.6]
 [22.6]]",['2C charge and 1C discharge']
"[[array(['2022-10-15,12:30:55'], dtype='<U19')]
 [array(['2022-10-15,12:30:56'], dtype='<U19')]
 [array(['2022-10-15,12:30:57'], dtype='<U19')]
 ...
 [array(['2022-10-15,14:29:49'], dtype='<U19')]
 [array(['2022-10-15,14:29:50'], dtype='<U19')]
 [array(['2022-10-15,14:29:50'], dtype='<U19')]]","[[0.   ]
 [0.017]
 [0.033]
 ...
 [4.993]
 [5.   ]
 [5.   ]]","[[3.505 ]
 [3.5421]
 [3.5596]
 ...
 [3.3186]
 [3.3188]
 [3.3182]]","[[4.0001]
 [4.    ]
 [4.0002]
 ...
 [0.    ]
 [0.    ]
 [0.    ]]","[[0.   ]
 [0.001]
 [0.002]
 ...
 [0.   ]
 [0.   ]
 [0.   ]]","[[0.   ]
 [0.004]
 [0.008]
 ...
 [0.   ]
 [0.   ]
 [0.   ]]","[[22.6]
 [22.6]
 [22.6]
 ...
 [22.6]
 [22.6]
 [22.6]]",['2C charge and 1C discharge']
"[[array(['2022-10-15,14:29:51'], dtype='<U19')]
 [array(['2022-10-15,14:29:52'], dtype='<U19')]
 [array(['2022-10-15,14:29:53'], dtype='<U19')]
 ...
 [array(['2022-10-15,16:28:44'], dtype='<U19')]
 [array(['2022-10-15,16:28:44'], dtype='<U19')]
 [array(['2022-10-15,16:28:44'], dtype='<U19')]]","[[0.   ]
 [0.017]
 [0.034]
 ...
 [4.988]
 [5.   ]
 [5.   ]]","[[3.5021]
 [3.5436]
 [3.5591]
 ...
 [3.3186]
 [3.3183]
 [3.3189]]","[[4.0001]
 [4.0001]
 [3.9999]
 ...
 [0.    ]
 [0.    ]
 [0.    ]]","[[0.   ]
 [0.001]
 [0.002]
 ...
 [0.   ]
 [0.   ]
 [0.   ]]","[[0.   ]
 [0.004]
 [0.008]
 ...
 [0.   ]
 [0.   ]
 [0.   ]]","[[22.5]
 [22.6]
 [22.5]
 ...
 [22.5]
 [22.5]
 [22.5]]",['2C charge and 1C discharge']
"[[array(['2022-10-15,16:28:45'], dtype='<U19')]
 [array(['2022-10-15,16:28:46'], dtype='<U19')]
 [array(['2022-10-15,16:28:47'], dtype='<U19')]
 ...
 [array(['2022-10-15,18:27:34'], dtype='<U19')]
 [array(['2022-10-15,18:27:35'], dtype='<U19')]
 [array(['2022-10-15,18:27:35'], dtype='<U19')]]","[[0.   ]
 [0.017]
 [0.033]
 ...
 [4.988]
 [5.001]
 [5.001]]","[[3.5053]
 [3.5424]
 [3.5605]
 ...
 [3.3182]
 [3.3194]
 [3.3186]]","[[3.9994]
 [3.9999]
 [4.0002]
 ...
 [0.    ]
 [0.    ]
 [0.    ]]","[[0.   ]
 [0.001]
 [0.002]
 ...
 [0.   ]
 [0.   ]
 [0.   ]]","[[0.   ]
 [0.004]
 [0.008]
 ...
 [0.   ]
 [0.   ]
 [0.   ]]","[[22.5]
 [22.5]
 [22.5]
 ...
 [22.5]
 [22.5]
 [22.5]]",['2C charge and 1C discharge']
"[[array(['2022-10-15,18:27:36'], dtype='<U19')]
 [array(['2022-10-15,18:27:37'], dtype='<U19')]
 [array(['2022-10-15,18:27:38'], dtype='<U19')]
 ...
 [array(['2022-10-15,20:26:27'], dtype='<U19')]
 [array(['2022-10-15,20:26:27'], dtype='<U19')]
 [array(['2022-10-15,20:26:27'], dtype='<U19')]]","[[0.   ]
 [0.017]
 [0.033]
 ...
 [4.991]
 [5.001]
 [5.001]]","[[3.5042]
 [3.5435]
 [3.5599]
 ...
 [3.3197]
 [3.3195]
 [3.32  ]]","[[3.9998]
 [4.    ]
 [3.9999]
 ...
 [0.    ]
 [0.    ]
 [0.    ]]","[[0.   ]
 [0.001]
 [0.002]
 ...
 [0.   ]
 [0.   ]
 [0.   ]]","[[0.   ]
 [0.004]
 [0.008]
 ...
 [0.   ]
 [0.   ]
 [0.   ]]","[[22.5]
 [22.5]
 [22.5]
 ...
 [22.6]
 [22.6]
 [22.6]]",['2C charge and 1C discharge']
"[[array(['2022-10-15,20:26:28'], dtype='<U19')]
 [array(['2022-10-15,20:26:29'], dtype='<U19')]
 [array(['2022-10-15,20:26:30'], dtype='<U19')]
 ...
 [array(['2022-10-15,22:25:11'], dtype='<U19')]
 [array(['2022-10-15,22:25:12'], dtype='<U19')]
 [array(['2022-10-15,22:25:12'], dtype='<U19')]]","[[0.   ]
 [0.017]
 [0.033]
 ...
 [4.99 ]
 [5.   ]
 [5.   ]]","[[3.5029]
 [3.5438]
 [3.5602]
 ...
 [3.3185]
 [3.3188]
 [3.3194]]","[[3.9994]
 [4.0001]
 [4.    ]
 ...
 [0.    ]
 [0.    ]
 [0.    ]]","[[0.   ]
 [0.001]
 [0.002]
 ...
 [0.   ]
 [0.   ]
 [0.   ]]","[[0.   ]
 [0.004]
 [0.008]
 ...
 [0.   ]
 [0.   ]
 [0.   ]]","[[22.6]
 [22.6]
 [22.6]
 ...
 [22.6]
 [22.6]
 [22.6]]",['2C charge and 1C discharge']
"[[array(['2022-10-15,22:25:13'], dtype='<U19')]
 [array(['2022-10-15,22:25:14'], dtype='<U19')]
 [array(['2022-10-15,22:25:15'], dtype='<U19')]
 ...
 [array(['2022-10-16,00:23:53'], dtype='<U19')]
 [array(['2022-10-16,00:23:53'], dtype='<U19')]
 [array(['2022-10-16,00:23:53'], dtype='<U19')]]","[[0.   ]
 [0.017]
 [0.033]
 ...
 [4.995]
 [5.   ]
 [5.   ]]","[[3.505 ]
 [3.5436]
 [3.5602]
 ...
 [3.3189]
 [3.3197]
 [3.3199]]","[[3.9998]
 [3.9999]
 [4.    ]
 ...
 [0.    ]
 [0.    ]
 [0.    ]]","[[0.   ]
 [0.001]
 [0.002]
 ...
 [0.   ]
 [0.   ]
 [0.   ]]","[[0.   ]
 [0.004]
 [0.008]
 ...
 [0.   ]
 [0.   ]
 [0.   ]]","[[22.6]
 [22.6]
 [22.6]
 ...
 [22.7]
 [22.7]
 [22.7]]",['2C charge and 1C discharge']
"[[array(['2022-10-16,00:23:55'], dtype='<U19')]
 [array(['2022-10-16,00:23:56'], dtype='<U19')]
 [array(['2022-10-16,00:23:57'], dtype='<U19')]
 ...
 [array(['2022-10-16,02:22:41'], dtype='<U19')]
 [array(['2022-10-16,02:22:42'], dtype='<U19')]
 [array(['2022-10-16,02:22:42'], dtype='<U19')]]","[[0.   ]
 [0.017]
 [0.034]
 ...
 [4.993]
 [5.   ]
 [5.   ]]","[[3.5061]
 [3.5455]
 [3.5613]
 ...
 [3.3197]
 [3.3199]
 [3.32  ]]","[[3.9998]
 [4.0002]
 [3.9999]
 ...
 [0.    ]
 [0.    ]
 [0.    ]]","[[0.   ]
 [0.001]
 [0.002]
 ...
 [0.   ]
 [0.   ]
 [0.   ]]","[[0.   ]
 [0.004]
 [0.008]
 ...
 [0.   ]
 [0.   ]
 [0.   ]]","[[22.7]
 [22.7]
 [22.6]
 ...
 [22.5]
 [22.5]
 [22.5]]",['2C charge and 1C discharge']
"[[array(['2022-10-16,02:22:43'], dtype='<U19')]
 [array(['2022-10-16,02:22:44'], dtype='<U19')]
 [array(['2022-10-16,02:22:45'], dtype='<U19')]
 ...
 [array(['2022-10-16,04:21:27'], dtype='<U19')]
 [array(['2022-10-16,04:21:28'], dtype='<U19')]
 [array(['2022-10-16,04:21:28'], dtype='<U19')]]","[[0.   ]
 [0.017]
 [0.033]
 ...
 [4.987]
 [5.001]
 [5.001]]","[[3.5053]
 [3.5448]
 [3.5619]
 ...
 [3.3183]
 [3.3191]
 [3.3188]]","[[3.9994]
 [4.    ]
 [4.0002]
 ...
 [0.    ]
 [0.    ]
 [0.    ]]","[[0.   ]
 [0.001]
 [0.002]
 ...
 [0.   ]
 [0.   ]
 [0.   ]]","[[0.   ]
 [0.004]
 [0.008]
 ...
 [0.   ]
 [0.   ]
 [0.   ]]","[[22.5]
 [22.5]
 [22.5]
 ...
 [22.6]
 [22.6]
 [22.6]]",['2C charge and 1C discharge']
"[[array(['2022-10-16,04:21:29'], dtype='<U19')]
 [array(['2022-10-16,04:21:30'], dtype='<U19')]
 [array(['2022-10-16,04:21:31'], dtype='<U19')]
 ...
 [array(['2022-10-16,06:20:18'], dtype='<U19')]
 [array(['2022-10-16,06:20:19'], dtype='<U19')]
 [array(['2022-10-16,06:20:19'], dtype='<U19')]]","[[0.   ]
 [0.017]
 [0.033]
 ...
 [4.993]
 [5.001]
 [5.001]]","[[3.5018]
 [3.5424]
 [3.5598]
 ...
 [3.3194]
 [3.3195]
 [3.3205]]","[[3.9994]
 [4.    ]
 [4.0001]
 ...
 [0.    ]
 [0.    ]
 [0.    ]]","[[0.   ]
 [0.001]
 [0.002]
 ...
 [0.   ]
 [0.   ]
 [0.   ]]","[[0.   ]
 [0.004]
 [0.008]
 ...
 [0.   ]
 [0.   ]
 [0.   ]]","[[22.6]
 [22.6]
 [22.6]
 ...
 [22.5]
 [22.5]
 [22.5]]",['2C charge and 1C discharge']
"[[array(['2022-10-16,06:20:20'], dtype='<U19')]
 [array(['2022-10-16,06:20:21'], dtype='<U19')]
 [array(['2022-10-16,06:20:22'], dtype='<U19')]
 ...
 [array(['2022-10-16,08:19:06'], dtype='<U19')]
 [array(['2022-10-16,08:19:07'], dtype='<U19')]
 [array(['2022-10-16,08:19:07'], dtype='<U19')]]","[[0.   ]
 [0.017]
 [0.033]
 ...
 [4.984]
 [5.001]
 [5.001]]","[[3.5062]
 [3.5447]
 [3.5611]
 ...
 [3.3194]
 [3.3195]
 [3.32  ]]","[[3.9994]
 [3.9999]
 [3.9999]
 ...
 [0.    ]
 [0.    ]
 [0.    ]]","[[0.   ]
 [0.001]
 [0.002]
 ...
 [0.   ]
 [0.   ]
 [0.   ]]","[[0.   ]
 [0.004]
 [0.008]
 ...
 [0.   ]
 [0.   ]
 [0.   ]]","[[22.5]
 [22.5]
 [22.5]
 ...
 [22.6]
 [22.5]
 [22.5]]",['2C charge and 1C discharge']
"[[array(['2022-10-16,08:19:08'], dtype='<U19')]
 [array(['2022-10-16,08:19:09'], dtype='<U19')]
 [array(['2022-10-16,08:19:10'], dtype='<U19')]
 ...
 [array(['2022-10-16,10:18:02'], dtype='<U19')]
 [array(['2022-10-16,10:18:02'], dtype='<U19')]
 [array(['2022-10-16,10:18:03'], dtype='<U19')]]","[[0.   ]
 [0.017]
 [0.034]
 ...
 [4.993]
 [5.001]
 [5.001]]","[[3.5055]
 [3.5448]
 [3.5631]
 ...
 [3.3166]
 [3.3168]
 [3.3168]]","[[3.9998]
 [4.0001]
 [4.0002]
 ...
 [0.    ]
 [0.    ]
 [0.    ]]","[[0.   ]
 [0.001]
 [0.002]
 ...
 [0.   ]
 [0.   ]
 [0.   ]]","[[0.   ]
 [0.004]
 [0.008]
 ...
 [0.   ]
 [0.   ]
 [0.   ]]","[[22.5]
 [22.5]
 [22.5]
 ...
 [23. ]
 [23. ]
 [23. ]]",['2C charge and 1C discharge']
"[[array(['2022-10-16,10:18:04'], dtype='<U19')]
 [array(['2022-10-16,10:18:05'], dtype='<U19')]
 [array(['2022-10-16,10:18:06'], dtype='<U19')]
 ...
 [array(['2022-10-16,12:16:14'], dtype='<U19')]
 [array(['2022-10-16,12:16:14'], dtype='<U19')]
 [array(['2022-10-16,12:16:14'], dtype='<U19')]]","[[0.   ]
 [0.017]
 [0.034]
 ...
 [4.997]
 [5.001]
 [5.001]]","[[3.5009]
 [3.541 ]
 [3.5575]
 ...
 [3.3108]
 [3.3108]
 [3.3108]]","[[3.9998]
 [4.    ]
 [4.0001]
 ...
 [0.    ]
 [0.    ]
 [0.    ]]","[[0.   ]
 [0.001]
 [0.002]
 ...
 [0.   ]
 [0.   ]
 [0.   ]]","[[0.   ]
 [0.004]
 [0.008]
 ...
 [0.   ]
 [0.   ]
 [0.   ]]","[[23. ]
 [23. ]
 [23. ]
 ...
 [23.7]
 [23.7]
 [23.7]]",['2C charge and 1C discharge']
"[[array(['2022-10-16,12:16:15'], dtype='<U19')]
 [array(['2022-10-16,12:16:16'], dtype='<U19')]
 [array(['2022-10-16,12:16:17'], dtype='<U19')]
 ...
 [array(['2022-10-16,14:14:02'], dtype='<U19')]
 [array(['2022-10-16,14:14:02'], dtype='<U19')]
 [array(['2022-10-16,14:14:03'], dtype='<U19')]]","[[0.   ]
 [0.017]
 [0.033]
 ...
 [4.998]
 [5.001]
 [5.001]]","[[3.4924]
 [3.5312]
 [3.5481]
 ...
 [3.3119]
 [3.3119]
 [3.312 ]]","[[3.9994]
 [4.    ]
 [4.    ]
 ...
 [0.    ]
 [0.    ]
 [0.    ]]","[[0.   ]
 [0.001]
 [0.002]
 ...
 [0.   ]
 [0.   ]
 [0.   ]]","[[0.   ]
 [0.004]
 [0.008]
 ...
 [0.   ]
 [0.   ]
 [0.   ]]","[[23.7]
 [23.7]
 [23.7]
 ...
 [23.6]
 [23.6]
 [23.6]]",['2C charge and 1C discharge']
"[[array(['2022-10-16,14:14:04'], dtype='<U19')]
 [array(['2022-10-16,14:14:05'], dtype='<U19')]
 [array(['2022-10-16,14:14:06'], dtype='<U19')]
 ...
 [array(['2022-10-16,16:12:00'], dtype='<U19')]
 [array(['2022-10-16,16:12:01'], dtype='<U19')]
 [array(['2022-10-16,16:12:01'], dtype='<U19')]]","[[0.   ]
 [0.017]
 [0.033]
 ...
 [4.996]
 [5.001]
 [5.001]]","[[3.4959]
 [3.5328]
 [3.5496]
 ...
 [3.3131]
 [3.3131]
 [3.3131]]","[[3.9994]
 [4.    ]
 [4.    ]
 ...
 [0.    ]
 [0.    ]
 [0.    ]]","[[0.   ]
 [0.001]
 [0.002]
 ...
 [0.   ]
 [0.   ]
 [0.   ]]","[[0.   ]
 [0.004]
 [0.008]
 ...
 [0.   ]
 [0.   ]
 [0.   ]]","[[23.6]
 [23.6]
 [23.6]
 ...
 [23.5]
 [23.5]
 [23.5]]",['2C charge and 1C discharge']
"[[array(['2022-10-16,16:12:02'], dtype='<U19')]
 [array(['2022-10-16,16:12:03'], dtype='<U19')]
 [array(['2022-10-16,16:12:04'], dtype='<U19')]
 ...
 [array(['2022-10-16,18:10:27'], dtype='<U19')]
 [array(['2022-10-16,18:10:28'], dtype='<U19')]
 [array(['2022-10-16,18:10:28'], dtype='<U19')]]","[[0.   ]
 [0.017]
 [0.034]
 ...
 [4.987]
 [5.   ]
 [5.   ]]","[[3.495 ]
 [3.5356]
 [3.5521]
 ...
 [3.3169]
 [3.3171]
 [3.3171]]","[[3.9994]
 [4.    ]
 [4.    ]
 ...
 [0.    ]
 [0.    ]
 [0.    ]]","[[0.   ]
 [0.001]
 [0.002]
 ...
 [0.   ]
 [0.   ]
 [0.   ]]","[[0.   ]
 [0.004]
 [0.008]
 ...
 [0.   ]
 [0.   ]
 [0.   ]]","[[23.5]
 [23.5]
 [23.5]
 ...
 [23.1]
 [23.1]
 [23.1]]",['2C charge and 1C discharge']
"[[array(['2022-10-16,18:10:29'], dtype='<U19')]
 [array(['2022-10-16,18:10:30'], dtype='<U19')]
 [array(['2022-10-16,18:10:31'], dtype='<U19')]
 ...
 [array(['2022-10-16,20:09:00'], dtype='<U19')]
 [array(['2022-10-16,20:09:00'], dtype='<U19')]
 [array(['2022-10-16,20:09:00'], dtype='<U19')]]","[[0.   ]
 [0.017]
 [0.034]
 ...
 [5.   ]
 [5.001]
 [5.001]]","[[3.5015]
 [3.5407]
 [3.5581]
 ...
 [3.3165]
 [3.3165]
 [3.3165]]","[[3.9994]
 [4.    ]
 [4.    ]
 ...
 [0.    ]
 [0.    ]
 [0.    ]]","[[0.   ]
 [0.001]
 [0.002]
 ...
 [0.   ]
 [0.   ]
 [0.   ]]","[[0.   ]
 [0.004]
 [0.008]
 ...
 [0.   ]
 [0.   ]
 [0.   ]]","[[23.1]
 [23.1]
 [23.1]
 ...
 [23.1]
 [23.1]
 [23.1]]",['2C charge and 1C discharge']
"[[array(['2022-10-16,20:09:01'], dtype='<U19')]
 [array(['2022-10-16,20:09:02'], dtype='<U19')]
 [array(['2022-10-16,20:09:03'], dtype='<U19')]
 ...
 [array(['2022-10-16,22:07:42'], dtype='<U19')]
 [array(['2022-10-16,22:07:42'], dtype='<U19')]
 [array(['2022-10-16,22:07:42'], dtype='<U19')]]","[[0.   ]
 [0.017]
 [0.033]
 ...
 [4.99 ]
 [5.   ]
 [5.   ]]","[[3.5027]
 [3.5396]
 [3.5565]
 ...
 [3.3174]
 [3.3177]
 [3.3177]]","[[3.9994]
 [3.9999]
 [4.    ]
 ...
 [0.    ]
 [0.    ]
 [0.    ]]","[[0.   ]
 [0.001]
 [0.002]
 ...
 [0.   ]
 [0.   ]
 [0.   ]]","[[0.   ]
 [0.004]
 [0.008]
 ...
 [0.   ]
 [0.   ]
 [0.   ]]","[[23.1]
 [23.1]
 [23.1]
 ...
 [23.1]
 [23.1]
 [23.1]]",['2C charge and 1C discharge']
"[[array(['2022-10-16,22:07:43'], dtype='<U19')]
 [array(['2022-10-16,22:07:44'], dtype='<U19')]
 [array(['2022-10-16,22:07:45'], dtype='<U19')]
 ...
 [array(['2022-10-17,00:06:18'], dtype='<U19')]
 [array(['2022-10-17,00:06:18'], dtype='<U19')]
 [array(['2022-10-17,00:06:19'], dtype='<U19')]]","[[0.   ]
 [0.017]
 [0.033]
 ...
 [4.991]
 [5.   ]
 [5.   ]]","[[3.4998]
 [3.5404]
 [3.5575]
 ...
 [3.3171]
 [3.3172]
 [3.3172]]","[[3.9994]
 [4.    ]
 [4.    ]
 ...
 [0.    ]
 [0.    ]
 [0.    ]]","[[0.   ]
 [0.001]
 [0.002]
 ...
 [0.   ]
 [0.   ]
 [0.   ]]","[[0.   ]
 [0.004]
 [0.008]
 ...
 [0.   ]
 [0.   ]
 [0.   ]]","[[23.1]
 [23. ]
 [23. ]
 ...
 [23.3]
 [23.3]
 [23.3]]",['2C charge and 1C discharge']
"[[array(['2022-10-17,00:06:20'], dtype='<U19')]
 [array(['2022-10-17,00:06:21'], dtype='<U19')]
 [array(['2022-10-17,00:06:22'], dtype='<U19')]
 ...
 [array(['2022-10-17,02:04:52'], dtype='<U19')]
 [array(['2022-10-17,02:04:52'], dtype='<U19')]
 [array(['2022-10-17,02:04:52'], dtype='<U19')]]","[[0.   ]
 [0.017]
 [0.033]
 ...
 [4.995]
 [5.   ]
 [5.   ]]","[[3.501 ]
 [3.5395]
 [3.5573]
 ...
 [3.3183]
 [3.3186]
 [3.3186]]","[[3.9998]
 [4.    ]
 [4.0001]
 ...
 [0.    ]
 [0.    ]
 [0.    ]]","[[0.   ]
 [0.001]
 [0.002]
 ...
 [0.   ]
 [0.   ]
 [0.   ]]","[[0.   ]
 [0.004]
 [0.008]
 ...
 [0.   ]
 [0.   ]
 [0.   ]]","[[23.3]
 [23.3]
 [23.3]
 ...
 [23. ]
 [23. ]
 [23. ]]",['2C charge and 1C discharge']
"[[array(['2022-10-17,02:04:53'], dtype='<U19')]
 [array(['2022-10-17,02:04:54'], dtype='<U19')]
 [array(['2022-10-17,02:04:55'], dtype='<U19')]
 ...
 [array(['2022-10-17,04:03:18'], dtype='<U19')]
 [array(['2022-10-17,04:03:18'], dtype='<U19')]
 [array(['2022-10-17,04:03:18'], dtype='<U19')]]","[[0.   ]
 [0.017]
 [0.034]
 ...
 [4.995]
 [5.   ]
 [5.   ]]","[[3.5039]
 [3.5422]
 [3.5599]
 ...
 [3.3189]
 [3.3189]
 [3.3188]]","[[3.9998]
 [4.    ]
 [4.0001]
 ...
 [0.    ]
 [0.    ]
 [0.    ]]","[[0.   ]
 [0.001]
 [0.002]
 ...
 [0.   ]
 [0.   ]
 [0.   ]]","[[0.   ]
 [0.004]
 [0.008]
 ...
 [0.   ]
 [0.   ]
 [0.   ]]","[[23. ]
 [23. ]
 [23. ]
 ...
 [23.2]
 [23.2]
 [23.2]]",['2C charge and 1C discharge']
"[[array(['2022-10-17,04:03:19'], dtype='<U19')]
 [array(['2022-10-17,04:03:20'], dtype='<U19')]
 [array(['2022-10-17,04:03:21'], dtype='<U19')]
 ...
 [array(['2022-10-17,06:01:46'], dtype='<U19')]
 [array(['2022-10-17,06:01:46'], dtype='<U19')]
 [array(['2022-10-17,06:01:46'], dtype='<U19')]]","[[0.   ]
 [0.017]
 [0.034]
 ...
 [4.995]
 [5.   ]
 [5.   ]]","[[3.5042]
 [3.5439]
 [3.5607]
 ...
 [3.3186]
 [3.3188]
 [3.3188]]","[[3.9998]
 [4.    ]
 [4.0001]
 ...
 [0.    ]
 [0.    ]
 [0.    ]]","[[0.   ]
 [0.001]
 [0.002]
 ...
 [0.   ]
 [0.   ]
 [0.   ]]","[[0.   ]
 [0.004]
 [0.008]
 ...
 [0.   ]
 [0.   ]
 [0.   ]]","[[23.1]
 [23.1]
 [23.1]
 ...
 [23.3]
 [23.3]
 [23.3]]",['2C charge and 1C discharge']
"[[array(['2022-10-17,06:01:47'], dtype='<U19')]
 [array(['2022-10-17,06:01:48'], dtype='<U19')]
 [array(['2022-10-17,06:01:49'], dtype='<U19')]
 ...
 [array(['2022-10-17,08:00:17'], dtype='<U19')]
 [array(['2022-10-17,08:00:18'], dtype='<U19')]
 [array(['2022-10-17,08:00:19'], dtype='<U19')]]","[[0.   ]
 [0.017]
 [0.034]
 ...
 [4.984]
 [5.001]
 [5.001]]","[[3.5019]
 [3.5418]
 [3.5593]
 ...
 [3.3189]
 [3.3194]
 [3.3194]]","[[3.9994]
 [4.    ]
 [4.    ]
 ...
 [0.    ]
 [0.    ]
 [0.    ]]","[[0.   ]
 [0.001]
 [0.002]
 ...
 [0.   ]
 [0.   ]
 [0.   ]]","[[0.   ]
 [0.004]
 [0.008]
 ...
 [0.   ]
 [0.   ]
 [0.   ]]","[[23.3]
 [23.3]
 [23.3]
 ...
 [23.3]
 [23.3]
 [23.3]]",['2C charge and 1C discharge']
"[[array(['2022-10-17,08:00:20'], dtype='<U19')]
 [array(['2022-10-17,08:00:21'], dtype='<U19')]
 [array(['2022-10-17,08:00:22'], dtype='<U19')]
 ...
 [array(['2022-10-17,09:59:04'], dtype='<U19')]
 [array(['2022-10-17,09:59:04'], dtype='<U19')]
 [array(['2022-10-17,09:59:04'], dtype='<U19')]]","[[0.   ]
 [0.017]
 [0.033]
 ...
 [4.998]
 [5.001]
 [5.001]]","[[3.5053]
 [3.543 ]
 [3.5596]
 ...
 [3.3134]
 [3.3134]
 [3.3134]]","[[3.9991]
 [4.0001]
 [4.0001]
 ...
 [0.    ]
 [0.    ]
 [0.    ]]","[[0.   ]
 [0.001]
 [0.002]
 ...
 [0.   ]
 [0.   ]
 [0.   ]]","[[0.   ]
 [0.004]
 [0.008]
 ...
 [0.   ]
 [0.   ]
 [0.   ]]","[[23.3]
 [23.3]
 [23.3]
 ...
 [23.8]
 [23.8]
 [23.8]]",['2C charge and 1C discharge']
"[[array(['2022-10-17,09:59:05'], dtype='<U19')]
 [array(['2022-10-17,09:59:06'], dtype='<U19')]
 [array(['2022-10-17,09:59:07'], dtype='<U19')]
 ...
 [array(['2022-10-17,11:57:01'], dtype='<U19')]
 [array(['2022-10-17,11:57:02'], dtype='<U19')]
 [array(['2022-10-17,11:57:02'], dtype='<U19')]]","[[0.   ]
 [0.017]
 [0.034]
 ...
 [4.994]
 [5.   ]
 [5.   ]]","[[3.4967]
 [3.535 ]
 [3.5519]
 ...
 [3.3109]
 [3.3111]
 [3.3109]]","[[3.9998]
 [4.    ]
 [4.    ]
 ...
 [0.    ]
 [0.    ]
 [0.    ]]","[[0.   ]
 [0.001]
 [0.002]
 ...
 [0.   ]
 [0.   ]
 [0.   ]]","[[0.   ]
 [0.004]
 [0.008]
 ...
 [0.   ]
 [0.   ]
 [0.   ]]","[[23.8]
 [23.8]
 [23.8]
 ...
 [24.1]
 [24. ]
 [24. ]]",['2C charge and 1C discharge']
"[[array(['2022-10-17,11:57:03'], dtype='<U19')]
 [array(['2022-10-17,11:57:04'], dtype='<U19')]
 [array(['2022-10-17,11:57:05'], dtype='<U19')]
 ...
 [array(['2022-10-17,13:54:38'], dtype='<U19')]
 [array(['2022-10-17,13:54:39'], dtype='<U19')]
 [array(['2022-10-17,13:54:39'], dtype='<U19')]]","[[0.   ]
 [0.017]
 [0.033]
 ...
 [4.988]
 [5.   ]
 [5.   ]]","[[3.4916]
 [3.5312]
 [3.5482]
 ...
 [3.3114]
 [3.3115]
 [3.3114]]","[[3.9994]
 [4.    ]
 [4.    ]
 ...
 [0.    ]
 [0.    ]
 [0.    ]]","[[0.   ]
 [0.001]
 [0.002]
 ...
 [0.   ]
 [0.   ]
 [0.   ]]","[[0.   ]
 [0.004]
 [0.008]
 ...
 [0.   ]
 [0.   ]
 [0.   ]]","[[24.1]
 [24.1]
 [24. ]
 ...
 [23.9]
 [23.9]
 [23.9]]",['2C charge and 1C discharge']
"[[array(['2022-10-17,13:54:40'], dtype='<U19')]
 [array(['2022-10-17,13:54:41'], dtype='<U19')]
 [array(['2022-10-17,13:54:42'], dtype='<U19')]
 ...
 [array(['2022-10-17,15:52:28'], dtype='<U19')]
 [array(['2022-10-17,15:52:28'], dtype='<U19')]
 [array(['2022-10-17,15:52:28'], dtype='<U19')]]","[[0.   ]
 [0.017]
 [0.033]
 ...
 [4.997]
 [5.001]
 [5.001]]","[[3.4956]
 [3.5327]
 [3.5502]
 ...
 [3.3111]
 [3.3111]
 [3.3111]]","[[3.9994]
 [4.    ]
 [4.    ]
 ...
 [0.    ]
 [0.    ]
 [0.    ]]","[[0.   ]
 [0.001]
 [0.002]
 ...
 [0.   ]
 [0.   ]
 [0.   ]]","[[0.   ]
 [0.004]
 [0.008]
 ...
 [0.   ]
 [0.   ]
 [0.   ]]","[[23.9]
 [23.8]
 [23.8]
 ...
 [23.8]
 [23.8]
 [23.8]]",['2C charge and 1C discharge']
"[[array(['2022-10-17,15:52:29'], dtype='<U19')]
 [array(['2022-10-17,15:52:30'], dtype='<U19')]
 [array(['2022-10-17,15:52:31'], dtype='<U19')]
 ...
 [array(['2022-10-17,17:50:05'], dtype='<U19')]
 [array(['2022-10-17,17:50:06'], dtype='<U19')]
 [array(['2022-10-17,17:50:06'], dtype='<U19')]]","[[0.   ]
 [0.017]
 [0.033]
 ...
 [4.987]
 [5.001]
 [5.001]]","[[3.493 ]
 [3.5321]
 [3.5488]
 ...
 [3.312 ]
 [3.3123]
 [3.3123]]","[[3.9994]
 [4.    ]
 [4.0001]
 ...
 [0.    ]
 [0.    ]
 [0.    ]]","[[0.   ]
 [0.001]
 [0.002]
 ...
 [0.   ]
 [0.   ]
 [0.   ]]","[[0.   ]
 [0.004]
 [0.008]
 ...
 [0.   ]
 [0.   ]
 [0.   ]]","[[23.9]
 [23.8]
 [23.8]
 ...
 [23.8]
 [23.8]
 [23.8]]",['2C charge and 1C discharge']
"[[array(['2022-10-17,17:50:07'], dtype='<U19')]
 [array(['2022-10-17,17:50:08'], dtype='<U19')]
 [array(['2022-10-17,17:50:09'], dtype='<U19')]
 ...
 [array(['2022-10-17,19:47:44'], dtype='<U19')]
 [array(['2022-10-17,19:47:45'], dtype='<U19')]
 [array(['2022-10-17,19:47:45'], dtype='<U19')]]","[[0.   ]
 [0.017]
 [0.033]
 ...
 [4.991]
 [5.001]
 [5.001]]","[[3.4938]
 [3.5321]
 [3.5501]
 ...
 [3.3117]
 [3.3117]
 [3.3119]]","[[3.9994]
 [4.    ]
 [4.0001]
 ...
 [0.    ]
 [0.    ]
 [0.    ]]","[[0.   ]
 [0.001]
 [0.002]
 ...
 [0.   ]
 [0.   ]
 [0.   ]]","[[0.   ]
 [0.004]
 [0.008]
 ...
 [0.   ]
 [0.   ]
 [0.   ]]","[[23.8]
 [23.8]
 [23.8]
 ...
 [23.8]
 [23.8]
 [23.8]]",['2C charge and 1C discharge']
"[[array(['2022-10-17,19:47:46'], dtype='<U19')]
 [array(['2022-10-17,19:47:47'], dtype='<U19')]
 [array(['2022-10-17,19:47:48'], dtype='<U19')]
 ...
 [array(['2022-10-17,21:45:07'], dtype='<U19')]
 [array(['2022-10-17,21:45:07'], dtype='<U19')]
 [array(['2022-10-17,21:45:07'], dtype='<U19')]]","[[0.   ]
 [0.017]
 [0.034]
 ...
 [4.993]
 [5.   ]
 [5.   ]]","[[3.4952]
 [3.5342]
 [3.5507]
 ...
 [3.3162]
 [3.3163]
 [3.3162]]","[[3.9994]
 [4.    ]
 [4.    ]
 ...
 [0.    ]
 [0.    ]
 [0.    ]]","[[0.   ]
 [0.001]
 [0.002]
 ...
 [0.   ]
 [0.   ]
 [0.   ]]","[[0.   ]
 [0.004]
 [0.008]
 ...
 [0.   ]
 [0.   ]
 [0.   ]]","[[23.8]
 [23.8]
 [23.8]
 ...
 [23.4]
 [23.4]
 [23.4]]",['2C charge and 1C discharge']
"[[array(['2022-10-17,21:45:08'], dtype='<U19')]
 [array(['2022-10-17,21:45:09'], dtype='<U19')]
 [array(['2022-10-17,21:45:10'], dtype='<U19')]
 ...
 [array(['2022-10-17,23:43:13'], dtype='<U19')]
 [array(['2022-10-17,23:43:14'], dtype='<U19')]
 [array(['2022-10-17,23:43:14'], dtype='<U19')]]","[[0.   ]
 [0.017]
 [0.034]
 ...
 [4.99 ]
 [5.001]
 [5.001]]","[[3.5032]
 [3.5399]
 [3.5578]
 ...
 [3.3179]
 [3.318 ]
 [3.318 ]]","[[3.9994]
 [4.    ]
 [4.    ]
 ...
 [0.    ]
 [0.    ]
 [0.    ]]","[[0.   ]
 [0.001]
 [0.002]
 ...
 [0.   ]
 [0.   ]
 [0.   ]]","[[0.   ]
 [0.004]
 [0.008]
 ...
 [0.   ]
 [0.   ]
 [0.   ]]","[[23.4]
 [23.4]
 [23.4]
 ...
 [23.3]
 [23.3]
 [23.3]]",['2C charge and 1C discharge']
"[[array(['2022-10-17,23:43:15'], dtype='<U19')]
 [array(['2022-10-17,23:43:16'], dtype='<U19')]
 [array(['2022-10-17,23:43:17'], dtype='<U19')]
 ...
 [array(['2022-10-18,01:41:31'], dtype='<U19')]
 [array(['2022-10-18,01:41:31'], dtype='<U19')]
 [array(['2022-10-18,01:41:31'], dtype='<U19')]]","[[0.   ]
 [0.017]
 [0.033]
 ...
 [4.987]
 [5.001]
 [5.001]]","[[3.5036]
 [3.5421]
 [3.559 ]
 ...
 [3.32  ]
 [3.3202]
 [3.3203]]","[[3.9994]
 [4.    ]
 [4.    ]
 ...
 [0.    ]
 [0.    ]
 [0.    ]]","[[0.   ]
 [0.001]
 [0.002]
 ...
 [0.   ]
 [0.   ]
 [0.   ]]","[[0.   ]
 [0.004]
 [0.008]
 ...
 [0.   ]
 [0.   ]
 [0.   ]]","[[23.3]
 [23.2]
 [23.2]
 ...
 [23.1]
 [23.1]
 [23.1]]",['2C charge and 1C discharge']
"[[array(['2022-10-18,01:41:32'], dtype='<U19')]
 [array(['2022-10-18,01:41:34'], dtype='<U19')]
 [array(['2022-10-18,01:41:35'], dtype='<U19')]
 ...
 [array(['2022-10-18,03:39:48'], dtype='<U19')]
 [array(['2022-10-18,03:39:48'], dtype='<U19')]
 [array(['2022-10-18,03:39:48'], dtype='<U19')]]","[[0.   ]
 [0.017]
 [0.034]
 ...
 [4.997]
 [5.   ]
 [5.   ]]","[[3.5082]
 [3.5448]
 [3.5616]
 ...
 [3.3206]
 [3.3206]
 [3.3208]]","[[3.9994]
 [4.    ]
 [4.0001]
 ...
 [0.    ]
 [0.    ]
 [0.    ]]","[[0.   ]
 [0.001]
 [0.002]
 ...
 [0.   ]
 [0.   ]
 [0.   ]]","[[0.   ]
 [0.004]
 [0.008]
 ...
 [0.   ]
 [0.   ]
 [0.   ]]","[[23.1]
 [23.1]
 [23.1]
 ...
 [23.1]
 [23.1]
 [23.1]]",['2C charge and 1C discharge']
"[[array(['2022-10-18,03:39:49'], dtype='<U19')]
 [array(['2022-10-18,03:39:50'], dtype='<U19')]
 [array(['2022-10-18,03:39:51'], dtype='<U19')]
 ...
 [array(['2022-10-18,05:38:01'], dtype='<U19')]
 [array(['2022-10-18,05:38:01'], dtype='<U19')]
 [array(['2022-10-18,05:38:01'], dtype='<U19')]]","[[0.   ]
 [0.017]
 [0.035]
 ...
 [4.998]
 [5.001]
 [5.001]]","[[3.5089]
 [3.5464]
 [3.5635]
 ...
 [3.3208]
 [3.3209]
 [3.3212]]","[[3.9994]
 [3.9999]
 [4.0001]
 ...
 [0.    ]
 [0.    ]
 [0.    ]]","[[0.   ]
 [0.001]
 [0.002]
 ...
 [0.   ]
 [0.   ]
 [0.   ]]","[[0.   ]
 [0.004]
 [0.008]
 ...
 [0.   ]
 [0.   ]
 [0.   ]]","[[23.1]
 [23.1]
 [23.1]
 ...
 [23.1]
 [23.1]
 [23.1]]",['2C charge and 1C discharge']
"[[array(['2022-10-18,05:38:02'], dtype='<U19')]
 [array(['2022-10-18,05:38:03'], dtype='<U19')]
 [array(['2022-10-18,05:38:04'], dtype='<U19')]
 ...
 [array(['2022-10-18,07:36:13'], dtype='<U19')]
 [array(['2022-10-18,07:36:13'], dtype='<U19')]
 [array(['2022-10-18,07:36:14'], dtype='<U19')]]","[[0.   ]
 [0.017]
 [0.034]
 ...
 [4.998]
 [5.001]
 [5.001]]","[[3.5075]
 [3.5458]
 [3.563 ]
 ...
 [3.3212]
 [3.3215]
 [3.3214]]","[[3.9994]
 [4.    ]
 [4.    ]
 ...
 [0.    ]
 [0.    ]
 [0.    ]]","[[0.   ]
 [0.001]
 [0.002]
 ...
 [0.   ]
 [0.   ]
 [0.   ]]","[[0.   ]
 [0.004]
 [0.008]
 ...
 [0.   ]
 [0.   ]
 [0.   ]]","[[23.1]
 [23.1]
 [23.1]
 ...
 [23.1]
 [23.1]
 [23.1]]",['2C charge and 1C discharge']
"[[array(['2022-10-18,07:36:14'], dtype='<U19')]
 [array(['2022-10-18,07:36:16'], dtype='<U19')]
 [array(['2022-10-18,07:36:17'], dtype='<U19')]
 ...
 [array(['2022-10-18,09:34:24'], dtype='<U19')]
 [array(['2022-10-18,09:34:24'], dtype='<U19')]
 [array(['2022-10-18,09:34:24'], dtype='<U19')]]","[[0.   ]
 [0.017]
 [0.034]
 ...
 [4.997]
 [5.001]
 [5.001]]","[[3.5093]
 [3.5467]
 [3.5635]
 ...
 [3.3195]
 [3.3195]
 [3.3195]]","[[3.9998]
 [4.    ]
 [4.    ]
 ...
 [0.    ]
 [0.    ]
 [0.    ]]","[[0.   ]
 [0.001]
 [0.002]
 ...
 [0.   ]
 [0.   ]
 [0.   ]]","[[0.   ]
 [0.004]
 [0.008]
 ...
 [0.   ]
 [0.   ]
 [0.   ]]","[[23.1]
 [23. ]
 [23. ]
 ...
 [23.4]
 [23.4]
 [23.4]]",['2C charge and 1C discharge']
"[[array(['2022-10-18,09:34:25'], dtype='<U19')]
 [array(['2022-10-18,09:34:26'], dtype='<U19')]
 [array(['2022-10-18,09:34:27'], dtype='<U19')]
 ...
 [array(['2022-10-18,11:31:59'], dtype='<U19')]
 [array(['2022-10-18,11:32:00'], dtype='<U19')]
 [array(['2022-10-18,11:32:00'], dtype='<U19')]]","[[0.   ]
 [0.017]
 [0.034]
 ...
 [4.997]
 [5.001]
 [5.001]]","[[3.5055]
 [3.5435]
 [3.5607]
 ...
 [3.3165]
 [3.3165]
 [3.3165]]","[[3.9994]
 [4.    ]
 [4.    ]
 ...
 [0.    ]
 [0.    ]
 [0.    ]]","[[0.   ]
 [0.001]
 [0.002]
 ...
 [0.   ]
 [0.   ]
 [0.   ]]","[[0.   ]
 [0.004]
 [0.008]
 ...
 [0.   ]
 [0.   ]
 [0.   ]]","[[23.4]
 [23.4]
 [23.4]
 ...
 [23.9]
 [23.9]
 [23.9]]",['2C charge and 1C discharge']
"[[array(['2022-10-18,11:32:01'], dtype='<U19')]
 [array(['2022-10-18,11:32:02'], dtype='<U19')]
 [array(['2022-10-18,11:32:03'], dtype='<U19')]
 ...
 [array(['2022-10-18,13:29:05'], dtype='<U19')]
 [array(['2022-10-18,13:29:06'], dtype='<U19')]
 [array(['2022-10-18,13:29:06'], dtype='<U19')]]","[[0.   ]
 [0.017]
 [0.034]
 ...
 [4.987]
 [5.   ]
 [5.   ]]","[[3.5002]
 [3.5393]
 [3.5559]
 ...
 [3.3159]
 [3.3162]
 [3.3162]]","[[3.9994]
 [4.    ]
 [4.0001]
 ...
 [0.    ]
 [0.    ]
 [0.    ]]","[[0.   ]
 [0.001]
 [0.002]
 ...
 [0.   ]
 [0.   ]
 [0.   ]]","[[0.   ]
 [0.004]
 [0.008]
 ...
 [0.   ]
 [0.   ]
 [0.   ]]","[[23.9]
 [23.9]
 [23.9]
 ...
 [23.8]
 [23.8]
 [23.8]]",['2C charge and 1C discharge']
"[[array(['2022-10-18,13:29:07'], dtype='<U19')]
 [array(['2022-10-18,13:29:08'], dtype='<U19')]
 [array(['2022-10-18,13:29:09'], dtype='<U19')]
 ...
 [array(['2022-10-18,15:26:18'], dtype='<U19')]
 [array(['2022-10-18,15:26:19'], dtype='<U19')]
 [array(['2022-10-18,15:26:19'], dtype='<U19')]]","[[0.   ]
 [0.017]
 [0.034]
 ...
 [4.983]
 [5.   ]
 [5.   ]]","[[3.5012]
 [3.5388]
 [3.5559]
 ...
 [3.3159]
 [3.316 ]
 [3.316 ]]","[[3.9994]
 [4.    ]
 [4.    ]
 ...
 [0.    ]
 [0.    ]
 [0.    ]]","[[0.   ]
 [0.001]
 [0.002]
 ...
 [0.   ]
 [0.   ]
 [0.   ]]","[[0.   ]
 [0.004]
 [0.008]
 ...
 [0.   ]
 [0.   ]
 [0.   ]]","[[23.8]
 [23.8]
 [23.8]
 ...
 [24. ]
 [24. ]
 [24. ]]",['2C charge and 1C discharge']
"[[array(['2022-10-18,15:26:20'], dtype='<U19')]
 [array(['2022-10-18,15:26:21'], dtype='<U19')]
 [array(['2022-10-18,15:26:22'], dtype='<U19')]
 ...
 [array(['2022-10-18,17:23:17'], dtype='<U19')]
 [array(['2022-10-18,17:23:17'], dtype='<U19')]
 [array(['2022-10-18,17:23:17'], dtype='<U19')]]","[[0.   ]
 [0.017]
 [0.034]
 ...
 [4.995]
 [5.   ]
 [5.   ]]","[[3.5006]
 [3.5379]
 [3.5547]
 ...
 [3.3182]
 [3.3183]
 [3.3183]]","[[3.9994]
 [4.    ]
 [4.    ]
 ...
 [0.    ]
 [0.    ]
 [0.    ]]","[[0.   ]
 [0.001]
 [0.002]
 ...
 [0.   ]
 [0.   ]
 [0.   ]]","[[0.   ]
 [0.004]
 [0.008]
 ...
 [0.   ]
 [0.   ]
 [0.   ]]","[[24. ]
 [24. ]
 [24. ]
 ...
 [23.7]
 [23.7]
 [23.7]]",['2C charge and 1C discharge']
"[[array(['2022-10-18,17:23:18'], dtype='<U19')]
 [array(['2022-10-18,17:23:19'], dtype='<U19')]
 [array(['2022-10-18,17:23:20'], dtype='<U19')]
 ...
 [array(['2022-10-18,19:20:51'], dtype='<U19')]
 [array(['2022-10-18,19:20:52'], dtype='<U19')]
 [array(['2022-10-18,19:20:52'], dtype='<U19')]]","[[0.   ]
 [0.017]
 [0.034]
 ...
 [4.997]
 [5.001]
 [5.001]]","[[3.5046]
 [3.5422]
 [3.559 ]
 ...
 [3.3203]
 [3.3205]
 [3.3205]]","[[3.9994]
 [4.    ]
 [4.    ]
 ...
 [0.    ]
 [0.    ]
 [0.    ]]","[[0.   ]
 [0.001]
 [0.002]
 ...
 [0.   ]
 [0.   ]
 [0.   ]]","[[0.   ]
 [0.004]
 [0.008]
 ...
 [0.   ]
 [0.   ]
 [0.   ]]","[[23.7]
 [23.7]
 [23.7]
 ...
 [23.7]
 [23.7]
 [23.7]]",['2C charge and 1C discharge']
"[[array(['2022-10-18,19:20:53'], dtype='<U19')]
 [array(['2022-10-18,19:20:54'], dtype='<U19')]
 [array(['2022-10-18,19:20:55'], dtype='<U19')]
 ...
 [array(['2022-10-18,21:17:59'], dtype='<U19')]
 [array(['2022-10-18,21:17:59'], dtype='<U19')]
 [array(['2022-10-18,21:17:59'], dtype='<U19')]]","[[0.   ]
 [0.017]
 [0.034]
 ...
 [4.998]
 [5.   ]
 [5.   ]]","[[3.5061]
 [3.5438]
 [3.5608]
 ...
 [3.3205]
 [3.3205]
 [3.3205]]","[[3.9994]
 [4.    ]
 [4.0001]
 ...
 [0.    ]
 [0.    ]
 [0.    ]]","[[0.   ]
 [0.001]
 [0.002]
 ...
 [0.   ]
 [0.   ]
 [0.   ]]","[[0.   ]
 [0.004]
 [0.008]
 ...
 [0.   ]
 [0.   ]
 [0.   ]]","[[23.7]
 [23.7]
 [23.7]
 ...
 [23.4]
 [23.4]
 [23.4]]",['2C charge and 1C discharge']
"[[array(['2022-10-18,21:18:00'], dtype='<U19')]
 [array(['2022-10-18,21:18:01'], dtype='<U19')]
 [array(['2022-10-18,21:18:02'], dtype='<U19')]
 ...
 [array(['2022-10-18,23:15:31'], dtype='<U19')]
 [array(['2022-10-18,23:15:31'], dtype='<U19')]
 [array(['2022-10-18,23:15:31'], dtype='<U19')]]","[[0.   ]
 [0.017]
 [0.034]
 ...
 [4.998]
 [5.001]
 [5.001]]","[[3.5079]
 [3.5421]
 [3.5627]
 ...
 [3.3229]
 [3.3229]
 [3.3229]]","[[3.9994]
 [4.    ]
 [4.    ]
 ...
 [0.    ]
 [0.    ]
 [0.    ]]","[[0.   ]
 [0.001]
 [0.002]
 ...
 [0.   ]
 [0.   ]
 [0.   ]]","[[0.   ]
 [0.004]
 [0.008]
 ...
 [0.   ]
 [0.   ]
 [0.   ]]","[[23.4]
 [23.4]
 [23.4]
 ...
 [23.3]
 [23.3]
 [23.3]]",['2C charge and 1C discharge']
"[[array(['2022-10-18,23:15:32'], dtype='<U19')]
 [array(['2022-10-18,23:15:33'], dtype='<U19')]
 [array(['2022-10-18,23:15:34'], dtype='<U19')]
 ...
 [array(['2022-10-19,01:13:07'], dtype='<U19')]
 [array(['2022-10-19,01:13:07'], dtype='<U19')]
 [array(['2022-10-19,01:13:08'], dtype='<U19')]]","[[0.   ]
 [0.017]
 [0.035]
 ...
 [4.998]
 [5.   ]
 [5.   ]]","[[3.5112]
 [3.5488]
 [3.5655]
 ...
 [3.3234]
 [3.3235]
 [3.3235]]","[[3.9994]
 [4.    ]
 [4.    ]
 ...
 [0.    ]
 [0.    ]
 [0.    ]]","[[0.   ]
 [0.001]
 [0.002]
 ...
 [0.   ]
 [0.   ]
 [0.   ]]","[[0.   ]
 [0.004]
 [0.008]
 ...
 [0.   ]
 [0.   ]
 [0.   ]]","[[23.3]
 [23.3]
 [23.3]
 ...
 [23.4]
 [23.4]
 [23.4]]",['2C charge and 1C discharge']
"[[array(['2022-10-19,01:13:09'], dtype='<U19')]
 [array(['2022-10-19,01:13:10'], dtype='<U19')]
 [array(['2022-10-19,01:13:11'], dtype='<U19')]
 ...
 [array(['2022-10-19,03:10:42'], dtype='<U19')]
 [array(['2022-10-19,03:10:42'], dtype='<U19')]
 [array(['2022-10-19,03:10:42'], dtype='<U19')]]","[[0.   ]
 [0.017]
 [0.034]
 ...
 [4.998]
 [5.   ]
 [5.   ]]","[[3.5115]
 [3.5488]
 [3.5655]
 ...
 [3.3242]
 [3.3242]
 [3.324 ]]","[[3.9994]
 [4.    ]
 [4.    ]
 ...
 [0.    ]
 [0.    ]
 [0.    ]]","[[0.   ]
 [0.001]
 [0.002]
 ...
 [0.   ]
 [0.   ]
 [0.   ]]","[[0.   ]
 [0.004]
 [0.008]
 ...
 [0.   ]
 [0.   ]
 [0.   ]]","[[23.3]
 [23.3]
 [23.3]
 ...
 [23.3]
 [23.3]
 [23.3]]",['2C charge and 1C discharge']
"[[array(['2022-10-19,03:10:43'], dtype='<U19')]
 [array(['2022-10-19,03:10:44'], dtype='<U19')]
 [array(['2022-10-19,03:10:45'], dtype='<U19')]
 ...
 [array(['2022-10-19,05:08:07'], dtype='<U19')]
 [array(['2022-10-19,05:08:08'], dtype='<U19')]
 [array(['2022-10-19,05:08:08'], dtype='<U19')]]","[[0.   ]
 [0.017]
 [0.034]
 ...
 [4.997]
 [5.001]
 [5.001]]","[[3.5118]
 [3.5504]
 [3.5671]
 ...
 [3.3254]
 [3.3254]
 [3.3252]]","[[3.9998]
 [4.    ]
 [4.    ]
 ...
 [0.    ]
 [0.    ]
 [0.    ]]","[[0.   ]
 [0.001]
 [0.002]
 ...
 [0.   ]
 [0.   ]
 [0.   ]]","[[0.   ]
 [0.004]
 [0.008]
 ...
 [0.   ]
 [0.   ]
 [0.   ]]","[[23.3]
 [23.3]
 [23.3]
 ...
 [23.3]
 [23.3]
 [23.3]]",['2C charge and 1C discharge']
"[[array(['2022-10-19,05:08:09'], dtype='<U19')]
 [array(['2022-10-19,05:08:10'], dtype='<U19')]
 [array(['2022-10-19,05:08:11'], dtype='<U19')]
 ...
 [array(['2022-10-19,07:05:30'], dtype='<U19')]
 [array(['2022-10-19,07:05:30'], dtype='<U19')]
 [array(['2022-10-19,07:05:31'], dtype='<U19')]]","[[0.   ]
 [0.017]
 [0.034]
 ...
 [5.   ]
 [5.   ]
 [5.   ]]","[[3.5142]
 [3.5519]
 [3.5688]
 ...
 [3.326 ]
 [3.326 ]
 [3.326 ]]","[[3.9998]
 [4.    ]
 [4.0001]
 ...
 [0.    ]
 [0.    ]
 [0.    ]]","[[0.   ]
 [0.001]
 [0.002]
 ...
 [0.   ]
 [0.   ]
 [0.   ]]","[[0.   ]
 [0.004]
 [0.008]
 ...
 [0.   ]
 [0.   ]
 [0.   ]]","[[23.3]
 [23.3]
 [23.2]
 ...
 [23.3]
 [23.3]
 [23.3]]",['2C charge and 1C discharge']
"[[array(['2022-10-19,07:05:32'], dtype='<U19')]
 [array(['2022-10-19,07:05:33'], dtype='<U19')]
 [array(['2022-10-19,07:05:34'], dtype='<U19')]
 ...
 [array(['2022-10-19,09:02:49'], dtype='<U19')]
 [array(['2022-10-19,09:02:49'], dtype='<U19')]
 [array(['2022-10-19,09:02:49'], dtype='<U19')]]","[[0.   ]
 [0.017]
 [0.034]
 ...
 [4.997]
 [5.   ]
 [5.   ]]","[[3.5155]
 [3.5531]
 [3.5698]
 ...
 [3.3271]
 [3.3269]
 [3.3271]]","[[3.9994]
 [4.    ]
 [4.    ]
 ...
 [0.    ]
 [0.    ]
 [0.    ]]","[[0.   ]
 [0.001]
 [0.002]
 ...
 [0.   ]
 [0.   ]
 [0.   ]]","[[0.   ]
 [0.004]
 [0.008]
 ...
 [0.   ]
 [0.   ]
 [0.   ]]","[[23.3]
 [23.3]
 [23.3]
 ...
 [23.2]
 [23.2]
 [23.2]]",['2C charge and 1C discharge']
"[[array(['2022-10-19,09:02:50'], dtype='<U19')]
 [array(['2022-10-19,09:02:51'], dtype='<U19')]
 [array(['2022-10-19,09:02:52'], dtype='<U19')]
 ...
 [array(['2022-10-19,11:00:34'], dtype='<U19')]
 [array(['2022-10-19,11:00:34'], dtype='<U19')]
 [array(['2022-10-19,11:00:34'], dtype='<U19')]]","[[0.   ]
 [0.017]
 [0.034]
 ...
 [4.999]
 [5.001]
 [5.001]]","[[3.5156]
 [3.5535]
 [3.5704]
 ...
 [3.3212]
 [3.3212]
 [3.3214]]","[[3.9998]
 [4.    ]
 [4.0001]
 ...
 [0.    ]
 [0.    ]
 [0.    ]]","[[0.   ]
 [0.001]
 [0.002]
 ...
 [0.   ]
 [0.   ]
 [0.   ]]","[[0.   ]
 [0.004]
 [0.008]
 ...
 [0.   ]
 [0.   ]
 [0.   ]]","[[23.2]
 [23.2]
 [23.2]
 ...
 [24. ]
 [24. ]
 [24. ]]",['2C charge and 1C discharge']
"[[array(['2022-10-19,11:00:35'], dtype='<U19')]
 [array(['2022-10-19,11:00:36'], dtype='<U19')]
 [array(['2022-10-19,11:00:37'], dtype='<U19')]
 ...
 [array(['2022-10-19,12:57:03'], dtype='<U19')]
 [array(['2022-10-19,12:57:03'], dtype='<U19')]
 [array(['2022-10-19,12:57:04'], dtype='<U19')]]","[[0.   ]
 [0.017]
 [0.034]
 ...
 [4.997]
 [5.   ]
 [5.   ]]","[[3.5072]
 [3.5458]
 [3.5619]
 ...
 [3.3194]
 [3.3194]
 [3.3194]]","[[3.9994]
 [4.    ]
 [4.0001]
 ...
 [0.    ]
 [0.    ]
 [0.    ]]","[[0.   ]
 [0.001]
 [0.002]
 ...
 [0.   ]
 [0.   ]
 [0.   ]]","[[0.   ]
 [0.004]
 [0.008]
 ...
 [0.   ]
 [0.   ]
 [0.   ]]","[[24. ]
 [24. ]
 [23.9]
 ...
 [24.2]
 [24.1]
 [24.1]]",['2C charge and 1C discharge']
"[[array(['2022-10-19,12:57:05'], dtype='<U19')]
 [array(['2022-10-19,12:57:06'], dtype='<U19')]
 [array(['2022-10-19,12:57:07'], dtype='<U19')]
 ...
 [array(['2022-10-19,14:53:27'], dtype='<U19')]
 [array(['2022-10-19,14:53:28'], dtype='<U19')]
 [array(['2022-10-19,14:53:28'], dtype='<U19')]]","[[0.   ]
 [0.017]
 [0.034]
 ...
 [4.984]
 [5.001]
 [5.001]]","[[3.5059]
 [3.5438]
 [3.5598]
 ...
 [3.3205]
 [3.3206]
 [3.3206]]","[[3.9994]
 [4.    ]
 [4.0001]
 ...
 [0.    ]
 [0.    ]
 [0.    ]]","[[0.   ]
 [0.001]
 [0.002]
 ...
 [0.   ]
 [0.   ]
 [0.   ]]","[[0.   ]
 [0.004]
 [0.008]
 ...
 [0.   ]
 [0.   ]
 [0.   ]]","[[24.2]
 [24.2]
 [24.1]
 ...
 [24.2]
 [24.1]
 [24.1]]",['2C charge and 1C discharge']
"[[array(['2022-10-19,14:53:29'], dtype='<U19')]
 [array(['2022-10-19,14:53:30'], dtype='<U19')]
 [array(['2022-10-19,14:53:31'], dtype='<U19')]
 ...
 [array(['2022-10-19,16:50:00'], dtype='<U19')]
 [array(['2022-10-19,16:50:00'], dtype='<U19')]
 [array(['2022-10-19,16:50:00'], dtype='<U19')]]","[[0.   ]
 [0.017]
 [0.034]
 ...
 [4.999]
 [5.   ]
 [5.   ]]","[[3.5069]
 [3.5448]
 [3.5616]
 ...
 [3.3209]
 [3.3212]
 [3.3212]]","[[3.9994]
 [4.    ]
 [4.0001]
 ...
 [0.    ]
 [0.    ]
 [0.    ]]","[[0.   ]
 [0.001]
 [0.002]
 ...
 [0.   ]
 [0.   ]
 [0.   ]]","[[0.   ]
 [0.004]
 [0.008]
 ...
 [0.   ]
 [0.   ]
 [0.   ]]","[[24.1]
 [24.1]
 [24.1]
 ...
 [24.1]
 [24.1]
 [24.1]]",['2C charge and 1C discharge']
"[[array(['2022-10-19,16:50:01'], dtype='<U19')]
 [array(['2022-10-19,16:50:02'], dtype='<U19')]
 [array(['2022-10-19,16:50:03'], dtype='<U19')]
 ...
 [array(['2022-10-19,18:46:16'], dtype='<U19')]
 [array(['2022-10-19,18:46:16'], dtype='<U19')]
 [array(['2022-10-19,18:46:16'], dtype='<U19')]]","[[0.   ]
 [0.017]
 [0.034]
 ...
 [5.   ]
 [5.   ]
 [5.   ]]","[[3.5092]
 [3.5461]
 [3.5628]
 ...
 [3.3235]
 [3.3234]
 [3.3235]]","[[3.9994]
 [4.0001]
 [4.0001]
 ...
 [0.    ]
 [0.    ]
 [0.    ]]","[[0.   ]
 [0.001]
 [0.002]
 ...
 [0.   ]
 [0.   ]
 [0.   ]]","[[0.   ]
 [0.004]
 [0.008]
 ...
 [0.   ]
 [0.   ]
 [0.   ]]","[[24.1]
 [24.1]
 [24.1]
 ...
 [23.8]
 [23.8]
 [23.9]]",['2C charge and 1C discharge']
"[[array(['2022-10-19,18:46:17'], dtype='<U19')]
 [array(['2022-10-19,18:46:18'], dtype='<U19')]
 [array(['2022-10-19,18:46:20'], dtype='<U19')]
 ...
 [array(['2022-10-19,20:42:40'], dtype='<U19')]
 [array(['2022-10-19,20:42:40'], dtype='<U19')]
 [array(['2022-10-19,20:42:40'], dtype='<U19')]]","[[0.   ]
 [0.017]
 [0.034]
 ...
 [4.998]
 [5.   ]
 [5.   ]]","[[3.5129]
 [3.5499]
 [3.5665]
 ...
 [3.32  ]
 [3.32  ]
 [3.3202]]","[[3.9994]
 [4.    ]
 [4.0001]
 ...
 [0.    ]
 [0.    ]
 [0.    ]]","[[0.   ]
 [0.001]
 [0.002]
 ...
 [0.   ]
 [0.   ]
 [0.   ]]","[[0.   ]
 [0.004]
 [0.008]
 ...
 [0.   ]
 [0.   ]
 [0.   ]]","[[23.9]
 [23.9]
 [23.9]
 ...
 [24. ]
 [24. ]
 [24. ]]",['2C charge and 1C discharge']
"[[array(['2022-10-19,20:42:41'], dtype='<U19')]
 [array(['2022-10-19,20:42:42'], dtype='<U19')]
 [array(['2022-10-19,20:42:43'], dtype='<U19')]
 ...
 [array(['2022-10-19,22:39:16'], dtype='<U19')]
 [array(['2022-10-19,22:39:16'], dtype='<U19')]
 [array(['2022-10-19,22:39:16'], dtype='<U19')]]","[[0.   ]
 [0.017]
 [0.034]
 ...
 [4.998]
 [5.   ]
 [5.   ]]","[[3.5076]
 [3.5447]
 [3.5613]
 ...
 [3.3255]
 [3.3257]
 [3.3255]]","[[3.9994]
 [4.    ]
 [4.    ]
 ...
 [0.    ]
 [0.    ]
 [0.    ]]","[[0.   ]
 [0.001]
 [0.002]
 ...
 [0.   ]
 [0.   ]
 [0.   ]]","[[0.   ]
 [0.004]
 [0.008]
 ...
 [0.   ]
 [0.   ]
 [0.   ]]","[[24. ]
 [24. ]
 [24. ]
 ...
 [23.4]
 [23.4]
 [23.4]]",['2C charge and 1C discharge']
"[[array(['2022-10-19,22:39:17'], dtype='<U19')]
 [array(['2022-10-19,22:39:18'], dtype='<U19')]
 [array(['2022-10-19,22:39:19'], dtype='<U19')]
 ...
 [array(['2022-10-20,00:36:19'], dtype='<U19')]
 [array(['2022-10-20,00:36:19'], dtype='<U19')]
 [array(['2022-10-20,00:36:19'], dtype='<U19')]]","[[0.   ]
 [0.017]
 [0.034]
 ...
 [4.999]
 [5.001]
 [5.001]]","[[3.5172]
 [3.5538]
 [3.5699]
 ...
 [3.3265]
 [3.3266]
 [3.3266]]","[[3.9994]
 [4.    ]
 [4.    ]
 ...
 [0.    ]
 [0.    ]
 [0.    ]]","[[0.   ]
 [0.001]
 [0.002]
 ...
 [0.   ]
 [0.   ]
 [0.   ]]","[[0.   ]
 [0.004]
 [0.008]
 ...
 [0.   ]
 [0.   ]
 [0.   ]]","[[23.4]
 [23.4]
 [23.3]
 ...
 [23.3]
 [23.3]
 [23.3]]",['2C charge and 1C discharge']
"[[array(['2022-10-20,00:36:20'], dtype='<U19')]
 [array(['2022-10-20,00:36:21'], dtype='<U19')]
 [array(['2022-10-20,00:36:22'], dtype='<U19')]
 ...
 [array(['2022-10-20,02:33:13'], dtype='<U19')]
 [array(['2022-10-20,02:33:13'], dtype='<U19')]
 [array(['2022-10-20,02:33:14'], dtype='<U19')]]","[[0.   ]
 [0.017]
 [0.034]
 ...
 [4.996]
 [5.   ]
 [5.   ]]","[[3.5169]
 [3.5553]
 [3.5713]
 ...
 [3.3262]
 [3.3262]
 [3.3262]]","[[3.9998]
 [4.    ]
 [4.    ]
 ...
 [0.    ]
 [0.    ]
 [0.    ]]","[[0.   ]
 [0.001]
 [0.002]
 ...
 [0.   ]
 [0.   ]
 [0.   ]]","[[0.   ]
 [0.004]
 [0.008]
 ...
 [0.   ]
 [0.   ]
 [0.   ]]","[[23.3]
 [23.3]
 [23.3]
 ...
 [23.2]
 [23.2]
 [23.2]]",['2C charge and 1C discharge']
"[[array(['2022-10-20,02:33:15'], dtype='<U19')]
 [array(['2022-10-20,02:33:16'], dtype='<U19')]
 [array(['2022-10-20,02:33:17'], dtype='<U19')]
 ...
 [array(['2022-10-20,04:30:08'], dtype='<U19')]
 [array(['2022-10-20,04:30:09'], dtype='<U19')]
 [array(['2022-10-20,04:30:09'], dtype='<U19')]]","[[0.   ]
 [0.017]
 [0.034]
 ...
 [4.983]
 [5.   ]
 [5.   ]]","[[3.5178]
 [3.5551]
 [3.5716]
 ...
 [3.3275]
 [3.3277]
 [3.3275]]","[[3.9994]
 [4.    ]
 [4.    ]
 ...
 [0.    ]
 [0.    ]
 [0.    ]]","[[0.   ]
 [0.001]
 [0.002]
 ...
 [0.   ]
 [0.   ]
 [0.   ]]","[[0.   ]
 [0.004]
 [0.008]
 ...
 [0.   ]
 [0.   ]
 [0.   ]]","[[23.2]
 [23.3]
 [23.2]
 ...
 [23.2]
 [23.2]
 [23.2]]",['2C charge and 1C discharge']
"[[array(['2022-10-20,04:30:10'], dtype='<U19')]
 [array(['2022-10-20,04:30:11'], dtype='<U19')]
 [array(['2022-10-20,04:30:12'], dtype='<U19')]
 ...
 [array(['2022-10-20,06:26:59'], dtype='<U19')]
 [array(['2022-10-20,06:26:59'], dtype='<U19')]
 [array(['2022-10-20,06:26:59'], dtype='<U19')]]","[[0.   ]
 [0.017]
 [0.034]
 ...
 [4.998]
 [5.001]
 [5.001]]","[[3.5192]
 [3.5565]
 [3.5736]
 ...
 [3.3285]
 [3.3283]
 [3.3283]]","[[3.9998]
 [4.    ]
 [4.0001]
 ...
 [0.    ]
 [0.    ]
 [0.    ]]","[[0.   ]
 [0.001]
 [0.002]
 ...
 [0.   ]
 [0.   ]
 [0.   ]]","[[0.   ]
 [0.004]
 [0.008]
 ...
 [0.   ]
 [0.   ]
 [0.   ]]","[[23.2]
 [23.2]
 [23.2]
 ...
 [23.1]
 [23.1]
 [23.1]]",['2C charge and 1C discharge']
"[[array(['2022-10-20,06:27:00'], dtype='<U19')]
 [array(['2022-10-20,06:27:01'], dtype='<U19')]
 [array(['2022-10-20,06:27:02'], dtype='<U19')]
 ...
 [array(['2022-10-20,08:23:52'], dtype='<U19')]
 [array(['2022-10-20,08:23:52'], dtype='<U19')]
 [array(['2022-10-20,08:23:52'], dtype='<U19')]]","[[0.   ]
 [0.017]
 [0.034]
 ...
 [5.   ]
 [5.   ]
 [5.   ]]","[[3.5187]
 [3.5578]
 [3.5744]
 ...
 [3.3286]
 [3.3285]
 [3.3286]]","[[3.9994]
 [4.    ]
 [4.0001]
 ...
 [0.    ]
 [0.    ]
 [0.    ]]","[[0.   ]
 [0.001]
 [0.002]
 ...
 [0.   ]
 [0.   ]
 [0.   ]]","[[0.   ]
 [0.004]
 [0.008]
 ...
 [0.   ]
 [0.   ]
 [0.   ]]","[[23.1]
 [23.1]
 [23.1]
 ...
 [23.1]
 [23.1]
 [23.1]]",['2C charge and 1C discharge']
"[[array(['2022-10-20,08:23:53'], dtype='<U19')]
 [array(['2022-10-20,08:23:54'], dtype='<U19')]
 [array(['2022-10-20,08:23:55'], dtype='<U19')]
 ...
 [array(['2022-10-20,10:20:41'], dtype='<U19')]
 [array(['2022-10-20,10:20:41'], dtype='<U19')]
 [array(['2022-10-20,10:20:41'], dtype='<U19')]]","[[0.   ]
 [0.017]
 [0.034]
 ...
 [4.997]
 [5.   ]
 [5.   ]]","[[3.5219]
 [3.5585]
 [3.5754]
 ...
 [3.3205]
 [3.3205]
 [3.3205]]","[[3.9998]
 [3.9999]
 [4.    ]
 ...
 [0.    ]
 [0.    ]
 [0.    ]]","[[0.   ]
 [0.001]
 [0.002]
 ...
 [0.   ]
 [0.   ]
 [0.   ]]","[[0.   ]
 [0.004]
 [0.008]
 ...
 [0.   ]
 [0.   ]
 [0.   ]]","[[23.]
 [23.]
 [23.]
 ...
 [24.]
 [24.]
 [24.]]",['2C charge and 1C discharge']
"[[array(['2022-10-20,10:20:42'], dtype='<U19')]
 [array(['2022-10-20,10:20:43'], dtype='<U19')]
 [array(['2022-10-20,10:20:44'], dtype='<U19')]
 ...
 [array(['2022-10-20,12:16:11'], dtype='<U19')]
 [array(['2022-10-20,12:16:11'], dtype='<U19')]
 [array(['2022-10-20,12:16:11'], dtype='<U19')]]","[[0.   ]
 [0.017]
 [0.034]
 ...
 [4.996]
 [5.   ]
 [5.   ]]","[[3.5084]
 [3.5465]
 [3.5628]
 ...
 [3.3154]
 [3.3154]
 [3.3152]]","[[3.9994]
 [4.    ]
 [4.    ]
 ...
 [0.    ]
 [0.    ]
 [0.    ]]","[[0.   ]
 [0.001]
 [0.002]
 ...
 [0.   ]
 [0.   ]
 [0.   ]]","[[0.   ]
 [0.004]
 [0.008]
 ...
 [0.   ]
 [0.   ]
 [0.   ]]","[[24. ]
 [24. ]
 [23.9]
 ...
 [24.3]
 [24.3]
 [24.3]]",['2C charge and 1C discharge']
"[[array(['2022-10-20,12:16:12'], dtype='<U19')]
 [array(['2022-10-20,12:16:13'], dtype='<U19')]
 [array(['2022-10-20,12:16:14'], dtype='<U19')]
 ...
 [array(['2022-10-20,14:11:21'], dtype='<U19')]
 [array(['2022-10-20,14:11:21'], dtype='<U19')]
 [array(['2022-10-20,14:11:21'], dtype='<U19')]]","[[0.   ]
 [0.017]
 [0.034]
 ...
 [4.999]
 [5.   ]
 [5.   ]]","[[3.5029]
 [3.5398]
 [3.5564]
 ...
 [3.3166]
 [3.3166]
 [3.3166]]","[[3.9994]
 [4.    ]
 [4.    ]
 ...
 [0.    ]
 [0.    ]
 [0.    ]]","[[0.   ]
 [0.001]
 [0.002]
 ...
 [0.   ]
 [0.   ]
 [0.   ]]","[[0.   ]
 [0.004]
 [0.008]
 ...
 [0.   ]
 [0.   ]
 [0.   ]]","[[24.3]
 [24.3]
 [24.3]
 ...
 [24.2]
 [24.2]
 [24.2]]",['2C charge and 1C discharge']
"[[array(['2022-10-20,14:11:22'], dtype='<U19')]
 [array(['2022-10-20,14:11:23'], dtype='<U19')]
 [array(['2022-10-20,14:11:24'], dtype='<U19')]
 ...
 [array(['2022-10-20,16:06:34'], dtype='<U19')]
 [array(['2022-10-20,16:06:34'], dtype='<U19')]
 [array(['2022-10-20,16:06:34'], dtype='<U19')]]","[[0.   ]
 [0.017]
 [0.034]
 ...
 [4.998]
 [5.   ]
 [5.   ]]","[[3.505 ]
 [3.5415]
 [3.5581]
 ...
 [3.3172]
 [3.3172]
 [3.3172]]","[[3.9994]
 [4.    ]
 [4.    ]
 ...
 [0.    ]
 [0.    ]
 [0.    ]]","[[0.   ]
 [0.001]
 [0.002]
 ...
 [0.   ]
 [0.   ]
 [0.   ]]","[[0.   ]
 [0.004]
 [0.008]
 ...
 [0.   ]
 [0.   ]
 [0.   ]]","[[24.2]
 [24.2]
 [24.2]
 ...
 [24.2]
 [24.2]
 [24.1]]",['2C charge and 1C discharge']
"[[array(['2022-10-20,16:06:35'], dtype='<U19')]
 [array(['2022-10-20,16:06:36'], dtype='<U19')]
 [array(['2022-10-20,16:06:37'], dtype='<U19')]
 ...
 [array(['2022-10-20,18:01:37'], dtype='<U19')]
 [array(['2022-10-20,18:01:37'], dtype='<U19')]
 [array(['2022-10-20,18:01:37'], dtype='<U19')]]","[[0.   ]
 [0.017]
 [0.034]
 ...
 [4.998]
 [5.001]
 [5.001]]","[[3.5064]
 [3.5428]
 [3.5595]
 ...
 [3.3223]
 [3.3223]
 [3.3222]]","[[3.9994]
 [4.    ]
 [4.    ]
 ...
 [0.    ]
 [0.    ]
 [0.    ]]","[[0.   ]
 [0.001]
 [0.002]
 ...
 [0.   ]
 [0.   ]
 [0.   ]]","[[0.   ]
 [0.004]
 [0.008]
 ...
 [0.   ]
 [0.   ]
 [0.   ]]","[[24.1]
 [24.1]
 [24.1]
 ...
 [23.7]
 [23.7]
 [23.7]]",['2C charge and 1C discharge']
"[[array(['2022-10-20,18:01:38'], dtype='<U19')]
 [array(['2022-10-20,18:01:39'], dtype='<U19')]
 [array(['2022-10-20,18:01:40'], dtype='<U19')]
 ...
 [array(['2022-10-20,19:57:31'], dtype='<U19')]
 [array(['2022-10-20,19:57:31'], dtype='<U19')]
 [array(['2022-10-20,19:57:31'], dtype='<U19')]]","[[0.   ]
 [0.017]
 [0.035]
 ...
 [4.998]
 [5.   ]
 [5.   ]]","[[3.5145]
 [3.5512]
 [3.5679]
 ...
 [3.3238]
 [3.324 ]
 [3.324 ]]","[[3.9994]
 [4.    ]
 [4.    ]
 ...
 [0.    ]
 [0.    ]
 [0.    ]]","[[0.   ]
 [0.001]
 [0.002]
 ...
 [0.   ]
 [0.   ]
 [0.   ]]","[[0.   ]
 [0.004]
 [0.008]
 ...
 [0.   ]
 [0.   ]
 [0.   ]]","[[23.7]
 [23.7]
 [23.7]
 ...
 [23.6]
 [23.6]
 [23.6]]",['2C charge and 1C discharge']
"[[array(['2022-10-20,19:57:32'], dtype='<U19')]
 [array(['2022-10-20,19:57:33'], dtype='<U19')]
 [array(['2022-10-20,19:57:34'], dtype='<U19')]
 ...
 [array(['2022-10-20,21:53:22'], dtype='<U19')]
 [array(['2022-10-20,21:53:23'], dtype='<U19')]
 [array(['2022-10-20,21:53:23'], dtype='<U19')]]","[[0.   ]
 [0.017]
 [0.034]
 ...
 [4.983]
 [5.   ]
 [5.   ]]","[[3.517 ]
 [3.5531]
 [3.5691]
 ...
 [3.3248]
 [3.3249]
 [3.3251]]","[[3.9994]
 [4.    ]
 [4.    ]
 ...
 [0.    ]
 [0.    ]
 [0.    ]]","[[0.   ]
 [0.001]
 [0.002]
 ...
 [0.   ]
 [0.   ]
 [0.   ]]","[[0.   ]
 [0.004]
 [0.008]
 ...
 [0.   ]
 [0.   ]
 [0.   ]]","[[23.6]
 [23.6]
 [23.6]
 ...
 [23.6]
 [23.6]
 [23.6]]",['2C charge and 1C discharge']
"[[array(['2022-10-20,21:53:24'], dtype='<U19')]
 [array(['2022-10-20,21:53:25'], dtype='<U19')]
 [array(['2022-10-20,21:53:26'], dtype='<U19')]
 ...
 [array(['2022-10-20,23:49:04'], dtype='<U19')]
 [array(['2022-10-20,23:49:04'], dtype='<U19')]
 [array(['2022-10-20,23:49:04'], dtype='<U19')]]","[[0.   ]
 [0.017]
 [0.034]
 ...
 [4.996]
 [5.   ]
 [5.   ]]","[[3.5153]
 [3.5536]
 [3.5704]
 ...
 [3.3252]
 [3.3252]
 [3.3252]]","[[3.9994]
 [3.9999]
 [4.    ]
 ...
 [0.    ]
 [0.    ]
 [0.    ]]","[[0.   ]
 [0.001]
 [0.002]
 ...
 [0.   ]
 [0.   ]
 [0.   ]]","[[0.   ]
 [0.004]
 [0.008]
 ...
 [0.   ]
 [0.   ]
 [0.   ]]","[[23.6]
 [23.6]
 [23.6]
 ...
 [23.4]
 [23.4]
 [23.4]]",['2C charge and 1C discharge']
"[[array(['2022-10-20,23:49:05'], dtype='<U19')]
 [array(['2022-10-20,23:49:06'], dtype='<U19')]
 [array(['2022-10-20,23:49:07'], dtype='<U19')]
 ...
 [array(['2022-10-21,01:44:48'], dtype='<U19')]
 [array(['2022-10-21,01:44:48'], dtype='<U19')]
 [array(['2022-10-21,01:44:48'], dtype='<U19')]]","[[0.   ]
 [0.017]
 [0.034]
 ...
 [4.999]
 [5.   ]
 [5.   ]]","[[3.5187]
 [3.5558]
 [3.5724]
 ...
 [3.3265]
 [3.3265]
 [3.3265]]","[[3.9994]
 [4.    ]
 [4.    ]
 ...
 [0.    ]
 [0.    ]
 [0.    ]]","[[0.   ]
 [0.001]
 [0.002]
 ...
 [0.   ]
 [0.   ]
 [0.   ]]","[[0.   ]
 [0.004]
 [0.008]
 ...
 [0.   ]
 [0.   ]
 [0.   ]]","[[23.4]
 [23.4]
 [23.4]
 ...
 [23.4]
 [23.4]
 [23.4]]",['2C charge and 1C discharge']
"[[array(['2022-10-21,01:44:49'], dtype='<U19')]
 [array(['2022-10-21,01:44:50'], dtype='<U19')]
 [array(['2022-10-21,01:44:51'], dtype='<U19')]
 ...
 [array(['2022-10-21,03:40:41'], dtype='<U19')]
 [array(['2022-10-21,03:40:41'], dtype='<U19')]
 [array(['2022-10-21,03:40:41'], dtype='<U19')]]","[[0.   ]
 [0.017]
 [0.034]
 ...
 [4.998]
 [5.   ]
 [5.   ]]","[[3.5187]
 [3.5573]
 [3.5731]
 ...
 [3.3258]
 [3.3258]
 [3.3258]]","[[3.9994]
 [4.    ]
 [4.    ]
 ...
 [0.    ]
 [0.    ]
 [0.    ]]","[[0.   ]
 [0.001]
 [0.002]
 ...
 [0.   ]
 [0.   ]
 [0.   ]]","[[0.   ]
 [0.004]
 [0.008]
 ...
 [0.   ]
 [0.   ]
 [0.   ]]","[[23.4]
 [23.4]
 [23.4]
 ...
 [23.5]
 [23.5]
 [23.5]]",['2C charge and 1C discharge']
"[[array(['2022-10-21,03:40:42'], dtype='<U19')]
 [array(['2022-10-21,03:40:43'], dtype='<U19')]
 [array(['2022-10-21,03:40:44'], dtype='<U19')]
 ...
 [array(['2022-10-21,05:36:30'], dtype='<U19')]
 [array(['2022-10-21,05:36:30'], dtype='<U19')]
 [array(['2022-10-21,05:36:30'], dtype='<U19')]]","[[0.   ]
 [0.017]
 [0.034]
 ...
 [4.998]
 [5.   ]
 [5.   ]]","[[3.5181]
 [3.5567]
 [3.5733]
 ...
 [3.3275]
 [3.3275]
 [3.3275]]","[[3.9994]
 [4.    ]
 [4.    ]
 ...
 [0.    ]
 [0.    ]
 [0.    ]]","[[0.   ]
 [0.001]
 [0.002]
 ...
 [0.   ]
 [0.   ]
 [0.   ]]","[[0.   ]
 [0.004]
 [0.008]
 ...
 [0.   ]
 [0.   ]
 [0.   ]]","[[23.5]
 [23.5]
 [23.5]
 ...
 [23.4]
 [23.4]
 [23.4]]",['2C charge and 1C discharge']
"[[array(['2022-10-21,05:36:31'], dtype='<U19')]
 [array(['2022-10-21,05:36:32'], dtype='<U19')]
 [array(['2022-10-21,05:36:33'], dtype='<U19')]
 ...
 [array(['2022-10-21,07:32:28'], dtype='<U19')]
 [array(['2022-10-21,07:32:29'], dtype='<U19')]
 [array(['2022-10-21,07:32:29'], dtype='<U19')]]","[[0.   ]
 [0.017]
 [0.034]
 ...
 [4.996]
 [5.   ]
 [5.   ]]","[[3.5222]
 [3.5588]
 [3.5754]
 ...
 [3.3257]
 [3.3265]
 [3.3265]]","[[3.9994]
 [4.    ]
 [4.    ]
 ...
 [0.    ]
 [0.    ]
 [0.    ]]","[[0.   ]
 [0.001]
 [0.002]
 ...
 [0.   ]
 [0.   ]
 [0.   ]]","[[0.   ]
 [0.004]
 [0.008]
 ...
 [0.   ]
 [0.   ]
 [0.   ]]","[[23.4]
 [23.4]
 [23.4]
 ...
 [23.4]
 [23.4]
 [23.4]]",['2C charge and 1C discharge']
