system_time,relative_time_min,voltage_V,current_A,capacity_Ah,power_Wh,temperature_C,description
"[[array(['2022-09-16,15:05:22'], dtype='<U19')]
 [array(['2022-09-16,15:05:23'], dtype='<U19')]
 [array(['2022-09-16,15:05:24'], dtype='<U19')]
 ...
 [array(['2022-09-16,22:03:23'], dtype='<U19')]
 [array(['2022-09-16,22:03:24'], dtype='<U19')]
 [array(['2022-09-16,22:03:24'], dtype='<U19')]]","[[0.   ]
 [0.021]
 [0.038]
 ...
 [4.969]
 [4.986]
 [5.001]]","[[3.6319]
 [3.6319]
 [3.6319]
 ...
 [3.2368]
 [3.237 ]
 [3.2374]]","[[0.]
 [0.]
 [0.]
 ...
 [0.]
 [0.]
 [0.]]","[[0.]
 [0.]
 [0.]
 ...
 [0.]
 [0.]
 [0.]]","[[0.]
 [0.]
 [0.]
 ...
 [0.]
 [0.]
 [0.]]","[[25.6]
 [25.6]
 [25.6]
 ...
 [26.4]
 [26.4]
 [26.4]]",['0.5C charge and 0.2C discharge [test capacity]']
"[[array(['2022-09-16,22:03:25'], dtype='<U19')]
 [array(['2022-09-16,22:03:26'], dtype='<U19')]
 [array(['2022-09-16,22:03:27'], dtype='<U19')]
 ...
 [array(['2022-09-17,00:01:53'], dtype='<U19')]
 [array(['2022-09-17,00:01:53'], dtype='<U19')]
 [array(['2022-09-17,00:01:53'], dtype='<U19')]]","[[0.   ]
 [0.017]
 [0.034]
 ...
 [4.999]
 [5.   ]
 [5.   ]]","[[3.4606]
 [3.5024]
 [3.5167]
 ...
 [3.4229]
 [3.4229]
 [3.4229]]","[[3.9988]
 [3.9999]
 [3.9999]
 ...
 [0.    ]
 [0.    ]
 [0.    ]]","[[0.   ]
 [0.001]
 [0.002]
 ...
 [0.   ]
 [0.   ]
 [0.   ]]","[[0.   ]
 [0.004]
 [0.008]
 ...
 [0.   ]
 [0.   ]
 [0.   ]]","[[26.4]
 [26.4]
 [26.4]
 ...
 [28. ]
 [28. ]
 [28. ]]",['2C charge and 1C discharge']
"[[array(['2022-09-17,00:01:54'], dtype='<U19')]
 [array(['2022-09-17,00:01:55'], dtype='<U19')]
 [array(['2022-09-17,00:01:56'], dtype='<U19')]
 ...
 [array(['2022-09-17,01:58:11'], dtype='<U19')]
 [array(['2022-09-17,01:58:11'], dtype='<U19')]
 [array(['2022-09-17,01:58:11'], dtype='<U19')]]","[[0.   ]
 [0.017]
 [0.034]
 ...
 [4.99 ]
 [5.001]
 [5.001]]","[[3.5793]
 [3.5908]
 [3.5967]
 ...
 [3.4197]
 [3.4198]
 [3.4198]]","[[3.9988]
 [3.9999]
 [3.9999]
 ...
 [0.    ]
 [0.    ]
 [0.    ]]","[[0.   ]
 [0.001]
 [0.002]
 ...
 [0.   ]
 [0.   ]
 [0.   ]]","[[0.   ]
 [0.004]
 [0.008]
 ...
 [0.   ]
 [0.   ]
 [0.   ]]","[[28. ]
 [28. ]
 [28. ]
 ...
 [28.1]
 [28.1]
 [28.1]]",['2C charge and 1C discharge']
"[[array(['2022-09-17,01:58:12'], dtype='<U19')]
 [array(['2022-09-17,01:58:13'], dtype='<U19')]
 [array(['2022-09-17,01:58:14'], dtype='<U19')]
 ...
 [array(['2022-09-17,03:54:17'], dtype='<U19')]
 [array(['2022-09-17,03:54:18'], dtype='<U19')]
 [array(['2022-09-17,03:54:18'], dtype='<U19')]]","[[0.   ]
 [0.017]
 [0.034]
 ...
 [4.991]
 [5.   ]
 [5.   ]]","[[3.5745]
 [3.5871]
 [3.5931]
 ...
 [3.417 ]
 [3.4172]
 [3.4172]]","[[3.9991]
 [3.9999]
 [3.9999]
 ...
 [0.    ]
 [0.    ]
 [0.    ]]","[[0.   ]
 [0.001]
 [0.002]
 ...
 [0.   ]
 [0.   ]
 [0.   ]]","[[0.   ]
 [0.004]
 [0.008]
 ...
 [0.   ]
 [0.   ]
 [0.   ]]","[[28.1]
 [28.1]
 [28.1]
 ...
 [28.1]
 [28.1]
 [28.1]]",['2C charge and 1C discharge']
"[[array(['2022-09-17,03:54:19'], dtype='<U19')]
 [array(['2022-09-17,03:54:20'], dtype='<U19')]
 [array(['2022-09-17,03:54:21'], dtype='<U19')]
 ...
 [array(['2022-09-17,05:50:21'], dtype='<U19')]
 [array(['2022-09-17,05:50:21'], dtype='<U19')]
 [array(['2022-09-17,05:50:21'], dtype='<U19')]]","[[0.   ]
 [0.017]
 [0.034]
 ...
 [4.998]
 [5.   ]
 [5.   ]]","[[3.5722]
 [3.5845]
 [3.5904]
 ...
 [3.4144]
 [3.4144]
 [3.4144]]","[[3.9988]
 [3.9999]
 [3.9999]
 ...
 [0.    ]
 [0.    ]
 [0.    ]]","[[0.   ]
 [0.001]
 [0.002]
 ...
 [0.   ]
 [0.   ]
 [0.   ]]","[[0.   ]
 [0.004]
 [0.008]
 ...
 [0.   ]
 [0.   ]
 [0.   ]]","[[28.1]
 [28. ]
 [28.1]
 ...
 [28. ]
 [28.1]
 [28.1]]",['2C charge and 1C discharge']
"[[array(['2022-09-17,05:50:22'], dtype='<U19')]
 [array(['2022-09-17,05:50:23'], dtype='<U19')]
 [array(['2022-09-17,05:50:24'], dtype='<U19')]
 ...
 [array(['2022-09-17,07:46:23'], dtype='<U19')]
 [array(['2022-09-17,07:46:24'], dtype='<U19')]
 [array(['2022-09-17,07:46:24'], dtype='<U19')]]","[[0.   ]
 [0.017]
 [0.034]
 ...
 [4.983]
 [5.   ]
 [5.   ]]","[[3.5687]
 [3.5818]
 [3.5881]
 ...
 [3.4121]
 [3.4121]
 [3.4121]]","[[3.9988]
 [3.9999]
 [3.9999]
 ...
 [0.    ]
 [0.    ]
 [0.    ]]","[[0.   ]
 [0.001]
 [0.002]
 ...
 [0.   ]
 [0.   ]
 [0.   ]]","[[0.   ]
 [0.004]
 [0.008]
 ...
 [0.   ]
 [0.   ]
 [0.   ]]","[[28. ]
 [28. ]
 [28. ]
 ...
 [28.1]
 [28.1]
 [28.1]]",['2C charge and 1C discharge']
"[[array(['2022-09-17,07:46:25'], dtype='<U19')]
 [array(['2022-09-17,07:46:26'], dtype='<U19')]
 [array(['2022-09-17,07:46:27'], dtype='<U19')]
 ...
 [array(['2022-09-17,09:42:27'], dtype='<U19')]
 [array(['2022-09-17,09:42:28'], dtype='<U19')]
 [array(['2022-09-17,09:42:28'], dtype='<U19')]]","[[0.   ]
 [0.017]
 [0.034]
 ...
 [4.984]
 [5.   ]
 [5.   ]]","[[3.5658]
 [3.5798]
 [3.5861]
 ...
 [3.4097]
 [3.4097]
 [3.4097]]","[[3.9988]
 [3.9998]
 [3.9999]
 ...
 [0.    ]
 [0.    ]
 [0.    ]]","[[0.   ]
 [0.001]
 [0.002]
 ...
 [0.   ]
 [0.   ]
 [0.   ]]","[[0.   ]
 [0.004]
 [0.008]
 ...
 [0.   ]
 [0.   ]
 [0.   ]]","[[28.1]
 [28.1]
 [28.1]
 ...
 [28.1]
 [28.1]
 [28.1]]",['2C charge and 1C discharge']
"[[array(['2022-09-17,09:42:29'], dtype='<U19')]
 [array(['2022-09-17,09:42:30'], dtype='<U19')]
 [array(['2022-09-17,09:42:31'], dtype='<U19')]
 ...
 [array(['2022-09-17,11:38:30'], dtype='<U19')]
 [array(['2022-09-17,11:38:31'], dtype='<U19')]
 [array(['2022-09-17,11:38:31'], dtype='<U19')]]","[[0.   ]
 [0.017]
 [0.034]
 ...
 [4.989]
 [5.   ]
 [5.   ]]","[[3.5633]
 [3.5778]
 [3.5842]
 ...
 [3.4072]
 [3.4072]
 [3.4072]]","[[3.9988]
 [3.9999]
 [3.9999]
 ...
 [0.    ]
 [0.    ]
 [0.    ]]","[[0.   ]
 [0.001]
 [0.002]
 ...
 [0.   ]
 [0.   ]
 [0.   ]]","[[0.   ]
 [0.004]
 [0.008]
 ...
 [0.   ]
 [0.   ]
 [0.   ]]","[[28.1]
 [28.1]
 [28.1]
 ...
 [28.1]
 [28.1]
 [28.1]]",['2C charge and 1C discharge']
"[[array(['2022-09-17,11:38:32'], dtype='<U19')]
 [array(['2022-09-17,11:38:33'], dtype='<U19')]
 [array(['2022-09-17,11:38:34'], dtype='<U19')]
 ...
 [array(['2022-09-17,13:34:37'], dtype='<U19')]
 [array(['2022-09-17,13:34:38'], dtype='<U19')]
 [array(['2022-09-17,13:34:39'], dtype='<U19')]]","[[0.   ]
 [0.017]
 [0.034]
 ...
 [4.984]
 [5.   ]
 [5.   ]]","[[3.5608]
 [3.5754]
 [3.5819]
 ...
 [3.4049]
 [3.4049]
 [3.4049]]","[[3.9988]
 [3.9999]
 [3.9999]
 ...
 [0.    ]
 [0.    ]
 [0.    ]]","[[0.   ]
 [0.001]
 [0.002]
 ...
 [0.   ]
 [0.   ]
 [0.   ]]","[[0.   ]
 [0.004]
 [0.008]
 ...
 [0.   ]
 [0.   ]
 [0.   ]]","[[28.1]
 [28.1]
 [28.1]
 ...
 [28.1]
 [28.1]
 [28.1]]",['2C charge and 1C discharge']
"[[array(['2022-09-17,13:34:40'], dtype='<U19')]
 [array(['2022-09-17,13:34:41'], dtype='<U19')]
 [array(['2022-09-17,13:34:42'], dtype='<U19')]
 ...
 [array(['2022-09-17,15:30:37'], dtype='<U19')]
 [array(['2022-09-17,15:30:37'], dtype='<U19')]
 [array(['2022-09-17,15:30:37'], dtype='<U19')]]","[[0.   ]
 [0.017]
 [0.034]
 ...
 [4.99 ]
 [5.   ]
 [5.   ]]","[[3.5582]
 [3.5736]
 [3.5801]
 ...
 [3.4054]
 [3.4054]
 [3.4054]]","[[3.9988]
 [3.9999]
 [3.9999]
 ...
 [0.    ]
 [0.    ]
 [0.    ]]","[[0.   ]
 [0.001]
 [0.002]
 ...
 [0.   ]
 [0.   ]
 [0.   ]]","[[0.   ]
 [0.004]
 [0.008]
 ...
 [0.   ]
 [0.   ]
 [0.   ]]","[[28.1]
 [28. ]
 [28.1]
 ...
 [27.5]
 [27.5]
 [27.5]]",['2C charge and 1C discharge']
"[[array(['2022-09-17,15:30:38'], dtype='<U19')]
 [array(['2022-09-17,15:30:39'], dtype='<U19')]
 [array(['2022-09-17,15:30:40'], dtype='<U19')]
 ...
 [array(['2022-09-17,17:26:59'], dtype='<U19')]
 [array(['2022-09-17,17:26:59'], dtype='<U19')]
 [array(['2022-09-17,17:27:00'], dtype='<U19')]]","[[0.   ]
 [0.017]
 [0.034]
 ...
 [4.986]
 [5.001]
 [5.001]]","[[3.5618]
 [3.5762]
 [3.5831]
 ...
 [3.4032]
 [3.4032]
 [3.4032]]","[[3.9988]
 [3.9999]
 [3.9999]
 ...
 [0.    ]
 [0.    ]
 [0.    ]]","[[0.   ]
 [0.001]
 [0.002]
 ...
 [0.   ]
 [0.   ]
 [0.   ]]","[[0.   ]
 [0.004]
 [0.008]
 ...
 [0.   ]
 [0.   ]
 [0.   ]]","[[27.5]
 [27.5]
 [27.5]
 ...
 [27.7]
 [27.7]
 [27.7]]",['2C charge and 1C discharge']
"[[array(['2022-09-17,17:27:01'], dtype='<U19')]
 [array(['2022-09-17,17:27:02'], dtype='<U19')]
 [array(['2022-09-17,17:27:03'], dtype='<U19')]
 ...
 [array(['2022-09-17,19:23:22'], dtype='<U19')]
 [array(['2022-09-17,19:23:22'], dtype='<U19')]
 [array(['2022-09-17,19:23:22'], dtype='<U19')]]","[[0.   ]
 [0.017]
 [0.034]
 ...
 [4.994]
 [5.001]
 [5.001]]","[[3.5584]
 [3.573 ]
 [3.5801]
 ...
 [3.3984]
 [3.3984]
 [3.3984]]","[[3.9988]
 [3.9999]
 [3.9999]
 ...
 [0.    ]
 [0.    ]
 [0.    ]]","[[0.   ]
 [0.001]
 [0.002]
 ...
 [0.   ]
 [0.   ]
 [0.   ]]","[[0.   ]
 [0.004]
 [0.008]
 ...
 [0.   ]
 [0.   ]
 [0.   ]]","[[27.6]
 [27.6]
 [27.6]
 ...
 [27.9]
 [27.9]
 [27.9]]",['2C charge and 1C discharge']
"[[array(['2022-09-17,19:23:23'], dtype='<U19')]
 [array(['2022-09-17,19:23:24'], dtype='<U19')]
 [array(['2022-09-17,19:23:25'], dtype='<U19')]
 ...
 [array(['2022-09-17,21:19:49'], dtype='<U19')]
 [array(['2022-09-17,21:19:50'], dtype='<U19')]
 [array(['2022-09-17,21:19:50'], dtype='<U19')]]","[[0.   ]
 [0.017]
 [0.034]
 ...
 [4.987]
 [5.   ]
 [5.   ]]","[[3.5521]
 [3.5684]
 [3.5756]
 ...
 [3.3954]
 [3.3955]
 [3.3955]]","[[3.9988]
 [3.9999]
 [3.9999]
 ...
 [0.    ]
 [0.    ]
 [0.    ]]","[[0.   ]
 [0.001]
 [0.002]
 ...
 [0.   ]
 [0.   ]
 [0.   ]]","[[0.   ]
 [0.004]
 [0.008]
 ...
 [0.   ]
 [0.   ]
 [0.   ]]","[[27.9]
 [27.9]
 [27.9]
 ...
 [27.9]
 [27.9]
 [27.9]]",['2C charge and 1C discharge']
"[[array(['2022-09-17,21:19:51'], dtype='<U19')]
 [array(['2022-09-17,21:19:52'], dtype='<U19')]
 [array(['2022-09-17,21:19:53'], dtype='<U19')]
 ...
 [array(['2022-09-17,23:16:20'], dtype='<U19')]
 [array(['2022-09-17,23:16:21'], dtype='<U19')]
 [array(['2022-09-17,23:16:21'], dtype='<U19')]]","[[0.   ]
 [0.017]
 [0.034]
 ...
 [4.994]
 [5.001]
 [5.001]]","[[3.5501]
 [3.5658]
 [3.5727]
 ...
 [3.3921]
 [3.3924]
 [3.3924]]","[[3.9988]
 [3.9999]
 [3.9999]
 ...
 [0.    ]
 [0.    ]
 [0.    ]]","[[0.   ]
 [0.001]
 [0.002]
 ...
 [0.   ]
 [0.   ]
 [0.   ]]","[[0.   ]
 [0.004]
 [0.008]
 ...
 [0.   ]
 [0.   ]
 [0.   ]]","[[27.9]
 [27.9]
 [27.9]
 ...
 [28. ]
 [27.9]
 [28. ]]",['2C charge and 1C discharge']
"[[array(['2022-09-17,23:16:22'], dtype='<U19')]
 [array(['2022-09-17,23:16:23'], dtype='<U19')]
 [array(['2022-09-17,23:16:24'], dtype='<U19')]
 ...
 [array(['2022-09-18,01:12:54'], dtype='<U19')]
 [array(['2022-09-18,01:12:55'], dtype='<U19')]
 [array(['2022-09-18,01:12:55'], dtype='<U19')]]","[[0.   ]
 [0.017]
 [0.034]
 ...
 [4.984]
 [5.001]
 [5.001]]","[[3.5461]
 [3.5625]
 [3.5702]
 ...
 [3.3891]
 [3.3892]
 [3.3892]]","[[3.9985]
 [3.9998]
 [3.9999]
 ...
 [0.    ]
 [0.    ]
 [0.    ]]","[[0.   ]
 [0.001]
 [0.002]
 ...
 [0.   ]
 [0.   ]
 [0.   ]]","[[0.   ]
 [0.004]
 [0.008]
 ...
 [0.   ]
 [0.   ]
 [0.   ]]","[[28. ]
 [27.9]
 [28. ]
 ...
 [28. ]
 [28. ]
 [28. ]]",['2C charge and 1C discharge']
"[[array(['2022-09-18,01:12:56'], dtype='<U19')]
 [array(['2022-09-18,01:12:57'], dtype='<U19')]
 [array(['2022-09-18,01:12:58'], dtype='<U19')]
 ...
 [array(['2022-09-18,03:09:30'], dtype='<U19')]
 [array(['2022-09-18,03:09:31'], dtype='<U19')]
 [array(['2022-09-18,03:09:31'], dtype='<U19')]]","[[0.   ]
 [0.017]
 [0.034]
 ...
 [4.984]
 [5.   ]
 [5.   ]]","[[3.5427]
 [3.559 ]
 [3.5673]
 ...
 [3.386 ]
 [3.386 ]
 [3.3861]]","[[3.9985]
 [3.9999]
 [3.9999]
 ...
 [0.    ]
 [0.    ]
 [0.    ]]","[[0.   ]
 [0.001]
 [0.002]
 ...
 [0.   ]
 [0.   ]
 [0.   ]]","[[0.   ]
 [0.004]
 [0.008]
 ...
 [0.   ]
 [0.   ]
 [0.   ]]","[[28. ]
 [28. ]
 [28. ]
 ...
 [28. ]
 [28.1]
 [28.1]]",['2C charge and 1C discharge']
"[[array(['2022-09-18,03:09:32'], dtype='<U19')]
 [array(['2022-09-18,03:09:33'], dtype='<U19')]
 [array(['2022-09-18,03:09:34'], dtype='<U19')]
 ...
 [array(['2022-09-18,05:06:04'], dtype='<U19')]
 [array(['2022-09-18,05:06:05'], dtype='<U19')]
 [array(['2022-09-18,05:06:05'], dtype='<U19')]]","[[0.   ]
 [0.017]
 [0.034]
 ...
 [4.985]
 [5.   ]
 [5.   ]]","[[3.5412]
 [3.5567]
 [3.565 ]
 ...
 [3.3826]
 [3.3828]
 [3.3828]]","[[3.9988]
 [3.9999]
 [3.9999]
 ...
 [0.    ]
 [0.    ]
 [0.    ]]","[[0.   ]
 [0.001]
 [0.002]
 ...
 [0.   ]
 [0.   ]
 [0.   ]]","[[0.   ]
 [0.004]
 [0.008]
 ...
 [0.   ]
 [0.   ]
 [0.   ]]","[[28. ]
 [28. ]
 [28. ]
 ...
 [28.1]
 [28. ]
 [28. ]]",['2C charge and 1C discharge']
"[[array(['2022-09-18,05:06:06'], dtype='<U19')]
 [array(['2022-09-18,05:06:07'], dtype='<U19')]
 [array(['2022-09-18,05:06:08'], dtype='<U19')]
 ...
 [array(['2022-09-18,07:02:46'], dtype='<U19')]
 [array(['2022-09-18,07:02:47'], dtype='<U19')]
 [array(['2022-09-18,07:02:47'], dtype='<U19')]]","[[0.   ]
 [0.017]
 [0.033]
 ...
 [4.983]
 [5.   ]
 [5.   ]]","[[3.5367]
 [3.5536]
 [3.5615]
 ...
 [3.3791]
 [3.3792]
 [3.3792]]","[[3.9985]
 [3.9999]
 [3.9999]
 ...
 [0.    ]
 [0.    ]
 [0.    ]]","[[0.   ]
 [0.001]
 [0.002]
 ...
 [0.   ]
 [0.   ]
 [0.   ]]","[[0.   ]
 [0.004]
 [0.008]
 ...
 [0.   ]
 [0.   ]
 [0.   ]]","[[28. ]
 [28. ]
 [28. ]
 ...
 [28.1]
 [28.1]
 [28.1]]",['2C charge and 1C discharge']
"[[array(['2022-09-18,07:02:48'], dtype='<U19')]
 [array(['2022-09-18,07:02:49'], dtype='<U19')]
 [array(['2022-09-18,07:02:50'], dtype='<U19')]
 ...
 [array(['2022-09-18,08:59:31'], dtype='<U19')]
 [array(['2022-09-18,08:59:31'], dtype='<U19')]
 [array(['2022-09-18,08:59:31'], dtype='<U19')]]","[[0.   ]
 [0.017]
 [0.034]
 ...
 [4.988]
 [5.   ]
 [5.   ]]","[[3.5332]
 [3.5508]
 [3.5588]
 ...
 [3.376 ]
 [3.376 ]
 [3.376 ]]","[[3.9991]
 [3.9999]
 [3.9999]
 ...
 [0.    ]
 [0.    ]
 [0.    ]]","[[0.   ]
 [0.001]
 [0.002]
 ...
 [0.   ]
 [0.   ]
 [0.   ]]","[[0.   ]
 [0.004]
 [0.008]
 ...
 [0.   ]
 [0.   ]
 [0.   ]]","[[28.1]
 [28.1]
 [28.1]
 ...
 [28.1]
 [28. ]
 [28.1]]",['2C charge and 1C discharge']
"[[array(['2022-09-18,08:59:32'], dtype='<U19')]
 [array(['2022-09-18,08:59:33'], dtype='<U19')]
 [array(['2022-09-18,08:59:34'], dtype='<U19')]
 ...
 [array(['2022-09-18,10:58:49'], dtype='<U19')]
 [array(['2022-09-18,10:58:50'], dtype='<U19')]
 [array(['2022-09-18,10:58:50'], dtype='<U19')]]","[[0.   ]
 [0.017]
 [0.034]
 ...
 [4.984]
 [5.   ]
 [5.   ]]","[[3.531 ]
 [3.5479]
 [3.5562]
 ...
 [3.3724]
 [3.3726]
 [3.3726]]","[[3.9985]
 [3.9999]
 [3.9999]
 ...
 [0.    ]
 [0.    ]
 [0.    ]]","[[0.   ]
 [0.001]
 [0.002]
 ...
 [0.   ]
 [0.   ]
 [0.   ]]","[[0.   ]
 [0.004]
 [0.008]
 ...
 [0.   ]
 [0.   ]
 [0.   ]]","[[28.1]
 [28. ]
 [28. ]
 ...
 [28.2]
 [28.2]
 [28.2]]",['2C charge and 1C discharge']
"[[array(['2022-09-18,10:58:51'], dtype='<U19')]
 [array(['2022-09-18,10:58:52'], dtype='<U19')]
 [array(['2022-09-18,10:58:53'], dtype='<U19')]
 ...
 [array(['2022-09-18,12:55:36'], dtype='<U19')]
 [array(['2022-09-18,12:55:36'], dtype='<U19')]
 [array(['2022-09-18,12:55:36'], dtype='<U19')]]","[[0.   ]
 [0.017]
 [0.035]
 ...
 [4.994]
 [5.   ]
 [5.   ]]","[[3.5265]
 [3.5441]
 [3.5525]
 ...
 [3.3677]
 [3.3677]
 [3.3677]]","[[3.9988]
 [3.9999]
 [3.9999]
 ...
 [0.    ]
 [0.    ]
 [0.    ]]","[[0.   ]
 [0.001]
 [0.002]
 ...
 [0.   ]
 [0.   ]
 [0.   ]]","[[0.   ]
 [0.004]
 [0.008]
 ...
 [0.   ]
 [0.   ]
 [0.   ]]","[[28.2]
 [28.2]
 [28.2]
 ...
 [28.2]
 [28.2]
 [28.2]]",['2C charge and 1C discharge']
"[[array(['2022-09-18,12:55:37'], dtype='<U19')]
 [array(['2022-09-18,12:55:38'], dtype='<U19')]
 [array(['2022-09-18,12:55:39'], dtype='<U19')]
 ...
 [array(['2022-09-18,14:52:28'], dtype='<U19')]
 [array(['2022-09-18,14:52:28'], dtype='<U19')]
 [array(['2022-09-18,14:52:28'], dtype='<U19')]]","[[0.   ]
 [0.017]
 [0.034]
 ...
 [4.995]
 [5.   ]
 [5.   ]]","[[3.5218]
 [3.5393]
 [3.5476]
 ...
 [3.3638]
 [3.3638]
 [3.3638]]","[[3.9988]
 [3.9999]
 [3.9999]
 ...
 [0.    ]
 [0.    ]
 [0.    ]]","[[0.   ]
 [0.001]
 [0.002]
 ...
 [0.   ]
 [0.   ]
 [0.   ]]","[[0.   ]
 [0.004]
 [0.008]
 ...
 [0.   ]
 [0.   ]
 [0.   ]]","[[28.2]
 [28.2]
 [28.2]
 ...
 [28.2]
 [28.2]
 [28.2]]",['2C charge and 1C discharge']
"[[array(['2022-09-18,14:52:29'], dtype='<U19')]
 [array(['2022-09-18,14:52:30'], dtype='<U19')]
 [array(['2022-09-18,14:52:31'], dtype='<U19')]
 ...
 [array(['2022-09-18,16:49:21'], dtype='<U19')]
 [array(['2022-09-18,16:49:22'], dtype='<U19')]
 [array(['2022-09-18,16:49:22'], dtype='<U19')]]","[[0.   ]
 [0.018]
 [0.035]
 ...
 [4.988]
 [5.   ]
 [5.   ]]","[[3.5182]
 [3.5359]
 [3.5448]
 ...
 [3.3606]
 [3.3606]
 [3.3606]]","[[3.9988]
 [3.9999]
 [3.9999]
 ...
 [0.    ]
 [0.    ]
 [0.    ]]","[[0.   ]
 [0.001]
 [0.002]
 ...
 [0.   ]
 [0.   ]
 [0.   ]]","[[0.   ]
 [0.004]
 [0.008]
 ...
 [0.   ]
 [0.   ]
 [0.   ]]","[[28.2]
 [28.2]
 [28.2]
 ...
 [28.2]
 [28.2]
 [28.2]]",['2C charge and 1C discharge']
"[[array(['2022-09-18,16:49:23'], dtype='<U19')]
 [array(['2022-09-18,16:49:24'], dtype='<U19')]
 [array(['2022-09-18,16:49:25'], dtype='<U19')]
 ...
 [array(['2022-09-18,18:46:20'], dtype='<U19')]
 [array(['2022-09-18,18:46:21'], dtype='<U19')]
 [array(['2022-09-18,18:46:21'], dtype='<U19')]]","[[0.   ]
 [0.017]
 [0.034]
 ...
 [4.991]
 [5.001]
 [5.001]]","[[3.5153]
 [3.533 ]
 [3.5415]
 ...
 [3.3574]
 [3.3575]
 [3.3575]]","[[3.9988]
 [3.9998]
 [3.9999]
 ...
 [0.    ]
 [0.    ]
 [0.    ]]","[[0.   ]
 [0.001]
 [0.002]
 ...
 [0.   ]
 [0.   ]
 [0.   ]]","[[0.   ]
 [0.004]
 [0.008]
 ...
 [0.   ]
 [0.   ]
 [0.   ]]","[[28.2]
 [28.2]
 [28.2]
 ...
 [28.2]
 [28.2]
 [28.2]]",['2C charge and 1C discharge']
"[[array(['2022-09-18,18:46:22'], dtype='<U19')]
 [array(['2022-09-18,18:46:23'], dtype='<U19')]
 [array(['2022-09-18,18:46:24'], dtype='<U19')]
 ...
 [array(['2022-09-18,20:43:20'], dtype='<U19')]
 [array(['2022-09-18,20:43:20'], dtype='<U19')]
 [array(['2022-09-18,20:43:20'], dtype='<U19')]]","[[0.   ]
 [0.017]
 [0.034]
 ...
 [4.995]
 [5.   ]
 [5.   ]]","[[3.5118]
 [3.5298]
 [3.5387]
 ...
 [3.3541]
 [3.3541]
 [3.3541]]","[[3.9985]
 [3.9999]
 [3.9999]
 ...
 [0.    ]
 [0.    ]
 [0.    ]]","[[0.   ]
 [0.001]
 [0.002]
 ...
 [0.   ]
 [0.   ]
 [0.   ]]","[[0.   ]
 [0.004]
 [0.008]
 ...
 [0.   ]
 [0.   ]
 [0.   ]]","[[28.2]
 [28.2]
 [28.2]
 ...
 [28.2]
 [28.2]
 [28.2]]",['2C charge and 1C discharge']
"[[array(['2022-09-18,20:43:21'], dtype='<U19')]
 [array(['2022-09-18,20:43:22'], dtype='<U19')]
 [array(['2022-09-18,20:43:23'], dtype='<U19')]
 ...
 [array(['2022-09-18,22:40:25'], dtype='<U19')]
 [array(['2022-09-18,22:40:25'], dtype='<U19')]
 [array(['2022-09-18,22:40:25'], dtype='<U19')]]","[[0.   ]
 [0.017]
 [0.034]
 ...
 [4.994]
 [5.   ]
 [5.   ]]","[[3.5084]
 [3.5267]
 [3.5356]
 ...
 [3.3508]
 [3.3508]
 [3.3508]]","[[3.9988]
 [3.9999]
 [3.9999]
 ...
 [0.    ]
 [0.    ]
 [0.    ]]","[[0.   ]
 [0.001]
 [0.002]
 ...
 [0.   ]
 [0.   ]
 [0.   ]]","[[0.   ]
 [0.004]
 [0.008]
 ...
 [0.   ]
 [0.   ]
 [0.   ]]","[[28.2]
 [28.2]
 [28.2]
 ...
 [28.2]
 [28.2]
 [28.2]]",['2C charge and 1C discharge']
"[[array(['2022-09-18,22:40:26'], dtype='<U19')]
 [array(['2022-09-18,22:40:27'], dtype='<U19')]
 [array(['2022-09-18,22:40:28'], dtype='<U19')]
 ...
 [array(['2022-09-19,00:37:32'], dtype='<U19')]
 [array(['2022-09-19,00:37:33'], dtype='<U19')]
 [array(['2022-09-19,00:37:33'], dtype='<U19')]]","[[0.   ]
 [0.017]
 [0.035]
 ...
 [4.991]
 [5.   ]
 [5.   ]]","[[3.5053]
 [3.5236]
 [3.5332]
 ...
 [3.3475]
 [3.3475]
 [3.3475]]","[[3.9991]
 [3.9999]
 [3.9999]
 ...
 [0.    ]
 [0.    ]
 [0.    ]]","[[0.   ]
 [0.001]
 [0.002]
 ...
 [0.   ]
 [0.   ]
 [0.   ]]","[[0.   ]
 [0.004]
 [0.008]
 ...
 [0.   ]
 [0.   ]
 [0.   ]]","[[28.2]
 [28.2]
 [28.2]
 ...
 [28.2]
 [28.2]
 [28.2]]",['2C charge and 1C discharge']
"[[array(['2022-09-19,00:37:34'], dtype='<U19')]
 [array(['2022-09-19,00:37:35'], dtype='<U19')]
 [array(['2022-09-19,00:37:36'], dtype='<U19')]
 ...
 [array(['2022-09-19,02:34:39'], dtype='<U19')]
 [array(['2022-09-19,02:34:40'], dtype='<U19')]
 [array(['2022-09-19,02:34:40'], dtype='<U19')]]","[[0.   ]
 [0.017]
 [0.034]
 ...
 [4.986]
 [5.001]
 [5.001]]","[[3.5021]
 [3.5204]
 [3.5292]
 ...
 [3.3448]
 [3.3449]
 [3.3449]]","[[3.9985]
 [3.9999]
 [3.9999]
 ...
 [0.    ]
 [0.    ]
 [0.    ]]","[[0.   ]
 [0.001]
 [0.002]
 ...
 [0.   ]
 [0.   ]
 [0.   ]]","[[0.   ]
 [0.004]
 [0.008]
 ...
 [0.   ]
 [0.   ]
 [0.   ]]","[[28.2]
 [28.2]
 [28.2]
 ...
 [28.2]
 [28.2]
 [28.2]]",['2C charge and 1C discharge']
"[[array(['2022-09-19,02:34:41'], dtype='<U19')]
 [array(['2022-09-19,02:34:42'], dtype='<U19')]
 [array(['2022-09-19,02:34:43'], dtype='<U19')]
 ...
 [array(['2022-09-19,04:31:52'], dtype='<U19')]
 [array(['2022-09-19,04:31:53'], dtype='<U19')]
 [array(['2022-09-19,04:31:53'], dtype='<U19')]]","[[0.   ]
 [0.017]
 [0.034]
 ...
 [4.992]
 [5.   ]
 [5.   ]]","[[3.4984]
 [3.5178]
 [3.527 ]
 ...
 [3.3422]
 [3.3422]
 [3.3422]]","[[3.9988]
 [3.9999]
 [3.9999]
 ...
 [0.    ]
 [0.    ]
 [0.    ]]","[[0.   ]
 [0.001]
 [0.002]
 ...
 [0.   ]
 [0.   ]
 [0.   ]]","[[0.   ]
 [0.004]
 [0.008]
 ...
 [0.   ]
 [0.   ]
 [0.   ]]","[[28.2]
 [28.2]
 [28.2]
 ...
 [28.2]
 [28.2]
 [28.2]]",['2C charge and 1C discharge']
"[[array(['2022-09-19,04:31:54'], dtype='<U19')]
 [array(['2022-09-19,04:31:55'], dtype='<U19')]
 [array(['2022-09-19,04:31:56'], dtype='<U19')]
 ...
 [array(['2022-09-19,06:29:06'], dtype='<U19')]
 [array(['2022-09-19,06:29:06'], dtype='<U19')]
 [array(['2022-09-19,06:29:06'], dtype='<U19')]]","[[0.   ]
 [0.017]
 [0.034]
 ...
 [4.993]
 [5.   ]
 [5.   ]]","[[3.4969]
 [3.5158]
 [3.5249]
 ...
 [3.34  ]
 [3.34  ]
 [3.34  ]]","[[3.9988]
 [3.9999]
 [3.9999]
 ...
 [0.    ]
 [0.    ]
 [0.    ]]","[[0.   ]
 [0.001]
 [0.002]
 ...
 [0.   ]
 [0.   ]
 [0.   ]]","[[0.   ]
 [0.004]
 [0.008]
 ...
 [0.   ]
 [0.   ]
 [0.   ]]","[[28.1]
 [28.1]
 [28.1]
 ...
 [28.2]
 [28.2]
 [28.2]]",['2C charge and 1C discharge']
"[[array(['2022-09-19,06:29:07'], dtype='<U19')]
 [array(['2022-09-19,06:29:08'], dtype='<U19')]
 [array(['2022-09-19,06:29:09'], dtype='<U19')]
 ...
 [array(['2022-09-19,08:26:24'], dtype='<U19')]
 [array(['2022-09-19,08:26:24'], dtype='<U19')]
 [array(['2022-09-19,08:26:24'], dtype='<U19')]]","[[0.   ]
 [0.017]
 [0.034]
 ...
 [4.994]
 [5.001]
 [5.001]]","[[3.4952]
 [3.5138]
 [3.523 ]
 ...
 [3.3374]
 [3.3374]
 [3.3374]]","[[3.9988]
 [3.9998]
 [3.9999]
 ...
 [0.    ]
 [0.    ]
 [0.    ]]","[[0.   ]
 [0.001]
 [0.002]
 ...
 [0.   ]
 [0.   ]
 [0.   ]]","[[0.   ]
 [0.004]
 [0.008]
 ...
 [0.   ]
 [0.   ]
 [0.   ]]","[[28.2]
 [28.2]
 [28.2]
 ...
 [28.1]
 [28.1]
 [28.1]]",['2C charge and 1C discharge']
"[[array(['2022-09-19,08:26:25'], dtype='<U19')]
 [array(['2022-09-19,08:26:26'], dtype='<U19')]
 [array(['2022-09-19,08:26:27'], dtype='<U19')]
 ...
 [array(['2022-09-19,10:23:41'], dtype='<U19')]
 [array(['2022-09-19,10:23:42'], dtype='<U19')]
 [array(['2022-09-19,10:23:42'], dtype='<U19')]]","[[0.   ]
 [0.017]
 [0.034]
 ...
 [4.993]
 [5.   ]
 [5.   ]]","[[3.493 ]
 [3.511 ]
 [3.5204]
 ...
 [3.3345]
 [3.3345]
 [3.3345]]","[[3.9988]
 [3.9998]
 [3.9999]
 ...
 [0.    ]
 [0.    ]
 [0.    ]]","[[0.   ]
 [0.001]
 [0.002]
 ...
 [0.   ]
 [0.   ]
 [0.   ]]","[[0.   ]
 [0.004]
 [0.008]
 ...
 [0.   ]
 [0.   ]
 [0.   ]]","[[28.1]
 [28.1]
 [28.1]
 ...
 [28.2]
 [28.2]
 [28.2]]",['2C charge and 1C discharge']
"[[array(['2022-09-19,10:23:43'], dtype='<U19')]
 [array(['2022-09-19,10:23:44'], dtype='<U19')]
 [array(['2022-09-19,10:23:45'], dtype='<U19')]
 ...
 [array(['2022-09-19,12:21:03'], dtype='<U19')]
 [array(['2022-09-19,12:21:03'], dtype='<U19')]
 [array(['2022-09-19,12:21:04'], dtype='<U19')]]","[[0.   ]
 [0.017]
 [0.034]
 ...
 [4.989]
 [5.   ]
 [5.   ]]","[[3.4895]
 [3.5084]
 [3.5178]
 ...
 [3.3322]
 [3.3322]
 [3.3322]]","[[3.9988]
 [3.9998]
 [3.9999]
 ...
 [0.    ]
 [0.    ]
 [0.    ]]","[[0.   ]
 [0.001]
 [0.002]
 ...
 [0.   ]
 [0.   ]
 [0.   ]]","[[0.   ]
 [0.004]
 [0.008]
 ...
 [0.   ]
 [0.   ]
 [0.   ]]","[[28.1]
 [28.1]
 [28.1]
 ...
 [28.1]
 [28.1]
 [28.1]]",['2C charge and 1C discharge']
"[[array(['2022-09-19,12:21:04'], dtype='<U19')]
 [array(['2022-09-19,12:21:06'], dtype='<U19')]
 [array(['2022-09-19,12:21:07'], dtype='<U19')]
 ...
 [array(['2022-09-19,14:18:29'], dtype='<U19')]
 [array(['2022-09-19,14:18:29'], dtype='<U19')]
 [array(['2022-09-19,14:18:29'], dtype='<U19')]]","[[0.   ]
 [0.018]
 [0.035]
 ...
 [4.992]
 [5.001]
 [5.001]]","[[3.4878]
 [3.507 ]
 [3.5164]
 ...
 [3.3297]
 [3.3297]
 [3.3298]]","[[3.9988]
 [3.9999]
 [3.9998]
 ...
 [0.    ]
 [0.    ]
 [0.    ]]","[[0.   ]
 [0.001]
 [0.002]
 ...
 [0.   ]
 [0.   ]
 [0.   ]]","[[0.   ]
 [0.004]
 [0.008]
 ...
 [0.   ]
 [0.   ]
 [0.   ]]","[[28.1]
 [28.1]
 [28.1]
 ...
 [28. ]
 [28. ]
 [28. ]]",['2C charge and 1C discharge']
"[[array(['2022-09-19,14:18:30'], dtype='<U19')]
 [array(['2022-09-19,14:18:31'], dtype='<U19')]
 [array(['2022-09-19,14:18:32'], dtype='<U19')]
 ...
 [array(['2022-09-19,16:15:56'], dtype='<U19')]
 [array(['2022-09-19,16:15:57'], dtype='<U19')]
 [array(['2022-09-19,16:15:57'], dtype='<U19')]]","[[0.   ]
 [0.017]
 [0.034]
 ...
 [4.985]
 [5.   ]
 [5.   ]]","[[3.485 ]
 [3.5042]
 [3.5139]
 ...
 [3.3269]
 [3.3269]
 [3.3272]]","[[3.9985]
 [3.9999]
 [3.9999]
 ...
 [0.    ]
 [0.    ]
 [0.    ]]","[[0.   ]
 [0.001]
 [0.002]
 ...
 [0.   ]
 [0.   ]
 [0.   ]]","[[0.   ]
 [0.004]
 [0.008]
 ...
 [0.   ]
 [0.   ]
 [0.   ]]","[[28. ]
 [27.9]
 [28. ]
 ...
 [28.1]
 [28.1]
 [28.1]]",['2C charge and 1C discharge']
"[[array(['2022-09-19,16:15:58'], dtype='<U19')]
 [array(['2022-09-19,16:15:59'], dtype='<U19')]
 [array(['2022-09-19,16:16:00'], dtype='<U19')]
 ...
 [array(['2022-09-19,18:13:25'], dtype='<U19')]
 [array(['2022-09-19,18:13:25'], dtype='<U19')]
 [array(['2022-09-19,18:13:26'], dtype='<U19')]]","[[0.   ]
 [0.017]
 [0.034]
 ...
 [4.99 ]
 [5.   ]
 [5.   ]]","[[3.4827]
 [3.5016]
 [3.5112]
 ...
 [3.3242]
 [3.3242]
 [3.3242]]","[[3.9985]
 [3.9999]
 [3.9999]
 ...
 [0.    ]
 [0.    ]
 [0.    ]]","[[0.   ]
 [0.001]
 [0.002]
 ...
 [0.   ]
 [0.   ]
 [0.   ]]","[[0.   ]
 [0.004]
 [0.008]
 ...
 [0.   ]
 [0.   ]
 [0.   ]]","[[28.1]
 [28.1]
 [28.1]
 ...
 [28.2]
 [28.2]
 [28.2]]",['2C charge and 1C discharge']
"[[array(['2022-09-19,18:13:27'], dtype='<U19')]
 [array(['2022-09-19,18:13:28'], dtype='<U19')]
 [array(['2022-09-19,18:13:29'], dtype='<U19')]
 ...
 [array(['2022-09-19,20:10:56'], dtype='<U19')]
 [array(['2022-09-19,20:10:56'], dtype='<U19')]
 [array(['2022-09-19,20:10:56'], dtype='<U19')]]","[[0.   ]
 [0.017]
 [0.034]
 ...
 [4.99 ]
 [5.   ]
 [5.   ]]","[[3.4787]
 [3.4989]
 [3.5087]
 ...
 [3.3208]
 [3.3208]
 [3.3208]]","[[3.9988]
 [3.9999]
 [3.9999]
 ...
 [0.    ]
 [0.    ]
 [0.    ]]","[[0.   ]
 [0.001]
 [0.002]
 ...
 [0.   ]
 [0.   ]
 [0.   ]]","[[0.   ]
 [0.004]
 [0.008]
 ...
 [0.   ]
 [0.   ]
 [0.   ]]","[[28.2]
 [28.2]
 [28.1]
 ...
 [28.2]
 [28.2]
 [28.2]]",['2C charge and 1C discharge']
"[[array(['2022-09-19,20:10:57'], dtype='<U19')]
 [array(['2022-09-19,20:10:58'], dtype='<U19')]
 [array(['2022-09-19,20:10:59'], dtype='<U19')]
 ...
 [array(['2022-09-19,22:08:21'], dtype='<U19')]
 [array(['2022-09-19,22:08:22'], dtype='<U19')]
 [array(['2022-09-19,22:08:22'], dtype='<U19')]]","[[0.   ]
 [0.017]
 [0.035]
 ...
 [4.989]
 [5.   ]
 [5.   ]]","[[3.4755]
 [3.4956]
 [3.5052]
 ...
 [3.3202]
 [3.3202]
 [3.3202]]","[[3.9988]
 [3.9998]
 [3.9999]
 ...
 [0.    ]
 [0.    ]
 [0.    ]]","[[0.   ]
 [0.001]
 [0.002]
 ...
 [0.   ]
 [0.   ]
 [0.   ]]","[[0.   ]
 [0.004]
 [0.008]
 ...
 [0.   ]
 [0.   ]
 [0.   ]]","[[28.2]
 [28.2]
 [28.2]
 ...
 [28. ]
 [28. ]
 [28. ]]",['2C charge and 1C discharge']
"[[array(['2022-09-19,22:08:23'], dtype='<U19')]
 [array(['2022-09-19,22:08:24'], dtype='<U19')]
 [array(['2022-09-19,22:08:25'], dtype='<U19')]
 ...
 [array(['2022-09-20,00:05:57'], dtype='<U19')]
 [array(['2022-09-20,00:05:58'], dtype='<U19')]
 [array(['2022-09-20,00:05:58'], dtype='<U19')]]","[[0.   ]
 [0.017]
 [0.034]
 ...
 [4.991]
 [5.   ]
 [5.   ]]","[[3.4755]
 [3.4952]
 [3.505 ]
 ...
 [3.3175]
 [3.3177]
 [3.3175]]","[[3.9988]
 [3.9999]
 [3.9999]
 ...
 [0.    ]
 [0.    ]
 [0.    ]]","[[0.   ]
 [0.001]
 [0.002]
 ...
 [0.   ]
 [0.   ]
 [0.   ]]","[[0.   ]
 [0.004]
 [0.008]
 ...
 [0.   ]
 [0.   ]
 [0.   ]]","[[28.1]
 [28. ]
 [28. ]
 ...
 [28.2]
 [28.2]
 [28.2]]",['2C charge and 1C discharge']
"[[array(['2022-09-20,00:05:59'], dtype='<U19')]
 [array(['2022-09-20,00:06:00'], dtype='<U19')]
 [array(['2022-09-20,00:06:01'], dtype='<U19')]
 ...
 [array(['2022-09-20,02:03:31'], dtype='<U19')]
 [array(['2022-09-20,02:03:31'], dtype='<U19')]
 [array(['2022-09-20,02:03:31'], dtype='<U19')]]","[[0.   ]
 [0.017]
 [0.034]
 ...
 [4.988]
 [5.001]
 [5.001]]","[[3.4733]
 [3.4927]
 [3.5027]
 ...
 [3.3154]
 [3.3154]
 [3.3154]]","[[3.9988]
 [3.9998]
 [3.9999]
 ...
 [0.    ]
 [0.    ]
 [0.    ]]","[[0.   ]
 [0.001]
 [0.002]
 ...
 [0.   ]
 [0.   ]
 [0.   ]]","[[0.   ]
 [0.004]
 [0.008]
 ...
 [0.   ]
 [0.   ]
 [0.   ]]","[[28.2]
 [28.2]
 [28.1]
 ...
 [28.1]
 [28.1]
 [28.1]]",['2C charge and 1C discharge']
"[[array(['2022-09-20,02:03:32'], dtype='<U19')]
 [array(['2022-09-20,02:03:33'], dtype='<U19')]
 [array(['2022-09-20,02:03:34'], dtype='<U19')]
 ...
 [array(['2022-09-20,04:01:04'], dtype='<U19')]
 [array(['2022-09-20,04:01:04'], dtype='<U19')]
 [array(['2022-09-20,04:01:04'], dtype='<U19')]]","[[0.   ]
 [0.017]
 [0.034]
 ...
 [4.994]
 [5.001]
 [5.001]]","[[3.4709]
 [3.4907]
 [3.5006]
 ...
 [3.3128]
 [3.3131]
 [3.3131]]","[[3.9988]
 [3.9999]
 [3.9999]
 ...
 [0.    ]
 [0.    ]
 [0.    ]]","[[0.   ]
 [0.001]
 [0.002]
 ...
 [0.   ]
 [0.   ]
 [0.   ]]","[[0.   ]
 [0.004]
 [0.008]
 ...
 [0.   ]
 [0.   ]
 [0.   ]]","[[28.1]
 [28.1]
 [28.1]
 ...
 [28.2]
 [28.2]
 [28.2]]",['2C charge and 1C discharge']
"[[array(['2022-09-20,04:01:05'], dtype='<U19')]
 [array(['2022-09-20,04:01:06'], dtype='<U19')]
 [array(['2022-09-20,04:01:07'], dtype='<U19')]
 ...
 [array(['2022-09-20,05:58:35'], dtype='<U19')]
 [array(['2022-09-20,05:58:36'], dtype='<U19')]
 [array(['2022-09-20,05:58:36'], dtype='<U19')]]","[[0.   ]
 [0.017]
 [0.034]
 ...
 [4.991]
 [5.001]
 [5.001]]","[[3.4684]
 [3.4883]
 [3.4979]
 ...
 [3.3109]
 [3.3109]
 [3.3109]]","[[3.9985]
 [3.9999]
 [3.9999]
 ...
 [0.    ]
 [0.    ]
 [0.    ]]","[[0.   ]
 [0.001]
 [0.002]
 ...
 [0.   ]
 [0.   ]
 [0.   ]]","[[0.   ]
 [0.004]
 [0.008]
 ...
 [0.   ]
 [0.   ]
 [0.   ]]","[[28.2]
 [28.1]
 [28.1]
 ...
 [28.2]
 [28.2]
 [28.2]]",['2C charge and 1C discharge']
"[[array(['2022-09-20,05:58:37'], dtype='<U19')]
 [array(['2022-09-20,05:58:38'], dtype='<U19')]
 [array(['2022-09-20,05:58:39'], dtype='<U19')]
 ...
 [array(['2022-09-20,07:56:12'], dtype='<U19')]
 [array(['2022-09-20,07:56:13'], dtype='<U19')]
 [array(['2022-09-20,07:56:13'], dtype='<U19')]]","[[0.   ]
 [0.017]
 [0.034]
 ...
 [4.991]
 [5.001]
 [5.001]]","[[3.4663]
 [3.4864]
 [3.4964]
 ...
 [3.3097]
 [3.3097]
 [3.3097]]","[[3.9988]
 [3.9998]
 [3.9999]
 ...
 [0.    ]
 [0.    ]
 [0.    ]]","[[0.   ]
 [0.001]
 [0.002]
 ...
 [0.   ]
 [0.   ]
 [0.   ]]","[[0.   ]
 [0.004]
 [0.008]
 ...
 [0.   ]
 [0.   ]
 [0.   ]]","[[28.1]
 [28.2]
 [28.2]
 ...
 [28.1]
 [28.1]
 [28.1]]",['2C charge and 1C discharge']
"[[array(['2022-09-20,07:56:14'], dtype='<U19')]
 [array(['2022-09-20,07:56:15'], dtype='<U19')]
 [array(['2022-09-20,07:56:16'], dtype='<U19')]
 ...
 [array(['2022-09-20,09:53:46'], dtype='<U19')]
 [array(['2022-09-20,09:53:46'], dtype='<U19')]
 [array(['2022-09-20,09:53:46'], dtype='<U19')]]","[[0.   ]
 [0.017]
 [0.034]
 ...
 [4.99 ]
 [5.   ]
 [5.   ]]","[[3.4661]
 [3.4856]
 [3.4955]
 ...
 [3.3123]
 [3.3125]
 [3.3125]]","[[3.9988]
 [3.9999]
 [3.9999]
 ...
 [0.    ]
 [0.    ]
 [0.    ]]","[[0.   ]
 [0.001]
 [0.002]
 ...
 [0.   ]
 [0.   ]
 [0.   ]]","[[0.   ]
 [0.004]
 [0.008]
 ...
 [0.   ]
 [0.   ]
 [0.   ]]","[[28.1]
 [28.1]
 [28.1]
 ...
 [27.8]
 [27.8]
 [27.8]]",['2C charge and 1C discharge']
"[[array(['2022-09-20,09:53:47'], dtype='<U19')]
 [array(['2022-09-20,09:53:48'], dtype='<U19')]
 [array(['2022-09-20,09:53:49'], dtype='<U19')]
 ...
 [array(['2022-09-20,11:51:29'], dtype='<U19')]
 [array(['2022-09-20,11:51:29'], dtype='<U19')]
 [array(['2022-09-20,11:51:29'], dtype='<U19')]]","[[0.   ]
 [0.018]
 [0.035]
 ...
 [4.993]
 [5.   ]
 [5.   ]]","[[3.4692]
 [3.4896]
 [3.4996]
 ...
 [3.3086]
 [3.3086]
 [3.3086]]","[[3.9988]
 [3.9999]
 [3.9999]
 ...
 [0.    ]
 [0.    ]
 [0.    ]]","[[0.   ]
 [0.001]
 [0.002]
 ...
 [0.   ]
 [0.   ]
 [0.   ]]","[[0.   ]
 [0.004]
 [0.008]
 ...
 [0.   ]
 [0.   ]
 [0.   ]]","[[27.7]
 [27.7]
 [27.7]
 ...
 [27.9]
 [27.9]
 [27.9]]",['2C charge and 1C discharge']
"[[array(['2022-09-20,11:51:30'], dtype='<U19')]
 [array(['2022-09-20,11:51:31'], dtype='<U19')]
 [array(['2022-09-20,11:51:32'], dtype='<U19')]
 ...
 [array(['2022-09-20,13:49:13'], dtype='<U19')]
 [array(['2022-09-20,13:49:14'], dtype='<U19')]
 [array(['2022-09-20,13:49:14'], dtype='<U19')]]","[[0.   ]
 [0.017]
 [0.034]
 ...
 [4.992]
 [5.001]
 [5.001]]","[[3.4646]
 [3.4849]
 [3.495 ]
 ...
 [3.3071]
 [3.3071]
 [3.3071]]","[[3.9988]
 [3.9999]
 [3.9999]
 ...
 [0.    ]
 [0.    ]
 [0.    ]]","[[0.   ]
 [0.001]
 [0.002]
 ...
 [0.   ]
 [0.   ]
 [0.   ]]","[[0.   ]
 [0.004]
 [0.008]
 ...
 [0.   ]
 [0.   ]
 [0.   ]]","[[27.9]
 [27.9]
 [27.9]
 ...
 [27.9]
 [27.9]
 [27.9]]",['2C charge and 1C discharge']
"[[array(['2022-09-20,13:49:15'], dtype='<U19')]
 [array(['2022-09-20,13:49:16'], dtype='<U19')]
 [array(['2022-09-20,13:49:17'], dtype='<U19')]
 ...
 [array(['2022-09-20,15:46:56'], dtype='<U19')]
 [array(['2022-09-20,15:46:57'], dtype='<U19')]
 [array(['2022-09-20,15:46:57'], dtype='<U19')]]","[[0.   ]
 [0.019]
 [0.036]
 ...
 [4.994]
 [5.001]
 [5.001]]","[[3.4633]
 [3.4838]
 [3.4949]
 ...
 [3.3062]
 [3.3062]
 [3.3062]]","[[3.9991]
 [3.9999]
 [3.9999]
 ...
 [0.    ]
 [0.    ]
 [0.    ]]","[[0.   ]
 [0.001]
 [0.002]
 ...
 [0.   ]
 [0.   ]
 [0.   ]]","[[0.   ]
 [0.004]
 [0.008]
 ...
 [0.   ]
 [0.   ]
 [0.   ]]","[[27.9]
 [27.9]
 [27.9]
 ...
 [27.8]
 [27.8]
 [27.8]]",['2C charge and 1C discharge']
"[[array(['2022-09-20,15:46:58'], dtype='<U19')]
 [array(['2022-09-20,15:46:59'], dtype='<U19')]
 [array(['2022-09-20,15:47:00'], dtype='<U19')]
 ...
 [array(['2022-09-20,17:44:48'], dtype='<U19')]
 [array(['2022-09-20,17:44:49'], dtype='<U19')]
 [array(['2022-09-20,17:44:49'], dtype='<U19')]]","[[0.   ]
 [0.017]
 [0.034]
 ...
 [4.988]
 [5.   ]
 [5.   ]]","[[3.4626]
 [3.483 ]
 [3.4932]
 ...
 [3.2931]
 [3.2931]
 [3.2931]]","[[3.9988]
 [3.9999]
 [3.9999]
 ...
 [0.    ]
 [0.    ]
 [0.    ]]","[[0.   ]
 [0.001]
 [0.002]
 ...
 [0.   ]
 [0.   ]
 [0.   ]]","[[0.   ]
 [0.004]
 [0.008]
 ...
 [0.   ]
 [0.   ]
 [0.   ]]","[[27.8]
 [27.8]
 [27.8]
 ...
 [28.6]
 [28.6]
 [28.6]]",['2C charge and 1C discharge']
"[[array(['2022-09-20,17:44:50'], dtype='<U19')]
 [array(['2022-09-20,17:44:51'], dtype='<U19')]
 [array(['2022-09-20,17:44:52'], dtype='<U19')]
 ...
 [array(['2022-09-20,19:42:18'], dtype='<U19')]
 [array(['2022-09-20,19:42:18'], dtype='<U19')]
 [array(['2022-09-20,19:42:18'], dtype='<U19')]]","[[0.   ]
 [0.018]
 [0.035]
 ...
 [4.993]
 [5.   ]
 [5.   ]]","[[3.4484]
 [3.4686]
 [3.4792]
 ...
 [3.298 ]
 [3.2982]
 [3.2982]]","[[3.9988]
 [3.9998]
 [3.9999]
 ...
 [0.    ]
 [0.    ]
 [0.    ]]","[[0.   ]
 [0.001]
 [0.002]
 ...
 [0.   ]
 [0.   ]
 [0.   ]]","[[0.   ]
 [0.004]
 [0.008]
 ...
 [0.   ]
 [0.   ]
 [0.   ]]","[[28.6]
 [28.6]
 [28.6]
 ...
 [28.1]
 [28.1]
 [28.1]]",['2C charge and 1C discharge']
"[[array(['2022-09-20,19:42:19'], dtype='<U19')]
 [array(['2022-09-20,19:42:20'], dtype='<U19')]
 [array(['2022-09-20,19:42:21'], dtype='<U19')]
 ...
 [array(['2022-09-20,21:40:03'], dtype='<U19')]
 [array(['2022-09-20,21:40:03'], dtype='<U19')]
 [array(['2022-09-20,21:40:04'], dtype='<U19')]]","[[0.   ]
 [0.017]
 [0.034]
 ...
 [4.992]
 [5.   ]
 [5.   ]]","[[3.4547]
 [3.4752]
 [3.4855]
 ...
 [3.3009]
 [3.3011]
 [3.3009]]","[[3.9988]
 [3.9999]
 [3.9999]
 ...
 [0.    ]
 [0.    ]
 [0.    ]]","[[0.   ]
 [0.001]
 [0.002]
 ...
 [0.   ]
 [0.   ]
 [0.   ]]","[[0.   ]
 [0.004]
 [0.008]
 ...
 [0.   ]
 [0.   ]
 [0.   ]]","[[28.1]
 [28.1]
 [28.1]
 ...
 [27.8]
 [27.8]
 [27.8]]",['2C charge and 1C discharge']
"[[array(['2022-09-20,21:40:05'], dtype='<U19')]
 [array(['2022-09-20,21:40:06'], dtype='<U19')]
 [array(['2022-09-20,21:40:07'], dtype='<U19')]
 ...
 [array(['2022-09-20,23:37:54'], dtype='<U19')]
 [array(['2022-09-20,23:37:55'], dtype='<U19')]
 [array(['2022-09-20,23:37:55'], dtype='<U19')]]","[[0.   ]
 [0.017]
 [0.034]
 ...
 [4.992]
 [5.001]
 [5.001]]","[[3.4578]
 [3.4786]
 [3.4886]
 ...
 [3.3002]
 [3.3002]
 [3.3002]]","[[3.9991]
 [3.9999]
 [3.9999]
 ...
 [0.    ]
 [0.    ]
 [0.    ]]","[[0.   ]
 [0.001]
 [0.002]
 ...
 [0.   ]
 [0.   ]
 [0.   ]]","[[0.   ]
 [0.004]
 [0.008]
 ...
 [0.   ]
 [0.   ]
 [0.   ]]","[[27.8]
 [27.8]
 [27.8]
 ...
 [27.8]
 [27.8]
 [27.8]]",['2C charge and 1C discharge']
"[[array(['2022-09-20,23:37:56'], dtype='<U19')]
 [array(['2022-09-20,23:37:57'], dtype='<U19')]
 [array(['2022-09-20,23:37:58'], dtype='<U19')]
 ...
 [array(['2022-09-21,01:35:49'], dtype='<U19')]
 [array(['2022-09-21,01:35:50'], dtype='<U19')]
 [array(['2022-09-21,01:35:50'], dtype='<U19')]]","[[0.   ]
 [0.017]
 [0.034]
 ...
 [4.989]
 [5.001]
 [5.001]]","[[3.4572]
 [3.4779]
 [3.4884]
 ...
 [3.3008]
 [3.3008]
 [3.3008]]","[[3.9988]
 [3.9999]
 [3.9999]
 ...
 [0.    ]
 [0.    ]
 [0.    ]]","[[0.   ]
 [0.001]
 [0.002]
 ...
 [0.   ]
 [0.   ]
 [0.   ]]","[[0.   ]
 [0.004]
 [0.008]
 ...
 [0.   ]
 [0.   ]
 [0.   ]]","[[27.8]
 [27.8]
 [27.8]
 ...
 [27.7]
 [27.7]
 [27.7]]",['2C charge and 1C discharge']
"[[array(['2022-09-21,01:35:51'], dtype='<U19')]
 [array(['2022-09-21,01:35:52'], dtype='<U19')]
 [array(['2022-09-21,01:35:53'], dtype='<U19')]
 ...
 [array(['2022-09-21,03:33:46'], dtype='<U19')]
 [array(['2022-09-21,03:33:47'], dtype='<U19')]
 [array(['2022-09-21,03:33:47'], dtype='<U19')]]","[[0.   ]
 [0.017]
 [0.034]
 ...
 [4.992]
 [5.   ]
 [5.   ]]","[[3.458 ]
 [3.4789]
 [3.4893]
 ...
 [3.3   ]
 [3.3   ]
 [3.3   ]]","[[3.9985]
 [3.9999]
 [3.9999]
 ...
 [0.    ]
 [0.    ]
 [0.    ]]","[[0.   ]
 [0.001]
 [0.002]
 ...
 [0.   ]
 [0.   ]
 [0.   ]]","[[0.   ]
 [0.004]
 [0.008]
 ...
 [0.   ]
 [0.   ]
 [0.   ]]","[[27.7]
 [27.7]
 [27.6]
 ...
 [27.6]
 [27.6]
 [27.6]]",['2C charge and 1C discharge']
"[[array(['2022-09-21,03:33:48'], dtype='<U19')]
 [array(['2022-09-21,03:33:49'], dtype='<U19')]
 [array(['2022-09-21,03:33:50'], dtype='<U19')]
 ...
 [array(['2022-09-21,05:31:44'], dtype='<U19')]
 [array(['2022-09-21,05:31:45'], dtype='<U19')]
 [array(['2022-09-21,05:31:45'], dtype='<U19')]]","[[0.   ]
 [0.017]
 [0.034]
 ...
 [4.993]
 [5.001]
 [5.001]]","[[3.4572]
 [3.4787]
 [3.4892]
 ...
 [3.2992]
 [3.2994]
 [3.2994]]","[[3.9988]
 [3.9999]
 [3.9999]
 ...
 [0.    ]
 [0.    ]
 [0.    ]]","[[0.   ]
 [0.001]
 [0.002]
 ...
 [0.   ]
 [0.   ]
 [0.   ]]","[[0.   ]
 [0.004]
 [0.008]
 ...
 [0.   ]
 [0.   ]
 [0.   ]]","[[27.6]
 [27.6]
 [27.6]
 ...
 [27.6]
 [27.6]
 [27.6]]",['2C charge and 1C discharge']
"[[array(['2022-09-21,05:31:46'], dtype='<U19')]
 [array(['2022-09-21,05:31:47'], dtype='<U19')]
 [array(['2022-09-21,05:31:48'], dtype='<U19')]
 ...
 [array(['2022-09-21,07:29:45'], dtype='<U19')]
 [array(['2022-09-21,07:29:45'], dtype='<U19')]
 [array(['2022-09-21,07:29:45'], dtype='<U19')]]","[[0.   ]
 [0.017]
 [0.034]
 ...
 [4.988]
 [5.   ]
 [5.   ]]","[[3.4566]
 [3.4779]
 [3.4884]
 ...
 [3.2985]
 [3.2985]
 [3.2986]]","[[3.9988]
 [3.9999]
 [3.9999]
 ...
 [0.    ]
 [0.    ]
 [0.    ]]","[[0.   ]
 [0.001]
 [0.002]
 ...
 [0.   ]
 [0.   ]
 [0.   ]]","[[0.   ]
 [0.004]
 [0.008]
 ...
 [0.   ]
 [0.   ]
 [0.   ]]","[[27.6]
 [27.6]
 [27.6]
 ...
 [27.5]
 [27.5]
 [27.5]]",['2C charge and 1C discharge']
"[[array(['2022-09-21,07:29:46'], dtype='<U19')]
 [array(['2022-09-21,07:29:47'], dtype='<U19')]
 [array(['2022-09-21,07:29:48'], dtype='<U19')]
 ...
 [array(['2022-09-21,09:27:43'], dtype='<U19')]
 [array(['2022-09-21,09:27:44'], dtype='<U19')]
 [array(['2022-09-21,09:27:44'], dtype='<U19')]]","[[0.   ]
 [0.017]
 [0.034]
 ...
 [4.988]
 [5.   ]
 [5.   ]]","[[3.4578]
 [3.4783]
 [3.4884]
 ...
 [3.2925]
 [3.2925]
 [3.2925]]","[[3.9991]
 [3.9999]
 [4.    ]
 ...
 [0.    ]
 [0.    ]
 [0.    ]]","[[0.   ]
 [0.001]
 [0.002]
 ...
 [0.   ]
 [0.   ]
 [0.   ]]","[[0.   ]
 [0.004]
 [0.008]
 ...
 [0.   ]
 [0.   ]
 [0.   ]]","[[27.5]
 [27.5]
 [27.5]
 ...
 [27.9]
 [27.9]
 [27.9]]",['2C charge and 1C discharge']
"[[array(['2022-09-21,09:27:45'], dtype='<U19')]
 [array(['2022-09-21,09:27:46'], dtype='<U19')]
 [array(['2022-09-21,09:27:47'], dtype='<U19')]
 ...
 [array(['2022-09-21,11:25:35'], dtype='<U19')]
 [array(['2022-09-21,11:25:35'], dtype='<U19')]
 [array(['2022-09-21,11:25:35'], dtype='<U19')]]","[[0.   ]
 [0.018]
 [0.035]
 ...
 [4.995]
 [5.001]
 [5.001]]","[[3.4492]
 [3.4695]
 [3.4813]
 ...
 [3.2896]
 [3.2896]
 [3.2896]]","[[3.9988]
 [3.9999]
 [3.9999]
 ...
 [0.    ]
 [0.    ]
 [0.    ]]","[[0.   ]
 [0.001]
 [0.002]
 ...
 [0.   ]
 [0.   ]
 [0.   ]]","[[0.   ]
 [0.004]
 [0.008]
 ...
 [0.   ]
 [0.   ]
 [0.   ]]","[[27.9]
 [27.9]
 [27.9]
 ...
 [27.9]
 [27.9]
 [27.9]]",['2C charge and 1C discharge']
"[[array(['2022-09-21,11:25:36'], dtype='<U19')]
 [array(['2022-09-21,11:25:37'], dtype='<U19')]
 [array(['2022-09-21,11:25:38'], dtype='<U19')]
 ...
 [array(['2022-09-21,13:23:25'], dtype='<U19')]
 [array(['2022-09-21,13:23:25'], dtype='<U19')]
 [array(['2022-09-21,13:23:25'], dtype='<U19')]]","[[0.   ]
 [0.017]
 [0.034]
 ...
 [4.991]
 [5.001]
 [5.001]]","[[3.4463]
 [3.4684]
 [3.4789]
 ...
 [3.2911]
 [3.2912]
 [3.2912]]","[[3.9991]
 [3.9999]
 [3.9999]
 ...
 [0.    ]
 [0.    ]
 [0.    ]]","[[0.   ]
 [0.001]
 [0.002]
 ...
 [0.   ]
 [0.   ]
 [0.   ]]","[[0.   ]
 [0.004]
 [0.008]
 ...
 [0.   ]
 [0.   ]
 [0.   ]]","[[27.9]
 [27.9]
 [27.9]
 ...
 [27.7]
 [27.7]
 [27.7]]",['2C charge and 1C discharge']
"[[array(['2022-09-21,13:23:26'], dtype='<U19')]
 [array(['2022-09-21,13:23:27'], dtype='<U19')]
 [array(['2022-09-21,13:23:28'], dtype='<U19')]
 ...
 [array(['2022-09-21,15:21:18'], dtype='<U19')]
 [array(['2022-09-21,15:21:19'], dtype='<U19')]
 [array(['2022-09-21,15:21:19'], dtype='<U19')]]","[[0.   ]
 [0.017]
 [0.034]
 ...
 [4.991]
 [5.001]
 [5.001]]","[[3.4486]
 [3.4701]
 [3.4809]
 ...
 [3.2825]
 [3.2826]
 [3.2826]]","[[3.9991]
 [3.9999]
 [3.9999]
 ...
 [0.    ]
 [0.    ]
 [0.    ]]","[[0.   ]
 [0.001]
 [0.002]
 ...
 [0.   ]
 [0.   ]
 [0.   ]]","[[0.   ]
 [0.004]
 [0.008]
 ...
 [0.   ]
 [0.   ]
 [0.   ]]","[[27.8]
 [27.7]
 [27.7]
 ...
 [28.2]
 [28.2]
 [28.2]]",['2C charge and 1C discharge']
"[[array(['2022-09-21,15:21:20'], dtype='<U19')]
 [array(['2022-09-21,15:21:21'], dtype='<U19')]
 [array(['2022-09-21,15:21:22'], dtype='<U19')]
 ...
 [array(['2022-09-21,17:19:03'], dtype='<U19')]
 [array(['2022-09-21,17:19:03'], dtype='<U19')]
 [array(['2022-09-21,17:19:03'], dtype='<U19')]]","[[0.   ]
 [0.017]
 [0.034]
 ...
 [4.99 ]
 [5.   ]
 [5.   ]]","[[3.4387]
 [3.4606]
 [3.4713]
 ...
 [3.2811]
 [3.2811]
 [3.2811]]","[[3.9985]
 [3.9999]
 [3.9999]
 ...
 [0.    ]
 [0.    ]
 [0.    ]]","[[0.   ]
 [0.001]
 [0.002]
 ...
 [0.   ]
 [0.   ]
 [0.   ]]","[[0.   ]
 [0.004]
 [0.008]
 ...
 [0.   ]
 [0.   ]
 [0.   ]]","[[28.2]
 [28.2]
 [28.2]
 ...
 [28.2]
 [28.2]
 [28.2]]",['2C charge and 1C discharge']
"[[array(['2022-09-21,17:19:04'], dtype='<U19')]
 [array(['2022-09-21,17:19:05'], dtype='<U19')]
 [array(['2022-09-21,17:19:06'], dtype='<U19')]
 ...
 [array(['2022-09-21,19:16:49'], dtype='<U19')]
 [array(['2022-09-21,19:16:50'], dtype='<U19')]
 [array(['2022-09-21,19:16:50'], dtype='<U19')]]","[[0.   ]
 [0.017]
 [0.034]
 ...
 [4.99 ]
 [5.   ]
 [5.   ]]","[[3.4377]
 [3.4593]
 [3.4695]
 ...
 [3.2843]
 [3.2843]
 [3.2843]]","[[3.9988]
 [3.9998]
 [3.9999]
 ...
 [0.    ]
 [0.    ]
 [0.    ]]","[[0.   ]
 [0.001]
 [0.002]
 ...
 [0.   ]
 [0.   ]
 [0.   ]]","[[0.   ]
 [0.004]
 [0.008]
 ...
 [0.   ]
 [0.   ]
 [0.   ]]","[[28.2]
 [28.2]
 [28.2]
 ...
 [27.9]
 [27.9]
 [27.9]]",['2C charge and 1C discharge']
"[[array(['2022-09-21,19:16:51'], dtype='<U19')]
 [array(['2022-09-21,19:16:52'], dtype='<U19')]
 [array(['2022-09-21,19:16:53'], dtype='<U19')]
 ...
 [array(['2022-09-21,21:14:45'], dtype='<U19')]
 [array(['2022-09-21,21:14:45'], dtype='<U19')]
 [array(['2022-09-21,21:14:45'], dtype='<U19')]]","[[0.   ]
 [0.017]
 [0.034]
 ...
 [4.992]
 [5.001]
 [5.001]]","[[3.4407]
 [3.463 ]
 [3.4739]
 ...
 [3.2816]
 [3.2817]
 [3.2816]]","[[3.9988]
 [3.9999]
 [3.9999]
 ...
 [0.    ]
 [0.    ]
 [0.    ]]","[[0.   ]
 [0.001]
 [0.002]
 ...
 [0.   ]
 [0.   ]
 [0.   ]]","[[0.   ]
 [0.004]
 [0.008]
 ...
 [0.   ]
 [0.   ]
 [0.   ]]","[[27.9]
 [27.9]
 [27.9]
 ...
 [28. ]
 [28. ]
 [28. ]]",['2C charge and 1C discharge']
"[[array(['2022-09-21,21:14:46'], dtype='<U19')]
 [array(['2022-09-21,21:14:47'], dtype='<U19')]
 [array(['2022-09-21,21:14:48'], dtype='<U19')]
 ...
 [array(['2022-09-21,23:12:40'], dtype='<U19')]
 [array(['2022-09-21,23:12:41'], dtype='<U19')]
 [array(['2022-09-21,23:12:41'], dtype='<U19')]]","[[0.   ]
 [0.017]
 [0.034]
 ...
 [4.991]
 [5.   ]
 [5.   ]]","[[3.4392]
 [3.4601]
 [3.4712]
 ...
 [3.2871]
 [3.2871]
 [3.2871]]","[[3.9988]
 [3.9999]
 [3.9999]
 ...
 [0.    ]
 [0.    ]
 [0.    ]]","[[0.   ]
 [0.001]
 [0.002]
 ...
 [0.   ]
 [0.   ]
 [0.   ]]","[[0.   ]
 [0.004]
 [0.008]
 ...
 [0.   ]
 [0.   ]
 [0.   ]]","[[28. ]
 [28. ]
 [28. ]
 ...
 [27.6]
 [27.6]
 [27.6]]",['2C charge and 1C discharge']
"[[array(['2022-09-21,23:12:42'], dtype='<U19')]
 [array(['2022-09-21,23:12:43'], dtype='<U19')]
 [array(['2022-09-21,23:12:44'], dtype='<U19')]
 ...
 [array(['2022-09-22,01:10:37'], dtype='<U19')]
 [array(['2022-09-22,01:10:37'], dtype='<U19')]
 [array(['2022-09-22,01:10:37'], dtype='<U19')]]","[[0.   ]
 [0.017]
 [0.034]
 ...
 [4.996]
 [5.   ]
 [5.   ]]","[[3.445 ]
 [3.467 ]
 [3.4779]
 ...
 [3.2869]
 [3.2871]
 [3.2871]]","[[3.9988]
 [3.9998]
 [3.9999]
 ...
 [0.    ]
 [0.    ]
 [0.    ]]","[[0.   ]
 [0.001]
 [0.002]
 ...
 [0.   ]
 [0.   ]
 [0.   ]]","[[0.   ]
 [0.004]
 [0.008]
 ...
 [0.   ]
 [0.   ]
 [0.   ]]","[[27.6]
 [27.6]
 [27.6]
 ...
 [27.6]
 [27.6]
 [27.6]]",['2C charge and 1C discharge']
"[[array(['2022-09-22,01:10:38'], dtype='<U19')]
 [array(['2022-09-22,01:10:39'], dtype='<U19')]
 [array(['2022-09-22,01:10:40'], dtype='<U19')]
 ...
 [array(['2022-09-22,03:08:44'], dtype='<U19')]
 [array(['2022-09-22,03:08:45'], dtype='<U19')]
 [array(['2022-09-22,03:08:45'], dtype='<U19')]]","[[0.   ]
 [0.017]
 [0.034]
 ...
 [4.985]
 [5.   ]
 [5.   ]]","[[3.4455]
 [3.4673]
 [3.4779]
 ...
 [3.2863]
 [3.2863]
 [3.2865]]","[[3.9991]
 [3.9999]
 [3.9999]
 ...
 [0.    ]
 [0.    ]
 [0.    ]]","[[0.   ]
 [0.001]
 [0.002]
 ...
 [0.   ]
 [0.   ]
 [0.   ]]","[[0.   ]
 [0.004]
 [0.008]
 ...
 [0.   ]
 [0.   ]
 [0.   ]]","[[27.6]
 [27.6]
 [27.6]
 ...
 [27.5]
 [27.5]
 [27.5]]",['2C charge and 1C discharge']
"[[array(['2022-09-22,03:08:46'], dtype='<U19')]
 [array(['2022-09-22,03:08:47'], dtype='<U19')]
 [array(['2022-09-22,03:08:48'], dtype='<U19')]
 ...
 [array(['2022-09-22,05:06:43'], dtype='<U19')]
 [array(['2022-09-22,05:06:44'], dtype='<U19')]
 [array(['2022-09-22,05:06:44'], dtype='<U19')]]","[[0.   ]
 [0.017]
 [0.034]
 ...
 [4.988]
 [5.001]
 [5.001]]","[[3.4447]
 [3.467 ]
 [3.4779]
 ...
 [3.2865]
 [3.2865]
 [3.2865]]","[[3.9991]
 [3.9999]
 [3.9999]
 ...
 [0.    ]
 [0.    ]
 [0.    ]]","[[0.   ]
 [0.001]
 [0.002]
 ...
 [0.   ]
 [0.   ]
 [0.   ]]","[[0.   ]
 [0.004]
 [0.008]
 ...
 [0.   ]
 [0.   ]
 [0.   ]]","[[27.5]
 [27.5]
 [27.5]
 ...
 [27.5]
 [27.5]
 [27.5]]",['2C charge and 1C discharge']
"[[array(['2022-09-22,05:06:45'], dtype='<U19')]
 [array(['2022-09-22,05:06:46'], dtype='<U19')]
 [array(['2022-09-22,05:06:47'], dtype='<U19')]
 ...
 [array(['2022-09-22,07:04:41'], dtype='<U19')]
 [array(['2022-09-22,07:04:41'], dtype='<U19')]
 [array(['2022-09-22,07:04:41'], dtype='<U19')]]","[[0.   ]
 [0.017]
 [0.034]
 ...
 [4.99 ]
 [5.   ]
 [5.   ]]","[[3.4455]
 [3.4678]
 [3.4787]
 ...
 [3.2872]
 [3.2872]
 [3.2872]]","[[3.9988]
 [3.9999]
 [3.9999]
 ...
 [0.    ]
 [0.    ]
 [0.    ]]","[[0.   ]
 [0.001]
 [0.002]
 ...
 [0.   ]
 [0.   ]
 [0.   ]]","[[0.   ]
 [0.004]
 [0.008]
 ...
 [0.   ]
 [0.   ]
 [0.   ]]","[[27.5]
 [27.5]
 [27.4]
 ...
 [27.4]
 [27.4]
 [27.4]]",['2C charge and 1C discharge']
"[[array(['2022-09-22,07:04:42'], dtype='<U19')]
 [array(['2022-09-22,07:04:43'], dtype='<U19')]
 [array(['2022-09-22,07:04:44'], dtype='<U19')]
 ...
 [array(['2022-09-22,09:02:40'], dtype='<U19')]
 [array(['2022-09-22,09:02:41'], dtype='<U19')]
 [array(['2022-09-22,09:02:41'], dtype='<U19')]]","[[0.   ]
 [0.017]
 [0.034]
 ...
 [4.99 ]
 [5.   ]
 [5.   ]]","[[3.4469]
 [3.4687]
 [3.4798]
 ...
 [3.2854]
 [3.2856]
 [3.2856]]","[[3.9988]
 [3.9999]
 [3.9999]
 ...
 [0.    ]
 [0.    ]
 [0.    ]]","[[0.   ]
 [0.001]
 [0.002]
 ...
 [0.   ]
 [0.   ]
 [0.   ]]","[[0.   ]
 [0.004]
 [0.008]
 ...
 [0.   ]
 [0.   ]
 [0.   ]]","[[27.4]
 [27.4]
 [27.4]
 ...
 [27.5]
 [27.5]
 [27.5]]",['2C charge and 1C discharge']
"[[array(['2022-09-22,09:02:42'], dtype='<U19')]
 [array(['2022-09-22,09:02:43'], dtype='<U19')]
 [array(['2022-09-22,09:02:44'], dtype='<U19')]
 ...
 [array(['2022-09-22,11:00:44'], dtype='<U19')]
 [array(['2022-09-22,11:00:45'], dtype='<U19')]
 [array(['2022-09-22,11:00:45'], dtype='<U19')]]","[[0.   ]
 [0.017]
 [0.034]
 ...
 [4.992]
 [5.001]
 [5.001]]","[[3.4444]
 [3.4664]
 [3.4775]
 ...
 [3.2779]
 [3.2779]
 [3.278 ]]","[[3.9991]
 [3.9999]
 [3.9999]
 ...
 [0.    ]
 [0.    ]
 [0.    ]]","[[0.   ]
 [0.001]
 [0.002]
 ...
 [0.   ]
 [0.   ]
 [0.   ]]","[[0.   ]
 [0.004]
 [0.008]
 ...
 [0.   ]
 [0.   ]
 [0.   ]]","[[27.5]
 [27.4]
 [27.4]
 ...
 [27.8]
 [27.8]
 [27.8]]",['2C charge and 1C discharge']
"[[array(['2022-09-22,11:00:46'], dtype='<U19')]
 [array(['2022-09-22,11:00:47'], dtype='<U19')]
 [array(['2022-09-22,11:00:48'], dtype='<U19')]
 ...
 [array(['2022-09-22,12:58:36'], dtype='<U19')]
 [array(['2022-09-22,12:58:37'], dtype='<U19')]
 [array(['2022-09-22,12:58:37'], dtype='<U19')]]","[[0.   ]
 [0.017]
 [0.034]
 ...
 [4.993]
 [5.001]
 [5.001]]","[[3.4355]
 [3.4581]
 [3.4692]
 ...
 [3.272 ]
 [3.2722]
 [3.2722]]","[[3.9988]
 [3.9999]
 [3.9999]
 ...
 [0.    ]
 [0.    ]
 [0.    ]]","[[0.   ]
 [0.001]
 [0.002]
 ...
 [0.   ]
 [0.   ]
 [0.   ]]","[[0.   ]
 [0.004]
 [0.008]
 ...
 [0.   ]
 [0.   ]
 [0.   ]]","[[27.8]
 [27.8]
 [27.8]
 ...
 [28. ]
 [28. ]
 [28. ]]",['2C charge and 1C discharge']
"[[array(['2022-09-22,12:58:38'], dtype='<U19')]
 [array(['2022-09-22,12:58:39'], dtype='<U19')]
 [array(['2022-09-22,12:58:40'], dtype='<U19')]
 ...
 [array(['2022-09-22,14:56:28'], dtype='<U19')]
 [array(['2022-09-22,14:56:29'], dtype='<U19')]
 [array(['2022-09-22,14:56:29'], dtype='<U19')]]","[[0.   ]
 [0.017]
 [0.034]
 ...
 [4.99 ]
 [5.001]
 [5.001]]","[[3.4293]
 [3.4523]
 [3.4635]
 ...
 [3.2729]
 [3.2731]
 [3.2731]]","[[3.9991]
 [3.9999]
 [3.9999]
 ...
 [0.    ]
 [0.    ]
 [0.    ]]","[[0.   ]
 [0.001]
 [0.002]
 ...
 [0.   ]
 [0.   ]
 [0.   ]]","[[0.   ]
 [0.004]
 [0.008]
 ...
 [0.   ]
 [0.   ]
 [0.   ]]","[[28.1]
 [28. ]
 [28. ]
 ...
 [27.9]
 [27.9]
 [27.9]]",['2C charge and 1C discharge']
"[[array(['2022-09-22,14:56:30'], dtype='<U19')]
 [array(['2022-09-22,14:56:31'], dtype='<U19')]
 [array(['2022-09-22,14:56:32'], dtype='<U19')]
 ...
 [array(['2022-09-22,16:54:18'], dtype='<U19')]
 [array(['2022-09-22,16:54:19'], dtype='<U19')]
 [array(['2022-09-22,16:54:19'], dtype='<U19')]]","[[0.   ]
 [0.017]
 [0.034]
 ...
 [4.993]
 [5.   ]
 [5.   ]]","[[3.4307]
 [3.4536]
 [3.4647]
 ...
 [3.2719]
 [3.272 ]
 [3.272 ]]","[[3.9988]
 [3.9998]
 [3.9999]
 ...
 [0.    ]
 [0.    ]
 [0.    ]]","[[0.   ]
 [0.001]
 [0.002]
 ...
 [0.   ]
 [0.   ]
 [0.   ]]","[[0.   ]
 [0.004]
 [0.008]
 ...
 [0.   ]
 [0.   ]
 [0.   ]]","[[27.9]
 [27.9]
 [27.9]
 ...
 [28. ]
 [28. ]
 [28. ]]",['2C charge and 1C discharge']
"[[array(['2022-09-22,16:54:20'], dtype='<U19')]
 [array(['2022-09-22,16:54:21'], dtype='<U19')]
 [array(['2022-09-22,16:54:22'], dtype='<U19')]
 ...
 [array(['2022-09-22,18:52:12'], dtype='<U19')]
 [array(['2022-09-22,18:52:12'], dtype='<U19')]
 [array(['2022-09-22,18:52:12'], dtype='<U19')]]","[[0.   ]
 [0.017]
 [0.034]
 ...
 [4.996]
 [5.   ]
 [5.   ]]","[[3.4306]
 [3.4527]
 [3.4641]
 ...
 [3.2716]
 [3.2716]
 [3.2716]]","[[3.9988]
 [3.9999]
 [3.9999]
 ...
 [0.    ]
 [0.    ]
 [0.    ]]","[[0.   ]
 [0.001]
 [0.002]
 ...
 [0.   ]
 [0.   ]
 [0.   ]]","[[0.   ]
 [0.004]
 [0.008]
 ...
 [0.   ]
 [0.   ]
 [0.   ]]","[[27.9]
 [27.9]
 [27.9]
 ...
 [27.8]
 [27.8]
 [27.8]]",['2C charge and 1C discharge']
"[[array(['2022-09-22,18:52:13'], dtype='<U19')]
 [array(['2022-09-22,18:52:14'], dtype='<U19')]
 [array(['2022-09-22,18:52:15'], dtype='<U19')]
 ...
 [array(['2022-09-22,20:50:06'], dtype='<U19')]
 [array(['2022-09-22,20:50:07'], dtype='<U19')]
 [array(['2022-09-22,20:50:07'], dtype='<U19')]]","[[0.   ]
 [0.017]
 [0.034]
 ...
 [4.996]
 [5.   ]
 [5.   ]]","[[3.43  ]
 [3.4527]
 [3.4641]
 ...
 [3.2726]
 [3.2726]
 [3.2726]]","[[3.9988]
 [3.9998]
 [3.9999]
 ...
 [0.    ]
 [0.    ]
 [0.    ]]","[[0.   ]
 [0.001]
 [0.002]
 ...
 [0.   ]
 [0.   ]
 [0.   ]]","[[0.   ]
 [0.004]
 [0.008]
 ...
 [0.   ]
 [0.   ]
 [0.   ]]","[[27.8]
 [27.8]
 [27.8]
 ...
 [27.8]
 [27.8]
 [27.8]]",['2C charge and 1C discharge']
"[[array(['2022-09-22,20:50:08'], dtype='<U19')]
 [array(['2022-09-22,20:50:09'], dtype='<U19')]
 [array(['2022-09-22,20:50:10'], dtype='<U19')]
 ...
 [array(['2022-09-22,22:47:59'], dtype='<U19')]
 [array(['2022-09-22,22:47:59'], dtype='<U19')]
 [array(['2022-09-22,22:47:59'], dtype='<U19')]]","[[0.   ]
 [0.017]
 [0.034]
 ...
 [4.997]
 [5.001]
 [5.001]]","[[3.4312]
 [3.454 ]
 [3.4653]
 ...
 [3.2729]
 [3.2731]
 [3.2731]]","[[3.9985]
 [3.9999]
 [3.9999]
 ...
 [0.    ]
 [0.    ]
 [0.    ]]","[[0.   ]
 [0.001]
 [0.002]
 ...
 [0.   ]
 [0.   ]
 [0.   ]]","[[0.   ]
 [0.004]
 [0.008]
 ...
 [0.   ]
 [0.   ]
 [0.   ]]","[[27.8]
 [27.7]
 [27.7]
 ...
 [27.6]
 [27.6]
 [27.6]]",['2C charge and 1C discharge']
"[[array(['2022-09-22,22:48:00'], dtype='<U19')]
 [array(['2022-09-22,22:48:01'], dtype='<U19')]
 [array(['2022-09-22,22:48:02'], dtype='<U19')]
 ...
 [array(['2022-09-23,00:45:59'], dtype='<U19')]
 [array(['2022-09-23,00:45:59'], dtype='<U19')]
 [array(['2022-09-23,00:45:59'], dtype='<U19')]]","[[0.   ]
 [0.017]
 [0.034]
 ...
 [4.997]
 [5.001]
 [5.001]]","[[3.4315]
 [3.4547]
 [3.4666]
 ...
 [3.2722]
 [3.2722]
 [3.2722]]","[[3.9985]
 [3.9999]
 [3.9999]
 ...
 [0.    ]
 [0.    ]
 [0.    ]]","[[0.   ]
 [0.001]
 [0.002]
 ...
 [0.   ]
 [0.   ]
 [0.   ]]","[[0.   ]
 [0.004]
 [0.008]
 ...
 [0.   ]
 [0.   ]
 [0.   ]]","[[27.7]
 [27.7]
 [27.6]
 ...
 [27.6]
 [27.6]
 [27.6]]",['2C charge and 1C discharge']
"[[array(['2022-09-23,00:46:00'], dtype='<U19')]
 [array(['2022-09-23,00:46:01'], dtype='<U19')]
 [array(['2022-09-23,00:46:02'], dtype='<U19')]
 ...
 [array(['2022-09-23,02:43:59'], dtype='<U19')]
 [array(['2022-09-23,02:43:59'], dtype='<U19')]
 [array(['2022-09-23,02:43:59'], dtype='<U19')]]","[[0.   ]
 [0.017]
 [0.034]
 ...
 [5.   ]
 [5.001]
 [5.001]]","[[3.4318]
 [3.4547]
 [3.4661]
 ...
 [3.272 ]
 [3.272 ]
 [3.272 ]]","[[3.9988]
 [3.9999]
 [3.9999]
 ...
 [0.    ]
 [0.    ]
 [0.    ]]","[[0.   ]
 [0.001]
 [0.002]
 ...
 [0.   ]
 [0.   ]
 [0.   ]]","[[0.   ]
 [0.004]
 [0.008]
 ...
 [0.   ]
 [0.   ]
 [0.   ]]","[[27.6]
 [27.6]
 [27.6]
 ...
 [27.6]
 [27.6]
 [27.6]]",['2C charge and 1C discharge']
"[[array(['2022-09-23,02:44:00'], dtype='<U19')]
 [array(['2022-09-23,02:44:01'], dtype='<U19')]
 [array(['2022-09-23,02:44:02'], dtype='<U19')]
 ...
 [array(['2022-09-23,04:41:59'], dtype='<U19')]
 [array(['2022-09-23,04:41:59'], dtype='<U19')]
 [array(['2022-09-23,04:41:59'], dtype='<U19')]]","[[0.   ]
 [0.017]
 [0.034]
 ...
 [4.997]
 [5.001]
 [5.001]]","[[3.431 ]
 [3.4544]
 [3.466 ]
 ...
 [3.2726]
 [3.2723]
 [3.2726]]","[[3.9985]
 [3.9999]
 [3.9999]
 ...
 [0.    ]
 [0.    ]
 [0.    ]]","[[0.   ]
 [0.001]
 [0.002]
 ...
 [0.   ]
 [0.   ]
 [0.   ]]","[[0.   ]
 [0.004]
 [0.008]
 ...
 [0.   ]
 [0.   ]
 [0.   ]]","[[27.6]
 [27.6]
 [27.6]
 ...
 [27.6]
 [27.6]
 [27.6]]",['2C charge and 1C discharge']
"[[array(['2022-09-23,04:42:00'], dtype='<U19')]
 [array(['2022-09-23,04:42:01'], dtype='<U19')]
 [array(['2022-09-23,04:42:03'], dtype='<U19')]
 ...
 [array(['2022-09-23,06:40:02'], dtype='<U19')]
 [array(['2022-09-23,06:40:02'], dtype='<U19')]
 [array(['2022-09-23,06:40:02'], dtype='<U19')]]","[[0.   ]
 [0.017]
 [0.034]
 ...
 [4.998]
 [5.001]
 [5.001]]","[[3.432 ]
 [3.4555]
 [3.4664]
 ...
 [3.2726]
 [3.2726]
 [3.2726]]","[[3.9988]
 [3.9999]
 [3.9999]
 ...
 [0.    ]
 [0.    ]
 [0.    ]]","[[0.   ]
 [0.001]
 [0.002]
 ...
 [0.   ]
 [0.   ]
 [0.   ]]","[[0.   ]
 [0.004]
 [0.008]
 ...
 [0.   ]
 [0.   ]
 [0.   ]]","[[27.6]
 [27.5]
 [27.6]
 ...
 [27.5]
 [27.5]
 [27.5]]",['2C charge and 1C discharge']
"[[array(['2022-09-23,06:40:03'], dtype='<U19')]
 [array(['2022-09-23,06:40:04'], dtype='<U19')]
 [array(['2022-09-23,06:40:05'], dtype='<U19')]
 ...
 [array(['2022-09-23,08:38:05'], dtype='<U19')]
 [array(['2022-09-23,08:38:06'], dtype='<U19')]
 [array(['2022-09-23,08:38:06'], dtype='<U19')]]","[[0.   ]
 [0.017]
 [0.034]
 ...
 [4.983]
 [5.001]
 [5.001]]","[[3.4329]
 [3.456 ]
 [3.467 ]
 ...
 [3.2717]
 [3.2719]
 [3.2717]]","[[3.9991]
 [3.9999]
 [3.9999]
 ...
 [0.    ]
 [0.    ]
 [0.    ]]","[[0.   ]
 [0.001]
 [0.002]
 ...
 [0.   ]
 [0.   ]
 [0.   ]]","[[0.   ]
 [0.004]
 [0.008]
 ...
 [0.   ]
 [0.   ]
 [0.   ]]","[[27.5]
 [27.5]
 [27.5]
 ...
 [27.5]
 [27.5]
 [27.5]]",['2C charge and 1C discharge']
"[[array(['2022-09-23,08:38:07'], dtype='<U19')]
 [array(['2022-09-23,08:38:08'], dtype='<U19')]
 [array(['2022-09-23,08:38:09'], dtype='<U19')]
 ...
 [array(['2022-09-23,10:36:03'], dtype='<U19')]
 [array(['2022-09-23,10:36:04'], dtype='<U19')]
 [array(['2022-09-23,10:36:04'], dtype='<U19')]]","[[0.   ]
 [0.017]
 [0.034]
 ...
 [4.983]
 [5.001]
 [5.001]]","[[3.428 ]
 [3.4553]
 [3.4669]
 ...
 [3.2688]
 [3.2691]
 [3.2691]]","[[3.9988]
 [3.9999]
 [3.9999]
 ...
 [0.    ]
 [0.    ]
 [0.    ]]","[[0.   ]
 [0.001]
 [0.002]
 ...
 [0.   ]
 [0.   ]
 [0.   ]]","[[0.   ]
 [0.004]
 [0.008]
 ...
 [0.   ]
 [0.   ]
 [0.   ]]","[[27.5]
 [27.5]
 [27.5]
 ...
 [27.6]
 [27.6]
 [27.6]]",['2C charge and 1C discharge']
"[[array(['2022-09-23,10:36:05'], dtype='<U19')]
 [array(['2022-09-23,10:36:06'], dtype='<U19')]
 [array(['2022-09-23,10:36:07'], dtype='<U19')]
 ...
 [array(['2022-09-23,12:33:59'], dtype='<U19')]
 [array(['2022-09-23,12:34:00'], dtype='<U19')]
 [array(['2022-09-23,12:34:00'], dtype='<U19')]]","[[0.   ]
 [0.017]
 [0.034]
 ...
 [4.985]
 [5.001]
 [5.001]]","[[3.4284]
 [3.4521]
 [3.4633]
 ...
 [3.2669]
 [3.2671]
 [3.2671]]","[[3.9988]
 [3.9999]
 [3.9999]
 ...
 [0.    ]
 [0.    ]
 [0.    ]]","[[0.   ]
 [0.001]
 [0.002]
 ...
 [0.   ]
 [0.   ]
 [0.   ]]","[[0.   ]
 [0.004]
 [0.008]
 ...
 [0.   ]
 [0.   ]
 [0.   ]]","[[27.6]
 [27.6]
 [27.6]
 ...
 [27.7]
 [27.7]
 [27.7]]",['2C charge and 1C discharge']
"[[array(['2022-09-23,12:34:01'], dtype='<U19')]
 [array(['2022-09-23,12:34:02'], dtype='<U19')]
 [array(['2022-09-23,12:34:03'], dtype='<U19')]
 ...
 [array(['2022-09-23,14:32:08'], dtype='<U19')]
 [array(['2022-09-23,14:32:08'], dtype='<U19')]
 [array(['2022-09-23,14:32:09'], dtype='<U19')]]","[[0.   ]
 [0.017]
 [0.034]
 ...
 [5.   ]
 [5.   ]
 [5.   ]]","[[3.4257]
 [3.4503]
 [3.4615]
 ...
 [3.2505]
 [3.2505]
 [3.2505]]","[[3.9985]
 [3.9999]
 [3.9999]
 ...
 [0.    ]
 [0.    ]
 [0.    ]]","[[0.   ]
 [0.001]
 [0.002]
 ...
 [0.   ]
 [0.   ]
 [0.   ]]","[[0.   ]
 [0.004]
 [0.008]
 ...
 [0.   ]
 [0.   ]
 [0.   ]]","[[27.7]
 [27.7]
 [27.6]
 ...
 [28.6]
 [28.6]
 [28.6]]",['2C charge and 1C discharge']
"[[array(['2022-09-23,14:32:10'], dtype='<U19')]
 [array(['2022-09-23,14:32:11'], dtype='<U19')]
 [array(['2022-09-23,14:32:12'], dtype='<U19')]
 ...
 [array(['2022-09-23,16:29:49'], dtype='<U19')]
 [array(['2022-09-23,16:29:49'], dtype='<U19')]
 [array(['2022-09-23,16:29:49'], dtype='<U19')]]","[[0.   ]
 [0.017]
 [0.034]
 ...
 [4.998]
 [5.   ]
 [5.   ]]","[[3.4069]
 [3.431 ]
 [3.443 ]
 ...
 [3.2557]
 [3.2557]
 [3.2557]]","[[3.9985]
 [3.9999]
 [3.9999]
 ...
 [0.    ]
 [0.    ]
 [0.    ]]","[[0.   ]
 [0.001]
 [0.002]
 ...
 [0.   ]
 [0.   ]
 [0.   ]]","[[0.   ]
 [0.004]
 [0.008]
 ...
 [0.   ]
 [0.   ]
 [0.   ]]","[[28.6]
 [28.6]
 [28.6]
 ...
 [28.2]
 [28.2]
 [28.2]]",['2C charge and 1C discharge']
"[[array(['2022-09-23,16:29:50'], dtype='<U19')]
 [array(['2022-09-23,16:29:51'], dtype='<U19')]
 [array(['2022-09-23,16:29:52'], dtype='<U19')]
 ...
 [array(['2022-09-23,18:27:37'], dtype='<U19')]
 [array(['2022-09-23,18:27:37'], dtype='<U19')]
 [array(['2022-09-23,18:27:37'], dtype='<U19')]]","[[0.   ]
 [0.017]
 [0.034]
 ...
 [4.999]
 [5.001]
 [5.001]]","[[3.4144]
 [3.4381]
 [3.4495]
 ...
 [3.262 ]
 [3.262 ]
 [3.262 ]]","[[3.9988]
 [3.9999]
 [3.9998]
 ...
 [0.    ]
 [0.    ]
 [0.    ]]","[[0.   ]
 [0.001]
 [0.002]
 ...
 [0.   ]
 [0.   ]
 [0.   ]]","[[0.   ]
 [0.004]
 [0.008]
 ...
 [0.   ]
 [0.   ]
 [0.   ]]","[[28.2]
 [28.2]
 [28.2]
 ...
 [27.8]
 [27.8]
 [27.8]]",['2C charge and 1C discharge']
"[[array(['2022-09-23,18:27:38'], dtype='<U19')]
 [array(['2022-09-23,18:27:39'], dtype='<U19')]
 [array(['2022-09-23,18:27:40'], dtype='<U19')]
 ...
 [array(['2022-09-23,20:25:30'], dtype='<U19')]
 [array(['2022-09-23,20:25:30'], dtype='<U19')]
 [array(['2022-09-23,20:25:30'], dtype='<U19')]]","[[0.   ]
 [0.017]
 [0.034]
 ...
 [4.999]
 [5.   ]
 [5.   ]]","[[3.4207]
 [3.4457]
 [3.4573]
 ...
 [3.2639]
 [3.2639]
 [3.2639]]","[[3.9988]
 [3.9998]
 [3.9999]
 ...
 [0.    ]
 [0.    ]
 [0.    ]]","[[0.   ]
 [0.001]
 [0.002]
 ...
 [0.   ]
 [0.   ]
 [0.   ]]","[[0.   ]
 [0.004]
 [0.008]
 ...
 [0.   ]
 [0.   ]
 [0.   ]]","[[27.8]
 [27.8]
 [27.8]
 ...
 [27.6]
 [27.6]
 [27.6]]",['2C charge and 1C discharge']
"[[array(['2022-09-23,20:25:31'], dtype='<U19')]
 [array(['2022-09-23,20:25:32'], dtype='<U19')]
 [array(['2022-09-23,20:25:33'], dtype='<U19')]
 ...
 [array(['2022-09-23,22:23:30'], dtype='<U19')]
 [array(['2022-09-23,22:23:30'], dtype='<U19')]
 [array(['2022-09-23,22:23:30'], dtype='<U19')]]","[[0.   ]
 [0.017]
 [0.034]
 ...
 [4.996]
 [5.001]
 [5.001]]","[[3.424 ]
 [3.4477]
 [3.4595]
 ...
 [3.2657]
 [3.2657]
 [3.2657]]","[[3.9985]
 [3.9999]
 [3.9999]
 ...
 [0.    ]
 [0.    ]
 [0.    ]]","[[0.   ]
 [0.001]
 [0.002]
 ...
 [0.   ]
 [0.   ]
 [0.   ]]","[[0.   ]
 [0.004]
 [0.008]
 ...
 [0.   ]
 [0.   ]
 [0.   ]]","[[27.6]
 [27.6]
 [27.6]
 ...
 [27.5]
 [27.5]
 [27.5]]",['2C charge and 1C discharge']
"[[array(['2022-09-23,22:23:31'], dtype='<U19')]
 [array(['2022-09-23,22:23:32'], dtype='<U19')]
 [array(['2022-09-23,22:23:33'], dtype='<U19')]
 ...
 [array(['2022-09-24,00:21:29'], dtype='<U19')]
 [array(['2022-09-24,00:21:29'], dtype='<U19')]
 [array(['2022-09-24,00:21:29'], dtype='<U19')]]","[[0.   ]
 [0.017]
 [0.034]
 ...
 [4.999]
 [5.001]
 [5.001]]","[[3.425 ]
 [3.4492]
 [3.4616]
 ...
 [3.2663]
 [3.2663]
 [3.2663]]","[[3.9988]
 [3.9998]
 [3.9999]
 ...
 [0.    ]
 [0.    ]
 [0.    ]]","[[0.   ]
 [0.001]
 [0.002]
 ...
 [0.   ]
 [0.   ]
 [0.   ]]","[[0.   ]
 [0.004]
 [0.008]
 ...
 [0.   ]
 [0.   ]
 [0.   ]]","[[27.5]
 [27.5]
 [27.5]
 ...
 [27.5]
 [27.5]
 [27.5]]",['2C charge and 1C discharge']
"[[array(['2022-09-24,00:21:30'], dtype='<U19')]
 [array(['2022-09-24,00:21:31'], dtype='<U19')]
 [array(['2022-09-24,00:21:32'], dtype='<U19')]
 ...
 [array(['2022-09-24,02:19:23'], dtype='<U19')]
 [array(['2022-09-24,02:19:23'], dtype='<U19')]
 [array(['2022-09-24,02:19:23'], dtype='<U19')]]","[[0.   ]
 [0.017]
 [0.034]
 ...
 [4.997]
 [5.001]
 [5.001]]","[[3.4266]
 [3.4507]
 [3.4624]
 ...
 [3.2671]
 [3.2671]
 [3.2671]]","[[3.9988]
 [3.9999]
 [3.9999]
 ...
 [0.    ]
 [0.    ]
 [0.    ]]","[[0.   ]
 [0.001]
 [0.002]
 ...
 [0.   ]
 [0.   ]
 [0.   ]]","[[0.   ]
 [0.004]
 [0.008]
 ...
 [0.   ]
 [0.   ]
 [0.   ]]","[[27.5]
 [27.5]
 [27.5]
 ...
 [27.4]
 [27.4]
 [27.4]]",['2C charge and 1C discharge']
"[[array(['2022-09-24,02:19:24'], dtype='<U19')]
 [array(['2022-09-24,02:19:25'], dtype='<U19')]
 [array(['2022-09-24,02:19:26'], dtype='<U19')]
 ...
 [array(['2022-09-24,04:17:30'], dtype='<U19')]
 [array(['2022-09-24,04:17:30'], dtype='<U19')]
 [array(['2022-09-24,04:17:30'], dtype='<U19')]]","[[0.   ]
 [0.017]
 [0.034]
 ...
 [4.999]
 [5.001]
 [5.001]]","[[3.4284]
 [3.4524]
 [3.4644]
 ...
 [3.2671]
 [3.2669]
 [3.2669]]","[[3.9988]
 [3.9999]
 [3.9999]
 ...
 [0.    ]
 [0.    ]
 [0.    ]]","[[0.   ]
 [0.001]
 [0.002]
 ...
 [0.   ]
 [0.   ]
 [0.   ]]","[[0.   ]
 [0.004]
 [0.008]
 ...
 [0.   ]
 [0.   ]
 [0.   ]]","[[27.4]
 [27.3]
 [27.3]
 ...
 [27.3]
 [27.4]
 [27.3]]",['2C charge and 1C discharge']
"[[array(['2022-09-24,04:17:31'], dtype='<U19')]
 [array(['2022-09-24,04:17:32'], dtype='<U19')]
 [array(['2022-09-24,04:17:33'], dtype='<U19')]
 ...
 [array(['2022-09-24,06:15:33'], dtype='<U19')]
 [array(['2022-09-24,06:15:33'], dtype='<U19')]
 [array(['2022-09-24,06:15:33'], dtype='<U19')]]","[[0.   ]
 [0.017]
 [0.035]
 ...
 [4.999]
 [5.001]
 [5.001]]","[[3.4275]
 [3.4523]
 [3.4646]
 ...
 [3.2676]
 [3.2674]
 [3.2674]]","[[3.9988]
 [3.9998]
 [3.9999]
 ...
 [0.    ]
 [0.    ]
 [0.    ]]","[[0.   ]
 [0.001]
 [0.002]
 ...
 [0.   ]
 [0.   ]
 [0.   ]]","[[0.   ]
 [0.004]
 [0.008]
 ...
 [0.   ]
 [0.   ]
 [0.   ]]","[[27.3]
 [27.3]
 [27.3]
 ...
 [27.3]
 [27.3]
 [27.3]]",['2C charge and 1C discharge']
"[[array(['2022-09-24,06:15:34'], dtype='<U19')]
 [array(['2022-09-24,06:15:35'], dtype='<U19')]
 [array(['2022-09-24,06:15:36'], dtype='<U19')]
 ...
 [array(['2022-09-24,08:13:33'], dtype='<U19')]
 [array(['2022-09-24,08:13:33'], dtype='<U19')]
 [array(['2022-09-24,08:13:33'], dtype='<U19')]]","[[0.   ]
 [0.017]
 [0.034]
 ...
 [4.999]
 [5.001]
 [5.001]]","[[3.4293]
 [3.4535]
 [3.4649]
 ...
 [3.2668]
 [3.2666]
 [3.2668]]","[[3.9991]
 [3.9999]
 [3.9999]
 ...
 [0.    ]
 [0.    ]
 [0.    ]]","[[0.   ]
 [0.001]
 [0.002]
 ...
 [0.   ]
 [0.   ]
 [0.   ]]","[[0.   ]
 [0.004]
 [0.008]
 ...
 [0.   ]
 [0.   ]
 [0.   ]]","[[27.2]
 [27.2]
 [27.2]
 ...
 [27.3]
 [27.3]
 [27.3]]",['2C charge and 1C discharge']
"[[array(['2022-09-24,08:13:34'], dtype='<U19')]
 [array(['2022-09-24,08:13:35'], dtype='<U19')]
 [array(['2022-09-24,08:13:36'], dtype='<U19')]
 ...
 [array(['2022-09-24,10:11:39'], dtype='<U19')]
 [array(['2022-09-24,10:11:40'], dtype='<U19')]
 [array(['2022-09-24,10:11:40'], dtype='<U19')]]","[[0.   ]
 [0.017]
 [0.034]
 ...
 [4.987]
 [5.   ]
 [5.   ]]","[[3.4272]
 [3.4523]
 [3.4644]
 ...
 [3.2674]
 [3.2676]
 [3.2676]]","[[3.9988]
 [3.9999]
 [3.9998]
 ...
 [0.    ]
 [0.    ]
 [0.    ]]","[[0.   ]
 [0.001]
 [0.002]
 ...
 [0.   ]
 [0.   ]
 [0.   ]]","[[0.   ]
 [0.004]
 [0.008]
 ...
 [0.   ]
 [0.   ]
 [0.   ]]","[[27.3]
 [27.2]
 [27.3]
 ...
 [27.2]
 [27.2]
 [27.2]]",['2C charge and 1C discharge']
"[[array(['2022-09-24,10:11:41'], dtype='<U19')]
 [array(['2022-09-24,10:11:42'], dtype='<U19')]
 [array(['2022-09-24,10:11:43'], dtype='<U19')]
 ...
 [array(['2022-09-24,12:09:42'], dtype='<U19')]
 [array(['2022-09-24,12:09:44'], dtype='<U19')]
 [array(['2022-09-24,12:09:44'], dtype='<U19')]]","[[0.   ]
 [0.017]
 [0.034]
 ...
 [4.983]
 [5.   ]
 [5.   ]]","[[3.4297]
 [3.4536]
 [3.4652]
 ...
 [3.2636]
 [3.2639]
 [3.2639]]","[[3.9985]
 [3.9999]
 [3.9999]
 ...
 [0.    ]
 [0.    ]
 [0.    ]]","[[0.   ]
 [0.001]
 [0.002]
 ...
 [0.   ]
 [0.   ]
 [0.   ]]","[[0.   ]
 [0.004]
 [0.008]
 ...
 [0.   ]
 [0.   ]
 [0.   ]]","[[27.2]
 [27.2]
 [27.2]
 ...
 [27.4]
 [27.4]
 [27.4]]",['2C charge and 1C discharge']
"[[array(['2022-09-24,12:09:45'], dtype='<U19')]
 [array(['2022-09-24,12:09:46'], dtype='<U19')]
 [array(['2022-09-24,12:09:47'], dtype='<U19')]
 ...
 [array(['2022-09-24,14:07:41'], dtype='<U19')]
 [array(['2022-09-24,14:07:41'], dtype='<U19')]
 [array(['2022-09-24,14:07:42'], dtype='<U19')]]","[[0.   ]
 [0.017]
 [0.034]
 ...
 [4.999]
 [5.   ]
 [5.   ]]","[[3.4243]
 [3.4493]
 [3.4615]
 ...
 [3.266 ]
 [3.266 ]
 [3.2662]]","[[3.9988]
 [3.9998]
 [3.9999]
 ...
 [0.    ]
 [0.    ]
 [0.    ]]","[[0.   ]
 [0.001]
 [0.002]
 ...
 [0.   ]
 [0.   ]
 [0.   ]]","[[0.   ]
 [0.004]
 [0.008]
 ...
 [0.   ]
 [0.   ]
 [0.   ]]","[[27.3]
 [27.3]
 [27.4]
 ...
 [27.2]
 [27.2]
 [27.2]]",['2C charge and 1C discharge']
"[[array(['2022-09-24,14:07:43'], dtype='<U19')]
 [array(['2022-09-24,14:07:44'], dtype='<U19')]
 [array(['2022-09-24,14:07:45'], dtype='<U19')]
 ...
 [array(['2022-09-24,16:05:40'], dtype='<U19')]
 [array(['2022-09-24,16:05:41'], dtype='<U19')]
 [array(['2022-09-24,16:05:41'], dtype='<U19')]]","[[0.   ]
 [0.017]
 [0.034]
 ...
 [4.985]
 [5.   ]
 [5.   ]]","[[3.4249]
 [3.4527]
 [3.4644]
 ...
 [3.2613]
 [3.2614]
 [3.2614]]","[[3.9985]
 [3.9999]
 [3.9999]
 ...
 [0.    ]
 [0.    ]
 [0.    ]]","[[0.   ]
 [0.001]
 [0.002]
 ...
 [0.   ]
 [0.   ]
 [0.   ]]","[[0.   ]
 [0.004]
 [0.008]
 ...
 [0.   ]
 [0.   ]
 [0.   ]]","[[27.2]
 [27.2]
 [27.2]
 ...
 [27.5]
 [27.5]
 [27.5]]",['2C charge and 1C discharge']
"[[array(['2022-09-24,16:05:42'], dtype='<U19')]
 [array(['2022-09-24,16:05:43'], dtype='<U19')]
 [array(['2022-09-24,16:05:44'], dtype='<U19')]
 ...
 [array(['2022-09-24,18:03:28'], dtype='<U19')]
 [array(['2022-09-24,18:03:29'], dtype='<U19')]
 [array(['2022-09-24,18:03:29'], dtype='<U19')]]","[[0.   ]
 [0.017]
 [0.034]
 ...
 [4.994]
 [5.   ]
 [5.   ]]","[[3.4226]
 [3.4473]
 [3.4595]
 ...
 [3.2603]
 [3.2605]
 [3.2603]]","[[3.9988]
 [3.9998]
 [3.9999]
 ...
 [0.    ]
 [0.    ]
 [0.    ]]","[[0.   ]
 [0.001]
 [0.002]
 ...
 [0.   ]
 [0.   ]
 [0.   ]]","[[0.   ]
 [0.004]
 [0.008]
 ...
 [0.   ]
 [0.   ]
 [0.   ]]","[[27.5]
 [27.5]
 [27.5]
 ...
 [27.5]
 [27.5]
 [27.5]]",['2C charge and 1C discharge']
"[[array(['2022-09-24,18:03:30'], dtype='<U19')]
 [array(['2022-09-24,18:03:31'], dtype='<U19')]
 [array(['2022-09-24,18:03:32'], dtype='<U19')]
 ...
 [array(['2022-09-24,20:01:24'], dtype='<U19')]
 [array(['2022-09-24,20:01:25'], dtype='<U19')]
 [array(['2022-09-24,20:01:25'], dtype='<U19')]]","[[0.   ]
 [0.017]
 [0.034]
 ...
 [4.983]
 [5.   ]
 [5.   ]]","[[3.4215]
 [3.4469]
 [3.4586]
 ...
 [3.2616]
 [3.2617]
 [3.2617]]","[[3.9985]
 [3.9999]
 [3.9999]
 ...
 [0.    ]
 [0.    ]
 [0.    ]]","[[0.   ]
 [0.001]
 [0.002]
 ...
 [0.   ]
 [0.   ]
 [0.   ]]","[[0.   ]
 [0.004]
 [0.008]
 ...
 [0.   ]
 [0.   ]
 [0.   ]]","[[27.5]
 [27.5]
 [27.5]
 ...
 [27.3]
 [27.3]
 [27.3]]",['2C charge and 1C discharge']
"[[array(['2022-09-24,20:01:26'], dtype='<U19')]
 [array(['2022-09-24,20:01:27'], dtype='<U19')]
 [array(['2022-09-24,20:01:28'], dtype='<U19')]
 ...
 [array(['2022-09-24,21:59:28'], dtype='<U19')]
 [array(['2022-09-24,21:59:28'], dtype='<U19')]
 [array(['2022-09-24,21:59:28'], dtype='<U19')]]","[[0.   ]
 [0.017]
 [0.034]
 ...
 [4.997]
 [5.001]
 [5.001]]","[[3.4229]
 [3.4483]
 [3.4606]
 ...
 [3.2614]
 [3.2614]
 [3.2614]]","[[3.9988]
 [3.9998]
 [3.9999]
 ...
 [0.    ]
 [0.    ]
 [0.    ]]","[[0.   ]
 [0.001]
 [0.002]
 ...
 [0.   ]
 [0.   ]
 [0.   ]]","[[0.   ]
 [0.004]
 [0.008]
 ...
 [0.   ]
 [0.   ]
 [0.   ]]","[[27.3]
 [27.3]
 [27.3]
 ...
 [27.3]
 [27.3]
 [27.3]]",['2C charge and 1C discharge']
"[[array(['2022-09-24,21:59:29'], dtype='<U19')]
 [array(['2022-09-24,21:59:30'], dtype='<U19')]
 [array(['2022-09-24,21:59:31'], dtype='<U19')]
 ...
 [array(['2022-09-24,23:57:29'], dtype='<U19')]
 [array(['2022-09-24,23:57:29'], dtype='<U19')]
 [array(['2022-09-24,23:57:29'], dtype='<U19')]]","[[0.   ]
 [0.017]
 [0.034]
 ...
 [4.996]
 [5.001]
 [5.001]]","[[3.4221]
 [3.4478]
 [3.4603]
 ...
 [3.2631]
 [3.2631]
 [3.2631]]","[[3.9991]
 [3.9999]
 [3.9999]
 ...
 [0.    ]
 [0.    ]
 [0.    ]]","[[0.   ]
 [0.001]
 [0.002]
 ...
 [0.   ]
 [0.   ]
 [0.   ]]","[[0.   ]
 [0.004]
 [0.008]
 ...
 [0.   ]
 [0.   ]
 [0.   ]]","[[27.3]
 [27.3]
 [27.3]
 ...
 [27.2]
 [27.2]
 [27.2]]",['2C charge and 1C discharge']
"[[array(['2022-09-24,23:57:30'], dtype='<U19')]
 [array(['2022-09-24,23:57:31'], dtype='<U19')]
 [array(['2022-09-24,23:57:33'], dtype='<U19')]
 ...
 [array(['2022-09-25,01:55:37'], dtype='<U19')]
 [array(['2022-09-25,01:55:38'], dtype='<U19')]
 [array(['2022-09-25,01:55:38'], dtype='<U19')]]","[[0.   ]
 [0.017]
 [0.034]
 ...
 [4.997]
 [5.001]
 [5.001]]","[[3.424 ]
 [3.4506]
 [3.4629]
 ...
 [3.2645]
 [3.2645]
 [3.2645]]","[[3.9988]
 [3.9999]
 [3.9998]
 ...
 [0.    ]
 [0.    ]
 [0.    ]]","[[0.   ]
 [0.001]
 [0.002]
 ...
 [0.   ]
 [0.   ]
 [0.   ]]","[[0.   ]
 [0.004]
 [0.008]
 ...
 [0.   ]
 [0.   ]
 [0.   ]]","[[27.2]
 [27.1]
 [27.2]
 ...
 [27.1]
 [27.1]
 [27.1]]",['2C charge and 1C discharge']
"[[array(['2022-09-25,01:55:39'], dtype='<U19')]
 [array(['2022-09-25,01:55:40'], dtype='<U19')]
 [array(['2022-09-25,01:55:41'], dtype='<U19')]
 ...
 [array(['2022-09-25,03:53:39'], dtype='<U19')]
 [array(['2022-09-25,03:53:39'], dtype='<U19')]
 [array(['2022-09-25,03:53:39'], dtype='<U19')]]","[[0.   ]
 [0.017]
 [0.034]
 ...
 [4.999]
 [5.   ]
 [5.   ]]","[[3.4267]
 [3.4523]
 [3.4646]
 ...
 [3.2657]
 [3.2657]
 [3.2657]]","[[3.9991]
 [3.9999]
 [3.9998]
 ...
 [0.    ]
 [0.    ]
 [0.    ]]","[[0.   ]
 [0.001]
 [0.002]
 ...
 [0.   ]
 [0.   ]
 [0.   ]]","[[0.   ]
 [0.004]
 [0.008]
 ...
 [0.   ]
 [0.   ]
 [0.   ]]","[[27.1]
 [27.1]
 [27.1]
 ...
 [27. ]
 [27. ]
 [27. ]]",['2C charge and 1C discharge']
"[[array(['2022-09-25,03:53:40'], dtype='<U19')]
 [array(['2022-09-25,03:53:41'], dtype='<U19')]
 [array(['2022-09-25,03:53:42'], dtype='<U19')]
 ...
 [array(['2022-09-25,05:51:36'], dtype='<U19')]
 [array(['2022-09-25,05:51:36'], dtype='<U19')]
 [array(['2022-09-25,05:51:36'], dtype='<U19')]]","[[0.   ]
 [0.017]
 [0.034]
 ...
 [4.997]
 [5.001]
 [5.001]]","[[3.4278]
 [3.4536]
 [3.4661]
 ...
 [3.2663]
 [3.2663]
 [3.2663]]","[[3.9985]
 [3.9999]
 [3.9999]
 ...
 [0.    ]
 [0.    ]
 [0.    ]]","[[0.   ]
 [0.001]
 [0.002]
 ...
 [0.   ]
 [0.   ]
 [0.   ]]","[[0.   ]
 [0.004]
 [0.008]
 ...
 [0.   ]
 [0.   ]
 [0.   ]]","[[27. ]
 [27. ]
 [27. ]
 ...
 [26.9]
 [26.9]
 [26.9]]",['2C charge and 1C discharge']
"[[array(['2022-09-25,05:51:37'], dtype='<U19')]
 [array(['2022-09-25,05:51:38'], dtype='<U19')]
 [array(['2022-09-25,05:51:39'], dtype='<U19')]
 ...
 [array(['2022-09-25,07:49:39'], dtype='<U19')]
 [array(['2022-09-25,07:49:39'], dtype='<U19')]
 [array(['2022-09-25,07:49:39'], dtype='<U19')]]","[[0.   ]
 [0.017]
 [0.034]
 ...
 [4.998]
 [5.   ]
 [5.   ]]","[[3.4292]
 [3.4547]
 [3.467 ]
 ...
 [3.2677]
 [3.2677]
 [3.2677]]","[[3.9988]
 [3.9999]
 [3.9999]
 ...
 [0.    ]
 [0.    ]
 [0.    ]]","[[0.   ]
 [0.001]
 [0.002]
 ...
 [0.   ]
 [0.   ]
 [0.   ]]","[[0.   ]
 [0.004]
 [0.008]
 ...
 [0.   ]
 [0.   ]
 [0.   ]]","[[26.9]
 [26.9]
 [26.9]
 ...
 [26.8]
 [26.8]
 [26.8]]",['2C charge and 1C discharge']
"[[array(['2022-09-25,07:49:40'], dtype='<U19')]
 [array(['2022-09-25,07:49:41'], dtype='<U19')]
 [array(['2022-09-25,07:49:42'], dtype='<U19')]
 ...
 [array(['2022-09-25,09:47:49'], dtype='<U19')]
 [array(['2022-09-25,09:47:50'], dtype='<U19')]
 [array(['2022-09-25,09:47:50'], dtype='<U19')]]","[[0.   ]
 [0.017]
 [0.034]
 ...
 [4.995]
 [5.001]
 [5.001]]","[[3.4307]
 [3.4566]
 [3.469 ]
 ...
 [3.2609]
 [3.2609]
 [3.2609]]","[[3.9988]
 [3.9999]
 [3.9999]
 ...
 [0.    ]
 [0.    ]
 [0.    ]]","[[0.   ]
 [0.001]
 [0.002]
 ...
 [0.   ]
 [0.   ]
 [0.   ]]","[[0.   ]
 [0.004]
 [0.008]
 ...
 [0.   ]
 [0.   ]
 [0.   ]]","[[26.8]
 [26.8]
 [26.8]
 ...
 [27.2]
 [27.2]
 [27.2]]",['2C charge and 1C discharge']
"[[array(['2022-09-25,09:47:51'], dtype='<U19')]
 [array(['2022-09-25,09:47:52'], dtype='<U19')]
 [array(['2022-09-25,09:47:53'], dtype='<U19')]
 ...
 [array(['2022-09-25,11:45:52'], dtype='<U19')]
 [array(['2022-09-25,11:45:53'], dtype='<U19')]
 [array(['2022-09-25,11:45:53'], dtype='<U19')]]","[[0.   ]
 [0.017]
 [0.034]
 ...
 [4.983]
 [5.   ]
 [5.   ]]","[[3.4237]
 [3.449 ]
 [3.4616]
 ...
 [3.256 ]
 [3.2563]
 [3.2563]]","[[3.9988]
 [3.9999]
 [3.9998]
 ...
 [0.    ]
 [0.    ]
 [0.    ]]","[[0.   ]
 [0.001]
 [0.002]
 ...
 [0.   ]
 [0.   ]
 [0.   ]]","[[0.   ]
 [0.004]
 [0.008]
 ...
 [0.   ]
 [0.   ]
 [0.   ]]","[[27.2]
 [27.2]
 [27.2]
 ...
 [27.5]
 [27.5]
 [27.5]]",['2C charge and 1C discharge']
"[[array(['2022-09-25,11:45:54'], dtype='<U19')]
 [array(['2022-09-25,11:45:55'], dtype='<U19')]
 [array(['2022-09-25,11:45:56'], dtype='<U19')]
 ...
 [array(['2022-09-25,13:43:49'], dtype='<U19')]
 [array(['2022-09-25,13:43:49'], dtype='<U19')]
 [array(['2022-09-25,13:43:50'], dtype='<U19')]]","[[0.   ]
 [0.017]
 [0.034]
 ...
 [4.998]
 [5.   ]
 [5.   ]]","[[3.4167]
 [3.4438]
 [3.4564]
 ...
 [3.2537]
 [3.2536]
 [3.2536]]","[[3.9985]
 [3.9999]
 [3.9999]
 ...
 [0.    ]
 [0.    ]
 [0.    ]]","[[0.   ]
 [0.001]
 [0.002]
 ...
 [0.   ]
 [0.   ]
 [0.   ]]","[[0.   ]
 [0.004]
 [0.008]
 ...
 [0.   ]
 [0.   ]
 [0.   ]]","[[27.5]
 [27.5]
 [27.4]
 ...
 [27.5]
 [27.5]
 [27.5]]",['2C charge and 1C discharge']
"[[array(['2022-09-25,13:43:51'], dtype='<U19')]
 [array(['2022-09-25,13:43:52'], dtype='<U19')]
 [array(['2022-09-25,13:43:53'], dtype='<U19')]
 ...
 [array(['2022-09-25,15:41:44'], dtype='<U19')]
 [array(['2022-09-25,15:41:44'], dtype='<U19')]
 [array(['2022-09-25,15:41:44'], dtype='<U19')]]","[[0.   ]
 [0.017]
 [0.034]
 ...
 [4.999]
 [5.   ]
 [5.   ]]","[[3.4141]
 [3.4407]
 [3.4536]
 ...
 [3.2543]
 [3.2545]
 [3.2543]]","[[3.9988]
 [3.9999]
 [3.9999]
 ...
 [0.    ]
 [0.    ]
 [0.    ]]","[[0.   ]
 [0.001]
 [0.002]
 ...
 [0.   ]
 [0.   ]
 [0.   ]]","[[0.   ]
 [0.004]
 [0.008]
 ...
 [0.   ]
 [0.   ]
 [0.   ]]","[[27.5]
 [27.5]
 [27.5]
 ...
 [27.5]
 [27.5]
 [27.5]]",['2C charge and 1C discharge']
"[[array(['2022-09-25,15:41:45'], dtype='<U19')]
 [array(['2022-09-25,15:41:46'], dtype='<U19')]
 [array(['2022-09-25,15:41:47'], dtype='<U19')]
 ...
 [array(['2022-09-25,17:39:34'], dtype='<U19')]
 [array(['2022-09-25,17:39:35'], dtype='<U19')]
 [array(['2022-09-25,17:39:35'], dtype='<U19')]]","[[0.   ]
 [0.017]
 [0.034]
 ...
 [4.998]
 [5.   ]
 [5.   ]]","[[3.4155]
 [3.4418]
 [3.4547]
 ...
 [3.2516]
 [3.2517]
 [3.2517]]","[[3.9988]
 [3.9999]
 [3.9998]
 ...
 [0.    ]
 [0.    ]
 [0.    ]]","[[0.   ]
 [0.001]
 [0.002]
 ...
 [0.   ]
 [0.   ]
 [0.   ]]","[[0.   ]
 [0.004]
 [0.008]
 ...
 [0.   ]
 [0.   ]
 [0.   ]]","[[27.4]
 [27.4]
 [27.4]
 ...
 [27.5]
 [27.5]
 [27.5]]",['2C charge and 1C discharge']
"[[array(['2022-09-25,17:39:36'], dtype='<U19')]
 [array(['2022-09-25,17:39:37'], dtype='<U19')]
 [array(['2022-09-25,17:39:38'], dtype='<U19')]
 ...
 [array(['2022-09-25,19:37:21'], dtype='<U19')]
 [array(['2022-09-25,19:37:21'], dtype='<U19')]
 [array(['2022-09-25,19:37:21'], dtype='<U19')]]","[[0.   ]
 [0.017]
 [0.034]
 ...
 [5.   ]
 [5.   ]
 [5.   ]]","[[3.4134]
 [3.439 ]
 [3.452 ]
 ...
 [3.253 ]
 [3.253 ]
 [3.253 ]]","[[3.9985]
 [3.9999]
 [3.9999]
 ...
 [0.    ]
 [0.    ]
 [0.    ]]","[[0.   ]
 [0.001]
 [0.002]
 ...
 [0.   ]
 [0.   ]
 [0.   ]]","[[0.   ]
 [0.004]
 [0.008]
 ...
 [0.   ]
 [0.   ]
 [0.   ]]","[[27.5]
 [27.5]
 [27.5]
 ...
 [27.5]
 [27.5]
 [27.5]]",['2C charge and 1C discharge']
"[[array(['2022-09-25,19:37:22'], dtype='<U19')]
 [array(['2022-09-25,19:37:23'], dtype='<U19')]
 [array(['2022-09-25,19:37:24'], dtype='<U19')]
 ...
 [array(['2022-09-25,21:35:11'], dtype='<U19')]
 [array(['2022-09-25,21:35:11'], dtype='<U19')]
 [array(['2022-09-25,21:35:11'], dtype='<U19')]]","[[0.   ]
 [0.017]
 [0.034]
 ...
 [4.997]
 [5.001]
 [5.001]]","[[3.4144]
 [3.4406]
 [3.4536]
 ...
 [3.2548]
 [3.2548]
 [3.2548]]","[[3.9988]
 [3.9998]
 [3.9999]
 ...
 [0.    ]
 [0.    ]
 [0.    ]]","[[0.   ]
 [0.001]
 [0.002]
 ...
 [0.   ]
 [0.   ]
 [0.   ]]","[[0.   ]
 [0.004]
 [0.008]
 ...
 [0.   ]
 [0.   ]
 [0.   ]]","[[27.5]
 [27.5]
 [27.5]
 ...
 [27.4]
 [27.4]
 [27.4]]",['2C charge and 1C discharge']
"[[array(['2022-09-25,21:35:12'], dtype='<U19')]
 [array(['2022-09-25,21:35:13'], dtype='<U19')]
 [array(['2022-09-25,21:35:14'], dtype='<U19')]
 ...
 [array(['2022-09-25,23:33:02'], dtype='<U19')]
 [array(['2022-09-25,23:33:02'], dtype='<U19')]
 [array(['2022-09-25,23:33:02'], dtype='<U19')]]","[[0.   ]
 [0.017]
 [0.034]
 ...
 [5.   ]
 [5.   ]
 [5.   ]]","[[3.4172]
 [3.4427]
 [3.4558]
 ...
 [3.2556]
 [3.2556]
 [3.2556]]","[[3.9988]
 [3.9998]
 [3.9999]
 ...
 [0.    ]
 [0.    ]
 [0.    ]]","[[0.   ]
 [0.001]
 [0.002]
 ...
 [0.   ]
 [0.   ]
 [0.   ]]","[[0.   ]
 [0.004]
 [0.008]
 ...
 [0.   ]
 [0.   ]
 [0.   ]]","[[27.3]
 [27.3]
 [27.3]
 ...
 [27.3]
 [27.3]
 [27.3]]",['2C charge and 1C discharge']
"[[array(['2022-09-25,23:33:03'], dtype='<U19')]
 [array(['2022-09-25,23:33:05'], dtype='<U19')]
 [array(['2022-09-25,23:33:06'], dtype='<U19')]
 ...
 [array(['2022-09-26,01:30:55'], dtype='<U19')]
 [array(['2022-09-26,01:30:56'], dtype='<U19')]
 [array(['2022-09-26,01:30:56'], dtype='<U19')]]","[[0.   ]
 [0.017]
 [0.034]
 ...
 [4.983]
 [5.001]
 [5.001]]","[[3.4186]
 [3.4444]
 [3.4573]
 ...
 [3.2556]
 [3.2557]
 [3.2557]]","[[3.9988]
 [3.9999]
 [3.9998]
 ...
 [0.    ]
 [0.    ]
 [0.    ]]","[[0.   ]
 [0.001]
 [0.002]
 ...
 [0.   ]
 [0.   ]
 [0.   ]]","[[0.   ]
 [0.004]
 [0.008]
 ...
 [0.   ]
 [0.   ]
 [0.   ]]","[[27.3]
 [27.3]
 [27.3]
 ...
 [27.2]
 [27.3]
 [27.3]]",['2C charge and 1C discharge']
"[[array(['2022-09-26,01:30:57'], dtype='<U19')]
 [array(['2022-09-26,01:30:58'], dtype='<U19')]
 [array(['2022-09-26,01:30:59'], dtype='<U19')]
 ...
 [array(['2022-09-26,03:28:50'], dtype='<U19')]
 [array(['2022-09-26,03:28:50'], dtype='<U19')]
 [array(['2022-09-26,03:28:50'], dtype='<U19')]]","[[0.   ]
 [0.017]
 [0.034]
 ...
 [4.997]
 [5.001]
 [5.001]]","[[3.4183]
 [3.444 ]
 [3.457 ]
 ...
 [3.256 ]
 [3.2559]
 [3.256 ]]","[[3.9991]
 [3.9998]
 [3.9999]
 ...
 [0.    ]
 [0.    ]
 [0.    ]]","[[0.   ]
 [0.001]
 [0.002]
 ...
 [0.   ]
 [0.   ]
 [0.   ]]","[[0.   ]
 [0.004]
 [0.008]
 ...
 [0.   ]
 [0.   ]
 [0.   ]]","[[27.2]
 [27.2]
 [27.2]
 ...
 [27.2]
 [27.2]
 [27.2]]",['2C charge and 1C discharge']
"[[array(['2022-09-26,03:28:51'], dtype='<U19')]
 [array(['2022-09-26,03:28:52'], dtype='<U19')]
 [array(['2022-09-26,03:28:53'], dtype='<U19')]
 ...
 [array(['2022-09-26,05:26:47'], dtype='<U19')]
 [array(['2022-09-26,05:26:47'], dtype='<U19')]
 [array(['2022-09-26,05:26:47'], dtype='<U19')]]","[[0.   ]
 [0.017]
 [0.034]
 ...
 [4.997]
 [5.   ]
 [5.   ]]","[[3.4184]
 [3.445 ]
 [3.458 ]
 ...
 [3.2562]
 [3.2562]
 [3.2562]]","[[3.9985]
 [3.9999]
 [3.9999]
 ...
 [0.    ]
 [0.    ]
 [0.    ]]","[[0.   ]
 [0.001]
 [0.002]
 ...
 [0.   ]
 [0.   ]
 [0.   ]]","[[0.   ]
 [0.004]
 [0.008]
 ...
 [0.   ]
 [0.   ]
 [0.   ]]","[[27.2]
 [27.2]
 [27.2]
 ...
 [27.2]
 [27.2]
 [27.2]]",['2C charge and 1C discharge']
"[[array(['2022-09-26,05:26:48'], dtype='<U19')]
 [array(['2022-09-26,05:26:49'], dtype='<U19')]
 [array(['2022-09-26,05:26:50'], dtype='<U19')]
 ...
 [array(['2022-09-26,07:24:44'], dtype='<U19')]
 [array(['2022-09-26,07:24:44'], dtype='<U19')]
 [array(['2022-09-26,07:24:44'], dtype='<U19')]]","[[0.   ]
 [0.017]
 [0.034]
 ...
 [4.999]
 [5.   ]
 [5.   ]]","[[3.4186]
 [3.4453]
 [3.4583]
 ...
 [3.2571]
 [3.2571]
 [3.2571]]","[[3.9985]
 [3.9999]
 [3.9999]
 ...
 [0.    ]
 [0.    ]
 [0.    ]]","[[0.   ]
 [0.001]
 [0.002]
 ...
 [0.   ]
 [0.   ]
 [0.   ]]","[[0.   ]
 [0.004]
 [0.008]
 ...
 [0.   ]
 [0.   ]
 [0.   ]]","[[27.2]
 [27.2]
 [27.2]
 ...
 [27.1]
 [27.1]
 [27.1]]",['2C charge and 1C discharge']
"[[array(['2022-09-26,07:24:45'], dtype='<U19')]
 [array(['2022-09-26,07:24:46'], dtype='<U19')]
 [array(['2022-09-26,07:24:47'], dtype='<U19')]
 ...
 [array(['2022-09-26,09:22:44'], dtype='<U19')]
 [array(['2022-09-26,09:22:45'], dtype='<U19')]
 [array(['2022-09-26,09:22:45'], dtype='<U19')]]","[[0.   ]
 [0.017]
 [0.034]
 ...
 [4.997]
 [5.   ]
 [5.   ]]","[[3.4195]
 [3.4472]
 [3.4601]
 ...
 [3.2536]
 [3.2536]
 [3.2536]]","[[3.9988]
 [3.9999]
 [3.9999]
 ...
 [0.    ]
 [0.    ]
 [0.    ]]","[[0.   ]
 [0.001]
 [0.002]
 ...
 [0.   ]
 [0.   ]
 [0.   ]]","[[0.   ]
 [0.004]
 [0.008]
 ...
 [0.   ]
 [0.   ]
 [0.   ]]","[[27.1]
 [27.1]
 [27.1]
 ...
 [27.4]
 [27.4]
 [27.4]]",['2C charge and 1C discharge']
"[[array(['2022-09-26,09:22:46'], dtype='<U19')]
 [array(['2022-09-26,09:22:47'], dtype='<U19')]
 [array(['2022-09-26,09:22:48'], dtype='<U19')]
 ...
 [array(['2022-09-26,11:20:39'], dtype='<U19')]
 [array(['2022-09-26,11:20:39'], dtype='<U19')]
 [array(['2022-09-26,11:20:39'], dtype='<U19')]]","[[0.   ]
 [0.017]
 [0.034]
 ...
 [4.999]
 [5.   ]
 [5.   ]]","[[3.4158]
 [3.4424]
 [3.4555]
 ...
 [3.2474]
 [3.2474]
 [3.2473]]","[[3.9991]
 [3.9998]
 [3.9999]
 ...
 [0.    ]
 [0.    ]
 [0.    ]]","[[0.   ]
 [0.001]
 [0.002]
 ...
 [0.   ]
 [0.   ]
 [0.   ]]","[[0.   ]
 [0.004]
 [0.008]
 ...
 [0.   ]
 [0.   ]
 [0.   ]]","[[27.3]
 [27.3]
 [27.3]
 ...
 [27.7]
 [27.7]
 [27.7]]",['2C charge and 1C discharge']
"[[array(['2022-09-26,11:20:40'], dtype='<U19')]
 [array(['2022-09-26,11:20:41'], dtype='<U19')]
 [array(['2022-09-26,11:20:42'], dtype='<U19')]
 ...
 [array(['2022-09-26,13:18:23'], dtype='<U19')]
 [array(['2022-09-26,13:18:24'], dtype='<U19')]
 [array(['2022-09-26,13:18:24'], dtype='<U19')]]","[[0.   ]
 [0.017]
 [0.034]
 ...
 [4.997]
 [5.001]
 [5.001]]","[[3.4081]
 [3.435 ]
 [3.4484]
 ...
 [3.2445]
 [3.2446]
 [3.2446]]","[[3.9988]
 [3.9999]
 [3.9999]
 ...
 [0.    ]
 [0.    ]
 [0.    ]]","[[0.   ]
 [0.001]
 [0.002]
 ...
 [0.   ]
 [0.   ]
 [0.   ]]","[[0.   ]
 [0.004]
 [0.008]
 ...
 [0.   ]
 [0.   ]
 [0.   ]]","[[27.7]
 [27.6]
 [27.7]
 ...
 [27.8]
 [27.8]
 [27.8]]",['2C charge and 1C discharge']
"[[array(['2022-09-26,13:18:25'], dtype='<U19')]
 [array(['2022-09-26,13:18:26'], dtype='<U19')]
 [array(['2022-09-26,13:18:27'], dtype='<U19')]
 ...
 [array(['2022-09-26,15:16:06'], dtype='<U19')]
 [array(['2022-09-26,15:16:06'], dtype='<U19')]
 [array(['2022-09-26,15:16:06'], dtype='<U19')]]","[[0.   ]
 [0.017]
 [0.034]
 ...
 [4.998]
 [5.001]
 [5.001]]","[[3.406 ]
 [3.4324]
 [3.4457]
 ...
 [3.2466]
 [3.2466]
 [3.2466]]","[[3.9988]
 [3.9999]
 [3.9999]
 ...
 [0.    ]
 [0.    ]
 [0.    ]]","[[0.   ]
 [0.001]
 [0.002]
 ...
 [0.   ]
 [0.   ]
 [0.   ]]","[[0.   ]
 [0.004]
 [0.008]
 ...
 [0.   ]
 [0.   ]
 [0.   ]]","[[27.8]
 [27.8]
 [27.8]
 ...
 [27.7]
 [27.7]
 [27.8]]",['2C charge and 1C discharge']
"[[array(['2022-09-26,15:16:07'], dtype='<U19')]
 [array(['2022-09-26,15:16:08'], dtype='<U19')]
 [array(['2022-09-26,15:16:09'], dtype='<U19')]
 ...
 [array(['2022-09-26,17:13:51'], dtype='<U19')]
 [array(['2022-09-26,17:13:51'], dtype='<U19')]
 [array(['2022-09-26,17:13:51'], dtype='<U19')]]","[[0.   ]
 [0.017]
 [0.034]
 ...
 [4.999]
 [5.   ]
 [5.   ]]","[[3.408 ]
 [3.4347]
 [3.448 ]
 ...
 [3.2439]
 [3.244 ]
 [3.2439]]","[[3.9988]
 [3.9998]
 [3.9999]
 ...
 [0.    ]
 [0.    ]
 [0.    ]]","[[0.   ]
 [0.001]
 [0.002]
 ...
 [0.   ]
 [0.   ]
 [0.   ]]","[[0.   ]
 [0.004]
 [0.008]
 ...
 [0.   ]
 [0.   ]
 [0.   ]]","[[27.7]
 [27.7]
 [27.7]
 ...
 [27.9]
 [27.9]
 [27.9]]",['2C charge and 1C discharge']
"[[array(['2022-09-26,17:13:52'], dtype='<U19')]
 [array(['2022-09-26,17:13:53'], dtype='<U19')]
 [array(['2022-09-26,17:13:54'], dtype='<U19')]
 ...
 [array(['2022-09-26,19:11:27'], dtype='<U19')]
 [array(['2022-09-26,19:11:27'], dtype='<U19')]
 [array(['2022-09-26,19:11:27'], dtype='<U19')]]","[[0.   ]
 [0.017]
 [0.034]
 ...
 [5.   ]
 [5.   ]
 [5.   ]]","[[3.4055]
 [3.432 ]
 [3.4449]
 ...
 [3.244 ]
 [3.244 ]
 [3.244 ]]","[[3.9988]
 [3.9999]
 [3.9999]
 ...
 [0.    ]
 [0.    ]
 [0.    ]]","[[0.   ]
 [0.001]
 [0.002]
 ...
 [0.   ]
 [0.   ]
 [0.   ]]","[[0.   ]
 [0.004]
 [0.008]
 ...
 [0.   ]
 [0.   ]
 [0.   ]]","[[27.8]
 [27.9]
 [27.9]
 ...
 [27.9]
 [27.9]
 [27.9]]",['2C charge and 1C discharge']
"[[array(['2022-09-26,19:11:28'], dtype='<U19')]
 [array(['2022-09-26,19:11:29'], dtype='<U19')]
 [array(['2022-09-26,19:11:30'], dtype='<U19')]
 ...
 [array(['2022-09-26,21:09:01'], dtype='<U19')]
 [array(['2022-09-26,21:09:01'], dtype='<U19')]
 [array(['2022-09-26,21:09:01'], dtype='<U19')]]","[[0.   ]
 [0.017]
 [0.034]
 ...
 [4.998]
 [5.   ]
 [5.   ]]","[[3.4051]
 [3.4312]
 [3.4449]
 ...
 [3.2437]
 [3.2437]
 [3.2439]]","[[3.9985]
 [3.9999]
 [3.9999]
 ...
 [0.    ]
 [0.    ]
 [0.    ]]","[[0.   ]
 [0.001]
 [0.002]
 ...
 [0.   ]
 [0.   ]
 [0.   ]]","[[0.   ]
 [0.004]
 [0.008]
 ...
 [0.   ]
 [0.   ]
 [0.   ]]","[[27.9]
 [27.9]
 [27.9]
 ...
 [27.9]
 [27.9]
 [27.9]]",['2C charge and 1C discharge']
"[[array(['2022-09-26,21:09:02'], dtype='<U19')]
 [array(['2022-09-26,21:09:03'], dtype='<U19')]
 [array(['2022-09-26,21:09:04'], dtype='<U19')]
 ...
 [array(['2022-09-26,23:06:31'], dtype='<U19')]
 [array(['2022-09-26,23:06:31'], dtype='<U19')]
 [array(['2022-09-26,23:06:31'], dtype='<U19')]]","[[0.   ]
 [0.017]
 [0.034]
 ...
 [4.999]
 [5.   ]
 [5.   ]]","[[3.4047]
 [3.4315]
 [3.445 ]
 ...
 [3.2446]
 [3.2446]
 [3.2446]]","[[3.9985]
 [3.9999]
 [3.9999]
 ...
 [0.    ]
 [0.    ]
 [0.    ]]","[[0.   ]
 [0.001]
 [0.002]
 ...
 [0.   ]
 [0.   ]
 [0.   ]]","[[0.   ]
 [0.004]
 [0.008]
 ...
 [0.   ]
 [0.   ]
 [0.   ]]","[[27.9]
 [27.9]
 [27.9]
 ...
 [27.8]
 [27.8]
 [27.8]]",['2C charge and 1C discharge']
"[[array(['2022-09-26,23:06:32'], dtype='<U19')]
 [array(['2022-09-26,23:06:33'], dtype='<U19')]
 [array(['2022-09-26,23:06:34'], dtype='<U19')]
 ...
 [array(['2022-09-27,01:04:05'], dtype='<U19')]
 [array(['2022-09-27,01:04:05'], dtype='<U19')]
 [array(['2022-09-27,01:04:05'], dtype='<U19')]]","[[0.   ]
 [0.017]
 [0.035]
 ...
 [4.999]
 [5.   ]
 [5.   ]]","[[3.4063]
 [3.433 ]
 [3.4463]
 ...
 [3.2454]
 [3.2454]
 [3.2453]]","[[3.9988]
 [3.9999]
 [3.9999]
 ...
 [0.    ]
 [0.    ]
 [0.    ]]","[[0.   ]
 [0.001]
 [0.002]
 ...
 [0.   ]
 [0.   ]
 [0.   ]]","[[0.   ]
 [0.004]
 [0.008]
 ...
 [0.   ]
 [0.   ]
 [0.   ]]","[[27.8]
 [27.8]
 [27.8]
 ...
 [27.8]
 [27.8]
 [27.8]]",['2C charge and 1C discharge']
"[[array(['2022-09-27,01:04:06'], dtype='<U19')]
 [array(['2022-09-27,01:04:07'], dtype='<U19')]
 [array(['2022-09-27,01:04:08'], dtype='<U19')]
 ...
 [array(['2022-09-27,03:01:36'], dtype='<U19')]
 [array(['2022-09-27,03:01:36'], dtype='<U19')]
 [array(['2022-09-27,03:01:36'], dtype='<U19')]]","[[0.   ]
 [0.017]
 [0.034]
 ...
 [4.997]
 [5.   ]
 [5.   ]]","[[3.4069]
 [3.4338]
 [3.4473]
 ...
 [3.2453]
 [3.2453]
 [3.2453]]","[[3.9988]
 [3.9998]
 [3.9999]
 ...
 [0.    ]
 [0.    ]
 [0.    ]]","[[0.   ]
 [0.001]
 [0.002]
 ...
 [0.   ]
 [0.   ]
 [0.   ]]","[[0.   ]
 [0.004]
 [0.008]
 ...
 [0.   ]
 [0.   ]
 [0.   ]]","[[27.8]
 [27.8]
 [27.8]
 ...
 [27.8]
 [27.7]
 [27.7]]",['2C charge and 1C discharge']
"[[array(['2022-09-27,03:01:37'], dtype='<U19')]
 [array(['2022-09-27,03:01:38'], dtype='<U19')]
 [array(['2022-09-27,03:01:39'], dtype='<U19')]
 ...
 [array(['2022-09-27,04:59:08'], dtype='<U19')]
 [array(['2022-09-27,04:59:08'], dtype='<U19')]
 [array(['2022-09-27,04:59:08'], dtype='<U19')]]","[[0.   ]
 [0.017]
 [0.034]
 ...
 [4.999]
 [5.   ]
 [5.   ]]","[[3.4067]
 [3.4341]
 [3.4478]
 ...
 [3.2454]
 [3.2454]
 [3.2454]]","[[3.9985]
 [3.9999]
 [3.9999]
 ...
 [0.    ]
 [0.    ]
 [0.    ]]","[[0.   ]
 [0.001]
 [0.002]
 ...
 [0.   ]
 [0.   ]
 [0.   ]]","[[0.   ]
 [0.004]
 [0.008]
 ...
 [0.   ]
 [0.   ]
 [0.   ]]","[[27.7]
 [27.7]
 [27.7]
 ...
 [27.7]
 [27.7]
 [27.7]]",['2C charge and 1C discharge']
"[[array(['2022-09-27,04:59:09'], dtype='<U19')]
 [array(['2022-09-27,04:59:10'], dtype='<U19')]
 [array(['2022-09-27,04:59:11'], dtype='<U19')]
 ...
 [array(['2022-09-27,06:56:42'], dtype='<U19')]
 [array(['2022-09-27,06:56:42'], dtype='<U19')]
 [array(['2022-09-27,06:56:42'], dtype='<U19')]]","[[0.   ]
 [0.017]
 [0.034]
 ...
 [5.   ]
 [5.   ]
 [5.   ]]","[[3.4066]
 [3.4341]
 [3.4477]
 ...
 [3.2454]
 [3.2454]
 [3.2456]]","[[3.9985]
 [3.9999]
 [3.9999]
 ...
 [0.    ]
 [0.    ]
 [0.    ]]","[[0.   ]
 [0.001]
 [0.002]
 ...
 [0.   ]
 [0.   ]
 [0.   ]]","[[0.   ]
 [0.004]
 [0.008]
 ...
 [0.   ]
 [0.   ]
 [0.   ]]","[[27.7]
 [27.7]
 [27.7]
 ...
 [27.8]
 [27.8]
 [27.7]]",['2C charge and 1C discharge']
"[[array(['2022-09-27,06:56:43'], dtype='<U19')]
 [array(['2022-09-27,06:56:44'], dtype='<U19')]
 [array(['2022-09-27,06:56:45'], dtype='<U19')]
 ...
 [array(['2022-09-27,08:54:14'], dtype='<U19')]
 [array(['2022-09-27,08:54:15'], dtype='<U19')]
 [array(['2022-09-27,08:54:15'], dtype='<U19')]]","[[0.   ]
 [0.017]
 [0.034]
 ...
 [4.983]
 [5.   ]
 [5.   ]]","[[3.4077]
 [3.4346]
 [3.448 ]
 ...
 [3.2463]
 [3.2465]
 [3.2465]]","[[3.9988]
 [3.9999]
 [3.9999]
 ...
 [0.    ]
 [0.    ]
 [0.    ]]","[[0.   ]
 [0.001]
 [0.002]
 ...
 [0.   ]
 [0.   ]
 [0.   ]]","[[0.   ]
 [0.004]
 [0.008]
 ...
 [0.   ]
 [0.   ]
 [0.   ]]","[[27.7]
 [27.7]
 [27.7]
 ...
 [27.6]
 [27.6]
 [27.6]]",['2C charge and 1C discharge']
"[[array(['2022-09-27,08:54:16'], dtype='<U19')]
 [array(['2022-09-27,08:54:17'], dtype='<U19')]
 [array(['2022-09-27,08:54:19'], dtype='<U19')]
 ...
 [array(['2022-09-27,10:51:52'], dtype='<U19')]
 [array(['2022-09-27,10:51:52'], dtype='<U19')]
 [array(['2022-09-27,10:51:52'], dtype='<U19')]]","[[0.   ]
 [0.017]
 [0.034]
 ...
 [4.998]
 [5.   ]
 [5.   ]]","[[3.4086]
 [3.436 ]
 [3.4493]
 ...
 [3.2439]
 [3.2439]
 [3.2439]]","[[3.9991]
 [3.9999]
 [3.9999]
 ...
 [0.    ]
 [0.    ]
 [0.    ]]","[[0.   ]
 [0.001]
 [0.002]
 ...
 [0.   ]
 [0.   ]
 [0.   ]]","[[0.   ]
 [0.004]
 [0.008]
 ...
 [0.   ]
 [0.   ]
 [0.   ]]","[[27.6]
 [27.6]
 [27.6]
 ...
 [27.8]
 [27.8]
 [27.8]]",['2C charge and 1C discharge']
"[[array(['2022-09-27,10:51:53'], dtype='<U19')]
 [array(['2022-09-27,10:51:54'], dtype='<U19')]
 [array(['2022-09-27,10:51:55'], dtype='<U19')]
 ...
 [array(['2022-09-27,12:49:13'], dtype='<U19')]
 [array(['2022-09-27,12:49:13'], dtype='<U19')]
 [array(['2022-09-27,12:49:13'], dtype='<U19')]]","[[0.   ]
 [0.018]
 [0.035]
 ...
 [4.997]
 [5.001]
 [5.001]]","[[3.4049]
 [3.4318]
 [3.4461]
 ...
 [3.2433]
 [3.2433]
 [3.2433]]","[[3.9985]
 [3.9999]
 [3.9999]
 ...
 [0.    ]
 [0.    ]
 [0.    ]]","[[0.   ]
 [0.001]
 [0.002]
 ...
 [0.   ]
 [0.   ]
 [0.   ]]","[[0.   ]
 [0.004]
 [0.008]
 ...
 [0.   ]
 [0.   ]
 [0.   ]]","[[27.9]
 [27.8]
 [27.8]
 ...
 [27.9]
 [27.9]
 [27.9]]",['2C charge and 1C discharge']
"[[array(['2022-09-27,12:49:14'], dtype='<U19')]
 [array(['2022-09-27,12:49:15'], dtype='<U19')]
 [array(['2022-09-27,12:49:16'], dtype='<U19')]
 ...
 [array(['2022-09-27,14:46:37'], dtype='<U19')]
 [array(['2022-09-27,14:46:37'], dtype='<U19')]
 [array(['2022-09-27,14:46:38'], dtype='<U19')]]","[[0.   ]
 [0.017]
 [0.034]
 ...
 [4.997]
 [5.   ]
 [5.   ]]","[[3.4046]
 [3.432 ]
 [3.4457]
 ...
 [3.2422]
 [3.2422]
 [3.2422]]","[[3.9988]
 [3.9998]
 [3.9999]
 ...
 [0.    ]
 [0.    ]
 [0.    ]]","[[0.   ]
 [0.001]
 [0.002]
 ...
 [0.   ]
 [0.   ]
 [0.   ]]","[[0.   ]
 [0.004]
 [0.008]
 ...
 [0.   ]
 [0.   ]
 [0.   ]]","[[27.9]
 [27.9]
 [27.9]
 ...
 [28. ]
 [28. ]
 [28. ]]",['2C charge and 1C discharge']
"[[array(['2022-09-27,14:46:39'], dtype='<U19')]
 [array(['2022-09-27,14:46:40'], dtype='<U19')]
 [array(['2022-09-27,14:46:41'], dtype='<U19')]
 ...
 [array(['2022-09-27,16:43:59'], dtype='<U19')]
 [array(['2022-09-27,16:43:59'], dtype='<U19')]
 [array(['2022-09-27,16:43:59'], dtype='<U19')]]","[[0.   ]
 [0.017]
 [0.034]
 ...
 [4.999]
 [5.   ]
 [5.   ]]","[[3.4026]
 [3.4303]
 [3.4441]
 ...
 [3.2402]
 [3.2402]
 [3.2403]]","[[3.9991]
 [3.9998]
 [3.9998]
 ...
 [0.    ]
 [0.    ]
 [0.    ]]","[[0.   ]
 [0.001]
 [0.002]
 ...
 [0.   ]
 [0.   ]
 [0.   ]]","[[0.   ]
 [0.004]
 [0.008]
 ...
 [0.   ]
 [0.   ]
 [0.   ]]","[[28. ]
 [28. ]
 [28. ]
 ...
 [28.1]
 [28.1]
 [28.1]]",['2C charge and 1C discharge']
"[[array(['2022-09-27,16:44:00'], dtype='<U19')]
 [array(['2022-09-27,16:44:01'], dtype='<U19')]
 [array(['2022-09-27,16:44:02'], dtype='<U19')]
 ...
 [array(['2022-09-27,18:41:17'], dtype='<U19')]
 [array(['2022-09-27,18:41:17'], dtype='<U19')]
 [array(['2022-09-27,18:41:17'], dtype='<U19')]]","[[0.   ]
 [0.017]
 [0.034]
 ...
 [4.997]
 [5.   ]
 [5.   ]]","[[3.4018]
 [3.4286]
 [3.4423]
 ...
 [3.2411]
 [3.2413]
 [3.2413]]","[[3.9988]
 [3.9999]
 [4.    ]
 ...
 [0.    ]
 [0.    ]
 [0.    ]]","[[0.   ]
 [0.001]
 [0.002]
 ...
 [0.   ]
 [0.   ]
 [0.   ]]","[[0.   ]
 [0.004]
 [0.008]
 ...
 [0.   ]
 [0.   ]
 [0.   ]]","[[28.1]
 [28.1]
 [28.1]
 ...
 [28.1]
 [28.1]
 [28.1]]",['2C charge and 1C discharge']
"[[array(['2022-09-27,18:41:18'], dtype='<U19')]
 [array(['2022-09-27,18:41:19'], dtype='<U19')]
 [array(['2022-09-27,18:41:20'], dtype='<U19')]
 ...
 [array(['2022-09-27,20:38:38'], dtype='<U19')]
 [array(['2022-09-27,20:38:38'], dtype='<U19')]
 [array(['2022-09-27,20:38:38'], dtype='<U19')]]","[[0.   ]
 [0.017]
 [0.034]
 ...
 [4.999]
 [5.   ]
 [5.   ]]","[[3.4017]
 [3.4297]
 [3.4433]
 ...
 [3.2416]
 [3.2416]
 [3.2416]]","[[3.9988]
 [3.9999]
 [3.9999]
 ...
 [0.    ]
 [0.    ]
 [0.    ]]","[[0.   ]
 [0.001]
 [0.002]
 ...
 [0.   ]
 [0.   ]
 [0.   ]]","[[0.   ]
 [0.004]
 [0.008]
 ...
 [0.   ]
 [0.   ]
 [0.   ]]","[[28.]
 [28.]
 [28.]
 ...
 [28.]
 [28.]
 [28.]]",['2C charge and 1C discharge']
"[[array(['2022-09-27,20:38:39'], dtype='<U19')]
 [array(['2022-09-27,20:38:40'], dtype='<U19')]
 [array(['2022-09-27,20:38:41'], dtype='<U19')]
 ...
 [array(['2022-09-27,22:35:55'], dtype='<U19')]
 [array(['2022-09-27,22:35:55'], dtype='<U19')]
 [array(['2022-09-27,22:35:55'], dtype='<U19')]]","[[0.   ]
 [0.017]
 [0.034]
 ...
 [4.998]
 [5.   ]
 [5.   ]]","[[3.4035]
 [3.4303]
 [3.444 ]
 ...
 [3.2417]
 [3.2417]
 [3.2417]]","[[3.9988]
 [3.9999]
 [3.9999]
 ...
 [0.    ]
 [0.    ]
 [0.    ]]","[[0.   ]
 [0.001]
 [0.002]
 ...
 [0.   ]
 [0.   ]
 [0.   ]]","[[0.   ]
 [0.004]
 [0.008]
 ...
 [0.   ]
 [0.   ]
 [0.   ]]","[[28.]
 [28.]
 [28.]
 ...
 [28.]
 [28.]
 [28.]]",['2C charge and 1C discharge']
"[[array(['2022-09-27,22:35:56'], dtype='<U19')]
 [array(['2022-09-27,22:35:58'], dtype='<U19')]
 [array(['2022-09-27,22:35:59'], dtype='<U19')]
 ...
 [array(['2022-09-28,00:33:17'], dtype='<U19')]
 [array(['2022-09-28,00:33:17'], dtype='<U19')]
 [array(['2022-09-28,00:33:17'], dtype='<U19')]]","[[0.   ]
 [0.017]
 [0.034]
 ...
 [4.998]
 [5.001]
 [5.001]]","[[3.4031]
 [3.4306]
 [3.4441]
 ...
 [3.2434]
 [3.2434]
 [3.2434]]","[[3.9991]
 [3.9999]
 [3.9999]
 ...
 [0.    ]
 [0.    ]
 [0.    ]]","[[0.   ]
 [0.001]
 [0.002]
 ...
 [0.   ]
 [0.   ]
 [0.   ]]","[[0.   ]
 [0.004]
 [0.008]
 ...
 [0.   ]
 [0.   ]
 [0.   ]]","[[28. ]
 [28. ]
 [28. ]
 ...
 [27.8]
 [27.8]
 [27.8]]",['2C charge and 1C discharge']
"[[array(['2022-09-28,00:33:18'], dtype='<U19')]
 [array(['2022-09-28,00:33:19'], dtype='<U19')]
 [array(['2022-09-28,00:33:20'], dtype='<U19')]
 ...
 [array(['2022-09-28,02:30:44'], dtype='<U19')]
 [array(['2022-09-28,02:30:44'], dtype='<U19')]
 [array(['2022-09-28,02:30:44'], dtype='<U19')]]","[[0.   ]
 [0.017]
 [0.034]
 ...
 [4.997]
 [5.001]
 [5.001]]","[[3.4049]
 [3.4327]
 [3.4467]
 ...
 [3.2445]
 [3.2445]
 [3.2445]]","[[3.9991]
 [3.9999]
 [3.9999]
 ...
 [0.    ]
 [0.    ]
 [0.    ]]","[[0.   ]
 [0.001]
 [0.002]
 ...
 [0.   ]
 [0.   ]
 [0.   ]]","[[0.   ]
 [0.004]
 [0.008]
 ...
 [0.   ]
 [0.   ]
 [0.   ]]","[[27.8]
 [27.8]
 [27.8]
 ...
 [27.7]
 [27.7]
 [27.7]]",['2C charge and 1C discharge']
"[[array(['2022-09-28,02:30:45'], dtype='<U19')]
 [array(['2022-09-28,02:30:46'], dtype='<U19')]
 [array(['2022-09-28,02:30:48'], dtype='<U19')]
 ...
 [array(['2022-09-28,04:28:12'], dtype='<U19')]
 [array(['2022-09-28,04:28:13'], dtype='<U19')]
 [array(['2022-09-28,04:28:13'], dtype='<U19')]]","[[0.   ]
 [0.017]
 [0.034]
 ...
 [4.985]
 [5.   ]
 [5.   ]]","[[3.4061]
 [3.4341]
 [3.4478]
 ...
 [3.2457]
 [3.2457]
 [3.2457]]","[[3.9988]
 [3.9999]
 [3.9999]
 ...
 [0.    ]
 [0.    ]
 [0.    ]]","[[0.   ]
 [0.001]
 [0.002]
 ...
 [0.   ]
 [0.   ]
 [0.   ]]","[[0.   ]
 [0.004]
 [0.008]
 ...
 [0.   ]
 [0.   ]
 [0.   ]]","[[27.7]
 [27.7]
 [27.7]
 ...
 [27.6]
 [27.6]
 [27.6]]",['2C charge and 1C discharge']
"[[array(['2022-09-28,04:28:14'], dtype='<U19')]
 [array(['2022-09-28,04:28:15'], dtype='<U19')]
 [array(['2022-09-28,04:28:16'], dtype='<U19')]
 ...
 [array(['2022-09-28,06:25:41'], dtype='<U19')]
 [array(['2022-09-28,06:25:41'], dtype='<U19')]
 [array(['2022-09-28,06:25:41'], dtype='<U19')]]","[[0.   ]
 [0.017]
 [0.034]
 ...
 [4.998]
 [5.001]
 [5.001]]","[[3.4077]
 [3.436 ]
 [3.4495]
 ...
 [3.2468]
 [3.2468]
 [3.2468]]","[[3.9991]
 [3.9999]
 [3.9999]
 ...
 [0.    ]
 [0.    ]
 [0.    ]]","[[0.   ]
 [0.001]
 [0.002]
 ...
 [0.   ]
 [0.   ]
 [0.   ]]","[[0.   ]
 [0.004]
 [0.008]
 ...
 [0.   ]
 [0.   ]
 [0.   ]]","[[27.6]
 [27.6]
 [27.6]
 ...
 [27.6]
 [27.6]
 [27.6]]",['2C charge and 1C discharge']
"[[array(['2022-09-28,06:25:42'], dtype='<U19')]
 [array(['2022-09-28,06:25:43'], dtype='<U19')]
 [array(['2022-09-28,06:25:44'], dtype='<U19')]
 ...
 [array(['2022-09-28,08:23:12'], dtype='<U19')]
 [array(['2022-09-28,08:23:12'], dtype='<U19')]
 [array(['2022-09-28,08:23:13'], dtype='<U19')]]","[[0.   ]
 [0.017]
 [0.034]
 ...
 [4.998]
 [5.   ]
 [5.   ]]","[[3.408 ]
 [3.4373]
 [3.4506]
 ...
 [3.2473]
 [3.2473]
 [3.2473]]","[[3.9991]
 [3.9999]
 [3.9999]
 ...
 [0.    ]
 [0.    ]
 [0.    ]]","[[0.   ]
 [0.001]
 [0.002]
 ...
 [0.   ]
 [0.   ]
 [0.   ]]","[[0.   ]
 [0.004]
 [0.008]
 ...
 [0.   ]
 [0.   ]
 [0.   ]]","[[27.6]
 [27.6]
 [27.6]
 ...
 [27.6]
 [27.6]
 [27.6]]",['2C charge and 1C discharge']
"[[array(['2022-09-28,08:23:14'], dtype='<U19')]
 [array(['2022-09-28,08:23:15'], dtype='<U19')]
 [array(['2022-09-28,08:23:16'], dtype='<U19')]
 ...
 [array(['2022-09-28,10:20:38'], dtype='<U19')]
 [array(['2022-09-28,10:20:38'], dtype='<U19')]
 [array(['2022-09-28,10:20:39'], dtype='<U19')]]","[[0.   ]
 [0.017]
 [0.034]
 ...
 [4.998]
 [5.001]
 [5.001]]","[[3.4103]
 [3.4381]
 [3.4518]
 ...
 [3.2405]
 [3.2405]
 [3.2405]]","[[3.9988]
 [3.9999]
 [3.9999]
 ...
 [0.    ]
 [0.    ]
 [0.    ]]","[[0.   ]
 [0.001]
 [0.002]
 ...
 [0.   ]
 [0.   ]
 [0.   ]]","[[0.   ]
 [0.004]
 [0.008]
 ...
 [0.   ]
 [0.   ]
 [0.   ]]","[[27.6]
 [27.6]
 [27.6]
 ...
 [28.1]
 [28.1]
 [28.1]]",['2C charge and 1C discharge']
"[[array(['2022-09-28,10:20:40'], dtype='<U19')]
 [array(['2022-09-28,10:20:41'], dtype='<U19')]
 [array(['2022-09-28,10:20:42'], dtype='<U19')]
 ...
 [array(['2022-09-28,12:17:59'], dtype='<U19')]
 [array(['2022-09-28,12:17:59'], dtype='<U19')]
 [array(['2022-09-28,12:17:59'], dtype='<U19')]]","[[0.   ]
 [0.017]
 [0.034]
 ...
 [4.998]
 [5.001]
 [5.001]]","[[3.4021]
 [3.4295]
 [3.4427]
 ...
 [3.2362]
 [3.2362]
 [3.2362]]","[[3.9991]
 [3.9998]
 [3.9999]
 ...
 [0.    ]
 [0.    ]
 [0.    ]]","[[0.   ]
 [0.001]
 [0.002]
 ...
 [0.   ]
 [0.   ]
 [0.   ]]","[[0.   ]
 [0.004]
 [0.008]
 ...
 [0.   ]
 [0.   ]
 [0.   ]]","[[28.1]
 [28.1]
 [28. ]
 ...
 [28.4]
 [28.4]
 [28.4]]",['2C charge and 1C discharge']
"[[array(['2022-09-28,12:18:00'], dtype='<U19')]
 [array(['2022-09-28,12:18:01'], dtype='<U19')]
 [array(['2022-09-28,12:18:02'], dtype='<U19')]
 ...
 [array(['2022-09-28,14:15:07'], dtype='<U19')]
 [array(['2022-09-28,14:15:07'], dtype='<U19')]
 [array(['2022-09-28,14:15:07'], dtype='<U19')]]","[[0.   ]
 [0.017]
 [0.034]
 ...
 [4.998]
 [5.   ]
 [5.   ]]","[[3.3961]
 [3.4238]
 [3.4378]
 ...
 [3.2387]
 [3.2388]
 [3.2388]]","[[3.9988]
 [3.9999]
 [3.9999]
 ...
 [0.    ]
 [0.    ]
 [0.    ]]","[[0.   ]
 [0.001]
 [0.002]
 ...
 [0.   ]
 [0.   ]
 [0.   ]]","[[0.   ]
 [0.004]
 [0.008]
 ...
 [0.   ]
 [0.   ]
 [0.   ]]","[[28.4]
 [28.4]
 [28.4]
 ...
 [28.2]
 [28.2]
 [28.2]]",['2C charge and 1C discharge']
"[[array(['2022-09-28,14:15:08'], dtype='<U19')]
 [array(['2022-09-28,14:15:09'], dtype='<U19')]
 [array(['2022-09-28,14:15:10'], dtype='<U19')]
 ...
 [array(['2022-09-28,16:12:22'], dtype='<U19')]
 [array(['2022-09-28,16:12:22'], dtype='<U19')]
 [array(['2022-09-28,16:12:22'], dtype='<U19')]]","[[0.   ]
 [0.017]
 [0.034]
 ...
 [4.998]
 [5.   ]
 [5.   ]]","[[3.4   ]
 [3.4267]
 [3.4407]
 ...
 [3.2382]
 [3.2382]
 [3.2382]]","[[3.9991]
 [3.9999]
 [3.9999]
 ...
 [0.    ]
 [0.    ]
 [0.    ]]","[[0.   ]
 [0.001]
 [0.002]
 ...
 [0.   ]
 [0.   ]
 [0.   ]]","[[0.   ]
 [0.004]
 [0.008]
 ...
 [0.   ]
 [0.   ]
 [0.   ]]","[[28.2]
 [28.2]
 [28.2]
 ...
 [28.2]
 [28.2]
 [28.2]]",['2C charge and 1C discharge']
"[[array(['2022-09-28,16:12:23'], dtype='<U19')]
 [array(['2022-09-28,16:12:24'], dtype='<U19')]
 [array(['2022-09-28,16:12:25'], dtype='<U19')]
 ...
 [array(['2022-09-28,18:09:33'], dtype='<U19')]
 [array(['2022-09-28,18:09:33'], dtype='<U19')]
 [array(['2022-09-28,18:09:33'], dtype='<U19')]]","[[0.   ]
 [0.017]
 [0.034]
 ...
 [4.999]
 [5.001]
 [5.001]]","[[3.3983]
 [3.4266]
 [3.4406]
 ...
 [3.2402]
 [3.2402]
 [3.2402]]","[[3.9991]
 [3.9999]
 [3.9999]
 ...
 [0.    ]
 [0.    ]
 [0.    ]]","[[0.   ]
 [0.001]
 [0.002]
 ...
 [0.   ]
 [0.   ]
 [0.   ]]","[[0.   ]
 [0.004]
 [0.008]
 ...
 [0.   ]
 [0.   ]
 [0.   ]]","[[28.2]
 [28.2]
 [28.2]
 ...
 [28.1]
 [28.1]
 [28.1]]",['2C charge and 1C discharge']
"[[array(['2022-09-28,18:09:34'], dtype='<U19')]
 [array(['2022-09-28,18:09:35'], dtype='<U19')]
 [array(['2022-09-28,18:09:36'], dtype='<U19')]
 ...
 [array(['2022-09-28,20:06:49'], dtype='<U19')]
 [array(['2022-09-28,20:06:49'], dtype='<U19')]
 [array(['2022-09-28,20:06:50'], dtype='<U19')]]","[[0.   ]
 [0.017]
 [0.034]
 ...
 [5.   ]
 [5.001]
 [5.001]]","[[3.4015]
 [3.4293]
 [3.4433]
 ...
 [3.2399]
 [3.2397]
 [3.2399]]","[[3.9985]
 [3.9998]
 [3.9999]
 ...
 [0.    ]
 [0.    ]
 [0.    ]]","[[0.   ]
 [0.001]
 [0.002]
 ...
 [0.   ]
 [0.   ]
 [0.   ]]","[[0.   ]
 [0.004]
 [0.008]
 ...
 [0.   ]
 [0.   ]
 [0.   ]]","[[28.1]
 [28.1]
 [28.1]
 ...
 [28.2]
 [28.2]
 [28.2]]",['2C charge and 1C discharge']
"[[array(['2022-09-28,20:06:50'], dtype='<U19')]
 [array(['2022-09-28,20:06:52'], dtype='<U19')]
 [array(['2022-09-28,20:06:53'], dtype='<U19')]
 ...
 [array(['2022-09-28,22:04:02'], dtype='<U19')]
 [array(['2022-09-28,22:04:03'], dtype='<U19')]
 [array(['2022-09-28,22:04:03'], dtype='<U19')]]","[[0.   ]
 [0.017]
 [0.034]
 ...
 [4.997]
 [5.   ]
 [5.   ]]","[[3.4012]
 [3.4286]
 [3.4424]
 ...
 [3.2396]
 [3.2397]
 [3.2397]]","[[3.9991]
 [3.9999]
 [3.9999]
 ...
 [0.    ]
 [0.    ]
 [0.    ]]","[[0.   ]
 [0.001]
 [0.002]
 ...
 [0.   ]
 [0.   ]
 [0.   ]]","[[0.   ]
 [0.004]
 [0.008]
 ...
 [0.   ]
 [0.   ]
 [0.   ]]","[[28.2]
 [28.2]
 [28.1]
 ...
 [28.2]
 [28.2]
 [28.2]]",['2C charge and 1C discharge']
"[[array(['2022-09-28,22:04:04'], dtype='<U19')]
 [array(['2022-09-28,22:04:05'], dtype='<U19')]
 [array(['2022-09-28,22:04:06'], dtype='<U19')]
 ...
 [array(['2022-09-29,00:01:11'], dtype='<U19')]
 [array(['2022-09-29,00:01:11'], dtype='<U19')]
 [array(['2022-09-29,00:01:11'], dtype='<U19')]]","[[0.   ]
 [0.017]
 [0.034]
 ...
 [4.999]
 [5.   ]
 [5.   ]]","[[3.3998]
 [3.4275]
 [3.4418]
 ...
 [3.2419]
 [3.2419]
 [3.2419]]","[[3.9988]
 [3.9999]
 [3.9999]
 ...
 [0.    ]
 [0.    ]
 [0.    ]]","[[0.   ]
 [0.001]
 [0.002]
 ...
 [0.   ]
 [0.   ]
 [0.   ]]","[[0.   ]
 [0.004]
 [0.008]
 ...
 [0.   ]
 [0.   ]
 [0.   ]]","[[28.2]
 [28.2]
 [28.1]
 ...
 [28. ]
 [28. ]
 [28. ]]",['2C charge and 1C discharge']
"[[array(['2022-09-29,00:01:12'], dtype='<U19')]
 [array(['2022-09-29,00:01:13'], dtype='<U19')]
 [array(['2022-09-29,00:01:14'], dtype='<U19')]
 ...
 [array(['2022-09-29,01:58:24'], dtype='<U19')]
 [array(['2022-09-29,01:58:24'], dtype='<U19')]
 [array(['2022-09-29,01:58:24'], dtype='<U19')]]","[[0.   ]
 [0.017]
 [0.035]
 ...
 [4.996]
 [5.   ]
 [5.   ]]","[[3.4043]
 [3.4317]
 [3.4455]
 ...
 [3.243 ]
 [3.2431]
 [3.2431]]","[[3.9985]
 [3.9999]
 [3.9999]
 ...
 [0.    ]
 [0.    ]
 [0.    ]]","[[0.   ]
 [0.001]
 [0.002]
 ...
 [0.   ]
 [0.   ]
 [0.   ]]","[[0.   ]
 [0.004]
 [0.008]
 ...
 [0.   ]
 [0.   ]
 [0.   ]]","[[28. ]
 [28. ]
 [28. ]
 ...
 [27.9]
 [27.9]
 [27.9]]",['2C charge and 1C discharge']
"[[array(['2022-09-29,01:58:25'], dtype='<U19')]
 [array(['2022-09-29,01:58:26'], dtype='<U19')]
 [array(['2022-09-29,01:58:27'], dtype='<U19')]
 ...
 [array(['2022-09-29,03:55:39'], dtype='<U19')]
 [array(['2022-09-29,03:55:39'], dtype='<U19')]
 [array(['2022-09-29,03:55:39'], dtype='<U19')]]","[[0.   ]
 [0.017]
 [0.034]
 ...
 [5.   ]
 [5.   ]
 [5.   ]]","[[3.4041]
 [3.4332]
 [3.447 ]
 ...
 [3.2436]
 [3.2436]
 [3.2436]]","[[3.9988]
 [3.9999]
 [3.9998]
 ...
 [0.    ]
 [0.    ]
 [0.    ]]","[[0.   ]
 [0.001]
 [0.002]
 ...
 [0.   ]
 [0.   ]
 [0.   ]]","[[0.   ]
 [0.004]
 [0.008]
 ...
 [0.   ]
 [0.   ]
 [0.   ]]","[[27.9]
 [27.9]
 [27.9]
 ...
 [27.8]
 [27.8]
 [27.8]]",['2C charge and 1C discharge']
"[[array(['2022-09-29,03:55:40'], dtype='<U19')]
 [array(['2022-09-29,03:55:41'], dtype='<U19')]
 [array(['2022-09-29,03:55:42'], dtype='<U19')]
 ...
 [array(['2022-09-29,05:52:53'], dtype='<U19')]
 [array(['2022-09-29,05:52:53'], dtype='<U19')]
 [array(['2022-09-29,05:52:53'], dtype='<U19')]]","[[0.   ]
 [0.017]
 [0.034]
 ...
 [4.999]
 [5.   ]
 [5.   ]]","[[3.4038]
 [3.433 ]
 [3.4472]
 ...
 [3.2448]
 [3.2448]
 [3.2448]]","[[3.9988]
 [3.9999]
 [3.9999]
 ...
 [0.    ]
 [0.    ]
 [0.    ]]","[[0.   ]
 [0.001]
 [0.002]
 ...
 [0.   ]
 [0.   ]
 [0.   ]]","[[0.   ]
 [0.004]
 [0.008]
 ...
 [0.   ]
 [0.   ]
 [0.   ]]","[[27.8]
 [27.8]
 [27.8]
 ...
 [27.8]
 [27.8]
 [27.8]]",['2C charge and 1C discharge']
"[[array(['2022-09-29,05:52:54'], dtype='<U19')]
 [array(['2022-09-29,05:52:55'], dtype='<U19')]
 [array(['2022-09-29,05:52:56'], dtype='<U19')]
 ...
 [array(['2022-09-29,07:50:06'], dtype='<U19')]
 [array(['2022-09-29,07:50:06'], dtype='<U19')]
 [array(['2022-09-29,07:50:06'], dtype='<U19')]]","[[0.   ]
 [0.017]
 [0.034]
 ...
 [4.996]
 [5.   ]
 [5.   ]]","[[3.4055]
 [3.4346]
 [3.4487]
 ...
 [3.2456]
 [3.2457]
 [3.2457]]","[[3.9988]
 [3.9998]
 [3.9999]
 ...
 [0.    ]
 [0.    ]
 [0.    ]]","[[0.   ]
 [0.001]
 [0.002]
 ...
 [0.   ]
 [0.   ]
 [0.   ]]","[[0.   ]
 [0.004]
 [0.008]
 ...
 [0.   ]
 [0.   ]
 [0.   ]]","[[27.8]
 [27.8]
 [27.8]
 ...
 [27.7]
 [27.7]
 [27.7]]",['2C charge and 1C discharge']
"[[array(['2022-09-29,07:50:07'], dtype='<U19')]
 [array(['2022-09-29,07:50:08'], dtype='<U19')]
 [array(['2022-09-29,07:50:09'], dtype='<U19')]
 ...
 [array(['2022-09-29,09:47:25'], dtype='<U19')]
 [array(['2022-09-29,09:47:25'], dtype='<U19')]
 [array(['2022-09-29,09:47:26'], dtype='<U19')]]","[[0.   ]
 [0.017]
 [0.034]
 ...
 [4.997]
 [5.001]
 [5.001]]","[[3.4074]
 [3.4367]
 [3.4498]
 ...
 [3.2419]
 [3.242 ]
 [3.242 ]]","[[3.9988]
 [3.9999]
 [3.9998]
 ...
 [0.    ]
 [0.    ]
 [0.    ]]","[[0.   ]
 [0.001]
 [0.002]
 ...
 [0.   ]
 [0.   ]
 [0.   ]]","[[0.   ]
 [0.004]
 [0.008]
 ...
 [0.   ]
 [0.   ]
 [0.   ]]","[[27.7]
 [27.7]
 [27.7]
 ...
 [28.1]
 [28.1]
 [28.2]]",['2C charge and 1C discharge']
"[[array(['2022-09-29,09:47:27'], dtype='<U19')]
 [array(['2022-09-29,09:47:28'], dtype='<U19')]
 [array(['2022-09-29,09:47:29'], dtype='<U19')]
 ...
 [array(['2022-09-29,11:44:37'], dtype='<U19')]
 [array(['2022-09-29,11:44:37'], dtype='<U19')]
 [array(['2022-09-29,11:44:37'], dtype='<U19')]]","[[0.   ]
 [0.017]
 [0.034]
 ...
 [4.995]
 [5.   ]
 [5.   ]]","[[3.4034]
 [3.4313]
 [3.4453]
 ...
 [3.2328]
 [3.2328]
 [3.233 ]]","[[3.9988]
 [3.9999]
 [3.9998]
 ...
 [0.    ]
 [0.    ]
 [0.    ]]","[[0.   ]
 [0.001]
 [0.002]
 ...
 [0.   ]
 [0.   ]
 [0.   ]]","[[0.   ]
 [0.004]
 [0.008]
 ...
 [0.   ]
 [0.   ]
 [0.   ]]","[[28.1]
 [28.1]
 [28.1]
 ...
 [28.8]
 [28.8]
 [28.8]]",['2C charge and 1C discharge']
"[[array(['2022-09-29,11:44:38'], dtype='<U19')]
 [array(['2022-09-29,11:44:39'], dtype='<U19')]
 [array(['2022-09-29,11:44:40'], dtype='<U19')]
 ...
 [array(['2022-09-29,13:41:25'], dtype='<U19')]
 [array(['2022-09-29,13:41:25'], dtype='<U19')]
 [array(['2022-09-29,13:41:25'], dtype='<U19')]]","[[0.   ]
 [0.017]
 [0.034]
 ...
 [4.998]
 [5.001]
 [5.001]]","[[3.3921]
 [3.4197]
 [3.4332]
 ...
 [3.2256]
 [3.2256]
 [3.2256]]","[[3.9988]
 [3.9998]
 [3.9999]
 ...
 [0.    ]
 [0.    ]
 [0.    ]]","[[0.   ]
 [0.001]
 [0.002]
 ...
 [0.   ]
 [0.   ]
 [0.   ]]","[[0.   ]
 [0.004]
 [0.008]
 ...
 [0.   ]
 [0.   ]
 [0.   ]]","[[28.8]
 [28.9]
 [28.8]
 ...
 [29.3]
 [29.3]
 [29.3]]",['2C charge and 1C discharge']
"[[array(['2022-09-29,13:41:26'], dtype='<U19')]
 [array(['2022-09-29,13:41:27'], dtype='<U19')]
 [array(['2022-09-29,13:41:28'], dtype='<U19')]
 ...
 [array(['2022-09-29,15:38:03'], dtype='<U19')]
 [array(['2022-09-29,15:38:03'], dtype='<U19')]
 [array(['2022-09-29,15:38:03'], dtype='<U19')]]","[[0.   ]
 [0.017]
 [0.034]
 ...
 [4.997]
 [5.001]
 [5.001]]","[[3.3826]
 [3.4106]
 [3.4247]
 ...
 [3.2256]
 [3.2256]
 [3.2256]]","[[3.9988]
 [3.9998]
 [3.9999]
 ...
 [0.    ]
 [0.    ]
 [0.    ]]","[[0.   ]
 [0.001]
 [0.002]
 ...
 [0.   ]
 [0.   ]
 [0.   ]]","[[0.   ]
 [0.004]
 [0.008]
 ...
 [0.   ]
 [0.   ]
 [0.   ]]","[[29.3]
 [29.3]
 [29.3]
 ...
 [29.3]
 [29.3]
 [29.3]]",['2C charge and 1C discharge']
"[[array(['2022-09-29,15:38:04'], dtype='<U19')]
 [array(['2022-09-29,15:38:05'], dtype='<U19')]
 [array(['2022-09-29,15:38:06'], dtype='<U19')]
 ...
 [array(['2022-09-29,17:34:39'], dtype='<U19')]
 [array(['2022-09-29,17:34:39'], dtype='<U19')]
 [array(['2022-09-29,17:34:40'], dtype='<U19')]]","[[0.   ]
 [0.017]
 [0.034]
 ...
 [4.997]
 [5.001]
 [5.001]]","[[3.3821]
 [3.4106]
 [3.4249]
 ...
 [3.2294]
 [3.2296]
 [3.2296]]","[[3.9991]
 [3.9999]
 [3.9999]
 ...
 [0.    ]
 [0.    ]
 [0.    ]]","[[0.   ]
 [0.001]
 [0.002]
 ...
 [0.   ]
 [0.   ]
 [0.   ]]","[[0.   ]
 [0.004]
 [0.008]
 ...
 [0.   ]
 [0.   ]
 [0.   ]]","[[29.2]
 [29.2]
 [29.2]
 ...
 [29.1]
 [29.1]
 [29.1]]",['2C charge and 1C discharge']
"[[array(['2022-09-29,17:34:41'], dtype='<U19')]
 [array(['2022-09-29,17:34:42'], dtype='<U19')]
 [array(['2022-09-29,17:34:43'], dtype='<U19')]
 ...
 [array(['2022-09-29,19:31:19'], dtype='<U19')]
 [array(['2022-09-29,19:31:19'], dtype='<U19')]
 [array(['2022-09-29,19:31:19'], dtype='<U19')]]","[[0.   ]
 [0.017]
 [0.034]
 ...
 [4.997]
 [5.   ]
 [5.   ]]","[[3.3867]
 [3.4152]
 [3.4295]
 ...
 [3.2308]
 [3.2308]
 [3.2308]]","[[3.9991]
 [3.9999]
 [3.9999]
 ...
 [0.    ]
 [0.    ]
 [0.    ]]","[[0.   ]
 [0.001]
 [0.002]
 ...
 [0.   ]
 [0.   ]
 [0.   ]]","[[0.   ]
 [0.004]
 [0.008]
 ...
 [0.   ]
 [0.   ]
 [0.   ]]","[[29. ]
 [29. ]
 [29. ]
 ...
 [29. ]
 [29. ]
 [28.9]]",['2C charge and 1C discharge']
"[[array(['2022-09-29,19:31:20'], dtype='<U19')]
 [array(['2022-09-29,19:31:21'], dtype='<U19')]
 [array(['2022-09-29,19:31:22'], dtype='<U19')]
 ...
 [array(['2022-09-29,21:27:59'], dtype='<U19')]
 [array(['2022-09-29,21:27:59'], dtype='<U19')]
 [array(['2022-09-29,21:27:59'], dtype='<U19')]]","[[0.   ]
 [0.017]
 [0.034]
 ...
 [4.998]
 [5.   ]
 [5.   ]]","[[3.3891]
 [3.4172]
 [3.4313]
 ...
 [3.2322]
 [3.2322]
 [3.2322]]","[[3.9985]
 [3.9999]
 [3.9999]
 ...
 [0.    ]
 [0.    ]
 [0.    ]]","[[0.   ]
 [0.001]
 [0.002]
 ...
 [0.   ]
 [0.   ]
 [0.   ]]","[[0.   ]
 [0.004]
 [0.008]
 ...
 [0.   ]
 [0.   ]
 [0.   ]]","[[28.9]
 [28.9]
 [28.9]
 ...
 [28.9]
 [28.9]
 [28.9]]",['2C charge and 1C discharge']
"[[array(['2022-09-29,21:28:00'], dtype='<U19')]
 [array(['2022-09-29,21:28:01'], dtype='<U19')]
 [array(['2022-09-29,21:28:02'], dtype='<U19')]
 ...
 [array(['2022-09-29,23:24:41'], dtype='<U19')]
 [array(['2022-09-29,23:24:42'], dtype='<U19')]
 [array(['2022-09-29,23:24:42'], dtype='<U19')]]","[[0.   ]
 [0.017]
 [0.034]
 ...
 [4.996]
 [5.001]
 [5.001]]","[[3.3912]
 [3.4189]
 [3.433 ]
 ...
 [3.2327]
 [3.2327]
 [3.2327]]","[[3.9991]
 [3.9999]
 [3.9999]
 ...
 [0.    ]
 [0.    ]
 [0.    ]]","[[0.   ]
 [0.001]
 [0.002]
 ...
 [0.   ]
 [0.   ]
 [0.   ]]","[[0.   ]
 [0.004]
 [0.008]
 ...
 [0.   ]
 [0.   ]
 [0.   ]]","[[28.9]
 [28.9]
 [28.9]
 ...
 [28.9]
 [28.9]
 [28.9]]",['2C charge and 1C discharge']
"[[array(['2022-09-29,23:24:43'], dtype='<U19')]
 [array(['2022-09-29,23:24:44'], dtype='<U19')]
 [array(['2022-09-29,23:24:45'], dtype='<U19')]
 ...
 [array(['2022-09-30,01:21:24'], dtype='<U19')]
 [array(['2022-09-30,01:21:24'], dtype='<U19')]
 [array(['2022-09-30,01:21:24'], dtype='<U19')]]","[[0.   ]
 [0.017]
 [0.034]
 ...
 [4.997]
 [5.   ]
 [5.   ]]","[[3.3912]
 [3.4194]
 [3.4335]
 ...
 [3.2334]
 [3.2336]
 [3.2334]]","[[3.9988]
 [3.9999]
 [3.9999]
 ...
 [0.    ]
 [0.    ]
 [0.    ]]","[[0.   ]
 [0.001]
 [0.002]
 ...
 [0.   ]
 [0.   ]
 [0.   ]]","[[0.   ]
 [0.004]
 [0.008]
 ...
 [0.   ]
 [0.   ]
 [0.   ]]","[[28.9]
 [28.9]
 [28.8]
 ...
 [28.8]
 [28.8]
 [28.8]]",['2C charge and 1C discharge']
"[[array(['2022-09-30,01:21:25'], dtype='<U19')]
 [array(['2022-09-30,01:21:26'], dtype='<U19')]
 [array(['2022-09-30,01:21:27'], dtype='<U19')]
 ...
 [array(['2022-09-30,03:18:09'], dtype='<U19')]
 [array(['2022-09-30,03:18:10'], dtype='<U19')]
 [array(['2022-09-30,03:18:10'], dtype='<U19')]]","[[0.   ]
 [0.017]
 [0.034]
 ...
 [4.985]
 [5.   ]
 [5.   ]]","[[3.3929]
 [3.4207]
 [3.4349]
 ...
 [3.2342]
 [3.2342]
 [3.2343]]","[[3.9985]
 [3.9999]
 [3.9999]
 ...
 [0.    ]
 [0.    ]
 [0.    ]]","[[0.   ]
 [0.001]
 [0.002]
 ...
 [0.   ]
 [0.   ]
 [0.   ]]","[[0.   ]
 [0.004]
 [0.008]
 ...
 [0.   ]
 [0.   ]
 [0.   ]]","[[28.8]
 [28.8]
 [28.8]
 ...
 [28.8]
 [28.8]
 [28.8]]",['2C charge and 1C discharge']
"[[array(['2022-09-30,03:18:11'], dtype='<U19')]
 [array(['2022-09-30,03:18:12'], dtype='<U19')]
 [array(['2022-09-30,03:18:13'], dtype='<U19')]
 ...
 [array(['2022-09-30,05:14:52'], dtype='<U19')]
 [array(['2022-09-30,05:14:53'], dtype='<U19')]
 [array(['2022-09-30,05:14:53'], dtype='<U19')]]","[[0.   ]
 [0.017]
 [0.034]
 ...
 [4.997]
 [5.001]
 [5.001]]","[[3.3937]
 [3.4215]
 [3.4357]
 ...
 [3.2347]
 [3.2347]
 [3.2347]]","[[3.9988]
 [3.9998]
 [3.9999]
 ...
 [0.    ]
 [0.    ]
 [0.    ]]","[[0.   ]
 [0.001]
 [0.002]
 ...
 [0.   ]
 [0.   ]
 [0.   ]]","[[0.   ]
 [0.004]
 [0.008]
 ...
 [0.   ]
 [0.   ]
 [0.   ]]","[[28.8]
 [28.8]
 [28.7]
 ...
 [28.7]
 [28.7]
 [28.7]]",['2C charge and 1C discharge']
"[[array(['2022-09-30,05:14:54'], dtype='<U19')]
 [array(['2022-09-30,05:14:55'], dtype='<U19')]
 [array(['2022-09-30,05:14:56'], dtype='<U19')]
 ...
 [array(['2022-09-30,07:11:31'], dtype='<U19')]
 [array(['2022-09-30,07:11:31'], dtype='<U19')]
 [array(['2022-09-30,07:11:31'], dtype='<U19')]]","[[0.   ]
 [0.017]
 [0.034]
 ...
 [4.999]
 [5.   ]
 [5.   ]]","[[3.394 ]
 [3.4192]
 [3.436 ]
 ...
 [3.2348]
 [3.2348]
 [3.2348]]","[[3.9988]
 [3.9999]
 [3.9999]
 ...
 [0.    ]
 [0.    ]
 [0.    ]]","[[0.   ]
 [0.001]
 [0.002]
 ...
 [0.   ]
 [0.   ]
 [0.   ]]","[[0.   ]
 [0.004]
 [0.008]
 ...
 [0.   ]
 [0.   ]
 [0.   ]]","[[28.7]
 [28.7]
 [28.7]
 ...
 [28.7]
 [28.7]
 [28.7]]",['2C charge and 1C discharge']
"[[array(['2022-09-30,07:11:32'], dtype='<U19')]
 [array(['2022-09-30,07:11:33'], dtype='<U19')]
 [array(['2022-09-30,07:11:34'], dtype='<U19')]
 ...
 [array(['2022-09-30,09:08:14'], dtype='<U19')]
 [array(['2022-09-30,09:08:14'], dtype='<U19')]
 [array(['2022-09-30,09:08:14'], dtype='<U19')]]","[[0.   ]
 [0.017]
 [0.034]
 ...
 [4.999]
 [5.   ]
 [5.   ]]","[[3.3927]
 [3.4224]
 [3.4361]
 ...
 [3.2353]
 [3.2351]
 [3.2351]]","[[3.9988]
 [3.9999]
 [3.9999]
 ...
 [0.    ]
 [0.    ]
 [0.    ]]","[[0.   ]
 [0.001]
 [0.002]
 ...
 [0.   ]
 [0.   ]
 [0.   ]]","[[0.   ]
 [0.004]
 [0.008]
 ...
 [0.   ]
 [0.   ]
 [0.   ]]","[[28.7]
 [28.7]
 [28.7]
 ...
 [28.8]
 [28.8]
 [28.8]]",['2C charge and 1C discharge']
"[[array(['2022-09-30,09:08:15'], dtype='<U19')]
 [array(['2022-09-30,09:08:16'], dtype='<U19')]
 [array(['2022-09-30,09:08:17'], dtype='<U19')]
 ...
 [array(['2022-09-30,11:04:49'], dtype='<U19')]
 [array(['2022-09-30,11:04:50'], dtype='<U19')]
 [array(['2022-09-30,11:04:50'], dtype='<U19')]]","[[0.   ]
 [0.017]
 [0.034]
 ...
 [4.983]
 [5.   ]
 [5.   ]]","[[3.3951]
 [3.4229]
 [3.437 ]
 ...
 [3.2331]
 [3.2333]
 [3.2333]]","[[3.9988]
 [3.9999]
 [3.9999]
 ...
 [0.    ]
 [0.    ]
 [0.    ]]","[[0.   ]
 [0.001]
 [0.002]
 ...
 [0.   ]
 [0.   ]
 [0.   ]]","[[0.   ]
 [0.004]
 [0.008]
 ...
 [0.   ]
 [0.   ]
 [0.   ]]","[[28.8]
 [28.7]
 [28.7]
 ...
 [28.9]
 [28.9]
 [28.9]]",['2C charge and 1C discharge']
"[[array(['2022-09-30,11:04:51'], dtype='<U19')]
 [array(['2022-09-30,11:04:52'], dtype='<U19')]
 [array(['2022-09-30,11:04:53'], dtype='<U19')]
 ...
 [array(['2022-09-30,13:01:24'], dtype='<U19')]
 [array(['2022-09-30,13:01:25'], dtype='<U19')]
 [array(['2022-09-30,13:01:25'], dtype='<U19')]]","[[0.   ]
 [0.017]
 [0.034]
 ...
 [4.983]
 [5.   ]
 [5.   ]]","[[3.392 ]
 [3.4201]
 [3.4346]
 ...
 [3.2334]
 [3.2336]
 [3.2336]]","[[3.9988]
 [3.9999]
 [3.9999]
 ...
 [0.    ]
 [0.    ]
 [0.    ]]","[[0.   ]
 [0.001]
 [0.002]
 ...
 [0.   ]
 [0.   ]
 [0.   ]]","[[0.   ]
 [0.004]
 [0.008]
 ...
 [0.   ]
 [0.   ]
 [0.   ]]","[[28.9]
 [28.9]
 [28.9]
 ...
 [28.9]
 [28.9]
 [28.9]]",['2C charge and 1C discharge']
"[[array(['2022-09-30,13:01:26'], dtype='<U19')]
 [array(['2022-09-30,13:01:27'], dtype='<U19')]
 [array(['2022-09-30,13:01:28'], dtype='<U19')]
 ...
 [array(['2022-09-30,14:58:04'], dtype='<U19')]
 [array(['2022-09-30,14:58:04'], dtype='<U19')]
 [array(['2022-09-30,14:58:04'], dtype='<U19')]]","[[0.   ]
 [0.017]
 [0.034]
 ...
 [4.999]
 [5.   ]
 [5.   ]]","[[3.392 ]
 [3.4204]
 [3.4347]
 ...
 [3.2336]
 [3.2336]
 [3.2336]]","[[3.9991]
 [3.9999]
 [3.9999]
 ...
 [0.    ]
 [0.    ]
 [0.    ]]","[[0.   ]
 [0.001]
 [0.002]
 ...
 [0.   ]
 [0.   ]
 [0.   ]]","[[0.   ]
 [0.004]
 [0.008]
 ...
 [0.   ]
 [0.   ]
 [0.   ]]","[[28.9]
 [28.9]
 [28.9]
 ...
 [28.9]
 [28.9]
 [28.9]]",['2C charge and 1C discharge']
"[[array(['2022-09-30,14:58:05'], dtype='<U19')]
 [array(['2022-09-30,14:58:06'], dtype='<U19')]
 [array(['2022-09-30,14:58:07'], dtype='<U19')]
 ...
 [array(['2022-09-30,16:54:40'], dtype='<U19')]
 [array(['2022-09-30,16:54:40'], dtype='<U19')]
 [array(['2022-09-30,16:54:40'], dtype='<U19')]]","[[0.   ]
 [0.017]
 [0.034]
 ...
 [4.998]
 [5.   ]
 [5.   ]]","[[3.3931]
 [3.4209]
 [3.4352]
 ...
 [3.2345]
 [3.2345]
 [3.2345]]","[[3.9985]
 [3.9999]
 [3.9999]
 ...
 [0.    ]
 [0.    ]
 [0.    ]]","[[0.   ]
 [0.001]
 [0.002]
 ...
 [0.   ]
 [0.   ]
 [0.   ]]","[[0.   ]
 [0.004]
 [0.008]
 ...
 [0.   ]
 [0.   ]
 [0.   ]]","[[28.9]
 [28.9]
 [28.9]
 ...
 [28.9]
 [28.9]
 [28.9]]",['2C charge and 1C discharge']
"[[array(['2022-09-30,16:54:41'], dtype='<U19')]
 [array(['2022-09-30,16:54:42'], dtype='<U19')]
 [array(['2022-09-30,16:54:43'], dtype='<U19')]
 ...
 [array(['2022-09-30,18:51:15'], dtype='<U19')]
 [array(['2022-09-30,18:51:16'], dtype='<U19')]
 [array(['2022-09-30,18:51:16'], dtype='<U19')]]","[[0.   ]
 [0.017]
 [0.034]
 ...
 [4.998]
 [5.001]
 [5.001]]","[[3.3935]
 [3.4218]
 [3.436 ]
 ...
 [3.2371]
 [3.2374]
 [3.2374]]","[[3.9991]
 [3.9999]
 [3.9999]
 ...
 [0.    ]
 [0.    ]
 [0.    ]]","[[0.   ]
 [0.001]
 [0.002]
 ...
 [0.   ]
 [0.   ]
 [0.   ]]","[[0.   ]
 [0.004]
 [0.008]
 ...
 [0.   ]
 [0.   ]
 [0.   ]]","[[28.9]
 [28.8]
 [28.8]
 ...
 [28.6]
 [28.6]
 [28.6]]",['2C charge and 1C discharge']
"[[array(['2022-09-30,18:51:17'], dtype='<U19')]
 [array(['2022-09-30,18:51:18'], dtype='<U19')]
 [array(['2022-09-30,18:51:19'], dtype='<U19')]
 ...
 [array(['2022-09-30,20:47:57'], dtype='<U19')]
 [array(['2022-09-30,20:47:57'], dtype='<U19')]
 [array(['2022-09-30,20:47:58'], dtype='<U19')]]","[[0.   ]
 [0.017]
 [0.034]
 ...
 [4.999]
 [5.001]
 [5.001]]","[[3.3957]
 [3.4257]
 [3.4398]
 ...
 [3.2383]
 [3.2383]
 [3.2385]]","[[3.9988]
 [3.9999]
 [3.9998]
 ...
 [0.    ]
 [0.    ]
 [0.    ]]","[[0.   ]
 [0.001]
 [0.002]
 ...
 [0.   ]
 [0.   ]
 [0.   ]]","[[0.   ]
 [0.004]
 [0.008]
 ...
 [0.   ]
 [0.   ]
 [0.   ]]","[[28.6]
 [28.6]
 [28.6]
 ...
 [28.5]
 [28.6]
 [28.6]]",['2C charge and 1C discharge']
"[[array(['2022-09-30,20:47:59'], dtype='<U19')]
 [array(['2022-09-30,20:48:00'], dtype='<U19')]
 [array(['2022-09-30,20:48:01'], dtype='<U19')]
 ...
 [array(['2022-09-30,22:44:42'], dtype='<U19')]
 [array(['2022-09-30,22:44:42'], dtype='<U19')]
 [array(['2022-09-30,22:44:42'], dtype='<U19')]]","[[0.   ]
 [0.017]
 [0.034]
 ...
 [4.999]
 [5.   ]
 [5.   ]]","[[3.3989]
 [3.427 ]
 [3.4413]
 ...
 [3.2385]
 [3.2385]
 [3.2385]]","[[3.9988]
 [3.9999]
 [3.9999]
 ...
 [0.    ]
 [0.    ]
 [0.    ]]","[[0.   ]
 [0.001]
 [0.002]
 ...
 [0.   ]
 [0.   ]
 [0.   ]]","[[0.   ]
 [0.004]
 [0.008]
 ...
 [0.   ]
 [0.   ]
 [0.   ]]","[[28.6]
 [28.6]
 [28.5]
 ...
 [28.6]
 [28.5]
 [28.6]]",['2C charge and 1C discharge']
"[[array(['2022-09-30,22:44:43'], dtype='<U19')]
 [array(['2022-09-30,22:44:44'], dtype='<U19')]
 [array(['2022-09-30,22:44:45'], dtype='<U19')]
 ...
 [array(['2022-10-01,00:41:26'], dtype='<U19')]
 [array(['2022-10-01,00:41:26'], dtype='<U19')]
 [array(['2022-10-01,00:41:26'], dtype='<U19')]]","[[0.   ]
 [0.017]
 [0.035]
 ...
 [4.999]
 [5.001]
 [5.001]]","[[3.3978]
 [3.4267]
 [3.4413]
 ...
 [3.2394]
 [3.2394]
 [3.2396]]","[[3.9988]
 [3.9999]
 [3.9999]
 ...
 [0.    ]
 [0.    ]
 [0.    ]]","[[0.   ]
 [0.001]
 [0.002]
 ...
 [0.   ]
 [0.   ]
 [0.   ]]","[[0.   ]
 [0.004]
 [0.008]
 ...
 [0.   ]
 [0.   ]
 [0.   ]]","[[28.6]
 [28.5]
 [28.5]
 ...
 [28.5]
 [28.5]
 [28.5]]",['2C charge and 1C discharge']
"[[array(['2022-10-01,00:41:27'], dtype='<U19')]
 [array(['2022-10-01,00:41:28'], dtype='<U19')]
 [array(['2022-10-01,00:41:29'], dtype='<U19')]
 ...
 [array(['2022-10-01,02:38:14'], dtype='<U19')]
 [array(['2022-10-01,02:38:14'], dtype='<U19')]
 [array(['2022-10-01,02:38:14'], dtype='<U19')]]","[[0.   ]
 [0.017]
 [0.034]
 ...
 [4.999]
 [5.001]
 [5.001]]","[[3.3991]
 [3.428 ]
 [3.4424]
 ...
 [3.2406]
 [3.2406]
 [3.2406]]","[[3.9988]
 [3.9999]
 [3.9998]
 ...
 [0.    ]
 [0.    ]
 [0.    ]]","[[0.   ]
 [0.001]
 [0.002]
 ...
 [0.   ]
 [0.   ]
 [0.   ]]","[[0.   ]
 [0.004]
 [0.008]
 ...
 [0.   ]
 [0.   ]
 [0.   ]]","[[28.5]
 [28.5]
 [28.5]
 ...
 [28.4]
 [28.4]
 [28.4]]",['2C charge and 1C discharge']
"[[array(['2022-10-01,02:38:15'], dtype='<U19')]
 [array(['2022-10-01,02:38:16'], dtype='<U19')]
 [array(['2022-10-01,02:38:17'], dtype='<U19')]
 ...
 [array(['2022-10-01,04:34:58'], dtype='<U19')]
 [array(['2022-10-01,04:34:59'], dtype='<U19')]
 [array(['2022-10-01,04:34:59'], dtype='<U19')]]","[[0.   ]
 [0.017]
 [0.034]
 ...
 [4.997]
 [5.001]
 [5.001]]","[[3.4009]
 [3.4297]
 [3.4441]
 ...
 [3.2414]
 [3.2414]
 [3.2414]]","[[3.9988]
 [3.9999]
 [3.9998]
 ...
 [0.    ]
 [0.    ]
 [0.    ]]","[[0.   ]
 [0.001]
 [0.002]
 ...
 [0.   ]
 [0.   ]
 [0.   ]]","[[0.   ]
 [0.004]
 [0.008]
 ...
 [0.   ]
 [0.   ]
 [0.   ]]","[[28.4]
 [28.4]
 [28.4]
 ...
 [28.4]
 [28.4]
 [28.4]]",['2C charge and 1C discharge']
"[[array(['2022-10-01,04:35:00'], dtype='<U19')]
 [array(['2022-10-01,04:35:01'], dtype='<U19')]
 [array(['2022-10-01,04:35:02'], dtype='<U19')]
 ...
 [array(['2022-10-01,06:31:45'], dtype='<U19')]
 [array(['2022-10-01,06:31:46'], dtype='<U19')]
 [array(['2022-10-01,06:31:47'], dtype='<U19')]]","[[0.   ]
 [0.017]
 [0.034]
 ...
 [4.983]
 [5.001]
 [5.001]]","[[3.4006]
 [3.4301]
 [3.4449]
 ...
 [3.2416]
 [3.2417]
 [3.2417]]","[[3.9988]
 [3.9999]
 [3.9999]
 ...
 [0.    ]
 [0.    ]
 [0.    ]]","[[0.   ]
 [0.001]
 [0.002]
 ...
 [0.   ]
 [0.   ]
 [0.   ]]","[[0.   ]
 [0.004]
 [0.008]
 ...
 [0.   ]
 [0.   ]
 [0.   ]]","[[28.4]
 [28.4]
 [28.4]
 ...
 [28.3]
 [28.3]
 [28.3]]",['2C charge and 1C discharge']
"[[array(['2022-10-01,06:31:48'], dtype='<U19')]
 [array(['2022-10-01,06:31:49'], dtype='<U19')]
 [array(['2022-10-01,06:31:50'], dtype='<U19')]
 ...
 [array(['2022-10-01,08:28:30'], dtype='<U19')]
 [array(['2022-10-01,08:28:31'], dtype='<U19')]
 [array(['2022-10-01,08:28:31'], dtype='<U19')]]","[[0.   ]
 [0.017]
 [0.034]
 ...
 [4.998]
 [5.   ]
 [5.   ]]","[[3.4027]
 [3.4313]
 [3.4453]
 ...
 [3.2423]
 [3.2423]
 [3.2423]]","[[3.9991]
 [3.9999]
 [3.9999]
 ...
 [0.    ]
 [0.    ]
 [0.    ]]","[[0.   ]
 [0.001]
 [0.002]
 ...
 [0.   ]
 [0.   ]
 [0.   ]]","[[0.   ]
 [0.004]
 [0.008]
 ...
 [0.   ]
 [0.   ]
 [0.   ]]","[[28.3]
 [28.3]
 [28.3]
 ...
 [28.3]
 [28.3]
 [28.3]]",['2C charge and 1C discharge']
"[[array(['2022-10-01,08:28:32'], dtype='<U19')]
 [array(['2022-10-01,08:28:33'], dtype='<U19')]
 [array(['2022-10-01,08:28:34'], dtype='<U19')]
 ...
 [array(['2022-10-01,10:25:16'], dtype='<U19')]
 [array(['2022-10-01,10:25:16'], dtype='<U19')]
 [array(['2022-10-01,10:25:16'], dtype='<U19')]]","[[0.   ]
 [0.017]
 [0.034]
 ...
 [4.998]
 [5.   ]
 [5.   ]]","[[3.4018]
 [3.4321]
 [3.4466]
 ...
 [3.2431]
 [3.243 ]
 [3.2431]]","[[3.9985]
 [3.9999]
 [3.9999]
 ...
 [0.    ]
 [0.    ]
 [0.    ]]","[[0.   ]
 [0.001]
 [0.002]
 ...
 [0.   ]
 [0.   ]
 [0.   ]]","[[0.   ]
 [0.004]
 [0.008]
 ...
 [0.   ]
 [0.   ]
 [0.   ]]","[[28.3]
 [28.3]
 [28.3]
 ...
 [28.2]
 [28.2]
 [28.2]]",['2C charge and 1C discharge']
"[[array(['2022-10-01,10:25:17'], dtype='<U19')]
 [array(['2022-10-01,10:25:18'], dtype='<U19')]
 [array(['2022-10-01,10:25:19'], dtype='<U19')]
 ...
 [array(['2022-10-01,12:22:01'], dtype='<U19')]
 [array(['2022-10-01,12:22:01'], dtype='<U19')]
 [array(['2022-10-01,12:22:01'], dtype='<U19')]]","[[0.   ]
 [0.017]
 [0.034]
 ...
 [4.998]
 [5.   ]
 [5.   ]]","[[3.4032]
 [3.4326]
 [3.4472]
 ...
 [3.2434]
 [3.2434]
 [3.2436]]","[[3.9991]
 [3.9999]
 [3.9999]
 ...
 [0.    ]
 [0.    ]
 [0.    ]]","[[0.   ]
 [0.001]
 [0.002]
 ...
 [0.   ]
 [0.   ]
 [0.   ]]","[[0.   ]
 [0.004]
 [0.008]
 ...
 [0.   ]
 [0.   ]
 [0.   ]]","[[28.2]
 [28.2]
 [28.2]
 ...
 [28.3]
 [28.3]
 [28.3]]",['2C charge and 1C discharge']
"[[array(['2022-10-01,12:22:02'], dtype='<U19')]
 [array(['2022-10-01,12:22:03'], dtype='<U19')]
 [array(['2022-10-01,12:22:04'], dtype='<U19')]
 ...
 [array(['2022-10-01,14:18:46'], dtype='<U19')]
 [array(['2022-10-01,14:18:46'], dtype='<U19')]
 [array(['2022-10-01,14:18:47'], dtype='<U19')]]","[[0.   ]
 [0.017]
 [0.034]
 ...
 [4.989]
 [5.001]
 [5.001]]","[[3.4047]
 [3.4333]
 [3.4478]
 ...
 [3.2434]
 [3.2436]
 [3.2436]]","[[3.9991]
 [3.9999]
 [3.9999]
 ...
 [0.    ]
 [0.    ]
 [0.    ]]","[[0.   ]
 [0.001]
 [0.002]
 ...
 [0.   ]
 [0.   ]
 [0.   ]]","[[0.   ]
 [0.004]
 [0.008]
 ...
 [0.   ]
 [0.   ]
 [0.   ]]","[[28.2]
 [28.2]
 [28.3]
 ...
 [28.3]
 [28.3]
 [28.3]]",['2C charge and 1C discharge']
"[[array(['2022-10-01,14:18:48'], dtype='<U19')]
 [array(['2022-10-01,14:18:49'], dtype='<U19')]
 [array(['2022-10-01,14:18:50'], dtype='<U19')]
 ...
 [array(['2022-10-01,16:15:28'], dtype='<U19')]
 [array(['2022-10-01,16:15:28'], dtype='<U19')]
 [array(['2022-10-01,16:15:28'], dtype='<U19')]]","[[0.   ]
 [0.017]
 [0.034]
 ...
 [4.995]
 [5.001]
 [5.001]]","[[3.4034]
 [3.4327]
 [3.4473]
 ...
 [3.2437]
 [3.2439]
 [3.2439]]","[[3.9988]
 [3.9999]
 [3.9999]
 ...
 [0.    ]
 [0.    ]
 [0.    ]]","[[0.   ]
 [0.001]
 [0.002]
 ...
 [0.   ]
 [0.   ]
 [0.   ]]","[[0.   ]
 [0.004]
 [0.008]
 ...
 [0.   ]
 [0.   ]
 [0.   ]]","[[28.3]
 [28.3]
 [28.2]
 ...
 [28.2]
 [28.2]
 [28.2]]",['2C charge and 1C discharge']
"[[array(['2022-10-01,16:15:29'], dtype='<U19')]
 [array(['2022-10-01,16:15:30'], dtype='<U19')]
 [array(['2022-10-01,16:15:31'], dtype='<U19')]
 ...
 [array(['2022-10-01,18:12:11'], dtype='<U19')]
 [array(['2022-10-01,18:12:12'], dtype='<U19')]
 [array(['2022-10-01,18:12:12'], dtype='<U19')]]","[[0.   ]
 [0.017]
 [0.034]
 ...
 [4.996]
 [5.   ]
 [5.   ]]","[[3.4041]
 [3.4335]
 [3.448 ]
 ...
 [3.2442]
 [3.2445]
 [3.2445]]","[[3.9991]
 [3.9999]
 [4.    ]
 ...
 [0.    ]
 [0.    ]
 [0.    ]]","[[0.   ]
 [0.001]
 [0.002]
 ...
 [0.   ]
 [0.   ]
 [0.   ]]","[[0.   ]
 [0.004]
 [0.008]
 ...
 [0.   ]
 [0.   ]
 [0.   ]]","[[28.2]
 [28.2]
 [28.2]
 ...
 [28.2]
 [28.2]
 [28.2]]",['2C charge and 1C discharge']
"[[array(['2022-10-01,18:12:13'], dtype='<U19')]
 [array(['2022-10-01,18:12:14'], dtype='<U19')]
 [array(['2022-10-01,18:12:15'], dtype='<U19')]
 ...
 [array(['2022-10-01,20:08:54'], dtype='<U19')]
 [array(['2022-10-01,20:08:55'], dtype='<U19')]
 [array(['2022-10-01,20:08:55'], dtype='<U19')]]","[[0.   ]
 [0.017]
 [0.034]
 ...
 [4.992]
 [5.001]
 [5.001]]","[[3.4049]
 [3.4341]
 [3.4487]
 ...
 [3.245 ]
 [3.245 ]
 [3.245 ]]","[[3.9988]
 [3.9999]
 [3.9999]
 ...
 [0.    ]
 [0.    ]
 [0.    ]]","[[0.   ]
 [0.001]
 [0.002]
 ...
 [0.   ]
 [0.   ]
 [0.   ]]","[[0.   ]
 [0.004]
 [0.008]
 ...
 [0.   ]
 [0.   ]
 [0.   ]]","[[28.2]
 [28.2]
 [28.2]
 ...
 [28.2]
 [28.2]
 [28.2]]",['2C charge and 1C discharge']
"[[array(['2022-10-01,20:08:56'], dtype='<U19')]
 [array(['2022-10-01,20:08:57'], dtype='<U19')]
 [array(['2022-10-01,20:08:58'], dtype='<U19')]
 ...
 [array(['2022-10-01,22:05:40'], dtype='<U19')]
 [array(['2022-10-01,22:05:41'], dtype='<U19')]
 [array(['2022-10-01,22:05:41'], dtype='<U19')]]","[[0.   ]
 [0.017]
 [0.034]
 ...
 [4.991]
 [5.   ]
 [5.   ]]","[[3.4061]
 [3.435 ]
 [3.4496]
 ...
 [3.2456]
 [3.2457]
 [3.2457]]","[[3.9988]
 [3.9999]
 [4.    ]
 ...
 [0.    ]
 [0.    ]
 [0.    ]]","[[0.   ]
 [0.001]
 [0.002]
 ...
 [0.   ]
 [0.   ]
 [0.   ]]","[[0.   ]
 [0.004]
 [0.008]
 ...
 [0.   ]
 [0.   ]
 [0.   ]]","[[28.2]
 [28.2]
 [28.2]
 ...
 [28.2]
 [28.2]
 [28.2]]",['2C charge and 1C discharge']
"[[array(['2022-10-01,22:05:42'], dtype='<U19')]
 [array(['2022-10-01,22:05:43'], dtype='<U19')]
 [array(['2022-10-01,22:05:44'], dtype='<U19')]
 ...
 [array(['2022-10-02,00:02:29'], dtype='<U19')]
 [array(['2022-10-02,00:02:30'], dtype='<U19')]
 [array(['2022-10-02,00:02:30'], dtype='<U19')]]","[[0.   ]
 [0.017]
 [0.034]
 ...
 [4.988]
 [5.001]
 [5.001]]","[[3.4067]
 [3.436 ]
 [3.4504]
 ...
 [3.2457]
 [3.2459]
 [3.2459]]","[[3.9985]
 [3.9998]
 [4.    ]
 ...
 [0.    ]
 [0.    ]
 [0.    ]]","[[0.   ]
 [0.001]
 [0.002]
 ...
 [0.   ]
 [0.   ]
 [0.   ]]","[[0.   ]
 [0.004]
 [0.008]
 ...
 [0.   ]
 [0.   ]
 [0.   ]]","[[28.2]
 [28.2]
 [28.2]
 ...
 [28.2]
 [28.2]
 [28.2]]",['2C charge and 1C discharge']
"[[array(['2022-10-02,00:02:31'], dtype='<U19')]
 [array(['2022-10-02,00:02:32'], dtype='<U19')]
 [array(['2022-10-02,00:02:33'], dtype='<U19')]
 ...
 [array(['2022-10-02,01:59:17'], dtype='<U19')]
 [array(['2022-10-02,01:59:18'], dtype='<U19')]
 [array(['2022-10-02,01:59:18'], dtype='<U19')]]","[[0.   ]
 [0.017]
 [0.034]
 ...
 [4.992]
 [5.   ]
 [5.   ]]","[[3.4069]
 [3.4363]
 [3.4509]
 ...
 [3.2465]
 [3.2465]
 [3.2465]]","[[3.9988]
 [3.9999]
 [3.9999]
 ...
 [0.    ]
 [0.    ]
 [0.    ]]","[[0.   ]
 [0.001]
 [0.002]
 ...
 [0.   ]
 [0.   ]
 [0.   ]]","[[0.   ]
 [0.004]
 [0.008]
 ...
 [0.   ]
 [0.   ]
 [0.   ]]","[[28.2]
 [28.1]
 [28.1]
 ...
 [28.1]
 [28.1]
 [28.1]]",['2C charge and 1C discharge']
"[[array(['2022-10-02,01:59:19'], dtype='<U19')]
 [array(['2022-10-02,01:59:20'], dtype='<U19')]
 [array(['2022-10-02,01:59:21'], dtype='<U19')]
 ...
 [array(['2022-10-02,03:56:04'], dtype='<U19')]
 [array(['2022-10-02,03:56:05'], dtype='<U19')]
 [array(['2022-10-02,03:56:05'], dtype='<U19')]]","[[0.   ]
 [0.017]
 [0.034]
 ...
 [4.989]
 [5.   ]
 [5.   ]]","[[3.4078]
 [3.4377]
 [3.4515]
 ...
 [3.2473]
 [3.2473]
 [3.2473]]","[[3.9988]
 [3.9999]
 [3.9999]
 ...
 [0.    ]
 [0.    ]
 [0.    ]]","[[0.   ]
 [0.001]
 [0.002]
 ...
 [0.   ]
 [0.   ]
 [0.   ]]","[[0.   ]
 [0.004]
 [0.008]
 ...
 [0.   ]
 [0.   ]
 [0.   ]]","[[28.1]
 [28.1]
 [28.1]
 ...
 [28.1]
 [28. ]
 [28. ]]",['2C charge and 1C discharge']
"[[array(['2022-10-02,03:56:06'], dtype='<U19')]
 [array(['2022-10-02,03:56:07'], dtype='<U19')]
 [array(['2022-10-02,03:56:08'], dtype='<U19')]
 ...
 [array(['2022-10-02,05:52:51'], dtype='<U19')]
 [array(['2022-10-02,05:52:52'], dtype='<U19')]
 [array(['2022-10-02,05:52:52'], dtype='<U19')]]","[[0.   ]
 [0.017]
 [0.034]
 ...
 [4.992]
 [5.001]
 [5.001]]","[[3.4067]
 [3.4373]
 [3.4523]
 ...
 [3.2476]
 [3.2476]
 [3.2476]]","[[3.9988]
 [3.9998]
 [3.9999]
 ...
 [0.    ]
 [0.    ]
 [0.    ]]","[[0.   ]
 [0.001]
 [0.002]
 ...
 [0.   ]
 [0.   ]
 [0.   ]]","[[0.   ]
 [0.004]
 [0.008]
 ...
 [0.   ]
 [0.   ]
 [0.   ]]","[[28.]
 [28.]
 [28.]
 ...
 [28.]
 [28.]
 [28.]]",['2C charge and 1C discharge']
"[[array(['2022-10-02,05:52:53'], dtype='<U19')]
 [array(['2022-10-02,05:52:54'], dtype='<U19')]
 [array(['2022-10-02,05:52:55'], dtype='<U19')]
 ...
 [array(['2022-10-02,07:49:36'], dtype='<U19')]
 [array(['2022-10-02,07:49:36'], dtype='<U19')]
 [array(['2022-10-02,07:49:36'], dtype='<U19')]]","[[0.   ]
 [0.017]
 [0.035]
 ...
 [4.99 ]
 [5.   ]
 [5.   ]]","[[3.4086]
 [3.4383]
 [3.4535]
 ...
 [3.2485]
 [3.2486]
 [3.2485]]","[[3.9991]
 [3.9998]
 [3.9999]
 ...
 [0.    ]
 [0.    ]
 [0.    ]]","[[0.   ]
 [0.001]
 [0.002]
 ...
 [0.   ]
 [0.   ]
 [0.   ]]","[[0.   ]
 [0.004]
 [0.008]
 ...
 [0.   ]
 [0.   ]
 [0.   ]]","[[28. ]
 [28.1]
 [28. ]
 ...
 [28. ]
 [28. ]
 [28. ]]",['2C charge and 1C discharge']
"[[array(['2022-10-02,07:49:37'], dtype='<U19')]
 [array(['2022-10-02,07:49:38'], dtype='<U19')]
 [array(['2022-10-02,07:49:39'], dtype='<U19')]
 ...
 [array(['2022-10-02,09:46:19'], dtype='<U19')]
 [array(['2022-10-02,09:46:20'], dtype='<U19')]
 [array(['2022-10-02,09:46:20'], dtype='<U19')]]","[[0.   ]
 [0.017]
 [0.034]
 ...
 [4.985]
 [5.   ]
 [5.   ]]","[[3.41  ]
 [3.4392]
 [3.4535]
 ...
 [3.2488]
 [3.249 ]
 [3.249 ]]","[[3.9991]
 [3.9999]
 [3.9999]
 ...
 [0.    ]
 [0.    ]
 [0.    ]]","[[0.   ]
 [0.001]
 [0.002]
 ...
 [0.   ]
 [0.   ]
 [0.   ]]","[[0.   ]
 [0.004]
 [0.008]
 ...
 [0.   ]
 [0.   ]
 [0.   ]]","[[28.]
 [28.]
 [28.]
 ...
 [28.]
 [28.]
 [28.]]",['2C charge and 1C discharge']
"[[array(['2022-10-02,09:46:21'], dtype='<U19')]
 [array(['2022-10-02,09:46:22'], dtype='<U19')]
 [array(['2022-10-02,09:46:23'], dtype='<U19')]
 ...
 [array(['2022-10-02,11:43:03'], dtype='<U19')]
 [array(['2022-10-02,11:43:04'], dtype='<U19')]
 [array(['2022-10-02,11:43:04'], dtype='<U19')]]","[[0.   ]
 [0.017]
 [0.034]
 ...
 [4.987]
 [5.   ]
 [5.   ]]","[[3.4107]
 [3.4392]
 [3.454 ]
 ...
 [3.2486]
 [3.2486]
 [3.2488]]","[[3.9991]
 [3.9998]
 [3.9999]
 ...
 [0.    ]
 [0.    ]
 [0.    ]]","[[0.   ]
 [0.001]
 [0.002]
 ...
 [0.   ]
 [0.   ]
 [0.   ]]","[[0.   ]
 [0.004]
 [0.008]
 ...
 [0.   ]
 [0.   ]
 [0.   ]]","[[28.]
 [28.]
 [28.]
 ...
 [28.]
 [28.]
 [28.]]",['2C charge and 1C discharge']
"[[array(['2022-10-02,11:43:05'], dtype='<U19')]
 [array(['2022-10-02,11:43:06'], dtype='<U19')]
 [array(['2022-10-02,11:43:07'], dtype='<U19')]
 ...
 [array(['2022-10-02,13:39:53'], dtype='<U19')]
 [array(['2022-10-02,13:39:54'], dtype='<U19')]
 [array(['2022-10-02,13:39:54'], dtype='<U19')]]","[[0.   ]
 [0.017]
 [0.033]
 ...
 [4.993]
 [5.   ]
 [5.   ]]","[[3.4115]
 [3.4395]
 [3.4538]
 ...
 [3.2491]
 [3.2491]
 [3.2491]]","[[3.9991]
 [3.9999]
 [3.9999]
 ...
 [0.    ]
 [0.    ]
 [0.    ]]","[[0.   ]
 [0.001]
 [0.002]
 ...
 [0.   ]
 [0.   ]
 [0.   ]]","[[0.   ]
 [0.004]
 [0.008]
 ...
 [0.   ]
 [0.   ]
 [0.   ]]","[[27.9]
 [27.9]
 [27.9]
 ...
 [28. ]
 [28. ]
 [28. ]]",['2C charge and 1C discharge']
"[[array(['2022-10-02,13:39:55'], dtype='<U19')]
 [array(['2022-10-02,13:39:56'], dtype='<U19')]
 [array(['2022-10-02,13:39:57'], dtype='<U19')]
 ...
 [array(['2022-10-02,15:36:37'], dtype='<U19')]
 [array(['2022-10-02,15:36:38'], dtype='<U19')]
 [array(['2022-10-02,15:36:38'], dtype='<U19')]]","[[0.   ]
 [0.017]
 [0.034]
 ...
 [4.99 ]
 [5.   ]
 [5.   ]]","[[3.4101]
 [3.44  ]
 [3.4546]
 ...
 [3.25  ]
 [3.25  ]
 [3.25  ]]","[[3.9988]
 [3.9999]
 [3.9999]
 ...
 [0.    ]
 [0.    ]
 [0.    ]]","[[0.   ]
 [0.001]
 [0.002]
 ...
 [0.   ]
 [0.   ]
 [0.   ]]","[[0.   ]
 [0.004]
 [0.008]
 ...
 [0.   ]
 [0.   ]
 [0.   ]]","[[27.9]
 [27.9]
 [27.9]
 ...
 [27.9]
 [27.9]
 [27.9]]",['2C charge and 1C discharge']
"[[array(['2022-10-02,15:36:39'], dtype='<U19')]
 [array(['2022-10-02,15:36:40'], dtype='<U19')]
 [array(['2022-10-02,15:36:41'], dtype='<U19')]
 ...
 [array(['2022-10-02,17:33:21'], dtype='<U19')]
 [array(['2022-10-02,17:33:21'], dtype='<U19')]
 [array(['2022-10-02,17:33:21'], dtype='<U19')]]","[[0.   ]
 [0.017]
 [0.034]
 ...
 [4.989]
 [5.   ]
 [5.   ]]","[[3.4112]
 [3.4412]
 [3.4556]
 ...
 [3.2499]
 [3.25  ]
 [3.2499]]","[[3.9991]
 [3.9999]
 [3.9999]
 ...
 [0.    ]
 [0.    ]
 [0.    ]]","[[0.   ]
 [0.001]
 [0.002]
 ...
 [0.   ]
 [0.   ]
 [0.   ]]","[[0.   ]
 [0.004]
 [0.008]
 ...
 [0.   ]
 [0.   ]
 [0.   ]]","[[27.9]
 [27.9]
 [27.9]
 ...
 [27.9]
 [27.9]
 [27.9]]",['2C charge and 1C discharge']
"[[array(['2022-10-02,17:33:22'], dtype='<U19')]
 [array(['2022-10-02,17:33:23'], dtype='<U19')]
 [array(['2022-10-02,17:33:24'], dtype='<U19')]
 ...
 [array(['2022-10-02,19:30:05'], dtype='<U19')]
 [array(['2022-10-02,19:30:05'], dtype='<U19')]
 [array(['2022-10-02,19:30:06'], dtype='<U19')]]","[[0.   ]
 [0.017]
 [0.034]
 ...
 [4.988]
 [5.   ]
 [5.   ]]","[[3.4097]
 [3.4412]
 [3.4553]
 ...
 [3.25  ]
 [3.2502]
 [3.2502]]","[[3.9988]
 [3.9999]
 [3.9999]
 ...
 [0.    ]
 [0.    ]
 [0.    ]]","[[0.   ]
 [0.001]
 [0.002]
 ...
 [0.   ]
 [0.   ]
 [0.   ]]","[[0.   ]
 [0.004]
 [0.008]
 ...
 [0.   ]
 [0.   ]
 [0.   ]]","[[27.9]
 [27.9]
 [27.9]
 ...
 [27.9]
 [27.9]
 [27.9]]",['2C charge and 1C discharge']
"[[array(['2022-10-02,19:30:07'], dtype='<U19')]
 [array(['2022-10-02,19:30:08'], dtype='<U19')]
 [array(['2022-10-02,19:30:09'], dtype='<U19')]
 ...
 [array(['2022-10-02,21:26:47'], dtype='<U19')]
 [array(['2022-10-02,21:26:48'], dtype='<U19')]
 [array(['2022-10-02,21:26:48'], dtype='<U19')]]","[[0.   ]
 [0.017]
 [0.034]
 ...
 [4.985]
 [5.001]
 [5.001]]","[[3.4114]
 [3.4409]
 [3.4558]
 ...
 [3.2503]
 [3.2505]
 [3.2505]]","[[3.9985]
 [3.9999]
 [3.9999]
 ...
 [0.    ]
 [0.    ]
 [0.    ]]","[[0.   ]
 [0.001]
 [0.002]
 ...
 [0.   ]
 [0.   ]
 [0.   ]]","[[0.   ]
 [0.004]
 [0.008]
 ...
 [0.   ]
 [0.   ]
 [0.   ]]","[[27.9]
 [27.9]
 [27.9]
 ...
 [27.9]
 [27.9]
 [27.9]]",['2C charge and 1C discharge']
"[[array(['2022-10-02,21:26:49'], dtype='<U19')]
 [array(['2022-10-02,21:26:50'], dtype='<U19')]
 [array(['2022-10-02,21:26:51'], dtype='<U19')]
 ...
 [array(['2022-10-02,23:23:30'], dtype='<U19')]
 [array(['2022-10-02,23:23:30'], dtype='<U19')]
 [array(['2022-10-02,23:23:30'], dtype='<U19')]]","[[0.   ]
 [0.017]
 [0.034]
 ...
 [4.991]
 [5.001]
 [5.001]]","[[3.4112]
 [3.4415]
 [3.4558]
 ...
 [3.2506]
 [3.2506]
 [3.2508]]","[[3.9991]
 [3.9999]
 [3.9999]
 ...
 [0.    ]
 [0.    ]
 [0.    ]]","[[0.   ]
 [0.001]
 [0.002]
 ...
 [0.   ]
 [0.   ]
 [0.   ]]","[[0.   ]
 [0.004]
 [0.008]
 ...
 [0.   ]
 [0.   ]
 [0.   ]]","[[27.9]
 [27.9]
 [27.9]
 ...
 [27.9]
 [27.9]
 [27.9]]",['2C charge and 1C discharge']
"[[array(['2022-10-02,23:23:31'], dtype='<U19')]
 [array(['2022-10-02,23:23:32'], dtype='<U19')]
 [array(['2022-10-02,23:23:33'], dtype='<U19')]
 ...
 [array(['2022-10-03,01:20:16'], dtype='<U19')]
 [array(['2022-10-03,01:20:16'], dtype='<U19')]
 [array(['2022-10-03,01:20:16'], dtype='<U19')]]","[[0.   ]
 [0.017]
 [0.034]
 ...
 [4.996]
 [5.001]
 [5.001]]","[[3.414 ]
 [3.4426]
 [3.4572]
 ...
 [3.2511]
 [3.2511]
 [3.2511]]","[[3.9991]
 [3.9999]
 [3.9999]
 ...
 [0.    ]
 [0.    ]
 [0.    ]]","[[0.   ]
 [0.001]
 [0.002]
 ...
 [0.   ]
 [0.   ]
 [0.   ]]","[[0.   ]
 [0.004]
 [0.008]
 ...
 [0.   ]
 [0.   ]
 [0.   ]]","[[27.9]
 [27.9]
 [27.9]
 ...
 [27.9]
 [27.9]
 [27.9]]",['2C charge and 1C discharge']
"[[array(['2022-10-03,01:20:17'], dtype='<U19')]
 [array(['2022-10-03,01:20:18'], dtype='<U19')]
 [array(['2022-10-03,01:20:19'], dtype='<U19')]
 ...
 [array(['2022-10-03,03:16:56'], dtype='<U19')]
 [array(['2022-10-03,03:16:57'], dtype='<U19')]
 [array(['2022-10-03,03:16:57'], dtype='<U19')]]","[[0.   ]
 [0.017]
 [0.034]
 ...
 [4.984]
 [5.   ]
 [5.   ]]","[[3.4135]
 [3.4426]
 [3.457 ]
 ...
 [3.2523]
 [3.2525]
 [3.2525]]","[[3.9991]
 [3.9999]
 [3.9999]
 ...
 [0.    ]
 [0.    ]
 [0.    ]]","[[0.   ]
 [0.001]
 [0.002]
 ...
 [0.   ]
 [0.   ]
 [0.   ]]","[[0.   ]
 [0.004]
 [0.008]
 ...
 [0.   ]
 [0.   ]
 [0.   ]]","[[27.9]
 [27.9]
 [27.8]
 ...
 [27.9]
 [27.9]
 [27.9]]",['2C charge and 1C discharge']
"[[array(['2022-10-03,03:16:58'], dtype='<U19')]
 [array(['2022-10-03,03:16:59'], dtype='<U19')]
 [array(['2022-10-03,03:17:00'], dtype='<U19')]
 ...
 [array(['2022-10-03,05:13:39'], dtype='<U19')]
 [array(['2022-10-03,05:13:39'], dtype='<U19')]
 [array(['2022-10-03,05:13:39'], dtype='<U19')]]","[[0.   ]
 [0.017]
 [0.034]
 ...
 [4.992]
 [5.   ]
 [5.   ]]","[[3.4144]
 [3.4449]
 [3.4583]
 ...
 [3.2537]
 [3.2539]
 [3.2539]]","[[3.9991]
 [3.9999]
 [3.9998]
 ...
 [0.    ]
 [0.    ]
 [0.    ]]","[[0.   ]
 [0.001]
 [0.002]
 ...
 [0.   ]
 [0.   ]
 [0.   ]]","[[0.   ]
 [0.004]
 [0.008]
 ...
 [0.   ]
 [0.   ]
 [0.   ]]","[[27.9]
 [27.9]
 [27.9]
 ...
 [27.7]
 [27.7]
 [27.7]]",['2C charge and 1C discharge']
"[[array(['2022-10-03,05:13:40'], dtype='<U19')]
 [array(['2022-10-03,05:13:42'], dtype='<U19')]
 [array(['2022-10-03,05:13:43'], dtype='<U19')]
 ...
 [array(['2022-10-03,07:10:20'], dtype='<U19')]
 [array(['2022-10-03,07:10:20'], dtype='<U19')]
 [array(['2022-10-03,07:10:20'], dtype='<U19')]]","[[0.   ]
 [0.017]
 [0.034]
 ...
 [4.989]
 [5.001]
 [5.001]]","[[3.4157]
 [3.4457]
 [3.4607]
 ...
 [3.2554]
 [3.2556]
 [3.2556]]","[[3.9991]
 [3.9999]
 [3.9999]
 ...
 [0.    ]
 [0.    ]
 [0.    ]]","[[0.   ]
 [0.001]
 [0.002]
 ...
 [0.   ]
 [0.   ]
 [0.   ]]","[[0.   ]
 [0.004]
 [0.008]
 ...
 [0.   ]
 [0.   ]
 [0.   ]]","[[27.7]
 [27.7]
 [27.7]
 ...
 [27.7]
 [27.6]
 [27.6]]",['2C charge and 1C discharge']
"[[array(['2022-10-03,07:10:21'], dtype='<U19')]
 [array(['2022-10-03,07:10:22'], dtype='<U19')]
 [array(['2022-10-03,07:10:23'], dtype='<U19')]
 ...
 [array(['2022-10-03,09:07:07'], dtype='<U19')]
 [array(['2022-10-03,09:07:08'], dtype='<U19')]
 [array(['2022-10-03,09:07:08'], dtype='<U19')]]","[[0.   ]
 [0.017]
 [0.034]
 ...
 [4.985]
 [5.   ]
 [5.   ]]","[[3.4187]
 [3.4483]
 [3.4629]
 ...
 [3.2563]
 [3.2565]
 [3.2565]]","[[3.9991]
 [3.9999]
 [3.9999]
 ...
 [0.    ]
 [0.    ]
 [0.    ]]","[[0.   ]
 [0.001]
 [0.002]
 ...
 [0.   ]
 [0.   ]
 [0.   ]]","[[0.   ]
 [0.004]
 [0.008]
 ...
 [0.   ]
 [0.   ]
 [0.   ]]","[[27.6]
 [27.7]
 [27.6]
 ...
 [27.6]
 [27.6]
 [27.6]]",['2C charge and 1C discharge']
"[[array(['2022-10-03,09:07:09'], dtype='<U19')]
 [array(['2022-10-03,09:07:10'], dtype='<U19')]
 [array(['2022-10-03,09:07:11'], dtype='<U19')]
 ...
 [array(['2022-10-03,11:03:49'], dtype='<U19')]
 [array(['2022-10-03,11:03:50'], dtype='<U19')]
 [array(['2022-10-03,11:03:50'], dtype='<U19')]]","[[0.   ]
 [0.017]
 [0.034]
 ...
 [4.985]
 [5.   ]
 [5.   ]]","[[3.4186]
 [3.4496]
 [3.4643]
 ...
 [3.2565]
 [3.2568]
 [3.2565]]","[[3.9988]
 [3.9998]
 [3.9999]
 ...
 [0.    ]
 [0.    ]
 [0.    ]]","[[0.   ]
 [0.001]
 [0.002]
 ...
 [0.   ]
 [0.   ]
 [0.   ]]","[[0.   ]
 [0.004]
 [0.008]
 ...
 [0.   ]
 [0.   ]
 [0.   ]]","[[27.6]
 [27.6]
 [27.6]
 ...
 [27.6]
 [27.6]
 [27.6]]",['2C charge and 1C discharge']
"[[array(['2022-10-03,11:03:51'], dtype='<U19')]
 [array(['2022-10-03,11:03:52'], dtype='<U19')]
 [array(['2022-10-03,11:03:53'], dtype='<U19')]
 ...
 [array(['2022-10-03,13:00:37'], dtype='<U19')]
 [array(['2022-10-03,13:00:37'], dtype='<U19')]
 [array(['2022-10-03,13:00:37'], dtype='<U19')]]","[[0.   ]
 [0.017]
 [0.034]
 ...
 [4.998]
 [5.   ]
 [5.   ]]","[[3.4189]
 [3.449 ]
 [3.4641]
 ...
 [3.2576]
 [3.2576]
 [3.2576]]","[[3.9991]
 [3.9998]
 [3.9999]
 ...
 [0.    ]
 [0.    ]
 [0.    ]]","[[0.   ]
 [0.001]
 [0.002]
 ...
 [0.   ]
 [0.   ]
 [0.   ]]","[[0.   ]
 [0.004]
 [0.008]
 ...
 [0.   ]
 [0.   ]
 [0.   ]]","[[27.6]
 [27.6]
 [27.6]
 ...
 [27.6]
 [27.6]
 [27.6]]",['2C charge and 1C discharge']
"[[array(['2022-10-03,13:00:38'], dtype='<U19')]
 [array(['2022-10-03,13:00:39'], dtype='<U19')]
 [array(['2022-10-03,13:00:40'], dtype='<U19')]
 ...
 [array(['2022-10-03,14:57:25'], dtype='<U19')]
 [array(['2022-10-03,14:57:25'], dtype='<U19')]
 [array(['2022-10-03,14:57:25'], dtype='<U19')]]","[[0.   ]
 [0.017]
 [0.034]
 ...
 [4.998]
 [5.   ]
 [5.   ]]","[[3.4197]
 [3.4503]
 [3.465 ]
 ...
 [3.2594]
 [3.2593]
 [3.2593]]","[[3.9988]
 [3.9999]
 [3.9999]
 ...
 [0.    ]
 [0.    ]
 [0.    ]]","[[0.   ]
 [0.001]
 [0.002]
 ...
 [0.   ]
 [0.   ]
 [0.   ]]","[[0.   ]
 [0.004]
 [0.008]
 ...
 [0.   ]
 [0.   ]
 [0.   ]]","[[27.6]
 [27.6]
 [27.6]
 ...
 [27.5]
 [27.5]
 [27.5]]",['2C charge and 1C discharge']
"[[array(['2022-10-03,14:57:26'], dtype='<U19')]
 [array(['2022-10-03,14:57:27'], dtype='<U19')]
 [array(['2022-10-03,14:57:28'], dtype='<U19')]
 ...
 [array(['2022-10-03,16:54:11'], dtype='<U19')]
 [array(['2022-10-03,16:54:12'], dtype='<U19')]
 [array(['2022-10-03,16:54:12'], dtype='<U19')]]","[[0.   ]
 [0.017]
 [0.034]
 ...
 [4.983]
 [5.001]
 [5.001]]","[[3.4227]
 [3.453 ]
 [3.468 ]
 ...
 [3.2603]
 [3.2605]
 [3.2605]]","[[3.9988]
 [3.9999]
 [3.9999]
 ...
 [0.    ]
 [0.    ]
 [0.    ]]","[[0.   ]
 [0.001]
 [0.002]
 ...
 [0.   ]
 [0.   ]
 [0.   ]]","[[0.   ]
 [0.004]
 [0.008]
 ...
 [0.   ]
 [0.   ]
 [0.   ]]","[[27.5]
 [27.5]
 [27.4]
 ...
 [27.5]
 [27.5]
 [27.5]]",['2C charge and 1C discharge']
"[[array(['2022-10-03,16:54:13'], dtype='<U19')]
 [array(['2022-10-03,16:54:14'], dtype='<U19')]
 [array(['2022-10-03,16:54:15'], dtype='<U19')]
 ...
 [array(['2022-10-03,18:51:03'], dtype='<U19')]
 [array(['2022-10-03,18:51:03'], dtype='<U19')]
 [array(['2022-10-03,18:51:03'], dtype='<U19')]]","[[0.   ]
 [0.017]
 [0.034]
 ...
 [4.998]
 [5.   ]
 [5.   ]]","[[3.423 ]
 [3.454 ]
 [3.4687]
 ...
 [3.2616]
 [3.2616]
 [3.2616]]","[[3.9991]
 [3.9999]
 [3.9999]
 ...
 [0.    ]
 [0.    ]
 [0.    ]]","[[0.   ]
 [0.001]
 [0.002]
 ...
 [0.   ]
 [0.   ]
 [0.   ]]","[[0.   ]
 [0.004]
 [0.008]
 ...
 [0.   ]
 [0.   ]
 [0.   ]]","[[27.5]
 [27.4]
 [27.4]
 ...
 [27.4]
 [27.4]
 [27.4]]",['2C charge and 1C discharge']
"[[array(['2022-10-03,18:51:04'], dtype='<U19')]
 [array(['2022-10-03,18:51:05'], dtype='<U19')]
 [array(['2022-10-03,18:51:06'], dtype='<U19')]
 ...
 [array(['2022-10-03,20:47:58'], dtype='<U19')]
 [array(['2022-10-03,20:47:58'], dtype='<U19')]
 [array(['2022-10-03,20:47:58'], dtype='<U19')]]","[[0.   ]
 [0.017]
 [0.034]
 ...
 [4.999]
 [5.   ]
 [5.   ]]","[[3.4255]
 [3.4558]
 [3.4704]
 ...
 [3.2623]
 [3.2623]
 [3.2623]]","[[3.9991]
 [3.9998]
 [3.9999]
 ...
 [0.    ]
 [0.    ]
 [0.    ]]","[[0.   ]
 [0.001]
 [0.002]
 ...
 [0.   ]
 [0.   ]
 [0.   ]]","[[0.   ]
 [0.004]
 [0.008]
 ...
 [0.   ]
 [0.   ]
 [0.   ]]","[[27.4]
 [27.4]
 [27.4]
 ...
 [27.3]
 [27.3]
 [27.3]]",['2C charge and 1C discharge']
"[[array(['2022-10-03,20:47:59'], dtype='<U19')]
 [array(['2022-10-03,20:48:00'], dtype='<U19')]
 [array(['2022-10-03,20:48:01'], dtype='<U19')]
 ...
 [array(['2022-10-03,22:44:54'], dtype='<U19')]
 [array(['2022-10-03,22:44:55'], dtype='<U19')]
 [array(['2022-10-03,22:44:55'], dtype='<U19')]]","[[0.   ]
 [0.017]
 [0.035]
 ...
 [4.983]
 [5.   ]
 [5.   ]]","[[3.4273]
 [3.457 ]
 [3.4721]
 ...
 [3.2628]
 [3.2629]
 [3.2629]]","[[3.9991]
 [3.9999]
 [3.9999]
 ...
 [0.    ]
 [0.    ]
 [0.    ]]","[[0.   ]
 [0.001]
 [0.002]
 ...
 [0.   ]
 [0.   ]
 [0.   ]]","[[0.   ]
 [0.004]
 [0.008]
 ...
 [0.   ]
 [0.   ]
 [0.   ]]","[[27.3]
 [27.3]
 [27.2]
 ...
 [27.3]
 [27.3]
 [27.3]]",['2C charge and 1C discharge']
"[[array(['2022-10-03,22:44:56'], dtype='<U19')]
 [array(['2022-10-03,22:44:57'], dtype='<U19')]
 [array(['2022-10-03,22:44:58'], dtype='<U19')]
 ...
 [array(['2022-10-04,00:41:46'], dtype='<U19')]
 [array(['2022-10-04,00:41:47'], dtype='<U19')]
 [array(['2022-10-04,00:41:47'], dtype='<U19')]]","[[0.   ]
 [0.017]
 [0.034]
 ...
 [4.997]
 [5.001]
 [5.001]]","[[3.4273]
 [3.4576]
 [3.4724]
 ...
 [3.2645]
 [3.2645]
 [3.2645]]","[[3.9991]
 [3.9999]
 [3.9999]
 ...
 [0.    ]
 [0.    ]
 [0.    ]]","[[0.   ]
 [0.001]
 [0.002]
 ...
 [0.   ]
 [0.   ]
 [0.   ]]","[[0.   ]
 [0.004]
 [0.008]
 ...
 [0.   ]
 [0.   ]
 [0.   ]]","[[27.3]
 [27.3]
 [27.3]
 ...
 [27.2]
 [27.2]
 [27.2]]",['2C charge and 1C discharge']
"[[array(['2022-10-04,00:41:48'], dtype='<U19')]
 [array(['2022-10-04,00:41:49'], dtype='<U19')]
 [array(['2022-10-04,00:41:50'], dtype='<U19')]
 ...
 [array(['2022-10-04,02:38:41'], dtype='<U19')]
 [array(['2022-10-04,02:38:41'], dtype='<U19')]
 [array(['2022-10-04,02:38:41'], dtype='<U19')]]","[[0.   ]
 [0.017]
 [0.034]
 ...
 [4.998]
 [5.   ]
 [5.   ]]","[[3.4284]
 [3.4593]
 [3.4741]
 ...
 [3.2657]
 [3.2657]
 [3.2659]]","[[3.9991]
 [3.9999]
 [3.9999]
 ...
 [0.    ]
 [0.    ]
 [0.    ]]","[[0.   ]
 [0.001]
 [0.002]
 ...
 [0.   ]
 [0.   ]
 [0.   ]]","[[0.   ]
 [0.004]
 [0.008]
 ...
 [0.   ]
 [0.   ]
 [0.   ]]","[[27.2]
 [27.2]
 [27.2]
 ...
 [27.2]
 [27.2]
 [27.2]]",['2C charge and 1C discharge']
"[[array(['2022-10-04,02:38:42'], dtype='<U19')]
 [array(['2022-10-04,02:38:43'], dtype='<U19')]
 [array(['2022-10-04,02:38:44'], dtype='<U19')]
 ...
 [array(['2022-10-04,04:35:46'], dtype='<U19')]
 [array(['2022-10-04,04:35:46'], dtype='<U19')]
 [array(['2022-10-04,04:35:46'], dtype='<U19')]]","[[0.   ]
 [0.017]
 [0.034]
 ...
 [4.998]
 [5.   ]
 [5.   ]]","[[3.4289]
 [3.4607]
 [3.4756]
 ...
 [3.2666]
 [3.2666]
 [3.2668]]","[[3.9988]
 [3.9999]
 [3.9998]
 ...
 [0.    ]
 [0.    ]
 [0.    ]]","[[0.   ]
 [0.001]
 [0.002]
 ...
 [0.   ]
 [0.   ]
 [0.   ]]","[[0.   ]
 [0.004]
 [0.008]
 ...
 [0.   ]
 [0.   ]
 [0.   ]]","[[27.2]
 [27.1]
 [27.1]
 ...
 [27.1]
 [27.1]
 [27.1]]",['2C charge and 1C discharge']
"[[array(['2022-10-04,04:35:47'], dtype='<U19')]
 [array(['2022-10-04,04:35:48'], dtype='<U19')]
 [array(['2022-10-04,04:35:49'], dtype='<U19')]
 ...
 [array(['2022-10-04,06:32:49'], dtype='<U19')]
 [array(['2022-10-04,06:32:49'], dtype='<U19')]
 [array(['2022-10-04,06:32:49'], dtype='<U19')]]","[[0.   ]
 [0.017]
 [0.034]
 ...
 [4.999]
 [5.   ]
 [5.   ]]","[[3.4315]
 [3.4621]
 [3.477 ]
 ...
 [3.2676]
 [3.2674]
 [3.2676]]","[[3.9991]
 [3.9999]
 [3.9999]
 ...
 [0.    ]
 [0.    ]
 [0.    ]]","[[0.   ]
 [0.001]
 [0.002]
 ...
 [0.   ]
 [0.   ]
 [0.   ]]","[[0.   ]
 [0.004]
 [0.008]
 ...
 [0.   ]
 [0.   ]
 [0.   ]]","[[27.1]
 [27.1]
 [27.1]
 ...
 [27.1]
 [27.1]
 [27.1]]",['2C charge and 1C discharge']
"[[array(['2022-10-04,06:32:50'], dtype='<U19')]
 [array(['2022-10-04,06:32:51'], dtype='<U19')]
 [array(['2022-10-04,06:32:52'], dtype='<U19')]
 ...
 [array(['2022-10-04,08:29:48'], dtype='<U19')]
 [array(['2022-10-04,08:29:48'], dtype='<U19')]
 [array(['2022-10-04,08:29:48'], dtype='<U19')]]","[[0.   ]
 [0.017]
 [0.034]
 ...
 [4.999]
 [5.   ]
 [5.   ]]","[[3.4315]
 [3.4635]
 [3.4776]
 ...
 [3.2688]
 [3.2688]
 [3.2688]]","[[3.9991]
 [3.9998]
 [3.9999]
 ...
 [0.    ]
 [0.    ]
 [0.    ]]","[[0.   ]
 [0.001]
 [0.002]
 ...
 [0.   ]
 [0.   ]
 [0.   ]]","[[0.   ]
 [0.004]
 [0.008]
 ...
 [0.   ]
 [0.   ]
 [0.   ]]","[[27.1]
 [27.1]
 [27.1]
 ...
 [27. ]
 [27. ]
 [27. ]]",['2C charge and 1C discharge']
"[[array(['2022-10-04,08:29:49'], dtype='<U19')]
 [array(['2022-10-04,08:29:50'], dtype='<U19')]
 [array(['2022-10-04,08:29:51'], dtype='<U19')]
 ...
 [array(['2022-10-04,10:26:51'], dtype='<U19')]
 [array(['2022-10-04,10:26:51'], dtype='<U19')]
 [array(['2022-10-04,10:26:51'], dtype='<U19')]]","[[0.   ]
 [0.017]
 [0.035]
 ...
 [4.998]
 [5.   ]
 [5.   ]]","[[3.4347]
 [3.4652]
 [3.4807]
 ...
 [3.2696]
 [3.2694]
 [3.2696]]","[[3.9991]
 [3.9999]
 [3.9999]
 ...
 [0.    ]
 [0.    ]
 [0.    ]]","[[0.   ]
 [0.001]
 [0.002]
 ...
 [0.   ]
 [0.   ]
 [0.   ]]","[[0.   ]
 [0.004]
 [0.008]
 ...
 [0.   ]
 [0.   ]
 [0.   ]]","[[27. ]
 [27. ]
 [27. ]
 ...
 [27.1]
 [27.1]
 [27.1]]",['2C charge and 1C discharge']
"[[array(['2022-10-04,10:26:52'], dtype='<U19')]
 [array(['2022-10-04,10:26:53'], dtype='<U19')]
 [array(['2022-10-04,10:26:54'], dtype='<U19')]
 ...
 [array(['2022-10-04,12:23:42'], dtype='<U19')]
 [array(['2022-10-04,12:23:42'], dtype='<U19')]
 [array(['2022-10-04,12:23:42'], dtype='<U19')]]","[[0.   ]
 [0.017]
 [0.034]
 ...
 [4.998]
 [5.001]
 [5.001]]","[[3.4366]
 [3.4661]
 [3.4806]
 ...
 [3.2717]
 [3.2717]
 [3.2717]]","[[3.9991]
 [3.9999]
 [3.9999]
 ...
 [0.    ]
 [0.    ]
 [0.    ]]","[[0.   ]
 [0.001]
 [0.002]
 ...
 [0.   ]
 [0.   ]
 [0.   ]]","[[0.   ]
 [0.004]
 [0.008]
 ...
 [0.   ]
 [0.   ]
 [0.   ]]","[[27.1]
 [27.1]
 [27.1]
 ...
 [26.9]
 [26.9]
 [26.9]]",['2C charge and 1C discharge']
"[[array(['2022-10-04,12:23:43'], dtype='<U19')]
 [array(['2022-10-04,12:23:44'], dtype='<U19')]
 [array(['2022-10-04,12:23:45'], dtype='<U19')]
 ...
 [array(['2022-10-04,14:20:42'], dtype='<U19')]
 [array(['2022-10-04,14:20:42'], dtype='<U19')]
 [array(['2022-10-04,14:20:43'], dtype='<U19')]]","[[0.   ]
 [0.017]
 [0.034]
 ...
 [5.   ]
 [5.   ]
 [5.   ]]","[[3.438 ]
 [3.4687]
 [3.4833]
 ...
 [3.2722]
 [3.2723]
 [3.2722]]","[[3.9991]
 [3.9998]
 [3.9999]
 ...
 [0.    ]
 [0.    ]
 [0.    ]]","[[0.   ]
 [0.001]
 [0.002]
 ...
 [0.   ]
 [0.   ]
 [0.   ]]","[[0.   ]
 [0.004]
 [0.008]
 ...
 [0.   ]
 [0.   ]
 [0.   ]]","[[26.8]
 [26.8]
 [26.8]
 ...
 [26.8]
 [26.8]
 [26.8]]",['2C charge and 1C discharge']
"[[array(['2022-10-04,14:20:44'], dtype='<U19')]
 [array(['2022-10-04,14:20:45'], dtype='<U19')]
 [array(['2022-10-04,14:20:46'], dtype='<U19')]
 ...
 [array(['2022-10-04,16:17:50'], dtype='<U19')]
 [array(['2022-10-04,16:17:50'], dtype='<U19')]
 [array(['2022-10-04,16:17:50'], dtype='<U19')]]","[[0.   ]
 [0.017]
 [0.034]
 ...
 [4.999]
 [5.001]
 [5.001]]","[[3.4384]
 [3.4696]
 [3.4846]
 ...
 [3.2733]
 [3.2733]
 [3.2733]]","[[3.9991]
 [3.9998]
 [3.9999]
 ...
 [0.    ]
 [0.    ]
 [0.    ]]","[[0.   ]
 [0.001]
 [0.002]
 ...
 [0.   ]
 [0.   ]
 [0.   ]]","[[0.   ]
 [0.004]
 [0.008]
 ...
 [0.   ]
 [0.   ]
 [0.   ]]","[[26.8]
 [26.8]
 [26.8]
 ...
 [26.8]
 [26.8]
 [26.8]]",['2C charge and 1C discharge']
"[[array(['2022-10-04,16:17:51'], dtype='<U19')]
 [array(['2022-10-04,16:17:52'], dtype='<U19')]
 [array(['2022-10-04,16:17:53'], dtype='<U19')]
 ...
 [array(['2022-10-04,18:14:55'], dtype='<U19')]
 [array(['2022-10-04,18:14:55'], dtype='<U19')]
 [array(['2022-10-04,18:14:55'], dtype='<U19')]]","[[0.   ]
 [0.017]
 [0.034]
 ...
 [4.999]
 [5.   ]
 [5.   ]]","[[3.4398]
 [3.4707]
 [3.4856]
 ...
 [3.2748]
 [3.2748]
 [3.2748]]","[[3.9988]
 [3.9998]
 [3.9999]
 ...
 [0.    ]
 [0.    ]
 [0.    ]]","[[0.   ]
 [0.001]
 [0.002]
 ...
 [0.   ]
 [0.   ]
 [0.   ]]","[[0.   ]
 [0.004]
 [0.008]
 ...
 [0.   ]
 [0.   ]
 [0.   ]]","[[26.8]
 [26.7]
 [26.7]
 ...
 [26.7]
 [26.7]
 [26.7]]",['2C charge and 1C discharge']
"[[array(['2022-10-04,18:14:56'], dtype='<U19')]
 [array(['2022-10-04,18:14:57'], dtype='<U19')]
 [array(['2022-10-04,18:14:58'], dtype='<U19')]
 ...
 [array(['2022-10-04,20:12:01'], dtype='<U19')]
 [array(['2022-10-04,20:12:02'], dtype='<U19')]
 [array(['2022-10-04,20:12:02'], dtype='<U19')]]","[[0.   ]
 [0.017]
 [0.035]
 ...
 [4.983]
 [5.   ]
 [5.   ]]","[[3.4407]
 [3.4723]
 [3.4872]
 ...
 [3.2759]
 [3.2762]
 [3.2762]]","[[3.9991]
 [3.9999]
 [3.9999]
 ...
 [0.    ]
 [0.    ]
 [0.    ]]","[[0.   ]
 [0.001]
 [0.002]
 ...
 [0.   ]
 [0.   ]
 [0.   ]]","[[0.   ]
 [0.004]
 [0.008]
 ...
 [0.   ]
 [0.   ]
 [0.   ]]","[[26.7]
 [26.7]
 [26.7]
 ...
 [26.6]
 [26.5]
 [26.6]]",['2C charge and 1C discharge']
"[[array(['2022-10-04,20:12:03'], dtype='<U19')]
 [array(['2022-10-04,20:12:04'], dtype='<U19')]
 [array(['2022-10-04,20:12:05'], dtype='<U19')]
 ...
 [array(['2022-10-04,22:09:07'], dtype='<U19')]
 [array(['2022-10-04,22:09:07'], dtype='<U19')]
 [array(['2022-10-04,22:09:07'], dtype='<U19')]]","[[0.   ]
 [0.017]
 [0.034]
 ...
 [4.999]
 [5.   ]
 [5.   ]]","[[3.4433]
 [3.4744]
 [3.4893]
 ...
 [3.278 ]
 [3.278 ]
 [3.278 ]]","[[3.9991]
 [3.9999]
 [3.9998]
 ...
 [0.    ]
 [0.    ]
 [0.    ]]","[[0.   ]
 [0.001]
 [0.002]
 ...
 [0.   ]
 [0.   ]
 [0.   ]]","[[0.   ]
 [0.004]
 [0.008]
 ...
 [0.   ]
 [0.   ]
 [0.   ]]","[[26.5]
 [26.5]
 [26.6]
 ...
 [26.4]
 [26.4]
 [26.4]]",['2C charge and 1C discharge']
"[[array(['2022-10-04,22:09:08'], dtype='<U19')]
 [array(['2022-10-04,22:09:09'], dtype='<U19')]
 [array(['2022-10-04,22:09:10'], dtype='<U19')]
 ...
 [array(['2022-10-05,00:06:11'], dtype='<U19')]
 [array(['2022-10-05,00:06:12'], dtype='<U19')]
 [array(['2022-10-05,00:06:12'], dtype='<U19')]]","[[0.   ]
 [0.017]
 [0.034]
 ...
 [4.983]
 [5.001]
 [5.001]]","[[3.445 ]
 [3.4766]
 [3.4915]
 ...
 [3.2797]
 [3.2797]
 [3.2797]]","[[3.9988]
 [3.9999]
 [3.9999]
 ...
 [0.    ]
 [0.    ]
 [0.    ]]","[[0.   ]
 [0.001]
 [0.002]
 ...
 [0.   ]
 [0.   ]
 [0.   ]]","[[0.   ]
 [0.004]
 [0.008]
 ...
 [0.   ]
 [0.   ]
 [0.   ]]","[[26.4]
 [26.4]
 [26.4]
 ...
 [26.3]
 [26.3]
 [26.3]]",['2C charge and 1C discharge']
"[[array(['2022-10-05,00:06:13'], dtype='<U19')]
 [array(['2022-10-05,00:06:14'], dtype='<U19')]
 [array(['2022-10-05,00:06:15'], dtype='<U19')]
 ...
 [array(['2022-10-05,02:03:20'], dtype='<U19')]
 [array(['2022-10-05,02:03:20'], dtype='<U19')]
 [array(['2022-10-05,02:03:20'], dtype='<U19')]]","[[0.   ]
 [0.017]
 [0.034]
 ...
 [4.997]
 [5.001]
 [5.001]]","[[3.4472]
 [3.4787]
 [3.4936]
 ...
 [3.2811]
 [3.2811]
 [3.2809]]","[[3.9988]
 [3.9998]
 [3.9999]
 ...
 [0.    ]
 [0.    ]
 [0.    ]]","[[0.   ]
 [0.001]
 [0.002]
 ...
 [0.   ]
 [0.   ]
 [0.   ]]","[[0.   ]
 [0.004]
 [0.008]
 ...
 [0.   ]
 [0.   ]
 [0.   ]]","[[26.3]
 [26.3]
 [26.3]
 ...
 [26.1]
 [26.1]
 [26.2]]",['2C charge and 1C discharge']
"[[array(['2022-10-05,02:03:21'], dtype='<U19')]
 [array(['2022-10-05,02:03:22'], dtype='<U19')]
 [array(['2022-10-05,02:03:23'], dtype='<U19')]
 ...
 [array(['2022-10-05,04:00:29'], dtype='<U19')]
 [array(['2022-10-05,04:00:30'], dtype='<U19')]
 [array(['2022-10-05,04:00:30'], dtype='<U19')]]","[[0.   ]
 [0.017]
 [0.034]
 ...
 [4.983]
 [5.   ]
 [5.   ]]","[[3.4487]
 [3.4806]
 [3.4955]
 ...
 [3.2828]
 [3.2829]
 [3.2829]]","[[3.9991]
 [3.9999]
 [3.9999]
 ...
 [0.    ]
 [0.    ]
 [0.    ]]","[[0.   ]
 [0.001]
 [0.002]
 ...
 [0.   ]
 [0.   ]
 [0.   ]]","[[0.   ]
 [0.004]
 [0.008]
 ...
 [0.   ]
 [0.   ]
 [0.   ]]","[[26.1]
 [26.2]
 [26.1]
 ...
 [26.1]
 [26.1]
 [26.1]]",['2C charge and 1C discharge']
"[[array(['2022-10-05,04:00:31'], dtype='<U19')]
 [array(['2022-10-05,04:00:32'], dtype='<U19')]
 [array(['2022-10-05,04:00:33'], dtype='<U19')]
 ...
 [array(['2022-10-05,05:57:47'], dtype='<U19')]
 [array(['2022-10-05,05:57:47'], dtype='<U19')]
 [array(['2022-10-05,05:57:47'], dtype='<U19')]]","[[0.   ]
 [0.017]
 [0.034]
 ...
 [4.996]
 [5.001]
 [5.001]]","[[3.4507]
 [3.4823]
 [3.4976]
 ...
 [3.2842]
 [3.2842]
 [3.2843]]","[[3.9991]
 [3.9999]
 [3.9999]
 ...
 [0.    ]
 [0.    ]
 [0.    ]]","[[0.   ]
 [0.001]
 [0.002]
 ...
 [0.   ]
 [0.   ]
 [0.   ]]","[[0.   ]
 [0.004]
 [0.008]
 ...
 [0.   ]
 [0.   ]
 [0.   ]]","[[26.1]
 [26.1]
 [26.1]
 ...
 [25.9]
 [25.9]
 [25.9]]",['2C charge and 1C discharge']
"[[array(['2022-10-05,05:57:48'], dtype='<U19')]
 [array(['2022-10-05,05:57:49'], dtype='<U19')]
 [array(['2022-10-05,05:57:50'], dtype='<U19')]
 ...
 [array(['2022-10-05,07:55:03'], dtype='<U19')]
 [array(['2022-10-05,07:55:04'], dtype='<U19')]
 [array(['2022-10-05,07:55:04'], dtype='<U19')]]","[[0.   ]
 [0.017]
 [0.034]
 ...
 [4.983]
 [5.   ]
 [5.   ]]","[[3.4535]
 [3.485 ]
 [3.4999]
 ...
 [3.2862]
 [3.2863]
 [3.2863]]","[[3.9991]
 [3.9999]
 [3.9998]
 ...
 [0.    ]
 [0.    ]
 [0.    ]]","[[0.   ]
 [0.001]
 [0.002]
 ...
 [0.   ]
 [0.   ]
 [0.   ]]","[[0.   ]
 [0.004]
 [0.008]
 ...
 [0.   ]
 [0.   ]
 [0.   ]]","[[25.9]
 [25.9]
 [25.9]
 ...
 [25.8]
 [25.8]
 [25.8]]",['2C charge and 1C discharge']
"[[array(['2022-10-05,07:55:05'], dtype='<U19')]
 [array(['2022-10-05,07:55:06'], dtype='<U19')]
 [array(['2022-10-05,07:55:07'], dtype='<U19')]
 ...
 [array(['2022-10-05,09:52:23'], dtype='<U19')]
 [array(['2022-10-05,09:52:23'], dtype='<U19')]
 [array(['2022-10-05,09:52:23'], dtype='<U19')]]","[[0.   ]
 [0.017]
 [0.034]
 ...
 [4.996]
 [5.   ]
 [5.   ]]","[[3.4558]
 [3.4876]
 [3.5026]
 ...
 [3.2882]
 [3.2882]
 [3.2882]]","[[3.9991]
 [3.9998]
 [3.9999]
 ...
 [0.    ]
 [0.    ]
 [0.    ]]","[[0.   ]
 [0.001]
 [0.002]
 ...
 [0.   ]
 [0.   ]
 [0.   ]]","[[0.   ]
 [0.004]
 [0.008]
 ...
 [0.   ]
 [0.   ]
 [0.   ]]","[[25.8]
 [25.8]
 [25.7]
 ...
 [25.7]
 [25.7]
 [25.7]]",['2C charge and 1C discharge']
"[[array(['2022-10-05,09:52:24'], dtype='<U19')]
 [array(['2022-10-05,09:52:25'], dtype='<U19')]
 [array(['2022-10-05,09:52:26'], dtype='<U19')]
 ...
 [array(['2022-10-05,11:49:48'], dtype='<U19')]
 [array(['2022-10-05,11:49:49'], dtype='<U19')]
 [array(['2022-10-05,11:49:49'], dtype='<U19')]]","[[0.   ]
 [0.017]
 [0.034]
 ...
 [4.998]
 [5.   ]
 [5.   ]]","[[3.4586]
 [3.4902]
 [3.5052]
 ...
 [3.2891]
 [3.2891]
 [3.2892]]","[[3.9991]
 [3.9999]
 [3.9999]
 ...
 [0.    ]
 [0.    ]
 [0.    ]]","[[0.   ]
 [0.001]
 [0.002]
 ...
 [0.   ]
 [0.   ]
 [0.   ]]","[[0.   ]
 [0.004]
 [0.008]
 ...
 [0.   ]
 [0.   ]
 [0.   ]]","[[25.6]
 [25.6]
 [25.6]
 ...
 [25.5]
 [25.6]
 [25.5]]",['2C charge and 1C discharge']
"[[array(['2022-10-05,11:49:50'], dtype='<U19')]
 [array(['2022-10-05,11:49:51'], dtype='<U19')]
 [array(['2022-10-05,11:49:52'], dtype='<U19')]
 ...
 [array(['2022-10-05,13:47:14'], dtype='<U19')]
 [array(['2022-10-05,13:47:14'], dtype='<U19')]
 [array(['2022-10-05,13:47:15'], dtype='<U19')]]","[[0.   ]
 [0.017]
 [0.034]
 ...
 [4.996]
 [5.   ]
 [5.   ]]","[[3.4598]
 [3.4915]
 [3.5066]
 ...
 [3.2908]
 [3.2908]
 [3.2908]]","[[3.9988]
 [3.9999]
 [3.9999]
 ...
 [0.    ]
 [0.    ]
 [0.    ]]","[[0.   ]
 [0.001]
 [0.002]
 ...
 [0.   ]
 [0.   ]
 [0.   ]]","[[0.   ]
 [0.004]
 [0.008]
 ...
 [0.   ]
 [0.   ]
 [0.   ]]","[[25.5]
 [25.5]
 [25.5]
 ...
 [25.4]
 [25.4]
 [25.4]]",['2C charge and 1C discharge']
"[[array(['2022-10-05,13:47:16'], dtype='<U19')]
 [array(['2022-10-05,13:47:17'], dtype='<U19')]
 [array(['2022-10-05,13:47:18'], dtype='<U19')]
 ...
 [array(['2022-10-05,15:44:39'], dtype='<U19')]
 [array(['2022-10-05,15:44:39'], dtype='<U19')]
 [array(['2022-10-05,15:44:39'], dtype='<U19')]]","[[0.   ]
 [0.017]
 [0.034]
 ...
 [4.994]
 [5.   ]
 [5.   ]]","[[3.4612]
 [3.4933]
 [3.5079]
 ...
 [3.2925]
 [3.2926]
 [3.2926]]","[[3.9988]
 [3.9999]
 [3.9999]
 ...
 [0.    ]
 [0.    ]
 [0.    ]]","[[0.   ]
 [0.001]
 [0.002]
 ...
 [0.   ]
 [0.   ]
 [0.   ]]","[[0.   ]
 [0.004]
 [0.008]
 ...
 [0.   ]
 [0.   ]
 [0.   ]]","[[25.4]
 [25.4]
 [25.4]
 ...
 [25.3]
 [25.3]
 [25.3]]",['2C charge and 1C discharge']
"[[array(['2022-10-05,15:44:40'], dtype='<U19')]
 [array(['2022-10-05,15:44:41'], dtype='<U19')]
 [array(['2022-10-05,15:44:42'], dtype='<U19')]
 ...
 [array(['2022-10-05,17:42:10'], dtype='<U19')]
 [array(['2022-10-05,17:42:11'], dtype='<U19')]
 [array(['2022-10-05,17:42:11'], dtype='<U19')]]","[[0.   ]
 [0.017]
 [0.034]
 ...
 [4.997]
 [5.   ]
 [5.   ]]","[[3.4638]
 [3.4959]
 [3.5102]
 ...
 [3.2942]
 [3.2942]
 [3.2942]]","[[3.9991]
 [3.9999]
 [3.9999]
 ...
 [0.    ]
 [0.    ]
 [0.    ]]","[[0.   ]
 [0.001]
 [0.002]
 ...
 [0.   ]
 [0.   ]
 [0.   ]]","[[0.   ]
 [0.004]
 [0.008]
 ...
 [0.   ]
 [0.   ]
 [0.   ]]","[[25.3]
 [25.3]
 [25.2]
 ...
 [25.1]
 [25.1]
 [25.1]]",['2C charge and 1C discharge']
"[[array(['2022-10-05,17:42:12'], dtype='<U19')]
 [array(['2022-10-05,17:42:13'], dtype='<U19')]
 [array(['2022-10-05,17:42:14'], dtype='<U19')]
 ...
 [array(['2022-10-05,19:39:43'], dtype='<U19')]
 [array(['2022-10-05,19:39:43'], dtype='<U19')]
 [array(['2022-10-05,19:39:43'], dtype='<U19')]]","[[0.   ]
 [0.017]
 [0.034]
 ...
 [4.998]
 [5.   ]
 [5.   ]]","[[3.4663]
 [3.4989]
 [3.5136]
 ...
 [3.2957]
 [3.2959]
 [3.2957]]","[[3.9991]
 [3.9998]
 [3.9999]
 ...
 [0.    ]
 [0.    ]
 [0.    ]]","[[0.   ]
 [0.001]
 [0.002]
 ...
 [0.   ]
 [0.   ]
 [0.   ]]","[[0.   ]
 [0.004]
 [0.008]
 ...
 [0.   ]
 [0.   ]
 [0.   ]]","[[25.1]
 [25.1]
 [25.1]
 ...
 [25. ]
 [25. ]
 [25. ]]",['2C charge and 1C discharge']
"[[array(['2022-10-05,19:39:44'], dtype='<U19')]
 [array(['2022-10-05,19:39:45'], dtype='<U19')]
 [array(['2022-10-05,19:39:46'], dtype='<U19')]
 ...
 [array(['2022-10-05,21:37:18'], dtype='<U19')]
 [array(['2022-10-05,21:37:19'], dtype='<U19')]
 [array(['2022-10-05,21:37:19'], dtype='<U19')]]","[[0.   ]
 [0.017]
 [0.034]
 ...
 [4.998]
 [5.001]
 [5.001]]","[[3.4672]
 [3.5006]
 [3.5147]
 ...
 [3.2965]
 [3.2963]
 [3.2965]]","[[3.9991]
 [3.9999]
 [3.9999]
 ...
 [0.    ]
 [0.    ]
 [0.    ]]","[[0.   ]
 [0.001]
 [0.002]
 ...
 [0.   ]
 [0.   ]
 [0.   ]]","[[0.   ]
 [0.004]
 [0.008]
 ...
 [0.   ]
 [0.   ]
 [0.   ]]","[[25.]
 [25.]
 [25.]
 ...
 [25.]
 [25.]
 [25.]]",['2C charge and 1C discharge']
"[[array(['2022-10-05,21:37:20'], dtype='<U19')]
 [array(['2022-10-05,21:37:21'], dtype='<U19')]
 [array(['2022-10-05,21:37:22'], dtype='<U19')]
 ...
 [array(['2022-10-05,23:34:57'], dtype='<U19')]
 [array(['2022-10-05,23:34:57'], dtype='<U19')]
 [array(['2022-10-05,23:34:57'], dtype='<U19')]]","[[0.   ]
 [0.017]
 [0.034]
 ...
 [4.999]
 [5.   ]
 [5.   ]]","[[3.4672]
 [3.5012]
 [3.5155]
 ...
 [3.2977]
 [3.2979]
 [3.2979]]","[[3.9988]
 [3.9999]
 [3.9999]
 ...
 [0.    ]
 [0.    ]
 [0.    ]]","[[0.   ]
 [0.001]
 [0.002]
 ...
 [0.   ]
 [0.   ]
 [0.   ]]","[[0.   ]
 [0.004]
 [0.008]
 ...
 [0.   ]
 [0.   ]
 [0.   ]]","[[25. ]
 [25. ]
 [25. ]
 ...
 [24.9]
 [24.9]
 [24.9]]",['2C charge and 1C discharge']
"[[array(['2022-10-05,23:34:58'], dtype='<U19')]
 [array(['2022-10-05,23:34:59'], dtype='<U19')]
 [array(['2022-10-05,23:35:00'], dtype='<U19')]
 ...
 [array(['2022-10-06,01:32:33'], dtype='<U19')]
 [array(['2022-10-06,01:32:34'], dtype='<U19')]
 [array(['2022-10-06,01:32:34'], dtype='<U19')]]","[[0.   ]
 [0.017]
 [0.034]
 ...
 [4.996]
 [5.   ]
 [5.   ]]","[[3.469 ]
 [3.5022]
 [3.5173]
 ...
 [3.2988]
 [3.2988]
 [3.2988]]","[[3.9991]
 [3.9999]
 [3.9999]
 ...
 [0.    ]
 [0.    ]
 [0.    ]]","[[0.   ]
 [0.001]
 [0.002]
 ...
 [0.   ]
 [0.   ]
 [0.   ]]","[[0.   ]
 [0.004]
 [0.008]
 ...
 [0.   ]
 [0.   ]
 [0.   ]]","[[24.9]
 [24.9]
 [24.8]
 ...
 [24.8]
 [24.8]
 [24.8]]",['2C charge and 1C discharge']
"[[array(['2022-10-06,01:32:35'], dtype='<U19')]
 [array(['2022-10-06,01:32:36'], dtype='<U19')]
 [array(['2022-10-06,01:32:37'], dtype='<U19')]
 ...
 [array(['2022-10-06,03:30:13'], dtype='<U19')]
 [array(['2022-10-06,03:30:14'], dtype='<U19')]
 [array(['2022-10-06,03:30:14'], dtype='<U19')]]","[[0.   ]
 [0.017]
 [0.034]
 ...
 [4.983]
 [5.   ]
 [5.   ]]","[[3.4718]
 [3.5041]
 [3.5173]
 ...
 [3.3   ]
 [3.3003]
 [3.3003]]","[[3.9991]
 [3.9999]
 [3.9999]
 ...
 [0.    ]
 [0.    ]
 [0.    ]]","[[0.   ]
 [0.001]
 [0.002]
 ...
 [0.   ]
 [0.   ]
 [0.   ]]","[[0.   ]
 [0.004]
 [0.008]
 ...
 [0.   ]
 [0.   ]
 [0.   ]]","[[24.7]
 [24.7]
 [24.7]
 ...
 [24.7]
 [24.7]
 [24.7]]",['2C charge and 1C discharge']
"[[array(['2022-10-06,03:30:15'], dtype='<U19')]
 [array(['2022-10-06,03:30:16'], dtype='<U19')]
 [array(['2022-10-06,03:30:17'], dtype='<U19')]
 ...
 [array(['2022-10-06,05:27:57'], dtype='<U19')]
 [array(['2022-10-06,05:27:58'], dtype='<U19')]
 [array(['2022-10-06,05:27:58'], dtype='<U19')]]","[[0.   ]
 [0.017]
 [0.034]
 ...
 [4.984]
 [5.   ]
 [5.   ]]","[[3.4738]
 [3.5061]
 [3.521 ]
 ...
 [3.3009]
 [3.3011]
 [3.3011]]","[[3.9988]
 [3.9998]
 [3.9999]
 ...
 [0.    ]
 [0.    ]
 [0.    ]]","[[0.   ]
 [0.001]
 [0.002]
 ...
 [0.   ]
 [0.   ]
 [0.   ]]","[[0.   ]
 [0.004]
 [0.008]
 ...
 [0.   ]
 [0.   ]
 [0.   ]]","[[24.7]
 [24.7]
 [24.7]
 ...
 [24.6]
 [24.6]
 [24.6]]",['2C charge and 1C discharge']
"[[array(['2022-10-06,05:27:59'], dtype='<U19')]
 [array(['2022-10-06,05:28:00'], dtype='<U19')]
 [array(['2022-10-06,05:28:01'], dtype='<U19')]
 ...
 [array(['2022-10-06,07:25:38'], dtype='<U19')]
 [array(['2022-10-06,07:25:38'], dtype='<U19')]
 [array(['2022-10-06,07:25:38'], dtype='<U19')]]","[[0.   ]
 [0.017]
 [0.034]
 ...
 [4.996]
 [5.   ]
 [5.   ]]","[[3.4744]
 [3.507 ]
 [3.5219]
 ...
 [3.3019]
 [3.3019]
 [3.3019]]","[[3.9988]
 [3.9999]
 [3.9998]
 ...
 [0.    ]
 [0.    ]
 [0.    ]]","[[0.   ]
 [0.001]
 [0.002]
 ...
 [0.   ]
 [0.   ]
 [0.   ]]","[[0.   ]
 [0.004]
 [0.008]
 ...
 [0.   ]
 [0.   ]
 [0.   ]]","[[24.6]
 [24.6]
 [24.6]
 ...
 [24.6]
 [24.6]
 [24.6]]",['2C charge and 1C discharge']
"[[array(['2022-10-06,07:25:39'], dtype='<U19')]
 [array(['2022-10-06,07:25:40'], dtype='<U19')]
 [array(['2022-10-06,07:25:41'], dtype='<U19')]
 ...
 [array(['2022-10-06,09:23:17'], dtype='<U19')]
 [array(['2022-10-06,09:23:17'], dtype='<U19')]
 [array(['2022-10-06,09:23:17'], dtype='<U19')]]","[[0.   ]
 [0.017]
 [0.034]
 ...
 [4.998]
 [5.   ]
 [5.   ]]","[[3.4759]
 [3.5082]
 [3.5232]
 ...
 [3.3029]
 [3.3031]
 [3.3031]]","[[3.9991]
 [3.9998]
 [3.9999]
 ...
 [0.    ]
 [0.    ]
 [0.    ]]","[[0.   ]
 [0.001]
 [0.002]
 ...
 [0.   ]
 [0.   ]
 [0.   ]]","[[0.   ]
 [0.004]
 [0.008]
 ...
 [0.   ]
 [0.   ]
 [0.   ]]","[[24.5]
 [24.5]
 [24.5]
 ...
 [24.4]
 [24.5]
 [24.5]]",['2C charge and 1C discharge']
"[[array(['2022-10-06,09:23:18'], dtype='<U19')]
 [array(['2022-10-06,09:23:19'], dtype='<U19')]
 [array(['2022-10-06,09:23:20'], dtype='<U19')]
 ...
 [array(['2022-10-06,11:20:59'], dtype='<U19')]
 [array(['2022-10-06,11:21:00'], dtype='<U19')]
 [array(['2022-10-06,11:21:00'], dtype='<U19')]]","[[0.   ]
 [0.017]
 [0.034]
 ...
 [4.998]
 [5.   ]
 [5.   ]]","[[3.4759]
 [3.509 ]
 [3.5242]
 ...
 [3.3037]
 [3.3039]
 [3.3037]]","[[3.9988]
 [3.9999]
 [3.9999]
 ...
 [0.    ]
 [0.    ]
 [0.    ]]","[[0.   ]
 [0.001]
 [0.002]
 ...
 [0.   ]
 [0.   ]
 [0.   ]]","[[0.   ]
 [0.004]
 [0.008]
 ...
 [0.   ]
 [0.   ]
 [0.   ]]","[[24.4]
 [24.4]
 [24.4]
 ...
 [24.4]
 [24.4]
 [24.4]]",['2C charge and 1C discharge']
"[[array(['2022-10-06,11:21:01'], dtype='<U19')]
 [array(['2022-10-06,11:21:02'], dtype='<U19')]
 [array(['2022-10-06,11:21:03'], dtype='<U19')]
 ...
 [array(['2022-10-06,13:18:41'], dtype='<U19')]
 [array(['2022-10-06,13:18:42'], dtype='<U19')]
 [array(['2022-10-06,13:18:42'], dtype='<U19')]]","[[0.   ]
 [0.017]
 [0.035]
 ...
 [4.998]
 [5.001]
 [5.001]]","[[3.4759]
 [3.5106]
 [3.5255]
 ...
 [3.3043]
 [3.3043]
 [3.3043]]","[[3.9991]
 [3.9999]
 [3.9999]
 ...
 [0.    ]
 [0.    ]
 [0.    ]]","[[0.   ]
 [0.001]
 [0.002]
 ...
 [0.   ]
 [0.   ]
 [0.   ]]","[[0.   ]
 [0.004]
 [0.008]
 ...
 [0.   ]
 [0.   ]
 [0.   ]]","[[24.4]
 [24.4]
 [24.4]
 ...
 [24.4]
 [24.4]
 [24.4]]",['2C charge and 1C discharge']
"[[array(['2022-10-06,13:18:43'], dtype='<U19')]
 [array(['2022-10-06,13:18:44'], dtype='<U19')]
 [array(['2022-10-06,13:18:45'], dtype='<U19')]
 ...
 [array(['2022-10-06,15:16:27'], dtype='<U19')]
 [array(['2022-10-06,15:16:28'], dtype='<U19')]
 [array(['2022-10-06,15:16:28'], dtype='<U19')]]","[[0.   ]
 [0.017]
 [0.035]
 ...
 [4.997]
 [5.   ]
 [5.   ]]","[[3.4796]
 [3.5113]
 [3.5262]
 ...
 [3.3045]
 [3.3045]
 [3.3045]]","[[3.9988]
 [3.9999]
 [3.9999]
 ...
 [0.    ]
 [0.    ]
 [0.    ]]","[[0.   ]
 [0.001]
 [0.002]
 ...
 [0.   ]
 [0.   ]
 [0.   ]]","[[0.   ]
 [0.004]
 [0.008]
 ...
 [0.   ]
 [0.   ]
 [0.   ]]","[[24.4]
 [24.4]
 [24.4]
 ...
 [24.4]
 [24.4]
 [24.4]]",['2C charge and 1C discharge']
"[[array(['2022-10-06,15:16:29'], dtype='<U19')]
 [array(['2022-10-06,15:16:30'], dtype='<U19')]
 [array(['2022-10-06,15:16:31'], dtype='<U19')]
 ...
 [array(['2022-10-06,17:14:08'], dtype='<U19')]
 [array(['2022-10-06,17:14:08'], dtype='<U19')]
 [array(['2022-10-06,17:14:09'], dtype='<U19')]]","[[0.   ]
 [0.017]
 [0.034]
 ...
 [4.985]
 [5.   ]
 [5.   ]]","[[3.4773]
 [3.5109]
 [3.5259]
 ...
 [3.3051]
 [3.3052]
 [3.3051]]","[[3.9991]
 [3.9999]
 [3.9999]
 ...
 [0.    ]
 [0.    ]
 [0.    ]]","[[0.   ]
 [0.001]
 [0.002]
 ...
 [0.   ]
 [0.   ]
 [0.   ]]","[[0.   ]
 [0.004]
 [0.008]
 ...
 [0.   ]
 [0.   ]
 [0.   ]]","[[24.4]
 [24.4]
 [24.4]
 ...
 [24.4]
 [24.4]
 [24.4]]",['2C charge and 1C discharge']
"[[array(['2022-10-06,17:14:10'], dtype='<U19')]
 [array(['2022-10-06,17:14:11'], dtype='<U19')]
 [array(['2022-10-06,17:14:12'], dtype='<U19')]
 ...
 [array(['2022-10-06,19:11:47'], dtype='<U19')]
 [array(['2022-10-06,19:11:47'], dtype='<U19')]
 [array(['2022-10-06,19:11:47'], dtype='<U19')]]","[[0.   ]
 [0.017]
 [0.034]
 ...
 [4.993]
 [5.   ]
 [5.   ]]","[[3.4783]
 [3.5115]
 [3.5269]
 ...
 [3.3059]
 [3.3059]
 [3.3059]]","[[3.9991]
 [3.9999]
 [3.9999]
 ...
 [0.    ]
 [0.    ]
 [0.    ]]","[[0.   ]
 [0.001]
 [0.002]
 ...
 [0.   ]
 [0.   ]
 [0.   ]]","[[0.   ]
 [0.004]
 [0.008]
 ...
 [0.   ]
 [0.   ]
 [0.   ]]","[[24.4]
 [24.4]
 [24.4]
 ...
 [24.3]
 [24.3]
 [24.3]]",['2C charge and 1C discharge']
"[[array(['2022-10-06,19:11:48'], dtype='<U19')]
 [array(['2022-10-06,19:11:49'], dtype='<U19')]
 [array(['2022-10-06,19:11:50'], dtype='<U19')]
 ...
 [array(['2022-10-06,21:09:31'], dtype='<U19')]
 [array(['2022-10-06,21:09:31'], dtype='<U19')]
 [array(['2022-10-06,21:09:31'], dtype='<U19')]]","[[0.   ]
 [0.017]
 [0.034]
 ...
 [4.993]
 [5.   ]
 [5.   ]]","[[3.4798]
 [3.5132]
 [3.5282]
 ...
 [3.3054]
 [3.3054]
 [3.3054]]","[[3.9991]
 [3.9999]
 [3.9999]
 ...
 [0.    ]
 [0.    ]
 [0.    ]]","[[0.   ]
 [0.001]
 [0.002]
 ...
 [0.   ]
 [0.   ]
 [0.   ]]","[[0.   ]
 [0.004]
 [0.008]
 ...
 [0.   ]
 [0.   ]
 [0.   ]]","[[24.3]
 [24.3]
 [24.3]
 ...
 [24.4]
 [24.4]
 [24.4]]",['2C charge and 1C discharge']
"[[array(['2022-10-06,21:09:32'], dtype='<U19')]
 [array(['2022-10-06,21:09:33'], dtype='<U19')]
 [array(['2022-10-06,21:09:35'], dtype='<U19')]
 ...
 [array(['2022-10-06,23:07:07'], dtype='<U19')]
 [array(['2022-10-06,23:07:07'], dtype='<U19')]
 [array(['2022-10-06,23:07:07'], dtype='<U19')]]","[[0.   ]
 [0.017]
 [0.034]
 ...
 [4.998]
 [5.001]
 [5.001]]","[[3.4786]
 [3.5119]
 [3.527 ]
 ...
 [3.3054]
 [3.3054]
 [3.3054]]","[[3.9988]
 [3.9999]
 [3.9999]
 ...
 [0.    ]
 [0.    ]
 [0.    ]]","[[0.   ]
 [0.001]
 [0.002]
 ...
 [0.   ]
 [0.   ]
 [0.   ]]","[[0.   ]
 [0.004]
 [0.008]
 ...
 [0.   ]
 [0.   ]
 [0.   ]]","[[24.4]
 [24.4]
 [24.4]
 ...
 [24.4]
 [24.4]
 [24.4]]",['2C charge and 1C discharge']
"[[array(['2022-10-06,23:07:08'], dtype='<U19')]
 [array(['2022-10-06,23:07:09'], dtype='<U19')]
 [array(['2022-10-06,23:07:10'], dtype='<U19')]
 ...
 [array(['2022-10-07,01:04:35'], dtype='<U19')]
 [array(['2022-10-07,01:04:35'], dtype='<U19')]
 [array(['2022-10-07,01:04:35'], dtype='<U19')]]","[[0.   ]
 [0.017]
 [0.034]
 ...
 [4.998]
 [5.001]
 [5.001]]","[[3.4784]
 [3.5119]
 [3.527 ]
 ...
 [3.308 ]
 [3.308 ]
 [3.3082]]","[[3.9988]
 [3.9998]
 [3.9999]
 ...
 [0.    ]
 [0.    ]
 [0.    ]]","[[0.   ]
 [0.001]
 [0.002]
 ...
 [0.   ]
 [0.   ]
 [0.   ]]","[[0.   ]
 [0.004]
 [0.008]
 ...
 [0.   ]
 [0.   ]
 [0.   ]]","[[24.4]
 [24.4]
 [24.4]
 ...
 [24.2]
 [24.2]
 [24.2]]",['2C charge and 1C discharge']
"[[array(['2022-10-07,01:04:36'], dtype='<U19')]
 [array(['2022-10-07,01:04:37'], dtype='<U19')]
 [array(['2022-10-07,01:04:38'], dtype='<U19')]
 ...
 [array(['2022-10-07,03:02:15'], dtype='<U19')]
 [array(['2022-10-07,03:02:15'], dtype='<U19')]
 [array(['2022-10-07,03:02:15'], dtype='<U19')]]","[[0.   ]
 [0.017]
 [0.034]
 ...
 [4.999]
 [5.001]
 [5.001]]","[[3.4832]
 [3.5161]
 [3.5305]
 ...
 [3.3088]
 [3.3088]
 [3.3089]]","[[3.9991]
 [3.9999]
 [3.9999]
 ...
 [0.    ]
 [0.    ]
 [0.    ]]","[[0.   ]
 [0.001]
 [0.002]
 ...
 [0.   ]
 [0.   ]
 [0.   ]]","[[0.   ]
 [0.004]
 [0.008]
 ...
 [0.   ]
 [0.   ]
 [0.   ]]","[[24.2]
 [24.2]
 [24.2]
 ...
 [24.1]
 [24.1]
 [24.1]]",['2C charge and 1C discharge']
"[[array(['2022-10-07,03:02:16'], dtype='<U19')]
 [array(['2022-10-07,03:02:17'], dtype='<U19')]
 [array(['2022-10-07,03:02:18'], dtype='<U19')]
 ...
 [array(['2022-10-07,05:00:00'], dtype='<U19')]
 [array(['2022-10-07,05:00:01'], dtype='<U19')]
 [array(['2022-10-07,05:00:01'], dtype='<U19')]]","[[0.   ]
 [0.018]
 [0.034]
 ...
 [4.996]
 [5.   ]
 [5.   ]]","[[3.4838]
 [3.5167]
 [3.5319]
 ...
 [3.3091]
 [3.3095]
 [3.3092]]","[[3.9991]
 [3.9999]
 [3.9999]
 ...
 [0.    ]
 [0.    ]
 [0.    ]]","[[0.   ]
 [0.001]
 [0.002]
 ...
 [0.   ]
 [0.   ]
 [0.   ]]","[[0.   ]
 [0.004]
 [0.008]
 ...
 [0.   ]
 [0.   ]
 [0.   ]]","[[24.1]
 [24.1]
 [24.1]
 ...
 [24.1]
 [24.1]
 [24.1]]",['2C charge and 1C discharge']
"[[array(['2022-10-07,05:00:02'], dtype='<U19')]
 [array(['2022-10-07,05:00:03'], dtype='<U19')]
 [array(['2022-10-07,05:00:04'], dtype='<U19')]
 ...
 [array(['2022-10-07,06:57:42'], dtype='<U19')]
 [array(['2022-10-07,06:57:42'], dtype='<U19')]
 [array(['2022-10-07,06:57:42'], dtype='<U19')]]","[[0.   ]
 [0.017]
 [0.034]
 ...
 [4.997]
 [5.001]
 [5.001]]","[[3.4849]
 [3.5176]
 [3.5325]
 ...
 [3.3102]
 [3.3105]
 [3.3105]]","[[3.9988]
 [3.9999]
 [3.9999]
 ...
 [0.    ]
 [0.    ]
 [0.    ]]","[[0.   ]
 [0.001]
 [0.002]
 ...
 [0.   ]
 [0.   ]
 [0.   ]]","[[0.   ]
 [0.004]
 [0.008]
 ...
 [0.   ]
 [0.   ]
 [0.   ]]","[[24.1]
 [24.1]
 [24. ]
 ...
 [24. ]
 [24. ]
 [24. ]]",['2C charge and 1C discharge']
"[[array(['2022-10-07,06:57:43'], dtype='<U19')]
 [array(['2022-10-07,06:57:44'], dtype='<U19')]
 [array(['2022-10-07,06:57:45'], dtype='<U19')]
 ...
 [array(['2022-10-07,08:55:22'], dtype='<U19')]
 [array(['2022-10-07,08:55:22'], dtype='<U19')]
 [array(['2022-10-07,08:55:22'], dtype='<U19')]]","[[0.   ]
 [0.017]
 [0.034]
 ...
 [4.995]
 [5.   ]
 [5.   ]]","[[3.4864]
 [3.519 ]
 [3.5341]
 ...
 [3.3109]
 [3.3109]
 [3.3108]]","[[3.9991]
 [3.9999]
 [4.    ]
 ...
 [0.    ]
 [0.    ]
 [0.    ]]","[[0.   ]
 [0.001]
 [0.002]
 ...
 [0.   ]
 [0.   ]
 [0.   ]]","[[0.   ]
 [0.004]
 [0.008]
 ...
 [0.   ]
 [0.   ]
 [0.   ]]","[[24.]
 [24.]
 [24.]
 ...
 [24.]
 [24.]
 [24.]]",['2C charge and 1C discharge']
"[[array(['2022-10-07,08:55:23'], dtype='<U19')]
 [array(['2022-10-07,08:55:24'], dtype='<U19')]
 [array(['2022-10-07,08:55:25'], dtype='<U19')]
 ...
 [array(['2022-10-07,10:53:04'], dtype='<U19')]
 [array(['2022-10-07,10:53:04'], dtype='<U19')]
 [array(['2022-10-07,10:53:04'], dtype='<U19')]]","[[0.   ]
 [0.017]
 [0.034]
 ...
 [4.998]
 [5.   ]
 [5.   ]]","[[3.4864]
 [3.5195]
 [3.5344]
 ...
 [3.3114]
 [3.3115]
 [3.3117]]","[[3.9988]
 [3.9999]
 [3.9999]
 ...
 [0.    ]
 [0.    ]
 [0.    ]]","[[0.   ]
 [0.001]
 [0.002]
 ...
 [0.   ]
 [0.   ]
 [0.   ]]","[[0.   ]
 [0.004]
 [0.008]
 ...
 [0.   ]
 [0.   ]
 [0.   ]]","[[24.]
 [24.]
 [24.]
 ...
 [24.]
 [24.]
 [24.]]",['2C charge and 1C discharge']
"[[array(['2022-10-07,10:53:05'], dtype='<U19')]
 [array(['2022-10-07,10:53:06'], dtype='<U19')]
 [array(['2022-10-07,10:53:07'], dtype='<U19')]
 ...
 [array(['2022-10-07,12:50:48'], dtype='<U19')]
 [array(['2022-10-07,12:50:48'], dtype='<U19')]
 [array(['2022-10-07,12:50:48'], dtype='<U19')]]","[[0.   ]
 [0.017]
 [0.034]
 ...
 [5.   ]
 [5.   ]
 [5.   ]]","[[3.4859]
 [3.5207]
 [3.5355]
 ...
 [3.3123]
 [3.3123]
 [3.3123]]","[[3.9988]
 [3.9999]
 [3.9999]
 ...
 [0.    ]
 [0.    ]
 [0.    ]]","[[0.   ]
 [0.001]
 [0.002]
 ...
 [0.   ]
 [0.   ]
 [0.   ]]","[[0.   ]
 [0.004]
 [0.008]
 ...
 [0.   ]
 [0.   ]
 [0.   ]]","[[24.]
 [24.]
 [24.]
 ...
 [24.]
 [24.]
 [24.]]",['2C charge and 1C discharge']
"[[array(['2022-10-07,12:50:49'], dtype='<U19')]
 [array(['2022-10-07,12:50:50'], dtype='<U19')]
 [array(['2022-10-07,12:50:51'], dtype='<U19')]
 ...
 [array(['2022-10-07,14:49:15'], dtype='<U19')]
 [array(['2022-10-07,14:49:15'], dtype='<U19')]
 [array(['2022-10-07,14:49:15'], dtype='<U19')]]","[[0.   ]
 [0.017]
 [0.034]
 ...
 [4.999]
 [5.   ]
 [5.   ]]","[[3.4876]
 [3.521 ]
 [3.5361]
 ...
 [3.3137]
 [3.3139]
 [3.3137]]","[[3.9988]
 [3.9999]
 [3.9999]
 ...
 [0.    ]
 [0.    ]
 [0.    ]]","[[0.   ]
 [0.001]
 [0.002]
 ...
 [0.   ]
 [0.   ]
 [0.   ]]","[[0.   ]
 [0.004]
 [0.008]
 ...
 [0.   ]
 [0.   ]
 [0.   ]]","[[24. ]
 [24. ]
 [24. ]
 ...
 [23.9]
 [23.9]
 [23.9]]",['2C charge and 1C discharge']
"[[array(['2022-10-07,14:49:16'], dtype='<U19')]
 [array(['2022-10-07,14:49:17'], dtype='<U19')]
 [array(['2022-10-07,14:49:18'], dtype='<U19')]
 ...
 [array(['2022-10-07,16:47:24'], dtype='<U19')]
 [array(['2022-10-07,16:47:25'], dtype='<U19')]
 [array(['2022-10-07,16:47:25'], dtype='<U19')]]","[[0.   ]
 [0.017]
 [0.034]
 ...
 [4.985]
 [5.001]
 [5.001]]","[[3.4878]
 [3.5227]
 [3.537 ]
 ...
 [3.3139]
 [3.3142]
 [3.314 ]]","[[3.9991]
 [3.9998]
 [3.9999]
 ...
 [0.    ]
 [0.    ]
 [0.    ]]","[[0.   ]
 [0.001]
 [0.002]
 ...
 [0.   ]
 [0.   ]
 [0.   ]]","[[0.   ]
 [0.004]
 [0.008]
 ...
 [0.   ]
 [0.   ]
 [0.   ]]","[[23.9]
 [23.9]
 [23.9]
 ...
 [24. ]
 [24. ]
 [24. ]]",['2C charge and 1C discharge']
"[[array(['2022-10-07,16:47:26'], dtype='<U19')]
 [array(['2022-10-07,16:47:27'], dtype='<U19')]
 [array(['2022-10-07,16:47:28'], dtype='<U19')]
 ...
 [array(['2022-10-07,18:45:25'], dtype='<U19')]
 [array(['2022-10-07,18:45:25'], dtype='<U19')]
 [array(['2022-10-07,18:45:26'], dtype='<U19')]]","[[0.   ]
 [0.017]
 [0.034]
 ...
 [4.998]
 [5.   ]
 [5.   ]]","[[3.4895]
 [3.5225]
 [3.5373]
 ...
 [3.314 ]
 [3.314 ]
 [3.3142]]","[[3.9994]
 [3.9999]
 [3.9999]
 ...
 [0.    ]
 [0.    ]
 [0.    ]]","[[0.   ]
 [0.001]
 [0.002]
 ...
 [0.   ]
 [0.   ]
 [0.   ]]","[[0.   ]
 [0.004]
 [0.008]
 ...
 [0.   ]
 [0.   ]
 [0.   ]]","[[24.]
 [24.]
 [24.]
 ...
 [24.]
 [24.]
 [24.]]",['2C charge and 1C discharge']
"[[array(['2022-10-07,18:45:27'], dtype='<U19')]
 [array(['2022-10-07,18:45:28'], dtype='<U19')]
 [array(['2022-10-07,18:45:29'], dtype='<U19')]
 ...
 [array(['2022-10-07,20:44:19'], dtype='<U19')]
 [array(['2022-10-07,20:44:19'], dtype='<U19')]
 [array(['2022-10-07,20:44:19'], dtype='<U19')]]","[[0.   ]
 [0.017]
 [0.034]
 ...
 [5.   ]
 [5.   ]
 [5.   ]]","[[3.4881]
 [3.5224]
 [3.5362]
 ...
 [3.3145]
 [3.3146]
 [3.3145]]","[[3.9991]
 [3.9998]
 [4.    ]
 ...
 [0.    ]
 [0.    ]
 [0.    ]]","[[0.   ]
 [0.001]
 [0.002]
 ...
 [0.   ]
 [0.   ]
 [0.   ]]","[[0.   ]
 [0.004]
 [0.008]
 ...
 [0.   ]
 [0.   ]
 [0.   ]]","[[24.]
 [24.]
 [24.]
 ...
 [24.]
 [24.]
 [24.]]",['2C charge and 1C discharge']
"[[array(['2022-10-07,20:44:20'], dtype='<U19')]
 [array(['2022-10-07,20:44:21'], dtype='<U19')]
 [array(['2022-10-07,20:44:23'], dtype='<U19')]
 ...
 [array(['2022-10-07,22:43:10'], dtype='<U19')]
 [array(['2022-10-07,22:43:10'], dtype='<U19')]
 [array(['2022-10-07,22:43:10'], dtype='<U19')]]","[[0.   ]
 [0.017]
 [0.036]
 ...
 [5.   ]
 [5.   ]
 [5.   ]]","[[3.4896]
 [3.5224]
 [3.5373]
 ...
 [3.3191]
 [3.3188]
 [3.3188]]","[[3.9994]
 [3.9999]
 [3.9999]
 ...
 [0.    ]
 [0.    ]
 [0.    ]]","[[0.   ]
 [0.001]
 [0.002]
 ...
 [0.   ]
 [0.   ]
 [0.   ]]","[[0.   ]
 [0.004]
 [0.008]
 ...
 [0.   ]
 [0.   ]
 [0.   ]]","[[24. ]
 [24. ]
 [24. ]
 ...
 [23.8]
 [23.8]
 [23.8]]",['2C charge and 1C discharge']
"[[array(['2022-10-07,22:43:11'], dtype='<U19')]
 [array(['2022-10-07,22:43:12'], dtype='<U19')]
 [array(['2022-10-07,22:43:13'], dtype='<U19')]
 ...
 [array(['2022-10-08,00:42:35'], dtype='<U19')]
 [array(['2022-10-08,00:42:35'], dtype='<U19')]
 [array(['2022-10-08,00:42:35'], dtype='<U19')]]","[[0.   ]
 [0.017]
 [0.034]
 ...
 [4.997]
 [5.   ]
 [5.   ]]","[[3.4946]
 [3.5269]
 [3.541 ]
 ...
 [3.3195]
 [3.3199]
 [3.3195]]","[[3.9991]
 [3.9999]
 [3.9999]
 ...
 [0.    ]
 [0.    ]
 [0.    ]]","[[0.   ]
 [0.001]
 [0.002]
 ...
 [0.   ]
 [0.   ]
 [0.   ]]","[[0.   ]
 [0.004]
 [0.008]
 ...
 [0.   ]
 [0.   ]
 [0.   ]]","[[23.8]
 [23.8]
 [23.8]
 ...
 [23.8]
 [23.8]
 [23.7]]",['2C charge and 1C discharge']
"[[array(['2022-10-08,00:42:36'], dtype='<U19')]
 [array(['2022-10-08,00:42:37'], dtype='<U19')]
 [array(['2022-10-08,00:42:38'], dtype='<U19')]
 ...
 [array(['2022-10-08,02:42:12'], dtype='<U19')]
 [array(['2022-10-08,02:42:12'], dtype='<U19')]
 [array(['2022-10-08,02:42:12'], dtype='<U19')]]","[[0.   ]
 [0.017]
 [0.034]
 ...
 [4.998]
 [5.   ]
 [5.   ]]","[[3.4935]
 [3.5273]
 [3.5421]
 ...
 [3.3202]
 [3.3202]
 [3.3199]]","[[3.9991]
 [3.9997]
 [4.    ]
 ...
 [0.    ]
 [0.    ]
 [0.    ]]","[[0.   ]
 [0.001]
 [0.002]
 ...
 [0.   ]
 [0.   ]
 [0.   ]]","[[0.   ]
 [0.004]
 [0.008]
 ...
 [0.   ]
 [0.   ]
 [0.   ]]","[[23.7]
 [23.7]
 [23.7]
 ...
 [23.7]
 [23.7]
 [23.7]]",['2C charge and 1C discharge']
"[[array(['2022-10-08,02:42:13'], dtype='<U19')]
 [array(['2022-10-08,02:42:14'], dtype='<U19')]
 [array(['2022-10-08,02:42:15'], dtype='<U19')]
 ...
 [array(['2022-10-08,04:41:36'], dtype='<U19')]
 [array(['2022-10-08,04:41:37'], dtype='<U19')]
 [array(['2022-10-08,04:41:37'], dtype='<U19')]]","[[0.   ]
 [0.017]
 [0.034]
 ...
 [4.983]
 [5.   ]
 [5.   ]]","[[3.4947]
 [3.5281]
 [3.5427]
 ...
 [3.3206]
 [3.3209]
 [3.3209]]","[[3.9988]
 [3.9999]
 [3.9999]
 ...
 [0.    ]
 [0.    ]
 [0.    ]]","[[0.   ]
 [0.001]
 [0.002]
 ...
 [0.   ]
 [0.   ]
 [0.   ]]","[[0.   ]
 [0.004]
 [0.008]
 ...
 [0.   ]
 [0.   ]
 [0.   ]]","[[23.7]
 [23.7]
 [23.7]
 ...
 [23.7]
 [23.7]
 [23.7]]",['2C charge and 1C discharge']
"[[array(['2022-10-08,04:41:38'], dtype='<U19')]
 [array(['2022-10-08,04:41:39'], dtype='<U19')]
 [array(['2022-10-08,04:41:40'], dtype='<U19')]
 ...
 [array(['2022-10-08,06:41:04'], dtype='<U19')]
 [array(['2022-10-08,06:41:04'], dtype='<U19')]
 [array(['2022-10-08,06:41:04'], dtype='<U19')]]","[[0.   ]
 [0.017]
 [0.034]
 ...
 [4.999]
 [5.   ]
 [5.   ]]","[[3.4919]
 [3.5285]
 [3.5432]
 ...
 [3.3211]
 [3.3209]
 [3.3211]]","[[3.9985]
 [4.    ]
 [3.9999]
 ...
 [0.    ]
 [0.    ]
 [0.    ]]","[[0.   ]
 [0.001]
 [0.002]
 ...
 [0.   ]
 [0.   ]
 [0.   ]]","[[0.   ]
 [0.004]
 [0.008]
 ...
 [0.   ]
 [0.   ]
 [0.   ]]","[[23.7]
 [23.7]
 [23.7]
 ...
 [23.7]
 [23.7]
 [23.7]]",['2C charge and 1C discharge']
"[[array(['2022-10-08,06:41:05'], dtype='<U19')]
 [array(['2022-10-08,06:41:06'], dtype='<U19')]
 [array(['2022-10-08,06:41:07'], dtype='<U19')]
 ...
 [array(['2022-10-08,08:40:23'], dtype='<U19')]
 [array(['2022-10-08,08:40:23'], dtype='<U19')]
 [array(['2022-10-08,08:40:23'], dtype='<U19')]]","[[0.   ]
 [0.017]
 [0.034]
 ...
 [4.998]
 [5.   ]
 [5.   ]]","[[3.497 ]
 [3.5295]
 [3.545 ]
 ...
 [3.3226]
 [3.322 ]
 [3.3226]]","[[3.9988]
 [3.9997]
 [4.0001]
 ...
 [0.    ]
 [0.    ]
 [0.    ]]","[[0.   ]
 [0.001]
 [0.002]
 ...
 [0.   ]
 [0.   ]
 [0.   ]]","[[0.   ]
 [0.004]
 [0.008]
 ...
 [0.   ]
 [0.   ]
 [0.   ]]","[[23.7]
 [23.7]
 [23.6]
 ...
 [23.7]
 [23.7]
 [23.7]]",['2C charge and 1C discharge']
"[[array(['2022-10-08,08:40:24'], dtype='<U19')]
 [array(['2022-10-08,08:40:25'], dtype='<U19')]
 [array(['2022-10-08,08:40:26'], dtype='<U19')]
 ...
 [array(['2022-10-08,10:39:43'], dtype='<U19')]
 [array(['2022-10-08,10:39:44'], dtype='<U19')]
 [array(['2022-10-08,10:39:44'], dtype='<U19')]]","[[0.   ]
 [0.017]
 [0.034]
 ...
 [4.986]
 [5.   ]
 [5.   ]]","[[3.499 ]
 [3.5305]
 [3.545 ]
 ...
 [3.3177]
 [3.3177]
 [3.3175]]","[[3.9994]
 [3.9997]
 [3.9999]
 ...
 [0.    ]
 [0.    ]
 [0.    ]]","[[0.   ]
 [0.001]
 [0.002]
 ...
 [0.   ]
 [0.   ]
 [0.   ]]","[[0.   ]
 [0.004]
 [0.008]
 ...
 [0.   ]
 [0.   ]
 [0.   ]]","[[23.7]
 [23.6]
 [23.6]
 ...
 [23.7]
 [23.7]
 [23.7]]",['2C charge and 1C discharge']
"[[array(['2022-10-08,10:39:45'], dtype='<U19')]
 [array(['2022-10-08,10:39:46'], dtype='<U19')]
 [array(['2022-10-08,10:39:47'], dtype='<U19')]
 ...
 [array(['2022-10-08,12:37:40'], dtype='<U19')]
 [array(['2022-10-08,12:37:40'], dtype='<U19')]
 [array(['2022-10-08,12:37:41'], dtype='<U19')]]","[[0.   ]
 [0.017]
 [0.034]
 ...
 [4.987]
 [5.   ]
 [5.   ]]","[[3.4933]
 [3.5273]
 [3.5415]
 ...
 [3.3194]
 [3.3186]
 [3.3191]]","[[3.9985]
 [4.    ]
 [3.9998]
 ...
 [0.    ]
 [0.    ]
 [0.    ]]","[[0.   ]
 [0.001]
 [0.002]
 ...
 [0.   ]
 [0.   ]
 [0.   ]]","[[0.   ]
 [0.004]
 [0.008]
 ...
 [0.   ]
 [0.   ]
 [0.   ]]","[[23.7]
 [23.7]
 [23.7]
 ...
 [23.7]
 [23.7]
 [23.7]]",['2C charge and 1C discharge']
"[[array(['2022-10-08,12:37:42'], dtype='<U19')]
 [array(['2022-10-08,12:37:43'], dtype='<U19')]
 [array(['2022-10-08,12:37:44'], dtype='<U19')]
 ...
 [array(['2022-10-08,14:35:47'], dtype='<U19')]
 [array(['2022-10-08,14:35:48'], dtype='<U19')]
 [array(['2022-10-08,14:35:48'], dtype='<U19')]]","[[0.   ]
 [0.017]
 [0.033]
 ...
 [4.985]
 [5.001]
 [5.001]]","[[3.4955]
 [3.5287]
 [3.543 ]
 ...
 [3.3203]
 [3.3203]
 [3.3197]]","[[3.9988]
 [4.0001]
 [4.    ]
 ...
 [0.    ]
 [0.    ]
 [0.    ]]","[[0.   ]
 [0.001]
 [0.002]
 ...
 [0.   ]
 [0.   ]
 [0.   ]]","[[0.   ]
 [0.004]
 [0.008]
 ...
 [0.   ]
 [0.   ]
 [0.   ]]","[[23.7]
 [23.7]
 [23.7]
 ...
 [23.7]
 [23.7]
 [23.7]]",['2C charge and 1C discharge']
"[[array(['2022-10-08,14:35:49'], dtype='<U19')]
 [array(['2022-10-08,14:35:50'], dtype='<U19')]
 [array(['2022-10-08,14:35:51'], dtype='<U19')]
 ...
 [array(['2022-10-08,16:33:53'], dtype='<U19')]
 [array(['2022-10-08,16:33:53'], dtype='<U19')]
 [array(['2022-10-08,16:33:54'], dtype='<U19')]]","[[0.   ]
 [0.017]
 [0.034]
 ...
 [4.986]
 [5.001]
 [5.001]]","[[3.4962]
 [3.529 ]
 [3.5433]
 ...
 [3.3188]
 [3.3186]
 [3.3186]]","[[3.9994]
 [3.9997]
 [3.9998]
 ...
 [0.    ]
 [0.    ]
 [0.    ]]","[[0.   ]
 [0.001]
 [0.002]
 ...
 [0.   ]
 [0.   ]
 [0.   ]]","[[0.   ]
 [0.004]
 [0.008]
 ...
 [0.   ]
 [0.   ]
 [0.   ]]","[[23.7]
 [23.7]
 [23.6]
 ...
 [23.8]
 [23.8]
 [23.8]]",['2C charge and 1C discharge']
"[[array(['2022-10-08,16:33:55'], dtype='<U19')]
 [array(['2022-10-08,16:33:56'], dtype='<U19')]
 [array(['2022-10-08,16:33:57'], dtype='<U19')]
 ...
 [array(['2022-10-08,18:31:56'], dtype='<U19')]
 [array(['2022-10-08,18:31:57'], dtype='<U19')]
 [array(['2022-10-08,18:31:57'], dtype='<U19')]]","[[0.   ]
 [0.017]
 [0.033]
 ...
 [4.991]
 [5.   ]
 [5.   ]]","[[3.4944]
 [3.527 ]
 [3.5421]
 ...
 [3.3179]
 [3.3177]
 [3.3177]]","[[3.9991]
 [3.9999]
 [3.9999]
 ...
 [0.    ]
 [0.    ]
 [0.    ]]","[[0.   ]
 [0.001]
 [0.002]
 ...
 [0.   ]
 [0.   ]
 [0.   ]]","[[0.   ]
 [0.004]
 [0.008]
 ...
 [0.   ]
 [0.   ]
 [0.   ]]","[[23.8]
 [23.8]
 [23.8]
 ...
 [23.8]
 [23.8]
 [23.8]]",['2C charge and 1C discharge']
"[[array(['2022-10-08,18:31:58'], dtype='<U19')]
 [array(['2022-10-08,18:31:59'], dtype='<U19')]
 [array(['2022-10-08,18:32:00'], dtype='<U19')]
 ...
 [array(['2022-10-08,20:29:52'], dtype='<U19')]
 [array(['2022-10-08,20:29:53'], dtype='<U19')]
 [array(['2022-10-08,20:29:53'], dtype='<U19')]]","[[0.   ]
 [0.017]
 [0.033]
 ...
 [4.993]
 [5.   ]
 [5.   ]]","[[3.4929]
 [3.5269]
 [3.5413]
 ...
 [3.3182]
 [3.3182]
 [3.3177]]","[[3.9988]
 [3.9999]
 [3.9999]
 ...
 [0.    ]
 [0.    ]
 [0.    ]]","[[0.   ]
 [0.001]
 [0.002]
 ...
 [0.   ]
 [0.   ]
 [0.   ]]","[[0.   ]
 [0.004]
 [0.008]
 ...
 [0.   ]
 [0.   ]
 [0.   ]]","[[23.8]
 [23.8]
 [23.8]
 ...
 [23.9]
 [23.9]
 [23.9]]",['2C charge and 1C discharge']
"[[array(['2022-10-08,20:29:54'], dtype='<U19')]
 [array(['2022-10-08,20:29:55'], dtype='<U19')]
 [array(['2022-10-08,20:29:56'], dtype='<U19')]
 ...
 [array(['2022-10-08,22:27:52'], dtype='<U19')]
 [array(['2022-10-08,22:27:52'], dtype='<U19')]
 [array(['2022-10-08,22:27:52'], dtype='<U19')]]","[[0.   ]
 [0.017]
 [0.033]
 ...
 [4.992]
 [5.   ]
 [5.   ]]","[[3.4927]
 [3.5264]
 [3.5407]
 ...
 [3.3197]
 [3.3197]
 [3.3205]]","[[3.9991]
 [3.9999]
 [3.9999]
 ...
 [0.    ]
 [0.    ]
 [0.    ]]","[[0.   ]
 [0.001]
 [0.002]
 ...
 [0.   ]
 [0.   ]
 [0.   ]]","[[0.   ]
 [0.004]
 [0.008]
 ...
 [0.   ]
 [0.   ]
 [0.   ]]","[[23.9]
 [23.9]
 [23.9]
 ...
 [23.7]
 [23.7]
 [23.7]]",['2C charge and 1C discharge']
"[[array(['2022-10-08,22:27:53'], dtype='<U19')]
 [array(['2022-10-08,22:27:54'], dtype='<U19')]
 [array(['2022-10-08,22:27:55'], dtype='<U19')]
 ...
 [array(['2022-10-09,00:26:01'], dtype='<U19')]
 [array(['2022-10-09,00:26:01'], dtype='<U19')]
 [array(['2022-10-09,00:26:01'], dtype='<U19')]]","[[0.   ]
 [0.017]
 [0.033]
 ...
 [4.991]
 [5.001]
 [5.001]]","[[3.4964]
 [3.5292]
 [3.5438]
 ...
 [3.3223]
 [3.3217]
 [3.322 ]]","[[3.9985]
 [3.9998]
 [3.9998]
 ...
 [0.    ]
 [0.    ]
 [0.    ]]","[[0.   ]
 [0.001]
 [0.002]
 ...
 [0.   ]
 [0.   ]
 [0.   ]]","[[0.   ]
 [0.004]
 [0.008]
 ...
 [0.   ]
 [0.   ]
 [0.   ]]","[[23.7]
 [23.7]
 [23.7]
 ...
 [23.7]
 [23.7]
 [23.7]]",['2C charge and 1C discharge']
"[[array(['2022-10-09,00:26:02'], dtype='<U19')]
 [array(['2022-10-09,00:26:03'], dtype='<U19')]
 [array(['2022-10-09,00:26:04'], dtype='<U19')]
 ...
 [array(['2022-10-09,02:24:13'], dtype='<U19')]
 [array(['2022-10-09,02:24:13'], dtype='<U19')]
 [array(['2022-10-09,02:24:13'], dtype='<U19')]]","[[0.   ]
 [0.017]
 [0.034]
 ...
 [4.995]
 [5.   ]
 [5.   ]]","[[3.4982]
 [3.5319]
 [3.5453]
 ...
 [3.3222]
 [3.3226]
 [3.3228]]","[[3.9991]
 [3.9999]
 [3.9999]
 ...
 [0.    ]
 [0.    ]
 [0.    ]]","[[0.   ]
 [0.001]
 [0.002]
 ...
 [0.   ]
 [0.   ]
 [0.   ]]","[[0.   ]
 [0.004]
 [0.008]
 ...
 [0.   ]
 [0.   ]
 [0.   ]]","[[23.7]
 [23.6]
 [23.6]
 ...
 [23.6]
 [23.6]
 [23.6]]",['2C charge and 1C discharge']
"[[array(['2022-10-09,02:24:14'], dtype='<U19')]
 [array(['2022-10-09,02:24:15'], dtype='<U19')]
 [array(['2022-10-09,02:24:16'], dtype='<U19')]
 ...
 [array(['2022-10-09,04:22:30'], dtype='<U19')]
 [array(['2022-10-09,04:22:30'], dtype='<U19')]
 [array(['2022-10-09,04:22:30'], dtype='<U19')]]","[[0.   ]
 [0.017]
 [0.033]
 ...
 [4.993]
 [5.   ]
 [5.   ]]","[[3.4998]
 [3.5321]
 [3.5464]
 ...
 [3.3237]
 [3.3234]
 [3.3243]]","[[3.9994]
 [4.    ]
 [3.9999]
 ...
 [0.    ]
 [0.    ]
 [0.    ]]","[[0.   ]
 [0.001]
 [0.002]
 ...
 [0.   ]
 [0.   ]
 [0.   ]]","[[0.   ]
 [0.004]
 [0.008]
 ...
 [0.   ]
 [0.   ]
 [0.   ]]","[[23.6]
 [23.5]
 [23.5]
 ...
 [23.6]
 [23.6]
 [23.6]]",['2C charge and 1C discharge']
"[[array(['2022-10-09,04:22:31'], dtype='<U19')]
 [array(['2022-10-09,04:22:32'], dtype='<U19')]
 [array(['2022-10-09,04:22:33'], dtype='<U19')]
 ...
 [array(['2022-10-09,06:20:51'], dtype='<U19')]
 [array(['2022-10-09,06:20:51'], dtype='<U19')]
 [array(['2022-10-09,06:20:51'], dtype='<U19')]]","[[0.   ]
 [0.017]
 [0.034]
 ...
 [4.995]
 [5.   ]
 [5.   ]]","[[3.5004]
 [3.5348]
 [3.549 ]
 ...
 [3.3255]
 [3.3258]
 [3.3248]]","[[3.9991]
 [4.    ]
 [4.    ]
 ...
 [0.    ]
 [0.    ]
 [0.    ]]","[[0.   ]
 [0.001]
 [0.002]
 ...
 [0.   ]
 [0.   ]
 [0.   ]]","[[0.   ]
 [0.004]
 [0.008]
 ...
 [0.   ]
 [0.   ]
 [0.   ]]","[[23.6]
 [23.5]
 [23.5]
 ...
 [23.4]
 [23.4]
 [23.4]]",['2C charge and 1C discharge']
"[[array(['2022-10-09,06:20:52'], dtype='<U19')]
 [array(['2022-10-09,06:20:53'], dtype='<U19')]
 [array(['2022-10-09,06:20:54'], dtype='<U19')]
 ...
 [array(['2022-10-09,08:19:20'], dtype='<U19')]
 [array(['2022-10-09,08:19:21'], dtype='<U19')]
 [array(['2022-10-09,08:19:21'], dtype='<U19')]]","[[0.   ]
 [0.017]
 [0.033]
 ...
 [4.992]
 [5.   ]
 [5.   ]]","[[3.5022]
 [3.5352]
 [3.5499]
 ...
 [3.3265]
 [3.3269]
 [3.3269]]","[[3.9994]
 [4.    ]
 [4.0001]
 ...
 [0.    ]
 [0.    ]
 [0.    ]]","[[0.   ]
 [0.001]
 [0.002]
 ...
 [0.   ]
 [0.   ]
 [0.   ]]","[[0.   ]
 [0.004]
 [0.008]
 ...
 [0.   ]
 [0.   ]
 [0.   ]]","[[23.4]
 [23.4]
 [23.4]
 ...
 [23.5]
 [23.4]
 [23.4]]",['2C charge and 1C discharge']
"[[array(['2022-10-09,08:19:22'], dtype='<U19')]
 [array(['2022-10-09,08:19:23'], dtype='<U19')]
 [array(['2022-10-09,08:19:24'], dtype='<U19')]
 ...
 [array(['2022-10-09,10:17:48'], dtype='<U19')]
 [array(['2022-10-09,10:17:48'], dtype='<U19')]
 [array(['2022-10-09,10:17:48'], dtype='<U19')]]","[[0.   ]
 [0.017]
 [0.033]
 ...
 [5.   ]
 [5.   ]
 [5.   ]]","[[3.5013]
 [3.5348]
 [3.5499]
 ...
 [3.3229]
 [3.3231]
 [3.3231]]","[[3.9982]
 [3.9996]
 [3.9998]
 ...
 [0.    ]
 [0.    ]
 [0.    ]]","[[0.   ]
 [0.001]
 [0.002]
 ...
 [0.   ]
 [0.   ]
 [0.   ]]","[[0.   ]
 [0.004]
 [0.008]
 ...
 [0.   ]
 [0.   ]
 [0.   ]]","[[23.4]
 [23.4]
 [23.4]
 ...
 [23.7]
 [23.7]
 [23.7]]",['2C charge and 1C discharge']
"[[array(['2022-10-09,10:17:49'], dtype='<U19')]
 [array(['2022-10-09,10:17:50'], dtype='<U19')]
 [array(['2022-10-09,10:17:51'], dtype='<U19')]
 ...
 [array(['2022-10-09,12:16:00'], dtype='<U19')]
 [array(['2022-10-09,12:16:01'], dtype='<U19')]
 [array(['2022-10-09,12:16:01'], dtype='<U19')]]","[[0.   ]
 [0.017]
 [0.034]
 ...
 [4.989]
 [5.   ]
 [5.   ]]","[[3.4999]
 [3.5327]
 [3.5464]
 ...
 [3.322 ]
 [3.3223]
 [3.3223]]","[[3.9991]
 [3.9999]
 [3.9997]
 ...
 [0.    ]
 [0.    ]
 [0.    ]]","[[0.   ]
 [0.001]
 [0.002]
 ...
 [0.   ]
 [0.   ]
 [0.   ]]","[[0.   ]
 [0.004]
 [0.008]
 ...
 [0.   ]
 [0.   ]
 [0.   ]]","[[23.7]
 [23.7]
 [23.7]
 ...
 [23.9]
 [23.9]
 [23.9]]",['2C charge and 1C discharge']
"[[array(['2022-10-09,12:16:02'], dtype='<U19')]
 [array(['2022-10-09,12:16:03'], dtype='<U19')]
 [array(['2022-10-09,12:16:04'], dtype='<U19')]
 ...
 [array(['2022-10-09,14:14:15'], dtype='<U19')]
 [array(['2022-10-09,14:14:15'], dtype='<U19')]
 [array(['2022-10-09,14:14:15'], dtype='<U19')]]","[[0.   ]
 [0.018]
 [0.035]
 ...
 [4.997]
 [5.   ]
 [5.   ]]","[[3.4976]
 [3.533 ]
 [3.5459]
 ...
 [3.3237]
 [3.3237]
 [3.3229]]","[[3.9991]
 [3.9999]
 [3.9999]
 ...
 [0.    ]
 [0.    ]
 [0.    ]]","[[0.   ]
 [0.001]
 [0.002]
 ...
 [0.   ]
 [0.   ]
 [0.   ]]","[[0.   ]
 [0.004]
 [0.008]
 ...
 [0.   ]
 [0.   ]
 [0.   ]]","[[23.9]
 [23.9]
 [23.8]
 ...
 [23.7]
 [23.7]
 [23.7]]",['2C charge and 1C discharge']
"[[array(['2022-10-09,14:14:16'], dtype='<U19')]
 [array(['2022-10-09,14:14:17'], dtype='<U19')]
 [array(['2022-10-09,14:14:18'], dtype='<U19')]
 ...
 [array(['2022-10-09,16:12:31'], dtype='<U19')]
 [array(['2022-10-09,16:12:32'], dtype='<U19')]
 [array(['2022-10-09,16:12:32'], dtype='<U19')]]","[[0.   ]
 [0.017]
 [0.034]
 ...
 [4.988]
 [5.   ]
 [5.   ]]","[[3.4981]
 [3.5318]
 [3.5467]
 ...
 [3.3222]
 [3.3231]
 [3.3231]]","[[3.9985]
 [3.9999]
 [3.9999]
 ...
 [0.    ]
 [0.    ]
 [0.    ]]","[[0.   ]
 [0.001]
 [0.002]
 ...
 [0.   ]
 [0.   ]
 [0.   ]]","[[0.   ]
 [0.004]
 [0.008]
 ...
 [0.   ]
 [0.   ]
 [0.   ]]","[[23.7]
 [23.7]
 [23.7]
 ...
 [23.8]
 [23.8]
 [23.8]]",['2C charge and 1C discharge']
"[[array(['2022-10-09,16:12:33'], dtype='<U19')]
 [array(['2022-10-09,16:12:34'], dtype='<U19')]
 [array(['2022-10-09,16:12:35'], dtype='<U19')]
 ...
 [array(['2022-10-09,18:10:22'], dtype='<U19')]
 [array(['2022-10-09,18:10:23'], dtype='<U19')]
 [array(['2022-10-09,18:10:23'], dtype='<U19')]]","[[0.   ]
 [0.017]
 [0.034]
 ...
 [4.988]
 [5.   ]
 [5.   ]]","[[3.4986]
 [3.531 ]
 [3.5459]
 ...
 [3.3215]
 [3.3217]
 [3.3217]]","[[3.9985]
 [3.9998]
 [3.9998]
 ...
 [0.    ]
 [0.    ]
 [0.    ]]","[[0.   ]
 [0.001]
 [0.002]
 ...
 [0.   ]
 [0.   ]
 [0.   ]]","[[0.   ]
 [0.004]
 [0.008]
 ...
 [0.   ]
 [0.   ]
 [0.   ]]","[[23.8]
 [23.8]
 [23.8]
 ...
 [23.9]
 [23.9]
 [23.9]]",['2C charge and 1C discharge']
"[[array(['2022-10-09,18:10:24'], dtype='<U19')]
 [array(['2022-10-09,18:10:25'], dtype='<U19')]
 [array(['2022-10-09,18:10:26'], dtype='<U19')]
 ...
 [array(['2022-10-09,20:07:59'], dtype='<U19')]
 [array(['2022-10-09,20:07:59'], dtype='<U19')]
 [array(['2022-10-09,20:08:00'], dtype='<U19')]]","[[0.   ]
 [0.017]
 [0.033]
 ...
 [4.999]
 [5.   ]
 [5.   ]]","[[3.4964]
 [3.5296]
 [3.5448]
 ...
 [3.3251]
 [3.3249]
 [3.3248]]","[[3.9994]
 [3.9998]
 [3.9999]
 ...
 [0.    ]
 [0.    ]
 [0.    ]]","[[0.   ]
 [0.001]
 [0.002]
 ...
 [0.   ]
 [0.   ]
 [0.   ]]","[[0.   ]
 [0.004]
 [0.008]
 ...
 [0.   ]
 [0.   ]
 [0.   ]]","[[23.9]
 [23.9]
 [23.9]
 ...
 [23.7]
 [23.7]
 [23.7]]",['2C charge and 1C discharge']
"[[array(['2022-10-09,20:08:01'], dtype='<U19')]
 [array(['2022-10-09,20:08:02'], dtype='<U19')]
 [array(['2022-10-09,20:08:03'], dtype='<U19')]
 ...
 [array(['2022-10-09,22:05:49'], dtype='<U19')]
 [array(['2022-10-09,22:05:49'], dtype='<U19')]
 [array(['2022-10-09,22:05:49'], dtype='<U19')]]","[[0.   ]
 [0.017]
 [0.033]
 ...
 [4.989]
 [5.   ]
 [5.   ]]","[[3.5015]
 [3.5338]
 [3.549 ]
 ...
 [3.3258]
 [3.3265]
 [3.3265]]","[[3.9991]
 [3.9998]
 [4.    ]
 ...
 [0.    ]
 [0.    ]
 [0.    ]]","[[0.   ]
 [0.001]
 [0.002]
 ...
 [0.   ]
 [0.   ]
 [0.   ]]","[[0.   ]
 [0.004]
 [0.008]
 ...
 [0.   ]
 [0.   ]
 [0.   ]]","[[23.7]
 [23.7]
 [23.7]
 ...
 [23.7]
 [23.7]
 [23.7]]",['2C charge and 1C discharge']
"[[array(['2022-10-09,22:05:50'], dtype='<U19')]
 [array(['2022-10-09,22:05:51'], dtype='<U19')]
 [array(['2022-10-09,22:05:52'], dtype='<U19')]
 ...
 [array(['2022-10-10,00:03:41'], dtype='<U19')]
 [array(['2022-10-10,00:03:41'], dtype='<U19')]
 [array(['2022-10-10,00:03:41'], dtype='<U19')]]","[[0.   ]
 [0.017]
 [0.033]
 ...
 [4.999]
 [5.   ]
 [5.   ]]","[[3.5016]
 [3.5355]
 [3.5501]
 ...
 [3.328 ]
 [3.3283]
 [3.3272]]","[[3.9985]
 [3.9998]
 [3.9999]
 ...
 [0.    ]
 [0.    ]
 [0.    ]]","[[0.   ]
 [0.001]
 [0.002]
 ...
 [0.   ]
 [0.   ]
 [0.   ]]","[[0.   ]
 [0.004]
 [0.008]
 ...
 [0.   ]
 [0.   ]
 [0.   ]]","[[23.6]
 [23.6]
 [23.6]
 ...
 [23.5]
 [23.5]
 [23.5]]",['2C charge and 1C discharge']
"[[array(['2022-10-10,00:03:42'], dtype='<U19')]
 [array(['2022-10-10,00:03:43'], dtype='<U19')]
 [array(['2022-10-10,00:03:44'], dtype='<U19')]
 ...
 [array(['2022-10-10,02:01:44'], dtype='<U19')]
 [array(['2022-10-10,02:01:45'], dtype='<U19')]
 [array(['2022-10-10,02:01:45'], dtype='<U19')]]","[[0.   ]
 [0.017]
 [0.033]
 ...
 [4.985]
 [5.   ]
 [5.   ]]","[[3.4929]
 [3.5365]
 [3.5525]
 ...
 [3.3286]
 [3.3291]
 [3.3289]]","[[3.9985]
 [3.9998]
 [4.0001]
 ...
 [0.    ]
 [0.    ]
 [0.    ]]","[[0.   ]
 [0.001]
 [0.002]
 ...
 [0.   ]
 [0.   ]
 [0.   ]]","[[0.   ]
 [0.004]
 [0.008]
 ...
 [0.   ]
 [0.   ]
 [0.   ]]","[[23.5]
 [23.5]
 [23.4]
 ...
 [23.4]
 [23.4]
 [23.4]]",['2C charge and 1C discharge']
"[[array(['2022-10-10,02:01:46'], dtype='<U19')]
 [array(['2022-10-10,02:01:47'], dtype='<U19')]
 [array(['2022-10-10,02:01:48'], dtype='<U19')]
 ...
 [array(['2022-10-10,03:59:50'], dtype='<U19')]
 [array(['2022-10-10,03:59:50'], dtype='<U19')]
 [array(['2022-10-10,03:59:51'], dtype='<U19')]]","[[0.   ]
 [0.017]
 [0.034]
 ...
 [4.995]
 [5.001]
 [5.001]]","[[3.5069]
 [3.5408]
 [3.5542]
 ...
 [3.3314]
 [3.3308]
 [3.33  ]]","[[3.9994]
 [4.0001]
 [3.9999]
 ...
 [0.    ]
 [0.    ]
 [0.    ]]","[[0.   ]
 [0.001]
 [0.002]
 ...
 [0.   ]
 [0.   ]
 [0.   ]]","[[0.   ]
 [0.004]
 [0.008]
 ...
 [0.   ]
 [0.   ]
 [0.   ]]","[[23.4]
 [23.4]
 [23.4]
 ...
 [23.3]
 [23.3]
 [23.3]]",['2C charge and 1C discharge']
"[[array(['2022-10-10,03:59:52'], dtype='<U19')]
 [array(['2022-10-10,03:59:53'], dtype='<U19')]
 [array(['2022-10-10,03:59:54'], dtype='<U19')]
 ...
 [array(['2022-10-10,05:58:10'], dtype='<U19')]
 [array(['2022-10-10,05:58:10'], dtype='<U19')]
 [array(['2022-10-10,05:58:11'], dtype='<U19')]]","[[0.   ]
 [0.017]
 [0.033]
 ...
 [4.986]
 [5.   ]
 [5.   ]]","[[3.5076]
 [3.5415]
 [3.5547]
 ...
 [3.3325]
 [3.3309]
 [3.3311]]","[[3.9988]
 [3.9998]
 [3.9997]
 ...
 [0.    ]
 [0.    ]
 [0.    ]]","[[0.   ]
 [0.001]
 [0.002]
 ...
 [0.   ]
 [0.   ]
 [0.   ]]","[[0.   ]
 [0.004]
 [0.008]
 ...
 [0.   ]
 [0.   ]
 [0.   ]]","[[23.3]
 [23.3]
 [23.3]
 ...
 [23.3]
 [23.3]
 [23.3]]",['2C charge and 1C discharge']
"[[array(['2022-10-10,05:58:11'], dtype='<U19')]
 [array(['2022-10-10,05:58:12'], dtype='<U19')]
 [array(['2022-10-10,05:58:14'], dtype='<U19')]
 ...
 [array(['2022-10-10,07:56:30'], dtype='<U19')]
 [array(['2022-10-10,07:56:30'], dtype='<U19')]
 [array(['2022-10-10,07:56:31'], dtype='<U19')]]","[[0.   ]
 [0.017]
 [0.033]
 ...
 [4.995]
 [5.   ]
 [5.   ]]","[[3.509 ]
 [3.5412]
 [3.557 ]
 ...
 [3.3317]
 [3.3331]
 [3.3329]]","[[3.9994]
 [3.9998]
 [4.    ]
 ...
 [0.    ]
 [0.    ]
 [0.    ]]","[[0.   ]
 [0.001]
 [0.002]
 ...
 [0.   ]
 [0.   ]
 [0.   ]]","[[0.   ]
 [0.004]
 [0.008]
 ...
 [0.   ]
 [0.   ]
 [0.   ]]","[[23.3]
 [23.2]
 [23.3]
 ...
 [23.3]
 [23.2]
 [23.2]]",['2C charge and 1C discharge']
"[[array(['2022-10-10,07:56:31'], dtype='<U19')]
 [array(['2022-10-10,07:56:32'], dtype='<U19')]
 [array(['2022-10-10,07:56:34'], dtype='<U19')]
 ...
 [array(['2022-10-10,09:54:54'], dtype='<U19')]
 [array(['2022-10-10,09:54:54'], dtype='<U19')]
 [array(['2022-10-10,09:54:54'], dtype='<U19')]]","[[0.   ]
 [0.017]
 [0.034]
 ...
 [4.994]
 [5.   ]
 [5.   ]]","[[3.5106]
 [3.5438]
 [3.5579]
 ...
 [3.3291]
 [3.3285]
 [3.3292]]","[[3.9991]
 [4.0001]
 [3.9999]
 ...
 [0.    ]
 [0.    ]
 [0.    ]]","[[0.   ]
 [0.001]
 [0.002]
 ...
 [0.   ]
 [0.   ]
 [0.   ]]","[[0.   ]
 [0.004]
 [0.008]
 ...
 [0.   ]
 [0.   ]
 [0.   ]]","[[23.2]
 [23.2]
 [23.2]
 ...
 [23.7]
 [23.7]
 [23.7]]",['2C charge and 1C discharge']
"[[array(['2022-10-10,09:54:55'], dtype='<U19')]
 [array(['2022-10-10,09:54:56'], dtype='<U19')]
 [array(['2022-10-10,09:54:57'], dtype='<U19')]
 ...
 [array(['2022-10-10,11:52:46'], dtype='<U19')]
 [array(['2022-10-10,11:52:47'], dtype='<U19')]
 [array(['2022-10-10,11:52:47'], dtype='<U19')]]","[[0.   ]
 [0.017]
 [0.034]
 ...
 [4.992]
 [5.   ]
 [5.   ]]","[[3.5056]
 [3.5379]
 [3.5528]
 ...
 [3.3275]
 [3.3275]
 [3.3277]]","[[3.9988]
 [3.9999]
 [3.9998]
 ...
 [0.    ]
 [0.    ]
 [0.    ]]","[[0.   ]
 [0.001]
 [0.002]
 ...
 [0.   ]
 [0.   ]
 [0.   ]]","[[0.   ]
 [0.004]
 [0.008]
 ...
 [0.   ]
 [0.   ]
 [0.   ]]","[[23.7]
 [23.7]
 [23.7]
 ...
 [23.8]
 [23.9]
 [23.9]]",['2C charge and 1C discharge']
"[[array(['2022-10-10,11:52:48'], dtype='<U19')]
 [array(['2022-10-10,11:52:49'], dtype='<U19')]
 [array(['2022-10-10,11:52:50'], dtype='<U19')]
 ...
 [array(['2022-10-10,13:50:49'], dtype='<U19')]
 [array(['2022-10-10,13:50:50'], dtype='<U19')]
 [array(['2022-10-10,13:50:50'], dtype='<U19')]]","[[0.   ]
 [0.017]
 [0.033]
 ...
 [4.987]
 [5.001]
 [5.001]]","[[3.5016]
 [3.5365]
 [3.5508]
 ...
 [3.3289]
 [3.3291]
 [3.3286]]","[[3.9994]
 [3.9999]
 [3.9999]
 ...
 [0.    ]
 [0.    ]
 [0.    ]]","[[0.   ]
 [0.001]
 [0.002]
 ...
 [0.   ]
 [0.   ]
 [0.   ]]","[[0.   ]
 [0.004]
 [0.008]
 ...
 [0.   ]
 [0.   ]
 [0.   ]]","[[23.8]
 [23.8]
 [23.8]
 ...
 [23.7]
 [23.7]
 [23.7]]",['2C charge and 1C discharge']
"[[array(['2022-10-10,13:50:51'], dtype='<U19')]
 [array(['2022-10-10,13:50:52'], dtype='<U19')]
 [array(['2022-10-10,13:50:53'], dtype='<U19')]
 ...
 [array(['2022-10-10,15:48:58'], dtype='<U19')]
 [array(['2022-10-10,15:48:59'], dtype='<U19')]
 [array(['2022-10-10,15:48:59'], dtype='<U19')]]","[[0.   ]
 [0.017]
 [0.033]
 ...
 [4.984]
 [5.001]
 [5.001]]","[[3.5049]
 [3.5387]
 [3.5528]
 ...
 [3.3298]
 [3.3297]
 [3.3303]]","[[3.9988]
 [3.9999]
 [3.9999]
 ...
 [0.    ]
 [0.    ]
 [0.    ]]","[[0.   ]
 [0.001]
 [0.002]
 ...
 [0.   ]
 [0.   ]
 [0.   ]]","[[0.   ]
 [0.004]
 [0.008]
 ...
 [0.   ]
 [0.   ]
 [0.   ]]","[[23.7]
 [23.7]
 [23.7]
 ...
 [23.7]
 [23.7]
 [23.7]]",['2C charge and 1C discharge']
"[[array(['2022-10-10,15:49:00'], dtype='<U19')]
 [array(['2022-10-10,15:49:01'], dtype='<U19')]
 [array(['2022-10-10,15:49:02'], dtype='<U19')]
 ...
 [array(['2022-10-10,17:47:12'], dtype='<U19')]
 [array(['2022-10-10,17:47:13'], dtype='<U19')]
 [array(['2022-10-10,17:47:13'], dtype='<U19')]]","[[0.   ]
 [0.017]
 [0.033]
 ...
 [4.984]
 [5.001]
 [5.001]]","[[3.5072]
 [3.5402]
 [3.5551]
 ...
 [3.3302]
 [3.3309]
 [3.3303]]","[[3.9982]
 [3.9999]
 [4.    ]
 ...
 [0.    ]
 [0.    ]
 [0.    ]]","[[0.   ]
 [0.001]
 [0.002]
 ...
 [0.   ]
 [0.   ]
 [0.   ]]","[[0.   ]
 [0.004]
 [0.008]
 ...
 [0.   ]
 [0.   ]
 [0.   ]]","[[23.7]
 [23.7]
 [23.7]
 ...
 [23.7]
 [23.7]
 [23.7]]",['2C charge and 1C discharge']
"[[array(['2022-10-10,17:47:14'], dtype='<U19')]
 [array(['2022-10-10,17:47:15'], dtype='<U19')]
 [array(['2022-10-10,17:47:16'], dtype='<U19')]
 ...
 [array(['2022-10-10,19:45:22'], dtype='<U19')]
 [array(['2022-10-10,19:45:23'], dtype='<U19')]
 [array(['2022-10-10,19:45:23'], dtype='<U19')]]","[[0.   ]
 [0.017]
 [0.033]
 ...
 [4.984]
 [5.   ]
 [5.   ]]","[[3.5073]
 [3.5396]
 [3.5544]
 ...
 [3.3278]
 [3.3282]
 [3.328 ]]","[[3.9985]
 [3.9998]
 [3.9998]
 ...
 [0.    ]
 [0.    ]
 [0.    ]]","[[0.   ]
 [0.001]
 [0.002]
 ...
 [0.   ]
 [0.   ]
 [0.   ]]","[[0.   ]
 [0.004]
 [0.008]
 ...
 [0.   ]
 [0.   ]
 [0.   ]]","[[23.7]
 [23.7]
 [23.7]
 ...
 [24.1]
 [24. ]
 [24. ]]",['2C charge and 1C discharge']
"[[array(['2022-10-10,19:45:24'], dtype='<U19')]
 [array(['2022-10-10,19:45:25'], dtype='<U19')]
 [array(['2022-10-10,19:45:26'], dtype='<U19')]
 ...
 [array(['2022-10-10,21:43:10'], dtype='<U19')]
 [array(['2022-10-10,21:43:11'], dtype='<U19')]
 [array(['2022-10-10,21:43:11'], dtype='<U19')]]","[[0.   ]
 [0.017]
 [0.033]
 ...
 [4.99 ]
 [5.   ]
 [5.   ]]","[[3.5047]
 [3.5362]
 [3.5504]
 ...
 [3.328 ]
 [3.3283]
 [3.3283]]","[[3.9991]
 [3.9999]
 [3.9999]
 ...
 [0.    ]
 [0.    ]
 [0.    ]]","[[0.   ]
 [0.001]
 [0.002]
 ...
 [0.   ]
 [0.   ]
 [0.   ]]","[[0.   ]
 [0.004]
 [0.008]
 ...
 [0.   ]
 [0.   ]
 [0.   ]]","[[24.]
 [24.]
 [24.]
 ...
 [24.]
 [24.]
 [24.]]",['2C charge and 1C discharge']
"[[array(['2022-10-10,21:43:12'], dtype='<U19')]
 [array(['2022-10-10,21:43:13'], dtype='<U19')]
 [array(['2022-10-10,21:43:14'], dtype='<U19')]
 ...
 [array(['2022-10-10,23:40:57'], dtype='<U19')]
 [array(['2022-10-10,23:40:58'], dtype='<U19')]
 [array(['2022-10-10,23:40:58'], dtype='<U19')]]","[[0.   ]
 [0.017]
 [0.033]
 ...
 [4.986]
 [5.001]
 [5.001]]","[[3.5041]
 [3.5373]
 [3.5515]
 ...
 [3.3317]
 [3.3317]
 [3.3317]]","[[3.9985]
 [3.9999]
 [3.9999]
 ...
 [0.    ]
 [0.    ]
 [0.    ]]","[[0.   ]
 [0.001]
 [0.002]
 ...
 [0.   ]
 [0.   ]
 [0.   ]]","[[0.   ]
 [0.004]
 [0.008]
 ...
 [0.   ]
 [0.   ]
 [0.   ]]","[[24. ]
 [24. ]
 [23.9]
 ...
 [23.7]
 [23.7]
 [23.7]]",['2C charge and 1C discharge']
"[[array(['2022-10-10,23:40:59'], dtype='<U19')]
 [array(['2022-10-10,23:41:00'], dtype='<U19')]
 [array(['2022-10-10,23:41:01'], dtype='<U19')]
 ...
 [array(['2022-10-11,01:38:44'], dtype='<U19')]
 [array(['2022-10-11,01:38:45'], dtype='<U19')]
 [array(['2022-10-11,01:38:45'], dtype='<U19')]]","[[0.   ]
 [0.017]
 [0.034]
 ...
 [4.993]
 [5.   ]
 [5.   ]]","[[3.5067]
 [3.5415]
 [3.5559]
 ...
 [3.3345]
 [3.3343]
 [3.3329]]","[[3.9985]
 [4.    ]
 [4.    ]
 ...
 [0.    ]
 [0.    ]
 [0.    ]]","[[0.   ]
 [0.001]
 [0.002]
 ...
 [0.   ]
 [0.   ]
 [0.   ]]","[[0.   ]
 [0.004]
 [0.008]
 ...
 [0.   ]
 [0.   ]
 [0.   ]]","[[23.7]
 [23.7]
 [23.7]
 ...
 [23.6]
 [23.6]
 [23.6]]",['2C charge and 1C discharge']
"[[array(['2022-10-11,01:38:46'], dtype='<U19')]
 [array(['2022-10-11,01:38:47'], dtype='<U19')]
 [array(['2022-10-11,01:38:48'], dtype='<U19')]
 ...
 [array(['2022-10-11,03:36:39'], dtype='<U19')]
 [array(['2022-10-11,03:36:39'], dtype='<U19')]
 [array(['2022-10-11,03:36:40'], dtype='<U19')]]","[[0.   ]
 [0.017]
 [0.034]
 ...
 [4.989]
 [5.   ]
 [5.   ]]","[[3.5113]
 [3.5447]
 [3.5582]
 ...
 [3.3352]
 [3.3355]
 [3.3345]]","[[4.0001]
 [4.0001]
 [3.9999]
 ...
 [0.    ]
 [0.    ]
 [0.    ]]","[[0.   ]
 [0.001]
 [0.002]
 ...
 [0.   ]
 [0.   ]
 [0.   ]]","[[0.   ]
 [0.004]
 [0.008]
 ...
 [0.   ]
 [0.   ]
 [0.   ]]","[[23.6]
 [23.6]
 [23.6]
 ...
 [23.6]
 [23.6]
 [23.6]]",['2C charge and 1C discharge']
"[[array(['2022-10-11,03:36:41'], dtype='<U19')]
 [array(['2022-10-11,03:36:42'], dtype='<U19')]
 [array(['2022-10-11,03:36:43'], dtype='<U19')]
 ...
 [array(['2022-10-11,05:34:43'], dtype='<U19')]
 [array(['2022-10-11,05:34:44'], dtype='<U19')]
 [array(['2022-10-11,05:34:44'], dtype='<U19')]]","[[0.   ]
 [0.017]
 [0.034]
 ...
 [4.988]
 [5.001]
 [5.001]]","[[3.5119]
 [3.5441]
 [3.5601]
 ...
 [3.3372]
 [3.3371]
 [3.3355]]","[[3.9998]
 [3.9997]
 [4.    ]
 ...
 [0.    ]
 [0.    ]
 [0.    ]]","[[0.   ]
 [0.001]
 [0.002]
 ...
 [0.   ]
 [0.   ]
 [0.   ]]","[[0.   ]
 [0.004]
 [0.008]
 ...
 [0.   ]
 [0.   ]
 [0.   ]]","[[23.6]
 [23.5]
 [23.5]
 ...
 [23.4]
 [23.4]
 [23.4]]",['2C charge and 1C discharge']
"[[array(['2022-10-11,05:34:45'], dtype='<U19')]
 [array(['2022-10-11,05:34:46'], dtype='<U19')]
 [array(['2022-10-11,05:34:47'], dtype='<U19')]
 ...
 [array(['2022-10-11,07:32:49'], dtype='<U19')]
 [array(['2022-10-11,07:32:49'], dtype='<U19')]
 [array(['2022-10-11,07:32:49'], dtype='<U19')]]","[[0.   ]
 [0.017]
 [0.034]
 ...
 [4.994]
 [5.001]
 [5.001]]","[[3.5164]
 [3.5475]
 [3.5608]
 ...
 [3.3366]
 [3.3369]
 [3.3375]]","[[4.0004]
 [4.0002]
 [3.9999]
 ...
 [0.    ]
 [0.    ]
 [0.    ]]","[[0.   ]
 [0.001]
 [0.002]
 ...
 [0.   ]
 [0.   ]
 [0.   ]]","[[0.   ]
 [0.004]
 [0.008]
 ...
 [0.   ]
 [0.   ]
 [0.   ]]","[[23.4]
 [23.4]
 [23.4]
 ...
 [23.3]
 [23.3]
 [23.3]]",['2C charge and 1C discharge']
"[[array(['2022-10-11,07:32:50'], dtype='<U19')]
 [array(['2022-10-11,07:32:51'], dtype='<U19')]
 [array(['2022-10-11,07:32:52'], dtype='<U19')]
 ...
 [array(['2022-10-11,09:31:03'], dtype='<U19')]
 [array(['2022-10-11,09:31:03'], dtype='<U19')]
 [array(['2022-10-11,09:31:03'], dtype='<U19')]]","[[0.   ]
 [0.017]
 [0.034]
 ...
 [4.993]
 [5.   ]
 [5.   ]]","[[3.5164]
 [3.5482]
 [3.5619]
 ...
 [3.3352]
 [3.3362]
 [3.3352]]","[[4.0001]
 [3.9999]
 [3.9998]
 ...
 [0.    ]
 [0.    ]
 [0.    ]]","[[0.   ]
 [0.001]
 [0.002]
 ...
 [0.   ]
 [0.   ]
 [0.   ]]","[[0.   ]
 [0.004]
 [0.008]
 ...
 [0.   ]
 [0.   ]
 [0.   ]]","[[23.3]
 [23.3]
 [23.3]
 ...
 [23.6]
 [23.6]
 [23.6]]",['2C charge and 1C discharge']
"[[array(['2022-10-11,09:31:04'], dtype='<U19')]
 [array(['2022-10-11,09:31:05'], dtype='<U19')]
 [array(['2022-10-11,09:31:06'], dtype='<U19')]
 ...
 [array(['2022-10-11,11:29:08'], dtype='<U19')]
 [array(['2022-10-11,11:29:09'], dtype='<U19')]
 [array(['2022-10-11,11:29:09'], dtype='<U19')]]","[[0.   ]
 [0.017]
 [0.033]
 ...
 [4.987]
 [5.001]
 [5.001]]","[[3.5136]
 [3.5461]
 [3.5595]
 ...
 [3.3332]
 [3.3332]
 [3.3332]]","[[3.9991]
 [4.0001]
 [3.9999]
 ...
 [0.    ]
 [0.    ]
 [0.    ]]","[[0.   ]
 [0.001]
 [0.002]
 ...
 [0.   ]
 [0.   ]
 [0.   ]]","[[0.   ]
 [0.004]
 [0.008]
 ...
 [0.   ]
 [0.   ]
 [0.   ]]","[[23.6]
 [23.6]
 [23.5]
 ...
 [23.9]
 [23.9]
 [23.9]]",['2C charge and 1C discharge']
"[[array(['2022-10-11,11:29:10'], dtype='<U19')]
 [array(['2022-10-11,11:29:11'], dtype='<U19')]
 [array(['2022-10-11,11:29:12'], dtype='<U19')]
 ...
 [array(['2022-10-11,13:27:03'], dtype='<U19')]
 [array(['2022-10-11,13:27:04'], dtype='<U19')]
 [array(['2022-10-11,13:27:04'], dtype='<U19')]]","[[0.   ]
 [0.017]
 [0.034]
 ...
 [4.991]
 [5.   ]
 [5.   ]]","[[3.5095]
 [3.5418]
 [3.5567]
 ...
 [3.3312]
 [3.3317]
 [3.3314]]","[[3.9991]
 [3.9998]
 [4.    ]
 ...
 [0.    ]
 [0.    ]
 [0.    ]]","[[0.   ]
 [0.001]
 [0.002]
 ...
 [0.   ]
 [0.   ]
 [0.   ]]","[[0.   ]
 [0.004]
 [0.008]
 ...
 [0.   ]
 [0.   ]
 [0.   ]]","[[23.9]
 [23.9]
 [23.9]
 ...
 [24. ]
 [24. ]
 [24. ]]",['2C charge and 1C discharge']
"[[array(['2022-10-11,13:27:05'], dtype='<U19')]
 [array(['2022-10-11,13:27:06'], dtype='<U19')]
 [array(['2022-10-11,13:27:07'], dtype='<U19')]
 ...
 [array(['2022-10-11,15:24:57'], dtype='<U19')]
 [array(['2022-10-11,15:24:58'], dtype='<U19')]
 [array(['2022-10-11,15:24:58'], dtype='<U19')]]","[[0.   ]
 [0.017]
 [0.033]
 ...
 [4.998]
 [5.001]
 [5.001]]","[[3.509 ]
 [3.5398]
 [3.5545]
 ...
 [3.3329]
 [3.3332]
 [3.3331]]","[[3.9988]
 [3.9997]
 [3.9999]
 ...
 [0.    ]
 [0.    ]
 [0.    ]]","[[0.   ]
 [0.001]
 [0.002]
 ...
 [0.   ]
 [0.   ]
 [0.   ]]","[[0.   ]
 [0.004]
 [0.008]
 ...
 [0.   ]
 [0.   ]
 [0.   ]]","[[24. ]
 [24. ]
 [24. ]
 ...
 [23.9]
 [23.9]
 [23.9]]",['2C charge and 1C discharge']
"[[array(['2022-10-11,15:24:59'], dtype='<U19')]
 [array(['2022-10-11,15:25:00'], dtype='<U19')]
 [array(['2022-10-11,15:25:01'], dtype='<U19')]
 ...
 [array(['2022-10-11,17:22:49'], dtype='<U19')]
 [array(['2022-10-11,17:22:49'], dtype='<U19')]
 [array(['2022-10-11,17:22:49'], dtype='<U19')]]","[[0.   ]
 [0.017]
 [0.034]
 ...
 [4.997]
 [5.001]
 [5.001]]","[[3.5102]
 [3.5432]
 [3.5568]
 ...
 [3.3334]
 [3.3334]
 [3.3334]]","[[3.9991]
 [3.9999]
 [3.9999]
 ...
 [0.    ]
 [0.    ]
 [0.    ]]","[[0.   ]
 [0.001]
 [0.002]
 ...
 [0.   ]
 [0.   ]
 [0.   ]]","[[0.   ]
 [0.004]
 [0.008]
 ...
 [0.   ]
 [0.   ]
 [0.   ]]","[[23.9]
 [23.9]
 [23.9]
 ...
 [23.9]
 [23.9]
 [23.9]]",['2C charge and 1C discharge']
"[[array(['2022-10-11,17:22:50'], dtype='<U19')]
 [array(['2022-10-11,17:22:51'], dtype='<U19')]
 [array(['2022-10-11,17:22:52'], dtype='<U19')]
 ...
 [array(['2022-10-11,19:20:50'], dtype='<U19')]
 [array(['2022-10-11,19:20:50'], dtype='<U19')]
 [array(['2022-10-11,19:20:50'], dtype='<U19')]]","[[0.   ]
 [0.017]
 [0.034]
 ...
 [4.996]
 [5.001]
 [5.001]]","[[3.5101]
 [3.5425]
 [3.557 ]
 ...
 [3.3351]
 [3.3351]
 [3.3346]]","[[3.9991]
 [3.9999]
 [4.    ]
 ...
 [0.    ]
 [0.    ]
 [0.    ]]","[[0.   ]
 [0.001]
 [0.002]
 ...
 [0.   ]
 [0.   ]
 [0.   ]]","[[0.   ]
 [0.004]
 [0.008]
 ...
 [0.   ]
 [0.   ]
 [0.   ]]","[[23.9]
 [23.9]
 [23.9]
 ...
 [23.9]
 [23.9]
 [23.9]]",['2C charge and 1C discharge']
"[[array(['2022-10-11,19:20:51'], dtype='<U19')]
 [array(['2022-10-11,19:20:52'], dtype='<U19')]
 [array(['2022-10-11,19:20:53'], dtype='<U19')]
 ...
 [array(['2022-10-11,21:18:41'], dtype='<U19')]
 [array(['2022-10-11,21:18:42'], dtype='<U19')]
 [array(['2022-10-11,21:18:42'], dtype='<U19')]]","[[0.   ]
 [0.017]
 [0.034]
 ...
 [4.992]
 [5.   ]
 [5.   ]]","[[3.5107]
 [3.5441]
 [3.5585]
 ...
 [3.334 ]
 [3.3345]
 [3.3345]]","[[3.9988]
 [4.    ]
 [4.    ]
 ...
 [0.    ]
 [0.    ]
 [0.    ]]","[[0.   ]
 [0.001]
 [0.002]
 ...
 [0.   ]
 [0.   ]
 [0.   ]]","[[0.   ]
 [0.004]
 [0.008]
 ...
 [0.   ]
 [0.   ]
 [0.   ]]","[[23.9]
 [23.9]
 [23.9]
 ...
 [23.9]
 [23.9]
 [23.9]]",['2C charge and 1C discharge']
"[[array(['2022-10-11,21:18:43'], dtype='<U19')]
 [array(['2022-10-11,21:18:44'], dtype='<U19')]
 [array(['2022-10-11,21:18:45'], dtype='<U19')]
 ...
 [array(['2022-10-11,23:16:47'], dtype='<U19')]
 [array(['2022-10-11,23:16:48'], dtype='<U19')]
 [array(['2022-10-11,23:16:48'], dtype='<U19')]]","[[0.   ]
 [0.017]
 [0.033]
 ...
 [4.985]
 [5.   ]
 [5.   ]]","[[3.511 ]
 [3.5441]
 [3.5578]
 ...
 [3.3345]
 [3.3351]
 [3.3349]]","[[3.9991]
 [4.    ]
 [3.9999]
 ...
 [0.    ]
 [0.    ]
 [0.    ]]","[[0.   ]
 [0.001]
 [0.002]
 ...
 [0.   ]
 [0.   ]
 [0.   ]]","[[0.   ]
 [0.004]
 [0.008]
 ...
 [0.   ]
 [0.   ]
 [0.   ]]","[[23.9]
 [23.9]
 [23.9]
 ...
 [23.9]
 [23.9]
 [23.9]]",['2C charge and 1C discharge']
"[[array(['2022-10-11,23:16:49'], dtype='<U19')]
 [array(['2022-10-11,23:16:50'], dtype='<U19')]
 [array(['2022-10-11,23:16:51'], dtype='<U19')]
 ...
 [array(['2022-10-12,01:15:06'], dtype='<U19')]
 [array(['2022-10-12,01:15:07'], dtype='<U19')]
 [array(['2022-10-12,01:15:07'], dtype='<U19')]]","[[0.   ]
 [0.017]
 [0.033]
 ...
 [4.985]
 [5.   ]
 [5.   ]]","[[3.5096]
 [3.5432]
 [3.5578]
 ...
 [3.3357]
 [3.3351]
 [3.3354]]","[[3.9988]
 [3.9998]
 [3.9999]
 ...
 [0.    ]
 [0.    ]
 [0.    ]]","[[0.   ]
 [0.001]
 [0.002]
 ...
 [0.   ]
 [0.   ]
 [0.   ]]","[[0.   ]
 [0.004]
 [0.008]
 ...
 [0.   ]
 [0.   ]
 [0.   ]]","[[23.9]
 [23.9]
 [23.8]
 ...
 [23.8]
 [23.8]
 [23.8]]",['2C charge and 1C discharge']
"[[array(['2022-10-12,01:15:08'], dtype='<U19')]
 [array(['2022-10-12,01:15:09'], dtype='<U19')]
 [array(['2022-10-12,01:15:10'], dtype='<U19')]
 ...
 [array(['2022-10-12,03:13:07'], dtype='<U19')]
 [array(['2022-10-12,03:13:08'], dtype='<U19')]
 [array(['2022-10-12,03:13:08'], dtype='<U19')]]","[[0.   ]
 [0.017]
 [0.034]
 ...
 [4.992]
 [5.001]
 [5.001]]","[[3.513 ]
 [3.545 ]
 [3.5598]
 ...
 [3.3363]
 [3.3368]
 [3.3372]]","[[3.9988]
 [3.9999]
 [3.9999]
 ...
 [0.    ]
 [0.    ]
 [0.    ]]","[[0.   ]
 [0.001]
 [0.002]
 ...
 [0.   ]
 [0.   ]
 [0.   ]]","[[0.   ]
 [0.004]
 [0.008]
 ...
 [0.   ]
 [0.   ]
 [0.   ]]","[[23.8]
 [23.8]
 [23.8]
 ...
 [23.7]
 [23.7]
 [23.7]]",['2C charge and 1C discharge']
"[[array(['2022-10-12,03:13:09'], dtype='<U19')]
 [array(['2022-10-12,03:13:10'], dtype='<U19')]
 [array(['2022-10-12,03:13:11'], dtype='<U19')]
 ...
 [array(['2022-10-12,05:11:10'], dtype='<U19')]
 [array(['2022-10-12,05:11:11'], dtype='<U19')]
 [array(['2022-10-12,05:11:11'], dtype='<U19')]]","[[0.   ]
 [0.017]
 [0.034]
 ...
 [4.989]
 [5.   ]
 [5.   ]]","[[3.5145]
 [3.5468]
 [3.5605]
 ...
 [3.3365]
 [3.3372]
 [3.3363]]","[[3.9991]
 [3.9999]
 [3.9999]
 ...
 [0.    ]
 [0.    ]
 [0.    ]]","[[0.   ]
 [0.001]
 [0.002]
 ...
 [0.   ]
 [0.   ]
 [0.   ]]","[[0.   ]
 [0.004]
 [0.008]
 ...
 [0.   ]
 [0.   ]
 [0.   ]]","[[23.7]
 [23.7]
 [23.7]
 ...
 [23.8]
 [23.8]
 [23.8]]",['2C charge and 1C discharge']
"[[array(['2022-10-12,05:11:12'], dtype='<U19')]
 [array(['2022-10-12,05:11:13'], dtype='<U19')]
 [array(['2022-10-12,05:11:14'], dtype='<U19')]
 ...
 [array(['2022-10-12,07:09:10'], dtype='<U19')]
 [array(['2022-10-12,07:09:10'], dtype='<U19')]
 [array(['2022-10-12,07:09:10'], dtype='<U19')]]","[[0.   ]
 [0.017]
 [0.034]
 ...
 [4.993]
 [5.   ]
 [5.   ]]","[[3.5156]
 [3.5462]
 [3.5613]
 ...
 [3.3371]
 [3.3374]
 [3.3372]]","[[3.9991]
 [3.9999]
 [4.    ]
 ...
 [0.    ]
 [0.    ]
 [0.    ]]","[[0.   ]
 [0.001]
 [0.002]
 ...
 [0.   ]
 [0.   ]
 [0.   ]]","[[0.   ]
 [0.004]
 [0.008]
 ...
 [0.   ]
 [0.   ]
 [0.   ]]","[[23.7]
 [23.7]
 [23.7]
 ...
 [23.7]
 [23.7]
 [23.7]]",['2C charge and 1C discharge']
"[[array(['2022-10-12,07:09:11'], dtype='<U19')]
 [array(['2022-10-12,07:09:12'], dtype='<U19')]
 [array(['2022-10-12,07:09:13'], dtype='<U19')]
 ...
 [array(['2022-10-12,09:07:06'], dtype='<U19')]
 [array(['2022-10-12,09:07:07'], dtype='<U19')]
 [array(['2022-10-12,09:07:07'], dtype='<U19')]]","[[0.   ]
 [0.017]
 [0.033]
 ...
 [4.99 ]
 [5.   ]
 [5.   ]]","[[3.513 ]
 [3.5464]
 [3.5605]
 ...
 [3.3369]
 [3.3368]
 [3.3369]]","[[3.9988]
 [3.9997]
 [3.9999]
 ...
 [0.    ]
 [0.    ]
 [0.    ]]","[[0.   ]
 [0.001]
 [0.002]
 ...
 [0.   ]
 [0.   ]
 [0.   ]]","[[0.   ]
 [0.004]
 [0.008]
 ...
 [0.   ]
 [0.   ]
 [0.   ]]","[[23.7]
 [23.7]
 [23.7]
 ...
 [23.8]
 [23.8]
 [23.9]]",['2C charge and 1C discharge']
"[[array(['2022-10-12,09:07:08'], dtype='<U19')]
 [array(['2022-10-12,09:07:09'], dtype='<U19')]
 [array(['2022-10-12,09:07:10'], dtype='<U19')]
 ...
 [array(['2022-10-12,11:04:51'], dtype='<U19')]
 [array(['2022-10-12,11:04:52'], dtype='<U19')]
 [array(['2022-10-12,11:04:52'], dtype='<U19')]]","[[0.   ]
 [0.017]
 [0.033]
 ...
 [4.988]
 [5.001]
 [5.001]]","[[3.5158]
 [3.5461]
 [3.5607]
 ...
 [3.336 ]
 [3.3363]
 [3.3357]]","[[3.9998]
 [3.9999]
 [4.    ]
 ...
 [0.    ]
 [0.    ]
 [0.    ]]","[[0.   ]
 [0.001]
 [0.002]
 ...
 [0.   ]
 [0.   ]
 [0.   ]]","[[0.   ]
 [0.004]
 [0.008]
 ...
 [0.   ]
 [0.   ]
 [0.   ]]","[[23.8]
 [23.9]
 [23.8]
 ...
 [24. ]
 [24. ]
 [24. ]]",['2C charge and 1C discharge']
"[[array(['2022-10-12,11:04:53'], dtype='<U19')]
 [array(['2022-10-12,11:04:54'], dtype='<U19')]
 [array(['2022-10-12,11:04:55'], dtype='<U19')]
 ...
 [array(['2022-10-12,13:02:30'], dtype='<U19')]
 [array(['2022-10-12,13:02:31'], dtype='<U19')]
 [array(['2022-10-12,13:02:31'], dtype='<U19')]]","[[0.   ]
 [0.017]
 [0.034]
 ...
 [4.987]
 [5.001]
 [5.001]]","[[3.5138]
 [3.5445]
 [3.5588]
 ...
 [3.3362]
 [3.3362]
 [3.3363]]","[[3.9994]
 [3.9999]
 [3.9999]
 ...
 [0.    ]
 [0.    ]
 [0.    ]]","[[0.   ]
 [0.001]
 [0.002]
 ...
 [0.   ]
 [0.   ]
 [0.   ]]","[[0.   ]
 [0.004]
 [0.008]
 ...
 [0.   ]
 [0.   ]
 [0.   ]]","[[24.]
 [24.]
 [24.]
 ...
 [24.]
 [24.]
 [24.]]",['2C charge and 1C discharge']
"[[array(['2022-10-12,13:02:32'], dtype='<U19')]
 [array(['2022-10-12,13:02:33'], dtype='<U19')]
 [array(['2022-10-12,13:02:34'], dtype='<U19')]
 ...
 [array(['2022-10-12,15:00:10'], dtype='<U19')]
 [array(['2022-10-12,15:00:10'], dtype='<U19')]
 [array(['2022-10-12,15:00:11'], dtype='<U19')]]","[[0.   ]
 [0.017]
 [0.034]
 ...
 [4.99 ]
 [5.   ]
 [5.   ]]","[[3.5142]
 [3.5448]
 [3.5596]
 ...
 [3.3368]
 [3.3372]
 [3.3375]]","[[3.9988]
 [3.9998]
 [3.9999]
 ...
 [0.    ]
 [0.    ]
 [0.    ]]","[[0.   ]
 [0.001]
 [0.002]
 ...
 [0.   ]
 [0.   ]
 [0.   ]]","[[0.   ]
 [0.004]
 [0.008]
 ...
 [0.   ]
 [0.   ]
 [0.   ]]","[[24.]
 [24.]
 [24.]
 ...
 [24.]
 [24.]
 [24.]]",['2C charge and 1C discharge']
"[[array(['2022-10-12,15:00:12'], dtype='<U19')]
 [array(['2022-10-12,15:00:13'], dtype='<U19')]
 [array(['2022-10-12,15:00:14'], dtype='<U19')]
 ...
 [array(['2022-10-12,16:57:50'], dtype='<U19')]
 [array(['2022-10-12,16:57:51'], dtype='<U19')]
 [array(['2022-10-12,16:57:51'], dtype='<U19')]]","[[0.   ]
 [0.017]
 [0.034]
 ...
 [4.985]
 [5.   ]
 [5.   ]]","[[3.5104]
 [3.5467]
 [3.5605]
 ...
 [3.3382]
 [3.3388]
 [3.338 ]]","[[3.9988]
 [4.    ]
 [4.    ]
 ...
 [0.    ]
 [0.    ]
 [0.    ]]","[[0.   ]
 [0.001]
 [0.002]
 ...
 [0.   ]
 [0.   ]
 [0.   ]]","[[0.   ]
 [0.004]
 [0.008]
 ...
 [0.   ]
 [0.   ]
 [0.   ]]","[[24. ]
 [24. ]
 [24. ]
 ...
 [23.9]
 [23.9]
 [23.9]]",['2C charge and 1C discharge']
"[[array(['2022-10-12,16:57:52'], dtype='<U19')]
 [array(['2022-10-12,16:57:53'], dtype='<U19')]
 [array(['2022-10-12,16:57:54'], dtype='<U19')]
 ...
 [array(['2022-10-12,18:55:20'], dtype='<U19')]
 [array(['2022-10-12,18:55:20'], dtype='<U19')]
 [array(['2022-10-12,18:55:21'], dtype='<U19')]]","[[0.   ]
 [0.017]
 [0.033]
 ...
 [4.993]
 [5.001]
 [5.001]]","[[3.5142]
 [3.5484]
 [3.5619]
 ...
 [3.3392]
 [3.3392]
 [3.3382]]","[[3.9988]
 [3.9999]
 [3.9999]
 ...
 [0.    ]
 [0.    ]
 [0.    ]]","[[0.   ]
 [0.001]
 [0.002]
 ...
 [0.   ]
 [0.   ]
 [0.   ]]","[[0.   ]
 [0.004]
 [0.008]
 ...
 [0.   ]
 [0.   ]
 [0.   ]]","[[23.9]
 [23.9]
 [23.8]
 ...
 [23.8]
 [23.8]
 [23.8]]",['2C charge and 1C discharge']
"[[array(['2022-10-12,18:55:22'], dtype='<U19')]
 [array(['2022-10-12,18:55:23'], dtype='<U19')]
 [array(['2022-10-12,18:55:24'], dtype='<U19')]
 ...
 [array(['2022-10-12,20:52:52'], dtype='<U19')]
 [array(['2022-10-12,20:52:53'], dtype='<U19')]
 [array(['2022-10-12,20:52:53'], dtype='<U19')]]","[[0.   ]
 [0.017]
 [0.033]
 ...
 [4.986]
 [5.001]
 [5.001]]","[[3.5178]
 [3.5492]
 [3.5638]
 ...
 [3.3398]
 [3.3395]
 [3.3392]]","[[3.9991]
 [4.0001]
 [4.    ]
 ...
 [0.    ]
 [0.    ]
 [0.    ]]","[[0.   ]
 [0.001]
 [0.002]
 ...
 [0.   ]
 [0.   ]
 [0.   ]]","[[0.   ]
 [0.004]
 [0.008]
 ...
 [0.   ]
 [0.   ]
 [0.   ]]","[[23.8]
 [23.8]
 [23.8]
 ...
 [23.8]
 [23.8]
 [23.8]]",['2C charge and 1C discharge']
"[[array(['2022-10-12,20:52:54'], dtype='<U19')]
 [array(['2022-10-12,20:52:55'], dtype='<U19')]
 [array(['2022-10-12,20:52:56'], dtype='<U19')]
 ...
 [array(['2022-10-12,22:50:26'], dtype='<U19')]
 [array(['2022-10-12,22:50:26'], dtype='<U19')]
 [array(['2022-10-12,22:50:26'], dtype='<U19')]]","[[0.   ]
 [0.017]
 [0.033]
 ...
 [4.998]
 [5.   ]
 [5.   ]]","[[3.5193]
 [3.5493]
 [3.5645]
 ...
 [3.3395]
 [3.3398]
 [3.3409]]","[[3.9994]
 [3.9998]
 [4.    ]
 ...
 [0.    ]
 [0.    ]
 [0.    ]]","[[0.   ]
 [0.001]
 [0.002]
 ...
 [0.   ]
 [0.   ]
 [0.   ]]","[[0.   ]
 [0.004]
 [0.008]
 ...
 [0.   ]
 [0.   ]
 [0.   ]]","[[23.8]
 [23.8]
 [23.8]
 ...
 [23.8]
 [23.8]
 [23.8]]",['2C charge and 1C discharge']
"[[array(['2022-10-12,22:50:27'], dtype='<U19')]
 [array(['2022-10-12,22:50:29'], dtype='<U19')]
 [array(['2022-10-12,22:50:30'], dtype='<U19')]
 ...
 [array(['2022-10-13,00:47:54'], dtype='<U19')]
 [array(['2022-10-13,00:47:55'], dtype='<U19')]
 [array(['2022-10-13,00:47:55'], dtype='<U19')]]","[[0.   ]
 [0.018]
 [0.034]
 ...
 [4.985]
 [5.   ]
 [5.   ]]","[[3.5195]
 [3.5504]
 [3.5661]
 ...
 [3.3402]
 [3.3403]
 [3.3406]]","[[3.9991]
 [3.9998]
 [4.    ]
 ...
 [0.    ]
 [0.    ]
 [0.    ]]","[[0.   ]
 [0.001]
 [0.002]
 ...
 [0.   ]
 [0.   ]
 [0.   ]]","[[0.   ]
 [0.004]
 [0.008]
 ...
 [0.   ]
 [0.   ]
 [0.   ]]","[[23.8]
 [23.8]
 [23.8]
 ...
 [23.8]
 [23.8]
 [23.8]]",['2C charge and 1C discharge']
"[[array(['2022-10-13,00:47:56'], dtype='<U19')]
 [array(['2022-10-13,00:47:57'], dtype='<U19')]
 [array(['2022-10-13,00:47:58'], dtype='<U19')]
 ...
 [array(['2022-10-13,02:45:28'], dtype='<U19')]
 [array(['2022-10-13,02:45:29'], dtype='<U19')]
 [array(['2022-10-13,02:45:29'], dtype='<U19')]]","[[0.   ]
 [0.017]
 [0.034]
 ...
 [4.984]
 [5.001]
 [5.001]]","[[3.5215]
 [3.5521]
 [3.565 ]
 ...
 [3.3415]
 [3.3414]
 [3.3411]]","[[4.0001]
 [4.    ]
 [3.9999]
 ...
 [0.    ]
 [0.    ]
 [0.    ]]","[[0.   ]
 [0.001]
 [0.002]
 ...
 [0.   ]
 [0.   ]
 [0.   ]]","[[0.   ]
 [0.004]
 [0.008]
 ...
 [0.   ]
 [0.   ]
 [0.   ]]","[[23.8]
 [23.8]
 [23.7]
 ...
 [23.8]
 [23.7]
 [23.7]]",['2C charge and 1C discharge']
"[[array(['2022-10-13,02:45:30'], dtype='<U19')]
 [array(['2022-10-13,02:45:31'], dtype='<U19')]
 [array(['2022-10-13,02:45:32'], dtype='<U19')]
 ...
 [array(['2022-10-13,04:42:54'], dtype='<U19')]
 [array(['2022-10-13,04:42:55'], dtype='<U19')]
 [array(['2022-10-13,04:42:55'], dtype='<U19')]]","[[0.   ]
 [0.017]
 [0.033]
 ...
 [4.983]
 [5.   ]
 [5.   ]]","[[3.5196]
 [3.5508]
 [3.5648]
 ...
 [3.3422]
 [3.3425]
 [3.3418]]","[[3.9994]
 [3.9997]
 [3.9999]
 ...
 [0.    ]
 [0.    ]
 [0.    ]]","[[0.   ]
 [0.001]
 [0.002]
 ...
 [0.   ]
 [0.   ]
 [0.   ]]","[[0.   ]
 [0.004]
 [0.008]
 ...
 [0.   ]
 [0.   ]
 [0.   ]]","[[23.8]
 [23.7]
 [23.7]
 ...
 [23.8]
 [23.9]
 [23.9]]",['2C charge and 1C discharge']
"[[array(['2022-10-13,04:42:56'], dtype='<U19')]
 [array(['2022-10-13,04:42:57'], dtype='<U19')]
 [array(['2022-10-13,04:42:58'], dtype='<U19')]
 ...
 [array(['2022-10-13,06:40:25'], dtype='<U19')]
 [array(['2022-10-13,06:40:26'], dtype='<U19')]
 [array(['2022-10-13,06:40:26'], dtype='<U19')]]","[[0.   ]
 [0.017]
 [0.033]
 ...
 [4.985]
 [5.   ]
 [5.   ]]","[[3.5202]
 [3.5525]
 [3.5667]
 ...
 [3.3422]
 [3.342 ]
 [3.342 ]]","[[3.9994]
 [4.    ]
 [4.0001]
 ...
 [0.    ]
 [0.    ]
 [0.    ]]","[[0.   ]
 [0.001]
 [0.002]
 ...
 [0.   ]
 [0.   ]
 [0.   ]]","[[0.   ]
 [0.004]
 [0.008]
 ...
 [0.   ]
 [0.   ]
 [0.   ]]","[[23.8]
 [23.8]
 [23.8]
 ...
 [23.7]
 [23.7]
 [23.7]]",['2C charge and 1C discharge']
"[[array(['2022-10-13,06:40:27'], dtype='<U19')]
 [array(['2022-10-13,06:40:28'], dtype='<U19')]
 [array(['2022-10-13,06:40:29'], dtype='<U19')]
 ...
 [array(['2022-10-13,08:37:51'], dtype='<U19')]
 [array(['2022-10-13,08:37:51'], dtype='<U19')]
 [array(['2022-10-13,08:37:51'], dtype='<U19')]]","[[0.   ]
 [0.017]
 [0.034]
 ...
 [4.987]
 [5.   ]
 [5.   ]]","[[3.5215]
 [3.5538]
 [3.5685]
 ...
 [3.3437]
 [3.3449]
 [3.3434]]","[[3.9994]
 [3.9998]
 [4.0001]
 ...
 [0.    ]
 [0.    ]
 [0.    ]]","[[0.   ]
 [0.001]
 [0.002]
 ...
 [0.   ]
 [0.   ]
 [0.   ]]","[[0.   ]
 [0.004]
 [0.008]
 ...
 [0.   ]
 [0.   ]
 [0.   ]]","[[23.7]
 [23.7]
 [23.7]
 ...
 [23.6]
 [23.6]
 [23.6]]",['2C charge and 1C discharge']
"[[array(['2022-10-13,08:37:52'], dtype='<U19')]
 [array(['2022-10-13,08:37:53'], dtype='<U19')]
 [array(['2022-10-13,08:37:54'], dtype='<U19')]
 ...
 [array(['2022-10-13,10:35:20'], dtype='<U19')]
 [array(['2022-10-13,10:35:21'], dtype='<U19')]
 [array(['2022-10-13,10:35:21'], dtype='<U19')]]","[[0.   ]
 [0.017]
 [0.034]
 ...
 [4.994]
 [5.001]
 [5.001]]","[[3.5255]
 [3.5544]
 [3.5695]
 ...
 [3.3418]
 [3.3426]
 [3.3415]]","[[4.0001]
 [3.9997]
 [3.9999]
 ...
 [0.    ]
 [0.    ]
 [0.    ]]","[[0.   ]
 [0.001]
 [0.002]
 ...
 [0.   ]
 [0.   ]
 [0.   ]]","[[0.   ]
 [0.004]
 [0.008]
 ...
 [0.   ]
 [0.   ]
 [0.   ]]","[[23.6]
 [23.6]
 [23.6]
 ...
 [23.8]
 [23.8]
 [23.8]]",['2C charge and 1C discharge']
"[[array(['2022-10-13,10:35:22'], dtype='<U19')]
 [array(['2022-10-13,10:35:23'], dtype='<U19')]
 [array(['2022-10-13,10:35:24'], dtype='<U19')]
 ...
 [array(['2022-10-13,12:32:40'], dtype='<U19')]
 [array(['2022-10-13,12:32:41'], dtype='<U19')]
 [array(['2022-10-13,12:32:41'], dtype='<U19')]]","[[0.   ]
 [0.017]
 [0.034]
 ...
 [4.995]
 [5.   ]
 [5.   ]]","[[3.5207]
 [3.5538]
 [3.5661]
 ...
 [3.3441]
 [3.3437]
 [3.3434]]","[[3.9982]
 [4.    ]
 [3.9998]
 ...
 [0.    ]
 [0.    ]
 [0.    ]]","[[0.   ]
 [0.001]
 [0.002]
 ...
 [0.   ]
 [0.   ]
 [0.   ]]","[[0.   ]
 [0.004]
 [0.008]
 ...
 [0.   ]
 [0.   ]
 [0.   ]]","[[23.7]
 [23.7]
 [23.7]
 ...
 [23.7]
 [23.7]
 [23.7]]",['2C charge and 1C discharge']
"[[array(['2022-10-13,12:32:42'], dtype='<U19')]
 [array(['2022-10-13,12:32:43'], dtype='<U19')]
 [array(['2022-10-13,12:32:44'], dtype='<U19')]
 ...
 [array(['2022-10-13,14:29:58'], dtype='<U19')]
 [array(['2022-10-13,14:29:59'], dtype='<U19')]
 [array(['2022-10-13,14:29:59'], dtype='<U19')]]","[[0.   ]
 [0.017]
 [0.033]
 ...
 [4.992]
 [5.001]
 [5.001]]","[[3.5238]
 [3.5535]
 [3.5684]
 ...
 [3.3443]
 [3.3426]
 [3.3431]]","[[3.9991]
 [3.9996]
 [4.0001]
 ...
 [0.    ]
 [0.    ]
 [0.    ]]","[[0.   ]
 [0.001]
 [0.002]
 ...
 [0.   ]
 [0.   ]
 [0.   ]]","[[0.   ]
 [0.004]
 [0.008]
 ...
 [0.   ]
 [0.   ]
 [0.   ]]","[[23.7]
 [23.7]
 [23.7]
 ...
 [23.7]
 [23.7]
 [23.7]]",['2C charge and 1C discharge']
"[[array(['2022-10-13,14:30:00'], dtype='<U19')]
 [array(['2022-10-13,14:30:01'], dtype='<U19')]
 [array(['2022-10-13,14:30:02'], dtype='<U19')]
 ...
 [array(['2022-10-13,16:27:09'], dtype='<U19')]
 [array(['2022-10-13,16:27:10'], dtype='<U19')]
 [array(['2022-10-13,16:27:10'], dtype='<U19')]]","[[0.   ]
 [0.019]
 [0.035]
 ...
 [4.997]
 [5.001]
 [5.001]]","[[3.5236]
 [3.5575]
 [3.5705]
 ...
 [3.3438]
 [3.3443]
 [3.3448]]","[[3.9985]
 [4.0001]
 [4.0002]
 ...
 [0.    ]
 [0.    ]
 [0.    ]]","[[0.   ]
 [0.001]
 [0.002]
 ...
 [0.   ]
 [0.   ]
 [0.   ]]","[[0.   ]
 [0.004]
 [0.008]
 ...
 [0.   ]
 [0.   ]
 [0.   ]]","[[23.7]
 [23.7]
 [23.7]
 ...
 [23.7]
 [23.7]
 [23.7]]",['2C charge and 1C discharge']
"[[array(['2022-10-13,16:27:11'], dtype='<U19')]
 [array(['2022-10-13,16:27:12'], dtype='<U19')]
 [array(['2022-10-13,16:27:13'], dtype='<U19')]
 ...
 [array(['2022-10-13,18:24:16'], dtype='<U19')]
 [array(['2022-10-13,18:24:16'], dtype='<U19')]
 [array(['2022-10-13,18:24:16'], dtype='<U19')]]","[[0.   ]
 [0.017]
 [0.033]
 ...
 [4.988]
 [5.001]
 [5.001]]","[[3.5235]
 [3.5559]
 [3.5685]
 ...
 [3.3438]
 [3.3449]
 [3.3448]]","[[3.9998]
 [3.9999]
 [3.9999]
 ...
 [0.    ]
 [0.    ]
 [0.    ]]","[[0.   ]
 [0.001]
 [0.002]
 ...
 [0.   ]
 [0.   ]
 [0.   ]]","[[0.   ]
 [0.004]
 [0.008]
 ...
 [0.   ]
 [0.   ]
 [0.   ]]","[[23.7]
 [23.7]
 [23.7]
 ...
 [23.7]
 [23.7]
 [23.7]]",['2C charge and 1C discharge']
"[[array(['2022-10-13,18:24:17'], dtype='<U19')]
 [array(['2022-10-13,18:24:19'], dtype='<U19')]
 [array(['2022-10-13,18:24:20'], dtype='<U19')]
 ...
 [array(['2022-10-13,20:21:24'], dtype='<U19')]
 [array(['2022-10-13,20:21:25'], dtype='<U19')]
 [array(['2022-10-13,20:21:25'], dtype='<U19')]]","[[0.   ]
 [0.017]
 [0.034]
 ...
 [4.989]
 [5.   ]
 [5.   ]]","[[3.5249]
 [3.5555]
 [3.5701]
 ...
 [3.3435]
 [3.3441]
 [3.344 ]]","[[3.9988]
 [3.9999]
 [4.0002]
 ...
 [0.    ]
 [0.    ]
 [0.    ]]","[[0.   ]
 [0.001]
 [0.002]
 ...
 [0.   ]
 [0.   ]
 [0.   ]]","[[0.   ]
 [0.004]
 [0.008]
 ...
 [0.   ]
 [0.   ]
 [0.   ]]","[[23.7]
 [23.7]
 [23.7]
 ...
 [24. ]
 [24. ]
 [24. ]]",['2C charge and 1C discharge']
"[[array(['2022-10-13,20:21:26'], dtype='<U19')]
 [array(['2022-10-13,20:21:27'], dtype='<U19')]
 [array(['2022-10-13,20:21:28'], dtype='<U19')]
 ...
 [array(['2022-10-13,22:18:27'], dtype='<U19')]
 [array(['2022-10-13,22:18:28'], dtype='<U19')]
 [array(['2022-10-13,22:18:28'], dtype='<U19')]]","[[0.   ]
 [0.017]
 [0.033]
 ...
 [4.984]
 [5.   ]
 [5.   ]]","[[3.5233]
 [3.5536]
 [3.5684]
 ...
 [3.3431]
 [3.3438]
 [3.3434]]","[[3.9994]
 [3.9999]
 [4.    ]
 ...
 [0.    ]
 [0.    ]
 [0.    ]]","[[0.   ]
 [0.001]
 [0.002]
 ...
 [0.   ]
 [0.   ]
 [0.   ]]","[[0.   ]
 [0.004]
 [0.008]
 ...
 [0.   ]
 [0.   ]
 [0.   ]]","[[24.]
 [24.]
 [24.]
 ...
 [24.]
 [24.]
 [24.]]",['2C charge and 1C discharge']
"[[array(['2022-10-13,22:18:29'], dtype='<U19')]
 [array(['2022-10-13,22:18:30'], dtype='<U19')]
 [array(['2022-10-13,22:18:31'], dtype='<U19')]
 ...
 [array(['2022-10-14,00:15:30'], dtype='<U19')]
 [array(['2022-10-14,00:15:30'], dtype='<U19')]
 [array(['2022-10-14,00:15:30'], dtype='<U19')]]","[[0.   ]
 [0.017]
 [0.033]
 ...
 [4.993]
 [5.001]
 [5.001]]","[[3.5252]
 [3.5555]
 [3.5687]
 ...
 [3.3431]
 [3.3432]
 [3.3437]]","[[3.9988]
 [4.0002]
 [4.    ]
 ...
 [0.    ]
 [0.    ]
 [0.    ]]","[[0.   ]
 [0.001]
 [0.002]
 ...
 [0.   ]
 [0.   ]
 [0.   ]]","[[0.   ]
 [0.004]
 [0.008]
 ...
 [0.   ]
 [0.   ]
 [0.   ]]","[[24. ]
 [23.9]
 [23.9]
 ...
 [24. ]
 [24. ]
 [24. ]]",['2C charge and 1C discharge']
"[[array(['2022-10-14,00:15:31'], dtype='<U19')]
 [array(['2022-10-14,00:15:32'], dtype='<U19')]
 [array(['2022-10-14,00:15:33'], dtype='<U19')]
 ...
 [array(['2022-10-14,02:12:22'], dtype='<U19')]
 [array(['2022-10-14,02:12:22'], dtype='<U19')]
 [array(['2022-10-14,02:12:23'], dtype='<U19')]]","[[0.   ]
 [0.018]
 [0.034]
 ...
 [4.994]
 [5.   ]
 [5.   ]]","[[3.5239]
 [3.5565]
 [3.5695]
 ...
 [3.3452]
 [3.3454]
 [3.3452]]","[[3.9988]
 [4.0001]
 [4.0001]
 ...
 [0.    ]
 [0.    ]
 [0.    ]]","[[0.   ]
 [0.001]
 [0.002]
 ...
 [0.   ]
 [0.   ]
 [0.   ]]","[[0.   ]
 [0.004]
 [0.008]
 ...
 [0.   ]
 [0.   ]
 [0.   ]]","[[24. ]
 [23.9]
 [23.9]
 ...
 [23.7]
 [23.7]
 [23.7]]",['2C charge and 1C discharge']
"[[array(['2022-10-14,02:12:24'], dtype='<U19')]
 [array(['2022-10-14,02:12:25'], dtype='<U19')]
 [array(['2022-10-14,02:12:26'], dtype='<U19')]
 ...
 [array(['2022-10-14,04:09:24'], dtype='<U19')]
 [array(['2022-10-14,04:09:25'], dtype='<U19')]
 [array(['2022-10-14,04:09:25'], dtype='<U19')]]","[[0.   ]
 [0.018]
 [0.035]
 ...
 [4.988]
 [5.   ]
 [5.   ]]","[[3.5255]
 [3.5571]
 [3.573 ]
 ...
 [3.3472]
 [3.3475]
 [3.3472]]","[[3.9985]
 [3.9996]
 [4.0001]
 ...
 [0.    ]
 [0.    ]
 [0.    ]]","[[0.   ]
 [0.001]
 [0.002]
 ...
 [0.   ]
 [0.   ]
 [0.   ]]","[[0.   ]
 [0.004]
 [0.008]
 ...
 [0.   ]
 [0.   ]
 [0.   ]]","[[23.7]
 [23.7]
 [23.7]
 ...
 [23.8]
 [23.8]
 [23.8]]",['2C charge and 1C discharge']
"[[array(['2022-10-14,04:09:26'], dtype='<U19')]
 [array(['2022-10-14,04:09:27'], dtype='<U19')]
 [array(['2022-10-14,04:09:28'], dtype='<U19')]
 ...
 [array(['2022-10-14,06:06:50'], dtype='<U19')]
 [array(['2022-10-14,06:06:50'], dtype='<U19')]
 [array(['2022-10-14,06:06:50'], dtype='<U19')]]","[[0.   ]
 [0.017]
 [0.033]
 ...
 [4.999]
 [5.   ]
 [5.   ]]","[[3.5278]
 [3.5578]
 [3.5708]
 ...
 [3.3466]
 [3.3466]
 [3.346 ]]","[[4.0001]
 [3.9997]
 [3.9998]
 ...
 [0.    ]
 [0.    ]
 [0.    ]]","[[0.   ]
 [0.001]
 [0.002]
 ...
 [0.   ]
 [0.   ]
 [0.   ]]","[[0.   ]
 [0.004]
 [0.008]
 ...
 [0.   ]
 [0.   ]
 [0.   ]]","[[23.8]
 [23.8]
 [23.8]
 ...
 [23.7]
 [23.7]
 [23.7]]",['2C charge and 1C discharge']
"[[array(['2022-10-14,06:06:51'], dtype='<U19')]
 [array(['2022-10-14,06:06:52'], dtype='<U19')]
 [array(['2022-10-14,06:06:53'], dtype='<U19')]
 ...
 [array(['2022-10-14,08:04:01'], dtype='<U19')]
 [array(['2022-10-14,08:04:02'], dtype='<U19')]
 [array(['2022-10-14,08:04:02'], dtype='<U19')]]","[[0.   ]
 [0.017]
 [0.034]
 ...
 [4.987]
 [5.001]
 [5.001]]","[[3.5272]
 [3.5588]
 [3.5721]
 ...
 [3.3461]
 [3.3469]
 [3.3474]]","[[4.0001]
 [4.0002]
 [3.9998]
 ...
 [0.    ]
 [0.    ]
 [0.    ]]","[[0.   ]
 [0.001]
 [0.002]
 ...
 [0.   ]
 [0.   ]
 [0.   ]]","[[0.   ]
 [0.004]
 [0.008]
 ...
 [0.   ]
 [0.   ]
 [0.   ]]","[[23.7]
 [23.7]
 [23.7]
 ...
 [23.7]
 [23.7]
 [23.7]]",['2C charge and 1C discharge']
"[[array(['2022-10-14,08:04:03'], dtype='<U19')]
 [array(['2022-10-14,08:04:04'], dtype='<U19')]
 [array(['2022-10-14,08:04:05'], dtype='<U19')]
 ...
 [array(['2022-10-14,10:00:44'], dtype='<U19')]
 [array(['2022-10-14,10:00:44'], dtype='<U19')]
 [array(['2022-10-14,10:00:45'], dtype='<U19')]]","[[0.   ]
 [0.017]
 [0.033]
 ...
 [4.995]
 [5.001]
 [5.001]]","[[3.5275]
 [3.5578]
 [3.5739]
 ...
 [3.3472]
 [3.3475]
 [3.3488]]","[[3.9982]
 [3.9997]
 [4.0003]
 ...
 [0.    ]
 [0.    ]
 [0.    ]]","[[0.   ]
 [0.001]
 [0.002]
 ...
 [0.   ]
 [0.   ]
 [0.   ]]","[[0.   ]
 [0.004]
 [0.008]
 ...
 [0.   ]
 [0.   ]
 [0.   ]]","[[23.7]
 [23.7]
 [23.7]
 ...
 [23.8]
 [23.8]
 [23.8]]",['2C charge and 1C discharge']
"[[array(['2022-10-14,10:00:46'], dtype='<U19')]
 [array(['2022-10-14,10:00:47'], dtype='<U19')]
 [array(['2022-10-14,10:00:48'], dtype='<U19')]
 ...
 [array(['2022-10-14,11:57:24'], dtype='<U19')]
 [array(['2022-10-14,11:57:24'], dtype='<U19')]
 [array(['2022-10-14,11:57:24'], dtype='<U19')]]","[[0.   ]
 [0.017]
 [0.034]
 ...
 [4.991]
 [5.001]
 [5.001]]","[[3.5287]
 [3.5596]
 [3.5736]
 ...
 [3.3475]
 [3.3477]
 [3.3478]]","[[3.9982]
 [3.9997]
 [3.9999]
 ...
 [0.    ]
 [0.    ]
 [0.    ]]","[[0.   ]
 [0.001]
 [0.002]
 ...
 [0.   ]
 [0.   ]
 [0.   ]]","[[0.   ]
 [0.004]
 [0.008]
 ...
 [0.   ]
 [0.   ]
 [0.   ]]","[[23.8]
 [23.8]
 [23.8]
 ...
 [23.9]
 [23.9]
 [23.9]]",['2C charge and 1C discharge']
"[[array(['2022-10-14,11:57:25'], dtype='<U19')]
 [array(['2022-10-14,11:57:26'], dtype='<U19')]
 [array(['2022-10-14,11:57:27'], dtype='<U19')]
 ...
 [array(['2022-10-14,13:54:13'], dtype='<U19')]
 [array(['2022-10-14,13:54:14'], dtype='<U19')]
 [array(['2022-10-14,13:54:14'], dtype='<U19')]]","[[0.   ]
 [0.017]
 [0.033]
 ...
 [4.985]
 [5.   ]
 [5.   ]]","[[3.5281]
 [3.5591]
 [3.5727]
 ...
 [3.3458]
 [3.3466]
 [3.3461]]","[[3.9994]
 [4.    ]
 [3.9999]
 ...
 [0.    ]
 [0.    ]
 [0.    ]]","[[0.   ]
 [0.001]
 [0.002]
 ...
 [0.   ]
 [0.   ]
 [0.   ]]","[[0.   ]
 [0.004]
 [0.008]
 ...
 [0.   ]
 [0.   ]
 [0.   ]]","[[23.9]
 [23.9]
 [23.9]
 ...
 [24. ]
 [24. ]
 [24. ]]",['2C charge and 1C discharge']
"[[array(['2022-10-14,13:54:15'], dtype='<U19')]
 [array(['2022-10-14,13:54:16'], dtype='<U19')]
 [array(['2022-10-14,13:54:17'], dtype='<U19')]
 ...
 [array(['2022-10-14,15:50:48'], dtype='<U19')]
 [array(['2022-10-14,15:50:48'], dtype='<U19')]
 [array(['2022-10-14,15:50:49'], dtype='<U19')]]","[[0.   ]
 [0.017]
 [0.033]
 ...
 [4.995]
 [5.001]
 [5.001]]","[[3.5264]
 [3.5584]
 [3.5719]
 ...
 [3.3458]
 [3.3458]
 [3.3463]]","[[3.9982]
 [4.    ]
 [4.0001]
 ...
 [0.    ]
 [0.    ]
 [0.    ]]","[[0.   ]
 [0.001]
 [0.002]
 ...
 [0.   ]
 [0.   ]
 [0.   ]]","[[0.   ]
 [0.004]
 [0.008]
 ...
 [0.   ]
 [0.   ]
 [0.   ]]","[[24. ]
 [24. ]
 [24. ]
 ...
 [24. ]
 [24.1]
 [24.1]]",['2C charge and 1C discharge']
"[[array(['2022-10-14,15:50:50'], dtype='<U19')]
 [array(['2022-10-14,15:50:51'], dtype='<U19')]
 [array(['2022-10-14,15:50:52'], dtype='<U19')]
 ...
 [array(['2022-10-14,17:46:35'], dtype='<U19')]
 [array(['2022-10-14,17:46:35'], dtype='<U19')]
 [array(['2022-10-14,17:46:35'], dtype='<U19')]]","[[0.   ]
 [0.017]
 [0.033]
 ...
 [4.997]
 [5.001]
 [5.001]]","[[3.5233]
 [3.5562]
 [3.5701]
 ...
 [3.3451]
 [3.3452]
 [3.3448]]","[[3.9985]
 [3.9998]
 [3.9998]
 ...
 [0.    ]
 [0.    ]
 [0.    ]]","[[0.   ]
 [0.001]
 [0.002]
 ...
 [0.   ]
 [0.   ]
 [0.   ]]","[[0.   ]
 [0.004]
 [0.008]
 ...
 [0.   ]
 [0.   ]
 [0.   ]]","[[24.1]
 [24. ]
 [24. ]
 ...
 [24.1]
 [24.1]
 [24.1]]",['2C charge and 1C discharge']
"[[array(['2022-10-14,17:46:36'], dtype='<U19')]
 [array(['2022-10-14,17:46:37'], dtype='<U19')]
 [array(['2022-10-14,17:46:38'], dtype='<U19')]
 ...
 [array(['2022-10-14,19:43:01'], dtype='<U19')]
 [array(['2022-10-14,19:43:01'], dtype='<U19')]
 [array(['2022-10-14,19:43:01'], dtype='<U19')]]","[[0.   ]
 [0.017]
 [0.034]
 ...
 [5.   ]
 [5.001]
 [5.001]]","[[3.5259]
 [3.5567]
 [3.5705]
 ...
 [3.3441]
 [3.344 ]
 [3.3451]]","[[3.9994]
 [3.9999]
 [3.9999]
 ...
 [0.    ]
 [0.    ]
 [0.    ]]","[[0.   ]
 [0.001]
 [0.002]
 ...
 [0.   ]
 [0.   ]
 [0.   ]]","[[0.   ]
 [0.004]
 [0.008]
 ...
 [0.   ]
 [0.   ]
 [0.   ]]","[[24.1]
 [24. ]
 [24. ]
 ...
 [24.1]
 [24.1]
 [24.1]]",['2C charge and 1C discharge']
"[[array(['2022-10-14,19:43:02'], dtype='<U19')]
 [array(['2022-10-14,19:43:03'], dtype='<U19')]
 [array(['2022-10-14,19:43:04'], dtype='<U19')]
 ...
 [array(['2022-10-14,21:39:26'], dtype='<U19')]
 [array(['2022-10-14,21:39:27'], dtype='<U19')]
 [array(['2022-10-14,21:39:27'], dtype='<U19')]]","[[0.   ]
 [0.017]
 [0.033]
 ...
 [4.986]
 [5.   ]
 [5.   ]]","[[3.5242]
 [3.5559]
 [3.5691]
 ...
 [3.3431]
 [3.3425]
 [3.3428]]","[[3.9991]
 [3.9999]
 [3.9997]
 ...
 [0.    ]
 [0.    ]
 [0.    ]]","[[0.   ]
 [0.001]
 [0.002]
 ...
 [0.   ]
 [0.   ]
 [0.   ]]","[[0.   ]
 [0.004]
 [0.008]
 ...
 [0.   ]
 [0.   ]
 [0.   ]]","[[24.1]
 [24.1]
 [24.1]
 ...
 [24.2]
 [24.2]
 [24.2]]",['2C charge and 1C discharge']
"[[array(['2022-10-14,21:39:28'], dtype='<U19')]
 [array(['2022-10-14,21:39:29'], dtype='<U19')]
 [array(['2022-10-14,21:39:30'], dtype='<U19')]
 ...
 [array(['2022-10-14,23:35:43'], dtype='<U19')]
 [array(['2022-10-14,23:35:44'], dtype='<U19')]
 [array(['2022-10-14,23:35:44'], dtype='<U19')]]","[[0.   ]
 [0.017]
 [0.033]
 ...
 [4.994]
 [5.001]
 [5.001]]","[[3.5249]
 [3.5544]
 [3.5688]
 ...
 [3.3432]
 [3.3441]
 [3.3432]]","[[3.9988]
 [3.9999]
 [4.    ]
 ...
 [0.    ]
 [0.    ]
 [0.    ]]","[[0.   ]
 [0.001]
 [0.002]
 ...
 [0.   ]
 [0.   ]
 [0.   ]]","[[0.   ]
 [0.004]
 [0.008]
 ...
 [0.   ]
 [0.   ]
 [0.   ]]","[[24.2]
 [24.2]
 [24.2]
 ...
 [24. ]
 [24. ]
 [24. ]]",['2C charge and 1C discharge']
"[[array(['2022-10-14,23:35:45'], dtype='<U19')]
 [array(['2022-10-14,23:35:46'], dtype='<U19')]
 [array(['2022-10-14,23:35:47'], dtype='<U19')]
 ...
 [array(['2022-10-15,01:32:09'], dtype='<U19')]
 [array(['2022-10-15,01:32:09'], dtype='<U19')]
 [array(['2022-10-15,01:32:10'], dtype='<U19')]]","[[0.   ]
 [0.018]
 [0.034]
 ...
 [4.996]
 [5.   ]
 [5.   ]]","[[3.5259]
 [3.5564]
 [3.5705]
 ...
 [3.3438]
 [3.3449]
 [3.344 ]]","[[3.9994]
 [3.9998]
 [3.9998]
 ...
 [0.    ]
 [0.    ]
 [0.    ]]","[[0.   ]
 [0.001]
 [0.002]
 ...
 [0.   ]
 [0.   ]
 [0.   ]]","[[0.   ]
 [0.004]
 [0.008]
 ...
 [0.   ]
 [0.   ]
 [0.   ]]","[[24.]
 [24.]
 [24.]
 ...
 [24.]
 [24.]
 [24.]]",['2C charge and 1C discharge']
"[[array(['2022-10-15,01:32:11'], dtype='<U19')]
 [array(['2022-10-15,01:32:12'], dtype='<U19')]
 [array(['2022-10-15,01:32:13'], dtype='<U19')]
 ...
 [array(['2022-10-15,03:28:31'], dtype='<U19')]
 [array(['2022-10-15,03:28:32'], dtype='<U19')]
 [array(['2022-10-15,03:28:32'], dtype='<U19')]]","[[0.   ]
 [0.017]
 [0.034]
 ...
 [4.988]
 [5.   ]
 [5.   ]]","[[3.5261]
 [3.5582]
 [3.571 ]
 ...
 [3.3438]
 [3.3451]
 [3.3443]]","[[3.9988]
 [4.0001]
 [3.9999]
 ...
 [0.    ]
 [0.    ]
 [0.    ]]","[[0.   ]
 [0.001]
 [0.002]
 ...
 [0.   ]
 [0.   ]
 [0.   ]]","[[0.   ]
 [0.004]
 [0.008]
 ...
 [0.   ]
 [0.   ]
 [0.   ]]","[[24. ]
 [24. ]
 [24. ]
 ...
 [23.9]
 [23.9]
 [23.9]]",['2C charge and 1C discharge']
"[[array(['2022-10-15,03:28:33'], dtype='<U19')]
 [array(['2022-10-15,03:28:34'], dtype='<U19')]
 [array(['2022-10-15,03:28:35'], dtype='<U19')]
 ...
 [array(['2022-10-15,05:24:57'], dtype='<U19')]
 [array(['2022-10-15,05:24:57'], dtype='<U19')]
 [array(['2022-10-15,05:24:57'], dtype='<U19')]]","[[0.   ]
 [0.017]
 [0.034]
 ...
 [4.986]
 [5.   ]
 [5.   ]]","[[3.525 ]
 [3.5585]
 [3.5722]
 ...
 [3.3452]
 [3.3448]
 [3.3455]]","[[3.9988]
 [4.    ]
 [4.0001]
 ...
 [0.    ]
 [0.    ]
 [0.    ]]","[[0.   ]
 [0.001]
 [0.002]
 ...
 [0.   ]
 [0.   ]
 [0.   ]]","[[0.   ]
 [0.004]
 [0.008]
 ...
 [0.   ]
 [0.   ]
 [0.   ]]","[[23.9]
 [23.9]
 [23.9]
 ...
 [24. ]
 [24. ]
 [24. ]]",['2C charge and 1C discharge']
"[[array(['2022-10-15,05:24:58'], dtype='<U19')]
 [array(['2022-10-15,05:24:59'], dtype='<U19')]
 [array(['2022-10-15,05:25:00'], dtype='<U19')]
 ...
 [array(['2022-10-15,07:21:20'], dtype='<U19')]
 [array(['2022-10-15,07:21:21'], dtype='<U19')]
 [array(['2022-10-15,07:21:21'], dtype='<U19')]]","[[0.   ]
 [0.017]
 [0.034]
 ...
 [4.986]
 [5.001]
 [5.001]]","[[3.5256]
 [3.5584]
 [3.5721]
 ...
 [3.3445]
 [3.3454]
 [3.3448]]","[[3.9976]
 [4.0001]
 [4.    ]
 ...
 [0.    ]
 [0.    ]
 [0.    ]]","[[0.   ]
 [0.001]
 [0.002]
 ...
 [0.   ]
 [0.   ]
 [0.   ]]","[[0.   ]
 [0.004]
 [0.008]
 ...
 [0.   ]
 [0.   ]
 [0.   ]]","[[24. ]
 [24. ]
 [24. ]
 ...
 [23.9]
 [23.8]
 [23.8]]",['2C charge and 1C discharge']
"[[array(['2022-10-15,07:21:22'], dtype='<U19')]
 [array(['2022-10-15,07:21:23'], dtype='<U19')]
 [array(['2022-10-15,07:21:24'], dtype='<U19')]
 ...
 [array(['2022-10-15,09:17:44'], dtype='<U19')]
 [array(['2022-10-15,09:17:45'], dtype='<U19')]
 [array(['2022-10-15,09:17:45'], dtype='<U19')]]","[[0.   ]
 [0.017]
 [0.034]
 ...
 [4.998]
 [5.001]
 [5.001]]","[[3.5267]
 [3.5582]
 [3.5721]
 ...
 [3.3445]
 [3.3451]
 [3.3451]]","[[3.9985]
 [3.9998]
 [3.9997]
 ...
 [0.    ]
 [0.    ]
 [0.    ]]","[[0.   ]
 [0.001]
 [0.002]
 ...
 [0.   ]
 [0.   ]
 [0.   ]]","[[0.   ]
 [0.004]
 [0.008]
 ...
 [0.   ]
 [0.   ]
 [0.   ]]","[[23.9]
 [23.9]
 [23.8]
 ...
 [23.9]
 [23.9]
 [24. ]]",['2C charge and 1C discharge']
"[[array(['2022-10-15,09:17:46'], dtype='<U19')]
 [array(['2022-10-15,09:17:47'], dtype='<U19')]
 [array(['2022-10-15,09:17:48'], dtype='<U19')]
 ...
 [array(['2022-10-15,11:13:58'], dtype='<U19')]
 [array(['2022-10-15,11:13:59'], dtype='<U19')]
 [array(['2022-10-15,11:13:59'], dtype='<U19')]]","[[0.   ]
 [0.017]
 [0.034]
 ...
 [4.987]
 [5.001]
 [5.001]]","[[3.525 ]
 [3.5573]
 [3.5722]
 ...
 [3.3425]
 [3.3434]
 [3.3432]]","[[3.9985]
 [3.9997]
 [3.9999]
 ...
 [0.    ]
 [0.    ]
 [0.    ]]","[[0.   ]
 [0.001]
 [0.002]
 ...
 [0.   ]
 [0.   ]
 [0.   ]]","[[0.   ]
 [0.004]
 [0.008]
 ...
 [0.   ]
 [0.   ]
 [0.   ]]","[[23.9]
 [23.9]
 [23.9]
 ...
 [24.2]
 [24.2]
 [24.2]]",['2C charge and 1C discharge']
"[[array(['2022-10-15,11:14:00'], dtype='<U19')]
 [array(['2022-10-15,11:14:01'], dtype='<U19')]
 [array(['2022-10-15,11:14:02'], dtype='<U19')]
 ...
 [array(['2022-10-15,13:09:51'], dtype='<U19')]
 [array(['2022-10-15,13:09:52'], dtype='<U19')]
 [array(['2022-10-15,13:09:52'], dtype='<U19')]]","[[0.   ]
 [0.017]
 [0.034]
 ...
 [4.988]
 [5.   ]
 [5.   ]]","[[3.5224]
 [3.555 ]
 [3.5693]
 ...
 [3.3431]
 [3.3432]
 [3.3426]]","[[3.9991]
 [3.9998]
 [3.9999]
 ...
 [0.    ]
 [0.    ]
 [0.    ]]","[[0.   ]
 [0.001]
 [0.002]
 ...
 [0.   ]
 [0.   ]
 [0.   ]]","[[0.   ]
 [0.004]
 [0.008]
 ...
 [0.   ]
 [0.   ]
 [0.   ]]","[[24.1]
 [24.1]
 [24.1]
 ...
 [24.1]
 [24.1]
 [24.1]]",['2C charge and 1C discharge']
"[[array(['2022-10-15,13:09:53'], dtype='<U19')]
 [array(['2022-10-15,13:09:54'], dtype='<U19')]
 [array(['2022-10-15,13:09:55'], dtype='<U19')]
 ...
 [array(['2022-10-15,15:05:50'], dtype='<U19')]
 [array(['2022-10-15,15:05:50'], dtype='<U19')]
 [array(['2022-10-15,15:05:50'], dtype='<U19')]]","[[0.   ]
 [0.018]
 [0.034]
 ...
 [4.997]
 [5.001]
 [5.001]]","[[3.5239]
 [3.5565]
 [3.5711]
 ...
 [3.3437]
 [3.3438]
 [3.3431]]","[[3.9998]
 [3.9998]
 [4.    ]
 ...
 [0.    ]
 [0.    ]
 [0.    ]]","[[0.   ]
 [0.001]
 [0.002]
 ...
 [0.   ]
 [0.   ]
 [0.   ]]","[[0.   ]
 [0.004]
 [0.008]
 ...
 [0.   ]
 [0.   ]
 [0.   ]]","[[24.1]
 [24.1]
 [24.1]
 ...
 [24.2]
 [24.2]
 [24.2]]",['2C charge and 1C discharge']
"[[array(['2022-10-15,15:05:51'], dtype='<U19')]
 [array(['2022-10-15,15:05:52'], dtype='<U19')]
 [array(['2022-10-15,15:05:53'], dtype='<U19')]
 ...
 [array(['2022-10-15,17:01:45'], dtype='<U19')]
 [array(['2022-10-15,17:01:45'], dtype='<U19')]
 [array(['2022-10-15,17:01:45'], dtype='<U19')]]","[[0.   ]
 [0.017]
 [0.033]
 ...
 [4.998]
 [5.   ]
 [5.   ]]","[[3.5256]
 [3.5561]
 [3.5704]
 ...
 [3.3431]
 [3.3437]
 [3.3434]]","[[3.9994]
 [3.9999]
 [4.0002]
 ...
 [0.    ]
 [0.    ]
 [0.    ]]","[[0.   ]
 [0.001]
 [0.002]
 ...
 [0.   ]
 [0.   ]
 [0.   ]]","[[0.   ]
 [0.004]
 [0.008]
 ...
 [0.   ]
 [0.   ]
 [0.   ]]","[[24.2]
 [24.2]
 [24.2]
 ...
 [24.2]
 [24.2]
 [24.2]]",['2C charge and 1C discharge']
"[[array(['2022-10-15,17:01:46'], dtype='<U19')]
 [array(['2022-10-15,17:01:47'], dtype='<U19')]
 [array(['2022-10-15,17:01:48'], dtype='<U19')]
 ...
 [array(['2022-10-15,18:57:30'], dtype='<U19')]
 [array(['2022-10-15,18:57:31'], dtype='<U19')]
 [array(['2022-10-15,18:57:31'], dtype='<U19')]]","[[0.   ]
 [0.017]
 [0.033]
 ...
 [4.993]
 [5.   ]
 [5.   ]]","[[3.5236]
 [3.5565]
 [3.5701]
 ...
 [3.3435]
 [3.3434]
 [3.3437]]","[[3.9991]
 [3.9999]
 [3.9999]
 ...
 [0.    ]
 [0.    ]
 [0.    ]]","[[0.   ]
 [0.001]
 [0.002]
 ...
 [0.   ]
 [0.   ]
 [0.   ]]","[[0.   ]
 [0.004]
 [0.008]
 ...
 [0.   ]
 [0.   ]
 [0.   ]]","[[24.2]
 [24.2]
 [24.2]
 ...
 [24.2]
 [24.2]
 [24.2]]",['2C charge and 1C discharge']
"[[array(['2022-10-15,18:57:32'], dtype='<U19')]
 [array(['2022-10-15,18:57:33'], dtype='<U19')]
 [array(['2022-10-15,18:57:34'], dtype='<U19')]
 ...
 [array(['2022-10-15,20:53:12'], dtype='<U19')]
 [array(['2022-10-15,20:53:13'], dtype='<U19')]
 [array(['2022-10-15,20:53:13'], dtype='<U19')]]","[[0.   ]
 [0.017]
 [0.033]
 ...
 [4.983]
 [5.   ]
 [5.   ]]","[[3.5245]
 [3.5559]
 [3.5702]
 ...
 [3.3426]
 [3.3428]
 [3.3434]]","[[3.9985]
 [3.9998]
 [3.9999]
 ...
 [0.    ]
 [0.    ]
 [0.    ]]","[[0.   ]
 [0.001]
 [0.002]
 ...
 [0.   ]
 [0.   ]
 [0.   ]]","[[0.   ]
 [0.004]
 [0.008]
 ...
 [0.   ]
 [0.   ]
 [0.   ]]","[[24.2]
 [24.2]
 [24.2]
 ...
 [24.1]
 [24.1]
 [24.1]]",['2C charge and 1C discharge']
"[[array(['2022-10-15,20:53:14'], dtype='<U19')]
 [array(['2022-10-15,20:53:15'], dtype='<U19')]
 [array(['2022-10-15,20:53:16'], dtype='<U19')]
 ...
 [array(['2022-10-15,22:48:48'], dtype='<U19')]
 [array(['2022-10-15,22:48:49'], dtype='<U19')]
 [array(['2022-10-15,22:48:49'], dtype='<U19')]]","[[0.   ]
 [0.017]
 [0.033]
 ...
 [4.986]
 [5.   ]
 [5.   ]]","[[3.5262]
 [3.5567]
 [3.5715]
 ...
 [3.3432]
 [3.3432]
 [3.3438]]","[[3.9994]
 [3.9998]
 [4.    ]
 ...
 [0.    ]
 [0.    ]
 [0.    ]]","[[0.   ]
 [0.001]
 [0.002]
 ...
 [0.   ]
 [0.   ]
 [0.   ]]","[[0.   ]
 [0.004]
 [0.008]
 ...
 [0.   ]
 [0.   ]
 [0.   ]]","[[24.1]
 [24.1]
 [24.1]
 ...
 [24.2]
 [24.2]
 [24.2]]",['2C charge and 1C discharge']
"[[array(['2022-10-15,22:48:50'], dtype='<U19')]
 [array(['2022-10-15,22:48:51'], dtype='<U19')]
 [array(['2022-10-15,22:48:52'], dtype='<U19')]
 ...
 [array(['2022-10-16,00:44:15'], dtype='<U19')]
 [array(['2022-10-16,00:44:16'], dtype='<U19')]
 [array(['2022-10-16,00:44:16'], dtype='<U19')]]","[[0.   ]
 [0.017]
 [0.034]
 ...
 [4.989]
 [5.   ]
 [5.   ]]","[[3.5255]
 [3.5582]
 [3.5721]
 ...
 [3.3434]
 [3.3432]
 [3.3431]]","[[3.9985]
 [3.9999]
 [3.9999]
 ...
 [0.    ]
 [0.    ]
 [0.    ]]","[[0.   ]
 [0.001]
 [0.002]
 ...
 [0.   ]
 [0.   ]
 [0.   ]]","[[0.   ]
 [0.004]
 [0.008]
 ...
 [0.   ]
 [0.   ]
 [0.   ]]","[[24.2]
 [24.2]
 [24.1]
 ...
 [24.3]
 [24.3]
 [24.3]]",['2C charge and 1C discharge']
"[[array(['2022-10-16,00:44:17'], dtype='<U19')]
 [array(['2022-10-16,00:44:18'], dtype='<U19')]
 [array(['2022-10-16,00:44:19'], dtype='<U19')]
 ...
 [array(['2022-10-16,02:39:39'], dtype='<U19')]
 [array(['2022-10-16,02:39:39'], dtype='<U19')]
 [array(['2022-10-16,02:39:39'], dtype='<U19')]]","[[0.   ]
 [0.017]
 [0.033]
 ...
 [4.988]
 [5.   ]
 [5.   ]]","[[3.5255]
 [3.5565]
 [3.5715]
 ...
 [3.3428]
 [3.3434]
 [3.3435]]","[[3.9991]
 [3.9999]
 [4.    ]
 ...
 [0.    ]
 [0.    ]
 [0.    ]]","[[0.   ]
 [0.001]
 [0.002]
 ...
 [0.   ]
 [0.   ]
 [0.   ]]","[[0.   ]
 [0.004]
 [0.008]
 ...
 [0.   ]
 [0.   ]
 [0.   ]]","[[24.3]
 [24.2]
 [24.2]
 ...
 [24.3]
 [24.3]
 [24.3]]",['2C charge and 1C discharge']
"[[array(['2022-10-16,02:39:40'], dtype='<U19')]
 [array(['2022-10-16,02:39:41'], dtype='<U19')]
 [array(['2022-10-16,02:39:42'], dtype='<U19')]
 ...
 [array(['2022-10-16,04:34:53'], dtype='<U19')]
 [array(['2022-10-16,04:34:53'], dtype='<U19')]
 [array(['2022-10-16,04:34:53'], dtype='<U19')]]","[[0.   ]
 [0.017]
 [0.034]
 ...
 [4.998]
 [5.   ]
 [5.   ]]","[[3.5252]
 [3.5568]
 [3.5719]
 ...
 [3.3435]
 [3.3431]
 [3.3431]]","[[3.9988]
 [3.9999]
 [3.9999]
 ...
 [0.    ]
 [0.    ]
 [0.    ]]","[[0.   ]
 [0.001]
 [0.002]
 ...
 [0.   ]
 [0.   ]
 [0.   ]]","[[0.   ]
 [0.004]
 [0.008]
 ...
 [0.   ]
 [0.   ]
 [0.   ]]","[[24.3]
 [24.3]
 [24.3]
 ...
 [24.3]
 [24.3]
 [24.3]]",['2C charge and 1C discharge']
"[[array(['2022-10-16,04:34:54'], dtype='<U19')]
 [array(['2022-10-16,04:34:55'], dtype='<U19')]
 [array(['2022-10-16,04:34:56'], dtype='<U19')]
 ...
 [array(['2022-10-16,06:30:09'], dtype='<U19')]
 [array(['2022-10-16,06:30:09'], dtype='<U19')]
 [array(['2022-10-16,06:30:10'], dtype='<U19')]]","[[0.   ]
 [0.017]
 [0.033]
 ...
 [5.   ]
 [5.001]
 [5.001]]","[[3.5242]
 [3.5568]
 [3.5711]
 ...
 [3.3434]
 [3.3432]
 [3.3431]]","[[3.9982]
 [3.9999]
 [3.9999]
 ...
 [0.    ]
 [0.    ]
 [0.    ]]","[[0.   ]
 [0.001]
 [0.002]
 ...
 [0.   ]
 [0.   ]
 [0.   ]]","[[0.   ]
 [0.004]
 [0.008]
 ...
 [0.   ]
 [0.   ]
 [0.   ]]","[[24.3]
 [24.3]
 [24.2]
 ...
 [24.3]
 [24.3]
 [24.3]]",['2C charge and 1C discharge']
"[[array(['2022-10-16,06:30:11'], dtype='<U19')]
 [array(['2022-10-16,06:30:12'], dtype='<U19')]
 [array(['2022-10-16,06:30:13'], dtype='<U19')]
 ...
 [array(['2022-10-16,08:25:21'], dtype='<U19')]
 [array(['2022-10-16,08:25:22'], dtype='<U19')]
 [array(['2022-10-16,08:25:22'], dtype='<U19')]]","[[0.   ]
 [0.017]
 [0.033]
 ...
 [4.988]
 [5.   ]
 [5.   ]]","[[3.5261]
 [3.5565]
 [3.5721]
 ...
 [3.3426]
 [3.3428]
 [3.3425]]","[[3.9994]
 [3.9999]
 [4.0001]
 ...
 [0.    ]
 [0.    ]
 [0.    ]]","[[0.   ]
 [0.001]
 [0.002]
 ...
 [0.   ]
 [0.   ]
 [0.   ]]","[[0.   ]
 [0.004]
 [0.008]
 ...
 [0.   ]
 [0.   ]
 [0.   ]]","[[24.3]
 [24.3]
 [24.3]
 ...
 [24.3]
 [24.3]
 [24.3]]",['2C charge and 1C discharge']
"[[array(['2022-10-16,08:25:23'], dtype='<U19')]
 [array(['2022-10-16,08:25:24'], dtype='<U19')]
 [array(['2022-10-16,08:25:25'], dtype='<U19')]
 ...
 [array(['2022-10-16,10:20:28'], dtype='<U19')]
 [array(['2022-10-16,10:20:29'], dtype='<U19')]
 [array(['2022-10-16,10:20:29'], dtype='<U19')]]","[[0.   ]
 [0.017]
 [0.035]
 ...
 [4.985]
 [5.   ]
 [5.   ]]","[[3.5247]
 [3.5568]
 [3.5724]
 ...
 [3.3409]
 [3.3411]
 [3.3411]]","[[3.9985]
 [3.9999]
 [3.9998]
 ...
 [0.    ]
 [0.    ]
 [0.    ]]","[[0.   ]
 [0.001]
 [0.002]
 ...
 [0.   ]
 [0.   ]
 [0.   ]]","[[0.   ]
 [0.004]
 [0.008]
 ...
 [0.   ]
 [0.   ]
 [0.   ]]","[[24.3]
 [24.3]
 [24.3]
 ...
 [24.4]
 [24.4]
 [24.4]]",['2C charge and 1C discharge']
"[[array(['2022-10-16,10:20:30'], dtype='<U19')]
 [array(['2022-10-16,10:20:31'], dtype='<U19')]
 [array(['2022-10-16,10:20:32'], dtype='<U19')]
 ...
 [array(['2022-10-16,12:15:26'], dtype='<U19')]
 [array(['2022-10-16,12:15:26'], dtype='<U19')]
 [array(['2022-10-16,12:15:26'], dtype='<U19')]]","[[0.   ]
 [0.017]
 [0.034]
 ...
 [4.988]
 [5.   ]
 [5.   ]]","[[3.5224]
 [3.5544]
 [3.5687]
 ...
 [3.3368]
 [3.3368]
 [3.3368]]","[[3.9988]
 [3.9999]
 [4.    ]
 ...
 [0.    ]
 [0.    ]
 [0.    ]]","[[0.   ]
 [0.001]
 [0.002]
 ...
 [0.   ]
 [0.   ]
 [0.   ]]","[[0.   ]
 [0.004]
 [0.008]
 ...
 [0.   ]
 [0.   ]
 [0.   ]]","[[24.4]
 [24.4]
 [24.4]
 ...
 [24.9]
 [24.9]
 [24.9]]",['2C charge and 1C discharge']
"[[array(['2022-10-16,12:15:27'], dtype='<U19')]
 [array(['2022-10-16,12:15:28'], dtype='<U19')]
 [array(['2022-10-16,12:15:29'], dtype='<U19')]
 ...
 [array(['2022-10-16,14:09:46'], dtype='<U19')]
 [array(['2022-10-16,14:09:47'], dtype='<U19')]
 [array(['2022-10-16,14:09:47'], dtype='<U19')]]","[[0.   ]
 [0.017]
 [0.034]
 ...
 [4.987]
 [5.   ]
 [5.   ]]","[[3.5165]
 [3.5495]
 [3.5635]
 ...
 [3.3382]
 [3.3382]
 [3.3382]]","[[3.9991]
 [3.9999]
 [3.9999]
 ...
 [0.    ]
 [0.    ]
 [0.    ]]","[[0.   ]
 [0.001]
 [0.002]
 ...
 [0.   ]
 [0.   ]
 [0.   ]]","[[0.   ]
 [0.004]
 [0.008]
 ...
 [0.   ]
 [0.   ]
 [0.   ]]","[[24.9]
 [24.9]
 [24.9]
 ...
 [24.8]
 [24.8]
 [24.8]]",['2C charge and 1C discharge']
"[[array(['2022-10-16,14:09:48'], dtype='<U19')]
 [array(['2022-10-16,14:09:49'], dtype='<U19')]
 [array(['2022-10-16,14:09:50'], dtype='<U19')]
 ...
 [array(['2022-10-16,16:04:20'], dtype='<U19')]
 [array(['2022-10-16,16:04:21'], dtype='<U19')]
 [array(['2022-10-16,16:04:21'], dtype='<U19')]]","[[0.   ]
 [0.017]
 [0.033]
 ...
 [4.994]
 [5.001]
 [5.001]]","[[3.5189]
 [3.5512]
 [3.5653]
 ...
 [3.3388]
 [3.3389]
 [3.3389]]","[[3.9991]
 [3.9999]
 [3.9999]
 ...
 [0.    ]
 [0.    ]
 [0.    ]]","[[0.   ]
 [0.001]
 [0.002]
 ...
 [0.   ]
 [0.   ]
 [0.   ]]","[[0.   ]
 [0.004]
 [0.008]
 ...
 [0.   ]
 [0.   ]
 [0.   ]]","[[24.8]
 [24.8]
 [24.8]
 ...
 [24.7]
 [24.7]
 [24.7]]",['2C charge and 1C discharge']
"[[array(['2022-10-16,16:04:22'], dtype='<U19')]
 [array(['2022-10-16,16:04:23'], dtype='<U19')]
 [array(['2022-10-16,16:04:24'], dtype='<U19')]
 ...
 [array(['2022-10-16,17:58:46'], dtype='<U19')]
 [array(['2022-10-16,17:58:47'], dtype='<U19')]
 [array(['2022-10-16,17:58:47'], dtype='<U19')]]","[[0.   ]
 [0.017]
 [0.033]
 ...
 [4.996]
 [5.   ]
 [5.   ]]","[[3.521 ]
 [3.5516]
 [3.5659]
 ...
 [3.3398]
 [3.3398]
 [3.3398]]","[[3.9988]
 [3.9999]
 [3.9999]
 ...
 [0.    ]
 [0.    ]
 [0.    ]]","[[0.   ]
 [0.001]
 [0.002]
 ...
 [0.   ]
 [0.   ]
 [0.   ]]","[[0.   ]
 [0.004]
 [0.008]
 ...
 [0.   ]
 [0.   ]
 [0.   ]]","[[24.7]
 [24.7]
 [24.7]
 ...
 [24.7]
 [24.7]
 [24.7]]",['2C charge and 1C discharge']
"[[array(['2022-10-16,17:58:48'], dtype='<U19')]
 [array(['2022-10-16,17:58:49'], dtype='<U19')]
 [array(['2022-10-16,17:58:50'], dtype='<U19')]
 ...
 [array(['2022-10-16,19:53:16'], dtype='<U19')]
 [array(['2022-10-16,19:53:16'], dtype='<U19')]
 [array(['2022-10-16,19:53:17'], dtype='<U19')]]","[[0.   ]
 [0.017]
 [0.034]
 ...
 [4.997]
 [5.   ]
 [5.   ]]","[[3.5189]
 [3.5533]
 [3.5673]
 ...
 [3.34  ]
 [3.3398]
 [3.34  ]]","[[3.9991]
 [3.9999]
 [3.9999]
 ...
 [0.    ]
 [0.    ]
 [0.    ]]","[[0.   ]
 [0.001]
 [0.002]
 ...
 [0.   ]
 [0.   ]
 [0.   ]]","[[0.   ]
 [0.004]
 [0.008]
 ...
 [0.   ]
 [0.   ]
 [0.   ]]","[[24.7]
 [24.7]
 [24.7]
 ...
 [24.6]
 [24.6]
 [24.6]]",['2C charge and 1C discharge']
"[[array(['2022-10-16,19:53:18'], dtype='<U19')]
 [array(['2022-10-16,19:53:19'], dtype='<U19')]
 [array(['2022-10-16,19:53:20'], dtype='<U19')]
 ...
 [array(['2022-10-16,21:47:50'], dtype='<U19')]
 [array(['2022-10-16,21:47:51'], dtype='<U19')]
 [array(['2022-10-16,21:47:51'], dtype='<U19')]]","[[0.   ]
 [0.017]
 [0.033]
 ...
 [4.99 ]
 [5.001]
 [5.001]]","[[3.5193]
 [3.5525]
 [3.5671]
 ...
 [3.3403]
 [3.3403]
 [3.3403]]","[[3.9991]
 [3.9999]
 [4.    ]
 ...
 [0.    ]
 [0.    ]
 [0.    ]]","[[0.   ]
 [0.001]
 [0.002]
 ...
 [0.   ]
 [0.   ]
 [0.   ]]","[[0.   ]
 [0.004]
 [0.008]
 ...
 [0.   ]
 [0.   ]
 [0.   ]]","[[24.7]
 [24.7]
 [24.6]
 ...
 [24.6]
 [24.6]
 [24.6]]",['2C charge and 1C discharge']
"[[array(['2022-10-16,21:47:52'], dtype='<U19')]
 [array(['2022-10-16,21:47:53'], dtype='<U19')]
 [array(['2022-10-16,21:47:54'], dtype='<U19')]
 ...
 [array(['2022-10-16,23:42:20'], dtype='<U19')]
 [array(['2022-10-16,23:42:21'], dtype='<U19')]
 [array(['2022-10-16,23:42:21'], dtype='<U19')]]","[[0.   ]
 [0.017]
 [0.033]
 ...
 [4.984]
 [5.001]
 [5.001]]","[[3.5216]
 [3.5531]
 [3.5676]
 ...
 [3.3409]
 [3.3411]
 [3.3409]]","[[3.9991]
 [3.9998]
 [3.9999]
 ...
 [0.    ]
 [0.    ]
 [0.    ]]","[[0.   ]
 [0.001]
 [0.002]
 ...
 [0.   ]
 [0.   ]
 [0.   ]]","[[0.   ]
 [0.004]
 [0.008]
 ...
 [0.   ]
 [0.   ]
 [0.   ]]","[[24.6]
 [24.6]
 [24.6]
 ...
 [24.5]
 [24.5]
 [24.5]]",['2C charge and 1C discharge']
"[[array(['2022-10-16,23:42:22'], dtype='<U19')]
 [array(['2022-10-16,23:42:23'], dtype='<U19')]
 [array(['2022-10-16,23:42:24'], dtype='<U19')]
 ...
 [array(['2022-10-17,01:36:54'], dtype='<U19')]
 [array(['2022-10-17,01:36:54'], dtype='<U19')]
 [array(['2022-10-17,01:36:54'], dtype='<U19')]]","[[0.   ]
 [0.017]
 [0.033]
 ...
 [4.998]
 [5.001]
 [5.001]]","[[3.5239]
 [3.5547]
 [3.5688]
 ...
 [3.3415]
 [3.3415]
 [3.3415]]","[[3.9991]
 [3.9999]
 [3.9999]
 ...
 [0.    ]
 [0.    ]
 [0.    ]]","[[0.   ]
 [0.001]
 [0.002]
 ...
 [0.   ]
 [0.   ]
 [0.   ]]","[[0.   ]
 [0.004]
 [0.008]
 ...
 [0.   ]
 [0.   ]
 [0.   ]]","[[24.5]
 [24.5]
 [24.5]
 ...
 [24.5]
 [24.5]
 [24.5]]",['2C charge and 1C discharge']
"[[array(['2022-10-17,01:36:55'], dtype='<U19')]
 [array(['2022-10-17,01:36:56'], dtype='<U19')]
 [array(['2022-10-17,01:36:57'], dtype='<U19')]
 ...
 [array(['2022-10-17,03:31:16'], dtype='<U19')]
 [array(['2022-10-17,03:31:17'], dtype='<U19')]
 [array(['2022-10-17,03:31:17'], dtype='<U19')]]","[[0.   ]
 [0.017]
 [0.033]
 ...
 [4.984]
 [5.   ]
 [5.   ]]","[[3.5235]
 [3.555 ]
 [3.5693]
 ...
 [3.3417]
 [3.342 ]
 [3.342 ]]","[[3.9994]
 [3.9999]
 [3.9999]
 ...
 [0.    ]
 [0.    ]
 [0.    ]]","[[0.   ]
 [0.001]
 [0.002]
 ...
 [0.   ]
 [0.   ]
 [0.   ]]","[[0.   ]
 [0.004]
 [0.008]
 ...
 [0.   ]
 [0.   ]
 [0.   ]]","[[24.5]
 [24.5]
 [24.5]
 ...
 [24.5]
 [24.5]
 [24.5]]",['2C charge and 1C discharge']
"[[array(['2022-10-17,03:31:18'], dtype='<U19')]
 [array(['2022-10-17,03:31:19'], dtype='<U19')]
 [array(['2022-10-17,03:31:20'], dtype='<U19')]
 ...
 [array(['2022-10-17,05:25:35'], dtype='<U19')]
 [array(['2022-10-17,05:25:35'], dtype='<U19')]
 [array(['2022-10-17,05:25:35'], dtype='<U19')]]","[[0.   ]
 [0.017]
 [0.034]
 ...
 [4.998]
 [5.   ]
 [5.   ]]","[[3.5242]
 [3.5562]
 [3.5704]
 ...
 [3.3423]
 [3.3425]
 [3.3426]]","[[3.9991]
 [3.9999]
 [3.9999]
 ...
 [0.    ]
 [0.    ]
 [0.    ]]","[[0.   ]
 [0.001]
 [0.002]
 ...
 [0.   ]
 [0.   ]
 [0.   ]]","[[0.   ]
 [0.004]
 [0.008]
 ...
 [0.   ]
 [0.   ]
 [0.   ]]","[[24.5]
 [24.5]
 [24.5]
 ...
 [24.5]
 [24.5]
 [24.5]]",['2C charge and 1C discharge']
"[[array(['2022-10-17,05:25:36'], dtype='<U19')]
 [array(['2022-10-17,05:25:37'], dtype='<U19')]
 [array(['2022-10-17,05:25:38'], dtype='<U19')]
 ...
 [array(['2022-10-17,07:19:54'], dtype='<U19')]
 [array(['2022-10-17,07:19:54'], dtype='<U19')]
 [array(['2022-10-17,07:19:55'], dtype='<U19')]]","[[0.   ]
 [0.017]
 [0.033]
 ...
 [4.986]
 [5.001]
 [5.001]]","[[3.5225]
 [3.5562]
 [3.5708]
 ...
 [3.3422]
 [3.3423]
 [3.3422]]","[[3.9991]
 [3.9999]
 [3.9999]
 ...
 [0.    ]
 [0.    ]
 [0.    ]]","[[0.   ]
 [0.001]
 [0.002]
 ...
 [0.   ]
 [0.   ]
 [0.   ]]","[[0.   ]
 [0.004]
 [0.008]
 ...
 [0.   ]
 [0.   ]
 [0.   ]]","[[24.4]
 [24.4]
 [24.4]
 ...
 [24.4]
 [24.5]
 [24.5]]",['2C charge and 1C discharge']
"[[array(['2022-10-17,07:19:56'], dtype='<U19')]
 [array(['2022-10-17,07:19:57'], dtype='<U19')]
 [array(['2022-10-17,07:19:58'], dtype='<U19')]
 ...
 [array(['2022-10-17,09:14:14'], dtype='<U19')]
 [array(['2022-10-17,09:14:15'], dtype='<U19')]
 [array(['2022-10-17,09:14:15'], dtype='<U19')]]","[[0.   ]
 [0.017]
 [0.033]
 ...
 [4.984]
 [5.   ]
 [5.   ]]","[[3.5261]
 [3.5567]
 [3.5721]
 ...
 [3.3414]
 [3.3414]
 [3.3415]]","[[3.9991]
 [3.9998]
 [4.0002]
 ...
 [0.    ]
 [0.    ]
 [0.    ]]","[[0.   ]
 [0.001]
 [0.002]
 ...
 [0.   ]
 [0.   ]
 [0.   ]]","[[0.   ]
 [0.004]
 [0.008]
 ...
 [0.   ]
 [0.   ]
 [0.   ]]","[[24.5]
 [24.4]
 [24.4]
 ...
 [24.6]
 [24.6]
 [24.6]]",['2C charge and 1C discharge']
"[[array(['2022-10-17,09:14:16'], dtype='<U19')]
 [array(['2022-10-17,09:14:17'], dtype='<U19')]
 [array(['2022-10-17,09:14:18'], dtype='<U19')]
 ...
 [array(['2022-10-17,11:08:31'], dtype='<U19')]
 [array(['2022-10-17,11:08:32'], dtype='<U19')]
 [array(['2022-10-17,11:08:32'], dtype='<U19')]]","[[0.   ]
 [0.017]
 [0.033]
 ...
 [4.992]
 [5.   ]
 [5.   ]]","[[3.5227]
 [3.5556]
 [3.5698]
 ...
 [3.3363]
 [3.3365]
 [3.3365]]","[[3.9991]
 [3.9999]
 [3.9999]
 ...
 [0.    ]
 [0.    ]
 [0.    ]]","[[0.   ]
 [0.001]
 [0.002]
 ...
 [0.   ]
 [0.   ]
 [0.   ]]","[[0.   ]
 [0.004]
 [0.008]
 ...
 [0.   ]
 [0.   ]
 [0.   ]]","[[24.6]
 [24.6]
 [24.6]
 ...
 [25.1]
 [25.1]
 [25.1]]",['2C charge and 1C discharge']
"[[array(['2022-10-17,11:08:33'], dtype='<U19')]
 [array(['2022-10-17,11:08:34'], dtype='<U19')]
 [array(['2022-10-17,11:08:35'], dtype='<U19')]
 ...
 [array(['2022-10-17,13:02:11'], dtype='<U19')]
 [array(['2022-10-17,13:02:12'], dtype='<U19')]
 [array(['2022-10-17,13:02:12'], dtype='<U19')]]","[[0.   ]
 [0.017]
 [0.034]
 ...
 [4.986]
 [5.   ]
 [5.   ]]","[[3.5162]
 [3.5496]
 [3.5638]
 ...
 [3.3357]
 [3.3362]
 [3.3362]]","[[3.9991]
 [3.9999]
 [3.9999]
 ...
 [0.    ]
 [0.    ]
 [0.    ]]","[[0.   ]
 [0.001]
 [0.002]
 ...
 [0.   ]
 [0.   ]
 [0.   ]]","[[0.   ]
 [0.004]
 [0.008]
 ...
 [0.   ]
 [0.   ]
 [0.   ]]","[[25.1]
 [25.1]
 [25.1]
 ...
 [25. ]
 [25. ]
 [25. ]]",['2C charge and 1C discharge']
"[[array(['2022-10-17,13:02:13'], dtype='<U19')]
 [array(['2022-10-17,13:02:14'], dtype='<U19')]
 [array(['2022-10-17,13:02:15'], dtype='<U19')]
 ...
 [array(['2022-10-17,14:55:58'], dtype='<U19')]
 [array(['2022-10-17,14:55:59'], dtype='<U19')]
 [array(['2022-10-17,14:55:59'], dtype='<U19')]]","[[0.   ]
 [0.017]
 [0.033]
 ...
 [4.987]
 [5.   ]
 [5.   ]]","[[3.5176]
 [3.5484]
 [3.563 ]
 ...
 [3.3369]
 [3.3371]
 [3.3372]]","[[3.9991]
 [3.9999]
 [3.9999]
 ...
 [0.    ]
 [0.    ]
 [0.    ]]","[[0.   ]
 [0.001]
 [0.002]
 ...
 [0.   ]
 [0.   ]
 [0.   ]]","[[0.   ]
 [0.004]
 [0.008]
 ...
 [0.   ]
 [0.   ]
 [0.   ]]","[[25.1]
 [25.1]
 [25. ]
 ...
 [25. ]
 [25. ]
 [25. ]]",['2C charge and 1C discharge']
"[[array(['2022-10-17,14:56:00'], dtype='<U19')]
 [array(['2022-10-17,14:56:01'], dtype='<U19')]
 [array(['2022-10-17,14:56:02'], dtype='<U19')]
 ...
 [array(['2022-10-17,16:49:43'], dtype='<U19')]
 [array(['2022-10-17,16:49:44'], dtype='<U19')]
 [array(['2022-10-17,16:49:44'], dtype='<U19')]]","[[0.   ]
 [0.02 ]
 [0.037]
 ...
 [4.99 ]
 [5.   ]
 [5.   ]]","[[3.5198]
 [3.5502]
 [3.567 ]
 ...
 [3.3366]
 [3.3366]
 [3.3366]]","[[3.9988]
 [3.9999]
 [3.9999]
 ...
 [0.    ]
 [0.    ]
 [0.    ]]","[[0.   ]
 [0.001]
 [0.002]
 ...
 [0.   ]
 [0.   ]
 [0.   ]]","[[0.   ]
 [0.005]
 [0.009]
 ...
 [0.   ]
 [0.   ]
 [0.   ]]","[[25. ]
 [24.9]
 [25. ]
 ...
 [25. ]
 [25. ]
 [25. ]]",['2C charge and 1C discharge']
"[[array(['2022-10-17,16:49:45'], dtype='<U19')]
 [array(['2022-10-17,16:49:46'], dtype='<U19')]
 [array(['2022-10-17,16:49:47'], dtype='<U19')]
 ...
 [array(['2022-10-17,18:43:42'], dtype='<U19')]
 [array(['2022-10-17,18:43:42'], dtype='<U19')]
 [array(['2022-10-17,18:43:42'], dtype='<U19')]]","[[0.   ]
 [0.017]
 [0.034]
 ...
 [4.995]
 [5.   ]
 [5.   ]]","[[3.5176]
 [3.5501]
 [3.5648]
 ...
 [3.3369]
 [3.3371]
 [3.3371]]","[[3.9991]
 [3.9998]
 [3.9999]
 ...
 [0.    ]
 [0.    ]
 [0.    ]]","[[0.   ]
 [0.001]
 [0.002]
 ...
 [0.   ]
 [0.   ]
 [0.   ]]","[[0.   ]
 [0.004]
 [0.008]
 ...
 [0.   ]
 [0.   ]
 [0.   ]]","[[25. ]
 [25. ]
 [24.9]
 ...
 [24.9]
 [24.9]
 [24.9]]",['2C charge and 1C discharge']
"[[array(['2022-10-17,18:43:43'], dtype='<U19')]
 [array(['2022-10-17,18:43:44'], dtype='<U19')]
 [array(['2022-10-17,18:43:45'], dtype='<U19')]
 ...
 [array(['2022-10-17,20:37:40'], dtype='<U19')]
 [array(['2022-10-17,20:37:41'], dtype='<U19')]
 [array(['2022-10-17,20:37:41'], dtype='<U19')]]","[[0.   ]
 [0.017]
 [0.033]
 ...
 [4.985]
 [5.001]
 [5.001]]","[[3.5179]
 [3.5502]
 [3.5645]
 ...
 [3.3363]
 [3.3365]
 [3.3365]]","[[3.9985]
 [3.9999]
 [3.9999]
 ...
 [0.    ]
 [0.    ]
 [0.    ]]","[[0.   ]
 [0.001]
 [0.002]
 ...
 [0.   ]
 [0.   ]
 [0.   ]]","[[0.   ]
 [0.004]
 [0.008]
 ...
 [0.   ]
 [0.   ]
 [0.   ]]","[[25. ]
 [24.9]
 [24.9]
 ...
 [25. ]
 [25. ]
 [25. ]]",['2C charge and 1C discharge']
"[[array(['2022-10-17,20:37:42'], dtype='<U19')]
 [array(['2022-10-17,20:37:43'], dtype='<U19')]
 [array(['2022-10-17,20:37:44'], dtype='<U19')]
 ...
 [array(['2022-10-17,22:31:26'], dtype='<U19')]
 [array(['2022-10-17,22:31:27'], dtype='<U19')]
 [array(['2022-10-17,22:31:27'], dtype='<U19')]]","[[0.   ]
 [0.017]
 [0.034]
 ...
 [4.99 ]
 [5.001]
 [5.001]]","[[3.5179]
 [3.5501]
 [3.5644]
 ...
 [3.3382]
 [3.3383]
 [3.3383]]","[[3.9991]
 [3.9999]
 [3.9999]
 ...
 [0.    ]
 [0.    ]
 [0.    ]]","[[0.   ]
 [0.001]
 [0.002]
 ...
 [0.   ]
 [0.   ]
 [0.   ]]","[[0.   ]
 [0.004]
 [0.008]
 ...
 [0.   ]
 [0.   ]
 [0.   ]]","[[25. ]
 [24.9]
 [25. ]
 ...
 [24.9]
 [24.9]
 [24.8]]",['2C charge and 1C discharge']
"[[array(['2022-10-17,22:31:28'], dtype='<U19')]
 [array(['2022-10-17,22:31:29'], dtype='<U19')]
 [array(['2022-10-17,22:31:30'], dtype='<U19')]
 ...
 [array(['2022-10-18,00:25:32'], dtype='<U19')]
 [array(['2022-10-18,00:25:33'], dtype='<U19')]
 [array(['2022-10-18,00:25:33'], dtype='<U19')]]","[[0.   ]
 [0.017]
 [0.033]
 ...
 [4.989]
 [5.   ]
 [5.   ]]","[[3.5202]
 [3.5515]
 [3.5665]
 ...
 [3.3388]
 [3.3389]
 [3.3389]]","[[3.9991]
 [3.9999]
 [3.9999]
 ...
 [0.    ]
 [0.    ]
 [0.    ]]","[[0.   ]
 [0.001]
 [0.002]
 ...
 [0.   ]
 [0.   ]
 [0.   ]]","[[0.   ]
 [0.004]
 [0.008]
 ...
 [0.   ]
 [0.   ]
 [0.   ]]","[[24.9]
 [24.8]
 [24.8]
 ...
 [24.8]
 [24.8]
 [24.8]]",['2C charge and 1C discharge']
"[[array(['2022-10-18,00:25:34'], dtype='<U19')]
 [array(['2022-10-18,00:25:35'], dtype='<U19')]
 [array(['2022-10-18,00:25:36'], dtype='<U19')]
 ...
 [array(['2022-10-18,02:19:24'], dtype='<U19')]
 [array(['2022-10-18,02:19:24'], dtype='<U19')]
 [array(['2022-10-18,02:19:24'], dtype='<U19')]]","[[0.   ]
 [0.017]
 [0.033]
 ...
 [4.999]
 [5.   ]
 [5.   ]]","[[3.5204]
 [3.5531]
 [3.5675]
 ...
 [3.3406]
 [3.3408]
 [3.3408]]","[[3.9991]
 [3.9999]
 [3.9999]
 ...
 [0.    ]
 [0.    ]
 [0.    ]]","[[0.   ]
 [0.001]
 [0.002]
 ...
 [0.   ]
 [0.   ]
 [0.   ]]","[[0.   ]
 [0.004]
 [0.008]
 ...
 [0.   ]
 [0.   ]
 [0.   ]]","[[24.7]
 [24.7]
 [24.7]
 ...
 [24.7]
 [24.7]
 [24.7]]",['2C charge and 1C discharge']
"[[array(['2022-10-18,02:19:25'], dtype='<U19')]
 [array(['2022-10-18,02:19:26'], dtype='<U19')]
 [array(['2022-10-18,02:19:27'], dtype='<U19')]
 ...
 [array(['2022-10-18,04:13:32'], dtype='<U19')]
 [array(['2022-10-18,04:13:32'], dtype='<U19')]
 [array(['2022-10-18,04:13:32'], dtype='<U19')]]","[[0.   ]
 [0.017]
 [0.033]
 ...
 [4.999]
 [5.   ]
 [5.   ]]","[[3.5236]
 [3.5545]
 [3.569 ]
 ...
 [3.3409]
 [3.3409]
 [3.3409]]","[[3.9991]
 [3.9999]
 [3.9999]
 ...
 [0.    ]
 [0.    ]
 [0.    ]]","[[0.   ]
 [0.001]
 [0.002]
 ...
 [0.   ]
 [0.   ]
 [0.   ]]","[[0.   ]
 [0.004]
 [0.008]
 ...
 [0.   ]
 [0.   ]
 [0.   ]]","[[24.7]
 [24.7]
 [24.7]
 ...
 [24.7]
 [24.7]
 [24.7]]",['2C charge and 1C discharge']
"[[array(['2022-10-18,04:13:33'], dtype='<U19')]
 [array(['2022-10-18,04:13:34'], dtype='<U19')]
 [array(['2022-10-18,04:13:35'], dtype='<U19')]
 ...
 [array(['2022-10-18,06:07:50'], dtype='<U19')]
 [array(['2022-10-18,06:07:50'], dtype='<U19')]
 [array(['2022-10-18,06:07:50'], dtype='<U19')]]","[[0.   ]
 [0.017]
 [0.034]
 ...
 [4.998]
 [5.   ]
 [5.   ]]","[[3.5225]
 [3.5551]
 [3.5702]
 ...
 [3.3411]
 [3.3409]
 [3.3409]]","[[3.9988]
 [3.9999]
 [3.9998]
 ...
 [0.    ]
 [0.    ]
 [0.    ]]","[[0.   ]
 [0.001]
 [0.002]
 ...
 [0.   ]
 [0.   ]
 [0.   ]]","[[0.   ]
 [0.004]
 [0.008]
 ...
 [0.   ]
 [0.   ]
 [0.   ]]","[[24.7]
 [24.7]
 [24.7]
 ...
 [24.7]
 [24.7]
 [24.7]]",['2C charge and 1C discharge']
"[[array(['2022-10-18,06:07:51'], dtype='<U19')]
 [array(['2022-10-18,06:07:52'], dtype='<U19')]
 [array(['2022-10-18,06:07:53'], dtype='<U19')]
 ...
 [array(['2022-10-18,08:01:58'], dtype='<U19')]
 [array(['2022-10-18,08:01:58'], dtype='<U19')]
 [array(['2022-10-18,08:01:58'], dtype='<U19')]]","[[0.   ]
 [0.017]
 [0.034]
 ...
 [4.999]
 [5.001]
 [5.001]]","[[3.5245]
 [3.5564]
 [3.5708]
 ...
 [3.3418]
 [3.3418]
 [3.3418]]","[[3.9991]
 [3.9999]
 [3.9999]
 ...
 [0.    ]
 [0.    ]
 [0.    ]]","[[0.   ]
 [0.001]
 [0.002]
 ...
 [0.   ]
 [0.   ]
 [0.   ]]","[[0.   ]
 [0.004]
 [0.008]
 ...
 [0.   ]
 [0.   ]
 [0.   ]]","[[24.7]
 [24.7]
 [24.7]
 ...
 [24.7]
 [24.7]
 [24.7]]",['2C charge and 1C discharge']
"[[array(['2022-10-18,08:01:59'], dtype='<U19')]
 [array(['2022-10-18,08:02:01'], dtype='<U19')]
 [array(['2022-10-18,08:02:02'], dtype='<U19')]
 ...
 [array(['2022-10-18,09:56:17'], dtype='<U19')]
 [array(['2022-10-18,09:56:18'], dtype='<U19')]
 [array(['2022-10-18,09:56:18'], dtype='<U19')]]","[[0.   ]
 [0.017]
 [0.034]
 ...
 [4.998]
 [5.   ]
 [5.   ]]","[[3.5249]
 [3.557 ]
 [3.5719]
 ...
 [3.3397]
 [3.3398]
 [3.3398]]","[[3.9991]
 [3.9999]
 [3.9999]
 ...
 [0.    ]
 [0.    ]
 [0.    ]]","[[0.   ]
 [0.001]
 [0.002]
 ...
 [0.   ]
 [0.   ]
 [0.   ]]","[[0.   ]
 [0.004]
 [0.008]
 ...
 [0.   ]
 [0.   ]
 [0.   ]]","[[24.7]
 [24.7]
 [24.7]
 ...
 [25. ]
 [25. ]
 [25. ]]",['2C charge and 1C discharge']
"[[array(['2022-10-18,09:56:19'], dtype='<U19')]
 [array(['2022-10-18,09:56:20'], dtype='<U19')]
 [array(['2022-10-18,09:56:21'], dtype='<U19')]
 ...
 [array(['2022-10-18,11:50:28'], dtype='<U19')]
 [array(['2022-10-18,11:50:29'], dtype='<U19')]
 [array(['2022-10-18,11:50:29'], dtype='<U19')]]","[[0.   ]
 [0.017]
 [0.034]
 ...
 [4.996]
 [5.   ]
 [5.   ]]","[[3.5227]
 [3.5542]
 [3.5687]
 ...
 [3.3368]
 [3.3368]
 [3.3368]]","[[3.9991]
 [3.9999]
 [3.9999]
 ...
 [0.    ]
 [0.    ]
 [0.    ]]","[[0.   ]
 [0.001]
 [0.002]
 ...
 [0.   ]
 [0.   ]
 [0.   ]]","[[0.   ]
 [0.004]
 [0.008]
 ...
 [0.   ]
 [0.   ]
 [0.   ]]","[[25. ]
 [25. ]
 [25. ]
 ...
 [25.3]
 [25.3]
 [25.3]]",['2C charge and 1C discharge']
"[[array(['2022-10-18,11:50:30'], dtype='<U19')]
 [array(['2022-10-18,11:50:31'], dtype='<U19')]
 [array(['2022-10-18,11:50:32'], dtype='<U19')]
 ...
 [array(['2022-10-18,13:37:59'], dtype='<U19')]
 [array(['2022-10-18,13:38:00'], dtype='<U19')]
 [array(['2022-10-18,13:38:01'], dtype='<U19')]]","[[0.0000e+00]
 [1.7000e-02]
 [3.5000e-02]
 ...
 [4.7736e+01]
 [4.7752e+01]
 [4.7761e+01]]","[[3.5176]
 [3.5492]
 [3.5653]
 ...
 [3.1059]
 [3.0663]
 [4.6397]]","[[ 3.9985]
 [ 3.9999]
 [ 3.9999]
 ...
 [-2.0001]
 [-2.    ]
 [-2.    ]]","[[0.000e+00]
 [1.000e-03]
 [2.000e-03]
 ...
 [1.591e+00]
 [1.592e+00]
 [1.592e+00]]","[[0.000e+00]
 [4.000e-03]
 [8.000e-03]
 ...
 [5.651e+00]
 [5.653e+00]
 [5.654e+00]]","[[25.3]
 [25.3]
 [25.3]
 ...
 [26.2]
 [26.2]
 [26.2]]",['2C charge and 1C discharge']
