system_time,relative_time_min,voltage_V,current_A,capacity_Ah,power_Wh,temperature_C,description
"[[array(['2022-09-16,15:05:23'], dtype='<U19')]
 [array(['2022-09-16,15:05:24'], dtype='<U19')]
 [array(['2022-09-16,15:05:25'], dtype='<U19')]
 ...
 [array(['2022-09-16,22:46:23'], dtype='<U19')]
 [array(['2022-09-16,22:46:24'], dtype='<U19')]
 [array(['2022-09-16,22:46:25'], dtype='<U19')]]","[[0.   ]
 [0.017]
 [0.034]
 ...
 [4.971]
 [4.989]
 [5.   ]]","[[3.4386]
 [3.4387]
 [3.4387]
 ...
 [3.0249]
 [3.025 ]
 [3.0252]]","[[0.]
 [0.]
 [0.]
 ...
 [0.]
 [0.]
 [0.]]","[[0.]
 [0.]
 [0.]
 ...
 [0.]
 [0.]
 [0.]]","[[0.]
 [0.]
 [0.]
 ...
 [0.]
 [0.]
 [0.]]","[[25.6]
 [25.6]
 [25.6]
 ...
 [26.2]
 [26.2]
 [26.2]]",['0.5C charge and 0.2C discharge [test capacity]']
"[[array(['2022-09-16,22:46:26'], dtype='<U19')]
 [array(['2022-09-16,22:46:27'], dtype='<U19')]
 [array(['2022-09-16,22:46:28'], dtype='<U19')]
 ...
 [array(['2022-09-17,00:46:24'], dtype='<U19')]
 [array(['2022-09-17,00:46:25'], dtype='<U19')]
 [array(['2022-09-17,00:46:25'], dtype='<U19')]]","[[0.   ]
 [0.017]
 [0.035]
 ...
 [4.987]
 [5.   ]
 [5.   ]]","[[3.2494]
 [3.288 ]
 [3.3071]
 ...
 [3.3649]
 [3.3651]
 [3.3649]]","[[3.9985]
 [3.9999]
 [4.    ]
 ...
 [0.    ]
 [0.    ]
 [0.    ]]","[[0.   ]
 [0.001]
 [0.002]
 ...
 [0.   ]
 [0.   ]
 [0.   ]]","[[0.   ]
 [0.004]
 [0.008]
 ...
 [0.   ]
 [0.   ]
 [0.   ]]","[[26.2]
 [26.2]
 [26.2]
 ...
 [27.8]
 [27.8]
 [27.8]]",['2C charge and 1C discharge']
"[[array(['2022-09-17,00:46:26'], dtype='<U19')]
 [array(['2022-09-17,00:46:27'], dtype='<U19')]
 [array(['2022-09-17,00:46:28'], dtype='<U19')]
 ...
 [array(['2022-09-17,02:44:53'], dtype='<U19')]
 [array(['2022-09-17,02:44:54'], dtype='<U19')]
 [array(['2022-09-17,02:44:54'], dtype='<U19')]]","[[0.   ]
 [0.017]
 [0.034]
 ...
 [4.989]
 [5.   ]
 [5.   ]]","[[3.523 ]
 [3.539 ]
 [3.5472]
 ...
 [3.3565]
 [3.3565]
 [3.3565]]","[[3.9991]
 [3.9999]
 [3.9999]
 ...
 [0.    ]
 [0.    ]
 [0.    ]]","[[0.   ]
 [0.001]
 [0.002]
 ...
 [0.   ]
 [0.   ]
 [0.   ]]","[[0.   ]
 [0.004]
 [0.008]
 ...
 [0.   ]
 [0.   ]
 [0.   ]]","[[27.7]
 [27.7]
 [27.7]
 ...
 [27.8]
 [27.8]
 [27.8]]",['2C charge and 1C discharge']
"[[array(['2022-09-17,02:44:55'], dtype='<U19')]
 [array(['2022-09-17,02:44:56'], dtype='<U19')]
 [array(['2022-09-17,02:44:57'], dtype='<U19')]
 ...
 [array(['2022-09-17,04:43:22'], dtype='<U19')]
 [array(['2022-09-17,04:43:23'], dtype='<U19')]
 [array(['2022-09-17,04:43:23'], dtype='<U19')]]","[[0.   ]
 [0.017]
 [0.034]
 ...
 [4.988]
 [5.001]
 [5.001]]","[[3.5135]
 [3.5299]
 [3.5385]
 ...
 [3.3498]
 [3.3498]
 [3.3498]]","[[3.9991]
 [3.9999]
 [3.9999]
 ...
 [0.    ]
 [0.    ]
 [0.    ]]","[[0.   ]
 [0.001]
 [0.002]
 ...
 [0.   ]
 [0.   ]
 [0.   ]]","[[0.   ]
 [0.004]
 [0.008]
 ...
 [0.   ]
 [0.   ]
 [0.   ]]","[[27.8]
 [27.7]
 [27.7]
 ...
 [27.8]
 [27.8]
 [27.8]]",['2C charge and 1C discharge']
"[[array(['2022-09-17,04:43:24'], dtype='<U19')]
 [array(['2022-09-17,04:43:25'], dtype='<U19')]
 [array(['2022-09-17,04:43:26'], dtype='<U19')]
 ...
 [array(['2022-09-17,06:41:52'], dtype='<U19')]
 [array(['2022-09-17,06:41:53'], dtype='<U19')]
 [array(['2022-09-17,06:41:53'], dtype='<U19')]]","[[0.   ]
 [0.017]
 [0.034]
 ...
 [4.985]
 [5.   ]
 [5.   ]]","[[3.5072]
 [3.5236]
 [3.5322]
 ...
 [3.3441]
 [3.3443]
 [3.3443]]","[[3.9985]
 [3.9999]
 [3.9999]
 ...
 [0.    ]
 [0.    ]
 [0.    ]]","[[0.   ]
 [0.001]
 [0.002]
 ...
 [0.   ]
 [0.   ]
 [0.   ]]","[[0.   ]
 [0.004]
 [0.008]
 ...
 [0.   ]
 [0.   ]
 [0.   ]]","[[27.8]
 [27.8]
 [27.8]
 ...
 [27.8]
 [27.9]
 [27.9]]",['2C charge and 1C discharge']
"[[array(['2022-09-17,06:41:54'], dtype='<U19')]
 [array(['2022-09-17,06:41:55'], dtype='<U19')]
 [array(['2022-09-17,06:41:56'], dtype='<U19')]
 ...
 [array(['2022-09-17,08:40:26'], dtype='<U19')]
 [array(['2022-09-17,08:40:27'], dtype='<U19')]
 [array(['2022-09-17,08:40:27'], dtype='<U19')]]","[[0.   ]
 [0.017]
 [0.034]
 ...
 [4.986]
 [5.   ]
 [5.   ]]","[[3.5007]
 [3.5179]
 [3.5267]
 ...
 [3.3385]
 [3.3386]
 [3.3386]]","[[3.9991]
 [3.9999]
 [3.9999]
 ...
 [0.    ]
 [0.    ]
 [0.    ]]","[[0.   ]
 [0.001]
 [0.002]
 ...
 [0.   ]
 [0.   ]
 [0.   ]]","[[0.   ]
 [0.004]
 [0.008]
 ...
 [0.   ]
 [0.   ]
 [0.   ]]","[[27.8]
 [27.8]
 [27.8]
 ...
 [27.9]
 [27.9]
 [27.9]]",['2C charge and 1C discharge']
"[[array(['2022-09-17,08:40:28'], dtype='<U19')]
 [array(['2022-09-17,08:40:29'], dtype='<U19')]
 [array(['2022-09-17,08:40:30'], dtype='<U19')]
 ...
 [array(['2022-09-17,10:39:03'], dtype='<U19')]
 [array(['2022-09-17,10:39:04'], dtype='<U19')]
 [array(['2022-09-17,10:39:04'], dtype='<U19')]]","[[0.   ]
 [0.017]
 [0.034]
 ...
 [4.99 ]
 [5.   ]
 [5.   ]]","[[3.4952]
 [3.5124]
 [3.5215]
 ...
 [3.3335]
 [3.3337]
 [3.3337]]","[[3.9985]
 [3.9999]
 [3.9999]
 ...
 [0.    ]
 [0.    ]
 [0.    ]]","[[0.   ]
 [0.001]
 [0.002]
 ...
 [0.   ]
 [0.   ]
 [0.   ]]","[[0.   ]
 [0.004]
 [0.008]
 ...
 [0.   ]
 [0.   ]
 [0.   ]]","[[27.9]
 [27.9]
 [27.9]
 ...
 [27.9]
 [27.9]
 [27.9]]",['2C charge and 1C discharge']
"[[array(['2022-09-17,10:39:05'], dtype='<U19')]
 [array(['2022-09-17,10:39:06'], dtype='<U19')]
 [array(['2022-09-17,10:39:07'], dtype='<U19')]
 ...
 [array(['2022-09-17,12:37:40'], dtype='<U19')]
 [array(['2022-09-17,12:37:41'], dtype='<U19')]
 [array(['2022-09-17,12:37:41'], dtype='<U19')]]","[[0.   ]
 [0.017]
 [0.034]
 ...
 [4.988]
 [5.   ]
 [5.   ]]","[[3.4907]
 [3.5078]
 [3.517 ]
 ...
 [3.3278]
 [3.3278]
 [3.3278]]","[[3.9991]
 [3.9999]
 [3.9999]
 ...
 [0.    ]
 [0.    ]
 [0.    ]]","[[0.   ]
 [0.001]
 [0.002]
 ...
 [0.   ]
 [0.   ]
 [0.   ]]","[[0.   ]
 [0.004]
 [0.008]
 ...
 [0.   ]
 [0.   ]
 [0.   ]]","[[27.9]
 [27.9]
 [27.9]
 ...
 [27.9]
 [27.9]
 [27.9]]",['2C charge and 1C discharge']
"[[array(['2022-09-17,12:37:42'], dtype='<U19')]
 [array(['2022-09-17,12:37:43'], dtype='<U19')]
 [array(['2022-09-17,12:37:44'], dtype='<U19')]
 ...
 [array(['2022-09-17,14:36:22'], dtype='<U19')]
 [array(['2022-09-17,14:36:22'], dtype='<U19')]
 [array(['2022-09-17,14:36:22'], dtype='<U19')]]","[[0.   ]
 [0.017]
 [0.034]
 ...
 [4.993]
 [5.   ]
 [5.   ]]","[[3.4839]
 [3.5024]
 [3.5115]
 ...
 [3.3231]
 [3.3231]
 [3.3231]]","[[3.9991]
 [3.9999]
 [3.9999]
 ...
 [0.    ]
 [0.    ]
 [0.    ]]","[[0.   ]
 [0.001]
 [0.002]
 ...
 [0.   ]
 [0.   ]
 [0.   ]]","[[0.   ]
 [0.004]
 [0.008]
 ...
 [0.   ]
 [0.   ]
 [0.   ]]","[[27.9]
 [27.9]
 [27.9]
 ...
 [27.9]
 [27.9]
 [27.9]]",['2C charge and 1C discharge']
"[[array(['2022-09-17,14:36:23'], dtype='<U19')]
 [array(['2022-09-17,14:36:24'], dtype='<U19')]
 [array(['2022-09-17,14:36:26'], dtype='<U19')]
 ...
 [array(['2022-09-17,16:35:21'], dtype='<U19')]
 [array(['2022-09-17,16:35:21'], dtype='<U19')]
 [array(['2022-09-17,16:35:21'], dtype='<U19')]]","[[0.   ]
 [0.017]
 [0.034]
 ...
 [4.997]
 [5.001]
 [5.001]]","[[3.4795]
 [3.4973]
 [3.5069]
 ...
 [3.3338]
 [3.3338]
 [3.3338]]","[[3.9991]
 [3.9999]
 [3.9999]
 ...
 [0.    ]
 [0.    ]
 [0.    ]]","[[0.   ]
 [0.001]
 [0.002]
 ...
 [0.   ]
 [0.   ]
 [0.   ]]","[[0.   ]
 [0.004]
 [0.008]
 ...
 [0.   ]
 [0.   ]
 [0.   ]]","[[27.9]
 [27.9]
 [27.9]
 ...
 [26.9]
 [26.9]
 [26.9]]",['2C charge and 1C discharge']
"[[array(['2022-09-17,16:35:22'], dtype='<U19')]
 [array(['2022-09-17,16:35:23'], dtype='<U19')]
 [array(['2022-09-17,16:35:24'], dtype='<U19')]
 ...
 [array(['2022-09-17,18:34:47'], dtype='<U19')]
 [array(['2022-09-17,18:34:47'], dtype='<U19')]
 [array(['2022-09-17,18:34:48'], dtype='<U19')]]","[[0.   ]
 [0.017]
 [0.034]
 ...
 [4.988]
 [5.001]
 [5.001]]","[[3.4952]
 [3.5122]
 [3.5216]
 ...
 [3.3166]
 [3.3169]
 [3.3169]]","[[3.9991]
 [3.9999]
 [3.9999]
 ...
 [0.    ]
 [0.    ]
 [0.    ]]","[[0.   ]
 [0.001]
 [0.002]
 ...
 [0.   ]
 [0.   ]
 [0.   ]]","[[0.   ]
 [0.004]
 [0.008]
 ...
 [0.   ]
 [0.   ]
 [0.   ]]","[[26.9]
 [26.9]
 [26.8]
 ...
 [27.7]
 [27.7]
 [27.7]]",['2C charge and 1C discharge']
"[[array(['2022-09-17,18:34:49'], dtype='<U19')]
 [array(['2022-09-17,18:34:50'], dtype='<U19')]
 [array(['2022-09-17,18:34:51'], dtype='<U19')]
 ...
 [array(['2022-09-17,20:33:32'], dtype='<U19')]
 [array(['2022-09-17,20:33:33'], dtype='<U19')]
 [array(['2022-09-17,20:33:33'], dtype='<U19')]]","[[0.   ]
 [0.017]
 [0.034]
 ...
 [4.989]
 [5.   ]
 [5.   ]]","[[3.4741]
 [3.4924]
 [3.5019]
 ...
 [3.3117]
 [3.3119]
 [3.3117]]","[[3.9985]
 [3.9999]
 [3.9999]
 ...
 [0.    ]
 [0.    ]
 [0.    ]]","[[0.   ]
 [0.001]
 [0.002]
 ...
 [0.   ]
 [0.   ]
 [0.   ]]","[[0.   ]
 [0.004]
 [0.008]
 ...
 [0.   ]
 [0.   ]
 [0.   ]]","[[27.7]
 [27.7]
 [27.7]
 ...
 [27.7]
 [27.7]
 [27.7]]",['2C charge and 1C discharge']
"[[array(['2022-09-17,20:33:34'], dtype='<U19')]
 [array(['2022-09-17,20:33:35'], dtype='<U19')]
 [array(['2022-09-17,20:33:36'], dtype='<U19')]
 ...
 [array(['2022-09-17,22:32:19'], dtype='<U19')]
 [array(['2022-09-17,22:32:20'], dtype='<U19')]
 [array(['2022-09-17,22:32:20'], dtype='<U19')]]","[[0.   ]
 [0.017]
 [0.034]
 ...
 [4.992]
 [5.001]
 [5.001]]","[[3.4703]
 [3.4879]
 [3.4976]
 ...
 [3.3074]
 [3.3074]
 [3.3074]]","[[3.9991]
 [3.9999]
 [3.9999]
 ...
 [0.    ]
 [0.    ]
 [0.    ]]","[[0.   ]
 [0.001]
 [0.002]
 ...
 [0.   ]
 [0.   ]
 [0.   ]]","[[0.   ]
 [0.004]
 [0.008]
 ...
 [0.   ]
 [0.   ]
 [0.   ]]","[[27.7]
 [27.7]
 [27.7]
 ...
 [27.7]
 [27.7]
 [27.7]]",['2C charge and 1C discharge']
"[[array(['2022-09-17,22:32:21'], dtype='<U19')]
 [array(['2022-09-17,22:32:22'], dtype='<U19')]
 [array(['2022-09-17,22:32:23'], dtype='<U19')]
 ...
 [array(['2022-09-18,00:31:03'], dtype='<U19')]
 [array(['2022-09-18,00:31:04'], dtype='<U19')]
 [array(['2022-09-18,00:31:04'], dtype='<U19')]]","[[0.   ]
 [0.017]
 [0.034]
 ...
 [4.992]
 [5.001]
 [5.001]]","[[3.4676]
 [3.4838]
 [3.4933]
 ...
 [3.3026]
 [3.3026]
 [3.3026]]","[[3.9991]
 [3.9999]
 [3.9999]
 ...
 [0.    ]
 [0.    ]
 [0.    ]]","[[0.   ]
 [0.001]
 [0.002]
 ...
 [0.   ]
 [0.   ]
 [0.   ]]","[[0.   ]
 [0.004]
 [0.008]
 ...
 [0.   ]
 [0.   ]
 [0.   ]]","[[27.7]
 [27.7]
 [27.7]
 ...
 [27.7]
 [27.7]
 [27.7]]",['2C charge and 1C discharge']
"[[array(['2022-09-18,00:31:05'], dtype='<U19')]
 [array(['2022-09-18,00:31:06'], dtype='<U19')]
 [array(['2022-09-18,00:31:07'], dtype='<U19')]
 ...
 [array(['2022-09-18,02:29:46'], dtype='<U19')]
 [array(['2022-09-18,02:29:46'], dtype='<U19')]
 [array(['2022-09-18,02:29:46'], dtype='<U19')]]","[[0.   ]
 [0.017]
 [0.034]
 ...
 [4.996]
 [5.001]
 [5.001]]","[[3.4595]
 [3.4787]
 [3.4886]
 ...
 [3.2986]
 [3.2986]
 [3.2986]]","[[3.9991]
 [3.9999]
 [3.9999]
 ...
 [0.    ]
 [0.    ]
 [0.    ]]","[[0.   ]
 [0.001]
 [0.002]
 ...
 [0.   ]
 [0.   ]
 [0.   ]]","[[0.   ]
 [0.004]
 [0.008]
 ...
 [0.   ]
 [0.   ]
 [0.   ]]","[[27.7]
 [27.7]
 [27.7]
 ...
 [27.7]
 [27.7]
 [27.7]]",['2C charge and 1C discharge']
"[[array(['2022-09-18,02:29:47'], dtype='<U19')]
 [array(['2022-09-18,02:29:48'], dtype='<U19')]
 [array(['2022-09-18,02:29:49'], dtype='<U19')]
 ...
 [array(['2022-09-18,04:28:26'], dtype='<U19')]
 [array(['2022-09-18,04:28:27'], dtype='<U19')]
 [array(['2022-09-18,04:28:27'], dtype='<U19')]]","[[0.   ]
 [0.017]
 [0.035]
 ...
 [4.987]
 [5.001]
 [5.001]]","[[3.4556]
 [3.4744]
 [3.4853]
 ...
 [3.2948]
 [3.2949]
 [3.2949]]","[[3.9985]
 [3.9999]
 [3.9999]
 ...
 [0.    ]
 [0.    ]
 [0.    ]]","[[0.   ]
 [0.001]
 [0.002]
 ...
 [0.   ]
 [0.   ]
 [0.   ]]","[[0.   ]
 [0.004]
 [0.008]
 ...
 [0.   ]
 [0.   ]
 [0.   ]]","[[27.6]
 [27.6]
 [27.7]
 ...
 [27.7]
 [27.7]
 [27.7]]",['2C charge and 1C discharge']
"[[array(['2022-09-18,04:28:28'], dtype='<U19')]
 [array(['2022-09-18,04:28:29'], dtype='<U19')]
 [array(['2022-09-18,04:28:30'], dtype='<U19')]
 ...
 [array(['2022-09-18,06:27:04'], dtype='<U19')]
 [array(['2022-09-18,06:27:04'], dtype='<U19')]
 [array(['2022-09-18,06:27:04'], dtype='<U19')]]","[[0.   ]
 [0.017]
 [0.034]
 ...
 [4.994]
 [5.001]
 [5.001]]","[[3.4538]
 [3.4721]
 [3.4818]
 ...
 [3.2917]
 [3.292 ]
 [3.292 ]]","[[3.9991]
 [3.9999]
 [3.9999]
 ...
 [0.    ]
 [0.    ]
 [0.    ]]","[[0.   ]
 [0.001]
 [0.002]
 ...
 [0.   ]
 [0.   ]
 [0.   ]]","[[0.   ]
 [0.004]
 [0.008]
 ...
 [0.   ]
 [0.   ]
 [0.   ]]","[[27.7]
 [27.7]
 [27.7]
 ...
 [27.7]
 [27.7]
 [27.7]]",['2C charge and 1C discharge']
"[[array(['2022-09-18,06:27:05'], dtype='<U19')]
 [array(['2022-09-18,06:27:06'], dtype='<U19')]
 [array(['2022-09-18,06:27:07'], dtype='<U19')]
 ...
 [array(['2022-09-18,08:25:39'], dtype='<U19')]
 [array(['2022-09-18,08:25:40'], dtype='<U19')]
 [array(['2022-09-18,08:25:40'], dtype='<U19')]]","[[0.   ]
 [0.017]
 [0.034]
 ...
 [4.998]
 [5.001]
 [5.001]]","[[3.4501]
 [3.469 ]
 [3.4787]
 ...
 [3.2889]
 [3.2889]
 [3.2889]]","[[3.9991]
 [3.9999]
 [3.9999]
 ...
 [0.    ]
 [0.    ]
 [0.    ]]","[[0.   ]
 [0.001]
 [0.002]
 ...
 [0.   ]
 [0.   ]
 [0.   ]]","[[0.   ]
 [0.004]
 [0.008]
 ...
 [0.   ]
 [0.   ]
 [0.   ]]","[[27.7]
 [27.7]
 [27.7]
 ...
 [27.6]
 [27.6]
 [27.6]]",['2C charge and 1C discharge']
"[[array(['2022-09-18,08:25:41'], dtype='<U19')]
 [array(['2022-09-18,08:25:42'], dtype='<U19')]
 [array(['2022-09-18,08:25:43'], dtype='<U19')]
 ...
 [array(['2022-09-18,10:24:13'], dtype='<U19')]
 [array(['2022-09-18,10:24:14'], dtype='<U19')]
 [array(['2022-09-18,10:24:14'], dtype='<U19')]]","[[0.   ]
 [0.017]
 [0.034]
 ...
 [4.993]
 [5.001]
 [5.001]]","[[3.4478]
 [3.4667]
 [3.4769]
 ...
 [3.2859]
 [3.2859]
 [3.2859]]","[[3.9985]
 [3.9999]
 [3.9999]
 ...
 [0.    ]
 [0.    ]
 [0.    ]]","[[0.   ]
 [0.001]
 [0.002]
 ...
 [0.   ]
 [0.   ]
 [0.   ]]","[[0.   ]
 [0.004]
 [0.008]
 ...
 [0.   ]
 [0.   ]
 [0.   ]]","[[27.6]
 [27.6]
 [27.6]
 ...
 [27.7]
 [27.7]
 [27.7]]",['2C charge and 1C discharge']
"[[array(['2022-09-18,10:24:15'], dtype='<U19')]
 [array(['2022-09-18,10:24:16'], dtype='<U19')]
 [array(['2022-09-18,10:24:17'], dtype='<U19')]
 ...
 [array(['2022-09-18,12:25:16'], dtype='<U19')]
 [array(['2022-09-18,12:25:17'], dtype='<U19')]
 [array(['2022-09-18,12:25:17'], dtype='<U19')]]","[[0.   ]
 [0.017]
 [0.035]
 ...
 [4.995]
 [5.   ]
 [5.   ]]","[[3.4444]
 [3.4635]
 [3.4736]
 ...
 [3.284 ]
 [3.284 ]
 [3.284 ]]","[[3.9991]
 [3.9999]
 [4.    ]
 ...
 [0.    ]
 [0.    ]
 [0.    ]]","[[0.   ]
 [0.001]
 [0.002]
 ...
 [0.   ]
 [0.   ]
 [0.   ]]","[[0.   ]
 [0.004]
 [0.008]
 ...
 [0.   ]
 [0.   ]
 [0.   ]]","[[27.7]
 [27.7]
 [27.6]
 ...
 [27.6]
 [27.6]
 [27.6]]",['2C charge and 1C discharge']
"[[array(['2022-09-18,12:25:18'], dtype='<U19')]
 [array(['2022-09-18,12:25:19'], dtype='<U19')]
 [array(['2022-09-18,12:25:20'], dtype='<U19')]
 ...
 [array(['2022-09-18,14:23:48'], dtype='<U19')]
 [array(['2022-09-18,14:23:49'], dtype='<U19')]
 [array(['2022-09-18,14:23:49'], dtype='<U19')]]","[[0.   ]
 [0.017]
 [0.034]
 ...
 [4.993]
 [5.   ]
 [5.   ]]","[[3.4429]
 [3.4621]
 [3.4723]
 ...
 [3.2805]
 [3.2805]
 [3.2805]]","[[3.9991]
 [3.9999]
 [3.9999]
 ...
 [0.    ]
 [0.    ]
 [0.    ]]","[[0.   ]
 [0.001]
 [0.002]
 ...
 [0.   ]
 [0.   ]
 [0.   ]]","[[0.   ]
 [0.004]
 [0.008]
 ...
 [0.   ]
 [0.   ]
 [0.   ]]","[[27.6]
 [27.6]
 [27.6]
 ...
 [27.7]
 [27.7]
 [27.6]]",['2C charge and 1C discharge']
"[[array(['2022-09-18,14:23:50'], dtype='<U19')]
 [array(['2022-09-18,14:23:51'], dtype='<U19')]
 [array(['2022-09-18,14:23:52'], dtype='<U19')]
 ...
 [array(['2022-09-18,16:22:18'], dtype='<U19')]
 [array(['2022-09-18,16:22:19'], dtype='<U19')]
 [array(['2022-09-18,16:22:19'], dtype='<U19')]]","[[0.   ]
 [0.017]
 [0.034]
 ...
 [4.993]
 [5.001]
 [5.001]]","[[3.4383]
 [3.4586]
 [3.4689]
 ...
 [3.2769]
 [3.2771]
 [3.2769]]","[[3.9985]
 [3.9999]
 [3.9999]
 ...
 [0.    ]
 [0.    ]
 [0.    ]]","[[0.   ]
 [0.001]
 [0.002]
 ...
 [0.   ]
 [0.   ]
 [0.   ]]","[[0.   ]
 [0.004]
 [0.008]
 ...
 [0.   ]
 [0.   ]
 [0.   ]]","[[27.7]
 [27.7]
 [27.6]
 ...
 [27.7]
 [27.6]
 [27.6]]",['2C charge and 1C discharge']
"[[array(['2022-09-18,16:22:20'], dtype='<U19')]
 [array(['2022-09-18,16:22:21'], dtype='<U19')]
 [array(['2022-09-18,16:22:22'], dtype='<U19')]
 ...
 [array(['2022-09-18,18:20:53'], dtype='<U19')]
 [array(['2022-09-18,18:20:54'], dtype='<U19')]
 [array(['2022-09-18,18:20:54'], dtype='<U19')]]","[[0.   ]
 [0.017]
 [0.034]
 ...
 [4.995]
 [5.   ]
 [5.   ]]","[[3.4357]
 [3.4555]
 [3.4656]
 ...
 [3.2746]
 [3.2746]
 [3.2746]]","[[3.9991]
 [3.9999]
 [3.9999]
 ...
 [0.    ]
 [0.    ]
 [0.    ]]","[[0.   ]
 [0.001]
 [0.002]
 ...
 [0.   ]
 [0.   ]
 [0.   ]]","[[0.   ]
 [0.004]
 [0.008]
 ...
 [0.   ]
 [0.   ]
 [0.   ]]","[[27.6]
 [27.6]
 [27.6]
 ...
 [27.7]
 [27.7]
 [27.7]]",['2C charge and 1C discharge']
"[[array(['2022-09-18,18:20:55'], dtype='<U19')]
 [array(['2022-09-18,18:20:56'], dtype='<U19')]
 [array(['2022-09-18,18:20:57'], dtype='<U19')]
 ...
 [array(['2022-09-18,20:19:25'], dtype='<U19')]
 [array(['2022-09-18,20:19:25'], dtype='<U19')]
 [array(['2022-09-18,20:19:26'], dtype='<U19')]]","[[0.   ]
 [0.017]
 [0.034]
 ...
 [4.996]
 [5.   ]
 [5.   ]]","[[3.4327]
 [3.4527]
 [3.4633]
 ...
 [3.2733]
 [3.2734]
 [3.2734]]","[[3.9985]
 [3.9999]
 [4.    ]
 ...
 [0.    ]
 [0.    ]
 [0.    ]]","[[0.   ]
 [0.001]
 [0.002]
 ...
 [0.   ]
 [0.   ]
 [0.   ]]","[[0.   ]
 [0.004]
 [0.008]
 ...
 [0.   ]
 [0.   ]
 [0.   ]]","[[27.7]
 [27.7]
 [27.7]
 ...
 [27.7]
 [27.7]
 [27.7]]",['2C charge and 1C discharge']
"[[array(['2022-09-18,20:19:27'], dtype='<U19')]
 [array(['2022-09-18,20:19:28'], dtype='<U19')]
 [array(['2022-09-18,20:19:29'], dtype='<U19')]
 ...
 [array(['2022-09-18,22:17:59'], dtype='<U19')]
 [array(['2022-09-18,22:17:59'], dtype='<U19')]
 [array(['2022-09-18,22:17:59'], dtype='<U19')]]","[[0.   ]
 [0.017]
 [0.034]
 ...
 [4.991]
 [5.001]
 [5.001]]","[[3.4326]
 [3.4521]
 [3.4621]
 ...
 [3.2709]
 [3.2711]
 [3.2709]]","[[3.9991]
 [3.9999]
 [3.9999]
 ...
 [0.    ]
 [0.    ]
 [0.    ]]","[[0.   ]
 [0.001]
 [0.002]
 ...
 [0.   ]
 [0.   ]
 [0.   ]]","[[0.   ]
 [0.004]
 [0.008]
 ...
 [0.   ]
 [0.   ]
 [0.   ]]","[[27.6]
 [27.7]
 [27.6]
 ...
 [27.7]
 [27.7]
 [27.7]]",['2C charge and 1C discharge']
"[[array(['2022-09-18,22:18:00'], dtype='<U19')]
 [array(['2022-09-18,22:18:01'], dtype='<U19')]
 [array(['2022-09-18,22:18:02'], dtype='<U19')]
 ...
 [array(['2022-09-19,00:16:36'], dtype='<U19')]
 [array(['2022-09-19,00:16:36'], dtype='<U19')]
 [array(['2022-09-19,00:16:37'], dtype='<U19')]]","[[0.   ]
 [0.017]
 [0.034]
 ...
 [4.991]
 [5.   ]
 [5.   ]]","[[3.4303]
 [3.4493]
 [3.4601]
 ...
 [3.2691]
 [3.2691]
 [3.2691]]","[[3.9991]
 [3.9999]
 [3.9999]
 ...
 [0.    ]
 [0.    ]
 [0.    ]]","[[0.   ]
 [0.001]
 [0.002]
 ...
 [0.   ]
 [0.   ]
 [0.   ]]","[[0.   ]
 [0.004]
 [0.008]
 ...
 [0.   ]
 [0.   ]
 [0.   ]]","[[27.6]
 [27.7]
 [27.6]
 ...
 [27.7]
 [27.7]
 [27.7]]",['2C charge and 1C discharge']
"[[array(['2022-09-19,00:16:38'], dtype='<U19')]
 [array(['2022-09-19,00:16:39'], dtype='<U19')]
 [array(['2022-09-19,00:16:40'], dtype='<U19')]
 ...
 [array(['2022-09-19,02:15:11'], dtype='<U19')]
 [array(['2022-09-19,02:15:11'], dtype='<U19')]
 [array(['2022-09-19,02:15:12'], dtype='<U19')]]","[[0.   ]
 [0.017]
 [0.034]
 ...
 [4.993]
 [5.   ]
 [5.   ]]","[[3.4277]
 [3.4477]
 [3.4583]
 ...
 [3.2677]
 [3.2677]
 [3.2677]]","[[3.9991]
 [3.9999]
 [3.9999]
 ...
 [0.    ]
 [0.    ]
 [0.    ]]","[[0.   ]
 [0.001]
 [0.002]
 ...
 [0.   ]
 [0.   ]
 [0.   ]]","[[0.   ]
 [0.004]
 [0.008]
 ...
 [0.   ]
 [0.   ]
 [0.   ]]","[[27.7]
 [27.7]
 [27.7]
 ...
 [27.6]
 [27.6]
 [27.6]]",['2C charge and 1C discharge']
"[[array(['2022-09-19,02:15:13'], dtype='<U19')]
 [array(['2022-09-19,02:15:14'], dtype='<U19')]
 [array(['2022-09-19,02:15:15'], dtype='<U19')]
 ...
 [array(['2022-09-19,04:13:41'], dtype='<U19')]
 [array(['2022-09-19,04:13:42'], dtype='<U19')]
 [array(['2022-09-19,04:13:42'], dtype='<U19')]]","[[0.   ]
 [0.017]
 [0.034]
 ...
 [4.995]
 [5.   ]
 [5.   ]]","[[3.426 ]
 [3.447 ]
 [3.4575]
 ...
 [3.2673]
 [3.2673]
 [3.2674]]","[[3.9985]
 [3.9999]
 [3.9999]
 ...
 [0.    ]
 [0.    ]
 [0.    ]]","[[0.   ]
 [0.001]
 [0.002]
 ...
 [0.   ]
 [0.   ]
 [0.   ]]","[[0.   ]
 [0.004]
 [0.008]
 ...
 [0.   ]
 [0.   ]
 [0.   ]]","[[27.7]
 [27.6]
 [27.6]
 ...
 [27.6]
 [27.6]
 [27.6]]",['2C charge and 1C discharge']
"[[array(['2022-09-19,04:13:43'], dtype='<U19')]
 [array(['2022-09-19,04:13:44'], dtype='<U19')]
 [array(['2022-09-19,04:13:45'], dtype='<U19')]
 ...
 [array(['2022-09-19,06:12:20'], dtype='<U19')]
 [array(['2022-09-19,06:12:20'], dtype='<U19')]
 [array(['2022-09-19,06:12:20'], dtype='<U19')]]","[[0.   ]
 [0.017]
 [0.034]
 ...
 [4.993]
 [5.   ]
 [5.   ]]","[[3.4263]
 [3.4466]
 [3.4573]
 ...
 [3.2674]
 [3.2674]
 [3.2674]]","[[3.9985]
 [3.9999]
 [3.9999]
 ...
 [0.    ]
 [0.    ]
 [0.    ]]","[[0.   ]
 [0.001]
 [0.002]
 ...
 [0.   ]
 [0.   ]
 [0.   ]]","[[0.   ]
 [0.004]
 [0.008]
 ...
 [0.   ]
 [0.   ]
 [0.   ]]","[[27.6]
 [27.6]
 [27.6]
 ...
 [27.5]
 [27.5]
 [27.5]]",['2C charge and 1C discharge']
"[[array(['2022-09-19,06:12:21'], dtype='<U19')]
 [array(['2022-09-19,06:12:22'], dtype='<U19')]
 [array(['2022-09-19,06:12:23'], dtype='<U19')]
 ...
 [array(['2022-09-19,08:10:56'], dtype='<U19')]
 [array(['2022-09-19,08:10:56'], dtype='<U19')]
 [array(['2022-09-19,08:10:56'], dtype='<U19')]]","[[0.   ]
 [0.017]
 [0.034]
 ...
 [4.996]
 [5.   ]
 [5.   ]]","[[3.4267]
 [3.447 ]
 [3.4578]
 ...
 [3.2668]
 [3.2669]
 [3.2668]]","[[3.9991]
 [3.9999]
 [3.9999]
 ...
 [0.    ]
 [0.    ]
 [0.    ]]","[[0.   ]
 [0.001]
 [0.002]
 ...
 [0.   ]
 [0.   ]
 [0.   ]]","[[0.   ]
 [0.004]
 [0.008]
 ...
 [0.   ]
 [0.   ]
 [0.   ]]","[[27.5]
 [27.5]
 [27.5]
 ...
 [27.5]
 [27.5]
 [27.5]]",['2C charge and 1C discharge']
"[[array(['2022-09-19,08:10:57'], dtype='<U19')]
 [array(['2022-09-19,08:10:58'], dtype='<U19')]
 [array(['2022-09-19,08:10:59'], dtype='<U19')]
 ...
 [array(['2022-09-19,10:09:36'], dtype='<U19')]
 [array(['2022-09-19,10:09:36'], dtype='<U19')]
 [array(['2022-09-19,10:09:36'], dtype='<U19')]]","[[0.   ]
 [0.017]
 [0.034]
 ...
 [4.997]
 [5.   ]
 [5.   ]]","[[3.4258]
 [3.447 ]
 [3.4578]
 ...
 [3.2646]
 [3.2646]
 [3.2646]]","[[3.9985]
 [3.9999]
 [4.    ]
 ...
 [0.    ]
 [0.    ]
 [0.    ]]","[[0.   ]
 [0.001]
 [0.002]
 ...
 [0.   ]
 [0.   ]
 [0.   ]]","[[0.   ]
 [0.004]
 [0.008]
 ...
 [0.   ]
 [0.   ]
 [0.   ]]","[[27.5]
 [27.5]
 [27.5]
 ...
 [27.5]
 [27.5]
 [27.5]]",['2C charge and 1C discharge']
"[[array(['2022-09-19,10:09:37'], dtype='<U19')]
 [array(['2022-09-19,10:09:38'], dtype='<U19')]
 [array(['2022-09-19,10:09:39'], dtype='<U19')]
 ...
 [array(['2022-09-19,12:08:14'], dtype='<U19')]
 [array(['2022-09-19,12:08:14'], dtype='<U19')]
 [array(['2022-09-19,12:08:14'], dtype='<U19')]]","[[0.   ]
 [0.017]
 [0.034]
 ...
 [4.995]
 [5.   ]
 [5.   ]]","[[3.4246]
 [3.4449]
 [3.4555]
 ...
 [3.2625]
 [3.2625]
 [3.2625]]","[[3.9991]
 [3.9999]
 [3.9999]
 ...
 [0.    ]
 [0.    ]
 [0.    ]]","[[0.   ]
 [0.001]
 [0.002]
 ...
 [0.   ]
 [0.   ]
 [0.   ]]","[[0.   ]
 [0.004]
 [0.008]
 ...
 [0.   ]
 [0.   ]
 [0.   ]]","[[27.5]
 [27.5]
 [27.5]
 ...
 [27.6]
 [27.6]
 [27.6]]",['2C charge and 1C discharge']
"[[array(['2022-09-19,12:08:15'], dtype='<U19')]
 [array(['2022-09-19,12:08:16'], dtype='<U19')]
 [array(['2022-09-19,12:08:17'], dtype='<U19')]
 ...
 [array(['2022-09-19,14:06:54'], dtype='<U19')]
 [array(['2022-09-19,14:06:54'], dtype='<U19')]
 [array(['2022-09-19,14:06:54'], dtype='<U19')]]","[[0.   ]
 [0.017]
 [0.034]
 ...
 [4.995]
 [5.   ]
 [5.   ]]","[[3.4215]
 [3.4423]
 [3.4532]
 ...
 [3.2628]
 [3.2628]
 [3.2628]]","[[3.9985]
 [3.9999]
 [3.9999]
 ...
 [0.    ]
 [0.    ]
 [0.    ]]","[[0.   ]
 [0.001]
 [0.002]
 ...
 [0.   ]
 [0.   ]
 [0.   ]]","[[0.   ]
 [0.004]
 [0.008]
 ...
 [0.   ]
 [0.   ]
 [0.   ]]","[[27.5]
 [27.5]
 [27.5]
 ...
 [27.5]
 [27.5]
 [27.5]]",['2C charge and 1C discharge']
"[[array(['2022-09-19,14:06:55'], dtype='<U19')]
 [array(['2022-09-19,14:06:56'], dtype='<U19')]
 [array(['2022-09-19,14:06:57'], dtype='<U19')]
 ...
 [array(['2022-09-19,16:05:35'], dtype='<U19')]
 [array(['2022-09-19,16:05:36'], dtype='<U19')]
 [array(['2022-09-19,16:05:36'], dtype='<U19')]]","[[0.   ]
 [0.017]
 [0.034]
 ...
 [4.996]
 [5.   ]
 [5.   ]]","[[3.4226]
 [3.4437]
 [3.4544]
 ...
 [3.2609]
 [3.2609]
 [3.2609]]","[[3.9991]
 [3.9999]
 [3.9999]
 ...
 [0.    ]
 [0.    ]
 [0.    ]]","[[0.   ]
 [0.001]
 [0.002]
 ...
 [0.   ]
 [0.   ]
 [0.   ]]","[[0.   ]
 [0.004]
 [0.008]
 ...
 [0.   ]
 [0.   ]
 [0.   ]]","[[27.5]
 [27.5]
 [27.5]
 ...
 [27.5]
 [27.5]
 [27.5]]",['2C charge and 1C discharge']
"[[array(['2022-09-19,16:05:37'], dtype='<U19')]
 [array(['2022-09-19,16:05:38'], dtype='<U19')]
 [array(['2022-09-19,16:05:39'], dtype='<U19')]
 ...
 [array(['2022-09-19,18:04:28'], dtype='<U19')]
 [array(['2022-09-19,18:04:29'], dtype='<U19')]
 [array(['2022-09-19,18:04:29'], dtype='<U19')]]","[[0.   ]
 [0.017]
 [0.035]
 ...
 [4.996]
 [5.   ]
 [5.   ]]","[[3.4209]
 [3.4415]
 [3.4529]
 ...
 [3.2588]
 [3.2588]
 [3.2588]]","[[3.9991]
 [3.9999]
 [4.    ]
 ...
 [0.    ]
 [0.    ]
 [0.    ]]","[[0.   ]
 [0.001]
 [0.002]
 ...
 [0.   ]
 [0.   ]
 [0.   ]]","[[0.   ]
 [0.004]
 [0.008]
 ...
 [0.   ]
 [0.   ]
 [0.   ]]","[[27.5]
 [27.5]
 [27.5]
 ...
 [27.6]
 [27.6]
 [27.6]]",['2C charge and 1C discharge']
"[[array(['2022-09-19,18:04:30'], dtype='<U19')]
 [array(['2022-09-19,18:04:31'], dtype='<U19')]
 [array(['2022-09-19,18:04:32'], dtype='<U19')]
 ...
 [array(['2022-09-19,20:03:17'], dtype='<U19')]
 [array(['2022-09-19,20:03:17'], dtype='<U19')]
 [array(['2022-09-19,20:03:17'], dtype='<U19')]]","[[0.   ]
 [0.017]
 [0.034]
 ...
 [4.996]
 [5.   ]
 [5.   ]]","[[3.4183]
 [3.439 ]
 [3.4501]
 ...
 [3.258 ]
 [3.258 ]
 [3.258 ]]","[[3.9991]
 [3.9999]
 [3.9999]
 ...
 [0.    ]
 [0.    ]
 [0.    ]]","[[0.   ]
 [0.001]
 [0.002]
 ...
 [0.   ]
 [0.   ]
 [0.   ]]","[[0.   ]
 [0.004]
 [0.008]
 ...
 [0.   ]
 [0.   ]
 [0.   ]]","[[27.5]
 [27.6]
 [27.6]
 ...
 [27.5]
 [27.5]
 [27.5]]",['2C charge and 1C discharge']
"[[array(['2022-09-19,20:03:18'], dtype='<U19')]
 [array(['2022-09-19,20:03:19'], dtype='<U19')]
 [array(['2022-09-19,20:03:21'], dtype='<U19')]
 ...
 [array(['2022-09-19,22:02:11'], dtype='<U19')]
 [array(['2022-09-19,22:02:11'], dtype='<U19')]
 [array(['2022-09-19,22:02:11'], dtype='<U19')]]","[[0.   ]
 [0.017]
 [0.034]
 ...
 [4.994]
 [5.   ]
 [5.   ]]","[[3.4174]
 [3.439 ]
 [3.4501]
 ...
 [3.2574]
 [3.2574]
 [3.2574]]","[[3.9991]
 [3.9999]
 [3.9999]
 ...
 [0.    ]
 [0.    ]
 [0.    ]]","[[0.   ]
 [0.001]
 [0.002]
 ...
 [0.   ]
 [0.   ]
 [0.   ]]","[[0.   ]
 [0.004]
 [0.008]
 ...
 [0.   ]
 [0.   ]
 [0.   ]]","[[27.5]
 [27.5]
 [27.5]
 ...
 [27.5]
 [27.5]
 [27.5]]",['2C charge and 1C discharge']
"[[array(['2022-09-19,22:02:12'], dtype='<U19')]
 [array(['2022-09-19,22:02:13'], dtype='<U19')]
 [array(['2022-09-19,22:02:14'], dtype='<U19')]
 ...
 [array(['2022-09-20,00:00:58'], dtype='<U19')]
 [array(['2022-09-20,00:00:58'], dtype='<U19')]
 [array(['2022-09-20,00:00:59'], dtype='<U19')]]","[[0.   ]
 [0.017]
 [0.034]
 ...
 [4.992]
 [5.   ]
 [5.   ]]","[[3.4177]
 [3.4384]
 [3.4493]
 ...
 [3.2577]
 [3.2577]
 [3.2579]]","[[3.9991]
 [3.9999]
 [4.    ]
 ...
 [0.    ]
 [0.    ]
 [0.    ]]","[[0.   ]
 [0.001]
 [0.002]
 ...
 [0.   ]
 [0.   ]
 [0.   ]]","[[0.   ]
 [0.004]
 [0.008]
 ...
 [0.   ]
 [0.   ]
 [0.   ]]","[[27.5]
 [27.5]
 [27.5]
 ...
 [27.5]
 [27.5]
 [27.5]]",['2C charge and 1C discharge']
"[[array(['2022-09-20,00:01:00'], dtype='<U19')]
 [array(['2022-09-20,00:01:01'], dtype='<U19')]
 [array(['2022-09-20,00:01:02'], dtype='<U19')]
 ...
 [array(['2022-09-20,01:59:51'], dtype='<U19')]
 [array(['2022-09-20,01:59:51'], dtype='<U19')]
 [array(['2022-09-20,01:59:52'], dtype='<U19')]]","[[0.   ]
 [0.017]
 [0.034]
 ...
 [4.993]
 [5.   ]
 [5.   ]]","[[3.4183]
 [3.439 ]
 [3.4503]
 ...
 [3.2562]
 [3.2563]
 [3.2563]]","[[3.9991]
 [3.9999]
 [3.9999]
 ...
 [0.    ]
 [0.    ]
 [0.    ]]","[[0.   ]
 [0.001]
 [0.002]
 ...
 [0.   ]
 [0.   ]
 [0.   ]]","[[0.   ]
 [0.004]
 [0.008]
 ...
 [0.   ]
 [0.   ]
 [0.   ]]","[[27.5]
 [27.5]
 [27.4]
 ...
 [27.5]
 [27.5]
 [27.5]]",['2C charge and 1C discharge']
"[[array(['2022-09-20,01:59:53'], dtype='<U19')]
 [array(['2022-09-20,01:59:54'], dtype='<U19')]
 [array(['2022-09-20,01:59:55'], dtype='<U19')]
 ...
 [array(['2022-09-20,03:58:47'], dtype='<U19')]
 [array(['2022-09-20,03:58:47'], dtype='<U19')]
 [array(['2022-09-20,03:58:47'], dtype='<U19')]]","[[0.   ]
 [0.017]
 [0.034]
 ...
 [4.996]
 [5.001]
 [5.001]]","[[3.4169]
 [3.438 ]
 [3.4489]
 ...
 [3.2545]
 [3.2545]
 [3.2545]]","[[3.9991]
 [3.9999]
 [3.9999]
 ...
 [0.    ]
 [0.    ]
 [0.    ]]","[[0.   ]
 [0.001]
 [0.002]
 ...
 [0.   ]
 [0.   ]
 [0.   ]]","[[0.   ]
 [0.004]
 [0.008]
 ...
 [0.   ]
 [0.   ]
 [0.   ]]","[[27.5]
 [27.5]
 [27.4]
 ...
 [27.5]
 [27.5]
 [27.5]]",['2C charge and 1C discharge']
"[[array(['2022-09-20,03:58:48'], dtype='<U19')]
 [array(['2022-09-20,03:58:49'], dtype='<U19')]
 [array(['2022-09-20,03:58:50'], dtype='<U19')]
 ...
 [array(['2022-09-20,05:57:42'], dtype='<U19')]
 [array(['2022-09-20,05:57:43'], dtype='<U19')]
 [array(['2022-09-20,05:57:43'], dtype='<U19')]]","[[0.   ]
 [0.017]
 [0.034]
 ...
 [4.993]
 [5.   ]
 [5.   ]]","[[3.4154]
 [3.4357]
 [3.4469]
 ...
 [3.2539]
 [3.2539]
 [3.2539]]","[[3.9991]
 [3.9999]
 [4.    ]
 ...
 [0.    ]
 [0.    ]
 [0.    ]]","[[0.   ]
 [0.001]
 [0.002]
 ...
 [0.   ]
 [0.   ]
 [0.   ]]","[[0.   ]
 [0.004]
 [0.008]
 ...
 [0.   ]
 [0.   ]
 [0.   ]]","[[27.5]
 [27.5]
 [27.5]
 ...
 [27.5]
 [27.5]
 [27.5]]",['2C charge and 1C discharge']
"[[array(['2022-09-20,05:57:44'], dtype='<U19')]
 [array(['2022-09-20,05:57:45'], dtype='<U19')]
 [array(['2022-09-20,05:57:46'], dtype='<U19')]
 ...
 [array(['2022-09-20,07:56:38'], dtype='<U19')]
 [array(['2022-09-20,07:56:38'], dtype='<U19')]
 [array(['2022-09-20,07:56:38'], dtype='<U19')]]","[[0.   ]
 [0.017]
 [0.034]
 ...
 [4.991]
 [5.   ]
 [5.   ]]","[[3.4149]
 [3.4357]
 [3.4469]
 ...
 [3.2537]
 [3.2537]
 [3.2537]]","[[3.9991]
 [3.9999]
 [4.    ]
 ...
 [0.    ]
 [0.    ]
 [0.    ]]","[[0.   ]
 [0.001]
 [0.002]
 ...
 [0.   ]
 [0.   ]
 [0.   ]]","[[0.   ]
 [0.004]
 [0.008]
 ...
 [0.   ]
 [0.   ]
 [0.   ]]","[[27.5]
 [27.5]
 [27.5]
 ...
 [27.4]
 [27.4]
 [27.4]]",['2C charge and 1C discharge']
"[[array(['2022-09-20,07:56:39'], dtype='<U19')]
 [array(['2022-09-20,07:56:40'], dtype='<U19')]
 [array(['2022-09-20,07:56:41'], dtype='<U19')]
 ...
 [array(['2022-09-20,09:55:27'], dtype='<U19')]
 [array(['2022-09-20,09:55:28'], dtype='<U19')]
 [array(['2022-09-20,09:55:28'], dtype='<U19')]]","[[0.   ]
 [0.017]
 [0.034]
 ...
 [4.993]
 [5.   ]
 [5.   ]]","[[3.4149]
 [3.436 ]
 [3.447 ]
 ...
 [3.2579]
 [3.258 ]
 [3.258 ]]","[[3.9991]
 [3.9999]
 [3.9999]
 ...
 [0.    ]
 [0.    ]
 [0.    ]]","[[0.   ]
 [0.001]
 [0.002]
 ...
 [0.   ]
 [0.   ]
 [0.   ]]","[[0.   ]
 [0.004]
 [0.008]
 ...
 [0.   ]
 [0.   ]
 [0.   ]]","[[27.4]
 [27.4]
 [27.4]
 ...
 [27.2]
 [27.2]
 [27.2]]",['2C charge and 1C discharge']
"[[array(['2022-09-20,09:55:29'], dtype='<U19')]
 [array(['2022-09-20,09:55:30'], dtype='<U19')]
 [array(['2022-09-20,09:55:31'], dtype='<U19')]
 ...
 [array(['2022-09-20,11:54:25'], dtype='<U19')]
 [array(['2022-09-20,11:54:26'], dtype='<U19')]
 [array(['2022-09-20,11:54:26'], dtype='<U19')]]","[[0.   ]
 [0.017]
 [0.034]
 ...
 [4.992]
 [5.   ]
 [5.   ]]","[[3.4189]
 [3.4406]
 [3.4506]
 ...
 [3.2551]
 [3.2551]
 [3.2553]]","[[3.9991]
 [3.9999]
 [4.    ]
 ...
 [0.    ]
 [0.    ]
 [0.    ]]","[[0.   ]
 [0.001]
 [0.002]
 ...
 [0.   ]
 [0.   ]
 [0.   ]]","[[0.   ]
 [0.004]
 [0.008]
 ...
 [0.   ]
 [0.   ]
 [0.   ]]","[[27.2]
 [27.2]
 [27.2]
 ...
 [27.2]
 [27.2]
 [27.2]]",['2C charge and 1C discharge']
"[[array(['2022-09-20,11:54:27'], dtype='<U19')]
 [array(['2022-09-20,11:54:28'], dtype='<U19')]
 [array(['2022-09-20,11:54:29'], dtype='<U19')]
 ...
 [array(['2022-09-20,13:53:24'], dtype='<U19')]
 [array(['2022-09-20,13:53:24'], dtype='<U19')]
 [array(['2022-09-20,13:53:25'], dtype='<U19')]]","[[0.   ]
 [0.017]
 [0.034]
 ...
 [4.99 ]
 [5.   ]
 [5.   ]]","[[3.4166]
 [3.4378]
 [3.449 ]
 ...
 [3.2539]
 [3.2539]
 [3.2539]]","[[3.9991]
 [3.9999]
 [3.9999]
 ...
 [0.    ]
 [0.    ]
 [0.    ]]","[[0.   ]
 [0.001]
 [0.002]
 ...
 [0.   ]
 [0.   ]
 [0.   ]]","[[0.   ]
 [0.004]
 [0.008]
 ...
 [0.   ]
 [0.   ]
 [0.   ]]","[[27.2]
 [27.2]
 [27.2]
 ...
 [27.2]
 [27.2]
 [27.2]]",['2C charge and 1C discharge']
"[[array(['2022-09-20,13:53:26'], dtype='<U19')]
 [array(['2022-09-20,13:53:27'], dtype='<U19')]
 [array(['2022-09-20,13:53:28'], dtype='<U19')]
 ...
 [array(['2022-09-20,15:52:17'], dtype='<U19')]
 [array(['2022-09-20,15:52:18'], dtype='<U19')]
 [array(['2022-09-20,15:52:18'], dtype='<U19')]]","[[0.   ]
 [0.017]
 [0.034]
 ...
 [4.994]
 [5.001]
 [5.001]]","[[3.4155]
 [3.4367]
 [3.4478]
 ...
 [3.2551]
 [3.2551]
 [3.2551]]","[[3.9991]
 [3.9999]
 [4.    ]
 ...
 [0.    ]
 [0.    ]
 [0.    ]]","[[0.   ]
 [0.001]
 [0.002]
 ...
 [0.   ]
 [0.   ]
 [0.   ]]","[[0.   ]
 [0.004]
 [0.008]
 ...
 [0.   ]
 [0.   ]
 [0.   ]]","[[27.3]
 [27.2]
 [27.2]
 ...
 [27.2]
 [27.2]
 [27.2]]",['2C charge and 1C discharge']
"[[array(['2022-09-20,15:52:19'], dtype='<U19')]
 [array(['2022-09-20,15:52:20'], dtype='<U19')]
 [array(['2022-09-20,15:52:21'], dtype='<U19')]
 ...
 [array(['2022-09-20,17:51:15'], dtype='<U19')]
 [array(['2022-09-20,17:51:16'], dtype='<U19')]
 [array(['2022-09-20,17:51:16'], dtype='<U19')]]","[[0.   ]
 [0.017]
 [0.035]
 ...
 [4.989]
 [5.001]
 [5.001]]","[[3.416 ]
 [3.4381]
 [3.4493]
 ...
 [3.2373]
 [3.2373]
 [3.2373]]","[[3.9991]
 [3.9999]
 [3.9999]
 ...
 [0.    ]
 [0.    ]
 [0.    ]]","[[0.   ]
 [0.001]
 [0.002]
 ...
 [0.   ]
 [0.   ]
 [0.   ]]","[[0.   ]
 [0.004]
 [0.008]
 ...
 [0.   ]
 [0.   ]
 [0.   ]]","[[27.2]
 [27.2]
 [27.2]
 ...
 [27.9]
 [27.9]
 [27.9]]",['2C charge and 1C discharge']
"[[array(['2022-09-20,17:51:17'], dtype='<U19')]
 [array(['2022-09-20,17:51:18'], dtype='<U19')]
 [array(['2022-09-20,17:51:19'], dtype='<U19')]
 ...
 [array(['2022-09-20,19:49:36'], dtype='<U19')]
 [array(['2022-09-20,19:49:37'], dtype='<U19')]
 [array(['2022-09-20,19:49:37'], dtype='<U19')]]","[[0.   ]
 [0.017]
 [0.034]
 ...
 [4.99 ]
 [5.   ]
 [5.   ]]","[[3.396 ]
 [3.418 ]
 [3.4297]
 ...
 [3.2456]
 [3.2456]
 [3.2459]]","[[3.9991]
 [3.9999]
 [3.9999]
 ...
 [0.    ]
 [0.    ]
 [0.    ]]","[[0.   ]
 [0.001]
 [0.002]
 ...
 [0.   ]
 [0.   ]
 [0.   ]]","[[0.   ]
 [0.004]
 [0.008]
 ...
 [0.   ]
 [0.   ]
 [0.   ]]","[[27.9]
 [27.9]
 [27.9]
 ...
 [27.5]
 [27.5]
 [27.5]]",['2C charge and 1C discharge']
"[[array(['2022-09-20,19:49:38'], dtype='<U19')]
 [array(['2022-09-20,19:49:39'], dtype='<U19')]
 [array(['2022-09-20,19:49:40'], dtype='<U19')]
 ...
 [array(['2022-09-20,21:48:22'], dtype='<U19')]
 [array(['2022-09-20,21:48:22'], dtype='<U19')]
 [array(['2022-09-20,21:48:23'], dtype='<U19')]]","[[0.   ]
 [0.017]
 [0.034]
 ...
 [4.991]
 [5.   ]
 [5.   ]]","[[3.4063]
 [3.4283]
 [3.4397]
 ...
 [3.2497]
 [3.2497]
 [3.2497]]","[[3.9991]
 [3.9999]
 [3.9999]
 ...
 [0.    ]
 [0.    ]
 [0.    ]]","[[0.   ]
 [0.001]
 [0.002]
 ...
 [0.   ]
 [0.   ]
 [0.   ]]","[[0.   ]
 [0.004]
 [0.008]
 ...
 [0.   ]
 [0.   ]
 [0.   ]]","[[27.5]
 [27.5]
 [27.5]
 ...
 [27.2]
 [27.2]
 [27.2]]",['2C charge and 1C discharge']
"[[array(['2022-09-20,21:48:24'], dtype='<U19')]
 [array(['2022-09-20,21:48:25'], dtype='<U19')]
 [array(['2022-09-20,21:48:26'], dtype='<U19')]
 ...
 [array(['2022-09-20,23:47:06'], dtype='<U19')]
 [array(['2022-09-20,23:47:07'], dtype='<U19')]
 [array(['2022-09-20,23:47:07'], dtype='<U19')]]","[[0.   ]
 [0.017]
 [0.034]
 ...
 [4.996]
 [5.001]
 [5.001]]","[[3.4117]
 [3.4332]
 [3.4438]
 ...
 [3.2497]
 [3.2497]
 [3.2497]]","[[3.9991]
 [3.9999]
 [3.9999]
 ...
 [0.    ]
 [0.    ]
 [0.    ]]","[[0.   ]
 [0.001]
 [0.002]
 ...
 [0.   ]
 [0.   ]
 [0.   ]]","[[0.   ]
 [0.004]
 [0.008]
 ...
 [0.   ]
 [0.   ]
 [0.   ]]","[[27.3]
 [27.2]
 [27.2]
 ...
 [27.2]
 [27.2]
 [27.2]]",['2C charge and 1C discharge']
"[[array(['2022-09-20,23:47:08'], dtype='<U19')]
 [array(['2022-09-20,23:47:09'], dtype='<U19')]
 [array(['2022-09-20,23:47:10'], dtype='<U19')]
 ...
 [array(['2022-09-21,01:45:55'], dtype='<U19')]
 [array(['2022-09-21,01:45:56'], dtype='<U19')]
 [array(['2022-09-21,01:45:56'], dtype='<U19')]]","[[0.   ]
 [0.017]
 [0.034]
 ...
 [4.992]
 [5.   ]
 [5.   ]]","[[3.4106]
 [3.4335]
 [3.4444]
 ...
 [3.2503]
 [3.2503]
 [3.2503]]","[[3.9991]
 [3.9999]
 [4.    ]
 ...
 [0.    ]
 [0.    ]
 [0.    ]]","[[0.   ]
 [0.001]
 [0.002]
 ...
 [0.   ]
 [0.   ]
 [0.   ]]","[[0.   ]
 [0.004]
 [0.008]
 ...
 [0.   ]
 [0.   ]
 [0.   ]]","[[27.2]
 [27.2]
 [27.2]
 ...
 [27.2]
 [27.1]
 [27.1]]",['2C charge and 1C discharge']
"[[array(['2022-09-21,01:45:57'], dtype='<U19')]
 [array(['2022-09-21,01:45:58'], dtype='<U19')]
 [array(['2022-09-21,01:45:59'], dtype='<U19')]
 ...
 [array(['2022-09-21,03:44:43'], dtype='<U19')]
 [array(['2022-09-21,03:44:43'], dtype='<U19')]
 [array(['2022-09-21,03:44:44'], dtype='<U19')]]","[[0.   ]
 [0.017]
 [0.034]
 ...
 [4.992]
 [5.   ]
 [5.   ]]","[[3.4123]
 [3.4343]
 [3.4453]
 ...
 [3.251 ]
 [3.251 ]
 [3.2513]]","[[3.9991]
 [3.9999]
 [3.9999]
 ...
 [0.    ]
 [0.    ]
 [0.    ]]","[[0.   ]
 [0.001]
 [0.002]
 ...
 [0.   ]
 [0.   ]
 [0.   ]]","[[0.   ]
 [0.004]
 [0.008]
 ...
 [0.   ]
 [0.   ]
 [0.   ]]","[[27.2]
 [27.1]
 [27.1]
 ...
 [27.1]
 [27.1]
 [27.1]]",['2C charge and 1C discharge']
"[[array(['2022-09-21,03:44:45'], dtype='<U19')]
 [array(['2022-09-21,03:44:46'], dtype='<U19')]
 [array(['2022-09-21,03:44:47'], dtype='<U19')]
 ...
 [array(['2022-09-21,05:43:35'], dtype='<U19')]
 [array(['2022-09-21,05:43:35'], dtype='<U19')]
 [array(['2022-09-21,05:43:35'], dtype='<U19')]]","[[0.   ]
 [0.017]
 [0.034]
 ...
 [4.99 ]
 [5.001]
 [5.001]]","[[3.4132]
 [3.4352]
 [3.4467]
 ...
 [3.2516]
 [3.2516]
 [3.2516]]","[[3.9991]
 [3.9999]
 [3.9999]
 ...
 [0.    ]
 [0.    ]
 [0.    ]]","[[0.   ]
 [0.001]
 [0.002]
 ...
 [0.   ]
 [0.   ]
 [0.   ]]","[[0.   ]
 [0.004]
 [0.008]
 ...
 [0.   ]
 [0.   ]
 [0.   ]]","[[27.1]
 [27.1]
 [27.1]
 ...
 [27.1]
 [27. ]
 [27. ]]",['2C charge and 1C discharge']
"[[array(['2022-09-21,05:43:36'], dtype='<U19')]
 [array(['2022-09-21,05:43:37'], dtype='<U19')]
 [array(['2022-09-21,05:43:38'], dtype='<U19')]
 ...
 [array(['2022-09-21,07:42:29'], dtype='<U19')]
 [array(['2022-09-21,07:42:30'], dtype='<U19')]
 [array(['2022-09-21,07:42:30'], dtype='<U19')]]","[[0.   ]
 [0.017]
 [0.035]
 ...
 [4.993]
 [5.   ]
 [5.   ]]","[[3.413 ]
 [3.4355]
 [3.4478]
 ...
 [3.2519]
 [3.2519]
 [3.252 ]]","[[3.9991]
 [3.9999]
 [4.    ]
 ...
 [0.    ]
 [0.    ]
 [0.    ]]","[[0.   ]
 [0.001]
 [0.002]
 ...
 [0.   ]
 [0.   ]
 [0.   ]]","[[0.   ]
 [0.004]
 [0.008]
 ...
 [0.   ]
 [0.   ]
 [0.   ]]","[[27.1]
 [27. ]
 [27. ]
 ...
 [27. ]
 [27. ]
 [27. ]]",['2C charge and 1C discharge']
"[[array(['2022-09-21,07:42:31'], dtype='<U19')]
 [array(['2022-09-21,07:42:32'], dtype='<U19')]
 [array(['2022-09-21,07:42:33'], dtype='<U19')]
 ...
 [array(['2022-09-21,09:41:32'], dtype='<U19')]
 [array(['2022-09-21,09:41:32'], dtype='<U19')]
 [array(['2022-09-21,09:41:32'], dtype='<U19')]]","[[0.   ]
 [0.017]
 [0.034]
 ...
 [4.993]
 [5.   ]
 [5.   ]]","[[3.4147]
 [3.4366]
 [3.448 ]
 ...
 [3.2468]
 [3.247 ]
 [3.247 ]]","[[3.9991]
 [3.9999]
 [3.9999]
 ...
 [0.    ]
 [0.    ]
 [0.    ]]","[[0.   ]
 [0.001]
 [0.002]
 ...
 [0.   ]
 [0.   ]
 [0.   ]]","[[0.   ]
 [0.004]
 [0.008]
 ...
 [0.   ]
 [0.   ]
 [0.   ]]","[[27. ]
 [27. ]
 [27. ]
 ...
 [27.2]
 [27.2]
 [27.2]]",['2C charge and 1C discharge']
"[[array(['2022-09-21,09:41:33'], dtype='<U19')]
 [array(['2022-09-21,09:41:34'], dtype='<U19')]
 [array(['2022-09-21,09:41:35'], dtype='<U19')]
 ...
 [array(['2022-09-21,11:40:24'], dtype='<U19')]
 [array(['2022-09-21,11:40:24'], dtype='<U19')]
 [array(['2022-09-21,11:40:25'], dtype='<U19')]]","[[0.   ]
 [0.017]
 [0.034]
 ...
 [4.99 ]
 [5.   ]
 [5.   ]]","[[3.4086]
 [3.431 ]
 [3.4424]
 ...
 [3.2459]
 [3.246 ]
 [3.2459]]","[[3.9991]
 [3.9999]
 [3.9999]
 ...
 [0.    ]
 [0.    ]
 [0.    ]]","[[0.   ]
 [0.001]
 [0.002]
 ...
 [0.   ]
 [0.   ]
 [0.   ]]","[[0.   ]
 [0.004]
 [0.008]
 ...
 [0.   ]
 [0.   ]
 [0.   ]]","[[27.2]
 [27.2]
 [27.2]
 ...
 [27.1]
 [27.1]
 [27.1]]",['2C charge and 1C discharge']
"[[array(['2022-09-21,11:40:26'], dtype='<U19')]
 [array(['2022-09-21,11:40:27'], dtype='<U19')]
 [array(['2022-09-21,11:40:28'], dtype='<U19')]
 ...
 [array(['2022-09-21,13:39:30'], dtype='<U19')]
 [array(['2022-09-21,13:39:30'], dtype='<U19')]
 [array(['2022-09-21,13:39:30'], dtype='<U19')]]","[[0.   ]
 [0.017]
 [0.034]
 ...
 [4.996]
 [5.001]
 [5.001]]","[[3.4083]
 [3.4301]
 [3.4418]
 ...
 [3.2465]
 [3.2465]
 [3.2465]]","[[3.9991]
 [3.9999]
 [3.9999]
 ...
 [0.    ]
 [0.    ]
 [0.    ]]","[[0.   ]
 [0.001]
 [0.002]
 ...
 [0.   ]
 [0.   ]
 [0.   ]]","[[0.   ]
 [0.004]
 [0.008]
 ...
 [0.   ]
 [0.   ]
 [0.   ]]","[[27.1]
 [27.1]
 [27.1]
 ...
 [27.1]
 [27.1]
 [27.1]]",['2C charge and 1C discharge']
"[[array(['2022-09-21,13:39:31'], dtype='<U19')]
 [array(['2022-09-21,13:39:32'], dtype='<U19')]
 [array(['2022-09-21,13:39:33'], dtype='<U19')]
 ...
 [array(['2022-09-21,15:38:33'], dtype='<U19')]
 [array(['2022-09-21,15:38:33'], dtype='<U19')]
 [array(['2022-09-21,15:38:33'], dtype='<U19')]]","[[0.   ]
 [0.017]
 [0.034]
 ...
 [4.993]
 [5.   ]
 [5.   ]]","[[3.4066]
 [3.4315]
 [3.443 ]
 ...
 [3.2396]
 [3.2396]
 [3.2396]]","[[3.9985]
 [3.9999]
 [4.    ]
 ...
 [0.    ]
 [0.    ]
 [0.    ]]","[[0.   ]
 [0.001]
 [0.002]
 ...
 [0.   ]
 [0.   ]
 [0.   ]]","[[0.   ]
 [0.004]
 [0.008]
 ...
 [0.   ]
 [0.   ]
 [0.   ]]","[[27.1]
 [27.1]
 [27.1]
 ...
 [27.4]
 [27.3]
 [27.3]]",['2C charge and 1C discharge']
"[[array(['2022-09-21,15:38:34'], dtype='<U19')]
 [array(['2022-09-21,15:38:35'], dtype='<U19')]
 [array(['2022-09-21,15:38:36'], dtype='<U19')]
 ...
 [array(['2022-09-21,17:37:24'], dtype='<U19')]
 [array(['2022-09-21,17:37:24'], dtype='<U19')]
 [array(['2022-09-21,17:37:24'], dtype='<U19')]]","[[0.   ]
 [0.017]
 [0.034]
 ...
 [4.988]
 [5.001]
 [5.001]]","[[3.4014]
 [3.4238]
 [3.435 ]
 ...
 [3.2393]
 [3.2394]
 [3.2394]]","[[3.9991]
 [3.9999]
 [3.9999]
 ...
 [0.    ]
 [0.    ]
 [0.    ]]","[[0.   ]
 [0.001]
 [0.002]
 ...
 [0.   ]
 [0.   ]
 [0.   ]]","[[0.   ]
 [0.004]
 [0.008]
 ...
 [0.   ]
 [0.   ]
 [0.   ]]","[[27.3]
 [27.3]
 [27.3]
 ...
 [27.4]
 [27.4]
 [27.4]]",['2C charge and 1C discharge']
"[[array(['2022-09-21,17:37:25'], dtype='<U19')]
 [array(['2022-09-21,17:37:26'], dtype='<U19')]
 [array(['2022-09-21,17:37:27'], dtype='<U19')]
 ...
 [array(['2022-09-21,19:36:14'], dtype='<U19')]
 [array(['2022-09-21,19:36:14'], dtype='<U19')]
 [array(['2022-09-21,19:36:15'], dtype='<U19')]]","[[0.   ]
 [0.019]
 [0.036]
 ...
 [4.992]
 [5.   ]
 [5.   ]]","[[3.4001]
 [3.4226]
 [3.4363]
 ...
 [3.2431]
 [3.2431]
 [3.2431]]","[[3.9991]
 [3.9999]
 [3.9999]
 ...
 [0.    ]
 [0.    ]
 [0.    ]]","[[0.   ]
 [0.001]
 [0.002]
 ...
 [0.   ]
 [0.   ]
 [0.   ]]","[[0.   ]
 [0.004]
 [0.008]
 ...
 [0.   ]
 [0.   ]
 [0.   ]]","[[27.4]
 [27.4]
 [27.4]
 ...
 [27.2]
 [27.2]
 [27.2]]",['2C charge and 1C discharge']
"[[array(['2022-09-21,19:36:16'], dtype='<U19')]
 [array(['2022-09-21,19:36:17'], dtype='<U19')]
 [array(['2022-09-21,19:36:18'], dtype='<U19')]
 ...
 [array(['2022-09-21,21:35:09'], dtype='<U19')]
 [array(['2022-09-21,21:35:10'], dtype='<U19')]
 [array(['2022-09-21,21:35:10'], dtype='<U19')]]","[[0.   ]
 [0.017]
 [0.034]
 ...
 [4.995]
 [5.001]
 [5.001]]","[[3.4047]
 [3.4278]
 [3.4397]
 ...
 [3.2446]
 [3.2446]
 [3.2446]]","[[3.9991]
 [3.9999]
 [3.9999]
 ...
 [0.    ]
 [0.    ]
 [0.    ]]","[[0.   ]
 [0.001]
 [0.002]
 ...
 [0.   ]
 [0.   ]
 [0.   ]]","[[0.   ]
 [0.004]
 [0.008]
 ...
 [0.   ]
 [0.   ]
 [0.   ]]","[[27.2]
 [27.2]
 [27.2]
 ...
 [27.1]
 [27.1]
 [27.1]]",['2C charge and 1C discharge']
"[[array(['2022-09-21,21:35:11'], dtype='<U19')]
 [array(['2022-09-21,21:35:12'], dtype='<U19')]
 [array(['2022-09-21,21:35:13'], dtype='<U19')]
 ...
 [array(['2022-09-21,23:34:07'], dtype='<U19')]
 [array(['2022-09-21,23:34:07'], dtype='<U19')]
 [array(['2022-09-21,23:34:07'], dtype='<U19')]]","[[0.   ]
 [0.017]
 [0.034]
 ...
 [4.996]
 [5.   ]
 [5.   ]]","[[3.407 ]
 [3.4298]
 [3.4418]
 ...
 [3.2463]
 [3.2463]
 [3.2463]]","[[3.9991]
 [3.9999]
 [4.    ]
 ...
 [0.    ]
 [0.    ]
 [0.    ]]","[[0.   ]
 [0.001]
 [0.002]
 ...
 [0.   ]
 [0.   ]
 [0.   ]]","[[0.   ]
 [0.004]
 [0.008]
 ...
 [0.   ]
 [0.   ]
 [0.   ]]","[[27.1]
 [27.1]
 [27.1]
 ...
 [27. ]
 [27. ]
 [27. ]]",['2C charge and 1C discharge']
"[[array(['2022-09-21,23:34:08'], dtype='<U19')]
 [array(['2022-09-21,23:34:09'], dtype='<U19')]
 [array(['2022-09-21,23:34:10'], dtype='<U19')]
 ...
 [array(['2022-09-22,01:33:09'], dtype='<U19')]
 [array(['2022-09-22,01:33:09'], dtype='<U19')]
 [array(['2022-09-22,01:33:09'], dtype='<U19')]]","[[0.   ]
 [0.017]
 [0.034]
 ...
 [4.994]
 [5.001]
 [5.001]]","[[3.4089]
 [3.4318]
 [3.4437]
 ...
 [3.2465]
 [3.2465]
 [3.2465]]","[[3.9991]
 [3.9999]
 [4.    ]
 ...
 [0.    ]
 [0.    ]
 [0.    ]]","[[0.   ]
 [0.001]
 [0.002]
 ...
 [0.   ]
 [0.   ]
 [0.   ]]","[[0.   ]
 [0.004]
 [0.008]
 ...
 [0.   ]
 [0.   ]
 [0.   ]]","[[27. ]
 [27. ]
 [27. ]
 ...
 [26.9]
 [26.9]
 [26.9]]",['2C charge and 1C discharge']
"[[array(['2022-09-22,01:33:10'], dtype='<U19')]
 [array(['2022-09-22,01:33:11'], dtype='<U19')]
 [array(['2022-09-22,01:33:13'], dtype='<U19')]
 ...
 [array(['2022-09-22,03:32:10'], dtype='<U19')]
 [array(['2022-09-22,03:32:10'], dtype='<U19')]
 [array(['2022-09-22,03:32:10'], dtype='<U19')]]","[[0.   ]
 [0.018]
 [0.035]
 ...
 [4.993]
 [5.   ]
 [5.   ]]","[[3.4089]
 [3.4321]
 [3.4443]
 ...
 [3.2466]
 [3.2466]
 [3.2466]]","[[3.9991]
 [3.9999]
 [3.9999]
 ...
 [0.    ]
 [0.    ]
 [0.    ]]","[[0.   ]
 [0.001]
 [0.002]
 ...
 [0.   ]
 [0.   ]
 [0.   ]]","[[0.   ]
 [0.004]
 [0.008]
 ...
 [0.   ]
 [0.   ]
 [0.   ]]","[[26.9]
 [26.9]
 [26.9]
 ...
 [26.8]
 [26.8]
 [26.8]]",['2C charge and 1C discharge']
"[[array(['2022-09-22,03:32:11'], dtype='<U19')]
 [array(['2022-09-22,03:32:12'], dtype='<U19')]
 [array(['2022-09-22,03:32:13'], dtype='<U19')]
 ...
 [array(['2022-09-22,05:31:12'], dtype='<U19')]
 [array(['2022-09-22,05:31:12'], dtype='<U19')]
 [array(['2022-09-22,05:31:12'], dtype='<U19')]]","[[0.   ]
 [0.017]
 [0.034]
 ...
 [4.99 ]
 [5.   ]
 [5.   ]]","[[3.41  ]
 [3.4327]
 [3.4441]
 ...
 [3.2477]
 [3.2477]
 [3.2477]]","[[3.9991]
 [3.9999]
 [3.9999]
 ...
 [0.    ]
 [0.    ]
 [0.    ]]","[[0.   ]
 [0.001]
 [0.002]
 ...
 [0.   ]
 [0.   ]
 [0.   ]]","[[0.   ]
 [0.004]
 [0.008]
 ...
 [0.   ]
 [0.   ]
 [0.   ]]","[[26.9]
 [26.8]
 [26.8]
 ...
 [26.8]
 [26.8]
 [26.8]]",['2C charge and 1C discharge']
"[[array(['2022-09-22,05:31:13'], dtype='<U19')]
 [array(['2022-09-22,05:31:14'], dtype='<U19')]
 [array(['2022-09-22,05:31:15'], dtype='<U19')]
 ...
 [array(['2022-09-22,07:30:15'], dtype='<U19')]
 [array(['2022-09-22,07:30:16'], dtype='<U19')]
 [array(['2022-09-22,07:30:16'], dtype='<U19')]]","[[0.   ]
 [0.017]
 [0.034]
 ...
 [4.993]
 [5.   ]
 [5.   ]]","[[3.4115]
 [3.4344]
 [3.4461]
 ...
 [3.2485]
 [3.2485]
 [3.2485]]","[[3.9991]
 [3.9999]
 [4.    ]
 ...
 [0.    ]
 [0.    ]
 [0.    ]]","[[0.   ]
 [0.001]
 [0.002]
 ...
 [0.   ]
 [0.   ]
 [0.   ]]","[[0.   ]
 [0.004]
 [0.008]
 ...
 [0.   ]
 [0.   ]
 [0.   ]]","[[26.8]
 [26.8]
 [26.8]
 ...
 [26.8]
 [26.7]
 [26.7]]",['2C charge and 1C discharge']
"[[array(['2022-09-22,07:30:17'], dtype='<U19')]
 [array(['2022-09-22,07:30:18'], dtype='<U19')]
 [array(['2022-09-22,07:30:19'], dtype='<U19')]
 ...
 [array(['2022-09-22,09:29:23'], dtype='<U19')]
 [array(['2022-09-22,09:29:24'], dtype='<U19')]
 [array(['2022-09-22,09:29:24'], dtype='<U19')]]","[[0.   ]
 [0.017]
 [0.034]
 ...
 [4.992]
 [5.001]
 [5.001]]","[[3.4115]
 [3.4346]
 [3.4466]
 ...
 [3.2483]
 [3.2483]
 [3.2483]]","[[3.9994]
 [3.9999]
 [3.9999]
 ...
 [0.    ]
 [0.    ]
 [0.    ]]","[[0.   ]
 [0.001]
 [0.002]
 ...
 [0.   ]
 [0.   ]
 [0.   ]]","[[0.   ]
 [0.004]
 [0.008]
 ...
 [0.   ]
 [0.   ]
 [0.   ]]","[[26.7]
 [26.8]
 [26.7]
 ...
 [26.6]
 [26.6]
 [26.6]]",['2C charge and 1C discharge']
"[[array(['2022-09-22,09:29:25'], dtype='<U19')]
 [array(['2022-09-22,09:29:26'], dtype='<U19')]
 [array(['2022-09-22,09:29:27'], dtype='<U19')]
 ...
 [array(['2022-09-22,11:28:22'], dtype='<U19')]
 [array(['2022-09-22,11:28:22'], dtype='<U19')]
 [array(['2022-09-22,11:28:22'], dtype='<U19')]]","[[0.   ]
 [0.017]
 [0.034]
 ...
 [4.995]
 [5.   ]
 [5.   ]]","[[3.4124]
 [3.4357]
 [3.4477]
 ...
 [3.2342]
 [3.2342]
 [3.2342]]","[[3.9991]
 [3.9999]
 [4.    ]
 ...
 [0.    ]
 [0.    ]
 [0.    ]]","[[0.   ]
 [0.001]
 [0.002]
 ...
 [0.   ]
 [0.   ]
 [0.   ]]","[[0.   ]
 [0.004]
 [0.008]
 ...
 [0.   ]
 [0.   ]
 [0.   ]]","[[26.6]
 [26.6]
 [26.6]
 ...
 [27.4]
 [27.4]
 [27.4]]",['2C charge and 1C discharge']
"[[array(['2022-09-22,11:28:23'], dtype='<U19')]
 [array(['2022-09-22,11:28:24'], dtype='<U19')]
 [array(['2022-09-22,11:28:25'], dtype='<U19')]
 ...
 [array(['2022-09-22,13:27:07'], dtype='<U19')]
 [array(['2022-09-22,13:27:07'], dtype='<U19')]
 [array(['2022-09-22,13:27:07'], dtype='<U19')]]","[[0.   ]
 [0.017]
 [0.034]
 ...
 [4.994]
 [5.001]
 [5.001]]","[[3.3961]
 [3.4194]
 [3.4313]
 ...
 [3.2331]
 [3.2333]
 [3.2333]]","[[3.9991]
 [3.9999]
 [3.9999]
 ...
 [0.    ]
 [0.    ]
 [0.    ]]","[[0.   ]
 [0.001]
 [0.002]
 ...
 [0.   ]
 [0.   ]
 [0.   ]]","[[0.   ]
 [0.004]
 [0.008]
 ...
 [0.   ]
 [0.   ]
 [0.   ]]","[[27.4]
 [27.4]
 [27.4]
 ...
 [27.3]
 [27.3]
 [27.3]]",['2C charge and 1C discharge']
"[[array(['2022-09-22,13:27:08'], dtype='<U19')]
 [array(['2022-09-22,13:27:09'], dtype='<U19')]
 [array(['2022-09-22,13:27:10'], dtype='<U19')]
 ...
 [array(['2022-09-22,15:25:53'], dtype='<U19')]
 [array(['2022-09-22,15:25:53'], dtype='<U19')]
 [array(['2022-09-22,15:25:53'], dtype='<U19')]]","[[0.   ]
 [0.017]
 [0.034]
 ...
 [4.994]
 [5.   ]
 [5.   ]]","[[3.3951]
 [3.4187]
 [3.4309]
 ...
 [3.2345]
 [3.2345]
 [3.2345]]","[[3.9991]
 [3.9999]
 [3.9999]
 ...
 [0.    ]
 [0.    ]
 [0.    ]]","[[0.   ]
 [0.001]
 [0.002]
 ...
 [0.   ]
 [0.   ]
 [0.   ]]","[[0.   ]
 [0.004]
 [0.008]
 ...
 [0.   ]
 [0.   ]
 [0.   ]]","[[27.3]
 [27.3]
 [27.3]
 ...
 [27.2]
 [27.2]
 [27.2]]",['2C charge and 1C discharge']
"[[array(['2022-09-22,15:25:54'], dtype='<U19')]
 [array(['2022-09-22,15:25:55'], dtype='<U19')]
 [array(['2022-09-22,15:25:56'], dtype='<U19')]
 ...
 [array(['2022-09-22,17:24:47'], dtype='<U19')]
 [array(['2022-09-22,17:24:48'], dtype='<U19')]
 [array(['2022-09-22,17:24:48'], dtype='<U19')]]","[[0.   ]
 [0.017]
 [0.034]
 ...
 [4.995]
 [5.   ]
 [5.   ]]","[[3.3975]
 [3.4207]
 [3.4329]
 ...
 [3.2342]
 [3.2342]
 [3.2342]]","[[3.9991]
 [3.9999]
 [4.    ]
 ...
 [0.    ]
 [0.    ]
 [0.    ]]","[[0.   ]
 [0.001]
 [0.002]
 ...
 [0.   ]
 [0.   ]
 [0.   ]]","[[0.   ]
 [0.004]
 [0.008]
 ...
 [0.   ]
 [0.   ]
 [0.   ]]","[[27.2]
 [27.2]
 [27.2]
 ...
 [27.2]
 [27.2]
 [27.2]]",['2C charge and 1C discharge']
"[[array(['2022-09-22,17:24:49'], dtype='<U19')]
 [array(['2022-09-22,17:24:50'], dtype='<U19')]
 [array(['2022-09-22,17:24:51'], dtype='<U19')]
 ...
 [array(['2022-09-22,19:23:34'], dtype='<U19')]
 [array(['2022-09-22,19:23:35'], dtype='<U19')]
 [array(['2022-09-22,19:23:35'], dtype='<U19')]]","[[0.   ]
 [0.017]
 [0.034]
 ...
 [4.983]
 [5.   ]
 [5.   ]]","[[3.3949]
 [3.4201]
 [3.4324]
 ...
 [3.2357]
 [3.2359]
 [3.2359]]","[[3.9991]
 [3.9999]
 [3.9999]
 ...
 [0.    ]
 [0.    ]
 [0.    ]]","[[0.   ]
 [0.001]
 [0.002]
 ...
 [0.   ]
 [0.   ]
 [0.   ]]","[[0.   ]
 [0.004]
 [0.008]
 ...
 [0.   ]
 [0.   ]
 [0.   ]]","[[27.2]
 [27.2]
 [27.2]
 ...
 [27.1]
 [27.1]
 [27.1]]",['2C charge and 1C discharge']
"[[array(['2022-09-22,19:23:36'], dtype='<U19')]
 [array(['2022-09-22,19:23:37'], dtype='<U19')]
 [array(['2022-09-22,19:23:38'], dtype='<U19')]
 ...
 [array(['2022-09-22,21:22:20'], dtype='<U19')]
 [array(['2022-09-22,21:22:20'], dtype='<U19')]
 [array(['2022-09-22,21:22:20'], dtype='<U19')]]","[[0.   ]
 [0.017]
 [0.034]
 ...
 [4.999]
 [5.   ]
 [5.   ]]","[[3.3984]
 [3.4223]
 [3.4346]
 ...
 [3.2356]
 [3.2356]
 [3.2356]]","[[3.9991]
 [3.9999]
 [3.9999]
 ...
 [0.    ]
 [0.    ]
 [0.    ]]","[[0.   ]
 [0.001]
 [0.002]
 ...
 [0.   ]
 [0.   ]
 [0.   ]]","[[0.   ]
 [0.004]
 [0.008]
 ...
 [0.   ]
 [0.   ]
 [0.   ]]","[[27.1]
 [27.1]
 [27.1]
 ...
 [27.1]
 [27.1]
 [27.1]]",['2C charge and 1C discharge']
"[[array(['2022-09-22,21:22:21'], dtype='<U19')]
 [array(['2022-09-22,21:22:22'], dtype='<U19')]
 [array(['2022-09-22,21:22:23'], dtype='<U19')]
 ...
 [array(['2022-09-22,23:21:09'], dtype='<U19')]
 [array(['2022-09-22,23:21:10'], dtype='<U19')]
 [array(['2022-09-22,23:21:10'], dtype='<U19')]]","[[0.   ]
 [0.017]
 [0.034]
 ...
 [4.999]
 [5.   ]
 [5.   ]]","[[3.3977]
 [3.4221]
 [3.4344]
 ...
 [3.2359]
 [3.2359]
 [3.2359]]","[[3.9991]
 [3.9999]
 [4.    ]
 ...
 [0.    ]
 [0.    ]
 [0.    ]]","[[0.   ]
 [0.001]
 [0.002]
 ...
 [0.   ]
 [0.   ]
 [0.   ]]","[[0.   ]
 [0.004]
 [0.008]
 ...
 [0.   ]
 [0.   ]
 [0.   ]]","[[27.1]
 [27.1]
 [27.1]
 ...
 [27.1]
 [27.1]
 [27.1]]",['2C charge and 1C discharge']
"[[array(['2022-09-22,23:21:11'], dtype='<U19')]
 [array(['2022-09-22,23:21:12'], dtype='<U19')]
 [array(['2022-09-22,23:21:13'], dtype='<U19')]
 ...
 [array(['2022-09-23,01:19:58'], dtype='<U19')]
 [array(['2022-09-23,01:19:58'], dtype='<U19')]
 [array(['2022-09-23,01:19:58'], dtype='<U19')]]","[[0.   ]
 [0.017]
 [0.034]
 ...
 [4.999]
 [5.   ]
 [5.   ]]","[[3.3978]
 [3.4227]
 [3.4346]
 ...
 [3.235 ]
 [3.235 ]
 [3.235 ]]","[[3.9991]
 [3.9999]
 [3.9999]
 ...
 [0.    ]
 [0.    ]
 [0.    ]]","[[0.   ]
 [0.001]
 [0.002]
 ...
 [0.   ]
 [0.   ]
 [0.   ]]","[[0.   ]
 [0.004]
 [0.008]
 ...
 [0.   ]
 [0.   ]
 [0.   ]]","[[27.1]
 [27.1]
 [27.1]
 ...
 [27.1]
 [27.1]
 [27.1]]",['2C charge and 1C discharge']
"[[array(['2022-09-23,01:19:59'], dtype='<U19')]
 [array(['2022-09-23,01:20:00'], dtype='<U19')]
 [array(['2022-09-23,01:20:01'], dtype='<U19')]
 ...
 [array(['2022-09-23,03:18:45'], dtype='<U19')]
 [array(['2022-09-23,03:18:45'], dtype='<U19')]
 [array(['2022-09-23,03:18:45'], dtype='<U19')]]","[[0.   ]
 [0.017]
 [0.034]
 ...
 [4.999]
 [5.   ]
 [5.   ]]","[[3.3989]
 [3.4224]
 [3.4346]
 ...
 [3.2359]
 [3.2359]
 [3.2359]]","[[3.9991]
 [3.9999]
 [4.    ]
 ...
 [0.    ]
 [0.    ]
 [0.    ]]","[[0.   ]
 [0.001]
 [0.002]
 ...
 [0.   ]
 [0.   ]
 [0.   ]]","[[0.   ]
 [0.004]
 [0.008]
 ...
 [0.   ]
 [0.   ]
 [0.   ]]","[[27.1]
 [27.1]
 [27.1]
 ...
 [27. ]
 [27. ]
 [27. ]]",['2C charge and 1C discharge']
"[[array(['2022-09-23,03:18:46'], dtype='<U19')]
 [array(['2022-09-23,03:18:47'], dtype='<U19')]
 [array(['2022-09-23,03:18:48'], dtype='<U19')]
 ...
 [array(['2022-09-23,05:17:30'], dtype='<U19')]
 [array(['2022-09-23,05:17:30'], dtype='<U19')]
 [array(['2022-09-23,05:17:31'], dtype='<U19')]]","[[0.   ]
 [0.017]
 [0.034]
 ...
 [4.998]
 [5.   ]
 [5.   ]]","[[3.3991]
 [3.423 ]
 [3.4352]
 ...
 [3.2371]
 [3.2371]
 [3.2371]]","[[3.9991]
 [3.9999]
 [4.    ]
 ...
 [0.    ]
 [0.    ]
 [0.    ]]","[[0.   ]
 [0.001]
 [0.002]
 ...
 [0.   ]
 [0.   ]
 [0.   ]]","[[0.   ]
 [0.004]
 [0.008]
 ...
 [0.   ]
 [0.   ]
 [0.   ]]","[[27. ]
 [27. ]
 [27. ]
 ...
 [26.9]
 [26.9]
 [26.9]]",['2C charge and 1C discharge']
"[[array(['2022-09-23,05:17:32'], dtype='<U19')]
 [array(['2022-09-23,05:17:33'], dtype='<U19')]
 [array(['2022-09-23,05:17:34'], dtype='<U19')]
 ...
 [array(['2022-09-23,07:16:17'], dtype='<U19')]
 [array(['2022-09-23,07:16:17'], dtype='<U19')]
 [array(['2022-09-23,07:16:18'], dtype='<U19')]]","[[0.   ]
 [0.017]
 [0.034]
 ...
 [4.984]
 [5.   ]
 [5.   ]]","[[3.4006]
 [3.4246]
 [3.4369]
 ...
 [3.2379]
 [3.2379]
 [3.2379]]","[[3.9991]
 [3.9999]
 [4.    ]
 ...
 [0.    ]
 [0.    ]
 [0.    ]]","[[0.   ]
 [0.001]
 [0.002]
 ...
 [0.   ]
 [0.   ]
 [0.   ]]","[[0.   ]
 [0.004]
 [0.008]
 ...
 [0.   ]
 [0.   ]
 [0.   ]]","[[26.9]
 [26.9]
 [26.9]
 ...
 [26.9]
 [26.8]
 [26.8]]",['2C charge and 1C discharge']
"[[array(['2022-09-23,07:16:19'], dtype='<U19')]
 [array(['2022-09-23,07:16:20'], dtype='<U19')]
 [array(['2022-09-23,07:16:21'], dtype='<U19')]
 ...
 [array(['2022-09-23,09:15:12'], dtype='<U19')]
 [array(['2022-09-23,09:15:12'], dtype='<U19')]
 [array(['2022-09-23,09:15:12'], dtype='<U19')]]","[[0.   ]
 [0.017]
 [0.034]
 ...
 [4.998]
 [5.001]
 [5.001]]","[[3.4014]
 [3.4258]
 [3.4381]
 ...
 [3.2376]
 [3.2376]
 [3.2376]]","[[3.9991]
 [3.9999]
 [3.9999]
 ...
 [0.    ]
 [0.    ]
 [0.    ]]","[[0.   ]
 [0.001]
 [0.002]
 ...
 [0.   ]
 [0.   ]
 [0.   ]]","[[0.   ]
 [0.004]
 [0.008]
 ...
 [0.   ]
 [0.   ]
 [0.   ]]","[[26.8]
 [26.8]
 [26.8]
 ...
 [26.8]
 [26.8]
 [26.8]]",['2C charge and 1C discharge']
"[[array(['2022-09-23,09:15:13'], dtype='<U19')]
 [array(['2022-09-23,09:15:14'], dtype='<U19')]
 [array(['2022-09-23,09:15:15'], dtype='<U19')]
 ...
 [array(['2022-09-23,11:14:11'], dtype='<U19')]
 [array(['2022-09-23,11:14:11'], dtype='<U19')]
 [array(['2022-09-23,11:14:11'], dtype='<U19')]]","[[0.   ]
 [0.017]
 [0.034]
 ...
 [4.997]
 [5.   ]
 [5.   ]]","[[3.4017]
 [3.426 ]
 [3.4383]
 ...
 [3.2339]
 [3.2339]
 [3.2339]]","[[3.9991]
 [3.9999]
 [3.9999]
 ...
 [0.    ]
 [0.    ]
 [0.    ]]","[[0.   ]
 [0.001]
 [0.002]
 ...
 [0.   ]
 [0.   ]
 [0.   ]]","[[0.   ]
 [0.004]
 [0.008]
 ...
 [0.   ]
 [0.   ]
 [0.   ]]","[[26.8]
 [26.8]
 [26.8]
 ...
 [27.1]
 [27.1]
 [27.1]]",['2C charge and 1C discharge']
"[[array(['2022-09-23,11:14:12'], dtype='<U19')]
 [array(['2022-09-23,11:14:13'], dtype='<U19')]
 [array(['2022-09-23,11:14:14'], dtype='<U19')]
 ...
 [array(['2022-09-23,13:13:02'], dtype='<U19')]
 [array(['2022-09-23,13:13:02'], dtype='<U19')]
 [array(['2022-09-23,13:13:02'], dtype='<U19')]]","[[0.   ]
 [0.017]
 [0.034]
 ...
 [4.998]
 [5.   ]
 [5.   ]]","[[3.3978]
 [3.4218]
 [3.4341]
 ...
 [3.2277]
 [3.2279]
 [3.2279]]","[[3.9991]
 [3.9999]
 [4.    ]
 ...
 [0.    ]
 [0.    ]
 [0.    ]]","[[0.   ]
 [0.001]
 [0.002]
 ...
 [0.   ]
 [0.   ]
 [0.   ]]","[[0.   ]
 [0.004]
 [0.008]
 ...
 [0.   ]
 [0.   ]
 [0.   ]]","[[27.1]
 [27.1]
 [27.1]
 ...
 [27.5]
 [27.5]
 [27.5]]",['2C charge and 1C discharge']
"[[array(['2022-09-23,13:13:03'], dtype='<U19')]
 [array(['2022-09-23,13:13:04'], dtype='<U19')]
 [array(['2022-09-23,13:13:05'], dtype='<U19')]
 ...
 [array(['2022-09-23,15:11:29'], dtype='<U19')]
 [array(['2022-09-23,15:11:29'], dtype='<U19')]
 [array(['2022-09-23,15:11:29'], dtype='<U19')]]","[[0.   ]
 [0.017]
 [0.034]
 ...
 [4.999]
 [5.001]
 [5.001]]","[[3.3894]
 [3.4138]
 [3.4263]
 ...
 [3.2111]
 [3.2111]
 [3.2111]]","[[3.9991]
 [3.9999]
 [3.9999]
 ...
 [0.    ]
 [0.    ]
 [0.    ]]","[[0.   ]
 [0.001]
 [0.002]
 ...
 [0.   ]
 [0.   ]
 [0.   ]]","[[0.   ]
 [0.004]
 [0.008]
 ...
 [0.   ]
 [0.   ]
 [0.   ]]","[[27.5]
 [27.5]
 [27.5]
 ...
 [27.9]
 [27.9]
 [27.9]]",['2C charge and 1C discharge']
"[[array(['2022-09-23,15:11:30'], dtype='<U19')]
 [array(['2022-09-23,15:11:31'], dtype='<U19')]
 [array(['2022-09-23,15:11:32'], dtype='<U19')]
 ...
 [array(['2022-09-23,17:09:41'], dtype='<U19')]
 [array(['2022-09-23,17:09:41'], dtype='<U19')]
 [array(['2022-09-23,17:09:41'], dtype='<U19')]]","[[0.   ]
 [0.017]
 [0.034]
 ...
 [5.   ]
 [5.   ]
 [5.   ]]","[[3.3714]
 [3.3961]
 [3.4089]
 ...
 [3.2217]
 [3.2216]
 [3.2216]]","[[3.9991]
 [3.9999]
 [4.    ]
 ...
 [0.    ]
 [0.    ]
 [0.    ]]","[[0.   ]
 [0.001]
 [0.002]
 ...
 [0.   ]
 [0.   ]
 [0.   ]]","[[0.   ]
 [0.004]
 [0.008]
 ...
 [0.   ]
 [0.   ]
 [0.   ]]","[[28. ]
 [27.9]
 [27.9]
 ...
 [27.5]
 [27.5]
 [27.5]]",['2C charge and 1C discharge']
"[[array(['2022-09-23,17:09:42'], dtype='<U19')]
 [array(['2022-09-23,17:09:43'], dtype='<U19')]
 [array(['2022-09-23,17:09:44'], dtype='<U19')]
 ...
 [array(['2022-09-23,19:08:18'], dtype='<U19')]
 [array(['2022-09-23,19:08:19'], dtype='<U19')]
 [array(['2022-09-23,19:08:19'], dtype='<U19')]]","[[0.   ]
 [0.017]
 [0.034]
 ...
 [4.999]
 [5.   ]
 [5.   ]]","[[3.3801]
 [3.409 ]
 [3.4218]
 ...
 [3.2311]
 [3.2311]
 [3.2311]]","[[3.9991]
 [3.9999]
 [3.9999]
 ...
 [0.    ]
 [0.    ]
 [0.    ]]","[[0.   ]
 [0.001]
 [0.002]
 ...
 [0.   ]
 [0.   ]
 [0.   ]]","[[0.   ]
 [0.004]
 [0.008]
 ...
 [0.   ]
 [0.   ]
 [0.   ]]","[[27.4]
 [27.4]
 [27.5]
 ...
 [27.1]
 [27.1]
 [27.1]]",['2C charge and 1C discharge']
"[[array(['2022-09-23,19:08:20'], dtype='<U19')]
 [array(['2022-09-23,19:08:21'], dtype='<U19')]
 [array(['2022-09-23,19:08:22'], dtype='<U19')]
 ...
 [array(['2022-09-23,21:07:01'], dtype='<U19')]
 [array(['2022-09-23,21:07:02'], dtype='<U19')]
 [array(['2022-09-23,21:07:02'], dtype='<U19')]]","[[0.   ]
 [0.017]
 [0.034]
 ...
 [4.983]
 [5.001]
 [5.001]]","[[3.3946]
 [3.4189]
 [3.4317]
 ...
 [3.2325]
 [3.2327]
 [3.2327]]","[[3.9991]
 [3.9999]
 [3.9999]
 ...
 [0.    ]
 [0.    ]
 [0.    ]]","[[0.   ]
 [0.001]
 [0.002]
 ...
 [0.   ]
 [0.   ]
 [0.   ]]","[[0.   ]
 [0.004]
 [0.008]
 ...
 [0.   ]
 [0.   ]
 [0.   ]]","[[27.1]
 [27. ]
 [27. ]
 ...
 [26.9]
 [26.9]
 [26.9]]",['2C charge and 1C discharge']
"[[array(['2022-09-23,21:07:03'], dtype='<U19')]
 [array(['2022-09-23,21:07:04'], dtype='<U19')]
 [array(['2022-09-23,21:07:05'], dtype='<U19')]
 ...
 [array(['2022-09-23,23:05:43'], dtype='<U19')]
 [array(['2022-09-23,23:05:43'], dtype='<U19')]
 [array(['2022-09-23,23:05:43'], dtype='<U19')]]","[[0.   ]
 [0.017]
 [0.034]
 ...
 [4.998]
 [5.001]
 [5.001]]","[[3.3974]
 [3.4218]
 [3.4343]
 ...
 [3.2342]
 [3.2342]
 [3.2342]]","[[3.9991]
 [3.9999]
 [3.9999]
 ...
 [0.    ]
 [0.    ]
 [0.    ]]","[[0.   ]
 [0.001]
 [0.002]
 ...
 [0.   ]
 [0.   ]
 [0.   ]]","[[0.   ]
 [0.004]
 [0.008]
 ...
 [0.   ]
 [0.   ]
 [0.   ]]","[[26.9]
 [26.9]
 [26.9]
 ...
 [26.8]
 [26.8]
 [26.8]]",['2C charge and 1C discharge']
"[[array(['2022-09-23,23:05:44'], dtype='<U19')]
 [array(['2022-09-23,23:05:45'], dtype='<U19')]
 [array(['2022-09-23,23:05:46'], dtype='<U19')]
 ...
 [array(['2022-09-24,01:04:29'], dtype='<U19')]
 [array(['2022-09-24,01:04:29'], dtype='<U19')]
 [array(['2022-09-24,01:04:29'], dtype='<U19')]]","[[0.   ]
 [0.017]
 [0.035]
 ...
 [4.999]
 [5.   ]
 [5.   ]]","[[3.3991]
 [3.4235]
 [3.436 ]
 ...
 [3.2363]
 [3.2363]
 [3.2363]]","[[3.9991]
 [3.9999]
 [3.9999]
 ...
 [0.    ]
 [0.    ]
 [0.    ]]","[[0.   ]
 [0.001]
 [0.002]
 ...
 [0.   ]
 [0.   ]
 [0.   ]]","[[0.   ]
 [0.004]
 [0.008]
 ...
 [0.   ]
 [0.   ]
 [0.   ]]","[[26.8]
 [26.8]
 [26.8]
 ...
 [26.7]
 [26.7]
 [26.7]]",['2C charge and 1C discharge']
"[[array(['2022-09-24,01:04:30'], dtype='<U19')]
 [array(['2022-09-24,01:04:31'], dtype='<U19')]
 [array(['2022-09-24,01:04:32'], dtype='<U19')]
 ...
 [array(['2022-09-24,03:03:17'], dtype='<U19')]
 [array(['2022-09-24,03:03:17'], dtype='<U19')]
 [array(['2022-09-24,03:03:17'], dtype='<U19')]]","[[0.   ]
 [0.017]
 [0.034]
 ...
 [4.998]
 [5.   ]
 [5.   ]]","[[3.4009]
 [3.4261]
 [3.4387]
 ...
 [3.234 ]
 [3.234 ]
 [3.234 ]]","[[3.9991]
 [3.9999]
 [4.    ]
 ...
 [0.    ]
 [0.    ]
 [0.    ]]","[[0.   ]
 [0.001]
 [0.002]
 ...
 [0.   ]
 [0.   ]
 [0.   ]]","[[0.   ]
 [0.004]
 [0.008]
 ...
 [0.   ]
 [0.   ]
 [0.   ]]","[[26.7]
 [26.7]
 [26.7]
 ...
 [26.8]
 [26.8]
 [26.8]]",['2C charge and 1C discharge']
"[[array(['2022-09-24,03:03:18'], dtype='<U19')]
 [array(['2022-09-24,03:03:19'], dtype='<U19')]
 [array(['2022-09-24,03:03:20'], dtype='<U19')]
 ...
 [array(['2022-09-24,05:01:55'], dtype='<U19')]
 [array(['2022-09-24,05:01:55'], dtype='<U19')]
 [array(['2022-09-24,05:01:55'], dtype='<U19')]]","[[0.   ]
 [0.017]
 [0.034]
 ...
 [4.999]
 [5.   ]
 [5.   ]]","[[3.3978]
 [3.4232]
 [3.4361]
 ...
 [3.2367]
 [3.2367]
 [3.2367]]","[[3.9991]
 [3.9999]
 [4.    ]
 ...
 [0.    ]
 [0.    ]
 [0.    ]]","[[0.   ]
 [0.001]
 [0.002]
 ...
 [0.   ]
 [0.   ]
 [0.   ]]","[[0.   ]
 [0.004]
 [0.008]
 ...
 [0.   ]
 [0.   ]
 [0.   ]]","[[26.8]
 [26.8]
 [26.8]
 ...
 [26.7]
 [26.7]
 [26.7]]",['2C charge and 1C discharge']
"[[array(['2022-09-24,05:01:56'], dtype='<U19')]
 [array(['2022-09-24,05:01:57'], dtype='<U19')]
 [array(['2022-09-24,05:01:58'], dtype='<U19')]
 ...
 [array(['2022-09-24,07:00:39'], dtype='<U19')]
 [array(['2022-09-24,07:00:40'], dtype='<U19')]
 [array(['2022-09-24,07:00:40'], dtype='<U19')]]","[[0.   ]
 [0.018]
 [0.034]
 ...
 [4.983]
 [5.   ]
 [5.   ]]","[[3.4018]
 [3.427 ]
 [3.4395]
 ...
 [3.2376]
 [3.2377]
 [3.2377]]","[[3.9994]
 [3.9999]
 [3.9999]
 ...
 [0.    ]
 [0.    ]
 [0.    ]]","[[0.   ]
 [0.001]
 [0.002]
 ...
 [0.   ]
 [0.   ]
 [0.   ]]","[[0.   ]
 [0.004]
 [0.008]
 ...
 [0.   ]
 [0.   ]
 [0.   ]]","[[26.7]
 [26.6]
 [26.7]
 ...
 [26.6]
 [26.6]
 [26.6]]",['2C charge and 1C discharge']
"[[array(['2022-09-24,07:00:41'], dtype='<U19')]
 [array(['2022-09-24,07:00:42'], dtype='<U19')]
 [array(['2022-09-24,07:00:43'], dtype='<U19')]
 ...
 [array(['2022-09-24,08:59:26'], dtype='<U19')]
 [array(['2022-09-24,08:59:26'], dtype='<U19')]
 [array(['2022-09-24,08:59:26'], dtype='<U19')]]","[[0.   ]
 [0.017]
 [0.034]
 ...
 [4.997]
 [5.   ]
 [5.   ]]","[[3.4029]
 [3.428 ]
 [3.4406]
 ...
 [3.2359]
 [3.2359]
 [3.2359]]","[[3.9991]
 [3.9999]
 [3.9999]
 ...
 [0.    ]
 [0.    ]
 [0.    ]]","[[0.   ]
 [0.001]
 [0.002]
 ...
 [0.   ]
 [0.   ]
 [0.   ]]","[[0.   ]
 [0.004]
 [0.008]
 ...
 [0.   ]
 [0.   ]
 [0.   ]]","[[26.6]
 [26.6]
 [26.6]
 ...
 [26.6]
 [26.6]
 [26.6]]",['2C charge and 1C discharge']
"[[array(['2022-09-24,08:59:27'], dtype='<U19')]
 [array(['2022-09-24,08:59:28'], dtype='<U19')]
 [array(['2022-09-24,08:59:29'], dtype='<U19')]
 ...
 [array(['2022-09-24,10:58:16'], dtype='<U19')]
 [array(['2022-09-24,10:58:17'], dtype='<U19')]
 [array(['2022-09-24,10:58:17'], dtype='<U19')]]","[[0.   ]
 [0.017]
 [0.034]
 ...
 [4.983]
 [5.   ]
 [5.   ]]","[[3.4003]
 [3.426 ]
 [3.4386]
 ...
 [3.2371]
 [3.2373]
 [3.2373]]","[[3.9991]
 [3.9999]
 [4.    ]
 ...
 [0.    ]
 [0.    ]
 [0.    ]]","[[0.   ]
 [0.001]
 [0.002]
 ...
 [0.   ]
 [0.   ]
 [0.   ]]","[[0.   ]
 [0.004]
 [0.008]
 ...
 [0.   ]
 [0.   ]
 [0.   ]]","[[26.7]
 [26.6]
 [26.6]
 ...
 [26.6]
 [26.6]
 [26.6]]",['2C charge and 1C discharge']
"[[array(['2022-09-24,10:58:18'], dtype='<U19')]
 [array(['2022-09-24,10:58:19'], dtype='<U19')]
 [array(['2022-09-24,10:58:20'], dtype='<U19')]
 ...
 [array(['2022-09-24,12:57:01'], dtype='<U19')]
 [array(['2022-09-24,12:57:02'], dtype='<U19')]
 [array(['2022-09-24,12:57:02'], dtype='<U19')]]","[[0.   ]
 [0.017]
 [0.034]
 ...
 [4.983]
 [5.   ]
 [5.   ]]","[[3.4017]
 [3.428 ]
 [3.4403]
 ...
 [3.2357]
 [3.2359]
 [3.2359]]","[[3.9991]
 [3.9999]
 [3.9999]
 ...
 [0.    ]
 [0.    ]
 [0.    ]]","[[0.   ]
 [0.001]
 [0.002]
 ...
 [0.   ]
 [0.   ]
 [0.   ]]","[[0.   ]
 [0.004]
 [0.008]
 ...
 [0.   ]
 [0.   ]
 [0.   ]]","[[26.6]
 [26.6]
 [26.6]
 ...
 [26.6]
 [26.6]
 [26.6]]",['2C charge and 1C discharge']
"[[array(['2022-09-24,12:57:03'], dtype='<U19')]
 [array(['2022-09-24,12:57:04'], dtype='<U19')]
 [array(['2022-09-24,12:57:05'], dtype='<U19')]
 ...
 [array(['2022-09-24,14:55:42'], dtype='<U19')]
 [array(['2022-09-24,14:55:43'], dtype='<U19')]
 [array(['2022-09-24,14:55:43'], dtype='<U19')]]","[[0.   ]
 [0.017]
 [0.034]
 ...
 [4.984]
 [5.001]
 [5.001]]","[[3.4012]
 [3.4264]
 [3.4393]
 ...
 [3.2342]
 [3.2343]
 [3.2343]]","[[3.9991]
 [3.9999]
 [4.    ]
 ...
 [0.    ]
 [0.    ]
 [0.    ]]","[[0.   ]
 [0.001]
 [0.002]
 ...
 [0.   ]
 [0.   ]
 [0.   ]]","[[0.   ]
 [0.004]
 [0.008]
 ...
 [0.   ]
 [0.   ]
 [0.   ]]","[[26.6]
 [26.6]
 [26.6]
 ...
 [26.7]
 [26.7]
 [26.7]]",['2C charge and 1C discharge']
"[[array(['2022-09-24,14:55:44'], dtype='<U19')]
 [array(['2022-09-24,14:55:45'], dtype='<U19')]
 [array(['2022-09-24,14:55:46'], dtype='<U19')]
 ...
 [array(['2022-09-24,16:54:32'], dtype='<U19')]
 [array(['2022-09-24,16:54:33'], dtype='<U19')]
 [array(['2022-09-24,16:54:33'], dtype='<U19')]]","[[0.   ]
 [0.017]
 [0.034]
 ...
 [4.983]
 [5.   ]
 [5.   ]]","[[3.3998]
 [3.425 ]
 [3.438 ]
 ...
 [3.2302]
 [3.2303]
 [3.2303]]","[[3.9991]
 [3.9999]
 [3.9999]
 ...
 [0.    ]
 [0.    ]
 [0.    ]]","[[0.   ]
 [0.001]
 [0.002]
 ...
 [0.   ]
 [0.   ]
 [0.   ]]","[[0.   ]
 [0.004]
 [0.008]
 ...
 [0.   ]
 [0.   ]
 [0.   ]]","[[26.7]
 [26.7]
 [26.7]
 ...
 [26.9]
 [26.9]
 [26.9]]",['2C charge and 1C discharge']
"[[array(['2022-09-24,16:54:34'], dtype='<U19')]
 [array(['2022-09-24,16:54:35'], dtype='<U19')]
 [array(['2022-09-24,16:54:36'], dtype='<U19')]
 ...
 [array(['2022-09-24,18:53:20'], dtype='<U19')]
 [array(['2022-09-24,18:53:20'], dtype='<U19')]
 [array(['2022-09-24,18:53:20'], dtype='<U19')]]","[[0.   ]
 [0.017]
 [0.034]
 ...
 [4.997]
 [5.   ]
 [5.   ]]","[[3.3949]
 [3.4204]
 [3.4333]
 ...
 [3.233 ]
 [3.2331]
 [3.2331]]","[[3.9991]
 [3.9999]
 [3.9999]
 ...
 [0.    ]
 [0.    ]
 [0.    ]]","[[0.   ]
 [0.001]
 [0.002]
 ...
 [0.   ]
 [0.   ]
 [0.   ]]","[[0.   ]
 [0.004]
 [0.008]
 ...
 [0.   ]
 [0.   ]
 [0.   ]]","[[26.8]
 [26.9]
 [26.8]
 ...
 [26.7]
 [26.8]
 [26.8]]",['2C charge and 1C discharge']
"[[array(['2022-09-24,18:53:21'], dtype='<U19')]
 [array(['2022-09-24,18:53:22'], dtype='<U19')]
 [array(['2022-09-24,18:53:23'], dtype='<U19')]
 ...
 [array(['2022-09-24,20:52:06'], dtype='<U19')]
 [array(['2022-09-24,20:52:06'], dtype='<U19')]
 [array(['2022-09-24,20:52:06'], dtype='<U19')]]","[[0.   ]
 [0.017]
 [0.034]
 ...
 [4.996]
 [5.001]
 [5.001]]","[[3.3978]
 [3.4237]
 [3.4366]
 ...
 [3.2342]
 [3.2343]
 [3.2343]]","[[3.9991]
 [3.9999]
 [4.    ]
 ...
 [0.    ]
 [0.    ]
 [0.    ]]","[[0.   ]
 [0.001]
 [0.002]
 ...
 [0.   ]
 [0.   ]
 [0.   ]]","[[0.   ]
 [0.004]
 [0.008]
 ...
 [0.   ]
 [0.   ]
 [0.   ]]","[[26.8]
 [26.7]
 [26.7]
 ...
 [26.7]
 [26.7]
 [26.7]]",['2C charge and 1C discharge']
"[[array(['2022-09-24,20:52:07'], dtype='<U19')]
 [array(['2022-09-24,20:52:08'], dtype='<U19')]
 [array(['2022-09-24,20:52:09'], dtype='<U19')]
 ...
 [array(['2022-09-24,22:50:57'], dtype='<U19')]
 [array(['2022-09-24,22:50:57'], dtype='<U19')]
 [array(['2022-09-24,22:50:57'], dtype='<U19')]]","[[0.   ]
 [0.017]
 [0.034]
 ...
 [4.997]
 [5.   ]
 [5.   ]]","[[3.3998]
 [3.4254]
 [3.4383]
 ...
 [3.2353]
 [3.2354]
 [3.2353]]","[[3.9991]
 [3.9999]
 [3.9999]
 ...
 [0.    ]
 [0.    ]
 [0.    ]]","[[0.   ]
 [0.001]
 [0.002]
 ...
 [0.   ]
 [0.   ]
 [0.   ]]","[[0.   ]
 [0.004]
 [0.008]
 ...
 [0.   ]
 [0.   ]
 [0.   ]]","[[26.7]
 [26.6]
 [26.6]
 ...
 [26.6]
 [26.6]
 [26.6]]",['2C charge and 1C discharge']
"[[array(['2022-09-24,22:50:58'], dtype='<U19')]
 [array(['2022-09-24,22:50:59'], dtype='<U19')]
 [array(['2022-09-24,22:51:00'], dtype='<U19')]
 ...
 [array(['2022-09-25,00:49:36'], dtype='<U19')]
 [array(['2022-09-25,00:49:36'], dtype='<U19')]
 [array(['2022-09-25,00:49:36'], dtype='<U19')]]","[[0.   ]
 [0.017]
 [0.034]
 ...
 [5.   ]
 [5.   ]
 [5.   ]]","[[3.3997]
 [3.4267]
 [3.4397]
 ...
 [3.2367]
 [3.2367]
 [3.2367]]","[[3.9991]
 [3.9999]
 [4.    ]
 ...
 [0.    ]
 [0.    ]
 [0.    ]]","[[0.   ]
 [0.001]
 [0.002]
 ...
 [0.   ]
 [0.   ]
 [0.   ]]","[[0.   ]
 [0.004]
 [0.008]
 ...
 [0.   ]
 [0.   ]
 [0.   ]]","[[26.6]
 [26.6]
 [26.6]
 ...
 [26.5]
 [26.5]
 [26.5]]",['2C charge and 1C discharge']
"[[array(['2022-09-25,00:49:37'], dtype='<U19')]
 [array(['2022-09-25,00:49:38'], dtype='<U19')]
 [array(['2022-09-25,00:49:39'], dtype='<U19')]
 ...
 [array(['2022-09-25,02:48:20'], dtype='<U19')]
 [array(['2022-09-25,02:48:20'], dtype='<U19')]
 [array(['2022-09-25,02:48:20'], dtype='<U19')]]","[[0.   ]
 [0.017]
 [0.035]
 ...
 [4.998]
 [5.   ]
 [5.   ]]","[[3.4018]
 [3.4286]
 [3.4417]
 ...
 [3.239 ]
 [3.2391]
 [3.2391]]","[[3.9991]
 [3.9999]
 [3.9999]
 ...
 [0.    ]
 [0.    ]
 [0.    ]]","[[0.   ]
 [0.001]
 [0.002]
 ...
 [0.   ]
 [0.   ]
 [0.   ]]","[[0.   ]
 [0.004]
 [0.008]
 ...
 [0.   ]
 [0.   ]
 [0.   ]]","[[26.5]
 [26.5]
 [26.4]
 ...
 [26.3]
 [26.3]
 [26.3]]",['2C charge and 1C discharge']
"[[array(['2022-09-25,02:48:21'], dtype='<U19')]
 [array(['2022-09-25,02:48:22'], dtype='<U19')]
 [array(['2022-09-25,02:48:23'], dtype='<U19')]
 ...
 [array(['2022-09-25,04:47:10'], dtype='<U19')]
 [array(['2022-09-25,04:47:11'], dtype='<U19')]
 [array(['2022-09-25,04:47:11'], dtype='<U19')]]","[[0.   ]
 [0.017]
 [0.034]
 ...
 [4.984]
 [5.   ]
 [5.   ]]","[[3.4054]
 [3.4313]
 [3.4443]
 ...
 [3.2391]
 [3.2393]
 [3.2393]]","[[3.9991]
 [3.9999]
 [4.    ]
 ...
 [0.    ]
 [0.    ]
 [0.    ]]","[[0.   ]
 [0.001]
 [0.002]
 ...
 [0.   ]
 [0.   ]
 [0.   ]]","[[0.   ]
 [0.004]
 [0.008]
 ...
 [0.   ]
 [0.   ]
 [0.   ]]","[[26.3]
 [26.3]
 [26.3]
 ...
 [26.2]
 [26.2]
 [26.2]]",['2C charge and 1C discharge']
"[[array(['2022-09-25,04:47:12'], dtype='<U19')]
 [array(['2022-09-25,04:47:13'], dtype='<U19')]
 [array(['2022-09-25,04:47:14'], dtype='<U19')]
 ...
 [array(['2022-09-25,06:45:58'], dtype='<U19')]
 [array(['2022-09-25,06:45:58'], dtype='<U19')]
 [array(['2022-09-25,06:45:58'], dtype='<U19')]]","[[0.   ]
 [0.019]
 [0.036]
 ...
 [4.999]
 [5.   ]
 [5.   ]]","[[3.406 ]
 [3.4313]
 [3.4458]
 ...
 [3.24  ]
 [3.24  ]
 [3.24  ]]","[[3.9991]
 [3.9999]
 [3.9999]
 ...
 [0.    ]
 [0.    ]
 [0.    ]]","[[0.   ]
 [0.001]
 [0.002]
 ...
 [0.   ]
 [0.   ]
 [0.   ]]","[[0.   ]
 [0.004]
 [0.008]
 ...
 [0.   ]
 [0.   ]
 [0.   ]]","[[26.2]
 [26.2]
 [26.2]
 ...
 [26.1]
 [26.1]
 [26.1]]",['2C charge and 1C discharge']
"[[array(['2022-09-25,06:45:59'], dtype='<U19')]
 [array(['2022-09-25,06:46:00'], dtype='<U19')]
 [array(['2022-09-25,06:46:01'], dtype='<U19')]
 ...
 [array(['2022-09-25,08:44:46'], dtype='<U19')]
 [array(['2022-09-25,08:44:46'], dtype='<U19')]
 [array(['2022-09-25,08:44:46'], dtype='<U19')]]","[[0.   ]
 [0.017]
 [0.034]
 ...
 [4.996]
 [5.   ]
 [5.   ]]","[[3.4067]
 [3.4335]
 [3.4457]
 ...
 [3.2383]
 [3.2383]
 [3.2383]]","[[3.9994]
 [3.9999]
 [4.    ]
 ...
 [0.    ]
 [0.    ]
 [0.    ]]","[[0.   ]
 [0.001]
 [0.002]
 ...
 [0.   ]
 [0.   ]
 [0.   ]]","[[0.   ]
 [0.004]
 [0.008]
 ...
 [0.   ]
 [0.   ]
 [0.   ]]","[[26.1]
 [26.1]
 [26.1]
 ...
 [26.3]
 [26.3]
 [26.3]]",['2C charge and 1C discharge']
"[[array(['2022-09-25,08:44:47'], dtype='<U19')]
 [array(['2022-09-25,08:44:48'], dtype='<U19')]
 [array(['2022-09-25,08:44:49'], dtype='<U19')]
 ...
 [array(['2022-09-25,10:43:38'], dtype='<U19')]
 [array(['2022-09-25,10:43:38'], dtype='<U19')]
 [array(['2022-09-25,10:43:39'], dtype='<U19')]]","[[0.   ]
 [0.017]
 [0.034]
 ...
 [4.999]
 [5.   ]
 [5.   ]]","[[3.4047]
 [3.431 ]
 [3.4437]
 ...
 [3.2273]
 [3.2273]
 [3.2273]]","[[3.9994]
 [3.9999]
 [4.    ]
 ...
 [0.    ]
 [0.    ]
 [0.    ]]","[[0.   ]
 [0.001]
 [0.002]
 ...
 [0.   ]
 [0.   ]
 [0.   ]]","[[0.   ]
 [0.004]
 [0.008]
 ...
 [0.   ]
 [0.   ]
 [0.   ]]","[[26.3]
 [26.2]
 [26.3]
 ...
 [26.8]
 [26.8]
 [26.8]]",['2C charge and 1C discharge']
"[[array(['2022-09-25,10:43:39'], dtype='<U19')]
 [array(['2022-09-25,10:43:41'], dtype='<U19')]
 [array(['2022-09-25,10:43:42'], dtype='<U19')]
 ...
 [array(['2022-09-25,12:42:07'], dtype='<U19')]
 [array(['2022-09-25,12:42:07'], dtype='<U19')]
 [array(['2022-09-25,12:42:07'], dtype='<U19')]]","[[0.   ]
 [0.017]
 [0.034]
 ...
 [4.998]
 [5.   ]
 [5.   ]]","[[3.3924]
 [3.4184]
 [3.4315]
 ...
 [3.2233]
 [3.2234]
 [3.2234]]","[[3.9991]
 [3.9999]
 [4.    ]
 ...
 [0.    ]
 [0.    ]
 [0.    ]]","[[0.   ]
 [0.001]
 [0.002]
 ...
 [0.   ]
 [0.   ]
 [0.   ]]","[[0.   ]
 [0.004]
 [0.008]
 ...
 [0.   ]
 [0.   ]
 [0.   ]]","[[26.8]
 [26.8]
 [26.8]
 ...
 [27. ]
 [27. ]
 [27. ]]",['2C charge and 1C discharge']
"[[array(['2022-09-25,12:42:08'], dtype='<U19')]
 [array(['2022-09-25,12:42:09'], dtype='<U19')]
 [array(['2022-09-25,12:42:10'], dtype='<U19')]
 ...
 [array(['2022-09-25,14:40:30'], dtype='<U19')]
 [array(['2022-09-25,14:40:30'], dtype='<U19')]
 [array(['2022-09-25,14:40:30'], dtype='<U19')]]","[[0.   ]
 [0.017]
 [0.034]
 ...
 [4.997]
 [5.   ]
 [5.   ]]","[[3.3884]
 [3.4141]
 [3.4273]
 ...
 [3.2271]
 [3.2271]
 [3.2271]]","[[3.9994]
 [3.9999]
 [4.    ]
 ...
 [0.    ]
 [0.    ]
 [0.    ]]","[[0.   ]
 [0.001]
 [0.002]
 ...
 [0.   ]
 [0.   ]
 [0.   ]]","[[0.   ]
 [0.004]
 [0.008]
 ...
 [0.   ]
 [0.   ]
 [0.   ]]","[[27. ]
 [27. ]
 [27. ]
 ...
 [26.8]
 [26.8]
 [26.8]]",['2C charge and 1C discharge']
"[[array(['2022-09-25,14:40:31'], dtype='<U19')]
 [array(['2022-09-25,14:40:32'], dtype='<U19')]
 [array(['2022-09-25,14:40:33'], dtype='<U19')]
 ...
 [array(['2022-09-25,16:39:10'], dtype='<U19')]
 [array(['2022-09-25,16:39:10'], dtype='<U19')]
 [array(['2022-09-25,16:39:11'], dtype='<U19')]]","[[0.   ]
 [0.017]
 [0.034]
 ...
 [4.999]
 [5.   ]
 [5.   ]]","[[3.392 ]
 [3.4186]
 [3.4318]
 ...
 [3.2265]
 [3.2265]
 [3.2265]]","[[3.9991]
 [4.    ]
 [4.    ]
 ...
 [0.    ]
 [0.    ]
 [0.    ]]","[[0.   ]
 [0.001]
 [0.002]
 ...
 [0.   ]
 [0.   ]
 [0.   ]]","[[0.   ]
 [0.004]
 [0.008]
 ...
 [0.   ]
 [0.   ]
 [0.   ]]","[[26.8]
 [26.8]
 [26.8]
 ...
 [26.9]
 [26.9]
 [26.9]]",['2C charge and 1C discharge']
"[[array(['2022-09-25,16:39:11'], dtype='<U19')]
 [array(['2022-09-25,16:39:13'], dtype='<U19')]
 [array(['2022-09-25,16:39:14'], dtype='<U19')]
 ...
 [array(['2022-09-25,18:37:35'], dtype='<U19')]
 [array(['2022-09-25,18:37:36'], dtype='<U19')]
 [array(['2022-09-25,18:37:36'], dtype='<U19')]]","[[0.   ]
 [0.017]
 [0.034]
 ...
 [4.998]
 [5.   ]
 [5.   ]]","[[3.3914]
 [3.4178]
 [3.4312]
 ...
 [3.2262]
 [3.2262]
 [3.2262]]","[[3.9991]
 [3.9999]
 [4.    ]
 ...
 [0.    ]
 [0.    ]
 [0.    ]]","[[0.   ]
 [0.001]
 [0.002]
 ...
 [0.   ]
 [0.   ]
 [0.   ]]","[[0.   ]
 [0.004]
 [0.008]
 ...
 [0.   ]
 [0.   ]
 [0.   ]]","[[26.9]
 [26.8]
 [26.8]
 ...
 [26.8]
 [26.8]
 [26.8]]",['2C charge and 1C discharge']
"[[array(['2022-09-25,18:37:37'], dtype='<U19')]
 [array(['2022-09-25,18:37:38'], dtype='<U19')]
 [array(['2022-09-25,18:37:39'], dtype='<U19')]
 ...
 [array(['2022-09-25,20:36:05'], dtype='<U19')]
 [array(['2022-09-25,20:36:05'], dtype='<U19')]
 [array(['2022-09-25,20:36:06'], dtype='<U19')]]","[[0.   ]
 [0.017]
 [0.034]
 ...
 [4.997]
 [5.   ]
 [5.   ]]","[[3.3914]
 [3.4178]
 [3.4317]
 ...
 [3.229 ]
 [3.229 ]
 [3.229 ]]","[[3.9991]
 [3.9999]
 [4.    ]
 ...
 [0.    ]
 [0.    ]
 [0.    ]]","[[0.   ]
 [0.001]
 [0.002]
 ...
 [0.   ]
 [0.   ]
 [0.   ]]","[[0.   ]
 [0.004]
 [0.008]
 ...
 [0.   ]
 [0.   ]
 [0.   ]]","[[26.8]
 [26.9]
 [26.8]
 ...
 [26.7]
 [26.7]
 [26.7]]",['2C charge and 1C discharge']
"[[array(['2022-09-25,20:36:06'], dtype='<U19')]
 [array(['2022-09-25,20:36:08'], dtype='<U19')]
 [array(['2022-09-25,20:36:09'], dtype='<U19')]
 ...
 [array(['2022-09-25,22:34:43'], dtype='<U19')]
 [array(['2022-09-25,22:34:44'], dtype='<U19')]
 [array(['2022-09-25,22:34:44'], dtype='<U19')]]","[[0.   ]
 [0.017]
 [0.034]
 ...
 [4.983]
 [5.   ]
 [5.   ]]","[[3.3947]
 [3.4214]
 [3.4347]
 ...
 [3.2302]
 [3.2302]
 [3.2302]]","[[3.9994]
 [3.9999]
 [4.    ]
 ...
 [0.    ]
 [0.    ]
 [0.    ]]","[[0.   ]
 [0.001]
 [0.002]
 ...
 [0.   ]
 [0.   ]
 [0.   ]]","[[0.   ]
 [0.004]
 [0.008]
 ...
 [0.   ]
 [0.   ]
 [0.   ]]","[[26.7]
 [26.7]
 [26.7]
 ...
 [26.7]
 [26.7]
 [26.7]]",['2C charge and 1C discharge']
"[[array(['2022-09-25,22:34:45'], dtype='<U19')]
 [array(['2022-09-25,22:34:46'], dtype='<U19')]
 [array(['2022-09-25,22:34:47'], dtype='<U19')]
 ...
 [array(['2022-09-26,00:33:21'], dtype='<U19')]
 [array(['2022-09-26,00:33:21'], dtype='<U19')]
 [array(['2022-09-26,00:33:21'], dtype='<U19')]]","[[0.   ]
 [0.017]
 [0.034]
 ...
 [4.999]
 [5.   ]
 [5.   ]]","[[3.3963]
 [3.4227]
 [3.4361]
 ...
 [3.2297]
 [3.2297]
 [3.2297]]","[[3.9991]
 [3.9999]
 [4.    ]
 ...
 [0.    ]
 [0.    ]
 [0.    ]]","[[0.   ]
 [0.001]
 [0.002]
 ...
 [0.   ]
 [0.   ]
 [0.   ]]","[[0.   ]
 [0.004]
 [0.008]
 ...
 [0.   ]
 [0.   ]
 [0.   ]]","[[26.7]
 [26.7]
 [26.7]
 ...
 [26.6]
 [26.6]
 [26.6]]",['2C charge and 1C discharge']
"[[array(['2022-09-26,00:33:22'], dtype='<U19')]
 [array(['2022-09-26,00:33:23'], dtype='<U19')]
 [array(['2022-09-26,00:33:24'], dtype='<U19')]
 ...
 [array(['2022-09-26,02:31:58'], dtype='<U19')]
 [array(['2022-09-26,02:31:58'], dtype='<U19')]
 [array(['2022-09-26,02:31:58'], dtype='<U19')]]","[[0.   ]
 [0.017]
 [0.035]
 ...
 [4.999]
 [5.   ]
 [5.   ]]","[[3.396 ]
 [3.4232]
 [3.4363]
 ...
 [3.2296]
 [3.2296]
 [3.2296]]","[[3.9991]
 [4.    ]
 [4.    ]
 ...
 [0.    ]
 [0.    ]
 [0.    ]]","[[0.   ]
 [0.001]
 [0.002]
 ...
 [0.   ]
 [0.   ]
 [0.   ]]","[[0.   ]
 [0.004]
 [0.008]
 ...
 [0.   ]
 [0.   ]
 [0.   ]]","[[26.6]
 [26.6]
 [26.6]
 ...
 [26.7]
 [26.7]
 [26.7]]",['2C charge and 1C discharge']
"[[array(['2022-09-26,02:31:59'], dtype='<U19')]
 [array(['2022-09-26,02:32:00'], dtype='<U19')]
 [array(['2022-09-26,02:32:01'], dtype='<U19')]
 ...
 [array(['2022-09-26,04:30:30'], dtype='<U19')]
 [array(['2022-09-26,04:30:31'], dtype='<U19')]
 [array(['2022-09-26,04:30:31'], dtype='<U19')]]","[[0.   ]
 [0.017]
 [0.034]
 ...
 [4.985]
 [5.001]
 [5.001]]","[[3.3949]
 [3.4221]
 [3.4355]
 ...
 [3.2296]
 [3.2296]
 [3.2296]]","[[3.9991]
 [3.9999]
 [4.    ]
 ...
 [0.    ]
 [0.    ]
 [0.    ]]","[[0.   ]
 [0.001]
 [0.002]
 ...
 [0.   ]
 [0.   ]
 [0.   ]]","[[0.   ]
 [0.004]
 [0.008]
 ...
 [0.   ]
 [0.   ]
 [0.   ]]","[[26.6]
 [26.6]
 [26.6]
 ...
 [26.7]
 [26.7]
 [26.7]]",['2C charge and 1C discharge']
"[[array(['2022-09-26,04:30:32'], dtype='<U19')]
 [array(['2022-09-26,04:30:33'], dtype='<U19')]
 [array(['2022-09-26,04:30:34'], dtype='<U19')]
 ...
 [array(['2022-09-26,06:29:02'], dtype='<U19')]
 [array(['2022-09-26,06:29:02'], dtype='<U19')]
 [array(['2022-09-26,06:29:03'], dtype='<U19')]]","[[0.   ]
 [0.017]
 [0.034]
 ...
 [4.984]
 [5.   ]
 [5.   ]]","[[3.3961]
 [3.4224]
 [3.4353]
 ...
 [3.2303]
 [3.2305]
 [3.2305]]","[[3.9991]
 [3.9999]
 [4.    ]
 ...
 [0.    ]
 [0.    ]
 [0.    ]]","[[0.   ]
 [0.001]
 [0.002]
 ...
 [0.   ]
 [0.   ]
 [0.   ]]","[[0.   ]
 [0.004]
 [0.008]
 ...
 [0.   ]
 [0.   ]
 [0.   ]]","[[26.7]
 [26.7]
 [26.7]
 ...
 [26.6]
 [26.6]
 [26.6]]",['2C charge and 1C discharge']
"[[array(['2022-09-26,06:29:04'], dtype='<U19')]
 [array(['2022-09-26,06:29:05'], dtype='<U19')]
 [array(['2022-09-26,06:29:06'], dtype='<U19')]
 ...
 [array(['2022-09-26,08:27:36'], dtype='<U19')]
 [array(['2022-09-26,08:27:37'], dtype='<U19')]
 [array(['2022-09-26,08:27:37'], dtype='<U19')]]","[[0.   ]
 [0.017]
 [0.034]
 ...
 [4.984]
 [5.   ]
 [5.   ]]","[[3.3972]
 [3.4237]
 [3.437 ]
 ...
 [3.2305]
 [3.2307]
 [3.2307]]","[[3.9994]
 [3.9999]
 [4.    ]
 ...
 [0.    ]
 [0.    ]
 [0.    ]]","[[0.   ]
 [0.001]
 [0.002]
 ...
 [0.   ]
 [0.   ]
 [0.   ]]","[[0.   ]
 [0.004]
 [0.008]
 ...
 [0.   ]
 [0.   ]
 [0.   ]]","[[26.5]
 [26.5]
 [26.6]
 ...
 [26.5]
 [26.6]
 [26.5]]",['2C charge and 1C discharge']
"[[array(['2022-09-26,08:27:38'], dtype='<U19')]
 [array(['2022-09-26,08:27:39'], dtype='<U19')]
 [array(['2022-09-26,08:27:40'], dtype='<U19')]
 ...
 [array(['2022-09-26,10:26:21'], dtype='<U19')]
 [array(['2022-09-26,10:26:21'], dtype='<U19')]
 [array(['2022-09-26,10:26:21'], dtype='<U19')]]","[[0.   ]
 [0.017]
 [0.034]
 ...
 [4.999]
 [5.001]
 [5.001]]","[[3.3964]
 [3.4238]
 [3.4373]
 ...
 [3.2236]
 [3.2236]
 [3.2237]]","[[3.9991]
 [3.9999]
 [4.    ]
 ...
 [0.    ]
 [0.    ]
 [0.    ]]","[[0.   ]
 [0.001]
 [0.002]
 ...
 [0.   ]
 [0.   ]
 [0.   ]]","[[0.   ]
 [0.004]
 [0.008]
 ...
 [0.   ]
 [0.   ]
 [0.   ]]","[[26.5]
 [26.6]
 [26.5]
 ...
 [27. ]
 [26.9]
 [27. ]]",['2C charge and 1C discharge']
"[[array(['2022-09-26,10:26:22'], dtype='<U19')]
 [array(['2022-09-26,10:26:23'], dtype='<U19')]
 [array(['2022-09-26,10:26:24'], dtype='<U19')]
 ...
 [array(['2022-09-26,12:24:42'], dtype='<U19')]
 [array(['2022-09-26,12:24:42'], dtype='<U19')]
 [array(['2022-09-26,12:24:42'], dtype='<U19')]]","[[0.   ]
 [0.019]
 [0.036]
 ...
 [4.999]
 [5.   ]
 [5.   ]]","[[3.3878]
 [3.4154]
 [3.4298]
 ...
 [3.218 ]
 [3.2179]
 [3.218 ]]","[[3.9991]
 [3.9999]
 [4.    ]
 ...
 [0.    ]
 [0.    ]
 [0.    ]]","[[0.   ]
 [0.001]
 [0.002]
 ...
 [0.   ]
 [0.   ]
 [0.   ]]","[[0.   ]
 [0.004]
 [0.008]
 ...
 [0.   ]
 [0.   ]
 [0.   ]]","[[26.9]
 [26.9]
 [27. ]
 ...
 [27.2]
 [27.2]
 [27.2]]",['2C charge and 1C discharge']
"[[array(['2022-09-26,12:24:43'], dtype='<U19')]
 [array(['2022-09-26,12:24:44'], dtype='<U19')]
 [array(['2022-09-26,12:24:46'], dtype='<U19')]
 ...
 [array(['2022-09-26,14:22:53'], dtype='<U19')]
 [array(['2022-09-26,14:22:53'], dtype='<U19')]
 [array(['2022-09-26,14:22:53'], dtype='<U19')]]","[[0.   ]
 [0.017]
 [0.034]
 ...
 [4.996]
 [5.   ]
 [5.   ]]","[[3.3823]
 [3.4089]
 [3.4226]
 ...
 [3.2205]
 [3.2205]
 [3.2205]]","[[3.9991]
 [3.9999]
 [4.    ]
 ...
 [0.    ]
 [0.    ]
 [0.    ]]","[[0.   ]
 [0.001]
 [0.002]
 ...
 [0.   ]
 [0.   ]
 [0.   ]]","[[0.   ]
 [0.004]
 [0.008]
 ...
 [0.   ]
 [0.   ]
 [0.   ]]","[[27.2]
 [27.2]
 [27.2]
 ...
 [27.2]
 [27.2]
 [27.2]]",['2C charge and 1C discharge']
"[[array(['2022-09-26,14:22:54'], dtype='<U19')]
 [array(['2022-09-26,14:22:56'], dtype='<U19')]
 [array(['2022-09-26,14:22:57'], dtype='<U19')]
 ...
 [array(['2022-09-26,16:21:21'], dtype='<U19')]
 [array(['2022-09-26,16:21:21'], dtype='<U19')]
 [array(['2022-09-26,16:21:21'], dtype='<U19')]]","[[0.   ]
 [0.017]
 [0.034]
 ...
 [5.   ]
 [5.   ]
 [5.   ]]","[[3.3851]
 [3.4118]
 [3.4255]
 ...
 [3.2188]
 [3.2188]
 [3.2188]]","[[3.9991]
 [4.    ]
 [4.    ]
 ...
 [0.    ]
 [0.    ]
 [0.    ]]","[[0.   ]
 [0.001]
 [0.002]
 ...
 [0.   ]
 [0.   ]
 [0.   ]]","[[0.   ]
 [0.004]
 [0.008]
 ...
 [0.   ]
 [0.   ]
 [0.   ]]","[[27.2]
 [27.2]
 [27.1]
 ...
 [27.2]
 [27.2]
 [27.2]]",['2C charge and 1C discharge']
"[[array(['2022-09-26,16:21:22'], dtype='<U19')]
 [array(['2022-09-26,16:21:23'], dtype='<U19')]
 [array(['2022-09-26,16:21:24'], dtype='<U19')]
 ...
 [array(['2022-09-26,18:19:35'], dtype='<U19')]
 [array(['2022-09-26,18:19:35'], dtype='<U19')]
 [array(['2022-09-26,18:19:35'], dtype='<U19')]]","[[0.   ]
 [0.018]
 [0.035]
 ...
 [4.998]
 [5.001]
 [5.001]]","[[3.3835]
 [3.4103]
 [3.4244]
 ...
 [3.2187]
 [3.2187]
 [3.2187]]","[[3.9991]
 [3.9999]
 [3.9999]
 ...
 [0.    ]
 [0.    ]
 [0.    ]]","[[0.   ]
 [0.001]
 [0.002]
 ...
 [0.   ]
 [0.   ]
 [0.   ]]","[[0.   ]
 [0.004]
 [0.008]
 ...
 [0.   ]
 [0.   ]
 [0.   ]]","[[27.2]
 [27.2]
 [27.2]
 ...
 [27.2]
 [27.2]
 [27.2]]",['2C charge and 1C discharge']
"[[array(['2022-09-26,18:19:36'], dtype='<U19')]
 [array(['2022-09-26,18:19:37'], dtype='<U19')]
 [array(['2022-09-26,18:19:39'], dtype='<U19')]
 ...
 [array(['2022-09-26,20:17:53'], dtype='<U19')]
 [array(['2022-09-26,20:17:54'], dtype='<U19')]
 [array(['2022-09-26,20:17:54'], dtype='<U19')]]","[[0.   ]
 [0.017]
 [0.034]
 ...
 [4.986]
 [5.001]
 [5.001]]","[[3.3843]
 [3.4107]
 [3.4243]
 ...
 [3.2191]
 [3.2194]
 [3.2194]]","[[3.9991]
 [4.    ]
 [4.    ]
 ...
 [0.    ]
 [0.    ]
 [0.    ]]","[[0.   ]
 [0.001]
 [0.002]
 ...
 [0.   ]
 [0.   ]
 [0.   ]]","[[0.   ]
 [0.004]
 [0.008]
 ...
 [0.   ]
 [0.   ]
 [0.   ]]","[[27.2]
 [27.2]
 [27.2]
 ...
 [27.2]
 [27.2]
 [27.2]]",['2C charge and 1C discharge']
"[[array(['2022-09-26,20:17:55'], dtype='<U19')]
 [array(['2022-09-26,20:17:56'], dtype='<U19')]
 [array(['2022-09-26,20:17:57'], dtype='<U19')]
 ...
 [array(['2022-09-26,22:16:15'], dtype='<U19')]
 [array(['2022-09-26,22:16:15'], dtype='<U19')]
 [array(['2022-09-26,22:16:16'], dtype='<U19')]]","[[0.   ]
 [0.017]
 [0.034]
 ...
 [4.997]
 [5.001]
 [5.001]]","[[3.3837]
 [3.4109]
 [3.4246]
 ...
 [3.219 ]
 [3.2191]
 [3.2191]]","[[3.9991]
 [3.9999]
 [4.    ]
 ...
 [0.    ]
 [0.    ]
 [0.    ]]","[[0.   ]
 [0.001]
 [0.002]
 ...
 [0.   ]
 [0.   ]
 [0.   ]]","[[0.   ]
 [0.004]
 [0.008]
 ...
 [0.   ]
 [0.   ]
 [0.   ]]","[[27.2]
 [27.2]
 [27.2]
 ...
 [27.2]
 [27.2]
 [27.2]]",['2C charge and 1C discharge']
"[[array(['2022-09-26,22:16:17'], dtype='<U19')]
 [array(['2022-09-26,22:16:18'], dtype='<U19')]
 [array(['2022-09-26,22:16:19'], dtype='<U19')]
 ...
 [array(['2022-09-27,00:14:34'], dtype='<U19')]
 [array(['2022-09-27,00:14:34'], dtype='<U19')]
 [array(['2022-09-27,00:14:34'], dtype='<U19')]]","[[0.   ]
 [0.017]
 [0.034]
 ...
 [4.997]
 [5.001]
 [5.001]]","[[3.384 ]
 [3.4109]
 [3.4246]
 ...
 [3.2208]
 [3.2208]
 [3.2208]]","[[3.9991]
 [4.    ]
 [4.    ]
 ...
 [0.    ]
 [0.    ]
 [0.    ]]","[[0.   ]
 [0.001]
 [0.002]
 ...
 [0.   ]
 [0.   ]
 [0.   ]]","[[0.   ]
 [0.004]
 [0.008]
 ...
 [0.   ]
 [0.   ]
 [0.   ]]","[[27.2]
 [27.2]
 [27.2]
 ...
 [27.1]
 [27.1]
 [27.1]]",['2C charge and 1C discharge']
"[[array(['2022-09-27,00:14:35'], dtype='<U19')]
 [array(['2022-09-27,00:14:36'], dtype='<U19')]
 [array(['2022-09-27,00:14:37'], dtype='<U19')]
 ...
 [array(['2022-09-27,02:12:56'], dtype='<U19')]
 [array(['2022-09-27,02:12:56'], dtype='<U19')]
 [array(['2022-09-27,02:12:56'], dtype='<U19')]]","[[0.   ]
 [0.017]
 [0.034]
 ...
 [4.999]
 [5.001]
 [5.001]]","[[3.3852]
 [3.413 ]
 [3.4267]
 ...
 [3.2216]
 [3.2216]
 [3.2216]]","[[3.9991]
 [3.9999]
 [4.    ]
 ...
 [0.    ]
 [0.    ]
 [0.    ]]","[[0.   ]
 [0.001]
 [0.002]
 ...
 [0.   ]
 [0.   ]
 [0.   ]]","[[0.   ]
 [0.004]
 [0.008]
 ...
 [0.   ]
 [0.   ]
 [0.   ]]","[[27.1]
 [27.1]
 [27.1]
 ...
 [27.1]
 [27.1]
 [27.1]]",['2C charge and 1C discharge']
"[[array(['2022-09-27,02:12:57'], dtype='<U19')]
 [array(['2022-09-27,02:12:58'], dtype='<U19')]
 [array(['2022-09-27,02:12:59'], dtype='<U19')]
 ...
 [array(['2022-09-27,04:11:18'], dtype='<U19')]
 [array(['2022-09-27,04:11:18'], dtype='<U19')]
 [array(['2022-09-27,04:11:18'], dtype='<U19')]]","[[0.   ]
 [0.017]
 [0.034]
 ...
 [4.999]
 [5.001]
 [5.001]]","[[3.3869]
 [3.4141]
 [3.4278]
 ...
 [3.2216]
 [3.2216]
 [3.2216]]","[[3.9994]
 [3.9999]
 [4.    ]
 ...
 [0.    ]
 [0.    ]
 [0.    ]]","[[0.   ]
 [0.001]
 [0.002]
 ...
 [0.   ]
 [0.   ]
 [0.   ]]","[[0.   ]
 [0.004]
 [0.008]
 ...
 [0.   ]
 [0.   ]
 [0.   ]]","[[27.1]
 [27.1]
 [27. ]
 ...
 [27.1]
 [27.1]
 [27.1]]",['2C charge and 1C discharge']
"[[array(['2022-09-27,04:11:19'], dtype='<U19')]
 [array(['2022-09-27,04:11:20'], dtype='<U19')]
 [array(['2022-09-27,04:11:21'], dtype='<U19')]
 ...
 [array(['2022-09-27,06:09:40'], dtype='<U19')]
 [array(['2022-09-27,06:09:40'], dtype='<U19')]
 [array(['2022-09-27,06:09:41'], dtype='<U19')]]","[[0.   ]
 [0.017]
 [0.034]
 ...
 [4.999]
 [5.   ]
 [5.   ]]","[[3.3864]
 [3.414 ]
 [3.4278]
 ...
 [3.2213]
 [3.2213]
 [3.2213]]","[[3.9994]
 [3.9999]
 [4.    ]
 ...
 [0.    ]
 [0.    ]
 [0.    ]]","[[0.   ]
 [0.001]
 [0.002]
 ...
 [0.   ]
 [0.   ]
 [0.   ]]","[[0.   ]
 [0.004]
 [0.008]
 ...
 [0.   ]
 [0.   ]
 [0.   ]]","[[27.1]
 [27. ]
 [27. ]
 ...
 [27. ]
 [27. ]
 [27. ]]",['2C charge and 1C discharge']
"[[array(['2022-09-27,06:09:41'], dtype='<U19')]
 [array(['2022-09-27,06:09:43'], dtype='<U19')]
 [array(['2022-09-27,06:09:44'], dtype='<U19')]
 ...
 [array(['2022-09-27,08:08:03'], dtype='<U19')]
 [array(['2022-09-27,08:08:03'], dtype='<U19')]
 [array(['2022-09-27,08:08:03'], dtype='<U19')]]","[[0.   ]
 [0.017]
 [0.036]
 ...
 [4.997]
 [5.   ]
 [5.   ]]","[[3.3861]
 [3.414 ]
 [3.4278]
 ...
 [3.2216]
 [3.2216]
 [3.2216]]","[[3.9991]
 [4.    ]
 [4.    ]
 ...
 [0.    ]
 [0.    ]
 [0.    ]]","[[0.   ]
 [0.001]
 [0.002]
 ...
 [0.   ]
 [0.   ]
 [0.   ]]","[[0.   ]
 [0.004]
 [0.008]
 ...
 [0.   ]
 [0.   ]
 [0.   ]]","[[27.1]
 [27. ]
 [27. ]
 ...
 [27.1]
 [27. ]
 [27. ]]",['2C charge and 1C discharge']
"[[array(['2022-09-27,08:08:04'], dtype='<U19')]
 [array(['2022-09-27,08:08:05'], dtype='<U19')]
 [array(['2022-09-27,08:08:06'], dtype='<U19')]
 ...
 [array(['2022-09-27,10:06:27'], dtype='<U19')]
 [array(['2022-09-27,10:06:27'], dtype='<U19')]
 [array(['2022-09-27,10:06:27'], dtype='<U19')]]","[[0.   ]
 [0.017]
 [0.034]
 ...
 [5.   ]
 [5.   ]
 [5.   ]]","[[3.3855]
 [3.414 ]
 [3.428 ]
 ...
 [3.2217]
 [3.2217]
 [3.2217]]","[[3.9994]
 [3.9999]
 [4.    ]
 ...
 [0.    ]
 [0.    ]
 [0.    ]]","[[0.   ]
 [0.001]
 [0.002]
 ...
 [0.   ]
 [0.   ]
 [0.   ]]","[[0.   ]
 [0.004]
 [0.008]
 ...
 [0.   ]
 [0.   ]
 [0.   ]]","[[27.]
 [27.]
 [27.]
 ...
 [27.]
 [27.]
 [27.]]",['2C charge and 1C discharge']
"[[array(['2022-09-27,10:06:28'], dtype='<U19')]
 [array(['2022-09-27,10:06:29'], dtype='<U19')]
 [array(['2022-09-27,10:06:30'], dtype='<U19')]
 ...
 [array(['2022-09-27,12:04:50'], dtype='<U19')]
 [array(['2022-09-27,12:04:50'], dtype='<U19')]
 [array(['2022-09-27,12:04:50'], dtype='<U19')]]","[[0.   ]
 [0.017]
 [0.035]
 ...
 [4.999]
 [5.   ]
 [5.   ]]","[[3.3866]
 [3.4152]
 [3.429 ]
 ...
 [3.2187]
 [3.2187]
 [3.2187]]","[[3.9994]
 [3.9999]
 [4.    ]
 ...
 [0.    ]
 [0.    ]
 [0.    ]]","[[0.   ]
 [0.001]
 [0.002]
 ...
 [0.   ]
 [0.   ]
 [0.   ]]","[[0.   ]
 [0.004]
 [0.008]
 ...
 [0.   ]
 [0.   ]
 [0.   ]]","[[27. ]
 [27. ]
 [26.9]
 ...
 [27.2]
 [27.2]
 [27.2]]",['2C charge and 1C discharge']
"[[array(['2022-09-27,12:04:51'], dtype='<U19')]
 [array(['2022-09-27,12:04:52'], dtype='<U19')]
 [array(['2022-09-27,12:04:53'], dtype='<U19')]
 ...
 [array(['2022-09-27,14:03:01'], dtype='<U19')]
 [array(['2022-09-27,14:03:02'], dtype='<U19')]
 [array(['2022-09-27,14:03:02'], dtype='<U19')]]","[[0.   ]
 [0.017]
 [0.034]
 ...
 [4.984]
 [5.001]
 [5.001]]","[[3.3832]
 [3.4109]
 [3.4247]
 ...
 [3.219 ]
 [3.2191]
 [3.2191]]","[[3.9991]
 [3.9999]
 [3.9999]
 ...
 [0.    ]
 [0.    ]
 [0.    ]]","[[0.   ]
 [0.001]
 [0.002]
 ...
 [0.   ]
 [0.   ]
 [0.   ]]","[[0.   ]
 [0.004]
 [0.008]
 ...
 [0.   ]
 [0.   ]
 [0.   ]]","[[27.2]
 [27.2]
 [27.2]
 ...
 [27.2]
 [27.2]
 [27.2]]",['2C charge and 1C discharge']
"[[array(['2022-09-27,14:03:03'], dtype='<U19')]
 [array(['2022-09-27,14:03:04'], dtype='<U19')]
 [array(['2022-09-27,14:03:05'], dtype='<U19')]
 ...
 [array(['2022-09-27,16:01:22'], dtype='<U19')]
 [array(['2022-09-27,16:01:22'], dtype='<U19')]
 [array(['2022-09-27,16:01:22'], dtype='<U19')]]","[[0.   ]
 [0.017]
 [0.034]
 ...
 [4.998]
 [5.   ]
 [5.   ]]","[[3.3851]
 [3.4115]
 [3.4257]
 ...
 [3.2156]
 [3.2156]
 [3.2156]]","[[3.9994]
 [3.9999]
 [4.    ]
 ...
 [0.    ]
 [0.    ]
 [0.    ]]","[[0.   ]
 [0.001]
 [0.002]
 ...
 [0.   ]
 [0.   ]
 [0.   ]]","[[0.   ]
 [0.004]
 [0.008]
 ...
 [0.   ]
 [0.   ]
 [0.   ]]","[[27.2]
 [27.2]
 [27.1]
 ...
 [27.4]
 [27.4]
 [27.4]]",['2C charge and 1C discharge']
"[[array(['2022-09-27,16:01:23'], dtype='<U19')]
 [array(['2022-09-27,16:01:24'], dtype='<U19')]
 [array(['2022-09-27,16:01:25'], dtype='<U19')]
 ...
 [array(['2022-09-27,17:59:30'], dtype='<U19')]
 [array(['2022-09-27,17:59:31'], dtype='<U19')]
 [array(['2022-09-27,17:59:31'], dtype='<U19')]]","[[0.   ]
 [0.017]
 [0.034]
 ...
 [4.984]
 [5.   ]
 [5.   ]]","[[3.3798]
 [3.4081]
 [3.422 ]
 ...
 [3.2164]
 [3.2165]
 [3.2164]]","[[3.9991]
 [3.9999]
 [4.    ]
 ...
 [0.    ]
 [0.    ]
 [0.    ]]","[[0.   ]
 [0.001]
 [0.002]
 ...
 [0.   ]
 [0.   ]
 [0.   ]]","[[0.   ]
 [0.004]
 [0.008]
 ...
 [0.   ]
 [0.   ]
 [0.   ]]","[[27.4]
 [27.3]
 [27.4]
 ...
 [27.4]
 [27.3]
 [27.3]]",['2C charge and 1C discharge']
"[[array(['2022-09-27,17:59:32'], dtype='<U19')]
 [array(['2022-09-27,17:59:33'], dtype='<U19')]
 [array(['2022-09-27,17:59:34'], dtype='<U19')]
 ...
 [array(['2022-09-27,19:57:45'], dtype='<U19')]
 [array(['2022-09-27,19:57:46'], dtype='<U19')]
 [array(['2022-09-27,19:57:46'], dtype='<U19')]]","[[0.   ]
 [0.017]
 [0.034]
 ...
 [4.985]
 [5.   ]
 [5.   ]]","[[3.3815]
 [3.4087]
 [3.4227]
 ...
 [3.2171]
 [3.2173]
 [3.2173]]","[[3.9994]
 [3.9999]
 [4.    ]
 ...
 [0.    ]
 [0.    ]
 [0.    ]]","[[0.   ]
 [0.001]
 [0.002]
 ...
 [0.   ]
 [0.   ]
 [0.   ]]","[[0.   ]
 [0.004]
 [0.008]
 ...
 [0.   ]
 [0.   ]
 [0.   ]]","[[27.3]
 [27.3]
 [27.3]
 ...
 [27.2]
 [27.2]
 [27.2]]",['2C charge and 1C discharge']
"[[array(['2022-09-27,19:57:47'], dtype='<U19')]
 [array(['2022-09-27,19:57:48'], dtype='<U19')]
 [array(['2022-09-27,19:57:49'], dtype='<U19')]
 ...
 [array(['2022-09-27,21:56:01'], dtype='<U19')]
 [array(['2022-09-27,21:56:01'], dtype='<U19')]
 [array(['2022-09-27,21:56:01'], dtype='<U19')]]","[[0.   ]
 [0.017]
 [0.034]
 ...
 [4.998]
 [5.001]
 [5.001]]","[[3.3823]
 [3.41  ]
 [3.424 ]
 ...
 [3.2177]
 [3.2177]
 [3.2177]]","[[3.9994]
 [3.9999]
 [4.    ]
 ...
 [0.    ]
 [0.    ]
 [0.    ]]","[[0.   ]
 [0.001]
 [0.002]
 ...
 [0.   ]
 [0.   ]
 [0.   ]]","[[0.   ]
 [0.004]
 [0.008]
 ...
 [0.   ]
 [0.   ]
 [0.   ]]","[[27.2]
 [27.2]
 [27.2]
 ...
 [27.2]
 [27.2]
 [27.2]]",['2C charge and 1C discharge']
"[[array(['2022-09-27,21:56:02'], dtype='<U19')]
 [array(['2022-09-27,21:56:03'], dtype='<U19')]
 [array(['2022-09-27,21:56:04'], dtype='<U19')]
 ...
 [array(['2022-09-27,23:54:17'], dtype='<U19')]
 [array(['2022-09-27,23:54:17'], dtype='<U19')]
 [array(['2022-09-27,23:54:17'], dtype='<U19')]]","[[0.   ]
 [0.017]
 [0.035]
 ...
 [4.998]
 [5.   ]
 [5.   ]]","[[3.382 ]
 [3.4107]
 [3.4238]
 ...
 [3.2182]
 [3.2182]
 [3.2182]]","[[3.9991]
 [3.9999]
 [4.    ]
 ...
 [0.    ]
 [0.    ]
 [0.    ]]","[[0.   ]
 [0.001]
 [0.002]
 ...
 [0.   ]
 [0.   ]
 [0.   ]]","[[0.   ]
 [0.004]
 [0.008]
 ...
 [0.   ]
 [0.   ]
 [0.   ]]","[[27.3]
 [27.2]
 [27.2]
 ...
 [27.2]
 [27.2]
 [27.2]]",['2C charge and 1C discharge']
"[[array(['2022-09-27,23:54:18'], dtype='<U19')]
 [array(['2022-09-27,23:54:19'], dtype='<U19')]
 [array(['2022-09-27,23:54:20'], dtype='<U19')]
 ...
 [array(['2022-09-28,01:52:30'], dtype='<U19')]
 [array(['2022-09-28,01:52:30'], dtype='<U19')]
 [array(['2022-09-28,01:52:30'], dtype='<U19')]]","[[0.   ]
 [0.017]
 [0.034]
 ...
 [4.999]
 [5.001]
 [5.001]]","[[3.3832]
 [3.4117]
 [3.4255]
 ...
 [3.2191]
 [3.2191]
 [3.2191]]","[[3.9991]
 [3.9999]
 [4.    ]
 ...
 [0.    ]
 [0.    ]
 [0.    ]]","[[0.   ]
 [0.001]
 [0.002]
 ...
 [0.   ]
 [0.   ]
 [0.   ]]","[[0.   ]
 [0.004]
 [0.008]
 ...
 [0.   ]
 [0.   ]
 [0.   ]]","[[27.2]
 [27.2]
 [27.2]
 ...
 [27.2]
 [27.2]
 [27.2]]",['2C charge and 1C discharge']
"[[array(['2022-09-28,01:52:31'], dtype='<U19')]
 [array(['2022-09-28,01:52:32'], dtype='<U19')]
 [array(['2022-09-28,01:52:33'], dtype='<U19')]
 ...
 [array(['2022-09-28,03:50:39'], dtype='<U19')]
 [array(['2022-09-28,03:50:39'], dtype='<U19')]
 [array(['2022-09-28,03:50:39'], dtype='<U19')]]","[[0.   ]
 [0.017]
 [0.034]
 ...
 [4.998]
 [5.   ]
 [5.   ]]","[[3.3848]
 [3.4123]
 [3.4263]
 ...
 [3.2197]
 [3.2199]
 [3.2197]]","[[3.9991]
 [3.9999]
 [4.    ]
 ...
 [0.    ]
 [0.    ]
 [0.    ]]","[[0.   ]
 [0.001]
 [0.002]
 ...
 [0.   ]
 [0.   ]
 [0.   ]]","[[0.   ]
 [0.004]
 [0.008]
 ...
 [0.   ]
 [0.   ]
 [0.   ]]","[[27.2]
 [27.2]
 [27.2]
 ...
 [27.1]
 [27.1]
 [27.1]]",['2C charge and 1C discharge']
"[[array(['2022-09-28,03:50:40'], dtype='<U19')]
 [array(['2022-09-28,03:50:41'], dtype='<U19')]
 [array(['2022-09-28,03:50:42'], dtype='<U19')]
 ...
 [array(['2022-09-28,05:48:51'], dtype='<U19')]
 [array(['2022-09-28,05:48:51'], dtype='<U19')]
 [array(['2022-09-28,05:48:51'], dtype='<U19')]]","[[0.   ]
 [0.017]
 [0.034]
 ...
 [4.999]
 [5.   ]
 [5.   ]]","[[3.3843]
 [3.4134]
 [3.4273]
 ...
 [3.2219]
 [3.222 ]
 [3.2219]]","[[3.9991]
 [3.9999]
 [4.    ]
 ...
 [0.    ]
 [0.    ]
 [0.    ]]","[[0.   ]
 [0.001]
 [0.002]
 ...
 [0.   ]
 [0.   ]
 [0.   ]]","[[0.   ]
 [0.004]
 [0.008]
 ...
 [0.   ]
 [0.   ]
 [0.   ]]","[[27.1]
 [27.1]
 [27.1]
 ...
 [27. ]
 [27. ]
 [27. ]]",['2C charge and 1C discharge']
"[[array(['2022-09-28,05:48:52'], dtype='<U19')]
 [array(['2022-09-28,05:48:53'], dtype='<U19')]
 [array(['2022-09-28,05:48:54'], dtype='<U19')]
 ...
 [array(['2022-09-28,07:46:59'], dtype='<U19')]
 [array(['2022-09-28,07:46:59'], dtype='<U19')]
 [array(['2022-09-28,07:46:59'], dtype='<U19')]]","[[0.   ]
 [0.017]
 [0.034]
 ...
 [4.997]
 [5.   ]
 [5.   ]]","[[3.3878]
 [3.4157]
 [3.4297]
 ...
 [3.2222]
 [3.2223]
 [3.2223]]","[[3.9991]
 [3.9999]
 [4.    ]
 ...
 [0.    ]
 [0.    ]
 [0.    ]]","[[0.   ]
 [0.001]
 [0.002]
 ...
 [0.   ]
 [0.   ]
 [0.   ]]","[[0.   ]
 [0.004]
 [0.008]
 ...
 [0.   ]
 [0.   ]
 [0.   ]]","[[27. ]
 [27.1]
 [27. ]
 ...
 [27. ]
 [27. ]
 [27. ]]",['2C charge and 1C discharge']
"[[array(['2022-09-28,07:47:00'], dtype='<U19')]
 [array(['2022-09-28,07:47:01'], dtype='<U19')]
 [array(['2022-09-28,07:47:02'], dtype='<U19')]
 ...
 [array(['2022-09-28,09:45:15'], dtype='<U19')]
 [array(['2022-09-28,09:45:15'], dtype='<U19')]
 [array(['2022-09-28,09:45:15'], dtype='<U19')]]","[[0.   ]
 [0.017]
 [0.034]
 ...
 [4.998]
 [5.001]
 [5.001]]","[[3.3878]
 [3.416 ]
 [3.4301]
 ...
 [3.2177]
 [3.2177]
 [3.2177]]","[[3.9991]
 [3.9999]
 [4.    ]
 ...
 [0.    ]
 [0.    ]
 [0.    ]]","[[0.   ]
 [0.001]
 [0.002]
 ...
 [0.   ]
 [0.   ]
 [0.   ]]","[[0.   ]
 [0.004]
 [0.008]
 ...
 [0.   ]
 [0.   ]
 [0.   ]]","[[27. ]
 [27. ]
 [27. ]
 ...
 [27.4]
 [27.4]
 [27.3]]",['2C charge and 1C discharge']
"[[array(['2022-09-28,09:45:16'], dtype='<U19')]
 [array(['2022-09-28,09:45:17'], dtype='<U19')]
 [array(['2022-09-28,09:45:18'], dtype='<U19')]
 ...
 [array(['2022-09-28,11:43:17'], dtype='<U19')]
 [array(['2022-09-28,11:43:17'], dtype='<U19')]
 [array(['2022-09-28,11:43:17'], dtype='<U19')]]","[[0.   ]
 [0.017]
 [0.034]
 ...
 [4.999]
 [5.001]
 [5.001]]","[[3.382 ]
 [3.4101]
 [3.4241]
 ...
 [3.2097]
 [3.2096]
 [3.2096]]","[[3.9991]
 [3.9999]
 [3.9999]
 ...
 [0.    ]
 [0.    ]
 [0.    ]]","[[0.   ]
 [0.001]
 [0.002]
 ...
 [0.   ]
 [0.   ]
 [0.   ]]","[[0.   ]
 [0.004]
 [0.008]
 ...
 [0.   ]
 [0.   ]
 [0.   ]]","[[27.4]
 [27.3]
 [27.3]
 ...
 [27.8]
 [27.8]
 [27.8]]",['2C charge and 1C discharge']
"[[array(['2022-09-28,11:43:18'], dtype='<U19')]
 [array(['2022-09-28,11:43:19'], dtype='<U19')]
 [array(['2022-09-28,11:43:20'], dtype='<U19')]
 ...
 [array(['2022-09-28,13:41:02'], dtype='<U19')]
 [array(['2022-09-28,13:41:02'], dtype='<U19')]
 [array(['2022-09-28,13:41:02'], dtype='<U19')]]","[[0.   ]
 [0.018]
 [0.035]
 ...
 [4.999]
 [5.001]
 [5.001]]","[[3.3729]
 [3.4007]
 [3.4152]
 ...
 [3.2107]
 [3.2107]
 [3.2107]]","[[3.9994]
 [4.    ]
 [4.    ]
 ...
 [0.    ]
 [0.    ]
 [0.    ]]","[[0.   ]
 [0.001]
 [0.002]
 ...
 [0.   ]
 [0.   ]
 [0.   ]]","[[0.   ]
 [0.004]
 [0.008]
 ...
 [0.   ]
 [0.   ]
 [0.   ]]","[[27.8]
 [27.8]
 [27.8]
 ...
 [27.6]
 [27.6]
 [27.6]]",['2C charge and 1C discharge']
"[[array(['2022-09-28,13:41:03'], dtype='<U19')]
 [array(['2022-09-28,13:41:04'], dtype='<U19')]
 [array(['2022-09-28,13:41:05'], dtype='<U19')]
 ...
 [array(['2022-09-28,15:38:57'], dtype='<U19')]
 [array(['2022-09-28,15:38:57'], dtype='<U19')]
 [array(['2022-09-28,15:38:57'], dtype='<U19')]]","[[0.   ]
 [0.017]
 [0.034]
 ...
 [4.998]
 [5.   ]
 [5.   ]]","[[3.3748]
 [3.4021]
 [3.4164]
 ...
 [3.2093]
 [3.2093]
 [3.2094]]","[[3.9991]
 [3.9999]
 [4.    ]
 ...
 [0.    ]
 [0.    ]
 [0.    ]]","[[0.   ]
 [0.001]
 [0.002]
 ...
 [0.   ]
 [0.   ]
 [0.   ]]","[[0.   ]
 [0.004]
 [0.008]
 ...
 [0.   ]
 [0.   ]
 [0.   ]]","[[27.7]
 [27.7]
 [27.6]
 ...
 [27.8]
 [27.8]
 [27.8]]",['2C charge and 1C discharge']
"[[array(['2022-09-28,15:38:58'], dtype='<U19')]
 [array(['2022-09-28,15:38:59'], dtype='<U19')]
 [array(['2022-09-28,15:39:01'], dtype='<U19')]
 ...
 [array(['2022-09-28,17:36:43'], dtype='<U19')]
 [array(['2022-09-28,17:36:43'], dtype='<U19')]
 [array(['2022-09-28,17:36:43'], dtype='<U19')]]","[[0.   ]
 [0.017]
 [0.034]
 ...
 [5.   ]
 [5.001]
 [5.001]]","[[3.3728]
 [3.4006]
 [3.4149]
 ...
 [3.2151]
 [3.2151]
 [3.2151]]","[[3.9991]
 [3.9999]
 [3.9999]
 ...
 [0.    ]
 [0.    ]
 [0.    ]]","[[0.   ]
 [0.001]
 [0.002]
 ...
 [0.   ]
 [0.   ]
 [0.   ]]","[[0.   ]
 [0.004]
 [0.008]
 ...
 [0.   ]
 [0.   ]
 [0.   ]]","[[27.7]
 [27.7]
 [27.7]
 ...
 [27.4]
 [27.4]
 [27.4]]",['2C charge and 1C discharge']
"[[array(['2022-09-28,17:36:44'], dtype='<U19')]
 [array(['2022-09-28,17:36:45'], dtype='<U19')]
 [array(['2022-09-28,17:36:46'], dtype='<U19')]
 ...
 [array(['2022-09-28,19:34:47'], dtype='<U19')]
 [array(['2022-09-28,19:34:48'], dtype='<U19')]
 [array(['2022-09-28,19:34:48'], dtype='<U19')]]","[[0.   ]
 [0.017]
 [0.034]
 ...
 [4.998]
 [5.   ]
 [5.   ]]","[[3.3755]
 [3.4084]
 [3.4221]
 ...
 [3.2159]
 [3.2159]
 [3.2159]]","[[3.9991]
 [3.9999]
 [3.9999]
 ...
 [0.    ]
 [0.    ]
 [0.    ]]","[[0.   ]
 [0.001]
 [0.002]
 ...
 [0.   ]
 [0.   ]
 [0.   ]]","[[0.   ]
 [0.004]
 [0.008]
 ...
 [0.   ]
 [0.   ]
 [0.   ]]","[[27.4]
 [27.4]
 [27.4]
 ...
 [27.4]
 [27.4]
 [27.4]]",['2C charge and 1C discharge']
"[[array(['2022-09-28,19:34:49'], dtype='<U19')]
 [array(['2022-09-28,19:34:50'], dtype='<U19')]
 [array(['2022-09-28,19:34:51'], dtype='<U19')]
 ...
 [array(['2022-09-28,21:32:50'], dtype='<U19')]
 [array(['2022-09-28,21:32:50'], dtype='<U19')]
 [array(['2022-09-28,21:32:50'], dtype='<U19')]]","[[0.   ]
 [0.017]
 [0.034]
 ...
 [4.999]
 [5.001]
 [5.001]]","[[3.3808]
 [3.4087]
 [3.4229]
 ...
 [3.2137]
 [3.2137]
 [3.214 ]]","[[3.9994]
 [3.9999]
 [3.9999]
 ...
 [0.    ]
 [0.    ]
 [0.    ]]","[[0.   ]
 [0.001]
 [0.002]
 ...
 [0.   ]
 [0.   ]
 [0.   ]]","[[0.   ]
 [0.004]
 [0.008]
 ...
 [0.   ]
 [0.   ]
 [0.   ]]","[[27.4]
 [27.4]
 [27.4]
 ...
 [27.6]
 [27.6]
 [27.6]]",['2C charge and 1C discharge']
"[[array(['2022-09-28,21:32:51'], dtype='<U19')]
 [array(['2022-09-28,21:32:52'], dtype='<U19')]
 [array(['2022-09-28,21:32:53'], dtype='<U19')]
 ...
 [array(['2022-09-28,23:30:51'], dtype='<U19')]
 [array(['2022-09-28,23:30:52'], dtype='<U19')]
 [array(['2022-09-28,23:30:52'], dtype='<U19')]]","[[0.   ]
 [0.017]
 [0.034]
 ...
 [4.983]
 [5.001]
 [5.001]]","[[3.3786]
 [3.4061]
 [3.4203]
 ...
 [3.2162]
 [3.2164]
 [3.2162]]","[[3.9994]
 [3.9999]
 [4.    ]
 ...
 [0.    ]
 [0.    ]
 [0.    ]]","[[0.   ]
 [0.001]
 [0.002]
 ...
 [0.   ]
 [0.   ]
 [0.   ]]","[[0.   ]
 [0.004]
 [0.008]
 ...
 [0.   ]
 [0.   ]
 [0.   ]]","[[27.6]
 [27.6]
 [27.5]
 ...
 [27.4]
 [27.4]
 [27.4]]",['2C charge and 1C discharge']
"[[array(['2022-09-28,23:30:53'], dtype='<U19')]
 [array(['2022-09-28,23:30:54'], dtype='<U19')]
 [array(['2022-09-28,23:30:55'], dtype='<U19')]
 ...
 [array(['2022-09-29,01:28:54'], dtype='<U19')]
 [array(['2022-09-29,01:28:54'], dtype='<U19')]
 [array(['2022-09-29,01:28:54'], dtype='<U19')]]","[[0.   ]
 [0.017]
 [0.034]
 ...
 [5.   ]
 [5.   ]
 [5.   ]]","[[3.3804]
 [3.409 ]
 [3.4235]
 ...
 [3.2153]
 [3.2153]
 [3.2153]]","[[3.9994]
 [3.9999]
 [3.9999]
 ...
 [0.    ]
 [0.    ]
 [0.    ]]","[[0.   ]
 [0.001]
 [0.002]
 ...
 [0.   ]
 [0.   ]
 [0.   ]]","[[0.   ]
 [0.004]
 [0.008]
 ...
 [0.   ]
 [0.   ]
 [0.   ]]","[[27.3]
 [27.3]
 [27.4]
 ...
 [27.4]
 [27.4]
 [27.4]]",['2C charge and 1C discharge']
"[[array(['2022-09-29,01:28:55'], dtype='<U19')]
 [array(['2022-09-29,01:28:56'], dtype='<U19')]
 [array(['2022-09-29,01:28:57'], dtype='<U19')]
 ...
 [array(['2022-09-29,03:26:50'], dtype='<U19')]
 [array(['2022-09-29,03:26:51'], dtype='<U19')]
 [array(['2022-09-29,03:26:51'], dtype='<U19')]]","[[0.   ]
 [0.017]
 [0.034]
 ...
 [4.986]
 [5.   ]
 [5.   ]]","[[3.38  ]
 [3.4083]
 [3.4226]
 ...
 [3.2167]
 [3.2168]
 [3.2168]]","[[3.9991]
 [3.9999]
 [4.    ]
 ...
 [0.    ]
 [0.    ]
 [0.    ]]","[[0.   ]
 [0.001]
 [0.002]
 ...
 [0.   ]
 [0.   ]
 [0.   ]]","[[0.   ]
 [0.004]
 [0.008]
 ...
 [0.   ]
 [0.   ]
 [0.   ]]","[[27.5]
 [27.4]
 [27.4]
 ...
 [27.4]
 [27.4]
 [27.4]]",['2C charge and 1C discharge']
"[[array(['2022-09-29,03:26:52'], dtype='<U19')]
 [array(['2022-09-29,03:26:53'], dtype='<U19')]
 [array(['2022-09-29,03:26:54'], dtype='<U19')]
 ...
 [array(['2022-09-29,05:24:47'], dtype='<U19')]
 [array(['2022-09-29,05:24:47'], dtype='<U19')]
 [array(['2022-09-29,05:24:47'], dtype='<U19')]]","[[0.   ]
 [0.017]
 [0.034]
 ...
 [4.999]
 [5.   ]
 [5.   ]]","[[3.3821]
 [3.4101]
 [3.4243]
 ...
 [3.218 ]
 [3.218 ]
 [3.218 ]]","[[3.9991]
 [3.9999]
 [4.    ]
 ...
 [0.    ]
 [0.    ]
 [0.    ]]","[[0.   ]
 [0.001]
 [0.002]
 ...
 [0.   ]
 [0.   ]
 [0.   ]]","[[0.   ]
 [0.004]
 [0.008]
 ...
 [0.   ]
 [0.   ]
 [0.   ]]","[[27.3]
 [27.4]
 [27.4]
 ...
 [27.3]
 [27.3]
 [27.3]]",['2C charge and 1C discharge']
"[[array(['2022-09-29,05:24:48'], dtype='<U19')]
 [array(['2022-09-29,05:24:49'], dtype='<U19')]
 [array(['2022-09-29,05:24:50'], dtype='<U19')]
 ...
 [array(['2022-09-29,07:22:45'], dtype='<U19')]
 [array(['2022-09-29,07:22:45'], dtype='<U19')]
 [array(['2022-09-29,07:22:45'], dtype='<U19')]]","[[0.   ]
 [0.017]
 [0.034]
 ...
 [5.   ]
 [5.   ]
 [5.   ]]","[[3.3832]
 [3.4115]
 [3.4258]
 ...
 [3.2197]
 [3.2197]
 [3.2197]]","[[3.9994]
 [3.9999]
 [4.    ]
 ...
 [0.    ]
 [0.    ]
 [0.    ]]","[[0.   ]
 [0.001]
 [0.002]
 ...
 [0.   ]
 [0.   ]
 [0.   ]]","[[0.   ]
 [0.004]
 [0.008]
 ...
 [0.   ]
 [0.   ]
 [0.   ]]","[[27.3]
 [27.3]
 [27.3]
 ...
 [27.2]
 [27.2]
 [27.2]]",['2C charge and 1C discharge']
"[[array(['2022-09-29,07:22:46'], dtype='<U19')]
 [array(['2022-09-29,07:22:47'], dtype='<U19')]
 [array(['2022-09-29,07:22:48'], dtype='<U19')]
 ...
 [array(['2022-09-29,09:20:43'], dtype='<U19')]
 [array(['2022-09-29,09:20:43'], dtype='<U19')]
 [array(['2022-09-29,09:20:43'], dtype='<U19')]]","[[0.   ]
 [0.017]
 [0.034]
 ...
 [4.999]
 [5.   ]
 [5.   ]]","[[3.3858]
 [3.414 ]
 [3.4281]
 ...
 [3.2182]
 [3.2182]
 [3.2182]]","[[3.9994]
 [3.9999]
 [4.    ]
 ...
 [0.    ]
 [0.    ]
 [0.    ]]","[[0.   ]
 [0.001]
 [0.002]
 ...
 [0.   ]
 [0.   ]
 [0.   ]]","[[0.   ]
 [0.004]
 [0.008]
 ...
 [0.   ]
 [0.   ]
 [0.   ]]","[[27.2]
 [27.2]
 [27.1]
 ...
 [27.3]
 [27.3]
 [27.3]]",['2C charge and 1C discharge']
"[[array(['2022-09-29,09:20:44'], dtype='<U19')]
 [array(['2022-09-29,09:20:45'], dtype='<U19')]
 [array(['2022-09-29,09:20:46'], dtype='<U19')]
 ...
 [array(['2022-09-29,11:18:42'], dtype='<U19')]
 [array(['2022-09-29,11:18:42'], dtype='<U19')]
 [array(['2022-09-29,11:18:42'], dtype='<U19')]]","[[0.   ]
 [0.017]
 [0.034]
 ...
 [5.   ]
 [5.001]
 [5.001]]","[[3.3835]
 [3.4118]
 [3.4261]
 ...
 [3.2044]
 [3.2044]
 [3.2044]]","[[3.9991]
 [3.9999]
 [4.    ]
 ...
 [0.    ]
 [0.    ]
 [0.    ]]","[[0.   ]
 [0.001]
 [0.002]
 ...
 [0.   ]
 [0.   ]
 [0.   ]]","[[0.   ]
 [0.004]
 [0.008]
 ...
 [0.   ]
 [0.   ]
 [0.   ]]","[[27.3]
 [27.3]
 [27.3]
 ...
 [28.3]
 [28.3]
 [28.3]]",['2C charge and 1C discharge']
"[[array(['2022-09-29,11:18:43'], dtype='<U19')]
 [array(['2022-09-29,11:18:44'], dtype='<U19')]
 [array(['2022-09-29,11:18:45'], dtype='<U19')]
 ...
 [array(['2022-09-29,13:16:13'], dtype='<U19')]
 [array(['2022-09-29,13:16:13'], dtype='<U19')]
 [array(['2022-09-29,13:16:14'], dtype='<U19')]]","[[0.   ]
 [0.017]
 [0.034]
 ...
 [4.997]
 [5.   ]
 [5.   ]]","[[3.3668]
 [3.3944]
 [3.4087]
 ...
 [3.1945]
 [3.1945]
 [3.1947]]","[[3.9991]
 [3.9999]
 [4.    ]
 ...
 [0.    ]
 [0.    ]
 [0.    ]]","[[0.   ]
 [0.001]
 [0.002]
 ...
 [0.   ]
 [0.   ]
 [0.   ]]","[[0.   ]
 [0.004]
 [0.008]
 ...
 [0.   ]
 [0.   ]
 [0.   ]]","[[28.2]
 [28.3]
 [28.3]
 ...
 [28.9]
 [28.9]
 [28.9]]",['2C charge and 1C discharge']
"[[array(['2022-09-29,13:16:15'], dtype='<U19')]
 [array(['2022-09-29,13:16:16'], dtype='<U19')]
 [array(['2022-09-29,13:16:17'], dtype='<U19')]
 ...
 [array(['2022-09-29,15:13:32'], dtype='<U19')]
 [array(['2022-09-29,15:13:33'], dtype='<U19')]
 [array(['2022-09-29,15:13:33'], dtype='<U19')]]","[[0.   ]
 [0.017]
 [0.034]
 ...
 [4.983]
 [5.   ]
 [5.   ]]","[[3.3505]
 [3.3831]
 [3.3974]
 ...
 [3.1956]
 [3.1957]
 [3.1957]]","[[3.9991]
 [3.9999]
 [4.    ]
 ...
 [0.    ]
 [0.    ]
 [0.    ]]","[[0.   ]
 [0.001]
 [0.002]
 ...
 [0.   ]
 [0.   ]
 [0.   ]]","[[0.   ]
 [0.004]
 [0.008]
 ...
 [0.   ]
 [0.   ]
 [0.   ]]","[[28.9]
 [28.8]
 [28.8]
 ...
 [28.8]
 [28.8]
 [28.8]]",['2C charge and 1C discharge']
"[[array(['2022-09-29,15:13:34'], dtype='<U19')]
 [array(['2022-09-29,15:13:35'], dtype='<U19')]
 [array(['2022-09-29,15:13:36'], dtype='<U19')]
 ...
 [array(['2022-09-29,17:11:00'], dtype='<U19')]
 [array(['2022-09-29,17:11:00'], dtype='<U19')]
 [array(['2022-09-29,17:11:00'], dtype='<U19')]]","[[0.   ]
 [0.017]
 [0.034]
 ...
 [5.   ]
 [5.001]
 [5.001]]","[[3.3572]
 [3.3848]
 [3.3984]
 ...
 [3.2005]
 [3.2004]
 [3.2005]]","[[3.9991]
 [3.9999]
 [3.9999]
 ...
 [0.    ]
 [0.    ]
 [0.    ]]","[[0.   ]
 [0.001]
 [0.002]
 ...
 [0.   ]
 [0.   ]
 [0.   ]]","[[0.   ]
 [0.004]
 [0.008]
 ...
 [0.   ]
 [0.   ]
 [0.   ]]","[[28.7]
 [28.8]
 [28.8]
 ...
 [28.5]
 [28.5]
 [28.5]]",['2C charge and 1C discharge']
"[[array(['2022-09-29,17:11:01'], dtype='<U19')]
 [array(['2022-09-29,17:11:02'], dtype='<U19')]
 [array(['2022-09-29,17:11:03'], dtype='<U19')]
 ...
 [array(['2022-09-29,19:08:29'], dtype='<U19')]
 [array(['2022-09-29,19:08:30'], dtype='<U19')]
 [array(['2022-09-29,19:08:30'], dtype='<U19')]]","[[0.   ]
 [0.017]
 [0.034]
 ...
 [4.996]
 [5.   ]
 [5.   ]]","[[3.3628]
 [3.3906]
 [3.4049]
 ...
 [3.2013]
 [3.2013]
 [3.2013]]","[[3.9994]
 [3.9999]
 [4.    ]
 ...
 [0.    ]
 [0.    ]
 [0.    ]]","[[0.   ]
 [0.001]
 [0.002]
 ...
 [0.   ]
 [0.   ]
 [0.   ]]","[[0.   ]
 [0.004]
 [0.008]
 ...
 [0.   ]
 [0.   ]
 [0.   ]]","[[28.5]
 [28.5]
 [28.5]
 ...
 [28.4]
 [28.4]
 [28.4]]",['2C charge and 1C discharge']
"[[array(['2022-09-29,19:08:31'], dtype='<U19')]
 [array(['2022-09-29,19:08:32'], dtype='<U19')]
 [array(['2022-09-29,19:08:33'], dtype='<U19')]
 ...
 [array(['2022-09-29,21:06:08'], dtype='<U19')]
 [array(['2022-09-29,21:06:08'], dtype='<U19')]
 [array(['2022-09-29,21:06:08'], dtype='<U19')]]","[[0.   ]
 [0.017]
 [0.034]
 ...
 [4.996]
 [5.   ]
 [5.   ]]","[[3.3631]
 [3.3914]
 [3.4057]
 ...
 [3.2044]
 [3.2045]
 [3.2045]]","[[3.9994]
 [3.9999]
 [4.    ]
 ...
 [0.    ]
 [0.    ]
 [0.    ]]","[[0.   ]
 [0.001]
 [0.002]
 ...
 [0.   ]
 [0.   ]
 [0.   ]]","[[0.   ]
 [0.004]
 [0.008]
 ...
 [0.   ]
 [0.   ]
 [0.   ]]","[[28.4]
 [28.3]
 [28.4]
 ...
 [28.2]
 [28.2]
 [28.2]]",['2C charge and 1C discharge']
"[[array(['2022-09-29,21:06:09'], dtype='<U19')]
 [array(['2022-09-29,21:06:10'], dtype='<U19')]
 [array(['2022-09-29,21:06:11'], dtype='<U19')]
 ...
 [array(['2022-09-29,23:03:47'], dtype='<U19')]
 [array(['2022-09-29,23:03:47'], dtype='<U19')]
 [array(['2022-09-29,23:03:47'], dtype='<U19')]]","[[0.   ]
 [0.017]
 [0.035]
 ...
 [4.998]
 [5.001]
 [5.001]]","[[3.3675]
 [3.396 ]
 [3.4101]
 ...
 [3.2047]
 [3.2047]
 [3.2047]]","[[3.9991]
 [3.9999]
 [4.    ]
 ...
 [0.    ]
 [0.    ]
 [0.    ]]","[[0.   ]
 [0.001]
 [0.002]
 ...
 [0.   ]
 [0.   ]
 [0.   ]]","[[0.   ]
 [0.004]
 [0.008]
 ...
 [0.   ]
 [0.   ]
 [0.   ]]","[[28.3]
 [28.2]
 [28.2]
 ...
 [28.2]
 [28.2]
 [28.2]]",['2C charge and 1C discharge']
"[[array(['2022-09-29,23:03:48'], dtype='<U19')]
 [array(['2022-09-29,23:03:49'], dtype='<U19')]
 [array(['2022-09-29,23:03:50'], dtype='<U19')]
 ...
 [array(['2022-09-30,01:01:26'], dtype='<U19')]
 [array(['2022-09-30,01:01:26'], dtype='<U19')]
 [array(['2022-09-30,01:01:26'], dtype='<U19')]]","[[0.   ]
 [0.017]
 [0.034]
 ...
 [4.997]
 [5.   ]
 [5.   ]]","[[3.3674]
 [3.3957]
 [3.41  ]
 ...
 [3.2067]
 [3.2067]
 [3.2067]]","[[3.9991]
 [3.9999]
 [4.    ]
 ...
 [0.    ]
 [0.    ]
 [0.    ]]","[[0.   ]
 [0.001]
 [0.002]
 ...
 [0.   ]
 [0.   ]
 [0.   ]]","[[0.   ]
 [0.004]
 [0.008]
 ...
 [0.   ]
 [0.   ]
 [0.   ]]","[[28.2]
 [28.2]
 [28.2]
 ...
 [28.1]
 [28.1]
 [28.1]]",['2C charge and 1C discharge']
"[[array(['2022-09-30,01:01:27'], dtype='<U19')]
 [array(['2022-09-30,01:01:28'], dtype='<U19')]
 [array(['2022-09-30,01:01:29'], dtype='<U19')]
 ...
 [array(['2022-09-30,02:59:08'], dtype='<U19')]
 [array(['2022-09-30,02:59:08'], dtype='<U19')]
 [array(['2022-09-30,02:59:08'], dtype='<U19')]]","[[0.   ]
 [0.017]
 [0.034]
 ...
 [4.999]
 [5.   ]
 [5.   ]]","[[3.3698]
 [3.398 ]
 [3.4124]
 ...
 [3.2073]
 [3.2073]
 [3.2073]]","[[3.9991]
 [3.9999]
 [4.    ]
 ...
 [0.    ]
 [0.    ]
 [0.    ]]","[[0.   ]
 [0.001]
 [0.002]
 ...
 [0.   ]
 [0.   ]
 [0.   ]]","[[0.   ]
 [0.004]
 [0.008]
 ...
 [0.   ]
 [0.   ]
 [0.   ]]","[[28.1]
 [28.1]
 [28.1]
 ...
 [28. ]
 [28. ]
 [28. ]]",['2C charge and 1C discharge']
"[[array(['2022-09-30,02:59:09'], dtype='<U19')]
 [array(['2022-09-30,02:59:10'], dtype='<U19')]
 [array(['2022-09-30,02:59:11'], dtype='<U19')]
 ...
 [array(['2022-09-30,04:56:48'], dtype='<U19')]
 [array(['2022-09-30,04:56:49'], dtype='<U19')]
 [array(['2022-09-30,04:56:49'], dtype='<U19')]]","[[0.   ]
 [0.017]
 [0.034]
 ...
 [4.997]
 [5.   ]
 [5.   ]]","[[3.37  ]
 [3.3986]
 [3.4132]
 ...
 [3.2076]
 [3.2076]
 [3.2076]]","[[3.9991]
 [3.9999]
 [4.    ]
 ...
 [0.    ]
 [0.    ]
 [0.    ]]","[[0.   ]
 [0.001]
 [0.002]
 ...
 [0.   ]
 [0.   ]
 [0.   ]]","[[0.   ]
 [0.004]
 [0.008]
 ...
 [0.   ]
 [0.   ]
 [0.   ]]","[[28.]
 [28.]
 [28.]
 ...
 [28.]
 [28.]
 [28.]]",['2C charge and 1C discharge']
"[[array(['2022-09-30,04:56:50'], dtype='<U19')]
 [array(['2022-09-30,04:56:51'], dtype='<U19')]
 [array(['2022-09-30,04:56:52'], dtype='<U19')]
 ...
 [array(['2022-09-30,06:54:29'], dtype='<U19')]
 [array(['2022-09-30,06:54:29'], dtype='<U19')]
 [array(['2022-09-30,06:54:29'], dtype='<U19')]]","[[0.   ]
 [0.017]
 [0.034]
 ...
 [4.999]
 [5.   ]
 [5.   ]]","[[3.368 ]
 [3.3997]
 [3.414 ]
 ...
 [3.2082]
 [3.208 ]
 [3.208 ]]","[[3.9991]
 [3.9999]
 [3.9999]
 ...
 [0.    ]
 [0.    ]
 [0.    ]]","[[0.   ]
 [0.001]
 [0.002]
 ...
 [0.   ]
 [0.   ]
 [0.   ]]","[[0.   ]
 [0.004]
 [0.008]
 ...
 [0.   ]
 [0.   ]
 [0.   ]]","[[28.]
 [28.]
 [28.]
 ...
 [28.]
 [28.]
 [28.]]",['2C charge and 1C discharge']
"[[array(['2022-09-30,06:54:30'], dtype='<U19')]
 [array(['2022-09-30,06:54:31'], dtype='<U19')]
 [array(['2022-09-30,06:54:32'], dtype='<U19')]
 ...
 [array(['2022-09-30,08:52:10'], dtype='<U19')]
 [array(['2022-09-30,08:52:10'], dtype='<U19')]
 [array(['2022-09-30,08:52:10'], dtype='<U19')]]","[[0.   ]
 [0.017]
 [0.034]
 ...
 [4.999]
 [5.001]
 [5.001]]","[[3.3708]
 [3.4003]
 [3.4147]
 ...
 [3.2082]
 [3.2082]
 [3.2082]]","[[3.9991]
 [3.9999]
 [3.9999]
 ...
 [0.    ]
 [0.    ]
 [0.    ]]","[[0.   ]
 [0.001]
 [0.002]
 ...
 [0.   ]
 [0.   ]
 [0.   ]]","[[0.   ]
 [0.004]
 [0.008]
 ...
 [0.   ]
 [0.   ]
 [0.   ]]","[[28.]
 [28.]
 [28.]
 ...
 [28.]
 [28.]
 [28.]]",['2C charge and 1C discharge']
"[[array(['2022-09-30,08:52:11'], dtype='<U19')]
 [array(['2022-09-30,08:52:12'], dtype='<U19')]
 [array(['2022-09-30,08:52:14'], dtype='<U19')]
 ...
 [array(['2022-09-30,10:49:47'], dtype='<U19')]
 [array(['2022-09-30,10:49:48'], dtype='<U19')]
 [array(['2022-09-30,10:49:48'], dtype='<U19')]]","[[0.   ]
 [0.017]
 [0.034]
 ...
 [4.983]
 [5.   ]
 [5.   ]]","[[3.3724]
 [3.4003]
 [3.4147]
 ...
 [3.2047]
 [3.2048]
 [3.2048]]","[[3.9991]
 [3.9999]
 [3.9999]
 ...
 [0.    ]
 [0.    ]
 [0.    ]]","[[0.   ]
 [0.001]
 [0.002]
 ...
 [0.   ]
 [0.   ]
 [0.   ]]","[[0.   ]
 [0.004]
 [0.008]
 ...
 [0.   ]
 [0.   ]
 [0.   ]]","[[28. ]
 [28. ]
 [28. ]
 ...
 [28.2]
 [28.2]
 [28.2]]",['2C charge and 1C discharge']
"[[array(['2022-09-30,10:49:49'], dtype='<U19')]
 [array(['2022-09-30,10:49:50'], dtype='<U19')]
 [array(['2022-09-30,10:49:51'], dtype='<U19')]
 ...
 [array(['2022-09-30,12:47:19'], dtype='<U19')]
 [array(['2022-09-30,12:47:19'], dtype='<U19')]
 [array(['2022-09-30,12:47:20'], dtype='<U19')]]","[[0.   ]
 [0.017]
 [0.035]
 ...
 [4.998]
 [5.   ]
 [5.   ]]","[[3.3681]
 [3.3967]
 [3.4112]
 ...
 [3.2053]
 [3.2053]
 [3.2053]]","[[3.9991]
 [3.9999]
 [4.    ]
 ...
 [0.    ]
 [0.    ]
 [0.    ]]","[[0.   ]
 [0.001]
 [0.002]
 ...
 [0.   ]
 [0.   ]
 [0.   ]]","[[0.   ]
 [0.004]
 [0.008]
 ...
 [0.   ]
 [0.   ]
 [0.   ]]","[[28.2]
 [28.2]
 [28.2]
 ...
 [28.2]
 [28.2]
 [28.2]]",['2C charge and 1C discharge']
"[[array(['2022-09-30,12:47:21'], dtype='<U19')]
 [array(['2022-09-30,12:47:22'], dtype='<U19')]
 [array(['2022-09-30,12:47:23'], dtype='<U19')]
 ...
 [array(['2022-09-30,14:44:49'], dtype='<U19')]
 [array(['2022-09-30,14:44:49'], dtype='<U19')]
 [array(['2022-09-30,14:44:49'], dtype='<U19')]]","[[0.   ]
 [0.017]
 [0.034]
 ...
 [5.   ]
 [5.001]
 [5.001]]","[[3.368 ]
 [3.3964]
 [3.4109]
 ...
 [3.2051]
 [3.2051]
 [3.2053]]","[[3.9991]
 [3.9999]
 [3.9999]
 ...
 [0.    ]
 [0.    ]
 [0.    ]]","[[0.   ]
 [0.001]
 [0.002]
 ...
 [0.   ]
 [0.   ]
 [0.   ]]","[[0.   ]
 [0.004]
 [0.008]
 ...
 [0.   ]
 [0.   ]
 [0.   ]]","[[28.2]
 [28.2]
 [28.2]
 ...
 [28.3]
 [28.3]
 [28.3]]",['2C charge and 1C discharge']
"[[array(['2022-09-30,14:44:50'], dtype='<U19')]
 [array(['2022-09-30,14:44:51'], dtype='<U19')]
 [array(['2022-09-30,14:44:52'], dtype='<U19')]
 ...
 [array(['2022-09-30,16:42:21'], dtype='<U19')]
 [array(['2022-09-30,16:42:21'], dtype='<U19')]
 [array(['2022-09-30,16:42:21'], dtype='<U19')]]","[[0.   ]
 [0.017]
 [0.034]
 ...
 [4.998]
 [5.   ]
 [5.   ]]","[[3.3691]
 [3.3966]
 [3.4112]
 ...
 [3.2057]
 [3.2057]
 [3.2057]]","[[3.9991]
 [3.9999]
 [4.    ]
 ...
 [0.    ]
 [0.    ]
 [0.    ]]","[[0.   ]
 [0.001]
 [0.002]
 ...
 [0.   ]
 [0.   ]
 [0.   ]]","[[0.   ]
 [0.004]
 [0.008]
 ...
 [0.   ]
 [0.   ]
 [0.   ]]","[[28.2]
 [28.2]
 [28.2]
 ...
 [28.2]
 [28.2]
 [28.2]]",['2C charge and 1C discharge']
"[[array(['2022-09-30,16:42:22'], dtype='<U19')]
 [array(['2022-09-30,16:42:23'], dtype='<U19')]
 [array(['2022-09-30,16:42:24'], dtype='<U19')]
 ...
 [array(['2022-09-30,18:39:49'], dtype='<U19')]
 [array(['2022-09-30,18:39:49'], dtype='<U19')]
 [array(['2022-09-30,18:39:49'], dtype='<U19')]]","[[0.   ]
 [0.017]
 [0.034]
 ...
 [4.998]
 [5.   ]
 [5.   ]]","[[3.37  ]
 [3.3977]
 [3.412 ]
 ...
 [3.209 ]
 [3.209 ]
 [3.209 ]]","[[3.9991]
 [3.9999]
 [3.9999]
 ...
 [0.    ]
 [0.    ]
 [0.    ]]","[[0.   ]
 [0.001]
 [0.002]
 ...
 [0.   ]
 [0.   ]
 [0.   ]]","[[0.   ]
 [0.004]
 [0.008]
 ...
 [0.   ]
 [0.   ]
 [0.   ]]","[[28.2]
 [28.2]
 [28.2]
 ...
 [28. ]
 [28. ]
 [28. ]]",['2C charge and 1C discharge']
"[[array(['2022-09-30,18:39:50'], dtype='<U19')]
 [array(['2022-09-30,18:39:51'], dtype='<U19')]
 [array(['2022-09-30,18:39:52'], dtype='<U19')]
 ...
 [array(['2022-09-30,20:37:20'], dtype='<U19')]
 [array(['2022-09-30,20:37:20'], dtype='<U19')]
 [array(['2022-09-30,20:37:20'], dtype='<U19')]]","[[0.   ]
 [0.017]
 [0.034]
 ...
 [4.997]
 [5.001]
 [5.001]]","[[3.3712]
 [3.4014]
 [3.4154]
 ...
 [3.2107]
 [3.2108]
 [3.2107]]","[[3.9991]
 [3.9999]
 [3.9999]
 ...
 [0.    ]
 [0.    ]
 [0.    ]]","[[0.   ]
 [0.001]
 [0.002]
 ...
 [0.   ]
 [0.   ]
 [0.   ]]","[[0.   ]
 [0.004]
 [0.008]
 ...
 [0.   ]
 [0.   ]
 [0.   ]]","[[28. ]
 [28. ]
 [27.9]
 ...
 [27.9]
 [27.9]
 [27.9]]",['2C charge and 1C discharge']
"[[array(['2022-09-30,20:37:21'], dtype='<U19')]
 [array(['2022-09-30,20:37:22'], dtype='<U19')]
 [array(['2022-09-30,20:37:23'], dtype='<U19')]
 ...
 [array(['2022-09-30,22:34:49'], dtype='<U19')]
 [array(['2022-09-30,22:34:50'], dtype='<U19')]
 [array(['2022-09-30,22:34:50'], dtype='<U19')]]","[[0.   ]
 [0.017]
 [0.034]
 ...
 [4.998]
 [5.   ]
 [5.   ]]","[[3.3744]
 [3.4037]
 [3.4177]
 ...
 [3.2113]
 [3.2113]
 [3.2113]]","[[3.9991]
 [3.9999]
 [4.    ]
 ...
 [0.    ]
 [0.    ]
 [0.    ]]","[[0.   ]
 [0.001]
 [0.002]
 ...
 [0.   ]
 [0.   ]
 [0.   ]]","[[0.   ]
 [0.004]
 [0.008]
 ...
 [0.   ]
 [0.   ]
 [0.   ]]","[[27.9]
 [27.9]
 [27.9]
 ...
 [27.9]
 [27.9]
 [27.9]]",['2C charge and 1C discharge']
"[[array(['2022-09-30,22:34:51'], dtype='<U19')]
 [array(['2022-09-30,22:34:52'], dtype='<U19')]
 [array(['2022-09-30,22:34:53'], dtype='<U19')]
 ...
 [array(['2022-10-01,00:32:26'], dtype='<U19')]
 [array(['2022-10-01,00:32:27'], dtype='<U19')]
 [array(['2022-10-01,00:32:27'], dtype='<U19')]]","[[0.   ]
 [0.017]
 [0.034]
 ...
 [4.998]
 [5.001]
 [5.001]]","[[3.3752]
 [3.4037]
 [3.4183]
 ...
 [3.2117]
 [3.2119]
 [3.2119]]","[[3.9991]
 [3.9999]
 [3.9999]
 ...
 [0.    ]
 [0.    ]
 [0.    ]]","[[0.   ]
 [0.001]
 [0.002]
 ...
 [0.   ]
 [0.   ]
 [0.   ]]","[[0.   ]
 [0.004]
 [0.008]
 ...
 [0.   ]
 [0.   ]
 [0.   ]]","[[27.9]
 [27.9]
 [27.9]
 ...
 [27.8]
 [27.8]
 [27.8]]",['2C charge and 1C discharge']
"[[array(['2022-10-01,00:32:28'], dtype='<U19')]
 [array(['2022-10-01,00:32:29'], dtype='<U19')]
 [array(['2022-10-01,00:32:30'], dtype='<U19')]
 ...
 [array(['2022-10-01,02:30:02'], dtype='<U19')]
 [array(['2022-10-01,02:30:02'], dtype='<U19')]
 [array(['2022-10-01,02:30:02'], dtype='<U19')]]","[[0.   ]
 [0.017]
 [0.034]
 ...
 [4.999]
 [5.001]
 [5.001]]","[[3.3764]
 [3.4049]
 [3.4194]
 ...
 [3.2125]
 [3.2125]
 [3.2127]]","[[3.9991]
 [3.9999]
 [4.    ]
 ...
 [0.    ]
 [0.    ]
 [0.    ]]","[[0.   ]
 [0.001]
 [0.002]
 ...
 [0.   ]
 [0.   ]
 [0.   ]]","[[0.   ]
 [0.004]
 [0.008]
 ...
 [0.   ]
 [0.   ]
 [0.   ]]","[[27.8]
 [27.8]
 [27.8]
 ...
 [27.8]
 [27.8]
 [27.8]]",['2C charge and 1C discharge']
"[[array(['2022-10-01,02:30:03'], dtype='<U19')]
 [array(['2022-10-01,02:30:04'], dtype='<U19')]
 [array(['2022-10-01,02:30:05'], dtype='<U19')]
 ...
 [array(['2022-10-01,04:27:35'], dtype='<U19')]
 [array(['2022-10-01,04:27:35'], dtype='<U19')]
 [array(['2022-10-01,04:27:35'], dtype='<U19')]]","[[0.   ]
 [0.017]
 [0.034]
 ...
 [5.   ]
 [5.   ]
 [5.   ]]","[[3.3769]
 [3.4049]
 [3.42  ]
 ...
 [3.2131]
 [3.2131]
 [3.2131]]","[[3.9991]
 [3.9999]
 [3.9999]
 ...
 [0.    ]
 [0.    ]
 [0.    ]]","[[0.   ]
 [0.001]
 [0.002]
 ...
 [0.   ]
 [0.   ]
 [0.   ]]","[[0.   ]
 [0.004]
 [0.008]
 ...
 [0.   ]
 [0.   ]
 [0.   ]]","[[27.8]
 [27.7]
 [27.8]
 ...
 [27.7]
 [27.7]
 [27.7]]",['2C charge and 1C discharge']
"[[array(['2022-10-01,04:27:36'], dtype='<U19')]
 [array(['2022-10-01,04:27:37'], dtype='<U19')]
 [array(['2022-10-01,04:27:38'], dtype='<U19')]
 ...
 [array(['2022-10-01,06:25:07'], dtype='<U19')]
 [array(['2022-10-01,06:25:07'], dtype='<U19')]
 [array(['2022-10-01,06:25:07'], dtype='<U19')]]","[[0.   ]
 [0.017]
 [0.034]
 ...
 [4.996]
 [5.001]
 [5.001]]","[[3.3774]
 [3.4064]
 [3.421 ]
 ...
 [3.2131]
 [3.2131]
 [3.2131]]","[[3.9991]
 [3.9999]
 [3.9999]
 ...
 [0.    ]
 [0.    ]
 [0.    ]]","[[0.   ]
 [0.001]
 [0.002]
 ...
 [0.   ]
 [0.   ]
 [0.   ]]","[[0.   ]
 [0.004]
 [0.008]
 ...
 [0.   ]
 [0.   ]
 [0.   ]]","[[27.7]
 [27.7]
 [27.7]
 ...
 [27.7]
 [27.7]
 [27.7]]",['2C charge and 1C discharge']
"[[array(['2022-10-01,06:25:08'], dtype='<U19')]
 [array(['2022-10-01,06:25:09'], dtype='<U19')]
 [array(['2022-10-01,06:25:10'], dtype='<U19')]
 ...
 [array(['2022-10-01,08:22:40'], dtype='<U19')]
 [array(['2022-10-01,08:22:40'], dtype='<U19')]
 [array(['2022-10-01,08:22:41'], dtype='<U19')]]","[[0.   ]
 [0.017]
 [0.034]
 ...
 [4.999]
 [5.   ]
 [5.   ]]","[[3.3783]
 [3.4067]
 [3.4212]
 ...
 [3.214 ]
 [3.214 ]
 [3.214 ]]","[[3.9991]
 [3.9999]
 [4.    ]
 ...
 [0.    ]
 [0.    ]
 [0.    ]]","[[0.   ]
 [0.001]
 [0.002]
 ...
 [0.   ]
 [0.   ]
 [0.   ]]","[[0.   ]
 [0.004]
 [0.008]
 ...
 [0.   ]
 [0.   ]
 [0.   ]]","[[27.7]
 [27.8]
 [27.7]
 ...
 [27.7]
 [27.7]
 [27.7]]",['2C charge and 1C discharge']
"[[array(['2022-10-01,08:22:42'], dtype='<U19')]
 [array(['2022-10-01,08:22:43'], dtype='<U19')]
 [array(['2022-10-01,08:22:44'], dtype='<U19')]
 ...
 [array(['2022-10-01,10:20:15'], dtype='<U19')]
 [array(['2022-10-01,10:20:15'], dtype='<U19')]
 [array(['2022-10-01,10:20:15'], dtype='<U19')]]","[[0.   ]
 [0.017]
 [0.034]
 ...
 [5.   ]
 [5.001]
 [5.001]]","[[3.3784]
 [3.4072]
 [3.422 ]
 ...
 [3.2147]
 [3.2147]
 [3.2147]]","[[3.9991]
 [3.9999]
 [3.9999]
 ...
 [0.    ]
 [0.    ]
 [0.    ]]","[[0.   ]
 [0.001]
 [0.002]
 ...
 [0.   ]
 [0.   ]
 [0.   ]]","[[0.   ]
 [0.004]
 [0.008]
 ...
 [0.   ]
 [0.   ]
 [0.   ]]","[[27.7]
 [27.7]
 [27.7]
 ...
 [27.7]
 [27.7]
 [27.7]]",['2C charge and 1C discharge']
"[[array(['2022-10-01,10:20:16'], dtype='<U19')]
 [array(['2022-10-01,10:20:17'], dtype='<U19')]
 [array(['2022-10-01,10:20:18'], dtype='<U19')]
 ...
 [array(['2022-10-01,12:17:47'], dtype='<U19')]
 [array(['2022-10-01,12:17:48'], dtype='<U19')]
 [array(['2022-10-01,12:17:48'], dtype='<U19')]]","[[0.   ]
 [0.017]
 [0.035]
 ...
 [4.986]
 [5.   ]
 [5.   ]]","[[3.3788]
 [3.408 ]
 [3.4226]
 ...
 [3.2159]
 [3.2159]
 [3.2159]]","[[3.9991]
 [3.9999]
 [4.    ]
 ...
 [0.    ]
 [0.    ]
 [0.    ]]","[[0.   ]
 [0.001]
 [0.002]
 ...
 [0.   ]
 [0.   ]
 [0.   ]]","[[0.   ]
 [0.004]
 [0.008]
 ...
 [0.   ]
 [0.   ]
 [0.   ]]","[[27.7]
 [27.7]
 [27.7]
 ...
 [27.6]
 [27.6]
 [27.6]]",['2C charge and 1C discharge']
"[[array(['2022-10-01,12:17:49'], dtype='<U19')]
 [array(['2022-10-01,12:17:50'], dtype='<U19')]
 [array(['2022-10-01,12:17:51'], dtype='<U19')]
 ...
 [array(['2022-10-01,14:15:23'], dtype='<U19')]
 [array(['2022-10-01,14:15:24'], dtype='<U19')]
 [array(['2022-10-01,14:15:24'], dtype='<U19')]]","[[0.   ]
 [0.017]
 [0.034]
 ...
 [4.996]
 [5.   ]
 [5.   ]]","[[3.3803]
 [3.4097]
 [3.4243]
 ...
 [3.2153]
 [3.2153]
 [3.2154]]","[[3.9991]
 [3.9999]
 [3.9999]
 ...
 [0.    ]
 [0.    ]
 [0.    ]]","[[0.   ]
 [0.001]
 [0.002]
 ...
 [0.   ]
 [0.   ]
 [0.   ]]","[[0.   ]
 [0.004]
 [0.008]
 ...
 [0.   ]
 [0.   ]
 [0.   ]]","[[27.6]
 [27.6]
 [27.6]
 ...
 [27.6]
 [27.6]
 [27.6]]",['2C charge and 1C discharge']
"[[array(['2022-10-01,14:15:25'], dtype='<U19')]
 [array(['2022-10-01,14:15:26'], dtype='<U19')]
 [array(['2022-10-01,14:15:27'], dtype='<U19')]
 ...
 [array(['2022-10-01,16:12:59'], dtype='<U19')]
 [array(['2022-10-01,16:13:00'], dtype='<U19')]
 [array(['2022-10-01,16:13:00'], dtype='<U19')]]","[[0.   ]
 [0.017]
 [0.034]
 ...
 [4.989]
 [5.001]
 [5.001]]","[[3.3803]
 [3.41  ]
 [3.4244]
 ...
 [3.2159]
 [3.216 ]
 [3.216 ]]","[[3.9991]
 [3.9999]
 [3.9999]
 ...
 [0.    ]
 [0.    ]
 [0.    ]]","[[0.   ]
 [0.001]
 [0.002]
 ...
 [0.   ]
 [0.   ]
 [0.   ]]","[[0.   ]
 [0.004]
 [0.008]
 ...
 [0.   ]
 [0.   ]
 [0.   ]]","[[27.6]
 [27.6]
 [27.6]
 ...
 [27.6]
 [27.6]
 [27.6]]",['2C charge and 1C discharge']
"[[array(['2022-10-01,16:13:01'], dtype='<U19')]
 [array(['2022-10-01,16:13:02'], dtype='<U19')]
 [array(['2022-10-01,16:13:03'], dtype='<U19')]
 ...
 [array(['2022-10-01,18:10:33'], dtype='<U19')]
 [array(['2022-10-01,18:10:33'], dtype='<U19')]
 [array(['2022-10-01,18:10:33'], dtype='<U19')]]","[[0.   ]
 [0.017]
 [0.033]
 ...
 [4.994]
 [5.001]
 [5.001]]","[[3.384 ]
 [3.4098]
 [3.4241]
 ...
 [3.2159]
 [3.2159]
 [3.2159]]","[[3.9991]
 [3.9999]
 [3.9999]
 ...
 [0.    ]
 [0.    ]
 [0.    ]]","[[0.   ]
 [0.001]
 [0.002]
 ...
 [0.   ]
 [0.   ]
 [0.   ]]","[[0.   ]
 [0.004]
 [0.008]
 ...
 [0.   ]
 [0.   ]
 [0.   ]]","[[27.6]
 [27.6]
 [27.6]
 ...
 [27.6]
 [27.6]
 [27.6]]",['2C charge and 1C discharge']
"[[array(['2022-10-01,18:10:34'], dtype='<U19')]
 [array(['2022-10-01,18:10:35'], dtype='<U19')]
 [array(['2022-10-01,18:10:36'], dtype='<U19')]
 ...
 [array(['2022-10-01,20:08:08'], dtype='<U19')]
 [array(['2022-10-01,20:08:08'], dtype='<U19')]
 [array(['2022-10-01,20:08:08'], dtype='<U19')]]","[[0.   ]
 [0.017]
 [0.035]
 ...
 [4.994]
 [5.   ]
 [5.   ]]","[[3.3808]
 [3.4104]
 [3.4244]
 ...
 [3.2164]
 [3.2164]
 [3.2164]]","[[3.9991]
 [3.9999]
 [4.    ]
 ...
 [0.    ]
 [0.    ]
 [0.    ]]","[[0.   ]
 [0.001]
 [0.002]
 ...
 [0.   ]
 [0.   ]
 [0.   ]]","[[0.   ]
 [0.004]
 [0.008]
 ...
 [0.   ]
 [0.   ]
 [0.   ]]","[[27.6]
 [27.6]
 [27.6]
 ...
 [27.6]
 [27.6]
 [27.6]]",['2C charge and 1C discharge']
"[[array(['2022-10-01,20:08:09'], dtype='<U19')]
 [array(['2022-10-01,20:08:10'], dtype='<U19')]
 [array(['2022-10-01,20:08:11'], dtype='<U19')]
 ...
 [array(['2022-10-01,22:05:43'], dtype='<U19')]
 [array(['2022-10-01,22:05:43'], dtype='<U19')]
 [array(['2022-10-01,22:05:43'], dtype='<U19')]]","[[0.   ]
 [0.017]
 [0.034]
 ...
 [4.994]
 [5.001]
 [5.001]]","[[3.3806]
 [3.4103]
 [3.425 ]
 ...
 [3.2171]
 [3.2171]
 [3.2171]]","[[3.9991]
 [4.    ]
 [3.9999]
 ...
 [0.    ]
 [0.    ]
 [0.    ]]","[[0.   ]
 [0.001]
 [0.002]
 ...
 [0.   ]
 [0.   ]
 [0.   ]]","[[0.   ]
 [0.004]
 [0.008]
 ...
 [0.   ]
 [0.   ]
 [0.   ]]","[[27.6]
 [27.6]
 [27.5]
 ...
 [27.6]
 [27.6]
 [27.6]]",['2C charge and 1C discharge']
"[[array(['2022-10-01,22:05:44'], dtype='<U19')]
 [array(['2022-10-01,22:05:45'], dtype='<U19')]
 [array(['2022-10-01,22:05:46'], dtype='<U19')]
 ...
 [array(['2022-10-02,00:03:19'], dtype='<U19')]
 [array(['2022-10-02,00:03:20'], dtype='<U19')]
 [array(['2022-10-02,00:03:20'], dtype='<U19')]]","[[0.   ]
 [0.017]
 [0.034]
 ...
 [4.994]
 [5.   ]
 [5.   ]]","[[3.3806]
 [3.4095]
 [3.4258]
 ...
 [3.2176]
 [3.2177]
 [3.2177]]","[[3.9991]
 [3.9999]
 [3.9999]
 ...
 [0.    ]
 [0.    ]
 [0.    ]]","[[0.   ]
 [0.001]
 [0.002]
 ...
 [0.   ]
 [0.   ]
 [0.   ]]","[[0.   ]
 [0.004]
 [0.008]
 ...
 [0.   ]
 [0.   ]
 [0.   ]]","[[27.6]
 [27.6]
 [27.6]
 ...
 [27.5]
 [27.5]
 [27.5]]",['2C charge and 1C discharge']
"[[array(['2022-10-02,00:03:21'], dtype='<U19')]
 [array(['2022-10-02,00:03:22'], dtype='<U19')]
 [array(['2022-10-02,00:03:23'], dtype='<U19')]
 ...
 [array(['2022-10-02,02:00:49'], dtype='<U19')]
 [array(['2022-10-02,02:00:49'], dtype='<U19')]
 [array(['2022-10-02,02:00:49'], dtype='<U19')]]","[[0.   ]
 [0.017]
 [0.035]
 ...
 [4.991]
 [5.   ]
 [5.   ]]","[[3.3821]
 [3.4124]
 [3.427 ]
 ...
 [3.2182]
 [3.2184]
 [3.2184]]","[[3.9991]
 [3.9999]
 [4.    ]
 ...
 [0.    ]
 [0.    ]
 [0.    ]]","[[0.   ]
 [0.001]
 [0.002]
 ...
 [0.   ]
 [0.   ]
 [0.   ]]","[[0.   ]
 [0.004]
 [0.008]
 ...
 [0.   ]
 [0.   ]
 [0.   ]]","[[27.5]
 [27.5]
 [27.5]
 ...
 [27.5]
 [27.5]
 [27.5]]",['2C charge and 1C discharge']
"[[array(['2022-10-02,02:00:50'], dtype='<U19')]
 [array(['2022-10-02,02:00:52'], dtype='<U19')]
 [array(['2022-10-02,02:00:53'], dtype='<U19')]
 ...
 [array(['2022-10-02,03:58:21'], dtype='<U19')]
 [array(['2022-10-02,03:58:22'], dtype='<U19')]
 [array(['2022-10-02,03:58:22'], dtype='<U19')]]","[[0.   ]
 [0.017]
 [0.034]
 ...
 [4.992]
 [5.001]
 [5.001]]","[[3.3841]
 [3.4134]
 [3.4275]
 ...
 [3.2191]
 [3.2191]
 [3.2191]]","[[3.9991]
 [3.9999]
 [4.    ]
 ...
 [0.    ]
 [0.    ]
 [0.    ]]","[[0.   ]
 [0.001]
 [0.002]
 ...
 [0.   ]
 [0.   ]
 [0.   ]]","[[0.   ]
 [0.004]
 [0.008]
 ...
 [0.   ]
 [0.   ]
 [0.   ]]","[[27.5]
 [27.5]
 [27.5]
 ...
 [27.5]
 [27.5]
 [27.5]]",['2C charge and 1C discharge']
"[[array(['2022-10-02,03:58:23'], dtype='<U19')]
 [array(['2022-10-02,03:58:24'], dtype='<U19')]
 [array(['2022-10-02,03:58:25'], dtype='<U19')]
 ...
 [array(['2022-10-02,05:55:51'], dtype='<U19')]
 [array(['2022-10-02,05:55:52'], dtype='<U19')]
 [array(['2022-10-02,05:55:52'], dtype='<U19')]]","[[0.   ]
 [0.018]
 [0.035]
 ...
 [4.994]
 [5.   ]
 [5.   ]]","[[3.3855]
 [3.4149]
 [3.4298]
 ...
 [3.2197]
 [3.2197]
 [3.2199]]","[[3.9991]
 [3.9999]
 [4.    ]
 ...
 [0.    ]
 [0.    ]
 [0.    ]]","[[0.   ]
 [0.001]
 [0.002]
 ...
 [0.   ]
 [0.   ]
 [0.   ]]","[[0.   ]
 [0.004]
 [0.008]
 ...
 [0.   ]
 [0.   ]
 [0.   ]]","[[27.5]
 [27.5]
 [27.5]
 ...
 [27.5]
 [27.5]
 [27.5]]",['2C charge and 1C discharge']
"[[array(['2022-10-02,05:55:53'], dtype='<U19')]
 [array(['2022-10-02,05:55:54'], dtype='<U19')]
 [array(['2022-10-02,05:55:55'], dtype='<U19')]
 ...
 [array(['2022-10-02,07:53:24'], dtype='<U19')]
 [array(['2022-10-02,07:53:24'], dtype='<U19')]
 [array(['2022-10-02,07:53:25'], dtype='<U19')]]","[[0.   ]
 [0.017]
 [0.034]
 ...
 [4.992]
 [5.001]
 [5.001]]","[[3.3852]
 [3.4144]
 [3.4293]
 ...
 [3.2197]
 [3.2199]
 [3.2199]]","[[3.9994]
 [3.9999]
 [4.    ]
 ...
 [0.    ]
 [0.    ]
 [0.    ]]","[[0.   ]
 [0.001]
 [0.002]
 ...
 [0.   ]
 [0.   ]
 [0.   ]]","[[0.   ]
 [0.004]
 [0.008]
 ...
 [0.   ]
 [0.   ]
 [0.   ]]","[[27.5]
 [27.5]
 [27.5]
 ...
 [27.5]
 [27.5]
 [27.5]]",['2C charge and 1C discharge']
"[[array(['2022-10-02,07:53:26'], dtype='<U19')]
 [array(['2022-10-02,07:53:27'], dtype='<U19')]
 [array(['2022-10-02,07:53:28'], dtype='<U19')]
 ...
 [array(['2022-10-02,09:50:56'], dtype='<U19')]
 [array(['2022-10-02,09:50:56'], dtype='<U19')]
 [array(['2022-10-02,09:50:56'], dtype='<U19')]]","[[0.   ]
 [0.017]
 [0.035]
 ...
 [5.   ]
 [5.001]
 [5.001]]","[[3.3874]
 [3.4164]
 [3.4301]
 ...
 [3.22  ]
 [3.22  ]
 [3.22  ]]","[[3.9991]
 [3.9999]
 [4.    ]
 ...
 [0.    ]
 [0.    ]
 [0.    ]]","[[0.   ]
 [0.001]
 [0.002]
 ...
 [0.   ]
 [0.   ]
 [0.   ]]","[[0.   ]
 [0.004]
 [0.008]
 ...
 [0.   ]
 [0.   ]
 [0.   ]]","[[27.4]
 [27.4]
 [27.5]
 ...
 [27.5]
 [27.5]
 [27.5]]",['2C charge and 1C discharge']
"[[array(['2022-10-02,09:50:57'], dtype='<U19')]
 [array(['2022-10-02,09:50:58'], dtype='<U19')]
 [array(['2022-10-02,09:50:59'], dtype='<U19')]
 ...
 [array(['2022-10-02,11:48:27'], dtype='<U19')]
 [array(['2022-10-02,11:48:28'], dtype='<U19')]
 [array(['2022-10-02,11:48:28'], dtype='<U19')]]","[[0.   ]
 [0.017]
 [0.034]
 ...
 [4.986]
 [5.001]
 [5.001]]","[[3.3858]
 [3.4152]
 [3.4298]
 ...
 [3.2191]
 [3.2194]
 [3.2194]]","[[3.9991]
 [3.9999]
 [3.9999]
 ...
 [0.    ]
 [0.    ]
 [0.    ]]","[[0.   ]
 [0.001]
 [0.002]
 ...
 [0.   ]
 [0.   ]
 [0.   ]]","[[0.   ]
 [0.004]
 [0.008]
 ...
 [0.   ]
 [0.   ]
 [0.   ]]","[[27.5]
 [27.5]
 [27.5]
 ...
 [27.5]
 [27.5]
 [27.5]]",['2C charge and 1C discharge']
"[[array(['2022-10-02,11:48:29'], dtype='<U19')]
 [array(['2022-10-02,11:48:30'], dtype='<U19')]
 [array(['2022-10-02,11:48:31'], dtype='<U19')]
 ...
 [array(['2022-10-02,13:45:54'], dtype='<U19')]
 [array(['2022-10-02,13:45:55'], dtype='<U19')]
 [array(['2022-10-02,13:45:55'], dtype='<U19')]]","[[0.   ]
 [0.017]
 [0.034]
 ...
 [4.983]
 [5.002]
 [5.002]]","[[3.3854]
 [3.4144]
 [3.4286]
 ...
 [3.22  ]
 [3.22  ]
 [3.22  ]]","[[3.9991]
 [3.9999]
 [4.    ]
 ...
 [0.    ]
 [0.    ]
 [0.    ]]","[[0.   ]
 [0.001]
 [0.002]
 ...
 [0.   ]
 [0.   ]
 [0.   ]]","[[0.   ]
 [0.004]
 [0.008]
 ...
 [0.   ]
 [0.   ]
 [0.   ]]","[[27.5]
 [27.5]
 [27.5]
 ...
 [27.5]
 [27.5]
 [27.5]]",['2C charge and 1C discharge']
"[[array(['2022-10-02,13:45:56'], dtype='<U19')]
 [array(['2022-10-02,13:45:57'], dtype='<U19')]
 [array(['2022-10-02,13:45:58'], dtype='<U19')]
 ...
 [array(['2022-10-02,15:43:20'], dtype='<U19')]
 [array(['2022-10-02,15:43:21'], dtype='<U19')]
 [array(['2022-10-02,15:43:21'], dtype='<U19')]]","[[0.   ]
 [0.017]
 [0.034]
 ...
 [4.995]
 [5.003]
 [5.003]]","[[3.3864]
 [3.4154]
 [3.43  ]
 ...
 [3.2203]
 [3.2205]
 [3.2205]]","[[3.9991]
 [3.9999]
 [3.9999]
 ...
 [0.    ]
 [0.    ]
 [0.    ]]","[[0.   ]
 [0.001]
 [0.002]
 ...
 [0.   ]
 [0.   ]
 [0.   ]]","[[0.   ]
 [0.004]
 [0.008]
 ...
 [0.   ]
 [0.   ]
 [0.   ]]","[[27.5]
 [27.5]
 [27.5]
 ...
 [27.5]
 [27.5]
 [27.5]]",['2C charge and 1C discharge']
"[[array(['2022-10-02,15:43:22'], dtype='<U19')]
 [array(['2022-10-02,15:43:23'], dtype='<U19')]
 [array(['2022-10-02,15:43:24'], dtype='<U19')]
 ...
 [array(['2022-10-02,17:40:45'], dtype='<U19')]
 [array(['2022-10-02,17:40:46'], dtype='<U19')]
 [array(['2022-10-02,17:40:46'], dtype='<U19')]]","[[0.   ]
 [0.017]
 [0.034]
 ...
 [4.991]
 [5.001]
 [5.001]]","[[3.3864]
 [3.4157]
 [3.4306]
 ...
 [3.2202]
 [3.2202]
 [3.2203]]","[[3.9991]
 [3.9999]
 [4.    ]
 ...
 [0.    ]
 [0.    ]
 [0.    ]]","[[0.   ]
 [0.001]
 [0.002]
 ...
 [0.   ]
 [0.   ]
 [0.   ]]","[[0.   ]
 [0.004]
 [0.008]
 ...
 [0.   ]
 [0.   ]
 [0.   ]]","[[27.5]
 [27.5]
 [27.5]
 ...
 [27.5]
 [27.5]
 [27.5]]",['2C charge and 1C discharge']
"[[array(['2022-10-02,17:40:47'], dtype='<U19')]
 [array(['2022-10-02,17:40:48'], dtype='<U19')]
 [array(['2022-10-02,17:40:49'], dtype='<U19')]
 ...
 [array(['2022-10-02,19:38:15'], dtype='<U19')]
 [array(['2022-10-02,19:38:16'], dtype='<U19')]
 [array(['2022-10-02,19:38:16'], dtype='<U19')]]","[[0.   ]
 [0.017]
 [0.034]
 ...
 [4.985]
 [5.   ]
 [5.   ]]","[[3.3857]
 [3.4154]
 [3.4301]
 ...
 [3.2208]
 [3.2208]
 [3.2211]]","[[3.9991]
 [3.9999]
 [4.    ]
 ...
 [0.    ]
 [0.    ]
 [0.    ]]","[[0.   ]
 [0.001]
 [0.002]
 ...
 [0.   ]
 [0.   ]
 [0.   ]]","[[0.   ]
 [0.004]
 [0.008]
 ...
 [0.   ]
 [0.   ]
 [0.   ]]","[[27.5]
 [27.5]
 [27.5]
 ...
 [27.5]
 [27.4]
 [27.4]]",['2C charge and 1C discharge']
"[[array(['2022-10-02,19:38:17'], dtype='<U19')]
 [array(['2022-10-02,19:38:18'], dtype='<U19')]
 [array(['2022-10-02,19:38:19'], dtype='<U19')]
 ...
 [array(['2022-10-02,21:35:44'], dtype='<U19')]
 [array(['2022-10-02,21:35:44'], dtype='<U19')]
 [array(['2022-10-02,21:35:44'], dtype='<U19')]]","[[0.   ]
 [0.017]
 [0.034]
 ...
 [4.995]
 [5.002]
 [5.002]]","[[3.3878]
 [3.4169]
 [3.4312]
 ...
 [3.2213]
 [3.2214]
 [3.2214]]","[[3.9994]
 [3.9999]
 [4.    ]
 ...
 [0.    ]
 [0.    ]
 [0.    ]]","[[0.   ]
 [0.001]
 [0.002]
 ...
 [0.   ]
 [0.   ]
 [0.   ]]","[[0.   ]
 [0.004]
 [0.008]
 ...
 [0.   ]
 [0.   ]
 [0.   ]]","[[27.5]
 [27.5]
 [27.4]
 ...
 [27.4]
 [27.4]
 [27.5]]",['2C charge and 1C discharge']
"[[array(['2022-10-02,21:35:45'], dtype='<U19')]
 [array(['2022-10-02,21:35:46'], dtype='<U19')]
 [array(['2022-10-02,21:35:47'], dtype='<U19')]
 ...
 [array(['2022-10-02,23:33:12'], dtype='<U19')]
 [array(['2022-10-02,23:33:13'], dtype='<U19')]
 [array(['2022-10-02,23:33:13'], dtype='<U19')]]","[[0.   ]
 [0.017]
 [0.034]
 ...
 [4.991]
 [5.   ]
 [5.   ]]","[[3.3886]
 [3.4166]
 [3.431 ]
 ...
 [3.2216]
 [3.2217]
 [3.2217]]","[[3.9991]
 [3.9999]
 [3.9999]
 ...
 [0.    ]
 [0.    ]
 [0.    ]]","[[0.   ]
 [0.001]
 [0.002]
 ...
 [0.   ]
 [0.   ]
 [0.   ]]","[[0.   ]
 [0.004]
 [0.008]
 ...
 [0.   ]
 [0.   ]
 [0.   ]]","[[27.4]
 [27.4]
 [27.4]
 ...
 [27.4]
 [27.4]
 [27.4]]",['2C charge and 1C discharge']
"[[array(['2022-10-02,23:33:14'], dtype='<U19')]
 [array(['2022-10-02,23:33:15'], dtype='<U19')]
 [array(['2022-10-02,23:33:16'], dtype='<U19')]
 ...
 [array(['2022-10-03,01:30:42'], dtype='<U19')]
 [array(['2022-10-03,01:30:42'], dtype='<U19')]
 [array(['2022-10-03,01:30:42'], dtype='<U19')]]","[[0.   ]
 [0.017]
 [0.034]
 ...
 [4.994]
 [5.   ]
 [5.   ]]","[[3.3883]
 [3.4175]
 [3.4324]
 ...
 [3.2242]
 [3.2242]
 [3.2242]]","[[3.9991]
 [3.9999]
 [4.    ]
 ...
 [0.    ]
 [0.    ]
 [0.    ]]","[[0.   ]
 [0.001]
 [0.002]
 ...
 [0.   ]
 [0.   ]
 [0.   ]]","[[0.   ]
 [0.004]
 [0.008]
 ...
 [0.   ]
 [0.   ]
 [0.   ]]","[[27.5]
 [27.4]
 [27.4]
 ...
 [27.3]
 [27.3]
 [27.3]]",['2C charge and 1C discharge']
"[[array(['2022-10-03,01:30:43'], dtype='<U19')]
 [array(['2022-10-03,01:30:44'], dtype='<U19')]
 [array(['2022-10-03,01:30:45'], dtype='<U19')]
 ...
 [array(['2022-10-03,03:28:17'], dtype='<U19')]
 [array(['2022-10-03,03:28:18'], dtype='<U19')]
 [array(['2022-10-03,03:28:18'], dtype='<U19')]]","[[0.   ]
 [0.017]
 [0.034]
 ...
 [4.99 ]
 [5.   ]
 [5.   ]]","[[3.39  ]
 [3.4203]
 [3.4352]
 ...
 [3.2253]
 [3.2254]
 [3.2254]]","[[3.9991]
 [3.9999]
 [4.    ]
 ...
 [0.    ]
 [0.    ]
 [0.    ]]","[[0.   ]
 [0.001]
 [0.002]
 ...
 [0.   ]
 [0.   ]
 [0.   ]]","[[0.   ]
 [0.004]
 [0.008]
 ...
 [0.   ]
 [0.   ]
 [0.   ]]","[[27.3]
 [27.3]
 [27.3]
 ...
 [27.2]
 [27.2]
 [27.2]]",['2C charge and 1C discharge']
"[[array(['2022-10-03,03:28:19'], dtype='<U19')]
 [array(['2022-10-03,03:28:20'], dtype='<U19')]
 [array(['2022-10-03,03:28:21'], dtype='<U19')]
 ...
 [array(['2022-10-03,05:25:55'], dtype='<U19')]
 [array(['2022-10-03,05:25:55'], dtype='<U19')]
 [array(['2022-10-03,05:25:55'], dtype='<U19')]]","[[0.   ]
 [0.017]
 [0.034]
 ...
 [4.996]
 [5.001]
 [5.001]]","[[3.3921]
 [3.4221]
 [3.437 ]
 ...
 [3.2273]
 [3.2273]
 [3.2273]]","[[3.9991]
 [3.9999]
 [3.9999]
 ...
 [0.    ]
 [0.    ]
 [0.    ]]","[[0.   ]
 [0.001]
 [0.002]
 ...
 [0.   ]
 [0.   ]
 [0.   ]]","[[0.   ]
 [0.004]
 [0.008]
 ...
 [0.   ]
 [0.   ]
 [0.   ]]","[[27.2]
 [27.2]
 [27.2]
 ...
 [27.1]
 [27.1]
 [27.1]]",['2C charge and 1C discharge']
"[[array(['2022-10-03,05:25:56'], dtype='<U19')]
 [array(['2022-10-03,05:25:57'], dtype='<U19')]
 [array(['2022-10-03,05:25:58'], dtype='<U19')]
 ...
 [array(['2022-10-03,07:23:34'], dtype='<U19')]
 [array(['2022-10-03,07:23:35'], dtype='<U19')]
 [array(['2022-10-03,07:23:35'], dtype='<U19')]]","[[0.   ]
 [0.017]
 [0.034]
 ...
 [4.996]
 [5.   ]
 [5.   ]]","[[3.3958]
 [3.425 ]
 [3.4393]
 ...
 [3.229 ]
 [3.2291]
 [3.2291]]","[[3.9991]
 [3.9999]
 [4.    ]
 ...
 [0.    ]
 [0.    ]
 [0.    ]]","[[0.   ]
 [0.001]
 [0.002]
 ...
 [0.   ]
 [0.   ]
 [0.   ]]","[[0.   ]
 [0.004]
 [0.008]
 ...
 [0.   ]
 [0.   ]
 [0.   ]]","[[27.1]
 [27.1]
 [27.1]
 ...
 [26.9]
 [27. ]
 [27. ]]",['2C charge and 1C discharge']
"[[array(['2022-10-03,07:23:36'], dtype='<U19')]
 [array(['2022-10-03,07:23:37'], dtype='<U19')]
 [array(['2022-10-03,07:23:38'], dtype='<U19')]
 ...
 [array(['2022-10-03,09:21:19'], dtype='<U19')]
 [array(['2022-10-03,09:21:20'], dtype='<U19')]
 [array(['2022-10-03,09:21:20'], dtype='<U19')]]","[[0.   ]
 [0.017]
 [0.034]
 ...
 [4.992]
 [5.   ]
 [5.   ]]","[[3.398 ]
 [3.4273]
 [3.4421]
 ...
 [3.2296]
 [3.2296]
 [3.2296]]","[[3.9991]
 [3.9999]
 [4.    ]
 ...
 [0.    ]
 [0.    ]
 [0.    ]]","[[0.   ]
 [0.001]
 [0.002]
 ...
 [0.   ]
 [0.   ]
 [0.   ]]","[[0.   ]
 [0.004]
 [0.008]
 ...
 [0.   ]
 [0.   ]
 [0.   ]]","[[27. ]
 [27. ]
 [26.9]
 ...
 [27.1]
 [27. ]
 [27. ]]",['2C charge and 1C discharge']
"[[array(['2022-10-03,09:21:21'], dtype='<U19')]
 [array(['2022-10-03,09:21:22'], dtype='<U19')]
 [array(['2022-10-03,09:21:23'], dtype='<U19')]
 ...
 [array(['2022-10-03,11:19:05'], dtype='<U19')]
 [array(['2022-10-03,11:19:05'], dtype='<U19')]
 [array(['2022-10-03,11:19:05'], dtype='<U19')]]","[[0.   ]
 [0.017]
 [0.034]
 ...
 [4.997]
 [5.   ]
 [5.   ]]","[[3.3984]
 [3.4278]
 [3.4424]
 ...
 [3.2294]
 [3.2294]
 [3.2294]]","[[3.9991]
 [3.9999]
 [4.    ]
 ...
 [0.    ]
 [0.    ]
 [0.    ]]","[[0.   ]
 [0.001]
 [0.002]
 ...
 [0.   ]
 [0.   ]
 [0.   ]]","[[0.   ]
 [0.004]
 [0.008]
 ...
 [0.   ]
 [0.   ]
 [0.   ]]","[[27. ]
 [27. ]
 [27. ]
 ...
 [27. ]
 [26.9]
 [26.9]]",['2C charge and 1C discharge']
"[[array(['2022-10-03,11:19:06'], dtype='<U19')]
 [array(['2022-10-03,11:19:07'], dtype='<U19')]
 [array(['2022-10-03,11:19:08'], dtype='<U19')]
 ...
 [array(['2022-10-03,13:16:49'], dtype='<U19')]
 [array(['2022-10-03,13:16:50'], dtype='<U19')]
 [array(['2022-10-03,13:16:50'], dtype='<U19')]]","[[0.   ]
 [0.017]
 [0.033]
 ...
 [4.983]
 [5.   ]
 [5.   ]]","[[3.3972]
 [3.4266]
 [3.4413]
 ...
 [3.2313]
 [3.2314]
 [3.2314]]","[[3.9991]
 [3.9999]
 [3.9999]
 ...
 [0.    ]
 [0.    ]
 [0.    ]]","[[0.   ]
 [0.001]
 [0.002]
 ...
 [0.   ]
 [0.   ]
 [0.   ]]","[[0.   ]
 [0.004]
 [0.008]
 ...
 [0.   ]
 [0.   ]
 [0.   ]]","[[27. ]
 [27. ]
 [27. ]
 ...
 [26.9]
 [26.9]
 [26.9]]",['2C charge and 1C discharge']
"[[array(['2022-10-03,13:16:51'], dtype='<U19')]
 [array(['2022-10-03,13:16:52'], dtype='<U19')]
 [array(['2022-10-03,13:16:53'], dtype='<U19')]
 ...
 [array(['2022-10-03,15:14:31'], dtype='<U19')]
 [array(['2022-10-03,15:14:32'], dtype='<U19')]
 [array(['2022-10-03,15:14:32'], dtype='<U19')]]","[[0.   ]
 [0.017]
 [0.034]
 ...
 [4.984]
 [5.   ]
 [5.   ]]","[[3.3992]
 [3.431 ]
 [3.4452]
 ...
 [3.2331]
 [3.2333]
 [3.2333]]","[[3.9991]
 [3.9999]
 [4.    ]
 ...
 [0.    ]
 [0.    ]
 [0.    ]]","[[0.   ]
 [0.001]
 [0.002]
 ...
 [0.   ]
 [0.   ]
 [0.   ]]","[[0.   ]
 [0.004]
 [0.008]
 ...
 [0.   ]
 [0.   ]
 [0.   ]]","[[26.8]
 [26.8]
 [26.8]
 ...
 [26.8]
 [26.8]
 [26.8]]",['2C charge and 1C discharge']
"[[array(['2022-10-03,15:14:33'], dtype='<U19')]
 [array(['2022-10-03,15:14:34'], dtype='<U19')]
 [array(['2022-10-03,15:14:35'], dtype='<U19')]
 ...
 [array(['2022-10-03,17:12:22'], dtype='<U19')]
 [array(['2022-10-03,17:12:22'], dtype='<U19')]
 [array(['2022-10-03,17:12:22'], dtype='<U19')]]","[[0.   ]
 [0.017]
 [0.034]
 ...
 [4.999]
 [5.   ]
 [5.   ]]","[[3.402 ]
 [3.4321]
 [3.4472]
 ...
 [3.2339]
 [3.2339]
 [3.2339]]","[[3.9991]
 [4.    ]
 [4.    ]
 ...
 [0.    ]
 [0.    ]
 [0.    ]]","[[0.   ]
 [0.001]
 [0.002]
 ...
 [0.   ]
 [0.   ]
 [0.   ]]","[[0.   ]
 [0.004]
 [0.008]
 ...
 [0.   ]
 [0.   ]
 [0.   ]]","[[26.8]
 [26.7]
 [26.8]
 ...
 [26.7]
 [26.7]
 [26.7]]",['2C charge and 1C discharge']
"[[array(['2022-10-03,17:12:23'], dtype='<U19')]
 [array(['2022-10-03,17:12:24'], dtype='<U19')]
 [array(['2022-10-03,17:12:25'], dtype='<U19')]
 ...
 [array(['2022-10-03,19:10:10'], dtype='<U19')]
 [array(['2022-10-03,19:10:11'], dtype='<U19')]
 [array(['2022-10-03,19:10:11'], dtype='<U19')]]","[[0.   ]
 [0.017]
 [0.034]
 ...
 [4.999]
 [5.   ]
 [5.   ]]","[[3.402 ]
 [3.4327]
 [3.4477]
 ...
 [3.2348]
 [3.2348]
 [3.2348]]","[[3.9991]
 [3.9999]
 [4.    ]
 ...
 [0.    ]
 [0.    ]
 [0.    ]]","[[0.   ]
 [0.001]
 [0.002]
 ...
 [0.   ]
 [0.   ]
 [0.   ]]","[[0.   ]
 [0.004]
 [0.008]
 ...
 [0.   ]
 [0.   ]
 [0.   ]]","[[26.7]
 [26.7]
 [26.7]
 ...
 [26.7]
 [26.7]
 [26.7]]",['2C charge and 1C discharge']
"[[array(['2022-10-03,19:10:12'], dtype='<U19')]
 [array(['2022-10-03,19:10:13'], dtype='<U19')]
 [array(['2022-10-03,19:10:14'], dtype='<U19')]
 ...
 [array(['2022-10-03,21:07:56'], dtype='<U19')]
 [array(['2022-10-03,21:07:56'], dtype='<U19')]
 [array(['2022-10-03,21:07:56'], dtype='<U19')]]","[[0.   ]
 [0.017]
 [0.034]
 ...
 [4.997]
 [5.   ]
 [5.   ]]","[[3.4032]
 [3.4344]
 [3.4487]
 ...
 [3.2353]
 [3.2353]
 [3.2353]]","[[3.9991]
 [3.9999]
 [3.9999]
 ...
 [0.    ]
 [0.    ]
 [0.    ]]","[[0.   ]
 [0.001]
 [0.002]
 ...
 [0.   ]
 [0.   ]
 [0.   ]]","[[0.   ]
 [0.004]
 [0.008]
 ...
 [0.   ]
 [0.   ]
 [0.   ]]","[[26.7]
 [26.7]
 [26.7]
 ...
 [26.7]
 [26.7]
 [26.7]]",['2C charge and 1C discharge']
"[[array(['2022-10-03,21:07:57'], dtype='<U19')]
 [array(['2022-10-03,21:07:58'], dtype='<U19')]
 [array(['2022-10-03,21:07:59'], dtype='<U19')]
 ...
 [array(['2022-10-03,23:05:36'], dtype='<U19')]
 [array(['2022-10-03,23:05:37'], dtype='<U19')]
 [array(['2022-10-03,23:05:37'], dtype='<U19')]]","[[0.   ]
 [0.017]
 [0.034]
 ...
 [4.983]
 [5.   ]
 [5.   ]]","[[3.4038]
 [3.4341]
 [3.449 ]
 ...
 [3.2356]
 [3.2357]
 [3.2357]]","[[3.9991]
 [3.9999]
 [3.9999]
 ...
 [0.    ]
 [0.    ]
 [0.    ]]","[[0.   ]
 [0.001]
 [0.002]
 ...
 [0.   ]
 [0.   ]
 [0.   ]]","[[0.   ]
 [0.004]
 [0.008]
 ...
 [0.   ]
 [0.   ]
 [0.   ]]","[[26.7]
 [26.7]
 [26.8]
 ...
 [26.6]
 [26.7]
 [26.7]]",['2C charge and 1C discharge']
"[[array(['2022-10-03,23:05:38'], dtype='<U19')]
 [array(['2022-10-03,23:05:39'], dtype='<U19')]
 [array(['2022-10-03,23:05:40'], dtype='<U19')]
 ...
 [array(['2022-10-04,01:03:24'], dtype='<U19')]
 [array(['2022-10-04,01:03:24'], dtype='<U19')]
 [array(['2022-10-04,01:03:24'], dtype='<U19')]]","[[0.   ]
 [0.017]
 [0.034]
 ...
 [5.   ]
 [5.   ]
 [5.   ]]","[[3.4035]
 [3.4353]
 [3.4504]
 ...
 [3.2374]
 [3.2374]
 [3.2374]]","[[3.9991]
 [3.9999]
 [3.9999]
 ...
 [0.    ]
 [0.    ]
 [0.    ]]","[[0.   ]
 [0.001]
 [0.002]
 ...
 [0.   ]
 [0.   ]
 [0.   ]]","[[0.   ]
 [0.004]
 [0.008]
 ...
 [0.   ]
 [0.   ]
 [0.   ]]","[[26.6]
 [26.6]
 [26.6]
 ...
 [26.5]
 [26.5]
 [26.5]]",['2C charge and 1C discharge']
"[[array(['2022-10-04,01:03:25'], dtype='<U19')]
 [array(['2022-10-04,01:03:26'], dtype='<U19')]
 [array(['2022-10-04,01:03:27'], dtype='<U19')]
 ...
 [array(['2022-10-04,03:01:12'], dtype='<U19')]
 [array(['2022-10-04,03:01:12'], dtype='<U19')]
 [array(['2022-10-04,03:01:12'], dtype='<U19')]]","[[0.   ]
 [0.017]
 [0.034]
 ...
 [4.998]
 [5.   ]
 [5.   ]]","[[3.407 ]
 [3.4372]
 [3.4515]
 ...
 [3.238 ]
 [3.2382]
 [3.238 ]]","[[3.9991]
 [3.9999]
 [3.9999]
 ...
 [0.    ]
 [0.    ]
 [0.    ]]","[[0.   ]
 [0.001]
 [0.002]
 ...
 [0.   ]
 [0.   ]
 [0.   ]]","[[0.   ]
 [0.004]
 [0.008]
 ...
 [0.   ]
 [0.   ]
 [0.   ]]","[[26.5]
 [26.5]
 [26.5]
 ...
 [26.5]
 [26.5]
 [26.5]]",['2C charge and 1C discharge']
"[[array(['2022-10-04,03:01:13'], dtype='<U19')]
 [array(['2022-10-04,03:01:14'], dtype='<U19')]
 [array(['2022-10-04,03:01:15'], dtype='<U19')]
 ...
 [array(['2022-10-04,04:58:57'], dtype='<U19')]
 [array(['2022-10-04,04:58:58'], dtype='<U19')]
 [array(['2022-10-04,04:58:58'], dtype='<U19')]]","[[0.   ]
 [0.017]
 [0.034]
 ...
 [4.983]
 [5.   ]
 [5.   ]]","[[3.4078]
 [3.4381]
 [3.453 ]
 ...
 [3.2391]
 [3.2391]
 [3.2391]]","[[3.9991]
 [3.9999]
 [3.9999]
 ...
 [0.    ]
 [0.    ]
 [0.    ]]","[[0.   ]
 [0.001]
 [0.002]
 ...
 [0.   ]
 [0.   ]
 [0.   ]]","[[0.   ]
 [0.004]
 [0.008]
 ...
 [0.   ]
 [0.   ]
 [0.   ]]","[[26.5]
 [26.5]
 [26.5]
 ...
 [26.5]
 [26.5]
 [26.5]]",['2C charge and 1C discharge']
"[[array(['2022-10-04,04:58:59'], dtype='<U19')]
 [array(['2022-10-04,04:59:00'], dtype='<U19')]
 [array(['2022-10-04,04:59:02'], dtype='<U19')]
 ...
 [array(['2022-10-04,06:56:46'], dtype='<U19')]
 [array(['2022-10-04,06:56:46'], dtype='<U19')]
 [array(['2022-10-04,06:56:46'], dtype='<U19')]]","[[0.   ]
 [0.017]
 [0.034]
 ...
 [4.999]
 [5.001]
 [5.001]]","[[3.409 ]
 [3.4395]
 [3.4549]
 ...
 [3.2406]
 [3.2406]
 [3.2403]]","[[3.9991]
 [3.9999]
 [4.    ]
 ...
 [0.    ]
 [0.    ]
 [0.    ]]","[[0.   ]
 [0.001]
 [0.002]
 ...
 [0.   ]
 [0.   ]
 [0.   ]]","[[0.   ]
 [0.004]
 [0.008]
 ...
 [0.   ]
 [0.   ]
 [0.   ]]","[[26.5]
 [26.5]
 [26.4]
 ...
 [26.4]
 [26.4]
 [26.4]]",['2C charge and 1C discharge']
"[[array(['2022-10-04,06:56:47'], dtype='<U19')]
 [array(['2022-10-04,06:56:48'], dtype='<U19')]
 [array(['2022-10-04,06:56:49'], dtype='<U19')]
 ...
 [array(['2022-10-04,08:54:37'], dtype='<U19')]
 [array(['2022-10-04,08:54:38'], dtype='<U19')]
 [array(['2022-10-04,08:54:38'], dtype='<U19')]]","[[0.   ]
 [0.017]
 [0.034]
 ...
 [4.984]
 [5.   ]
 [5.   ]]","[[3.4101]
 [3.4412]
 [3.4561]
 ...
 [3.2414]
 [3.2414]
 [3.2414]]","[[3.9991]
 [3.9999]
 [3.9999]
 ...
 [0.    ]
 [0.    ]
 [0.    ]]","[[0.   ]
 [0.001]
 [0.002]
 ...
 [0.   ]
 [0.   ]
 [0.   ]]","[[0.   ]
 [0.004]
 [0.008]
 ...
 [0.   ]
 [0.   ]
 [0.   ]]","[[26.4]
 [26.4]
 [26.4]
 ...
 [26.3]
 [26.3]
 [26.3]]",['2C charge and 1C discharge']
"[[array(['2022-10-04,08:54:39'], dtype='<U19')]
 [array(['2022-10-04,08:54:40'], dtype='<U19')]
 [array(['2022-10-04,08:54:41'], dtype='<U19')]
 ...
 [array(['2022-10-04,10:52:30'], dtype='<U19')]
 [array(['2022-10-04,10:52:30'], dtype='<U19')]
 [array(['2022-10-04,10:52:30'], dtype='<U19')]]","[[0.   ]
 [0.017]
 [0.034]
 ...
 [4.999]
 [5.   ]
 [5.   ]]","[[3.4109]
 [3.443 ]
 [3.4573]
 ...
 [3.243 ]
 [3.243 ]
 [3.243 ]]","[[3.9991]
 [3.9999]
 [4.    ]
 ...
 [0.    ]
 [0.    ]
 [0.    ]]","[[0.   ]
 [0.001]
 [0.002]
 ...
 [0.   ]
 [0.   ]
 [0.   ]]","[[0.   ]
 [0.004]
 [0.008]
 ...
 [0.   ]
 [0.   ]
 [0.   ]]","[[26.3]
 [26.3]
 [26.3]
 ...
 [26.2]
 [26.2]
 [26.2]]",['2C charge and 1C discharge']
"[[array(['2022-10-04,10:52:31'], dtype='<U19')]
 [array(['2022-10-04,10:52:32'], dtype='<U19')]
 [array(['2022-10-04,10:52:33'], dtype='<U19')]
 ...
 [array(['2022-10-04,12:50:24'], dtype='<U19')]
 [array(['2022-10-04,12:50:25'], dtype='<U19')]
 [array(['2022-10-04,12:50:25'], dtype='<U19')]]","[[0.   ]
 [0.017]
 [0.034]
 ...
 [4.983]
 [5.   ]
 [5.   ]]","[[3.4143]
 [3.4438]
 [3.4592]
 ...
 [3.245 ]
 [3.245 ]
 [3.245 ]]","[[3.9991]
 [3.9999]
 [3.9999]
 ...
 [0.    ]
 [0.    ]
 [0.    ]]","[[0.   ]
 [0.001]
 [0.002]
 ...
 [0.   ]
 [0.   ]
 [0.   ]]","[[0.   ]
 [0.004]
 [0.008]
 ...
 [0.   ]
 [0.   ]
 [0.   ]]","[[26.2]
 [26.2]
 [26.2]
 ...
 [26.1]
 [26.1]
 [26.1]]",['2C charge and 1C discharge']
"[[array(['2022-10-04,12:50:26'], dtype='<U19')]
 [array(['2022-10-04,12:50:27'], dtype='<U19')]
 [array(['2022-10-04,12:50:28'], dtype='<U19')]
 ...
 [array(['2022-10-04,14:48:24'], dtype='<U19')]
 [array(['2022-10-04,14:48:24'], dtype='<U19')]
 [array(['2022-10-04,14:48:24'], dtype='<U19')]]","[[0.   ]
 [0.017]
 [0.034]
 ...
 [5.   ]
 [5.001]
 [5.001]]","[[3.4161]
 [3.447 ]
 [3.4621]
 ...
 [3.2462]
 [3.2463]
 [3.2462]]","[[3.9991]
 [3.9999]
 [3.9999]
 ...
 [0.    ]
 [0.    ]
 [0.    ]]","[[0.   ]
 [0.001]
 [0.002]
 ...
 [0.   ]
 [0.   ]
 [0.   ]]","[[0.   ]
 [0.004]
 [0.008]
 ...
 [0.   ]
 [0.   ]
 [0.   ]]","[[26.1]
 [26.1]
 [26.1]
 ...
 [26.1]
 [26.1]
 [26.1]]",['2C charge and 1C discharge']
"[[array(['2022-10-04,14:48:25'], dtype='<U19')]
 [array(['2022-10-04,14:48:26'], dtype='<U19')]
 [array(['2022-10-04,14:48:27'], dtype='<U19')]
 ...
 [array(['2022-10-04,16:46:19'], dtype='<U19')]
 [array(['2022-10-04,16:46:19'], dtype='<U19')]
 [array(['2022-10-04,16:46:19'], dtype='<U19')]]","[[0.   ]
 [0.017]
 [0.034]
 ...
 [4.998]
 [5.   ]
 [5.   ]]","[[3.4175]
 [3.4484]
 [3.463 ]
 ...
 [3.2477]
 [3.2477]
 [3.2477]]","[[3.9991]
 [3.9999]
 [4.    ]
 ...
 [0.    ]
 [0.    ]
 [0.    ]]","[[0.   ]
 [0.001]
 [0.002]
 ...
 [0.   ]
 [0.   ]
 [0.   ]]","[[0.   ]
 [0.004]
 [0.008]
 ...
 [0.   ]
 [0.   ]
 [0.   ]]","[[26. ]
 [26.1]
 [26. ]
 ...
 [25.9]
 [25.9]
 [25.9]]",['2C charge and 1C discharge']
"[[array(['2022-10-04,16:46:20'], dtype='<U19')]
 [array(['2022-10-04,16:46:21'], dtype='<U19')]
 [array(['2022-10-04,16:46:22'], dtype='<U19')]
 ...
 [array(['2022-10-04,18:44:20'], dtype='<U19')]
 [array(['2022-10-04,18:44:20'], dtype='<U19')]
 [array(['2022-10-04,18:44:20'], dtype='<U19')]]","[[0.   ]
 [0.017]
 [0.034]
 ...
 [4.999]
 [5.001]
 [5.001]]","[[3.4184]
 [3.4501]
 [3.4653]
 ...
 [3.2502]
 [3.2503]
 [3.2502]]","[[3.9991]
 [3.9999]
 [3.9999]
 ...
 [0.    ]
 [0.    ]
 [0.    ]]","[[0.   ]
 [0.001]
 [0.002]
 ...
 [0.   ]
 [0.   ]
 [0.   ]]","[[0.   ]
 [0.004]
 [0.008]
 ...
 [0.   ]
 [0.   ]
 [0.   ]]","[[25.9]
 [25.9]
 [25.9]
 ...
 [25.8]
 [25.8]
 [25.8]]",['2C charge and 1C discharge']
"[[array(['2022-10-04,18:44:21'], dtype='<U19')]
 [array(['2022-10-04,18:44:22'], dtype='<U19')]
 [array(['2022-10-04,18:44:23'], dtype='<U19')]
 ...
 [array(['2022-10-04,20:42:26'], dtype='<U19')]
 [array(['2022-10-04,20:42:26'], dtype='<U19')]
 [array(['2022-10-04,20:42:27'], dtype='<U19')]]","[[0.   ]
 [0.017]
 [0.034]
 ...
 [4.999]
 [5.001]
 [5.001]]","[[3.4226]
 [3.4536]
 [3.4687]
 ...
 [3.2519]
 [3.2519]
 [3.2519]]","[[3.9991]
 [3.9999]
 [4.    ]
 ...
 [0.    ]
 [0.    ]
 [0.    ]]","[[0.   ]
 [0.001]
 [0.002]
 ...
 [0.   ]
 [0.   ]
 [0.   ]]","[[0.   ]
 [0.004]
 [0.008]
 ...
 [0.   ]
 [0.   ]
 [0.   ]]","[[25.8]
 [25.8]
 [25.8]
 ...
 [25.7]
 [25.7]
 [25.7]]",['2C charge and 1C discharge']
"[[array(['2022-10-04,20:42:28'], dtype='<U19')]
 [array(['2022-10-04,20:42:29'], dtype='<U19')]
 [array(['2022-10-04,20:42:30'], dtype='<U19')]
 ...
 [array(['2022-10-04,22:40:37'], dtype='<U19')]
 [array(['2022-10-04,22:40:38'], dtype='<U19')]
 [array(['2022-10-04,22:40:38'], dtype='<U19')]]","[[0.   ]
 [0.017]
 [0.035]
 ...
 [4.983]
 [5.   ]
 [5.   ]]","[[3.4241]
 [3.4558]
 [3.4712]
 ...
 [3.2548]
 [3.255 ]
 [3.255 ]]","[[3.9994]
 [3.9999]
 [4.    ]
 ...
 [0.    ]
 [0.    ]
 [0.    ]]","[[0.   ]
 [0.001]
 [0.002]
 ...
 [0.   ]
 [0.   ]
 [0.   ]]","[[0.   ]
 [0.004]
 [0.008]
 ...
 [0.   ]
 [0.   ]
 [0.   ]]","[[25.7]
 [25.7]
 [25.7]
 ...
 [25.4]
 [25.4]
 [25.4]]",['2C charge and 1C discharge']
"[[array(['2022-10-04,22:40:39'], dtype='<U19')]
 [array(['2022-10-04,22:40:40'], dtype='<U19')]
 [array(['2022-10-04,22:40:41'], dtype='<U19')]
 ...
 [array(['2022-10-05,00:38:48'], dtype='<U19')]
 [array(['2022-10-05,00:38:48'], dtype='<U19')]
 [array(['2022-10-05,00:38:48'], dtype='<U19')]]","[[0.   ]
 [0.017]
 [0.034]
 ...
 [4.999]
 [5.   ]
 [5.   ]]","[[3.4277]
 [3.4596]
 [3.475 ]
 ...
 [3.2563]
 [3.2563]
 [3.2563]]","[[3.9991]
 [3.9999]
 [3.9999]
 ...
 [0.    ]
 [0.    ]
 [0.    ]]","[[0.   ]
 [0.001]
 [0.002]
 ...
 [0.   ]
 [0.   ]
 [0.   ]]","[[0.   ]
 [0.004]
 [0.008]
 ...
 [0.   ]
 [0.   ]
 [0.   ]]","[[25.4]
 [25.4]
 [25.4]
 ...
 [25.3]
 [25.3]
 [25.3]]",['2C charge and 1C discharge']
"[[array(['2022-10-05,00:38:49'], dtype='<U19')]
 [array(['2022-10-05,00:38:50'], dtype='<U19')]
 [array(['2022-10-05,00:38:51'], dtype='<U19')]
 ...
 [array(['2022-10-05,02:37:03'], dtype='<U19')]
 [array(['2022-10-05,02:37:03'], dtype='<U19')]
 [array(['2022-10-05,02:37:04'], dtype='<U19')]]","[[0.   ]
 [0.017]
 [0.034]
 ...
 [4.998]
 [5.001]
 [5.001]]","[[3.4303]
 [3.4618]
 [3.477 ]
 ...
 [3.2585]
 [3.2585]
 [3.2586]]","[[3.9994]
 [3.9999]
 [3.9999]
 ...
 [0.    ]
 [0.    ]
 [0.    ]]","[[0.   ]
 [0.001]
 [0.002]
 ...
 [0.   ]
 [0.   ]
 [0.   ]]","[[0.   ]
 [0.004]
 [0.008]
 ...
 [0.   ]
 [0.   ]
 [0.   ]]","[[25.3]
 [25.3]
 [25.3]
 ...
 [25.3]
 [25.3]
 [25.3]]",['2C charge and 1C discharge']
"[[array(['2022-10-05,02:37:05'], dtype='<U19')]
 [array(['2022-10-05,02:37:06'], dtype='<U19')]
 [array(['2022-10-05,02:37:07'], dtype='<U19')]
 ...
 [array(['2022-10-05,04:35:19'], dtype='<U19')]
 [array(['2022-10-05,04:35:20'], dtype='<U19')]
 [array(['2022-10-05,04:35:20'], dtype='<U19')]]","[[0.   ]
 [0.017]
 [0.034]
 ...
 [4.999]
 [5.   ]
 [5.   ]]","[[3.4326]
 [3.4643]
 [3.4789]
 ...
 [3.2593]
 [3.2593]
 [3.2593]]","[[3.9991]
 [3.9999]
 [3.9999]
 ...
 [0.    ]
 [0.    ]
 [0.    ]]","[[0.   ]
 [0.001]
 [0.002]
 ...
 [0.   ]
 [0.   ]
 [0.   ]]","[[0.   ]
 [0.004]
 [0.008]
 ...
 [0.   ]
 [0.   ]
 [0.   ]]","[[25.3]
 [25.3]
 [25.3]
 ...
 [25.2]
 [25.2]
 [25.1]]",['2C charge and 1C discharge']
"[[array(['2022-10-05,04:35:21'], dtype='<U19')]
 [array(['2022-10-05,04:35:22'], dtype='<U19')]
 [array(['2022-10-05,04:35:23'], dtype='<U19')]
 ...
 [array(['2022-10-05,06:33:41'], dtype='<U19')]
 [array(['2022-10-05,06:33:41'], dtype='<U19')]
 [array(['2022-10-05,06:33:41'], dtype='<U19')]]","[[0.   ]
 [0.017]
 [0.034]
 ...
 [4.999]
 [5.001]
 [5.001]]","[[3.4329]
 [3.4649]
 [3.4803]
 ...
 [3.2613]
 [3.2613]
 [3.2613]]","[[3.9991]
 [3.9999]
 [4.    ]
 ...
 [0.    ]
 [0.    ]
 [0.    ]]","[[0.   ]
 [0.001]
 [0.002]
 ...
 [0.   ]
 [0.   ]
 [0.   ]]","[[0.   ]
 [0.004]
 [0.008]
 ...
 [0.   ]
 [0.   ]
 [0.   ]]","[[25.2]
 [25.2]
 [25.1]
 ...
 [24.9]
 [24.9]
 [25. ]]",['2C charge and 1C discharge']
"[[array(['2022-10-05,06:33:42'], dtype='<U19')]
 [array(['2022-10-05,06:33:43'], dtype='<U19')]
 [array(['2022-10-05,06:33:44'], dtype='<U19')]
 ...
 [array(['2022-10-05,08:32:05'], dtype='<U19')]
 [array(['2022-10-05,08:32:05'], dtype='<U19')]
 [array(['2022-10-05,08:32:06'], dtype='<U19')]]","[[0.   ]
 [0.017]
 [0.034]
 ...
 [4.999]
 [5.   ]
 [5.   ]]","[[3.4357]
 [3.4681]
 [3.4835]
 ...
 [3.264 ]
 [3.264 ]
 [3.2642]]","[[3.9991]
 [3.9999]
 [4.    ]
 ...
 [0.    ]
 [0.    ]
 [0.    ]]","[[0.   ]
 [0.001]
 [0.002]
 ...
 [0.   ]
 [0.   ]
 [0.   ]]","[[0.   ]
 [0.004]
 [0.008]
 ...
 [0.   ]
 [0.   ]
 [0.   ]]","[[24.9]
 [24.9]
 [24.9]
 ...
 [24.8]
 [24.8]
 [24.8]]",['2C charge and 1C discharge']
"[[array(['2022-10-05,08:32:07'], dtype='<U19')]
 [array(['2022-10-05,08:32:08'], dtype='<U19')]
 [array(['2022-10-05,08:32:09'], dtype='<U19')]
 ...
 [array(['2022-10-05,10:30:33'], dtype='<U19')]
 [array(['2022-10-05,10:30:33'], dtype='<U19')]
 [array(['2022-10-05,10:30:33'], dtype='<U19')]]","[[0.   ]
 [0.017]
 [0.034]
 ...
 [4.998]
 [5.   ]
 [5.   ]]","[[3.4397]
 [3.4716]
 [3.4867]
 ...
 [3.2656]
 [3.2654]
 [3.2656]]","[[3.9991]
 [3.9999]
 [3.9999]
 ...
 [0.    ]
 [0.    ]
 [0.    ]]","[[0.   ]
 [0.001]
 [0.002]
 ...
 [0.   ]
 [0.   ]
 [0.   ]]","[[0.   ]
 [0.004]
 [0.008]
 ...
 [0.   ]
 [0.   ]
 [0.   ]]","[[24.8]
 [24.8]
 [24.8]
 ...
 [24.7]
 [24.7]
 [24.7]]",['2C charge and 1C discharge']
"[[array(['2022-10-05,10:30:34'], dtype='<U19')]
 [array(['2022-10-05,10:30:35'], dtype='<U19')]
 [array(['2022-10-05,10:30:36'], dtype='<U19')]
 ...
 [array(['2022-10-05,12:28:57'], dtype='<U19')]
 [array(['2022-10-05,12:28:57'], dtype='<U19')]
 [array(['2022-10-05,12:28:57'], dtype='<U19')]]","[[0.   ]
 [0.017]
 [0.034]
 ...
 [4.998]
 [5.001]
 [5.001]]","[[3.4409]
 [3.4733]
 [3.4886]
 ...
 [3.2674]
 [3.2674]
 [3.2674]]","[[3.9994]
 [3.9999]
 [3.9999]
 ...
 [0.    ]
 [0.    ]
 [0.    ]]","[[0.   ]
 [0.001]
 [0.002]
 ...
 [0.   ]
 [0.   ]
 [0.   ]]","[[0.   ]
 [0.004]
 [0.008]
 ...
 [0.   ]
 [0.   ]
 [0.   ]]","[[24.7]
 [24.7]
 [24.7]
 ...
 [24.7]
 [24.7]
 [24.7]]",['2C charge and 1C discharge']
"[[array(['2022-10-05,12:28:58'], dtype='<U19')]
 [array(['2022-10-05,12:28:59'], dtype='<U19')]
 [array(['2022-10-05,12:29:00'], dtype='<U19')]
 ...
 [array(['2022-10-05,14:27:25'], dtype='<U19')]
 [array(['2022-10-05,14:27:25'], dtype='<U19')]
 [array(['2022-10-05,14:27:25'], dtype='<U19')]]","[[0.   ]
 [0.017]
 [0.034]
 ...
 [4.999]
 [5.   ]
 [5.   ]]","[[3.443 ]
 [3.4755]
 [3.4909]
 ...
 [3.2689]
 [3.2689]
 [3.2689]]","[[3.9991]
 [3.9999]
 [4.    ]
 ...
 [0.    ]
 [0.    ]
 [0.    ]]","[[0.   ]
 [0.001]
 [0.002]
 ...
 [0.   ]
 [0.   ]
 [0.   ]]","[[0.   ]
 [0.004]
 [0.008]
 ...
 [0.   ]
 [0.   ]
 [0.   ]]","[[24.7]
 [24.7]
 [24.6]
 ...
 [24.5]
 [24.5]
 [24.5]]",['2C charge and 1C discharge']
"[[array(['2022-10-05,14:27:26'], dtype='<U19')]
 [array(['2022-10-05,14:27:27'], dtype='<U19')]
 [array(['2022-10-05,14:27:28'], dtype='<U19')]
 ...
 [array(['2022-10-05,16:26:02'], dtype='<U19')]
 [array(['2022-10-05,16:26:02'], dtype='<U19')]
 [array(['2022-10-05,16:26:02'], dtype='<U19')]]","[[0.   ]
 [0.017]
 [0.034]
 ...
 [4.999]
 [5.001]
 [5.001]]","[[3.4443]
 [3.4772]
 [3.4927]
 ...
 [3.2716]
 [3.2716]
 [3.2716]]","[[3.9991]
 [4.    ]
 [3.9999]
 ...
 [0.    ]
 [0.    ]
 [0.    ]]","[[0.   ]
 [0.001]
 [0.002]
 ...
 [0.   ]
 [0.   ]
 [0.   ]]","[[0.   ]
 [0.004]
 [0.008]
 ...
 [0.   ]
 [0.   ]
 [0.   ]]","[[24.5]
 [24.5]
 [24.5]
 ...
 [24.4]
 [24.4]
 [24.4]]",['2C charge and 1C discharge']
"[[array(['2022-10-05,16:26:03'], dtype='<U19')]
 [array(['2022-10-05,16:26:04'], dtype='<U19')]
 [array(['2022-10-05,16:26:05'], dtype='<U19')]
 ...
 [array(['2022-10-05,18:24:42'], dtype='<U19')]
 [array(['2022-10-05,18:24:42'], dtype='<U19')]
 [array(['2022-10-05,18:24:42'], dtype='<U19')]]","[[0.   ]
 [0.017]
 [0.034]
 ...
 [5.   ]
 [5.   ]
 [5.   ]]","[[3.4486]
 [3.481 ]
 [3.4964]
 ...
 [3.2743]
 [3.2743]
 [3.2743]]","[[3.9991]
 [3.9999]
 [4.    ]
 ...
 [0.    ]
 [0.    ]
 [0.    ]]","[[0.   ]
 [0.001]
 [0.002]
 ...
 [0.   ]
 [0.   ]
 [0.   ]]","[[0.   ]
 [0.004]
 [0.008]
 ...
 [0.   ]
 [0.   ]
 [0.   ]]","[[24.4]
 [24.4]
 [24.4]
 ...
 [24.2]
 [24.2]
 [24.2]]",['2C charge and 1C discharge']
"[[array(['2022-10-05,18:24:43'], dtype='<U19')]
 [array(['2022-10-05,18:24:44'], dtype='<U19')]
 [array(['2022-10-05,18:24:45'], dtype='<U19')]
 ...
 [array(['2022-10-05,20:23:24'], dtype='<U19')]
 [array(['2022-10-05,20:23:25'], dtype='<U19')]
 [array(['2022-10-05,20:23:25'], dtype='<U19')]]","[[0.   ]
 [0.017]
 [0.034]
 ...
 [4.983]
 [5.   ]
 [5.   ]]","[[3.452 ]
 [3.4846]
 [3.4999]
 ...
 [3.276 ]
 [3.276 ]
 [3.276 ]]","[[3.9994]
 [3.9999]
 [4.    ]
 ...
 [0.    ]
 [0.    ]
 [0.    ]]","[[0.   ]
 [0.001]
 [0.002]
 ...
 [0.   ]
 [0.   ]
 [0.   ]]","[[0.   ]
 [0.004]
 [0.008]
 ...
 [0.   ]
 [0.   ]
 [0.   ]]","[[24.2]
 [24.2]
 [24.2]
 ...
 [24.2]
 [24.1]
 [24.1]]",['2C charge and 1C discharge']
"[[array(['2022-10-05,20:23:26'], dtype='<U19')]
 [array(['2022-10-05,20:23:27'], dtype='<U19')]
 [array(['2022-10-05,20:23:28'], dtype='<U19')]
 ...
 [array(['2022-10-05,22:22:11'], dtype='<U19')]
 [array(['2022-10-05,22:22:11'], dtype='<U19')]
 [array(['2022-10-05,22:22:11'], dtype='<U19')]]","[[0.   ]
 [0.017]
 [0.034]
 ...
 [4.999]
 [5.   ]
 [5.   ]]","[[3.4538]
 [3.4864]
 [3.5013]
 ...
 [3.2762]
 [3.2762]
 [3.2762]]","[[3.9991]
 [3.9999]
 [3.9999]
 ...
 [0.    ]
 [0.    ]
 [0.    ]]","[[0.   ]
 [0.001]
 [0.002]
 ...
 [0.   ]
 [0.   ]
 [0.   ]]","[[0.   ]
 [0.004]
 [0.008]
 ...
 [0.   ]
 [0.   ]
 [0.   ]]","[[24.1]
 [24.1]
 [24.1]
 ...
 [24.1]
 [24.1]
 [24.1]]",['2C charge and 1C discharge']
"[[array(['2022-10-05,22:22:12'], dtype='<U19')]
 [array(['2022-10-05,22:22:13'], dtype='<U19')]
 [array(['2022-10-05,22:22:14'], dtype='<U19')]
 ...
 [array(['2022-10-06,00:21:02'], dtype='<U19')]
 [array(['2022-10-06,00:21:02'], dtype='<U19')]
 [array(['2022-10-06,00:21:02'], dtype='<U19')]]","[[0.   ]
 [0.017]
 [0.034]
 ...
 [4.998]
 [5.   ]
 [5.   ]]","[[3.4553]
 [3.4872]
 [3.5013]
 ...
 [3.278 ]
 [3.278 ]
 [3.2782]]","[[3.9994]
 [3.9999]
 [4.    ]
 ...
 [0.    ]
 [0.    ]
 [0.    ]]","[[0.   ]
 [0.001]
 [0.002]
 ...
 [0.   ]
 [0.   ]
 [0.   ]]","[[0.   ]
 [0.004]
 [0.008]
 ...
 [0.   ]
 [0.   ]
 [0.   ]]","[[24.1]
 [24.1]
 [24.1]
 ...
 [24. ]
 [24. ]
 [24. ]]",['2C charge and 1C discharge']
"[[array(['2022-10-06,00:21:03'], dtype='<U19')]
 [array(['2022-10-06,00:21:04'], dtype='<U19')]
 [array(['2022-10-06,00:21:05'], dtype='<U19')]
 ...
 [array(['2022-10-06,02:19:49'], dtype='<U19')]
 [array(['2022-10-06,02:19:49'], dtype='<U19')]
 [array(['2022-10-06,02:19:49'], dtype='<U19')]]","[[0.   ]
 [0.017]
 [0.034]
 ...
 [5.   ]
 [5.001]
 [5.001]]","[[3.457 ]
 [3.4886]
 [3.5042]
 ...
 [3.2796]
 [3.2796]
 [3.2796]]","[[3.9991]
 [3.9999]
 [4.    ]
 ...
 [0.    ]
 [0.    ]
 [0.    ]]","[[0.   ]
 [0.001]
 [0.002]
 ...
 [0.   ]
 [0.   ]
 [0.   ]]","[[0.   ]
 [0.004]
 [0.008]
 ...
 [0.   ]
 [0.   ]
 [0.   ]]","[[24. ]
 [24. ]
 [24. ]
 ...
 [23.9]
 [23.9]
 [23.9]]",['2C charge and 1C discharge']
"[[array(['2022-10-06,02:19:50'], dtype='<U19')]
 [array(['2022-10-06,02:19:51'], dtype='<U19')]
 [array(['2022-10-06,02:19:52'], dtype='<U19')]
 ...
 [array(['2022-10-06,04:18:42'], dtype='<U19')]
 [array(['2022-10-06,04:18:42'], dtype='<U19')]
 [array(['2022-10-06,04:18:42'], dtype='<U19')]]","[[0.   ]
 [0.017]
 [0.034]
 ...
 [4.999]
 [5.001]
 [5.001]]","[[3.4593]
 [3.4916]
 [3.5066]
 ...
 [3.2803]
 [3.2805]
 [3.2803]]","[[3.9994]
 [3.9999]
 [4.    ]
 ...
 [0.    ]
 [0.    ]
 [0.    ]]","[[0.   ]
 [0.001]
 [0.002]
 ...
 [0.   ]
 [0.   ]
 [0.   ]]","[[0.   ]
 [0.004]
 [0.008]
 ...
 [0.   ]
 [0.   ]
 [0.   ]]","[[23.9]
 [23.9]
 [23.9]
 ...
 [23.8]
 [23.8]
 [23.8]]",['2C charge and 1C discharge']
"[[array(['2022-10-06,04:18:43'], dtype='<U19')]
 [array(['2022-10-06,04:18:44'], dtype='<U19')]
 [array(['2022-10-06,04:18:45'], dtype='<U19')]
 ...
 [array(['2022-10-06,06:17:36'], dtype='<U19')]
 [array(['2022-10-06,06:17:36'], dtype='<U19')]
 [array(['2022-10-06,06:17:36'], dtype='<U19')]]","[[0.   ]
 [0.017]
 [0.034]
 ...
 [4.998]
 [5.   ]
 [5.   ]]","[[3.4584]
 [3.4919]
 [3.5075]
 ...
 [3.2819]
 [3.282 ]
 [3.282 ]]","[[3.9991]
 [3.9999]
 [4.    ]
 ...
 [0.    ]
 [0.    ]
 [0.    ]]","[[0.   ]
 [0.001]
 [0.002]
 ...
 [0.   ]
 [0.   ]
 [0.   ]]","[[0.   ]
 [0.004]
 [0.008]
 ...
 [0.   ]
 [0.   ]
 [0.   ]]","[[23.8]
 [23.8]
 [23.8]
 ...
 [23.8]
 [23.8]
 [23.8]]",['2C charge and 1C discharge']
"[[array(['2022-10-06,06:17:37'], dtype='<U19')]
 [array(['2022-10-06,06:17:38'], dtype='<U19')]
 [array(['2022-10-06,06:17:40'], dtype='<U19')]
 ...
 [array(['2022-10-06,08:16:30'], dtype='<U19')]
 [array(['2022-10-06,08:16:31'], dtype='<U19')]
 [array(['2022-10-06,08:16:31'], dtype='<U19')]]","[[0.   ]
 [0.017]
 [0.034]
 ...
 [4.998]
 [5.   ]
 [5.   ]]","[[3.462 ]
 [3.4947]
 [3.5099]
 ...
 [3.2836]
 [3.2837]
 [3.2837]]","[[3.9994]
 [3.9999]
 [4.    ]
 ...
 [0.    ]
 [0.    ]
 [0.    ]]","[[0.   ]
 [0.001]
 [0.002]
 ...
 [0.   ]
 [0.   ]
 [0.   ]]","[[0.   ]
 [0.004]
 [0.008]
 ...
 [0.   ]
 [0.   ]
 [0.   ]]","[[23.7]
 [23.7]
 [23.8]
 ...
 [23.7]
 [23.7]
 [23.7]]",['2C charge and 1C discharge']
"[[array(['2022-10-06,08:16:32'], dtype='<U19')]
 [array(['2022-10-06,08:16:33'], dtype='<U19')]
 [array(['2022-10-06,08:16:34'], dtype='<U19')]
 ...
 [array(['2022-10-06,10:15:27'], dtype='<U19')]
 [array(['2022-10-06,10:15:27'], dtype='<U19')]
 [array(['2022-10-06,10:15:27'], dtype='<U19')]]","[[0.   ]
 [0.017]
 [0.034]
 ...
 [4.997]
 [5.   ]
 [5.   ]]","[[3.4638]
 [3.4958]
 [3.5113]
 ...
 [3.2839]
 [3.2839]
 [3.2839]]","[[3.9994]
 [3.9999]
 [4.    ]
 ...
 [0.    ]
 [0.    ]
 [0.    ]]","[[0.   ]
 [0.001]
 [0.002]
 ...
 [0.   ]
 [0.   ]
 [0.   ]]","[[0.   ]
 [0.004]
 [0.008]
 ...
 [0.   ]
 [0.   ]
 [0.   ]]","[[23.7]
 [23.7]
 [23.7]
 ...
 [23.7]
 [23.7]
 [23.7]]",['2C charge and 1C discharge']
"[[array(['2022-10-06,10:15:28'], dtype='<U19')]
 [array(['2022-10-06,10:15:29'], dtype='<U19')]
 [array(['2022-10-06,10:15:30'], dtype='<U19')]
 ...
 [array(['2022-10-06,12:14:23'], dtype='<U19')]
 [array(['2022-10-06,12:14:23'], dtype='<U19')]
 [array(['2022-10-06,12:14:23'], dtype='<U19')]]","[[0.   ]
 [0.017]
 [0.034]
 ...
 [4.999]
 [5.001]
 [5.001]]","[[3.4641]
 [3.497 ]
 [3.5122]
 ...
 [3.2849]
 [3.2849]
 [3.2851]]","[[3.9994]
 [3.9999]
 [4.    ]
 ...
 [0.    ]
 [0.    ]
 [0.    ]]","[[0.   ]
 [0.001]
 [0.002]
 ...
 [0.   ]
 [0.   ]
 [0.   ]]","[[0.   ]
 [0.004]
 [0.008]
 ...
 [0.   ]
 [0.   ]
 [0.   ]]","[[23.7]
 [23.7]
 [23.6]
 ...
 [23.7]
 [23.7]
 [23.7]]",['2C charge and 1C discharge']
"[[array(['2022-10-06,12:14:24'], dtype='<U19')]
 [array(['2022-10-06,12:14:25'], dtype='<U19')]
 [array(['2022-10-06,12:14:26'], dtype='<U19')]
 ...
 [array(['2022-10-06,14:13:19'], dtype='<U19')]
 [array(['2022-10-06,14:13:19'], dtype='<U19')]
 [array(['2022-10-06,14:13:19'], dtype='<U19')]]","[[0.   ]
 [0.017]
 [0.034]
 ...
 [4.997]
 [5.001]
 [5.001]]","[[3.4649]
 [3.4981]
 [3.5135]
 ...
 [3.286 ]
 [3.2862]
 [3.286 ]]","[[3.9991]
 [3.9999]
 [4.    ]
 ...
 [0.    ]
 [0.    ]
 [0.    ]]","[[0.   ]
 [0.001]
 [0.002]
 ...
 [0.   ]
 [0.   ]
 [0.   ]]","[[0.   ]
 [0.004]
 [0.008]
 ...
 [0.   ]
 [0.   ]
 [0.   ]]","[[23.6]
 [23.7]
 [23.6]
 ...
 [23.6]
 [23.6]
 [23.6]]",['2C charge and 1C discharge']
"[[array(['2022-10-06,14:13:20'], dtype='<U19')]
 [array(['2022-10-06,14:13:21'], dtype='<U19')]
 [array(['2022-10-06,14:13:22'], dtype='<U19')]
 ...
 [array(['2022-10-06,16:12:20'], dtype='<U19')]
 [array(['2022-10-06,16:12:20'], dtype='<U19')]
 [array(['2022-10-06,16:12:21'], dtype='<U19')]]","[[0.   ]
 [0.017]
 [0.034]
 ...
 [4.998]
 [5.   ]
 [5.   ]]","[[3.4661]
 [3.4996]
 [3.5147]
 ...
 [3.2851]
 [3.2851]
 [3.2851]]","[[3.9991]
 [3.9999]
 [4.    ]
 ...
 [0.    ]
 [0.    ]
 [0.    ]]","[[0.   ]
 [0.001]
 [0.002]
 ...
 [0.   ]
 [0.   ]
 [0.   ]]","[[0.   ]
 [0.004]
 [0.008]
 ...
 [0.   ]
 [0.   ]
 [0.   ]]","[[23.5]
 [23.5]
 [23.5]
 ...
 [23.7]
 [23.7]
 [23.7]]",['2C charge and 1C discharge']
"[[array(['2022-10-06,16:12:22'], dtype='<U19')]
 [array(['2022-10-06,16:12:23'], dtype='<U19')]
 [array(['2022-10-06,16:12:24'], dtype='<U19')]
 ...
 [array(['2022-10-06,18:11:19'], dtype='<U19')]
 [array(['2022-10-06,18:11:20'], dtype='<U19')]
 [array(['2022-10-06,18:11:20'], dtype='<U19')]]","[[0.   ]
 [0.017]
 [0.034]
 ...
 [4.984]
 [5.   ]
 [5.   ]]","[[3.4638]
 [3.4978]
 [3.5132]
 ...
 [3.2863]
 [3.2865]
 [3.2865]]","[[3.9991]
 [3.9999]
 [3.9999]
 ...
 [0.    ]
 [0.    ]
 [0.    ]]","[[0.   ]
 [0.001]
 [0.002]
 ...
 [0.   ]
 [0.   ]
 [0.   ]]","[[0.   ]
 [0.004]
 [0.008]
 ...
 [0.   ]
 [0.   ]
 [0.   ]]","[[23.7]
 [23.6]
 [23.7]
 ...
 [23.5]
 [23.5]
 [23.5]]",['2C charge and 1C discharge']
"[[array(['2022-10-06,18:11:21'], dtype='<U19')]
 [array(['2022-10-06,18:11:22'], dtype='<U19')]
 [array(['2022-10-06,18:11:23'], dtype='<U19')]
 ...
 [array(['2022-10-06,20:10:18'], dtype='<U19')]
 [array(['2022-10-06,20:10:19'], dtype='<U19')]
 [array(['2022-10-06,20:10:19'], dtype='<U19')]]","[[0.   ]
 [0.017]
 [0.034]
 ...
 [4.996]
 [5.001]
 [5.001]]","[[3.466 ]
 [3.4993]
 [3.5149]
 ...
 [3.2879]
 [3.2879]
 [3.2879]]","[[3.9991]
 [4.    ]
 [4.    ]
 ...
 [0.    ]
 [0.    ]
 [0.    ]]","[[0.   ]
 [0.001]
 [0.002]
 ...
 [0.   ]
 [0.   ]
 [0.   ]]","[[0.   ]
 [0.004]
 [0.008]
 ...
 [0.   ]
 [0.   ]
 [0.   ]]","[[23.5]
 [23.5]
 [23.5]
 ...
 [23.5]
 [23.5]
 [23.5]]",['2C charge and 1C discharge']
"[[array(['2022-10-06,20:10:20'], dtype='<U19')]
 [array(['2022-10-06,20:10:21'], dtype='<U19')]
 [array(['2022-10-06,20:10:22'], dtype='<U19')]
 ...
 [array(['2022-10-06,22:09:25'], dtype='<U19')]
 [array(['2022-10-06,22:09:25'], dtype='<U19')]
 [array(['2022-10-06,22:09:25'], dtype='<U19')]]","[[0.   ]
 [0.017]
 [0.034]
 ...
 [4.996]
 [5.   ]
 [5.   ]]","[[3.468 ]
 [3.5007]
 [3.5164]
 ...
 [3.2865]
 [3.2865]
 [3.2865]]","[[3.9991]
 [3.9999]
 [3.9999]
 ...
 [0.    ]
 [0.    ]
 [0.    ]]","[[0.   ]
 [0.001]
 [0.002]
 ...
 [0.   ]
 [0.   ]
 [0.   ]]","[[0.   ]
 [0.004]
 [0.008]
 ...
 [0.   ]
 [0.   ]
 [0.   ]]","[[23.5]
 [23.4]
 [23.4]
 ...
 [23.6]
 [23.6]
 [23.6]]",['2C charge and 1C discharge']
"[[array(['2022-10-06,22:09:26'], dtype='<U19')]
 [array(['2022-10-06,22:09:27'], dtype='<U19')]
 [array(['2022-10-06,22:09:28'], dtype='<U19')]
 ...
 [array(['2022-10-07,00:08:17'], dtype='<U19')]
 [array(['2022-10-07,00:08:17'], dtype='<U19')]
 [array(['2022-10-07,00:08:17'], dtype='<U19')]]","[[0.   ]
 [0.017]
 [0.034]
 ...
 [4.998]
 [5.   ]
 [5.   ]]","[[3.4664]
 [3.4998]
 [3.5153]
 ...
 [3.2888]
 [3.2889]
 [3.2888]]","[[3.9991]
 [3.9999]
 [4.    ]
 ...
 [0.    ]
 [0.    ]
 [0.    ]]","[[0.   ]
 [0.001]
 [0.002]
 ...
 [0.   ]
 [0.   ]
 [0.   ]]","[[0.   ]
 [0.004]
 [0.008]
 ...
 [0.   ]
 [0.   ]
 [0.   ]]","[[23.6]
 [23.6]
 [23.6]
 ...
 [23.5]
 [23.4]
 [23.5]]",['2C charge and 1C discharge']
"[[array(['2022-10-07,00:08:18'], dtype='<U19')]
 [array(['2022-10-07,00:08:19'], dtype='<U19')]
 [array(['2022-10-07,00:08:20'], dtype='<U19')]
 ...
 [array(['2022-10-07,02:07:17'], dtype='<U19')]
 [array(['2022-10-07,02:07:18'], dtype='<U19')]
 [array(['2022-10-07,02:07:18'], dtype='<U19')]]","[[0.   ]
 [0.017]
 [0.034]
 ...
 [4.984]
 [5.   ]
 [5.   ]]","[[3.4693]
 [3.5029]
 [3.5182]
 ...
 [3.2897]
 [3.29  ]
 [3.2899]]","[[3.9994]
 [3.9999]
 [3.9999]
 ...
 [0.    ]
 [0.    ]
 [0.    ]]","[[0.   ]
 [0.001]
 [0.002]
 ...
 [0.   ]
 [0.   ]
 [0.   ]]","[[0.   ]
 [0.004]
 [0.008]
 ...
 [0.   ]
 [0.   ]
 [0.   ]]","[[23.4]
 [23.4]
 [23.4]
 ...
 [23.4]
 [23.4]
 [23.4]]",['2C charge and 1C discharge']
"[[array(['2022-10-07,02:07:19'], dtype='<U19')]
 [array(['2022-10-07,02:07:20'], dtype='<U19')]
 [array(['2022-10-07,02:07:21'], dtype='<U19')]
 ...
 [array(['2022-10-07,04:06:20'], dtype='<U19')]
 [array(['2022-10-07,04:06:20'], dtype='<U19')]
 [array(['2022-10-07,04:06:20'], dtype='<U19')]]","[[0.   ]
 [0.017]
 [0.034]
 ...
 [4.999]
 [5.   ]
 [5.   ]]","[[3.4699]
 [3.5041]
 [3.5198]
 ...
 [3.2916]
 [3.2917]
 [3.2917]]","[[3.9994]
 [3.9999]
 [4.    ]
 ...
 [0.    ]
 [0.    ]
 [0.    ]]","[[0.   ]
 [0.001]
 [0.002]
 ...
 [0.   ]
 [0.   ]
 [0.   ]]","[[0.   ]
 [0.004]
 [0.008]
 ...
 [0.   ]
 [0.   ]
 [0.   ]]","[[23.4]
 [23.4]
 [23.4]
 ...
 [23.3]
 [23.3]
 [23.3]]",['2C charge and 1C discharge']
"[[array(['2022-10-07,04:06:21'], dtype='<U19')]
 [array(['2022-10-07,04:06:22'], dtype='<U19')]
 [array(['2022-10-07,04:06:23'], dtype='<U19')]
 ...
 [array(['2022-10-07,06:05:22'], dtype='<U19')]
 [array(['2022-10-07,06:05:23'], dtype='<U19')]
 [array(['2022-10-07,06:05:23'], dtype='<U19')]]","[[0.   ]
 [0.017]
 [0.034]
 ...
 [5.   ]
 [5.001]
 [5.001]]","[[3.4721]
 [3.5064]
 [3.5216]
 ...
 [3.2916]
 [3.2917]
 [3.2916]]","[[3.9991]
 [4.    ]
 [4.    ]
 ...
 [0.    ]
 [0.    ]
 [0.    ]]","[[0.   ]
 [0.001]
 [0.002]
 ...
 [0.   ]
 [0.   ]
 [0.   ]]","[[0.   ]
 [0.004]
 [0.008]
 ...
 [0.   ]
 [0.   ]
 [0.   ]]","[[23.3]
 [23.3]
 [23.3]
 ...
 [23.3]
 [23.3]
 [23.3]]",['2C charge and 1C discharge']
"[[array(['2022-10-07,06:05:24'], dtype='<U19')]
 [array(['2022-10-07,06:05:25'], dtype='<U19')]
 [array(['2022-10-07,06:05:26'], dtype='<U19')]
 ...
 [array(['2022-10-07,08:04:31'], dtype='<U19')]
 [array(['2022-10-07,08:04:31'], dtype='<U19')]
 [array(['2022-10-07,08:04:32'], dtype='<U19')]]","[[0.   ]
 [0.017]
 [0.034]
 ...
 [4.998]
 [5.   ]
 [5.   ]]","[[3.4726]
 [3.5067]
 [3.5219]
 ...
 [3.2929]
 [3.2929]
 [3.2931]]","[[3.9994]
 [3.9999]
 [4.    ]
 ...
 [0.    ]
 [0.    ]
 [0.    ]]","[[0.   ]
 [0.001]
 [0.002]
 ...
 [0.   ]
 [0.   ]
 [0.   ]]","[[0.   ]
 [0.004]
 [0.008]
 ...
 [0.   ]
 [0.   ]
 [0.   ]]","[[23.3]
 [23.3]
 [23.3]
 ...
 [23.2]
 [23.2]
 [23.2]]",['2C charge and 1C discharge']
"[[array(['2022-10-07,08:04:33'], dtype='<U19')]
 [array(['2022-10-07,08:04:34'], dtype='<U19')]
 [array(['2022-10-07,08:04:35'], dtype='<U19')]
 ...
 [array(['2022-10-07,10:03:36'], dtype='<U19')]
 [array(['2022-10-07,10:03:37'], dtype='<U19')]
 [array(['2022-10-07,10:03:37'], dtype='<U19')]]","[[0.   ]
 [0.017]
 [0.034]
 ...
 [4.998]
 [5.001]
 [5.001]]","[[3.4739]
 [3.5079]
 [3.5236]
 ...
 [3.294 ]
 [3.294 ]
 [3.294 ]]","[[3.9994]
 [3.9999]
 [3.9999]
 ...
 [0.    ]
 [0.    ]
 [0.    ]]","[[0.   ]
 [0.001]
 [0.002]
 ...
 [0.   ]
 [0.   ]
 [0.   ]]","[[0.   ]
 [0.004]
 [0.008]
 ...
 [0.   ]
 [0.   ]
 [0.   ]]","[[23.3]
 [23.2]
 [23.2]
 ...
 [23.2]
 [23.2]
 [23.2]]",['2C charge and 1C discharge']
"[[array(['2022-10-07,10:03:38'], dtype='<U19')]
 [array(['2022-10-07,10:03:39'], dtype='<U19')]
 [array(['2022-10-07,10:03:40'], dtype='<U19')]
 ...
 [array(['2022-10-07,12:02:44'], dtype='<U19')]
 [array(['2022-10-07,12:02:44'], dtype='<U19')]
 [array(['2022-10-07,12:02:44'], dtype='<U19')]]","[[0.   ]
 [0.017]
 [0.034]
 ...
 [4.998]
 [5.   ]
 [5.   ]]","[[3.4755]
 [3.5093]
 [3.5247]
 ...
 [3.2939]
 [3.2939]
 [3.294 ]]","[[3.9991]
 [3.9999]
 [4.    ]
 ...
 [0.    ]
 [0.    ]
 [0.    ]]","[[0.   ]
 [0.001]
 [0.002]
 ...
 [0.   ]
 [0.   ]
 [0.   ]]","[[0.   ]
 [0.004]
 [0.008]
 ...
 [0.   ]
 [0.   ]
 [0.   ]]","[[23.2]
 [23.1]
 [23.1]
 ...
 [23.1]
 [23.1]
 [23.1]]",['2C charge and 1C discharge']
"[[array(['2022-10-07,12:02:45'], dtype='<U19')]
 [array(['2022-10-07,12:02:46'], dtype='<U19')]
 [array(['2022-10-07,12:02:47'], dtype='<U19')]
 ...
 [array(['2022-10-07,14:01:50'], dtype='<U19')]
 [array(['2022-10-07,14:01:50'], dtype='<U19')]
 [array(['2022-10-07,14:01:50'], dtype='<U19')]]","[[0.   ]
 [0.017]
 [0.034]
 ...
 [4.999]
 [5.   ]
 [5.   ]]","[[3.4747]
 [3.509 ]
 [3.5247]
 ...
 [3.2948]
 [3.2946]
 [3.2946]]","[[3.9991]
 [3.9999]
 [4.    ]
 ...
 [0.    ]
 [0.    ]
 [0.    ]]","[[0.   ]
 [0.001]
 [0.002]
 ...
 [0.   ]
 [0.   ]
 [0.   ]]","[[0.   ]
 [0.004]
 [0.008]
 ...
 [0.   ]
 [0.   ]
 [0.   ]]","[[23.1]
 [23.1]
 [23.1]
 ...
 [23.1]
 [23.1]
 [23.1]]",['2C charge and 1C discharge']
"[[array(['2022-10-07,14:01:51'], dtype='<U19')]
 [array(['2022-10-07,14:01:52'], dtype='<U19')]
 [array(['2022-10-07,14:01:53'], dtype='<U19')]
 ...
 [array(['2022-10-07,16:00:54'], dtype='<U19')]
 [array(['2022-10-07,16:00:54'], dtype='<U19')]
 [array(['2022-10-07,16:00:54'], dtype='<U19')]]","[[0.   ]
 [0.017]
 [0.034]
 ...
 [4.998]
 [5.   ]
 [5.   ]]","[[3.4773]
 [3.5106]
 [3.5262]
 ...
 [3.2952]
 [3.2956]
 [3.2957]]","[[4.0001]
 [4.    ]
 [4.0001]
 ...
 [0.    ]
 [0.    ]
 [0.    ]]","[[0.   ]
 [0.001]
 [0.002]
 ...
 [0.   ]
 [0.   ]
 [0.   ]]","[[0.   ]
 [0.004]
 [0.008]
 ...
 [0.   ]
 [0.   ]
 [0.   ]]","[[23.1]
 [23.1]
 [23.1]
 ...
 [23.1]
 [23.1]
 [23.1]]",['2C charge and 1C discharge']
"[[array(['2022-10-07,16:00:55'], dtype='<U19')]
 [array(['2022-10-07,16:00:56'], dtype='<U19')]
 [array(['2022-10-07,16:00:57'], dtype='<U19')]
 ...
 [array(['2022-10-07,18:00:02'], dtype='<U19')]
 [array(['2022-10-07,18:00:02'], dtype='<U19')]
 [array(['2022-10-07,18:00:02'], dtype='<U19')]]","[[0.   ]
 [0.017]
 [0.034]
 ...
 [4.998]
 [5.001]
 [5.001]]","[[3.4773]
 [3.5113]
 [3.5269]
 ...
 [3.2951]
 [3.2949]
 [3.2949]]","[[3.9991]
 [3.9999]
 [4.    ]
 ...
 [0.    ]
 [0.    ]
 [0.    ]]","[[0.   ]
 [0.001]
 [0.002]
 ...
 [0.   ]
 [0.   ]
 [0.   ]]","[[0.   ]
 [0.004]
 [0.008]
 ...
 [0.   ]
 [0.   ]
 [0.   ]]","[[23.1]
 [23.1]
 [23. ]
 ...
 [23.1]
 [23.1]
 [23.1]]",['2C charge and 1C discharge']
"[[array(['2022-10-07,18:00:03'], dtype='<U19')]
 [array(['2022-10-07,18:00:04'], dtype='<U19')]
 [array(['2022-10-07,18:00:05'], dtype='<U19')]
 ...
 [array(['2022-10-07,19:59:02'], dtype='<U19')]
 [array(['2022-10-07,19:59:02'], dtype='<U19')]
 [array(['2022-10-07,19:59:03'], dtype='<U19')]]","[[0.   ]
 [0.017]
 [0.034]
 ...
 [4.999]
 [5.   ]
 [5.   ]]","[[3.4764]
 [3.5113]
 [3.5262]
 ...
 [3.2956]
 [3.2956]
 [3.2956]]","[[3.9991]
 [4.    ]
 [4.    ]
 ...
 [0.    ]
 [0.    ]
 [0.    ]]","[[0.   ]
 [0.001]
 [0.002]
 ...
 [0.   ]
 [0.   ]
 [0.   ]]","[[0.   ]
 [0.004]
 [0.008]
 ...
 [0.   ]
 [0.   ]
 [0.   ]]","[[23.1]
 [23.1]
 [23.1]
 ...
 [23.1]
 [23.1]
 [23.1]]",['2C charge and 1C discharge']
"[[array(['2022-10-07,19:59:03'], dtype='<U19')]
 [array(['2022-10-07,19:59:05'], dtype='<U19')]
 [array(['2022-10-07,19:59:06'], dtype='<U19')]
 ...
 [array(['2022-10-07,21:58:03'], dtype='<U19')]
 [array(['2022-10-07,21:58:04'], dtype='<U19')]
 [array(['2022-10-07,21:58:04'], dtype='<U19')]]","[[0.   ]
 [0.017]
 [0.034]
 ...
 [4.986]
 [5.   ]
 [5.   ]]","[[3.4778]
 [3.5113]
 [3.527 ]
 ...
 [3.2959]
 [3.2959]
 [3.2957]]","[[3.9994]
 [3.9999]
 [4.    ]
 ...
 [0.    ]
 [0.    ]
 [0.    ]]","[[0.   ]
 [0.001]
 [0.002]
 ...
 [0.   ]
 [0.   ]
 [0.   ]]","[[0.   ]
 [0.004]
 [0.008]
 ...
 [0.   ]
 [0.   ]
 [0.   ]]","[[23.1]
 [23.1]
 [23.1]
 ...
 [23.1]
 [23.1]
 [23.1]]",['2C charge and 1C discharge']
"[[array(['2022-10-07,21:58:05'], dtype='<U19')]
 [array(['2022-10-07,21:58:06'], dtype='<U19')]
 [array(['2022-10-07,21:58:07'], dtype='<U19')]
 ...
 [array(['2022-10-07,23:57:01'], dtype='<U19')]
 [array(['2022-10-07,23:57:01'], dtype='<U19')]
 [array(['2022-10-07,23:57:01'], dtype='<U19')]]","[[0.   ]
 [0.017]
 [0.034]
 ...
 [4.997]
 [5.   ]
 [5.   ]]","[[3.4778]
 [3.5124]
 [3.5272]
 ...
 [3.2969]
 [3.2974]
 [3.2971]]","[[3.9991]
 [4.    ]
 [3.9999]
 ...
 [0.    ]
 [0.    ]
 [0.    ]]","[[0.   ]
 [0.001]
 [0.002]
 ...
 [0.   ]
 [0.   ]
 [0.   ]]","[[0.   ]
 [0.004]
 [0.008]
 ...
 [0.   ]
 [0.   ]
 [0.   ]]","[[23.1]
 [23.1]
 [23.1]
 ...
 [23. ]
 [23. ]
 [23. ]]",['2C charge and 1C discharge']
"[[array(['2022-10-07,23:57:02'], dtype='<U19')]
 [array(['2022-10-07,23:57:03'], dtype='<U19')]
 [array(['2022-10-07,23:57:04'], dtype='<U19')]
 ...
 [array(['2022-10-08,01:56:01'], dtype='<U19')]
 [array(['2022-10-08,01:56:01'], dtype='<U19')]
 [array(['2022-10-08,01:56:01'], dtype='<U19')]]","[[0.   ]
 [0.017]
 [0.034]
 ...
 [4.999]
 [5.   ]
 [5.   ]]","[[3.4784]
 [3.5127]
 [3.5287]
 ...
 [3.2983]
 [3.2982]
 [3.2983]]","[[3.9991]
 [3.9999]
 [4.    ]
 ...
 [0.    ]
 [0.    ]
 [0.    ]]","[[0.   ]
 [0.001]
 [0.002]
 ...
 [0.   ]
 [0.   ]
 [0.   ]]","[[0.   ]
 [0.004]
 [0.008]
 ...
 [0.   ]
 [0.   ]
 [0.   ]]","[[23.1]
 [23. ]
 [23. ]
 ...
 [23. ]
 [23. ]
 [23. ]]",['2C charge and 1C discharge']
"[[array(['2022-10-08,01:56:02'], dtype='<U19')]
 [array(['2022-10-08,01:56:03'], dtype='<U19')]
 [array(['2022-10-08,01:56:04'], dtype='<U19')]
 ...
 [array(['2022-10-08,03:55:00'], dtype='<U19')]
 [array(['2022-10-08,03:55:00'], dtype='<U19')]
 [array(['2022-10-08,03:55:00'], dtype='<U19')]]","[[0.   ]
 [0.017]
 [0.034]
 ...
 [4.998]
 [5.   ]
 [5.   ]]","[[3.481 ]
 [3.5149]
 [3.5296]
 ...
 [3.2991]
 [3.2992]
 [3.2992]]","[[3.9991]
 [3.9999]
 [3.9999]
 ...
 [0.    ]
 [0.    ]
 [0.    ]]","[[0.   ]
 [0.001]
 [0.002]
 ...
 [0.   ]
 [0.   ]
 [0.   ]]","[[0.   ]
 [0.004]
 [0.008]
 ...
 [0.   ]
 [0.   ]
 [0.   ]]","[[23. ]
 [23. ]
 [23. ]
 ...
 [22.9]
 [22.9]
 [22.9]]",['2C charge and 1C discharge']
"[[array(['2022-10-08,03:55:01'], dtype='<U19')]
 [array(['2022-10-08,03:55:02'], dtype='<U19')]
 [array(['2022-10-08,03:55:03'], dtype='<U19')]
 ...
 [array(['2022-10-08,05:54:01'], dtype='<U19')]
 [array(['2022-10-08,05:54:01'], dtype='<U19')]
 [array(['2022-10-08,05:54:02'], dtype='<U19')]]","[[0.   ]
 [0.017]
 [0.034]
 ...
 [4.997]
 [5.001]
 [5.001]]","[[3.4815]
 [3.5158]
 [3.5319]
 ...
 [3.2999]
 [3.3   ]
 [3.3   ]]","[[3.9994]
 [3.9999]
 [4.0002]
 ...
 [0.    ]
 [0.    ]
 [0.    ]]","[[0.   ]
 [0.001]
 [0.002]
 ...
 [0.   ]
 [0.   ]
 [0.   ]]","[[0.   ]
 [0.004]
 [0.008]
 ...
 [0.   ]
 [0.   ]
 [0.   ]]","[[22.9]
 [22.9]
 [22.9]
 ...
 [22.9]
 [22.9]
 [23. ]]",['2C charge and 1C discharge']
"[[array(['2022-10-08,05:54:02'], dtype='<U19')]
 [array(['2022-10-08,05:54:04'], dtype='<U19')]
 [array(['2022-10-08,05:54:05'], dtype='<U19')]
 ...
 [array(['2022-10-08,07:53:03'], dtype='<U19')]
 [array(['2022-10-08,07:53:03'], dtype='<U19')]
 [array(['2022-10-08,07:53:03'], dtype='<U19')]]","[[0.   ]
 [0.017]
 [0.034]
 ...
 [4.997]
 [5.001]
 [5.001]]","[[3.4812]
 [3.5164]
 [3.5318]
 ...
 [3.3006]
 [3.3006]
 [3.3005]]","[[3.9991]
 [3.9999]
 [3.9999]
 ...
 [0.    ]
 [0.    ]
 [0.    ]]","[[0.   ]
 [0.001]
 [0.002]
 ...
 [0.   ]
 [0.   ]
 [0.   ]]","[[0.   ]
 [0.004]
 [0.008]
 ...
 [0.   ]
 [0.   ]
 [0.   ]]","[[22.9]
 [23. ]
 [22.9]
 ...
 [22.9]
 [22.9]
 [22.9]]",['2C charge and 1C discharge']
"[[array(['2022-10-08,07:53:04'], dtype='<U19')]
 [array(['2022-10-08,07:53:05'], dtype='<U19')]
 [array(['2022-10-08,07:53:06'], dtype='<U19')]
 ...
 [array(['2022-10-08,09:52:05'], dtype='<U19')]
 [array(['2022-10-08,09:52:06'], dtype='<U19')]
 [array(['2022-10-08,09:52:06'], dtype='<U19')]]","[[0.   ]
 [0.017]
 [0.034]
 ...
 [4.983]
 [5.   ]
 [5.   ]]","[[3.4824]
 [3.5178]
 [3.5336]
 ...
 [3.3005]
 [3.2999]
 [3.3006]]","[[3.9991]
 [3.9999]
 [4.    ]
 ...
 [0.    ]
 [0.    ]
 [0.    ]]","[[0.   ]
 [0.001]
 [0.002]
 ...
 [0.   ]
 [0.   ]
 [0.   ]]","[[0.   ]
 [0.004]
 [0.008]
 ...
 [0.   ]
 [0.   ]
 [0.   ]]","[[22.9]
 [22.9]
 [22.9]
 ...
 [22.9]
 [23. ]
 [23. ]]",['2C charge and 1C discharge']
"[[array(['2022-10-08,09:52:07'], dtype='<U19')]
 [array(['2022-10-08,09:52:08'], dtype='<U19')]
 [array(['2022-10-08,09:52:09'], dtype='<U19')]
 ...
 [array(['2022-10-08,11:50:56'], dtype='<U19')]
 [array(['2022-10-08,11:50:57'], dtype='<U19')]
 [array(['2022-10-08,11:50:57'], dtype='<U19')]]","[[0.   ]
 [0.017]
 [0.034]
 ...
 [4.986]
 [5.001]
 [5.001]]","[[3.4824]
 [3.5175]
 [3.5333]
 ...
 [3.3009]
 [3.3005]
 [3.3006]]","[[3.9991]
 [4.    ]
 [4.0001]
 ...
 [0.    ]
 [0.    ]
 [0.    ]]","[[0.   ]
 [0.001]
 [0.002]
 ...
 [0.   ]
 [0.   ]
 [0.   ]]","[[0.   ]
 [0.004]
 [0.008]
 ...
 [0.   ]
 [0.   ]
 [0.   ]]","[[23. ]
 [22.9]
 [22.9]
 ...
 [22.9]
 [23. ]
 [23. ]]",['2C charge and 1C discharge']
"[[array(['2022-10-08,11:50:58'], dtype='<U19')]
 [array(['2022-10-08,11:50:59'], dtype='<U19')]
 [array(['2022-10-08,11:51:00'], dtype='<U19')]
 ...
 [array(['2022-10-08,13:49:58'], dtype='<U19')]
 [array(['2022-10-08,13:49:58'], dtype='<U19')]
 [array(['2022-10-08,13:49:58'], dtype='<U19')]]","[[0.   ]
 [0.017]
 [0.033]
 ...
 [4.999]
 [5.001]
 [5.001]]","[[3.4812]
 [3.5167]
 [3.5325]
 ...
 [3.3009]
 [3.3011]
 [3.3011]]","[[3.9991]
 [3.9999]
 [4.    ]
 ...
 [0.    ]
 [0.    ]
 [0.    ]]","[[0.   ]
 [0.001]
 [0.002]
 ...
 [0.   ]
 [0.   ]
 [0.   ]]","[[0.   ]
 [0.004]
 [0.008]
 ...
 [0.   ]
 [0.   ]
 [0.   ]]","[[22.9]
 [22.9]
 [22.9]
 ...
 [23. ]
 [22.9]
 [22.9]]",['2C charge and 1C discharge']
"[[array(['2022-10-08,13:49:59'], dtype='<U19')]
 [array(['2022-10-08,13:50:00'], dtype='<U19')]
 [array(['2022-10-08,13:50:01'], dtype='<U19')]
 ...
 [array(['2022-10-08,15:48:57'], dtype='<U19')]
 [array(['2022-10-08,15:48:57'], dtype='<U19')]
 [array(['2022-10-08,15:48:57'], dtype='<U19')]]","[[0.   ]
 [0.017]
 [0.033]
 ...
 [4.993]
 [5.   ]
 [5.   ]]","[[3.4729]
 [3.5172]
 [3.5321]
 ...
 [3.3019]
 [3.3019]
 [3.3019]]","[[3.9985]
 [4.    ]
 [3.9999]
 ...
 [0.    ]
 [0.    ]
 [0.    ]]","[[0.   ]
 [0.001]
 [0.002]
 ...
 [0.   ]
 [0.   ]
 [0.   ]]","[[0.   ]
 [0.004]
 [0.008]
 ...
 [0.   ]
 [0.   ]
 [0.   ]]","[[22.9]
 [22.9]
 [22.9]
 ...
 [22.9]
 [22.9]
 [22.9]]",['2C charge and 1C discharge']
"[[array(['2022-10-08,15:48:58'], dtype='<U19')]
 [array(['2022-10-08,15:48:59'], dtype='<U19')]
 [array(['2022-10-08,15:49:00'], dtype='<U19')]
 ...
 [array(['2022-10-08,17:47:53'], dtype='<U19')]
 [array(['2022-10-08,17:47:54'], dtype='<U19')]
 [array(['2022-10-08,17:47:54'], dtype='<U19')]]","[[0.   ]
 [0.017]
 [0.033]
 ...
 [4.988]
 [5.001]
 [5.001]]","[[3.4844]
 [3.5189]
 [3.5341]
 ...
 [3.2997]
 [3.2999]
 [3.2999]]","[[3.9994]
 [3.9999]
 [4.    ]
 ...
 [0.    ]
 [0.    ]
 [0.    ]]","[[0.   ]
 [0.001]
 [0.002]
 ...
 [0.   ]
 [0.   ]
 [0.   ]]","[[0.   ]
 [0.004]
 [0.008]
 ...
 [0.   ]
 [0.   ]
 [0.   ]]","[[22.9]
 [22.9]
 [22.9]
 ...
 [23. ]
 [23. ]
 [23. ]]",['2C charge and 1C discharge']
"[[array(['2022-10-08,17:47:55'], dtype='<U19')]
 [array(['2022-10-08,17:47:56'], dtype='<U19')]
 [array(['2022-10-08,17:47:57'], dtype='<U19')]
 ...
 [array(['2022-10-08,19:46:49'], dtype='<U19')]
 [array(['2022-10-08,19:46:50'], dtype='<U19')]
 [array(['2022-10-08,19:46:50'], dtype='<U19')]]","[[0.   ]
 [0.017]
 [0.034]
 ...
 [4.987]
 [5.   ]
 [5.   ]]","[[3.4795]
 [3.5155]
 [3.5304]
 ...
 [3.2983]
 [3.2986]
 [3.2985]]","[[3.9985]
 [3.9999]
 [4.    ]
 ...
 [0.    ]
 [0.    ]
 [0.    ]]","[[0.   ]
 [0.001]
 [0.002]
 ...
 [0.   ]
 [0.   ]
 [0.   ]]","[[0.   ]
 [0.004]
 [0.008]
 ...
 [0.   ]
 [0.   ]
 [0.   ]]","[[23. ]
 [23. ]
 [23. ]
 ...
 [23.1]
 [23.1]
 [23.1]]",['2C charge and 1C discharge']
"[[array(['2022-10-08,19:46:51'], dtype='<U19')]
 [array(['2022-10-08,19:46:52'], dtype='<U19')]
 [array(['2022-10-08,19:46:53'], dtype='<U19')]
 ...
 [array(['2022-10-08,21:45:39'], dtype='<U19')]
 [array(['2022-10-08,21:45:40'], dtype='<U19')]
 [array(['2022-10-08,21:45:40'], dtype='<U19')]]","[[0.   ]
 [0.017]
 [0.033]
 ...
 [4.988]
 [5.001]
 [5.001]]","[[3.4786]
 [3.5161]
 [3.5312]
 ...
 [3.3002]
 [3.3003]
 [3.3003]]","[[3.9994]
 [3.9999]
 [4.    ]
 ...
 [0.    ]
 [0.    ]
 [0.    ]]","[[0.   ]
 [0.001]
 [0.002]
 ...
 [0.   ]
 [0.   ]
 [0.   ]]","[[0.   ]
 [0.004]
 [0.008]
 ...
 [0.   ]
 [0.   ]
 [0.   ]]","[[23.1]
 [23.1]
 [23. ]
 ...
 [23. ]
 [23. ]
 [23. ]]",['2C charge and 1C discharge']
"[[array(['2022-10-08,21:45:41'], dtype='<U19')]
 [array(['2022-10-08,21:45:42'], dtype='<U19')]
 [array(['2022-10-08,21:45:43'], dtype='<U19')]
 ...
 [array(['2022-10-08,23:44:32'], dtype='<U19')]
 [array(['2022-10-08,23:44:33'], dtype='<U19')]
 [array(['2022-10-08,23:44:33'], dtype='<U19')]]","[[0.   ]
 [0.017]
 [0.033]
 ...
 [4.984]
 [5.   ]
 [5.   ]]","[[3.4821]
 [3.517 ]
 [3.5325]
 ...
 [3.302 ]
 [3.3023]
 [3.3022]]","[[3.9991]
 [3.9999]
 [4.    ]
 ...
 [0.    ]
 [0.    ]
 [0.    ]]","[[0.   ]
 [0.001]
 [0.002]
 ...
 [0.   ]
 [0.   ]
 [0.   ]]","[[0.   ]
 [0.004]
 [0.008]
 ...
 [0.   ]
 [0.   ]
 [0.   ]]","[[23. ]
 [23. ]
 [23. ]
 ...
 [22.9]
 [22.9]
 [22.9]]",['2C charge and 1C discharge']
"[[array(['2022-10-08,23:44:34'], dtype='<U19')]
 [array(['2022-10-08,23:44:35'], dtype='<U19')]
 [array(['2022-10-08,23:44:36'], dtype='<U19')]
 ...
 [array(['2022-10-09,01:43:22'], dtype='<U19')]
 [array(['2022-10-09,01:43:23'], dtype='<U19')]
 [array(['2022-10-09,01:43:23'], dtype='<U19')]]","[[0.   ]
 [0.017]
 [0.033]
 ...
 [4.988]
 [5.   ]
 [5.   ]]","[[3.4849]
 [3.5185]
 [3.5342]
 ...
 [3.3029]
 [3.3031]
 [3.3032]]","[[3.9991]
 [3.9999]
 [4.    ]
 ...
 [0.    ]
 [0.    ]
 [0.    ]]","[[0.   ]
 [0.001]
 [0.002]
 ...
 [0.   ]
 [0.   ]
 [0.   ]]","[[0.   ]
 [0.004]
 [0.008]
 ...
 [0.   ]
 [0.   ]
 [0.   ]]","[[22.9]
 [22.9]
 [22.9]
 ...
 [22.9]
 [22.9]
 [22.9]]",['2C charge and 1C discharge']
"[[array(['2022-10-09,01:43:24'], dtype='<U19')]
 [array(['2022-10-09,01:43:25'], dtype='<U19')]
 [array(['2022-10-09,01:43:26'], dtype='<U19')]
 ...
 [array(['2022-10-09,03:42:17'], dtype='<U19')]
 [array(['2022-10-09,03:42:18'], dtype='<U19')]
 [array(['2022-10-09,03:42:18'], dtype='<U19')]]","[[0.   ]
 [0.017]
 [0.033]
 ...
 [4.993]
 [5.   ]
 [5.   ]]","[[3.4861]
 [3.5209]
 [3.5361]
 ...
 [3.3046]
 [3.3042]
 [3.3046]]","[[3.9998]
 [3.9999]
 [4.    ]
 ...
 [0.    ]
 [0.    ]
 [0.    ]]","[[0.   ]
 [0.001]
 [0.002]
 ...
 [0.   ]
 [0.   ]
 [0.   ]]","[[0.   ]
 [0.004]
 [0.008]
 ...
 [0.   ]
 [0.   ]
 [0.   ]]","[[22.9]
 [22.9]
 [22.9]
 ...
 [22.8]
 [22.9]
 [22.9]]",['2C charge and 1C discharge']
"[[array(['2022-10-09,03:42:19'], dtype='<U19')]
 [array(['2022-10-09,03:42:20'], dtype='<U19')]
 [array(['2022-10-09,03:42:21'], dtype='<U19')]
 ...
 [array(['2022-10-09,05:41:15'], dtype='<U19')]
 [array(['2022-10-09,05:41:15'], dtype='<U19')]
 [array(['2022-10-09,05:41:15'], dtype='<U19')]]","[[0.   ]
 [0.017]
 [0.034]
 ...
 [4.994]
 [5.   ]
 [5.   ]]","[[3.4856]
 [3.5209]
 [3.5364]
 ...
 [3.3055]
 [3.3051]
 [3.3051]]","[[3.9985]
 [4.    ]
 [4.    ]
 ...
 [0.    ]
 [0.    ]
 [0.    ]]","[[0.   ]
 [0.001]
 [0.002]
 ...
 [0.   ]
 [0.   ]
 [0.   ]]","[[0.   ]
 [0.004]
 [0.008]
 ...
 [0.   ]
 [0.   ]
 [0.   ]]","[[22.8]
 [22.9]
 [22.8]
 ...
 [22.7]
 [22.7]
 [22.7]]",['2C charge and 1C discharge']
"[[array(['2022-10-09,05:41:16'], dtype='<U19')]
 [array(['2022-10-09,05:41:17'], dtype='<U19')]
 [array(['2022-10-09,05:41:18'], dtype='<U19')]
 ...
 [array(['2022-10-09,07:40:09'], dtype='<U19')]
 [array(['2022-10-09,07:40:10'], dtype='<U19')]
 [array(['2022-10-09,07:40:10'], dtype='<U19')]]","[[0.   ]
 [0.017]
 [0.033]
 ...
 [4.986]
 [5.   ]
 [5.   ]]","[[3.4895]
 [3.5235]
 [3.5387]
 ...
 [3.3072]
 [3.3075]
 [3.3086]]","[[3.9994]
 [4.0001]
 [4.    ]
 ...
 [0.    ]
 [0.    ]
 [0.    ]]","[[0.   ]
 [0.001]
 [0.002]
 ...
 [0.   ]
 [0.   ]
 [0.   ]]","[[0.   ]
 [0.004]
 [0.008]
 ...
 [0.   ]
 [0.   ]
 [0.   ]]","[[22.7]
 [22.7]
 [22.7]
 ...
 [22.6]
 [22.6]
 [22.6]]",['2C charge and 1C discharge']
"[[array(['2022-10-09,07:40:11'], dtype='<U19')]
 [array(['2022-10-09,07:40:12'], dtype='<U19')]
 [array(['2022-10-09,07:40:13'], dtype='<U19')]
 ...
 [array(['2022-10-09,09:39:15'], dtype='<U19')]
 [array(['2022-10-09,09:39:15'], dtype='<U19')]
 [array(['2022-10-09,09:39:15'], dtype='<U19')]]","[[0.   ]
 [0.017]
 [0.033]
 ...
 [4.992]
 [5.   ]
 [5.   ]]","[[3.4936]
 [3.5265]
 [3.5413]
 ...
 [3.3031]
 [3.3037]
 [3.3034]]","[[4.0001]
 [3.9999]
 [3.9999]
 ...
 [0.    ]
 [0.    ]
 [0.    ]]","[[0.   ]
 [0.001]
 [0.002]
 ...
 [0.   ]
 [0.   ]
 [0.   ]]","[[0.   ]
 [0.004]
 [0.008]
 ...
 [0.   ]
 [0.   ]
 [0.   ]]","[[22.6]
 [22.5]
 [22.5]
 ...
 [23. ]
 [23. ]
 [23. ]]",['2C charge and 1C discharge']
"[[array(['2022-10-09,09:39:16'], dtype='<U19')]
 [array(['2022-10-09,09:39:17'], dtype='<U19')]
 [array(['2022-10-09,09:39:18'], dtype='<U19')]
 ...
 [array(['2022-10-09,11:37:56'], dtype='<U19')]
 [array(['2022-10-09,11:37:57'], dtype='<U19')]
 [array(['2022-10-09,11:37:57'], dtype='<U19')]]","[[0.   ]
 [0.017]
 [0.033]
 ...
 [4.993]
 [5.   ]
 [5.   ]]","[[3.4844]
 [3.5205]
 [3.5355]
 ...
 [3.3011]
 [3.3009]
 [3.3011]]","[[3.9994]
 [4.    ]
 [3.9999]
 ...
 [0.    ]
 [0.    ]
 [0.    ]]","[[0.   ]
 [0.001]
 [0.002]
 ...
 [0.   ]
 [0.   ]
 [0.   ]]","[[0.   ]
 [0.004]
 [0.008]
 ...
 [0.   ]
 [0.   ]
 [0.   ]]","[[23. ]
 [23. ]
 [23. ]
 ...
 [23.2]
 [23.2]
 [23.2]]",['2C charge and 1C discharge']
"[[array(['2022-10-09,11:37:58'], dtype='<U19')]
 [array(['2022-10-09,11:37:59'], dtype='<U19')]
 [array(['2022-10-09,11:38:00'], dtype='<U19')]
 ...
 [array(['2022-10-09,13:36:27'], dtype='<U19')]
 [array(['2022-10-09,13:36:27'], dtype='<U19')]
 [array(['2022-10-09,13:36:27'], dtype='<U19')]]","[[0.   ]
 [0.018]
 [0.034]
 ...
 [4.999]
 [5.   ]
 [5.   ]]","[[3.4853]
 [3.5184]
 [3.5332]
 ...
 [3.3022]
 [3.3026]
 [3.3026]]","[[3.9994]
 [4.    ]
 [4.    ]
 ...
 [0.    ]
 [0.    ]
 [0.    ]]","[[0.   ]
 [0.001]
 [0.002]
 ...
 [0.   ]
 [0.   ]
 [0.   ]]","[[0.   ]
 [0.004]
 [0.008]
 ...
 [0.   ]
 [0.   ]
 [0.   ]]","[[23.2]
 [23.2]
 [23.2]
 ...
 [23.1]
 [23.1]
 [23.1]]",['2C charge and 1C discharge']
"[[array(['2022-10-09,13:36:28'], dtype='<U19')]
 [array(['2022-10-09,13:36:29'], dtype='<U19')]
 [array(['2022-10-09,13:36:30'], dtype='<U19')]
 ...
 [array(['2022-10-09,15:35:00'], dtype='<U19')]
 [array(['2022-10-09,15:35:00'], dtype='<U19')]
 [array(['2022-10-09,15:35:00'], dtype='<U19')]]","[[0.   ]
 [0.017]
 [0.033]
 ...
 [4.993]
 [5.   ]
 [5.   ]]","[[3.4841]
 [3.5182]
 [3.5339]
 ...
 [3.3045]
 [3.3046]
 [3.3046]]","[[3.9994]
 [3.9999]
 [4.    ]
 ...
 [0.    ]
 [0.    ]
 [0.    ]]","[[0.   ]
 [0.001]
 [0.002]
 ...
 [0.   ]
 [0.   ]
 [0.   ]]","[[0.   ]
 [0.004]
 [0.008]
 ...
 [0.   ]
 [0.   ]
 [0.   ]]","[[23.1]
 [23.1]
 [23.1]
 ...
 [23. ]
 [23. ]
 [23. ]]",['2C charge and 1C discharge']
"[[array(['2022-10-09,15:35:01'], dtype='<U19')]
 [array(['2022-10-09,15:35:02'], dtype='<U19')]
 [array(['2022-10-09,15:35:03'], dtype='<U19')]
 ...
 [array(['2022-10-09,17:33:33'], dtype='<U19')]
 [array(['2022-10-09,17:33:34'], dtype='<U19')]
 [array(['2022-10-09,17:33:34'], dtype='<U19')]]","[[0.   ]
 [0.017]
 [0.033]
 ...
 [4.994]
 [5.001]
 [5.001]]","[[3.4853]
 [3.5216]
 [3.5367]
 ...
 [3.3017]
 [3.3019]
 [3.302 ]]","[[3.9994]
 [4.    ]
 [4.    ]
 ...
 [0.    ]
 [0.    ]
 [0.    ]]","[[0.   ]
 [0.001]
 [0.002]
 ...
 [0.   ]
 [0.   ]
 [0.   ]]","[[0.   ]
 [0.004]
 [0.008]
 ...
 [0.   ]
 [0.   ]
 [0.   ]]","[[23. ]
 [23. ]
 [23. ]
 ...
 [23.2]
 [23.2]
 [23.2]]",['2C charge and 1C discharge']
"[[array(['2022-10-09,17:33:35'], dtype='<U19')]
 [array(['2022-10-09,17:33:36'], dtype='<U19')]
 [array(['2022-10-09,17:33:37'], dtype='<U19')]
 ...
 [array(['2022-10-09,19:31:52'], dtype='<U19')]
 [array(['2022-10-09,19:31:52'], dtype='<U19')]
 [array(['2022-10-09,19:31:52'], dtype='<U19')]]","[[0.   ]
 [0.017]
 [0.033]
 ...
 [4.993]
 [5.   ]
 [5.   ]]","[[3.4853]
 [3.5182]
 [3.5341]
 ...
 [3.3065]
 [3.3068]
 [3.3069]]","[[3.9994]
 [4.    ]
 [4.    ]
 ...
 [0.    ]
 [0.    ]
 [0.    ]]","[[0.   ]
 [0.001]
 [0.002]
 ...
 [0.   ]
 [0.   ]
 [0.   ]]","[[0.   ]
 [0.004]
 [0.008]
 ...
 [0.   ]
 [0.   ]
 [0.   ]]","[[23.2]
 [23.1]
 [23.1]
 ...
 [22.8]
 [22.7]
 [22.8]]",['2C charge and 1C discharge']
"[[array(['2022-10-09,19:31:53'], dtype='<U19')]
 [array(['2022-10-09,19:31:54'], dtype='<U19')]
 [array(['2022-10-09,19:31:55'], dtype='<U19')]
 ...
 [array(['2022-10-09,21:30:31'], dtype='<U19')]
 [array(['2022-10-09,21:30:31'], dtype='<U19')]
 [array(['2022-10-09,21:30:31'], dtype='<U19')]]","[[0.   ]
 [0.017]
 [0.033]
 ...
 [4.999]
 [5.   ]
 [5.   ]]","[[3.4909]
 [3.5249]
 [3.5396]
 ...
 [3.3071]
 [3.3068]
 [3.3074]]","[[4.0001]
 [4.0001]
 [3.9999]
 ...
 [0.    ]
 [0.    ]
 [0.    ]]","[[0.   ]
 [0.001]
 [0.002]
 ...
 [0.   ]
 [0.   ]
 [0.   ]]","[[0.   ]
 [0.004]
 [0.008]
 ...
 [0.   ]
 [0.   ]
 [0.   ]]","[[22.8]
 [22.8]
 [22.7]
 ...
 [22.8]
 [22.8]
 [22.8]]",['2C charge and 1C discharge']
"[[array(['2022-10-09,21:30:32'], dtype='<U19')]
 [array(['2022-10-09,21:30:33'], dtype='<U19')]
 [array(['2022-10-09,21:30:34'], dtype='<U19')]
 ...
 [array(['2022-10-09,23:29:16'], dtype='<U19')]
 [array(['2022-10-09,23:29:16'], dtype='<U19')]
 [array(['2022-10-09,23:29:16'], dtype='<U19')]]","[[0.   ]
 [0.017]
 [0.033]
 ...
 [5.   ]
 [5.001]
 [5.001]]","[[3.491 ]
 [3.5252]
 [3.5402]
 ...
 [3.3085]
 [3.308 ]
 [3.3086]]","[[3.9998]
 [3.9999]
 [3.9999]
 ...
 [0.    ]
 [0.    ]
 [0.    ]]","[[0.   ]
 [0.001]
 [0.002]
 ...
 [0.   ]
 [0.   ]
 [0.   ]]","[[0.   ]
 [0.004]
 [0.008]
 ...
 [0.   ]
 [0.   ]
 [0.   ]]","[[22.8]
 [22.8]
 [22.7]
 ...
 [22.7]
 [22.7]
 [22.7]]",['2C charge and 1C discharge']
"[[array(['2022-10-09,23:29:17'], dtype='<U19')]
 [array(['2022-10-09,23:29:18'], dtype='<U19')]
 [array(['2022-10-09,23:29:19'], dtype='<U19')]
 ...
 [array(['2022-10-10,01:28:00'], dtype='<U19')]
 [array(['2022-10-10,01:28:00'], dtype='<U19')]
 [array(['2022-10-10,01:28:00'], dtype='<U19')]]","[[0.   ]
 [0.017]
 [0.033]
 ...
 [4.996]
 [5.001]
 [5.001]]","[[3.4909]
 [3.5255]
 [3.5425]
 ...
 [3.3109]
 [3.3112]
 [3.3108]]","[[3.9985]
 [3.9998]
 [4.0001]
 ...
 [0.    ]
 [0.    ]
 [0.    ]]","[[0.   ]
 [0.001]
 [0.002]
 ...
 [0.   ]
 [0.   ]
 [0.   ]]","[[0.   ]
 [0.004]
 [0.008]
 ...
 [0.   ]
 [0.   ]
 [0.   ]]","[[22.7]
 [22.7]
 [22.7]
 ...
 [22.5]
 [22.5]
 [22.5]]",['2C charge and 1C discharge']
"[[array(['2022-10-10,01:28:01'], dtype='<U19')]
 [array(['2022-10-10,01:28:02'], dtype='<U19')]
 [array(['2022-10-10,01:28:03'], dtype='<U19')]
 ...
 [array(['2022-10-10,03:26:51'], dtype='<U19')]
 [array(['2022-10-10,03:26:51'], dtype='<U19')]
 [array(['2022-10-10,03:26:51'], dtype='<U19')]]","[[0.   ]
 [0.017]
 [0.033]
 ...
 [4.993]
 [5.   ]
 [5.   ]]","[[3.4947]
 [3.5316]
 [3.5472]
 ...
 [3.3137]
 [3.312 ]
 [3.3122]]","[[3.9985]
 [4.0002]
 [4.0004]
 ...
 [0.    ]
 [0.    ]
 [0.    ]]","[[0.   ]
 [0.001]
 [0.002]
 ...
 [0.   ]
 [0.   ]
 [0.   ]]","[[0.   ]
 [0.004]
 [0.008]
 ...
 [0.   ]
 [0.   ]
 [0.   ]]","[[22.5]
 [22.5]
 [22.5]
 ...
 [22.4]
 [22.4]
 [22.4]]",['2C charge and 1C discharge']
"[[array(['2022-10-10,03:26:52'], dtype='<U19')]
 [array(['2022-10-10,03:26:53'], dtype='<U19')]
 [array(['2022-10-10,03:26:54'], dtype='<U19')]
 ...
 [array(['2022-10-10,05:25:41'], dtype='<U19')]
 [array(['2022-10-10,05:25:42'], dtype='<U19')]
 [array(['2022-10-10,05:25:42'], dtype='<U19')]]","[[0.   ]
 [0.017]
 [0.033]
 ...
 [4.99 ]
 [5.   ]
 [5.   ]]","[[3.4981]
 [3.5322]
 [3.5476]
 ...
 [3.314 ]
 [3.3128]
 [3.3139]]","[[4.0004]
 [3.9999]
 [3.9999]
 ...
 [0.    ]
 [0.    ]
 [0.    ]]","[[0.   ]
 [0.001]
 [0.002]
 ...
 [0.   ]
 [0.   ]
 [0.   ]]","[[0.   ]
 [0.004]
 [0.008]
 ...
 [0.   ]
 [0.   ]
 [0.   ]]","[[22.4]
 [22.4]
 [22.4]
 ...
 [22.3]
 [22.3]
 [22.4]]",['2C charge and 1C discharge']
"[[array(['2022-10-10,05:25:43'], dtype='<U19')]
 [array(['2022-10-10,05:25:44'], dtype='<U19')]
 [array(['2022-10-10,05:25:45'], dtype='<U19')]
 ...
 [array(['2022-10-10,07:24:34'], dtype='<U19')]
 [array(['2022-10-10,07:24:35'], dtype='<U19')]
 [array(['2022-10-10,07:24:35'], dtype='<U19')]]","[[0.   ]
 [0.017]
 [0.034]
 ...
 [4.985]
 [5.   ]
 [5.   ]]","[[3.5012]
 [3.533 ]
 [3.5498]
 ...
 [3.3159]
 [3.3146]
 [3.3146]]","[[3.9998]
 [3.9998]
 [4.0002]
 ...
 [0.    ]
 [0.    ]
 [0.    ]]","[[0.   ]
 [0.001]
 [0.002]
 ...
 [0.   ]
 [0.   ]
 [0.   ]]","[[0.   ]
 [0.004]
 [0.008]
 ...
 [0.   ]
 [0.   ]
 [0.   ]]","[[22.3]
 [22.3]
 [22.3]
 ...
 [22.3]
 [22.2]
 [22.2]]",['2C charge and 1C discharge']
"[[array(['2022-10-10,07:24:36'], dtype='<U19')]
 [array(['2022-10-10,07:24:37'], dtype='<U19')]
 [array(['2022-10-10,07:24:38'], dtype='<U19')]
 ...
 [array(['2022-10-10,09:23:38'], dtype='<U19')]
 [array(['2022-10-10,09:23:38'], dtype='<U19')]
 [array(['2022-10-10,09:23:38'], dtype='<U19')]]","[[0.   ]
 [0.017]
 [0.034]
 ...
 [4.996]
 [5.001]
 [5.001]]","[[3.5004]
 [3.5347]
 [3.5501]
 ...
 [3.3102]
 [3.3091]
 [3.3099]]","[[3.9994]
 [3.9996]
 [3.9998]
 ...
 [0.    ]
 [0.    ]
 [0.    ]]","[[0.   ]
 [0.001]
 [0.002]
 ...
 [0.   ]
 [0.   ]
 [0.   ]]","[[0.   ]
 [0.004]
 [0.008]
 ...
 [0.   ]
 [0.   ]
 [0.   ]]","[[22.2]
 [22.2]
 [22.2]
 ...
 [22.8]
 [22.8]
 [22.8]]",['2C charge and 1C discharge']
"[[array(['2022-10-10,09:23:39'], dtype='<U19')]
 [array(['2022-10-10,09:23:40'], dtype='<U19')]
 [array(['2022-10-10,09:23:41'], dtype='<U19')]
 ...
 [array(['2022-10-10,11:22:14'], dtype='<U19')]
 [array(['2022-10-10,11:22:15'], dtype='<U19')]
 [array(['2022-10-10,11:22:15'], dtype='<U19')]]","[[0.   ]
 [0.017]
 [0.033]
 ...
 [4.99 ]
 [5.   ]
 [5.   ]]","[[3.4938]
 [3.5276]
 [3.5421]
 ...
 [3.3042]
 [3.3048]
 [3.3048]]","[[3.9991]
 [4.    ]
 [3.9999]
 ...
 [0.    ]
 [0.    ]
 [0.    ]]","[[0.   ]
 [0.001]
 [0.002]
 ...
 [0.   ]
 [0.   ]
 [0.   ]]","[[0.   ]
 [0.004]
 [0.008]
 ...
 [0.   ]
 [0.   ]
 [0.   ]]","[[22.8]
 [22.8]
 [22.8]
 ...
 [23.1]
 [23.1]
 [23.1]]",['2C charge and 1C discharge']
"[[array(['2022-10-10,11:22:16'], dtype='<U19')]
 [array(['2022-10-10,11:22:17'], dtype='<U19')]
 [array(['2022-10-10,11:22:18'], dtype='<U19')]
 ...
 [array(['2022-10-10,13:20:37'], dtype='<U19')]
 [array(['2022-10-10,13:20:38'], dtype='<U19')]
 [array(['2022-10-10,13:20:38'], dtype='<U19')]]","[[0.   ]
 [0.017]
 [0.034]
 ...
 [4.989]
 [5.001]
 [5.001]]","[[3.4889]
 [3.5216]
 [3.5375]
 ...
 [3.3068]
 [3.3072]
 [3.3072]]","[[3.9994]
 [4.    ]
 [4.    ]
 ...
 [0.    ]
 [0.    ]
 [0.    ]]","[[0.   ]
 [0.001]
 [0.002]
 ...
 [0.   ]
 [0.   ]
 [0.   ]]","[[0.   ]
 [0.004]
 [0.008]
 ...
 [0.   ]
 [0.   ]
 [0.   ]]","[[23.1]
 [23.1]
 [23.1]
 ...
 [23. ]
 [23. ]
 [23. ]]",['2C charge and 1C discharge']
"[[array(['2022-10-10,13:20:39'], dtype='<U19')]
 [array(['2022-10-10,13:20:40'], dtype='<U19')]
 [array(['2022-10-10,13:20:41'], dtype='<U19')]
 ...
 [array(['2022-10-10,15:19:04'], dtype='<U19')]
 [array(['2022-10-10,15:19:05'], dtype='<U19')]
 [array(['2022-10-10,15:19:05'], dtype='<U19')]]","[[0.   ]
 [0.017]
 [0.033]
 ...
 [4.988]
 [5.   ]
 [5.   ]]","[[3.4902]
 [3.5241]
 [3.5401]
 ...
 [3.3091]
 [3.3088]
 [3.3089]]","[[3.9994]
 [3.9999]
 [4.0002]
 ...
 [0.    ]
 [0.    ]
 [0.    ]]","[[0.   ]
 [0.001]
 [0.002]
 ...
 [0.   ]
 [0.   ]
 [0.   ]]","[[0.   ]
 [0.004]
 [0.008]
 ...
 [0.   ]
 [0.   ]
 [0.   ]]","[[23. ]
 [23. ]
 [23. ]
 ...
 [22.9]
 [22.9]
 [22.9]]",['2C charge and 1C discharge']
"[[array(['2022-10-10,15:19:06'], dtype='<U19')]
 [array(['2022-10-10,15:19:07'], dtype='<U19')]
 [array(['2022-10-10,15:19:08'], dtype='<U19')]
 ...
 [array(['2022-10-10,17:17:36'], dtype='<U19')]
 [array(['2022-10-10,17:17:37'], dtype='<U19')]
 [array(['2022-10-10,17:17:37'], dtype='<U19')]]","[[0.   ]
 [0.017]
 [0.034]
 ...
 [4.992]
 [5.001]
 [5.001]]","[[3.4942]
 [3.527 ]
 [3.5424]
 ...
 [3.3108]
 [3.3108]
 [3.3111]]","[[3.9994]
 [3.9999]
 [3.9999]
 ...
 [0.    ]
 [0.    ]
 [0.    ]]","[[0.   ]
 [0.001]
 [0.002]
 ...
 [0.   ]
 [0.   ]
 [0.   ]]","[[0.   ]
 [0.004]
 [0.008]
 ...
 [0.   ]
 [0.   ]
 [0.   ]]","[[22.9]
 [22.9]
 [22.8]
 ...
 [22.7]
 [22.7]
 [22.7]]",['2C charge and 1C discharge']
"[[array(['2022-10-10,17:17:38'], dtype='<U19')]
 [array(['2022-10-10,17:17:39'], dtype='<U19')]
 [array(['2022-10-10,17:17:40'], dtype='<U19')]
 ...
 [array(['2022-10-10,19:16:09'], dtype='<U19')]
 [array(['2022-10-10,19:16:10'], dtype='<U19')]
 [array(['2022-10-10,19:16:10'], dtype='<U19')]]","[[0.   ]
 [0.017]
 [0.033]
 ...
 [4.985]
 [5.001]
 [5.001]]","[[3.4952]
 [3.5301]
 [3.545 ]
 ...
 [3.3074]
 [3.3072]
 [3.3077]]","[[3.9998]
 [4.0001]
 [4.0001]
 ...
 [0.    ]
 [0.    ]
 [0.    ]]","[[0.   ]
 [0.001]
 [0.002]
 ...
 [0.   ]
 [0.   ]
 [0.   ]]","[[0.   ]
 [0.004]
 [0.008]
 ...
 [0.   ]
 [0.   ]
 [0.   ]]","[[22.7]
 [22.7]
 [22.7]
 ...
 [23. ]
 [23. ]
 [23. ]]",['2C charge and 1C discharge']
"[[array(['2022-10-10,19:16:11'], dtype='<U19')]
 [array(['2022-10-10,19:16:12'], dtype='<U19')]
 [array(['2022-10-10,19:16:13'], dtype='<U19')]
 ...
 [array(['2022-10-10,21:14:29'], dtype='<U19')]
 [array(['2022-10-10,21:14:30'], dtype='<U19')]
 [array(['2022-10-10,21:14:30'], dtype='<U19')]]","[[0.   ]
 [0.017]
 [0.034]
 ...
 [4.984]
 [5.   ]
 [5.   ]]","[[3.4886]
 [3.5252]
 [3.5407]
 ...
 [3.3057]
 [3.3059]
 [3.3062]]","[[3.9991]
 [3.9999]
 [4.0001]
 ...
 [0.    ]
 [0.    ]
 [0.    ]]","[[0.   ]
 [0.001]
 [0.002]
 ...
 [0.   ]
 [0.   ]
 [0.   ]]","[[0.   ]
 [0.004]
 [0.008]
 ...
 [0.   ]
 [0.   ]
 [0.   ]]","[[23. ]
 [23. ]
 [23. ]
 ...
 [23.1]
 [23.2]
 [23.2]]",['2C charge and 1C discharge']
"[[array(['2022-10-10,21:14:31'], dtype='<U19')]
 [array(['2022-10-10,21:14:32'], dtype='<U19')]
 [array(['2022-10-10,21:14:33'], dtype='<U19')]
 ...
 [array(['2022-10-10,23:12:45'], dtype='<U19')]
 [array(['2022-10-10,23:12:45'], dtype='<U19')]
 [array(['2022-10-10,23:12:45'], dtype='<U19')]]","[[0.   ]
 [0.017]
 [0.033]
 ...
 [4.988]
 [5.   ]
 [5.   ]]","[[3.4881]
 [3.5232]
 [3.5382]
 ...
 [3.3126]
 [3.3122]
 [3.3125]]","[[3.9991]
 [3.9999]
 [4.    ]
 ...
 [0.    ]
 [0.    ]
 [0.    ]]","[[0.   ]
 [0.001]
 [0.002]
 ...
 [0.   ]
 [0.   ]
 [0.   ]]","[[0.   ]
 [0.004]
 [0.008]
 ...
 [0.   ]
 [0.   ]
 [0.   ]]","[[23.2]
 [23.1]
 [23.2]
 ...
 [22.6]
 [22.6]
 [22.6]]",['2C charge and 1C discharge']
"[[array(['2022-10-10,23:12:46'], dtype='<U19')]
 [array(['2022-10-10,23:12:47'], dtype='<U19')]
 [array(['2022-10-10,23:12:48'], dtype='<U19')]
 ...
 [array(['2022-10-11,01:11:27'], dtype='<U19')]
 [array(['2022-10-11,01:11:27'], dtype='<U19')]
 [array(['2022-10-11,01:11:27'], dtype='<U19')]]","[[0.   ]
 [0.017]
 [0.033]
 ...
 [4.99 ]
 [5.   ]
 [5.   ]]","[[3.4944]
 [3.5319]
 [3.5473]
 ...
 [3.314 ]
 [3.314 ]
 [3.3142]]","[[3.9991]
 [4.0001]
 [4.0002]
 ...
 [0.    ]
 [0.    ]
 [0.    ]]","[[0.   ]
 [0.001]
 [0.002]
 ...
 [0.   ]
 [0.   ]
 [0.   ]]","[[0.   ]
 [0.004]
 [0.008]
 ...
 [0.   ]
 [0.   ]
 [0.   ]]","[[22.6]
 [22.6]
 [22.6]
 ...
 [22.6]
 [22.6]
 [22.6]]",['2C charge and 1C discharge']
"[[array(['2022-10-11,01:11:28'], dtype='<U19')]
 [array(['2022-10-11,01:11:29'], dtype='<U19')]
 [array(['2022-10-11,01:11:30'], dtype='<U19')]
 ...
 [array(['2022-10-11,03:10:11'], dtype='<U19')]
 [array(['2022-10-11,03:10:12'], dtype='<U19')]
 [array(['2022-10-11,03:10:12'], dtype='<U19')]]","[[0.   ]
 [0.017]
 [0.033]
 ...
 [4.996]
 [5.   ]
 [5.   ]]","[[3.5001]
 [3.5328]
 [3.5479]
 ...
 [3.3162]
 [3.3143]
 [3.3145]]","[[3.9994]
 [3.9998]
 [3.9999]
 ...
 [0.    ]
 [0.    ]
 [0.    ]]","[[0.   ]
 [0.001]
 [0.002]
 ...
 [0.   ]
 [0.   ]
 [0.   ]]","[[0.   ]
 [0.004]
 [0.008]
 ...
 [0.   ]
 [0.   ]
 [0.   ]]","[[22.6]
 [22.6]
 [22.6]
 ...
 [22.5]
 [22.5]
 [22.5]]",['2C charge and 1C discharge']
"[[array(['2022-10-11,03:10:13'], dtype='<U19')]
 [array(['2022-10-11,03:10:14'], dtype='<U19')]
 [array(['2022-10-11,03:10:15'], dtype='<U19')]
 ...
 [array(['2022-10-11,05:09:01'], dtype='<U19')]
 [array(['2022-10-11,05:09:02'], dtype='<U19')]
 [array(['2022-10-11,05:09:02'], dtype='<U19')]]","[[0.   ]
 [0.017]
 [0.033]
 ...
 [4.989]
 [5.   ]
 [5.   ]]","[[3.5029]
 [3.5361]
 [3.5508]
 ...
 [3.3162]
 [3.3171]
 [3.3162]]","[[4.0001]
 [4.0001]
 [3.9999]
 ...
 [0.    ]
 [0.    ]
 [0.    ]]","[[0.   ]
 [0.001]
 [0.002]
 ...
 [0.   ]
 [0.   ]
 [0.   ]]","[[0.   ]
 [0.004]
 [0.008]
 ...
 [0.   ]
 [0.   ]
 [0.   ]]","[[22.4]
 [22.4]
 [22.4]
 ...
 [22.3]
 [22.3]
 [22.3]]",['2C charge and 1C discharge']
"[[array(['2022-10-11,05:09:03'], dtype='<U19')]
 [array(['2022-10-11,05:09:04'], dtype='<U19')]
 [array(['2022-10-11,05:09:05'], dtype='<U19')]
 ...
 [array(['2022-10-11,07:07:51'], dtype='<U19')]
 [array(['2022-10-11,07:07:52'], dtype='<U19')]
 [array(['2022-10-11,07:07:52'], dtype='<U19')]]","[[0.   ]
 [0.017]
 [0.033]
 ...
 [4.99 ]
 [5.   ]
 [5.   ]]","[[3.5038]
 [3.5378]
 [3.5535]
 ...
 [3.3179]
 [3.3188]
 [3.3192]]","[[4.0007]
 [4.0002]
 [4.0002]
 ...
 [0.    ]
 [0.    ]
 [0.    ]]","[[0.   ]
 [0.001]
 [0.002]
 ...
 [0.   ]
 [0.   ]
 [0.   ]]","[[0.   ]
 [0.004]
 [0.008]
 ...
 [0.   ]
 [0.   ]
 [0.   ]]","[[22.3]
 [22.2]
 [22.3]
 ...
 [22.2]
 [22.2]
 [22.2]]",['2C charge and 1C discharge']
"[[array(['2022-10-11,07:07:53'], dtype='<U19')]
 [array(['2022-10-11,07:07:54'], dtype='<U19')]
 [array(['2022-10-11,07:07:55'], dtype='<U19')]
 ...
 [array(['2022-10-11,09:06:47'], dtype='<U19')]
 [array(['2022-10-11,09:06:47'], dtype='<U19')]
 [array(['2022-10-11,09:06:47'], dtype='<U19')]]","[[0.   ]
 [0.017]
 [0.034]
 ...
 [4.994]
 [5.001]
 [5.001]]","[[3.507 ]
 [3.5392]
 [3.5553]
 ...
 [3.3166]
 [3.3171]
 [3.3169]]","[[4.0007]
 [3.9998]
 [4.0002]
 ...
 [0.    ]
 [0.    ]
 [0.    ]]","[[0.   ]
 [0.001]
 [0.002]
 ...
 [0.   ]
 [0.   ]
 [0.   ]]","[[0.   ]
 [0.004]
 [0.008]
 ...
 [0.   ]
 [0.   ]
 [0.   ]]","[[22.2]
 [22.2]
 [22.2]
 ...
 [22.6]
 [22.6]
 [22.6]]",['2C charge and 1C discharge']
"[[array(['2022-10-11,09:06:48'], dtype='<U19')]
 [array(['2022-10-11,09:06:49'], dtype='<U19')]
 [array(['2022-10-11,09:06:50'], dtype='<U19')]
 ...
 [array(['2022-10-11,11:05:33'], dtype='<U19')]
 [array(['2022-10-11,11:05:34'], dtype='<U19')]
 [array(['2022-10-11,11:05:34'], dtype='<U19')]]","[[0.   ]
 [0.017]
 [0.033]
 ...
 [4.992]
 [5.001]
 [5.001]]","[[3.5019]
 [3.5359]
 [3.5505]
 ...
 [3.3094]
 [3.31  ]
 [3.3092]]","[[3.9998]
 [4.0001]
 [3.9999]
 ...
 [0.    ]
 [0.    ]
 [0.    ]]","[[0.   ]
 [0.001]
 [0.002]
 ...
 [0.   ]
 [0.   ]
 [0.   ]]","[[0.   ]
 [0.004]
 [0.008]
 ...
 [0.   ]
 [0.   ]
 [0.   ]]","[[22.5]
 [22.6]
 [22.5]
 ...
 [23. ]
 [23. ]
 [23. ]]",['2C charge and 1C discharge']
"[[array(['2022-10-11,11:05:35'], dtype='<U19')]
 [array(['2022-10-11,11:05:36'], dtype='<U19')]
 [array(['2022-10-11,11:05:37'], dtype='<U19')]
 ...
 [array(['2022-10-11,13:03:45'], dtype='<U19')]
 [array(['2022-10-11,13:03:46'], dtype='<U19')]
 [array(['2022-10-11,13:03:46'], dtype='<U19')]]","[[0.   ]
 [0.017]
 [0.033]
 ...
 [4.991]
 [5.001]
 [5.001]]","[[3.4919]
 [3.5267]
 [3.5418]
 ...
 [3.3085]
 [3.3083]
 [3.3089]]","[[3.9991]
 [4.    ]
 [3.9999]
 ...
 [0.    ]
 [0.    ]
 [0.    ]]","[[0.   ]
 [0.001]
 [0.002]
 ...
 [0.   ]
 [0.   ]
 [0.   ]]","[[0.   ]
 [0.004]
 [0.008]
 ...
 [0.   ]
 [0.   ]
 [0.   ]]","[[23. ]
 [23. ]
 [23. ]
 ...
 [23.2]
 [23.2]
 [23.2]]",['2C charge and 1C discharge']
"[[array(['2022-10-11,13:03:47'], dtype='<U19')]
 [array(['2022-10-11,13:03:48'], dtype='<U19')]
 [array(['2022-10-11,13:03:49'], dtype='<U19')]
 ...
 [array(['2022-10-11,15:01:59'], dtype='<U19')]
 [array(['2022-10-11,15:01:59'], dtype='<U19')]
 [array(['2022-10-11,15:01:59'], dtype='<U19')]]","[[0.   ]
 [0.017]
 [0.033]
 ...
 [4.996]
 [5.   ]
 [5.   ]]","[[3.4935]
 [3.5264]
 [3.5415]
 ...
 [3.3117]
 [3.3112]
 [3.3117]]","[[3.9994]
 [4.    ]
 [4.0001]
 ...
 [0.    ]
 [0.    ]
 [0.    ]]","[[0.   ]
 [0.001]
 [0.002]
 ...
 [0.   ]
 [0.   ]
 [0.   ]]","[[0.   ]
 [0.004]
 [0.008]
 ...
 [0.   ]
 [0.   ]
 [0.   ]]","[[23.2]
 [23.2]
 [23.2]
 ...
 [23. ]
 [23. ]
 [23. ]]",['2C charge and 1C discharge']
"[[array(['2022-10-11,15:02:00'], dtype='<U19')]
 [array(['2022-10-11,15:02:01'], dtype='<U19')]
 [array(['2022-10-11,15:02:03'], dtype='<U19')]
 ...
 [array(['2022-10-11,17:00:24'], dtype='<U19')]
 [array(['2022-10-11,17:00:24'], dtype='<U19')]
 [array(['2022-10-11,17:00:24'], dtype='<U19')]]","[[0.   ]
 [0.017]
 [0.034]
 ...
 [4.989]
 [5.   ]
 [5.   ]]","[[3.493 ]
 [3.5302]
 [3.5453]
 ...
 [3.31  ]
 [3.3105]
 [3.3103]]","[[3.9994]
 [4.    ]
 [4.0001]
 ...
 [0.    ]
 [0.    ]
 [0.    ]]","[[0.   ]
 [0.001]
 [0.002]
 ...
 [0.   ]
 [0.   ]
 [0.   ]]","[[0.   ]
 [0.004]
 [0.008]
 ...
 [0.   ]
 [0.   ]
 [0.   ]]","[[23. ]
 [23. ]
 [23. ]
 ...
 [23.1]
 [23. ]
 [23. ]]",['2C charge and 1C discharge']
"[[array(['2022-10-11,17:00:25'], dtype='<U19')]
 [array(['2022-10-11,17:00:27'], dtype='<U19')]
 [array(['2022-10-11,17:00:28'], dtype='<U19')]
 ...
 [array(['2022-10-11,18:58:39'], dtype='<U19')]
 [array(['2022-10-11,18:58:39'], dtype='<U19')]
 [array(['2022-10-11,18:58:39'], dtype='<U19')]]","[[0.   ]
 [0.017]
 [0.034]
 ...
 [4.996]
 [5.001]
 [5.001]]","[[3.4952]
 [3.5295]
 [3.5447]
 ...
 [3.3125]
 [3.3125]
 [3.3126]]","[[3.9994]
 [4.0001]
 [4.0001]
 ...
 [0.    ]
 [0.    ]
 [0.    ]]","[[0.   ]
 [0.001]
 [0.002]
 ...
 [0.   ]
 [0.   ]
 [0.   ]]","[[0.   ]
 [0.004]
 [0.008]
 ...
 [0.   ]
 [0.   ]
 [0.   ]]","[[23. ]
 [23. ]
 [23. ]
 ...
 [22.9]
 [22.9]
 [22.9]]",['2C charge and 1C discharge']
"[[array(['2022-10-11,18:58:40'], dtype='<U19')]
 [array(['2022-10-11,18:58:41'], dtype='<U19')]
 [array(['2022-10-11,18:58:42'], dtype='<U19')]
 ...
 [array(['2022-10-11,20:56:59'], dtype='<U19')]
 [array(['2022-10-11,20:56:59'], dtype='<U19')]
 [array(['2022-10-11,20:56:59'], dtype='<U19')]]","[[0.   ]
 [0.017]
 [0.034]
 ...
 [4.999]
 [5.   ]
 [5.   ]]","[[3.4964]
 [3.5316]
 [3.5462]
 ...
 [3.3139]
 [3.3135]
 [3.3135]]","[[3.9998]
 [4.    ]
 [3.9999]
 ...
 [0.    ]
 [0.    ]
 [0.    ]]","[[0.   ]
 [0.001]
 [0.002]
 ...
 [0.   ]
 [0.   ]
 [0.   ]]","[[0.   ]
 [0.004]
 [0.008]
 ...
 [0.   ]
 [0.   ]
 [0.   ]]","[[22.9]
 [22.9]
 [22.9]
 ...
 [23. ]
 [23. ]
 [23. ]]",['2C charge and 1C discharge']
"[[array(['2022-10-11,20:57:00'], dtype='<U19')]
 [array(['2022-10-11,20:57:01'], dtype='<U19')]
 [array(['2022-10-11,20:57:02'], dtype='<U19')]
 ...
 [array(['2022-10-11,22:55:08'], dtype='<U19')]
 [array(['2022-10-11,22:55:09'], dtype='<U19')]
 [array(['2022-10-11,22:55:09'], dtype='<U19')]]","[[0.   ]
 [0.017]
 [0.034]
 ...
 [4.985]
 [5.   ]
 [5.   ]]","[[3.5002]
 [3.5328]
 [3.5481]
 ...
 [3.3135]
 [3.3129]
 [3.3128]]","[[3.9998]
 [4.    ]
 [3.9999]
 ...
 [0.    ]
 [0.    ]
 [0.    ]]","[[0.   ]
 [0.001]
 [0.002]
 ...
 [0.   ]
 [0.   ]
 [0.   ]]","[[0.   ]
 [0.004]
 [0.008]
 ...
 [0.   ]
 [0.   ]
 [0.   ]]","[[22.9]
 [22.9]
 [23. ]
 ...
 [22.9]
 [22.9]
 [23. ]]",['2C charge and 1C discharge']
"[[array(['2022-10-11,22:55:10'], dtype='<U19')]
 [array(['2022-10-11,22:55:11'], dtype='<U19')]
 [array(['2022-10-11,22:55:12'], dtype='<U19')]
 ...
 [array(['2022-10-12,00:53:28'], dtype='<U19')]
 [array(['2022-10-12,00:53:28'], dtype='<U19')]
 [array(['2022-10-12,00:53:29'], dtype='<U19')]]","[[0.   ]
 [0.017]
 [0.034]
 ...
 [4.997]
 [5.   ]
 [5.   ]]","[[3.4981]
 [3.5325]
 [3.5482]
 ...
 [3.3134]
 [3.3132]
 [3.3139]]","[[3.9998]
 [4.    ]
 [4.0001]
 ...
 [0.    ]
 [0.    ]
 [0.    ]]","[[0.   ]
 [0.001]
 [0.002]
 ...
 [0.   ]
 [0.   ]
 [0.   ]]","[[0.   ]
 [0.004]
 [0.008]
 ...
 [0.   ]
 [0.   ]
 [0.   ]]","[[22.9]
 [22.9]
 [23. ]
 ...
 [23. ]
 [23. ]
 [23. ]]",['2C charge and 1C discharge']
"[[array(['2022-10-12,00:53:30'], dtype='<U19')]
 [array(['2022-10-12,00:53:31'], dtype='<U19')]
 [array(['2022-10-12,00:53:32'], dtype='<U19')]
 ...
 [array(['2022-10-12,02:51:45'], dtype='<U19')]
 [array(['2022-10-12,02:51:46'], dtype='<U19')]
 [array(['2022-10-12,02:51:46'], dtype='<U19')]]","[[0.   ]
 [0.017]
 [0.034]
 ...
 [4.985]
 [5.   ]
 [5.   ]]","[[3.4986]
 [3.5328]
 [3.5481]
 ...
 [3.3139]
 [3.3143]
 [3.314 ]]","[[3.9994]
 [4.    ]
 [4.0001]
 ...
 [0.    ]
 [0.    ]
 [0.    ]]","[[0.   ]
 [0.001]
 [0.002]
 ...
 [0.   ]
 [0.   ]
 [0.   ]]","[[0.   ]
 [0.004]
 [0.008]
 ...
 [0.   ]
 [0.   ]
 [0.   ]]","[[23. ]
 [23. ]
 [23. ]
 ...
 [23. ]
 [22.9]
 [22.9]]",['2C charge and 1C discharge']
"[[array(['2022-10-12,02:51:47'], dtype='<U19')]
 [array(['2022-10-12,02:51:48'], dtype='<U19')]
 [array(['2022-10-12,02:51:49'], dtype='<U19')]
 ...
 [array(['2022-10-12,04:50:03'], dtype='<U19')]
 [array(['2022-10-12,04:50:04'], dtype='<U19')]
 [array(['2022-10-12,04:50:04'], dtype='<U19')]]","[[0.   ]
 [0.017]
 [0.034]
 ...
 [4.983]
 [5.   ]
 [5.   ]]","[[3.4995]
 [3.5335]
 [3.549 ]
 ...
 [3.3145]
 [3.3152]
 [3.3148]]","[[3.9998]
 [3.9999]
 [3.9999]
 ...
 [0.    ]
 [0.    ]
 [0.    ]]","[[0.   ]
 [0.001]
 [0.002]
 ...
 [0.   ]
 [0.   ]
 [0.   ]]","[[0.   ]
 [0.004]
 [0.008]
 ...
 [0.   ]
 [0.   ]
 [0.   ]]","[[22.9]
 [22.9]
 [22.9]
 ...
 [22.9]
 [23. ]
 [23. ]]",['2C charge and 1C discharge']
"[[array(['2022-10-12,04:50:05'], dtype='<U19')]
 [array(['2022-10-12,04:50:06'], dtype='<U19')]
 [array(['2022-10-12,04:50:07'], dtype='<U19')]
 ...
 [array(['2022-10-12,06:48:18'], dtype='<U19')]
 [array(['2022-10-12,06:48:19'], dtype='<U19')]
 [array(['2022-10-12,06:48:19'], dtype='<U19')]]","[[0.   ]
 [0.017]
 [0.034]
 ...
 [4.984]
 [5.001]
 [5.001]]","[[3.5004]
 [3.5348]
 [3.5495]
 ...
 [3.3142]
 [3.314 ]
 [3.3142]]","[[3.9985]
 [4.0002]
 [4.    ]
 ...
 [0.    ]
 [0.    ]
 [0.    ]]","[[0.   ]
 [0.001]
 [0.002]
 ...
 [0.   ]
 [0.   ]
 [0.   ]]","[[0.   ]
 [0.004]
 [0.008]
 ...
 [0.   ]
 [0.   ]
 [0.   ]]","[[22.9]
 [22.9]
 [22.9]
 ...
 [23. ]
 [22.9]
 [22.9]]",['2C charge and 1C discharge']
"[[array(['2022-10-12,06:48:20'], dtype='<U19')]
 [array(['2022-10-12,06:48:21'], dtype='<U19')]
 [array(['2022-10-12,06:48:22'], dtype='<U19')]
 ...
 [array(['2022-10-12,08:46:33'], dtype='<U19')]
 [array(['2022-10-12,08:46:33'], dtype='<U19')]
 [array(['2022-10-12,08:46:33'], dtype='<U19')]]","[[0.   ]
 [0.017]
 [0.033]
 ...
 [4.99 ]
 [5.   ]
 [5.   ]]","[[3.499 ]
 [3.5333]
 [3.5495]
 ...
 [3.3142]
 [3.3142]
 [3.3154]]","[[3.9994]
 [3.9999]
 [4.0002]
 ...
 [0.    ]
 [0.    ]
 [0.    ]]","[[0.   ]
 [0.001]
 [0.002]
 ...
 [0.   ]
 [0.   ]
 [0.   ]]","[[0.   ]
 [0.004]
 [0.008]
 ...
 [0.   ]
 [0.   ]
 [0.   ]]","[[23. ]
 [22.9]
 [22.9]
 ...
 [23. ]
 [23. ]
 [23. ]]",['2C charge and 1C discharge']
"[[array(['2022-10-12,08:46:34'], dtype='<U19')]
 [array(['2022-10-12,08:46:35'], dtype='<U19')]
 [array(['2022-10-12,08:46:36'], dtype='<U19')]
 ...
 [array(['2022-10-12,10:44:46'], dtype='<U19')]
 [array(['2022-10-12,10:44:46'], dtype='<U19')]
 [array(['2022-10-12,10:44:47'], dtype='<U19')]]","[[0.   ]
 [0.017]
 [0.033]
 ...
 [4.999]
 [5.   ]
 [5.   ]]","[[3.4993]
 [3.5342]
 [3.5492]
 ...
 [3.3122]
 [3.3117]
 [3.3122]]","[[3.9991]
 [4.    ]
 [4.0001]
 ...
 [0.    ]
 [0.    ]
 [0.    ]]","[[0.   ]
 [0.001]
 [0.002]
 ...
 [0.   ]
 [0.   ]
 [0.   ]]","[[0.   ]
 [0.004]
 [0.008]
 ...
 [0.   ]
 [0.   ]
 [0.   ]]","[[23. ]
 [23. ]
 [23. ]
 ...
 [23.3]
 [23.3]
 [23.3]]",['2C charge and 1C discharge']
"[[array(['2022-10-12,10:44:48'], dtype='<U19')]
 [array(['2022-10-12,10:44:49'], dtype='<U19')]
 [array(['2022-10-12,10:44:50'], dtype='<U19')]
 ...
 [array(['2022-10-12,12:42:37'], dtype='<U19')]
 [array(['2022-10-12,12:42:38'], dtype='<U19')]
 [array(['2022-10-12,12:42:38'], dtype='<U19')]]","[[0.   ]
 [0.017]
 [0.034]
 ...
 [4.99 ]
 [5.   ]
 [5.   ]]","[[3.495 ]
 [3.5293]
 [3.5447]
 ...
 [3.3142]
 [3.314 ]
 [3.3145]]","[[3.9991]
 [4.    ]
 [3.9999]
 ...
 [0.    ]
 [0.    ]
 [0.    ]]","[[0.   ]
 [0.001]
 [0.002]
 ...
 [0.   ]
 [0.   ]
 [0.   ]]","[[0.   ]
 [0.004]
 [0.008]
 ...
 [0.   ]
 [0.   ]
 [0.   ]]","[[23.3]
 [23.3]
 [23.2]
 ...
 [23. ]
 [23.1]
 [23.1]]",['2C charge and 1C discharge']
"[[array(['2022-10-12,12:42:39'], dtype='<U19')]
 [array(['2022-10-12,12:42:40'], dtype='<U19')]
 [array(['2022-10-12,12:42:41'], dtype='<U19')]
 ...
 [array(['2022-10-12,14:40:49'], dtype='<U19')]
 [array(['2022-10-12,14:40:49'], dtype='<U19')]
 [array(['2022-10-12,14:40:50'], dtype='<U19')]]","[[0.   ]
 [0.017]
 [0.033]
 ...
 [4.994]
 [5.   ]
 [5.   ]]","[[3.499 ]
 [3.5322]
 [3.5476]
 ...
 [3.3151]
 [3.3148]
 [3.3154]]","[[3.9991]
 [3.9999]
 [3.9999]
 ...
 [0.    ]
 [0.    ]
 [0.    ]]","[[0.   ]
 [0.001]
 [0.002]
 ...
 [0.   ]
 [0.   ]
 [0.   ]]","[[0.   ]
 [0.004]
 [0.008]
 ...
 [0.   ]
 [0.   ]
 [0.   ]]","[[23.]
 [23.]
 [23.]
 ...
 [23.]
 [23.]
 [23.]]",['2C charge and 1C discharge']
"[[array(['2022-10-12,14:40:51'], dtype='<U19')]
 [array(['2022-10-12,14:40:52'], dtype='<U19')]
 [array(['2022-10-12,14:40:53'], dtype='<U19')]
 ...
 [array(['2022-10-12,16:38:50'], dtype='<U19')]
 [array(['2022-10-12,16:38:51'], dtype='<U19')]
 [array(['2022-10-12,16:38:51'], dtype='<U19')]]","[[0.   ]
 [0.017]
 [0.034]
 ...
 [4.984]
 [5.   ]
 [5.   ]]","[[3.5012]
 [3.5336]
 [3.5488]
 ...
 [3.3177]
 [3.3172]
 [3.3172]]","[[3.9998]
 [3.9999]
 [3.9999]
 ...
 [0.    ]
 [0.    ]
 [0.    ]]","[[0.   ]
 [0.001]
 [0.002]
 ...
 [0.   ]
 [0.   ]
 [0.   ]]","[[0.   ]
 [0.004]
 [0.008]
 ...
 [0.   ]
 [0.   ]
 [0.   ]]","[[23. ]
 [23.1]
 [23. ]
 ...
 [22.9]
 [22.9]
 [22.9]]",['2C charge and 1C discharge']
"[[array(['2022-10-12,16:38:52'], dtype='<U19')]
 [array(['2022-10-12,16:38:53'], dtype='<U19')]
 [array(['2022-10-12,16:38:54'], dtype='<U19')]
 ...
 [array(['2022-10-12,18:36:59'], dtype='<U19')]
 [array(['2022-10-12,18:36:59'], dtype='<U19')]
 [array(['2022-10-12,18:36:59'], dtype='<U19')]]","[[0.   ]
 [0.017]
 [0.034]
 ...
 [4.995]
 [5.   ]
 [5.   ]]","[[3.5039]
 [3.5385]
 [3.5535]
 ...
 [3.3189]
 [3.3199]
 [3.3189]]","[[3.9998]
 [4.    ]
 [4.0001]
 ...
 [0.    ]
 [0.    ]
 [0.    ]]","[[0.   ]
 [0.001]
 [0.002]
 ...
 [0.   ]
 [0.   ]
 [0.   ]]","[[0.   ]
 [0.004]
 [0.008]
 ...
 [0.   ]
 [0.   ]
 [0.   ]]","[[22.9]
 [22.9]
 [22.9]
 ...
 [22.8]
 [22.8]
 [22.7]]",['2C charge and 1C discharge']
"[[array(['2022-10-12,18:37:00'], dtype='<U19')]
 [array(['2022-10-12,18:37:01'], dtype='<U19')]
 [array(['2022-10-12,18:37:02'], dtype='<U19')]
 ...
 [array(['2022-10-12,20:35:21'], dtype='<U19')]
 [array(['2022-10-12,20:35:22'], dtype='<U19')]
 [array(['2022-10-12,20:35:22'], dtype='<U19')]]","[[0.   ]
 [0.017]
 [0.033]
 ...
 [4.986]
 [5.001]
 [5.001]]","[[3.5059]
 [3.5395]
 [3.555 ]
 ...
 [3.3191]
 [3.3199]
 [3.32  ]]","[[3.9985]
 [3.9999]
 [4.0001]
 ...
 [0.    ]
 [0.    ]
 [0.    ]]","[[0.   ]
 [0.001]
 [0.002]
 ...
 [0.   ]
 [0.   ]
 [0.   ]]","[[0.   ]
 [0.004]
 [0.008]
 ...
 [0.   ]
 [0.   ]
 [0.   ]]","[[22.7]
 [22.8]
 [22.7]
 ...
 [22.8]
 [22.8]
 [22.8]]",['2C charge and 1C discharge']
"[[array(['2022-10-12,20:35:23'], dtype='<U19')]
 [array(['2022-10-12,20:35:24'], dtype='<U19')]
 [array(['2022-10-12,20:35:25'], dtype='<U19')]
 ...
 [array(['2022-10-12,22:33:42'], dtype='<U19')]
 [array(['2022-10-12,22:33:42'], dtype='<U19')]
 [array(['2022-10-12,22:33:42'], dtype='<U19')]]","[[0.   ]
 [0.017]
 [0.033]
 ...
 [4.992]
 [5.   ]
 [5.   ]]","[[3.507 ]
 [3.5408]
 [3.5551]
 ...
 [3.3211]
 [3.3202]
 [3.3208]]","[[3.9991]
 [4.0002]
 [4.    ]
 ...
 [0.    ]
 [0.    ]
 [0.    ]]","[[0.   ]
 [0.001]
 [0.002]
 ...
 [0.   ]
 [0.   ]
 [0.   ]]","[[0.   ]
 [0.004]
 [0.008]
 ...
 [0.   ]
 [0.   ]
 [0.   ]]","[[22.7]
 [22.7]
 [22.7]
 ...
 [22.7]
 [22.7]
 [22.7]]",['2C charge and 1C discharge']
"[[array(['2022-10-12,22:33:43'], dtype='<U19')]
 [array(['2022-10-12,22:33:44'], dtype='<U19')]
 [array(['2022-10-12,22:33:45'], dtype='<U19')]
 ...
 [array(['2022-10-13,00:32:00'], dtype='<U19')]
 [array(['2022-10-13,00:32:00'], dtype='<U19')]
 [array(['2022-10-13,00:32:00'], dtype='<U19')]]","[[0.   ]
 [0.017]
 [0.033]
 ...
 [4.989]
 [5.001]
 [5.001]]","[[3.5076]
 [3.5412]
 [3.557 ]
 ...
 [3.3206]
 [3.3197]
 [3.3199]]","[[3.9994]
 [4.    ]
 [4.0002]
 ...
 [0.    ]
 [0.    ]
 [0.    ]]","[[0.   ]
 [0.001]
 [0.002]
 ...
 [0.   ]
 [0.   ]
 [0.   ]]","[[0.   ]
 [0.004]
 [0.008]
 ...
 [0.   ]
 [0.   ]
 [0.   ]]","[[22.7]
 [22.7]
 [22.7]
 ...
 [22.7]
 [22.7]
 [22.7]]",['2C charge and 1C discharge']
"[[array(['2022-10-13,00:32:01'], dtype='<U19')]
 [array(['2022-10-13,00:32:02'], dtype='<U19')]
 [array(['2022-10-13,00:32:03'], dtype='<U19')]
 ...
 [array(['2022-10-13,02:30:15'], dtype='<U19')]
 [array(['2022-10-13,02:30:16'], dtype='<U19')]
 [array(['2022-10-13,02:30:16'], dtype='<U19')]]","[[0.   ]
 [0.017]
 [0.033]
 ...
 [5.   ]
 [5.   ]
 [5.   ]]","[[3.5096]
 [3.5413]
 [3.5558]
 ...
 [3.3215]
 [3.3209]
 [3.3214]]","[[4.0004]
 [3.9999]
 [3.9998]
 ...
 [0.    ]
 [0.    ]
 [0.    ]]","[[0.   ]
 [0.001]
 [0.002]
 ...
 [0.   ]
 [0.   ]
 [0.   ]]","[[0.   ]
 [0.004]
 [0.008]
 ...
 [0.   ]
 [0.   ]
 [0.   ]]","[[22.7]
 [22.7]
 [22.7]
 ...
 [22.7]
 [22.7]
 [22.7]]",['2C charge and 1C discharge']
"[[array(['2022-10-13,02:30:17'], dtype='<U19')]
 [array(['2022-10-13,02:30:18'], dtype='<U19')]
 [array(['2022-10-13,02:30:19'], dtype='<U19')]
 ...
 [array(['2022-10-13,04:28:32'], dtype='<U19')]
 [array(['2022-10-13,04:28:32'], dtype='<U19')]
 [array(['2022-10-13,04:28:32'], dtype='<U19')]]","[[0.   ]
 [0.017]
 [0.034]
 ...
 [4.991]
 [5.001]
 [5.001]]","[[3.5086]
 [3.5436]
 [3.5581]
 ...
 [3.3219]
 [3.3215]
 [3.3223]]","[[4.0001]
 [4.    ]
 [4.    ]
 ...
 [0.    ]
 [0.    ]
 [0.    ]]","[[0.   ]
 [0.001]
 [0.002]
 ...
 [0.   ]
 [0.   ]
 [0.   ]]","[[0.   ]
 [0.004]
 [0.008]
 ...
 [0.   ]
 [0.   ]
 [0.   ]]","[[22.7]
 [22.7]
 [22.7]
 ...
 [22.7]
 [22.7]
 [22.7]]",['2C charge and 1C discharge']
"[[array(['2022-10-13,04:28:33'], dtype='<U19')]
 [array(['2022-10-13,04:28:34'], dtype='<U19')]
 [array(['2022-10-13,04:28:35'], dtype='<U19')]
 ...
 [array(['2022-10-13,06:26:46'], dtype='<U19')]
 [array(['2022-10-13,06:26:47'], dtype='<U19')]
 [array(['2022-10-13,06:26:47'], dtype='<U19')]]","[[0.   ]
 [0.017]
 [0.033]
 ...
 [4.989]
 [5.001]
 [5.001]]","[[3.5087]
 [3.5428]
 [3.5576]
 ...
 [3.3225]
 [3.3234]
 [3.3231]]","[[3.9991]
 [3.9999]
 [3.9998]
 ...
 [0.    ]
 [0.    ]
 [0.    ]]","[[0.   ]
 [0.001]
 [0.002]
 ...
 [0.   ]
 [0.   ]
 [0.   ]]","[[0.   ]
 [0.004]
 [0.008]
 ...
 [0.   ]
 [0.   ]
 [0.   ]]","[[22.7]
 [22.7]
 [22.7]
 ...
 [22.7]
 [22.7]
 [22.7]]",['2C charge and 1C discharge']
"[[array(['2022-10-13,06:26:48'], dtype='<U19')]
 [array(['2022-10-13,06:26:49'], dtype='<U19')]
 [array(['2022-10-13,06:26:50'], dtype='<U19')]
 ...
 [array(['2022-10-13,08:25:05'], dtype='<U19')]
 [array(['2022-10-13,08:25:06'], dtype='<U19')]
 [array(['2022-10-13,08:25:06'], dtype='<U19')]]","[[0.   ]
 [0.017]
 [0.034]
 ...
 [4.988]
 [5.001]
 [5.001]]","[[3.5064]
 [3.5435]
 [3.5582]
 ...
 [3.3223]
 [3.324 ]
 [3.3235]]","[[3.9982]
 [4.    ]
 [3.9999]
 ...
 [0.    ]
 [0.    ]
 [0.    ]]","[[0.   ]
 [0.001]
 [0.002]
 ...
 [0.   ]
 [0.   ]
 [0.   ]]","[[0.   ]
 [0.004]
 [0.008]
 ...
 [0.   ]
 [0.   ]
 [0.   ]]","[[22.7]
 [22.7]
 [22.7]
 ...
 [22.7]
 [22.7]
 [22.7]]",['2C charge and 1C discharge']
"[[array(['2022-10-13,08:25:07'], dtype='<U19')]
 [array(['2022-10-13,08:25:08'], dtype='<U19')]
 [array(['2022-10-13,08:25:09'], dtype='<U19')]
 ...
 [array(['2022-10-13,10:23:21'], dtype='<U19')]
 [array(['2022-10-13,10:23:22'], dtype='<U19')]
 [array(['2022-10-13,10:23:22'], dtype='<U19')]]","[[0.   ]
 [0.017]
 [0.033]
 ...
 [4.995]
 [5.   ]
 [5.   ]]","[[3.5092]
 [3.5436]
 [3.5587]
 ...
 [3.3223]
 [3.3219]
 [3.3226]]","[[3.9991]
 [3.9998]
 [3.9999]
 ...
 [0.    ]
 [0.    ]
 [0.    ]]","[[0.   ]
 [0.001]
 [0.002]
 ...
 [0.   ]
 [0.   ]
 [0.   ]]","[[0.   ]
 [0.004]
 [0.008]
 ...
 [0.   ]
 [0.   ]
 [0.   ]]","[[22.7]
 [22.7]
 [22.7]
 ...
 [22.7]
 [22.7]
 [22.7]]",['2C charge and 1C discharge']
"[[array(['2022-10-13,10:23:23'], dtype='<U19')]
 [array(['2022-10-13,10:23:24'], dtype='<U19')]
 [array(['2022-10-13,10:23:25'], dtype='<U19')]
 ...
 [array(['2022-10-13,12:21:18'], dtype='<U19')]
 [array(['2022-10-13,12:21:18'], dtype='<U19')]
 [array(['2022-10-13,12:21:18'], dtype='<U19')]]","[[0.   ]
 [0.017]
 [0.033]
 ...
 [4.996]
 [5.   ]
 [5.   ]]","[[3.5093]
 [3.5427]
 [3.5584]
 ...
 [3.3232]
 [3.3232]
 [3.3229]]","[[3.9985]
 [3.9999]
 [3.9999]
 ...
 [0.    ]
 [0.    ]
 [0.    ]]","[[0.   ]
 [0.001]
 [0.002]
 ...
 [0.   ]
 [0.   ]
 [0.   ]]","[[0.   ]
 [0.004]
 [0.008]
 ...
 [0.   ]
 [0.   ]
 [0.   ]]","[[22.7]
 [22.7]
 [22.7]
 ...
 [22.7]
 [22.8]
 [22.8]]",['2C charge and 1C discharge']
"[[array(['2022-10-13,12:21:19'], dtype='<U19')]
 [array(['2022-10-13,12:21:20'], dtype='<U19')]
 [array(['2022-10-13,12:21:21'], dtype='<U19')]
 ...
 [array(['2022-10-13,14:19:19'], dtype='<U19')]
 [array(['2022-10-13,14:19:20'], dtype='<U19')]
 [array(['2022-10-13,14:19:20'], dtype='<U19')]]","[[0.   ]
 [0.017]
 [0.033]
 ...
 [4.99 ]
 [5.   ]
 [5.   ]]","[[3.5092]
 [3.5436]
 [3.5596]
 ...
 [3.3215]
 [3.3225]
 [3.3223]]","[[3.9998]
 [4.0001]
 [4.0002]
 ...
 [0.    ]
 [0.    ]
 [0.    ]]","[[0.   ]
 [0.001]
 [0.002]
 ...
 [0.   ]
 [0.   ]
 [0.   ]]","[[0.   ]
 [0.004]
 [0.008]
 ...
 [0.   ]
 [0.   ]
 [0.   ]]","[[22.7]
 [22.7]
 [22.7]
 ...
 [22.7]
 [22.7]
 [22.7]]",['2C charge and 1C discharge']
"[[array(['2022-10-13,14:19:21'], dtype='<U19')]
 [array(['2022-10-13,14:19:22'], dtype='<U19')]
 [array(['2022-10-13,14:19:23'], dtype='<U19')]
 ...
 [array(['2022-10-13,16:17:22'], dtype='<U19')]
 [array(['2022-10-13,16:17:22'], dtype='<U19')]
 [array(['2022-10-13,16:17:22'], dtype='<U19')]]","[[0.   ]
 [0.017]
 [0.034]
 ...
 [4.992]
 [5.   ]
 [5.   ]]","[[3.5095]
 [3.5438]
 [3.5604]
 ...
 [3.3235]
 [3.3226]
 [3.3228]]","[[3.9985]
 [4.    ]
 [4.0002]
 ...
 [0.    ]
 [0.    ]
 [0.    ]]","[[0.   ]
 [0.001]
 [0.002]
 ...
 [0.   ]
 [0.   ]
 [0.   ]]","[[0.   ]
 [0.004]
 [0.008]
 ...
 [0.   ]
 [0.   ]
 [0.   ]]","[[22.7]
 [22.7]
 [22.7]
 ...
 [22.8]
 [22.8]
 [22.8]]",['2C charge and 1C discharge']
"[[array(['2022-10-13,16:17:23'], dtype='<U19')]
 [array(['2022-10-13,16:17:24'], dtype='<U19')]
 [array(['2022-10-13,16:17:25'], dtype='<U19')]
 ...
 [array(['2022-10-13,18:15:13'], dtype='<U19')]
 [array(['2022-10-13,18:15:14'], dtype='<U19')]
 [array(['2022-10-13,18:15:14'], dtype='<U19')]]","[[0.   ]
 [0.017]
 [0.033]
 ...
 [4.987]
 [5.   ]
 [5.   ]]","[[3.509 ]
 [3.5442]
 [3.5602]
 ...
 [3.3235]
 [3.3237]
 [3.3226]]","[[3.9982]
 [4.0001]
 [4.0002]
 ...
 [0.    ]
 [0.    ]
 [0.    ]]","[[0.   ]
 [0.001]
 [0.002]
 ...
 [0.   ]
 [0.   ]
 [0.   ]]","[[0.   ]
 [0.004]
 [0.008]
 ...
 [0.   ]
 [0.   ]
 [0.   ]]","[[22.8]
 [22.8]
 [22.8]
 ...
 [22.8]
 [22.8]
 [22.8]]",['2C charge and 1C discharge']
"[[array(['2022-10-13,18:15:15'], dtype='<U19')]
 [array(['2022-10-13,18:15:16'], dtype='<U19')]
 [array(['2022-10-13,18:15:17'], dtype='<U19')]
 ...
 [array(['2022-10-13,20:13:12'], dtype='<U19')]
 [array(['2022-10-13,20:13:13'], dtype='<U19')]
 [array(['2022-10-13,20:13:13'], dtype='<U19')]]","[[0.   ]
 [0.017]
 [0.033]
 ...
 [4.985]
 [5.   ]
 [5.   ]]","[[3.5112]
 [3.5445]
 [3.5598]
 ...
 [3.3211]
 [3.3215]
 [3.3211]]","[[3.9985]
 [4.    ]
 [4.0001]
 ...
 [0.    ]
 [0.    ]
 [0.    ]]","[[0.   ]
 [0.001]
 [0.002]
 ...
 [0.   ]
 [0.   ]
 [0.   ]]","[[0.   ]
 [0.004]
 [0.008]
 ...
 [0.   ]
 [0.   ]
 [0.   ]]","[[22.8]
 [22.8]
 [22.8]
 ...
 [23. ]
 [23. ]
 [23. ]]",['2C charge and 1C discharge']
"[[array(['2022-10-13,20:13:14'], dtype='<U19')]
 [array(['2022-10-13,20:13:15'], dtype='<U19')]
 [array(['2022-10-13,20:13:16'], dtype='<U19')]
 ...
 [array(['2022-10-13,22:10:44'], dtype='<U19')]
 [array(['2022-10-13,22:10:45'], dtype='<U19')]
 [array(['2022-10-13,22:10:45'], dtype='<U19')]]","[[0.   ]
 [0.017]
 [0.033]
 ...
 [4.996]
 [5.001]
 [5.001]]","[[3.5073]
 [3.5422]
 [3.5565]
 ...
 [3.3202]
 [3.3205]
 [3.32  ]]","[[3.9985]
 [4.    ]
 [3.9999]
 ...
 [0.    ]
 [0.    ]
 [0.    ]]","[[0.   ]
 [0.001]
 [0.002]
 ...
 [0.   ]
 [0.   ]
 [0.   ]]","[[0.   ]
 [0.004]
 [0.008]
 ...
 [0.   ]
 [0.   ]
 [0.   ]]","[[23. ]
 [23. ]
 [23. ]
 ...
 [23.1]
 [23.1]
 [23.1]]",['2C charge and 1C discharge']
"[[array(['2022-10-13,22:10:46'], dtype='<U19')]
 [array(['2022-10-13,22:10:47'], dtype='<U19')]
 [array(['2022-10-13,22:10:48'], dtype='<U19')]
 ...
 [array(['2022-10-14,00:08:02'], dtype='<U19')]
 [array(['2022-10-14,00:08:03'], dtype='<U19')]
 [array(['2022-10-14,00:08:03'], dtype='<U19')]]","[[0.   ]
 [0.017]
 [0.033]
 ...
 [4.989]
 [5.001]
 [5.001]]","[[3.5067]
 [3.5407]
 [3.5561]
 ...
 [3.3217]
 [3.3217]
 [3.3217]]","[[3.9991]
 [3.9999]
 [4.0001]
 ...
 [0.    ]
 [0.    ]
 [0.    ]]","[[0.   ]
 [0.001]
 [0.002]
 ...
 [0.   ]
 [0.   ]
 [0.   ]]","[[0.   ]
 [0.004]
 [0.008]
 ...
 [0.   ]
 [0.   ]
 [0.   ]]","[[23.1]
 [23.1]
 [23.1]
 ...
 [23. ]
 [23. ]
 [22.9]]",['2C charge and 1C discharge']
"[[array(['2022-10-14,00:08:04'], dtype='<U19')]
 [array(['2022-10-14,00:08:05'], dtype='<U19')]
 [array(['2022-10-14,00:08:06'], dtype='<U19')]
 ...
 [array(['2022-10-14,02:05:45'], dtype='<U19')]
 [array(['2022-10-14,02:05:46'], dtype='<U19')]
 [array(['2022-10-14,02:05:46'], dtype='<U19')]]","[[0.   ]
 [0.017]
 [0.034]
 ...
 [4.986]
 [5.001]
 [5.001]]","[[3.5099]
 [3.5448]
 [3.5595]
 ...
 [3.3237]
 [3.3228]
 [3.3229]]","[[3.9994]
 [4.0002]
 [4.0001]
 ...
 [0.    ]
 [0.    ]
 [0.    ]]","[[0.   ]
 [0.001]
 [0.002]
 ...
 [0.   ]
 [0.   ]
 [0.   ]]","[[0.   ]
 [0.004]
 [0.008]
 ...
 [0.   ]
 [0.   ]
 [0.   ]]","[[23. ]
 [22.9]
 [23. ]
 ...
 [22.9]
 [22.9]
 [22.9]]",['2C charge and 1C discharge']
"[[array(['2022-10-14,02:05:47'], dtype='<U19')]
 [array(['2022-10-14,02:05:48'], dtype='<U19')]
 [array(['2022-10-14,02:05:49'], dtype='<U19')]
 ...
 [array(['2022-10-14,04:03:22'], dtype='<U19')]
 [array(['2022-10-14,04:03:22'], dtype='<U19')]
 [array(['2022-10-14,04:03:22'], dtype='<U19')]]","[[0.   ]
 [0.017]
 [0.034]
 ...
 [4.992]
 [5.   ]
 [5.   ]]","[[3.5101]
 [3.5475]
 [3.5618]
 ...
 [3.3251]
 [3.324 ]
 [3.3245]]","[[3.9982]
 [4.0002]
 [4.0002]
 ...
 [0.    ]
 [0.    ]
 [0.    ]]","[[0.   ]
 [0.001]
 [0.002]
 ...
 [0.   ]
 [0.   ]
 [0.   ]]","[[0.   ]
 [0.004]
 [0.008]
 ...
 [0.   ]
 [0.   ]
 [0.   ]]","[[22.8]
 [22.9]
 [22.8]
 ...
 [22.9]
 [22.9]
 [22.9]]",['2C charge and 1C discharge']
"[[array(['2022-10-14,04:03:23'], dtype='<U19')]
 [array(['2022-10-14,04:03:24'], dtype='<U19')]
 [array(['2022-10-14,04:03:25'], dtype='<U19')]
 ...
 [array(['2022-10-14,06:00:59'], dtype='<U19')]
 [array(['2022-10-14,06:00:59'], dtype='<U19')]
 [array(['2022-10-14,06:00:59'], dtype='<U19')]]","[[0.   ]
 [0.017]
 [0.033]
 ...
 [4.994]
 [5.001]
 [5.001]]","[[3.5118]
 [3.5481]
 [3.5628]
 ...
 [3.3257]
 [3.3243]
 [3.3243]]","[[3.9985]
 [4.0002]
 [4.0002]
 ...
 [0.    ]
 [0.    ]
 [0.    ]]","[[0.   ]
 [0.001]
 [0.002]
 ...
 [0.   ]
 [0.   ]
 [0.   ]]","[[0.   ]
 [0.004]
 [0.008]
 ...
 [0.   ]
 [0.   ]
 [0.   ]]","[[22.9]
 [22.8]
 [22.8]
 ...
 [22.9]
 [22.9]
 [22.9]]",['2C charge and 1C discharge']
"[[array(['2022-10-14,06:01:00'], dtype='<U19')]
 [array(['2022-10-14,06:01:01'], dtype='<U19')]
 [array(['2022-10-14,06:01:02'], dtype='<U19')]
 ...
 [array(['2022-10-14,07:58:32'], dtype='<U19')]
 [array(['2022-10-14,07:58:32'], dtype='<U19')]
 [array(['2022-10-14,07:58:32'], dtype='<U19')]]","[[0.   ]
 [0.017]
 [0.033]
 ...
 [5.   ]
 [5.001]
 [5.001]]","[[3.5147]
 [3.5461]
 [3.5615]
 ...
 [3.3246]
 [3.3263]
 [3.3254]]","[[4.0004]
 [3.9998]
 [3.9999]
 ...
 [0.    ]
 [0.    ]
 [0.    ]]","[[0.   ]
 [0.001]
 [0.002]
 ...
 [0.   ]
 [0.   ]
 [0.   ]]","[[0.   ]
 [0.004]
 [0.008]
 ...
 [0.   ]
 [0.   ]
 [0.   ]]","[[22.8]
 [22.8]
 [22.8]
 ...
 [22.9]
 [22.9]
 [22.9]]",['2C charge and 1C discharge']
"[[array(['2022-10-14,07:58:33'], dtype='<U19')]
 [array(['2022-10-14,07:58:34'], dtype='<U19')]
 [array(['2022-10-14,07:58:35'], dtype='<U19')]
 ...
 [array(['2022-10-14,09:56:05'], dtype='<U19')]
 [array(['2022-10-14,09:56:06'], dtype='<U19')]
 [array(['2022-10-14,09:56:06'], dtype='<U19')]]","[[0.   ]
 [0.017]
 [0.034]
 ...
 [4.985]
 [5.   ]
 [5.   ]]","[[3.5158]
 [3.5481]
 [3.5639]
 ...
 [3.3258]
 [3.3252]
 [3.3263]]","[[3.9985]
 [3.9999]
 [4.0002]
 ...
 [0.    ]
 [0.    ]
 [0.    ]]","[[0.   ]
 [0.001]
 [0.002]
 ...
 [0.   ]
 [0.   ]
 [0.   ]]","[[0.   ]
 [0.004]
 [0.008]
 ...
 [0.   ]
 [0.   ]
 [0.   ]]","[[22.9]
 [22.9]
 [22.9]
 ...
 [22.8]
 [22.8]
 [22.8]]",['2C charge and 1C discharge']
"[[array(['2022-10-14,09:56:07'], dtype='<U19')]
 [array(['2022-10-14,09:56:08'], dtype='<U19')]
 [array(['2022-10-14,09:56:09'], dtype='<U19')]
 ...
 [array(['2022-10-14,11:53:34'], dtype='<U19')]
 [array(['2022-10-14,11:53:34'], dtype='<U19')]
 [array(['2022-10-14,11:53:34'], dtype='<U19')]]","[[0.   ]
 [0.018]
 [0.034]
 ...
 [4.997]
 [5.   ]
 [5.   ]]","[[3.5158]
 [3.5492]
 [3.5651]
 ...
 [3.3257]
 [3.3243]
 [3.3251]]","[[4.0004]
 [4.0001]
 [4.0002]
 ...
 [0.    ]
 [0.    ]
 [0.    ]]","[[0.   ]
 [0.001]
 [0.002]
 ...
 [0.   ]
 [0.   ]
 [0.   ]]","[[0.   ]
 [0.004]
 [0.008]
 ...
 [0.   ]
 [0.   ]
 [0.   ]]","[[22.8]
 [22.8]
 [22.8]
 ...
 [22.8]
 [22.8]
 [22.8]]",['2C charge and 1C discharge']
"[[array(['2022-10-14,11:53:35'], dtype='<U19')]
 [array(['2022-10-14,11:53:36'], dtype='<U19')]
 [array(['2022-10-14,11:53:37'], dtype='<U19')]
 ...
 [array(['2022-10-14,13:50:57'], dtype='<U19')]
 [array(['2022-10-14,13:50:58'], dtype='<U19')]
 [array(['2022-10-14,13:50:58'], dtype='<U19')]]","[[0.   ]
 [0.017]
 [0.033]
 ...
 [4.986]
 [5.   ]
 [5.   ]]","[[3.5138]
 [3.5481]
 [3.5635]
 ...
 [3.3248]
 [3.3232]
 [3.3248]]","[[3.9991]
 [4.0001]
 [4.0002]
 ...
 [0.    ]
 [0.    ]
 [0.    ]]","[[0.   ]
 [0.001]
 [0.002]
 ...
 [0.   ]
 [0.   ]
 [0.   ]]","[[0.   ]
 [0.004]
 [0.008]
 ...
 [0.   ]
 [0.   ]
 [0.   ]]","[[22.8]
 [22.8]
 [22.8]
 ...
 [22.9]
 [23. ]
 [23. ]]",['2C charge and 1C discharge']
"[[array(['2022-10-14,13:50:59'], dtype='<U19')]
 [array(['2022-10-14,13:51:00'], dtype='<U19')]
 [array(['2022-10-14,13:51:01'], dtype='<U19')]
 ...
 [array(['2022-10-14,15:48:07'], dtype='<U19')]
 [array(['2022-10-14,15:48:08'], dtype='<U19')]
 [array(['2022-10-14,15:48:08'], dtype='<U19')]]","[[0.   ]
 [0.017]
 [0.033]
 ...
 [4.985]
 [5.001]
 [5.001]]","[[3.5138]
 [3.5464]
 [3.5625]
 ...
 [3.3209]
 [3.3219]
 [3.3212]]","[[4.0001]
 [3.9998]
 [4.0001]
 ...
 [0.    ]
 [0.    ]
 [0.    ]]","[[0.   ]
 [0.001]
 [0.002]
 ...
 [0.   ]
 [0.   ]
 [0.   ]]","[[0.   ]
 [0.004]
 [0.008]
 ...
 [0.   ]
 [0.   ]
 [0.   ]]","[[22.9]
 [22.9]
 [22.9]
 ...
 [23.2]
 [23.2]
 [23.2]]",['2C charge and 1C discharge']
"[[array(['2022-10-14,15:48:09'], dtype='<U19')]
 [array(['2022-10-14,15:48:10'], dtype='<U19')]
 [array(['2022-10-14,15:48:11'], dtype='<U19')]
 ...
 [array(['2022-10-14,17:44:53'], dtype='<U19')]
 [array(['2022-10-14,17:44:53'], dtype='<U19')]
 [array(['2022-10-14,17:44:53'], dtype='<U19')]]","[[0.   ]
 [0.017]
 [0.033]
 ...
 [4.996]
 [5.001]
 [5.001]]","[[3.509 ]
 [3.5442]
 [3.5587]
 ...
 [3.3242]
 [3.3234]
 [3.3231]]","[[3.9985]
 [4.0001]
 [4.    ]
 ...
 [0.    ]
 [0.    ]
 [0.    ]]","[[0.   ]
 [0.001]
 [0.002]
 ...
 [0.   ]
 [0.   ]
 [0.   ]]","[[0.   ]
 [0.004]
 [0.008]
 ...
 [0.   ]
 [0.   ]
 [0.   ]]","[[23.1]
 [23.1]
 [23.1]
 ...
 [23. ]
 [23. ]
 [23. ]]",['2C charge and 1C discharge']
"[[array(['2022-10-14,17:44:54'], dtype='<U19')]
 [array(['2022-10-14,17:44:55'], dtype='<U19')]
 [array(['2022-10-14,17:44:56'], dtype='<U19')]
 ...
 [array(['2022-10-14,19:42:12'], dtype='<U19')]
 [array(['2022-10-14,19:42:13'], dtype='<U19')]
 [array(['2022-10-14,19:42:13'], dtype='<U19')]]","[[0.   ]
 [0.017]
 [0.033]
 ...
 [4.989]
 [5.   ]
 [5.   ]]","[[3.5121]
 [3.5464]
 [3.5619]
 ...
 [3.3205]
 [3.32  ]
 [3.3212]]","[[4.0004]
 [4.    ]
 [4.0002]
 ...
 [0.    ]
 [0.    ]
 [0.    ]]","[[0.   ]
 [0.001]
 [0.002]
 ...
 [0.   ]
 [0.   ]
 [0.   ]]","[[0.   ]
 [0.004]
 [0.008]
 ...
 [0.   ]
 [0.   ]
 [0.   ]]","[[23. ]
 [23. ]
 [23. ]
 ...
 [23.3]
 [23.3]
 [23.3]]",['2C charge and 1C discharge']
"[[array(['2022-10-14,19:42:14'], dtype='<U19')]
 [array(['2022-10-14,19:42:15'], dtype='<U19')]
 [array(['2022-10-14,19:42:16'], dtype='<U19')]
 ...
 [array(['2022-10-14,21:38:57'], dtype='<U19')]
 [array(['2022-10-14,21:38:58'], dtype='<U19')]
 [array(['2022-10-14,21:38:58'], dtype='<U19')]]","[[0.   ]
 [0.017]
 [0.034]
 ...
 [4.987]
 [5.001]
 [5.001]]","[[3.5096]
 [3.5432]
 [3.5573]
 ...
 [3.3186]
 [3.3192]
 [3.3194]]","[[4.0001]
 [4.    ]
 [3.9999]
 ...
 [0.    ]
 [0.    ]
 [0.    ]]","[[0.   ]
 [0.001]
 [0.002]
 ...
 [0.   ]
 [0.   ]
 [0.   ]]","[[0.   ]
 [0.004]
 [0.008]
 ...
 [0.   ]
 [0.   ]
 [0.   ]]","[[23.3]
 [23.3]
 [23.3]
 ...
 [23.3]
 [23.3]
 [23.3]]",['2C charge and 1C discharge']
"[[array(['2022-10-14,21:38:59'], dtype='<U19')]
 [array(['2022-10-14,21:39:00'], dtype='<U19')]
 [array(['2022-10-14,21:39:01'], dtype='<U19')]
 ...
 [array(['2022-10-14,23:35:34'], dtype='<U19')]
 [array(['2022-10-14,23:35:34'], dtype='<U19')]
 [array(['2022-10-14,23:35:35'], dtype='<U19')]]","[[0.   ]
 [0.017]
 [0.033]
 ...
 [4.995]
 [5.   ]
 [5.   ]]","[[3.5061]
 [3.5405]
 [3.5559]
 ...
 [3.3225]
 [3.3215]
 [3.3225]]","[[3.9991]
 [3.9999]
 [3.9999]
 ...
 [0.    ]
 [0.    ]
 [0.    ]]","[[0.   ]
 [0.001]
 [0.002]
 ...
 [0.   ]
 [0.   ]
 [0.   ]]","[[0.   ]
 [0.004]
 [0.008]
 ...
 [0.   ]
 [0.   ]
 [0.   ]]","[[23.3]
 [23.3]
 [23.3]
 ...
 [23.2]
 [23.1]
 [23.1]]",['2C charge and 1C discharge']
"[[array(['2022-10-14,23:35:36'], dtype='<U19')]
 [array(['2022-10-14,23:35:37'], dtype='<U19')]
 [array(['2022-10-14,23:35:38'], dtype='<U19')]
 ...
 [array(['2022-10-15,01:32:29'], dtype='<U19')]
 [array(['2022-10-15,01:32:30'], dtype='<U19')]
 [array(['2022-10-15,01:32:30'], dtype='<U19')]]","[[0.   ]
 [0.017]
 [0.035]
 ...
 [4.985]
 [5.   ]
 [5.   ]]","[[3.5122]
 [3.5448]
 [3.5611]
 ...
 [3.3214]
 [3.3214]
 [3.3215]]","[[4.0001]
 [4.    ]
 [4.0001]
 ...
 [0.    ]
 [0.    ]
 [0.    ]]","[[0.   ]
 [0.001]
 [0.002]
 ...
 [0.   ]
 [0.   ]
 [0.   ]]","[[0.   ]
 [0.004]
 [0.008]
 ...
 [0.   ]
 [0.   ]
 [0.   ]]","[[23.1]
 [23.1]
 [23.1]
 ...
 [23.1]
 [23.1]
 [23.1]]",['2C charge and 1C discharge']
"[[array(['2022-10-15,01:32:31'], dtype='<U19')]
 [array(['2022-10-15,01:32:32'], dtype='<U19')]
 [array(['2022-10-15,01:32:33'], dtype='<U19')]
 ...
 [array(['2022-10-15,03:29:18'], dtype='<U19')]
 [array(['2022-10-15,03:29:19'], dtype='<U19')]
 [array(['2022-10-15,03:29:19'], dtype='<U19')]]","[[0.   ]
 [0.017]
 [0.033]
 ...
 [4.989]
 [5.001]
 [5.001]]","[[3.5122]
 [3.5465]
 [3.5605]
 ...
 [3.3212]
 [3.3228]
 [3.3222]]","[[4.0004]
 [4.0002]
 [3.9999]
 ...
 [0.    ]
 [0.    ]
 [0.    ]]","[[0.   ]
 [0.001]
 [0.002]
 ...
 [0.   ]
 [0.   ]
 [0.   ]]","[[0.   ]
 [0.004]
 [0.008]
 ...
 [0.   ]
 [0.   ]
 [0.   ]]","[[23.1]
 [23.1]
 [23. ]
 ...
 [23. ]
 [23. ]
 [23. ]]",['2C charge and 1C discharge']
"[[array(['2022-10-15,03:29:20'], dtype='<U19')]
 [array(['2022-10-15,03:29:21'], dtype='<U19')]
 [array(['2022-10-15,03:29:22'], dtype='<U19')]
 ...
 [array(['2022-10-15,05:26:11'], dtype='<U19')]
 [array(['2022-10-15,05:26:12'], dtype='<U19')]
 [array(['2022-10-15,05:26:12'], dtype='<U19')]]","[[0.   ]
 [0.017]
 [0.033]
 ...
 [4.991]
 [5.   ]
 [5.   ]]","[[3.5109]
 [3.5456]
 [3.5605]
 ...
 [3.3219]
 [3.3214]
 [3.3215]]","[[3.9985]
 [3.9999]
 [3.9999]
 ...
 [0.    ]
 [0.    ]
 [0.    ]]","[[0.   ]
 [0.001]
 [0.002]
 ...
 [0.   ]
 [0.   ]
 [0.   ]]","[[0.   ]
 [0.004]
 [0.008]
 ...
 [0.   ]
 [0.   ]
 [0.   ]]","[[23.]
 [23.]
 [23.]
 ...
 [23.]
 [23.]
 [23.]]",['2C charge and 1C discharge']
"[[array(['2022-10-15,05:26:13'], dtype='<U19')]
 [array(['2022-10-15,05:26:14'], dtype='<U19')]
 [array(['2022-10-15,05:26:15'], dtype='<U19')]
 ...
 [array(['2022-10-15,07:22:58'], dtype='<U19')]
 [array(['2022-10-15,07:22:59'], dtype='<U19')]
 [array(['2022-10-15,07:22:59'], dtype='<U19')]]","[[0.   ]
 [0.017]
 [0.034]
 ...
 [4.989]
 [5.   ]
 [5.   ]]","[[3.5127]
 [3.5455]
 [3.5619]
 ...
 [3.3232]
 [3.3234]
 [3.3234]]","[[3.9991]
 [3.9998]
 [4.    ]
 ...
 [0.    ]
 [0.    ]
 [0.    ]]","[[0.   ]
 [0.001]
 [0.002]
 ...
 [0.   ]
 [0.   ]
 [0.   ]]","[[0.   ]
 [0.004]
 [0.008]
 ...
 [0.   ]
 [0.   ]
 [0.   ]]","[[23. ]
 [23. ]
 [23. ]
 ...
 [23. ]
 [23.1]
 [23.1]]",['2C charge and 1C discharge']
"[[array(['2022-10-15,07:23:00'], dtype='<U19')]
 [array(['2022-10-15,07:23:01'], dtype='<U19')]
 [array(['2022-10-15,07:23:02'], dtype='<U19')]
 ...
 [array(['2022-10-15,09:19:37'], dtype='<U19')]
 [array(['2022-10-15,09:19:37'], dtype='<U19')]
 [array(['2022-10-15,09:19:37'], dtype='<U19')]]","[[0.   ]
 [0.017]
 [0.033]
 ...
 [4.991]
 [5.   ]
 [5.   ]]","[[3.511 ]
 [3.5465]
 [3.563 ]
 ...
 [3.3229]
 [3.3231]
 [3.3222]]","[[3.9985]
 [3.9999]
 [4.0002]
 ...
 [0.    ]
 [0.    ]
 [0.    ]]","[[0.   ]
 [0.001]
 [0.002]
 ...
 [0.   ]
 [0.   ]
 [0.   ]]","[[0.   ]
 [0.004]
 [0.008]
 ...
 [0.   ]
 [0.   ]
 [0.   ]]","[[23.1]
 [23. ]
 [23. ]
 ...
 [23. ]
 [23. ]
 [23. ]]",['2C charge and 1C discharge']
"[[array(['2022-10-15,09:19:38'], dtype='<U19')]
 [array(['2022-10-15,09:19:39'], dtype='<U19')]
 [array(['2022-10-15,09:19:40'], dtype='<U19')]
 ...
 [array(['2022-10-15,11:16:26'], dtype='<U19')]
 [array(['2022-10-15,11:16:26'], dtype='<U19')]
 [array(['2022-10-15,11:16:26'], dtype='<U19')]]","[[0.   ]
 [0.017]
 [0.033]
 ...
 [4.993]
 [5.   ]
 [5.   ]]","[[3.5121]
 [3.5462]
 [3.5616]
 ...
 [3.3175]
 [3.3183]
 [3.3177]]","[[4.0001]
 [3.9998]
 [3.9999]
 ...
 [0.    ]
 [0.    ]
 [0.    ]]","[[0.   ]
 [0.001]
 [0.002]
 ...
 [0.   ]
 [0.   ]
 [0.   ]]","[[0.   ]
 [0.004]
 [0.008]
 ...
 [0.   ]
 [0.   ]
 [0.   ]]","[[23. ]
 [23. ]
 [23. ]
 ...
 [23.4]
 [23.4]
 [23.4]]",['2C charge and 1C discharge']
"[[array(['2022-10-15,11:16:27'], dtype='<U19')]
 [array(['2022-10-15,11:16:28'], dtype='<U19')]
 [array(['2022-10-15,11:16:29'], dtype='<U19')]
 ...
 [array(['2022-10-15,13:12:56'], dtype='<U19')]
 [array(['2022-10-15,13:12:56'], dtype='<U19')]
 [array(['2022-10-15,13:12:56'], dtype='<U19')]]","[[0.   ]
 [0.017]
 [0.033]
 ...
 [4.996]
 [5.001]
 [5.001]]","[[3.5055]
 [3.5407]
 [3.5564]
 ...
 [3.3205]
 [3.3197]
 [3.3202]]","[[3.9991]
 [4.    ]
 [4.0001]
 ...
 [0.    ]
 [0.    ]
 [0.    ]]","[[0.   ]
 [0.001]
 [0.002]
 ...
 [0.   ]
 [0.   ]
 [0.   ]]","[[0.   ]
 [0.004]
 [0.008]
 ...
 [0.   ]
 [0.   ]
 [0.   ]]","[[23.4]
 [23.4]
 [23.4]
 ...
 [23.2]
 [23.2]
 [23.2]]",['2C charge and 1C discharge']
"[[array(['2022-10-15,13:12:57'], dtype='<U19')]
 [array(['2022-10-15,13:12:58'], dtype='<U19')]
 [array(['2022-10-15,13:12:59'], dtype='<U19')]
 ...
 [array(['2022-10-15,15:09:33'], dtype='<U19')]
 [array(['2022-10-15,15:09:34'], dtype='<U19')]
 [array(['2022-10-15,15:09:34'], dtype='<U19')]]","[[0.   ]
 [0.017]
 [0.033]
 ...
 [4.995]
 [5.   ]
 [5.   ]]","[[3.5112]
 [3.5439]
 [3.5599]
 ...
 [3.3195]
 [3.32  ]
 [3.3199]]","[[3.9994]
 [3.9999]
 [4.0001]
 ...
 [0.    ]
 [0.    ]
 [0.    ]]","[[0.   ]
 [0.001]
 [0.002]
 ...
 [0.   ]
 [0.   ]
 [0.   ]]","[[0.   ]
 [0.004]
 [0.008]
 ...
 [0.   ]
 [0.   ]
 [0.   ]]","[[23.2]
 [23.2]
 [23.1]
 ...
 [23.2]
 [23.3]
 [23.3]]",['2C charge and 1C discharge']
"[[array(['2022-10-15,15:09:35'], dtype='<U19')]
 [array(['2022-10-15,15:09:36'], dtype='<U19')]
 [array(['2022-10-15,15:09:37'], dtype='<U19')]
 ...
 [array(['2022-10-15,17:06:07'], dtype='<U19')]
 [array(['2022-10-15,17:06:07'], dtype='<U19')]
 [array(['2022-10-15,17:06:07'], dtype='<U19')]]","[[0.   ]
 [0.017]
 [0.034]
 ...
 [4.99 ]
 [5.   ]
 [5.   ]]","[[3.5089]
 [3.5439]
 [3.5588]
 ...
 [3.3195]
 [3.3188]
 [3.3191]]","[[3.9998]
 [4.    ]
 [3.9999]
 ...
 [0.    ]
 [0.    ]
 [0.    ]]","[[0.   ]
 [0.001]
 [0.002]
 ...
 [0.   ]
 [0.   ]
 [0.   ]]","[[0.   ]
 [0.004]
 [0.008]
 ...
 [0.   ]
 [0.   ]
 [0.   ]]","[[23.2]
 [23.2]
 [23.2]
 ...
 [23.3]
 [23.3]
 [23.3]]",['2C charge and 1C discharge']
"[[array(['2022-10-15,17:06:08'], dtype='<U19')]
 [array(['2022-10-15,17:06:09'], dtype='<U19')]
 [array(['2022-10-15,17:06:10'], dtype='<U19')]
 ...
 [array(['2022-10-15,19:02:31'], dtype='<U19')]
 [array(['2022-10-15,19:02:31'], dtype='<U19')]
 [array(['2022-10-15,19:02:31'], dtype='<U19')]]","[[0.   ]
 [0.017]
 [0.034]
 ...
 [4.99 ]
 [5.   ]
 [5.   ]]","[[3.5087]
 [3.5421]
 [3.559 ]
 ...
 [3.3194]
 [3.3195]
 [3.32  ]]","[[4.0001]
 [3.9999]
 [3.9999]
 ...
 [0.    ]
 [0.    ]
 [0.    ]]","[[0.   ]
 [0.001]
 [0.002]
 ...
 [0.   ]
 [0.   ]
 [0.   ]]","[[0.   ]
 [0.004]
 [0.008]
 ...
 [0.   ]
 [0.   ]
 [0.   ]]","[[23.3]
 [23.3]
 [23.3]
 ...
 [23.2]
 [23.3]
 [23.3]]",['2C charge and 1C discharge']
"[[array(['2022-10-15,19:02:32'], dtype='<U19')]
 [array(['2022-10-15,19:02:34'], dtype='<U19')]
 [array(['2022-10-15,19:02:35'], dtype='<U19')]
 ...
 [array(['2022-10-15,20:58:56'], dtype='<U19')]
 [array(['2022-10-15,20:58:57'], dtype='<U19')]
 [array(['2022-10-15,20:58:57'], dtype='<U19')]]","[[0.   ]
 [0.017]
 [0.034]
 ...
 [4.993]
 [5.   ]
 [5.   ]]","[[3.5099]
 [3.5456]
 [3.5602]
 ...
 [3.3186]
 [3.3186]
 [3.3183]]","[[3.9991]
 [4.    ]
 [3.9999]
 ...
 [0.    ]
 [0.    ]
 [0.    ]]","[[0.   ]
 [0.001]
 [0.002]
 ...
 [0.   ]
 [0.   ]
 [0.   ]]","[[0.   ]
 [0.004]
 [0.008]
 ...
 [0.   ]
 [0.   ]
 [0.   ]]","[[23.2]
 [23.2]
 [23.2]
 ...
 [23.3]
 [23.3]
 [23.3]]",['2C charge and 1C discharge']
"[[array(['2022-10-15,20:58:58'], dtype='<U19')]
 [array(['2022-10-15,20:58:59'], dtype='<U19')]
 [array(['2022-10-15,20:59:00'], dtype='<U19')]
 ...
 [array(['2022-10-15,22:55:13'], dtype='<U19')]
 [array(['2022-10-15,22:55:13'], dtype='<U19')]
 [array(['2022-10-15,22:55:13'], dtype='<U19')]]","[[0.   ]
 [0.017]
 [0.033]
 ...
 [4.999]
 [5.   ]
 [5.   ]]","[[3.5073]
 [3.5419]
 [3.5576]
 ...
 [3.3186]
 [3.3186]
 [3.3188]]","[[3.9994]
 [3.9999]
 [4.    ]
 ...
 [0.    ]
 [0.    ]
 [0.    ]]","[[0.   ]
 [0.001]
 [0.002]
 ...
 [0.   ]
 [0.   ]
 [0.   ]]","[[0.   ]
 [0.004]
 [0.008]
 ...
 [0.   ]
 [0.   ]
 [0.   ]]","[[23.3]
 [23.3]
 [23.2]
 ...
 [23.3]
 [23.3]
 [23.3]]",['2C charge and 1C discharge']
"[[array(['2022-10-15,22:55:14'], dtype='<U19')]
 [array(['2022-10-15,22:55:15'], dtype='<U19')]
 [array(['2022-10-15,22:55:16'], dtype='<U19')]
 ...
 [array(['2022-10-16,00:51:32'], dtype='<U19')]
 [array(['2022-10-16,00:51:33'], dtype='<U19')]
 [array(['2022-10-16,00:51:33'], dtype='<U19')]]","[[0.   ]
 [0.017]
 [0.034]
 ...
 [4.991]
 [5.001]
 [5.001]]","[[3.5069]
 [3.5436]
 [3.5588]
 ...
 [3.3188]
 [3.3189]
 [3.3189]]","[[3.9991]
 [4.0001]
 [4.0001]
 ...
 [0.    ]
 [0.    ]
 [0.    ]]","[[0.   ]
 [0.001]
 [0.002]
 ...
 [0.   ]
 [0.   ]
 [0.   ]]","[[0.   ]
 [0.004]
 [0.008]
 ...
 [0.   ]
 [0.   ]
 [0.   ]]","[[23.3]
 [23.3]
 [23.3]
 ...
 [23.3]
 [23.3]
 [23.3]]",['2C charge and 1C discharge']
"[[array(['2022-10-16,00:51:34'], dtype='<U19')]
 [array(['2022-10-16,00:51:35'], dtype='<U19')]
 [array(['2022-10-16,00:51:36'], dtype='<U19')]
 ...
 [array(['2022-10-16,02:47:45'], dtype='<U19')]
 [array(['2022-10-16,02:47:45'], dtype='<U19')]
 [array(['2022-10-16,02:47:45'], dtype='<U19')]]","[[0.   ]
 [0.017]
 [0.034]
 ...
 [4.991]
 [5.   ]
 [5.   ]]","[[3.5089]
 [3.5432]
 [3.5596]
 ...
 [3.3186]
 [3.3183]
 [3.3192]]","[[3.9998]
 [4.    ]
 [4.0001]
 ...
 [0.    ]
 [0.    ]
 [0.    ]]","[[0.   ]
 [0.001]
 [0.002]
 ...
 [0.   ]
 [0.   ]
 [0.   ]]","[[0.   ]
 [0.004]
 [0.008]
 ...
 [0.   ]
 [0.   ]
 [0.   ]]","[[23.3]
 [23.3]
 [23.3]
 ...
 [23.3]
 [23.3]
 [23.3]]",['2C charge and 1C discharge']
"[[array(['2022-10-16,02:47:46'], dtype='<U19')]
 [array(['2022-10-16,02:47:47'], dtype='<U19')]
 [array(['2022-10-16,02:47:48'], dtype='<U19')]
 ...
 [array(['2022-10-16,04:43:58'], dtype='<U19')]
 [array(['2022-10-16,04:43:59'], dtype='<U19')]
 [array(['2022-10-16,04:43:59'], dtype='<U19')]]","[[0.   ]
 [0.017]
 [0.033]
 ...
 [4.983]
 [5.001]
 [5.001]]","[[3.5064]
 [3.5428]
 [3.5585]
 ...
 [3.3182]
 [3.3183]
 [3.3191]]","[[3.9991]
 [3.9999]
 [4.    ]
 ...
 [0.    ]
 [0.    ]
 [0.    ]]","[[0.   ]
 [0.001]
 [0.002]
 ...
 [0.   ]
 [0.   ]
 [0.   ]]","[[0.   ]
 [0.004]
 [0.008]
 ...
 [0.   ]
 [0.   ]
 [0.   ]]","[[23.3]
 [23.3]
 [23.3]
 ...
 [23.3]
 [23.3]
 [23.3]]",['2C charge and 1C discharge']
"[[array(['2022-10-16,04:44:00'], dtype='<U19')]
 [array(['2022-10-16,04:44:01'], dtype='<U19')]
 [array(['2022-10-16,04:44:02'], dtype='<U19')]
 ...
 [array(['2022-10-16,06:40:05'], dtype='<U19')]
 [array(['2022-10-16,06:40:05'], dtype='<U19')]
 [array(['2022-10-16,06:40:05'], dtype='<U19')]]","[[0.   ]
 [0.017]
 [0.033]
 ...
 [4.996]
 [5.   ]
 [5.   ]]","[[3.5099]
 [3.5439]
 [3.559 ]
 ...
 [3.3192]
 [3.3192]
 [3.3197]]","[[3.9991]
 [3.9999]
 [3.9999]
 ...
 [0.    ]
 [0.    ]
 [0.    ]]","[[0.   ]
 [0.001]
 [0.002]
 ...
 [0.   ]
 [0.   ]
 [0.   ]]","[[0.   ]
 [0.004]
 [0.008]
 ...
 [0.   ]
 [0.   ]
 [0.   ]]","[[23.3]
 [23.3]
 [23.3]
 ...
 [23.3]
 [23.3]
 [23.3]]",['2C charge and 1C discharge']
"[[array(['2022-10-16,06:40:06'], dtype='<U19')]
 [array(['2022-10-16,06:40:07'], dtype='<U19')]
 [array(['2022-10-16,06:40:08'], dtype='<U19')]
 ...
 [array(['2022-10-16,08:36:11'], dtype='<U19')]
 [array(['2022-10-16,08:36:12'], dtype='<U19')]
 [array(['2022-10-16,08:36:12'], dtype='<U19')]]","[[0.   ]
 [0.017]
 [0.033]
 ...
 [4.986]
 [5.001]
 [5.001]]","[[3.5109]
 [3.5441]
 [3.5596]
 ...
 [3.3186]
 [3.3188]
 [3.3186]]","[[3.9994]
 [4.    ]
 [4.    ]
 ...
 [0.    ]
 [0.    ]
 [0.    ]]","[[0.   ]
 [0.001]
 [0.002]
 ...
 [0.   ]
 [0.   ]
 [0.   ]]","[[0.   ]
 [0.004]
 [0.008]
 ...
 [0.   ]
 [0.   ]
 [0.   ]]","[[23.3]
 [23.3]
 [23.3]
 ...
 [23.4]
 [23.3]
 [23.3]]",['2C charge and 1C discharge']
"[[array(['2022-10-16,08:36:13'], dtype='<U19')]
 [array(['2022-10-16,08:36:14'], dtype='<U19')]
 [array(['2022-10-16,08:36:15'], dtype='<U19')]
 ...
 [array(['2022-10-16,10:32:24'], dtype='<U19')]
 [array(['2022-10-16,10:32:24'], dtype='<U19')]
 [array(['2022-10-16,10:32:24'], dtype='<U19')]]","[[0.   ]
 [0.017]
 [0.034]
 ...
 [4.999]
 [5.   ]
 [5.   ]]","[[3.5087]
 [3.5444]
 [3.5596]
 ...
 [3.3152]
 [3.3152]
 [3.3152]]","[[3.9991]
 [4.    ]
 [4.    ]
 ...
 [0.    ]
 [0.    ]
 [0.    ]]","[[0.   ]
 [0.001]
 [0.002]
 ...
 [0.   ]
 [0.   ]
 [0.   ]]","[[0.   ]
 [0.004]
 [0.008]
 ...
 [0.   ]
 [0.   ]
 [0.   ]]","[[23.3]
 [23.3]
 [23.3]
 ...
 [23.7]
 [23.7]
 [23.7]]",['2C charge and 1C discharge']
"[[array(['2022-10-16,10:32:25'], dtype='<U19')]
 [array(['2022-10-16,10:32:26'], dtype='<U19')]
 [array(['2022-10-16,10:32:27'], dtype='<U19')]
 ...
 [array(['2022-10-16,12:27:54'], dtype='<U19')]
 [array(['2022-10-16,12:27:55'], dtype='<U19')]
 [array(['2022-10-16,12:27:55'], dtype='<U19')]]","[[0.   ]
 [0.017]
 [0.033]
 ...
 [4.996]
 [5.   ]
 [5.   ]]","[[3.5038]
 [3.539 ]
 [3.5544]
 ...
 [3.3092]
 [3.3094]
 [3.3094]]","[[3.9994]
 [4.    ]
 [4.    ]
 ...
 [0.    ]
 [0.    ]
 [0.    ]]","[[0.   ]
 [0.001]
 [0.002]
 ...
 [0.   ]
 [0.   ]
 [0.   ]]","[[0.   ]
 [0.004]
 [0.008]
 ...
 [0.   ]
 [0.   ]
 [0.   ]]","[[23.7]
 [23.7]
 [23.7]
 ...
 [24.1]
 [24.1]
 [24.1]]",['2C charge and 1C discharge']
"[[array(['2022-10-16,12:27:56'], dtype='<U19')]
 [array(['2022-10-16,12:27:57'], dtype='<U19')]
 [array(['2022-10-16,12:27:58'], dtype='<U19')]
 ...
 [array(['2022-10-16,14:23:04'], dtype='<U19')]
 [array(['2022-10-16,14:23:04'], dtype='<U19')]
 [array(['2022-10-16,14:23:04'], dtype='<U19')]]","[[0.   ]
 [0.017]
 [0.033]
 ...
 [4.996]
 [5.001]
 [5.001]]","[[3.4969]
 [3.5309]
 [3.5472]
 ...
 [3.3105]
 [3.3105]
 [3.3105]]","[[3.9994]
 [3.9999]
 [4.    ]
 ...
 [0.    ]
 [0.    ]
 [0.    ]]","[[0.   ]
 [0.001]
 [0.002]
 ...
 [0.   ]
 [0.   ]
 [0.   ]]","[[0.   ]
 [0.004]
 [0.008]
 ...
 [0.   ]
 [0.   ]
 [0.   ]]","[[24.1]
 [24.1]
 [24. ]
 ...
 [24. ]
 [24. ]
 [24. ]]",['2C charge and 1C discharge']
"[[array(['2022-10-16,14:23:05'], dtype='<U19')]
 [array(['2022-10-16,14:23:06'], dtype='<U19')]
 [array(['2022-10-16,14:23:07'], dtype='<U19')]
 ...
 [array(['2022-10-16,16:18:19'], dtype='<U19')]
 [array(['2022-10-16,16:18:19'], dtype='<U19')]
 [array(['2022-10-16,16:18:19'], dtype='<U19')]]","[[0.   ]
 [0.017]
 [0.034]
 ...
 [4.999]
 [5.   ]
 [5.   ]]","[[3.4999]
 [3.5335]
 [3.5495]
 ...
 [3.3112]
 [3.3112]
 [3.3112]]","[[3.9994]
 [4.    ]
 [3.9999]
 ...
 [0.    ]
 [0.    ]
 [0.    ]]","[[0.   ]
 [0.001]
 [0.002]
 ...
 [0.   ]
 [0.   ]
 [0.   ]]","[[0.   ]
 [0.004]
 [0.008]
 ...
 [0.   ]
 [0.   ]
 [0.   ]]","[[24. ]
 [23.9]
 [23.9]
 ...
 [23.9]
 [23.9]
 [23.9]]",['2C charge and 1C discharge']
"[[array(['2022-10-16,16:18:20'], dtype='<U19')]
 [array(['2022-10-16,16:18:21'], dtype='<U19')]
 [array(['2022-10-16,16:18:22'], dtype='<U19')]
 ...
 [array(['2022-10-16,18:13:46'], dtype='<U19')]
 [array(['2022-10-16,18:13:47'], dtype='<U19')]
 [array(['2022-10-16,18:13:47'], dtype='<U19')]]","[[0.   ]
 [0.017]
 [0.034]
 ...
 [4.993]
 [5.   ]
 [5.   ]]","[[3.4999]
 [3.5348]
 [3.5501]
 ...
 [3.3143]
 [3.3142]
 [3.3143]]","[[3.9994]
 [3.9999]
 [4.    ]
 ...
 [0.    ]
 [0.    ]
 [0.    ]]","[[0.   ]
 [0.001]
 [0.002]
 ...
 [0.   ]
 [0.   ]
 [0.   ]]","[[0.   ]
 [0.004]
 [0.008]
 ...
 [0.   ]
 [0.   ]
 [0.   ]]","[[23.9]
 [23.9]
 [23.9]
 ...
 [23.7]
 [23.7]
 [23.7]]",['2C charge and 1C discharge']
"[[array(['2022-10-16,18:13:48'], dtype='<U19')]
 [array(['2022-10-16,18:13:49'], dtype='<U19')]
 [array(['2022-10-16,18:13:50'], dtype='<U19')]
 ...
 [array(['2022-10-16,20:09:13'], dtype='<U19')]
 [array(['2022-10-16,20:09:13'], dtype='<U19')]
 [array(['2022-10-16,20:09:13'], dtype='<U19')]]","[[0.   ]
 [0.017]
 [0.034]
 ...
 [4.997]
 [5.   ]
 [5.   ]]","[[3.5036]
 [3.5385]
 [3.5553]
 ...
 [3.3142]
 [3.3142]
 [3.314 ]]","[[3.9994]
 [3.9999]
 [4.    ]
 ...
 [0.    ]
 [0.    ]
 [0.    ]]","[[0.   ]
 [0.001]
 [0.002]
 ...
 [0.   ]
 [0.   ]
 [0.   ]]","[[0.   ]
 [0.004]
 [0.008]
 ...
 [0.   ]
 [0.   ]
 [0.   ]]","[[23.6]
 [23.6]
 [23.6]
 ...
 [23.7]
 [23.7]
 [23.7]]",['2C charge and 1C discharge']
"[[array(['2022-10-16,20:09:14'], dtype='<U19')]
 [array(['2022-10-16,20:09:15'], dtype='<U19')]
 [array(['2022-10-16,20:09:16'], dtype='<U19')]
 ...
 [array(['2022-10-16,22:04:44'], dtype='<U19')]
 [array(['2022-10-16,22:04:45'], dtype='<U19')]
 [array(['2022-10-16,22:04:45'], dtype='<U19')]]","[[0.   ]
 [0.017]
 [0.033]
 ...
 [4.994]
 [5.   ]
 [5.   ]]","[[3.5038]
 [3.5392]
 [3.5548]
 ...
 [3.3146]
 [3.3148]
 [3.3146]]","[[3.9994]
 [3.9999]
 [4.    ]
 ...
 [0.    ]
 [0.    ]
 [0.    ]]","[[0.   ]
 [0.001]
 [0.002]
 ...
 [0.   ]
 [0.   ]
 [0.   ]]","[[0.   ]
 [0.004]
 [0.008]
 ...
 [0.   ]
 [0.   ]
 [0.   ]]","[[23.6]
 [23.7]
 [23.7]
 ...
 [23.6]
 [23.6]
 [23.6]]",['2C charge and 1C discharge']
"[[array(['2022-10-16,22:04:46'], dtype='<U19')]
 [array(['2022-10-16,22:04:47'], dtype='<U19')]
 [array(['2022-10-16,22:04:48'], dtype='<U19')]
 ...
 [array(['2022-10-17,00:00:10'], dtype='<U19')]
 [array(['2022-10-17,00:00:11'], dtype='<U19')]
 [array(['2022-10-17,00:00:11'], dtype='<U19')]]","[[0.   ]
 [0.017]
 [0.034]
 ...
 [4.987]
 [5.   ]
 [5.   ]]","[[3.5059]
 [3.5405]
 [3.5562]
 ...
 [3.3142]
 [3.3143]
 [3.3145]]","[[3.9994]
 [4.    ]
 [3.9999]
 ...
 [0.    ]
 [0.    ]
 [0.    ]]","[[0.   ]
 [0.001]
 [0.002]
 ...
 [0.   ]
 [0.   ]
 [0.   ]]","[[0.   ]
 [0.004]
 [0.008]
 ...
 [0.   ]
 [0.   ]
 [0.   ]]","[[23.6]
 [23.6]
 [23.6]
 ...
 [23.7]
 [23.7]
 [23.7]]",['2C charge and 1C discharge']
"[[array(['2022-10-17,00:00:12'], dtype='<U19')]
 [array(['2022-10-17,00:00:13'], dtype='<U19')]
 [array(['2022-10-17,00:00:14'], dtype='<U19')]
 ...
 [array(['2022-10-17,01:55:24'], dtype='<U19')]
 [array(['2022-10-17,01:55:24'], dtype='<U19')]
 [array(['2022-10-17,01:55:25'], dtype='<U19')]]","[[0.   ]
 [0.017]
 [0.033]
 ...
 [4.993]
 [5.001]
 [5.001]]","[[3.5053]
 [3.5392]
 [3.5553]
 ...
 [3.3163]
 [3.3165]
 [3.3165]]","[[3.9991]
 [3.9999]
 [4.    ]
 ...
 [0.    ]
 [0.    ]
 [0.    ]]","[[0.   ]
 [0.001]
 [0.002]
 ...
 [0.   ]
 [0.   ]
 [0.   ]]","[[0.   ]
 [0.004]
 [0.008]
 ...
 [0.   ]
 [0.   ]
 [0.   ]]","[[23.7]
 [23.6]
 [23.6]
 ...
 [23.5]
 [23.5]
 [23.5]]",['2C charge and 1C discharge']
"[[array(['2022-10-17,01:55:26'], dtype='<U19')]
 [array(['2022-10-17,01:55:27'], dtype='<U19')]
 [array(['2022-10-17,01:55:28'], dtype='<U19')]
 ...
 [array(['2022-10-17,03:50:41'], dtype='<U19')]
 [array(['2022-10-17,03:50:41'], dtype='<U19')]
 [array(['2022-10-17,03:50:41'], dtype='<U19')]]","[[0.   ]
 [0.017]
 [0.033]
 ...
 [4.991]
 [5.001]
 [5.001]]","[[3.5089]
 [3.5425]
 [3.5581]
 ...
 [3.3151]
 [3.3151]
 [3.3151]]","[[3.9991]
 [3.9999]
 [3.9999]
 ...
 [0.    ]
 [0.    ]
 [0.    ]]","[[0.   ]
 [0.001]
 [0.002]
 ...
 [0.   ]
 [0.   ]
 [0.   ]]","[[0.   ]
 [0.004]
 [0.008]
 ...
 [0.   ]
 [0.   ]
 [0.   ]]","[[23.5]
 [23.5]
 [23.5]
 ...
 [23.5]
 [23.5]
 [23.5]]",['2C charge and 1C discharge']
"[[array(['2022-10-17,03:50:42'], dtype='<U19')]
 [array(['2022-10-17,03:50:43'], dtype='<U19')]
 [array(['2022-10-17,03:50:44'], dtype='<U19')]
 ...
 [array(['2022-10-17,05:45:52'], dtype='<U19')]
 [array(['2022-10-17,05:45:52'], dtype='<U19')]
 [array(['2022-10-17,05:45:53'], dtype='<U19')]]","[[0.   ]
 [0.017]
 [0.033]
 ...
 [4.986]
 [5.   ]
 [5.   ]]","[[3.5082]
 [3.5413]
 [3.557 ]
 ...
 [3.3152]
 [3.3157]
 [3.3155]]","[[3.9994]
 [4.    ]
 [4.    ]
 ...
 [0.    ]
 [0.    ]
 [0.    ]]","[[0.   ]
 [0.001]
 [0.002]
 ...
 [0.   ]
 [0.   ]
 [0.   ]]","[[0.   ]
 [0.004]
 [0.008]
 ...
 [0.   ]
 [0.   ]
 [0.   ]]","[[23.5]
 [23.5]
 [23.5]
 ...
 [23.6]
 [23.6]
 [23.6]]",['2C charge and 1C discharge']
"[[array(['2022-10-17,05:45:54'], dtype='<U19')]
 [array(['2022-10-17,05:45:55'], dtype='<U19')]
 [array(['2022-10-17,05:45:56'], dtype='<U19')]
 ...
 [array(['2022-10-17,07:40:58'], dtype='<U19')]
 [array(['2022-10-17,07:40:59'], dtype='<U19')]
 [array(['2022-10-17,07:40:59'], dtype='<U19')]]","[[0.   ]
 [0.017]
 [0.033]
 ...
 [4.989]
 [5.   ]
 [5.   ]]","[[3.5058]
 [3.5415]
 [3.557 ]
 ...
 [3.3157]
 [3.3159]
 [3.3157]]","[[3.9994]
 [3.9999]
 [3.9999]
 ...
 [0.    ]
 [0.    ]
 [0.    ]]","[[0.   ]
 [0.001]
 [0.002]
 ...
 [0.   ]
 [0.   ]
 [0.   ]]","[[0.   ]
 [0.004]
 [0.008]
 ...
 [0.   ]
 [0.   ]
 [0.   ]]","[[23.5]
 [23.6]
 [23.6]
 ...
 [23.5]
 [23.6]
 [23.6]]",['2C charge and 1C discharge']
"[[array(['2022-10-17,07:41:00'], dtype='<U19')]
 [array(['2022-10-17,07:41:01'], dtype='<U19')]
 [array(['2022-10-17,07:41:02'], dtype='<U19')]
 ...
 [array(['2022-10-17,09:36:12'], dtype='<U19')]
 [array(['2022-10-17,09:36:12'], dtype='<U19')]
 [array(['2022-10-17,09:36:12'], dtype='<U19')]]","[[0.   ]
 [0.017]
 [0.034]
 ...
 [4.999]
 [5.001]
 [5.001]]","[[3.5086]
 [3.5422]
 [3.5585]
 ...
 [3.3122]
 [3.3123]
 [3.3123]]","[[3.9998]
 [4.    ]
 [4.    ]
 ...
 [0.    ]
 [0.    ]
 [0.    ]]","[[0.   ]
 [0.001]
 [0.002]
 ...
 [0.   ]
 [0.   ]
 [0.   ]]","[[0.   ]
 [0.004]
 [0.008]
 ...
 [0.   ]
 [0.   ]
 [0.   ]]","[[23.6]
 [23.5]
 [23.5]
 ...
 [23.9]
 [23.9]
 [23.9]]",['2C charge and 1C discharge']
"[[array(['2022-10-17,09:36:13'], dtype='<U19')]
 [array(['2022-10-17,09:36:14'], dtype='<U19')]
 [array(['2022-10-17,09:36:15'], dtype='<U19')]
 ...
 [array(['2022-10-17,11:30:56'], dtype='<U19')]
 [array(['2022-10-17,11:30:56'], dtype='<U19')]
 [array(['2022-10-17,11:30:56'], dtype='<U19')]]","[[0.   ]
 [0.017]
 [0.034]
 ...
 [4.999]
 [5.   ]
 [5.   ]]","[[3.5039]
 [3.5372]
 [3.553 ]
 ...
 [3.3057]
 [3.3059]
 [3.3057]]","[[3.9994]
 [3.9999]
 [4.    ]
 ...
 [0.    ]
 [0.    ]
 [0.    ]]","[[0.   ]
 [0.001]
 [0.002]
 ...
 [0.   ]
 [0.   ]
 [0.   ]]","[[0.   ]
 [0.004]
 [0.008]
 ...
 [0.   ]
 [0.   ]
 [0.   ]]","[[23.9]
 [23.9]
 [23.9]
 ...
 [24.3]
 [24.3]
 [24.3]]",['2C charge and 1C discharge']
"[[array(['2022-10-17,11:30:57'], dtype='<U19')]
 [array(['2022-10-17,11:30:58'], dtype='<U19')]
 [array(['2022-10-17,11:30:59'], dtype='<U19')]
 ...
 [array(['2022-10-17,13:25:15'], dtype='<U19')]
 [array(['2022-10-17,13:25:15'], dtype='<U19')]
 [array(['2022-10-17,13:25:15'], dtype='<U19')]]","[[0.   ]
 [0.017]
 [0.033]
 ...
 [4.992]
 [5.001]
 [5.001]]","[[3.4962]
 [3.5296]
 [3.5459]
 ...
 [3.3068]
 [3.3068]
 [3.3069]]","[[3.9994]
 [3.9999]
 [4.    ]
 ...
 [0.    ]
 [0.    ]
 [0.    ]]","[[0.   ]
 [0.001]
 [0.002]
 ...
 [0.   ]
 [0.   ]
 [0.   ]]","[[0.   ]
 [0.004]
 [0.008]
 ...
 [0.   ]
 [0.   ]
 [0.   ]]","[[24.3]
 [24.3]
 [24.3]
 ...
 [24.2]
 [24.2]
 [24.2]]",['2C charge and 1C discharge']
"[[array(['2022-10-17,13:25:16'], dtype='<U19')]
 [array(['2022-10-17,13:25:17'], dtype='<U19')]
 [array(['2022-10-17,13:25:18'], dtype='<U19')]
 ...
 [array(['2022-10-17,15:19:42'], dtype='<U19')]
 [array(['2022-10-17,15:19:42'], dtype='<U19')]
 [array(['2022-10-17,15:19:42'], dtype='<U19')]]","[[0.   ]
 [0.017]
 [0.033]
 ...
 [4.999]
 [5.001]
 [5.001]]","[[3.4964]
 [3.5315]
 [3.547 ]
 ...
 [3.3065]
 [3.3066]
 [3.3066]]","[[3.9994]
 [4.    ]
 [4.    ]
 ...
 [0.    ]
 [0.    ]
 [0.    ]]","[[0.   ]
 [0.001]
 [0.002]
 ...
 [0.   ]
 [0.   ]
 [0.   ]]","[[0.   ]
 [0.004]
 [0.008]
 ...
 [0.   ]
 [0.   ]
 [0.   ]]","[[24.3]
 [24.2]
 [24.2]
 ...
 [24.3]
 [24.3]
 [24.3]]",['2C charge and 1C discharge']
"[[array(['2022-10-17,15:19:43'], dtype='<U19')]
 [array(['2022-10-17,15:19:44'], dtype='<U19')]
 [array(['2022-10-17,15:19:45'], dtype='<U19')]
 ...
 [array(['2022-10-17,17:13:59'], dtype='<U19')]
 [array(['2022-10-17,17:14:00'], dtype='<U19')]
 [array(['2022-10-17,17:14:00'], dtype='<U19')]]","[[0.   ]
 [0.017]
 [0.033]
 ...
 [4.985]
 [5.   ]
 [5.   ]]","[[3.4979]
 [3.5307]
 [3.5464]
 ...
 [3.3068]
 [3.3069]
 [3.3069]]","[[3.9994]
 [3.9999]
 [4.    ]
 ...
 [0.    ]
 [0.    ]
 [0.    ]]","[[0.   ]
 [0.001]
 [0.002]
 ...
 [0.   ]
 [0.   ]
 [0.   ]]","[[0.   ]
 [0.004]
 [0.008]
 ...
 [0.   ]
 [0.   ]
 [0.   ]]","[[24.3]
 [24.3]
 [24.2]
 ...
 [24.2]
 [24.1]
 [24.1]]",['2C charge and 1C discharge']
"[[array(['2022-10-17,17:14:01'], dtype='<U19')]
 [array(['2022-10-17,17:14:02'], dtype='<U19')]
 [array(['2022-10-17,17:14:03'], dtype='<U19')]
 ...
 [array(['2022-10-17,19:08:17'], dtype='<U19')]
 [array(['2022-10-17,19:08:17'], dtype='<U19')]
 [array(['2022-10-17,19:08:17'], dtype='<U19')]]","[[0.   ]
 [0.017]
 [0.034]
 ...
 [4.995]
 [5.001]
 [5.001]]","[[3.497 ]
 [3.533 ]
 [3.5482]
 ...
 [3.3074]
 [3.3075]
 [3.3075]]","[[3.9994]
 [3.9999]
 [4.    ]
 ...
 [0.    ]
 [0.    ]
 [0.    ]]","[[0.   ]
 [0.001]
 [0.002]
 ...
 [0.   ]
 [0.   ]
 [0.   ]]","[[0.   ]
 [0.004]
 [0.008]
 ...
 [0.   ]
 [0.   ]
 [0.   ]]","[[24.1]
 [24.1]
 [24.1]
 ...
 [24.2]
 [24.2]
 [24.2]]",['2C charge and 1C discharge']
"[[array(['2022-10-17,19:08:18'], dtype='<U19')]
 [array(['2022-10-17,19:08:19'], dtype='<U19')]
 [array(['2022-10-17,19:08:20'], dtype='<U19')]
 ...
 [array(['2022-10-17,21:02:27'], dtype='<U19')]
 [array(['2022-10-17,21:02:28'], dtype='<U19')]
 [array(['2022-10-17,21:02:28'], dtype='<U19')]]","[[0.   ]
 [0.017]
 [0.033]
 ...
 [4.989]
 [5.   ]
 [5.   ]]","[[3.4989]
 [3.5321]
 [3.5484]
 ...
 [3.3091]
 [3.3091]
 [3.3092]]","[[3.9994]
 [3.9999]
 [4.    ]
 ...
 [0.    ]
 [0.    ]
 [0.    ]]","[[0.   ]
 [0.001]
 [0.002]
 ...
 [0.   ]
 [0.   ]
 [0.   ]]","[[0.   ]
 [0.004]
 [0.008]
 ...
 [0.   ]
 [0.   ]
 [0.   ]]","[[24.2]
 [24.2]
 [24.2]
 ...
 [24. ]
 [24. ]
 [24. ]]",['2C charge and 1C discharge']
"[[array(['2022-10-17,21:02:29'], dtype='<U19')]
 [array(['2022-10-17,21:02:30'], dtype='<U19')]
 [array(['2022-10-17,21:02:31'], dtype='<U19')]
 ...
 [array(['2022-10-17,22:56:56'], dtype='<U19')]
 [array(['2022-10-17,22:56:57'], dtype='<U19')]
 [array(['2022-10-17,22:56:57'], dtype='<U19')]]","[[0.   ]
 [0.017]
 [0.034]
 ...
 [4.997]
 [5.001]
 [5.001]]","[[3.5007]
 [3.5373]
 [3.5525]
 ...
 [3.3105]
 [3.3103]
 [3.3105]]","[[3.9994]
 [3.9999]
 [4.    ]
 ...
 [0.    ]
 [0.    ]
 [0.    ]]","[[0.   ]
 [0.001]
 [0.002]
 ...
 [0.   ]
 [0.   ]
 [0.   ]]","[[0.   ]
 [0.004]
 [0.008]
 ...
 [0.   ]
 [0.   ]
 [0.   ]]","[[24. ]
 [24. ]
 [24. ]
 ...
 [23.9]
 [23.9]
 [23.9]]",['2C charge and 1C discharge']
"[[array(['2022-10-17,22:56:58'], dtype='<U19')]
 [array(['2022-10-17,22:56:59'], dtype='<U19')]
 [array(['2022-10-17,22:57:00'], dtype='<U19')]
 ...
 [array(['2022-10-18,00:51:27'], dtype='<U19')]
 [array(['2022-10-18,00:51:27'], dtype='<U19')]
 [array(['2022-10-18,00:51:27'], dtype='<U19')]]","[[0.   ]
 [0.017]
 [0.033]
 ...
 [4.998]
 [5.   ]
 [5.   ]]","[[3.5007]
 [3.5373]
 [3.5531]
 ...
 [3.3125]
 [3.3125]
 [3.3125]]","[[3.9991]
 [4.    ]
 [4.    ]
 ...
 [0.    ]
 [0.    ]
 [0.    ]]","[[0.   ]
 [0.001]
 [0.002]
 ...
 [0.   ]
 [0.   ]
 [0.   ]]","[[0.   ]
 [0.004]
 [0.008]
 ...
 [0.   ]
 [0.   ]
 [0.   ]]","[[23.8]
 [23.8]
 [23.8]
 ...
 [23.8]
 [23.8]
 [23.8]]",['2C charge and 1C discharge']
"[[array(['2022-10-18,00:51:28'], dtype='<U19')]
 [array(['2022-10-18,00:51:29'], dtype='<U19')]
 [array(['2022-10-18,00:51:30'], dtype='<U19')]
 ...
 [array(['2022-10-18,02:46:02'], dtype='<U19')]
 [array(['2022-10-18,02:46:03'], dtype='<U19')]
 [array(['2022-10-18,02:46:03'], dtype='<U19')]]","[[0.   ]
 [0.017]
 [0.033]
 ...
 [4.992]
 [5.   ]
 [5.   ]]","[[3.5056]
 [3.5395]
 [3.5561]
 ...
 [3.3125]
 [3.3126]
 [3.3125]]","[[3.9994]
 [3.9999]
 [4.    ]
 ...
 [0.    ]
 [0.    ]
 [0.    ]]","[[0.   ]
 [0.001]
 [0.002]
 ...
 [0.   ]
 [0.   ]
 [0.   ]]","[[0.   ]
 [0.004]
 [0.008]
 ...
 [0.   ]
 [0.   ]
 [0.   ]]","[[23.8]
 [23.8]
 [23.7]
 ...
 [23.7]
 [23.7]
 [23.7]]",['2C charge and 1C discharge']
"[[array(['2022-10-18,02:46:04'], dtype='<U19')]
 [array(['2022-10-18,02:46:05'], dtype='<U19')]
 [array(['2022-10-18,02:46:06'], dtype='<U19')]
 ...
 [array(['2022-10-18,04:40:32'], dtype='<U19')]
 [array(['2022-10-18,04:40:32'], dtype='<U19')]
 [array(['2022-10-18,04:40:32'], dtype='<U19')]]","[[0.   ]
 [0.017]
 [0.033]
 ...
 [4.998]
 [5.001]
 [5.001]]","[[3.5032]
 [3.5392]
 [3.5561]
 ...
 [3.3135]
 [3.3135]
 [3.3139]]","[[3.9991]
 [3.9999]
 [4.    ]
 ...
 [0.    ]
 [0.    ]
 [0.    ]]","[[0.   ]
 [0.001]
 [0.002]
 ...
 [0.   ]
 [0.   ]
 [0.   ]]","[[0.   ]
 [0.004]
 [0.008]
 ...
 [0.   ]
 [0.   ]
 [0.   ]]","[[23.7]
 [23.7]
 [23.7]
 ...
 [23.7]
 [23.7]
 [23.7]]",['2C charge and 1C discharge']
"[[array(['2022-10-18,04:40:33'], dtype='<U19')]
 [array(['2022-10-18,04:40:34'], dtype='<U19')]
 [array(['2022-10-18,04:40:35'], dtype='<U19')]
 ...
 [array(['2022-10-18,06:34:55'], dtype='<U19')]
 [array(['2022-10-18,06:34:56'], dtype='<U19')]
 [array(['2022-10-18,06:34:56'], dtype='<U19')]]","[[0.   ]
 [0.017]
 [0.034]
 ...
 [4.984]
 [5.   ]
 [5.   ]]","[[3.5064]
 [3.5419]
 [3.5582]
 ...
 [3.3134]
 [3.3135]
 [3.3135]]","[[3.9994]
 [3.9999]
 [3.9999]
 ...
 [0.    ]
 [0.    ]
 [0.    ]]","[[0.   ]
 [0.001]
 [0.002]
 ...
 [0.   ]
 [0.   ]
 [0.   ]]","[[0.   ]
 [0.004]
 [0.008]
 ...
 [0.   ]
 [0.   ]
 [0.   ]]","[[23.7]
 [23.7]
 [23.6]
 ...
 [23.7]
 [23.7]
 [23.7]]",['2C charge and 1C discharge']
"[[array(['2022-10-18,06:34:57'], dtype='<U19')]
 [array(['2022-10-18,06:34:58'], dtype='<U19')]
 [array(['2022-10-18,06:34:59'], dtype='<U19')]
 ...
 [array(['2022-10-18,08:29:21'], dtype='<U19')]
 [array(['2022-10-18,08:29:21'], dtype='<U19')]
 [array(['2022-10-18,08:29:21'], dtype='<U19')]]","[[0.   ]
 [0.017]
 [0.034]
 ...
 [5.   ]
 [5.   ]
 [5.   ]]","[[3.5078]
 [3.5425]
 [3.5587]
 ...
 [3.3134]
 [3.3134]
 [3.3134]]","[[3.9994]
 [4.    ]
 [4.    ]
 ...
 [0.    ]
 [0.    ]
 [0.    ]]","[[0.   ]
 [0.001]
 [0.002]
 ...
 [0.   ]
 [0.   ]
 [0.   ]]","[[0.   ]
 [0.004]
 [0.008]
 ...
 [0.   ]
 [0.   ]
 [0.   ]]","[[23.7]
 [23.7]
 [23.7]
 ...
 [23.6]
 [23.6]
 [23.6]]",['2C charge and 1C discharge']
"[[array(['2022-10-18,08:29:22'], dtype='<U19')]
 [array(['2022-10-18,08:29:23'], dtype='<U19')]
 [array(['2022-10-18,08:29:24'], dtype='<U19')]
 ...
 [array(['2022-10-18,10:23:39'], dtype='<U19')]
 [array(['2022-10-18,10:23:40'], dtype='<U19')]
 [array(['2022-10-18,10:23:40'], dtype='<U19')]]","[[0.   ]
 [0.017]
 [0.034]
 ...
 [4.983]
 [5.   ]
 [5.   ]]","[[3.5072]
 [3.5425]
 [3.5588]
 ...
 [3.3083]
 [3.3085]
 [3.3085]]","[[3.9994]
 [3.9999]
 [3.9999]
 ...
 [0.    ]
 [0.    ]
 [0.    ]]","[[0.   ]
 [0.001]
 [0.002]
 ...
 [0.   ]
 [0.   ]
 [0.   ]]","[[0.   ]
 [0.004]
 [0.008]
 ...
 [0.   ]
 [0.   ]
 [0.   ]]","[[23.7]
 [23.6]
 [23.6]
 ...
 [24.1]
 [24. ]
 [24.1]]",['2C charge and 1C discharge']
"[[array(['2022-10-18,10:23:41'], dtype='<U19')]
 [array(['2022-10-18,10:23:42'], dtype='<U19')]
 [array(['2022-10-18,10:23:43'], dtype='<U19')]
 ...
 [array(['2022-10-18,12:17:28'], dtype='<U19')]
 [array(['2022-10-18,12:17:29'], dtype='<U19')]
 [array(['2022-10-18,12:17:29'], dtype='<U19')]]","[[0.   ]
 [0.017]
 [0.034]
 ...
 [4.984]
 [5.   ]
 [5.   ]]","[[3.5001]
 [3.5356]
 [3.5519]
 ...
 [3.3049]
 [3.3051]
 [3.3051]]","[[3.9994]
 [3.9999]
 [4.    ]
 ...
 [0.    ]
 [0.    ]
 [0.    ]]","[[0.   ]
 [0.001]
 [0.002]
 ...
 [0.   ]
 [0.   ]
 [0.   ]]","[[0.   ]
 [0.004]
 [0.008]
 ...
 [0.   ]
 [0.   ]
 [0.   ]]","[[24. ]
 [24. ]
 [24. ]
 ...
 [24.3]
 [24.3]
 [24.3]]",['2C charge and 1C discharge']
"[[array(['2022-10-18,12:17:30'], dtype='<U19')]
 [array(['2022-10-18,12:17:31'], dtype='<U19')]
 [array(['2022-10-18,12:17:32'], dtype='<U19')]
 ...
 [array(['2022-10-18,14:11:00'], dtype='<U19')]
 [array(['2022-10-18,14:11:00'], dtype='<U19')]
 [array(['2022-10-18,14:11:00'], dtype='<U19')]]","[[0.   ]
 [0.018]
 [0.035]
 ...
 [5.   ]
 [5.   ]
 [5.   ]]","[[3.4976]
 [3.5335]
 [3.5485]
 ...
 [3.3059]
 [3.3057]
 [3.3057]]","[[3.9991]
 [4.    ]
 [4.    ]
 ...
 [0.    ]
 [0.    ]
 [0.    ]]","[[0.   ]
 [0.001]
 [0.002]
 ...
 [0.   ]
 [0.   ]
 [0.   ]]","[[0.   ]
 [0.004]
 [0.008]
 ...
 [0.   ]
 [0.   ]
 [0.   ]]","[[24.3]
 [24.3]
 [24.3]
 ...
 [24.1]
 [24.2]
 [24.2]]",['2C charge and 1C discharge']
"[[array(['2022-10-18,14:11:01'], dtype='<U19')]
 [array(['2022-10-18,14:11:02'], dtype='<U19')]
 [array(['2022-10-18,14:11:03'], dtype='<U19')]
 ...
 [array(['2022-10-18,16:04:29'], dtype='<U19')]
 [array(['2022-10-18,16:04:30'], dtype='<U19')]
 [array(['2022-10-18,16:04:30'], dtype='<U19')]]","[[0.   ]
 [0.017]
 [0.034]
 ...
 [4.983]
 [5.001]
 [5.001]]","[[3.4978]
 [3.533 ]
 [3.5493]
 ...
 [3.304 ]
 [3.3045]
 [3.3042]]","[[3.9994]
 [4.    ]
 [4.    ]
 ...
 [0.    ]
 [0.    ]
 [0.    ]]","[[0.   ]
 [0.001]
 [0.002]
 ...
 [0.   ]
 [0.   ]
 [0.   ]]","[[0.   ]
 [0.004]
 [0.008]
 ...
 [0.   ]
 [0.   ]
 [0.   ]]","[[24.1]
 [24.1]
 [24.1]
 ...
 [24.2]
 [24.2]
 [24.1]]",['2C charge and 1C discharge']
"[[array(['2022-10-18,16:04:31'], dtype='<U19')]
 [array(['2022-10-18,16:04:32'], dtype='<U19')]
 [array(['2022-10-18,16:04:33'], dtype='<U19')]
 ...
 [array(['2022-10-18,17:58:03'], dtype='<U19')]
 [array(['2022-10-18,17:58:03'], dtype='<U19')]
 [array(['2022-10-18,17:58:03'], dtype='<U19')]]","[[0.   ]
 [0.017]
 [0.034]
 ...
 [4.996]
 [5.   ]
 [5.   ]]","[[3.4938]
 [3.5318]
 [3.5482]
 ...
 [3.3066]
 [3.3068]
 [3.3066]]","[[3.9994]
 [4.    ]
 [4.    ]
 ...
 [0.    ]
 [0.    ]
 [0.    ]]","[[0.   ]
 [0.001]
 [0.002]
 ...
 [0.   ]
 [0.   ]
 [0.   ]]","[[0.   ]
 [0.004]
 [0.008]
 ...
 [0.   ]
 [0.   ]
 [0.   ]]","[[24.1]
 [24.1]
 [24.1]
 ...
 [24. ]
 [24. ]
 [24. ]]",['2C charge and 1C discharge']
"[[array(['2022-10-18,17:58:04'], dtype='<U19')]
 [array(['2022-10-18,17:58:05'], dtype='<U19')]
 [array(['2022-10-18,17:58:06'], dtype='<U19')]
 ...
 [array(['2022-10-18,19:51:35'], dtype='<U19')]
 [array(['2022-10-18,19:51:35'], dtype='<U19')]
 [array(['2022-10-18,19:51:35'], dtype='<U19')]]","[[0.   ]
 [0.017]
 [0.034]
 ...
 [5.   ]
 [5.   ]
 [5.   ]]","[[3.4996]
 [3.5355]
 [3.5513]
 ...
 [3.3046]
 [3.3046]
 [3.3046]]","[[3.9994]
 [4.    ]
 [4.    ]
 ...
 [0.    ]
 [0.    ]
 [0.    ]]","[[0.   ]
 [0.001]
 [0.002]
 ...
 [0.   ]
 [0.   ]
 [0.   ]]","[[0.   ]
 [0.004]
 [0.008]
 ...
 [0.   ]
 [0.   ]
 [0.   ]]","[[24. ]
 [24. ]
 [24. ]
 ...
 [24.2]
 [24.2]
 [24.2]]",['2C charge and 1C discharge']
"[[array(['2022-10-18,19:51:36'], dtype='<U19')]
 [array(['2022-10-18,19:51:37'], dtype='<U19')]
 [array(['2022-10-18,19:51:38'], dtype='<U19')]
 ...
 [array(['2022-10-18,21:44:43'], dtype='<U19')]
 [array(['2022-10-18,21:44:44'], dtype='<U19')]
 [array(['2022-10-18,21:44:44'], dtype='<U19')]]","[[0.   ]
 [0.017]
 [0.034]
 ...
 [4.996]
 [5.   ]
 [5.   ]]","[[3.497 ]
 [3.5328]
 [3.5492]
 ...
 [3.3046]
 [3.3048]
 [3.3046]]","[[3.9994]
 [4.    ]
 [4.    ]
 ...
 [0.    ]
 [0.    ]
 [0.    ]]","[[0.   ]
 [0.001]
 [0.002]
 ...
 [0.   ]
 [0.   ]
 [0.   ]]","[[0.   ]
 [0.004]
 [0.008]
 ...
 [0.   ]
 [0.   ]
 [0.   ]]","[[24.1]
 [24.1]
 [24.1]
 ...
 [24. ]
 [24. ]
 [24. ]]",['2C charge and 1C discharge']
"[[array(['2022-10-18,21:44:45'], dtype='<U19')]
 [array(['2022-10-18,21:44:46'], dtype='<U19')]
 [array(['2022-10-18,21:44:47'], dtype='<U19')]
 ...
 [array(['2022-10-18,23:37:47'], dtype='<U19')]
 [array(['2022-10-18,23:37:47'], dtype='<U19')]
 [array(['2022-10-18,23:37:47'], dtype='<U19')]]","[[0.   ]
 [0.017]
 [0.034]
 ...
 [4.998]
 [5.001]
 [5.001]]","[[3.4984]
 [3.5339]
 [3.5499]
 ...
 [3.3068]
 [3.3068]
 [3.3066]]","[[3.9994]
 [3.9999]
 [4.    ]
 ...
 [0.    ]
 [0.    ]
 [0.    ]]","[[0.   ]
 [0.001]
 [0.002]
 ...
 [0.   ]
 [0.   ]
 [0.   ]]","[[0.   ]
 [0.004]
 [0.008]
 ...
 [0.   ]
 [0.   ]
 [0.   ]]","[[24. ]
 [24. ]
 [24. ]
 ...
 [23.9]
 [23.9]
 [23.9]]",['2C charge and 1C discharge']
"[[array(['2022-10-18,23:37:48'], dtype='<U19')]
 [array(['2022-10-18,23:37:49'], dtype='<U19')]
 [array(['2022-10-18,23:37:50'], dtype='<U19')]
 ...
 [array(['2022-10-19,01:30:47'], dtype='<U19')]
 [array(['2022-10-19,01:30:47'], dtype='<U19')]
 [array(['2022-10-19,01:30:47'], dtype='<U19')]]","[[0.   ]
 [0.017]
 [0.034]
 ...
 [5.   ]
 [5.   ]
 [5.   ]]","[[3.5015]
 [3.5368]
 [3.5533]
 ...
 [3.3082]
 [3.3083]
 [3.3083]]","[[3.9994]
 [3.9999]
 [4.    ]
 ...
 [0.    ]
 [0.    ]
 [0.    ]]","[[0.   ]
 [0.001]
 [0.002]
 ...
 [0.   ]
 [0.   ]
 [0.   ]]","[[0.   ]
 [0.004]
 [0.008]
 ...
 [0.   ]
 [0.   ]
 [0.   ]]","[[23.9]
 [23.8]
 [23.9]
 ...
 [23.7]
 [23.7]
 [23.7]]",['2C charge and 1C discharge']
"[[array(['2022-10-19,01:30:48'], dtype='<U19')]
 [array(['2022-10-19,01:30:49'], dtype='<U19')]
 [array(['2022-10-19,01:30:50'], dtype='<U19')]
 ...
 [array(['2022-10-19,03:23:36'], dtype='<U19')]
 [array(['2022-10-19,03:23:36'], dtype='<U19')]
 [array(['2022-10-19,03:23:36'], dtype='<U19')]]","[[0.   ]
 [0.017]
 [0.034]
 ...
 [4.999]
 [5.   ]
 [5.   ]]","[[3.5019]
 [3.5392]
 [3.5558]
 ...
 [3.3085]
 [3.3086]
 [3.3086]]","[[3.9994]
 [3.9999]
 [4.    ]
 ...
 [0.    ]
 [0.    ]
 [0.    ]]","[[0.   ]
 [0.001]
 [0.002]
 ...
 [0.   ]
 [0.   ]
 [0.   ]]","[[0.   ]
 [0.004]
 [0.008]
 ...
 [0.   ]
 [0.   ]
 [0.   ]]","[[23.7]
 [23.7]
 [23.7]
 ...
 [23.8]
 [23.8]
 [23.8]]",['2C charge and 1C discharge']
"[[array(['2022-10-19,03:23:37'], dtype='<U19')]
 [array(['2022-10-19,03:23:38'], dtype='<U19')]
 [array(['2022-10-19,03:23:39'], dtype='<U19')]
 ...
 [array(['2022-10-19,05:16:32'], dtype='<U19')]
 [array(['2022-10-19,05:16:32'], dtype='<U19')]
 [array(['2022-10-19,05:16:32'], dtype='<U19')]]","[[0.   ]
 [0.017]
 [0.034]
 ...
 [5.   ]
 [5.001]
 [5.001]]","[[3.5041]
 [3.5395]
 [3.5561]
 ...
 [3.3089]
 [3.3089]
 [3.3091]]","[[3.9991]
 [3.9999]
 [4.    ]
 ...
 [0.    ]
 [0.    ]
 [0.    ]]","[[0.   ]
 [0.001]
 [0.002]
 ...
 [0.   ]
 [0.   ]
 [0.   ]]","[[0.   ]
 [0.004]
 [0.008]
 ...
 [0.   ]
 [0.   ]
 [0.   ]]","[[23.8]
 [23.7]
 [23.7]
 ...
 [23.7]
 [23.7]
 [23.7]]",['2C charge and 1C discharge']
"[[array(['2022-10-19,05:16:33'], dtype='<U19')]
 [array(['2022-10-19,05:16:34'], dtype='<U19')]
 [array(['2022-10-19,05:16:35'], dtype='<U19')]
 ...
 [array(['2022-10-19,07:09:23'], dtype='<U19')]
 [array(['2022-10-19,07:09:23'], dtype='<U19')]
 [array(['2022-10-19,07:09:23'], dtype='<U19')]]","[[0.   ]
 [0.017]
 [0.034]
 ...
 [4.999]
 [5.001]
 [5.001]]","[[3.5049]
 [3.5402]
 [3.5568]
 ...
 [3.3099]
 [3.3102]
 [3.3099]]","[[3.9994]
 [4.    ]
 [4.    ]
 ...
 [0.    ]
 [0.    ]
 [0.    ]]","[[0.   ]
 [0.001]
 [0.002]
 ...
 [0.   ]
 [0.   ]
 [0.   ]]","[[0.   ]
 [0.004]
 [0.008]
 ...
 [0.   ]
 [0.   ]
 [0.   ]]","[[23.7]
 [23.7]
 [23.7]
 ...
 [23.7]
 [23.7]
 [23.7]]",['2C charge and 1C discharge']
"[[array(['2022-10-19,07:09:24'], dtype='<U19')]
 [array(['2022-10-19,07:09:25'], dtype='<U19')]
 [array(['2022-10-19,07:09:26'], dtype='<U19')]
 ...
 [array(['2022-10-19,09:02:16'], dtype='<U19')]
 [array(['2022-10-19,09:02:16'], dtype='<U19')]
 [array(['2022-10-19,09:02:16'], dtype='<U19')]]","[[0.   ]
 [0.017]
 [0.034]
 ...
 [4.998]
 [5.   ]
 [5.   ]]","[[3.5039]
 [3.5419]
 [3.5581]
 ...
 [3.31  ]
 [3.3103]
 [3.3102]]","[[3.9994]
 [3.9999]
 [3.9999]
 ...
 [0.    ]
 [0.    ]
 [0.    ]]","[[0.   ]
 [0.001]
 [0.002]
 ...
 [0.   ]
 [0.   ]
 [0.   ]]","[[0.   ]
 [0.004]
 [0.008]
 ...
 [0.   ]
 [0.   ]
 [0.   ]]","[[23.7]
 [23.7]
 [23.7]
 ...
 [23.7]
 [23.7]
 [23.7]]",['2C charge and 1C discharge']
"[[array(['2022-10-19,09:02:17'], dtype='<U19')]
 [array(['2022-10-19,09:02:18'], dtype='<U19')]
 [array(['2022-10-19,09:02:19'], dtype='<U19')]
 ...
 [array(['2022-10-19,10:55:16'], dtype='<U19')]
 [array(['2022-10-19,10:55:16'], dtype='<U19')]
 [array(['2022-10-19,10:55:16'], dtype='<U19')]]","[[0.   ]
 [0.017]
 [0.034]
 ...
 [4.999]
 [5.   ]
 [5.   ]]","[[3.5076]
 [3.5422]
 [3.5588]
 ...
 [3.3032]
 [3.3031]
 [3.3031]]","[[3.9994]
 [3.9999]
 [4.    ]
 ...
 [0.    ]
 [0.    ]
 [0.    ]]","[[0.   ]
 [0.001]
 [0.002]
 ...
 [0.   ]
 [0.   ]
 [0.   ]]","[[0.   ]
 [0.004]
 [0.008]
 ...
 [0.   ]
 [0.   ]
 [0.   ]]","[[23.7]
 [23.7]
 [23.7]
 ...
 [24.1]
 [24.1]
 [24.1]]",['2C charge and 1C discharge']
"[[array(['2022-10-19,10:55:17'], dtype='<U19')]
 [array(['2022-10-19,10:55:18'], dtype='<U19')]
 [array(['2022-10-19,10:55:19'], dtype='<U19')]
 ...
 [array(['2022-10-19,12:47:07'], dtype='<U19')]
 [array(['2022-10-19,12:47:07'], dtype='<U19')]
 [array(['2022-10-19,12:47:07'], dtype='<U19')]]","[[0.   ]
 [0.017]
 [0.034]
 ...
 [4.999]
 [5.   ]
 [5.   ]]","[[3.4964]
 [3.5324]
 [3.5492]
 ...
 [3.2992]
 [3.2994]
 [3.2994]]","[[3.9994]
 [3.9999]
 [4.    ]
 ...
 [0.    ]
 [0.    ]
 [0.    ]]","[[0.   ]
 [0.001]
 [0.002]
 ...
 [0.   ]
 [0.   ]
 [0.   ]]","[[0.   ]
 [0.004]
 [0.008]
 ...
 [0.   ]
 [0.   ]
 [0.   ]]","[[24.1]
 [24.1]
 [24.1]
 ...
 [24.3]
 [24.3]
 [24.3]]",['2C charge and 1C discharge']
"[[array(['2022-10-19,12:47:08'], dtype='<U19')]
 [array(['2022-10-19,12:47:09'], dtype='<U19')]
 [array(['2022-10-19,12:47:10'], dtype='<U19')]
 ...
 [array(['2022-10-19,14:38:46'], dtype='<U19')]
 [array(['2022-10-19,14:38:46'], dtype='<U19')]
 [array(['2022-10-19,14:38:46'], dtype='<U19')]]","[[0.   ]
 [0.017]
 [0.034]
 ...
 [4.999]
 [5.   ]
 [5.   ]]","[[3.4929]
 [3.5285]
 [3.5455]
 ...
 [3.2999]
 [3.2999]
 [3.2999]]","[[3.9994]
 [3.9999]
 [4.    ]
 ...
 [0.    ]
 [0.    ]
 [0.    ]]","[[0.   ]
 [0.001]
 [0.002]
 ...
 [0.   ]
 [0.   ]
 [0.   ]]","[[0.   ]
 [0.004]
 [0.008]
 ...
 [0.   ]
 [0.   ]
 [0.   ]]","[[24.3]
 [24.3]
 [24.3]
 ...
 [24.3]
 [24.3]
 [24.3]]",['2C charge and 1C discharge']
"[[array(['2022-10-19,14:38:47'], dtype='<U19')]
 [array(['2022-10-19,14:38:48'], dtype='<U19')]
 [array(['2022-10-19,14:38:49'], dtype='<U19')]
 ...
 [array(['2022-10-19,16:30:29'], dtype='<U19')]
 [array(['2022-10-19,16:30:29'], dtype='<U19')]
 [array(['2022-10-19,16:30:29'], dtype='<U19')]]","[[0.   ]
 [0.017]
 [0.034]
 ...
 [4.996]
 [5.   ]
 [5.   ]]","[[3.4927]
 [3.5307]
 [3.5472]
 ...
 [3.2999]
 [3.3   ]
 [3.3   ]]","[[3.9994]
 [3.9999]
 [4.    ]
 ...
 [0.    ]
 [0.    ]
 [0.    ]]","[[0.   ]
 [0.001]
 [0.002]
 ...
 [0.   ]
 [0.   ]
 [0.   ]]","[[0.   ]
 [0.004]
 [0.008]
 ...
 [0.   ]
 [0.   ]
 [0.   ]]","[[24.3]
 [24.3]
 [24.3]
 ...
 [24.3]
 [24.3]
 [24.3]]",['2C charge and 1C discharge']
"[[array(['2022-10-19,16:30:30'], dtype='<U19')]
 [array(['2022-10-19,16:30:31'], dtype='<U19')]
 [array(['2022-10-19,16:30:32'], dtype='<U19')]
 ...
 [array(['2022-10-19,18:22:08'], dtype='<U19')]
 [array(['2022-10-19,18:22:08'], dtype='<U19')]
 [array(['2022-10-19,18:22:08'], dtype='<U19')]]","[[0.   ]
 [0.017]
 [0.034]
 ...
 [4.988]
 [5.   ]
 [5.   ]]","[[3.4946]
 [3.5301]
 [3.5467]
 ...
 [3.3042]
 [3.3042]
 [3.3045]]","[[3.9994]
 [3.9999]
 [3.9999]
 ...
 [0.    ]
 [0.    ]
 [0.    ]]","[[0.   ]
 [0.001]
 [0.002]
 ...
 [0.   ]
 [0.   ]
 [0.   ]]","[[0.   ]
 [0.004]
 [0.008]
 ...
 [0.   ]
 [0.   ]
 [0.   ]]","[[24.3]
 [24.2]
 [24.3]
 ...
 [24.1]
 [24.1]
 [24.1]]",['2C charge and 1C discharge']
