2026-09-12 16:39:09,977 - INFO - ==================================================
2026-09-12 16:39:09,977 - INFO - Starting FusionMLP Training for [XJTU] - [R3]
2026-09-12 16:39:09,977 - INFO - Device: cuda | Epochs: 2000 | LR: 0.020000 | Mono Weight: 0.4000 | Knee Feature: True
2026-09-12 16:39:09,977 - INFO - ==================================================
2026-09-12 16:39:10,052 - INFO - Data Splits: Train=5, Val=1, Test=2
2026-09-12 16:39:10,134 - INFO - Epoch [   1/2000] LR: 0.006726 | Train Loss: 0.142230 (Data: 0.14221, Mono: 0.00006) | Val MSE: 0.026532 (RMSE: 0.1629) [BEST]
2026-09-12 16:39:10,173 - INFO - Epoch [   2/2000] LR: 0.007184 | Train Loss: 0.090647 (Data: 0.09062, Mono: 0.00006) | Val MSE: 0.001703 (RMSE: 0.0413) [BEST]
2026-09-12 16:39:10,246 - INFO - Epoch [   4/2000] LR: 0.008099 | Train Loss: 0.051991 (Data: 0.05197, Mono: 0.00005) | Val MSE: 0.000916 (RMSE: 0.0303) [BEST]
2026-09-12 16:39:10,354 - INFO - Epoch [   7/2000] LR: 0.009472 | Train Loss: 0.027040 (Data: 0.02702, Mono: 0.00005) | Val MSE: 0.000575 (RMSE: 0.0240) [BEST]
2026-09-12 16:39:10,426 - INFO - Epoch [   9/2000] LR: 0.010388 | Train Loss: 0.019507 (Data: 0.01949, Mono: 0.00004) | Val MSE: 0.000567 (RMSE: 0.0238) [BEST]
2026-09-12 16:39:10,463 - INFO - Epoch [  10/2000] LR: 0.010845 | Train Loss: 0.018042 (Data: 0.01803, Mono: 0.00003) | Val MSE: 0.001007 (RMSE: 0.0317) 
2026-09-12 16:39:10,502 - INFO - Epoch [  11/2000] LR: 0.011303 | Train Loss: 0.015867 (Data: 0.01585, Mono: 0.00003) | Val MSE: 0.000564 (RMSE: 0.0237) [BEST]
2026-09-12 16:39:10,541 - INFO - Epoch [  12/2000] LR: 0.011761 | Train Loss: 0.013670 (Data: 0.01366, Mono: 0.00003) | Val MSE: 0.000450 (RMSE: 0.0212) [BEST]
2026-09-12 16:39:10,653 - INFO - Epoch [  15/2000] LR: 0.013134 | Train Loss: 0.009563 (Data: 0.00955, Mono: 0.00002) | Val MSE: 0.000400 (RMSE: 0.0200) [BEST]
2026-09-12 16:39:10,857 - INFO - Epoch [  20/2000] LR: 0.015423 | Train Loss: 0.005993 (Data: 0.00599, Mono: 0.00002) | Val MSE: 0.000570 (RMSE: 0.0239) 
2026-09-12 16:39:11,215 - INFO - Epoch [  30/2000] LR: 0.020000 | Train Loss: 0.003394 (Data: 0.00339, Mono: 0.00001) | Val MSE: 0.001832 (RMSE: 0.0428) 
2026-09-12 16:39:11,583 - INFO - Epoch [  40/2000] LR: 0.019999 | Train Loss: 0.001905 (Data: 0.00190, Mono: 0.00001) | Val MSE: 0.000855 (RMSE: 0.0292) 
2026-09-12 16:39:11,953 - INFO - Epoch [  50/2000] LR: 0.019995 | Train Loss: 0.001429 (Data: 0.00143, Mono: 0.00001) | Val MSE: 0.000663 (RMSE: 0.0257) 
2026-09-12 16:39:12,327 - INFO - Epoch [  60/2000] LR: 0.019989 | Train Loss: 0.000969 (Data: 0.00097, Mono: 0.00000) | Val MSE: 0.000555 (RMSE: 0.0236) 
2026-09-12 16:39:12,689 - INFO - Epoch [  70/2000] LR: 0.019980 | Train Loss: 0.000798 (Data: 0.00080, Mono: 0.00000) | Val MSE: 0.000539 (RMSE: 0.0232) 
2026-09-12 16:39:13,080 - INFO - Epoch [  80/2000] LR: 0.019968 | Train Loss: 0.000706 (Data: 0.00070, Mono: 0.00000) | Val MSE: 0.000545 (RMSE: 0.0233) 
2026-09-12 16:39:13,467 - INFO - Epoch [  90/2000] LR: 0.019954 | Train Loss: 0.000671 (Data: 0.00067, Mono: 0.00000) | Val MSE: 0.000510 (RMSE: 0.0226) 
2026-09-12 16:39:13,656 - INFO - [*] Early stopping triggered at epoch 95. Best epoch was 15 with Val MSE: 0.000400
2026-09-12 16:39:13,656 - INFO - Training completed in 3.59s. Loading best checkpoint from epoch 15 for final test evaluation...
2026-09-12 16:39:13,706 - INFO - ==================================================
2026-09-12 16:39:13,706 - INFO - Test Results for [XJTU] - [R3] (Best Epoch 15):
2026-09-12 16:39:13,706 - INFO -   Test RMSE: 0.019572
2026-09-12 16:39:13,706 - INFO -   Test MAE:  0.016438
2026-09-12 16:39:13,706 - INFO -   Test MAPE: 1.731761
2026-09-12 16:39:13,706 - INFO -   Test MSE:  0.000383
2026-09-12 16:39:13,706 - INFO - ==================================================
2026-09-12 19:11:46,727 - INFO - ==================================================
2026-09-12 19:11:46,727 - INFO - Starting FusionMLP Training for [XJTU] - [R3]
2026-09-12 19:11:46,727 - INFO - Device: cuda | Epochs: 2000 | LR: 0.020000 | Mono Weight: 0.4000 | Knee Feature: True
2026-09-12 19:11:46,727 - INFO - ==================================================
2026-09-12 19:11:46,833 - INFO - Data Splits: Train=5, Val=1, Test=2
2026-09-12 19:11:46,896 - INFO - Epoch [   1/2000] LR: 0.006726 | Train Loss: 0.570631 (Data: 0.57062, Mono: 0.00004) | Val MSE: 0.068050 (RMSE: 0.2609) [BEST]
2026-09-12 19:11:46,999 - INFO - Epoch [   3/2000] LR: 0.007641 | Train Loss: 0.100527 (Data: 0.10050, Mono: 0.00007) | Val MSE: 0.021277 (RMSE: 0.1459) [BEST]
2026-09-12 19:11:47,047 - INFO - Epoch [   4/2000] LR: 0.008099 | Train Loss: 0.101550 (Data: 0.10153, Mono: 0.00006) | Val MSE: 0.003758 (RMSE: 0.0613) [BEST]
2026-09-12 19:11:47,138 - INFO - Epoch [   6/2000] LR: 0.009015 | Train Loss: 0.066573 (Data: 0.06655, Mono: 0.00006) | Val MSE: 0.001776 (RMSE: 0.0421) [BEST]
2026-09-12 19:11:47,319 - INFO - Epoch [  10/2000] LR: 0.010845 | Train Loss: 0.039487 (Data: 0.03947, Mono: 0.00005) | Val MSE: 0.000628 (RMSE: 0.0251) [BEST]
2026-09-12 19:11:47,408 - INFO - Epoch [  12/2000] LR: 0.011761 | Train Loss: 0.030398 (Data: 0.03038, Mono: 0.00004) | Val MSE: 0.000595 (RMSE: 0.0244) [BEST]
2026-09-12 19:11:47,451 - INFO - Epoch [  13/2000] LR: 0.012219 | Train Loss: 0.027718 (Data: 0.02770, Mono: 0.00004) | Val MSE: 0.000409 (RMSE: 0.0202) [BEST]
2026-09-12 19:11:47,739 - INFO - Epoch [  18/2000] LR: 0.014507 | Train Loss: 0.014653 (Data: 0.01464, Mono: 0.00003) | Val MSE: 0.000348 (RMSE: 0.0187) [BEST]
2026-09-12 19:11:47,834 - INFO - Epoch [  20/2000] LR: 0.015423 | Train Loss: 0.011527 (Data: 0.01152, Mono: 0.00003) | Val MSE: 0.000426 (RMSE: 0.0207) 
2026-09-12 19:11:48,298 - INFO - Epoch [  30/2000] LR: 0.020000 | Train Loss: 0.006258 (Data: 0.00625, Mono: 0.00002) | Val MSE: 0.001073 (RMSE: 0.0327) 
2026-09-12 19:11:48,751 - INFO - Epoch [  40/2000] LR: 0.019999 | Train Loss: 0.004481 (Data: 0.00448, Mono: 0.00001) | Val MSE: 0.000781 (RMSE: 0.0279) 
2026-09-12 19:11:49,210 - INFO - Epoch [  50/2000] LR: 0.019995 | Train Loss: 0.003654 (Data: 0.00365, Mono: 0.00001) | Val MSE: 0.000950 (RMSE: 0.0308) 
2026-09-12 19:11:49,670 - INFO - Epoch [  60/2000] LR: 0.019989 | Train Loss: 0.002793 (Data: 0.00279, Mono: 0.00001) | Val MSE: 0.000691 (RMSE: 0.0263) 
2026-09-12 19:11:50,143 - INFO - Epoch [  70/2000] LR: 0.019980 | Train Loss: 0.002486 (Data: 0.00248, Mono: 0.00001) | Val MSE: 0.000672 (RMSE: 0.0259) 
2026-09-12 19:11:50,602 - INFO - Epoch [  80/2000] LR: 0.019968 | Train Loss: 0.001951 (Data: 0.00195, Mono: 0.00001) | Val MSE: 0.000639 (RMSE: 0.0253) 
2026-09-12 19:11:51,124 - INFO - Epoch [  90/2000] LR: 0.019954 | Train Loss: 0.001743 (Data: 0.00174, Mono: 0.00001) | Val MSE: 0.000732 (RMSE: 0.0270) 
2026-09-12 19:11:51,498 - INFO - [*] Early stopping triggered at epoch 98. Best epoch was 18 with Val MSE: 0.000348
2026-09-12 19:11:51,499 - INFO - Training completed in 4.65s. Loading best checkpoint from epoch 18 for final test evaluation...
2026-09-12 19:11:51,522 - INFO - ==================================================
2026-09-12 19:11:51,522 - INFO - Test Results for [XJTU] - [R3] (Best Epoch 18):
2026-09-12 19:11:51,522 - INFO -   Test RMSE: 0.017854
2026-09-12 19:11:51,522 - INFO -   Test MAE:  0.015807
2026-09-12 19:11:51,522 - INFO -   Test MAPE: 1.681889
2026-09-12 19:11:51,522 - INFO -   Test MSE:  0.000319
2026-09-12 19:11:51,523 - INFO - ==================================================
2026-09-12 19:46:02,005 - INFO - ==================================================
2026-09-12 19:46:02,005 - INFO - Starting FusionMLP Training for [XJTU] - [R3]
2026-09-12 19:46:02,005 - INFO - Device: cuda | Epochs: 2000 | LR: 0.020000 | Mono Weight: 0.4000 | Knee Feature: True
2026-09-12 19:46:02,005 - INFO - ==================================================
2026-09-12 19:46:02,090 - INFO - Data Splits: Train=5, Val=1, Test=2
2026-09-12 19:46:02,172 - INFO - Epoch [   1/2000] LR: 0.006726 | Train Loss: 0.305026 (Data: 0.30500, Mono: 0.00006) | Val MSE: 0.162791 (RMSE: 0.4035) [BEST]
2026-09-12 19:46:02,217 - INFO - Epoch [   2/2000] LR: 0.007184 | Train Loss: 0.148124 (Data: 0.14809, Mono: 0.00007) | Val MSE: 0.007680 (RMSE: 0.0876) [BEST]
2026-09-12 19:46:02,354 - INFO - Epoch [   5/2000] LR: 0.008557 | Train Loss: 0.065400 (Data: 0.06537, Mono: 0.00006) | Val MSE: 0.007297 (RMSE: 0.0854) [BEST]
2026-09-12 19:46:02,402 - INFO - Epoch [   6/2000] LR: 0.009015 | Train Loss: 0.050114 (Data: 0.05009, Mono: 0.00005) | Val MSE: 0.005741 (RMSE: 0.0758) [BEST]
2026-09-12 19:46:02,450 - INFO - Epoch [   7/2000] LR: 0.009472 | Train Loss: 0.049983 (Data: 0.04996, Mono: 0.00005) | Val MSE: 0.000478 (RMSE: 0.0219) [BEST]
2026-09-12 19:46:02,581 - INFO - Epoch [  10/2000] LR: 0.010845 | Train Loss: 0.033772 (Data: 0.03375, Mono: 0.00004) | Val MSE: 0.000663 (RMSE: 0.0258) 
2026-09-12 19:46:02,761 - INFO - Epoch [  14/2000] LR: 0.012676 | Train Loss: 0.022367 (Data: 0.02235, Mono: 0.00004) | Val MSE: 0.000328 (RMSE: 0.0181) [BEST]
2026-09-12 19:46:03,018 - INFO - Epoch [  20/2000] LR: 0.015423 | Train Loss: 0.012737 (Data: 0.01273, Mono: 0.00003) | Val MSE: 0.000471 (RMSE: 0.0217) 
2026-09-12 19:46:03,433 - INFO - Epoch [  30/2000] LR: 0.020000 | Train Loss: 0.006071 (Data: 0.00606, Mono: 0.00002) | Val MSE: 0.000637 (RMSE: 0.0252) 
2026-09-12 19:46:03,854 - INFO - Epoch [  40/2000] LR: 0.019999 | Train Loss: 0.004205 (Data: 0.00420, Mono: 0.00002) | Val MSE: 0.001097 (RMSE: 0.0331) 
2026-09-12 19:46:04,323 - INFO - Epoch [  50/2000] LR: 0.019995 | Train Loss: 0.003379 (Data: 0.00337, Mono: 0.00001) | Val MSE: 0.000575 (RMSE: 0.0240) 
2026-09-12 19:46:04,770 - INFO - Epoch [  60/2000] LR: 0.019989 | Train Loss: 0.002638 (Data: 0.00263, Mono: 0.00001) | Val MSE: 0.000592 (RMSE: 0.0243) 
2026-09-12 19:46:05,208 - INFO - Epoch [  70/2000] LR: 0.019980 | Train Loss: 0.002147 (Data: 0.00214, Mono: 0.00001) | Val MSE: 0.000573 (RMSE: 0.0239) 
2026-09-12 19:46:05,641 - INFO - Epoch [  80/2000] LR: 0.019968 | Train Loss: 0.001674 (Data: 0.00167, Mono: 0.00001) | Val MSE: 0.000518 (RMSE: 0.0228) 
2026-09-12 19:46:06,083 - INFO - Epoch [  90/2000] LR: 0.019954 | Train Loss: 0.001551 (Data: 0.00155, Mono: 0.00001) | Val MSE: 0.000639 (RMSE: 0.0253) 
2026-09-12 19:46:06,507 - INFO - Epoch [ 100/2000] LR: 0.019938 | Train Loss: 0.001182 (Data: 0.00118, Mono: 0.00001) | Val MSE: 0.000675 (RMSE: 0.0260) 
2026-09-12 19:46:06,949 - INFO - Epoch [ 110/2000] LR: 0.019919 | Train Loss: 0.001215 (Data: 0.00121, Mono: 0.00001) | Val MSE: 0.000862 (RMSE: 0.0294) 
2026-09-12 19:46:07,379 - INFO - Epoch [ 120/2000] LR: 0.019897 | Train Loss: 0.000876 (Data: 0.00087, Mono: 0.00000) | Val MSE: 0.000354 (RMSE: 0.0188) 
2026-09-12 19:46:07,803 - INFO - Epoch [ 130/2000] LR: 0.019873 | Train Loss: 0.001001 (Data: 0.00100, Mono: 0.00000) | Val MSE: 0.000557 (RMSE: 0.0236) 
2026-09-12 19:46:08,263 - INFO - Epoch [ 140/2000] LR: 0.019847 | Train Loss: 0.000618 (Data: 0.00062, Mono: 0.00000) | Val MSE: 0.000386 (RMSE: 0.0196) 
2026-09-12 19:46:08,352 - INFO - Epoch [ 142/2000] LR: 0.019841 | Train Loss: 0.000890 (Data: 0.00089, Mono: 0.00000) | Val MSE: 0.000321 (RMSE: 0.0179) [BEST]
2026-09-12 19:46:08,399 - INFO - Epoch [ 143/2000] LR: 0.019838 | Train Loss: 0.000593 (Data: 0.00059, Mono: 0.00000) | Val MSE: 0.000299 (RMSE: 0.0173) [BEST]
2026-09-12 19:46:08,445 - INFO - Epoch [ 144/2000] LR: 0.019835 | Train Loss: 0.000630 (Data: 0.00063, Mono: 0.00000) | Val MSE: 0.000295 (RMSE: 0.0172) [BEST]
2026-09-12 19:46:08,714 - INFO - Epoch [ 150/2000] LR: 0.019817 | Train Loss: 0.001026 (Data: 0.00102, Mono: 0.00000) | Val MSE: 0.001141 (RMSE: 0.0338) 
2026-09-12 19:46:09,138 - INFO - Epoch [ 160/2000] LR: 0.019786 | Train Loss: 0.000768 (Data: 0.00077, Mono: 0.00000) | Val MSE: 0.000270 (RMSE: 0.0164) [BEST]
2026-09-12 19:46:09,397 - INFO - Epoch [ 166/2000] LR: 0.019766 | Train Loss: 0.000459 (Data: 0.00046, Mono: 0.00000) | Val MSE: 0.000249 (RMSE: 0.0158) [BEST]
2026-09-12 19:46:09,526 - INFO - Epoch [ 169/2000] LR: 0.019755 | Train Loss: 0.000467 (Data: 0.00047, Mono: 0.00000) | Val MSE: 0.000232 (RMSE: 0.0152) [BEST]
2026-09-12 19:46:09,578 - INFO - Epoch [ 170/2000] LR: 0.019752 | Train Loss: 0.000418 (Data: 0.00042, Mono: 0.00000) | Val MSE: 0.000220 (RMSE: 0.0148) [BEST]
2026-09-12 19:46:09,783 - INFO - Epoch [ 175/2000] LR: 0.019734 | Train Loss: 0.000495 (Data: 0.00049, Mono: 0.00000) | Val MSE: 0.000210 (RMSE: 0.0145) [BEST]
2026-09-12 19:46:09,960 - INFO - Epoch [ 179/2000] LR: 0.019719 | Train Loss: 0.000340 (Data: 0.00034, Mono: 0.00000) | Val MSE: 0.000155 (RMSE: 0.0125) [BEST]
2026-09-12 19:46:10,003 - INFO - Epoch [ 180/2000] LR: 0.019715 | Train Loss: 0.000540 (Data: 0.00054, Mono: 0.00000) | Val MSE: 0.000185 (RMSE: 0.0136) 
2026-09-12 19:46:10,092 - INFO - Epoch [ 182/2000] LR: 0.019708 | Train Loss: 0.000398 (Data: 0.00040, Mono: 0.00000) | Val MSE: 0.000152 (RMSE: 0.0123) [BEST]
2026-09-12 19:46:10,447 - INFO - Epoch [ 190/2000] LR: 0.019676 | Train Loss: 0.000316 (Data: 0.00032, Mono: 0.00000) | Val MSE: 0.000261 (RMSE: 0.0162) 
2026-09-12 19:46:10,889 - INFO - Epoch [ 200/2000] LR: 0.019635 | Train Loss: 0.000484 (Data: 0.00048, Mono: 0.00000) | Val MSE: 0.000259 (RMSE: 0.0161) 
2026-09-12 19:46:11,320 - INFO - Epoch [ 210/2000] LR: 0.019591 | Train Loss: 0.000604 (Data: 0.00060, Mono: 0.00000) | Val MSE: 0.000228 (RMSE: 0.0151) 
2026-09-12 19:46:11,772 - INFO - Epoch [ 220/2000] LR: 0.019545 | Train Loss: 0.000277 (Data: 0.00028, Mono: 0.00000) | Val MSE: 0.000155 (RMSE: 0.0125) 
2026-09-12 19:46:11,836 - INFO - Epoch [ 221/2000] LR: 0.019540 | Train Loss: 0.000298 (Data: 0.00030, Mono: 0.00000) | Val MSE: 0.000120 (RMSE: 0.0109) [BEST]
2026-09-12 19:46:11,930 - INFO - Epoch [ 223/2000] LR: 0.019530 | Train Loss: 0.000256 (Data: 0.00026, Mono: 0.00000) | Val MSE: 0.000118 (RMSE: 0.0109) [BEST]
2026-09-12 19:46:12,025 - INFO - Epoch [ 225/2000] LR: 0.019520 | Train Loss: 0.000341 (Data: 0.00034, Mono: 0.00000) | Val MSE: 0.000101 (RMSE: 0.0100) [BEST]
2026-09-12 19:46:12,244 - INFO - Epoch [ 230/2000] LR: 0.019496 | Train Loss: 0.000398 (Data: 0.00040, Mono: 0.00000) | Val MSE: 0.000148 (RMSE: 0.0122) 
2026-09-12 19:46:12,672 - INFO - Epoch [ 240/2000] LR: 0.019445 | Train Loss: 0.000559 (Data: 0.00056, Mono: 0.00000) | Val MSE: 0.000245 (RMSE: 0.0156) 
2026-09-12 19:46:13,101 - INFO - Epoch [ 250/2000] LR: 0.019391 | Train Loss: 0.000319 (Data: 0.00032, Mono: 0.00000) | Val MSE: 0.000285 (RMSE: 0.0169) 
2026-09-12 19:46:13,528 - INFO - Epoch [ 260/2000] LR: 0.019335 | Train Loss: 0.000320 (Data: 0.00032, Mono: 0.00000) | Val MSE: 0.000763 (RMSE: 0.0276) 
2026-09-12 19:46:13,938 - INFO - Epoch [ 270/2000] LR: 0.019277 | Train Loss: 0.000277 (Data: 0.00028, Mono: 0.00000) | Val MSE: 0.000110 (RMSE: 0.0105) 
2026-09-12 19:46:14,361 - INFO - Epoch [ 280/2000] LR: 0.019216 | Train Loss: 0.000450 (Data: 0.00045, Mono: 0.00000) | Val MSE: 0.000305 (RMSE: 0.0175) 
2026-09-12 19:46:14,792 - INFO - Epoch [ 290/2000] LR: 0.019153 | Train Loss: 0.000598 (Data: 0.00060, Mono: 0.00000) | Val MSE: 0.000110 (RMSE: 0.0105) 
2026-09-12 19:46:15,208 - INFO - Epoch [ 300/2000] LR: 0.019087 | Train Loss: 0.000616 (Data: 0.00062, Mono: 0.00000) | Val MSE: 0.000283 (RMSE: 0.0168) 
2026-09-12 19:46:15,632 - INFO - Epoch [ 310/2000] LR: 0.019020 | Train Loss: 0.000305 (Data: 0.00030, Mono: 0.00000) | Val MSE: 0.000133 (RMSE: 0.0115) 
2026-09-12 19:46:16,056 - INFO - Epoch [ 320/2000] LR: 0.018950 | Train Loss: 0.000292 (Data: 0.00029, Mono: 0.00000) | Val MSE: 0.000604 (RMSE: 0.0246) 
2026-09-12 19:46:16,494 - INFO - Epoch [ 330/2000] LR: 0.018877 | Train Loss: 0.000289 (Data: 0.00029, Mono: 0.00000) | Val MSE: 0.000150 (RMSE: 0.0122) 
2026-09-12 19:46:16,682 - INFO - Epoch [ 334/2000] LR: 0.018848 | Train Loss: 0.000200 (Data: 0.00020, Mono: 0.00000) | Val MSE: 0.000089 (RMSE: 0.0095) [BEST]
2026-09-12 19:46:16,776 - INFO - Epoch [ 336/2000] LR: 0.018833 | Train Loss: 0.000224 (Data: 0.00022, Mono: 0.00000) | Val MSE: 0.000089 (RMSE: 0.0094) [BEST]
2026-09-12 19:46:16,859 - INFO - Epoch [ 338/2000] LR: 0.018818 | Train Loss: 0.000199 (Data: 0.00020, Mono: 0.00000) | Val MSE: 0.000070 (RMSE: 0.0084) [BEST]
2026-09-12 19:46:16,979 - INFO - Epoch [ 340/2000] LR: 0.018803 | Train Loss: 0.000323 (Data: 0.00032, Mono: 0.00000) | Val MSE: 0.000374 (RMSE: 0.0193) 
2026-09-12 19:46:17,416 - INFO - Epoch [ 350/2000] LR: 0.018726 | Train Loss: 0.000205 (Data: 0.00020, Mono: 0.00000) | Val MSE: 0.000094 (RMSE: 0.0097) 
2026-09-12 19:46:17,802 - INFO - Epoch [ 359/2000] LR: 0.018655 | Train Loss: 0.000194 (Data: 0.00019, Mono: 0.00000) | Val MSE: 0.000069 (RMSE: 0.0083) [BEST]
2026-09-12 19:46:17,844 - INFO - Epoch [ 360/2000] LR: 0.018647 | Train Loss: 0.000210 (Data: 0.00021, Mono: 0.00000) | Val MSE: 0.000095 (RMSE: 0.0098) 
2026-09-12 19:46:17,884 - INFO - Epoch [ 361/2000] LR: 0.018639 | Train Loss: 0.000338 (Data: 0.00034, Mono: 0.00000) | Val MSE: 0.000064 (RMSE: 0.0080) [BEST]
2026-09-12 19:46:18,294 - INFO - Epoch [ 370/2000] LR: 0.018566 | Train Loss: 0.000718 (Data: 0.00072, Mono: 0.00000) | Val MSE: 0.000126 (RMSE: 0.0112) 
2026-09-12 19:46:18,732 - INFO - Epoch [ 380/2000] LR: 0.018482 | Train Loss: 0.000199 (Data: 0.00020, Mono: 0.00000) | Val MSE: 0.000108 (RMSE: 0.0104) 
2026-09-12 19:46:19,153 - INFO - Epoch [ 390/2000] LR: 0.018397 | Train Loss: 0.000176 (Data: 0.00017, Mono: 0.00000) | Val MSE: 0.000357 (RMSE: 0.0189) 
2026-09-12 19:46:19,578 - INFO - Epoch [ 400/2000] LR: 0.018309 | Train Loss: 0.000227 (Data: 0.00023, Mono: 0.00000) | Val MSE: 0.000109 (RMSE: 0.0104) 
2026-09-12 19:46:19,995 - INFO - Epoch [ 410/2000] LR: 0.018220 | Train Loss: 0.000234 (Data: 0.00023, Mono: 0.00000) | Val MSE: 0.000158 (RMSE: 0.0126) 
2026-09-12 19:46:20,447 - INFO - Epoch [ 420/2000] LR: 0.018128 | Train Loss: 0.000301 (Data: 0.00030, Mono: 0.00000) | Val MSE: 0.000195 (RMSE: 0.0140) 
2026-09-12 19:46:20,900 - INFO - Epoch [ 430/2000] LR: 0.018034 | Train Loss: 0.000217 (Data: 0.00022, Mono: 0.00000) | Val MSE: 0.000148 (RMSE: 0.0122) 
2026-09-12 19:46:21,338 - INFO - Epoch [ 440/2000] LR: 0.017938 | Train Loss: 0.000362 (Data: 0.00036, Mono: 0.00000) | Val MSE: 0.000095 (RMSE: 0.0097) 
2026-09-12 19:46:21,795 - INFO - Epoch [ 450/2000] LR: 0.017840 | Train Loss: 0.000328 (Data: 0.00033, Mono: 0.00000) | Val MSE: 0.000314 (RMSE: 0.0177) 
2026-09-12 19:46:22,227 - INFO - Epoch [ 460/2000] LR: 0.017740 | Train Loss: 0.000237 (Data: 0.00024, Mono: 0.00000) | Val MSE: 0.000444 (RMSE: 0.0211) 
2026-09-12 19:46:22,277 - INFO - Epoch [ 461/2000] LR: 0.017730 | Train Loss: 0.000209 (Data: 0.00021, Mono: 0.00000) | Val MSE: 0.000063 (RMSE: 0.0079) [BEST]
2026-09-12 19:46:22,668 - INFO - Epoch [ 470/2000] LR: 0.017638 | Train Loss: 0.000219 (Data: 0.00022, Mono: 0.00000) | Val MSE: 0.000108 (RMSE: 0.0104) 
2026-09-12 19:46:23,102 - INFO - Epoch [ 480/2000] LR: 0.017534 | Train Loss: 0.000204 (Data: 0.00020, Mono: 0.00000) | Val MSE: 0.000105 (RMSE: 0.0103) 
2026-09-12 19:46:23,519 - INFO - Epoch [ 490/2000] LR: 0.017428 | Train Loss: 0.000152 (Data: 0.00015, Mono: 0.00000) | Val MSE: 0.000093 (RMSE: 0.0097) 
2026-09-12 19:46:23,936 - INFO - Epoch [ 500/2000] LR: 0.017320 | Train Loss: 0.000179 (Data: 0.00018, Mono: 0.00000) | Val MSE: 0.000197 (RMSE: 0.0140) 
2026-09-12 19:46:24,381 - INFO - Epoch [ 510/2000] LR: 0.017211 | Train Loss: 0.000234 (Data: 0.00023, Mono: 0.00000) | Val MSE: 0.000132 (RMSE: 0.0115) 
2026-09-12 19:46:24,838 - INFO - Epoch [ 520/2000] LR: 0.017099 | Train Loss: 0.000272 (Data: 0.00027, Mono: 0.00000) | Val MSE: 0.000682 (RMSE: 0.0261) 
2026-09-12 19:46:25,267 - INFO - Epoch [ 530/2000] LR: 0.016986 | Train Loss: 0.000172 (Data: 0.00017, Mono: 0.00000) | Val MSE: 0.000086 (RMSE: 0.0093) 
2026-09-12 19:46:25,563 - INFO - Epoch [ 537/2000] LR: 0.016906 | Train Loss: 0.000185 (Data: 0.00018, Mono: 0.00000) | Val MSE: 0.000061 (RMSE: 0.0078) [BEST]
2026-09-12 19:46:25,695 - INFO - Epoch [ 540/2000] LR: 0.016871 | Train Loss: 0.000186 (Data: 0.00019, Mono: 0.00000) | Val MSE: 0.000093 (RMSE: 0.0097) 
2026-09-12 19:46:25,781 - INFO - Epoch [ 542/2000] LR: 0.016848 | Train Loss: 0.000195 (Data: 0.00019, Mono: 0.00000) | Val MSE: 0.000054 (RMSE: 0.0074) [BEST]
2026-09-12 19:46:26,117 - INFO - Epoch [ 550/2000] LR: 0.016755 | Train Loss: 0.000400 (Data: 0.00040, Mono: 0.00000) | Val MSE: 0.000305 (RMSE: 0.0175) 
2026-09-12 19:46:26,554 - INFO - Epoch [ 560/2000] LR: 0.016636 | Train Loss: 0.000203 (Data: 0.00020, Mono: 0.00000) | Val MSE: 0.000335 (RMSE: 0.0183) 
2026-09-12 19:46:26,604 - INFO - Epoch [ 561/2000] LR: 0.016624 | Train Loss: 0.000154 (Data: 0.00015, Mono: 0.00000) | Val MSE: 0.000054 (RMSE: 0.0073) [BEST]
2026-09-12 19:46:27,062 - INFO - Epoch [ 570/2000] LR: 0.016516 | Train Loss: 0.000182 (Data: 0.00018, Mono: 0.00000) | Val MSE: 0.000173 (RMSE: 0.0132) 
2026-09-12 19:46:27,113 - INFO - Epoch [ 571/2000] LR: 0.016504 | Train Loss: 0.000153 (Data: 0.00015, Mono: 0.00000) | Val MSE: 0.000050 (RMSE: 0.0071) [BEST]
2026-09-12 19:46:27,511 - INFO - Epoch [ 580/2000] LR: 0.016394 | Train Loss: 0.000168 (Data: 0.00017, Mono: 0.00000) | Val MSE: 0.000087 (RMSE: 0.0093) 
2026-09-12 19:46:27,960 - INFO - Epoch [ 590/2000] LR: 0.016271 | Train Loss: 0.000263 (Data: 0.00026, Mono: 0.00000) | Val MSE: 0.000123 (RMSE: 0.0111) 
2026-09-12 19:46:28,460 - INFO - Epoch [ 600/2000] LR: 0.016146 | Train Loss: 0.000333 (Data: 0.00033, Mono: 0.00000) | Val MSE: 0.000130 (RMSE: 0.0114) 
2026-09-12 19:46:28,911 - INFO - Epoch [ 610/2000] LR: 0.016019 | Train Loss: 0.000300 (Data: 0.00030, Mono: 0.00000) | Val MSE: 0.000100 (RMSE: 0.0100) 
2026-09-12 19:46:29,362 - INFO - Epoch [ 620/2000] LR: 0.015891 | Train Loss: 0.000181 (Data: 0.00018, Mono: 0.00000) | Val MSE: 0.000064 (RMSE: 0.0080) 
2026-09-12 19:46:29,831 - INFO - Epoch [ 630/2000] LR: 0.015761 | Train Loss: 0.000154 (Data: 0.00015, Mono: 0.00000) | Val MSE: 0.000250 (RMSE: 0.0158) 
2026-09-12 19:46:30,288 - INFO - Epoch [ 640/2000] LR: 0.015630 | Train Loss: 0.000267 (Data: 0.00027, Mono: 0.00000) | Val MSE: 0.000286 (RMSE: 0.0169) 
2026-09-12 19:46:30,738 - INFO - Epoch [ 650/2000] LR: 0.015498 | Train Loss: 0.000126 (Data: 0.00013, Mono: 0.00000) | Val MSE: 0.000260 (RMSE: 0.0161) 
2026-09-12 19:46:30,792 - INFO - Epoch [ 651/2000] LR: 0.015485 | Train Loss: 0.000132 (Data: 0.00013, Mono: 0.00000) | Val MSE: 0.000048 (RMSE: 0.0069) [BEST]
2026-09-12 19:46:30,853 - INFO - Epoch [ 652/2000] LR: 0.015471 | Train Loss: 0.000153 (Data: 0.00015, Mono: 0.00000) | Val MSE: 0.000048 (RMSE: 0.0069) [BEST]
2026-09-12 19:46:31,218 - INFO - Epoch [ 660/2000] LR: 0.015364 | Train Loss: 0.000321 (Data: 0.00032, Mono: 0.00000) | Val MSE: 0.000154 (RMSE: 0.0124) 
2026-09-12 19:46:31,670 - INFO - Epoch [ 670/2000] LR: 0.015229 | Train Loss: 0.000200 (Data: 0.00020, Mono: 0.00000) | Val MSE: 0.000065 (RMSE: 0.0081) 
2026-09-12 19:46:32,141 - INFO - Epoch [ 680/2000] LR: 0.015092 | Train Loss: 0.000349 (Data: 0.00035, Mono: 0.00000) | Val MSE: 0.000724 (RMSE: 0.0269) 
2026-09-12 19:46:32,606 - INFO - Epoch [ 690/2000] LR: 0.014954 | Train Loss: 0.000160 (Data: 0.00016, Mono: 0.00000) | Val MSE: 0.000108 (RMSE: 0.0104) 
2026-09-12 19:46:33,090 - INFO - Epoch [ 700/2000] LR: 0.014815 | Train Loss: 0.000158 (Data: 0.00016, Mono: 0.00000) | Val MSE: 0.000118 (RMSE: 0.0109) 
2026-09-12 19:46:33,575 - INFO - Epoch [ 710/2000] LR: 0.014675 | Train Loss: 0.000232 (Data: 0.00023, Mono: 0.00000) | Val MSE: 0.000109 (RMSE: 0.0104) 
2026-09-12 19:46:34,031 - INFO - Epoch [ 720/2000] LR: 0.014533 | Train Loss: 0.000199 (Data: 0.00020, Mono: 0.00000) | Val MSE: 0.000118 (RMSE: 0.0109) 
2026-09-12 19:46:34,533 - INFO - Epoch [ 730/2000] LR: 0.014391 | Train Loss: 0.000239 (Data: 0.00024, Mono: 0.00000) | Val MSE: 0.000175 (RMSE: 0.0132) 
2026-09-12 19:46:35,026 - INFO - Epoch [ 740/2000] LR: 0.014247 | Train Loss: 0.000200 (Data: 0.00020, Mono: 0.00000) | Val MSE: 0.000171 (RMSE: 0.0131) 
2026-09-12 19:46:35,506 - INFO - Epoch [ 750/2000] LR: 0.014102 | Train Loss: 0.000202 (Data: 0.00020, Mono: 0.00000) | Val MSE: 0.000571 (RMSE: 0.0239) 
2026-09-12 19:46:35,995 - INFO - Epoch [ 760/2000] LR: 0.013956 | Train Loss: 0.000285 (Data: 0.00028, Mono: 0.00000) | Val MSE: 0.000360 (RMSE: 0.0190) 
2026-09-12 19:46:36,484 - INFO - Epoch [ 770/2000] LR: 0.013809 | Train Loss: 0.000164 (Data: 0.00016, Mono: 0.00000) | Val MSE: 0.000082 (RMSE: 0.0091) 
2026-09-12 19:46:36,973 - INFO - Epoch [ 780/2000] LR: 0.013661 | Train Loss: 0.000226 (Data: 0.00022, Mono: 0.00000) | Val MSE: 0.000187 (RMSE: 0.0137) 
2026-09-12 19:46:37,495 - INFO - Epoch [ 790/2000] LR: 0.013512 | Train Loss: 0.000146 (Data: 0.00014, Mono: 0.00000) | Val MSE: 0.000067 (RMSE: 0.0082) 
2026-09-12 19:46:37,999 - INFO - Epoch [ 800/2000] LR: 0.013362 | Train Loss: 0.000184 (Data: 0.00018, Mono: 0.00000) | Val MSE: 0.000081 (RMSE: 0.0090) 
2026-09-12 19:46:38,481 - INFO - Epoch [ 810/2000] LR: 0.013212 | Train Loss: 0.000166 (Data: 0.00016, Mono: 0.00000) | Val MSE: 0.000122 (RMSE: 0.0110) 
2026-09-12 19:46:38,957 - INFO - Epoch [ 820/2000] LR: 0.013060 | Train Loss: 0.000352 (Data: 0.00035, Mono: 0.00000) | Val MSE: 0.000090 (RMSE: 0.0095) 
2026-09-12 19:46:39,451 - INFO - Epoch [ 830/2000] LR: 0.012908 | Train Loss: 0.000178 (Data: 0.00018, Mono: 0.00000) | Val MSE: 0.000477 (RMSE: 0.0218) 
2026-09-12 19:46:39,938 - INFO - Epoch [ 840/2000] LR: 0.012755 | Train Loss: 0.000197 (Data: 0.00020, Mono: 0.00000) | Val MSE: 0.000159 (RMSE: 0.0126) 
2026-09-12 19:46:40,419 - INFO - Epoch [ 850/2000] LR: 0.012602 | Train Loss: 0.000127 (Data: 0.00013, Mono: 0.00000) | Val MSE: 0.000090 (RMSE: 0.0095) 
2026-09-12 19:46:40,525 - INFO - [*] Early stopping triggered at epoch 852. Best epoch was 652 with Val MSE: 0.000048
2026-09-12 19:46:40,525 - INFO - Training completed in 38.41s. Loading best checkpoint from epoch 652 for final test evaluation...
2026-09-12 19:46:40,554 - INFO - ==================================================
2026-09-12 19:46:40,554 - INFO - Test Results for [XJTU] - [R3] (Best Epoch 652):
2026-09-12 19:46:40,554 - INFO -   Test RMSE: 0.009144
2026-09-12 19:46:40,554 - INFO -   Test MAE:  0.007134
2026-09-12 19:46:40,554 - INFO -   Test MAPE: 0.768592
2026-09-12 19:46:40,554 - INFO -   Test MSE:  0.000084
2026-09-12 19:46:40,554 - INFO - ==================================================
2026-09-12 20:19:57,549 - INFO - ==================================================
2026-09-12 20:19:57,549 - INFO - Starting FusionMLP Training for [XJTU] - [R3]
2026-09-12 20:19:57,550 - INFO - Device: cuda | Epochs: 2000 | LR: 0.020000 | Mono Weight: 0.4000 | Knee Feature: True
2026-09-12 20:19:57,550 - INFO - ==================================================
2026-09-12 20:19:57,633 - INFO - Data Splits: Train=5, Val=1, Test=2
2026-09-12 20:19:57,698 - INFO - Epoch [   1/2000] LR: 0.006726 | Train Loss: 0.266051 (Data: 0.26602, Mono: 0.00007) | Val MSE: 0.027162 (RMSE: 0.1648) [BEST]
2026-09-12 20:19:57,744 - INFO - Epoch [   2/2000] LR: 0.007184 | Train Loss: 0.125305 (Data: 0.12527, Mono: 0.00008) | Val MSE: 0.021416 (RMSE: 0.1463) [BEST]
2026-09-12 20:19:57,835 - INFO - Epoch [   4/2000] LR: 0.008099 | Train Loss: 0.079905 (Data: 0.07988, Mono: 0.00007) | Val MSE: 0.008112 (RMSE: 0.0901) [BEST]
2026-09-12 20:19:57,883 - INFO - Epoch [   5/2000] LR: 0.008557 | Train Loss: 0.070875 (Data: 0.07085, Mono: 0.00006) | Val MSE: 0.001336 (RMSE: 0.0366) [BEST]
2026-09-12 20:19:57,970 - INFO - Epoch [   7/2000] LR: 0.009472 | Train Loss: 0.044310 (Data: 0.04429, Mono: 0.00005) | Val MSE: 0.001228 (RMSE: 0.0350) [BEST]
2026-09-12 20:19:58,060 - INFO - Epoch [   9/2000] LR: 0.010388 | Train Loss: 0.035404 (Data: 0.03539, Mono: 0.00004) | Val MSE: 0.000837 (RMSE: 0.0289) [BEST]
2026-09-12 20:19:58,106 - INFO - Epoch [  10/2000] LR: 0.010845 | Train Loss: 0.029442 (Data: 0.02943, Mono: 0.00004) | Val MSE: 0.001705 (RMSE: 0.0413) 
2026-09-12 20:19:58,154 - INFO - Epoch [  11/2000] LR: 0.011303 | Train Loss: 0.026265 (Data: 0.02625, Mono: 0.00004) | Val MSE: 0.000694 (RMSE: 0.0263) [BEST]
2026-09-12 20:19:58,200 - INFO - Epoch [  12/2000] LR: 0.011761 | Train Loss: 0.022424 (Data: 0.02241, Mono: 0.00004) | Val MSE: 0.000400 (RMSE: 0.0200) [BEST]
2026-09-12 20:19:58,540 - INFO - Epoch [  20/2000] LR: 0.015423 | Train Loss: 0.009563 (Data: 0.00955, Mono: 0.00002) | Val MSE: 0.000620 (RMSE: 0.0249) 
2026-09-12 20:19:58,973 - INFO - Epoch [  30/2000] LR: 0.020000 | Train Loss: 0.005925 (Data: 0.00592, Mono: 0.00002) | Val MSE: 0.000837 (RMSE: 0.0289) 
2026-09-12 20:19:59,412 - INFO - Epoch [  40/2000] LR: 0.019999 | Train Loss: 0.004624 (Data: 0.00462, Mono: 0.00001) | Val MSE: 0.000707 (RMSE: 0.0266) 
2026-09-12 20:19:59,902 - INFO - Epoch [  50/2000] LR: 0.019995 | Train Loss: 0.003514 (Data: 0.00351, Mono: 0.00001) | Val MSE: 0.000726 (RMSE: 0.0269) 
2026-09-12 20:20:00,358 - INFO - Epoch [  60/2000] LR: 0.019989 | Train Loss: 0.002733 (Data: 0.00273, Mono: 0.00001) | Val MSE: 0.000719 (RMSE: 0.0268) 
2026-09-12 20:20:00,801 - INFO - Epoch [  70/2000] LR: 0.019980 | Train Loss: 0.002291 (Data: 0.00229, Mono: 0.00001) | Val MSE: 0.000694 (RMSE: 0.0263) 
2026-09-12 20:20:01,253 - INFO - Epoch [  80/2000] LR: 0.019968 | Train Loss: 0.001844 (Data: 0.00184, Mono: 0.00001) | Val MSE: 0.000604 (RMSE: 0.0246) 
2026-09-12 20:20:01,702 - INFO - Epoch [  90/2000] LR: 0.019954 | Train Loss: 0.001464 (Data: 0.00146, Mono: 0.00001) | Val MSE: 0.000677 (RMSE: 0.0260) 
2026-09-12 20:20:02,144 - INFO - Epoch [ 100/2000] LR: 0.019938 | Train Loss: 0.001203 (Data: 0.00120, Mono: 0.00001) | Val MSE: 0.000538 (RMSE: 0.0232) 
2026-09-12 20:20:02,604 - INFO - Epoch [ 110/2000] LR: 0.019919 | Train Loss: 0.001239 (Data: 0.00124, Mono: 0.00001) | Val MSE: 0.000870 (RMSE: 0.0295) 
2026-09-12 20:20:03,058 - INFO - Epoch [ 120/2000] LR: 0.019897 | Train Loss: 0.001213 (Data: 0.00121, Mono: 0.00000) | Val MSE: 0.000528 (RMSE: 0.0230) 
2026-09-12 20:20:03,496 - INFO - Epoch [ 130/2000] LR: 0.019873 | Train Loss: 0.000853 (Data: 0.00085, Mono: 0.00000) | Val MSE: 0.000487 (RMSE: 0.0221) 
2026-09-12 20:20:03,922 - INFO - Epoch [ 140/2000] LR: 0.019847 | Train Loss: 0.000995 (Data: 0.00099, Mono: 0.00000) | Val MSE: 0.000736 (RMSE: 0.0271) 
2026-09-12 20:20:04,350 - INFO - Epoch [ 150/2000] LR: 0.019817 | Train Loss: 0.000887 (Data: 0.00089, Mono: 0.00000) | Val MSE: 0.000446 (RMSE: 0.0211) 
2026-09-12 20:20:04,436 - INFO - Epoch [ 152/2000] LR: 0.019811 | Train Loss: 0.000805 (Data: 0.00080, Mono: 0.00000) | Val MSE: 0.000396 (RMSE: 0.0199) [BEST]
2026-09-12 20:20:04,565 - INFO - Epoch [ 155/2000] LR: 0.019802 | Train Loss: 0.000656 (Data: 0.00066, Mono: 0.00000) | Val MSE: 0.000384 (RMSE: 0.0196) [BEST]
2026-09-12 20:20:04,752 - INFO - Epoch [ 159/2000] LR: 0.019789 | Train Loss: 0.000880 (Data: 0.00088, Mono: 0.00000) | Val MSE: 0.000366 (RMSE: 0.0191) [BEST]
2026-09-12 20:20:04,798 - INFO - Epoch [ 160/2000] LR: 0.019786 | Train Loss: 0.000738 (Data: 0.00074, Mono: 0.00000) | Val MSE: 0.000479 (RMSE: 0.0219) 
2026-09-12 20:20:05,231 - INFO - Epoch [ 170/2000] LR: 0.019752 | Train Loss: 0.000865 (Data: 0.00086, Mono: 0.00000) | Val MSE: 0.001227 (RMSE: 0.0350) 
2026-09-12 20:20:05,663 - INFO - Epoch [ 180/2000] LR: 0.019715 | Train Loss: 0.000632 (Data: 0.00063, Mono: 0.00000) | Val MSE: 0.000406 (RMSE: 0.0202) 
2026-09-12 20:20:05,754 - INFO - Epoch [ 182/2000] LR: 0.019708 | Train Loss: 0.000720 (Data: 0.00072, Mono: 0.00000) | Val MSE: 0.000347 (RMSE: 0.0186) [BEST]
2026-09-12 20:20:05,887 - INFO - Epoch [ 185/2000] LR: 0.019696 | Train Loss: 0.000521 (Data: 0.00052, Mono: 0.00000) | Val MSE: 0.000311 (RMSE: 0.0176) [BEST]
2026-09-12 20:20:05,980 - INFO - Epoch [ 187/2000] LR: 0.019688 | Train Loss: 0.000633 (Data: 0.00063, Mono: 0.00000) | Val MSE: 0.000295 (RMSE: 0.0172) [BEST]
2026-09-12 20:20:06,114 - INFO - Epoch [ 190/2000] LR: 0.019676 | Train Loss: 0.001044 (Data: 0.00104, Mono: 0.00000) | Val MSE: 0.000399 (RMSE: 0.0200) 
2026-09-12 20:20:06,541 - INFO - Epoch [ 200/2000] LR: 0.019635 | Train Loss: 0.000664 (Data: 0.00066, Mono: 0.00000) | Val MSE: 0.000271 (RMSE: 0.0165) [BEST]
2026-09-12 20:20:06,654 - INFO - Epoch [ 202/2000] LR: 0.019626 | Train Loss: 0.000481 (Data: 0.00048, Mono: 0.00000) | Val MSE: 0.000261 (RMSE: 0.0162) [BEST]
2026-09-12 20:20:06,704 - INFO - Epoch [ 203/2000] LR: 0.019622 | Train Loss: 0.000433 (Data: 0.00043, Mono: 0.00000) | Val MSE: 0.000240 (RMSE: 0.0155) [BEST]
2026-09-12 20:20:06,747 - INFO - Epoch [ 204/2000] LR: 0.019618 | Train Loss: 0.000416 (Data: 0.00041, Mono: 0.00000) | Val MSE: 0.000239 (RMSE: 0.0155) [BEST]
2026-09-12 20:20:06,846 - INFO - Epoch [ 206/2000] LR: 0.019609 | Train Loss: 0.000430 (Data: 0.00043, Mono: 0.00000) | Val MSE: 0.000201 (RMSE: 0.0142) [BEST]
2026-09-12 20:20:06,984 - INFO - Epoch [ 209/2000] LR: 0.019595 | Train Loss: 0.000681 (Data: 0.00068, Mono: 0.00000) | Val MSE: 0.000191 (RMSE: 0.0138) [BEST]
2026-09-12 20:20:07,031 - INFO - Epoch [ 210/2000] LR: 0.019591 | Train Loss: 0.000544 (Data: 0.00054, Mono: 0.00000) | Val MSE: 0.000338 (RMSE: 0.0184) 
2026-09-12 20:20:07,467 - INFO - Epoch [ 220/2000] LR: 0.019545 | Train Loss: 0.000338 (Data: 0.00034, Mono: 0.00000) | Val MSE: 0.000339 (RMSE: 0.0184) 
2026-09-12 20:20:07,820 - INFO - Epoch [ 228/2000] LR: 0.019506 | Train Loss: 0.000364 (Data: 0.00036, Mono: 0.00000) | Val MSE: 0.000179 (RMSE: 0.0134) [BEST]
2026-09-12 20:20:07,909 - INFO - Epoch [ 230/2000] LR: 0.019496 | Train Loss: 0.000423 (Data: 0.00042, Mono: 0.00000) | Val MSE: 0.000248 (RMSE: 0.0158) 
2026-09-12 20:20:07,954 - INFO - Epoch [ 231/2000] LR: 0.019491 | Train Loss: 0.000289 (Data: 0.00029, Mono: 0.00000) | Val MSE: 0.000161 (RMSE: 0.0127) [BEST]
2026-09-12 20:20:08,349 - INFO - Epoch [ 240/2000] LR: 0.019445 | Train Loss: 0.000550 (Data: 0.00055, Mono: 0.00000) | Val MSE: 0.000343 (RMSE: 0.0185) 
2026-09-12 20:20:08,773 - INFO - Epoch [ 250/2000] LR: 0.019391 | Train Loss: 0.000419 (Data: 0.00042, Mono: 0.00000) | Val MSE: 0.000378 (RMSE: 0.0194) 
2026-09-12 20:20:09,182 - INFO - Epoch [ 259/2000] LR: 0.019341 | Train Loss: 0.000309 (Data: 0.00031, Mono: 0.00000) | Val MSE: 0.000156 (RMSE: 0.0125) [BEST]
2026-09-12 20:20:09,232 - INFO - Epoch [ 260/2000] LR: 0.019335 | Train Loss: 0.000261 (Data: 0.00026, Mono: 0.00000) | Val MSE: 0.000124 (RMSE: 0.0111) [BEST]
2026-09-12 20:20:09,329 - INFO - Epoch [ 262/2000] LR: 0.019323 | Train Loss: 0.000349 (Data: 0.00035, Mono: 0.00000) | Val MSE: 0.000121 (RMSE: 0.0110) [BEST]
2026-09-12 20:20:09,619 - INFO - Epoch [ 267/2000] LR: 0.019294 | Train Loss: 0.000277 (Data: 0.00028, Mono: 0.00000) | Val MSE: 0.000111 (RMSE: 0.0105) [BEST]
2026-09-12 20:20:09,682 - INFO - Epoch [ 268/2000] LR: 0.019288 | Train Loss: 0.000247 (Data: 0.00025, Mono: 0.00000) | Val MSE: 0.000105 (RMSE: 0.0103) [BEST]
2026-09-12 20:20:09,794 - INFO - Epoch [ 270/2000] LR: 0.019277 | Train Loss: 0.000202 (Data: 0.00020, Mono: 0.00000) | Val MSE: 0.000130 (RMSE: 0.0114) 
2026-09-12 20:20:09,907 - INFO - Epoch [ 272/2000] LR: 0.019265 | Train Loss: 0.000233 (Data: 0.00023, Mono: 0.00000) | Val MSE: 0.000081 (RMSE: 0.0090) [BEST]
2026-09-12 20:20:10,287 - INFO - Epoch [ 280/2000] LR: 0.019216 | Train Loss: 0.000264 (Data: 0.00026, Mono: 0.00000) | Val MSE: 0.000225 (RMSE: 0.0150) 
2026-09-12 20:20:10,764 - INFO - Epoch [ 290/2000] LR: 0.019153 | Train Loss: 0.000210 (Data: 0.00021, Mono: 0.00000) | Val MSE: 0.000196 (RMSE: 0.0140) 
2026-09-12 20:20:11,012 - INFO - Epoch [ 295/2000] LR: 0.019120 | Train Loss: 0.000217 (Data: 0.00022, Mono: 0.00000) | Val MSE: 0.000078 (RMSE: 0.0089) [BEST]
2026-09-12 20:20:11,253 - INFO - Epoch [ 300/2000] LR: 0.019087 | Train Loss: 0.000412 (Data: 0.00041, Mono: 0.00000) | Val MSE: 0.000216 (RMSE: 0.0147) 
2026-09-12 20:20:11,690 - INFO - Epoch [ 310/2000] LR: 0.019020 | Train Loss: 0.000286 (Data: 0.00028, Mono: 0.00000) | Val MSE: 0.000325 (RMSE: 0.0180) 
2026-09-12 20:20:12,133 - INFO - Epoch [ 320/2000] LR: 0.018950 | Train Loss: 0.000350 (Data: 0.00035, Mono: 0.00000) | Val MSE: 0.000110 (RMSE: 0.0105) 
2026-09-12 20:20:12,578 - INFO - Epoch [ 330/2000] LR: 0.018877 | Train Loss: 0.000202 (Data: 0.00020, Mono: 0.00000) | Val MSE: 0.000356 (RMSE: 0.0189) 
2026-09-12 20:20:12,882 - INFO - Epoch [ 337/2000] LR: 0.018825 | Train Loss: 0.000289 (Data: 0.00029, Mono: 0.00000) | Val MSE: 0.000075 (RMSE: 0.0087) [BEST]
2026-09-12 20:20:13,014 - INFO - Epoch [ 340/2000] LR: 0.018803 | Train Loss: 0.000318 (Data: 0.00032, Mono: 0.00000) | Val MSE: 0.000653 (RMSE: 0.0255) 
2026-09-12 20:20:13,446 - INFO - Epoch [ 350/2000] LR: 0.018726 | Train Loss: 0.000239 (Data: 0.00024, Mono: 0.00000) | Val MSE: 0.000079 (RMSE: 0.0089) 
2026-09-12 20:20:13,876 - INFO - Epoch [ 360/2000] LR: 0.018647 | Train Loss: 0.000497 (Data: 0.00050, Mono: 0.00000) | Val MSE: 0.000411 (RMSE: 0.0203) 
2026-09-12 20:20:14,319 - INFO - Epoch [ 370/2000] LR: 0.018566 | Train Loss: 0.000218 (Data: 0.00022, Mono: 0.00000) | Val MSE: 0.000140 (RMSE: 0.0118) 
2026-09-12 20:20:14,788 - INFO - Epoch [ 380/2000] LR: 0.018482 | Train Loss: 0.000168 (Data: 0.00017, Mono: 0.00000) | Val MSE: 0.000068 (RMSE: 0.0083) [BEST]
2026-09-12 20:20:14,892 - INFO - Epoch [ 382/2000] LR: 0.018466 | Train Loss: 0.000260 (Data: 0.00026, Mono: 0.00000) | Val MSE: 0.000064 (RMSE: 0.0080) [BEST]
2026-09-12 20:20:15,274 - INFO - Epoch [ 390/2000] LR: 0.018397 | Train Loss: 0.000381 (Data: 0.00038, Mono: 0.00000) | Val MSE: 0.000101 (RMSE: 0.0100) 
2026-09-12 20:20:15,746 - INFO - Epoch [ 400/2000] LR: 0.018309 | Train Loss: 0.000364 (Data: 0.00036, Mono: 0.00000) | Val MSE: 0.000190 (RMSE: 0.0138) 
2026-09-12 20:20:16,184 - INFO - Epoch [ 410/2000] LR: 0.018220 | Train Loss: 0.000188 (Data: 0.00019, Mono: 0.00000) | Val MSE: 0.000139 (RMSE: 0.0118) 
2026-09-12 20:20:16,607 - INFO - Epoch [ 420/2000] LR: 0.018128 | Train Loss: 0.000227 (Data: 0.00023, Mono: 0.00000) | Val MSE: 0.000301 (RMSE: 0.0173) 
2026-09-12 20:20:17,029 - INFO - Epoch [ 430/2000] LR: 0.018034 | Train Loss: 0.000193 (Data: 0.00019, Mono: 0.00000) | Val MSE: 0.000124 (RMSE: 0.0111) 
2026-09-12 20:20:17,458 - INFO - Epoch [ 440/2000] LR: 0.017938 | Train Loss: 0.000164 (Data: 0.00016, Mono: 0.00000) | Val MSE: 0.000117 (RMSE: 0.0108) 
2026-09-12 20:20:17,881 - INFO - Epoch [ 450/2000] LR: 0.017840 | Train Loss: 0.000237 (Data: 0.00024, Mono: 0.00000) | Val MSE: 0.000094 (RMSE: 0.0097) 
2026-09-12 20:20:18,303 - INFO - Epoch [ 460/2000] LR: 0.017740 | Train Loss: 0.000183 (Data: 0.00018, Mono: 0.00000) | Val MSE: 0.000272 (RMSE: 0.0165) 
2026-09-12 20:20:18,764 - INFO - Epoch [ 470/2000] LR: 0.017638 | Train Loss: 0.000224 (Data: 0.00022, Mono: 0.00000) | Val MSE: 0.000168 (RMSE: 0.0129) 
2026-09-12 20:20:19,198 - INFO - Epoch [ 480/2000] LR: 0.017534 | Train Loss: 0.000295 (Data: 0.00029, Mono: 0.00000) | Val MSE: 0.000222 (RMSE: 0.0149) 
2026-09-12 20:20:19,657 - INFO - Epoch [ 490/2000] LR: 0.017428 | Train Loss: 0.000278 (Data: 0.00028, Mono: 0.00000) | Val MSE: 0.000115 (RMSE: 0.0107) 
2026-09-12 20:20:20,097 - INFO - Epoch [ 500/2000] LR: 0.017320 | Train Loss: 0.000443 (Data: 0.00044, Mono: 0.00000) | Val MSE: 0.000197 (RMSE: 0.0140) 
2026-09-12 20:20:20,535 - INFO - Epoch [ 510/2000] LR: 0.017211 | Train Loss: 0.000209 (Data: 0.00021, Mono: 0.00000) | Val MSE: 0.000100 (RMSE: 0.0100) 
2026-09-12 20:20:20,976 - INFO - Epoch [ 520/2000] LR: 0.017099 | Train Loss: 0.000484 (Data: 0.00048, Mono: 0.00000) | Val MSE: 0.000188 (RMSE: 0.0137) 
2026-09-12 20:20:21,404 - INFO - Epoch [ 530/2000] LR: 0.016986 | Train Loss: 0.000133 (Data: 0.00013, Mono: 0.00000) | Val MSE: 0.000106 (RMSE: 0.0103) 
2026-09-12 20:20:21,449 - INFO - Epoch [ 531/2000] LR: 0.016975 | Train Loss: 0.000212 (Data: 0.00021, Mono: 0.00000) | Val MSE: 0.000055 (RMSE: 0.0074) [BEST]
2026-09-12 20:20:21,820 - INFO - Epoch [ 540/2000] LR: 0.016871 | Train Loss: 0.000416 (Data: 0.00042, Mono: 0.00000) | Val MSE: 0.000189 (RMSE: 0.0137) 
2026-09-12 20:20:22,256 - INFO - Epoch [ 550/2000] LR: 0.016755 | Train Loss: 0.000196 (Data: 0.00020, Mono: 0.00000) | Val MSE: 0.000066 (RMSE: 0.0081) 
2026-09-12 20:20:22,463 - INFO - Epoch [ 555/2000] LR: 0.016696 | Train Loss: 0.000249 (Data: 0.00025, Mono: 0.00000) | Val MSE: 0.000053 (RMSE: 0.0073) [BEST]
2026-09-12 20:20:22,700 - INFO - Epoch [ 560/2000] LR: 0.016636 | Train Loss: 0.000157 (Data: 0.00016, Mono: 0.00000) | Val MSE: 0.000489 (RMSE: 0.0221) 
2026-09-12 20:20:23,132 - INFO - Epoch [ 570/2000] LR: 0.016516 | Train Loss: 0.000194 (Data: 0.00019, Mono: 0.00000) | Val MSE: 0.000142 (RMSE: 0.0119) 
2026-09-12 20:20:23,547 - INFO - Epoch [ 580/2000] LR: 0.016394 | Train Loss: 0.000211 (Data: 0.00021, Mono: 0.00000) | Val MSE: 0.000245 (RMSE: 0.0156) 
2026-09-12 20:20:23,978 - INFO - Epoch [ 590/2000] LR: 0.016271 | Train Loss: 0.000167 (Data: 0.00017, Mono: 0.00000) | Val MSE: 0.000099 (RMSE: 0.0099) 
2026-09-12 20:20:24,395 - INFO - Epoch [ 600/2000] LR: 0.016146 | Train Loss: 0.000278 (Data: 0.00028, Mono: 0.00000) | Val MSE: 0.000447 (RMSE: 0.0211) 
2026-09-12 20:20:24,859 - INFO - Epoch [ 610/2000] LR: 0.016019 | Train Loss: 0.000229 (Data: 0.00023, Mono: 0.00000) | Val MSE: 0.000082 (RMSE: 0.0091) 
2026-09-12 20:20:25,287 - INFO - Epoch [ 620/2000] LR: 0.015891 | Train Loss: 0.000210 (Data: 0.00021, Mono: 0.00000) | Val MSE: 0.000300 (RMSE: 0.0173) 
2026-09-12 20:20:25,671 - INFO - Epoch [ 629/2000] LR: 0.015775 | Train Loss: 0.000137 (Data: 0.00014, Mono: 0.00000) | Val MSE: 0.000049 (RMSE: 0.0070) [BEST]
2026-09-12 20:20:25,717 - INFO - Epoch [ 630/2000] LR: 0.015761 | Train Loss: 0.000229 (Data: 0.00023, Mono: 0.00000) | Val MSE: 0.000058 (RMSE: 0.0076) 
2026-09-12 20:20:26,131 - INFO - Epoch [ 640/2000] LR: 0.015630 | Train Loss: 0.000172 (Data: 0.00017, Mono: 0.00000) | Val MSE: 0.000075 (RMSE: 0.0086) 
2026-09-12 20:20:26,550 - INFO - Epoch [ 650/2000] LR: 0.015498 | Train Loss: 0.000212 (Data: 0.00021, Mono: 0.00000) | Val MSE: 0.000287 (RMSE: 0.0169) 
2026-09-12 20:20:26,991 - INFO - Epoch [ 660/2000] LR: 0.015364 | Train Loss: 0.000164 (Data: 0.00016, Mono: 0.00000) | Val MSE: 0.000129 (RMSE: 0.0114) 
2026-09-12 20:20:27,556 - INFO - Epoch [ 670/2000] LR: 0.015229 | Train Loss: 0.000199 (Data: 0.00020, Mono: 0.00000) | Val MSE: 0.000131 (RMSE: 0.0114) 
2026-09-12 20:20:28,030 - INFO - Epoch [ 680/2000] LR: 0.015092 | Train Loss: 0.000187 (Data: 0.00019, Mono: 0.00000) | Val MSE: 0.000407 (RMSE: 0.0202) 
2026-09-12 20:20:28,505 - INFO - Epoch [ 690/2000] LR: 0.014954 | Train Loss: 0.000210 (Data: 0.00021, Mono: 0.00000) | Val MSE: 0.000321 (RMSE: 0.0179) 
2026-09-12 20:20:29,005 - INFO - Epoch [ 700/2000] LR: 0.014815 | Train Loss: 0.000332 (Data: 0.00033, Mono: 0.00000) | Val MSE: 0.000355 (RMSE: 0.0188) 
2026-09-12 20:20:29,510 - INFO - Epoch [ 710/2000] LR: 0.014675 | Train Loss: 0.000323 (Data: 0.00032, Mono: 0.00000) | Val MSE: 0.000152 (RMSE: 0.0123) 
2026-09-12 20:20:29,994 - INFO - Epoch [ 720/2000] LR: 0.014533 | Train Loss: 0.000156 (Data: 0.00016, Mono: 0.00000) | Val MSE: 0.000146 (RMSE: 0.0121) 
2026-09-12 20:20:30,509 - INFO - Epoch [ 730/2000] LR: 0.014391 | Train Loss: 0.000166 (Data: 0.00017, Mono: 0.00000) | Val MSE: 0.000144 (RMSE: 0.0120) 
2026-09-12 20:20:31,020 - INFO - Epoch [ 740/2000] LR: 0.014247 | Train Loss: 0.000135 (Data: 0.00013, Mono: 0.00000) | Val MSE: 0.000310 (RMSE: 0.0176) 
2026-09-12 20:20:31,536 - INFO - Epoch [ 750/2000] LR: 0.014102 | Train Loss: 0.000150 (Data: 0.00015, Mono: 0.00000) | Val MSE: 0.000203 (RMSE: 0.0143) 
2026-09-12 20:20:32,031 - INFO - Epoch [ 760/2000] LR: 0.013956 | Train Loss: 0.000280 (Data: 0.00028, Mono: 0.00000) | Val MSE: 0.000099 (RMSE: 0.0099) 
2026-09-12 20:20:32,512 - INFO - Epoch [ 770/2000] LR: 0.013809 | Train Loss: 0.000129 (Data: 0.00013, Mono: 0.00000) | Val MSE: 0.000120 (RMSE: 0.0109) 
2026-09-12 20:20:32,985 - INFO - Epoch [ 780/2000] LR: 0.013661 | Train Loss: 0.000219 (Data: 0.00022, Mono: 0.00000) | Val MSE: 0.000073 (RMSE: 0.0086) 
2026-09-12 20:20:33,493 - INFO - Epoch [ 790/2000] LR: 0.013512 | Train Loss: 0.000286 (Data: 0.00029, Mono: 0.00000) | Val MSE: 0.000109 (RMSE: 0.0105) 
2026-09-12 20:20:33,988 - INFO - Epoch [ 800/2000] LR: 0.013362 | Train Loss: 0.000153 (Data: 0.00015, Mono: 0.00000) | Val MSE: 0.000056 (RMSE: 0.0075) 
2026-09-12 20:20:34,483 - INFO - Epoch [ 810/2000] LR: 0.013212 | Train Loss: 0.000174 (Data: 0.00017, Mono: 0.00000) | Val MSE: 0.000402 (RMSE: 0.0201) 
2026-09-12 20:20:35,003 - INFO - Epoch [ 820/2000] LR: 0.013060 | Train Loss: 0.000223 (Data: 0.00022, Mono: 0.00000) | Val MSE: 0.000419 (RMSE: 0.0205) 
2026-09-12 20:20:35,442 - INFO - [*] Early stopping triggered at epoch 829. Best epoch was 629 with Val MSE: 0.000049
2026-09-12 20:20:35,442 - INFO - Training completed in 37.79s. Loading best checkpoint from epoch 629 for final test evaluation...
2026-09-12 20:20:35,472 - INFO - ==================================================
2026-09-12 20:20:35,472 - INFO - Test Results for [XJTU] - [R3] (Best Epoch 629):
2026-09-12 20:20:35,472 - INFO -   Test RMSE: 0.010000
2026-09-12 20:20:35,472 - INFO -   Test MAE:  0.008111
2026-09-12 20:20:35,472 - INFO -   Test MAPE: 0.870705
2026-09-12 20:20:35,473 - INFO -   Test MSE:  0.000100
2026-09-12 20:20:35,473 - INFO - ==================================================
2026-09-12 21:01:37,485 - INFO - ==================================================
2026-09-12 21:01:37,485 - INFO - Starting FusionMLP Training for [XJTU] - [R3]
2026-09-12 21:01:37,486 - INFO - Device: cuda | Epochs: 2000 | LR: 0.000200 | Mono Weight: 0.4000 | Knee Feature: True
2026-09-12 21:01:37,486 - INFO - ==================================================
2026-09-12 21:01:37,596 - INFO - Data Splits: Train=5, Val=1, Test=2
2026-09-12 21:01:37,665 - INFO - Epoch [   1/2000] LR: 0.006066 | Train Loss: 0.433778 (Data: 0.43376, Mono: 0.00005) | Val MSE: 0.052071 (RMSE: 0.2282) [BEST]
2026-09-12 21:01:37,715 - INFO - Epoch [   2/2000] LR: 0.005864 | Train Loss: 0.172799 (Data: 0.17277, Mono: 0.00008) | Val MSE: 0.048093 (RMSE: 0.2193) [BEST]
2026-09-12 21:01:37,766 - INFO - Epoch [   3/2000] LR: 0.005661 | Train Loss: 0.099254 (Data: 0.09922, Mono: 0.00008) | Val MSE: 0.021989 (RMSE: 0.1483) [BEST]
2026-09-12 21:01:37,813 - INFO - Epoch [   4/2000] LR: 0.005459 | Train Loss: 0.106521 (Data: 0.10650, Mono: 0.00006) | Val MSE: 0.003166 (RMSE: 0.0563) [BEST]
2026-09-12 21:01:37,946 - INFO - Epoch [   7/2000] LR: 0.004852 | Train Loss: 0.055729 (Data: 0.05571, Mono: 0.00006) | Val MSE: 0.002285 (RMSE: 0.0478) [BEST]
2026-09-12 21:01:37,992 - INFO - Epoch [   8/2000] LR: 0.004650 | Train Loss: 0.048870 (Data: 0.04885, Mono: 0.00005) | Val MSE: 0.000631 (RMSE: 0.0251) [BEST]
2026-09-12 21:01:38,087 - INFO - Epoch [  10/2000] LR: 0.004245 | Train Loss: 0.041571 (Data: 0.04155, Mono: 0.00005) | Val MSE: 0.001305 (RMSE: 0.0361) 
2026-09-12 21:01:38,128 - INFO - Epoch [  11/2000] LR: 0.004043 | Train Loss: 0.037709 (Data: 0.03769, Mono: 0.00005) | Val MSE: 0.000493 (RMSE: 0.0222) [BEST]
2026-09-12 21:01:38,276 - INFO - Epoch [  14/2000] LR: 0.003436 | Train Loss: 0.031003 (Data: 0.03099, Mono: 0.00004) | Val MSE: 0.000430 (RMSE: 0.0207) [BEST]
2026-09-12 21:01:38,562 - INFO - Epoch [  20/2000] LR: 0.002223 | Train Loss: 0.026845 (Data: 0.02683, Mono: 0.00004) | Val MSE: 0.000658 (RMSE: 0.0257) 
2026-09-12 21:01:38,780 - INFO - Epoch [  25/2000] LR: 0.001211 | Train Loss: 0.023493 (Data: 0.02348, Mono: 0.00003) | Val MSE: 0.000406 (RMSE: 0.0202) [BEST]
2026-09-12 21:01:39,087 - INFO - Epoch [  30/2000] LR: 0.000200 | Train Loss: 0.022658 (Data: 0.02264, Mono: 0.00004) | Val MSE: 0.000611 (RMSE: 0.0247) 
2026-09-12 21:01:39,545 - INFO - Epoch [  40/2000] LR: 0.000200 | Train Loss: 0.021703 (Data: 0.02169, Mono: 0.00004) | Val MSE: 0.000477 (RMSE: 0.0218) 
2026-09-12 21:01:39,975 - INFO - Epoch [  50/2000] LR: 0.000200 | Train Loss: 0.021341 (Data: 0.02133, Mono: 0.00004) | Val MSE: 0.000470 (RMSE: 0.0217) 
2026-09-12 21:01:40,395 - INFO - Epoch [  60/2000] LR: 0.000200 | Train Loss: 0.020652 (Data: 0.02064, Mono: 0.00003) | Val MSE: 0.000484 (RMSE: 0.0220) 
2026-09-12 21:01:40,729 - INFO - Epoch [  68/2000] LR: 0.000200 | Train Loss: 0.020121 (Data: 0.02011, Mono: 0.00003) | Val MSE: 0.000398 (RMSE: 0.0200) [BEST]
2026-09-12 21:01:40,771 - INFO - Epoch [  69/2000] LR: 0.000200 | Train Loss: 0.019613 (Data: 0.01960, Mono: 0.00003) | Val MSE: 0.000398 (RMSE: 0.0199) [BEST]
2026-09-12 21:01:40,812 - INFO - Epoch [  70/2000] LR: 0.000200 | Train Loss: 0.020295 (Data: 0.02028, Mono: 0.00003) | Val MSE: 0.000405 (RMSE: 0.0201) 
2026-09-12 21:01:41,193 - INFO - Epoch [  80/2000] LR: 0.000200 | Train Loss: 0.019011 (Data: 0.01900, Mono: 0.00003) | Val MSE: 0.000470 (RMSE: 0.0217) 
2026-09-12 21:01:41,562 - INFO - Epoch [  90/2000] LR: 0.000200 | Train Loss: 0.018767 (Data: 0.01875, Mono: 0.00004) | Val MSE: 0.000420 (RMSE: 0.0205) 
2026-09-12 21:01:41,960 - INFO - Epoch [ 100/2000] LR: 0.000199 | Train Loss: 0.017890 (Data: 0.01788, Mono: 0.00003) | Val MSE: 0.000486 (RMSE: 0.0220) 
2026-09-12 21:01:42,346 - INFO - Epoch [ 110/2000] LR: 0.000199 | Train Loss: 0.017604 (Data: 0.01759, Mono: 0.00003) | Val MSE: 0.000432 (RMSE: 0.0208) 
2026-09-12 21:01:42,767 - INFO - Epoch [ 120/2000] LR: 0.000199 | Train Loss: 0.016648 (Data: 0.01664, Mono: 0.00003) | Val MSE: 0.000441 (RMSE: 0.0210) 
2026-09-12 21:01:43,169 - INFO - Epoch [ 130/2000] LR: 0.000199 | Train Loss: 0.015452 (Data: 0.01544, Mono: 0.00003) | Val MSE: 0.000422 (RMSE: 0.0205) 
2026-09-12 21:01:43,259 - INFO - Epoch [ 132/2000] LR: 0.000199 | Train Loss: 0.015551 (Data: 0.01554, Mono: 0.00003) | Val MSE: 0.000397 (RMSE: 0.0199) [BEST]
2026-09-12 21:01:43,582 - INFO - Epoch [ 140/2000] LR: 0.000198 | Train Loss: 0.014891 (Data: 0.01488, Mono: 0.00003) | Val MSE: 0.000423 (RMSE: 0.0206) 
2026-09-12 21:01:43,655 - INFO - Epoch [ 142/2000] LR: 0.000198 | Train Loss: 0.014885 (Data: 0.01487, Mono: 0.00003) | Val MSE: 0.000392 (RMSE: 0.0198) [BEST]
2026-09-12 21:01:43,836 - INFO - Epoch [ 146/2000] LR: 0.000198 | Train Loss: 0.014935 (Data: 0.01492, Mono: 0.00003) | Val MSE: 0.000390 (RMSE: 0.0198) [BEST]
2026-09-12 21:01:43,996 - INFO - Epoch [ 150/2000] LR: 0.000198 | Train Loss: 0.014839 (Data: 0.01483, Mono: 0.00003) | Val MSE: 0.000431 (RMSE: 0.0208) 
2026-09-12 21:01:44,375 - INFO - Epoch [ 160/2000] LR: 0.000198 | Train Loss: 0.013344 (Data: 0.01333, Mono: 0.00003) | Val MSE: 0.000424 (RMSE: 0.0206) 
2026-09-12 21:01:44,506 - INFO - Epoch [ 163/2000] LR: 0.000198 | Train Loss: 0.013365 (Data: 0.01335, Mono: 0.00003) | Val MSE: 0.000390 (RMSE: 0.0197) [BEST]
2026-09-12 21:01:44,773 - INFO - Epoch [ 170/2000] LR: 0.000198 | Train Loss: 0.013369 (Data: 0.01336, Mono: 0.00003) | Val MSE: 0.000424 (RMSE: 0.0206) 
2026-09-12 21:01:45,136 - INFO - Epoch [ 180/2000] LR: 0.000197 | Train Loss: 0.012921 (Data: 0.01291, Mono: 0.00003) | Val MSE: 0.000403 (RMSE: 0.0201) 
2026-09-12 21:01:45,548 - INFO - Epoch [ 190/2000] LR: 0.000197 | Train Loss: 0.012064 (Data: 0.01205, Mono: 0.00003) | Val MSE: 0.000417 (RMSE: 0.0204) 
2026-09-12 21:01:46,003 - INFO - Epoch [ 200/2000] LR: 0.000196 | Train Loss: 0.011752 (Data: 0.01174, Mono: 0.00003) | Val MSE: 0.000435 (RMSE: 0.0209) 
2026-09-12 21:01:46,411 - INFO - Epoch [ 210/2000] LR: 0.000196 | Train Loss: 0.011231 (Data: 0.01122, Mono: 0.00003) | Val MSE: 0.000435 (RMSE: 0.0208) 
2026-09-12 21:01:46,807 - INFO - Epoch [ 220/2000] LR: 0.000195 | Train Loss: 0.010711 (Data: 0.01070, Mono: 0.00002) | Val MSE: 0.000441 (RMSE: 0.0210) 
2026-09-12 21:01:47,250 - INFO - Epoch [ 230/2000] LR: 0.000195 | Train Loss: 0.010264 (Data: 0.01025, Mono: 0.00002) | Val MSE: 0.000435 (RMSE: 0.0209) 
2026-09-12 21:01:47,694 - INFO - Epoch [ 240/2000] LR: 0.000194 | Train Loss: 0.009857 (Data: 0.00985, Mono: 0.00002) | Val MSE: 0.000445 (RMSE: 0.0211) 
2026-09-12 21:01:48,073 - INFO - Epoch [ 250/2000] LR: 0.000194 | Train Loss: 0.009596 (Data: 0.00959, Mono: 0.00002) | Val MSE: 0.000444 (RMSE: 0.0211) 
2026-09-12 21:01:48,507 - INFO - Epoch [ 260/2000] LR: 0.000193 | Train Loss: 0.009537 (Data: 0.00953, Mono: 0.00002) | Val MSE: 0.000448 (RMSE: 0.0212) 
2026-09-12 21:01:48,936 - INFO - Epoch [ 270/2000] LR: 0.000193 | Train Loss: 0.009105 (Data: 0.00910, Mono: 0.00002) | Val MSE: 0.000463 (RMSE: 0.0215) 
2026-09-12 21:01:49,357 - INFO - Epoch [ 280/2000] LR: 0.000192 | Train Loss: 0.008661 (Data: 0.00865, Mono: 0.00002) | Val MSE: 0.000464 (RMSE: 0.0215) 
2026-09-12 21:01:49,742 - INFO - Epoch [ 290/2000] LR: 0.000192 | Train Loss: 0.008373 (Data: 0.00836, Mono: 0.00002) | Val MSE: 0.000474 (RMSE: 0.0218) 
2026-09-12 21:01:50,120 - INFO - Epoch [ 300/2000] LR: 0.000191 | Train Loss: 0.008363 (Data: 0.00835, Mono: 0.00002) | Val MSE: 0.000483 (RMSE: 0.0220) 
2026-09-12 21:01:50,531 - INFO - Epoch [ 310/2000] LR: 0.000190 | Train Loss: 0.007774 (Data: 0.00777, Mono: 0.00002) | Val MSE: 0.000492 (RMSE: 0.0222) 
2026-09-12 21:01:50,942 - INFO - Epoch [ 320/2000] LR: 0.000190 | Train Loss: 0.007769 (Data: 0.00776, Mono: 0.00002) | Val MSE: 0.000488 (RMSE: 0.0221) 
2026-09-12 21:01:51,355 - INFO - Epoch [ 330/2000] LR: 0.000189 | Train Loss: 0.007479 (Data: 0.00747, Mono: 0.00002) | Val MSE: 0.000501 (RMSE: 0.0224) 
2026-09-12 21:01:51,741 - INFO - Epoch [ 340/2000] LR: 0.000188 | Train Loss: 0.007377 (Data: 0.00737, Mono: 0.00002) | Val MSE: 0.000503 (RMSE: 0.0224) 
2026-09-12 21:01:52,149 - INFO - Epoch [ 350/2000] LR: 0.000187 | Train Loss: 0.006992 (Data: 0.00698, Mono: 0.00002) | Val MSE: 0.000515 (RMSE: 0.0227) 
2026-09-12 21:01:52,565 - INFO - Epoch [ 360/2000] LR: 0.000187 | Train Loss: 0.007039 (Data: 0.00703, Mono: 0.00002) | Val MSE: 0.000519 (RMSE: 0.0228) 
2026-09-12 21:01:52,687 - INFO - [*] Early stopping triggered at epoch 363. Best epoch was 163 with Val MSE: 0.000390
2026-09-12 21:01:52,687 - INFO - Training completed in 15.07s. Loading best checkpoint from epoch 163 for final test evaluation...
2026-09-12 21:01:52,719 - INFO - ==================================================
2026-09-12 21:01:52,719 - INFO - Test Results for [XJTU] - [R3] (Best Epoch 163):
2026-09-12 21:01:52,719 - INFO -   Test RMSE: 0.016583
2026-09-12 21:01:52,719 - INFO -   Test MAE:  0.014108
2026-09-12 21:01:52,719 - INFO -   Test MAPE: 1.496721
2026-09-12 21:01:52,720 - INFO -   Test MSE:  0.000275
2026-09-12 21:01:52,720 - INFO - ==================================================
2026-09-13 11:54:17,699 - INFO - ==================================================
2026-09-13 11:54:17,700 - INFO - Starting FusionMLP Training for [XJTU] - [R3]
2026-09-13 11:54:17,700 - INFO - Device: cuda | Epochs: 2000 | LR: 0.002000 | Mono Weight: 0.4000 | Knee Feature: True
2026-09-13 11:54:17,700 - INFO - ==================================================
2026-09-13 11:54:17,906 - INFO - Data Splits: Train=5, Val=1, Test=2
2026-09-13 11:54:18,085 - INFO - Epoch [   1/2000] LR: 0.006126 | Train Loss: 0.291656 (Data: 0.29161, Mono: 0.00010) | Val MSE: 0.006718 (RMSE: 0.0820) [BEST]
2026-09-13 11:54:18,257 - INFO - Epoch [   5/2000] LR: 0.005557 | Train Loss: 0.105434 (Data: 0.10540, Mono: 0.00008) | Val MSE: 0.003475 (RMSE: 0.0589) [BEST]
2026-09-13 11:54:18,317 - INFO - Epoch [   6/2000] LR: 0.005415 | Train Loss: 0.079390 (Data: 0.07936, Mono: 0.00008) | Val MSE: 0.001800 (RMSE: 0.0424) [BEST]
2026-09-13 11:54:18,364 - INFO - Epoch [   7/2000] LR: 0.005272 | Train Loss: 0.063752 (Data: 0.06373, Mono: 0.00006) | Val MSE: 0.001152 (RMSE: 0.0339) [BEST]
2026-09-13 11:54:18,434 - INFO - Epoch [   8/2000] LR: 0.005130 | Train Loss: 0.054405 (Data: 0.05438, Mono: 0.00006) | Val MSE: 0.000404 (RMSE: 0.0201) [BEST]
2026-09-13 11:54:18,516 - INFO - Epoch [  10/2000] LR: 0.004845 | Train Loss: 0.039279 (Data: 0.03926, Mono: 0.00005) | Val MSE: 0.000925 (RMSE: 0.0304) 
2026-09-13 11:54:18,951 - INFO - Epoch [  20/2000] LR: 0.003423 | Train Loss: 0.019992 (Data: 0.01998, Mono: 0.00004) | Val MSE: 0.000842 (RMSE: 0.0290) 
2026-09-13 11:54:19,384 - INFO - Epoch [  30/2000] LR: 0.002000 | Train Loss: 0.016139 (Data: 0.01613, Mono: 0.00003) | Val MSE: 0.000842 (RMSE: 0.0290) 
2026-09-13 11:54:19,829 - INFO - Epoch [  40/2000] LR: 0.002000 | Train Loss: 0.013962 (Data: 0.01395, Mono: 0.00003) | Val MSE: 0.000816 (RMSE: 0.0286) 
2026-09-13 11:54:20,246 - INFO - Epoch [  50/2000] LR: 0.001999 | Train Loss: 0.011439 (Data: 0.01143, Mono: 0.00002) | Val MSE: 0.000891 (RMSE: 0.0299) 
2026-09-13 11:54:20,656 - INFO - Epoch [  60/2000] LR: 0.001999 | Train Loss: 0.010245 (Data: 0.01024, Mono: 0.00002) | Val MSE: 0.000851 (RMSE: 0.0292) 
2026-09-13 11:54:21,088 - INFO - Epoch [  70/2000] LR: 0.001998 | Train Loss: 0.009199 (Data: 0.00919, Mono: 0.00002) | Val MSE: 0.000893 (RMSE: 0.0299) 
2026-09-13 11:54:21,514 - INFO - Epoch [  80/2000] LR: 0.001997 | Train Loss: 0.008511 (Data: 0.00850, Mono: 0.00002) | Val MSE: 0.000752 (RMSE: 0.0274) 
2026-09-13 11:54:21,947 - INFO - Epoch [  90/2000] LR: 0.001995 | Train Loss: 0.007378 (Data: 0.00737, Mono: 0.00002) | Val MSE: 0.000790 (RMSE: 0.0281) 
2026-09-13 11:54:22,362 - INFO - Epoch [ 100/2000] LR: 0.001994 | Train Loss: 0.006914 (Data: 0.00691, Mono: 0.00002) | Val MSE: 0.000802 (RMSE: 0.0283) 
2026-09-13 11:54:22,781 - INFO - Epoch [ 110/2000] LR: 0.001992 | Train Loss: 0.005965 (Data: 0.00596, Mono: 0.00002) | Val MSE: 0.000774 (RMSE: 0.0278) 
2026-09-13 11:54:23,196 - INFO - Epoch [ 120/2000] LR: 0.001990 | Train Loss: 0.005571 (Data: 0.00556, Mono: 0.00002) | Val MSE: 0.000699 (RMSE: 0.0264) 
2026-09-13 11:54:23,615 - INFO - Epoch [ 130/2000] LR: 0.001987 | Train Loss: 0.004923 (Data: 0.00492, Mono: 0.00002) | Val MSE: 0.000707 (RMSE: 0.0266) 
2026-09-13 11:54:24,019 - INFO - Epoch [ 140/2000] LR: 0.001985 | Train Loss: 0.004549 (Data: 0.00454, Mono: 0.00002) | Val MSE: 0.000720 (RMSE: 0.0268) 
2026-09-13 11:54:24,447 - INFO - Epoch [ 150/2000] LR: 0.001982 | Train Loss: 0.004160 (Data: 0.00415, Mono: 0.00002) | Val MSE: 0.000696 (RMSE: 0.0264) 
2026-09-13 11:54:24,879 - INFO - Epoch [ 160/2000] LR: 0.001979 | Train Loss: 0.003627 (Data: 0.00362, Mono: 0.00001) | Val MSE: 0.000673 (RMSE: 0.0259) 
2026-09-13 11:54:25,309 - INFO - Epoch [ 170/2000] LR: 0.001975 | Train Loss: 0.003353 (Data: 0.00335, Mono: 0.00001) | Val MSE: 0.000666 (RMSE: 0.0258) 
2026-09-13 11:54:25,723 - INFO - Epoch [ 180/2000] LR: 0.001972 | Train Loss: 0.003035 (Data: 0.00303, Mono: 0.00001) | Val MSE: 0.000661 (RMSE: 0.0257) 
2026-09-13 11:54:26,103 - INFO - Epoch [ 190/2000] LR: 0.001968 | Train Loss: 0.002829 (Data: 0.00282, Mono: 0.00001) | Val MSE: 0.000659 (RMSE: 0.0257) 
2026-09-13 11:54:26,488 - INFO - Epoch [ 200/2000] LR: 0.001964 | Train Loss: 0.002618 (Data: 0.00261, Mono: 0.00001) | Val MSE: 0.000690 (RMSE: 0.0263) 
2026-09-13 11:54:26,789 - INFO - [*] Early stopping triggered at epoch 208. Best epoch was 8 with Val MSE: 0.000404
2026-09-13 11:54:26,789 - INFO - Training completed in 8.81s. Loading best checkpoint from epoch 8 for final test evaluation...
2026-09-13 11:54:26,824 - INFO - ==================================================
2026-09-13 11:54:26,824 - INFO - Test Results for [XJTU] - [R3] (Best Epoch 8):
2026-09-13 11:54:26,824 - INFO -   Test RMSE: 0.021873
2026-09-13 11:54:26,824 - INFO -   Test MAE:  0.017161
2026-09-13 11:54:26,824 - INFO -   Test MAPE: 1.799779
2026-09-13 11:54:26,825 - INFO -   Test MSE:  0.000478
2026-09-13 11:54:26,825 - INFO - ==================================================
2026-09-13 13:24:45,847 - INFO - ==================================================
2026-09-13 13:24:45,847 - INFO - Starting FusionMLP Training for [XJTU] - [R3]
2026-09-13 13:24:45,847 - INFO - Device: cuda | Epochs: 2000 | LR: 0.002000 | Mono Weight: 0.4000 | Knee Feature: True
2026-09-13 13:24:45,848 - INFO - ==================================================
2026-09-13 13:24:45,920 - INFO - Data Splits: Train=5, Val=1, Test=2
2026-09-13 13:24:45,978 - INFO - Epoch [   1/2000] LR: 0.006126 | Train Loss: 0.285898 (Data: 0.28587, Mono: 0.00006) | Val MSE: 0.087921 (RMSE: 0.2965) [BEST]
2026-09-13 13:24:46,017 - INFO - Epoch [   2/2000] LR: 0.005984 | Train Loss: 0.105901 (Data: 0.10588, Mono: 0.00006) | Val MSE: 0.061030 (RMSE: 0.2470) [BEST]
2026-09-13 13:24:46,059 - INFO - Epoch [   3/2000] LR: 0.005841 | Train Loss: 0.092804 (Data: 0.09278, Mono: 0.00005) | Val MSE: 0.011818 (RMSE: 0.1087) [BEST]
2026-09-13 13:24:46,136 - INFO - Epoch [   5/2000] LR: 0.005557 | Train Loss: 0.052094 (Data: 0.05207, Mono: 0.00005) | Val MSE: 0.010783 (RMSE: 0.1038) [BEST]
2026-09-13 13:24:46,181 - INFO - Epoch [   6/2000] LR: 0.005415 | Train Loss: 0.051809 (Data: 0.05179, Mono: 0.00004) | Val MSE: 0.000376 (RMSE: 0.0194) [BEST]
2026-09-13 13:24:46,331 - INFO - Epoch [  10/2000] LR: 0.004845 | Train Loss: 0.028458 (Data: 0.02844, Mono: 0.00004) | Val MSE: 0.001884 (RMSE: 0.0434) 
2026-09-13 13:24:46,408 - INFO - Epoch [  12/2000] LR: 0.004561 | Train Loss: 0.025320 (Data: 0.02530, Mono: 0.00004) | Val MSE: 0.000303 (RMSE: 0.0174) [BEST]
2026-09-13 13:24:46,536 - INFO - Epoch [  15/2000] LR: 0.004134 | Train Loss: 0.018869 (Data: 0.01886, Mono: 0.00003) | Val MSE: 0.000198 (RMSE: 0.0141) [BEST]
2026-09-13 13:24:46,660 - INFO - Epoch [  18/2000] LR: 0.003707 | Train Loss: 0.017000 (Data: 0.01699, Mono: 0.00003) | Val MSE: 0.000173 (RMSE: 0.0132) [BEST]
2026-09-13 13:24:46,753 - INFO - Epoch [  20/2000] LR: 0.003423 | Train Loss: 0.015060 (Data: 0.01505, Mono: 0.00003) | Val MSE: 0.000370 (RMSE: 0.0192) 
2026-09-13 13:24:47,143 - INFO - Epoch [  30/2000] LR: 0.002000 | Train Loss: 0.012238 (Data: 0.01223, Mono: 0.00003) | Val MSE: 0.000320 (RMSE: 0.0179) 
2026-09-13 13:24:47,218 - INFO - Epoch [  32/2000] LR: 0.002000 | Train Loss: 0.011455 (Data: 0.01144, Mono: 0.00003) | Val MSE: 0.000161 (RMSE: 0.0127) [BEST]
2026-09-13 13:24:47,482 - INFO - Epoch [  39/2000] LR: 0.002000 | Train Loss: 0.010323 (Data: 0.01031, Mono: 0.00002) | Val MSE: 0.000158 (RMSE: 0.0126) [BEST]
2026-09-13 13:24:47,523 - INFO - Epoch [  40/2000] LR: 0.002000 | Train Loss: 0.009936 (Data: 0.00993, Mono: 0.00003) | Val MSE: 0.000281 (RMSE: 0.0168) 
2026-09-13 13:24:47,868 - INFO - Epoch [  50/2000] LR: 0.001999 | Train Loss: 0.008751 (Data: 0.00874, Mono: 0.00002) | Val MSE: 0.000161 (RMSE: 0.0127) 
2026-09-13 13:24:48,065 - INFO - Epoch [  55/2000] LR: 0.001999 | Train Loss: 0.007909 (Data: 0.00790, Mono: 0.00002) | Val MSE: 0.000154 (RMSE: 0.0124) [BEST]
2026-09-13 13:24:48,257 - INFO - Epoch [  60/2000] LR: 0.001999 | Train Loss: 0.007866 (Data: 0.00786, Mono: 0.00002) | Val MSE: 0.000215 (RMSE: 0.0147) 
2026-09-13 13:24:48,622 - INFO - Epoch [  70/2000] LR: 0.001998 | Train Loss: 0.006829 (Data: 0.00682, Mono: 0.00002) | Val MSE: 0.000273 (RMSE: 0.0165) 
2026-09-13 13:24:48,985 - INFO - Epoch [  80/2000] LR: 0.001997 | Train Loss: 0.006328 (Data: 0.00632, Mono: 0.00002) | Val MSE: 0.000310 (RMSE: 0.0176) 
2026-09-13 13:24:49,354 - INFO - Epoch [  90/2000] LR: 0.001995 | Train Loss: 0.005736 (Data: 0.00573, Mono: 0.00002) | Val MSE: 0.000249 (RMSE: 0.0158) 
2026-09-13 13:24:49,719 - INFO - Epoch [ 100/2000] LR: 0.001994 | Train Loss: 0.005411 (Data: 0.00540, Mono: 0.00002) | Val MSE: 0.000350 (RMSE: 0.0187) 
2026-09-13 13:24:50,087 - INFO - Epoch [ 110/2000] LR: 0.001992 | Train Loss: 0.004717 (Data: 0.00471, Mono: 0.00002) | Val MSE: 0.000251 (RMSE: 0.0158) 
2026-09-13 13:24:50,445 - INFO - Epoch [ 120/2000] LR: 0.001990 | Train Loss: 0.004552 (Data: 0.00454, Mono: 0.00002) | Val MSE: 0.000328 (RMSE: 0.0181) 
2026-09-13 13:24:50,813 - INFO - Epoch [ 130/2000] LR: 0.001987 | Train Loss: 0.004276 (Data: 0.00427, Mono: 0.00002) | Val MSE: 0.000269 (RMSE: 0.0164) 
2026-09-13 13:24:51,179 - INFO - Epoch [ 140/2000] LR: 0.001985 | Train Loss: 0.003936 (Data: 0.00393, Mono: 0.00001) | Val MSE: 0.000326 (RMSE: 0.0180) 
2026-09-13 13:24:51,552 - INFO - Epoch [ 150/2000] LR: 0.001982 | Train Loss: 0.003797 (Data: 0.00379, Mono: 0.00001) | Val MSE: 0.000309 (RMSE: 0.0176) 
2026-09-13 13:24:51,914 - INFO - Epoch [ 160/2000] LR: 0.001979 | Train Loss: 0.003632 (Data: 0.00363, Mono: 0.00002) | Val MSE: 0.000312 (RMSE: 0.0177) 
2026-09-13 13:24:52,290 - INFO - Epoch [ 170/2000] LR: 0.001975 | Train Loss: 0.003483 (Data: 0.00348, Mono: 0.00001) | Val MSE: 0.000336 (RMSE: 0.0183) 
2026-09-13 13:24:52,671 - INFO - Epoch [ 180/2000] LR: 0.001972 | Train Loss: 0.003293 (Data: 0.00329, Mono: 0.00001) | Val MSE: 0.000417 (RMSE: 0.0204) 
2026-09-13 13:24:53,031 - INFO - Epoch [ 190/2000] LR: 0.001968 | Train Loss: 0.003218 (Data: 0.00321, Mono: 0.00001) | Val MSE: 0.000356 (RMSE: 0.0189) 
2026-09-13 13:24:53,391 - INFO - Epoch [ 200/2000] LR: 0.001964 | Train Loss: 0.002901 (Data: 0.00290, Mono: 0.00001) | Val MSE: 0.000368 (RMSE: 0.0192) 
2026-09-13 13:24:53,768 - INFO - Epoch [ 210/2000] LR: 0.001959 | Train Loss: 0.002955 (Data: 0.00295, Mono: 0.00001) | Val MSE: 0.000413 (RMSE: 0.0203) 
2026-09-13 13:24:54,138 - INFO - Epoch [ 220/2000] LR: 0.001954 | Train Loss: 0.002899 (Data: 0.00289, Mono: 0.00001) | Val MSE: 0.000370 (RMSE: 0.0192) 
2026-09-13 13:24:54,514 - INFO - Epoch [ 230/2000] LR: 0.001950 | Train Loss: 0.002696 (Data: 0.00269, Mono: 0.00001) | Val MSE: 0.000387 (RMSE: 0.0197) 
2026-09-13 13:24:54,879 - INFO - Epoch [ 240/2000] LR: 0.001944 | Train Loss: 0.002534 (Data: 0.00253, Mono: 0.00001) | Val MSE: 0.000355 (RMSE: 0.0188) 
2026-09-13 13:24:55,254 - INFO - Epoch [ 250/2000] LR: 0.001939 | Train Loss: 0.002482 (Data: 0.00248, Mono: 0.00001) | Val MSE: 0.000399 (RMSE: 0.0200) 
2026-09-13 13:24:55,446 - INFO - [*] Early stopping triggered at epoch 255. Best epoch was 55 with Val MSE: 0.000154
2026-09-13 13:24:55,446 - INFO - Training completed in 9.51s. Loading best checkpoint from epoch 55 for final test evaluation...
2026-09-13 13:24:55,475 - INFO - ==================================================
2026-09-13 13:24:55,475 - INFO - Test Results for [XJTU] - [R3] (Best Epoch 55):
2026-09-13 13:24:55,476 - INFO -   Test RMSE: 0.011791
2026-09-13 13:24:55,476 - INFO -   Test MAE:  0.009702
2026-09-13 13:24:55,476 - INFO -   Test MAPE: 1.032542
2026-09-13 13:24:55,476 - INFO -   Test MSE:  0.000139
2026-09-13 13:24:55,476 - INFO - ==================================================
2026-09-13 13:46:20,225 - INFO - ==================================================
2026-09-13 13:46:20,225 - INFO - Starting FusionMLP Training for [XJTU] - [R3]
2026-09-13 13:46:20,225 - INFO - Device: cuda | Epochs: 2000 | LR: 0.000100 | Mono Weight: 0.4000 | Knee Feature: True
2026-09-13 13:46:20,225 - INFO - ==================================================
2026-09-13 13:46:20,290 - INFO - Data Splits: Train=5, Val=1, Test=2
2026-09-13 13:46:20,362 - INFO - Epoch [   1/2000] LR: 0.006063 | Train Loss: 0.349366 (Data: 0.34935, Mono: 0.00004) | Val MSE: 0.120186 (RMSE: 0.3467) [BEST]
2026-09-13 13:46:20,399 - INFO - Epoch [   2/2000] LR: 0.005857 | Train Loss: 0.128471 (Data: 0.12845, Mono: 0.00004) | Val MSE: 0.091239 (RMSE: 0.3021) [BEST]
2026-09-13 13:46:20,429 - INFO - Epoch [   3/2000] LR: 0.005651 | Train Loss: 0.078565 (Data: 0.07855, Mono: 0.00005) | Val MSE: 0.009311 (RMSE: 0.0965) [BEST]
2026-09-13 13:46:20,528 - INFO - Epoch [   6/2000] LR: 0.005035 | Train Loss: 0.026279 (Data: 0.02626, Mono: 0.00004) | Val MSE: 0.003327 (RMSE: 0.0577) [BEST]
2026-09-13 13:46:20,570 - INFO - Epoch [   7/2000] LR: 0.004829 | Train Loss: 0.025768 (Data: 0.02576, Mono: 0.00003) | Val MSE: 0.001059 (RMSE: 0.0325) [BEST]
2026-09-13 13:46:20,662 - INFO - Epoch [  10/2000] LR: 0.004212 | Train Loss: 0.016411 (Data: 0.01640, Mono: 0.00003) | Val MSE: 0.000358 (RMSE: 0.0189) [BEST]
2026-09-13 13:46:20,770 - INFO - Epoch [  13/2000] LR: 0.003595 | Train Loss: 0.013103 (Data: 0.01309, Mono: 0.00003) | Val MSE: 0.000344 (RMSE: 0.0186) [BEST]
2026-09-13 13:46:20,863 - INFO - Epoch [  16/2000] LR: 0.002979 | Train Loss: 0.011498 (Data: 0.01149, Mono: 0.00003) | Val MSE: 0.000295 (RMSE: 0.0172) [BEST]
2026-09-13 13:46:20,983 - INFO - Epoch [  19/2000] LR: 0.002362 | Train Loss: 0.010237 (Data: 0.01023, Mono: 0.00003) | Val MSE: 0.000293 (RMSE: 0.0171) [BEST]
2026-09-13 13:46:21,022 - INFO - Epoch [  20/2000] LR: 0.002156 | Train Loss: 0.009935 (Data: 0.00992, Mono: 0.00002) | Val MSE: 0.000321 (RMSE: 0.0179) 
2026-09-13 13:46:21,122 - INFO - Epoch [  23/2000] LR: 0.001539 | Train Loss: 0.008905 (Data: 0.00889, Mono: 0.00003) | Val MSE: 0.000267 (RMSE: 0.0163) [BEST]
2026-09-13 13:46:21,344 - INFO - Epoch [  30/2000] LR: 0.000100 | Train Loss: 0.008850 (Data: 0.00884, Mono: 0.00003) | Val MSE: 0.000315 (RMSE: 0.0178) 
2026-09-13 13:46:21,669 - INFO - Epoch [  40/2000] LR: 0.000100 | Train Loss: 0.008694 (Data: 0.00868, Mono: 0.00003) | Val MSE: 0.000357 (RMSE: 0.0189) 
2026-09-13 13:46:21,994 - INFO - Epoch [  50/2000] LR: 0.000100 | Train Loss: 0.008757 (Data: 0.00875, Mono: 0.00003) | Val MSE: 0.000349 (RMSE: 0.0187) 
2026-09-13 13:46:22,325 - INFO - Epoch [  60/2000] LR: 0.000100 | Train Loss: 0.008223 (Data: 0.00821, Mono: 0.00002) | Val MSE: 0.000331 (RMSE: 0.0182) 
2026-09-13 13:46:22,663 - INFO - Epoch [  70/2000] LR: 0.000100 | Train Loss: 0.008395 (Data: 0.00838, Mono: 0.00003) | Val MSE: 0.000331 (RMSE: 0.0182) 
2026-09-13 13:46:22,988 - INFO - Epoch [  80/2000] LR: 0.000100 | Train Loss: 0.008366 (Data: 0.00836, Mono: 0.00002) | Val MSE: 0.000320 (RMSE: 0.0179) 
2026-09-13 13:46:23,315 - INFO - Epoch [  90/2000] LR: 0.000100 | Train Loss: 0.008301 (Data: 0.00829, Mono: 0.00002) | Val MSE: 0.000328 (RMSE: 0.0181) 
2026-09-13 13:46:23,641 - INFO - Epoch [ 100/2000] LR: 0.000100 | Train Loss: 0.007813 (Data: 0.00780, Mono: 0.00002) | Val MSE: 0.000309 (RMSE: 0.0176) 
2026-09-13 13:46:23,965 - INFO - Epoch [ 110/2000] LR: 0.000100 | Train Loss: 0.007895 (Data: 0.00789, Mono: 0.00002) | Val MSE: 0.000302 (RMSE: 0.0174) 
2026-09-13 13:46:24,297 - INFO - Epoch [ 120/2000] LR: 0.000099 | Train Loss: 0.007945 (Data: 0.00794, Mono: 0.00002) | Val MSE: 0.000293 (RMSE: 0.0171) 
2026-09-13 13:46:24,627 - INFO - Epoch [ 130/2000] LR: 0.000099 | Train Loss: 0.007649 (Data: 0.00764, Mono: 0.00002) | Val MSE: 0.000290 (RMSE: 0.0170) 
2026-09-13 13:46:24,955 - INFO - Epoch [ 140/2000] LR: 0.000099 | Train Loss: 0.007710 (Data: 0.00770, Mono: 0.00002) | Val MSE: 0.000313 (RMSE: 0.0177) 
2026-09-13 13:46:25,286 - INFO - Epoch [ 150/2000] LR: 0.000099 | Train Loss: 0.007285 (Data: 0.00728, Mono: 0.00002) | Val MSE: 0.000255 (RMSE: 0.0160) [BEST]
2026-09-13 13:46:25,331 - INFO - Epoch [ 151/2000] LR: 0.000099 | Train Loss: 0.007699 (Data: 0.00769, Mono: 0.00002) | Val MSE: 0.000253 (RMSE: 0.0159) [BEST]
2026-09-13 13:46:25,623 - INFO - Epoch [ 160/2000] LR: 0.000099 | Train Loss: 0.007318 (Data: 0.00731, Mono: 0.00002) | Val MSE: 0.000284 (RMSE: 0.0168) 
2026-09-13 13:46:25,951 - INFO - Epoch [ 170/2000] LR: 0.000099 | Train Loss: 0.006766 (Data: 0.00676, Mono: 0.00002) | Val MSE: 0.000288 (RMSE: 0.0170) 
2026-09-13 13:46:26,277 - INFO - Epoch [ 180/2000] LR: 0.000099 | Train Loss: 0.007047 (Data: 0.00704, Mono: 0.00002) | Val MSE: 0.000281 (RMSE: 0.0168) 
2026-09-13 13:46:26,603 - INFO - Epoch [ 190/2000] LR: 0.000098 | Train Loss: 0.006728 (Data: 0.00672, Mono: 0.00002) | Val MSE: 0.000271 (RMSE: 0.0165) 
2026-09-13 13:46:26,642 - INFO - Epoch [ 191/2000] LR: 0.000098 | Train Loss: 0.006706 (Data: 0.00670, Mono: 0.00002) | Val MSE: 0.000241 (RMSE: 0.0155) [BEST]
2026-09-13 13:46:26,679 - INFO - Epoch [ 192/2000] LR: 0.000098 | Train Loss: 0.006666 (Data: 0.00666, Mono: 0.00002) | Val MSE: 0.000219 (RMSE: 0.0148) [BEST]
2026-09-13 13:46:26,956 - INFO - Epoch [ 200/2000] LR: 0.000098 | Train Loss: 0.006574 (Data: 0.00657, Mono: 0.00002) | Val MSE: 0.000286 (RMSE: 0.0169) 
2026-09-13 13:46:27,343 - INFO - Epoch [ 210/2000] LR: 0.000098 | Train Loss: 0.006605 (Data: 0.00660, Mono: 0.00002) | Val MSE: 0.000293 (RMSE: 0.0171) 
2026-09-13 13:46:27,728 - INFO - Epoch [ 220/2000] LR: 0.000098 | Train Loss: 0.006265 (Data: 0.00626, Mono: 0.00002) | Val MSE: 0.000240 (RMSE: 0.0155) 
2026-09-13 13:46:28,139 - INFO - Epoch [ 230/2000] LR: 0.000098 | Train Loss: 0.006153 (Data: 0.00614, Mono: 0.00002) | Val MSE: 0.000249 (RMSE: 0.0158) 
2026-09-13 13:46:28,518 - INFO - Epoch [ 240/2000] LR: 0.000097 | Train Loss: 0.006094 (Data: 0.00609, Mono: 0.00002) | Val MSE: 0.000284 (RMSE: 0.0169) 
2026-09-13 13:46:28,904 - INFO - Epoch [ 250/2000] LR: 0.000097 | Train Loss: 0.005879 (Data: 0.00587, Mono: 0.00002) | Val MSE: 0.000217 (RMSE: 0.0147) [BEST]
2026-09-13 13:46:28,945 - INFO - Epoch [ 251/2000] LR: 0.000097 | Train Loss: 0.006252 (Data: 0.00624, Mono: 0.00002) | Val MSE: 0.000211 (RMSE: 0.0145) [BEST]
2026-09-13 13:46:29,279 - INFO - Epoch [ 260/2000] LR: 0.000097 | Train Loss: 0.006196 (Data: 0.00619, Mono: 0.00002) | Val MSE: 0.000240 (RMSE: 0.0155) 
2026-09-13 13:46:29,672 - INFO - Epoch [ 270/2000] LR: 0.000096 | Train Loss: 0.005838 (Data: 0.00583, Mono: 0.00002) | Val MSE: 0.000246 (RMSE: 0.0157) 
2026-09-13 13:46:30,067 - INFO - Epoch [ 280/2000] LR: 0.000096 | Train Loss: 0.005617 (Data: 0.00561, Mono: 0.00002) | Val MSE: 0.000202 (RMSE: 0.0142) [BEST]
2026-09-13 13:46:30,107 - INFO - Epoch [ 281/2000] LR: 0.000096 | Train Loss: 0.005628 (Data: 0.00562, Mono: 0.00002) | Val MSE: 0.000186 (RMSE: 0.0137) [BEST]
2026-09-13 13:46:30,427 - INFO - Epoch [ 290/2000] LR: 0.000096 | Train Loss: 0.005690 (Data: 0.00568, Mono: 0.00002) | Val MSE: 0.000240 (RMSE: 0.0155) 
2026-09-13 13:46:30,801 - INFO - Epoch [ 300/2000] LR: 0.000096 | Train Loss: 0.005671 (Data: 0.00566, Mono: 0.00002) | Val MSE: 0.000249 (RMSE: 0.0158) 
2026-09-13 13:46:31,137 - INFO - Epoch [ 309/2000] LR: 0.000095 | Train Loss: 0.005453 (Data: 0.00545, Mono: 0.00002) | Val MSE: 0.000186 (RMSE: 0.0136) [BEST]
2026-09-13 13:46:31,176 - INFO - Epoch [ 310/2000] LR: 0.000095 | Train Loss: 0.005306 (Data: 0.00530, Mono: 0.00002) | Val MSE: 0.000193 (RMSE: 0.0139) 
2026-09-13 13:46:31,543 - INFO - Epoch [ 320/2000] LR: 0.000095 | Train Loss: 0.005222 (Data: 0.00521, Mono: 0.00002) | Val MSE: 0.000226 (RMSE: 0.0150) 
2026-09-13 13:46:31,912 - INFO - Epoch [ 330/2000] LR: 0.000094 | Train Loss: 0.005252 (Data: 0.00524, Mono: 0.00002) | Val MSE: 0.000223 (RMSE: 0.0149) 
2026-09-13 13:46:32,285 - INFO - Epoch [ 340/2000] LR: 0.000094 | Train Loss: 0.005148 (Data: 0.00514, Mono: 0.00002) | Val MSE: 0.000197 (RMSE: 0.0140) 
2026-09-13 13:46:32,655 - INFO - Epoch [ 350/2000] LR: 0.000094 | Train Loss: 0.005093 (Data: 0.00509, Mono: 0.00002) | Val MSE: 0.000210 (RMSE: 0.0145) 
2026-09-13 13:46:33,027 - INFO - Epoch [ 360/2000] LR: 0.000093 | Train Loss: 0.004981 (Data: 0.00497, Mono: 0.00002) | Val MSE: 0.000225 (RMSE: 0.0150) 
2026-09-13 13:46:33,398 - INFO - Epoch [ 370/2000] LR: 0.000093 | Train Loss: 0.004816 (Data: 0.00481, Mono: 0.00002) | Val MSE: 0.000219 (RMSE: 0.0148) 
2026-09-13 13:46:33,550 - INFO - Epoch [ 374/2000] LR: 0.000093 | Train Loss: 0.004767 (Data: 0.00476, Mono: 0.00002) | Val MSE: 0.000180 (RMSE: 0.0134) [BEST]
2026-09-13 13:46:33,592 - INFO - Epoch [ 375/2000] LR: 0.000093 | Train Loss: 0.004795 (Data: 0.00479, Mono: 0.00002) | Val MSE: 0.000180 (RMSE: 0.0134) [BEST]
2026-09-13 13:46:33,776 - INFO - Epoch [ 380/2000] LR: 0.000093 | Train Loss: 0.004784 (Data: 0.00478, Mono: 0.00002) | Val MSE: 0.000216 (RMSE: 0.0147) 
2026-09-13 13:46:34,150 - INFO - Epoch [ 390/2000] LR: 0.000092 | Train Loss: 0.004899 (Data: 0.00489, Mono: 0.00002) | Val MSE: 0.000201 (RMSE: 0.0142) 
2026-09-13 13:46:34,512 - INFO - Epoch [ 400/2000] LR: 0.000092 | Train Loss: 0.004702 (Data: 0.00469, Mono: 0.00002) | Val MSE: 0.000212 (RMSE: 0.0146) 
2026-09-13 13:46:34,795 - INFO - Epoch [ 407/2000] LR: 0.000091 | Train Loss: 0.004656 (Data: 0.00465, Mono: 0.00002) | Val MSE: 0.000168 (RMSE: 0.0130) [BEST]
2026-09-13 13:46:34,908 - INFO - Epoch [ 410/2000] LR: 0.000091 | Train Loss: 0.004460 (Data: 0.00445, Mono: 0.00002) | Val MSE: 0.000239 (RMSE: 0.0155) 
2026-09-13 13:46:35,282 - INFO - Epoch [ 420/2000] LR: 0.000091 | Train Loss: 0.004431 (Data: 0.00442, Mono: 0.00002) | Val MSE: 0.000229 (RMSE: 0.0151) 
2026-09-13 13:46:35,656 - INFO - Epoch [ 430/2000] LR: 0.000090 | Train Loss: 0.004314 (Data: 0.00431, Mono: 0.00002) | Val MSE: 0.000200 (RMSE: 0.0142) 
2026-09-13 13:46:36,029 - INFO - Epoch [ 440/2000] LR: 0.000090 | Train Loss: 0.004372 (Data: 0.00437, Mono: 0.00002) | Val MSE: 0.000223 (RMSE: 0.0149) 
2026-09-13 13:46:36,394 - INFO - Epoch [ 450/2000] LR: 0.000089 | Train Loss: 0.004290 (Data: 0.00428, Mono: 0.00002) | Val MSE: 0.000205 (RMSE: 0.0143) 
2026-09-13 13:46:36,758 - INFO - Epoch [ 460/2000] LR: 0.000089 | Train Loss: 0.004291 (Data: 0.00428, Mono: 0.00002) | Val MSE: 0.000236 (RMSE: 0.0154) 
2026-09-13 13:46:37,142 - INFO - Epoch [ 470/2000] LR: 0.000088 | Train Loss: 0.004228 (Data: 0.00422, Mono: 0.00002) | Val MSE: 0.000179 (RMSE: 0.0134) 
2026-09-13 13:46:37,533 - INFO - Epoch [ 480/2000] LR: 0.000088 | Train Loss: 0.004214 (Data: 0.00421, Mono: 0.00002) | Val MSE: 0.000228 (RMSE: 0.0151) 
2026-09-13 13:46:37,903 - INFO - Epoch [ 490/2000] LR: 0.000087 | Train Loss: 0.004075 (Data: 0.00407, Mono: 0.00002) | Val MSE: 0.000199 (RMSE: 0.0141) 
2026-09-13 13:46:38,282 - INFO - Epoch [ 500/2000] LR: 0.000087 | Train Loss: 0.003990 (Data: 0.00398, Mono: 0.00002) | Val MSE: 0.000249 (RMSE: 0.0158) 
2026-09-13 13:46:38,664 - INFO - Epoch [ 510/2000] LR: 0.000086 | Train Loss: 0.004037 (Data: 0.00403, Mono: 0.00002) | Val MSE: 0.000212 (RMSE: 0.0146) 
2026-09-13 13:46:39,046 - INFO - Epoch [ 520/2000] LR: 0.000086 | Train Loss: 0.003854 (Data: 0.00385, Mono: 0.00002) | Val MSE: 0.000190 (RMSE: 0.0138) 
2026-09-13 13:46:39,420 - INFO - Epoch [ 530/2000] LR: 0.000085 | Train Loss: 0.003964 (Data: 0.00396, Mono: 0.00002) | Val MSE: 0.000195 (RMSE: 0.0140) 
2026-09-13 13:46:39,823 - INFO - Epoch [ 540/2000] LR: 0.000085 | Train Loss: 0.003958 (Data: 0.00395, Mono: 0.00002) | Val MSE: 0.000266 (RMSE: 0.0163) 
2026-09-13 13:46:40,195 - INFO - Epoch [ 550/2000] LR: 0.000084 | Train Loss: 0.003808 (Data: 0.00380, Mono: 0.00002) | Val MSE: 0.000252 (RMSE: 0.0159) 
2026-09-13 13:46:40,587 - INFO - Epoch [ 560/2000] LR: 0.000083 | Train Loss: 0.003825 (Data: 0.00382, Mono: 0.00001) | Val MSE: 0.000226 (RMSE: 0.0150) 
2026-09-13 13:46:40,968 - INFO - Epoch [ 570/2000] LR: 0.000083 | Train Loss: 0.003757 (Data: 0.00375, Mono: 0.00002) | Val MSE: 0.000243 (RMSE: 0.0156) 
2026-09-13 13:46:41,351 - INFO - Epoch [ 580/2000] LR: 0.000082 | Train Loss: 0.003711 (Data: 0.00370, Mono: 0.00002) | Val MSE: 0.000246 (RMSE: 0.0157) 
2026-09-13 13:46:41,733 - INFO - Epoch [ 590/2000] LR: 0.000082 | Train Loss: 0.003681 (Data: 0.00367, Mono: 0.00002) | Val MSE: 0.000255 (RMSE: 0.0160) 
2026-09-13 13:46:42,109 - INFO - Epoch [ 600/2000] LR: 0.000081 | Train Loss: 0.003672 (Data: 0.00366, Mono: 0.00002) | Val MSE: 0.000222 (RMSE: 0.0149) 
2026-09-13 13:46:42,382 - INFO - [*] Early stopping triggered at epoch 607. Best epoch was 407 with Val MSE: 0.000168
2026-09-13 13:46:42,382 - INFO - Training completed in 22.07s. Loading best checkpoint from epoch 407 for final test evaluation...
2026-09-13 13:46:42,418 - INFO - ==================================================
2026-09-13 13:46:42,418 - INFO - Test Results for [XJTU] - [R3] (Best Epoch 407):
2026-09-13 13:46:42,418 - INFO -   Test RMSE: 0.010345
2026-09-13 13:46:42,418 - INFO -   Test MAE:  0.009278
2026-09-13 13:46:42,418 - INFO -   Test MAPE: 0.991471
2026-09-13 13:46:42,418 - INFO -   Test MSE:  0.000107
2026-09-13 13:46:42,419 - INFO - ==================================================
2026-09-13 14:50:53,430 - INFO - ==================================================
2026-09-13 14:50:53,430 - INFO - Starting FusionMLP Training for [XJTU] - [R3]
2026-09-13 14:50:53,430 - INFO - Device: cuda | Epochs: 2000 | LR: 0.000100 | Mono Weight: 0.4000 | Knee Feature: True
2026-09-13 14:50:53,430 - INFO - ==================================================
2026-09-13 14:50:53,510 - INFO - Data Splits: Train=5, Val=1, Test=2
2026-09-13 14:50:53,583 - INFO - Epoch [   1/2000] LR: 0.006063 | Train Loss: 0.795966 (Data: 0.79595, Mono: 0.00004) | Val MSE: 0.737661 (RMSE: 0.8589) [BEST]
2026-09-13 14:50:53,631 - INFO - Epoch [   2/2000] LR: 0.005857 | Train Loss: 0.793161 (Data: 0.79315, Mono: 0.00002) | Val MSE: 0.734311 (RMSE: 0.8569) [BEST]
2026-09-13 14:50:53,678 - INFO - Epoch [   3/2000] LR: 0.005651 | Train Loss: 0.789952 (Data: 0.78995, Mono: 0.00001) | Val MSE: 0.724684 (RMSE: 0.8513) [BEST]
2026-09-13 14:50:53,722 - INFO - Epoch [   4/2000] LR: 0.005446 | Train Loss: 0.461564 (Data: 0.46155, Mono: 0.00003) | Val MSE: 0.087262 (RMSE: 0.2954) [BEST]
2026-09-13 14:50:53,774 - INFO - Epoch [   5/2000] LR: 0.005240 | Train Loss: 0.208445 (Data: 0.20843, Mono: 0.00003) | Val MSE: 0.003566 (RMSE: 0.0597) [BEST]
2026-09-13 14:50:53,992 - INFO - Epoch [  10/2000] LR: 0.004212 | Train Loss: 0.025970 (Data: 0.02596, Mono: 0.00003) | Val MSE: 0.000249 (RMSE: 0.0158) [BEST]
2026-09-13 14:50:54,272 - INFO - Epoch [  16/2000] LR: 0.002979 | Train Loss: 0.011036 (Data: 0.01103, Mono: 0.00003) | Val MSE: 0.000179 (RMSE: 0.0134) [BEST]
2026-09-13 14:50:54,440 - INFO - Epoch [  20/2000] LR: 0.002156 | Train Loss: 0.010180 (Data: 0.01017, Mono: 0.00003) | Val MSE: 0.000279 (RMSE: 0.0167) 
2026-09-13 14:50:54,894 - INFO - Epoch [  30/2000] LR: 0.000100 | Train Loss: 0.009237 (Data: 0.00923, Mono: 0.00002) | Val MSE: 0.000246 (RMSE: 0.0157) 
2026-09-13 14:50:55,353 - INFO - Epoch [  40/2000] LR: 0.000100 | Train Loss: 0.009000 (Data: 0.00899, Mono: 0.00002) | Val MSE: 0.000259 (RMSE: 0.0161) 
2026-09-13 14:50:55,794 - INFO - Epoch [  50/2000] LR: 0.000100 | Train Loss: 0.009241 (Data: 0.00923, Mono: 0.00002) | Val MSE: 0.000281 (RMSE: 0.0168) 
2026-09-13 14:50:56,226 - INFO - Epoch [  60/2000] LR: 0.000100 | Train Loss: 0.008962 (Data: 0.00895, Mono: 0.00002) | Val MSE: 0.000263 (RMSE: 0.0162) 
2026-09-13 14:50:56,646 - INFO - Epoch [  70/2000] LR: 0.000100 | Train Loss: 0.008849 (Data: 0.00884, Mono: 0.00002) | Val MSE: 0.000270 (RMSE: 0.0164) 
2026-09-13 14:50:57,059 - INFO - Epoch [  80/2000] LR: 0.000100 | Train Loss: 0.008870 (Data: 0.00886, Mono: 0.00002) | Val MSE: 0.000287 (RMSE: 0.0169) 
2026-09-13 14:50:57,524 - INFO - Epoch [  90/2000] LR: 0.000100 | Train Loss: 0.008477 (Data: 0.00847, Mono: 0.00002) | Val MSE: 0.000275 (RMSE: 0.0166) 
2026-09-13 14:50:57,945 - INFO - Epoch [ 100/2000] LR: 0.000100 | Train Loss: 0.008511 (Data: 0.00850, Mono: 0.00002) | Val MSE: 0.000241 (RMSE: 0.0155) 
2026-09-13 14:50:58,371 - INFO - Epoch [ 110/2000] LR: 0.000100 | Train Loss: 0.008351 (Data: 0.00834, Mono: 0.00002) | Val MSE: 0.000264 (RMSE: 0.0162) 
2026-09-13 14:50:58,780 - INFO - Epoch [ 120/2000] LR: 0.000099 | Train Loss: 0.008278 (Data: 0.00827, Mono: 0.00002) | Val MSE: 0.000242 (RMSE: 0.0155) 
2026-09-13 14:50:59,203 - INFO - Epoch [ 130/2000] LR: 0.000099 | Train Loss: 0.008245 (Data: 0.00824, Mono: 0.00002) | Val MSE: 0.000268 (RMSE: 0.0164) 
2026-09-13 14:50:59,647 - INFO - Epoch [ 140/2000] LR: 0.000099 | Train Loss: 0.008026 (Data: 0.00802, Mono: 0.00002) | Val MSE: 0.000249 (RMSE: 0.0158) 
2026-09-13 14:51:00,086 - INFO - Epoch [ 150/2000] LR: 0.000099 | Train Loss: 0.007954 (Data: 0.00795, Mono: 0.00002) | Val MSE: 0.000222 (RMSE: 0.0149) 
2026-09-13 14:51:00,506 - INFO - Epoch [ 160/2000] LR: 0.000099 | Train Loss: 0.007915 (Data: 0.00791, Mono: 0.00002) | Val MSE: 0.000248 (RMSE: 0.0158) 
2026-09-13 14:51:00,927 - INFO - Epoch [ 170/2000] LR: 0.000099 | Train Loss: 0.007395 (Data: 0.00739, Mono: 0.00002) | Val MSE: 0.000234 (RMSE: 0.0153) 
2026-09-13 14:51:01,333 - INFO - Epoch [ 180/2000] LR: 0.000099 | Train Loss: 0.007465 (Data: 0.00746, Mono: 0.00002) | Val MSE: 0.000225 (RMSE: 0.0150) 
2026-09-13 14:51:01,761 - INFO - Epoch [ 190/2000] LR: 0.000098 | Train Loss: 0.007136 (Data: 0.00713, Mono: 0.00002) | Val MSE: 0.000220 (RMSE: 0.0148) 
2026-09-13 14:51:02,202 - INFO - Epoch [ 200/2000] LR: 0.000098 | Train Loss: 0.006935 (Data: 0.00693, Mono: 0.00002) | Val MSE: 0.000242 (RMSE: 0.0155) 
2026-09-13 14:51:02,619 - INFO - Epoch [ 210/2000] LR: 0.000098 | Train Loss: 0.006939 (Data: 0.00693, Mono: 0.00002) | Val MSE: 0.000230 (RMSE: 0.0152) 
2026-09-13 14:51:03,034 - INFO - Epoch [ 220/2000] LR: 0.000098 | Train Loss: 0.006814 (Data: 0.00681, Mono: 0.00002) | Val MSE: 0.000236 (RMSE: 0.0154) 
2026-09-13 14:51:03,449 - INFO - Epoch [ 230/2000] LR: 0.000098 | Train Loss: 0.006938 (Data: 0.00693, Mono: 0.00002) | Val MSE: 0.000206 (RMSE: 0.0144) 
2026-09-13 14:51:03,895 - INFO - Epoch [ 240/2000] LR: 0.000097 | Train Loss: 0.006570 (Data: 0.00656, Mono: 0.00002) | Val MSE: 0.000209 (RMSE: 0.0144) 
2026-09-13 14:51:04,328 - INFO - Epoch [ 250/2000] LR: 0.000097 | Train Loss: 0.006339 (Data: 0.00633, Mono: 0.00002) | Val MSE: 0.000206 (RMSE: 0.0143) 
2026-09-13 14:51:04,768 - INFO - Epoch [ 260/2000] LR: 0.000097 | Train Loss: 0.006443 (Data: 0.00643, Mono: 0.00002) | Val MSE: 0.000222 (RMSE: 0.0149) 
2026-09-13 14:51:05,208 - INFO - Epoch [ 270/2000] LR: 0.000096 | Train Loss: 0.006439 (Data: 0.00643, Mono: 0.00002) | Val MSE: 0.000215 (RMSE: 0.0147) 
2026-09-13 14:51:05,640 - INFO - Epoch [ 280/2000] LR: 0.000096 | Train Loss: 0.006102 (Data: 0.00609, Mono: 0.00002) | Val MSE: 0.000197 (RMSE: 0.0140) 
2026-09-13 14:51:06,086 - INFO - Epoch [ 290/2000] LR: 0.000096 | Train Loss: 0.005792 (Data: 0.00578, Mono: 0.00002) | Val MSE: 0.000205 (RMSE: 0.0143) 
2026-09-13 14:51:06,533 - INFO - Epoch [ 300/2000] LR: 0.000096 | Train Loss: 0.005858 (Data: 0.00585, Mono: 0.00002) | Val MSE: 0.000199 (RMSE: 0.0141) 
2026-09-13 14:51:06,970 - INFO - Epoch [ 310/2000] LR: 0.000095 | Train Loss: 0.005645 (Data: 0.00564, Mono: 0.00002) | Val MSE: 0.000223 (RMSE: 0.0149) 
2026-09-13 14:51:07,262 - INFO - Epoch [ 316/2000] LR: 0.000095 | Train Loss: 0.005514 (Data: 0.00551, Mono: 0.00002) | Val MSE: 0.000178 (RMSE: 0.0133) [BEST]
2026-09-13 14:51:07,441 - INFO - Epoch [ 320/2000] LR: 0.000095 | Train Loss: 0.005474 (Data: 0.00547, Mono: 0.00002) | Val MSE: 0.000224 (RMSE: 0.0150) 
2026-09-13 14:51:07,900 - INFO - Epoch [ 330/2000] LR: 0.000094 | Train Loss: 0.005579 (Data: 0.00557, Mono: 0.00002) | Val MSE: 0.000215 (RMSE: 0.0147) 
2026-09-13 14:51:08,346 - INFO - Epoch [ 340/2000] LR: 0.000094 | Train Loss: 0.005451 (Data: 0.00544, Mono: 0.00002) | Val MSE: 0.000230 (RMSE: 0.0152) 
2026-09-13 14:51:08,833 - INFO - Epoch [ 350/2000] LR: 0.000094 | Train Loss: 0.005209 (Data: 0.00520, Mono: 0.00002) | Val MSE: 0.000212 (RMSE: 0.0146) 
2026-09-13 14:51:09,278 - INFO - Epoch [ 360/2000] LR: 0.000093 | Train Loss: 0.005147 (Data: 0.00514, Mono: 0.00002) | Val MSE: 0.000201 (RMSE: 0.0142) 
2026-09-13 14:51:09,735 - INFO - Epoch [ 370/2000] LR: 0.000093 | Train Loss: 0.005155 (Data: 0.00515, Mono: 0.00002) | Val MSE: 0.000223 (RMSE: 0.0149) 
2026-09-13 14:51:09,963 - INFO - Epoch [ 375/2000] LR: 0.000093 | Train Loss: 0.005110 (Data: 0.00510, Mono: 0.00002) | Val MSE: 0.000177 (RMSE: 0.0133) [BEST]
2026-09-13 14:51:10,192 - INFO - Epoch [ 380/2000] LR: 0.000093 | Train Loss: 0.005101 (Data: 0.00509, Mono: 0.00002) | Val MSE: 0.000233 (RMSE: 0.0153) 
2026-09-13 14:51:10,334 - INFO - Epoch [ 383/2000] LR: 0.000092 | Train Loss: 0.004950 (Data: 0.00494, Mono: 0.00002) | Val MSE: 0.000166 (RMSE: 0.0129) [BEST]
2026-09-13 14:51:10,647 - INFO - Epoch [ 390/2000] LR: 0.000092 | Train Loss: 0.004957 (Data: 0.00495, Mono: 0.00002) | Val MSE: 0.000201 (RMSE: 0.0142) 
2026-09-13 14:51:11,104 - INFO - Epoch [ 400/2000] LR: 0.000092 | Train Loss: 0.004845 (Data: 0.00484, Mono: 0.00002) | Val MSE: 0.000192 (RMSE: 0.0139) 
2026-09-13 14:51:11,544 - INFO - Epoch [ 410/2000] LR: 0.000091 | Train Loss: 0.004709 (Data: 0.00470, Mono: 0.00002) | Val MSE: 0.000190 (RMSE: 0.0138) 
2026-09-13 14:51:11,976 - INFO - Epoch [ 420/2000] LR: 0.000091 | Train Loss: 0.004481 (Data: 0.00447, Mono: 0.00002) | Val MSE: 0.000172 (RMSE: 0.0131) 
2026-09-13 14:51:12,401 - INFO - Epoch [ 430/2000] LR: 0.000090 | Train Loss: 0.004682 (Data: 0.00468, Mono: 0.00002) | Val MSE: 0.000198 (RMSE: 0.0141) 
2026-09-13 14:51:12,535 - INFO - Epoch [ 433/2000] LR: 0.000090 | Train Loss: 0.004404 (Data: 0.00440, Mono: 0.00002) | Val MSE: 0.000163 (RMSE: 0.0128) [BEST]
2026-09-13 14:51:12,821 - INFO - Epoch [ 440/2000] LR: 0.000090 | Train Loss: 0.004492 (Data: 0.00448, Mono: 0.00002) | Val MSE: 0.000209 (RMSE: 0.0145) 
2026-09-13 14:51:13,251 - INFO - Epoch [ 450/2000] LR: 0.000089 | Train Loss: 0.004502 (Data: 0.00449, Mono: 0.00002) | Val MSE: 0.000177 (RMSE: 0.0133) 
2026-09-13 14:51:13,700 - INFO - Epoch [ 460/2000] LR: 0.000089 | Train Loss: 0.004374 (Data: 0.00437, Mono: 0.00002) | Val MSE: 0.000210 (RMSE: 0.0145) 
2026-09-13 14:51:14,145 - INFO - Epoch [ 470/2000] LR: 0.000088 | Train Loss: 0.004396 (Data: 0.00439, Mono: 0.00002) | Val MSE: 0.000171 (RMSE: 0.0131) 
2026-09-13 14:51:14,567 - INFO - Epoch [ 480/2000] LR: 0.000088 | Train Loss: 0.004096 (Data: 0.00409, Mono: 0.00002) | Val MSE: 0.000171 (RMSE: 0.0131) 
2026-09-13 14:51:14,976 - INFO - Epoch [ 490/2000] LR: 0.000087 | Train Loss: 0.003980 (Data: 0.00397, Mono: 0.00002) | Val MSE: 0.000208 (RMSE: 0.0144) 
2026-09-13 14:51:15,154 - INFO - Epoch [ 494/2000] LR: 0.000087 | Train Loss: 0.004070 (Data: 0.00406, Mono: 0.00002) | Val MSE: 0.000159 (RMSE: 0.0126) [BEST]
2026-09-13 14:51:15,201 - INFO - Epoch [ 495/2000] LR: 0.000087 | Train Loss: 0.004069 (Data: 0.00406, Mono: 0.00002) | Val MSE: 0.000157 (RMSE: 0.0125) [BEST]
2026-09-13 14:51:15,407 - INFO - Epoch [ 500/2000] LR: 0.000087 | Train Loss: 0.004051 (Data: 0.00404, Mono: 0.00002) | Val MSE: 0.000151 (RMSE: 0.0123) [BEST]
2026-09-13 14:51:15,818 - INFO - Epoch [ 510/2000] LR: 0.000086 | Train Loss: 0.004071 (Data: 0.00406, Mono: 0.00002) | Val MSE: 0.000172 (RMSE: 0.0131) 
2026-09-13 14:51:16,241 - INFO - Epoch [ 520/2000] LR: 0.000086 | Train Loss: 0.003960 (Data: 0.00395, Mono: 0.00002) | Val MSE: 0.000196 (RMSE: 0.0140) 
2026-09-13 14:51:16,320 - INFO - Epoch [ 522/2000] LR: 0.000086 | Train Loss: 0.003985 (Data: 0.00398, Mono: 0.00002) | Val MSE: 0.000150 (RMSE: 0.0122) [BEST]
2026-09-13 14:51:16,652 - INFO - Epoch [ 530/2000] LR: 0.000085 | Train Loss: 0.003719 (Data: 0.00371, Mono: 0.00001) | Val MSE: 0.000174 (RMSE: 0.0132) 
2026-09-13 14:51:17,084 - INFO - Epoch [ 540/2000] LR: 0.000085 | Train Loss: 0.003914 (Data: 0.00391, Mono: 0.00002) | Val MSE: 0.000185 (RMSE: 0.0136) 
2026-09-13 14:51:17,500 - INFO - Epoch [ 550/2000] LR: 0.000084 | Train Loss: 0.003698 (Data: 0.00369, Mono: 0.00002) | Val MSE: 0.000199 (RMSE: 0.0141) 
2026-09-13 14:51:17,671 - INFO - Epoch [ 554/2000] LR: 0.000084 | Train Loss: 0.003954 (Data: 0.00395, Mono: 0.00002) | Val MSE: 0.000147 (RMSE: 0.0121) [BEST]
2026-09-13 14:51:17,947 - INFO - Epoch [ 560/2000] LR: 0.000083 | Train Loss: 0.003577 (Data: 0.00357, Mono: 0.00002) | Val MSE: 0.000212 (RMSE: 0.0146) 
2026-09-13 14:51:18,406 - INFO - Epoch [ 570/2000] LR: 0.000083 | Train Loss: 0.003740 (Data: 0.00373, Mono: 0.00001) | Val MSE: 0.000198 (RMSE: 0.0141) 
2026-09-13 14:51:18,858 - INFO - Epoch [ 580/2000] LR: 0.000082 | Train Loss: 0.003670 (Data: 0.00366, Mono: 0.00002) | Val MSE: 0.000175 (RMSE: 0.0132) 
2026-09-13 14:51:19,356 - INFO - Epoch [ 590/2000] LR: 0.000082 | Train Loss: 0.003499 (Data: 0.00349, Mono: 0.00002) | Val MSE: 0.000167 (RMSE: 0.0129) 
2026-09-13 14:51:19,856 - INFO - Epoch [ 600/2000] LR: 0.000081 | Train Loss: 0.003456 (Data: 0.00345, Mono: 0.00002) | Val MSE: 0.000185 (RMSE: 0.0136) 
2026-09-13 14:51:20,214 - INFO - Epoch [ 607/2000] LR: 0.000081 | Train Loss: 0.003353 (Data: 0.00335, Mono: 0.00001) | Val MSE: 0.000133 (RMSE: 0.0115) [BEST]
2026-09-13 14:51:20,350 - INFO - Epoch [ 610/2000] LR: 0.000080 | Train Loss: 0.003523 (Data: 0.00352, Mono: 0.00001) | Val MSE: 0.000190 (RMSE: 0.0138) 
2026-09-13 14:51:20,705 - INFO - Epoch [ 618/2000] LR: 0.000080 | Train Loss: 0.003406 (Data: 0.00340, Mono: 0.00002) | Val MSE: 0.000133 (RMSE: 0.0115) [BEST]
2026-09-13 14:51:20,799 - INFO - Epoch [ 620/2000] LR: 0.000080 | Train Loss: 0.003424 (Data: 0.00342, Mono: 0.00001) | Val MSE: 0.000159 (RMSE: 0.0126) 
2026-09-13 14:51:21,294 - INFO - Epoch [ 630/2000] LR: 0.000079 | Train Loss: 0.003335 (Data: 0.00333, Mono: 0.00001) | Val MSE: 0.000197 (RMSE: 0.0140) 
2026-09-13 14:51:21,773 - INFO - Epoch [ 640/2000] LR: 0.000078 | Train Loss: 0.003444 (Data: 0.00344, Mono: 0.00002) | Val MSE: 0.000192 (RMSE: 0.0139) 
2026-09-13 14:51:22,268 - INFO - Epoch [ 650/2000] LR: 0.000078 | Train Loss: 0.003251 (Data: 0.00325, Mono: 0.00001) | Val MSE: 0.000189 (RMSE: 0.0138) 
2026-09-13 14:51:22,700 - INFO - Epoch [ 660/2000] LR: 0.000077 | Train Loss: 0.003286 (Data: 0.00328, Mono: 0.00001) | Val MSE: 0.000151 (RMSE: 0.0123) 
2026-09-13 14:51:23,161 - INFO - Epoch [ 670/2000] LR: 0.000077 | Train Loss: 0.003266 (Data: 0.00326, Mono: 0.00001) | Val MSE: 0.000155 (RMSE: 0.0125) 
2026-09-13 14:51:23,616 - INFO - Epoch [ 680/2000] LR: 0.000076 | Train Loss: 0.003249 (Data: 0.00324, Mono: 0.00001) | Val MSE: 0.000183 (RMSE: 0.0135) 
2026-09-13 14:51:24,069 - INFO - Epoch [ 690/2000] LR: 0.000075 | Train Loss: 0.003196 (Data: 0.00319, Mono: 0.00002) | Val MSE: 0.000187 (RMSE: 0.0137) 
2026-09-13 14:51:24,518 - INFO - Epoch [ 700/2000] LR: 0.000074 | Train Loss: 0.003164 (Data: 0.00316, Mono: 0.00001) | Val MSE: 0.000177 (RMSE: 0.0133) 
2026-09-13 14:51:24,980 - INFO - Epoch [ 710/2000] LR: 0.000074 | Train Loss: 0.003068 (Data: 0.00306, Mono: 0.00001) | Val MSE: 0.000190 (RMSE: 0.0138) 
2026-09-13 14:51:25,442 - INFO - Epoch [ 720/2000] LR: 0.000073 | Train Loss: 0.003108 (Data: 0.00310, Mono: 0.00001) | Val MSE: 0.000171 (RMSE: 0.0131) 
2026-09-13 14:51:25,874 - INFO - Epoch [ 730/2000] LR: 0.000072 | Train Loss: 0.002909 (Data: 0.00290, Mono: 0.00001) | Val MSE: 0.000208 (RMSE: 0.0144) 
2026-09-13 14:51:26,309 - INFO - Epoch [ 740/2000] LR: 0.000072 | Train Loss: 0.002943 (Data: 0.00294, Mono: 0.00001) | Val MSE: 0.000159 (RMSE: 0.0126) 
2026-09-13 14:51:26,715 - INFO - Epoch [ 750/2000] LR: 0.000071 | Train Loss: 0.002972 (Data: 0.00297, Mono: 0.00001) | Val MSE: 0.000153 (RMSE: 0.0124) 
2026-09-13 14:51:26,756 - INFO - Epoch [ 751/2000] LR: 0.000071 | Train Loss: 0.002952 (Data: 0.00295, Mono: 0.00001) | Val MSE: 0.000118 (RMSE: 0.0108) [BEST]
2026-09-13 14:51:27,125 - INFO - Epoch [ 760/2000] LR: 0.000070 | Train Loss: 0.003006 (Data: 0.00300, Mono: 0.00001) | Val MSE: 0.000143 (RMSE: 0.0119) 
2026-09-13 14:51:27,525 - INFO - Epoch [ 770/2000] LR: 0.000070 | Train Loss: 0.002803 (Data: 0.00280, Mono: 0.00001) | Val MSE: 0.000214 (RMSE: 0.0146) 
2026-09-13 14:51:27,967 - INFO - Epoch [ 780/2000] LR: 0.000069 | Train Loss: 0.002836 (Data: 0.00283, Mono: 0.00001) | Val MSE: 0.000179 (RMSE: 0.0134) 
2026-09-13 14:51:28,380 - INFO - Epoch [ 790/2000] LR: 0.000068 | Train Loss: 0.002917 (Data: 0.00291, Mono: 0.00001) | Val MSE: 0.000166 (RMSE: 0.0129) 
2026-09-13 14:51:28,767 - INFO - Epoch [ 800/2000] LR: 0.000067 | Train Loss: 0.002820 (Data: 0.00281, Mono: 0.00001) | Val MSE: 0.000188 (RMSE: 0.0137) 
2026-09-13 14:51:29,168 - INFO - Epoch [ 810/2000] LR: 0.000067 | Train Loss: 0.002729 (Data: 0.00272, Mono: 0.00001) | Val MSE: 0.000193 (RMSE: 0.0139) 
2026-09-13 14:51:29,556 - INFO - Epoch [ 820/2000] LR: 0.000066 | Train Loss: 0.002712 (Data: 0.00271, Mono: 0.00001) | Val MSE: 0.000151 (RMSE: 0.0123) 
2026-09-13 14:51:29,982 - INFO - Epoch [ 830/2000] LR: 0.000065 | Train Loss: 0.002730 (Data: 0.00273, Mono: 0.00001) | Val MSE: 0.000191 (RMSE: 0.0138) 
2026-09-13 14:51:30,384 - INFO - Epoch [ 840/2000] LR: 0.000064 | Train Loss: 0.002712 (Data: 0.00271, Mono: 0.00001) | Val MSE: 0.000192 (RMSE: 0.0139) 
2026-09-13 14:51:30,784 - INFO - Epoch [ 850/2000] LR: 0.000064 | Train Loss: 0.002749 (Data: 0.00274, Mono: 0.00001) | Val MSE: 0.000170 (RMSE: 0.0130) 
2026-09-13 14:51:31,187 - INFO - Epoch [ 860/2000] LR: 0.000063 | Train Loss: 0.002671 (Data: 0.00267, Mono: 0.00001) | Val MSE: 0.000163 (RMSE: 0.0128) 
2026-09-13 14:51:31,587 - INFO - Epoch [ 870/2000] LR: 0.000062 | Train Loss: 0.002661 (Data: 0.00266, Mono: 0.00001) | Val MSE: 0.000178 (RMSE: 0.0133) 
2026-09-13 14:51:31,978 - INFO - Epoch [ 880/2000] LR: 0.000061 | Train Loss: 0.002691 (Data: 0.00269, Mono: 0.00001) | Val MSE: 0.000174 (RMSE: 0.0132) 
2026-09-13 14:51:32,368 - INFO - Epoch [ 890/2000] LR: 0.000061 | Train Loss: 0.002678 (Data: 0.00267, Mono: 0.00001) | Val MSE: 0.000184 (RMSE: 0.0136) 
2026-09-13 14:51:32,772 - INFO - Epoch [ 900/2000] LR: 0.000060 | Train Loss: 0.002631 (Data: 0.00263, Mono: 0.00001) | Val MSE: 0.000220 (RMSE: 0.0148) 
2026-09-13 14:51:33,165 - INFO - Epoch [ 910/2000] LR: 0.000059 | Train Loss: 0.002492 (Data: 0.00249, Mono: 0.00001) | Val MSE: 0.000170 (RMSE: 0.0130) 
2026-09-13 14:51:33,570 - INFO - Epoch [ 920/2000] LR: 0.000058 | Train Loss: 0.002560 (Data: 0.00256, Mono: 0.00001) | Val MSE: 0.000204 (RMSE: 0.0143) 
2026-09-13 14:51:33,965 - INFO - Epoch [ 930/2000] LR: 0.000057 | Train Loss: 0.002565 (Data: 0.00256, Mono: 0.00001) | Val MSE: 0.000173 (RMSE: 0.0131) 
2026-09-13 14:51:34,362 - INFO - Epoch [ 940/2000] LR: 0.000057 | Train Loss: 0.002456 (Data: 0.00245, Mono: 0.00001) | Val MSE: 0.000176 (RMSE: 0.0133) 
2026-09-13 14:51:34,756 - INFO - Epoch [ 950/2000] LR: 0.000056 | Train Loss: 0.002512 (Data: 0.00251, Mono: 0.00001) | Val MSE: 0.000227 (RMSE: 0.0151) 
2026-09-13 14:51:35,153 - INFO - Epoch [ 960/2000] LR: 0.000055 | Train Loss: 0.002402 (Data: 0.00240, Mono: 0.00001) | Val MSE: 0.000151 (RMSE: 0.0123) 
2026-09-13 14:51:35,547 - INFO - Epoch [ 970/2000] LR: 0.000054 | Train Loss: 0.002423 (Data: 0.00242, Mono: 0.00001) | Val MSE: 0.000196 (RMSE: 0.0140) 
2026-09-13 14:51:35,975 - INFO - Epoch [ 980/2000] LR: 0.000054 | Train Loss: 0.002466 (Data: 0.00246, Mono: 0.00001) | Val MSE: 0.000237 (RMSE: 0.0154) 
2026-09-13 14:51:36,372 - INFO - Epoch [ 990/2000] LR: 0.000053 | Train Loss: 0.002437 (Data: 0.00243, Mono: 0.00001) | Val MSE: 0.000156 (RMSE: 0.0125) 
2026-09-13 14:51:36,770 - INFO - Epoch [1000/2000] LR: 0.000052 | Train Loss: 0.002323 (Data: 0.00232, Mono: 0.00001) | Val MSE: 0.000197 (RMSE: 0.0140) 
2026-09-13 14:51:37,167 - INFO - Epoch [1010/2000] LR: 0.000051 | Train Loss: 0.002404 (Data: 0.00240, Mono: 0.00001) | Val MSE: 0.000169 (RMSE: 0.0130) 
2026-09-13 14:51:37,556 - INFO - Epoch [1020/2000] LR: 0.000050 | Train Loss: 0.002263 (Data: 0.00226, Mono: 0.00001) | Val MSE: 0.000168 (RMSE: 0.0129) 
2026-09-13 14:51:37,958 - INFO - Epoch [1030/2000] LR: 0.000050 | Train Loss: 0.002339 (Data: 0.00233, Mono: 0.00001) | Val MSE: 0.000169 (RMSE: 0.0130) 
2026-09-13 14:51:38,347 - INFO - Epoch [1040/2000] LR: 0.000049 | Train Loss: 0.002335 (Data: 0.00233, Mono: 0.00001) | Val MSE: 0.000198 (RMSE: 0.0141) 
2026-09-13 14:51:38,740 - INFO - Epoch [1050/2000] LR: 0.000048 | Train Loss: 0.002329 (Data: 0.00232, Mono: 0.00001) | Val MSE: 0.000187 (RMSE: 0.0137) 
2026-09-13 14:51:39,130 - INFO - Epoch [1060/2000] LR: 0.000047 | Train Loss: 0.002269 (Data: 0.00226, Mono: 0.00001) | Val MSE: 0.000204 (RMSE: 0.0143) 
2026-09-13 14:51:39,518 - INFO - Epoch [1070/2000] LR: 0.000046 | Train Loss: 0.002264 (Data: 0.00226, Mono: 0.00001) | Val MSE: 0.000178 (RMSE: 0.0133) 
2026-09-13 14:51:39,993 - INFO - Epoch [1080/2000] LR: 0.000046 | Train Loss: 0.002221 (Data: 0.00222, Mono: 0.00001) | Val MSE: 0.000195 (RMSE: 0.0140) 
2026-09-13 14:51:40,446 - INFO - Epoch [1090/2000] LR: 0.000045 | Train Loss: 0.002195 (Data: 0.00219, Mono: 0.00001) | Val MSE: 0.000196 (RMSE: 0.0140) 
2026-09-13 14:51:40,851 - INFO - Epoch [1100/2000] LR: 0.000044 | Train Loss: 0.002163 (Data: 0.00216, Mono: 0.00001) | Val MSE: 0.000179 (RMSE: 0.0134) 
2026-09-13 14:51:41,256 - INFO - Epoch [1110/2000] LR: 0.000043 | Train Loss: 0.002333 (Data: 0.00233, Mono: 0.00001) | Val MSE: 0.000187 (RMSE: 0.0137) 
2026-09-13 14:51:41,648 - INFO - Epoch [1120/2000] LR: 0.000043 | Train Loss: 0.002176 (Data: 0.00217, Mono: 0.00001) | Val MSE: 0.000206 (RMSE: 0.0144) 
2026-09-13 14:51:42,051 - INFO - Epoch [1130/2000] LR: 0.000042 | Train Loss: 0.002227 (Data: 0.00222, Mono: 0.00001) | Val MSE: 0.000192 (RMSE: 0.0138) 
2026-09-13 14:51:42,447 - INFO - Epoch [1140/2000] LR: 0.000041 | Train Loss: 0.002170 (Data: 0.00217, Mono: 0.00001) | Val MSE: 0.000170 (RMSE: 0.0130) 
2026-09-13 14:51:42,845 - INFO - Epoch [1150/2000] LR: 0.000040 | Train Loss: 0.002176 (Data: 0.00217, Mono: 0.00001) | Val MSE: 0.000194 (RMSE: 0.0139) 
2026-09-13 14:51:43,247 - INFO - Epoch [1160/2000] LR: 0.000040 | Train Loss: 0.002186 (Data: 0.00218, Mono: 0.00001) | Val MSE: 0.000224 (RMSE: 0.0150) 
2026-09-13 14:51:43,639 - INFO - Epoch [1170/2000] LR: 0.000039 | Train Loss: 0.002201 (Data: 0.00220, Mono: 0.00001) | Val MSE: 0.000182 (RMSE: 0.0135) 
2026-09-13 14:51:44,027 - INFO - Epoch [1180/2000] LR: 0.000038 | Train Loss: 0.002129 (Data: 0.00212, Mono: 0.00001) | Val MSE: 0.000209 (RMSE: 0.0144) 
2026-09-13 14:51:44,416 - INFO - Epoch [1190/2000] LR: 0.000037 | Train Loss: 0.002060 (Data: 0.00206, Mono: 0.00001) | Val MSE: 0.000221 (RMSE: 0.0149) 
2026-09-13 14:51:44,800 - INFO - Epoch [1200/2000] LR: 0.000036 | Train Loss: 0.002126 (Data: 0.00212, Mono: 0.00001) | Val MSE: 0.000199 (RMSE: 0.0141) 
2026-09-13 14:51:45,198 - INFO - Epoch [1210/2000] LR: 0.000036 | Train Loss: 0.002022 (Data: 0.00202, Mono: 0.00001) | Val MSE: 0.000237 (RMSE: 0.0154) 
2026-09-13 14:51:45,595 - INFO - Epoch [1220/2000] LR: 0.000035 | Train Loss: 0.002078 (Data: 0.00207, Mono: 0.00001) | Val MSE: 0.000192 (RMSE: 0.0139) 
2026-09-13 14:51:45,971 - INFO - Epoch [1230/2000] LR: 0.000034 | Train Loss: 0.002081 (Data: 0.00208, Mono: 0.00001) | Val MSE: 0.000206 (RMSE: 0.0144) 
2026-09-13 14:51:46,365 - INFO - Epoch [1240/2000] LR: 0.000034 | Train Loss: 0.002064 (Data: 0.00206, Mono: 0.00001) | Val MSE: 0.000215 (RMSE: 0.0147) 
2026-09-13 14:51:46,755 - INFO - Epoch [1250/2000] LR: 0.000033 | Train Loss: 0.001994 (Data: 0.00199, Mono: 0.00001) | Val MSE: 0.000215 (RMSE: 0.0147) 
2026-09-13 14:51:47,176 - INFO - Epoch [1260/2000] LR: 0.000032 | Train Loss: 0.002117 (Data: 0.00211, Mono: 0.00001) | Val MSE: 0.000184 (RMSE: 0.0136) 
2026-09-13 14:51:47,580 - INFO - Epoch [1270/2000] LR: 0.000031 | Train Loss: 0.002097 (Data: 0.00209, Mono: 0.00001) | Val MSE: 0.000213 (RMSE: 0.0146) 
2026-09-13 14:51:47,982 - INFO - Epoch [1280/2000] LR: 0.000031 | Train Loss: 0.002116 (Data: 0.00211, Mono: 0.00001) | Val MSE: 0.000227 (RMSE: 0.0151) 
2026-09-13 14:51:48,378 - INFO - Epoch [1290/2000] LR: 0.000030 | Train Loss: 0.001981 (Data: 0.00198, Mono: 0.00001) | Val MSE: 0.000194 (RMSE: 0.0139) 
2026-09-13 14:51:48,772 - INFO - Epoch [1300/2000] LR: 0.000029 | Train Loss: 0.001957 (Data: 0.00195, Mono: 0.00001) | Val MSE: 0.000224 (RMSE: 0.0150) 
2026-09-13 14:51:49,168 - INFO - Epoch [1310/2000] LR: 0.000028 | Train Loss: 0.001922 (Data: 0.00192, Mono: 0.00001) | Val MSE: 0.000221 (RMSE: 0.0149) 
2026-09-13 14:51:49,557 - INFO - Epoch [1320/2000] LR: 0.000028 | Train Loss: 0.001969 (Data: 0.00196, Mono: 0.00001) | Val MSE: 0.000201 (RMSE: 0.0142) 
2026-09-13 14:51:49,960 - INFO - Epoch [1330/2000] LR: 0.000027 | Train Loss: 0.002015 (Data: 0.00201, Mono: 0.00001) | Val MSE: 0.000191 (RMSE: 0.0138) 
2026-09-13 14:51:50,351 - INFO - Epoch [1340/2000] LR: 0.000026 | Train Loss: 0.002030 (Data: 0.00203, Mono: 0.00001) | Val MSE: 0.000191 (RMSE: 0.0138) 
2026-09-13 14:51:50,743 - INFO - Epoch [1350/2000] LR: 0.000026 | Train Loss: 0.001955 (Data: 0.00195, Mono: 0.00001) | Val MSE: 0.000188 (RMSE: 0.0137) 
2026-09-13 14:51:51,138 - INFO - Epoch [1360/2000] LR: 0.000025 | Train Loss: 0.001933 (Data: 0.00193, Mono: 0.00001) | Val MSE: 0.000192 (RMSE: 0.0139) 
2026-09-13 14:51:51,546 - INFO - Epoch [1370/2000] LR: 0.000024 | Train Loss: 0.001994 (Data: 0.00199, Mono: 0.00001) | Val MSE: 0.000215 (RMSE: 0.0147) 
2026-09-13 14:51:51,935 - INFO - Epoch [1380/2000] LR: 0.000024 | Train Loss: 0.002003 (Data: 0.00200, Mono: 0.00001) | Val MSE: 0.000204 (RMSE: 0.0143) 
2026-09-13 14:51:52,316 - INFO - Epoch [1390/2000] LR: 0.000023 | Train Loss: 0.001996 (Data: 0.00199, Mono: 0.00001) | Val MSE: 0.000196 (RMSE: 0.0140) 
2026-09-13 14:51:52,700 - INFO - Epoch [1400/2000] LR: 0.000022 | Train Loss: 0.001983 (Data: 0.00198, Mono: 0.00001) | Val MSE: 0.000188 (RMSE: 0.0137) 
2026-09-13 14:51:53,090 - INFO - Epoch [1410/2000] LR: 0.000022 | Train Loss: 0.001933 (Data: 0.00193, Mono: 0.00001) | Val MSE: 0.000197 (RMSE: 0.0140) 
2026-09-13 14:51:53,476 - INFO - Epoch [1420/2000] LR: 0.000021 | Train Loss: 0.001932 (Data: 0.00193, Mono: 0.00001) | Val MSE: 0.000181 (RMSE: 0.0134) 
2026-09-13 14:51:53,865 - INFO - Epoch [1430/2000] LR: 0.000021 | Train Loss: 0.001915 (Data: 0.00191, Mono: 0.00001) | Val MSE: 0.000202 (RMSE: 0.0142) 
2026-09-13 14:51:54,259 - INFO - Epoch [1440/2000] LR: 0.000020 | Train Loss: 0.001926 (Data: 0.00192, Mono: 0.00001) | Val MSE: 0.000206 (RMSE: 0.0144) 
2026-09-13 14:51:54,656 - INFO - Epoch [1450/2000] LR: 0.000019 | Train Loss: 0.001938 (Data: 0.00193, Mono: 0.00001) | Val MSE: 0.000185 (RMSE: 0.0136) 
2026-09-13 14:51:55,046 - INFO - Epoch [1460/2000] LR: 0.000019 | Train Loss: 0.001839 (Data: 0.00183, Mono: 0.00001) | Val MSE: 0.000176 (RMSE: 0.0133) 
2026-09-13 14:51:55,440 - INFO - Epoch [1470/2000] LR: 0.000018 | Train Loss: 0.001866 (Data: 0.00186, Mono: 0.00001) | Val MSE: 0.000221 (RMSE: 0.0149) 
2026-09-13 14:51:55,836 - INFO - Epoch [1480/2000] LR: 0.000018 | Train Loss: 0.001873 (Data: 0.00187, Mono: 0.00001) | Val MSE: 0.000190 (RMSE: 0.0138) 
2026-09-13 14:51:56,235 - INFO - Epoch [1490/2000] LR: 0.000017 | Train Loss: 0.001876 (Data: 0.00187, Mono: 0.00001) | Val MSE: 0.000203 (RMSE: 0.0142) 
2026-09-13 14:51:56,617 - INFO - Epoch [1500/2000] LR: 0.000016 | Train Loss: 0.001877 (Data: 0.00187, Mono: 0.00001) | Val MSE: 0.000204 (RMSE: 0.0143) 
2026-09-13 14:51:57,008 - INFO - Epoch [1510/2000] LR: 0.000016 | Train Loss: 0.001910 (Data: 0.00191, Mono: 0.00001) | Val MSE: 0.000200 (RMSE: 0.0142) 
2026-09-13 14:51:57,398 - INFO - Epoch [1520/2000] LR: 0.000015 | Train Loss: 0.001856 (Data: 0.00185, Mono: 0.00001) | Val MSE: 0.000202 (RMSE: 0.0142) 
2026-09-13 14:51:57,799 - INFO - Epoch [1530/2000] LR: 0.000015 | Train Loss: 0.001862 (Data: 0.00186, Mono: 0.00001) | Val MSE: 0.000205 (RMSE: 0.0143) 
2026-09-13 14:51:58,171 - INFO - Epoch [1540/2000] LR: 0.000014 | Train Loss: 0.001878 (Data: 0.00187, Mono: 0.00001) | Val MSE: 0.000195 (RMSE: 0.0139) 
2026-09-13 14:51:58,550 - INFO - Epoch [1550/2000] LR: 0.000014 | Train Loss: 0.001902 (Data: 0.00190, Mono: 0.00001) | Val MSE: 0.000205 (RMSE: 0.0143) 
2026-09-13 14:51:58,918 - INFO - Epoch [1560/2000] LR: 0.000013 | Train Loss: 0.001910 (Data: 0.00191, Mono: 0.00001) | Val MSE: 0.000186 (RMSE: 0.0136) 
2026-09-13 14:51:59,287 - INFO - Epoch [1570/2000] LR: 0.000013 | Train Loss: 0.001852 (Data: 0.00185, Mono: 0.00001) | Val MSE: 0.000200 (RMSE: 0.0142) 
2026-09-13 14:51:59,671 - INFO - Epoch [1580/2000] LR: 0.000012 | Train Loss: 0.001884 (Data: 0.00188, Mono: 0.00001) | Val MSE: 0.000205 (RMSE: 0.0143) 
2026-09-13 14:52:00,056 - INFO - Epoch [1590/2000] LR: 0.000012 | Train Loss: 0.001938 (Data: 0.00193, Mono: 0.00001) | Val MSE: 0.000194 (RMSE: 0.0139) 
2026-09-13 14:52:00,428 - INFO - Epoch [1600/2000] LR: 0.000011 | Train Loss: 0.001843 (Data: 0.00184, Mono: 0.00001) | Val MSE: 0.000218 (RMSE: 0.0148) 
2026-09-13 14:52:00,808 - INFO - Epoch [1610/2000] LR: 0.000011 | Train Loss: 0.001815 (Data: 0.00181, Mono: 0.00001) | Val MSE: 0.000208 (RMSE: 0.0144) 
2026-09-13 14:52:01,190 - INFO - Epoch [1620/2000] LR: 0.000010 | Train Loss: 0.001854 (Data: 0.00185, Mono: 0.00001) | Val MSE: 0.000189 (RMSE: 0.0138) 
2026-09-13 14:52:01,567 - INFO - Epoch [1630/2000] LR: 0.000010 | Train Loss: 0.001880 (Data: 0.00188, Mono: 0.00001) | Val MSE: 0.000200 (RMSE: 0.0141) 
2026-09-13 14:52:01,950 - INFO - Epoch [1640/2000] LR: 0.000009 | Train Loss: 0.001866 (Data: 0.00186, Mono: 0.00001) | Val MSE: 0.000208 (RMSE: 0.0144) 
2026-09-13 14:52:02,328 - INFO - Epoch [1650/2000] LR: 0.000009 | Train Loss: 0.001825 (Data: 0.00182, Mono: 0.00001) | Val MSE: 0.000187 (RMSE: 0.0137) 
2026-09-13 14:52:02,711 - INFO - Epoch [1660/2000] LR: 0.000009 | Train Loss: 0.001881 (Data: 0.00188, Mono: 0.00001) | Val MSE: 0.000216 (RMSE: 0.0147) 
2026-09-13 14:52:03,082 - INFO - Epoch [1670/2000] LR: 0.000008 | Train Loss: 0.001824 (Data: 0.00182, Mono: 0.00001) | Val MSE: 0.000204 (RMSE: 0.0143) 
2026-09-13 14:52:03,461 - INFO - Epoch [1680/2000] LR: 0.000008 | Train Loss: 0.001799 (Data: 0.00180, Mono: 0.00001) | Val MSE: 0.000184 (RMSE: 0.0136) 
2026-09-13 14:52:03,836 - INFO - Epoch [1690/2000] LR: 0.000007 | Train Loss: 0.001859 (Data: 0.00185, Mono: 0.00001) | Val MSE: 0.000207 (RMSE: 0.0144) 
2026-09-13 14:52:04,220 - INFO - Epoch [1700/2000] LR: 0.000007 | Train Loss: 0.001801 (Data: 0.00180, Mono: 0.00001) | Val MSE: 0.000199 (RMSE: 0.0141) 
2026-09-13 14:52:04,597 - INFO - Epoch [1710/2000] LR: 0.000007 | Train Loss: 0.001821 (Data: 0.00182, Mono: 0.00001) | Val MSE: 0.000201 (RMSE: 0.0142) 
2026-09-13 14:52:04,976 - INFO - Epoch [1720/2000] LR: 0.000006 | Train Loss: 0.001802 (Data: 0.00180, Mono: 0.00001) | Val MSE: 0.000202 (RMSE: 0.0142) 
2026-09-13 14:52:05,350 - INFO - Epoch [1730/2000] LR: 0.000006 | Train Loss: 0.001760 (Data: 0.00176, Mono: 0.00001) | Val MSE: 0.000206 (RMSE: 0.0144) 
2026-09-13 14:52:05,726 - INFO - Epoch [1740/2000] LR: 0.000006 | Train Loss: 0.001868 (Data: 0.00186, Mono: 0.00001) | Val MSE: 0.000202 (RMSE: 0.0142) 
2026-09-13 14:52:06,097 - INFO - Epoch [1750/2000] LR: 0.000005 | Train Loss: 0.001876 (Data: 0.00187, Mono: 0.00001) | Val MSE: 0.000206 (RMSE: 0.0144) 
2026-09-13 14:52:06,483 - INFO - Epoch [1760/2000] LR: 0.000005 | Train Loss: 0.001811 (Data: 0.00181, Mono: 0.00001) | Val MSE: 0.000204 (RMSE: 0.0143) 
2026-09-13 14:52:06,861 - INFO - Epoch [1770/2000] LR: 0.000005 | Train Loss: 0.001830 (Data: 0.00183, Mono: 0.00001) | Val MSE: 0.000208 (RMSE: 0.0144) 
2026-09-13 14:52:07,247 - INFO - Epoch [1780/2000] LR: 0.000005 | Train Loss: 0.001870 (Data: 0.00187, Mono: 0.00001) | Val MSE: 0.000193 (RMSE: 0.0139) 
2026-09-13 14:52:07,655 - INFO - Epoch [1790/2000] LR: 0.000004 | Train Loss: 0.001790 (Data: 0.00179, Mono: 0.00001) | Val MSE: 0.000195 (RMSE: 0.0140) 
2026-09-13 14:52:08,035 - INFO - Epoch [1800/2000] LR: 0.000004 | Train Loss: 0.001882 (Data: 0.00188, Mono: 0.00001) | Val MSE: 0.000193 (RMSE: 0.0139) 
2026-09-13 14:52:08,408 - INFO - Epoch [1810/2000] LR: 0.000004 | Train Loss: 0.001866 (Data: 0.00186, Mono: 0.00001) | Val MSE: 0.000200 (RMSE: 0.0141) 
2026-09-13 14:52:08,790 - INFO - Epoch [1820/2000] LR: 0.000004 | Train Loss: 0.001849 (Data: 0.00185, Mono: 0.00001) | Val MSE: 0.000198 (RMSE: 0.0141) 
2026-09-13 14:52:09,160 - INFO - Epoch [1830/2000] LR: 0.000003 | Train Loss: 0.001813 (Data: 0.00181, Mono: 0.00001) | Val MSE: 0.000204 (RMSE: 0.0143) 
2026-09-13 14:52:09,536 - INFO - Epoch [1840/2000] LR: 0.000003 | Train Loss: 0.001829 (Data: 0.00182, Mono: 0.00001) | Val MSE: 0.000202 (RMSE: 0.0142) 
2026-09-13 14:52:09,911 - INFO - Epoch [1850/2000] LR: 0.000003 | Train Loss: 0.001780 (Data: 0.00178, Mono: 0.00001) | Val MSE: 0.000198 (RMSE: 0.0141) 
2026-09-13 14:52:10,287 - INFO - Epoch [1860/2000] LR: 0.000003 | Train Loss: 0.001813 (Data: 0.00181, Mono: 0.00001) | Val MSE: 0.000201 (RMSE: 0.0142) 
2026-09-13 14:52:10,659 - INFO - Epoch [1870/2000] LR: 0.000003 | Train Loss: 0.001810 (Data: 0.00181, Mono: 0.00001) | Val MSE: 0.000197 (RMSE: 0.0140) 
2026-09-13 14:52:11,033 - INFO - Epoch [1880/2000] LR: 0.000002 | Train Loss: 0.001800 (Data: 0.00180, Mono: 0.00001) | Val MSE: 0.000193 (RMSE: 0.0139) 
2026-09-13 14:52:11,397 - INFO - Epoch [1890/2000] LR: 0.000002 | Train Loss: 0.001816 (Data: 0.00181, Mono: 0.00001) | Val MSE: 0.000195 (RMSE: 0.0140) 
2026-09-13 14:52:11,768 - INFO - Epoch [1900/2000] LR: 0.000002 | Train Loss: 0.001762 (Data: 0.00176, Mono: 0.00001) | Val MSE: 0.000197 (RMSE: 0.0140) 
2026-09-13 14:52:12,139 - INFO - Epoch [1910/2000] LR: 0.000002 | Train Loss: 0.001816 (Data: 0.00181, Mono: 0.00001) | Val MSE: 0.000197 (RMSE: 0.0140) 
2026-09-13 14:52:12,514 - INFO - Epoch [1920/2000] LR: 0.000002 | Train Loss: 0.001855 (Data: 0.00185, Mono: 0.00001) | Val MSE: 0.000202 (RMSE: 0.0142) 
2026-09-13 14:52:12,886 - INFO - Epoch [1930/2000] LR: 0.000002 | Train Loss: 0.001860 (Data: 0.00186, Mono: 0.00001) | Val MSE: 0.000205 (RMSE: 0.0143) 
2026-09-13 14:52:13,257 - INFO - Epoch [1940/2000] LR: 0.000002 | Train Loss: 0.001850 (Data: 0.00185, Mono: 0.00001) | Val MSE: 0.000204 (RMSE: 0.0143) 
2026-09-13 14:52:13,626 - INFO - Epoch [1950/2000] LR: 0.000002 | Train Loss: 0.001813 (Data: 0.00181, Mono: 0.00001) | Val MSE: 0.000196 (RMSE: 0.0140) 
2026-09-13 14:52:13,997 - INFO - Epoch [1960/2000] LR: 0.000002 | Train Loss: 0.001712 (Data: 0.00171, Mono: 0.00001) | Val MSE: 0.000197 (RMSE: 0.0140) 
2026-09-13 14:52:14,375 - INFO - Epoch [1970/2000] LR: 0.000002 | Train Loss: 0.001803 (Data: 0.00180, Mono: 0.00001) | Val MSE: 0.000201 (RMSE: 0.0142) 
2026-09-13 14:52:14,750 - INFO - Epoch [1980/2000] LR: 0.000002 | Train Loss: 0.001763 (Data: 0.00176, Mono: 0.00001) | Val MSE: 0.000197 (RMSE: 0.0140) 
2026-09-13 14:52:15,114 - INFO - Epoch [1990/2000] LR: 0.000002 | Train Loss: 0.001806 (Data: 0.00180, Mono: 0.00001) | Val MSE: 0.000200 (RMSE: 0.0141) 
2026-09-13 14:52:15,494 - INFO - Epoch [2000/2000] LR: 0.000002 | Train Loss: 0.001772 (Data: 0.00177, Mono: 0.00001) | Val MSE: 0.000195 (RMSE: 0.0140) 
2026-09-13 14:52:15,494 - INFO - Training completed in 81.97s. Loading best checkpoint from epoch 751 for final test evaluation...
2026-09-13 14:52:15,524 - INFO - ==================================================
2026-09-13 14:52:15,524 - INFO - Test Results for [XJTU] - [R3] (Best Epoch 751):
2026-09-13 14:52:15,524 - INFO -   Test RMSE: 0.008970
2026-09-13 14:52:15,524 - INFO -   Test MAE:  0.007429
2026-09-13 14:52:15,524 - INFO -   Test MAPE: 0.793238
2026-09-13 14:52:15,524 - INFO -   Test MSE:  0.000080
2026-09-13 14:52:15,524 - INFO - ==================================================
2026-09-13 15:00:31,505 - INFO - ==================================================
2026-09-13 15:00:31,505 - INFO - Starting FusionMLP Training for [XJTU] - [R3]
2026-09-13 15:00:31,505 - INFO - Device: cuda | Epochs: 2000 | LR: 0.000100 | Mono Weight: 0.4000 | Knee Feature: True
2026-09-13 15:00:31,505 - INFO - ==================================================
2026-09-13 15:00:31,585 - INFO - Data Splits: Train=5, Val=1, Test=2
2026-09-13 15:00:31,661 - INFO - Epoch [   1/2000] LR: 0.006063 | Train Loss: 0.285544 (Data: 0.28553, Mono: 0.00004) | Val MSE: 0.118228 (RMSE: 0.3438) [BEST]
2026-09-13 15:00:31,713 - INFO - Epoch [   2/2000] LR: 0.005857 | Train Loss: 0.103263 (Data: 0.10325, Mono: 0.00004) | Val MSE: 0.060390 (RMSE: 0.2457) [BEST]
2026-09-13 15:00:31,764 - INFO - Epoch [   3/2000] LR: 0.005651 | Train Loss: 0.077932 (Data: 0.07791, Mono: 0.00005) | Val MSE: 0.004160 (RMSE: 0.0645) [BEST]
2026-09-13 15:00:31,904 - INFO - Epoch [   6/2000] LR: 0.005035 | Train Loss: 0.029653 (Data: 0.02964, Mono: 0.00004) | Val MSE: 0.002750 (RMSE: 0.0524) [BEST]
2026-09-13 15:00:31,966 - INFO - Epoch [   7/2000] LR: 0.004829 | Train Loss: 0.026525 (Data: 0.02651, Mono: 0.00004) | Val MSE: 0.002130 (RMSE: 0.0462) [BEST]
2026-09-13 15:00:32,076 - INFO - Epoch [   9/2000] LR: 0.004418 | Train Loss: 0.019515 (Data: 0.01950, Mono: 0.00003) | Val MSE: 0.001105 (RMSE: 0.0332) [BEST]
2026-09-13 15:00:32,129 - INFO - Epoch [  10/2000] LR: 0.004212 | Train Loss: 0.018687 (Data: 0.01867, Mono: 0.00003) | Val MSE: 0.000696 (RMSE: 0.0264) [BEST]
2026-09-13 15:00:32,223 - INFO - Epoch [  12/2000] LR: 0.003801 | Train Loss: 0.015692 (Data: 0.01568, Mono: 0.00003) | Val MSE: 0.000381 (RMSE: 0.0195) [BEST]
2026-09-13 15:00:32,381 - INFO - Epoch [  15/2000] LR: 0.003184 | Train Loss: 0.013152 (Data: 0.01314, Mono: 0.00003) | Val MSE: 0.000195 (RMSE: 0.0140) [BEST]
2026-09-13 15:00:32,611 - INFO - Epoch [  20/2000] LR: 0.002156 | Train Loss: 0.010795 (Data: 0.01078, Mono: 0.00003) | Val MSE: 0.000224 (RMSE: 0.0150) 
2026-09-13 15:00:32,798 - INFO - Epoch [  24/2000] LR: 0.001334 | Train Loss: 0.009822 (Data: 0.00981, Mono: 0.00002) | Val MSE: 0.000181 (RMSE: 0.0134) [BEST]
2026-09-13 15:00:33,072 - INFO - Epoch [  30/2000] LR: 0.000100 | Train Loss: 0.009228 (Data: 0.00922, Mono: 0.00002) | Val MSE: 0.000266 (RMSE: 0.0163) 
2026-09-13 15:00:33,513 - INFO - Epoch [  40/2000] LR: 0.000100 | Train Loss: 0.009520 (Data: 0.00951, Mono: 0.00003) | Val MSE: 0.000268 (RMSE: 0.0164) 
2026-09-13 15:00:33,968 - INFO - Epoch [  50/2000] LR: 0.000100 | Train Loss: 0.009233 (Data: 0.00922, Mono: 0.00002) | Val MSE: 0.000290 (RMSE: 0.0170) 
2026-09-13 15:00:34,432 - INFO - Epoch [  60/2000] LR: 0.000100 | Train Loss: 0.009212 (Data: 0.00920, Mono: 0.00002) | Val MSE: 0.000261 (RMSE: 0.0162) 
2026-09-13 15:00:34,900 - INFO - Epoch [  70/2000] LR: 0.000100 | Train Loss: 0.008575 (Data: 0.00857, Mono: 0.00002) | Val MSE: 0.000261 (RMSE: 0.0162) 
2026-09-13 15:00:35,328 - INFO - Epoch [  80/2000] LR: 0.000100 | Train Loss: 0.008783 (Data: 0.00877, Mono: 0.00002) | Val MSE: 0.000266 (RMSE: 0.0163) 
2026-09-13 15:00:35,755 - INFO - Epoch [  90/2000] LR: 0.000100 | Train Loss: 0.008484 (Data: 0.00847, Mono: 0.00002) | Val MSE: 0.000287 (RMSE: 0.0169) 
2026-09-13 15:00:36,175 - INFO - Epoch [ 100/2000] LR: 0.000100 | Train Loss: 0.008339 (Data: 0.00833, Mono: 0.00002) | Val MSE: 0.000264 (RMSE: 0.0162) 
2026-09-13 15:00:36,603 - INFO - Epoch [ 110/2000] LR: 0.000100 | Train Loss: 0.008320 (Data: 0.00831, Mono: 0.00002) | Val MSE: 0.000239 (RMSE: 0.0155) 
2026-09-13 15:00:37,055 - INFO - Epoch [ 120/2000] LR: 0.000099 | Train Loss: 0.008091 (Data: 0.00808, Mono: 0.00002) | Val MSE: 0.000201 (RMSE: 0.0142) 
2026-09-13 15:00:37,503 - INFO - Epoch [ 130/2000] LR: 0.000099 | Train Loss: 0.007848 (Data: 0.00784, Mono: 0.00002) | Val MSE: 0.000270 (RMSE: 0.0164) 
2026-09-13 15:00:37,960 - INFO - Epoch [ 140/2000] LR: 0.000099 | Train Loss: 0.007658 (Data: 0.00765, Mono: 0.00002) | Val MSE: 0.000276 (RMSE: 0.0166) 
2026-09-13 15:00:38,393 - INFO - Epoch [ 150/2000] LR: 0.000099 | Train Loss: 0.007655 (Data: 0.00765, Mono: 0.00002) | Val MSE: 0.000319 (RMSE: 0.0179) 
2026-09-13 15:00:38,822 - INFO - Epoch [ 160/2000] LR: 0.000099 | Train Loss: 0.007323 (Data: 0.00731, Mono: 0.00002) | Val MSE: 0.000237 (RMSE: 0.0154) 
2026-09-13 15:00:39,244 - INFO - Epoch [ 170/2000] LR: 0.000099 | Train Loss: 0.007271 (Data: 0.00726, Mono: 0.00002) | Val MSE: 0.000242 (RMSE: 0.0156) 
2026-09-13 15:00:39,671 - INFO - Epoch [ 180/2000] LR: 0.000099 | Train Loss: 0.006941 (Data: 0.00693, Mono: 0.00002) | Val MSE: 0.000226 (RMSE: 0.0150) 
2026-09-13 15:00:40,110 - INFO - Epoch [ 190/2000] LR: 0.000098 | Train Loss: 0.006749 (Data: 0.00674, Mono: 0.00002) | Val MSE: 0.000208 (RMSE: 0.0144) 
2026-09-13 15:00:40,517 - INFO - Epoch [ 200/2000] LR: 0.000098 | Train Loss: 0.006666 (Data: 0.00666, Mono: 0.00002) | Val MSE: 0.000245 (RMSE: 0.0156) 
2026-09-13 15:00:40,920 - INFO - Epoch [ 209/2000] LR: 0.000098 | Train Loss: 0.006422 (Data: 0.00641, Mono: 0.00002) | Val MSE: 0.000179 (RMSE: 0.0134) [BEST]
2026-09-13 15:00:40,961 - INFO - Epoch [ 210/2000] LR: 0.000098 | Train Loss: 0.006591 (Data: 0.00658, Mono: 0.00002) | Val MSE: 0.000186 (RMSE: 0.0136) 
2026-09-13 15:00:41,372 - INFO - Epoch [ 220/2000] LR: 0.000098 | Train Loss: 0.006297 (Data: 0.00629, Mono: 0.00002) | Val MSE: 0.000232 (RMSE: 0.0152) 
2026-09-13 15:00:41,790 - INFO - Epoch [ 230/2000] LR: 0.000098 | Train Loss: 0.006432 (Data: 0.00642, Mono: 0.00002) | Val MSE: 0.000189 (RMSE: 0.0137) 
2026-09-13 15:00:42,224 - INFO - Epoch [ 240/2000] LR: 0.000097 | Train Loss: 0.006145 (Data: 0.00614, Mono: 0.00002) | Val MSE: 0.000193 (RMSE: 0.0139) 
2026-09-13 15:00:42,669 - INFO - Epoch [ 250/2000] LR: 0.000097 | Train Loss: 0.005930 (Data: 0.00592, Mono: 0.00002) | Val MSE: 0.000209 (RMSE: 0.0145) 
2026-09-13 15:00:43,142 - INFO - Epoch [ 260/2000] LR: 0.000097 | Train Loss: 0.005803 (Data: 0.00580, Mono: 0.00002) | Val MSE: 0.000211 (RMSE: 0.0145) 
2026-09-13 15:00:43,188 - INFO - Epoch [ 261/2000] LR: 0.000097 | Train Loss: 0.005730 (Data: 0.00572, Mono: 0.00002) | Val MSE: 0.000178 (RMSE: 0.0134) [BEST]
2026-09-13 15:00:43,239 - INFO - Epoch [ 262/2000] LR: 0.000097 | Train Loss: 0.005824 (Data: 0.00582, Mono: 0.00002) | Val MSE: 0.000167 (RMSE: 0.0129) [BEST]
2026-09-13 15:00:43,604 - INFO - Epoch [ 270/2000] LR: 0.000096 | Train Loss: 0.005559 (Data: 0.00555, Mono: 0.00002) | Val MSE: 0.000213 (RMSE: 0.0146) 
2026-09-13 15:00:44,066 - INFO - Epoch [ 280/2000] LR: 0.000096 | Train Loss: 0.005351 (Data: 0.00534, Mono: 0.00002) | Val MSE: 0.000169 (RMSE: 0.0130) 
2026-09-13 15:00:44,280 - INFO - Epoch [ 285/2000] LR: 0.000096 | Train Loss: 0.005783 (Data: 0.00578, Mono: 0.00002) | Val MSE: 0.000159 (RMSE: 0.0126) [BEST]
2026-09-13 15:00:44,531 - INFO - Epoch [ 290/2000] LR: 0.000096 | Train Loss: 0.005643 (Data: 0.00563, Mono: 0.00002) | Val MSE: 0.000182 (RMSE: 0.0135) 
2026-09-13 15:00:45,008 - INFO - Epoch [ 300/2000] LR: 0.000096 | Train Loss: 0.005429 (Data: 0.00542, Mono: 0.00002) | Val MSE: 0.000222 (RMSE: 0.0149) 
2026-09-13 15:00:45,437 - INFO - Epoch [ 310/2000] LR: 0.000095 | Train Loss: 0.005297 (Data: 0.00529, Mono: 0.00002) | Val MSE: 0.000183 (RMSE: 0.0135) 
2026-09-13 15:00:45,491 - INFO - Epoch [ 311/2000] LR: 0.000095 | Train Loss: 0.005274 (Data: 0.00527, Mono: 0.00002) | Val MSE: 0.000159 (RMSE: 0.0126) [BEST]
2026-09-13 15:00:45,899 - INFO - Epoch [ 320/2000] LR: 0.000095 | Train Loss: 0.005414 (Data: 0.00541, Mono: 0.00002) | Val MSE: 0.000263 (RMSE: 0.0162) 
2026-09-13 15:00:46,332 - INFO - Epoch [ 330/2000] LR: 0.000094 | Train Loss: 0.005026 (Data: 0.00502, Mono: 0.00002) | Val MSE: 0.000227 (RMSE: 0.0151) 
2026-09-13 15:00:46,764 - INFO - Epoch [ 340/2000] LR: 0.000094 | Train Loss: 0.004917 (Data: 0.00491, Mono: 0.00002) | Val MSE: 0.000204 (RMSE: 0.0143) 
2026-09-13 15:00:47,215 - INFO - Epoch [ 350/2000] LR: 0.000094 | Train Loss: 0.004989 (Data: 0.00498, Mono: 0.00002) | Val MSE: 0.000238 (RMSE: 0.0154) 
2026-09-13 15:00:47,690 - INFO - Epoch [ 360/2000] LR: 0.000093 | Train Loss: 0.004929 (Data: 0.00492, Mono: 0.00002) | Val MSE: 0.000178 (RMSE: 0.0133) 
2026-09-13 15:00:48,148 - INFO - Epoch [ 370/2000] LR: 0.000093 | Train Loss: 0.004871 (Data: 0.00486, Mono: 0.00002) | Val MSE: 0.000159 (RMSE: 0.0126) 
2026-09-13 15:00:48,588 - INFO - Epoch [ 380/2000] LR: 0.000093 | Train Loss: 0.004811 (Data: 0.00480, Mono: 0.00002) | Val MSE: 0.000209 (RMSE: 0.0145) 
2026-09-13 15:00:49,022 - INFO - Epoch [ 390/2000] LR: 0.000092 | Train Loss: 0.004472 (Data: 0.00447, Mono: 0.00002) | Val MSE: 0.000177 (RMSE: 0.0133) 
2026-09-13 15:00:49,464 - INFO - Epoch [ 400/2000] LR: 0.000092 | Train Loss: 0.004580 (Data: 0.00457, Mono: 0.00002) | Val MSE: 0.000179 (RMSE: 0.0134) 
2026-09-13 15:00:49,891 - INFO - Epoch [ 410/2000] LR: 0.000091 | Train Loss: 0.004358 (Data: 0.00435, Mono: 0.00002) | Val MSE: 0.000193 (RMSE: 0.0139) 
2026-09-13 15:00:50,325 - INFO - Epoch [ 420/2000] LR: 0.000091 | Train Loss: 0.004421 (Data: 0.00441, Mono: 0.00002) | Val MSE: 0.000181 (RMSE: 0.0135) 
2026-09-13 15:00:50,379 - INFO - Epoch [ 421/2000] LR: 0.000091 | Train Loss: 0.004387 (Data: 0.00438, Mono: 0.00002) | Val MSE: 0.000154 (RMSE: 0.0124) [BEST]
2026-09-13 15:00:50,769 - INFO - Epoch [ 430/2000] LR: 0.000090 | Train Loss: 0.004163 (Data: 0.00416, Mono: 0.00001) | Val MSE: 0.000202 (RMSE: 0.0142) 
2026-09-13 15:00:51,178 - INFO - Epoch [ 440/2000] LR: 0.000090 | Train Loss: 0.004416 (Data: 0.00441, Mono: 0.00002) | Val MSE: 0.000228 (RMSE: 0.0151) 
2026-09-13 15:00:51,631 - INFO - Epoch [ 450/2000] LR: 0.000089 | Train Loss: 0.004266 (Data: 0.00426, Mono: 0.00002) | Val MSE: 0.000195 (RMSE: 0.0140) 
2026-09-13 15:00:52,106 - INFO - Epoch [ 460/2000] LR: 0.000089 | Train Loss: 0.003998 (Data: 0.00399, Mono: 0.00002) | Val MSE: 0.000238 (RMSE: 0.0154) 
2026-09-13 15:00:52,603 - INFO - Epoch [ 470/2000] LR: 0.000088 | Train Loss: 0.004293 (Data: 0.00429, Mono: 0.00002) | Val MSE: 0.000177 (RMSE: 0.0133) 
2026-09-13 15:00:53,050 - INFO - Epoch [ 480/2000] LR: 0.000088 | Train Loss: 0.003996 (Data: 0.00399, Mono: 0.00002) | Val MSE: 0.000203 (RMSE: 0.0142) 
2026-09-13 15:00:53,486 - INFO - Epoch [ 490/2000] LR: 0.000087 | Train Loss: 0.004019 (Data: 0.00401, Mono: 0.00001) | Val MSE: 0.000196 (RMSE: 0.0140) 
2026-09-13 15:00:53,928 - INFO - Epoch [ 500/2000] LR: 0.000087 | Train Loss: 0.004058 (Data: 0.00405, Mono: 0.00002) | Val MSE: 0.000199 (RMSE: 0.0141) 
2026-09-13 15:00:54,381 - INFO - Epoch [ 510/2000] LR: 0.000086 | Train Loss: 0.003855 (Data: 0.00385, Mono: 0.00002) | Val MSE: 0.000171 (RMSE: 0.0131) 
2026-09-13 15:00:54,802 - INFO - Epoch [ 520/2000] LR: 0.000086 | Train Loss: 0.003911 (Data: 0.00390, Mono: 0.00002) | Val MSE: 0.000190 (RMSE: 0.0138) 
2026-09-13 15:00:55,261 - INFO - Epoch [ 530/2000] LR: 0.000085 | Train Loss: 0.004019 (Data: 0.00401, Mono: 0.00002) | Val MSE: 0.000215 (RMSE: 0.0147) 
2026-09-13 15:00:55,701 - INFO - Epoch [ 540/2000] LR: 0.000085 | Train Loss: 0.003681 (Data: 0.00367, Mono: 0.00002) | Val MSE: 0.000186 (RMSE: 0.0136) 
2026-09-13 15:00:56,162 - INFO - Epoch [ 550/2000] LR: 0.000084 | Train Loss: 0.003789 (Data: 0.00378, Mono: 0.00002) | Val MSE: 0.000188 (RMSE: 0.0137) 
2026-09-13 15:00:56,599 - INFO - Epoch [ 560/2000] LR: 0.000083 | Train Loss: 0.003590 (Data: 0.00358, Mono: 0.00001) | Val MSE: 0.000215 (RMSE: 0.0147) 
2026-09-13 15:00:57,034 - INFO - Epoch [ 570/2000] LR: 0.000083 | Train Loss: 0.003864 (Data: 0.00386, Mono: 0.00001) | Val MSE: 0.000196 (RMSE: 0.0140) 
2026-09-13 15:00:57,444 - INFO - Epoch [ 580/2000] LR: 0.000082 | Train Loss: 0.003676 (Data: 0.00367, Mono: 0.00001) | Val MSE: 0.000218 (RMSE: 0.0148) 
2026-09-13 15:00:57,836 - INFO - Epoch [ 590/2000] LR: 0.000082 | Train Loss: 0.003613 (Data: 0.00361, Mono: 0.00001) | Val MSE: 0.000188 (RMSE: 0.0137) 
2026-09-13 15:00:58,228 - INFO - Epoch [ 600/2000] LR: 0.000081 | Train Loss: 0.003504 (Data: 0.00350, Mono: 0.00002) | Val MSE: 0.000218 (RMSE: 0.0148) 
2026-09-13 15:00:58,632 - INFO - Epoch [ 610/2000] LR: 0.000080 | Train Loss: 0.003518 (Data: 0.00351, Mono: 0.00001) | Val MSE: 0.000223 (RMSE: 0.0149) 
2026-09-13 15:00:59,035 - INFO - Epoch [ 620/2000] LR: 0.000080 | Train Loss: 0.003622 (Data: 0.00362, Mono: 0.00001) | Val MSE: 0.000218 (RMSE: 0.0148) 
2026-09-13 15:00:59,457 - INFO - Epoch [ 630/2000] LR: 0.000079 | Train Loss: 0.003462 (Data: 0.00346, Mono: 0.00001) | Val MSE: 0.000259 (RMSE: 0.0161) 
2026-09-13 15:00:59,868 - INFO - Epoch [ 640/2000] LR: 0.000078 | Train Loss: 0.003519 (Data: 0.00351, Mono: 0.00002) | Val MSE: 0.000218 (RMSE: 0.0148) 
2026-09-13 15:01:00,275 - INFO - Epoch [ 650/2000] LR: 0.000078 | Train Loss: 0.003408 (Data: 0.00340, Mono: 0.00001) | Val MSE: 0.000201 (RMSE: 0.0142) 
2026-09-13 15:01:00,689 - INFO - Epoch [ 660/2000] LR: 0.000077 | Train Loss: 0.003296 (Data: 0.00329, Mono: 0.00002) | Val MSE: 0.000210 (RMSE: 0.0145) 
2026-09-13 15:01:01,090 - INFO - Epoch [ 670/2000] LR: 0.000077 | Train Loss: 0.003368 (Data: 0.00336, Mono: 0.00001) | Val MSE: 0.000190 (RMSE: 0.0138) 
2026-09-13 15:01:01,491 - INFO - Epoch [ 680/2000] LR: 0.000076 | Train Loss: 0.003465 (Data: 0.00346, Mono: 0.00001) | Val MSE: 0.000221 (RMSE: 0.0149) 
2026-09-13 15:01:01,904 - INFO - Epoch [ 690/2000] LR: 0.000075 | Train Loss: 0.003301 (Data: 0.00329, Mono: 0.00001) | Val MSE: 0.000259 (RMSE: 0.0161) 
2026-09-13 15:01:02,299 - INFO - Epoch [ 700/2000] LR: 0.000074 | Train Loss: 0.003280 (Data: 0.00327, Mono: 0.00001) | Val MSE: 0.000222 (RMSE: 0.0149) 
2026-09-13 15:01:02,697 - INFO - Epoch [ 710/2000] LR: 0.000074 | Train Loss: 0.003320 (Data: 0.00332, Mono: 0.00001) | Val MSE: 0.000212 (RMSE: 0.0146) 
2026-09-13 15:01:03,096 - INFO - Epoch [ 720/2000] LR: 0.000073 | Train Loss: 0.003122 (Data: 0.00312, Mono: 0.00002) | Val MSE: 0.000225 (RMSE: 0.0150) 
2026-09-13 15:01:03,500 - INFO - Epoch [ 730/2000] LR: 0.000072 | Train Loss: 0.003179 (Data: 0.00317, Mono: 0.00001) | Val MSE: 0.000206 (RMSE: 0.0144) 
2026-09-13 15:01:03,893 - INFO - Epoch [ 740/2000] LR: 0.000072 | Train Loss: 0.003296 (Data: 0.00329, Mono: 0.00001) | Val MSE: 0.000239 (RMSE: 0.0155) 
2026-09-13 15:01:04,291 - INFO - Epoch [ 750/2000] LR: 0.000071 | Train Loss: 0.003185 (Data: 0.00318, Mono: 0.00001) | Val MSE: 0.000212 (RMSE: 0.0145) 
2026-09-13 15:01:04,680 - INFO - Epoch [ 760/2000] LR: 0.000070 | Train Loss: 0.003179 (Data: 0.00317, Mono: 0.00001) | Val MSE: 0.000248 (RMSE: 0.0157) 
2026-09-13 15:01:05,074 - INFO - Epoch [ 770/2000] LR: 0.000070 | Train Loss: 0.003127 (Data: 0.00312, Mono: 0.00001) | Val MSE: 0.000222 (RMSE: 0.0149) 
2026-09-13 15:01:05,473 - INFO - Epoch [ 780/2000] LR: 0.000069 | Train Loss: 0.003178 (Data: 0.00317, Mono: 0.00001) | Val MSE: 0.000228 (RMSE: 0.0151) 
2026-09-13 15:01:05,862 - INFO - Epoch [ 790/2000] LR: 0.000068 | Train Loss: 0.003022 (Data: 0.00302, Mono: 0.00001) | Val MSE: 0.000205 (RMSE: 0.0143) 
2026-09-13 15:01:06,261 - INFO - Epoch [ 800/2000] LR: 0.000067 | Train Loss: 0.003000 (Data: 0.00299, Mono: 0.00001) | Val MSE: 0.000217 (RMSE: 0.0147) 
2026-09-13 15:01:06,662 - INFO - Epoch [ 810/2000] LR: 0.000067 | Train Loss: 0.002996 (Data: 0.00299, Mono: 0.00001) | Val MSE: 0.000206 (RMSE: 0.0143) 
2026-09-13 15:01:07,058 - INFO - Epoch [ 820/2000] LR: 0.000066 | Train Loss: 0.002932 (Data: 0.00293, Mono: 0.00001) | Val MSE: 0.000251 (RMSE: 0.0159) 
2026-09-13 15:01:07,446 - INFO - Epoch [ 830/2000] LR: 0.000065 | Train Loss: 0.002896 (Data: 0.00289, Mono: 0.00001) | Val MSE: 0.000272 (RMSE: 0.0165) 
2026-09-13 15:01:07,841 - INFO - Epoch [ 840/2000] LR: 0.000064 | Train Loss: 0.002931 (Data: 0.00293, Mono: 0.00001) | Val MSE: 0.000234 (RMSE: 0.0153) 
2026-09-13 15:01:08,236 - INFO - Epoch [ 850/2000] LR: 0.000064 | Train Loss: 0.002961 (Data: 0.00296, Mono: 0.00001) | Val MSE: 0.000236 (RMSE: 0.0154) 
2026-09-13 15:01:08,634 - INFO - Epoch [ 860/2000] LR: 0.000063 | Train Loss: 0.002895 (Data: 0.00289, Mono: 0.00001) | Val MSE: 0.000226 (RMSE: 0.0150) 
2026-09-13 15:01:09,034 - INFO - Epoch [ 870/2000] LR: 0.000062 | Train Loss: 0.002968 (Data: 0.00296, Mono: 0.00001) | Val MSE: 0.000238 (RMSE: 0.0154) 
2026-09-13 15:01:09,435 - INFO - Epoch [ 880/2000] LR: 0.000061 | Train Loss: 0.002895 (Data: 0.00289, Mono: 0.00001) | Val MSE: 0.000238 (RMSE: 0.0154) 
2026-09-13 15:01:09,825 - INFO - Epoch [ 890/2000] LR: 0.000061 | Train Loss: 0.002797 (Data: 0.00279, Mono: 0.00001) | Val MSE: 0.000237 (RMSE: 0.0154) 
2026-09-13 15:01:10,252 - INFO - Epoch [ 900/2000] LR: 0.000060 | Train Loss: 0.002881 (Data: 0.00288, Mono: 0.00001) | Val MSE: 0.000235 (RMSE: 0.0153) 
2026-09-13 15:01:10,649 - INFO - Epoch [ 910/2000] LR: 0.000059 | Train Loss: 0.002758 (Data: 0.00275, Mono: 0.00001) | Val MSE: 0.000250 (RMSE: 0.0158) 
2026-09-13 15:01:11,034 - INFO - Epoch [ 920/2000] LR: 0.000058 | Train Loss: 0.002790 (Data: 0.00279, Mono: 0.00001) | Val MSE: 0.000229 (RMSE: 0.0151) 
2026-09-13 15:01:11,423 - INFO - Epoch [ 930/2000] LR: 0.000057 | Train Loss: 0.002695 (Data: 0.00269, Mono: 0.00001) | Val MSE: 0.000231 (RMSE: 0.0152) 
2026-09-13 15:01:11,811 - INFO - Epoch [ 940/2000] LR: 0.000057 | Train Loss: 0.002724 (Data: 0.00272, Mono: 0.00001) | Val MSE: 0.000240 (RMSE: 0.0155) 
2026-09-13 15:01:12,206 - INFO - Epoch [ 950/2000] LR: 0.000056 | Train Loss: 0.002696 (Data: 0.00269, Mono: 0.00001) | Val MSE: 0.000240 (RMSE: 0.0155) 
2026-09-13 15:01:12,596 - INFO - Epoch [ 960/2000] LR: 0.000055 | Train Loss: 0.002714 (Data: 0.00271, Mono: 0.00001) | Val MSE: 0.000242 (RMSE: 0.0156) 
2026-09-13 15:01:12,978 - INFO - Epoch [ 970/2000] LR: 0.000054 | Train Loss: 0.002664 (Data: 0.00266, Mono: 0.00001) | Val MSE: 0.000239 (RMSE: 0.0155) 
2026-09-13 15:01:13,370 - INFO - Epoch [ 980/2000] LR: 0.000054 | Train Loss: 0.002771 (Data: 0.00277, Mono: 0.00001) | Val MSE: 0.000221 (RMSE: 0.0149) 
2026-09-13 15:01:13,770 - INFO - Epoch [ 990/2000] LR: 0.000053 | Train Loss: 0.002673 (Data: 0.00267, Mono: 0.00001) | Val MSE: 0.000235 (RMSE: 0.0153) 
2026-09-13 15:01:14,166 - INFO - Epoch [1000/2000] LR: 0.000052 | Train Loss: 0.002661 (Data: 0.00266, Mono: 0.00001) | Val MSE: 0.000244 (RMSE: 0.0156) 
2026-09-13 15:01:14,558 - INFO - Epoch [1010/2000] LR: 0.000051 | Train Loss: 0.002600 (Data: 0.00260, Mono: 0.00001) | Val MSE: 0.000241 (RMSE: 0.0155) 
2026-09-13 15:01:14,961 - INFO - Epoch [1020/2000] LR: 0.000050 | Train Loss: 0.002625 (Data: 0.00262, Mono: 0.00001) | Val MSE: 0.000256 (RMSE: 0.0160) 
2026-09-13 15:01:15,353 - INFO - Epoch [1030/2000] LR: 0.000050 | Train Loss: 0.002549 (Data: 0.00254, Mono: 0.00001) | Val MSE: 0.000229 (RMSE: 0.0151) 
2026-09-13 15:01:15,744 - INFO - Epoch [1040/2000] LR: 0.000049 | Train Loss: 0.002519 (Data: 0.00251, Mono: 0.00001) | Val MSE: 0.000230 (RMSE: 0.0152) 
2026-09-13 15:01:16,144 - INFO - Epoch [1050/2000] LR: 0.000048 | Train Loss: 0.002503 (Data: 0.00250, Mono: 0.00001) | Val MSE: 0.000243 (RMSE: 0.0156) 
2026-09-13 15:01:16,534 - INFO - Epoch [1060/2000] LR: 0.000047 | Train Loss: 0.002560 (Data: 0.00256, Mono: 0.00001) | Val MSE: 0.000237 (RMSE: 0.0154) 
2026-09-13 15:01:16,935 - INFO - Epoch [1070/2000] LR: 0.000046 | Train Loss: 0.002503 (Data: 0.00250, Mono: 0.00001) | Val MSE: 0.000247 (RMSE: 0.0157) 
2026-09-13 15:01:17,351 - INFO - Epoch [1080/2000] LR: 0.000046 | Train Loss: 0.002591 (Data: 0.00259, Mono: 0.00001) | Val MSE: 0.000237 (RMSE: 0.0154) 
2026-09-13 15:01:17,752 - INFO - Epoch [1090/2000] LR: 0.000045 | Train Loss: 0.002531 (Data: 0.00253, Mono: 0.00001) | Val MSE: 0.000254 (RMSE: 0.0159) 
2026-09-13 15:01:18,150 - INFO - Epoch [1100/2000] LR: 0.000044 | Train Loss: 0.002504 (Data: 0.00250, Mono: 0.00001) | Val MSE: 0.000256 (RMSE: 0.0160) 
2026-09-13 15:01:18,546 - INFO - Epoch [1110/2000] LR: 0.000043 | Train Loss: 0.002508 (Data: 0.00250, Mono: 0.00001) | Val MSE: 0.000232 (RMSE: 0.0152) 
2026-09-13 15:01:18,957 - INFO - Epoch [1120/2000] LR: 0.000043 | Train Loss: 0.002524 (Data: 0.00252, Mono: 0.00001) | Val MSE: 0.000232 (RMSE: 0.0152) 
2026-09-13 15:01:19,353 - INFO - Epoch [1130/2000] LR: 0.000042 | Train Loss: 0.002534 (Data: 0.00253, Mono: 0.00001) | Val MSE: 0.000249 (RMSE: 0.0158) 
2026-09-13 15:01:19,748 - INFO - Epoch [1140/2000] LR: 0.000041 | Train Loss: 0.002434 (Data: 0.00243, Mono: 0.00001) | Val MSE: 0.000252 (RMSE: 0.0159) 
2026-09-13 15:01:20,143 - INFO - Epoch [1150/2000] LR: 0.000040 | Train Loss: 0.002431 (Data: 0.00243, Mono: 0.00001) | Val MSE: 0.000236 (RMSE: 0.0154) 
2026-09-13 15:01:20,531 - INFO - Epoch [1160/2000] LR: 0.000040 | Train Loss: 0.002540 (Data: 0.00254, Mono: 0.00001) | Val MSE: 0.000254 (RMSE: 0.0159) 
2026-09-13 15:01:20,932 - INFO - Epoch [1170/2000] LR: 0.000039 | Train Loss: 0.002460 (Data: 0.00246, Mono: 0.00001) | Val MSE: 0.000234 (RMSE: 0.0153) 
2026-09-13 15:01:21,329 - INFO - Epoch [1180/2000] LR: 0.000038 | Train Loss: 0.002450 (Data: 0.00244, Mono: 0.00001) | Val MSE: 0.000236 (RMSE: 0.0154) 
2026-09-13 15:01:21,720 - INFO - Epoch [1190/2000] LR: 0.000037 | Train Loss: 0.002421 (Data: 0.00242, Mono: 0.00001) | Val MSE: 0.000240 (RMSE: 0.0155) 
2026-09-13 15:01:22,110 - INFO - Epoch [1200/2000] LR: 0.000036 | Train Loss: 0.002422 (Data: 0.00242, Mono: 0.00001) | Val MSE: 0.000238 (RMSE: 0.0154) 
2026-09-13 15:01:22,496 - INFO - Epoch [1210/2000] LR: 0.000036 | Train Loss: 0.002469 (Data: 0.00246, Mono: 0.00001) | Val MSE: 0.000261 (RMSE: 0.0162) 
2026-09-13 15:01:22,906 - INFO - Epoch [1220/2000] LR: 0.000035 | Train Loss: 0.002319 (Data: 0.00231, Mono: 0.00001) | Val MSE: 0.000232 (RMSE: 0.0152) 
2026-09-13 15:01:23,301 - INFO - Epoch [1230/2000] LR: 0.000034 | Train Loss: 0.002442 (Data: 0.00244, Mono: 0.00001) | Val MSE: 0.000238 (RMSE: 0.0154) 
2026-09-13 15:01:23,696 - INFO - Epoch [1240/2000] LR: 0.000034 | Train Loss: 0.002374 (Data: 0.00237, Mono: 0.00001) | Val MSE: 0.000249 (RMSE: 0.0158) 
2026-09-13 15:01:24,091 - INFO - Epoch [1250/2000] LR: 0.000033 | Train Loss: 0.002377 (Data: 0.00237, Mono: 0.00001) | Val MSE: 0.000255 (RMSE: 0.0160) 
2026-09-13 15:01:24,484 - INFO - Epoch [1260/2000] LR: 0.000032 | Train Loss: 0.002404 (Data: 0.00240, Mono: 0.00001) | Val MSE: 0.000251 (RMSE: 0.0158) 
2026-09-13 15:01:24,915 - INFO - Epoch [1270/2000] LR: 0.000031 | Train Loss: 0.002391 (Data: 0.00239, Mono: 0.00001) | Val MSE: 0.000251 (RMSE: 0.0158) 
2026-09-13 15:01:25,314 - INFO - Epoch [1280/2000] LR: 0.000031 | Train Loss: 0.002310 (Data: 0.00231, Mono: 0.00001) | Val MSE: 0.000243 (RMSE: 0.0156) 
2026-09-13 15:01:25,707 - INFO - Epoch [1290/2000] LR: 0.000030 | Train Loss: 0.002319 (Data: 0.00231, Mono: 0.00001) | Val MSE: 0.000240 (RMSE: 0.0155) 
2026-09-13 15:01:26,094 - INFO - Epoch [1300/2000] LR: 0.000029 | Train Loss: 0.002268 (Data: 0.00226, Mono: 0.00001) | Val MSE: 0.000245 (RMSE: 0.0157) 
2026-09-13 15:01:26,497 - INFO - Epoch [1310/2000] LR: 0.000028 | Train Loss: 0.002313 (Data: 0.00231, Mono: 0.00001) | Val MSE: 0.000246 (RMSE: 0.0157) 
2026-09-13 15:01:26,905 - INFO - Epoch [1320/2000] LR: 0.000028 | Train Loss: 0.002316 (Data: 0.00231, Mono: 0.00001) | Val MSE: 0.000254 (RMSE: 0.0159) 
2026-09-13 15:01:27,344 - INFO - Epoch [1330/2000] LR: 0.000027 | Train Loss: 0.002322 (Data: 0.00232, Mono: 0.00001) | Val MSE: 0.000242 (RMSE: 0.0156) 
2026-09-13 15:01:27,768 - INFO - Epoch [1340/2000] LR: 0.000026 | Train Loss: 0.002366 (Data: 0.00236, Mono: 0.00001) | Val MSE: 0.000250 (RMSE: 0.0158) 
2026-09-13 15:01:28,208 - INFO - Epoch [1350/2000] LR: 0.000026 | Train Loss: 0.002299 (Data: 0.00229, Mono: 0.00001) | Val MSE: 0.000250 (RMSE: 0.0158) 
2026-09-13 15:01:28,638 - INFO - Epoch [1360/2000] LR: 0.000025 | Train Loss: 0.002282 (Data: 0.00228, Mono: 0.00001) | Val MSE: 0.000262 (RMSE: 0.0162) 
2026-09-13 15:01:29,094 - INFO - Epoch [1370/2000] LR: 0.000024 | Train Loss: 0.002239 (Data: 0.00223, Mono: 0.00001) | Val MSE: 0.000253 (RMSE: 0.0159) 
2026-09-13 15:01:29,525 - INFO - Epoch [1380/2000] LR: 0.000024 | Train Loss: 0.002272 (Data: 0.00227, Mono: 0.00001) | Val MSE: 0.000249 (RMSE: 0.0158) 
2026-09-13 15:01:29,956 - INFO - Epoch [1390/2000] LR: 0.000023 | Train Loss: 0.002302 (Data: 0.00230, Mono: 0.00001) | Val MSE: 0.000258 (RMSE: 0.0161) 
2026-09-13 15:01:30,390 - INFO - Epoch [1400/2000] LR: 0.000022 | Train Loss: 0.002346 (Data: 0.00234, Mono: 0.00001) | Val MSE: 0.000250 (RMSE: 0.0158) 
2026-09-13 15:01:30,849 - INFO - Epoch [1410/2000] LR: 0.000022 | Train Loss: 0.002271 (Data: 0.00227, Mono: 0.00001) | Val MSE: 0.000251 (RMSE: 0.0158) 
2026-09-13 15:01:31,298 - INFO - Epoch [1420/2000] LR: 0.000021 | Train Loss: 0.002236 (Data: 0.00223, Mono: 0.00001) | Val MSE: 0.000249 (RMSE: 0.0158) 
2026-09-13 15:01:31,726 - INFO - Epoch [1430/2000] LR: 0.000021 | Train Loss: 0.002290 (Data: 0.00229, Mono: 0.00001) | Val MSE: 0.000249 (RMSE: 0.0158) 
2026-09-13 15:01:32,161 - INFO - Epoch [1440/2000] LR: 0.000020 | Train Loss: 0.002282 (Data: 0.00228, Mono: 0.00001) | Val MSE: 0.000258 (RMSE: 0.0161) 
2026-09-13 15:01:32,597 - INFO - Epoch [1450/2000] LR: 0.000019 | Train Loss: 0.002332 (Data: 0.00233, Mono: 0.00001) | Val MSE: 0.000253 (RMSE: 0.0159) 
2026-09-13 15:01:33,023 - INFO - Epoch [1460/2000] LR: 0.000019 | Train Loss: 0.002268 (Data: 0.00226, Mono: 0.00001) | Val MSE: 0.000246 (RMSE: 0.0157) 
2026-09-13 15:01:33,438 - INFO - Epoch [1470/2000] LR: 0.000018 | Train Loss: 0.002198 (Data: 0.00219, Mono: 0.00001) | Val MSE: 0.000250 (RMSE: 0.0158) 
2026-09-13 15:01:33,869 - INFO - Epoch [1480/2000] LR: 0.000018 | Train Loss: 0.002186 (Data: 0.00218, Mono: 0.00001) | Val MSE: 0.000257 (RMSE: 0.0160) 
2026-09-13 15:01:34,304 - INFO - Epoch [1490/2000] LR: 0.000017 | Train Loss: 0.002225 (Data: 0.00222, Mono: 0.00001) | Val MSE: 0.000246 (RMSE: 0.0157) 
2026-09-13 15:01:34,719 - INFO - Epoch [1500/2000] LR: 0.000016 | Train Loss: 0.002265 (Data: 0.00226, Mono: 0.00001) | Val MSE: 0.000249 (RMSE: 0.0158) 
2026-09-13 15:01:35,125 - INFO - Epoch [1510/2000] LR: 0.000016 | Train Loss: 0.002230 (Data: 0.00223, Mono: 0.00001) | Val MSE: 0.000254 (RMSE: 0.0160) 
2026-09-13 15:01:35,545 - INFO - Epoch [1520/2000] LR: 0.000015 | Train Loss: 0.002265 (Data: 0.00226, Mono: 0.00001) | Val MSE: 0.000244 (RMSE: 0.0156) 
2026-09-13 15:01:35,949 - INFO - Epoch [1530/2000] LR: 0.000015 | Train Loss: 0.002206 (Data: 0.00220, Mono: 0.00001) | Val MSE: 0.000247 (RMSE: 0.0157) 
2026-09-13 15:01:36,370 - INFO - Epoch [1540/2000] LR: 0.000014 | Train Loss: 0.002219 (Data: 0.00221, Mono: 0.00001) | Val MSE: 0.000243 (RMSE: 0.0156) 
2026-09-13 15:01:36,769 - INFO - Epoch [1550/2000] LR: 0.000014 | Train Loss: 0.002180 (Data: 0.00218, Mono: 0.00001) | Val MSE: 0.000247 (RMSE: 0.0157) 
2026-09-13 15:01:37,186 - INFO - Epoch [1560/2000] LR: 0.000013 | Train Loss: 0.002202 (Data: 0.00220, Mono: 0.00001) | Val MSE: 0.000256 (RMSE: 0.0160) 
2026-09-13 15:01:37,592 - INFO - Epoch [1570/2000] LR: 0.000013 | Train Loss: 0.002209 (Data: 0.00220, Mono: 0.00001) | Val MSE: 0.000246 (RMSE: 0.0157) 
2026-09-13 15:01:37,993 - INFO - Epoch [1580/2000] LR: 0.000012 | Train Loss: 0.002198 (Data: 0.00219, Mono: 0.00001) | Val MSE: 0.000242 (RMSE: 0.0156) 
2026-09-13 15:01:38,395 - INFO - Epoch [1590/2000] LR: 0.000012 | Train Loss: 0.002261 (Data: 0.00226, Mono: 0.00001) | Val MSE: 0.000253 (RMSE: 0.0159) 
2026-09-13 15:01:38,796 - INFO - Epoch [1600/2000] LR: 0.000011 | Train Loss: 0.002139 (Data: 0.00213, Mono: 0.00001) | Val MSE: 0.000247 (RMSE: 0.0157) 
2026-09-13 15:01:39,208 - INFO - Epoch [1610/2000] LR: 0.000011 | Train Loss: 0.002209 (Data: 0.00220, Mono: 0.00001) | Val MSE: 0.000243 (RMSE: 0.0156) 
2026-09-13 15:01:39,616 - INFO - Epoch [1620/2000] LR: 0.000010 | Train Loss: 0.002198 (Data: 0.00219, Mono: 0.00001) | Val MSE: 0.000242 (RMSE: 0.0156) 
2026-09-13 15:01:40,015 - INFO - Epoch [1630/2000] LR: 0.000010 | Train Loss: 0.002207 (Data: 0.00220, Mono: 0.00001) | Val MSE: 0.000245 (RMSE: 0.0157) 
2026-09-13 15:01:40,409 - INFO - Epoch [1640/2000] LR: 0.000009 | Train Loss: 0.002267 (Data: 0.00226, Mono: 0.00001) | Val MSE: 0.000245 (RMSE: 0.0157) 
2026-09-13 15:01:40,811 - INFO - Epoch [1650/2000] LR: 0.000009 | Train Loss: 0.002192 (Data: 0.00219, Mono: 0.00001) | Val MSE: 0.000249 (RMSE: 0.0158) 
2026-09-13 15:01:41,226 - INFO - Epoch [1660/2000] LR: 0.000009 | Train Loss: 0.002173 (Data: 0.00217, Mono: 0.00001) | Val MSE: 0.000239 (RMSE: 0.0155) 
2026-09-13 15:01:41,629 - INFO - Epoch [1670/2000] LR: 0.000008 | Train Loss: 0.002162 (Data: 0.00216, Mono: 0.00001) | Val MSE: 0.000241 (RMSE: 0.0155) 
2026-09-13 15:01:42,034 - INFO - Epoch [1680/2000] LR: 0.000008 | Train Loss: 0.002175 (Data: 0.00217, Mono: 0.00001) | Val MSE: 0.000247 (RMSE: 0.0157) 
2026-09-13 15:01:42,470 - INFO - Epoch [1690/2000] LR: 0.000007 | Train Loss: 0.002185 (Data: 0.00218, Mono: 0.00001) | Val MSE: 0.000251 (RMSE: 0.0158) 
2026-09-13 15:01:42,900 - INFO - Epoch [1700/2000] LR: 0.000007 | Train Loss: 0.002205 (Data: 0.00220, Mono: 0.00001) | Val MSE: 0.000246 (RMSE: 0.0157) 
2026-09-13 15:01:43,338 - INFO - Epoch [1710/2000] LR: 0.000007 | Train Loss: 0.002133 (Data: 0.00213, Mono: 0.00001) | Val MSE: 0.000246 (RMSE: 0.0157) 
2026-09-13 15:01:43,755 - INFO - Epoch [1720/2000] LR: 0.000006 | Train Loss: 0.002182 (Data: 0.00218, Mono: 0.00001) | Val MSE: 0.000245 (RMSE: 0.0157) 
2026-09-13 15:01:44,188 - INFO - Epoch [1730/2000] LR: 0.000006 | Train Loss: 0.002155 (Data: 0.00215, Mono: 0.00001) | Val MSE: 0.000251 (RMSE: 0.0158) 
2026-09-13 15:01:44,629 - INFO - Epoch [1740/2000] LR: 0.000006 | Train Loss: 0.002293 (Data: 0.00229, Mono: 0.00001) | Val MSE: 0.000245 (RMSE: 0.0157) 
2026-09-13 15:01:45,074 - INFO - Epoch [1750/2000] LR: 0.000005 | Train Loss: 0.002098 (Data: 0.00209, Mono: 0.00001) | Val MSE: 0.000248 (RMSE: 0.0158) 
2026-09-13 15:01:45,488 - INFO - Epoch [1760/2000] LR: 0.000005 | Train Loss: 0.002209 (Data: 0.00221, Mono: 0.00001) | Val MSE: 0.000245 (RMSE: 0.0156) 
2026-09-13 15:01:45,923 - INFO - Epoch [1770/2000] LR: 0.000005 | Train Loss: 0.002155 (Data: 0.00215, Mono: 0.00001) | Val MSE: 0.000247 (RMSE: 0.0157) 
2026-09-13 15:01:46,361 - INFO - Epoch [1780/2000] LR: 0.000005 | Train Loss: 0.002171 (Data: 0.00217, Mono: 0.00001) | Val MSE: 0.000250 (RMSE: 0.0158) 
2026-09-13 15:01:46,791 - INFO - Epoch [1790/2000] LR: 0.000004 | Train Loss: 0.002174 (Data: 0.00217, Mono: 0.00001) | Val MSE: 0.000248 (RMSE: 0.0157) 
2026-09-13 15:01:47,251 - INFO - Epoch [1800/2000] LR: 0.000004 | Train Loss: 0.002181 (Data: 0.00218, Mono: 0.00001) | Val MSE: 0.000248 (RMSE: 0.0157) 
2026-09-13 15:01:47,700 - INFO - Epoch [1810/2000] LR: 0.000004 | Train Loss: 0.002117 (Data: 0.00211, Mono: 0.00001) | Val MSE: 0.000250 (RMSE: 0.0158) 
2026-09-13 15:01:48,127 - INFO - Epoch [1820/2000] LR: 0.000004 | Train Loss: 0.002212 (Data: 0.00221, Mono: 0.00001) | Val MSE: 0.000250 (RMSE: 0.0158) 
2026-09-13 15:01:48,553 - INFO - Epoch [1830/2000] LR: 0.000003 | Train Loss: 0.002192 (Data: 0.00219, Mono: 0.00001) | Val MSE: 0.000251 (RMSE: 0.0158) 
2026-09-13 15:01:48,978 - INFO - Epoch [1840/2000] LR: 0.000003 | Train Loss: 0.002155 (Data: 0.00215, Mono: 0.00001) | Val MSE: 0.000250 (RMSE: 0.0158) 
2026-09-13 15:01:49,402 - INFO - Epoch [1850/2000] LR: 0.000003 | Train Loss: 0.002199 (Data: 0.00219, Mono: 0.00001) | Val MSE: 0.000248 (RMSE: 0.0158) 
2026-09-13 15:01:49,836 - INFO - Epoch [1860/2000] LR: 0.000003 | Train Loss: 0.002188 (Data: 0.00218, Mono: 0.00001) | Val MSE: 0.000246 (RMSE: 0.0157) 
2026-09-13 15:01:50,232 - INFO - Epoch [1870/2000] LR: 0.000003 | Train Loss: 0.002201 (Data: 0.00220, Mono: 0.00001) | Val MSE: 0.000248 (RMSE: 0.0157) 
2026-09-13 15:01:50,633 - INFO - Epoch [1880/2000] LR: 0.000002 | Train Loss: 0.002095 (Data: 0.00209, Mono: 0.00001) | Val MSE: 0.000245 (RMSE: 0.0156) 
2026-09-13 15:01:51,036 - INFO - Epoch [1890/2000] LR: 0.000002 | Train Loss: 0.002138 (Data: 0.00213, Mono: 0.00001) | Val MSE: 0.000244 (RMSE: 0.0156) 
2026-09-13 15:01:51,449 - INFO - Epoch [1900/2000] LR: 0.000002 | Train Loss: 0.002165 (Data: 0.00216, Mono: 0.00001) | Val MSE: 0.000245 (RMSE: 0.0156) 
2026-09-13 15:01:51,855 - INFO - Epoch [1910/2000] LR: 0.000002 | Train Loss: 0.002086 (Data: 0.00208, Mono: 0.00001) | Val MSE: 0.000247 (RMSE: 0.0157) 
2026-09-13 15:01:52,258 - INFO - Epoch [1920/2000] LR: 0.000002 | Train Loss: 0.002169 (Data: 0.00216, Mono: 0.00001) | Val MSE: 0.000245 (RMSE: 0.0157) 
2026-09-13 15:01:52,662 - INFO - Epoch [1930/2000] LR: 0.000002 | Train Loss: 0.002099 (Data: 0.00209, Mono: 0.00001) | Val MSE: 0.000246 (RMSE: 0.0157) 
2026-09-13 15:01:53,056 - INFO - Epoch [1940/2000] LR: 0.000002 | Train Loss: 0.002114 (Data: 0.00211, Mono: 0.00001) | Val MSE: 0.000245 (RMSE: 0.0156) 
2026-09-13 15:01:53,453 - INFO - Epoch [1950/2000] LR: 0.000002 | Train Loss: 0.002227 (Data: 0.00222, Mono: 0.00001) | Val MSE: 0.000247 (RMSE: 0.0157) 
2026-09-13 15:01:53,852 - INFO - Epoch [1960/2000] LR: 0.000002 | Train Loss: 0.002176 (Data: 0.00217, Mono: 0.00001) | Val MSE: 0.000247 (RMSE: 0.0157) 
2026-09-13 15:01:54,253 - INFO - Epoch [1970/2000] LR: 0.000002 | Train Loss: 0.002103 (Data: 0.00210, Mono: 0.00001) | Val MSE: 0.000247 (RMSE: 0.0157) 
2026-09-13 15:01:54,642 - INFO - Epoch [1980/2000] LR: 0.000002 | Train Loss: 0.002145 (Data: 0.00214, Mono: 0.00001) | Val MSE: 0.000245 (RMSE: 0.0157) 
2026-09-13 15:01:55,025 - INFO - Epoch [1990/2000] LR: 0.000002 | Train Loss: 0.002122 (Data: 0.00212, Mono: 0.00001) | Val MSE: 0.000245 (RMSE: 0.0156) 
2026-09-13 15:01:55,430 - INFO - Epoch [2000/2000] LR: 0.000002 | Train Loss: 0.002172 (Data: 0.00217, Mono: 0.00001) | Val MSE: 0.000248 (RMSE: 0.0157) 
2026-09-13 15:01:55,431 - INFO - Training completed in 83.82s. Loading best checkpoint from epoch 421 for final test evaluation...
2026-09-13 15:01:55,446 - INFO - ==================================================
2026-09-13 15:01:55,446 - INFO - Test Results for [XJTU] - [R3] (Best Epoch 421):
2026-09-13 15:01:55,446 - INFO -   Test RMSE: 0.009754
2026-09-13 15:01:55,446 - INFO -   Test MAE:  0.008649
2026-09-13 15:01:55,446 - INFO -   Test MAPE: 0.923900
2026-09-13 15:01:55,449 - INFO -   Test MSE:  0.000095
2026-09-13 15:01:55,449 - INFO - ==================================================
2026-09-13 15:10:26,198 - INFO - ==================================================
2026-09-13 15:10:26,198 - INFO - Starting FusionMLP Training for [XJTU] - [R3]
2026-09-13 15:10:26,198 - INFO - Device: cuda | Epochs: 2000 | LR: 0.000100 | Mono Weight: 0.4000 | Knee Feature: True
2026-09-13 15:10:26,198 - INFO - ==================================================
2026-09-13 15:10:26,297 - INFO - Data Splits: Train=5, Val=1, Test=2
2026-09-13 15:10:26,367 - INFO - Epoch [   1/2000] LR: 0.006063 | Train Loss: 2.888722 (Data: 2.88872, Mono: 0.00002) | Val MSE: 0.779319 (RMSE: 0.8828) [BEST]
2026-09-13 15:10:26,737 - INFO - Epoch [  10/2000] LR: 0.004212 | Train Loss: 0.833596 (Data: 0.83359, Mono: 0.00002) | Val MSE: 0.778356 (RMSE: 0.8822) [BEST]
2026-09-13 15:10:26,821 - INFO - Epoch [  12/2000] LR: 0.003801 | Train Loss: 0.831436 (Data: 0.83143, Mono: 0.00002) | Val MSE: 0.777732 (RMSE: 0.8819) [BEST]
2026-09-13 15:10:26,862 - INFO - Epoch [  13/2000] LR: 0.003595 | Train Loss: 0.827823 (Data: 0.82781, Mono: 0.00002) | Val MSE: 0.773995 (RMSE: 0.8798) [BEST]
2026-09-13 15:10:26,911 - INFO - Epoch [  14/2000] LR: 0.003390 | Train Loss: 0.826888 (Data: 0.82688, Mono: 0.00002) | Val MSE: 0.773766 (RMSE: 0.8796) [BEST]
2026-09-13 15:10:26,954 - INFO - Epoch [  15/2000] LR: 0.003184 | Train Loss: 0.825328 (Data: 0.82532, Mono: 0.00002) | Val MSE: 0.771329 (RMSE: 0.8783) [BEST]
2026-09-13 15:10:26,996 - INFO - Epoch [  16/2000] LR: 0.002979 | Train Loss: 0.822446 (Data: 0.82244, Mono: 0.00002) | Val MSE: 0.768582 (RMSE: 0.8767) [BEST]
2026-09-13 15:10:27,054 - INFO - Epoch [  17/2000] LR: 0.002773 | Train Loss: 0.820773 (Data: 0.82076, Mono: 0.00002) | Val MSE: 0.766519 (RMSE: 0.8755) [BEST]
2026-09-13 15:10:27,095 - INFO - Epoch [  18/2000] LR: 0.002567 | Train Loss: 0.818799 (Data: 0.81879, Mono: 0.00002) | Val MSE: 0.764428 (RMSE: 0.8743) [BEST]
2026-09-13 15:10:27,138 - INFO - Epoch [  19/2000] LR: 0.002362 | Train Loss: 0.817255 (Data: 0.81725, Mono: 0.00002) | Val MSE: 0.762562 (RMSE: 0.8732) [BEST]
2026-09-13 15:10:27,179 - INFO - Epoch [  20/2000] LR: 0.002156 | Train Loss: 0.814417 (Data: 0.81441, Mono: 0.00002) | Val MSE: 0.758638 (RMSE: 0.8710) [BEST]
2026-09-13 15:10:27,222 - INFO - Epoch [  21/2000] LR: 0.001950 | Train Loss: 0.811489 (Data: 0.81148, Mono: 0.00002) | Val MSE: 0.753931 (RMSE: 0.8683) [BEST]
2026-09-13 15:10:27,271 - INFO - Epoch [  22/2000] LR: 0.001745 | Train Loss: 0.807934 (Data: 0.80793, Mono: 0.00002) | Val MSE: 0.747804 (RMSE: 0.8648) [BEST]
2026-09-13 15:10:27,320 - INFO - Epoch [  23/2000] LR: 0.001539 | Train Loss: 0.798427 (Data: 0.79842, Mono: 0.00002) | Val MSE: 0.730381 (RMSE: 0.8546) [BEST]
2026-09-13 15:10:27,362 - INFO - Epoch [  24/2000] LR: 0.001334 | Train Loss: 0.509669 (Data: 0.50965, Mono: 0.00004) | Val MSE: 0.224003 (RMSE: 0.4733) [BEST]
2026-09-13 15:10:27,406 - INFO - Epoch [  25/2000] LR: 0.001128 | Train Loss: 0.231782 (Data: 0.23176, Mono: 0.00005) | Val MSE: 0.068862 (RMSE: 0.2624) [BEST]
2026-09-13 15:10:27,448 - INFO - Epoch [  26/2000] LR: 0.000922 | Train Loss: 0.162191 (Data: 0.16217, Mono: 0.00005) | Val MSE: 0.006594 (RMSE: 0.0812) [BEST]
2026-09-13 15:10:27,611 - INFO - Epoch [  30/2000] LR: 0.000100 | Train Loss: 0.049212 (Data: 0.04919, Mono: 0.00004) | Val MSE: 0.005502 (RMSE: 0.0742) [BEST]
2026-09-13 15:10:27,654 - INFO - Epoch [  31/2000] LR: 0.000100 | Train Loss: 0.038661 (Data: 0.03864, Mono: 0.00004) | Val MSE: 0.001472 (RMSE: 0.0384) [BEST]
2026-09-13 15:10:27,879 - INFO - Epoch [  36/2000] LR: 0.000100 | Train Loss: 0.035992 (Data: 0.03597, Mono: 0.00005) | Val MSE: 0.001209 (RMSE: 0.0348) [BEST]
2026-09-13 15:10:27,926 - INFO - Epoch [  37/2000] LR: 0.000100 | Train Loss: 0.034482 (Data: 0.03446, Mono: 0.00004) | Val MSE: 0.001209 (RMSE: 0.0348) [BEST]
2026-09-13 15:10:27,971 - INFO - Epoch [  38/2000] LR: 0.000100 | Train Loss: 0.035589 (Data: 0.03557, Mono: 0.00004) | Val MSE: 0.001197 (RMSE: 0.0346) [BEST]
2026-09-13 15:10:28,051 - INFO - Epoch [  40/2000] LR: 0.000100 | Train Loss: 0.034479 (Data: 0.03446, Mono: 0.00004) | Val MSE: 0.001374 (RMSE: 0.0371) 
2026-09-13 15:10:28,482 - INFO - Epoch [  50/2000] LR: 0.000100 | Train Loss: 0.032383 (Data: 0.03237, Mono: 0.00004) | Val MSE: 0.001221 (RMSE: 0.0349) 
2026-09-13 15:10:28,889 - INFO - Epoch [  60/2000] LR: 0.000100 | Train Loss: 0.032387 (Data: 0.03237, Mono: 0.00004) | Val MSE: 0.001208 (RMSE: 0.0348) 
2026-09-13 15:10:28,979 - INFO - Epoch [  62/2000] LR: 0.000100 | Train Loss: 0.030884 (Data: 0.03087, Mono: 0.00004) | Val MSE: 0.001184 (RMSE: 0.0344) [BEST]
2026-09-13 15:10:29,023 - INFO - Epoch [  63/2000] LR: 0.000100 | Train Loss: 0.031288 (Data: 0.03127, Mono: 0.00004) | Val MSE: 0.001177 (RMSE: 0.0343) [BEST]
2026-09-13 15:10:29,242 - INFO - Epoch [  68/2000] LR: 0.000100 | Train Loss: 0.032098 (Data: 0.03208, Mono: 0.00004) | Val MSE: 0.001160 (RMSE: 0.0341) [BEST]
2026-09-13 15:10:29,305 - INFO - Epoch [  69/2000] LR: 0.000100 | Train Loss: 0.029680 (Data: 0.02966, Mono: 0.00004) | Val MSE: 0.001143 (RMSE: 0.0338) [BEST]
2026-09-13 15:10:29,354 - INFO - Epoch [  70/2000] LR: 0.000100 | Train Loss: 0.030982 (Data: 0.03097, Mono: 0.00004) | Val MSE: 0.001124 (RMSE: 0.0335) [BEST]
2026-09-13 15:10:29,406 - INFO - Epoch [  71/2000] LR: 0.000100 | Train Loss: 0.029721 (Data: 0.02970, Mono: 0.00004) | Val MSE: 0.001109 (RMSE: 0.0333) [BEST]
2026-09-13 15:10:29,454 - INFO - Epoch [  72/2000] LR: 0.000100 | Train Loss: 0.029225 (Data: 0.02921, Mono: 0.00004) | Val MSE: 0.001095 (RMSE: 0.0331) [BEST]
2026-09-13 15:10:29,703 - INFO - Epoch [  78/2000] LR: 0.000100 | Train Loss: 0.028821 (Data: 0.02881, Mono: 0.00004) | Val MSE: 0.001092 (RMSE: 0.0330) [BEST]
2026-09-13 15:10:29,786 - INFO - Epoch [  80/2000] LR: 0.000100 | Train Loss: 0.028328 (Data: 0.02831, Mono: 0.00004) | Val MSE: 0.001159 (RMSE: 0.0340) 
2026-09-13 15:10:30,038 - INFO - Epoch [  86/2000] LR: 0.000100 | Train Loss: 0.028340 (Data: 0.02833, Mono: 0.00004) | Val MSE: 0.001092 (RMSE: 0.0330) [BEST]
2026-09-13 15:10:30,087 - INFO - Epoch [  87/2000] LR: 0.000100 | Train Loss: 0.027941 (Data: 0.02793, Mono: 0.00004) | Val MSE: 0.001076 (RMSE: 0.0328) [BEST]
2026-09-13 15:10:30,220 - INFO - Epoch [  90/2000] LR: 0.000100 | Train Loss: 0.027036 (Data: 0.02702, Mono: 0.00004) | Val MSE: 0.001132 (RMSE: 0.0337) 
2026-09-13 15:10:30,437 - INFO - Epoch [  95/2000] LR: 0.000100 | Train Loss: 0.027550 (Data: 0.02753, Mono: 0.00004) | Val MSE: 0.001044 (RMSE: 0.0323) [BEST]
2026-09-13 15:10:30,484 - INFO - Epoch [  96/2000] LR: 0.000100 | Train Loss: 0.026608 (Data: 0.02659, Mono: 0.00004) | Val MSE: 0.001031 (RMSE: 0.0321) [BEST]
2026-09-13 15:10:30,658 - INFO - Epoch [ 100/2000] LR: 0.000100 | Train Loss: 0.026183 (Data: 0.02617, Mono: 0.00004) | Val MSE: 0.001046 (RMSE: 0.0323) 
2026-09-13 15:10:30,825 - INFO - Epoch [ 104/2000] LR: 0.000100 | Train Loss: 0.025121 (Data: 0.02511, Mono: 0.00004) | Val MSE: 0.001030 (RMSE: 0.0321) [BEST]
2026-09-13 15:10:30,999 - INFO - Epoch [ 108/2000] LR: 0.000100 | Train Loss: 0.025229 (Data: 0.02521, Mono: 0.00003) | Val MSE: 0.000997 (RMSE: 0.0316) [BEST]
2026-09-13 15:10:31,045 - INFO - Epoch [ 109/2000] LR: 0.000100 | Train Loss: 0.023714 (Data: 0.02370, Mono: 0.00004) | Val MSE: 0.000995 (RMSE: 0.0315) [BEST]
2026-09-13 15:10:31,087 - INFO - Epoch [ 110/2000] LR: 0.000100 | Train Loss: 0.024749 (Data: 0.02473, Mono: 0.00004) | Val MSE: 0.001028 (RMSE: 0.0321) 
2026-09-13 15:10:31,132 - INFO - Epoch [ 111/2000] LR: 0.000100 | Train Loss: 0.024856 (Data: 0.02484, Mono: 0.00004) | Val MSE: 0.000993 (RMSE: 0.0315) [BEST]
2026-09-13 15:10:31,186 - INFO - Epoch [ 112/2000] LR: 0.000100 | Train Loss: 0.024808 (Data: 0.02479, Mono: 0.00004) | Val MSE: 0.000970 (RMSE: 0.0311) [BEST]
2026-09-13 15:10:31,437 - INFO - Epoch [ 118/2000] LR: 0.000100 | Train Loss: 0.023425 (Data: 0.02341, Mono: 0.00003) | Val MSE: 0.000947 (RMSE: 0.0308) [BEST]
2026-09-13 15:10:31,527 - INFO - Epoch [ 120/2000] LR: 0.000099 | Train Loss: 0.022975 (Data: 0.02296, Mono: 0.00003) | Val MSE: 0.000960 (RMSE: 0.0310) 
2026-09-13 15:10:31,788 - INFO - Epoch [ 126/2000] LR: 0.000099 | Train Loss: 0.022466 (Data: 0.02245, Mono: 0.00004) | Val MSE: 0.000937 (RMSE: 0.0306) [BEST]
2026-09-13 15:10:31,838 - INFO - Epoch [ 127/2000] LR: 0.000099 | Train Loss: 0.021251 (Data: 0.02124, Mono: 0.00003) | Val MSE: 0.000933 (RMSE: 0.0305) [BEST]
2026-09-13 15:10:31,962 - INFO - Epoch [ 130/2000] LR: 0.000099 | Train Loss: 0.021709 (Data: 0.02170, Mono: 0.00003) | Val MSE: 0.000950 (RMSE: 0.0308) 
2026-09-13 15:10:32,005 - INFO - Epoch [ 131/2000] LR: 0.000099 | Train Loss: 0.021002 (Data: 0.02099, Mono: 0.00003) | Val MSE: 0.000888 (RMSE: 0.0298) [BEST]
2026-09-13 15:10:32,053 - INFO - Epoch [ 132/2000] LR: 0.000099 | Train Loss: 0.021612 (Data: 0.02160, Mono: 0.00003) | Val MSE: 0.000868 (RMSE: 0.0295) [BEST]
2026-09-13 15:10:32,395 - INFO - Epoch [ 140/2000] LR: 0.000099 | Train Loss: 0.020327 (Data: 0.02031, Mono: 0.00004) | Val MSE: 0.000911 (RMSE: 0.0302) 
2026-09-13 15:10:32,578 - INFO - Epoch [ 144/2000] LR: 0.000099 | Train Loss: 0.019679 (Data: 0.01967, Mono: 0.00003) | Val MSE: 0.000847 (RMSE: 0.0291) [BEST]
2026-09-13 15:10:32,794 - INFO - Epoch [ 149/2000] LR: 0.000099 | Train Loss: 0.019307 (Data: 0.01929, Mono: 0.00003) | Val MSE: 0.000814 (RMSE: 0.0285) [BEST]
2026-09-13 15:10:32,841 - INFO - Epoch [ 150/2000] LR: 0.000099 | Train Loss: 0.018899 (Data: 0.01888, Mono: 0.00004) | Val MSE: 0.000804 (RMSE: 0.0284) [BEST]
2026-09-13 15:10:32,987 - INFO - Epoch [ 154/2000] LR: 0.000099 | Train Loss: 0.018421 (Data: 0.01841, Mono: 0.00003) | Val MSE: 0.000792 (RMSE: 0.0281) [BEST]
2026-09-13 15:10:33,239 - INFO - Epoch [ 160/2000] LR: 0.000099 | Train Loss: 0.018222 (Data: 0.01821, Mono: 0.00003) | Val MSE: 0.000816 (RMSE: 0.0286) 
2026-09-13 15:10:33,287 - INFO - Epoch [ 161/2000] LR: 0.000099 | Train Loss: 0.017802 (Data: 0.01779, Mono: 0.00003) | Val MSE: 0.000763 (RMSE: 0.0276) [BEST]
2026-09-13 15:10:33,537 - INFO - Epoch [ 167/2000] LR: 0.000099 | Train Loss: 0.016946 (Data: 0.01693, Mono: 0.00003) | Val MSE: 0.000744 (RMSE: 0.0273) [BEST]
2026-09-13 15:10:33,669 - INFO - Epoch [ 170/2000] LR: 0.000099 | Train Loss: 0.017477 (Data: 0.01746, Mono: 0.00003) | Val MSE: 0.000828 (RMSE: 0.0288) 
2026-09-13 15:10:34,107 - INFO - Epoch [ 180/2000] LR: 0.000099 | Train Loss: 0.015646 (Data: 0.01563, Mono: 0.00003) | Val MSE: 0.000729 (RMSE: 0.0270) [BEST]
2026-09-13 15:10:34,153 - INFO - Epoch [ 181/2000] LR: 0.000099 | Train Loss: 0.015892 (Data: 0.01588, Mono: 0.00003) | Val MSE: 0.000706 (RMSE: 0.0266) [BEST]
2026-09-13 15:10:34,510 - INFO - Epoch [ 189/2000] LR: 0.000098 | Train Loss: 0.014884 (Data: 0.01487, Mono: 0.00003) | Val MSE: 0.000672 (RMSE: 0.0259) [BEST]
2026-09-13 15:10:34,555 - INFO - Epoch [ 190/2000] LR: 0.000098 | Train Loss: 0.014552 (Data: 0.01454, Mono: 0.00003) | Val MSE: 0.000669 (RMSE: 0.0259) [BEST]
2026-09-13 15:10:34,797 - INFO - Epoch [ 195/2000] LR: 0.000098 | Train Loss: 0.014303 (Data: 0.01429, Mono: 0.00003) | Val MSE: 0.000656 (RMSE: 0.0256) [BEST]
2026-09-13 15:10:35,033 - INFO - Epoch [ 200/2000] LR: 0.000098 | Train Loss: 0.013838 (Data: 0.01383, Mono: 0.00003) | Val MSE: 0.000706 (RMSE: 0.0266) 
2026-09-13 15:10:35,160 - INFO - Epoch [ 203/2000] LR: 0.000098 | Train Loss: 0.013993 (Data: 0.01398, Mono: 0.00003) | Val MSE: 0.000642 (RMSE: 0.0253) [BEST]
2026-09-13 15:10:35,480 - INFO - Epoch [ 210/2000] LR: 0.000098 | Train Loss: 0.012442 (Data: 0.01243, Mono: 0.00003) | Val MSE: 0.000715 (RMSE: 0.0267) 
2026-09-13 15:10:35,577 - INFO - Epoch [ 212/2000] LR: 0.000098 | Train Loss: 0.012740 (Data: 0.01273, Mono: 0.00003) | Val MSE: 0.000620 (RMSE: 0.0249) [BEST]
2026-09-13 15:10:35,660 - INFO - Epoch [ 214/2000] LR: 0.000098 | Train Loss: 0.012766 (Data: 0.01276, Mono: 0.00003) | Val MSE: 0.000597 (RMSE: 0.0244) [BEST]
2026-09-13 15:10:35,932 - INFO - Epoch [ 220/2000] LR: 0.000098 | Train Loss: 0.011577 (Data: 0.01157, Mono: 0.00003) | Val MSE: 0.000604 (RMSE: 0.0246) 
2026-09-13 15:10:35,984 - INFO - Epoch [ 221/2000] LR: 0.000098 | Train Loss: 0.011879 (Data: 0.01187, Mono: 0.00003) | Val MSE: 0.000590 (RMSE: 0.0243) [BEST]
2026-09-13 15:10:36,160 - INFO - Epoch [ 225/2000] LR: 0.000098 | Train Loss: 0.011705 (Data: 0.01169, Mono: 0.00003) | Val MSE: 0.000589 (RMSE: 0.0243) [BEST]
2026-09-13 15:10:36,221 - INFO - Epoch [ 226/2000] LR: 0.000098 | Train Loss: 0.011740 (Data: 0.01173, Mono: 0.00003) | Val MSE: 0.000586 (RMSE: 0.0242) [BEST]
2026-09-13 15:10:36,422 - INFO - Epoch [ 230/2000] LR: 0.000098 | Train Loss: 0.011383 (Data: 0.01137, Mono: 0.00002) | Val MSE: 0.000579 (RMSE: 0.0241) [BEST]
2026-09-13 15:10:36,470 - INFO - Epoch [ 231/2000] LR: 0.000097 | Train Loss: 0.011281 (Data: 0.01127, Mono: 0.00003) | Val MSE: 0.000560 (RMSE: 0.0237) [BEST]
2026-09-13 15:10:36,521 - INFO - Epoch [ 232/2000] LR: 0.000097 | Train Loss: 0.011365 (Data: 0.01135, Mono: 0.00003) | Val MSE: 0.000555 (RMSE: 0.0236) [BEST]
2026-09-13 15:10:36,805 - INFO - Epoch [ 238/2000] LR: 0.000097 | Train Loss: 0.010881 (Data: 0.01087, Mono: 0.00003) | Val MSE: 0.000554 (RMSE: 0.0235) [BEST]
2026-09-13 15:10:36,855 - INFO - Epoch [ 239/2000] LR: 0.000097 | Train Loss: 0.010795 (Data: 0.01078, Mono: 0.00003) | Val MSE: 0.000544 (RMSE: 0.0233) [BEST]
2026-09-13 15:10:36,904 - INFO - Epoch [ 240/2000] LR: 0.000097 | Train Loss: 0.010682 (Data: 0.01067, Mono: 0.00002) | Val MSE: 0.000557 (RMSE: 0.0236) 
2026-09-13 15:10:37,052 - INFO - Epoch [ 243/2000] LR: 0.000097 | Train Loss: 0.010335 (Data: 0.01033, Mono: 0.00003) | Val MSE: 0.000543 (RMSE: 0.0233) [BEST]
2026-09-13 15:10:37,096 - INFO - Epoch [ 244/2000] LR: 0.000097 | Train Loss: 0.010294 (Data: 0.01028, Mono: 0.00002) | Val MSE: 0.000543 (RMSE: 0.0233) [BEST]
2026-09-13 15:10:37,193 - INFO - Epoch [ 246/2000] LR: 0.000097 | Train Loss: 0.010559 (Data: 0.01055, Mono: 0.00003) | Val MSE: 0.000535 (RMSE: 0.0231) [BEST]
2026-09-13 15:10:37,358 - INFO - Epoch [ 250/2000] LR: 0.000097 | Train Loss: 0.010164 (Data: 0.01015, Mono: 0.00003) | Val MSE: 0.000552 (RMSE: 0.0235) 
2026-09-13 15:10:37,407 - INFO - Epoch [ 251/2000] LR: 0.000097 | Train Loss: 0.009689 (Data: 0.00968, Mono: 0.00002) | Val MSE: 0.000512 (RMSE: 0.0226) [BEST]
2026-09-13 15:10:37,459 - INFO - Epoch [ 252/2000] LR: 0.000097 | Train Loss: 0.009869 (Data: 0.00986, Mono: 0.00002) | Val MSE: 0.000503 (RMSE: 0.0224) [BEST]
2026-09-13 15:10:37,670 - INFO - Epoch [ 257/2000] LR: 0.000097 | Train Loss: 0.009369 (Data: 0.00936, Mono: 0.00002) | Val MSE: 0.000502 (RMSE: 0.0224) [BEST]
2026-09-13 15:10:37,730 - INFO - Epoch [ 258/2000] LR: 0.000097 | Train Loss: 0.009403 (Data: 0.00939, Mono: 0.00002) | Val MSE: 0.000492 (RMSE: 0.0222) [BEST]
2026-09-13 15:10:37,819 - INFO - Epoch [ 260/2000] LR: 0.000097 | Train Loss: 0.009339 (Data: 0.00933, Mono: 0.00002) | Val MSE: 0.000508 (RMSE: 0.0225) 
2026-09-13 15:10:38,188 - INFO - Epoch [ 268/2000] LR: 0.000096 | Train Loss: 0.009115 (Data: 0.00911, Mono: 0.00002) | Val MSE: 0.000469 (RMSE: 0.0217) [BEST]
2026-09-13 15:10:38,251 - INFO - Epoch [ 269/2000] LR: 0.000096 | Train Loss: 0.008952 (Data: 0.00894, Mono: 0.00002) | Val MSE: 0.000465 (RMSE: 0.0216) [BEST]
2026-09-13 15:10:38,294 - INFO - Epoch [ 270/2000] LR: 0.000096 | Train Loss: 0.008619 (Data: 0.00861, Mono: 0.00002) | Val MSE: 0.000496 (RMSE: 0.0223) 
2026-09-13 15:10:38,588 - INFO - Epoch [ 277/2000] LR: 0.000096 | Train Loss: 0.008485 (Data: 0.00848, Mono: 0.00002) | Val MSE: 0.000464 (RMSE: 0.0215) [BEST]
2026-09-13 15:10:38,627 - INFO - Epoch [ 278/2000] LR: 0.000096 | Train Loss: 0.008533 (Data: 0.00852, Mono: 0.00002) | Val MSE: 0.000446 (RMSE: 0.0211) [BEST]
2026-09-13 15:10:38,712 - INFO - Epoch [ 280/2000] LR: 0.000096 | Train Loss: 0.008087 (Data: 0.00808, Mono: 0.00002) | Val MSE: 0.000475 (RMSE: 0.0218) 
2026-09-13 15:10:38,848 - INFO - Epoch [ 283/2000] LR: 0.000096 | Train Loss: 0.008564 (Data: 0.00855, Mono: 0.00002) | Val MSE: 0.000435 (RMSE: 0.0209) [BEST]
2026-09-13 15:10:39,168 - INFO - Epoch [ 290/2000] LR: 0.000096 | Train Loss: 0.008017 (Data: 0.00801, Mono: 0.00002) | Val MSE: 0.000477 (RMSE: 0.0218) 
2026-09-13 15:10:39,427 - INFO - Epoch [ 296/2000] LR: 0.000096 | Train Loss: 0.007416 (Data: 0.00741, Mono: 0.00002) | Val MSE: 0.000433 (RMSE: 0.0208) [BEST]
2026-09-13 15:10:39,479 - INFO - Epoch [ 297/2000] LR: 0.000096 | Train Loss: 0.007647 (Data: 0.00764, Mono: 0.00002) | Val MSE: 0.000412 (RMSE: 0.0203) [BEST]
2026-09-13 15:10:39,570 - INFO - Epoch [ 299/2000] LR: 0.000096 | Train Loss: 0.007437 (Data: 0.00743, Mono: 0.00002) | Val MSE: 0.000407 (RMSE: 0.0202) [BEST]
2026-09-13 15:10:39,610 - INFO - Epoch [ 300/2000] LR: 0.000096 | Train Loss: 0.007479 (Data: 0.00747, Mono: 0.00002) | Val MSE: 0.000423 (RMSE: 0.0206) 
2026-09-13 15:10:39,910 - INFO - Epoch [ 307/2000] LR: 0.000095 | Train Loss: 0.007099 (Data: 0.00709, Mono: 0.00002) | Val MSE: 0.000404 (RMSE: 0.0201) [BEST]
2026-09-13 15:10:39,960 - INFO - Epoch [ 308/2000] LR: 0.000095 | Train Loss: 0.007252 (Data: 0.00724, Mono: 0.00002) | Val MSE: 0.000401 (RMSE: 0.0200) [BEST]
2026-09-13 15:10:40,046 - INFO - Epoch [ 310/2000] LR: 0.000095 | Train Loss: 0.007057 (Data: 0.00705, Mono: 0.00002) | Val MSE: 0.000463 (RMSE: 0.0215) 
2026-09-13 15:10:40,173 - INFO - Epoch [ 313/2000] LR: 0.000095 | Train Loss: 0.006731 (Data: 0.00672, Mono: 0.00002) | Val MSE: 0.000400 (RMSE: 0.0200) [BEST]
2026-09-13 15:10:40,219 - INFO - Epoch [ 314/2000] LR: 0.000095 | Train Loss: 0.006651 (Data: 0.00664, Mono: 0.00002) | Val MSE: 0.000398 (RMSE: 0.0199) [BEST]
2026-09-13 15:10:40,456 - INFO - Epoch [ 320/2000] LR: 0.000095 | Train Loss: 0.006824 (Data: 0.00682, Mono: 0.00002) | Val MSE: 0.000390 (RMSE: 0.0198) [BEST]
2026-09-13 15:10:40,506 - INFO - Epoch [ 321/2000] LR: 0.000095 | Train Loss: 0.006774 (Data: 0.00677, Mono: 0.00002) | Val MSE: 0.000375 (RMSE: 0.0194) [BEST]
2026-09-13 15:10:40,702 - INFO - Epoch [ 326/2000] LR: 0.000095 | Train Loss: 0.006332 (Data: 0.00632, Mono: 0.00002) | Val MSE: 0.000364 (RMSE: 0.0191) [BEST]
2026-09-13 15:10:40,867 - INFO - Epoch [ 330/2000] LR: 0.000094 | Train Loss: 0.006545 (Data: 0.00654, Mono: 0.00002) | Val MSE: 0.000387 (RMSE: 0.0197) 
2026-09-13 15:10:41,070 - INFO - Epoch [ 335/2000] LR: 0.000094 | Train Loss: 0.006266 (Data: 0.00626, Mono: 0.00002) | Val MSE: 0.000350 (RMSE: 0.0187) [BEST]
2026-09-13 15:10:41,291 - INFO - Epoch [ 340/2000] LR: 0.000094 | Train Loss: 0.006119 (Data: 0.00611, Mono: 0.00002) | Val MSE: 0.000333 (RMSE: 0.0182) [BEST]
2026-09-13 15:10:41,494 - INFO - Epoch [ 345/2000] LR: 0.000094 | Train Loss: 0.006038 (Data: 0.00603, Mono: 0.00002) | Val MSE: 0.000331 (RMSE: 0.0182) [BEST]
2026-09-13 15:10:41,658 - INFO - Epoch [ 349/2000] LR: 0.000094 | Train Loss: 0.005954 (Data: 0.00595, Mono: 0.00002) | Val MSE: 0.000321 (RMSE: 0.0179) [BEST]
2026-09-13 15:10:41,712 - INFO - Epoch [ 350/2000] LR: 0.000094 | Train Loss: 0.005816 (Data: 0.00581, Mono: 0.00002) | Val MSE: 0.000360 (RMSE: 0.0190) 
2026-09-13 15:10:42,116 - INFO - Epoch [ 360/2000] LR: 0.000093 | Train Loss: 0.005551 (Data: 0.00554, Mono: 0.00002) | Val MSE: 0.000351 (RMSE: 0.0187) 
2026-09-13 15:10:42,532 - INFO - Epoch [ 370/2000] LR: 0.000093 | Train Loss: 0.005254 (Data: 0.00525, Mono: 0.00002) | Val MSE: 0.000317 (RMSE: 0.0178) [BEST]
2026-09-13 15:10:42,691 - INFO - Epoch [ 374/2000] LR: 0.000093 | Train Loss: 0.005373 (Data: 0.00537, Mono: 0.00002) | Val MSE: 0.000299 (RMSE: 0.0173) [BEST]
2026-09-13 15:10:42,753 - INFO - Epoch [ 375/2000] LR: 0.000093 | Train Loss: 0.005029 (Data: 0.00502, Mono: 0.00002) | Val MSE: 0.000295 (RMSE: 0.0172) [BEST]
2026-09-13 15:10:42,971 - INFO - Epoch [ 380/2000] LR: 0.000093 | Train Loss: 0.005045 (Data: 0.00504, Mono: 0.00002) | Val MSE: 0.000350 (RMSE: 0.0187) 
2026-09-13 15:10:43,395 - INFO - Epoch [ 390/2000] LR: 0.000092 | Train Loss: 0.004929 (Data: 0.00492, Mono: 0.00002) | Val MSE: 0.000293 (RMSE: 0.0171) [BEST]
2026-09-13 15:10:43,619 - INFO - Epoch [ 395/2000] LR: 0.000092 | Train Loss: 0.004971 (Data: 0.00496, Mono: 0.00002) | Val MSE: 0.000287 (RMSE: 0.0169) [BEST]
2026-09-13 15:10:43,825 - INFO - Epoch [ 400/2000] LR: 0.000092 | Train Loss: 0.004677 (Data: 0.00467, Mono: 0.00002) | Val MSE: 0.000305 (RMSE: 0.0175) 
2026-09-13 15:10:43,918 - INFO - Epoch [ 402/2000] LR: 0.000092 | Train Loss: 0.004829 (Data: 0.00482, Mono: 0.00002) | Val MSE: 0.000276 (RMSE: 0.0166) [BEST]
2026-09-13 15:10:43,960 - INFO - Epoch [ 403/2000] LR: 0.000092 | Train Loss: 0.004627 (Data: 0.00462, Mono: 0.00002) | Val MSE: 0.000275 (RMSE: 0.0166) [BEST]
2026-09-13 15:10:44,247 - INFO - Epoch [ 410/2000] LR: 0.000091 | Train Loss: 0.004336 (Data: 0.00433, Mono: 0.00002) | Val MSE: 0.000317 (RMSE: 0.0178) 
2026-09-13 15:10:44,617 - INFO - Epoch [ 419/2000] LR: 0.000091 | Train Loss: 0.004341 (Data: 0.00433, Mono: 0.00002) | Val MSE: 0.000273 (RMSE: 0.0165) [BEST]
2026-09-13 15:10:44,664 - INFO - Epoch [ 420/2000] LR: 0.000091 | Train Loss: 0.004178 (Data: 0.00417, Mono: 0.00002) | Val MSE: 0.000281 (RMSE: 0.0168) 
2026-09-13 15:10:45,079 - INFO - Epoch [ 430/2000] LR: 0.000090 | Train Loss: 0.004360 (Data: 0.00435, Mono: 0.00002) | Val MSE: 0.000291 (RMSE: 0.0171) 
2026-09-13 15:10:45,126 - INFO - Epoch [ 431/2000] LR: 0.000090 | Train Loss: 0.004224 (Data: 0.00422, Mono: 0.00002) | Val MSE: 0.000265 (RMSE: 0.0163) [BEST]
2026-09-13 15:10:45,171 - INFO - Epoch [ 432/2000] LR: 0.000090 | Train Loss: 0.004249 (Data: 0.00424, Mono: 0.00002) | Val MSE: 0.000250 (RMSE: 0.0158) [BEST]
2026-09-13 15:10:45,514 - INFO - Epoch [ 440/2000] LR: 0.000090 | Train Loss: 0.004191 (Data: 0.00418, Mono: 0.00002) | Val MSE: 0.000265 (RMSE: 0.0163) 
2026-09-13 15:10:45,644 - INFO - Epoch [ 443/2000] LR: 0.000090 | Train Loss: 0.004108 (Data: 0.00410, Mono: 0.00002) | Val MSE: 0.000247 (RMSE: 0.0157) [BEST]
2026-09-13 15:10:45,896 - INFO - Epoch [ 449/2000] LR: 0.000089 | Train Loss: 0.004131 (Data: 0.00412, Mono: 0.00002) | Val MSE: 0.000239 (RMSE: 0.0155) [BEST]
2026-09-13 15:10:45,946 - INFO - Epoch [ 450/2000] LR: 0.000089 | Train Loss: 0.004176 (Data: 0.00417, Mono: 0.00002) | Val MSE: 0.000294 (RMSE: 0.0171) 
2026-09-13 15:10:46,359 - INFO - Epoch [ 460/2000] LR: 0.000089 | Train Loss: 0.003956 (Data: 0.00395, Mono: 0.00002) | Val MSE: 0.000252 (RMSE: 0.0159) 
2026-09-13 15:10:46,662 - INFO - Epoch [ 467/2000] LR: 0.000089 | Train Loss: 0.003851 (Data: 0.00384, Mono: 0.00002) | Val MSE: 0.000235 (RMSE: 0.0153) [BEST]
2026-09-13 15:10:46,792 - INFO - Epoch [ 470/2000] LR: 0.000088 | Train Loss: 0.003792 (Data: 0.00379, Mono: 0.00002) | Val MSE: 0.000269 (RMSE: 0.0164) 
2026-09-13 15:10:46,925 - INFO - Epoch [ 473/2000] LR: 0.000088 | Train Loss: 0.003778 (Data: 0.00377, Mono: 0.00001) | Val MSE: 0.000219 (RMSE: 0.0148) [BEST]
2026-09-13 15:10:47,234 - INFO - Epoch [ 480/2000] LR: 0.000088 | Train Loss: 0.003822 (Data: 0.00381, Mono: 0.00002) | Val MSE: 0.000279 (RMSE: 0.0167) 
2026-09-13 15:10:47,644 - INFO - Epoch [ 490/2000] LR: 0.000087 | Train Loss: 0.003581 (Data: 0.00357, Mono: 0.00002) | Val MSE: 0.000246 (RMSE: 0.0157) 
2026-09-13 15:10:48,120 - INFO - Epoch [ 500/2000] LR: 0.000087 | Train Loss: 0.003622 (Data: 0.00362, Mono: 0.00001) | Val MSE: 0.000224 (RMSE: 0.0150) 
2026-09-13 15:10:48,293 - INFO - Epoch [ 504/2000] LR: 0.000087 | Train Loss: 0.003629 (Data: 0.00362, Mono: 0.00002) | Val MSE: 0.000218 (RMSE: 0.0148) [BEST]
2026-09-13 15:10:48,344 - INFO - Epoch [ 505/2000] LR: 0.000087 | Train Loss: 0.003556 (Data: 0.00355, Mono: 0.00002) | Val MSE: 0.000215 (RMSE: 0.0147) [BEST]
2026-09-13 15:10:48,555 - INFO - Epoch [ 510/2000] LR: 0.000086 | Train Loss: 0.003495 (Data: 0.00349, Mono: 0.00002) | Val MSE: 0.000239 (RMSE: 0.0155) 
2026-09-13 15:10:48,730 - INFO - Epoch [ 514/2000] LR: 0.000086 | Train Loss: 0.003419 (Data: 0.00341, Mono: 0.00002) | Val MSE: 0.000210 (RMSE: 0.0145) [BEST]
2026-09-13 15:10:48,926 - INFO - Epoch [ 518/2000] LR: 0.000086 | Train Loss: 0.003310 (Data: 0.00330, Mono: 0.00001) | Val MSE: 0.000196 (RMSE: 0.0140) [BEST]
2026-09-13 15:10:49,023 - INFO - Epoch [ 520/2000] LR: 0.000086 | Train Loss: 0.003523 (Data: 0.00352, Mono: 0.00002) | Val MSE: 0.000234 (RMSE: 0.0153) 
2026-09-13 15:10:49,484 - INFO - Epoch [ 530/2000] LR: 0.000085 | Train Loss: 0.003475 (Data: 0.00347, Mono: 0.00001) | Val MSE: 0.000223 (RMSE: 0.0149) 
2026-09-13 15:10:49,925 - INFO - Epoch [ 540/2000] LR: 0.000085 | Train Loss: 0.003325 (Data: 0.00332, Mono: 0.00002) | Val MSE: 0.000271 (RMSE: 0.0165) 
2026-09-13 15:10:50,344 - INFO - Epoch [ 549/2000] LR: 0.000084 | Train Loss: 0.003261 (Data: 0.00326, Mono: 0.00001) | Val MSE: 0.000194 (RMSE: 0.0139) [BEST]
2026-09-13 15:10:50,391 - INFO - Epoch [ 550/2000] LR: 0.000084 | Train Loss: 0.003305 (Data: 0.00330, Mono: 0.00002) | Val MSE: 0.000263 (RMSE: 0.0162) 
2026-09-13 15:10:50,819 - INFO - Epoch [ 560/2000] LR: 0.000083 | Train Loss: 0.003285 (Data: 0.00328, Mono: 0.00001) | Val MSE: 0.000264 (RMSE: 0.0162) 
2026-09-13 15:10:51,257 - INFO - Epoch [ 570/2000] LR: 0.000083 | Train Loss: 0.003073 (Data: 0.00307, Mono: 0.00001) | Val MSE: 0.000238 (RMSE: 0.0154) 
2026-09-13 15:10:51,573 - INFO - Epoch [ 577/2000] LR: 0.000082 | Train Loss: 0.003208 (Data: 0.00320, Mono: 0.00002) | Val MSE: 0.000187 (RMSE: 0.0137) [BEST]
2026-09-13 15:10:51,711 - INFO - Epoch [ 580/2000] LR: 0.000082 | Train Loss: 0.003159 (Data: 0.00315, Mono: 0.00001) | Val MSE: 0.000244 (RMSE: 0.0156) 
2026-09-13 15:10:52,158 - INFO - Epoch [ 590/2000] LR: 0.000082 | Train Loss: 0.003056 (Data: 0.00305, Mono: 0.00001) | Val MSE: 0.000192 (RMSE: 0.0139) 
2026-09-13 15:10:52,603 - INFO - Epoch [ 600/2000] LR: 0.000081 | Train Loss: 0.002973 (Data: 0.00297, Mono: 0.00001) | Val MSE: 0.000224 (RMSE: 0.0150) 
2026-09-13 15:10:52,741 - INFO - Epoch [ 603/2000] LR: 0.000081 | Train Loss: 0.002819 (Data: 0.00281, Mono: 0.00001) | Val MSE: 0.000172 (RMSE: 0.0131) [BEST]
2026-09-13 15:10:53,062 - INFO - Epoch [ 610/2000] LR: 0.000080 | Train Loss: 0.002959 (Data: 0.00295, Mono: 0.00001) | Val MSE: 0.000232 (RMSE: 0.0152) 
2026-09-13 15:10:53,525 - INFO - Epoch [ 620/2000] LR: 0.000080 | Train Loss: 0.002888 (Data: 0.00288, Mono: 0.00001) | Val MSE: 0.000195 (RMSE: 0.0140) 
2026-09-13 15:10:54,002 - INFO - Epoch [ 630/2000] LR: 0.000079 | Train Loss: 0.002886 (Data: 0.00288, Mono: 0.00001) | Val MSE: 0.000219 (RMSE: 0.0148) 
2026-09-13 15:10:54,443 - INFO - Epoch [ 640/2000] LR: 0.000078 | Train Loss: 0.002712 (Data: 0.00271, Mono: 0.00001) | Val MSE: 0.000221 (RMSE: 0.0149) 
2026-09-13 15:10:54,881 - INFO - Epoch [ 650/2000] LR: 0.000078 | Train Loss: 0.002691 (Data: 0.00269, Mono: 0.00001) | Val MSE: 0.000207 (RMSE: 0.0144) 
2026-09-13 15:10:55,313 - INFO - Epoch [ 660/2000] LR: 0.000077 | Train Loss: 0.002666 (Data: 0.00266, Mono: 0.00001) | Val MSE: 0.000192 (RMSE: 0.0138) 
2026-09-13 15:10:55,760 - INFO - Epoch [ 670/2000] LR: 0.000077 | Train Loss: 0.002607 (Data: 0.00260, Mono: 0.00002) | Val MSE: 0.000217 (RMSE: 0.0147) 
2026-09-13 15:10:56,199 - INFO - Epoch [ 680/2000] LR: 0.000076 | Train Loss: 0.002649 (Data: 0.00264, Mono: 0.00001) | Val MSE: 0.000181 (RMSE: 0.0135) 
2026-09-13 15:10:56,370 - INFO - Epoch [ 684/2000] LR: 0.000076 | Train Loss: 0.002603 (Data: 0.00260, Mono: 0.00001) | Val MSE: 0.000164 (RMSE: 0.0128) [BEST]
2026-09-13 15:10:56,573 - INFO - Epoch [ 689/2000] LR: 0.000075 | Train Loss: 0.002646 (Data: 0.00264, Mono: 0.00001) | Val MSE: 0.000155 (RMSE: 0.0124) [BEST]
2026-09-13 15:10:56,618 - INFO - Epoch [ 690/2000] LR: 0.000075 | Train Loss: 0.002677 (Data: 0.00267, Mono: 0.00001) | Val MSE: 0.000184 (RMSE: 0.0136) 
2026-09-13 15:10:57,022 - INFO - Epoch [ 700/2000] LR: 0.000074 | Train Loss: 0.002525 (Data: 0.00252, Mono: 0.00001) | Val MSE: 0.000203 (RMSE: 0.0143) 
2026-09-13 15:10:57,452 - INFO - Epoch [ 710/2000] LR: 0.000074 | Train Loss: 0.002492 (Data: 0.00249, Mono: 0.00001) | Val MSE: 0.000192 (RMSE: 0.0139) 
2026-09-13 15:10:57,877 - INFO - Epoch [ 720/2000] LR: 0.000073 | Train Loss: 0.002465 (Data: 0.00246, Mono: 0.00001) | Val MSE: 0.000198 (RMSE: 0.0141) 
2026-09-13 15:10:58,311 - INFO - Epoch [ 730/2000] LR: 0.000072 | Train Loss: 0.002496 (Data: 0.00249, Mono: 0.00001) | Val MSE: 0.000162 (RMSE: 0.0127) 
2026-09-13 15:10:58,756 - INFO - Epoch [ 740/2000] LR: 0.000072 | Train Loss: 0.002414 (Data: 0.00241, Mono: 0.00001) | Val MSE: 0.000204 (RMSE: 0.0143) 
2026-09-13 15:10:59,194 - INFO - Epoch [ 750/2000] LR: 0.000071 | Train Loss: 0.002398 (Data: 0.00239, Mono: 0.00001) | Val MSE: 0.000143 (RMSE: 0.0119) [BEST]
2026-09-13 15:10:59,384 - INFO - Epoch [ 754/2000] LR: 0.000071 | Train Loss: 0.002355 (Data: 0.00235, Mono: 0.00001) | Val MSE: 0.000137 (RMSE: 0.0117) [BEST]
2026-09-13 15:10:59,640 - INFO - Epoch [ 760/2000] LR: 0.000070 | Train Loss: 0.002360 (Data: 0.00236, Mono: 0.00001) | Val MSE: 0.000225 (RMSE: 0.0150) 
2026-09-13 15:11:00,063 - INFO - Epoch [ 770/2000] LR: 0.000070 | Train Loss: 0.002329 (Data: 0.00232, Mono: 0.00001) | Val MSE: 0.000167 (RMSE: 0.0129) 
2026-09-13 15:11:00,512 - INFO - Epoch [ 780/2000] LR: 0.000069 | Train Loss: 0.002357 (Data: 0.00235, Mono: 0.00001) | Val MSE: 0.000214 (RMSE: 0.0146) 
2026-09-13 15:11:00,942 - INFO - Epoch [ 790/2000] LR: 0.000068 | Train Loss: 0.002275 (Data: 0.00227, Mono: 0.00001) | Val MSE: 0.000153 (RMSE: 0.0124) 
2026-09-13 15:11:01,359 - INFO - Epoch [ 800/2000] LR: 0.000067 | Train Loss: 0.002353 (Data: 0.00235, Mono: 0.00001) | Val MSE: 0.000152 (RMSE: 0.0123) 
2026-09-13 15:11:01,772 - INFO - Epoch [ 810/2000] LR: 0.000067 | Train Loss: 0.002333 (Data: 0.00233, Mono: 0.00001) | Val MSE: 0.000167 (RMSE: 0.0129) 
2026-09-13 15:11:02,176 - INFO - Epoch [ 820/2000] LR: 0.000066 | Train Loss: 0.002257 (Data: 0.00225, Mono: 0.00001) | Val MSE: 0.000179 (RMSE: 0.0134) 
2026-09-13 15:11:02,584 - INFO - Epoch [ 830/2000] LR: 0.000065 | Train Loss: 0.002271 (Data: 0.00227, Mono: 0.00001) | Val MSE: 0.000147 (RMSE: 0.0121) 
2026-09-13 15:11:03,011 - INFO - Epoch [ 840/2000] LR: 0.000064 | Train Loss: 0.002215 (Data: 0.00221, Mono: 0.00001) | Val MSE: 0.000203 (RMSE: 0.0143) 
2026-09-13 15:11:03,439 - INFO - Epoch [ 850/2000] LR: 0.000064 | Train Loss: 0.002193 (Data: 0.00219, Mono: 0.00001) | Val MSE: 0.000218 (RMSE: 0.0148) 
2026-09-13 15:11:03,862 - INFO - Epoch [ 860/2000] LR: 0.000063 | Train Loss: 0.002179 (Data: 0.00217, Mono: 0.00001) | Val MSE: 0.000183 (RMSE: 0.0135) 
2026-09-13 15:11:04,314 - INFO - Epoch [ 870/2000] LR: 0.000062 | Train Loss: 0.002099 (Data: 0.00209, Mono: 0.00001) | Val MSE: 0.000154 (RMSE: 0.0124) 
2026-09-13 15:11:04,788 - INFO - Epoch [ 880/2000] LR: 0.000061 | Train Loss: 0.002163 (Data: 0.00216, Mono: 0.00001) | Val MSE: 0.000168 (RMSE: 0.0130) 
2026-09-13 15:11:05,236 - INFO - Epoch [ 890/2000] LR: 0.000061 | Train Loss: 0.002060 (Data: 0.00205, Mono: 0.00001) | Val MSE: 0.000153 (RMSE: 0.0124) 
2026-09-13 15:11:05,694 - INFO - Epoch [ 900/2000] LR: 0.000060 | Train Loss: 0.002095 (Data: 0.00209, Mono: 0.00001) | Val MSE: 0.000186 (RMSE: 0.0136) 
2026-09-13 15:11:05,909 - INFO - Epoch [ 905/2000] LR: 0.000059 | Train Loss: 0.002072 (Data: 0.00207, Mono: 0.00001) | Val MSE: 0.000136 (RMSE: 0.0116) [BEST]
2026-09-13 15:11:06,139 - INFO - Epoch [ 910/2000] LR: 0.000059 | Train Loss: 0.002071 (Data: 0.00207, Mono: 0.00001) | Val MSE: 0.000159 (RMSE: 0.0126) 
2026-09-13 15:11:06,616 - INFO - Epoch [ 920/2000] LR: 0.000058 | Train Loss: 0.002039 (Data: 0.00203, Mono: 0.00001) | Val MSE: 0.000191 (RMSE: 0.0138) 
2026-09-13 15:11:07,084 - INFO - Epoch [ 930/2000] LR: 0.000057 | Train Loss: 0.002021 (Data: 0.00202, Mono: 0.00001) | Val MSE: 0.000169 (RMSE: 0.0130) 
2026-09-13 15:11:07,535 - INFO - Epoch [ 940/2000] LR: 0.000057 | Train Loss: 0.002036 (Data: 0.00203, Mono: 0.00001) | Val MSE: 0.000138 (RMSE: 0.0117) 
2026-09-13 15:11:08,000 - INFO - Epoch [ 950/2000] LR: 0.000056 | Train Loss: 0.002016 (Data: 0.00201, Mono: 0.00001) | Val MSE: 0.000144 (RMSE: 0.0120) 
2026-09-13 15:11:08,450 - INFO - Epoch [ 960/2000] LR: 0.000055 | Train Loss: 0.001951 (Data: 0.00195, Mono: 0.00001) | Val MSE: 0.000189 (RMSE: 0.0137) 
2026-09-13 15:11:08,914 - INFO - Epoch [ 970/2000] LR: 0.000054 | Train Loss: 0.001958 (Data: 0.00195, Mono: 0.00001) | Val MSE: 0.000235 (RMSE: 0.0153) 
2026-09-13 15:11:09,390 - INFO - Epoch [ 980/2000] LR: 0.000054 | Train Loss: 0.001967 (Data: 0.00196, Mono: 0.00001) | Val MSE: 0.000205 (RMSE: 0.0143) 
2026-09-13 15:11:09,846 - INFO - Epoch [ 990/2000] LR: 0.000053 | Train Loss: 0.001952 (Data: 0.00195, Mono: 0.00001) | Val MSE: 0.000199 (RMSE: 0.0141) 
2026-09-13 15:11:10,314 - INFO - Epoch [1000/2000] LR: 0.000052 | Train Loss: 0.001945 (Data: 0.00194, Mono: 0.00001) | Val MSE: 0.000141 (RMSE: 0.0119) 
2026-09-13 15:11:10,749 - INFO - Epoch [1010/2000] LR: 0.000051 | Train Loss: 0.001930 (Data: 0.00193, Mono: 0.00001) | Val MSE: 0.000174 (RMSE: 0.0132) 
2026-09-13 15:11:11,190 - INFO - Epoch [1020/2000] LR: 0.000050 | Train Loss: 0.001896 (Data: 0.00189, Mono: 0.00001) | Val MSE: 0.000163 (RMSE: 0.0128) 
2026-09-13 15:11:11,644 - INFO - Epoch [1030/2000] LR: 0.000050 | Train Loss: 0.001912 (Data: 0.00191, Mono: 0.00001) | Val MSE: 0.000137 (RMSE: 0.0117) 
2026-09-13 15:11:12,088 - INFO - Epoch [1040/2000] LR: 0.000049 | Train Loss: 0.001898 (Data: 0.00189, Mono: 0.00001) | Val MSE: 0.000203 (RMSE: 0.0142) 
2026-09-13 15:11:12,293 - INFO - Epoch [1045/2000] LR: 0.000048 | Train Loss: 0.001913 (Data: 0.00191, Mono: 0.00001) | Val MSE: 0.000128 (RMSE: 0.0113) [BEST]
2026-09-13 15:11:12,495 - INFO - Epoch [1050/2000] LR: 0.000048 | Train Loss: 0.001825 (Data: 0.00182, Mono: 0.00001) | Val MSE: 0.000179 (RMSE: 0.0134) 
2026-09-13 15:11:12,928 - INFO - Epoch [1060/2000] LR: 0.000047 | Train Loss: 0.001823 (Data: 0.00182, Mono: 0.00001) | Val MSE: 0.000160 (RMSE: 0.0126) 
2026-09-13 15:11:13,351 - INFO - Epoch [1070/2000] LR: 0.000046 | Train Loss: 0.001840 (Data: 0.00184, Mono: 0.00001) | Val MSE: 0.000149 (RMSE: 0.0122) 
2026-09-13 15:11:13,769 - INFO - Epoch [1080/2000] LR: 0.000046 | Train Loss: 0.001808 (Data: 0.00180, Mono: 0.00001) | Val MSE: 0.000183 (RMSE: 0.0135) 
2026-09-13 15:11:14,216 - INFO - Epoch [1090/2000] LR: 0.000045 | Train Loss: 0.001852 (Data: 0.00185, Mono: 0.00001) | Val MSE: 0.000191 (RMSE: 0.0138) 
2026-09-13 15:11:14,654 - INFO - Epoch [1100/2000] LR: 0.000044 | Train Loss: 0.001829 (Data: 0.00182, Mono: 0.00001) | Val MSE: 0.000158 (RMSE: 0.0126) 
2026-09-13 15:11:15,082 - INFO - Epoch [1110/2000] LR: 0.000043 | Train Loss: 0.001786 (Data: 0.00178, Mono: 0.00001) | Val MSE: 0.000169 (RMSE: 0.0130) 
2026-09-13 15:11:15,501 - INFO - Epoch [1120/2000] LR: 0.000043 | Train Loss: 0.001759 (Data: 0.00175, Mono: 0.00001) | Val MSE: 0.000148 (RMSE: 0.0122) 
2026-09-13 15:11:15,935 - INFO - Epoch [1130/2000] LR: 0.000042 | Train Loss: 0.001803 (Data: 0.00180, Mono: 0.00001) | Val MSE: 0.000162 (RMSE: 0.0127) 
2026-09-13 15:11:16,357 - INFO - Epoch [1140/2000] LR: 0.000041 | Train Loss: 0.001743 (Data: 0.00174, Mono: 0.00001) | Val MSE: 0.000165 (RMSE: 0.0129) 
2026-09-13 15:11:16,778 - INFO - Epoch [1150/2000] LR: 0.000040 | Train Loss: 0.001819 (Data: 0.00181, Mono: 0.00001) | Val MSE: 0.000161 (RMSE: 0.0127) 
2026-09-13 15:11:16,912 - INFO - Epoch [1153/2000] LR: 0.000040 | Train Loss: 0.001698 (Data: 0.00169, Mono: 0.00001) | Val MSE: 0.000127 (RMSE: 0.0113) [BEST]
2026-09-13 15:11:17,199 - INFO - Epoch [1160/2000] LR: 0.000040 | Train Loss: 0.001741 (Data: 0.00174, Mono: 0.00001) | Val MSE: 0.000219 (RMSE: 0.0148) 
2026-09-13 15:11:17,619 - INFO - Epoch [1170/2000] LR: 0.000039 | Train Loss: 0.001724 (Data: 0.00172, Mono: 0.00001) | Val MSE: 0.000152 (RMSE: 0.0123) 
2026-09-13 15:11:18,040 - INFO - Epoch [1180/2000] LR: 0.000038 | Train Loss: 0.001741 (Data: 0.00174, Mono: 0.00001) | Val MSE: 0.000162 (RMSE: 0.0127) 
2026-09-13 15:11:18,474 - INFO - Epoch [1190/2000] LR: 0.000037 | Train Loss: 0.001726 (Data: 0.00172, Mono: 0.00001) | Val MSE: 0.000152 (RMSE: 0.0123) 
2026-09-13 15:11:18,899 - INFO - Epoch [1200/2000] LR: 0.000036 | Train Loss: 0.001738 (Data: 0.00173, Mono: 0.00001) | Val MSE: 0.000174 (RMSE: 0.0132) 
2026-09-13 15:11:19,353 - INFO - Epoch [1210/2000] LR: 0.000036 | Train Loss: 0.001695 (Data: 0.00169, Mono: 0.00001) | Val MSE: 0.000153 (RMSE: 0.0124) 
2026-09-13 15:11:19,784 - INFO - Epoch [1220/2000] LR: 0.000035 | Train Loss: 0.001696 (Data: 0.00169, Mono: 0.00001) | Val MSE: 0.000182 (RMSE: 0.0135) 
2026-09-13 15:11:20,237 - INFO - Epoch [1230/2000] LR: 0.000034 | Train Loss: 0.001646 (Data: 0.00164, Mono: 0.00001) | Val MSE: 0.000170 (RMSE: 0.0130) 
2026-09-13 15:11:20,693 - INFO - Epoch [1240/2000] LR: 0.000034 | Train Loss: 0.001685 (Data: 0.00168, Mono: 0.00001) | Val MSE: 0.000160 (RMSE: 0.0127) 
2026-09-13 15:11:21,144 - INFO - Epoch [1250/2000] LR: 0.000033 | Train Loss: 0.001724 (Data: 0.00172, Mono: 0.00001) | Val MSE: 0.000217 (RMSE: 0.0147) 
2026-09-13 15:11:21,246 - INFO - Epoch [1252/2000] LR: 0.000033 | Train Loss: 0.001624 (Data: 0.00162, Mono: 0.00001) | Val MSE: 0.000125 (RMSE: 0.0112) [BEST]
2026-09-13 15:11:21,593 - INFO - Epoch [1260/2000] LR: 0.000032 | Train Loss: 0.001622 (Data: 0.00162, Mono: 0.00001) | Val MSE: 0.000161 (RMSE: 0.0127) 
2026-09-13 15:11:22,071 - INFO - Epoch [1270/2000] LR: 0.000031 | Train Loss: 0.001720 (Data: 0.00172, Mono: 0.00001) | Val MSE: 0.000164 (RMSE: 0.0128) 
2026-09-13 15:11:22,521 - INFO - Epoch [1280/2000] LR: 0.000031 | Train Loss: 0.001614 (Data: 0.00161, Mono: 0.00001) | Val MSE: 0.000162 (RMSE: 0.0127) 
2026-09-13 15:11:22,974 - INFO - Epoch [1290/2000] LR: 0.000030 | Train Loss: 0.001623 (Data: 0.00162, Mono: 0.00001) | Val MSE: 0.000161 (RMSE: 0.0127) 
2026-09-13 15:11:23,425 - INFO - Epoch [1300/2000] LR: 0.000029 | Train Loss: 0.001691 (Data: 0.00169, Mono: 0.00001) | Val MSE: 0.000152 (RMSE: 0.0123) 
2026-09-13 15:11:23,874 - INFO - Epoch [1310/2000] LR: 0.000028 | Train Loss: 0.001615 (Data: 0.00161, Mono: 0.00001) | Val MSE: 0.000183 (RMSE: 0.0135) 
2026-09-13 15:11:24,334 - INFO - Epoch [1320/2000] LR: 0.000028 | Train Loss: 0.001661 (Data: 0.00166, Mono: 0.00001) | Val MSE: 0.000130 (RMSE: 0.0114) 
2026-09-13 15:11:24,763 - INFO - Epoch [1330/2000] LR: 0.000027 | Train Loss: 0.001610 (Data: 0.00161, Mono: 0.00001) | Val MSE: 0.000195 (RMSE: 0.0140) 
2026-09-13 15:11:25,204 - INFO - Epoch [1340/2000] LR: 0.000026 | Train Loss: 0.001581 (Data: 0.00158, Mono: 0.00001) | Val MSE: 0.000156 (RMSE: 0.0125) 
2026-09-13 15:11:25,659 - INFO - Epoch [1350/2000] LR: 0.000026 | Train Loss: 0.001617 (Data: 0.00161, Mono: 0.00001) | Val MSE: 0.000169 (RMSE: 0.0130) 
2026-09-13 15:11:26,121 - INFO - Epoch [1360/2000] LR: 0.000025 | Train Loss: 0.001615 (Data: 0.00161, Mono: 0.00001) | Val MSE: 0.000144 (RMSE: 0.0120) 
2026-09-13 15:11:26,588 - INFO - Epoch [1370/2000] LR: 0.000024 | Train Loss: 0.001593 (Data: 0.00159, Mono: 0.00001) | Val MSE: 0.000145 (RMSE: 0.0120) 
2026-09-13 15:11:27,028 - INFO - Epoch [1380/2000] LR: 0.000024 | Train Loss: 0.001544 (Data: 0.00154, Mono: 0.00001) | Val MSE: 0.000185 (RMSE: 0.0136) 
2026-09-13 15:11:27,414 - INFO - Epoch [1390/2000] LR: 0.000023 | Train Loss: 0.001619 (Data: 0.00161, Mono: 0.00001) | Val MSE: 0.000197 (RMSE: 0.0140) 
2026-09-13 15:11:27,807 - INFO - Epoch [1400/2000] LR: 0.000022 | Train Loss: 0.001572 (Data: 0.00157, Mono: 0.00001) | Val MSE: 0.000170 (RMSE: 0.0130) 
2026-09-13 15:11:28,199 - INFO - Epoch [1410/2000] LR: 0.000022 | Train Loss: 0.001601 (Data: 0.00160, Mono: 0.00001) | Val MSE: 0.000176 (RMSE: 0.0133) 
2026-09-13 15:11:28,590 - INFO - Epoch [1420/2000] LR: 0.000021 | Train Loss: 0.001600 (Data: 0.00160, Mono: 0.00001) | Val MSE: 0.000156 (RMSE: 0.0125) 
2026-09-13 15:11:28,988 - INFO - Epoch [1430/2000] LR: 0.000021 | Train Loss: 0.001570 (Data: 0.00157, Mono: 0.00001) | Val MSE: 0.000156 (RMSE: 0.0125) 
2026-09-13 15:11:29,380 - INFO - Epoch [1440/2000] LR: 0.000020 | Train Loss: 0.001604 (Data: 0.00160, Mono: 0.00001) | Val MSE: 0.000182 (RMSE: 0.0135) 
2026-09-13 15:11:29,766 - INFO - Epoch [1450/2000] LR: 0.000019 | Train Loss: 0.001561 (Data: 0.00156, Mono: 0.00001) | Val MSE: 0.000147 (RMSE: 0.0121) 
2026-09-13 15:11:30,157 - INFO - Epoch [1460/2000] LR: 0.000019 | Train Loss: 0.001575 (Data: 0.00157, Mono: 0.00001) | Val MSE: 0.000160 (RMSE: 0.0126) 
2026-09-13 15:11:30,547 - INFO - Epoch [1470/2000] LR: 0.000018 | Train Loss: 0.001572 (Data: 0.00157, Mono: 0.00001) | Val MSE: 0.000157 (RMSE: 0.0125) 
2026-09-13 15:11:30,983 - INFO - Epoch [1480/2000] LR: 0.000018 | Train Loss: 0.001533 (Data: 0.00153, Mono: 0.00001) | Val MSE: 0.000156 (RMSE: 0.0125) 
2026-09-13 15:11:31,379 - INFO - Epoch [1490/2000] LR: 0.000017 | Train Loss: 0.001552 (Data: 0.00155, Mono: 0.00001) | Val MSE: 0.000153 (RMSE: 0.0124) 
2026-09-13 15:11:31,762 - INFO - Epoch [1500/2000] LR: 0.000016 | Train Loss: 0.001534 (Data: 0.00153, Mono: 0.00001) | Val MSE: 0.000159 (RMSE: 0.0126) 
2026-09-13 15:11:32,152 - INFO - Epoch [1510/2000] LR: 0.000016 | Train Loss: 0.001533 (Data: 0.00153, Mono: 0.00001) | Val MSE: 0.000165 (RMSE: 0.0129) 
2026-09-13 15:11:32,548 - INFO - Epoch [1520/2000] LR: 0.000015 | Train Loss: 0.001588 (Data: 0.00158, Mono: 0.00001) | Val MSE: 0.000162 (RMSE: 0.0127) 
2026-09-13 15:11:32,938 - INFO - Epoch [1530/2000] LR: 0.000015 | Train Loss: 0.001578 (Data: 0.00157, Mono: 0.00001) | Val MSE: 0.000163 (RMSE: 0.0128) 
2026-09-13 15:11:33,323 - INFO - Epoch [1540/2000] LR: 0.000014 | Train Loss: 0.001547 (Data: 0.00154, Mono: 0.00001) | Val MSE: 0.000169 (RMSE: 0.0130) 
2026-09-13 15:11:33,711 - INFO - Epoch [1550/2000] LR: 0.000014 | Train Loss: 0.001560 (Data: 0.00156, Mono: 0.00001) | Val MSE: 0.000169 (RMSE: 0.0130) 
2026-09-13 15:11:34,112 - INFO - Epoch [1560/2000] LR: 0.000013 | Train Loss: 0.001504 (Data: 0.00150, Mono: 0.00001) | Val MSE: 0.000156 (RMSE: 0.0125) 
2026-09-13 15:11:34,500 - INFO - Epoch [1570/2000] LR: 0.000013 | Train Loss: 0.001459 (Data: 0.00145, Mono: 0.00001) | Val MSE: 0.000176 (RMSE: 0.0133) 
2026-09-13 15:11:34,899 - INFO - Epoch [1580/2000] LR: 0.000012 | Train Loss: 0.001504 (Data: 0.00150, Mono: 0.00001) | Val MSE: 0.000173 (RMSE: 0.0132) 
2026-09-13 15:11:35,288 - INFO - Epoch [1590/2000] LR: 0.000012 | Train Loss: 0.001505 (Data: 0.00150, Mono: 0.00001) | Val MSE: 0.000163 (RMSE: 0.0128) 
2026-09-13 15:11:35,673 - INFO - Epoch [1600/2000] LR: 0.000011 | Train Loss: 0.001553 (Data: 0.00155, Mono: 0.00001) | Val MSE: 0.000163 (RMSE: 0.0128) 
2026-09-13 15:11:36,068 - INFO - Epoch [1610/2000] LR: 0.000011 | Train Loss: 0.001485 (Data: 0.00148, Mono: 0.00001) | Val MSE: 0.000173 (RMSE: 0.0131) 
2026-09-13 15:11:36,454 - INFO - Epoch [1620/2000] LR: 0.000010 | Train Loss: 0.001528 (Data: 0.00152, Mono: 0.00001) | Val MSE: 0.000149 (RMSE: 0.0122) 
2026-09-13 15:11:36,851 - INFO - Epoch [1630/2000] LR: 0.000010 | Train Loss: 0.001496 (Data: 0.00149, Mono: 0.00001) | Val MSE: 0.000172 (RMSE: 0.0131) 
2026-09-13 15:11:37,243 - INFO - Epoch [1640/2000] LR: 0.000009 | Train Loss: 0.001471 (Data: 0.00147, Mono: 0.00001) | Val MSE: 0.000178 (RMSE: 0.0133) 
2026-09-13 15:11:37,647 - INFO - Epoch [1650/2000] LR: 0.000009 | Train Loss: 0.001547 (Data: 0.00154, Mono: 0.00001) | Val MSE: 0.000162 (RMSE: 0.0127) 
2026-09-13 15:11:38,037 - INFO - Epoch [1660/2000] LR: 0.000009 | Train Loss: 0.001504 (Data: 0.00150, Mono: 0.00001) | Val MSE: 0.000169 (RMSE: 0.0130) 
2026-09-13 15:11:38,431 - INFO - Epoch [1670/2000] LR: 0.000008 | Train Loss: 0.001520 (Data: 0.00152, Mono: 0.00001) | Val MSE: 0.000159 (RMSE: 0.0126) 
2026-09-13 15:11:38,833 - INFO - Epoch [1680/2000] LR: 0.000008 | Train Loss: 0.001504 (Data: 0.00150, Mono: 0.00001) | Val MSE: 0.000174 (RMSE: 0.0132) 
2026-09-13 15:11:39,206 - INFO - Epoch [1690/2000] LR: 0.000007 | Train Loss: 0.001500 (Data: 0.00150, Mono: 0.00001) | Val MSE: 0.000153 (RMSE: 0.0123) 
2026-09-13 15:11:39,592 - INFO - Epoch [1700/2000] LR: 0.000007 | Train Loss: 0.001462 (Data: 0.00146, Mono: 0.00001) | Val MSE: 0.000158 (RMSE: 0.0126) 
2026-09-13 15:11:39,985 - INFO - Epoch [1710/2000] LR: 0.000007 | Train Loss: 0.001528 (Data: 0.00152, Mono: 0.00001) | Val MSE: 0.000153 (RMSE: 0.0124) 
2026-09-13 15:11:40,374 - INFO - Epoch [1720/2000] LR: 0.000006 | Train Loss: 0.001533 (Data: 0.00153, Mono: 0.00001) | Val MSE: 0.000172 (RMSE: 0.0131) 
2026-09-13 15:11:40,767 - INFO - Epoch [1730/2000] LR: 0.000006 | Train Loss: 0.001467 (Data: 0.00146, Mono: 0.00001) | Val MSE: 0.000162 (RMSE: 0.0127) 
2026-09-13 15:11:41,164 - INFO - Epoch [1740/2000] LR: 0.000006 | Train Loss: 0.001439 (Data: 0.00144, Mono: 0.00001) | Val MSE: 0.000160 (RMSE: 0.0126) 
2026-09-13 15:11:41,587 - INFO - Epoch [1750/2000] LR: 0.000005 | Train Loss: 0.001442 (Data: 0.00144, Mono: 0.00001) | Val MSE: 0.000157 (RMSE: 0.0125) 
2026-09-13 15:11:41,988 - INFO - Epoch [1760/2000] LR: 0.000005 | Train Loss: 0.001482 (Data: 0.00148, Mono: 0.00001) | Val MSE: 0.000159 (RMSE: 0.0126) 
2026-09-13 15:11:42,379 - INFO - Epoch [1770/2000] LR: 0.000005 | Train Loss: 0.001484 (Data: 0.00148, Mono: 0.00001) | Val MSE: 0.000178 (RMSE: 0.0133) 
2026-09-13 15:11:42,766 - INFO - Epoch [1780/2000] LR: 0.000005 | Train Loss: 0.001491 (Data: 0.00149, Mono: 0.00001) | Val MSE: 0.000179 (RMSE: 0.0134) 
2026-09-13 15:11:43,157 - INFO - Epoch [1790/2000] LR: 0.000004 | Train Loss: 0.001467 (Data: 0.00146, Mono: 0.00001) | Val MSE: 0.000169 (RMSE: 0.0130) 
2026-09-13 15:11:43,550 - INFO - Epoch [1800/2000] LR: 0.000004 | Train Loss: 0.001461 (Data: 0.00146, Mono: 0.00001) | Val MSE: 0.000176 (RMSE: 0.0133) 
2026-09-13 15:11:43,932 - INFO - Epoch [1810/2000] LR: 0.000004 | Train Loss: 0.001465 (Data: 0.00146, Mono: 0.00001) | Val MSE: 0.000168 (RMSE: 0.0130) 
2026-09-13 15:11:44,311 - INFO - Epoch [1820/2000] LR: 0.000004 | Train Loss: 0.001429 (Data: 0.00142, Mono: 0.00001) | Val MSE: 0.000165 (RMSE: 0.0128) 
2026-09-13 15:11:44,714 - INFO - Epoch [1830/2000] LR: 0.000003 | Train Loss: 0.001408 (Data: 0.00140, Mono: 0.00001) | Val MSE: 0.000166 (RMSE: 0.0129) 
2026-09-13 15:11:45,112 - INFO - Epoch [1840/2000] LR: 0.000003 | Train Loss: 0.001511 (Data: 0.00151, Mono: 0.00001) | Val MSE: 0.000166 (RMSE: 0.0129) 
2026-09-13 15:11:45,496 - INFO - Epoch [1850/2000] LR: 0.000003 | Train Loss: 0.001418 (Data: 0.00141, Mono: 0.00001) | Val MSE: 0.000164 (RMSE: 0.0128) 
2026-09-13 15:11:45,888 - INFO - Epoch [1860/2000] LR: 0.000003 | Train Loss: 0.001494 (Data: 0.00149, Mono: 0.00001) | Val MSE: 0.000171 (RMSE: 0.0131) 
2026-09-13 15:11:46,279 - INFO - Epoch [1870/2000] LR: 0.000003 | Train Loss: 0.001444 (Data: 0.00144, Mono: 0.00001) | Val MSE: 0.000178 (RMSE: 0.0133) 
2026-09-13 15:11:46,668 - INFO - Epoch [1880/2000] LR: 0.000002 | Train Loss: 0.001439 (Data: 0.00144, Mono: 0.00001) | Val MSE: 0.000157 (RMSE: 0.0125) 
2026-09-13 15:11:47,062 - INFO - Epoch [1890/2000] LR: 0.000002 | Train Loss: 0.001446 (Data: 0.00144, Mono: 0.00001) | Val MSE: 0.000165 (RMSE: 0.0128) 
2026-09-13 15:11:47,452 - INFO - Epoch [1900/2000] LR: 0.000002 | Train Loss: 0.001461 (Data: 0.00146, Mono: 0.00001) | Val MSE: 0.000167 (RMSE: 0.0129) 
2026-09-13 15:11:47,840 - INFO - Epoch [1910/2000] LR: 0.000002 | Train Loss: 0.001438 (Data: 0.00143, Mono: 0.00001) | Val MSE: 0.000168 (RMSE: 0.0130) 
2026-09-13 15:11:48,238 - INFO - Epoch [1920/2000] LR: 0.000002 | Train Loss: 0.001452 (Data: 0.00145, Mono: 0.00001) | Val MSE: 0.000160 (RMSE: 0.0126) 
2026-09-13 15:11:48,626 - INFO - Epoch [1930/2000] LR: 0.000002 | Train Loss: 0.001472 (Data: 0.00147, Mono: 0.00001) | Val MSE: 0.000165 (RMSE: 0.0128) 
2026-09-13 15:11:49,022 - INFO - Epoch [1940/2000] LR: 0.000002 | Train Loss: 0.001492 (Data: 0.00149, Mono: 0.00001) | Val MSE: 0.000172 (RMSE: 0.0131) 
2026-09-13 15:11:49,427 - INFO - Epoch [1950/2000] LR: 0.000002 | Train Loss: 0.001481 (Data: 0.00148, Mono: 0.00001) | Val MSE: 0.000165 (RMSE: 0.0129) 
2026-09-13 15:11:49,825 - INFO - Epoch [1960/2000] LR: 0.000002 | Train Loss: 0.001480 (Data: 0.00148, Mono: 0.00001) | Val MSE: 0.000163 (RMSE: 0.0128) 
2026-09-13 15:11:50,212 - INFO - Epoch [1970/2000] LR: 0.000002 | Train Loss: 0.001435 (Data: 0.00143, Mono: 0.00001) | Val MSE: 0.000164 (RMSE: 0.0128) 
2026-09-13 15:11:50,590 - INFO - Epoch [1980/2000] LR: 0.000002 | Train Loss: 0.001468 (Data: 0.00146, Mono: 0.00001) | Val MSE: 0.000166 (RMSE: 0.0129) 
2026-09-13 15:11:50,985 - INFO - Epoch [1990/2000] LR: 0.000002 | Train Loss: 0.001471 (Data: 0.00147, Mono: 0.00001) | Val MSE: 0.000165 (RMSE: 0.0128) 
2026-09-13 15:11:51,382 - INFO - Epoch [2000/2000] LR: 0.000002 | Train Loss: 0.001479 (Data: 0.00148, Mono: 0.00001) | Val MSE: 0.000167 (RMSE: 0.0129) 
2026-09-13 15:11:51,382 - INFO - Training completed in 85.06s. Loading best checkpoint from epoch 1252 for final test evaluation...
2026-09-13 15:11:51,412 - INFO - ==================================================
2026-09-13 15:11:51,412 - INFO - Test Results for [XJTU] - [R3] (Best Epoch 1252):
2026-09-13 15:11:51,413 - INFO -   Test RMSE: 0.009821
2026-09-13 15:11:51,413 - INFO -   Test MAE:  0.008316
2026-09-13 15:11:51,413 - INFO -   Test MAPE: 0.887466
2026-09-13 15:11:51,413 - INFO -   Test MSE:  0.000096
2026-09-13 15:11:51,413 - INFO - ==================================================
2026-09-13 15:20:32,623 - INFO - ==================================================
2026-09-13 15:20:32,623 - INFO - Starting FusionMLP Training for [XJTU] - [R3]
2026-09-13 15:20:32,623 - INFO - Device: cuda | Epochs: 2000 | LR: 0.000100 | Mono Weight: 0.4000 | Knee Feature: True
2026-09-13 15:20:32,623 - INFO - ==================================================
2026-09-13 15:20:32,701 - INFO - Data Splits: Train=5, Val=1, Test=2
2026-09-13 15:20:32,773 - INFO - Epoch [   1/2000] LR: 0.006063 | Train Loss: 0.626518 (Data: 0.62650, Mono: 0.00004) | Val MSE: 0.418253 (RMSE: 0.6467) [BEST]
2026-09-13 15:20:32,823 - INFO - Epoch [   2/2000] LR: 0.005857 | Train Loss: 0.269608 (Data: 0.26959, Mono: 0.00004) | Val MSE: 0.175085 (RMSE: 0.4184) [BEST]
2026-09-13 15:20:32,869 - INFO - Epoch [   3/2000] LR: 0.005651 | Train Loss: 0.106576 (Data: 0.10656, Mono: 0.00003) | Val MSE: 0.082285 (RMSE: 0.2869) [BEST]
2026-09-13 15:20:32,921 - INFO - Epoch [   4/2000] LR: 0.005446 | Train Loss: 0.070068 (Data: 0.07005, Mono: 0.00003) | Val MSE: 0.067559 (RMSE: 0.2599) [BEST]
2026-09-13 15:20:32,970 - INFO - Epoch [   5/2000] LR: 0.005240 | Train Loss: 0.053799 (Data: 0.05379, Mono: 0.00003) | Val MSE: 0.004915 (RMSE: 0.0701) [BEST]
2026-09-13 15:20:33,110 - INFO - Epoch [   8/2000] LR: 0.004623 | Train Loss: 0.018899 (Data: 0.01889, Mono: 0.00003) | Val MSE: 0.002831 (RMSE: 0.0532) [BEST]
2026-09-13 15:20:33,162 - INFO - Epoch [   9/2000] LR: 0.004418 | Train Loss: 0.017973 (Data: 0.01796, Mono: 0.00003) | Val MSE: 0.001656 (RMSE: 0.0407) [BEST]
2026-09-13 15:20:33,220 - INFO - Epoch [  10/2000] LR: 0.004212 | Train Loss: 0.013542 (Data: 0.01353, Mono: 0.00003) | Val MSE: 0.003814 (RMSE: 0.0618) 
2026-09-13 15:20:33,268 - INFO - Epoch [  11/2000] LR: 0.004007 | Train Loss: 0.013087 (Data: 0.01308, Mono: 0.00003) | Val MSE: 0.001035 (RMSE: 0.0322) [BEST]
2026-09-13 15:20:33,324 - INFO - Epoch [  12/2000] LR: 0.003801 | Train Loss: 0.011855 (Data: 0.01185, Mono: 0.00002) | Val MSE: 0.000294 (RMSE: 0.0172) [BEST]
2026-09-13 15:20:33,426 - INFO - Epoch [  14/2000] LR: 0.003390 | Train Loss: 0.009779 (Data: 0.00977, Mono: 0.00002) | Val MSE: 0.000216 (RMSE: 0.0147) [BEST]
2026-09-13 15:20:33,473 - INFO - Epoch [  15/2000] LR: 0.003184 | Train Loss: 0.009742 (Data: 0.00973, Mono: 0.00003) | Val MSE: 0.000115 (RMSE: 0.0107) [BEST]
2026-09-13 15:20:33,710 - INFO - Epoch [  20/2000] LR: 0.002156 | Train Loss: 0.008220 (Data: 0.00821, Mono: 0.00002) | Val MSE: 0.000239 (RMSE: 0.0155) 
2026-09-13 15:20:33,793 - INFO - Epoch [  22/2000] LR: 0.001745 | Train Loss: 0.007635 (Data: 0.00763, Mono: 0.00002) | Val MSE: 0.000092 (RMSE: 0.0096) [BEST]
2026-09-13 15:20:34,167 - INFO - Epoch [  30/2000] LR: 0.000100 | Train Loss: 0.007325 (Data: 0.00732, Mono: 0.00002) | Val MSE: 0.000182 (RMSE: 0.0135) 
2026-09-13 15:20:34,613 - INFO - Epoch [  40/2000] LR: 0.000100 | Train Loss: 0.007091 (Data: 0.00708, Mono: 0.00002) | Val MSE: 0.000146 (RMSE: 0.0121) 
2026-09-13 15:20:35,096 - INFO - Epoch [  50/2000] LR: 0.000100 | Train Loss: 0.007153 (Data: 0.00714, Mono: 0.00002) | Val MSE: 0.000144 (RMSE: 0.0120) 
2026-09-13 15:20:35,598 - INFO - Epoch [  60/2000] LR: 0.000100 | Train Loss: 0.006825 (Data: 0.00682, Mono: 0.00002) | Val MSE: 0.000150 (RMSE: 0.0123) 
2026-09-13 15:20:36,073 - INFO - Epoch [  70/2000] LR: 0.000100 | Train Loss: 0.006837 (Data: 0.00683, Mono: 0.00002) | Val MSE: 0.000130 (RMSE: 0.0114) 
2026-09-13 15:20:36,518 - INFO - Epoch [  80/2000] LR: 0.000100 | Train Loss: 0.006676 (Data: 0.00667, Mono: 0.00002) | Val MSE: 0.000150 (RMSE: 0.0123) 
2026-09-13 15:20:36,964 - INFO - Epoch [  90/2000] LR: 0.000100 | Train Loss: 0.006656 (Data: 0.00665, Mono: 0.00002) | Val MSE: 0.000141 (RMSE: 0.0119) 
2026-09-13 15:20:37,459 - INFO - Epoch [ 100/2000] LR: 0.000100 | Train Loss: 0.006630 (Data: 0.00662, Mono: 0.00002) | Val MSE: 0.000156 (RMSE: 0.0125) 
2026-09-13 15:20:37,889 - INFO - Epoch [ 110/2000] LR: 0.000100 | Train Loss: 0.006395 (Data: 0.00639, Mono: 0.00002) | Val MSE: 0.000124 (RMSE: 0.0111) 
2026-09-13 15:20:38,339 - INFO - Epoch [ 120/2000] LR: 0.000099 | Train Loss: 0.006342 (Data: 0.00633, Mono: 0.00002) | Val MSE: 0.000163 (RMSE: 0.0127) 
2026-09-13 15:20:38,794 - INFO - Epoch [ 130/2000] LR: 0.000099 | Train Loss: 0.006239 (Data: 0.00623, Mono: 0.00002) | Val MSE: 0.000139 (RMSE: 0.0118) 
2026-09-13 15:20:39,244 - INFO - Epoch [ 140/2000] LR: 0.000099 | Train Loss: 0.005986 (Data: 0.00598, Mono: 0.00002) | Val MSE: 0.000155 (RMSE: 0.0124) 
2026-09-13 15:20:39,675 - INFO - Epoch [ 150/2000] LR: 0.000099 | Train Loss: 0.005735 (Data: 0.00573, Mono: 0.00002) | Val MSE: 0.000140 (RMSE: 0.0118) 
2026-09-13 15:20:40,117 - INFO - Epoch [ 160/2000] LR: 0.000099 | Train Loss: 0.005776 (Data: 0.00577, Mono: 0.00002) | Val MSE: 0.000140 (RMSE: 0.0118) 
2026-09-13 15:20:40,559 - INFO - Epoch [ 170/2000] LR: 0.000099 | Train Loss: 0.005750 (Data: 0.00574, Mono: 0.00002) | Val MSE: 0.000143 (RMSE: 0.0120) 
2026-09-13 15:20:40,985 - INFO - Epoch [ 180/2000] LR: 0.000099 | Train Loss: 0.005505 (Data: 0.00550, Mono: 0.00002) | Val MSE: 0.000146 (RMSE: 0.0121) 
2026-09-13 15:20:41,402 - INFO - Epoch [ 190/2000] LR: 0.000098 | Train Loss: 0.005403 (Data: 0.00539, Mono: 0.00002) | Val MSE: 0.000168 (RMSE: 0.0130) 
2026-09-13 15:20:41,850 - INFO - Epoch [ 200/2000] LR: 0.000098 | Train Loss: 0.005201 (Data: 0.00519, Mono: 0.00002) | Val MSE: 0.000161 (RMSE: 0.0127) 
2026-09-13 15:20:42,272 - INFO - Epoch [ 210/2000] LR: 0.000098 | Train Loss: 0.005276 (Data: 0.00527, Mono: 0.00002) | Val MSE: 0.000168 (RMSE: 0.0130) 
2026-09-13 15:20:42,727 - INFO - Epoch [ 220/2000] LR: 0.000098 | Train Loss: 0.005056 (Data: 0.00505, Mono: 0.00002) | Val MSE: 0.000172 (RMSE: 0.0131) 
2026-09-13 15:20:43,168 - INFO - Epoch [ 230/2000] LR: 0.000098 | Train Loss: 0.005037 (Data: 0.00503, Mono: 0.00002) | Val MSE: 0.000140 (RMSE: 0.0118) 
2026-09-13 15:20:43,583 - INFO - Epoch [ 240/2000] LR: 0.000097 | Train Loss: 0.004952 (Data: 0.00494, Mono: 0.00002) | Val MSE: 0.000140 (RMSE: 0.0118) 
2026-09-13 15:20:43,997 - INFO - Epoch [ 250/2000] LR: 0.000097 | Train Loss: 0.004556 (Data: 0.00455, Mono: 0.00002) | Val MSE: 0.000144 (RMSE: 0.0120) 
2026-09-13 15:20:44,421 - INFO - Epoch [ 260/2000] LR: 0.000097 | Train Loss: 0.004879 (Data: 0.00487, Mono: 0.00002) | Val MSE: 0.000134 (RMSE: 0.0116) 
2026-09-13 15:20:44,863 - INFO - Epoch [ 270/2000] LR: 0.000096 | Train Loss: 0.004682 (Data: 0.00467, Mono: 0.00002) | Val MSE: 0.000152 (RMSE: 0.0123) 
2026-09-13 15:20:45,326 - INFO - Epoch [ 280/2000] LR: 0.000096 | Train Loss: 0.004391 (Data: 0.00438, Mono: 0.00002) | Val MSE: 0.000119 (RMSE: 0.0109) 
2026-09-13 15:20:45,765 - INFO - Epoch [ 290/2000] LR: 0.000096 | Train Loss: 0.004277 (Data: 0.00427, Mono: 0.00002) | Val MSE: 0.000143 (RMSE: 0.0119) 
2026-09-13 15:20:46,194 - INFO - Epoch [ 300/2000] LR: 0.000096 | Train Loss: 0.004216 (Data: 0.00421, Mono: 0.00002) | Val MSE: 0.000179 (RMSE: 0.0134) 
2026-09-13 15:20:46,607 - INFO - Epoch [ 310/2000] LR: 0.000095 | Train Loss: 0.004305 (Data: 0.00430, Mono: 0.00002) | Val MSE: 0.000160 (RMSE: 0.0126) 
2026-09-13 15:20:47,040 - INFO - Epoch [ 320/2000] LR: 0.000095 | Train Loss: 0.004059 (Data: 0.00405, Mono: 0.00002) | Val MSE: 0.000132 (RMSE: 0.0115) 
2026-09-13 15:20:47,478 - INFO - Epoch [ 330/2000] LR: 0.000094 | Train Loss: 0.003998 (Data: 0.00399, Mono: 0.00002) | Val MSE: 0.000152 (RMSE: 0.0123) 
2026-09-13 15:20:47,930 - INFO - Epoch [ 340/2000] LR: 0.000094 | Train Loss: 0.004046 (Data: 0.00404, Mono: 0.00002) | Val MSE: 0.000142 (RMSE: 0.0119) 
2026-09-13 15:20:48,364 - INFO - Epoch [ 350/2000] LR: 0.000094 | Train Loss: 0.004003 (Data: 0.00400, Mono: 0.00002) | Val MSE: 0.000145 (RMSE: 0.0120) 
2026-09-13 15:20:48,818 - INFO - Epoch [ 360/2000] LR: 0.000093 | Train Loss: 0.004000 (Data: 0.00399, Mono: 0.00002) | Val MSE: 0.000144 (RMSE: 0.0120) 
2026-09-13 15:20:49,259 - INFO - Epoch [ 370/2000] LR: 0.000093 | Train Loss: 0.003709 (Data: 0.00370, Mono: 0.00002) | Val MSE: 0.000134 (RMSE: 0.0116) 
2026-09-13 15:20:49,700 - INFO - Epoch [ 380/2000] LR: 0.000093 | Train Loss: 0.003683 (Data: 0.00368, Mono: 0.00001) | Val MSE: 0.000178 (RMSE: 0.0134) 
2026-09-13 15:20:50,127 - INFO - Epoch [ 390/2000] LR: 0.000092 | Train Loss: 0.003753 (Data: 0.00375, Mono: 0.00002) | Val MSE: 0.000114 (RMSE: 0.0107) 
2026-09-13 15:20:50,573 - INFO - Epoch [ 400/2000] LR: 0.000092 | Train Loss: 0.003634 (Data: 0.00363, Mono: 0.00002) | Val MSE: 0.000190 (RMSE: 0.0138) 
2026-09-13 15:20:51,026 - INFO - Epoch [ 410/2000] LR: 0.000091 | Train Loss: 0.003612 (Data: 0.00361, Mono: 0.00002) | Val MSE: 0.000153 (RMSE: 0.0124) 
2026-09-13 15:20:51,480 - INFO - Epoch [ 420/2000] LR: 0.000091 | Train Loss: 0.003539 (Data: 0.00353, Mono: 0.00001) | Val MSE: 0.000149 (RMSE: 0.0122) 
2026-09-13 15:20:51,930 - INFO - Epoch [ 430/2000] LR: 0.000090 | Train Loss: 0.003489 (Data: 0.00348, Mono: 0.00001) | Val MSE: 0.000162 (RMSE: 0.0127) 
2026-09-13 15:20:52,402 - INFO - Epoch [ 440/2000] LR: 0.000090 | Train Loss: 0.003444 (Data: 0.00344, Mono: 0.00002) | Val MSE: 0.000140 (RMSE: 0.0118) 
2026-09-13 15:20:52,841 - INFO - Epoch [ 450/2000] LR: 0.000089 | Train Loss: 0.003408 (Data: 0.00340, Mono: 0.00002) | Val MSE: 0.000176 (RMSE: 0.0133) 
2026-09-13 15:20:53,283 - INFO - Epoch [ 460/2000] LR: 0.000089 | Train Loss: 0.003163 (Data: 0.00316, Mono: 0.00001) | Val MSE: 0.000121 (RMSE: 0.0110) 
2026-09-13 15:20:53,733 - INFO - Epoch [ 470/2000] LR: 0.000088 | Train Loss: 0.003164 (Data: 0.00316, Mono: 0.00001) | Val MSE: 0.000133 (RMSE: 0.0115) 
2026-09-13 15:20:54,168 - INFO - Epoch [ 480/2000] LR: 0.000088 | Train Loss: 0.003133 (Data: 0.00313, Mono: 0.00001) | Val MSE: 0.000139 (RMSE: 0.0118) 
2026-09-13 15:20:54,620 - INFO - Epoch [ 490/2000] LR: 0.000087 | Train Loss: 0.003093 (Data: 0.00309, Mono: 0.00001) | Val MSE: 0.000121 (RMSE: 0.0110) 
2026-09-13 15:20:55,076 - INFO - Epoch [ 500/2000] LR: 0.000087 | Train Loss: 0.003183 (Data: 0.00318, Mono: 0.00001) | Val MSE: 0.000128 (RMSE: 0.0113) 
2026-09-13 15:20:55,490 - INFO - Epoch [ 510/2000] LR: 0.000086 | Train Loss: 0.003185 (Data: 0.00318, Mono: 0.00002) | Val MSE: 0.000128 (RMSE: 0.0113) 
2026-09-13 15:20:55,917 - INFO - Epoch [ 520/2000] LR: 0.000086 | Train Loss: 0.003145 (Data: 0.00314, Mono: 0.00001) | Val MSE: 0.000121 (RMSE: 0.0110) 
2026-09-13 15:20:56,323 - INFO - Epoch [ 530/2000] LR: 0.000085 | Train Loss: 0.002969 (Data: 0.00296, Mono: 0.00001) | Val MSE: 0.000134 (RMSE: 0.0116) 
2026-09-13 15:20:56,791 - INFO - Epoch [ 540/2000] LR: 0.000085 | Train Loss: 0.002947 (Data: 0.00294, Mono: 0.00001) | Val MSE: 0.000172 (RMSE: 0.0131) 
2026-09-13 15:20:57,197 - INFO - Epoch [ 550/2000] LR: 0.000084 | Train Loss: 0.002744 (Data: 0.00274, Mono: 0.00001) | Val MSE: 0.000144 (RMSE: 0.0120) 
2026-09-13 15:20:57,601 - INFO - Epoch [ 560/2000] LR: 0.000083 | Train Loss: 0.002900 (Data: 0.00289, Mono: 0.00001) | Val MSE: 0.000143 (RMSE: 0.0120) 
2026-09-13 15:20:58,003 - INFO - Epoch [ 570/2000] LR: 0.000083 | Train Loss: 0.002868 (Data: 0.00286, Mono: 0.00001) | Val MSE: 0.000157 (RMSE: 0.0125) 
2026-09-13 15:20:58,397 - INFO - Epoch [ 580/2000] LR: 0.000082 | Train Loss: 0.002798 (Data: 0.00279, Mono: 0.00001) | Val MSE: 0.000188 (RMSE: 0.0137) 
2026-09-13 15:20:58,799 - INFO - Epoch [ 590/2000] LR: 0.000082 | Train Loss: 0.002731 (Data: 0.00273, Mono: 0.00001) | Val MSE: 0.000143 (RMSE: 0.0120) 
2026-09-13 15:20:59,194 - INFO - Epoch [ 600/2000] LR: 0.000081 | Train Loss: 0.002693 (Data: 0.00269, Mono: 0.00001) | Val MSE: 0.000136 (RMSE: 0.0116) 
2026-09-13 15:20:59,599 - INFO - Epoch [ 610/2000] LR: 0.000080 | Train Loss: 0.002613 (Data: 0.00261, Mono: 0.00001) | Val MSE: 0.000147 (RMSE: 0.0121) 
2026-09-13 15:21:00,000 - INFO - Epoch [ 620/2000] LR: 0.000080 | Train Loss: 0.002676 (Data: 0.00267, Mono: 0.00001) | Val MSE: 0.000143 (RMSE: 0.0120) 
2026-09-13 15:21:00,401 - INFO - Epoch [ 630/2000] LR: 0.000079 | Train Loss: 0.002569 (Data: 0.00256, Mono: 0.00001) | Val MSE: 0.000141 (RMSE: 0.0119) 
2026-09-13 15:21:00,796 - INFO - Epoch [ 640/2000] LR: 0.000078 | Train Loss: 0.002693 (Data: 0.00269, Mono: 0.00001) | Val MSE: 0.000162 (RMSE: 0.0127) 
2026-09-13 15:21:01,197 - INFO - Epoch [ 650/2000] LR: 0.000078 | Train Loss: 0.002550 (Data: 0.00255, Mono: 0.00001) | Val MSE: 0.000149 (RMSE: 0.0122) 
2026-09-13 15:21:01,580 - INFO - Epoch [ 660/2000] LR: 0.000077 | Train Loss: 0.002562 (Data: 0.00256, Mono: 0.00001) | Val MSE: 0.000201 (RMSE: 0.0142) 
2026-09-13 15:21:01,985 - INFO - Epoch [ 670/2000] LR: 0.000077 | Train Loss: 0.002452 (Data: 0.00245, Mono: 0.00001) | Val MSE: 0.000143 (RMSE: 0.0120) 
2026-09-13 15:21:02,390 - INFO - Epoch [ 680/2000] LR: 0.000076 | Train Loss: 0.002556 (Data: 0.00255, Mono: 0.00001) | Val MSE: 0.000185 (RMSE: 0.0136) 
2026-09-13 15:21:02,789 - INFO - Epoch [ 690/2000] LR: 0.000075 | Train Loss: 0.002522 (Data: 0.00252, Mono: 0.00001) | Val MSE: 0.000123 (RMSE: 0.0111) 
2026-09-13 15:21:03,187 - INFO - Epoch [ 700/2000] LR: 0.000074 | Train Loss: 0.002387 (Data: 0.00238, Mono: 0.00001) | Val MSE: 0.000189 (RMSE: 0.0137) 
2026-09-13 15:21:03,586 - INFO - Epoch [ 710/2000] LR: 0.000074 | Train Loss: 0.002425 (Data: 0.00242, Mono: 0.00001) | Val MSE: 0.000124 (RMSE: 0.0111) 
2026-09-13 15:21:03,988 - INFO - Epoch [ 720/2000] LR: 0.000073 | Train Loss: 0.002267 (Data: 0.00226, Mono: 0.00001) | Val MSE: 0.000172 (RMSE: 0.0131) 
2026-09-13 15:21:04,394 - INFO - Epoch [ 730/2000] LR: 0.000072 | Train Loss: 0.002408 (Data: 0.00240, Mono: 0.00001) | Val MSE: 0.000149 (RMSE: 0.0122) 
2026-09-13 15:21:04,790 - INFO - Epoch [ 740/2000] LR: 0.000072 | Train Loss: 0.002315 (Data: 0.00231, Mono: 0.00001) | Val MSE: 0.000170 (RMSE: 0.0130) 
2026-09-13 15:21:05,186 - INFO - Epoch [ 750/2000] LR: 0.000071 | Train Loss: 0.002343 (Data: 0.00234, Mono: 0.00001) | Val MSE: 0.000175 (RMSE: 0.0132) 
2026-09-13 15:21:05,575 - INFO - Epoch [ 760/2000] LR: 0.000070 | Train Loss: 0.002350 (Data: 0.00234, Mono: 0.00001) | Val MSE: 0.000170 (RMSE: 0.0130) 
2026-09-13 15:21:05,981 - INFO - Epoch [ 770/2000] LR: 0.000070 | Train Loss: 0.002258 (Data: 0.00225, Mono: 0.00001) | Val MSE: 0.000132 (RMSE: 0.0115) 
2026-09-13 15:21:06,382 - INFO - Epoch [ 780/2000] LR: 0.000069 | Train Loss: 0.002251 (Data: 0.00225, Mono: 0.00001) | Val MSE: 0.000161 (RMSE: 0.0127) 
2026-09-13 15:21:06,785 - INFO - Epoch [ 790/2000] LR: 0.000068 | Train Loss: 0.002212 (Data: 0.00221, Mono: 0.00001) | Val MSE: 0.000184 (RMSE: 0.0136) 
2026-09-13 15:21:07,228 - INFO - Epoch [ 800/2000] LR: 0.000067 | Train Loss: 0.002208 (Data: 0.00220, Mono: 0.00001) | Val MSE: 0.000153 (RMSE: 0.0124) 
2026-09-13 15:21:07,637 - INFO - Epoch [ 810/2000] LR: 0.000067 | Train Loss: 0.002169 (Data: 0.00216, Mono: 0.00001) | Val MSE: 0.000169 (RMSE: 0.0130) 
2026-09-13 15:21:08,034 - INFO - Epoch [ 820/2000] LR: 0.000066 | Train Loss: 0.002274 (Data: 0.00227, Mono: 0.00001) | Val MSE: 0.000181 (RMSE: 0.0135) 
2026-09-13 15:21:08,430 - INFO - Epoch [ 830/2000] LR: 0.000065 | Train Loss: 0.002222 (Data: 0.00222, Mono: 0.00001) | Val MSE: 0.000139 (RMSE: 0.0118) 
2026-09-13 15:21:08,824 - INFO - Epoch [ 840/2000] LR: 0.000064 | Train Loss: 0.002096 (Data: 0.00209, Mono: 0.00001) | Val MSE: 0.000163 (RMSE: 0.0128) 
2026-09-13 15:21:09,208 - INFO - Epoch [ 850/2000] LR: 0.000064 | Train Loss: 0.002147 (Data: 0.00214, Mono: 0.00001) | Val MSE: 0.000145 (RMSE: 0.0120) 
2026-09-13 15:21:09,611 - INFO - Epoch [ 860/2000] LR: 0.000063 | Train Loss: 0.002189 (Data: 0.00218, Mono: 0.00001) | Val MSE: 0.000159 (RMSE: 0.0126) 
2026-09-13 15:21:09,999 - INFO - Epoch [ 870/2000] LR: 0.000062 | Train Loss: 0.002167 (Data: 0.00216, Mono: 0.00001) | Val MSE: 0.000140 (RMSE: 0.0118) 
2026-09-13 15:21:10,386 - INFO - Epoch [ 880/2000] LR: 0.000061 | Train Loss: 0.002131 (Data: 0.00213, Mono: 0.00001) | Val MSE: 0.000161 (RMSE: 0.0127) 
2026-09-13 15:21:10,793 - INFO - Epoch [ 890/2000] LR: 0.000061 | Train Loss: 0.002138 (Data: 0.00213, Mono: 0.00001) | Val MSE: 0.000188 (RMSE: 0.0137) 
2026-09-13 15:21:11,183 - INFO - Epoch [ 900/2000] LR: 0.000060 | Train Loss: 0.002135 (Data: 0.00213, Mono: 0.00001) | Val MSE: 0.000149 (RMSE: 0.0122) 
2026-09-13 15:21:11,575 - INFO - Epoch [ 910/2000] LR: 0.000059 | Train Loss: 0.002047 (Data: 0.00204, Mono: 0.00001) | Val MSE: 0.000182 (RMSE: 0.0135) 
2026-09-13 15:21:11,974 - INFO - Epoch [ 920/2000] LR: 0.000058 | Train Loss: 0.002060 (Data: 0.00206, Mono: 0.00001) | Val MSE: 0.000162 (RMSE: 0.0127) 
2026-09-13 15:21:12,380 - INFO - Epoch [ 930/2000] LR: 0.000057 | Train Loss: 0.002020 (Data: 0.00202, Mono: 0.00001) | Val MSE: 0.000181 (RMSE: 0.0134) 
2026-09-13 15:21:12,777 - INFO - Epoch [ 940/2000] LR: 0.000057 | Train Loss: 0.002085 (Data: 0.00208, Mono: 0.00001) | Val MSE: 0.000160 (RMSE: 0.0126) 
2026-09-13 15:21:13,168 - INFO - Epoch [ 950/2000] LR: 0.000056 | Train Loss: 0.001976 (Data: 0.00197, Mono: 0.00001) | Val MSE: 0.000148 (RMSE: 0.0122) 
2026-09-13 15:21:13,580 - INFO - Epoch [ 960/2000] LR: 0.000055 | Train Loss: 0.002027 (Data: 0.00202, Mono: 0.00001) | Val MSE: 0.000167 (RMSE: 0.0129) 
2026-09-13 15:21:14,003 - INFO - Epoch [ 970/2000] LR: 0.000054 | Train Loss: 0.001962 (Data: 0.00196, Mono: 0.00001) | Val MSE: 0.000165 (RMSE: 0.0128) 
2026-09-13 15:21:14,401 - INFO - Epoch [ 980/2000] LR: 0.000054 | Train Loss: 0.001953 (Data: 0.00195, Mono: 0.00001) | Val MSE: 0.000163 (RMSE: 0.0128) 
2026-09-13 15:21:14,799 - INFO - Epoch [ 990/2000] LR: 0.000053 | Train Loss: 0.001965 (Data: 0.00196, Mono: 0.00001) | Val MSE: 0.000172 (RMSE: 0.0131) 
2026-09-13 15:21:15,190 - INFO - Epoch [1000/2000] LR: 0.000052 | Train Loss: 0.001995 (Data: 0.00199, Mono: 0.00001) | Val MSE: 0.000168 (RMSE: 0.0129) 
2026-09-13 15:21:15,589 - INFO - Epoch [1010/2000] LR: 0.000051 | Train Loss: 0.001912 (Data: 0.00191, Mono: 0.00001) | Val MSE: 0.000154 (RMSE: 0.0124) 
2026-09-13 15:21:15,986 - INFO - Epoch [1020/2000] LR: 0.000050 | Train Loss: 0.001946 (Data: 0.00194, Mono: 0.00001) | Val MSE: 0.000142 (RMSE: 0.0119) 
2026-09-13 15:21:16,372 - INFO - Epoch [1030/2000] LR: 0.000050 | Train Loss: 0.001909 (Data: 0.00190, Mono: 0.00001) | Val MSE: 0.000207 (RMSE: 0.0144) 
2026-09-13 15:21:16,765 - INFO - Epoch [1040/2000] LR: 0.000049 | Train Loss: 0.001930 (Data: 0.00193, Mono: 0.00001) | Val MSE: 0.000174 (RMSE: 0.0132) 
2026-09-13 15:21:17,178 - INFO - Epoch [1050/2000] LR: 0.000048 | Train Loss: 0.001953 (Data: 0.00195, Mono: 0.00001) | Val MSE: 0.000162 (RMSE: 0.0127) 
2026-09-13 15:21:17,577 - INFO - Epoch [1060/2000] LR: 0.000047 | Train Loss: 0.001843 (Data: 0.00184, Mono: 0.00001) | Val MSE: 0.000139 (RMSE: 0.0118) 
2026-09-13 15:21:18,002 - INFO - Epoch [1070/2000] LR: 0.000046 | Train Loss: 0.001876 (Data: 0.00187, Mono: 0.00001) | Val MSE: 0.000194 (RMSE: 0.0139) 
2026-09-13 15:21:18,413 - INFO - Epoch [1080/2000] LR: 0.000046 | Train Loss: 0.001877 (Data: 0.00187, Mono: 0.00001) | Val MSE: 0.000183 (RMSE: 0.0135) 
2026-09-13 15:21:18,802 - INFO - Epoch [1090/2000] LR: 0.000045 | Train Loss: 0.001953 (Data: 0.00195, Mono: 0.00001) | Val MSE: 0.000148 (RMSE: 0.0122) 
2026-09-13 15:21:19,204 - INFO - Epoch [1100/2000] LR: 0.000044 | Train Loss: 0.001896 (Data: 0.00189, Mono: 0.00001) | Val MSE: 0.000152 (RMSE: 0.0123) 
2026-09-13 15:21:19,594 - INFO - Epoch [1110/2000] LR: 0.000043 | Train Loss: 0.001838 (Data: 0.00183, Mono: 0.00001) | Val MSE: 0.000150 (RMSE: 0.0123) 
2026-09-13 15:21:19,987 - INFO - Epoch [1120/2000] LR: 0.000043 | Train Loss: 0.001844 (Data: 0.00184, Mono: 0.00001) | Val MSE: 0.000189 (RMSE: 0.0137) 
2026-09-13 15:21:20,383 - INFO - Epoch [1130/2000] LR: 0.000042 | Train Loss: 0.001798 (Data: 0.00179, Mono: 0.00001) | Val MSE: 0.000178 (RMSE: 0.0133) 
2026-09-13 15:21:20,785 - INFO - Epoch [1140/2000] LR: 0.000041 | Train Loss: 0.001821 (Data: 0.00182, Mono: 0.00001) | Val MSE: 0.000149 (RMSE: 0.0122) 
2026-09-13 15:21:21,179 - INFO - Epoch [1150/2000] LR: 0.000040 | Train Loss: 0.001811 (Data: 0.00181, Mono: 0.00001) | Val MSE: 0.000182 (RMSE: 0.0135) 
2026-09-13 15:21:21,573 - INFO - Epoch [1160/2000] LR: 0.000040 | Train Loss: 0.001730 (Data: 0.00173, Mono: 0.00001) | Val MSE: 0.000180 (RMSE: 0.0134) 
2026-09-13 15:21:21,955 - INFO - Epoch [1170/2000] LR: 0.000039 | Train Loss: 0.001835 (Data: 0.00183, Mono: 0.00001) | Val MSE: 0.000166 (RMSE: 0.0129) 
2026-09-13 15:21:22,360 - INFO - Epoch [1180/2000] LR: 0.000038 | Train Loss: 0.001797 (Data: 0.00179, Mono: 0.00001) | Val MSE: 0.000174 (RMSE: 0.0132) 
2026-09-13 15:21:22,744 - INFO - Epoch [1190/2000] LR: 0.000037 | Train Loss: 0.001804 (Data: 0.00180, Mono: 0.00001) | Val MSE: 0.000165 (RMSE: 0.0128) 
2026-09-13 15:21:23,143 - INFO - Epoch [1200/2000] LR: 0.000036 | Train Loss: 0.001803 (Data: 0.00180, Mono: 0.00001) | Val MSE: 0.000168 (RMSE: 0.0130) 
2026-09-13 15:21:23,535 - INFO - Epoch [1210/2000] LR: 0.000036 | Train Loss: 0.001754 (Data: 0.00175, Mono: 0.00001) | Val MSE: 0.000149 (RMSE: 0.0122) 
2026-09-13 15:21:23,927 - INFO - Epoch [1220/2000] LR: 0.000035 | Train Loss: 0.001725 (Data: 0.00172, Mono: 0.00001) | Val MSE: 0.000167 (RMSE: 0.0129) 
2026-09-13 15:21:24,332 - INFO - Epoch [1230/2000] LR: 0.000034 | Train Loss: 0.001762 (Data: 0.00176, Mono: 0.00001) | Val MSE: 0.000159 (RMSE: 0.0126) 
2026-09-13 15:21:24,723 - INFO - Epoch [1240/2000] LR: 0.000034 | Train Loss: 0.001735 (Data: 0.00173, Mono: 0.00001) | Val MSE: 0.000171 (RMSE: 0.0131) 
2026-09-13 15:21:25,144 - INFO - Epoch [1250/2000] LR: 0.000033 | Train Loss: 0.001738 (Data: 0.00173, Mono: 0.00001) | Val MSE: 0.000160 (RMSE: 0.0126) 
2026-09-13 15:21:25,535 - INFO - Epoch [1260/2000] LR: 0.000032 | Train Loss: 0.001778 (Data: 0.00177, Mono: 0.00001) | Val MSE: 0.000182 (RMSE: 0.0135) 
2026-09-13 15:21:25,940 - INFO - Epoch [1270/2000] LR: 0.000031 | Train Loss: 0.001746 (Data: 0.00174, Mono: 0.00001) | Val MSE: 0.000190 (RMSE: 0.0138) 
2026-09-13 15:21:26,330 - INFO - Epoch [1280/2000] LR: 0.000031 | Train Loss: 0.001703 (Data: 0.00170, Mono: 0.00001) | Val MSE: 0.000199 (RMSE: 0.0141) 
2026-09-13 15:21:26,728 - INFO - Epoch [1290/2000] LR: 0.000030 | Train Loss: 0.001734 (Data: 0.00173, Mono: 0.00001) | Val MSE: 0.000186 (RMSE: 0.0136) 
2026-09-13 15:21:27,148 - INFO - Epoch [1300/2000] LR: 0.000029 | Train Loss: 0.001694 (Data: 0.00169, Mono: 0.00001) | Val MSE: 0.000193 (RMSE: 0.0139) 
2026-09-13 15:21:27,553 - INFO - Epoch [1310/2000] LR: 0.000028 | Train Loss: 0.001715 (Data: 0.00171, Mono: 0.00001) | Val MSE: 0.000175 (RMSE: 0.0132) 
2026-09-13 15:21:27,995 - INFO - Epoch [1320/2000] LR: 0.000028 | Train Loss: 0.001703 (Data: 0.00170, Mono: 0.00001) | Val MSE: 0.000179 (RMSE: 0.0134) 
2026-09-13 15:21:28,404 - INFO - Epoch [1330/2000] LR: 0.000027 | Train Loss: 0.001701 (Data: 0.00170, Mono: 0.00001) | Val MSE: 0.000174 (RMSE: 0.0132) 
2026-09-13 15:21:28,821 - INFO - Epoch [1340/2000] LR: 0.000026 | Train Loss: 0.001711 (Data: 0.00171, Mono: 0.00001) | Val MSE: 0.000167 (RMSE: 0.0129) 
2026-09-13 15:21:29,216 - INFO - Epoch [1350/2000] LR: 0.000026 | Train Loss: 0.001659 (Data: 0.00165, Mono: 0.00001) | Val MSE: 0.000175 (RMSE: 0.0132) 
2026-09-13 15:21:29,618 - INFO - Epoch [1360/2000] LR: 0.000025 | Train Loss: 0.001634 (Data: 0.00163, Mono: 0.00001) | Val MSE: 0.000171 (RMSE: 0.0131) 
2026-09-13 15:21:30,027 - INFO - Epoch [1370/2000] LR: 0.000024 | Train Loss: 0.001639 (Data: 0.00163, Mono: 0.00001) | Val MSE: 0.000196 (RMSE: 0.0140) 
2026-09-13 15:21:30,434 - INFO - Epoch [1380/2000] LR: 0.000024 | Train Loss: 0.001692 (Data: 0.00169, Mono: 0.00001) | Val MSE: 0.000192 (RMSE: 0.0139) 
2026-09-13 15:21:30,854 - INFO - Epoch [1390/2000] LR: 0.000023 | Train Loss: 0.001678 (Data: 0.00167, Mono: 0.00001) | Val MSE: 0.000152 (RMSE: 0.0123) 
2026-09-13 15:21:31,273 - INFO - Epoch [1400/2000] LR: 0.000022 | Train Loss: 0.001681 (Data: 0.00168, Mono: 0.00001) | Val MSE: 0.000168 (RMSE: 0.0130) 
2026-09-13 15:21:31,708 - INFO - Epoch [1410/2000] LR: 0.000022 | Train Loss: 0.001673 (Data: 0.00167, Mono: 0.00001) | Val MSE: 0.000178 (RMSE: 0.0134) 
2026-09-13 15:21:32,158 - INFO - Epoch [1420/2000] LR: 0.000021 | Train Loss: 0.001661 (Data: 0.00166, Mono: 0.00001) | Val MSE: 0.000161 (RMSE: 0.0127) 
2026-09-13 15:21:32,621 - INFO - Epoch [1430/2000] LR: 0.000021 | Train Loss: 0.001647 (Data: 0.00164, Mono: 0.00001) | Val MSE: 0.000168 (RMSE: 0.0130) 
2026-09-13 15:21:33,063 - INFO - Epoch [1440/2000] LR: 0.000020 | Train Loss: 0.001621 (Data: 0.00162, Mono: 0.00001) | Val MSE: 0.000181 (RMSE: 0.0134) 
2026-09-13 15:21:33,519 - INFO - Epoch [1450/2000] LR: 0.000019 | Train Loss: 0.001692 (Data: 0.00169, Mono: 0.00001) | Val MSE: 0.000168 (RMSE: 0.0130) 
2026-09-13 15:21:33,961 - INFO - Epoch [1460/2000] LR: 0.000019 | Train Loss: 0.001689 (Data: 0.00169, Mono: 0.00001) | Val MSE: 0.000170 (RMSE: 0.0130) 
2026-09-13 15:21:34,387 - INFO - Epoch [1470/2000] LR: 0.000018 | Train Loss: 0.001641 (Data: 0.00164, Mono: 0.00001) | Val MSE: 0.000183 (RMSE: 0.0135) 
2026-09-13 15:21:34,829 - INFO - Epoch [1480/2000] LR: 0.000018 | Train Loss: 0.001627 (Data: 0.00162, Mono: 0.00001) | Val MSE: 0.000183 (RMSE: 0.0135) 
2026-09-13 15:21:35,263 - INFO - Epoch [1490/2000] LR: 0.000017 | Train Loss: 0.001684 (Data: 0.00168, Mono: 0.00001) | Val MSE: 0.000176 (RMSE: 0.0133) 
2026-09-13 15:21:35,716 - INFO - Epoch [1500/2000] LR: 0.000016 | Train Loss: 0.001655 (Data: 0.00165, Mono: 0.00001) | Val MSE: 0.000155 (RMSE: 0.0124) 
2026-09-13 15:21:36,161 - INFO - Epoch [1510/2000] LR: 0.000016 | Train Loss: 0.001648 (Data: 0.00164, Mono: 0.00001) | Val MSE: 0.000178 (RMSE: 0.0133) 
2026-09-13 15:21:36,580 - INFO - Epoch [1520/2000] LR: 0.000015 | Train Loss: 0.001663 (Data: 0.00166, Mono: 0.00001) | Val MSE: 0.000185 (RMSE: 0.0136) 
2026-09-13 15:21:37,018 - INFO - Epoch [1530/2000] LR: 0.000015 | Train Loss: 0.001659 (Data: 0.00165, Mono: 0.00001) | Val MSE: 0.000185 (RMSE: 0.0136) 
2026-09-13 15:21:37,478 - INFO - Epoch [1540/2000] LR: 0.000014 | Train Loss: 0.001652 (Data: 0.00165, Mono: 0.00001) | Val MSE: 0.000187 (RMSE: 0.0137) 
2026-09-13 15:21:37,942 - INFO - Epoch [1550/2000] LR: 0.000014 | Train Loss: 0.001611 (Data: 0.00161, Mono: 0.00001) | Val MSE: 0.000172 (RMSE: 0.0131) 
2026-09-13 15:21:38,385 - INFO - Epoch [1560/2000] LR: 0.000013 | Train Loss: 0.001614 (Data: 0.00161, Mono: 0.00001) | Val MSE: 0.000183 (RMSE: 0.0135) 
2026-09-13 15:21:38,834 - INFO - Epoch [1570/2000] LR: 0.000013 | Train Loss: 0.001707 (Data: 0.00170, Mono: 0.00001) | Val MSE: 0.000183 (RMSE: 0.0135) 
2026-09-13 15:21:39,247 - INFO - Epoch [1580/2000] LR: 0.000012 | Train Loss: 0.001568 (Data: 0.00156, Mono: 0.00001) | Val MSE: 0.000172 (RMSE: 0.0131) 
2026-09-13 15:21:39,677 - INFO - Epoch [1590/2000] LR: 0.000012 | Train Loss: 0.001552 (Data: 0.00155, Mono: 0.00001) | Val MSE: 0.000170 (RMSE: 0.0130) 
2026-09-13 15:21:40,074 - INFO - Epoch [1600/2000] LR: 0.000011 | Train Loss: 0.001678 (Data: 0.00167, Mono: 0.00001) | Val MSE: 0.000179 (RMSE: 0.0134) 
2026-09-13 15:21:40,488 - INFO - Epoch [1610/2000] LR: 0.000011 | Train Loss: 0.001551 (Data: 0.00155, Mono: 0.00001) | Val MSE: 0.000170 (RMSE: 0.0130) 
2026-09-13 15:21:40,931 - INFO - Epoch [1620/2000] LR: 0.000010 | Train Loss: 0.001604 (Data: 0.00160, Mono: 0.00001) | Val MSE: 0.000173 (RMSE: 0.0131) 
2026-09-13 15:21:41,385 - INFO - Epoch [1630/2000] LR: 0.000010 | Train Loss: 0.001549 (Data: 0.00154, Mono: 0.00001) | Val MSE: 0.000174 (RMSE: 0.0132) 
2026-09-13 15:21:41,847 - INFO - Epoch [1640/2000] LR: 0.000009 | Train Loss: 0.001600 (Data: 0.00160, Mono: 0.00001) | Val MSE: 0.000174 (RMSE: 0.0132) 
2026-09-13 15:21:42,298 - INFO - Epoch [1650/2000] LR: 0.000009 | Train Loss: 0.001540 (Data: 0.00154, Mono: 0.00001) | Val MSE: 0.000176 (RMSE: 0.0133) 
2026-09-13 15:21:42,770 - INFO - Epoch [1660/2000] LR: 0.000009 | Train Loss: 0.001570 (Data: 0.00157, Mono: 0.00001) | Val MSE: 0.000185 (RMSE: 0.0136) 
2026-09-13 15:21:43,236 - INFO - Epoch [1670/2000] LR: 0.000008 | Train Loss: 0.001642 (Data: 0.00164, Mono: 0.00001) | Val MSE: 0.000177 (RMSE: 0.0133) 
2026-09-13 15:21:43,747 - INFO - Epoch [1680/2000] LR: 0.000008 | Train Loss: 0.001634 (Data: 0.00163, Mono: 0.00001) | Val MSE: 0.000177 (RMSE: 0.0133) 
2026-09-13 15:21:44,200 - INFO - Epoch [1690/2000] LR: 0.000007 | Train Loss: 0.001604 (Data: 0.00160, Mono: 0.00001) | Val MSE: 0.000177 (RMSE: 0.0133) 
2026-09-13 15:21:44,665 - INFO - Epoch [1700/2000] LR: 0.000007 | Train Loss: 0.001574 (Data: 0.00157, Mono: 0.00001) | Val MSE: 0.000182 (RMSE: 0.0135) 
2026-09-13 15:21:45,114 - INFO - Epoch [1710/2000] LR: 0.000007 | Train Loss: 0.001569 (Data: 0.00157, Mono: 0.00001) | Val MSE: 0.000174 (RMSE: 0.0132) 
2026-09-13 15:21:45,567 - INFO - Epoch [1720/2000] LR: 0.000006 | Train Loss: 0.001580 (Data: 0.00158, Mono: 0.00001) | Val MSE: 0.000186 (RMSE: 0.0136) 
2026-09-13 15:21:46,022 - INFO - Epoch [1730/2000] LR: 0.000006 | Train Loss: 0.001635 (Data: 0.00163, Mono: 0.00001) | Val MSE: 0.000180 (RMSE: 0.0134) 
2026-09-13 15:21:46,476 - INFO - Epoch [1740/2000] LR: 0.000006 | Train Loss: 0.001574 (Data: 0.00157, Mono: 0.00001) | Val MSE: 0.000174 (RMSE: 0.0132) 
2026-09-13 15:21:46,963 - INFO - Epoch [1750/2000] LR: 0.000005 | Train Loss: 0.001574 (Data: 0.00157, Mono: 0.00001) | Val MSE: 0.000172 (RMSE: 0.0131) 
2026-09-13 15:21:47,445 - INFO - Epoch [1760/2000] LR: 0.000005 | Train Loss: 0.001588 (Data: 0.00158, Mono: 0.00001) | Val MSE: 0.000177 (RMSE: 0.0133) 
2026-09-13 15:21:47,944 - INFO - Epoch [1770/2000] LR: 0.000005 | Train Loss: 0.001593 (Data: 0.00159, Mono: 0.00001) | Val MSE: 0.000172 (RMSE: 0.0131) 
2026-09-13 15:21:48,412 - INFO - Epoch [1780/2000] LR: 0.000005 | Train Loss: 0.001590 (Data: 0.00159, Mono: 0.00001) | Val MSE: 0.000180 (RMSE: 0.0134) 
2026-09-13 15:21:48,848 - INFO - Epoch [1790/2000] LR: 0.000004 | Train Loss: 0.001652 (Data: 0.00165, Mono: 0.00001) | Val MSE: 0.000173 (RMSE: 0.0131) 
2026-09-13 15:21:49,299 - INFO - Epoch [1800/2000] LR: 0.000004 | Train Loss: 0.001599 (Data: 0.00159, Mono: 0.00001) | Val MSE: 0.000175 (RMSE: 0.0132) 
2026-09-13 15:21:49,742 - INFO - Epoch [1810/2000] LR: 0.000004 | Train Loss: 0.001574 (Data: 0.00157, Mono: 0.00001) | Val MSE: 0.000172 (RMSE: 0.0131) 
2026-09-13 15:21:50,190 - INFO - Epoch [1820/2000] LR: 0.000004 | Train Loss: 0.001577 (Data: 0.00157, Mono: 0.00001) | Val MSE: 0.000173 (RMSE: 0.0132) 
2026-09-13 15:21:50,633 - INFO - Epoch [1830/2000] LR: 0.000003 | Train Loss: 0.001555 (Data: 0.00155, Mono: 0.00001) | Val MSE: 0.000173 (RMSE: 0.0131) 
2026-09-13 15:21:51,099 - INFO - Epoch [1840/2000] LR: 0.000003 | Train Loss: 0.001621 (Data: 0.00162, Mono: 0.00001) | Val MSE: 0.000174 (RMSE: 0.0132) 
2026-09-13 15:21:51,547 - INFO - Epoch [1850/2000] LR: 0.000003 | Train Loss: 0.001537 (Data: 0.00153, Mono: 0.00001) | Val MSE: 0.000180 (RMSE: 0.0134) 
2026-09-13 15:21:51,977 - INFO - Epoch [1860/2000] LR: 0.000003 | Train Loss: 0.001537 (Data: 0.00153, Mono: 0.00001) | Val MSE: 0.000174 (RMSE: 0.0132) 
2026-09-13 15:21:52,422 - INFO - Epoch [1870/2000] LR: 0.000003 | Train Loss: 0.001561 (Data: 0.00156, Mono: 0.00001) | Val MSE: 0.000176 (RMSE: 0.0133) 
2026-09-13 15:21:52,860 - INFO - Epoch [1880/2000] LR: 0.000002 | Train Loss: 0.001550 (Data: 0.00155, Mono: 0.00001) | Val MSE: 0.000176 (RMSE: 0.0133) 
2026-09-13 15:21:53,303 - INFO - Epoch [1890/2000] LR: 0.000002 | Train Loss: 0.001574 (Data: 0.00157, Mono: 0.00001) | Val MSE: 0.000177 (RMSE: 0.0133) 
2026-09-13 15:21:53,735 - INFO - Epoch [1900/2000] LR: 0.000002 | Train Loss: 0.001625 (Data: 0.00162, Mono: 0.00001) | Val MSE: 0.000174 (RMSE: 0.0132) 
2026-09-13 15:21:54,157 - INFO - Epoch [1910/2000] LR: 0.000002 | Train Loss: 0.001527 (Data: 0.00152, Mono: 0.00001) | Val MSE: 0.000177 (RMSE: 0.0133) 
2026-09-13 15:21:54,563 - INFO - Epoch [1920/2000] LR: 0.000002 | Train Loss: 0.001542 (Data: 0.00154, Mono: 0.00001) | Val MSE: 0.000176 (RMSE: 0.0133) 
2026-09-13 15:21:54,971 - INFO - Epoch [1930/2000] LR: 0.000002 | Train Loss: 0.001540 (Data: 0.00154, Mono: 0.00001) | Val MSE: 0.000172 (RMSE: 0.0131) 
2026-09-13 15:21:55,374 - INFO - Epoch [1940/2000] LR: 0.000002 | Train Loss: 0.001551 (Data: 0.00155, Mono: 0.00001) | Val MSE: 0.000175 (RMSE: 0.0132) 
2026-09-13 15:21:55,806 - INFO - Epoch [1950/2000] LR: 0.000002 | Train Loss: 0.001546 (Data: 0.00154, Mono: 0.00001) | Val MSE: 0.000175 (RMSE: 0.0132) 
2026-09-13 15:21:56,242 - INFO - Epoch [1960/2000] LR: 0.000002 | Train Loss: 0.001590 (Data: 0.00159, Mono: 0.00001) | Val MSE: 0.000174 (RMSE: 0.0132) 
2026-09-13 15:21:56,647 - INFO - Epoch [1970/2000] LR: 0.000002 | Train Loss: 0.001553 (Data: 0.00155, Mono: 0.00001) | Val MSE: 0.000175 (RMSE: 0.0132) 
2026-09-13 15:21:57,047 - INFO - Epoch [1980/2000] LR: 0.000002 | Train Loss: 0.001555 (Data: 0.00155, Mono: 0.00001) | Val MSE: 0.000173 (RMSE: 0.0132) 
2026-09-13 15:21:57,426 - INFO - Epoch [1990/2000] LR: 0.000002 | Train Loss: 0.001563 (Data: 0.00156, Mono: 0.00001) | Val MSE: 0.000181 (RMSE: 0.0135) 
2026-09-13 15:21:57,803 - INFO - Epoch [2000/2000] LR: 0.000002 | Train Loss: 0.001612 (Data: 0.00161, Mono: 0.00001) | Val MSE: 0.000176 (RMSE: 0.0133) 
2026-09-13 15:21:57,803 - INFO - Training completed in 85.08s. Loading best checkpoint from epoch 22 for final test evaluation...
2026-09-13 15:21:57,831 - INFO - ==================================================
2026-09-13 15:21:57,831 - INFO - Test Results for [XJTU] - [R3] (Best Epoch 22):
2026-09-13 15:21:57,831 - INFO -   Test RMSE: 0.008849
2026-09-13 15:21:57,831 - INFO -   Test MAE:  0.006676
2026-09-13 15:21:57,831 - INFO -   Test MAPE: 0.716628
2026-09-13 15:21:57,831 - INFO -   Test MSE:  0.000078
2026-09-13 15:21:57,831 - INFO - ==================================================
2026-09-13 15:31:23,500 - INFO - ==================================================
2026-09-13 15:31:23,500 - INFO - Starting FusionMLP Training for [XJTU] - [R3]
2026-09-13 15:31:23,500 - INFO - Device: cuda | Epochs: 2000 | LR: 0.000100 | Mono Weight: 0.4000 | Knee Feature: True
2026-09-13 15:31:23,500 - INFO - ==================================================
2026-09-13 15:31:23,581 - INFO - Data Splits: Train=5, Val=1, Test=2
2026-09-13 15:31:23,646 - INFO - Epoch [   1/2000] LR: 0.006063 | Train Loss: 0.097862 (Data: 0.09784, Mono: 0.00005) | Val MSE: 0.100673 (RMSE: 0.3173) [BEST]
2026-09-13 15:31:23,700 - INFO - Epoch [   2/2000] LR: 0.005857 | Train Loss: 0.089734 (Data: 0.08972, Mono: 0.00004) | Val MSE: 0.023626 (RMSE: 0.1537) [BEST]
2026-09-13 15:31:23,753 - INFO - Epoch [   3/2000] LR: 0.005651 | Train Loss: 0.048637 (Data: 0.04862, Mono: 0.00004) | Val MSE: 0.001443 (RMSE: 0.0380) [BEST]
2026-09-13 15:31:23,851 - INFO - Epoch [   5/2000] LR: 0.005240 | Train Loss: 0.024201 (Data: 0.02419, Mono: 0.00003) | Val MSE: 0.000956 (RMSE: 0.0309) [BEST]
2026-09-13 15:31:24,027 - INFO - Epoch [   9/2000] LR: 0.004418 | Train Loss: 0.013746 (Data: 0.01373, Mono: 0.00003) | Val MSE: 0.000458 (RMSE: 0.0214) [BEST]
2026-09-13 15:31:24,076 - INFO - Epoch [  10/2000] LR: 0.004212 | Train Loss: 0.012725 (Data: 0.01271, Mono: 0.00003) | Val MSE: 0.000903 (RMSE: 0.0300) 
2026-09-13 15:31:24,128 - INFO - Epoch [  11/2000] LR: 0.004007 | Train Loss: 0.011128 (Data: 0.01112, Mono: 0.00003) | Val MSE: 0.000175 (RMSE: 0.0132) [BEST]
2026-09-13 15:31:24,564 - INFO - Epoch [  20/2000] LR: 0.002156 | Train Loss: 0.008642 (Data: 0.00863, Mono: 0.00002) | Val MSE: 0.000276 (RMSE: 0.0166) 
2026-09-13 15:31:25,020 - INFO - Epoch [  30/2000] LR: 0.000100 | Train Loss: 0.007384 (Data: 0.00738, Mono: 0.00002) | Val MSE: 0.000254 (RMSE: 0.0159) 
2026-09-13 15:31:25,466 - INFO - Epoch [  40/2000] LR: 0.000100 | Train Loss: 0.007050 (Data: 0.00704, Mono: 0.00002) | Val MSE: 0.000251 (RMSE: 0.0158) 
2026-09-13 15:31:25,920 - INFO - Epoch [  50/2000] LR: 0.000100 | Train Loss: 0.007208 (Data: 0.00720, Mono: 0.00002) | Val MSE: 0.000255 (RMSE: 0.0160) 
2026-09-13 15:31:26,374 - INFO - Epoch [  60/2000] LR: 0.000100 | Train Loss: 0.007108 (Data: 0.00710, Mono: 0.00002) | Val MSE: 0.000255 (RMSE: 0.0160) 
2026-09-13 15:31:26,820 - INFO - Epoch [  70/2000] LR: 0.000100 | Train Loss: 0.006742 (Data: 0.00673, Mono: 0.00002) | Val MSE: 0.000231 (RMSE: 0.0152) 
2026-09-13 15:31:27,220 - INFO - Epoch [  80/2000] LR: 0.000100 | Train Loss: 0.006762 (Data: 0.00675, Mono: 0.00002) | Val MSE: 0.000218 (RMSE: 0.0148) 
2026-09-13 15:31:27,615 - INFO - Epoch [  90/2000] LR: 0.000100 | Train Loss: 0.006721 (Data: 0.00671, Mono: 0.00002) | Val MSE: 0.000245 (RMSE: 0.0157) 
2026-09-13 15:31:28,004 - INFO - Epoch [ 100/2000] LR: 0.000100 | Train Loss: 0.006762 (Data: 0.00675, Mono: 0.00002) | Val MSE: 0.000216 (RMSE: 0.0147) 
2026-09-13 15:31:28,393 - INFO - Epoch [ 110/2000] LR: 0.000100 | Train Loss: 0.006561 (Data: 0.00655, Mono: 0.00002) | Val MSE: 0.000242 (RMSE: 0.0156) 
2026-09-13 15:31:28,780 - INFO - Epoch [ 120/2000] LR: 0.000099 | Train Loss: 0.006386 (Data: 0.00638, Mono: 0.00002) | Val MSE: 0.000273 (RMSE: 0.0165) 
2026-09-13 15:31:29,168 - INFO - Epoch [ 130/2000] LR: 0.000099 | Train Loss: 0.006576 (Data: 0.00657, Mono: 0.00002) | Val MSE: 0.000260 (RMSE: 0.0161) 
2026-09-13 15:31:29,548 - INFO - Epoch [ 140/2000] LR: 0.000099 | Train Loss: 0.006181 (Data: 0.00617, Mono: 0.00002) | Val MSE: 0.000242 (RMSE: 0.0155) 
2026-09-13 15:31:29,952 - INFO - Epoch [ 150/2000] LR: 0.000099 | Train Loss: 0.006128 (Data: 0.00612, Mono: 0.00002) | Val MSE: 0.000216 (RMSE: 0.0147) 
2026-09-13 15:31:30,381 - INFO - Epoch [ 160/2000] LR: 0.000099 | Train Loss: 0.005997 (Data: 0.00599, Mono: 0.00002) | Val MSE: 0.000244 (RMSE: 0.0156) 
2026-09-13 15:31:30,773 - INFO - Epoch [ 170/2000] LR: 0.000099 | Train Loss: 0.005874 (Data: 0.00587, Mono: 0.00002) | Val MSE: 0.000203 (RMSE: 0.0143) 
2026-09-13 15:31:31,156 - INFO - Epoch [ 180/2000] LR: 0.000099 | Train Loss: 0.005755 (Data: 0.00575, Mono: 0.00002) | Val MSE: 0.000259 (RMSE: 0.0161) 
2026-09-13 15:31:31,537 - INFO - Epoch [ 190/2000] LR: 0.000098 | Train Loss: 0.005639 (Data: 0.00563, Mono: 0.00002) | Val MSE: 0.000235 (RMSE: 0.0153) 
2026-09-13 15:31:31,853 - INFO - Epoch [ 198/2000] LR: 0.000098 | Train Loss: 0.005609 (Data: 0.00560, Mono: 0.00002) | Val MSE: 0.000169 (RMSE: 0.0130) [BEST]
2026-09-13 15:31:31,931 - INFO - Epoch [ 200/2000] LR: 0.000098 | Train Loss: 0.005462 (Data: 0.00545, Mono: 0.00002) | Val MSE: 0.000221 (RMSE: 0.0149) 
2026-09-13 15:31:32,321 - INFO - Epoch [ 210/2000] LR: 0.000098 | Train Loss: 0.005629 (Data: 0.00562, Mono: 0.00002) | Val MSE: 0.000208 (RMSE: 0.0144) 
2026-09-13 15:31:32,732 - INFO - Epoch [ 220/2000] LR: 0.000098 | Train Loss: 0.005577 (Data: 0.00557, Mono: 0.00002) | Val MSE: 0.000233 (RMSE: 0.0153) 
2026-09-13 15:31:33,138 - INFO - Epoch [ 230/2000] LR: 0.000098 | Train Loss: 0.005307 (Data: 0.00530, Mono: 0.00002) | Val MSE: 0.000205 (RMSE: 0.0143) 
2026-09-13 15:31:33,544 - INFO - Epoch [ 240/2000] LR: 0.000097 | Train Loss: 0.005153 (Data: 0.00515, Mono: 0.00002) | Val MSE: 0.000265 (RMSE: 0.0163) 
2026-09-13 15:31:33,934 - INFO - Epoch [ 250/2000] LR: 0.000097 | Train Loss: 0.005330 (Data: 0.00532, Mono: 0.00002) | Val MSE: 0.000196 (RMSE: 0.0140) 
2026-09-13 15:31:34,204 - INFO - Epoch [ 257/2000] LR: 0.000097 | Train Loss: 0.004957 (Data: 0.00495, Mono: 0.00002) | Val MSE: 0.000164 (RMSE: 0.0128) [BEST]
2026-09-13 15:31:34,321 - INFO - Epoch [ 260/2000] LR: 0.000097 | Train Loss: 0.004883 (Data: 0.00488, Mono: 0.00002) | Val MSE: 0.000262 (RMSE: 0.0162) 
2026-09-13 15:31:34,699 - INFO - Epoch [ 270/2000] LR: 0.000096 | Train Loss: 0.005061 (Data: 0.00505, Mono: 0.00002) | Val MSE: 0.000232 (RMSE: 0.0152) 
2026-09-13 15:31:35,088 - INFO - Epoch [ 280/2000] LR: 0.000096 | Train Loss: 0.004777 (Data: 0.00477, Mono: 0.00002) | Val MSE: 0.000240 (RMSE: 0.0155) 
2026-09-13 15:31:35,473 - INFO - Epoch [ 290/2000] LR: 0.000096 | Train Loss: 0.004824 (Data: 0.00482, Mono: 0.00002) | Val MSE: 0.000206 (RMSE: 0.0144) 
2026-09-13 15:31:35,860 - INFO - Epoch [ 300/2000] LR: 0.000096 | Train Loss: 0.004576 (Data: 0.00457, Mono: 0.00002) | Val MSE: 0.000190 (RMSE: 0.0138) 
2026-09-13 15:31:36,253 - INFO - Epoch [ 310/2000] LR: 0.000095 | Train Loss: 0.004690 (Data: 0.00468, Mono: 0.00002) | Val MSE: 0.000197 (RMSE: 0.0140) 
2026-09-13 15:31:36,650 - INFO - Epoch [ 320/2000] LR: 0.000095 | Train Loss: 0.004615 (Data: 0.00461, Mono: 0.00002) | Val MSE: 0.000190 (RMSE: 0.0138) 
2026-09-13 15:31:37,054 - INFO - Epoch [ 330/2000] LR: 0.000094 | Train Loss: 0.004409 (Data: 0.00440, Mono: 0.00002) | Val MSE: 0.000286 (RMSE: 0.0169) 
2026-09-13 15:31:37,137 - INFO - Epoch [ 332/2000] LR: 0.000094 | Train Loss: 0.004452 (Data: 0.00445, Mono: 0.00002) | Val MSE: 0.000149 (RMSE: 0.0122) [BEST]
2026-09-13 15:31:37,178 - INFO - Epoch [ 333/2000] LR: 0.000094 | Train Loss: 0.004400 (Data: 0.00439, Mono: 0.00002) | Val MSE: 0.000141 (RMSE: 0.0119) [BEST]
2026-09-13 15:31:37,456 - INFO - Epoch [ 340/2000] LR: 0.000094 | Train Loss: 0.004464 (Data: 0.00446, Mono: 0.00002) | Val MSE: 0.000235 (RMSE: 0.0153) 
2026-09-13 15:31:37,852 - INFO - Epoch [ 350/2000] LR: 0.000094 | Train Loss: 0.004388 (Data: 0.00438, Mono: 0.00002) | Val MSE: 0.000248 (RMSE: 0.0157) 
2026-09-13 15:31:38,281 - INFO - Epoch [ 360/2000] LR: 0.000093 | Train Loss: 0.004381 (Data: 0.00437, Mono: 0.00002) | Val MSE: 0.000256 (RMSE: 0.0160) 
2026-09-13 15:31:38,703 - INFO - Epoch [ 370/2000] LR: 0.000093 | Train Loss: 0.004462 (Data: 0.00445, Mono: 0.00002) | Val MSE: 0.000218 (RMSE: 0.0148) 
2026-09-13 15:31:39,102 - INFO - Epoch [ 380/2000] LR: 0.000093 | Train Loss: 0.004193 (Data: 0.00419, Mono: 0.00002) | Val MSE: 0.000192 (RMSE: 0.0139) 
2026-09-13 15:31:39,491 - INFO - Epoch [ 390/2000] LR: 0.000092 | Train Loss: 0.004217 (Data: 0.00421, Mono: 0.00002) | Val MSE: 0.000186 (RMSE: 0.0137) 
2026-09-13 15:31:39,892 - INFO - Epoch [ 400/2000] LR: 0.000092 | Train Loss: 0.004163 (Data: 0.00416, Mono: 0.00002) | Val MSE: 0.000206 (RMSE: 0.0144) 
2026-09-13 15:31:40,275 - INFO - Epoch [ 410/2000] LR: 0.000091 | Train Loss: 0.004082 (Data: 0.00408, Mono: 0.00002) | Val MSE: 0.000211 (RMSE: 0.0145) 
2026-09-13 15:31:40,677 - INFO - Epoch [ 420/2000] LR: 0.000091 | Train Loss: 0.004177 (Data: 0.00417, Mono: 0.00002) | Val MSE: 0.000224 (RMSE: 0.0150) 
2026-09-13 15:31:41,071 - INFO - Epoch [ 430/2000] LR: 0.000090 | Train Loss: 0.003899 (Data: 0.00389, Mono: 0.00002) | Val MSE: 0.000157 (RMSE: 0.0125) 
2026-09-13 15:31:41,477 - INFO - Epoch [ 440/2000] LR: 0.000090 | Train Loss: 0.003872 (Data: 0.00387, Mono: 0.00002) | Val MSE: 0.000190 (RMSE: 0.0138) 
2026-09-13 15:31:41,867 - INFO - Epoch [ 450/2000] LR: 0.000089 | Train Loss: 0.003800 (Data: 0.00379, Mono: 0.00002) | Val MSE: 0.000217 (RMSE: 0.0147) 
2026-09-13 15:31:42,259 - INFO - Epoch [ 460/2000] LR: 0.000089 | Train Loss: 0.003767 (Data: 0.00376, Mono: 0.00002) | Val MSE: 0.000217 (RMSE: 0.0147) 
2026-09-13 15:31:42,657 - INFO - Epoch [ 470/2000] LR: 0.000088 | Train Loss: 0.003661 (Data: 0.00365, Mono: 0.00002) | Val MSE: 0.000179 (RMSE: 0.0134) 
2026-09-13 15:31:43,045 - INFO - Epoch [ 480/2000] LR: 0.000088 | Train Loss: 0.003730 (Data: 0.00372, Mono: 0.00002) | Val MSE: 0.000212 (RMSE: 0.0145) 
2026-09-13 15:31:43,462 - INFO - Epoch [ 490/2000] LR: 0.000087 | Train Loss: 0.003640 (Data: 0.00364, Mono: 0.00001) | Val MSE: 0.000250 (RMSE: 0.0158) 
2026-09-13 15:31:43,876 - INFO - Epoch [ 500/2000] LR: 0.000087 | Train Loss: 0.003663 (Data: 0.00366, Mono: 0.00002) | Val MSE: 0.000193 (RMSE: 0.0139) 
2026-09-13 15:31:44,269 - INFO - Epoch [ 510/2000] LR: 0.000086 | Train Loss: 0.003509 (Data: 0.00350, Mono: 0.00002) | Val MSE: 0.000229 (RMSE: 0.0151) 
2026-09-13 15:31:44,655 - INFO - Epoch [ 520/2000] LR: 0.000086 | Train Loss: 0.003417 (Data: 0.00341, Mono: 0.00001) | Val MSE: 0.000179 (RMSE: 0.0134) 
2026-09-13 15:31:45,047 - INFO - Epoch [ 530/2000] LR: 0.000085 | Train Loss: 0.003356 (Data: 0.00335, Mono: 0.00001) | Val MSE: 0.000192 (RMSE: 0.0139) 
2026-09-13 15:31:45,454 - INFO - Epoch [ 540/2000] LR: 0.000085 | Train Loss: 0.003436 (Data: 0.00343, Mono: 0.00002) | Val MSE: 0.000233 (RMSE: 0.0153) 
2026-09-13 15:31:45,847 - INFO - Epoch [ 550/2000] LR: 0.000084 | Train Loss: 0.003411 (Data: 0.00341, Mono: 0.00001) | Val MSE: 0.000240 (RMSE: 0.0155) 
2026-09-13 15:31:46,249 - INFO - Epoch [ 560/2000] LR: 0.000083 | Train Loss: 0.003378 (Data: 0.00337, Mono: 0.00001) | Val MSE: 0.000194 (RMSE: 0.0139) 
2026-09-13 15:31:46,646 - INFO - Epoch [ 570/2000] LR: 0.000083 | Train Loss: 0.003350 (Data: 0.00334, Mono: 0.00001) | Val MSE: 0.000191 (RMSE: 0.0138) 
2026-09-13 15:31:47,081 - INFO - Epoch [ 580/2000] LR: 0.000082 | Train Loss: 0.003352 (Data: 0.00335, Mono: 0.00001) | Val MSE: 0.000229 (RMSE: 0.0151) 
2026-09-13 15:31:47,479 - INFO - Epoch [ 590/2000] LR: 0.000082 | Train Loss: 0.003184 (Data: 0.00318, Mono: 0.00001) | Val MSE: 0.000224 (RMSE: 0.0150) 
2026-09-13 15:31:47,871 - INFO - Epoch [ 600/2000] LR: 0.000081 | Train Loss: 0.003332 (Data: 0.00333, Mono: 0.00001) | Val MSE: 0.000242 (RMSE: 0.0156) 
2026-09-13 15:31:48,264 - INFO - Epoch [ 610/2000] LR: 0.000080 | Train Loss: 0.003284 (Data: 0.00328, Mono: 0.00001) | Val MSE: 0.000193 (RMSE: 0.0139) 
2026-09-13 15:31:48,665 - INFO - Epoch [ 620/2000] LR: 0.000080 | Train Loss: 0.003144 (Data: 0.00314, Mono: 0.00001) | Val MSE: 0.000225 (RMSE: 0.0150) 
2026-09-13 15:31:49,053 - INFO - Epoch [ 630/2000] LR: 0.000079 | Train Loss: 0.003126 (Data: 0.00312, Mono: 0.00001) | Val MSE: 0.000200 (RMSE: 0.0142) 
2026-09-13 15:31:49,443 - INFO - Epoch [ 640/2000] LR: 0.000078 | Train Loss: 0.003038 (Data: 0.00303, Mono: 0.00001) | Val MSE: 0.000195 (RMSE: 0.0140) 
2026-09-13 15:31:49,844 - INFO - Epoch [ 650/2000] LR: 0.000078 | Train Loss: 0.003021 (Data: 0.00302, Mono: 0.00001) | Val MSE: 0.000225 (RMSE: 0.0150) 
2026-09-13 15:31:50,237 - INFO - Epoch [ 660/2000] LR: 0.000077 | Train Loss: 0.003071 (Data: 0.00307, Mono: 0.00001) | Val MSE: 0.000202 (RMSE: 0.0142) 
2026-09-13 15:31:50,625 - INFO - Epoch [ 670/2000] LR: 0.000077 | Train Loss: 0.002967 (Data: 0.00296, Mono: 0.00001) | Val MSE: 0.000211 (RMSE: 0.0145) 
2026-09-13 15:31:51,036 - INFO - Epoch [ 680/2000] LR: 0.000076 | Train Loss: 0.003028 (Data: 0.00302, Mono: 0.00001) | Val MSE: 0.000196 (RMSE: 0.0140) 
2026-09-13 15:31:51,438 - INFO - Epoch [ 690/2000] LR: 0.000075 | Train Loss: 0.003047 (Data: 0.00304, Mono: 0.00001) | Val MSE: 0.000227 (RMSE: 0.0151) 
2026-09-13 15:31:51,837 - INFO - Epoch [ 700/2000] LR: 0.000074 | Train Loss: 0.002913 (Data: 0.00291, Mono: 0.00001) | Val MSE: 0.000211 (RMSE: 0.0145) 
2026-09-13 15:31:52,230 - INFO - Epoch [ 710/2000] LR: 0.000074 | Train Loss: 0.002964 (Data: 0.00296, Mono: 0.00001) | Val MSE: 0.000247 (RMSE: 0.0157) 
2026-09-13 15:31:52,615 - INFO - Epoch [ 720/2000] LR: 0.000073 | Train Loss: 0.002896 (Data: 0.00289, Mono: 0.00001) | Val MSE: 0.000201 (RMSE: 0.0142) 
2026-09-13 15:31:53,014 - INFO - Epoch [ 730/2000] LR: 0.000072 | Train Loss: 0.002867 (Data: 0.00286, Mono: 0.00001) | Val MSE: 0.000196 (RMSE: 0.0140) 
2026-09-13 15:31:53,400 - INFO - Epoch [ 740/2000] LR: 0.000072 | Train Loss: 0.002948 (Data: 0.00294, Mono: 0.00001) | Val MSE: 0.000256 (RMSE: 0.0160) 
2026-09-13 15:31:53,797 - INFO - Epoch [ 750/2000] LR: 0.000071 | Train Loss: 0.002888 (Data: 0.00288, Mono: 0.00001) | Val MSE: 0.000233 (RMSE: 0.0153) 
2026-09-13 15:31:54,203 - INFO - Epoch [ 760/2000] LR: 0.000070 | Train Loss: 0.002766 (Data: 0.00276, Mono: 0.00001) | Val MSE: 0.000239 (RMSE: 0.0155) 
2026-09-13 15:31:54,590 - INFO - Epoch [ 770/2000] LR: 0.000070 | Train Loss: 0.002655 (Data: 0.00265, Mono: 0.00001) | Val MSE: 0.000207 (RMSE: 0.0144) 
2026-09-13 15:31:54,973 - INFO - Epoch [ 780/2000] LR: 0.000069 | Train Loss: 0.002707 (Data: 0.00270, Mono: 0.00001) | Val MSE: 0.000214 (RMSE: 0.0146) 
2026-09-13 15:31:55,368 - INFO - Epoch [ 790/2000] LR: 0.000068 | Train Loss: 0.002736 (Data: 0.00273, Mono: 0.00001) | Val MSE: 0.000207 (RMSE: 0.0144) 
2026-09-13 15:31:55,758 - INFO - Epoch [ 800/2000] LR: 0.000067 | Train Loss: 0.002761 (Data: 0.00276, Mono: 0.00001) | Val MSE: 0.000220 (RMSE: 0.0148) 
2026-09-13 15:31:56,159 - INFO - Epoch [ 810/2000] LR: 0.000067 | Train Loss: 0.002653 (Data: 0.00265, Mono: 0.00001) | Val MSE: 0.000214 (RMSE: 0.0146) 
2026-09-13 15:31:56,553 - INFO - Epoch [ 820/2000] LR: 0.000066 | Train Loss: 0.002691 (Data: 0.00269, Mono: 0.00001) | Val MSE: 0.000223 (RMSE: 0.0149) 
2026-09-13 15:31:56,939 - INFO - Epoch [ 830/2000] LR: 0.000065 | Train Loss: 0.002660 (Data: 0.00266, Mono: 0.00001) | Val MSE: 0.000255 (RMSE: 0.0160) 
2026-09-13 15:31:57,368 - INFO - Epoch [ 840/2000] LR: 0.000064 | Train Loss: 0.002710 (Data: 0.00270, Mono: 0.00001) | Val MSE: 0.000252 (RMSE: 0.0159) 
2026-09-13 15:31:57,753 - INFO - Epoch [ 850/2000] LR: 0.000064 | Train Loss: 0.002696 (Data: 0.00269, Mono: 0.00001) | Val MSE: 0.000241 (RMSE: 0.0155) 
2026-09-13 15:31:58,121 - INFO - Epoch [ 860/2000] LR: 0.000063 | Train Loss: 0.002621 (Data: 0.00262, Mono: 0.00001) | Val MSE: 0.000232 (RMSE: 0.0152) 
2026-09-13 15:31:58,504 - INFO - Epoch [ 870/2000] LR: 0.000062 | Train Loss: 0.002574 (Data: 0.00257, Mono: 0.00001) | Val MSE: 0.000224 (RMSE: 0.0150) 
2026-09-13 15:31:58,883 - INFO - Epoch [ 880/2000] LR: 0.000061 | Train Loss: 0.002487 (Data: 0.00248, Mono: 0.00001) | Val MSE: 0.000252 (RMSE: 0.0159) 
2026-09-13 15:31:59,260 - INFO - Epoch [ 890/2000] LR: 0.000061 | Train Loss: 0.002476 (Data: 0.00247, Mono: 0.00001) | Val MSE: 0.000214 (RMSE: 0.0146) 
2026-09-13 15:31:59,632 - INFO - Epoch [ 900/2000] LR: 0.000060 | Train Loss: 0.002545 (Data: 0.00254, Mono: 0.00001) | Val MSE: 0.000256 (RMSE: 0.0160) 
2026-09-13 15:32:00,009 - INFO - Epoch [ 910/2000] LR: 0.000059 | Train Loss: 0.002485 (Data: 0.00248, Mono: 0.00001) | Val MSE: 0.000253 (RMSE: 0.0159) 
2026-09-13 15:32:00,393 - INFO - Epoch [ 920/2000] LR: 0.000058 | Train Loss: 0.002539 (Data: 0.00253, Mono: 0.00001) | Val MSE: 0.000242 (RMSE: 0.0156) 
2026-09-13 15:32:00,763 - INFO - Epoch [ 930/2000] LR: 0.000057 | Train Loss: 0.002457 (Data: 0.00245, Mono: 0.00001) | Val MSE: 0.000223 (RMSE: 0.0149) 
2026-09-13 15:32:01,145 - INFO - Epoch [ 940/2000] LR: 0.000057 | Train Loss: 0.002440 (Data: 0.00243, Mono: 0.00001) | Val MSE: 0.000232 (RMSE: 0.0152) 
2026-09-13 15:32:01,521 - INFO - Epoch [ 950/2000] LR: 0.000056 | Train Loss: 0.002494 (Data: 0.00249, Mono: 0.00001) | Val MSE: 0.000234 (RMSE: 0.0153) 
2026-09-13 15:32:01,902 - INFO - Epoch [ 960/2000] LR: 0.000055 | Train Loss: 0.002428 (Data: 0.00242, Mono: 0.00001) | Val MSE: 0.000237 (RMSE: 0.0154) 
2026-09-13 15:32:02,281 - INFO - Epoch [ 970/2000] LR: 0.000054 | Train Loss: 0.002547 (Data: 0.00254, Mono: 0.00001) | Val MSE: 0.000234 (RMSE: 0.0153) 
2026-09-13 15:32:02,661 - INFO - Epoch [ 980/2000] LR: 0.000054 | Train Loss: 0.002405 (Data: 0.00240, Mono: 0.00001) | Val MSE: 0.000255 (RMSE: 0.0160) 
2026-09-13 15:32:03,043 - INFO - Epoch [ 990/2000] LR: 0.000053 | Train Loss: 0.002437 (Data: 0.00243, Mono: 0.00001) | Val MSE: 0.000292 (RMSE: 0.0171) 
2026-09-13 15:32:03,422 - INFO - Epoch [1000/2000] LR: 0.000052 | Train Loss: 0.002427 (Data: 0.00242, Mono: 0.00001) | Val MSE: 0.000239 (RMSE: 0.0155) 
2026-09-13 15:32:03,821 - INFO - Epoch [1010/2000] LR: 0.000051 | Train Loss: 0.002432 (Data: 0.00243, Mono: 0.00001) | Val MSE: 0.000241 (RMSE: 0.0155) 
2026-09-13 15:32:04,209 - INFO - Epoch [1020/2000] LR: 0.000050 | Train Loss: 0.002397 (Data: 0.00239, Mono: 0.00001) | Val MSE: 0.000246 (RMSE: 0.0157) 
2026-09-13 15:32:04,591 - INFO - Epoch [1030/2000] LR: 0.000050 | Train Loss: 0.002324 (Data: 0.00232, Mono: 0.00001) | Val MSE: 0.000243 (RMSE: 0.0156) 
2026-09-13 15:32:04,971 - INFO - Epoch [1040/2000] LR: 0.000049 | Train Loss: 0.002335 (Data: 0.00233, Mono: 0.00001) | Val MSE: 0.000235 (RMSE: 0.0153) 
2026-09-13 15:32:05,350 - INFO - Epoch [1050/2000] LR: 0.000048 | Train Loss: 0.002321 (Data: 0.00232, Mono: 0.00001) | Val MSE: 0.000265 (RMSE: 0.0163) 
2026-09-13 15:32:05,737 - INFO - Epoch [1060/2000] LR: 0.000047 | Train Loss: 0.002370 (Data: 0.00237, Mono: 0.00001) | Val MSE: 0.000234 (RMSE: 0.0153) 
2026-09-13 15:32:06,130 - INFO - Epoch [1070/2000] LR: 0.000046 | Train Loss: 0.002315 (Data: 0.00231, Mono: 0.00001) | Val MSE: 0.000254 (RMSE: 0.0159) 
2026-09-13 15:32:06,517 - INFO - Epoch [1080/2000] LR: 0.000046 | Train Loss: 0.002365 (Data: 0.00236, Mono: 0.00001) | Val MSE: 0.000273 (RMSE: 0.0165) 
2026-09-13 15:32:06,901 - INFO - Epoch [1090/2000] LR: 0.000045 | Train Loss: 0.002269 (Data: 0.00226, Mono: 0.00001) | Val MSE: 0.000265 (RMSE: 0.0163) 
2026-09-13 15:32:07,302 - INFO - Epoch [1100/2000] LR: 0.000044 | Train Loss: 0.002209 (Data: 0.00220, Mono: 0.00001) | Val MSE: 0.000270 (RMSE: 0.0164) 
2026-09-13 15:32:07,716 - INFO - Epoch [1110/2000] LR: 0.000043 | Train Loss: 0.002361 (Data: 0.00236, Mono: 0.00001) | Val MSE: 0.000253 (RMSE: 0.0159) 
2026-09-13 15:32:08,109 - INFO - Epoch [1120/2000] LR: 0.000043 | Train Loss: 0.002301 (Data: 0.00230, Mono: 0.00001) | Val MSE: 0.000241 (RMSE: 0.0155) 
2026-09-13 15:32:08,490 - INFO - Epoch [1130/2000] LR: 0.000042 | Train Loss: 0.002356 (Data: 0.00235, Mono: 0.00001) | Val MSE: 0.000240 (RMSE: 0.0155) 
2026-09-13 15:32:08,886 - INFO - Epoch [1140/2000] LR: 0.000041 | Train Loss: 0.002330 (Data: 0.00233, Mono: 0.00001) | Val MSE: 0.000244 (RMSE: 0.0156) 
2026-09-13 15:32:09,276 - INFO - Epoch [1150/2000] LR: 0.000040 | Train Loss: 0.002243 (Data: 0.00224, Mono: 0.00001) | Val MSE: 0.000243 (RMSE: 0.0156) 
2026-09-13 15:32:09,656 - INFO - Epoch [1160/2000] LR: 0.000040 | Train Loss: 0.002175 (Data: 0.00217, Mono: 0.00001) | Val MSE: 0.000243 (RMSE: 0.0156) 
2026-09-13 15:32:10,029 - INFO - Epoch [1170/2000] LR: 0.000039 | Train Loss: 0.002267 (Data: 0.00226, Mono: 0.00001) | Val MSE: 0.000243 (RMSE: 0.0156) 
2026-09-13 15:32:10,406 - INFO - Epoch [1180/2000] LR: 0.000038 | Train Loss: 0.002202 (Data: 0.00220, Mono: 0.00001) | Val MSE: 0.000248 (RMSE: 0.0157) 
2026-09-13 15:32:10,776 - INFO - Epoch [1190/2000] LR: 0.000037 | Train Loss: 0.002238 (Data: 0.00223, Mono: 0.00001) | Val MSE: 0.000227 (RMSE: 0.0151) 
2026-09-13 15:32:11,146 - INFO - Epoch [1200/2000] LR: 0.000036 | Train Loss: 0.002175 (Data: 0.00217, Mono: 0.00001) | Val MSE: 0.000242 (RMSE: 0.0155) 
2026-09-13 15:32:11,542 - INFO - Epoch [1210/2000] LR: 0.000036 | Train Loss: 0.002168 (Data: 0.00216, Mono: 0.00001) | Val MSE: 0.000229 (RMSE: 0.0151) 
2026-09-13 15:32:11,927 - INFO - Epoch [1220/2000] LR: 0.000035 | Train Loss: 0.002175 (Data: 0.00217, Mono: 0.00001) | Val MSE: 0.000247 (RMSE: 0.0157) 
2026-09-13 15:32:12,301 - INFO - Epoch [1230/2000] LR: 0.000034 | Train Loss: 0.002204 (Data: 0.00220, Mono: 0.00001) | Val MSE: 0.000240 (RMSE: 0.0155) 
2026-09-13 15:32:12,678 - INFO - Epoch [1240/2000] LR: 0.000034 | Train Loss: 0.002128 (Data: 0.00212, Mono: 0.00001) | Val MSE: 0.000237 (RMSE: 0.0154) 
2026-09-13 15:32:13,046 - INFO - Epoch [1250/2000] LR: 0.000033 | Train Loss: 0.002174 (Data: 0.00217, Mono: 0.00001) | Val MSE: 0.000232 (RMSE: 0.0152) 
2026-09-13 15:32:13,426 - INFO - Epoch [1260/2000] LR: 0.000032 | Train Loss: 0.002203 (Data: 0.00220, Mono: 0.00001) | Val MSE: 0.000256 (RMSE: 0.0160) 
2026-09-13 15:32:13,805 - INFO - Epoch [1270/2000] LR: 0.000031 | Train Loss: 0.002118 (Data: 0.00211, Mono: 0.00001) | Val MSE: 0.000242 (RMSE: 0.0155) 
2026-09-13 15:32:14,174 - INFO - Epoch [1280/2000] LR: 0.000031 | Train Loss: 0.002157 (Data: 0.00215, Mono: 0.00001) | Val MSE: 0.000246 (RMSE: 0.0157) 
2026-09-13 15:32:14,543 - INFO - Epoch [1290/2000] LR: 0.000030 | Train Loss: 0.002153 (Data: 0.00215, Mono: 0.00001) | Val MSE: 0.000233 (RMSE: 0.0153) 
2026-09-13 15:32:14,920 - INFO - Epoch [1300/2000] LR: 0.000029 | Train Loss: 0.002121 (Data: 0.00212, Mono: 0.00001) | Val MSE: 0.000242 (RMSE: 0.0155) 
2026-09-13 15:32:15,293 - INFO - Epoch [1310/2000] LR: 0.000028 | Train Loss: 0.002111 (Data: 0.00211, Mono: 0.00001) | Val MSE: 0.000237 (RMSE: 0.0154) 
2026-09-13 15:32:15,664 - INFO - Epoch [1320/2000] LR: 0.000028 | Train Loss: 0.002138 (Data: 0.00213, Mono: 0.00001) | Val MSE: 0.000255 (RMSE: 0.0160) 
2026-09-13 15:32:16,044 - INFO - Epoch [1330/2000] LR: 0.000027 | Train Loss: 0.002152 (Data: 0.00215, Mono: 0.00001) | Val MSE: 0.000247 (RMSE: 0.0157) 
2026-09-13 15:32:16,430 - INFO - Epoch [1340/2000] LR: 0.000026 | Train Loss: 0.002060 (Data: 0.00206, Mono: 0.00001) | Val MSE: 0.000244 (RMSE: 0.0156) 
2026-09-13 15:32:16,803 - INFO - Epoch [1350/2000] LR: 0.000026 | Train Loss: 0.002106 (Data: 0.00210, Mono: 0.00001) | Val MSE: 0.000248 (RMSE: 0.0157) 
2026-09-13 15:32:17,194 - INFO - Epoch [1360/2000] LR: 0.000025 | Train Loss: 0.002043 (Data: 0.00204, Mono: 0.00001) | Val MSE: 0.000242 (RMSE: 0.0156) 
2026-09-13 15:32:17,566 - INFO - Epoch [1370/2000] LR: 0.000024 | Train Loss: 0.002057 (Data: 0.00205, Mono: 0.00001) | Val MSE: 0.000249 (RMSE: 0.0158) 
2026-09-13 15:32:17,991 - INFO - Epoch [1380/2000] LR: 0.000024 | Train Loss: 0.002132 (Data: 0.00213, Mono: 0.00001) | Val MSE: 0.000244 (RMSE: 0.0156) 
2026-09-13 15:32:18,375 - INFO - Epoch [1390/2000] LR: 0.000023 | Train Loss: 0.002080 (Data: 0.00208, Mono: 0.00001) | Val MSE: 0.000245 (RMSE: 0.0157) 
2026-09-13 15:32:18,757 - INFO - Epoch [1400/2000] LR: 0.000022 | Train Loss: 0.002121 (Data: 0.00212, Mono: 0.00001) | Val MSE: 0.000237 (RMSE: 0.0154) 
2026-09-13 15:32:19,131 - INFO - Epoch [1410/2000] LR: 0.000022 | Train Loss: 0.002077 (Data: 0.00207, Mono: 0.00001) | Val MSE: 0.000238 (RMSE: 0.0154) 
2026-09-13 15:32:19,510 - INFO - Epoch [1420/2000] LR: 0.000021 | Train Loss: 0.002187 (Data: 0.00218, Mono: 0.00001) | Val MSE: 0.000241 (RMSE: 0.0155) 
2026-09-13 15:32:19,891 - INFO - Epoch [1430/2000] LR: 0.000021 | Train Loss: 0.002107 (Data: 0.00210, Mono: 0.00001) | Val MSE: 0.000238 (RMSE: 0.0154) 
2026-09-13 15:32:20,268 - INFO - Epoch [1440/2000] LR: 0.000020 | Train Loss: 0.001994 (Data: 0.00199, Mono: 0.00001) | Val MSE: 0.000238 (RMSE: 0.0154) 
2026-09-13 15:32:20,649 - INFO - Epoch [1450/2000] LR: 0.000019 | Train Loss: 0.002067 (Data: 0.00206, Mono: 0.00001) | Val MSE: 0.000245 (RMSE: 0.0156) 
2026-09-13 15:32:21,035 - INFO - Epoch [1460/2000] LR: 0.000019 | Train Loss: 0.002135 (Data: 0.00213, Mono: 0.00001) | Val MSE: 0.000247 (RMSE: 0.0157) 
2026-09-13 15:32:21,415 - INFO - Epoch [1470/2000] LR: 0.000018 | Train Loss: 0.002022 (Data: 0.00202, Mono: 0.00001) | Val MSE: 0.000242 (RMSE: 0.0156) 
2026-09-13 15:32:21,795 - INFO - Epoch [1480/2000] LR: 0.000018 | Train Loss: 0.002088 (Data: 0.00208, Mono: 0.00001) | Val MSE: 0.000240 (RMSE: 0.0155) 
2026-09-13 15:32:22,172 - INFO - Epoch [1490/2000] LR: 0.000017 | Train Loss: 0.002093 (Data: 0.00209, Mono: 0.00001) | Val MSE: 0.000239 (RMSE: 0.0155) 
2026-09-13 15:32:22,550 - INFO - Epoch [1500/2000] LR: 0.000016 | Train Loss: 0.002072 (Data: 0.00207, Mono: 0.00001) | Val MSE: 0.000244 (RMSE: 0.0156) 
2026-09-13 15:32:22,922 - INFO - Epoch [1510/2000] LR: 0.000016 | Train Loss: 0.001992 (Data: 0.00199, Mono: 0.00001) | Val MSE: 0.000243 (RMSE: 0.0156) 
2026-09-13 15:32:23,293 - INFO - Epoch [1520/2000] LR: 0.000015 | Train Loss: 0.002078 (Data: 0.00207, Mono: 0.00001) | Val MSE: 0.000243 (RMSE: 0.0156) 
2026-09-13 15:32:23,662 - INFO - Epoch [1530/2000] LR: 0.000015 | Train Loss: 0.002012 (Data: 0.00201, Mono: 0.00001) | Val MSE: 0.000239 (RMSE: 0.0155) 
2026-09-13 15:32:24,044 - INFO - Epoch [1540/2000] LR: 0.000014 | Train Loss: 0.002063 (Data: 0.00206, Mono: 0.00001) | Val MSE: 0.000248 (RMSE: 0.0157) 
2026-09-13 15:32:24,412 - INFO - Epoch [1550/2000] LR: 0.000014 | Train Loss: 0.001995 (Data: 0.00199, Mono: 0.00001) | Val MSE: 0.000246 (RMSE: 0.0157) 
2026-09-13 15:32:24,786 - INFO - Epoch [1560/2000] LR: 0.000013 | Train Loss: 0.002071 (Data: 0.00207, Mono: 0.00001) | Val MSE: 0.000241 (RMSE: 0.0155) 
2026-09-13 15:32:25,153 - INFO - Epoch [1570/2000] LR: 0.000013 | Train Loss: 0.002059 (Data: 0.00205, Mono: 0.00001) | Val MSE: 0.000238 (RMSE: 0.0154) 
2026-09-13 15:32:25,523 - INFO - Epoch [1580/2000] LR: 0.000012 | Train Loss: 0.001993 (Data: 0.00199, Mono: 0.00001) | Val MSE: 0.000241 (RMSE: 0.0155) 
2026-09-13 15:32:25,901 - INFO - Epoch [1590/2000] LR: 0.000012 | Train Loss: 0.002034 (Data: 0.00203, Mono: 0.00001) | Val MSE: 0.000234 (RMSE: 0.0153) 
2026-09-13 15:32:26,272 - INFO - Epoch [1600/2000] LR: 0.000011 | Train Loss: 0.002018 (Data: 0.00201, Mono: 0.00001) | Val MSE: 0.000238 (RMSE: 0.0154) 
2026-09-13 15:32:26,652 - INFO - Epoch [1610/2000] LR: 0.000011 | Train Loss: 0.002050 (Data: 0.00205, Mono: 0.00001) | Val MSE: 0.000241 (RMSE: 0.0155) 
2026-09-13 15:32:27,084 - INFO - Epoch [1620/2000] LR: 0.000010 | Train Loss: 0.002002 (Data: 0.00200, Mono: 0.00001) | Val MSE: 0.000238 (RMSE: 0.0154) 
2026-09-13 15:32:27,515 - INFO - Epoch [1630/2000] LR: 0.000010 | Train Loss: 0.002070 (Data: 0.00207, Mono: 0.00001) | Val MSE: 0.000239 (RMSE: 0.0154) 
2026-09-13 15:32:27,975 - INFO - Epoch [1640/2000] LR: 0.000009 | Train Loss: 0.002062 (Data: 0.00206, Mono: 0.00001) | Val MSE: 0.000244 (RMSE: 0.0156) 
2026-09-13 15:32:28,398 - INFO - Epoch [1650/2000] LR: 0.000009 | Train Loss: 0.002004 (Data: 0.00200, Mono: 0.00001) | Val MSE: 0.000240 (RMSE: 0.0155) 
2026-09-13 15:32:28,810 - INFO - Epoch [1660/2000] LR: 0.000009 | Train Loss: 0.002003 (Data: 0.00200, Mono: 0.00001) | Val MSE: 0.000246 (RMSE: 0.0157) 
2026-09-13 15:32:29,251 - INFO - Epoch [1670/2000] LR: 0.000008 | Train Loss: 0.002000 (Data: 0.00200, Mono: 0.00001) | Val MSE: 0.000242 (RMSE: 0.0155) 
2026-09-13 15:32:29,670 - INFO - Epoch [1680/2000] LR: 0.000008 | Train Loss: 0.002033 (Data: 0.00203, Mono: 0.00001) | Val MSE: 0.000243 (RMSE: 0.0156) 
2026-09-13 15:32:30,114 - INFO - Epoch [1690/2000] LR: 0.000007 | Train Loss: 0.002058 (Data: 0.00205, Mono: 0.00001) | Val MSE: 0.000241 (RMSE: 0.0155) 
2026-09-13 15:32:30,559 - INFO - Epoch [1700/2000] LR: 0.000007 | Train Loss: 0.001923 (Data: 0.00192, Mono: 0.00001) | Val MSE: 0.000243 (RMSE: 0.0156) 
2026-09-13 15:32:30,995 - INFO - Epoch [1710/2000] LR: 0.000007 | Train Loss: 0.002052 (Data: 0.00205, Mono: 0.00001) | Val MSE: 0.000243 (RMSE: 0.0156) 
2026-09-13 15:32:31,436 - INFO - Epoch [1720/2000] LR: 0.000006 | Train Loss: 0.001997 (Data: 0.00199, Mono: 0.00001) | Val MSE: 0.000238 (RMSE: 0.0154) 
2026-09-13 15:32:31,867 - INFO - Epoch [1730/2000] LR: 0.000006 | Train Loss: 0.002037 (Data: 0.00203, Mono: 0.00001) | Val MSE: 0.000238 (RMSE: 0.0154) 
2026-09-13 15:32:32,318 - INFO - Epoch [1740/2000] LR: 0.000006 | Train Loss: 0.001957 (Data: 0.00195, Mono: 0.00001) | Val MSE: 0.000237 (RMSE: 0.0154) 
2026-09-13 15:32:32,759 - INFO - Epoch [1750/2000] LR: 0.000005 | Train Loss: 0.001980 (Data: 0.00198, Mono: 0.00001) | Val MSE: 0.000241 (RMSE: 0.0155) 
2026-09-13 15:32:33,214 - INFO - Epoch [1760/2000] LR: 0.000005 | Train Loss: 0.001991 (Data: 0.00199, Mono: 0.00001) | Val MSE: 0.000240 (RMSE: 0.0155) 
2026-09-13 15:32:33,643 - INFO - Epoch [1770/2000] LR: 0.000005 | Train Loss: 0.001965 (Data: 0.00196, Mono: 0.00001) | Val MSE: 0.000239 (RMSE: 0.0155) 
2026-09-13 15:32:34,087 - INFO - Epoch [1780/2000] LR: 0.000005 | Train Loss: 0.002077 (Data: 0.00207, Mono: 0.00001) | Val MSE: 0.000241 (RMSE: 0.0155) 
2026-09-13 15:32:34,533 - INFO - Epoch [1790/2000] LR: 0.000004 | Train Loss: 0.002007 (Data: 0.00200, Mono: 0.00001) | Val MSE: 0.000241 (RMSE: 0.0155) 
2026-09-13 15:32:34,961 - INFO - Epoch [1800/2000] LR: 0.000004 | Train Loss: 0.002010 (Data: 0.00201, Mono: 0.00001) | Val MSE: 0.000238 (RMSE: 0.0154) 
2026-09-13 15:32:35,409 - INFO - Epoch [1810/2000] LR: 0.000004 | Train Loss: 0.002088 (Data: 0.00208, Mono: 0.00001) | Val MSE: 0.000239 (RMSE: 0.0155) 
2026-09-13 15:32:35,854 - INFO - Epoch [1820/2000] LR: 0.000004 | Train Loss: 0.001974 (Data: 0.00197, Mono: 0.00001) | Val MSE: 0.000237 (RMSE: 0.0154) 
2026-09-13 15:32:36,299 - INFO - Epoch [1830/2000] LR: 0.000003 | Train Loss: 0.001914 (Data: 0.00191, Mono: 0.00001) | Val MSE: 0.000237 (RMSE: 0.0154) 
2026-09-13 15:32:36,746 - INFO - Epoch [1840/2000] LR: 0.000003 | Train Loss: 0.002108 (Data: 0.00210, Mono: 0.00001) | Val MSE: 0.000241 (RMSE: 0.0155) 
2026-09-13 15:32:37,215 - INFO - Epoch [1850/2000] LR: 0.000003 | Train Loss: 0.001992 (Data: 0.00199, Mono: 0.00001) | Val MSE: 0.000239 (RMSE: 0.0155) 
2026-09-13 15:32:37,649 - INFO - Epoch [1860/2000] LR: 0.000003 | Train Loss: 0.002053 (Data: 0.00205, Mono: 0.00001) | Val MSE: 0.000239 (RMSE: 0.0154) 
2026-09-13 15:32:38,080 - INFO - Epoch [1870/2000] LR: 0.000003 | Train Loss: 0.001978 (Data: 0.00197, Mono: 0.00001) | Val MSE: 0.000239 (RMSE: 0.0155) 
2026-09-13 15:32:38,503 - INFO - Epoch [1880/2000] LR: 0.000002 | Train Loss: 0.001937 (Data: 0.00193, Mono: 0.00001) | Val MSE: 0.000240 (RMSE: 0.0155) 
2026-09-13 15:32:38,930 - INFO - Epoch [1890/2000] LR: 0.000002 | Train Loss: 0.002026 (Data: 0.00202, Mono: 0.00001) | Val MSE: 0.000241 (RMSE: 0.0155) 
2026-09-13 15:32:39,349 - INFO - Epoch [1900/2000] LR: 0.000002 | Train Loss: 0.001999 (Data: 0.00200, Mono: 0.00001) | Val MSE: 0.000242 (RMSE: 0.0156) 
2026-09-13 15:32:39,790 - INFO - Epoch [1910/2000] LR: 0.000002 | Train Loss: 0.002004 (Data: 0.00200, Mono: 0.00001) | Val MSE: 0.000241 (RMSE: 0.0155) 
2026-09-13 15:32:40,214 - INFO - Epoch [1920/2000] LR: 0.000002 | Train Loss: 0.001984 (Data: 0.00198, Mono: 0.00001) | Val MSE: 0.000240 (RMSE: 0.0155) 
2026-09-13 15:32:40,638 - INFO - Epoch [1930/2000] LR: 0.000002 | Train Loss: 0.002037 (Data: 0.00203, Mono: 0.00001) | Val MSE: 0.000240 (RMSE: 0.0155) 
2026-09-13 15:32:41,063 - INFO - Epoch [1940/2000] LR: 0.000002 | Train Loss: 0.002032 (Data: 0.00203, Mono: 0.00001) | Val MSE: 0.000241 (RMSE: 0.0155) 
2026-09-13 15:32:41,482 - INFO - Epoch [1950/2000] LR: 0.000002 | Train Loss: 0.002006 (Data: 0.00200, Mono: 0.00001) | Val MSE: 0.000240 (RMSE: 0.0155) 
2026-09-13 15:32:41,912 - INFO - Epoch [1960/2000] LR: 0.000002 | Train Loss: 0.001981 (Data: 0.00198, Mono: 0.00001) | Val MSE: 0.000240 (RMSE: 0.0155) 
2026-09-13 15:32:42,314 - INFO - Epoch [1970/2000] LR: 0.000002 | Train Loss: 0.002033 (Data: 0.00203, Mono: 0.00001) | Val MSE: 0.000242 (RMSE: 0.0156) 
2026-09-13 15:32:42,746 - INFO - Epoch [1980/2000] LR: 0.000002 | Train Loss: 0.001946 (Data: 0.00194, Mono: 0.00001) | Val MSE: 0.000244 (RMSE: 0.0156) 
2026-09-13 15:32:43,154 - INFO - Epoch [1990/2000] LR: 0.000002 | Train Loss: 0.002025 (Data: 0.00202, Mono: 0.00001) | Val MSE: 0.000241 (RMSE: 0.0155) 
2026-09-13 15:32:43,577 - INFO - Epoch [2000/2000] LR: 0.000002 | Train Loss: 0.001978 (Data: 0.00197, Mono: 0.00001) | Val MSE: 0.000241 (RMSE: 0.0155) 
2026-09-13 15:32:43,585 - INFO - Training completed in 79.98s. Loading best checkpoint from epoch 333 for final test evaluation...
2026-09-13 15:32:43,611 - INFO - ==================================================
2026-09-13 15:32:43,612 - INFO - Test Results for [XJTU] - [R3] (Best Epoch 333):
2026-09-13 15:32:43,612 - INFO -   Test RMSE: 0.009609
2026-09-13 15:32:43,612 - INFO -   Test MAE:  0.008419
2026-09-13 15:32:43,612 - INFO -   Test MAPE: 0.900219
2026-09-13 15:32:43,612 - INFO -   Test MSE:  0.000092
2026-09-13 15:32:43,612 - INFO - ==================================================
2026-09-13 15:41:19,859 - INFO - ==================================================
2026-09-13 15:41:19,859 - INFO - Starting FusionMLP Training for [XJTU] - [R3]
2026-09-13 15:41:19,859 - INFO - Device: cuda | Epochs: 2000 | LR: 0.000100 | Mono Weight: 0.4000 | Knee Feature: True
2026-09-13 15:41:19,859 - INFO - ==================================================
2026-09-13 15:41:19,937 - INFO - Data Splits: Train=5, Val=1, Test=2
2026-09-13 15:41:20,013 - INFO - Epoch [   1/2000] LR: 0.006063 | Train Loss: 0.915238 (Data: 0.91522, Mono: 0.00003) | Val MSE: 0.734773 (RMSE: 0.8572) [BEST]
2026-09-13 15:41:20,232 - INFO - Epoch [   6/2000] LR: 0.005035 | Train Loss: 0.786307 (Data: 0.78630, Mono: 0.00002) | Val MSE: 0.683907 (RMSE: 0.8270) [BEST]
2026-09-13 15:41:20,284 - INFO - Epoch [   7/2000] LR: 0.004829 | Train Loss: 0.340937 (Data: 0.34092, Mono: 0.00003) | Val MSE: 0.378474 (RMSE: 0.6152) [BEST]
2026-09-13 15:41:20,331 - INFO - Epoch [   8/2000] LR: 0.004623 | Train Loss: 0.168332 (Data: 0.16832, Mono: 0.00004) | Val MSE: 0.143350 (RMSE: 0.3786) [BEST]
2026-09-13 15:41:20,389 - INFO - Epoch [   9/2000] LR: 0.004418 | Train Loss: 0.141167 (Data: 0.14115, Mono: 0.00003) | Val MSE: 0.009968 (RMSE: 0.0998) [BEST]
2026-09-13 15:41:20,443 - INFO - Epoch [  10/2000] LR: 0.004212 | Train Loss: 0.062872 (Data: 0.06286, Mono: 0.00003) | Val MSE: 0.038673 (RMSE: 0.1967) 
2026-09-13 15:41:20,536 - INFO - Epoch [  12/2000] LR: 0.003801 | Train Loss: 0.040552 (Data: 0.04054, Mono: 0.00003) | Val MSE: 0.001368 (RMSE: 0.0370) [BEST]
2026-09-13 15:41:20,628 - INFO - Epoch [  14/2000] LR: 0.003390 | Train Loss: 0.018093 (Data: 0.01808, Mono: 0.00003) | Val MSE: 0.001229 (RMSE: 0.0351) [BEST]
2026-09-13 15:41:20,768 - INFO - Epoch [  16/2000] LR: 0.002979 | Train Loss: 0.012458 (Data: 0.01245, Mono: 0.00003) | Val MSE: 0.001160 (RMSE: 0.0341) [BEST]
2026-09-13 15:41:20,863 - INFO - Epoch [  18/2000] LR: 0.002567 | Train Loss: 0.011231 (Data: 0.01122, Mono: 0.00003) | Val MSE: 0.000204 (RMSE: 0.0143) [BEST]
2026-09-13 15:41:20,946 - INFO - Epoch [  20/2000] LR: 0.002156 | Train Loss: 0.010369 (Data: 0.01036, Mono: 0.00002) | Val MSE: 0.000444 (RMSE: 0.0211) 
2026-09-13 15:41:21,075 - INFO - Epoch [  23/2000] LR: 0.001539 | Train Loss: 0.009889 (Data: 0.00988, Mono: 0.00003) | Val MSE: 0.000178 (RMSE: 0.0133) [BEST]
2026-09-13 15:41:21,391 - INFO - Epoch [  30/2000] LR: 0.000100 | Train Loss: 0.009610 (Data: 0.00960, Mono: 0.00002) | Val MSE: 0.000219 (RMSE: 0.0148) 
2026-09-13 15:41:21,815 - INFO - Epoch [  40/2000] LR: 0.000100 | Train Loss: 0.009383 (Data: 0.00937, Mono: 0.00003) | Val MSE: 0.000216 (RMSE: 0.0147) 
2026-09-13 15:41:22,234 - INFO - Epoch [  50/2000] LR: 0.000100 | Train Loss: 0.009315 (Data: 0.00931, Mono: 0.00002) | Val MSE: 0.000223 (RMSE: 0.0149) 
2026-09-13 15:41:22,645 - INFO - Epoch [  60/2000] LR: 0.000100 | Train Loss: 0.009304 (Data: 0.00929, Mono: 0.00003) | Val MSE: 0.000219 (RMSE: 0.0148) 
2026-09-13 15:41:23,059 - INFO - Epoch [  70/2000] LR: 0.000100 | Train Loss: 0.009042 (Data: 0.00903, Mono: 0.00002) | Val MSE: 0.000224 (RMSE: 0.0150) 
2026-09-13 15:41:23,478 - INFO - Epoch [  80/2000] LR: 0.000100 | Train Loss: 0.008751 (Data: 0.00874, Mono: 0.00002) | Val MSE: 0.000212 (RMSE: 0.0146) 
2026-09-13 15:41:23,911 - INFO - Epoch [  90/2000] LR: 0.000100 | Train Loss: 0.008926 (Data: 0.00892, Mono: 0.00003) | Val MSE: 0.000205 (RMSE: 0.0143) 
2026-09-13 15:41:24,321 - INFO - Epoch [ 100/2000] LR: 0.000100 | Train Loss: 0.008605 (Data: 0.00860, Mono: 0.00002) | Val MSE: 0.000217 (RMSE: 0.0147) 
2026-09-13 15:41:24,762 - INFO - Epoch [ 110/2000] LR: 0.000100 | Train Loss: 0.008385 (Data: 0.00838, Mono: 0.00002) | Val MSE: 0.000201 (RMSE: 0.0142) 
2026-09-13 15:41:25,211 - INFO - Epoch [ 120/2000] LR: 0.000099 | Train Loss: 0.008658 (Data: 0.00865, Mono: 0.00002) | Val MSE: 0.000207 (RMSE: 0.0144) 
2026-09-13 15:41:25,635 - INFO - Epoch [ 130/2000] LR: 0.000099 | Train Loss: 0.008192 (Data: 0.00818, Mono: 0.00002) | Val MSE: 0.000228 (RMSE: 0.0151) 
2026-09-13 15:41:26,046 - INFO - Epoch [ 140/2000] LR: 0.000099 | Train Loss: 0.008124 (Data: 0.00811, Mono: 0.00002) | Val MSE: 0.000203 (RMSE: 0.0142) 
2026-09-13 15:41:26,544 - INFO - Epoch [ 150/2000] LR: 0.000099 | Train Loss: 0.007973 (Data: 0.00796, Mono: 0.00002) | Val MSE: 0.000219 (RMSE: 0.0148) 
2026-09-13 15:41:26,971 - INFO - Epoch [ 160/2000] LR: 0.000099 | Train Loss: 0.007789 (Data: 0.00778, Mono: 0.00002) | Val MSE: 0.000201 (RMSE: 0.0142) 
2026-09-13 15:41:27,394 - INFO - Epoch [ 170/2000] LR: 0.000099 | Train Loss: 0.007767 (Data: 0.00776, Mono: 0.00002) | Val MSE: 0.000222 (RMSE: 0.0149) 
2026-09-13 15:41:27,797 - INFO - Epoch [ 180/2000] LR: 0.000099 | Train Loss: 0.007378 (Data: 0.00737, Mono: 0.00002) | Val MSE: 0.000198 (RMSE: 0.0141) 
2026-09-13 15:41:28,196 - INFO - Epoch [ 190/2000] LR: 0.000098 | Train Loss: 0.007332 (Data: 0.00732, Mono: 0.00002) | Val MSE: 0.000191 (RMSE: 0.0138) 
2026-09-13 15:41:28,608 - INFO - Epoch [ 200/2000] LR: 0.000098 | Train Loss: 0.007327 (Data: 0.00732, Mono: 0.00002) | Val MSE: 0.000217 (RMSE: 0.0147) 
2026-09-13 15:41:29,060 - INFO - Epoch [ 210/2000] LR: 0.000098 | Train Loss: 0.007356 (Data: 0.00735, Mono: 0.00002) | Val MSE: 0.000201 (RMSE: 0.0142) 
2026-09-13 15:41:29,516 - INFO - Epoch [ 220/2000] LR: 0.000098 | Train Loss: 0.007026 (Data: 0.00702, Mono: 0.00002) | Val MSE: 0.000202 (RMSE: 0.0142) 
2026-09-13 15:41:29,910 - INFO - Epoch [ 230/2000] LR: 0.000098 | Train Loss: 0.006927 (Data: 0.00692, Mono: 0.00002) | Val MSE: 0.000195 (RMSE: 0.0140) 
2026-09-13 15:41:30,391 - INFO - Epoch [ 240/2000] LR: 0.000097 | Train Loss: 0.006988 (Data: 0.00698, Mono: 0.00002) | Val MSE: 0.000208 (RMSE: 0.0144) 
2026-09-13 15:41:30,820 - INFO - Epoch [ 250/2000] LR: 0.000097 | Train Loss: 0.006372 (Data: 0.00636, Mono: 0.00002) | Val MSE: 0.000195 (RMSE: 0.0140) 
2026-09-13 15:41:31,239 - INFO - Epoch [ 260/2000] LR: 0.000097 | Train Loss: 0.006565 (Data: 0.00656, Mono: 0.00002) | Val MSE: 0.000191 (RMSE: 0.0138) 
2026-09-13 15:41:31,638 - INFO - Epoch [ 270/2000] LR: 0.000096 | Train Loss: 0.006387 (Data: 0.00638, Mono: 0.00002) | Val MSE: 0.000217 (RMSE: 0.0147) 
2026-09-13 15:41:32,053 - INFO - Epoch [ 280/2000] LR: 0.000096 | Train Loss: 0.006025 (Data: 0.00602, Mono: 0.00002) | Val MSE: 0.000209 (RMSE: 0.0145) 
2026-09-13 15:41:32,471 - INFO - Epoch [ 290/2000] LR: 0.000096 | Train Loss: 0.005959 (Data: 0.00595, Mono: 0.00002) | Val MSE: 0.000207 (RMSE: 0.0144) 
2026-09-13 15:41:32,903 - INFO - Epoch [ 300/2000] LR: 0.000096 | Train Loss: 0.006023 (Data: 0.00602, Mono: 0.00002) | Val MSE: 0.000201 (RMSE: 0.0142) 
2026-09-13 15:41:33,352 - INFO - Epoch [ 310/2000] LR: 0.000095 | Train Loss: 0.006074 (Data: 0.00607, Mono: 0.00002) | Val MSE: 0.000181 (RMSE: 0.0135) 
2026-09-13 15:41:33,398 - INFO - Epoch [ 311/2000] LR: 0.000095 | Train Loss: 0.005884 (Data: 0.00588, Mono: 0.00002) | Val MSE: 0.000165 (RMSE: 0.0128) [BEST]
2026-09-13 15:41:33,779 - INFO - Epoch [ 320/2000] LR: 0.000095 | Train Loss: 0.005801 (Data: 0.00579, Mono: 0.00002) | Val MSE: 0.000214 (RMSE: 0.0146) 
2026-09-13 15:41:34,183 - INFO - Epoch [ 330/2000] LR: 0.000094 | Train Loss: 0.006009 (Data: 0.00600, Mono: 0.00002) | Val MSE: 0.000192 (RMSE: 0.0138) 
2026-09-13 15:41:34,619 - INFO - Epoch [ 340/2000] LR: 0.000094 | Train Loss: 0.005662 (Data: 0.00565, Mono: 0.00002) | Val MSE: 0.000182 (RMSE: 0.0135) 
2026-09-13 15:41:35,064 - INFO - Epoch [ 350/2000] LR: 0.000094 | Train Loss: 0.005630 (Data: 0.00562, Mono: 0.00002) | Val MSE: 0.000201 (RMSE: 0.0142) 
2026-09-13 15:41:35,452 - INFO - Epoch [ 360/2000] LR: 0.000093 | Train Loss: 0.005497 (Data: 0.00549, Mono: 0.00002) | Val MSE: 0.000195 (RMSE: 0.0140) 
2026-09-13 15:41:35,864 - INFO - Epoch [ 370/2000] LR: 0.000093 | Train Loss: 0.005274 (Data: 0.00527, Mono: 0.00002) | Val MSE: 0.000178 (RMSE: 0.0134) 
2026-09-13 15:41:36,281 - INFO - Epoch [ 380/2000] LR: 0.000093 | Train Loss: 0.005304 (Data: 0.00530, Mono: 0.00002) | Val MSE: 0.000179 (RMSE: 0.0134) 
2026-09-13 15:41:36,683 - INFO - Epoch [ 390/2000] LR: 0.000092 | Train Loss: 0.005215 (Data: 0.00521, Mono: 0.00002) | Val MSE: 0.000203 (RMSE: 0.0142) 
2026-09-13 15:41:37,136 - INFO - Epoch [ 400/2000] LR: 0.000092 | Train Loss: 0.005250 (Data: 0.00524, Mono: 0.00002) | Val MSE: 0.000191 (RMSE: 0.0138) 
2026-09-13 15:41:37,554 - INFO - Epoch [ 410/2000] LR: 0.000091 | Train Loss: 0.004946 (Data: 0.00494, Mono: 0.00002) | Val MSE: 0.000206 (RMSE: 0.0144) 
2026-09-13 15:41:37,966 - INFO - Epoch [ 420/2000] LR: 0.000091 | Train Loss: 0.004738 (Data: 0.00473, Mono: 0.00002) | Val MSE: 0.000168 (RMSE: 0.0130) 
2026-09-13 15:41:38,350 - INFO - Epoch [ 430/2000] LR: 0.000090 | Train Loss: 0.004975 (Data: 0.00497, Mono: 0.00002) | Val MSE: 0.000179 (RMSE: 0.0134) 
2026-09-13 15:41:38,763 - INFO - Epoch [ 440/2000] LR: 0.000090 | Train Loss: 0.004708 (Data: 0.00470, Mono: 0.00002) | Val MSE: 0.000203 (RMSE: 0.0143) 
2026-09-13 15:41:38,950 - INFO - Epoch [ 445/2000] LR: 0.000090 | Train Loss: 0.004570 (Data: 0.00456, Mono: 0.00002) | Val MSE: 0.000152 (RMSE: 0.0123) [BEST]
2026-09-13 15:41:39,160 - INFO - Epoch [ 450/2000] LR: 0.000089 | Train Loss: 0.004635 (Data: 0.00463, Mono: 0.00002) | Val MSE: 0.000177 (RMSE: 0.0133) 
2026-09-13 15:41:39,582 - INFO - Epoch [ 460/2000] LR: 0.000089 | Train Loss: 0.004542 (Data: 0.00454, Mono: 0.00002) | Val MSE: 0.000206 (RMSE: 0.0144) 
2026-09-13 15:41:40,052 - INFO - Epoch [ 470/2000] LR: 0.000088 | Train Loss: 0.004290 (Data: 0.00428, Mono: 0.00002) | Val MSE: 0.000157 (RMSE: 0.0125) 
2026-09-13 15:41:40,471 - INFO - Epoch [ 480/2000] LR: 0.000088 | Train Loss: 0.004429 (Data: 0.00442, Mono: 0.00002) | Val MSE: 0.000202 (RMSE: 0.0142) 
2026-09-13 15:41:40,911 - INFO - Epoch [ 490/2000] LR: 0.000087 | Train Loss: 0.004311 (Data: 0.00430, Mono: 0.00002) | Val MSE: 0.000212 (RMSE: 0.0146) 
2026-09-13 15:41:41,414 - INFO - Epoch [ 500/2000] LR: 0.000087 | Train Loss: 0.004201 (Data: 0.00419, Mono: 0.00002) | Val MSE: 0.000193 (RMSE: 0.0139) 
2026-09-13 15:41:41,846 - INFO - Epoch [ 510/2000] LR: 0.000086 | Train Loss: 0.004120 (Data: 0.00411, Mono: 0.00002) | Val MSE: 0.000193 (RMSE: 0.0139) 
2026-09-13 15:41:42,435 - INFO - Epoch [ 520/2000] LR: 0.000086 | Train Loss: 0.004114 (Data: 0.00411, Mono: 0.00002) | Val MSE: 0.000165 (RMSE: 0.0129) 
2026-09-13 15:41:43,137 - INFO - Epoch [ 530/2000] LR: 0.000085 | Train Loss: 0.003956 (Data: 0.00395, Mono: 0.00002) | Val MSE: 0.000196 (RMSE: 0.0140) 
2026-09-13 15:41:43,679 - INFO - Epoch [ 540/2000] LR: 0.000085 | Train Loss: 0.004066 (Data: 0.00406, Mono: 0.00002) | Val MSE: 0.000172 (RMSE: 0.0131) 
2026-09-13 15:41:44,184 - INFO - Epoch [ 550/2000] LR: 0.000084 | Train Loss: 0.003894 (Data: 0.00389, Mono: 0.00002) | Val MSE: 0.000178 (RMSE: 0.0133) 
2026-09-13 15:41:44,378 - INFO - Epoch [ 554/2000] LR: 0.000084 | Train Loss: 0.004036 (Data: 0.00403, Mono: 0.00002) | Val MSE: 0.000152 (RMSE: 0.0123) [BEST]
2026-09-13 15:41:44,638 - INFO - Epoch [ 560/2000] LR: 0.000083 | Train Loss: 0.003924 (Data: 0.00392, Mono: 0.00002) | Val MSE: 0.000198 (RMSE: 0.0141) 
2026-09-13 15:41:45,090 - INFO - Epoch [ 570/2000] LR: 0.000083 | Train Loss: 0.003792 (Data: 0.00379, Mono: 0.00002) | Val MSE: 0.000186 (RMSE: 0.0137) 
2026-09-13 15:41:45,498 - INFO - Epoch [ 580/2000] LR: 0.000082 | Train Loss: 0.003756 (Data: 0.00375, Mono: 0.00002) | Val MSE: 0.000209 (RMSE: 0.0145) 
2026-09-13 15:41:46,312 - INFO - Epoch [ 590/2000] LR: 0.000082 | Train Loss: 0.003721 (Data: 0.00371, Mono: 0.00002) | Val MSE: 0.000190 (RMSE: 0.0138) 
2026-09-13 15:41:46,815 - INFO - Epoch [ 600/2000] LR: 0.000081 | Train Loss: 0.003728 (Data: 0.00372, Mono: 0.00002) | Val MSE: 0.000178 (RMSE: 0.0133) 
2026-09-13 15:41:47,294 - INFO - Epoch [ 610/2000] LR: 0.000080 | Train Loss: 0.003609 (Data: 0.00360, Mono: 0.00002) | Val MSE: 0.000175 (RMSE: 0.0132) 
2026-09-13 15:41:47,528 - INFO - Epoch [ 616/2000] LR: 0.000080 | Train Loss: 0.003494 (Data: 0.00349, Mono: 0.00001) | Val MSE: 0.000137 (RMSE: 0.0117) [BEST]
2026-09-13 15:41:47,761 - INFO - Epoch [ 620/2000] LR: 0.000080 | Train Loss: 0.003514 (Data: 0.00351, Mono: 0.00001) | Val MSE: 0.000185 (RMSE: 0.0136) 
2026-09-13 15:41:48,202 - INFO - Epoch [ 630/2000] LR: 0.000079 | Train Loss: 0.003511 (Data: 0.00350, Mono: 0.00001) | Val MSE: 0.000191 (RMSE: 0.0138) 
2026-09-13 15:41:48,693 - INFO - Epoch [ 640/2000] LR: 0.000078 | Train Loss: 0.003493 (Data: 0.00349, Mono: 0.00002) | Val MSE: 0.000207 (RMSE: 0.0144) 
2026-09-13 15:41:49,104 - INFO - Epoch [ 650/2000] LR: 0.000078 | Train Loss: 0.003462 (Data: 0.00346, Mono: 0.00001) | Val MSE: 0.000149 (RMSE: 0.0122) 
2026-09-13 15:41:49,512 - INFO - Epoch [ 660/2000] LR: 0.000077 | Train Loss: 0.003381 (Data: 0.00338, Mono: 0.00001) | Val MSE: 0.000194 (RMSE: 0.0139) 
2026-09-13 15:41:49,936 - INFO - Epoch [ 670/2000] LR: 0.000077 | Train Loss: 0.003365 (Data: 0.00336, Mono: 0.00001) | Val MSE: 0.000174 (RMSE: 0.0132) 
2026-09-13 15:41:50,483 - INFO - Epoch [ 680/2000] LR: 0.000076 | Train Loss: 0.003326 (Data: 0.00332, Mono: 0.00002) | Val MSE: 0.000170 (RMSE: 0.0130) 
2026-09-13 15:41:50,903 - INFO - Epoch [ 690/2000] LR: 0.000075 | Train Loss: 0.003297 (Data: 0.00329, Mono: 0.00001) | Val MSE: 0.000188 (RMSE: 0.0137) 
2026-09-13 15:41:51,426 - INFO - Epoch [ 700/2000] LR: 0.000074 | Train Loss: 0.003131 (Data: 0.00313, Mono: 0.00001) | Val MSE: 0.000168 (RMSE: 0.0130) 
2026-09-13 15:41:51,792 - INFO - Epoch [ 707/2000] LR: 0.000074 | Train Loss: 0.003126 (Data: 0.00312, Mono: 0.00001) | Val MSE: 0.000136 (RMSE: 0.0117) [BEST]
2026-09-13 15:41:51,901 - INFO - Epoch [ 710/2000] LR: 0.000074 | Train Loss: 0.003173 (Data: 0.00317, Mono: 0.00001) | Val MSE: 0.000225 (RMSE: 0.0150) 
2026-09-13 15:41:52,309 - INFO - Epoch [ 720/2000] LR: 0.000073 | Train Loss: 0.003165 (Data: 0.00316, Mono: 0.00002) | Val MSE: 0.000184 (RMSE: 0.0136) 
2026-09-13 15:41:52,741 - INFO - Epoch [ 730/2000] LR: 0.000072 | Train Loss: 0.003010 (Data: 0.00300, Mono: 0.00001) | Val MSE: 0.000202 (RMSE: 0.0142) 
2026-09-13 15:41:53,165 - INFO - Epoch [ 740/2000] LR: 0.000072 | Train Loss: 0.003139 (Data: 0.00313, Mono: 0.00001) | Val MSE: 0.000175 (RMSE: 0.0132) 
2026-09-13 15:41:53,579 - INFO - Epoch [ 750/2000] LR: 0.000071 | Train Loss: 0.002985 (Data: 0.00298, Mono: 0.00001) | Val MSE: 0.000146 (RMSE: 0.0121) 
2026-09-13 15:41:53,966 - INFO - Epoch [ 760/2000] LR: 0.000070 | Train Loss: 0.003032 (Data: 0.00303, Mono: 0.00001) | Val MSE: 0.000171 (RMSE: 0.0131) 
2026-09-13 15:41:54,403 - INFO - Epoch [ 770/2000] LR: 0.000070 | Train Loss: 0.003040 (Data: 0.00303, Mono: 0.00001) | Val MSE: 0.000187 (RMSE: 0.0137) 
2026-09-13 15:41:54,805 - INFO - Epoch [ 780/2000] LR: 0.000069 | Train Loss: 0.003020 (Data: 0.00301, Mono: 0.00001) | Val MSE: 0.000157 (RMSE: 0.0125) 
2026-09-13 15:41:55,279 - INFO - Epoch [ 790/2000] LR: 0.000068 | Train Loss: 0.002877 (Data: 0.00287, Mono: 0.00001) | Val MSE: 0.000193 (RMSE: 0.0139) 
2026-09-13 15:41:55,751 - INFO - Epoch [ 800/2000] LR: 0.000067 | Train Loss: 0.002976 (Data: 0.00297, Mono: 0.00001) | Val MSE: 0.000179 (RMSE: 0.0134) 
2026-09-13 15:41:56,313 - INFO - Epoch [ 810/2000] LR: 0.000067 | Train Loss: 0.002733 (Data: 0.00273, Mono: 0.00001) | Val MSE: 0.000190 (RMSE: 0.0138) 
2026-09-13 15:41:56,921 - INFO - Epoch [ 820/2000] LR: 0.000066 | Train Loss: 0.002776 (Data: 0.00277, Mono: 0.00001) | Val MSE: 0.000166 (RMSE: 0.0129) 
2026-09-13 15:41:57,488 - INFO - Epoch [ 830/2000] LR: 0.000065 | Train Loss: 0.002661 (Data: 0.00266, Mono: 0.00001) | Val MSE: 0.000161 (RMSE: 0.0127) 
2026-09-13 15:41:58,041 - INFO - Epoch [ 840/2000] LR: 0.000064 | Train Loss: 0.002773 (Data: 0.00277, Mono: 0.00001) | Val MSE: 0.000203 (RMSE: 0.0142) 
2026-09-13 15:41:58,558 - INFO - Epoch [ 850/2000] LR: 0.000064 | Train Loss: 0.002781 (Data: 0.00278, Mono: 0.00001) | Val MSE: 0.000210 (RMSE: 0.0145) 
2026-09-13 15:41:59,068 - INFO - Epoch [ 860/2000] LR: 0.000063 | Train Loss: 0.002676 (Data: 0.00267, Mono: 0.00001) | Val MSE: 0.000169 (RMSE: 0.0130) 
2026-09-13 15:41:59,621 - INFO - Epoch [ 870/2000] LR: 0.000062 | Train Loss: 0.002740 (Data: 0.00273, Mono: 0.00001) | Val MSE: 0.000182 (RMSE: 0.0135) 
2026-09-13 15:42:00,175 - INFO - Epoch [ 880/2000] LR: 0.000061 | Train Loss: 0.002600 (Data: 0.00260, Mono: 0.00001) | Val MSE: 0.000180 (RMSE: 0.0134) 
2026-09-13 15:42:00,701 - INFO - Epoch [ 890/2000] LR: 0.000061 | Train Loss: 0.002666 (Data: 0.00266, Mono: 0.00001) | Val MSE: 0.000156 (RMSE: 0.0125) 
2026-09-13 15:42:01,246 - INFO - Epoch [ 900/2000] LR: 0.000060 | Train Loss: 0.002593 (Data: 0.00259, Mono: 0.00001) | Val MSE: 0.000187 (RMSE: 0.0137) 
2026-09-13 15:42:01,775 - INFO - Epoch [ 910/2000] LR: 0.000059 | Train Loss: 0.002527 (Data: 0.00252, Mono: 0.00001) | Val MSE: 0.000186 (RMSE: 0.0136) 
2026-09-13 15:42:02,322 - INFO - Epoch [ 920/2000] LR: 0.000058 | Train Loss: 0.002489 (Data: 0.00248, Mono: 0.00001) | Val MSE: 0.000187 (RMSE: 0.0137) 
2026-09-13 15:42:02,881 - INFO - Epoch [ 930/2000] LR: 0.000057 | Train Loss: 0.002513 (Data: 0.00251, Mono: 0.00001) | Val MSE: 0.000177 (RMSE: 0.0133) 
2026-09-13 15:42:03,413 - INFO - Epoch [ 940/2000] LR: 0.000057 | Train Loss: 0.002600 (Data: 0.00259, Mono: 0.00001) | Val MSE: 0.000157 (RMSE: 0.0125) 
2026-09-13 15:42:04,184 - INFO - Epoch [ 950/2000] LR: 0.000056 | Train Loss: 0.002600 (Data: 0.00259, Mono: 0.00001) | Val MSE: 0.000176 (RMSE: 0.0133) 
2026-09-13 15:42:04,772 - INFO - Epoch [ 960/2000] LR: 0.000055 | Train Loss: 0.002454 (Data: 0.00245, Mono: 0.00001) | Val MSE: 0.000187 (RMSE: 0.0137) 
2026-09-13 15:42:05,527 - INFO - Epoch [ 970/2000] LR: 0.000054 | Train Loss: 0.002491 (Data: 0.00249, Mono: 0.00001) | Val MSE: 0.000231 (RMSE: 0.0152) 
2026-09-13 15:42:06,122 - INFO - Epoch [ 980/2000] LR: 0.000054 | Train Loss: 0.002438 (Data: 0.00243, Mono: 0.00001) | Val MSE: 0.000179 (RMSE: 0.0134) 
2026-09-13 15:42:06,626 - INFO - Epoch [ 990/2000] LR: 0.000053 | Train Loss: 0.002455 (Data: 0.00245, Mono: 0.00001) | Val MSE: 0.000155 (RMSE: 0.0125) 
2026-09-13 15:42:07,439 - INFO - Epoch [1000/2000] LR: 0.000052 | Train Loss: 0.002422 (Data: 0.00242, Mono: 0.00001) | Val MSE: 0.000200 (RMSE: 0.0142) 
2026-09-13 15:42:08,232 - INFO - Epoch [1010/2000] LR: 0.000051 | Train Loss: 0.002332 (Data: 0.00233, Mono: 0.00001) | Val MSE: 0.000171 (RMSE: 0.0131) 
2026-09-13 15:42:08,911 - INFO - Epoch [1020/2000] LR: 0.000050 | Train Loss: 0.002343 (Data: 0.00234, Mono: 0.00001) | Val MSE: 0.000202 (RMSE: 0.0142) 
2026-09-13 15:42:09,449 - INFO - Epoch [1030/2000] LR: 0.000050 | Train Loss: 0.002396 (Data: 0.00239, Mono: 0.00001) | Val MSE: 0.000169 (RMSE: 0.0130) 
2026-09-13 15:42:09,977 - INFO - Epoch [1040/2000] LR: 0.000049 | Train Loss: 0.002314 (Data: 0.00231, Mono: 0.00001) | Val MSE: 0.000154 (RMSE: 0.0124) 
2026-09-13 15:42:10,534 - INFO - Epoch [1050/2000] LR: 0.000048 | Train Loss: 0.002409 (Data: 0.00240, Mono: 0.00001) | Val MSE: 0.000200 (RMSE: 0.0142) 
2026-09-13 15:42:11,181 - INFO - Epoch [1060/2000] LR: 0.000047 | Train Loss: 0.002199 (Data: 0.00219, Mono: 0.00001) | Val MSE: 0.000245 (RMSE: 0.0157) 
2026-09-13 15:42:11,771 - INFO - Epoch [1070/2000] LR: 0.000046 | Train Loss: 0.002262 (Data: 0.00226, Mono: 0.00001) | Val MSE: 0.000184 (RMSE: 0.0136) 
2026-09-13 15:42:12,350 - INFO - Epoch [1080/2000] LR: 0.000046 | Train Loss: 0.002320 (Data: 0.00232, Mono: 0.00001) | Val MSE: 0.000173 (RMSE: 0.0132) 
2026-09-13 15:42:12,917 - INFO - Epoch [1090/2000] LR: 0.000045 | Train Loss: 0.002319 (Data: 0.00231, Mono: 0.00001) | Val MSE: 0.000207 (RMSE: 0.0144) 
2026-09-13 15:42:13,431 - INFO - Epoch [1100/2000] LR: 0.000044 | Train Loss: 0.002228 (Data: 0.00222, Mono: 0.00001) | Val MSE: 0.000206 (RMSE: 0.0144) 
2026-09-13 15:42:13,962 - INFO - Epoch [1110/2000] LR: 0.000043 | Train Loss: 0.002201 (Data: 0.00220, Mono: 0.00001) | Val MSE: 0.000185 (RMSE: 0.0136) 
2026-09-13 15:42:14,501 - INFO - Epoch [1120/2000] LR: 0.000043 | Train Loss: 0.002217 (Data: 0.00221, Mono: 0.00001) | Val MSE: 0.000191 (RMSE: 0.0138) 
2026-09-13 15:42:15,028 - INFO - Epoch [1130/2000] LR: 0.000042 | Train Loss: 0.002225 (Data: 0.00222, Mono: 0.00001) | Val MSE: 0.000194 (RMSE: 0.0139) 
2026-09-13 15:42:15,549 - INFO - Epoch [1140/2000] LR: 0.000041 | Train Loss: 0.002139 (Data: 0.00214, Mono: 0.00001) | Val MSE: 0.000190 (RMSE: 0.0138) 
2026-09-13 15:42:16,048 - INFO - Epoch [1150/2000] LR: 0.000040 | Train Loss: 0.002168 (Data: 0.00216, Mono: 0.00001) | Val MSE: 0.000184 (RMSE: 0.0136) 
2026-09-13 15:42:16,579 - INFO - Epoch [1160/2000] LR: 0.000040 | Train Loss: 0.002215 (Data: 0.00221, Mono: 0.00001) | Val MSE: 0.000189 (RMSE: 0.0138) 
2026-09-13 15:42:17,106 - INFO - Epoch [1170/2000] LR: 0.000039 | Train Loss: 0.002150 (Data: 0.00215, Mono: 0.00001) | Val MSE: 0.000190 (RMSE: 0.0138) 
2026-09-13 15:42:17,645 - INFO - Epoch [1180/2000] LR: 0.000038 | Train Loss: 0.002118 (Data: 0.00211, Mono: 0.00001) | Val MSE: 0.000189 (RMSE: 0.0137) 
2026-09-13 15:42:18,168 - INFO - Epoch [1190/2000] LR: 0.000037 | Train Loss: 0.002099 (Data: 0.00209, Mono: 0.00001) | Val MSE: 0.000168 (RMSE: 0.0130) 
2026-09-13 15:42:18,763 - INFO - Epoch [1200/2000] LR: 0.000036 | Train Loss: 0.002026 (Data: 0.00202, Mono: 0.00001) | Val MSE: 0.000196 (RMSE: 0.0140) 
2026-09-13 15:42:19,242 - INFO - Epoch [1210/2000] LR: 0.000036 | Train Loss: 0.002094 (Data: 0.00209, Mono: 0.00001) | Val MSE: 0.000181 (RMSE: 0.0135) 
2026-09-13 15:42:19,783 - INFO - Epoch [1220/2000] LR: 0.000035 | Train Loss: 0.002103 (Data: 0.00210, Mono: 0.00001) | Val MSE: 0.000216 (RMSE: 0.0147) 
2026-09-13 15:42:20,368 - INFO - Epoch [1230/2000] LR: 0.000034 | Train Loss: 0.002069 (Data: 0.00206, Mono: 0.00001) | Val MSE: 0.000197 (RMSE: 0.0140) 
2026-09-13 15:42:20,867 - INFO - Epoch [1240/2000] LR: 0.000034 | Train Loss: 0.002024 (Data: 0.00202, Mono: 0.00001) | Val MSE: 0.000176 (RMSE: 0.0133) 
2026-09-13 15:42:21,511 - INFO - Epoch [1250/2000] LR: 0.000033 | Train Loss: 0.002092 (Data: 0.00209, Mono: 0.00001) | Val MSE: 0.000167 (RMSE: 0.0129) 
2026-09-13 15:42:22,007 - INFO - Epoch [1260/2000] LR: 0.000032 | Train Loss: 0.002084 (Data: 0.00208, Mono: 0.00001) | Val MSE: 0.000174 (RMSE: 0.0132) 
2026-09-13 15:42:22,512 - INFO - Epoch [1270/2000] LR: 0.000031 | Train Loss: 0.002043 (Data: 0.00204, Mono: 0.00001) | Val MSE: 0.000195 (RMSE: 0.0140) 
2026-09-13 15:42:23,048 - INFO - Epoch [1280/2000] LR: 0.000031 | Train Loss: 0.002032 (Data: 0.00203, Mono: 0.00001) | Val MSE: 0.000187 (RMSE: 0.0137) 
2026-09-13 15:42:23,603 - INFO - Epoch [1290/2000] LR: 0.000030 | Train Loss: 0.002063 (Data: 0.00206, Mono: 0.00001) | Val MSE: 0.000162 (RMSE: 0.0127) 
2026-09-13 15:42:24,105 - INFO - Epoch [1300/2000] LR: 0.000029 | Train Loss: 0.001988 (Data: 0.00198, Mono: 0.00001) | Val MSE: 0.000196 (RMSE: 0.0140) 
2026-09-13 15:42:24,575 - INFO - Epoch [1310/2000] LR: 0.000028 | Train Loss: 0.002030 (Data: 0.00202, Mono: 0.00001) | Val MSE: 0.000195 (RMSE: 0.0140) 
2026-09-13 15:42:25,094 - INFO - Epoch [1320/2000] LR: 0.000028 | Train Loss: 0.002017 (Data: 0.00201, Mono: 0.00001) | Val MSE: 0.000220 (RMSE: 0.0148) 
2026-09-13 15:42:25,549 - INFO - Epoch [1330/2000] LR: 0.000027 | Train Loss: 0.001985 (Data: 0.00198, Mono: 0.00001) | Val MSE: 0.000200 (RMSE: 0.0141) 
2026-09-13 15:42:26,042 - INFO - Epoch [1340/2000] LR: 0.000026 | Train Loss: 0.001952 (Data: 0.00195, Mono: 0.00001) | Val MSE: 0.000188 (RMSE: 0.0137) 
2026-09-13 15:42:26,533 - INFO - Epoch [1350/2000] LR: 0.000026 | Train Loss: 0.001955 (Data: 0.00195, Mono: 0.00001) | Val MSE: 0.000195 (RMSE: 0.0140) 
2026-09-13 15:42:27,023 - INFO - Epoch [1360/2000] LR: 0.000025 | Train Loss: 0.002038 (Data: 0.00203, Mono: 0.00001) | Val MSE: 0.000200 (RMSE: 0.0141) 
2026-09-13 15:42:27,551 - INFO - Epoch [1370/2000] LR: 0.000024 | Train Loss: 0.002025 (Data: 0.00202, Mono: 0.00001) | Val MSE: 0.000195 (RMSE: 0.0140) 
2026-09-13 15:42:28,044 - INFO - Epoch [1380/2000] LR: 0.000024 | Train Loss: 0.002017 (Data: 0.00201, Mono: 0.00001) | Val MSE: 0.000171 (RMSE: 0.0131) 
2026-09-13 15:42:28,527 - INFO - Epoch [1390/2000] LR: 0.000023 | Train Loss: 0.001940 (Data: 0.00194, Mono: 0.00001) | Val MSE: 0.000219 (RMSE: 0.0148) 
2026-09-13 15:42:29,043 - INFO - Epoch [1400/2000] LR: 0.000022 | Train Loss: 0.002005 (Data: 0.00200, Mono: 0.00001) | Val MSE: 0.000178 (RMSE: 0.0133) 
2026-09-13 15:42:29,510 - INFO - Epoch [1410/2000] LR: 0.000022 | Train Loss: 0.001916 (Data: 0.00191, Mono: 0.00001) | Val MSE: 0.000196 (RMSE: 0.0140) 
2026-09-13 15:42:30,087 - INFO - Epoch [1420/2000] LR: 0.000021 | Train Loss: 0.001953 (Data: 0.00195, Mono: 0.00001) | Val MSE: 0.000191 (RMSE: 0.0138) 
2026-09-13 15:42:30,586 - INFO - Epoch [1430/2000] LR: 0.000021 | Train Loss: 0.001937 (Data: 0.00193, Mono: 0.00001) | Val MSE: 0.000187 (RMSE: 0.0137) 
2026-09-13 15:42:31,170 - INFO - Epoch [1440/2000] LR: 0.000020 | Train Loss: 0.001913 (Data: 0.00191, Mono: 0.00001) | Val MSE: 0.000180 (RMSE: 0.0134) 
2026-09-13 15:42:31,652 - INFO - Epoch [1450/2000] LR: 0.000019 | Train Loss: 0.001888 (Data: 0.00188, Mono: 0.00001) | Val MSE: 0.000190 (RMSE: 0.0138) 
2026-09-13 15:42:32,100 - INFO - Epoch [1460/2000] LR: 0.000019 | Train Loss: 0.001952 (Data: 0.00195, Mono: 0.00001) | Val MSE: 0.000199 (RMSE: 0.0141) 
2026-09-13 15:42:32,577 - INFO - Epoch [1470/2000] LR: 0.000018 | Train Loss: 0.001863 (Data: 0.00186, Mono: 0.00001) | Val MSE: 0.000203 (RMSE: 0.0143) 
2026-09-13 15:42:33,067 - INFO - Epoch [1480/2000] LR: 0.000018 | Train Loss: 0.001908 (Data: 0.00190, Mono: 0.00001) | Val MSE: 0.000192 (RMSE: 0.0139) 
2026-09-13 15:42:33,560 - INFO - Epoch [1490/2000] LR: 0.000017 | Train Loss: 0.001881 (Data: 0.00188, Mono: 0.00001) | Val MSE: 0.000188 (RMSE: 0.0137) 
2026-09-13 15:42:34,097 - INFO - Epoch [1500/2000] LR: 0.000016 | Train Loss: 0.001884 (Data: 0.00188, Mono: 0.00001) | Val MSE: 0.000184 (RMSE: 0.0136) 
2026-09-13 15:42:34,562 - INFO - Epoch [1510/2000] LR: 0.000016 | Train Loss: 0.001872 (Data: 0.00187, Mono: 0.00001) | Val MSE: 0.000189 (RMSE: 0.0138) 
2026-09-13 15:42:35,033 - INFO - Epoch [1520/2000] LR: 0.000015 | Train Loss: 0.001880 (Data: 0.00188, Mono: 0.00001) | Val MSE: 0.000183 (RMSE: 0.0135) 
2026-09-13 15:42:35,500 - INFO - Epoch [1530/2000] LR: 0.000015 | Train Loss: 0.001906 (Data: 0.00190, Mono: 0.00001) | Val MSE: 0.000194 (RMSE: 0.0139) 
2026-09-13 15:42:35,983 - INFO - Epoch [1540/2000] LR: 0.000014 | Train Loss: 0.001922 (Data: 0.00192, Mono: 0.00001) | Val MSE: 0.000193 (RMSE: 0.0139) 
2026-09-13 15:42:36,490 - INFO - Epoch [1550/2000] LR: 0.000014 | Train Loss: 0.001941 (Data: 0.00194, Mono: 0.00001) | Val MSE: 0.000193 (RMSE: 0.0139) 
2026-09-13 15:42:36,999 - INFO - Epoch [1560/2000] LR: 0.000013 | Train Loss: 0.001900 (Data: 0.00190, Mono: 0.00001) | Val MSE: 0.000200 (RMSE: 0.0141) 
2026-09-13 15:42:37,521 - INFO - Epoch [1570/2000] LR: 0.000013 | Train Loss: 0.001875 (Data: 0.00187, Mono: 0.00001) | Val MSE: 0.000183 (RMSE: 0.0135) 
2026-09-13 15:42:38,017 - INFO - Epoch [1580/2000] LR: 0.000012 | Train Loss: 0.001894 (Data: 0.00189, Mono: 0.00001) | Val MSE: 0.000191 (RMSE: 0.0138) 
2026-09-13 15:42:38,499 - INFO - Epoch [1590/2000] LR: 0.000012 | Train Loss: 0.001855 (Data: 0.00185, Mono: 0.00001) | Val MSE: 0.000191 (RMSE: 0.0138) 
2026-09-13 15:42:38,898 - INFO - Epoch [1600/2000] LR: 0.000011 | Train Loss: 0.001823 (Data: 0.00182, Mono: 0.00001) | Val MSE: 0.000194 (RMSE: 0.0139) 
2026-09-13 15:42:39,299 - INFO - Epoch [1610/2000] LR: 0.000011 | Train Loss: 0.001901 (Data: 0.00190, Mono: 0.00001) | Val MSE: 0.000196 (RMSE: 0.0140) 
2026-09-13 15:42:39,709 - INFO - Epoch [1620/2000] LR: 0.000010 | Train Loss: 0.001945 (Data: 0.00194, Mono: 0.00001) | Val MSE: 0.000191 (RMSE: 0.0138) 
2026-09-13 15:42:40,127 - INFO - Epoch [1630/2000] LR: 0.000010 | Train Loss: 0.001818 (Data: 0.00181, Mono: 0.00001) | Val MSE: 0.000196 (RMSE: 0.0140) 
2026-09-13 15:42:40,521 - INFO - Epoch [1640/2000] LR: 0.000009 | Train Loss: 0.001936 (Data: 0.00193, Mono: 0.00001) | Val MSE: 0.000205 (RMSE: 0.0143) 
2026-09-13 15:42:40,914 - INFO - Epoch [1650/2000] LR: 0.000009 | Train Loss: 0.001955 (Data: 0.00195, Mono: 0.00001) | Val MSE: 0.000196 (RMSE: 0.0140) 
2026-09-13 15:42:41,303 - INFO - Epoch [1660/2000] LR: 0.000009 | Train Loss: 0.001856 (Data: 0.00185, Mono: 0.00001) | Val MSE: 0.000200 (RMSE: 0.0141) 
2026-09-13 15:42:41,701 - INFO - Epoch [1670/2000] LR: 0.000008 | Train Loss: 0.001893 (Data: 0.00189, Mono: 0.00001) | Val MSE: 0.000199 (RMSE: 0.0141) 
2026-09-13 15:42:42,095 - INFO - Epoch [1680/2000] LR: 0.000008 | Train Loss: 0.001848 (Data: 0.00184, Mono: 0.00001) | Val MSE: 0.000195 (RMSE: 0.0140) 
2026-09-13 15:42:42,551 - INFO - Epoch [1690/2000] LR: 0.000007 | Train Loss: 0.001861 (Data: 0.00186, Mono: 0.00001) | Val MSE: 0.000199 (RMSE: 0.0141) 
2026-09-13 15:42:43,021 - INFO - Epoch [1700/2000] LR: 0.000007 | Train Loss: 0.001791 (Data: 0.00179, Mono: 0.00001) | Val MSE: 0.000183 (RMSE: 0.0135) 
2026-09-13 15:42:43,406 - INFO - Epoch [1710/2000] LR: 0.000007 | Train Loss: 0.001820 (Data: 0.00182, Mono: 0.00001) | Val MSE: 0.000195 (RMSE: 0.0140) 
2026-09-13 15:42:43,794 - INFO - Epoch [1720/2000] LR: 0.000006 | Train Loss: 0.001732 (Data: 0.00173, Mono: 0.00001) | Val MSE: 0.000192 (RMSE: 0.0139) 
2026-09-13 15:42:44,199 - INFO - Epoch [1730/2000] LR: 0.000006 | Train Loss: 0.001841 (Data: 0.00184, Mono: 0.00001) | Val MSE: 0.000194 (RMSE: 0.0139) 
2026-09-13 15:42:44,609 - INFO - Epoch [1740/2000] LR: 0.000006 | Train Loss: 0.001814 (Data: 0.00181, Mono: 0.00001) | Val MSE: 0.000195 (RMSE: 0.0139) 
2026-09-13 15:42:45,016 - INFO - Epoch [1750/2000] LR: 0.000005 | Train Loss: 0.001849 (Data: 0.00184, Mono: 0.00001) | Val MSE: 0.000187 (RMSE: 0.0137) 
2026-09-13 15:42:45,497 - INFO - Epoch [1760/2000] LR: 0.000005 | Train Loss: 0.001819 (Data: 0.00181, Mono: 0.00001) | Val MSE: 0.000178 (RMSE: 0.0133) 
2026-09-13 15:42:45,907 - INFO - Epoch [1770/2000] LR: 0.000005 | Train Loss: 0.001834 (Data: 0.00183, Mono: 0.00001) | Val MSE: 0.000199 (RMSE: 0.0141) 
2026-09-13 15:42:46,315 - INFO - Epoch [1780/2000] LR: 0.000005 | Train Loss: 0.001819 (Data: 0.00181, Mono: 0.00001) | Val MSE: 0.000189 (RMSE: 0.0137) 
2026-09-13 15:42:46,705 - INFO - Epoch [1790/2000] LR: 0.000004 | Train Loss: 0.001856 (Data: 0.00185, Mono: 0.00001) | Val MSE: 0.000194 (RMSE: 0.0139) 
2026-09-13 15:42:47,124 - INFO - Epoch [1800/2000] LR: 0.000004 | Train Loss: 0.001965 (Data: 0.00196, Mono: 0.00001) | Val MSE: 0.000189 (RMSE: 0.0138) 
2026-09-13 15:42:47,566 - INFO - Epoch [1810/2000] LR: 0.000004 | Train Loss: 0.001749 (Data: 0.00175, Mono: 0.00001) | Val MSE: 0.000194 (RMSE: 0.0139) 
2026-09-13 15:42:47,990 - INFO - Epoch [1820/2000] LR: 0.000004 | Train Loss: 0.001810 (Data: 0.00181, Mono: 0.00001) | Val MSE: 0.000195 (RMSE: 0.0140) 
2026-09-13 15:42:48,419 - INFO - Epoch [1830/2000] LR: 0.000003 | Train Loss: 0.001842 (Data: 0.00184, Mono: 0.00001) | Val MSE: 0.000188 (RMSE: 0.0137) 
2026-09-13 15:42:48,837 - INFO - Epoch [1840/2000] LR: 0.000003 | Train Loss: 0.001761 (Data: 0.00176, Mono: 0.00001) | Val MSE: 0.000189 (RMSE: 0.0138) 
2026-09-13 15:42:49,253 - INFO - Epoch [1850/2000] LR: 0.000003 | Train Loss: 0.001849 (Data: 0.00184, Mono: 0.00001) | Val MSE: 0.000191 (RMSE: 0.0138) 
2026-09-13 15:42:49,685 - INFO - Epoch [1860/2000] LR: 0.000003 | Train Loss: 0.001803 (Data: 0.00180, Mono: 0.00001) | Val MSE: 0.000193 (RMSE: 0.0139) 
2026-09-13 15:42:50,093 - INFO - Epoch [1870/2000] LR: 0.000003 | Train Loss: 0.001784 (Data: 0.00178, Mono: 0.00001) | Val MSE: 0.000192 (RMSE: 0.0139) 
2026-09-13 15:42:50,498 - INFO - Epoch [1880/2000] LR: 0.000002 | Train Loss: 0.001841 (Data: 0.00184, Mono: 0.00001) | Val MSE: 0.000193 (RMSE: 0.0139) 
2026-09-13 15:42:50,920 - INFO - Epoch [1890/2000] LR: 0.000002 | Train Loss: 0.001774 (Data: 0.00177, Mono: 0.00001) | Val MSE: 0.000194 (RMSE: 0.0139) 
2026-09-13 15:42:51,340 - INFO - Epoch [1900/2000] LR: 0.000002 | Train Loss: 0.001792 (Data: 0.00179, Mono: 0.00001) | Val MSE: 0.000192 (RMSE: 0.0139) 
2026-09-13 15:42:51,749 - INFO - Epoch [1910/2000] LR: 0.000002 | Train Loss: 0.001805 (Data: 0.00180, Mono: 0.00001) | Val MSE: 0.000195 (RMSE: 0.0140) 
2026-09-13 15:42:52,195 - INFO - Epoch [1920/2000] LR: 0.000002 | Train Loss: 0.001771 (Data: 0.00177, Mono: 0.00001) | Val MSE: 0.000195 (RMSE: 0.0140) 
2026-09-13 15:42:52,633 - INFO - Epoch [1930/2000] LR: 0.000002 | Train Loss: 0.001851 (Data: 0.00185, Mono: 0.00001) | Val MSE: 0.000192 (RMSE: 0.0138) 
2026-09-13 15:42:53,061 - INFO - Epoch [1940/2000] LR: 0.000002 | Train Loss: 0.001768 (Data: 0.00176, Mono: 0.00001) | Val MSE: 0.000191 (RMSE: 0.0138) 
2026-09-13 15:42:53,466 - INFO - Epoch [1950/2000] LR: 0.000002 | Train Loss: 0.001874 (Data: 0.00187, Mono: 0.00001) | Val MSE: 0.000192 (RMSE: 0.0138) 
2026-09-13 15:42:53,867 - INFO - Epoch [1960/2000] LR: 0.000002 | Train Loss: 0.001798 (Data: 0.00179, Mono: 0.00001) | Val MSE: 0.000191 (RMSE: 0.0138) 
2026-09-13 15:42:54,328 - INFO - Epoch [1970/2000] LR: 0.000002 | Train Loss: 0.001793 (Data: 0.00179, Mono: 0.00001) | Val MSE: 0.000190 (RMSE: 0.0138) 
2026-09-13 15:42:54,783 - INFO - Epoch [1980/2000] LR: 0.000002 | Train Loss: 0.001835 (Data: 0.00183, Mono: 0.00001) | Val MSE: 0.000187 (RMSE: 0.0137) 
2026-09-13 15:42:55,177 - INFO - Epoch [1990/2000] LR: 0.000002 | Train Loss: 0.001789 (Data: 0.00178, Mono: 0.00001) | Val MSE: 0.000193 (RMSE: 0.0139) 
2026-09-13 15:42:55,582 - INFO - Epoch [2000/2000] LR: 0.000002 | Train Loss: 0.001776 (Data: 0.00177, Mono: 0.00001) | Val MSE: 0.000189 (RMSE: 0.0137) 
2026-09-13 15:42:55,582 - INFO - Training completed in 95.62s. Loading best checkpoint from epoch 707 for final test evaluation...
2026-09-13 15:42:55,611 - INFO - ==================================================
2026-09-13 15:42:55,611 - INFO - Test Results for [XJTU] - [R3] (Best Epoch 707):
2026-09-13 15:42:55,611 - INFO -   Test RMSE: 0.009667
2026-09-13 15:42:55,611 - INFO -   Test MAE:  0.008364
2026-09-13 15:42:55,611 - INFO -   Test MAPE: 0.892602
2026-09-13 15:42:55,611 - INFO -   Test MSE:  0.000093
2026-09-13 15:42:55,612 - INFO - ==================================================
2026-09-13 16:50:20,309 - INFO - ==================================================
2026-09-13 16:50:20,309 - INFO - Starting FusionMLP Training for [XJTU] - [R3]
2026-09-13 16:50:20,309 - INFO - Device: cuda | Epochs: 2000 | LR: 0.000100 | Mono Weight: 0.4000 | Knee Feature: True
2026-09-13 16:50:20,309 - INFO - ==================================================
2026-09-13 16:50:20,389 - INFO - Data Splits: Train=5, Val=1, Test=2
2026-09-13 16:50:20,451 - INFO - Epoch [   1/2000] LR: 0.006063 | Train Loss: 0.315839 (Data: 0.31582, Mono: 0.00004) | Val MSE: 0.164462 (RMSE: 0.4055) [BEST]
2026-09-13 16:50:20,500 - INFO - Epoch [   2/2000] LR: 0.005857 | Train Loss: 0.107110 (Data: 0.10709, Mono: 0.00004) | Val MSE: 0.053918 (RMSE: 0.2322) [BEST]
2026-09-13 16:50:20,543 - INFO - Epoch [   3/2000] LR: 0.005651 | Train Loss: 0.054096 (Data: 0.05408, Mono: 0.00003) | Val MSE: 0.039421 (RMSE: 0.1985) [BEST]
2026-09-13 16:50:20,586 - INFO - Epoch [   4/2000] LR: 0.005446 | Train Loss: 0.033742 (Data: 0.03373, Mono: 0.00003) | Val MSE: 0.028576 (RMSE: 0.1690) [BEST]
2026-09-13 16:50:20,629 - INFO - Epoch [   5/2000] LR: 0.005240 | Train Loss: 0.034784 (Data: 0.03477, Mono: 0.00003) | Val MSE: 0.003383 (RMSE: 0.0582) [BEST]
2026-09-13 16:50:20,747 - INFO - Epoch [   8/2000] LR: 0.004623 | Train Loss: 0.014065 (Data: 0.01405, Mono: 0.00003) | Val MSE: 0.001245 (RMSE: 0.0353) [BEST]
2026-09-13 16:50:20,821 - INFO - Epoch [  10/2000] LR: 0.004212 | Train Loss: 0.012299 (Data: 0.01229, Mono: 0.00003) | Val MSE: 0.000852 (RMSE: 0.0292) [BEST]
2026-09-13 16:50:20,871 - INFO - Epoch [  11/2000] LR: 0.004007 | Train Loss: 0.010965 (Data: 0.01096, Mono: 0.00002) | Val MSE: 0.000656 (RMSE: 0.0256) [BEST]
2026-09-13 16:50:20,947 - INFO - Epoch [  13/2000] LR: 0.003595 | Train Loss: 0.010241 (Data: 0.01023, Mono: 0.00002) | Val MSE: 0.000515 (RMSE: 0.0227) [BEST]
2026-09-13 16:50:20,997 - INFO - Epoch [  14/2000] LR: 0.003390 | Train Loss: 0.009322 (Data: 0.00931, Mono: 0.00003) | Val MSE: 0.000127 (RMSE: 0.0113) [BEST]
2026-09-13 16:50:21,229 - INFO - Epoch [  20/2000] LR: 0.002156 | Train Loss: 0.007935 (Data: 0.00793, Mono: 0.00002) | Val MSE: 0.000177 (RMSE: 0.0133) 
2026-09-13 16:50:21,616 - INFO - Epoch [  30/2000] LR: 0.000100 | Train Loss: 0.007382 (Data: 0.00737, Mono: 0.00002) | Val MSE: 0.000214 (RMSE: 0.0146) 
2026-09-13 16:50:22,054 - INFO - Epoch [  40/2000] LR: 0.000100 | Train Loss: 0.006910 (Data: 0.00690, Mono: 0.00002) | Val MSE: 0.000201 (RMSE: 0.0142) 
2026-09-13 16:50:22,531 - INFO - Epoch [  50/2000] LR: 0.000100 | Train Loss: 0.006952 (Data: 0.00694, Mono: 0.00002) | Val MSE: 0.000213 (RMSE: 0.0146) 
2026-09-13 16:50:23,015 - INFO - Epoch [  60/2000] LR: 0.000100 | Train Loss: 0.007031 (Data: 0.00702, Mono: 0.00002) | Val MSE: 0.000174 (RMSE: 0.0132) 
2026-09-13 16:50:23,448 - INFO - Epoch [  70/2000] LR: 0.000100 | Train Loss: 0.007010 (Data: 0.00700, Mono: 0.00002) | Val MSE: 0.000193 (RMSE: 0.0139) 
2026-09-13 16:50:23,854 - INFO - Epoch [  80/2000] LR: 0.000100 | Train Loss: 0.006708 (Data: 0.00670, Mono: 0.00002) | Val MSE: 0.000196 (RMSE: 0.0140) 
2026-09-13 16:50:24,250 - INFO - Epoch [  90/2000] LR: 0.000100 | Train Loss: 0.006572 (Data: 0.00656, Mono: 0.00002) | Val MSE: 0.000190 (RMSE: 0.0138) 
2026-09-13 16:50:24,628 - INFO - Epoch [ 100/2000] LR: 0.000100 | Train Loss: 0.006460 (Data: 0.00645, Mono: 0.00002) | Val MSE: 0.000166 (RMSE: 0.0129) 
2026-09-13 16:50:25,025 - INFO - Epoch [ 110/2000] LR: 0.000100 | Train Loss: 0.006478 (Data: 0.00647, Mono: 0.00002) | Val MSE: 0.000196 (RMSE: 0.0140) 
2026-09-13 16:50:25,418 - INFO - Epoch [ 120/2000] LR: 0.000099 | Train Loss: 0.006310 (Data: 0.00630, Mono: 0.00002) | Val MSE: 0.000183 (RMSE: 0.0135) 
2026-09-13 16:50:25,804 - INFO - Epoch [ 130/2000] LR: 0.000099 | Train Loss: 0.006258 (Data: 0.00625, Mono: 0.00002) | Val MSE: 0.000201 (RMSE: 0.0142) 
2026-09-13 16:50:26,194 - INFO - Epoch [ 140/2000] LR: 0.000099 | Train Loss: 0.006392 (Data: 0.00638, Mono: 0.00002) | Val MSE: 0.000197 (RMSE: 0.0140) 
2026-09-13 16:50:26,585 - INFO - Epoch [ 150/2000] LR: 0.000099 | Train Loss: 0.006017 (Data: 0.00601, Mono: 0.00002) | Val MSE: 0.000173 (RMSE: 0.0132) 
2026-09-13 16:50:26,999 - INFO - Epoch [ 160/2000] LR: 0.000099 | Train Loss: 0.005810 (Data: 0.00580, Mono: 0.00002) | Val MSE: 0.000176 (RMSE: 0.0133) 
2026-09-13 16:50:27,460 - INFO - Epoch [ 170/2000] LR: 0.000099 | Train Loss: 0.005656 (Data: 0.00565, Mono: 0.00002) | Val MSE: 0.000174 (RMSE: 0.0132) 
2026-09-13 16:50:28,025 - INFO - Epoch [ 180/2000] LR: 0.000099 | Train Loss: 0.005678 (Data: 0.00567, Mono: 0.00002) | Val MSE: 0.000165 (RMSE: 0.0128) 
2026-09-13 16:50:28,495 - INFO - Epoch [ 190/2000] LR: 0.000098 | Train Loss: 0.005588 (Data: 0.00558, Mono: 0.00002) | Val MSE: 0.000154 (RMSE: 0.0124) 
2026-09-13 16:50:28,958 - INFO - Epoch [ 200/2000] LR: 0.000098 | Train Loss: 0.005364 (Data: 0.00536, Mono: 0.00002) | Val MSE: 0.000231 (RMSE: 0.0152) 
2026-09-13 16:50:29,433 - INFO - Epoch [ 210/2000] LR: 0.000098 | Train Loss: 0.005566 (Data: 0.00556, Mono: 0.00002) | Val MSE: 0.000202 (RMSE: 0.0142) 
2026-09-13 16:50:29,890 - INFO - Epoch [ 220/2000] LR: 0.000098 | Train Loss: 0.005251 (Data: 0.00524, Mono: 0.00002) | Val MSE: 0.000173 (RMSE: 0.0132) 
2026-09-13 16:50:30,324 - INFO - Epoch [ 230/2000] LR: 0.000098 | Train Loss: 0.005115 (Data: 0.00511, Mono: 0.00002) | Val MSE: 0.000155 (RMSE: 0.0124) 
2026-09-13 16:50:30,998 - INFO - Epoch [ 240/2000] LR: 0.000097 | Train Loss: 0.005220 (Data: 0.00521, Mono: 0.00002) | Val MSE: 0.000172 (RMSE: 0.0131) 
2026-09-13 16:50:31,592 - INFO - Epoch [ 250/2000] LR: 0.000097 | Train Loss: 0.004892 (Data: 0.00488, Mono: 0.00002) | Val MSE: 0.000167 (RMSE: 0.0129) 
2026-09-13 16:50:32,078 - INFO - Epoch [ 260/2000] LR: 0.000097 | Train Loss: 0.004747 (Data: 0.00474, Mono: 0.00002) | Val MSE: 0.000180 (RMSE: 0.0134) 
2026-09-13 16:50:32,559 - INFO - Epoch [ 270/2000] LR: 0.000096 | Train Loss: 0.004826 (Data: 0.00482, Mono: 0.00002) | Val MSE: 0.000177 (RMSE: 0.0133) 
2026-09-13 16:50:33,042 - INFO - Epoch [ 280/2000] LR: 0.000096 | Train Loss: 0.004758 (Data: 0.00475, Mono: 0.00002) | Val MSE: 0.000170 (RMSE: 0.0131) 
2026-09-13 16:50:33,623 - INFO - Epoch [ 290/2000] LR: 0.000096 | Train Loss: 0.004700 (Data: 0.00469, Mono: 0.00002) | Val MSE: 0.000172 (RMSE: 0.0131) 
2026-09-13 16:50:34,083 - INFO - Epoch [ 300/2000] LR: 0.000096 | Train Loss: 0.004562 (Data: 0.00456, Mono: 0.00002) | Val MSE: 0.000163 (RMSE: 0.0128) 
2026-09-13 16:50:34,909 - INFO - Epoch [ 310/2000] LR: 0.000095 | Train Loss: 0.004496 (Data: 0.00449, Mono: 0.00002) | Val MSE: 0.000197 (RMSE: 0.0140) 
2026-09-13 16:50:35,389 - INFO - Epoch [ 320/2000] LR: 0.000095 | Train Loss: 0.004208 (Data: 0.00420, Mono: 0.00002) | Val MSE: 0.000177 (RMSE: 0.0133) 
2026-09-13 16:50:35,853 - INFO - Epoch [ 330/2000] LR: 0.000094 | Train Loss: 0.004269 (Data: 0.00426, Mono: 0.00002) | Val MSE: 0.000143 (RMSE: 0.0119) 
2026-09-13 16:50:36,280 - INFO - Epoch [ 340/2000] LR: 0.000094 | Train Loss: 0.004229 (Data: 0.00422, Mono: 0.00002) | Val MSE: 0.000164 (RMSE: 0.0128) 
2026-09-13 16:50:36,718 - INFO - Epoch [ 350/2000] LR: 0.000094 | Train Loss: 0.004195 (Data: 0.00419, Mono: 0.00002) | Val MSE: 0.000183 (RMSE: 0.0135) 
2026-09-13 16:50:37,151 - INFO - Epoch [ 360/2000] LR: 0.000093 | Train Loss: 0.004203 (Data: 0.00420, Mono: 0.00002) | Val MSE: 0.000149 (RMSE: 0.0122) 
2026-09-13 16:50:37,563 - INFO - Epoch [ 370/2000] LR: 0.000093 | Train Loss: 0.003976 (Data: 0.00397, Mono: 0.00002) | Val MSE: 0.000155 (RMSE: 0.0124) 
2026-09-13 16:50:37,995 - INFO - Epoch [ 380/2000] LR: 0.000093 | Train Loss: 0.004026 (Data: 0.00402, Mono: 0.00002) | Val MSE: 0.000155 (RMSE: 0.0125) 
2026-09-13 16:50:38,402 - INFO - Epoch [ 390/2000] LR: 0.000092 | Train Loss: 0.003864 (Data: 0.00386, Mono: 0.00002) | Val MSE: 0.000176 (RMSE: 0.0132) 
2026-09-13 16:50:38,822 - INFO - Epoch [ 400/2000] LR: 0.000092 | Train Loss: 0.003825 (Data: 0.00382, Mono: 0.00002) | Val MSE: 0.000158 (RMSE: 0.0126) 
2026-09-13 16:50:39,247 - INFO - Epoch [ 410/2000] LR: 0.000091 | Train Loss: 0.003732 (Data: 0.00373, Mono: 0.00002) | Val MSE: 0.000169 (RMSE: 0.0130) 
2026-09-13 16:50:39,673 - INFO - Epoch [ 420/2000] LR: 0.000091 | Train Loss: 0.003712 (Data: 0.00371, Mono: 0.00002) | Val MSE: 0.000165 (RMSE: 0.0128) 
2026-09-13 16:50:40,123 - INFO - Epoch [ 430/2000] LR: 0.000090 | Train Loss: 0.003534 (Data: 0.00353, Mono: 0.00002) | Val MSE: 0.000186 (RMSE: 0.0136) 
2026-09-13 16:50:40,546 - INFO - Epoch [ 440/2000] LR: 0.000090 | Train Loss: 0.003488 (Data: 0.00348, Mono: 0.00002) | Val MSE: 0.000221 (RMSE: 0.0149) 
2026-09-13 16:50:40,947 - INFO - Epoch [ 450/2000] LR: 0.000089 | Train Loss: 0.003559 (Data: 0.00355, Mono: 0.00002) | Val MSE: 0.000170 (RMSE: 0.0130) 
2026-09-13 16:50:41,406 - INFO - Epoch [ 460/2000] LR: 0.000089 | Train Loss: 0.003482 (Data: 0.00348, Mono: 0.00002) | Val MSE: 0.000136 (RMSE: 0.0117) 
2026-09-13 16:50:41,837 - INFO - Epoch [ 470/2000] LR: 0.000088 | Train Loss: 0.003353 (Data: 0.00335, Mono: 0.00001) | Val MSE: 0.000196 (RMSE: 0.0140) 
2026-09-13 16:50:42,290 - INFO - Epoch [ 480/2000] LR: 0.000088 | Train Loss: 0.003440 (Data: 0.00343, Mono: 0.00002) | Val MSE: 0.000218 (RMSE: 0.0148) 
2026-09-13 16:50:42,724 - INFO - Epoch [ 490/2000] LR: 0.000087 | Train Loss: 0.003230 (Data: 0.00322, Mono: 0.00001) | Val MSE: 0.000203 (RMSE: 0.0143) 
2026-09-13 16:50:43,199 - INFO - Epoch [ 500/2000] LR: 0.000087 | Train Loss: 0.003197 (Data: 0.00319, Mono: 0.00001) | Val MSE: 0.000183 (RMSE: 0.0135) 
2026-09-13 16:50:43,658 - INFO - Epoch [ 510/2000] LR: 0.000086 | Train Loss: 0.003209 (Data: 0.00320, Mono: 0.00001) | Val MSE: 0.000194 (RMSE: 0.0139) 
2026-09-13 16:50:44,108 - INFO - Epoch [ 520/2000] LR: 0.000086 | Train Loss: 0.003141 (Data: 0.00314, Mono: 0.00001) | Val MSE: 0.000215 (RMSE: 0.0146) 
2026-09-13 16:50:44,575 - INFO - Epoch [ 530/2000] LR: 0.000085 | Train Loss: 0.003113 (Data: 0.00311, Mono: 0.00002) | Val MSE: 0.000231 (RMSE: 0.0152) 
2026-09-13 16:50:45,032 - INFO - Epoch [ 540/2000] LR: 0.000085 | Train Loss: 0.002982 (Data: 0.00298, Mono: 0.00002) | Val MSE: 0.000163 (RMSE: 0.0128) 
2026-09-13 16:50:45,493 - INFO - Epoch [ 550/2000] LR: 0.000084 | Train Loss: 0.002991 (Data: 0.00298, Mono: 0.00002) | Val MSE: 0.000159 (RMSE: 0.0126) 
2026-09-13 16:50:45,943 - INFO - Epoch [ 560/2000] LR: 0.000083 | Train Loss: 0.002961 (Data: 0.00296, Mono: 0.00001) | Val MSE: 0.000173 (RMSE: 0.0131) 
2026-09-13 16:50:46,399 - INFO - Epoch [ 570/2000] LR: 0.000083 | Train Loss: 0.002960 (Data: 0.00295, Mono: 0.00001) | Val MSE: 0.000179 (RMSE: 0.0134) 
2026-09-13 16:50:46,832 - INFO - Epoch [ 580/2000] LR: 0.000082 | Train Loss: 0.002947 (Data: 0.00294, Mono: 0.00001) | Val MSE: 0.000171 (RMSE: 0.0131) 
2026-09-13 16:50:47,297 - INFO - Epoch [ 590/2000] LR: 0.000082 | Train Loss: 0.002885 (Data: 0.00288, Mono: 0.00001) | Val MSE: 0.000170 (RMSE: 0.0130) 
2026-09-13 16:50:47,731 - INFO - Epoch [ 600/2000] LR: 0.000081 | Train Loss: 0.002781 (Data: 0.00278, Mono: 0.00001) | Val MSE: 0.000235 (RMSE: 0.0153) 
2026-09-13 16:50:48,177 - INFO - Epoch [ 610/2000] LR: 0.000080 | Train Loss: 0.002952 (Data: 0.00295, Mono: 0.00001) | Val MSE: 0.000205 (RMSE: 0.0143) 
2026-09-13 16:50:48,608 - INFO - Epoch [ 620/2000] LR: 0.000080 | Train Loss: 0.002666 (Data: 0.00266, Mono: 0.00001) | Val MSE: 0.000218 (RMSE: 0.0148) 
2026-09-13 16:50:49,064 - INFO - Epoch [ 630/2000] LR: 0.000079 | Train Loss: 0.002705 (Data: 0.00270, Mono: 0.00001) | Val MSE: 0.000217 (RMSE: 0.0147) 
2026-09-13 16:50:49,532 - INFO - Epoch [ 640/2000] LR: 0.000078 | Train Loss: 0.002695 (Data: 0.00269, Mono: 0.00001) | Val MSE: 0.000209 (RMSE: 0.0145) 
2026-09-13 16:50:49,961 - INFO - Epoch [ 650/2000] LR: 0.000078 | Train Loss: 0.002645 (Data: 0.00264, Mono: 0.00001) | Val MSE: 0.000191 (RMSE: 0.0138) 
2026-09-13 16:50:50,367 - INFO - Epoch [ 660/2000] LR: 0.000077 | Train Loss: 0.002578 (Data: 0.00257, Mono: 0.00001) | Val MSE: 0.000162 (RMSE: 0.0127) 
2026-09-13 16:50:50,775 - INFO - Epoch [ 670/2000] LR: 0.000077 | Train Loss: 0.002614 (Data: 0.00261, Mono: 0.00001) | Val MSE: 0.000182 (RMSE: 0.0135) 
2026-09-13 16:50:51,194 - INFO - Epoch [ 680/2000] LR: 0.000076 | Train Loss: 0.002506 (Data: 0.00250, Mono: 0.00001) | Val MSE: 0.000238 (RMSE: 0.0154) 
2026-09-13 16:50:51,600 - INFO - Epoch [ 690/2000] LR: 0.000075 | Train Loss: 0.002387 (Data: 0.00238, Mono: 0.00001) | Val MSE: 0.000201 (RMSE: 0.0142) 
2026-09-13 16:50:52,023 - INFO - Epoch [ 700/2000] LR: 0.000074 | Train Loss: 0.002439 (Data: 0.00243, Mono: 0.00001) | Val MSE: 0.000181 (RMSE: 0.0135) 
2026-09-13 16:50:52,463 - INFO - Epoch [ 710/2000] LR: 0.000074 | Train Loss: 0.002416 (Data: 0.00241, Mono: 0.00001) | Val MSE: 0.000210 (RMSE: 0.0145) 
2026-09-13 16:50:52,894 - INFO - Epoch [ 720/2000] LR: 0.000073 | Train Loss: 0.002384 (Data: 0.00238, Mono: 0.00001) | Val MSE: 0.000188 (RMSE: 0.0137) 
2026-09-13 16:50:53,333 - INFO - Epoch [ 730/2000] LR: 0.000072 | Train Loss: 0.002361 (Data: 0.00236, Mono: 0.00001) | Val MSE: 0.000192 (RMSE: 0.0138) 
2026-09-13 16:50:53,741 - INFO - Epoch [ 740/2000] LR: 0.000072 | Train Loss: 0.002374 (Data: 0.00237, Mono: 0.00001) | Val MSE: 0.000189 (RMSE: 0.0137) 
2026-09-13 16:50:54,175 - INFO - Epoch [ 750/2000] LR: 0.000071 | Train Loss: 0.002335 (Data: 0.00233, Mono: 0.00001) | Val MSE: 0.000210 (RMSE: 0.0145) 
2026-09-13 16:50:54,594 - INFO - Epoch [ 760/2000] LR: 0.000070 | Train Loss: 0.002336 (Data: 0.00233, Mono: 0.00001) | Val MSE: 0.000198 (RMSE: 0.0141) 
2026-09-13 16:50:55,011 - INFO - Epoch [ 770/2000] LR: 0.000070 | Train Loss: 0.002264 (Data: 0.00226, Mono: 0.00001) | Val MSE: 0.000246 (RMSE: 0.0157) 
2026-09-13 16:50:55,430 - INFO - Epoch [ 780/2000] LR: 0.000069 | Train Loss: 0.002180 (Data: 0.00218, Mono: 0.00001) | Val MSE: 0.000196 (RMSE: 0.0140) 
2026-09-13 16:50:55,846 - INFO - Epoch [ 790/2000] LR: 0.000068 | Train Loss: 0.002311 (Data: 0.00231, Mono: 0.00001) | Val MSE: 0.000221 (RMSE: 0.0149) 
2026-09-13 16:50:56,276 - INFO - Epoch [ 800/2000] LR: 0.000067 | Train Loss: 0.002141 (Data: 0.00214, Mono: 0.00001) | Val MSE: 0.000192 (RMSE: 0.0138) 
2026-09-13 16:50:56,696 - INFO - Epoch [ 810/2000] LR: 0.000067 | Train Loss: 0.002215 (Data: 0.00221, Mono: 0.00001) | Val MSE: 0.000214 (RMSE: 0.0146) 
2026-09-13 16:50:57,104 - INFO - Epoch [ 820/2000] LR: 0.000066 | Train Loss: 0.002148 (Data: 0.00214, Mono: 0.00001) | Val MSE: 0.000217 (RMSE: 0.0147) 
2026-09-13 16:50:57,552 - INFO - Epoch [ 830/2000] LR: 0.000065 | Train Loss: 0.002041 (Data: 0.00204, Mono: 0.00001) | Val MSE: 0.000212 (RMSE: 0.0146) 
2026-09-13 16:50:58,008 - INFO - Epoch [ 840/2000] LR: 0.000064 | Train Loss: 0.002145 (Data: 0.00214, Mono: 0.00001) | Val MSE: 0.000217 (RMSE: 0.0147) 
2026-09-13 16:50:58,443 - INFO - Epoch [ 850/2000] LR: 0.000064 | Train Loss: 0.002149 (Data: 0.00214, Mono: 0.00001) | Val MSE: 0.000250 (RMSE: 0.0158) 
2026-09-13 16:50:58,903 - INFO - Epoch [ 860/2000] LR: 0.000063 | Train Loss: 0.002166 (Data: 0.00216, Mono: 0.00001) | Val MSE: 0.000200 (RMSE: 0.0141) 
2026-09-13 16:50:59,360 - INFO - Epoch [ 870/2000] LR: 0.000062 | Train Loss: 0.002029 (Data: 0.00202, Mono: 0.00001) | Val MSE: 0.000235 (RMSE: 0.0153) 
2026-09-13 16:50:59,804 - INFO - Epoch [ 880/2000] LR: 0.000061 | Train Loss: 0.002140 (Data: 0.00213, Mono: 0.00001) | Val MSE: 0.000251 (RMSE: 0.0158) 
2026-09-13 16:51:00,250 - INFO - Epoch [ 890/2000] LR: 0.000061 | Train Loss: 0.002083 (Data: 0.00208, Mono: 0.00001) | Val MSE: 0.000230 (RMSE: 0.0152) 
2026-09-13 16:51:00,732 - INFO - Epoch [ 900/2000] LR: 0.000060 | Train Loss: 0.002004 (Data: 0.00200, Mono: 0.00001) | Val MSE: 0.000268 (RMSE: 0.0164) 
2026-09-13 16:51:01,192 - INFO - Epoch [ 910/2000] LR: 0.000059 | Train Loss: 0.002069 (Data: 0.00207, Mono: 0.00001) | Val MSE: 0.000206 (RMSE: 0.0144) 
2026-09-13 16:51:01,624 - INFO - Epoch [ 920/2000] LR: 0.000058 | Train Loss: 0.002001 (Data: 0.00200, Mono: 0.00001) | Val MSE: 0.000241 (RMSE: 0.0155) 
2026-09-13 16:51:02,074 - INFO - Epoch [ 930/2000] LR: 0.000057 | Train Loss: 0.001918 (Data: 0.00191, Mono: 0.00001) | Val MSE: 0.000243 (RMSE: 0.0156) 
2026-09-13 16:51:02,522 - INFO - Epoch [ 940/2000] LR: 0.000057 | Train Loss: 0.001997 (Data: 0.00199, Mono: 0.00001) | Val MSE: 0.000225 (RMSE: 0.0150) 
2026-09-13 16:51:02,984 - INFO - Epoch [ 950/2000] LR: 0.000056 | Train Loss: 0.001907 (Data: 0.00190, Mono: 0.00001) | Val MSE: 0.000234 (RMSE: 0.0153) 
2026-09-13 16:51:03,430 - INFO - Epoch [ 960/2000] LR: 0.000055 | Train Loss: 0.002010 (Data: 0.00201, Mono: 0.00001) | Val MSE: 0.000227 (RMSE: 0.0151) 
2026-09-13 16:51:03,886 - INFO - Epoch [ 970/2000] LR: 0.000054 | Train Loss: 0.001976 (Data: 0.00197, Mono: 0.00001) | Val MSE: 0.000266 (RMSE: 0.0163) 
2026-09-13 16:51:04,360 - INFO - Epoch [ 980/2000] LR: 0.000054 | Train Loss: 0.001954 (Data: 0.00195, Mono: 0.00001) | Val MSE: 0.000287 (RMSE: 0.0169) 
2026-09-13 16:51:04,844 - INFO - Epoch [ 990/2000] LR: 0.000053 | Train Loss: 0.001829 (Data: 0.00183, Mono: 0.00001) | Val MSE: 0.000227 (RMSE: 0.0151) 
2026-09-13 16:51:05,314 - INFO - Epoch [1000/2000] LR: 0.000052 | Train Loss: 0.001939 (Data: 0.00193, Mono: 0.00001) | Val MSE: 0.000273 (RMSE: 0.0165) 
2026-09-13 16:51:05,766 - INFO - Epoch [1010/2000] LR: 0.000051 | Train Loss: 0.001914 (Data: 0.00191, Mono: 0.00001) | Val MSE: 0.000261 (RMSE: 0.0162) 
2026-09-13 16:51:06,202 - INFO - Epoch [1020/2000] LR: 0.000050 | Train Loss: 0.001872 (Data: 0.00187, Mono: 0.00001) | Val MSE: 0.000246 (RMSE: 0.0157) 
2026-09-13 16:51:06,646 - INFO - Epoch [1030/2000] LR: 0.000050 | Train Loss: 0.001784 (Data: 0.00178, Mono: 0.00001) | Val MSE: 0.000243 (RMSE: 0.0156) 
2026-09-13 16:51:07,081 - INFO - Epoch [1040/2000] LR: 0.000049 | Train Loss: 0.001843 (Data: 0.00184, Mono: 0.00001) | Val MSE: 0.000240 (RMSE: 0.0155) 
2026-09-13 16:51:07,506 - INFO - Epoch [1050/2000] LR: 0.000048 | Train Loss: 0.001847 (Data: 0.00184, Mono: 0.00001) | Val MSE: 0.000239 (RMSE: 0.0154) 
2026-09-13 16:51:07,890 - INFO - Epoch [1060/2000] LR: 0.000047 | Train Loss: 0.001840 (Data: 0.00184, Mono: 0.00001) | Val MSE: 0.000272 (RMSE: 0.0165) 
2026-09-13 16:51:08,309 - INFO - Epoch [1070/2000] LR: 0.000046 | Train Loss: 0.001832 (Data: 0.00183, Mono: 0.00001) | Val MSE: 0.000248 (RMSE: 0.0158) 
2026-09-13 16:51:08,726 - INFO - Epoch [1080/2000] LR: 0.000046 | Train Loss: 0.001817 (Data: 0.00181, Mono: 0.00001) | Val MSE: 0.000247 (RMSE: 0.0157) 
2026-09-13 16:51:09,139 - INFO - Epoch [1090/2000] LR: 0.000045 | Train Loss: 0.001755 (Data: 0.00175, Mono: 0.00001) | Val MSE: 0.000231 (RMSE: 0.0152) 
2026-09-13 16:51:09,588 - INFO - Epoch [1100/2000] LR: 0.000044 | Train Loss: 0.001778 (Data: 0.00177, Mono: 0.00001) | Val MSE: 0.000231 (RMSE: 0.0152) 
2026-09-13 16:51:10,028 - INFO - Epoch [1110/2000] LR: 0.000043 | Train Loss: 0.001703 (Data: 0.00170, Mono: 0.00001) | Val MSE: 0.000259 (RMSE: 0.0161) 
2026-09-13 16:51:10,476 - INFO - Epoch [1120/2000] LR: 0.000043 | Train Loss: 0.001710 (Data: 0.00171, Mono: 0.00001) | Val MSE: 0.000250 (RMSE: 0.0158) 
2026-09-13 16:51:10,887 - INFO - Epoch [1130/2000] LR: 0.000042 | Train Loss: 0.001762 (Data: 0.00176, Mono: 0.00001) | Val MSE: 0.000243 (RMSE: 0.0156) 
2026-09-13 16:51:11,308 - INFO - Epoch [1140/2000] LR: 0.000041 | Train Loss: 0.001790 (Data: 0.00179, Mono: 0.00001) | Val MSE: 0.000243 (RMSE: 0.0156) 
2026-09-13 16:51:11,748 - INFO - Epoch [1150/2000] LR: 0.000040 | Train Loss: 0.001756 (Data: 0.00175, Mono: 0.00001) | Val MSE: 0.000283 (RMSE: 0.0168) 
2026-09-13 16:51:12,161 - INFO - Epoch [1160/2000] LR: 0.000040 | Train Loss: 0.001756 (Data: 0.00175, Mono: 0.00001) | Val MSE: 0.000246 (RMSE: 0.0157) 
2026-09-13 16:51:12,589 - INFO - Epoch [1170/2000] LR: 0.000039 | Train Loss: 0.001726 (Data: 0.00172, Mono: 0.00001) | Val MSE: 0.000232 (RMSE: 0.0152) 
2026-09-13 16:51:13,029 - INFO - Epoch [1180/2000] LR: 0.000038 | Train Loss: 0.001746 (Data: 0.00174, Mono: 0.00001) | Val MSE: 0.000255 (RMSE: 0.0160) 
2026-09-13 16:51:13,475 - INFO - Epoch [1190/2000] LR: 0.000037 | Train Loss: 0.001779 (Data: 0.00177, Mono: 0.00001) | Val MSE: 0.000257 (RMSE: 0.0160) 
2026-09-13 16:51:13,917 - INFO - Epoch [1200/2000] LR: 0.000036 | Train Loss: 0.001702 (Data: 0.00170, Mono: 0.00001) | Val MSE: 0.000256 (RMSE: 0.0160) 
2026-09-13 16:51:14,369 - INFO - Epoch [1210/2000] LR: 0.000036 | Train Loss: 0.001746 (Data: 0.00174, Mono: 0.00001) | Val MSE: 0.000258 (RMSE: 0.0161) 
2026-09-13 16:51:14,849 - INFO - Epoch [1220/2000] LR: 0.000035 | Train Loss: 0.001699 (Data: 0.00169, Mono: 0.00001) | Val MSE: 0.000261 (RMSE: 0.0162) 
2026-09-13 16:51:15,309 - INFO - Epoch [1230/2000] LR: 0.000034 | Train Loss: 0.001706 (Data: 0.00170, Mono: 0.00001) | Val MSE: 0.000245 (RMSE: 0.0157) 
2026-09-13 16:51:15,736 - INFO - Epoch [1240/2000] LR: 0.000034 | Train Loss: 0.001707 (Data: 0.00170, Mono: 0.00001) | Val MSE: 0.000251 (RMSE: 0.0158) 
2026-09-13 16:51:16,163 - INFO - Epoch [1250/2000] LR: 0.000033 | Train Loss: 0.001649 (Data: 0.00165, Mono: 0.00001) | Val MSE: 0.000253 (RMSE: 0.0159) 
2026-09-13 16:51:16,633 - INFO - Epoch [1260/2000] LR: 0.000032 | Train Loss: 0.001641 (Data: 0.00164, Mono: 0.00001) | Val MSE: 0.000258 (RMSE: 0.0161) 
2026-09-13 16:51:17,077 - INFO - Epoch [1270/2000] LR: 0.000031 | Train Loss: 0.001666 (Data: 0.00166, Mono: 0.00001) | Val MSE: 0.000262 (RMSE: 0.0162) 
2026-09-13 16:51:17,517 - INFO - Epoch [1280/2000] LR: 0.000031 | Train Loss: 0.001639 (Data: 0.00164, Mono: 0.00001) | Val MSE: 0.000262 (RMSE: 0.0162) 
2026-09-13 16:51:17,977 - INFO - Epoch [1290/2000] LR: 0.000030 | Train Loss: 0.001658 (Data: 0.00165, Mono: 0.00001) | Val MSE: 0.000233 (RMSE: 0.0153) 
2026-09-13 16:51:18,416 - INFO - Epoch [1300/2000] LR: 0.000029 | Train Loss: 0.001679 (Data: 0.00168, Mono: 0.00001) | Val MSE: 0.000259 (RMSE: 0.0161) 
2026-09-13 16:51:18,872 - INFO - Epoch [1310/2000] LR: 0.000028 | Train Loss: 0.001679 (Data: 0.00167, Mono: 0.00001) | Val MSE: 0.000247 (RMSE: 0.0157) 
2026-09-13 16:51:19,320 - INFO - Epoch [1320/2000] LR: 0.000028 | Train Loss: 0.001638 (Data: 0.00163, Mono: 0.00001) | Val MSE: 0.000252 (RMSE: 0.0159) 
2026-09-13 16:51:19,779 - INFO - Epoch [1330/2000] LR: 0.000027 | Train Loss: 0.001641 (Data: 0.00164, Mono: 0.00001) | Val MSE: 0.000252 (RMSE: 0.0159) 
2026-09-13 16:51:20,241 - INFO - Epoch [1340/2000] LR: 0.000026 | Train Loss: 0.001686 (Data: 0.00168, Mono: 0.00001) | Val MSE: 0.000248 (RMSE: 0.0157) 
2026-09-13 16:51:20,700 - INFO - Epoch [1350/2000] LR: 0.000026 | Train Loss: 0.001591 (Data: 0.00159, Mono: 0.00001) | Val MSE: 0.000253 (RMSE: 0.0159) 
2026-09-13 16:51:21,130 - INFO - Epoch [1360/2000] LR: 0.000025 | Train Loss: 0.001638 (Data: 0.00163, Mono: 0.00001) | Val MSE: 0.000262 (RMSE: 0.0162) 
2026-09-13 16:51:21,537 - INFO - Epoch [1370/2000] LR: 0.000024 | Train Loss: 0.001640 (Data: 0.00164, Mono: 0.00001) | Val MSE: 0.000240 (RMSE: 0.0155) 
2026-09-13 16:51:21,956 - INFO - Epoch [1380/2000] LR: 0.000024 | Train Loss: 0.001596 (Data: 0.00159, Mono: 0.00001) | Val MSE: 0.000248 (RMSE: 0.0158) 
2026-09-13 16:51:22,388 - INFO - Epoch [1390/2000] LR: 0.000023 | Train Loss: 0.001675 (Data: 0.00167, Mono: 0.00001) | Val MSE: 0.000245 (RMSE: 0.0156) 
2026-09-13 16:51:22,790 - INFO - Epoch [1400/2000] LR: 0.000022 | Train Loss: 0.001612 (Data: 0.00161, Mono: 0.00001) | Val MSE: 0.000245 (RMSE: 0.0156) 
2026-09-13 16:51:23,220 - INFO - Epoch [1410/2000] LR: 0.000022 | Train Loss: 0.001575 (Data: 0.00157, Mono: 0.00001) | Val MSE: 0.000251 (RMSE: 0.0158) 
2026-09-13 16:51:23,666 - INFO - Epoch [1420/2000] LR: 0.000021 | Train Loss: 0.001617 (Data: 0.00161, Mono: 0.00001) | Val MSE: 0.000245 (RMSE: 0.0157) 
2026-09-13 16:51:24,066 - INFO - Epoch [1430/2000] LR: 0.000021 | Train Loss: 0.001555 (Data: 0.00155, Mono: 0.00001) | Val MSE: 0.000254 (RMSE: 0.0159) 
2026-09-13 16:51:24,535 - INFO - Epoch [1440/2000] LR: 0.000020 | Train Loss: 0.001661 (Data: 0.00166, Mono: 0.00001) | Val MSE: 0.000242 (RMSE: 0.0156) 
2026-09-13 16:51:24,984 - INFO - Epoch [1450/2000] LR: 0.000019 | Train Loss: 0.001609 (Data: 0.00161, Mono: 0.00001) | Val MSE: 0.000268 (RMSE: 0.0164) 
2026-09-13 16:51:25,415 - INFO - Epoch [1460/2000] LR: 0.000019 | Train Loss: 0.001580 (Data: 0.00158, Mono: 0.00001) | Val MSE: 0.000264 (RMSE: 0.0163) 
2026-09-13 16:51:25,886 - INFO - Epoch [1470/2000] LR: 0.000018 | Train Loss: 0.001549 (Data: 0.00155, Mono: 0.00001) | Val MSE: 0.000262 (RMSE: 0.0162) 
2026-09-13 16:51:26,344 - INFO - Epoch [1480/2000] LR: 0.000018 | Train Loss: 0.001593 (Data: 0.00159, Mono: 0.00001) | Val MSE: 0.000258 (RMSE: 0.0161) 
2026-09-13 16:51:26,771 - INFO - Epoch [1490/2000] LR: 0.000017 | Train Loss: 0.001583 (Data: 0.00158, Mono: 0.00001) | Val MSE: 0.000242 (RMSE: 0.0155) 
2026-09-13 16:51:27,205 - INFO - Epoch [1500/2000] LR: 0.000016 | Train Loss: 0.001578 (Data: 0.00157, Mono: 0.00001) | Val MSE: 0.000245 (RMSE: 0.0156) 
2026-09-13 16:51:27,611 - INFO - Epoch [1510/2000] LR: 0.000016 | Train Loss: 0.001596 (Data: 0.00159, Mono: 0.00001) | Val MSE: 0.000253 (RMSE: 0.0159) 
2026-09-13 16:51:28,025 - INFO - Epoch [1520/2000] LR: 0.000015 | Train Loss: 0.001577 (Data: 0.00157, Mono: 0.00001) | Val MSE: 0.000241 (RMSE: 0.0155) 
2026-09-13 16:51:28,443 - INFO - Epoch [1530/2000] LR: 0.000015 | Train Loss: 0.001570 (Data: 0.00157, Mono: 0.00001) | Val MSE: 0.000254 (RMSE: 0.0159) 
2026-09-13 16:51:28,867 - INFO - Epoch [1540/2000] LR: 0.000014 | Train Loss: 0.001606 (Data: 0.00160, Mono: 0.00001) | Val MSE: 0.000243 (RMSE: 0.0156) 
2026-09-13 16:51:29,306 - INFO - Epoch [1550/2000] LR: 0.000014 | Train Loss: 0.001544 (Data: 0.00154, Mono: 0.00001) | Val MSE: 0.000254 (RMSE: 0.0159) 
2026-09-13 16:51:29,740 - INFO - Epoch [1560/2000] LR: 0.000013 | Train Loss: 0.001497 (Data: 0.00149, Mono: 0.00001) | Val MSE: 0.000246 (RMSE: 0.0157) 
2026-09-13 16:51:30,218 - INFO - Epoch [1570/2000] LR: 0.000013 | Train Loss: 0.001556 (Data: 0.00155, Mono: 0.00001) | Val MSE: 0.000246 (RMSE: 0.0157) 
2026-09-13 16:51:30,632 - INFO - Epoch [1580/2000] LR: 0.000012 | Train Loss: 0.001620 (Data: 0.00162, Mono: 0.00001) | Val MSE: 0.000242 (RMSE: 0.0156) 
2026-09-13 16:51:31,040 - INFO - Epoch [1590/2000] LR: 0.000012 | Train Loss: 0.001577 (Data: 0.00157, Mono: 0.00001) | Val MSE: 0.000249 (RMSE: 0.0158) 
2026-09-13 16:51:31,465 - INFO - Epoch [1600/2000] LR: 0.000011 | Train Loss: 0.001569 (Data: 0.00157, Mono: 0.00001) | Val MSE: 0.000247 (RMSE: 0.0157) 
2026-09-13 16:51:31,929 - INFO - Epoch [1610/2000] LR: 0.000011 | Train Loss: 0.001581 (Data: 0.00158, Mono: 0.00001) | Val MSE: 0.000244 (RMSE: 0.0156) 
2026-09-13 16:51:32,369 - INFO - Epoch [1620/2000] LR: 0.000010 | Train Loss: 0.001563 (Data: 0.00156, Mono: 0.00001) | Val MSE: 0.000256 (RMSE: 0.0160) 
2026-09-13 16:51:32,794 - INFO - Epoch [1630/2000] LR: 0.000010 | Train Loss: 0.001513 (Data: 0.00151, Mono: 0.00001) | Val MSE: 0.000250 (RMSE: 0.0158) 
2026-09-13 16:51:33,211 - INFO - Epoch [1640/2000] LR: 0.000009 | Train Loss: 0.001593 (Data: 0.00159, Mono: 0.00001) | Val MSE: 0.000245 (RMSE: 0.0157) 
2026-09-13 16:51:33,616 - INFO - Epoch [1650/2000] LR: 0.000009 | Train Loss: 0.001523 (Data: 0.00152, Mono: 0.00001) | Val MSE: 0.000251 (RMSE: 0.0158) 
2026-09-13 16:51:34,020 - INFO - Epoch [1660/2000] LR: 0.000009 | Train Loss: 0.001529 (Data: 0.00153, Mono: 0.00001) | Val MSE: 0.000247 (RMSE: 0.0157) 
2026-09-13 16:51:34,441 - INFO - Epoch [1670/2000] LR: 0.000008 | Train Loss: 0.001540 (Data: 0.00154, Mono: 0.00001) | Val MSE: 0.000243 (RMSE: 0.0156) 
2026-09-13 16:51:34,875 - INFO - Epoch [1680/2000] LR: 0.000008 | Train Loss: 0.001518 (Data: 0.00151, Mono: 0.00001) | Val MSE: 0.000250 (RMSE: 0.0158) 
2026-09-13 16:51:35,283 - INFO - Epoch [1690/2000] LR: 0.000007 | Train Loss: 0.001516 (Data: 0.00151, Mono: 0.00001) | Val MSE: 0.000244 (RMSE: 0.0156) 
2026-09-13 16:51:35,684 - INFO - Epoch [1700/2000] LR: 0.000007 | Train Loss: 0.001501 (Data: 0.00150, Mono: 0.00001) | Val MSE: 0.000253 (RMSE: 0.0159) 
2026-09-13 16:51:36,091 - INFO - Epoch [1710/2000] LR: 0.000007 | Train Loss: 0.001527 (Data: 0.00152, Mono: 0.00001) | Val MSE: 0.000241 (RMSE: 0.0155) 
2026-09-13 16:51:36,494 - INFO - Epoch [1720/2000] LR: 0.000006 | Train Loss: 0.001533 (Data: 0.00153, Mono: 0.00001) | Val MSE: 0.000253 (RMSE: 0.0159) 
2026-09-13 16:51:36,899 - INFO - Epoch [1730/2000] LR: 0.000006 | Train Loss: 0.001565 (Data: 0.00156, Mono: 0.00001) | Val MSE: 0.000245 (RMSE: 0.0157) 
2026-09-13 16:51:37,305 - INFO - Epoch [1740/2000] LR: 0.000006 | Train Loss: 0.001578 (Data: 0.00157, Mono: 0.00001) | Val MSE: 0.000245 (RMSE: 0.0156) 
2026-09-13 16:51:37,703 - INFO - Epoch [1750/2000] LR: 0.000005 | Train Loss: 0.001533 (Data: 0.00153, Mono: 0.00001) | Val MSE: 0.000245 (RMSE: 0.0156) 
2026-09-13 16:51:38,097 - INFO - Epoch [1760/2000] LR: 0.000005 | Train Loss: 0.001548 (Data: 0.00154, Mono: 0.00001) | Val MSE: 0.000246 (RMSE: 0.0157) 
2026-09-13 16:51:38,518 - INFO - Epoch [1770/2000] LR: 0.000005 | Train Loss: 0.001557 (Data: 0.00155, Mono: 0.00001) | Val MSE: 0.000247 (RMSE: 0.0157) 
2026-09-13 16:51:38,934 - INFO - Epoch [1780/2000] LR: 0.000005 | Train Loss: 0.001543 (Data: 0.00154, Mono: 0.00001) | Val MSE: 0.000242 (RMSE: 0.0155) 
2026-09-13 16:51:39,332 - INFO - Epoch [1790/2000] LR: 0.000004 | Train Loss: 0.001523 (Data: 0.00152, Mono: 0.00001) | Val MSE: 0.000251 (RMSE: 0.0158) 
2026-09-13 16:51:39,718 - INFO - Epoch [1800/2000] LR: 0.000004 | Train Loss: 0.001512 (Data: 0.00151, Mono: 0.00001) | Val MSE: 0.000249 (RMSE: 0.0158) 
2026-09-13 16:51:40,125 - INFO - Epoch [1810/2000] LR: 0.000004 | Train Loss: 0.001527 (Data: 0.00152, Mono: 0.00001) | Val MSE: 0.000250 (RMSE: 0.0158) 
2026-09-13 16:51:40,532 - INFO - Epoch [1820/2000] LR: 0.000004 | Train Loss: 0.001530 (Data: 0.00153, Mono: 0.00001) | Val MSE: 0.000245 (RMSE: 0.0157) 
2026-09-13 16:51:40,937 - INFO - Epoch [1830/2000] LR: 0.000003 | Train Loss: 0.001530 (Data: 0.00153, Mono: 0.00001) | Val MSE: 0.000245 (RMSE: 0.0156) 
2026-09-13 16:51:41,367 - INFO - Epoch [1840/2000] LR: 0.000003 | Train Loss: 0.001478 (Data: 0.00147, Mono: 0.00001) | Val MSE: 0.000247 (RMSE: 0.0157) 
2026-09-13 16:51:41,767 - INFO - Epoch [1850/2000] LR: 0.000003 | Train Loss: 0.001468 (Data: 0.00146, Mono: 0.00001) | Val MSE: 0.000245 (RMSE: 0.0157) 
2026-09-13 16:51:42,155 - INFO - Epoch [1860/2000] LR: 0.000003 | Train Loss: 0.001514 (Data: 0.00151, Mono: 0.00001) | Val MSE: 0.000247 (RMSE: 0.0157) 
2026-09-13 16:51:42,551 - INFO - Epoch [1870/2000] LR: 0.000003 | Train Loss: 0.001544 (Data: 0.00154, Mono: 0.00001) | Val MSE: 0.000246 (RMSE: 0.0157) 
2026-09-13 16:51:42,963 - INFO - Epoch [1880/2000] LR: 0.000002 | Train Loss: 0.001513 (Data: 0.00151, Mono: 0.00001) | Val MSE: 0.000247 (RMSE: 0.0157) 
2026-09-13 16:51:43,362 - INFO - Epoch [1890/2000] LR: 0.000002 | Train Loss: 0.001510 (Data: 0.00151, Mono: 0.00001) | Val MSE: 0.000248 (RMSE: 0.0157) 
2026-09-13 16:51:43,761 - INFO - Epoch [1900/2000] LR: 0.000002 | Train Loss: 0.001550 (Data: 0.00155, Mono: 0.00001) | Val MSE: 0.000245 (RMSE: 0.0156) 
2026-09-13 16:51:44,195 - INFO - Epoch [1910/2000] LR: 0.000002 | Train Loss: 0.001519 (Data: 0.00152, Mono: 0.00001) | Val MSE: 0.000245 (RMSE: 0.0157) 
2026-09-13 16:51:44,611 - INFO - Epoch [1920/2000] LR: 0.000002 | Train Loss: 0.001500 (Data: 0.00150, Mono: 0.00001) | Val MSE: 0.000247 (RMSE: 0.0157) 
2026-09-13 16:51:45,022 - INFO - Epoch [1930/2000] LR: 0.000002 | Train Loss: 0.001470 (Data: 0.00147, Mono: 0.00001) | Val MSE: 0.000248 (RMSE: 0.0158) 
2026-09-13 16:51:45,438 - INFO - Epoch [1940/2000] LR: 0.000002 | Train Loss: 0.001541 (Data: 0.00154, Mono: 0.00001) | Val MSE: 0.000245 (RMSE: 0.0157) 
2026-09-13 16:51:45,824 - INFO - Epoch [1950/2000] LR: 0.000002 | Train Loss: 0.001523 (Data: 0.00152, Mono: 0.00001) | Val MSE: 0.000243 (RMSE: 0.0156) 
2026-09-13 16:51:46,235 - INFO - Epoch [1960/2000] LR: 0.000002 | Train Loss: 0.001492 (Data: 0.00149, Mono: 0.00001) | Val MSE: 0.000246 (RMSE: 0.0157) 
2026-09-13 16:51:46,636 - INFO - Epoch [1970/2000] LR: 0.000002 | Train Loss: 0.001520 (Data: 0.00152, Mono: 0.00001) | Val MSE: 0.000245 (RMSE: 0.0156) 
2026-09-13 16:51:47,063 - INFO - Epoch [1980/2000] LR: 0.000002 | Train Loss: 0.001532 (Data: 0.00153, Mono: 0.00001) | Val MSE: 0.000246 (RMSE: 0.0157) 
2026-09-13 16:51:47,497 - INFO - Epoch [1990/2000] LR: 0.000002 | Train Loss: 0.001490 (Data: 0.00149, Mono: 0.00001) | Val MSE: 0.000245 (RMSE: 0.0157) 
2026-09-13 16:51:47,902 - INFO - Epoch [2000/2000] LR: 0.000002 | Train Loss: 0.001524 (Data: 0.00152, Mono: 0.00001) | Val MSE: 0.000246 (RMSE: 0.0157) 
2026-09-13 16:51:47,902 - INFO - Training completed in 87.49s. Loading best checkpoint from epoch 14 for final test evaluation...
2026-09-13 16:51:47,933 - INFO - ==================================================
2026-09-13 16:51:47,934 - INFO - Test Results for [XJTU] - [R3] (Best Epoch 14):
2026-09-13 16:51:47,934 - INFO -   Test RMSE: 0.014023
2026-09-13 16:51:47,934 - INFO -   Test MAE:  0.011659
2026-09-13 16:51:47,934 - INFO -   Test MAPE: 1.238299
2026-09-13 16:51:47,934 - INFO -   Test MSE:  0.000197
2026-09-13 16:51:47,934 - INFO - ==================================================
2026-09-13 16:57:08,414 - INFO - ==================================================
2026-09-13 16:57:08,414 - INFO - Starting FusionMLP Training for [XJTU] - [R3]
2026-09-13 16:57:08,414 - INFO - Device: cuda | Epochs: 2000 | LR: 0.000100 | Mono Weight: 0.4000 | Knee Feature: True
2026-09-13 16:57:08,414 - INFO - ==================================================
2026-09-13 16:57:08,490 - INFO - Data Splits: Train=5, Val=1, Test=2
2026-09-13 16:57:08,551 - INFO - Epoch [   1/2000] LR: 0.006063 | Train Loss: 0.357830 (Data: 0.35782, Mono: 0.00003) | Val MSE: 0.300968 (RMSE: 0.5486) [BEST]
2026-09-13 16:57:08,589 - INFO - Epoch [   2/2000] LR: 0.005857 | Train Loss: 0.152303 (Data: 0.15229, Mono: 0.00004) | Val MSE: 0.098874 (RMSE: 0.3144) [BEST]
2026-09-13 16:57:08,626 - INFO - Epoch [   3/2000] LR: 0.005651 | Train Loss: 0.081807 (Data: 0.08179, Mono: 0.00005) | Val MSE: 0.040640 (RMSE: 0.2016) [BEST]
2026-09-13 16:57:08,661 - INFO - Epoch [   4/2000] LR: 0.005446 | Train Loss: 0.056130 (Data: 0.05611, Mono: 0.00004) | Val MSE: 0.014414 (RMSE: 0.1201) [BEST]
2026-09-13 16:57:08,699 - INFO - Epoch [   5/2000] LR: 0.005240 | Train Loss: 0.044107 (Data: 0.04409, Mono: 0.00004) | Val MSE: 0.005804 (RMSE: 0.0762) [BEST]
2026-09-13 16:57:08,803 - INFO - Epoch [   8/2000] LR: 0.004623 | Train Loss: 0.019834 (Data: 0.01982, Mono: 0.00003) | Val MSE: 0.003465 (RMSE: 0.0589) [BEST]
2026-09-13 16:57:08,843 - INFO - Epoch [   9/2000] LR: 0.004418 | Train Loss: 0.018892 (Data: 0.01888, Mono: 0.00003) | Val MSE: 0.001148 (RMSE: 0.0339) [BEST]
2026-09-13 16:57:08,884 - INFO - Epoch [  10/2000] LR: 0.004212 | Train Loss: 0.015888 (Data: 0.01587, Mono: 0.00003) | Val MSE: 0.004151 (RMSE: 0.0644) 
2026-09-13 16:57:08,922 - INFO - Epoch [  11/2000] LR: 0.004007 | Train Loss: 0.015692 (Data: 0.01568, Mono: 0.00003) | Val MSE: 0.000423 (RMSE: 0.0206) [BEST]
2026-09-13 16:57:09,029 - INFO - Epoch [  14/2000] LR: 0.003390 | Train Loss: 0.012696 (Data: 0.01268, Mono: 0.00003) | Val MSE: 0.000212 (RMSE: 0.0145) [BEST]
2026-09-13 16:57:09,070 - INFO - Epoch [  15/2000] LR: 0.003184 | Train Loss: 0.012202 (Data: 0.01219, Mono: 0.00003) | Val MSE: 0.000183 (RMSE: 0.0135) [BEST]
2026-09-13 16:57:09,174 - INFO - Epoch [  18/2000] LR: 0.002567 | Train Loss: 0.010988 (Data: 0.01098, Mono: 0.00003) | Val MSE: 0.000140 (RMSE: 0.0118) [BEST]
2026-09-13 16:57:09,249 - INFO - Epoch [  20/2000] LR: 0.002156 | Train Loss: 0.010290 (Data: 0.01028, Mono: 0.00003) | Val MSE: 0.000201 (RMSE: 0.0142) 
2026-09-13 16:57:09,288 - INFO - Epoch [  21/2000] LR: 0.001950 | Train Loss: 0.009728 (Data: 0.00972, Mono: 0.00003) | Val MSE: 0.000131 (RMSE: 0.0115) [BEST]
2026-09-13 16:57:09,709 - INFO - Epoch [  30/2000] LR: 0.000100 | Train Loss: 0.008682 (Data: 0.00867, Mono: 0.00003) | Val MSE: 0.000189 (RMSE: 0.0138) 
2026-09-13 16:57:10,071 - INFO - Epoch [  40/2000] LR: 0.000100 | Train Loss: 0.008663 (Data: 0.00865, Mono: 0.00002) | Val MSE: 0.000188 (RMSE: 0.0137) 
2026-09-13 16:57:10,416 - INFO - Epoch [  50/2000] LR: 0.000100 | Train Loss: 0.009083 (Data: 0.00907, Mono: 0.00002) | Val MSE: 0.000216 (RMSE: 0.0147) 
2026-09-13 16:57:10,745 - INFO - Epoch [  60/2000] LR: 0.000100 | Train Loss: 0.008631 (Data: 0.00862, Mono: 0.00003) | Val MSE: 0.000208 (RMSE: 0.0144) 
2026-09-13 16:57:11,069 - INFO - Epoch [  70/2000] LR: 0.000100 | Train Loss: 0.008906 (Data: 0.00890, Mono: 0.00003) | Val MSE: 0.000191 (RMSE: 0.0138) 
2026-09-13 16:57:11,460 - INFO - Epoch [  80/2000] LR: 0.000100 | Train Loss: 0.008484 (Data: 0.00847, Mono: 0.00002) | Val MSE: 0.000184 (RMSE: 0.0136) 
2026-09-13 16:57:11,813 - INFO - Epoch [  90/2000] LR: 0.000100 | Train Loss: 0.008424 (Data: 0.00841, Mono: 0.00002) | Val MSE: 0.000183 (RMSE: 0.0135) 
2026-09-13 16:57:12,145 - INFO - Epoch [ 100/2000] LR: 0.000100 | Train Loss: 0.008112 (Data: 0.00810, Mono: 0.00002) | Val MSE: 0.000198 (RMSE: 0.0141) 
2026-09-13 16:57:12,465 - INFO - Epoch [ 110/2000] LR: 0.000100 | Train Loss: 0.008081 (Data: 0.00807, Mono: 0.00002) | Val MSE: 0.000197 (RMSE: 0.0140) 
2026-09-13 16:57:12,804 - INFO - Epoch [ 120/2000] LR: 0.000099 | Train Loss: 0.007952 (Data: 0.00794, Mono: 0.00002) | Val MSE: 0.000207 (RMSE: 0.0144) 
2026-09-13 16:57:13,134 - INFO - Epoch [ 130/2000] LR: 0.000099 | Train Loss: 0.007659 (Data: 0.00765, Mono: 0.00002) | Val MSE: 0.000179 (RMSE: 0.0134) 
2026-09-13 16:57:13,466 - INFO - Epoch [ 140/2000] LR: 0.000099 | Train Loss: 0.007655 (Data: 0.00765, Mono: 0.00002) | Val MSE: 0.000174 (RMSE: 0.0132) 
2026-09-13 16:57:13,805 - INFO - Epoch [ 150/2000] LR: 0.000099 | Train Loss: 0.007486 (Data: 0.00748, Mono: 0.00002) | Val MSE: 0.000181 (RMSE: 0.0135) 
2026-09-13 16:57:14,156 - INFO - Epoch [ 160/2000] LR: 0.000099 | Train Loss: 0.007459 (Data: 0.00745, Mono: 0.00002) | Val MSE: 0.000173 (RMSE: 0.0131) 
2026-09-13 16:57:14,500 - INFO - Epoch [ 170/2000] LR: 0.000099 | Train Loss: 0.007011 (Data: 0.00700, Mono: 0.00002) | Val MSE: 0.000169 (RMSE: 0.0130) 
2026-09-13 16:57:14,835 - INFO - Epoch [ 180/2000] LR: 0.000099 | Train Loss: 0.007153 (Data: 0.00714, Mono: 0.00002) | Val MSE: 0.000147 (RMSE: 0.0121) 
2026-09-13 16:57:15,174 - INFO - Epoch [ 190/2000] LR: 0.000098 | Train Loss: 0.006952 (Data: 0.00694, Mono: 0.00002) | Val MSE: 0.000176 (RMSE: 0.0133) 
2026-09-13 16:57:15,515 - INFO - Epoch [ 200/2000] LR: 0.000098 | Train Loss: 0.006662 (Data: 0.00665, Mono: 0.00002) | Val MSE: 0.000193 (RMSE: 0.0139) 
2026-09-13 16:57:15,854 - INFO - Epoch [ 210/2000] LR: 0.000098 | Train Loss: 0.006522 (Data: 0.00651, Mono: 0.00002) | Val MSE: 0.000177 (RMSE: 0.0133) 
2026-09-13 16:57:16,191 - INFO - Epoch [ 220/2000] LR: 0.000098 | Train Loss: 0.006353 (Data: 0.00634, Mono: 0.00002) | Val MSE: 0.000174 (RMSE: 0.0132) 
2026-09-13 16:57:16,522 - INFO - Epoch [ 230/2000] LR: 0.000098 | Train Loss: 0.006086 (Data: 0.00608, Mono: 0.00002) | Val MSE: 0.000152 (RMSE: 0.0123) 
2026-09-13 16:57:16,924 - INFO - Epoch [ 240/2000] LR: 0.000097 | Train Loss: 0.006224 (Data: 0.00622, Mono: 0.00002) | Val MSE: 0.000190 (RMSE: 0.0138) 
2026-09-13 16:57:17,274 - INFO - Epoch [ 250/2000] LR: 0.000097 | Train Loss: 0.005988 (Data: 0.00598, Mono: 0.00002) | Val MSE: 0.000177 (RMSE: 0.0133) 
2026-09-13 16:57:17,622 - INFO - Epoch [ 260/2000] LR: 0.000097 | Train Loss: 0.006068 (Data: 0.00606, Mono: 0.00002) | Val MSE: 0.000167 (RMSE: 0.0129) 
2026-09-13 16:57:18,033 - INFO - Epoch [ 270/2000] LR: 0.000096 | Train Loss: 0.005870 (Data: 0.00586, Mono: 0.00002) | Val MSE: 0.000168 (RMSE: 0.0130) 
2026-09-13 16:57:18,375 - INFO - Epoch [ 280/2000] LR: 0.000096 | Train Loss: 0.005849 (Data: 0.00584, Mono: 0.00002) | Val MSE: 0.000148 (RMSE: 0.0122) 
2026-09-13 16:57:18,720 - INFO - Epoch [ 290/2000] LR: 0.000096 | Train Loss: 0.005407 (Data: 0.00540, Mono: 0.00002) | Val MSE: 0.000205 (RMSE: 0.0143) 
2026-09-13 16:57:19,073 - INFO - Epoch [ 300/2000] LR: 0.000096 | Train Loss: 0.005538 (Data: 0.00553, Mono: 0.00002) | Val MSE: 0.000184 (RMSE: 0.0136) 
2026-09-13 16:57:19,421 - INFO - Epoch [ 310/2000] LR: 0.000095 | Train Loss: 0.005509 (Data: 0.00550, Mono: 0.00002) | Val MSE: 0.000152 (RMSE: 0.0123) 
2026-09-13 16:57:19,751 - INFO - Epoch [ 320/2000] LR: 0.000095 | Train Loss: 0.005127 (Data: 0.00512, Mono: 0.00002) | Val MSE: 0.000152 (RMSE: 0.0123) 
2026-09-13 16:57:20,096 - INFO - Epoch [ 330/2000] LR: 0.000094 | Train Loss: 0.005041 (Data: 0.00503, Mono: 0.00002) | Val MSE: 0.000176 (RMSE: 0.0133) 
2026-09-13 16:57:20,445 - INFO - Epoch [ 340/2000] LR: 0.000094 | Train Loss: 0.005128 (Data: 0.00512, Mono: 0.00002) | Val MSE: 0.000192 (RMSE: 0.0139) 
2026-09-13 16:57:20,792 - INFO - Epoch [ 350/2000] LR: 0.000094 | Train Loss: 0.005103 (Data: 0.00510, Mono: 0.00002) | Val MSE: 0.000207 (RMSE: 0.0144) 
2026-09-13 16:57:21,170 - INFO - Epoch [ 360/2000] LR: 0.000093 | Train Loss: 0.004903 (Data: 0.00490, Mono: 0.00002) | Val MSE: 0.000178 (RMSE: 0.0133) 
2026-09-13 16:57:21,515 - INFO - Epoch [ 370/2000] LR: 0.000093 | Train Loss: 0.004937 (Data: 0.00493, Mono: 0.00002) | Val MSE: 0.000182 (RMSE: 0.0135) 
2026-09-13 16:57:21,875 - INFO - Epoch [ 380/2000] LR: 0.000093 | Train Loss: 0.004762 (Data: 0.00475, Mono: 0.00002) | Val MSE: 0.000211 (RMSE: 0.0145) 
2026-09-13 16:57:22,221 - INFO - Epoch [ 390/2000] LR: 0.000092 | Train Loss: 0.004823 (Data: 0.00482, Mono: 0.00002) | Val MSE: 0.000178 (RMSE: 0.0133) 
2026-09-13 16:57:22,581 - INFO - Epoch [ 400/2000] LR: 0.000092 | Train Loss: 0.004608 (Data: 0.00460, Mono: 0.00002) | Val MSE: 0.000171 (RMSE: 0.0131) 
2026-09-13 16:57:22,944 - INFO - Epoch [ 410/2000] LR: 0.000091 | Train Loss: 0.004533 (Data: 0.00453, Mono: 0.00002) | Val MSE: 0.000181 (RMSE: 0.0135) 
2026-09-13 16:57:23,300 - INFO - Epoch [ 420/2000] LR: 0.000091 | Train Loss: 0.004573 (Data: 0.00457, Mono: 0.00002) | Val MSE: 0.000250 (RMSE: 0.0158) 
2026-09-13 16:57:23,665 - INFO - Epoch [ 430/2000] LR: 0.000090 | Train Loss: 0.004391 (Data: 0.00438, Mono: 0.00002) | Val MSE: 0.000181 (RMSE: 0.0135) 
2026-09-13 16:57:24,022 - INFO - Epoch [ 440/2000] LR: 0.000090 | Train Loss: 0.004395 (Data: 0.00439, Mono: 0.00002) | Val MSE: 0.000198 (RMSE: 0.0141) 
2026-09-13 16:57:24,372 - INFO - Epoch [ 450/2000] LR: 0.000089 | Train Loss: 0.004349 (Data: 0.00434, Mono: 0.00002) | Val MSE: 0.000188 (RMSE: 0.0137) 
2026-09-13 16:57:24,729 - INFO - Epoch [ 460/2000] LR: 0.000089 | Train Loss: 0.004287 (Data: 0.00428, Mono: 0.00002) | Val MSE: 0.000211 (RMSE: 0.0145) 
2026-09-13 16:57:25,056 - INFO - Epoch [ 470/2000] LR: 0.000088 | Train Loss: 0.004155 (Data: 0.00415, Mono: 0.00002) | Val MSE: 0.000213 (RMSE: 0.0146) 
2026-09-13 16:57:25,397 - INFO - Epoch [ 480/2000] LR: 0.000088 | Train Loss: 0.004224 (Data: 0.00422, Mono: 0.00002) | Val MSE: 0.000213 (RMSE: 0.0146) 
2026-09-13 16:57:25,759 - INFO - Epoch [ 490/2000] LR: 0.000087 | Train Loss: 0.004153 (Data: 0.00415, Mono: 0.00002) | Val MSE: 0.000225 (RMSE: 0.0150) 
2026-09-13 16:57:26,168 - INFO - Epoch [ 500/2000] LR: 0.000087 | Train Loss: 0.004079 (Data: 0.00407, Mono: 0.00002) | Val MSE: 0.000200 (RMSE: 0.0141) 
2026-09-13 16:57:26,607 - INFO - Epoch [ 510/2000] LR: 0.000086 | Train Loss: 0.003976 (Data: 0.00397, Mono: 0.00002) | Val MSE: 0.000234 (RMSE: 0.0153) 
2026-09-13 16:57:26,997 - INFO - Epoch [ 520/2000] LR: 0.000086 | Train Loss: 0.004081 (Data: 0.00407, Mono: 0.00002) | Val MSE: 0.000203 (RMSE: 0.0143) 
2026-09-13 16:57:27,362 - INFO - Epoch [ 530/2000] LR: 0.000085 | Train Loss: 0.003694 (Data: 0.00369, Mono: 0.00002) | Val MSE: 0.000178 (RMSE: 0.0133) 
2026-09-13 16:57:27,739 - INFO - Epoch [ 540/2000] LR: 0.000085 | Train Loss: 0.003783 (Data: 0.00378, Mono: 0.00001) | Val MSE: 0.000199 (RMSE: 0.0141) 
2026-09-13 16:57:28,101 - INFO - Epoch [ 550/2000] LR: 0.000084 | Train Loss: 0.003824 (Data: 0.00382, Mono: 0.00002) | Val MSE: 0.000173 (RMSE: 0.0131) 
2026-09-13 16:57:28,440 - INFO - Epoch [ 560/2000] LR: 0.000083 | Train Loss: 0.003778 (Data: 0.00377, Mono: 0.00002) | Val MSE: 0.000203 (RMSE: 0.0142) 
2026-09-13 16:57:28,789 - INFO - Epoch [ 570/2000] LR: 0.000083 | Train Loss: 0.003603 (Data: 0.00360, Mono: 0.00002) | Val MSE: 0.000210 (RMSE: 0.0145) 
2026-09-13 16:57:29,147 - INFO - Epoch [ 580/2000] LR: 0.000082 | Train Loss: 0.003663 (Data: 0.00366, Mono: 0.00002) | Val MSE: 0.000202 (RMSE: 0.0142) 
2026-09-13 16:57:29,495 - INFO - Epoch [ 590/2000] LR: 0.000082 | Train Loss: 0.003619 (Data: 0.00361, Mono: 0.00002) | Val MSE: 0.000206 (RMSE: 0.0144) 
2026-09-13 16:57:29,846 - INFO - Epoch [ 600/2000] LR: 0.000081 | Train Loss: 0.003630 (Data: 0.00362, Mono: 0.00002) | Val MSE: 0.000198 (RMSE: 0.0141) 
2026-09-13 16:57:30,188 - INFO - Epoch [ 610/2000] LR: 0.000080 | Train Loss: 0.003579 (Data: 0.00357, Mono: 0.00001) | Val MSE: 0.000227 (RMSE: 0.0151) 
2026-09-13 16:57:30,551 - INFO - Epoch [ 620/2000] LR: 0.000080 | Train Loss: 0.003448 (Data: 0.00344, Mono: 0.00002) | Val MSE: 0.000210 (RMSE: 0.0145) 
2026-09-13 16:57:30,903 - INFO - Epoch [ 630/2000] LR: 0.000079 | Train Loss: 0.003526 (Data: 0.00352, Mono: 0.00001) | Val MSE: 0.000189 (RMSE: 0.0138) 
2026-09-13 16:57:31,252 - INFO - Epoch [ 640/2000] LR: 0.000078 | Train Loss: 0.003538 (Data: 0.00353, Mono: 0.00002) | Val MSE: 0.000235 (RMSE: 0.0153) 
2026-09-13 16:57:31,606 - INFO - Epoch [ 650/2000] LR: 0.000078 | Train Loss: 0.003430 (Data: 0.00342, Mono: 0.00001) | Val MSE: 0.000240 (RMSE: 0.0155) 
2026-09-13 16:57:31,978 - INFO - Epoch [ 660/2000] LR: 0.000077 | Train Loss: 0.003318 (Data: 0.00331, Mono: 0.00001) | Val MSE: 0.000249 (RMSE: 0.0158) 
2026-09-13 16:57:32,358 - INFO - Epoch [ 670/2000] LR: 0.000077 | Train Loss: 0.003341 (Data: 0.00334, Mono: 0.00001) | Val MSE: 0.000235 (RMSE: 0.0153) 
2026-09-13 16:57:32,728 - INFO - Epoch [ 680/2000] LR: 0.000076 | Train Loss: 0.003291 (Data: 0.00329, Mono: 0.00001) | Val MSE: 0.000245 (RMSE: 0.0157) 
2026-09-13 16:57:33,088 - INFO - Epoch [ 690/2000] LR: 0.000075 | Train Loss: 0.003308 (Data: 0.00330, Mono: 0.00001) | Val MSE: 0.000229 (RMSE: 0.0151) 
2026-09-13 16:57:33,453 - INFO - Epoch [ 700/2000] LR: 0.000074 | Train Loss: 0.003317 (Data: 0.00331, Mono: 0.00001) | Val MSE: 0.000223 (RMSE: 0.0149) 
2026-09-13 16:57:33,831 - INFO - Epoch [ 710/2000] LR: 0.000074 | Train Loss: 0.003155 (Data: 0.00315, Mono: 0.00001) | Val MSE: 0.000241 (RMSE: 0.0155) 
2026-09-13 16:57:34,200 - INFO - Epoch [ 720/2000] LR: 0.000073 | Train Loss: 0.003319 (Data: 0.00331, Mono: 0.00001) | Val MSE: 0.000224 (RMSE: 0.0150) 
2026-09-13 16:57:34,576 - INFO - Epoch [ 730/2000] LR: 0.000072 | Train Loss: 0.003283 (Data: 0.00328, Mono: 0.00002) | Val MSE: 0.000235 (RMSE: 0.0153) 
2026-09-13 16:57:35,012 - INFO - Epoch [ 740/2000] LR: 0.000072 | Train Loss: 0.003235 (Data: 0.00323, Mono: 0.00001) | Val MSE: 0.000240 (RMSE: 0.0155) 
2026-09-13 16:57:35,401 - INFO - Epoch [ 750/2000] LR: 0.000071 | Train Loss: 0.003115 (Data: 0.00311, Mono: 0.00001) | Val MSE: 0.000232 (RMSE: 0.0152) 
2026-09-13 16:57:35,781 - INFO - Epoch [ 760/2000] LR: 0.000070 | Train Loss: 0.003128 (Data: 0.00312, Mono: 0.00001) | Val MSE: 0.000222 (RMSE: 0.0149) 
2026-09-13 16:57:36,148 - INFO - Epoch [ 770/2000] LR: 0.000070 | Train Loss: 0.003028 (Data: 0.00302, Mono: 0.00001) | Val MSE: 0.000265 (RMSE: 0.0163) 
2026-09-13 16:57:36,519 - INFO - Epoch [ 780/2000] LR: 0.000069 | Train Loss: 0.002898 (Data: 0.00289, Mono: 0.00001) | Val MSE: 0.000218 (RMSE: 0.0148) 
2026-09-13 16:57:36,883 - INFO - Epoch [ 790/2000] LR: 0.000068 | Train Loss: 0.003019 (Data: 0.00301, Mono: 0.00001) | Val MSE: 0.000275 (RMSE: 0.0166) 
2026-09-13 16:57:37,359 - INFO - Epoch [ 800/2000] LR: 0.000067 | Train Loss: 0.002956 (Data: 0.00295, Mono: 0.00001) | Val MSE: 0.000242 (RMSE: 0.0156) 
2026-09-13 16:57:37,815 - INFO - Epoch [ 810/2000] LR: 0.000067 | Train Loss: 0.003004 (Data: 0.00300, Mono: 0.00001) | Val MSE: 0.000229 (RMSE: 0.0151) 
2026-09-13 16:57:38,259 - INFO - Epoch [ 820/2000] LR: 0.000066 | Train Loss: 0.002886 (Data: 0.00288, Mono: 0.00001) | Val MSE: 0.000219 (RMSE: 0.0148) 
2026-09-13 16:57:38,744 - INFO - Epoch [ 830/2000] LR: 0.000065 | Train Loss: 0.002947 (Data: 0.00294, Mono: 0.00001) | Val MSE: 0.000229 (RMSE: 0.0151) 
2026-09-13 16:57:39,252 - INFO - Epoch [ 840/2000] LR: 0.000064 | Train Loss: 0.002840 (Data: 0.00284, Mono: 0.00001) | Val MSE: 0.000223 (RMSE: 0.0149) 
2026-09-13 16:57:39,733 - INFO - Epoch [ 850/2000] LR: 0.000064 | Train Loss: 0.002927 (Data: 0.00292, Mono: 0.00001) | Val MSE: 0.000217 (RMSE: 0.0147) 
2026-09-13 16:57:40,196 - INFO - Epoch [ 860/2000] LR: 0.000063 | Train Loss: 0.002990 (Data: 0.00298, Mono: 0.00001) | Val MSE: 0.000237 (RMSE: 0.0154) 
2026-09-13 16:57:40,678 - INFO - Epoch [ 870/2000] LR: 0.000062 | Train Loss: 0.002831 (Data: 0.00283, Mono: 0.00001) | Val MSE: 0.000221 (RMSE: 0.0149) 
2026-09-13 16:57:41,134 - INFO - Epoch [ 880/2000] LR: 0.000061 | Train Loss: 0.002785 (Data: 0.00278, Mono: 0.00001) | Val MSE: 0.000223 (RMSE: 0.0149) 
2026-09-13 16:57:41,597 - INFO - Epoch [ 890/2000] LR: 0.000061 | Train Loss: 0.002821 (Data: 0.00282, Mono: 0.00001) | Val MSE: 0.000238 (RMSE: 0.0154) 
2026-09-13 16:57:42,062 - INFO - Epoch [ 900/2000] LR: 0.000060 | Train Loss: 0.002773 (Data: 0.00277, Mono: 0.00001) | Val MSE: 0.000243 (RMSE: 0.0156) 
2026-09-13 16:57:42,521 - INFO - Epoch [ 910/2000] LR: 0.000059 | Train Loss: 0.002791 (Data: 0.00279, Mono: 0.00001) | Val MSE: 0.000264 (RMSE: 0.0163) 
2026-09-13 16:57:42,941 - INFO - Epoch [ 920/2000] LR: 0.000058 | Train Loss: 0.002742 (Data: 0.00274, Mono: 0.00001) | Val MSE: 0.000246 (RMSE: 0.0157) 
2026-09-13 16:57:43,361 - INFO - Epoch [ 930/2000] LR: 0.000057 | Train Loss: 0.002747 (Data: 0.00274, Mono: 0.00001) | Val MSE: 0.000257 (RMSE: 0.0160) 
2026-09-13 16:57:43,780 - INFO - Epoch [ 940/2000] LR: 0.000057 | Train Loss: 0.002787 (Data: 0.00278, Mono: 0.00001) | Val MSE: 0.000253 (RMSE: 0.0159) 
2026-09-13 16:57:44,193 - INFO - Epoch [ 950/2000] LR: 0.000056 | Train Loss: 0.002783 (Data: 0.00278, Mono: 0.00001) | Val MSE: 0.000259 (RMSE: 0.0161) 
2026-09-13 16:57:44,661 - INFO - Epoch [ 960/2000] LR: 0.000055 | Train Loss: 0.002742 (Data: 0.00274, Mono: 0.00001) | Val MSE: 0.000231 (RMSE: 0.0152) 
2026-09-13 16:57:45,159 - INFO - Epoch [ 970/2000] LR: 0.000054 | Train Loss: 0.002671 (Data: 0.00267, Mono: 0.00001) | Val MSE: 0.000232 (RMSE: 0.0152) 
2026-09-13 16:57:45,600 - INFO - Epoch [ 980/2000] LR: 0.000054 | Train Loss: 0.002682 (Data: 0.00268, Mono: 0.00001) | Val MSE: 0.000253 (RMSE: 0.0159) 
2026-09-13 16:57:46,188 - INFO - Epoch [ 990/2000] LR: 0.000053 | Train Loss: 0.002664 (Data: 0.00266, Mono: 0.00001) | Val MSE: 0.000268 (RMSE: 0.0164) 
2026-09-13 16:57:46,701 - INFO - Epoch [1000/2000] LR: 0.000052 | Train Loss: 0.002663 (Data: 0.00266, Mono: 0.00001) | Val MSE: 0.000245 (RMSE: 0.0156) 
2026-09-13 16:57:47,212 - INFO - Epoch [1010/2000] LR: 0.000051 | Train Loss: 0.002677 (Data: 0.00267, Mono: 0.00001) | Val MSE: 0.000259 (RMSE: 0.0161) 
2026-09-13 16:57:47,701 - INFO - Epoch [1020/2000] LR: 0.000050 | Train Loss: 0.002601 (Data: 0.00260, Mono: 0.00001) | Val MSE: 0.000242 (RMSE: 0.0156) 
2026-09-13 16:57:48,167 - INFO - Epoch [1030/2000] LR: 0.000050 | Train Loss: 0.002565 (Data: 0.00256, Mono: 0.00001) | Val MSE: 0.000236 (RMSE: 0.0154) 
2026-09-13 16:57:48,590 - INFO - Epoch [1040/2000] LR: 0.000049 | Train Loss: 0.002563 (Data: 0.00256, Mono: 0.00001) | Val MSE: 0.000238 (RMSE: 0.0154) 
2026-09-13 16:57:49,030 - INFO - Epoch [1050/2000] LR: 0.000048 | Train Loss: 0.002640 (Data: 0.00264, Mono: 0.00001) | Val MSE: 0.000244 (RMSE: 0.0156) 
2026-09-13 16:57:49,523 - INFO - Epoch [1060/2000] LR: 0.000047 | Train Loss: 0.002607 (Data: 0.00260, Mono: 0.00001) | Val MSE: 0.000285 (RMSE: 0.0169) 
2026-09-13 16:57:50,015 - INFO - Epoch [1070/2000] LR: 0.000046 | Train Loss: 0.002608 (Data: 0.00260, Mono: 0.00001) | Val MSE: 0.000267 (RMSE: 0.0163) 
2026-09-13 16:57:50,494 - INFO - Epoch [1080/2000] LR: 0.000046 | Train Loss: 0.002495 (Data: 0.00249, Mono: 0.00001) | Val MSE: 0.000260 (RMSE: 0.0161) 
2026-09-13 16:57:50,972 - INFO - Epoch [1090/2000] LR: 0.000045 | Train Loss: 0.002596 (Data: 0.00259, Mono: 0.00001) | Val MSE: 0.000255 (RMSE: 0.0160) 
2026-09-13 16:57:51,465 - INFO - Epoch [1100/2000] LR: 0.000044 | Train Loss: 0.002517 (Data: 0.00251, Mono: 0.00001) | Val MSE: 0.000257 (RMSE: 0.0160) 
2026-09-13 16:57:51,947 - INFO - Epoch [1110/2000] LR: 0.000043 | Train Loss: 0.002608 (Data: 0.00260, Mono: 0.00001) | Val MSE: 0.000282 (RMSE: 0.0168) 
2026-09-13 16:57:52,411 - INFO - Epoch [1120/2000] LR: 0.000043 | Train Loss: 0.002484 (Data: 0.00248, Mono: 0.00001) | Val MSE: 0.000278 (RMSE: 0.0167) 
2026-09-13 16:57:52,910 - INFO - Epoch [1130/2000] LR: 0.000042 | Train Loss: 0.002459 (Data: 0.00245, Mono: 0.00001) | Val MSE: 0.000246 (RMSE: 0.0157) 
2026-09-13 16:57:53,376 - INFO - Epoch [1140/2000] LR: 0.000041 | Train Loss: 0.002517 (Data: 0.00251, Mono: 0.00001) | Val MSE: 0.000259 (RMSE: 0.0161) 
2026-09-13 16:57:53,848 - INFO - Epoch [1150/2000] LR: 0.000040 | Train Loss: 0.002550 (Data: 0.00254, Mono: 0.00001) | Val MSE: 0.000255 (RMSE: 0.0160) 
2026-09-13 16:57:54,314 - INFO - Epoch [1160/2000] LR: 0.000040 | Train Loss: 0.002519 (Data: 0.00251, Mono: 0.00001) | Val MSE: 0.000251 (RMSE: 0.0159) 
2026-09-13 16:57:54,778 - INFO - Epoch [1170/2000] LR: 0.000039 | Train Loss: 0.002432 (Data: 0.00243, Mono: 0.00001) | Val MSE: 0.000258 (RMSE: 0.0161) 
2026-09-13 16:57:55,250 - INFO - Epoch [1180/2000] LR: 0.000038 | Train Loss: 0.002370 (Data: 0.00237, Mono: 0.00001) | Val MSE: 0.000256 (RMSE: 0.0160) 
2026-09-13 16:57:55,700 - INFO - Epoch [1190/2000] LR: 0.000037 | Train Loss: 0.002513 (Data: 0.00251, Mono: 0.00001) | Val MSE: 0.000268 (RMSE: 0.0164) 
2026-09-13 16:57:56,155 - INFO - Epoch [1200/2000] LR: 0.000036 | Train Loss: 0.002467 (Data: 0.00246, Mono: 0.00001) | Val MSE: 0.000277 (RMSE: 0.0166) 
2026-09-13 16:57:56,615 - INFO - Epoch [1210/2000] LR: 0.000036 | Train Loss: 0.002355 (Data: 0.00235, Mono: 0.00001) | Val MSE: 0.000265 (RMSE: 0.0163) 
2026-09-13 16:57:57,092 - INFO - Epoch [1220/2000] LR: 0.000035 | Train Loss: 0.002473 (Data: 0.00247, Mono: 0.00001) | Val MSE: 0.000282 (RMSE: 0.0168) 
2026-09-13 16:57:57,557 - INFO - Epoch [1230/2000] LR: 0.000034 | Train Loss: 0.002463 (Data: 0.00246, Mono: 0.00001) | Val MSE: 0.000263 (RMSE: 0.0162) 
2026-09-13 16:57:58,171 - INFO - Epoch [1240/2000] LR: 0.000034 | Train Loss: 0.002395 (Data: 0.00239, Mono: 0.00001) | Val MSE: 0.000265 (RMSE: 0.0163) 
2026-09-13 16:57:58,643 - INFO - Epoch [1250/2000] LR: 0.000033 | Train Loss: 0.002397 (Data: 0.00239, Mono: 0.00001) | Val MSE: 0.000264 (RMSE: 0.0162) 
2026-09-13 16:57:59,136 - INFO - Epoch [1260/2000] LR: 0.000032 | Train Loss: 0.002388 (Data: 0.00238, Mono: 0.00001) | Val MSE: 0.000253 (RMSE: 0.0159) 
2026-09-13 16:57:59,613 - INFO - Epoch [1270/2000] LR: 0.000031 | Train Loss: 0.002398 (Data: 0.00239, Mono: 0.00001) | Val MSE: 0.000264 (RMSE: 0.0163) 
2026-09-13 16:58:00,038 - INFO - Epoch [1280/2000] LR: 0.000031 | Train Loss: 0.002428 (Data: 0.00242, Mono: 0.00001) | Val MSE: 0.000282 (RMSE: 0.0168) 
2026-09-13 16:58:00,486 - INFO - Epoch [1290/2000] LR: 0.000030 | Train Loss: 0.002416 (Data: 0.00241, Mono: 0.00001) | Val MSE: 0.000254 (RMSE: 0.0159) 
2026-09-13 16:58:00,954 - INFO - Epoch [1300/2000] LR: 0.000029 | Train Loss: 0.002397 (Data: 0.00239, Mono: 0.00001) | Val MSE: 0.000287 (RMSE: 0.0169) 
2026-09-13 16:58:01,416 - INFO - Epoch [1310/2000] LR: 0.000028 | Train Loss: 0.002306 (Data: 0.00230, Mono: 0.00001) | Val MSE: 0.000255 (RMSE: 0.0160) 
2026-09-13 16:58:01,847 - INFO - Epoch [1320/2000] LR: 0.000028 | Train Loss: 0.002356 (Data: 0.00235, Mono: 0.00001) | Val MSE: 0.000267 (RMSE: 0.0163) 
2026-09-13 16:58:02,260 - INFO - Epoch [1330/2000] LR: 0.000027 | Train Loss: 0.002438 (Data: 0.00243, Mono: 0.00001) | Val MSE: 0.000272 (RMSE: 0.0165) 
2026-09-13 16:58:02,689 - INFO - Epoch [1340/2000] LR: 0.000026 | Train Loss: 0.002335 (Data: 0.00233, Mono: 0.00001) | Val MSE: 0.000263 (RMSE: 0.0162) 
2026-09-13 16:58:03,113 - INFO - Epoch [1350/2000] LR: 0.000026 | Train Loss: 0.002409 (Data: 0.00240, Mono: 0.00001) | Val MSE: 0.000280 (RMSE: 0.0167) 
2026-09-13 16:58:03,536 - INFO - Epoch [1360/2000] LR: 0.000025 | Train Loss: 0.002260 (Data: 0.00226, Mono: 0.00001) | Val MSE: 0.000265 (RMSE: 0.0163) 
2026-09-13 16:58:03,951 - INFO - Epoch [1370/2000] LR: 0.000024 | Train Loss: 0.002338 (Data: 0.00233, Mono: 0.00001) | Val MSE: 0.000266 (RMSE: 0.0163) 
2026-09-13 16:58:04,444 - INFO - Epoch [1380/2000] LR: 0.000024 | Train Loss: 0.002437 (Data: 0.00243, Mono: 0.00001) | Val MSE: 0.000269 (RMSE: 0.0164) 
2026-09-13 16:58:04,877 - INFO - Epoch [1390/2000] LR: 0.000023 | Train Loss: 0.002227 (Data: 0.00222, Mono: 0.00001) | Val MSE: 0.000271 (RMSE: 0.0165) 
2026-09-13 16:58:05,322 - INFO - Epoch [1400/2000] LR: 0.000022 | Train Loss: 0.002337 (Data: 0.00233, Mono: 0.00001) | Val MSE: 0.000269 (RMSE: 0.0164) 
2026-09-13 16:58:05,739 - INFO - Epoch [1410/2000] LR: 0.000022 | Train Loss: 0.002286 (Data: 0.00228, Mono: 0.00001) | Val MSE: 0.000271 (RMSE: 0.0165) 
2026-09-13 16:58:06,137 - INFO - Epoch [1420/2000] LR: 0.000021 | Train Loss: 0.002214 (Data: 0.00221, Mono: 0.00001) | Val MSE: 0.000262 (RMSE: 0.0162) 
2026-09-13 16:58:06,581 - INFO - Epoch [1430/2000] LR: 0.000021 | Train Loss: 0.002315 (Data: 0.00231, Mono: 0.00001) | Val MSE: 0.000269 (RMSE: 0.0164) 
2026-09-13 16:58:07,006 - INFO - Epoch [1440/2000] LR: 0.000020 | Train Loss: 0.002296 (Data: 0.00229, Mono: 0.00001) | Val MSE: 0.000285 (RMSE: 0.0169) 
2026-09-13 16:58:07,494 - INFO - Epoch [1450/2000] LR: 0.000019 | Train Loss: 0.002240 (Data: 0.00224, Mono: 0.00001) | Val MSE: 0.000287 (RMSE: 0.0169) 
2026-09-13 16:58:07,931 - INFO - Epoch [1460/2000] LR: 0.000019 | Train Loss: 0.002309 (Data: 0.00230, Mono: 0.00001) | Val MSE: 0.000280 (RMSE: 0.0167) 
2026-09-13 16:58:08,336 - INFO - Epoch [1470/2000] LR: 0.000018 | Train Loss: 0.002316 (Data: 0.00231, Mono: 0.00001) | Val MSE: 0.000277 (RMSE: 0.0167) 
2026-09-13 16:58:08,725 - INFO - Epoch [1480/2000] LR: 0.000018 | Train Loss: 0.002339 (Data: 0.00233, Mono: 0.00001) | Val MSE: 0.000280 (RMSE: 0.0167) 
2026-09-13 16:58:09,164 - INFO - Epoch [1490/2000] LR: 0.000017 | Train Loss: 0.002323 (Data: 0.00232, Mono: 0.00001) | Val MSE: 0.000269 (RMSE: 0.0164) 
2026-09-13 16:58:09,569 - INFO - Epoch [1500/2000] LR: 0.000016 | Train Loss: 0.002306 (Data: 0.00230, Mono: 0.00001) | Val MSE: 0.000273 (RMSE: 0.0165) 
2026-09-13 16:58:10,042 - INFO - Epoch [1510/2000] LR: 0.000016 | Train Loss: 0.002332 (Data: 0.00233, Mono: 0.00001) | Val MSE: 0.000269 (RMSE: 0.0164) 
2026-09-13 16:58:10,556 - INFO - Epoch [1520/2000] LR: 0.000015 | Train Loss: 0.002257 (Data: 0.00225, Mono: 0.00001) | Val MSE: 0.000265 (RMSE: 0.0163) 
2026-09-13 16:58:11,021 - INFO - Epoch [1530/2000] LR: 0.000015 | Train Loss: 0.002301 (Data: 0.00230, Mono: 0.00001) | Val MSE: 0.000264 (RMSE: 0.0162) 
2026-09-13 16:58:11,418 - INFO - Epoch [1540/2000] LR: 0.000014 | Train Loss: 0.002237 (Data: 0.00223, Mono: 0.00001) | Val MSE: 0.000270 (RMSE: 0.0164) 
2026-09-13 16:58:11,820 - INFO - Epoch [1550/2000] LR: 0.000014 | Train Loss: 0.002235 (Data: 0.00223, Mono: 0.00001) | Val MSE: 0.000284 (RMSE: 0.0168) 
2026-09-13 16:58:12,221 - INFO - Epoch [1560/2000] LR: 0.000013 | Train Loss: 0.002316 (Data: 0.00231, Mono: 0.00001) | Val MSE: 0.000268 (RMSE: 0.0164) 
2026-09-13 16:58:12,646 - INFO - Epoch [1570/2000] LR: 0.000013 | Train Loss: 0.002246 (Data: 0.00224, Mono: 0.00001) | Val MSE: 0.000273 (RMSE: 0.0165) 
2026-09-13 16:58:13,038 - INFO - Epoch [1580/2000] LR: 0.000012 | Train Loss: 0.002297 (Data: 0.00229, Mono: 0.00001) | Val MSE: 0.000273 (RMSE: 0.0165) 
2026-09-13 16:58:13,458 - INFO - Epoch [1590/2000] LR: 0.000012 | Train Loss: 0.002253 (Data: 0.00225, Mono: 0.00001) | Val MSE: 0.000268 (RMSE: 0.0164) 
2026-09-13 16:58:13,874 - INFO - Epoch [1600/2000] LR: 0.000011 | Train Loss: 0.002262 (Data: 0.00226, Mono: 0.00001) | Val MSE: 0.000264 (RMSE: 0.0162) 
2026-09-13 16:58:14,300 - INFO - Epoch [1610/2000] LR: 0.000011 | Train Loss: 0.002238 (Data: 0.00223, Mono: 0.00001) | Val MSE: 0.000269 (RMSE: 0.0164) 
2026-09-13 16:58:14,730 - INFO - Epoch [1620/2000] LR: 0.000010 | Train Loss: 0.002264 (Data: 0.00226, Mono: 0.00001) | Val MSE: 0.000276 (RMSE: 0.0166) 
2026-09-13 16:58:15,154 - INFO - Epoch [1630/2000] LR: 0.000010 | Train Loss: 0.002208 (Data: 0.00220, Mono: 0.00001) | Val MSE: 0.000270 (RMSE: 0.0164) 
2026-09-13 16:58:15,610 - INFO - Epoch [1640/2000] LR: 0.000009 | Train Loss: 0.002189 (Data: 0.00219, Mono: 0.00001) | Val MSE: 0.000268 (RMSE: 0.0164) 
2026-09-13 16:58:16,048 - INFO - Epoch [1650/2000] LR: 0.000009 | Train Loss: 0.002192 (Data: 0.00219, Mono: 0.00001) | Val MSE: 0.000269 (RMSE: 0.0164) 
2026-09-13 16:58:16,465 - INFO - Epoch [1660/2000] LR: 0.000009 | Train Loss: 0.002208 (Data: 0.00220, Mono: 0.00001) | Val MSE: 0.000265 (RMSE: 0.0163) 
2026-09-13 16:58:16,874 - INFO - Epoch [1670/2000] LR: 0.000008 | Train Loss: 0.002244 (Data: 0.00224, Mono: 0.00001) | Val MSE: 0.000268 (RMSE: 0.0164) 
2026-09-13 16:58:17,306 - INFO - Epoch [1680/2000] LR: 0.000008 | Train Loss: 0.002222 (Data: 0.00222, Mono: 0.00001) | Val MSE: 0.000267 (RMSE: 0.0163) 
2026-09-13 16:58:17,716 - INFO - Epoch [1690/2000] LR: 0.000007 | Train Loss: 0.002118 (Data: 0.00211, Mono: 0.00001) | Val MSE: 0.000267 (RMSE: 0.0163) 
2026-09-13 16:58:18,207 - INFO - Epoch [1700/2000] LR: 0.000007 | Train Loss: 0.002167 (Data: 0.00216, Mono: 0.00001) | Val MSE: 0.000269 (RMSE: 0.0164) 
2026-09-13 16:58:18,692 - INFO - Epoch [1710/2000] LR: 0.000007 | Train Loss: 0.002181 (Data: 0.00218, Mono: 0.00001) | Val MSE: 0.000269 (RMSE: 0.0164) 
2026-09-13 16:58:19,114 - INFO - Epoch [1720/2000] LR: 0.000006 | Train Loss: 0.002242 (Data: 0.00224, Mono: 0.00001) | Val MSE: 0.000273 (RMSE: 0.0165) 
2026-09-13 16:58:19,611 - INFO - Epoch [1730/2000] LR: 0.000006 | Train Loss: 0.002250 (Data: 0.00225, Mono: 0.00001) | Val MSE: 0.000270 (RMSE: 0.0164) 
2026-09-13 16:58:20,043 - INFO - Epoch [1740/2000] LR: 0.000006 | Train Loss: 0.002225 (Data: 0.00222, Mono: 0.00001) | Val MSE: 0.000270 (RMSE: 0.0164) 
2026-09-13 16:58:20,468 - INFO - Epoch [1750/2000] LR: 0.000005 | Train Loss: 0.002235 (Data: 0.00223, Mono: 0.00001) | Val MSE: 0.000265 (RMSE: 0.0163) 
2026-09-13 16:58:20,957 - INFO - Epoch [1760/2000] LR: 0.000005 | Train Loss: 0.002220 (Data: 0.00222, Mono: 0.00001) | Val MSE: 0.000266 (RMSE: 0.0163) 
2026-09-13 16:58:21,490 - INFO - Epoch [1770/2000] LR: 0.000005 | Train Loss: 0.002179 (Data: 0.00217, Mono: 0.00001) | Val MSE: 0.000268 (RMSE: 0.0164) 
2026-09-13 16:58:22,040 - INFO - Epoch [1780/2000] LR: 0.000005 | Train Loss: 0.002223 (Data: 0.00222, Mono: 0.00001) | Val MSE: 0.000268 (RMSE: 0.0164) 
2026-09-13 16:58:22,550 - INFO - Epoch [1790/2000] LR: 0.000004 | Train Loss: 0.002241 (Data: 0.00224, Mono: 0.00001) | Val MSE: 0.000269 (RMSE: 0.0164) 
2026-09-13 16:58:23,072 - INFO - Epoch [1800/2000] LR: 0.000004 | Train Loss: 0.002216 (Data: 0.00221, Mono: 0.00001) | Val MSE: 0.000266 (RMSE: 0.0163) 
2026-09-13 16:58:23,486 - INFO - Epoch [1810/2000] LR: 0.000004 | Train Loss: 0.002212 (Data: 0.00221, Mono: 0.00001) | Val MSE: 0.000268 (RMSE: 0.0164) 
2026-09-13 16:58:23,874 - INFO - Epoch [1820/2000] LR: 0.000004 | Train Loss: 0.002246 (Data: 0.00224, Mono: 0.00001) | Val MSE: 0.000266 (RMSE: 0.0163) 
2026-09-13 16:58:24,266 - INFO - Epoch [1830/2000] LR: 0.000003 | Train Loss: 0.002237 (Data: 0.00223, Mono: 0.00001) | Val MSE: 0.000265 (RMSE: 0.0163) 
2026-09-13 16:58:24,650 - INFO - Epoch [1840/2000] LR: 0.000003 | Train Loss: 0.002219 (Data: 0.00221, Mono: 0.00001) | Val MSE: 0.000268 (RMSE: 0.0164) 
2026-09-13 16:58:25,040 - INFO - Epoch [1850/2000] LR: 0.000003 | Train Loss: 0.002260 (Data: 0.00226, Mono: 0.00001) | Val MSE: 0.000269 (RMSE: 0.0164) 
2026-09-13 16:58:25,448 - INFO - Epoch [1860/2000] LR: 0.000003 | Train Loss: 0.002163 (Data: 0.00216, Mono: 0.00001) | Val MSE: 0.000267 (RMSE: 0.0163) 
2026-09-13 16:58:25,861 - INFO - Epoch [1870/2000] LR: 0.000003 | Train Loss: 0.002162 (Data: 0.00216, Mono: 0.00001) | Val MSE: 0.000267 (RMSE: 0.0163) 
2026-09-13 16:58:26,252 - INFO - Epoch [1880/2000] LR: 0.000002 | Train Loss: 0.002276 (Data: 0.00227, Mono: 0.00001) | Val MSE: 0.000267 (RMSE: 0.0163) 
2026-09-13 16:58:26,714 - INFO - Epoch [1890/2000] LR: 0.000002 | Train Loss: 0.002240 (Data: 0.00224, Mono: 0.00001) | Val MSE: 0.000267 (RMSE: 0.0164) 
2026-09-13 16:58:27,174 - INFO - Epoch [1900/2000] LR: 0.000002 | Train Loss: 0.002267 (Data: 0.00226, Mono: 0.00001) | Val MSE: 0.000268 (RMSE: 0.0164) 
2026-09-13 16:58:27,644 - INFO - Epoch [1910/2000] LR: 0.000002 | Train Loss: 0.002225 (Data: 0.00222, Mono: 0.00001) | Val MSE: 0.000270 (RMSE: 0.0164) 
2026-09-13 16:58:28,074 - INFO - Epoch [1920/2000] LR: 0.000002 | Train Loss: 0.002193 (Data: 0.00219, Mono: 0.00001) | Val MSE: 0.000268 (RMSE: 0.0164) 
2026-09-13 16:58:28,488 - INFO - Epoch [1930/2000] LR: 0.000002 | Train Loss: 0.002177 (Data: 0.00217, Mono: 0.00001) | Val MSE: 0.000268 (RMSE: 0.0164) 
2026-09-13 16:58:28,931 - INFO - Epoch [1940/2000] LR: 0.000002 | Train Loss: 0.002206 (Data: 0.00220, Mono: 0.00001) | Val MSE: 0.000270 (RMSE: 0.0164) 
2026-09-13 16:58:29,350 - INFO - Epoch [1950/2000] LR: 0.000002 | Train Loss: 0.002178 (Data: 0.00217, Mono: 0.00001) | Val MSE: 0.000269 (RMSE: 0.0164) 
2026-09-13 16:58:29,758 - INFO - Epoch [1960/2000] LR: 0.000002 | Train Loss: 0.002204 (Data: 0.00220, Mono: 0.00001) | Val MSE: 0.000266 (RMSE: 0.0163) 
2026-09-13 16:58:30,177 - INFO - Epoch [1970/2000] LR: 0.000002 | Train Loss: 0.002120 (Data: 0.00212, Mono: 0.00001) | Val MSE: 0.000265 (RMSE: 0.0163) 
2026-09-13 16:58:30,584 - INFO - Epoch [1980/2000] LR: 0.000002 | Train Loss: 0.002278 (Data: 0.00227, Mono: 0.00001) | Val MSE: 0.000267 (RMSE: 0.0163) 
2026-09-13 16:58:31,004 - INFO - Epoch [1990/2000] LR: 0.000002 | Train Loss: 0.002221 (Data: 0.00222, Mono: 0.00001) | Val MSE: 0.000268 (RMSE: 0.0164) 
2026-09-13 16:58:31,429 - INFO - Epoch [2000/2000] LR: 0.000002 | Train Loss: 0.002199 (Data: 0.00219, Mono: 0.00001) | Val MSE: 0.000267 (RMSE: 0.0163) 
2026-09-13 16:58:31,429 - INFO - Training completed in 82.92s. Loading best checkpoint from epoch 21 for final test evaluation...
2026-09-13 16:58:31,458 - INFO - ==================================================
2026-09-13 16:58:31,458 - INFO - Test Results for [XJTU] - [R3] (Best Epoch 21):
2026-09-13 16:58:31,458 - INFO -   Test RMSE: 0.011862
2026-09-13 16:58:31,458 - INFO -   Test MAE:  0.008988
2026-09-13 16:58:31,459 - INFO -   Test MAPE: 0.966840
2026-09-13 16:58:31,459 - INFO -   Test MSE:  0.000141
2026-09-13 16:58:31,459 - INFO - ==================================================
