2026-09-12 16:39:13,708 - INFO - ==================================================
2026-09-12 16:39:13,708 - INFO - Starting FusionMLP Training for [XJTU] - [RW]
2026-09-12 16:39:13,708 - INFO - Device: cuda | Epochs: 2000 | LR: 0.020000 | Mono Weight: 0.4000 | Knee Feature: True
2026-09-12 16:39:13,708 - INFO - ==================================================
2026-09-12 16:39:13,773 - INFO - Data Splits: Train=5, Val=1, Test=2
2026-09-12 16:39:13,868 - INFO - Epoch [   1/2000] LR: 0.006726 | Train Loss: 0.802185 (Data: 0.80216, Mono: 0.00005) | Val MSE: 0.737799 (RMSE: 0.8590) [BEST]
2026-09-12 16:39:13,906 - INFO - Epoch [   2/2000] LR: 0.007184 | Train Loss: 0.526972 (Data: 0.52690, Mono: 0.00017) | Val MSE: 0.043307 (RMSE: 0.2081) [BEST]
2026-09-12 16:39:13,942 - INFO - Epoch [   3/2000] LR: 0.007641 | Train Loss: 0.319648 (Data: 0.31957, Mono: 0.00020) | Val MSE: 0.037942 (RMSE: 0.1948) [BEST]
2026-09-12 16:39:14,011 - INFO - Epoch [   5/2000] LR: 0.008557 | Train Loss: 0.208284 (Data: 0.20821, Mono: 0.00019) | Val MSE: 0.014772 (RMSE: 0.1215) [BEST]
2026-09-12 16:39:14,049 - INFO - Epoch [   6/2000] LR: 0.009015 | Train Loss: 0.163117 (Data: 0.16305, Mono: 0.00017) | Val MSE: 0.012654 (RMSE: 0.1125) [BEST]
2026-09-12 16:39:14,087 - INFO - Epoch [   7/2000] LR: 0.009472 | Train Loss: 0.137863 (Data: 0.13780, Mono: 0.00016) | Val MSE: 0.006835 (RMSE: 0.0827) [BEST]
2026-09-12 16:39:14,125 - INFO - Epoch [   8/2000] LR: 0.009930 | Train Loss: 0.105559 (Data: 0.10550, Mono: 0.00014) | Val MSE: 0.000992 (RMSE: 0.0315) [BEST]
2026-09-12 16:39:14,216 - INFO - Epoch [  10/2000] LR: 0.010845 | Train Loss: 0.064076 (Data: 0.06403, Mono: 0.00012) | Val MSE: 0.002165 (RMSE: 0.0465) 
2026-09-12 16:39:14,288 - INFO - Epoch [  12/2000] LR: 0.011761 | Train Loss: 0.036595 (Data: 0.03656, Mono: 0.00009) | Val MSE: 0.000881 (RMSE: 0.0297) [BEST]
2026-09-12 16:39:14,397 - INFO - Epoch [  15/2000] LR: 0.013134 | Train Loss: 0.023729 (Data: 0.02370, Mono: 0.00007) | Val MSE: 0.000503 (RMSE: 0.0224) [BEST]
2026-09-12 16:39:14,434 - INFO - Epoch [  16/2000] LR: 0.013592 | Train Loss: 0.019751 (Data: 0.01973, Mono: 0.00006) | Val MSE: 0.000405 (RMSE: 0.0201) [BEST]
2026-09-12 16:39:14,473 - INFO - Epoch [  17/2000] LR: 0.014050 | Train Loss: 0.019301 (Data: 0.01927, Mono: 0.00007) | Val MSE: 0.000219 (RMSE: 0.0148) [BEST]
2026-09-12 16:39:14,580 - INFO - Epoch [  20/2000] LR: 0.015423 | Train Loss: 0.015470 (Data: 0.01544, Mono: 0.00006) | Val MSE: 0.000222 (RMSE: 0.0149) 
2026-09-12 16:39:14,685 - INFO - Epoch [  23/2000] LR: 0.016796 | Train Loss: 0.012315 (Data: 0.01229, Mono: 0.00006) | Val MSE: 0.000150 (RMSE: 0.0122) [BEST]
2026-09-12 16:39:14,848 - INFO - Epoch [  27/2000] LR: 0.018627 | Train Loss: 0.008418 (Data: 0.00840, Mono: 0.00005) | Val MSE: 0.000139 (RMSE: 0.0118) [BEST]
2026-09-12 16:39:14,953 - INFO - Epoch [  30/2000] LR: 0.020000 | Train Loss: 0.007315 (Data: 0.00730, Mono: 0.00004) | Val MSE: 0.000357 (RMSE: 0.0189) 
2026-09-12 16:39:14,991 - INFO - Epoch [  31/2000] LR: 0.020000 | Train Loss: 0.007052 (Data: 0.00704, Mono: 0.00003) | Val MSE: 0.000124 (RMSE: 0.0111) [BEST]
2026-09-12 16:39:15,316 - INFO - Epoch [  40/2000] LR: 0.019999 | Train Loss: 0.004424 (Data: 0.00441, Mono: 0.00003) | Val MSE: 0.000459 (RMSE: 0.0214) 
2026-09-12 16:39:15,709 - INFO - Epoch [  50/2000] LR: 0.019995 | Train Loss: 0.002744 (Data: 0.00274, Mono: 0.00002) | Val MSE: 0.000161 (RMSE: 0.0127) 
2026-09-12 16:39:16,057 - INFO - Epoch [  60/2000] LR: 0.019989 | Train Loss: 0.001920 (Data: 0.00191, Mono: 0.00002) | Val MSE: 0.000165 (RMSE: 0.0128) 
2026-09-12 16:39:16,430 - INFO - Epoch [  70/2000] LR: 0.019980 | Train Loss: 0.001199 (Data: 0.00119, Mono: 0.00001) | Val MSE: 0.000268 (RMSE: 0.0164) 
2026-09-12 16:39:16,571 - INFO - Epoch [  74/2000] LR: 0.019975 | Train Loss: 0.001104 (Data: 0.00110, Mono: 0.00001) | Val MSE: 0.000122 (RMSE: 0.0110) [BEST]
2026-09-12 16:39:16,645 - INFO - Epoch [  76/2000] LR: 0.019973 | Train Loss: 0.001105 (Data: 0.00110, Mono: 0.00001) | Val MSE: 0.000118 (RMSE: 0.0109) [BEST]
2026-09-12 16:39:16,783 - INFO - Epoch [  80/2000] LR: 0.019968 | Train Loss: 0.000954 (Data: 0.00095, Mono: 0.00001) | Val MSE: 0.000134 (RMSE: 0.0116) 
2026-09-12 16:39:16,926 - INFO - Epoch [  84/2000] LR: 0.019963 | Train Loss: 0.000780 (Data: 0.00078, Mono: 0.00001) | Val MSE: 0.000107 (RMSE: 0.0104) [BEST]
2026-09-12 16:39:17,131 - INFO - Epoch [  90/2000] LR: 0.019954 | Train Loss: 0.000710 (Data: 0.00071, Mono: 0.00001) | Val MSE: 0.000183 (RMSE: 0.0135) 
2026-09-12 16:39:17,372 - INFO - Epoch [  97/2000] LR: 0.019943 | Train Loss: 0.000685 (Data: 0.00068, Mono: 0.00001) | Val MSE: 0.000105 (RMSE: 0.0102) [BEST]
2026-09-12 16:39:17,480 - INFO - Epoch [ 100/2000] LR: 0.019938 | Train Loss: 0.000684 (Data: 0.00068, Mono: 0.00001) | Val MSE: 0.000130 (RMSE: 0.0114) 
2026-09-12 16:39:17,844 - INFO - Epoch [ 110/2000] LR: 0.019919 | Train Loss: 0.000485 (Data: 0.00048, Mono: 0.00001) | Val MSE: 0.000119 (RMSE: 0.0109) 
2026-09-12 16:39:18,211 - INFO - Epoch [ 120/2000] LR: 0.019897 | Train Loss: 0.000433 (Data: 0.00043, Mono: 0.00001) | Val MSE: 0.000136 (RMSE: 0.0117) 
2026-09-12 16:39:18,551 - INFO - Epoch [ 130/2000] LR: 0.019873 | Train Loss: 0.000446 (Data: 0.00044, Mono: 0.00001) | Val MSE: 0.000120 (RMSE: 0.0110) 
2026-09-12 16:39:18,690 - INFO - Epoch [ 134/2000] LR: 0.019863 | Train Loss: 0.000414 (Data: 0.00041, Mono: 0.00001) | Val MSE: 0.000102 (RMSE: 0.0101) [BEST]
2026-09-12 16:39:18,764 - INFO - Epoch [ 136/2000] LR: 0.019857 | Train Loss: 0.000378 (Data: 0.00038, Mono: 0.00000) | Val MSE: 0.000093 (RMSE: 0.0096) [BEST]
2026-09-12 16:39:18,922 - INFO - Epoch [ 140/2000] LR: 0.019847 | Train Loss: 0.000368 (Data: 0.00037, Mono: 0.00001) | Val MSE: 0.000126 (RMSE: 0.0112) 
2026-09-12 16:39:19,266 - INFO - Epoch [ 150/2000] LR: 0.019817 | Train Loss: 0.000377 (Data: 0.00037, Mono: 0.00001) | Val MSE: 0.000161 (RMSE: 0.0127) 
2026-09-12 16:39:19,515 - INFO - Epoch [ 157/2000] LR: 0.019796 | Train Loss: 0.000502 (Data: 0.00050, Mono: 0.00000) | Val MSE: 0.000090 (RMSE: 0.0095) [BEST]
2026-09-12 16:39:19,618 - INFO - Epoch [ 160/2000] LR: 0.019786 | Train Loss: 0.000487 (Data: 0.00049, Mono: 0.00001) | Val MSE: 0.000103 (RMSE: 0.0101) 
2026-09-12 16:39:19,960 - INFO - Epoch [ 170/2000] LR: 0.019752 | Train Loss: 0.000302 (Data: 0.00030, Mono: 0.00000) | Val MSE: 0.000179 (RMSE: 0.0134) 
2026-09-12 16:39:20,300 - INFO - Epoch [ 180/2000] LR: 0.019715 | Train Loss: 0.000303 (Data: 0.00030, Mono: 0.00000) | Val MSE: 0.000104 (RMSE: 0.0102) 
2026-09-12 16:39:20,652 - INFO - Epoch [ 190/2000] LR: 0.019676 | Train Loss: 0.000351 (Data: 0.00035, Mono: 0.00000) | Val MSE: 0.000212 (RMSE: 0.0146) 
2026-09-12 16:39:21,068 - INFO - Epoch [ 200/2000] LR: 0.019635 | Train Loss: 0.000358 (Data: 0.00036, Mono: 0.00000) | Val MSE: 0.000172 (RMSE: 0.0131) 
2026-09-12 16:39:21,114 - INFO - Epoch [ 201/2000] LR: 0.019631 | Train Loss: 0.000371 (Data: 0.00037, Mono: 0.00000) | Val MSE: 0.000086 (RMSE: 0.0093) [BEST]
2026-09-12 16:39:21,453 - INFO - Epoch [ 210/2000] LR: 0.019591 | Train Loss: 0.000386 (Data: 0.00038, Mono: 0.00000) | Val MSE: 0.000272 (RMSE: 0.0165) 
2026-09-12 16:39:21,849 - INFO - Epoch [ 220/2000] LR: 0.019545 | Train Loss: 0.000370 (Data: 0.00037, Mono: 0.00000) | Val MSE: 0.000170 (RMSE: 0.0130) 
2026-09-12 16:39:22,240 - INFO - Epoch [ 230/2000] LR: 0.019496 | Train Loss: 0.000297 (Data: 0.00030, Mono: 0.00000) | Val MSE: 0.000111 (RMSE: 0.0105) 
2026-09-12 16:39:22,636 - INFO - Epoch [ 240/2000] LR: 0.019445 | Train Loss: 0.000435 (Data: 0.00043, Mono: 0.00000) | Val MSE: 0.000744 (RMSE: 0.0273) 
2026-09-12 16:39:23,117 - INFO - Epoch [ 250/2000] LR: 0.019391 | Train Loss: 0.000507 (Data: 0.00051, Mono: 0.00000) | Val MSE: 0.000409 (RMSE: 0.0202) 
2026-09-12 16:39:23,504 - INFO - Epoch [ 260/2000] LR: 0.019335 | Train Loss: 0.000526 (Data: 0.00052, Mono: 0.00000) | Val MSE: 0.000365 (RMSE: 0.0191) 
2026-09-12 16:39:23,843 - INFO - Epoch [ 270/2000] LR: 0.019277 | Train Loss: 0.000359 (Data: 0.00036, Mono: 0.00000) | Val MSE: 0.000105 (RMSE: 0.0102) 
2026-09-12 16:39:24,188 - INFO - Epoch [ 280/2000] LR: 0.019216 | Train Loss: 0.000476 (Data: 0.00047, Mono: 0.00000) | Val MSE: 0.000241 (RMSE: 0.0155) 
2026-09-12 16:39:24,225 - INFO - [*] Early stopping triggered at epoch 281. Best epoch was 201 with Val MSE: 0.000086
2026-09-12 16:39:24,225 - INFO - Training completed in 10.43s. Loading best checkpoint from epoch 201 for final test evaluation...
2026-09-12 16:39:24,274 - INFO - ==================================================
2026-09-12 16:39:24,274 - INFO - Test Results for [XJTU] - [RW] (Best Epoch 201):
2026-09-12 16:39:24,274 - INFO -   Test RMSE: 0.012746
2026-09-12 16:39:24,274 - INFO -   Test MAE:  0.009954
2026-09-12 16:39:24,274 - INFO -   Test MAPE: 1.080105
2026-09-12 16:39:24,275 - INFO -   Test MSE:  0.000162
2026-09-12 16:39:24,275 - INFO - ==================================================
2026-09-12 19:11:51,523 - INFO - ==================================================
2026-09-12 19:11:51,523 - INFO - Starting FusionMLP Training for [XJTU] - [RW]
2026-09-12 19:11:51,524 - INFO - Device: cuda | Epochs: 2000 | LR: 0.020000 | Mono Weight: 0.4000 | Knee Feature: True
2026-09-12 19:11:51,524 - INFO - ==================================================
2026-09-12 19:11:51,591 - INFO - Data Splits: Train=5, Val=1, Test=2
2026-09-12 19:11:51,674 - INFO - Epoch [   1/2000] LR: 0.006726 | Train Loss: 0.325749 (Data: 0.32571, Mono: 0.00009) | Val MSE: 0.152592 (RMSE: 0.3906) [BEST]
2026-09-12 19:11:51,716 - INFO - Epoch [   2/2000] LR: 0.007184 | Train Loss: 0.242490 (Data: 0.24245, Mono: 0.00010) | Val MSE: 0.086121 (RMSE: 0.2935) [BEST]
2026-09-12 19:11:51,759 - INFO - Epoch [   3/2000] LR: 0.007641 | Train Loss: 0.109505 (Data: 0.10946, Mono: 0.00011) | Val MSE: 0.024289 (RMSE: 0.1558) [BEST]
2026-09-12 19:11:51,799 - INFO - Epoch [   4/2000] LR: 0.008099 | Train Loss: 0.088040 (Data: 0.08800, Mono: 0.00011) | Val MSE: 0.014784 (RMSE: 0.1216) [BEST]
2026-09-12 19:11:51,842 - INFO - Epoch [   5/2000] LR: 0.008557 | Train Loss: 0.066068 (Data: 0.06603, Mono: 0.00009) | Val MSE: 0.011470 (RMSE: 0.1071) [BEST]
2026-09-12 19:11:51,924 - INFO - Epoch [   7/2000] LR: 0.009472 | Train Loss: 0.040081 (Data: 0.04006, Mono: 0.00006) | Val MSE: 0.003050 (RMSE: 0.0552) [BEST]
2026-09-12 19:11:51,964 - INFO - Epoch [   8/2000] LR: 0.009930 | Train Loss: 0.030118 (Data: 0.03008, Mono: 0.00009) | Val MSE: 0.001870 (RMSE: 0.0432) [BEST]
2026-09-12 19:11:52,001 - INFO - Epoch [   9/2000] LR: 0.010388 | Train Loss: 0.028567 (Data: 0.02854, Mono: 0.00006) | Val MSE: 0.000314 (RMSE: 0.0177) [BEST]
2026-09-12 19:11:52,040 - INFO - Epoch [  10/2000] LR: 0.010845 | Train Loss: 0.020177 (Data: 0.02015, Mono: 0.00007) | Val MSE: 0.000573 (RMSE: 0.0239) 
2026-09-12 19:11:52,317 - INFO - Epoch [  16/2000] LR: 0.013592 | Train Loss: 0.010484 (Data: 0.01047, Mono: 0.00004) | Val MSE: 0.000099 (RMSE: 0.0100) [BEST]
2026-09-12 19:11:52,486 - INFO - Epoch [  20/2000] LR: 0.015423 | Train Loss: 0.007549 (Data: 0.00753, Mono: 0.00004) | Val MSE: 0.000170 (RMSE: 0.0131) 
2026-09-12 19:11:52,911 - INFO - Epoch [  30/2000] LR: 0.020000 | Train Loss: 0.004910 (Data: 0.00490, Mono: 0.00003) | Val MSE: 0.000116 (RMSE: 0.0108) 
2026-09-12 19:11:53,333 - INFO - Epoch [  40/2000] LR: 0.019999 | Train Loss: 0.003676 (Data: 0.00367, Mono: 0.00003) | Val MSE: 0.000182 (RMSE: 0.0135) 
2026-09-12 19:11:53,745 - INFO - Epoch [  50/2000] LR: 0.019995 | Train Loss: 0.002479 (Data: 0.00247, Mono: 0.00002) | Val MSE: 0.000144 (RMSE: 0.0120) 
2026-09-12 19:11:54,255 - INFO - Epoch [  60/2000] LR: 0.019989 | Train Loss: 0.001727 (Data: 0.00172, Mono: 0.00002) | Val MSE: 0.000288 (RMSE: 0.0170) 
2026-09-12 19:11:54,786 - INFO - Epoch [  70/2000] LR: 0.019980 | Train Loss: 0.001331 (Data: 0.00133, Mono: 0.00001) | Val MSE: 0.000178 (RMSE: 0.0133) 
2026-09-12 19:11:55,210 - INFO - Epoch [  80/2000] LR: 0.019968 | Train Loss: 0.001151 (Data: 0.00115, Mono: 0.00001) | Val MSE: 0.000251 (RMSE: 0.0158) 
2026-09-12 19:11:55,648 - INFO - Epoch [  90/2000] LR: 0.019954 | Train Loss: 0.000811 (Data: 0.00081, Mono: 0.00001) | Val MSE: 0.000145 (RMSE: 0.0121) 
2026-09-12 19:11:55,920 - INFO - [*] Early stopping triggered at epoch 96. Best epoch was 16 with Val MSE: 0.000099
2026-09-12 19:11:55,920 - INFO - Training completed in 4.31s. Loading best checkpoint from epoch 16 for final test evaluation...
2026-09-12 19:11:55,946 - INFO - ==================================================
2026-09-12 19:11:55,946 - INFO - Test Results for [XJTU] - [RW] (Best Epoch 16):
2026-09-12 19:11:55,946 - INFO -   Test RMSE: 0.016369
2026-09-12 19:11:55,946 - INFO -   Test MAE:  0.013673
2026-09-12 19:11:55,947 - INFO -   Test MAPE: 1.488463
2026-09-12 19:11:55,947 - INFO -   Test MSE:  0.000268
2026-09-12 19:11:55,947 - INFO - ==================================================
2026-09-12 19:46:40,556 - INFO - ==================================================
2026-09-12 19:46:40,556 - INFO - Starting FusionMLP Training for [XJTU] - [RW]
2026-09-12 19:46:40,556 - INFO - Device: cuda | Epochs: 2000 | LR: 0.020000 | Mono Weight: 0.4000 | Knee Feature: True
2026-09-12 19:46:40,556 - INFO - ==================================================
2026-09-12 19:46:40,620 - INFO - Data Splits: Train=5, Val=1, Test=2
2026-09-12 19:46:40,722 - INFO - Epoch [   1/2000] LR: 0.006726 | Train Loss: 0.365451 (Data: 0.36540, Mono: 0.00013) | Val MSE: 0.127926 (RMSE: 0.3577) [BEST]
2026-09-12 19:46:40,769 - INFO - Epoch [   2/2000] LR: 0.007184 | Train Loss: 0.137547 (Data: 0.13749, Mono: 0.00014) | Val MSE: 0.005843 (RMSE: 0.0764) [BEST]
2026-09-12 19:46:40,895 - INFO - Epoch [   5/2000] LR: 0.008557 | Train Loss: 0.053830 (Data: 0.05379, Mono: 0.00011) | Val MSE: 0.000608 (RMSE: 0.0247) [BEST]
2026-09-12 19:46:41,061 - INFO - Epoch [   8/2000] LR: 0.009930 | Train Loss: 0.032264 (Data: 0.03223, Mono: 0.00008) | Val MSE: 0.000547 (RMSE: 0.0234) [BEST]
2026-09-12 19:46:41,163 - INFO - Epoch [  10/2000] LR: 0.010845 | Train Loss: 0.026286 (Data: 0.02626, Mono: 0.00007) | Val MSE: 0.002588 (RMSE: 0.0509) 
2026-09-12 19:46:41,217 - INFO - Epoch [  11/2000] LR: 0.011303 | Train Loss: 0.023801 (Data: 0.02377, Mono: 0.00007) | Val MSE: 0.000428 (RMSE: 0.0207) [BEST]
2026-09-12 19:46:41,263 - INFO - Epoch [  12/2000] LR: 0.011761 | Train Loss: 0.021251 (Data: 0.02122, Mono: 0.00007) | Val MSE: 0.000374 (RMSE: 0.0194) [BEST]
2026-09-12 19:46:41,306 - INFO - Epoch [  13/2000] LR: 0.012219 | Train Loss: 0.019645 (Data: 0.01962, Mono: 0.00006) | Val MSE: 0.000170 (RMSE: 0.0130) [BEST]
2026-09-12 19:46:41,523 - INFO - Epoch [  18/2000] LR: 0.014507 | Train Loss: 0.012308 (Data: 0.01229, Mono: 0.00005) | Val MSE: 0.000115 (RMSE: 0.0107) [BEST]
2026-09-12 19:46:41,620 - INFO - Epoch [  20/2000] LR: 0.015423 | Train Loss: 0.010842 (Data: 0.01082, Mono: 0.00005) | Val MSE: 0.000120 (RMSE: 0.0110) 
2026-09-12 19:46:41,675 - INFO - Epoch [  21/2000] LR: 0.015880 | Train Loss: 0.009918 (Data: 0.00990, Mono: 0.00004) | Val MSE: 0.000115 (RMSE: 0.0107) [BEST]
2026-09-12 19:46:42,115 - INFO - Epoch [  30/2000] LR: 0.020000 | Train Loss: 0.005942 (Data: 0.00593, Mono: 0.00003) | Val MSE: 0.000468 (RMSE: 0.0216) 
2026-09-12 19:46:42,565 - INFO - Epoch [  40/2000] LR: 0.019999 | Train Loss: 0.003920 (Data: 0.00391, Mono: 0.00003) | Val MSE: 0.000212 (RMSE: 0.0146) 
2026-09-12 19:46:43,063 - INFO - Epoch [  50/2000] LR: 0.019995 | Train Loss: 0.002785 (Data: 0.00278, Mono: 0.00002) | Val MSE: 0.000144 (RMSE: 0.0120) 
2026-09-12 19:46:43,545 - INFO - Epoch [  60/2000] LR: 0.019989 | Train Loss: 0.002296 (Data: 0.00229, Mono: 0.00002) | Val MSE: 0.000122 (RMSE: 0.0110) 
2026-09-12 19:46:43,996 - INFO - Epoch [  70/2000] LR: 0.019980 | Train Loss: 0.001652 (Data: 0.00165, Mono: 0.00001) | Val MSE: 0.000199 (RMSE: 0.0141) 
2026-09-12 19:46:44,454 - INFO - Epoch [  80/2000] LR: 0.019968 | Train Loss: 0.001320 (Data: 0.00131, Mono: 0.00001) | Val MSE: 0.000260 (RMSE: 0.0161) 
2026-09-12 19:46:44,879 - INFO - Epoch [  90/2000] LR: 0.019954 | Train Loss: 0.000988 (Data: 0.00098, Mono: 0.00001) | Val MSE: 0.000127 (RMSE: 0.0113) 
2026-09-12 19:46:45,337 - INFO - Epoch [ 100/2000] LR: 0.019938 | Train Loss: 0.000837 (Data: 0.00083, Mono: 0.00001) | Val MSE: 0.000172 (RMSE: 0.0131) 
2026-09-12 19:46:45,765 - INFO - Epoch [ 110/2000] LR: 0.019919 | Train Loss: 0.000744 (Data: 0.00074, Mono: 0.00001) | Val MSE: 0.000138 (RMSE: 0.0118) 
2026-09-12 19:46:46,189 - INFO - Epoch [ 120/2000] LR: 0.019897 | Train Loss: 0.000601 (Data: 0.00060, Mono: 0.00001) | Val MSE: 0.000154 (RMSE: 0.0124) 
2026-09-12 19:46:46,609 - INFO - Epoch [ 130/2000] LR: 0.019873 | Train Loss: 0.000525 (Data: 0.00052, Mono: 0.00001) | Val MSE: 0.000166 (RMSE: 0.0129) 
2026-09-12 19:46:47,060 - INFO - Epoch [ 140/2000] LR: 0.019847 | Train Loss: 0.000484 (Data: 0.00048, Mono: 0.00001) | Val MSE: 0.000121 (RMSE: 0.0110) 
2026-09-12 19:46:47,483 - INFO - Epoch [ 150/2000] LR: 0.019817 | Train Loss: 0.000531 (Data: 0.00053, Mono: 0.00001) | Val MSE: 0.000123 (RMSE: 0.0111) 
2026-09-12 19:46:47,868 - INFO - Epoch [ 160/2000] LR: 0.019786 | Train Loss: 0.000393 (Data: 0.00039, Mono: 0.00001) | Val MSE: 0.000334 (RMSE: 0.0183) 
2026-09-12 19:46:48,196 - INFO - Epoch [ 170/2000] LR: 0.019752 | Train Loss: 0.000369 (Data: 0.00037, Mono: 0.00000) | Val MSE: 0.000259 (RMSE: 0.0161) 
2026-09-12 19:46:48,556 - INFO - Epoch [ 180/2000] LR: 0.019715 | Train Loss: 0.000388 (Data: 0.00039, Mono: 0.00000) | Val MSE: 0.000136 (RMSE: 0.0117) 
2026-09-12 19:46:48,918 - INFO - Epoch [ 190/2000] LR: 0.019676 | Train Loss: 0.000390 (Data: 0.00039, Mono: 0.00000) | Val MSE: 0.000123 (RMSE: 0.0111) 
2026-09-12 19:46:49,254 - INFO - Epoch [ 200/2000] LR: 0.019635 | Train Loss: 0.000381 (Data: 0.00038, Mono: 0.00000) | Val MSE: 0.000174 (RMSE: 0.0132) 
2026-09-12 19:46:49,628 - INFO - Epoch [ 210/2000] LR: 0.019591 | Train Loss: 0.000405 (Data: 0.00040, Mono: 0.00000) | Val MSE: 0.000129 (RMSE: 0.0114) 
2026-09-12 19:46:50,005 - INFO - Epoch [ 220/2000] LR: 0.019545 | Train Loss: 0.000396 (Data: 0.00039, Mono: 0.00000) | Val MSE: 0.000152 (RMSE: 0.0123) 
2026-09-12 19:46:50,043 - INFO - [*] Early stopping triggered at epoch 221. Best epoch was 21 with Val MSE: 0.000115
2026-09-12 19:46:50,043 - INFO - Training completed in 9.40s. Loading best checkpoint from epoch 21 for final test evaluation...
2026-09-12 19:46:50,073 - INFO - ==================================================
2026-09-12 19:46:50,073 - INFO - Test Results for [XJTU] - [RW] (Best Epoch 21):
2026-09-12 19:46:50,073 - INFO -   Test RMSE: 0.017798
2026-09-12 19:46:50,073 - INFO -   Test MAE:  0.014467
2026-09-12 19:46:50,073 - INFO -   Test MAPE: 1.582162
2026-09-12 19:46:50,073 - INFO -   Test MSE:  0.000317
2026-09-12 19:46:50,073 - INFO - ==================================================
2026-09-12 20:20:35,474 - INFO - ==================================================
2026-09-12 20:20:35,474 - INFO - Starting FusionMLP Training for [XJTU] - [RW]
2026-09-12 20:20:35,474 - INFO - Device: cuda | Epochs: 2000 | LR: 0.020000 | Mono Weight: 0.4000 | Knee Feature: True
2026-09-12 20:20:35,474 - INFO - ==================================================
2026-09-12 20:20:35,542 - INFO - Data Splits: Train=5, Val=1, Test=2
2026-09-12 20:20:35,626 - INFO - Epoch [   1/2000] LR: 0.006726 | Train Loss: 0.400669 (Data: 0.40062, Mono: 0.00011) | Val MSE: 0.071448 (RMSE: 0.2673) [BEST]
2026-09-12 20:20:35,678 - INFO - Epoch [   2/2000] LR: 0.007184 | Train Loss: 0.190649 (Data: 0.19060, Mono: 0.00013) | Val MSE: 0.025317 (RMSE: 0.1591) [BEST]
2026-09-12 20:20:35,773 - INFO - Epoch [   4/2000] LR: 0.008099 | Train Loss: 0.118862 (Data: 0.11881, Mono: 0.00012) | Val MSE: 0.017326 (RMSE: 0.1316) [BEST]
2026-09-12 20:20:35,839 - INFO - Epoch [   5/2000] LR: 0.008557 | Train Loss: 0.105460 (Data: 0.10541, Mono: 0.00012) | Val MSE: 0.009178 (RMSE: 0.0958) [BEST]
2026-09-12 20:20:35,889 - INFO - Epoch [   6/2000] LR: 0.009015 | Train Loss: 0.082309 (Data: 0.08226, Mono: 0.00011) | Val MSE: 0.004270 (RMSE: 0.0653) [BEST]
2026-09-12 20:20:35,975 - INFO - Epoch [   8/2000] LR: 0.009930 | Train Loss: 0.051640 (Data: 0.05160, Mono: 0.00010) | Val MSE: 0.002018 (RMSE: 0.0449) [BEST]
2026-09-12 20:20:36,094 - INFO - Epoch [  10/2000] LR: 0.010845 | Train Loss: 0.033148 (Data: 0.03312, Mono: 0.00008) | Val MSE: 0.000840 (RMSE: 0.0290) [BEST]
2026-09-12 20:20:36,217 - INFO - Epoch [  12/2000] LR: 0.011761 | Train Loss: 0.023396 (Data: 0.02337, Mono: 0.00007) | Val MSE: 0.000418 (RMSE: 0.0204) [BEST]
2026-09-12 20:20:36,336 - INFO - Epoch [  14/2000] LR: 0.012676 | Train Loss: 0.018958 (Data: 0.01893, Mono: 0.00006) | Val MSE: 0.000149 (RMSE: 0.0122) [BEST]
2026-09-12 20:20:36,453 - INFO - Epoch [  16/2000] LR: 0.013592 | Train Loss: 0.013848 (Data: 0.01383, Mono: 0.00005) | Val MSE: 0.000112 (RMSE: 0.0106) [BEST]
2026-09-12 20:20:36,643 - INFO - Epoch [  20/2000] LR: 0.015423 | Train Loss: 0.009361 (Data: 0.00935, Mono: 0.00004) | Val MSE: 0.000279 (RMSE: 0.0167) 
2026-09-12 20:20:37,103 - INFO - Epoch [  30/2000] LR: 0.020000 | Train Loss: 0.005162 (Data: 0.00515, Mono: 0.00003) | Val MSE: 0.000132 (RMSE: 0.0115) 
2026-09-12 20:20:37,554 - INFO - Epoch [  40/2000] LR: 0.019999 | Train Loss: 0.003698 (Data: 0.00369, Mono: 0.00002) | Val MSE: 0.000325 (RMSE: 0.0180) 
2026-09-12 20:20:38,090 - INFO - Epoch [  50/2000] LR: 0.019995 | Train Loss: 0.002885 (Data: 0.00287, Mono: 0.00003) | Val MSE: 0.000217 (RMSE: 0.0147) 
2026-09-12 20:20:38,649 - INFO - Epoch [  60/2000] LR: 0.019989 | Train Loss: 0.002067 (Data: 0.00206, Mono: 0.00002) | Val MSE: 0.000131 (RMSE: 0.0115) 
2026-09-12 20:20:39,189 - INFO - Epoch [  70/2000] LR: 0.019980 | Train Loss: 0.001640 (Data: 0.00163, Mono: 0.00002) | Val MSE: 0.000168 (RMSE: 0.0130) 
2026-09-12 20:20:39,723 - INFO - Epoch [  80/2000] LR: 0.019968 | Train Loss: 0.001204 (Data: 0.00120, Mono: 0.00002) | Val MSE: 0.000292 (RMSE: 0.0171) 
2026-09-12 20:20:40,230 - INFO - Epoch [  90/2000] LR: 0.019954 | Train Loss: 0.001009 (Data: 0.00100, Mono: 0.00001) | Val MSE: 0.000335 (RMSE: 0.0183) 
2026-09-12 20:20:40,614 - INFO - Epoch [ 100/2000] LR: 0.019938 | Train Loss: 0.000972 (Data: 0.00097, Mono: 0.00001) | Val MSE: 0.000241 (RMSE: 0.0155) 
2026-09-12 20:20:41,007 - INFO - Epoch [ 110/2000] LR: 0.019919 | Train Loss: 0.000774 (Data: 0.00077, Mono: 0.00001) | Val MSE: 0.000217 (RMSE: 0.0147) 
2026-09-12 20:20:41,436 - INFO - Epoch [ 120/2000] LR: 0.019897 | Train Loss: 0.000597 (Data: 0.00059, Mono: 0.00001) | Val MSE: 0.000126 (RMSE: 0.0112) 
2026-09-12 20:20:41,854 - INFO - Epoch [ 130/2000] LR: 0.019873 | Train Loss: 0.000614 (Data: 0.00061, Mono: 0.00001) | Val MSE: 0.000141 (RMSE: 0.0119) 
2026-09-12 20:20:42,284 - INFO - Epoch [ 140/2000] LR: 0.019847 | Train Loss: 0.000537 (Data: 0.00053, Mono: 0.00001) | Val MSE: 0.000144 (RMSE: 0.0120) 
2026-09-12 20:20:42,697 - INFO - Epoch [ 150/2000] LR: 0.019817 | Train Loss: 0.000490 (Data: 0.00049, Mono: 0.00000) | Val MSE: 0.000225 (RMSE: 0.0150) 
2026-09-12 20:20:43,145 - INFO - Epoch [ 160/2000] LR: 0.019786 | Train Loss: 0.000505 (Data: 0.00050, Mono: 0.00000) | Val MSE: 0.000144 (RMSE: 0.0120) 
2026-09-12 20:20:43,582 - INFO - Epoch [ 170/2000] LR: 0.019752 | Train Loss: 0.000419 (Data: 0.00042, Mono: 0.00001) | Val MSE: 0.000158 (RMSE: 0.0126) 
2026-09-12 20:20:44,009 - INFO - Epoch [ 180/2000] LR: 0.019715 | Train Loss: 0.000429 (Data: 0.00043, Mono: 0.00000) | Val MSE: 0.000161 (RMSE: 0.0127) 
2026-09-12 20:20:44,372 - INFO - Epoch [ 190/2000] LR: 0.019676 | Train Loss: 0.000449 (Data: 0.00045, Mono: 0.00000) | Val MSE: 0.000144 (RMSE: 0.0120) 
2026-09-12 20:20:44,751 - INFO - Epoch [ 200/2000] LR: 0.019635 | Train Loss: 0.000431 (Data: 0.00043, Mono: 0.00000) | Val MSE: 0.000210 (RMSE: 0.0145) 
2026-09-12 20:20:45,128 - INFO - Epoch [ 210/2000] LR: 0.019591 | Train Loss: 0.000548 (Data: 0.00055, Mono: 0.00000) | Val MSE: 0.000184 (RMSE: 0.0136) 
2026-09-12 20:20:45,357 - INFO - [*] Early stopping triggered at epoch 216. Best epoch was 16 with Val MSE: 0.000112
2026-09-12 20:20:45,357 - INFO - Training completed in 9.80s. Loading best checkpoint from epoch 16 for final test evaluation...
2026-09-12 20:20:45,389 - INFO - ==================================================
2026-09-12 20:20:45,389 - INFO - Test Results for [XJTU] - [RW] (Best Epoch 16):
2026-09-12 20:20:45,389 - INFO -   Test RMSE: 0.016223
2026-09-12 20:20:45,391 - INFO -   Test MAE:  0.013225
2026-09-12 20:20:45,391 - INFO -   Test MAPE: 1.436476
2026-09-12 20:20:45,391 - INFO -   Test MSE:  0.000263
2026-09-12 20:20:45,391 - INFO - ==================================================
2026-09-12 21:01:52,721 - INFO - ==================================================
2026-09-12 21:01:52,721 - INFO - Starting FusionMLP Training for [XJTU] - [RW]
2026-09-12 21:01:52,721 - INFO - Device: cuda | Epochs: 2000 | LR: 0.000200 | Mono Weight: 0.4000 | Knee Feature: True
2026-09-12 21:01:52,721 - INFO - ==================================================
2026-09-12 21:01:52,797 - INFO - Data Splits: Train=5, Val=1, Test=2
2026-09-12 21:01:52,871 - INFO - Epoch [   1/2000] LR: 0.006066 | Train Loss: 0.496855 (Data: 0.49682, Mono: 0.00008) | Val MSE: 0.037801 (RMSE: 0.1944) [BEST]
2026-09-12 21:01:52,957 - INFO - Epoch [   3/2000] LR: 0.005661 | Train Loss: 0.085317 (Data: 0.08527, Mono: 0.00012) | Val MSE: 0.028405 (RMSE: 0.1685) [BEST]
2026-09-12 21:01:53,000 - INFO - Epoch [   4/2000] LR: 0.005459 | Train Loss: 0.097067 (Data: 0.09703, Mono: 0.00010) | Val MSE: 0.013367 (RMSE: 0.1156) [BEST]
2026-09-12 21:01:53,039 - INFO - Epoch [   5/2000] LR: 0.005257 | Train Loss: 0.058449 (Data: 0.05841, Mono: 0.00010) | Val MSE: 0.006414 (RMSE: 0.0801) [BEST]
2026-09-12 21:01:53,076 - INFO - Epoch [   6/2000] LR: 0.005055 | Train Loss: 0.057250 (Data: 0.05721, Mono: 0.00011) | Val MSE: 0.006161 (RMSE: 0.0785) [BEST]
2026-09-12 21:01:53,115 - INFO - Epoch [   7/2000] LR: 0.004852 | Train Loss: 0.045168 (Data: 0.04513, Mono: 0.00010) | Val MSE: 0.000701 (RMSE: 0.0265) [BEST]
2026-09-12 21:01:53,227 - INFO - Epoch [  10/2000] LR: 0.004245 | Train Loss: 0.035931 (Data: 0.03590, Mono: 0.00009) | Val MSE: 0.001077 (RMSE: 0.0328) 
2026-09-12 21:01:53,267 - INFO - Epoch [  11/2000] LR: 0.004043 | Train Loss: 0.035903 (Data: 0.03587, Mono: 0.00009) | Val MSE: 0.000311 (RMSE: 0.0176) [BEST]
2026-09-12 21:01:53,397 - INFO - Epoch [  13/2000] LR: 0.003639 | Train Loss: 0.031542 (Data: 0.03151, Mono: 0.00009) | Val MSE: 0.000192 (RMSE: 0.0138) [BEST]
2026-09-12 21:01:53,573 - INFO - Epoch [  17/2000] LR: 0.002830 | Train Loss: 0.025331 (Data: 0.02530, Mono: 0.00007) | Val MSE: 0.000153 (RMSE: 0.0124) [BEST]
2026-09-12 21:01:53,703 - INFO - Epoch [  20/2000] LR: 0.002223 | Train Loss: 0.023292 (Data: 0.02326, Mono: 0.00008) | Val MSE: 0.000127 (RMSE: 0.0113) [BEST]
2026-09-12 21:01:53,744 - INFO - Epoch [  21/2000] LR: 0.002020 | Train Loss: 0.023652 (Data: 0.02362, Mono: 0.00007) | Val MSE: 0.000123 (RMSE: 0.0111) [BEST]
2026-09-12 21:01:53,787 - INFO - Epoch [  22/2000] LR: 0.001818 | Train Loss: 0.021719 (Data: 0.02169, Mono: 0.00006) | Val MSE: 0.000122 (RMSE: 0.0110) [BEST]
2026-09-12 21:01:53,882 - INFO - Epoch [  24/2000] LR: 0.001414 | Train Loss: 0.020312 (Data: 0.02028, Mono: 0.00007) | Val MSE: 0.000113 (RMSE: 0.0106) [BEST]
2026-09-12 21:01:54,108 - INFO - Epoch [  30/2000] LR: 0.000200 | Train Loss: 0.019264 (Data: 0.01924, Mono: 0.00006) | Val MSE: 0.000113 (RMSE: 0.0106) [BEST]
2026-09-12 21:01:54,148 - INFO - Epoch [  31/2000] LR: 0.000200 | Train Loss: 0.019568 (Data: 0.01954, Mono: 0.00006) | Val MSE: 0.000112 (RMSE: 0.0106) [BEST]
2026-09-12 21:01:54,186 - INFO - Epoch [  32/2000] LR: 0.000200 | Train Loss: 0.018552 (Data: 0.01853, Mono: 0.00006) | Val MSE: 0.000111 (RMSE: 0.0105) [BEST]
2026-09-12 21:01:54,232 - INFO - Epoch [  33/2000] LR: 0.000200 | Train Loss: 0.019181 (Data: 0.01915, Mono: 0.00007) | Val MSE: 0.000110 (RMSE: 0.0105) [BEST]
2026-09-12 21:01:54,350 - INFO - Epoch [  36/2000] LR: 0.000200 | Train Loss: 0.018914 (Data: 0.01889, Mono: 0.00007) | Val MSE: 0.000110 (RMSE: 0.0105) [BEST]
2026-09-12 21:01:54,394 - INFO - Epoch [  37/2000] LR: 0.000200 | Train Loss: 0.018876 (Data: 0.01885, Mono: 0.00006) | Val MSE: 0.000107 (RMSE: 0.0103) [BEST]
2026-09-12 21:01:54,508 - INFO - Epoch [  40/2000] LR: 0.000200 | Train Loss: 0.017558 (Data: 0.01753, Mono: 0.00006) | Val MSE: 0.000116 (RMSE: 0.0108) 
2026-09-12 21:01:54,635 - INFO - Epoch [  43/2000] LR: 0.000200 | Train Loss: 0.018342 (Data: 0.01832, Mono: 0.00006) | Val MSE: 0.000106 (RMSE: 0.0103) [BEST]
2026-09-12 21:01:54,683 - INFO - Epoch [  44/2000] LR: 0.000200 | Train Loss: 0.018977 (Data: 0.01895, Mono: 0.00006) | Val MSE: 0.000100 (RMSE: 0.0100) [BEST]
2026-09-12 21:01:54,721 - INFO - Epoch [  45/2000] LR: 0.000200 | Train Loss: 0.020897 (Data: 0.02087, Mono: 0.00006) | Val MSE: 0.000099 (RMSE: 0.0100) [BEST]
2026-09-12 21:01:54,925 - INFO - Epoch [  50/2000] LR: 0.000200 | Train Loss: 0.018072 (Data: 0.01805, Mono: 0.00006) | Val MSE: 0.000098 (RMSE: 0.0099) [BEST]
2026-09-12 21:01:55,300 - INFO - Epoch [  60/2000] LR: 0.000200 | Train Loss: 0.018270 (Data: 0.01825, Mono: 0.00006) | Val MSE: 0.000100 (RMSE: 0.0100) 
2026-09-12 21:01:55,532 - INFO - Epoch [  66/2000] LR: 0.000200 | Train Loss: 0.017817 (Data: 0.01779, Mono: 0.00005) | Val MSE: 0.000097 (RMSE: 0.0098) [BEST]
2026-09-12 21:01:55,574 - INFO - Epoch [  67/2000] LR: 0.000200 | Train Loss: 0.018408 (Data: 0.01838, Mono: 0.00007) | Val MSE: 0.000095 (RMSE: 0.0098) [BEST]
2026-09-12 21:01:55,612 - INFO - Epoch [  68/2000] LR: 0.000200 | Train Loss: 0.017467 (Data: 0.01744, Mono: 0.00006) | Val MSE: 0.000094 (RMSE: 0.0097) [BEST]
2026-09-12 21:01:55,655 - INFO - Epoch [  69/2000] LR: 0.000200 | Train Loss: 0.017253 (Data: 0.01723, Mono: 0.00006) | Val MSE: 0.000092 (RMSE: 0.0096) [BEST]
2026-09-12 21:01:55,690 - INFO - Epoch [  70/2000] LR: 0.000200 | Train Loss: 0.016578 (Data: 0.01656, Mono: 0.00006) | Val MSE: 0.000092 (RMSE: 0.0096) [BEST]
2026-09-12 21:01:55,727 - INFO - Epoch [  71/2000] LR: 0.000200 | Train Loss: 0.017921 (Data: 0.01790, Mono: 0.00006) | Val MSE: 0.000091 (RMSE: 0.0096) [BEST]
2026-09-12 21:01:55,764 - INFO - Epoch [  72/2000] LR: 0.000200 | Train Loss: 0.017507 (Data: 0.01748, Mono: 0.00006) | Val MSE: 0.000091 (RMSE: 0.0095) [BEST]
2026-09-12 21:01:55,812 - INFO - Epoch [  73/2000] LR: 0.000200 | Train Loss: 0.017098 (Data: 0.01707, Mono: 0.00006) | Val MSE: 0.000091 (RMSE: 0.0095) [BEST]
2026-09-12 21:01:55,895 - INFO - Epoch [  75/2000] LR: 0.000200 | Train Loss: 0.016249 (Data: 0.01622, Mono: 0.00006) | Val MSE: 0.000091 (RMSE: 0.0095) [BEST]
2026-09-12 21:01:55,936 - INFO - Epoch [  76/2000] LR: 0.000200 | Train Loss: 0.017173 (Data: 0.01715, Mono: 0.00006) | Val MSE: 0.000090 (RMSE: 0.0095) [BEST]
2026-09-12 21:01:56,095 - INFO - Epoch [  80/2000] LR: 0.000200 | Train Loss: 0.016657 (Data: 0.01663, Mono: 0.00006) | Val MSE: 0.000098 (RMSE: 0.0099) 
2026-09-12 21:01:56,449 - INFO - Epoch [  88/2000] LR: 0.000200 | Train Loss: 0.015104 (Data: 0.01508, Mono: 0.00005) | Val MSE: 0.000090 (RMSE: 0.0095) [BEST]
2026-09-12 21:01:56,546 - INFO - Epoch [  90/2000] LR: 0.000200 | Train Loss: 0.016066 (Data: 0.01604, Mono: 0.00006) | Val MSE: 0.000088 (RMSE: 0.0094) [BEST]
2026-09-12 21:01:56,627 - INFO - Epoch [  92/2000] LR: 0.000200 | Train Loss: 0.015761 (Data: 0.01574, Mono: 0.00006) | Val MSE: 0.000088 (RMSE: 0.0094) [BEST]
2026-09-12 21:01:56,665 - INFO - Epoch [  93/2000] LR: 0.000199 | Train Loss: 0.014887 (Data: 0.01486, Mono: 0.00006) | Val MSE: 0.000086 (RMSE: 0.0093) [BEST]
2026-09-12 21:01:56,957 - INFO - Epoch [ 100/2000] LR: 0.000199 | Train Loss: 0.014903 (Data: 0.01488, Mono: 0.00005) | Val MSE: 0.000088 (RMSE: 0.0094) 
2026-09-12 21:01:57,108 - INFO - Epoch [ 104/2000] LR: 0.000199 | Train Loss: 0.013748 (Data: 0.01373, Mono: 0.00005) | Val MSE: 0.000086 (RMSE: 0.0093) [BEST]
2026-09-12 21:01:57,199 - INFO - Epoch [ 106/2000] LR: 0.000199 | Train Loss: 0.014896 (Data: 0.01488, Mono: 0.00005) | Val MSE: 0.000085 (RMSE: 0.0092) [BEST]
2026-09-12 21:01:57,347 - INFO - Epoch [ 110/2000] LR: 0.000199 | Train Loss: 0.014807 (Data: 0.01478, Mono: 0.00007) | Val MSE: 0.000086 (RMSE: 0.0093) 
2026-09-12 21:01:57,634 - INFO - Epoch [ 117/2000] LR: 0.000199 | Train Loss: 0.013521 (Data: 0.01350, Mono: 0.00006) | Val MSE: 0.000084 (RMSE: 0.0091) [BEST]
2026-09-12 21:01:57,753 - INFO - Epoch [ 120/2000] LR: 0.000199 | Train Loss: 0.013639 (Data: 0.01362, Mono: 0.00005) | Val MSE: 0.000090 (RMSE: 0.0095) 
2026-09-12 21:01:58,173 - INFO - Epoch [ 130/2000] LR: 0.000199 | Train Loss: 0.012951 (Data: 0.01293, Mono: 0.00006) | Val MSE: 0.000092 (RMSE: 0.0096) 
2026-09-12 21:01:58,299 - INFO - Epoch [ 133/2000] LR: 0.000199 | Train Loss: 0.013097 (Data: 0.01308, Mono: 0.00005) | Val MSE: 0.000083 (RMSE: 0.0091) [BEST]
2026-09-12 21:01:58,346 - INFO - Epoch [ 134/2000] LR: 0.000199 | Train Loss: 0.013589 (Data: 0.01357, Mono: 0.00005) | Val MSE: 0.000082 (RMSE: 0.0091) [BEST]
2026-09-12 21:01:58,389 - INFO - Epoch [ 135/2000] LR: 0.000199 | Train Loss: 0.012311 (Data: 0.01229, Mono: 0.00005) | Val MSE: 0.000082 (RMSE: 0.0091) [BEST]
2026-09-12 21:01:58,591 - INFO - Epoch [ 140/2000] LR: 0.000198 | Train Loss: 0.013142 (Data: 0.01312, Mono: 0.00005) | Val MSE: 0.000082 (RMSE: 0.0091) 
2026-09-12 21:01:58,972 - INFO - Epoch [ 150/2000] LR: 0.000198 | Train Loss: 0.012165 (Data: 0.01215, Mono: 0.00005) | Val MSE: 0.000097 (RMSE: 0.0099) 
2026-09-12 21:01:59,332 - INFO - Epoch [ 160/2000] LR: 0.000198 | Train Loss: 0.012279 (Data: 0.01226, Mono: 0.00005) | Val MSE: 0.000090 (RMSE: 0.0095) 
2026-09-12 21:01:59,707 - INFO - Epoch [ 170/2000] LR: 0.000198 | Train Loss: 0.011286 (Data: 0.01127, Mono: 0.00004) | Val MSE: 0.000140 (RMSE: 0.0118) 
2026-09-12 21:02:00,107 - INFO - Epoch [ 180/2000] LR: 0.000197 | Train Loss: 0.010941 (Data: 0.01092, Mono: 0.00005) | Val MSE: 0.000116 (RMSE: 0.0108) 
2026-09-12 21:02:00,472 - INFO - Epoch [ 190/2000] LR: 0.000197 | Train Loss: 0.010496 (Data: 0.01048, Mono: 0.00004) | Val MSE: 0.000102 (RMSE: 0.0101) 
2026-09-12 21:02:00,886 - INFO - Epoch [ 200/2000] LR: 0.000196 | Train Loss: 0.010157 (Data: 0.01014, Mono: 0.00004) | Val MSE: 0.000131 (RMSE: 0.0114) 
2026-09-12 21:02:01,334 - INFO - Epoch [ 210/2000] LR: 0.000196 | Train Loss: 0.009387 (Data: 0.00937, Mono: 0.00004) | Val MSE: 0.000103 (RMSE: 0.0101) 
2026-09-12 21:02:01,817 - INFO - Epoch [ 220/2000] LR: 0.000195 | Train Loss: 0.009197 (Data: 0.00918, Mono: 0.00005) | Val MSE: 0.000109 (RMSE: 0.0104) 
2026-09-12 21:02:02,436 - INFO - Epoch [ 230/2000] LR: 0.000195 | Train Loss: 0.009131 (Data: 0.00911, Mono: 0.00005) | Val MSE: 0.000136 (RMSE: 0.0116) 
2026-09-12 21:02:02,993 - INFO - Epoch [ 240/2000] LR: 0.000194 | Train Loss: 0.009011 (Data: 0.00899, Mono: 0.00004) | Val MSE: 0.000118 (RMSE: 0.0109) 
2026-09-12 21:02:03,563 - INFO - Epoch [ 250/2000] LR: 0.000194 | Train Loss: 0.008871 (Data: 0.00886, Mono: 0.00004) | Val MSE: 0.000115 (RMSE: 0.0107) 
2026-09-12 21:02:04,127 - INFO - Epoch [ 260/2000] LR: 0.000193 | Train Loss: 0.008764 (Data: 0.00875, Mono: 0.00004) | Val MSE: 0.000105 (RMSE: 0.0102) 
2026-09-12 21:02:04,664 - INFO - Epoch [ 270/2000] LR: 0.000193 | Train Loss: 0.007758 (Data: 0.00774, Mono: 0.00004) | Val MSE: 0.000119 (RMSE: 0.0109) 
2026-09-12 21:02:05,196 - INFO - Epoch [ 280/2000] LR: 0.000192 | Train Loss: 0.007773 (Data: 0.00776, Mono: 0.00004) | Val MSE: 0.000157 (RMSE: 0.0125) 
2026-09-12 21:02:05,720 - INFO - Epoch [ 290/2000] LR: 0.000192 | Train Loss: 0.007628 (Data: 0.00761, Mono: 0.00004) | Val MSE: 0.000139 (RMSE: 0.0118) 
2026-09-12 21:02:06,256 - INFO - Epoch [ 300/2000] LR: 0.000191 | Train Loss: 0.007614 (Data: 0.00760, Mono: 0.00003) | Val MSE: 0.000136 (RMSE: 0.0117) 
2026-09-12 21:02:06,779 - INFO - Epoch [ 310/2000] LR: 0.000190 | Train Loss: 0.007214 (Data: 0.00720, Mono: 0.00004) | Val MSE: 0.000131 (RMSE: 0.0114) 
2026-09-12 21:02:07,321 - INFO - Epoch [ 320/2000] LR: 0.000190 | Train Loss: 0.006906 (Data: 0.00689, Mono: 0.00004) | Val MSE: 0.000155 (RMSE: 0.0124) 
2026-09-12 21:02:07,906 - INFO - Epoch [ 330/2000] LR: 0.000189 | Train Loss: 0.007383 (Data: 0.00737, Mono: 0.00004) | Val MSE: 0.000172 (RMSE: 0.0131) 
2026-09-12 21:02:08,186 - INFO - [*] Early stopping triggered at epoch 335. Best epoch was 135 with Val MSE: 0.000082
2026-09-12 21:02:08,187 - INFO - Training completed in 15.37s. Loading best checkpoint from epoch 135 for final test evaluation...
2026-09-12 21:02:08,225 - INFO - ==================================================
2026-09-12 21:02:08,225 - INFO - Test Results for [XJTU] - [RW] (Best Epoch 135):
2026-09-12 21:02:08,226 - INFO -   Test RMSE: 0.015346
2026-09-12 21:02:08,226 - INFO -   Test MAE:  0.012678
2026-09-12 21:02:08,226 - INFO -   Test MAPE: 1.384949
2026-09-12 21:02:08,226 - INFO -   Test MSE:  0.000235
2026-09-12 21:02:08,226 - INFO - ==================================================
2026-09-13 11:54:26,826 - INFO - ==================================================
2026-09-13 11:54:26,827 - INFO - Starting FusionMLP Training for [XJTU] - [RW]
2026-09-13 11:54:26,827 - INFO - Device: cuda | Epochs: 2000 | LR: 0.002000 | Mono Weight: 0.4000 | Knee Feature: True
2026-09-13 11:54:26,827 - INFO - ==================================================
2026-09-13 11:54:26,996 - INFO - Data Splits: Train=5, Val=1, Test=2
2026-09-13 11:54:27,161 - INFO - Epoch [   1/2000] LR: 0.006126 | Train Loss: 0.289560 (Data: 0.28951, Mono: 0.00012) | Val MSE: 0.067324 (RMSE: 0.2595) [BEST]
2026-09-13 11:54:27,208 - INFO - Epoch [   2/2000] LR: 0.005984 | Train Loss: 0.141202 (Data: 0.14115, Mono: 0.00014) | Val MSE: 0.014736 (RMSE: 0.1214) [BEST]
2026-09-13 11:54:27,293 - INFO - Epoch [   4/2000] LR: 0.005699 | Train Loss: 0.079706 (Data: 0.07966, Mono: 0.00011) | Val MSE: 0.003604 (RMSE: 0.0600) [BEST]
2026-09-13 11:54:27,336 - INFO - Epoch [   5/2000] LR: 0.005557 | Train Loss: 0.067081 (Data: 0.06704, Mono: 0.00010) | Val MSE: 0.001307 (RMSE: 0.0362) [BEST]
2026-09-13 11:54:27,409 - INFO - Epoch [   7/2000] LR: 0.005272 | Train Loss: 0.051580 (Data: 0.05153, Mono: 0.00012) | Val MSE: 0.000544 (RMSE: 0.0233) [BEST]
2026-09-13 11:54:27,452 - INFO - Epoch [   8/2000] LR: 0.005130 | Train Loss: 0.045652 (Data: 0.04562, Mono: 0.00009) | Val MSE: 0.000328 (RMSE: 0.0181) [BEST]
2026-09-13 11:54:27,526 - INFO - Epoch [  10/2000] LR: 0.004845 | Train Loss: 0.040356 (Data: 0.04032, Mono: 0.00010) | Val MSE: 0.000260 (RMSE: 0.0161) [BEST]
2026-09-13 11:54:27,845 - INFO - Epoch [  18/2000] LR: 0.003707 | Train Loss: 0.027836 (Data: 0.02781, Mono: 0.00007) | Val MSE: 0.000224 (RMSE: 0.0150) [BEST]
2026-09-13 11:54:27,888 - INFO - Epoch [  19/2000] LR: 0.003565 | Train Loss: 0.026449 (Data: 0.02642, Mono: 0.00007) | Val MSE: 0.000162 (RMSE: 0.0127) [BEST]
2026-09-13 11:54:27,937 - INFO - Epoch [  20/2000] LR: 0.003423 | Train Loss: 0.025736 (Data: 0.02571, Mono: 0.00007) | Val MSE: 0.000273 (RMSE: 0.0165) 
2026-09-13 11:54:28,060 - INFO - Epoch [  23/2000] LR: 0.002996 | Train Loss: 0.024841 (Data: 0.02482, Mono: 0.00006) | Val MSE: 0.000147 (RMSE: 0.0121) [BEST]
2026-09-13 11:54:28,405 - INFO - Epoch [  30/2000] LR: 0.002000 | Train Loss: 0.020320 (Data: 0.02029, Mono: 0.00007) | Val MSE: 0.000228 (RMSE: 0.0151) 
2026-09-13 11:54:28,631 - INFO - Epoch [  35/2000] LR: 0.002000 | Train Loss: 0.016259 (Data: 0.01624, Mono: 0.00005) | Val MSE: 0.000125 (RMSE: 0.0112) [BEST]
2026-09-13 11:54:28,814 - INFO - Epoch [  39/2000] LR: 0.002000 | Train Loss: 0.014862 (Data: 0.01484, Mono: 0.00005) | Val MSE: 0.000116 (RMSE: 0.0108) [BEST]
2026-09-13 11:54:28,861 - INFO - Epoch [  40/2000] LR: 0.002000 | Train Loss: 0.016053 (Data: 0.01603, Mono: 0.00005) | Val MSE: 0.000173 (RMSE: 0.0132) 
2026-09-13 11:54:28,957 - INFO - Epoch [  42/2000] LR: 0.002000 | Train Loss: 0.014558 (Data: 0.01454, Mono: 0.00005) | Val MSE: 0.000116 (RMSE: 0.0108) [BEST]
2026-09-13 11:54:29,335 - INFO - Epoch [  50/2000] LR: 0.001999 | Train Loss: 0.012401 (Data: 0.01238, Mono: 0.00005) | Val MSE: 0.000181 (RMSE: 0.0134) 
2026-09-13 11:54:29,639 - INFO - Epoch [  57/2000] LR: 0.001999 | Train Loss: 0.011055 (Data: 0.01104, Mono: 0.00005) | Val MSE: 0.000115 (RMSE: 0.0107) [BEST]
2026-09-13 11:54:29,689 - INFO - Epoch [  58/2000] LR: 0.001999 | Train Loss: 0.011375 (Data: 0.01135, Mono: 0.00005) | Val MSE: 0.000114 (RMSE: 0.0107) [BEST]
2026-09-13 11:54:29,796 - INFO - Epoch [  60/2000] LR: 0.001999 | Train Loss: 0.010380 (Data: 0.01036, Mono: 0.00004) | Val MSE: 0.000117 (RMSE: 0.0108) 
2026-09-13 11:54:29,947 - INFO - Epoch [  63/2000] LR: 0.001999 | Train Loss: 0.010932 (Data: 0.01091, Mono: 0.00005) | Val MSE: 0.000112 (RMSE: 0.0106) [BEST]
2026-09-13 11:54:30,260 - INFO - Epoch [  70/2000] LR: 0.001998 | Train Loss: 0.009093 (Data: 0.00908, Mono: 0.00004) | Val MSE: 0.000130 (RMSE: 0.0114) 
2026-09-13 11:54:30,697 - INFO - Epoch [  80/2000] LR: 0.001997 | Train Loss: 0.008274 (Data: 0.00826, Mono: 0.00004) | Val MSE: 0.000124 (RMSE: 0.0111) 
2026-09-13 11:54:31,132 - INFO - Epoch [  90/2000] LR: 0.001995 | Train Loss: 0.007441 (Data: 0.00743, Mono: 0.00003) | Val MSE: 0.000172 (RMSE: 0.0131) 
2026-09-13 11:54:31,566 - INFO - Epoch [ 100/2000] LR: 0.001994 | Train Loss: 0.006381 (Data: 0.00637, Mono: 0.00003) | Val MSE: 0.000204 (RMSE: 0.0143) 
2026-09-13 11:54:31,974 - INFO - Epoch [ 110/2000] LR: 0.001992 | Train Loss: 0.005651 (Data: 0.00564, Mono: 0.00003) | Val MSE: 0.000271 (RMSE: 0.0165) 
2026-09-13 11:54:32,412 - INFO - Epoch [ 120/2000] LR: 0.001990 | Train Loss: 0.005256 (Data: 0.00524, Mono: 0.00003) | Val MSE: 0.000155 (RMSE: 0.0124) 
2026-09-13 11:54:32,854 - INFO - Epoch [ 130/2000] LR: 0.001987 | Train Loss: 0.004498 (Data: 0.00449, Mono: 0.00003) | Val MSE: 0.000244 (RMSE: 0.0156) 
2026-09-13 11:54:33,296 - INFO - Epoch [ 140/2000] LR: 0.001985 | Train Loss: 0.003815 (Data: 0.00381, Mono: 0.00003) | Val MSE: 0.000224 (RMSE: 0.0150) 
2026-09-13 11:54:33,740 - INFO - Epoch [ 150/2000] LR: 0.001982 | Train Loss: 0.003727 (Data: 0.00372, Mono: 0.00003) | Val MSE: 0.000260 (RMSE: 0.0161) 
2026-09-13 11:54:34,178 - INFO - Epoch [ 160/2000] LR: 0.001979 | Train Loss: 0.003164 (Data: 0.00315, Mono: 0.00002) | Val MSE: 0.000177 (RMSE: 0.0133) 
2026-09-13 11:54:34,615 - INFO - Epoch [ 170/2000] LR: 0.001975 | Train Loss: 0.002920 (Data: 0.00291, Mono: 0.00002) | Val MSE: 0.000222 (RMSE: 0.0149) 
2026-09-13 11:54:35,063 - INFO - Epoch [ 180/2000] LR: 0.001972 | Train Loss: 0.002745 (Data: 0.00274, Mono: 0.00002) | Val MSE: 0.000165 (RMSE: 0.0128) 
2026-09-13 11:54:35,500 - INFO - Epoch [ 190/2000] LR: 0.001968 | Train Loss: 0.002443 (Data: 0.00244, Mono: 0.00002) | Val MSE: 0.000212 (RMSE: 0.0146) 
2026-09-13 11:54:35,938 - INFO - Epoch [ 200/2000] LR: 0.001964 | Train Loss: 0.002202 (Data: 0.00219, Mono: 0.00002) | Val MSE: 0.000140 (RMSE: 0.0118) 
2026-09-13 11:54:36,361 - INFO - Epoch [ 210/2000] LR: 0.001959 | Train Loss: 0.001948 (Data: 0.00194, Mono: 0.00002) | Val MSE: 0.000153 (RMSE: 0.0124) 
2026-09-13 11:54:36,758 - INFO - Epoch [ 220/2000] LR: 0.001954 | Train Loss: 0.001796 (Data: 0.00179, Mono: 0.00001) | Val MSE: 0.000188 (RMSE: 0.0137) 
2026-09-13 11:54:37,177 - INFO - Epoch [ 230/2000] LR: 0.001950 | Train Loss: 0.001552 (Data: 0.00155, Mono: 0.00001) | Val MSE: 0.000216 (RMSE: 0.0147) 
2026-09-13 11:54:37,577 - INFO - Epoch [ 240/2000] LR: 0.001944 | Train Loss: 0.001475 (Data: 0.00147, Mono: 0.00001) | Val MSE: 0.000231 (RMSE: 0.0152) 
2026-09-13 11:54:37,992 - INFO - Epoch [ 250/2000] LR: 0.001939 | Train Loss: 0.001292 (Data: 0.00129, Mono: 0.00001) | Val MSE: 0.000180 (RMSE: 0.0134) 
2026-09-13 11:54:38,397 - INFO - Epoch [ 260/2000] LR: 0.001934 | Train Loss: 0.001273 (Data: 0.00127, Mono: 0.00001) | Val MSE: 0.000176 (RMSE: 0.0133) 
2026-09-13 11:54:38,527 - INFO - [*] Early stopping triggered at epoch 263. Best epoch was 63 with Val MSE: 0.000112
2026-09-13 11:54:38,527 - INFO - Training completed in 11.47s. Loading best checkpoint from epoch 63 for final test evaluation...
2026-09-13 11:54:38,570 - INFO - ==================================================
2026-09-13 11:54:38,570 - INFO - Test Results for [XJTU] - [RW] (Best Epoch 63):
2026-09-13 11:54:38,570 - INFO -   Test RMSE: 0.017431
2026-09-13 11:54:38,570 - INFO -   Test MAE:  0.014623
2026-09-13 11:54:38,570 - INFO -   Test MAPE: 1.591433
2026-09-13 11:54:38,570 - INFO -   Test MSE:  0.000304
2026-09-13 11:54:38,570 - INFO - ==================================================
2026-09-13 13:24:55,478 - INFO - ==================================================
2026-09-13 13:24:55,478 - INFO - Starting FusionMLP Training for [XJTU] - [RW]
2026-09-13 13:24:55,478 - INFO - Device: cuda | Epochs: 2000 | LR: 0.002000 | Mono Weight: 0.4000 | Knee Feature: True
2026-09-13 13:24:55,478 - INFO - ==================================================
2026-09-13 13:24:55,535 - INFO - Data Splits: Train=5, Val=1, Test=2
2026-09-13 13:24:55,589 - INFO - Epoch [   1/2000] LR: 0.006126 | Train Loss: 0.332528 (Data: 0.33248, Mono: 0.00013) | Val MSE: 0.030453 (RMSE: 0.1745) [BEST]
2026-09-13 13:24:55,704 - INFO - Epoch [   4/2000] LR: 0.005699 | Train Loss: 0.077401 (Data: 0.07735, Mono: 0.00012) | Val MSE: 0.016721 (RMSE: 0.1293) [BEST]
2026-09-13 13:24:55,745 - INFO - Epoch [   5/2000] LR: 0.005557 | Train Loss: 0.072047 (Data: 0.07200, Mono: 0.00011) | Val MSE: 0.002034 (RMSE: 0.0451) [BEST]
2026-09-13 13:24:55,879 - INFO - Epoch [   9/2000] LR: 0.004988 | Train Loss: 0.038418 (Data: 0.03838, Mono: 0.00009) | Val MSE: 0.001593 (RMSE: 0.0399) [BEST]
2026-09-13 13:24:55,928 - INFO - Epoch [  10/2000] LR: 0.004845 | Train Loss: 0.034065 (Data: 0.03403, Mono: 0.00009) | Val MSE: 0.000964 (RMSE: 0.0311) [BEST]
2026-09-13 13:24:56,008 - INFO - Epoch [  12/2000] LR: 0.004561 | Train Loss: 0.027607 (Data: 0.02758, Mono: 0.00008) | Val MSE: 0.000560 (RMSE: 0.0237) [BEST]
2026-09-13 13:24:56,049 - INFO - Epoch [  13/2000] LR: 0.004419 | Train Loss: 0.025376 (Data: 0.02535, Mono: 0.00008) | Val MSE: 0.000556 (RMSE: 0.0236) [BEST]
2026-09-13 13:24:56,088 - INFO - Epoch [  14/2000] LR: 0.004276 | Train Loss: 0.021993 (Data: 0.02196, Mono: 0.00008) | Val MSE: 0.000511 (RMSE: 0.0226) [BEST]
2026-09-13 13:24:56,134 - INFO - Epoch [  15/2000] LR: 0.004134 | Train Loss: 0.018819 (Data: 0.01879, Mono: 0.00006) | Val MSE: 0.000354 (RMSE: 0.0188) [BEST]
2026-09-13 13:24:56,229 - INFO - Epoch [  18/2000] LR: 0.003707 | Train Loss: 0.015964 (Data: 0.01594, Mono: 0.00006) | Val MSE: 0.000295 (RMSE: 0.0172) [BEST]
2026-09-13 13:24:56,317 - INFO - Epoch [  20/2000] LR: 0.003423 | Train Loss: 0.015597 (Data: 0.01557, Mono: 0.00006) | Val MSE: 0.000272 (RMSE: 0.0165) [BEST]
2026-09-13 13:24:56,357 - INFO - Epoch [  21/2000] LR: 0.003280 | Train Loss: 0.014182 (Data: 0.01416, Mono: 0.00006) | Val MSE: 0.000234 (RMSE: 0.0153) [BEST]
2026-09-13 13:24:56,515 - INFO - Epoch [  25/2000] LR: 0.002711 | Train Loss: 0.012543 (Data: 0.01252, Mono: 0.00005) | Val MSE: 0.000228 (RMSE: 0.0151) [BEST]
2026-09-13 13:24:56,695 - INFO - Epoch [  29/2000] LR: 0.002142 | Train Loss: 0.010399 (Data: 0.01038, Mono: 0.00005) | Val MSE: 0.000205 (RMSE: 0.0143) [BEST]
2026-09-13 13:24:56,747 - INFO - Epoch [  30/2000] LR: 0.002000 | Train Loss: 0.011584 (Data: 0.01156, Mono: 0.00005) | Val MSE: 0.000190 (RMSE: 0.0138) [BEST]
2026-09-13 13:24:56,790 - INFO - Epoch [  31/2000] LR: 0.002000 | Train Loss: 0.011512 (Data: 0.01149, Mono: 0.00005) | Val MSE: 0.000156 (RMSE: 0.0125) [BEST]
2026-09-13 13:24:56,887 - INFO - Epoch [  34/2000] LR: 0.002000 | Train Loss: 0.010962 (Data: 0.01094, Mono: 0.00006) | Val MSE: 0.000138 (RMSE: 0.0118) [BEST]
2026-09-13 13:24:57,082 - INFO - Epoch [  40/2000] LR: 0.002000 | Train Loss: 0.009568 (Data: 0.00955, Mono: 0.00005) | Val MSE: 0.000182 (RMSE: 0.0135) 
2026-09-13 13:24:57,208 - INFO - Epoch [  44/2000] LR: 0.002000 | Train Loss: 0.008887 (Data: 0.00887, Mono: 0.00005) | Val MSE: 0.000117 (RMSE: 0.0108) [BEST]
2026-09-13 13:24:57,241 - INFO - Epoch [  45/2000] LR: 0.002000 | Train Loss: 0.008585 (Data: 0.00857, Mono: 0.00005) | Val MSE: 0.000102 (RMSE: 0.0101) [BEST]
2026-09-13 13:24:57,386 - INFO - Epoch [  50/2000] LR: 0.001999 | Train Loss: 0.007299 (Data: 0.00728, Mono: 0.00004) | Val MSE: 0.000166 (RMSE: 0.0129) 
2026-09-13 13:24:57,548 - INFO - Epoch [  55/2000] LR: 0.001999 | Train Loss: 0.007544 (Data: 0.00753, Mono: 0.00004) | Val MSE: 0.000101 (RMSE: 0.0101) [BEST]
2026-09-13 13:24:57,586 - INFO - Epoch [  56/2000] LR: 0.001999 | Train Loss: 0.007104 (Data: 0.00709, Mono: 0.00004) | Val MSE: 0.000091 (RMSE: 0.0096) [BEST]
2026-09-13 13:24:57,697 - INFO - Epoch [  60/2000] LR: 0.001999 | Train Loss: 0.007208 (Data: 0.00719, Mono: 0.00004) | Val MSE: 0.000131 (RMSE: 0.0115) 
2026-09-13 13:24:57,917 - INFO - Epoch [  67/2000] LR: 0.001998 | Train Loss: 0.006454 (Data: 0.00644, Mono: 0.00003) | Val MSE: 0.000080 (RMSE: 0.0089) [BEST]
2026-09-13 13:24:58,013 - INFO - Epoch [  70/2000] LR: 0.001998 | Train Loss: 0.006017 (Data: 0.00600, Mono: 0.00004) | Val MSE: 0.000116 (RMSE: 0.0108) 
2026-09-13 13:24:58,312 - INFO - Epoch [  80/2000] LR: 0.001997 | Train Loss: 0.005701 (Data: 0.00569, Mono: 0.00004) | Val MSE: 0.000114 (RMSE: 0.0107) 
2026-09-13 13:24:58,564 - INFO - Epoch [  88/2000] LR: 0.001996 | Train Loss: 0.005048 (Data: 0.00503, Mono: 0.00003) | Val MSE: 0.000077 (RMSE: 0.0088) [BEST]
2026-09-13 13:24:58,632 - INFO - Epoch [  90/2000] LR: 0.001995 | Train Loss: 0.005323 (Data: 0.00531, Mono: 0.00003) | Val MSE: 0.000090 (RMSE: 0.0095) 
2026-09-13 13:24:58,788 - INFO - Epoch [  95/2000] LR: 0.001995 | Train Loss: 0.004872 (Data: 0.00486, Mono: 0.00003) | Val MSE: 0.000069 (RMSE: 0.0083) [BEST]
2026-09-13 13:24:58,941 - INFO - Epoch [ 100/2000] LR: 0.001994 | Train Loss: 0.004769 (Data: 0.00476, Mono: 0.00003) | Val MSE: 0.000085 (RMSE: 0.0092) 
2026-09-13 13:24:59,276 - INFO - Epoch [ 110/2000] LR: 0.001992 | Train Loss: 0.004443 (Data: 0.00443, Mono: 0.00003) | Val MSE: 0.000138 (RMSE: 0.0117) 
2026-09-13 13:24:59,597 - INFO - Epoch [ 120/2000] LR: 0.001990 | Train Loss: 0.003831 (Data: 0.00382, Mono: 0.00003) | Val MSE: 0.000101 (RMSE: 0.0101) 
2026-09-13 13:24:59,916 - INFO - Epoch [ 130/2000] LR: 0.001987 | Train Loss: 0.004039 (Data: 0.00403, Mono: 0.00003) | Val MSE: 0.000152 (RMSE: 0.0123) 
2026-09-13 13:25:00,239 - INFO - Epoch [ 140/2000] LR: 0.001985 | Train Loss: 0.003331 (Data: 0.00332, Mono: 0.00003) | Val MSE: 0.000086 (RMSE: 0.0092) 
2026-09-13 13:25:00,547 - INFO - Epoch [ 150/2000] LR: 0.001982 | Train Loss: 0.003435 (Data: 0.00343, Mono: 0.00003) | Val MSE: 0.000157 (RMSE: 0.0125) 
2026-09-13 13:25:00,855 - INFO - Epoch [ 160/2000] LR: 0.001979 | Train Loss: 0.003049 (Data: 0.00304, Mono: 0.00002) | Val MSE: 0.000164 (RMSE: 0.0128) 
2026-09-13 13:25:01,166 - INFO - Epoch [ 170/2000] LR: 0.001975 | Train Loss: 0.002931 (Data: 0.00292, Mono: 0.00002) | Val MSE: 0.000124 (RMSE: 0.0111) 
2026-09-13 13:25:01,467 - INFO - Epoch [ 180/2000] LR: 0.001972 | Train Loss: 0.002870 (Data: 0.00286, Mono: 0.00002) | Val MSE: 0.000160 (RMSE: 0.0126) 
2026-09-13 13:25:01,782 - INFO - Epoch [ 190/2000] LR: 0.001968 | Train Loss: 0.002844 (Data: 0.00284, Mono: 0.00002) | Val MSE: 0.000111 (RMSE: 0.0105) 
2026-09-13 13:25:02,102 - INFO - Epoch [ 200/2000] LR: 0.001964 | Train Loss: 0.002557 (Data: 0.00255, Mono: 0.00002) | Val MSE: 0.000151 (RMSE: 0.0123) 
2026-09-13 13:25:02,410 - INFO - Epoch [ 210/2000] LR: 0.001959 | Train Loss: 0.002499 (Data: 0.00249, Mono: 0.00002) | Val MSE: 0.000178 (RMSE: 0.0134) 
2026-09-13 13:25:02,726 - INFO - Epoch [ 220/2000] LR: 0.001954 | Train Loss: 0.002496 (Data: 0.00249, Mono: 0.00002) | Val MSE: 0.000197 (RMSE: 0.0140) 
2026-09-13 13:25:03,031 - INFO - Epoch [ 230/2000] LR: 0.001950 | Train Loss: 0.002241 (Data: 0.00223, Mono: 0.00002) | Val MSE: 0.000117 (RMSE: 0.0108) 
2026-09-13 13:25:03,348 - INFO - Epoch [ 240/2000] LR: 0.001944 | Train Loss: 0.001967 (Data: 0.00196, Mono: 0.00002) | Val MSE: 0.000219 (RMSE: 0.0148) 
2026-09-13 13:25:03,656 - INFO - Epoch [ 250/2000] LR: 0.001939 | Train Loss: 0.002114 (Data: 0.00211, Mono: 0.00002) | Val MSE: 0.000127 (RMSE: 0.0113) 
2026-09-13 13:25:03,962 - INFO - Epoch [ 260/2000] LR: 0.001934 | Train Loss: 0.001962 (Data: 0.00195, Mono: 0.00002) | Val MSE: 0.000322 (RMSE: 0.0179) 
2026-09-13 13:25:04,292 - INFO - Epoch [ 270/2000] LR: 0.001928 | Train Loss: 0.002020 (Data: 0.00201, Mono: 0.00002) | Val MSE: 0.000118 (RMSE: 0.0109) 
2026-09-13 13:25:04,619 - INFO - Epoch [ 280/2000] LR: 0.001922 | Train Loss: 0.001818 (Data: 0.00181, Mono: 0.00002) | Val MSE: 0.000162 (RMSE: 0.0127) 
2026-09-13 13:25:04,949 - INFO - Epoch [ 290/2000] LR: 0.001915 | Train Loss: 0.001761 (Data: 0.00175, Mono: 0.00002) | Val MSE: 0.000260 (RMSE: 0.0161) 
2026-09-13 13:25:05,098 - INFO - [*] Early stopping triggered at epoch 295. Best epoch was 95 with Val MSE: 0.000069
2026-09-13 13:25:05,098 - INFO - Training completed in 9.54s. Loading best checkpoint from epoch 95 for final test evaluation...
2026-09-13 13:25:05,137 - INFO - ==================================================
2026-09-13 13:25:05,137 - INFO - Test Results for [XJTU] - [RW] (Best Epoch 95):
2026-09-13 13:25:05,137 - INFO -   Test RMSE: 0.014468
2026-09-13 13:25:05,137 - INFO -   Test MAE:  0.011945
2026-09-13 13:25:05,137 - INFO -   Test MAPE: 1.305087
2026-09-13 13:25:05,137 - INFO -   Test MSE:  0.000209
2026-09-13 13:25:05,138 - INFO - ==================================================
2026-09-13 13:46:42,420 - INFO - ==================================================
2026-09-13 13:46:42,420 - INFO - Starting FusionMLP Training for [XJTU] - [RW]
2026-09-13 13:46:42,420 - INFO - Device: cuda | Epochs: 2000 | LR: 0.000100 | Mono Weight: 0.4000 | Knee Feature: True
2026-09-13 13:46:42,420 - INFO - ==================================================
2026-09-13 13:46:42,480 - INFO - Data Splits: Train=5, Val=1, Test=2
2026-09-13 13:46:42,546 - INFO - Epoch [   1/2000] LR: 0.006063 | Train Loss: 0.233671 (Data: 0.23364, Mono: 0.00008) | Val MSE: 0.181079 (RMSE: 0.4255) [BEST]
2026-09-13 13:46:42,595 - INFO - Epoch [   2/2000] LR: 0.005857 | Train Loss: 0.120719 (Data: 0.12069, Mono: 0.00007) | Val MSE: 0.085683 (RMSE: 0.2927) [BEST]
2026-09-13 13:46:42,632 - INFO - Epoch [   3/2000] LR: 0.005651 | Train Loss: 0.068464 (Data: 0.06844, Mono: 0.00007) | Val MSE: 0.035143 (RMSE: 0.1875) [BEST]
2026-09-13 13:46:42,671 - INFO - Epoch [   4/2000] LR: 0.005446 | Train Loss: 0.046669 (Data: 0.04664, Mono: 0.00007) | Val MSE: 0.022844 (RMSE: 0.1511) [BEST]
2026-09-13 13:46:42,721 - INFO - Epoch [   5/2000] LR: 0.005240 | Train Loss: 0.038030 (Data: 0.03800, Mono: 0.00007) | Val MSE: 0.000884 (RMSE: 0.0297) [BEST]
2026-09-13 13:46:42,848 - INFO - Epoch [   9/2000] LR: 0.004418 | Train Loss: 0.017303 (Data: 0.01728, Mono: 0.00006) | Val MSE: 0.000607 (RMSE: 0.0246) [BEST]
2026-09-13 13:46:42,888 - INFO - Epoch [  10/2000] LR: 0.004212 | Train Loss: 0.015753 (Data: 0.01573, Mono: 0.00006) | Val MSE: 0.001295 (RMSE: 0.0360) 
2026-09-13 13:46:42,920 - INFO - Epoch [  11/2000] LR: 0.004007 | Train Loss: 0.014077 (Data: 0.01405, Mono: 0.00006) | Val MSE: 0.000390 (RMSE: 0.0197) [BEST]
2026-09-13 13:46:42,950 - INFO - Epoch [  12/2000] LR: 0.003801 | Train Loss: 0.013704 (Data: 0.01368, Mono: 0.00005) | Val MSE: 0.000388 (RMSE: 0.0197) [BEST]
2026-09-13 13:46:42,985 - INFO - Epoch [  13/2000] LR: 0.003595 | Train Loss: 0.013729 (Data: 0.01371, Mono: 0.00005) | Val MSE: 0.000189 (RMSE: 0.0138) [BEST]
2026-09-13 13:46:43,076 - INFO - Epoch [  16/2000] LR: 0.002979 | Train Loss: 0.011106 (Data: 0.01109, Mono: 0.00005) | Val MSE: 0.000189 (RMSE: 0.0138) [BEST]
2026-09-13 13:46:43,238 - INFO - Epoch [  20/2000] LR: 0.002156 | Train Loss: 0.010806 (Data: 0.01079, Mono: 0.00005) | Val MSE: 0.000143 (RMSE: 0.0120) [BEST]
2026-09-13 13:46:43,418 - INFO - Epoch [  25/2000] LR: 0.001128 | Train Loss: 0.009544 (Data: 0.00953, Mono: 0.00004) | Val MSE: 0.000097 (RMSE: 0.0099) [BEST]
2026-09-13 13:46:43,591 - INFO - Epoch [  30/2000] LR: 0.000100 | Train Loss: 0.009336 (Data: 0.00932, Mono: 0.00004) | Val MSE: 0.000120 (RMSE: 0.0110) 
2026-09-13 13:46:43,894 - INFO - Epoch [  39/2000] LR: 0.000100 | Train Loss: 0.009095 (Data: 0.00907, Mono: 0.00005) | Val MSE: 0.000097 (RMSE: 0.0098) [BEST]
2026-09-13 13:46:43,939 - INFO - Epoch [  40/2000] LR: 0.000100 | Train Loss: 0.008664 (Data: 0.00865, Mono: 0.00004) | Val MSE: 0.000095 (RMSE: 0.0098) [BEST]
2026-09-13 13:46:43,977 - INFO - Epoch [  41/2000] LR: 0.000100 | Train Loss: 0.009322 (Data: 0.00930, Mono: 0.00004) | Val MSE: 0.000095 (RMSE: 0.0097) [BEST]
2026-09-13 13:46:44,268 - INFO - Epoch [  50/2000] LR: 0.000100 | Train Loss: 0.009558 (Data: 0.00954, Mono: 0.00005) | Val MSE: 0.000100 (RMSE: 0.0100) 
2026-09-13 13:46:44,574 - INFO - Epoch [  60/2000] LR: 0.000100 | Train Loss: 0.008614 (Data: 0.00860, Mono: 0.00005) | Val MSE: 0.000102 (RMSE: 0.0101) 
2026-09-13 13:46:44,728 - INFO - Epoch [  65/2000] LR: 0.000100 | Train Loss: 0.008546 (Data: 0.00853, Mono: 0.00004) | Val MSE: 0.000094 (RMSE: 0.0097) [BEST]
2026-09-13 13:46:44,775 - INFO - Epoch [  66/2000] LR: 0.000100 | Train Loss: 0.008307 (Data: 0.00829, Mono: 0.00004) | Val MSE: 0.000093 (RMSE: 0.0097) [BEST]
2026-09-13 13:46:44,815 - INFO - Epoch [  67/2000] LR: 0.000100 | Train Loss: 0.009194 (Data: 0.00917, Mono: 0.00005) | Val MSE: 0.000092 (RMSE: 0.0096) [BEST]
2026-09-13 13:46:44,929 - INFO - Epoch [  70/2000] LR: 0.000100 | Train Loss: 0.008966 (Data: 0.00895, Mono: 0.00005) | Val MSE: 0.000094 (RMSE: 0.0097) 
2026-09-13 13:46:45,024 - INFO - Epoch [  73/2000] LR: 0.000100 | Train Loss: 0.008450 (Data: 0.00843, Mono: 0.00004) | Val MSE: 0.000091 (RMSE: 0.0096) [BEST]
2026-09-13 13:46:45,061 - INFO - Epoch [  74/2000] LR: 0.000100 | Train Loss: 0.008250 (Data: 0.00823, Mono: 0.00004) | Val MSE: 0.000091 (RMSE: 0.0095) [BEST]
2026-09-13 13:46:45,244 - INFO - Epoch [  80/2000] LR: 0.000100 | Train Loss: 0.008776 (Data: 0.00876, Mono: 0.00005) | Val MSE: 0.000100 (RMSE: 0.0100) 
2026-09-13 13:46:45,525 - INFO - Epoch [  88/2000] LR: 0.000100 | Train Loss: 0.008851 (Data: 0.00884, Mono: 0.00004) | Val MSE: 0.000089 (RMSE: 0.0094) [BEST]
2026-09-13 13:46:45,559 - INFO - Epoch [  89/2000] LR: 0.000100 | Train Loss: 0.009041 (Data: 0.00902, Mono: 0.00005) | Val MSE: 0.000088 (RMSE: 0.0094) [BEST]
2026-09-13 13:46:45,595 - INFO - Epoch [  90/2000] LR: 0.000100 | Train Loss: 0.008374 (Data: 0.00836, Mono: 0.00004) | Val MSE: 0.000088 (RMSE: 0.0094) 
2026-09-13 13:46:45,712 - INFO - Epoch [  93/2000] LR: 0.000100 | Train Loss: 0.007998 (Data: 0.00798, Mono: 0.00004) | Val MSE: 0.000086 (RMSE: 0.0093) [BEST]
2026-09-13 13:46:45,984 - INFO - Epoch [ 100/2000] LR: 0.000100 | Train Loss: 0.007960 (Data: 0.00794, Mono: 0.00004) | Val MSE: 0.000095 (RMSE: 0.0098) 
2026-09-13 13:46:46,298 - INFO - Epoch [ 109/2000] LR: 0.000100 | Train Loss: 0.008551 (Data: 0.00853, Mono: 0.00005) | Val MSE: 0.000083 (RMSE: 0.0091) [BEST]
2026-09-13 13:46:46,334 - INFO - Epoch [ 110/2000] LR: 0.000100 | Train Loss: 0.007991 (Data: 0.00797, Mono: 0.00004) | Val MSE: 0.000084 (RMSE: 0.0092) 
2026-09-13 13:46:46,373 - INFO - Epoch [ 111/2000] LR: 0.000100 | Train Loss: 0.007652 (Data: 0.00764, Mono: 0.00004) | Val MSE: 0.000081 (RMSE: 0.0090) [BEST]
2026-09-13 13:46:46,411 - INFO - Epoch [ 112/2000] LR: 0.000100 | Train Loss: 0.008360 (Data: 0.00834, Mono: 0.00005) | Val MSE: 0.000076 (RMSE: 0.0087) [BEST]
2026-09-13 13:46:46,669 - INFO - Epoch [ 120/2000] LR: 0.000099 | Train Loss: 0.008109 (Data: 0.00809, Mono: 0.00005) | Val MSE: 0.000103 (RMSE: 0.0101) 
2026-09-13 13:46:47,013 - INFO - Epoch [ 130/2000] LR: 0.000099 | Train Loss: 0.007992 (Data: 0.00798, Mono: 0.00004) | Val MSE: 0.000109 (RMSE: 0.0104) 
2026-09-13 13:46:47,217 - INFO - Epoch [ 135/2000] LR: 0.000099 | Train Loss: 0.008104 (Data: 0.00809, Mono: 0.00004) | Val MSE: 0.000075 (RMSE: 0.0086) [BEST]
2026-09-13 13:46:47,389 - INFO - Epoch [ 140/2000] LR: 0.000099 | Train Loss: 0.007167 (Data: 0.00715, Mono: 0.00004) | Val MSE: 0.000094 (RMSE: 0.0097) 
2026-09-13 13:46:47,502 - INFO - Epoch [ 143/2000] LR: 0.000099 | Train Loss: 0.008039 (Data: 0.00802, Mono: 0.00005) | Val MSE: 0.000074 (RMSE: 0.0086) [BEST]
2026-09-13 13:46:47,548 - INFO - Epoch [ 144/2000] LR: 0.000099 | Train Loss: 0.007804 (Data: 0.00779, Mono: 0.00004) | Val MSE: 0.000072 (RMSE: 0.0085) [BEST]
2026-09-13 13:46:47,590 - INFO - Epoch [ 145/2000] LR: 0.000099 | Train Loss: 0.007560 (Data: 0.00754, Mono: 0.00004) | Val MSE: 0.000071 (RMSE: 0.0084) [BEST]
2026-09-13 13:46:47,630 - INFO - Epoch [ 146/2000] LR: 0.000099 | Train Loss: 0.007786 (Data: 0.00777, Mono: 0.00004) | Val MSE: 0.000068 (RMSE: 0.0083) [BEST]
2026-09-13 13:46:47,707 - INFO - Epoch [ 148/2000] LR: 0.000099 | Train Loss: 0.007832 (Data: 0.00782, Mono: 0.00004) | Val MSE: 0.000068 (RMSE: 0.0082) [BEST]
2026-09-13 13:46:47,780 - INFO - Epoch [ 150/2000] LR: 0.000099 | Train Loss: 0.007638 (Data: 0.00762, Mono: 0.00005) | Val MSE: 0.000085 (RMSE: 0.0092) 
2026-09-13 13:46:48,131 - INFO - Epoch [ 159/2000] LR: 0.000099 | Train Loss: 0.008123 (Data: 0.00811, Mono: 0.00004) | Val MSE: 0.000068 (RMSE: 0.0082) [BEST]
2026-09-13 13:46:48,177 - INFO - Epoch [ 160/2000] LR: 0.000099 | Train Loss: 0.007782 (Data: 0.00777, Mono: 0.00004) | Val MSE: 0.000076 (RMSE: 0.0087) 
2026-09-13 13:46:48,497 - INFO - Epoch [ 168/2000] LR: 0.000099 | Train Loss: 0.007447 (Data: 0.00743, Mono: 0.00004) | Val MSE: 0.000064 (RMSE: 0.0080) [BEST]
2026-09-13 13:46:48,541 - INFO - Epoch [ 169/2000] LR: 0.000099 | Train Loss: 0.007255 (Data: 0.00724, Mono: 0.00004) | Val MSE: 0.000063 (RMSE: 0.0079) [BEST]
2026-09-13 13:46:48,589 - INFO - Epoch [ 170/2000] LR: 0.000099 | Train Loss: 0.007716 (Data: 0.00770, Mono: 0.00004) | Val MSE: 0.000066 (RMSE: 0.0081) 
2026-09-13 13:46:49,004 - INFO - Epoch [ 180/2000] LR: 0.000099 | Train Loss: 0.007026 (Data: 0.00701, Mono: 0.00004) | Val MSE: 0.000070 (RMSE: 0.0084) 
2026-09-13 13:46:49,407 - INFO - Epoch [ 190/2000] LR: 0.000098 | Train Loss: 0.007027 (Data: 0.00701, Mono: 0.00004) | Val MSE: 0.000066 (RMSE: 0.0081) 
2026-09-13 13:46:49,827 - INFO - Epoch [ 200/2000] LR: 0.000098 | Train Loss: 0.007054 (Data: 0.00704, Mono: 0.00004) | Val MSE: 0.000064 (RMSE: 0.0080) 
2026-09-13 13:46:49,872 - INFO - Epoch [ 201/2000] LR: 0.000098 | Train Loss: 0.007484 (Data: 0.00747, Mono: 0.00004) | Val MSE: 0.000058 (RMSE: 0.0076) [BEST]
2026-09-13 13:46:50,240 - INFO - Epoch [ 210/2000] LR: 0.000098 | Train Loss: 0.006979 (Data: 0.00696, Mono: 0.00004) | Val MSE: 0.000078 (RMSE: 0.0089) 
2026-09-13 13:46:50,365 - INFO - Epoch [ 213/2000] LR: 0.000098 | Train Loss: 0.006421 (Data: 0.00640, Mono: 0.00004) | Val MSE: 0.000051 (RMSE: 0.0071) [BEST]
2026-09-13 13:46:50,499 - INFO - Epoch [ 216/2000] LR: 0.000098 | Train Loss: 0.006650 (Data: 0.00663, Mono: 0.00004) | Val MSE: 0.000048 (RMSE: 0.0070) [BEST]
2026-09-13 13:46:50,665 - INFO - Epoch [ 220/2000] LR: 0.000098 | Train Loss: 0.006429 (Data: 0.00641, Mono: 0.00004) | Val MSE: 0.000050 (RMSE: 0.0071) 
2026-09-13 13:46:51,073 - INFO - Epoch [ 230/2000] LR: 0.000098 | Train Loss: 0.006031 (Data: 0.00602, Mono: 0.00004) | Val MSE: 0.000083 (RMSE: 0.0091) 
2026-09-13 13:46:51,208 - INFO - Epoch [ 233/2000] LR: 0.000097 | Train Loss: 0.006337 (Data: 0.00632, Mono: 0.00004) | Val MSE: 0.000047 (RMSE: 0.0068) [BEST]
2026-09-13 13:46:51,251 - INFO - Epoch [ 234/2000] LR: 0.000097 | Train Loss: 0.006472 (Data: 0.00646, Mono: 0.00004) | Val MSE: 0.000046 (RMSE: 0.0068) [BEST]
2026-09-13 13:46:51,485 - INFO - Epoch [ 240/2000] LR: 0.000097 | Train Loss: 0.006321 (Data: 0.00631, Mono: 0.00004) | Val MSE: 0.000054 (RMSE: 0.0074) 
2026-09-13 13:46:51,890 - INFO - Epoch [ 250/2000] LR: 0.000097 | Train Loss: 0.006460 (Data: 0.00644, Mono: 0.00004) | Val MSE: 0.000049 (RMSE: 0.0070) 
2026-09-13 13:46:52,181 - INFO - Epoch [ 257/2000] LR: 0.000097 | Train Loss: 0.006503 (Data: 0.00649, Mono: 0.00004) | Val MSE: 0.000046 (RMSE: 0.0068) [BEST]
2026-09-13 13:46:52,224 - INFO - Epoch [ 258/2000] LR: 0.000097 | Train Loss: 0.005966 (Data: 0.00595, Mono: 0.00004) | Val MSE: 0.000041 (RMSE: 0.0064) [BEST]
2026-09-13 13:46:52,310 - INFO - Epoch [ 260/2000] LR: 0.000097 | Train Loss: 0.006271 (Data: 0.00626, Mono: 0.00004) | Val MSE: 0.000047 (RMSE: 0.0068) 
2026-09-13 13:46:52,697 - INFO - Epoch [ 270/2000] LR: 0.000096 | Train Loss: 0.006356 (Data: 0.00634, Mono: 0.00004) | Val MSE: 0.000045 (RMSE: 0.0067) 
2026-09-13 13:46:53,116 - INFO - Epoch [ 280/2000] LR: 0.000096 | Train Loss: 0.006091 (Data: 0.00608, Mono: 0.00004) | Val MSE: 0.000055 (RMSE: 0.0074) 
2026-09-13 13:46:53,528 - INFO - Epoch [ 290/2000] LR: 0.000096 | Train Loss: 0.005589 (Data: 0.00557, Mono: 0.00004) | Val MSE: 0.000061 (RMSE: 0.0078) 
2026-09-13 13:46:53,991 - INFO - Epoch [ 300/2000] LR: 0.000096 | Train Loss: 0.006003 (Data: 0.00599, Mono: 0.00004) | Val MSE: 0.000046 (RMSE: 0.0068) 
2026-09-13 13:46:54,418 - INFO - Epoch [ 310/2000] LR: 0.000095 | Train Loss: 0.005656 (Data: 0.00564, Mono: 0.00003) | Val MSE: 0.000046 (RMSE: 0.0068) 
2026-09-13 13:46:54,548 - INFO - Epoch [ 313/2000] LR: 0.000095 | Train Loss: 0.005852 (Data: 0.00584, Mono: 0.00003) | Val MSE: 0.000040 (RMSE: 0.0063) [BEST]
2026-09-13 13:46:54,598 - INFO - Epoch [ 314/2000] LR: 0.000095 | Train Loss: 0.005501 (Data: 0.00549, Mono: 0.00003) | Val MSE: 0.000034 (RMSE: 0.0058) [BEST]
2026-09-13 13:46:54,859 - INFO - Epoch [ 320/2000] LR: 0.000095 | Train Loss: 0.005396 (Data: 0.00538, Mono: 0.00003) | Val MSE: 0.000054 (RMSE: 0.0073) 
2026-09-13 13:46:55,317 - INFO - Epoch [ 330/2000] LR: 0.000094 | Train Loss: 0.005303 (Data: 0.00529, Mono: 0.00003) | Val MSE: 0.000071 (RMSE: 0.0084) 
2026-09-13 13:46:55,708 - INFO - Epoch [ 339/2000] LR: 0.000094 | Train Loss: 0.005572 (Data: 0.00556, Mono: 0.00003) | Val MSE: 0.000033 (RMSE: 0.0057) [BEST]
2026-09-13 13:46:55,747 - INFO - Epoch [ 340/2000] LR: 0.000094 | Train Loss: 0.005132 (Data: 0.00512, Mono: 0.00003) | Val MSE: 0.000033 (RMSE: 0.0058) 
2026-09-13 13:46:56,092 - INFO - Epoch [ 347/2000] LR: 0.000094 | Train Loss: 0.005304 (Data: 0.00529, Mono: 0.00004) | Val MSE: 0.000032 (RMSE: 0.0056) [BEST]
2026-09-13 13:46:56,239 - INFO - Epoch [ 350/2000] LR: 0.000094 | Train Loss: 0.005561 (Data: 0.00555, Mono: 0.00003) | Val MSE: 0.000032 (RMSE: 0.0056) 
2026-09-13 13:46:56,577 - INFO - Epoch [ 357/2000] LR: 0.000093 | Train Loss: 0.005422 (Data: 0.00541, Mono: 0.00003) | Val MSE: 0.000030 (RMSE: 0.0055) [BEST]
2026-09-13 13:46:56,707 - INFO - Epoch [ 360/2000] LR: 0.000093 | Train Loss: 0.005413 (Data: 0.00540, Mono: 0.00004) | Val MSE: 0.000039 (RMSE: 0.0063) 
2026-09-13 13:46:57,158 - INFO - Epoch [ 370/2000] LR: 0.000093 | Train Loss: 0.004828 (Data: 0.00481, Mono: 0.00004) | Val MSE: 0.000039 (RMSE: 0.0063) 
2026-09-13 13:46:57,612 - INFO - Epoch [ 380/2000] LR: 0.000093 | Train Loss: 0.004938 (Data: 0.00493, Mono: 0.00003) | Val MSE: 0.000035 (RMSE: 0.0059) 
2026-09-13 13:46:58,082 - INFO - Epoch [ 390/2000] LR: 0.000092 | Train Loss: 0.004831 (Data: 0.00482, Mono: 0.00003) | Val MSE: 0.000032 (RMSE: 0.0057) 
2026-09-13 13:46:58,275 - INFO - Epoch [ 394/2000] LR: 0.000092 | Train Loss: 0.004900 (Data: 0.00489, Mono: 0.00003) | Val MSE: 0.000028 (RMSE: 0.0053) [BEST]
2026-09-13 13:46:58,532 - INFO - Epoch [ 400/2000] LR: 0.000092 | Train Loss: 0.005061 (Data: 0.00505, Mono: 0.00003) | Val MSE: 0.000032 (RMSE: 0.0057) 
2026-09-13 13:46:58,960 - INFO - Epoch [ 410/2000] LR: 0.000091 | Train Loss: 0.004930 (Data: 0.00492, Mono: 0.00003) | Val MSE: 0.000036 (RMSE: 0.0060) 
2026-09-13 13:46:59,396 - INFO - Epoch [ 420/2000] LR: 0.000091 | Train Loss: 0.004992 (Data: 0.00498, Mono: 0.00003) | Val MSE: 0.000052 (RMSE: 0.0072) 
2026-09-13 13:46:59,482 - INFO - Epoch [ 422/2000] LR: 0.000091 | Train Loss: 0.004618 (Data: 0.00461, Mono: 0.00003) | Val MSE: 0.000028 (RMSE: 0.0052) [BEST]
2026-09-13 13:46:59,836 - INFO - Epoch [ 430/2000] LR: 0.000090 | Train Loss: 0.004889 (Data: 0.00488, Mono: 0.00003) | Val MSE: 0.000036 (RMSE: 0.0060) 
2026-09-13 13:47:00,274 - INFO - Epoch [ 440/2000] LR: 0.000090 | Train Loss: 0.004602 (Data: 0.00459, Mono: 0.00003) | Val MSE: 0.000036 (RMSE: 0.0060) 
2026-09-13 13:47:00,636 - INFO - Epoch [ 448/2000] LR: 0.000089 | Train Loss: 0.004351 (Data: 0.00434, Mono: 0.00003) | Val MSE: 0.000026 (RMSE: 0.0051) [BEST]
2026-09-13 13:47:00,728 - INFO - Epoch [ 450/2000] LR: 0.000089 | Train Loss: 0.004668 (Data: 0.00466, Mono: 0.00003) | Val MSE: 0.000035 (RMSE: 0.0059) 
2026-09-13 13:47:00,993 - INFO - Epoch [ 456/2000] LR: 0.000089 | Train Loss: 0.004472 (Data: 0.00446, Mono: 0.00003) | Val MSE: 0.000026 (RMSE: 0.0051) [BEST]
2026-09-13 13:47:01,174 - INFO - Epoch [ 460/2000] LR: 0.000089 | Train Loss: 0.004539 (Data: 0.00453, Mono: 0.00003) | Val MSE: 0.000059 (RMSE: 0.0077) 
2026-09-13 13:47:01,617 - INFO - Epoch [ 470/2000] LR: 0.000088 | Train Loss: 0.004664 (Data: 0.00465, Mono: 0.00003) | Val MSE: 0.000049 (RMSE: 0.0070) 
2026-09-13 13:47:02,024 - INFO - Epoch [ 480/2000] LR: 0.000088 | Train Loss: 0.004411 (Data: 0.00440, Mono: 0.00003) | Val MSE: 0.000043 (RMSE: 0.0066) 
2026-09-13 13:47:02,421 - INFO - Epoch [ 490/2000] LR: 0.000087 | Train Loss: 0.004335 (Data: 0.00432, Mono: 0.00003) | Val MSE: 0.000044 (RMSE: 0.0066) 
2026-09-13 13:47:02,814 - INFO - Epoch [ 500/2000] LR: 0.000087 | Train Loss: 0.004332 (Data: 0.00432, Mono: 0.00003) | Val MSE: 0.000048 (RMSE: 0.0070) 
2026-09-13 13:47:03,222 - INFO - Epoch [ 510/2000] LR: 0.000086 | Train Loss: 0.004188 (Data: 0.00418, Mono: 0.00003) | Val MSE: 0.000041 (RMSE: 0.0064) 
2026-09-13 13:47:03,628 - INFO - Epoch [ 520/2000] LR: 0.000086 | Train Loss: 0.004051 (Data: 0.00404, Mono: 0.00003) | Val MSE: 0.000038 (RMSE: 0.0062) 
2026-09-13 13:47:03,971 - INFO - Epoch [ 530/2000] LR: 0.000085 | Train Loss: 0.004012 (Data: 0.00400, Mono: 0.00003) | Val MSE: 0.000038 (RMSE: 0.0062) 
2026-09-13 13:47:04,299 - INFO - Epoch [ 540/2000] LR: 0.000085 | Train Loss: 0.003982 (Data: 0.00397, Mono: 0.00003) | Val MSE: 0.000037 (RMSE: 0.0061) 
2026-09-13 13:47:04,656 - INFO - Epoch [ 550/2000] LR: 0.000084 | Train Loss: 0.004034 (Data: 0.00402, Mono: 0.00003) | Val MSE: 0.000039 (RMSE: 0.0062) 
2026-09-13 13:47:04,827 - INFO - Epoch [ 555/2000] LR: 0.000084 | Train Loss: 0.003739 (Data: 0.00373, Mono: 0.00003) | Val MSE: 0.000026 (RMSE: 0.0051) [BEST]
2026-09-13 13:47:04,991 - INFO - Epoch [ 560/2000] LR: 0.000083 | Train Loss: 0.003612 (Data: 0.00360, Mono: 0.00003) | Val MSE: 0.000049 (RMSE: 0.0070) 
2026-09-13 13:47:05,313 - INFO - Epoch [ 570/2000] LR: 0.000083 | Train Loss: 0.003814 (Data: 0.00380, Mono: 0.00003) | Val MSE: 0.000044 (RMSE: 0.0066) 
2026-09-13 13:47:05,629 - INFO - Epoch [ 580/2000] LR: 0.000082 | Train Loss: 0.003857 (Data: 0.00385, Mono: 0.00003) | Val MSE: 0.000036 (RMSE: 0.0060) 
2026-09-13 13:47:05,954 - INFO - Epoch [ 590/2000] LR: 0.000082 | Train Loss: 0.003834 (Data: 0.00382, Mono: 0.00002) | Val MSE: 0.000046 (RMSE: 0.0068) 
2026-09-13 13:47:06,288 - INFO - Epoch [ 600/2000] LR: 0.000081 | Train Loss: 0.003770 (Data: 0.00376, Mono: 0.00003) | Val MSE: 0.000032 (RMSE: 0.0057) 
2026-09-13 13:47:06,596 - INFO - Epoch [ 610/2000] LR: 0.000080 | Train Loss: 0.003571 (Data: 0.00356, Mono: 0.00002) | Val MSE: 0.000047 (RMSE: 0.0069) 
2026-09-13 13:47:06,933 - INFO - Epoch [ 620/2000] LR: 0.000080 | Train Loss: 0.003744 (Data: 0.00373, Mono: 0.00003) | Val MSE: 0.000036 (RMSE: 0.0060) 
2026-09-13 13:47:07,264 - INFO - Epoch [ 630/2000] LR: 0.000079 | Train Loss: 0.003672 (Data: 0.00366, Mono: 0.00003) | Val MSE: 0.000031 (RMSE: 0.0056) 
2026-09-13 13:47:07,617 - INFO - Epoch [ 640/2000] LR: 0.000078 | Train Loss: 0.003520 (Data: 0.00351, Mono: 0.00003) | Val MSE: 0.000037 (RMSE: 0.0061) 
2026-09-13 13:47:07,954 - INFO - Epoch [ 650/2000] LR: 0.000078 | Train Loss: 0.003493 (Data: 0.00348, Mono: 0.00003) | Val MSE: 0.000035 (RMSE: 0.0059) 
2026-09-13 13:47:08,291 - INFO - Epoch [ 660/2000] LR: 0.000077 | Train Loss: 0.003499 (Data: 0.00349, Mono: 0.00003) | Val MSE: 0.000055 (RMSE: 0.0074) 
2026-09-13 13:47:08,622 - INFO - Epoch [ 670/2000] LR: 0.000077 | Train Loss: 0.003307 (Data: 0.00330, Mono: 0.00003) | Val MSE: 0.000032 (RMSE: 0.0057) 
2026-09-13 13:47:08,949 - INFO - Epoch [ 680/2000] LR: 0.000076 | Train Loss: 0.003487 (Data: 0.00348, Mono: 0.00003) | Val MSE: 0.000059 (RMSE: 0.0077) 
2026-09-13 13:47:09,266 - INFO - Epoch [ 690/2000] LR: 0.000075 | Train Loss: 0.003283 (Data: 0.00327, Mono: 0.00003) | Val MSE: 0.000040 (RMSE: 0.0063) 
2026-09-13 13:47:09,628 - INFO - Epoch [ 700/2000] LR: 0.000074 | Train Loss: 0.003588 (Data: 0.00358, Mono: 0.00003) | Val MSE: 0.000035 (RMSE: 0.0059) 
2026-09-13 13:47:09,975 - INFO - Epoch [ 710/2000] LR: 0.000074 | Train Loss: 0.003407 (Data: 0.00340, Mono: 0.00003) | Val MSE: 0.000040 (RMSE: 0.0063) 
2026-09-13 13:47:10,356 - INFO - Epoch [ 720/2000] LR: 0.000073 | Train Loss: 0.003149 (Data: 0.00314, Mono: 0.00003) | Val MSE: 0.000043 (RMSE: 0.0065) 
2026-09-13 13:47:10,715 - INFO - Epoch [ 730/2000] LR: 0.000072 | Train Loss: 0.003267 (Data: 0.00326, Mono: 0.00002) | Val MSE: 0.000047 (RMSE: 0.0069) 
2026-09-13 13:47:11,030 - INFO - Epoch [ 740/2000] LR: 0.000072 | Train Loss: 0.003358 (Data: 0.00335, Mono: 0.00003) | Val MSE: 0.000056 (RMSE: 0.0075) 
2026-09-13 13:47:11,331 - INFO - Epoch [ 750/2000] LR: 0.000071 | Train Loss: 0.003249 (Data: 0.00324, Mono: 0.00002) | Val MSE: 0.000042 (RMSE: 0.0064) 
2026-09-13 13:47:11,527 - INFO - [*] Early stopping triggered at epoch 755. Best epoch was 555 with Val MSE: 0.000026
2026-09-13 13:47:11,527 - INFO - Training completed in 29.03s. Loading best checkpoint from epoch 555 for final test evaluation...
2026-09-13 13:47:11,546 - INFO - ==================================================
2026-09-13 13:47:11,546 - INFO - Test Results for [XJTU] - [RW] (Best Epoch 555):
2026-09-13 13:47:11,546 - INFO -   Test RMSE: 0.009191
2026-09-13 13:47:11,546 - INFO -   Test MAE:  0.006685
2026-09-13 13:47:11,546 - INFO -   Test MAPE: 0.732941
2026-09-13 13:47:11,546 - INFO -   Test MSE:  0.000084
2026-09-13 13:47:11,546 - INFO - ==================================================
2026-09-13 14:52:15,524 - INFO - ==================================================
2026-09-13 14:52:15,524 - INFO - Starting FusionMLP Training for [XJTU] - [RW]
2026-09-13 14:52:15,524 - INFO - Device: cuda | Epochs: 2000 | LR: 0.000100 | Mono Weight: 0.4000 | Knee Feature: True
2026-09-13 14:52:15,524 - INFO - ==================================================
2026-09-13 14:52:15,592 - INFO - Data Splits: Train=5, Val=1, Test=2
2026-09-13 14:52:15,656 - INFO - Epoch [   1/2000] LR: 0.006063 | Train Loss: 0.450350 (Data: 0.45032, Mono: 0.00007) | Val MSE: 0.163497 (RMSE: 0.4043) [BEST]
2026-09-13 14:52:15,696 - INFO - Epoch [   2/2000] LR: 0.005857 | Train Loss: 0.149946 (Data: 0.14991, Mono: 0.00008) | Val MSE: 0.123609 (RMSE: 0.3516) [BEST]
2026-09-13 14:52:15,736 - INFO - Epoch [   3/2000] LR: 0.005651 | Train Loss: 0.078914 (Data: 0.07889, Mono: 0.00007) | Val MSE: 0.053286 (RMSE: 0.2308) [BEST]
2026-09-13 14:52:15,775 - INFO - Epoch [   4/2000] LR: 0.005446 | Train Loss: 0.054057 (Data: 0.05403, Mono: 0.00006) | Val MSE: 0.025145 (RMSE: 0.1586) [BEST]
2026-09-13 14:52:15,833 - INFO - Epoch [   5/2000] LR: 0.005240 | Train Loss: 0.033330 (Data: 0.03330, Mono: 0.00007) | Val MSE: 0.013678 (RMSE: 0.1170) [BEST]
2026-09-13 14:52:15,883 - INFO - Epoch [   6/2000] LR: 0.005035 | Train Loss: 0.026953 (Data: 0.02693, Mono: 0.00006) | Val MSE: 0.003591 (RMSE: 0.0599) [BEST]
2026-09-13 14:52:15,931 - INFO - Epoch [   7/2000] LR: 0.004829 | Train Loss: 0.021538 (Data: 0.02152, Mono: 0.00006) | Val MSE: 0.000957 (RMSE: 0.0309) [BEST]
2026-09-13 14:52:15,979 - INFO - Epoch [   8/2000] LR: 0.004623 | Train Loss: 0.015002 (Data: 0.01498, Mono: 0.00005) | Val MSE: 0.000869 (RMSE: 0.0295) [BEST]
2026-09-13 14:52:16,021 - INFO - Epoch [   9/2000] LR: 0.004418 | Train Loss: 0.013799 (Data: 0.01378, Mono: 0.00005) | Val MSE: 0.000309 (RMSE: 0.0176) [BEST]
2026-09-13 14:52:16,062 - INFO - Epoch [  10/2000] LR: 0.004212 | Train Loss: 0.012522 (Data: 0.01250, Mono: 0.00005) | Val MSE: 0.000452 (RMSE: 0.0213) 
2026-09-13 14:52:16,138 - INFO - Epoch [  12/2000] LR: 0.003801 | Train Loss: 0.010344 (Data: 0.01032, Mono: 0.00005) | Val MSE: 0.000135 (RMSE: 0.0116) [BEST]
2026-09-13 14:52:16,182 - INFO - Epoch [  13/2000] LR: 0.003595 | Train Loss: 0.008981 (Data: 0.00896, Mono: 0.00004) | Val MSE: 0.000106 (RMSE: 0.0103) [BEST]
2026-09-13 14:52:16,295 - INFO - Epoch [  16/2000] LR: 0.002979 | Train Loss: 0.008424 (Data: 0.00841, Mono: 0.00004) | Val MSE: 0.000069 (RMSE: 0.0083) [BEST]
2026-09-13 14:52:16,421 - INFO - Epoch [  19/2000] LR: 0.002362 | Train Loss: 0.007607 (Data: 0.00759, Mono: 0.00004) | Val MSE: 0.000056 (RMSE: 0.0075) [BEST]
2026-09-13 14:52:16,462 - INFO - Epoch [  20/2000] LR: 0.002156 | Train Loss: 0.007455 (Data: 0.00744, Mono: 0.00004) | Val MSE: 0.000054 (RMSE: 0.0073) [BEST]
2026-09-13 14:52:16,604 - INFO - Epoch [  24/2000] LR: 0.001334 | Train Loss: 0.006779 (Data: 0.00676, Mono: 0.00004) | Val MSE: 0.000047 (RMSE: 0.0069) [BEST]
2026-09-13 14:52:16,841 - INFO - Epoch [  30/2000] LR: 0.000100 | Train Loss: 0.006275 (Data: 0.00626, Mono: 0.00004) | Val MSE: 0.000078 (RMSE: 0.0089) 
2026-09-13 14:52:17,148 - INFO - Epoch [  38/2000] LR: 0.000100 | Train Loss: 0.006465 (Data: 0.00645, Mono: 0.00004) | Val MSE: 0.000047 (RMSE: 0.0069) [BEST]
2026-09-13 14:52:17,228 - INFO - Epoch [  40/2000] LR: 0.000100 | Train Loss: 0.006595 (Data: 0.00658, Mono: 0.00004) | Val MSE: 0.000048 (RMSE: 0.0069) 
2026-09-13 14:52:17,601 - INFO - Epoch [  50/2000] LR: 0.000100 | Train Loss: 0.006356 (Data: 0.00634, Mono: 0.00004) | Val MSE: 0.000063 (RMSE: 0.0079) 
2026-09-13 14:52:17,967 - INFO - Epoch [  60/2000] LR: 0.000100 | Train Loss: 0.006666 (Data: 0.00665, Mono: 0.00004) | Val MSE: 0.000055 (RMSE: 0.0074) 
2026-09-13 14:52:18,337 - INFO - Epoch [  70/2000] LR: 0.000100 | Train Loss: 0.006121 (Data: 0.00611, Mono: 0.00004) | Val MSE: 0.000056 (RMSE: 0.0075) 
2026-09-13 14:52:18,512 - INFO - Epoch [  74/2000] LR: 0.000100 | Train Loss: 0.005962 (Data: 0.00595, Mono: 0.00004) | Val MSE: 0.000046 (RMSE: 0.0068) [BEST]
2026-09-13 14:52:18,561 - INFO - Epoch [  75/2000] LR: 0.000100 | Train Loss: 0.006044 (Data: 0.00603, Mono: 0.00004) | Val MSE: 0.000045 (RMSE: 0.0067) [BEST]
2026-09-13 14:52:18,664 - INFO - Epoch [  77/2000] LR: 0.000100 | Train Loss: 0.006257 (Data: 0.00624, Mono: 0.00004) | Val MSE: 0.000044 (RMSE: 0.0067) [BEST]
2026-09-13 14:52:18,712 - INFO - Epoch [  78/2000] LR: 0.000100 | Train Loss: 0.006268 (Data: 0.00625, Mono: 0.00004) | Val MSE: 0.000041 (RMSE: 0.0064) [BEST]
2026-09-13 14:52:18,798 - INFO - Epoch [  80/2000] LR: 0.000100 | Train Loss: 0.006090 (Data: 0.00607, Mono: 0.00004) | Val MSE: 0.000041 (RMSE: 0.0064) [BEST]
2026-09-13 14:52:19,191 - INFO - Epoch [  90/2000] LR: 0.000100 | Train Loss: 0.006051 (Data: 0.00604, Mono: 0.00003) | Val MSE: 0.000042 (RMSE: 0.0065) 
2026-09-13 14:52:19,556 - INFO - Epoch [ 100/2000] LR: 0.000100 | Train Loss: 0.005461 (Data: 0.00545, Mono: 0.00004) | Val MSE: 0.000044 (RMSE: 0.0066) 
2026-09-13 14:52:19,596 - INFO - Epoch [ 101/2000] LR: 0.000100 | Train Loss: 0.005816 (Data: 0.00580, Mono: 0.00003) | Val MSE: 0.000041 (RMSE: 0.0064) [BEST]
2026-09-13 14:52:19,637 - INFO - Epoch [ 102/2000] LR: 0.000100 | Train Loss: 0.005716 (Data: 0.00570, Mono: 0.00004) | Val MSE: 0.000040 (RMSE: 0.0063) [BEST]
2026-09-13 14:52:19,719 - INFO - Epoch [ 104/2000] LR: 0.000100 | Train Loss: 0.005823 (Data: 0.00581, Mono: 0.00003) | Val MSE: 0.000039 (RMSE: 0.0062) [BEST]
2026-09-13 14:52:19,918 - INFO - Epoch [ 110/2000] LR: 0.000100 | Train Loss: 0.005751 (Data: 0.00574, Mono: 0.00004) | Val MSE: 0.000059 (RMSE: 0.0076) 
2026-09-13 14:52:20,217 - INFO - Epoch [ 120/2000] LR: 0.000099 | Train Loss: 0.005715 (Data: 0.00570, Mono: 0.00004) | Val MSE: 0.000080 (RMSE: 0.0089) 
2026-09-13 14:52:20,499 - INFO - Epoch [ 130/2000] LR: 0.000099 | Train Loss: 0.005208 (Data: 0.00519, Mono: 0.00003) | Val MSE: 0.000054 (RMSE: 0.0074) 
2026-09-13 14:52:20,784 - INFO - Epoch [ 140/2000] LR: 0.000099 | Train Loss: 0.005252 (Data: 0.00524, Mono: 0.00003) | Val MSE: 0.000040 (RMSE: 0.0063) 
2026-09-13 14:52:21,081 - INFO - Epoch [ 150/2000] LR: 0.000099 | Train Loss: 0.005149 (Data: 0.00514, Mono: 0.00003) | Val MSE: 0.000041 (RMSE: 0.0064) 
2026-09-13 14:52:21,371 - INFO - Epoch [ 160/2000] LR: 0.000099 | Train Loss: 0.005649 (Data: 0.00563, Mono: 0.00004) | Val MSE: 0.000053 (RMSE: 0.0073) 
2026-09-13 14:52:21,646 - INFO - Epoch [ 170/2000] LR: 0.000099 | Train Loss: 0.005247 (Data: 0.00523, Mono: 0.00003) | Val MSE: 0.000041 (RMSE: 0.0064) 
2026-09-13 14:52:21,859 - INFO - Epoch [ 177/2000] LR: 0.000099 | Train Loss: 0.005046 (Data: 0.00503, Mono: 0.00003) | Val MSE: 0.000034 (RMSE: 0.0058) [BEST]
2026-09-13 14:52:21,946 - INFO - Epoch [ 180/2000] LR: 0.000099 | Train Loss: 0.004891 (Data: 0.00488, Mono: 0.00003) | Val MSE: 0.000040 (RMSE: 0.0064) 
2026-09-13 14:52:22,061 - INFO - Epoch [ 184/2000] LR: 0.000099 | Train Loss: 0.005131 (Data: 0.00512, Mono: 0.00003) | Val MSE: 0.000033 (RMSE: 0.0058) [BEST]
2026-09-13 14:52:22,235 - INFO - Epoch [ 190/2000] LR: 0.000098 | Train Loss: 0.004658 (Data: 0.00465, Mono: 0.00003) | Val MSE: 0.000037 (RMSE: 0.0060) 
2026-09-13 14:52:22,518 - INFO - Epoch [ 200/2000] LR: 0.000098 | Train Loss: 0.004756 (Data: 0.00474, Mono: 0.00003) | Val MSE: 0.000041 (RMSE: 0.0064) 
2026-09-13 14:52:22,797 - INFO - Epoch [ 210/2000] LR: 0.000098 | Train Loss: 0.004765 (Data: 0.00475, Mono: 0.00004) | Val MSE: 0.000054 (RMSE: 0.0073) 
2026-09-13 14:52:22,941 - INFO - Epoch [ 215/2000] LR: 0.000098 | Train Loss: 0.004449 (Data: 0.00444, Mono: 0.00003) | Val MSE: 0.000032 (RMSE: 0.0057) [BEST]
2026-09-13 14:52:22,972 - INFO - Epoch [ 216/2000] LR: 0.000098 | Train Loss: 0.004332 (Data: 0.00432, Mono: 0.00003) | Val MSE: 0.000031 (RMSE: 0.0056) [BEST]
2026-09-13 14:52:23,100 - INFO - Epoch [ 220/2000] LR: 0.000098 | Train Loss: 0.004481 (Data: 0.00447, Mono: 0.00004) | Val MSE: 0.000073 (RMSE: 0.0085) 
2026-09-13 14:52:23,374 - INFO - Epoch [ 230/2000] LR: 0.000098 | Train Loss: 0.004176 (Data: 0.00416, Mono: 0.00003) | Val MSE: 0.000047 (RMSE: 0.0068) 
2026-09-13 14:52:23,689 - INFO - Epoch [ 240/2000] LR: 0.000097 | Train Loss: 0.004356 (Data: 0.00434, Mono: 0.00003) | Val MSE: 0.000090 (RMSE: 0.0095) 
2026-09-13 14:52:23,981 - INFO - Epoch [ 250/2000] LR: 0.000097 | Train Loss: 0.004327 (Data: 0.00431, Mono: 0.00003) | Val MSE: 0.000032 (RMSE: 0.0057) 
2026-09-13 14:52:24,047 - INFO - Epoch [ 252/2000] LR: 0.000097 | Train Loss: 0.004377 (Data: 0.00437, Mono: 0.00003) | Val MSE: 0.000031 (RMSE: 0.0056) [BEST]
2026-09-13 14:52:24,218 - INFO - Epoch [ 258/2000] LR: 0.000097 | Train Loss: 0.004100 (Data: 0.00409, Mono: 0.00003) | Val MSE: 0.000030 (RMSE: 0.0055) [BEST]
2026-09-13 14:52:24,255 - INFO - Epoch [ 259/2000] LR: 0.000097 | Train Loss: 0.004410 (Data: 0.00440, Mono: 0.00003) | Val MSE: 0.000030 (RMSE: 0.0054) [BEST]
2026-09-13 14:52:24,290 - INFO - Epoch [ 260/2000] LR: 0.000097 | Train Loss: 0.003817 (Data: 0.00381, Mono: 0.00003) | Val MSE: 0.000029 (RMSE: 0.0054) [BEST]
2026-09-13 14:52:24,579 - INFO - Epoch [ 270/2000] LR: 0.000096 | Train Loss: 0.004106 (Data: 0.00409, Mono: 0.00003) | Val MSE: 0.000038 (RMSE: 0.0061) 
2026-09-13 14:52:24,630 - INFO - Epoch [ 272/2000] LR: 0.000096 | Train Loss: 0.003947 (Data: 0.00393, Mono: 0.00003) | Val MSE: 0.000028 (RMSE: 0.0053) [BEST]
2026-09-13 14:52:24,862 - INFO - Epoch [ 280/2000] LR: 0.000096 | Train Loss: 0.003882 (Data: 0.00387, Mono: 0.00003) | Val MSE: 0.000042 (RMSE: 0.0065) 
2026-09-13 14:52:25,161 - INFO - Epoch [ 290/2000] LR: 0.000096 | Train Loss: 0.004172 (Data: 0.00416, Mono: 0.00003) | Val MSE: 0.000055 (RMSE: 0.0074) 
2026-09-13 14:52:25,437 - INFO - Epoch [ 300/2000] LR: 0.000096 | Train Loss: 0.003775 (Data: 0.00376, Mono: 0.00003) | Val MSE: 0.000037 (RMSE: 0.0061) 
2026-09-13 14:52:25,729 - INFO - Epoch [ 310/2000] LR: 0.000095 | Train Loss: 0.003785 (Data: 0.00377, Mono: 0.00003) | Val MSE: 0.000058 (RMSE: 0.0076) 
2026-09-13 14:52:25,787 - INFO - Epoch [ 312/2000] LR: 0.000095 | Train Loss: 0.003885 (Data: 0.00387, Mono: 0.00003) | Val MSE: 0.000027 (RMSE: 0.0052) [BEST]
2026-09-13 14:52:26,019 - INFO - Epoch [ 320/2000] LR: 0.000095 | Train Loss: 0.003832 (Data: 0.00382, Mono: 0.00003) | Val MSE: 0.000029 (RMSE: 0.0054) 
2026-09-13 14:52:26,060 - INFO - Epoch [ 321/2000] LR: 0.000095 | Train Loss: 0.003521 (Data: 0.00351, Mono: 0.00003) | Val MSE: 0.000027 (RMSE: 0.0052) [BEST]
2026-09-13 14:52:26,321 - INFO - Epoch [ 330/2000] LR: 0.000094 | Train Loss: 0.003823 (Data: 0.00381, Mono: 0.00003) | Val MSE: 0.000047 (RMSE: 0.0069) 
2026-09-13 14:52:26,391 - INFO - Epoch [ 332/2000] LR: 0.000094 | Train Loss: 0.003547 (Data: 0.00354, Mono: 0.00003) | Val MSE: 0.000026 (RMSE: 0.0051) [BEST]
2026-09-13 14:52:26,627 - INFO - Epoch [ 340/2000] LR: 0.000094 | Train Loss: 0.003746 (Data: 0.00373, Mono: 0.00003) | Val MSE: 0.000042 (RMSE: 0.0065) 
2026-09-13 14:52:26,907 - INFO - Epoch [ 350/2000] LR: 0.000094 | Train Loss: 0.003588 (Data: 0.00358, Mono: 0.00003) | Val MSE: 0.000038 (RMSE: 0.0061) 
2026-09-13 14:52:27,266 - INFO - Epoch [ 360/2000] LR: 0.000093 | Train Loss: 0.003223 (Data: 0.00321, Mono: 0.00003) | Val MSE: 0.000057 (RMSE: 0.0076) 
2026-09-13 14:52:27,589 - INFO - Epoch [ 370/2000] LR: 0.000093 | Train Loss: 0.003439 (Data: 0.00343, Mono: 0.00003) | Val MSE: 0.000031 (RMSE: 0.0056) 
2026-09-13 14:52:27,693 - INFO - Epoch [ 373/2000] LR: 0.000093 | Train Loss: 0.003754 (Data: 0.00374, Mono: 0.00003) | Val MSE: 0.000025 (RMSE: 0.0050) [BEST]
2026-09-13 14:52:27,939 - INFO - Epoch [ 380/2000] LR: 0.000093 | Train Loss: 0.003444 (Data: 0.00343, Mono: 0.00003) | Val MSE: 0.000040 (RMSE: 0.0063) 
2026-09-13 14:52:28,269 - INFO - Epoch [ 390/2000] LR: 0.000092 | Train Loss: 0.003577 (Data: 0.00357, Mono: 0.00003) | Val MSE: 0.000044 (RMSE: 0.0066) 
2026-09-13 14:52:28,633 - INFO - Epoch [ 400/2000] LR: 0.000092 | Train Loss: 0.003317 (Data: 0.00331, Mono: 0.00003) | Val MSE: 0.000029 (RMSE: 0.0054) 
2026-09-13 14:52:28,938 - INFO - Epoch [ 409/2000] LR: 0.000091 | Train Loss: 0.003266 (Data: 0.00326, Mono: 0.00003) | Val MSE: 0.000025 (RMSE: 0.0050) [BEST]
2026-09-13 14:52:28,976 - INFO - Epoch [ 410/2000] LR: 0.000091 | Train Loss: 0.003364 (Data: 0.00335, Mono: 0.00003) | Val MSE: 0.000027 (RMSE: 0.0052) 
2026-09-13 14:52:29,329 - INFO - Epoch [ 420/2000] LR: 0.000091 | Train Loss: 0.003088 (Data: 0.00308, Mono: 0.00002) | Val MSE: 0.000043 (RMSE: 0.0066) 
2026-09-13 14:52:29,678 - INFO - Epoch [ 430/2000] LR: 0.000090 | Train Loss: 0.003194 (Data: 0.00318, Mono: 0.00003) | Val MSE: 0.000032 (RMSE: 0.0056) 
2026-09-13 14:52:30,023 - INFO - Epoch [ 440/2000] LR: 0.000090 | Train Loss: 0.002965 (Data: 0.00296, Mono: 0.00003) | Val MSE: 0.000038 (RMSE: 0.0062) 
2026-09-13 14:52:30,373 - INFO - Epoch [ 450/2000] LR: 0.000089 | Train Loss: 0.002993 (Data: 0.00298, Mono: 0.00003) | Val MSE: 0.000035 (RMSE: 0.0059) 
2026-09-13 14:52:30,710 - INFO - Epoch [ 460/2000] LR: 0.000089 | Train Loss: 0.002848 (Data: 0.00284, Mono: 0.00003) | Val MSE: 0.000036 (RMSE: 0.0060) 
2026-09-13 14:52:31,100 - INFO - Epoch [ 470/2000] LR: 0.000088 | Train Loss: 0.003010 (Data: 0.00300, Mono: 0.00003) | Val MSE: 0.000046 (RMSE: 0.0068) 
2026-09-13 14:52:31,348 - INFO - Epoch [ 477/2000] LR: 0.000088 | Train Loss: 0.002841 (Data: 0.00283, Mono: 0.00003) | Val MSE: 0.000024 (RMSE: 0.0049) [BEST]
2026-09-13 14:52:31,470 - INFO - Epoch [ 480/2000] LR: 0.000088 | Train Loss: 0.002808 (Data: 0.00280, Mono: 0.00002) | Val MSE: 0.000037 (RMSE: 0.0061) 
2026-09-13 14:52:31,819 - INFO - Epoch [ 490/2000] LR: 0.000087 | Train Loss: 0.002785 (Data: 0.00278, Mono: 0.00002) | Val MSE: 0.000043 (RMSE: 0.0066) 
2026-09-13 14:52:32,189 - INFO - Epoch [ 500/2000] LR: 0.000087 | Train Loss: 0.002858 (Data: 0.00285, Mono: 0.00003) | Val MSE: 0.000033 (RMSE: 0.0058) 
2026-09-13 14:52:32,291 - INFO - Epoch [ 503/2000] LR: 0.000087 | Train Loss: 0.002833 (Data: 0.00282, Mono: 0.00002) | Val MSE: 0.000024 (RMSE: 0.0049) [BEST]
2026-09-13 14:52:32,539 - INFO - Epoch [ 510/2000] LR: 0.000086 | Train Loss: 0.002907 (Data: 0.00290, Mono: 0.00003) | Val MSE: 0.000049 (RMSE: 0.0070) 
2026-09-13 14:52:32,890 - INFO - Epoch [ 520/2000] LR: 0.000086 | Train Loss: 0.002789 (Data: 0.00278, Mono: 0.00003) | Val MSE: 0.000049 (RMSE: 0.0070) 
2026-09-13 14:52:33,249 - INFO - Epoch [ 530/2000] LR: 0.000085 | Train Loss: 0.002666 (Data: 0.00266, Mono: 0.00002) | Val MSE: 0.000035 (RMSE: 0.0059) 
2026-09-13 14:52:33,599 - INFO - Epoch [ 540/2000] LR: 0.000085 | Train Loss: 0.002549 (Data: 0.00254, Mono: 0.00003) | Val MSE: 0.000028 (RMSE: 0.0053) 
2026-09-13 14:52:33,949 - INFO - Epoch [ 550/2000] LR: 0.000084 | Train Loss: 0.002397 (Data: 0.00239, Mono: 0.00003) | Val MSE: 0.000033 (RMSE: 0.0058) 
2026-09-13 14:52:34,290 - INFO - Epoch [ 560/2000] LR: 0.000083 | Train Loss: 0.002577 (Data: 0.00257, Mono: 0.00002) | Val MSE: 0.000040 (RMSE: 0.0063) 
2026-09-13 14:52:34,639 - INFO - Epoch [ 570/2000] LR: 0.000083 | Train Loss: 0.002753 (Data: 0.00274, Mono: 0.00003) | Val MSE: 0.000042 (RMSE: 0.0065) 
2026-09-13 14:52:35,039 - INFO - Epoch [ 580/2000] LR: 0.000082 | Train Loss: 0.002601 (Data: 0.00259, Mono: 0.00003) | Val MSE: 0.000034 (RMSE: 0.0059) 
2026-09-13 14:52:35,453 - INFO - Epoch [ 590/2000] LR: 0.000082 | Train Loss: 0.002557 (Data: 0.00255, Mono: 0.00002) | Val MSE: 0.000028 (RMSE: 0.0053) 
2026-09-13 14:52:35,870 - INFO - Epoch [ 600/2000] LR: 0.000081 | Train Loss: 0.002460 (Data: 0.00245, Mono: 0.00003) | Val MSE: 0.000041 (RMSE: 0.0064) 
2026-09-13 14:52:36,297 - INFO - Epoch [ 610/2000] LR: 0.000080 | Train Loss: 0.002551 (Data: 0.00254, Mono: 0.00002) | Val MSE: 0.000120 (RMSE: 0.0109) 
2026-09-13 14:52:36,689 - INFO - Epoch [ 620/2000] LR: 0.000080 | Train Loss: 0.002666 (Data: 0.00266, Mono: 0.00002) | Val MSE: 0.000026 (RMSE: 0.0051) 
2026-09-13 14:52:37,095 - INFO - Epoch [ 630/2000] LR: 0.000079 | Train Loss: 0.002456 (Data: 0.00245, Mono: 0.00002) | Val MSE: 0.000048 (RMSE: 0.0069) 
2026-09-13 14:52:37,476 - INFO - Epoch [ 640/2000] LR: 0.000078 | Train Loss: 0.002530 (Data: 0.00252, Mono: 0.00002) | Val MSE: 0.000081 (RMSE: 0.0090) 
2026-09-13 14:52:37,816 - INFO - Epoch [ 650/2000] LR: 0.000078 | Train Loss: 0.002540 (Data: 0.00253, Mono: 0.00002) | Val MSE: 0.000032 (RMSE: 0.0057) 
2026-09-13 14:52:38,143 - INFO - Epoch [ 660/2000] LR: 0.000077 | Train Loss: 0.002554 (Data: 0.00254, Mono: 0.00002) | Val MSE: 0.000035 (RMSE: 0.0059) 
2026-09-13 14:52:38,465 - INFO - Epoch [ 670/2000] LR: 0.000077 | Train Loss: 0.002295 (Data: 0.00229, Mono: 0.00002) | Val MSE: 0.000030 (RMSE: 0.0055) 
2026-09-13 14:52:38,787 - INFO - Epoch [ 680/2000] LR: 0.000076 | Train Loss: 0.002270 (Data: 0.00226, Mono: 0.00002) | Val MSE: 0.000044 (RMSE: 0.0067) 
2026-09-13 14:52:39,119 - INFO - Epoch [ 690/2000] LR: 0.000075 | Train Loss: 0.002400 (Data: 0.00239, Mono: 0.00002) | Val MSE: 0.000035 (RMSE: 0.0059) 
2026-09-13 14:52:39,454 - INFO - Epoch [ 700/2000] LR: 0.000074 | Train Loss: 0.002422 (Data: 0.00241, Mono: 0.00002) | Val MSE: 0.000050 (RMSE: 0.0070) 
2026-09-13 14:52:39,780 - INFO - Epoch [ 710/2000] LR: 0.000074 | Train Loss: 0.002182 (Data: 0.00217, Mono: 0.00002) | Val MSE: 0.000051 (RMSE: 0.0071) 
2026-09-13 14:52:40,120 - INFO - Epoch [ 720/2000] LR: 0.000073 | Train Loss: 0.002255 (Data: 0.00225, Mono: 0.00002) | Val MSE: 0.000033 (RMSE: 0.0058) 
2026-09-13 14:52:40,482 - INFO - Epoch [ 730/2000] LR: 0.000072 | Train Loss: 0.002205 (Data: 0.00220, Mono: 0.00002) | Val MSE: 0.000053 (RMSE: 0.0073) 
2026-09-13 14:52:40,814 - INFO - Epoch [ 740/2000] LR: 0.000072 | Train Loss: 0.002325 (Data: 0.00232, Mono: 0.00002) | Val MSE: 0.000049 (RMSE: 0.0070) 
2026-09-13 14:52:41,158 - INFO - Epoch [ 750/2000] LR: 0.000071 | Train Loss: 0.002351 (Data: 0.00234, Mono: 0.00002) | Val MSE: 0.000048 (RMSE: 0.0069) 
2026-09-13 14:52:41,499 - INFO - Epoch [ 760/2000] LR: 0.000070 | Train Loss: 0.002263 (Data: 0.00225, Mono: 0.00002) | Val MSE: 0.000056 (RMSE: 0.0075) 
2026-09-13 14:52:41,849 - INFO - Epoch [ 770/2000] LR: 0.000070 | Train Loss: 0.002115 (Data: 0.00211, Mono: 0.00002) | Val MSE: 0.000042 (RMSE: 0.0065) 
2026-09-13 14:52:42,175 - INFO - Epoch [ 780/2000] LR: 0.000069 | Train Loss: 0.002072 (Data: 0.00206, Mono: 0.00002) | Val MSE: 0.000044 (RMSE: 0.0066) 
2026-09-13 14:52:42,497 - INFO - Epoch [ 790/2000] LR: 0.000068 | Train Loss: 0.002193 (Data: 0.00218, Mono: 0.00002) | Val MSE: 0.000032 (RMSE: 0.0057) 
2026-09-13 14:52:42,817 - INFO - Epoch [ 800/2000] LR: 0.000067 | Train Loss: 0.002114 (Data: 0.00210, Mono: 0.00002) | Val MSE: 0.000037 (RMSE: 0.0061) 
2026-09-13 14:52:43,139 - INFO - Epoch [ 810/2000] LR: 0.000067 | Train Loss: 0.002097 (Data: 0.00209, Mono: 0.00002) | Val MSE: 0.000065 (RMSE: 0.0081) 
2026-09-13 14:52:43,461 - INFO - Epoch [ 820/2000] LR: 0.000066 | Train Loss: 0.002209 (Data: 0.00220, Mono: 0.00002) | Val MSE: 0.000057 (RMSE: 0.0076) 
2026-09-13 14:52:43,791 - INFO - Epoch [ 830/2000] LR: 0.000065 | Train Loss: 0.002208 (Data: 0.00220, Mono: 0.00002) | Val MSE: 0.000039 (RMSE: 0.0063) 
2026-09-13 14:52:44,115 - INFO - Epoch [ 840/2000] LR: 0.000064 | Train Loss: 0.002037 (Data: 0.00203, Mono: 0.00002) | Val MSE: 0.000043 (RMSE: 0.0065) 
2026-09-13 14:52:44,455 - INFO - Epoch [ 850/2000] LR: 0.000064 | Train Loss: 0.002057 (Data: 0.00205, Mono: 0.00002) | Val MSE: 0.000052 (RMSE: 0.0072) 
2026-09-13 14:52:44,793 - INFO - Epoch [ 860/2000] LR: 0.000063 | Train Loss: 0.002176 (Data: 0.00217, Mono: 0.00002) | Val MSE: 0.000033 (RMSE: 0.0057) 
2026-09-13 14:52:45,163 - INFO - Epoch [ 870/2000] LR: 0.000062 | Train Loss: 0.002136 (Data: 0.00213, Mono: 0.00002) | Val MSE: 0.000035 (RMSE: 0.0059) 
2026-09-13 14:52:45,527 - INFO - Epoch [ 880/2000] LR: 0.000061 | Train Loss: 0.002003 (Data: 0.00200, Mono: 0.00002) | Val MSE: 0.000052 (RMSE: 0.0072) 
2026-09-13 14:52:45,868 - INFO - Epoch [ 890/2000] LR: 0.000061 | Train Loss: 0.002098 (Data: 0.00209, Mono: 0.00002) | Val MSE: 0.000041 (RMSE: 0.0064) 
2026-09-13 14:52:46,225 - INFO - Epoch [ 900/2000] LR: 0.000060 | Train Loss: 0.002094 (Data: 0.00209, Mono: 0.00002) | Val MSE: 0.000043 (RMSE: 0.0066) 
2026-09-13 14:52:46,619 - INFO - Epoch [ 910/2000] LR: 0.000059 | Train Loss: 0.001956 (Data: 0.00195, Mono: 0.00002) | Val MSE: 0.000041 (RMSE: 0.0064) 
2026-09-13 14:52:46,987 - INFO - Epoch [ 920/2000] LR: 0.000058 | Train Loss: 0.001903 (Data: 0.00190, Mono: 0.00002) | Val MSE: 0.000050 (RMSE: 0.0071) 
2026-09-13 14:52:47,361 - INFO - Epoch [ 930/2000] LR: 0.000057 | Train Loss: 0.001907 (Data: 0.00190, Mono: 0.00002) | Val MSE: 0.000037 (RMSE: 0.0061) 
2026-09-13 14:52:47,738 - INFO - Epoch [ 940/2000] LR: 0.000057 | Train Loss: 0.001900 (Data: 0.00189, Mono: 0.00002) | Val MSE: 0.000053 (RMSE: 0.0073) 
2026-09-13 14:52:48,087 - INFO - Epoch [ 950/2000] LR: 0.000056 | Train Loss: 0.002009 (Data: 0.00200, Mono: 0.00002) | Val MSE: 0.000043 (RMSE: 0.0065) 
2026-09-13 14:52:48,451 - INFO - Epoch [ 960/2000] LR: 0.000055 | Train Loss: 0.002011 (Data: 0.00200, Mono: 0.00002) | Val MSE: 0.000036 (RMSE: 0.0060) 
2026-09-13 14:52:48,797 - INFO - Epoch [ 970/2000] LR: 0.000054 | Train Loss: 0.001880 (Data: 0.00187, Mono: 0.00002) | Val MSE: 0.000038 (RMSE: 0.0062) 
2026-09-13 14:52:49,144 - INFO - Epoch [ 980/2000] LR: 0.000054 | Train Loss: 0.002009 (Data: 0.00200, Mono: 0.00002) | Val MSE: 0.000044 (RMSE: 0.0067) 
2026-09-13 14:52:49,497 - INFO - Epoch [ 990/2000] LR: 0.000053 | Train Loss: 0.002028 (Data: 0.00202, Mono: 0.00002) | Val MSE: 0.000044 (RMSE: 0.0066) 
2026-09-13 14:52:49,881 - INFO - Epoch [1000/2000] LR: 0.000052 | Train Loss: 0.001959 (Data: 0.00195, Mono: 0.00002) | Val MSE: 0.000059 (RMSE: 0.0077) 
2026-09-13 14:52:50,227 - INFO - Epoch [1010/2000] LR: 0.000051 | Train Loss: 0.001814 (Data: 0.00181, Mono: 0.00002) | Val MSE: 0.000046 (RMSE: 0.0068) 
2026-09-13 14:52:50,589 - INFO - Epoch [1020/2000] LR: 0.000050 | Train Loss: 0.001788 (Data: 0.00178, Mono: 0.00002) | Val MSE: 0.000055 (RMSE: 0.0074) 
2026-09-13 14:52:50,938 - INFO - Epoch [1030/2000] LR: 0.000050 | Train Loss: 0.001734 (Data: 0.00173, Mono: 0.00002) | Val MSE: 0.000053 (RMSE: 0.0073) 
2026-09-13 14:52:51,297 - INFO - Epoch [1040/2000] LR: 0.000049 | Train Loss: 0.001830 (Data: 0.00182, Mono: 0.00002) | Val MSE: 0.000041 (RMSE: 0.0064) 
2026-09-13 14:52:51,651 - INFO - Epoch [1050/2000] LR: 0.000048 | Train Loss: 0.001807 (Data: 0.00180, Mono: 0.00002) | Val MSE: 0.000054 (RMSE: 0.0074) 
2026-09-13 14:52:52,024 - INFO - Epoch [1060/2000] LR: 0.000047 | Train Loss: 0.001900 (Data: 0.00189, Mono: 0.00002) | Val MSE: 0.000053 (RMSE: 0.0073) 
2026-09-13 14:52:52,373 - INFO - Epoch [1070/2000] LR: 0.000046 | Train Loss: 0.001758 (Data: 0.00175, Mono: 0.00002) | Val MSE: 0.000036 (RMSE: 0.0060) 
2026-09-13 14:52:52,742 - INFO - Epoch [1080/2000] LR: 0.000046 | Train Loss: 0.001701 (Data: 0.00169, Mono: 0.00002) | Val MSE: 0.000046 (RMSE: 0.0068) 
2026-09-13 14:52:53,092 - INFO - Epoch [1090/2000] LR: 0.000045 | Train Loss: 0.001724 (Data: 0.00172, Mono: 0.00002) | Val MSE: 0.000044 (RMSE: 0.0066) 
2026-09-13 14:52:53,451 - INFO - Epoch [1100/2000] LR: 0.000044 | Train Loss: 0.001775 (Data: 0.00177, Mono: 0.00002) | Val MSE: 0.000053 (RMSE: 0.0073) 
2026-09-13 14:52:53,771 - INFO - Epoch [1110/2000] LR: 0.000043 | Train Loss: 0.001671 (Data: 0.00166, Mono: 0.00002) | Val MSE: 0.000044 (RMSE: 0.0066) 
2026-09-13 14:52:54,101 - INFO - Epoch [1120/2000] LR: 0.000043 | Train Loss: 0.001793 (Data: 0.00178, Mono: 0.00002) | Val MSE: 0.000049 (RMSE: 0.0070) 
2026-09-13 14:52:54,445 - INFO - Epoch [1130/2000] LR: 0.000042 | Train Loss: 0.001856 (Data: 0.00185, Mono: 0.00002) | Val MSE: 0.000060 (RMSE: 0.0078) 
2026-09-13 14:52:54,774 - INFO - Epoch [1140/2000] LR: 0.000041 | Train Loss: 0.001828 (Data: 0.00182, Mono: 0.00002) | Val MSE: 0.000041 (RMSE: 0.0064) 
2026-09-13 14:52:55,097 - INFO - Epoch [1150/2000] LR: 0.000040 | Train Loss: 0.001735 (Data: 0.00173, Mono: 0.00002) | Val MSE: 0.000058 (RMSE: 0.0076) 
2026-09-13 14:52:55,441 - INFO - Epoch [1160/2000] LR: 0.000040 | Train Loss: 0.001770 (Data: 0.00176, Mono: 0.00002) | Val MSE: 0.000052 (RMSE: 0.0072) 
2026-09-13 14:52:55,803 - INFO - Epoch [1170/2000] LR: 0.000039 | Train Loss: 0.001714 (Data: 0.00171, Mono: 0.00002) | Val MSE: 0.000051 (RMSE: 0.0071) 
2026-09-13 14:52:56,152 - INFO - Epoch [1180/2000] LR: 0.000038 | Train Loss: 0.001685 (Data: 0.00168, Mono: 0.00002) | Val MSE: 0.000052 (RMSE: 0.0072) 
2026-09-13 14:52:56,475 - INFO - Epoch [1190/2000] LR: 0.000037 | Train Loss: 0.001667 (Data: 0.00166, Mono: 0.00002) | Val MSE: 0.000068 (RMSE: 0.0082) 
2026-09-13 14:52:56,800 - INFO - Epoch [1200/2000] LR: 0.000036 | Train Loss: 0.001635 (Data: 0.00163, Mono: 0.00002) | Val MSE: 0.000054 (RMSE: 0.0073) 
2026-09-13 14:52:57,116 - INFO - Epoch [1210/2000] LR: 0.000036 | Train Loss: 0.001698 (Data: 0.00169, Mono: 0.00002) | Val MSE: 0.000040 (RMSE: 0.0063) 
2026-09-13 14:52:57,417 - INFO - Epoch [1220/2000] LR: 0.000035 | Train Loss: 0.001691 (Data: 0.00168, Mono: 0.00002) | Val MSE: 0.000060 (RMSE: 0.0078) 
2026-09-13 14:52:57,712 - INFO - Epoch [1230/2000] LR: 0.000034 | Train Loss: 0.001606 (Data: 0.00160, Mono: 0.00002) | Val MSE: 0.000058 (RMSE: 0.0076) 
2026-09-13 14:52:58,016 - INFO - Epoch [1240/2000] LR: 0.000034 | Train Loss: 0.001645 (Data: 0.00164, Mono: 0.00002) | Val MSE: 0.000075 (RMSE: 0.0087) 
2026-09-13 14:52:58,310 - INFO - Epoch [1250/2000] LR: 0.000033 | Train Loss: 0.001746 (Data: 0.00174, Mono: 0.00002) | Val MSE: 0.000050 (RMSE: 0.0071) 
2026-09-13 14:52:58,612 - INFO - Epoch [1260/2000] LR: 0.000032 | Train Loss: 0.001564 (Data: 0.00156, Mono: 0.00002) | Val MSE: 0.000049 (RMSE: 0.0070) 
2026-09-13 14:52:58,905 - INFO - Epoch [1270/2000] LR: 0.000031 | Train Loss: 0.001595 (Data: 0.00159, Mono: 0.00002) | Val MSE: 0.000067 (RMSE: 0.0082) 
2026-09-13 14:52:59,204 - INFO - Epoch [1280/2000] LR: 0.000031 | Train Loss: 0.001698 (Data: 0.00169, Mono: 0.00002) | Val MSE: 0.000046 (RMSE: 0.0068) 
2026-09-13 14:52:59,497 - INFO - Epoch [1290/2000] LR: 0.000030 | Train Loss: 0.001612 (Data: 0.00160, Mono: 0.00002) | Val MSE: 0.000054 (RMSE: 0.0073) 
2026-09-13 14:52:59,796 - INFO - Epoch [1300/2000] LR: 0.000029 | Train Loss: 0.001523 (Data: 0.00152, Mono: 0.00001) | Val MSE: 0.000064 (RMSE: 0.0080) 
2026-09-13 14:53:00,101 - INFO - Epoch [1310/2000] LR: 0.000028 | Train Loss: 0.001627 (Data: 0.00162, Mono: 0.00002) | Val MSE: 0.000074 (RMSE: 0.0086) 
2026-09-13 14:53:00,399 - INFO - Epoch [1320/2000] LR: 0.000028 | Train Loss: 0.001648 (Data: 0.00164, Mono: 0.00002) | Val MSE: 0.000058 (RMSE: 0.0076) 
2026-09-13 14:53:00,699 - INFO - Epoch [1330/2000] LR: 0.000027 | Train Loss: 0.001658 (Data: 0.00165, Mono: 0.00002) | Val MSE: 0.000042 (RMSE: 0.0065) 
2026-09-13 14:53:00,999 - INFO - Epoch [1340/2000] LR: 0.000026 | Train Loss: 0.001563 (Data: 0.00156, Mono: 0.00002) | Val MSE: 0.000068 (RMSE: 0.0083) 
2026-09-13 14:53:01,293 - INFO - Epoch [1350/2000] LR: 0.000026 | Train Loss: 0.001670 (Data: 0.00166, Mono: 0.00002) | Val MSE: 0.000056 (RMSE: 0.0075) 
2026-09-13 14:53:01,591 - INFO - Epoch [1360/2000] LR: 0.000025 | Train Loss: 0.001689 (Data: 0.00168, Mono: 0.00002) | Val MSE: 0.000064 (RMSE: 0.0080) 
2026-09-13 14:53:01,883 - INFO - Epoch [1370/2000] LR: 0.000024 | Train Loss: 0.001510 (Data: 0.00150, Mono: 0.00002) | Val MSE: 0.000051 (RMSE: 0.0072) 
2026-09-13 14:53:02,170 - INFO - Epoch [1380/2000] LR: 0.000024 | Train Loss: 0.001610 (Data: 0.00160, Mono: 0.00002) | Val MSE: 0.000051 (RMSE: 0.0071) 
2026-09-13 14:53:02,458 - INFO - Epoch [1390/2000] LR: 0.000023 | Train Loss: 0.001604 (Data: 0.00160, Mono: 0.00002) | Val MSE: 0.000054 (RMSE: 0.0073) 
2026-09-13 14:53:02,763 - INFO - Epoch [1400/2000] LR: 0.000022 | Train Loss: 0.001577 (Data: 0.00157, Mono: 0.00002) | Val MSE: 0.000054 (RMSE: 0.0074) 
2026-09-13 14:53:03,061 - INFO - Epoch [1410/2000] LR: 0.000022 | Train Loss: 0.001583 (Data: 0.00158, Mono: 0.00002) | Val MSE: 0.000064 (RMSE: 0.0080) 
2026-09-13 14:53:03,349 - INFO - Epoch [1420/2000] LR: 0.000021 | Train Loss: 0.001515 (Data: 0.00151, Mono: 0.00002) | Val MSE: 0.000066 (RMSE: 0.0081) 
2026-09-13 14:53:03,668 - INFO - Epoch [1430/2000] LR: 0.000021 | Train Loss: 0.001598 (Data: 0.00159, Mono: 0.00002) | Val MSE: 0.000052 (RMSE: 0.0072) 
2026-09-13 14:53:03,970 - INFO - Epoch [1440/2000] LR: 0.000020 | Train Loss: 0.001577 (Data: 0.00157, Mono: 0.00002) | Val MSE: 0.000049 (RMSE: 0.0070) 
2026-09-13 14:53:04,262 - INFO - Epoch [1450/2000] LR: 0.000019 | Train Loss: 0.001468 (Data: 0.00146, Mono: 0.00001) | Val MSE: 0.000050 (RMSE: 0.0071) 
2026-09-13 14:53:04,558 - INFO - Epoch [1460/2000] LR: 0.000019 | Train Loss: 0.001523 (Data: 0.00152, Mono: 0.00002) | Val MSE: 0.000061 (RMSE: 0.0078) 
2026-09-13 14:53:04,856 - INFO - Epoch [1470/2000] LR: 0.000018 | Train Loss: 0.001480 (Data: 0.00147, Mono: 0.00002) | Val MSE: 0.000059 (RMSE: 0.0077) 
2026-09-13 14:53:05,156 - INFO - Epoch [1480/2000] LR: 0.000018 | Train Loss: 0.001552 (Data: 0.00155, Mono: 0.00002) | Val MSE: 0.000051 (RMSE: 0.0071) 
2026-09-13 14:53:05,443 - INFO - Epoch [1490/2000] LR: 0.000017 | Train Loss: 0.001658 (Data: 0.00165, Mono: 0.00002) | Val MSE: 0.000050 (RMSE: 0.0071) 
2026-09-13 14:53:05,742 - INFO - Epoch [1500/2000] LR: 0.000016 | Train Loss: 0.001610 (Data: 0.00160, Mono: 0.00002) | Val MSE: 0.000056 (RMSE: 0.0075) 
2026-09-13 14:53:06,035 - INFO - Epoch [1510/2000] LR: 0.000016 | Train Loss: 0.001479 (Data: 0.00147, Mono: 0.00002) | Val MSE: 0.000058 (RMSE: 0.0076) 
2026-09-13 14:53:06,340 - INFO - Epoch [1520/2000] LR: 0.000015 | Train Loss: 0.001562 (Data: 0.00156, Mono: 0.00002) | Val MSE: 0.000047 (RMSE: 0.0068) 
2026-09-13 14:53:06,635 - INFO - Epoch [1530/2000] LR: 0.000015 | Train Loss: 0.001601 (Data: 0.00159, Mono: 0.00002) | Val MSE: 0.000056 (RMSE: 0.0075) 
2026-09-13 14:53:06,930 - INFO - Epoch [1540/2000] LR: 0.000014 | Train Loss: 0.001532 (Data: 0.00153, Mono: 0.00002) | Val MSE: 0.000059 (RMSE: 0.0077) 
2026-09-13 14:53:07,239 - INFO - Epoch [1550/2000] LR: 0.000014 | Train Loss: 0.001593 (Data: 0.00159, Mono: 0.00002) | Val MSE: 0.000068 (RMSE: 0.0083) 
2026-09-13 14:53:07,529 - INFO - Epoch [1560/2000] LR: 0.000013 | Train Loss: 0.001507 (Data: 0.00150, Mono: 0.00002) | Val MSE: 0.000054 (RMSE: 0.0073) 
2026-09-13 14:53:07,826 - INFO - Epoch [1570/2000] LR: 0.000013 | Train Loss: 0.001474 (Data: 0.00147, Mono: 0.00002) | Val MSE: 0.000057 (RMSE: 0.0076) 
2026-09-13 14:53:08,116 - INFO - Epoch [1580/2000] LR: 0.000012 | Train Loss: 0.001553 (Data: 0.00155, Mono: 0.00002) | Val MSE: 0.000058 (RMSE: 0.0076) 
2026-09-13 14:53:08,419 - INFO - Epoch [1590/2000] LR: 0.000012 | Train Loss: 0.001575 (Data: 0.00157, Mono: 0.00002) | Val MSE: 0.000050 (RMSE: 0.0071) 
2026-09-13 14:53:08,714 - INFO - Epoch [1600/2000] LR: 0.000011 | Train Loss: 0.001620 (Data: 0.00161, Mono: 0.00002) | Val MSE: 0.000062 (RMSE: 0.0079) 
2026-09-13 14:53:09,011 - INFO - Epoch [1610/2000] LR: 0.000011 | Train Loss: 0.001571 (Data: 0.00156, Mono: 0.00002) | Val MSE: 0.000066 (RMSE: 0.0081) 
2026-09-13 14:53:09,301 - INFO - Epoch [1620/2000] LR: 0.000010 | Train Loss: 0.001484 (Data: 0.00148, Mono: 0.00002) | Val MSE: 0.000057 (RMSE: 0.0076) 
2026-09-13 14:53:09,599 - INFO - Epoch [1630/2000] LR: 0.000010 | Train Loss: 0.001581 (Data: 0.00157, Mono: 0.00002) | Val MSE: 0.000059 (RMSE: 0.0076) 
2026-09-13 14:53:09,906 - INFO - Epoch [1640/2000] LR: 0.000009 | Train Loss: 0.001583 (Data: 0.00157, Mono: 0.00002) | Val MSE: 0.000052 (RMSE: 0.0072) 
2026-09-13 14:53:10,207 - INFO - Epoch [1650/2000] LR: 0.000009 | Train Loss: 0.001570 (Data: 0.00156, Mono: 0.00002) | Val MSE: 0.000051 (RMSE: 0.0072) 
2026-09-13 14:53:10,507 - INFO - Epoch [1660/2000] LR: 0.000009 | Train Loss: 0.001483 (Data: 0.00148, Mono: 0.00002) | Val MSE: 0.000064 (RMSE: 0.0080) 
2026-09-13 14:53:10,812 - INFO - Epoch [1670/2000] LR: 0.000008 | Train Loss: 0.001484 (Data: 0.00148, Mono: 0.00002) | Val MSE: 0.000057 (RMSE: 0.0075) 
2026-09-13 14:53:11,110 - INFO - Epoch [1680/2000] LR: 0.000008 | Train Loss: 0.001481 (Data: 0.00147, Mono: 0.00002) | Val MSE: 0.000063 (RMSE: 0.0079) 
2026-09-13 14:53:11,406 - INFO - Epoch [1690/2000] LR: 0.000007 | Train Loss: 0.001607 (Data: 0.00160, Mono: 0.00002) | Val MSE: 0.000052 (RMSE: 0.0072) 
2026-09-13 14:53:11,737 - INFO - Epoch [1700/2000] LR: 0.000007 | Train Loss: 0.001470 (Data: 0.00146, Mono: 0.00002) | Val MSE: 0.000052 (RMSE: 0.0072) 
2026-09-13 14:53:12,039 - INFO - Epoch [1710/2000] LR: 0.000007 | Train Loss: 0.001470 (Data: 0.00146, Mono: 0.00002) | Val MSE: 0.000065 (RMSE: 0.0080) 
2026-09-13 14:53:12,327 - INFO - Epoch [1720/2000] LR: 0.000006 | Train Loss: 0.001509 (Data: 0.00150, Mono: 0.00002) | Val MSE: 0.000056 (RMSE: 0.0075) 
2026-09-13 14:53:12,617 - INFO - Epoch [1730/2000] LR: 0.000006 | Train Loss: 0.001545 (Data: 0.00154, Mono: 0.00002) | Val MSE: 0.000061 (RMSE: 0.0078) 
2026-09-13 14:53:12,915 - INFO - Epoch [1740/2000] LR: 0.000006 | Train Loss: 0.001491 (Data: 0.00148, Mono: 0.00002) | Val MSE: 0.000059 (RMSE: 0.0077) 
2026-09-13 14:53:13,214 - INFO - Epoch [1750/2000] LR: 0.000005 | Train Loss: 0.001588 (Data: 0.00158, Mono: 0.00002) | Val MSE: 0.000061 (RMSE: 0.0078) 
2026-09-13 14:53:13,510 - INFO - Epoch [1760/2000] LR: 0.000005 | Train Loss: 0.001551 (Data: 0.00154, Mono: 0.00002) | Val MSE: 0.000052 (RMSE: 0.0072) 
2026-09-13 14:53:13,804 - INFO - Epoch [1770/2000] LR: 0.000005 | Train Loss: 0.001455 (Data: 0.00145, Mono: 0.00002) | Val MSE: 0.000058 (RMSE: 0.0076) 
2026-09-13 14:53:14,108 - INFO - Epoch [1780/2000] LR: 0.000005 | Train Loss: 0.001518 (Data: 0.00151, Mono: 0.00001) | Val MSE: 0.000060 (RMSE: 0.0078) 
2026-09-13 14:53:14,399 - INFO - Epoch [1790/2000] LR: 0.000004 | Train Loss: 0.001418 (Data: 0.00141, Mono: 0.00002) | Val MSE: 0.000059 (RMSE: 0.0077) 
2026-09-13 14:53:14,707 - INFO - Epoch [1800/2000] LR: 0.000004 | Train Loss: 0.001466 (Data: 0.00146, Mono: 0.00002) | Val MSE: 0.000056 (RMSE: 0.0075) 
2026-09-13 14:53:15,003 - INFO - Epoch [1810/2000] LR: 0.000004 | Train Loss: 0.001498 (Data: 0.00149, Mono: 0.00002) | Val MSE: 0.000057 (RMSE: 0.0076) 
2026-09-13 14:53:15,297 - INFO - Epoch [1820/2000] LR: 0.000004 | Train Loss: 0.001573 (Data: 0.00157, Mono: 0.00002) | Val MSE: 0.000056 (RMSE: 0.0075) 
2026-09-13 14:53:15,597 - INFO - Epoch [1830/2000] LR: 0.000003 | Train Loss: 0.001370 (Data: 0.00136, Mono: 0.00002) | Val MSE: 0.000055 (RMSE: 0.0074) 
2026-09-13 14:53:15,899 - INFO - Epoch [1840/2000] LR: 0.000003 | Train Loss: 0.001466 (Data: 0.00146, Mono: 0.00002) | Val MSE: 0.000052 (RMSE: 0.0072) 
2026-09-13 14:53:16,200 - INFO - Epoch [1850/2000] LR: 0.000003 | Train Loss: 0.001504 (Data: 0.00150, Mono: 0.00002) | Val MSE: 0.000055 (RMSE: 0.0074) 
2026-09-13 14:53:16,492 - INFO - Epoch [1860/2000] LR: 0.000003 | Train Loss: 0.001503 (Data: 0.00150, Mono: 0.00002) | Val MSE: 0.000056 (RMSE: 0.0075) 
2026-09-13 14:53:16,783 - INFO - Epoch [1870/2000] LR: 0.000003 | Train Loss: 0.001552 (Data: 0.00155, Mono: 0.00002) | Val MSE: 0.000058 (RMSE: 0.0076) 
2026-09-13 14:53:17,085 - INFO - Epoch [1880/2000] LR: 0.000002 | Train Loss: 0.001438 (Data: 0.00143, Mono: 0.00001) | Val MSE: 0.000059 (RMSE: 0.0077) 
2026-09-13 14:53:17,373 - INFO - Epoch [1890/2000] LR: 0.000002 | Train Loss: 0.001498 (Data: 0.00149, Mono: 0.00002) | Val MSE: 0.000056 (RMSE: 0.0075) 
2026-09-13 14:53:17,664 - INFO - Epoch [1900/2000] LR: 0.000002 | Train Loss: 0.001407 (Data: 0.00140, Mono: 0.00002) | Val MSE: 0.000054 (RMSE: 0.0073) 
2026-09-13 14:53:17,977 - INFO - Epoch [1910/2000] LR: 0.000002 | Train Loss: 0.001481 (Data: 0.00147, Mono: 0.00002) | Val MSE: 0.000055 (RMSE: 0.0074) 
2026-09-13 14:53:18,263 - INFO - Epoch [1920/2000] LR: 0.000002 | Train Loss: 0.001488 (Data: 0.00148, Mono: 0.00002) | Val MSE: 0.000057 (RMSE: 0.0076) 
2026-09-13 14:53:18,560 - INFO - Epoch [1930/2000] LR: 0.000002 | Train Loss: 0.001457 (Data: 0.00145, Mono: 0.00002) | Val MSE: 0.000062 (RMSE: 0.0079) 
2026-09-13 14:53:18,859 - INFO - Epoch [1940/2000] LR: 0.000002 | Train Loss: 0.001565 (Data: 0.00156, Mono: 0.00002) | Val MSE: 0.000057 (RMSE: 0.0075) 
2026-09-13 14:53:19,155 - INFO - Epoch [1950/2000] LR: 0.000002 | Train Loss: 0.001435 (Data: 0.00143, Mono: 0.00002) | Val MSE: 0.000057 (RMSE: 0.0075) 
2026-09-13 14:53:19,460 - INFO - Epoch [1960/2000] LR: 0.000002 | Train Loss: 0.001414 (Data: 0.00141, Mono: 0.00002) | Val MSE: 0.000055 (RMSE: 0.0074) 
2026-09-13 14:53:19,779 - INFO - Epoch [1970/2000] LR: 0.000002 | Train Loss: 0.001534 (Data: 0.00153, Mono: 0.00002) | Val MSE: 0.000056 (RMSE: 0.0075) 
2026-09-13 14:53:20,076 - INFO - Epoch [1980/2000] LR: 0.000002 | Train Loss: 0.001487 (Data: 0.00148, Mono: 0.00002) | Val MSE: 0.000056 (RMSE: 0.0075) 
2026-09-13 14:53:20,369 - INFO - Epoch [1990/2000] LR: 0.000002 | Train Loss: 0.001443 (Data: 0.00144, Mono: 0.00002) | Val MSE: 0.000055 (RMSE: 0.0074) 
2026-09-13 14:53:20,663 - INFO - Epoch [2000/2000] LR: 0.000002 | Train Loss: 0.001540 (Data: 0.00153, Mono: 0.00002) | Val MSE: 0.000055 (RMSE: 0.0074) 
2026-09-13 14:53:20,663 - INFO - Training completed in 65.04s. Loading best checkpoint from epoch 503 for final test evaluation...
2026-09-13 14:53:20,680 - INFO - ==================================================
2026-09-13 14:53:20,680 - INFO - Test Results for [XJTU] - [RW] (Best Epoch 503):
2026-09-13 14:53:20,681 - INFO -   Test RMSE: 0.008904
2026-09-13 14:53:20,681 - INFO -   Test MAE:  0.006503
2026-09-13 14:53:20,681 - INFO -   Test MAPE: 0.712163
2026-09-13 14:53:20,681 - INFO -   Test MSE:  0.000079
2026-09-13 14:53:20,681 - INFO - ==================================================
2026-09-13 15:01:55,450 - INFO - ==================================================
2026-09-13 15:01:55,450 - INFO - Starting FusionMLP Training for [XJTU] - [RW]
2026-09-13 15:01:55,450 - INFO - Device: cuda | Epochs: 2000 | LR: 0.000100 | Mono Weight: 0.4000 | Knee Feature: True
2026-09-13 15:01:55,450 - INFO - ==================================================
2026-09-13 15:01:55,513 - INFO - Data Splits: Train=5, Val=1, Test=2
2026-09-13 15:01:55,578 - INFO - Epoch [   1/2000] LR: 0.006063 | Train Loss: 0.321486 (Data: 0.32145, Mono: 0.00008) | Val MSE: 0.157896 (RMSE: 0.3974) [BEST]
2026-09-13 15:01:55,623 - INFO - Epoch [   2/2000] LR: 0.005857 | Train Loss: 0.136368 (Data: 0.13633, Mono: 0.00010) | Val MSE: 0.078393 (RMSE: 0.2800) [BEST]
2026-09-13 15:01:55,666 - INFO - Epoch [   3/2000] LR: 0.005651 | Train Loss: 0.062365 (Data: 0.06233, Mono: 0.00008) | Val MSE: 0.061579 (RMSE: 0.2482) [BEST]
2026-09-13 15:01:55,708 - INFO - Epoch [   4/2000] LR: 0.005446 | Train Loss: 0.052397 (Data: 0.05237, Mono: 0.00008) | Val MSE: 0.020134 (RMSE: 0.1419) [BEST]
2026-09-13 15:01:55,749 - INFO - Epoch [   5/2000] LR: 0.005240 | Train Loss: 0.040568 (Data: 0.04054, Mono: 0.00007) | Val MSE: 0.003481 (RMSE: 0.0590) [BEST]
2026-09-13 15:01:55,801 - INFO - Epoch [   6/2000] LR: 0.005035 | Train Loss: 0.033517 (Data: 0.03349, Mono: 0.00007) | Val MSE: 0.002493 (RMSE: 0.0499) [BEST]
2026-09-13 15:01:55,932 - INFO - Epoch [   9/2000] LR: 0.004418 | Train Loss: 0.021076 (Data: 0.02105, Mono: 0.00007) | Val MSE: 0.000858 (RMSE: 0.0293) [BEST]
2026-09-13 15:01:55,979 - INFO - Epoch [  10/2000] LR: 0.004212 | Train Loss: 0.019207 (Data: 0.01918, Mono: 0.00007) | Val MSE: 0.000649 (RMSE: 0.0255) [BEST]
2026-09-13 15:01:56,106 - INFO - Epoch [  13/2000] LR: 0.003595 | Train Loss: 0.015392 (Data: 0.01537, Mono: 0.00006) | Val MSE: 0.000450 (RMSE: 0.0212) [BEST]
2026-09-13 15:01:56,183 - INFO - Epoch [  15/2000] LR: 0.003184 | Train Loss: 0.013778 (Data: 0.01376, Mono: 0.00005) | Val MSE: 0.000336 (RMSE: 0.0183) [BEST]
2026-09-13 15:01:56,233 - INFO - Epoch [  16/2000] LR: 0.002979 | Train Loss: 0.013738 (Data: 0.01372, Mono: 0.00005) | Val MSE: 0.000272 (RMSE: 0.0165) [BEST]
2026-09-13 15:01:56,318 - INFO - Epoch [  18/2000] LR: 0.002567 | Train Loss: 0.012131 (Data: 0.01211, Mono: 0.00005) | Val MSE: 0.000111 (RMSE: 0.0105) [BEST]
2026-09-13 15:01:56,400 - INFO - Epoch [  20/2000] LR: 0.002156 | Train Loss: 0.011355 (Data: 0.01133, Mono: 0.00006) | Val MSE: 0.000136 (RMSE: 0.0116) 
2026-09-13 15:01:56,491 - INFO - Epoch [  22/2000] LR: 0.001745 | Train Loss: 0.011167 (Data: 0.01115, Mono: 0.00005) | Val MSE: 0.000060 (RMSE: 0.0077) [BEST]
2026-09-13 15:01:56,533 - INFO - Epoch [  23/2000] LR: 0.001539 | Train Loss: 0.010271 (Data: 0.01025, Mono: 0.00005) | Val MSE: 0.000053 (RMSE: 0.0073) [BEST]
2026-09-13 15:01:56,770 - INFO - Epoch [  29/2000] LR: 0.000306 | Train Loss: 0.010491 (Data: 0.01047, Mono: 0.00005) | Val MSE: 0.000051 (RMSE: 0.0072) [BEST]
2026-09-13 15:01:56,808 - INFO - Epoch [  30/2000] LR: 0.000100 | Train Loss: 0.010973 (Data: 0.01095, Mono: 0.00005) | Val MSE: 0.000052 (RMSE: 0.0072) 
2026-09-13 15:01:56,887 - INFO - Epoch [  32/2000] LR: 0.000100 | Train Loss: 0.010396 (Data: 0.01038, Mono: 0.00005) | Val MSE: 0.000051 (RMSE: 0.0071) [BEST]
2026-09-13 15:01:56,930 - INFO - Epoch [  33/2000] LR: 0.000100 | Train Loss: 0.010085 (Data: 0.01007, Mono: 0.00004) | Val MSE: 0.000051 (RMSE: 0.0071) [BEST]
2026-09-13 15:01:56,970 - INFO - Epoch [  34/2000] LR: 0.000100 | Train Loss: 0.010863 (Data: 0.01084, Mono: 0.00005) | Val MSE: 0.000049 (RMSE: 0.0070) [BEST]
2026-09-13 15:01:57,012 - INFO - Epoch [  35/2000] LR: 0.000100 | Train Loss: 0.010410 (Data: 0.01039, Mono: 0.00005) | Val MSE: 0.000048 (RMSE: 0.0070) [BEST]
2026-09-13 15:01:57,201 - INFO - Epoch [  40/2000] LR: 0.000100 | Train Loss: 0.010697 (Data: 0.01068, Mono: 0.00005) | Val MSE: 0.000058 (RMSE: 0.0076) 
2026-09-13 15:01:57,579 - INFO - Epoch [  50/2000] LR: 0.000100 | Train Loss: 0.009476 (Data: 0.00946, Mono: 0.00005) | Val MSE: 0.000059 (RMSE: 0.0077) 
2026-09-13 15:01:57,949 - INFO - Epoch [  60/2000] LR: 0.000100 | Train Loss: 0.009973 (Data: 0.00995, Mono: 0.00005) | Val MSE: 0.000060 (RMSE: 0.0077) 
2026-09-13 15:01:58,328 - INFO - Epoch [  70/2000] LR: 0.000100 | Train Loss: 0.009602 (Data: 0.00958, Mono: 0.00005) | Val MSE: 0.000061 (RMSE: 0.0078) 
2026-09-13 15:01:58,755 - INFO - Epoch [  80/2000] LR: 0.000100 | Train Loss: 0.010308 (Data: 0.01029, Mono: 0.00005) | Val MSE: 0.000048 (RMSE: 0.0069) [BEST]
2026-09-13 15:01:58,805 - INFO - Epoch [  81/2000] LR: 0.000100 | Train Loss: 0.010555 (Data: 0.01053, Mono: 0.00005) | Val MSE: 0.000047 (RMSE: 0.0068) [BEST]
2026-09-13 15:01:58,846 - INFO - Epoch [  82/2000] LR: 0.000100 | Train Loss: 0.010144 (Data: 0.01012, Mono: 0.00005) | Val MSE: 0.000046 (RMSE: 0.0068) [BEST]
2026-09-13 15:01:58,887 - INFO - Epoch [  83/2000] LR: 0.000100 | Train Loss: 0.009465 (Data: 0.00945, Mono: 0.00005) | Val MSE: 0.000046 (RMSE: 0.0068) [BEST]
2026-09-13 15:01:59,146 - INFO - Epoch [  90/2000] LR: 0.000100 | Train Loss: 0.009971 (Data: 0.00995, Mono: 0.00004) | Val MSE: 0.000046 (RMSE: 0.0068) 
2026-09-13 15:01:59,196 - INFO - Epoch [  91/2000] LR: 0.000100 | Train Loss: 0.009950 (Data: 0.00993, Mono: 0.00005) | Val MSE: 0.000042 (RMSE: 0.0065) [BEST]
2026-09-13 15:01:59,535 - INFO - Epoch [ 100/2000] LR: 0.000100 | Train Loss: 0.010102 (Data: 0.01008, Mono: 0.00005) | Val MSE: 0.000073 (RMSE: 0.0085) 
2026-09-13 15:01:59,894 - INFO - Epoch [ 110/2000] LR: 0.000100 | Train Loss: 0.009694 (Data: 0.00967, Mono: 0.00005) | Val MSE: 0.000054 (RMSE: 0.0074) 
2026-09-13 15:02:00,169 - INFO - Epoch [ 117/2000] LR: 0.000100 | Train Loss: 0.008724 (Data: 0.00870, Mono: 0.00005) | Val MSE: 0.000041 (RMSE: 0.0064) [BEST]
2026-09-13 15:02:00,278 - INFO - Epoch [ 120/2000] LR: 0.000099 | Train Loss: 0.009084 (Data: 0.00907, Mono: 0.00004) | Val MSE: 0.000054 (RMSE: 0.0073) 
2026-09-13 15:02:00,617 - INFO - Epoch [ 130/2000] LR: 0.000099 | Train Loss: 0.009050 (Data: 0.00903, Mono: 0.00004) | Val MSE: 0.000056 (RMSE: 0.0075) 
2026-09-13 15:02:00,793 - INFO - Epoch [ 136/2000] LR: 0.000099 | Train Loss: 0.008727 (Data: 0.00871, Mono: 0.00004) | Val MSE: 0.000039 (RMSE: 0.0063) [BEST]
2026-09-13 15:02:00,827 - INFO - Epoch [ 137/2000] LR: 0.000099 | Train Loss: 0.008387 (Data: 0.00837, Mono: 0.00004) | Val MSE: 0.000038 (RMSE: 0.0062) [BEST]
2026-09-13 15:02:00,919 - INFO - Epoch [ 140/2000] LR: 0.000099 | Train Loss: 0.009099 (Data: 0.00908, Mono: 0.00004) | Val MSE: 0.000043 (RMSE: 0.0066) 
2026-09-13 15:02:01,214 - INFO - Epoch [ 150/2000] LR: 0.000099 | Train Loss: 0.008575 (Data: 0.00856, Mono: 0.00004) | Val MSE: 0.000047 (RMSE: 0.0069) 
2026-09-13 15:02:01,442 - INFO - Epoch [ 158/2000] LR: 0.000099 | Train Loss: 0.008277 (Data: 0.00826, Mono: 0.00005) | Val MSE: 0.000038 (RMSE: 0.0062) [BEST]
2026-09-13 15:02:01,507 - INFO - Epoch [ 160/2000] LR: 0.000099 | Train Loss: 0.009085 (Data: 0.00907, Mono: 0.00004) | Val MSE: 0.000057 (RMSE: 0.0076) 
2026-09-13 15:02:01,742 - INFO - Epoch [ 168/2000] LR: 0.000099 | Train Loss: 0.008401 (Data: 0.00838, Mono: 0.00005) | Val MSE: 0.000038 (RMSE: 0.0062) [BEST]
2026-09-13 15:02:01,803 - INFO - Epoch [ 170/2000] LR: 0.000099 | Train Loss: 0.007962 (Data: 0.00794, Mono: 0.00005) | Val MSE: 0.000044 (RMSE: 0.0067) 
2026-09-13 15:02:02,084 - INFO - Epoch [ 180/2000] LR: 0.000099 | Train Loss: 0.008217 (Data: 0.00820, Mono: 0.00004) | Val MSE: 0.000043 (RMSE: 0.0065) 
2026-09-13 15:02:02,373 - INFO - Epoch [ 190/2000] LR: 0.000098 | Train Loss: 0.008221 (Data: 0.00820, Mono: 0.00004) | Val MSE: 0.000057 (RMSE: 0.0075) 
2026-09-13 15:02:02,477 - INFO - Epoch [ 193/2000] LR: 0.000098 | Train Loss: 0.008146 (Data: 0.00813, Mono: 0.00004) | Val MSE: 0.000037 (RMSE: 0.0061) [BEST]
2026-09-13 15:02:02,677 - INFO - Epoch [ 200/2000] LR: 0.000098 | Train Loss: 0.007887 (Data: 0.00787, Mono: 0.00004) | Val MSE: 0.000056 (RMSE: 0.0075) 
2026-09-13 15:02:02,794 - INFO - Epoch [ 204/2000] LR: 0.000098 | Train Loss: 0.007849 (Data: 0.00783, Mono: 0.00004) | Val MSE: 0.000034 (RMSE: 0.0058) [BEST]
2026-09-13 15:02:02,971 - INFO - Epoch [ 210/2000] LR: 0.000098 | Train Loss: 0.007718 (Data: 0.00770, Mono: 0.00004) | Val MSE: 0.000047 (RMSE: 0.0068) 
2026-09-13 15:02:03,178 - INFO - Epoch [ 217/2000] LR: 0.000098 | Train Loss: 0.007261 (Data: 0.00725, Mono: 0.00004) | Val MSE: 0.000034 (RMSE: 0.0058) [BEST]
2026-09-13 15:02:03,273 - INFO - Epoch [ 220/2000] LR: 0.000098 | Train Loss: 0.007347 (Data: 0.00733, Mono: 0.00005) | Val MSE: 0.000034 (RMSE: 0.0058) 
2026-09-13 15:02:03,568 - INFO - Epoch [ 230/2000] LR: 0.000098 | Train Loss: 0.007280 (Data: 0.00727, Mono: 0.00003) | Val MSE: 0.000033 (RMSE: 0.0057) [BEST]
2026-09-13 15:02:03,716 - INFO - Epoch [ 235/2000] LR: 0.000097 | Train Loss: 0.006853 (Data: 0.00684, Mono: 0.00004) | Val MSE: 0.000032 (RMSE: 0.0056) [BEST]
2026-09-13 15:02:03,861 - INFO - Epoch [ 240/2000] LR: 0.000097 | Train Loss: 0.007245 (Data: 0.00723, Mono: 0.00004) | Val MSE: 0.000048 (RMSE: 0.0070) 
2026-09-13 15:02:04,146 - INFO - Epoch [ 250/2000] LR: 0.000097 | Train Loss: 0.006755 (Data: 0.00674, Mono: 0.00004) | Val MSE: 0.000045 (RMSE: 0.0067) 
2026-09-13 15:02:04,264 - INFO - Epoch [ 254/2000] LR: 0.000097 | Train Loss: 0.006686 (Data: 0.00667, Mono: 0.00004) | Val MSE: 0.000032 (RMSE: 0.0056) [BEST]
2026-09-13 15:02:04,447 - INFO - Epoch [ 260/2000] LR: 0.000097 | Train Loss: 0.006950 (Data: 0.00693, Mono: 0.00004) | Val MSE: 0.000044 (RMSE: 0.0067) 
2026-09-13 15:02:04,744 - INFO - Epoch [ 270/2000] LR: 0.000096 | Train Loss: 0.006261 (Data: 0.00624, Mono: 0.00004) | Val MSE: 0.000042 (RMSE: 0.0065) 
2026-09-13 15:02:04,944 - INFO - Epoch [ 277/2000] LR: 0.000096 | Train Loss: 0.006554 (Data: 0.00654, Mono: 0.00004) | Val MSE: 0.000032 (RMSE: 0.0056) [BEST]
2026-09-13 15:02:05,040 - INFO - Epoch [ 280/2000] LR: 0.000096 | Train Loss: 0.005950 (Data: 0.00594, Mono: 0.00003) | Val MSE: 0.000033 (RMSE: 0.0057) 
2026-09-13 15:02:05,333 - INFO - Epoch [ 290/2000] LR: 0.000096 | Train Loss: 0.006536 (Data: 0.00652, Mono: 0.00004) | Val MSE: 0.000034 (RMSE: 0.0059) 
2026-09-13 15:02:05,578 - INFO - Epoch [ 298/2000] LR: 0.000096 | Train Loss: 0.006320 (Data: 0.00630, Mono: 0.00004) | Val MSE: 0.000032 (RMSE: 0.0056) [BEST]
2026-09-13 15:02:05,607 - INFO - Epoch [ 299/2000] LR: 0.000096 | Train Loss: 0.006455 (Data: 0.00644, Mono: 0.00004) | Val MSE: 0.000031 (RMSE: 0.0056) [BEST]
2026-09-13 15:02:05,640 - INFO - Epoch [ 300/2000] LR: 0.000096 | Train Loss: 0.005902 (Data: 0.00589, Mono: 0.00004) | Val MSE: 0.000031 (RMSE: 0.0056) [BEST]
2026-09-13 15:02:05,929 - INFO - Epoch [ 310/2000] LR: 0.000095 | Train Loss: 0.006068 (Data: 0.00605, Mono: 0.00004) | Val MSE: 0.000048 (RMSE: 0.0070) 
2026-09-13 15:02:06,227 - INFO - Epoch [ 320/2000] LR: 0.000095 | Train Loss: 0.005937 (Data: 0.00592, Mono: 0.00004) | Val MSE: 0.000040 (RMSE: 0.0063) 
2026-09-13 15:02:06,434 - INFO - Epoch [ 327/2000] LR: 0.000095 | Train Loss: 0.005819 (Data: 0.00580, Mono: 0.00004) | Val MSE: 0.000031 (RMSE: 0.0055) [BEST]
2026-09-13 15:02:06,522 - INFO - Epoch [ 330/2000] LR: 0.000094 | Train Loss: 0.005801 (Data: 0.00579, Mono: 0.00004) | Val MSE: 0.000033 (RMSE: 0.0057) 
2026-09-13 15:02:06,748 - INFO - Epoch [ 338/2000] LR: 0.000094 | Train Loss: 0.005843 (Data: 0.00583, Mono: 0.00003) | Val MSE: 0.000030 (RMSE: 0.0054) [BEST]
2026-09-13 15:02:06,810 - INFO - Epoch [ 340/2000] LR: 0.000094 | Train Loss: 0.005776 (Data: 0.00576, Mono: 0.00003) | Val MSE: 0.000034 (RMSE: 0.0058) 
2026-09-13 15:02:07,112 - INFO - Epoch [ 350/2000] LR: 0.000094 | Train Loss: 0.005595 (Data: 0.00558, Mono: 0.00004) | Val MSE: 0.000029 (RMSE: 0.0053) [BEST]
2026-09-13 15:02:07,148 - INFO - Epoch [ 351/2000] LR: 0.000094 | Train Loss: 0.005796 (Data: 0.00578, Mono: 0.00004) | Val MSE: 0.000028 (RMSE: 0.0053) [BEST]
2026-09-13 15:02:07,408 - INFO - Epoch [ 360/2000] LR: 0.000093 | Train Loss: 0.005481 (Data: 0.00547, Mono: 0.00004) | Val MSE: 0.000030 (RMSE: 0.0055) 
2026-09-13 15:02:07,693 - INFO - Epoch [ 370/2000] LR: 0.000093 | Train Loss: 0.005546 (Data: 0.00553, Mono: 0.00004) | Val MSE: 0.000031 (RMSE: 0.0056) 
2026-09-13 15:02:07,977 - INFO - Epoch [ 380/2000] LR: 0.000093 | Train Loss: 0.005567 (Data: 0.00555, Mono: 0.00003) | Val MSE: 0.000028 (RMSE: 0.0053) 
2026-09-13 15:02:08,253 - INFO - Epoch [ 390/2000] LR: 0.000092 | Train Loss: 0.005454 (Data: 0.00544, Mono: 0.00003) | Val MSE: 0.000058 (RMSE: 0.0076) 
2026-09-13 15:02:08,580 - INFO - Epoch [ 400/2000] LR: 0.000092 | Train Loss: 0.005302 (Data: 0.00529, Mono: 0.00003) | Val MSE: 0.000044 (RMSE: 0.0066) 
2026-09-13 15:02:08,749 - INFO - Epoch [ 406/2000] LR: 0.000091 | Train Loss: 0.005421 (Data: 0.00540, Mono: 0.00004) | Val MSE: 0.000027 (RMSE: 0.0052) [BEST]
2026-09-13 15:02:08,788 - INFO - Epoch [ 407/2000] LR: 0.000091 | Train Loss: 0.005077 (Data: 0.00506, Mono: 0.00003) | Val MSE: 0.000027 (RMSE: 0.0052) [BEST]
2026-09-13 15:02:08,875 - INFO - Epoch [ 410/2000] LR: 0.000091 | Train Loss: 0.005173 (Data: 0.00516, Mono: 0.00003) | Val MSE: 0.000044 (RMSE: 0.0067) 
2026-09-13 15:02:09,164 - INFO - Epoch [ 420/2000] LR: 0.000091 | Train Loss: 0.005004 (Data: 0.00499, Mono: 0.00003) | Val MSE: 0.000034 (RMSE: 0.0058) 
2026-09-13 15:02:09,453 - INFO - Epoch [ 430/2000] LR: 0.000090 | Train Loss: 0.005122 (Data: 0.00511, Mono: 0.00003) | Val MSE: 0.000047 (RMSE: 0.0068) 
2026-09-13 15:02:09,623 - INFO - Epoch [ 436/2000] LR: 0.000090 | Train Loss: 0.005128 (Data: 0.00511, Mono: 0.00003) | Val MSE: 0.000027 (RMSE: 0.0052) [BEST]
2026-09-13 15:02:09,745 - INFO - Epoch [ 440/2000] LR: 0.000090 | Train Loss: 0.004989 (Data: 0.00498, Mono: 0.00004) | Val MSE: 0.000042 (RMSE: 0.0065) 
2026-09-13 15:02:09,912 - INFO - Epoch [ 445/2000] LR: 0.000090 | Train Loss: 0.005139 (Data: 0.00513, Mono: 0.00003) | Val MSE: 0.000026 (RMSE: 0.0051) [BEST]
2026-09-13 15:02:09,949 - INFO - Epoch [ 446/2000] LR: 0.000090 | Train Loss: 0.005060 (Data: 0.00505, Mono: 0.00003) | Val MSE: 0.000026 (RMSE: 0.0051) [BEST]
2026-09-13 15:02:09,983 - INFO - Epoch [ 447/2000] LR: 0.000090 | Train Loss: 0.004885 (Data: 0.00487, Mono: 0.00003) | Val MSE: 0.000026 (RMSE: 0.0051) [BEST]
2026-09-13 15:02:10,069 - INFO - Epoch [ 450/2000] LR: 0.000089 | Train Loss: 0.004845 (Data: 0.00483, Mono: 0.00003) | Val MSE: 0.000050 (RMSE: 0.0071) 
2026-09-13 15:02:10,362 - INFO - Epoch [ 460/2000] LR: 0.000089 | Train Loss: 0.005061 (Data: 0.00505, Mono: 0.00004) | Val MSE: 0.000028 (RMSE: 0.0053) 
2026-09-13 15:02:10,655 - INFO - Epoch [ 470/2000] LR: 0.000088 | Train Loss: 0.004835 (Data: 0.00482, Mono: 0.00003) | Val MSE: 0.000034 (RMSE: 0.0059) 
2026-09-13 15:02:10,940 - INFO - Epoch [ 480/2000] LR: 0.000088 | Train Loss: 0.004718 (Data: 0.00470, Mono: 0.00004) | Val MSE: 0.000043 (RMSE: 0.0066) 
2026-09-13 15:02:11,237 - INFO - Epoch [ 490/2000] LR: 0.000087 | Train Loss: 0.004907 (Data: 0.00489, Mono: 0.00004) | Val MSE: 0.000063 (RMSE: 0.0079) 
2026-09-13 15:02:11,529 - INFO - Epoch [ 500/2000] LR: 0.000087 | Train Loss: 0.004572 (Data: 0.00456, Mono: 0.00003) | Val MSE: 0.000027 (RMSE: 0.0052) 
2026-09-13 15:02:11,812 - INFO - Epoch [ 510/2000] LR: 0.000086 | Train Loss: 0.004165 (Data: 0.00415, Mono: 0.00003) | Val MSE: 0.000041 (RMSE: 0.0064) 
2026-09-13 15:02:12,108 - INFO - Epoch [ 520/2000] LR: 0.000086 | Train Loss: 0.004286 (Data: 0.00428, Mono: 0.00003) | Val MSE: 0.000048 (RMSE: 0.0069) 
2026-09-13 15:02:12,397 - INFO - Epoch [ 530/2000] LR: 0.000085 | Train Loss: 0.004305 (Data: 0.00429, Mono: 0.00003) | Val MSE: 0.000054 (RMSE: 0.0073) 
2026-09-13 15:02:12,695 - INFO - Epoch [ 540/2000] LR: 0.000085 | Train Loss: 0.004279 (Data: 0.00427, Mono: 0.00003) | Val MSE: 0.000028 (RMSE: 0.0052) 
2026-09-13 15:02:12,972 - INFO - Epoch [ 550/2000] LR: 0.000084 | Train Loss: 0.004253 (Data: 0.00424, Mono: 0.00003) | Val MSE: 0.000031 (RMSE: 0.0056) 
2026-09-13 15:02:13,260 - INFO - Epoch [ 560/2000] LR: 0.000083 | Train Loss: 0.004634 (Data: 0.00462, Mono: 0.00004) | Val MSE: 0.000030 (RMSE: 0.0055) 
2026-09-13 15:02:13,578 - INFO - Epoch [ 570/2000] LR: 0.000083 | Train Loss: 0.004123 (Data: 0.00411, Mono: 0.00003) | Val MSE: 0.000041 (RMSE: 0.0064) 
2026-09-13 15:02:13,866 - INFO - Epoch [ 580/2000] LR: 0.000082 | Train Loss: 0.004039 (Data: 0.00403, Mono: 0.00003) | Val MSE: 0.000049 (RMSE: 0.0070) 
2026-09-13 15:02:14,157 - INFO - Epoch [ 590/2000] LR: 0.000082 | Train Loss: 0.004095 (Data: 0.00408, Mono: 0.00003) | Val MSE: 0.000030 (RMSE: 0.0055) 
2026-09-13 15:02:14,455 - INFO - Epoch [ 600/2000] LR: 0.000081 | Train Loss: 0.003988 (Data: 0.00398, Mono: 0.00003) | Val MSE: 0.000043 (RMSE: 0.0066) 
2026-09-13 15:02:14,744 - INFO - Epoch [ 610/2000] LR: 0.000080 | Train Loss: 0.003706 (Data: 0.00369, Mono: 0.00003) | Val MSE: 0.000030 (RMSE: 0.0054) 
2026-09-13 15:02:15,030 - INFO - Epoch [ 620/2000] LR: 0.000080 | Train Loss: 0.003692 (Data: 0.00368, Mono: 0.00003) | Val MSE: 0.000043 (RMSE: 0.0065) 
2026-09-13 15:02:15,323 - INFO - Epoch [ 630/2000] LR: 0.000079 | Train Loss: 0.003897 (Data: 0.00388, Mono: 0.00003) | Val MSE: 0.000044 (RMSE: 0.0067) 
2026-09-13 15:02:15,614 - INFO - Epoch [ 640/2000] LR: 0.000078 | Train Loss: 0.003814 (Data: 0.00380, Mono: 0.00003) | Val MSE: 0.000061 (RMSE: 0.0078) 
2026-09-13 15:02:15,929 - INFO - Epoch [ 650/2000] LR: 0.000078 | Train Loss: 0.003751 (Data: 0.00374, Mono: 0.00003) | Val MSE: 0.000057 (RMSE: 0.0075) 
2026-09-13 15:02:16,215 - INFO - Epoch [ 660/2000] LR: 0.000077 | Train Loss: 0.003888 (Data: 0.00388, Mono: 0.00003) | Val MSE: 0.000037 (RMSE: 0.0060) 
2026-09-13 15:02:16,505 - INFO - Epoch [ 670/2000] LR: 0.000077 | Train Loss: 0.003557 (Data: 0.00355, Mono: 0.00003) | Val MSE: 0.000037 (RMSE: 0.0061) 
2026-09-13 15:02:16,801 - INFO - Epoch [ 680/2000] LR: 0.000076 | Train Loss: 0.003759 (Data: 0.00375, Mono: 0.00003) | Val MSE: 0.000034 (RMSE: 0.0058) 
2026-09-13 15:02:17,104 - INFO - Epoch [ 690/2000] LR: 0.000075 | Train Loss: 0.003793 (Data: 0.00378, Mono: 0.00003) | Val MSE: 0.000040 (RMSE: 0.0063) 
2026-09-13 15:02:17,393 - INFO - Epoch [ 700/2000] LR: 0.000074 | Train Loss: 0.003282 (Data: 0.00327, Mono: 0.00002) | Val MSE: 0.000057 (RMSE: 0.0076) 
2026-09-13 15:02:17,702 - INFO - Epoch [ 710/2000] LR: 0.000074 | Train Loss: 0.003581 (Data: 0.00357, Mono: 0.00003) | Val MSE: 0.000040 (RMSE: 0.0063) 
2026-09-13 15:02:18,013 - INFO - Epoch [ 720/2000] LR: 0.000073 | Train Loss: 0.003422 (Data: 0.00341, Mono: 0.00003) | Val MSE: 0.000038 (RMSE: 0.0061) 
2026-09-13 15:02:18,299 - INFO - Epoch [ 730/2000] LR: 0.000072 | Train Loss: 0.003459 (Data: 0.00345, Mono: 0.00003) | Val MSE: 0.000034 (RMSE: 0.0058) 
2026-09-13 15:02:18,581 - INFO - Epoch [ 740/2000] LR: 0.000072 | Train Loss: 0.003287 (Data: 0.00328, Mono: 0.00002) | Val MSE: 0.000037 (RMSE: 0.0061) 
2026-09-13 15:02:18,877 - INFO - Epoch [ 750/2000] LR: 0.000071 | Train Loss: 0.003107 (Data: 0.00310, Mono: 0.00002) | Val MSE: 0.000042 (RMSE: 0.0065) 
2026-09-13 15:02:19,157 - INFO - Epoch [ 760/2000] LR: 0.000070 | Train Loss: 0.003439 (Data: 0.00343, Mono: 0.00003) | Val MSE: 0.000046 (RMSE: 0.0068) 
2026-09-13 15:02:19,448 - INFO - Epoch [ 770/2000] LR: 0.000070 | Train Loss: 0.003181 (Data: 0.00317, Mono: 0.00003) | Val MSE: 0.000053 (RMSE: 0.0073) 
2026-09-13 15:02:19,733 - INFO - Epoch [ 780/2000] LR: 0.000069 | Train Loss: 0.003214 (Data: 0.00320, Mono: 0.00002) | Val MSE: 0.000061 (RMSE: 0.0078) 
2026-09-13 15:02:20,024 - INFO - Epoch [ 790/2000] LR: 0.000068 | Train Loss: 0.003090 (Data: 0.00308, Mono: 0.00003) | Val MSE: 0.000087 (RMSE: 0.0093) 
2026-09-13 15:02:20,313 - INFO - Epoch [ 800/2000] LR: 0.000067 | Train Loss: 0.003115 (Data: 0.00310, Mono: 0.00003) | Val MSE: 0.000043 (RMSE: 0.0066) 
2026-09-13 15:02:20,612 - INFO - Epoch [ 810/2000] LR: 0.000067 | Train Loss: 0.003211 (Data: 0.00320, Mono: 0.00003) | Val MSE: 0.000052 (RMSE: 0.0072) 
2026-09-13 15:02:20,908 - INFO - Epoch [ 820/2000] LR: 0.000066 | Train Loss: 0.003084 (Data: 0.00307, Mono: 0.00003) | Val MSE: 0.000045 (RMSE: 0.0067) 
2026-09-13 15:02:21,193 - INFO - Epoch [ 830/2000] LR: 0.000065 | Train Loss: 0.003116 (Data: 0.00311, Mono: 0.00003) | Val MSE: 0.000052 (RMSE: 0.0072) 
2026-09-13 15:02:21,482 - INFO - Epoch [ 840/2000] LR: 0.000064 | Train Loss: 0.003028 (Data: 0.00302, Mono: 0.00003) | Val MSE: 0.000061 (RMSE: 0.0078) 
2026-09-13 15:02:21,765 - INFO - Epoch [ 850/2000] LR: 0.000064 | Train Loss: 0.003183 (Data: 0.00317, Mono: 0.00003) | Val MSE: 0.000048 (RMSE: 0.0069) 
2026-09-13 15:02:22,054 - INFO - Epoch [ 860/2000] LR: 0.000063 | Train Loss: 0.003197 (Data: 0.00319, Mono: 0.00003) | Val MSE: 0.000048 (RMSE: 0.0070) 
2026-09-13 15:02:22,349 - INFO - Epoch [ 870/2000] LR: 0.000062 | Train Loss: 0.002866 (Data: 0.00285, Mono: 0.00003) | Val MSE: 0.000069 (RMSE: 0.0083) 
2026-09-13 15:02:22,640 - INFO - Epoch [ 880/2000] LR: 0.000061 | Train Loss: 0.002826 (Data: 0.00282, Mono: 0.00002) | Val MSE: 0.000047 (RMSE: 0.0068) 
2026-09-13 15:02:22,934 - INFO - Epoch [ 890/2000] LR: 0.000061 | Train Loss: 0.002754 (Data: 0.00274, Mono: 0.00002) | Val MSE: 0.000062 (RMSE: 0.0079) 
2026-09-13 15:02:23,224 - INFO - Epoch [ 900/2000] LR: 0.000060 | Train Loss: 0.002932 (Data: 0.00292, Mono: 0.00003) | Val MSE: 0.000056 (RMSE: 0.0075) 
2026-09-13 15:02:23,516 - INFO - Epoch [ 910/2000] LR: 0.000059 | Train Loss: 0.002946 (Data: 0.00294, Mono: 0.00003) | Val MSE: 0.000054 (RMSE: 0.0073) 
2026-09-13 15:02:23,809 - INFO - Epoch [ 920/2000] LR: 0.000058 | Train Loss: 0.002997 (Data: 0.00299, Mono: 0.00002) | Val MSE: 0.000054 (RMSE: 0.0074) 
2026-09-13 15:02:24,103 - INFO - Epoch [ 930/2000] LR: 0.000057 | Train Loss: 0.002891 (Data: 0.00288, Mono: 0.00002) | Val MSE: 0.000063 (RMSE: 0.0080) 
2026-09-13 15:02:24,415 - INFO - Epoch [ 940/2000] LR: 0.000057 | Train Loss: 0.002727 (Data: 0.00272, Mono: 0.00002) | Val MSE: 0.000066 (RMSE: 0.0082) 
2026-09-13 15:02:24,718 - INFO - Epoch [ 950/2000] LR: 0.000056 | Train Loss: 0.002753 (Data: 0.00274, Mono: 0.00003) | Val MSE: 0.000050 (RMSE: 0.0071) 
2026-09-13 15:02:25,009 - INFO - Epoch [ 960/2000] LR: 0.000055 | Train Loss: 0.002806 (Data: 0.00280, Mono: 0.00002) | Val MSE: 0.000050 (RMSE: 0.0071) 
2026-09-13 15:02:25,304 - INFO - Epoch [ 970/2000] LR: 0.000054 | Train Loss: 0.002676 (Data: 0.00267, Mono: 0.00002) | Val MSE: 0.000060 (RMSE: 0.0077) 
2026-09-13 15:02:25,590 - INFO - Epoch [ 980/2000] LR: 0.000054 | Train Loss: 0.002595 (Data: 0.00259, Mono: 0.00002) | Val MSE: 0.000052 (RMSE: 0.0072) 
2026-09-13 15:02:25,894 - INFO - Epoch [ 990/2000] LR: 0.000053 | Train Loss: 0.002730 (Data: 0.00272, Mono: 0.00002) | Val MSE: 0.000047 (RMSE: 0.0069) 
2026-09-13 15:02:26,183 - INFO - Epoch [1000/2000] LR: 0.000052 | Train Loss: 0.002643 (Data: 0.00263, Mono: 0.00003) | Val MSE: 0.000066 (RMSE: 0.0081) 
2026-09-13 15:02:26,471 - INFO - Epoch [1010/2000] LR: 0.000051 | Train Loss: 0.002790 (Data: 0.00278, Mono: 0.00002) | Val MSE: 0.000049 (RMSE: 0.0070) 
2026-09-13 15:02:26,768 - INFO - Epoch [1020/2000] LR: 0.000050 | Train Loss: 0.002798 (Data: 0.00279, Mono: 0.00002) | Val MSE: 0.000070 (RMSE: 0.0084) 
2026-09-13 15:02:27,083 - INFO - Epoch [1030/2000] LR: 0.000050 | Train Loss: 0.002885 (Data: 0.00288, Mono: 0.00002) | Val MSE: 0.000066 (RMSE: 0.0081) 
2026-09-13 15:02:27,392 - INFO - Epoch [1040/2000] LR: 0.000049 | Train Loss: 0.002584 (Data: 0.00258, Mono: 0.00002) | Val MSE: 0.000057 (RMSE: 0.0076) 
2026-09-13 15:02:27,763 - INFO - Epoch [1050/2000] LR: 0.000048 | Train Loss: 0.002525 (Data: 0.00251, Mono: 0.00003) | Val MSE: 0.000082 (RMSE: 0.0091) 
2026-09-13 15:02:28,100 - INFO - Epoch [1060/2000] LR: 0.000047 | Train Loss: 0.002685 (Data: 0.00268, Mono: 0.00002) | Val MSE: 0.000067 (RMSE: 0.0082) 
2026-09-13 15:02:28,452 - INFO - Epoch [1070/2000] LR: 0.000046 | Train Loss: 0.002432 (Data: 0.00242, Mono: 0.00002) | Val MSE: 0.000074 (RMSE: 0.0086) 
2026-09-13 15:02:28,809 - INFO - Epoch [1080/2000] LR: 0.000046 | Train Loss: 0.002659 (Data: 0.00265, Mono: 0.00002) | Val MSE: 0.000055 (RMSE: 0.0074) 
2026-09-13 15:02:29,169 - INFO - Epoch [1090/2000] LR: 0.000045 | Train Loss: 0.002520 (Data: 0.00251, Mono: 0.00002) | Val MSE: 0.000080 (RMSE: 0.0089) 
2026-09-13 15:02:29,518 - INFO - Epoch [1100/2000] LR: 0.000044 | Train Loss: 0.002449 (Data: 0.00244, Mono: 0.00002) | Val MSE: 0.000068 (RMSE: 0.0083) 
2026-09-13 15:02:29,886 - INFO - Epoch [1110/2000] LR: 0.000043 | Train Loss: 0.002535 (Data: 0.00253, Mono: 0.00002) | Val MSE: 0.000048 (RMSE: 0.0069) 
2026-09-13 15:02:30,250 - INFO - Epoch [1120/2000] LR: 0.000043 | Train Loss: 0.002521 (Data: 0.00251, Mono: 0.00002) | Val MSE: 0.000086 (RMSE: 0.0093) 
2026-09-13 15:02:30,590 - INFO - Epoch [1130/2000] LR: 0.000042 | Train Loss: 0.002501 (Data: 0.00249, Mono: 0.00002) | Val MSE: 0.000055 (RMSE: 0.0074) 
2026-09-13 15:02:30,952 - INFO - Epoch [1140/2000] LR: 0.000041 | Train Loss: 0.002431 (Data: 0.00242, Mono: 0.00002) | Val MSE: 0.000068 (RMSE: 0.0082) 
2026-09-13 15:02:31,282 - INFO - Epoch [1150/2000] LR: 0.000040 | Train Loss: 0.002360 (Data: 0.00235, Mono: 0.00002) | Val MSE: 0.000059 (RMSE: 0.0077) 
2026-09-13 15:02:31,651 - INFO - Epoch [1160/2000] LR: 0.000040 | Train Loss: 0.002347 (Data: 0.00234, Mono: 0.00002) | Val MSE: 0.000065 (RMSE: 0.0080) 
2026-09-13 15:02:31,988 - INFO - Epoch [1170/2000] LR: 0.000039 | Train Loss: 0.002366 (Data: 0.00236, Mono: 0.00002) | Val MSE: 0.000069 (RMSE: 0.0083) 
2026-09-13 15:02:32,319 - INFO - Epoch [1180/2000] LR: 0.000038 | Train Loss: 0.002535 (Data: 0.00253, Mono: 0.00002) | Val MSE: 0.000066 (RMSE: 0.0081) 
2026-09-13 15:02:32,664 - INFO - Epoch [1190/2000] LR: 0.000037 | Train Loss: 0.002352 (Data: 0.00234, Mono: 0.00002) | Val MSE: 0.000088 (RMSE: 0.0094) 
2026-09-13 15:02:33,006 - INFO - Epoch [1200/2000] LR: 0.000036 | Train Loss: 0.002463 (Data: 0.00245, Mono: 0.00002) | Val MSE: 0.000064 (RMSE: 0.0080) 
2026-09-13 15:02:33,340 - INFO - Epoch [1210/2000] LR: 0.000036 | Train Loss: 0.002465 (Data: 0.00246, Mono: 0.00002) | Val MSE: 0.000075 (RMSE: 0.0086) 
2026-09-13 15:02:33,688 - INFO - Epoch [1220/2000] LR: 0.000035 | Train Loss: 0.002440 (Data: 0.00243, Mono: 0.00002) | Val MSE: 0.000072 (RMSE: 0.0085) 
2026-09-13 15:02:34,024 - INFO - Epoch [1230/2000] LR: 0.000034 | Train Loss: 0.002465 (Data: 0.00246, Mono: 0.00002) | Val MSE: 0.000077 (RMSE: 0.0088) 
2026-09-13 15:02:34,344 - INFO - Epoch [1240/2000] LR: 0.000034 | Train Loss: 0.002423 (Data: 0.00241, Mono: 0.00002) | Val MSE: 0.000073 (RMSE: 0.0086) 
2026-09-13 15:02:34,633 - INFO - Epoch [1250/2000] LR: 0.000033 | Train Loss: 0.002432 (Data: 0.00242, Mono: 0.00003) | Val MSE: 0.000074 (RMSE: 0.0086) 
2026-09-13 15:02:34,919 - INFO - Epoch [1260/2000] LR: 0.000032 | Train Loss: 0.002402 (Data: 0.00239, Mono: 0.00002) | Val MSE: 0.000066 (RMSE: 0.0081) 
2026-09-13 15:02:35,226 - INFO - Epoch [1270/2000] LR: 0.000031 | Train Loss: 0.002423 (Data: 0.00241, Mono: 0.00002) | Val MSE: 0.000071 (RMSE: 0.0084) 
2026-09-13 15:02:35,557 - INFO - Epoch [1280/2000] LR: 0.000031 | Train Loss: 0.002400 (Data: 0.00239, Mono: 0.00002) | Val MSE: 0.000065 (RMSE: 0.0081) 
2026-09-13 15:02:35,874 - INFO - Epoch [1290/2000] LR: 0.000030 | Train Loss: 0.002191 (Data: 0.00218, Mono: 0.00002) | Val MSE: 0.000067 (RMSE: 0.0082) 
2026-09-13 15:02:36,211 - INFO - Epoch [1300/2000] LR: 0.000029 | Train Loss: 0.002204 (Data: 0.00219, Mono: 0.00002) | Val MSE: 0.000069 (RMSE: 0.0083) 
2026-09-13 15:02:36,536 - INFO - Epoch [1310/2000] LR: 0.000028 | Train Loss: 0.002213 (Data: 0.00220, Mono: 0.00002) | Val MSE: 0.000068 (RMSE: 0.0083) 
2026-09-13 15:02:36,867 - INFO - Epoch [1320/2000] LR: 0.000028 | Train Loss: 0.002268 (Data: 0.00226, Mono: 0.00002) | Val MSE: 0.000075 (RMSE: 0.0087) 
2026-09-13 15:02:37,207 - INFO - Epoch [1330/2000] LR: 0.000027 | Train Loss: 0.002256 (Data: 0.00225, Mono: 0.00002) | Val MSE: 0.000069 (RMSE: 0.0083) 
2026-09-13 15:02:37,525 - INFO - Epoch [1340/2000] LR: 0.000026 | Train Loss: 0.002266 (Data: 0.00226, Mono: 0.00002) | Val MSE: 0.000076 (RMSE: 0.0087) 
2026-09-13 15:02:37,872 - INFO - Epoch [1350/2000] LR: 0.000026 | Train Loss: 0.002116 (Data: 0.00211, Mono: 0.00002) | Val MSE: 0.000063 (RMSE: 0.0080) 
2026-09-13 15:02:38,212 - INFO - Epoch [1360/2000] LR: 0.000025 | Train Loss: 0.002366 (Data: 0.00236, Mono: 0.00002) | Val MSE: 0.000084 (RMSE: 0.0092) 
2026-09-13 15:02:38,532 - INFO - Epoch [1370/2000] LR: 0.000024 | Train Loss: 0.002282 (Data: 0.00227, Mono: 0.00002) | Val MSE: 0.000063 (RMSE: 0.0080) 
2026-09-13 15:02:38,852 - INFO - Epoch [1380/2000] LR: 0.000024 | Train Loss: 0.002356 (Data: 0.00235, Mono: 0.00002) | Val MSE: 0.000062 (RMSE: 0.0079) 
2026-09-13 15:02:39,177 - INFO - Epoch [1390/2000] LR: 0.000023 | Train Loss: 0.002333 (Data: 0.00232, Mono: 0.00002) | Val MSE: 0.000086 (RMSE: 0.0093) 
2026-09-13 15:02:39,508 - INFO - Epoch [1400/2000] LR: 0.000022 | Train Loss: 0.002333 (Data: 0.00233, Mono: 0.00002) | Val MSE: 0.000080 (RMSE: 0.0090) 
2026-09-13 15:02:39,868 - INFO - Epoch [1410/2000] LR: 0.000022 | Train Loss: 0.002306 (Data: 0.00230, Mono: 0.00002) | Val MSE: 0.000068 (RMSE: 0.0083) 
2026-09-13 15:02:40,260 - INFO - Epoch [1420/2000] LR: 0.000021 | Train Loss: 0.002247 (Data: 0.00224, Mono: 0.00002) | Val MSE: 0.000066 (RMSE: 0.0081) 
2026-09-13 15:02:40,582 - INFO - Epoch [1430/2000] LR: 0.000021 | Train Loss: 0.002094 (Data: 0.00208, Mono: 0.00002) | Val MSE: 0.000079 (RMSE: 0.0089) 
2026-09-13 15:02:40,905 - INFO - Epoch [1440/2000] LR: 0.000020 | Train Loss: 0.002264 (Data: 0.00226, Mono: 0.00002) | Val MSE: 0.000073 (RMSE: 0.0085) 
2026-09-13 15:02:41,261 - INFO - Epoch [1450/2000] LR: 0.000019 | Train Loss: 0.002175 (Data: 0.00217, Mono: 0.00002) | Val MSE: 0.000068 (RMSE: 0.0083) 
2026-09-13 15:02:41,609 - INFO - Epoch [1460/2000] LR: 0.000019 | Train Loss: 0.002257 (Data: 0.00225, Mono: 0.00002) | Val MSE: 0.000073 (RMSE: 0.0086) 
2026-09-13 15:02:41,953 - INFO - Epoch [1470/2000] LR: 0.000018 | Train Loss: 0.002214 (Data: 0.00220, Mono: 0.00002) | Val MSE: 0.000065 (RMSE: 0.0081) 
2026-09-13 15:02:42,319 - INFO - Epoch [1480/2000] LR: 0.000018 | Train Loss: 0.002220 (Data: 0.00221, Mono: 0.00002) | Val MSE: 0.000072 (RMSE: 0.0085) 
2026-09-13 15:02:42,659 - INFO - Epoch [1490/2000] LR: 0.000017 | Train Loss: 0.002028 (Data: 0.00202, Mono: 0.00002) | Val MSE: 0.000073 (RMSE: 0.0086) 
2026-09-13 15:02:42,990 - INFO - Epoch [1500/2000] LR: 0.000016 | Train Loss: 0.002130 (Data: 0.00212, Mono: 0.00002) | Val MSE: 0.000069 (RMSE: 0.0083) 
2026-09-13 15:02:43,358 - INFO - Epoch [1510/2000] LR: 0.000016 | Train Loss: 0.002119 (Data: 0.00211, Mono: 0.00002) | Val MSE: 0.000081 (RMSE: 0.0090) 
2026-09-13 15:02:43,716 - INFO - Epoch [1520/2000] LR: 0.000015 | Train Loss: 0.002178 (Data: 0.00217, Mono: 0.00002) | Val MSE: 0.000076 (RMSE: 0.0087) 
2026-09-13 15:02:44,060 - INFO - Epoch [1530/2000] LR: 0.000015 | Train Loss: 0.002247 (Data: 0.00224, Mono: 0.00002) | Val MSE: 0.000079 (RMSE: 0.0089) 
2026-09-13 15:02:44,414 - INFO - Epoch [1540/2000] LR: 0.000014 | Train Loss: 0.002256 (Data: 0.00225, Mono: 0.00002) | Val MSE: 0.000087 (RMSE: 0.0093) 
2026-09-13 15:02:44,773 - INFO - Epoch [1550/2000] LR: 0.000014 | Train Loss: 0.002153 (Data: 0.00214, Mono: 0.00002) | Val MSE: 0.000076 (RMSE: 0.0087) 
2026-09-13 15:02:45,115 - INFO - Epoch [1560/2000] LR: 0.000013 | Train Loss: 0.002150 (Data: 0.00214, Mono: 0.00002) | Val MSE: 0.000071 (RMSE: 0.0084) 
2026-09-13 15:02:45,474 - INFO - Epoch [1570/2000] LR: 0.000013 | Train Loss: 0.002103 (Data: 0.00210, Mono: 0.00002) | Val MSE: 0.000075 (RMSE: 0.0087) 
2026-09-13 15:02:45,832 - INFO - Epoch [1580/2000] LR: 0.000012 | Train Loss: 0.002089 (Data: 0.00208, Mono: 0.00002) | Val MSE: 0.000092 (RMSE: 0.0096) 
2026-09-13 15:02:46,192 - INFO - Epoch [1590/2000] LR: 0.000012 | Train Loss: 0.002127 (Data: 0.00212, Mono: 0.00002) | Val MSE: 0.000081 (RMSE: 0.0090) 
2026-09-13 15:02:46,548 - INFO - Epoch [1600/2000] LR: 0.000011 | Train Loss: 0.002270 (Data: 0.00226, Mono: 0.00002) | Val MSE: 0.000073 (RMSE: 0.0085) 
2026-09-13 15:02:46,904 - INFO - Epoch [1610/2000] LR: 0.000011 | Train Loss: 0.002145 (Data: 0.00214, Mono: 0.00002) | Val MSE: 0.000076 (RMSE: 0.0087) 
2026-09-13 15:02:47,238 - INFO - Epoch [1620/2000] LR: 0.000010 | Train Loss: 0.002137 (Data: 0.00213, Mono: 0.00002) | Val MSE: 0.000081 (RMSE: 0.0090) 
2026-09-13 15:02:47,581 - INFO - Epoch [1630/2000] LR: 0.000010 | Train Loss: 0.002141 (Data: 0.00213, Mono: 0.00002) | Val MSE: 0.000074 (RMSE: 0.0086) 
2026-09-13 15:02:47,932 - INFO - Epoch [1640/2000] LR: 0.000009 | Train Loss: 0.002265 (Data: 0.00226, Mono: 0.00002) | Val MSE: 0.000068 (RMSE: 0.0082) 
2026-09-13 15:02:48,258 - INFO - Epoch [1650/2000] LR: 0.000009 | Train Loss: 0.002175 (Data: 0.00217, Mono: 0.00002) | Val MSE: 0.000077 (RMSE: 0.0088) 
2026-09-13 15:02:48,613 - INFO - Epoch [1660/2000] LR: 0.000009 | Train Loss: 0.002314 (Data: 0.00230, Mono: 0.00002) | Val MSE: 0.000077 (RMSE: 0.0088) 
2026-09-13 15:02:48,943 - INFO - Epoch [1670/2000] LR: 0.000008 | Train Loss: 0.002162 (Data: 0.00215, Mono: 0.00002) | Val MSE: 0.000071 (RMSE: 0.0084) 
2026-09-13 15:02:49,286 - INFO - Epoch [1680/2000] LR: 0.000008 | Train Loss: 0.002165 (Data: 0.00216, Mono: 0.00002) | Val MSE: 0.000081 (RMSE: 0.0090) 
2026-09-13 15:02:49,603 - INFO - Epoch [1690/2000] LR: 0.000007 | Train Loss: 0.002063 (Data: 0.00206, Mono: 0.00002) | Val MSE: 0.000067 (RMSE: 0.0082) 
2026-09-13 15:02:49,923 - INFO - Epoch [1700/2000] LR: 0.000007 | Train Loss: 0.002104 (Data: 0.00210, Mono: 0.00002) | Val MSE: 0.000076 (RMSE: 0.0087) 
2026-09-13 15:02:50,240 - INFO - Epoch [1710/2000] LR: 0.000007 | Train Loss: 0.002214 (Data: 0.00221, Mono: 0.00002) | Val MSE: 0.000076 (RMSE: 0.0087) 
2026-09-13 15:02:50,597 - INFO - Epoch [1720/2000] LR: 0.000006 | Train Loss: 0.002133 (Data: 0.00213, Mono: 0.00002) | Val MSE: 0.000092 (RMSE: 0.0096) 
2026-09-13 15:02:50,918 - INFO - Epoch [1730/2000] LR: 0.000006 | Train Loss: 0.001953 (Data: 0.00195, Mono: 0.00002) | Val MSE: 0.000078 (RMSE: 0.0089) 
2026-09-13 15:02:51,235 - INFO - Epoch [1740/2000] LR: 0.000006 | Train Loss: 0.002142 (Data: 0.00213, Mono: 0.00002) | Val MSE: 0.000076 (RMSE: 0.0087) 
2026-09-13 15:02:51,573 - INFO - Epoch [1750/2000] LR: 0.000005 | Train Loss: 0.002152 (Data: 0.00214, Mono: 0.00002) | Val MSE: 0.000080 (RMSE: 0.0089) 
2026-09-13 15:02:51,916 - INFO - Epoch [1760/2000] LR: 0.000005 | Train Loss: 0.002099 (Data: 0.00209, Mono: 0.00002) | Val MSE: 0.000083 (RMSE: 0.0091) 
2026-09-13 15:02:52,261 - INFO - Epoch [1770/2000] LR: 0.000005 | Train Loss: 0.002183 (Data: 0.00217, Mono: 0.00002) | Val MSE: 0.000091 (RMSE: 0.0095) 
2026-09-13 15:02:52,581 - INFO - Epoch [1780/2000] LR: 0.000005 | Train Loss: 0.001958 (Data: 0.00195, Mono: 0.00002) | Val MSE: 0.000085 (RMSE: 0.0092) 
2026-09-13 15:02:52,928 - INFO - Epoch [1790/2000] LR: 0.000004 | Train Loss: 0.002085 (Data: 0.00208, Mono: 0.00002) | Val MSE: 0.000074 (RMSE: 0.0086) 
2026-09-13 15:02:53,254 - INFO - Epoch [1800/2000] LR: 0.000004 | Train Loss: 0.002103 (Data: 0.00210, Mono: 0.00002) | Val MSE: 0.000080 (RMSE: 0.0089) 
2026-09-13 15:02:53,588 - INFO - Epoch [1810/2000] LR: 0.000004 | Train Loss: 0.002307 (Data: 0.00230, Mono: 0.00002) | Val MSE: 0.000078 (RMSE: 0.0088) 
2026-09-13 15:02:53,940 - INFO - Epoch [1820/2000] LR: 0.000004 | Train Loss: 0.002179 (Data: 0.00217, Mono: 0.00002) | Val MSE: 0.000078 (RMSE: 0.0088) 
2026-09-13 15:02:54,255 - INFO - Epoch [1830/2000] LR: 0.000003 | Train Loss: 0.002141 (Data: 0.00213, Mono: 0.00002) | Val MSE: 0.000080 (RMSE: 0.0089) 
2026-09-13 15:02:54,595 - INFO - Epoch [1840/2000] LR: 0.000003 | Train Loss: 0.002042 (Data: 0.00203, Mono: 0.00002) | Val MSE: 0.000079 (RMSE: 0.0089) 
2026-09-13 15:02:54,924 - INFO - Epoch [1850/2000] LR: 0.000003 | Train Loss: 0.002175 (Data: 0.00217, Mono: 0.00002) | Val MSE: 0.000079 (RMSE: 0.0089) 
2026-09-13 15:02:55,277 - INFO - Epoch [1860/2000] LR: 0.000003 | Train Loss: 0.002015 (Data: 0.00201, Mono: 0.00002) | Val MSE: 0.000078 (RMSE: 0.0088) 
2026-09-13 15:02:55,629 - INFO - Epoch [1870/2000] LR: 0.000003 | Train Loss: 0.002135 (Data: 0.00212, Mono: 0.00002) | Val MSE: 0.000084 (RMSE: 0.0092) 
2026-09-13 15:02:56,019 - INFO - Epoch [1880/2000] LR: 0.000002 | Train Loss: 0.002185 (Data: 0.00218, Mono: 0.00002) | Val MSE: 0.000084 (RMSE: 0.0091) 
2026-09-13 15:02:56,312 - INFO - Epoch [1890/2000] LR: 0.000002 | Train Loss: 0.002048 (Data: 0.00204, Mono: 0.00002) | Val MSE: 0.000085 (RMSE: 0.0092) 
2026-09-13 15:02:56,654 - INFO - Epoch [1900/2000] LR: 0.000002 | Train Loss: 0.002131 (Data: 0.00212, Mono: 0.00002) | Val MSE: 0.000082 (RMSE: 0.0091) 
2026-09-13 15:02:56,991 - INFO - Epoch [1910/2000] LR: 0.000002 | Train Loss: 0.002034 (Data: 0.00203, Mono: 0.00002) | Val MSE: 0.000083 (RMSE: 0.0091) 
2026-09-13 15:02:57,356 - INFO - Epoch [1920/2000] LR: 0.000002 | Train Loss: 0.002058 (Data: 0.00205, Mono: 0.00002) | Val MSE: 0.000081 (RMSE: 0.0090) 
2026-09-13 15:02:57,705 - INFO - Epoch [1930/2000] LR: 0.000002 | Train Loss: 0.002145 (Data: 0.00214, Mono: 0.00002) | Val MSE: 0.000079 (RMSE: 0.0089) 
2026-09-13 15:02:58,051 - INFO - Epoch [1940/2000] LR: 0.000002 | Train Loss: 0.002176 (Data: 0.00217, Mono: 0.00002) | Val MSE: 0.000081 (RMSE: 0.0090) 
2026-09-13 15:02:58,416 - INFO - Epoch [1950/2000] LR: 0.000002 | Train Loss: 0.002127 (Data: 0.00212, Mono: 0.00002) | Val MSE: 0.000081 (RMSE: 0.0090) 
2026-09-13 15:02:58,778 - INFO - Epoch [1960/2000] LR: 0.000002 | Train Loss: 0.002239 (Data: 0.00223, Mono: 0.00002) | Val MSE: 0.000079 (RMSE: 0.0089) 
2026-09-13 15:02:59,123 - INFO - Epoch [1970/2000] LR: 0.000002 | Train Loss: 0.002091 (Data: 0.00208, Mono: 0.00002) | Val MSE: 0.000079 (RMSE: 0.0089) 
2026-09-13 15:02:59,495 - INFO - Epoch [1980/2000] LR: 0.000002 | Train Loss: 0.002170 (Data: 0.00216, Mono: 0.00002) | Val MSE: 0.000078 (RMSE: 0.0089) 
2026-09-13 15:02:59,849 - INFO - Epoch [1990/2000] LR: 0.000002 | Train Loss: 0.002110 (Data: 0.00210, Mono: 0.00002) | Val MSE: 0.000077 (RMSE: 0.0088) 
2026-09-13 15:03:00,191 - INFO - Epoch [2000/2000] LR: 0.000002 | Train Loss: 0.002165 (Data: 0.00216, Mono: 0.00002) | Val MSE: 0.000077 (RMSE: 0.0088) 
2026-09-13 15:03:00,191 - INFO - Training completed in 64.66s. Loading best checkpoint from epoch 447 for final test evaluation...
2026-09-13 15:03:00,208 - INFO - ==================================================
2026-09-13 15:03:00,208 - INFO - Test Results for [XJTU] - [RW] (Best Epoch 447):
2026-09-13 15:03:00,208 - INFO -   Test RMSE: 0.008814
2026-09-13 15:03:00,208 - INFO -   Test MAE:  0.006244
2026-09-13 15:03:00,208 - INFO -   Test MAPE: 0.684334
2026-09-13 15:03:00,208 - INFO -   Test MSE:  0.000078
2026-09-13 15:03:00,208 - INFO - ==================================================
2026-09-13 15:11:51,414 - INFO - ==================================================
2026-09-13 15:11:51,415 - INFO - Starting FusionMLP Training for [XJTU] - [RW]
2026-09-13 15:11:51,415 - INFO - Device: cuda | Epochs: 2000 | LR: 0.000100 | Mono Weight: 0.4000 | Knee Feature: True
2026-09-13 15:11:51,415 - INFO - ==================================================
2026-09-13 15:11:51,477 - INFO - Data Splits: Train=5, Val=1, Test=2
2026-09-13 15:11:51,564 - INFO - Epoch [   1/2000] LR: 0.006063 | Train Loss: 2.241028 (Data: 2.24101, Mono: 0.00004) | Val MSE: 0.912633 (RMSE: 0.9553) [BEST]
2026-09-13 15:11:51,605 - INFO - Epoch [   2/2000] LR: 0.005857 | Train Loss: 0.853375 (Data: 0.85336, Mono: 0.00004) | Val MSE: 0.788900 (RMSE: 0.8882) [BEST]
2026-09-13 15:11:51,719 - INFO - Epoch [   5/2000] LR: 0.005240 | Train Loss: 0.793320 (Data: 0.79330, Mono: 0.00005) | Val MSE: 0.775145 (RMSE: 0.8804) [BEST]
2026-09-13 15:11:51,840 - INFO - Epoch [   8/2000] LR: 0.004623 | Train Loss: 0.770194 (Data: 0.77018, Mono: 0.00003) | Val MSE: 0.761103 (RMSE: 0.8724) [BEST]
2026-09-13 15:11:51,882 - INFO - Epoch [   9/2000] LR: 0.004418 | Train Loss: 0.760393 (Data: 0.76038, Mono: 0.00003) | Val MSE: 0.753495 (RMSE: 0.8680) [BEST]
2026-09-13 15:11:51,933 - INFO - Epoch [  10/2000] LR: 0.004212 | Train Loss: 0.747511 (Data: 0.74749, Mono: 0.00005) | Val MSE: 0.731897 (RMSE: 0.8555) [BEST]
2026-09-13 15:11:51,974 - INFO - Epoch [  11/2000] LR: 0.004007 | Train Loss: 0.594848 (Data: 0.59482, Mono: 0.00007) | Val MSE: 0.213404 (RMSE: 0.4620) [BEST]
2026-09-13 15:11:52,058 - INFO - Epoch [  13/2000] LR: 0.003595 | Train Loss: 0.127695 (Data: 0.12767, Mono: 0.00007) | Val MSE: 0.109143 (RMSE: 0.3304) [BEST]
2026-09-13 15:11:52,099 - INFO - Epoch [  14/2000] LR: 0.003390 | Train Loss: 0.078820 (Data: 0.07880, Mono: 0.00006) | Val MSE: 0.050690 (RMSE: 0.2251) [BEST]
2026-09-13 15:11:52,146 - INFO - Epoch [  15/2000] LR: 0.003184 | Train Loss: 0.042053 (Data: 0.04203, Mono: 0.00006) | Val MSE: 0.040407 (RMSE: 0.2010) [BEST]
2026-09-13 15:11:52,188 - INFO - Epoch [  16/2000] LR: 0.002979 | Train Loss: 0.029541 (Data: 0.02952, Mono: 0.00005) | Val MSE: 0.020309 (RMSE: 0.1425) [BEST]
2026-09-13 15:11:52,230 - INFO - Epoch [  17/2000] LR: 0.002773 | Train Loss: 0.021784 (Data: 0.02177, Mono: 0.00005) | Val MSE: 0.006450 (RMSE: 0.0803) [BEST]
2026-09-13 15:11:52,273 - INFO - Epoch [  18/2000] LR: 0.002567 | Train Loss: 0.018994 (Data: 0.01897, Mono: 0.00005) | Val MSE: 0.000414 (RMSE: 0.0203) [BEST]
2026-09-13 15:11:52,346 - INFO - Epoch [  20/2000] LR: 0.002156 | Train Loss: 0.011173 (Data: 0.01116, Mono: 0.00004) | Val MSE: 0.002841 (RMSE: 0.0533) 
2026-09-13 15:11:52,394 - INFO - Epoch [  21/2000] LR: 0.001950 | Train Loss: 0.011196 (Data: 0.01118, Mono: 0.00005) | Val MSE: 0.000391 (RMSE: 0.0198) [BEST]
2026-09-13 15:11:52,592 - INFO - Epoch [  26/2000] LR: 0.000922 | Train Loss: 0.008940 (Data: 0.00892, Mono: 0.00004) | Val MSE: 0.000323 (RMSE: 0.0180) [BEST]
2026-09-13 15:11:52,751 - INFO - Epoch [  30/2000] LR: 0.000100 | Train Loss: 0.008876 (Data: 0.00886, Mono: 0.00005) | Val MSE: 0.000358 (RMSE: 0.0189) 
2026-09-13 15:11:53,137 - INFO - Epoch [  40/2000] LR: 0.000100 | Train Loss: 0.008869 (Data: 0.00885, Mono: 0.00004) | Val MSE: 0.000382 (RMSE: 0.0195) 
2026-09-13 15:11:53,522 - INFO - Epoch [  50/2000] LR: 0.000100 | Train Loss: 0.008782 (Data: 0.00876, Mono: 0.00005) | Val MSE: 0.000382 (RMSE: 0.0196) 
2026-09-13 15:11:53,921 - INFO - Epoch [  60/2000] LR: 0.000100 | Train Loss: 0.008797 (Data: 0.00878, Mono: 0.00005) | Val MSE: 0.000324 (RMSE: 0.0180) 
2026-09-13 15:11:54,330 - INFO - Epoch [  70/2000] LR: 0.000100 | Train Loss: 0.009204 (Data: 0.00919, Mono: 0.00004) | Val MSE: 0.000380 (RMSE: 0.0195) 
2026-09-13 15:11:54,474 - INFO - Epoch [  73/2000] LR: 0.000100 | Train Loss: 0.008302 (Data: 0.00829, Mono: 0.00004) | Val MSE: 0.000323 (RMSE: 0.0180) [BEST]
2026-09-13 15:11:54,523 - INFO - Epoch [  74/2000] LR: 0.000100 | Train Loss: 0.008554 (Data: 0.00854, Mono: 0.00004) | Val MSE: 0.000320 (RMSE: 0.0179) [BEST]
2026-09-13 15:11:54,565 - INFO - Epoch [  75/2000] LR: 0.000100 | Train Loss: 0.008725 (Data: 0.00871, Mono: 0.00004) | Val MSE: 0.000317 (RMSE: 0.0178) [BEST]
2026-09-13 15:11:54,768 - INFO - Epoch [  80/2000] LR: 0.000100 | Train Loss: 0.008553 (Data: 0.00853, Mono: 0.00005) | Val MSE: 0.000370 (RMSE: 0.0192) 
2026-09-13 15:11:55,164 - INFO - Epoch [  90/2000] LR: 0.000100 | Train Loss: 0.008264 (Data: 0.00824, Mono: 0.00005) | Val MSE: 0.000349 (RMSE: 0.0187) 
2026-09-13 15:11:55,319 - INFO - Epoch [  94/2000] LR: 0.000100 | Train Loss: 0.008255 (Data: 0.00824, Mono: 0.00004) | Val MSE: 0.000316 (RMSE: 0.0178) [BEST]
2026-09-13 15:11:55,556 - INFO - Epoch [ 100/2000] LR: 0.000100 | Train Loss: 0.008196 (Data: 0.00818, Mono: 0.00005) | Val MSE: 0.000362 (RMSE: 0.0190) 
2026-09-13 15:11:55,935 - INFO - Epoch [ 110/2000] LR: 0.000100 | Train Loss: 0.007693 (Data: 0.00768, Mono: 0.00004) | Val MSE: 0.000320 (RMSE: 0.0179) 
2026-09-13 15:11:56,022 - INFO - Epoch [ 112/2000] LR: 0.000100 | Train Loss: 0.007982 (Data: 0.00797, Mono: 0.00004) | Val MSE: 0.000316 (RMSE: 0.0178) [BEST]
2026-09-13 15:11:56,064 - INFO - Epoch [ 113/2000] LR: 0.000100 | Train Loss: 0.007408 (Data: 0.00739, Mono: 0.00004) | Val MSE: 0.000305 (RMSE: 0.0175) [BEST]
2026-09-13 15:11:56,135 - INFO - Epoch [ 115/2000] LR: 0.000100 | Train Loss: 0.008159 (Data: 0.00814, Mono: 0.00005) | Val MSE: 0.000305 (RMSE: 0.0175) [BEST]
2026-09-13 15:11:56,180 - INFO - Epoch [ 116/2000] LR: 0.000100 | Train Loss: 0.007949 (Data: 0.00793, Mono: 0.00004) | Val MSE: 0.000292 (RMSE: 0.0171) [BEST]
2026-09-13 15:11:56,218 - INFO - Epoch [ 117/2000] LR: 0.000100 | Train Loss: 0.008131 (Data: 0.00811, Mono: 0.00005) | Val MSE: 0.000286 (RMSE: 0.0169) [BEST]
2026-09-13 15:11:56,310 - INFO - Epoch [ 120/2000] LR: 0.000099 | Train Loss: 0.007557 (Data: 0.00754, Mono: 0.00005) | Val MSE: 0.000336 (RMSE: 0.0183) 
2026-09-13 15:11:56,598 - INFO - Epoch [ 130/2000] LR: 0.000099 | Train Loss: 0.007338 (Data: 0.00732, Mono: 0.00004) | Val MSE: 0.000296 (RMSE: 0.0172) 
2026-09-13 15:11:56,882 - INFO - Epoch [ 140/2000] LR: 0.000099 | Train Loss: 0.007420 (Data: 0.00740, Mono: 0.00004) | Val MSE: 0.000290 (RMSE: 0.0170) 
2026-09-13 15:11:56,917 - INFO - Epoch [ 141/2000] LR: 0.000099 | Train Loss: 0.007543 (Data: 0.00753, Mono: 0.00004) | Val MSE: 0.000284 (RMSE: 0.0168) [BEST]
2026-09-13 15:11:57,189 - INFO - Epoch [ 150/2000] LR: 0.000099 | Train Loss: 0.007253 (Data: 0.00724, Mono: 0.00004) | Val MSE: 0.000300 (RMSE: 0.0173) 
2026-09-13 15:11:57,226 - INFO - Epoch [ 151/2000] LR: 0.000099 | Train Loss: 0.006771 (Data: 0.00675, Mono: 0.00004) | Val MSE: 0.000283 (RMSE: 0.0168) [BEST]
2026-09-13 15:11:57,258 - INFO - Epoch [ 152/2000] LR: 0.000099 | Train Loss: 0.007633 (Data: 0.00761, Mono: 0.00005) | Val MSE: 0.000268 (RMSE: 0.0164) [BEST]
2026-09-13 15:11:57,291 - INFO - Epoch [ 153/2000] LR: 0.000099 | Train Loss: 0.007018 (Data: 0.00700, Mono: 0.00005) | Val MSE: 0.000263 (RMSE: 0.0162) [BEST]
2026-09-13 15:11:57,325 - INFO - Epoch [ 154/2000] LR: 0.000099 | Train Loss: 0.007672 (Data: 0.00765, Mono: 0.00004) | Val MSE: 0.000262 (RMSE: 0.0162) [BEST]
2026-09-13 15:11:57,506 - INFO - Epoch [ 160/2000] LR: 0.000099 | Train Loss: 0.006918 (Data: 0.00690, Mono: 0.00004) | Val MSE: 0.000267 (RMSE: 0.0163) 
2026-09-13 15:11:57,677 - INFO - Epoch [ 166/2000] LR: 0.000099 | Train Loss: 0.007180 (Data: 0.00716, Mono: 0.00005) | Val MSE: 0.000251 (RMSE: 0.0159) [BEST]
2026-09-13 15:11:57,712 - INFO - Epoch [ 167/2000] LR: 0.000099 | Train Loss: 0.006906 (Data: 0.00689, Mono: 0.00004) | Val MSE: 0.000246 (RMSE: 0.0157) [BEST]
2026-09-13 15:11:57,740 - INFO - Epoch [ 168/2000] LR: 0.000099 | Train Loss: 0.006490 (Data: 0.00647, Mono: 0.00004) | Val MSE: 0.000246 (RMSE: 0.0157) [BEST]
2026-09-13 15:11:57,776 - INFO - Epoch [ 169/2000] LR: 0.000099 | Train Loss: 0.007043 (Data: 0.00702, Mono: 0.00005) | Val MSE: 0.000244 (RMSE: 0.0156) [BEST]
2026-09-13 15:11:57,807 - INFO - Epoch [ 170/2000] LR: 0.000099 | Train Loss: 0.006926 (Data: 0.00691, Mono: 0.00004) | Val MSE: 0.000251 (RMSE: 0.0159) 
2026-09-13 15:11:58,066 - INFO - Epoch [ 179/2000] LR: 0.000099 | Train Loss: 0.006513 (Data: 0.00650, Mono: 0.00004) | Val MSE: 0.000231 (RMSE: 0.0152) [BEST]
2026-09-13 15:11:58,096 - INFO - Epoch [ 180/2000] LR: 0.000099 | Train Loss: 0.006873 (Data: 0.00686, Mono: 0.00004) | Val MSE: 0.000237 (RMSE: 0.0154) 
2026-09-13 15:11:58,386 - INFO - Epoch [ 190/2000] LR: 0.000098 | Train Loss: 0.006644 (Data: 0.00663, Mono: 0.00003) | Val MSE: 0.000252 (RMSE: 0.0159) 
2026-09-13 15:11:58,477 - INFO - Epoch [ 193/2000] LR: 0.000098 | Train Loss: 0.006340 (Data: 0.00632, Mono: 0.00004) | Val MSE: 0.000218 (RMSE: 0.0148) [BEST]
2026-09-13 15:11:58,676 - INFO - Epoch [ 200/2000] LR: 0.000098 | Train Loss: 0.007007 (Data: 0.00699, Mono: 0.00004) | Val MSE: 0.000253 (RMSE: 0.0159) 
2026-09-13 15:11:58,768 - INFO - Epoch [ 203/2000] LR: 0.000098 | Train Loss: 0.006201 (Data: 0.00619, Mono: 0.00004) | Val MSE: 0.000217 (RMSE: 0.0147) [BEST]
2026-09-13 15:11:58,975 - INFO - Epoch [ 210/2000] LR: 0.000098 | Train Loss: 0.006157 (Data: 0.00614, Mono: 0.00004) | Val MSE: 0.000295 (RMSE: 0.0172) 
2026-09-13 15:11:59,121 - INFO - Epoch [ 215/2000] LR: 0.000098 | Train Loss: 0.006287 (Data: 0.00627, Mono: 0.00004) | Val MSE: 0.000217 (RMSE: 0.0147) [BEST]
2026-09-13 15:11:59,156 - INFO - Epoch [ 216/2000] LR: 0.000098 | Train Loss: 0.006145 (Data: 0.00613, Mono: 0.00004) | Val MSE: 0.000208 (RMSE: 0.0144) [BEST]
2026-09-13 15:11:59,276 - INFO - Epoch [ 220/2000] LR: 0.000098 | Train Loss: 0.005952 (Data: 0.00594, Mono: 0.00004) | Val MSE: 0.000260 (RMSE: 0.0161) 
2026-09-13 15:11:59,567 - INFO - Epoch [ 230/2000] LR: 0.000098 | Train Loss: 0.006015 (Data: 0.00600, Mono: 0.00003) | Val MSE: 0.000233 (RMSE: 0.0153) 
2026-09-13 15:11:59,706 - INFO - Epoch [ 235/2000] LR: 0.000097 | Train Loss: 0.005867 (Data: 0.00585, Mono: 0.00004) | Val MSE: 0.000205 (RMSE: 0.0143) [BEST]
2026-09-13 15:11:59,830 - INFO - Epoch [ 239/2000] LR: 0.000097 | Train Loss: 0.006106 (Data: 0.00609, Mono: 0.00004) | Val MSE: 0.000197 (RMSE: 0.0140) [BEST]
2026-09-13 15:11:59,864 - INFO - Epoch [ 240/2000] LR: 0.000097 | Train Loss: 0.005759 (Data: 0.00574, Mono: 0.00004) | Val MSE: 0.000200 (RMSE: 0.0142) 
2026-09-13 15:12:00,160 - INFO - Epoch [ 250/2000] LR: 0.000097 | Train Loss: 0.005944 (Data: 0.00593, Mono: 0.00004) | Val MSE: 0.000234 (RMSE: 0.0153) 
2026-09-13 15:12:00,302 - INFO - Epoch [ 255/2000] LR: 0.000097 | Train Loss: 0.005856 (Data: 0.00584, Mono: 0.00003) | Val MSE: 0.000185 (RMSE: 0.0136) [BEST]
2026-09-13 15:12:00,337 - INFO - Epoch [ 256/2000] LR: 0.000097 | Train Loss: 0.005514 (Data: 0.00550, Mono: 0.00004) | Val MSE: 0.000178 (RMSE: 0.0133) [BEST]
2026-09-13 15:12:00,458 - INFO - Epoch [ 260/2000] LR: 0.000097 | Train Loss: 0.005476 (Data: 0.00546, Mono: 0.00004) | Val MSE: 0.000207 (RMSE: 0.0144) 
2026-09-13 15:12:00,739 - INFO - Epoch [ 270/2000] LR: 0.000096 | Train Loss: 0.005747 (Data: 0.00573, Mono: 0.00004) | Val MSE: 0.000168 (RMSE: 0.0130) [BEST]
2026-09-13 15:12:00,773 - INFO - Epoch [ 271/2000] LR: 0.000096 | Train Loss: 0.005301 (Data: 0.00529, Mono: 0.00004) | Val MSE: 0.000164 (RMSE: 0.0128) [BEST]
2026-09-13 15:12:01,030 - INFO - Epoch [ 280/2000] LR: 0.000096 | Train Loss: 0.004989 (Data: 0.00498, Mono: 0.00003) | Val MSE: 0.000185 (RMSE: 0.0136) 
2026-09-13 15:12:01,323 - INFO - Epoch [ 290/2000] LR: 0.000096 | Train Loss: 0.005273 (Data: 0.00526, Mono: 0.00004) | Val MSE: 0.000164 (RMSE: 0.0128) 
2026-09-13 15:12:01,355 - INFO - Epoch [ 291/2000] LR: 0.000096 | Train Loss: 0.004935 (Data: 0.00492, Mono: 0.00004) | Val MSE: 0.000162 (RMSE: 0.0127) [BEST]
2026-09-13 15:12:01,530 - INFO - Epoch [ 297/2000] LR: 0.000096 | Train Loss: 0.004822 (Data: 0.00481, Mono: 0.00004) | Val MSE: 0.000160 (RMSE: 0.0127) [BEST]
2026-09-13 15:12:01,619 - INFO - Epoch [ 300/2000] LR: 0.000096 | Train Loss: 0.004789 (Data: 0.00478, Mono: 0.00003) | Val MSE: 0.000213 (RMSE: 0.0146) 
2026-09-13 15:12:01,908 - INFO - Epoch [ 310/2000] LR: 0.000095 | Train Loss: 0.004784 (Data: 0.00477, Mono: 0.00004) | Val MSE: 0.000158 (RMSE: 0.0126) [BEST]
2026-09-13 15:12:02,083 - INFO - Epoch [ 316/2000] LR: 0.000095 | Train Loss: 0.005026 (Data: 0.00501, Mono: 0.00004) | Val MSE: 0.000146 (RMSE: 0.0121) [BEST]
2026-09-13 15:12:02,119 - INFO - Epoch [ 317/2000] LR: 0.000095 | Train Loss: 0.004451 (Data: 0.00444, Mono: 0.00003) | Val MSE: 0.000138 (RMSE: 0.0118) [BEST]
2026-09-13 15:12:02,152 - INFO - Epoch [ 318/2000] LR: 0.000095 | Train Loss: 0.004840 (Data: 0.00483, Mono: 0.00004) | Val MSE: 0.000136 (RMSE: 0.0117) [BEST]
2026-09-13 15:12:02,214 - INFO - Epoch [ 320/2000] LR: 0.000095 | Train Loss: 0.004966 (Data: 0.00495, Mono: 0.00003) | Val MSE: 0.000149 (RMSE: 0.0122) 
2026-09-13 15:12:02,390 - INFO - Epoch [ 326/2000] LR: 0.000095 | Train Loss: 0.004731 (Data: 0.00472, Mono: 0.00004) | Val MSE: 0.000133 (RMSE: 0.0115) [BEST]
2026-09-13 15:12:02,509 - INFO - Epoch [ 330/2000] LR: 0.000094 | Train Loss: 0.004554 (Data: 0.00454, Mono: 0.00004) | Val MSE: 0.000152 (RMSE: 0.0123) 
2026-09-13 15:12:02,792 - INFO - Epoch [ 340/2000] LR: 0.000094 | Train Loss: 0.004450 (Data: 0.00444, Mono: 0.00003) | Val MSE: 0.000146 (RMSE: 0.0121) 
2026-09-13 15:12:03,084 - INFO - Epoch [ 350/2000] LR: 0.000094 | Train Loss: 0.004427 (Data: 0.00442, Mono: 0.00003) | Val MSE: 0.000173 (RMSE: 0.0131) 
2026-09-13 15:12:03,381 - INFO - Epoch [ 360/2000] LR: 0.000093 | Train Loss: 0.004298 (Data: 0.00428, Mono: 0.00003) | Val MSE: 0.000167 (RMSE: 0.0129) 
2026-09-13 15:12:03,682 - INFO - Epoch [ 369/2000] LR: 0.000093 | Train Loss: 0.004190 (Data: 0.00418, Mono: 0.00003) | Val MSE: 0.000124 (RMSE: 0.0112) [BEST]
2026-09-13 15:12:03,713 - INFO - Epoch [ 370/2000] LR: 0.000093 | Train Loss: 0.004341 (Data: 0.00433, Mono: 0.00004) | Val MSE: 0.000137 (RMSE: 0.0117) 
2026-09-13 15:12:04,030 - INFO - Epoch [ 380/2000] LR: 0.000093 | Train Loss: 0.004125 (Data: 0.00411, Mono: 0.00003) | Val MSE: 0.000151 (RMSE: 0.0123) 
2026-09-13 15:12:04,347 - INFO - Epoch [ 390/2000] LR: 0.000092 | Train Loss: 0.004013 (Data: 0.00400, Mono: 0.00003) | Val MSE: 0.000127 (RMSE: 0.0113) 
2026-09-13 15:12:04,522 - INFO - Epoch [ 396/2000] LR: 0.000092 | Train Loss: 0.004057 (Data: 0.00404, Mono: 0.00003) | Val MSE: 0.000101 (RMSE: 0.0101) [BEST]
2026-09-13 15:12:04,642 - INFO - Epoch [ 400/2000] LR: 0.000092 | Train Loss: 0.004215 (Data: 0.00420, Mono: 0.00003) | Val MSE: 0.000168 (RMSE: 0.0130) 
2026-09-13 15:12:04,930 - INFO - Epoch [ 410/2000] LR: 0.000091 | Train Loss: 0.003747 (Data: 0.00373, Mono: 0.00003) | Val MSE: 0.000103 (RMSE: 0.0102) 
2026-09-13 15:12:05,139 - INFO - Epoch [ 417/2000] LR: 0.000091 | Train Loss: 0.003731 (Data: 0.00372, Mono: 0.00003) | Val MSE: 0.000101 (RMSE: 0.0100) [BEST]
2026-09-13 15:12:05,232 - INFO - Epoch [ 420/2000] LR: 0.000091 | Train Loss: 0.003681 (Data: 0.00367, Mono: 0.00003) | Val MSE: 0.000152 (RMSE: 0.0123) 
2026-09-13 15:12:05,354 - INFO - Epoch [ 424/2000] LR: 0.000091 | Train Loss: 0.003794 (Data: 0.00378, Mono: 0.00003) | Val MSE: 0.000095 (RMSE: 0.0097) [BEST]
2026-09-13 15:12:05,537 - INFO - Epoch [ 430/2000] LR: 0.000090 | Train Loss: 0.003723 (Data: 0.00371, Mono: 0.00003) | Val MSE: 0.000104 (RMSE: 0.0102) 
2026-09-13 15:12:05,748 - INFO - Epoch [ 437/2000] LR: 0.000090 | Train Loss: 0.003513 (Data: 0.00350, Mono: 0.00003) | Val MSE: 0.000093 (RMSE: 0.0096) [BEST]
2026-09-13 15:12:05,837 - INFO - Epoch [ 440/2000] LR: 0.000090 | Train Loss: 0.003642 (Data: 0.00363, Mono: 0.00003) | Val MSE: 0.000138 (RMSE: 0.0118) 
2026-09-13 15:12:05,901 - INFO - Epoch [ 442/2000] LR: 0.000090 | Train Loss: 0.003616 (Data: 0.00361, Mono: 0.00002) | Val MSE: 0.000088 (RMSE: 0.0094) [BEST]
2026-09-13 15:12:05,934 - INFO - Epoch [ 443/2000] LR: 0.000090 | Train Loss: 0.003573 (Data: 0.00356, Mono: 0.00003) | Val MSE: 0.000085 (RMSE: 0.0092) [BEST]
2026-09-13 15:12:05,964 - INFO - Epoch [ 444/2000] LR: 0.000090 | Train Loss: 0.003552 (Data: 0.00354, Mono: 0.00003) | Val MSE: 0.000085 (RMSE: 0.0092) [BEST]
2026-09-13 15:12:06,142 - INFO - Epoch [ 450/2000] LR: 0.000089 | Train Loss: 0.003570 (Data: 0.00356, Mono: 0.00003) | Val MSE: 0.000107 (RMSE: 0.0103) 
2026-09-13 15:12:06,432 - INFO - Epoch [ 460/2000] LR: 0.000089 | Train Loss: 0.003700 (Data: 0.00369, Mono: 0.00003) | Val MSE: 0.000093 (RMSE: 0.0096) 
2026-09-13 15:12:06,729 - INFO - Epoch [ 470/2000] LR: 0.000088 | Train Loss: 0.003492 (Data: 0.00348, Mono: 0.00003) | Val MSE: 0.000111 (RMSE: 0.0105) 
2026-09-13 15:12:06,813 - INFO - Epoch [ 473/2000] LR: 0.000088 | Train Loss: 0.003375 (Data: 0.00336, Mono: 0.00003) | Val MSE: 0.000080 (RMSE: 0.0089) [BEST]
2026-09-13 15:12:06,853 - INFO - Epoch [ 474/2000] LR: 0.000088 | Train Loss: 0.003501 (Data: 0.00349, Mono: 0.00003) | Val MSE: 0.000077 (RMSE: 0.0088) [BEST]
2026-09-13 15:12:07,028 - INFO - Epoch [ 480/2000] LR: 0.000088 | Train Loss: 0.003348 (Data: 0.00334, Mono: 0.00003) | Val MSE: 0.000102 (RMSE: 0.0101) 
2026-09-13 15:12:07,325 - INFO - Epoch [ 490/2000] LR: 0.000087 | Train Loss: 0.003269 (Data: 0.00326, Mono: 0.00003) | Val MSE: 0.000086 (RMSE: 0.0093) 
2026-09-13 15:12:07,604 - INFO - Epoch [ 500/2000] LR: 0.000087 | Train Loss: 0.003374 (Data: 0.00336, Mono: 0.00003) | Val MSE: 0.000083 (RMSE: 0.0091) 
2026-09-13 15:12:07,643 - INFO - Epoch [ 501/2000] LR: 0.000087 | Train Loss: 0.002978 (Data: 0.00297, Mono: 0.00003) | Val MSE: 0.000074 (RMSE: 0.0086) [BEST]
2026-09-13 15:12:07,764 - INFO - Epoch [ 505/2000] LR: 0.000087 | Train Loss: 0.003079 (Data: 0.00307, Mono: 0.00002) | Val MSE: 0.000070 (RMSE: 0.0084) [BEST]
2026-09-13 15:12:07,907 - INFO - Epoch [ 510/2000] LR: 0.000086 | Train Loss: 0.003324 (Data: 0.00331, Mono: 0.00002) | Val MSE: 0.000096 (RMSE: 0.0098) 
2026-09-13 15:12:08,054 - INFO - Epoch [ 515/2000] LR: 0.000086 | Train Loss: 0.003270 (Data: 0.00326, Mono: 0.00003) | Val MSE: 0.000069 (RMSE: 0.0083) [BEST]
2026-09-13 15:12:08,094 - INFO - Epoch [ 516/2000] LR: 0.000086 | Train Loss: 0.003022 (Data: 0.00301, Mono: 0.00003) | Val MSE: 0.000065 (RMSE: 0.0081) [BEST]
2026-09-13 15:12:08,209 - INFO - Epoch [ 520/2000] LR: 0.000086 | Train Loss: 0.003256 (Data: 0.00325, Mono: 0.00003) | Val MSE: 0.000105 (RMSE: 0.0102) 
2026-09-13 15:12:08,492 - INFO - Epoch [ 530/2000] LR: 0.000085 | Train Loss: 0.002963 (Data: 0.00295, Mono: 0.00002) | Val MSE: 0.000066 (RMSE: 0.0081) 
2026-09-13 15:12:08,782 - INFO - Epoch [ 540/2000] LR: 0.000085 | Train Loss: 0.003098 (Data: 0.00309, Mono: 0.00003) | Val MSE: 0.000103 (RMSE: 0.0101) 
2026-09-13 15:12:08,870 - INFO - Epoch [ 543/2000] LR: 0.000084 | Train Loss: 0.003072 (Data: 0.00306, Mono: 0.00003) | Val MSE: 0.000062 (RMSE: 0.0079) [BEST]
2026-09-13 15:12:09,075 - INFO - Epoch [ 550/2000] LR: 0.000084 | Train Loss: 0.002981 (Data: 0.00297, Mono: 0.00003) | Val MSE: 0.000103 (RMSE: 0.0102) 
2026-09-13 15:12:09,369 - INFO - Epoch [ 560/2000] LR: 0.000083 | Train Loss: 0.003057 (Data: 0.00305, Mono: 0.00002) | Val MSE: 0.000076 (RMSE: 0.0087) 
2026-09-13 15:12:09,414 - INFO - Epoch [ 561/2000] LR: 0.000083 | Train Loss: 0.002994 (Data: 0.00298, Mono: 0.00003) | Val MSE: 0.000058 (RMSE: 0.0076) [BEST]
2026-09-13 15:12:09,463 - INFO - Epoch [ 562/2000] LR: 0.000083 | Train Loss: 0.003198 (Data: 0.00319, Mono: 0.00003) | Val MSE: 0.000056 (RMSE: 0.0075) [BEST]
2026-09-13 15:12:09,698 - INFO - Epoch [ 570/2000] LR: 0.000083 | Train Loss: 0.002720 (Data: 0.00271, Mono: 0.00002) | Val MSE: 0.000082 (RMSE: 0.0091) 
2026-09-13 15:12:10,016 - INFO - Epoch [ 580/2000] LR: 0.000082 | Train Loss: 0.002765 (Data: 0.00276, Mono: 0.00002) | Val MSE: 0.000060 (RMSE: 0.0078) 
2026-09-13 15:12:10,305 - INFO - Epoch [ 590/2000] LR: 0.000082 | Train Loss: 0.002687 (Data: 0.00268, Mono: 0.00003) | Val MSE: 0.000062 (RMSE: 0.0079) 
2026-09-13 15:12:10,344 - INFO - Epoch [ 591/2000] LR: 0.000082 | Train Loss: 0.002632 (Data: 0.00262, Mono: 0.00002) | Val MSE: 0.000052 (RMSE: 0.0072) [BEST]
2026-09-13 15:12:10,603 - INFO - Epoch [ 600/2000] LR: 0.000081 | Train Loss: 0.002741 (Data: 0.00273, Mono: 0.00003) | Val MSE: 0.000118 (RMSE: 0.0109) 
2026-09-13 15:12:10,891 - INFO - Epoch [ 610/2000] LR: 0.000080 | Train Loss: 0.002584 (Data: 0.00257, Mono: 0.00002) | Val MSE: 0.000077 (RMSE: 0.0088) 
2026-09-13 15:12:11,190 - INFO - Epoch [ 620/2000] LR: 0.000080 | Train Loss: 0.002673 (Data: 0.00266, Mono: 0.00002) | Val MSE: 0.000097 (RMSE: 0.0098) 
2026-09-13 15:12:11,310 - INFO - Epoch [ 624/2000] LR: 0.000080 | Train Loss: 0.002610 (Data: 0.00260, Mono: 0.00002) | Val MSE: 0.000052 (RMSE: 0.0072) [BEST]
2026-09-13 15:12:11,455 - INFO - Epoch [ 629/2000] LR: 0.000079 | Train Loss: 0.002566 (Data: 0.00256, Mono: 0.00002) | Val MSE: 0.000047 (RMSE: 0.0069) [BEST]
2026-09-13 15:12:11,493 - INFO - Epoch [ 630/2000] LR: 0.000079 | Train Loss: 0.002623 (Data: 0.00261, Mono: 0.00003) | Val MSE: 0.000047 (RMSE: 0.0068) [BEST]
2026-09-13 15:12:11,793 - INFO - Epoch [ 640/2000] LR: 0.000078 | Train Loss: 0.002545 (Data: 0.00254, Mono: 0.00002) | Val MSE: 0.000059 (RMSE: 0.0077) 
2026-09-13 15:12:12,090 - INFO - Epoch [ 650/2000] LR: 0.000078 | Train Loss: 0.002447 (Data: 0.00244, Mono: 0.00002) | Val MSE: 0.000063 (RMSE: 0.0080) 
2026-09-13 15:12:12,380 - INFO - Epoch [ 660/2000] LR: 0.000077 | Train Loss: 0.002498 (Data: 0.00249, Mono: 0.00002) | Val MSE: 0.000069 (RMSE: 0.0083) 
2026-09-13 15:12:12,694 - INFO - Epoch [ 670/2000] LR: 0.000077 | Train Loss: 0.002335 (Data: 0.00233, Mono: 0.00002) | Val MSE: 0.000079 (RMSE: 0.0089) 
2026-09-13 15:12:12,798 - INFO - Epoch [ 673/2000] LR: 0.000076 | Train Loss: 0.002358 (Data: 0.00235, Mono: 0.00002) | Val MSE: 0.000045 (RMSE: 0.0067) [BEST]
2026-09-13 15:12:12,955 - INFO - Epoch [ 678/2000] LR: 0.000076 | Train Loss: 0.002194 (Data: 0.00219, Mono: 0.00002) | Val MSE: 0.000045 (RMSE: 0.0067) [BEST]
2026-09-13 15:12:13,014 - INFO - Epoch [ 680/2000] LR: 0.000076 | Train Loss: 0.002479 (Data: 0.00247, Mono: 0.00003) | Val MSE: 0.000077 (RMSE: 0.0088) 
2026-09-13 15:12:13,306 - INFO - Epoch [ 690/2000] LR: 0.000075 | Train Loss: 0.002254 (Data: 0.00224, Mono: 0.00002) | Val MSE: 0.000050 (RMSE: 0.0070) 
2026-09-13 15:12:13,588 - INFO - Epoch [ 700/2000] LR: 0.000074 | Train Loss: 0.002222 (Data: 0.00221, Mono: 0.00002) | Val MSE: 0.000043 (RMSE: 0.0066) [BEST]
2026-09-13 15:12:13,788 - INFO - Epoch [ 706/2000] LR: 0.000074 | Train Loss: 0.002258 (Data: 0.00225, Mono: 0.00002) | Val MSE: 0.000040 (RMSE: 0.0063) [BEST]
2026-09-13 15:12:13,909 - INFO - Epoch [ 710/2000] LR: 0.000074 | Train Loss: 0.002303 (Data: 0.00229, Mono: 0.00002) | Val MSE: 0.000065 (RMSE: 0.0081) 
2026-09-13 15:12:14,205 - INFO - Epoch [ 720/2000] LR: 0.000073 | Train Loss: 0.002291 (Data: 0.00228, Mono: 0.00002) | Val MSE: 0.000050 (RMSE: 0.0071) 
2026-09-13 15:12:14,357 - INFO - Epoch [ 725/2000] LR: 0.000073 | Train Loss: 0.002234 (Data: 0.00223, Mono: 0.00002) | Val MSE: 0.000039 (RMSE: 0.0063) [BEST]
2026-09-13 15:12:14,497 - INFO - Epoch [ 730/2000] LR: 0.000072 | Train Loss: 0.002303 (Data: 0.00230, Mono: 0.00002) | Val MSE: 0.000063 (RMSE: 0.0079) 
2026-09-13 15:12:14,789 - INFO - Epoch [ 740/2000] LR: 0.000072 | Train Loss: 0.002196 (Data: 0.00219, Mono: 0.00002) | Val MSE: 0.000060 (RMSE: 0.0077) 
2026-09-13 15:12:15,082 - INFO - Epoch [ 750/2000] LR: 0.000071 | Train Loss: 0.002056 (Data: 0.00205, Mono: 0.00002) | Val MSE: 0.000041 (RMSE: 0.0064) 
2026-09-13 15:12:15,115 - INFO - Epoch [ 751/2000] LR: 0.000071 | Train Loss: 0.002291 (Data: 0.00228, Mono: 0.00002) | Val MSE: 0.000038 (RMSE: 0.0062) [BEST]
2026-09-13 15:12:15,386 - INFO - Epoch [ 760/2000] LR: 0.000070 | Train Loss: 0.002392 (Data: 0.00238, Mono: 0.00002) | Val MSE: 0.000043 (RMSE: 0.0065) 
2026-09-13 15:12:15,615 - INFO - Epoch [ 768/2000] LR: 0.000070 | Train Loss: 0.002193 (Data: 0.00218, Mono: 0.00002) | Val MSE: 0.000036 (RMSE: 0.0060) [BEST]
2026-09-13 15:12:15,674 - INFO - Epoch [ 770/2000] LR: 0.000070 | Train Loss: 0.002262 (Data: 0.00225, Mono: 0.00002) | Val MSE: 0.000057 (RMSE: 0.0076) 
2026-09-13 15:12:15,963 - INFO - Epoch [ 780/2000] LR: 0.000069 | Train Loss: 0.002047 (Data: 0.00204, Mono: 0.00002) | Val MSE: 0.000041 (RMSE: 0.0064) 
2026-09-13 15:12:16,251 - INFO - Epoch [ 790/2000] LR: 0.000068 | Train Loss: 0.002201 (Data: 0.00219, Mono: 0.00002) | Val MSE: 0.000068 (RMSE: 0.0082) 
2026-09-13 15:12:16,549 - INFO - Epoch [ 800/2000] LR: 0.000067 | Train Loss: 0.002046 (Data: 0.00204, Mono: 0.00002) | Val MSE: 0.000045 (RMSE: 0.0067) 
2026-09-13 15:12:16,818 - INFO - Epoch [ 809/2000] LR: 0.000067 | Train Loss: 0.002033 (Data: 0.00202, Mono: 0.00002) | Val MSE: 0.000036 (RMSE: 0.0060) [BEST]
2026-09-13 15:12:16,845 - INFO - Epoch [ 810/2000] LR: 0.000067 | Train Loss: 0.002143 (Data: 0.00213, Mono: 0.00002) | Val MSE: 0.000047 (RMSE: 0.0068) 
2026-09-13 15:12:17,129 - INFO - Epoch [ 819/2000] LR: 0.000066 | Train Loss: 0.002029 (Data: 0.00202, Mono: 0.00002) | Val MSE: 0.000035 (RMSE: 0.0059) [BEST]
2026-09-13 15:12:17,163 - INFO - Epoch [ 820/2000] LR: 0.000066 | Train Loss: 0.002149 (Data: 0.00214, Mono: 0.00002) | Val MSE: 0.000052 (RMSE: 0.0072) 
2026-09-13 15:12:17,306 - INFO - Epoch [ 825/2000] LR: 0.000065 | Train Loss: 0.002020 (Data: 0.00201, Mono: 0.00002) | Val MSE: 0.000032 (RMSE: 0.0057) [BEST]
2026-09-13 15:12:17,451 - INFO - Epoch [ 830/2000] LR: 0.000065 | Train Loss: 0.002045 (Data: 0.00204, Mono: 0.00002) | Val MSE: 0.000056 (RMSE: 0.0075) 
2026-09-13 15:12:17,568 - INFO - Epoch [ 834/2000] LR: 0.000065 | Train Loss: 0.001970 (Data: 0.00196, Mono: 0.00002) | Val MSE: 0.000032 (RMSE: 0.0057) [BEST]
2026-09-13 15:12:17,744 - INFO - Epoch [ 840/2000] LR: 0.000064 | Train Loss: 0.001965 (Data: 0.00196, Mono: 0.00002) | Val MSE: 0.000036 (RMSE: 0.0060) 
2026-09-13 15:12:18,098 - INFO - Epoch [ 850/2000] LR: 0.000064 | Train Loss: 0.001998 (Data: 0.00199, Mono: 0.00002) | Val MSE: 0.000041 (RMSE: 0.0064) 
2026-09-13 15:12:18,386 - INFO - Epoch [ 860/2000] LR: 0.000063 | Train Loss: 0.001892 (Data: 0.00188, Mono: 0.00002) | Val MSE: 0.000039 (RMSE: 0.0063) 
2026-09-13 15:12:18,671 - INFO - Epoch [ 870/2000] LR: 0.000062 | Train Loss: 0.001929 (Data: 0.00192, Mono: 0.00002) | Val MSE: 0.000094 (RMSE: 0.0097) 
2026-09-13 15:12:18,959 - INFO - Epoch [ 880/2000] LR: 0.000061 | Train Loss: 0.002042 (Data: 0.00203, Mono: 0.00002) | Val MSE: 0.000048 (RMSE: 0.0069) 
2026-09-13 15:12:19,248 - INFO - Epoch [ 890/2000] LR: 0.000061 | Train Loss: 0.001770 (Data: 0.00176, Mono: 0.00002) | Val MSE: 0.000067 (RMSE: 0.0082) 
2026-09-13 15:12:19,507 - INFO - Epoch [ 899/2000] LR: 0.000060 | Train Loss: 0.001908 (Data: 0.00190, Mono: 0.00002) | Val MSE: 0.000032 (RMSE: 0.0056) [BEST]
2026-09-13 15:12:19,541 - INFO - Epoch [ 900/2000] LR: 0.000060 | Train Loss: 0.001838 (Data: 0.00183, Mono: 0.00002) | Val MSE: 0.000038 (RMSE: 0.0062) 
2026-09-13 15:12:19,828 - INFO - Epoch [ 910/2000] LR: 0.000059 | Train Loss: 0.001894 (Data: 0.00189, Mono: 0.00002) | Val MSE: 0.000037 (RMSE: 0.0061) 
2026-09-13 15:12:19,980 - INFO - Epoch [ 915/2000] LR: 0.000059 | Train Loss: 0.001839 (Data: 0.00183, Mono: 0.00002) | Val MSE: 0.000031 (RMSE: 0.0056) [BEST]
2026-09-13 15:12:20,122 - INFO - Epoch [ 920/2000] LR: 0.000058 | Train Loss: 0.001845 (Data: 0.00184, Mono: 0.00002) | Val MSE: 0.000038 (RMSE: 0.0061) 
2026-09-13 15:12:20,399 - INFO - Epoch [ 929/2000] LR: 0.000058 | Train Loss: 0.001817 (Data: 0.00181, Mono: 0.00002) | Val MSE: 0.000030 (RMSE: 0.0054) [BEST]
2026-09-13 15:12:20,428 - INFO - Epoch [ 930/2000] LR: 0.000057 | Train Loss: 0.001884 (Data: 0.00188, Mono: 0.00002) | Val MSE: 0.000042 (RMSE: 0.0065) 
2026-09-13 15:12:20,632 - INFO - Epoch [ 937/2000] LR: 0.000057 | Train Loss: 0.001880 (Data: 0.00187, Mono: 0.00002) | Val MSE: 0.000030 (RMSE: 0.0054) [BEST]
2026-09-13 15:12:20,726 - INFO - Epoch [ 940/2000] LR: 0.000057 | Train Loss: 0.001872 (Data: 0.00186, Mono: 0.00002) | Val MSE: 0.000046 (RMSE: 0.0068) 
2026-09-13 15:12:21,015 - INFO - Epoch [ 950/2000] LR: 0.000056 | Train Loss: 0.001794 (Data: 0.00179, Mono: 0.00002) | Val MSE: 0.000047 (RMSE: 0.0069) 
2026-09-13 15:12:21,295 - INFO - Epoch [ 960/2000] LR: 0.000055 | Train Loss: 0.001821 (Data: 0.00181, Mono: 0.00002) | Val MSE: 0.000036 (RMSE: 0.0060) 
2026-09-13 15:12:21,601 - INFO - Epoch [ 970/2000] LR: 0.000054 | Train Loss: 0.001888 (Data: 0.00188, Mono: 0.00002) | Val MSE: 0.000033 (RMSE: 0.0057) 
2026-09-13 15:12:21,656 - INFO - Epoch [ 972/2000] LR: 0.000054 | Train Loss: 0.001771 (Data: 0.00176, Mono: 0.00002) | Val MSE: 0.000029 (RMSE: 0.0053) [BEST]
2026-09-13 15:12:21,883 - INFO - Epoch [ 980/2000] LR: 0.000054 | Train Loss: 0.001805 (Data: 0.00180, Mono: 0.00002) | Val MSE: 0.000046 (RMSE: 0.0068) 
2026-09-13 15:12:22,173 - INFO - Epoch [ 990/2000] LR: 0.000053 | Train Loss: 0.001745 (Data: 0.00174, Mono: 0.00002) | Val MSE: 0.000042 (RMSE: 0.0065) 
2026-09-13 15:12:22,511 - INFO - Epoch [1000/2000] LR: 0.000052 | Train Loss: 0.001810 (Data: 0.00180, Mono: 0.00002) | Val MSE: 0.000054 (RMSE: 0.0073) 
2026-09-13 15:12:22,808 - INFO - Epoch [1010/2000] LR: 0.000051 | Train Loss: 0.001738 (Data: 0.00173, Mono: 0.00002) | Val MSE: 0.000037 (RMSE: 0.0061) 
2026-09-13 15:12:23,131 - INFO - Epoch [1020/2000] LR: 0.000050 | Train Loss: 0.001820 (Data: 0.00181, Mono: 0.00002) | Val MSE: 0.000057 (RMSE: 0.0075) 
2026-09-13 15:12:23,426 - INFO - Epoch [1030/2000] LR: 0.000050 | Train Loss: 0.001793 (Data: 0.00178, Mono: 0.00002) | Val MSE: 0.000031 (RMSE: 0.0056) 
2026-09-13 15:12:23,725 - INFO - Epoch [1040/2000] LR: 0.000049 | Train Loss: 0.001660 (Data: 0.00165, Mono: 0.00002) | Val MSE: 0.000045 (RMSE: 0.0067) 
2026-09-13 15:12:23,762 - INFO - Epoch [1041/2000] LR: 0.000049 | Train Loss: 0.001711 (Data: 0.00170, Mono: 0.00002) | Val MSE: 0.000028 (RMSE: 0.0053) [BEST]
2026-09-13 15:12:24,026 - INFO - Epoch [1050/2000] LR: 0.000048 | Train Loss: 0.001689 (Data: 0.00168, Mono: 0.00002) | Val MSE: 0.000065 (RMSE: 0.0081) 
2026-09-13 15:12:24,088 - INFO - Epoch [1052/2000] LR: 0.000048 | Train Loss: 0.001679 (Data: 0.00167, Mono: 0.00002) | Val MSE: 0.000027 (RMSE: 0.0052) [BEST]
2026-09-13 15:12:24,323 - INFO - Epoch [1060/2000] LR: 0.000047 | Train Loss: 0.001729 (Data: 0.00172, Mono: 0.00002) | Val MSE: 0.000042 (RMSE: 0.0065) 
2026-09-13 15:12:24,619 - INFO - Epoch [1070/2000] LR: 0.000046 | Train Loss: 0.001683 (Data: 0.00168, Mono: 0.00002) | Val MSE: 0.000065 (RMSE: 0.0081) 
2026-09-13 15:12:24,921 - INFO - Epoch [1080/2000] LR: 0.000046 | Train Loss: 0.001767 (Data: 0.00176, Mono: 0.00002) | Val MSE: 0.000042 (RMSE: 0.0065) 
2026-09-13 15:12:25,211 - INFO - Epoch [1090/2000] LR: 0.000045 | Train Loss: 0.001581 (Data: 0.00157, Mono: 0.00002) | Val MSE: 0.000043 (RMSE: 0.0066) 
2026-09-13 15:12:25,505 - INFO - Epoch [1100/2000] LR: 0.000044 | Train Loss: 0.001655 (Data: 0.00165, Mono: 0.00002) | Val MSE: 0.000047 (RMSE: 0.0068) 
2026-09-13 15:12:25,779 - INFO - Epoch [1109/2000] LR: 0.000043 | Train Loss: 0.001689 (Data: 0.00168, Mono: 0.00002) | Val MSE: 0.000026 (RMSE: 0.0051) [BEST]
2026-09-13 15:12:25,817 - INFO - Epoch [1110/2000] LR: 0.000043 | Train Loss: 0.001725 (Data: 0.00172, Mono: 0.00002) | Val MSE: 0.000047 (RMSE: 0.0069) 
2026-09-13 15:12:26,116 - INFO - Epoch [1120/2000] LR: 0.000043 | Train Loss: 0.001643 (Data: 0.00164, Mono: 0.00002) | Val MSE: 0.000043 (RMSE: 0.0066) 
2026-09-13 15:12:26,407 - INFO - Epoch [1130/2000] LR: 0.000042 | Train Loss: 0.001583 (Data: 0.00158, Mono: 0.00002) | Val MSE: 0.000041 (RMSE: 0.0064) 
2026-09-13 15:12:26,724 - INFO - Epoch [1140/2000] LR: 0.000041 | Train Loss: 0.001664 (Data: 0.00166, Mono: 0.00002) | Val MSE: 0.000035 (RMSE: 0.0059) 
2026-09-13 15:12:27,037 - INFO - Epoch [1150/2000] LR: 0.000040 | Train Loss: 0.001644 (Data: 0.00164, Mono: 0.00002) | Val MSE: 0.000026 (RMSE: 0.0051) [BEST]
2026-09-13 15:12:27,382 - INFO - Epoch [1160/2000] LR: 0.000040 | Train Loss: 0.001680 (Data: 0.00167, Mono: 0.00002) | Val MSE: 0.000033 (RMSE: 0.0057) 
2026-09-13 15:12:27,724 - INFO - Epoch [1170/2000] LR: 0.000039 | Train Loss: 0.001607 (Data: 0.00160, Mono: 0.00002) | Val MSE: 0.000055 (RMSE: 0.0074) 
2026-09-13 15:12:28,078 - INFO - Epoch [1180/2000] LR: 0.000038 | Train Loss: 0.001667 (Data: 0.00166, Mono: 0.00002) | Val MSE: 0.000027 (RMSE: 0.0052) 
2026-09-13 15:12:28,367 - INFO - Epoch [1190/2000] LR: 0.000037 | Train Loss: 0.001488 (Data: 0.00148, Mono: 0.00002) | Val MSE: 0.000059 (RMSE: 0.0077) 
2026-09-13 15:12:28,707 - INFO - Epoch [1200/2000] LR: 0.000036 | Train Loss: 0.001520 (Data: 0.00151, Mono: 0.00002) | Val MSE: 0.000040 (RMSE: 0.0063) 
2026-09-13 15:12:29,054 - INFO - Epoch [1210/2000] LR: 0.000036 | Train Loss: 0.001661 (Data: 0.00165, Mono: 0.00002) | Val MSE: 0.000041 (RMSE: 0.0064) 
2026-09-13 15:12:29,400 - INFO - Epoch [1220/2000] LR: 0.000035 | Train Loss: 0.001525 (Data: 0.00152, Mono: 0.00002) | Val MSE: 0.000030 (RMSE: 0.0055) 
2026-09-13 15:12:29,742 - INFO - Epoch [1230/2000] LR: 0.000034 | Train Loss: 0.001453 (Data: 0.00145, Mono: 0.00002) | Val MSE: 0.000032 (RMSE: 0.0057) 
2026-09-13 15:12:30,094 - INFO - Epoch [1240/2000] LR: 0.000034 | Train Loss: 0.001494 (Data: 0.00149, Mono: 0.00002) | Val MSE: 0.000040 (RMSE: 0.0063) 
2026-09-13 15:12:30,449 - INFO - Epoch [1250/2000] LR: 0.000033 | Train Loss: 0.001621 (Data: 0.00161, Mono: 0.00002) | Val MSE: 0.000038 (RMSE: 0.0062) 
2026-09-13 15:12:30,829 - INFO - Epoch [1260/2000] LR: 0.000032 | Train Loss: 0.001531 (Data: 0.00152, Mono: 0.00002) | Val MSE: 0.000030 (RMSE: 0.0054) 
2026-09-13 15:12:31,183 - INFO - Epoch [1270/2000] LR: 0.000031 | Train Loss: 0.001469 (Data: 0.00146, Mono: 0.00002) | Val MSE: 0.000039 (RMSE: 0.0063) 
2026-09-13 15:12:31,570 - INFO - Epoch [1280/2000] LR: 0.000031 | Train Loss: 0.001520 (Data: 0.00151, Mono: 0.00002) | Val MSE: 0.000040 (RMSE: 0.0064) 
2026-09-13 15:12:31,925 - INFO - Epoch [1290/2000] LR: 0.000030 | Train Loss: 0.001545 (Data: 0.00154, Mono: 0.00002) | Val MSE: 0.000029 (RMSE: 0.0054) 
2026-09-13 15:12:32,307 - INFO - Epoch [1300/2000] LR: 0.000029 | Train Loss: 0.001493 (Data: 0.00149, Mono: 0.00002) | Val MSE: 0.000055 (RMSE: 0.0074) 
2026-09-13 15:12:32,688 - INFO - Epoch [1310/2000] LR: 0.000028 | Train Loss: 0.001541 (Data: 0.00153, Mono: 0.00002) | Val MSE: 0.000056 (RMSE: 0.0075) 
2026-09-13 15:12:33,056 - INFO - Epoch [1320/2000] LR: 0.000028 | Train Loss: 0.001524 (Data: 0.00152, Mono: 0.00002) | Val MSE: 0.000036 (RMSE: 0.0060) 
2026-09-13 15:12:33,426 - INFO - Epoch [1330/2000] LR: 0.000027 | Train Loss: 0.001455 (Data: 0.00145, Mono: 0.00002) | Val MSE: 0.000034 (RMSE: 0.0058) 
2026-09-13 15:12:33,791 - INFO - Epoch [1340/2000] LR: 0.000026 | Train Loss: 0.001589 (Data: 0.00158, Mono: 0.00002) | Val MSE: 0.000044 (RMSE: 0.0066) 
2026-09-13 15:12:34,138 - INFO - Epoch [1350/2000] LR: 0.000026 | Train Loss: 0.001544 (Data: 0.00154, Mono: 0.00002) | Val MSE: 0.000052 (RMSE: 0.0072) 
2026-09-13 15:12:34,465 - INFO - Epoch [1360/2000] LR: 0.000025 | Train Loss: 0.001496 (Data: 0.00149, Mono: 0.00002) | Val MSE: 0.000040 (RMSE: 0.0063) 
2026-09-13 15:12:34,856 - INFO - Epoch [1370/2000] LR: 0.000024 | Train Loss: 0.001521 (Data: 0.00151, Mono: 0.00002) | Val MSE: 0.000038 (RMSE: 0.0062) 
2026-09-13 15:12:35,218 - INFO - Epoch [1380/2000] LR: 0.000024 | Train Loss: 0.001561 (Data: 0.00155, Mono: 0.00002) | Val MSE: 0.000032 (RMSE: 0.0057) 
2026-09-13 15:12:35,557 - INFO - Epoch [1390/2000] LR: 0.000023 | Train Loss: 0.001435 (Data: 0.00143, Mono: 0.00002) | Val MSE: 0.000034 (RMSE: 0.0058) 
2026-09-13 15:12:35,932 - INFO - Epoch [1400/2000] LR: 0.000022 | Train Loss: 0.001509 (Data: 0.00150, Mono: 0.00002) | Val MSE: 0.000032 (RMSE: 0.0056) 
2026-09-13 15:12:36,333 - INFO - Epoch [1410/2000] LR: 0.000022 | Train Loss: 0.001421 (Data: 0.00141, Mono: 0.00002) | Val MSE: 0.000060 (RMSE: 0.0077) 
2026-09-13 15:12:36,703 - INFO - Epoch [1420/2000] LR: 0.000021 | Train Loss: 0.001460 (Data: 0.00145, Mono: 0.00002) | Val MSE: 0.000030 (RMSE: 0.0054) 
2026-09-13 15:12:37,033 - INFO - Epoch [1430/2000] LR: 0.000021 | Train Loss: 0.001592 (Data: 0.00158, Mono: 0.00002) | Val MSE: 0.000038 (RMSE: 0.0062) 
2026-09-13 15:12:37,416 - INFO - Epoch [1440/2000] LR: 0.000020 | Train Loss: 0.001479 (Data: 0.00147, Mono: 0.00002) | Val MSE: 0.000051 (RMSE: 0.0072) 
2026-09-13 15:12:37,760 - INFO - Epoch [1450/2000] LR: 0.000019 | Train Loss: 0.001460 (Data: 0.00145, Mono: 0.00002) | Val MSE: 0.000042 (RMSE: 0.0065) 
2026-09-13 15:12:38,128 - INFO - Epoch [1460/2000] LR: 0.000019 | Train Loss: 0.001434 (Data: 0.00143, Mono: 0.00002) | Val MSE: 0.000049 (RMSE: 0.0070) 
2026-09-13 15:12:38,457 - INFO - Epoch [1470/2000] LR: 0.000018 | Train Loss: 0.001366 (Data: 0.00136, Mono: 0.00002) | Val MSE: 0.000042 (RMSE: 0.0064) 
2026-09-13 15:12:38,825 - INFO - Epoch [1480/2000] LR: 0.000018 | Train Loss: 0.001496 (Data: 0.00149, Mono: 0.00002) | Val MSE: 0.000036 (RMSE: 0.0060) 
2026-09-13 15:12:39,183 - INFO - Epoch [1490/2000] LR: 0.000017 | Train Loss: 0.001379 (Data: 0.00137, Mono: 0.00002) | Val MSE: 0.000041 (RMSE: 0.0064) 
2026-09-13 15:12:39,534 - INFO - Epoch [1500/2000] LR: 0.000016 | Train Loss: 0.001447 (Data: 0.00144, Mono: 0.00002) | Val MSE: 0.000049 (RMSE: 0.0070) 
2026-09-13 15:12:39,870 - INFO - Epoch [1510/2000] LR: 0.000016 | Train Loss: 0.001511 (Data: 0.00150, Mono: 0.00002) | Val MSE: 0.000030 (RMSE: 0.0055) 
2026-09-13 15:12:40,227 - INFO - Epoch [1520/2000] LR: 0.000015 | Train Loss: 0.001439 (Data: 0.00143, Mono: 0.00002) | Val MSE: 0.000047 (RMSE: 0.0069) 
2026-09-13 15:12:40,573 - INFO - Epoch [1530/2000] LR: 0.000015 | Train Loss: 0.001386 (Data: 0.00138, Mono: 0.00002) | Val MSE: 0.000034 (RMSE: 0.0058) 
2026-09-13 15:12:40,914 - INFO - Epoch [1540/2000] LR: 0.000014 | Train Loss: 0.001485 (Data: 0.00148, Mono: 0.00002) | Val MSE: 0.000030 (RMSE: 0.0055) 
2026-09-13 15:12:41,255 - INFO - Epoch [1550/2000] LR: 0.000014 | Train Loss: 0.001442 (Data: 0.00144, Mono: 0.00002) | Val MSE: 0.000050 (RMSE: 0.0071) 
2026-09-13 15:12:41,585 - INFO - Epoch [1560/2000] LR: 0.000013 | Train Loss: 0.001324 (Data: 0.00132, Mono: 0.00001) | Val MSE: 0.000047 (RMSE: 0.0069) 
2026-09-13 15:12:41,929 - INFO - Epoch [1570/2000] LR: 0.000013 | Train Loss: 0.001391 (Data: 0.00138, Mono: 0.00002) | Val MSE: 0.000035 (RMSE: 0.0059) 
2026-09-13 15:12:42,283 - INFO - Epoch [1580/2000] LR: 0.000012 | Train Loss: 0.001330 (Data: 0.00132, Mono: 0.00002) | Val MSE: 0.000045 (RMSE: 0.0067) 
2026-09-13 15:12:42,630 - INFO - Epoch [1590/2000] LR: 0.000012 | Train Loss: 0.001415 (Data: 0.00141, Mono: 0.00002) | Val MSE: 0.000026 (RMSE: 0.0051) 
2026-09-13 15:12:42,957 - INFO - Epoch [1600/2000] LR: 0.000011 | Train Loss: 0.001442 (Data: 0.00144, Mono: 0.00001) | Val MSE: 0.000032 (RMSE: 0.0057) 
2026-09-13 15:12:43,298 - INFO - Epoch [1610/2000] LR: 0.000011 | Train Loss: 0.001413 (Data: 0.00141, Mono: 0.00002) | Val MSE: 0.000033 (RMSE: 0.0057) 
2026-09-13 15:12:43,629 - INFO - Epoch [1620/2000] LR: 0.000010 | Train Loss: 0.001305 (Data: 0.00130, Mono: 0.00002) | Val MSE: 0.000029 (RMSE: 0.0054) 
2026-09-13 15:12:43,977 - INFO - Epoch [1630/2000] LR: 0.000010 | Train Loss: 0.001465 (Data: 0.00146, Mono: 0.00002) | Val MSE: 0.000036 (RMSE: 0.0060) 
2026-09-13 15:12:44,316 - INFO - Epoch [1640/2000] LR: 0.000009 | Train Loss: 0.001404 (Data: 0.00140, Mono: 0.00002) | Val MSE: 0.000038 (RMSE: 0.0062) 
2026-09-13 15:12:44,666 - INFO - Epoch [1650/2000] LR: 0.000009 | Train Loss: 0.001411 (Data: 0.00140, Mono: 0.00002) | Val MSE: 0.000046 (RMSE: 0.0068) 
2026-09-13 15:12:45,013 - INFO - Epoch [1660/2000] LR: 0.000009 | Train Loss: 0.001398 (Data: 0.00139, Mono: 0.00002) | Val MSE: 0.000037 (RMSE: 0.0061) 
2026-09-13 15:12:45,343 - INFO - Epoch [1670/2000] LR: 0.000008 | Train Loss: 0.001422 (Data: 0.00142, Mono: 0.00002) | Val MSE: 0.000048 (RMSE: 0.0069) 
2026-09-13 15:12:45,726 - INFO - Epoch [1680/2000] LR: 0.000008 | Train Loss: 0.001422 (Data: 0.00141, Mono: 0.00002) | Val MSE: 0.000046 (RMSE: 0.0068) 
2026-09-13 15:12:46,092 - INFO - Epoch [1690/2000] LR: 0.000007 | Train Loss: 0.001418 (Data: 0.00141, Mono: 0.00002) | Val MSE: 0.000043 (RMSE: 0.0065) 
2026-09-13 15:12:46,471 - INFO - Epoch [1700/2000] LR: 0.000007 | Train Loss: 0.001395 (Data: 0.00139, Mono: 0.00002) | Val MSE: 0.000040 (RMSE: 0.0063) 
2026-09-13 15:12:46,883 - INFO - Epoch [1710/2000] LR: 0.000007 | Train Loss: 0.001376 (Data: 0.00137, Mono: 0.00002) | Val MSE: 0.000042 (RMSE: 0.0065) 
2026-09-13 15:12:47,272 - INFO - Epoch [1720/2000] LR: 0.000006 | Train Loss: 0.001308 (Data: 0.00130, Mono: 0.00001) | Val MSE: 0.000042 (RMSE: 0.0065) 
2026-09-13 15:12:47,670 - INFO - Epoch [1730/2000] LR: 0.000006 | Train Loss: 0.001309 (Data: 0.00130, Mono: 0.00002) | Val MSE: 0.000040 (RMSE: 0.0064) 
2026-09-13 15:12:48,048 - INFO - Epoch [1740/2000] LR: 0.000006 | Train Loss: 0.001358 (Data: 0.00135, Mono: 0.00002) | Val MSE: 0.000047 (RMSE: 0.0069) 
2026-09-13 15:12:48,424 - INFO - Epoch [1750/2000] LR: 0.000005 | Train Loss: 0.001359 (Data: 0.00135, Mono: 0.00002) | Val MSE: 0.000037 (RMSE: 0.0061) 
2026-09-13 15:12:48,781 - INFO - Epoch [1760/2000] LR: 0.000005 | Train Loss: 0.001344 (Data: 0.00134, Mono: 0.00002) | Val MSE: 0.000038 (RMSE: 0.0062) 
2026-09-13 15:12:49,133 - INFO - Epoch [1770/2000] LR: 0.000005 | Train Loss: 0.001426 (Data: 0.00142, Mono: 0.00002) | Val MSE: 0.000033 (RMSE: 0.0058) 
2026-09-13 15:12:49,488 - INFO - Epoch [1780/2000] LR: 0.000005 | Train Loss: 0.001334 (Data: 0.00133, Mono: 0.00002) | Val MSE: 0.000039 (RMSE: 0.0062) 
2026-09-13 15:12:49,827 - INFO - Epoch [1790/2000] LR: 0.000004 | Train Loss: 0.001355 (Data: 0.00135, Mono: 0.00002) | Val MSE: 0.000035 (RMSE: 0.0059) 
2026-09-13 15:12:50,178 - INFO - Epoch [1800/2000] LR: 0.000004 | Train Loss: 0.001377 (Data: 0.00137, Mono: 0.00002) | Val MSE: 0.000041 (RMSE: 0.0064) 
2026-09-13 15:12:50,540 - INFO - Epoch [1810/2000] LR: 0.000004 | Train Loss: 0.001352 (Data: 0.00134, Mono: 0.00002) | Val MSE: 0.000036 (RMSE: 0.0060) 
2026-09-13 15:12:50,888 - INFO - Epoch [1820/2000] LR: 0.000004 | Train Loss: 0.001352 (Data: 0.00135, Mono: 0.00002) | Val MSE: 0.000037 (RMSE: 0.0061) 
2026-09-13 15:12:51,239 - INFO - Epoch [1830/2000] LR: 0.000003 | Train Loss: 0.001366 (Data: 0.00136, Mono: 0.00002) | Val MSE: 0.000039 (RMSE: 0.0062) 
2026-09-13 15:12:51,609 - INFO - Epoch [1840/2000] LR: 0.000003 | Train Loss: 0.001364 (Data: 0.00136, Mono: 0.00002) | Val MSE: 0.000044 (RMSE: 0.0066) 
2026-09-13 15:12:51,977 - INFO - Epoch [1850/2000] LR: 0.000003 | Train Loss: 0.001308 (Data: 0.00130, Mono: 0.00002) | Val MSE: 0.000037 (RMSE: 0.0061) 
2026-09-13 15:12:52,340 - INFO - Epoch [1860/2000] LR: 0.000003 | Train Loss: 0.001420 (Data: 0.00141, Mono: 0.00002) | Val MSE: 0.000040 (RMSE: 0.0063) 
2026-09-13 15:12:52,716 - INFO - Epoch [1870/2000] LR: 0.000003 | Train Loss: 0.001358 (Data: 0.00135, Mono: 0.00002) | Val MSE: 0.000036 (RMSE: 0.0060) 
2026-09-13 15:12:53,083 - INFO - Epoch [1880/2000] LR: 0.000002 | Train Loss: 0.001442 (Data: 0.00143, Mono: 0.00002) | Val MSE: 0.000040 (RMSE: 0.0063) 
2026-09-13 15:12:53,442 - INFO - Epoch [1890/2000] LR: 0.000002 | Train Loss: 0.001444 (Data: 0.00144, Mono: 0.00002) | Val MSE: 0.000040 (RMSE: 0.0063) 
2026-09-13 15:12:53,795 - INFO - Epoch [1900/2000] LR: 0.000002 | Train Loss: 0.001415 (Data: 0.00141, Mono: 0.00002) | Val MSE: 0.000035 (RMSE: 0.0059) 
2026-09-13 15:12:54,120 - INFO - Epoch [1910/2000] LR: 0.000002 | Train Loss: 0.001340 (Data: 0.00133, Mono: 0.00001) | Val MSE: 0.000032 (RMSE: 0.0057) 
2026-09-13 15:12:54,451 - INFO - Epoch [1920/2000] LR: 0.000002 | Train Loss: 0.001370 (Data: 0.00136, Mono: 0.00002) | Val MSE: 0.000034 (RMSE: 0.0058) 
2026-09-13 15:12:54,779 - INFO - Epoch [1930/2000] LR: 0.000002 | Train Loss: 0.001323 (Data: 0.00132, Mono: 0.00002) | Val MSE: 0.000038 (RMSE: 0.0062) 
2026-09-13 15:12:55,118 - INFO - Epoch [1940/2000] LR: 0.000002 | Train Loss: 0.001387 (Data: 0.00138, Mono: 0.00002) | Val MSE: 0.000036 (RMSE: 0.0060) 
2026-09-13 15:12:55,467 - INFO - Epoch [1950/2000] LR: 0.000002 | Train Loss: 0.001403 (Data: 0.00140, Mono: 0.00002) | Val MSE: 0.000036 (RMSE: 0.0060) 
2026-09-13 15:12:55,820 - INFO - Epoch [1960/2000] LR: 0.000002 | Train Loss: 0.001348 (Data: 0.00134, Mono: 0.00002) | Val MSE: 0.000033 (RMSE: 0.0058) 
2026-09-13 15:12:56,156 - INFO - Epoch [1970/2000] LR: 0.000002 | Train Loss: 0.001294 (Data: 0.00129, Mono: 0.00002) | Val MSE: 0.000033 (RMSE: 0.0058) 
2026-09-13 15:12:56,517 - INFO - Epoch [1980/2000] LR: 0.000002 | Train Loss: 0.001383 (Data: 0.00138, Mono: 0.00002) | Val MSE: 0.000034 (RMSE: 0.0059) 
2026-09-13 15:12:56,862 - INFO - Epoch [1990/2000] LR: 0.000002 | Train Loss: 0.001379 (Data: 0.00137, Mono: 0.00002) | Val MSE: 0.000039 (RMSE: 0.0062) 
2026-09-13 15:12:57,191 - INFO - Epoch [2000/2000] LR: 0.000002 | Train Loss: 0.001415 (Data: 0.00141, Mono: 0.00001) | Val MSE: 0.000034 (RMSE: 0.0058) 
2026-09-13 15:12:57,191 - INFO - Training completed in 65.67s. Loading best checkpoint from epoch 1150 for final test evaluation...
2026-09-13 15:12:57,227 - INFO - ==================================================
2026-09-13 15:12:57,227 - INFO - Test Results for [XJTU] - [RW] (Best Epoch 1150):
2026-09-13 15:12:57,228 - INFO -   Test RMSE: 0.009293
2026-09-13 15:12:57,228 - INFO -   Test MAE:  0.006812
2026-09-13 15:12:57,228 - INFO -   Test MAPE: 0.746031
2026-09-13 15:12:57,228 - INFO -   Test MSE:  0.000086
2026-09-13 15:12:57,228 - INFO - ==================================================
2026-09-13 15:21:57,833 - INFO - ==================================================
2026-09-13 15:21:57,833 - INFO - Starting FusionMLP Training for [XJTU] - [RW]
2026-09-13 15:21:57,833 - INFO - Device: cuda | Epochs: 2000 | LR: 0.000100 | Mono Weight: 0.4000 | Knee Feature: True
2026-09-13 15:21:57,833 - INFO - ==================================================
2026-09-13 15:21:57,901 - INFO - Data Splits: Train=5, Val=1, Test=2
2026-09-13 15:21:57,957 - INFO - Epoch [   1/2000] LR: 0.006063 | Train Loss: 0.677717 (Data: 0.67769, Mono: 0.00007) | Val MSE: 0.679245 (RMSE: 0.8242) [BEST]
2026-09-13 15:21:57,997 - INFO - Epoch [   2/2000] LR: 0.005857 | Train Loss: 0.348276 (Data: 0.34825, Mono: 0.00007) | Val MSE: 0.174407 (RMSE: 0.4176) [BEST]
2026-09-13 15:21:58,042 - INFO - Epoch [   3/2000] LR: 0.005651 | Train Loss: 0.167869 (Data: 0.16785, Mono: 0.00006) | Val MSE: 0.032753 (RMSE: 0.1810) [BEST]
2026-09-13 15:21:58,081 - INFO - Epoch [   4/2000] LR: 0.005446 | Train Loss: 0.076234 (Data: 0.07621, Mono: 0.00005) | Val MSE: 0.024673 (RMSE: 0.1571) [BEST]
2026-09-13 15:21:58,121 - INFO - Epoch [   5/2000] LR: 0.005240 | Train Loss: 0.043061 (Data: 0.04304, Mono: 0.00005) | Val MSE: 0.021499 (RMSE: 0.1466) [BEST]
2026-09-13 15:21:58,197 - INFO - Epoch [   7/2000] LR: 0.004829 | Train Loss: 0.024563 (Data: 0.02455, Mono: 0.00005) | Val MSE: 0.000612 (RMSE: 0.0247) [BEST]
2026-09-13 15:21:58,309 - INFO - Epoch [  10/2000] LR: 0.004212 | Train Loss: 0.011870 (Data: 0.01185, Mono: 0.00004) | Val MSE: 0.000916 (RMSE: 0.0303) 
2026-09-13 15:21:58,351 - INFO - Epoch [  11/2000] LR: 0.004007 | Train Loss: 0.010444 (Data: 0.01043, Mono: 0.00004) | Val MSE: 0.000589 (RMSE: 0.0243) [BEST]
2026-09-13 15:21:58,392 - INFO - Epoch [  12/2000] LR: 0.003801 | Train Loss: 0.009751 (Data: 0.00973, Mono: 0.00005) | Val MSE: 0.000460 (RMSE: 0.0215) [BEST]
2026-09-13 15:21:58,431 - INFO - Epoch [  13/2000] LR: 0.003595 | Train Loss: 0.009853 (Data: 0.00983, Mono: 0.00005) | Val MSE: 0.000180 (RMSE: 0.0134) [BEST]
2026-09-13 15:21:58,540 - INFO - Epoch [  16/2000] LR: 0.002979 | Train Loss: 0.008138 (Data: 0.00812, Mono: 0.00005) | Val MSE: 0.000129 (RMSE: 0.0114) [BEST]
2026-09-13 15:21:58,588 - INFO - Epoch [  17/2000] LR: 0.002773 | Train Loss: 0.008020 (Data: 0.00800, Mono: 0.00005) | Val MSE: 0.000102 (RMSE: 0.0101) [BEST]
2026-09-13 15:21:58,698 - INFO - Epoch [  20/2000] LR: 0.002156 | Train Loss: 0.008032 (Data: 0.00801, Mono: 0.00005) | Val MSE: 0.000157 (RMSE: 0.0125) 
2026-09-13 15:21:58,743 - INFO - Epoch [  21/2000] LR: 0.001950 | Train Loss: 0.007244 (Data: 0.00722, Mono: 0.00005) | Val MSE: 0.000102 (RMSE: 0.0101) [BEST]
2026-09-13 15:21:58,963 - INFO - Epoch [  27/2000] LR: 0.000717 | Train Loss: 0.006860 (Data: 0.00684, Mono: 0.00004) | Val MSE: 0.000093 (RMSE: 0.0096) [BEST]
2026-09-13 15:21:59,074 - INFO - Epoch [  30/2000] LR: 0.000100 | Train Loss: 0.007042 (Data: 0.00703, Mono: 0.00004) | Val MSE: 0.000096 (RMSE: 0.0098) 
2026-09-13 15:21:59,447 - INFO - Epoch [  40/2000] LR: 0.000100 | Train Loss: 0.007057 (Data: 0.00704, Mono: 0.00004) | Val MSE: 0.000099 (RMSE: 0.0100) 
2026-09-13 15:21:59,558 - INFO - Epoch [  43/2000] LR: 0.000100 | Train Loss: 0.007439 (Data: 0.00742, Mono: 0.00004) | Val MSE: 0.000092 (RMSE: 0.0096) [BEST]
2026-09-13 15:21:59,601 - INFO - Epoch [  44/2000] LR: 0.000100 | Train Loss: 0.006710 (Data: 0.00669, Mono: 0.00005) | Val MSE: 0.000091 (RMSE: 0.0095) [BEST]
2026-09-13 15:21:59,645 - INFO - Epoch [  45/2000] LR: 0.000100 | Train Loss: 0.006765 (Data: 0.00675, Mono: 0.00004) | Val MSE: 0.000090 (RMSE: 0.0095) [BEST]
2026-09-13 15:21:59,698 - INFO - Epoch [  46/2000] LR: 0.000100 | Train Loss: 0.007206 (Data: 0.00719, Mono: 0.00004) | Val MSE: 0.000089 (RMSE: 0.0095) [BEST]
2026-09-13 15:21:59,860 - INFO - Epoch [  50/2000] LR: 0.000100 | Train Loss: 0.007226 (Data: 0.00721, Mono: 0.00004) | Val MSE: 0.000089 (RMSE: 0.0094) [BEST]
2026-09-13 15:22:00,258 - INFO - Epoch [  60/2000] LR: 0.000100 | Train Loss: 0.006683 (Data: 0.00667, Mono: 0.00004) | Val MSE: 0.000096 (RMSE: 0.0098) 
2026-09-13 15:22:00,606 - INFO - Epoch [  69/2000] LR: 0.000100 | Train Loss: 0.007034 (Data: 0.00702, Mono: 0.00004) | Val MSE: 0.000086 (RMSE: 0.0093) [BEST]
2026-09-13 15:22:00,646 - INFO - Epoch [  70/2000] LR: 0.000100 | Train Loss: 0.006959 (Data: 0.00694, Mono: 0.00004) | Val MSE: 0.000084 (RMSE: 0.0091) [BEST]
2026-09-13 15:22:00,687 - INFO - Epoch [  71/2000] LR: 0.000100 | Train Loss: 0.006901 (Data: 0.00689, Mono: 0.00004) | Val MSE: 0.000083 (RMSE: 0.0091) [BEST]
2026-09-13 15:22:01,021 - INFO - Epoch [  80/2000] LR: 0.000100 | Train Loss: 0.006601 (Data: 0.00659, Mono: 0.00003) | Val MSE: 0.000089 (RMSE: 0.0094) 
2026-09-13 15:22:01,387 - INFO - Epoch [  90/2000] LR: 0.000100 | Train Loss: 0.006263 (Data: 0.00625, Mono: 0.00004) | Val MSE: 0.000087 (RMSE: 0.0093) 
2026-09-13 15:22:01,761 - INFO - Epoch [ 100/2000] LR: 0.000100 | Train Loss: 0.006546 (Data: 0.00653, Mono: 0.00004) | Val MSE: 0.000103 (RMSE: 0.0101) 
2026-09-13 15:22:02,135 - INFO - Epoch [ 110/2000] LR: 0.000100 | Train Loss: 0.006768 (Data: 0.00675, Mono: 0.00004) | Val MSE: 0.000083 (RMSE: 0.0091) [BEST]
2026-09-13 15:22:02,173 - INFO - Epoch [ 111/2000] LR: 0.000100 | Train Loss: 0.006036 (Data: 0.00602, Mono: 0.00004) | Val MSE: 0.000080 (RMSE: 0.0090) [BEST]
2026-09-13 15:22:02,211 - INFO - Epoch [ 112/2000] LR: 0.000100 | Train Loss: 0.006779 (Data: 0.00676, Mono: 0.00004) | Val MSE: 0.000080 (RMSE: 0.0089) [BEST]
2026-09-13 15:22:02,272 - INFO - Epoch [ 114/2000] LR: 0.000100 | Train Loss: 0.006100 (Data: 0.00608, Mono: 0.00004) | Val MSE: 0.000079 (RMSE: 0.0089) [BEST]
2026-09-13 15:22:02,305 - INFO - Epoch [ 115/2000] LR: 0.000100 | Train Loss: 0.006612 (Data: 0.00660, Mono: 0.00004) | Val MSE: 0.000079 (RMSE: 0.0089) [BEST]
2026-09-13 15:22:02,456 - INFO - Epoch [ 120/2000] LR: 0.000099 | Train Loss: 0.006291 (Data: 0.00628, Mono: 0.00004) | Val MSE: 0.000084 (RMSE: 0.0092) 
2026-09-13 15:22:02,743 - INFO - Epoch [ 130/2000] LR: 0.000099 | Train Loss: 0.006206 (Data: 0.00619, Mono: 0.00004) | Val MSE: 0.000086 (RMSE: 0.0093) 
2026-09-13 15:22:03,028 - INFO - Epoch [ 140/2000] LR: 0.000099 | Train Loss: 0.006230 (Data: 0.00622, Mono: 0.00004) | Val MSE: 0.000099 (RMSE: 0.0100) 
2026-09-13 15:22:03,310 - INFO - Epoch [ 150/2000] LR: 0.000099 | Train Loss: 0.006032 (Data: 0.00602, Mono: 0.00004) | Val MSE: 0.000089 (RMSE: 0.0094) 
2026-09-13 15:22:03,609 - INFO - Epoch [ 160/2000] LR: 0.000099 | Train Loss: 0.005642 (Data: 0.00563, Mono: 0.00003) | Val MSE: 0.000076 (RMSE: 0.0087) [BEST]
2026-09-13 15:22:03,649 - INFO - Epoch [ 161/2000] LR: 0.000099 | Train Loss: 0.006077 (Data: 0.00606, Mono: 0.00004) | Val MSE: 0.000076 (RMSE: 0.0087) [BEST]
2026-09-13 15:22:03,713 - INFO - Epoch [ 163/2000] LR: 0.000099 | Train Loss: 0.005504 (Data: 0.00549, Mono: 0.00004) | Val MSE: 0.000074 (RMSE: 0.0086) [BEST]
2026-09-13 15:22:03,912 - INFO - Epoch [ 169/2000] LR: 0.000099 | Train Loss: 0.005908 (Data: 0.00589, Mono: 0.00003) | Val MSE: 0.000070 (RMSE: 0.0084) [BEST]
2026-09-13 15:22:03,943 - INFO - Epoch [ 170/2000] LR: 0.000099 | Train Loss: 0.005604 (Data: 0.00559, Mono: 0.00003) | Val MSE: 0.000070 (RMSE: 0.0083) [BEST]
2026-09-13 15:22:04,239 - INFO - Epoch [ 180/2000] LR: 0.000099 | Train Loss: 0.005831 (Data: 0.00582, Mono: 0.00004) | Val MSE: 0.000086 (RMSE: 0.0092) 
2026-09-13 15:22:04,445 - INFO - Epoch [ 187/2000] LR: 0.000098 | Train Loss: 0.005941 (Data: 0.00593, Mono: 0.00004) | Val MSE: 0.000068 (RMSE: 0.0083) [BEST]
2026-09-13 15:22:04,477 - INFO - Epoch [ 188/2000] LR: 0.000098 | Train Loss: 0.005939 (Data: 0.00592, Mono: 0.00004) | Val MSE: 0.000067 (RMSE: 0.0082) [BEST]
2026-09-13 15:22:04,510 - INFO - Epoch [ 189/2000] LR: 0.000098 | Train Loss: 0.005635 (Data: 0.00562, Mono: 0.00004) | Val MSE: 0.000066 (RMSE: 0.0081) [BEST]
2026-09-13 15:22:04,543 - INFO - Epoch [ 190/2000] LR: 0.000098 | Train Loss: 0.005482 (Data: 0.00547, Mono: 0.00004) | Val MSE: 0.000065 (RMSE: 0.0080) [BEST]
2026-09-13 15:22:04,836 - INFO - Epoch [ 200/2000] LR: 0.000098 | Train Loss: 0.005472 (Data: 0.00546, Mono: 0.00004) | Val MSE: 0.000075 (RMSE: 0.0087) 
2026-09-13 15:22:05,126 - INFO - Epoch [ 210/2000] LR: 0.000098 | Train Loss: 0.005406 (Data: 0.00539, Mono: 0.00003) | Val MSE: 0.000093 (RMSE: 0.0097) 
2026-09-13 15:22:05,279 - INFO - Epoch [ 215/2000] LR: 0.000098 | Train Loss: 0.005194 (Data: 0.00518, Mono: 0.00003) | Val MSE: 0.000063 (RMSE: 0.0079) [BEST]
2026-09-13 15:22:05,319 - INFO - Epoch [ 216/2000] LR: 0.000098 | Train Loss: 0.005306 (Data: 0.00529, Mono: 0.00003) | Val MSE: 0.000061 (RMSE: 0.0078) [BEST]
2026-09-13 15:22:05,449 - INFO - Epoch [ 220/2000] LR: 0.000098 | Train Loss: 0.005418 (Data: 0.00540, Mono: 0.00003) | Val MSE: 0.000082 (RMSE: 0.0090) 
2026-09-13 15:22:05,661 - INFO - Epoch [ 227/2000] LR: 0.000098 | Train Loss: 0.005261 (Data: 0.00525, Mono: 0.00003) | Val MSE: 0.000060 (RMSE: 0.0077) [BEST]
2026-09-13 15:22:05,695 - INFO - Epoch [ 228/2000] LR: 0.000098 | Train Loss: 0.005221 (Data: 0.00521, Mono: 0.00003) | Val MSE: 0.000058 (RMSE: 0.0076) [BEST]
2026-09-13 15:22:05,764 - INFO - Epoch [ 230/2000] LR: 0.000098 | Train Loss: 0.005292 (Data: 0.00528, Mono: 0.00004) | Val MSE: 0.000058 (RMSE: 0.0076) [BEST]
2026-09-13 15:22:06,046 - INFO - Epoch [ 240/2000] LR: 0.000097 | Train Loss: 0.005148 (Data: 0.00513, Mono: 0.00003) | Val MSE: 0.000058 (RMSE: 0.0076) [BEST]
2026-09-13 15:22:06,349 - INFO - Epoch [ 250/2000] LR: 0.000097 | Train Loss: 0.005084 (Data: 0.00507, Mono: 0.00004) | Val MSE: 0.000098 (RMSE: 0.0099) 
2026-09-13 15:22:06,642 - INFO - Epoch [ 260/2000] LR: 0.000097 | Train Loss: 0.004924 (Data: 0.00491, Mono: 0.00003) | Val MSE: 0.000063 (RMSE: 0.0079) 
2026-09-13 15:22:06,933 - INFO - Epoch [ 270/2000] LR: 0.000096 | Train Loss: 0.005139 (Data: 0.00512, Mono: 0.00004) | Val MSE: 0.000061 (RMSE: 0.0078) 
2026-09-13 15:22:07,226 - INFO - Epoch [ 278/2000] LR: 0.000096 | Train Loss: 0.004850 (Data: 0.00484, Mono: 0.00004) | Val MSE: 0.000055 (RMSE: 0.0074) [BEST]
2026-09-13 15:22:07,296 - INFO - Epoch [ 280/2000] LR: 0.000096 | Train Loss: 0.004718 (Data: 0.00470, Mono: 0.00003) | Val MSE: 0.000058 (RMSE: 0.0076) 
2026-09-13 15:22:07,579 - INFO - Epoch [ 290/2000] LR: 0.000096 | Train Loss: 0.004911 (Data: 0.00490, Mono: 0.00003) | Val MSE: 0.000055 (RMSE: 0.0074) 
2026-09-13 15:22:07,619 - INFO - Epoch [ 291/2000] LR: 0.000096 | Train Loss: 0.004847 (Data: 0.00483, Mono: 0.00003) | Val MSE: 0.000053 (RMSE: 0.0073) [BEST]
2026-09-13 15:22:07,767 - INFO - Epoch [ 296/2000] LR: 0.000096 | Train Loss: 0.005063 (Data: 0.00505, Mono: 0.00003) | Val MSE: 0.000053 (RMSE: 0.0072) [BEST]
2026-09-13 15:22:07,877 - INFO - Epoch [ 300/2000] LR: 0.000096 | Train Loss: 0.004749 (Data: 0.00474, Mono: 0.00003) | Val MSE: 0.000057 (RMSE: 0.0075) 
2026-09-13 15:22:08,000 - INFO - Epoch [ 304/2000] LR: 0.000095 | Train Loss: 0.004736 (Data: 0.00472, Mono: 0.00003) | Val MSE: 0.000050 (RMSE: 0.0071) [BEST]
2026-09-13 15:22:08,028 - INFO - Epoch [ 305/2000] LR: 0.000095 | Train Loss: 0.004709 (Data: 0.00470, Mono: 0.00003) | Val MSE: 0.000050 (RMSE: 0.0071) [BEST]
2026-09-13 15:22:08,178 - INFO - Epoch [ 310/2000] LR: 0.000095 | Train Loss: 0.004772 (Data: 0.00476, Mono: 0.00003) | Val MSE: 0.000066 (RMSE: 0.0081) 
2026-09-13 15:22:08,261 - INFO - Epoch [ 313/2000] LR: 0.000095 | Train Loss: 0.004609 (Data: 0.00460, Mono: 0.00003) | Val MSE: 0.000048 (RMSE: 0.0069) [BEST]
2026-09-13 15:22:08,464 - INFO - Epoch [ 320/2000] LR: 0.000095 | Train Loss: 0.004558 (Data: 0.00454, Mono: 0.00004) | Val MSE: 0.000055 (RMSE: 0.0074) 
2026-09-13 15:22:08,613 - INFO - Epoch [ 325/2000] LR: 0.000095 | Train Loss: 0.004496 (Data: 0.00448, Mono: 0.00003) | Val MSE: 0.000046 (RMSE: 0.0068) [BEST]
2026-09-13 15:22:08,664 - INFO - Epoch [ 327/2000] LR: 0.000095 | Train Loss: 0.004598 (Data: 0.00459, Mono: 0.00003) | Val MSE: 0.000045 (RMSE: 0.0067) [BEST]
2026-09-13 15:22:08,761 - INFO - Epoch [ 330/2000] LR: 0.000094 | Train Loss: 0.004653 (Data: 0.00464, Mono: 0.00003) | Val MSE: 0.000048 (RMSE: 0.0069) 
2026-09-13 15:22:09,050 - INFO - Epoch [ 340/2000] LR: 0.000094 | Train Loss: 0.004499 (Data: 0.00449, Mono: 0.00003) | Val MSE: 0.000053 (RMSE: 0.0073) 
2026-09-13 15:22:09,336 - INFO - Epoch [ 350/2000] LR: 0.000094 | Train Loss: 0.004120 (Data: 0.00411, Mono: 0.00003) | Val MSE: 0.000056 (RMSE: 0.0075) 
2026-09-13 15:22:09,502 - INFO - Epoch [ 356/2000] LR: 0.000093 | Train Loss: 0.004146 (Data: 0.00413, Mono: 0.00003) | Val MSE: 0.000044 (RMSE: 0.0066) [BEST]
2026-09-13 15:22:09,537 - INFO - Epoch [ 357/2000] LR: 0.000093 | Train Loss: 0.004238 (Data: 0.00422, Mono: 0.00004) | Val MSE: 0.000044 (RMSE: 0.0066) [BEST]
2026-09-13 15:22:09,568 - INFO - Epoch [ 358/2000] LR: 0.000093 | Train Loss: 0.004296 (Data: 0.00428, Mono: 0.00003) | Val MSE: 0.000042 (RMSE: 0.0065) [BEST]
2026-09-13 15:22:09,630 - INFO - Epoch [ 360/2000] LR: 0.000093 | Train Loss: 0.004111 (Data: 0.00410, Mono: 0.00003) | Val MSE: 0.000047 (RMSE: 0.0068) 
2026-09-13 15:22:09,926 - INFO - Epoch [ 370/2000] LR: 0.000093 | Train Loss: 0.004140 (Data: 0.00413, Mono: 0.00003) | Val MSE: 0.000056 (RMSE: 0.0075) 
2026-09-13 15:22:10,097 - INFO - Epoch [ 376/2000] LR: 0.000093 | Train Loss: 0.004161 (Data: 0.00415, Mono: 0.00003) | Val MSE: 0.000040 (RMSE: 0.0063) [BEST]
2026-09-13 15:22:10,163 - INFO - Epoch [ 378/2000] LR: 0.000093 | Train Loss: 0.004321 (Data: 0.00431, Mono: 0.00003) | Val MSE: 0.000040 (RMSE: 0.0063) [BEST]
2026-09-13 15:22:10,224 - INFO - Epoch [ 380/2000] LR: 0.000093 | Train Loss: 0.004317 (Data: 0.00430, Mono: 0.00003) | Val MSE: 0.000053 (RMSE: 0.0073) 
2026-09-13 15:22:10,550 - INFO - Epoch [ 390/2000] LR: 0.000092 | Train Loss: 0.004105 (Data: 0.00409, Mono: 0.00003) | Val MSE: 0.000039 (RMSE: 0.0062) [BEST]
2026-09-13 15:22:10,842 - INFO - Epoch [ 400/2000] LR: 0.000092 | Train Loss: 0.003994 (Data: 0.00398, Mono: 0.00003) | Val MSE: 0.000053 (RMSE: 0.0073) 
2026-09-13 15:22:10,876 - INFO - Epoch [ 401/2000] LR: 0.000092 | Train Loss: 0.003926 (Data: 0.00391, Mono: 0.00003) | Val MSE: 0.000038 (RMSE: 0.0061) [BEST]
2026-09-13 15:22:11,130 - INFO - Epoch [ 410/2000] LR: 0.000091 | Train Loss: 0.004217 (Data: 0.00420, Mono: 0.00003) | Val MSE: 0.000051 (RMSE: 0.0071) 
2026-09-13 15:22:11,418 - INFO - Epoch [ 420/2000] LR: 0.000091 | Train Loss: 0.004125 (Data: 0.00411, Mono: 0.00003) | Val MSE: 0.000051 (RMSE: 0.0071) 
2026-09-13 15:22:11,520 - INFO - Epoch [ 423/2000] LR: 0.000091 | Train Loss: 0.003933 (Data: 0.00392, Mono: 0.00003) | Val MSE: 0.000037 (RMSE: 0.0061) [BEST]
2026-09-13 15:22:11,579 - INFO - Epoch [ 425/2000] LR: 0.000091 | Train Loss: 0.003845 (Data: 0.00383, Mono: 0.00003) | Val MSE: 0.000036 (RMSE: 0.0060) [BEST]
2026-09-13 15:22:11,720 - INFO - Epoch [ 430/2000] LR: 0.000090 | Train Loss: 0.003951 (Data: 0.00394, Mono: 0.00003) | Val MSE: 0.000046 (RMSE: 0.0068) 
2026-09-13 15:22:12,012 - INFO - Epoch [ 440/2000] LR: 0.000090 | Train Loss: 0.003838 (Data: 0.00383, Mono: 0.00003) | Val MSE: 0.000041 (RMSE: 0.0064) 
2026-09-13 15:22:12,344 - INFO - Epoch [ 450/2000] LR: 0.000089 | Train Loss: 0.003755 (Data: 0.00374, Mono: 0.00003) | Val MSE: 0.000039 (RMSE: 0.0062) 
2026-09-13 15:22:12,435 - INFO - Epoch [ 453/2000] LR: 0.000089 | Train Loss: 0.003699 (Data: 0.00369, Mono: 0.00003) | Val MSE: 0.000035 (RMSE: 0.0060) [BEST]
2026-09-13 15:22:12,632 - INFO - Epoch [ 460/2000] LR: 0.000089 | Train Loss: 0.003694 (Data: 0.00368, Mono: 0.00003) | Val MSE: 0.000045 (RMSE: 0.0067) 
2026-09-13 15:22:12,757 - INFO - Epoch [ 464/2000] LR: 0.000089 | Train Loss: 0.003778 (Data: 0.00377, Mono: 0.00003) | Val MSE: 0.000035 (RMSE: 0.0059) [BEST]
2026-09-13 15:22:12,793 - INFO - Epoch [ 465/2000] LR: 0.000089 | Train Loss: 0.003815 (Data: 0.00380, Mono: 0.00003) | Val MSE: 0.000034 (RMSE: 0.0058) [BEST]
2026-09-13 15:22:12,927 - INFO - Epoch [ 470/2000] LR: 0.000088 | Train Loss: 0.003793 (Data: 0.00378, Mono: 0.00003) | Val MSE: 0.000035 (RMSE: 0.0059) 
2026-09-13 15:22:13,051 - INFO - Epoch [ 474/2000] LR: 0.000088 | Train Loss: 0.003966 (Data: 0.00395, Mono: 0.00003) | Val MSE: 0.000033 (RMSE: 0.0058) [BEST]
2026-09-13 15:22:13,227 - INFO - Epoch [ 480/2000] LR: 0.000088 | Train Loss: 0.003524 (Data: 0.00351, Mono: 0.00003) | Val MSE: 0.000044 (RMSE: 0.0066) 
2026-09-13 15:22:13,355 - INFO - Epoch [ 484/2000] LR: 0.000088 | Train Loss: 0.003637 (Data: 0.00363, Mono: 0.00003) | Val MSE: 0.000032 (RMSE: 0.0057) [BEST]
2026-09-13 15:22:13,556 - INFO - Epoch [ 490/2000] LR: 0.000087 | Train Loss: 0.003707 (Data: 0.00369, Mono: 0.00003) | Val MSE: 0.000033 (RMSE: 0.0058) 
2026-09-13 15:22:13,853 - INFO - Epoch [ 500/2000] LR: 0.000087 | Train Loss: 0.003587 (Data: 0.00358, Mono: 0.00002) | Val MSE: 0.000035 (RMSE: 0.0059) 
2026-09-13 15:22:14,169 - INFO - Epoch [ 510/2000] LR: 0.000086 | Train Loss: 0.003418 (Data: 0.00341, Mono: 0.00003) | Val MSE: 0.000040 (RMSE: 0.0063) 
2026-09-13 15:22:14,231 - INFO - Epoch [ 512/2000] LR: 0.000086 | Train Loss: 0.003608 (Data: 0.00360, Mono: 0.00003) | Val MSE: 0.000032 (RMSE: 0.0056) [BEST]
2026-09-13 15:22:14,270 - INFO - Epoch [ 513/2000] LR: 0.000086 | Train Loss: 0.003674 (Data: 0.00366, Mono: 0.00003) | Val MSE: 0.000030 (RMSE: 0.0055) [BEST]
2026-09-13 15:22:14,329 - INFO - Epoch [ 515/2000] LR: 0.000086 | Train Loss: 0.003368 (Data: 0.00336, Mono: 0.00003) | Val MSE: 0.000030 (RMSE: 0.0055) [BEST]
2026-09-13 15:22:14,486 - INFO - Epoch [ 520/2000] LR: 0.000086 | Train Loss: 0.003240 (Data: 0.00323, Mono: 0.00003) | Val MSE: 0.000043 (RMSE: 0.0066) 
2026-09-13 15:22:14,785 - INFO - Epoch [ 530/2000] LR: 0.000085 | Train Loss: 0.003341 (Data: 0.00333, Mono: 0.00003) | Val MSE: 0.000032 (RMSE: 0.0057) 
2026-09-13 15:22:14,820 - INFO - Epoch [ 531/2000] LR: 0.000085 | Train Loss: 0.003260 (Data: 0.00325, Mono: 0.00003) | Val MSE: 0.000030 (RMSE: 0.0055) [BEST]
2026-09-13 15:22:15,075 - INFO - Epoch [ 540/2000] LR: 0.000085 | Train Loss: 0.003426 (Data: 0.00342, Mono: 0.00002) | Val MSE: 0.000031 (RMSE: 0.0055) 
2026-09-13 15:22:15,366 - INFO - Epoch [ 550/2000] LR: 0.000084 | Train Loss: 0.003146 (Data: 0.00314, Mono: 0.00002) | Val MSE: 0.000031 (RMSE: 0.0055) 
2026-09-13 15:22:15,461 - INFO - Epoch [ 553/2000] LR: 0.000084 | Train Loss: 0.003336 (Data: 0.00333, Mono: 0.00003) | Val MSE: 0.000029 (RMSE: 0.0054) [BEST]
2026-09-13 15:22:15,674 - INFO - Epoch [ 560/2000] LR: 0.000083 | Train Loss: 0.003168 (Data: 0.00316, Mono: 0.00002) | Val MSE: 0.000046 (RMSE: 0.0067) 
2026-09-13 15:22:15,819 - INFO - Epoch [ 565/2000] LR: 0.000083 | Train Loss: 0.003193 (Data: 0.00318, Mono: 0.00002) | Val MSE: 0.000029 (RMSE: 0.0054) [BEST]
2026-09-13 15:22:15,964 - INFO - Epoch [ 570/2000] LR: 0.000083 | Train Loss: 0.003011 (Data: 0.00300, Mono: 0.00003) | Val MSE: 0.000045 (RMSE: 0.0067) 
2026-09-13 15:22:16,263 - INFO - Epoch [ 580/2000] LR: 0.000082 | Train Loss: 0.003198 (Data: 0.00319, Mono: 0.00002) | Val MSE: 0.000031 (RMSE: 0.0056) 
2026-09-13 15:22:16,297 - INFO - Epoch [ 581/2000] LR: 0.000082 | Train Loss: 0.003314 (Data: 0.00331, Mono: 0.00002) | Val MSE: 0.000028 (RMSE: 0.0053) [BEST]
2026-09-13 15:22:16,328 - INFO - Epoch [ 582/2000] LR: 0.000082 | Train Loss: 0.003178 (Data: 0.00317, Mono: 0.00003) | Val MSE: 0.000028 (RMSE: 0.0052) [BEST]
2026-09-13 15:22:16,558 - INFO - Epoch [ 590/2000] LR: 0.000082 | Train Loss: 0.003111 (Data: 0.00310, Mono: 0.00003) | Val MSE: 0.000031 (RMSE: 0.0055) 
2026-09-13 15:22:16,855 - INFO - Epoch [ 600/2000] LR: 0.000081 | Train Loss: 0.003014 (Data: 0.00300, Mono: 0.00003) | Val MSE: 0.000035 (RMSE: 0.0059) 
2026-09-13 15:22:16,947 - INFO - Epoch [ 603/2000] LR: 0.000081 | Train Loss: 0.003171 (Data: 0.00316, Mono: 0.00003) | Val MSE: 0.000027 (RMSE: 0.0052) [BEST]
2026-09-13 15:22:17,165 - INFO - Epoch [ 610/2000] LR: 0.000080 | Train Loss: 0.002992 (Data: 0.00298, Mono: 0.00002) | Val MSE: 0.000044 (RMSE: 0.0066) 
2026-09-13 15:22:17,314 - INFO - Epoch [ 615/2000] LR: 0.000080 | Train Loss: 0.003018 (Data: 0.00301, Mono: 0.00003) | Val MSE: 0.000027 (RMSE: 0.0052) [BEST]
2026-09-13 15:22:17,491 - INFO - Epoch [ 620/2000] LR: 0.000080 | Train Loss: 0.002802 (Data: 0.00279, Mono: 0.00002) | Val MSE: 0.000040 (RMSE: 0.0063) 
2026-09-13 15:22:17,729 - INFO - Epoch [ 628/2000] LR: 0.000079 | Train Loss: 0.003113 (Data: 0.00310, Mono: 0.00003) | Val MSE: 0.000026 (RMSE: 0.0051) [BEST]
2026-09-13 15:22:17,794 - INFO - Epoch [ 630/2000] LR: 0.000079 | Train Loss: 0.002923 (Data: 0.00291, Mono: 0.00002) | Val MSE: 0.000034 (RMSE: 0.0058) 
2026-09-13 15:22:18,099 - INFO - Epoch [ 640/2000] LR: 0.000078 | Train Loss: 0.002875 (Data: 0.00287, Mono: 0.00002) | Val MSE: 0.000045 (RMSE: 0.0067) 
2026-09-13 15:22:18,186 - INFO - Epoch [ 643/2000] LR: 0.000078 | Train Loss: 0.003102 (Data: 0.00309, Mono: 0.00003) | Val MSE: 0.000026 (RMSE: 0.0051) [BEST]
2026-09-13 15:22:18,389 - INFO - Epoch [ 650/2000] LR: 0.000078 | Train Loss: 0.002782 (Data: 0.00277, Mono: 0.00003) | Val MSE: 0.000035 (RMSE: 0.0059) 
2026-09-13 15:22:18,691 - INFO - Epoch [ 660/2000] LR: 0.000077 | Train Loss: 0.002837 (Data: 0.00283, Mono: 0.00003) | Val MSE: 0.000039 (RMSE: 0.0062) 
2026-09-13 15:22:18,981 - INFO - Epoch [ 670/2000] LR: 0.000077 | Train Loss: 0.002717 (Data: 0.00271, Mono: 0.00002) | Val MSE: 0.000054 (RMSE: 0.0073) 
2026-09-13 15:22:19,251 - INFO - Epoch [ 679/2000] LR: 0.000076 | Train Loss: 0.002778 (Data: 0.00277, Mono: 0.00003) | Val MSE: 0.000026 (RMSE: 0.0051) [BEST]
2026-09-13 15:22:19,278 - INFO - Epoch [ 680/2000] LR: 0.000076 | Train Loss: 0.002801 (Data: 0.00279, Mono: 0.00002) | Val MSE: 0.000037 (RMSE: 0.0061) 
2026-09-13 15:22:19,607 - INFO - Epoch [ 690/2000] LR: 0.000075 | Train Loss: 0.002817 (Data: 0.00281, Mono: 0.00003) | Val MSE: 0.000034 (RMSE: 0.0059) 
2026-09-13 15:22:19,906 - INFO - Epoch [ 700/2000] LR: 0.000074 | Train Loss: 0.002783 (Data: 0.00277, Mono: 0.00002) | Val MSE: 0.000042 (RMSE: 0.0065) 
2026-09-13 15:22:20,193 - INFO - Epoch [ 710/2000] LR: 0.000074 | Train Loss: 0.002816 (Data: 0.00281, Mono: 0.00003) | Val MSE: 0.000040 (RMSE: 0.0063) 
2026-09-13 15:22:20,433 - INFO - Epoch [ 718/2000] LR: 0.000073 | Train Loss: 0.002724 (Data: 0.00271, Mono: 0.00003) | Val MSE: 0.000025 (RMSE: 0.0050) [BEST]
2026-09-13 15:22:20,496 - INFO - Epoch [ 720/2000] LR: 0.000073 | Train Loss: 0.002633 (Data: 0.00262, Mono: 0.00003) | Val MSE: 0.000030 (RMSE: 0.0055) 
2026-09-13 15:22:20,731 - INFO - Epoch [ 728/2000] LR: 0.000073 | Train Loss: 0.002775 (Data: 0.00277, Mono: 0.00002) | Val MSE: 0.000025 (RMSE: 0.0050) [BEST]
2026-09-13 15:22:20,797 - INFO - Epoch [ 730/2000] LR: 0.000072 | Train Loss: 0.002538 (Data: 0.00253, Mono: 0.00002) | Val MSE: 0.000055 (RMSE: 0.0074) 
2026-09-13 15:22:21,005 - INFO - Epoch [ 737/2000] LR: 0.000072 | Train Loss: 0.002638 (Data: 0.00263, Mono: 0.00002) | Val MSE: 0.000025 (RMSE: 0.0050) [BEST]
2026-09-13 15:22:21,121 - INFO - Epoch [ 740/2000] LR: 0.000072 | Train Loss: 0.002689 (Data: 0.00268, Mono: 0.00002) | Val MSE: 0.000025 (RMSE: 0.0050) [BEST]
2026-09-13 15:22:21,412 - INFO - Epoch [ 750/2000] LR: 0.000071 | Train Loss: 0.002810 (Data: 0.00280, Mono: 0.00003) | Val MSE: 0.000043 (RMSE: 0.0066) 
2026-09-13 15:22:21,709 - INFO - Epoch [ 760/2000] LR: 0.000070 | Train Loss: 0.002547 (Data: 0.00254, Mono: 0.00002) | Val MSE: 0.000040 (RMSE: 0.0063) 
2026-09-13 15:22:21,995 - INFO - Epoch [ 770/2000] LR: 0.000070 | Train Loss: 0.002602 (Data: 0.00259, Mono: 0.00002) | Val MSE: 0.000034 (RMSE: 0.0058) 
2026-09-13 15:22:22,283 - INFO - Epoch [ 780/2000] LR: 0.000069 | Train Loss: 0.002378 (Data: 0.00237, Mono: 0.00002) | Val MSE: 0.000035 (RMSE: 0.0059) 
2026-09-13 15:22:22,622 - INFO - Epoch [ 790/2000] LR: 0.000068 | Train Loss: 0.002619 (Data: 0.00261, Mono: 0.00002) | Val MSE: 0.000031 (RMSE: 0.0056) 
2026-09-13 15:22:22,664 - INFO - Epoch [ 791/2000] LR: 0.000068 | Train Loss: 0.002502 (Data: 0.00249, Mono: 0.00002) | Val MSE: 0.000025 (RMSE: 0.0050) [BEST]
2026-09-13 15:22:22,701 - INFO - Epoch [ 792/2000] LR: 0.000068 | Train Loss: 0.002406 (Data: 0.00240, Mono: 0.00002) | Val MSE: 0.000024 (RMSE: 0.0049) [BEST]
2026-09-13 15:22:22,943 - INFO - Epoch [ 800/2000] LR: 0.000067 | Train Loss: 0.002556 (Data: 0.00255, Mono: 0.00003) | Val MSE: 0.000037 (RMSE: 0.0061) 
2026-09-13 15:22:23,230 - INFO - Epoch [ 810/2000] LR: 0.000067 | Train Loss: 0.002620 (Data: 0.00261, Mono: 0.00002) | Val MSE: 0.000025 (RMSE: 0.0050) 
2026-09-13 15:22:23,527 - INFO - Epoch [ 820/2000] LR: 0.000066 | Train Loss: 0.002543 (Data: 0.00253, Mono: 0.00002) | Val MSE: 0.000043 (RMSE: 0.0066) 
2026-09-13 15:22:23,816 - INFO - Epoch [ 830/2000] LR: 0.000065 | Train Loss: 0.002386 (Data: 0.00238, Mono: 0.00002) | Val MSE: 0.000026 (RMSE: 0.0051) 
2026-09-13 15:22:24,107 - INFO - Epoch [ 840/2000] LR: 0.000064 | Train Loss: 0.002286 (Data: 0.00228, Mono: 0.00002) | Val MSE: 0.000032 (RMSE: 0.0056) 
2026-09-13 15:22:24,396 - INFO - Epoch [ 850/2000] LR: 0.000064 | Train Loss: 0.002392 (Data: 0.00238, Mono: 0.00002) | Val MSE: 0.000057 (RMSE: 0.0076) 
2026-09-13 15:22:24,710 - INFO - Epoch [ 860/2000] LR: 0.000063 | Train Loss: 0.002352 (Data: 0.00234, Mono: 0.00002) | Val MSE: 0.000030 (RMSE: 0.0054) 
2026-09-13 15:22:25,010 - INFO - Epoch [ 870/2000] LR: 0.000062 | Train Loss: 0.002365 (Data: 0.00236, Mono: 0.00002) | Val MSE: 0.000025 (RMSE: 0.0050) 
2026-09-13 15:22:25,308 - INFO - Epoch [ 880/2000] LR: 0.000061 | Train Loss: 0.002269 (Data: 0.00226, Mono: 0.00003) | Val MSE: 0.000032 (RMSE: 0.0057) 
2026-09-13 15:22:25,597 - INFO - Epoch [ 890/2000] LR: 0.000061 | Train Loss: 0.002385 (Data: 0.00238, Mono: 0.00002) | Val MSE: 0.000060 (RMSE: 0.0078) 
2026-09-13 15:22:25,881 - INFO - Epoch [ 900/2000] LR: 0.000060 | Train Loss: 0.002454 (Data: 0.00245, Mono: 0.00002) | Val MSE: 0.000044 (RMSE: 0.0066) 
2026-09-13 15:22:26,180 - INFO - Epoch [ 910/2000] LR: 0.000059 | Train Loss: 0.002239 (Data: 0.00223, Mono: 0.00002) | Val MSE: 0.000028 (RMSE: 0.0053) 
2026-09-13 15:22:26,480 - INFO - Epoch [ 920/2000] LR: 0.000058 | Train Loss: 0.002414 (Data: 0.00241, Mono: 0.00002) | Val MSE: 0.000044 (RMSE: 0.0066) 
2026-09-13 15:22:26,780 - INFO - Epoch [ 930/2000] LR: 0.000057 | Train Loss: 0.002261 (Data: 0.00225, Mono: 0.00002) | Val MSE: 0.000037 (RMSE: 0.0061) 
2026-09-13 15:22:27,093 - INFO - Epoch [ 940/2000] LR: 0.000057 | Train Loss: 0.002328 (Data: 0.00232, Mono: 0.00002) | Val MSE: 0.000026 (RMSE: 0.0051) 
2026-09-13 15:22:27,417 - INFO - Epoch [ 950/2000] LR: 0.000056 | Train Loss: 0.002150 (Data: 0.00214, Mono: 0.00002) | Val MSE: 0.000052 (RMSE: 0.0072) 
2026-09-13 15:22:27,752 - INFO - Epoch [ 960/2000] LR: 0.000055 | Train Loss: 0.002105 (Data: 0.00210, Mono: 0.00002) | Val MSE: 0.000029 (RMSE: 0.0054) 
2026-09-13 15:22:28,127 - INFO - Epoch [ 970/2000] LR: 0.000054 | Train Loss: 0.002235 (Data: 0.00223, Mono: 0.00002) | Val MSE: 0.000029 (RMSE: 0.0054) 
2026-09-13 15:22:28,485 - INFO - Epoch [ 980/2000] LR: 0.000054 | Train Loss: 0.002217 (Data: 0.00221, Mono: 0.00002) | Val MSE: 0.000026 (RMSE: 0.0051) 
2026-09-13 15:22:28,828 - INFO - Epoch [ 990/2000] LR: 0.000053 | Train Loss: 0.002128 (Data: 0.00212, Mono: 0.00002) | Val MSE: 0.000027 (RMSE: 0.0052) 
2026-09-13 15:22:29,192 - INFO - Epoch [1000/2000] LR: 0.000052 | Train Loss: 0.002226 (Data: 0.00222, Mono: 0.00002) | Val MSE: 0.000036 (RMSE: 0.0060) 
2026-09-13 15:22:29,536 - INFO - Epoch [1010/2000] LR: 0.000051 | Train Loss: 0.002007 (Data: 0.00200, Mono: 0.00002) | Val MSE: 0.000028 (RMSE: 0.0053) 
2026-09-13 15:22:29,877 - INFO - Epoch [1020/2000] LR: 0.000050 | Train Loss: 0.002097 (Data: 0.00209, Mono: 0.00002) | Val MSE: 0.000030 (RMSE: 0.0055) 
2026-09-13 15:22:30,245 - INFO - Epoch [1030/2000] LR: 0.000050 | Train Loss: 0.002195 (Data: 0.00219, Mono: 0.00002) | Val MSE: 0.000027 (RMSE: 0.0052) 
2026-09-13 15:22:30,572 - INFO - Epoch [1040/2000] LR: 0.000049 | Train Loss: 0.002074 (Data: 0.00207, Mono: 0.00002) | Val MSE: 0.000046 (RMSE: 0.0068) 
2026-09-13 15:22:30,911 - INFO - Epoch [1050/2000] LR: 0.000048 | Train Loss: 0.001985 (Data: 0.00198, Mono: 0.00002) | Val MSE: 0.000041 (RMSE: 0.0064) 
2026-09-13 15:22:31,229 - INFO - Epoch [1060/2000] LR: 0.000047 | Train Loss: 0.002082 (Data: 0.00207, Mono: 0.00002) | Val MSE: 0.000049 (RMSE: 0.0070) 
2026-09-13 15:22:31,519 - INFO - Epoch [1070/2000] LR: 0.000046 | Train Loss: 0.001897 (Data: 0.00189, Mono: 0.00002) | Val MSE: 0.000058 (RMSE: 0.0076) 
2026-09-13 15:22:31,848 - INFO - Epoch [1080/2000] LR: 0.000046 | Train Loss: 0.001897 (Data: 0.00189, Mono: 0.00002) | Val MSE: 0.000043 (RMSE: 0.0066) 
2026-09-13 15:22:32,227 - INFO - Epoch [1090/2000] LR: 0.000045 | Train Loss: 0.001980 (Data: 0.00197, Mono: 0.00002) | Val MSE: 0.000034 (RMSE: 0.0059) 
2026-09-13 15:22:32,535 - INFO - Epoch [1100/2000] LR: 0.000044 | Train Loss: 0.002000 (Data: 0.00199, Mono: 0.00002) | Val MSE: 0.000027 (RMSE: 0.0052) 
2026-09-13 15:22:32,842 - INFO - Epoch [1110/2000] LR: 0.000043 | Train Loss: 0.001946 (Data: 0.00194, Mono: 0.00002) | Val MSE: 0.000037 (RMSE: 0.0061) 
2026-09-13 15:22:33,194 - INFO - Epoch [1120/2000] LR: 0.000043 | Train Loss: 0.001975 (Data: 0.00197, Mono: 0.00002) | Val MSE: 0.000031 (RMSE: 0.0056) 
2026-09-13 15:22:33,528 - INFO - Epoch [1130/2000] LR: 0.000042 | Train Loss: 0.002025 (Data: 0.00202, Mono: 0.00002) | Val MSE: 0.000043 (RMSE: 0.0065) 
2026-09-13 15:22:33,853 - INFO - Epoch [1140/2000] LR: 0.000041 | Train Loss: 0.002061 (Data: 0.00205, Mono: 0.00002) | Val MSE: 0.000037 (RMSE: 0.0061) 
2026-09-13 15:22:34,195 - INFO - Epoch [1150/2000] LR: 0.000040 | Train Loss: 0.001887 (Data: 0.00188, Mono: 0.00002) | Val MSE: 0.000053 (RMSE: 0.0073) 
2026-09-13 15:22:34,548 - INFO - Epoch [1160/2000] LR: 0.000040 | Train Loss: 0.001954 (Data: 0.00195, Mono: 0.00002) | Val MSE: 0.000056 (RMSE: 0.0075) 
2026-09-13 15:22:34,897 - INFO - Epoch [1170/2000] LR: 0.000039 | Train Loss: 0.002069 (Data: 0.00206, Mono: 0.00002) | Val MSE: 0.000037 (RMSE: 0.0061) 
2026-09-13 15:22:35,258 - INFO - Epoch [1180/2000] LR: 0.000038 | Train Loss: 0.001953 (Data: 0.00195, Mono: 0.00002) | Val MSE: 0.000050 (RMSE: 0.0070) 
2026-09-13 15:22:35,617 - INFO - Epoch [1190/2000] LR: 0.000037 | Train Loss: 0.001987 (Data: 0.00198, Mono: 0.00002) | Val MSE: 0.000053 (RMSE: 0.0073) 
2026-09-13 15:22:35,960 - INFO - Epoch [1200/2000] LR: 0.000036 | Train Loss: 0.001987 (Data: 0.00198, Mono: 0.00002) | Val MSE: 0.000034 (RMSE: 0.0058) 
2026-09-13 15:22:36,299 - INFO - Epoch [1210/2000] LR: 0.000036 | Train Loss: 0.001933 (Data: 0.00192, Mono: 0.00002) | Val MSE: 0.000033 (RMSE: 0.0057) 
2026-09-13 15:22:36,632 - INFO - Epoch [1220/2000] LR: 0.000035 | Train Loss: 0.001804 (Data: 0.00180, Mono: 0.00002) | Val MSE: 0.000037 (RMSE: 0.0061) 
2026-09-13 15:22:36,965 - INFO - Epoch [1230/2000] LR: 0.000034 | Train Loss: 0.001827 (Data: 0.00182, Mono: 0.00002) | Val MSE: 0.000036 (RMSE: 0.0060) 
2026-09-13 15:22:37,309 - INFO - Epoch [1240/2000] LR: 0.000034 | Train Loss: 0.001807 (Data: 0.00180, Mono: 0.00002) | Val MSE: 0.000034 (RMSE: 0.0059) 
2026-09-13 15:22:37,662 - INFO - Epoch [1250/2000] LR: 0.000033 | Train Loss: 0.001823 (Data: 0.00182, Mono: 0.00002) | Val MSE: 0.000052 (RMSE: 0.0072) 
2026-09-13 15:22:37,972 - INFO - Epoch [1260/2000] LR: 0.000032 | Train Loss: 0.001821 (Data: 0.00181, Mono: 0.00002) | Val MSE: 0.000045 (RMSE: 0.0067) 
2026-09-13 15:22:38,311 - INFO - Epoch [1270/2000] LR: 0.000031 | Train Loss: 0.001804 (Data: 0.00180, Mono: 0.00002) | Val MSE: 0.000039 (RMSE: 0.0062) 
2026-09-13 15:22:38,647 - INFO - Epoch [1280/2000] LR: 0.000031 | Train Loss: 0.001921 (Data: 0.00191, Mono: 0.00002) | Val MSE: 0.000039 (RMSE: 0.0062) 
2026-09-13 15:22:38,985 - INFO - Epoch [1290/2000] LR: 0.000030 | Train Loss: 0.001936 (Data: 0.00193, Mono: 0.00002) | Val MSE: 0.000060 (RMSE: 0.0078) 
2026-09-13 15:22:39,312 - INFO - Epoch [1300/2000] LR: 0.000029 | Train Loss: 0.001843 (Data: 0.00183, Mono: 0.00002) | Val MSE: 0.000037 (RMSE: 0.0061) 
2026-09-13 15:22:39,652 - INFO - Epoch [1310/2000] LR: 0.000028 | Train Loss: 0.001815 (Data: 0.00181, Mono: 0.00002) | Val MSE: 0.000040 (RMSE: 0.0063) 
2026-09-13 15:22:39,948 - INFO - Epoch [1320/2000] LR: 0.000028 | Train Loss: 0.001813 (Data: 0.00180, Mono: 0.00002) | Val MSE: 0.000031 (RMSE: 0.0055) 
2026-09-13 15:22:40,236 - INFO - Epoch [1330/2000] LR: 0.000027 | Train Loss: 0.001778 (Data: 0.00177, Mono: 0.00002) | Val MSE: 0.000042 (RMSE: 0.0064) 
2026-09-13 15:22:40,553 - INFO - Epoch [1340/2000] LR: 0.000026 | Train Loss: 0.001815 (Data: 0.00181, Mono: 0.00002) | Val MSE: 0.000032 (RMSE: 0.0057) 
2026-09-13 15:22:40,869 - INFO - Epoch [1350/2000] LR: 0.000026 | Train Loss: 0.001746 (Data: 0.00174, Mono: 0.00002) | Val MSE: 0.000036 (RMSE: 0.0060) 
2026-09-13 15:22:41,199 - INFO - Epoch [1360/2000] LR: 0.000025 | Train Loss: 0.001796 (Data: 0.00179, Mono: 0.00002) | Val MSE: 0.000049 (RMSE: 0.0070) 
2026-09-13 15:22:41,525 - INFO - Epoch [1370/2000] LR: 0.000024 | Train Loss: 0.001837 (Data: 0.00183, Mono: 0.00002) | Val MSE: 0.000042 (RMSE: 0.0064) 
2026-09-13 15:22:41,848 - INFO - Epoch [1380/2000] LR: 0.000024 | Train Loss: 0.001693 (Data: 0.00168, Mono: 0.00002) | Val MSE: 0.000043 (RMSE: 0.0066) 
2026-09-13 15:22:42,184 - INFO - Epoch [1390/2000] LR: 0.000023 | Train Loss: 0.001847 (Data: 0.00184, Mono: 0.00002) | Val MSE: 0.000051 (RMSE: 0.0071) 
2026-09-13 15:22:42,515 - INFO - Epoch [1400/2000] LR: 0.000022 | Train Loss: 0.001750 (Data: 0.00174, Mono: 0.00002) | Val MSE: 0.000035 (RMSE: 0.0060) 
2026-09-13 15:22:42,847 - INFO - Epoch [1410/2000] LR: 0.000022 | Train Loss: 0.001790 (Data: 0.00178, Mono: 0.00002) | Val MSE: 0.000033 (RMSE: 0.0058) 
2026-09-13 15:22:43,167 - INFO - Epoch [1420/2000] LR: 0.000021 | Train Loss: 0.001743 (Data: 0.00173, Mono: 0.00002) | Val MSE: 0.000037 (RMSE: 0.0061) 
2026-09-13 15:22:43,498 - INFO - Epoch [1430/2000] LR: 0.000021 | Train Loss: 0.001697 (Data: 0.00169, Mono: 0.00002) | Val MSE: 0.000034 (RMSE: 0.0058) 
2026-09-13 15:22:43,828 - INFO - Epoch [1440/2000] LR: 0.000020 | Train Loss: 0.001806 (Data: 0.00180, Mono: 0.00002) | Val MSE: 0.000038 (RMSE: 0.0061) 
2026-09-13 15:22:44,176 - INFO - Epoch [1450/2000] LR: 0.000019 | Train Loss: 0.001810 (Data: 0.00180, Mono: 0.00002) | Val MSE: 0.000040 (RMSE: 0.0064) 
2026-09-13 15:22:44,530 - INFO - Epoch [1460/2000] LR: 0.000019 | Train Loss: 0.001701 (Data: 0.00169, Mono: 0.00002) | Val MSE: 0.000038 (RMSE: 0.0062) 
2026-09-13 15:22:44,876 - INFO - Epoch [1470/2000] LR: 0.000018 | Train Loss: 0.001754 (Data: 0.00175, Mono: 0.00002) | Val MSE: 0.000036 (RMSE: 0.0060) 
2026-09-13 15:22:45,231 - INFO - Epoch [1480/2000] LR: 0.000018 | Train Loss: 0.001768 (Data: 0.00176, Mono: 0.00002) | Val MSE: 0.000035 (RMSE: 0.0059) 
2026-09-13 15:22:45,594 - INFO - Epoch [1490/2000] LR: 0.000017 | Train Loss: 0.001799 (Data: 0.00179, Mono: 0.00002) | Val MSE: 0.000042 (RMSE: 0.0064) 
2026-09-13 15:22:45,932 - INFO - Epoch [1500/2000] LR: 0.000016 | Train Loss: 0.001817 (Data: 0.00181, Mono: 0.00002) | Val MSE: 0.000049 (RMSE: 0.0070) 
2026-09-13 15:22:46,300 - INFO - Epoch [1510/2000] LR: 0.000016 | Train Loss: 0.001724 (Data: 0.00172, Mono: 0.00002) | Val MSE: 0.000036 (RMSE: 0.0060) 
2026-09-13 15:22:46,655 - INFO - Epoch [1520/2000] LR: 0.000015 | Train Loss: 0.001589 (Data: 0.00158, Mono: 0.00002) | Val MSE: 0.000055 (RMSE: 0.0074) 
2026-09-13 15:22:47,012 - INFO - Epoch [1530/2000] LR: 0.000015 | Train Loss: 0.001796 (Data: 0.00179, Mono: 0.00002) | Val MSE: 0.000060 (RMSE: 0.0077) 
2026-09-13 15:22:47,348 - INFO - Epoch [1540/2000] LR: 0.000014 | Train Loss: 0.001757 (Data: 0.00175, Mono: 0.00002) | Val MSE: 0.000035 (RMSE: 0.0059) 
2026-09-13 15:22:47,680 - INFO - Epoch [1550/2000] LR: 0.000014 | Train Loss: 0.001754 (Data: 0.00175, Mono: 0.00002) | Val MSE: 0.000042 (RMSE: 0.0065) 
2026-09-13 15:22:48,038 - INFO - Epoch [1560/2000] LR: 0.000013 | Train Loss: 0.001669 (Data: 0.00166, Mono: 0.00002) | Val MSE: 0.000044 (RMSE: 0.0066) 
2026-09-13 15:22:48,408 - INFO - Epoch [1570/2000] LR: 0.000013 | Train Loss: 0.001705 (Data: 0.00170, Mono: 0.00002) | Val MSE: 0.000041 (RMSE: 0.0064) 
2026-09-13 15:22:48,769 - INFO - Epoch [1580/2000] LR: 0.000012 | Train Loss: 0.001721 (Data: 0.00171, Mono: 0.00002) | Val MSE: 0.000038 (RMSE: 0.0062) 
2026-09-13 15:22:49,128 - INFO - Epoch [1590/2000] LR: 0.000012 | Train Loss: 0.001704 (Data: 0.00170, Mono: 0.00002) | Val MSE: 0.000036 (RMSE: 0.0060) 
2026-09-13 15:22:49,483 - INFO - Epoch [1600/2000] LR: 0.000011 | Train Loss: 0.001669 (Data: 0.00166, Mono: 0.00002) | Val MSE: 0.000035 (RMSE: 0.0059) 
2026-09-13 15:22:49,828 - INFO - Epoch [1610/2000] LR: 0.000011 | Train Loss: 0.001721 (Data: 0.00171, Mono: 0.00002) | Val MSE: 0.000037 (RMSE: 0.0061) 
2026-09-13 15:22:50,193 - INFO - Epoch [1620/2000] LR: 0.000010 | Train Loss: 0.001738 (Data: 0.00173, Mono: 0.00002) | Val MSE: 0.000034 (RMSE: 0.0058) 
2026-09-13 15:22:50,518 - INFO - Epoch [1630/2000] LR: 0.000010 | Train Loss: 0.001723 (Data: 0.00172, Mono: 0.00002) | Val MSE: 0.000039 (RMSE: 0.0062) 
2026-09-13 15:22:50,875 - INFO - Epoch [1640/2000] LR: 0.000009 | Train Loss: 0.001693 (Data: 0.00169, Mono: 0.00002) | Val MSE: 0.000039 (RMSE: 0.0062) 
2026-09-13 15:22:51,223 - INFO - Epoch [1650/2000] LR: 0.000009 | Train Loss: 0.001692 (Data: 0.00169, Mono: 0.00002) | Val MSE: 0.000052 (RMSE: 0.0072) 
2026-09-13 15:22:51,553 - INFO - Epoch [1660/2000] LR: 0.000009 | Train Loss: 0.001719 (Data: 0.00171, Mono: 0.00002) | Val MSE: 0.000042 (RMSE: 0.0064) 
2026-09-13 15:22:51,863 - INFO - Epoch [1670/2000] LR: 0.000008 | Train Loss: 0.001674 (Data: 0.00167, Mono: 0.00002) | Val MSE: 0.000040 (RMSE: 0.0063) 
2026-09-13 15:22:52,190 - INFO - Epoch [1680/2000] LR: 0.000008 | Train Loss: 0.001672 (Data: 0.00167, Mono: 0.00002) | Val MSE: 0.000040 (RMSE: 0.0063) 
2026-09-13 15:22:52,526 - INFO - Epoch [1690/2000] LR: 0.000007 | Train Loss: 0.001677 (Data: 0.00167, Mono: 0.00002) | Val MSE: 0.000048 (RMSE: 0.0070) 
2026-09-13 15:22:52,832 - INFO - Epoch [1700/2000] LR: 0.000007 | Train Loss: 0.001622 (Data: 0.00162, Mono: 0.00002) | Val MSE: 0.000048 (RMSE: 0.0070) 
2026-09-13 15:22:53,153 - INFO - Epoch [1710/2000] LR: 0.000007 | Train Loss: 0.001642 (Data: 0.00163, Mono: 0.00002) | Val MSE: 0.000042 (RMSE: 0.0065) 
2026-09-13 15:22:53,484 - INFO - Epoch [1720/2000] LR: 0.000006 | Train Loss: 0.001651 (Data: 0.00164, Mono: 0.00002) | Val MSE: 0.000043 (RMSE: 0.0066) 
2026-09-13 15:22:53,822 - INFO - Epoch [1730/2000] LR: 0.000006 | Train Loss: 0.001791 (Data: 0.00178, Mono: 0.00002) | Val MSE: 0.000042 (RMSE: 0.0065) 
2026-09-13 15:22:54,149 - INFO - Epoch [1740/2000] LR: 0.000006 | Train Loss: 0.001744 (Data: 0.00174, Mono: 0.00002) | Val MSE: 0.000040 (RMSE: 0.0063) 
2026-09-13 15:22:54,462 - INFO - Epoch [1750/2000] LR: 0.000005 | Train Loss: 0.001658 (Data: 0.00165, Mono: 0.00002) | Val MSE: 0.000047 (RMSE: 0.0068) 
2026-09-13 15:22:54,775 - INFO - Epoch [1760/2000] LR: 0.000005 | Train Loss: 0.001639 (Data: 0.00163, Mono: 0.00002) | Val MSE: 0.000049 (RMSE: 0.0070) 
2026-09-13 15:22:55,106 - INFO - Epoch [1770/2000] LR: 0.000005 | Train Loss: 0.001636 (Data: 0.00163, Mono: 0.00002) | Val MSE: 0.000040 (RMSE: 0.0063) 
2026-09-13 15:22:55,444 - INFO - Epoch [1780/2000] LR: 0.000005 | Train Loss: 0.001720 (Data: 0.00171, Mono: 0.00002) | Val MSE: 0.000041 (RMSE: 0.0064) 
2026-09-13 15:22:55,773 - INFO - Epoch [1790/2000] LR: 0.000004 | Train Loss: 0.001642 (Data: 0.00163, Mono: 0.00002) | Val MSE: 0.000039 (RMSE: 0.0062) 
2026-09-13 15:22:56,103 - INFO - Epoch [1800/2000] LR: 0.000004 | Train Loss: 0.001655 (Data: 0.00165, Mono: 0.00002) | Val MSE: 0.000043 (RMSE: 0.0066) 
2026-09-13 15:22:56,443 - INFO - Epoch [1810/2000] LR: 0.000004 | Train Loss: 0.001606 (Data: 0.00160, Mono: 0.00002) | Val MSE: 0.000039 (RMSE: 0.0062) 
2026-09-13 15:22:56,772 - INFO - Epoch [1820/2000] LR: 0.000004 | Train Loss: 0.001537 (Data: 0.00153, Mono: 0.00002) | Val MSE: 0.000046 (RMSE: 0.0068) 
2026-09-13 15:22:57,122 - INFO - Epoch [1830/2000] LR: 0.000003 | Train Loss: 0.001699 (Data: 0.00169, Mono: 0.00002) | Val MSE: 0.000046 (RMSE: 0.0068) 
2026-09-13 15:22:57,445 - INFO - Epoch [1840/2000] LR: 0.000003 | Train Loss: 0.001592 (Data: 0.00158, Mono: 0.00002) | Val MSE: 0.000043 (RMSE: 0.0065) 
2026-09-13 15:22:57,776 - INFO - Epoch [1850/2000] LR: 0.000003 | Train Loss: 0.001640 (Data: 0.00163, Mono: 0.00002) | Val MSE: 0.000042 (RMSE: 0.0065) 
2026-09-13 15:22:58,084 - INFO - Epoch [1860/2000] LR: 0.000003 | Train Loss: 0.001591 (Data: 0.00158, Mono: 0.00002) | Val MSE: 0.000044 (RMSE: 0.0066) 
2026-09-13 15:22:58,413 - INFO - Epoch [1870/2000] LR: 0.000003 | Train Loss: 0.001655 (Data: 0.00165, Mono: 0.00002) | Val MSE: 0.000045 (RMSE: 0.0067) 
2026-09-13 15:22:58,748 - INFO - Epoch [1880/2000] LR: 0.000002 | Train Loss: 0.001565 (Data: 0.00156, Mono: 0.00002) | Val MSE: 0.000044 (RMSE: 0.0066) 
2026-09-13 15:22:59,098 - INFO - Epoch [1890/2000] LR: 0.000002 | Train Loss: 0.001663 (Data: 0.00166, Mono: 0.00002) | Val MSE: 0.000045 (RMSE: 0.0067) 
2026-09-13 15:22:59,445 - INFO - Epoch [1900/2000] LR: 0.000002 | Train Loss: 0.001578 (Data: 0.00157, Mono: 0.00002) | Val MSE: 0.000042 (RMSE: 0.0065) 
2026-09-13 15:22:59,792 - INFO - Epoch [1910/2000] LR: 0.000002 | Train Loss: 0.001729 (Data: 0.00172, Mono: 0.00002) | Val MSE: 0.000046 (RMSE: 0.0068) 
2026-09-13 15:23:00,181 - INFO - Epoch [1920/2000] LR: 0.000002 | Train Loss: 0.001638 (Data: 0.00163, Mono: 0.00002) | Val MSE: 0.000043 (RMSE: 0.0065) 
2026-09-13 15:23:00,492 - INFO - Epoch [1930/2000] LR: 0.000002 | Train Loss: 0.001630 (Data: 0.00162, Mono: 0.00002) | Val MSE: 0.000044 (RMSE: 0.0066) 
2026-09-13 15:23:00,820 - INFO - Epoch [1940/2000] LR: 0.000002 | Train Loss: 0.001661 (Data: 0.00165, Mono: 0.00002) | Val MSE: 0.000045 (RMSE: 0.0067) 
2026-09-13 15:23:01,167 - INFO - Epoch [1950/2000] LR: 0.000002 | Train Loss: 0.001744 (Data: 0.00174, Mono: 0.00001) | Val MSE: 0.000042 (RMSE: 0.0065) 
2026-09-13 15:23:01,511 - INFO - Epoch [1960/2000] LR: 0.000002 | Train Loss: 0.001580 (Data: 0.00157, Mono: 0.00002) | Val MSE: 0.000045 (RMSE: 0.0067) 
2026-09-13 15:23:01,859 - INFO - Epoch [1970/2000] LR: 0.000002 | Train Loss: 0.001661 (Data: 0.00165, Mono: 0.00002) | Val MSE: 0.000041 (RMSE: 0.0064) 
2026-09-13 15:23:02,142 - INFO - Epoch [1980/2000] LR: 0.000002 | Train Loss: 0.001628 (Data: 0.00162, Mono: 0.00002) | Val MSE: 0.000044 (RMSE: 0.0067) 
2026-09-13 15:23:02,441 - INFO - Epoch [1990/2000] LR: 0.000002 | Train Loss: 0.001710 (Data: 0.00170, Mono: 0.00002) | Val MSE: 0.000043 (RMSE: 0.0066) 
2026-09-13 15:23:02,767 - INFO - Epoch [2000/2000] LR: 0.000002 | Train Loss: 0.001606 (Data: 0.00160, Mono: 0.00002) | Val MSE: 0.000042 (RMSE: 0.0064) 
2026-09-13 15:23:02,767 - INFO - Training completed in 64.84s. Loading best checkpoint from epoch 792 for final test evaluation...
2026-09-13 15:23:02,788 - INFO - ==================================================
2026-09-13 15:23:02,788 - INFO - Test Results for [XJTU] - [RW] (Best Epoch 792):
2026-09-13 15:23:02,788 - INFO -   Test RMSE: 0.008860
2026-09-13 15:23:02,788 - INFO -   Test MAE:  0.006344
2026-09-13 15:23:02,788 - INFO -   Test MAPE: 0.696100
2026-09-13 15:23:02,788 - INFO -   Test MSE:  0.000078
2026-09-13 15:23:02,788 - INFO - ==================================================
2026-09-13 15:32:43,614 - INFO - ==================================================
2026-09-13 15:32:43,614 - INFO - Starting FusionMLP Training for [XJTU] - [RW]
2026-09-13 15:32:43,614 - INFO - Device: cuda | Epochs: 2000 | LR: 0.000100 | Mono Weight: 0.4000 | Knee Feature: True
2026-09-13 15:32:43,614 - INFO - ==================================================
2026-09-13 15:32:43,672 - INFO - Data Splits: Train=5, Val=1, Test=2
2026-09-13 15:32:43,741 - INFO - Epoch [   1/2000] LR: 0.006063 | Train Loss: 0.242578 (Data: 0.24253, Mono: 0.00011) | Val MSE: 0.059481 (RMSE: 0.2439) [BEST]
2026-09-13 15:32:43,791 - INFO - Epoch [   2/2000] LR: 0.005857 | Train Loss: 0.103515 (Data: 0.10347, Mono: 0.00010) | Val MSE: 0.041869 (RMSE: 0.2046) [BEST]
2026-09-13 15:32:43,842 - INFO - Epoch [   3/2000] LR: 0.005651 | Train Loss: 0.063001 (Data: 0.06297, Mono: 0.00007) | Val MSE: 0.014688 (RMSE: 0.1212) [BEST]
2026-09-13 15:32:43,888 - INFO - Epoch [   4/2000] LR: 0.005446 | Train Loss: 0.051237 (Data: 0.05120, Mono: 0.00008) | Val MSE: 0.002795 (RMSE: 0.0529) [BEST]
2026-09-13 15:32:43,980 - INFO - Epoch [   6/2000] LR: 0.005035 | Train Loss: 0.029442 (Data: 0.02942, Mono: 0.00006) | Val MSE: 0.000400 (RMSE: 0.0200) [BEST]
2026-09-13 15:32:44,151 - INFO - Epoch [  10/2000] LR: 0.004212 | Train Loss: 0.016078 (Data: 0.01605, Mono: 0.00006) | Val MSE: 0.000376 (RMSE: 0.0194) [BEST]
2026-09-13 15:32:44,196 - INFO - Epoch [  11/2000] LR: 0.004007 | Train Loss: 0.015434 (Data: 0.01541, Mono: 0.00006) | Val MSE: 0.000247 (RMSE: 0.0157) [BEST]
2026-09-13 15:32:44,318 - INFO - Epoch [  14/2000] LR: 0.003390 | Train Loss: 0.011756 (Data: 0.01173, Mono: 0.00006) | Val MSE: 0.000232 (RMSE: 0.0152) [BEST]
2026-09-13 15:32:44,491 - INFO - Epoch [  18/2000] LR: 0.002567 | Train Loss: 0.009794 (Data: 0.00978, Mono: 0.00005) | Val MSE: 0.000187 (RMSE: 0.0137) [BEST]
2026-09-13 15:32:44,538 - INFO - Epoch [  19/2000] LR: 0.002362 | Train Loss: 0.009465 (Data: 0.00945, Mono: 0.00005) | Val MSE: 0.000170 (RMSE: 0.0131) [BEST]
2026-09-13 15:32:44,585 - INFO - Epoch [  20/2000] LR: 0.002156 | Train Loss: 0.008813 (Data: 0.00879, Mono: 0.00005) | Val MSE: 0.000246 (RMSE: 0.0157) 
2026-09-13 15:32:44,630 - INFO - Epoch [  21/2000] LR: 0.001950 | Train Loss: 0.009059 (Data: 0.00904, Mono: 0.00004) | Val MSE: 0.000154 (RMSE: 0.0124) [BEST]
2026-09-13 15:32:44,674 - INFO - Epoch [  22/2000] LR: 0.001745 | Train Loss: 0.008524 (Data: 0.00851, Mono: 0.00004) | Val MSE: 0.000108 (RMSE: 0.0104) [BEST]
2026-09-13 15:32:45,106 - INFO - Epoch [  30/2000] LR: 0.000100 | Train Loss: 0.008014 (Data: 0.00800, Mono: 0.00004) | Val MSE: 0.000103 (RMSE: 0.0101) [BEST]
2026-09-13 15:32:45,587 - INFO - Epoch [  40/2000] LR: 0.000100 | Train Loss: 0.008151 (Data: 0.00813, Mono: 0.00005) | Val MSE: 0.000119 (RMSE: 0.0109) 
2026-09-13 15:32:46,039 - INFO - Epoch [  50/2000] LR: 0.000100 | Train Loss: 0.007593 (Data: 0.00758, Mono: 0.00004) | Val MSE: 0.000137 (RMSE: 0.0117) 
2026-09-13 15:32:46,493 - INFO - Epoch [  60/2000] LR: 0.000100 | Train Loss: 0.007550 (Data: 0.00753, Mono: 0.00004) | Val MSE: 0.000111 (RMSE: 0.0105) 
2026-09-13 15:32:46,965 - INFO - Epoch [  70/2000] LR: 0.000100 | Train Loss: 0.007347 (Data: 0.00733, Mono: 0.00004) | Val MSE: 0.000119 (RMSE: 0.0109) 
2026-09-13 15:32:47,426 - INFO - Epoch [  80/2000] LR: 0.000100 | Train Loss: 0.007549 (Data: 0.00753, Mono: 0.00004) | Val MSE: 0.000119 (RMSE: 0.0109) 
2026-09-13 15:32:47,852 - INFO - Epoch [  90/2000] LR: 0.000100 | Train Loss: 0.007246 (Data: 0.00723, Mono: 0.00004) | Val MSE: 0.000126 (RMSE: 0.0112) 
2026-09-13 15:32:48,185 - INFO - Epoch [  99/2000] LR: 0.000100 | Train Loss: 0.007826 (Data: 0.00781, Mono: 0.00004) | Val MSE: 0.000102 (RMSE: 0.0101) [BEST]
2026-09-13 15:32:48,234 - INFO - Epoch [ 100/2000] LR: 0.000100 | Train Loss: 0.007416 (Data: 0.00740, Mono: 0.00004) | Val MSE: 0.000105 (RMSE: 0.0102) 
2026-09-13 15:32:48,579 - INFO - Epoch [ 110/2000] LR: 0.000100 | Train Loss: 0.007450 (Data: 0.00743, Mono: 0.00004) | Val MSE: 0.000137 (RMSE: 0.0117) 
2026-09-13 15:32:48,651 - INFO - Epoch [ 112/2000] LR: 0.000100 | Train Loss: 0.007120 (Data: 0.00710, Mono: 0.00004) | Val MSE: 0.000095 (RMSE: 0.0098) [BEST]
2026-09-13 15:32:48,699 - INFO - Epoch [ 113/2000] LR: 0.000100 | Train Loss: 0.006661 (Data: 0.00665, Mono: 0.00004) | Val MSE: 0.000089 (RMSE: 0.0094) [BEST]
2026-09-13 15:32:48,939 - INFO - Epoch [ 120/2000] LR: 0.000099 | Train Loss: 0.006842 (Data: 0.00683, Mono: 0.00004) | Val MSE: 0.000122 (RMSE: 0.0110) 
2026-09-13 15:32:49,321 - INFO - Epoch [ 130/2000] LR: 0.000099 | Train Loss: 0.006463 (Data: 0.00644, Mono: 0.00005) | Val MSE: 0.000137 (RMSE: 0.0117) 
2026-09-13 15:32:49,666 - INFO - Epoch [ 140/2000] LR: 0.000099 | Train Loss: 0.006200 (Data: 0.00619, Mono: 0.00004) | Val MSE: 0.000118 (RMSE: 0.0109) 
2026-09-13 15:32:50,026 - INFO - Epoch [ 150/2000] LR: 0.000099 | Train Loss: 0.006627 (Data: 0.00661, Mono: 0.00004) | Val MSE: 0.000098 (RMSE: 0.0099) 
2026-09-13 15:32:50,095 - INFO - Epoch [ 152/2000] LR: 0.000099 | Train Loss: 0.006916 (Data: 0.00690, Mono: 0.00004) | Val MSE: 0.000083 (RMSE: 0.0091) [BEST]
2026-09-13 15:32:50,130 - INFO - Epoch [ 153/2000] LR: 0.000099 | Train Loss: 0.006747 (Data: 0.00673, Mono: 0.00004) | Val MSE: 0.000073 (RMSE: 0.0085) [BEST]
2026-09-13 15:32:50,165 - INFO - Epoch [ 154/2000] LR: 0.000099 | Train Loss: 0.006685 (Data: 0.00667, Mono: 0.00004) | Val MSE: 0.000070 (RMSE: 0.0084) [BEST]
2026-09-13 15:32:50,399 - INFO - Epoch [ 160/2000] LR: 0.000099 | Train Loss: 0.006225 (Data: 0.00621, Mono: 0.00004) | Val MSE: 0.000104 (RMSE: 0.0102) 
2026-09-13 15:32:50,766 - INFO - Epoch [ 170/2000] LR: 0.000099 | Train Loss: 0.006079 (Data: 0.00607, Mono: 0.00003) | Val MSE: 0.000079 (RMSE: 0.0089) 
2026-09-13 15:32:51,121 - INFO - Epoch [ 180/2000] LR: 0.000099 | Train Loss: 0.006065 (Data: 0.00605, Mono: 0.00003) | Val MSE: 0.000094 (RMSE: 0.0097) 
2026-09-13 15:32:51,494 - INFO - Epoch [ 190/2000] LR: 0.000098 | Train Loss: 0.006040 (Data: 0.00603, Mono: 0.00003) | Val MSE: 0.000081 (RMSE: 0.0090) 
2026-09-13 15:32:51,866 - INFO - Epoch [ 200/2000] LR: 0.000098 | Train Loss: 0.005954 (Data: 0.00594, Mono: 0.00004) | Val MSE: 0.000099 (RMSE: 0.0100) 
2026-09-13 15:32:52,256 - INFO - Epoch [ 210/2000] LR: 0.000098 | Train Loss: 0.005752 (Data: 0.00574, Mono: 0.00003) | Val MSE: 0.000089 (RMSE: 0.0094) 
2026-09-13 15:32:52,588 - INFO - Epoch [ 219/2000] LR: 0.000098 | Train Loss: 0.005642 (Data: 0.00563, Mono: 0.00004) | Val MSE: 0.000069 (RMSE: 0.0083) [BEST]
2026-09-13 15:32:52,626 - INFO - Epoch [ 220/2000] LR: 0.000098 | Train Loss: 0.005892 (Data: 0.00588, Mono: 0.00003) | Val MSE: 0.000075 (RMSE: 0.0087) 
2026-09-13 15:32:52,965 - INFO - Epoch [ 230/2000] LR: 0.000098 | Train Loss: 0.005650 (Data: 0.00564, Mono: 0.00004) | Val MSE: 0.000080 (RMSE: 0.0090) 
2026-09-13 15:32:53,303 - INFO - Epoch [ 240/2000] LR: 0.000097 | Train Loss: 0.005528 (Data: 0.00552, Mono: 0.00003) | Val MSE: 0.000102 (RMSE: 0.0101) 
2026-09-13 15:32:53,605 - INFO - Epoch [ 249/2000] LR: 0.000097 | Train Loss: 0.005280 (Data: 0.00527, Mono: 0.00003) | Val MSE: 0.000060 (RMSE: 0.0078) [BEST]
2026-09-13 15:32:53,641 - INFO - Epoch [ 250/2000] LR: 0.000097 | Train Loss: 0.005129 (Data: 0.00511, Mono: 0.00004) | Val MSE: 0.000067 (RMSE: 0.0082) 
2026-09-13 15:32:53,977 - INFO - Epoch [ 260/2000] LR: 0.000097 | Train Loss: 0.005339 (Data: 0.00532, Mono: 0.00004) | Val MSE: 0.000073 (RMSE: 0.0086) 
2026-09-13 15:32:54,306 - INFO - Epoch [ 270/2000] LR: 0.000096 | Train Loss: 0.005377 (Data: 0.00536, Mono: 0.00003) | Val MSE: 0.000096 (RMSE: 0.0098) 
2026-09-13 15:32:54,635 - INFO - Epoch [ 280/2000] LR: 0.000096 | Train Loss: 0.005293 (Data: 0.00528, Mono: 0.00004) | Val MSE: 0.000077 (RMSE: 0.0088) 
2026-09-13 15:32:54,964 - INFO - Epoch [ 290/2000] LR: 0.000096 | Train Loss: 0.005102 (Data: 0.00509, Mono: 0.00004) | Val MSE: 0.000094 (RMSE: 0.0097) 
2026-09-13 15:32:55,114 - INFO - Epoch [ 294/2000] LR: 0.000096 | Train Loss: 0.005152 (Data: 0.00514, Mono: 0.00004) | Val MSE: 0.000060 (RMSE: 0.0077) [BEST]
2026-09-13 15:32:55,151 - INFO - Epoch [ 295/2000] LR: 0.000096 | Train Loss: 0.005175 (Data: 0.00516, Mono: 0.00003) | Val MSE: 0.000055 (RMSE: 0.0074) [BEST]
2026-09-13 15:32:55,187 - INFO - Epoch [ 296/2000] LR: 0.000096 | Train Loss: 0.005329 (Data: 0.00532, Mono: 0.00003) | Val MSE: 0.000053 (RMSE: 0.0073) [BEST]
2026-09-13 15:32:55,338 - INFO - Epoch [ 300/2000] LR: 0.000096 | Train Loss: 0.004754 (Data: 0.00474, Mono: 0.00003) | Val MSE: 0.000089 (RMSE: 0.0095) 
2026-09-13 15:32:55,683 - INFO - Epoch [ 310/2000] LR: 0.000095 | Train Loss: 0.005069 (Data: 0.00506, Mono: 0.00003) | Val MSE: 0.000078 (RMSE: 0.0088) 
2026-09-13 15:32:55,829 - INFO - Epoch [ 314/2000] LR: 0.000095 | Train Loss: 0.004783 (Data: 0.00477, Mono: 0.00003) | Val MSE: 0.000052 (RMSE: 0.0072) [BEST]
2026-09-13 15:32:56,034 - INFO - Epoch [ 320/2000] LR: 0.000095 | Train Loss: 0.005005 (Data: 0.00499, Mono: 0.00004) | Val MSE: 0.000124 (RMSE: 0.0111) 
2026-09-13 15:32:56,148 - INFO - Epoch [ 323/2000] LR: 0.000095 | Train Loss: 0.004428 (Data: 0.00442, Mono: 0.00003) | Val MSE: 0.000051 (RMSE: 0.0072) [BEST]
2026-09-13 15:32:56,397 - INFO - Epoch [ 330/2000] LR: 0.000094 | Train Loss: 0.005013 (Data: 0.00500, Mono: 0.00003) | Val MSE: 0.000092 (RMSE: 0.0096) 
2026-09-13 15:32:56,716 - INFO - Epoch [ 339/2000] LR: 0.000094 | Train Loss: 0.004582 (Data: 0.00457, Mono: 0.00003) | Val MSE: 0.000051 (RMSE: 0.0071) [BEST]
2026-09-13 15:32:56,752 - INFO - Epoch [ 340/2000] LR: 0.000094 | Train Loss: 0.004587 (Data: 0.00458, Mono: 0.00003) | Val MSE: 0.000052 (RMSE: 0.0072) 
2026-09-13 15:32:57,092 - INFO - Epoch [ 350/2000] LR: 0.000094 | Train Loss: 0.004687 (Data: 0.00467, Mono: 0.00003) | Val MSE: 0.000062 (RMSE: 0.0078) 
2026-09-13 15:32:57,392 - INFO - Epoch [ 360/2000] LR: 0.000093 | Train Loss: 0.004486 (Data: 0.00447, Mono: 0.00003) | Val MSE: 0.000081 (RMSE: 0.0090) 
2026-09-13 15:32:57,685 - INFO - Epoch [ 370/2000] LR: 0.000093 | Train Loss: 0.004296 (Data: 0.00428, Mono: 0.00003) | Val MSE: 0.000074 (RMSE: 0.0086) 
2026-09-13 15:32:57,979 - INFO - Epoch [ 380/2000] LR: 0.000093 | Train Loss: 0.004216 (Data: 0.00421, Mono: 0.00002) | Val MSE: 0.000088 (RMSE: 0.0094) 
2026-09-13 15:32:58,276 - INFO - Epoch [ 390/2000] LR: 0.000092 | Train Loss: 0.004372 (Data: 0.00436, Mono: 0.00004) | Val MSE: 0.000072 (RMSE: 0.0085) 
2026-09-13 15:32:58,570 - INFO - Epoch [ 400/2000] LR: 0.000092 | Train Loss: 0.004321 (Data: 0.00431, Mono: 0.00003) | Val MSE: 0.000068 (RMSE: 0.0083) 
2026-09-13 15:32:58,854 - INFO - Epoch [ 410/2000] LR: 0.000091 | Train Loss: 0.004485 (Data: 0.00447, Mono: 0.00003) | Val MSE: 0.000054 (RMSE: 0.0073) 
2026-09-13 15:32:59,152 - INFO - Epoch [ 420/2000] LR: 0.000091 | Train Loss: 0.004395 (Data: 0.00438, Mono: 0.00003) | Val MSE: 0.000072 (RMSE: 0.0085) 
2026-09-13 15:32:59,438 - INFO - Epoch [ 430/2000] LR: 0.000090 | Train Loss: 0.003979 (Data: 0.00397, Mono: 0.00003) | Val MSE: 0.000064 (RMSE: 0.0080) 
2026-09-13 15:32:59,728 - INFO - Epoch [ 440/2000] LR: 0.000090 | Train Loss: 0.004018 (Data: 0.00401, Mono: 0.00003) | Val MSE: 0.000079 (RMSE: 0.0089) 
2026-09-13 15:33:00,028 - INFO - Epoch [ 450/2000] LR: 0.000089 | Train Loss: 0.003981 (Data: 0.00397, Mono: 0.00003) | Val MSE: 0.000059 (RMSE: 0.0077) 
2026-09-13 15:33:00,203 - INFO - Epoch [ 456/2000] LR: 0.000089 | Train Loss: 0.003868 (Data: 0.00386, Mono: 0.00003) | Val MSE: 0.000050 (RMSE: 0.0071) [BEST]
2026-09-13 15:33:00,246 - INFO - Epoch [ 457/2000] LR: 0.000089 | Train Loss: 0.004158 (Data: 0.00415, Mono: 0.00003) | Val MSE: 0.000045 (RMSE: 0.0067) [BEST]
2026-09-13 15:33:00,345 - INFO - Epoch [ 460/2000] LR: 0.000089 | Train Loss: 0.003959 (Data: 0.00395, Mono: 0.00003) | Val MSE: 0.000066 (RMSE: 0.0081) 
2026-09-13 15:33:00,635 - INFO - Epoch [ 470/2000] LR: 0.000088 | Train Loss: 0.003879 (Data: 0.00387, Mono: 0.00003) | Val MSE: 0.000051 (RMSE: 0.0071) 
2026-09-13 15:33:00,927 - INFO - Epoch [ 480/2000] LR: 0.000088 | Train Loss: 0.003978 (Data: 0.00397, Mono: 0.00003) | Val MSE: 0.000065 (RMSE: 0.0080) 
2026-09-13 15:33:01,220 - INFO - Epoch [ 490/2000] LR: 0.000087 | Train Loss: 0.003678 (Data: 0.00367, Mono: 0.00003) | Val MSE: 0.000070 (RMSE: 0.0084) 
2026-09-13 15:33:01,523 - INFO - Epoch [ 500/2000] LR: 0.000087 | Train Loss: 0.003640 (Data: 0.00363, Mono: 0.00003) | Val MSE: 0.000054 (RMSE: 0.0074) 
2026-09-13 15:33:01,834 - INFO - Epoch [ 510/2000] LR: 0.000086 | Train Loss: 0.003469 (Data: 0.00346, Mono: 0.00003) | Val MSE: 0.000068 (RMSE: 0.0082) 
2026-09-13 15:33:02,139 - INFO - Epoch [ 520/2000] LR: 0.000086 | Train Loss: 0.003764 (Data: 0.00375, Mono: 0.00003) | Val MSE: 0.000053 (RMSE: 0.0073) 
2026-09-13 15:33:02,438 - INFO - Epoch [ 530/2000] LR: 0.000085 | Train Loss: 0.003764 (Data: 0.00375, Mono: 0.00003) | Val MSE: 0.000056 (RMSE: 0.0075) 
2026-09-13 15:33:02,738 - INFO - Epoch [ 540/2000] LR: 0.000085 | Train Loss: 0.003628 (Data: 0.00362, Mono: 0.00003) | Val MSE: 0.000075 (RMSE: 0.0086) 
2026-09-13 15:33:03,023 - INFO - Epoch [ 550/2000] LR: 0.000084 | Train Loss: 0.003549 (Data: 0.00354, Mono: 0.00003) | Val MSE: 0.000058 (RMSE: 0.0076) 
2026-09-13 15:33:03,321 - INFO - Epoch [ 560/2000] LR: 0.000083 | Train Loss: 0.003311 (Data: 0.00330, Mono: 0.00002) | Val MSE: 0.000055 (RMSE: 0.0074) 
2026-09-13 15:33:03,629 - INFO - Epoch [ 570/2000] LR: 0.000083 | Train Loss: 0.003534 (Data: 0.00352, Mono: 0.00003) | Val MSE: 0.000117 (RMSE: 0.0108) 
2026-09-13 15:33:03,932 - INFO - Epoch [ 580/2000] LR: 0.000082 | Train Loss: 0.003328 (Data: 0.00332, Mono: 0.00003) | Val MSE: 0.000073 (RMSE: 0.0085) 
2026-09-13 15:33:04,225 - INFO - Epoch [ 590/2000] LR: 0.000082 | Train Loss: 0.003426 (Data: 0.00341, Mono: 0.00003) | Val MSE: 0.000060 (RMSE: 0.0077) 
2026-09-13 15:33:04,527 - INFO - Epoch [ 600/2000] LR: 0.000081 | Train Loss: 0.003157 (Data: 0.00315, Mono: 0.00003) | Val MSE: 0.000053 (RMSE: 0.0073) 
2026-09-13 15:33:04,821 - INFO - Epoch [ 610/2000] LR: 0.000080 | Train Loss: 0.003331 (Data: 0.00332, Mono: 0.00003) | Val MSE: 0.000068 (RMSE: 0.0082) 
2026-09-13 15:33:05,128 - INFO - Epoch [ 620/2000] LR: 0.000080 | Train Loss: 0.003255 (Data: 0.00324, Mono: 0.00003) | Val MSE: 0.000067 (RMSE: 0.0082) 
2026-09-13 15:33:05,423 - INFO - Epoch [ 630/2000] LR: 0.000079 | Train Loss: 0.003362 (Data: 0.00335, Mono: 0.00003) | Val MSE: 0.000102 (RMSE: 0.0101) 
2026-09-13 15:33:05,725 - INFO - Epoch [ 640/2000] LR: 0.000078 | Train Loss: 0.003094 (Data: 0.00308, Mono: 0.00003) | Val MSE: 0.000060 (RMSE: 0.0078) 
2026-09-13 15:33:06,055 - INFO - Epoch [ 650/2000] LR: 0.000078 | Train Loss: 0.003040 (Data: 0.00303, Mono: 0.00003) | Val MSE: 0.000064 (RMSE: 0.0080) 
2026-09-13 15:33:06,368 - INFO - Epoch [ 660/2000] LR: 0.000077 | Train Loss: 0.003063 (Data: 0.00305, Mono: 0.00003) | Val MSE: 0.000072 (RMSE: 0.0085) 
2026-09-13 15:33:06,662 - INFO - Epoch [ 670/2000] LR: 0.000077 | Train Loss: 0.002873 (Data: 0.00286, Mono: 0.00003) | Val MSE: 0.000076 (RMSE: 0.0087) 
2026-09-13 15:33:06,956 - INFO - Epoch [ 680/2000] LR: 0.000076 | Train Loss: 0.002967 (Data: 0.00296, Mono: 0.00003) | Val MSE: 0.000071 (RMSE: 0.0084) 
2026-09-13 15:33:07,266 - INFO - Epoch [ 690/2000] LR: 0.000075 | Train Loss: 0.003078 (Data: 0.00307, Mono: 0.00003) | Val MSE: 0.000076 (RMSE: 0.0087) 
2026-09-13 15:33:07,576 - INFO - Epoch [ 700/2000] LR: 0.000074 | Train Loss: 0.002996 (Data: 0.00299, Mono: 0.00003) | Val MSE: 0.000058 (RMSE: 0.0076) 
2026-09-13 15:33:07,873 - INFO - Epoch [ 710/2000] LR: 0.000074 | Train Loss: 0.003032 (Data: 0.00302, Mono: 0.00002) | Val MSE: 0.000077 (RMSE: 0.0088) 
2026-09-13 15:33:08,171 - INFO - Epoch [ 720/2000] LR: 0.000073 | Train Loss: 0.002943 (Data: 0.00293, Mono: 0.00003) | Val MSE: 0.000066 (RMSE: 0.0081) 
2026-09-13 15:33:08,463 - INFO - Epoch [ 730/2000] LR: 0.000072 | Train Loss: 0.002892 (Data: 0.00288, Mono: 0.00002) | Val MSE: 0.000066 (RMSE: 0.0081) 
2026-09-13 15:33:08,767 - INFO - Epoch [ 740/2000] LR: 0.000072 | Train Loss: 0.002833 (Data: 0.00282, Mono: 0.00002) | Val MSE: 0.000066 (RMSE: 0.0081) 
2026-09-13 15:33:09,056 - INFO - Epoch [ 750/2000] LR: 0.000071 | Train Loss: 0.002866 (Data: 0.00286, Mono: 0.00002) | Val MSE: 0.000070 (RMSE: 0.0084) 
2026-09-13 15:33:09,353 - INFO - Epoch [ 760/2000] LR: 0.000070 | Train Loss: 0.002922 (Data: 0.00291, Mono: 0.00003) | Val MSE: 0.000064 (RMSE: 0.0080) 
2026-09-13 15:33:09,651 - INFO - Epoch [ 770/2000] LR: 0.000070 | Train Loss: 0.002840 (Data: 0.00283, Mono: 0.00003) | Val MSE: 0.000061 (RMSE: 0.0078) 
2026-09-13 15:33:09,945 - INFO - Epoch [ 780/2000] LR: 0.000069 | Train Loss: 0.002638 (Data: 0.00263, Mono: 0.00002) | Val MSE: 0.000055 (RMSE: 0.0074) 
2026-09-13 15:33:10,236 - INFO - Epoch [ 790/2000] LR: 0.000068 | Train Loss: 0.002697 (Data: 0.00269, Mono: 0.00002) | Val MSE: 0.000065 (RMSE: 0.0081) 
2026-09-13 15:33:10,536 - INFO - Epoch [ 800/2000] LR: 0.000067 | Train Loss: 0.002783 (Data: 0.00277, Mono: 0.00002) | Val MSE: 0.000062 (RMSE: 0.0078) 
2026-09-13 15:33:10,830 - INFO - Epoch [ 810/2000] LR: 0.000067 | Train Loss: 0.002658 (Data: 0.00265, Mono: 0.00002) | Val MSE: 0.000083 (RMSE: 0.0091) 
2026-09-13 15:33:11,125 - INFO - Epoch [ 820/2000] LR: 0.000066 | Train Loss: 0.002546 (Data: 0.00254, Mono: 0.00002) | Val MSE: 0.000069 (RMSE: 0.0083) 
2026-09-13 15:33:11,435 - INFO - Epoch [ 830/2000] LR: 0.000065 | Train Loss: 0.002701 (Data: 0.00269, Mono: 0.00002) | Val MSE: 0.000068 (RMSE: 0.0082) 
2026-09-13 15:33:11,726 - INFO - Epoch [ 840/2000] LR: 0.000064 | Train Loss: 0.002756 (Data: 0.00275, Mono: 0.00002) | Val MSE: 0.000065 (RMSE: 0.0080) 
2026-09-13 15:33:12,028 - INFO - Epoch [ 850/2000] LR: 0.000064 | Train Loss: 0.002622 (Data: 0.00261, Mono: 0.00002) | Val MSE: 0.000072 (RMSE: 0.0085) 
2026-09-13 15:33:12,329 - INFO - Epoch [ 860/2000] LR: 0.000063 | Train Loss: 0.002683 (Data: 0.00267, Mono: 0.00002) | Val MSE: 0.000068 (RMSE: 0.0082) 
2026-09-13 15:33:12,625 - INFO - Epoch [ 870/2000] LR: 0.000062 | Train Loss: 0.002410 (Data: 0.00240, Mono: 0.00002) | Val MSE: 0.000070 (RMSE: 0.0084) 
2026-09-13 15:33:12,927 - INFO - Epoch [ 880/2000] LR: 0.000061 | Train Loss: 0.002782 (Data: 0.00277, Mono: 0.00002) | Val MSE: 0.000081 (RMSE: 0.0090) 
2026-09-13 15:33:13,226 - INFO - Epoch [ 890/2000] LR: 0.000061 | Train Loss: 0.002519 (Data: 0.00251, Mono: 0.00002) | Val MSE: 0.000074 (RMSE: 0.0086) 
2026-09-13 15:33:13,518 - INFO - Epoch [ 900/2000] LR: 0.000060 | Train Loss: 0.002533 (Data: 0.00252, Mono: 0.00002) | Val MSE: 0.000081 (RMSE: 0.0090) 
2026-09-13 15:33:13,842 - INFO - Epoch [ 910/2000] LR: 0.000059 | Train Loss: 0.002587 (Data: 0.00258, Mono: 0.00002) | Val MSE: 0.000068 (RMSE: 0.0082) 
2026-09-13 15:33:14,138 - INFO - Epoch [ 920/2000] LR: 0.000058 | Train Loss: 0.002343 (Data: 0.00233, Mono: 0.00002) | Val MSE: 0.000067 (RMSE: 0.0082) 
2026-09-13 15:33:14,434 - INFO - Epoch [ 930/2000] LR: 0.000057 | Train Loss: 0.002401 (Data: 0.00239, Mono: 0.00002) | Val MSE: 0.000070 (RMSE: 0.0084) 
2026-09-13 15:33:14,739 - INFO - Epoch [ 940/2000] LR: 0.000057 | Train Loss: 0.002413 (Data: 0.00240, Mono: 0.00002) | Val MSE: 0.000073 (RMSE: 0.0086) 
2026-09-13 15:33:15,042 - INFO - Epoch [ 950/2000] LR: 0.000056 | Train Loss: 0.002392 (Data: 0.00238, Mono: 0.00002) | Val MSE: 0.000101 (RMSE: 0.0100) 
2026-09-13 15:33:15,353 - INFO - Epoch [ 960/2000] LR: 0.000055 | Train Loss: 0.002504 (Data: 0.00250, Mono: 0.00002) | Val MSE: 0.000111 (RMSE: 0.0105) 
2026-09-13 15:33:15,654 - INFO - Epoch [ 970/2000] LR: 0.000054 | Train Loss: 0.002430 (Data: 0.00242, Mono: 0.00002) | Val MSE: 0.000084 (RMSE: 0.0091) 
2026-09-13 15:33:15,955 - INFO - Epoch [ 980/2000] LR: 0.000054 | Train Loss: 0.002526 (Data: 0.00252, Mono: 0.00002) | Val MSE: 0.000065 (RMSE: 0.0081) 
2026-09-13 15:33:16,253 - INFO - Epoch [ 990/2000] LR: 0.000053 | Train Loss: 0.002285 (Data: 0.00228, Mono: 0.00002) | Val MSE: 0.000080 (RMSE: 0.0089) 
2026-09-13 15:33:16,553 - INFO - Epoch [1000/2000] LR: 0.000052 | Train Loss: 0.002474 (Data: 0.00246, Mono: 0.00002) | Val MSE: 0.000083 (RMSE: 0.0091) 
2026-09-13 15:33:16,863 - INFO - Epoch [1010/2000] LR: 0.000051 | Train Loss: 0.002311 (Data: 0.00230, Mono: 0.00002) | Val MSE: 0.000111 (RMSE: 0.0105) 
2026-09-13 15:33:17,176 - INFO - Epoch [1020/2000] LR: 0.000050 | Train Loss: 0.002362 (Data: 0.00235, Mono: 0.00002) | Val MSE: 0.000086 (RMSE: 0.0093) 
2026-09-13 15:33:17,478 - INFO - Epoch [1030/2000] LR: 0.000050 | Train Loss: 0.002382 (Data: 0.00237, Mono: 0.00002) | Val MSE: 0.000090 (RMSE: 0.0095) 
2026-09-13 15:33:17,771 - INFO - Epoch [1040/2000] LR: 0.000049 | Train Loss: 0.002321 (Data: 0.00231, Mono: 0.00002) | Val MSE: 0.000101 (RMSE: 0.0100) 
2026-09-13 15:33:18,078 - INFO - Epoch [1050/2000] LR: 0.000048 | Train Loss: 0.002549 (Data: 0.00254, Mono: 0.00002) | Val MSE: 0.000077 (RMSE: 0.0088) 
2026-09-13 15:33:18,379 - INFO - Epoch [1060/2000] LR: 0.000047 | Train Loss: 0.002421 (Data: 0.00241, Mono: 0.00002) | Val MSE: 0.000077 (RMSE: 0.0088) 
2026-09-13 15:33:18,680 - INFO - Epoch [1070/2000] LR: 0.000046 | Train Loss: 0.002337 (Data: 0.00233, Mono: 0.00002) | Val MSE: 0.000076 (RMSE: 0.0087) 
2026-09-13 15:33:18,973 - INFO - Epoch [1080/2000] LR: 0.000046 | Train Loss: 0.002253 (Data: 0.00225, Mono: 0.00002) | Val MSE: 0.000108 (RMSE: 0.0104) 
2026-09-13 15:33:19,272 - INFO - Epoch [1090/2000] LR: 0.000045 | Train Loss: 0.002263 (Data: 0.00225, Mono: 0.00002) | Val MSE: 0.000104 (RMSE: 0.0102) 
2026-09-13 15:33:19,569 - INFO - Epoch [1100/2000] LR: 0.000044 | Train Loss: 0.002175 (Data: 0.00217, Mono: 0.00002) | Val MSE: 0.000090 (RMSE: 0.0095) 
2026-09-13 15:33:19,873 - INFO - Epoch [1110/2000] LR: 0.000043 | Train Loss: 0.002225 (Data: 0.00222, Mono: 0.00002) | Val MSE: 0.000085 (RMSE: 0.0092) 
2026-09-13 15:33:20,176 - INFO - Epoch [1120/2000] LR: 0.000043 | Train Loss: 0.002169 (Data: 0.00216, Mono: 0.00002) | Val MSE: 0.000088 (RMSE: 0.0094) 
2026-09-13 15:33:20,504 - INFO - Epoch [1130/2000] LR: 0.000042 | Train Loss: 0.002169 (Data: 0.00216, Mono: 0.00002) | Val MSE: 0.000071 (RMSE: 0.0084) 
2026-09-13 15:33:20,805 - INFO - Epoch [1140/2000] LR: 0.000041 | Train Loss: 0.002111 (Data: 0.00210, Mono: 0.00002) | Val MSE: 0.000091 (RMSE: 0.0095) 
2026-09-13 15:33:21,103 - INFO - Epoch [1150/2000] LR: 0.000040 | Train Loss: 0.002122 (Data: 0.00211, Mono: 0.00002) | Val MSE: 0.000117 (RMSE: 0.0108) 
2026-09-13 15:33:21,397 - INFO - Epoch [1160/2000] LR: 0.000040 | Train Loss: 0.002265 (Data: 0.00226, Mono: 0.00002) | Val MSE: 0.000117 (RMSE: 0.0108) 
2026-09-13 15:33:21,716 - INFO - Epoch [1170/2000] LR: 0.000039 | Train Loss: 0.002264 (Data: 0.00226, Mono: 0.00002) | Val MSE: 0.000076 (RMSE: 0.0087) 
2026-09-13 15:33:22,013 - INFO - Epoch [1180/2000] LR: 0.000038 | Train Loss: 0.002167 (Data: 0.00216, Mono: 0.00002) | Val MSE: 0.000072 (RMSE: 0.0085) 
2026-09-13 15:33:22,320 - INFO - Epoch [1190/2000] LR: 0.000037 | Train Loss: 0.002120 (Data: 0.00211, Mono: 0.00002) | Val MSE: 0.000085 (RMSE: 0.0092) 
2026-09-13 15:33:22,619 - INFO - Epoch [1200/2000] LR: 0.000036 | Train Loss: 0.002109 (Data: 0.00210, Mono: 0.00002) | Val MSE: 0.000078 (RMSE: 0.0089) 
2026-09-13 15:33:22,932 - INFO - Epoch [1210/2000] LR: 0.000036 | Train Loss: 0.002210 (Data: 0.00220, Mono: 0.00002) | Val MSE: 0.000089 (RMSE: 0.0094) 
2026-09-13 15:33:23,232 - INFO - Epoch [1220/2000] LR: 0.000035 | Train Loss: 0.002261 (Data: 0.00225, Mono: 0.00002) | Val MSE: 0.000080 (RMSE: 0.0089) 
2026-09-13 15:33:23,522 - INFO - Epoch [1230/2000] LR: 0.000034 | Train Loss: 0.002120 (Data: 0.00211, Mono: 0.00002) | Val MSE: 0.000097 (RMSE: 0.0099) 
2026-09-13 15:33:23,827 - INFO - Epoch [1240/2000] LR: 0.000034 | Train Loss: 0.002020 (Data: 0.00201, Mono: 0.00002) | Val MSE: 0.000110 (RMSE: 0.0105) 
2026-09-13 15:33:24,122 - INFO - Epoch [1250/2000] LR: 0.000033 | Train Loss: 0.002140 (Data: 0.00213, Mono: 0.00002) | Val MSE: 0.000083 (RMSE: 0.0091) 
2026-09-13 15:33:24,420 - INFO - Epoch [1260/2000] LR: 0.000032 | Train Loss: 0.002090 (Data: 0.00208, Mono: 0.00002) | Val MSE: 0.000082 (RMSE: 0.0090) 
2026-09-13 15:33:24,720 - INFO - Epoch [1270/2000] LR: 0.000031 | Train Loss: 0.002083 (Data: 0.00207, Mono: 0.00002) | Val MSE: 0.000092 (RMSE: 0.0096) 
2026-09-13 15:33:25,013 - INFO - Epoch [1280/2000] LR: 0.000031 | Train Loss: 0.002186 (Data: 0.00218, Mono: 0.00002) | Val MSE: 0.000087 (RMSE: 0.0093) 
2026-09-13 15:33:25,324 - INFO - Epoch [1290/2000] LR: 0.000030 | Train Loss: 0.001990 (Data: 0.00198, Mono: 0.00002) | Val MSE: 0.000103 (RMSE: 0.0102) 
2026-09-13 15:33:25,620 - INFO - Epoch [1300/2000] LR: 0.000029 | Train Loss: 0.002160 (Data: 0.00215, Mono: 0.00002) | Val MSE: 0.000095 (RMSE: 0.0098) 
2026-09-13 15:33:25,917 - INFO - Epoch [1310/2000] LR: 0.000028 | Train Loss: 0.002084 (Data: 0.00208, Mono: 0.00002) | Val MSE: 0.000095 (RMSE: 0.0097) 
2026-09-13 15:33:26,224 - INFO - Epoch [1320/2000] LR: 0.000028 | Train Loss: 0.002069 (Data: 0.00206, Mono: 0.00002) | Val MSE: 0.000093 (RMSE: 0.0096) 
2026-09-13 15:33:26,517 - INFO - Epoch [1330/2000] LR: 0.000027 | Train Loss: 0.002122 (Data: 0.00211, Mono: 0.00002) | Val MSE: 0.000092 (RMSE: 0.0096) 
2026-09-13 15:33:26,819 - INFO - Epoch [1340/2000] LR: 0.000026 | Train Loss: 0.002164 (Data: 0.00216, Mono: 0.00002) | Val MSE: 0.000087 (RMSE: 0.0093) 
2026-09-13 15:33:27,136 - INFO - Epoch [1350/2000] LR: 0.000026 | Train Loss: 0.001950 (Data: 0.00194, Mono: 0.00002) | Val MSE: 0.000103 (RMSE: 0.0102) 
2026-09-13 15:33:27,433 - INFO - Epoch [1360/2000] LR: 0.000025 | Train Loss: 0.001961 (Data: 0.00195, Mono: 0.00002) | Val MSE: 0.000089 (RMSE: 0.0094) 
2026-09-13 15:33:27,732 - INFO - Epoch [1370/2000] LR: 0.000024 | Train Loss: 0.002077 (Data: 0.00207, Mono: 0.00002) | Val MSE: 0.000085 (RMSE: 0.0092) 
2026-09-13 15:33:28,026 - INFO - Epoch [1380/2000] LR: 0.000024 | Train Loss: 0.002152 (Data: 0.00214, Mono: 0.00002) | Val MSE: 0.000110 (RMSE: 0.0105) 
2026-09-13 15:33:28,318 - INFO - Epoch [1390/2000] LR: 0.000023 | Train Loss: 0.002016 (Data: 0.00201, Mono: 0.00002) | Val MSE: 0.000087 (RMSE: 0.0093) 
2026-09-13 15:33:28,669 - INFO - Epoch [1400/2000] LR: 0.000022 | Train Loss: 0.002120 (Data: 0.00211, Mono: 0.00002) | Val MSE: 0.000102 (RMSE: 0.0101) 
2026-09-13 15:33:29,027 - INFO - Epoch [1410/2000] LR: 0.000022 | Train Loss: 0.001925 (Data: 0.00192, Mono: 0.00002) | Val MSE: 0.000092 (RMSE: 0.0096) 
2026-09-13 15:33:29,361 - INFO - Epoch [1420/2000] LR: 0.000021 | Train Loss: 0.002024 (Data: 0.00202, Mono: 0.00002) | Val MSE: 0.000098 (RMSE: 0.0099) 
2026-09-13 15:33:29,725 - INFO - Epoch [1430/2000] LR: 0.000021 | Train Loss: 0.002042 (Data: 0.00203, Mono: 0.00002) | Val MSE: 0.000094 (RMSE: 0.0097) 
2026-09-13 15:33:30,084 - INFO - Epoch [1440/2000] LR: 0.000020 | Train Loss: 0.002099 (Data: 0.00209, Mono: 0.00002) | Val MSE: 0.000093 (RMSE: 0.0097) 
2026-09-13 15:33:30,456 - INFO - Epoch [1450/2000] LR: 0.000019 | Train Loss: 0.001973 (Data: 0.00197, Mono: 0.00002) | Val MSE: 0.000087 (RMSE: 0.0093) 
2026-09-13 15:33:30,820 - INFO - Epoch [1460/2000] LR: 0.000019 | Train Loss: 0.002026 (Data: 0.00202, Mono: 0.00002) | Val MSE: 0.000100 (RMSE: 0.0100) 
2026-09-13 15:33:31,153 - INFO - Epoch [1470/2000] LR: 0.000018 | Train Loss: 0.001946 (Data: 0.00194, Mono: 0.00002) | Val MSE: 0.000101 (RMSE: 0.0101) 
2026-09-13 15:33:31,514 - INFO - Epoch [1480/2000] LR: 0.000018 | Train Loss: 0.002079 (Data: 0.00207, Mono: 0.00002) | Val MSE: 0.000086 (RMSE: 0.0093) 
2026-09-13 15:33:31,863 - INFO - Epoch [1490/2000] LR: 0.000017 | Train Loss: 0.002014 (Data: 0.00201, Mono: 0.00002) | Val MSE: 0.000093 (RMSE: 0.0096) 
2026-09-13 15:33:32,242 - INFO - Epoch [1500/2000] LR: 0.000016 | Train Loss: 0.001989 (Data: 0.00198, Mono: 0.00002) | Val MSE: 0.000089 (RMSE: 0.0094) 
2026-09-13 15:33:32,602 - INFO - Epoch [1510/2000] LR: 0.000016 | Train Loss: 0.002027 (Data: 0.00202, Mono: 0.00002) | Val MSE: 0.000094 (RMSE: 0.0097) 
2026-09-13 15:33:32,994 - INFO - Epoch [1520/2000] LR: 0.000015 | Train Loss: 0.001961 (Data: 0.00195, Mono: 0.00002) | Val MSE: 0.000099 (RMSE: 0.0099) 
2026-09-13 15:33:33,342 - INFO - Epoch [1530/2000] LR: 0.000015 | Train Loss: 0.001909 (Data: 0.00190, Mono: 0.00002) | Val MSE: 0.000093 (RMSE: 0.0096) 
2026-09-13 15:33:33,706 - INFO - Epoch [1540/2000] LR: 0.000014 | Train Loss: 0.001999 (Data: 0.00199, Mono: 0.00002) | Val MSE: 0.000097 (RMSE: 0.0098) 
2026-09-13 15:33:34,070 - INFO - Epoch [1550/2000] LR: 0.000014 | Train Loss: 0.001964 (Data: 0.00196, Mono: 0.00002) | Val MSE: 0.000095 (RMSE: 0.0097) 
2026-09-13 15:33:34,402 - INFO - Epoch [1560/2000] LR: 0.000013 | Train Loss: 0.002013 (Data: 0.00201, Mono: 0.00002) | Val MSE: 0.000094 (RMSE: 0.0097) 
2026-09-13 15:33:34,768 - INFO - Epoch [1570/2000] LR: 0.000013 | Train Loss: 0.001861 (Data: 0.00185, Mono: 0.00002) | Val MSE: 0.000099 (RMSE: 0.0100) 
2026-09-13 15:33:35,122 - INFO - Epoch [1580/2000] LR: 0.000012 | Train Loss: 0.001937 (Data: 0.00193, Mono: 0.00002) | Val MSE: 0.000093 (RMSE: 0.0097) 
2026-09-13 15:33:35,473 - INFO - Epoch [1590/2000] LR: 0.000012 | Train Loss: 0.001888 (Data: 0.00188, Mono: 0.00002) | Val MSE: 0.000098 (RMSE: 0.0099) 
2026-09-13 15:33:35,819 - INFO - Epoch [1600/2000] LR: 0.000011 | Train Loss: 0.001952 (Data: 0.00194, Mono: 0.00002) | Val MSE: 0.000095 (RMSE: 0.0097) 
2026-09-13 15:33:36,159 - INFO - Epoch [1610/2000] LR: 0.000011 | Train Loss: 0.001987 (Data: 0.00198, Mono: 0.00002) | Val MSE: 0.000100 (RMSE: 0.0100) 
2026-09-13 15:33:36,479 - INFO - Epoch [1620/2000] LR: 0.000010 | Train Loss: 0.001951 (Data: 0.00194, Mono: 0.00002) | Val MSE: 0.000100 (RMSE: 0.0100) 
2026-09-13 15:33:36,799 - INFO - Epoch [1630/2000] LR: 0.000010 | Train Loss: 0.001914 (Data: 0.00191, Mono: 0.00002) | Val MSE: 0.000092 (RMSE: 0.0096) 
2026-09-13 15:33:37,128 - INFO - Epoch [1640/2000] LR: 0.000009 | Train Loss: 0.001915 (Data: 0.00191, Mono: 0.00002) | Val MSE: 0.000096 (RMSE: 0.0098) 
2026-09-13 15:33:37,446 - INFO - Epoch [1650/2000] LR: 0.000009 | Train Loss: 0.002057 (Data: 0.00205, Mono: 0.00002) | Val MSE: 0.000101 (RMSE: 0.0101) 
2026-09-13 15:33:37,776 - INFO - Epoch [1660/2000] LR: 0.000009 | Train Loss: 0.001890 (Data: 0.00188, Mono: 0.00002) | Val MSE: 0.000094 (RMSE: 0.0097) 
2026-09-13 15:33:38,106 - INFO - Epoch [1670/2000] LR: 0.000008 | Train Loss: 0.001935 (Data: 0.00193, Mono: 0.00002) | Val MSE: 0.000093 (RMSE: 0.0097) 
2026-09-13 15:33:38,436 - INFO - Epoch [1680/2000] LR: 0.000008 | Train Loss: 0.001847 (Data: 0.00184, Mono: 0.00002) | Val MSE: 0.000103 (RMSE: 0.0102) 
2026-09-13 15:33:38,756 - INFO - Epoch [1690/2000] LR: 0.000007 | Train Loss: 0.002047 (Data: 0.00204, Mono: 0.00002) | Val MSE: 0.000091 (RMSE: 0.0096) 
2026-09-13 15:33:39,120 - INFO - Epoch [1700/2000] LR: 0.000007 | Train Loss: 0.001887 (Data: 0.00188, Mono: 0.00002) | Val MSE: 0.000093 (RMSE: 0.0097) 
2026-09-13 15:33:39,440 - INFO - Epoch [1710/2000] LR: 0.000007 | Train Loss: 0.002059 (Data: 0.00205, Mono: 0.00002) | Val MSE: 0.000096 (RMSE: 0.0098) 
2026-09-13 15:33:39,762 - INFO - Epoch [1720/2000] LR: 0.000006 | Train Loss: 0.001907 (Data: 0.00190, Mono: 0.00002) | Val MSE: 0.000095 (RMSE: 0.0098) 
2026-09-13 15:33:40,084 - INFO - Epoch [1730/2000] LR: 0.000006 | Train Loss: 0.001982 (Data: 0.00197, Mono: 0.00002) | Val MSE: 0.000097 (RMSE: 0.0098) 
2026-09-13 15:33:40,437 - INFO - Epoch [1740/2000] LR: 0.000006 | Train Loss: 0.001854 (Data: 0.00185, Mono: 0.00002) | Val MSE: 0.000095 (RMSE: 0.0098) 
2026-09-13 15:33:40,760 - INFO - Epoch [1750/2000] LR: 0.000005 | Train Loss: 0.001933 (Data: 0.00193, Mono: 0.00002) | Val MSE: 0.000095 (RMSE: 0.0098) 
2026-09-13 15:33:41,095 - INFO - Epoch [1760/2000] LR: 0.000005 | Train Loss: 0.001919 (Data: 0.00191, Mono: 0.00002) | Val MSE: 0.000093 (RMSE: 0.0096) 
2026-09-13 15:33:41,426 - INFO - Epoch [1770/2000] LR: 0.000005 | Train Loss: 0.002012 (Data: 0.00200, Mono: 0.00002) | Val MSE: 0.000091 (RMSE: 0.0095) 
2026-09-13 15:33:41,749 - INFO - Epoch [1780/2000] LR: 0.000005 | Train Loss: 0.001971 (Data: 0.00196, Mono: 0.00002) | Val MSE: 0.000096 (RMSE: 0.0098) 
2026-09-13 15:33:42,076 - INFO - Epoch [1790/2000] LR: 0.000004 | Train Loss: 0.001915 (Data: 0.00191, Mono: 0.00002) | Val MSE: 0.000095 (RMSE: 0.0098) 
2026-09-13 15:33:42,391 - INFO - Epoch [1800/2000] LR: 0.000004 | Train Loss: 0.001982 (Data: 0.00197, Mono: 0.00002) | Val MSE: 0.000105 (RMSE: 0.0103) 
2026-09-13 15:33:42,701 - INFO - Epoch [1810/2000] LR: 0.000004 | Train Loss: 0.001861 (Data: 0.00186, Mono: 0.00002) | Val MSE: 0.000098 (RMSE: 0.0099) 
2026-09-13 15:33:43,028 - INFO - Epoch [1820/2000] LR: 0.000004 | Train Loss: 0.001923 (Data: 0.00192, Mono: 0.00002) | Val MSE: 0.000100 (RMSE: 0.0100) 
2026-09-13 15:33:43,357 - INFO - Epoch [1830/2000] LR: 0.000003 | Train Loss: 0.001976 (Data: 0.00197, Mono: 0.00002) | Val MSE: 0.000096 (RMSE: 0.0098) 
2026-09-13 15:33:43,695 - INFO - Epoch [1840/2000] LR: 0.000003 | Train Loss: 0.002066 (Data: 0.00206, Mono: 0.00002) | Val MSE: 0.000102 (RMSE: 0.0101) 
2026-09-13 15:33:44,043 - INFO - Epoch [1850/2000] LR: 0.000003 | Train Loss: 0.002045 (Data: 0.00204, Mono: 0.00002) | Val MSE: 0.000099 (RMSE: 0.0099) 
2026-09-13 15:33:44,384 - INFO - Epoch [1860/2000] LR: 0.000003 | Train Loss: 0.002069 (Data: 0.00206, Mono: 0.00002) | Val MSE: 0.000099 (RMSE: 0.0100) 
2026-09-13 15:33:44,717 - INFO - Epoch [1870/2000] LR: 0.000003 | Train Loss: 0.001885 (Data: 0.00188, Mono: 0.00002) | Val MSE: 0.000099 (RMSE: 0.0099) 
2026-09-13 15:33:45,098 - INFO - Epoch [1880/2000] LR: 0.000002 | Train Loss: 0.001898 (Data: 0.00189, Mono: 0.00002) | Val MSE: 0.000099 (RMSE: 0.0099) 
2026-09-13 15:33:45,463 - INFO - Epoch [1890/2000] LR: 0.000002 | Train Loss: 0.001985 (Data: 0.00198, Mono: 0.00002) | Val MSE: 0.000100 (RMSE: 0.0100) 
2026-09-13 15:33:45,818 - INFO - Epoch [1900/2000] LR: 0.000002 | Train Loss: 0.001932 (Data: 0.00192, Mono: 0.00002) | Val MSE: 0.000097 (RMSE: 0.0099) 
2026-09-13 15:33:46,168 - INFO - Epoch [1910/2000] LR: 0.000002 | Train Loss: 0.001809 (Data: 0.00180, Mono: 0.00002) | Val MSE: 0.000097 (RMSE: 0.0099) 
2026-09-13 15:33:46,514 - INFO - Epoch [1920/2000] LR: 0.000002 | Train Loss: 0.001992 (Data: 0.00198, Mono: 0.00002) | Val MSE: 0.000100 (RMSE: 0.0100) 
2026-09-13 15:33:46,887 - INFO - Epoch [1930/2000] LR: 0.000002 | Train Loss: 0.001994 (Data: 0.00199, Mono: 0.00002) | Val MSE: 0.000098 (RMSE: 0.0099) 
2026-09-13 15:33:47,263 - INFO - Epoch [1940/2000] LR: 0.000002 | Train Loss: 0.001817 (Data: 0.00181, Mono: 0.00002) | Val MSE: 0.000098 (RMSE: 0.0099) 
2026-09-13 15:33:47,620 - INFO - Epoch [1950/2000] LR: 0.000002 | Train Loss: 0.001947 (Data: 0.00194, Mono: 0.00002) | Val MSE: 0.000095 (RMSE: 0.0098) 
2026-09-13 15:33:47,984 - INFO - Epoch [1960/2000] LR: 0.000002 | Train Loss: 0.001912 (Data: 0.00190, Mono: 0.00002) | Val MSE: 0.000097 (RMSE: 0.0098) 
2026-09-13 15:33:48,370 - INFO - Epoch [1970/2000] LR: 0.000002 | Train Loss: 0.001895 (Data: 0.00189, Mono: 0.00002) | Val MSE: 0.000096 (RMSE: 0.0098) 
2026-09-13 15:33:48,727 - INFO - Epoch [1980/2000] LR: 0.000002 | Train Loss: 0.001819 (Data: 0.00181, Mono: 0.00002) | Val MSE: 0.000096 (RMSE: 0.0098) 
2026-09-13 15:33:49,061 - INFO - Epoch [1990/2000] LR: 0.000002 | Train Loss: 0.001864 (Data: 0.00186, Mono: 0.00002) | Val MSE: 0.000095 (RMSE: 0.0098) 
2026-09-13 15:33:49,443 - INFO - Epoch [2000/2000] LR: 0.000002 | Train Loss: 0.001879 (Data: 0.00187, Mono: 0.00002) | Val MSE: 0.000096 (RMSE: 0.0098) 
2026-09-13 15:33:49,443 - INFO - Training completed in 65.74s. Loading best checkpoint from epoch 457 for final test evaluation...
2026-09-13 15:33:49,461 - INFO - ==================================================
2026-09-13 15:33:49,462 - INFO - Test Results for [XJTU] - [RW] (Best Epoch 457):
2026-09-13 15:33:49,462 - INFO -   Test RMSE: 0.011038
2026-09-13 15:33:49,462 - INFO -   Test MAE:  0.008893
2026-09-13 15:33:49,462 - INFO -   Test MAPE: 0.971325
2026-09-13 15:33:49,462 - INFO -   Test MSE:  0.000122
2026-09-13 15:33:49,462 - INFO - ==================================================
2026-09-13 15:42:55,613 - INFO - ==================================================
2026-09-13 15:42:55,613 - INFO - Starting FusionMLP Training for [XJTU] - [RW]
2026-09-13 15:42:55,613 - INFO - Device: cuda | Epochs: 2000 | LR: 0.000100 | Mono Weight: 0.4000 | Knee Feature: True
2026-09-13 15:42:55,613 - INFO - ==================================================
2026-09-13 15:42:55,723 - INFO - Data Splits: Train=5, Val=1, Test=2
2026-09-13 15:42:55,797 - INFO - Epoch [   1/2000] LR: 0.006063 | Train Loss: 0.829979 (Data: 0.82996, Mono: 0.00005) | Val MSE: 0.745234 (RMSE: 0.8633) [BEST]
2026-09-13 15:42:55,861 - INFO - Epoch [   2/2000] LR: 0.005857 | Train Loss: 0.768220 (Data: 0.76820, Mono: 0.00005) | Val MSE: 0.728037 (RMSE: 0.8533) [BEST]
2026-09-13 15:42:55,905 - INFO - Epoch [   3/2000] LR: 0.005651 | Train Loss: 0.698923 (Data: 0.69891, Mono: 0.00004) | Val MSE: 0.358277 (RMSE: 0.5986) [BEST]
2026-09-13 15:42:55,941 - INFO - Epoch [   4/2000] LR: 0.005446 | Train Loss: 0.258334 (Data: 0.25831, Mono: 0.00006) | Val MSE: 0.160620 (RMSE: 0.4008) [BEST]
2026-09-13 15:42:56,015 - INFO - Epoch [   6/2000] LR: 0.005035 | Train Loss: 0.076781 (Data: 0.07676, Mono: 0.00005) | Val MSE: 0.047272 (RMSE: 0.2174) [BEST]
2026-09-13 15:42:56,059 - INFO - Epoch [   7/2000] LR: 0.004829 | Train Loss: 0.068839 (Data: 0.06881, Mono: 0.00006) | Val MSE: 0.003535 (RMSE: 0.0595) [BEST]
2026-09-13 15:42:56,203 - INFO - Epoch [  10/2000] LR: 0.004212 | Train Loss: 0.017340 (Data: 0.01732, Mono: 0.00006) | Val MSE: 0.004199 (RMSE: 0.0648) 
2026-09-13 15:42:56,290 - INFO - Epoch [  12/2000] LR: 0.003801 | Train Loss: 0.012560 (Data: 0.01254, Mono: 0.00004) | Val MSE: 0.000795 (RMSE: 0.0282) [BEST]
2026-09-13 15:42:56,369 - INFO - Epoch [  14/2000] LR: 0.003390 | Train Loss: 0.009778 (Data: 0.00976, Mono: 0.00005) | Val MSE: 0.000614 (RMSE: 0.0248) [BEST]
2026-09-13 15:42:56,415 - INFO - Epoch [  15/2000] LR: 0.003184 | Train Loss: 0.009592 (Data: 0.00957, Mono: 0.00005) | Val MSE: 0.000400 (RMSE: 0.0200) [BEST]
2026-09-13 15:42:56,466 - INFO - Epoch [  16/2000] LR: 0.002979 | Train Loss: 0.009314 (Data: 0.00930, Mono: 0.00005) | Val MSE: 0.000240 (RMSE: 0.0155) [BEST]
2026-09-13 15:42:56,509 - INFO - Epoch [  17/2000] LR: 0.002773 | Train Loss: 0.008969 (Data: 0.00895, Mono: 0.00005) | Val MSE: 0.000173 (RMSE: 0.0131) [BEST]
2026-09-13 15:42:56,634 - INFO - Epoch [  20/2000] LR: 0.002156 | Train Loss: 0.008421 (Data: 0.00840, Mono: 0.00004) | Val MSE: 0.000141 (RMSE: 0.0119) [BEST]
2026-09-13 15:42:56,680 - INFO - Epoch [  21/2000] LR: 0.001950 | Train Loss: 0.008796 (Data: 0.00878, Mono: 0.00005) | Val MSE: 0.000134 (RMSE: 0.0116) [BEST]
2026-09-13 15:42:56,719 - INFO - Epoch [  22/2000] LR: 0.001745 | Train Loss: 0.008226 (Data: 0.00821, Mono: 0.00004) | Val MSE: 0.000108 (RMSE: 0.0104) [BEST]
2026-09-13 15:42:56,839 - INFO - Epoch [  25/2000] LR: 0.001128 | Train Loss: 0.008092 (Data: 0.00807, Mono: 0.00005) | Val MSE: 0.000101 (RMSE: 0.0101) [BEST]
2026-09-13 15:42:56,955 - INFO - Epoch [  27/2000] LR: 0.000717 | Train Loss: 0.007829 (Data: 0.00781, Mono: 0.00004) | Val MSE: 0.000101 (RMSE: 0.0100) [BEST]
2026-09-13 15:42:57,083 - INFO - Epoch [  30/2000] LR: 0.000100 | Train Loss: 0.007879 (Data: 0.00786, Mono: 0.00005) | Val MSE: 0.000121 (RMSE: 0.0110) 
2026-09-13 15:42:57,461 - INFO - Epoch [  40/2000] LR: 0.000100 | Train Loss: 0.007454 (Data: 0.00744, Mono: 0.00004) | Val MSE: 0.000101 (RMSE: 0.0101) 
2026-09-13 15:42:57,530 - INFO - Epoch [  41/2000] LR: 0.000100 | Train Loss: 0.007363 (Data: 0.00734, Mono: 0.00005) | Val MSE: 0.000100 (RMSE: 0.0100) [BEST]
2026-09-13 15:42:57,879 - INFO - Epoch [  50/2000] LR: 0.000100 | Train Loss: 0.007265 (Data: 0.00725, Mono: 0.00004) | Val MSE: 0.000127 (RMSE: 0.0113) 
2026-09-13 15:42:58,243 - INFO - Epoch [  60/2000] LR: 0.000100 | Train Loss: 0.007514 (Data: 0.00750, Mono: 0.00004) | Val MSE: 0.000106 (RMSE: 0.0103) 
2026-09-13 15:42:58,439 - INFO - Epoch [  65/2000] LR: 0.000100 | Train Loss: 0.007780 (Data: 0.00776, Mono: 0.00005) | Val MSE: 0.000100 (RMSE: 0.0100) [BEST]
2026-09-13 15:42:58,485 - INFO - Epoch [  66/2000] LR: 0.000100 | Train Loss: 0.007355 (Data: 0.00734, Mono: 0.00004) | Val MSE: 0.000097 (RMSE: 0.0099) [BEST]
2026-09-13 15:42:58,526 - INFO - Epoch [  67/2000] LR: 0.000100 | Train Loss: 0.007209 (Data: 0.00720, Mono: 0.00004) | Val MSE: 0.000094 (RMSE: 0.0097) [BEST]
2026-09-13 15:42:58,564 - INFO - Epoch [  68/2000] LR: 0.000100 | Train Loss: 0.007286 (Data: 0.00727, Mono: 0.00004) | Val MSE: 0.000093 (RMSE: 0.0096) [BEST]
2026-09-13 15:42:58,631 - INFO - Epoch [  70/2000] LR: 0.000100 | Train Loss: 0.007647 (Data: 0.00763, Mono: 0.00004) | Val MSE: 0.000096 (RMSE: 0.0098) 
2026-09-13 15:42:59,018 - INFO - Epoch [  80/2000] LR: 0.000100 | Train Loss: 0.007454 (Data: 0.00744, Mono: 0.00004) | Val MSE: 0.000096 (RMSE: 0.0098) 
2026-09-13 15:42:59,368 - INFO - Epoch [  90/2000] LR: 0.000100 | Train Loss: 0.007752 (Data: 0.00774, Mono: 0.00004) | Val MSE: 0.000095 (RMSE: 0.0098) 
2026-09-13 15:42:59,487 - INFO - Epoch [  93/2000] LR: 0.000100 | Train Loss: 0.007308 (Data: 0.00729, Mono: 0.00004) | Val MSE: 0.000091 (RMSE: 0.0095) [BEST]
2026-09-13 15:42:59,537 - INFO - Epoch [  94/2000] LR: 0.000100 | Train Loss: 0.007919 (Data: 0.00790, Mono: 0.00005) | Val MSE: 0.000088 (RMSE: 0.0094) [BEST]
2026-09-13 15:42:59,580 - INFO - Epoch [  95/2000] LR: 0.000100 | Train Loss: 0.007345 (Data: 0.00733, Mono: 0.00004) | Val MSE: 0.000087 (RMSE: 0.0093) [BEST]
2026-09-13 15:42:59,710 - INFO - Epoch [  98/2000] LR: 0.000100 | Train Loss: 0.006900 (Data: 0.00688, Mono: 0.00004) | Val MSE: 0.000087 (RMSE: 0.0093) [BEST]
2026-09-13 15:42:59,791 - INFO - Epoch [ 100/2000] LR: 0.000100 | Train Loss: 0.007227 (Data: 0.00721, Mono: 0.00004) | Val MSE: 0.000093 (RMSE: 0.0097) 
2026-09-13 15:42:59,953 - INFO - Epoch [ 104/2000] LR: 0.000100 | Train Loss: 0.006893 (Data: 0.00688, Mono: 0.00004) | Val MSE: 0.000085 (RMSE: 0.0092) [BEST]
2026-09-13 15:43:00,114 - INFO - Epoch [ 108/2000] LR: 0.000100 | Train Loss: 0.006788 (Data: 0.00677, Mono: 0.00004) | Val MSE: 0.000085 (RMSE: 0.0092) [BEST]
2026-09-13 15:43:00,198 - INFO - Epoch [ 110/2000] LR: 0.000100 | Train Loss: 0.006771 (Data: 0.00675, Mono: 0.00004) | Val MSE: 0.000084 (RMSE: 0.0092) [BEST]
2026-09-13 15:43:00,240 - INFO - Epoch [ 111/2000] LR: 0.000100 | Train Loss: 0.006698 (Data: 0.00668, Mono: 0.00004) | Val MSE: 0.000084 (RMSE: 0.0092) [BEST]
2026-09-13 15:43:00,299 - INFO - Epoch [ 112/2000] LR: 0.000100 | Train Loss: 0.007035 (Data: 0.00702, Mono: 0.00004) | Val MSE: 0.000083 (RMSE: 0.0091) [BEST]
2026-09-13 15:43:00,599 - INFO - Epoch [ 120/2000] LR: 0.000099 | Train Loss: 0.007038 (Data: 0.00702, Mono: 0.00004) | Val MSE: 0.000087 (RMSE: 0.0093) 
2026-09-13 15:43:00,712 - INFO - Epoch [ 123/2000] LR: 0.000099 | Train Loss: 0.007114 (Data: 0.00710, Mono: 0.00004) | Val MSE: 0.000081 (RMSE: 0.0090) [BEST]
2026-09-13 15:43:01,025 - INFO - Epoch [ 130/2000] LR: 0.000099 | Train Loss: 0.006389 (Data: 0.00637, Mono: 0.00004) | Val MSE: 0.000105 (RMSE: 0.0103) 
2026-09-13 15:43:01,392 - INFO - Epoch [ 140/2000] LR: 0.000099 | Train Loss: 0.006360 (Data: 0.00635, Mono: 0.00004) | Val MSE: 0.000089 (RMSE: 0.0094) 
2026-09-13 15:43:01,600 - INFO - Epoch [ 146/2000] LR: 0.000099 | Train Loss: 0.007295 (Data: 0.00728, Mono: 0.00004) | Val MSE: 0.000080 (RMSE: 0.0090) [BEST]
2026-09-13 15:43:01,645 - INFO - Epoch [ 147/2000] LR: 0.000099 | Train Loss: 0.006547 (Data: 0.00653, Mono: 0.00004) | Val MSE: 0.000079 (RMSE: 0.0089) [BEST]
2026-09-13 15:43:01,761 - INFO - Epoch [ 150/2000] LR: 0.000099 | Train Loss: 0.006395 (Data: 0.00638, Mono: 0.00004) | Val MSE: 0.000094 (RMSE: 0.0097) 
2026-09-13 15:43:01,976 - INFO - Epoch [ 155/2000] LR: 0.000099 | Train Loss: 0.006219 (Data: 0.00620, Mono: 0.00004) | Val MSE: 0.000079 (RMSE: 0.0089) [BEST]
2026-09-13 15:43:02,011 - INFO - Epoch [ 156/2000] LR: 0.000099 | Train Loss: 0.006849 (Data: 0.00683, Mono: 0.00004) | Val MSE: 0.000071 (RMSE: 0.0084) [BEST]
2026-09-13 15:43:02,180 - INFO - Epoch [ 160/2000] LR: 0.000099 | Train Loss: 0.006407 (Data: 0.00639, Mono: 0.00004) | Val MSE: 0.000093 (RMSE: 0.0096) 
2026-09-13 15:43:02,540 - INFO - Epoch [ 170/2000] LR: 0.000099 | Train Loss: 0.006435 (Data: 0.00642, Mono: 0.00004) | Val MSE: 0.000080 (RMSE: 0.0090) 
2026-09-13 15:43:02,653 - INFO - Epoch [ 173/2000] LR: 0.000099 | Train Loss: 0.006465 (Data: 0.00645, Mono: 0.00004) | Val MSE: 0.000070 (RMSE: 0.0083) [BEST]
2026-09-13 15:43:02,691 - INFO - Epoch [ 174/2000] LR: 0.000099 | Train Loss: 0.006337 (Data: 0.00632, Mono: 0.00004) | Val MSE: 0.000068 (RMSE: 0.0083) [BEST]
2026-09-13 15:43:02,725 - INFO - Epoch [ 175/2000] LR: 0.000099 | Train Loss: 0.006017 (Data: 0.00600, Mono: 0.00003) | Val MSE: 0.000067 (RMSE: 0.0082) [BEST]
2026-09-13 15:43:02,773 - INFO - Epoch [ 176/2000] LR: 0.000099 | Train Loss: 0.006066 (Data: 0.00605, Mono: 0.00004) | Val MSE: 0.000067 (RMSE: 0.0082) [BEST]
2026-09-13 15:43:02,858 - INFO - Epoch [ 178/2000] LR: 0.000099 | Train Loss: 0.006415 (Data: 0.00640, Mono: 0.00004) | Val MSE: 0.000067 (RMSE: 0.0082) [BEST]
2026-09-13 15:43:02,896 - INFO - Epoch [ 179/2000] LR: 0.000099 | Train Loss: 0.006333 (Data: 0.00632, Mono: 0.00004) | Val MSE: 0.000067 (RMSE: 0.0082) [BEST]
2026-09-13 15:43:02,931 - INFO - Epoch [ 180/2000] LR: 0.000099 | Train Loss: 0.006058 (Data: 0.00604, Mono: 0.00004) | Val MSE: 0.000067 (RMSE: 0.0082) 
2026-09-13 15:43:03,170 - INFO - Epoch [ 186/2000] LR: 0.000098 | Train Loss: 0.006171 (Data: 0.00616, Mono: 0.00004) | Val MSE: 0.000066 (RMSE: 0.0082) [BEST]
2026-09-13 15:43:03,336 - INFO - Epoch [ 190/2000] LR: 0.000098 | Train Loss: 0.005948 (Data: 0.00593, Mono: 0.00004) | Val MSE: 0.000072 (RMSE: 0.0085) 
2026-09-13 15:43:03,711 - INFO - Epoch [ 200/2000] LR: 0.000098 | Train Loss: 0.005986 (Data: 0.00597, Mono: 0.00004) | Val MSE: 0.000070 (RMSE: 0.0084) 
2026-09-13 15:43:03,971 - INFO - Epoch [ 207/2000] LR: 0.000098 | Train Loss: 0.006035 (Data: 0.00602, Mono: 0.00004) | Val MSE: 0.000062 (RMSE: 0.0079) [BEST]
2026-09-13 15:43:04,010 - INFO - Epoch [ 208/2000] LR: 0.000098 | Train Loss: 0.006091 (Data: 0.00608, Mono: 0.00003) | Val MSE: 0.000061 (RMSE: 0.0078) [BEST]
2026-09-13 15:43:04,047 - INFO - Epoch [ 209/2000] LR: 0.000098 | Train Loss: 0.005841 (Data: 0.00583, Mono: 0.00003) | Val MSE: 0.000060 (RMSE: 0.0077) [BEST]
2026-09-13 15:43:04,087 - INFO - Epoch [ 210/2000] LR: 0.000098 | Train Loss: 0.005879 (Data: 0.00586, Mono: 0.00004) | Val MSE: 0.000063 (RMSE: 0.0079) 
2026-09-13 15:43:04,498 - INFO - Epoch [ 220/2000] LR: 0.000098 | Train Loss: 0.005249 (Data: 0.00524, Mono: 0.00003) | Val MSE: 0.000075 (RMSE: 0.0087) 
2026-09-13 15:43:04,860 - INFO - Epoch [ 230/2000] LR: 0.000098 | Train Loss: 0.005592 (Data: 0.00558, Mono: 0.00004) | Val MSE: 0.000068 (RMSE: 0.0083) 
2026-09-13 15:43:05,083 - INFO - Epoch [ 236/2000] LR: 0.000097 | Train Loss: 0.005499 (Data: 0.00548, Mono: 0.00004) | Val MSE: 0.000056 (RMSE: 0.0075) [BEST]
2026-09-13 15:43:05,289 - INFO - Epoch [ 239/2000] LR: 0.000097 | Train Loss: 0.005676 (Data: 0.00566, Mono: 0.00003) | Val MSE: 0.000055 (RMSE: 0.0074) [BEST]
2026-09-13 15:43:05,331 - INFO - Epoch [ 240/2000] LR: 0.000097 | Train Loss: 0.005727 (Data: 0.00571, Mono: 0.00003) | Val MSE: 0.000054 (RMSE: 0.0074) [BEST]
2026-09-13 15:43:05,747 - INFO - Epoch [ 250/2000] LR: 0.000097 | Train Loss: 0.005299 (Data: 0.00528, Mono: 0.00004) | Val MSE: 0.000057 (RMSE: 0.0075) 
2026-09-13 15:43:06,166 - INFO - Epoch [ 260/2000] LR: 0.000097 | Train Loss: 0.005430 (Data: 0.00542, Mono: 0.00003) | Val MSE: 0.000055 (RMSE: 0.0074) 
2026-09-13 15:43:06,555 - INFO - Epoch [ 270/2000] LR: 0.000096 | Train Loss: 0.005289 (Data: 0.00528, Mono: 0.00003) | Val MSE: 0.000057 (RMSE: 0.0076) 
2026-09-13 15:43:06,596 - INFO - Epoch [ 271/2000] LR: 0.000096 | Train Loss: 0.005153 (Data: 0.00514, Mono: 0.00004) | Val MSE: 0.000052 (RMSE: 0.0072) [BEST]
2026-09-13 15:43:06,684 - INFO - Epoch [ 273/2000] LR: 0.000096 | Train Loss: 0.005089 (Data: 0.00508, Mono: 0.00003) | Val MSE: 0.000050 (RMSE: 0.0071) [BEST]
2026-09-13 15:43:06,836 - INFO - Epoch [ 277/2000] LR: 0.000096 | Train Loss: 0.005337 (Data: 0.00532, Mono: 0.00003) | Val MSE: 0.000049 (RMSE: 0.0070) [BEST]
2026-09-13 15:43:06,874 - INFO - Epoch [ 278/2000] LR: 0.000096 | Train Loss: 0.005425 (Data: 0.00541, Mono: 0.00003) | Val MSE: 0.000048 (RMSE: 0.0070) [BEST]
2026-09-13 15:43:06,915 - INFO - Epoch [ 279/2000] LR: 0.000096 | Train Loss: 0.005048 (Data: 0.00503, Mono: 0.00003) | Val MSE: 0.000047 (RMSE: 0.0069) [BEST]
2026-09-13 15:43:06,949 - INFO - Epoch [ 280/2000] LR: 0.000096 | Train Loss: 0.005352 (Data: 0.00534, Mono: 0.00004) | Val MSE: 0.000048 (RMSE: 0.0069) 
2026-09-13 15:43:07,307 - INFO - Epoch [ 290/2000] LR: 0.000096 | Train Loss: 0.005125 (Data: 0.00511, Mono: 0.00003) | Val MSE: 0.000052 (RMSE: 0.0072) 
2026-09-13 15:43:07,564 - INFO - Epoch [ 297/2000] LR: 0.000096 | Train Loss: 0.005246 (Data: 0.00523, Mono: 0.00004) | Val MSE: 0.000047 (RMSE: 0.0068) [BEST]
2026-09-13 15:43:07,667 - INFO - Epoch [ 300/2000] LR: 0.000096 | Train Loss: 0.004992 (Data: 0.00498, Mono: 0.00003) | Val MSE: 0.000055 (RMSE: 0.0074) 
2026-09-13 15:43:07,850 - INFO - Epoch [ 305/2000] LR: 0.000095 | Train Loss: 0.005086 (Data: 0.00507, Mono: 0.00004) | Val MSE: 0.000045 (RMSE: 0.0067) [BEST]
2026-09-13 15:43:08,062 - INFO - Epoch [ 310/2000] LR: 0.000095 | Train Loss: 0.004944 (Data: 0.00493, Mono: 0.00003) | Val MSE: 0.000046 (RMSE: 0.0068) 
2026-09-13 15:43:08,422 - INFO - Epoch [ 320/2000] LR: 0.000095 | Train Loss: 0.004707 (Data: 0.00469, Mono: 0.00003) | Val MSE: 0.000050 (RMSE: 0.0070) 
2026-09-13 15:43:08,498 - INFO - Epoch [ 322/2000] LR: 0.000095 | Train Loss: 0.004919 (Data: 0.00491, Mono: 0.00003) | Val MSE: 0.000043 (RMSE: 0.0066) [BEST]
2026-09-13 15:43:08,571 - INFO - Epoch [ 324/2000] LR: 0.000095 | Train Loss: 0.004996 (Data: 0.00498, Mono: 0.00003) | Val MSE: 0.000043 (RMSE: 0.0066) [BEST]
2026-09-13 15:43:08,615 - INFO - Epoch [ 325/2000] LR: 0.000095 | Train Loss: 0.004756 (Data: 0.00474, Mono: 0.00003) | Val MSE: 0.000043 (RMSE: 0.0065) [BEST]
2026-09-13 15:43:08,788 - INFO - Epoch [ 330/2000] LR: 0.000094 | Train Loss: 0.004494 (Data: 0.00448, Mono: 0.00003) | Val MSE: 0.000044 (RMSE: 0.0066) 
2026-09-13 15:43:08,854 - INFO - Epoch [ 332/2000] LR: 0.000094 | Train Loss: 0.004563 (Data: 0.00455, Mono: 0.00003) | Val MSE: 0.000040 (RMSE: 0.0063) [BEST]
2026-09-13 15:43:08,900 - INFO - Epoch [ 333/2000] LR: 0.000094 | Train Loss: 0.004647 (Data: 0.00463, Mono: 0.00003) | Val MSE: 0.000040 (RMSE: 0.0063) [BEST]
2026-09-13 15:43:09,166 - INFO - Epoch [ 340/2000] LR: 0.000094 | Train Loss: 0.004699 (Data: 0.00469, Mono: 0.00003) | Val MSE: 0.000057 (RMSE: 0.0075) 
2026-09-13 15:43:09,629 - INFO - Epoch [ 350/2000] LR: 0.000094 | Train Loss: 0.004481 (Data: 0.00447, Mono: 0.00003) | Val MSE: 0.000042 (RMSE: 0.0065) 
2026-09-13 15:43:09,874 - INFO - Epoch [ 356/2000] LR: 0.000093 | Train Loss: 0.004081 (Data: 0.00407, Mono: 0.00003) | Val MSE: 0.000039 (RMSE: 0.0062) [BEST]
2026-09-13 15:43:09,915 - INFO - Epoch [ 357/2000] LR: 0.000093 | Train Loss: 0.004420 (Data: 0.00441, Mono: 0.00003) | Val MSE: 0.000038 (RMSE: 0.0061) [BEST]
2026-09-13 15:43:10,026 - INFO - Epoch [ 360/2000] LR: 0.000093 | Train Loss: 0.004463 (Data: 0.00445, Mono: 0.00003) | Val MSE: 0.000039 (RMSE: 0.0062) 
2026-09-13 15:43:10,227 - INFO - Epoch [ 365/2000] LR: 0.000093 | Train Loss: 0.004383 (Data: 0.00437, Mono: 0.00003) | Val MSE: 0.000037 (RMSE: 0.0061) [BEST]
2026-09-13 15:43:10,418 - INFO - Epoch [ 370/2000] LR: 0.000093 | Train Loss: 0.004269 (Data: 0.00426, Mono: 0.00003) | Val MSE: 0.000039 (RMSE: 0.0062) 
2026-09-13 15:43:10,814 - INFO - Epoch [ 380/2000] LR: 0.000093 | Train Loss: 0.004365 (Data: 0.00435, Mono: 0.00003) | Val MSE: 0.000055 (RMSE: 0.0074) 
2026-09-13 15:43:10,933 - INFO - Epoch [ 383/2000] LR: 0.000092 | Train Loss: 0.004315 (Data: 0.00430, Mono: 0.00003) | Val MSE: 0.000036 (RMSE: 0.0060) [BEST]
2026-09-13 15:43:11,186 - INFO - Epoch [ 390/2000] LR: 0.000092 | Train Loss: 0.004224 (Data: 0.00421, Mono: 0.00003) | Val MSE: 0.000039 (RMSE: 0.0062) 
2026-09-13 15:43:11,537 - INFO - Epoch [ 400/2000] LR: 0.000092 | Train Loss: 0.004202 (Data: 0.00419, Mono: 0.00003) | Val MSE: 0.000041 (RMSE: 0.0064) 
2026-09-13 15:43:11,902 - INFO - Epoch [ 410/2000] LR: 0.000091 | Train Loss: 0.004303 (Data: 0.00429, Mono: 0.00003) | Val MSE: 0.000039 (RMSE: 0.0062) 
2026-09-13 15:43:11,976 - INFO - Epoch [ 412/2000] LR: 0.000091 | Train Loss: 0.004031 (Data: 0.00402, Mono: 0.00003) | Val MSE: 0.000033 (RMSE: 0.0058) [BEST]
2026-09-13 15:43:12,246 - INFO - Epoch [ 420/2000] LR: 0.000091 | Train Loss: 0.003983 (Data: 0.00397, Mono: 0.00003) | Val MSE: 0.000059 (RMSE: 0.0077) 
2026-09-13 15:43:12,577 - INFO - Epoch [ 429/2000] LR: 0.000090 | Train Loss: 0.004114 (Data: 0.00410, Mono: 0.00003) | Val MSE: 0.000032 (RMSE: 0.0056) [BEST]
2026-09-13 15:43:12,621 - INFO - Epoch [ 430/2000] LR: 0.000090 | Train Loss: 0.003913 (Data: 0.00390, Mono: 0.00003) | Val MSE: 0.000043 (RMSE: 0.0066) 
2026-09-13 15:43:12,935 - INFO - Epoch [ 438/2000] LR: 0.000090 | Train Loss: 0.003919 (Data: 0.00391, Mono: 0.00003) | Val MSE: 0.000031 (RMSE: 0.0055) [BEST]
2026-09-13 15:43:13,013 - INFO - Epoch [ 440/2000] LR: 0.000090 | Train Loss: 0.003744 (Data: 0.00373, Mono: 0.00003) | Val MSE: 0.000036 (RMSE: 0.0060) 
2026-09-13 15:43:13,403 - INFO - Epoch [ 450/2000] LR: 0.000089 | Train Loss: 0.004010 (Data: 0.00400, Mono: 0.00003) | Val MSE: 0.000036 (RMSE: 0.0060) 
2026-09-13 15:43:13,588 - INFO - Epoch [ 455/2000] LR: 0.000089 | Train Loss: 0.003888 (Data: 0.00387, Mono: 0.00003) | Val MSE: 0.000030 (RMSE: 0.0055) [BEST]
2026-09-13 15:43:13,811 - INFO - Epoch [ 460/2000] LR: 0.000089 | Train Loss: 0.003816 (Data: 0.00380, Mono: 0.00003) | Val MSE: 0.000035 (RMSE: 0.0059) 
2026-09-13 15:43:14,195 - INFO - Epoch [ 470/2000] LR: 0.000088 | Train Loss: 0.003584 (Data: 0.00357, Mono: 0.00003) | Val MSE: 0.000031 (RMSE: 0.0055) 
2026-09-13 15:43:14,380 - INFO - Epoch [ 475/2000] LR: 0.000088 | Train Loss: 0.003604 (Data: 0.00359, Mono: 0.00003) | Val MSE: 0.000029 (RMSE: 0.0054) [BEST]
2026-09-13 15:43:14,421 - INFO - Epoch [ 476/2000] LR: 0.000088 | Train Loss: 0.003701 (Data: 0.00369, Mono: 0.00003) | Val MSE: 0.000029 (RMSE: 0.0054) [BEST]
2026-09-13 15:43:14,586 - INFO - Epoch [ 480/2000] LR: 0.000088 | Train Loss: 0.003613 (Data: 0.00360, Mono: 0.00003) | Val MSE: 0.000035 (RMSE: 0.0059) 
2026-09-13 15:43:15,088 - INFO - Epoch [ 490/2000] LR: 0.000087 | Train Loss: 0.003543 (Data: 0.00353, Mono: 0.00003) | Val MSE: 0.000049 (RMSE: 0.0070) 
2026-09-13 15:43:15,284 - INFO - Epoch [ 494/2000] LR: 0.000087 | Train Loss: 0.003832 (Data: 0.00382, Mono: 0.00003) | Val MSE: 0.000028 (RMSE: 0.0053) [BEST]
2026-09-13 15:43:15,556 - INFO - Epoch [ 500/2000] LR: 0.000087 | Train Loss: 0.003500 (Data: 0.00349, Mono: 0.00003) | Val MSE: 0.000036 (RMSE: 0.0060) 
2026-09-13 15:43:16,079 - INFO - Epoch [ 510/2000] LR: 0.000086 | Train Loss: 0.003503 (Data: 0.00349, Mono: 0.00003) | Val MSE: 0.000038 (RMSE: 0.0062) 
2026-09-13 15:43:16,428 - INFO - Epoch [ 517/2000] LR: 0.000086 | Train Loss: 0.003631 (Data: 0.00362, Mono: 0.00003) | Val MSE: 0.000027 (RMSE: 0.0052) [BEST]
2026-09-13 15:43:16,581 - INFO - Epoch [ 520/2000] LR: 0.000086 | Train Loss: 0.003403 (Data: 0.00339, Mono: 0.00003) | Val MSE: 0.000050 (RMSE: 0.0070) 
2026-09-13 15:43:16,728 - INFO - Epoch [ 523/2000] LR: 0.000086 | Train Loss: 0.003349 (Data: 0.00334, Mono: 0.00003) | Val MSE: 0.000027 (RMSE: 0.0052) [BEST]
2026-09-13 15:43:17,079 - INFO - Epoch [ 530/2000] LR: 0.000085 | Train Loss: 0.003773 (Data: 0.00376, Mono: 0.00003) | Val MSE: 0.000051 (RMSE: 0.0072) 
2026-09-13 15:43:17,595 - INFO - Epoch [ 540/2000] LR: 0.000085 | Train Loss: 0.003316 (Data: 0.00331, Mono: 0.00003) | Val MSE: 0.000031 (RMSE: 0.0056) 
2026-09-13 15:43:18,106 - INFO - Epoch [ 550/2000] LR: 0.000084 | Train Loss: 0.003230 (Data: 0.00322, Mono: 0.00003) | Val MSE: 0.000041 (RMSE: 0.0064) 
2026-09-13 15:43:18,573 - INFO - Epoch [ 560/2000] LR: 0.000083 | Train Loss: 0.003367 (Data: 0.00336, Mono: 0.00003) | Val MSE: 0.000029 (RMSE: 0.0054) 
2026-09-13 15:43:18,706 - INFO - Epoch [ 563/2000] LR: 0.000083 | Train Loss: 0.003238 (Data: 0.00323, Mono: 0.00003) | Val MSE: 0.000026 (RMSE: 0.0051) [BEST]
2026-09-13 15:43:18,750 - INFO - Epoch [ 564/2000] LR: 0.000083 | Train Loss: 0.003329 (Data: 0.00332, Mono: 0.00002) | Val MSE: 0.000026 (RMSE: 0.0051) [BEST]
2026-09-13 15:43:18,981 - INFO - Epoch [ 570/2000] LR: 0.000083 | Train Loss: 0.003087 (Data: 0.00308, Mono: 0.00003) | Val MSE: 0.000031 (RMSE: 0.0056) 
2026-09-13 15:43:19,386 - INFO - Epoch [ 580/2000] LR: 0.000082 | Train Loss: 0.003043 (Data: 0.00303, Mono: 0.00003) | Val MSE: 0.000035 (RMSE: 0.0059) 
2026-09-13 15:43:19,674 - INFO - Epoch [ 587/2000] LR: 0.000082 | Train Loss: 0.003095 (Data: 0.00309, Mono: 0.00003) | Val MSE: 0.000025 (RMSE: 0.0050) [BEST]
2026-09-13 15:43:19,796 - INFO - Epoch [ 590/2000] LR: 0.000082 | Train Loss: 0.003035 (Data: 0.00302, Mono: 0.00003) | Val MSE: 0.000048 (RMSE: 0.0069) 
2026-09-13 15:43:20,182 - INFO - Epoch [ 600/2000] LR: 0.000081 | Train Loss: 0.003213 (Data: 0.00320, Mono: 0.00003) | Val MSE: 0.000049 (RMSE: 0.0070) 
2026-09-13 15:43:20,519 - INFO - Epoch [ 610/2000] LR: 0.000080 | Train Loss: 0.002985 (Data: 0.00297, Mono: 0.00003) | Val MSE: 0.000041 (RMSE: 0.0064) 
2026-09-13 15:43:20,879 - INFO - Epoch [ 620/2000] LR: 0.000080 | Train Loss: 0.003042 (Data: 0.00303, Mono: 0.00002) | Val MSE: 0.000028 (RMSE: 0.0053) 
2026-09-13 15:43:21,044 - INFO - Epoch [ 625/2000] LR: 0.000079 | Train Loss: 0.003084 (Data: 0.00307, Mono: 0.00002) | Val MSE: 0.000025 (RMSE: 0.0050) [BEST]
2026-09-13 15:43:21,086 - INFO - Epoch [ 626/2000] LR: 0.000079 | Train Loss: 0.003189 (Data: 0.00318, Mono: 0.00003) | Val MSE: 0.000025 (RMSE: 0.0050) [BEST]
2026-09-13 15:43:21,251 - INFO - Epoch [ 630/2000] LR: 0.000079 | Train Loss: 0.003106 (Data: 0.00310, Mono: 0.00003) | Val MSE: 0.000029 (RMSE: 0.0053) 
2026-09-13 15:43:21,696 - INFO - Epoch [ 640/2000] LR: 0.000078 | Train Loss: 0.002804 (Data: 0.00279, Mono: 0.00003) | Val MSE: 0.000036 (RMSE: 0.0060) 
2026-09-13 15:43:22,063 - INFO - Epoch [ 650/2000] LR: 0.000078 | Train Loss: 0.002798 (Data: 0.00279, Mono: 0.00002) | Val MSE: 0.000025 (RMSE: 0.0050) 
2026-09-13 15:43:22,513 - INFO - Epoch [ 660/2000] LR: 0.000077 | Train Loss: 0.002961 (Data: 0.00295, Mono: 0.00003) | Val MSE: 0.000045 (RMSE: 0.0067) 
2026-09-13 15:43:22,909 - INFO - Epoch [ 670/2000] LR: 0.000077 | Train Loss: 0.003091 (Data: 0.00308, Mono: 0.00003) | Val MSE: 0.000032 (RMSE: 0.0056) 
2026-09-13 15:43:23,274 - INFO - Epoch [ 680/2000] LR: 0.000076 | Train Loss: 0.002801 (Data: 0.00279, Mono: 0.00002) | Val MSE: 0.000042 (RMSE: 0.0065) 
2026-09-13 15:43:23,628 - INFO - Epoch [ 690/2000] LR: 0.000075 | Train Loss: 0.002762 (Data: 0.00275, Mono: 0.00002) | Val MSE: 0.000033 (RMSE: 0.0057) 
2026-09-13 15:43:23,702 - INFO - Epoch [ 692/2000] LR: 0.000075 | Train Loss: 0.002850 (Data: 0.00284, Mono: 0.00003) | Val MSE: 0.000024 (RMSE: 0.0049) [BEST]
2026-09-13 15:43:24,008 - INFO - Epoch [ 700/2000] LR: 0.000074 | Train Loss: 0.002690 (Data: 0.00268, Mono: 0.00002) | Val MSE: 0.000026 (RMSE: 0.0051) 
2026-09-13 15:43:24,235 - INFO - Epoch [ 706/2000] LR: 0.000074 | Train Loss: 0.002984 (Data: 0.00297, Mono: 0.00003) | Val MSE: 0.000024 (RMSE: 0.0049) [BEST]
2026-09-13 15:43:24,384 - INFO - Epoch [ 710/2000] LR: 0.000074 | Train Loss: 0.002705 (Data: 0.00269, Mono: 0.00003) | Val MSE: 0.000031 (RMSE: 0.0056) 
2026-09-13 15:43:24,771 - INFO - Epoch [ 720/2000] LR: 0.000073 | Train Loss: 0.002680 (Data: 0.00267, Mono: 0.00002) | Val MSE: 0.000030 (RMSE: 0.0054) 
2026-09-13 15:43:25,146 - INFO - Epoch [ 730/2000] LR: 0.000072 | Train Loss: 0.002708 (Data: 0.00270, Mono: 0.00002) | Val MSE: 0.000028 (RMSE: 0.0053) 
2026-09-13 15:43:25,509 - INFO - Epoch [ 740/2000] LR: 0.000072 | Train Loss: 0.002661 (Data: 0.00265, Mono: 0.00002) | Val MSE: 0.000025 (RMSE: 0.0050) 
2026-09-13 15:43:25,862 - INFO - Epoch [ 750/2000] LR: 0.000071 | Train Loss: 0.002595 (Data: 0.00259, Mono: 0.00002) | Val MSE: 0.000055 (RMSE: 0.0074) 
2026-09-13 15:43:26,196 - INFO - Epoch [ 760/2000] LR: 0.000070 | Train Loss: 0.002709 (Data: 0.00270, Mono: 0.00002) | Val MSE: 0.000028 (RMSE: 0.0053) 
2026-09-13 15:43:26,560 - INFO - Epoch [ 770/2000] LR: 0.000070 | Train Loss: 0.002552 (Data: 0.00254, Mono: 0.00002) | Val MSE: 0.000034 (RMSE: 0.0058) 
2026-09-13 15:43:26,949 - INFO - Epoch [ 780/2000] LR: 0.000069 | Train Loss: 0.002681 (Data: 0.00267, Mono: 0.00002) | Val MSE: 0.000062 (RMSE: 0.0079) 
2026-09-13 15:43:27,316 - INFO - Epoch [ 790/2000] LR: 0.000068 | Train Loss: 0.002524 (Data: 0.00251, Mono: 0.00003) | Val MSE: 0.000030 (RMSE: 0.0055) 
2026-09-13 15:43:27,666 - INFO - Epoch [ 800/2000] LR: 0.000067 | Train Loss: 0.002522 (Data: 0.00251, Mono: 0.00002) | Val MSE: 0.000027 (RMSE: 0.0052) 
2026-09-13 15:43:28,041 - INFO - Epoch [ 810/2000] LR: 0.000067 | Train Loss: 0.002533 (Data: 0.00252, Mono: 0.00002) | Val MSE: 0.000050 (RMSE: 0.0071) 
2026-09-13 15:43:28,389 - INFO - Epoch [ 820/2000] LR: 0.000066 | Train Loss: 0.002412 (Data: 0.00240, Mono: 0.00002) | Val MSE: 0.000029 (RMSE: 0.0053) 
2026-09-13 15:43:28,736 - INFO - Epoch [ 830/2000] LR: 0.000065 | Train Loss: 0.002538 (Data: 0.00253, Mono: 0.00002) | Val MSE: 0.000038 (RMSE: 0.0061) 
2026-09-13 15:43:29,104 - INFO - Epoch [ 840/2000] LR: 0.000064 | Train Loss: 0.002565 (Data: 0.00256, Mono: 0.00002) | Val MSE: 0.000055 (RMSE: 0.0074) 
2026-09-13 15:43:29,466 - INFO - Epoch [ 850/2000] LR: 0.000064 | Train Loss: 0.002343 (Data: 0.00233, Mono: 0.00002) | Val MSE: 0.000051 (RMSE: 0.0071) 
2026-09-13 15:43:29,797 - INFO - Epoch [ 860/2000] LR: 0.000063 | Train Loss: 0.002296 (Data: 0.00229, Mono: 0.00002) | Val MSE: 0.000039 (RMSE: 0.0062) 
2026-09-13 15:43:30,156 - INFO - Epoch [ 870/2000] LR: 0.000062 | Train Loss: 0.002356 (Data: 0.00235, Mono: 0.00002) | Val MSE: 0.000048 (RMSE: 0.0069) 
2026-09-13 15:43:30,511 - INFO - Epoch [ 880/2000] LR: 0.000061 | Train Loss: 0.002519 (Data: 0.00251, Mono: 0.00002) | Val MSE: 0.000042 (RMSE: 0.0065) 
2026-09-13 15:43:30,842 - INFO - Epoch [ 890/2000] LR: 0.000061 | Train Loss: 0.002360 (Data: 0.00235, Mono: 0.00002) | Val MSE: 0.000026 (RMSE: 0.0051) 
2026-09-13 15:43:31,238 - INFO - Epoch [ 900/2000] LR: 0.000060 | Train Loss: 0.002180 (Data: 0.00217, Mono: 0.00002) | Val MSE: 0.000033 (RMSE: 0.0058) 
2026-09-13 15:43:31,571 - INFO - Epoch [ 910/2000] LR: 0.000059 | Train Loss: 0.002172 (Data: 0.00216, Mono: 0.00002) | Val MSE: 0.000048 (RMSE: 0.0069) 
2026-09-13 15:43:31,938 - INFO - Epoch [ 920/2000] LR: 0.000058 | Train Loss: 0.002248 (Data: 0.00224, Mono: 0.00002) | Val MSE: 0.000062 (RMSE: 0.0079) 
2026-09-13 15:43:32,300 - INFO - Epoch [ 930/2000] LR: 0.000057 | Train Loss: 0.002371 (Data: 0.00236, Mono: 0.00002) | Val MSE: 0.000027 (RMSE: 0.0052) 
2026-09-13 15:43:32,668 - INFO - Epoch [ 940/2000] LR: 0.000057 | Train Loss: 0.002378 (Data: 0.00237, Mono: 0.00003) | Val MSE: 0.000033 (RMSE: 0.0057) 
2026-09-13 15:43:33,054 - INFO - Epoch [ 950/2000] LR: 0.000056 | Train Loss: 0.002324 (Data: 0.00231, Mono: 0.00002) | Val MSE: 0.000027 (RMSE: 0.0052) 
2026-09-13 15:43:33,450 - INFO - Epoch [ 960/2000] LR: 0.000055 | Train Loss: 0.002261 (Data: 0.00225, Mono: 0.00002) | Val MSE: 0.000028 (RMSE: 0.0053) 
2026-09-13 15:43:33,836 - INFO - Epoch [ 970/2000] LR: 0.000054 | Train Loss: 0.002090 (Data: 0.00208, Mono: 0.00002) | Val MSE: 0.000030 (RMSE: 0.0054) 
2026-09-13 15:43:34,220 - INFO - Epoch [ 980/2000] LR: 0.000054 | Train Loss: 0.002186 (Data: 0.00218, Mono: 0.00002) | Val MSE: 0.000053 (RMSE: 0.0073) 
2026-09-13 15:43:34,584 - INFO - Epoch [ 990/2000] LR: 0.000053 | Train Loss: 0.002270 (Data: 0.00226, Mono: 0.00002) | Val MSE: 0.000032 (RMSE: 0.0057) 
2026-09-13 15:43:34,950 - INFO - Epoch [1000/2000] LR: 0.000052 | Train Loss: 0.002258 (Data: 0.00225, Mono: 0.00002) | Val MSE: 0.000047 (RMSE: 0.0068) 
2026-09-13 15:43:35,339 - INFO - Epoch [1010/2000] LR: 0.000051 | Train Loss: 0.002149 (Data: 0.00214, Mono: 0.00002) | Val MSE: 0.000029 (RMSE: 0.0054) 
2026-09-13 15:43:35,695 - INFO - Epoch [1020/2000] LR: 0.000050 | Train Loss: 0.002098 (Data: 0.00209, Mono: 0.00002) | Val MSE: 0.000046 (RMSE: 0.0068) 
2026-09-13 15:43:36,071 - INFO - Epoch [1030/2000] LR: 0.000050 | Train Loss: 0.002105 (Data: 0.00210, Mono: 0.00002) | Val MSE: 0.000029 (RMSE: 0.0054) 
2026-09-13 15:43:36,455 - INFO - Epoch [1040/2000] LR: 0.000049 | Train Loss: 0.002110 (Data: 0.00210, Mono: 0.00002) | Val MSE: 0.000029 (RMSE: 0.0054) 
2026-09-13 15:43:36,825 - INFO - Epoch [1050/2000] LR: 0.000048 | Train Loss: 0.001955 (Data: 0.00195, Mono: 0.00002) | Val MSE: 0.000072 (RMSE: 0.0085) 
2026-09-13 15:43:37,244 - INFO - Epoch [1060/2000] LR: 0.000047 | Train Loss: 0.002083 (Data: 0.00208, Mono: 0.00002) | Val MSE: 0.000037 (RMSE: 0.0061) 
2026-09-13 15:43:37,621 - INFO - Epoch [1070/2000] LR: 0.000046 | Train Loss: 0.002109 (Data: 0.00210, Mono: 0.00002) | Val MSE: 0.000034 (RMSE: 0.0058) 
2026-09-13 15:43:38,022 - INFO - Epoch [1080/2000] LR: 0.000046 | Train Loss: 0.002002 (Data: 0.00199, Mono: 0.00002) | Val MSE: 0.000033 (RMSE: 0.0057) 
2026-09-13 15:43:38,425 - INFO - Epoch [1090/2000] LR: 0.000045 | Train Loss: 0.002076 (Data: 0.00207, Mono: 0.00002) | Val MSE: 0.000054 (RMSE: 0.0073) 
2026-09-13 15:43:38,813 - INFO - Epoch [1100/2000] LR: 0.000044 | Train Loss: 0.002098 (Data: 0.00209, Mono: 0.00002) | Val MSE: 0.000045 (RMSE: 0.0067) 
2026-09-13 15:43:39,228 - INFO - Epoch [1110/2000] LR: 0.000043 | Train Loss: 0.001914 (Data: 0.00191, Mono: 0.00002) | Val MSE: 0.000041 (RMSE: 0.0064) 
2026-09-13 15:43:39,647 - INFO - Epoch [1120/2000] LR: 0.000043 | Train Loss: 0.002021 (Data: 0.00201, Mono: 0.00002) | Val MSE: 0.000042 (RMSE: 0.0065) 
2026-09-13 15:43:40,053 - INFO - Epoch [1130/2000] LR: 0.000042 | Train Loss: 0.002016 (Data: 0.00201, Mono: 0.00002) | Val MSE: 0.000053 (RMSE: 0.0073) 
2026-09-13 15:43:40,438 - INFO - Epoch [1140/2000] LR: 0.000041 | Train Loss: 0.001962 (Data: 0.00195, Mono: 0.00002) | Val MSE: 0.000041 (RMSE: 0.0064) 
2026-09-13 15:43:40,838 - INFO - Epoch [1150/2000] LR: 0.000040 | Train Loss: 0.002033 (Data: 0.00203, Mono: 0.00002) | Val MSE: 0.000036 (RMSE: 0.0060) 
2026-09-13 15:43:41,187 - INFO - Epoch [1160/2000] LR: 0.000040 | Train Loss: 0.001943 (Data: 0.00194, Mono: 0.00002) | Val MSE: 0.000047 (RMSE: 0.0068) 
2026-09-13 15:43:41,647 - INFO - Epoch [1170/2000] LR: 0.000039 | Train Loss: 0.001838 (Data: 0.00183, Mono: 0.00002) | Val MSE: 0.000036 (RMSE: 0.0060) 
2026-09-13 15:43:42,011 - INFO - Epoch [1180/2000] LR: 0.000038 | Train Loss: 0.001894 (Data: 0.00189, Mono: 0.00002) | Val MSE: 0.000044 (RMSE: 0.0066) 
2026-09-13 15:43:42,389 - INFO - Epoch [1190/2000] LR: 0.000037 | Train Loss: 0.001831 (Data: 0.00182, Mono: 0.00002) | Val MSE: 0.000034 (RMSE: 0.0059) 
2026-09-13 15:43:42,792 - INFO - Epoch [1200/2000] LR: 0.000036 | Train Loss: 0.002073 (Data: 0.00206, Mono: 0.00002) | Val MSE: 0.000056 (RMSE: 0.0075) 
2026-09-13 15:43:43,175 - INFO - Epoch [1210/2000] LR: 0.000036 | Train Loss: 0.001790 (Data: 0.00178, Mono: 0.00002) | Val MSE: 0.000040 (RMSE: 0.0063) 
2026-09-13 15:43:43,594 - INFO - Epoch [1220/2000] LR: 0.000035 | Train Loss: 0.001871 (Data: 0.00186, Mono: 0.00002) | Val MSE: 0.000048 (RMSE: 0.0069) 
2026-09-13 15:43:43,949 - INFO - Epoch [1230/2000] LR: 0.000034 | Train Loss: 0.001826 (Data: 0.00182, Mono: 0.00002) | Val MSE: 0.000038 (RMSE: 0.0062) 
2026-09-13 15:43:44,300 - INFO - Epoch [1240/2000] LR: 0.000034 | Train Loss: 0.001760 (Data: 0.00175, Mono: 0.00002) | Val MSE: 0.000055 (RMSE: 0.0074) 
2026-09-13 15:43:44,673 - INFO - Epoch [1250/2000] LR: 0.000033 | Train Loss: 0.001836 (Data: 0.00183, Mono: 0.00002) | Val MSE: 0.000056 (RMSE: 0.0075) 
2026-09-13 15:43:45,048 - INFO - Epoch [1260/2000] LR: 0.000032 | Train Loss: 0.001885 (Data: 0.00188, Mono: 0.00002) | Val MSE: 0.000048 (RMSE: 0.0070) 
2026-09-13 15:43:45,388 - INFO - Epoch [1270/2000] LR: 0.000031 | Train Loss: 0.001878 (Data: 0.00187, Mono: 0.00002) | Val MSE: 0.000039 (RMSE: 0.0062) 
2026-09-13 15:43:45,749 - INFO - Epoch [1280/2000] LR: 0.000031 | Train Loss: 0.001837 (Data: 0.00183, Mono: 0.00002) | Val MSE: 0.000038 (RMSE: 0.0062) 
2026-09-13 15:43:46,105 - INFO - Epoch [1290/2000] LR: 0.000030 | Train Loss: 0.001872 (Data: 0.00187, Mono: 0.00002) | Val MSE: 0.000036 (RMSE: 0.0060) 
2026-09-13 15:43:46,476 - INFO - Epoch [1300/2000] LR: 0.000029 | Train Loss: 0.001863 (Data: 0.00186, Mono: 0.00002) | Val MSE: 0.000037 (RMSE: 0.0061) 
2026-09-13 15:43:46,831 - INFO - Epoch [1310/2000] LR: 0.000028 | Train Loss: 0.001756 (Data: 0.00175, Mono: 0.00002) | Val MSE: 0.000052 (RMSE: 0.0072) 
2026-09-13 15:43:47,277 - INFO - Epoch [1320/2000] LR: 0.000028 | Train Loss: 0.001991 (Data: 0.00198, Mono: 0.00002) | Val MSE: 0.000055 (RMSE: 0.0074) 
2026-09-13 15:43:47,714 - INFO - Epoch [1330/2000] LR: 0.000027 | Train Loss: 0.001991 (Data: 0.00198, Mono: 0.00002) | Val MSE: 0.000046 (RMSE: 0.0068) 
2026-09-13 15:43:48,146 - INFO - Epoch [1340/2000] LR: 0.000026 | Train Loss: 0.001740 (Data: 0.00173, Mono: 0.00002) | Val MSE: 0.000055 (RMSE: 0.0074) 
2026-09-13 15:43:48,556 - INFO - Epoch [1350/2000] LR: 0.000026 | Train Loss: 0.001855 (Data: 0.00185, Mono: 0.00002) | Val MSE: 0.000041 (RMSE: 0.0064) 
2026-09-13 15:43:48,974 - INFO - Epoch [1360/2000] LR: 0.000025 | Train Loss: 0.001691 (Data: 0.00168, Mono: 0.00002) | Val MSE: 0.000045 (RMSE: 0.0067) 
2026-09-13 15:43:49,354 - INFO - Epoch [1370/2000] LR: 0.000024 | Train Loss: 0.001704 (Data: 0.00170, Mono: 0.00002) | Val MSE: 0.000041 (RMSE: 0.0064) 
2026-09-13 15:43:49,767 - INFO - Epoch [1380/2000] LR: 0.000024 | Train Loss: 0.001830 (Data: 0.00182, Mono: 0.00002) | Val MSE: 0.000048 (RMSE: 0.0069) 
2026-09-13 15:43:50,172 - INFO - Epoch [1390/2000] LR: 0.000023 | Train Loss: 0.001867 (Data: 0.00186, Mono: 0.00002) | Val MSE: 0.000044 (RMSE: 0.0066) 
2026-09-13 15:43:50,560 - INFO - Epoch [1400/2000] LR: 0.000022 | Train Loss: 0.001782 (Data: 0.00177, Mono: 0.00002) | Val MSE: 0.000055 (RMSE: 0.0074) 
2026-09-13 15:43:50,993 - INFO - Epoch [1410/2000] LR: 0.000022 | Train Loss: 0.001709 (Data: 0.00170, Mono: 0.00002) | Val MSE: 0.000037 (RMSE: 0.0061) 
2026-09-13 15:43:51,379 - INFO - Epoch [1420/2000] LR: 0.000021 | Train Loss: 0.001658 (Data: 0.00165, Mono: 0.00002) | Val MSE: 0.000047 (RMSE: 0.0069) 
2026-09-13 15:43:51,752 - INFO - Epoch [1430/2000] LR: 0.000021 | Train Loss: 0.001836 (Data: 0.00183, Mono: 0.00002) | Val MSE: 0.000047 (RMSE: 0.0069) 
2026-09-13 15:43:52,181 - INFO - Epoch [1440/2000] LR: 0.000020 | Train Loss: 0.001707 (Data: 0.00170, Mono: 0.00002) | Val MSE: 0.000042 (RMSE: 0.0065) 
2026-09-13 15:43:52,694 - INFO - Epoch [1450/2000] LR: 0.000019 | Train Loss: 0.001676 (Data: 0.00167, Mono: 0.00002) | Val MSE: 0.000052 (RMSE: 0.0072) 
2026-09-13 15:43:53,104 - INFO - Epoch [1460/2000] LR: 0.000019 | Train Loss: 0.001734 (Data: 0.00173, Mono: 0.00002) | Val MSE: 0.000038 (RMSE: 0.0062) 
2026-09-13 15:43:53,512 - INFO - Epoch [1470/2000] LR: 0.000018 | Train Loss: 0.001732 (Data: 0.00172, Mono: 0.00002) | Val MSE: 0.000073 (RMSE: 0.0085) 
2026-09-13 15:43:53,913 - INFO - Epoch [1480/2000] LR: 0.000018 | Train Loss: 0.001748 (Data: 0.00174, Mono: 0.00002) | Val MSE: 0.000042 (RMSE: 0.0065) 
2026-09-13 15:43:54,308 - INFO - Epoch [1490/2000] LR: 0.000017 | Train Loss: 0.001723 (Data: 0.00171, Mono: 0.00002) | Val MSE: 0.000043 (RMSE: 0.0065) 
2026-09-13 15:43:54,719 - INFO - Epoch [1500/2000] LR: 0.000016 | Train Loss: 0.001796 (Data: 0.00179, Mono: 0.00002) | Val MSE: 0.000049 (RMSE: 0.0070) 
2026-09-13 15:43:55,154 - INFO - Epoch [1510/2000] LR: 0.000016 | Train Loss: 0.001767 (Data: 0.00176, Mono: 0.00002) | Val MSE: 0.000049 (RMSE: 0.0070) 
2026-09-13 15:43:55,560 - INFO - Epoch [1520/2000] LR: 0.000015 | Train Loss: 0.001819 (Data: 0.00181, Mono: 0.00002) | Val MSE: 0.000047 (RMSE: 0.0068) 
2026-09-13 15:43:55,967 - INFO - Epoch [1530/2000] LR: 0.000015 | Train Loss: 0.001758 (Data: 0.00175, Mono: 0.00002) | Val MSE: 0.000040 (RMSE: 0.0063) 
2026-09-13 15:43:56,368 - INFO - Epoch [1540/2000] LR: 0.000014 | Train Loss: 0.001671 (Data: 0.00166, Mono: 0.00002) | Val MSE: 0.000056 (RMSE: 0.0075) 
2026-09-13 15:43:56,791 - INFO - Epoch [1550/2000] LR: 0.000014 | Train Loss: 0.001665 (Data: 0.00166, Mono: 0.00002) | Val MSE: 0.000038 (RMSE: 0.0062) 
2026-09-13 15:43:57,198 - INFO - Epoch [1560/2000] LR: 0.000013 | Train Loss: 0.001736 (Data: 0.00173, Mono: 0.00002) | Val MSE: 0.000044 (RMSE: 0.0066) 
2026-09-13 15:43:57,587 - INFO - Epoch [1570/2000] LR: 0.000013 | Train Loss: 0.001690 (Data: 0.00168, Mono: 0.00002) | Val MSE: 0.000045 (RMSE: 0.0067) 
2026-09-13 15:43:57,973 - INFO - Epoch [1580/2000] LR: 0.000012 | Train Loss: 0.001717 (Data: 0.00171, Mono: 0.00002) | Val MSE: 0.000057 (RMSE: 0.0076) 
2026-09-13 15:43:58,363 - INFO - Epoch [1590/2000] LR: 0.000012 | Train Loss: 0.001711 (Data: 0.00170, Mono: 0.00002) | Val MSE: 0.000052 (RMSE: 0.0072) 
2026-09-13 15:43:58,734 - INFO - Epoch [1600/2000] LR: 0.000011 | Train Loss: 0.001723 (Data: 0.00171, Mono: 0.00002) | Val MSE: 0.000058 (RMSE: 0.0076) 
2026-09-13 15:43:59,095 - INFO - Epoch [1610/2000] LR: 0.000011 | Train Loss: 0.001651 (Data: 0.00164, Mono: 0.00002) | Val MSE: 0.000052 (RMSE: 0.0072) 
2026-09-13 15:43:59,453 - INFO - Epoch [1620/2000] LR: 0.000010 | Train Loss: 0.001607 (Data: 0.00160, Mono: 0.00002) | Val MSE: 0.000047 (RMSE: 0.0069) 
2026-09-13 15:43:59,793 - INFO - Epoch [1630/2000] LR: 0.000010 | Train Loss: 0.001514 (Data: 0.00151, Mono: 0.00002) | Val MSE: 0.000049 (RMSE: 0.0070) 
2026-09-13 15:44:00,176 - INFO - Epoch [1640/2000] LR: 0.000009 | Train Loss: 0.001689 (Data: 0.00168, Mono: 0.00002) | Val MSE: 0.000047 (RMSE: 0.0069) 
2026-09-13 15:44:00,522 - INFO - Epoch [1650/2000] LR: 0.000009 | Train Loss: 0.001736 (Data: 0.00173, Mono: 0.00002) | Val MSE: 0.000060 (RMSE: 0.0077) 
2026-09-13 15:44:00,856 - INFO - Epoch [1660/2000] LR: 0.000009 | Train Loss: 0.001747 (Data: 0.00174, Mono: 0.00002) | Val MSE: 0.000044 (RMSE: 0.0066) 
2026-09-13 15:44:01,314 - INFO - Epoch [1670/2000] LR: 0.000008 | Train Loss: 0.001710 (Data: 0.00170, Mono: 0.00002) | Val MSE: 0.000057 (RMSE: 0.0075) 
2026-09-13 15:44:01,648 - INFO - Epoch [1680/2000] LR: 0.000008 | Train Loss: 0.001681 (Data: 0.00167, Mono: 0.00002) | Val MSE: 0.000056 (RMSE: 0.0075) 
2026-09-13 15:44:02,007 - INFO - Epoch [1690/2000] LR: 0.000007 | Train Loss: 0.001623 (Data: 0.00162, Mono: 0.00002) | Val MSE: 0.000046 (RMSE: 0.0068) 
2026-09-13 15:44:02,370 - INFO - Epoch [1700/2000] LR: 0.000007 | Train Loss: 0.001659 (Data: 0.00165, Mono: 0.00002) | Val MSE: 0.000051 (RMSE: 0.0071) 
2026-09-13 15:44:02,730 - INFO - Epoch [1710/2000] LR: 0.000007 | Train Loss: 0.001702 (Data: 0.00169, Mono: 0.00002) | Val MSE: 0.000050 (RMSE: 0.0071) 
2026-09-13 15:44:03,132 - INFO - Epoch [1720/2000] LR: 0.000006 | Train Loss: 0.001696 (Data: 0.00169, Mono: 0.00002) | Val MSE: 0.000056 (RMSE: 0.0075) 
2026-09-13 15:44:03,488 - INFO - Epoch [1730/2000] LR: 0.000006 | Train Loss: 0.001712 (Data: 0.00170, Mono: 0.00002) | Val MSE: 0.000055 (RMSE: 0.0074) 
2026-09-13 15:44:03,861 - INFO - Epoch [1740/2000] LR: 0.000006 | Train Loss: 0.001639 (Data: 0.00163, Mono: 0.00002) | Val MSE: 0.000046 (RMSE: 0.0067) 
2026-09-13 15:44:04,227 - INFO - Epoch [1750/2000] LR: 0.000005 | Train Loss: 0.001689 (Data: 0.00168, Mono: 0.00002) | Val MSE: 0.000047 (RMSE: 0.0068) 
2026-09-13 15:44:04,604 - INFO - Epoch [1760/2000] LR: 0.000005 | Train Loss: 0.001631 (Data: 0.00162, Mono: 0.00002) | Val MSE: 0.000048 (RMSE: 0.0069) 
2026-09-13 15:44:04,947 - INFO - Epoch [1770/2000] LR: 0.000005 | Train Loss: 0.001755 (Data: 0.00175, Mono: 0.00002) | Val MSE: 0.000048 (RMSE: 0.0069) 
2026-09-13 15:44:05,307 - INFO - Epoch [1780/2000] LR: 0.000005 | Train Loss: 0.001678 (Data: 0.00167, Mono: 0.00002) | Val MSE: 0.000048 (RMSE: 0.0069) 
2026-09-13 15:44:05,688 - INFO - Epoch [1790/2000] LR: 0.000004 | Train Loss: 0.001562 (Data: 0.00156, Mono: 0.00002) | Val MSE: 0.000059 (RMSE: 0.0077) 
2026-09-13 15:44:06,052 - INFO - Epoch [1800/2000] LR: 0.000004 | Train Loss: 0.001662 (Data: 0.00165, Mono: 0.00002) | Val MSE: 0.000046 (RMSE: 0.0068) 
2026-09-13 15:44:06,413 - INFO - Epoch [1810/2000] LR: 0.000004 | Train Loss: 0.001606 (Data: 0.00160, Mono: 0.00002) | Val MSE: 0.000055 (RMSE: 0.0074) 
2026-09-13 15:44:06,833 - INFO - Epoch [1820/2000] LR: 0.000004 | Train Loss: 0.001704 (Data: 0.00170, Mono: 0.00002) | Val MSE: 0.000049 (RMSE: 0.0070) 
2026-09-13 15:44:07,244 - INFO - Epoch [1830/2000] LR: 0.000003 | Train Loss: 0.001701 (Data: 0.00169, Mono: 0.00002) | Val MSE: 0.000051 (RMSE: 0.0072) 
2026-09-13 15:44:07,625 - INFO - Epoch [1840/2000] LR: 0.000003 | Train Loss: 0.001682 (Data: 0.00167, Mono: 0.00002) | Val MSE: 0.000047 (RMSE: 0.0068) 
2026-09-13 15:44:08,016 - INFO - Epoch [1850/2000] LR: 0.000003 | Train Loss: 0.001673 (Data: 0.00167, Mono: 0.00002) | Val MSE: 0.000050 (RMSE: 0.0071) 
2026-09-13 15:44:08,403 - INFO - Epoch [1860/2000] LR: 0.000003 | Train Loss: 0.001668 (Data: 0.00166, Mono: 0.00002) | Val MSE: 0.000055 (RMSE: 0.0074) 
2026-09-13 15:44:08,785 - INFO - Epoch [1870/2000] LR: 0.000003 | Train Loss: 0.001612 (Data: 0.00161, Mono: 0.00002) | Val MSE: 0.000052 (RMSE: 0.0072) 
2026-09-13 15:44:09,161 - INFO - Epoch [1880/2000] LR: 0.000002 | Train Loss: 0.001623 (Data: 0.00162, Mono: 0.00002) | Val MSE: 0.000050 (RMSE: 0.0071) 
2026-09-13 15:44:09,554 - INFO - Epoch [1890/2000] LR: 0.000002 | Train Loss: 0.001651 (Data: 0.00164, Mono: 0.00002) | Val MSE: 0.000052 (RMSE: 0.0072) 
2026-09-13 15:44:09,945 - INFO - Epoch [1900/2000] LR: 0.000002 | Train Loss: 0.001598 (Data: 0.00159, Mono: 0.00002) | Val MSE: 0.000051 (RMSE: 0.0071) 
2026-09-13 15:44:10,346 - INFO - Epoch [1910/2000] LR: 0.000002 | Train Loss: 0.001719 (Data: 0.00171, Mono: 0.00002) | Val MSE: 0.000051 (RMSE: 0.0071) 
2026-09-13 15:44:10,738 - INFO - Epoch [1920/2000] LR: 0.000002 | Train Loss: 0.001540 (Data: 0.00153, Mono: 0.00002) | Val MSE: 0.000052 (RMSE: 0.0072) 
2026-09-13 15:44:11,117 - INFO - Epoch [1930/2000] LR: 0.000002 | Train Loss: 0.001671 (Data: 0.00166, Mono: 0.00002) | Val MSE: 0.000055 (RMSE: 0.0074) 
2026-09-13 15:44:11,512 - INFO - Epoch [1940/2000] LR: 0.000002 | Train Loss: 0.001575 (Data: 0.00157, Mono: 0.00002) | Val MSE: 0.000050 (RMSE: 0.0071) 
2026-09-13 15:44:11,900 - INFO - Epoch [1950/2000] LR: 0.000002 | Train Loss: 0.001717 (Data: 0.00171, Mono: 0.00002) | Val MSE: 0.000050 (RMSE: 0.0071) 
2026-09-13 15:44:12,265 - INFO - Epoch [1960/2000] LR: 0.000002 | Train Loss: 0.001694 (Data: 0.00169, Mono: 0.00002) | Val MSE: 0.000050 (RMSE: 0.0071) 
2026-09-13 15:44:12,643 - INFO - Epoch [1970/2000] LR: 0.000002 | Train Loss: 0.001553 (Data: 0.00155, Mono: 0.00002) | Val MSE: 0.000055 (RMSE: 0.0074) 
2026-09-13 15:44:13,058 - INFO - Epoch [1980/2000] LR: 0.000002 | Train Loss: 0.001577 (Data: 0.00157, Mono: 0.00002) | Val MSE: 0.000051 (RMSE: 0.0071) 
2026-09-13 15:44:13,397 - INFO - Epoch [1990/2000] LR: 0.000002 | Train Loss: 0.001645 (Data: 0.00164, Mono: 0.00002) | Val MSE: 0.000047 (RMSE: 0.0069) 
2026-09-13 15:44:13,785 - INFO - Epoch [2000/2000] LR: 0.000002 | Train Loss: 0.001623 (Data: 0.00161, Mono: 0.00002) | Val MSE: 0.000050 (RMSE: 0.0071) 
2026-09-13 15:44:13,785 - INFO - Training completed in 78.04s. Loading best checkpoint from epoch 706 for final test evaluation...
2026-09-13 15:44:13,807 - INFO - ==================================================
2026-09-13 15:44:13,807 - INFO - Test Results for [XJTU] - [RW] (Best Epoch 706):
2026-09-13 15:44:13,807 - INFO -   Test RMSE: 0.008828
2026-09-13 15:44:13,814 - INFO -   Test MAE:  0.006153
2026-09-13 15:44:13,814 - INFO -   Test MAPE: 0.675812
2026-09-13 15:44:13,814 - INFO -   Test MSE:  0.000078
2026-09-13 15:44:13,814 - INFO - ==================================================
2026-09-13 16:51:47,935 - INFO - ==================================================
2026-09-13 16:51:47,936 - INFO - Starting FusionMLP Training for [XJTU] - [RW]
2026-09-13 16:51:47,936 - INFO - Device: cuda | Epochs: 2000 | LR: 0.000100 | Mono Weight: 0.4000 | Knee Feature: True
2026-09-13 16:51:47,936 - INFO - ==================================================
2026-09-13 16:51:48,003 - INFO - Data Splits: Train=5, Val=1, Test=2
2026-09-13 16:51:48,070 - INFO - Epoch [   1/2000] LR: 0.006063 | Train Loss: 0.353574 (Data: 0.35356, Mono: 0.00004) | Val MSE: 0.003981 (RMSE: 0.0631) [BEST]
2026-09-13 16:51:48,353 - INFO - Epoch [   8/2000] LR: 0.004623 | Train Loss: 0.016031 (Data: 0.01601, Mono: 0.00006) | Val MSE: 0.000755 (RMSE: 0.0275) [BEST]
2026-09-13 16:51:48,433 - INFO - Epoch [  10/2000] LR: 0.004212 | Train Loss: 0.011389 (Data: 0.01137, Mono: 0.00005) | Val MSE: 0.000797 (RMSE: 0.0282) 
2026-09-13 16:51:48,480 - INFO - Epoch [  11/2000] LR: 0.004007 | Train Loss: 0.011548 (Data: 0.01153, Mono: 0.00005) | Val MSE: 0.000446 (RMSE: 0.0211) [BEST]
2026-09-13 16:51:48,603 - INFO - Epoch [  14/2000] LR: 0.003390 | Train Loss: 0.008012 (Data: 0.00799, Mono: 0.00005) | Val MSE: 0.000164 (RMSE: 0.0128) [BEST]
2026-09-13 16:51:48,771 - INFO - Epoch [  18/2000] LR: 0.002567 | Train Loss: 0.007846 (Data: 0.00783, Mono: 0.00004) | Val MSE: 0.000118 (RMSE: 0.0108) [BEST]
2026-09-13 16:51:48,853 - INFO - Epoch [  20/2000] LR: 0.002156 | Train Loss: 0.007462 (Data: 0.00744, Mono: 0.00005) | Val MSE: 0.000141 (RMSE: 0.0119) 
2026-09-13 16:51:49,019 - INFO - Epoch [  24/2000] LR: 0.001334 | Train Loss: 0.006503 (Data: 0.00649, Mono: 0.00004) | Val MSE: 0.000085 (RMSE: 0.0092) [BEST]
2026-09-13 16:51:49,320 - INFO - Epoch [  30/2000] LR: 0.000100 | Train Loss: 0.005752 (Data: 0.00574, Mono: 0.00004) | Val MSE: 0.000131 (RMSE: 0.0114) 
2026-09-13 16:51:49,735 - INFO - Epoch [  40/2000] LR: 0.000100 | Train Loss: 0.005996 (Data: 0.00598, Mono: 0.00004) | Val MSE: 0.000093 (RMSE: 0.0096) 
2026-09-13 16:51:50,098 - INFO - Epoch [  50/2000] LR: 0.000100 | Train Loss: 0.005922 (Data: 0.00591, Mono: 0.00004) | Val MSE: 0.000087 (RMSE: 0.0093) 
2026-09-13 16:51:50,433 - INFO - Epoch [  60/2000] LR: 0.000100 | Train Loss: 0.005519 (Data: 0.00550, Mono: 0.00004) | Val MSE: 0.000091 (RMSE: 0.0096) 
2026-09-13 16:51:50,723 - INFO - Epoch [  70/2000] LR: 0.000100 | Train Loss: 0.005717 (Data: 0.00570, Mono: 0.00004) | Val MSE: 0.000099 (RMSE: 0.0099) 
2026-09-13 16:51:50,879 - INFO - Epoch [  75/2000] LR: 0.000100 | Train Loss: 0.005772 (Data: 0.00576, Mono: 0.00004) | Val MSE: 0.000085 (RMSE: 0.0092) [BEST]
2026-09-13 16:51:50,913 - INFO - Epoch [  76/2000] LR: 0.000100 | Train Loss: 0.005359 (Data: 0.00534, Mono: 0.00004) | Val MSE: 0.000082 (RMSE: 0.0090) [BEST]
2026-09-13 16:51:51,035 - INFO - Epoch [  80/2000] LR: 0.000100 | Train Loss: 0.005610 (Data: 0.00559, Mono: 0.00004) | Val MSE: 0.000098 (RMSE: 0.0099) 
2026-09-13 16:51:51,330 - INFO - Epoch [  90/2000] LR: 0.000100 | Train Loss: 0.005474 (Data: 0.00546, Mono: 0.00004) | Val MSE: 0.000101 (RMSE: 0.0100) 
2026-09-13 16:51:51,456 - INFO - Epoch [  94/2000] LR: 0.000100 | Train Loss: 0.005396 (Data: 0.00538, Mono: 0.00003) | Val MSE: 0.000079 (RMSE: 0.0089) [BEST]
2026-09-13 16:51:51,493 - INFO - Epoch [  95/2000] LR: 0.000100 | Train Loss: 0.005552 (Data: 0.00554, Mono: 0.00004) | Val MSE: 0.000074 (RMSE: 0.0086) [BEST]
2026-09-13 16:51:51,643 - INFO - Epoch [ 100/2000] LR: 0.000100 | Train Loss: 0.004892 (Data: 0.00488, Mono: 0.00003) | Val MSE: 0.000106 (RMSE: 0.0103) 
2026-09-13 16:51:51,917 - INFO - Epoch [ 109/2000] LR: 0.000100 | Train Loss: 0.005301 (Data: 0.00529, Mono: 0.00003) | Val MSE: 0.000067 (RMSE: 0.0082) [BEST]
2026-09-13 16:51:51,953 - INFO - Epoch [ 110/2000] LR: 0.000100 | Train Loss: 0.005625 (Data: 0.00561, Mono: 0.00003) | Val MSE: 0.000066 (RMSE: 0.0081) [BEST]
2026-09-13 16:51:52,244 - INFO - Epoch [ 120/2000] LR: 0.000099 | Train Loss: 0.004825 (Data: 0.00481, Mono: 0.00003) | Val MSE: 0.000069 (RMSE: 0.0083) 
2026-09-13 16:51:52,528 - INFO - Epoch [ 130/2000] LR: 0.000099 | Train Loss: 0.004954 (Data: 0.00494, Mono: 0.00003) | Val MSE: 0.000070 (RMSE: 0.0084) 
2026-09-13 16:51:52,564 - INFO - Epoch [ 131/2000] LR: 0.000099 | Train Loss: 0.005093 (Data: 0.00508, Mono: 0.00004) | Val MSE: 0.000064 (RMSE: 0.0080) [BEST]
2026-09-13 16:51:52,596 - INFO - Epoch [ 132/2000] LR: 0.000099 | Train Loss: 0.004559 (Data: 0.00455, Mono: 0.00003) | Val MSE: 0.000063 (RMSE: 0.0080) [BEST]
2026-09-13 16:51:52,833 - INFO - Epoch [ 140/2000] LR: 0.000099 | Train Loss: 0.004956 (Data: 0.00494, Mono: 0.00003) | Val MSE: 0.000094 (RMSE: 0.0097) 
2026-09-13 16:51:53,126 - INFO - Epoch [ 150/2000] LR: 0.000099 | Train Loss: 0.004774 (Data: 0.00476, Mono: 0.00003) | Val MSE: 0.000091 (RMSE: 0.0095) 
2026-09-13 16:51:53,416 - INFO - Epoch [ 160/2000] LR: 0.000099 | Train Loss: 0.005150 (Data: 0.00513, Mono: 0.00004) | Val MSE: 0.000079 (RMSE: 0.0089) 
2026-09-13 16:51:53,709 - INFO - Epoch [ 170/2000] LR: 0.000099 | Train Loss: 0.004763 (Data: 0.00475, Mono: 0.00003) | Val MSE: 0.000084 (RMSE: 0.0092) 
2026-09-13 16:51:53,802 - INFO - Epoch [ 173/2000] LR: 0.000099 | Train Loss: 0.005170 (Data: 0.00515, Mono: 0.00004) | Val MSE: 0.000063 (RMSE: 0.0080) [BEST]
2026-09-13 16:51:54,009 - INFO - Epoch [ 180/2000] LR: 0.000099 | Train Loss: 0.004749 (Data: 0.00474, Mono: 0.00003) | Val MSE: 0.000070 (RMSE: 0.0083) 
2026-09-13 16:51:54,195 - INFO - Epoch [ 186/2000] LR: 0.000098 | Train Loss: 0.004519 (Data: 0.00451, Mono: 0.00003) | Val MSE: 0.000060 (RMSE: 0.0078) [BEST]
2026-09-13 16:51:54,226 - INFO - Epoch [ 187/2000] LR: 0.000098 | Train Loss: 0.004576 (Data: 0.00456, Mono: 0.00003) | Val MSE: 0.000056 (RMSE: 0.0075) [BEST]
2026-09-13 16:51:54,309 - INFO - Epoch [ 190/2000] LR: 0.000098 | Train Loss: 0.004542 (Data: 0.00453, Mono: 0.00003) | Val MSE: 0.000077 (RMSE: 0.0088) 
2026-09-13 16:51:54,619 - INFO - Epoch [ 200/2000] LR: 0.000098 | Train Loss: 0.004449 (Data: 0.00444, Mono: 0.00003) | Val MSE: 0.000062 (RMSE: 0.0079) 
2026-09-13 16:51:54,911 - INFO - Epoch [ 210/2000] LR: 0.000098 | Train Loss: 0.004365 (Data: 0.00435, Mono: 0.00003) | Val MSE: 0.000067 (RMSE: 0.0082) 
2026-09-13 16:51:55,218 - INFO - Epoch [ 220/2000] LR: 0.000098 | Train Loss: 0.004002 (Data: 0.00399, Mono: 0.00003) | Val MSE: 0.000069 (RMSE: 0.0083) 
2026-09-13 16:51:55,393 - INFO - Epoch [ 225/2000] LR: 0.000098 | Train Loss: 0.004115 (Data: 0.00410, Mono: 0.00003) | Val MSE: 0.000049 (RMSE: 0.0070) [BEST]
2026-09-13 16:51:55,552 - INFO - Epoch [ 230/2000] LR: 0.000098 | Train Loss: 0.004024 (Data: 0.00401, Mono: 0.00003) | Val MSE: 0.000074 (RMSE: 0.0086) 
2026-09-13 16:51:55,610 - INFO - Epoch [ 232/2000] LR: 0.000097 | Train Loss: 0.004355 (Data: 0.00434, Mono: 0.00003) | Val MSE: 0.000049 (RMSE: 0.0070) [BEST]
2026-09-13 16:51:55,853 - INFO - Epoch [ 240/2000] LR: 0.000097 | Train Loss: 0.004125 (Data: 0.00411, Mono: 0.00003) | Val MSE: 0.000048 (RMSE: 0.0069) [BEST]
2026-09-13 16:51:56,150 - INFO - Epoch [ 250/2000] LR: 0.000097 | Train Loss: 0.003999 (Data: 0.00399, Mono: 0.00003) | Val MSE: 0.000070 (RMSE: 0.0084) 
2026-09-13 16:51:56,449 - INFO - Epoch [ 260/2000] LR: 0.000097 | Train Loss: 0.003790 (Data: 0.00378, Mono: 0.00003) | Val MSE: 0.000067 (RMSE: 0.0082) 
2026-09-13 16:51:56,512 - INFO - Epoch [ 262/2000] LR: 0.000097 | Train Loss: 0.003848 (Data: 0.00384, Mono: 0.00003) | Val MSE: 0.000046 (RMSE: 0.0068) [BEST]
2026-09-13 16:51:56,743 - INFO - Epoch [ 270/2000] LR: 0.000096 | Train Loss: 0.004026 (Data: 0.00401, Mono: 0.00003) | Val MSE: 0.000060 (RMSE: 0.0078) 
2026-09-13 16:51:56,841 - INFO - Epoch [ 273/2000] LR: 0.000096 | Train Loss: 0.003864 (Data: 0.00385, Mono: 0.00003) | Val MSE: 0.000043 (RMSE: 0.0066) [BEST]
2026-09-13 16:51:57,057 - INFO - Epoch [ 280/2000] LR: 0.000096 | Train Loss: 0.003724 (Data: 0.00371, Mono: 0.00003) | Val MSE: 0.000055 (RMSE: 0.0074) 
2026-09-13 16:51:57,373 - INFO - Epoch [ 290/2000] LR: 0.000096 | Train Loss: 0.003678 (Data: 0.00367, Mono: 0.00003) | Val MSE: 0.000043 (RMSE: 0.0066) [BEST]
2026-09-13 16:51:57,408 - INFO - Epoch [ 291/2000] LR: 0.000096 | Train Loss: 0.003644 (Data: 0.00363, Mono: 0.00003) | Val MSE: 0.000041 (RMSE: 0.0064) [BEST]
2026-09-13 16:51:57,653 - INFO - Epoch [ 299/2000] LR: 0.000096 | Train Loss: 0.003786 (Data: 0.00377, Mono: 0.00003) | Val MSE: 0.000040 (RMSE: 0.0063) [BEST]
2026-09-13 16:51:57,686 - INFO - Epoch [ 300/2000] LR: 0.000096 | Train Loss: 0.003418 (Data: 0.00341, Mono: 0.00003) | Val MSE: 0.000043 (RMSE: 0.0065) 
2026-09-13 16:51:57,994 - INFO - Epoch [ 310/2000] LR: 0.000095 | Train Loss: 0.003456 (Data: 0.00344, Mono: 0.00003) | Val MSE: 0.000071 (RMSE: 0.0084) 
2026-09-13 16:51:58,116 - INFO - Epoch [ 314/2000] LR: 0.000095 | Train Loss: 0.003666 (Data: 0.00365, Mono: 0.00003) | Val MSE: 0.000038 (RMSE: 0.0062) [BEST]
2026-09-13 16:51:58,293 - INFO - Epoch [ 320/2000] LR: 0.000095 | Train Loss: 0.003465 (Data: 0.00345, Mono: 0.00003) | Val MSE: 0.000062 (RMSE: 0.0079) 
2026-09-13 16:51:58,567 - INFO - Epoch [ 330/2000] LR: 0.000094 | Train Loss: 0.003404 (Data: 0.00339, Mono: 0.00003) | Val MSE: 0.000065 (RMSE: 0.0080) 
2026-09-13 16:51:58,862 - INFO - Epoch [ 340/2000] LR: 0.000094 | Train Loss: 0.003253 (Data: 0.00324, Mono: 0.00003) | Val MSE: 0.000049 (RMSE: 0.0070) 
2026-09-13 16:51:58,921 - INFO - Epoch [ 342/2000] LR: 0.000094 | Train Loss: 0.003374 (Data: 0.00336, Mono: 0.00002) | Val MSE: 0.000038 (RMSE: 0.0062) [BEST]
2026-09-13 16:58:31,461 - INFO - ==================================================
2026-09-13 16:58:31,461 - INFO - Starting FusionMLP Training for [XJTU] - [RW]
2026-09-13 16:58:31,461 - INFO - Device: cuda | Epochs: 2000 | LR: 0.000100 | Mono Weight: 0.4000 | Knee Feature: True
2026-09-13 16:58:31,461 - INFO - ==================================================
2026-09-13 16:58:31,526 - INFO - Data Splits: Train=5, Val=1, Test=2
2026-09-13 16:58:31,583 - INFO - Epoch [   1/2000] LR: 0.006063 | Train Loss: 0.332891 (Data: 0.33285, Mono: 0.00009) | Val MSE: 0.069649 (RMSE: 0.2639) [BEST]
2026-09-13 16:58:31,626 - INFO - Epoch [   2/2000] LR: 0.005857 | Train Loss: 0.120787 (Data: 0.12074, Mono: 0.00013) | Val MSE: 0.042629 (RMSE: 0.2065) [BEST]
2026-09-13 16:58:31,665 - INFO - Epoch [   3/2000] LR: 0.005651 | Train Loss: 0.067996 (Data: 0.06796, Mono: 0.00009) | Val MSE: 0.035971 (RMSE: 0.1897) [BEST]
2026-09-13 16:58:31,708 - INFO - Epoch [   4/2000] LR: 0.005446 | Train Loss: 0.054288 (Data: 0.05425, Mono: 0.00008) | Val MSE: 0.012945 (RMSE: 0.1138) [BEST]
2026-09-13 16:58:31,750 - INFO - Epoch [   5/2000] LR: 0.005240 | Train Loss: 0.040888 (Data: 0.04086, Mono: 0.00008) | Val MSE: 0.008347 (RMSE: 0.0914) [BEST]
2026-09-13 16:58:31,789 - INFO - Epoch [   6/2000] LR: 0.005035 | Train Loss: 0.034432 (Data: 0.03440, Mono: 0.00008) | Val MSE: 0.004686 (RMSE: 0.0685) [BEST]
2026-09-13 16:58:31,833 - INFO - Epoch [   7/2000] LR: 0.004829 | Train Loss: 0.027178 (Data: 0.02715, Mono: 0.00006) | Val MSE: 0.002702 (RMSE: 0.0520) [BEST]
2026-09-13 16:58:31,876 - INFO - Epoch [   8/2000] LR: 0.004623 | Train Loss: 0.024041 (Data: 0.02402, Mono: 0.00006) | Val MSE: 0.000562 (RMSE: 0.0237) [BEST]
2026-09-13 16:58:31,963 - INFO - Epoch [  10/2000] LR: 0.004212 | Train Loss: 0.017441 (Data: 0.01742, Mono: 0.00005) | Val MSE: 0.000919 (RMSE: 0.0303) 
2026-09-13 16:58:32,012 - INFO - Epoch [  11/2000] LR: 0.004007 | Train Loss: 0.014474 (Data: 0.01445, Mono: 0.00005) | Val MSE: 0.000475 (RMSE: 0.0218) [BEST]
2026-09-13 16:58:32,057 - INFO - Epoch [  12/2000] LR: 0.003801 | Train Loss: 0.014081 (Data: 0.01406, Mono: 0.00005) | Val MSE: 0.000261 (RMSE: 0.0161) [BEST]
2026-09-13 16:58:32,130 - INFO - Epoch [  14/2000] LR: 0.003390 | Train Loss: 0.011960 (Data: 0.01194, Mono: 0.00005) | Val MSE: 0.000220 (RMSE: 0.0148) [BEST]
2026-09-13 16:58:32,330 - INFO - Epoch [  18/2000] LR: 0.002567 | Train Loss: 0.009984 (Data: 0.00997, Mono: 0.00004) | Val MSE: 0.000173 (RMSE: 0.0131) [BEST]
2026-09-13 16:58:32,375 - INFO - Epoch [  19/2000] LR: 0.002362 | Train Loss: 0.008984 (Data: 0.00897, Mono: 0.00004) | Val MSE: 0.000170 (RMSE: 0.0130) [BEST]
2026-09-13 16:58:32,444 - INFO - Epoch [  20/2000] LR: 0.002156 | Train Loss: 0.009149 (Data: 0.00913, Mono: 0.00005) | Val MSE: 0.000196 (RMSE: 0.0140) 
2026-09-13 16:58:32,570 - INFO - Epoch [  23/2000] LR: 0.001539 | Train Loss: 0.008737 (Data: 0.00872, Mono: 0.00004) | Val MSE: 0.000136 (RMSE: 0.0116) [BEST]
2026-09-13 16:58:32,870 - INFO - Epoch [  30/2000] LR: 0.000100 | Train Loss: 0.006808 (Data: 0.00679, Mono: 0.00004) | Val MSE: 0.000164 (RMSE: 0.0128) 
2026-09-13 16:58:33,089 - INFO - Epoch [  35/2000] LR: 0.000100 | Train Loss: 0.007473 (Data: 0.00746, Mono: 0.00004) | Val MSE: 0.000134 (RMSE: 0.0116) [BEST]
2026-09-13 16:58:33,139 - INFO - Epoch [  36/2000] LR: 0.000100 | Train Loss: 0.007294 (Data: 0.00727, Mono: 0.00005) | Val MSE: 0.000125 (RMSE: 0.0112) [BEST]
2026-09-13 16:58:33,180 - INFO - Epoch [  37/2000] LR: 0.000100 | Train Loss: 0.007334 (Data: 0.00732, Mono: 0.00004) | Val MSE: 0.000122 (RMSE: 0.0111) [BEST]
2026-09-13 16:58:33,309 - INFO - Epoch [  40/2000] LR: 0.000100 | Train Loss: 0.007757 (Data: 0.00774, Mono: 0.00004) | Val MSE: 0.000132 (RMSE: 0.0115) 
2026-09-13 16:58:33,732 - INFO - Epoch [  50/2000] LR: 0.000100 | Train Loss: 0.007293 (Data: 0.00728, Mono: 0.00004) | Val MSE: 0.000130 (RMSE: 0.0114) 
2026-09-13 16:58:34,159 - INFO - Epoch [  60/2000] LR: 0.000100 | Train Loss: 0.007006 (Data: 0.00699, Mono: 0.00004) | Val MSE: 0.000129 (RMSE: 0.0114) 
2026-09-13 16:58:34,207 - INFO - Epoch [  61/2000] LR: 0.000100 | Train Loss: 0.007275 (Data: 0.00726, Mono: 0.00004) | Val MSE: 0.000120 (RMSE: 0.0110) [BEST]
2026-09-13 16:58:34,574 - INFO - Epoch [  68/2000] LR: 0.000100 | Train Loss: 0.007501 (Data: 0.00749, Mono: 0.00004) | Val MSE: 0.000118 (RMSE: 0.0109) [BEST]
2026-09-13 16:58:34,622 - INFO - Epoch [  69/2000] LR: 0.000100 | Train Loss: 0.007432 (Data: 0.00742, Mono: 0.00004) | Val MSE: 0.000109 (RMSE: 0.0104) [BEST]
2026-09-13 16:58:34,670 - INFO - Epoch [  70/2000] LR: 0.000100 | Train Loss: 0.007446 (Data: 0.00743, Mono: 0.00004) | Val MSE: 0.000110 (RMSE: 0.0105) 
2026-09-13 16:58:35,223 - INFO - Epoch [  80/2000] LR: 0.000100 | Train Loss: 0.007230 (Data: 0.00722, Mono: 0.00003) | Val MSE: 0.000153 (RMSE: 0.0124) 
2026-09-13 16:58:35,724 - INFO - Epoch [  90/2000] LR: 0.000100 | Train Loss: 0.007068 (Data: 0.00705, Mono: 0.00004) | Val MSE: 0.000115 (RMSE: 0.0107) 
2026-09-13 16:58:36,100 - INFO - Epoch [ 100/2000] LR: 0.000100 | Train Loss: 0.006753 (Data: 0.00674, Mono: 0.00004) | Val MSE: 0.000125 (RMSE: 0.0112) 
2026-09-13 16:58:36,429 - INFO - Epoch [ 110/2000] LR: 0.000100 | Train Loss: 0.006953 (Data: 0.00694, Mono: 0.00004) | Val MSE: 0.000119 (RMSE: 0.0109) 
2026-09-13 16:58:36,536 - INFO - Epoch [ 113/2000] LR: 0.000100 | Train Loss: 0.006424 (Data: 0.00641, Mono: 0.00003) | Val MSE: 0.000101 (RMSE: 0.0100) [BEST]
2026-09-13 16:58:36,793 - INFO - Epoch [ 120/2000] LR: 0.000099 | Train Loss: 0.006626 (Data: 0.00661, Mono: 0.00004) | Val MSE: 0.000119 (RMSE: 0.0109) 
2026-09-13 16:58:36,890 - INFO - Epoch [ 123/2000] LR: 0.000099 | Train Loss: 0.006411 (Data: 0.00640, Mono: 0.00004) | Val MSE: 0.000096 (RMSE: 0.0098) [BEST]
2026-09-13 16:58:37,132 - INFO - Epoch [ 130/2000] LR: 0.000099 | Train Loss: 0.006382 (Data: 0.00637, Mono: 0.00004) | Val MSE: 0.000115 (RMSE: 0.0107) 
2026-09-13 16:58:37,456 - INFO - Epoch [ 140/2000] LR: 0.000099 | Train Loss: 0.006531 (Data: 0.00651, Mono: 0.00004) | Val MSE: 0.000118 (RMSE: 0.0108) 
2026-09-13 16:58:37,793 - INFO - Epoch [ 150/2000] LR: 0.000099 | Train Loss: 0.006521 (Data: 0.00651, Mono: 0.00003) | Val MSE: 0.000102 (RMSE: 0.0101) 
2026-09-13 16:58:37,930 - INFO - Epoch [ 153/2000] LR: 0.000099 | Train Loss: 0.006134 (Data: 0.00612, Mono: 0.00003) | Val MSE: 0.000093 (RMSE: 0.0097) [BEST]
2026-09-13 16:58:37,978 - INFO - Epoch [ 154/2000] LR: 0.000099 | Train Loss: 0.005754 (Data: 0.00574, Mono: 0.00004) | Val MSE: 0.000088 (RMSE: 0.0094) [BEST]
2026-09-13 16:58:38,171 - INFO - Epoch [ 160/2000] LR: 0.000099 | Train Loss: 0.006531 (Data: 0.00651, Mono: 0.00004) | Val MSE: 0.000083 (RMSE: 0.0091) [BEST]
2026-09-13 16:58:38,503 - INFO - Epoch [ 170/2000] LR: 0.000099 | Train Loss: 0.006563 (Data: 0.00655, Mono: 0.00004) | Val MSE: 0.000106 (RMSE: 0.0103) 
2026-09-13 16:58:38,873 - INFO - Epoch [ 180/2000] LR: 0.000099 | Train Loss: 0.006565 (Data: 0.00655, Mono: 0.00004) | Val MSE: 0.000097 (RMSE: 0.0098) 
2026-09-13 16:58:38,988 - INFO - Epoch [ 183/2000] LR: 0.000099 | Train Loss: 0.005732 (Data: 0.00572, Mono: 0.00003) | Val MSE: 0.000082 (RMSE: 0.0091) [BEST]
2026-09-13 16:58:39,183 - INFO - Epoch [ 188/2000] LR: 0.000098 | Train Loss: 0.006046 (Data: 0.00603, Mono: 0.00004) | Val MSE: 0.000080 (RMSE: 0.0089) [BEST]
2026-09-13 16:58:39,269 - INFO - Epoch [ 190/2000] LR: 0.000098 | Train Loss: 0.006085 (Data: 0.00607, Mono: 0.00003) | Val MSE: 0.000084 (RMSE: 0.0092) 
2026-09-13 16:58:39,485 - INFO - Epoch [ 195/2000] LR: 0.000098 | Train Loss: 0.005642 (Data: 0.00563, Mono: 0.00004) | Val MSE: 0.000075 (RMSE: 0.0087) [BEST]
2026-09-13 16:58:39,533 - INFO - Epoch [ 196/2000] LR: 0.000098 | Train Loss: 0.005959 (Data: 0.00594, Mono: 0.00004) | Val MSE: 0.000072 (RMSE: 0.0085) [BEST]
2026-09-13 16:58:39,662 - INFO - Epoch [ 200/2000] LR: 0.000098 | Train Loss: 0.005645 (Data: 0.00563, Mono: 0.00004) | Val MSE: 0.000073 (RMSE: 0.0085) 
2026-09-13 16:58:39,914 - INFO - Epoch [ 207/2000] LR: 0.000098 | Train Loss: 0.005511 (Data: 0.00550, Mono: 0.00003) | Val MSE: 0.000070 (RMSE: 0.0083) [BEST]
2026-09-13 16:58:39,953 - INFO - Epoch [ 208/2000] LR: 0.000098 | Train Loss: 0.005480 (Data: 0.00547, Mono: 0.00004) | Val MSE: 0.000062 (RMSE: 0.0079) [BEST]
2026-09-13 16:58:40,018 - INFO - Epoch [ 210/2000] LR: 0.000098 | Train Loss: 0.005726 (Data: 0.00571, Mono: 0.00004) | Val MSE: 0.000074 (RMSE: 0.0086) 
2026-09-13 16:58:40,375 - INFO - Epoch [ 220/2000] LR: 0.000098 | Train Loss: 0.005685 (Data: 0.00567, Mono: 0.00004) | Val MSE: 0.000082 (RMSE: 0.0090) 
2026-09-13 16:58:40,575 - INFO - Epoch [ 226/2000] LR: 0.000098 | Train Loss: 0.005200 (Data: 0.00519, Mono: 0.00003) | Val MSE: 0.000062 (RMSE: 0.0079) [BEST]
2026-09-13 16:58:40,722 - INFO - Epoch [ 230/2000] LR: 0.000098 | Train Loss: 0.005545 (Data: 0.00553, Mono: 0.00004) | Val MSE: 0.000082 (RMSE: 0.0091) 
2026-09-13 16:58:41,087 - INFO - Epoch [ 240/2000] LR: 0.000097 | Train Loss: 0.005539 (Data: 0.00553, Mono: 0.00003) | Val MSE: 0.000074 (RMSE: 0.0086) 
2026-09-13 16:58:41,128 - INFO - Epoch [ 241/2000] LR: 0.000097 | Train Loss: 0.005446 (Data: 0.00543, Mono: 0.00003) | Val MSE: 0.000059 (RMSE: 0.0077) [BEST]
2026-09-13 16:58:41,468 - INFO - Epoch [ 250/2000] LR: 0.000097 | Train Loss: 0.005333 (Data: 0.00532, Mono: 0.00003) | Val MSE: 0.000083 (RMSE: 0.0091) 
2026-09-13 16:58:41,717 - INFO - Epoch [ 257/2000] LR: 0.000097 | Train Loss: 0.005515 (Data: 0.00550, Mono: 0.00003) | Val MSE: 0.000056 (RMSE: 0.0075) [BEST]
2026-09-13 16:58:41,755 - INFO - Epoch [ 258/2000] LR: 0.000097 | Train Loss: 0.005536 (Data: 0.00552, Mono: 0.00003) | Val MSE: 0.000054 (RMSE: 0.0074) [BEST]
2026-09-13 16:58:41,787 - INFO - Epoch [ 259/2000] LR: 0.000097 | Train Loss: 0.005535 (Data: 0.00552, Mono: 0.00004) | Val MSE: 0.000053 (RMSE: 0.0073) [BEST]
2026-09-13 16:58:41,825 - INFO - Epoch [ 260/2000] LR: 0.000097 | Train Loss: 0.005490 (Data: 0.00548, Mono: 0.00004) | Val MSE: 0.000058 (RMSE: 0.0076) 
2026-09-13 16:58:42,128 - INFO - Epoch [ 270/2000] LR: 0.000096 | Train Loss: 0.005104 (Data: 0.00509, Mono: 0.00003) | Val MSE: 0.000068 (RMSE: 0.0082) 
2026-09-13 16:58:42,447 - INFO - Epoch [ 280/2000] LR: 0.000096 | Train Loss: 0.005308 (Data: 0.00529, Mono: 0.00003) | Val MSE: 0.000067 (RMSE: 0.0082) 
2026-09-13 16:58:42,777 - INFO - Epoch [ 290/2000] LR: 0.000096 | Train Loss: 0.004932 (Data: 0.00492, Mono: 0.00003) | Val MSE: 0.000075 (RMSE: 0.0087) 
2026-09-13 16:58:43,120 - INFO - Epoch [ 300/2000] LR: 0.000096 | Train Loss: 0.005192 (Data: 0.00518, Mono: 0.00003) | Val MSE: 0.000078 (RMSE: 0.0089) 
2026-09-13 16:58:43,458 - INFO - Epoch [ 310/2000] LR: 0.000095 | Train Loss: 0.005347 (Data: 0.00533, Mono: 0.00003) | Val MSE: 0.000068 (RMSE: 0.0082) 
2026-09-13 16:58:43,657 - INFO - Epoch [ 316/2000] LR: 0.000095 | Train Loss: 0.004879 (Data: 0.00487, Mono: 0.00004) | Val MSE: 0.000052 (RMSE: 0.0072) [BEST]
2026-09-13 16:58:43,695 - INFO - Epoch [ 317/2000] LR: 0.000095 | Train Loss: 0.004788 (Data: 0.00478, Mono: 0.00003) | Val MSE: 0.000048 (RMSE: 0.0069) [BEST]
2026-09-13 16:58:43,794 - INFO - Epoch [ 320/2000] LR: 0.000095 | Train Loss: 0.004730 (Data: 0.00472, Mono: 0.00003) | Val MSE: 0.000063 (RMSE: 0.0079) 
2026-09-13 16:58:44,102 - INFO - Epoch [ 330/2000] LR: 0.000094 | Train Loss: 0.004747 (Data: 0.00474, Mono: 0.00003) | Val MSE: 0.000063 (RMSE: 0.0079) 
2026-09-13 16:58:44,406 - INFO - Epoch [ 340/2000] LR: 0.000094 | Train Loss: 0.004332 (Data: 0.00432, Mono: 0.00004) | Val MSE: 0.000069 (RMSE: 0.0083) 
2026-09-13 16:58:44,725 - INFO - Epoch [ 350/2000] LR: 0.000094 | Train Loss: 0.004405 (Data: 0.00439, Mono: 0.00003) | Val MSE: 0.000058 (RMSE: 0.0076) 
2026-09-13 16:58:44,840 - INFO - Epoch [ 353/2000] LR: 0.000094 | Train Loss: 0.004560 (Data: 0.00455, Mono: 0.00003) | Val MSE: 0.000046 (RMSE: 0.0068) [BEST]
2026-09-13 16:58:45,117 - INFO - Epoch [ 360/2000] LR: 0.000093 | Train Loss: 0.004528 (Data: 0.00452, Mono: 0.00003) | Val MSE: 0.000050 (RMSE: 0.0071) 
2026-09-13 16:58:45,469 - INFO - Epoch [ 370/2000] LR: 0.000093 | Train Loss: 0.004496 (Data: 0.00448, Mono: 0.00003) | Val MSE: 0.000053 (RMSE: 0.0073) 
2026-09-13 16:58:45,791 - INFO - Epoch [ 380/2000] LR: 0.000093 | Train Loss: 0.004533 (Data: 0.00452, Mono: 0.00003) | Val MSE: 0.000048 (RMSE: 0.0069) 
2026-09-13 16:58:46,146 - INFO - Epoch [ 390/2000] LR: 0.000092 | Train Loss: 0.004331 (Data: 0.00432, Mono: 0.00003) | Val MSE: 0.000059 (RMSE: 0.0077) 
2026-09-13 16:58:46,499 - INFO - Epoch [ 400/2000] LR: 0.000092 | Train Loss: 0.004396 (Data: 0.00438, Mono: 0.00003) | Val MSE: 0.000063 (RMSE: 0.0079) 
2026-09-13 16:58:46,842 - INFO - Epoch [ 410/2000] LR: 0.000091 | Train Loss: 0.004336 (Data: 0.00432, Mono: 0.00003) | Val MSE: 0.000048 (RMSE: 0.0069) 
2026-09-13 16:58:47,191 - INFO - Epoch [ 420/2000] LR: 0.000091 | Train Loss: 0.004243 (Data: 0.00423, Mono: 0.00003) | Val MSE: 0.000072 (RMSE: 0.0085) 
2026-09-13 16:58:47,518 - INFO - Epoch [ 430/2000] LR: 0.000090 | Train Loss: 0.004242 (Data: 0.00423, Mono: 0.00003) | Val MSE: 0.000067 (RMSE: 0.0082) 
2026-09-13 16:58:47,825 - INFO - Epoch [ 440/2000] LR: 0.000090 | Train Loss: 0.004257 (Data: 0.00424, Mono: 0.00003) | Val MSE: 0.000064 (RMSE: 0.0080) 
2026-09-13 16:58:48,150 - INFO - Epoch [ 450/2000] LR: 0.000089 | Train Loss: 0.004187 (Data: 0.00418, Mono: 0.00003) | Val MSE: 0.000077 (RMSE: 0.0088) 
2026-09-13 16:58:48,286 - INFO - Epoch [ 454/2000] LR: 0.000089 | Train Loss: 0.004175 (Data: 0.00416, Mono: 0.00003) | Val MSE: 0.000042 (RMSE: 0.0065) [BEST]
2026-09-13 16:58:48,493 - INFO - Epoch [ 460/2000] LR: 0.000089 | Train Loss: 0.003902 (Data: 0.00389, Mono: 0.00003) | Val MSE: 0.000070 (RMSE: 0.0084) 
2026-09-13 16:58:48,821 - INFO - Epoch [ 470/2000] LR: 0.000088 | Train Loss: 0.003927 (Data: 0.00392, Mono: 0.00003) | Val MSE: 0.000058 (RMSE: 0.0076) 
2026-09-13 16:58:49,159 - INFO - Epoch [ 480/2000] LR: 0.000088 | Train Loss: 0.004097 (Data: 0.00408, Mono: 0.00003) | Val MSE: 0.000049 (RMSE: 0.0070) 
2026-09-13 16:58:49,520 - INFO - Epoch [ 490/2000] LR: 0.000087 | Train Loss: 0.003896 (Data: 0.00389, Mono: 0.00003) | Val MSE: 0.000041 (RMSE: 0.0064) [BEST]
2026-09-13 16:58:49,871 - INFO - Epoch [ 500/2000] LR: 0.000087 | Train Loss: 0.004003 (Data: 0.00399, Mono: 0.00003) | Val MSE: 0.000049 (RMSE: 0.0070) 
2026-09-13 16:58:50,190 - INFO - Epoch [ 510/2000] LR: 0.000086 | Train Loss: 0.003948 (Data: 0.00394, Mono: 0.00003) | Val MSE: 0.000060 (RMSE: 0.0077) 
2026-09-13 16:58:50,547 - INFO - Epoch [ 520/2000] LR: 0.000086 | Train Loss: 0.003661 (Data: 0.00365, Mono: 0.00003) | Val MSE: 0.000095 (RMSE: 0.0097) 
2026-09-13 16:58:50,873 - INFO - Epoch [ 530/2000] LR: 0.000085 | Train Loss: 0.003530 (Data: 0.00352, Mono: 0.00003) | Val MSE: 0.000062 (RMSE: 0.0079) 
2026-09-13 16:58:51,015 - INFO - Epoch [ 534/2000] LR: 0.000085 | Train Loss: 0.003633 (Data: 0.00362, Mono: 0.00003) | Val MSE: 0.000041 (RMSE: 0.0064) [BEST]
2026-09-13 16:58:51,192 - INFO - Epoch [ 540/2000] LR: 0.000085 | Train Loss: 0.003751 (Data: 0.00374, Mono: 0.00003) | Val MSE: 0.000059 (RMSE: 0.0077) 
2026-09-13 16:58:51,558 - INFO - Epoch [ 550/2000] LR: 0.000084 | Train Loss: 0.003609 (Data: 0.00360, Mono: 0.00002) | Val MSE: 0.000056 (RMSE: 0.0075) 
2026-09-13 16:58:51,937 - INFO - Epoch [ 560/2000] LR: 0.000083 | Train Loss: 0.003467 (Data: 0.00346, Mono: 0.00003) | Val MSE: 0.000065 (RMSE: 0.0080) 
2026-09-13 16:58:52,247 - INFO - Epoch [ 570/2000] LR: 0.000083 | Train Loss: 0.003394 (Data: 0.00338, Mono: 0.00002) | Val MSE: 0.000044 (RMSE: 0.0067) 
2026-09-13 16:58:52,570 - INFO - Epoch [ 580/2000] LR: 0.000082 | Train Loss: 0.003506 (Data: 0.00350, Mono: 0.00003) | Val MSE: 0.000065 (RMSE: 0.0081) 
2026-09-13 16:58:52,940 - INFO - Epoch [ 590/2000] LR: 0.000082 | Train Loss: 0.003214 (Data: 0.00320, Mono: 0.00002) | Val MSE: 0.000049 (RMSE: 0.0070) 
2026-09-13 16:58:53,318 - INFO - Epoch [ 600/2000] LR: 0.000081 | Train Loss: 0.003470 (Data: 0.00346, Mono: 0.00003) | Val MSE: 0.000047 (RMSE: 0.0068) 
2026-09-13 16:58:53,655 - INFO - Epoch [ 610/2000] LR: 0.000080 | Train Loss: 0.003315 (Data: 0.00331, Mono: 0.00002) | Val MSE: 0.000060 (RMSE: 0.0077) 
2026-09-13 16:58:54,012 - INFO - Epoch [ 620/2000] LR: 0.000080 | Train Loss: 0.003428 (Data: 0.00342, Mono: 0.00003) | Val MSE: 0.000067 (RMSE: 0.0082) 
2026-09-13 16:58:54,336 - INFO - Epoch [ 630/2000] LR: 0.000079 | Train Loss: 0.003376 (Data: 0.00337, Mono: 0.00002) | Val MSE: 0.000048 (RMSE: 0.0069) 
2026-09-13 16:58:54,665 - INFO - Epoch [ 640/2000] LR: 0.000078 | Train Loss: 0.003300 (Data: 0.00329, Mono: 0.00002) | Val MSE: 0.000085 (RMSE: 0.0092) 
2026-09-13 16:58:54,994 - INFO - Epoch [ 650/2000] LR: 0.000078 | Train Loss: 0.003234 (Data: 0.00322, Mono: 0.00002) | Val MSE: 0.000060 (RMSE: 0.0078) 
2026-09-13 16:58:55,329 - INFO - Epoch [ 660/2000] LR: 0.000077 | Train Loss: 0.003157 (Data: 0.00315, Mono: 0.00002) | Val MSE: 0.000057 (RMSE: 0.0076) 
2026-09-13 16:58:55,689 - INFO - Epoch [ 670/2000] LR: 0.000077 | Train Loss: 0.003262 (Data: 0.00325, Mono: 0.00003) | Val MSE: 0.000051 (RMSE: 0.0072) 
2026-09-13 16:58:56,012 - INFO - Epoch [ 680/2000] LR: 0.000076 | Train Loss: 0.003021 (Data: 0.00301, Mono: 0.00002) | Val MSE: 0.000060 (RMSE: 0.0078) 
2026-09-13 16:58:56,362 - INFO - Epoch [ 690/2000] LR: 0.000075 | Train Loss: 0.003083 (Data: 0.00307, Mono: 0.00002) | Val MSE: 0.000047 (RMSE: 0.0068) 
2026-09-13 16:58:56,679 - INFO - Epoch [ 700/2000] LR: 0.000074 | Train Loss: 0.003302 (Data: 0.00329, Mono: 0.00003) | Val MSE: 0.000048 (RMSE: 0.0069) 
2026-09-13 16:58:57,009 - INFO - Epoch [ 710/2000] LR: 0.000074 | Train Loss: 0.003361 (Data: 0.00335, Mono: 0.00003) | Val MSE: 0.000056 (RMSE: 0.0075) 
2026-09-13 16:58:57,370 - INFO - Epoch [ 720/2000] LR: 0.000073 | Train Loss: 0.002984 (Data: 0.00298, Mono: 0.00002) | Val MSE: 0.000053 (RMSE: 0.0073) 
2026-09-13 16:58:57,705 - INFO - Epoch [ 730/2000] LR: 0.000072 | Train Loss: 0.002930 (Data: 0.00292, Mono: 0.00002) | Val MSE: 0.000067 (RMSE: 0.0082) 
2026-09-13 16:58:58,049 - INFO - Epoch [ 740/2000] LR: 0.000072 | Train Loss: 0.003134 (Data: 0.00312, Mono: 0.00003) | Val MSE: 0.000049 (RMSE: 0.0070) 
2026-09-13 16:58:58,381 - INFO - Epoch [ 750/2000] LR: 0.000071 | Train Loss: 0.003066 (Data: 0.00306, Mono: 0.00003) | Val MSE: 0.000053 (RMSE: 0.0073) 
2026-09-13 16:58:58,729 - INFO - Epoch [ 760/2000] LR: 0.000070 | Train Loss: 0.002898 (Data: 0.00289, Mono: 0.00002) | Val MSE: 0.000078 (RMSE: 0.0088) 
2026-09-13 16:58:59,061 - INFO - Epoch [ 770/2000] LR: 0.000070 | Train Loss: 0.002944 (Data: 0.00293, Mono: 0.00002) | Val MSE: 0.000075 (RMSE: 0.0087) 
2026-09-13 16:58:59,458 - INFO - Epoch [ 780/2000] LR: 0.000069 | Train Loss: 0.002822 (Data: 0.00281, Mono: 0.00002) | Val MSE: 0.000058 (RMSE: 0.0076) 
2026-09-13 16:58:59,788 - INFO - Epoch [ 790/2000] LR: 0.000068 | Train Loss: 0.002930 (Data: 0.00292, Mono: 0.00002) | Val MSE: 0.000062 (RMSE: 0.0079) 
2026-09-13 16:59:00,148 - INFO - Epoch [ 800/2000] LR: 0.000067 | Train Loss: 0.002823 (Data: 0.00281, Mono: 0.00002) | Val MSE: 0.000058 (RMSE: 0.0076) 
2026-09-13 16:59:00,481 - INFO - Epoch [ 810/2000] LR: 0.000067 | Train Loss: 0.002904 (Data: 0.00289, Mono: 0.00002) | Val MSE: 0.000052 (RMSE: 0.0072) 
2026-09-13 16:59:00,805 - INFO - Epoch [ 820/2000] LR: 0.000066 | Train Loss: 0.002950 (Data: 0.00294, Mono: 0.00002) | Val MSE: 0.000050 (RMSE: 0.0071) 
2026-09-13 16:59:01,159 - INFO - Epoch [ 830/2000] LR: 0.000065 | Train Loss: 0.002633 (Data: 0.00262, Mono: 0.00003) | Val MSE: 0.000070 (RMSE: 0.0084) 
2026-09-13 16:59:01,493 - INFO - Epoch [ 840/2000] LR: 0.000064 | Train Loss: 0.003007 (Data: 0.00300, Mono: 0.00002) | Val MSE: 0.000057 (RMSE: 0.0075) 
2026-09-13 16:59:01,813 - INFO - Epoch [ 850/2000] LR: 0.000064 | Train Loss: 0.002708 (Data: 0.00270, Mono: 0.00002) | Val MSE: 0.000056 (RMSE: 0.0075) 
2026-09-13 16:59:02,135 - INFO - Epoch [ 860/2000] LR: 0.000063 | Train Loss: 0.002847 (Data: 0.00284, Mono: 0.00003) | Val MSE: 0.000070 (RMSE: 0.0083) 
2026-09-13 16:59:02,453 - INFO - Epoch [ 870/2000] LR: 0.000062 | Train Loss: 0.002534 (Data: 0.00252, Mono: 0.00002) | Val MSE: 0.000061 (RMSE: 0.0078) 
2026-09-13 16:59:02,779 - INFO - Epoch [ 880/2000] LR: 0.000061 | Train Loss: 0.002636 (Data: 0.00263, Mono: 0.00002) | Val MSE: 0.000066 (RMSE: 0.0081) 
2026-09-13 16:59:03,096 - INFO - Epoch [ 890/2000] LR: 0.000061 | Train Loss: 0.002819 (Data: 0.00281, Mono: 0.00002) | Val MSE: 0.000060 (RMSE: 0.0077) 
2026-09-13 16:59:03,407 - INFO - Epoch [ 900/2000] LR: 0.000060 | Train Loss: 0.002651 (Data: 0.00264, Mono: 0.00002) | Val MSE: 0.000065 (RMSE: 0.0080) 
2026-09-13 16:59:03,724 - INFO - Epoch [ 910/2000] LR: 0.000059 | Train Loss: 0.002760 (Data: 0.00275, Mono: 0.00002) | Val MSE: 0.000057 (RMSE: 0.0075) 
2026-09-13 16:59:04,069 - INFO - Epoch [ 920/2000] LR: 0.000058 | Train Loss: 0.002560 (Data: 0.00255, Mono: 0.00002) | Val MSE: 0.000059 (RMSE: 0.0077) 
2026-09-13 16:59:04,413 - INFO - Epoch [ 930/2000] LR: 0.000057 | Train Loss: 0.002789 (Data: 0.00278, Mono: 0.00002) | Val MSE: 0.000067 (RMSE: 0.0082) 
2026-09-13 16:59:04,795 - INFO - Epoch [ 940/2000] LR: 0.000057 | Train Loss: 0.002538 (Data: 0.00253, Mono: 0.00002) | Val MSE: 0.000059 (RMSE: 0.0077) 
2026-09-13 16:59:05,144 - INFO - Epoch [ 950/2000] LR: 0.000056 | Train Loss: 0.002428 (Data: 0.00242, Mono: 0.00002) | Val MSE: 0.000069 (RMSE: 0.0083) 
2026-09-13 16:59:05,465 - INFO - Epoch [ 960/2000] LR: 0.000055 | Train Loss: 0.002543 (Data: 0.00253, Mono: 0.00003) | Val MSE: 0.000074 (RMSE: 0.0086) 
2026-09-13 16:59:05,767 - INFO - Epoch [ 970/2000] LR: 0.000054 | Train Loss: 0.002472 (Data: 0.00246, Mono: 0.00002) | Val MSE: 0.000056 (RMSE: 0.0075) 
2026-09-13 16:59:06,110 - INFO - Epoch [ 980/2000] LR: 0.000054 | Train Loss: 0.002670 (Data: 0.00266, Mono: 0.00002) | Val MSE: 0.000065 (RMSE: 0.0081) 
2026-09-13 16:59:06,444 - INFO - Epoch [ 990/2000] LR: 0.000053 | Train Loss: 0.002430 (Data: 0.00242, Mono: 0.00002) | Val MSE: 0.000079 (RMSE: 0.0089) 
2026-09-13 16:59:06,782 - INFO - Epoch [1000/2000] LR: 0.000052 | Train Loss: 0.002439 (Data: 0.00243, Mono: 0.00002) | Val MSE: 0.000072 (RMSE: 0.0085) 
2026-09-13 16:59:07,139 - INFO - Epoch [1010/2000] LR: 0.000051 | Train Loss: 0.002393 (Data: 0.00238, Mono: 0.00002) | Val MSE: 0.000057 (RMSE: 0.0076) 
2026-09-13 16:59:07,552 - INFO - Epoch [1020/2000] LR: 0.000050 | Train Loss: 0.002423 (Data: 0.00241, Mono: 0.00002) | Val MSE: 0.000068 (RMSE: 0.0082) 
2026-09-13 16:59:07,962 - INFO - Epoch [1030/2000] LR: 0.000050 | Train Loss: 0.002533 (Data: 0.00253, Mono: 0.00002) | Val MSE: 0.000076 (RMSE: 0.0087) 
2026-09-13 16:59:08,350 - INFO - Epoch [1040/2000] LR: 0.000049 | Train Loss: 0.002283 (Data: 0.00227, Mono: 0.00002) | Val MSE: 0.000089 (RMSE: 0.0094) 
2026-09-13 16:59:08,680 - INFO - Epoch [1050/2000] LR: 0.000048 | Train Loss: 0.002391 (Data: 0.00238, Mono: 0.00002) | Val MSE: 0.000092 (RMSE: 0.0096) 
2026-09-13 16:59:09,012 - INFO - Epoch [1060/2000] LR: 0.000047 | Train Loss: 0.002538 (Data: 0.00253, Mono: 0.00002) | Val MSE: 0.000061 (RMSE: 0.0078) 
2026-09-13 16:59:09,318 - INFO - Epoch [1070/2000] LR: 0.000046 | Train Loss: 0.002419 (Data: 0.00241, Mono: 0.00002) | Val MSE: 0.000068 (RMSE: 0.0082) 
2026-09-13 16:59:09,714 - INFO - Epoch [1080/2000] LR: 0.000046 | Train Loss: 0.002312 (Data: 0.00230, Mono: 0.00002) | Val MSE: 0.000070 (RMSE: 0.0083) 
2026-09-13 16:59:10,079 - INFO - Epoch [1090/2000] LR: 0.000045 | Train Loss: 0.002344 (Data: 0.00234, Mono: 0.00002) | Val MSE: 0.000077 (RMSE: 0.0088) 
2026-09-13 16:59:10,449 - INFO - Epoch [1100/2000] LR: 0.000044 | Train Loss: 0.002446 (Data: 0.00244, Mono: 0.00002) | Val MSE: 0.000064 (RMSE: 0.0080) 
2026-09-13 16:59:10,783 - INFO - Epoch [1110/2000] LR: 0.000043 | Train Loss: 0.002477 (Data: 0.00247, Mono: 0.00002) | Val MSE: 0.000093 (RMSE: 0.0096) 
2026-09-13 16:59:11,124 - INFO - Epoch [1120/2000] LR: 0.000043 | Train Loss: 0.002293 (Data: 0.00228, Mono: 0.00002) | Val MSE: 0.000068 (RMSE: 0.0082) 
2026-09-13 16:59:11,436 - INFO - Epoch [1130/2000] LR: 0.000042 | Train Loss: 0.002311 (Data: 0.00230, Mono: 0.00002) | Val MSE: 0.000081 (RMSE: 0.0090) 
2026-09-13 16:59:11,760 - INFO - Epoch [1140/2000] LR: 0.000041 | Train Loss: 0.002322 (Data: 0.00231, Mono: 0.00002) | Val MSE: 0.000078 (RMSE: 0.0088) 
2026-09-13 16:59:12,079 - INFO - Epoch [1150/2000] LR: 0.000040 | Train Loss: 0.002360 (Data: 0.00235, Mono: 0.00002) | Val MSE: 0.000115 (RMSE: 0.0107) 
2026-09-13 16:59:12,389 - INFO - Epoch [1160/2000] LR: 0.000040 | Train Loss: 0.002272 (Data: 0.00226, Mono: 0.00002) | Val MSE: 0.000087 (RMSE: 0.0094) 
2026-09-13 16:59:12,701 - INFO - Epoch [1170/2000] LR: 0.000039 | Train Loss: 0.002302 (Data: 0.00229, Mono: 0.00002) | Val MSE: 0.000074 (RMSE: 0.0086) 
2026-09-13 16:59:13,017 - INFO - Epoch [1180/2000] LR: 0.000038 | Train Loss: 0.002447 (Data: 0.00244, Mono: 0.00002) | Val MSE: 0.000063 (RMSE: 0.0079) 
2026-09-13 16:59:13,371 - INFO - Epoch [1190/2000] LR: 0.000037 | Train Loss: 0.002381 (Data: 0.00237, Mono: 0.00002) | Val MSE: 0.000071 (RMSE: 0.0084) 
2026-09-13 16:59:13,702 - INFO - Epoch [1200/2000] LR: 0.000036 | Train Loss: 0.002146 (Data: 0.00214, Mono: 0.00002) | Val MSE: 0.000077 (RMSE: 0.0088) 
2026-09-13 16:59:14,052 - INFO - Epoch [1210/2000] LR: 0.000036 | Train Loss: 0.002250 (Data: 0.00224, Mono: 0.00002) | Val MSE: 0.000088 (RMSE: 0.0094) 
2026-09-13 16:59:14,400 - INFO - Epoch [1220/2000] LR: 0.000035 | Train Loss: 0.002244 (Data: 0.00223, Mono: 0.00002) | Val MSE: 0.000071 (RMSE: 0.0084) 
2026-09-13 16:59:14,739 - INFO - Epoch [1230/2000] LR: 0.000034 | Train Loss: 0.002133 (Data: 0.00212, Mono: 0.00002) | Val MSE: 0.000079 (RMSE: 0.0089) 
2026-09-13 16:59:15,099 - INFO - Epoch [1240/2000] LR: 0.000034 | Train Loss: 0.002139 (Data: 0.00213, Mono: 0.00002) | Val MSE: 0.000085 (RMSE: 0.0092) 
2026-09-13 16:59:15,435 - INFO - Epoch [1250/2000] LR: 0.000033 | Train Loss: 0.002313 (Data: 0.00230, Mono: 0.00002) | Val MSE: 0.000084 (RMSE: 0.0091) 
2026-09-13 16:59:15,751 - INFO - Epoch [1260/2000] LR: 0.000032 | Train Loss: 0.002211 (Data: 0.00220, Mono: 0.00003) | Val MSE: 0.000071 (RMSE: 0.0084) 
2026-09-13 16:59:16,096 - INFO - Epoch [1270/2000] LR: 0.000031 | Train Loss: 0.002158 (Data: 0.00215, Mono: 0.00002) | Val MSE: 0.000092 (RMSE: 0.0096) 
2026-09-13 16:59:16,403 - INFO - Epoch [1280/2000] LR: 0.000031 | Train Loss: 0.002257 (Data: 0.00225, Mono: 0.00002) | Val MSE: 0.000069 (RMSE: 0.0083) 
2026-09-13 16:59:16,732 - INFO - Epoch [1290/2000] LR: 0.000030 | Train Loss: 0.002254 (Data: 0.00225, Mono: 0.00002) | Val MSE: 0.000087 (RMSE: 0.0093) 
2026-09-13 16:59:17,054 - INFO - Epoch [1300/2000] LR: 0.000029 | Train Loss: 0.002148 (Data: 0.00214, Mono: 0.00002) | Val MSE: 0.000066 (RMSE: 0.0081) 
2026-09-13 16:59:17,361 - INFO - Epoch [1310/2000] LR: 0.000028 | Train Loss: 0.002311 (Data: 0.00230, Mono: 0.00002) | Val MSE: 0.000081 (RMSE: 0.0090) 
2026-09-13 16:59:17,680 - INFO - Epoch [1320/2000] LR: 0.000028 | Train Loss: 0.002138 (Data: 0.00213, Mono: 0.00002) | Val MSE: 0.000081 (RMSE: 0.0090) 
2026-09-13 16:59:17,990 - INFO - Epoch [1330/2000] LR: 0.000027 | Train Loss: 0.002119 (Data: 0.00211, Mono: 0.00002) | Val MSE: 0.000074 (RMSE: 0.0086) 
2026-09-13 16:59:18,292 - INFO - Epoch [1340/2000] LR: 0.000026 | Train Loss: 0.002307 (Data: 0.00230, Mono: 0.00002) | Val MSE: 0.000086 (RMSE: 0.0092) 
2026-09-13 16:59:18,625 - INFO - Epoch [1350/2000] LR: 0.000026 | Train Loss: 0.002182 (Data: 0.00217, Mono: 0.00002) | Val MSE: 0.000079 (RMSE: 0.0089) 
2026-09-13 16:59:18,966 - INFO - Epoch [1360/2000] LR: 0.000025 | Train Loss: 0.002184 (Data: 0.00218, Mono: 0.00002) | Val MSE: 0.000079 (RMSE: 0.0089) 
2026-09-13 16:59:19,291 - INFO - Epoch [1370/2000] LR: 0.000024 | Train Loss: 0.002056 (Data: 0.00205, Mono: 0.00002) | Val MSE: 0.000085 (RMSE: 0.0092) 
2026-09-13 16:59:19,616 - INFO - Epoch [1380/2000] LR: 0.000024 | Train Loss: 0.002123 (Data: 0.00212, Mono: 0.00002) | Val MSE: 0.000072 (RMSE: 0.0085) 
2026-09-13 16:59:19,963 - INFO - Epoch [1390/2000] LR: 0.000023 | Train Loss: 0.002108 (Data: 0.00210, Mono: 0.00002) | Val MSE: 0.000072 (RMSE: 0.0085) 
2026-09-13 16:59:20,268 - INFO - Epoch [1400/2000] LR: 0.000022 | Train Loss: 0.002255 (Data: 0.00225, Mono: 0.00002) | Val MSE: 0.000070 (RMSE: 0.0083) 
2026-09-13 16:59:20,587 - INFO - Epoch [1410/2000] LR: 0.000022 | Train Loss: 0.002064 (Data: 0.00206, Mono: 0.00002) | Val MSE: 0.000071 (RMSE: 0.0084) 
2026-09-13 16:59:20,891 - INFO - Epoch [1420/2000] LR: 0.000021 | Train Loss: 0.002109 (Data: 0.00210, Mono: 0.00002) | Val MSE: 0.000075 (RMSE: 0.0087) 
2026-09-13 16:59:21,212 - INFO - Epoch [1430/2000] LR: 0.000021 | Train Loss: 0.002038 (Data: 0.00203, Mono: 0.00002) | Val MSE: 0.000086 (RMSE: 0.0093) 
2026-09-13 16:59:21,553 - INFO - Epoch [1440/2000] LR: 0.000020 | Train Loss: 0.002100 (Data: 0.00209, Mono: 0.00002) | Val MSE: 0.000077 (RMSE: 0.0088) 
2026-09-13 16:59:21,900 - INFO - Epoch [1450/2000] LR: 0.000019 | Train Loss: 0.002049 (Data: 0.00204, Mono: 0.00002) | Val MSE: 0.000081 (RMSE: 0.0090) 
2026-09-13 16:59:22,268 - INFO - Epoch [1460/2000] LR: 0.000019 | Train Loss: 0.002146 (Data: 0.00214, Mono: 0.00002) | Val MSE: 0.000074 (RMSE: 0.0086) 
2026-09-13 16:59:22,589 - INFO - Epoch [1470/2000] LR: 0.000018 | Train Loss: 0.001997 (Data: 0.00199, Mono: 0.00002) | Val MSE: 0.000082 (RMSE: 0.0091) 
2026-09-13 16:59:22,896 - INFO - Epoch [1480/2000] LR: 0.000018 | Train Loss: 0.002078 (Data: 0.00207, Mono: 0.00002) | Val MSE: 0.000094 (RMSE: 0.0097) 
2026-09-13 16:59:23,272 - INFO - Epoch [1490/2000] LR: 0.000017 | Train Loss: 0.002185 (Data: 0.00218, Mono: 0.00002) | Val MSE: 0.000079 (RMSE: 0.0089) 
2026-09-13 16:59:23,636 - INFO - Epoch [1500/2000] LR: 0.000016 | Train Loss: 0.002073 (Data: 0.00206, Mono: 0.00002) | Val MSE: 0.000079 (RMSE: 0.0089) 
2026-09-13 16:59:24,010 - INFO - Epoch [1510/2000] LR: 0.000016 | Train Loss: 0.002043 (Data: 0.00203, Mono: 0.00002) | Val MSE: 0.000077 (RMSE: 0.0088) 
2026-09-13 16:59:24,382 - INFO - Epoch [1520/2000] LR: 0.000015 | Train Loss: 0.002151 (Data: 0.00214, Mono: 0.00002) | Val MSE: 0.000075 (RMSE: 0.0087) 
2026-09-13 16:59:24,694 - INFO - Epoch [1530/2000] LR: 0.000015 | Train Loss: 0.002027 (Data: 0.00202, Mono: 0.00002) | Val MSE: 0.000078 (RMSE: 0.0088) 
2026-09-13 16:59:24,996 - INFO - Epoch [1540/2000] LR: 0.000014 | Train Loss: 0.002059 (Data: 0.00205, Mono: 0.00002) | Val MSE: 0.000080 (RMSE: 0.0089) 
2026-09-13 16:59:25,300 - INFO - Epoch [1550/2000] LR: 0.000014 | Train Loss: 0.002183 (Data: 0.00217, Mono: 0.00002) | Val MSE: 0.000081 (RMSE: 0.0090) 
2026-09-13 16:59:25,610 - INFO - Epoch [1560/2000] LR: 0.000013 | Train Loss: 0.002065 (Data: 0.00206, Mono: 0.00002) | Val MSE: 0.000076 (RMSE: 0.0087) 
2026-09-13 16:59:25,916 - INFO - Epoch [1570/2000] LR: 0.000013 | Train Loss: 0.002053 (Data: 0.00204, Mono: 0.00002) | Val MSE: 0.000074 (RMSE: 0.0086) 
2026-09-13 16:59:26,247 - INFO - Epoch [1580/2000] LR: 0.000012 | Train Loss: 0.002055 (Data: 0.00205, Mono: 0.00002) | Val MSE: 0.000077 (RMSE: 0.0088) 
2026-09-13 16:59:26,616 - INFO - Epoch [1590/2000] LR: 0.000012 | Train Loss: 0.001965 (Data: 0.00196, Mono: 0.00002) | Val MSE: 0.000085 (RMSE: 0.0092) 
2026-09-13 16:59:26,934 - INFO - Epoch [1600/2000] LR: 0.000011 | Train Loss: 0.002047 (Data: 0.00204, Mono: 0.00002) | Val MSE: 0.000088 (RMSE: 0.0094) 
2026-09-13 16:59:27,296 - INFO - Epoch [1610/2000] LR: 0.000011 | Train Loss: 0.002016 (Data: 0.00201, Mono: 0.00002) | Val MSE: 0.000084 (RMSE: 0.0092) 
2026-09-13 16:59:27,626 - INFO - Epoch [1620/2000] LR: 0.000010 | Train Loss: 0.002022 (Data: 0.00201, Mono: 0.00002) | Val MSE: 0.000081 (RMSE: 0.0090) 
2026-09-13 16:59:27,947 - INFO - Epoch [1630/2000] LR: 0.000010 | Train Loss: 0.002120 (Data: 0.00211, Mono: 0.00002) | Val MSE: 0.000078 (RMSE: 0.0088) 
2026-09-13 16:59:28,271 - INFO - Epoch [1640/2000] LR: 0.000009 | Train Loss: 0.002030 (Data: 0.00202, Mono: 0.00002) | Val MSE: 0.000076 (RMSE: 0.0087) 
2026-09-13 16:59:28,567 - INFO - Epoch [1650/2000] LR: 0.000009 | Train Loss: 0.002096 (Data: 0.00209, Mono: 0.00002) | Val MSE: 0.000080 (RMSE: 0.0090) 
2026-09-13 16:59:28,897 - INFO - Epoch [1660/2000] LR: 0.000009 | Train Loss: 0.002020 (Data: 0.00201, Mono: 0.00002) | Val MSE: 0.000082 (RMSE: 0.0091) 
2026-09-13 16:59:29,248 - INFO - Epoch [1670/2000] LR: 0.000008 | Train Loss: 0.001943 (Data: 0.00194, Mono: 0.00002) | Val MSE: 0.000076 (RMSE: 0.0087) 
2026-09-13 16:59:29,603 - INFO - Epoch [1680/2000] LR: 0.000008 | Train Loss: 0.002014 (Data: 0.00201, Mono: 0.00002) | Val MSE: 0.000091 (RMSE: 0.0095) 
2026-09-13 16:59:30,014 - INFO - Epoch [1690/2000] LR: 0.000007 | Train Loss: 0.002033 (Data: 0.00202, Mono: 0.00002) | Val MSE: 0.000087 (RMSE: 0.0093) 
2026-09-13 16:59:30,363 - INFO - Epoch [1700/2000] LR: 0.000007 | Train Loss: 0.001840 (Data: 0.00183, Mono: 0.00002) | Val MSE: 0.000081 (RMSE: 0.0090) 
2026-09-13 16:59:30,722 - INFO - Epoch [1710/2000] LR: 0.000007 | Train Loss: 0.002098 (Data: 0.00209, Mono: 0.00002) | Val MSE: 0.000081 (RMSE: 0.0090) 
2026-09-13 16:59:31,018 - INFO - Epoch [1720/2000] LR: 0.000006 | Train Loss: 0.002043 (Data: 0.00203, Mono: 0.00002) | Val MSE: 0.000081 (RMSE: 0.0090) 
2026-09-13 16:59:31,413 - INFO - Epoch [1730/2000] LR: 0.000006 | Train Loss: 0.002050 (Data: 0.00204, Mono: 0.00002) | Val MSE: 0.000081 (RMSE: 0.0090) 
2026-09-13 16:59:31,772 - INFO - Epoch [1740/2000] LR: 0.000006 | Train Loss: 0.002025 (Data: 0.00202, Mono: 0.00002) | Val MSE: 0.000075 (RMSE: 0.0086) 
2026-09-13 16:59:32,078 - INFO - Epoch [1750/2000] LR: 0.000005 | Train Loss: 0.002072 (Data: 0.00206, Mono: 0.00002) | Val MSE: 0.000089 (RMSE: 0.0094) 
2026-09-13 16:59:32,386 - INFO - Epoch [1760/2000] LR: 0.000005 | Train Loss: 0.002074 (Data: 0.00207, Mono: 0.00002) | Val MSE: 0.000080 (RMSE: 0.0090) 
2026-09-13 16:59:32,690 - INFO - Epoch [1770/2000] LR: 0.000005 | Train Loss: 0.001926 (Data: 0.00192, Mono: 0.00002) | Val MSE: 0.000082 (RMSE: 0.0091) 
2026-09-13 16:59:32,985 - INFO - Epoch [1780/2000] LR: 0.000005 | Train Loss: 0.001976 (Data: 0.00197, Mono: 0.00002) | Val MSE: 0.000079 (RMSE: 0.0089) 
2026-09-13 16:59:33,287 - INFO - Epoch [1790/2000] LR: 0.000004 | Train Loss: 0.001928 (Data: 0.00192, Mono: 0.00002) | Val MSE: 0.000078 (RMSE: 0.0088) 
2026-09-13 16:59:33,581 - INFO - Epoch [1800/2000] LR: 0.000004 | Train Loss: 0.002024 (Data: 0.00202, Mono: 0.00002) | Val MSE: 0.000083 (RMSE: 0.0091) 
2026-09-13 16:59:33,898 - INFO - Epoch [1810/2000] LR: 0.000004 | Train Loss: 0.002103 (Data: 0.00210, Mono: 0.00002) | Val MSE: 0.000084 (RMSE: 0.0092) 
2026-09-13 16:59:34,202 - INFO - Epoch [1820/2000] LR: 0.000004 | Train Loss: 0.001979 (Data: 0.00197, Mono: 0.00002) | Val MSE: 0.000079 (RMSE: 0.0089) 
2026-09-13 16:59:34,595 - INFO - Epoch [1830/2000] LR: 0.000003 | Train Loss: 0.002011 (Data: 0.00200, Mono: 0.00002) | Val MSE: 0.000089 (RMSE: 0.0094) 
2026-09-13 16:59:34,913 - INFO - Epoch [1840/2000] LR: 0.000003 | Train Loss: 0.001945 (Data: 0.00194, Mono: 0.00002) | Val MSE: 0.000080 (RMSE: 0.0090) 
2026-09-13 16:59:35,252 - INFO - Epoch [1850/2000] LR: 0.000003 | Train Loss: 0.001971 (Data: 0.00196, Mono: 0.00002) | Val MSE: 0.000085 (RMSE: 0.0092) 
2026-09-13 16:59:35,575 - INFO - Epoch [1860/2000] LR: 0.000003 | Train Loss: 0.002140 (Data: 0.00213, Mono: 0.00002) | Val MSE: 0.000086 (RMSE: 0.0093) 
2026-09-13 16:59:35,879 - INFO - Epoch [1870/2000] LR: 0.000003 | Train Loss: 0.001995 (Data: 0.00199, Mono: 0.00002) | Val MSE: 0.000085 (RMSE: 0.0092) 
2026-09-13 16:59:36,197 - INFO - Epoch [1880/2000] LR: 0.000002 | Train Loss: 0.001949 (Data: 0.00194, Mono: 0.00002) | Val MSE: 0.000083 (RMSE: 0.0091) 
2026-09-13 16:59:36,507 - INFO - Epoch [1890/2000] LR: 0.000002 | Train Loss: 0.001935 (Data: 0.00193, Mono: 0.00002) | Val MSE: 0.000082 (RMSE: 0.0091) 
2026-09-13 16:59:36,816 - INFO - Epoch [1900/2000] LR: 0.000002 | Train Loss: 0.001965 (Data: 0.00196, Mono: 0.00002) | Val MSE: 0.000082 (RMSE: 0.0091) 
2026-09-13 16:59:37,160 - INFO - Epoch [1910/2000] LR: 0.000002 | Train Loss: 0.002132 (Data: 0.00212, Mono: 0.00002) | Val MSE: 0.000079 (RMSE: 0.0089) 
2026-09-13 16:59:37,494 - INFO - Epoch [1920/2000] LR: 0.000002 | Train Loss: 0.001982 (Data: 0.00197, Mono: 0.00002) | Val MSE: 0.000083 (RMSE: 0.0091) 
2026-09-13 16:59:37,834 - INFO - Epoch [1930/2000] LR: 0.000002 | Train Loss: 0.001917 (Data: 0.00191, Mono: 0.00002) | Val MSE: 0.000084 (RMSE: 0.0092) 
2026-09-13 16:59:38,155 - INFO - Epoch [1940/2000] LR: 0.000002 | Train Loss: 0.002047 (Data: 0.00204, Mono: 0.00002) | Val MSE: 0.000083 (RMSE: 0.0091) 
2026-09-13 16:59:38,479 - INFO - Epoch [1950/2000] LR: 0.000002 | Train Loss: 0.002001 (Data: 0.00199, Mono: 0.00002) | Val MSE: 0.000081 (RMSE: 0.0090) 
2026-09-13 16:59:38,789 - INFO - Epoch [1960/2000] LR: 0.000002 | Train Loss: 0.001993 (Data: 0.00198, Mono: 0.00002) | Val MSE: 0.000082 (RMSE: 0.0091) 
2026-09-13 16:59:39,126 - INFO - Epoch [1970/2000] LR: 0.000002 | Train Loss: 0.001983 (Data: 0.00197, Mono: 0.00002) | Val MSE: 0.000083 (RMSE: 0.0091) 
2026-09-13 16:59:39,445 - INFO - Epoch [1980/2000] LR: 0.000002 | Train Loss: 0.002023 (Data: 0.00202, Mono: 0.00002) | Val MSE: 0.000083 (RMSE: 0.0091) 
2026-09-13 16:59:39,757 - INFO - Epoch [1990/2000] LR: 0.000002 | Train Loss: 0.002016 (Data: 0.00201, Mono: 0.00002) | Val MSE: 0.000082 (RMSE: 0.0091) 
2026-09-13 16:59:40,051 - INFO - Epoch [2000/2000] LR: 0.000002 | Train Loss: 0.002013 (Data: 0.00200, Mono: 0.00002) | Val MSE: 0.000084 (RMSE: 0.0092) 
2026-09-13 16:59:40,051 - INFO - Training completed in 68.51s. Loading best checkpoint from epoch 534 for final test evaluation...
2026-09-13 16:59:40,071 - INFO - ==================================================
2026-09-13 16:59:40,071 - INFO - Test Results for [XJTU] - [RW] (Best Epoch 534):
2026-09-13 16:59:40,071 - INFO -   Test RMSE: 0.010976
2026-09-13 16:59:40,071 - INFO -   Test MAE:  0.008822
2026-09-13 16:59:40,071 - INFO -   Test MAPE: 0.964388
2026-09-13 16:59:40,071 - INFO -   Test MSE:  0.000120
2026-09-13 16:59:40,071 - INFO - ==================================================
